t,x,y,z
18.828,-0.01095,-0.03273,-0.00482
19.068,-0.01005,-0.02936,-0.00635
19.268,-0.01026,-0.03289,-0.00526
19.464,-0.00992,-0.0423,-0.00453
19.668,-0.01056,-0.04677,-0.00506
19.868,-0.0094,-0.03252,-0.00504
20.068,-0.01003,-0.03279,-0.0056
20.264,-0.00663,-0.03993,-0.00233
20.468,-0.00434,-0.0294,-0.00197
20.664,-0.00284,-0.0254,-0.0022
20.864,-0.00285,-0.0257,-0.0025
21.064,-0.00154,-0.02434,-0.00267
21.264,-0.0022,-0.02502,-0.00235
21.496,-0.00315,-0.02922,-0.00245
21.728,-0.00361,-0.03268,-0.00273
21.928,-0.0062,-0.04263,-0.00364
22.132,-0.00623,-0.03842,-0.00272
22.328,-0.00547,-0.03677,-0.003
22.532,-0.00131,-0.02848,-0.00274
22.728,0.00064,-0.02201,-0.00298
22.964,0.00111,-0.02208,-0.00299
23.164,-0.00044,-0.02682,-0.00303
23.368,-0.00087,-0.03002,-0.00266
23.572,-0.00049,-0.02399,-0.00296
23.768,-0.00109,-0.02844,-0.0028
23.964,-0.00104,-0.02991,-0.00296
24.164,0.00046,-0.02637,-0.0029
24.368,0.00182,-0.02598,-0.00392
24.564,0.00294,-0.02328,-0.0034
24.768,-0.00141,-0.03002,-0.00291
24.964,-0.00216,-0.03433,-0.00322
25.168,-0.00024,-0.02882,-0.00271
25.368,-0.00092,-0.03179,-0.00288
25.568,-0.00074,-0.03155,-0.00309
25.768,-0.00144,-0.03483,-0.0032
25.968,-0.00214,-0.03729,-0.00371
26.164,-0.00285,-0.04048,-0.0034
26.368,-0.00394,-0.04339,-0.00275
26.564,-0.00586,-0.05169,-0.0034
26.764,-0.00751,-0.05626,-0.00378
26.972,-0.00786,-0.05861,-0.00367
27.164,-0.00978,-0.06406,-0.00327
27.368,-0.01001,-0.06949,-0.00413
27.568,-0.01098,-0.07266,-0.00444
27.768,-0.01064,-0.07313,-0.00487
27.968,-0.01141,-0.07319,-0.00477
28.168,-0.01144,-0.07467,-0.00525
28.368,-0.01266,-0.07998,-0.00537
28.568,-0.01343,-0.08187,-0.00568
28.768,-0.01446,-0.0867,-0.00585
28.964,-0.01593,-0.08988,-0.00639
29.168,-0.01466,-0.08501,-0.00613
29.396,-0.01443,-0.0871,-0.00631
29.628,-0.01301,-0.08384,-0.00668
29.828,-0.01456,-0.08918,-0.00681
30.028,-0.0176,-0.10061,-0.00745
30.228,-0.01804,-0.10166,-0.00745
30.428,-0.02178,-0.11353,-0.00748
30.628,-0.02826,-0.12666,-0.00775
30.828,-0.02836,-0.12159,-0.00597
31.028,-0.02875,-0.12212,-0.00688
31.228,-0.02906,-0.13202,-0.00623
31.428,-0.02871,-0.12928,-0.00685
31.628,-0.02858,-0.13049,-0.00713
31.832,-0.02917,-0.13811,-0.00764
32.028,-0.02857,-0.12927,-0.00779
32.228,-0.02818,-0.12847,-0.00757
32.432,-0.0282,-0.12501,-0.0072
32.628,-0.02696,-0.12768,-0.00714
32.828,-0.02698,-0.12468,-0.00628
33.028,-0.02701,-0.12285,-0.00604
33.228,-0.02652,-0.12446,-0.00584
33.428,-0.02675,-0.12344,-0.00551
33.628,-0.02731,-0.12818,-0.00463
33.828,-0.02788,-0.13026,-0.00355
34.028,-0.02759,-0.13064,-0.00254
34.228,-0.0275,-0.13045,-0.00188
34.428,-0.02725,-0.1298,-0.00105
34.628,-0.02776,-0.13263,-0.00105
34.832,-0.02664,-0.1295,0.00054
35.064,-0.0272,-0.12684,-0.00018
35.268,-0.02653,-0.12751,0.00081
35.464,-0.02713,-0.13233,0.00015
35.672,-0.0267,-0.13394,0.00117
35.868,-0.02832,-0.14139,0.00083
36.064,-0.02806,-0.14171,0.0016
36.268,-0.02757,-0.13814,0.00235
36.468,-0.02782,-0.13953,0.00197
36.664,-0.02789,-0.14021,0.00198
36.864,-0.02804,-0.14129,0.00296
37.068,-0.0278,-0.14109,0.00434
37.264,-0.02975,-0.13583,0.00292
37.464,-0.03278,-0.14396,0.00448
37.664,-0.03277,-0.14314,0.00462
37.864,-0.03175,-0.13276,0.00466
38.068,-0.03195,-0.13633,0.00514
38.268,-0.03138,-0.13501,0.00542
38.468,-0.03125,-0.13708,0.00647
38.664,-0.02796,-0.12219,0.006
38.864,-0.02853,-0.12363,0.00612
39.064,-0.02773,-0.11824,0.0051
39.264,-0.02763,-0.11617,0.00406
39.464,-0.0271,-0.11655,0.00284
39.668,-0.02806,-0.1157,0.00366
39.864,-0.02734,-0.1161,0.00313
40.064,-0.02749,-0.11664,0.00113
40.264,-0.0274,-0.11635,0.00446
40.464,-0.02987,-0.11155,0.00874
40.664,-0.02893,-0.11288,0.00819
40.868,-0.02384,-0.10421,-0.00095
41.072,-0.01744,-0.07848,-0.00138
41.272,-0.01713,-0.0772,-0.00226
41.468,-0.01832,-0.08197,-0.00376
41.664,-0.01754,-0.0783,-0.00263
41.868,-0.02434,-0.1102,-0.00446
42.068,-0.01691,-0.07595,-0.00416
42.264,-0.01647,-0.07482,-0.00446
42.464,-0.01647,-0.07529,-0.00323
42.668,-0.01699,-0.0776,-0.00404
42.868,-0.01706,-0.07843,-0.00427
43.064,-0.01584,-0.07402,-0.00386
43.264,-0.01652,-0.07692,-0.00468
43.468,-0.01655,-0.07658,-0.00391
43.664,-0.01619,-0.07598,-0.00369
43.872,-0.01661,-0.07721,-0.0039
44.068,-0.0165,-0.07094,-0.00487
44.272,-0.01701,-0.06948,-0.00332
44.468,-0.01653,-0.06814,-0.00353
44.664,-0.01614,-0.06703,-0.00319
44.868,-0.01612,-0.06743,-0.00333
45.068,-0.01655,-0.0689,-0.00359
45.268,-0.01734,-0.07241,-0.00358
45.464,-0.01663,-0.06934,-0.00424
45.668,-0.01679,-0.07107,-0.00356
45.928,-0.01775,-0.07468,-0.00342
46.128,-0.01827,-0.07736,-0.00404
46.328,-0.01655,-0.07069,-0.00298
46.528,-0.01887,-0.08163,-0.00335
46.728,-0.01846,-0.07954,-0.00348
46.928,-0.01777,-0.07611,-0.0043
47.128,-0.01717,-0.07419,-0.00371
47.328,-0.01691,-0.07281,-0.00452
47.528,-0.01636,-0.07196,-0.00343
47.728,-0.01655,-0.07239,-0.00459
47.928,-0.01707,-0.07547,-0.00353
48.128,0.02286,-0.13133,0.04913
48.328,0.1487,0.04292,0.46639
48.528,0.33286,0.13308,0.80663
48.728,0.59617,0.21273,0.99
48.928,0.68367,0.31656,1.37595
49.128,0.94309,0.30956,1.66611
49.328,1.12597,0.3585,2.02687
49.528,1.31586,0.41654,2.40609
49.728,1.49047,0.48959,2.80453
49.928,1.71091,0.54489,3.2051
50.128,1.92472,0.61034,3.62506
50.328,2.15426,0.67335,4.05752
50.528,2.39241,0.73756,4.50484
50.728,2.64096,0.80597,4.96753
50.928,2.8856,0.88041,5.44882
51.128,3.13213,0.95733,5.94863
51.328,3.36015,1.04856,6.47195
51.528,3.55459,1.15526,7.02066
51.732,3.7885,1.25616,7.58976
51.928,4.01164,1.36171,8.15535
52.128,4.2798,1.45886,8.73721
52.328,4.50005,1.56955,9.35099
52.528,4.72925,1.70317,9.97282
52.728,4.95528,1.81583,10.61332
52.928,5.23437,1.91647,11.26811
53.128,5.42837,2.04237,11.96599
53.328,5.63315,2.1978,12.66594
53.532,5.86288,2.34365,13.39761
53.728,6.12071,2.47452,14.10828
53.928,6.4131,2.61003,14.84781
54.128,6.68376,2.71628,15.61161
54.328,7.03125,2.77829,16.37545
54.528,7.29126,2.915,17.16659
54.728,7.48821,3.11287,17.98337
54.928,7.69769,3.28841,18.81122
55.128,7.88394,3.43947,19.66407
55.328,8.16977,3.58509,20.51612
55.528,8.42644,3.82386,21.39714
55.728,8.62697,3.97797,22.30881
55.928,8.85089,4.17425,23.2053
56.128,9.08645,4.38254,24.13299
56.328,9.459,4.55476,25.04927
56.528,9.75548,4.71025,25.99965
56.728,10.07883,4.8197,26.96221
56.932,10.41353,4.94045,27.96033
57.168,10.80666,5.09427,29.15583
57.368,11.05247,5.21871,30.20087
57.572,11.4271,5.49843,31.25002
57.764,11.68707,5.64521,32.25963
57.964,12.08346,5.76629,33.31051
58.168,12.45051,5.98327,34.40507
58.364,12.85049,6.26234,35.44911
58.568,13.2746,6.52784,36.56412
58.768,13.70997,6.82157,37.67377
58.964,14.16738,6.92076,38.7924
59.168,14.51331,7.04886,40.02296
59.364,15.37504,6.27064,41.17264
59.568,16.6185,4.16531,42.41114
59.764,17.25702,1.64368,42.0309
59.968,17.23695,-0.41803,42.07749
60.168,16.93447,-2.7541,42.08375
60.368,16.32224,-5.03653,42.08704
60.564,15.38717,-7.20436,42.08744
60.764,14.1468,-9.21109,42.08721
60.968,-1.35868,-40.57946,37.37212
61.168,-1.39904,-40.54286,37.40079
61.364,-1.46686,-40.47601,37.40706
61.564,-1.56216,-40.3448,37.40204
61.772,-1.6919,-40.1535,37.39052
61.968,-1.75767,-39.97948,37.37781
62.52,-1.77221,-39.45672,37.39605
62.72,-1.75933,-39.32159,37.39591
62.92,-1.81813,-39.23385,37.33654
63.12,-1.85396,-39.19096,37.32223
63.292,-1.89155,-39.11913,37.32273
63.52,-1.94677,-39.04074,37.32651
63.72,-1.9686,-39.01494,37.32905
63.92,-1.98982,-38.98987,37.32903
64.12,-1.9902,-38.99373,37.32534
64.32,-1.99485,-38.99237,37.32202
64.556,-1.9942,-38.99326,37.32007
64.756,-1.99507,-38.99238,37.32032
64.96,-1.99417,-38.99376,37.32088
65.156,-1.99442,-38.99384,37.32148
65.42,-1.99446,-38.99615,37.32228
65.62,-1.99364,-39.00001,37.32235
65.82,-1.99221,-39.00535,37.32158
66.02,-1.99035,-39.01081,37.32096
66.22,-1.99021,-39.01399,37.32091
66.42,-1.99041,-39.0156,37.32143
66.592,-1.99067,-39.01718,37.322
66.82,-1.99139,-39.01955,37.32214
67.02,-1.99186,-39.02249,37.32224
67.224,-1.99196,-39.02627,37.32241
67.42,-1.99159,-39.03008,37.32213
67.62,-1.99112,-39.03373,37.32229
67.82,-1.98991,-39.03753,37.32307
68.02,-1.98768,-39.04215,37.32296
68.22,-1.98371,-39.04709,37.32319
68.42,-1.97954,-39.05331,37.32276
68.62,-1.97478,-39.05875,37.32217
68.82,-1.97075,-39.0642,37.32186
69.02,-1.96663,-39.07247,37.32167
69.22,-1.9642,-39.0771,37.32122
69.42,-1.96387,-39.07865,37.32108
69.62,-1.96342,-39.08054,37.32176
69.82,-1.96349,-39.0816,37.32223
70.024,-1.96319,-39.08319,37.32206
70.256,-1.96376,-39.08305,37.32202
70.456,-1.96406,-39.08386,37.32218
70.656,-1.96404,-39.08445,37.32202
70.856,-1.96417,-39.08475,37.32193
71.056,-1.96421,-39.08492,37.32195
71.256,-1.96419,-39.08514,37.3221
71.456,-1.96428,-39.08515,37.32183
71.656,-1.96433,-39.08505,37.32177
71.856,-1.96416,-39.08471,37.32191
72.056,-1.96409,-39.08421,37.32196
72.256,-1.96386,-39.08372,37.32221
72.456,-1.96354,-39.0832,37.32276
72.656,-1.96303,-39.08264,37.32313
72.856,-1.96166,-39.08235,37.3232
73.056,-1.95971,-39.0827,37.32276
73.288,-1.95783,-39.08312,37.32187
73.52,-1.95783,-39.08313,37.32133
73.736,-1.95766,-39.08302,37.32123
73.936,-1.95761,-39.08308,37.32138
74.132,-1.95765,-39.0833,37.32181
74.356,-1.95759,-39.08326,37.32176
74.556,-1.95754,-39.08344,37.32201
74.756,-1.95761,-39.08369,37.32199
74.956,-1.95761,-39.08381,37.32201
75.156,-1.95755,-39.08378,37.32201
75.356,-1.95752,-39.08392,37.32215
75.556,-1.95752,-39.08436,37.32228
75.756,-1.95748,-39.08519,37.32222
75.956,-1.95748,-39.08606,37.32197
76.156,-1.95743,-39.08666,37.32172
76.356,-1.95742,-39.08684,37.32185
76.556,-1.95746,-39.08688,37.32207
76.756,-1.95747,-39.08709,37.32192
76.956,-1.9576,-39.08742,37.32202
77.156,-1.95749,-39.08761,37.32221
77.356,-1.95745,-39.08808,37.32243
77.556,-1.95709,-39.089,37.32277
77.756,-1.95516,-39.09186,37.32244
77.956,-1.95558,-39.09096,37.322
78.156,-1.95554,-39.09153,37.32197
78.356,-1.95564,-39.09191,37.32192
78.556,-1.95568,-39.092,37.32192
78.756,-1.95564,-39.09202,37.3221
78.956,-1.95558,-39.09196,37.32201
79.156,-1.95551,-39.09185,37.32214
79.356,-1.95548,-39.09179,37.32218
79.556,-1.95553,-39.09166,37.32201
79.756,-1.95543,-39.09163,37.32202
79.956,-1.95547,-39.09173,37.32208
80.156,-1.95556,-39.09165,37.32172
80.356,-1.95557,-39.0915,37.32158
80.556,-1.95557,-39.09155,37.3219
80.756,-1.95553,-39.09179,37.32215
80.956,-1.95543,-39.09175,37.32224
81.156,-1.95544,-39.09186,37.32222
81.356,-1.95503,-39.09211,37.32237
81.556,-1.95456,-39.09273,37.32244
81.756,-1.95265,-39.09535,37.32205
81.956,-1.95307,-39.09318,37.32195
82.156,-1.95296,-39.09319,37.32177
82.356,-1.95294,-39.09331,37.32195
82.556,-1.95283,-39.09342,37.3221
82.756,-1.95287,-39.09333,37.32197
82.956,-1.95287,-39.09342,37.32196
83.156,-1.95272,-39.09367,37.32206
83.42,-1.95276,-39.09353,37.32188
83.62,-1.95288,-39.09347,37.32183
83.856,-1.95291,-39.09325,37.32145
84.056,-1.95299,-39.09307,37.32134
84.256,-1.95274,-39.09339,37.32159
84.456,-1.95256,-39.09349,37.32225
84.656,-1.95249,-39.09402,37.32252
84.856,-1.95065,-39.09709,37.32251
85.056,-1.95059,-39.09714,37.32233
85.256,-1.94978,-39.09873,37.32179
85.456,-1.94922,-39.10004,37.32188
85.656,-1.94929,-39.10043,37.32217
85.856,-1.94929,-39.10048,37.32226
86.056,-1.94902,-39.1002,37.32211
86.26,-1.94886,-39.10019,37.32217
86.456,-1.94879,-39.10046,37.32221
86.656,-1.9486,-39.1008,37.32249
86.856,-1.94818,-39.10131,37.32209
87.056,-1.94817,-39.10102,37.32162
87.256,-1.94823,-39.10088,37.3215
87.456,-1.94809,-39.10064,37.32173
87.656,-1.94788,-39.10027,37.32208
87.856,-1.94753,-39.10003,37.32248
88.056,-1.94729,-39.09993,37.32281
88.256,-1.94665,-39.10009,37.32298
88.456,-1.94574,-39.10019,37.32262
88.656,-1.94507,-39.10031,37.32211
88.856,-1.945,-39.10039,37.32221
89.056,-1.94498,-39.10037,37.3223
89.256,-1.94496,-39.10016,37.32211
89.456,-1.94477,-39.09962,37.32182
89.656,-1.94467,-39.09943,37.32173
89.856,-1.94478,-39.09935,37.32164
90.056,-1.94465,-39.09927,37.32163
90.256,-1.94453,-39.0994,37.32174
90.456,-1.94445,-39.0995,37.32195
90.66,-1.94438,-39.09965,37.32219
90.892,-1.94412,-39.09963,37.32235
91.12,-1.9438,-39.10009,37.32247
91.32,-1.94347,-39.1006,37.32221
91.52,-1.94362,-39.10017,37.32143
91.72,-1.9438,-39.10017,37.32144
91.92,-1.94358,-39.10035,37.32186
92.12,-1.94363,-39.10041,37.32199
92.32,-1.94363,-39.10045,37.32197
92.556,-1.9435,-39.1006,37.32212
92.756,-1.94344,-39.10064,37.32236
92.956,-1.94357,-39.10087,37.32232
93.156,-1.94372,-39.10089,37.32224
93.356,-1.94373,-39.10077,37.32209
93.556,-1.9438,-39.10065,37.32191
93.82,-1.94363,-39.10082,37.32216
94.02,-1.94361,-39.10117,37.32258
94.22,-1.94307,-39.10189,37.32266
94.42,-1.94197,-39.10302,37.32216
94.624,-1.94109,-39.1041,37.32178
94.856,-1.94117,-39.10398,37.32174
95.056,-1.94114,-39.10405,37.32187
95.256,-1.94102,-39.10416,37.32205
95.456,-1.94099,-39.10413,37.3221
95.656,-1.9411,-39.10414,37.3221
95.892,-1.94132,-39.10424,37.32199
96.12,-1.94152,-39.10408,37.32177
96.32,-1.94145,-39.10378,37.3216
96.52,-1.94164,-39.10362,37.32137
96.72,-1.94145,-39.10344,37.32157
96.892,-1.94128,-39.10323,37.32192
97.12,-1.941,-39.10282,37.32237
97.32,-1.94064,-39.10244,37.32302
97.52,-1.93998,-39.10232,37.32322
97.72,-1.93879,-39.10222,37.32296
97.92,-1.93753,-39.10219,37.32284
98.12,-1.9369,-39.10219,37.32285
98.292,-1.93646,-39.10179,37.32281
98.52,-1.93647,-39.10052,37.32264
98.72,-1.93567,-39.10015,37.32314
98.92,-1.93461,-39.09946,37.32351
99.124,-1.93351,-39.09859,37.32353
99.356,-1.93124,-39.09892,37.32305
99.56,-1.92952,-39.09911,37.32245
99.756,-1.92883,-39.09902,37.32203
99.956,-1.92767,-39.09991,37.32167
100.156,-1.92858,-39.09836,37.32196
100.356,-1.92831,-39.09817,37.32215
100.588,-1.92827,-39.09796,37.32195
100.82,-1.92832,-39.09808,37.32175
100.992,-1.9282,-39.09833,37.32203
101.224,-1.92825,-39.09872,37.32243
101.456,-1.92778,-39.09958,37.32244
101.656,-1.9282,-39.09944,37.32247
101.856,-1.92826,-39.09989,37.32228
102.06,-1.92857,-39.10043,37.32178
102.256,-1.929,-39.10097,37.32153
102.456,-1.92901,-39.10127,37.32162
102.656,-1.92931,-39.10149,37.32153
102.856,-1.92926,-39.1017,37.32189
103.056,-1.92901,-39.10173,37.32215
103.256,-1.92888,-39.10161,37.32239
103.456,-1.92872,-39.10146,37.3229
103.668,-1.92842,-39.10122,37.32337
103.856,-1.92793,-39.10118,37.32335
104.056,-1.92725,-39.1012,37.32333
104.256,-1.92695,-39.10105,37.32287
104.46,-1.92635,-39.10109,37.32258
104.72,-1.92654,-39.09991,37.32254
104.92,-1.92635,-39.0997,37.32265
105.12,-1.92627,-39.09972,37.3226
105.32,-1.92615,-39.0998,37.32283
105.52,-1.92581,-39.10004,37.32276
105.72,-1.92546,-39.10023,37.32254
105.92,-1.92541,-39.10063,37.32275
106.156,-1.92479,-39.10139,37.32281
106.388,-1.92412,-39.10233,37.32237
106.592,-1.92381,-39.10248,37.32254
106.82,-1.92365,-39.10215,37.3226
107.02,-1.92353,-39.10161,37.32235
107.22,-1.92348,-39.10125,37.32199
107.42,-1.92336,-39.10087,37.32177
107.62,-1.92342,-39.10075,37.32195
107.82,-1.92318,-39.10037,37.32245
108.02,-1.92277,-39.09978,37.32309
108.22,-1.92232,-39.09907,37.32363
108.42,-1.92181,-39.09826,37.32408
108.656,-1.92,-39.09793,37.32395
108.856,-1.91852,-39.09735,37.32366
109.056,-1.91744,-39.09671,37.32389
109.26,-1.9163,-39.09628,37.32377
109.456,-1.91444,-39.09648,37.32326
109.656,-1.91362,-39.09639,37.32294
109.856,-1.91143,-39.0976,37.32314
110.06,-1.91315,-39.09574,37.32312
110.32,-1.91285,-39.0959,37.32295
110.492,-1.91293,-39.09613,37.32239
110.692,-1.91325,-39.09595,37.32176
110.944,-1.9129,-39.09566,37.32156
111.176,-1.91276,-39.09525,37.32196
111.396,-1.91235,-39.09449,37.32224
111.596,-1.91205,-39.09372,37.32238
111.796,-1.91105,-39.09331,37.32268
112.0,-1.91134,-39.09227,37.3228
112.196,-1.91109,-39.09195,37.323
112.396,-1.91096,-39.09181,37.32317
112.596,-1.91082,-39.09167,37.32302
112.796,-1.91081,-39.09154,37.32272
112.996,-1.91076,-39.09135,37.32257
113.196,-1.91069,-39.09128,37.32254
113.396,-1.9106,-39.09126,37.32278
113.604,-1.91022,-39.09156,37.3228
113.8,-1.90969,-39.09236,37.32231
113.996,-1.90944,-39.09296,37.32109
114.196,-1.90953,-39.09302,37.32031
114.396,-1.90979,-39.09297,37.32035
114.596,-1.90953,-39.093,37.32037
114.796,-1.90954,-39.09304,37.32037
114.996,-1.90944,-39.093,37.32059
115.196,-1.9094,-39.09298,37.32085
115.396,-1.90944,-39.093,37.32067
115.596,-1.90945,-39.093,37.32049
115.796,-1.90943,-39.09299,37.3206
115.996,-1.90937,-39.09297,37.32086
116.196,-1.90928,-39.09291,37.32098
116.396,-1.90937,-39.09298,37.32063
116.596,-1.90947,-39.09307,37.32052
116.8,-1.9095,-39.09307,37.3203
117.04,-1.90949,-39.09307,37.32038
117.24,-1.90959,-39.09314,37.32027
117.44,-1.90955,-39.09311,37.32032
117.64,-1.90952,-39.09307,37.32041
117.836,-1.90962,-39.09315,37.32023
118.044,-1.9096,-39.09314,37.32007
118.24,-1.90959,-39.09316,37.32013
118.432,-1.90955,-39.09312,37.32019
118.636,-1.90949,-39.09308,37.32015
118.836,-1.90953,-39.09314,37.32008
119.04,-1.90955,-39.09315,37.32009
119.236,-1.9098,-39.0932,37.3206
119.436,-1.9097,-39.09314,37.3209
119.64,-1.90931,-39.09329,37.32178
119.836,-1.90926,-39.09296,37.32257
120.04,-1.90911,-39.09289,37.32306
120.236,-1.90898,-39.09276,37.32329
120.44,-1.90882,-39.09265,37.32383
120.636,-1.90855,-39.09278,37.32421
120.836,-1.90783,-39.09371,37.32411
121.04,-1.90681,-39.09511,37.32396
121.24,-1.90613,-39.09702,37.32353
121.436,-1.90491,-39.09888,37.3232
121.636,-1.90384,-39.10046,37.32274
121.836,-1.90406,-39.10136,37.32266
122.04,-1.90417,-39.10165,37.32292
122.24,-1.90453,-39.10254,37.32294
122.44,-1.90495,-39.10364,37.32314
122.64,-1.90547,-39.10461,37.32338
122.84,-1.90532,-39.10654,37.32361
123.036,-1.90419,-39.10901,37.32335
123.24,-1.90467,-39.10979,37.32292
123.436,-1.90465,-39.11072,37.32286
123.64,-1.90482,-39.11144,37.32317
123.836,-1.90483,-39.11198,37.32315
124.044,-1.9051,-39.11206,37.32335
124.24,-1.905,-39.11227,37.32351
124.436,-1.90497,-39.11242,37.32333
124.636,-1.90502,-39.11286,37.32329
124.836,-1.90526,-39.11332,37.32294
125.04,-1.90564,-39.11401,37.32276
125.232,-1.90572,-39.11484,37.32343
125.436,-1.90556,-39.11621,37.32336
125.636,-1.9052,-39.11765,37.32308
125.836,-1.9055,-39.1191,37.32286
126.04,-1.90588,-39.12009,37.32296
126.24,-1.90631,-39.12046,37.32291
126.436,-1.90595,-39.12127,37.32292
126.64,-1.90645,-39.12095,37.32281
126.84,-1.90662,-39.12116,37.32287
127.036,-1.90634,-39.12126,37.32338
127.236,-1.90621,-39.12144,37.32369
127.436,-1.90579,-39.12221,37.32388
127.636,-1.90469,-39.12326,37.324
127.84,-1.90324,-39.12484,37.32363
128.04,-1.90159,-39.12637,37.32316
128.24,-1.9006,-39.12751,37.32272
128.436,-1.9006,-39.12807,37.32308
128.636,-1.90053,-39.12848,37.32348
128.836,-1.90005,-39.1291,37.32373
129.04,-1.89938,-39.12996,37.32357
129.236,-1.89818,-39.13169,37.32345
129.436,-1.89713,-39.13406,37.32286
129.64,-1.89669,-39.1358,37.3227
129.836,-1.89696,-39.13655,37.32268
130.04,-1.89708,-39.13702,37.32266
130.236,-1.89708,-39.13718,37.32294
130.44,-1.89717,-39.13723,37.32347
130.64,-1.89696,-39.13728,37.32368
130.84,-1.89682,-39.13743,37.32376
131.036,-1.89663,-39.13778,37.32363
131.24,-1.89663,-39.13801,37.32358
131.436,-1.89636,-39.13849,37.32367
131.636,-1.89589,-39.1393,37.32373
131.84,-1.89528,-39.1406,37.3235
132.04,-1.89461,-39.14218,37.32366
132.244,-1.89342,-39.14402,37.32369
132.444,-1.89143,-39.14693,37.32327
132.64,-1.89251,-39.14662,37.32279
132.836,-1.89292,-39.14753,37.32249
133.04,-1.89318,-39.14814,37.32242
133.244,-1.89333,-39.14867,37.32241
133.44,-1.8935,-39.14921,37.32237
133.636,-1.89357,-39.1498,37.32296
133.84,-1.8937,-39.15044,37.3234
134.048,-1.89357,-39.15133,37.32349
134.24,-1.89319,-39.15225,37.3237
134.44,-1.89302,-39.15259,37.32352
134.64,-1.89293,-39.15296,37.3234
134.844,-1.89304,-39.15346,37.32313
135.04,-1.89326,-39.15416,37.32321
135.24,-1.89362,-39.15471,37.32271
135.44,-1.89436,-39.15474,37.32202
135.64,-1.89418,-39.15497,37.32225
135.84,-1.89421,-39.15505,37.32234
136.036,-1.89429,-39.15528,37.32235
136.244,-1.89427,-39.15564,37.32265
136.436,-1.89431,-39.15584,37.32269
136.636,-1.89444,-39.15602,37.32276
136.84,-1.89446,-39.15618,37.32312
137.044,-1.89424,-39.15625,37.32348
137.24,-1.89399,-39.15666,37.32347
137.44,-1.89369,-39.15716,37.32312
137.64,-1.89373,-39.15743,37.32276
137.84,-1.8937,-39.15746,37.32285
138.036,-1.89368,-39.15741,37.32296
138.236,-1.89359,-39.15721,37.32295
138.436,-1.89355,-39.15702,37.32288
138.64,-1.89338,-39.15698,37.32301
138.84,-1.89329,-39.15667,37.32349
139.036,-1.89294,-39.15649,37.32339
139.236,-1.89302,-39.1564,37.323
139.436,-1.89298,-39.15635,37.32256
139.644,-1.89302,-39.15641,37.32278
139.836,-1.89315,-39.15661,37.32258
140.04,-1.89314,-39.15669,37.32266
140.236,-1.89308,-39.15679,37.32309
140.44,-1.89301,-39.15681,37.32319
140.636,-1.89298,-39.15665,37.32319
140.84,-1.89289,-39.1566,37.32325
141.04,-1.89283,-39.15664,37.32345
141.236,-1.8925,-39.15673,37.32331
141.44,-1.89204,-39.15692,37.32325
141.64,-1.89173,-39.1571,37.32318
141.836,-1.89133,-39.15725,37.32324
142.04,-1.89102,-39.1574,37.32315
142.24,-1.89082,-39.15747,37.323
142.44,-1.8908,-39.15734,37.32277
142.636,-1.89082,-39.15751,37.32297
142.836,-1.89086,-39.15773,37.32293
143.036,-1.89076,-39.15809,37.32291
143.24,-1.89097,-39.15785,37.32297
143.436,-1.89075,-39.15759,37.3232
143.696,-1.89056,-39.15724,37.32336
143.896,-1.89041,-39.15694,37.32367
144.096,-1.89001,-39.15653,37.3236
144.296,-1.88927,-39.15632,37.32327
144.496,-1.88914,-39.15608,37.32296
144.7,-1.88914,-39.15599,37.3228
144.896,-1.8892,-39.15613,37.32302
145.096,-1.8891,-39.15623,37.32306
145.3,-1.8892,-39.15644,37.32312
145.496,-1.88925,-39.15662,37.3231
145.696,-1.88931,-39.15683,37.32306
145.896,-1.88943,-39.15706,37.32294
146.096,-1.88947,-39.15732,37.32304
146.296,-1.88961,-39.15768,37.32295
146.5,-1.88957,-39.15791,37.32332
146.696,-1.88963,-39.15824,37.32357
146.896,-1.88967,-39.1587,37.32367
147.1,-1.88978,-39.15926,37.32361
147.296,-1.88972,-39.16007,37.32354
147.496,-1.88949,-39.16116,37.32354
147.7,-1.8897,-39.16123,37.32349
147.896,-1.88971,-39.16131,37.32349
148.096,-1.88983,-39.16134,37.32317
148.296,-1.88983,-39.16126,37.32297
148.496,-1.88972,-39.16114,37.32328
148.696,-1.88926,-39.16176,37.32371
148.9,-1.88951,-39.16104,37.3239
149.096,-1.88944,-39.16117,37.32405
149.296,-1.88926,-39.16152,37.32417
149.496,-1.88891,-39.16224,37.3239
149.696,-1.8883,-39.16317,37.32379
149.896,-1.88766,-39.16413,37.32384
150.096,-1.88717,-39.16488,37.32358
150.296,-1.88678,-39.16549,37.32353
150.496,-1.8868,-39.16558,37.32364
150.696,-1.88676,-39.16572,37.32379
150.896,-1.88646,-39.16621,37.32407
151.1,-1.88557,-39.16737,37.32382
151.296,-1.8853,-39.16724,37.32341
151.5,-1.88531,-39.16702,37.3231
151.696,-1.88513,-39.16693,37.3234
151.896,-1.88511,-39.16689,37.32359
152.096,-1.88506,-39.16693,37.32365
152.296,-1.88499,-39.16732,37.32383
152.496,-1.88479,-39.16732,37.32364
152.696,-1.8845,-39.16689,37.3242
152.896,-1.88384,-39.16675,37.32426
153.096,-1.88272,-39.16717,37.32428
153.296,-1.88121,-39.16792,37.32384
153.496,-1.88017,-39.16855,37.32387
153.696,-1.87884,-39.16916,37.32425
153.896,-1.87699,-39.17067,37.32417
154.096,-1.87611,-39.17054,37.32412
154.296,-1.87518,-39.17144,37.324
154.496,-1.87445,-39.17224,37.32405
154.696,-1.87391,-39.17321,37.32374
154.896,-1.87299,-39.17336,37.324
155.096,-1.87284,-39.17333,37.32435
155.296,-1.87225,-39.17408,37.32436
155.496,-1.87188,-39.17424,37.32444
155.696,-1.87089,-39.17483,37.32472
155.896,-1.86962,-39.17559,37.32479
156.096,-1.86768,-39.17673,37.32492
156.296,-1.8651,-39.17842,37.32448
156.496,-1.86288,-39.18021,37.32397
156.7,-1.86141,-39.18143,37.32374
156.904,-1.86158,-39.18205,37.32364
157.096,-1.86196,-39.18285,37.32377
157.336,-1.86196,-39.18345,37.32412
157.544,-1.86183,-39.18367,37.32436
157.736,-1.86172,-39.18359,37.32437
157.94,-1.8616,-39.18341,37.32434
158.136,-1.86158,-39.18348,37.32431
158.336,-1.86178,-39.18365,37.32407
158.54,-1.86188,-39.18395,37.32399
158.736,-1.86211,-39.1845,37.32397
158.94,-1.86226,-39.18494,37.324
159.14,-1.86241,-39.18531,37.32418
159.344,-1.86248,-39.18526,37.3241
159.544,-1.86238,-39.18491,37.32404
159.736,-1.86221,-39.1844,37.32383
159.94,-1.86238,-39.18382,37.3238
160.14,-1.86205,-39.18365,37.3239
160.336,-1.86189,-39.18328,37.32397
160.536,-1.86182,-39.18302,37.32396
160.74,-1.86168,-39.18263,37.32383
160.936,-1.86143,-39.18226,37.32391
161.136,-1.86123,-39.18184,37.32422
161.34,-1.86107,-39.18147,37.32422
161.54,-1.86091,-39.18105,37.32441
161.736,-1.8608,-39.18076,37.3245
161.94,-1.86069,-39.18048,37.32465
162.144,-1.86059,-39.18032,37.32467
162.34,-1.86053,-39.18011,37.32458
162.544,-1.86037,-39.17992,37.32448
162.744,-1.86023,-39.17988,37.32461
162.936,-1.85976,-39.18078,37.32445
163.136,-1.86044,-39.18011,37.32432
163.336,-1.86041,-39.18003,37.32386
163.54,-1.8605,-39.17992,37.32348
163.736,-1.86037,-39.17969,37.32356
163.936,-1.86028,-39.1797,37.3241
164.14,-1.8602,-39.17987,37.32427
164.34,-1.86036,-39.1801,37.32416
164.54,-1.86038,-39.18013,37.32385
164.74,-1.86055,-39.1803,37.32351
164.94,-1.86076,-39.18061,37.32335
165.14,-1.86086,-39.18082,37.32334
165.34,-1.86078,-39.18082,37.32373
165.54,-1.86066,-39.18058,37.32382
165.736,-1.86048,-39.18017,37.32388
165.94,-1.86029,-39.17983,37.32415
166.136,-1.86019,-39.17958,37.32433
166.336,-1.85995,-39.17924,37.32462
166.54,-1.85998,-39.17901,37.32449
166.736,-1.85986,-39.17873,37.32451
166.94,-1.85967,-39.17839,37.32475
167.14,-1.85957,-39.17815,37.32466
167.336,-1.85945,-39.1781,37.32477
167.536,-1.85925,-39.17828,37.32479
167.74,-1.85896,-39.17868,37.32488
167.936,-1.85837,-39.17959,37.32471
168.136,-1.85739,-39.18077,37.32452
168.332,-1.85686,-39.1818,37.32417
168.536,-1.85684,-39.18195,37.32419
168.74,-1.85687,-39.18208,37.32435
168.944,-1.85684,-39.18225,37.32462
169.14,-1.85547,-39.18434,37.32471
169.336,-1.85645,-39.18342,37.32452
169.536,-1.8566,-39.18423,37.32457
169.74,-1.85665,-39.18479,37.32458
169.936,-1.85679,-39.18519,37.32441
170.14,-1.85699,-39.18565,37.32434
170.34,-1.8572,-39.18614,37.32449
170.536,-1.85734,-39.18654,37.3242
170.74,-1.85749,-39.18705,37.32434
170.94,-1.85757,-39.18774,37.32466
171.14,-1.85746,-39.1883,37.32444
171.336,-1.85747,-39.18856,37.32429
171.536,-1.85748,-39.1887,37.32432
171.74,-1.85753,-39.18896,37.32462
171.936,-1.85758,-39.18917,37.32452
172.136,-1.85762,-39.18924,37.32429
172.336,-1.85775,-39.18928,37.32392
172.536,-1.85758,-39.18896,37.32414
172.744,-1.8573,-39.18878,37.32473
172.936,-1.85736,-39.18886,37.32481
173.14,-1.85706,-39.18915,37.32465
173.332,-1.85508,-39.19166,37.32495
173.54,-1.85619,-39.19055,37.32482
173.74,-1.85554,-39.19112,37.32511
173.94,-1.85408,-39.19232,37.3249
174.14,-1.85215,-39.19397,37.32499
174.336,-1.84919,-39.19684,37.32459
174.536,-1.84784,-39.19774,37.32401
174.74,-1.84744,-39.19838,37.32329
174.936,-1.84763,-39.19852,37.32308
175.136,-1.84751,-39.19847,37.32337
175.332,-1.84714,-39.19848,37.32417
175.54,-1.84694,-39.19815,37.32479
175.74,-1.84675,-39.1981,37.32503
175.94,-1.84626,-39.19827,37.32498
176.136,-1.84572,-39.19863,37.32502
176.336,-1.84491,-39.19918,37.32516
176.536,-1.84364,-39.19967,37.32514
176.736,-1.84217,-39.20048,37.3252
176.94,-1.83764,-39.20474,37.32517
177.136,-1.83893,-39.20264,37.32443
177.336,-1.8382,-39.2032,37.32443
177.536,-1.83815,-39.20403,37.32402
177.744,-1.8382,-39.20473,37.32377
177.936,-1.83875,-39.2045,37.32392
178.136,-1.83861,-39.20469,37.32427
178.34,-1.83851,-39.20482,37.32483
178.536,-1.83807,-39.20504,37.32538
178.764,-1.83714,-39.2058,37.32589
178.996,-1.8352,-39.20724,37.32561
179.196,-1.83294,-39.20916,37.32543
179.396,-1.83125,-39.21074,37.32483
179.596,-1.82915,-39.21315,37.32457
179.776,-1.82606,-39.21635,37.32489
179.996,-1.8272,-39.21514,37.32509
180.196,-1.82608,-39.2159,37.32525
180.396,-1.82538,-39.21688,37.32442
180.6,-1.82472,-39.21795,37.32445
180.796,-1.82401,-39.21965,37.32453
180.996,-1.82506,-39.21918,37.32429
181.196,-1.82527,-39.21969,37.3241
181.396,-1.82547,-39.21977,37.32389
181.596,-1.82557,-39.22009,37.32401
181.8,-1.82548,-39.22046,37.32442
181.996,-1.82543,-39.22083,37.32467
182.2,-1.82569,-39.2213,37.32455
182.396,-1.82609,-39.22174,37.32425
182.596,-1.82635,-39.22222,37.32411
182.796,-1.82636,-39.22252,37.324
182.996,-1.82651,-39.2225,37.32377
183.196,-1.82631,-39.22215,37.3236
183.396,-1.82606,-39.22163,37.32397
183.596,-1.8256,-39.22088,37.32442
183.796,-1.82512,-39.22032,37.32491
183.996,-1.82481,-39.21987,37.32526
184.196,-1.82451,-39.21947,37.32544
184.4,-1.82409,-39.21935,37.32573
184.596,-1.82369,-39.21954,37.32563
184.796,-1.8228,-39.22047,37.32536
184.996,-1.82144,-39.22158,37.32515
185.196,-1.82003,-39.22304,37.32493
185.396,-1.81914,-39.22384,37.32459
185.596,-1.81874,-39.22501,37.32413
185.796,-1.81918,-39.22578,37.32402
185.996,-1.81952,-39.22649,37.3237
186.196,-1.81974,-39.22733,37.32379
186.396,-1.82003,-39.22766,37.32416
186.596,-1.82002,-39.22777,37.32442
186.8,-1.81979,-39.2277,37.32493
186.996,-1.81941,-39.2276,37.32547
187.196,-1.81916,-39.22763,37.32531
187.396,-1.8191,-39.22747,37.32527
187.596,-1.81888,-39.227,37.32515
187.796,-1.81867,-39.22641,37.32501
187.996,-1.81849,-39.22572,37.32467
188.196,-1.81818,-39.22484,37.32458
188.396,-1.81785,-39.22416,37.32444
188.596,-1.81751,-39.22362,37.32475
188.796,-1.81742,-39.22329,37.32496
188.968,-1.81731,-39.22303,37.32508
189.196,-1.8171,-39.22278,37.32521
189.4,-1.81696,-39.2226,37.32544
189.6,-1.81655,-39.22239,37.32563
189.796,-1.81553,-39.22232,37.32573
189.996,-1.81402,-39.22253,37.3257
190.196,-1.81183,-39.22306,37.32564
190.396,-1.80901,-39.22409,37.325
190.596,-1.80729,-39.22483,37.32398
190.796,-1.80643,-39.22572,37.324
190.996,-1.80676,-39.22534,37.32425
191.196,-1.80664,-39.22515,37.32459
191.396,-1.80648,-39.22506,37.32493
191.596,-1.80641,-39.22504,37.32488
191.796,-1.80636,-39.22509,37.3251
191.996,-1.80634,-39.2252,37.32515
192.196,-1.80633,-39.22533,37.32493
192.396,-1.80628,-39.22508,37.32474
192.596,-1.80609,-39.22474,37.32475
192.796,-1.8036,-39.22634,37.32537
192.996,-1.80563,-39.22432,37.3256
193.196,-1.80479,-39.22466,37.32554
193.396,-1.80355,-39.22535,37.32545
193.596,-1.80223,-39.22625,37.32503
193.796,-1.80126,-39.22682,37.32459
193.996,-1.801,-39.22734,37.32468
194.196,-1.8012,-39.22704,37.32463
194.396,-1.80137,-39.22705,37.32435
194.596,-1.80137,-39.22687,37.32435
194.796,-1.80111,-39.22669,37.32477
194.996,-1.8009,-39.22612,37.32477
195.196,-1.80083,-39.22564,37.32433
195.396,-1.80033,-39.22556,37.32458
195.596,-1.8003,-39.22486,37.32516
195.796,-1.80003,-39.22451,37.32563
195.996,-1.79924,-39.22428,37.32599
196.196,-1.79825,-39.22437,37.3256
196.396,-1.79693,-39.22487,37.32489
196.596,-1.7967,-39.22486,37.32461
196.796,-1.79657,-39.22454,37.32448
196.996,-1.7964,-39.22423,37.32429
197.2,-1.79627,-39.22397,37.32467
197.396,-1.7962,-39.22373,37.32483
197.636,-1.79601,-39.22353,37.32541
197.836,-1.79572,-39.22348,37.32592
198.044,-1.7949,-39.22356,37.326
198.24,-1.79329,-39.22348,37.32601
198.432,-1.79125,-39.22325,37.3259
198.636,-1.78997,-39.22226,37.32557
198.84,-1.78678,-39.22172,37.32488
199.04,-1.78487,-39.22067,37.32445
199.236,-1.78392,-39.21941,37.32461
199.436,-1.78322,-39.21808,37.32479
199.644,-1.78271,-39.21697,37.3246
199.84,-1.78219,-39.21611,37.32443
200.04,-1.78182,-39.21537,37.32431
200.236,-1.78142,-39.21466,37.32441
200.44,-1.78098,-39.21385,37.32445
200.648,-1.78047,-39.21309,37.32416
200.84,-1.77981,-39.21307,37.32431
201.04,-1.77977,-39.213,37.3245
201.248,-1.77978,-39.21293,37.32428
201.44,-1.7799,-39.21293,37.32421
201.644,-1.77965,-39.21269,37.32423
201.84,-1.77955,-39.21239,37.3243
202.04,-1.77933,-39.21194,37.32433
202.236,-1.77879,-39.21132,37.32466
202.436,-1.7782,-39.21071,37.32476
202.644,-1.77737,-39.20988,37.32439
202.844,-1.77693,-39.2091,37.32411
203.036,-1.77675,-39.20874,37.32421
203.24,-1.77654,-39.2085,37.32425
203.436,-1.77645,-39.20836,37.32413
203.64,-1.77651,-39.20842,37.3239
203.84,-1.77647,-39.20842,37.32387
204.04,-1.77606,-39.20847,37.32381
204.24,-1.77647,-39.20839,37.32336
204.44,-1.77659,-39.20844,37.3233
204.644,-1.77654,-39.20842,37.3235
204.84,-1.77648,-39.20837,37.32368
205.04,-1.7764,-39.20833,37.32367
205.248,-1.77651,-39.20838,37.32339
205.436,-1.77663,-39.20849,37.32326
205.64,-1.77638,-39.20837,37.32361
205.84,-1.77604,-39.20836,37.32382
206.036,-1.77554,-39.20851,37.32381
206.24,-1.775,-39.20891,37.32354
206.436,-1.77398,-39.20937,37.32309
206.64,-1.77484,-39.20901,37.32327
206.836,-1.77475,-39.20899,37.32353
207.04,-1.77478,-39.20903,37.32348
207.248,-1.7747,-39.20903,37.32332
207.496,-1.77464,-39.20897,37.32354
207.696,-1.77461,-39.20899,37.32352
207.896,-1.77475,-39.20906,37.32337
208.096,-1.77461,-39.209,37.32346
208.296,-1.77454,-39.209,37.3237
208.496,-1.77405,-39.20909,37.32406
208.696,-1.77244,-39.20955,37.3238
208.896,-1.77174,-39.21006,37.32339
209.096,-1.77145,-39.21023,37.32336
209.296,-1.77128,-39.21027,37.32346
209.5,-1.77071,-39.21037,37.32377
209.696,-1.7696,-39.21083,37.32359
209.896,-1.76863,-39.21158,37.32332
210.096,-1.76783,-39.21221,37.32304
210.296,-1.76712,-39.21245,37.32308
210.496,-1.76697,-39.21251,37.32317
210.696,-1.76694,-39.21256,37.32319
210.896,-1.76652,-39.21273,37.32341
211.096,-1.76552,-39.21312,37.32353
211.296,-1.76423,-39.21396,37.32346
211.496,-1.76149,-39.21469,37.3233
211.7,-1.76038,-39.21582,37.32317
211.9,-1.75859,-39.21664,37.32337
212.096,-1.75622,-39.21758,37.32329
212.304,-1.75394,-39.21878,37.32306
212.504,-1.75176,-39.21994,37.32314
212.696,-1.74899,-39.22096,37.32323
212.896,-1.7462,-39.2222,37.32305
213.096,-1.74383,-39.2234,37.32277
213.3,-1.74161,-39.22421,37.32285
213.496,-1.73987,-39.22496,37.32305
213.696,-1.73773,-39.22556,37.32343
213.896,-1.7356,-39.22648,37.32355
214.096,-1.73276,-39.22756,37.32333
214.308,-1.73068,-39.2284,37.32292
214.54,-1.72896,-39.22907,37.32315
214.744,-1.72769,-39.22944,37.32336
214.944,-1.72626,-39.22964,37.32363
215.14,-1.72508,-39.23009,37.32352
215.344,-1.72388,-39.23073,37.3232
215.54,-1.72327,-39.23101,37.32289
215.736,-1.72313,-39.23113,37.32285
215.936,-1.72282,-39.23092,37.32333
216.144,-1.72249,-39.23085,37.32349
216.348,-1.72188,-39.23106,37.32337
216.544,-1.72109,-39.23129,37.32341
216.74,-1.72029,-39.23156,37.32352
216.948,-1.71913,-39.23199,37.32368
217.152,-1.71787,-39.23208,37.32368
217.396,-1.71725,-39.23245,37.32374
217.596,-1.71657,-39.23266,37.3237
217.796,-1.71634,-39.23263,37.32397
217.996,-1.7163,-39.23251,37.32452
218.196,-1.71606,-39.23253,37.3244
218.396,-1.71568,-39.23266,37.32427
218.596,-1.71518,-39.23277,37.3243
218.796,-1.7148,-39.23287,37.32434
219.0,-1.71459,-39.23308,37.32385
219.196,-1.71495,-39.23314,37.32362
219.396,-1.71548,-39.23297,37.3235
219.596,-1.71621,-39.23279,37.32328
219.8,-1.71677,-39.23259,37.3233
219.996,-1.71719,-39.23245,37.32352
220.2,-1.7175,-39.23226,37.32349
220.4,-1.71787,-39.23219,37.32362
220.596,-1.71817,-39.23216,37.32325
220.796,-1.71895,-39.23217,37.32294
220.996,-1.71966,-39.23198,37.3229
221.196,-1.7204,-39.23182,37.32316
221.396,-1.72085,-39.23148,37.32334
221.596,-1.72125,-39.23112,37.32382
221.796,-1.72154,-39.23095,37.32379
221.996,-1.72157,-39.23101,37.32369
222.196,-1.72138,-39.23099,37.32382
222.396,-1.72142,-39.23103,37.32371
222.596,-1.72159,-39.23096,37.3237
222.796,-1.72194,-39.23077,37.32381
222.996,-1.72266,-39.23061,37.3238
223.2,-1.72359,-39.23055,37.3232
223.396,-1.72421,-39.2303,37.32319
223.572,-1.72449,-39.23003,37.32364
223.796,-1.72488,-39.22979,37.32434
223.996,-1.72547,-39.22968,37.32402
224.196,-1.72612,-39.22958,37.32382
224.4,-1.72658,-39.22944,37.32332
224.596,-1.72682,-39.22948,37.32306
224.796,-1.7268,-39.22948,37.3232
225.0,-1.72675,-39.22943,37.32347
225.196,-1.72662,-39.22934,37.32354
225.396,-1.72681,-39.22939,37.32306
225.596,-1.72704,-39.22936,37.32283
225.796,-1.72734,-39.22921,37.32296
226.036,-1.72777,-39.22899,37.32328
226.236,-1.72796,-39.22881,37.32343
226.444,-1.72797,-39.22878,37.32347
226.64,-1.72791,-39.22874,37.32363
226.84,-1.72789,-39.22867,37.32365
227.036,-1.72815,-39.22867,37.32367
227.24,-1.72846,-39.22858,37.32356
227.444,-1.72866,-39.22853,37.32335
227.64,-1.72893,-39.22866,37.32295
227.836,-1.72919,-39.22871,37.32262
228.036,-1.72948,-39.22867,37.32249
228.24,-1.72958,-39.22845,37.3228
228.44,-1.72965,-39.22822,37.32302
228.64,-1.72962,-39.22827,37.32284
228.836,-1.7297,-39.22831,37.3227
229.04,-1.72988,-39.22839,37.32254
229.24,-1.72998,-39.22847,37.32245
229.44,-1.73017,-39.2284,37.32257
229.636,-1.73067,-39.22831,37.32252
229.836,-1.7309,-39.22818,37.32261
230.044,-1.7308,-39.22805,37.32285
230.236,-1.73061,-39.22794,37.32322
230.44,-1.73012,-39.22789,37.32359
230.64,-1.72946,-39.22813,37.3237
230.84,-1.72879,-39.22831,37.32375
231.04,-1.72834,-39.22857,37.32348
231.24,-1.72809,-39.22881,37.32299
231.432,-1.72816,-39.22886,37.32277
231.636,-1.72809,-39.22879,37.32289
231.836,-1.72806,-39.22877,37.32314
232.04,-1.72779,-39.22868,37.32337
232.24,-1.72756,-39.22881,37.3233
232.436,-1.72746,-39.22896,37.32299
232.636,-1.7275,-39.22899,37.32282
232.844,-1.72757,-39.22904,37.32281
233.036,-1.72747,-39.22898,37.32301
233.24,-1.72724,-39.22883,37.32344
233.432,-1.72714,-39.22887,37.3234
233.636,-1.72702,-39.22894,37.32318
233.844,-1.72707,-39.22919,37.32257
234.032,-1.72712,-39.22921,37.32276
234.24,-1.72714,-39.22914,37.32283
234.436,-1.72721,-39.22922,37.32271
234.64,-1.72722,-39.22922,37.32275
234.832,-1.72715,-39.22916,37.32299
235.036,-1.72703,-39.22909,37.32308
235.236,-1.7271,-39.22917,37.32287
235.432,-1.72744,-39.22915,37.32246
235.64,-1.72761,-39.22909,37.32236
235.836,-1.72782,-39.22913,37.32249
236.036,-1.728,-39.22891,37.32272
236.24,-1.72835,-39.22871,37.32299
236.436,-1.72876,-39.22859,37.32309
236.636,-1.72938,-39.22853,37.32276
236.84,-1.72994,-39.22835,37.32268
237.04,-1.73043,-39.2282,37.32246
237.24,-1.7306,-39.22803,37.32243
237.436,-1.73059,-39.22802,37.32252
237.636,-1.73054,-39.22799,37.32247
237.844,-1.73068,-39.22805,37.32225
238.044,-1.7308,-39.2281,37.32223
238.244,-1.73067,-39.22797,37.32254
238.44,-1.7306,-39.22792,37.32269
238.64,-1.73049,-39.22786,37.3229
238.844,-1.73077,-39.22795,37.32282
239.036,-1.73087,-39.22791,37.32271
239.24,-1.73093,-39.22791,37.32272
239.436,-1.73088,-39.22785,37.32279
239.636,-1.73094,-39.22789,37.32275
239.836,-1.73112,-39.22795,37.32245
240.04,-1.73124,-39.22805,37.32211
240.24,-1.73108,-39.22789,37.32215
240.44,-1.73109,-39.22788,37.32258
240.644,-1.73113,-39.22792,37.3227
240.848,-1.73107,-39.22787,37.3229
241.04,-1.73099,-39.22781,37.32309
241.24,-1.73088,-39.22774,37.32327
241.448,-1.7306,-39.22779,37.32334
241.64,-1.73026,-39.22797,37.32296
241.844,-1.73046,-39.22815,37.32232
242.036,-1.73047,-39.22813,37.32222
242.236,-1.73051,-39.22811,37.32246
242.432,-1.73033,-39.22801,37.32275
242.644,-1.73029,-39.22798,37.32299
242.836,-1.7302,-39.22792,37.32306
243.036,-1.73025,-39.22797,37.32299
243.24,-1.73033,-39.228,37.32276
243.448,-1.73032,-39.22796,37.32282
243.644,-1.73027,-39.22794,37.32305
243.84,-1.73025,-39.22791,37.32299
244.036,-1.73037,-39.22799,37.32313
244.24,-1.73025,-39.22792,37.32311
244.444,-1.73019,-39.22789,37.32305
244.64,-1.73036,-39.22803,37.32273
244.836,-1.73047,-39.22807,37.32225
245.04,-1.7305,-39.22803,37.32234
245.24,-1.73052,-39.22795,37.32252
245.444,-1.73054,-39.22793,37.32261
245.636,-1.73056,-39.2279,37.32276
245.844,-1.73068,-39.22795,37.32249
246.04,-1.7307,-39.22795,37.32255
246.24,-1.73067,-39.22793,37.32251
246.444,-1.73061,-39.22787,37.32263
246.64,-1.73062,-39.22788,37.32285
246.836,-1.7306,-39.22786,37.32283
247.04,-1.73058,-39.22785,37.32293
247.236,-1.73056,-39.22784,37.32298
247.436,-1.73056,-39.22784,37.32289
247.636,-1.73071,-39.22792,37.32263
247.836,-1.73072,-39.22792,37.32252
248.036,-1.73083,-39.22797,37.32233
248.236,-1.73073,-39.22791,37.32252
248.44,-1.73072,-39.22786,37.32268
248.636,-1.73076,-39.22789,37.32259
248.844,-1.73078,-39.22787,37.32243
249.04,-1.73084,-39.22791,37.32235
249.236,-1.73077,-39.22786,37.32251
249.432,-1.73074,-39.22782,37.32257
249.64,-1.73073,-39.22781,37.32265
249.84,-1.7307,-39.22778,37.32275
250.04,-1.73063,-39.22772,37.32291
250.244,-1.73072,-39.22778,37.32271
250.444,-1.73072,-39.22777,37.32253
250.636,-1.73072,-39.22778,37.32264
250.84,-1.73078,-39.22778,37.32258
251.044,-1.73076,-39.22774,37.32275
251.236,-1.73074,-39.22771,37.32279
251.44,-1.73078,-39.22773,37.32265
251.64,-1.7308,-39.22774,37.32266
251.836,-1.73069,-39.22766,37.32288
252.044,-1.73079,-39.22772,37.32252
252.24,-1.73081,-39.22772,37.32251
252.44,-1.73078,-39.22769,37.32267
252.64,-1.73088,-39.22775,37.32242
252.84,-1.73086,-39.22774,37.32247
253.04,-1.73085,-39.22771,37.32256
253.236,-1.73084,-39.22763,37.32262
253.444,-1.73084,-39.22763,37.32274
253.644,-1.73086,-39.22765,37.3227
253.836,-1.73091,-39.22767,37.32261
254.036,-1.73098,-39.22762,37.32265
254.24,-1.73106,-39.22763,37.32248
254.44,-1.73107,-39.22761,37.32243
254.64,-1.73103,-39.22755,37.32274
254.9,-1.73106,-39.22759,37.32258
255.096,-1.73116,-39.22762,37.32237
255.296,-1.73109,-39.22757,37.32237
255.496,-1.73123,-39.22756,37.32253
255.696,-1.73101,-39.22749,37.32283
255.896,-1.73098,-39.22746,37.32292
256.096,-1.73105,-39.22748,37.32284
256.268,-1.73107,-39.22747,37.32285
256.5,-1.73128,-39.22753,37.32254
256.696,-1.73126,-39.22753,37.32244
256.896,-1.73139,-39.22751,37.32241
257.096,-1.73132,-39.22752,37.32237
257.296,-1.73143,-39.22751,37.32238
257.496,-1.73132,-39.2275,37.32237
257.696,-1.7313,-39.22749,37.32245
257.9,-1.73142,-39.22748,37.32247
258.096,-1.73129,-39.22747,37.32251
258.296,-1.73142,-39.22744,37.32255
258.496,-1.7314,-39.22747,37.3224
258.696,-1.73148,-39.22744,37.32252
258.896,-1.73148,-39.22742,37.32257
259.096,-1.73138,-39.22743,37.32259
259.296,-1.73154,-39.22744,37.32236
259.496,-1.73139,-39.22741,37.32245
259.7,-1.73142,-39.22743,37.32244
259.9,-1.73142,-39.22742,37.32237
260.096,-1.73141,-39.22739,37.32245
260.296,-1.73139,-39.22739,37.32253
260.496,-1.73142,-39.22739,37.32251
260.696,-1.73148,-39.22743,37.3224
260.896,-1.73146,-39.22741,37.3225
261.096,-1.73144,-39.22739,37.32255
261.296,-1.73147,-39.22733,37.32271
261.504,-1.73143,-39.22738,37.32255
261.696,-1.73161,-39.22741,37.32236
261.896,-1.73151,-39.22742,37.32237
262.096,-1.73148,-39.2274,37.32244
262.304,-1.73161,-39.22741,37.32238
262.496,-1.73148,-39.22739,37.32244
262.696,-1.73146,-39.22737,37.32249
262.896,-1.73143,-39.22736,37.32255
263.096,-1.73153,-39.22741,37.32237
263.296,-1.73147,-39.22736,37.32241
263.496,-1.73148,-39.22737,37.32244
263.696,-1.73139,-39.22732,37.32271
263.896,-1.73154,-39.22735,37.32265
264.1,-1.73148,-39.22737,37.32249
264.296,-1.73143,-39.22733,37.32264
264.496,-1.73145,-39.22735,37.32258
264.696,-1.73152,-39.22738,37.32237
264.9,-1.73145,-39.22733,37.32252
265.1,-1.73139,-39.2273,37.32273
265.296,-1.73138,-39.22729,37.32277
265.496,-1.73133,-39.22726,37.32295
265.696,-1.73151,-39.22728,37.32276
265.896,-1.73153,-39.22736,37.32237
266.096,-1.73162,-39.22734,37.32239
266.296,-1.73145,-39.2273,37.32253
266.496,-1.73148,-39.22732,37.32252
266.7,-1.73161,-39.22731,37.32246
266.896,-1.73153,-39.22735,37.32244
267.1,-1.73165,-39.22733,37.32242
267.296,-1.73146,-39.22727,37.32268
267.496,-1.73145,-39.22727,37.32268
267.696,-1.73146,-39.22728,37.32262
267.896,-1.73151,-39.22731,37.3225
268.096,-1.73166,-39.22732,37.32239
268.296,-1.7317,-39.22735,37.32237
268.496,-1.73158,-39.22735,37.32243
268.696,-1.73162,-39.2273,37.32256
268.896,-1.73147,-39.22728,37.32274
269.096,-1.73147,-39.22728,37.32281
269.296,-1.73153,-39.22732,37.32256
269.496,-1.73168,-39.22733,37.3225
269.732,-1.73152,-39.22733,37.32264
269.94,-1.73174,-39.22738,37.32245
270.14,-1.73175,-39.22738,37.32235
270.336,-1.73173,-39.22737,37.32237
270.54,-1.73159,-39.22734,37.32252
270.748,-1.73151,-39.2273,37.32262
270.94,-1.73149,-39.22728,37.32277
271.136,-1.7315,-39.22728,37.32273
271.336,-1.73162,-39.22734,37.32249
271.544,-1.73163,-39.22734,37.32237
271.736,-1.73176,-39.22735,37.3224
271.924,-1.7316,-39.22732,37.32252
272.132,-1.73167,-39.22728,37.3227
272.332,-1.73158,-39.22731,37.32259
272.54,-1.73164,-39.22733,37.3224
272.736,-1.7317,-39.22736,37.32239
272.936,-1.73164,-39.22732,37.32244
273.136,-1.73179,-39.22734,37.32239
273.34,-1.73181,-39.22735,37.32242
273.536,-1.7317,-39.22735,37.32241
273.788,-1.73165,-39.22733,37.32245
273.988,-1.73161,-39.22729,37.32254
274.188,-1.73162,-39.22729,37.32267
274.392,-1.73158,-39.22715,37.32264
274.588,-1.73167,-39.22713,37.32236
274.788,-1.73167,-39.22712,37.32236
274.992,-1.73163,-39.22709,37.32236
275.188,-1.73166,-39.22704,37.32253
275.388,-1.73162,-39.22707,37.32257
275.588,-1.73164,-39.22709,37.3225
275.788,-1.7317,-39.22704,37.32253
275.992,-1.73163,-39.22707,37.32252
276.188,-1.73161,-39.22705,37.32261
276.396,-1.73168,-39.22702,37.32253
276.588,-1.73169,-39.2271,37.32236
276.792,-1.73156,-39.22701,37.32273
276.992,-1.73161,-39.22697,37.32255
277.196,-1.73176,-39.22696,37.32243
277.392,-1.73162,-39.22694,37.32257
277.588,-1.73166,-39.22695,37.32249
277.792,-1.7316,-39.22691,37.3226
277.992,-1.73168,-39.22696,37.32243
278.196,-1.7317,-39.22696,37.32239
278.396,-1.73166,-39.22693,37.32248
278.592,-1.73158,-39.22687,37.32266
278.788,-1.73155,-39.22685,37.32276
278.988,-1.73174,-39.22683,37.32257
279.192,-1.73157,-39.2268,37.3227
279.388,-1.73155,-39.22678,37.32281
279.588,-1.73152,-39.22674,37.32284
279.792,-1.7316,-39.22662,37.32253
279.996,-1.7318,-39.22667,37.32235
280.192,-1.73168,-39.22667,37.32235
280.388,-1.73167,-39.22666,37.32236
280.592,-1.73159,-39.22661,37.32247
280.788,-1.73164,-39.22663,37.32245
280.988,-1.73173,-39.2266,37.32238
281.192,-1.73162,-39.22661,37.3225
281.436,-1.73164,-39.22656,37.32239
281.636,-1.73169,-39.22649,37.32246
281.84,-1.73169,-39.22658,37.32235
282.072,-1.73163,-39.22654,37.32245
282.26,-1.73157,-39.2265,37.32249
282.496,-1.7315,-39.22644,37.32291
282.736,-1.73137,-39.22617,37.32296
282.936,-1.73146,-39.22612,37.32266
283.136,-1.73168,-39.22615,37.32244
283.34,-1.73157,-39.22613,37.32237
283.544,-1.73157,-39.22609,37.32233
283.736,-1.73168,-39.22606,37.32235
283.936,-1.73161,-39.22602,37.32246
284.14,-1.73139,-39.22587,37.32256
284.336,-1.73156,-39.22581,37.3225
284.54,-1.73145,-39.22581,37.3225
284.768,-1.73153,-39.22573,37.32251
284.988,-1.73156,-39.22568,37.32247
285.192,-1.73149,-39.22564,37.32256
285.388,-1.73141,-39.22552,37.32269
285.596,-1.73138,-39.22536,37.32267
285.796,-1.73132,-39.22511,37.32263
286.008,-1.73139,-39.22505,37.32245
286.204,-1.73129,-39.22496,37.3225
286.404,-1.73133,-39.22481,37.32257
286.604,-1.73137,-39.22485,37.32224
286.804,-1.73137,-39.22482,37.32234
287.004,-1.73132,-39.22466,37.32236
287.204,-1.73124,-39.22443,37.3222
287.404,-1.7312,-39.22438,37.32228
287.604,-1.73121,-39.22432,37.32235
287.804,-1.73112,-39.22418,37.32249
288.004,-1.7308,-39.22364,37.32279
288.204,-1.73055,-39.22259,37.32265
288.404,-1.73033,-39.22172,37.32239
288.604,-1.73006,-39.22094,37.32251
288.804,-1.72996,-39.22049,37.32246
289.004,-1.72972,-39.21986,37.32246
289.204,-1.72945,-39.21916,37.32231
289.404,-1.72948,-39.21909,37.32235
289.604,-1.72945,-39.21902,37.32245
289.804,-1.72932,-39.21869,37.32255
290.004,-1.72894,-39.21777,37.32257
290.204,-1.72865,-39.21688,37.32254
290.444,-1.72842,-39.21626,37.32238
290.644,-1.72837,-39.21606,37.32227
290.84,-1.72831,-39.21602,37.32228
291.048,-1.72837,-39.21606,37.32232
291.268,-1.72819,-39.21571,37.3226
291.44,-1.72779,-39.21491,37.32276
291.644,-1.72745,-39.21384,37.32268
291.844,-1.7272,-39.21302,37.32223
292.048,-1.727,-39.2125,37.32242
292.244,-1.72674,-39.21198,37.32282
292.44,-1.7266,-39.21149,37.32256
292.644,-1.72635,-39.21101,37.32247
292.84,-1.72633,-39.21082,37.32251
293.048,-1.72642,-39.21082,37.32214
293.244,-1.72643,-39.21081,37.32226
293.448,-1.72638,-39.21074,37.32244
293.644,-1.72625,-39.21057,37.32252
293.848,-1.72607,-39.21029,37.32269
294.04,-1.72578,-39.2097,37.32297
294.244,-1.72535,-39.20868,37.32289
294.44,-1.72523,-39.20801,37.32248
294.644,-1.72517,-39.20795,37.3222
294.844,-1.72517,-39.20797,37.32227
295.04,-1.72511,-39.20797,37.32234
295.244,-1.7252,-39.20801,37.32216
295.44,-1.72512,-39.20795,37.32232
295.644,-1.72496,-39.20772,37.32243
295.848,-1.72503,-39.2076,37.32227
296.048,-1.72507,-39.2077,37.32217
296.244,-1.72491,-39.20753,37.32242
296.444,-1.72493,-39.20741,37.32235
296.64,-1.72478,-39.20706,37.32227
296.844,-1.72447,-39.20631,37.3223
297.044,-1.72437,-39.20595,37.32217
297.248,-1.72423,-39.20576,37.32223
297.444,-1.72425,-39.20558,37.32209
297.648,-1.72418,-39.20552,37.32216
297.844,-1.72416,-39.20541,37.3221
298.044,-1.72403,-39.20533,37.32213
298.244,-1.72407,-39.20532,37.32213
298.448,-1.72403,-39.20527,37.32206
298.644,-1.72394,-39.20522,37.32214
298.844,-1.72405,-39.20528,37.32218
299.044,-1.72397,-39.20522,37.32219
299.24,-1.72399,-39.20525,37.32215
299.468,-1.72408,-39.20532,37.32207
299.656,-1.72401,-39.20529,37.32206
299.852,-1.72399,-39.20528,37.32205
300.044,-1.72398,-39.20526,37.32219
300.244,-1.72398,-39.20522,37.32217
300.468,-1.72402,-39.20526,37.32226
300.64,-1.72408,-39.20528,37.3222
300.844,-1.72407,-39.20526,37.32208
301.044,-1.72409,-39.20527,37.32207
301.244,-1.72411,-39.20528,37.32205
301.44,-1.7241,-39.20526,37.32211
301.652,-1.72404,-39.20522,37.32229
301.844,-1.72401,-39.20517,37.3222
302.04,-1.72401,-39.20519,37.32228
302.244,-1.72399,-39.20518,37.32239
302.444,-1.7239,-39.20511,37.32257
302.648,-1.72392,-39.20512,37.32246
302.844,-1.72401,-39.20517,37.32232
303.044,-1.72396,-39.20515,37.32253
303.24,-1.72391,-39.20508,37.32269
303.448,-1.72374,-39.20491,37.32285
303.644,-1.72372,-39.20477,37.32262
303.848,-1.72374,-39.20476,37.32252
304.04,-1.72378,-39.20479,37.32264
304.244,-1.72374,-39.20471,37.32282
304.448,-1.72374,-39.20469,37.32293
304.64,-1.72369,-39.20458,37.32271
304.844,-1.72368,-39.20458,37.32271
305.048,-1.72368,-39.20456,37.32268
305.244,-1.72372,-39.20457,37.32253
305.44,-1.72385,-39.2046,37.32244
305.644,-1.72385,-39.20459,37.3223
305.844,-1.72379,-39.20454,37.32251
306.048,-1.72383,-39.20457,37.32235
306.248,-1.72375,-39.20449,37.32258
306.44,-1.72371,-39.20447,37.32263
306.64,-1.72392,-39.20428,37.32262
306.844,-1.72378,-39.20451,37.32251
307.048,-1.72384,-39.20456,37.32239
307.248,-1.72382,-39.20455,37.32246
307.444,-1.72381,-39.20454,37.32246
307.644,-1.72384,-39.20457,37.32232
307.844,-1.72383,-39.20454,37.32245
308.044,-1.72371,-39.20445,37.32265
308.244,-1.72368,-39.20442,37.32273
308.444,-1.72368,-39.20441,37.32277
308.64,-1.72357,-39.20428,37.32294
308.868,-1.72346,-39.20395,37.3229
309.04,-1.72344,-39.20384,37.32273
309.248,-1.72356,-39.20391,37.32236
309.44,-1.7236,-39.20393,37.32229
309.644,-1.72349,-39.20385,37.32254
309.844,-1.72348,-39.20383,37.32254
310.044,-1.72359,-39.20392,37.32226
310.256,-1.72359,-39.20391,37.32231
310.448,-1.72357,-39.20388,37.32237
310.648,-1.72354,-39.20386,37.32244
310.844,-1.72353,-39.20385,37.32244
311.048,-1.72353,-39.20385,37.32244
311.244,-1.72351,-39.20383,37.32249
311.44,-1.72355,-39.20386,37.32242
311.648,-1.7236,-39.2039,37.32231
311.84,-1.72359,-39.2039,37.32236
312.044,-1.72359,-39.2039,37.32233
312.24,-1.72355,-39.20385,37.32244
312.44,-1.72351,-39.20382,37.32248
312.644,-1.72347,-39.20378,37.32262
312.844,-1.72349,-39.2038,37.32253
313.044,-1.72351,-39.20383,37.32246
313.24,-1.72336,-39.20369,37.32293
313.444,-1.72321,-39.20346,37.32309
313.644,-1.72311,-39.20314,37.32305
313.84,-1.72299,-39.20272,37.32276
314.044,-1.723,-39.20261,37.32252
314.244,-1.72303,-39.20262,37.32248
314.44,-1.72304,-39.20262,37.32251
314.644,-1.72304,-39.20262,37.32243
314.844,-1.72317,-39.2027,37.32215
315.044,-1.72314,-39.20268,37.32223
315.268,-1.72302,-39.2026,37.32251
315.448,-1.72291,-39.20251,37.32278
315.648,-1.72289,-39.20247,37.32277
315.844,-1.72298,-39.20252,37.32254
316.044,-1.72302,-39.20255,37.32246
316.244,-1.72304,-39.20258,37.32239
316.444,-1.72295,-39.2025,37.32261
316.644,-1.72294,-39.20247,37.3226
316.84,-1.72289,-39.2024,37.32271
317.044,-1.7232,-39.20202,37.32251
317.244,-1.72299,-39.20249,37.32237
317.452,-1.72309,-39.20257,37.32212
317.644,-1.7231,-39.20257,37.32207
317.844,-1.72309,-39.20256,37.32208
318.04,-1.72299,-39.20249,37.32233
318.244,-1.72296,-39.20246,37.32246
318.468,-1.72295,-39.20246,37.32249
318.648,-1.72288,-39.20241,37.32262
318.844,-1.72284,-39.20236,37.32276
319.044,-1.72282,-39.20234,37.32277
319.244,-1.72288,-39.20235,37.32257
319.444,-1.72289,-39.20236,37.32252
319.648,-1.72289,-39.20235,37.32253
319.848,-1.72292,-39.20233,37.32251
320.044,-1.72293,-39.20233,37.32249
320.24,-1.72285,-39.20226,37.3227
320.44,-1.72278,-39.20211,37.32271
320.644,-1.72278,-39.20191,37.32244
320.844,-1.72279,-39.20193,37.32235
321.048,-1.72284,-39.20196,37.32224
321.244,-1.72277,-39.20191,37.3224
321.448,-1.72277,-39.2019,37.32242
321.644,-1.72278,-39.20191,37.32236
321.852,-1.72276,-39.20189,37.32251
322.048,-1.72266,-39.2018,37.32274
322.248,-1.72267,-39.2018,37.32263
322.444,-1.72265,-39.20178,37.32268
322.648,-1.72267,-39.20178,37.3226
322.844,-1.72276,-39.20184,37.32242
323.044,-1.72276,-39.20184,37.32236
323.244,-1.72273,-39.20179,37.32244
323.444,-1.72278,-39.20183,37.32229
323.668,-1.72281,-39.20187,37.32221
323.852,-1.72275,-39.20181,37.32238
324.052,-1.72278,-39.20182,37.32232
324.248,-1.72279,-39.20184,37.32227
324.448,-1.72275,-39.2018,37.32239
324.648,-1.72268,-39.20173,37.32253
324.844,-1.72262,-39.20167,37.32271
325.052,-1.72254,-39.20147,37.32261
325.256,-1.72259,-39.20146,37.32241
325.44,-1.72251,-39.20139,37.32258
325.648,-1.72254,-39.20136,37.32248
325.848,-1.72263,-39.20143,37.32219
326.044,-1.72259,-39.20139,37.32232
326.244,-1.72261,-39.20141,37.32225
326.448,-1.7226,-39.20141,37.32229
326.644,-1.72254,-39.20136,37.32245
326.844,-1.72251,-39.20131,37.32253
327.044,-1.72247,-39.20127,37.3226
327.244,-1.72246,-39.20125,37.32263
327.448,-1.72243,-39.20118,37.32261
327.648,-1.72255,-39.20125,37.32224
327.844,-1.72256,-39.20126,37.32223
328.044,-1.72247,-39.20119,37.32251
328.244,-1.72239,-39.20112,37.32264
328.444,-1.72231,-39.20097,37.32275
328.648,-1.7222,-39.20072,37.3227
328.848,-1.72225,-39.20067,37.32243
329.052,-1.72228,-39.20069,37.3223
329.24,-1.72233,-39.20072,37.32221
329.44,-1.7222,-39.20063,37.32253
329.648,-1.72203,-39.20031,37.3227
329.844,-1.72184,-39.19986,37.32257
330.048,-1.72177,-39.19976,37.32267
330.248,-1.72175,-39.19975,37.32285
330.448,-1.72167,-39.19961,37.32277
330.648,-1.72162,-39.19937,37.32245
330.848,-1.72176,-39.19948,37.32218
331.044,-1.72174,-39.19947,37.3223
331.244,-1.72157,-39.19937,37.32271
331.452,-1.72152,-39.19933,37.32269
331.648,-1.72166,-39.19945,37.32245
331.844,-1.72169,-39.19947,37.32242
332.044,-1.72172,-39.19947,37.32233
332.248,-1.72164,-39.19942,37.32257
332.448,-1.72162,-39.19939,37.32284
332.704,-1.72164,-39.19941,37.32269
332.904,-1.72162,-39.19939,37.32254
333.104,-1.72163,-39.19939,37.32268
333.304,-1.72163,-39.19939,37.32262
333.504,-1.72157,-39.19935,37.3225
333.704,-1.72175,-39.19947,37.32227
333.908,-1.72175,-39.19947,37.32223
334.104,-1.72171,-39.19944,37.32233
334.304,-1.72159,-39.19935,37.32254
334.504,-1.72166,-39.19941,37.32244
334.704,-1.72178,-39.19948,37.32225
334.904,-1.72178,-39.19947,37.32222
335.104,-1.72171,-39.19942,37.32232
335.304,-1.72158,-39.19931,37.32276
335.504,-1.72147,-39.19923,37.32287
335.704,-1.72158,-39.19929,37.32267
335.904,-1.72174,-39.1994,37.3222
336.104,-1.72174,-39.1994,37.32214
336.304,-1.72176,-39.19942,37.32215
336.504,-1.72166,-39.19934,37.32213
336.704,-1.72174,-39.19935,37.32232
336.904,-1.72162,-39.19928,37.32267
337.104,-1.72138,-39.19892,37.32266
337.304,-1.72146,-39.19889,37.32235
337.504,-1.7215,-39.19889,37.32216
337.704,-1.7215,-39.19889,37.32218
337.904,-1.72158,-39.19895,37.32214
338.104,-1.72153,-39.19892,37.32227
338.304,-1.72141,-39.19883,37.32237
338.508,-1.72133,-39.19877,37.32254
338.708,-1.72139,-39.19881,37.32263
338.908,-1.72138,-39.19881,37.32248
339.108,-1.72144,-39.19885,37.32253
339.308,-1.72139,-39.19882,37.32266
339.508,-1.7214,-39.19884,37.32264
339.708,-1.72139,-39.19882,37.32255
339.908,-1.72152,-39.19889,37.32218
340.108,-1.72151,-39.1989,37.32217
340.308,-1.7215,-39.1989,37.3222
340.508,-1.72141,-39.19884,37.32249
340.708,-1.72137,-39.1988,37.32258
340.908,-1.7214,-39.19882,37.3225
341.108,-1.72141,-39.19884,37.32247
341.308,-1.72145,-39.19887,37.32236
341.508,-1.72151,-39.1989,37.32217
341.712,-1.72147,-39.19889,37.32226
341.908,-1.72138,-39.19882,37.32252
342.108,-1.72133,-39.1988,37.32267
342.308,-1.72143,-39.19887,37.3224
342.508,-1.72147,-39.19891,37.3223
342.708,-1.72141,-39.19886,37.32246
342.912,-1.72145,-39.1989,37.32232
343.108,-1.72141,-39.19885,37.32245
343.308,-1.72128,-39.1988,37.32283
343.508,-1.72134,-39.19884,37.32268
343.712,-1.72141,-39.19887,37.32242
343.908,-1.72136,-39.19884,37.32253
344.108,-1.7214,-39.19887,37.32245
344.308,-1.7214,-39.19887,37.32246
344.508,-1.72128,-39.19881,37.32281
344.708,-1.72132,-39.19883,37.32272
344.908,-1.72142,-39.19889,37.32239
345.108,-1.7214,-39.19888,37.32245
345.308,-1.72134,-39.19884,37.32261
345.508,-1.72135,-39.19885,37.32256
345.708,-1.72136,-39.19885,37.32256
345.908,-1.72135,-39.19884,37.32258
346.108,-1.72133,-39.19884,37.32259
346.308,-1.72138,-39.19888,37.32243
346.508,-1.72148,-39.19893,37.32212
346.708,-1.72143,-39.19892,37.3223
346.908,-1.72135,-39.19885,37.32252
347.108,-1.72132,-39.19884,37.32265
347.308,-1.72134,-39.19885,37.32262
347.508,-1.72146,-39.19894,37.32227
347.708,-1.72148,-39.19893,37.32214
347.908,-1.72144,-39.19892,37.32228
348.112,-1.72136,-39.19886,37.32246
348.308,-1.72142,-39.1989,37.32234
348.508,-1.72138,-39.19887,37.32245
348.708,-1.72137,-39.19886,37.32242
348.908,-1.72138,-39.19888,37.32242
349.108,-1.72136,-39.19886,37.32245
349.308,-1.72135,-39.19886,37.32247
349.508,-1.7213,-39.19883,37.32256
349.708,-1.72134,-39.19885,37.32252
349.908,-1.7214,-39.19891,37.32233
350.108,-1.72145,-39.19894,37.32214
350.308,-1.72143,-39.19894,37.32225
350.508,-1.72133,-39.19884,37.32253
350.708,-1.72134,-39.19886,37.3225
350.908,-1.72131,-39.19884,37.32255
351.108,-1.72142,-39.19893,37.32228
351.308,-1.72137,-39.19891,37.32236
351.484,-1.72144,-39.19895,37.32223
351.716,-1.72145,-39.19896,37.32217
351.916,-1.72141,-39.19893,37.3223
352.136,-1.72146,-39.19896,37.32216
352.324,-1.72144,-39.19897,37.32224
352.536,-1.72128,-39.19886,37.32265
352.732,-1.72124,-39.19884,37.32275
352.932,-1.72125,-39.19886,37.32272
353.136,-1.72129,-39.19887,37.32264
353.336,-1.72133,-39.19889,37.32254
353.536,-1.72141,-39.19897,37.32228
353.736,-1.72138,-39.19895,37.32234
353.932,-1.72139,-39.19896,37.3223
354.136,-1.72144,-39.19899,37.32219
354.336,-1.72136,-39.19894,37.32237
354.536,-1.72128,-39.19888,37.3226
354.724,-1.72127,-39.19887,37.32262
354.94,-1.72123,-39.19886,37.32264
355.136,-1.72131,-39.19894,37.32242
355.336,-1.72136,-39.19896,37.3223
355.532,-1.72138,-39.19898,37.32218
355.736,-1.72139,-39.19898,37.32216
355.932,-1.7214,-39.19899,37.32213
356.124,-1.72142,-39.199,37.32205
356.336,-1.7214,-39.19899,37.32213
356.536,-1.7214,-39.19899,37.32213
356.732,-1.72133,-39.19897,37.32229
356.932,-1.72126,-39.19892,37.32248
357.14,-1.72121,-39.19889,37.32256
357.336,-1.72116,-39.19889,37.32268
357.54,-1.72116,-39.1989,37.32267
357.736,-1.72115,-39.19893,37.3226
357.964,-1.72118,-39.19901,37.32231
358.16,-1.72125,-39.19904,37.32211
358.388,-1.72118,-39.199,37.32229
358.592,-1.72118,-39.19902,37.32223
358.788,-1.72121,-39.19904,37.32214
358.992,-1.72116,-39.19902,37.32233
359.192,-1.72108,-39.19898,37.32248
359.436,-1.72114,-39.19904,37.32219
359.636,-1.72118,-39.19906,37.32208
359.84,-1.72117,-39.19906,37.32209
360.036,-1.72112,-39.19905,37.32223
360.236,-1.72105,-39.19903,37.32237
360.444,-1.72079,-39.19912,37.3224
360.636,-1.72057,-39.19927,37.32218
360.84,-1.72056,-39.19928,37.32213
361.036,-1.72032,-39.19933,37.32231
361.236,-1.71967,-39.19948,37.32254
361.44,-1.71862,-39.19996,37.3224
361.64,-1.71801,-39.20041,37.32222
361.836,-1.71733,-39.2004,37.32234
362.032,-1.71694,-39.2005,37.32221
362.224,-1.71696,-39.20054,37.32217
362.432,-1.71701,-39.2006,37.32223
362.632,-1.71695,-39.2006,37.3223
362.836,-1.717,-39.20062,37.32215
363.04,-1.71694,-39.20061,37.32225
363.236,-1.71685,-39.20055,37.32232
363.464,-1.71684,-39.20059,37.32246
363.688,-1.71663,-39.20054,37.32254
363.892,-1.71629,-39.20067,37.32271
364.088,-1.71547,-39.20107,37.3226
364.288,-1.71436,-39.20135,37.32247
364.492,-1.71333,-39.20108,37.32263
364.688,-1.71323,-39.20186,37.32239
364.892,-1.71322,-39.20181,37.32248
365.1,-1.71289,-39.20177,37.32271
365.288,-1.71269,-39.20197,37.32258
365.532,-1.71265,-39.2022,37.32229
365.736,-1.71261,-39.20215,37.3224
365.924,-1.71254,-39.20211,37.32252
366.136,-1.71236,-39.20202,37.32271
366.336,-1.71195,-39.20211,37.32289
366.532,-1.71133,-39.2024,37.32265
366.736,-1.71116,-39.20252,37.32246
366.896,-1.71119,-39.20255,37.32248
367.136,-1.71108,-39.20248,37.32266
367.332,-1.71098,-39.20249,37.32278
367.536,-1.71065,-39.2026,37.32278
367.736,-1.71028,-39.20285,37.32251
367.944,-1.71037,-39.20295,37.32261
368.136,-1.71036,-39.20296,37.32251
368.336,-1.71043,-39.203,37.32249
368.536,-1.71034,-39.20296,37.3226
368.736,-1.71029,-39.20294,37.32259
368.936,-1.71029,-39.20298,37.32261
369.136,-1.71031,-39.20303,37.32258
369.336,-1.71017,-39.203,37.32261
369.532,-1.71019,-39.20306,37.32261
369.736,-1.70994,-39.20307,37.32266
369.936,-1.70989,-39.20315,37.32253
370.132,-1.70964,-39.20309,37.32284
370.332,-1.70928,-39.20307,37.32306
370.536,-1.70895,-39.20332,37.32289
370.736,-1.70855,-39.20361,37.32265
370.936,-1.70803,-39.20395,37.32256
371.132,-1.70703,-39.20336,37.32306
371.336,-1.70713,-39.20412,37.32299
371.536,-1.70678,-39.2043,37.32277
371.736,-1.70666,-39.20449,37.32253
371.936,-1.70663,-39.20454,37.32249
372.132,-1.70644,-39.20441,37.32258
372.336,-1.70641,-39.20441,37.3226
372.532,-1.70633,-39.2044,37.32289
372.736,-1.7058,-39.20439,37.32318
372.932,-1.70534,-39.20488,37.32285
373.14,-1.70461,-39.20509,37.3228
373.332,-1.70397,-39.2054,37.32248
373.536,-1.70354,-39.20534,37.32269
373.74,-1.70365,-39.20535,37.32298
373.936,-1.7036,-39.20531,37.3229
374.136,-1.70382,-39.20542,37.32276
374.332,-1.70373,-39.20539,37.32263
374.536,-1.70373,-39.20549,37.32251
374.744,-1.70353,-39.20552,37.32249
374.936,-1.70368,-39.20587,37.32239
375.188,-1.70353,-39.20579,37.32241
375.388,-1.70351,-39.20577,37.32238
375.564,-1.70351,-39.20577,37.32244
375.788,-1.70353,-39.20577,37.32255
375.988,-1.70345,-39.20578,37.32245
376.188,-1.70314,-39.20571,37.32278
376.388,-1.70284,-39.20587,37.32302
376.588,-1.70232,-39.20599,37.32303
376.788,-1.70196,-39.20614,37.3227
376.988,-1.70198,-39.20626,37.32236
377.188,-1.702,-39.20625,37.3224
377.388,-1.70209,-39.20628,37.32238
377.588,-1.70198,-39.20622,37.32247
377.788,-1.702,-39.20622,37.32241
377.988,-1.70205,-39.20625,37.32243
378.188,-1.70202,-39.20624,37.32241
378.392,-1.70118,-39.20573,37.32256
378.588,-1.702,-39.20623,37.32231
378.788,-1.70196,-39.20622,37.32231
378.988,-1.70195,-39.20622,37.32242
379.188,-1.70187,-39.20618,37.32244
379.388,-1.70195,-39.20623,37.3224
379.588,-1.70192,-39.20622,37.3224
379.788,-1.70188,-39.20621,37.32245
379.988,-1.70195,-39.20624,37.32243
380.192,-1.70193,-39.20622,37.32241
380.388,-1.70202,-39.20626,37.32241
380.588,-1.70204,-39.20626,37.32237
380.788,-1.70201,-39.20627,37.32242
380.988,-1.70193,-39.20622,37.32238
381.188,-1.70202,-39.20625,37.3224
381.388,-1.70196,-39.20625,37.32249
381.588,-1.70192,-39.20623,37.32244
381.808,-1.70188,-39.20621,37.32251
382.016,-1.70199,-39.20624,37.32254
382.192,-1.70194,-39.20622,37.32246
382.412,-1.70203,-39.20624,37.32255
382.616,-1.70195,-39.20621,37.32257
382.84,-1.70195,-39.2062,37.32255
383.044,-1.70191,-39.20618,37.3225
383.244,-1.70191,-39.20617,37.32247
383.44,-1.70197,-39.2062,37.32246
383.648,-1.70197,-39.20623,37.32245
383.84,-1.70203,-39.20624,37.32236
384.044,-1.70202,-39.20623,37.32238
384.244,-1.70204,-39.20623,37.32235
384.48,-1.70207,-39.20623,37.32235
384.684,-1.70208,-39.20624,37.32232
384.864,-1.702,-39.20623,37.32234
385.06,-1.70201,-39.20623,37.32234
385.252,-1.702,-39.20623,37.32233
385.444,-1.702,-39.20624,37.32234
385.64,-1.702,-39.20623,37.32234
385.844,-1.702,-39.20623,37.32234
386.044,-1.70199,-39.20622,37.32235
386.252,-1.702,-39.20623,37.32233
386.452,-1.70201,-39.20623,37.32233
386.648,-1.70199,-39.20623,37.32234
386.844,-1.70199,-39.20624,37.32234
387.048,-1.70198,-39.20623,37.32234
387.244,-1.70197,-39.20621,37.3224
387.444,-1.702,-39.20624,37.32232
387.644,-1.702,-39.20624,37.32233
387.864,-1.70196,-39.20621,37.3224
388.104,-1.70202,-39.20626,37.32231
388.304,-1.702,-39.20625,37.32232
388.504,-1.702,-39.20624,37.32232
388.704,-1.702,-39.20624,37.32233
388.904,-1.70199,-39.20623,37.32234
389.104,-1.702,-39.20624,37.32233
389.304,-1.70195,-39.2062,37.32241
389.504,-1.70202,-39.20626,37.32231
389.704,-1.702,-39.20623,37.32233
389.904,-1.70201,-39.20623,37.32234
390.108,-1.70201,-39.20624,37.32233
390.304,-1.70197,-39.20619,37.32242
390.504,-1.70199,-39.20621,37.3224
390.704,-1.70202,-39.20623,37.32234
390.904,-1.702,-39.20622,37.32235
391.104,-1.70194,-39.20618,37.3225
391.304,-1.702,-39.20622,37.32238
391.504,-1.70202,-39.20623,37.32233
391.704,-1.70203,-39.20623,37.32233
391.904,-1.70203,-39.20623,37.32233
392.104,-1.70203,-39.20623,37.32234
392.304,-1.70204,-39.20624,37.32232
392.504,-1.70203,-39.20624,37.32233
392.704,-1.70199,-39.2062,37.32244
392.904,-1.70196,-39.20619,37.32256
393.108,-1.70205,-39.20625,37.32235
393.304,-1.70202,-39.20622,37.3224
393.504,-1.70198,-39.20619,37.32249
393.704,-1.70202,-39.20621,37.32244
393.904,-1.70205,-39.20624,37.32232
394.104,-1.70203,-39.20623,37.32236
394.304,-1.70201,-39.20621,37.32243
394.504,-1.70199,-39.2062,37.32249
394.704,-1.70202,-39.20621,37.32244
394.904,-1.70199,-39.2062,37.32249
395.104,-1.70205,-39.20623,37.32239
395.304,-1.70203,-39.20621,37.32239
395.504,-1.70196,-39.20617,37.32258
395.704,-1.70201,-39.2062,37.32248
395.904,-1.702,-39.2062,37.32247
396.104,-1.70207,-39.20624,37.32231
396.304,-1.70204,-39.2062,37.32238
396.504,-1.70199,-39.20619,37.32253
396.704,-1.70194,-39.20615,37.32267
396.904,-1.702,-39.20619,37.32254
397.104,-1.70201,-39.20618,37.32251
397.304,-1.7019,-39.20612,37.32281
397.504,-1.70192,-39.20614,37.32276
397.704,-1.7019,-39.20613,37.32279
397.904,-1.70197,-39.20618,37.32259
398.104,-1.70208,-39.20624,37.3223
398.304,-1.70201,-39.20618,37.32247
398.504,-1.70198,-39.20617,37.32254
398.704,-1.70205,-39.20622,37.32234
398.904,-1.70206,-39.20622,37.32232
399.104,-1.70206,-39.20621,37.32233
399.304,-1.70203,-39.20619,37.32241
399.504,-1.70204,-39.2062,37.32235
399.704,-1.70202,-39.20618,37.3224
399.904,-1.70206,-39.20621,37.32232
400.104,-1.70205,-39.2062,37.32233
400.304,-1.70206,-39.2062,37.32233
400.504,-1.70202,-39.20618,37.32243
400.708,-1.70206,-39.20622,37.32232
400.904,-1.70201,-39.20616,37.32244
401.104,-1.70206,-39.2062,37.32234
401.304,-1.70204,-39.20619,37.32235
401.504,-1.70204,-39.2062,37.32233
401.704,-1.70202,-39.20617,37.32238
401.904,-1.70201,-39.20616,37.32247
402.108,-1.70202,-39.20617,37.32241
402.304,-1.70203,-39.20617,37.32239
402.504,-1.70202,-39.20617,37.32243
402.704,-1.70205,-39.20619,37.32232
402.904,-1.70201,-39.20616,37.32239
403.104,-1.70194,-39.20612,37.32259
403.304,-1.70192,-39.20612,37.32264
403.508,-1.70199,-39.20616,37.32252
403.704,-1.70205,-39.2062,37.3223
403.904,-1.70204,-39.20619,37.32231
404.104,-1.70203,-39.20618,37.32233
404.304,-1.702,-39.20616,37.3224
404.504,-1.70199,-39.20614,37.32249
404.704,-1.70199,-39.20614,37.32248
404.904,-1.70198,-39.20613,37.32252
405.104,-1.70197,-39.20613,37.32254
405.304,-1.70202,-39.20615,37.32244
405.504,-1.70206,-39.20618,37.32231
405.704,-1.70204,-39.20617,37.32233
405.904,-1.70195,-39.20611,37.32256
406.104,-1.70191,-39.2061,37.32269
406.304,-1.70198,-39.20613,37.32255
406.508,-1.70205,-39.20618,37.32233
406.704,-1.70202,-39.20615,37.32242
406.904,-1.70202,-39.20613,37.32246
407.108,-1.70201,-39.20613,37.32249
407.304,-1.70209,-39.20619,37.3223
407.504,-1.70199,-39.20611,37.32251
407.704,-1.70195,-39.20609,37.32262
407.904,-1.70193,-39.20608,37.3227
408.104,-1.70196,-39.2061,37.3226
408.304,-1.70206,-39.20617,37.32232
408.504,-1.70203,-39.20614,37.32239
408.676,-1.70205,-39.20616,37.32231
408.904,-1.702,-39.20611,37.32247
409.104,-1.70204,-39.20614,37.32241
409.304,-1.70204,-39.20613,37.32236
409.508,-1.70202,-39.20611,37.32247
409.708,-1.70209,-39.20613,37.32247
409.904,-1.70199,-39.20609,37.32254
410.104,-1.70199,-39.20609,37.32254
410.304,-1.702,-39.20611,37.32255
410.504,-1.70203,-39.20612,37.32242
410.704,-1.70206,-39.20614,37.3223
410.904,-1.70206,-39.20614,37.3223
411.104,-1.70205,-39.20613,37.32231
411.304,-1.70205,-39.20613,37.32232
411.504,-1.702,-39.20608,37.32248
411.704,-1.70199,-39.20607,37.32256
411.904,-1.70207,-39.20613,37.32235
412.104,-1.70202,-39.2061,37.32239
412.304,-1.70207,-39.20613,37.3223
412.504,-1.70206,-39.20613,37.32231
412.704,-1.70206,-39.20612,37.32232
412.904,-1.70206,-39.20612,37.32233
413.104,-1.70207,-39.20612,37.32231
413.304,-1.70204,-39.2061,37.32237
413.504,-1.70206,-39.20612,37.32231
413.704,-1.70207,-39.20612,37.32232
413.908,-1.70205,-39.2061,37.32237
414.104,-1.70199,-39.20605,37.32257
414.304,-1.70202,-39.20608,37.32251
414.504,-1.70208,-39.20611,37.32237
414.704,-1.702,-39.20606,37.32256
414.904,-1.70207,-39.20609,37.3224
415.104,-1.70207,-39.20609,37.32235
415.304,-1.70204,-39.20606,37.32243
415.504,-1.70209,-39.20611,37.32231
415.704,-1.70204,-39.20605,37.32246
415.904,-1.70202,-39.20604,37.32258
416.104,-1.70203,-39.20605,37.32255
416.304,-1.70204,-39.20605,37.3225
416.504,-1.70205,-39.20606,37.32248
416.708,-1.70203,-39.20604,37.32253
416.904,-1.70201,-39.20603,37.32259
417.104,-1.70212,-39.2061,37.32229
417.304,-1.70206,-39.20606,37.32237
417.504,-1.70204,-39.20604,37.32249
417.704,-1.70196,-39.20599,37.3227
417.904,-1.70198,-39.20601,37.32266
418.104,-1.70209,-39.20607,37.32239
418.304,-1.70206,-39.20606,37.32238
418.504,-1.70204,-39.20602,37.32251
418.704,-1.70207,-39.20603,37.32245
418.904,-1.70204,-39.20601,37.32256
419.104,-1.70194,-39.20596,37.32275
419.304,-1.70195,-39.20595,37.32275
419.504,-1.70202,-39.206,37.32259
419.704,-1.70209,-39.20604,37.32236
419.904,-1.70208,-39.20604,37.32235
420.104,-1.7021,-39.20605,37.32232
420.304,-1.70208,-39.20602,37.32236
420.504,-1.70206,-39.20602,37.32238
420.708,-1.7021,-39.20604,37.32232
420.908,-1.70211,-39.20603,37.32232
421.076,-1.7021,-39.20602,37.32234
421.308,-1.7021,-39.20603,37.32234
421.516,-1.70202,-39.20596,37.32253
421.716,-1.70201,-39.20596,37.32258
421.912,-1.70204,-39.20597,37.32253
422.104,-1.70209,-39.20603,37.32235
422.304,-1.70209,-39.20602,37.32235
422.504,-1.70203,-39.20597,37.3225
422.704,-1.70204,-39.20597,37.3225
422.904,-1.70202,-39.20595,37.32257
423.104,-1.702,-39.20595,37.3226
423.304,-1.70213,-39.20604,37.32229
423.504,-1.70205,-39.20597,37.32243
423.716,-1.70204,-39.20595,37.3225
423.948,-1.70208,-39.20598,37.32242
424.148,-1.70211,-39.20599,37.32233
424.34,-1.70207,-39.20596,37.32245
424.544,-1.70211,-39.20599,37.32238
424.744,-1.70212,-39.206,37.32232
424.948,-1.70209,-39.20597,37.3224
425.148,-1.70201,-39.20591,37.3226
425.348,-1.70191,-39.20585,37.32282
425.54,-1.7019,-39.20581,37.32293
425.752,-1.70191,-39.20579,37.32285
425.944,-1.70197,-39.20583,37.32266
426.144,-1.70202,-39.20586,37.32248
426.344,-1.70211,-39.20592,37.3223
426.544,-1.70204,-39.20587,37.32245
426.748,-1.70205,-39.20588,37.32244
426.944,-1.70203,-39.20585,37.32254
427.144,-1.70211,-39.20592,37.32231
427.34,-1.70206,-39.20588,37.32243
427.544,-1.70205,-39.20586,37.32245
427.748,-1.70201,-39.20582,37.32259
427.948,-1.70199,-39.20583,37.32266
428.148,-1.70202,-39.20583,37.32261
428.348,-1.702,-39.20583,37.32265
428.544,-1.702,-39.20581,37.3226
428.752,-1.70206,-39.20585,37.32247
428.948,-1.70208,-39.20586,37.3224
429.144,-1.70213,-39.2059,37.3223
429.34,-1.70213,-39.20589,37.3223
429.544,-1.70213,-39.20588,37.3223
429.748,-1.70208,-39.20585,37.32244
429.948,-1.70202,-39.20581,37.32259
430.148,-1.70205,-39.20582,37.32254
430.344,-1.70211,-39.20587,37.32239
430.548,-1.70213,-39.20587,37.32231
430.744,-1.70211,-39.20585,37.3224
430.952,-1.70204,-39.20579,37.32255
431.14,-1.70199,-39.20575,37.32267
431.344,-1.70205,-39.20579,37.32256
431.54,-1.70202,-39.20576,37.32258
431.744,-1.702,-39.20571,37.32259
431.948,-1.70211,-39.20578,37.3223
432.144,-1.70207,-39.20574,37.32236
432.348,-1.70198,-39.20569,37.32262
432.544,-1.70201,-39.20567,37.32257
432.744,-1.70189,-39.20558,37.3229
432.944,-1.7019,-39.20551,37.3228
433.144,-1.70195,-39.20553,37.32263
433.348,-1.70195,-39.20551,37.32261
433.54,-1.70191,-39.20547,37.32273
433.744,-1.70192,-39.20547,37.32265
433.948,-1.70203,-39.20553,37.32238
434.148,-1.70205,-39.20554,37.32231
434.348,-1.70205,-39.20554,37.32232
434.544,-1.70206,-39.20554,37.32231
434.74,-1.70204,-39.20553,37.32234
434.948,-1.70204,-39.20552,37.32236
435.144,-1.70201,-39.2055,37.32242
435.344,-1.70195,-39.20545,37.32255
435.544,-1.70201,-39.20548,37.32244
435.744,-1.702,-39.20547,37.32245
435.948,-1.70195,-39.20541,37.32254
436.144,-1.70204,-39.20546,37.32233
436.34,-1.70202,-39.20546,37.32233
436.548,-1.70198,-39.20543,37.3225
436.748,-1.70201,-39.20543,37.32234
436.944,-1.70199,-39.20542,37.32237
437.144,-1.702,-39.20542,37.32235
437.348,-1.70201,-39.20541,37.32234
437.544,-1.70204,-39.20545,37.32229
437.74,-1.70198,-39.20538,37.32246
437.948,-1.70194,-39.20535,37.32256
438.144,-1.70195,-39.20532,37.32254
438.352,-1.70203,-39.20537,37.32231
438.548,-1.70194,-39.2053,37.32256
438.744,-1.70182,-39.20519,37.32279
438.944,-1.70176,-39.20496,37.32276
439.144,-1.70178,-39.20489,37.32257
439.344,-1.70178,-39.20485,37.32253
439.552,-1.70188,-39.20489,37.32231
439.804,-1.70178,-39.20477,37.32246
440.004,-1.70184,-39.20481,37.3223
440.204,-1.70179,-39.20476,37.32244
440.404,-1.70169,-39.20466,37.3227
440.604,-1.70159,-39.2044,37.32277
440.804,-1.70145,-39.20398,37.32267
441.004,-1.70144,-39.20379,37.32248
441.204,-1.70148,-39.20382,37.32232
441.404,-1.70143,-39.20378,37.32247
441.604,-1.70142,-39.20375,37.32253
441.804,-1.70139,-39.20371,37.32255
442.004,-1.70152,-39.20371,37.32229
442.204,-1.70139,-39.20364,37.32236
442.404,-1.70131,-39.20356,37.32257
442.604,-1.70133,-39.20348,37.32246
442.804,-1.70135,-39.20339,37.32234
443.004,-1.7013,-39.20335,37.32241
443.204,-1.7013,-39.20333,37.3223
443.404,-1.70131,-39.20332,37.3223
443.604,-1.70127,-39.2033,37.32238
443.804,-1.70123,-39.20324,37.32251
444.004,-1.7012,-39.20321,37.32255
444.204,-1.70119,-39.20309,37.32245
444.408,-1.7012,-39.20305,37.32239
444.64,-1.70114,-39.20297,37.32254
444.84,-1.70101,-39.20282,37.32275
445.044,-1.70094,-39.20244,37.32252
445.248,-1.70079,-39.20215,37.32269
445.44,-1.70061,-39.20174,37.32275
445.648,-1.70056,-39.2014,37.32247
445.848,-1.70054,-39.20129,37.32238
446.048,-1.70053,-39.20126,37.32245
446.244,-1.70043,-39.20112,37.32258
446.448,-1.70037,-39.20098,37.3227
446.648,-1.70034,-39.20085,37.32252
446.844,-1.70041,-39.20086,37.32235
447.04,-1.70041,-39.20083,37.32233
447.244,-1.70034,-39.20071,37.32244
447.44,-1.70033,-39.20064,37.32229
447.644,-1.7003,-39.20061,37.32236
447.84,-1.70022,-39.20055,37.32262
448.044,-1.70009,-39.20027,37.32264
448.244,-1.7,-39.19994,37.32263
448.444,-1.69983,-39.19952,37.32259
448.644,-1.69969,-39.19912,37.32255
448.844,-1.69967,-39.19897,37.32233
449.048,-1.69965,-39.19895,37.32236
449.252,-1.6996,-39.19887,37.3224
449.444,-1.69963,-39.19886,37.32238
449.644,-1.69954,-39.19875,37.32252
449.844,-1.69948,-39.19853,37.32234
450.044,-1.69951,-39.19853,37.3223
450.24,-1.69945,-39.19846,37.32242
450.444,-1.69945,-39.19844,37.32242
450.644,-1.69948,-39.19846,37.32234
450.848,-1.69936,-39.19831,37.32258
451.044,-1.69918,-39.198,37.3228
451.244,-1.69894,-39.19753,37.32292
451.44,-1.69877,-39.197,37.32273
451.644,-1.69855,-39.19634,37.32253
451.844,-1.6985,-39.19605,37.32233
452.04,-1.69838,-39.19592,37.32256
452.24,-1.69836,-39.19569,37.3223
452.448,-1.69834,-39.19565,37.32234
452.648,-1.69825,-39.19556,37.3225
452.872,-1.69826,-39.19555,37.32246
453.104,-1.6982,-39.19546,37.32257
453.304,-1.69825,-39.19549,37.32243
453.504,-1.69832,-39.19553,37.32226
453.704,-1.6983,-39.19559,37.32216
453.904,-1.69823,-39.19553,37.32243
454.104,-1.69794,-39.19535,37.32295
454.304,-1.69782,-39.19497,37.32287
454.504,-1.69775,-39.19457,37.32247
454.708,-1.69778,-39.19448,37.32238
454.904,-1.6977,-39.19435,37.32246
455.104,-1.69758,-39.19413,37.32245
455.304,-1.69758,-39.19409,37.32236
455.504,-1.69762,-39.19413,37.32213
455.704,-1.69754,-39.19413,37.32237
455.904,-1.69754,-39.19413,37.32265
456.104,-1.69748,-39.19411,37.32252
456.304,-1.69755,-39.1941,37.32226
456.504,-1.6976,-39.19412,37.32228
456.704,-1.69753,-39.19406,37.32217
456.904,-1.69754,-39.19408,37.32224
457.104,-1.69759,-39.19411,37.32217
457.304,-1.69748,-39.19404,37.32236
457.508,-1.69754,-39.19406,37.32247
457.704,-1.69742,-39.19397,37.32258
457.904,-1.69717,-39.19382,37.32277
458.104,-1.69733,-39.19368,37.32273
458.304,-1.69713,-39.19337,37.32274
458.504,-1.69725,-39.19342,37.32263
458.704,-1.69735,-39.19348,37.32249
458.904,-1.69727,-39.19354,37.32261
459.104,-1.69711,-39.19325,37.32266
459.304,-1.6971,-39.19324,37.32267
459.504,-1.69724,-39.19327,37.32253
459.704,-1.69734,-39.19333,37.32209
459.904,-1.69732,-39.1933,37.32208
460.104,-1.69728,-39.19329,37.32231
460.304,-1.69715,-39.19322,37.32236
460.504,-1.69723,-39.19326,37.32213
460.708,-1.69728,-39.19328,37.32223
460.944,-1.69703,-39.19316,37.32269
461.148,-1.69705,-39.19318,37.32279
461.348,-1.69712,-39.1932,37.32237
461.544,-1.69716,-39.19325,37.32256
461.752,-1.69716,-39.19323,37.32258
461.948,-1.69712,-39.19319,37.32261
462.14,-1.69709,-39.1932,37.32277
462.344,-1.69702,-39.19316,37.32271
462.54,-1.69718,-39.19324,37.32234
462.752,-1.69722,-39.19327,37.32209
462.952,-1.6972,-39.19325,37.32218
463.148,-1.69719,-39.19326,37.32239
463.344,-1.69706,-39.19316,37.32259
463.544,-1.69703,-39.19314,37.32282
463.748,-1.69697,-39.19309,37.32299
463.944,-1.69708,-39.19317,37.32272
464.14,-1.69721,-39.19325,37.32227
464.344,-1.69727,-39.19329,37.32206
464.54,-1.69723,-39.19325,37.32219
464.752,-1.69721,-39.19325,37.3222
464.96,-1.6972,-39.19329,37.32216
465.184,-1.69721,-39.19325,37.32222
465.376,-1.69718,-39.19323,37.32235
465.608,-1.69718,-39.19325,37.32236
465.804,-1.69717,-39.19322,37.32239
466.004,-1.69714,-39.19321,37.32247
466.204,-1.69717,-39.19323,37.32239
466.404,-1.69711,-39.19318,37.32252
466.604,-1.69713,-39.19319,37.32248
466.804,-1.69709,-39.19323,37.32246
467.004,-1.69713,-39.19326,37.32238
467.208,-1.69717,-39.19324,37.32233
467.404,-1.69713,-39.19325,37.32244
467.604,-1.69714,-39.19322,37.3224
467.792,-1.69715,-39.19326,37.32237
467.992,-1.69719,-39.19323,37.32229
468.192,-1.69715,-39.19327,37.3223
468.392,-1.69717,-39.19322,37.32237
468.592,-1.69715,-39.19322,37.32236
468.796,-1.69716,-39.19322,37.32233
468.992,-1.69713,-39.19325,37.32238
469.192,-1.6971,-39.19319,37.3225
469.392,-1.69713,-39.19322,37.32244
469.592,-1.6971,-39.1932,37.32248
469.792,-1.69713,-39.19322,37.32243
469.992,-1.69714,-39.19322,37.32241
470.196,-1.69706,-39.19318,37.32256
470.436,-1.69706,-39.19318,37.32253
470.636,-1.69712,-39.19324,37.32241
470.836,-1.69721,-39.19328,37.3221
471.036,-1.69714,-39.19325,37.32233
471.236,-1.69702,-39.19317,37.32268
471.436,-1.69687,-39.19324,37.32275
471.636,-1.69675,-39.19332,37.32262
471.836,-1.69678,-39.19338,37.32243
472.04,-1.6968,-39.1934,37.32227
472.244,-1.69679,-39.19341,37.32234
472.44,-1.69685,-39.19343,37.32216
472.64,-1.6969,-39.19347,37.32201
472.84,-1.69686,-39.19344,37.32212
473.036,-1.69676,-39.19337,37.32247
473.236,-1.6968,-39.19342,37.32222
473.44,-1.69681,-39.19343,37.32216
473.632,-1.69681,-39.19344,37.32223
473.84,-1.69685,-39.19346,37.32204
474.036,-1.69682,-39.19344,37.32214
474.24,-1.69679,-39.19343,37.32236
474.436,-1.69659,-39.19336,37.3227
474.64,-1.69614,-39.19352,37.32277
474.836,-1.69539,-39.19393,37.32245
475.036,-1.6951,-39.19415,37.32214
475.24,-1.69512,-39.19418,37.322
475.44,-1.69511,-39.19418,37.322
475.64,-1.69511,-39.19418,37.322
475.84,-1.6951,-39.19416,37.3221
476.04,-1.69511,-39.19419,37.32199
476.24,-1.69511,-39.1942,37.32199
476.44,-1.69512,-39.19419,37.32199
476.64,-1.69505,-39.19413,37.32231
476.836,-1.69472,-39.19415,37.32261
477.036,-1.69399,-39.19445,37.32254
477.264,-1.69353,-39.19515,37.32194
477.496,-1.69321,-39.19512,37.32215
477.696,-1.69308,-39.19504,37.32229
477.896,-1.69313,-39.1951,37.32207
478.096,-1.69302,-39.19507,37.32224
478.296,-1.69281,-39.19517,37.32233
478.496,-1.69214,-39.1953,37.32254
478.696,-1.69138,-39.19547,37.32274
478.896,-1.69056,-39.19594,37.323
479.096,-1.68914,-39.19643,37.32283
479.296,-1.68695,-39.19692,37.32277
479.496,-1.68631,-39.19767,37.32237
479.696,-1.68569,-39.19806,37.32201
479.868,-1.68567,-39.19803,37.32193
480.064,-1.68556,-39.19794,37.32217
480.296,-1.68527,-39.19784,37.32269
480.496,-1.68479,-39.19798,37.32277
480.696,-1.68435,-39.19829,37.32242
480.896,-1.68424,-39.1985,37.32195
481.096,-1.68421,-39.19845,37.322
481.296,-1.68392,-39.19829,37.32241
481.496,-1.68397,-39.19834,37.32259
481.696,-1.6839,-39.19836,37.32251
481.9,-1.68376,-39.19837,37.32231
482.136,-1.68412,-39.19848,37.32206
482.336,-1.6841,-39.19848,37.3221
482.536,-1.68405,-39.19843,37.3222
482.74,-1.68399,-39.19842,37.32229
482.936,-1.68412,-39.19848,37.32236
483.14,-1.684,-39.1984,37.32247
483.336,-1.68388,-39.19836,37.32257
483.536,-1.68385,-39.19855,37.32248
483.744,-1.68386,-39.19889,37.32202
483.94,-1.6837,-39.19879,37.32209
484.136,-1.68369,-39.19877,37.32195
484.34,-1.68372,-39.1988,37.32205
484.54,-1.68367,-39.19874,37.32203
484.74,-1.68377,-39.19882,37.32202
484.94,-1.68374,-39.19878,37.32203
485.14,-1.68369,-39.19874,37.32201
485.336,-1.6837,-39.19876,37.32211
485.54,-1.68372,-39.19878,37.322
485.732,-1.68365,-39.19873,37.32212
485.94,-1.68355,-39.1987,37.32233
486.136,-1.68347,-39.19883,37.32211
486.336,-1.68348,-39.19881,37.32213
486.54,-1.68344,-39.19879,37.32209
486.74,-1.68302,-39.19845,37.32218
486.944,-1.68351,-39.19881,37.32225
487.136,-1.68342,-39.19873,37.3223
487.336,-1.68339,-39.19875,37.32217
487.54,-1.68339,-39.19876,37.32216
487.732,-1.68344,-39.19879,37.32225
487.94,-1.68334,-39.19873,37.32243
488.136,-1.6833,-39.19868,37.32252
488.336,-1.68339,-39.19866,37.32252
488.536,-1.6835,-39.19869,37.32245
488.736,-1.68361,-39.19865,37.32237
488.944,-1.68364,-39.19872,37.32205
489.132,-1.68367,-39.19872,37.32219
489.34,-1.68351,-39.19868,37.32227
489.536,-1.68353,-39.19876,37.32217
489.74,-1.6835,-39.19879,37.32204
489.94,-1.68363,-39.19887,37.32201
490.132,-1.68354,-39.19882,37.32206
490.34,-1.68346,-39.19876,37.32206
490.536,-1.68353,-39.19879,37.3221
490.74,-1.6836,-39.19883,37.32209
490.936,-1.68358,-39.19876,37.32226
491.14,-1.68363,-39.19863,37.32242
491.336,-1.68372,-39.19867,37.32233
491.536,-1.68375,-39.19863,37.32239
491.736,-1.68371,-39.19869,37.32242
491.94,-1.68358,-39.1988,37.32211
492.136,-1.68355,-39.1988,37.32199
492.336,-1.68354,-39.19884,37.32223
492.536,-1.68338,-39.19881,37.32217
492.736,-1.68347,-39.19891,37.32206
492.936,-1.68345,-39.19888,37.32219
493.14,-1.6834,-39.19879,37.32258
493.336,-1.68324,-39.19864,37.3229
493.536,-1.68309,-39.19871,37.32285
493.74,-1.68291,-39.19883,37.32274
493.94,-1.68268,-39.19906,37.32241
494.144,-1.68265,-39.19917,37.32213
494.34,-1.68255,-39.1991,37.32227
494.536,-1.68238,-39.1992,37.32225
494.736,-1.68231,-39.19922,37.32229
494.936,-1.68224,-39.19921,37.32231
495.14,-1.68238,-39.19932,37.32197
495.336,-1.68234,-39.19928,37.32206
495.544,-1.6823,-39.19926,37.32215
495.736,-1.68233,-39.19929,37.32206
495.936,-1.68235,-39.1993,37.32198
496.14,-1.68233,-39.19929,37.32201
496.336,-1.68225,-39.19922,37.32225
496.536,-1.68213,-39.19915,37.32255
496.736,-1.68209,-39.19918,37.32249
496.936,-1.68211,-39.19925,37.32227
497.148,-1.68217,-39.1993,37.32209
497.344,-1.68221,-39.19933,37.32201
497.54,-1.68216,-39.19928,37.32213
497.74,-1.68211,-39.19925,37.32223
497.936,-1.68207,-39.19923,37.32236
498.144,-1.68211,-39.19926,37.32226
498.34,-1.68218,-39.19932,37.32199
498.54,-1.68215,-39.19929,37.32207
498.736,-1.68217,-39.19931,37.32202
498.94,-1.68214,-39.19929,37.32208
499.136,-1.68216,-39.19929,37.32206
499.34,-1.68214,-39.19927,37.32208
499.54,-1.68209,-39.19923,37.32221
499.736,-1.68212,-39.19925,37.32215
499.936,-1.68207,-39.19921,37.32234
500.14,-1.68197,-39.19913,37.32257
500.34,-1.68193,-39.19913,37.32273
500.54,-1.6818,-39.19916,37.32281
500.796,-1.6819,-39.19922,37.32253
500.996,-1.68203,-39.19933,37.32202
501.24,-1.68202,-39.19933,37.32201
501.44,-1.68201,-39.19932,37.32202
501.64,-1.68201,-39.19932,37.32202
501.844,-1.682,-39.19931,37.32204
502.036,-1.68198,-39.19928,37.32212
502.24,-1.68199,-39.19927,37.3221
502.44,-1.68194,-39.19924,37.32219
502.644,-1.68195,-39.19926,37.32216
502.844,-1.68202,-39.19931,37.32202
503.04,-1.682,-39.1993,37.32204
503.236,-1.68199,-39.19928,37.32208
503.44,-1.68197,-39.19927,37.32211
503.64,-1.68195,-39.19925,37.32218
503.84,-1.6819,-39.19921,37.32233
504.04,-1.68193,-39.19923,37.32228
504.24,-1.68201,-39.19929,37.32201
504.436,-1.68193,-39.19923,37.32223
504.64,-1.68183,-39.19916,37.32251
504.836,-1.68187,-39.1992,37.32246
505.036,-1.68201,-39.19929,37.32201
505.24,-1.68191,-39.19922,37.32229
505.436,-1.68194,-39.19923,37.32224
505.636,-1.6811,-39.19861,37.32245
505.836,-1.68195,-39.19924,37.32219
506.064,-1.6819,-39.19921,37.32238
506.296,-1.68193,-39.19922,37.3223
506.496,-1.68193,-39.19922,37.32224
506.696,-1.68194,-39.19923,37.32223
506.896,-1.6819,-39.1992,37.32232
507.096,-1.68196,-39.19924,37.32214
507.296,-1.68194,-39.19921,37.32215
507.496,-1.68194,-39.19922,37.32216
507.696,-1.68197,-39.19923,37.3221
507.896,-1.68198,-39.19923,37.32205
508.096,-1.68197,-39.19923,37.32204
508.296,-1.68198,-39.19924,37.32204
508.496,-1.68197,-39.19922,37.32205
508.696,-1.6819,-39.19918,37.32227
508.896,-1.68185,-39.19915,37.32238
509.096,-1.68194,-39.19921,37.3222
509.296,-1.68197,-39.19923,37.32202
509.496,-1.68193,-39.19919,37.32215
509.696,-1.6819,-39.19917,37.32225
509.9,-1.68193,-39.1992,37.32225
510.1,-1.68192,-39.19919,37.32218
510.296,-1.68196,-39.19921,37.32204
510.496,-1.68195,-39.1992,37.32209
510.696,-1.68198,-39.19923,37.32202
510.896,-1.68191,-39.19918,37.32216
511.096,-1.6819,-39.19918,37.32223
511.296,-1.68192,-39.19918,37.32216
511.496,-1.68197,-39.19921,37.32203
511.696,-1.68195,-39.1992,37.32205
511.896,-1.68197,-39.1992,37.32203
512.096,-1.68191,-39.19916,37.32216
512.296,-1.6819,-39.19916,37.32225
512.496,-1.68196,-39.1992,37.32207
512.696,-1.68198,-39.1992,37.32203
512.896,-1.68197,-39.19919,37.32204
513.096,-1.68196,-39.19918,37.32207
513.296,-1.68166,-39.19913,37.32201
513.496,-1.68198,-39.19919,37.32204
513.696,-1.68192,-39.19916,37.32218
513.896,-1.68187,-39.19912,37.32232
514.096,-1.68188,-39.19913,37.32231
514.296,-1.682,-39.1992,37.32202
514.496,-1.68199,-39.19919,37.32203
514.696,-1.68199,-39.19919,37.32203
514.896,-1.68197,-39.19918,37.32208
515.096,-1.68198,-39.19919,37.32203
515.296,-1.68198,-39.19918,37.32206
515.496,-1.68198,-39.19917,37.32208
515.696,-1.68195,-39.19916,37.32212
515.896,-1.68198,-39.19916,37.32204
516.1,-1.68197,-39.19917,37.32209
516.296,-1.68197,-39.19916,37.32209
516.496,-1.68199,-39.19917,37.32204
516.696,-1.68198,-39.19916,37.32209
516.896,-1.68196,-39.19915,37.32214
517.096,-1.68199,-39.19917,37.32206
517.296,-1.68197,-39.19916,37.32209
517.496,-1.68198,-39.19915,37.32208
517.696,-1.68195,-39.19914,37.32216
517.896,-1.68199,-39.19916,37.32202
518.096,-1.68198,-39.19915,37.32202
518.296,-1.68196,-39.19914,37.32205
518.496,-1.68195,-39.19912,37.32212
518.696,-1.68196,-39.19914,37.32204
518.896,-1.68198,-39.19915,37.32203
519.096,-1.68197,-39.19914,37.32203
519.296,-1.68198,-39.19914,37.32203
519.496,-1.68197,-39.19913,37.32205
519.696,-1.68199,-39.19914,37.32203
519.896,-1.68191,-39.19907,37.32222
520.096,-1.68192,-39.19906,37.32217
520.296,-1.68186,-39.19899,37.32228
520.5,-1.68182,-39.19893,37.32238
520.696,-1.68175,-39.19872,37.32238
520.896,-1.68165,-39.1983,37.32222
521.08,-1.68155,-39.198,37.32214
521.28,-1.6815,-39.19779,37.32201
521.5,-1.68149,-39.19774,37.32202
521.7,-1.68148,-39.19774,37.32202
521.9,-1.68138,-39.19759,37.32225
522.1,-1.6812,-39.19707,37.32217
522.3,-1.68105,-39.19665,37.3221
522.5,-1.68104,-39.19654,37.32198
522.7,-1.68097,-39.19643,37.3221
522.9,-1.68088,-39.19607,37.32196
523.1,-1.68073,-39.19568,37.32202
523.3,-1.6805,-39.19516,37.32208
523.5,-1.68029,-39.19462,37.32217
523.7,-1.68007,-39.19405,37.32213
523.9,-1.67988,-39.19357,37.3221
524.072,-1.67973,-39.19324,37.32224
524.3,-1.67888,-39.19222,37.32224
524.5,-1.679,-39.19153,37.32231
524.7,-1.67857,-39.19041,37.32242
524.9,-1.67817,-39.18931,37.32229
525.1,-1.67804,-39.189,37.32224
525.3,-1.67801,-39.18893,37.32215
525.5,-1.67812,-39.18898,37.32187
525.7,-1.67809,-39.18895,37.32202
525.9,-1.678,-39.18891,37.32221
526.1,-1.67799,-39.18888,37.32224
526.3,-1.678,-39.18888,37.32221
526.5,-1.67795,-39.18883,37.32235
526.7,-1.67786,-39.18866,37.3224
526.9,-1.67782,-39.18858,37.32249
527.1,-1.67765,-39.1884,37.3228
527.3,-1.67757,-39.18808,37.32259
527.5,-1.67761,-39.18795,37.32257
527.7,-1.67758,-39.18794,37.32233
527.904,-1.67762,-39.18799,37.32231
528.1,-1.67781,-39.18816,37.32188
528.3,-1.67764,-39.18805,37.32207
528.5,-1.6776,-39.18798,37.3225
528.7,-1.67757,-39.18797,37.32266
528.9,-1.67761,-39.18798,37.32233
529.1,-1.67766,-39.18802,37.3224
529.3,-1.67764,-39.18799,37.32254
529.5,-1.67731,-39.18774,37.32301
529.7,-1.67716,-39.1874,37.32313
529.9,-1.67721,-39.18722,37.32281
530.1,-1.6772,-39.18717,37.3226
530.3,-1.67722,-39.18719,37.3226
530.5,-1.67726,-39.18722,37.32258
530.7,-1.67723,-39.18719,37.32248
530.9,-1.67737,-39.18729,37.32214
531.1,-1.6774,-39.1873,37.32198
531.3,-1.67745,-39.18734,37.32187
531.5,-1.67741,-39.18731,37.32193
531.7,-1.67733,-39.18729,37.32219
531.9,-1.67724,-39.18725,37.3224
532.1,-1.6772,-39.18723,37.32257
532.3,-1.67727,-39.18728,37.32238
532.504,-1.67728,-39.18728,37.32213
532.7,-1.6773,-39.1873,37.32215
532.9,-1.67732,-39.18731,37.3223
533.1,-1.67723,-39.18724,37.3225
533.3,-1.67714,-39.1872,37.32273
533.5,-1.6771,-39.18718,37.32286
533.7,-1.67707,-39.18717,37.3229
533.904,-1.67712,-39.18719,37.3228
534.1,-1.67724,-39.18727,37.32231
534.3,-1.6774,-39.18735,37.32193
534.5,-1.67742,-39.18736,37.32178
534.7,-1.67739,-39.18733,37.32184
534.9,-1.67741,-39.18737,37.32213
535.1,-1.6772,-39.18723,37.32242
535.3,-1.67717,-39.18721,37.3226
535.5,-1.67716,-39.18718,37.32248
535.704,-1.6771,-39.18717,37.32268
535.904,-1.67714,-39.1872,37.32249
536.1,-1.67716,-39.18722,37.32231
536.3,-1.67738,-39.18736,37.3219
536.5,-1.67742,-39.18738,37.32183
536.7,-1.67734,-39.18734,37.32199
536.9,-1.6772,-39.18725,37.32222
537.1,-1.67712,-39.18721,37.32256
537.3,-1.67703,-39.18715,37.32275
537.5,-1.67713,-39.18722,37.32246
537.7,-1.67722,-39.18728,37.32219
537.872,-1.6773,-39.18732,37.32204
538.1,-1.67734,-39.18735,37.32187
538.3,-1.67723,-39.18727,37.32222
538.5,-1.67714,-39.18724,37.32244
538.7,-1.67719,-39.18727,37.32234
538.9,-1.67714,-39.18725,37.32244
539.1,-1.67717,-39.18727,37.32232
539.3,-1.67713,-39.18724,37.32249
539.5,-1.67713,-39.18725,37.32246
539.7,-1.6772,-39.18729,37.32224
539.9,-1.67718,-39.18729,37.32226
540.1,-1.67718,-39.18729,37.32235
540.3,-1.67716,-39.18727,37.32237
540.5,-1.67715,-39.18727,37.32237
540.7,-1.67726,-39.18733,37.32211
540.9,-1.67729,-39.18735,37.322
541.1,-1.67718,-39.1873,37.32226
541.3,-1.67708,-39.18724,37.32258
541.5,-1.67715,-39.18731,37.3224
541.7,-1.67717,-39.18732,37.32228
541.9,-1.67721,-39.18734,37.32215
542.1,-1.67716,-39.18733,37.32226
542.3,-1.67712,-39.18731,37.3224
542.5,-1.67712,-39.1873,37.32241
542.7,-1.67705,-39.18729,37.32254
542.9,-1.67701,-39.18731,37.32254
543.104,-1.67697,-39.18732,37.32248
543.3,-1.67694,-39.18736,37.3224
543.5,-1.67698,-39.1874,37.32223
543.7,-1.67703,-39.18743,37.3221
543.9,-1.67705,-39.18744,37.32205
544.1,-1.67697,-39.18742,37.32221
544.3,-1.67689,-39.18746,37.32223
544.5,-1.67687,-39.18745,37.32228
544.7,-1.67686,-39.18745,37.32228
544.9,-1.67685,-39.18745,37.32229
545.1,-1.67674,-39.18742,37.32249
545.3,-1.67664,-39.18749,37.32235
545.5,-1.67664,-39.18757,37.3222
545.704,-1.67669,-39.18761,37.32206
545.9,-1.67672,-39.18763,37.32201
546.1,-1.67662,-39.18763,37.3221
546.3,-1.67651,-39.18758,37.3223
546.5,-1.6761,-39.18731,37.32253
546.7,-1.6757,-39.18787,37.32246
546.9,-1.67496,-39.18824,37.32231
547.1,-1.67398,-39.18865,37.32217
547.304,-1.67278,-39.18915,37.32223
547.504,-1.67198,-39.18945,37.32238
547.7,-1.67128,-39.18957,37.32259
547.9,-1.67054,-39.18999,37.32234
548.1,-1.66952,-39.19035,37.32208
548.3,-1.66888,-39.19056,37.32182
548.5,-1.6688,-39.19059,37.322
548.7,-1.66869,-39.19057,37.32212
548.9,-1.66857,-39.19071,37.32212
549.1,-1.66693,-39.19058,37.32215
549.3,-1.668,-39.19091,37.32179
549.5,-1.66795,-39.19089,37.32207
549.7,-1.66775,-39.19088,37.32239
549.9,-1.66733,-39.19103,37.32231
550.108,-1.66673,-39.19128,37.32234
550.344,-1.66599,-39.19163,37.32218
550.544,-1.66445,-39.19166,37.32174
550.744,-1.66562,-39.19197,37.32174
550.94,-1.6656,-39.19196,37.32181
551.148,-1.66551,-39.19191,37.32204
551.344,-1.66567,-39.192,37.32173
551.536,-1.66557,-39.19196,37.3218
551.744,-1.66544,-39.1919,37.32208
551.944,-1.66533,-39.19182,37.32225
552.136,-1.66518,-39.19187,37.32225
552.336,-1.66527,-39.19199,37.32191
552.544,-1.66534,-39.19201,37.32176
552.744,-1.66529,-39.19198,37.32192
552.944,-1.66523,-39.19191,37.32217
553.144,-1.66512,-39.19186,37.32227
553.344,-1.66517,-39.19189,37.32215
553.54,-1.66525,-39.19193,37.32206
553.744,-1.66536,-39.19202,37.32187
553.948,-1.66538,-39.19204,37.32173
554.14,-1.6653,-39.19201,37.32198
554.34,-1.66515,-39.19191,37.32224
554.544,-1.66506,-39.19189,37.32226
554.736,-1.66503,-39.19191,37.32239
554.94,-1.66497,-39.19195,37.32234
555.144,-1.6649,-39.19201,37.32228
555.344,-1.66485,-39.19204,37.32243
555.548,-1.66476,-39.1921,37.32227
555.748,-1.66463,-39.19218,37.32219
555.956,-1.66429,-39.19229,37.32212
556.152,-1.66412,-39.19246,37.32178
556.36,-1.66413,-39.19246,37.3217
556.544,-1.6641,-39.19246,37.32192
556.756,-1.66393,-39.19231,37.32221
556.956,-1.66401,-39.19227,37.32243
557.156,-1.66404,-39.19235,37.32207
557.348,-1.66399,-39.19232,37.3223
557.556,-1.66393,-39.19236,37.32231
557.748,-1.6637,-39.19225,37.32256
557.948,-1.66326,-39.19231,37.32278
558.156,-1.66234,-39.19259,37.32289
558.352,-1.66128,-39.1931,37.32271
558.584,-1.65992,-39.1935,37.32265
558.808,-1.65825,-39.19385,37.32221
559.008,-1.65851,-39.19423,37.32176
559.216,-1.65852,-39.19415,37.32201
559.416,-1.65859,-39.1941,37.32204
559.612,-1.6586,-39.19412,37.32201
559.808,-1.65869,-39.19413,37.32187
560.008,-1.6586,-39.19404,37.32199
560.208,-1.65868,-39.19412,37.32185
560.408,-1.65779,-39.19355,37.32201
560.608,-1.65862,-39.19404,37.32198
560.808,-1.6586,-39.19407,37.3222
561.008,-1.65845,-39.19393,37.32256
561.208,-1.65843,-39.19405,37.32232
561.408,-1.65849,-39.19409,37.32205
561.608,-1.65846,-39.19406,37.32196
561.808,-1.65848,-39.19407,37.32214
562.008,-1.65845,-39.19405,37.3223
562.208,-1.65837,-39.19398,37.32256
562.412,-1.65826,-39.19393,37.32273
562.608,-1.65798,-39.19401,37.32248
562.808,-1.65809,-39.19423,37.32224
563.008,-1.65804,-39.19415,37.32258
563.212,-1.65773,-39.19417,37.32278
563.408,-1.65729,-39.19416,37.32291
563.608,-1.65704,-39.19431,37.32272
563.808,-1.65716,-39.1947,37.32222
564.008,-1.65719,-39.19472,37.32205
564.208,-1.65724,-39.19466,37.32237
564.408,-1.65717,-39.19462,37.32239
564.608,-1.65722,-39.19462,37.3223
564.808,-1.6575,-39.19458,37.32209
564.98,-1.65764,-39.19451,37.322
565.208,-1.65756,-39.19447,37.32247
565.448,-1.65769,-39.19437,37.32242
565.676,-1.65807,-39.1944,37.32237
565.908,-1.65847,-39.19411,37.32257
566.108,-1.65901,-39.19384,37.32266
566.308,-1.65945,-39.19367,37.32274
566.512,-1.65966,-39.19363,37.32273
566.708,-1.65974,-39.19385,37.32236
566.908,-1.65974,-39.19386,37.32208
567.108,-1.65918,-39.19379,37.32199
567.308,-1.66004,-39.1938,37.32202
567.508,-1.66016,-39.1938,37.322
567.708,-1.6602,-39.19377,37.32213
567.908,-1.66012,-39.19372,37.32213
568.108,-1.66011,-39.19372,37.32219
568.308,-1.66019,-39.19378,37.32208
568.508,-1.66014,-39.19375,37.32205
568.708,-1.66018,-39.19376,37.32199
568.908,-1.66009,-39.19371,37.32209
569.108,-1.65994,-39.19361,37.3223
569.308,-1.65975,-39.19364,37.32259
569.508,-1.65947,-39.19387,37.3223
569.708,-1.65922,-39.19399,37.32226
569.908,-1.65925,-39.19405,37.3222
570.108,-1.65921,-39.19404,37.32218
570.308,-1.65934,-39.19413,37.32197
570.508,-1.6593,-39.19411,37.32198
570.708,-1.65931,-39.19411,37.32192
570.948,-1.65926,-39.19407,37.32204
571.208,-1.65927,-39.19408,37.32189
571.408,-1.65922,-39.19406,37.32204
571.608,-1.65923,-39.19406,37.32202
571.844,-1.6592,-39.19405,37.32204
572.044,-1.65908,-39.19395,37.32227
572.248,-1.65909,-39.19396,37.32223
572.444,-1.65917,-39.19402,37.32212
572.652,-1.6592,-39.19404,37.32216
572.848,-1.65931,-39.1941,37.32197
573.048,-1.6593,-39.19409,37.3219
573.252,-1.65926,-39.19406,37.32197
573.448,-1.65931,-39.19411,37.32186
573.648,-1.65917,-39.19402,37.32211
573.852,-1.65911,-39.19397,37.32234
574.044,-1.65916,-39.19401,37.32215
574.252,-1.65932,-39.19412,37.32192
574.448,-1.65919,-39.1941,37.32191
574.652,-1.65931,-39.19412,37.32185
574.848,-1.65926,-39.19408,37.32188
575.048,-1.6592,-39.19403,37.32193
575.248,-1.65918,-39.19401,37.32227
575.448,-1.65923,-39.19401,37.32191
575.644,-1.65909,-39.19401,37.32191
575.856,-1.65932,-39.19406,37.32189
576.048,-1.65926,-39.19402,37.3219
576.252,-1.65925,-39.19402,37.32189
576.444,-1.65931,-39.19406,37.32189
576.644,-1.65941,-39.1941,37.32175
576.852,-1.65945,-39.19413,37.32175
577.048,-1.65944,-39.19412,37.32175
577.252,-1.65939,-39.19407,37.3219
577.448,-1.65934,-39.19404,37.32198
577.644,-1.65937,-39.19406,37.32193
577.848,-1.65946,-39.19412,37.32173
578.044,-1.65944,-39.19411,37.32172
578.248,-1.65944,-39.19409,37.32178
578.444,-1.65946,-39.19411,37.32175
578.644,-1.65935,-39.19402,37.32195
578.848,-1.65935,-39.19402,37.32198
579.052,-1.65938,-39.19403,37.3219
579.248,-1.65921,-39.19393,37.32221
579.444,-1.65935,-39.19401,37.32201
579.648,-1.65927,-39.19396,37.3221
579.844,-1.65919,-39.19391,37.32233
580.052,-1.65929,-39.19399,37.32214
580.248,-1.65918,-39.19391,37.32238
580.452,-1.65916,-39.1939,37.32244
580.652,-1.65925,-39.19395,37.32226
580.848,-1.6594,-39.19404,37.32181
581.048,-1.65945,-39.19409,37.32173
581.248,-1.65939,-39.19404,37.32184
581.448,-1.65937,-39.19402,37.32185
581.648,-1.65932,-39.19399,37.32201
581.852,-1.65933,-39.19399,37.32199
582.048,-1.65944,-39.19407,37.32174
582.248,-1.65935,-39.194,37.32201
582.448,-1.65923,-39.19391,37.32224
582.644,-1.65923,-39.1939,37.32225
582.844,-1.65932,-39.19397,37.32209
583.044,-1.65926,-39.19392,37.32222
583.248,-1.6593,-39.19395,37.32212
583.448,-1.65935,-39.19399,37.322
583.648,-1.65922,-39.19389,37.3223
583.852,-1.65921,-39.19387,37.32241
584.048,-1.65936,-39.19398,37.32206
584.248,-1.65933,-39.19395,37.32206
584.452,-1.65928,-39.19391,37.32221
584.656,-1.65933,-39.19395,37.32212
584.852,-1.65931,-39.19393,37.32212
585.052,-1.65929,-39.19391,37.32213
585.252,-1.65939,-39.19397,37.32194
585.452,-1.65937,-39.19397,37.32199
585.648,-1.65931,-39.19392,37.3221
585.848,-1.65919,-39.19383,37.3224
586.048,-1.65911,-39.19377,37.32261
586.276,-1.65919,-39.19383,37.32242
586.508,-1.65927,-39.19387,37.32219
586.708,-1.65945,-39.194,37.3218
586.908,-1.65938,-39.19394,37.32194
587.108,-1.65938,-39.19392,37.32196
587.308,-1.65948,-39.19399,37.32177
587.508,-1.65941,-39.19395,37.32188
587.708,-1.65939,-39.19394,37.32194
587.908,-1.6593,-39.19386,37.32214
588.112,-1.65926,-39.19383,37.32222
588.308,-1.6592,-39.19378,37.32238
588.508,-1.65911,-39.19383,37.32225
588.68,-1.6593,-39.19386,37.32216
588.908,-1.65938,-39.19391,37.32199
589.108,-1.65944,-39.19395,37.32187
589.344,-1.6595,-39.19399,37.32175
589.544,-1.65951,-39.19398,37.32175
589.744,-1.65946,-39.19394,37.32184
589.944,-1.65932,-39.19383,37.32214
590.148,-1.65919,-39.19375,37.32239
590.348,-1.65922,-39.19375,37.32229
590.544,-1.65929,-39.19381,37.32216
590.748,-1.6593,-39.19381,37.32214
590.948,-1.65938,-39.19387,37.32198
591.144,-1.65935,-39.19385,37.32201
591.348,-1.65934,-39.19382,37.32208
591.548,-1.65934,-39.1938,37.32205
591.748,-1.65936,-39.19382,37.32199
591.948,-1.65933,-39.19379,37.32204
592.148,-1.65937,-39.19382,37.32196
592.348,-1.65946,-39.19387,37.32177
592.548,-1.65945,-39.19386,37.32177
592.748,-1.65945,-39.19385,37.32177
592.948,-1.65933,-39.19376,37.32206
593.152,-1.65934,-39.19374,37.32195
593.344,-1.65939,-39.19377,37.32185
593.552,-1.65931,-39.19368,37.32205
593.748,-1.6594,-39.19373,37.32183
593.944,-1.65942,-39.19374,37.32179
594.144,-1.65941,-39.19372,37.32181
594.344,-1.6594,-39.19371,37.32181
594.544,-1.65938,-39.19368,37.32187
594.748,-1.6594,-39.19368,37.32181
594.956,-1.65929,-39.19359,37.32206
595.152,-1.65924,-39.1935,37.32216
595.344,-1.65912,-39.19334,37.32232
595.544,-1.65906,-39.19305,37.32221
595.748,-1.65903,-39.19269,37.32199
595.948,-1.65905,-39.19258,37.32181
596.144,-1.65904,-39.19257,37.32185
596.356,-1.65895,-39.19243,37.322
596.548,-1.65888,-39.19229,37.32207
596.752,-1.65901,-39.19229,37.32188
596.948,-1.65889,-39.19218,37.322
597.144,-1.6588,-39.19206,37.32209
597.348,-1.65876,-39.19191,37.32208
597.552,-1.65865,-39.19154,37.32203
597.756,-1.65844,-39.19096,37.32202
597.952,-1.65831,-39.19056,37.32201
598.144,-1.65823,-39.19022,37.32196
598.348,-1.65796,-39.18979,37.32228
598.552,-1.65778,-39.1891,37.3221
598.744,-1.65756,-39.18812,37.32181
598.948,-1.65626,-39.18689,37.32218
599.144,-1.6569,-39.18654,37.32203
599.348,-1.65669,-39.18572,37.32175
599.548,-1.65646,-39.18511,37.32175
599.748,-1.6564,-39.18499,37.32172
599.952,-1.65637,-39.18492,37.3217
600.152,-1.65629,-39.18479,37.32167
600.348,-1.65633,-39.18482,37.3217
600.544,-1.65624,-39.18455,37.32185
600.748,-1.656,-39.18391,37.32184
600.948,-1.6557,-39.18312,37.32184
601.148,-1.6551,-39.18206,37.32236
601.348,-1.65452,-39.18059,37.32241
601.612,-1.65378,-39.17886,37.32188
601.808,-1.65356,-39.17819,37.32202
602.008,-1.65325,-39.17743,37.32226
602.208,-1.65285,-39.17657,37.32224
602.408,-1.65256,-39.17596,37.32234
602.612,-1.65223,-39.17529,37.3225
602.808,-1.6521,-39.17476,37.32238
603.008,-1.65194,-39.17427,37.3223
603.208,-1.65174,-39.17379,37.32241
603.408,-1.65175,-39.17394,37.32262
603.608,-1.65162,-39.1737,37.3224
603.808,-1.65149,-39.17344,37.32246
604.008,-1.65152,-39.17348,37.32234
604.216,-1.65157,-39.17369,37.32195
604.448,-1.65167,-39.17376,37.32189
604.648,-1.65166,-39.17377,37.32211
604.848,-1.65166,-39.17375,37.32221
605.052,-1.65159,-39.1737,37.3222
605.256,-1.65161,-39.17372,37.32238
605.448,-1.65145,-39.17359,37.32262
605.652,-1.65138,-39.17351,37.3226
605.852,-1.65147,-39.17357,37.32246
606.048,-1.65153,-39.17359,37.32235
606.252,-1.65146,-39.1735,37.32244
606.448,-1.65133,-39.17341,37.32251
606.656,-1.65143,-39.17347,37.32231
606.844,-1.65155,-39.17355,37.32223
607.044,-1.65143,-39.17346,37.32231
607.308,-1.65157,-39.17353,37.32237
607.508,-1.65152,-39.17349,37.32229
607.708,-1.65147,-39.17345,37.32247
607.908,-1.65147,-39.17345,37.32258
608.108,-1.65143,-39.17341,37.32233
608.34,-1.65172,-39.17359,37.322
608.54,-1.65166,-39.17358,37.32192
608.744,-1.65158,-39.17348,37.32205
608.944,-1.65146,-39.17344,37.32248
609.144,-1.6513,-39.17333,37.32278
609.352,-1.65116,-39.17319,37.32328
609.588,-1.65097,-39.17269,37.323
609.82,-1.65096,-39.17258,37.32288
610.052,-1.65114,-39.17267,37.3225
610.292,-1.6512,-39.17271,37.32239
610.552,-1.65118,-39.17268,37.32226
610.756,-1.65116,-39.1727,37.32241
611.02,-1.65112,-39.17267,37.32241
611.252,-1.65117,-39.17269,37.3223
611.456,-1.65118,-39.17272,37.32241
611.688,-1.651,-39.17263,37.32286
611.952,-1.65102,-39.17264,37.32266
612.152,-1.65121,-39.17264,37.32206
612.388,-1.65126,-39.17284,37.32198
612.652,-1.65127,-39.17283,37.32189
612.888,-1.65068,-39.17159,37.32205
613.152,-1.65133,-39.17291,37.32172
613.356,-1.65127,-39.17287,37.32189
613.588,-1.65127,-39.17287,37.3219
613.82,-1.65116,-39.17279,37.32215
614.056,-1.65107,-39.17275,37.32243
614.32,-1.65096,-39.17268,37.32269
614.588,-1.65107,-39.17275,37.32236
614.82,-1.65106,-39.17256,37.32221
615.024,-1.65115,-39.1728,37.3221
615.256,-1.65123,-39.17287,37.32195
615.488,-1.6512,-39.17285,37.32203
615.656,-1.65107,-39.17275,37.32226
615.892,-1.65118,-39.17285,37.32204
616.12,-1.65114,-39.17281,37.32213
616.388,-1.65115,-39.17282,37.3221
616.62,-1.65124,-39.1729,37.3219
616.888,-1.65122,-39.17288,37.32194
617.152,-1.65121,-39.17287,37.32198
617.356,-1.65102,-39.17276,37.32247
617.56,-1.65079,-39.17282,37.3227
617.788,-1.65068,-39.17305,37.32223
618.02,-1.65056,-39.17328,37.32182
618.256,-1.65061,-39.17329,37.32155
618.488,-1.65044,-39.1732,37.32208
618.72,-1.65019,-39.17316,37.32254
618.924,-1.64975,-39.17328,37.32271
619.152,-1.64906,-39.17371,37.32237
619.36,-1.64833,-39.17407,37.32217
619.588,-1.64759,-39.17437,37.3221
619.856,-1.64673,-39.17488,37.32218
620.088,-1.64589,-39.17496,37.32231
620.352,-1.6454,-39.17523,37.32204
620.588,-1.64536,-39.17526,37.32186
620.86,-1.64487,-39.17522,37.32237
621.056,-1.64398,-39.17553,37.32239
621.288,-1.64315,-39.17603,37.32205
621.552,-1.64292,-39.17623,37.32195
621.788,-1.6426,-39.17575,37.32257
622.024,-1.64205,-39.17599,37.32253
622.256,-1.64104,-39.17637,37.32249
622.52,-1.6402,-39.17676,37.32242
622.76,-1.63964,-39.17686,37.32263
622.968,-1.63906,-39.17685,37.32268
623.148,-1.63873,-39.17715,37.32241
623.328,-1.63853,-39.17729,37.32213
623.536,-1.63857,-39.17734,37.32204
623.736,-1.63857,-39.17735,37.32212
623.936,-1.63844,-39.17729,37.32248
624.136,-1.63813,-39.17721,37.32277
624.34,-1.63779,-39.17738,37.32282
624.54,-1.63636,-39.17671,37.32297
624.74,-1.63575,-39.17683,37.32316
624.936,-1.63528,-39.17702,37.32315
625.14,-1.63482,-39.17746,37.32283
625.336,-1.63391,-39.17738,37.32256
625.536,-1.63425,-39.17788,37.32237
625.736,-1.63393,-39.17775,37.32275
625.936,-1.63377,-39.1778,37.32266
626.14,-1.63348,-39.17784,37.32265
626.336,-1.6324,-39.17718,37.32302
626.536,-1.63143,-39.17738,37.32321
626.736,-1.63255,-39.17814,37.32298
626.936,-1.63247,-39.17824,37.32277
627.14,-1.63068,-39.17736,37.3232
627.336,-1.63225,-39.17811,37.32333
627.536,-1.63222,-39.17822,37.32293
627.736,-1.63215,-39.17831,37.32273
627.936,-1.63197,-39.17836,37.32261
628.136,-1.63175,-39.17837,37.3228
628.336,-1.63166,-39.1783,37.32286
628.58,-1.63145,-39.17836,37.32308
628.784,-1.63103,-39.17841,37.32325
628.984,-1.63073,-39.17862,37.32319
629.212,-1.63006,-39.17861,37.32352
629.436,-1.62928,-39.17896,37.32329
629.644,-1.6287,-39.17961,37.32212
629.836,-1.62863,-39.17962,37.32201
630.04,-1.62875,-39.1796,37.32206
630.24,-1.62859,-39.17949,37.3224
630.436,-1.62841,-39.17945,37.32291
630.636,-1.62809,-39.17956,37.32297
630.836,-1.62792,-39.17967,37.32266
631.036,-1.62806,-39.17979,37.32223
631.236,-1.62814,-39.17987,37.32197
631.436,-1.62823,-39.1799,37.32198
631.636,-1.62819,-39.17969,37.32245
631.84,-1.62837,-39.17964,37.32247
632.036,-1.62837,-39.17961,37.3225
632.236,-1.6284,-39.17962,37.32259
632.436,-1.62844,-39.17961,37.32256
632.644,-1.62836,-39.17957,37.32278
