t,cost,bas,track,vel,phase
10.612,5.136e+04,0.321958,133,0.002,GROUND
10.684,204.9,0.321887,96,0.002,GROUND
10.812,237.2,0.32139,129,0.001,GROUND
10.912,211,0.320939,131,0.002,GROUND
11.016,196.9,0.320144,132,0.002,GROUND
11.116,187.5,0.319658,139,0.001,GROUND
11.216,189.5,0.319445,137,0.003,GROUND
11.348,224.7,0.319226,134,0.001,GROUND
11.448,187.7,0.319037,130,0.003,GROUND
11.548,185.9,0.318766,136,0.003,GROUND
11.648,187.5,0.318284,135,0.002,GROUND
11.748,192.3,0.317508,130,0.002,GROUND
11.848,180.5,0.316774,136,0.002,GROUND
11.948,180.5,0.316198,137,0.002,GROUND
12.048,182.6,0.315771,135,0.001,GROUND
12.148,177.8,0.315608,138,0.002,GROUND
12.248,186.4,0.315521,142,0.001,GROUND
12.348,184.5,0.315247,136,0.004,GROUND
12.448,188.6,0.315291,140,0.002,GROUND
12.548,182,0.315511,142,0.002,GROUND
12.648,180.6,0.316467,138,0.000,GROUND
12.748,176.3,0.317311,136,0.001,GROUND
12.852,181.7,0.318056,133,0.002,GROUND
12.948,185.4,0.31793,137,0.002,GROUND
13.048,179.4,0.318261,134,0.001,GROUND
13.180,193.1,0.319382,132,0.002,GROUND
13.312,190.5,0.321152,136,0.004,GROUND
13.384,175.5,0.322606,134,0.004,GROUND
13.512,171.8,0.325076,132,0.002,GROUND
13.584,172.5,0.325513,138,0.002,GROUND
13.716,173.6,0.325897,134,0.005,GROUND
13.848,175.4,0.326501,137,0.002,GROUND
13.952,175.4,0.327047,133,0.003,GROUND
14.080,172.1,0.329489,136,0.002,GROUND
14.152,170.8,0.330685,143,0.001,GROUND
14.280,171.2,0.333641,137,0.001,GROUND
14.380,172,0.336019,137,0.002,GROUND
14.480,169.7,0.336675,134,0.002,GROUND
14.580,172,0.337575,135,0.003,GROUND
14.680,180,0.340498,141,0.001,GROUND
14.780,171.5,0.342325,137,0.002,GROUND
14.880,175.1,0.348152,143,0.002,GROUND
14.984,175.2,0.351075,138,0.003,GROUND
15.120,179.5,0.360819,134,0.003,GROUND
15.224,172.1,0.371734,134,0.002,GROUND
15.320,171.1,0.375517,139,0.003,GROUND
15.420,172.8,0.379257,137,0.002,GROUND
15.524,169,0.386225,139,0.004,GROUND
15.620,168.5,0.388842,137,0.006,GROUND
15.720,168.7,0.392279,137,0.002,GROUND
15.824,168.8,0.395147,137,0.003,GROUND
15.924,169.2,0.401039,141,0.001,GROUND
16.020,170.1,0.405629,137,0.003,GROUND
16.120,173.1,0.414524,138,0.003,GROUND
16.220,173.2,0.419859,136,0.001,GROUND
16.352,167.8,0.433392,135,0.002,GROUND
16.452,170.5,0.436409,144,0.004,GROUND
16.584,170.7,0.447072,137,0.006,GROUND
16.684,174.8,0.461109,136,0.001,GROUND
16.784,169.3,0.464753,139,0.003,GROUND
16.856,173.4,0.474945,134,0.004,GROUND
16.984,171.9,0.484313,136,0.003,GROUND
17.084,173.3,0.489033,134,0.004,GROUND
17.184,168.6,0.490594,141,0.002,GROUND
17.264,169,0.492747,139,0.004,GROUND
17.364,170.8,0.494247,138,0.004,GROUND
17.464,178,0.495367,139,0.002,GROUND
17.564,177.3,0.496656,141,0.002,GROUND
17.664,172,0.497877,137,0.001,GROUND
17.764,167.5,0.498712,132,0.002,GROUND
17.864,172.2,0.499507,136,0.002,GROUND
17.964,169.8,0.499467,133,0.002,GROUND
18.064,168,0.499103,138,0.002,GROUND
18.168,168.8,0.499007,132,0.002,GROUND
18.264,173,0.499589,134,0.001,GROUND
18.364,169.7,0.499663,134,0.002,GROUND
18.464,171.4,0.499796,133,0.001,GROUND
18.564,173.1,0.502807,135,0.003,GROUND
18.696,175.1,0.508073,138,0.003,GROUND
18.828,175.8,0.509849,141,0.001,GROUND
18.900,166.8,0.510928,139,0.002,GROUND
19.028,178.3,0.511867,135,0.002,GROUND
19.128,171.8,0.512556,137,0.001,GROUND
19.228,174,0.513816,133,0.003,GROUND
19.328,177.3,0.515584,136,0.002,GROUND
19.428,177.7,0.516328,136,0.001,GROUND
19.532,167.6,0.518917,133,0.003,GROUND
19.632,172.4,0.520291,140,0.001,GROUND
19.764,168.9,0.520484,138,0.001,GROUND
19.864,174.9,0.520566,136,0.004,GROUND
19.968,183.6,0.52127,137,0.003,GROUND
20.064,172.5,0.522446,136,0.002,GROUND
20.164,168.9,0.523582,133,0.002,GROUND
20.264,170,0.523766,132,0.001,GROUND
20.364,172.7,0.523943,137,0.002,GROUND
20.464,169.5,0.524708,135,0.001,GROUND
20.564,167.3,0.525564,139,0.001,GROUND
20.664,173.3,0.525761,135,0.002,GROUND
20.748,168.4,0.525761,142,0.001,GROUND
20.844,168.3,0.525761,143,0.001,GROUND
20.944,167.5,0.525761,140,0.003,GROUND
21.044,177,0.525761,142,0.001,GROUND
21.152,169.1,0.525761,138,0.001,GROUND
21.260,189.5,0.525761,131,0.002,GROUND
21.344,171.9,0.525761,141,0.001,GROUND
21.448,168.7,0.525761,134,0.003,GROUND
21.548,170.9,0.525761,136,0.002,GROUND
21.660,186.4,0.525761,133,0.002,GROUND
21.744,169.4,0.525761,136,0.002,GROUND
21.848,167.5,0.525761,137,0.004,GROUND
21.952,175.2,0.525761,135,0.002,GROUND
22.044,172.7,0.525761,134,0.002,GROUND
22.148,177.7,0.525761,132,0.003,GROUND
22.244,175.7,0.525761,139,0.003,GROUND
22.356,170.2,0.525761,141,0.003,GROUND
22.444,169,0.525761,140,0.003,GROUND
22.556,180.4,0.525761,134,0.004,GROUND
22.644,182.3,0.525761,139,0.003,GROUND
22.748,177.9,0.525761,140,0.003,GROUND
22.844,170,0.525761,139,0.001,GROUND
22.956,169.3,0.525761,141,0.001,GROUND
23.048,171.2,0.525761,133,0.002,GROUND
23.144,177.9,0.525761,137,0.002,GROUND
23.248,170.1,0.525761,135,0.001,GROUND
23.344,167.8,0.525761,134,0.003,GROUND
23.452,171.8,0.525761,137,0.005,GROUND
23.552,172.6,0.525761,138,0.004,GROUND
23.652,177.3,0.525761,138,0.003,GROUND
23.744,173.8,0.525761,139,0.006,GROUND
23.844,170.8,0.525761,137,0.004,GROUND
23.944,175.3,0.525761,136,0.001,GROUND
24.056,176.1,0.525761,140,0.006,GROUND
24.148,170.2,0.525761,140,0.002,GROUND
24.280,180.3,0.525761,139,0.003,GROUND
24.408,187.5,0.525761,135,0.006,GROUND
24.508,175.7,0.525761,137,0.002,GROUND
24.608,168.1,0.525761,136,0.005,GROUND
24.708,173.1,0.525761,132,0.006,GROUND
24.812,179.7,0.525761,137,0.004,GROUND
24.908,176.7,0.525761,139,0.004,GROUND
25.008,175.7,0.525761,137,0.005,GROUND
25.080,167.7,0.525761,135,0.003,GROUND
25.156,169.3,0.525761,138,0.003,GROUND
25.280,171.1,0.525761,135,0.007,GROUND
25.352,172.9,0.525761,138,0.004,GROUND
25.468,173.9,0.525761,140,0.006,GROUND
25.580,175.7,0.525761,139,0.007,GROUND
25.680,172.3,0.525761,138,0.007,GROUND
25.780,174.8,0.525761,135,0.007,GROUND
25.864,175,0.525761,135,0.004,GROUND
25.980,177.5,0.525761,140,0.008,GROUND
26.060,175.1,0.525761,138,0.005,GROUND
26.180,181.3,0.525761,134,0.006,GROUND
26.256,176.4,0.525761,137,0.006,GROUND
26.380,184.3,0.525761,133,0.006,GROUND
26.480,189,0.525761,137,0.006,GROUND
26.556,173.3,0.525761,142,0.003,GROUND
26.656,175.1,0.525761,134,0.007,GROUND
26.784,189.4,0.525761,136,0.007,GROUND
26.884,179.6,0.525761,136,0.004,GROUND
27.016,188.1,0.525761,136,0.005,GROUND
27.120,186.8,0.525761,140,0.009,GROUND
27.216,195.9,0.621835,135,0.002,GROUND
27.316,189.4,0.632423,133,0.001,GROUND
27.416,174.4,0.63228,134,0.001,GROUND
27.516,176.2,0.633859,136,0.002,GROUND
27.616,174.4,0.633498,133,0.002,GROUND
27.716,173.6,0.638187,141,0.001,GROUND
27.848,182.1,0.63933,140,0.001,GROUND
27.964,167.6,0.644353,138,0.003,GROUND
28.080,167.5,0.64484,142,0.002,GROUND
28.180,187.6,0.654337,136,0.004,GROUND
28.252,174,0.660902,136,0.002,GROUND
28.380,181.2,0.657769,138,0.001,GROUND
28.452,174.1,0.663114,137,0.001,GROUND
28.560,186,0.66235,140,0.003,GROUND
28.656,198.3,0.661728,135,0.001,GROUND
28.780,175.6,0.660876,135,0.002,GROUND
28.856,166.8,0.663508,137,0.002,GROUND
28.980,181.7,0.664454,135,0.001,GROUND
29.080,176.6,0.668532,140,0.003,GROUND
29.152,172.9,0.674065,135,0.002,GROUND
29.260,173.8,0.674849,134,0.001,GROUND
29.380,164.9,0.675534,138,0.003,GROUND
29.456,168.1,0.675792,137,0.003,GROUND
29.568,171.7,0.676704,136,0.002,GROUND
29.680,167.7,0.679369,126,0.002,GROUND
29.780,179,0.676759,137,0.002,GROUND
29.856,172.9,0.676903,140,0.002,GROUND
29.980,172.7,0.678297,137,0.002,GROUND
30.080,174.9,0.678919,136,0.003,GROUND
30.180,171.3,0.678409,134,0.001,GROUND
30.260,171.8,0.677613,136,0.002,GROUND
30.380,181,0.6816,139,0.004,GROUND
30.456,186.9,0.679543,139,0.002,GROUND
30.580,168.3,0.679726,138,0.002,GROUND
30.680,172.4,0.679769,138,0.002,GROUND
30.784,163.1,0.67952,137,0.003,GROUND
30.884,171.4,0.677306,137,0.003,GROUND
31.016,170.4,0.67718,142,0.001,GROUND
31.116,170.1,0.678453,134,0.002,GROUND
31.216,173.4,0.677533,135,0.002,GROUND
31.316,170.9,0.679034,139,0.001,GROUND
31.416,169.8,0.680044,136,0.003,GROUND
31.488,174.6,0.678974,133,0.003,GROUND
31.616,173.3,0.677808,142,0.003,GROUND
31.716,167.7,0.678514,141,0.003,GROUND
31.816,175.8,0.676096,140,0.002,GROUND
31.916,724.1,0.67273,99,0.231,GROUND
32.016,5114,0.689926,62,0.372,TRANSIT
32.116,522.4,0.834736,45,0.459,TRANSIT
32.216,732.7,1.24012,77,0.562,TRANSIT
32.316,952.6,1.82959,93,0.698,TRANSIT
32.416,1143,1.67233,77,0.863,TRANSIT
32.520,1288,0.929664,93,1.039,TRANSIT
32.616,1055,0.672309,76,1.166,TRANSIT
32.716,1252,0.827077,92,1.246,TRANSIT
32.816,1258,0.969202,86,1.254,TRANSIT
32.916,1388,1.00226,96,1.215,TRANSIT
33.016,1587,1.09554,98,1.118,TRANSIT
33.116,1728,1.55777,100,0.995,TRANSIT
33.216,1541,2.17096,105,0.889,TRANSIT
33.320,1454,2.42386,109,0.790,TRANSIT
33.416,1454,2.42547,110,0.717,TRANSIT
33.516,1786,2.4756,109,0.655,TRANSIT
33.616,1937,2.42098,92,0.623,TRANSIT
33.716,2058,2.31492,78,0.690,TRANSIT
33.820,2412,2.25441,73,0.825,TRANSIT
33.920,2231,2.24708,66,0.951,TRANSIT
34.016,2164,2.2405,93,1.027,TRANSIT
34.116,2204,2.22749,91,1.057,TRANSIT
34.216,2994,2.21512,99,1.050,TRANSIT
34.316,2719,2.27168,96,1.004,TRANSIT
34.416,2817,2.35697,100,0.953,TRANSIT
34.520,2928,2.34348,105,0.900,TRANSIT
34.616,2959,2.20016,103,0.858,TRANSIT
34.716,3018,1.99353,97,0.822,TRANSIT
34.816,3112,1.82875,100,0.791,TRANSIT
34.916,3205,1.667,95,0.744,TRANSIT
35.016,3186,1.61674,95,0.675,TRANSIT
35.116,3132,1.57418,102,0.580,TRANSIT
35.216,3126,1.54075,107,0.473,TRANSIT
35.316,3106,1.51302,112,0.360,TRANSIT
35.416,3315,1.47171,115,0.271,TRANSIT
35.516,3272,1.39887,124,0.216,TRANSIT
35.620,3118,1.34683,122,0.192,TRANSIT
35.720,3207,1.28835,135,0.197,TRANSIT
35.824,3113,1.26263,126,0.221,TRANSIT
35.920,3086,1.2454,125,0.256,TRANSIT
36.020,3190,1.22864,127,0.295,TRANSIT
36.120,3063,1.21701,123,0.334,TRANSIT
36.220,3191,1.20252,118,0.365,TRANSIT
36.324,3024,1.19498,120,0.384,TRANSIT
36.420,3039,1.18981,117,0.399,TRANSIT
36.520,3088,1.18967,116,0.405,TRANSIT
36.620,2919,1.18759,113,0.404,TRANSIT
36.700,2941,1.1864,120,0.397,TRANSIT
36.824,3086,1.18362,112,0.393,TRANSIT
36.920,2931,1.18165,119,0.383,TRANSIT
37.020,3003,1.18127,114,0.366,TRANSIT
37.120,2959,1.18127,118,0.346,TRANSIT
37.220,3253,1.18041,111,0.323,TRANSIT
37.320,2808,1.18045,111,0.302,TRANSIT
37.420,3121,1.18263,120,0.278,TRANSIT
37.520,2851,1.18145,126,0.255,TRANSIT
37.624,2867,1.18025,121,0.233,TRANSIT
37.720,2755,1.1819,121,0.211,TRANSIT
37.820,2849,1.18421,124,0.183,TRANSIT
37.920,2791,1.1828,130,0.165,TRANSIT
38.020,2765,1.18471,127,0.144,TRANSIT
38.124,2918,1.1858,126,0.129,TRANSIT
38.224,2733,1.18697,132,0.111,TRANSIT
38.320,2748,1.18878,127,0.098,TRANSIT
38.420,2768,1.19073,126,0.081,TRANSIT
38.520,2738,1.19077,124,0.065,TRANSIT
38.620,2843,1.19102,140,0.055,TRANSIT
38.720,2786,1.19197,133,0.041,TRANSIT
38.824,2792,1.19192,135,0.033,TRANSIT
38.920,2797,1.19127,138,0.032,TRANSIT
39.020,2797,1.19162,137,0.025,TRANSIT
39.120,2802,1.19207,134,0.019,TRANSIT
39.220,2791,1.19225,136,0.020,TRANSIT
39.320,2786,1.19229,139,0.018,TRANSIT
39.420,2783,1.19223,140,0.020,TRANSIT
39.520,2775,1.19251,137,0.022,TRANSIT
39.624,2775,1.19314,141,0.026,TRANSIT
39.720,2754,1.19341,138,0.026,TRANSIT
39.820,2748,1.1933,134,0.024,TRANSIT
39.920,2759,1.19325,133,0.022,TRANSIT
40.020,2751,1.19352,127,0.020,TRANSIT
40.124,2722,1.19372,138,0.020,TRANSIT
40.220,2725,1.19357,138,0.020,TRANSIT
40.320,2721,1.19366,133,0.024,TRANSIT
40.420,2727,1.19346,138,0.026,TRANSIT
40.520,2714,1.19361,130,0.029,TRANSIT
40.620,2718,1.19342,133,0.026,TRANSIT
40.720,2708,1.1938,138,0.022,TRANSIT
40.820,2707,1.19401,139,0.020,TRANSIT
40.924,2703,1.19444,134,0.022,TRANSIT
41.020,2704,1.19406,133,0.023,TRANSIT
41.120,2710,1.19386,141,0.024,TRANSIT
41.220,2706,1.19378,140,0.024,TRANSIT
41.320,2711,1.19387,140,0.027,TRANSIT
41.420,2716,1.19267,140,0.017,TRANSIT
41.520,2710,1.19249,138,0.017,TRANSIT
41.620,2715,1.19188,141,0.008,TRANSIT
41.720,2706,1.19275,138,0.016,TRANSIT
41.820,2719,1.19147,139,0.014,TRANSIT
41.920,2704,1.19215,136,0.019,TRANSIT
42.020,2707,1.19183,139,0.017,TRANSIT
42.120,2703,1.19251,140,0.016,TRANSIT
42.220,2706,1.19213,135,0.016,TRANSIT
42.320,2703,1.19253,138,0.021,TRANSIT
42.420,2716,1.19081,138,0.011,TRANSIT
42.520,2705,1.1919,137,0.017,TRANSIT
42.620,2704,1.19238,142,0.020,TRANSIT
42.720,2706,1.19223,137,0.023,TRANSIT
42.824,2718,1.19106,138,0.014,TRANSIT
42.920,2718,1.19055,142,0.022,TRANSIT
43.020,2706,1.19196,140,0.022,TRANSIT
43.120,2708,1.19196,140,0.027,TRANSIT
43.220,2715,1.19117,139,0.018,TRANSIT
43.320,2710,1.19058,139,0.019,TRANSIT
43.420,2724,1.18971,138,0.024,TRANSIT
43.520,2717,1.18932,139,0.018,TRANSIT
43.620,2718,1.18901,133,0.019,TRANSIT
43.724,2714,1.18896,136,0.017,TRANSIT
43.820,2717,1.18823,137,0.016,TRANSIT
43.920,2709,1.18879,138,0.017,TRANSIT
44.020,2708,1.18941,137,0.016,TRANSIT
44.120,2725,1.18768,137,0.010,TRANSIT
44.224,2710,1.18933,143,0.019,TRANSIT
44.320,2714,1.18838,137,0.018,TRANSIT
44.420,2711,1.18894,139,0.022,TRANSIT
44.492,2716,1.18843,142,0.018,TRANSIT
44.596,2717,1.1881,139,0.016,TRANSIT
44.696,2720,1.18738,140,0.015,TRANSIT
44.792,2717,1.1877,134,0.015,TRANSIT
44.892,2717,1.18779,137,0.021,TRANSIT
44.992,2715,1.18864,139,0.023,TRANSIT
45.092,2719,1.18745,141,0.024,TRANSIT
45.192,2720,1.18698,141,0.019,TRANSIT
45.264,2717,1.18755,141,0.022,TRANSIT
45.364,2717,1.18746,140,0.018,TRANSIT
45.464,2723,1.18627,138,0.014,TRANSIT
45.564,2718,1.18788,140,0.028,TRANSIT
45.664,2728,1.18627,135,0.020,TRANSIT
45.764,2730,1.1848,140,0.017,TRANSIT
45.868,2725,1.18468,138,0.009,TRANSIT
45.964,2721,1.18589,139,0.015,TRANSIT
46.064,2728,1.18405,137,0.014,TRANSIT
46.164,2724,1.18388,143,0.012,TRANSIT
46.264,2725,1.18417,134,0.013,TRANSIT
46.364,2727,1.18398,133,0.010,TRANSIT
46.468,2722,1.18384,140,0.012,GOAL
46.568,2864,1.19362,131,0.087,GOAL
46.668,2816,1.1844,117,0.073,GOAL
46.764,2795,1.18167,120,0.143,GOAL
46.864,2791,1.18244,128,0.218,GOAL
46.964,3173,1.17577,125,0.282,GOAL
47.064,2809,1.1682,121,0.343,GOAL
47.164,2813,1.15039,117,0.384,GOAL
47.304,2831,1.10957,114,0.411,GOAL
47.428,2730,1.09625,115,0.430,GOAL
47.528,2894,1.09625,112,0.431,GOAL
47.628,2768,1.08904,110,0.429,GOAL
47.704,2647,1.08928,109,0.416,GOAL
47.804,2682,1.08838,121,0.392,GOAL
47.928,2684,1.08903,113,0.355,GOAL
48.028,2847,1.08753,116,0.324,GOAL
48.128,2875,1.08519,116,0.293,GOAL
48.232,2813,1.0835,116,0.261,GOAL
48.364,2919,1.08004,118,0.221,GOAL
48.464,3024,1.07963,117,0.180,GOAL
48.564,3047,1.08054,122,0.146,GOAL
48.664,2828,1.06781,123,0.117,GOAL
48.764,2819,1.0537,128,0.094,GOAL
48.868,2960,1.02988,133,0.094,GOAL
48.964,2826,1.0167,136,0.094,GOAL
49.064,2826,1.00262,138,0.106,GOAL
49.164,2821,0.993938,134,0.122,GOAL
49.264,2944,0.983196,132,0.140,GOAL
49.364,2808,0.980848,128,0.154,GOAL
49.464,2805,0.974983,134,0.168,GOAL
49.564,2885,0.958693,127,0.187,GOAL
49.700,2887,0.939082,127,0.207,GOAL
49.828,2848,0.924583,125,0.230,GOAL
49.908,2930,0.903556,125,0.248,GOAL
50.008,2855,0.886441,126,0.268,GOAL
50.132,2865,0.877357,132,0.286,GOAL
50.264,2866,0.864188,119,0.294,GOAL
50.364,2803,0.85855,119,0.302,GOAL
50.464,2960,0.850727,125,0.306,GOAL
50.564,2844,0.842061,124,0.316,GOAL
50.668,2854,0.829583,126,0.320,GOAL
50.764,2931,0.814991,126,0.327,GOAL
50.864,2847,0.800471,119,0.337,GOAL
50.964,2853,0.786902,122,0.343,GOAL
51.064,3006,0.773473,124,0.348,GOAL
51.164,2909,0.760708,127,0.349,GOAL
51.264,2871,0.751995,122,0.353,GOAL
51.396,3123,0.733886,117,0.357,GOAL
51.528,2976,0.719719,121,0.360,GOAL
51.612,3263,0.708086,125,0.357,GOAL
51.728,3111,0.694921,111,0.355,GOAL
51.800,3130,0.686345,121,0.360,GOAL
51.928,3428,0.658975,122,0.365,GOAL
52.004,2999,0.65328,115,0.365,GOAL
52.128,2973,0.639488,122,0.366,GOAL
52.208,3182,0.626778,127,0.364,GOAL
52.308,2971,0.621859,113,0.364,GOAL
52.428,2974,0.616075,114,0.369,GOAL
52.528,3126,0.602171,119,0.379,GOAL
52.604,2988,0.597373,122,0.383,GOAL
52.712,2980,0.588481,120,0.388,GOAL
52.804,3035,0.574247,119,0.394,GOAL
52.928,3009,0.560732,119,0.401,GOAL
53.028,3016,0.552009,116,0.402,GOAL
53.124,3164,0.533336,124,0.405,GOAL
53.228,3093,0.525906,122,0.405,GOAL
53.328,3078,0.522325,116,0.406,GOAL
53.404,3182,0.508792,111,0.407,GOAL
53.528,2993,0.506888,103,0.405,GOAL
53.628,2994,0.501354,120,0.400,GOAL
53.728,3004,0.492085,120,0.401,GOAL
53.828,2996,0.489608,123,0.400,GOAL
53.900,3007,0.486531,122,0.398,GOAL
54.028,3185,0.481205,113,0.386,GOAL
54.112,3032,0.479391,115,0.377,GOAL
54.200,3023,0.478049,124,0.372,GOAL
54.320,3096,0.472979,115,0.362,GOAL
54.428,3047,0.473823,117,0.354,GOAL
54.508,3021,0.471797,117,0.347,GOAL
54.628,3089,0.466329,116,0.339,GOAL
54.728,3009,0.462378,115,0.339,GOAL
54.800,3010,0.461469,124,0.338,GOAL
54.900,3052,0.455206,108,0.343,GOAL
55.032,2974,0.450785,116,0.341,GOAL
55.136,2972,0.447906,115,0.343,GOAL
55.288,2956,0.439597,108,0.343,GOAL
55.376,2948,0.439186,107,0.338,GOAL
55.488,3048,0.439545,111,0.334,GOAL
55.592,2958,0.436522,104,0.335,GOAL
55.676,2967,0.434416,117,0.337,GOAL
55.788,3079,0.434528,113,0.336,GOAL
55.868,2973,0.433758,112,0.334,GOAL
55.968,2957,0.434125,112,0.329,GOAL
56.088,7455,0.383764,112,0.466,GOAL
56.168,3469,0.43131,117,0.322,GOAL
56.280,2942,0.425061,108,0.321,GOAL
56.384,3168,0.421289,108,0.310,GOAL
56.500,2988,0.428811,104,0.285,GOAL
56.632,3106,0.42965,114,0.279,GOAL
56.704,2969,0.42991,120,0.281,GOAL
56.840,2985,0.429369,118,0.294,GOAL
56.932,2992,0.428847,119,0.299,GOAL
57.032,3079,0.429327,124,0.306,GOAL
57.132,2945,0.427506,112,0.322,GOAL
57.236,2951,0.427387,115,0.329,GOAL
57.388,3215,0.428705,104,0.334,GOAL
57.468,2948,0.428278,113,0.339,GOAL
57.576,3072,0.428761,108,0.343,GOAL
57.672,2911,0.428721,90,0.347,GOAL
57.788,2941,0.428277,110,0.348,GOAL
57.900,2894,0.428845,97,0.346,GOAL
58.032,2953,0.430587,110,0.341,GOAL
58.132,2951,0.431025,118,0.339,GOAL
58.232,3105,0.431162,109,0.341,GOAL
58.336,2895,0.431442,105,0.345,GOAL
58.432,2895,0.431997,105,0.343,GOAL
58.536,3076,0.43301,111,0.343,GOAL
58.632,2841,0.433615,106,0.346,GOAL
58.720,2840,0.434494,105,0.346,GOAL
58.832,3266,0.4345,115,0.343,GOAL
58.904,2863,0.435663,111,0.348,GOAL
59.048,2879,0.43761,110,0.351,GOAL
59.176,4279,0.438191,97,0.347,GOAL
59.304,2852,0.439263,94,0.350,GOAL
59.432,3078,0.44011,80,0.356,GOAL
59.532,3337,0.439493,98,0.360,GOAL
59.612,2948,0.439688,105,0.362,GOAL
59.732,2774,0.439572,91,0.365,GOAL
59.832,2792,0.439371,101,0.365,GOAL
59.932,3057,0.440344,84,0.371,GOAL
60.012,2792,0.44041,69,0.369,GOAL
60.132,2957,0.441915,95,0.372,GOAL
60.204,2807,0.442314,63,0.374,GOAL
60.356,2867,0.443377,81,0.377,GOAL
60.484,2915,0.445094,88,0.382,GOAL
60.576,3110,0.446762,90,0.381,GOAL
60.684,2779,0.446957,82,0.388,GOAL
60.780,2926,0.44864,88,0.396,GOAL
60.900,3021,0.44966,90,0.401,GOAL
61.032,2775,0.450302,68,0.405,GOAL
61.132,2822,0.450137,70,0.402,GOAL
61.232,3368,0.451634,81,0.400,GOAL
61.336,2740,0.451546,74,0.391,GOAL
61.432,2812,0.451181,88,0.387,GOAL
61.532,2987,0.448372,90,0.382,GOAL
61.608,3060,0.449912,100,0.388,GOAL
61.732,2734,0.452749,81,0.399,GOAL
61.832,3058,0.451697,85,0.398,GOAL
61.932,3045,0.448728,86,0.393,GOAL
62.032,3063,0.452188,89,0.400,GOAL
62.132,2852,0.454111,75,0.405,GOAL
62.232,2792,0.455558,83,0.410,GOAL
62.332,2820,0.449883,81,0.399,GOAL
62.432,3112,0.441495,79,0.383,GOAL
62.532,2844,0.452765,73,0.409,GOAL
62.632,3438,0.444999,90,0.377,GOAL
62.732,2870,0.456821,74,0.408,GOAL
62.808,2836,0.45816,72,0.409,GOAL
62.932,3064,0.434989,83,0.348,GOAL
63.032,3117,0.437653,81,0.368,GOAL
63.132,2971,0.44701,77,0.398,GOAL
63.232,2886,0.447297,75,0.374,GOAL
63.308,3036,0.446553,70,0.078,GOAL
63.432,3612,0.426915,75,0.126,GOAL
63.536,3172,0.447327,68,0.054,GOAL
63.632,3271,0.455937,70,0.042,GOAL
63.712,3858,0.455522,82,0.070,GOAL
63.824,4070,0.451795,67,0.107,GOAL
63.932,4517,0.45342,78,0.106,GOAL
64.032,3052,0.453853,83,0.081,GOAL
64.132,3560,0.447558,88,0.212,GOAL
64.232,5391,0.447558,70,0.211,GOAL
64.332,3466,0.453552,64,0.143,GOAL
64.436,2658,0.450597,77,0.077,GOAL
64.544,3480,0.450648,82,0.085,GOAL
64.672,2912,0.444838,82,0.060,GOAL
64.768,2870,0.437083,86,0.027,GOAL
64.880,3561,0.434031,91,0.029,GOAL
64.980,3282,0.433027,91,0.028,GOAL
65.084,3170,0.430607,77,0.032,GOAL
65.176,3809,0.426935,86,0.029,GOAL
65.288,2796,0.424424,80,0.026,GOAL
65.376,3202,0.421081,91,0.019,GOAL
65.484,3538,0.418042,102,0.016,GOAL
65.572,4887,0.418102,92,0.016,GOAL
65.688,4800,0.417702,87,0.017,GOAL
65.780,3207,0.415726,88,0.022,GOAL
65.884,4628,0.412655,89,0.019,GOAL
65.976,2914,0.409768,78,0.019,GOAL
66.088,3273,0.407408,90,0.019,GOAL
66.188,2978,0.405937,81,0.022,GOAL
66.268,4159,0.401997,91,0.023,GOAL
66.372,3220,0.398001,101,0.017,GOAL
66.484,2995,0.396369,87,0.018,GOAL
66.580,2796,0.393539,96,0.018,GOAL
66.668,5242,0.390564,98,0.017,GOAL
66.772,4088,0.385806,85,0.016,GOAL
66.872,3501,0.383442,99,0.011,GOAL
66.992,3596,0.382418,90,0.018,GOAL
67.072,3076,0.379837,99,0.015,GOAL
67.144,3777,0.377488,99,0.014,GOAL
67.288,3338,0.375,90,0.016,GOAL
67.392,2966,0.373248,94,0.013,GOAL
67.476,3174,0.372294,97,0.014,GOAL
67.588,3677,0.369593,103,0.015,GOAL
67.688,2782,0.368315,90,0.018,GOAL
67.784,3027,0.365865,102,0.016,GOAL
67.880,4718,0.363548,99,0.011,GOAL
68.000,4977,0.362778,96,0.011,GOAL
68.072,3532,0.362323,105,0.012,GOAL
68.184,2804,0.362435,104,0.014,GOAL
68.280,2781,0.362348,95,0.017,GOAL
68.380,2789,0.361198,93,0.020,GOAL
68.484,5370,0.360198,98,0.017,GOAL
68.584,2892,0.359635,100,0.018,GOAL
68.704,2773,0.35843,99,0.014,GOAL
68.832,3208,0.357351,101,0.016,GOAL
68.936,2753,0.355639,99,0.018,GOAL
69.068,3669,0.35439,100,0.015,GOAL
69.184,2723,0.354687,113,0.015,GOAL
69.292,2731,0.354723,97,0.016,GOAL
69.404,2755,0.354601,111,0.016,GOAL
69.532,2732,0.353129,106,0.016,GOAL
69.632,2715,0.352543,108,0.015,GOAL
69.732,2720,0.351253,108,0.015,GOAL
69.832,2728,0.349382,114,0.012,GOAL
69.932,2701,0.348114,111,0.011,GOAL
70.032,2699,0.347051,111,0.013,GOAL
70.132,2697,0.345951,105,0.014,GOAL
70.236,2691,0.344235,104,0.014,GOAL
70.376,3256,0.34163,117,0.012,GOAL
70.476,2698,0.339995,102,0.008,GOAL
70.584,2703,0.340096,106,0.009,GOAL
70.700,2714,0.339732,110,0.015,GOAL
70.836,2701,0.338168,106,0.018,GOAL
70.940,2780,0.334224,113,0.020,GOAL
71.016,2879,0.332097,114,0.019,GOAL
71.136,2737,0.330625,114,0.016,GOAL
71.280,2724,0.329739,104,0.020,GOAL
71.388,2704,0.329211,110,0.018,GOAL
71.504,3166,0.3295,102,0.015,GOAL
71.604,2689,0.329772,105,0.017,GOAL
71.736,2695,0.329834,111,0.022,GOAL
71.888,2708,0.33008,103,0.023,GOAL
72.000,3337,0.331518,112,0.023,GOAL
72.100,2713,0.33143,111,0.023,GOAL
72.172,2712,0.331269,119,0.025,GOAL
72.288,3002,0.331927,107,0.024,GOAL
72.400,2806,0.332707,107,0.029,GOAL
72.508,2722,0.33212,119,0.031,GOAL
72.636,2827,0.334436,109,0.037,GOAL
72.736,2738,0.331932,116,0.065,GOAL
72.880,3349,0.336855,109,0.029,GOAL
72.988,2839,0.327291,103,0.027,GOAL
73.100,4723,0.326838,112,0.025,GOAL
73.200,2774,0.326816,106,0.025,GOAL
73.272,4895,0.317459,112,0.029,GOAL
73.372,2897,0.328805,105,0.022,GOAL
73.480,2777,0.328778,126,0.016,GOAL
73.564,3785,0.33081,122,0.008,GOAL
73.684,2778,0.327537,114,0.012,GOAL
73.784,2775,0.326697,122,0.016,GOAL
73.900,2764,0.320143,114,0.021,GOAL
73.976,2752,0.320289,123,0.016,GOAL
74.072,2758,0.318329,116,0.015,GOAL
74.188,3663,0.316576,124,0.010,GOAL
74.284,2763,0.314006,109,0.016,GOAL
74.384,2760,0.314528,117,0.007,GOAL
74.500,2768,0.315707,127,0.009,GOAL
74.580,2757,0.316139,125,0.006,GOAL
74.676,2751,0.31562,117,0.002,GOAL
74.772,2797,0.31166,122,0.013,GOAL
74.888,2847,0.316445,116,0.013,GOAL
74.988,2774,0.314005,117,0.008,GOAL
75.084,2754,0.314665,117,0.006,GOAL
75.180,2750,0.313924,121,0.009,GOAL
75.288,2750,0.313901,114,0.006,GOAL
75.424,2752,0.313722,132,0.004,GOAL
75.540,2838,0.311985,119,0.004,GOAL
75.628,2767,0.312941,125,0.005,GOAL
75.736,2769,0.313143,115,0.005,GOAL
75.836,2773,0.312632,127,0.004,GOAL
75.984,2817,0.314079,123,0.011,GOAL
76.116,5108,0.314463,120,0.036,GOAL
76.236,2872,0.317637,104,0.089,GOAL
76.320,4173,0.317828,106,0.111,GOAL
76.436,4046,0.321225,101,0.156,GOAL
76.516,3645,0.313518,99,0.190,GOAL
76.636,3732,0.311529,89,0.234,GOAL
76.736,3720,0.327031,85,0.246,GOAL
76.808,3134,0.303401,88,0.262,GOAL
76.936,4110,0.285598,72,0.306,GOAL
77.036,3635,0.234515,69,0.374,GOAL
77.108,4149,0.214951,71,0.455,GOAL
77.236,3450,0.250657,36,0.658,GOAL
77.336,3501,0.28016,32,0.928,GOAL
77.436,3393,0.266688,8,1.472,GOAL
77.536,3168,0.243608,0,1.986,GOAL
77.640,3159,0.24327,0,2.704,GOAL
77.736,3159,0.243231,0,1.871,GOAL
77.836,3159,0.243225,3,1.715,GOAL
77.940,3159,0.243224,5,1.736,GOAL
78.040,3159,0.243224,10,1.697,GOAL
78.136,3123,0.24084,11,1.663,GOAL
78.236,3698,0.32969,76,1.535,GOAL
78.336,2998,0.233687,36,1.650,GOAL
78.436,4991,0.246142,26,1.696,GOAL
78.536,2825,0.235186,24,1.677,GOAL
78.636,3091,0.331712,9,1.658,GOAL
78.736,2738,0.235694,5,1.902,GOAL
78.836,2705,0.235498,7,2.134,GOAL
78.912,2705,0.235503,18,2.144,GOAL
79.012,2684,0.235467,19,1.764,GOAL
79.112,4060,0.273441,34,1.342,GOAL
79.216,4806,0.273441,16,1.165,GOAL
79.344,4550,0.248525,24,0.815,GOAL
79.476,3719,0.318504,50,1.213,GOAL
79.576,3709,0.284206,76,1.400,GOAL
79.676,8791,0.064731,58,1.829,GOAL
79.776,4.765e+04,0.193518,41,2.064,GOAL
79.848,3.026e+04,0.355976,42,2.256,GOAL
79.976,8027,0.355976,51,2.378,GOAL
80.076,8473,0.307639,75,1.381,GOAL
80.176,5491,0.353053,100,0.655,GOAL
80.276,5285,0.353063,100,0.376,GOAL
80.376,5071,0.349823,105,0.326,GOAL
80.476,4816,0.343856,92,0.336,GOAL
80.576,4949,0.336767,91,0.414,GOAL
80.676,5150,0.330639,96,0.508,GOAL
80.780,5131,0.324823,87,0.609,GOAL
80.876,5205,0.3203,68,0.705,GOAL
80.976,5177,0.317721,51,0.807,GOAL
81.076,4139,0.31512,34,0.899,GOAL
81.148,3882,0.313103,23,0.955,GOAL
81.248,3731,0.311236,12,1.006,GOAL
81.376,3368,0.30981,31,2.090,GOAL
81.476,3247,0.30855,57,2.216,GOAL
81.576,9.781e+04,0.334215,45,1.638,GOAL
81.676,1.456e+04,0.305813,21,1.681,GOAL
81.776,5348,0.307572,14,1.412,GOAL
81.876,2836,0.307427,66,1.319,GOAL
81.976,3397,0.307319,49,1.298,GOAL
82.076,7263,0.310392,22,1.244,GOAL
82.176,2839,0.307369,58,1.177,GOAL
82.276,2744,0.307369,77,0.976,GOAL
82.376,1.218e+04,0.325886,77,0.952,GOAL
82.476,5483,0.321035,63,0.708,GOAL
82.576,5386,0.302875,78,0.624,GOAL
82.676,4373,0.300655,72,0.511,GOAL
82.776,6005,0.315897,74,0.645,GOAL
82.876,4185,0.317271,71,0.560,GOAL
82.980,7030,0.317006,60,0.437,GOAL
83.112,6376,0.315693,30,0.448,GOAL
83.212,4426,0.318732,66,0.276,GOAL
83.312,3273,0.308287,80,0.407,GOAL
83.412,5474,0.31152,77,0.492,GOAL
83.516,2.262e+04,0.327709,74,0.406,GOAL
83.612,3735,0.305061,81,0.383,GOAL
83.712,3563,0.306294,71,0.471,GOAL
83.812,3409,0.307429,66,0.472,GOAL
83.944,3537,0.305376,76,0.496,GOAL
84.076,3830,0.299892,58,0.558,GOAL
84.148,3818,0.302147,40,0.519,GOAL
84.248,3006,0.303805,81,0.569,GOAL
84.376,3252,0.304939,74,0.222,GOAL
84.448,3588,0.305907,82,0.382,GOAL
84.576,3273,0.31555,43,0.966,GOAL
84.676,5948,0.305018,21,0.470,GOAL
84.776,2956,0.30631,18,0.888,GOAL
84.876,5855,0.30706,23,1.200,GOAL
84.976,7720,0.315325,20,1.130,GOAL
85.076,3567,0.308777,16,1.453,GOAL
85.176,2924,0.308233,16,1.534,GOAL
85.276,2764,0.307337,95,1.646,GOAL
85.376,2930,0.305495,72,1.777,GOAL
85.448,4705,0.301815,79,1.866,GOAL
85.576,4257,0.305199,60,2.010,GOAL
85.676,5087,0.305688,74,1.334,GOAL
85.780,3352,0.307174,57,2.257,GOAL
85.912,5014,0.306871,73,2.394,GOAL
86.012,3774,0.310577,76,2.518,GOAL
86.112,5890,0.307677,72,2.660,GOAL
86.212,3281,0.306771,71,2.773,GOAL
86.312,5927,0.309727,88,2.919,GOAL
86.412,5911,0.308713,74,3.034,GOAL
86.512,3952,0.308064,65,3.157,GOAL
86.612,3634,0.309763,74,3.299,GOAL
86.712,5798,0.308076,62,3.413,GOAL
86.812,7159,0.308293,79,3.547,GOAL
86.912,3574,0.308224,40,3.681,GOAL
87.016,3879,0.306867,27,3.843,GOAL
87.112,6610,0.308432,17,4.006,GOAL
87.216,3403,0.30967,13,4.152,GOAL
87.312,3104,0.307726,12,4.295,GOAL
87.444,2944,0.307458,19,4.523,GOAL
87.548,2.033e+04,0.308562,18,4.713,GOAL
87.676,2807,0.307881,68,4.923,GOAL
87.776,2963,0.307697,78,5.084,GOAL
87.876,7199,0.304824,49,5.214,GOAL
87.948,5.46e+04,0.303387,31,5.298,GOAL
88.080,3289,0.310388,20,5.578,GOAL
88.212,2970,0.307947,77,5.766,GOAL
88.344,5007,0.307155,79,5.983,GOAL
88.480,2.015e+04,0.318885,53,2.222,GOAL
88.612,6381,0.304772,61,6.403,GOAL
88.712,5118,0.305369,42,6.610,GOAL
88.812,3.191e+04,0.321623,65,3.091,GOAL
88.912,4602,0.306042,49,6.918,GOAL
89.012,1.275e+04,0.349968,79,7.177,GOAL
89.144,1.043e+04,0.319133,68,6.185,GOAL
89.280,7869,0.319207,64,7.620,GOAL
89.412,1.764e+04,0.313054,65,7.810,GOAL
89.512,5899,0.32064,44,7.884,GOAL
89.612,6473,0.302943,38,7.995,GOAL
89.712,1.051e+04,0.323695,71,8.605,GOAL
89.844,3280,0.31511,80,8.531,GOAL
89.976,3.947e+04,0.340605,60,8.686,GOAL
90.076,8600,0.285358,34,8.322,GOAL
90.176,3882,0.30834,28,9.146,GOAL
90.276,3166,0.308266,63,9.309,GOAL
90.380,3413,0.305698,46,9.488,GOAL
90.512,9693,0.315084,76,9.571,GOAL
90.616,5863,0.310328,52,10.038,GOAL
90.712,4722,0.307645,58,10.166,GOAL
90.812,2904,0.307904,50,10.366,GOAL
90.912,3012,0.308047,61,10.595,GOAL
91.012,5959,0.317231,49,10.479,GOAL
91.112,7308,0.31984,53,10.778,GOAL
91.212,3719,0.308507,49,11.274,GOAL
91.312,3783,0.307518,53,11.426,GOAL
91.412,2997,0.308091,48,11.610,GOAL
91.512,2757,0.307659,53,11.860,GOAL
91.612,3457,0.308244,52,12.056,GOAL
91.712,2782,0.307779,53,12.244,GOAL
91.812,2943,0.308137,56,12.519,GOAL
91.912,7759,0.330539,53,12.790,GOAL
92.016,2899,0.307996,53,13.017,GOAL
92.112,2833,0.309287,47,13.282,GOAL
92.212,2904,0.307646,43,13.463,GOAL
92.312,4080,0.329225,50,13.324,GOAL
92.412,2965,0.307775,54,14.057,GOAL
92.512,2.415e+04,0.33783,48,13.907,GOAL
92.612,4521,0.307977,54,14.584,GOAL
92.748,2855,0.307579,54,14.922,GOAL
92.876,1.408e+04,0.315357,47,15.676,GOAL
92.948,8497,0.320535,53,15.264,GOAL
93.076,3069,0.30778,50,15.867,GOAL
93.176,8278,0.319185,50,16.856,GOAL
93.276,2980,0.307888,47,16.453,GOAL
93.380,2821,0.308118,53,16.790,GOAL
93.512,3228,0.308675,47,17.197,GOAL
93.616,6036,0.324685,52,18.246,GOAL
93.712,4002,0.313362,57,18.074,GOAL
93.812,5788,0.312016,37,18.217,GOAL
93.912,2969,0.307904,64,18.397,GOAL
94.016,2791,0.307025,33,18.634,GOAL
94.112,3486,0.304788,47,18.775,GOAL
94.212,1.003e+04,0.315133,51,16.334,GOAL
94.312,4336,0.29733,59,18.848,GOAL
94.412,7408,0.310962,56,19.741,GOAL
94.512,6037,0.319799,34,20.664,GOAL
94.616,4018,0.306824,17,20.424,GOAL
94.712,2746,0.307878,11,20.767,GOAL
94.812,2745,0.307879,11,21.060,GOAL
94.948,8835,0.313046,14,21.473,GOAL
95.076,3335,0.308231,9,21.875,GOAL
95.148,2742,0.307881,13,22.048,GOAL
95.276,3089,0.310425,4,22.579,GOAL
95.376,2744,0.307881,41,22.711,GOAL
95.476,7383,0.317818,14,22.848,GOAL
95.580,8594,0.316462,18,23.669,GOAL
95.712,6885,0.313649,10,23.928,GOAL
95.812,2885,0.30785,71,24.046,GOAL
95.912,1.299e+04,0.320976,53,23.927,GOAL
96.012,4.076e+04,0.321009,58,24.682,GOAL
96.112,1.346e+04,0.318796,41,24.061,GOAL
96.216,2.58e+05,0.309912,56,24.904,GOAL
96.312,3.286e+04,0.337574,55,17.692,GOAL
96.412,1.584e+04,0.319329,52,25.048,GOAL
96.512,5.42e+04,0.327717,47,23.886,GOAL
96.612,9443,0.308676,33,25.509,GOAL
96.712,1.647e+04,0.339319,21,17.036,GOAL
96.816,9736,0.322922,34,21.452,GOAL
96.912,4657,0.307878,51,26.854,GOAL
97.012,5403,0.317564,58,28.007,GOAL
97.148,7388,0.322161,73,28.725,GOAL
97.276,4629,0.311511,42,28.339,GOAL
97.376,7800,0.311511,50,28.612,GOAL
97.476,2723,0.307881,48,28.541,GOAL
97.576,2949,0.307876,47,28.811,GOAL
97.676,6612,0.307938,48,29.083,GOAL
97.776,8216,0.307938,44,29.064,GOAL
97.876,6067,0.308095,50,29.365,GOAL
97.976,4563,0.308111,44,29.589,GOAL
98.076,4912,0.308852,54,30.011,GOAL
98.176,1.317e+04,0.309876,46,30.415,GOAL
98.276,5227,0.30809,56,30.527,GOAL
98.376,3934,0.30788,55,30.802,GOAL
98.476,1.017e+04,0.307938,55,31.102,GOAL
98.576,3321,0.307866,56,31.381,GOAL
98.676,9160,0.307879,52,31.668,GOAL
98.776,1.322e+04,0.307942,45,31.973,GOAL
98.876,5218,0.307934,55,32.260,GOAL
98.976,3295,0.307894,52,32.548,GOAL
99.048,1.084e+04,0.307994,55,32.773,GOAL
99.176,1.611e+04,0.30794,49,33.146,GOAL
99.276,2948,0.307853,54,33.427,GOAL
99.376,1.586e+04,0.307918,53,33.723,GOAL
99.476,8560,0.30781,51,34.001,GOAL
99.576,1.134e+04,0.307907,53,34.290,GOAL
99.676,3396,0.307853,58,34.573,GOAL
99.748,5163,0.307732,57,34.760,GOAL
99.880,8329,0.307722,43,35.134,GOAL
100.016,7859,0.307911,49,35.544,GOAL
100.112,7406,0.307859,49,35.808,GOAL
100.212,9119,0.307862,57,36.091,GOAL
100.312,1.26e+04,0.307932,57,36.380,GOAL
100.412,7154,0.30792,52,36.681,GOAL
100.548,8779,0.307937,55,37.065,GOAL
100.676,1.158e+04,0.307837,53,37.430,GOAL
100.776,1.028e+04,0.307852,42,37.727,GOAL
100.876,1.364e+04,0.307847,48,38.005,GOAL
100.976,2737,0.30786,51,38.287,GOAL
101.076,1.687e+04,0.307833,53,38.577,GOAL
101.176,2.169e+04,0.307907,48,38.877,GOAL
101.276,3054,0.307861,51,39.150,GOAL
101.376,3355,0.307898,53,39.434,GOAL
101.476,1.465e+04,0.307843,60,39.712,GOAL
101.576,3924,0.307764,45,39.984,GOAL
101.676,1.716e+04,0.307805,60,40.272,GOAL
101.748,1.473e+04,0.307861,46,40.476,GOAL
101.880,1.393e+04,0.307788,48,40.831,GOAL
102.012,5586,0.307817,50,41.210,GOAL
102.112,7461,0.307827,52,41.491,GOAL
102.212,2746,0.307833,55,41.754,GOAL
102.312,1.869e+04,0.307816,55,42.022,GOAL
102.412,7645,0.307821,49,42.294,GOAL
102.516,1.096e+04,0.307867,52,42.587,GOAL
102.612,3415,0.307805,46,42.840,GOAL
102.712,2739,0.307808,63,43.107,GOAL
102.812,1.324e+04,0.307817,51,43.384,GOAL
102.944,3945,0.307833,55,43.731,GOAL
103.016,8820,0.307748,51,43.921,GOAL
103.112,9785,0.307822,57,44.195,GOAL
103.212,7926,0.30782,54,44.460,GOAL
103.312,1.492e+04,0.30781,55,44.749,GOAL
103.412,3657,0.30781,55,44.999,GOAL
103.512,2.303e+04,0.30782,54,45.266,GOAL
103.612,8257,0.307817,55,45.533,GOAL
103.712,8841,0.307807,56,45.797,GOAL
103.812,1.696e+04,0.307784,58,46.057,GOAL
103.944,1.447e+04,0.307821,51,46.409,GOAL
104.076,1.765e+04,0.307823,50,46.759,GOAL
104.180,1.298e+04,0.30784,57,47.040,GOAL
104.312,6973,0.307983,49,47.370,GOAL
104.444,3971,0.307912,26,47.713,GOAL
104.544,1.619e+04,0.308622,58,48.085,GOAL
104.676,2738,0.307809,28,48.292,GOAL
104.776,5.072e+04,0.309037,18,48.746,GOAL
104.876,1.297e+05,0.307789,20,48.823,GOAL
104.948,2.459e+04,0.429732,72,59.889,GOAL
106.316,1.2e+04,1.05949,71,1.025,GOAL
106.412,1411,1.24511,56,1.127,GOAL
106.516,1582,1.22742,84,1.130,GOAL
106.612,2227,1.0197,60,1.114,GOAL
106.712,3411,0.63325,38,1.184,GOAL
106.812,2064,0.534471,21,1.391,GOAL
106.916,2126,0.694157,61,1.670,GOAL
107.044,1852,0.740481,68,2.004,GOAL
107.176,6067,0.451069,86,2.290,GOAL
107.276,2682,0.58227,75,2.591,GOAL
107.376,4253,0.588973,85,2.908,GOAL
107.476,4936,0.54867,77,3.252,GOAL
107.576,6817,0.50467,74,3.658,GOAL
107.676,3096,0.587115,72,4.034,GOAL
107.776,5423,0.657369,67,4.519,GOAL
107.880,4366,0.728812,70,4.995,GOAL
108.012,9037,0.686054,80,5.776,GOAL
108.112,3974,0.806145,72,6.093,GOAL
108.212,9368,0.710275,85,6.623,GOAL
108.312,6267,0.754599,76,7.053,GOAL
108.416,1.528e+04,0.823617,72,7.921,GOAL
108.512,6635,0.922785,76,8.366,GOAL
108.612,1.052e+04,0.844344,79,8.860,GOAL
108.712,1.147e+04,0.867553,83,9.310,GOAL
108.812,1.508e+04,0.835891,68,10.310,GOAL
108.912,9066,0.911953,76,10.622,GOAL
109.012,7816,0.916797,79,11.626,GOAL
109.112,1.148e+04,0.891877,93,11.799,GOAL
109.212,2.997e+04,0.902009,89,12.816,GOAL
109.312,2.531e+04,0.886859,77,13.630,GOAL
109.412,1.8e+04,0.890631,83,14.621,GOAL
109.512,1.599e+04,0.921377,76,14.729,GOAL
109.612,4.631e+04,0.909444,78,16.024,GOAL
109.716,2.979e+04,0.917593,74,16.877,GOAL
109.812,4.118e+04,0.907404,81,17.654,GOAL
109.912,1.829e+05,0.999012,76,17.705,GOAL
110.012,1.91e+05,1.83987,87,23.117,GOAL
110.112,1.405e+05,8.13396,72,27.564,GOAL
111.376,8713,0.028052,85,0.005,POST
111.448,638,0.026191,62,0.002,POST
111.576,2108,0.030769,80,0.004,POST
111.676,1691,0.058953,89,0.001,POST
111.776,3566,0.090784,92,0.004,POST
111.880,2447,0.123897,72,0.004,POST
112.012,507.6,0.172205,83,0.003,POST
112.112,1627,0.219508,92,0.004,POST
112.212,7314,0.273499,87,0.007,POST
112.344,3376,0.335169,73,0.006,POST
112.476,918.3,0.384902,78,0.012,POST
112.576,577,0.421602,82,0.013,POST
112.676,2100,0.41988,81,0.007,POST
112.780,3100,0.421226,84,0.008,POST
112.912,7500,0.443603,76,0.009,POST
113.012,5182,0.470291,81,0.017,POST
113.112,3588,0.535879,72,0.019,POST
113.212,3623,0.59018,63,0.032,POST
113.312,2467,0.651433,74,0.047,POST
113.412,1339,0.641117,59,0.072,POST
113.512,861,0.616884,61,0.153,POST
113.612,1732,0.588036,55,0.299,POST
113.712,1536,0.632941,59,0.530,POST
113.812,874.2,0.738007,55,0.828,POST
113.912,8745,1.61646,43,1.069,POST
114.012,2351,0.290302,40,1.774,POST
114.116,4027,0.320544,102,1.743,POST
114.212,5431,0.487078,112,1.858,POST
114.312,2044,0.477178,96,1.881,POST
114.444,615.9,0.464648,72,1.905,POST
114.580,1098,0.512376,110,1.952,POST
114.712,918.9,0.63578,92,2.051,POST
114.812,4624,1.30042,104,2.574,POST
114.912,282.7,0.760171,69,2.207,POST
115.012,2465,0.984048,117,2.463,POST
115.112,4307,1.83332,94,3.533,POST
115.212,5703,1.54634,74,3.314,POST
115.312,2183,0.997373,75,2.700,POST
115.412,1427,1.42243,77,3.389,POST
115.516,4625,1.54953,71,3.726,POST
115.612,3554,1.51598,63,3.755,POST
115.712,2699,1.4419,34,3.724,POST
115.816,776.8,0.774486,37,2.642,POST
115.912,1066,0.930419,69,3.004,POST
116.012,1560,0.790459,76,2.717,POST
116.112,1786,1.27503,67,2.842,POST
116.212,2994,1.98208,65,3.098,POST
116.312,3212,2.09448,73,2.397,POST
116.412,8360,1.10734,68,3.840,POST
116.512,7036,1.45516,45,3.103,POST
116.612,1280,1.22767,34,4.060,POST
116.712,497.3,0.797,29,4.074,POST
116.812,8721,1.61089,16,4.014,POST
116.916,2761,1.3152,9,3.958,POST
117.012,417.8,0.841389,16,3.211,POST
117.112,780.9,0.758587,27,3.709,POST
117.212,5.11e+04,0.643715,36,3.151,POST
117.312,1.03e+04,1.03705,65,2.994,POST
117.412,1.385e+04,1.39466,89,3.417,POST
117.512,5.266e+04,1.87004,120,3.931,POST
117.644,1.837e+05,1.37646,105,3.554,POST
117.744,419.2,0.901985,88,2.457,POST
117.856,4.475e+04,0.302781,130,2.781,POST
117.976,1.13e+05,0.162975,97,3.627,POST
118.076,3.179e+04,0.231895,97,3.232,POST
118.156,3567,0.368789,106,3.401,POST
118.280,2.567e+04,0.399045,133,3.770,POST
118.412,433.5,0.369826,101,2.621,POST
118.484,8.826e+04,0.123963,129,4.075,POST
118.580,4.317e+04,0.201411,69,3.759,POST
118.712,4899,0.197953,48,3.191,POST
118.812,543.5,0.566898,95,4.794,POST
118.912,2.223e+04,0.235733,122,3.743,POST
119.012,5.763e+04,0.584349,104,4.079,POST
119.112,394,0.500901,82,2.745,POST
119.212,9.048e+04,0.802635,123,3.323,POST
119.312,1.529e+04,0.419889,104,3.558,POST
119.412,332.4,0.329607,103,3.119,POST
119.512,1.462e+04,0.392574,131,3.642,POST
119.612,246.3,0.280122,106,2.895,POST
119.716,1.124e+04,0.311977,135,4.582,POST
119.812,320.7,0.181185,113,3.058,POST
119.912,1.561e+04,0.175818,121,3.512,POST
120.012,250.7,0.132412,115,3.169,POST
120.116,233.2,0.145215,131,3.261,POST
120.212,2.25e+04,0.169775,131,4.223,POST
120.312,355.3,0.102103,102,3.075,POST
120.412,2.028e+04,0.290197,122,4.688,POST
120.544,347.2,0.159838,96,3.177,POST
120.644,495.4,0.100743,130,3.167,POST
120.748,275.8,0.097111,123,3.200,POST
120.876,1.929e+04,0.220666,131,3.728,POST
120.976,479.2,0.139943,102,3.249,POST
121.076,2.449e+04,0.423436,134,5.366,POST
121.176,404.5,0.284831,94,3.402,POST
121.280,2996,0.135303,123,3.348,POST
121.412,357,0.084992,117,3.363,POST
121.512,2.873e+04,0.300128,132,5.282,POST
121.648,416,0.137634,108,3.417,POST
121.776,403.7,0.079267,129,3.425,POST
121.876,8.556e+04,0.49288,121,5.031,POST
121.948,435.1,0.244938,95,3.447,POST
122.080,4.894e+04,0.118508,121,5.168,POST
122.212,499.4,0.071524,106,3.440,POST
122.312,503.1,0.070647,129,3.483,POST
122.412,462,0.07012,128,3.513,POST
122.512,1281,0.075722,127,3.680,POST
122.612,467.2,0.069159,124,3.501,POST
122.712,4.032e+05,0.285559,130,5.464,POST
122.812,539.4,0.222344,83,3.426,POST
122.912,938.5,0.139322,131,3.382,POST
123.012,331.9,0.115801,125,3.416,POST
123.112,334.7,0.1023,129,3.442,POST
123.212,330.5,0.09654,134,3.456,POST
123.312,504.4,0.097438,129,3.470,POST
123.412,457.9,0.099345,126,3.473,POST
123.512,330.2,0.103791,136,3.493,POST
123.612,331.7,0.109278,133,3.511,POST
123.712,337.6,0.125031,135,3.514,POST
123.844,339.6,0.140067,135,3.504,POST
123.952,339.4,0.147319,127,3.513,POST
124.076,341.7,0.157431,131,3.534,POST
124.148,342.2,0.205566,125,3.561,POST
124.276,1386,0.253229,128,3.132,POST
124.348,378.9,0.191386,118,3.455,POST
124.452,7.891e+04,0.364205,127,6.427,POST
124.576,550.7,0.132589,90,3.595,POST
124.676,6064,0.069623,134,3.402,POST
124.776,627.7,0.071171,126,3.475,POST
124.876,318.2,0.073539,130,3.497,POST
124.980,1385,0.090188,129,3.420,POST
125.080,328.8,0.068461,127,3.356,POST
125.212,325.7,0.066929,134,3.369,POST
125.312,481.4,0.066727,136,3.372,POST
125.412,537.3,0.06499,134,3.359,POST
125.512,329.6,0.065512,125,3.374,POST
125.612,352.5,0.065116,132,3.389,POST
125.712,360,0.064562,130,3.403,POST
125.812,322.5,0.065417,125,3.432,POST
125.912,324,0.066729,128,3.425,POST
126.012,324.9,0.068821,130,3.411,POST
126.088,324.8,0.069107,129,3.436,POST
126.212,327.4,0.066498,130,3.491,POST
126.312,409.5,0.066246,130,3.529,POST
126.412,9.103e+04,0.091092,135,5.805,POST
126.512,587.9,0.078854,85,3.271,POST
126.612,3100,0.167774,125,4.059,POST
126.744,485.2,0.067936,119,3.286,POST
126.816,2005,0.115916,128,3.253,POST
126.916,316.3,0.139889,133,3.263,POST
127.012,2.145e+05,0.22884,130,6.193,POST
127.112,689.8,0.207377,68,3.368,POST
127.244,3837,0.108826,126,1.710,POST
127.344,396.3,0.126094,117,1.548,POST
127.476,828.3,0.062581,129,1.865,POST
127.576,5.065e+04,0.425287,124,2.205,POST
127.676,492.6,0.477312,84,1.504,POST
127.752,854.5,0.452194,127,1.575,POST
127.876,401.4,0.404902,121,1.729,POST
127.976,769.4,0.664689,125,0.344,POST
128.076,390.3,0.830471,121,1.697,POST
128.176,9.943e+04,0.672063,128,4.054,POST
128.276,1119,0.389788,86,2.824,POST
128.348,1522,0.217559,125,2.869,POST
128.480,326,0.170536,130,2.878,POST
128.612,328.6,0.142217,133,2.882,POST
128.716,338.9,0.156962,132,2.876,POST
128.844,323.8,0.159952,131,2.883,POST
128.976,452.5,0.159254,131,2.899,POST
129.076,320,0.1624,130,2.912,POST
129.176,320.6,0.177783,130,2.915,POST
129.276,342.4,0.194631,128,2.921,POST
129.376,321.7,0.20426,132,2.922,POST
129.476,323.1,0.215171,132,2.923,POST
129.576,323.8,0.211115,129,2.938,POST
129.676,324.2,0.197528,127,2.954,POST
129.776,325.4,0.198582,133,2.957,POST
129.876,326.8,0.206699,133,2.955,POST
129.976,323.7,0.220194,132,2.963,POST
130.080,8371,0.582687,129,2.665,POST
130.180,431.8,0.331619,117,2.921,POST
130.312,1.54e+05,0.312929,135,2.721,POST
130.416,768.3,0.229541,81,2.759,POST
130.512,439,0.197463,126,3.000,POST
130.612,297.4,0.190423,132,3.000,POST
130.712,295.5,0.190261,128,3.009,POST
130.812,299.9,0.190644,125,3.021,POST
130.912,314,0.185899,129,3.018,POST
131.012,290.5,0.177215,118,3.030,POST
131.112,291.3,0.176672,132,3.041,POST
131.212,291.8,0.177832,128,3.036,POST
131.312,293.9,0.180675,128,3.029,POST
131.412,296,0.186616,128,3.026,POST
131.512,297.3,0.186535,129,3.008,POST
131.612,4.207e+04,0.468901,127,2.188,POST
131.712,409.9,0.39299,112,2.086,POST
131.812,1.281e+05,0.132484,124,5.007,POST
131.912,937.7,0.115035,83,2.672,POST
132.012,810.2,0.183068,130,2.699,POST
132.112,3169,0.17263,125,2.731,POST
132.216,318.4,0.216791,125,2.707,POST
132.316,317.8,0.239155,127,2.700,POST
132.444,319.8,0.237656,125,2.723,POST
132.576,317.7,0.234525,131,2.757,POST
132.676,318.3,0.236072,132,2.772,POST
132.780,319.7,0.250576,130,2.771,POST
132.912,478.3,0.300877,128,2.775,POST
133.016,322.1,0.316697,126,2.783,POST
133.112,322,0.320967,131,2.799,POST
133.244,325.1,0.324882,132,2.831,POST
133.344,324.3,0.325024,129,2.845,POST
133.448,324.6,0.328684,131,2.842,POST
133.548,325.5,0.326943,130,2.863,POST
133.676,327.3,0.332246,134,2.869,POST
133.776,330.3,0.361139,130,2.839,POST
133.876,330.6,0.362109,133,2.845,POST
133.976,334.3,0.356426,134,2.862,POST
134.076,333,0.350299,131,2.864,POST
134.176,413.9,0.347091,128,2.869,POST
134.276,332,0.366165,133,2.875,POST
134.376,333,0.387487,138,2.891,POST
134.476,333.7,0.404181,133,2.895,POST
134.576,336.1,0.417427,132,2.894,POST
134.676,337,0.417688,136,2.908,POST
134.776,337.9,0.420354,133,2.912,POST
134.876,341.6,0.427354,131,2.908,POST
134.976,345.1,0.445145,128,2.903,POST
135.076,345.5,0.451659,130,2.916,POST
135.148,345,0.453985,137,2.926,POST
135.276,345.7,0.485111,130,2.919,POST
135.376,345.5,0.517635,130,2.925,POST
135.476,344.9,0.514504,132,2.954,POST
135.576,526.5,0.500365,133,2.961,POST
135.676,346.3,0.507711,128,2.971,POST
135.776,348.8,0.522292,129,2.975,POST
135.876,352.1,0.54898,129,2.970,POST
135.976,352.7,0.561714,132,2.972,POST
136.076,351,0.551691,131,2.987,POST
136.176,1.959e+05,0.546646,126,4.846,POST
136.276,818.1,0.430727,74,2.829,POST
136.376,3954,0.455144,130,2.950,POST
136.452,322.4,0.486275,120,3.017,POST
136.580,324.4,0.501752,126,3.030,POST
136.680,325.1,0.504226,131,3.038,POST
136.812,329.1,0.499416,131,3.033,POST
136.912,333.9,0.512276,131,3.011,POST
137.012,334.8,0.520425,131,3.004,POST
137.144,339.7,0.490368,131,3.020,POST
137.276,416.2,0.471697,129,3.016,POST
137.376,1123,0.407161,131,2.920,POST
137.476,4.14e+04,0.234648,125,0.585,POST
137.548,550.3,0.244009,93,1.226,POST
137.676,424.8,0.358257,129,2.040,POST
137.776,340.4,0.40462,129,2.172,POST
137.876,347,0.404077,132,2.201,POST
137.976,335.4,0.423453,130,2.207,POST
138.076,404.9,0.427637,136,2.229,POST
138.176,357.5,0.433961,131,2.235,POST
138.276,365.9,0.462091,127,2.225,POST
138.376,333.9,0.474428,129,2.238,POST
138.476,355,0.492847,132,2.239,POST
138.576,340.9,0.520348,130,2.231,POST
138.676,342.5,0.540986,127,2.234,POST
138.776,344.4,0.548935,137,2.249,POST
138.880,343.1,0.543855,132,2.269,POST
138.976,340.2,0.537468,140,2.290,POST
139.076,344.6,0.535618,131,2.295,POST
139.176,345.2,0.5251,136,2.288,POST
139.276,345.3,0.516302,130,2.293,POST
139.376,348.2,0.522659,124,2.296,POST
139.476,350.1,0.54339,129,2.303,POST
139.576,349.9,0.550512,129,2.319,POST
139.676,350,0.552017,136,2.343,POST
139.748,351.9,0.548731,129,2.356,POST
139.848,354.8,0.545745,130,2.362,POST
139.948,355.6,0.542578,133,2.375,POST
140.048,435.3,0.532947,131,2.403,POST
140.176,351.9,0.526953,131,2.435,POST
140.276,351.4,0.523983,133,2.450,POST
140.376,352.1,0.526062,130,2.466,POST
140.476,355.5,0.53216,131,2.466,POST
140.548,355.8,0.536341,132,2.464,POST
140.652,356.7,0.539575,134,2.462,POST
140.776,359.5,0.543938,132,2.464,POST
140.876,364.2,0.554615,133,2.466,POST
140.976,365.9,0.563922,127,2.472,POST
141.076,367,0.569215,134,2.483,POST
141.180,368.5,0.579952,135,2.491,POST
141.312,531.2,0.584389,132,2.501,POST
141.416,370,0.58281,136,2.526,POST
141.512,369.1,0.577464,135,2.548,POST
141.612,368.7,0.570864,130,2.564,POST
141.712,369.5,0.575105,128,2.582,POST
141.816,370.3,0.588398,134,2.584,POST
141.912,372.2,0.595618,135,2.575,POST
142.012,370,0.604665,134,2.564,POST
142.144,368,0.621411,132,2.527,POST
142.216,368.2,0.639011,135,2.500,POST
142.344,370.6,0.637137,135,2.488,POST
142.476,372.4,0.635852,130,2.502,POST
142.576,373,0.638797,135,2.508,POST
142.680,376.3,0.644803,130,2.480,POST
142.776,378.7,0.646782,129,2.452,POST
142.876,381.5,0.644592,131,2.452,POST
142.976,385.8,0.641189,131,2.464,POST
143.080,387,0.635305,133,2.486,POST
143.216,385,0.63101,131,2.529,POST
143.316,387.7,0.635508,130,2.536,POST
143.412,388.9,0.639015,131,2.504,POST
143.512,388.3,0.636826,131,2.457,POST
143.612,390.9,0.63521,131,2.427,POST
143.744,391.8,0.630579,133,2.411,POST
143.876,394.5,0.629568,128,2.389,POST
143.976,394.4,0.633265,127,2.372,POST
144.076,394.4,0.631628,131,2.366,POST
144.176,396.4,0.623681,134,2.370,POST
144.280,392.7,0.617824,131,2.382,POST
144.384,389.6,0.617123,129,2.395,POST
144.512,391.6,0.61698,133,2.407,POST
144.616,414.4,0.623438,134,2.413,POST
144.716,395.4,0.621841,129,2.416,POST
144.812,5844,0.58116,130,2.290,POST
144.912,433,0.556143,127,2.223,POST
145.012,506.8,0.544554,127,2.202,POST
145.112,429.7,0.537741,126,2.205,POST
145.212,3.929e+05,0.044303,136,0.569,POST
145.312,888.9,0.212116,57,1.479,POST
145.412,986.5,0.482903,127,2.342,POST
145.512,2248,0.501224,119,2.213,POST
145.616,3.014e+04,0.048766,127,0.215,POST
145.744,753.8,0.07432,101,0.025,POST
145.876,482.9,0.069244,111,0.052,POST
145.976,482.1,0.067972,132,0.063,POST
146.076,719.1,0.065099,126,0.049,POST
146.176,505.3,0.065891,125,0.062,POST
146.276,491.5,0.068841,135,0.099,POST
146.376,477.1,0.068349,131,0.144,POST
146.476,482.1,0.066218,135,0.236,POST
146.576,454.7,0.06077,130,0.629,POST
146.676,404.2,0.414732,134,2.159,POST
146.776,329.2,0.568773,129,2.468,POST
146.876,324.5,0.606831,127,2.516,POST
146.976,325.8,0.617312,135,2.536,POST
147.048,326.9,0.624562,136,2.538,POST
147.152,328.1,0.628922,132,2.544,POST
147.276,328.4,0.627764,126,2.578,POST
147.376,337.3,0.621875,129,2.623,POST
147.448,2489,0.577135,134,2.625,POST
147.576,322.9,0.611879,128,2.634,POST
147.676,1.652e+05,0.133497,130,1.417,POST
147.776,719.4,0.447919,65,2.479,POST
147.876,632.5,0.594667,133,2.704,POST
147.948,1756,0.581539,133,2.607,POST
148.076,334.3,0.611264,129,2.873,POST
148.180,325.1,0.614916,128,2.898,POST
148.312,2.98e+05,0.631719,128,2.442,POST
148.412,816.5,0.400076,76,2.593,POST
148.512,1046,0.568676,130,2.953,POST
148.616,333.4,0.60626,126,3.075,POST
148.712,815.6,0.609678,131,3.098,POST
148.844,350.8,0.620754,127,3.064,POST
148.948,327.3,0.62508,136,3.068,POST
149.048,3764,0.619438,128,3.109,POST
149.176,332.6,0.620344,125,3.153,POST
149.276,366.8,0.621963,133,3.175,POST
149.348,337,0.624406,139,3.180,POST
149.448,332.6,0.62421,131,3.206,POST
149.548,1.717e+06,0.079425,131,1.208,POST
149.648,1769,0.219758,69,1.303,POST
149.748,1418,0.366931,131,2.603,POST
149.880,357.4,0.491345,125,2.767,POST
150.012,355.1,0.504277,130,2.816,POST
150.112,355.2,0.511685,128,2.852,POST
150.216,357.4,0.516744,128,2.876,POST
150.312,390.5,0.494611,129,2.841,POST
150.412,2.917e+05,0.535656,128,1.669,POST
150.512,1000,0.384595,73,0.953,POST
150.588,523.8,0.270127,126,2.509,POST
150.680,474.3,0.371046,132,2.651,POST
150.812,376.5,0.378059,133,2.700,POST
150.912,1181,0.335929,136,2.698,POST
151.012,388.4,0.351338,127,2.737,POST
151.112,4.489e+05,0.424733,132,2.096,POST
151.216,1249,0.216528,77,1.790,POST
151.312,1075,0.243003,125,2.705,POST
151.412,405.5,0.314512,121,2.820,POST
151.512,484.5,0.320339,133,2.856,POST
151.612,406,0.329741,131,2.890,POST
151.712,398.7,0.332479,126,2.920,POST
151.812,402.5,0.337199,129,2.955,POST
151.912,407.9,0.345852,137,3.000,POST
152.012,494.2,0.353286,135,3.038,POST
152.112,409.1,0.356265,134,3.068,POST
152.212,733.1,0.356046,134,3.099,POST
152.312,405.6,0.356469,129,3.139,POST
152.444,405.6,0.359352,129,3.180,POST
152.576,2.34e+05,0.406886,128,1.763,POST
152.676,1035,0.123096,66,2.913,POST
152.776,1061,0.32489,125,3.220,POST
152.876,406.8,0.340277,135,3.282,POST
152.980,396.9,0.342802,131,3.324,POST
153.112,1099,0.324241,133,3.334,POST
153.212,541.2,0.335985,133,3.382,POST
153.312,416.2,0.340736,129,3.420,POST
153.412,1.306e+06,0.447909,130,2.507,POST
153.512,1309,0.101092,81,3.148,POST
153.612,3568,0.244608,129,3.450,POST
153.744,499.3,0.284728,127,3.520,POST
153.876,480.5,0.298122,128,3.581,POST
153.976,526.3,0.305728,130,3.620,POST
154.048,508.3,0.309152,131,3.649,POST
154.176,484.1,0.313261,131,3.699,POST
154.276,491.7,0.316306,137,3.735,POST
154.376,497.1,0.315352,132,3.775,POST
154.480,577.3,0.318011,132,3.814,POST
154.612,497.2,0.318796,125,3.864,POST
154.712,495.3,0.315998,133,3.905,POST
154.812,495.4,0.316778,139,3.944,POST
154.912,496.7,0.318302,139,3.988,POST
155.012,499.3,0.3214,132,4.029,POST
155.112,504.8,0.327455,133,4.067,POST
155.212,506.9,0.332269,136,4.106,POST
155.316,498,0.335491,135,4.153,POST
155.412,503.1,0.332491,125,4.190,POST
155.512,505.3,0.328107,132,4.231,POST
155.612,590.2,0.324886,131,4.273,POST
155.712,506.7,0.323572,131,4.321,POST
155.812,701.9,0.274892,134,4.246,POST
155.912,530.2,0.279664,134,4.290,POST
156.048,534.5,0.277976,129,4.338,POST
156.176,532.5,0.280961,134,4.380,POST
156.276,8.553e+05,0.387265,134,3.439,POST
156.376,1194,0.102341,72,3.777,POST
156.476,1703,0.15094,130,4.295,POST
156.576,543.4,0.199463,128,4.399,POST
156.676,640.6,0.21076,130,4.455,POST
156.776,510.3,0.215127,130,4.505,POST
156.876,512.1,0.21289,137,4.546,POST
156.976,514,0.209837,135,4.588,POST
157.080,696.8,0.172925,132,4.576,POST
157.212,2.233e+05,0.367489,134,3.646,POST
157.312,1338,0.08822,60,4.348,POST
157.448,2354,0.085792,131,4.431,POST
157.552,2108,0.107842,126,4.348,POST
157.676,573.6,0.104562,124,4.409,POST
157.776,2.688e+05,0.545316,134,4.662,POST
157.876,1542,0.181531,93,4.261,POST
157.976,1450,0.181506,127,4.346,POST
158.080,576.9,0.170278,133,4.409,POST
158.212,572.9,0.166576,129,4.461,POST
158.312,568.5,0.163014,130,4.500,POST
158.412,565.4,0.163111,133,4.536,POST
158.512,561.8,0.163899,123,4.571,POST
158.612,563.2,0.16477,126,4.606,POST
158.712,565.8,0.166258,139,4.642,POST
158.812,567.6,0.166798,131,4.680,POST
158.912,570.2,0.166584,133,4.712,POST
159.012,570.5,0.167935,134,4.741,POST
159.112,572.2,0.169516,128,4.774,POST
159.212,574.8,0.170918,127,4.807,POST
159.312,576.1,0.170803,130,4.841,POST
159.444,579,0.172161,129,4.886,POST
159.580,581.3,0.172521,126,4.933,POST
159.712,585.1,0.173338,132,4.984,POST
159.812,590,0.17368,135,5.019,POST
159.912,590.1,0.172665,134,5.054,POST
160.012,593.7,0.172948,133,5.093,POST
160.112,598.3,0.172385,133,5.133,POST
160.212,598.3,0.169966,134,5.173,POST
160.316,597.5,0.167468,132,5.208,POST
160.412,599.3,0.167208,133,5.232,POST
160.512,603.3,0.168528,131,5.257,POST
160.612,609,0.168886,138,5.292,POST
160.712,610.9,0.1686,124,5.324,POST
160.812,612.6,0.168235,130,5.359,POST
160.912,615,0.16873,124,5.389,POST
161.044,621.1,0.168775,133,5.433,POST
161.176,629.7,0.168632,124,5.485,POST
161.276,634.2,0.169704,130,5.512,POST
161.376,636.6,0.17165,130,5.538,POST
161.476,640.4,0.174702,137,5.572,POST
161.548,643.4,0.174658,132,5.611,POST
161.648,646.1,0.175292,125,5.637,POST
161.780,734.2,0.179917,130,5.669,POST
161.912,653.1,0.18183,133,5.731,POST
162.044,659.2,0.185911,128,5.766,POST
162.176,663.4,0.188293,129,5.813,POST
162.276,665,0.188512,131,5.878,POST
162.376,664.2,0.189964,134,5.922,POST
162.476,664.4,0.189972,131,5.965,POST
162.576,667.2,0.191763,130,5.999,POST
162.676,669.3,0.19349,136,6.036,POST
162.780,675.5,0.194324,137,6.072,POST
162.912,680.5,0.198633,132,6.091,POST
163.016,681.7,0.199408,132,6.139,POST
163.148,682.2,0.203108,137,6.176,POST
163.276,685.7,0.204522,133,6.235,POST
163.376,691.2,0.205315,135,6.295,POST
163.476,695,0.206226,138,6.339,POST
163.576,698.4,0.206225,131,6.375,POST
163.676,701.5,0.206295,136,6.423,POST
163.776,704.3,0.205307,138,6.462,POST
163.876,706.1,0.206049,125,6.506,POST
163.976,708,0.213376,134,6.560,POST
164.048,706.5,0.214678,130,6.616,POST
164.176,707.8,0.217546,134,6.588,POST
164.276,712.2,0.219549,131,6.634,POST
164.376,712,0.220003,133,6.682,POST
164.476,712.3,0.221093,130,6.723,POST
164.576,715.2,0.222114,131,6.781,POST
164.676,716.5,0.225491,131,6.825,POST
164.776,718.4,0.229187,137,6.860,POST
164.876,722.2,0.230697,135,6.915,POST
164.980,724.6,0.232746,125,6.949,POST
165.076,728.1,0.235534,132,7.005,POST
165.176,728.5,0.235523,132,7.054,POST
165.276,731.4,0.23696,137,7.098,POST
165.376,734.8,0.240477,132,7.128,POST
165.476,738.6,0.244028,133,7.198,POST
165.576,3045,0.273867,132,6.553,POST
165.676,954.7,0.35058,128,6.743,POST
165.780,2.589e+05,0.311001,133,5.681,POST
165.852,1671,0.481233,69,5.414,POST
165.976,1006,0.482289,130,5.483,POST
166.076,696.5,0.436948,131,5.719,POST
166.176,710,0.419823,130,5.855,POST
166.276,710.4,0.415081,130,5.951,POST
166.376,712.8,0.41298,132,5.996,POST
166.480,716.9,0.413211,131,6.038,POST
166.612,1.954e+04,0.40083,134,5.901,POST
166.712,782.5,0.450283,127,5.824,POST
166.812,774.5,0.44868,135,5.817,POST
166.912,749,0.450172,134,5.838,POST
167.012,3.416e+05,0.220344,133,4.491,POST
167.112,1732,0.569592,72,4.762,POST
167.212,1.138e+04,0.238942,131,3.147,POST
167.312,1085,0.484246,114,5.865,POST
167.412,1323,0.467732,139,6.085,POST
167.512,1.343e+05,0.223579,126,4.862,POST
167.648,1311,0.447058,86,6.234,POST
167.748,1.271e+04,0.16453,127,2.569,POST
167.844,899.7,0.447859,110,6.286,POST
167.944,547.9,0.455524,121,6.306,POST
168.076,1.207e+04,0.328873,131,0.471,POST
168.176,1098,0.388877,126,1.115,POST
168.248,1.5e+05,0.217836,128,2.471,POST
168.376,1137,0.722814,75,2.888,POST
168.480,5.131e+04,0.079484,132,2.323,POST
168.612,884.7,0.666764,115,3.061,POST
168.716,9599,0.298763,126,0.619,POST
168.812,6123,0.169132,124,0.033,POST
168.912,750.8,0.221237,95,0.046,POST
169.012,913.2,0.217283,125,0.047,POST
169.116,751.4,0.219545,129,0.047,POST
169.212,766.4,0.218793,131,0.047,POST
169.312,766.5,0.220289,128,0.045,POST
169.412,782.6,0.222642,135,0.041,POST
169.512,797.8,0.223464,131,0.038,POST
169.612,792.5,0.22459,131,0.040,POST
169.744,823.2,0.223525,133,0.037,POST
169.880,840.7,0.224867,129,0.031,POST
170.012,829.8,0.220311,131,0.031,POST
170.112,824.6,0.219266,133,0.035,POST
170.212,841.8,0.220963,129,0.033,POST
170.312,917,0.221711,131,0.034,POST
170.416,865.6,0.212903,129,0.029,POST
170.512,857.3,0.212572,126,0.032,POST
170.612,866.5,0.207346,122,0.029,POST
170.712,873.7,0.205616,128,0.030,POST
170.812,878.3,0.200141,134,0.030,POST
170.912,883.9,0.195659,127,0.029,POST
171.012,889.5,0.196008,130,0.027,POST
171.112,893.4,0.193425,128,0.022,POST
171.248,893.7,0.192731,132,0.019,POST
171.376,892.8,0.194438,135,0.014,POST
171.484,904.4,0.192752,130,0.011,POST
171.580,903.8,0.188768,133,0.013,POST
171.712,919,0.184326,127,0.008,POST
171.812,902.9,0.184335,131,0.006,POST
171.944,907.8,0.184239,132,0.006,POST
172.076,925.9,0.179394,132,0.006,POST
172.176,914.8,0.17591,133,0.009,POST
172.276,929.2,0.170689,127,0.010,POST
172.376,925.9,0.170409,133,0.006,POST
172.480,927.3,0.168486,133,0.010,POST
172.612,952.3,0.165678,136,0.008,POST
172.712,938.9,0.164458,135,0.009,POST
172.812,938.1,0.165018,129,0.008,POST
172.916,941.5,0.16353,131,0.009,POST
173.016,942.3,0.164398,130,0.010,POST
173.116,944.4,0.161596,130,0.008,POST
173.212,954,0.15982,130,0.005,POST
173.312,957,0.156183,129,0.007,POST
173.412,961.1,0.153089,136,0.008,POST
173.512,965.9,0.149144,135,0.006,POST
173.612,958.6,0.150005,136,0.010,POST
173.712,963.2,0.150008,134,0.003,POST
173.812,962.5,0.151821,131,0.012,POST
173.912,974.1,0.147802,137,0.004,POST
174.016,971.4,0.145705,133,0.003,POST
174.112,962,0.144802,137,0.016,POST
174.212,968.8,0.144744,126,0.018,POST
174.312,977.8,0.143722,135,0.014,POST
174.412,973.3,0.144033,132,0.014,POST
174.512,971.7,0.144387,130,0.015,POST
174.616,973.7,0.144361,136,0.016,POST
174.712,980.1,0.142059,130,0.016,POST
174.812,1150,0.143373,136,0.018,POST
174.912,990.6,0.142986,130,0.017,POST
175.012,1001,0.140541,135,0.013,POST
175.116,996.4,0.139441,133,0.017,POST
175.212,1004,0.139654,129,0.018,POST
175.344,1019,0.137635,129,0.011,POST
175.476,1022,0.133671,130,0.008,POST
175.576,1205,0.132086,128,0.011,POST
175.676,1013,0.131098,137,0.013,POST
175.776,1015,0.129675,137,0.014,POST
175.876,1018,0.129355,136,0.018,POST
175.976,1024,0.128457,132,0.016,POST
176.048,1030,0.127675,133,0.019,POST
176.176,1034,0.127066,128,0.013,POST
176.276,1026,0.128548,135,0.016,POST
176.376,1269,0.127518,119,0.014,POST
176.480,1039,0.125484,121,0.022,POST
176.612,1051,0.121605,133,0.006,POST
176.712,1026,0.121793,122,0.013,POST
176.812,1186,0.124451,125,0.009,POST
176.912,1051,0.123594,96,0.016,POST
177.012,1059,0.12489,117,0.010,POST
177.112,1017,0.125591,128,0.006,POST
177.216,1016,0.125343,129,0.004,POST
177.312,1017,0.125646,133,0.004,POST
177.412,1017,0.126553,131,0.006,POST
177.512,1037,0.125184,134,0.005,POST
177.612,1076,0.125633,127,0.005,POST
177.712,1033,0.127538,131,0.002,POST
177.816,1039,0.128169,134,0.003,POST
177.912,1045,0.127222,134,0.003,POST
178.012,1649,0.126212,137,0.007,POST
178.112,1055,0.125073,131,0.009,POST
178.212,1045,0.127616,132,0.009,POST
178.312,1047,0.128694,132,0.011,POST
178.412,1057,0.128906,130,0.009,POST
178.512,1065,0.128349,129,0.010,POST
178.612,1064,0.126928,122,0.013,POST
178.744,1073,0.126551,136,0.012,POST
178.876,1076,0.126433,128,0.012,POST
178.976,1070,0.125332,129,0.016,POST
179.080,1081,0.125594,134,0.015,POST
179.212,1082,0.127611,137,0.017,POST
179.312,1079,0.126079,133,0.019,POST
179.412,1084,0.125632,126,0.019,POST
179.512,1088,0.125207,129,0.023,POST
179.616,1107,0.124835,134,0.019,POST
179.712,1085,0.124329,133,0.021,POST
179.816,1085,0.124936,132,0.019,POST
179.916,1093,0.122807,123,0.018,POST
180.016,1084,0.124125,136,0.023,POST
180.112,1096,0.124064,139,0.022,POST
180.212,1100,0.124791,134,0.023,POST
180.312,1100,0.124788,130,0.019,POST
180.412,1102,0.123925,131,0.021,POST
180.516,1110,0.125937,137,0.018,POST
180.612,1107,0.127697,134,0.021,POST
180.712,1113,0.128518,134,0.017,POST
180.812,1111,0.127799,138,0.019,POST
180.912,1117,0.126089,133,0.019,POST
181.012,1117,0.126273,133,0.016,POST
181.112,1116,0.125723,139,0.019,POST
181.212,1115,0.126411,135,0.019,POST
181.312,1119,0.127677,135,0.018,POST
181.416,1128,0.126437,134,0.016,POST
181.488,1125,0.125866,130,0.022,POST
181.580,1158,0.126293,132,0.017,POST
181.712,1147,0.123274,138,0.014,POST
181.812,1135,0.125108,134,0.020,POST
181.912,1148,0.123662,128,0.020,POST
182.012,1145,0.123958,128,0.021,POST
182.112,1147,0.124689,137,0.018,POST
182.216,1146,0.124341,128,0.020,POST
182.312,1146,0.123586,129,0.020,POST
182.412,1152,0.123668,128,0.021,POST
182.544,1160,0.124609,128,0.017,POST
182.648,1166,0.12279,134,0.022,POST
182.776,1163,0.12279,131,0.015,POST
182.852,1157,0.122554,129,0.030,POST
182.976,1181,0.121089,133,0.016,POST
183.076,1185,0.120875,131,0.020,POST
183.176,1173,0.121565,133,0.020,POST
183.248,1186,0.121456,128,0.027,POST
183.376,1195,0.121466,128,0.012,POST
183.476,1188,0.120465,135,0.013,POST
183.576,1191,0.118981,137,0.017,POST
183.676,1195,0.118015,135,0.018,POST
183.776,1198,0.117264,132,0.014,POST
183.848,1197,0.118249,134,0.023,POST
183.980,1227,0.117337,136,0.008,POST
184.112,1224,0.116674,132,0.007,POST
184.212,1219,0.115607,138,0.012,POST
184.312,1244,0.11539,133,0.011,POST
184.412,1228,0.115293,133,0.015,POST
184.484,1232,0.116034,139,0.016,POST
184.616,1250,0.115211,136,0.007,POST
184.712,1234,0.114515,137,0.009,POST
184.844,1239,0.112957,135,0.007,POST
184.944,1237,0.112724,135,0.008,POST
185.052,1317,0.112478,129,0.003,POST
185.176,1245,0.112103,131,0.005,POST
185.276,1244,0.112299,134,0.004,POST
185.376,1253,0.110995,132,0.007,POST
185.476,1254,0.112129,137,0.005,POST
185.548,1398,0.112164,133,0.010,POST
185.676,1252,0.112327,131,0.009,POST
185.776,1257,0.113718,138,0.009,POST
185.876,1260,0.114004,134,0.010,POST
185.976,1259,0.112695,133,0.011,POST
186.076,1261,0.113731,131,0.014,POST
186.148,1260,0.113118,130,0.011,POST
186.276,1270,0.114269,127,0.008,POST
186.376,1268,0.113346,136,0.009,POST
186.476,1570,0.112639,138,0.013,POST
186.576,1267,0.112607,132,0.015,POST
186.680,1271,0.113822,136,0.011,POST
186.812,1274,0.114911,135,0.008,POST
186.912,1273,0.113374,132,0.012,POST
187.016,1273,0.112862,132,0.009,POST
187.112,1272,0.111861,136,0.008,POST
187.212,1627,0.111052,135,0.017,POST
187.312,1275,0.112545,127,0.010,POST
187.412,1278,0.112378,132,0.009,POST
187.512,1283,0.112858,133,0.008,POST
187.612,1503,0.112713,130,0.006,POST
187.712,1290,0.112553,129,0.007,POST
187.812,1289,0.111865,131,0.006,POST
187.944,1595,0.111422,133,0.008,POST
188.076,1298,0.111978,138,0.010,POST
188.176,1304,0.111471,133,0.012,POST
188.276,1309,0.112053,128,0.009,POST
188.376,1307,0.112181,134,0.008,POST
188.476,1493,0.113214,139,0.011,POST
188.576,1321,0.112699,125,0.009,POST
188.676,1320,0.112591,135,0.008,POST
188.748,1512,0.113234,131,0.019,POST
188.876,2338,0.113896,124,0.003,POST
188.976,1538,0.114569,116,0.003,POST
189.076,1795,0.114453,131,0.004,POST
189.180,1354,0.114691,130,0.004,POST
189.312,1362,0.113915,137,0.002,POST
189.412,1349,0.114033,130,0.003,POST
189.512,1673,0.114126,136,0.003,POST
189.612,1352,0.114519,131,0.004,POST
189.712,1360,0.114626,129,0.001,POST
189.844,1351,0.114671,130,0.002,POST
189.976,1353,0.114975,134,0.003,POST
190.076,1364,0.114078,131,0.002,POST
190.176,1414,0.113624,135,0.001,POST
190.276,1706,0.114415,134,0.003,POST
190.376,1357,0.114515,135,0.002,POST
190.476,1363,0.115387,132,0.002,POST
190.576,1358,0.115404,137,0.001,POST
190.648,1357,0.115385,133,0.003,POST
190.780,1381,0.114904,131,0.005,POST
190.912,1371,0.116118,136,0.005,POST
191.012,1353,0.115789,132,0.003,POST
191.112,1665,0.116441,131,0.002,POST
191.212,1353,0.115757,129,0.003,POST
191.316,1355,0.115003,132,0.003,POST
191.412,1351,0.115112,124,0.003,POST
191.512,1944,0.1155,128,0.007,POST
191.612,1359,0.117423,125,0.002,POST
191.712,1360,0.117067,127,0.002,POST
191.812,1361,0.116567,125,0.002,POST
191.916,1358,0.116343,125,0.004,POST
192.044,1378,0.115694,125,0.003,POST
192.148,1360,0.115936,118,0.001,POST
192.244,1974,0.117227,128,0.004,POST
192.316,1365,0.116213,122,0.003,POST
192.416,1370,0.116964,125,0.003,POST
192.512,1371,0.116364,119,0.002,POST
192.616,1830,0.116448,124,0.006,POST
192.712,1870,0.116035,124,0.007,POST
192.848,1397,0.11607,126,0.003,POST
192.976,1377,0.115848,119,0.003,POST
193.076,1368,0.115624,129,0.002,POST
193.176,1364,0.115631,126,0.002,POST
193.276,1363,0.115656,120,0.002,POST
193.376,1647,0.115759,125,0.003,POST
193.476,1366,0.116074,119,0.002,POST
193.548,1367,0.116103,123,0.003,POST
193.684,1375,0.11621,123,0.002,POST
193.812,1383,0.116309,119,0.001,POST
193.912,1378,0.115768,126,0.003,POST
194.012,1425,0.115975,129,0.005,POST
194.112,1394,0.116071,126,0.003,POST
194.212,1388,0.116062,120,0.002,POST
194.312,1406,0.116731,126,0.001,POST
194.412,1408,0.116495,123,0.002,POST
194.512,1384,0.116296,122,0.002,POST
194.612,1395,0.116516,121,0.002,POST
194.712,1397,0.116016,125,0.003,POST
194.812,1391,0.116461,119,0.004,POST
194.944,1497,0.116359,126,0.002,POST
195.076,1438,0.116724,125,0.002,POST
195.176,1391,0.116905,109,0.001,POST
195.276,1384,0.116963,126,0.002,POST
195.376,1386,0.116874,111,0.006,POST
195.476,1394,0.116199,126,0.005,POST
195.576,1392,0.115883,115,0.003,POST
195.676,1392,0.113104,121,0.005,POST
195.748,1387,0.113678,118,0.003,POST
195.876,1393,0.113909,127,0.003,POST
195.976,1390,0.113934,123,0.004,POST
196.076,1395,0.114173,123,0.005,POST
196.176,1400,0.114315,121,0.003,POST
196.276,1392,0.114155,127,0.002,POST
196.376,1395,0.114086,123,0.003,POST
196.476,1390,0.113211,120,0.006,POST
196.580,1393,0.113196,127,0.004,POST
196.712,1402,0.11328,125,0.003,POST
196.812,1511,0.113341,127,0.004,POST
196.912,1404,0.110842,122,0.004,POST
197.044,1404,0.111326,125,0.003,POST
197.176,1410,0.111367,125,0.002,POST
197.276,1529,0.109479,131,0.005,POST
197.376,1412,0.109553,119,0.003,POST
197.476,1411,0.107639,126,0.003,POST
197.576,1402,0.109241,123,0.004,POST
197.676,1402,0.108598,122,0.006,POST
197.776,1405,0.108286,121,0.007,POST
197.876,1406,0.108174,130,0.004,POST
197.976,1406,0.108153,124,0.001,POST
198.076,1404,0.107706,131,0.003,POST
198.176,1405,0.108205,123,0.003,POST
198.276,1404,0.108585,128,0.005,POST
198.376,1407,0.108944,121,0.004,POST
198.476,1405,0.10941,125,0.007,POST
198.552,1406,0.109293,120,0.005,POST
198.676,1551,0.106934,119,0.003,POST
198.776,1416,0.107368,129,0.003,POST
198.876,1341,0.107368,129,0.004,POST
198.976,1303,0.107368,117,0.001,POST
199.080,1304,0.107368,119,0.003,POST
199.212,1306,0.107368,130,0.003,POST
199.312,1309,0.107368,119,0.002,POST
199.412,1305,0.107368,125,0.004,POST
199.544,1304,0.107368,116,0.003,POST
199.676,1304,0.107368,126,0.001,POST
199.776,1326,0.107368,126,0.005,POST
199.876,1307,0.107368,121,0.002,POST
199.976,1301,0.107368,126,0.004,POST
200.076,1301,0.107368,124,0.002,POST
200.176,1302,0.107368,124,0.004,POST
200.276,1298,0.107368,128,0.004,POST
200.376,1297,0.107368,124,0.004,POST
200.480,1304,0.107368,126,0.003,POST
200.612,1296,0.107368,130,0.004,POST
200.712,1298,0.107368,124,0.001,POST
200.812,1316,0.107368,129,0.002,POST
200.912,1300,0.107368,123,0.006,POST
201.012,1301,0.107368,129,0.004,POST
201.144,1308,0.107368,127,0.001,POST
201.276,1303,0.107368,127,0.002,POST
201.380,1296,0.107368,119,0.004,POST
201.512,1296,0.107368,124,0.005,POST
201.616,1299,0.107368,124,0.003,POST
201.712,1317,0.107368,122,0.001,POST
201.812,1295,0.107368,128,0.002,POST
201.916,1300,0.107368,119,0.005,POST
202.016,1294,0.107368,129,0.005,POST
202.144,1307,0.107368,123,0.003,POST
202.276,1298,0.107368,131,0.004,POST
202.380,1294,0.107368,126,0.003,POST
202.512,1294,0.107368,126,0.003,POST
202.616,1291,0.107368,133,0.002,POST
202.712,1291,0.107368,132,0.004,POST
202.816,1323,0.107368,133,0.003,POST
202.912,1294,0.107368,129,0.001,POST
203.016,1297,0.107368,129,0.003,POST
203.112,1299,0.107368,123,0.002,POST
203.216,1294,0.107368,123,0.007,POST
203.344,1324,0.107368,126,0.003,POST
203.476,1298,0.107368,116,0.003,POST
203.552,1295,0.107368,126,0.005,POST
203.676,1319,0.107368,120,0.002,POST
203.776,1295,0.107368,129,0.004,POST
203.876,1300,0.107368,123,0.002,POST
203.948,1297,0.107368,127,0.003,POST
204.076,1326,0.107368,125,0.004,POST
204.148,1298,0.107368,121,0.004,POST
204.276,1295,0.107368,117,0.005,POST
204.376,1299,0.107368,125,0.003,POST
204.476,1318,0.107368,119,0.003,POST
204.576,1296,0.107368,125,0.004,POST
204.676,1300,0.107368,119,0.003,POST
204.776,1299,0.107368,123,0.002,POST
204.848,1299,0.107368,125,0.003,POST
204.948,1297,0.107368,118,0.003,POST
205.052,1296,0.107368,122,0.002,POST
205.176,1300,0.107368,119,0.001,POST
205.276,1297,0.107368,119,0.003,POST
205.376,1297,0.107368,115,0.005,POST
205.480,1314,0.107368,121,0.002,POST
205.612,1303,0.107368,126,0.004,POST
205.712,1298,0.107368,117,0.003,POST
205.812,1311,0.107368,124,0.004,POST
205.944,1298,0.107368,121,0.004,POST
206.044,1295,0.107368,122,0.006,POST
206.180,1311,0.107368,131,0.001,POST
206.284,1297,0.107368,126,0.001,POST
206.380,1292,0.107368,128,0.002,POST
206.512,1295,0.107368,120,0.004,POST
206.612,1294,0.107368,122,0.002,POST
206.712,1302,0.107368,121,0.003,POST
206.816,1302,0.107368,120,0.002,POST
206.912,1309,0.107368,124,0.002,POST
207.044,1297,0.107368,125,0.001,POST
207.152,1295,0.107368,123,0.003,POST
207.276,1299,0.107368,117,0.003,POST
207.376,1310,0.107368,122,0.003,POST
207.476,1295,0.107368,126,0.003,POST
207.576,1296,0.107368,126,0.005,POST
207.676,1296,0.107368,122,0.001,POST
207.776,1300,0.107368,122,0.003,POST
207.876,1299,0.107368,124,0.004,POST
207.976,1313,0.107368,118,0.002,POST
208.076,1299,0.107368,123,0.002,POST
208.176,1300,0.107368,119,0.002,POST
208.276,1300,0.107368,130,0.002,POST
208.376,1303,0.107368,124,0.004,POST
208.476,1299,0.107368,125,0.003,POST
208.576,1302,0.107368,125,0.001,POST
208.676,1300,0.107368,125,0.003,POST
208.776,1298,0.107368,119,0.003,POST
208.876,1296,0.107368,123,0.003,POST
208.976,1310,0.107368,124,0.004,POST
209.076,1295,0.107368,124,0.001,POST
209.176,1298,0.107368,121,0.001,POST
209.280,1299,0.107368,122,0.005,POST
209.412,1300,0.107368,129,0.004,POST
209.512,1298,0.107368,122,0.004,POST
209.644,1297,0.107368,124,0.002,POST
209.780,1304,0.107368,121,0.004,POST
209.912,1360,0.107368,122,0.004,POST
210.012,1299,0.107368,118,0.002,POST
210.116,1297,0.107368,123,0.001,POST
210.212,1298,0.107368,125,0.002,POST
210.312,1296,0.107368,121,0.002,POST
210.416,1310,0.107368,122,0.002,POST
210.512,1297,0.107368,121,0.002,POST
210.616,1363,0.107368,119,0.004,POST
210.744,1308,0.107368,119,0.004,POST
210.876,1319,0.107368,124,0.002,POST
210.976,1300,0.107368,120,0.003,POST
211.076,1300,0.107368,127,0.003,POST
211.176,1301,0.107368,124,0.003,POST
211.276,1300,0.107368,125,0.004,POST
211.376,1298,0.107368,120,0.003,POST
211.480,1299,0.107368,117,0.003,POST
211.576,1300,0.107368,121,0.001,POST
211.676,1298,0.107368,120,0.001,POST
211.776,1298,0.107368,120,0.003,POST
211.876,1297,0.107368,119,0.002,POST
211.976,1319,0.107368,118,0.002,POST
212.076,1303,0.107368,119,0.003,POST
212.176,1299,0.107368,117,0.004,POST
212.280,1301,0.107368,121,0.004,POST
212.412,1322,0.107368,122,0.003,POST
212.512,1296,0.107368,123,0.001,POST
212.612,1296,0.107368,122,0.002,POST
212.744,1301,0.107368,127,0.003,POST
212.844,1299,0.107368,121,0.004,POST
212.944,1299,0.107368,128,0.003,POST
213.044,1298,0.107368,116,0.003,POST
213.176,1331,0.107368,126,0.001,POST
213.276,1297,0.107368,124,0.002,POST
213.376,1299,0.107368,131,0.006,POST
213.476,1301,0.107368,126,0.004,POST
213.580,1304,0.107368,125,0.003,POST
213.712,1304,0.107368,118,0.004,POST
213.812,1304,0.107368,122,0.004,POST
213.912,1322,0.107368,120,0.010,POST
214.012,1305,0.107368,128,0.001,POST
214.112,1297,0.107368,124,0.002,POST
214.212,1315,0.107368,126,0.002,POST
214.344,1301,0.107368,122,0.003,POST
214.476,1300,0.107368,124,0.003,POST
214.552,1316,0.107368,123,0.003,POST
214.680,1300,0.107368,121,0.004,POST
214.812,1315,0.107368,122,0.002,POST
214.912,1302,0.107368,123,0.002,POST
214.988,1302,0.107368,122,0.002,POST
215.076,1303,0.107368,123,0.003,POST
215.176,1300,0.107368,126,0.002,POST
215.276,1329,0.107368,124,0.003,POST
215.376,1300,0.107368,120,0.003,POST
215.476,1300,0.107368,126,0.003,POST
215.548,1301,0.107368,123,0.003,POST
215.676,1321,0.107368,117,0.003,POST
215.780,1303,0.107368,123,0.003,POST
215.912,1309,0.107368,121,0.004,POST
216.016,1309,0.107368,127,0.001,POST
216.112,1322,0.107368,120,0.003,POST
216.212,1309,0.107368,126,0.002,POST
216.344,1307,0.107368,121,0.002,POST
216.448,1309,0.107368,122,0.002,POST
216.548,1311,0.107368,125,0.003,POST
216.676,1315,0.107368,121,0.004,POST
216.776,1307,0.107368,125,0.002,POST
216.876,1339,0.107368,124,0.003,POST
216.976,1307,0.107368,119,0.002,POST
217.076,1307,0.107368,125,0.003,POST
217.148,1346,0.107368,124,0.003,POST
217.276,1305,0.107368,123,0.002,POST
217.380,1306,0.107368,120,0.002,POST
217.480,1308,0.107368,124,0.003,POST
217.612,1309,0.107368,121,0.003,POST
217.712,1311,0.107368,120,0.001,POST
217.812,1305,0.107368,124,0.002,POST
217.912,1306,0.107368,121,0.003,POST
218.012,1347,0.107368,134,0.003,POST
218.116,1302,0.107368,125,0.003,POST
218.248,1307,0.107368,126,0.003,POST
218.344,1300,0.107368,125,0.003,POST
218.480,1306,0.107368,125,0.001,POST
218.612,1303,0.107368,127,0.004,POST
218.712,1312,0.107368,126,0.002,POST
218.812,1304,0.107368,121,0.002,POST
218.944,1348,0.107368,127,0.002,POST
219.080,1308,0.107368,126,0.004,POST
219.176,1303,0.107368,122,0.002,POST
219.248,1302,0.107368,125,0.002,POST
219.384,1315,0.107368,122,0.004,POST
219.512,1314,0.107368,120,0.004,POST
219.612,1308,0.107368,123,0.003,POST
219.712,1303,0.107368,121,0.002,POST
219.812,1303,0.107368,122,0.002,POST
219.912,1304,0.107368,124,0.002,POST
220.012,1305,0.107368,124,0.002,POST
220.092,1304,0.107368,118,0.004,POST
220.212,1305,0.107368,123,0.003,POST
220.348,1332,0.107368,123,0.005,POST
220.476,1316,0.107368,120,0.005,POST
220.576,1361,0.107368,119,0.003,POST
220.648,1310,0.107368,122,0.002,POST
220.776,1310,0.107368,119,0.002,POST
220.876,1304,0.107368,122,0.004,POST
220.976,1318,0.107368,121,0.002,POST
221.076,1308,0.107368,120,0.005,POST
221.176,1308,0.107368,126,0.002,POST
221.248,1307,0.107368,121,0.004,POST
221.380,1310,0.107368,121,0.002,POST
221.516,1313,0.107368,122,0.002,POST
221.612,1304,0.107368,120,0.004,POST
221.712,1304,0.107368,123,0.000,POST
221.816,1352,0.107368,119,0.002,POST
221.912,1304,0.107368,121,0.004,POST
222.012,1308,0.107368,120,0.003,POST
222.112,1356,0.107368,118,0.001,POST
222.248,1311,0.107368,115,0.002,POST
222.348,1309,0.107368,121,0.003,POST
222.476,1314,0.107368,123,0.003,POST
222.576,1399,0.107368,116,0.003,POST
222.676,1306,0.107368,125,0.002,POST
222.776,1307,0.107368,117,0.001,POST
222.876,1313,0.107368,125,0.002,POST
222.980,1310,0.107368,116,0.001,POST
223.076,1351,0.107368,124,0.002,POST
223.148,1308,0.107368,119,0.004,POST
223.276,1313,0.107368,126,0.003,POST
223.376,1307,0.107368,120,0.003,POST
223.476,1312,0.107368,122,0.002,POST
223.548,1366,0.107368,117,0.003,POST
223.676,1336,0.107368,124,0.004,POST
223.748,1316,0.107368,118,0.002,POST
223.848,1313,0.107368,123,0.002,POST
223.976,1331,0.107368,113,0.003,POST
224.048,1307,0.107368,121,0.002,POST
224.148,1307,0.107368,117,0.001,POST
224.276,1311,0.107368,122,0.004,POST
224.376,1309,0.107368,123,0.004,POST
224.476,1310,0.107368,125,0.003,POST
224.576,1425,0.107368,123,0.002,POST
224.676,1365,0.107368,119,0.004,POST
224.776,1318,0.107368,127,0.002,POST
224.876,1318,0.107368,116,0.003,POST
224.976,1309,0.107368,125,0.003,POST
225.076,1310,0.107368,125,0.003,POST
225.176,1310,0.107368,124,0.003,POST
225.276,1310,0.107368,125,0.002,POST
225.376,1362,0.107368,128,0.002,POST
225.476,1307,0.107368,123,0.003,POST
225.576,1312,0.107368,123,0.003,POST
225.676,1311,0.107368,114,0.002,POST
225.776,1309,0.107368,131,0.003,POST
225.876,1319,0.107368,120,0.003,POST
225.976,1358,0.107368,126,0.003,POST
226.048,1305,0.107368,122,0.002,POST
226.148,1312,0.107368,121,0.002,POST
226.276,1362,0.107368,117,0.002,POST
226.376,1313,0.107368,119,0.009,POST
226.476,1313,0.107368,113,0.003,POST
226.548,1358,0.107368,117,0.001,POST
226.676,1316,0.107368,115,0.001,POST
226.776,1316,0.107368,127,0.002,POST
226.876,1327,0.107368,111,0.005,POST
226.976,1389,0.107368,129,0.002,POST
227.048,1315,0.107368,112,0.003,POST
227.176,1325,0.107368,127,0.002,POST
227.276,1320,0.107368,115,0.003,POST
227.376,1327,0.107368,123,0.002,POST
227.476,1322,0.107368,124,0.003,POST
227.576,1319,0.107368,124,0.002,POST
227.648,1313,0.107368,113,0.001,POST
227.776,1344,0.115812,129,0.002,POST
227.876,2211,0.137921,120,0.001,POST
227.976,1262,0.131264,101,0.002,POST
228.076,1258,0.12588,120,0.002,POST
228.176,1259,0.124985,111,0.002,POST
228.276,1338,0.11662,125,0.003,POST
228.376,1394,0.111173,113,0.001,POST
228.476,1364,0.114023,120,0.003,POST
228.576,1375,0.116873,115,0.003,POST
228.648,1427,0.115151,120,0.001,POST
228.780,1305,0.11376,114,0.000,POST
228.912,1281,0.113898,121,0.003,POST
229.012,1281,0.116082,119,0.002,POST
229.112,1258,0.118916,118,0.002,POST
229.212,1258,0.116823,116,0.001,POST
229.312,1262,0.116279,121,0.001,POST
229.444,1238,0.116372,117,0.002,POST
229.580,1252,0.113017,120,0.002,POST
229.712,1272,0.109495,119,0.003,POST
229.812,1250,0.111809,118,0.002,POST
229.912,1332,0.111925,119,0.001,POST
230.012,1250,0.112254,119,0.002,POST
230.112,1256,0.112743,121,0.004,POST
230.212,1290,0.111726,120,0.002,POST
230.312,1267,0.109885,121,0.003,POST
230.448,1274,0.108837,122,0.002,POST
230.576,1272,0.106273,120,0.002,POST
230.680,1250,0.10472,120,0.002,POST
230.816,1243,0.102804,120,0.002,POST
230.912,1278,0.102258,123,0.002,POST
231.016,1247,0.101567,120,0.002,POST
231.112,1243,0.101739,121,0.001,POST
231.212,1249,0.103462,117,0.001,POST
231.316,1361,0.102547,119,0.002,POST
231.444,1291,0.10434,117,0.002,POST
231.544,1251,0.105395,124,0.003,POST
231.676,1249,0.105181,117,0.002,POST
231.776,1253,0.10502,122,0.002,POST
231.876,1253,0.104591,117,0.002,POST
231.976,1262,0.103914,126,0.004,POST
232.048,1366,0.102759,114,0.002,POST
232.176,1249,0.102658,123,0.002,POST
232.276,1252,0.103083,121,0.002,POST
232.376,1258,0.102199,119,0.004,POST
232.476,1363,0.100096,122,0.002,POST
232.576,1261,0.099308,119,0.003,POST
232.676,1249,0.100698,116,0.003,POST
232.776,1255,0.100965,118,0.002,POST
232.876,1248,0.10172,115,0.002,POST
232.976,1263,0.103445,122,0.002,POST
233.076,1259,0.102657,119,0.002,POST
233.176,1252,0.10159,115,0.001,POST
233.276,1247,0.101735,112,0.003,POST
233.376,1351,0.10067,120,0.002,POST
233.476,1267,0.100917,119,0.002,POST
233.576,1270,0.101178,118,0.002,POST
233.676,1354,0.099735,122,0.002,POST
233.776,1271,0.100112,120,0.002,POST
233.876,1253,0.100747,125,0.002,POST
233.976,1329,0.099194,125,0.001,POST
234.076,1257,0.100743,122,0.001,POST
234.176,1238,0.102042,117,0.001,POST
234.280,1248,0.103577,114,0.001,POST
234.412,1268,0.104821,118,0.003,POST
234.512,1249,0.106252,117,0.001,POST
234.612,1243,0.104547,119,0.002,POST
234.712,1245,0.104448,119,0.003,POST
234.812,1378,0.1027,120,0.003,POST
234.944,1279,0.102378,116,0.002,POST
235.076,1273,0.10284,123,0.003,POST
235.176,1262,0.103966,117,0.002,POST
235.276,1327,0.103779,125,0.001,POST
235.376,1246,0.103662,118,0.003,POST
235.476,1269,0.103952,122,0.002,POST
235.576,1246,0.106536,117,0.001,POST
235.676,1324,0.109523,129,0.002,POST
235.776,1253,0.11079,112,0.002,POST
235.876,1251,0.114472,129,0.003,POST
235.980,1312,0.11541,111,0.002,POST
236.112,1268,0.116134,128,0.003,POST
236.212,1271,0.115676,116,0.003,POST
236.316,1261,0.115071,131,0.001,POST
236.412,1458,0.115797,122,0.002,POST
236.516,1256,0.115533,131,0.001,POST
236.648,1347,0.112565,117,0.003,POST
236.776,1272,0.111734,128,0.002,POST
236.876,1251,0.112891,120,0.001,POST
236.976,1261,0.114153,120,0.002,POST
237.076,1259,0.115538,124,0.002,POST
237.180,1273,0.116002,120,0.003,POST
237.316,1266,0.116624,123,0.004,POST
237.412,1248,0.116265,127,0.002,POST
237.512,1343,0.11494,124,0.003,POST
237.612,1257,0.113061,125,0.001,POST
237.712,1247,0.112816,122,0.001,POST
237.812,1324,0.112816,126,0.001,POST
237.912,1244,0.112816,116,0.003,POST
238.012,1243,0.112816,125,0.003,POST
238.112,1249,0.112816,122,0.001,POST
238.212,1242,0.112816,119,0.003,POST
238.312,1240,0.112816,126,0.001,POST
238.412,1243,0.112816,119,0.001,POST
238.512,1242,0.112816,126,0.002,POST
238.648,1887,0.112816,115,0.001,POST
238.748,1242,0.112816,128,0.002,POST
238.876,1240,0.112816,109,0.010,POST
238.976,1250,0.127933,123,0.003,POST
239.076,1255,0.127655,116,0.006,POST
239.148,1243,0.120356,124,0.004,POST
239.276,1327,0.113106,116,0.003,POST
239.376,961.7,0.105419,106,0.003,POST
239.448,1647,0.105542,115,0.002,POST
239.576,1038,0.11148,111,0.002,POST
239.676,996.3,0.108551,127,0.001,POST
239.776,921.9,0.106278,110,0.002,POST
239.848,1780,0.106236,123,0.003,POST
239.980,2167,0.105199,110,0.001,POST
240.076,966.9,0.106843,110,0.001,POST
240.176,976.7,0.106429,111,0.001,POST
240.280,1029,0.10493,111,0.003,POST
240.412,1.092e+04,0.105011,115,0.002,POST
240.544,877.9,0.10297,110,0.002,POST
240.648,861.9,0.100716,114,0.002,POST
240.776,871.6,0.099254,114,0.002,POST
240.876,892.8,0.100317,125,0.002,POST
240.976,899.4,0.098598,110,0.002,POST
241.076,857,0.096919,118,0.003,POST
241.176,886.7,0.097065,114,0.002,POST
241.280,886.5,0.097963,122,0.002,POST
241.412,887.7,0.098152,118,0.002,POST
241.548,886.4,0.098705,115,0.003,POST
241.676,925,0.099508,114,0.002,POST
241.776,873.1,0.099224,116,0.003,POST
241.848,898.7,0.099033,110,0.001,POST
241.976,867.2,0.099905,127,0.001,POST
242.076,897.1,0.102166,119,0.003,POST
242.180,926.4,0.103065,123,0.002,POST
242.276,909.7,0.103568,119,0.003,POST
242.376,894.2,0.104358,124,0.002,POST
242.476,887.1,0.104555,121,0.002,POST
242.548,847.6,0.105007,122,0.001,POST
242.676,1013,0.10488,121,0.002,POST
242.776,846,0.10397,121,0.005,POST
242.876,862.7,0.103538,124,0.002,POST
242.976,867.8,0.103997,119,0.006,POST
243.076,859.7,0.105206,122,0.004,POST
243.180,1454,0.104194,121,0.006,POST
243.276,842.4,0.104314,124,0.008,POST
243.376,841.6,0.103864,122,0.006,POST
243.476,851,0.104249,118,0.005,POST
243.576,842.4,0.104971,122,0.005,POST
243.648,837.5,0.10573,119,0.009,POST
243.776,942.9,0.106527,122,0.004,POST
243.880,846.5,0.106476,124,0.003,POST
244.012,852.5,0.105009,119,0.001,POST
244.112,906,0.104072,121,0.004,POST
244.244,858.9,0.104133,123,0.003,POST
244.376,870.1,0.104599,123,0.003,POST
244.448,842.5,0.10371,123,0.010,POST
244.576,845.8,0.104155,126,0.001,POST
244.680,862.9,0.104769,121,0.004,POST
244.776,891,0.104095,126,0.003,POST
244.876,888.6,0.107099,121,0.002,POST
244.976,859.8,0.107305,123,0.002,POST
245.048,2390,0.108687,121,0.004,POST
245.148,868.2,0.108096,113,0.003,POST
245.276,845.9,0.109537,114,0.001,POST
245.376,842.9,0.110816,119,0.004,POST
245.476,862.6,0.114698,110,0.004,POST
245.548,1027,0.11718,117,0.003,POST
245.676,915,0.117222,114,0.001,POST
245.776,904.6,0.11737,115,0.002,POST
245.876,898.2,0.117106,115,0.001,POST
245.976,1023,0.116412,115,0.002,POST
246.076,914.2,0.116414,121,0.001,POST
246.176,882.2,0.116469,103,0.001,POST
246.276,947.6,0.116936,122,0.002,POST
246.376,930.3,0.11688,107,0.002,POST
246.480,869.5,0.11639,119,0.002,POST
246.612,875.5,0.116215,104,0.002,POST
246.712,1003,0.116295,124,0.001,POST
246.844,931.3,0.116138,103,0.002,POST
246.976,996.2,0.115456,119,0.002,POST
247.076,923.2,0.115759,109,0.001,POST
247.176,979.1,0.116316,120,0.002,POST
247.276,932.9,0.116111,123,0.001,POST
247.376,883.8,0.116237,121,0.002,POST
247.480,925.6,0.116092,115,0.001,POST
247.580,916.1,0.11591,122,0.001,POST
247.680,924.7,0.115889,117,0.002,POST
247.756,919.3,0.115943,128,0.002,POST
247.876,866.9,0.116077,111,0.002,POST
247.976,926.8,0.115616,119,0.001,POST
248.076,887.6,0.11546,120,0.001,POST
248.176,945.4,0.116448,120,0.002,POST
248.248,951.1,0.116395,120,0.002,POST
248.376,989.8,0.116023,116,0.002,POST
248.476,880.7,0.116678,124,0.001,POST
248.576,860.9,0.116741,117,0.004,POST
248.676,924.4,0.117421,120,0.005,POST
248.776,918.6,0.118058,120,0.003,POST
248.876,888.5,0.118945,121,0.004,POST
248.976,976.6,0.118969,121,0.004,POST
249.076,986.7,0.119228,122,0.002,POST
249.176,1024,0.118752,122,0.002,POST
249.276,942.9,0.118885,126,0.004,POST
249.376,1110,0.118235,122,0.002,POST
249.476,864.4,0.117701,115,0.003,POST
249.576,659.9,0.118304,119,0.001,POST
249.676,633.8,0.118188,120,0.001,POST
249.780,664.8,0.118218,119,0.002,POST
249.880,665.5,0.118965,118,0.003,POST
250.012,703.4,0.119774,119,0.003,POST
250.112,688.6,0.119073,122,0.002,POST
250.184,632.6,0.118827,129,0.001,POST
250.312,658.3,0.118486,127,0.003,POST
250.412,675.4,0.119001,127,0.002,POST
250.512,639,0.119092,123,0.001,POST
250.612,651.1,0.118964,124,0.002,POST
250.712,652.2,0.118829,124,0.002,POST
250.812,641.8,0.118898,119,0.001,POST
250.912,653.5,0.118906,128,0.003,POST
251.012,640,0.118736,117,0.003,POST
251.112,662.9,0.118695,124,0.002,POST
251.216,667.3,0.119176,120,0.002,POST
251.344,678.7,0.119161,122,0.003,POST
251.476,841.4,0.118394,113,0.002,POST
251.576,652.4,0.118171,130,0.001,POST
251.676,644.8,0.118535,118,0.002,POST
251.780,650.9,0.118918,125,0.000,POST
251.912,680.4,0.118936,115,0.001,POST
252.012,642.1,0.11854,124,0.003,POST
252.112,700.8,0.117695,117,0.002,POST
252.212,683.4,0.117371,126,0.003,POST
252.312,677.1,0.117283,110,0.000,POST
252.416,682.7,0.117433,119,0.002,POST
252.512,702.1,0.118143,123,0.002,POST
252.612,649.4,0.118465,120,0.002,POST
252.712,657.5,0.118332,119,0.003,POST
252.812,752.2,0.118682,114,0.002,POST
252.916,1120,0.117419,118,0.001,POST
253.044,945.5,0.117213,100,0.003,POST
253.176,933.8,0.117441,122,0.001,POST
253.276,646.8,0.117948,108,0.002,POST
253.376,649.3,0.118247,121,0.002,POST
253.476,594.8,0.118444,117,0.002,POST
253.576,635.8,0.118163,117,0.002,POST
253.676,627.3,0.118346,125,0.001,POST
253.776,735.1,0.1186,115,0.003,POST
253.848,765.9,0.118926,122,0.002,POST
253.952,608.4,0.1189,116,0.002,POST
254.048,626.5,0.118688,111,0.003,POST
254.180,5762,0.118319,112,0.001,POST
254.276,565.6,0.118609,114,0.001,POST
254.376,585.9,0.118768,117,0.002,POST
254.448,584.6,0.118636,117,0.002,POST
254.576,661.2,0.118711,113,0.002,POST
254.648,634,0.119149,120,0.002,POST
254.776,574.9,0.118398,115,0.004,POST
254.880,578.1,0.1191,117,0.003,POST
254.956,573,0.119197,114,0.002,POST
255.076,1157,0.117465,110,0.002,POST
255.176,2533,0.117173,114,0.002,POST
255.276,565.8,0.116663,115,0.002,POST
255.376,570.7,0.116841,116,0.003,POST
255.476,561.9,0.116852,117,0.002,POST
255.576,613.5,0.116356,119,0.002,POST
255.676,621.3,0.116576,110,0.001,POST
255.776,585.5,0.116899,125,0.003,POST
255.876,631,0.117078,108,0.003,POST
255.976,611.6,0.11651,128,0.004,POST
256.076,557.1,0.11613,117,0.002,POST
256.180,560.4,0.115484,120,0.003,POST
256.312,755.1,0.114979,120,0.001,POST
256.412,554.3,0.114412,121,0.005,POST
256.544,570.1,0.11392,118,0.005,POST
256.652,572.9,0.11311,115,0.002,POST
256.780,572.3,0.112942,121,0.001,POST
256.876,562.3,0.112929,121,0.003,POST
256.976,567.9,0.113057,114,0.001,POST
257.048,558.3,0.113916,125,0.011,POST
257.176,879.8,0.115072,113,0.002,POST
257.276,539.1,0.115419,111,0.002,POST
257.376,543.5,0.115406,116,0.002,POST
257.476,543.9,0.115321,110,0.001,POST
257.576,581.4,0.115217,119,0.001,POST
257.648,560.7,0.115311,108,0.004,POST
257.776,597.8,0.11499,123,0.002,POST
257.876,539.6,0.115166,114,0.002,POST
257.976,538.9,0.115409,113,0.001,POST
258.076,537.3,0.11561,125,0.002,POST
258.176,531.8,0.115668,119,0.004,POST
258.276,552.6,0.115739,123,0.001,POST
258.376,539.2,0.116029,117,0.001,POST
258.476,529.2,0.116403,120,0.002,POST
258.576,556.1,0.116434,122,0.001,POST
258.676,544.2,0.11655,111,0.002,POST
258.780,537.9,0.116373,123,0.001,POST
258.912,554.7,0.116829,115,0.003,POST
259.012,528.6,0.117073,123,0.002,POST
259.112,527.2,0.117141,118,0.001,POST
259.244,536.8,0.117057,121,0.003,POST
259.352,553.2,0.116781,115,0.002,POST
259.448,545.5,0.11652,125,0.002,POST
259.576,539.5,0.116259,117,0.003,POST
259.676,550,0.116345,127,0.001,POST
259.776,557.9,0.116326,117,0.001,POST
259.876,530.9,0.116618,124,0.001,POST
259.948,524.3,0.116811,118,0.002,POST
260.076,577.5,0.117094,117,0.002,POST
260.176,585,0.117398,124,0.001,POST
260.276,541.6,0.117328,122,0.002,POST
260.376,596.2,0.117287,122,0.001,POST
260.448,662.7,0.117575,122,0.002,POST
260.548,962.4,0.117503,107,0.003,POST
260.680,611.9,0.117412,112,0.003,POST
260.780,785,0.11736,113,0.002,POST
260.880,2191,0.117024,118,0.003,POST
261.012,1165,0.116927,116,0.001,POST
261.112,3313,0.116988,123,0.003,POST
261.212,2496,0.11721,126,0.001,POST
261.312,4130,0.116897,127,0.001,POST
261.416,4615,0.116895,120,0.001,POST
261.512,6740,0.116481,124,0.002,POST
261.612,9200,0.116041,122,0.002,POST
261.712,8735,0.115553,126,0.003,POST
261.812,9608,0.115745,121,0.002,POST
261.944,1.086e+04,0.115664,120,0.002,POST
262.076,1.158e+04,0.115867,121,0.001,POST
262.148,1.279e+04,0.115943,118,0.002,POST
262.276,1.528e+04,0.115959,123,0.001,POST
262.376,1.509e+04,0.116011,120,0.001,POST
262.476,2.496e+04,0.115964,120,0.002,POST
262.548,1.765e+04,0.116173,125,0.001,POST
262.676,1.946e+04,0.116354,109,0.001,POST
262.780,2.404e+04,0.116425,121,0.001,POST
262.916,3.056e+04,0.116686,117,0.004,POST
263.012,3.224e+04,0.116486,121,0.002,POST
263.112,3.592e+04,0.11636,120,0.002,POST
263.212,4.052e+04,0.116249,120,0.002,POST
263.312,3.875e+04,0.115936,119,0.002,POST
263.412,4.207e+04,0.115802,116,0.001,POST
263.512,4.453e+04,0.115599,115,0.002,POST
263.612,4.687e+04,0.115482,124,0.001,POST
263.712,4.726e+04,0.11554,118,0.003,POST
263.816,4.805e+04,0.116209,117,0.002,POST
263.912,4.898e+04,0.116096,119,0.007,POST
264.016,4.971e+04,0.115637,125,0.002,POST
264.112,5.136e+04,0.115636,116,0.003,POST
264.212,5.311e+04,0.115398,123,0.001,POST
264.312,5.459e+04,0.115317,120,0.001,POST
264.412,5.937e+04,0.11506,121,0.002,POST
264.512,6.125e+04,0.115126,120,0.002,POST
264.612,6.934e+04,0.115342,125,0.004,POST
264.716,7.147e+04,0.116102,122,0.002,POST
264.812,7.674e+04,0.116449,120,0.002,POST
264.912,8.469e+04,0.116001,123,0.002,POST
265.012,8.673e+04,0.11561,127,0.003,POST
265.144,9.01e+04,0.115603,118,0.002,POST
265.276,9.355e+04,0.115605,123,0.001,POST
265.376,9.398e+04,0.115641,126,0.002,POST
265.476,9.781e+04,0.115805,123,0.003,POST
265.580,9.995e+04,0.116262,118,0.001,POST
265.712,1.078e+05,0.116422,125,0.002,POST
265.812,1.1e+05,0.116318,125,0.001,POST
265.912,1.165e+05,0.116519,126,0.003,POST
266.016,1.203e+05,0.116603,123,0.001,POST
266.088,1.225e+05,0.116256,126,0.001,POST
266.212,1.263e+05,0.116021,122,0.003,POST
266.312,1.289e+05,0.116374,123,0.002,POST
266.412,1.315e+05,0.116993,122,0.004,POST
266.544,1.317e+05,0.117474,117,0.001,POST
266.676,1.36e+05,0.117411,123,0.002,POST
266.780,1.388e+05,0.117076,119,0.002,POST
266.876,1.412e+05,0.116475,127,0.002,POST
266.948,1.437e+05,0.116177,117,0.003,POST
267.076,1.441e+05,0.116498,125,0.002,POST
267.176,1.487e+05,0.11694,125,0.001,POST
267.276,1.489e+05,0.117017,120,0.003,POST
267.380,1.493e+05,0.116575,126,0.002,POST
267.512,883.2,0.117458,123,0.002,POST
267.612,562.1,0.117708,116,0.002,POST
267.716,590.6,0.117871,121,0.002,POST
267.844,578.5,0.117452,119,0.002,POST
267.976,597.9,0.117084,122,0.004,POST
268.076,593.8,0.116984,123,0.002,POST
268.148,572.2,0.116936,127,0.002,POST
268.276,589.2,0.116521,119,0.002,POST
268.376,620.2,0.116347,122,0.002,POST
268.476,567.2,0.116497,126,0.002,POST
268.576,593.3,0.116663,118,0.003,POST
268.676,649.5,0.117081,122,0.002,POST
268.776,574.9,0.117238,126,0.001,POST
268.880,580.3,0.117214,121,0.003,POST
269.012,654.4,0.117157,126,0.002,POST
269.116,606.4,0.117257,122,0.001,POST
269.212,567.9,0.117379,116,0.001,POST
269.312,619.8,0.117362,126,0.002,POST
269.416,585.2,0.117352,123,0.002,POST
269.512,570.3,0.117209,121,0.002,POST
269.612,629.5,0.11696,128,0.002,POST
269.712,607.7,0.116831,122,0.001,POST
269.812,594.8,0.116725,124,0.001,POST
269.944,896.8,0.116607,120,0.001,POST
270.076,800.3,0.116737,106,0.002,POST
270.176,2138,0.116497,120,0.001,POST
270.276,3053,0.116643,112,0.002,POST
270.380,732.9,0.116526,119,0.002,POST
270.452,1110,0.116721,117,0.001,POST
270.576,727.4,0.116908,120,0.001,POST
270.648,665.6,0.117311,113,0.001,POST
270.748,742.8,0.117557,121,0.002,POST
270.852,964.4,0.117879,118,0.003,POST
270.948,1203,0.117706,120,0.002,POST
271.076,791.4,0.117685,121,0.002,POST
271.176,3776,0.117492,118,0.001,POST
271.248,693.2,0.117505,117,0.001,POST
271.348,803.2,0.117448,117,0.001,POST
271.476,1102,0.117472,121,0.002,POST
271.576,692.5,0.117303,114,0.001,POST
271.676,675.3,0.117366,122,0.002,POST
271.776,762.8,0.117289,111,0.003,POST
271.876,786.4,0.117197,122,0.001,POST
271.976,732.8,0.117231,117,0.003,POST
272.076,694.8,0.117026,120,0.001,POST
272.148,657.9,0.117218,122,0.001,POST
272.276,776.4,0.117015,117,0.001,POST
272.348,625.6,0.116941,118,0.001,POST
272.480,722.9,0.11681,124,0.002,POST
272.576,704.1,0.116749,122,0.002,POST
272.676,728,0.116576,122,0.001,POST
272.776,4410,0.116762,121,0.003,POST
272.876,800.9,0.117178,124,0.002,POST
272.976,826.2,0.117677,120,0.001,POST
273.076,960.6,0.117722,122,0.001,POST
273.148,730.8,0.117519,119,0.001,POST
273.276,3207,0.116786,131,0.001,POST
273.376,841.7,0.116996,121,0.004,POST
273.480,885.8,0.117221,125,0.001,POST
273.576,942.2,0.117636,120,0.001,POST
273.676,9196,0.11789,121,0.002,POST
273.780,803,0.117927,125,0.001,POST
273.912,740.1,0.118127,117,0.004,POST
274.012,1144,0.11798,124,0.003,POST
274.112,2.306e+04,0.117798,121,0.002,POST
274.212,688.7,0.117984,120,0.003,POST
274.312,779.4,0.118141,122,0.003,POST
274.444,1320,0.118274,125,0.003,POST
274.576,857.7,0.118147,126,0.002,POST
274.676,681.3,0.118222,124,0.002,POST
274.780,753,0.118025,125,0.002,POST
274.912,645.3,0.117842,125,0.001,POST
275.012,641.4,0.117928,127,0.001,POST
275.112,695.8,0.118109,121,0.001,POST
275.244,858.4,0.118188,123,0.003,POST
275.376,3339,0.118067,122,0.001,POST
275.476,743.5,0.11806,127,0.001,POST
275.580,665.9,0.118022,127,0.002,POST
275.716,970.5,0.117842,121,0.002,POST
275.812,645.8,0.117866,130,0.001,POST
275.912,800.8,0.117689,127,0.004,POST
276.016,1108,0.117635,126,0.003,POST
276.112,1298,0.117636,123,0.002,POST
276.212,834.1,0.117864,129,0.003,POST
276.312,815,0.117873,124,0.001,POST
276.416,670.7,0.11764,119,0.011,POST
276.516,1923,0.117745,115,0.001,POST
276.612,740.1,0.117845,126,0.003,POST
276.716,735.4,0.117763,117,0.002,POST
276.816,647.1,0.11772,128,0.002,POST
276.912,811.4,0.118035,118,0.002,POST
277.048,711.9,0.118464,108,0.004,POST
277.176,820.2,0.118155,121,0.003,POST
277.276,733.6,0.117545,116,0.001,POST
277.376,1192,0.117371,122,0.002,POST
277.476,703.2,0.11765,101,0.001,POST
277.576,667.5,0.117907,126,0.000,POST
277.676,628.7,0.118113,102,0.001,POST
277.748,702.1,0.118254,118,0.001,POST
277.880,666.1,0.118176,103,0.002,POST
278.012,960.9,0.118038,115,0.003,POST
278.112,807.2,0.118069,104,0.002,POST
278.212,1011,0.117972,114,0.001,POST
278.312,768.2,0.117896,109,0.002,POST
278.412,823.2,0.117954,117,0.002,POST
278.512,700,0.117745,107,0.002,POST
278.612,886.3,0.117682,116,0.003,POST
278.712,858,0.117902,112,0.001,POST
278.812,691.4,0.117825,119,0.003,POST
278.912,703.1,0.117754,112,0.003,POST
279.012,903.3,0.117518,120,0.002,POST
279.112,966.2,0.118138,118,0.001,POST
279.212,734.3,0.118346,113,0.001,POST
279.312,1127,0.117672,124,0.002,POST
279.412,781.8,0.117654,123,0.002,POST
279.512,670.8,0.117386,108,0.002,POST
279.612,1239,0.118151,122,0.001,POST
279.712,904.3,0.118472,115,0.002,POST
279.812,670.3,0.118427,121,0.002,POST
279.916,739,0.119936,112,0.001,POST
280.012,4723,0.12176,118,0.002,POST
280.112,4.724e+04,0.117529,115,0.002,POST
280.212,628.6,0.117696,110,0.001,POST
280.312,656.5,0.118,116,0.002,POST
280.412,696.8,0.118178,114,0.002,POST
280.544,767.7,0.118627,116,0.001,POST
280.676,690.5,0.118576,124,0.004,POST
280.780,706.7,0.118627,114,0.002,POST
280.876,672.3,0.118747,126,0.001,POST
280.976,657.5,0.118585,117,0.003,POST
281.080,690.3,0.118565,122,0.002,POST
281.212,772.8,0.118194,125,0.001,POST
281.312,684.5,0.118204,128,0.001,POST
281.412,665.6,0.118299,120,0.001,POST
281.544,691.5,0.11824,123,0.001,POST
281.676,659.3,0.118152,118,0.003,POST
281.776,835.3,0.117886,123,0.003,POST
281.876,692.4,0.117664,106,0.001,POST
281.976,694,0.118563,119,0.002,POST
282.052,706.7,0.118863,117,0.002,POST
282.148,879.5,0.119073,117,0.003,POST
282.280,1116,0.119434,112,0.001,POST
282.412,657.7,0.119525,117,0.003,POST
282.512,733.5,0.119287,110,0.002,POST
282.612,744.1,0.119425,116,0.003,POST
282.712,1838,0.119267,105,0.005,POST
282.812,1373,0.119691,112,0.002,POST
282.912,954.6,0.119656,117,0.003,POST
283.016,1139,0.119439,117,0.000,POST
283.112,717.9,0.119116,111,0.002,POST
283.212,748.3,0.119209,116,0.001,POST
283.312,707.1,0.119516,120,0.002,POST
283.416,689.9,0.11964,116,0.001,POST
283.512,676.6,0.11971,116,0.002,POST
283.612,790,0.120087,115,0.002,POST
283.712,718.9,0.120463,125,0.003,POST
283.812,753.2,0.120629,119,0.003,POST
283.912,717.2,0.120193,125,0.003,POST
284.012,749.6,0.120227,122,0.003,POST
284.144,739.9,0.120198,118,0.002,POST
284.280,788.3,0.119653,124,0.002,POST
284.376,671.9,0.119461,123,0.002,POST
284.476,729.6,0.118775,125,0.002,POST
284.576,733.2,0.118476,116,0.004,POST
284.648,770.6,0.119239,117,0.002,POST
284.776,739.7,0.11891,123,0.002,POST
284.876,728.1,0.118625,122,0.002,POST
284.976,783.5,0.118866,125,0.003,POST
285.076,669,0.11867,125,0.002,POST
285.180,739.6,0.118264,122,0.002,POST
285.312,788.7,0.118999,129,0.003,POST
285.452,916.4,0.118471,124,0.001,POST
285.576,854.6,0.118283,127,0.003,POST
285.676,733.9,0.118231,126,0.001,POST
285.776,705.7,0.118129,120,0.002,POST
285.880,727.7,0.11805,124,0.001,POST
286.012,822.3,0.117786,125,0.001,POST
286.112,670.2,0.117672,120,0.001,POST
286.212,699.6,0.117525,126,0.002,POST
286.312,867.7,0.116257,123,0.002,POST
286.416,778.8,0.116714,121,0.001,POST
286.512,1055,0.1165,117,0.002,POST
286.612,1113,0.116288,115,0.003,POST
286.712,1648,0.116183,129,0.000,POST
286.812,868.9,0.116065,115,0.001,POST
286.944,1245,0.115844,117,0.003,POST
287.076,2947,0.115746,125,0.003,POST
287.176,978.4,0.115923,121,0.001,POST
287.248,700.8,0.115757,122,0.002,POST
287.356,1343,0.115874,121,0.001,POST
287.448,804,0.115939,119,0.001,POST
287.576,1443,0.115958,120,0.003,POST
287.676,1036,0.11598,126,0.001,POST
287.776,777.8,0.116098,118,0.003,POST
287.876,1303,0.116193,127,0.002,POST
287.948,752.9,0.116089,119,0.001,POST
288.080,1050,0.116189,118,0.003,POST
288.184,988.5,0.116124,122,0.003,POST
288.312,862.6,0.116264,123,0.001,POST
288.412,765,0.116356,119,0.003,POST
288.512,810.9,0.116337,120,0.003,POST
288.612,855.9,0.116223,124,0.001,POST
288.712,813,0.116393,124,0.001,POST
288.816,908.9,0.116655,127,0.002,POST
288.916,1050,0.116749,121,0.002,POST
289.012,1211,0.116816,114,0.001,POST
289.112,793.3,0.116979,116,0.002,POST
289.216,896,0.117118,118,0.003,POST
289.344,1456,0.116977,119,0.001,POST
289.444,1276,0.117173,123,0.001,POST
289.580,683.3,0.116702,115,0.003,POST
289.712,831.9,0.116579,126,0.002,POST
289.844,820.6,0.117027,100,0.002,POST
289.976,769,0.117256,119,0.002,POST
290.076,1022,0.117135,111,0.001,POST
290.176,712.9,0.116968,120,0.002,POST
290.276,744.6,0.116716,110,0.001,POST
290.348,969.5,0.116668,116,0.001,POST
290.476,680,0.116844,117,0.001,POST
290.576,691.7,0.116841,115,0.002,POST
290.676,703.5,0.116751,109,0.002,POST
290.776,691.3,0.116702,113,0.002,POST
290.876,724.8,0.116728,107,0.003,POST
290.976,1131,0.116674,121,0.003,POST
291.076,769.9,0.116571,104,0.003,POST
291.176,851.4,0.116668,121,0.002,POST
291.276,750.5,0.116515,112,0.001,POST
291.348,808.6,0.116664,119,0.001,POST
291.476,1306,0.116824,121,0.001,POST
291.576,733,0.116966,118,0.001,POST
291.676,757.8,0.116914,125,0.001,POST
291.748,722.7,0.117029,125,0.002,POST
291.848,759.4,0.117152,117,0.002,POST
291.976,1348,0.117223,121,0.002,POST
292.076,808.3,0.117377,117,0.003,POST
292.176,730,0.117073,128,0.003,POST
292.276,731.6,0.116727,117,0.003,POST
292.376,741.5,0.116828,115,0.003,POST
292.448,714.7,0.117221,117,0.001,POST
292.576,897.6,0.117143,122,0.002,POST
292.676,742.9,0.117011,117,0.002,POST
292.780,968.1,0.116681,122,0.002,POST
292.912,1003,0.11651,123,0.003,POST
293.012,1011,0.116597,120,0.001,POST
293.144,1270,0.117035,128,0.002,POST
293.276,1039,0.117784,114,0.002,POST
293.348,810,0.116765,120,0.001,POST
293.476,1049,0.116212,115,0.005,POST
293.576,1375,0.115408,127,0.002,POST
293.676,1129,0.115148,119,0.003,POST
293.776,946.5,0.115369,123,0.002,POST
293.876,1256,0.115253,126,0.002,POST
293.976,801.4,0.115292,120,0.000,POST
294.076,1035,0.115117,120,0.002,POST
294.176,2359,0.115445,126,0.002,POST
294.276,1221,0.116155,123,0.002,POST
294.376,1942,0.11519,124,0.001,POST
294.476,875.7,0.11547,121,0.003,POST
294.576,1065,0.115086,120,0.002,POST
294.676,1149,0.115006,122,0.002,POST
294.776,905.9,0.114828,125,0.002,POST
294.852,1424,0.11377,119,0.001,POST
294.944,879.8,0.11397,122,0.003,POST
295.048,1895,0.113607,118,0.002,POST
295.148,2301,0.114007,129,0.003,POST
295.276,2839,0.112913,109,0.001,POST
295.376,844.2,0.112681,123,0.002,POST
295.476,837.1,0.112798,113,0.002,POST
295.548,812.8,0.112525,119,0.001,POST
295.680,888.5,0.111997,116,0.003,POST
295.776,1044,0.111642,121,0.003,POST
295.876,965.6,0.111453,121,0.001,POST
295.948,726.5,0.111497,114,0.002,POST
296.076,995.2,0.111192,113,0.001,POST
296.176,1.116e+04,0.112042,115,0.002,POST
296.276,758.2,0.111989,115,0.003,POST
296.376,777.8,0.112019,118,0.002,POST
296.476,969.8,0.112072,113,0.001,POST
296.576,1049,0.111882,119,0.002,POST
296.680,770,0.111739,113,0.002,POST
296.780,786.5,0.111834,118,0.003,POST
296.880,1187,0.112927,114,0.002,POST
297.012,1393,0.112537,118,0.001,POST
297.112,1589,0.11297,97,0.002,POST
297.212,932.4,0.113455,119,0.002,POST
297.312,8633,0.113388,95,0.003,POST
297.412,868.4,0.113129,101,0.002,POST
297.512,672.1,0.113217,89,0.003,POST
297.616,1133,0.113679,107,0.001,POST
297.712,1142,0.113597,88,0.003,POST
297.844,1022,0.11362,119,0.002,POST
297.976,1352,0.114697,103,0.002,POST
298.048,888.5,0.114237,120,0.001,POST
298.176,1145,0.11358,109,0.002,POST
298.276,905.5,0.113475,122,0.004,POST
298.376,948.6,0.113219,101,0.001,POST
298.476,920.8,0.113145,119,0.002,POST
298.576,936.3,0.113509,115,0.001,POST
298.676,723,0.113644,129,0.002,POST
298.748,832.5,0.113218,114,0.001,POST
298.880,769.9,0.113059,123,0.003,POST
298.976,1392,0.113768,113,0.002,POST
299.076,4323,0.11444,123,0.003,POST
299.176,5990,0.118676,117,0.002,POST
299.276,3634,0.118475,123,0.002,POST
299.348,707.2,0.113096,117,0.001,POST
299.484,802.3,0.112769,123,0.002,POST
299.612,751,0.112478,119,0.003,POST
299.712,867.9,0.112182,125,0.001,POST
299.812,687.1,0.112307,125,0.003,POST
299.912,756.9,0.112542,126,0.004,POST
300.012,824.4,0.112554,122,0.001,POST
300.116,735,0.112662,118,0.002,POST
300.212,761,0.113144,120,0.003,POST
300.312,760.3,0.113497,121,0.001,POST
300.412,701.9,0.113535,121,0.002,POST
300.512,786.7,0.113159,121,0.001,POST
300.612,745.1,0.112866,120,0.002,POST
300.712,806.2,0.112331,124,0.002,POST
300.812,675.5,0.112088,119,0.003,POST
300.912,771.6,0.112252,128,0.002,POST
301.044,684.2,0.112017,119,0.002,POST
301.116,687.2,0.111732,119,0.002,POST
301.212,723.8,0.112083,117,0.003,POST
301.312,764.8,0.112022,119,0.002,POST
301.412,706.5,0.112047,121,0.003,POST
301.544,862.5,0.11166,115,0.003,POST
301.676,747.7,0.111548,114,0.003,POST
301.776,723.3,0.111508,119,0.001,POST
301.876,699.7,0.111504,119,0.001,POST
301.948,1793,0.111106,119,0.001,POST
302.076,752.9,0.111123,103,0.002,POST
302.176,810.1,0.11118,113,0.002,POST
302.248,777.6,0.111305,106,0.001,POST
302.380,908.3,0.111255,110,0.004,POST
302.476,858.1,0.11118,115,0.003,POST
302.576,874.9,0.111246,118,0.002,POST
302.648,796.7,0.111222,110,0.001,POST
302.776,726.7,0.111238,115,0.003,POST
302.880,1080,0.11119,111,0.002,POST
303.012,1087,0.111199,116,0.002,POST
303.112,842.8,0.1112,112,0.001,POST
303.212,1537,0.111262,116,0.002,POST
303.344,787.5,0.111231,105,0.003,POST
303.476,1145,0.111404,111,0.003,POST
303.576,941,0.111314,110,0.002,POST
303.676,1154,0.111266,110,0.001,POST
303.776,1047,0.111359,114,0.002,POST
303.876,969.7,0.111286,117,0.003,POST
303.976,867.3,0.111261,110,0.004,POST
304.084,1846,0.111502,116,0.002,POST
304.180,969.6,0.111705,110,0.002,POST
304.312,1918,0.111693,112,0.002,POST
304.412,1706,0.111732,116,0.002,POST
304.512,1062,0.111494,116,0.001,POST
304.612,1625,0.111315,111,0.002,POST
304.712,1168,0.111187,116,0.002,POST
304.816,1768,0.11102,110,0.003,POST
304.944,3401,0.110867,117,0.001,POST
305.048,804.9,0.110638,113,0.003,POST
305.144,782.8,0.110761,121,0.001,POST
305.276,732.6,0.110557,106,0.003,POST
305.348,750.9,0.110554,120,0.000,POST
305.480,783,0.110376,106,0.002,POST
305.612,723.6,0.110512,118,0.001,POST
305.712,786.9,0.110413,107,0.002,POST
305.812,1321,0.110569,124,0.004,POST
305.912,1127,0.110639,92,0.002,POST
306.012,904.2,0.111056,108,0.001,POST
306.112,2040,0.110973,101,0.001,POST
306.212,2309,0.112641,108,0.002,POST
306.312,1112,0.111012,97,0.001,POST
306.448,2221,0.111551,116,0.002,POST
306.580,3429,0.11092,94,0.003,POST
306.712,8420,0.114218,125,0.001,POST
306.812,1529,0.110468,90,0.002,POST
306.912,1484,0.1105,117,0.002,POST
307.016,1589,0.110421,100,0.002,POST
307.112,995.1,0.110379,122,0.002,POST
307.244,1037,0.110489,97,0.001,POST
307.380,1321,0.10989,119,0.002,POST
307.512,6121,0.109218,93,0.001,POST
307.644,3157,0.10978,125,0.002,POST
307.776,1.773e+04,0.113978,85,0.004,POST
307.848,975.9,0.10632,107,0.002,POST
307.952,1051,0.108396,100,0.001,POST
308.048,1435,0.108623,111,0.002,POST
308.176,2478,0.108886,106,0.002,POST
308.252,1180,0.109032,122,0.001,POST
308.376,1211,0.108852,109,0.002,POST
308.476,1964,0.108876,124,0.003,POST
308.576,1297,0.109004,114,0.001,POST
308.676,1369,0.10889,125,0.002,POST
308.776,1443,0.108912,112,0.003,POST
308.876,2568,0.108991,123,0.003,POST
308.976,2802,0.10908,114,0.002,POST
309.048,1661,0.109094,125,0.002,POST
309.180,1398,0.109094,115,0.001,POST
309.312,2200,0.109035,123,0.001,POST
309.412,929.2,0.109098,110,0.002,POST
309.544,1459,0.109216,118,0.003,POST
309.676,2141,0.109397,114,0.001,POST
309.752,1351,0.110164,123,0.002,POST
309.880,5807,0.129218,109,0.001,POST
310.012,5051,0.13116,125,0.003,POST
310.112,1109,0.109535,106,0.002,POST
310.212,952.5,0.109803,130,0.002,POST
310.344,831.8,0.110521,110,0.001,POST
310.476,1086,0.111508,123,0.002,POST
310.576,6248,0.111537,90,0.001,POST
310.676,951.9,0.11056,120,0.002,POST
310.776,1366,0.111129,99,0.002,POST
310.880,1238,0.11027,115,0.001,POST
311.012,3488,0.110261,107,0.004,POST
311.112,1969,0.110131,117,0.002,POST
311.216,1.433e+04,0.111509,109,0.000,POST
311.312,1635,0.110443,119,0.001,POST
311.444,2358,0.110235,115,0.002,POST
311.576,2076,0.110173,119,0.002,POST
311.676,2165,0.110228,126,0.002,POST
311.776,1902,0.110311,122,0.001,POST
311.876,1299,0.110693,116,0.002,POST
311.976,2942,0.110307,123,0.001,POST
312.076,1161,0.110238,120,0.002,POST
312.176,2332,0.110529,126,0.002,POST
312.276,5474,0.11179,125,0.001,POST
312.376,1709,0.112639,121,0.003,POST
312.480,3140,0.111321,122,0.002,POST
312.616,7581,0.115809,123,0.003,POST
312.712,2598,0.110786,113,0.003,POST
312.812,1484,0.111308,126,0.002,POST
312.912,1789,0.110724,118,0.001,POST
313.012,1171,0.110809,126,0.001,POST
313.112,1207,0.110991,114,0.002,POST
313.212,1546,0.111619,125,0.001,POST
313.312,1384,0.110956,110,0.003,POST
313.412,1812,0.110861,128,0.000,POST
313.512,1676,0.110687,111,0.002,POST
313.612,2439,0.113043,123,0.002,POST
313.712,2150,0.11038,112,0.002,POST
313.844,2354,0.110101,122,0.001,POST
313.980,2208,0.110361,114,0.003,POST
314.112,2024,0.110637,117,0.001,POST
314.212,1158,0.115172,121,0.002,POST
314.344,1251,0.110996,109,0.002,POST
314.448,1558,0.112073,116,0.002,POST
314.544,2560,0.115262,113,0.002,POST
314.680,2359,0.116101,119,0.001,POST
314.780,1068,0.11098,113,0.002,POST
314.912,994.9,0.113635,117,0.003,POST
315.016,2179,0.112719,88,0.001,POST
315.144,1.033e+04,0.114595,124,0.002,POST
315.244,1746,0.124661,103,0.002,POST
315.344,4348,0.11367,119,0.002,POST
315.476,2165,0.113991,100,0.002,POST
315.576,1755,0.11396,122,0.004,POST
315.648,2152,0.113682,103,0.002,POST
315.776,2455,0.117542,118,0.003,POST
315.876,1575,0.115129,110,0.003,POST
315.976,2960,0.115582,117,0.001,POST
316.076,3624,0.116921,117,0.001,POST
316.180,2261,0.119388,119,0.002,POST
316.312,2340,0.119207,118,0.001,POST
316.412,1239,0.114047,123,0.000,POST
316.512,1582,0.113987,114,0.001,POST
316.616,1299,0.113852,125,0.002,POST
316.712,1072,0.114154,115,0.003,POST
316.812,1871,0.122669,117,0.001,POST
316.912,4270,0.125159,114,0.001,POST
317.012,2166,0.115995,116,0.003,POST
317.112,1605,0.114906,121,0.002,POST
317.212,1446,0.115861,114,0.001,POST
317.312,1172,0.114175,115,0.002,POST
317.416,1514,0.118079,115,0.001,POST
317.512,1077,0.120328,119,0.001,POST
317.612,1225,0.120999,113,0.002,POST
317.716,1273,0.114085,120,0.003,POST
317.812,1377,0.115839,120,0.001,POST
317.912,1043,0.116083,117,0.004,POST
318.012,1120,0.11622,119,0.002,POST
318.116,1374,0.115996,117,0.001,POST
318.216,1121,0.116225,118,0.001,POST
318.312,1075,0.113479,116,0.001,POST
318.412,1265,0.115996,118,0.003,POST
318.512,4666,0.116612,119,0.001,POST
318.612,1325,0.116471,123,0.002,POST
318.712,1111,0.114517,117,0.002,POST
318.812,1285,0.115127,114,0.001,POST
318.916,1145,0.115725,119,0.002,POST
319.012,1295,0.115052,117,0.001,POST
319.144,2158,0.119424,116,0.001,POST
319.248,1669,0.118227,123,0.001,POST
319.376,1519,0.120151,115,0.001,POST
319.476,3703,0.126111,126,0.002,POST
319.576,2941,0.115498,116,0.001,POST
319.676,958.6,0.11444,121,0.002,POST
319.776,1228,0.114582,117,0.002,POST
319.880,1399,0.115434,126,0.003,POST
320.012,1320,0.114324,118,0.001,POST
320.112,954.5,0.114615,122,0.001,POST
320.212,1074,0.114321,112,0.012,POST
320.312,2201,0.114127,117,0.002,POST
320.412,1122,0.114336,122,0.001,POST
320.512,1087,0.114195,115,0.001,POST
320.644,1162,0.114519,120,0.002,POST
320.776,1777,0.115291,122,0.002,POST
320.876,1591,0.115433,86,0.002,POST
320.980,1296,0.118031,123,0.002,POST
321.112,5.277e+04,0.116554,88,0.001,POST
321.212,5262,0.126252,117,0.002,POST
321.348,4.681e+04,0.143167,95,0.001,POST
321.480,1641,0.136796,108,0.003,POST
321.580,1.211e+04,0.131017,91,0.001,POST
321.676,2917,0.143468,119,0.001,POST
321.776,4943,0.136762,91,0.001,POST
321.876,3220,0.122231,116,0.002,POST
321.976,2203,0.118265,102,0.001,POST
322.076,1258,0.117748,114,0.001,POST
322.176,1079,0.117951,102,0.002,POST
322.276,1866,0.117834,110,0.001,POST
322.348,1193,0.117726,112,0.001,POST
322.476,1858,0.121317,111,0.001,POST
322.580,1300,0.118002,109,0.001,POST
322.676,2222,0.119195,120,0.003,POST
322.776,1360,0.123181,116,0.003,POST
322.876,1129,0.121008,122,0.002,POST
322.976,1065,0.125908,106,0.001,POST
323.076,1372,0.12691,123,0.001,POST
323.148,1021,0.128175,107,0.002,POST
323.256,1603,0.125705,118,0.002,POST
323.344,1270,0.123568,111,0.001,POST
323.448,1706,0.124606,111,0.001,POST
323.576,2224,0.123455,115,0.003,POST
323.676,1843,0.123927,118,0.002,POST
323.776,1104,0.117698,125,0.002,POST
323.876,1351,0.118644,116,0.004,POST
323.976,1459,0.118855,123,0.001,POST
324.076,1272,0.11884,115,0.001,POST
324.176,1299,0.118261,121,0.002,POST
324.276,1062,0.118373,121,0.001,POST
324.380,1128,0.118535,112,0.004,POST
324.512,1803,0.119012,115,0.003,POST
324.612,1089,0.118245,112,0.002,POST
324.716,1277,0.118227,118,0.001,POST
324.812,1072,0.1187,115,0.002,POST
324.912,1241,0.118329,120,0.001,POST
325.012,1288,0.118067,120,0.001,POST
325.112,2817,0.118009,119,0.003,POST
325.244,1402,0.117801,119,0.002,POST
325.376,1403,0.117794,121,0.002,POST
325.480,1434,0.118004,120,0.002,POST
325.612,1451,0.118185,124,0.003,POST
325.712,1151,0.118377,129,0.003,POST
325.812,1673,0.118293,120,0.003,POST
325.916,1199,0.117618,128,0.002,POST
326.044,1223,0.118264,112,0.002,POST
326.176,1341,0.118534,127,0.003,POST
326.276,1261,0.118566,120,0.001,POST
326.376,1097,0.117531,123,0.003,POST
326.476,2360,0.124428,112,0.003,POST
326.576,1305,0.11757,120,0.002,POST
326.676,1116,0.117756,118,0.002,POST
326.776,1052,0.118587,117,0.003,POST
326.876,6798,0.123672,119,0.002,POST
326.976,1033,0.124675,120,0.002,POST
327.076,1184,0.118855,121,0.001,POST
327.176,1254,0.120164,117,0.001,POST
327.276,1318,0.12199,121,0.001,POST
327.348,1594,0.121775,101,0.002,POST
327.480,6775,0.116612,112,0.001,POST
327.616,2.929e+04,0.123634,98,0.003,POST
327.712,2962,0.123886,118,0.002,POST
327.816,2127,0.122169,91,0.003,POST
327.912,8617,0.122831,118,0.002,POST
328.012,1.398e+04,0.133611,95,0.003,POST
328.088,6766,0.132359,112,0.001,POST
328.180,7349,0.133676,97,0.002,POST
328.312,2393,0.109754,108,0.002,POST
328.412,1280,0.110349,89,0.002,POST
328.512,1244,0.109969,112,0.001,POST
328.612,1115,0.109911,83,0.002,POST
328.712,3200,0.110571,108,0.001,POST
328.812,1381,0.110454,91,0.002,POST
328.912,2104,0.109601,108,0.003,POST
328.984,7247,0.10963,95,0.001,POST
329.112,1557,0.109669,106,0.002,POST
329.212,5625,0.109491,105,0.002,POST
329.312,1955,0.109301,103,0.004,POST
329.416,2109,0.109099,118,0.001,POST
329.512,2043,0.109233,113,0.003,POST
329.612,3862,0.109373,111,0.002,POST
329.712,2084,0.109447,121,0.001,POST
329.816,1729,0.110066,112,0.002,POST
329.944,2720,0.109347,120,0.003,POST
330.076,3337,0.108899,118,0.003,POST
330.176,2529,0.109053,124,0.003,POST
330.276,1631,0.108841,117,0.001,POST
330.376,1311,0.108752,121,0.002,POST
330.476,2949,0.108807,124,0.002,POST
330.580,1681,0.108826,120,0.002,POST
330.712,1732,0.108865,123,0.003,POST
330.812,1387,0.10877,121,0.002,POST
330.948,2837,0.109688,127,0.001,POST
331.080,1.968e+05,0.108902,114,0.001,POST
331.212,1136,0.108851,120,0.003,POST
331.344,2020,0.108874,116,0.002,POST
331.476,1253,0.109018,122,0.002,POST
331.576,2316,0.109278,119,0.001,POST
331.676,1404,0.108978,123,0.002,POST
331.776,1244,0.108842,115,0.003,POST
331.876,1394,0.108899,115,0.004,POST
331.980,1363,0.10982,120,0.003,POST
332.080,1275,0.109551,111,0.001,POST
332.212,1346,0.110469,125,0.002,POST
332.312,1128,0.110789,108,0.001,POST
332.412,1115,0.109702,116,0.004,POST
332.484,2661,0.110218,107,0.000,POST
332.612,2250,0.111093,119,0.002,POST
332.712,1322,0.11119,103,0.002,POST
332.816,3080,0.110588,115,0.002,POST
332.912,2240,0.110636,105,0.001,POST
333.012,1492,0.110772,119,0.002,POST
333.112,1927,0.111036,107,0.001,POST
333.192,1512,0.110713,120,0.002,POST
333.312,2691,0.109237,106,0.003,POST
333.412,1594,0.111969,121,0.002,POST
333.512,1271,0.111927,109,0.002,POST
333.612,1495,0.111886,115,0.002,POST
333.744,1234,0.111436,111,0.002,POST
333.876,1758,0.111278,118,0.002,POST
333.976,1502,0.11149,121,0.003,POST
334.076,1403,0.110957,116,0.003,POST
334.148,1361,0.110969,118,0.002,POST
334.248,1296,0.110415,117,0.002,POST
334.376,1418,0.110505,116,0.002,POST
334.480,1554,0.110692,119,0.001,POST
334.612,1349,0.111017,119,0.002,POST
334.712,1202,0.110748,116,0.001,POST
334.812,1146,0.110836,119,0.001,POST
334.944,1746,0.110697,114,0.003,POST
335.076,1754,0.110332,117,0.004,POST
335.148,1464,0.11025,120,0.002,POST
335.276,1635,0.110785,122,0.002,POST
335.376,1659,0.111172,113,0.001,POST
335.448,1799,0.110968,123,0.002,POST
335.576,1894,0.111096,111,0.001,POST
335.676,1724,0.111224,125,0.002,POST
335.780,1845,0.111509,117,0.003,POST
335.860,3470,0.11251,120,0.002,POST
335.976,1729,0.112715,112,0.003,POST
336.080,1110,0.111882,124,0.002,POST
336.212,1763,0.111141,117,0.001,POST
336.312,1353,0.110945,123,0.002,POST
336.444,1216,0.110709,118,0.001,POST
336.576,1213,0.111066,123,0.003,POST
336.680,1662,0.111042,113,0.001,POST
336.816,1320,0.111192,121,0.002,POST
336.912,1483,0.111499,123,0.002,POST
337.012,1511,0.110783,119,0.002,POST
337.116,1173,0.111971,124,0.002,POST
337.212,1268,0.11166,124,0.002,POST
337.288,1150,0.11179,117,0.002,POST
337.412,1340,0.112634,121,0.002,POST
337.512,1718,0.114016,106,0.002,POST
337.612,2881,0.113656,123,0.003,POST
337.712,2287,0.114049,114,0.001,POST
337.812,3363,0.113583,122,0.001,POST
337.912,2895,0.112865,121,0.001,POST
338.012,4621,0.112989,122,0.001,POST
338.112,1.634e+04,0.115241,122,0.001,POST
338.212,2.184e+04,0.118494,121,0.001,POST
338.344,6206,0.112322,123,0.003,POST
338.448,2573,0.112191,120,0.001,POST
338.576,1.917e+04,0.114472,120,0.001,POST
338.648,2679,0.112106,113,0.001,POST
338.776,1805,0.112344,116,0.001,POST
338.876,1e+05,0.114946,119,0.002,POST
338.976,3045,0.116416,111,0.003,POST
339.076,4340,0.113037,114,0.001,POST
339.176,1738,0.112889,106,0.002,POST
339.248,1407,0.112979,112,0.001,POST
339.376,1694,0.112584,112,0.002,POST
339.476,1632,0.112779,110,0.002,POST
339.576,1667,0.113239,118,0.001,POST
339.648,6942,0.112698,117,0.001,POST
339.748,1575,0.112884,111,0.001,POST
339.876,1997,0.112405,117,0.002,POST
339.976,1468,0.112963,118,0.002,POST
340.076,1453,0.112426,107,0.002,POST
340.176,1787,0.11294,115,0.002,POST
340.276,1866,0.111639,118,0.003,POST
340.376,1791,0.112217,120,0.002,POST
340.480,1449,0.111948,124,0.001,POST
340.612,1550,0.111369,123,0.004,POST
340.712,1394,0.111291,123,0.002,POST
340.816,1742,0.111782,121,0.001,POST
340.944,1534,0.111289,124,0.003,POST
341.076,3683,0.110772,121,0.002,POST
341.176,6907,0.110648,117,0.001,POST
341.276,1383,0.110705,114,0.004,POST
341.376,1335,0.110344,123,0.001,POST
341.476,1378,0.110766,113,0.002,POST
341.576,1575,0.111949,85,0.001,POST
341.676,1507,0.112406,121,0.003,POST
341.776,1344,0.111408,93,0.001,POST
341.876,1672,0.111976,118,0.001,POST
341.976,1503,0.111773,106,0.004,POST
342.076,2127,0.111586,118,0.001,POST
342.176,1374,0.110837,107,0.004,POST
342.248,1889,0.110335,113,0.003,POST
342.376,2071,0.110537,108,0.002,POST
342.448,1752,0.10971,114,0.001,POST
342.576,3400,0.11522,110,0.003,POST
342.676,2133,0.118963,108,0.002,POST
342.748,1364,0.118742,108,0.002,POST
342.848,1277,0.118552,113,0.001,POST
342.944,1244,0.119458,107,0.000,POST
343.076,1299,0.119215,110,0.002,POST
343.176,1283,0.119235,111,0.004,POST
343.276,1332,0.118777,121,0.001,POST
343.376,1177,0.118041,108,0.002,POST
343.448,1232,0.118202,118,0.002,POST
343.576,1229,0.117452,120,0.004,POST
343.680,1605,0.117228,113,0.002,POST
343.816,1204,0.117098,119,0.005,POST
343.912,1970,0.123586,116,0.002,POST
344.012,1251,0.123214,112,0.002,POST
344.112,1284,0.122682,124,0.002,POST
344.212,1392,0.122409,121,0.002,POST
344.312,1481,0.122282,124,0.002,POST
344.416,3359,0.122814,116,0.001,POST
344.512,1366,0.122972,123,0.001,POST
344.612,1296,0.1207,119,0.002,POST
344.712,1290,0.121699,127,0.004,POST
344.812,1965,0.121512,114,0.003,POST
344.912,1747,0.122711,129,0.002,POST
345.012,1536,0.122934,127,0.001,POST
345.148,1374,0.122385,127,0.003,POST
345.276,1691,0.122613,118,0.003,POST
345.376,1997,0.128779,132,0.002,POST
345.476,4692,0.128341,98,0.002,POST
345.576,2237,0.131184,130,0.000,POST
345.676,1.462e+04,0.134952,78,0.002,POST
345.776,2.763e+04,0.139248,119,0.001,POST
345.856,1.102e+04,0.14159,90,0.002,POST
345.976,1.23e+04,0.131361,111,0.003,POST
346.048,2944,0.128973,101,0.000,POST
346.148,4471,0.129296,117,0.002,POST
346.276,1.439e+04,0.129743,108,0.002,POST
346.376,1645,0.130116,120,0.002,POST
346.476,1659,0.131045,104,0.002,POST
346.576,4356,0.134293,118,0.004,POST
346.652,3031,0.1307,117,0.002,POST
346.776,2679,0.130846,120,0.002,POST
346.880,2041,0.131153,119,0.002,POST
347.012,3478,0.13097,116,0.001,POST
347.112,1661,0.131987,117,0.002,POST
347.212,2211,0.132303,125,0.002,POST
347.312,2538,0.132635,120,0.002,POST
347.412,5055,0.133546,119,0.002,POST
347.544,4584,0.135888,119,0.002,POST
347.644,1611,0.137529,123,0.001,POST
347.776,5364,0.136881,122,0.004,POST
347.876,1.222e+04,0.140547,121,0.000,POST
347.976,1231,0.142117,120,0.002,POST
348.076,1614,0.144077,113,0.001,POST
348.180,1295,0.144806,110,0.001,POST
348.312,2192,0.144694,116,0.002,POST
348.412,1601,0.142632,96,0.001,POST
348.512,1631,0.144465,105,0.002,POST
348.612,2152,0.137494,95,0.001,POST
348.712,6207,0.138984,110,0.001,POST
348.816,3515,0.142077,88,0.002,POST
348.912,1870,0.134435,113,0.001,POST
349.012,2863,0.134252,77,0.002,POST
349.112,4785,0.122447,110,0.001,POST
349.248,8468,0.129263,87,0.008,POST
349.376,1361,0.117601,108,0.002,POST
349.476,1355,0.116771,86,0.003,POST
349.576,1293,0.116035,102,0.003,POST
349.676,1285,0.11624,100,0.005,POST
349.776,1300,0.116337,105,0.007,POST
349.876,1277,0.116304,100,0.006,POST
349.976,1280,0.116219,111,0.005,POST
350.076,1279,0.116313,107,0.006,POST
350.176,1285,0.116056,122,0.003,POST
350.276,1279,0.115987,114,0.005,POST
350.376,1286,0.115935,120,0.003,POST
350.476,1278,0.115999,115,0.005,POST
350.576,1280,0.115935,123,0.001,POST
350.676,1283,0.11611,117,0.003,POST
350.776,1284,0.115981,114,0.002,POST
350.876,1282,0.11592,111,0.003,POST
350.980,1279,0.115975,122,0.004,POST
351.076,1282,0.116056,115,0.004,POST
351.176,1285,0.116057,125,0.003,POST
351.276,1285,0.116072,114,0.004,POST
351.348,1283,0.116154,122,0.004,POST
351.476,1304,0.116027,118,0.003,POST
351.576,1296,0.115998,125,0.005,POST
351.676,1285,0.116113,112,0.003,POST
351.776,1316,0.115882,127,0.002,POST
351.876,1999,0.115829,120,0.002,POST
351.980,1353,0.115927,94,0.002,POST
352.112,1396,0.115426,112,0.003,POST
352.212,1498,0.115414,101,0.002,POST
352.344,1365,0.115507,117,0.003,POST
352.476,1369,0.115495,101,0.002,POST
352.580,1387,0.115664,121,0.003,POST
352.712,1408,0.115641,98,0.002,POST
352.812,1396,0.115558,121,0.002,POST
352.912,1456,0.115483,104,0.002,POST
353.012,1397,0.115495,120,0.001,POST
353.112,1424,0.115529,108,0.001,POST
353.216,1400,0.115526,126,0.001,POST
353.348,1397,0.115584,105,0.002,POST
353.476,1414,0.115658,128,0.002,POST
353.576,1396,0.11563,114,0.001,POST
353.648,1399,0.115602,122,0.003,POST
353.748,1441,0.115513,110,0.002,POST
353.876,1411,0.115468,128,0.002,POST
353.980,1389,0.115494,122,0.001,POST
354.112,1395,0.115525,118,0.002,POST
354.212,1400,0.115523,127,0.001,POST
354.312,1399,0.115541,123,0.001,POST
354.412,1397,0.115628,122,0.001,POST
354.512,1368,0.115793,123,0.002,POST
354.612,1382,0.115878,119,0.001,POST
354.712,1382,0.115948,122,0.003,POST
354.812,1370,0.115892,118,0.001,POST
354.912,1365,0.115861,127,0.002,POST
355.012,1365,0.115789,119,0.003,POST
355.144,1370,0.115802,122,0.001,POST
355.276,1367,0.115805,125,0.002,POST
355.376,1358,0.115803,119,0.003,POST
355.476,1363,0.115858,125,0.004,POST
355.548,1359,0.115959,117,0.003,POST
355.676,1374,0.115888,121,0.002,POST
355.776,1366,0.11595,116,0.002,POST
355.876,1361,0.115895,120,0.007,POST
355.952,1365,0.115871,118,0.003,POST
356.048,1355,0.115857,117,0.001,POST
356.176,1365,0.115916,120,0.001,POST
356.276,1354,0.115831,122,0.003,POST
356.376,1364,0.115739,118,0.001,POST
356.448,1356,0.115706,116,0.003,POST
356.548,1363,0.115621,123,0.003,POST
356.676,1369,0.115511,109,0.001,POST
356.748,1354,0.115471,123,0.002,POST
356.876,1358,0.1155,113,0.001,POST
356.980,1357,0.115492,122,0.004,POST
357.080,1354,0.115542,118,0.003,POST
357.212,1364,0.115699,115,0.001,POST
357.316,1359,0.115765,119,0.001,POST
357.412,1370,0.115695,118,0.002,POST
357.548,1366,0.115664,117,0.005,POST
357.680,1376,0.115751,119,0.002,POST
357.812,1369,0.115878,116,0.008,POST
357.912,1379,0.116146,122,0.004,POST
358.044,1370,0.116059,122,0.000,POST
358.176,1363,0.116035,118,0.003,POST
358.276,1369,0.115832,124,0.006,POST
358.376,1363,0.115717,116,0.002,POST
358.476,1367,0.115536,129,0.004,POST
358.580,1358,0.115457,116,0.004,POST
358.680,1358,0.115492,128,0.004,POST
358.812,1359,0.115552,123,0.002,POST
358.912,1359,0.115475,120,0.006,POST
359.012,1360,0.115344,119,0.002,POST
359.112,1363,0.115309,119,0.004,POST
359.212,1365,0.115162,122,0.001,POST
359.312,1363,0.115252,116,0.003,POST
359.412,1365,0.11547,123,0.002,POST
359.512,1360,0.115461,111,0.003,POST
359.612,1367,0.115457,121,0.002,POST
359.744,1364,0.115345,122,0.001,POST
359.848,1358,0.11525,123,0.003,POST
359.980,1361,0.115334,121,0.004,POST
360.112,1365,0.11544,121,0.003,POST
360.244,1367,0.115536,120,0.004,POST
360.380,1362,0.115492,122,0.004,POST
360.452,1371,0.11562,121,0.004,POST
360.576,1355,0.115723,120,0.002,POST
360.652,1357,0.115659,125,0.003,POST
360.780,1359,0.115691,121,0.006,POST
360.880,1356,0.115795,123,0.002,POST
361.012,1369,0.115817,124,0.004,POST
361.112,1379,0.115625,127,0.001,POST
361.188,1364,0.115654,117,0.002,POST
361.280,1369,0.115442,120,0.001,POST
361.412,1366,0.115491,124,0.003,POST
361.512,1378,0.115602,123,0.002,POST
361.612,1376,0.115786,123,0.003,POST
361.712,1436,0.115842,121,0.002,POST
361.812,1372,0.115907,119,0.002,POST
361.912,1373,0.115867,115,0.001,POST
362.012,1390,0.115716,124,0.002,POST
362.112,1360,0.115692,114,0.002,POST
362.212,1415,0.115848,123,0.002,POST
362.312,1383,0.115972,118,0.003,POST
362.412,1382,0.116024,126,0.002,POST
362.512,1394,0.116208,119,0.002,POST
362.612,1406,0.116207,122,0.002,POST
362.712,1370,0.116207,115,0.002,POST
362.812,1358,0.116207,122,0.002,POST
362.912,1351,0.116207,115,0.003,POST
363.012,1411,0.116207,120,0.001,POST
363.116,1369,0.116207,126,0.002,POST
363.244,1390,0.116207,120,0.002,POST
363.348,1413,0.116207,117,0.001,POST
363.444,1349,0.116207,122,0.001,POST
363.576,1387,0.116207,116,0.001,POST
363.676,1361,0.116207,118,0.002,POST
363.776,1422,0.116207,114,0.001,POST
363.876,1419,0.116207,123,0.002,POST
363.976,1417,0.116207,115,0.003,POST
364.076,1378,0.116207,113,0.002,POST
364.180,1441,0.116207,120,0.001,POST
364.312,1406,0.116207,113,0.001,POST
364.412,1408,0.116207,122,0.003,POST
364.512,1421,0.116207,117,0.001,POST
364.644,1434,0.116207,123,0.001,POST
364.776,1389,0.116207,116,0.003,POST
364.848,1414,0.116207,124,0.003,POST
364.976,1435,0.116207,115,0.003,POST
365.076,1388,0.116207,126,0.001,POST
365.176,1360,0.116207,122,0.002,POST
365.276,1372,0.116207,121,0.004,POST
365.348,1397,0.116207,120,0.002,POST
365.476,1373,0.116207,127,0.001,POST
365.576,1385,0.116207,122,0.002,POST
365.676,1398,0.116207,117,0.001,POST
365.776,1385,0.116207,121,0.002,POST
365.876,1375,0.116207,116,0.002,POST
365.976,1356,0.116207,122,0.002,POST
366.048,1355,0.116207,120,0.003,POST
366.176,1378,0.116207,121,0.002,POST
366.276,1367,0.116207,119,0.003,POST
366.376,1359,0.116207,117,0.002,POST
366.476,1362,0.116207,115,0.002,POST
366.576,1368,0.116207,119,0.002,POST
366.676,1362,0.116207,124,0.001,POST
366.776,1374,0.116207,118,0.003,POST
366.876,1368,0.116207,120,0.002,POST
366.976,1360,0.116207,117,0.003,POST
367.080,1367,0.116207,120,0.003,POST
367.176,1413,0.116207,120,0.002,POST
367.276,1377,0.116207,120,0.002,POST
367.376,1360,0.116207,122,0.001,POST
367.480,1392,0.116207,112,0.003,POST
367.576,1373,0.116207,121,0.002,POST
367.676,1564,0.129251,118,0.002,POST
367.776,1387,0.1287,116,0.002,POST
367.848,1416,0.124479,117,0.001,POST
367.948,1448,0.123813,116,0.001,POST
368.076,1479,0.119554,115,0.002,POST
368.176,1483,0.115139,122,0.002,POST
368.276,1418,0.11708,114,0.002,POST
368.376,1537,0.113112,124,0.002,POST
368.476,1494,0.11097,116,0.005,POST
368.548,2221,0.11294,120,0.003,POST
368.676,2056,0.116335,118,0.002,POST
368.776,1405,0.114102,118,0.003,POST
368.876,1606,0.110157,122,0.001,POST
368.976,1547,0.108382,119,0.003,POST
369.076,1571,0.111851,117,0.001,POST
369.180,1411,0.112416,119,0.002,POST
369.280,1387,0.111474,114,0.002,POST
369.376,1378,0.111696,119,0.001,POST
369.476,1374,0.113104,117,0.003,POST
369.576,1389,0.110535,116,0.003,POST
369.676,1394,0.110072,122,0.001,POST
369.776,1374,0.111416,123,0.001,POST
369.876,1382,0.109414,117,0.001,POST
369.948,1374,0.109462,116,0.000,POST
370.044,1386,0.107884,117,0.003,POST
370.176,1391,0.105303,119,0.003,POST
370.276,1373,0.106784,113,0.004,POST
370.352,1384,0.108982,120,0.005,POST
370.448,1387,0.10877,111,0.003,POST
370.576,1383,0.108034,122,0.001,POST
370.676,1385,0.109004,123,0.001,POST
370.776,1388,0.110781,117,0.003,POST
370.876,1402,0.109207,120,0.001,POST
370.980,1390,0.108952,119,0.001,POST
371.080,1386,0.107278,119,0.002,POST
371.212,1413,0.107824,122,0.005,POST
371.344,1391,0.107727,118,0.002,POST
371.448,1384,0.107909,123,0.005,POST
371.576,1409,0.110075,120,0.003,POST
371.680,1384,0.110497,120,0.003,POST
371.812,1378,0.111096,121,0.002,POST
371.912,1385,0.111124,121,0.001,POST
372.016,1383,0.109978,119,0.003,POST
372.148,1399,0.109365,118,0.002,POST
372.276,1387,0.107668,122,0.002,POST
372.348,1383,0.107541,119,0.002,POST
372.480,1395,0.110726,115,0.003,POST
372.580,1396,0.112464,117,0.005,POST
372.680,1394,0.113067,116,0.001,POST
372.812,1391,0.113132,125,0.002,POST
372.948,1384,0.112616,120,0.003,POST
373.076,1385,0.111067,124,0.002,POST
373.148,1377,0.108866,119,0.002,POST
373.276,1383,0.108117,120,0.001,POST
373.376,1379,0.109251,122,0.002,POST
373.476,1388,0.110547,112,0.004,POST
373.580,1388,0.110962,120,0.004,POST
373.676,1388,0.11079,119,0.002,POST
373.776,1398,0.111579,117,0.002,POST
373.876,1387,0.112912,119,0.003,POST
373.976,1394,0.11256,120,0.004,POST
374.076,1380,0.112891,121,0.003,POST
374.148,1388,0.114887,121,0.003,POST
374.280,1382,0.115118,117,0.003,POST
374.412,1639,0.113792,119,0.003,POST
374.512,1445,0.117642,106,0.002,POST
374.648,1464,0.116239,121,0.002,POST
374.748,1431,0.115818,100,0.002,POST
374.880,1420,0.115704,127,0.002,POST
375.016,1437,0.117271,103,0.001,POST
375.112,1429,0.116034,123,0.003,POST
375.244,1444,0.115018,117,0.001,POST
375.384,1435,0.113902,122,0.001,POST
375.476,1417,0.114493,118,0.001,POST
375.576,1427,0.113764,123,0.001,POST
375.676,1431,0.113064,122,0.002,POST
375.748,1423,0.11387,122,0.001,POST
375.876,1425,0.1132,113,0.002,POST
375.980,1414,0.111987,127,0.002,POST
376.120,1445,0.112174,113,0.002,POST
376.244,1421,0.112872,122,0.002,POST
376.344,1462,0.110894,117,0.001,POST
376.444,1426,0.110506,120,0.001,POST
376.576,1449,0.110916,107,0.002,POST
376.676,1432,0.110103,123,0.003,POST
376.776,1441,0.108648,105,0.001,POST
376.876,1416,0.10944,120,0.002,POST
376.976,1491,0.107425,113,0.002,POST
377.076,1434,0.106402,116,0.003,POST
377.176,1470,0.105239,111,0.001,POST
377.276,1421,0.106366,126,0.001,POST
377.376,1422,0.108363,110,0.004,POST
377.476,1434,0.111004,123,0.003,POST
377.576,1414,0.111266,108,0.003,POST
377.648,1411,0.110899,127,0.003,POST
377.780,1445,0.112646,106,0.001,POST
377.916,1429,0.111431,119,0.002,POST
378.044,1419,0.11107,111,0.003,POST
378.144,1425,0.111072,122,0.002,POST
378.280,1416,0.109827,114,0.001,POST
378.412,1428,0.110484,121,0.002,POST
378.512,1432,0.109487,108,0.002,POST
378.612,1425,0.109346,121,0.003,POST
378.688,1423,0.109003,121,0.001,POST
378.812,1412,0.109702,119,0.000,POST
378.912,1411,0.110704,115,0.003,POST
379.012,1410,0.11105,124,0.002,POST
379.116,1432,0.112348,113,0.002,POST
379.212,1422,0.1118,124,0.002,POST
379.312,1423,0.111441,115,0.004,POST
379.412,1439,0.111754,119,0.001,POST
379.544,1414,0.112356,118,0.001,POST
379.652,1427,0.114468,124,0.002,POST
379.776,1441,0.114303,113,0.003,POST
379.876,1454,0.114283,125,0.001,POST
379.976,1484,0.115539,109,0.004,POST
380.076,1600,0.115655,120,0.002,POST
380.176,1508,0.116514,122,0.001,POST
380.276,1416,0.116724,116,0.004,POST
380.376,1418,0.114733,118,0.002,POST
380.476,1406,0.115486,116,0.002,POST
380.576,1409,0.11585,119,0.000,POST
380.648,1409,0.115913,122,0.001,POST
380.748,1420,0.11514,121,0.004,POST
380.876,1450,0.112387,121,0.003,POST
380.976,1420,0.112836,120,0.001,POST
381.076,1419,0.113165,123,0.004,POST
381.180,1429,0.113113,121,0.007,POST
381.312,1423,0.113624,122,0.002,POST
381.412,1415,0.115187,120,0.004,POST
381.484,1417,0.115836,124,0.003,POST
381.612,1415,0.116001,121,0.003,POST
381.716,1428,0.114016,122,0.003,POST
381.816,1415,0.114071,123,0.003,POST
381.912,1414,0.114544,123,0.002,POST
382.012,1413,0.116753,120,0.006,POST
382.112,1416,0.117914,117,0.002,POST
382.212,1417,0.11879,123,0.003,POST
382.312,1418,0.117452,116,0.002,POST
382.412,1408,0.117818,118,0.004,POST
382.512,1424,0.119266,125,0.002,POST
382.612,1418,0.119583,116,0.001,POST
382.712,1421,0.118353,123,0.003,POST
382.816,1411,0.11777,120,0.003,POST
382.912,1406,0.118619,124,0.002,POST
383.012,1408,0.117903,120,0.001,POST
383.112,1407,0.117606,118,0.003,POST
383.212,1416,0.116857,112,0.003,POST
383.344,1497,0.116321,116,0.002,POST
383.476,1503,0.115962,119,0.002,POST
383.576,1451,0.115372,113,0.002,POST
383.676,1449,0.114972,118,0.001,POST
383.776,1436,0.114798,117,0.002,POST
383.876,1438,0.114308,110,0.003,POST
383.976,2046,0.112437,120,0.002,POST
384.076,1431,0.112059,112,0.002,POST
384.176,1460,0.112157,118,0.002,POST
384.276,1524,0.111911,117,0.001,POST
384.376,1482,0.111538,119,0.001,POST
384.476,1444,0.111279,127,0.001,POST
384.576,1442,0.110377,112,0.001,POST
384.680,1451,0.109635,119,0.003,POST
384.812,1490,0.108723,115,0.001,POST
384.916,1444,0.108028,122,0.005,POST
385.012,1429,0.107583,121,0.003,POST
385.112,1428,0.107677,114,0.005,POST
385.212,1425,0.108887,118,0.003,POST
385.312,1422,0.109165,120,0.004,POST
385.412,1421,0.108963,114,0.004,POST
385.512,1423,0.109255,122,0.004,POST
385.612,1420,0.109627,120,0.003,POST
385.712,1424,0.109235,118,0.002,POST
385.816,1422,0.109651,120,0.001,POST
385.912,1419,0.110657,122,0.005,POST
386.012,1420,0.11091,116,0.003,POST
386.112,1425,0.110723,118,0.005,POST
386.212,1429,0.111011,119,0.004,POST
386.312,1426,0.110487,119,0.006,POST
386.412,1425,0.110118,123,0.006,POST
386.512,1427,0.110642,120,0.005,POST
386.612,1430,0.111225,122,0.007,POST
386.712,1429,0.11149,124,0.007,POST
386.812,1430,0.111568,117,0.006,POST
386.912,1431,0.111926,121,0.004,POST
387.012,1429,0.11235,115,0.005,POST
387.144,1432,0.112198,123,0.005,POST
387.248,1428,0.111712,124,0.006,POST
387.376,1431,0.111449,117,0.003,POST
387.476,1431,0.111959,125,0.004,POST
387.576,1425,0.111488,121,0.002,POST
387.676,1422,0.111468,120,0.004,POST
387.776,1627,0.111242,119,0.003,POST
387.876,1458,0.110279,98,0.001,POST
387.976,2091,0.111418,127,0.004,POST
388.076,1495,0.111798,98,0.002,POST
388.176,1707,0.112783,119,0.002,POST
388.276,1607,0.112834,100,0.003,POST
388.348,1498,0.113046,111,0.003,POST
388.476,1502,0.112858,116,0.002,POST
388.548,1508,0.112643,118,0.002,POST
388.652,1507,0.112455,113,0.002,POST
388.780,1523,0.112072,110,0.004,POST
388.912,1533,0.11218,121,0.002,POST
389.012,1528,0.112251,105,0.004,POST
389.112,1546,0.112613,126,0.002,POST
389.216,1516,0.112614,110,0.001,POST
389.312,1508,0.112748,121,0.003,POST
389.412,1538,0.113304,116,0.003,POST
389.512,1497,0.112983,118,0.002,POST
389.616,1494,0.112727,118,0.002,POST
389.712,1494,0.112467,115,0.003,POST
389.812,1490,0.112329,119,0.002,POST
389.916,1515,0.112381,111,0.003,POST
390.012,1493,0.11221,122,0.001,POST
390.112,1494,0.112237,118,0.005,POST
390.212,1493,0.112394,127,0.002,POST
390.292,1491,0.112217,114,0.004,POST
390.412,1498,0.111806,120,0.004,POST
390.516,1496,0.111512,117,0.003,POST
390.612,1496,0.112356,120,0.001,POST
390.716,1497,0.112869,127,0.003,POST
390.812,1494,0.112766,120,0.003,POST
390.912,1516,0.112764,125,0.003,POST
391.044,1498,0.112456,121,0.002,POST
391.180,1491,0.112197,120,0.001,POST
391.276,1493,0.111884,119,0.002,POST
391.376,1495,0.112368,119,0.002,POST
391.476,1494,0.112129,118,0.003,POST
391.576,1495,0.112001,122,0.000,POST
391.676,1492,0.112023,116,0.001,POST
391.748,1490,0.111767,123,0.001,POST
391.848,1490,0.111436,121,0.002,POST
391.976,1495,0.111742,111,0.001,POST
392.076,1493,0.112068,124,0.002,POST
392.176,1494,0.111842,121,0.003,POST
392.276,1505,0.112148,120,0.002,POST
392.376,1497,0.11222,122,0.004,POST
392.476,1497,0.11254,123,0.002,POST
392.576,1494,0.112832,117,0.002,POST
392.676,1492,0.112703,123,0.001,POST
392.776,1490,0.112577,114,0.003,POST
392.876,1496,0.112826,123,0.002,POST
392.976,1493,0.112978,111,0.001,POST
393.076,1493,0.11284,122,0.002,POST
393.180,1493,0.112495,114,0.003,POST
393.316,1503,0.111808,120,0.004,POST
393.412,1500,0.111868,119,0.002,POST
393.512,1497,0.112278,118,0.003,POST
393.612,1503,0.112601,118,0.003,POST
393.744,1501,0.112413,114,0.002,POST
393.876,1506,0.11195,114,0.004,POST
393.976,1505,0.111294,119,0.004,POST
394.076,1502,0.111089,120,0.002,POST
394.176,1499,0.110907,115,0.001,POST
394.256,1499,0.111402,119,0.003,POST
394.376,1513,0.11213,116,0.000,POST
394.476,1507,0.112363,122,0.000,POST
394.576,1503,0.11254,115,0.003,POST
394.676,1500,0.112975,118,0.001,POST
394.776,1502,0.112952,115,0.000,POST
394.876,1502,0.112861,122,0.002,POST
394.976,1502,0.112505,119,0.002,POST
395.048,1506,0.112343,116,0.002,POST
395.148,1503,0.112645,123,0.005,POST
395.280,1505,0.113059,114,0.006,POST
395.412,1526,0.113765,120,0.003,POST
395.548,1503,0.11396,114,0.003,POST
395.676,1511,0.114032,119,0.004,POST
395.776,1506,0.11377,114,0.002,POST
395.876,1511,0.113495,121,0.001,POST
395.976,1505,0.113188,121,0.002,POST
396.080,1506,0.113047,120,0.003,POST
396.212,1506,0.11322,118,0.002,POST
396.312,1501,0.112974,118,0.002,POST
396.412,1500,0.111945,118,0.004,POST
396.544,1522,0.111683,116,0.005,POST
396.676,1525,0.11172,119,0.001,POST
396.780,1497,0.112407,120,0.003,POST
396.912,1498,0.112087,122,0.003,POST
397.012,1497,0.111236,118,0.004,POST
397.112,1498,0.110941,126,0.004,POST
397.212,1499,0.111096,126,0.003,POST
397.316,1497,0.111171,120,0.002,POST
397.412,1500,0.11126,119,0.002,POST
397.516,1495,0.111042,119,0.003,POST
397.612,1530,0.110498,121,0.002,POST
397.716,1501,0.109894,122,0.002,POST
397.812,1500,0.109466,121,0.003,POST
397.884,1503,0.109213,119,0.004,POST
397.980,1502,0.109008,123,0.004,POST
398.076,1502,0.109008,122,0.002,POST
398.176,1498,0.109008,126,0.002,POST
398.276,1550,0.109008,119,0.003,POST
398.376,1496,0.109008,118,0.001,POST
398.476,1497,0.109008,124,0.003,POST
398.576,1498,0.109008,123,0.001,POST
398.648,1497,0.109008,121,0.002,POST
398.776,1501,0.109008,123,0.002,POST
398.876,1507,0.109008,118,0.004,POST
398.976,1554,0.109008,127,0.002,POST
399.076,1501,0.109008,117,0.002,POST
399.176,1501,0.109008,119,0.002,POST
399.276,1500,0.109008,118,0.003,POST
399.348,1501,0.109008,123,0.000,POST
399.476,1507,0.109008,125,0.002,POST
399.580,1500,0.109008,122,0.002,POST
399.712,1502,0.109008,125,0.004,POST
399.812,1499,0.109008,117,0.002,POST
399.912,1499,0.109008,123,0.003,POST
400.012,1502,0.109008,121,0.002,POST
400.112,1502,0.109008,123,0.002,POST
400.212,1502,0.109008,121,0.003,POST
400.312,1501,0.109008,119,0.001,POST
400.412,1501,0.109008,119,0.002,POST
400.512,1506,0.109008,121,0.002,POST
400.612,1504,0.109008,124,0.001,POST
400.748,1506,0.109008,122,0.002,POST
400.876,1512,0.109008,125,0.001,POST
400.948,1509,0.109008,116,0.003,POST
401.048,1511,0.109008,124,0.002,POST
401.148,1507,0.109008,123,0.001,POST
401.276,1506,0.109008,119,0.003,POST
401.380,1511,0.109008,120,0.002,POST
401.480,1509,0.109008,117,0.002,POST
401.612,1519,0.109008,113,0.002,POST
401.712,1510,0.109008,122,0.002,POST
401.812,1491,0.109008,118,0.004,POST
401.912,1491,0.109008,125,0.003,POST
402.016,1497,0.109008,119,0.000,POST
402.112,1496,0.109008,115,0.001,POST
402.244,1512,0.109008,120,0.002,POST
402.376,1495,0.109008,117,0.002,POST
402.476,1493,0.109008,122,0.001,POST
402.580,1492,0.109008,114,0.002,POST
402.680,1493,0.109008,116,0.002,POST
402.812,1498,0.109008,111,0.003,POST
402.912,1508,0.109008,121,0.001,POST
403.012,1496,0.109008,115,0.003,POST
403.112,1495,0.109008,121,0.002,POST
403.212,1498,0.109008,118,0.002,POST
403.312,1499,0.109008,116,0.003,POST
403.412,1503,0.109008,117,0.001,POST
403.512,1505,0.109008,117,0.004,POST
403.648,1505,0.109008,121,0.003,POST
403.776,1507,0.109008,123,0.004,POST
403.876,1505,0.109008,118,0.003,POST
403.976,1530,0.109008,126,0.004,POST
404.048,1504,0.109008,119,0.001,POST
404.176,1513,0.109008,120,0.002,POST
404.276,1509,0.109008,118,0.005,POST
404.376,1509,0.109008,126,0.002,POST
404.476,1525,0.109008,122,0.003,POST
404.576,1513,0.109008,120,0.002,POST
404.676,1505,0.109008,121,0.002,POST
404.776,1507,0.109008,117,0.002,POST
404.876,1505,0.109008,120,0.001,POST
404.976,1507,0.109008,123,0.003,POST
405.076,1510,0.109008,123,0.003,POST
405.176,1505,0.109008,122,0.003,POST
405.276,1501,0.109008,122,0.003,POST
405.380,1497,0.109008,119,0.002,POST
405.512,1517,0.109008,116,0.003,POST
405.612,1499,0.109008,124,0.001,POST
405.712,1500,0.109008,117,0.002,POST
405.812,1501,0.109008,124,0.001,POST
405.912,1514,0.109008,114,0.002,POST
406.012,1500,0.109008,118,0.002,POST
406.112,1505,0.109008,116,0.003,POST
406.212,1500,0.109008,120,0.003,POST
406.316,1503,0.109008,120,0.002,POST
406.444,1505,0.109008,117,0.002,POST
406.576,1504,0.109008,119,0.004,POST
406.680,1508,0.109008,123,0.001,POST
406.812,1503,0.109008,124,0.001,POST
406.916,1504,0.109008,121,0.002,POST
407.012,1504,0.109008,113,0.003,POST
407.112,1505,0.109008,120,0.002,POST
407.216,1506,0.109008,111,0.002,POST
407.312,1510,0.109008,121,0.002,POST
407.412,1507,0.109008,118,0.002,POST
407.516,1509,0.109008,118,0.001,POST
407.616,1511,0.109008,118,0.002,POST
407.712,1517,0.109008,115,0.001,POST
407.844,1511,0.109008,111,0.004,POST
407.976,1511,0.109008,120,0.002,POST
408.076,1504,0.109008,117,0.002,POST
408.176,1511,0.109008,118,0.002,POST
408.276,1500,0.109008,117,0.002,POST
408.380,1506,0.109008,117,0.003,POST
408.512,1508,0.109008,115,0.001,POST
408.612,1506,0.109008,122,0.002,POST
408.712,1504,0.109008,113,0.000,POST
408.812,1503,0.109008,119,0.001,POST
408.916,1501,0.109008,115,0.004,POST
409.044,1505,0.109008,122,0.002,POST
409.116,1510,0.109008,112,0.002,POST
409.216,1509,0.109008,124,0.002,POST
409.312,1502,0.109008,114,0.004,POST
409.416,1507,0.109008,122,0.003,POST
409.512,1507,0.109008,113,0.001,POST
409.616,1508,0.109008,120,0.001,POST
409.712,1511,0.109008,111,0.002,POST
409.812,1513,0.109008,118,0.002,POST
409.912,1511,0.109008,121,0.002,POST
410.016,1517,0.109008,119,0.003,POST
410.112,1519,0.109008,116,0.003,POST
410.212,1520,0.109008,117,0.002,POST
410.312,1521,0.109008,119,0.004,POST
410.412,1519,0.109008,119,0.001,POST
410.512,1497,0.109008,118,0.002,POST
410.648,1495,0.109008,119,0.003,POST
410.776,1498,0.109008,119,0.002,POST
410.848,1496,0.109008,122,0.004,POST
410.976,1506,0.109008,118,0.001,POST
411.048,1499,0.109008,112,0.002,POST
411.176,1507,0.109008,124,0.002,POST
411.276,1511,0.109008,117,0.001,POST
411.348,1502,0.109008,120,0.001,POST
411.476,1499,0.109008,118,0.003,POST
411.576,1502,0.109008,118,0.003,POST
411.676,1503,0.109008,116,0.004,POST
411.776,1506,0.109008,124,0.003,POST
411.848,1499,0.109008,112,0.002,POST
411.976,1500,0.109008,121,0.001,POST
412.048,1496,0.109008,115,0.002,POST
412.180,1503,0.109008,123,0.003,POST
412.316,1497,0.109008,118,0.002,POST
412.412,1495,0.109008,119,0.002,POST
412.512,1497,0.109008,115,0.000,POST
412.612,1499,0.109008,120,0.004,POST
412.712,1500,0.109008,122,0.004,POST
412.812,1503,0.109008,122,0.002,POST
412.916,1501,0.109008,117,0.002,POST
413.016,1553,0.128491,120,0.003,POST
413.112,1526,0.104291,110,0.003,POST
413.216,1531,0.124056,125,0.002,POST
413.312,1521,0.121145,113,0.002,POST
413.412,1541,0.109448,124,0.002,POST
413.512,1517,0.105133,116,0.004,POST
413.612,1519,0.103189,124,0.001,POST
413.712,1518,0.099369,117,0.001,POST
413.844,1518,0.098805,119,0.002,POST
413.976,1529,0.107149,118,0.003,POST
414.076,1524,0.106942,114,0.002,POST
414.176,1520,0.110649,120,0.002,POST
414.248,1533,0.115311,113,0.004,POST
414.376,1522,0.113751,119,0.003,POST
414.480,1521,0.110001,115,0.001,POST
414.576,1520,0.11253,116,0.000,POST
414.676,1520,0.109488,124,0.002,POST
414.776,1520,0.106903,110,0.002,POST
414.876,1521,0.107412,120,0.002,POST
414.976,1524,0.110199,117,0.004,POST
415.076,1529,0.114814,126,0.004,POST
415.176,1527,0.110924,108,0.001,POST
415.276,1520,0.110545,122,0.002,POST
415.376,1516,0.110463,112,0.002,POST
415.476,1515,0.11006,126,0.002,POST
415.580,1518,0.105966,117,0.001,POST
415.716,1516,0.102769,119,0.001,POST
415.812,1511,0.100621,120,0.002,POST
415.912,1513,0.099138,121,0.003,POST
416.016,1518,0.101627,119,0.004,POST
416.112,1526,0.105809,125,0.004,POST
416.244,1544,0.105971,121,0.003,POST
416.376,1531,0.103595,127,0.002,POST
416.476,1521,0.097653,125,0.002,POST
416.580,1514,0.093393,118,0.005,POST
416.712,1521,0.094626,131,0.002,POST
416.812,1516,0.096716,122,0.003,POST
416.912,1517,0.09831,129,0.002,POST
417.016,1515,0.098244,113,0.002,POST
417.144,1515,0.099525,130,0.003,POST
417.216,1520,0.09966,116,0.003,POST
417.344,1529,0.10037,130,0.004,POST
417.476,1527,0.096564,115,0.005,POST
417.576,1520,0.094793,130,0.002,POST
417.676,1520,0.097775,126,0.002,POST
417.776,1521,0.101351,126,0.002,POST
417.880,1522,0.102095,118,0.001,POST
417.980,1522,0.100022,125,0.001,POST
418.080,1519,0.099152,117,0.002,POST
418.212,1527,0.099024,128,0.002,POST
418.312,1524,0.09747,123,0.001,POST
418.412,1522,0.096329,118,0.003,POST
418.512,1543,0.095683,117,0.002,POST
418.612,1524,0.096897,122,0.003,POST
418.712,1526,0.096891,119,0.003,POST
418.812,1524,0.096114,119,0.003,POST
418.912,1522,0.09611,120,0.002,POST
419.012,1937,0.094521,124,0.003,POST
419.112,1578,0.095889,113,0.001,POST
419.216,1564,0.096334,122,0.004,POST
419.312,1606,0.098593,108,0.002,POST
419.412,1564,0.098466,125,0.002,POST
419.512,1587,0.097707,111,0.002,POST
419.612,1566,0.096304,120,0.002,POST
419.712,1561,0.095571,105,0.004,POST
419.812,1564,0.097162,124,0.004,POST
419.912,1538,0.099482,109,0.002,POST
420.012,1538,0.100671,127,0.002,POST
420.144,1544,0.100905,107,0.003,POST
420.248,1582,0.10012,120,0.004,POST
420.376,1573,0.101352,108,0.004,POST
420.476,1616,0.101742,121,0.002,POST
420.576,1627,0.102936,111,0.001,POST
420.680,1551,0.103935,125,0.002,POST
420.812,1577,0.104911,112,0.001,POST
420.912,1554,0.104666,125,0.002,POST
421.012,1562,0.105181,118,0.002,POST
421.112,1540,0.10544,122,0.002,POST
421.212,1575,0.105292,118,0.002,POST
421.316,1563,0.106208,123,0.001,POST
421.412,1566,0.107689,114,0.000,POST
421.512,1534,0.107647,127,0.001,POST
421.612,1550,0.108522,119,0.001,POST
421.712,1543,0.108832,113,0.002,POST
421.812,1552,0.109941,118,0.001,POST
421.912,1570,0.110773,124,0.001,POST
422.012,1541,0.110143,116,0.002,POST
422.116,1563,0.108886,117,0.002,POST
422.212,1539,0.107959,122,0.003,POST
422.312,1536,0.107367,116,0.002,POST
422.444,1540,0.107732,126,0.001,POST
422.576,1532,0.108498,120,0.001,POST
422.676,1549,0.107217,122,0.002,POST
422.776,1584,0.106753,116,0.002,POST
422.876,1543,0.107679,123,0.001,POST
422.948,1543,0.10923,116,0.002,POST
423.048,1566,0.109513,119,0.001,POST
423.176,1542,0.10924,120,0.001,POST
423.248,1546,0.108508,115,0.004,POST
423.376,1590,0.108566,115,0.004,POST
423.476,1568,0.108798,125,0.001,POST
423.576,1542,0.107225,115,0.002,POST
423.676,1533,0.105786,120,0.003,POST
423.776,1597,0.106504,118,0.003,POST
423.876,1619,0.107054,122,0.002,POST
423.976,1550,0.106479,120,0.001,POST
424.076,1561,0.105304,114,0.002,POST
424.176,1545,0.105411,119,0.002,POST
424.276,1545,0.105059,120,0.002,POST
424.380,1549,0.105412,118,0.002,POST
424.512,1579,0.107084,114,0.002,POST
424.612,1545,0.107697,113,0.001,POST
424.712,1560,0.107814,121,0.002,POST
424.848,1552,0.10871,111,0.004,POST
424.976,1680,0.108713,121,0.001,POST
425.076,1598,0.108414,115,0.003,POST
425.148,1638,0.108145,128,0.002,POST
425.248,1724,0.108023,113,0.002,POST
425.380,1557,0.108444,130,0.006,POST
425.512,1597,0.109599,109,0.003,POST
425.612,1561,0.109993,125,0.002,POST
425.712,1557,0.110086,111,0.003,POST
425.812,1653,0.109847,120,0.003,POST
425.948,1603,0.109863,116,0.002,POST
426.076,1634,0.110778,120,0.003,POST
426.176,1582,0.110682,121,0.003,POST
426.248,1606,0.110655,116,0.003,POST
426.348,1568,0.110952,127,0.001,POST
426.448,1544,0.110248,120,0.004,POST
426.576,1667,0.110083,118,0.005,POST
426.676,1628,0.10973,122,0.003,POST
426.776,1625,0.109389,121,0.004,POST
426.876,1568,0.109663,125,0.000,POST
426.976,1567,0.108733,121,0.002,POST
427.076,1565,0.108624,119,0.000,POST
427.176,1554,0.10991,120,0.002,POST
427.276,1613,0.109865,122,0.004,POST
427.376,1675,0.108686,118,0.003,POST
427.476,1791,0.108502,123,0.002,POST
427.576,1578,0.10922,118,0.002,POST
427.676,1556,0.110168,126,0.003,POST
427.776,1547,0.110608,115,0.002,POST
427.876,1542,0.110165,123,0.002,POST
427.980,1543,0.109929,115,0.002,POST
428.116,1632,0.110001,119,0.002,POST
428.212,1634,0.110588,122,0.001,POST
428.312,1739,0.110653,123,0.001,POST
428.412,1544,0.1103,120,0.001,POST
428.512,1838,0.110263,119,0.002,POST
428.612,1586,0.109285,120,0.004,POST
428.716,1614,0.107368,118,0.001,POST
428.812,1544,0.106985,128,0.001,POST
428.912,1574,0.105944,120,0.002,POST
429.012,1579,0.105944,119,0.002,POST
429.112,1570,0.105944,124,0.002,POST
429.212,1576,0.105944,118,0.001,POST
429.312,1589,0.105944,125,0.001,POST
429.412,1605,0.105944,116,0.001,POST
429.512,1680,0.105944,120,0.003,POST
429.644,2009,0.105944,116,0.003,POST
