t,cost,bas,track,vel,phase
10.452,3628,0.377165,137,0.001,GROUND
10.580,210.4,0.37656,101,0.001,GROUND
10.680,226.5,0.378555,138,0.002,GROUND
10.752,192.7,0.377522,129,0.001,GROUND
10.880,179.4,0.377975,142,0.004,GROUND
10.980,210.5,0.378615,138,0.002,GROUND
11.080,592.6,0.376443,137,0.001,GROUND
11.180,187.9,0.376456,137,0.002,GROUND
11.280,199.9,0.378273,136,0.002,GROUND
11.380,226.3,0.379527,138,0.002,GROUND
11.480,403.2,0.377385,139,0.001,GROUND
11.580,237.6,0.377288,137,0.002,GROUND
11.684,422.9,0.377524,140,0.003,GROUND
11.816,3164,0.377804,139,0.002,GROUND
11.916,480.9,0.376354,140,0.003,GROUND
12.016,194.8,0.376354,135,0.005,GROUND
12.116,223.3,0.376826,135,0.005,GROUND
12.216,180.1,0.378152,133,0.003,GROUND
12.316,163.6,0.379103,141,0.005,GROUND
12.416,145.9,0.377751,131,0.004,GROUND
12.516,142.6,0.377608,134,0.003,GROUND
12.616,139.6,0.377721,137,0.002,GROUND
12.720,139,0.377721,137,0.006,GROUND
12.848,149.5,0.37977,136,0.001,GROUND
12.980,134.3,0.380373,133,0.002,GROUND
13.080,127.9,0.380229,134,0.006,GROUND
13.180,136.2,0.379994,133,0.004,GROUND
13.280,132.6,0.379614,136,0.006,GROUND
13.380,135.9,0.380718,135,0.005,GROUND
13.480,134.6,0.380401,139,0.004,GROUND
13.580,137.6,0.381531,139,0.001,GROUND
13.680,133.4,0.381259,135,0.004,GROUND
13.780,134.8,0.381224,140,0.004,GROUND
13.852,132.7,0.381286,135,0.005,GROUND
13.980,135.6,0.382067,136,0.003,GROUND
14.080,132.8,0.382099,138,0.003,GROUND
14.180,135.2,0.381736,132,0.003,GROUND
14.280,134.1,0.381842,136,0.001,GROUND
14.380,132.5,0.382269,140,0.002,GROUND
14.480,133.6,0.382063,141,0.002,GROUND
14.580,136.2,0.382399,138,0.003,GROUND
14.680,174.3,0.382356,137,0.003,GROUND
14.784,134.9,0.383328,136,0.004,GROUND
14.884,135.6,0.383729,135,0.003,GROUND
14.984,135.1,0.38365,141,0.005,GROUND
15.084,138.6,0.382759,133,0.004,GROUND
15.184,136.9,0.383181,134,0.003,GROUND
15.256,134.2,0.383483,137,0.002,GROUND
15.384,139.3,0.383972,138,0.003,GROUND
15.456,136.9,0.383568,137,0.001,GROUND
15.584,136.8,0.384221,138,0.003,GROUND
15.684,137.2,0.385236,142,0.001,GROUND
15.784,135.6,0.38615,136,0.005,GROUND
15.884,137.7,0.387022,133,0.004,GROUND
15.984,137.3,0.388706,132,0.002,GROUND
16.084,138.3,0.389879,142,0.006,GROUND
16.184,143.6,0.392063,136,0.003,GROUND
16.284,138.9,0.393364,132,0.001,GROUND
16.384,139.2,0.395198,137,0.002,GROUND
16.456,137.6,0.397895,137,0.006,GROUND
16.584,139.6,0.400196,140,0.006,GROUND
16.684,142.7,0.402408,139,0.001,GROUND
16.784,141.1,0.405358,139,0.005,GROUND
16.884,148.7,0.41063,133,0.001,GROUND
16.984,144.3,0.415213,133,0.004,GROUND
17.084,145,0.419141,136,0.004,GROUND
17.184,142.3,0.42313,140,0.002,GROUND
17.288,142.5,0.428058,131,0.004,GROUND
17.388,143.1,0.433957,138,0.003,GROUND
17.520,541.1,0.437767,135,0.004,GROUND
17.620,155.5,0.438691,141,0.002,GROUND
17.720,144.9,0.44097,138,0.003,GROUND
17.820,145.2,0.442907,142,0.001,GROUND
17.920,146,0.443343,139,0.002,GROUND
18.024,142.8,0.443568,140,0.002,GROUND
18.120,146,0.443277,134,0.003,GROUND
18.224,145.9,0.44455,143,0.002,GROUND
18.320,145.6,0.44672,144,0.003,GROUND
18.420,147.3,0.448349,134,0.003,GROUND
18.520,147.6,0.4523,142,0.005,GROUND
18.620,148.7,0.46093,136,0.003,GROUND
18.752,169.3,0.470274,137,0.002,GROUND
18.884,168.4,0.48023,139,0.002,GROUND
18.984,158.1,0.488273,137,0.002,GROUND
19.088,150.7,0.495727,141,0.003,GROUND
19.220,164.1,0.498252,137,0.002,GROUND
19.320,184.7,0.504398,138,0.003,GROUND
19.420,196.8,0.514715,137,0.002,GROUND
19.520,176.7,0.517602,138,0.002,GROUND
19.620,155.9,0.517794,136,0.003,GROUND
19.720,205,0.518519,136,0.003,GROUND
19.820,217.7,0.519855,138,0.004,GROUND
19.920,158.9,0.52119,139,0.006,GROUND
20.020,160.9,0.522911,137,0.004,GROUND
20.120,151.9,0.532653,141,0.003,GROUND
20.220,147.6,0.5432,142,0.008,GROUND
20.356,152,0.5432,140,0.005,GROUND
20.484,136.4,0.5432,135,0.002,GROUND
20.584,132.5,0.5432,139,0.003,GROUND
20.684,134.3,0.5432,137,0.001,GROUND
20.784,133.5,0.5432,136,0.002,GROUND
20.856,131.7,0.5432,138,0.003,GROUND
20.984,130.7,0.5432,135,0.004,GROUND
21.084,129.6,0.5432,136,0.005,GROUND
21.184,133.9,0.5432,137,0.001,GROUND
21.284,133.9,0.5432,138,0.001,GROUND
21.356,133.3,0.5432,135,0.003,GROUND
21.468,133,0.5432,132,0.002,GROUND
21.584,133.6,0.5432,139,0.004,GROUND
21.660,136.9,0.5432,138,0.001,GROUND
21.784,140.4,0.5432,135,0.002,GROUND
21.856,131.7,0.5432,135,0.005,GROUND
21.984,134.9,0.5432,134,0.005,GROUND
22.084,136.5,0.5432,140,0.002,GROUND
22.156,135.2,0.5432,139,0.001,GROUND
22.264,139.7,0.5432,143,0.002,GROUND
22.388,138.1,0.5432,137,0.002,GROUND
22.520,134,0.5432,142,0.003,GROUND
22.620,132.5,0.5432,135,0.006,GROUND
22.720,135.5,0.5432,136,0.001,GROUND
22.820,134.5,0.5432,141,0.003,GROUND
22.924,137.2,0.5432,137,0.002,GROUND
23.020,137.7,0.5432,141,0.004,GROUND
23.120,136.7,0.5432,140,0.001,GROUND
23.220,134.5,0.5432,131,0.003,GROUND
23.320,135.1,0.5432,138,0.002,GROUND
23.420,137.8,0.5432,140,0.002,GROUND
23.520,140.3,0.5432,138,0.001,GROUND
23.620,140.8,0.5432,137,0.003,GROUND
23.720,136.8,0.5432,137,0.002,GROUND
23.820,134.4,0.5432,137,0.001,GROUND
23.924,134.8,0.5432,140,0.002,GROUND
24.020,134.2,0.5432,142,0.003,GROUND
24.120,135.8,0.5432,142,0.002,GROUND
24.220,139.6,0.5432,139,0.002,GROUND
24.320,136.4,0.5432,140,0.002,GROUND
24.420,134.9,0.5432,140,0.003,GROUND
24.520,135.7,0.5432,138,0.002,GROUND
24.620,166.2,0.507943,137,0.006,GROUND
24.724,162,0.575948,141,0.005,GROUND
24.820,156.1,0.556535,137,0.005,GROUND
24.920,153.5,0.546578,140,0.003,GROUND
25.020,157.1,0.55674,143,0.002,GROUND
25.120,151.9,0.54452,142,0.002,GROUND
25.224,151.4,0.555297,142,0.003,GROUND
25.320,152.3,0.545079,137,0.004,GROUND
25.420,152.4,0.549944,136,0.001,GROUND
25.520,151.5,0.545456,133,0.003,GROUND
25.620,153.2,0.541875,134,0.002,GROUND
25.720,155.3,0.538319,139,0.003,GROUND
25.820,155.8,0.539808,138,0.005,GROUND
25.920,154,0.542608,136,0.001,GROUND
26.024,153.5,0.540351,139,0.001,GROUND
26.124,154.8,0.53802,141,0.002,GROUND
26.220,157.5,0.536848,132,0.005,GROUND
26.320,156.2,0.53922,135,0.006,GROUND
26.420,157.9,0.545299,138,0.001,GROUND
26.520,152.7,0.545729,141,0.003,GROUND
26.620,154.1,0.541752,139,0.003,GROUND
26.720,154.3,0.5442,137,0.002,GROUND
26.820,154.3,0.545951,138,0.001,GROUND
26.920,156.1,0.547916,143,0.007,GROUND
26.992,155.7,0.547995,137,0.005,GROUND
27.096,156.8,0.545288,138,0.003,GROUND
27.192,153.5,0.543681,139,0.001,GROUND
27.292,157.2,0.541729,140,0.001,GROUND
27.396,152.6,0.539593,141,0.001,GROUND
27.528,158,0.540241,138,0.006,GROUND
27.624,158.4,0.536497,138,0.004,GROUND
27.724,155.8,0.532546,140,0.003,GROUND
27.824,155.6,0.533633,134,0.003,GROUND
27.928,156.6,0.533093,137,0.003,GROUND
28.068,156.5,0.533211,139,0.003,GROUND
28.192,157.6,0.53011,132,0.004,GROUND
28.292,154.5,0.529915,138,0.001,GROUND
28.396,152,0.529848,141,0.005,GROUND
28.528,155.6,0.525576,138,0.004,GROUND
28.624,157.2,0.525235,140,0.002,GROUND
28.724,155.9,0.524025,140,0.005,GROUND
28.832,154.3,0.524605,141,0.002,GROUND
28.932,154.7,0.524844,139,0.003,GROUND
29.032,154.4,0.524892,139,0.005,GROUND
29.132,154.7,0.52142,137,0.001,GROUND
29.232,157.1,0.521071,137,0.002,GROUND
29.332,155.3,0.521728,139,0.002,GROUND
29.432,153.1,0.521842,134,0.005,GROUND
29.532,157.9,0.522365,139,0.001,GROUND
29.632,154.2,0.521571,136,0.003,GROUND
29.732,158.4,0.521773,140,0.001,GROUND
29.832,154.9,0.521229,137,0.003,GROUND
29.932,153.9,0.519321,142,0.001,GROUND
30.032,155.3,0.51907,139,0.005,GROUND
30.144,158.2,0.517929,136,0.003,GROUND
30.268,156.9,0.518311,141,0.004,GROUND
30.372,155.7,0.515824,134,0.003,GROUND
30.468,159.9,0.514977,132,0.003,GROUND
30.576,153.5,0.51489,138,0.002,GROUND
30.668,153.7,0.514262,130,0.005,GROUND
30.768,154.6,0.514506,140,0.004,GROUND
30.868,158.9,0.514866,135,0.004,GROUND
30.952,153.2,0.515315,137,0.003,GROUND
31.044,150.3,0.513584,142,0.003,GROUND
31.148,151.8,0.512937,143,0.003,GROUND
31.256,153.2,0.513554,135,0.004,GROUND
31.352,153.1,0.51277,137,0.001,GROUND
31.444,152.9,0.511212,138,0.003,GROUND
31.552,151.2,0.51222,139,0.002,GROUND
31.652,150.2,0.51082,138,0.006,GROUND
31.748,157.7,0.509056,138,0.004,GROUND
31.848,156.8,0.509427,141,0.001,GROUND
31.968,156.4,0.508959,131,0.003,GROUND
32.040,256.5,0.508392,140,0.005,GROUND
32.156,184.1,0.510821,111,0.003,GROUND
32.268,172.2,0.512818,135,0.002,GROUND
32.340,160.2,0.513904,135,0.002,GROUND
32.456,250.8,0.516742,138,0.003,GROUND
32.568,172.1,0.518876,136,0.005,GROUND
32.668,186.2,0.520282,138,0.003,GROUND
32.768,179.5,0.524561,132,0.004,GROUND
32.840,173.5,0.527852,143,0.003,GROUND
32.940,182.8,0.528355,136,0.005,GROUND
33.036,258.3,0.529361,138,0.006,GROUND
33.136,203.6,0.544433,135,0.004,GROUND
33.272,193.1,0.560909,132,0.004,GROUND
33.368,176.1,0.572078,137,0.004,GROUND
33.468,192.4,0.586597,139,0.005,GROUND
33.568,192,0.600623,143,0.002,GROUND
33.672,229.5,0.614439,141,0.002,GROUND
33.804,190.6,0.63989,137,0.003,GROUND
33.936,221,0.660226,136,0.003,GROUND
34.068,253.6,0.703721,139,0.004,GROUND
34.176,292.1,0.787701,135,0.005,GROUND
34.292,247.8,0.847845,141,0.002,GROUND
34.404,191.1,0.890031,144,0.005,GROUND
34.504,222.6,0.947331,141,0.004,GROUND
34.604,273.7,1.00078,139,0.002,GROUND
34.736,308.9,1.04878,138,0.004,GROUND
34.840,280,1.1157,137,0.006,GROUND
34.940,240.2,1.18128,138,0.004,GROUND
35.040,218,1.2266,133,0.004,GROUND
35.144,243.4,1.2602,131,0.002,GROUND
35.240,245,1.28214,136,0.005,GROUND
35.340,220.7,1.31116,138,0.004,GROUND
35.440,201.1,1.3359,138,0.004,GROUND
35.540,277,1.35484,135,0.005,GROUND
35.640,241.1,1.38388,141,0.006,GROUND
35.740,259.3,1.39817,139,0.005,GROUND
35.840,251.3,1.41915,140,0.005,GROUND
35.940,264.5,1.44113,139,0.007,GROUND
36.052,260.6,1.45649,140,0.006,GROUND
36.144,205.5,1.47296,139,0.005,GROUND
36.260,272.4,1.48114,141,0.009,GROUND
36.348,255.6,1.49858,138,0.010,GROUND
36.444,236.4,1.5156,137,0.005,GROUND
36.548,253,1.53068,141,0.004,GROUND
36.652,274.6,1.55258,135,0.005,GROUND
36.756,329.3,1.57913,135,0.007,GROUND
36.844,215.3,1.61561,136,0.014,GROUND
36.948,244.9,1.65091,142,0.007,GROUND
37.060,275,1.69009,142,0.012,GROUND
37.152,266.8,1.73526,135,0.015,GROUND
37.256,274.9,1.78732,139,0.020,GROUND
37.360,289.7,1.84191,135,0.022,GROUND
37.444,275.8,1.8936,141,0.012,GROUND
37.552,332.2,1.94558,140,0.011,GROUND
37.660,341.2,1.9867,136,0.015,GROUND
37.748,308.7,2.01989,136,0.015,GROUND
37.856,364.5,2.06925,140,0.010,GROUND
37.964,363,2.11879,133,0.012,GROUND
38.044,306.8,2.12425,139,0.024,GROUND
38.160,316.1,2.15598,140,0.017,GROUND
38.244,309.8,2.17209,133,0.016,GROUND
38.352,336.7,2.1971,139,0.013,GROUND
38.452,363.4,2.22483,136,0.015,GROUND
38.544,345,2.23626,138,0.018,GROUND
38.664,363,2.26056,138,0.012,GROUND
38.752,337.3,2.28121,140,0.020,GROUND
38.848,320.6,2.30669,137,0.014,GROUND
38.944,351.1,2.33367,140,0.010,GROUND
39.056,416.8,2.3524,137,0.014,GROUND
39.160,377.5,2.36954,135,0.013,GROUND
39.244,337.6,2.37684,136,0.023,GROUND
39.344,345.4,2.39594,134,0.011,GROUND
39.456,394.8,2.40642,137,0.010,GROUND
39.564,373,2.42653,142,0.011,GROUND
39.648,359.4,2.43311,139,0.013,GROUND
39.756,388.2,2.45031,140,0.009,GROUND
39.860,412.9,2.44894,140,0.022,GROUND
39.956,361.8,2.45357,136,0.023,GROUND
40.044,368.5,2.46533,140,0.018,GROUND
40.124,338.9,2.47336,141,0.022,GROUND
40.228,364.1,2.48453,135,0.019,GROUND
40.324,384.3,2.49474,139,0.012,GROUND
40.424,399.1,2.49517,139,0.012,GROUND
40.524,423.6,2.49568,135,0.018,GROUND
40.656,441,2.50729,140,0.015,GROUND
41.932,623.4,0.287902,137,0.001,GROUND
42.036,242.6,0.28769,111,0.002,GROUND
42.168,525.4,0.283102,132,0.006,GROUND
42.308,1055,0.274762,132,0.001,GROUND
42.432,211.9,0.271349,135,0.005,GROUND
42.532,190.2,0.267557,136,0.003,GROUND
42.636,238.3,0.26261,132,0.005,GROUND
42.732,220.4,0.256601,137,0.008,GROUND
42.832,168.4,0.252687,138,0.005,GROUND
42.932,204.3,0.24788,139,0.006,GROUND
43.032,221.7,0.241574,135,0.006,GROUND
43.104,217.2,0.244101,135,0.027,GROUND
43.236,287.2,0.231768,135,0.016,GROUND
43.336,216.8,0.232182,134,0.023,GROUND
43.468,290.7,0.230839,139,0.017,GROUND
43.568,244.9,0.240772,139,0.035,GROUND
43.668,288.2,0.250978,137,0.044,GROUND
43.772,326.8,0.260252,139,0.054,GROUND
43.868,314.1,0.264234,139,0.069,GROUND
43.972,373.2,0.265676,137,0.080,GROUND
44.068,399.8,0.269376,133,0.098,GROUND
44.168,448.1,0.2699,129,0.089,GROUND
44.268,452.4,0.283611,137,0.079,GROUND
44.416,435.7,0.300459,133,0.062,GROUND
44.532,363.7,0.326725,139,0.087,GROUND
44.632,395.2,0.353016,135,0.106,GROUND
44.708,412,0.378597,142,0.133,GROUND
44.804,435.4,0.405453,135,0.109,GROUND
44.932,525.7,0.447663,137,0.095,GROUND
45.032,486.8,0.49275,144,0.124,GROUND
45.132,456.9,0.541564,139,0.120,GROUND
45.204,532.4,0.581157,139,0.164,GROUND
45.312,557.4,0.640822,139,0.104,GROUND
45.432,595.3,0.721604,136,0.103,GROUND
45.508,474.9,0.779358,139,0.174,GROUND
45.616,835.5,0.873806,137,0.051,GROUND
45.736,1093,1.06,131,0.024,GROUND
45.868,623.8,1.38401,106,0.022,GROUND
45.968,638.4,1.83994,130,0.023,GROUND
46.068,604.5,2.28156,135,0.022,GROUND
46.168,604.5,2.58182,133,0.028,GROUND
47.368,1032,0.029263,135,0.001,GROUND
47.468,166.1,0.031329,96,0.002,GROUND
47.568,226.9,0.031149,134,0.003,GROUND
47.672,148.4,0.030614,130,0.002,GROUND
47.768,144,0.029122,136,0.001,GROUND
47.868,219.6,0.027166,134,0.005,GROUND
47.968,158.1,0.025024,139,0.002,GROUND
48.068,149.9,0.026393,135,0.006,GROUND
48.172,168.2,0.026799,136,0.002,GROUND
48.268,136.7,0.028405,138,0.003,GROUND
48.368,128.7,0.030446,130,0.003,GROUND
48.468,138.8,0.03218,133,0.005,GROUND
48.568,146.4,0.035185,135,0.004,GROUND
48.668,139.3,0.03772,136,0.009,GROUND
48.768,174.7,0.044309,134,0.007,GROUND
48.868,138,0.047309,134,0.007,GROUND
48.968,141.2,0.055932,142,0.008,GROUND
49.072,170.9,0.060843,139,0.012,GROUND
49.168,159.7,0.070471,139,0.013,GROUND
49.268,142.5,0.075806,141,0.014,GROUND
49.368,145.8,0.083472,137,0.020,GROUND
49.468,164.4,0.088303,136,0.025,GROUND
49.572,156.9,0.094245,142,0.028,GROUND
49.668,158.1,0.099172,143,0.031,GROUND
49.768,160,0.109704,142,0.034,GROUND
49.868,194.8,0.117462,139,0.035,GROUND
49.968,174.8,0.124166,137,0.034,GROUND
50.100,177.5,0.129108,133,0.027,GROUND
50.236,183.8,0.137995,137,0.033,GROUND
50.332,212.4,0.145097,134,0.040,GROUND
50.432,183.7,0.151374,141,0.041,GROUND
50.532,185.4,0.154964,140,0.045,GROUND
50.632,190.1,0.158172,135,0.043,GROUND
50.704,185.9,0.161975,139,0.058,GROUND
50.804,209.6,0.168349,134,0.049,GROUND
50.932,206.1,0.171378,139,0.043,GROUND
51.004,194,0.17438,138,0.061,GROUND
51.084,212.2,0.178661,139,0.059,GROUND
51.196,238.3,0.182031,140,0.049,GROUND
51.316,230.7,0.186981,139,0.050,GROUND
51.448,261.3,0.19667,133,0.045,GROUND
51.552,243.5,0.210931,130,0.060,GROUND
51.648,250.3,0.227035,140,0.068,GROUND
51.748,270.8,0.237341,135,0.071,GROUND
51.848,377.4,0.24118,141,0.034,GROUND
51.948,332,0.243982,133,0.028,GROUND
52.048,350.6,0.243636,136,0.029,GROUND
52.148,374.1,0.243267,138,0.028,GROUND
52.252,385.7,0.243656,140,0.029,GROUND
52.388,2481,0.243656,139,0.049,GROUND
52.488,666.3,0.222407,122,0.019,GROUND
52.592,465.4,0.179524,114,0.017,GROUND
52.684,441.6,0.143389,131,0.023,GROUND
52.784,468.2,0.111327,133,0.019,GROUND
52.888,473.7,0.085154,136,0.022,GROUND
52.984,476.5,0.078014,139,0.023,GROUND
53.084,488.3,0.073794,137,0.021,GROUND
53.188,505.7,0.082964,133,0.018,GROUND
53.284,501.1,0.088885,139,0.017,GROUND
53.392,507.4,0.096914,137,0.018,GROUND
53.484,507.1,0.109914,136,0.014,GROUND
53.596,524.6,0.125344,134,0.015,GROUND
53.684,517.6,0.142872,141,0.017,GROUND
53.792,559.3,0.159871,137,0.014,GROUND
53.884,529.3,0.178271,131,0.013,GROUND
53.984,538.6,0.198206,136,0.011,GROUND
54.084,542,0.218404,141,0.013,GROUND
54.184,536.9,0.234444,137,0.012,GROUND
54.284,540.3,0.248707,137,0.011,GROUND
54.404,549.2,0.264386,139,0.008,GROUND
54.484,537.6,0.275127,135,0.011,GROUND
54.592,547.6,0.285723,135,0.010,GROUND
54.696,549.3,0.294442,139,0.011,GROUND
54.784,560.3,0.303843,138,0.013,GROUND
54.892,587.9,0.317547,140,0.008,GROUND
54.984,577.3,0.327347,138,0.008,GROUND
55.084,576.9,0.336776,142,0.006,GROUND
55.188,585.6,0.344623,135,0.004,GROUND
55.284,578.7,0.350576,132,0.008,GROUND
55.388,586.5,0.356958,137,0.007,GROUND
55.504,590.8,0.362473,134,0.008,GROUND
55.584,596.4,0.367742,136,0.005,GROUND
55.684,580.6,0.370873,138,0.004,GROUND
55.796,581.1,0.373714,141,0.006,GROUND
55.884,591.4,0.377263,135,0.004,GROUND
55.984,595.9,0.381757,135,0.003,GROUND
56.092,597.2,0.388838,138,0.007,GROUND
56.192,598.2,0.394464,136,0.006,GROUND
56.292,608.2,0.399618,139,0.004,GROUND
56.400,616.4,0.40416,141,0.005,GROUND
56.496,637.4,0.406359,137,0.005,GROUND
56.604,613.7,0.406042,140,0.003,GROUND
56.708,616.3,0.407207,140,0.004,GROUND
56.796,626.5,0.411321,141,0.006,GROUND
56.900,638.3,0.419193,133,0.004,GROUND
57.032,629.7,0.425187,139,0.007,GROUND
57.160,632,0.426746,143,0.001,GROUND
57.292,641.3,0.429559,142,0.004,GROUND
57.392,650.4,0.433568,137,0.002,GROUND
57.496,655.1,0.436975,134,0.003,GROUND
57.632,663.7,0.44213,143,0.005,GROUND
57.760,661.4,0.448337,137,0.009,GROUND
57.860,671.3,0.44474,135,0.007,GROUND
57.960,669.8,0.440096,137,0.013,GROUND
58.060,680.2,0.442098,140,0.013,GROUND
58.160,690.4,0.445897,138,0.013,GROUND
58.292,705.2,0.451021,141,0.010,GROUND
58.404,681.2,0.450454,136,0.015,GROUND
58.528,698.9,0.45805,141,0.013,GROUND
58.632,693.1,0.463655,139,0.020,GROUND
58.728,696.8,0.470993,137,0.026,GROUND
58.828,714,0.48367,134,0.020,GROUND
58.904,700.7,0.484088,138,0.034,GROUND
59.004,706,0.491067,137,0.028,GROUND
59.128,711.3,0.499053,135,0.028,GROUND
59.232,717.5,0.512416,140,0.037,GROUND
59.332,726.4,0.519608,140,0.040,GROUND
59.464,746.1,0.533272,140,0.035,GROUND
59.564,738,0.535262,135,0.053,GROUND
59.664,744.3,0.534329,140,0.056,GROUND
59.764,750.4,0.538612,137,0.056,GROUND
59.864,772.9,0.539318,139,0.052,GROUND
59.964,771,0.534276,135,0.053,GROUND
60.064,768.5,0.528811,136,0.059,GROUND
60.164,778.6,0.527397,141,0.060,GROUND
60.264,813.5,0.533251,138,0.056,GROUND
60.364,794.8,0.541472,141,0.058,GROUND
60.468,800.8,0.535568,138,0.061,GROUND
60.564,813.3,0.529115,138,0.068,GROUND
60.664,844,0.530128,138,0.075,GROUND
60.768,846.9,0.541194,142,0.069,GROUND
60.864,840.9,0.542426,139,0.079,GROUND
60.968,854.5,0.550109,135,0.077,GROUND
61.064,859.6,0.547844,139,0.086,GROUND
61.136,843.8,0.519506,137,0.115,GROUND
61.236,876.5,0.537893,139,0.082,GROUND
61.336,875.7,0.545147,140,0.081,GROUND
61.440,883.5,0.558987,133,0.079,GROUND
61.536,883.4,0.556702,138,0.090,GROUND
61.668,926,0.577536,136,0.057,GROUND
61.768,901,0.558124,133,0.089,GROUND
61.868,924.5,0.560305,133,0.095,GROUND
62.008,960.8,0.586595,137,0.060,GROUND
62.140,955.8,0.590776,132,0.061,GROUND
62.268,966.6,0.587239,134,0.072,GROUND
62.400,780.9,0.587239,135,0.020,GROUND
62.500,412.7,0.587239,131,0.017,GROUND
62.600,403.5,0.587239,138,0.020,GROUND
62.700,422.7,0.587239,137,0.018,GROUND
62.772,370.6,0.587239,139,0.014,GROUND
62.868,389.2,0.587239,141,0.022,GROUND
62.968,421.2,0.587238,140,0.021,GROUND
63.100,514.5,0.587238,141,0.030,GROUND
63.204,437.6,0.587238,137,0.024,GROUND
63.300,420.1,0.587238,138,0.021,GROUND
63.400,419.6,0.587238,141,0.023,GROUND
63.504,410.2,0.587238,141,0.027,GROUND
63.620,457.4,0.587238,134,0.029,GROUND
63.736,476.1,0.587238,140,0.028,GROUND
63.868,518.7,0.587238,137,0.036,GROUND
63.968,479.3,0.587238,144,0.025,GROUND
64.072,452,0.587238,139,0.028,GROUND
64.176,437,0.587238,139,0.028,GROUND
64.284,476.6,0.587238,145,0.030,GROUND
64.372,423,0.587238,138,0.025,GROUND
64.496,492.9,0.587238,134,0.038,GROUND
64.572,429.7,0.587238,130,0.021,GROUND
64.644,365.5,0.587238,131,0.022,GROUND
64.744,424.2,0.587238,134,0.031,GROUND
64.844,476.6,0.587238,139,0.030,GROUND
64.948,474.6,0.587238,135,0.035,GROUND
65.028,411,0.587238,142,0.023,GROUND
65.136,437.5,0.587238,140,0.035,GROUND
65.264,517.7,0.587238,134,0.038,GROUND
65.364,478.9,0.587238,135,0.031,GROUND
65.464,428.9,0.587238,135,0.029,GROUND
65.564,448.7,0.587238,137,0.031,GROUND
65.664,451.8,0.587238,141,0.032,GROUND
65.764,441.4,0.587238,132,0.031,GROUND
65.864,431.8,0.587238,135,0.034,GROUND
65.964,430.8,0.587238,138,0.032,GROUND
66.064,456.6,0.587238,140,0.030,GROUND
66.164,438.8,0.587238,142,0.031,GROUND
66.280,458.5,0.587238,142,0.035,GROUND
66.384,445.4,0.587238,140,0.032,GROUND
66.488,456.7,0.587238,138,0.035,GROUND
66.580,417.7,0.587238,136,0.027,GROUND
66.680,430.2,0.587238,138,0.029,GROUND
66.788,437.8,0.587238,139,0.032,GROUND
66.876,417.1,0.587238,141,0.027,GROUND
66.952,395.6,0.587238,139,0.023,GROUND
67.056,400,0.587238,139,0.033,GROUND
67.152,457.6,0.587238,139,0.028,GROUND
67.252,422.8,0.587238,140,0.032,GROUND
67.352,458.1,0.587239,141,0.030,GROUND
67.452,427.7,0.587238,140,0.030,GROUND
67.552,437.3,0.587239,138,0.032,GROUND
67.652,438,0.587239,140,0.032,GROUND
67.752,438.6,0.587239,138,0.031,GROUND
67.852,445.6,0.587239,138,0.030,GROUND
67.956,445.2,0.587239,137,0.034,GROUND
68.056,439.5,0.587239,138,0.034,GROUND
68.188,509.9,0.587239,135,0.041,GROUND
68.292,498.7,0.587239,139,0.034,GROUND
68.404,460.6,0.587239,137,0.033,GROUND
68.520,476.1,0.587239,143,0.036,GROUND
68.592,392.5,0.587239,135,0.021,GROUND
68.704,456.3,0.587239,140,0.035,GROUND
68.820,474.3,0.587239,136,0.034,GROUND
68.920,441.9,0.587239,142,0.035,GROUND
69.028,447.6,0.587239,140,0.033,GROUND
69.104,405.4,0.587239,143,0.022,GROUND
69.200,421.6,0.587239,138,0.029,GROUND
69.308,441.5,0.587239,140,0.035,GROUND
69.400,421.9,0.587239,141,0.028,GROUND
69.504,414.8,0.587239,139,0.030,GROUND
69.600,439.6,0.587239,133,0.029,GROUND
69.708,441.6,0.587239,138,0.032,GROUND
69.800,432.3,0.587239,136,0.028,GROUND
69.912,440.4,0.587239,141,0.035,GROUND
70.028,459.6,0.587239,141,0.034,GROUND
70.100,396,0.587239,141,0.022,GROUND
70.212,432.5,0.587239,141,0.036,GROUND
70.332,498.9,0.587239,139,0.037,GROUND
70.464,529.8,0.587239,139,0.041,GROUND
70.568,451.8,0.587239,137,0.032,GROUND
70.664,413.8,0.587239,143,0.029,GROUND
70.764,445,0.587239,136,0.032,GROUND
70.864,432.4,0.587239,140,0.035,GROUND
70.936,384.4,0.587239,138,0.024,GROUND
71.040,412.6,0.587239,139,0.031,GROUND
71.168,494,0.587239,141,0.041,GROUND
71.268,464.2,0.587239,139,0.030,GROUND
71.368,428.6,0.587239,132,0.033,GROUND
71.472,451.9,0.587239,132,0.035,GROUND
71.572,440.3,0.587239,141,0.032,GROUND
71.668,417.9,0.587239,140,0.032,GROUND
71.804,506.4,0.58724,136,0.041,GROUND
71.936,509.8,0.58724,136,0.043,GROUND
72.068,508.2,0.58724,141,0.044,GROUND
72.172,455.1,0.58724,139,0.034,GROUND
72.300,502.6,0.58724,136,0.043,GROUND
72.404,457.6,0.58724,136,0.035,GROUND
72.536,491.7,0.58724,138,0.043,GROUND
72.668,530.3,0.58724,132,0.047,GROUND
72.768,471.1,0.58724,136,0.034,GROUND
72.900,484.9,0.58724,135,0.045,GROUND
73.000,488.5,0.58724,141,0.037,GROUND
73.104,439.1,0.58724,141,0.034,GROUND
73.200,428.7,0.58724,139,0.033,GROUND
73.300,409.7,0.58724,139,0.032,GROUND
73.400,472.6,0.58724,138,0.033,GROUND
73.472,379.2,0.58724,139,0.026,GROUND
73.572,409.1,0.58724,139,0.037,GROUND
73.704,483.2,0.58724,137,0.043,GROUND
73.836,551.6,0.58724,139,0.044,GROUND
73.968,518.8,0.58724,136,0.046,GROUND
74.068,457.3,0.58724,140,0.035,GROUND
74.200,492.9,0.58724,137,0.046,GROUND
74.300,456.9,0.58724,141,0.034,GROUND
74.416,464.9,0.58724,137,0.039,GROUND
74.536,518.8,0.58724,139,0.043,GROUND
74.668,533.5,0.58724,139,0.045,GROUND
74.768,434.4,0.587241,138,0.034,GROUND
74.868,506.8,0.58724,136,0.040,GROUND
74.940,380.3,0.58724,140,0.026,GROUND
75.012,374.9,0.58724,136,0.026,GROUND
75.144,469.7,0.58724,138,0.044,GROUND
75.244,433.8,0.58724,139,0.035,GROUND
75.344,422.3,0.58724,138,0.034,GROUND
75.444,408.7,0.58724,139,0.037,GROUND
75.544,434.7,0.58724,136,0.039,GROUND
75.644,422.8,0.58724,139,0.032,GROUND
75.744,411.1,0.58724,139,0.034,GROUND
75.844,404.8,0.58724,132,0.037,GROUND
75.944,421.6,0.58724,131,0.037,GROUND
76.044,438.7,0.58724,135,0.038,GROUND
76.144,419.8,0.58724,132,0.036,GROUND
76.284,487.7,0.58724,140,0.053,GROUND
76.384,449.7,0.58724,136,0.034,GROUND
76.480,415.4,0.58724,139,0.038,GROUND
76.588,457.4,0.58724,130,0.040,GROUND
76.680,407.7,0.58724,137,0.033,GROUND
76.788,433.2,0.58724,131,0.040,GROUND
76.880,422,0.58724,138,0.034,GROUND
77.012,478.5,0.58724,135,0.050,GROUND
77.112,443,0.58724,138,0.036,GROUND
77.244,486.9,0.58724,140,0.048,GROUND
77.344,457.3,0.58724,141,0.042,GROUND
77.444,430.1,0.58724,137,0.036,GROUND
77.544,414.6,0.58724,138,0.035,GROUND
77.644,422.1,0.58724,139,0.038,GROUND
77.748,440.8,0.58724,138,0.039,GROUND
77.844,399.9,0.58724,139,0.037,GROUND
77.944,445.8,0.58724,143,0.039,GROUND
78.044,430.7,0.58724,138,0.035,GROUND
78.144,406.6,0.58724,138,0.038,GROUND
78.288,517.7,0.58724,130,0.058,GROUND
78.412,490.4,0.58724,140,0.048,GROUND
78.548,515.2,0.58724,137,0.055,GROUND
78.644,442,0.58724,138,0.034,GROUND
78.744,420,0.58724,133,0.041,GROUND
78.844,425.8,0.58724,137,0.036,GROUND
78.944,429.2,0.58724,133,0.042,GROUND
79.044,426.4,0.58724,141,0.039,GROUND
79.152,445.4,0.58724,141,0.044,GROUND
79.252,431.4,0.58724,140,0.033,GROUND
79.352,423.3,0.58724,136,0.041,GROUND
79.456,443.7,0.58724,135,0.038,GROUND
79.552,412,0.58724,138,0.039,GROUND
79.652,424.8,0.58724,135,0.036,GROUND
79.752,421.5,0.587239,134,0.045,GROUND
79.852,424,0.587239,138,0.038,GROUND
79.952,439.9,0.587239,138,0.040,GROUND
80.052,428.9,0.587239,136,0.043,GROUND
80.156,427.8,0.587239,139,0.045,GROUND
80.300,545.9,0.587239,137,0.059,GROUND
80.392,430.9,0.587239,137,0.034,GROUND
80.504,439.7,0.587239,140,0.047,GROUND
80.588,403.1,0.587239,132,0.033,GROUND
80.704,439.3,0.587239,137,0.050,GROUND
80.796,424.7,0.587239,140,0.033,GROUND
80.896,430.6,0.587239,138,0.042,GROUND
80.992,415.5,0.587239,136,0.038,GROUND
81.072,383.4,0.587239,135,0.034,GROUND
81.172,413.7,0.587239,136,0.041,GROUND
81.272,433.2,0.587239,139,0.042,GROUND
81.376,432.6,0.587239,141,0.044,GROUND
81.472,430,0.587239,139,0.037,GROUND
81.572,408.1,0.587239,135,0.041,GROUND
81.672,439.7,0.587239,138,0.042,GROUND
81.772,425.4,0.587239,138,0.040,GROUND
81.872,430.4,0.587239,135,0.045,GROUND
81.976,438.4,0.587239,136,0.042,GROUND
82.072,414.8,0.587239,135,0.039,GROUND
82.172,428.2,0.587239,137,0.040,GROUND
82.244,387.6,0.587239,139,0.028,GROUND
82.376,449.2,0.587239,137,0.057,GROUND
82.476,461.2,0.587239,137,0.040,GROUND
82.608,501.8,0.587239,137,0.054,GROUND
82.708,429.7,0.587239,139,0.040,GROUND
82.780,409.9,0.587239,137,0.030,GROUND
82.880,420.4,0.587239,135,0.043,GROUND
82.976,437.3,0.587239,136,0.040,GROUND
83.108,517.9,0.587239,132,0.057,GROUND
83.180,404.2,0.587239,137,0.028,GROUND
83.316,488.9,0.587239,136,0.059,GROUND
83.416,464.1,0.587239,139,0.042,GROUND
83.544,475.6,0.587239,141,0.058,GROUND
83.676,546.1,0.587239,133,0.055,GROUND
83.776,438.2,0.587239,137,0.042,GROUND
83.908,500.4,0.587239,140,0.054,GROUND
84.008,463.2,0.587239,143,0.044,GROUND
84.108,434.8,0.587239,144,0.042,GROUND
84.212,435.1,0.587239,140,0.046,GROUND
84.344,487,0.587239,136,0.056,GROUND
84.444,458.2,0.587239,138,0.044,GROUND
84.544,429.3,0.587239,138,0.041,GROUND
84.644,413.2,0.587239,138,0.044,GROUND
84.776,502.4,0.587239,139,0.056,GROUND
84.876,425.7,0.587239,137,0.046,GROUND
84.980,403,0.587239,138,0.045,GROUND
85.076,398.6,0.587239,137,0.040,GROUND
85.208,435.8,0.587239,139,0.056,GROUND
85.316,427.6,0.587239,141,0.048,GROUND
85.444,434.5,0.587239,134,0.054,GROUND
85.544,410.7,0.587239,139,0.045,GROUND
85.644,391.3,0.587239,135,0.042,GROUND
85.776,449.4,0.587239,135,0.056,GROUND
85.876,410.5,0.587239,135,0.043,GROUND
85.980,399.2,0.587239,133,0.043,GROUND
86.112,480.2,0.587239,137,0.058,GROUND
86.212,414.7,0.587239,135,0.042,GROUND
86.344,463.3,0.587239,134,0.056,GROUND
86.444,405.7,0.587239,131,0.044,GROUND
86.544,413.9,0.587239,134,0.043,GROUND
86.676,436.6,0.587239,134,0.058,GROUND
86.776,413,0.587239,135,0.042,GROUND
86.908,445,0.587239,141,0.056,GROUND
87.024,443.6,0.587238,138,0.049,GROUND
87.144,414.9,0.587238,138,0.050,GROUND
87.244,400,0.587238,136,0.039,GROUND
87.344,382.9,0.587238,131,0.044,GROUND
87.444,388.7,0.587238,134,0.042,GROUND
87.544,396.8,0.587238,134,0.043,GROUND
87.644,395.7,0.587238,134,0.042,GROUND
87.744,391.2,0.587238,138,0.044,GROUND
87.848,402.5,0.587238,134,0.043,GROUND
87.944,391,0.587238,138,0.041,GROUND
88.048,398.9,0.587238,134,0.044,GROUND
88.144,379.4,0.587238,137,0.044,GROUND
88.244,385.1,0.587238,137,0.041,GROUND
88.344,388.2,0.587238,141,0.048,GROUND
88.444,403.5,0.587238,139,0.043,GROUND
88.544,383.6,0.587238,130,0.042,GROUND
88.644,392.5,0.587238,133,0.043,GROUND
88.744,383.8,0.587238,137,0.045,GROUND
88.848,378.6,0.587238,140,0.044,GROUND
88.944,394.7,0.587238,138,0.038,GROUND
89.016,354.5,0.587238,141,0.035,GROUND
89.148,414.7,0.587238,140,0.057,GROUND
89.244,395,0.587238,138,0.041,GROUND
89.344,376.9,0.587238,139,0.041,GROUND
89.444,395,0.587238,135,0.040,GROUND
89.544,382.6,0.587238,136,0.040,GROUND
89.644,373,0.587238,130,0.040,GROUND
89.748,381.9,0.587238,136,0.045,GROUND
89.844,374.5,0.587238,140,0.041,GROUND
89.944,391.4,0.587238,142,0.044,GROUND
90.044,370.6,0.587238,139,0.042,GROUND
90.144,399.9,0.122872,143,0.021,GROUND
90.244,337.1,0.129465,134,0.019,GROUND
90.352,631.8,0.156431,133,0.013,GROUND
90.452,403.1,0.180123,119,0.002,GROUND
90.552,386.8,0.182133,127,0.001,GROUND
90.652,372.4,0.186499,132,0.001,GROUND
90.756,373.6,0.186929,135,0.003,GROUND
90.852,378.6,0.190157,138,0.004,GROUND
90.952,436.4,0.192225,137,0.002,GROUND
91.052,2890,0.196641,137,0.006,GROUND
91.124,361.5,0.198612,132,0.009,GROUND
91.224,358.2,0.201724,131,0.010,GROUND
91.320,363.6,0.207905,138,0.003,GROUND
91.432,363.5,0.211549,137,0.003,GROUND
91.532,364,0.213983,139,0.004,GROUND
91.604,364.5,0.214069,137,0.011,GROUND
91.712,361.9,0.218716,134,0.004,GROUND
91.832,359.4,0.219657,133,0.007,GROUND
91.932,362,0.221539,133,0.012,GROUND
92.004,356.9,0.225827,140,0.009,GROUND
92.112,365.4,0.227844,141,0.003,GROUND
92.220,360.3,0.228364,136,0.007,GROUND
92.304,358.6,0.226474,138,0.012,GROUND
92.404,360.8,0.227151,132,0.011,GROUND
92.508,360.3,0.227748,134,0.006,GROUND
92.616,358.1,0.22754,141,0.008,GROUND
92.704,356.7,0.227675,135,0.010,GROUND
92.804,361.4,0.227934,131,0.007,GROUND
92.904,359.4,0.227381,141,0.009,GROUND
93.008,356.7,0.227751,141,0.006,GROUND
93.104,359.5,0.228041,138,0.006,GROUND
93.208,358.7,0.227374,138,0.012,GROUND
93.320,360.8,0.228241,136,0.012,GROUND
93.408,357.8,0.228339,142,0.019,GROUND
93.512,360.8,0.229036,135,0.015,GROUND
93.616,361.5,0.228976,139,0.015,GROUND
93.704,360,0.228487,136,0.021,GROUND
93.812,364.8,0.229599,140,0.015,GROUND
93.904,358.5,0.229831,135,0.018,GROUND
94.004,360.4,0.230301,137,0.020,GROUND
94.104,367.5,0.230422,137,0.014,GROUND
94.208,359.8,0.229687,139,0.020,GROUND
94.308,357.2,0.230573,134,0.020,GROUND
94.404,357.9,0.231733,137,0.014,GROUND
94.516,358.7,0.231351,137,0.011,GROUND
94.616,359,0.23107,135,0.013,GROUND
94.708,358.1,0.231116,135,0.013,GROUND
94.820,358.7,0.23136,138,0.012,GROUND
94.908,360.2,0.231396,139,0.012,GROUND
95.008,359.1,0.231595,135,0.011,GROUND
95.104,359.6,0.231261,142,0.010,GROUND
95.204,360.1,0.23091,136,0.007,GROUND
95.304,358.8,0.229898,141,0.009,GROUND
95.408,358,0.230272,131,0.014,GROUND
95.508,358.4,0.231355,138,0.008,GROUND
95.612,357.8,0.230531,139,0.007,GROUND
95.712,357.4,0.230438,141,0.011,GROUND
95.816,356.4,0.230509,137,0.012,GROUND
95.908,356.2,0.230086,136,0.010,GROUND
96.004,356.4,0.229296,136,0.011,GROUND
96.116,356.7,0.229686,134,0.012,GROUND
96.204,355.5,0.229997,138,0.013,GROUND
96.304,354.4,0.230574,135,0.013,GROUND
96.408,353.2,0.231403,142,0.018,GROUND
96.512,354.2,0.232394,135,0.012,GROUND
96.608,357,0.23186,141,0.013,GROUND
96.716,352.8,0.232302,141,0.015,GROUND
96.816,354.3,0.23309,131,0.011,GROUND
96.912,354.7,0.233669,138,0.013,GROUND
97.020,359,0.234456,140,0.010,GROUND
97.108,357.8,0.234367,139,0.017,GROUND
97.208,357.4,0.235724,137,0.011,GROUND
97.284,355.1,0.235396,139,0.017,GROUND
97.388,357.9,0.236493,136,0.011,GROUND
97.484,354.6,0.237012,137,0.010,GROUND
97.584,358.3,0.23814,137,0.005,GROUND
97.684,357.1,0.238308,136,0.005,GROUND
97.784,356.8,0.238306,134,0.006,GROUND
97.884,356,0.239244,136,0.004,GROUND
97.984,354.7,0.239926,136,0.007,GROUND
98.084,354.8,0.240528,137,0.006,GROUND
98.188,355.6,0.240952,137,0.009,GROUND
98.284,359.7,0.241655,133,0.011,GROUND
98.384,367.3,0.240943,137,0.006,GROUND
98.484,358.6,0.240642,130,0.007,GROUND
98.584,358.6,0.240789,133,0.002,GROUND
98.684,357.4,0.24171,139,0.008,GROUND
98.784,361.4,0.242775,138,0.006,GROUND
98.884,357.3,0.243458,140,0.010,GROUND
98.984,362.4,0.244588,132,0.004,GROUND
99.084,359.1,0.244422,133,0.002,GROUND
99.184,357.5,0.245432,132,0.004,GROUND
99.256,356.6,0.246539,138,0.008,GROUND
99.356,358.4,0.247623,130,0.008,GROUND
99.456,359.5,0.248435,139,0.003,GROUND
99.556,356.7,0.249626,133,0.005,GROUND
99.656,357.7,0.250698,137,0.003,GROUND
99.756,358.3,0.250761,133,0.003,GROUND
99.856,357.9,0.250673,141,0.003,GROUND
99.956,357.5,0.250545,133,0.003,GROUND
100.060,358.1,0.251592,139,0.007,GROUND
100.156,360.2,0.252778,136,0.003,GROUND
100.260,357.6,0.252778,139,0.004,GROUND
100.356,357,0.252778,141,0.002,GROUND
100.456,356.7,0.252778,138,0.003,GROUND
100.588,356.9,0.252778,133,0.003,GROUND
100.700,355.7,0.252778,139,0.001,GROUND
100.804,357.3,0.252778,135,0.002,GROUND
100.920,355.8,0.252778,134,0.004,GROUND
101.000,357.2,0.252778,137,0.008,GROUND
101.100,359.1,0.252778,137,0.003,GROUND
101.224,357.2,0.252778,136,0.002,GROUND
101.296,359.9,0.252778,137,0.011,GROUND
101.404,365.4,0.252778,137,0.008,GROUND
101.496,359.4,0.252778,133,0.009,GROUND
101.612,367,0.252778,137,0.004,GROUND
101.704,358.9,0.252778,136,0.004,GROUND
101.800,360.8,0.252778,141,0.005,GROUND
101.904,360.6,0.252778,137,0.003,GROUND
102.008,361.1,0.252778,140,0.008,GROUND
102.112,358.6,0.252778,135,0.002,GROUND
102.200,358.1,0.252778,140,0.006,GROUND
102.308,359.9,0.252778,137,0.006,GROUND
102.400,358.6,0.252778,138,0.006,GROUND
102.496,363.2,0.252778,140,0.004,GROUND
102.608,364.2,0.252778,136,0.004,GROUND
102.708,359.2,0.252778,137,0.006,GROUND
102.808,362.1,0.252778,141,0.005,GROUND
102.904,360.9,0.252778,133,0.003,GROUND
103.000,357.4,0.252778,134,0.005,GROUND
103.108,367.4,0.252778,136,0.004,GROUND
103.196,358.9,0.252778,133,0.005,GROUND
103.300,361.5,0.252778,137,0.004,GROUND
103.400,363,0.252778,130,0.006,GROUND
103.508,361.5,0.252778,139,0.006,GROUND
103.616,369.2,0.252778,139,0.005,GROUND
103.700,357.7,0.252778,139,0.003,GROUND
103.800,360.8,0.252778,134,0.004,GROUND
103.900,371.1,0.252778,137,0.005,GROUND
103.980,358.5,0.252778,137,0.005,GROUND
104.080,365.8,0.252778,137,0.004,GROUND
104.180,418.1,0.252778,127,0.087,GROUND
104.280,530.6,0.464818,71,0.332,TRANSIT
104.384,2379,0.167789,38,0.433,TRANSIT
104.480,983.1,0.239265,50,0.500,TRANSIT
104.580,1086,0.462481,99,0.586,TRANSIT
104.680,1253,0.453628,85,0.649,TRANSIT
104.784,1541,0.371646,95,0.784,TRANSIT
104.880,1060,0.54818,76,0.882,TRANSIT
104.980,1203,0.679605,92,0.946,TRANSIT
105.080,1015,0.785441,91,0.959,TRANSIT
105.184,1142,0.826695,104,0.924,TRANSIT
105.280,1186,0.758457,116,0.872,TRANSIT
105.380,1275,0.532769,118,0.803,TRANSIT
105.480,1374,0.267991,117,0.745,TRANSIT
105.584,1286,0.486439,121,0.687,TRANSIT
105.680,1194,0.578693,118,0.627,TRANSIT
105.780,1399,0.642278,114,0.527,TRANSIT
105.880,1358,0.641251,97,0.363,TRANSIT
105.984,1522,0.656462,103,0.269,TRANSIT
106.116,1881,0.715947,109,0.389,TRANSIT
106.220,1826,0.732232,106,0.498,TRANSIT
106.324,1657,0.728541,91,0.560,TRANSIT
106.432,1973,0.636276,102,0.564,TRANSIT
106.524,2241,0.51526,106,0.532,TRANSIT
106.636,2184,0.326717,121,0.487,TRANSIT
106.724,2115,0.241331,116,0.443,TRANSIT
106.824,2273,0.233555,124,0.391,TRANSIT
106.920,2093,0.238598,119,0.346,TRANSIT
107.024,2272,0.295129,120,0.294,TRANSIT
107.120,2175,0.340933,110,0.257,TRANSIT
107.196,2328,0.359104,123,0.232,TRANSIT
107.292,2185,0.372473,114,0.201,TRANSIT
107.392,2167,0.379872,127,0.159,TRANSIT
107.492,2236,0.425223,125,0.115,TRANSIT
107.624,2108,0.497823,126,0.078,TRANSIT
107.724,2324,0.562429,127,0.078,TRANSIT
107.872,2139,0.573916,130,0.083,TRANSIT
107.996,2129,0.583359,131,0.084,TRANSIT
108.092,2182,0.585563,124,0.083,TRANSIT
108.192,2150,0.591848,134,0.090,TRANSIT
108.292,2154,0.589552,129,0.102,TRANSIT
108.392,2143,0.590957,134,0.112,TRANSIT
108.496,2241,0.592584,131,0.123,TRANSIT
108.624,2128,0.593419,124,0.138,TRANSIT
108.724,2071,0.597996,126,0.144,TRANSIT
108.856,2074,0.596438,130,0.147,TRANSIT
108.956,1991,0.59285,131,0.147,TRANSIT
109.056,1969,0.592187,130,0.146,TRANSIT
109.156,1971,0.590977,118,0.137,TRANSIT
109.264,1971,0.590385,125,0.127,TRANSIT
109.360,5380,0.590385,131,0.118,TRANSIT
109.492,1970,0.587724,131,0.105,TRANSIT
109.592,1957,0.587595,136,0.101,TRANSIT
109.692,1965,0.590069,134,0.097,TRANSIT
109.824,1978,0.588899,126,0.088,TRANSIT
109.924,1947,0.591178,127,0.082,TRANSIT
110.060,1937,0.592034,122,0.066,TRANSIT
110.160,2081,0.588335,127,0.056,TRANSIT
110.256,1928,0.591793,127,0.050,TRANSIT
110.364,1946,0.592916,129,0.042,TRANSIT
110.492,1946,0.592122,137,0.033,TRANSIT
110.624,1933,0.594411,122,0.033,TRANSIT
110.760,1942,0.597935,133,0.032,TRANSIT
110.892,1936,0.598924,130,0.029,TRANSIT
110.992,1958,0.595902,132,0.031,TRANSIT
111.096,1932,0.597968,133,0.029,TRANSIT
111.192,1930,0.597755,134,0.025,TRANSIT
111.324,1936,0.595671,132,0.020,TRANSIT
111.468,1939,0.594718,128,0.016,TRANSIT
111.568,1933,0.599943,125,0.016,TRANSIT
111.692,1931,0.599511,119,0.009,TRANSIT
111.792,1929,0.600559,135,0.012,TRANSIT
111.924,1935,0.596312,129,0.009,TRANSIT
112.024,1929,0.597836,136,0.013,TRANSIT
112.156,1933,0.595356,134,0.013,TRANSIT
112.228,1928,0.595466,130,0.009,TRANSIT
112.324,1933,0.593936,129,0.007,TRANSIT
112.424,1931,0.594016,133,0.005,TRANSIT
112.564,1935,0.59232,133,0.009,TRANSIT
112.692,1932,0.59426,134,0.008,TRANSIT
112.792,1929,0.595333,138,0.009,TRANSIT
112.892,1927,0.594656,131,0.009,TRANSIT
113.024,1930,0.59597,122,0.014,TRANSIT
113.124,1930,0.595281,124,0.012,TRANSIT
113.224,1928,0.597195,130,0.015,TRANSIT
113.324,1926,0.59766,132,0.012,TRANSIT
113.424,1926,0.597291,136,0.009,TRANSIT
113.556,1927,0.597496,135,0.007,TRANSIT
113.656,1933,0.596986,139,0.010,TRANSIT
113.776,1933,0.599145,136,0.010,TRANSIT
113.892,1933,0.599671,135,0.010,TRANSIT
114.024,1940,0.602935,134,0.015,TRANSIT
114.128,1932,0.602086,135,0.014,TRANSIT
114.224,1933,0.60093,134,0.017,TRANSIT
114.324,1944,0.603752,132,0.024,TRANSIT
114.460,1940,0.604076,130,0.019,TRANSIT
114.592,1939,0.60301,133,0.015,TRANSIT
114.724,1941,0.597992,131,0.011,TRANSIT
114.860,1948,0.596916,143,0.006,TRANSIT
114.968,1937,0.596087,130,0.021,TRANSIT
115.092,1943,0.593517,128,0.012,TRANSIT
115.192,1935,0.59214,133,0.019,TRANSIT
115.324,1933,0.592739,135,0.022,TRANSIT
115.424,1935,0.592773,133,0.012,TRANSIT
115.560,1935,0.591573,136,0.014,TRANSIT
115.692,1948,0.593571,126,0.007,TRANSIT
115.764,1930,0.592255,137,0.003,TRANSIT
115.860,1934,0.589339,132,0.010,TRANSIT
115.964,1932,0.588831,136,0.007,TRANSIT
116.072,1931,0.590624,139,0.010,TRANSIT
116.192,1936,0.589754,134,0.008,TRANSIT
116.292,1930,0.590679,133,0.008,TRANSIT
116.364,1934,0.588487,134,0.012,TRANSIT
116.496,1931,0.588574,140,0.010,TRANSIT
116.592,1930,0.590449,136,0.011,TRANSIT
116.724,1933,0.591032,133,0.011,TRANSIT
116.824,1938,0.589317,133,0.019,TRANSIT
116.924,1934,0.58988,134,0.014,TRANSIT
117.024,1936,0.589688,138,0.016,TRANSIT
117.156,1942,0.595495,133,0.015,TRANSIT
117.256,1939,0.597013,137,0.016,TRANSIT
117.356,1938,0.598911,132,0.021,TRANSIT
117.460,1940,0.601828,133,0.022,TRANSIT
117.560,1940,0.602126,129,0.019,TRANSIT
117.636,1942,0.599139,134,0.019,TRANSIT
117.768,1949,0.598819,136,0.016,TRANSIT
117.840,1946,0.600999,138,0.026,TRANSIT
117.952,1948,0.604651,136,0.015,TRANSIT
118.068,1949,0.60492,134,0.010,TRANSIT
118.140,1953,0.603095,131,0.017,TRANSIT
118.256,1953,0.607354,134,0.010,TRANSIT
118.368,1953,0.605148,135,0.012,TRANSIT
118.444,1950,0.603213,134,0.017,TRANSIT
118.552,1951,0.604523,142,0.009,TRANSIT
118.640,1952,0.602129,132,0.016,TRANSIT
118.752,1954,0.605064,133,0.010,TRANSIT
118.868,1956,0.607159,132,0.007,GOAL
118.940,1976,0.596112,134,0.021,GOAL
119.044,1984,0.582662,126,0.043,GOAL
119.168,1960,0.586468,121,0.102,GOAL
119.256,1965,0.58991,131,0.130,GOAL
119.368,1961,0.603343,127,0.182,GOAL
119.468,1969,0.611812,124,0.200,GOAL
119.540,1969,0.620039,129,0.230,GOAL
119.648,1955,0.623172,125,0.250,GOAL
119.768,1959,0.62258,120,0.271,GOAL
119.840,5856,0.617646,126,0.284,GOAL
119.968,2021,0.618028,114,0.283,GOAL
120.068,2061,0.617275,117,0.275,GOAL
120.144,2044,0.61693,128,0.264,GOAL
120.252,2102,0.619803,127,0.245,GOAL
120.372,2066,0.619584,124,0.221,GOAL
120.504,2164,0.610112,119,0.206,GOAL
120.604,2075,0.611605,128,0.195,GOAL
120.704,2117,0.61014,129,0.181,GOAL
120.804,2037,0.609876,124,0.159,GOAL
120.904,2033,0.609019,129,0.140,GOAL
121.004,2117,0.606387,132,0.118,GOAL
121.104,2020,0.607045,127,0.098,GOAL
121.204,2023,0.606311,131,0.082,GOAL
121.304,2039,0.603484,134,0.070,GOAL
121.404,2034,0.604539,130,0.057,GOAL
121.504,2145,0.602344,129,0.049,GOAL
121.604,2038,0.600277,133,0.039,GOAL
121.704,2037,0.598359,133,0.025,GOAL
121.804,2035,0.597108,142,0.019,GOAL
121.904,2041,0.597518,144,0.015,GOAL
122.004,2040,0.597237,139,0.012,GOAL
122.104,2043,0.596769,141,0.008,GOAL
122.204,2046,0.597719,139,0.009,GOAL
122.304,2038,0.597623,141,0.011,GOAL
122.404,2009,0.597378,139,0.014,GOAL
122.504,2014,0.594904,138,0.008,GOAL
122.604,2019,0.59573,138,0.023,GOAL
122.704,2014,0.596306,137,0.019,GOAL
122.804,2015,0.59689,135,0.020,GOAL
122.904,2018,0.595962,138,0.021,GOAL
123.004,2022,0.596409,140,0.014,GOAL
123.108,2016,0.594866,132,0.020,GOAL
123.204,2018,0.596312,139,0.018,GOAL
123.304,2020,0.597865,138,0.016,GOAL
123.404,2013,0.59891,134,0.019,GOAL
123.504,2016,0.598847,144,0.020,GOAL
123.604,2020,0.598664,132,0.021,GOAL
123.708,2009,0.600201,138,0.013,GOAL
123.804,1997,0.599433,139,0.015,GOAL
123.904,1996,0.599295,138,0.019,GOAL
124.008,1996,0.598108,141,0.020,GOAL
124.104,1993,0.598088,130,0.018,GOAL
124.204,2001,0.598165,137,0.021,GOAL
124.304,2008,0.598187,132,0.018,GOAL
124.404,2005,0.597322,135,0.013,GOAL
124.508,2006,0.596306,128,0.017,GOAL
124.604,2004,0.596889,132,0.016,GOAL
124.704,2017,0.596551,138,0.012,GOAL
124.804,2005,0.597028,138,0.011,GOAL
124.904,2005,0.596401,139,0.014,GOAL
125.004,2001,0.596549,138,0.011,GOAL
125.104,2004,0.596615,136,0.006,GOAL
125.204,2008,0.594914,139,0.006,GOAL
125.304,2004,0.594878,140,0.007,GOAL
125.404,2009,0.593525,141,0.005,GOAL
125.504,2006,0.593203,144,0.008,GOAL
125.604,2007,0.593879,137,0.012,GOAL
125.704,2007,0.594739,138,0.015,GOAL
125.804,2009,0.593552,138,0.014,GOAL
125.904,2009,0.592851,137,0.013,GOAL
126.004,2011,0.592309,138,0.013,GOAL
126.104,2022,0.592323,142,0.014,GOAL
126.216,2015,0.59197,139,0.020,GOAL
126.316,2015,0.592754,139,0.010,GOAL
126.420,2014,0.593165,139,0.009,GOAL
126.516,2018,0.592761,139,0.009,GOAL
126.616,2022,0.592251,133,0.009,GOAL
126.716,2021,0.593582,131,0.009,GOAL
126.816,2017,0.595498,138,0.012,GOAL
126.920,2022,0.594611,133,0.004,GOAL
127.048,2019,0.593502,136,0.007,GOAL
127.168,2030,0.595449,138,0.017,GOAL
127.252,2021,0.594052,137,0.012,GOAL
127.352,2024,0.594115,140,0.009,GOAL
127.452,2017,0.595501,135,0.008,GOAL
127.552,2017,0.59562,142,0.006,GOAL
127.680,2028,0.597253,134,0.016,GOAL
127.780,2024,0.595861,133,0.009,GOAL
127.856,2019,0.597317,132,0.019,GOAL
127.968,2025,0.596682,135,0.008,GOAL
128.080,2019,0.598344,136,0.007,GOAL
128.152,2018,0.597426,136,0.019,GOAL
128.252,2021,0.598477,136,0.013,GOAL
128.328,2025,0.604681,138,0.021,GOAL
128.428,2019,0.604576,139,0.018,GOAL
128.568,2017,0.602652,139,0.019,GOAL
128.692,2017,0.600913,135,0.019,GOAL
128.792,2027,0.603712,134,0.017,GOAL
128.864,2019,0.602441,137,0.027,GOAL
128.972,2021,0.599321,136,0.023,GOAL
129.092,2023,0.598825,139,0.017,GOAL
129.164,2022,0.597908,133,0.020,GOAL
129.276,2026,0.599068,140,0.008,GOAL
129.392,2024,0.599809,137,0.008,GOAL
129.464,2023,0.598431,133,0.013,GOAL
129.580,2038,0.602474,135,0.021,GOAL
129.692,2031,0.599971,136,0.012,GOAL
129.792,2023,0.597781,137,0.013,GOAL
129.864,2023,0.598033,140,0.015,GOAL
129.992,2027,0.597959,136,0.013,GOAL
130.092,2027,0.599456,135,0.013,GOAL
130.196,2029,0.600232,136,0.015,GOAL
130.328,2033,0.599443,138,0.012,GOAL
130.428,2030,0.60048,137,0.012,GOAL
130.528,2033,0.599057,139,0.009,GOAL
130.628,2034,0.599512,137,0.016,GOAL
130.732,2031,0.600009,133,0.012,GOAL
130.832,2033,0.598213,136,0.013,GOAL
130.928,2029,0.600055,133,0.012,GOAL
131.028,2029,0.600336,135,0.019,GOAL
131.128,2028,0.599531,141,0.015,GOAL
131.228,2033,0.597069,141,0.020,GOAL
131.328,2034,0.596596,133,0.012,GOAL
131.428,2019,0.596596,133,0.007,GOAL
131.528,2007,0.596596,135,0.007,GOAL
131.628,2019,0.596596,136,0.007,GOAL
131.728,2007,0.596596,130,0.005,GOAL
131.832,2011,0.596596,132,0.005,GOAL
131.928,2009,0.596596,138,0.006,GOAL
132.028,2010,0.596596,136,0.002,GOAL
132.128,2011,0.596596,133,0.005,GOAL
132.228,2010,0.596596,131,0.011,GOAL
132.328,2023,0.596596,137,0.012,GOAL
132.428,2013,0.596596,137,0.016,GOAL
132.528,2029,0.596596,134,0.016,GOAL
132.628,2012,0.596596,130,0.016,GOAL
132.728,2018,0.596596,135,0.015,GOAL
132.828,2034,0.596596,133,0.020,GOAL
132.928,2021,0.596596,136,0.018,GOAL
133.028,2023,0.596596,135,0.018,GOAL
133.128,2022,0.596596,138,0.019,GOAL
133.228,2024,0.596596,136,0.017,GOAL
133.328,2032,0.596596,140,0.015,GOAL
133.432,2026,0.596596,136,0.012,GOAL
133.532,2024,0.596596,136,0.011,GOAL
133.628,2031,0.596596,133,0.008,GOAL
133.728,2038,0.596596,140,0.008,GOAL
133.828,2028,0.596596,137,0.008,GOAL
133.928,2029,0.596596,137,0.009,GOAL
134.060,2038,0.596596,133,0.006,GOAL
134.164,2026,0.596596,136,0.003,GOAL
134.292,2024,0.596596,136,0.005,GOAL
134.392,2027,0.596596,140,0.003,GOAL
134.496,2029,0.596596,134,0.002,GOAL
134.628,2031,0.596596,135,0.002,GOAL
134.728,2025,0.596596,133,0.004,GOAL
134.832,2035,0.596596,130,0.005,GOAL
134.928,2028,0.596596,132,0.004,GOAL
135.028,2032,0.596596,136,0.003,GOAL
135.128,2033,0.596596,134,0.004,GOAL
135.228,2040,0.596596,134,0.003,GOAL
135.328,2028,0.596596,134,0.004,GOAL
135.432,2025,0.596596,137,0.003,GOAL
135.528,2026,0.596596,134,0.007,GOAL
135.632,2035,0.596596,132,0.004,GOAL
135.728,2025,0.596596,140,0.003,GOAL
135.828,2029,0.596596,131,0.004,GOAL
135.928,2035,0.596596,137,0.007,GOAL
136.028,2035,0.596596,135,0.008,GOAL
136.128,2051,0.596596,137,0.002,GOAL
136.232,2027,0.596596,139,0.006,GOAL
136.328,2030,0.596596,133,0.005,GOAL
136.460,2034,0.596596,139,0.007,GOAL
136.592,2032,0.596596,137,0.005,GOAL
136.696,2025,0.596596,136,0.005,GOAL
136.800,2024,0.596596,132,0.004,GOAL
136.896,2026,0.596596,135,0.003,GOAL
136.996,2035,0.596596,136,0.006,GOAL
137.096,2025,0.596596,137,0.004,GOAL
137.228,2031,0.596596,142,0.004,GOAL
137.328,2038,0.596596,138,0.003,GOAL
137.468,2030,0.596596,139,0.001,GOAL
137.564,2029,0.596596,141,0.002,GOAL
137.672,2043,0.596596,136,0.003,GOAL
137.796,2041,0.596596,136,0.006,GOAL
137.896,2031,0.596596,132,0.003,GOAL
138.028,2034,0.596596,137,0.004,GOAL
138.128,2033,0.596596,140,0.007,GOAL
138.228,2033,0.596596,139,0.005,GOAL
138.328,2037,0.596596,138,0.004,GOAL
138.428,2036,0.596596,138,0.002,GOAL
138.528,2044,0.596596,137,0.003,GOAL
138.660,2044,0.596596,138,0.002,GOAL
138.760,2036,0.596596,136,0.002,GOAL
138.860,2033,0.596596,139,0.003,GOAL
138.960,2033,0.596596,137,0.003,GOAL
139.060,2037,0.596596,137,0.001,GOAL
139.160,2039,0.596596,139,0.003,GOAL
139.260,2035,0.596596,142,0.005,GOAL
139.360,2034,0.596596,138,0.004,GOAL
139.464,2041,0.596596,135,0.005,GOAL
139.564,2048,0.596596,132,0.003,GOAL
139.696,2053,0.596596,132,0.004,GOAL
139.832,2036,0.596596,138,0.005,GOAL
139.928,2045,0.596596,141,0.005,GOAL
140.064,2037,0.596596,134,0.004,GOAL
140.200,2054,0.596596,139,0.003,GOAL
140.300,2041,0.596596,135,0.002,GOAL
140.428,2048,0.596596,139,0.006,GOAL
140.528,2037,0.596596,138,0.002,GOAL
140.628,2043,0.596596,135,0.005,GOAL
140.700,2039,0.596596,135,0.003,GOAL
140.796,2044,0.596596,134,0.004,GOAL
140.928,2053,0.596596,139,0.008,GOAL
141.028,2048,0.596596,136,0.006,GOAL
141.132,2040,0.596596,138,0.005,GOAL
141.272,2041,0.596596,136,0.003,GOAL
141.396,2034,0.596596,134,0.004,GOAL
141.496,2039,0.596596,133,0.003,GOAL
141.600,2038,0.596596,138,0.007,GOAL
141.728,2037,0.596596,137,0.007,GOAL
141.828,2045,0.596596,136,0.003,GOAL
141.932,2040,0.596596,133,0.002,GOAL
142.076,2053,0.596596,135,0.005,GOAL
142.200,2044,0.596596,136,0.004,GOAL
142.328,2037,0.596596,131,0.001,GOAL
142.432,2040,0.596596,138,0.002,GOAL
142.532,2041,0.596596,134,0.004,GOAL
142.668,2068,0.596596,135,0.003,GOAL
142.796,2044,0.596596,133,0.002,GOAL
142.928,2043,0.596596,136,0.004,GOAL
143.028,2035,0.596596,135,0.005,GOAL
143.164,2044,0.596596,135,0.003,GOAL
143.296,2054,0.596596,132,0.005,GOAL
143.396,2044,0.596596,135,0.003,GOAL
143.528,2045,0.596596,137,0.004,GOAL
143.628,2043,0.596596,132,0.002,GOAL
143.776,2053,0.596596,133,0.007,GOAL
143.900,2055,0.596596,135,0.003,GOAL
144.028,2054,0.596596,135,0.005,GOAL
144.132,2062,0.596596,136,0.006,GOAL
144.280,2069,0.596596,133,0.003,GOAL
144.400,2052,0.596596,128,0.001,GOAL
144.528,2050,0.596596,131,0.004,GOAL
144.628,2052,0.596596,133,0.005,GOAL
144.736,2062,0.596596,131,0.005,GOAL
144.868,2057,0.596596,137,0.004,GOAL
144.996,2055,0.596596,136,0.005,GOAL
145.096,2050,0.596596,138,0.004,GOAL
145.200,2049,0.596596,138,0.003,GOAL
145.296,2049,0.596596,132,0.004,GOAL
145.428,2053,0.596596,135,0.005,GOAL
145.528,2055,0.596596,138,0.006,GOAL
145.664,2077,0.596596,132,0.003,GOAL
145.772,2064,0.596596,135,0.002,GOAL
145.896,2054,0.596596,131,0.004,GOAL
145.996,2061,0.596596,136,0.001,GOAL
146.100,2063,0.596596,134,0.003,GOAL
146.200,2055,0.596596,137,0.004,GOAL
146.332,2060,0.596596,133,0.002,GOAL
146.428,2062,0.596596,134,0.004,GOAL
146.560,2067,0.596596,139,0.003,GOAL
146.660,2072,0.596596,140,0.005,GOAL
146.760,2064,0.596596,136,0.005,GOAL
146.860,2058,0.596596,142,0.005,GOAL
146.932,2060,0.596596,138,0.004,GOAL
147.064,2071,0.596596,141,0.004,GOAL
147.164,2072,0.596596,139,0.003,GOAL
147.296,2080,0.596596,134,0.005,GOAL
147.428,2061,0.596596,134,0.001,GOAL
147.528,2058,0.596596,136,0.004,GOAL
147.664,2062,0.596596,137,0.006,GOAL
147.796,2058,0.596596,133,0.003,GOAL
147.900,2064,0.596596,138,0.003,GOAL
148.032,2062,0.596596,136,0.004,GOAL
148.128,2058,0.596596,134,0.001,GOAL
148.264,2062,0.596596,130,0.004,GOAL
148.372,2055,0.596596,136,0.002,GOAL
148.464,2055,0.596596,136,0.002,GOAL
148.564,2060,0.596596,135,0.003,GOAL
148.664,2062,0.596596,131,0.004,GOAL
148.796,2058,0.596596,139,0.004,GOAL
148.928,2067,0.596596,137,0.002,GOAL
149.032,2055,0.596596,135,0.002,GOAL
149.176,2052,0.596596,130,0.003,GOAL
149.296,2069,0.596596,141,0.005,GOAL
149.400,2059,0.596596,131,0.006,GOAL
149.528,2059,0.596596,137,0.004,GOAL
149.632,2052,0.596596,137,0.004,GOAL
149.732,2055,0.596596,138,0.003,GOAL
149.832,2052,0.596596,137,0.006,GOAL
149.964,2064,0.596596,135,0.002,GOAL
150.096,2063,0.596596,134,0.007,GOAL
150.196,2056,0.596596,131,0.003,GOAL
150.328,2059,0.596596,136,0.005,GOAL
150.428,2060,0.596596,133,0.005,GOAL
150.572,2078,0.596596,138,0.004,GOAL
150.696,2065,0.596596,133,0.003,GOAL
150.828,2066,0.596596,133,0.002,GOAL
150.928,2058,0.596596,133,0.002,GOAL
151.060,2057,0.596596,135,0.004,GOAL
151.160,2057,0.596596,133,0.003,GOAL
151.260,2061,0.596596,137,0.003,GOAL
151.332,2063,0.596596,139,0.003,GOAL
151.460,2080,0.596596,130,0.002,GOAL
151.560,2059,0.596596,138,0.007,GOAL
151.660,2057,0.596596,131,0.005,GOAL
151.768,2064,0.596596,135,0.004,GOAL
151.896,2056,0.596596,141,0.002,GOAL
152.028,2065,0.596596,135,0.005,GOAL
152.128,2061,0.596596,138,0.004,GOAL
152.264,2051,0.596596,135,0.003,GOAL
152.400,2061,0.596596,134,0.003,GOAL
152.496,2055,0.596596,135,0.003,GOAL
152.596,2065,0.596596,135,0.004,GOAL
152.728,2077,0.596596,138,0.006,GOAL
152.828,2057,0.596596,133,0.006,GOAL
152.928,2075,0.596596,135,0.003,GOAL
153.052,2067,0.596596,133,0.003,GOAL
153.144,2068,0.596596,139,0.002,GOAL
153.240,2064,0.596596,135,0.002,GOAL
153.348,2065,0.596596,135,0.002,GOAL
153.440,2067,0.596596,136,0.004,GOAL
153.548,2069,0.596596,131,0.002,GOAL
153.648,2084,0.596596,134,0.006,GOAL
153.752,2078,0.596596,136,0.005,GOAL
153.840,2070,0.596596,138,0.001,GOAL
153.944,2070,0.596596,129,0.003,GOAL
154.056,2069,0.596596,139,0.006,GOAL
154.140,2064,0.596596,132,0.007,GOAL
154.244,2072,0.596596,136,0.003,GOAL
154.348,2073,0.596596,132,0.003,GOAL
154.448,2079,0.596596,136,0.004,GOAL
154.548,2086,0.596596,134,0.003,GOAL
154.644,2088,0.596596,137,0.006,GOAL
154.748,2077,0.596596,134,0.004,GOAL
154.852,2075,0.596596,138,0.004,GOAL
154.976,2077,0.596596,135,0.002,GOAL
155.104,2078,0.596596,135,0.004,GOAL
155.204,2078,0.596596,130,0.004,GOAL
155.304,2077,0.596596,130,0.005,GOAL
155.404,2073,0.596596,135,0.005,GOAL
155.504,2071,0.596596,134,0.001,GOAL
155.604,2070,0.596596,136,0.005,GOAL
155.708,2071,0.596596,132,0.003,GOAL
155.804,2072,0.596596,134,0.002,GOAL
155.904,2071,0.596596,126,0.003,GOAL
156.004,2074,0.596596,136,0.002,GOAL
156.104,2072,0.596596,135,0.003,GOAL
156.204,2071,0.596596,135,0.002,GOAL
156.304,2079,0.596596,136,0.003,GOAL
156.404,2078,0.596596,132,0.001,GOAL
156.504,2078,0.596596,131,0.002,GOAL
156.604,2078,0.596596,133,0.003,GOAL
156.704,2076,0.596596,135,0.002,GOAL
156.804,2081,0.596596,138,0.002,GOAL
156.904,2080,0.596596,130,0.004,GOAL
157.004,2077,0.596596,131,0.003,GOAL
157.104,2082,0.596596,133,0.002,GOAL
157.204,2088,0.596596,134,0.005,GOAL
157.308,2078,0.596596,133,0.002,GOAL
157.408,2085,0.596596,128,0.002,GOAL
157.504,2081,0.596596,133,0.002,GOAL
157.604,2076,0.596596,132,0.002,GOAL
157.708,2085,0.596596,135,0.003,GOAL
157.804,2083,0.596596,131,0.005,GOAL
157.904,2098,0.596596,128,0.002,GOAL
158.008,2105,0.596596,130,0.001,GOAL
158.104,2078,0.596596,131,0.003,GOAL
158.204,2077,0.596596,129,0.004,GOAL
158.304,2082,0.596596,128,0.003,GOAL
158.408,2086,0.596596,125,0.002,GOAL
158.504,2081,0.596596,132,0.003,GOAL
158.604,2085,0.596596,133,0.003,GOAL
158.704,2077,0.596596,135,0.002,GOAL
158.804,2074,0.596596,134,0.003,GOAL
158.904,2071,0.596596,134,0.001,GOAL
159.004,2081,0.596596,131,0.004,GOAL
159.104,2076,0.596596,138,0.002,GOAL
159.204,2070,0.596596,136,0.002,GOAL
159.308,2071,0.596596,137,0.002,GOAL
159.404,2078,0.596596,132,0.002,GOAL
159.504,2085,0.596596,134,0.001,GOAL
159.604,2081,0.596596,139,0.004,GOAL
159.704,2078,0.596596,131,0.001,GOAL
159.804,2075,0.596596,137,0.003,GOAL
159.904,2081,0.596596,137,0.001,GOAL
160.004,2088,0.596596,137,0.002,GOAL
160.104,2084,0.596596,134,0.003,GOAL
160.204,2090,0.596596,132,0.003,GOAL
160.304,2081,0.596596,138,0.006,GOAL
160.404,2079,0.596596,136,0.005,GOAL
160.508,2087,0.596596,132,0.005,GOAL
160.604,2072,0.596596,132,0.004,GOAL
160.704,2070,0.596596,131,0.008,GOAL
160.804,2070,0.596596,136,0.004,GOAL
160.904,2073,0.596596,128,0.003,GOAL
161.004,2072,0.596596,142,0.003,GOAL
161.104,2085,0.596596,133,0.004,GOAL
161.204,2075,0.596596,137,0.004,GOAL
161.304,2074,0.596596,135,0.004,GOAL
161.404,2073,0.596596,132,0.003,GOAL
161.504,2073,0.596596,136,0.003,GOAL
161.604,2074,0.596596,131,0.003,GOAL
161.704,2073,0.596596,134,0.003,GOAL
161.804,2085,0.596596,136,0.007,GOAL
161.876,2076,0.596596,139,0.005,GOAL
162.004,2076,0.596596,138,0.001,GOAL
162.104,2075,0.596596,137,0.004,GOAL
162.204,2074,0.596596,139,0.004,GOAL
162.304,2072,0.596596,136,0.002,GOAL
162.404,2075,0.596596,133,0.005,GOAL
162.508,2077,0.596596,139,0.002,GOAL
162.604,2081,0.596596,135,0.003,GOAL
162.704,2082,0.596596,138,0.003,GOAL
162.804,2084,0.596596,138,0.001,GOAL
162.908,2088,0.596596,134,0.004,GOAL
163.004,2090,0.596596,135,0.002,GOAL
163.104,2086,0.596596,131,0.003,GOAL
163.204,2084,0.596596,134,0.005,GOAL
163.304,2082,0.596596,130,0.005,GOAL
163.404,2079,0.596596,137,0.003,GOAL
163.504,2080,0.596596,135,0.004,GOAL
163.608,2079,0.596596,138,0.004,GOAL
163.704,2084,0.596596,139,0.005,GOAL
163.804,2090,0.596596,134,0.003,GOAL
163.904,2085,0.596596,140,0.003,GOAL
164.004,2078,0.596596,130,0.006,GOAL
164.104,2083,0.596596,135,0.005,GOAL
164.204,2086,0.596596,135,0.004,GOAL
164.304,2087,0.596596,135,0.002,GOAL
164.404,2090,0.596596,136,0.001,GOAL
164.504,2085,0.596596,133,0.002,GOAL
164.604,2088,0.596596,135,0.004,GOAL
164.704,2085,0.596596,127,0.001,GOAL
164.804,2090,0.596596,140,0.003,GOAL
164.904,2100,0.596596,130,0.002,GOAL
165.004,2094,0.596596,133,0.004,GOAL
165.104,2089,0.596596,130,0.006,GOAL
165.204,2092,0.596596,138,0.004,GOAL
165.304,2094,0.596596,131,0.002,GOAL
165.404,2093,0.596596,133,0.002,GOAL
165.504,2090,0.596596,137,0.003,GOAL
165.604,2098,0.596596,130,0.002,GOAL
165.704,2102,0.596596,137,0.003,GOAL
165.804,2091,0.596596,134,0.001,GOAL
165.904,2093,0.596596,132,0.003,GOAL
166.004,2090,0.596596,139,0.003,GOAL
166.104,2100,0.596596,135,0.002,GOAL
166.204,2092,0.596596,137,0.003,GOAL
166.308,2082,0.596596,136,0.006,GOAL
166.404,2083,0.596596,132,0.007,GOAL
166.504,2085,0.596596,126,0.004,GOAL
166.604,2083,0.596596,136,0.005,GOAL
166.704,2096,0.596596,133,0.005,GOAL
166.804,2083,0.596596,135,0.002,GOAL
166.904,2082,0.596596,135,0.002,GOAL
167.004,2081,0.596596,132,0.001,GOAL
167.104,2084,0.596596,126,0.004,GOAL
167.204,2086,0.596596,133,0.005,GOAL
167.304,2091,0.596596,128,0.004,GOAL
167.404,2088,0.596596,132,0.004,GOAL
167.504,2085,0.596596,125,0.006,GOAL
167.604,2092,0.596596,134,0.002,GOAL
167.704,2093,0.596596,127,0.004,GOAL
167.804,2088,0.596596,131,0.005,GOAL
167.904,2094,0.596596,131,0.004,GOAL
168.004,2090,0.596596,134,0.002,GOAL
168.104,2096,0.596596,134,0.003,GOAL
168.204,2087,0.596596,138,0.003,GOAL
168.304,2086,0.596596,135,0.002,GOAL
168.404,2089,0.596596,138,0.004,GOAL
168.504,2094,0.596596,131,0.006,GOAL
168.604,2097,0.596596,136,0.009,GOAL
168.704,2091,0.596596,133,0.004,GOAL
168.804,2090,0.596596,135,0.002,GOAL
168.904,2096,0.596596,133,0.005,GOAL
169.004,2093,0.596596,136,0.005,GOAL
169.104,2087,0.596596,128,0.003,GOAL
169.204,2092,0.596596,130,0.003,GOAL
169.304,2098,0.596596,133,0.003,GOAL
169.404,2094,0.596596,136,0.003,GOAL
169.504,2090,0.596596,130,0.002,GOAL
169.604,2092,0.596596,135,0.001,GOAL
169.704,2090,0.596596,132,0.002,GOAL
169.804,2095,0.596596,141,0.004,GOAL
169.908,2091,0.596596,128,0.004,GOAL
170.004,2090,0.596596,137,0.002,GOAL
170.104,2091,0.596596,133,0.004,GOAL
170.208,2098,0.596596,139,0.003,GOAL
170.304,2097,0.596596,135,0.003,GOAL
170.404,2099,0.596596,140,0.002,GOAL
170.504,2092,0.596596,128,0.005,GOAL
170.604,2091,0.596596,132,0.004,GOAL
170.704,2092,0.596596,130,0.006,GOAL
170.804,2089,0.596596,133,0.004,GOAL
170.904,2093,0.596596,135,0.004,GOAL
171.004,2094,0.596596,136,0.005,GOAL
171.104,2105,0.596596,134,0.005,GOAL
171.204,2101,0.596596,140,0.008,GOAL
171.308,2095,0.596596,136,0.003,GOAL
171.404,2096,0.596596,133,0.006,GOAL
171.504,2096,0.596596,138,0.007,GOAL
171.604,2096,0.596596,137,0.003,GOAL
171.704,2096,0.596596,140,0.004,GOAL
171.804,2099,0.596596,140,0.005,GOAL
171.904,2097,0.596596,137,0.002,GOAL
172.008,2097,0.596596,138,0.003,GOAL
172.104,2092,0.596596,135,0.001,GOAL
172.204,2089,0.596596,136,0.003,GOAL
172.304,2093,0.596596,138,0.004,GOAL
172.404,2098,0.596596,137,0.002,GOAL
172.504,2105,0.596596,138,0.004,GOAL
172.604,2098,0.596596,138,0.005,GOAL
172.704,2093,0.596596,137,0.003,GOAL
172.804,2094,0.596596,136,0.005,GOAL
172.904,2100,0.596596,138,0.005,GOAL
173.004,2095,0.596596,138,0.001,GOAL
173.104,2096,0.596596,140,0.002,GOAL
173.204,2099,0.596596,138,0.005,GOAL
173.304,2091,0.596596,140,0.004,GOAL
173.404,2090,0.596596,141,0.003,GOAL
173.504,2095,0.596596,137,0.002,GOAL
173.604,2092,0.596596,135,0.003,GOAL
173.704,2093,0.596596,138,0.003,GOAL
173.804,2098,0.596596,134,0.006,GOAL
173.904,2093,0.596596,132,0.002,GOAL
174.004,2094,0.596596,140,0.003,GOAL
174.104,2093,0.596596,132,0.004,GOAL
174.204,2092,0.596596,137,0.003,GOAL
174.304,2090,0.596596,138,0.002,GOAL
174.408,2091,0.596596,138,0.001,GOAL
174.504,2093,0.596596,133,0.003,GOAL
174.604,2093,0.596596,134,0.005,GOAL
174.704,2090,0.596596,141,0.006,GOAL
174.804,2094,0.596596,137,0.006,GOAL
174.904,2092,0.596596,140,0.005,GOAL
175.008,2097,0.596596,129,0.006,GOAL
175.104,2095,0.596596,133,0.002,GOAL
175.204,2092,0.596596,138,0.002,GOAL
175.308,2094,0.596596,139,0.002,GOAL
175.408,2105,0.596596,136,0.005,GOAL
175.504,2092,0.596596,139,0.009,GOAL
175.604,2089,0.596596,135,0.006,GOAL
175.704,2089,0.596596,137,0.003,GOAL
175.804,2092,0.596596,140,0.006,GOAL
175.904,2092,0.596596,139,0.002,GOAL
176.004,2102,0.596596,138,0.004,GOAL
176.104,2096,0.596596,141,0.005,GOAL
176.208,2094,0.596596,141,0.008,GOAL
176.312,2096,0.596596,138,0.001,GOAL
176.412,2099,0.596596,138,0.006,GOAL
176.508,2098,0.596596,138,0.001,GOAL
176.612,2093,0.596596,138,0.003,GOAL
176.712,2093,0.596596,139,0.006,GOAL
176.812,2103,0.596596,129,0.004,GOAL
176.908,2094,0.596596,132,0.005,GOAL
177.012,2095,0.596596,135,0.004,GOAL
177.108,2100,0.596596,141,0.004,GOAL
177.208,2094,0.596596,133,0.004,GOAL
177.308,2096,0.596596,133,0.003,GOAL
177.408,2091,0.596596,134,0.003,GOAL
177.508,2096,0.596596,134,0.002,GOAL
177.608,2105,0.596596,136,0.002,GOAL
177.708,2101,0.596596,138,0.002,GOAL
177.808,2099,0.596596,133,0.003,GOAL
177.908,2099,0.596596,137,0.004,GOAL
178.008,2098,0.596596,134,0.005,GOAL
178.108,2104,0.596596,134,0.004,GOAL
178.212,2098,0.596596,137,0.002,GOAL
178.308,2099,0.596596,137,0.003,GOAL
178.408,2100,0.596596,142,0.003,GOAL
178.508,2105,0.596596,138,0.003,GOAL
178.608,2096,0.596596,137,0.007,GOAL
178.708,2095,0.596596,136,0.010,GOAL
178.808,2095,0.596596,134,0.006,GOAL
178.908,2097,0.596596,133,0.001,GOAL
179.008,2102,0.596596,136,0.004,GOAL
179.108,2112,0.596596,138,0.006,GOAL
179.208,2099,0.596596,133,0.004,GOAL
179.312,2101,0.596596,137,0.004,GOAL
179.408,2104,0.596596,135,0.003,GOAL
179.508,2101,0.596596,143,0.002,GOAL
179.612,2099,0.596596,138,0.003,GOAL
179.708,2097,0.596596,137,0.004,GOAL
179.808,2097,0.596596,136,0.004,GOAL
179.908,2102,0.596596,137,0.006,GOAL
180.008,2100,0.596596,138,0.002,GOAL
180.108,2098,0.596596,135,0.003,GOAL
180.208,2098,0.596596,136,0.003,GOAL
180.308,2098,0.596596,143,0.001,GOAL
180.408,2103,0.596596,141,0.006,GOAL
180.508,2100,0.596596,138,0.004,GOAL
180.608,2102,0.596596,140,0.004,GOAL
180.708,2102,0.596596,136,0.007,GOAL
180.812,2101,0.596596,135,0.002,GOAL
180.908,2107,0.596596,140,0.005,GOAL
181.008,2110,0.596596,135,0.002,GOAL
181.108,2102,0.596596,136,0.004,GOAL
181.212,2104,0.596596,135,0.004,GOAL
181.312,2111,0.596596,134,0.007,GOAL
181.408,2114,0.596596,134,0.003,GOAL
181.512,2110,0.596596,133,0.003,GOAL
181.608,2115,0.596596,137,0.002,GOAL
181.708,2113,0.596596,136,0.004,GOAL
181.808,2117,0.596596,139,0.006,GOAL
181.908,2126,0.596596,136,0.004,GOAL
182.008,2110,0.596596,135,0.007,GOAL
182.108,2108,0.596596,136,0.005,GOAL
182.208,2112,0.596596,140,0.007,GOAL
182.308,2109,0.596596,135,0.003,GOAL
182.408,2114,0.596596,135,0.002,GOAL
182.508,2112,0.596596,138,0.001,GOAL
182.608,2124,0.596596,137,0.002,GOAL
182.708,2119,0.596596,137,0.006,GOAL
182.808,2117,0.596596,133,0.004,GOAL
182.908,2113,0.596596,135,0.004,GOAL
183.008,2113,0.596596,134,0.004,GOAL
183.108,2112,0.596596,132,0.005,GOAL
183.212,2119,0.596596,132,0.005,GOAL
183.308,2116,0.596596,137,0.005,GOAL
183.408,2121,0.596596,136,0.002,GOAL
183.512,2122,0.596596,133,0.006,GOAL
183.608,2117,0.596596,139,0.002,GOAL
183.708,2116,0.596596,134,0.005,GOAL
183.808,2114,0.596596,134,0.003,GOAL
183.908,2119,0.596596,137,0.002,GOAL
184.008,2123,0.596596,133,0.005,GOAL
184.108,2121,0.596596,140,0.006,GOAL
184.208,2117,0.596596,130,0.004,GOAL
184.308,2119,0.596596,139,0.004,GOAL
184.408,2116,0.596596,135,0.003,GOAL
184.508,2117,0.596596,133,0.004,GOAL
184.608,2131,0.596596,134,0.003,GOAL
184.712,2123,0.596596,135,0.006,GOAL
184.812,2125,0.596596,140,0.003,GOAL
184.908,2117,0.596596,140,0.004,GOAL
185.008,2116,0.596596,140,0.004,GOAL
185.108,2119,0.596596,136,0.002,GOAL
185.208,2119,0.596596,137,0.004,GOAL
185.308,2117,0.596596,135,0.005,GOAL
185.408,2119,0.596596,139,0.003,GOAL
185.508,2136,0.596596,133,0.006,GOAL
185.608,2130,0.596596,137,0.006,GOAL
185.708,2122,0.596596,136,0.003,GOAL
185.808,2121,0.596596,132,0.007,GOAL
185.908,2116,0.596596,137,0.004,GOAL
186.008,2112,0.596596,138,0.004,GOAL
186.108,2116,0.596596,138,0.005,GOAL
186.208,2126,0.596596,136,0.007,GOAL
186.308,2126,0.596596,134,0.006,GOAL
186.408,2130,0.596596,134,0.004,GOAL
186.508,2122,0.596596,135,0.002,GOAL
186.608,2124,0.596596,136,0.004,GOAL
186.708,2130,0.596596,143,0.004,GOAL
186.808,2120,0.596596,138,0.006,GOAL
186.908,2128,0.596596,140,0.005,GOAL
187.008,2123,0.596596,137,0.002,GOAL
187.108,2118,0.596596,137,0.004,GOAL
187.208,2123,0.596596,138,0.007,GOAL
187.308,2119,0.596596,138,0.005,GOAL
187.408,2121,0.596596,136,0.002,GOAL
187.508,2129,0.596596,138,0.002,GOAL
187.608,2130,0.596596,139,0.006,GOAL
187.712,2123,0.596596,136,0.004,GOAL
187.808,2121,0.596596,131,0.001,GOAL
187.908,2120,0.596596,136,0.004,GOAL
188.008,2125,0.596596,138,0.005,GOAL
188.112,2137,0.596596,137,0.004,GOAL
188.212,2132,0.596596,137,0.002,GOAL
188.348,2140,0.596596,134,0.005,GOAL
188.444,2140,0.596596,137,0.005,GOAL
188.548,2140,0.596596,134,0.005,GOAL
188.648,2122,0.596596,140,0.005,GOAL
188.748,2132,0.596596,135,0.006,GOAL
188.848,2133,0.596596,139,0.004,GOAL
188.944,2124,0.596596,137,0.004,GOAL
189.056,2127,0.596596,131,0.005,GOAL
189.172,2125,0.596596,133,0.003,GOAL
189.272,2129,0.596596,138,0.006,GOAL
189.372,2128,0.596596,134,0.004,GOAL
189.472,2127,0.596596,136,0.004,GOAL
189.572,2128,0.596596,138,0.003,GOAL
189.652,2126,0.596596,139,0.002,GOAL
189.752,2127,0.596596,140,0.003,GOAL
189.872,2125,0.596596,140,0.001,GOAL
189.976,2125,0.596596,141,0.004,GOAL
190.076,2128,0.596596,138,0.004,GOAL
190.208,2131,0.596596,135,0.005,GOAL
190.308,2139,0.596596,138,0.002,GOAL
190.408,2136,0.596596,134,0.005,GOAL
190.508,2130,0.596596,138,0.006,GOAL
190.608,2132,0.596596,136,0.006,GOAL
190.708,2133,0.596596,136,0.005,GOAL
190.812,2134,0.596596,139,0.007,GOAL
190.908,2135,0.596596,138,0.005,GOAL
191.008,2135,0.596596,140,0.006,GOAL
191.108,2133,0.596596,135,0.005,GOAL
191.208,2132,0.596596,139,0.005,GOAL
191.308,2133,0.596596,133,0.007,GOAL
191.408,2131,0.596596,138,0.004,GOAL
191.508,2136,0.596596,137,0.004,GOAL
191.608,2140,0.596596,133,0.002,GOAL
191.708,2133,0.596596,132,0.003,GOAL
191.808,2131,0.596596,135,0.004,GOAL
191.908,2129,0.596596,135,0.003,GOAL
192.008,2127,0.596596,134,0.002,GOAL
192.108,2129,0.596596,136,0.005,GOAL
192.208,2132,0.596596,138,0.003,GOAL
192.312,2132,0.596596,136,0.005,GOAL
192.408,2129,0.596596,136,0.007,GOAL
192.508,2127,0.596596,134,0.005,GOAL
192.608,2127,0.596596,138,0.005,GOAL
192.708,2129,0.596596,138,0.002,GOAL
192.812,2127,0.596596,137,0.005,GOAL
192.908,2130,0.596596,136,0.007,GOAL
193.008,2141,0.596596,137,0.007,GOAL
193.140,2128,0.596596,139,0.003,GOAL
193.260,2138,0.596596,135,0.004,GOAL
193.372,2133,0.596596,134,0.004,GOAL
193.448,2138,0.596596,143,0.003,GOAL
193.572,2145,0.596596,138,0.005,GOAL
193.676,2134,0.596596,136,0.003,GOAL
193.808,2143,0.596596,133,0.005,GOAL
193.908,2134,0.596596,142,0.004,GOAL
194.012,2129,0.596596,133,0.005,GOAL
194.108,2133,0.596596,137,0.003,GOAL
194.208,2140,0.596596,135,0.003,GOAL
194.308,2140,0.596596,135,0.003,GOAL
194.412,2129,0.596596,133,0.004,GOAL
194.508,2129,0.596596,140,0.005,GOAL
194.612,2129,0.596596,135,0.005,GOAL
194.708,2130,0.596596,138,0.005,GOAL
194.808,2138,0.596596,136,0.005,GOAL
194.912,2138,0.596596,140,0.002,GOAL
195.008,2135,0.596596,137,0.006,GOAL
195.108,2146,0.596596,138,0.003,GOAL
195.208,2148,0.596596,133,0.003,GOAL
195.308,2139,0.596596,139,0.004,GOAL
195.408,2133,0.596596,137,0.003,GOAL
195.508,2135,0.596596,141,0.005,GOAL
195.608,2135,0.596596,137,0.004,GOAL
195.708,2136,0.596596,138,0.009,GOAL
195.812,2131,0.596596,137,0.004,GOAL
195.908,2138,0.596596,140,0.005,GOAL
196.008,2132,0.596596,140,0.004,GOAL
196.108,2136,0.596596,135,0.001,GOAL
196.208,2139,0.596596,137,0.005,GOAL
196.308,2134,0.596596,141,0.005,GOAL
196.408,2132,0.596596,138,0.003,GOAL
196.544,2130,0.596596,137,0.005,GOAL
196.648,2130,0.596596,136,0.005,GOAL
196.744,2137,0.596596,137,0.003,GOAL
196.852,2130,0.596596,136,0.004,GOAL
196.972,2130,0.596596,137,0.005,GOAL
197.056,2131,0.596596,138,0.006,GOAL
197.152,2133,0.596596,135,0.002,GOAL
197.272,2135,0.596596,137,0.005,GOAL
197.372,2136,0.596596,136,0.006,GOAL
197.444,2137,0.596596,135,0.011,GOAL
197.556,2135,0.596596,133,0.005,GOAL
197.672,2135,0.596596,138,0.005,GOAL
197.748,2129,0.596596,139,0.001,GOAL
197.844,2130,0.596596,137,0.004,GOAL
197.952,2132,0.596596,135,0.004,GOAL
198.048,2133,0.596596,135,0.004,GOAL
198.172,2134,0.596596,131,0.003,GOAL
198.244,2134,0.596596,136,0.006,GOAL
198.356,2136,0.596596,137,0.006,GOAL
198.444,2134,0.596596,137,0.005,GOAL
198.552,2142,0.596596,136,0.002,GOAL
198.676,2142,0.596596,135,0.002,GOAL
198.808,2140,0.596596,133,0.001,GOAL
198.908,2142,0.596596,136,0.005,GOAL
199.008,2140,0.596596,136,0.003,GOAL
199.112,2138,0.596596,134,0.003,GOAL
199.208,2137,0.596596,137,0.007,GOAL
199.308,2153,0.596596,135,0.005,GOAL
199.408,2142,0.596596,136,0.005,GOAL
199.508,2139,0.596596,137,0.005,GOAL
199.608,2145,0.596596,136,0.004,GOAL
199.708,2158,0.596596,137,0.005,GOAL
199.808,2145,0.596596,134,0.003,GOAL
199.908,2143,0.596596,135,0.006,GOAL
200.008,2140,0.596596,134,0.005,GOAL
200.108,2162,0.596596,138,0.004,GOAL
200.208,2144,0.596596,140,0.007,GOAL
200.308,2138,0.596596,134,0.006,GOAL
200.408,2139,0.596596,138,0.004,GOAL
200.508,2147,0.596596,136,0.006,GOAL
200.608,2143,0.596596,137,0.004,GOAL
200.708,2137,0.596596,141,0.004,GOAL
200.848,2139,0.596596,133,0.003,GOAL
200.944,2139,0.596596,133,0.003,GOAL
201.048,2139,0.596596,139,0.005,GOAL
201.152,2140,0.596596,135,0.006,GOAL
201.252,2144,0.596596,133,0.006,GOAL
201.356,2144,0.596596,133,0.001,GOAL
201.456,2142,0.596596,136,0.005,GOAL
201.564,2148,0.596596,139,0.004,GOAL
201.664,2138,0.596596,137,0.003,GOAL
201.764,2140,0.596596,136,0.003,GOAL
201.864,2146,0.596596,136,0.003,GOAL
201.964,2138,0.596596,132,0.003,GOAL
202.096,2148,0.596596,136,0.002,GOAL
202.232,2154,0.596596,134,0.003,GOAL
202.328,2140,0.596596,135,0.002,GOAL
202.400,2142,0.596596,130,0.004,GOAL
202.500,2138,0.596596,133,0.002,GOAL
202.628,2142,0.596596,135,0.002,GOAL
202.728,2144,0.596596,129,0.004,GOAL
202.828,2146,0.596596,133,0.006,GOAL
202.928,2139,0.596596,135,0.005,GOAL
203.028,2152,0.596596,130,0.003,GOAL
203.128,2145,0.596596,135,0.003,GOAL
203.228,2144,0.596596,132,0.003,GOAL
203.328,2138,0.596596,134,0.005,GOAL
203.428,2136,0.596596,138,0.004,GOAL
203.528,2138,0.596596,135,0.002,GOAL
203.628,2139,0.596596,137,0.003,GOAL
203.728,2141,0.596596,134,0.002,GOAL
203.828,2139,0.596596,137,0.006,GOAL
203.928,2139,0.596596,136,0.002,GOAL
204.000,2141,0.596596,136,0.006,GOAL
204.128,2142,0.596596,141,0.003,GOAL
204.228,2142,0.596596,133,0.006,GOAL
204.332,2166,0.596596,138,0.002,GOAL
204.428,2149,0.596596,134,0.003,GOAL
204.528,2143,0.596596,136,0.004,GOAL
204.628,2142,0.596596,134,0.002,GOAL
204.700,2147,0.596596,138,0.005,GOAL
204.800,2149,0.596596,135,0.001,GOAL
204.904,2144,0.596596,134,0.007,GOAL
205.000,2142,0.596596,137,0.003,GOAL
205.100,2138,0.596596,134,0.005,GOAL
205.204,2141,0.596596,133,0.005,GOAL
205.300,2140,0.596596,131,0.003,GOAL
205.400,2140,0.596596,138,0.006,GOAL
205.504,2142,0.596596,135,0.004,GOAL
205.600,2145,0.596596,137,0.005,GOAL
205.700,2137,0.596596,134,0.005,GOAL
205.800,2138,0.596596,135,0.006,GOAL
205.900,2138,0.596596,136,0.007,GOAL
206.000,2140,0.596596,138,0.006,GOAL
206.100,2139,0.596596,138,0.007,GOAL
206.204,2150,0.596596,138,0.003,GOAL
206.300,2149,0.596596,140,0.005,GOAL
206.400,2139,0.596596,132,0.005,GOAL
206.500,2140,0.596596,140,0.007,GOAL
206.600,2147,0.596596,134,0.005,GOAL
206.700,2153,0.596596,134,0.007,GOAL
206.800,2150,0.596596,131,0.006,GOAL
206.900,2147,0.596596,141,0.005,GOAL
207.000,2143,0.596596,132,0.005,GOAL
207.100,2138,0.596596,141,0.005,GOAL
207.200,2140,0.596596,137,0.007,GOAL
207.300,2142,0.596596,137,0.004,GOAL
207.400,2144,0.596596,134,0.004,GOAL
207.504,2148,0.596596,131,0.004,GOAL
207.604,2153,0.596596,136,0.002,GOAL
207.700,2149,0.596596,130,0.002,GOAL
207.800,2145,0.596596,140,0.003,GOAL
207.900,2144,0.596596,133,0.005,GOAL
208.000,2143,0.596596,139,0.006,GOAL
208.104,2141,0.596596,137,0.004,GOAL
208.200,2140,0.596596,135,0.002,GOAL
208.300,2142,0.596596,137,0.006,GOAL
208.400,2147,0.596596,131,0.005,GOAL
208.500,2150,0.596596,135,0.003,GOAL
208.604,2145,0.596596,134,0.005,GOAL
208.700,2142,0.596596,134,0.005,GOAL
208.800,2139,0.596596,136,0.001,GOAL
208.900,2143,0.596596,135,0.003,GOAL
209.000,2151,0.596596,134,0.004,GOAL
209.100,2153,0.596596,136,0.004,GOAL
209.200,2150,0.596596,137,0.003,GOAL
209.304,2143,0.596596,138,0.003,GOAL
209.400,2144,0.596596,137,0.005,GOAL
209.500,2142,0.596596,140,0.008,GOAL
209.600,2141,0.596596,137,0.005,GOAL
209.700,2145,0.596596,136,0.004,GOAL
209.800,2143,0.596596,133,0.005,GOAL
209.904,2143,0.596596,139,0.003,GOAL
210.000,2144,0.596596,135,0.004,GOAL
210.100,2148,0.596596,141,0.003,GOAL
210.200,2147,0.596596,135,0.005,GOAL
210.300,2148,0.596596,139,0.003,GOAL
210.400,2144,0.596596,135,0.002,GOAL
210.504,2148,0.596596,138,0.001,GOAL
210.600,2153,0.596596,137,0.003,GOAL
210.700,2145,0.596596,138,0.003,GOAL
210.800,2144,0.596596,133,0.002,GOAL
210.900,2148,0.596596,131,0.002,GOAL
211.000,2159,0.596596,138,0.004,GOAL
211.100,2159,0.596596,138,0.003,GOAL
211.204,2150,0.596596,129,0.004,GOAL
211.300,2153,0.596596,131,0.003,GOAL
211.400,2153,0.596596,138,0.003,GOAL
211.500,2160,0.596596,136,0.003,GOAL
211.604,2154,0.596596,133,0.004,GOAL
211.700,2152,0.596596,137,0.005,GOAL
211.800,2151,0.596596,138,0.003,GOAL
211.900,2147,0.596596,132,0.003,GOAL
212.000,2148,0.596596,140,0.003,GOAL
212.104,2146,0.596596,136,0.005,GOAL
212.200,2146,0.596596,137,0.002,GOAL
212.304,2146,0.596596,134,0.005,GOAL
212.404,2145,0.596596,128,0.005,GOAL
212.500,2146,0.596596,139,0.006,GOAL
212.600,2148,0.596596,137,0.004,GOAL
212.700,2150,0.596596,134,0.001,GOAL
212.800,2149,0.596596,137,0.003,GOAL
212.904,2149,0.596596,136,0.002,GOAL
213.000,2155,0.596596,140,0.003,GOAL
213.100,2149,0.596596,136,0.007,GOAL
213.200,2149,0.596596,134,0.007,GOAL
213.300,2151,0.596596,135,0.005,GOAL
213.400,2154,0.596596,137,0.003,GOAL
213.504,2156,0.596596,131,0.005,GOAL
213.600,2147,0.596596,138,0.008,GOAL
213.672,2145,0.596596,139,0.004,GOAL
213.800,2146,0.596596,133,0.003,GOAL
213.900,2143,0.596596,143,0.004,GOAL
214.000,2143,0.596596,136,0.004,GOAL
214.100,2147,0.596596,139,0.004,GOAL
214.200,2146,0.596596,134,0.002,GOAL
214.300,2142,0.596596,140,0.001,GOAL
214.400,2142,0.596596,139,0.003,GOAL
214.500,2141,0.596596,141,0.004,GOAL
214.600,2144,0.596596,140,0.004,GOAL
214.700,2146,0.596596,139,0.005,GOAL
214.800,2148,0.596596,138,0.004,GOAL
214.900,2146,0.596596,138,0.005,GOAL
215.000,2151,0.596596,138,0.002,GOAL
215.100,2153,0.596596,134,0.007,GOAL
215.200,2155,0.596596,143,0.005,GOAL
215.300,2153,0.596596,137,0.004,GOAL
215.400,2147,0.596596,137,0.005,GOAL
215.500,2148,0.596596,141,0.005,GOAL
215.600,2148,0.596596,138,0.003,GOAL
215.700,2152,0.596596,137,0.004,GOAL
215.800,2156,0.596596,133,0.003,GOAL
215.900,2149,0.596596,136,0.004,GOAL
216.000,2161,0.596596,138,0.005,GOAL
216.100,2157,0.596596,141,0.002,GOAL
216.200,2152,0.596596,134,0.002,GOAL
216.300,2156,0.596596,140,0.004,GOAL
216.404,2147,0.596596,138,0.003,GOAL
216.500,2150,0.596596,137,0.005,GOAL
216.600,2148,0.596596,139,0.004,GOAL
216.700,2152,0.596596,139,0.003,GOAL
216.800,2147,0.596596,133,0.002,GOAL
216.904,2148,0.596596,132,0.004,GOAL
217.000,2154,0.596596,137,0.003,GOAL
217.100,2156,0.596596,140,0.002,GOAL
217.200,2158,0.596596,133,0.004,GOAL
217.300,2151,0.596596,140,0.001,GOAL
217.400,2152,0.596596,135,0.005,GOAL
217.504,2157,0.596596,139,0.003,GOAL
217.616,2155,0.596596,138,0.001,GOAL
217.716,2156,0.596596,133,0.005,GOAL
217.816,2159,0.596596,140,0.002,GOAL
217.916,2158,0.596596,140,0.006,GOAL
218.016,2155,0.596596,138,0.005,GOAL
218.116,2154,0.596596,142,0.001,GOAL
218.188,2153,0.596596,137,0.004,GOAL
218.316,2152,0.596596,137,0.004,GOAL
218.416,2152,0.596596,137,0.007,GOAL
218.516,2151,0.596596,142,0.011,GOAL
218.616,2155,0.596596,142,0.007,GOAL
218.720,2150,0.596596,138,0.004,GOAL
218.816,2156,0.596596,140,0.003,GOAL
218.916,2150,0.596596,137,0.004,GOAL
219.016,2148,0.596596,145,0.004,GOAL
219.120,2150,0.596596,132,0.003,GOAL
219.216,2151,0.596596,136,0.004,GOAL
219.316,2151,0.596596,137,0.002,GOAL
219.420,2154,0.596596,135,0.004,GOAL
219.516,2157,0.596596,136,0.004,GOAL
219.616,2158,0.596596,135,0.005,GOAL
219.716,2156,0.596596,137,0.004,GOAL
219.816,2160,0.596596,136,0.004,GOAL
219.916,2159,0.596596,133,0.007,GOAL
220.016,2157,0.596596,134,0.004,GOAL
220.116,2154,0.596596,139,0.007,GOAL
220.216,2152,0.596596,142,0.005,GOAL
220.316,2164,0.596596,138,0.006,GOAL
220.420,2150,0.596596,137,0.005,GOAL
220.516,2151,0.596596,139,0.003,GOAL
220.620,2151,0.596596,137,0.005,GOAL
220.748,2154,0.596596,141,0.002,GOAL
220.856,2157,0.596596,136,0.011,GOAL
220.980,2161,0.596596,135,0.003,GOAL
221.052,2153,0.596596,138,0.001,GOAL
221.168,2159,0.596596,136,0.004,GOAL
221.280,2157,0.596596,135,0.005,GOAL
221.352,2153,0.596596,136,0.005,GOAL
221.480,2155,0.596596,140,0.008,GOAL
221.552,2154,0.596596,138,0.007,GOAL
221.664,2153,0.596596,139,0.006,GOAL
221.780,2155,0.596596,138,0.003,GOAL
221.880,2152,0.596596,138,0.003,GOAL
221.980,2154,0.596596,136,0.005,GOAL
222.052,2155,0.596596,139,0.005,GOAL
222.164,2173,0.596596,138,0.003,GOAL
222.280,2185,0.596596,134,0.002,GOAL
222.356,2160,0.596596,136,0.002,GOAL
222.456,2158,0.596596,137,0.006,GOAL
222.552,2157,0.596596,137,0.004,GOAL
222.664,2158,0.596596,139,0.002,GOAL
222.752,2161,0.596596,141,0.001,GOAL
222.864,2165,0.596596,138,0.005,GOAL
222.980,2162,0.596596,137,0.005,GOAL
223.056,2159,0.596596,134,0.008,GOAL
223.164,2158,0.596596,136,0.005,GOAL
223.280,2162,0.596596,136,0.002,GOAL
223.360,2164,0.596596,136,0.004,GOAL
223.480,2161,0.596596,137,0.004,GOAL
223.580,2162,0.596596,139,0.003,GOAL
223.652,2160,0.596596,135,0.005,GOAL
223.780,2181,0.596596,134,0.007,GOAL
223.880,2166,0.596596,132,0.004,GOAL
223.980,2161,0.596596,135,0.002,GOAL
224.080,2161,0.596596,140,0.003,GOAL
224.156,2159,0.596596,134,0.006,GOAL
224.256,2159,0.596596,137,0.004,GOAL
224.380,2161,0.596596,134,0.005,GOAL
224.452,2161,0.596596,139,0.004,GOAL
224.576,2171,0.596596,131,0.003,GOAL
224.680,2167,0.596596,134,0.002,GOAL
224.780,2169,0.596596,138,0.004,GOAL
224.852,2172,0.596596,135,0.003,GOAL
224.980,2168,0.596596,138,0.007,GOAL
225.080,2167,0.596596,142,0.005,GOAL
225.180,2167,0.596596,137,0.001,GOAL
225.280,2166,0.596596,141,0.002,GOAL
225.356,2170,0.596596,139,0.003,GOAL
225.452,2168,0.596596,140,0.004,GOAL
225.556,2165,0.596596,137,0.004,GOAL
225.652,2169,0.596596,136,0.003,GOAL
225.752,2174,0.596596,133,0.004,GOAL
225.880,2187,0.596596,135,0.003,GOAL
225.956,2170,0.596596,135,0.008,GOAL
226.072,2173,0.596596,130,0.004,GOAL
226.188,2172,0.596596,136,0.005,GOAL
226.260,2174,0.596596,138,0.002,GOAL
226.368,2180,0.596596,136,0.002,GOAL
226.488,2174,0.596596,132,0.004,GOAL
226.568,2172,0.596596,133,0.008,GOAL
226.664,2172,0.596596,129,0.002,GOAL
226.788,2170,0.596596,139,0.003,GOAL
226.860,2170,0.596596,133,0.008,GOAL
226.976,2171,0.596596,130,0.006,GOAL
227.088,2175,0.596596,133,0.004,GOAL
227.188,2174,0.596596,135,0.002,GOAL
227.288,2177,0.596596,134,0.003,GOAL
227.388,2178,0.596596,136,0.003,GOAL
227.488,2177,0.596596,133,0.005,GOAL
227.588,2176,0.596596,133,0.002,GOAL
227.668,2173,0.596596,138,0.004,GOAL
227.772,2177,0.596596,134,0.004,GOAL
227.888,2173,0.596596,137,0.004,GOAL
227.964,2171,0.596596,139,0.004,GOAL
228.064,2173,0.596596,137,0.005,GOAL
228.188,2175,0.596596,134,0.005,GOAL
228.288,2173,0.596596,135,0.004,GOAL
228.360,2175,0.596596,136,0.002,GOAL
228.488,2179,0.596596,136,0.004,GOAL
228.564,2175,0.596596,140,0.004,GOAL
228.660,2173,0.596596,143,0.004,GOAL
228.788,2178,0.596596,137,0.004,GOAL
228.860,2174,0.596596,140,0.007,GOAL
228.960,2177,0.596596,132,0.003,GOAL
229.088,2176,0.596596,137,0.002,GOAL
229.160,2172,0.596596,137,0.004,GOAL
229.272,2173,0.596596,136,0.004,GOAL
229.388,2173,0.596596,136,0.002,GOAL
229.464,2173,0.596596,137,0.003,GOAL
229.572,2175,0.596596,139,0.001,GOAL
229.688,2175,0.596596,136,0.002,GOAL
229.788,2174,0.596596,136,0.002,GOAL
229.860,2173,0.596596,135,0.004,GOAL
229.960,2186,0.596596,138,0.002,GOAL
230.060,2181,0.596596,137,0.005,GOAL
230.188,2183,0.596596,139,0.004,GOAL
230.292,2176,0.596596,138,0.004,GOAL
230.424,2175,0.596596,141,0.005,GOAL
230.524,2177,0.596596,141,0.004,GOAL
230.624,2180,0.596596,142,0.003,GOAL
230.724,2180,0.596596,136,0.005,GOAL
230.828,2177,0.596596,138,0.003,GOAL
230.928,2139,0.596596,139,0.010,GOAL
231.028,2141,0.596596,134,0.008,GOAL
231.128,2144,0.596596,135,0.005,GOAL
231.224,2143,0.596596,133,0.003,GOAL
231.324,2147,0.596596,139,0.008,GOAL
231.424,2152,0.596596,133,0.004,GOAL
231.524,2144,0.596596,134,0.001,GOAL
231.624,2143,0.596596,134,0.004,GOAL
231.724,2143,0.596596,136,0.003,GOAL
231.828,2143,0.596596,136,0.004,GOAL
231.928,2144,0.596596,138,0.001,GOAL
232.024,2148,0.596596,140,0.003,GOAL
232.128,2141,0.596596,138,0.006,GOAL
232.224,2142,0.596596,137,0.003,GOAL
232.324,2142,0.596596,140,0.005,GOAL
232.424,2144,0.596596,135,0.005,GOAL
232.524,2147,0.596596,137,0.004,GOAL
232.624,2153,0.596596,130,0.002,GOAL
232.724,2159,0.596596,135,0.003,GOAL
232.824,2153,0.596596,135,0.004,GOAL
232.924,2155,0.596596,136,0.004,GOAL
233.024,2159,0.596596,134,0.005,GOAL
233.124,2147,0.596596,138,0.001,GOAL
233.224,2146,0.596596,138,0.003,GOAL
233.324,2145,0.596596,137,0.005,GOAL
233.424,2146,0.596596,136,0.004,GOAL
233.548,2148,0.596596,135,0.002,GOAL
233.648,2150,0.596596,139,0.006,GOAL
233.740,2144,0.596596,131,0.006,GOAL
233.856,2146,0.596596,135,0.001,GOAL
233.964,2147,0.596596,135,0.006,GOAL
234.096,2145,0.596596,139,0.002,GOAL
234.196,2148,0.596596,142,0.003,GOAL
234.296,2148,0.596596,135,0.004,GOAL
234.396,2154,0.596596,140,0.005,GOAL
234.496,2159,0.596596,138,0.003,GOAL
234.596,2150,0.596596,138,0.004,GOAL
234.696,2146,0.596596,134,0.009,GOAL
234.796,2154,0.596596,134,0.002,GOAL
234.896,2146,0.596596,128,0.007,GOAL
234.996,2145,0.596596,134,0.007,GOAL
235.096,2146,0.596596,140,0.006,GOAL
235.196,2148,0.596596,133,0.004,GOAL
235.296,2157,0.596596,136,0.005,GOAL
235.396,2147,0.596596,137,0.001,GOAL
235.496,2145,0.596596,132,0.004,GOAL
235.600,2147,0.596596,136,0.003,GOAL
235.700,2154,0.596596,136,0.003,GOAL
235.796,2153,0.596596,134,0.002,GOAL
235.896,2148,0.596596,137,0.002,GOAL
235.996,2147,0.596596,136,0.004,GOAL
236.096,2150,0.596596,138,0.003,GOAL
236.168,2150,0.596596,132,0.007,GOAL
236.296,2164,0.596596,128,0.005,GOAL
236.396,2155,0.596596,137,0.007,GOAL
236.496,2152,0.596596,137,0.005,GOAL
236.596,2157,0.596596,134,0.002,GOAL
236.696,2157,0.596596,136,0.004,GOAL
236.796,2149,0.596596,137,0.004,GOAL
236.896,2157,0.596596,141,0.003,GOAL
236.996,2154,0.596596,139,0.004,GOAL
237.100,2151,0.596596,139,0.003,GOAL
237.200,2149,0.596596,140,0.005,GOAL
237.296,2146,0.596596,133,0.005,GOAL
237.396,2152,0.596596,142,0.005,GOAL
237.496,2148,0.596596,134,0.005,GOAL
237.596,2148,0.596596,138,0.004,GOAL
237.696,2156,0.596596,132,0.006,GOAL
237.796,2155,0.596596,138,0.004,GOAL
237.896,2154,0.596596,133,0.008,GOAL
237.996,2159,0.596596,136,0.005,GOAL
238.100,2154,0.596596,137,0.006,GOAL
238.200,2155,0.596596,138,0.005,GOAL
238.296,2154,0.596596,131,0.005,GOAL
238.396,2154,0.596596,137,0.002,GOAL
238.496,2157,0.596596,135,0.003,GOAL
238.596,2156,0.596596,137,0.006,GOAL
238.696,2151,0.596596,138,0.004,GOAL
238.796,2153,0.596596,134,0.004,GOAL
238.896,2153,0.596596,134,0.003,GOAL
238.996,2154,0.596596,130,0.003,GOAL
239.096,2155,0.596596,135,0.003,GOAL
239.196,2156,0.596596,137,0.002,GOAL
239.296,2160,0.596596,138,0.007,GOAL
239.396,2168,0.596596,135,0.002,GOAL
239.496,2159,0.596596,136,0.003,GOAL
239.596,2160,0.596596,136,0.002,GOAL
239.696,2164,0.596596,133,0.004,GOAL
239.796,2155,0.596596,134,0.004,GOAL
239.912,2168,0.596596,133,0.005,GOAL
240.012,2157,0.596596,134,0.004,GOAL
240.112,2156,0.596596,134,0.003,GOAL
240.212,2158,0.596596,135,0.003,GOAL
240.312,2160,0.596596,138,0.006,GOAL
240.412,2159,0.596596,133,0.008,GOAL
240.512,2157,0.596596,132,0.004,GOAL
240.612,2165,0.596596,137,0.003,GOAL
240.712,2156,0.596596,133,0.003,GOAL
240.816,2175,0.596596,136,0.004,GOAL
240.916,2164,0.596596,133,0.006,GOAL
241.012,2154,0.596596,135,0.006,GOAL
241.112,2157,0.596596,137,0.006,GOAL
241.212,2162,0.596596,137,0.006,GOAL
241.312,2161,0.596596,133,0.006,GOAL
241.412,2166,0.596596,134,0.006,GOAL
241.512,2169,0.596596,137,0.005,GOAL
241.612,2159,0.596596,135,0.002,GOAL
241.712,2164,0.596596,139,0.009,GOAL
241.812,2162,0.596596,137,0.005,GOAL
241.944,2162,0.596596,139,0.004,GOAL
242.060,2161,0.596596,137,0.006,GOAL
242.176,2163,0.596596,138,0.005,GOAL
242.248,2161,0.596596,134,0.004,GOAL
242.348,2160,0.596596,140,0.004,GOAL
242.452,2163,0.596596,135,0.006,GOAL
242.576,2163,0.596596,135,0.003,GOAL
242.676,2161,0.596596,130,0.003,GOAL
242.776,2156,0.596596,136,0.007,GOAL
242.848,2160,0.596596,136,0.005,GOAL
242.976,2162,0.596596,136,0.007,GOAL
243.080,2159,0.596596,139,0.005,GOAL
243.216,2161,0.596596,140,0.003,GOAL
243.316,2156,0.596596,137,0.003,GOAL
243.412,2157,0.596596,134,0.005,GOAL
243.512,2158,0.596596,133,0.003,GOAL
243.616,2158,0.596596,139,0.002,GOAL
243.712,2160,0.596596,133,0.007,GOAL
243.816,2164,0.596596,136,0.003,GOAL
243.912,2154,0.596596,137,0.003,GOAL
244.012,2154,0.596596,136,0.003,GOAL
244.112,2161,0.596596,136,0.004,GOAL
244.212,2162,0.596596,135,0.004,GOAL
244.312,2155,0.596596,131,0.005,GOAL
244.412,2154,0.596596,133,0.004,GOAL
244.512,2155,0.596596,133,0.003,GOAL
244.612,2165,0.596596,137,0.005,GOAL
244.712,2163,0.596596,134,0.003,GOAL
244.812,2156,0.596596,140,0.002,GOAL
244.912,2157,0.596596,136,0.003,GOAL
245.012,2159,0.596596,134,0.005,GOAL
245.112,2158,0.596596,134,0.006,GOAL
245.248,2160,0.596596,131,0.004,GOAL
245.348,2161,0.596596,137,0.004,GOAL
245.452,2157,0.596596,133,0.009,GOAL
245.552,2166,0.596596,140,0.006,GOAL
245.676,2159,0.596596,134,0.006,GOAL
245.776,2158,0.596596,139,0.004,GOAL
245.848,2160,0.596596,128,0.004,GOAL
245.924,2158,0.596596,134,0.001,GOAL
246.020,2162,0.596596,133,0.005,GOAL
246.120,2163,0.596596,137,0.001,GOAL
246.220,2159,0.596596,140,0.004,GOAL
246.320,2162,0.596596,140,0.004,GOAL
246.420,2160,0.596596,133,0.006,GOAL
246.520,2162,0.596596,133,0.003,GOAL
246.620,2158,0.596596,137,0.001,GOAL
246.720,2158,0.596596,139,0.003,GOAL
246.820,2156,0.596596,140,0.004,GOAL
246.924,2155,0.596596,137,0.004,GOAL
247.024,2160,0.596596,130,0.004,GOAL
247.120,2160,0.596596,139,0.003,GOAL
247.224,2157,0.596596,133,0.004,GOAL
247.320,2160,0.596596,139,0.005,GOAL
247.420,2157,0.596596,138,0.005,GOAL
247.520,2157,0.596596,137,0.005,GOAL
247.620,2164,0.596596,132,0.003,GOAL
247.720,2162,0.596596,134,0.004,GOAL
247.820,2155,0.596596,138,0.004,GOAL
247.920,2154,0.596596,138,0.002,GOAL
248.020,2159,0.596596,141,0.003,GOAL
248.120,2156,0.596596,136,0.005,GOAL
248.220,2174,0.596596,137,0.002,GOAL
248.320,2163,0.596596,136,0.003,GOAL
248.420,2155,0.596596,141,0.003,GOAL
248.520,2152,0.596596,137,0.007,GOAL
248.620,2157,0.596596,135,0.007,GOAL
248.720,2152,0.596596,130,0.005,GOAL
248.820,2153,0.596596,138,0.002,GOAL
248.920,2156,0.596596,136,0.003,GOAL
249.020,2156,0.596596,136,0.006,GOAL
249.124,2159,0.596596,132,0.003,GOAL
249.220,2155,0.596596,133,0.006,GOAL
249.320,2165,0.596596,135,0.003,GOAL
249.420,2153,0.596596,135,0.001,GOAL
249.520,2170,0.596596,136,0.003,GOAL
249.652,2168,0.596596,133,0.003,GOAL
249.784,2162,0.596596,133,0.004,GOAL
249.864,2150,0.596596,136,0.003,GOAL
249.964,2151,0.596596,136,0.003,GOAL
250.084,2158,0.596596,133,0.003,GOAL
250.160,2152,0.596596,136,0.003,GOAL
250.268,2152,0.596596,134,0.005,GOAL
250.384,2154,0.596596,138,0.004,GOAL
250.456,2152,0.596596,137,0.001,GOAL
250.564,2152,0.596596,137,0.004,GOAL
250.684,2157,0.596596,138,0.004,GOAL
250.784,2151,0.596596,137,0.003,GOAL
250.860,2151,0.596596,137,0.005,GOAL
250.972,2157,0.596596,137,0.007,GOAL
251.084,2153,0.596596,129,0.007,GOAL
251.160,2155,0.596596,138,0.004,GOAL
251.272,2160,0.596596,132,0.003,GOAL
251.384,2156,0.596596,135,0.003,GOAL
251.464,2157,0.596596,133,0.001,GOAL
251.584,2155,0.596596,133,0.003,GOAL
251.684,2154,0.596596,137,0.005,GOAL
251.788,2157,0.596596,135,0.004,GOAL
251.884,2148,0.596596,131,0.006,GOAL
251.988,2150,0.596596,134,0.005,GOAL
252.120,2151,0.596596,135,0.002,GOAL
252.220,2150,0.596596,134,0.005,GOAL
252.320,2152,0.596596,138,0.007,GOAL
252.420,2150,0.596596,137,0.007,GOAL
252.520,2152,0.596596,135,0.002,GOAL
252.620,2152,0.596596,141,0.009,GOAL
252.724,2156,0.596596,141,0.006,GOAL
252.820,2162,0.596596,135,0.004,GOAL
252.920,2155,0.596596,137,0.002,GOAL
253.020,2149,0.596596,138,0.003,GOAL
253.120,2154,0.596596,135,0.003,GOAL
253.220,2151,0.596596,136,0.007,GOAL
253.324,2159,0.596596,133,0.007,GOAL
253.420,2154,0.596596,133,0.005,GOAL
253.524,2149,0.596596,136,0.005,GOAL
253.620,2162,0.596596,142,0.003,GOAL
253.720,2155,0.596596,135,0.008,GOAL
253.820,2160,0.596596,139,0.004,GOAL
253.920,2152,0.596596,138,0.003,GOAL
254.020,2154,0.596596,137,0.004,GOAL
254.120,2150,0.596596,134,0.004,GOAL
254.220,2153,0.596596,139,0.006,GOAL
254.320,2160,0.596596,137,0.003,GOAL
254.420,2163,0.596596,134,0.004,GOAL
254.556,2153,0.596596,136,0.007,GOAL
254.668,2157,0.596596,140,0.008,GOAL
254.788,2159,0.596596,137,0.006,GOAL
254.888,2152,0.596596,136,0.005,GOAL
255.020,2154,0.596596,132,0.005,GOAL
255.120,2152,0.596596,138,0.007,GOAL
255.220,2159,0.596596,136,0.008,GOAL
255.352,2151,0.596596,139,0.005,GOAL
255.484,2152,0.596596,138,0.003,GOAL
255.556,2153,0.596596,141,0.003,GOAL
255.692,2163,0.596596,136,0.001,GOAL
255.820,2159,0.596596,137,0.005,GOAL
255.920,2158,0.596596,140,0.007,GOAL
256.024,2152,0.596596,138,0.005,GOAL
256.120,2156,0.596596,143,0.005,GOAL
256.252,2161,0.596596,142,0.003,GOAL
256.384,2152,0.596596,133,0.004,GOAL
256.484,2151,0.596596,130,0.007,GOAL
256.560,2151,0.596596,140,0.003,GOAL
256.660,2151,0.596596,137,0.005,GOAL
256.788,2151,0.596596,137,0.006,GOAL
256.924,2153,0.596596,130,0.005,GOAL
257.020,2150,0.596596,138,0.002,GOAL
257.120,2153,0.596596,138,0.002,GOAL
257.220,2154,0.596596,139,0.003,GOAL
257.320,2153,0.596596,134,0.004,GOAL
257.452,2162,0.596596,130,0.005,GOAL
257.560,2158,0.596596,140,0.002,GOAL
257.684,2154,0.596596,131,0.004,GOAL
257.756,2153,0.596596,137,0.005,GOAL
257.860,2157,0.596596,130,0.006,GOAL
257.984,2159,0.596596,131,0.006,GOAL
258.084,2158,0.596596,139,0.003,GOAL
258.184,2158,0.596596,139,0.004,GOAL
258.284,2159,0.596596,138,0.002,GOAL
258.384,2158,0.596596,132,0.001,GOAL
258.484,2161,0.596596,135,0.007,GOAL
258.556,2164,0.596596,136,0.002,GOAL
258.668,2167,0.596596,138,0.003,GOAL
258.784,2175,0.596596,135,0.003,GOAL
258.888,2173,0.596596,135,0.003,GOAL
258.964,2161,0.596596,137,0.002,GOAL
259.068,2163,0.596596,138,0.004,GOAL
259.184,2165,0.596596,135,0.004,GOAL
259.264,2160,0.596596,133,0.006,GOAL
259.368,2162,0.596596,136,0.005,GOAL
259.484,2164,0.596596,139,0.005,GOAL
259.556,2160,0.596596,136,0.007,GOAL
259.664,2165,0.596596,133,0.002,GOAL
259.784,2160,0.596596,136,0.001,GOAL
259.884,2160,0.596596,136,0.003,GOAL
259.956,2159,0.596596,136,0.001,GOAL
260.064,2157,0.596596,133,0.005,GOAL
260.184,2156,0.596596,134,0.006,GOAL
260.284,2163,0.596596,137,0.004,GOAL
260.384,2166,0.596596,139,0.003,GOAL
260.456,2142,0.596596,140,0.003,GOAL
260.576,2140,0.596596,134,0.006,GOAL
260.684,2140,0.596596,136,0.005,GOAL
260.756,2138,0.596596,137,0.006,GOAL
260.856,2137,0.596596,134,0.003,GOAL
260.960,2145,0.596596,137,0.007,GOAL
261.084,2142,0.596596,132,0.006,GOAL
261.160,2135,0.596596,140,0.009,GOAL
261.268,2144,0.596596,135,0.006,GOAL
261.388,2133,0.596596,139,0.003,GOAL
261.464,2133,0.596596,138,0.006,GOAL
261.572,2134,0.596596,138,0.002,GOAL
261.692,2141,0.596596,137,0.006,GOAL
261.824,2152,0.596596,139,0.005,GOAL
261.924,2137,0.596596,139,0.004,GOAL
262.024,2139,0.596596,139,0.005,GOAL
262.124,2135,0.596596,135,0.004,GOAL
262.224,2139,0.596596,134,0.002,GOAL
262.324,2137,0.596596,134,0.003,GOAL
262.424,2139,0.596596,141,0.006,GOAL
262.524,2139,0.596596,137,0.006,GOAL
262.624,2136,0.596596,137,0.006,GOAL
262.728,2139,0.596596,141,0.002,GOAL
262.824,2138,0.596596,136,0.007,GOAL
262.924,2150,0.596596,137,0.005,GOAL
263.024,2141,0.596596,133,0.004,GOAL
263.124,2143,0.596596,138,0.004,GOAL
263.224,2141,0.596596,135,0.005,GOAL
263.324,2146,0.596596,140,0.004,GOAL
263.424,2139,0.596596,133,0.002,GOAL
263.524,2141,0.596596,133,0.003,GOAL
263.628,2147,0.596596,137,0.002,GOAL
263.724,2139,0.596596,134,0.010,GOAL
263.824,2146,0.596596,131,0.003,GOAL
263.924,2148,0.596596,137,0.007,GOAL
264.024,2141,0.596596,134,0.006,GOAL
264.124,2144,0.596596,136,0.005,GOAL
264.224,2146,0.596596,133,0.004,GOAL
264.328,2139,0.596596,139,0.004,GOAL
264.424,2139,0.596596,141,0.002,GOAL
264.528,2139,0.596596,136,0.003,GOAL
264.628,2146,0.596596,142,0.006,GOAL
264.724,2143,0.596596,134,0.002,GOAL
264.856,2147,0.596596,141,0.006,GOAL
264.964,2140,0.596596,138,0.003,GOAL
265.088,2142,0.596596,137,0.001,GOAL
265.188,2142,0.596596,135,0.003,GOAL
265.288,2140,0.596596,142,0.006,GOAL
265.392,2140,0.596596,136,0.007,GOAL
265.488,2141,0.596596,137,0.004,GOAL
265.560,2140,0.596596,140,0.005,GOAL
265.664,2144,0.596596,137,0.005,GOAL
265.788,2141,0.596596,138,0.003,GOAL
265.860,2136,0.596596,135,0.003,GOAL
265.976,2140,0.596596,143,0.006,GOAL
266.088,2139,0.596596,133,0.008,GOAL
266.160,2140,0.596596,138,0.007,GOAL
266.268,2145,0.596596,137,0.005,GOAL
266.360,2147,0.596596,137,0.005,GOAL
266.488,2154,0.596596,134,0.003,GOAL
266.588,2143,0.596596,139,0.003,GOAL
266.688,2146,0.596596,137,0.003,GOAL
266.760,2140,0.596596,138,0.007,GOAL
266.868,2138,0.596596,141,0.004,GOAL
266.988,2139,0.596596,135,0.009,GOAL
267.064,2139,0.596596,141,0.003,GOAL
267.172,2138,0.596596,138,0.004,GOAL
267.260,2138,0.596596,142,0.006,GOAL
267.360,2139,0.596596,136,0.004,GOAL
267.488,2147,0.596596,138,0.005,GOAL
267.592,2140,0.596596,135,0.007,GOAL
267.692,2142,0.596596,136,0.008,GOAL
267.824,2136,0.596596,139,0.004,GOAL
267.924,2135,0.596596,137,0.005,GOAL
268.024,2136,0.596596,141,0.005,GOAL
268.124,2138,0.596596,139,0.008,GOAL
268.224,2137,0.596596,140,0.007,GOAL
268.324,2136,0.596596,142,0.004,GOAL
268.424,2137,0.596596,135,0.004,GOAL
268.524,2137,0.596596,138,0.004,GOAL
268.624,2138,0.596596,135,0.003,GOAL
268.724,2140,0.596596,138,0.006,GOAL
268.824,2143,0.596596,136,0.006,GOAL
268.928,2137,0.596596,138,0.011,GOAL
269.024,2138,0.596596,141,0.009,GOAL
269.124,2140,0.596596,136,0.005,GOAL
269.228,2143,0.596596,139,0.009,GOAL
269.324,2144,0.596596,131,0.010,GOAL
269.424,2145,0.596596,142,0.007,GOAL
269.524,2142,0.596596,136,0.005,GOAL
269.628,2143,0.596596,138,0.011,GOAL
269.724,2140,0.596596,139,0.004,GOAL
269.824,2142,0.596596,138,0.006,GOAL
269.928,2144,0.596596,138,0.002,GOAL
270.024,2141,0.596596,138,0.003,GOAL
270.124,2142,0.596596,138,0.005,GOAL
270.224,2152,0.596596,140,0.004,GOAL
270.324,2141,0.596596,140,0.003,GOAL
270.424,2142,0.596596,139,0.004,GOAL
270.524,2140,0.596596,141,0.002,GOAL
270.624,2141,0.596596,135,0.003,GOAL
270.724,2147,0.596596,137,0.005,GOAL
270.824,2141,0.596596,136,0.003,GOAL
270.924,2147,0.596596,136,0.005,GOAL
271.024,2142,0.596596,139,0.005,GOAL
271.124,2146,0.596596,136,0.001,GOAL
271.224,2140,0.596596,141,0.003,GOAL
271.356,2147,0.596596,138,0.003,GOAL
271.488,2157,0.596596,134,0.003,GOAL
271.588,2145,0.596596,140,0.004,GOAL
271.660,2140,0.596596,136,0.003,GOAL
271.744,2141,0.596596,136,0.005,GOAL
271.868,2156,0.596596,137,0.004,GOAL
271.968,2147,0.596596,138,0.002,GOAL
272.040,2141,0.596596,137,0.004,GOAL
272.152,2142,0.596596,138,0.005,GOAL
272.240,2142,0.596596,135,0.003,GOAL
272.348,2145,0.596596,136,0.007,GOAL
272.468,2142,0.596596,138,0.007,GOAL
272.568,2140,0.596596,140,0.005,GOAL
272.672,2143,0.596596,140,0.005,GOAL
272.804,2143,0.596596,138,0.004,GOAL
272.904,2145,0.596596,139,0.003,GOAL
273.004,2144,0.596596,138,0.002,GOAL
273.104,2145,0.596596,138,0.006,GOAL
273.208,2147,0.596596,135,0.005,GOAL
273.304,2155,0.596596,138,0.007,GOAL
273.408,2144,0.596596,140,0.006,GOAL
273.508,2147,0.596596,137,0.003,GOAL
273.608,2142,0.596596,136,0.008,GOAL
273.712,2144,0.596596,139,0.006,GOAL
273.808,2142,0.596596,137,0.006,GOAL
273.908,2142,0.596596,135,0.001,GOAL
274.008,2142,0.596596,138,0.004,GOAL
274.108,2145,0.596596,138,0.007,GOAL
274.208,2143,0.596596,138,0.004,GOAL
274.308,2143,0.596596,140,0.004,GOAL
274.408,2142,0.596596,142,0.004,GOAL
274.508,2143,0.596596,134,0.005,GOAL
274.608,2142,0.596596,137,0.007,GOAL
274.708,2143,0.596596,139,0.005,GOAL
274.808,2144,0.596596,136,0.004,GOAL
274.908,2138,0.596596,135,0.002,GOAL
275.008,2139,0.596596,143,0.003,GOAL
275.108,2140,0.596596,141,0.004,GOAL
275.208,2141,0.596596,138,0.003,GOAL
275.308,2143,0.596596,136,0.003,GOAL
275.408,2141,0.596596,136,0.001,GOAL
275.508,2148,0.596596,137,0.006,GOAL
275.608,2142,0.596596,139,0.008,GOAL
275.708,2144,0.596596,128,0.009,GOAL
275.808,2148,0.596596,135,0.002,GOAL
275.908,2150,0.596596,136,0.008,GOAL
276.008,2150,0.596596,134,0.003,GOAL
276.108,2146,0.596596,139,0.004,GOAL
276.208,2154,0.596596,136,0.007,GOAL
276.308,2151,0.596596,137,0.005,GOAL
276.412,2158,0.596596,135,0.005,GOAL
276.512,2147,0.596596,138,0.002,GOAL
276.608,2153,0.596596,135,0.005,GOAL
276.708,2150,0.596596,136,0.003,GOAL
276.808,2148,0.596596,138,0.005,GOAL
276.908,2150,0.596596,137,0.005,GOAL
277.012,2150,0.596596,137,0.002,GOAL
277.108,2154,0.596596,132,0.003,GOAL
277.208,2148,0.596596,139,0.006,GOAL
277.308,2149,0.596596,131,0.004,GOAL
277.408,2149,0.596596,134,0.005,GOAL
277.508,2147,0.596596,138,0.002,GOAL
277.608,2147,0.596596,135,0.004,GOAL
277.708,2154,0.596596,137,0.004,GOAL
277.808,2148,0.596596,134,0.006,GOAL
277.908,2155,0.596596,136,0.003,GOAL
278.008,2148,0.596596,135,0.003,GOAL
278.108,2153,0.596596,140,0.004,GOAL
278.208,2146,0.596596,134,0.006,GOAL
278.308,2151,0.596596,138,0.006,GOAL
278.408,2150,0.596596,139,0.002,GOAL
278.508,2154,0.596596,136,0.006,GOAL
278.608,2156,0.596596,137,0.004,GOAL
278.708,2159,0.596596,133,0.001,GOAL
278.808,2155,0.596596,131,0.003,GOAL
278.912,2156,0.596596,141,0.005,GOAL
279.012,2148,0.596596,136,0.005,GOAL
279.108,2149,0.596596,139,0.004,GOAL
279.208,2148,0.596596,133,0.005,GOAL
279.308,2148,0.596596,141,0.001,GOAL
279.408,2147,0.596596,134,0.002,GOAL
279.508,2145,0.596596,132,0.004,GOAL
279.608,2147,0.596596,139,0.002,GOAL
279.708,2147,0.596596,135,0.005,GOAL
279.808,2150,0.596596,141,0.003,GOAL
279.908,2148,0.596596,138,0.003,GOAL
280.008,2145,0.596596,139,0.004,GOAL
280.108,2142,0.596596,137,0.004,GOAL
280.208,2143,0.596596,139,0.002,GOAL
280.308,2149,0.596596,138,0.006,GOAL
280.408,2152,0.596596,135,0.002,GOAL
280.508,2145,0.596596,138,0.002,GOAL
280.608,2142,0.596596,137,0.004,GOAL
280.708,2147,0.596596,135,0.001,GOAL
280.808,2151,0.596596,136,0.006,GOAL
280.908,2145,0.596596,136,0.008,GOAL
281.008,2145,0.596596,135,0.008,GOAL
281.108,2145,0.596596,140,0.007,GOAL
281.208,2146,0.596596,140,0.004,GOAL
281.308,2146,0.596596,140,0.004,GOAL
281.408,2154,0.596596,139,0.004,GOAL
281.508,2150,0.596596,133,0.003,GOAL
281.612,2158,0.596596,135,0.004,GOAL
281.708,2151,0.596596,138,0.007,GOAL
281.808,2156,0.596596,137,0.008,GOAL
281.908,2148,0.596596,132,0.006,GOAL
282.008,2152,0.596596,140,0.006,GOAL
282.112,2154,0.596596,135,0.009,GOAL
282.208,2149,0.596596,133,0.007,GOAL
282.308,2152,0.596596,139,0.003,GOAL
282.408,2152,0.596596,133,0.012,GOAL
282.548,2147,0.596596,137,0.005,GOAL
282.644,2145,0.596596,139,0.005,GOAL
282.748,2145,0.596596,135,0.005,GOAL
282.848,2145,0.596596,142,0.002,GOAL
282.972,2149,0.596596,137,0.005,GOAL
283.072,2144,0.596596,138,0.004,GOAL
283.144,2144,0.596596,140,0.007,GOAL
283.260,2144,0.596596,136,0.006,GOAL
283.372,2145,0.596596,138,0.006,GOAL
283.452,2144,0.596596,137,0.002,GOAL
283.552,2142,0.596596,138,0.007,GOAL
283.672,2146,0.596596,134,0.006,GOAL
283.748,2145,0.596596,137,0.008,GOAL
283.856,2146,0.596596,135,0.004,GOAL
283.972,2144,0.596596,137,0.003,GOAL
284.076,2147,0.596596,139,0.006,GOAL
284.180,2153,0.596596,141,0.003,GOAL
284.312,2149,0.596596,137,0.011,GOAL
284.412,2145,0.596596,142,0.005,GOAL
284.512,2150,0.596596,138,0.006,GOAL
284.612,2145,0.596596,135,0.009,GOAL
284.716,2153,0.596596,137,0.005,GOAL
284.812,2145,0.596596,133,0.009,GOAL
284.912,2150,0.596596,133,0.003,GOAL
285.012,2147,0.596596,137,0.008,GOAL
285.112,2142,0.596596,136,0.002,GOAL
285.212,2144,0.596596,139,0.003,GOAL
285.312,2147,0.596596,135,0.008,GOAL
285.412,2147,0.596596,140,0.008,GOAL
285.512,2148,0.596596,135,0.007,GOAL
285.616,2147,0.596596,139,0.003,GOAL
285.712,2145,0.596596,138,0.003,GOAL
285.812,2148,0.596596,139,0.004,GOAL
285.912,2145,0.596596,138,0.002,GOAL
285.984,2143,0.596596,135,0.004,GOAL
286.112,2142,0.596596,136,0.004,GOAL
286.212,2152,0.596596,142,0.006,GOAL
286.312,2153,0.596596,138,0.003,GOAL
286.416,2153,0.596596,138,0.002,GOAL
286.512,2150,0.596596,137,0.004,GOAL
286.624,2151,0.596596,137,0.003,GOAL
286.720,2156,0.596596,138,0.003,GOAL
286.824,2148,0.596596,147,0.005,GOAL
286.920,2144,0.596596,139,0.006,GOAL
287.020,2147,0.596596,141,0.004,GOAL
287.120,2146,0.596596,145,0.009,GOAL
287.220,2148,0.596596,136,0.006,GOAL
287.320,2148,0.596596,142,0.004,GOAL
287.420,2150,0.596596,139,0.001,GOAL
287.520,2148,0.596596,138,0.009,GOAL
287.620,2151,0.596596,137,0.003,GOAL
287.720,2147,0.596596,140,0.002,GOAL
287.820,2150,0.596596,135,0.003,GOAL
287.920,2152,0.596596,133,0.007,GOAL
288.020,2159,0.596596,137,0.005,GOAL
288.120,2150,0.596596,139,0.007,GOAL
288.224,2147,0.596596,140,0.007,GOAL
288.320,2149,0.596596,133,0.008,GOAL
288.420,2148,0.596596,136,0.007,GOAL
288.520,2153,0.596596,136,0.008,GOAL
288.620,2160,0.596596,141,0.005,GOAL
288.720,2163,0.596596,132,0.008,GOAL
288.820,2151,0.596596,138,0.003,GOAL
288.892,2154,0.596596,137,0.007,GOAL
289.020,2154,0.596596,134,0.001,GOAL
289.120,2153,0.596596,137,0.003,GOAL
289.220,2150,0.596596,140,0.006,GOAL
289.324,2157,0.596596,136,0.007,GOAL
289.420,2151,0.596596,139,0.006,GOAL
289.524,2149,0.596596,140,0.007,GOAL
289.620,2157,0.596596,132,0.005,GOAL
289.720,2160,0.596596,141,0.006,GOAL
289.820,2155,0.596596,140,0.004,GOAL
289.920,2151,0.596596,141,0.003,GOAL
290.020,2155,0.596596,138,0.001,GOAL
290.092,2150,0.596596,140,0.003,GOAL
290.220,2150,0.596596,135,0.003,GOAL
290.320,2150,0.596596,137,0.002,GOAL
290.420,2153,0.596596,137,0.002,GOAL
290.520,2157,0.596596,135,0.003,GOAL
290.620,2150,0.596596,139,0.003,GOAL
290.720,2150,0.596596,137,0.007,GOAL
290.800,2151,0.596596,139,0.004,GOAL
290.896,2152,0.596596,133,0.006,GOAL
291.000,2161,0.596596,134,0.006,GOAL
291.108,2155,0.596596,140,0.005,GOAL
291.216,2151,0.596596,139,0.006,GOAL
291.312,2152,0.596596,135,0.005,GOAL
291.448,2153,0.596596,135,0.007,GOAL
291.576,2147,0.596596,139,0.003,GOAL
291.676,2147,0.596596,139,0.005,GOAL
291.748,2152,0.596596,144,0.007,GOAL
291.876,2171,0.596596,139,0.005,GOAL
291.980,2148,0.596596,141,0.004,GOAL
292.080,2147,0.596596,141,0.005,GOAL
292.212,2150,0.596596,141,0.003,GOAL
292.316,2160,0.596596,138,0.005,GOAL
292.420,2152,0.596596,135,0.007,GOAL
292.520,2168,0.596596,141,0.006,GOAL
292.620,2155,0.596596,137,0.004,GOAL
292.696,2154,0.596596,133,0.008,GOAL
292.800,2153,0.596596,141,0.004,GOAL
292.932,2157,0.596596,140,0.002,GOAL
293.036,2155,0.596596,142,0.004,GOAL
293.168,2162,0.596596,140,0.005,GOAL
293.252,2152,0.596596,140,0.002,GOAL
293.356,2156,0.596596,133,0.006,GOAL
293.452,2159,0.596596,142,0.006,GOAL
293.560,2158,0.596596,131,0.002,GOAL
293.636,2168,0.596596,141,0.005,GOAL
293.736,2155,0.596596,137,0.006,GOAL
293.836,2174,0.596596,138,0.007,GOAL
293.940,2164,0.596596,140,0.005,GOAL
294.040,2157,0.596596,136,0.004,GOAL
294.140,2154,0.596596,138,0.002,GOAL
294.240,2153,0.596596,140,0.001,GOAL
294.340,2151,0.596596,136,0.006,GOAL
294.444,2156,0.596596,139,0.004,GOAL
294.576,2173,0.596596,138,0.004,GOAL
294.708,2161,0.596596,136,0.005,GOAL
294.808,2158,0.596596,139,0.003,GOAL
294.912,2149,0.596596,137,0.004,GOAL
295.040,2150,0.596596,137,0.007,GOAL
295.140,2149,0.596596,139,0.003,GOAL
295.240,2155,0.596596,142,0.004,GOAL
295.340,2152,0.596596,135,0.004,GOAL
295.416,2149,0.596596,138,0.004,GOAL
295.520,2151,0.596596,139,0.004,GOAL
295.620,2147,0.596596,136,0.005,GOAL
295.704,2156,0.596596,137,0.005,GOAL
295.808,2149,0.596596,134,0.005,GOAL
295.912,2150,0.596596,139,0.004,GOAL
296.044,2143,0.596596,132,0.003,GOAL
296.176,2142,0.596596,139,0.005,GOAL
296.248,2144,0.596596,139,0.005,GOAL
296.344,2148,0.596596,140,0.008,GOAL
296.444,2151,0.596596,139,0.003,GOAL
296.580,2154,0.596596,143,0.004,GOAL
296.716,2159,0.596596,139,0.005,GOAL
296.820,2145,0.596596,141,0.005,GOAL
296.916,2151,0.596596,141,0.004,GOAL
297.024,2146,0.596596,140,0.006,GOAL
297.144,2149,0.596596,140,0.009,GOAL
297.244,2155,0.596596,143,0.005,GOAL
297.344,2151,0.596596,136,0.006,GOAL
297.444,2148,0.596596,140,0.001,GOAL
297.544,2150,0.596596,136,0.003,GOAL
297.680,2160,0.596596,144,0.005,GOAL
297.776,2147,0.596596,132,0.003,GOAL
297.876,2152,0.596596,139,0.002,GOAL
298.016,2146,0.596596,137,0.004,GOAL
298.120,2149,0.596596,135,0.006,GOAL
298.220,2147,0.596596,133,0.003,GOAL
298.316,2152,0.596596,132,0.005,GOAL
298.444,2158,0.596596,139,0.002,GOAL
298.544,2149,0.596596,136,0.002,GOAL
298.644,2148,0.596596,134,0.004,GOAL
298.776,2145,0.596596,140,0.002,GOAL
298.876,2144,0.596596,139,0.005,GOAL
298.976,2144,0.596596,141,0.006,GOAL
299.076,2151,0.596596,135,0.006,GOAL
299.176,2149,0.596596,140,0.003,GOAL
299.276,2148,0.596596,139,0.002,GOAL
299.376,2152,0.596596,139,0.001,GOAL
299.480,2147,0.596596,138,0.005,GOAL
299.576,2149,0.596596,134,0.002,GOAL
299.676,2145,0.596596,135,0.004,GOAL
299.776,2146,0.596596,141,0.004,GOAL
299.876,2146,0.596596,138,0.004,GOAL
299.980,2150,0.596596,137,0.001,GOAL
300.076,2147,0.596596,138,0.001,GOAL
300.176,2145,0.596596,136,0.005,GOAL
300.276,2148,0.596596,136,0.004,GOAL
300.376,2147,0.596596,134,0.004,GOAL
300.480,2147,0.596596,138,0.003,GOAL
300.588,2147,0.596596,140,0.004,GOAL
300.688,2150,0.596596,139,0.006,GOAL
300.788,2147,0.596596,136,0.001,GOAL
300.888,2154,0.596596,137,0.003,GOAL
300.988,2146,0.596596,138,0.003,GOAL
301.088,2148,0.596596,138,0.006,GOAL
301.188,2148,0.596596,139,0.004,GOAL
301.292,2150,0.596596,135,0.005,GOAL
301.388,2147,0.596596,138,0.007,GOAL
301.488,2147,0.596596,136,0.003,GOAL
301.588,2150,0.596596,134,0.002,GOAL
301.688,2149,0.596596,140,0.003,GOAL
301.788,2149,0.596596,139,0.004,GOAL
301.888,2153,0.596596,139,0.007,GOAL
301.992,2153,0.596596,139,0.003,GOAL
302.088,2156,0.596596,138,0.004,GOAL
302.188,2151,0.596596,137,0.002,GOAL
302.288,2160,0.596596,132,0.003,GOAL
302.388,2152,0.596596,138,0.007,GOAL
302.488,2157,0.596596,135,0.006,GOAL
302.588,2148,0.596596,137,0.006,GOAL
302.692,2152,0.596596,140,0.005,GOAL
302.788,2154,0.596596,137,0.002,GOAL
302.888,2155,0.596596,139,0.004,GOAL
302.988,2161,0.596596,142,0.003,GOAL
303.088,2162,0.596596,138,0.002,GOAL
303.188,2162,0.596596,139,0.004,GOAL
303.288,2163,0.596596,143,0.004,GOAL
303.388,2165,0.596596,136,0.002,GOAL
303.544,2171,0.596596,141,0.004,GOAL
303.652,2154,0.596596,135,0.004,GOAL
303.724,2154,0.596596,142,0.001,GOAL
303.832,2153,0.596596,139,0.004,GOAL
303.952,2160,0.596596,137,0.005,GOAL
304.024,2159,0.596596,140,0.002,GOAL
304.136,2159,0.596596,138,0.002,GOAL
304.252,2161,0.596596,139,0.003,GOAL
304.352,2162,0.596596,143,0.003,GOAL
304.428,2159,0.596596,136,0.004,GOAL
304.532,2166,0.596596,141,0.003,GOAL
304.652,2158,0.596596,138,0.004,GOAL
304.736,2161,0.596596,133,0.005,GOAL
304.852,2159,0.596596,140,0.003,GOAL
304.952,2155,0.596596,135,0.005,GOAL
305.028,2157,0.596596,139,0.005,GOAL
305.132,2158,0.596596,136,0.001,GOAL
305.236,2156,0.596596,137,0.003,GOAL
305.332,2161,0.596596,139,0.005,GOAL
305.432,2158,0.596596,136,0.005,GOAL
305.536,2158,0.596596,142,0.006,GOAL
305.632,2162,0.596596,140,0.004,GOAL
305.732,2164,0.596596,138,0.004,GOAL
305.832,2159,0.596596,140,0.003,GOAL
305.932,2153,0.596596,135,0.001,GOAL
306.032,2154,0.596596,139,0.003,GOAL
306.132,2161,0.596596,137,0.006,GOAL
306.232,2172,0.596596,136,0.004,GOAL
306.332,2164,0.596596,138,0.004,GOAL
306.464,2158,0.596596,133,0.004,GOAL
306.596,2160,0.596596,134,0.004,GOAL
306.696,2157,0.596596,141,0.002,GOAL
306.796,2151,0.596596,136,0.004,GOAL
306.896,2154,0.596596,140,0.004,GOAL
306.996,2159,0.596596,140,0.002,GOAL
307.096,2157,0.596596,137,0.003,GOAL
307.196,2160,0.596596,135,0.003,GOAL
307.300,2160,0.596596,140,0.001,GOAL
307.396,2161,0.596596,132,0.002,GOAL
307.496,2162,0.596596,141,0.002,GOAL
307.596,2158,0.596596,139,0.007,GOAL
307.696,2160,0.596596,137,0.003,GOAL
307.796,2161,0.596596,136,0.002,GOAL
307.896,2158,0.596596,141,0.003,GOAL
307.996,2157,0.596596,134,0.004,GOAL
308.096,2155,0.596596,139,0.004,GOAL
308.196,2165,0.596596,140,0.002,GOAL
308.296,2162,0.596596,142,0.003,GOAL
308.400,2162,0.596596,139,0.002,GOAL
308.496,2159,0.596596,139,0.004,GOAL
308.596,2161,0.596596,136,0.006,GOAL
308.696,2166,0.596596,143,0.003,GOAL
308.796,2163,0.596596,136,0.004,GOAL
308.896,2158,0.596596,139,0.003,GOAL
308.996,2159,0.596596,141,0.003,GOAL
309.100,2162,0.596596,141,0.002,GOAL
309.196,2165,0.596596,136,0.003,GOAL
309.296,2162,0.596596,140,0.006,GOAL
309.396,2157,0.596596,142,0.005,GOAL
309.468,2157,0.596596,139,0.007,GOAL
309.568,2158,0.596596,141,0.006,GOAL
309.696,2161,0.596596,136,0.004,GOAL
309.796,2162,0.596596,140,0.006,GOAL
309.900,2165,0.596596,135,0.005,GOAL
310.036,2163,0.596596,139,0.005,GOAL
310.136,2161,0.596596,134,0.003,GOAL
310.232,2164,0.596596,140,0.003,GOAL
310.332,2162,0.596596,134,0.002,GOAL
310.432,2164,0.596596,135,0.003,GOAL
310.532,2165,0.596596,137,0.005,GOAL
310.632,2168,0.596596,136,0.003,GOAL
310.732,2165,0.596596,139,0.002,GOAL
310.832,2166,0.596596,136,0.004,GOAL
310.932,2174,0.596596,141,0.006,GOAL
311.032,2164,0.596596,134,0.006,GOAL
311.132,2164,0.596596,138,0.004,GOAL
311.232,2161,0.596596,138,0.006,GOAL
311.364,2159,0.596596,137,0.006,GOAL
311.496,2160,0.596596,134,0.003,GOAL
311.596,2161,0.596596,140,0.004,GOAL
311.696,2160,0.596596,140,0.006,GOAL
311.796,2169,0.596596,139,0.003,GOAL
311.896,2168,0.596596,140,0.005,GOAL
311.996,2164,0.596596,139,0.004,GOAL
312.096,2168,0.596596,138,0.005,GOAL
312.196,2165,0.596596,139,0.004,GOAL
312.296,2164,0.596596,137,0.006,GOAL
312.396,2162,0.596596,136,0.008,GOAL
312.496,2164,0.596596,138,0.005,GOAL
312.596,2172,0.596596,139,0.006,GOAL
312.696,2168,0.596596,136,0.003,GOAL
312.796,2165,0.596596,136,0.002,GOAL
312.896,2163,0.596596,137,0.004,GOAL
312.996,2161,0.596596,134,0.002,GOAL
313.100,2160,0.596596,139,0.004,GOAL
313.196,2161,0.596596,140,0.002,GOAL
313.296,2162,0.596596,136,0.005,GOAL
313.368,2163,0.596596,132,0.003,GOAL
313.500,2167,0.596596,140,0.002,GOAL
313.596,2161,0.596596,136,0.002,GOAL
313.696,2161,0.596596,134,0.005,GOAL
313.800,2164,0.596596,136,0.006,GOAL
313.896,2159,0.596596,131,0.006,GOAL
313.996,2159,0.596596,140,0.003,GOAL
314.096,2162,0.596596,139,0.007,GOAL
314.196,2162,0.596596,133,0.010,GOAL
314.296,2168,0.596596,140,0.007,GOAL
314.400,2170,0.596596,140,0.002,GOAL
314.496,2169,0.596596,139,0.008,GOAL
314.600,2161,0.596596,142,0.002,GOAL
314.696,2165,0.596596,136,0.003,GOAL
314.796,2165,0.596596,135,0.004,GOAL
314.896,2163,0.596596,136,0.004,GOAL
314.996,2164,0.596596,140,0.004,GOAL
315.096,2164,0.596596,137,0.005,GOAL
315.196,2165,0.596596,138,0.002,GOAL
315.296,2165,0.596596,137,0.004,GOAL
315.368,2167,0.596596,136,0.008,GOAL
315.496,2178,0.596596,139,0.003,GOAL
315.596,2164,0.596596,135,0.005,GOAL
315.696,2162,0.596596,136,0.003,GOAL
315.796,2163,0.596596,140,0.004,GOAL
315.896,2163,0.596596,136,0.003,GOAL
315.996,2160,0.596596,143,0.004,GOAL
316.096,2159,0.596596,133,0.005,GOAL
316.196,2160,0.596596,139,0.007,GOAL
316.296,2164,0.596596,137,0.004,GOAL
316.396,2165,0.596596,140,0.003,GOAL
316.500,2165,0.596596,133,0.005,GOAL
316.596,2164,0.596596,145,0.002,GOAL
316.700,2163,0.596596,136,0.004,GOAL
316.800,2165,0.596596,137,0.005,GOAL
316.932,2160,0.596596,139,0.001,GOAL
317.036,2161,0.596596,135,0.004,GOAL
317.132,2166,0.596596,137,0.005,GOAL
317.232,2164,0.596596,137,0.003,GOAL
317.332,2158,0.596596,141,0.005,GOAL
317.440,2161,0.596596,136,0.005,GOAL
317.532,2161,0.596596,139,0.005,GOAL
317.632,2164,0.596596,136,0.002,GOAL
317.736,2160,0.596596,137,0.004,GOAL
317.836,2161,0.596596,137,0.003,GOAL
317.936,2164,0.596596,140,0.006,GOAL
318.032,2162,0.596596,133,0.003,GOAL
318.132,2160,0.596596,137,0.004,GOAL
318.232,2158,0.596596,140,0.002,GOAL
318.332,2158,0.596596,141,0.003,GOAL
318.436,2160,0.596596,138,0.005,GOAL
318.532,2162,0.596596,140,0.001,GOAL
318.632,2162,0.596596,142,0.003,GOAL
318.732,2161,0.596596,139,0.005,GOAL
318.832,2164,0.596596,142,0.002,GOAL
318.932,2163,0.596596,139,0.004,GOAL
319.036,2160,0.596596,140,0.004,GOAL
319.132,2160,0.596596,139,0.002,GOAL
319.236,2162,0.596596,138,0.003,GOAL
319.332,2163,0.596596,136,0.006,GOAL
319.436,2162,0.596596,140,0.000,GOAL
319.532,2161,0.596596,136,0.003,GOAL
319.664,2165,0.596596,134,0.007,GOAL
319.796,2161,0.596596,136,0.004,GOAL
319.900,2164,0.596596,137,0.007,GOAL
319.996,2161,0.596596,139,0.006,GOAL
320.096,2159,0.596596,139,0.005,GOAL
320.196,2160,0.596596,139,0.003,GOAL
320.296,2163,0.596596,131,0.007,GOAL
320.396,2169,0.596596,139,0.003,GOAL
320.496,2170,0.596596,138,0.002,GOAL
320.596,2165,0.596596,136,0.005,GOAL
320.696,2163,0.596596,137,0.003,GOAL
320.800,2166,0.596596,138,0.005,GOAL
320.896,2166,0.596596,128,0.004,GOAL
320.996,2166,0.596596,136,0.001,GOAL
321.096,2162,0.596596,137,0.005,GOAL
321.196,2162,0.596596,137,0.006,GOAL
321.332,2165,0.596596,138,0.006,GOAL
321.436,2173,0.596596,137,0.005,GOAL
321.568,2173,0.596596,140,0.004,GOAL
321.668,2166,0.596596,138,0.003,GOAL
321.768,2171,0.596596,138,0.003,GOAL
321.868,2164,0.596596,139,0.005,GOAL
321.968,2166,0.596596,141,0.005,GOAL
322.068,2162,0.596596,137,0.009,GOAL
322.172,2167,0.596596,134,0.004,GOAL
322.268,2162,0.596596,139,0.003,GOAL
322.372,2163,0.596596,138,0.005,GOAL
322.476,2161,0.596596,137,0.004,GOAL
322.572,2160,0.596596,136,0.004,GOAL
322.672,2164,0.596596,138,0.003,GOAL
322.776,2169,0.596596,135,0.003,GOAL
322.872,2164,0.596596,139,0.002,GOAL
322.972,2163,0.596596,131,0.004,GOAL
323.072,2163,0.596596,134,0.006,GOAL
323.172,2165,0.596596,136,0.001,GOAL
323.272,2164,0.596596,133,0.003,GOAL
323.372,2163,0.596596,139,0.003,GOAL
323.476,2163,0.596596,134,0.002,GOAL
323.572,2168,0.596596,137,0.002,GOAL
323.672,2166,0.596596,135,0.006,GOAL
323.772,2165,0.596596,133,0.002,GOAL
323.872,2172,0.596596,136,0.006,GOAL
323.972,2171,0.596596,137,0.007,GOAL
324.072,2164,0.596596,134,0.004,GOAL
324.172,2162,0.596596,132,0.005,GOAL
324.272,2165,0.596596,136,0.003,GOAL
324.372,2165,0.596596,139,0.006,GOAL
324.472,2165,0.596596,135,0.004,GOAL
324.572,2159,0.596596,132,0.004,GOAL
324.672,2158,0.596596,136,0.006,GOAL
324.780,2164,0.596596,134,0.006,GOAL
324.880,2161,0.596596,140,0.004,GOAL
324.980,2162,0.596596,132,0.004,GOAL
325.080,2158,0.596596,139,0.001,GOAL
325.180,2158,0.596596,135,0.006,GOAL
325.280,2166,0.596596,139,0.006,GOAL
325.380,2164,0.596596,137,0.005,GOAL
325.480,2160,0.596596,138,0.004,GOAL
325.580,2162,0.596596,141,0.006,GOAL
325.680,2163,0.596596,133,0.003,GOAL
325.780,2175,0.596596,140,0.004,GOAL
325.880,2166,0.596596,136,0.004,GOAL
325.980,2163,0.596596,135,0.009,GOAL
326.080,2160,0.596596,131,0.006,GOAL
326.180,2162,0.596596,138,0.003,GOAL
326.284,2159,0.596596,136,0.004,GOAL
326.384,2157,0.596596,135,0.003,GOAL
326.480,2160,0.596596,137,0.004,GOAL
326.580,2159,0.596596,135,0.001,GOAL
326.684,2161,0.596596,136,0.003,GOAL
326.780,2163,0.596596,136,0.003,GOAL
326.880,2161,0.596596,139,0.004,GOAL
326.980,2160,0.596596,132,0.008,GOAL
327.080,2158,0.596596,140,0.001,GOAL
327.180,2159,0.596596,133,0.004,GOAL
327.320,2163,0.596596,137,0.003,GOAL
327.444,2164,0.596596,138,0.006,GOAL
327.520,2158,0.596596,136,0.002,GOAL
327.620,2158,0.596596,139,0.005,GOAL
327.724,2170,0.596596,140,0.001,GOAL
327.816,2164,0.596596,139,0.002,GOAL
327.948,2161,0.596596,136,0.008,GOAL
328.080,2163,0.596596,135,0.006,GOAL
328.180,2163,0.596596,134,0.006,GOAL
328.280,2162,0.596596,140,0.006,GOAL
328.384,2163,0.596596,138,0.005,GOAL
328.480,2162,0.596596,133,0.005,GOAL
328.580,2164,0.596596,136,0.003,GOAL
328.684,2162,0.596596,135,0.007,GOAL
328.780,2164,0.596596,143,0.003,GOAL
328.880,2172,0.596596,134,0.005,GOAL
328.980,2173,0.596596,137,0.007,GOAL
329.080,2164,0.596596,138,0.009,GOAL
329.180,2161,0.596596,138,0.006,GOAL
329.280,2165,0.596596,139,0.007,GOAL
329.380,2162,0.596596,137,0.001,GOAL
329.480,2161,0.596596,139,0.005,GOAL
329.580,2166,0.596596,134,0.002,GOAL
329.680,2162,0.596596,134,0.005,GOAL
329.780,2168,0.596596,131,0.002,GOAL
329.880,2165,0.596596,139,0.005,GOAL
329.980,2169,0.596596,133,0.006,GOAL
330.080,2165,0.596596,134,0.004,GOAL
330.180,2163,0.596596,133,0.004,GOAL
330.280,2164,0.596596,136,0.008,GOAL
330.384,2169,0.596596,129,0.006,GOAL
330.480,2162,0.596596,138,0.011,GOAL
330.580,2166,0.596596,130,0.011,GOAL
330.680,2161,0.596596,137,0.009,GOAL
330.784,2163,0.596596,136,0.004,GOAL
330.880,2160,0.596596,132,0.003,GOAL
330.980,2165,0.596596,140,0.005,GOAL
331.080,2169,0.596596,135,0.004,GOAL
331.180,2164,0.596596,139,0.004,GOAL
331.280,2165,0.596596,136,0.004,GOAL
331.384,2169,0.596596,132,0.004,GOAL
331.480,2166,0.596596,138,0.003,GOAL
331.580,2164,0.596596,136,0.004,GOAL
331.680,2167,0.596596,135,0.005,GOAL
331.780,2164,0.596596,140,0.007,GOAL
331.880,2163,0.596596,135,0.005,GOAL
331.980,2163,0.596596,136,0.003,GOAL
332.080,2163,0.596596,130,0.007,GOAL
332.180,2167,0.596596,138,0.006,GOAL
332.280,2174,0.596596,128,0.008,GOAL
332.380,2165,0.596596,136,0.004,GOAL
332.480,2170,0.596596,134,0.006,GOAL
332.580,2168,0.596596,136,0.003,GOAL
332.680,2168,0.596596,135,0.003,GOAL
332.780,2165,0.596596,132,0.005,GOAL
332.880,2169,0.596596,132,0.003,GOAL
332.980,2168,0.596596,136,0.004,GOAL
333.080,2171,0.596596,139,0.005,GOAL
333.180,2169,0.596596,135,0.006,GOAL
333.280,2167,0.596596,137,0.005,GOAL
333.380,2175,0.596596,133,0.004,GOAL
333.480,2168,0.596596,142,0.004,GOAL
333.580,2169,0.596596,137,0.008,GOAL
333.684,2168,0.596596,139,0.001,GOAL
333.780,2173,0.596596,137,0.004,GOAL
333.884,2175,0.596596,136,0.003,GOAL
333.980,2174,0.596596,131,0.013,GOAL
334.080,2190,0.596596,131,0.006,GOAL
334.180,2170,0.596596,138,0.002,GOAL
334.284,2170,0.596596,135,0.003,GOAL
334.380,2171,0.596596,135,0.001,GOAL
334.480,2175,0.596596,132,0.003,GOAL
334.580,2178,0.596596,133,0.003,GOAL
334.680,2172,0.596596,137,0.003,GOAL
334.780,2175,0.596596,137,0.003,GOAL
334.880,2177,0.596596,140,0.002,GOAL
334.980,2176,0.596596,140,0.001,GOAL
335.080,2176,0.596596,143,0.006,GOAL
335.180,2183,0.596596,137,0.005,GOAL
335.280,2177,0.596596,134,0.005,GOAL
335.384,2178,0.596596,136,0.003,GOAL
335.480,2176,0.596596,138,0.004,GOAL
335.580,2176,0.596596,138,0.004,GOAL
335.680,2194,0.596596,138,0.004,GOAL
335.780,2181,0.596596,137,0.006,GOAL
335.880,2174,0.596596,138,0.003,GOAL
335.980,2177,0.596596,138,0.003,GOAL
336.080,2184,0.596596,138,0.003,GOAL
336.184,2184,0.596596,134,0.005,GOAL
336.280,2178,0.596596,137,0.005,GOAL
336.380,2182,0.596596,140,0.004,GOAL
336.480,2176,0.596596,134,0.003,GOAL
336.580,2175,0.596596,138,0.003,GOAL
336.680,2171,0.596596,136,0.007,GOAL
336.780,2170,0.596596,133,0.005,GOAL
336.880,2170,0.596596,138,0.003,GOAL
336.980,2171,0.596596,134,0.003,GOAL
337.080,2180,0.596596,139,0.005,GOAL
337.184,2181,0.596596,136,0.007,GOAL
337.280,2170,0.596596,136,0.005,GOAL
337.380,2169,0.596596,135,0.006,GOAL
337.480,2170,0.596596,135,0.003,GOAL
337.580,2172,0.596596,138,0.005,GOAL
337.684,2171,0.596596,137,0.007,GOAL
337.780,2173,0.596596,138,0.005,GOAL
337.880,2173,0.596596,136,0.006,GOAL
337.980,2181,0.596596,135,0.006,GOAL
338.080,2178,0.596596,136,0.003,GOAL
338.180,2175,0.596596,131,0.002,GOAL
338.280,2176,0.596596,136,0.003,GOAL
338.380,2174,0.596596,132,0.002,GOAL
338.480,2175,0.596596,139,0.005,GOAL
338.580,2172,0.596596,138,0.007,GOAL
338.684,2181,0.596596,136,0.008,GOAL
338.780,2182,0.596596,137,0.004,GOAL
338.880,2176,0.596596,139,0.004,GOAL
338.980,2173,0.596596,136,0.005,GOAL
339.080,2173,0.596596,132,0.005,GOAL
339.180,2178,0.596596,139,0.005,GOAL
339.280,2174,0.596596,131,0.003,GOAL
339.380,2180,0.596596,139,0.005,GOAL
339.480,2174,0.596596,136,0.004,GOAL
339.580,2173,0.596596,135,0.003,GOAL
339.680,2173,0.596596,138,0.004,GOAL
339.780,2174,0.596596,134,0.004,GOAL
339.880,2174,0.596596,138,0.002,GOAL
339.984,2173,0.596596,135,0.004,GOAL
340.080,2177,0.596596,135,0.004,GOAL
340.180,2173,0.596596,137,0.006,GOAL
340.280,2174,0.596596,141,0.005,GOAL
340.384,2173,0.596596,131,0.004,GOAL
340.480,2176,0.596596,133,0.001,GOAL
340.580,2179,0.596596,134,0.006,GOAL
340.684,2176,0.596596,136,0.004,GOAL
340.780,2177,0.596596,133,0.003,GOAL
340.884,2176,0.596596,137,0.005,GOAL
340.984,2180,0.596596,140,0.003,GOAL
341.080,2181,0.596596,138,0.005,GOAL
341.180,2181,0.596596,133,0.008,GOAL
341.280,2179,0.596596,141,0.002,GOAL
341.384,2178,0.596596,134,0.005,GOAL
341.480,2178,0.596596,140,0.005,GOAL
341.580,2181,0.596596,138,0.002,GOAL
341.680,2184,0.596596,137,0.004,GOAL
341.780,2177,0.596596,142,0.003,GOAL
341.884,2182,0.596596,140,0.003,GOAL
341.964,2180,0.596596,138,0.005,GOAL
342.068,2184,0.596596,131,0.003,GOAL
342.168,2195,0.596596,137,0.002,GOAL
342.268,2204,0.596596,134,0.005,GOAL
342.368,2190,0.596596,136,0.003,GOAL
342.468,2183,0.596596,139,0.002,GOAL
342.600,2185,0.596596,136,0.006,GOAL
342.700,2185,0.596596,136,0.003,GOAL
342.808,2181,0.596596,135,0.005,GOAL
342.908,2180,0.596596,137,0.003,GOAL
343.008,2179,0.596596,133,0.003,GOAL
343.108,2179,0.596596,137,0.003,GOAL
343.212,2178,0.596596,138,0.009,GOAL
343.312,2185,0.596596,136,0.005,GOAL
343.416,2181,0.596596,135,0.000,GOAL
343.512,2191,0.596596,133,0.002,GOAL
343.612,2189,0.596596,139,0.002,GOAL
343.712,2181,0.596596,137,0.004,GOAL
343.812,2181,0.596596,137,0.008,GOAL
343.912,2182,0.596596,137,0.005,GOAL
344.012,2179,0.596596,141,0.003,GOAL
344.112,2180,0.596596,138,0.005,GOAL
344.212,2184,0.596596,140,0.006,GOAL
344.312,2195,0.596596,135,0.007,GOAL
344.412,2187,0.596596,138,0.001,GOAL
344.512,2182,0.596596,137,0.001,GOAL
344.612,2180,0.596596,134,0.005,GOAL
344.716,2195,0.596596,135,0.009,GOAL
344.844,2193,0.596596,136,0.004,GOAL
344.948,2181,0.596596,139,0.002,GOAL
345.076,2181,0.596596,138,0.006,GOAL
345.152,2182,0.596596,134,0.004,GOAL
345.256,2181,0.596596,133,0.006,GOAL
345.352,2180,0.596596,136,0.006,GOAL
345.452,2181,0.596596,138,0.003,GOAL
345.552,2182,0.596596,138,0.003,GOAL
345.652,2183,0.596596,137,0.007,GOAL
345.752,2182,0.596596,135,0.007,GOAL
345.856,2178,0.596596,138,0.006,GOAL
345.952,2181,0.596596,135,0.005,GOAL
346.052,2181,0.596596,136,0.005,GOAL
346.152,2191,0.596596,138,0.001,GOAL
346.252,2182,0.596596,138,0.003,GOAL
346.352,2187,0.596596,136,0.002,GOAL
346.452,2185,0.596596,135,0.003,GOAL
346.552,2182,0.596596,135,0.007,GOAL
346.676,2184,0.596596,134,0.006,GOAL
346.788,2188,0.596596,137,0.005,GOAL
346.920,2189,0.596596,141,0.002,GOAL
347.020,2188,0.596596,138,0.002,GOAL
347.116,2190,0.596596,137,0.007,GOAL
347.220,2188,0.596596,140,0.001,GOAL
347.316,2187,0.596596,138,0.003,GOAL
347.416,2193,0.596596,141,0.004,GOAL
347.516,2189,0.596596,139,0.004,GOAL
347.616,2189,0.596596,136,0.003,GOAL
347.716,2188,0.596596,135,0.004,GOAL
347.820,2201,0.596596,137,0.001,GOAL
347.916,2195,0.596596,133,0.005,GOAL
347.996,2194,0.596596,145,0.003,GOAL
348.092,2189,0.596596,135,0.002,GOAL
348.196,2194,0.596596,140,0.004,GOAL
348.292,2191,0.596596,138,0.004,GOAL
348.396,2191,0.596596,134,0.004,GOAL
348.492,2192,0.596596,136,0.003,GOAL
348.592,2193,0.596596,140,0.004,GOAL
348.692,2192,0.596596,132,0.001,GOAL
348.836,2193,0.596596,136,0.004,GOAL
348.928,2193,0.596596,138,0.004,GOAL
349.036,2192,0.596596,134,0.003,GOAL
349.140,2195,0.596596,137,0.001,GOAL
349.228,2199,0.596596,133,0.003,GOAL
349.328,2194,0.596596,138,0.005,GOAL
349.456,2198,0.596596,136,0.006,GOAL
349.528,2195,0.596596,134,0.006,GOAL
349.636,2202,0.596596,140,0.001,GOAL
349.732,2202,0.596596,139,0.002,GOAL
349.832,2198,0.596596,133,0.002,GOAL
349.936,2208,0.596596,141,0.001,GOAL
350.032,2204,0.596596,139,0.004,GOAL
350.136,2202,0.596596,136,0.003,GOAL
350.256,2200,0.596596,138,0.006,GOAL
350.356,2207,0.596596,132,0.007,GOAL
350.456,2202,0.596596,135,0.006,GOAL
350.528,2201,0.596596,142,0.007,GOAL
350.660,2208,0.596596,135,0.002,GOAL
350.792,2220,0.596596,132,0.002,GOAL
350.892,2201,0.596596,140,0.002,GOAL
350.992,2203,0.596596,133,0.003,GOAL
351.092,2200,0.596596,137,0.004,GOAL
351.192,2196,0.596596,134,0.005,GOAL
351.296,2196,0.596596,138,0.004,GOAL
351.392,2223,0.596596,127,0.013,GOAL
351.492,2230,0.596596,130,0.042,GOAL
351.592,2199,0.596596,127,0.074,GOAL
351.696,2363,0.700003,134,0.118,GOAL
351.792,2225,0.559827,126,0.143,GOAL
351.892,2194,0.586784,123,0.180,GOAL
351.996,2164,0.598228,116,0.212,GOAL
352.092,2159,0.593814,122,0.248,GOAL
352.200,2304,0.5997,119,0.263,GOAL
352.300,2110,0.605472,117,0.276,GOAL
352.432,2307,0.601222,115,0.283,GOAL
352.564,2146,0.602092,118,0.268,GOAL
352.636,2187,0.600862,122,0.264,GOAL
352.764,2176,0.600827,119,0.249,GOAL
352.864,2212,0.594996,123,0.240,GOAL
352.968,2195,0.59502,123,0.219,GOAL
353.100,2289,0.59289,125,0.195,GOAL
353.200,2202,0.589615,123,0.174,GOAL
353.332,2327,0.580165,133,0.150,GOAL
353.464,2216,0.576048,123,0.122,GOAL
353.564,2212,0.574749,128,0.101,GOAL
353.664,2300,0.572822,133,0.077,GOAL
353.736,2210,0.574165,131,0.062,GOAL
353.868,2217,0.574953,136,0.044,GOAL
354.000,2226,0.575551,135,0.025,GOAL
354.104,2240,0.57393,131,0.016,GOAL
354.204,2199,0.574833,136,0.015,GOAL
354.300,2209,0.576387,134,0.016,GOAL
354.400,2216,0.57834,134,0.016,GOAL
354.500,2183,0.579818,139,0.020,GOAL
354.604,2177,0.580222,135,0.027,GOAL
354.700,2186,0.582416,141,0.031,GOAL
354.800,2187,0.582555,142,0.031,GOAL
354.900,2185,0.582224,135,0.033,GOAL
355.000,2185,0.581857,137,0.033,GOAL
355.104,2167,0.582457,134,0.034,GOAL
355.200,2164,0.582754,133,0.034,GOAL
355.304,2164,0.582494,141,0.033,GOAL
355.404,2172,0.582792,138,0.028,GOAL
355.500,2151,0.58106,135,0.033,GOAL
355.600,2153,0.581706,138,0.034,GOAL
355.732,2153,0.580638,140,0.031,GOAL
355.864,2156,0.580291,139,0.021,GOAL
355.968,2151,0.579344,140,0.026,GOAL
356.068,2125,0.579851,136,0.021,GOAL
356.168,2125,0.582073,139,0.024,GOAL
356.268,2125,0.579338,139,0.018,GOAL
356.368,2121,0.580125,138,0.020,GOAL
356.472,2120,0.58015,137,0.018,GOAL
356.568,2122,0.581638,134,0.017,GOAL
356.668,2122,0.578305,140,0.019,GOAL
356.800,2124,0.578342,138,0.014,GOAL
356.904,2122,0.575634,142,0.023,GOAL
357.032,2121,0.5759,136,0.021,GOAL
357.132,2121,0.576497,142,0.019,GOAL
357.232,2122,0.57609,139,0.016,GOAL
357.336,2124,0.578387,139,0.017,GOAL
357.468,2121,0.575982,137,0.016,GOAL
357.568,2122,0.573042,141,0.017,GOAL
357.668,2121,0.573973,136,0.012,GOAL
357.768,2122,0.576199,138,0.013,GOAL
357.868,2124,0.574824,138,0.014,GOAL
357.968,2129,0.578785,141,0.016,GOAL
358.068,2122,0.578445,139,0.014,GOAL
358.168,2124,0.575231,135,0.014,GOAL
358.276,2130,0.577977,141,0.013,GOAL
358.376,2126,0.575642,143,0.015,GOAL
358.476,2129,0.576765,139,0.009,GOAL
358.576,2122,0.577293,135,0.012,GOAL
358.676,2122,0.576049,144,0.012,GOAL
358.776,2124,0.576483,139,0.012,GOAL
358.876,2125,0.577793,141,0.015,GOAL
359.008,2133,0.579377,140,0.017,GOAL
359.140,2131,0.575195,137,0.016,GOAL
359.240,2138,0.580094,138,0.018,GOAL
359.340,2128,0.578392,137,0.020,GOAL
359.440,2132,0.571242,141,0.024,GOAL
359.540,2129,0.5728,136,0.018,GOAL
359.640,2126,0.570903,136,0.024,GOAL
359.740,2127,0.573708,140,0.017,GOAL
359.840,2127,0.57497,140,0.017,GOAL
359.940,2128,0.578009,136,0.022,GOAL
360.040,2127,0.575667,137,0.018,GOAL
360.140,2126,0.575793,144,0.019,GOAL
360.240,2150,0.581984,135,0.023,GOAL
360.312,2153,0.598326,131,0.135,GOAL
360.440,2170,0.600327,124,0.315,GOAL
360.540,2405,0.595255,120,0.425,GOAL
360.612,2042,0.589167,113,0.488,GOAL
360.740,3560,0.586691,96,0.572,GOAL
360.840,2095,0.583259,89,0.618,GOAL
360.940,2189,0.577025,94,0.651,GOAL
361.012,2422,0.572646,101,0.657,GOAL
361.140,2411,0.572002,58,0.681,GOAL
361.240,2430,0.573251,50,0.696,GOAL
361.340,2438,0.579109,38,1.172,GOAL
361.412,2843,0.578957,111,1.142,GOAL
361.540,2958,0.582878,44,0.944,GOAL
361.640,5886,0.601428,61,0.826,GOAL
361.740,3273,0.597194,59,0.743,GOAL
361.812,4524,0.596195,99,0.709,GOAL
361.940,7311,0.60773,78,0.679,GOAL
362.040,8855,0.667629,91,0.666,GOAL
362.140,5562,0.594514,88,0.604,GOAL
362.212,1.017e+04,2.45546,100,0.376,GOAL
362.340,5396,5.30852,69,0.855,GOAL
363.576,2786,0.314184,112,0.583,GOAL
363.676,568.4,0.416208,102,0.596,GOAL
363.776,500.9,0.51607,117,0.629,GOAL
363.876,463,0.599053,111,0.669,GOAL
364.008,481.5,0.703403,92,0.730,GOAL
364.112,771.6,0.85861,107,0.781,GOAL
364.248,432.5,0.999537,100,0.849,GOAL
364.344,441.9,1.21887,97,0.885,GOAL
364.444,756.5,1.22014,101,0.926,GOAL
364.544,465.3,1.23366,99,0.978,GOAL
364.676,837.9,1.40436,85,1.047,GOAL
364.808,436.6,1.54408,55,1.123,GOAL
364.908,590.5,1.69865,61,1.188,GOAL
364.980,444.7,1.76452,62,1.242,GOAL
365.060,710.4,1.72996,57,1.305,GOAL
365.192,529.7,1.61577,61,1.408,GOAL
365.324,406.4,1.46298,75,1.539,GOAL
365.424,569.1,1.34546,85,1.647,GOAL
365.524,1289,1.25033,69,1.756,GOAL
365.624,854.4,1.12286,38,1.882,GOAL
365.728,657.1,1.01073,55,2.020,GOAL
365.824,414.9,0.901153,43,2.156,GOAL
365.956,939,0.807654,35,2.331,GOAL
366.056,508,0.709423,38,2.462,GOAL
366.188,374.5,0.627288,73,2.595,GOAL
366.288,689.9,0.536717,63,2.676,GOAL
366.388,1030,0.497741,58,2.740,GOAL
366.492,485.9,0.469079,67,2.788,GOAL
366.592,517.8,0.475595,70,2.834,GOAL
366.728,898,0.458749,60,2.854,GOAL
366.856,995.8,0.454684,47,2.838,GOAL
366.988,1294,0.489202,46,2.659,GOAL
367.088,812.9,0.534113,66,2.426,GOAL
367.188,831.1,0.569215,84,2.156,GOAL
367.288,1337,0.599095,93,1.859,GOAL
367.388,1174,0.590197,96,1.560,GOAL
367.488,1077,0.592538,100,1.272,GOAL
367.588,1253,0.61756,105,1.028,GOAL
367.688,1673,0.643743,100,0.893,GOAL
367.788,1420,0.633756,102,0.878,GOAL
367.888,1352,0.60116,110,0.940,GOAL
367.992,1683,0.575404,98,1.037,GOAL
368.124,1482,0.584827,85,1.156,GOAL
368.228,1447,0.620794,99,1.260,GOAL
368.328,1971,0.57596,60,1.252,GOAL
368.456,2003,0.458023,42,1.105,GOAL
368.588,1730,0.392117,56,0.805,GOAL
368.688,2445,0.354381,64,0.550,GOAL
368.760,2611,0.38748,96,0.374,GOAL
368.888,2492,0.447111,80,0.223,GOAL
368.988,2917,0.515446,94,0.132,POST
369.088,3206,0.639735,90,0.048,POST
369.188,2988,0.667374,103,0.173,POST
369.292,2704,0.667462,97,0.243,POST
369.424,3260,0.667462,102,0.317,POST
369.524,2828,0.664201,96,0.404,POST
369.624,3429,0.664201,104,0.455,POST
369.724,2669,0.678049,97,0.497,POST
369.824,2858,0.685084,107,0.545,POST
369.924,2710,0.691874,97,0.586,POST
370.024,2813,0.702491,97,0.627,POST
370.156,2856,0.705494,74,0.668,POST
370.292,3040,0.704165,50,0.691,POST
370.424,2969,0.701552,34,0.707,POST
370.528,2933,0.702487,34,0.059,POST
370.624,2913,0.699837,108,0.103,POST
370.724,2765,0.697279,108,0.083,POST
370.824,3507,0.699721,110,0.013,POST
370.924,2787,0.697976,109,0.005,POST
371.024,2707,0.696674,138,0.006,POST
371.124,2731,0.694766,138,0.006,POST
371.228,2706,0.693518,133,0.005,POST
371.324,2704,0.692122,132,0.007,POST
371.424,2703,0.690769,133,0.009,POST
371.524,2707,0.691424,131,0.009,POST
371.624,2702,0.690501,129,0.007,POST
371.724,2703,0.690385,133,0.009,POST
371.824,2704,0.689487,129,0.012,POST
371.956,2709,0.687857,131,0.007,POST
372.060,2705,0.685844,131,0.010,POST
372.188,2713,0.68495,133,0.011,POST
372.292,2725,0.683108,138,0.013,POST
372.424,2713,0.682855,137,0.010,POST
372.524,2708,0.68331,133,0.015,POST
372.624,2709,0.683159,137,0.017,POST
372.724,2732,0.681173,135,0.019,POST
372.824,2719,0.678753,136,0.019,POST
372.924,2716,0.677586,135,0.015,POST
373.024,2716,0.676655,133,0.016,POST
373.124,2732,0.675053,137,0.016,POST
373.224,2722,0.673962,134,0.017,POST
373.324,2723,0.674427,135,0.017,POST
373.456,2731,0.673332,134,0.014,POST
373.588,2724,0.672221,135,0.012,POST
373.688,2733,0.671328,137,0.017,POST
373.788,2730,0.670331,135,0.018,POST
373.888,2728,0.671044,128,0.017,POST
373.988,2729,0.67055,134,0.017,POST
374.088,2729,0.669852,132,0.015,POST
374.188,2730,0.670499,132,0.019,POST
374.288,2730,0.671343,135,0.017,POST
374.360,2726,0.671884,136,0.025,POST
374.488,2747,0.671149,138,0.013,POST
374.588,2729,0.670046,138,0.017,POST
374.688,2730,0.670055,134,0.017,POST
374.788,2727,0.670573,133,0.016,POST
374.888,2725,0.671159,139,0.017,POST
374.992,2726,0.671391,129,0.014,POST
375.092,2725,0.671695,144,0.017,POST
375.224,2734,0.671065,137,0.010,POST
375.324,2737,0.670655,131,0.016,POST
375.424,2725,0.670513,130,0.015,POST
375.524,2723,0.670822,136,0.016,POST
375.624,2723,0.670659,136,0.017,POST
375.724,2737,0.670938,138,0.015,POST
375.824,2723,0.671433,126,0.016,POST
375.924,2723,0.670928,134,0.016,POST
376.024,2725,0.669198,134,0.013,POST
376.124,2723,0.66818,133,0.017,POST
376.228,2725,0.667373,133,0.013,POST
376.300,2726,0.668607,135,0.023,POST
376.424,2748,0.668784,140,0.012,POST
376.528,2727,0.66762,130,0.014,POST
376.624,2724,0.665987,139,0.013,POST
376.756,2734,0.664772,139,0.008,POST
376.896,2729,0.664971,133,0.009,POST
377.028,2732,0.665609,130,0.006,POST
377.124,2722,0.665893,134,0.013,POST
377.228,2724,0.665432,134,0.012,POST
377.328,2725,0.666049,137,0.015,POST
377.424,2732,0.666401,133,0.014,POST
377.524,2728,0.666719,129,0.011,POST
377.624,2723,0.666594,131,0.012,POST
377.724,2726,0.666511,135,0.014,POST
377.824,2724,0.665673,134,0.014,POST
377.924,2726,0.665061,134,0.013,POST
378.056,2728,0.664305,136,0.013,POST
378.188,2726,0.664309,138,0.008,POST
378.288,2721,0.663697,135,0.012,POST
378.388,2724,0.661992,134,0.012,POST
378.488,2725,0.661568,130,0.012,POST
378.588,2723,0.660699,135,0.013,POST
378.688,2724,0.660145,132,0.012,POST
378.788,2723,0.660164,138,0.012,POST
378.888,2725,0.659871,133,0.012,POST
378.988,2721,0.659603,135,0.013,POST
379.088,2722,0.659563,134,0.011,POST
379.192,2721,0.658561,133,0.011,POST
379.264,2718,0.657664,139,0.018,POST
379.388,2730,0.656851,145,0.008,POST
379.492,2719,0.657204,137,0.011,POST
379.564,2719,0.657221,136,0.015,POST
379.688,2724,0.657571,132,0.010,POST
379.788,2722,0.658482,134,0.012,POST
379.860,2732,0.658773,137,0.018,POST
379.988,2734,0.658081,133,0.010,POST
380.088,2722,0.657908,132,0.011,POST
380.188,2723,0.657862,138,0.011,POST
380.288,2720,0.657091,134,0.010,POST
380.388,2724,0.656907,138,0.011,POST
380.488,2724,0.656789,137,0.011,POST
380.588,2723,0.656118,134,0.011,POST
380.688,2724,0.655095,136,0.010,POST
380.788,2703,0.655095,140,0.005,POST
380.892,2663,0.655095,135,0.005,POST
380.992,2666,0.655095,140,0.006,POST
381.124,2667,0.655095,141,0.009,POST
381.228,2667,0.655095,136,0.008,POST
381.324,2663,0.655095,136,0.006,POST
381.424,2668,0.655095,134,0.007,POST
381.524,2664,0.655095,137,0.006,POST
381.624,2663,0.655095,133,0.006,POST
381.724,2668,0.655095,131,0.004,POST
381.856,2664,0.655095,130,0.006,POST
381.956,2663,0.655095,136,0.006,POST
382.088,2665,0.655095,132,0.005,POST
382.188,2664,0.655095,131,0.006,POST
382.288,2666,0.655095,138,0.005,POST
382.388,2666,0.655095,138,0.007,POST
382.464,2666,0.655095,139,0.004,POST
382.592,2666,0.655095,136,0.007,POST
382.724,2673,0.655095,135,0.008,POST
382.824,2671,0.655095,137,0.007,POST
382.924,2667,0.655095,133,0.006,POST
383.028,2668,0.655095,134,0.004,POST
383.124,2665,0.655095,136,0.005,POST
383.224,2669,0.655095,137,0.006,POST
383.324,2673,0.655095,133,0.006,POST
383.396,2665,0.655095,134,0.004,POST
383.492,2669,0.655095,135,0.006,POST
383.624,2668,0.655095,131,0.007,POST
383.724,2667,0.655095,129,0.008,POST
383.824,2666,0.655095,132,0.003,POST
383.924,2668,0.655095,135,0.005,POST
384.024,2666,0.655095,131,0.006,POST
384.124,2667,0.655095,138,0.004,POST
384.256,2668,0.655095,136,0.006,POST
384.360,2670,0.655095,136,0.007,POST
384.488,2669,0.655095,136,0.005,POST
384.588,2668,0.655095,135,0.007,POST
384.688,2672,0.655095,137,0.004,POST
384.788,2666,0.655095,138,0.006,POST
384.864,2667,0.655095,135,0.003,POST
384.964,2666,0.655095,133,0.006,POST
385.056,2666,0.655095,135,0.006,POST
385.188,2668,0.655095,135,0.007,POST
385.288,2666,0.655095,130,0.005,POST
385.388,2667,0.655095,134,0.006,POST
385.460,2666,0.655095,131,0.004,POST
385.588,2667,0.655095,135,0.008,POST
385.688,2671,0.655095,134,0.006,POST
385.792,2668,0.655095,139,0.006,POST
385.924,2670,0.655095,137,0.007,POST
386.024,2667,0.655095,139,0.007,POST
386.128,2667,0.655095,138,0.004,POST
386.224,2665,0.655095,133,0.005,POST
386.356,2666,0.655095,131,0.005,POST
386.488,2666,0.655095,136,0.007,POST
386.588,2667,0.655095,138,0.002,POST
386.688,2665,0.655095,132,0.007,POST
386.788,2679,0.655095,133,0.005,POST
386.888,2666,0.655095,135,0.008,POST
386.960,2666,0.655095,134,0.004,POST
387.088,2668,0.655095,134,0.007,POST
387.188,2674,0.655095,133,0.004,POST
387.288,2668,0.655095,143,0.007,POST
387.388,2666,0.655095,130,0.006,POST
387.488,2665,0.655095,138,0.005,POST
387.588,2671,0.655095,134,0.007,POST
387.688,2669,0.655095,130,0.005,POST
387.788,2665,0.655095,132,0.007,POST
387.888,2671,0.655095,135,0.005,POST
387.988,2666,0.655095,135,0.003,POST
388.060,2664,0.655095,135,0.005,POST
388.188,2667,0.655095,131,0.006,POST
388.292,2665,0.655095,134,0.005,POST
388.392,2664,0.655095,129,0.007,POST
388.488,2666,0.655095,136,0.006,POST
388.588,2666,0.655095,128,0.005,POST
388.688,2665,0.655095,129,0.005,POST
388.788,2669,0.655095,134,0.005,POST
388.860,2664,0.655095,140,0.006,POST
388.992,2670,0.655095,135,0.007,POST
389.124,2669,0.655095,130,0.006,POST
389.224,2672,0.655095,137,0.008,POST
389.324,2670,0.655095,139,0.005,POST
389.424,2667,0.655095,134,0.005,POST
389.524,2666,0.655095,141,0.005,POST
389.624,2668,0.655095,132,0.004,POST
389.728,2665,0.655095,132,0.007,POST
389.856,2668,0.655095,130,0.007,POST
389.992,2671,0.655095,129,0.008,POST
390.124,2675,0.655095,135,0.005,POST
390.228,2672,0.655095,132,0.006,POST
390.324,2667,0.655095,137,0.005,POST
390.424,2666,0.655095,133,0.007,POST
390.524,2671,0.655095,131,0.006,POST
390.624,2664,0.655095,136,0.006,POST
390.728,2667,0.655095,134,0.004,POST
390.856,2669,0.655095,132,0.007,POST
390.988,2672,0.655095,130,0.006,POST
391.088,2667,0.655095,137,0.006,POST
391.188,2666,0.655095,137,0.006,POST
391.288,2674,0.655095,141,0.005,POST
391.392,2665,0.655095,135,0.008,POST
391.528,2676,0.655095,136,0.007,POST
391.624,2663,0.655095,135,0.006,POST
391.728,2665,0.655095,132,0.006,POST
391.824,2663,0.655095,136,0.007,POST
391.924,2664,0.655095,136,0.004,POST
392.028,2670,0.655095,135,0.008,POST
392.124,2666,0.655095,136,0.006,POST
392.224,2672,0.655095,132,0.005,POST
392.328,2663,0.655095,138,0.006,POST
392.428,2662,0.655095,137,0.005,POST
392.524,2662,0.655095,136,0.005,POST
392.628,2664,0.655095,135,0.005,POST
392.724,2665,0.655095,139,0.005,POST
392.828,2667,0.655095,135,0.007,POST
392.924,2658,0.655095,139,0.006,POST
393.024,2659,0.655095,138,0.005,POST
393.124,2659,0.655095,141,0.006,POST
393.256,2663,0.655095,143,0.007,POST
393.328,2658,0.655095,133,0.003,POST
393.424,2659,0.655095,138,0.004,POST
393.524,2658,0.655095,137,0.004,POST
393.624,2662,0.655095,134,0.006,POST
393.724,2662,0.655095,136,0.006,POST
393.824,2663,0.655095,131,0.008,POST
393.924,2661,0.655095,127,0.004,POST
394.024,2660,0.655095,136,0.007,POST
394.128,2663,0.655095,137,0.007,POST
394.224,2665,0.655095,135,0.003,POST
394.356,2665,0.655095,131,0.007,POST
394.456,2661,0.655095,130,0.007,POST
394.588,2662,0.655095,134,0.006,POST
394.688,2660,0.655095,133,0.005,POST
394.788,2662,0.655095,131,0.004,POST
394.888,2660,0.655095,138,0.005,POST
394.960,2659,0.655095,137,0.003,POST
395.088,2665,0.655095,139,0.007,POST
395.188,2661,0.655095,144,0.002,POST
395.288,2660,0.655095,133,0.005,POST
395.392,2661,0.655095,139,0.007,POST
395.524,2663,0.655095,135,0.011,POST
395.624,2667,0.655095,142,0.007,POST
395.728,2661,0.655095,135,0.007,POST
395.824,2660,0.655095,135,0.005,POST
395.924,2659,0.655095,133,0.005,POST
396.024,2663,0.655095,133,0.006,POST
396.124,2662,0.655095,135,0.007,POST
396.224,2661,0.655095,132,0.006,POST
396.324,2664,0.655095,134,0.007,POST
396.424,2664,0.655095,132,0.005,POST
396.528,2665,0.655095,130,0.007,POST
396.624,2662,0.655095,133,0.004,POST
396.724,2663,0.655095,138,0.005,POST
396.824,2667,0.655095,139,0.008,POST
396.924,2663,0.655095,135,0.005,POST
397.024,2661,0.655095,137,0.007,POST
397.128,2660,0.655095,136,0.007,POST
397.228,2660,0.655095,137,0.005,POST
397.324,2662,0.655095,135,0.006,POST
397.428,2663,0.655095,135,0.005,POST
397.524,2660,0.655095,136,0.004,POST
397.628,2661,0.655095,132,0.007,POST
397.724,2662,0.655095,130,0.005,POST
397.828,2659,0.655095,136,0.006,POST
397.924,2661,0.655095,133,0.004,POST
398.024,2664,0.655095,133,0.005,POST
398.124,2662,0.655095,132,0.004,POST
398.256,2661,0.655095,133,0.006,POST
398.388,2663,0.655095,136,0.007,POST
398.460,2660,0.655095,138,0.005,POST
398.588,2665,0.655095,132,0.008,POST
398.688,2661,0.655095,139,0.006,POST
398.788,2665,0.655095,130,0.005,POST
398.888,2661,0.655095,129,0.006,POST
398.960,2660,0.655095,136,0.005,POST
399.060,2660,0.655095,131,0.005,POST
399.160,2659,0.655095,137,0.006,POST
399.292,2662,0.655095,140,0.005,POST
399.424,2670,0.655095,132,0.007,POST
399.528,2663,0.655095,143,0.006,POST
399.628,2664,0.655095,134,0.006,POST
399.724,2662,0.655095,129,0.005,POST
399.824,2662,0.655095,132,0.009,POST
399.956,2665,0.655095,137,0.006,POST
400.088,2665,0.655095,134,0.007,POST
400.188,2662,0.655095,132,0.008,POST
400.288,2663,0.655095,130,0.006,POST
400.388,2666,0.655095,130,0.005,POST
400.492,2665,0.655095,137,0.006,POST
400.592,2664,0.655095,133,0.006,POST
400.724,2664,0.655095,135,0.008,POST
400.824,2663,0.655095,138,0.005,POST
400.924,2664,0.655095,137,0.004,POST
401.024,2658,0.655095,130,0.005,POST
401.124,2659,0.655095,135,0.005,POST
401.224,2658,0.655095,132,0.004,POST
401.356,2659,0.655095,133,0.006,POST
401.460,2660,0.655095,133,0.006,POST
401.588,2663,0.655095,133,0.006,POST
401.688,2661,0.655095,133,0.005,POST
401.792,2660,0.655095,135,0.007,POST
401.892,2660,0.655095,134,0.009,POST
402.024,2669,0.655095,136,0.006,POST
402.156,2661,0.655095,130,0.009,POST
402.288,2664,0.655095,133,0.006,POST
402.388,2659,0.655095,134,0.006,POST
402.460,2658,0.655095,139,0.006,POST
402.592,2663,0.655095,140,0.005,POST
402.724,2662,0.655095,136,0.006,POST
402.824,2662,0.655095,141,0.004,POST
402.924,2660,0.655095,135,0.006,POST
403.024,2663,0.655095,134,0.005,POST
403.124,2661,0.655095,139,0.007,POST
403.224,2662,0.655095,134,0.006,POST
403.324,2660,0.655095,140,0.007,POST
403.424,2661,0.655095,129,0.005,POST
403.524,2659,0.655095,133,0.006,POST
403.624,2660,0.655095,136,0.006,POST
403.756,2662,0.655095,137,0.005,POST
403.888,2662,0.655095,137,0.005,POST
403.988,2664,0.655095,132,0.006,POST
404.088,2661,0.655095,132,0.005,POST
404.188,2665,0.655095,136,0.009,POST
404.288,2662,0.655095,134,0.005,POST
404.360,2660,0.655095,135,0.003,POST
404.460,2664,0.655095,130,0.004,POST
404.588,2662,0.655095,132,0.007,POST
404.688,2660,0.655095,131,0.004,POST
404.788,2663,0.655095,135,0.007,POST
404.892,2661,0.655095,134,0.005,POST
405.024,2662,0.655095,133,0.004,POST
405.124,2661,0.655095,141,0.005,POST
405.224,2662,0.655095,133,0.004,POST
405.324,2664,0.655095,132,0.004,POST
405.424,2662,0.655095,135,0.005,POST
405.524,2662,0.655095,135,0.007,POST
405.624,2661,0.655095,134,0.006,POST
405.724,2662,0.655095,138,0.007,POST
405.824,2663,0.655095,134,0.005,POST
405.924,2659,0.655095,135,0.005,POST
406.024,2661,0.655095,128,0.004,POST
406.124,2664,0.655095,131,0.007,POST
406.228,2661,0.655095,135,0.004,POST
406.356,2663,0.655095,133,0.009,POST
406.492,2670,0.655095,135,0.007,POST
406.592,2667,0.655095,138,0.009,POST
406.692,2666,0.655095,140,0.005,POST
406.824,2662,0.655095,139,0.010,POST
406.960,2665,0.655095,136,0.007,POST
407.088,2663,0.655095,135,0.008,POST
407.188,2661,0.655095,137,0.005,POST
407.288,2663,0.655095,140,0.006,POST
407.388,2660,0.655095,140,0.007,POST
407.488,2662,0.655095,134,0.006,POST
407.588,2668,0.655095,138,0.002,POST
407.660,2660,0.655095,139,0.005,POST
