t,cost,bas,track,vel,phase
9.812,1393,0.003402,133,0.002,GROUND
9.888,348.8,0.002603,100,0.002,GROUND
9.988,277.2,0.004891,128,0.002,GROUND
10.092,190.8,0.003459,129,0.002,GROUND
10.224,225.8,0.004335,134,0.002,GROUND
10.356,172.2,0.005603,129,0.002,GROUND
10.488,191.4,0.004176,133,0.004,GROUND
10.564,192,0.002908,135,0.001,GROUND
10.664,193,0.004076,136,0.003,GROUND
10.764,162.9,0.004285,135,0.002,GROUND
10.836,172.4,0.00386,132,0.002,GROUND
10.964,227.3,0.00412,139,0.002,GROUND
11.064,161.4,0.004628,137,0.001,GROUND
11.164,162.3,0.004949,134,0.001,GROUND
11.264,138.1,0.005192,135,0.003,GROUND
11.364,164,0.005472,138,0.001,GROUND
11.468,147.2,0.007301,141,0.001,GROUND
11.600,204,0.011874,138,0.002,GROUND
11.736,218.6,0.017655,138,0.002,GROUND
11.864,147.4,0.024018,139,0.003,GROUND
11.964,132.6,0.030352,138,0.001,GROUND
12.064,145.4,0.036743,133,0.003,GROUND
12.164,151.1,0.043508,139,0.002,GROUND
12.264,154.4,0.051784,140,0.002,GROUND
12.364,167.5,0.054559,139,0.002,GROUND
12.464,148.2,0.068001,133,0.002,GROUND
12.568,186.6,0.069622,138,0.005,GROUND
12.700,132.5,0.069622,137,0.007,GROUND
12.800,134.8,0.069622,134,0.011,GROUND
12.900,142,0.069622,130,0.012,GROUND
13.000,157.6,0.069622,134,0.012,GROUND
13.100,176.6,0.069622,135,0.012,GROUND
13.200,198.3,0.069622,132,0.011,GROUND
13.300,220.6,0.069622,134,0.013,GROUND
13.400,240.8,0.069622,135,0.014,GROUND
13.500,242.3,0.069622,134,0.014,GROUND
13.600,259.5,0.069622,133,0.017,GROUND
13.700,219.8,0.069622,133,0.019,GROUND
13.800,401.2,0.070347,133,0.005,GROUND
13.900,113.4,0.070565,137,0.003,GROUND
14.000,521,0.073946,138,0.003,GROUND
14.104,838.3,0.072341,100,0.002,GROUND
14.208,139.4,0.071946,132,0.003,GROUND
14.308,126.7,0.071545,132,0.003,GROUND
14.408,124.3,0.070918,136,0.002,GROUND
14.508,116.8,0.070678,136,0.001,GROUND
14.608,116.6,0.070392,134,0.002,GROUND
14.708,118.2,0.070027,136,0.003,GROUND
14.808,126.1,0.069561,136,0.004,GROUND
14.908,151.5,0.069349,133,0.002,GROUND
15.008,118.3,0.069396,139,0.003,GROUND
15.108,121.4,0.0694,135,0.001,GROUND
15.208,119.6,0.069181,137,0.002,GROUND
15.308,131.3,0.068877,136,0.002,GROUND
15.408,129.6,0.068168,141,0.002,GROUND
15.508,137.2,0.067311,140,0.001,GROUND
15.608,126.1,0.065942,138,0.001,GROUND
15.708,145.3,0.065479,136,0.006,GROUND
15.812,126.4,0.064854,134,0.003,GROUND
15.908,164.5,0.064734,134,0.002,GROUND
16.008,124.6,0.06488,135,0.004,GROUND
16.108,122.7,0.064965,138,0.001,GROUND
16.208,122.7,0.066301,136,0.005,GROUND
16.312,124.8,0.069895,133,0.008,GROUND
16.412,122.4,0.073944,139,0.009,GROUND
16.508,128.7,0.075952,130,0.009,GROUND
16.608,126.8,0.078512,134,0.008,GROUND
16.708,127.5,0.079824,129,0.009,GROUND
16.808,129.2,0.079304,138,0.009,GROUND
16.908,129.1,0.078591,141,0.008,GROUND
17.008,126.6,0.078972,132,0.008,GROUND
17.140,129.3,0.081409,132,0.004,GROUND
17.276,125.2,0.085817,134,0.007,GROUND
17.408,123.2,0.088131,134,0.005,GROUND
17.508,119.3,0.093599,135,0.006,GROUND
17.608,123,0.099574,140,0.006,GROUND
17.708,122.2,0.106003,137,0.004,GROUND
17.808,121.2,0.1084,133,0.004,GROUND
17.908,119.5,0.110557,137,0.003,GROUND
18.008,123,0.119566,138,0.005,GROUND
18.108,124.2,0.12591,132,0.006,GROUND
18.240,124.5,0.127826,137,0.005,GROUND
18.344,137.7,0.133253,135,0.006,GROUND
18.472,125.8,0.132826,130,0.007,GROUND
18.572,124.3,0.127045,138,0.004,GROUND
18.672,122.4,0.129427,136,0.002,GROUND
18.772,121.8,0.133219,132,0.005,GROUND
18.872,126,0.134616,142,0.004,GROUND
18.972,123.7,0.135315,132,0.004,GROUND
19.072,123.2,0.139906,135,0.002,GROUND
19.172,125.4,0.140843,134,0.004,GROUND
19.272,120.8,0.141735,138,0.001,GROUND
19.372,123.3,0.143019,130,0.004,GROUND
19.472,124.1,0.143636,136,0.007,GROUND
19.576,120.4,0.145796,136,0.006,GROUND
19.708,123,0.155987,137,0.002,GROUND
19.808,119.2,0.166108,135,0.005,GROUND
19.908,119.1,0.171878,127,0.006,GROUND
20.008,119.1,0.179199,136,0.004,GROUND
20.108,135.6,0.181496,133,0.006,GROUND
20.212,131,0.193565,138,0.004,GROUND
20.308,129.4,0.197108,134,0.003,GROUND
20.412,129.2,0.198119,136,0.003,GROUND
20.512,130.2,0.201515,138,0.004,GROUND
20.612,131.9,0.203143,142,0.003,GROUND
20.708,133.3,0.203958,140,0.004,GROUND
20.808,130.6,0.204901,131,0.005,GROUND
20.908,137.1,0.206814,133,0.005,GROUND
21.008,133.2,0.208896,136,0.003,GROUND
21.108,136.1,0.211843,141,0.001,GROUND
21.208,132.2,0.216478,134,0.002,GROUND
21.308,136.2,0.220344,135,0.002,GROUND
21.408,132.1,0.221522,139,0.002,GROUND
21.508,132.4,0.232197,132,0.002,GROUND
21.608,131.6,0.244691,132,0.002,GROUND
21.708,139.1,0.257917,133,0.005,GROUND
21.808,151.9,0.269102,132,0.006,GROUND
21.908,137.1,0.270956,134,0.003,GROUND
22.008,131.7,0.272812,140,0.008,GROUND
22.108,131.5,0.277509,137,0.007,GROUND
22.208,137,0.283036,140,0.005,GROUND
22.308,137.8,0.284573,136,0.004,GROUND
22.408,135.2,0.286016,137,0.005,GROUND
22.508,137.3,0.293352,135,0.006,GROUND
22.608,134.4,0.301118,135,0.006,GROUND
22.712,136.8,0.302076,136,0.002,GROUND
22.808,136.5,0.303956,136,0.005,GROUND
22.908,133.8,0.311792,131,0.002,GROUND
23.008,132.2,0.313172,135,0.002,GROUND
23.108,129.9,0.320652,139,0.001,GROUND
23.212,129.9,0.328442,135,0.004,GROUND
23.308,134.4,0.32909,137,0.003,GROUND
23.408,133.3,0.331017,140,0.003,GROUND
23.508,129.7,0.332357,140,0.002,GROUND
23.612,130.9,0.333021,137,0.002,GROUND
23.708,131.6,0.33297,134,0.001,GROUND
23.808,129.9,0.333315,135,0.001,GROUND
23.952,130.9,0.33303,139,0.004,GROUND
24.076,127.7,0.332457,134,0.002,GROUND
24.176,132.4,0.325769,139,0.003,GROUND
24.276,130.1,0.324608,141,0.001,GROUND
24.376,128.5,0.320289,134,0.004,GROUND
24.476,129,0.314291,131,0.002,GROUND
24.576,131.9,0.308219,140,0.002,GROUND
24.708,133.6,0.307577,142,0.004,GROUND
24.808,134.4,0.306795,137,0.001,GROUND
24.908,131,0.306635,132,0.005,GROUND
25.008,132.9,0.307314,136,0.005,GROUND
25.108,134.6,0.307851,138,0.005,GROUND
25.208,133.5,0.3084,137,0.006,GROUND
25.308,136.7,0.309058,137,0.003,GROUND
25.408,134.3,0.30946,137,0.009,GROUND
25.508,397,0.308812,137,0.004,GROUND
25.608,176.5,0.308539,126,0.003,GROUND
25.708,169.3,0.308445,133,0.002,GROUND
25.808,188.8,0.308403,138,0.004,GROUND
25.908,186.3,0.308416,136,0.007,GROUND
26.008,175.7,0.308007,132,0.004,GROUND
26.108,170.1,0.307745,134,0.003,GROUND
26.208,180.7,0.307689,132,0.006,GROUND
26.312,173.2,0.307492,132,0.001,GROUND
26.412,164.4,0.307145,138,0.003,GROUND
26.508,188.6,0.305907,140,0.002,GROUND
26.608,204.6,0.304139,133,0.002,GROUND
26.708,168.1,0.302528,135,0.001,GROUND
26.808,154.7,0.301248,136,0.002,GROUND
26.908,161.2,0.299682,136,0.001,GROUND
27.008,157.7,0.296813,138,0.001,GROUND
27.080,150.9,0.295628,139,0.002,GROUND
27.180,152.6,0.293979,141,0.001,GROUND
27.276,160.9,0.292142,136,0.004,GROUND
27.408,195.5,0.283056,130,0.003,GROUND
27.508,163.1,0.281262,138,0.003,GROUND
27.608,152,0.279752,135,0.003,GROUND
27.708,179.5,0.277906,137,0.002,GROUND
27.808,201.4,0.274251,139,0.002,GROUND
27.908,205.2,0.274102,134,0.003,GROUND
28.008,177.1,0.274991,136,0.000,GROUND
28.144,155,0.275675,132,0.002,GROUND
28.276,161.6,0.275744,131,0.003,GROUND
28.392,160.4,0.275081,143,0.003,GROUND
28.476,159,0.274618,142,0.000,GROUND
28.592,159.1,0.273633,140,0.004,GROUND
28.680,163.1,0.27195,136,0.002,GROUND
28.776,152.1,0.271415,140,0.002,GROUND
28.880,152.8,0.270511,136,0.003,GROUND
29.008,189.6,0.270294,141,0.002,GROUND
29.140,179.1,0.270229,139,0.002,GROUND
29.240,153.8,0.270239,134,0.002,GROUND
29.340,157.2,0.269854,139,0.002,GROUND
29.440,162.7,0.26831,135,0.003,GROUND
29.540,182.2,0.266625,139,0.004,GROUND
29.640,169,0.266149,138,0.002,GROUND
29.740,155.5,0.264067,136,0.003,GROUND
29.840,166.7,0.263212,138,0.003,GROUND
29.944,167.6,0.261399,139,0.002,GROUND
30.052,156.4,0.258843,139,0.002,GROUND
30.152,160.4,0.255265,141,0.002,GROUND
30.256,157.7,0.251971,139,0.003,GROUND
30.360,164.3,0.250189,138,0.002,GROUND
30.484,174.4,0.248239,137,0.002,GROUND
30.616,160,0.24713,140,0.004,GROUND
30.716,177,0.247055,138,0.004,GROUND
30.808,166.5,0.247817,136,0.002,GROUND
30.908,154.6,0.24783,139,0.002,GROUND
31.008,378,0.259242,117,0.118,GROUND
31.140,438.6,0.262052,77,0.249,GROUND
31.240,404.5,0.255342,72,0.301,TRANSIT
31.340,607.9,0.254097,73,0.356,TRANSIT
31.440,1382,0.211722,65,0.420,TRANSIT
31.540,915.8,0.155127,102,0.473,TRANSIT
31.640,723.7,0.06365,100,0.510,TRANSIT
31.712,847.3,0.024125,106,0.528,TRANSIT
31.844,832.9,0.009908,101,0.546,TRANSIT
31.940,644.5,0.095718,113,0.554,TRANSIT
32.040,948.1,0.091531,114,0.554,TRANSIT
32.140,690.9,0.090454,124,0.545,TRANSIT
32.244,1043,0.079912,124,0.541,TRANSIT
32.340,765.6,0.08688,117,0.535,TRANSIT
32.440,1031,0.174191,116,0.535,TRANSIT
32.540,860.8,0.26325,102,0.537,TRANSIT
32.640,1073,0.424227,105,0.546,TRANSIT
32.740,955.6,0.492501,101,0.525,TRANSIT
32.884,846.1,0.536771,92,0.322,TRANSIT
33.008,692,0.441426,91,0.181,TRANSIT
33.080,970.9,0.378953,87,0.148,TRANSIT
33.188,714.6,0.371104,113,0.177,TRANSIT
33.276,632.8,0.380799,108,0.221,TRANSIT
33.408,600.3,0.384565,110,0.259,TRANSIT
33.484,586.7,0.379791,114,0.266,TRANSIT
33.592,565.2,0.40403,101,0.257,TRANSIT
33.692,519.7,0.431488,113,0.245,TRANSIT
33.768,678.7,0.431669,109,0.241,TRANSIT
33.872,502.5,0.439243,112,0.228,TRANSIT
33.964,498.6,0.42406,123,0.222,TRANSIT
34.068,560.2,0.40635,116,0.217,TRANSIT
34.168,475.3,0.407914,117,0.202,TRANSIT
34.292,628.4,0.405113,120,0.181,TRANSIT
34.364,478.6,0.398321,121,0.173,TRANSIT
34.480,457.9,0.40045,118,0.153,TRANSIT
34.564,504.8,0.410257,125,0.140,TRANSIT
34.692,424.2,0.377504,121,0.130,TRANSIT
34.792,429,0.357008,124,0.120,TRANSIT
34.868,381.1,0.344637,126,0.113,TRANSIT
34.968,467.2,0.316059,128,0.102,TRANSIT
35.068,381.9,0.299082,128,0.093,TRANSIT
35.168,395.3,0.281388,129,0.082,TRANSIT
35.268,359,0.268004,131,0.072,TRANSIT
35.372,361.6,0.268815,133,0.061,TRANSIT
35.468,367.6,0.265937,132,0.058,TRANSIT
35.572,350.9,0.267948,128,0.059,TRANSIT
35.676,355.1,0.277061,127,0.067,TRANSIT
35.784,355.4,0.278425,128,0.073,TRANSIT
35.884,361.2,0.266449,130,0.076,TRANSIT
35.984,366.7,0.276978,125,0.083,TRANSIT
36.084,364.3,0.269767,130,0.081,TRANSIT
36.184,348,0.25772,125,0.087,TRANSIT
36.284,353.8,0.247429,128,0.083,TRANSIT
36.384,354.8,0.252913,127,0.075,TRANSIT
36.484,355.8,0.247179,121,0.066,TRANSIT
36.584,352.9,0.257901,129,0.068,TRANSIT
36.688,353.8,0.257015,130,0.067,TRANSIT
36.816,362.7,0.269005,130,0.058,TRANSIT
36.948,351.5,0.253251,127,0.049,TRANSIT
37.048,346,0.252063,132,0.050,TRANSIT
37.148,401.5,0.235447,129,0.043,TRANSIT
37.248,357.6,0.227343,123,0.039,TRANSIT
37.348,356.3,0.22276,130,0.036,TRANSIT
37.448,358.7,0.218987,133,0.032,TRANSIT
37.548,362.3,0.21333,131,0.033,TRANSIT
37.648,355.8,0.20687,131,0.031,TRANSIT
37.752,355.7,0.203987,123,0.032,TRANSIT
37.884,358.7,0.198996,121,0.038,TRANSIT
37.984,354,0.204618,125,0.040,TRANSIT
38.088,351.1,0.20807,131,0.038,TRANSIT
38.184,348.1,0.204277,133,0.037,TRANSIT
38.284,348,0.208425,139,0.039,TRANSIT
38.384,349.4,0.203101,132,0.036,TRANSIT
38.496,349.3,0.201418,127,0.041,TRANSIT
38.584,349.5,0.196845,132,0.038,TRANSIT
38.692,414.8,0.189393,134,0.038,TRANSIT
38.788,381.3,0.177999,132,0.034,TRANSIT
38.884,373,0.169142,131,0.035,TRANSIT
38.984,374.5,0.165491,134,0.030,TRANSIT
39.084,387.7,0.160148,136,0.024,TRANSIT
39.196,388.4,0.155304,130,0.019,TRANSIT
39.284,350.5,0.156809,133,0.022,TRANSIT
39.396,350.9,0.158021,134,0.022,TRANSIT
39.484,355.5,0.162128,130,0.023,TRANSIT
39.588,347.1,0.154739,131,0.020,TRANSIT
39.684,347.9,0.150406,136,0.022,TRANSIT
39.788,345.4,0.154037,126,0.020,TRANSIT
39.888,345,0.14981,133,0.022,TRANSIT
39.984,345.2,0.14789,128,0.023,TRANSIT
40.088,350.4,0.16521,132,0.030,TRANSIT
40.184,346.3,0.163559,118,0.025,TRANSIT
40.284,351.7,0.150866,135,0.032,TRANSIT
40.388,350.5,0.147472,139,0.030,TRANSIT
40.484,357.6,0.138904,134,0.030,TRANSIT
40.584,352.7,0.14925,129,0.032,TRANSIT
40.684,357.8,0.139505,129,0.025,TRANSIT
40.816,363.6,0.146061,130,0.020,TRANSIT
40.948,464.5,0.160933,135,0.018,TRANSIT
41.048,350.6,0.156699,130,0.010,TRANSIT
41.148,348.2,0.163192,136,0.014,TRANSIT
41.252,363.2,0.156092,134,0.009,TRANSIT
41.384,357.3,0.162643,132,0.010,TRANSIT
41.484,347.5,0.163578,140,0.015,TRANSIT
41.588,342.6,0.160049,131,0.011,TRANSIT
41.684,343.4,0.157056,140,0.011,TRANSIT
41.784,345.2,0.166631,133,0.010,TRANSIT
41.884,341,0.160449,134,0.005,TRANSIT
41.984,338.9,0.162834,137,0.006,TRANSIT
42.120,344,0.157748,138,0.002,TRANSIT
42.248,342.2,0.166506,131,0.010,TRANSIT
42.320,340.3,0.165318,134,0.006,TRANSIT
42.420,342.4,0.160145,132,0.008,TRANSIT
42.548,348.5,0.152234,135,0.012,TRANSIT
42.648,339,0.154064,138,0.010,TRANSIT
42.748,341.7,0.150897,127,0.010,TRANSIT
42.848,338.2,0.156099,134,0.008,TRANSIT
42.920,334,0.155603,139,0.006,TRANSIT
43.048,339.2,0.151972,129,0.005,TRANSIT
43.152,334.7,0.156103,133,0.008,TRANSIT
43.260,335.3,0.154716,127,0.006,TRANSIT
43.372,336.9,0.155055,125,0.011,TRANSIT
43.468,339.7,0.154804,125,0.010,TRANSIT
43.564,341.7,0.157055,131,0.015,TRANSIT
43.672,344,0.155557,129,0.010,TRANSIT
43.756,343.1,0.154534,126,0.010,TRANSIT
43.868,342.8,0.1523,130,0.006,TRANSIT
43.964,343.2,0.14946,131,0.003,TRANSIT
44.060,341.5,0.152402,130,0.006,TRANSIT
44.156,341.1,0.155824,134,0.011,TRANSIT
44.268,343.6,0.155174,126,0.006,TRANSIT
44.388,345.1,0.15447,129,0.011,TRANSIT
44.520,350.3,0.157347,120,0.010,TRANSIT
44.620,352.9,0.148409,133,0.006,TRANSIT
44.720,354.7,0.154052,132,0.018,TRANSIT
44.820,348.3,0.15653,128,0.011,TRANSIT
44.920,354,0.1505,129,0.016,TRANSIT
45.020,351.5,0.14943,128,0.003,TRANSIT
45.120,353.5,0.151466,135,0.011,TRANSIT
45.220,361.8,0.145309,137,0.010,TRANSIT
45.320,351.4,0.145089,130,0.014,TRANSIT
45.420,356.4,0.14824,131,0.019,TRANSIT
45.520,356.8,0.148882,132,0.014,TRANSIT
45.624,350.7,0.148249,135,0.014,GOAL
45.720,360.9,0.153059,127,0.020,GOAL
45.820,359.7,0.149955,121,0.020,GOAL
45.920,350.5,0.150419,122,0.038,GOAL
46.020,356.1,0.150692,134,0.061,GOAL
46.120,362.3,0.150428,131,0.061,GOAL
46.220,363.5,0.153947,131,0.087,GOAL
46.320,358.9,0.150748,135,0.092,GOAL
46.420,355.4,0.148696,123,0.114,GOAL
46.520,357.2,0.152495,118,0.119,GOAL
46.620,357.9,0.153391,117,0.118,GOAL
46.720,357.8,0.153269,114,0.119,GOAL
46.824,359.5,0.155346,137,0.129,GOAL
46.924,401.5,0.135299,131,0.144,GOAL
47.024,478.7,0.131869,119,0.171,GOAL
47.120,545.5,0.128526,101,0.203,GOAL
47.220,1077,0.154549,92,0.239,GOAL
47.324,1069,0.205275,59,0.260,GOAL
47.468,1288,0.144825,35,0.251,GOAL
47.560,1347,0.269768,97,0.197,GOAL
47.668,2555,0.443495,100,0.132,GOAL
47.760,2752,0.799199,112,0.292,GOAL
47.872,1877,0.681846,113,0.319,GOAL
47.964,1834,0.55704,105,0.303,GOAL
48.088,2354,0.270264,95,0.161,GOAL
48.164,2582,0.074655,117,0.068,GOAL
48.268,2527,0.039901,114,0.133,GOAL
48.360,2459,0.056641,110,0.196,GOAL
48.492,2563,0.046547,113,0.220,GOAL
48.628,2971,0.08126,108,0.195,GOAL
48.768,2957,0.114741,117,0.204,GOAL
48.868,2884,0.122732,119,0.222,GOAL
48.968,2825,0.119557,122,0.248,GOAL
49.060,2848,0.115242,124,0.268,GOAL
49.164,2427,0.111322,115,0.283,GOAL
49.264,2289,0.106359,105,0.296,GOAL
49.360,2434,0.10068,111,0.299,GOAL
49.468,2272,0.098048,114,0.306,GOAL
49.568,2257,0.094682,116,0.307,GOAL
49.672,2252,0.091736,118,0.311,GOAL
49.788,2222,0.085572,114,0.313,GOAL
49.892,2070,0.086109,122,0.321,GOAL
50.020,2071,0.086472,119,0.334,GOAL
50.120,2088,0.086758,125,0.347,GOAL
50.224,6508,0.137266,119,0.464,GOAL
50.372,2490,0.088071,118,0.377,GOAL
50.480,2098,0.089869,122,0.385,GOAL
50.588,2279,0.089556,122,0.383,GOAL
50.720,2145,0.089692,118,0.380,GOAL
50.820,2200,0.098687,124,0.379,GOAL
50.924,2009,0.101276,113,0.384,GOAL
51.072,2011,0.103378,113,0.399,GOAL
51.164,2010,0.105033,121,0.408,GOAL
51.260,2049,0.109086,121,0.415,GOAL
51.360,2017,0.109909,119,0.422,GOAL
51.464,2025,0.109395,114,0.422,GOAL
51.564,2335,0.107045,114,0.422,GOAL
51.672,2037,0.108227,116,0.427,GOAL
51.768,2045,0.107453,118,0.428,GOAL
51.868,2062,0.106565,120,0.429,GOAL
51.960,1966,0.107791,121,0.432,GOAL
52.064,1967,0.108572,122,0.435,GOAL
52.164,2280,0.110712,110,0.440,GOAL
52.260,2017,0.110277,111,0.441,GOAL
52.364,2027,0.111064,114,0.445,GOAL
52.460,2169,0.112003,115,0.445,GOAL
52.572,2056,0.112384,117,0.447,GOAL
52.668,2061,0.112638,116,0.448,GOAL
52.788,2298,0.112828,108,0.442,GOAL
52.920,2079,0.111677,107,0.426,GOAL
53.020,2242,0.112732,112,0.422,GOAL
53.100,2029,0.111912,99,0.414,GOAL
53.220,2133,0.112651,106,0.405,GOAL
53.320,2100,0.112112,113,0.395,GOAL
53.420,2108,0.112424,109,0.392,GOAL
53.520,2132,0.113916,109,0.391,GOAL
53.620,2102,0.113403,88,0.382,GOAL
53.724,2479,0.114976,108,0.381,GOAL
53.820,2091,0.114601,97,0.372,GOAL
53.920,2138,0.115068,98,0.367,GOAL
54.020,2197,0.115178,104,0.358,GOAL
54.104,2045,0.115723,110,0.358,GOAL
54.220,2014,0.115816,113,0.351,GOAL
54.320,2206,0.116584,108,0.351,GOAL
54.420,2005,0.117041,98,0.347,GOAL
54.520,2275,0.118434,96,0.348,GOAL
54.620,2143,0.117943,107,0.343,GOAL
54.720,1978,0.118082,93,0.339,GOAL
54.820,2451,0.118237,96,0.339,GOAL
54.920,2255,0.116944,100,0.328,GOAL
55.024,1905,0.116247,95,0.321,GOAL
55.156,1901,0.116867,95,0.317,GOAL
55.256,2018,0.117383,105,0.318,GOAL
55.356,1907,0.117347,90,0.313,GOAL
55.468,2446,0.117609,99,0.309,GOAL
55.564,2227,0.119109,94,0.318,GOAL
55.688,2214,0.119776,99,0.312,GOAL
55.820,2158,0.120379,88,0.312,GOAL
55.920,2132,0.121013,87,0.311,GOAL
56.020,2031,0.121241,93,0.313,GOAL
56.120,2132,0.12201,98,0.315,GOAL
56.220,1936,0.121798,69,0.310,GOAL
56.320,2080,0.122739,92,0.318,GOAL
56.420,1963,0.123295,96,0.322,GOAL
56.520,2082,0.124288,82,0.327,GOAL
56.624,1958,0.124673,84,0.333,GOAL
56.720,2019,0.125257,99,0.336,GOAL
56.796,2082,0.125672,95,0.341,GOAL
56.920,2166,0.126134,70,0.347,GOAL
57.020,2265,0.126585,77,0.349,GOAL
57.120,1904,0.126832,78,0.348,GOAL
57.220,2065,0.127139,83,0.347,GOAL
57.292,1.287e+04,0.121416,91,0.335,GOAL
57.420,4312,0.127715,71,0.353,GOAL
57.524,2316,0.12771,73,0.352,GOAL
57.676,1872,0.128202,64,0.361,GOAL
57.760,3653,0.126314,70,0.371,GOAL
57.856,2206,0.128727,76,0.360,GOAL
57.972,1981,0.128236,81,0.357,GOAL
58.064,1963,0.128155,87,0.347,GOAL
58.176,1966,0.128528,77,0.349,GOAL
58.292,2016,0.128503,86,0.345,GOAL
58.424,1911,0.128196,71,0.340,GOAL
58.576,1972,0.128157,72,0.350,GOAL
58.676,1945,0.12807,76,0.352,GOAL
58.768,1995,0.127757,84,0.346,GOAL
58.860,4656,0.129114,71,0.402,GOAL
58.968,2342,0.127642,76,0.347,GOAL
59.076,2145,0.12787,69,0.368,GOAL
59.164,2566,0.127995,74,0.373,GOAL
59.264,1930,0.128264,71,0.380,GOAL
59.364,3210,0.12782,79,0.099,GOAL
59.500,2094,0.127456,69,0.078,GOAL
59.620,7.752e+04,0.127032,75,0.133,GOAL
59.720,2434,0.128799,62,0.168,GOAL
59.820,2178,0.12829,69,0.120,GOAL
59.920,1851,0.128354,88,0.113,GOAL
60.020,2124,0.128226,91,0.135,GOAL
60.120,3352,0.128615,76,0.121,GOAL
60.220,2057,0.128616,86,0.115,GOAL
60.320,2128,0.12865,72,0.099,GOAL
60.420,2085,0.128955,70,0.135,GOAL
60.508,1937,0.12862,88,0.105,GOAL
60.620,2367,0.128614,86,0.106,GOAL
60.720,2175,0.12717,81,0.027,GOAL
60.820,2001,0.127043,75,0.026,GOAL
60.892,2126,0.127146,89,0.032,GOAL
61.020,3647,0.127233,87,0.037,GOAL
61.120,5615,0.127022,78,0.039,GOAL
61.220,3308,0.127154,84,0.032,GOAL
61.320,2751,0.127141,84,0.033,GOAL
61.404,4398,0.12731,86,0.028,GOAL
61.520,4345,0.126763,84,0.022,GOAL
61.620,3356,0.126583,78,0.021,GOAL
61.720,6308,0.126552,99,0.021,GOAL
61.824,8247,0.126409,86,0.014,GOAL
61.976,5133,0.126802,90,0.016,GOAL
62.068,2143,0.126618,88,0.018,GOAL
62.168,4122,0.126142,97,0.017,GOAL
62.264,6079,0.125802,88,0.015,GOAL
62.360,7515,0.125957,88,0.012,GOAL
62.476,4001,0.125728,88,0.016,GOAL
62.560,1924,0.12535,85,0.019,GOAL
62.664,5386,0.124954,101,0.019,GOAL
62.772,1859,0.12478,93,0.018,GOAL
62.864,3321,0.12425,100,0.016,GOAL
62.968,6596,0.124166,87,0.020,GOAL
63.060,1927,0.124525,94,0.020,GOAL
63.172,8850,0.124419,98,0.022,GOAL
63.268,6870,0.123949,101,0.021,GOAL
63.356,1813,0.123837,95,0.016,GOAL
63.456,2706,0.123515,101,0.010,GOAL
63.560,1793,0.12347,106,0.016,GOAL
63.656,1799,0.123431,108,0.018,GOAL
63.768,1810,0.12326,107,0.020,GOAL
63.864,1802,0.123219,109,0.027,GOAL
63.968,1947,0.122881,106,0.024,GOAL
64.064,1790,0.12294,102,0.025,GOAL
64.164,1798,0.122903,103,0.029,GOAL
64.264,5864,0.122888,96,0.031,GOAL
64.368,2228,0.122848,99,0.028,GOAL
64.460,1960,0.122859,100,0.025,GOAL
64.572,1843,0.122912,95,0.027,GOAL
64.688,4130,0.122751,100,0.025,GOAL
64.820,1821,0.12278,108,0.029,GOAL
64.920,1793,0.122917,110,0.032,GOAL
65.004,1.121e+04,0.126283,107,0.098,GOAL
65.120,2416,0.123542,97,0.031,GOAL
65.220,3550,0.123972,99,0.029,GOAL
65.324,6208,0.124865,100,0.024,GOAL
65.468,1831,0.125358,102,0.027,GOAL
65.560,1798,0.125556,108,0.028,GOAL
65.660,1837,0.125824,102,0.025,GOAL
65.764,1777,0.126232,105,0.028,GOAL
65.860,1756,0.12573,108,0.032,GOAL
65.976,2336,0.125639,110,0.031,GOAL
66.068,1755,0.126188,121,0.028,GOAL
66.172,1765,0.126596,120,0.032,GOAL
66.260,2496,0.126768,121,0.026,GOAL
66.368,1784,0.126942,109,0.029,GOAL
66.472,1774,0.128025,111,0.030,GOAL
66.568,2370,0.127531,111,0.029,GOAL
66.688,1807,0.126629,107,0.032,GOAL
66.820,3774,0.126554,120,0.027,GOAL
66.920,1821,0.127336,108,0.027,GOAL
67.020,2321,0.12834,121,0.023,GOAL
67.104,1803,0.12889,116,0.017,GOAL
67.220,1799,0.12932,120,0.019,GOAL
67.320,1955,0.130576,120,0.021,GOAL
67.420,1831,0.131061,127,0.020,GOAL
67.524,1838,0.131845,118,0.016,GOAL
67.620,1873,0.132188,120,0.014,GOAL
67.720,1814,0.132628,125,0.016,GOAL
67.820,1821,0.133092,124,0.023,GOAL
67.896,1824,0.133364,116,0.031,GOAL
68.020,1846,0.133891,113,0.042,GOAL
68.120,1879,0.134034,108,0.058,GOAL
68.220,1857,0.134469,109,0.076,GOAL
68.324,2852,0.134601,111,0.091,GOAL
68.420,3632,0.134302,101,0.100,GOAL
68.520,2156,0.13364,92,0.114,GOAL
68.620,2060,0.133184,107,0.127,GOAL
68.720,4469,0.13268,107,0.146,GOAL
68.820,2959,0.132778,93,0.159,GOAL
68.920,3065,0.131911,100,0.188,GOAL
69.020,2188,0.131508,99,0.208,GOAL
69.120,2518,0.12806,98,0.220,GOAL
69.220,2562,0.127637,100,0.240,GOAL
69.292,2633,0.124867,106,0.268,GOAL
69.420,2548,0.113748,80,0.219,GOAL
69.520,2779,0.104522,120,0.084,GOAL
69.624,6187,0.10056,132,0.052,GOAL
69.720,3875,0.097896,135,0.031,GOAL
69.820,2796,0.099698,106,0.050,GOAL
69.920,2711,0.097417,125,0.084,GOAL
70.020,2682,0.095658,117,0.103,GOAL
70.120,2841,0.094585,122,0.078,GOAL
70.220,5193,0.08877,130,0.054,GOAL
70.320,3280,0.085969,127,0.035,GOAL
70.400,3042,0.084102,135,0.021,GOAL
70.520,3832,0.078424,128,0.036,GOAL
70.620,3319,0.074098,113,0.059,GOAL
70.720,3304,0.070813,110,0.070,GOAL
70.820,4138,0.071613,107,0.077,GOAL
70.896,5154,0.073381,118,0.067,GOAL
71.020,5363,0.071185,113,0.028,GOAL
71.120,5847,0.070888,113,0.065,GOAL
71.220,3352,0.065903,108,0.078,GOAL
71.320,3371,0.065058,117,0.085,GOAL
71.400,3482,0.066383,122,0.083,GOAL
71.524,7098,0.064935,121,0.044,GOAL
71.620,3684,0.064529,119,0.037,GOAL
71.720,3314,0.064598,118,0.068,GOAL
71.820,3376,0.064878,108,0.064,GOAL
71.920,3645,0.066532,111,0.056,GOAL
72.020,1.112e+04,0.067634,122,0.031,GOAL
72.120,3420,0.068096,113,0.049,GOAL
72.220,3453,0.067996,120,0.055,GOAL
72.320,3513,0.068317,119,0.055,GOAL
72.420,3837,0.06954,123,0.050,GOAL
72.520,5332,0.069367,129,0.023,GOAL
72.620,3782,0.068668,120,0.058,GOAL
72.696,3858,0.071405,117,0.072,GOAL
72.820,1.079e+04,0.073162,111,0.077,GOAL
72.920,4759,0.073656,111,0.069,GOAL
73.020,4306,0.072083,119,0.035,GOAL
73.104,4128,0.073335,112,0.059,GOAL
73.220,3855,0.073295,108,0.077,GOAL
73.320,4087,0.073612,116,0.074,GOAL
73.420,4731,0.07325,113,0.060,GOAL
73.520,4700,0.073099,117,0.046,GOAL
73.620,4107,0.073952,130,0.019,GOAL
73.724,4033,0.074483,121,0.045,GOAL
73.868,4094,0.074134,111,0.053,GOAL
73.988,4148,0.072814,112,0.031,GOAL
74.120,4462,0.071759,120,0.033,GOAL
74.220,4155,0.071654,124,0.044,GOAL
74.320,4231,0.072141,116,0.050,GOAL
74.420,4216,0.071958,117,0.045,GOAL
74.520,4684,0.073553,122,0.035,GOAL
74.620,4406,0.072985,130,0.021,GOAL
74.720,6074,0.073348,123,0.041,GOAL
74.820,4655,0.073938,115,0.043,GOAL
74.896,4652,0.07351,115,0.037,GOAL
75.020,5028,0.072849,121,0.042,GOAL
75.120,4800,0.07247,121,0.037,GOAL
75.220,5403,0.07349,122,0.040,GOAL
75.320,4974,0.073548,117,0.047,GOAL
75.404,6283,0.073481,114,0.047,GOAL
75.528,5127,0.073823,126,0.037,GOAL
75.620,5497,0.073987,121,0.029,GOAL
75.720,5229,0.074597,128,0.030,GOAL
75.820,6232,0.074606,125,0.032,GOAL
75.920,5279,0.074927,129,0.036,GOAL
76.000,5277,0.073923,127,0.030,GOAL
76.120,5030,0.073706,131,0.031,GOAL
76.200,5002,0.073612,132,0.037,GOAL
76.320,5034,0.073498,130,0.042,GOAL
76.420,5088,0.072604,128,0.038,GOAL
76.520,5067,0.072592,132,0.037,GOAL
76.620,5040,0.073676,127,0.034,GOAL
76.692,4864,0.07376,128,0.032,GOAL
76.820,6576,0.07376,135,0.048,GOAL
76.920,5104,0.072851,120,0.029,GOAL
77.020,4869,0.072742,134,0.028,GOAL
77.120,4960,0.07255,131,0.045,GOAL
77.220,4945,0.072417,127,0.050,GOAL
77.308,4877,0.072064,132,0.043,GOAL
77.420,4802,0.07155,131,0.030,GOAL
77.520,4811,0.070882,127,0.034,GOAL
77.620,6124,0.070882,134,0.059,GOAL
77.720,5157,0.071694,116,0.045,GOAL
77.820,4880,0.071276,120,0.051,GOAL
77.920,4961,0.071509,117,0.043,GOAL
78.020,5211,0.072459,115,0.034,GOAL
78.120,5127,0.073076,122,0.041,GOAL
78.220,5136,0.072466,127,0.070,GOAL
78.320,5136,0.071829,112,0.091,GOAL
78.420,5564,0.07234,94,0.103,GOAL
78.520,7294,0.071733,87,0.115,GOAL
78.620,5056,0.073524,78,0.195,GOAL
78.720,6396,0.073524,96,0.328,GOAL
78.796,6632,0.073524,84,0.455,GOAL
78.924,7426,0.073524,47,0.726,GOAL
79.008,6520,0.078593,31,0.935,GOAL
79.120,5563,0.072179,19,1.358,GOAL
79.220,5013,0.077648,6,2.070,GOAL
79.320,4726,0.082651,3,3.658,GOAL
79.420,4720,0.082663,0,4.100,GOAL
79.520,4719,0.082666,58,3.877,GOAL
79.620,4744,0.083578,78,3.864,GOAL
79.720,1.383e+04,0.083578,78,3.869,GOAL
79.824,5722,0.085231,71,3.762,GOAL
79.924,5386,0.083409,63,3.842,GOAL
80.056,5642,0.081544,73,3.909,GOAL
80.156,5721,0.07746,64,3.725,GOAL
80.256,7584,0.08516,78,3.640,GOAL
80.356,6486,0.089731,77,3.638,GOAL
80.456,5710,0.085748,82,3.640,GOAL
80.556,5106,0.084887,80,3.629,GOAL
80.656,5779,0.082672,81,3.614,GOAL
80.756,4786,0.08512,75,3.602,GOAL
80.888,5162,0.085436,81,3.585,GOAL
81.020,5455,0.084556,72,3.566,GOAL
81.092,5880,0.084391,78,3.566,GOAL
81.220,5412,0.082027,82,3.561,GOAL
81.320,5645,0.084704,82,3.570,GOAL
81.420,5239,0.084292,83,3.559,GOAL
81.520,5495,0.084773,69,3.568,GOAL
81.620,5095,0.083425,69,3.577,GOAL
81.720,5184,0.08293,77,3.576,GOAL
81.820,5487,0.083799,77,3.589,GOAL
81.920,5826,0.085768,88,3.558,GOAL
82.020,5403,0.085194,81,3.583,GOAL
82.124,5189,0.089548,83,3.565,GOAL
82.256,5278,0.084918,87,3.587,GOAL
82.356,4986,0.085841,73,3.601,GOAL
82.456,5295,0.086995,79,3.601,GOAL
82.560,5241,0.086995,77,3.616,GOAL
82.656,5439,0.096036,72,3.586,GOAL
82.756,5463,0.085799,67,3.663,GOAL
82.860,5435,0.084482,88,3.690,GOAL
82.960,5440,0.084137,81,3.717,GOAL
83.056,5907,0.091576,78,3.699,GOAL
83.160,5509,0.095749,81,3.683,GOAL
83.256,5252,0.088075,72,3.749,GOAL
83.356,5365,0.086991,84,3.778,GOAL
83.456,5518,0.087768,80,3.782,GOAL
83.556,5900,0.087845,86,3.803,GOAL
83.656,5314,0.089726,79,3.834,GOAL
83.788,5555,0.089722,74,3.862,GOAL
83.920,4935,0.090152,73,3.900,GOAL
84.020,5797,0.091663,81,3.911,GOAL
84.120,5354,0.092468,85,3.954,GOAL
84.220,6298,0.10749,65,3.856,GOAL
84.292,6205,0.10749,67,3.884,GOAL
84.420,5842,0.097977,58,3.943,GOAL
84.520,5860,0.102556,59,3.980,GOAL
84.624,7650,0.153707,80,3.720,GOAL
84.720,9798,0.176527,71,3.590,GOAL
84.792,9378,0.17839,55,3.633,GOAL
84.920,8381,0.130866,77,3.984,GOAL
85.020,7301,0.16007,44,3.930,GOAL
85.124,1.433e+04,0.213116,62,4.171,GOAL
85.256,9253,0.142668,24,4.960,GOAL
85.356,2.331e+04,0.21939,22,4.563,GOAL
85.456,1.036e+04,0.155023,37,4.962,GOAL
85.556,1.545e+04,0.134036,123,5.036,GOAL
85.656,2.439e+04,0.095492,113,5.441,GOAL
85.756,5.133e+05,0.086946,111,5.571,GOAL
85.856,5517,0.095506,74,5.505,GOAL
85.956,3.839e+04,0.274596,127,5.271,GOAL
86.060,3.792e+04,0.454359,121,5.411,GOAL
86.156,1.175e+04,0.095723,98,5.641,GOAL
86.256,2.302e+05,0.302176,123,5.823,GOAL
86.392,8533,0.095517,84,5.689,GOAL
86.520,3.471e+04,0.269978,128,5.612,GOAL
86.592,4.642e+04,0.522142,123,5.707,GOAL
86.720,1.316e+04,0.095279,105,5.875,GOAL
86.820,1.637e+05,0.238622,116,6.334,GOAL
86.892,7734,0.096316,98,5.834,GOAL
87.020,1.758e+04,0.246841,84,5.830,GOAL
87.120,9.188e+04,0.374724,93,6.319,GOAL
87.220,2.772e+04,0.373145,84,7.016,GOAL
87.320,1.908e+04,0.426757,106,6.914,GOAL
87.420,2.577e+04,0.386654,98,6.912,GOAL
87.520,4.669e+04,0.507719,99,6.962,GOAL
87.620,1.27e+04,0.096347,70,6.265,GOAL
87.724,1.667e+05,0.297821,105,7.010,GOAL
87.856,1.9e+04,0.376015,109,7.418,GOAL
87.988,7.69e+04,0.448651,108,7.725,GOAL
88.120,1.117e+04,0.096224,91,6.376,GOAL
88.220,1.557e+04,0.096005,130,6.340,GOAL
88.320,8.815e+04,0.327868,123,8.133,GOAL
88.420,8990,0.096188,82,6.436,GOAL
88.520,1.949e+05,0.37895,128,8.066,GOAL
88.620,9782,0.096311,101,6.638,GOAL
88.720,1.155e+04,0.096319,130,6.579,GOAL
88.820,1.274e+05,0.305787,124,8.750,GOAL
88.920,8594,0.096463,83,6.781,GOAL
89.020,1.123e+05,0.197514,132,7.910,GOAL
89.120,6831,0.096584,103,6.865,GOAL
89.220,2.216e+04,0.250485,132,8.007,GOAL
89.320,2.394e+04,0.327279,121,9.355,GOAL
89.392,8803,0.096869,97,7.041,GOAL
89.524,1.145e+05,0.344005,122,8.752,GOAL
89.656,9196,0.096772,107,7.062,GOAL
89.756,1.637e+04,0.230816,131,7.621,GOAL
89.856,3.208e+04,0.334275,100,9.727,GOAL
89.988,8856,0.09713,94,7.381,GOAL
90.120,9.498e+04,0.416856,87,10.071,GOAL
90.220,1.767e+04,0.278973,85,9.413,GOAL
90.320,1.307e+04,0.315935,85,10.186,GOAL
90.420,1.904e+04,0.349937,97,9.071,GOAL
90.520,2.479e+04,0.400046,79,10.212,GOAL
90.620,1.082e+04,0.122788,77,7.414,GOAL
90.720,9.747e+04,0.288392,86,10.267,GOAL
90.820,9827,0.204438,87,8.225,GOAL
90.920,8.664e+04,0.399411,80,10.284,GOAL
91.020,1.386e+04,0.327147,80,9.362,GOAL
91.120,1.67e+04,0.294252,80,10.892,GOAL
91.220,9088,0.205424,85,8.446,GOAL
91.324,1.545e+05,0.377755,78,10.745,GOAL
91.424,1.061e+04,0.202195,83,8.568,GOAL
91.524,2.052e+04,0.297898,85,11.110,GOAL
91.660,9459,0.203944,80,8.704,GOAL
91.756,4.123e+04,0.357238,81,11.105,GOAL
91.856,1.046e+04,0.131875,79,8.061,GOAL
91.988,4.142e+04,0.301797,87,11.775,GOAL
92.092,1.152e+04,0.255555,83,10.725,GOAL
92.220,6.167e+04,0.365079,85,11.594,GOAL
92.320,1.243e+04,0.189362,83,9.691,GOAL
92.424,2.556e+04,0.297533,80,11.897,GOAL
92.560,9268,0.254661,83,11.607,GOAL
92.656,2.937e+04,0.34901,76,11.943,GOAL
92.756,1.069e+04,0.215085,84,9.414,GOAL
92.856,2.241e+04,0.283025,77,12.217,GOAL
92.988,9469,0.262213,87,12.093,GOAL
93.120,3.057e+04,0.34016,79,12.310,GOAL
93.220,1.161e+04,0.261723,83,9.714,GOAL
93.292,2.21e+04,0.283708,79,12.479,GOAL
93.420,1.449e+04,0.280427,86,12.935,GOAL
93.520,2.542e+04,0.332102,79,12.386,GOAL
93.624,9813,0.213402,76,9.962,GOAL
93.756,1.915e+04,0.276285,86,12.814,GOAL
93.856,1.409e+04,0.271012,86,12.785,GOAL
93.956,3.401e+04,0.313324,83,13.166,GOAL
94.056,9400,0.132143,83,9.343,GOAL
94.156,9.896e+05,0.266519,84,14.221,GOAL
94.260,1.506e+04,0.276046,84,12.901,GOAL
94.356,3.205e+04,0.329692,82,13.427,GOAL
94.488,1.213e+04,0.250846,81,11.993,GOAL
94.620,1.995e+04,0.267639,83,13.435,GOAL
94.720,1.27e+04,0.244976,83,13.242,GOAL
94.824,3.147e+04,0.295231,82,13.410,GOAL
94.956,9392,0.203664,79,11.295,GOAL
95.088,1.99e+04,0.270579,87,13.868,GOAL
95.220,2.199e+04,0.224773,83,11.945,GOAL
95.324,2.884e+04,0.264285,83,12.899,GOAL
95.456,9796,0.197518,76,10.928,GOAL
95.556,1.756e+04,0.262271,90,14.105,GOAL
95.656,1.615e+04,0.224271,79,12.700,GOAL
95.756,2.379e+04,0.298128,84,13.692,GOAL
95.888,1.143e+04,0.228603,77,12.460,GOAL
96.020,2.624e+04,0.265194,87,14.737,GOAL
96.120,2.628e+04,0.231912,75,13.993,GOAL
96.220,2.844e+04,0.274774,88,13.499,GOAL
96.320,1.202e+04,0.238084,76,12.048,GOAL
96.420,2.639e+04,0.263286,87,14.900,GOAL
96.520,9637,0.235836,79,14.871,GOAL
96.624,4.96e+04,0.265321,86,14.122,GOAL
96.756,9048,0.188669,75,12.912,GOAL
96.856,3.078e+04,0.266849,89,15.417,GOAL
96.956,1.696e+04,0.252814,85,12.747,GOAL
97.056,2.429e+04,0.248566,84,14.293,GOAL
97.156,9608,0.205191,75,12.236,GOAL
97.256,2.026e+04,0.254516,85,15.604,GOAL
97.356,1.224e+04,0.231034,85,13.747,GOAL
97.456,4.419e+04,0.259649,81,14.675,GOAL
97.556,9336,0.201088,74,12.119,GOAL
97.656,2.109e+04,0.251774,90,15.907,GOAL
97.756,9085,0.137863,81,11.636,GOAL
97.856,3.781e+04,0.269001,88,15.234,GOAL
97.960,9677,0.198754,76,12.269,GOAL
98.060,2.463e+04,0.246065,88,16.229,GOAL
98.156,9919,0.137416,74,11.929,GOAL
98.256,3.574e+04,0.264059,94,15.595,GOAL
98.356,1.84e+04,0.237096,72,13.587,GOAL
98.456,7.469e+04,0.252856,91,15.700,GOAL
98.556,1.06e+04,0.203892,76,15.309,GOAL
98.656,4.845e+04,0.2449,92,15.448,GOAL
98.756,8500,0.137356,67,12.330,GOAL
98.856,3.997e+04,0.256666,100,17.031,GOAL
98.960,1.212e+04,0.137031,73,12.478,GOAL
99.056,3.438e+04,0.266914,89,16.003,GOAL
99.156,8815,0.193685,73,12.632,GOAL
99.256,2.89e+04,0.262236,88,17.767,GOAL
99.356,1.158e+04,0.136734,80,12.759,GOAL
99.460,3.748e+04,0.255443,87,15.735,GOAL
99.556,1.035e+04,0.204341,76,12.626,GOAL
99.660,3.127e+04,0.235604,87,16.818,GOAL
99.756,9373,0.136833,75,12.980,GOAL
99.856,3.318e+04,0.269752,87,16.505,GOAL
99.988,1.928e+04,0.257411,72,14.957,GOAL
100.120,1.048e+05,0.234119,90,15.944,GOAL
100.220,5.922e+04,0.285637,80,18.392,GOAL
100.320,4.086e+04,0.273549,85,17.379,GOAL
100.420,1.131e+04,0.138176,77,13.425,GOAL
100.520,7.421e+04,0.232956,86,18.110,GOAL
100.620,1.333e+04,0.209397,84,13.198,GOAL
100.724,2.937e+04,0.258898,85,16.792,GOAL
100.856,2.062e+04,0.1384,76,13.711,GOAL
100.956,3.68e+04,0.230777,86,17.680,GOAL
101.056,3.943e+04,0.270976,82,18.579,GOAL
101.156,1.261e+05,0.239981,84,17.274,GOAL
101.288,2.837e+04,0.141631,74,13.680,GOAL
101.388,3.524e+04,0.248329,80,18.525,GOAL
101.520,1.933e+04,0.255977,88,18.065,GOAL
101.620,5.006e+04,0.285663,82,19.011,GOAL
101.720,3.838e+04,0.281437,74,20.628,GOAL
101.820,2.382e+04,0.276262,83,19.446,GOAL
101.924,3.879e+04,0.288325,85,19.677,GOAL
102.024,4.607e+04,0.285489,86,19.377,GOAL
102.156,2.058e+04,0.268032,76,20.661,GOAL
102.256,2.741e+04,0.264551,83,19.484,GOAL
102.388,1.716e+04,0.302813,85,21.198,GOAL
102.520,4.675e+04,0.305781,80,21.465,GOAL
102.620,1.667e+04,0.28875,76,22.920,GOAL
102.720,3.385e+04,0.236428,82,18.423,GOAL
102.820,1.542e+04,0.22872,85,20.428,GOAL
102.920,6.713e+04,0.276454,89,20.636,GOAL
103.020,1.724e+04,0.259652,77,21.894,GOAL
103.124,2.748e+04,0.222561,88,18.443,GOAL
103.256,2.844e+04,0.230425,81,20.058,GOAL
103.356,8.105e+04,0.301359,80,22.269,GOAL
103.488,2.352e+04,0.139139,74,15.556,GOAL
103.620,3.354e+04,0.21107,83,18.123,GOAL
103.720,1.744e+04,0.244589,81,20.930,GOAL
103.824,5.761e+04,0.306132,82,23.159,GOAL
103.960,1.472e+04,0.222265,75,23.660,GOAL
104.056,4.104e+04,0.239152,89,20.123,GOAL
104.156,2.204e+04,0.252252,82,20.964,GOAL
104.256,8.87e+04,0.282147,82,21.459,GOAL
104.356,1.39e+04,0.228818,75,20.708,GOAL
104.460,2.401e+04,0.23605,85,20.036,GOAL
104.556,1.599e+04,0.261107,82,20.127,GOAL
104.656,3.964e+04,0.281743,81,21.672,GOAL
104.788,2.583e+04,0.14056,73,16.361,GOAL
104.920,4.037e+04,0.2186,78,19.015,GOAL
105.020,1.05e+04,0.261371,83,22.036,GOAL
105.120,4.602e+04,0.298646,83,23.774,GOAL
105.220,9.79e+04,0.269891,77,26.284,GOAL
105.320,3.869e+04,0.292572,83,25.520,GOAL
105.420,1.858e+04,0.283232,78,24.133,GOAL
105.520,3.513e+04,0.292535,89,24.050,GOAL
105.620,1.554e+04,0.275825,71,25.544,GOAL
105.692,3.453e+04,0.299579,85,26.527,GOAL
105.820,1.522e+04,0.235322,79,20.447,GOAL
105.920,6.955e+04,0.27383,81,22.614,GOAL
106.020,1.574e+04,0.24705,70,24.814,GOAL
106.124,2.476e+04,0.247584,85,22.498,GOAL
106.256,1.337e+04,0.222676,86,23.419,GOAL
106.356,1.15e+05,0.287578,84,26.226,GOAL
106.456,2.207e+05,0.210159,75,27.124,GOAL
106.556,3.61e+04,0.226383,83,21.495,GOAL
106.656,1.095e+04,0.237643,80,21.467,GOAL
106.756,6.702e+04,0.279887,82,24.649,GOAL
106.856,1.628e+04,0.258951,76,24.874,GOAL
106.956,8.681e+04,0.25606,83,24.314,GOAL
107.088,1.24e+04,0.26928,85,25.006,GOAL
107.220,6.339e+04,0.280577,83,28.339,GOAL
107.320,1.547e+04,0.27523,70,27.368,GOAL
107.420,2.359e+04,0.24272,82,26.338,GOAL
107.520,1.044e+04,0.243921,92,22.948,GOAL
107.620,1.27e+05,0.290915,82,27.692,GOAL
107.720,2.735e+04,0.289506,76,32.172,GOAL
107.820,2.678e+04,0.250961,82,28.383,GOAL
107.920,1.378e+04,0.254899,85,24.488,GOAL
108.020,4.353e+04,0.284242,85,26.775,GOAL
108.120,1.712e+04,0.215584,74,22.881,GOAL
108.220,2.433e+04,0.215181,77,21.828,GOAL
108.320,1.227e+04,0.246982,85,24.472,GOAL
108.420,3.473e+04,0.271729,81,25.786,GOAL
108.492,1.427e+04,0.241586,73,26.412,GOAL
108.620,4.762e+04,0.230982,85,24.446,GOAL
108.720,1.042e+04,0.239253,87,23.645,GOAL
108.820,5.646e+04,0.278777,81,27.510,GOAL
108.892,1.666e+04,0.214733,74,23.576,GOAL
109.020,3.018e+04,0.231086,79,25.116,GOAL
109.120,2.55e+04,0.236636,88,23.849,GOAL
109.220,6.965e+04,0.273545,81,28.290,GOAL
109.320,2.497e+04,0.241999,77,26.451,GOAL
109.420,1.063e+05,0.26432,83,29.441,GOAL
109.520,1.265e+04,0.250061,87,26.041,GOAL
109.624,6.691e+04,0.28119,79,29.141,GOAL
109.724,1.734e+04,0.226193,75,25.970,GOAL
109.824,2.745e+04,0.241836,77,25.652,GOAL
109.956,1.53e+04,0.259949,93,27.309,GOAL
110.060,2.983e+05,0.271101,78,31.646,GOAL
110.156,4.192e+04,0.263588,80,33.309,GOAL
110.256,2.463e+04,0.235403,79,30.304,GOAL
110.356,1.957e+04,0.272359,89,30.741,GOAL
110.456,6.835e+04,0.283487,77,32.849,GOAL
110.556,1.29e+04,0.204016,78,23.906,GOAL
110.656,4.114e+04,0.2353,78,27.799,GOAL
110.756,1.461e+04,0.255199,85,27.852,GOAL
110.856,6.656e+04,0.283366,82,32.310,GOAL
110.956,2.102e+04,0.236643,79,29.349,GOAL
111.056,9.664e+04,0.234789,79,28.524,GOAL
111.156,2.552e+04,0.273368,88,30.924,GOAL
111.260,7.176e+04,0.274732,83,32.406,GOAL
111.356,2.295e+04,0.225256,75,33.852,GOAL
111.456,2.679e+04,0.221674,77,27.125,GOAL
111.560,4.918e+04,0.236257,88,26.561,GOAL
111.656,1.509e+05,0.270849,83,30.743,GOAL
111.788,2.429e+04,0.225386,76,29.660,GOAL
111.920,3.81e+04,0.225936,77,30.800,GOAL
112.020,2.559e+04,0.239217,85,28.699,GOAL
112.124,5.237e+04,0.26857,81,33.235,GOAL
112.256,1.293e+04,0.209812,72,25.494,GOAL
112.356,3.018e+04,0.22258,88,34.602,GOAL
112.456,1.681e+04,0.236132,81,27.622,GOAL
112.592,4.76e+04,0.266669,78,32.052,GOAL
112.720,3.988e+04,0.239456,71,32.933,GOAL
112.824,2.949e+04,0.220459,83,32.820,GOAL
112.956,1.705e+04,0.253053,84,31.594,GOAL
113.056,4.405e+04,0.257434,78,33.824,GOAL
113.156,1.415e+04,0.231448,71,30.084,GOAL
113.288,1.832e+04,0.2263,70,32.410,GOAL
113.388,2.636e+04,0.237007,76,27.357,GOAL
113.520,6.585e+04,0.263431,66,32.817,GOAL
113.624,2.561e+04,0.21681,63,27.435,GOAL
113.756,2.091e+04,0.219541,68,40.055,GOAL
113.856,1.839e+04,0.220895,81,25.237,GOAL
113.956,5.212e+05,0.254854,67,31.393,GOAL
114.060,1.54e+04,0.228865,81,30.015,GOAL
114.156,2.134e+04,0.20745,75,36.311,GOAL
114.260,2.026e+04,0.243535,95,31.655,GOAL
114.356,2.967e+05,0.267026,85,36.691,GOAL
114.456,2.18e+04,0.256366,79,35.298,GOAL
114.556,2.89e+04,0.231255,77,44.050,GOAL
114.656,3.173e+04,0.246166,87,32.004,GOAL
114.756,1.149e+05,0.262354,80,36.358,GOAL
114.856,1.605e+04,0.242981,74,32.612,GOAL
114.956,2.619e+04,0.194659,84,29.597,GOAL
115.056,1.534e+04,0.207408,82,37.506,GOAL
115.188,1.177e+05,0.267572,83,37.976,GOAL
115.324,1.487e+04,0.230973,74,31.043,GOAL
115.424,1.746e+05,0.180154,77,24.798,GOAL
115.556,1.626e+04,0.197934,87,29.128,GOAL
115.656,7.524e+04,0.266078,78,38.373,GOAL
115.756,1.472e+04,0.236713,82,33.130,GOAL
115.856,2.024e+04,0.196573,80,29.609,GOAL
115.956,2.025e+04,0.237555,86,38.057,GOAL
116.088,4.909e+04,0.26143,80,37.155,GOAL
116.220,2.571e+04,0.23931,69,34.888,GOAL
116.320,2.606e+04,0.222626,78,41.968,GOAL
116.420,2.055e+04,0.227668,81,34.568,GOAL
116.520,6.363e+04,0.256539,88,37.549,GOAL
116.620,2.073e+04,0.24287,70,35.435,GOAL
116.720,2.084e+04,0.218684,81,35.888,GOAL
116.820,2.588e+04,0.26257,86,37.559,GOAL
116.920,5.688e+04,0.251221,91,37.952,GOAL
117.020,2.463e+04,0.265078,72,40.013,GOAL
117.120,3.064e+04,0.202578,85,35.844,GOAL
117.192,3.344e+04,0.249076,78,39.287,GOAL
117.320,4.906e+04,0.251354,90,37.319,GOAL
117.420,2.623e+04,0.253784,74,39.048,GOAL
117.520,2.09e+04,0.196964,82,31.425,GOAL
117.620,3.465e+04,0.211123,83,26.119,GOAL
117.720,5.576e+04,0.247232,89,33.731,GOAL
117.820,2.621e+04,0.238805,72,37.424,GOAL
117.920,2.032e+04,0.204611,84,32.815,GOAL
118.020,2.218e+04,0.232373,80,33.886,GOAL
118.124,4.385e+04,0.248821,89,38.652,GOAL
118.260,1.919e+04,0.253289,68,40.327,GOAL
118.356,1.719e+04,0.175385,83,28.251,GOAL
118.456,1.603e+04,0.227632,84,32.142,GOAL
118.556,6.485e+04,0.247057,87,38.139,GOAL
118.656,2.545e+04,0.237572,74,35.285,GOAL
118.760,1.977e+04,0.182013,80,31.807,GOAL
118.888,2.384e+04,0.222987,86,34.074,GOAL
118.992,4.426e+05,0.244947,89,38.709,GOAL
119.120,1.237e+05,0.252342,71,39.793,GOAL
119.220,1.925e+04,0.185048,82,30.524,GOAL
119.320,4.589e+04,0.235507,88,36.390,GOAL
119.420,1.098e+05,0.246145,88,40.801,GOAL
119.520,3.14e+04,0.252447,70,42.640,GOAL
119.620,2.654e+04,0.181745,81,34.681,GOAL
119.720,2.052e+04,0.242216,85,40.208,GOAL
119.824,1.685e+05,0.245388,82,40.675,GOAL
119.924,1.498e+04,0.235132,73,38.447,GOAL
120.020,2.85e+04,0.184132,82,32.133,GOAL
120.120,3.513e+04,0.267288,85,47.993,GOAL
120.220,3.751e+04,0.242298,88,40.776,GOAL
120.320,3.596e+04,0.255361,73,43.397,GOAL
120.420,3.139e+04,0.183393,85,31.421,GOAL
120.520,2.469e+04,0.253682,84,47.779,GOAL
120.592,3.781e+04,0.242881,85,41.718,GOAL
120.720,2.261e+04,0.252939,72,43.281,GOAL
120.820,6.462e+04,0.187383,85,32.070,GOAL
120.920,3.211e+04,0.223168,82,38.581,GOAL
121.020,4.198e+04,0.239993,90,41.661,GOAL
121.124,1.691e+04,0.244769,74,42.529,GOAL
121.260,3.773e+04,0.195831,81,34.818,GOAL
121.356,1.543e+04,0.205057,83,31.363,GOAL
121.456,4.525e+04,0.2391,89,41.787,GOAL
121.556,3.122e+04,0.248271,75,46.312,GOAL
121.660,2.199e+04,0.192851,77,32.361,GOAL
121.756,1.601e+05,0.241778,83,40.871,GOAL
121.856,9.041e+04,0.238751,86,42.575,GOAL
121.960,1.785e+04,0.238977,69,42.925,GOAL
122.056,2.852e+04,0.213421,80,41.239,GOAL
122.156,2.147e+04,0.226816,81,41.623,GOAL
122.256,1.627e+05,0.224764,85,40.241,GOAL
122.388,2.184e+04,0.245093,75,44.695,GOAL
122.492,2.064e+04,0.21285,82,37.536,GOAL
122.620,1.484e+04,0.214928,84,37.002,GOAL
122.720,3.895e+04,0.237276,83,42.838,GOAL
122.792,2.227e+04,0.221233,78,41.964,GOAL
122.920,2.321e+04,0.196968,80,33.859,GOAL
122.992,2.911e+05,0.196913,83,34.074,GOAL
123.124,8.378e+04,0.234368,88,42.521,GOAL
123.256,2.163e+04,0.238045,71,43.816,GOAL
123.360,3.546e+04,0.183977,84,35.464,GOAL
123.456,1.646e+04,0.193832,87,34.649,GOAL
123.556,5.532e+04,0.227099,83,42.646,GOAL
123.656,5.265e+04,0.24264,75,45.905,GOAL
123.756,2.13e+04,0.187049,83,34.818,GOAL
123.888,1.314e+04,0.192573,85,31.668,GOAL
124.020,1.34e+05,0.227226,87,42.979,GOAL
124.120,1.828e+04,0.224285,65,41.939,GOAL
124.220,2.577e+05,0.186805,83,35.052,GOAL
124.320,1.148e+04,0.181197,81,28.107,GOAL
124.420,1.402e+05,0.232543,87,42.633,GOAL
124.524,4.249e+04,0.239571,72,46.849,GOAL
124.656,2.139e+04,0.189087,82,37.471,GOAL
124.760,2.054e+04,0.223999,92,42.077,GOAL
124.856,6.349e+04,0.24,83,47.235,GOAL
124.956,1.937e+04,0.243706,70,48.164,GOAL
125.056,1.918e+04,0.192231,81,41.613,GOAL
125.156,1.267e+04,0.177531,82,29.887,GOAL
125.256,7.156e+04,0.243831,87,48.258,GOAL
125.356,1.618e+04,0.23483,64,46.544,GOAL
125.488,1.915e+04,0.180826,87,35.455,GOAL
125.624,1.377e+04,0.183389,79,30.936,GOAL
125.724,2.048e+05,0.227345,83,44.549,GOAL
125.856,1.714e+04,0.229677,65,45.548,GOAL
125.956,1.975e+04,0.178419,83,34.776,GOAL
126.088,2.62e+04,0.212754,80,47.794,GOAL
126.224,3.884e+04,0.231146,89,48.156,GOAL
126.356,2.034e+04,0.236139,69,48.445,GOAL
126.460,2.566e+04,0.208914,84,46.883,GOAL
126.556,1.591e+04,0.191919,76,44.721,GOAL
126.656,8.289e+04,0.234804,95,48.543,GOAL
126.788,1.82e+04,0.227949,68,46.315,GOAL
126.920,2.118e+04,0.180399,82,37.699,GOAL
127.020,1.544e+04,0.191815,84,38.046,GOAL
127.092,4.812e+04,0.233155,84,48.154,GOAL
127.220,2.008e+04,0.232656,69,49.928,GOAL
127.320,1.925e+04,0.178322,86,38.195,GOAL
127.420,2.35e+04,0.191086,84,36.314,GOAL
127.520,7.793e+04,0.236257,81,49.897,GOAL
127.620,1.367e+04,0.200886,65,39.443,GOAL
127.724,2.71e+04,0.18383,87,40.100,GOAL
127.856,2.859e+04,0.196176,78,40.825,GOAL
127.956,3.765e+04,0.235321,91,50.770,GOAL
129.220,7565,0.045848,137,0.005,POST
129.324,320,0.045987,104,0.002,POST
129.456,1412,0.045878,130,0.009,POST
129.556,205.2,0.045878,121,0.009,POST
129.688,233.1,0.045878,138,0.010,POST
129.820,285.7,0.045924,137,0.014,POST
129.920,278.8,0.045382,136,0.002,POST
130.020,166.1,0.045474,130,0.002,POST
130.120,163.9,0.044828,137,0.004,POST
130.220,172.1,0.043957,137,0.003,POST
130.320,159.6,0.043094,140,0.002,POST
130.392,160.5,0.04206,143,0.001,POST
130.520,163.4,0.041519,137,0.002,POST
130.624,159.5,0.039301,140,0.001,POST
130.724,234.2,0.038305,141,0.002,POST
130.856,165.9,0.035233,134,0.003,POST
130.960,155.8,0.033946,130,0.004,POST
131.088,235.8,0.032252,130,0.002,POST
131.188,157.8,0.031105,135,0.001,POST
131.320,156.6,0.029526,136,0.003,POST
131.420,154,0.028433,138,0.002,POST
131.520,237.6,0.027006,132,0.001,POST
131.620,159.8,0.025955,139,0.004,POST
131.692,166.4,0.026093,137,0.002,POST
131.820,201.7,0.026655,134,0.003,POST
131.924,244.9,0.025474,139,0.006,POST
132.056,176.8,0.025081,138,0.005,POST
132.156,158.1,0.023696,132,0.004,POST
132.256,154.1,0.020977,136,0.003,POST
132.356,160.7,0.019915,138,0.005,POST
132.456,161.6,0.017024,132,0.003,POST
132.588,160.2,0.014025,132,0.004,POST
132.720,163.5,0.014076,137,0.001,POST
132.820,164.8,0.014352,135,0.006,POST
132.920,172.5,0.015913,137,0.004,POST
133.020,170.3,0.021496,138,0.004,POST
133.124,170.1,0.029039,135,0.007,POST
133.256,172,0.038746,137,0.002,POST
133.356,165.7,0.048777,135,0.004,POST
133.456,165.8,0.05799,140,0.004,POST
133.556,164.7,0.068006,132,0.005,POST
133.656,165.1,0.079313,133,0.004,POST
133.756,167.4,0.089102,138,0.005,POST
133.856,169.2,0.100097,136,0.003,POST
133.956,168.8,0.108279,136,0.004,POST
134.056,169.6,0.119166,134,0.004,POST
134.156,172.7,0.12808,135,0.007,POST
134.256,175.3,0.14141,132,0.006,POST
134.356,176.1,0.155189,133,0.007,POST
134.456,171.7,0.168846,135,0.009,POST
134.556,164.7,0.18187,137,0.005,POST
134.688,166.7,0.198483,140,0.002,POST
134.804,164.3,0.214769,144,0.004,POST
134.900,163.4,0.231099,139,0.009,POST
135.000,166.8,0.252305,142,0.009,POST
135.100,162.9,0.272758,138,0.011,POST
135.200,170.9,0.301719,135,0.007,POST
135.300,165.7,0.324022,138,0.006,POST
135.404,166.6,0.337258,139,0.006,POST
135.532,164.7,0.355664,143,0.006,POST
135.664,163,0.368956,133,0.005,POST
135.764,161.4,0.392602,133,0.004,POST
135.836,162.9,0.420606,136,0.005,POST
135.936,163.6,0.445055,139,0.008,POST
136.064,166,0.474043,131,0.003,POST
136.164,162.2,0.502148,133,0.003,POST
136.264,164.9,0.532193,135,0.002,POST
136.364,168,0.550757,136,0.004,POST
136.464,169.3,0.578596,135,0.004,POST
136.564,164.4,0.599253,141,0.006,POST
136.664,160.9,0.612697,133,0.003,POST
136.764,159.4,0.635206,138,0.005,POST
136.864,159.2,0.646948,134,0.004,POST
136.964,163.4,0.664148,139,0.004,POST
137.064,164.2,0.694515,137,0.004,POST
137.164,162.7,0.717399,129,0.003,POST
137.264,160.6,0.734041,130,0.003,POST
137.364,155.3,0.765316,134,0.003,POST
137.468,157.8,0.772189,138,0.002,POST
137.600,160,0.787607,134,0.004,POST
137.700,165.8,0.797458,129,0.004,POST
137.804,160,0.815059,135,0.004,POST
137.900,159.4,0.827081,138,0.002,POST
138.000,164.8,0.839463,135,0.002,POST
138.100,159.8,0.848237,136,0.002,POST
138.200,158.6,0.862941,138,0.002,POST
138.300,159.9,0.869343,139,0.001,POST
138.400,164.8,0.874349,139,0.003,POST
138.500,164.4,0.874866,137,0.003,POST
138.600,163.3,0.872408,131,0.001,POST
138.708,170.5,0.87269,131,0.001,POST
138.840,165.6,0.871576,137,0.003,POST
138.976,167.3,0.87559,135,0.002,POST
139.108,165.5,0.87559,129,0.002,POST
139.208,161.3,0.87559,132,0.001,POST
139.308,157.5,0.87559,131,0.003,POST
139.412,165.1,0.87559,138,0.003,POST
139.508,167.7,0.87559,138,0.003,POST
139.608,164.7,0.87559,134,0.002,POST
139.708,159,0.87559,137,0.002,POST
139.808,157.7,0.87559,133,0.002,POST
139.908,162.3,0.87559,134,0.001,POST
140.008,162.1,0.87559,135,0.002,POST
140.112,160.5,0.87559,135,0.003,POST
140.208,162.7,0.87559,138,0.003,POST
140.344,167.1,0.87559,142,0.002,POST
140.444,162.7,0.87559,136,0.002,POST
140.572,161.1,0.87559,136,0.002,POST
140.676,158.9,0.87559,139,0.002,POST
140.812,165.8,0.87559,134,0.004,POST
140.908,165.3,0.87559,138,0.003,POST
141.040,177.6,0.87559,141,0.003,POST
141.172,167.5,0.87559,140,0.000,POST
141.272,162.6,0.87559,139,0.005,POST
141.372,164.5,0.87559,137,0.002,POST
141.472,166.5,0.87559,135,0.002,POST
141.572,170.1,0.87559,135,0.002,POST
141.672,170.2,0.87559,136,0.002,POST
141.772,163.2,0.87559,130,0.002,POST
141.872,167.8,0.87559,133,0.002,POST
141.976,173.3,0.87559,128,0.006,POST
142.076,169,0.87559,131,0.001,POST
142.208,176.7,0.876963,134,0.003,POST
142.308,1.298e+04,0.885596,136,0.003,POST
142.412,372.7,0.878465,108,0.001,POST
142.508,1330,0.87591,121,0.002,POST
142.608,249.8,0.877176,130,0.001,POST
142.708,196.4,0.876893,134,0.001,POST
142.808,205.2,0.876638,135,0.001,POST
142.908,709.3,0.877046,136,0.003,POST
143.008,282.8,0.879642,135,0.003,POST
143.108,248.5,0.879616,133,0.003,POST
143.208,216.4,0.879529,133,0.001,POST
143.308,1325,0.88017,132,0.002,POST
143.408,270.8,0.879714,136,0.003,POST
143.508,279.6,0.882057,130,0.002,POST
143.640,247,0.882294,135,0.001,POST
143.772,246.5,0.88206,139,0.002,POST
143.872,235.9,0.882886,135,0.003,POST
143.944,196.8,0.883312,140,0.002,POST
144.072,222.6,0.883854,140,0.002,POST
144.172,255.4,0.8849,134,0.001,POST
144.272,234.6,0.88695,134,0.001,POST
144.372,254,0.887854,132,0.001,POST
144.472,204.8,0.888712,133,0.002,POST
144.572,218.7,0.891178,132,0.003,POST
144.672,263.7,0.894751,140,0.002,POST
144.772,212.9,0.897623,136,0.002,POST
144.872,221.3,0.900253,137,0.002,POST
144.944,218,0.900917,139,0.001,POST
145.044,194.6,0.901448,134,0.001,POST
145.172,224.8,0.902417,129,0.003,POST
145.272,214.8,0.904607,140,0.001,POST
145.372,195.4,0.906829,136,0.001,POST
145.472,201.2,0.907544,131,0.002,POST
145.572,232.5,0.905983,136,0.002,POST
145.644,196.2,0.906674,131,0.001,POST
145.772,231.5,0.906073,130,0.004,POST
145.872,327,0.909744,134,0.001,POST
145.972,203.6,0.912961,138,0.003,POST
146.044,208.5,0.916309,137,0.002,POST
146.172,215.5,0.919672,134,0.001,POST
146.276,209,0.918124,136,0.002,POST
146.408,228.3,0.917314,135,0.002,POST
146.508,789.4,0.917697,136,0.003,POST
146.608,212.8,0.916778,136,0.002,POST
146.708,235.5,0.91879,135,0.002,POST
146.808,205.5,0.922558,135,0.001,POST
146.908,241.2,0.925421,138,0.002,POST
147.008,224.2,0.927806,135,0.004,POST
147.108,232.9,0.927557,137,0.001,POST
147.212,197.7,0.927602,137,0.003,POST
147.312,241.1,0.927957,146,0.001,POST
147.408,228.2,0.92914,138,0.003,POST
147.508,256,0.930707,137,0.002,POST
147.608,245.9,0.933159,134,0.002,POST
147.708,247.5,0.937449,137,0.002,POST
147.812,236.4,0.941565,133,0.001,POST
147.908,203.4,0.942485,134,0.002,POST
148.008,266.5,0.939833,140,0.002,POST
148.108,238.4,0.929241,131,0.002,POST
148.212,218.6,0.923462,134,0.002,POST
148.308,227.8,0.925179,139,0.002,POST
148.408,287.2,0.929596,139,0.001,POST
148.508,206.2,0.933759,140,0.002,POST
148.612,227.3,0.930753,134,0.002,POST
148.708,215.1,0.932937,135,0.003,POST
148.808,217.8,0.938558,134,0.001,POST
148.908,207.9,0.941081,130,0.001,POST
149.008,198.1,0.937119,139,0.003,POST
149.108,217.2,0.934816,135,0.002,POST
149.208,212.3,0.932574,140,0.003,POST
149.312,251.2,0.928781,134,0.002,POST
149.408,218.4,0.924592,137,0.001,POST
149.508,222.1,0.923523,133,0.003,POST
149.612,228.1,0.926883,137,0.002,POST
149.744,271.7,0.933092,139,0.002,POST
149.872,266.9,0.944534,142,0.001,POST
149.976,1320,0.952779,136,0.002,POST
150.108,234.4,0.963281,133,0.002,POST
150.240,248.1,0.965529,138,0.002,POST
150.344,207.8,0.964305,135,0.002,POST
150.472,212.2,0.9671,138,0.001,POST
150.572,204.6,0.97369,126,0.002,POST
150.672,224.2,0.972144,132,0.001,POST
150.772,209.5,0.965373,130,0.002,POST
150.872,220.1,0.947938,137,0.003,POST
150.972,220.1,0.920018,134,0.001,POST
151.072,266.7,0.90506,134,0.005,POST
151.172,250.9,0.89103,136,0.002,POST
151.272,235.3,0.87209,134,0.002,POST
151.376,238.4,0.864407,135,0.002,POST
151.508,231.3,0.861078,132,0.002,POST
151.608,225.7,0.857948,137,0.002,POST
151.708,215.2,0.85508,134,0.001,POST
151.840,209.1,0.857751,136,0.003,POST
151.972,201.3,0.868388,133,0.002,POST
152.072,258.7,0.875301,136,0.001,POST
152.172,210.7,0.875901,135,0.001,POST
152.244,206.9,0.875901,136,0.002,POST
152.372,241.5,0.875901,135,0.005,POST
152.472,252.2,0.875901,135,0.003,POST
152.572,253.2,0.875901,137,0.006,POST
152.644,235.3,0.875901,139,0.004,POST
152.772,304.1,0.875901,136,0.010,POST
152.872,313.6,0.875901,140,0.009,POST
152.972,328.7,0.875901,139,0.008,POST
153.072,319.4,0.875901,135,0.011,POST
153.172,330.9,0.875901,141,0.012,POST
153.272,357.2,0.875901,138,0.012,POST
153.344,292.2,0.875901,137,0.009,POST
153.472,419.4,0.8759,138,0.017,POST
153.544,308.2,0.8759,137,0.009,POST
153.672,381.6,0.8759,136,0.017,POST
153.744,309.3,0.8759,136,0.010,POST
153.872,448.8,0.8759,136,0.021,POST
153.944,315.3,0.8759,136,0.011,POST
154.072,501,0.8759,134,0.021,POST
154.176,293.5,0.8759,134,0.017,POST
154.308,743.5,0.8759,132,0.021,POST
154.408,1005,0.8759,139,0.014,POST
154.508,6498,0.8759,140,0.015,POST
154.608,1341,0.8759,143,0.018,POST
154.708,5056,0.8759,142,0.016,POST
154.808,3.966e+04,0.8759,140,0.016,POST
154.908,8494,0.8759,136,0.018,POST
155.008,337.1,0.840643,135,0.001,POST
155.108,1319,0.84411,140,0.002,POST
155.240,280.6,0.842471,116,0.001,POST
155.372,314.1,0.839602,129,0.001,POST
155.472,257.9,0.835843,132,0.002,POST
155.544,285.8,0.833263,138,0.001,POST
155.672,721.2,0.830786,131,0.004,POST
155.744,359.4,0.831971,127,0.001,POST
155.872,264.2,0.830426,135,0.002,POST
155.972,1140,0.830414,132,0.002,POST
156.072,1264,0.830005,133,0.001,POST
156.172,417.1,0.83097,125,0.002,POST
156.272,496,0.831001,139,0.001,POST
156.372,280.9,0.829559,139,0.001,POST
156.444,359.2,0.828731,136,0.001,POST
156.572,4767,0.820126,134,0.002,POST
156.672,262.8,0.815915,115,0.004,POST
156.772,243.1,0.81383,124,0.002,POST
156.872,237.5,0.809464,129,0.003,POST
156.972,281.6,0.806154,134,0.004,POST
157.072,233.3,0.80259,135,0.003,POST
157.172,266.7,0.800496,136,0.003,POST
157.272,210.7,0.796053,136,0.003,POST
157.372,1.247e+04,0.783022,133,0.000,POST
157.472,201.5,0.776594,105,0.001,POST
157.576,280.6,0.764254,133,0.001,POST
157.676,1225,0.752902,133,0.001,POST
157.808,1188,0.739821,129,0.001,POST
157.908,195.2,0.733691,134,0.003,POST
158.008,256.5,0.723824,134,0.001,POST
158.112,177.4,0.713256,135,0.002,POST
158.208,211.5,0.693821,134,0.002,POST
158.308,857.5,0.687869,135,0.001,POST
158.408,664.2,0.683871,137,0.002,POST
158.512,243.7,0.679596,135,0.001,POST
158.612,223.5,0.676536,135,0.001,POST
158.708,178.7,0.673882,135,0.001,POST
158.808,677.8,0.671282,135,0.002,POST
158.908,207.9,0.669707,133,0.002,POST
159.008,320.7,0.669019,131,0.002,POST
159.140,385.3,0.668121,131,0.003,POST
159.272,663.6,0.667406,133,0.002,POST
159.372,424.1,0.667505,132,0.002,POST
159.472,607.1,0.667367,129,0.003,POST
159.572,434,0.668765,132,0.002,POST
159.672,621.3,0.670147,134,0.001,POST
159.772,479.1,0.674654,133,0.002,POST
159.876,5981,0.678867,135,0.001,POST
160.008,302.8,0.680536,136,0.002,POST
160.112,183.2,0.690368,131,0.002,POST
160.208,220.8,0.704802,130,0.002,POST
160.308,189.2,0.720641,137,0.003,POST
160.408,239.7,0.735208,138,0.001,POST
160.508,232.9,0.747742,136,0.002,POST
160.608,228.8,0.749988,138,0.002,POST
160.708,244.2,0.751777,141,0.001,POST
160.808,174.2,0.755776,136,0.002,POST
160.908,353,0.756567,134,0.004,POST
161.008,333.6,0.757316,133,0.004,POST
161.108,396.2,0.757369,131,0.002,POST
161.208,312,0.758417,112,0.002,POST
161.344,373.7,0.763026,127,0.001,POST
161.444,283.8,0.767979,134,0.001,POST
161.544,696.5,0.771123,129,0.002,POST
161.648,474.9,0.776129,134,0.003,POST
161.784,1362,0.781479,138,0.001,POST
161.912,308.7,0.789967,135,0.001,POST
162.016,2.213e+04,0.799265,133,0.001,POST
162.144,1526,0.80226,133,0.001,POST
162.244,1128,0.807953,127,0.003,POST
162.344,417.3,0.805248,138,0.002,POST
162.448,262.2,0.804182,132,0.001,POST
162.552,217.7,0.803968,137,0.002,POST
162.680,274.7,0.805356,135,0.000,POST
162.812,248.6,0.807943,137,0.002,POST
162.912,257.8,0.811522,141,0.001,POST
163.012,333.8,0.815123,139,0.002,POST
163.112,723.2,0.81731,136,0.001,POST
163.212,375.3,0.818193,140,0.002,POST
163.312,294.9,0.816237,135,0.002,POST
163.384,289,0.813559,127,0.001,POST
163.512,363.7,0.812793,135,0.002,POST
163.612,296.4,0.812424,132,0.002,POST
163.712,272.1,0.814159,130,0.002,POST
163.812,574.9,0.814856,131,0.001,POST
163.912,406.1,0.816387,136,0.001,POST
164.012,332.5,0.817603,138,0.003,POST
164.112,949.4,0.816624,135,0.001,POST
164.212,470.2,0.81588,135,0.001,POST
164.312,329.1,0.807591,135,0.005,POST
164.412,416.7,0.803758,141,0.002,POST
164.512,743.1,0.79634,139,0.003,POST
164.612,392.7,0.783729,137,0.001,POST
164.684,272.9,0.777176,136,0.002,POST
164.816,552.6,0.770576,134,0.000,POST
164.948,306.4,0.770694,139,0.002,POST
165.048,421.4,0.769836,136,0.003,POST
165.152,778.3,0.766929,138,0.002,POST
165.280,531.2,0.770526,135,0.002,POST
165.412,3907,0.773927,133,0.002,POST
165.484,337.5,0.773079,133,0.001,POST
165.584,537.8,0.771131,137,0.003,POST
165.656,1415,0.768653,140,0.001,POST
165.784,1034,0.767913,140,0.002,POST
165.884,1398,0.771859,138,0.002,POST
165.984,4525,0.773586,136,0.002,POST
166.084,466.8,0.775474,132,0.002,POST
166.188,277,0.777601,139,0.001,POST
166.320,217.7,0.788335,135,0.002,POST
166.420,265.1,0.794921,137,0.002,POST
166.524,239.4,0.802956,132,0.001,POST
166.620,273.4,0.802322,133,0.004,POST
166.720,269.5,0.796584,132,0.002,POST
166.820,242.1,0.782111,131,0.002,POST
166.952,292.1,0.767643,137,0.003,POST
167.056,216.6,0.762215,133,0.001,POST
167.184,239.6,0.763622,141,0.002,POST
167.284,226.7,0.765183,133,0.003,POST
167.384,236.7,0.759996,136,0.001,POST
167.484,227.9,0.756404,130,0.001,POST
167.584,252.8,0.753219,133,0.001,POST
167.684,251.4,0.750325,131,0.002,POST
167.756,209.1,0.749011,138,0.001,POST
167.884,265.3,0.747162,136,0.002,POST
167.984,200.4,0.746145,135,0.003,POST
168.088,225.5,0.744443,134,0.002,POST
168.220,272.3,0.741269,138,0.002,POST
168.320,243,0.739055,135,0.002,POST
168.420,216.6,0.738235,137,0.001,POST
168.520,237.4,0.742377,131,0.001,POST
168.620,221.4,0.74529,135,0.001,POST
168.720,196.2,0.746396,131,0.001,POST
168.820,197.2,0.746319,136,0.003,POST
168.920,214.1,0.749355,133,0.001,POST
169.020,192.5,0.754211,141,0.001,POST
169.152,197.3,0.761927,141,0.002,POST
169.284,213.9,0.766779,135,0.002,POST
169.384,211,0.774151,133,0.001,POST
169.484,239.9,0.780846,133,0.001,POST
169.584,223.1,0.787601,133,0.000,POST
169.684,184.3,0.791725,137,0.001,POST
169.784,192.4,0.795653,134,0.001,POST
169.856,207.3,0.798033,135,0.002,POST
169.984,219.9,0.799393,133,0.002,POST
170.084,257,0.799817,134,0.002,POST
170.184,224.4,0.800044,129,0.001,POST
170.284,223.3,0.800864,136,0.003,POST
170.384,246.3,0.801739,130,0.003,POST
170.484,264.8,0.806122,136,0.003,POST
170.584,199.4,0.811363,139,0.002,POST
170.684,205.5,0.815831,130,0.003,POST
170.784,226.3,0.818228,134,0.002,POST
170.888,192.5,0.820379,135,0.001,POST
171.020,191.5,0.825561,134,0.002,POST
171.120,209.3,0.825561,137,0.001,POST
171.220,180.6,0.825561,137,0.002,POST
171.320,218.8,0.825561,132,0.001,POST
171.420,212.9,0.825561,135,0.004,POST
171.520,312.7,0.825561,139,0.002,POST
171.620,250.5,0.825561,133,0.003,POST
171.720,248.1,0.825561,128,0.005,POST
171.820,349.7,0.825561,129,0.006,POST
171.920,342.6,0.825561,135,0.003,POST
172.020,320.6,0.825561,131,0.002,POST
172.152,304.2,0.825561,127,0.006,POST
172.256,293.1,0.825561,133,0.003,POST
172.384,320.7,0.825561,132,0.004,POST
172.484,284.8,0.825561,136,0.002,POST
172.584,241.2,0.825561,133,0.003,POST
172.684,249.6,0.825561,133,0.002,POST
172.784,253.6,0.825561,132,0.003,POST
172.856,232.7,0.825561,127,0.001,POST
172.984,278.7,0.825561,130,0.005,POST
173.084,319.8,0.825561,130,0.003,POST
173.184,262.3,0.825561,134,0.003,POST
173.256,228.1,0.825561,136,0.002,POST
173.356,266.2,0.825561,135,0.002,POST
173.484,214.1,0.825561,138,0.004,POST
173.556,242.7,0.825561,141,0.002,POST
173.684,298,0.825561,136,0.005,POST
173.756,241.7,0.825561,137,0.002,POST
173.856,268.5,0.825561,138,0.004,POST
173.988,393.2,0.825561,131,0.006,POST
174.120,404.3,0.825561,131,0.004,POST
174.220,320,0.825561,134,0.004,POST
174.320,357.1,0.825561,141,0.003,POST
174.420,307.2,0.825561,137,0.005,POST
174.520,331,0.825561,140,0.004,POST
174.620,346.5,0.825561,138,0.005,POST
174.720,299.3,0.825561,135,0.004,POST
174.820,290.5,0.825561,135,0.002,POST
174.924,297.7,0.825561,135,0.004,POST
175.020,315.2,0.825561,135,0.003,POST
175.120,301.6,0.825561,134,0.004,POST
175.220,341.3,0.825561,138,0.004,POST
175.352,363.2,0.825561,136,0.003,POST
175.484,306.6,0.825561,134,0.003,POST
175.584,243.5,0.825561,134,0.001,POST
175.684,246.4,0.825561,139,0.005,POST
175.784,295.9,0.825561,132,0.002,POST
175.884,267.2,0.825561,136,0.005,POST
175.984,340.6,0.825561,137,0.003,POST
176.084,276.8,0.825561,136,0.004,POST
176.184,281.5,0.825561,138,0.002,POST
176.284,245.3,0.825561,132,0.003,POST
176.384,224.5,0.825561,136,0.003,POST
176.488,265,0.825561,130,0.003,POST
176.620,287.6,0.825561,138,0.004,POST
176.720,303.8,0.825561,134,0.004,POST
176.820,248.9,0.825561,135,0.003,POST
176.920,283.1,0.825561,137,0.003,POST
177.052,297.7,0.825561,139,0.002,POST
177.156,253,0.825561,138,0.003,POST
177.264,244,0.825561,138,0.003,POST
177.392,328.8,0.825561,138,0.003,POST
177.528,325.2,0.825561,135,0.004,POST
177.660,348.3,0.825561,136,0.004,POST
177.792,347.5,0.825561,136,0.006,POST
177.924,385.2,0.825561,133,0.005,POST
178.024,282.7,0.825561,136,0.005,POST
178.124,257.1,0.825561,138,0.002,POST
178.224,232.4,0.825561,131,0.002,POST
178.328,252.2,0.825561,132,0.005,POST
178.424,284.9,0.825561,135,0.003,POST
178.524,257.4,0.825561,140,0.003,POST
178.624,209.5,0.805624,138,0.003,POST
178.696,775.1,0.793777,137,0.001,POST
178.800,310.6,0.77379,100,0.002,POST
178.904,366.7,0.768318,126,0.001,POST
179.036,934.4,0.764915,136,0.003,POST
179.136,1281,0.765754,141,0.002,POST
179.268,2037,0.79519,132,0.003,POST
179.368,784.1,0.791713,126,0.001,POST
179.500,9881,0.785931,134,0.002,POST
179.604,705.8,0.783538,138,0.002,POST
179.736,2678,0.780582,128,0.002,POST
179.868,2.105e+04,0.780039,133,0.004,POST
180.000,3663,0.780814,134,0.001,POST
180.104,891.3,0.778146,136,0.001,POST
180.204,634.9,0.775119,139,0.002,POST
180.336,730.6,0.769659,132,0.001,POST
180.436,448.7,0.763293,132,0.001,POST
180.536,474.5,0.763346,137,0.004,POST
180.636,608.1,0.765742,133,0.002,POST
180.740,648.1,0.764026,138,0.002,POST
180.836,650,0.762644,137,0.001,POST
180.936,861.3,0.760808,138,0.003,POST
181.036,3138,0.759464,139,0.002,POST
181.136,7421,0.755593,135,0.001,POST
181.240,215.2,0.750312,137,0.001,POST
181.340,232.6,0.754154,142,0.002,POST
181.440,287.5,0.759991,136,0.002,POST
181.536,537.6,0.779011,140,0.001,POST
181.640,694.7,0.79325,115,0.001,POST
181.736,1042,0.761173,129,0.002,POST
181.840,4242,0.762194,125,0.002,POST
181.940,1507,0.76401,131,0.001,POST
182.036,1459,0.763917,135,0.002,POST
182.136,933.9,0.764705,135,0.001,POST
182.236,554,0.766841,136,0.002,POST
182.372,1876,0.76316,133,0.001,POST
182.500,1409,0.75887,138,0.002,POST
182.600,485,0.757536,138,0.003,POST
182.672,1200,0.75874,136,0.002,POST
182.800,6768,0.761676,138,0.004,POST
182.900,2821,0.765003,134,0.001,POST
183.000,1615,0.7702,140,0.001,POST
183.100,3000,0.773426,134,0.001,POST
183.200,1060,0.78783,139,0.003,POST
183.300,1031,0.792519,138,0.003,POST
183.400,268.5,0.792856,136,0.001,POST
183.500,251.6,0.796469,135,0.002,POST
183.600,350.8,0.797763,137,0.001,POST
183.700,446.5,0.798536,135,0.001,POST
183.800,485.3,0.798917,139,0.002,POST
183.900,318.3,0.804389,141,0.003,POST
184.000,381,0.813372,136,0.002,POST
184.100,413.6,0.827036,129,0.002,POST
184.200,274.9,0.837484,136,0.002,POST
184.300,496.2,0.847734,138,0.001,POST
184.400,285.9,0.857047,134,0.002,POST
184.500,295.2,0.862697,140,0.002,POST
184.600,366,0.874025,136,0.002,POST
184.700,473.1,0.881266,138,0.003,POST
184.800,382.6,0.885629,137,0.001,POST
184.904,396,0.88897,141,0.002,POST
185.036,464.1,0.891849,134,0.003,POST
185.136,565.2,0.901805,135,0.002,POST
185.236,438.6,0.907348,137,0.003,POST
185.336,246.7,0.914383,134,0.004,POST
185.436,287.2,0.915854,137,0.001,POST
185.536,310.5,0.920128,139,0.002,POST
185.636,235.7,0.928736,137,0.001,POST
185.736,205.6,0.932984,137,0.003,POST
185.836,316.2,0.945127,133,0.002,POST
185.936,332.4,0.954137,142,0.003,POST
186.036,296.8,0.958027,140,0.002,POST
186.168,435.8,0.962197,142,0.004,POST
186.300,320.2,0.963893,142,0.002,POST
186.400,347.6,0.965622,133,0.003,POST
186.504,457.8,0.96926,133,0.003,POST
186.636,357.5,0.967879,136,0.004,POST
186.740,288.5,0.961664,134,0.002,POST
186.840,270,0.951092,132,0.001,POST
186.936,336.8,0.942401,135,0.002,POST
187.040,352.4,0.939438,140,0.001,POST
187.136,349.8,0.937597,135,0.001,POST
187.236,313.3,0.936587,135,0.002,POST
187.336,342.1,0.933863,136,0.003,POST
187.436,392.2,0.932701,135,0.003,POST
187.568,542.2,0.933825,139,0.002,POST
187.700,337.8,0.935037,137,0.001,POST
187.800,306.8,0.934139,143,0.001,POST
187.904,322.4,0.934246,137,0.001,POST
188.036,2905,0.934555,140,0.002,POST
188.140,386.2,0.932875,113,0.002,POST
188.268,356.6,0.934062,123,0.001,POST
188.400,424.1,0.936094,127,0.001,POST
188.500,505.1,0.936338,129,0.001,POST
188.600,419.3,0.940144,137,0.001,POST
188.700,456.9,0.94237,132,0.002,POST
188.800,591.1,0.944511,136,0.001,POST
188.900,817.4,0.944844,134,0.002,POST
189.000,546.8,0.94298,134,0.003,POST
189.100,395.4,0.937748,135,0.003,POST
189.200,617.2,0.935618,132,0.002,POST
189.304,566.9,0.932913,135,0.002,POST
189.436,602.8,0.932123,142,0.001,POST
189.536,808.3,0.929702,138,0.002,POST
189.636,1197,0.923579,136,0.003,POST
189.736,912.1,0.920914,135,0.002,POST
189.836,422.9,0.919397,139,0.002,POST
189.936,483.9,0.917493,135,0.003,POST
190.036,832.5,0.914216,141,0.002,POST
190.136,759,0.912032,136,0.002,POST
190.236,946.1,0.917496,136,0.002,POST
190.336,768.5,0.925969,140,0.001,POST
190.436,686.5,0.93422,137,0.002,POST
190.536,876.9,0.93816,130,0.002,POST
190.636,580.2,0.937603,133,0.001,POST
190.736,402.6,0.937156,133,0.002,POST
190.836,574.8,0.937925,136,0.001,POST
190.936,395.1,0.937877,137,0.001,POST
191.036,357.9,0.93775,139,0.001,POST
191.140,406.7,0.938328,135,0.003,POST
191.240,580.8,0.939017,138,0.001,POST
191.336,457.6,0.941034,139,0.002,POST
191.440,401.7,0.943854,143,0.001,POST
191.536,603.1,0.942855,141,0.002,POST
191.636,427.9,0.937065,135,0.002,POST
191.768,611,0.931379,133,0.003,POST
191.900,1369,0.928721,129,0.002,POST
192.000,764.9,0.928798,139,0.003,POST
192.100,638.8,0.927745,138,0.001,POST
192.200,521.1,0.927788,137,0.002,POST
192.300,476,0.929468,133,0.002,POST
192.404,363.1,0.929767,133,0.004,POST
192.536,493.7,0.935534,138,0.002,POST
192.636,327.1,0.93786,123,0.004,POST
192.736,356,0.932165,138,0.002,POST
192.836,343.5,0.928273,134,0.002,POST
192.936,686.9,0.928176,134,0.001,POST
193.036,339.2,0.925106,103,0.003,POST
193.136,394.8,0.918647,123,0.003,POST
193.236,420,0.915718,128,0.001,POST
193.372,294.5,0.91231,131,0.001,POST
193.500,413.5,0.910828,136,0.003,POST
193.600,348,0.909389,137,0.004,POST
193.672,328.5,0.908392,139,0.002,POST
193.800,314.6,0.906534,142,0.001,POST
193.900,306,0.905944,137,0.001,POST
194.000,329.6,0.905349,134,0.002,POST
194.100,330,0.905183,138,0.002,POST
194.200,319.6,0.905087,135,0.003,POST
194.272,365.7,0.904592,140,0.001,POST
194.372,350.4,0.903669,139,0.002,POST
194.472,320.2,0.902731,135,0.001,POST
194.572,323.9,0.902839,131,0.002,POST
194.672,465.5,0.903787,131,0.003,POST
194.744,349.3,0.904894,136,0.002,POST
194.872,311.9,0.90634,137,0.001,POST
194.972,297,0.90665,140,0.003,POST
195.072,310.2,0.905496,138,0.003,POST
195.172,352.4,0.906286,136,0.002,POST
195.272,375.6,0.906494,133,0.002,POST
195.372,470.2,0.906072,135,0.002,POST
195.444,293.7,0.906507,139,0.002,POST
195.572,333.6,0.906496,134,0.002,POST
195.672,332.4,0.906621,136,0.003,POST
195.772,333.8,0.906672,132,0.002,POST
195.872,308.3,0.906771,134,0.001,POST
195.972,330.1,0.90474,138,0.002,POST
196.072,390.2,0.902082,133,0.001,POST
196.172,331,0.904542,133,0.003,POST
196.272,270.9,0.906387,134,0.001,POST
196.376,266,0.906677,128,0.002,POST
196.508,268.1,0.907157,135,0.003,POST
196.608,277.3,0.906627,130,0.002,POST
196.708,274,0.905639,134,0.002,POST
196.808,271.5,0.905155,136,0.003,POST
196.908,278.2,0.905289,134,0.005,POST
197.008,272.5,0.903362,135,0.008,POST
197.108,282.2,0.902302,138,0.005,POST
197.212,291.2,0.903348,134,0.006,POST
197.316,1003,0.90436,140,0.001,POST
197.420,359.2,0.904903,113,0.000,POST
197.516,312.9,0.905489,134,0.000,POST
197.648,345.4,0.906079,135,0.002,POST
197.748,316.7,0.907007,139,0.002,POST
197.884,566,0.907156,130,0.001,POST
198.016,365.1,0.907062,137,0.002,POST
198.116,461.9,0.906444,129,0.001,POST
198.216,383.1,0.905341,137,0.003,POST
198.316,403,0.901602,133,0.001,POST
198.416,381.5,0.900699,132,0.003,POST
198.516,654.9,0.898777,137,0.002,POST
198.616,514.2,0.896335,140,0.002,POST
198.748,909.5,0.895045,136,0.002,POST
198.852,463.6,0.89423,135,0.002,POST
198.980,512.3,0.892247,133,0.002,POST
199.080,370.1,0.890526,137,0.002,POST
199.184,575.6,0.889125,133,0.001,POST
199.284,763.3,0.887462,138,0.001,POST
199.384,2214,0.885369,132,0.002,POST
199.516,1890,0.883452,138,0.001,POST
199.648,643.8,0.88131,136,0.003,POST
199.784,350.2,0.880676,132,0.003,POST
199.916,317.6,0.880559,138,0.003,POST
200.016,306.4,0.879504,134,0.001,POST
200.116,302.4,0.878729,137,0.003,POST
200.216,311.2,0.878565,139,0.001,POST
200.320,300.7,0.878306,137,0.002,POST
200.416,301.7,0.876207,135,0.000,POST
200.516,304.5,0.87387,136,0.002,POST
200.616,310.6,0.868391,137,0.002,POST
200.716,309.7,0.867576,140,0.001,POST
200.820,319.1,0.867714,135,0.001,POST
200.916,332.3,0.86883,136,0.002,POST
201.016,350.6,0.868365,137,0.001,POST
201.116,359.7,0.870457,138,0.001,POST
201.220,334.9,0.872045,134,0.003,POST
201.316,341.1,0.871028,135,0.002,POST
201.416,309.5,0.869647,135,0.001,POST
201.548,337.2,0.867791,139,0.002,POST
201.680,304.7,0.864403,134,0.003,POST
201.780,370.6,0.864886,131,0.002,POST
201.884,340,0.862617,136,0.001,POST
202.016,347.8,0.862476,132,0.004,POST
202.120,349.5,0.864631,139,0.001,POST
202.216,329,0.865369,134,0.002,POST
202.316,332.2,0.86387,132,0.003,POST
202.416,347,0.860181,137,0.002,POST
202.516,341.3,0.85577,135,0.000,POST
202.620,313.7,0.85609,137,0.002,POST
202.720,1636,0.865623,140,0.004,POST
202.820,303.1,0.86675,137,0.006,POST
202.916,304.5,0.862235,138,0.005,POST
203.020,348.8,0.862688,134,0.002,POST
203.116,282.8,0.865647,134,0.003,POST
203.216,274.1,0.8702,131,0.001,POST
203.316,275.4,0.87214,131,0.002,POST
203.416,273.6,0.874364,136,0.004,POST
203.516,285.9,0.87519,144,0.000,POST
203.616,276.3,0.874604,138,0.003,POST
203.716,272.4,0.874287,135,0.002,POST
203.852,289.6,0.872803,141,0.001,POST
203.980,273.4,0.871616,134,0.002,POST
204.080,288.6,0.871654,141,0.003,POST
204.180,274.4,0.871583,141,0.002,POST
204.284,277,0.871875,141,0.003,POST
204.416,290.4,0.872381,135,0.003,POST
204.516,273.6,0.872347,140,0.003,POST
204.648,441.7,0.87264,135,0.002,POST
204.780,324.3,0.873309,122,0.003,POST
204.884,313.2,0.874891,123,0.002,POST
205.016,336.7,0.874728,127,0.004,POST
205.116,284.7,0.874568,129,0.002,POST
205.220,299.4,0.874298,135,0.002,POST
205.316,297.9,0.874101,139,0.002,POST
205.416,290.1,0.873649,137,0.003,POST
205.520,568.7,0.874527,133,0.001,POST
205.620,339.7,0.874689,135,0.000,POST
205.716,290.7,0.874149,138,0.001,POST
205.816,350.8,0.874204,138,0.002,POST
205.916,296.3,0.874362,138,0.003,POST
206.016,321.2,0.873999,132,0.001,POST
206.120,305.4,0.873113,129,0.001,POST
206.220,303.2,0.873152,134,0.001,POST
206.348,291.5,0.873356,135,0.003,POST
206.480,292.2,0.873608,135,0.001,POST
206.580,283.7,0.873403,135,0.003,POST
206.680,278.5,0.873681,140,0.002,POST
206.784,301.7,0.873549,142,0.002,POST
206.916,309.7,0.873886,142,0.002,POST
207.016,297,0.874247,139,0.001,POST
207.116,302,0.87569,137,0.003,POST
207.220,302.3,0.876694,136,0.002,POST
207.316,298.6,0.878839,133,0.004,POST
207.416,277.2,0.879659,135,0.001,POST
207.516,274.5,0.879659,131,0.002,POST
207.620,298.7,0.881444,133,0.002,POST
207.716,284.9,0.882263,131,0.002,POST
207.816,278.4,0.883128,140,0.001,POST
207.920,287.9,0.88382,134,0.002,POST
208.016,267.8,0.884252,140,0.001,POST
208.120,303.6,0.885118,138,0.001,POST
208.248,282.3,0.885877,139,0.003,POST
208.380,294.1,0.88719,138,0.002,POST
208.484,297.9,0.890646,138,0.004,POST
208.616,281.7,0.891945,138,0.003,POST
208.716,279.4,0.892611,138,0.003,POST
208.816,290,0.889604,138,0.002,POST
208.952,312.4,0.888576,141,0.003,POST
209.084,293.1,0.88614,141,0.002,POST
209.216,290.8,0.887154,138,0.002,POST
209.316,4992,0.890728,135,0.001,POST
209.420,267.8,0.890728,129,0.004,POST
209.516,367,0.891929,132,0.002,POST
209.616,292.4,0.892166,130,0.001,POST
209.716,291.9,0.892475,127,0.001,POST
209.816,337,0.892302,129,0.001,POST
209.916,304.4,0.891376,127,0.002,POST
210.016,374.2,0.890043,128,0.002,POST
210.116,351.1,0.889512,133,0.001,POST
210.216,359.9,0.888535,123,0.002,POST
210.316,287.7,0.888392,134,0.003,POST
210.416,292.3,0.888616,126,0.002,POST
210.516,307.9,0.88873,123,0.002,POST
210.616,314.5,0.888959,126,0.002,POST
210.716,312,0.888507,130,0.001,POST
210.820,300.2,0.888174,122,0.002,POST
210.920,372.9,0.887943,124,0.002,POST
211.016,315.9,0.8871,123,0.001,POST
211.116,306,0.886618,128,0.002,POST
211.216,345.8,0.884672,123,0.001,POST
211.316,311.3,0.882876,127,0.002,POST
211.420,306,0.882862,123,0.004,POST
211.516,353.3,0.882644,131,0.001,POST
211.616,317.5,0.882634,126,0.002,POST
211.716,323.6,0.88233,132,0.002,POST
211.848,312.7,0.88233,123,0.003,POST
211.948,291.2,0.88009,132,0.001,POST
212.080,679.2,0.882922,125,0.001,POST
212.152,274.7,0.883277,108,0.002,POST
212.280,300.3,0.884645,123,0.003,POST
212.380,310.1,0.885239,107,0.002,POST
212.480,292.3,0.885499,123,0.002,POST
212.552,298,0.885357,113,0.003,POST
212.680,433.7,0.885012,120,0.002,POST
212.780,341.5,0.884888,109,0.004,POST
212.880,342.8,0.884963,126,0.002,POST
212.980,348.2,0.8846,116,0.001,POST
213.080,328.1,0.884398,127,0.004,POST
213.152,275,0.884431,117,0.006,POST
213.280,277.3,0.886763,126,0.005,POST
213.380,265.3,0.887628,122,0.002,POST
213.480,270.8,0.886722,127,0.000,POST
213.580,265.1,0.884845,129,0.002,POST
213.684,266.2,0.884464,129,0.001,POST
213.816,262,0.884334,129,0.001,POST
213.916,260.9,0.884477,129,0.005,POST
214.048,263.4,0.880909,129,0.003,POST
214.184,257.6,0.880218,130,0.001,POST
214.316,259.3,0.881691,125,0.005,POST
214.416,264.8,0.882925,130,0.004,POST
214.516,261.4,0.88156,125,0.002,POST
214.616,256.7,0.883127,131,0.001,POST
214.716,260.8,0.887499,131,0.003,POST
214.820,262.9,0.8874,124,0.005,POST
214.916,265.8,0.883254,134,0.002,POST
215.016,265.6,0.879479,128,0.004,POST
215.116,262.7,0.877898,127,0.002,POST
215.216,261.6,0.876776,126,0.004,POST
215.316,277.6,0.876657,132,0.002,POST
215.416,271.9,0.875487,126,0.001,POST
215.516,265.2,0.875487,121,0.005,POST
215.616,287.2,0.877926,129,0.002,POST
215.748,266.9,0.878675,125,0.003,POST
215.852,265.6,0.87845,128,0.002,POST
215.980,261,0.87807,125,0.003,POST
216.084,273.5,0.879014,125,0.002,POST
216.220,262.8,0.879838,123,0.001,POST
216.316,276.2,0.880973,126,0.001,POST
216.416,271.9,0.881837,125,0.003,POST
216.516,274.2,0.882591,124,0.002,POST
216.616,271.5,0.883309,130,0.002,POST
216.716,276.3,0.887545,120,0.001,POST
216.816,268.4,0.887963,127,0.002,POST
216.948,289.1,0.888317,127,0.001,POST
217.080,274,0.889606,130,0.002,POST
217.180,294.3,0.886715,127,0.003,POST
217.280,266,0.88549,127,0.002,POST
217.380,422.8,0.884486,128,0.004,POST
217.480,348.8,0.879079,103,0.002,POST
217.580,306.7,0.876383,119,0.003,POST
217.680,301.2,0.875605,112,0.001,POST
217.780,289.1,0.873538,121,0.002,POST
217.880,315.5,0.872411,117,0.002,POST
217.980,3461,0.875388,118,0.003,POST
218.080,283.5,0.873441,112,0.002,POST
218.152,274.3,0.872529,128,0.001,POST
218.280,289.9,0.870632,110,0.002,POST
218.380,294,0.869417,124,0.000,POST
218.480,280.1,0.869398,123,0.002,POST
218.552,280.9,0.869568,123,0.002,POST
218.680,276.4,0.8698,125,0.004,POST
218.752,276.7,0.8699,125,0.003,POST
218.880,274.5,0.869965,130,0.001,POST
218.980,271.3,0.869965,121,0.003,POST
219.080,281.2,0.870386,124,0.001,POST
219.180,283.5,0.870632,126,0.003,POST
219.284,279.7,0.871426,121,0.002,POST
219.384,282,0.87169,117,0.002,POST
219.516,280.3,0.87226,122,0.005,POST
219.616,281.2,0.872572,125,0.004,POST
219.716,258.5,0.87351,125,0.004,POST
219.816,254.8,0.873875,124,0.006,POST
219.916,262.4,0.876881,130,0.006,POST
220.048,281.4,0.87373,124,0.003,POST
220.180,263.9,0.87558,133,0.001,POST
220.280,357.6,0.875299,126,0.003,POST
220.380,351.8,0.876041,116,0.002,POST
220.452,308,0.876243,123,0.002,POST
220.580,295.3,0.875919,120,0.002,POST
220.680,300.4,0.875846,119,0.002,POST
220.780,282.9,0.875267,125,0.001,POST
220.880,292.2,0.874095,121,0.002,POST
220.980,284.8,0.873905,116,0.001,POST
221.080,279.1,0.873684,116,0.003,POST
221.180,292.3,0.873608,109,0.002,POST
221.280,600.5,0.873315,115,0.002,POST
221.380,290.2,0.873584,112,0.002,POST
221.480,279,0.87278,121,0.001,POST
221.580,269.2,0.873077,104,0.001,POST
221.680,279.4,0.873241,116,0.001,POST
221.780,289.3,0.873833,103,0.002,POST
221.880,291.3,0.875451,121,0.001,POST
221.980,287.5,0.87646,110,0.001,POST
222.052,282.3,0.877545,118,0.001,POST
222.184,283.3,0.877917,117,0.002,POST
222.316,299.6,0.880426,118,0.003,POST
222.416,273.2,0.881326,116,0.002,POST
222.552,303.7,0.883606,117,0.001,POST
222.652,277.2,0.882682,124,0.003,POST
222.780,291.2,0.880591,131,0.002,POST
222.880,279,0.878773,126,0.001,POST
222.980,278.5,0.878465,127,0.002,POST
223.052,278.3,0.878385,124,0.001,POST
223.180,309.9,0.87925,126,0.002,POST
223.280,284.1,0.880768,127,0.002,POST
223.380,273.7,0.881266,126,0.003,POST
223.480,283.7,0.88226,125,0.001,POST
223.580,275.8,0.895747,123,0.003,POST
223.680,265.7,0.922228,126,0.002,POST
223.780,262.9,0.955021,126,0.001,POST
223.880,261.4,0.970999,124,0.005,POST
223.984,509.5,0.971502,123,0.002,POST
224.116,287.4,0.970576,115,0.002,POST
224.216,310.7,0.96994,120,0.004,POST
224.316,291.9,0.970303,125,0.001,POST
224.416,553.8,0.969303,123,0.001,POST
224.548,333.7,0.969719,118,0.002,POST
224.680,305.5,0.973702,124,0.002,POST
224.780,330.2,0.970486,130,0.002,POST
224.880,289.1,0.966225,123,0.002,POST
224.980,334.4,0.962331,129,0.003,POST
225.080,315.2,0.954139,124,0.002,POST
225.180,287.1,0.949238,131,0.002,POST
225.280,288.8,0.942311,126,0.003,POST
225.380,402.7,0.932865,129,0.002,POST
225.452,292.6,0.924895,120,0.001,POST
225.580,362.9,0.917777,129,0.003,POST
225.680,347.9,0.909974,127,0.001,POST
225.780,312.9,0.904502,131,0.004,POST
225.880,397.7,0.889738,121,0.000,POST
225.980,272.5,0.882473,127,0.002,POST
226.080,323.4,0.847037,127,0.003,POST
226.180,311.5,0.837226,124,0.002,POST
226.280,278.2,0.828152,122,0.002,POST
226.352,281,0.824665,125,0.001,POST
226.484,313.3,0.812271,129,0.002,POST
226.616,263.4,0.809263,122,0.002,POST
226.716,289.4,0.803979,129,0.002,POST
226.816,279.7,0.803188,125,0.002,POST
226.916,272.5,0.80272,132,0.002,POST
227.016,279.8,0.803298,127,0.002,POST
227.148,290.5,0.80374,130,0.002,POST
227.280,282.5,0.805296,131,0.002,POST
227.380,267.3,0.806015,131,0.002,POST
227.452,281.7,0.805936,128,0.002,POST
227.580,297.7,0.805251,128,0.001,POST
227.680,306,0.805984,130,0.002,POST
227.780,269,0.809006,128,0.003,POST
227.880,279.4,0.807494,131,0.002,POST
227.980,278.2,0.803936,130,0.002,POST
228.080,275.3,0.804464,129,0.003,POST
228.184,277.4,0.806754,130,0.002,POST
228.316,273.7,0.807511,129,0.002,POST
228.416,275.4,0.806518,129,0.002,POST
228.516,278.2,0.807416,127,0.001,POST
228.616,268.2,0.808089,134,0.001,POST
228.720,271.3,0.809922,126,0.003,POST
228.816,303.8,0.810774,132,0.002,POST
228.916,273.2,0.809318,131,0.002,POST
229.016,275.7,0.810321,134,0.003,POST
229.116,278.4,0.810157,132,0.001,POST
229.248,279.3,0.808857,135,0.002,POST
229.380,315.6,0.812193,129,0.001,POST
229.480,277.3,0.814317,130,0.002,POST
229.580,280,0.822085,131,0.001,POST
229.680,269.4,0.822518,136,0.002,POST
229.780,267.3,0.821918,128,0.002,POST
229.880,270.2,0.821444,132,0.002,POST
229.980,284.4,0.82362,136,0.003,POST
230.080,312.6,0.819969,128,0.002,POST
230.180,299.2,0.818925,134,0.002,POST
230.252,276,0.818692,123,0.002,POST
230.380,296.9,0.817898,133,0.003,POST
230.480,306.5,0.811059,124,0.002,POST
230.580,290.2,0.81091,130,0.003,POST
230.680,280,0.811269,129,0.001,POST
230.780,276,0.808614,129,0.002,POST
230.880,276.3,0.81042,129,0.002,POST
230.980,273.2,0.810975,131,0.001,POST
231.080,276.8,0.811336,130,0.002,POST
231.152,280.8,0.810734,131,0.001,POST
231.280,296.3,0.80616,132,0.001,POST
231.380,273.8,0.805617,132,0.002,POST
231.480,282.3,0.807418,128,0.003,POST
231.552,279.4,0.80651,135,0.002,POST
231.680,285.5,0.805088,129,0.000,POST
231.780,282,0.804026,133,0.002,POST
231.880,277.1,0.80477,127,0.004,POST
231.980,281,0.80551,133,0.003,POST
232.084,280.6,0.804847,124,0.003,POST
232.216,289.1,0.807353,129,0.003,POST
232.316,274.3,0.80745,130,0.001,POST
232.416,277.7,0.807792,128,0.002,POST
232.516,276.2,0.808659,130,0.001,POST
232.620,289.3,0.811008,126,0.003,POST
232.720,281.1,0.811267,128,0.004,POST
232.816,285.9,0.805962,126,0.003,POST
232.916,274.7,0.800633,132,0.002,POST
233.048,281.2,0.802808,128,0.002,POST
233.180,280.2,0.801041,129,0.002,POST
233.280,278.8,0.798651,129,0.001,POST
233.380,274,0.799762,137,0.002,POST
233.480,277.9,0.802389,130,0.004,POST
233.580,286.6,0.802311,133,0.006,POST
233.684,283.1,0.797396,130,0.001,POST
233.816,281,0.79582,132,0.002,POST
233.948,275.5,0.79582,132,0.002,POST
234.080,281.4,0.79582,132,0.002,POST
234.180,264.9,0.79582,124,0.002,POST
234.280,266.8,0.79582,135,0.001,POST
234.380,265.9,0.79582,129,0.001,POST
234.480,402.9,0.787353,131,0.002,POST
234.580,268,0.782549,121,0.004,POST
234.680,277.8,0.782804,129,0.002,POST
234.780,272.4,0.783865,130,0.003,POST
234.884,273,0.79095,128,0.004,POST
235.016,277.3,0.785656,131,0.003,POST
235.148,284.1,0.777445,127,0.001,POST
235.280,275.1,0.774495,130,0.002,POST
235.380,276.1,0.770748,129,0.002,POST
235.480,280.9,0.769919,129,0.002,POST
235.580,280.1,0.7722,124,0.012,POST
235.680,406.6,0.775647,130,0.003,POST
235.752,318.2,0.776031,100,0.001,POST
235.880,331,0.775683,121,0.001,POST
235.980,322.3,0.776692,105,0.001,POST
236.080,335.7,0.77739,122,0.002,POST
236.180,349.5,0.777784,110,0.001,POST
236.280,335.2,0.778488,127,0.002,POST
236.384,375.8,0.778432,113,0.003,POST
236.516,450,0.777888,128,0.005,POST
236.616,415.2,0.778015,123,0.002,POST
236.716,374.7,0.775828,134,0.002,POST
236.816,475.9,0.772413,124,0.002,POST
236.916,373.1,0.770832,131,0.001,POST
237.016,388.2,0.771201,124,0.001,POST
237.116,383.4,0.772019,126,0.002,POST
237.216,431.3,0.771286,127,0.003,POST
237.316,559.7,0.77081,125,0.002,POST
237.420,529.2,0.768876,128,0.002,POST
237.520,307.6,0.768555,130,0.002,POST
237.620,435.2,0.768491,126,0.001,POST
237.716,424.1,0.767825,127,0.002,POST
237.816,571.1,0.766992,124,0.001,POST
237.916,315.7,0.76654,127,0.001,POST
238.020,341.1,0.765535,122,0.002,POST
238.148,369.2,0.765459,132,0.003,POST
238.280,424.7,0.766645,121,0.005,POST
238.380,401.4,0.766879,130,0.002,POST
238.480,434.8,0.769082,130,0.002,POST
238.580,443,0.769206,126,0.002,POST
238.680,397.8,0.770146,128,0.003,POST
238.780,1037,0.773504,127,0.003,POST
238.880,1369,0.774434,128,0.001,POST
238.952,462.4,0.776764,126,0.001,POST
239.080,388.4,0.777731,125,0.002,POST
239.180,440.9,0.781576,126,0.003,POST
239.280,587.3,0.782855,128,0.000,POST
239.380,406.7,0.782956,129,0.001,POST
239.480,381.6,0.782618,128,0.003,POST
239.580,740,0.778825,133,0.002,POST
239.680,379.4,0.775294,127,0.002,POST
239.780,344.4,0.774038,129,0.002,POST
239.880,371,0.77175,128,0.002,POST
239.980,324.1,0.769667,133,0.002,POST
240.052,371.6,0.768267,125,0.002,POST
240.180,379.1,0.766071,132,0.003,POST
240.280,328.5,0.763233,127,0.003,POST
240.380,347,0.759754,130,0.003,POST
240.480,367.3,0.756023,132,0.002,POST
240.584,315.9,0.754952,126,0.002,POST
240.716,322.1,0.752527,131,0.003,POST
240.816,343.1,0.750703,131,0.002,POST
240.916,310.2,0.745543,126,0.003,POST
241.016,357.6,0.745913,126,0.001,POST
241.116,311.6,0.745459,127,0.003,POST
241.216,334.5,0.745155,133,0.002,POST
241.348,398.1,0.743566,129,0.003,POST
241.448,394.4,0.737811,133,0.002,POST
241.580,656.4,0.735303,127,0.002,POST
241.680,370.9,0.733223,139,0.002,POST
241.780,323.6,0.73015,128,0.002,POST
241.852,302.9,0.729928,135,0.001,POST
241.980,310.6,0.727069,129,0.004,POST
242.052,319.5,0.722615,136,0.002,POST
242.152,347.7,0.72215,131,0.004,POST
242.280,336.9,0.719726,132,0.002,POST
242.380,307.1,0.718447,128,0.002,POST
242.452,333.6,0.718235,136,0.003,POST
242.580,324.3,0.719538,130,0.002,POST
242.684,345.2,0.718544,135,0.001,POST
242.816,332.5,0.719211,133,0.003,POST
242.916,334.7,0.717365,135,0.003,POST
243.016,324.4,0.719804,126,0.002,POST
243.116,325.3,0.7211,138,0.002,POST
243.216,320.1,0.722704,127,0.001,POST
243.320,327.3,0.722999,137,0.003,POST
243.420,332.9,0.725492,124,0.001,POST
243.516,328.6,0.724303,134,0.003,POST
243.616,332.1,0.729726,134,0.001,POST
243.716,332,0.730175,133,0.002,POST
243.816,340.3,0.728866,137,0.002,POST
243.916,341.5,0.728957,130,0.001,POST
244.016,339.1,0.728296,126,0.001,POST
244.116,334.7,0.728965,129,0.001,POST
244.216,343.5,0.729968,130,0.003,POST
244.316,341.4,0.728009,132,0.002,POST
244.448,357.6,0.725911,128,0.001,POST
244.580,340.4,0.728491,131,0.002,POST
244.680,853,0.726983,130,0.003,POST
244.780,383.5,0.725852,105,0.002,POST
244.880,347.4,0.725889,128,0.001,POST
244.980,359.2,0.725799,111,0.001,POST
245.080,349.7,0.72626,123,0.002,POST
245.180,408.1,0.726666,113,0.001,POST
245.280,364.6,0.726788,127,0.002,POST
245.384,374.7,0.727331,116,0.002,POST
245.516,411,0.729567,134,0.002,POST
245.616,373.8,0.730369,119,0.002,POST
245.716,364.9,0.729603,131,0.001,POST
245.816,360.7,0.7288,119,0.001,POST
245.916,396.1,0.730426,131,0.002,POST
246.020,358,0.729688,124,0.003,POST
246.116,391.8,0.7276,126,0.001,POST
246.216,380.1,0.72804,130,0.002,POST
246.316,373.8,0.728254,127,0.004,POST
246.416,502.8,0.728855,125,0.002,POST
246.516,401.1,0.729272,129,0.001,POST
246.620,385.9,0.728227,124,0.000,POST
246.716,391.1,0.728144,128,0.001,POST
246.816,356.8,0.727906,127,0.002,POST
246.916,375.6,0.727276,126,0.002,POST
247.016,373.4,0.727318,119,0.002,POST
247.116,353.2,0.726322,125,0.002,POST
247.216,386.7,0.725523,118,0.003,POST
247.316,412.8,0.727429,128,0.003,POST
247.416,392.9,0.730823,122,0.003,POST
247.516,381.6,0.730693,130,0.002,POST
247.620,359.8,0.732249,122,0.003,POST
247.716,348,0.734213,130,0.002,POST
247.816,381.4,0.736792,127,0.004,POST
247.916,424.5,0.736227,129,0.002,POST
248.048,392.4,0.736108,131,0.003,POST
248.152,364.5,0.735934,126,0.003,POST
248.252,401.9,0.738618,130,0.001,POST
248.380,461.2,0.738631,125,0.002,POST
248.480,425.6,0.738736,123,0.004,POST
248.580,424.8,0.74075,129,0.002,POST
248.652,338.9,0.7424,136,0.003,POST
248.780,368.3,0.743597,123,0.001,POST
248.880,367.3,0.744947,137,0.002,POST
248.980,421.1,0.747122,124,0.002,POST
249.080,414.8,0.748633,131,0.003,POST
249.180,420.5,0.74986,130,0.002,POST
249.280,459,0.75167,128,0.001,POST
249.384,440.9,0.752093,125,0.002,POST
249.520,372,0.752578,134,0.003,POST
249.616,400.8,0.752533,127,0.003,POST
249.716,348.3,0.753744,130,0.001,POST
249.816,348.1,0.753623,129,0.001,POST
249.948,378.3,0.754126,128,0.002,POST
250.080,348.2,0.754221,129,0.004,POST
250.180,401.5,0.752265,132,0.004,POST
250.252,356.4,0.752722,129,0.003,POST
250.352,390.5,0.752934,135,0.003,POST
250.480,380.9,0.75284,131,0.004,POST
250.580,385.1,0.754134,128,0.002,POST
250.652,358.3,0.754725,130,0.001,POST
250.784,411.4,0.755083,126,0.004,POST
250.916,358.5,0.755706,131,0.004,POST
251.048,342.7,0.756722,128,0.002,POST
251.180,346.4,0.755976,137,0.003,POST
251.252,345,0.752279,125,0.002,POST
251.380,344.5,0.749041,132,0.003,POST
251.480,343.2,0.747398,129,0.005,POST
251.580,342.6,0.750631,132,0.005,POST
251.680,344,0.753505,127,0.004,POST
251.780,343.5,0.756251,129,0.004,POST
251.884,342.7,0.756211,129,0.003,POST
252.020,354.8,0.75341,130,0.001,POST
252.116,345.5,0.751889,127,0.001,POST
252.216,346.2,0.752189,129,0.003,POST
252.316,352.2,0.754488,114,0.002,POST
252.416,350.5,0.754878,129,0.002,POST
252.516,351.4,0.754949,123,0.002,POST
252.616,351.6,0.754959,124,0.001,POST
252.752,354.4,0.754757,127,0.001,POST
252.852,355.9,0.754025,130,0.001,POST
252.980,364.9,0.755508,125,0.004,POST
253.080,365.2,0.757564,126,0.002,POST
253.180,357.5,0.757034,116,0.003,POST
253.252,359.7,0.752802,130,0.003,POST
253.380,359.5,0.752854,122,0.003,POST
253.480,356.9,0.754922,132,0.001,POST
253.580,362.1,0.756569,119,0.001,POST
253.652,358.7,0.755348,127,0.003,POST
253.780,368.2,0.754426,131,0.003,POST
253.880,366.1,0.758,126,0.004,POST
253.980,358,0.759944,132,0.002,POST
254.052,359.6,0.761486,127,0.003,POST
254.152,357.8,0.762413,131,0.003,POST
254.280,362.9,0.761927,123,0.002,POST
254.352,362.5,0.759954,130,0.003,POST
254.480,363.6,0.760503,127,0.003,POST
254.580,358.2,0.760503,133,0.004,POST
254.680,348.4,0.760503,126,0.004,POST
254.784,365.7,0.760503,130,0.004,POST
254.884,365.9,0.760503,128,0.003,POST
255.016,363.2,0.760503,134,0.004,POST
255.116,355.3,0.760503,135,0.003,POST
255.216,361,0.760503,132,0.002,POST
255.316,363.3,0.760503,141,0.003,POST
255.416,362.8,0.760503,135,0.002,POST
255.516,351.6,0.760503,134,0.002,POST
255.616,355.4,0.760503,131,0.002,POST
255.716,352.2,0.760503,130,0.004,POST
255.820,363.1,0.760503,134,0.001,POST
255.948,361.3,0.760503,131,0.003,POST
256.084,353.6,0.760503,135,0.002,POST
256.220,359.3,0.760503,134,0.002,POST
256.348,364.5,0.760503,132,0.002,POST
256.452,371.7,0.760503,130,0.004,POST
256.580,375.6,0.760503,128,0.002,POST
256.680,361.5,0.760503,127,0.002,POST
256.780,365.5,0.760503,128,0.002,POST
256.880,358.4,0.760503,129,0.004,POST
256.980,359.3,0.760503,128,0.004,POST
257.080,354.2,0.760503,125,0.003,POST
257.180,356.4,0.760503,132,0.001,POST
257.252,352.9,0.760503,125,0.001,POST
257.384,356.8,0.760503,133,0.002,POST
257.516,357,0.760503,126,0.002,POST
257.616,351.2,0.760503,130,0.002,POST
257.720,358.5,0.760503,130,0.002,POST
257.848,356,0.760503,125,0.001,POST
257.980,355.4,0.760503,134,0.001,POST
258.080,353.2,0.760503,128,0.001,POST
258.180,356.4,0.760503,125,0.002,POST
258.280,385.2,0.741628,128,0.002,POST
258.384,369.2,0.773041,125,0.005,POST
258.516,370.2,0.750127,124,0.001,POST
258.620,368.4,0.741356,123,0.002,POST
258.748,363.1,0.745666,130,0.003,POST
258.880,363.4,0.750035,122,0.002,POST
258.980,362.3,0.74617,132,0.002,POST
259.080,366.4,0.749801,125,0.001,POST
259.180,365,0.749755,129,0.002,POST
259.280,370.2,0.744964,129,0.001,POST
259.380,366.8,0.74222,124,0.002,POST
259.484,367.7,0.741896,126,0.003,POST
259.616,371.1,0.738105,127,0.002,POST
259.716,374.5,0.73876,127,0.002,POST
259.820,365.7,0.740966,116,0.002,POST
259.916,651.1,0.740948,129,0.001,POST
260.016,877.5,0.740994,104,0.001,POST
260.116,442.6,0.738679,123,0.002,POST
260.216,423.4,0.736945,119,0.001,POST
260.316,435.6,0.737214,119,0.003,POST
260.416,437.4,0.737585,122,0.003,POST
260.516,416.5,0.73701,124,0.002,POST
260.616,413,0.736388,122,0.002,POST
260.716,379.3,0.73469,124,0.002,POST
260.816,360.7,0.732702,130,0.002,POST
260.916,355.7,0.731287,124,0.003,POST
261.048,428.1,0.730817,128,0.001,POST
261.180,373.2,0.731315,120,0.003,POST
261.252,344.4,0.731465,127,0.002,POST
261.380,356.3,0.73158,120,0.002,POST
261.480,350.6,0.731926,128,0.001,POST
261.580,343.2,0.732545,115,0.001,POST
261.680,351,0.73257,128,0.001,POST
261.780,347.7,0.732718,116,0.002,POST
261.880,378.8,0.733604,125,0.001,POST
261.980,345.5,0.73368,114,0.001,POST
262.080,349.2,0.73397,131,0.002,POST
262.180,353,0.734359,128,0.001,POST
262.284,382.4,0.735864,129,0.001,POST
262.416,351,0.735561,129,0.002,POST
262.516,360.2,0.73444,130,0.002,POST
262.616,352.9,0.733891,128,0.003,POST
262.720,373.4,0.732682,127,0.001,POST
262.816,353,0.731881,122,0.001,POST
262.948,375,0.731656,130,0.005,POST
263.048,375.8,0.731736,128,0.001,POST
263.180,390.9,0.730844,131,0.002,POST
263.280,368.4,0.73012,125,0.003,POST
263.380,903.8,0.729192,134,0.003,POST
263.480,359.5,0.729224,128,0.001,POST
263.580,357.2,0.728841,136,0.003,POST
263.684,367.8,0.729222,126,0.003,POST
263.816,359.5,0.729703,134,0.005,POST
263.920,374.8,0.732069,129,0.003,POST
264.016,376.4,0.73351,133,0.001,POST
264.116,360.2,0.732654,131,0.002,POST
264.248,379.1,0.731705,128,0.003,POST
264.380,630.1,0.730942,130,0.002,POST
264.452,348,0.729762,126,0.002,POST
264.580,361.2,0.730311,132,0.003,POST
264.680,378.2,0.731674,129,0.003,POST
264.752,369.9,0.732104,125,0.003,POST
264.880,411.6,0.731799,134,0.003,POST
264.980,378.3,0.731119,130,0.001,POST
265.080,363.1,0.73134,132,0.002,POST
265.180,355.4,0.731736,132,0.003,POST
265.280,341.3,0.731131,131,0.001,POST
265.380,351.4,0.730301,130,0.002,POST
265.480,745,0.73157,132,0.004,POST
265.580,345.4,0.733269,127,0.004,POST
265.680,401.4,0.732857,127,0.003,POST
265.780,901.9,0.732838,130,0.002,POST
265.880,357.4,0.733645,129,0.001,POST
265.984,366.8,0.734536,134,0.001,POST
266.080,347.4,0.733649,126,0.003,POST
266.180,365.6,0.73309,127,0.004,POST
266.280,384.5,0.732896,132,0.002,POST
266.380,340.2,0.733497,127,0.002,POST
266.480,337.9,0.73365,135,0.003,POST
266.580,392.1,0.73388,127,0.002,POST
266.680,345.7,0.734988,133,0.004,POST
266.780,462.3,0.735838,126,0.004,POST
266.880,365.6,0.735857,134,0.003,POST
266.980,348.9,0.73583,127,0.003,POST
267.080,356.4,0.735815,126,0.002,POST
267.180,347.3,0.735907,130,0.004,POST
267.280,346.2,0.736198,127,0.002,POST
267.380,357.2,0.735325,135,0.001,POST
267.480,339.2,0.733954,127,0.002,POST
267.584,350.5,0.733971,130,0.002,POST
267.716,344.1,0.73418,124,0.001,POST
267.816,361.4,0.733342,132,0.003,POST
267.916,352,0.732505,132,0.002,POST
268.048,343.1,0.730813,128,0.003,POST
268.180,355.1,0.730239,131,0.001,POST
268.284,348,0.73144,121,0.002,POST
268.416,378.8,0.730632,132,0.002,POST
268.516,382.2,0.729772,118,0.003,POST
268.616,763.6,0.729484,131,0.001,POST
268.716,619.4,0.729558,93,0.002,POST
268.848,481.5,0.73001,127,0.003,POST
268.980,410.9,0.730041,109,0.002,POST
269.084,393.5,0.730404,127,0.002,POST
269.184,384.5,0.729481,122,0.002,POST
269.316,421.1,0.729233,132,0.001,POST
269.448,514.4,0.729478,122,0.003,POST
269.580,498.9,0.730231,129,0.002,POST
269.680,389.3,0.730663,131,0.002,POST
269.752,368.6,0.730944,128,0.001,POST
269.880,465.3,0.731751,127,0.003,POST
269.984,2589,0.732232,129,0.003,POST
270.116,411.9,0.732574,130,0.001,POST
270.216,353.1,0.732152,131,0.003,POST
270.316,378.2,0.731523,123,0.002,POST
270.416,356.4,0.731888,132,0.001,POST
270.516,385.2,0.732056,119,0.002,POST
270.616,362.5,0.732225,129,0.003,POST
270.716,362.7,0.731909,120,0.002,POST
270.816,403.4,0.731521,125,0.002,POST
270.916,364.6,0.731548,127,0.001,POST
271.016,413.3,0.731589,131,0.003,POST
271.116,376.8,0.731696,126,0.002,POST
271.220,394.5,0.731661,127,0.002,POST
271.316,359.1,0.731669,129,0.003,POST
271.416,363.6,0.731564,125,0.003,POST
271.516,423.5,0.731242,128,0.002,POST
271.616,392.4,0.73097,128,0.002,POST
271.716,366.9,0.730577,131,0.001,POST
271.848,389.7,0.730474,130,0.001,POST
271.948,376.5,0.730795,125,0.001,POST
272.080,366.9,0.730917,127,0.002,POST
272.180,355.7,0.731297,123,0.001,POST
272.252,355.9,0.731566,125,0.001,POST
272.380,348.7,0.730866,126,0.003,POST
272.480,395.6,0.731331,126,0.002,POST
272.580,335,0.731759,120,0.004,POST
272.680,322.5,0.732492,117,0.001,POST
272.780,322.7,0.733116,128,0.002,POST
272.852,325.6,0.733634,124,0.000,POST
272.980,327.3,0.733772,127,0.002,POST
273.084,323.8,0.733927,120,0.002,POST
273.216,331.2,0.734106,127,0.005,POST
273.316,329.5,0.733977,130,0.002,POST
273.416,325.5,0.733879,131,0.003,POST
273.548,332.4,0.734135,129,0.003,POST
273.680,341.8,0.73373,126,0.003,POST
273.780,351.5,0.731231,132,0.002,POST
273.880,666.2,0.731553,132,0.004,POST
273.980,348.8,0.731886,93,0.002,POST
274.052,336.6,0.732058,128,0.001,POST
274.180,319.2,0.732545,109,0.002,POST
274.280,330.5,0.733073,123,0.002,POST
274.380,315.1,0.732982,110,0.002,POST
274.480,419.6,0.733001,125,0.001,POST
274.580,313.6,0.732867,121,0.000,POST
274.680,378,0.733099,120,0.001,POST
274.780,300.2,0.733171,121,0.002,POST
274.880,332.1,0.733269,117,0.002,POST
274.980,317.9,0.732887,123,0.001,POST
275.080,309.1,0.733397,118,0.004,POST
275.180,314.9,0.73239,119,0.002,POST
275.280,301.8,0.732694,122,0.002,POST
275.384,312.5,0.73287,123,0.003,POST
275.516,321.8,0.733203,119,0.002,POST
275.616,297.7,0.733517,124,0.003,POST
275.716,303.1,0.733717,121,0.001,POST
275.820,300.5,0.733694,131,0.004,POST
275.916,324.1,0.733216,122,0.001,POST
276.016,318.4,0.732884,133,0.002,POST
276.116,332.9,0.733111,124,0.002,POST
276.216,314.6,0.73341,128,0.001,POST
276.316,296.9,0.733129,127,0.002,POST
276.416,349.9,0.732354,127,0.004,POST
276.516,350.9,0.731018,128,0.001,POST
276.616,404.6,0.731101,131,0.002,POST
276.716,377,0.73162,131,0.001,POST
276.816,345.3,0.731963,131,0.001,POST
276.916,296.3,0.732195,127,0.001,POST
277.020,291.2,0.732548,131,0.001,POST
277.116,299.8,0.732063,125,0.002,POST
277.216,308.3,0.731182,125,0.003,POST
277.348,302.2,0.730236,133,0.004,POST
277.448,322.2,0.730462,121,0.003,POST
277.552,307.6,0.731535,127,0.003,POST
277.688,320.4,0.731615,127,0.001,POST
277.784,305.4,0.731479,132,0.001,POST
277.884,288.4,0.731544,125,0.001,POST
277.984,285.3,0.731564,127,0.002,POST
278.116,294.8,0.730839,127,0.003,POST
278.248,315.8,0.730437,124,0.003,POST
278.348,298.4,0.730382,132,0.001,POST
278.448,300.8,0.731181,127,0.003,POST
278.548,288.1,0.731662,128,0.001,POST
278.648,288.9,0.731823,130,0.002,POST
278.748,2163,0.732646,131,0.003,POST
278.848,299.6,0.732997,122,0.002,POST
278.948,290,0.732764,125,0.002,POST
279.048,289.1,0.732538,127,0.002,POST
279.148,286.5,0.732424,127,0.003,POST
279.248,291.1,0.732222,126,0.003,POST
279.348,295.4,0.732076,132,0.002,POST
279.452,295.2,0.732166,132,0.002,POST
279.584,292.4,0.731874,125,0.003,POST
279.684,308.3,0.732453,133,0.002,POST
279.784,294.5,0.732859,129,0.001,POST
279.916,302.5,0.733339,135,0.003,POST
280.016,295.9,0.734086,124,0.001,POST
280.148,282.2,0.734579,125,0.001,POST
280.252,285.9,0.734838,130,0.001,POST
280.348,293.4,0.734642,135,0.002,POST
280.420,285.5,0.735011,128,0.002,POST
280.548,294.1,0.735704,132,0.003,POST
280.648,291.4,0.736569,133,0.003,POST
280.748,298.2,0.736318,134,0.002,POST
280.848,291.8,0.735875,129,0.002,POST
280.948,299.9,0.736115,133,0.001,POST
281.048,299.4,0.735429,129,0.001,POST
281.148,292.9,0.734676,131,0.003,POST
281.252,293.3,0.734131,125,0.003,POST
281.384,318.1,0.733597,127,0.002,POST
281.488,307.3,0.733011,131,0.001,POST
281.584,303.9,0.733617,126,0.002,POST
281.688,299.6,0.733267,125,0.002,POST
281.784,301.7,0.73396,128,0.003,POST
281.884,307.3,0.734421,129,0.001,POST
281.984,302.8,0.734517,129,0.004,POST
282.084,303.8,0.734678,124,0.002,POST
282.184,305.4,0.734868,133,0.002,POST
282.284,297.4,0.735031,125,0.004,POST
282.388,306.1,0.735433,135,0.001,POST
282.488,297.6,0.736583,125,0.003,POST
282.584,295.1,0.738157,126,0.003,POST
282.684,295.2,0.73999,125,0.003,POST
282.816,313,0.741617,123,0.002,POST
282.948,304.1,0.742344,131,0.002,POST
283.020,299.9,0.741239,127,0.003,POST
283.148,304.8,0.740445,130,0.003,POST
283.252,308.2,0.73943,127,0.003,POST
283.384,303.5,0.738731,133,0.004,POST
283.484,314.5,0.738153,128,0.001,POST
283.584,300.7,0.737463,138,0.002,POST
283.684,316.1,0.736567,129,0.001,POST
283.784,319,0.736943,133,0.005,POST
283.884,327.7,0.738886,133,0.002,POST
284.016,318.7,0.738886,130,0.001,POST
284.152,299.7,0.738886,134,0.002,POST
284.284,305.2,0.738886,128,0.002,POST
284.384,302.2,0.738886,134,0.003,POST
284.484,309.2,0.738886,127,0.002,POST
284.584,303.8,0.738886,131,0.001,POST
284.684,307.8,0.738886,126,0.003,POST
284.784,350.1,0.71566,124,0.001,POST
284.884,635.6,0.727587,130,0.002,POST
284.984,382.3,0.722004,96,0.002,POST
285.084,512,0.721559,124,0.001,POST
285.216,491,0.721989,102,0.001,POST
285.348,418.1,0.721856,124,0.002,POST
285.448,425.1,0.722383,100,0.003,POST
285.548,435.5,0.722687,128,0.001,POST
285.648,448.7,0.726007,108,0.001,POST
285.748,439.8,0.727077,123,0.002,POST
285.848,497.4,0.727166,110,0.001,POST
285.948,441.9,0.727688,128,0.001,POST
286.048,413.7,0.728021,102,0.002,POST
286.152,427.1,0.727302,127,0.003,POST
286.284,662.3,0.727757,120,0.003,POST
286.416,569.7,0.729371,129,0.001,POST
286.548,510.3,0.731677,125,0.002,POST
286.648,434,0.733303,123,0.001,POST
286.752,513,0.732488,126,0.003,POST
286.884,513.8,0.732746,125,0.001,POST
286.984,436.7,0.732351,120,0.018,POST
287.088,1057,0.731187,74,0.248,POST
287.220,661.2,0.729621,56,0.296,POST
287.348,1832,0.765117,66,0.333,POST
287.448,1195,0.835676,59,0.437,POST
287.548,2260,1.15983,60,0.352,POST
287.648,1563,1.18426,58,0.205,POST
287.748,1972,1.07549,51,0.080,POST
287.848,1895,0.921208,80,0.039,POST
287.948,1828,0.829438,105,0.047,POST
288.048,2332,0.862915,98,0.072,POST
288.148,2346,0.846287,95,0.104,POST
288.248,2531,0.77903,80,0.113,POST
288.348,2357,0.738269,69,0.110,POST
288.424,2324,0.71825,91,0.104,POST
288.496,2234,0.711394,76,0.102,POST
288.568,2201,0.710089,69,0.056,POST
288.696,2098,0.721575,77,0.007,POST
288.768,2055,0.7283,107,0.008,POST
288.868,1902,0.731017,97,0.009,POST
288.968,1952,0.728197,119,0.007,POST
289.072,1902,0.721498,105,0.005,POST
289.208,1903,0.714172,118,0.005,POST
289.304,1898,0.712391,115,0.005,POST
289.404,1900,0.710321,116,0.004,POST
289.504,1904,0.707886,124,0.002,POST
289.608,1909,0.706463,111,0.003,POST
289.704,1905,0.706503,130,0.003,POST
289.812,1905,0.706964,116,0.004,POST
289.912,1907,0.70821,129,0.003,POST
290.016,1903,0.709072,129,0.001,POST
290.112,1899,0.706829,125,0.004,POST
290.244,1921,0.70436,120,0.003,POST
290.376,1901,0.700775,136,0.004,POST
290.476,1898,0.700343,125,0.004,POST
290.580,1898,0.702169,125,0.004,POST
290.716,1898,0.701819,132,0.001,POST
290.816,1898,0.702838,126,0.004,POST
290.912,1899,0.701726,130,0.004,POST
291.044,1903,0.702649,130,0.005,POST
291.176,1905,0.703108,134,0.001,POST
291.276,1902,0.702287,129,0.004,POST
291.376,1900,0.699716,126,0.007,POST
291.476,1905,0.694774,132,0.006,POST
291.576,1904,0.694597,127,0.003,POST
291.676,1902,0.697326,127,0.004,POST
291.776,1905,0.697754,127,0.005,POST
291.884,1903,0.697622,130,0.006,POST
291.984,1908,0.695236,129,0.008,POST
292.084,1909,0.693064,126,0.006,POST
292.184,1907,0.692833,123,0.004,POST
292.284,1906,0.694956,129,0.007,POST
292.384,1908,0.693071,122,0.006,POST
292.484,1908,0.692563,131,0.007,POST
292.584,1909,0.691523,124,0.005,POST
292.688,1911,0.689036,134,0.010,POST
292.792,1910,0.68557,131,0.007,POST
292.888,1902,0.684294,126,0.005,POST
292.988,1906,0.68413,125,0.005,POST
293.088,1907,0.683043,133,0.009,POST
293.188,1906,0.67953,116,0.010,POST
293.288,1910,0.675464,131,0.005,POST
293.392,1902,0.676356,127,0.008,POST
293.488,1903,0.676148,132,0.008,POST
293.588,1904,0.676004,122,0.005,POST
293.688,1900,0.677588,132,0.004,POST
293.824,1900,0.678664,125,0.004,POST
293.952,1900,0.676557,131,0.004,POST
294.052,1901,0.674022,122,0.007,POST
294.152,1903,0.671233,134,0.007,POST
294.252,1904,0.667095,125,0.008,POST
294.352,1901,0.665551,127,0.006,POST
294.452,1913,0.663881,123,0.005,POST
294.524,1912,0.665074,124,0.008,POST
294.624,1911,0.664093,129,0.003,POST
294.728,1909,0.663764,121,0.006,POST
294.828,1902,0.661659,125,0.006,POST
294.928,1906,0.660316,127,0.007,POST
295.028,1902,0.661665,131,0.006,POST
295.128,1904,0.663625,129,0.005,POST
295.228,1905,0.662268,132,0.004,POST
295.328,1898,0.662195,128,0.002,POST
295.432,1893,0.663872,132,0.001,POST
295.564,1894,0.663902,128,0.002,POST
295.664,1899,0.665907,126,0.006,POST
295.764,1907,0.66996,127,0.002,POST
295.840,1901,0.67114,126,0.002,POST
295.940,1909,0.672416,124,0.004,POST
296.040,1919,0.671977,123,0.001,POST
296.144,1910,0.675215,126,0.005,POST
296.244,1907,0.678459,129,0.003,POST
296.340,1906,0.681201,121,0.007,POST
296.440,1907,0.685462,133,0.006,POST
296.540,1905,0.690524,121,0.007,POST
296.620,1908,0.689888,129,0.006,POST
296.696,1908,0.687683,127,0.008,POST
296.792,1910,0.686462,130,0.003,POST
296.892,1908,0.687117,127,0.007,POST
296.992,1908,0.689059,121,0.007,POST
297.092,1910,0.689496,128,0.003,POST
297.192,1911,0.687867,130,0.003,POST
297.292,1912,0.688068,130,0.005,POST
297.392,1916,0.690164,131,0.004,POST
297.524,1920,0.688913,129,0.004,POST
297.656,1921,0.683835,125,0.003,POST
297.756,1911,0.683153,129,0.004,POST
297.856,1910,0.682839,132,0.002,POST
297.928,1910,0.684541,127,0.007,POST
298.028,1915,0.687488,130,0.002,POST
298.132,1908,0.68724,130,0.002,POST
298.232,1908,0.688067,130,0.004,POST
298.336,1909,0.690657,131,0.004,POST
298.464,1901,0.692492,127,0.005,POST
298.600,1903,0.692038,123,0.001,POST
298.700,1897,0.692262,134,0.003,POST
298.832,1903,0.69157,124,0.006,POST
298.932,1903,0.69157,132,0.001,POST
299.064,1897,0.69157,127,0.001,POST
299.196,1893,0.69157,128,0.001,POST
299.296,1891,0.69157,123,0.001,POST
299.396,1892,0.69157,130,0.003,POST
299.468,1891,0.69157,126,0.005,POST
299.568,1893,0.69157,129,0.003,POST
299.696,1896,0.69157,123,0.002,POST
299.800,1896,0.69157,134,0.002,POST
299.932,1897,0.69157,124,0.003,POST
300.032,1891,0.69157,126,0.002,POST
300.132,1890,0.69157,120,0.001,POST
300.232,1892,0.69157,131,0.003,POST
300.332,1893,0.69157,120,0.002,POST
300.404,1890,0.69157,125,0.003,POST
300.532,1891,0.69157,127,0.003,POST
300.636,1890,0.69157,123,0.003,POST
300.772,1891,0.69157,125,0.004,POST
300.900,1899,0.69157,134,0.003,POST
301.032,1895,0.69157,126,0.002,POST
301.132,1891,0.69157,128,0.004,POST
301.232,1893,0.69157,124,0.003,POST
301.332,1895,0.69157,132,0.005,POST
301.432,1895,0.69157,128,0.002,POST
301.532,1891,0.69157,132,0.002,POST
301.632,1895,0.69157,135,0.004,POST
301.732,1896,0.69157,122,0.003,POST
301.836,1895,0.69157,130,0.002,POST
301.968,1894,0.69157,123,0.005,POST
302.068,1898,0.69157,135,0.005,POST
302.168,1911,0.69157,128,0.003,POST
302.268,1900,0.69157,128,0.002,POST
302.368,1898,0.69157,129,0.005,POST
302.500,1899,0.69157,127,0.005,POST
302.632,1910,0.69157,132,0.003,POST
302.732,1904,0.69157,128,0.001,POST
302.832,1905,0.69157,126,0.003,POST
302.932,1906,0.69157,123,0.005,POST
303.032,1903,0.69157,130,0.001,POST
303.132,1902,0.69157,126,0.002,POST
303.204,1901,0.69157,125,0.003,POST
303.332,1900,0.69157,125,0.002,POST
303.432,1900,0.69157,122,0.003,POST
303.536,1902,0.69157,131,0.001,POST
303.668,1900,0.69157,123,0.003,POST
303.772,1905,0.69157,129,0.001,POST
303.868,1899,0.69157,121,0.005,POST
303.968,1892,0.69157,128,0.002,POST
304.068,1894,0.69157,132,0.004,POST
304.168,1894,0.69157,133,0.002,POST
304.268,1896,0.69157,127,0.002,POST
304.400,1896,0.69157,132,0.004,POST
304.532,1902,0.69157,124,0.003,POST
304.632,1894,0.69157,129,0.003,POST
304.732,1894,0.69157,130,0.002,POST
304.804,1894,0.69157,126,0.003,POST
304.904,1892,0.69157,131,0.003,POST
305.004,1894,0.69157,125,0.005,POST
305.108,1897,0.69157,130,0.003,POST
305.204,1892,0.69157,127,0.001,POST
305.304,1892,0.69157,131,0.003,POST
305.408,1895,0.69157,123,0.001,POST
305.504,1894,0.69157,134,0.001,POST
305.636,1895,0.69157,127,0.002,POST
305.768,1894,0.69157,127,0.004,POST
305.840,1890,0.69157,129,0.001,POST
305.968,1891,0.69157,127,0.003,POST
306.040,1891,0.69157,127,0.003,POST
306.168,1900,0.69157,127,0.002,POST
306.268,1890,0.69157,127,0.001,POST
306.368,1889,0.69157,136,0.002,POST
306.468,1890,0.69157,131,0.004,POST
306.568,1890,0.69157,133,0.003,POST
306.672,1889,0.69157,125,0.003,POST
306.804,1893,0.69157,135,0.003,POST
306.904,1893,0.69157,128,0.003,POST
307.004,1898,0.69157,130,0.004,POST
307.104,1897,0.69157,128,0.001,POST
307.204,1894,0.69157,126,0.005,POST
307.308,1892,0.69157,132,0.003,POST
307.404,1893,0.69157,126,0.001,POST
307.504,1890,0.69157,129,0.002,POST
307.604,1893,0.69157,125,0.002,POST
307.704,1893,0.69157,132,0.002,POST
307.804,1894,0.69157,124,0.004,POST
307.904,1893,0.69157,136,0.004,POST
308.012,1896,0.69157,128,0.004,POST
308.116,1894,0.69157,133,0.007,POST
308.212,1895,0.69157,127,0.005,POST
308.320,1895,0.69157,136,0.002,POST
308.420,1894,0.69157,132,0.005,POST
308.520,1896,0.69157,136,0.002,POST
308.620,1893,0.69157,134,0.002,POST
308.720,1895,0.69157,137,0.004,POST
308.792,1895,0.69157,132,0.003,POST
308.924,1894,0.69157,127,0.003,POST
309.024,1895,0.69157,131,0.002,POST
309.136,1894,0.69157,130,0.004,POST
309.236,1892,0.69157,129,0.003,POST
309.316,1891,0.69157,130,0.002,POST
309.416,1896,0.69157,131,0.003,POST
309.516,1895,0.69157,132,0.001,POST
309.620,1897,0.69157,137,0.002,POST
309.716,1894,0.69157,130,0.003,POST
309.824,1894,0.69157,138,0.002,POST
309.924,1893,0.69157,134,0.003,POST
310.024,1892,0.69157,137,0.004,POST
310.128,1902,0.69157,135,0.002,POST
310.224,1893,0.69157,129,0.001,POST
310.332,1897,0.69157,129,0.003,POST
310.404,1897,0.69157,123,0.004,POST
310.532,1896,0.69157,127,0.003,POST
310.616,1895,0.69157,139,0.002,POST
310.720,1895,0.69157,124,0.000,POST
310.820,1893,0.69157,130,0.004,POST
310.920,1895,0.69157,134,0.001,POST
311.020,1897,0.69157,131,0.004,POST
311.120,1897,0.69157,134,0.004,POST
311.220,1895,0.69157,125,0.003,POST
311.320,1895,0.69157,129,0.003,POST
311.420,1897,0.69157,125,0.001,POST
311.492,1896,0.69157,125,0.003,POST
311.592,1897,0.69157,124,0.005,POST
311.676,1900,0.69157,126,0.002,POST
311.776,1901,0.69157,124,0.002,POST
311.884,1901,0.69157,126,0.004,POST
311.984,1891,0.69157,128,0.002,POST
312.056,1887,0.69157,131,0.002,POST
312.156,1887,0.69157,127,0.003,POST
312.228,1888,0.69157,124,0.004,POST
312.360,1889,0.69157,130,0.005,POST
312.460,1892,0.69157,127,0.002,POST
312.560,1890,0.69157,129,0.002,POST
312.660,1889,0.69157,130,0.003,POST
312.760,1892,0.69157,131,0.002,POST
312.892,1894,0.69157,136,0.003,POST
312.996,1888,0.69157,130,0.003,POST
313.104,1890,0.69157,134,0.004,POST
313.176,1889,0.69157,132,0.002,POST
313.276,1891,0.69157,134,0.002,POST
313.376,1888,0.69157,132,0.002,POST
313.480,1891,0.69157,129,0.003,POST
313.588,1896,0.69157,126,0.005,POST
313.688,1898,0.69157,130,0.003,POST
313.788,1882,0.69157,125,0.002,POST
313.892,1879,0.69157,130,0.003,POST
313.976,1866,0.69157,125,0.002,POST
314.076,1867,0.69157,128,0.003,POST
314.188,1869,0.69157,127,0.003,POST
314.284,1867,0.69157,131,0.003,POST
314.388,1867,0.69157,129,0.002,POST
314.488,1868,0.69157,125,0.003,POST
314.620,1873,0.69157,135,0.002,POST
314.720,1868,0.69157,131,0.002,POST
314.820,1866,0.69157,136,0.004,POST
314.920,1872,0.69157,131,0.002,POST
315.024,1877,0.69157,130,0.004,POST
315.156,1880,0.69157,129,0.002,POST
315.288,1878,0.69157,129,0.001,POST
315.388,1876,0.69157,133,0.003,POST
315.488,1870,0.69157,130,0.001,POST
315.588,1869,0.69157,131,0.004,POST
315.692,1870,0.69157,128,0.003,POST
315.792,1868,0.69157,130,0.001,POST
315.892,1873,0.69157,128,0.002,POST
315.964,1872,0.69157,125,0.005,POST
316.064,1873,0.69157,129,0.001,POST
316.192,1869,0.69157,131,0.005,POST
316.292,1872,0.69157,133,0.004,POST
316.392,1871,0.69157,131,0.003,POST
316.492,1873,0.69157,135,0.004,POST
316.592,1873,0.69157,128,0.001,POST
316.664,1870,0.69157,133,0.002,POST
316.768,1874,0.69157,127,0.002,POST
316.864,1873,0.69157,138,0.003,POST
316.964,1872,0.69157,131,0.003,POST
317.064,1871,0.69157,134,0.003,POST
317.164,1873,0.69157,127,0.004,POST
317.264,1876,0.69157,133,0.003,POST
317.364,1871,0.69157,135,0.002,POST
317.500,1872,0.69157,129,0.003,POST
317.632,1871,0.69157,130,0.003,POST
317.732,1873,0.69157,133,0.003,POST
317.832,1870,0.69157,131,0.004,POST
317.932,1869,0.69157,131,0.003,POST
318.032,1871,0.69157,126,0.001,POST
318.132,1873,0.69157,128,0.002,POST
318.232,1873,0.69157,130,0.002,POST
318.332,1870,0.69157,133,0.002,POST
318.436,1873,0.69157,132,0.003,POST
318.532,1870,0.69157,132,0.004,POST
318.636,1872,0.69157,128,0.002,POST
318.732,1874,0.69157,133,0.003,POST
318.832,1872,0.69157,133,0.001,POST
318.912,1871,0.69157,132,0.002,POST
318.984,1870,0.69157,126,0.003,POST
319.088,1875,0.69157,129,0.004,POST
319.188,1874,0.69157,131,0.002,POST
319.316,1873,0.69157,137,0.003,POST
319.420,1877,0.69157,128,0.002,POST
319.552,1881,0.69157,134,0.006,POST
319.636,1872,0.69157,129,0.003,POST
319.712,1872,0.69157,139,0.002,POST
319.816,1873,0.69157,129,0.003,POST
319.912,1873,0.69157,134,0.003,POST
320.044,1874,0.69157,131,0.004,POST
320.144,1872,0.69157,131,0.002,POST
320.244,1872,0.69157,132,0.001,POST
320.348,1872,0.69157,136,0.003,POST
320.444,1872,0.69157,133,0.003,POST
