t,cost,bas,track,vel,phase
10.596,4443,0.003517,124,0.002,GROUND
10.700,219.6,0.003186,90,0.002,GROUND
10.828,238.9,0.006132,119,0.002,GROUND
10.960,202.6,0.00425,120,0.001,GROUND
11.064,189.5,0.005498,129,0.002,GROUND
11.196,516.8,0.007384,119,0.001,GROUND
11.300,176.1,0.013081,122,0.004,GROUND
11.396,189.6,0.019979,126,0.003,GROUND
11.496,214.3,0.02973,127,0.002,GROUND
11.596,145.8,0.03941,125,0.002,GROUND
11.696,1358,0.040573,118,0.002,GROUND
11.828,199.5,0.048776,117,0.002,GROUND
11.960,1130,0.058389,125,0.002,GROUND
12.060,387.5,0.06047,100,0.001,GROUND
12.160,197.7,0.062885,129,0.002,GROUND
12.260,718.5,0.064786,127,0.001,GROUND
12.360,570.3,0.067635,127,0.002,GROUND
12.460,618.9,0.078292,118,0.001,GROUND
12.560,382.1,0.081845,123,0.002,GROUND
12.660,402.1,0.088132,129,0.001,GROUND
12.760,210.5,0.091123,129,0.001,GROUND
12.860,2764,0.093591,128,0.003,GROUND
12.960,415.5,0.097867,86,0.003,GROUND
13.060,4939,0.104036,120,0.002,GROUND
13.160,772.8,0.110743,126,0.002,GROUND
13.260,2.595e+04,0.118422,125,0.002,GROUND
13.360,594.8,0.131659,129,0.001,GROUND
13.460,220.3,0.138973,130,0.004,GROUND
13.564,1649,0.145337,125,0.001,GROUND
13.696,2041,0.153364,127,0.003,GROUND
13.796,496.5,0.162451,127,0.003,GROUND
13.896,1.8e+04,0.166845,126,0.002,GROUND
13.996,496.4,0.172937,106,0.001,GROUND
14.096,443.2,0.176096,105,0.002,GROUND
14.196,689.8,0.182579,126,0.000,GROUND
14.296,626.9,0.189709,131,0.001,GROUND
14.400,426.5,0.194837,124,0.003,GROUND
14.500,474.5,0.200809,126,0.001,GROUND
14.596,503.4,0.205035,131,0.002,GROUND
14.696,888.9,0.20847,129,0.001,GROUND
14.796,280.3,0.210066,124,0.002,GROUND
14.896,471.9,0.210877,125,0.002,GROUND
14.996,1819,0.210699,131,0.003,GROUND
15.096,2115,0.220006,96,0.004,GROUND
15.196,4425,0.247208,123,0.001,GROUND
15.296,3.4e+04,0.281256,127,0.001,GROUND
15.396,217.5,0.295098,124,0.002,GROUND
15.496,782.7,0.30383,125,0.002,GROUND
15.596,698.5,0.30498,126,0.002,GROUND
15.696,1523,0.303047,120,0.004,GROUND
15.796,965.6,0.300399,130,0.002,GROUND
15.928,699.3,0.293445,123,0.001,GROUND
16.060,5419,0.297945,112,0.003,GROUND
16.132,812.1,0.298532,129,0.002,GROUND
16.232,636.5,0.298469,124,0.001,GROUND
16.360,446.5,0.296104,126,0.002,GROUND
16.460,616.6,0.295654,119,0.002,GROUND
16.564,456.1,0.295288,127,0.005,GROUND
16.696,842.7,0.303087,125,0.002,GROUND
16.796,616,0.302788,126,0.004,GROUND
16.896,1389,0.301793,126,0.001,GROUND
17.000,649.7,0.303025,123,0.003,GROUND
17.096,521.2,0.304056,122,0.002,GROUND
17.196,403.7,0.307415,122,0.001,GROUND
17.328,452.1,0.310426,123,0.002,GROUND
17.400,332.4,0.311361,129,0.002,GROUND
17.528,539.3,0.314263,126,0.003,GROUND
17.628,1230,0.319903,129,0.001,GROUND
17.728,233.4,0.321163,124,0.001,GROUND
17.828,220,0.323436,127,0.001,GROUND
17.928,353.6,0.32657,125,0.001,GROUND
18.028,224.2,0.33146,124,0.002,GROUND
18.128,326.7,0.33617,126,0.000,GROUND
18.232,407.8,0.344612,130,0.002,GROUND
18.364,158.7,0.352854,128,0.003,GROUND
18.464,408.3,0.36652,121,0.002,GROUND
18.564,302.4,0.377494,123,0.002,GROUND
18.664,327.1,0.380517,125,0.002,GROUND
18.796,287.3,0.383328,122,0.002,GROUND
18.932,242.7,0.384887,126,0.002,GROUND
19.064,443.3,0.392105,120,0.004,GROUND
19.196,868.6,0.402514,129,0.002,GROUND
19.328,651.5,0.403009,128,0.002,GROUND
19.428,413.8,0.402266,126,0.001,GROUND
19.528,309.5,0.402622,120,0.003,GROUND
19.600,513.5,0.398607,133,0.002,GROUND
19.728,300.5,0.385977,118,0.002,GROUND
19.828,274.4,0.376189,131,0.001,GROUND
19.928,697.3,0.379107,127,0.003,GROUND
20.028,524.5,0.379198,124,0.001,GROUND
20.128,680.6,0.374055,132,0.001,GROUND
20.228,241.8,0.372204,123,0.002,GROUND
20.328,261.1,0.369532,126,0.002,GROUND
20.428,793.5,0.360203,130,0.003,GROUND
20.508,547.2,0.34451,121,0.001,GROUND
20.612,259.1,0.325746,131,0.002,GROUND
20.740,632.4,0.309067,124,0.001,GROUND
20.848,200.4,0.288665,131,0.001,GROUND
20.920,209.3,0.271724,127,0.003,GROUND
21.020,287,0.233094,128,0.002,GROUND
21.120,225.3,0.18003,131,0.001,GROUND
21.200,193.9,0.12472,132,0.001,GROUND
21.304,252.2,0.108531,129,0.002,GROUND
21.420,271.8,0.118804,126,0.001,GROUND
21.492,205.2,0.134562,132,0.002,GROUND
21.608,219,0.145253,130,0.003,GROUND
21.720,404,0.153685,131,0.001,GROUND
21.820,252.8,0.154352,123,0.003,GROUND
21.920,320.6,0.158009,122,0.001,GROUND
21.996,163.6,0.161217,130,0.001,GROUND
22.092,212.6,0.164531,129,0.002,GROUND
22.204,224.9,0.167255,132,0.003,GROUND
22.292,269.3,0.166649,130,0.001,GROUND
22.400,245.5,0.170524,129,0.001,GROUND
22.496,266.9,0.175648,128,0.003,GROUND
22.600,369.7,0.176698,129,0.003,GROUND
22.696,259.5,0.175597,128,0.002,GROUND
22.800,209.6,0.174735,132,0.003,GROUND
22.900,222.4,0.174593,127,0.001,GROUND
23.004,271.3,0.174384,127,0.003,GROUND
23.100,1.198e+04,0.191668,127,0.003,GROUND
23.200,193.1,0.18535,122,0.001,GROUND
23.316,232.4,0.179835,121,0.002,GROUND
23.400,258.6,0.181392,128,0.001,GROUND
23.504,257.3,0.176917,128,0.001,GROUND
23.600,249,0.17587,127,0.002,GROUND
23.700,275.7,0.17801,126,0.000,GROUND
23.800,195.4,0.177202,130,0.001,GROUND
23.912,236.7,0.177885,134,0.003,GROUND
24.000,186.1,0.180655,122,0.004,GROUND
24.104,304.9,0.178909,122,0.000,GROUND
24.200,234.7,0.179833,130,0.002,GROUND
24.308,245.4,0.181853,130,0.002,GROUND
24.400,216.3,0.181782,129,0.001,GROUND
24.500,255.3,0.178141,134,0.002,GROUND
24.604,178,0.176738,127,0.002,GROUND
24.700,254.2,0.160379,127,0.002,GROUND
24.800,194.2,0.146129,119,0.002,GROUND
24.912,177.5,0.143445,126,0.001,GROUND
25.004,219.4,0.133809,124,0.002,GROUND
25.100,197.7,0.131873,128,0.002,GROUND
25.212,5297,0.131923,129,0.002,GROUND
25.300,237.6,0.130857,101,0.001,GROUND
25.404,225.2,0.129814,126,0.003,GROUND
25.508,1845,0.130268,119,0.001,GROUND
25.600,4088,0.13131,126,0.001,GROUND
25.700,287.9,0.130922,121,0.001,GROUND
25.800,223.5,0.131265,126,0.002,GROUND
25.900,556.5,0.132054,127,0.002,GROUND
26.008,3.15e+04,0.132128,126,0.001,GROUND
26.100,196.1,0.132067,127,0.001,GROUND
26.200,216.9,0.133477,126,0.003,GROUND
26.300,269.2,0.136959,130,0.001,GROUND
26.432,272.2,0.135136,122,0.002,GROUND
26.536,213.6,0.133357,133,0.002,GROUND
26.664,292.7,0.134572,129,0.002,GROUND
26.764,284.8,0.130422,132,0.001,GROUND
26.864,268.7,0.131286,125,0.001,GROUND
26.964,317.6,0.128669,129,0.002,GROUND
27.064,350.6,0.130606,132,0.001,GROUND
27.164,3028,0.130076,128,0.001,GROUND
27.264,203.2,0.128524,125,0.002,GROUND
27.364,288.2,0.126464,134,0.002,GROUND
27.464,256.5,0.127729,136,0.002,GROUND
27.564,216.1,0.128165,126,0.001,GROUND
27.664,398.9,0.137395,127,0.002,GROUND
27.764,415.1,0.14074,99,0.004,GROUND
27.864,651,0.174725,131,0.002,GROUND
27.964,503.3,0.18715,109,0.001,GROUND
28.064,443.5,0.191659,126,0.003,GROUND
28.164,1754,0.194678,134,0.002,GROUND
28.264,1982,0.190734,132,0.002,GROUND
28.364,731,0.189527,131,0.002,GROUND
28.464,311.7,0.188275,117,0.001,GROUND
28.564,348.8,0.189243,126,0.002,GROUND
28.664,2784,0.187906,125,0.001,GROUND
28.764,255.5,0.188902,124,0.001,GROUND
28.864,246.3,0.189763,132,0.002,GROUND
28.964,309.6,0.186305,126,0.002,GROUND
29.064,228.7,0.185602,125,0.001,GROUND
29.168,250,0.184719,124,0.002,GROUND
29.264,286.6,0.182547,136,0.001,GROUND
29.364,229.4,0.182175,130,0.003,GROUND
29.464,339,0.17834,127,0.004,GROUND
29.568,293.9,0.175312,130,0.001,GROUND
29.664,2196,0.174172,125,0.004,GROUND
29.764,309,0.173205,131,0.002,GROUND
29.864,353.1,0.175025,125,0.003,GROUND
29.964,294.7,0.176122,134,0.001,GROUND
30.064,255.3,0.177494,126,0.003,GROUND
30.168,339.8,0.17601,118,0.002,GROUND
30.312,579.5,0.173672,127,0.004,GROUND
30.400,341.5,0.17727,127,0.003,GROUND
30.508,407.3,0.177304,126,0.002,GROUND
30.604,3061,0.173671,130,0.003,GROUND
30.708,359.1,0.172194,137,0.001,GROUND
30.800,239.9,0.171285,134,0.003,GROUND
30.908,322.3,0.170954,135,0.004,GROUND
31.000,276.5,0.170771,130,0.002,GROUND
31.100,259.9,0.171886,134,0.002,GROUND
31.204,344.2,0.170989,127,0.002,GROUND
31.300,494.1,0.170372,126,0.001,GROUND
31.404,391.9,0.168624,126,0.003,GROUND
31.504,639.7,0.169365,129,0.002,GROUND
31.600,324.6,0.169683,124,0.002,GROUND
31.708,251.7,0.171255,136,0.002,GROUND
31.824,391.1,0.173282,122,0.001,GROUND
31.908,1.514e+04,0.173385,120,0.008,GROUND
32.016,5731,0.184925,84,0.164,GROUND
32.108,668.5,0.217145,71,0.258,GROUND
32.244,932.9,0.26911,54,0.359,TRANSIT
32.372,843.4,0.290888,47,0.441,TRANSIT
32.472,790.7,0.295179,92,0.491,TRANSIT
32.572,557.6,0.29777,86,0.522,TRANSIT
32.672,721.2,0.272347,102,0.555,TRANSIT
32.772,604.3,0.261843,106,0.574,TRANSIT
32.872,689.3,0.247841,109,0.586,TRANSIT
32.972,617.6,0.250248,108,0.582,TRANSIT
33.072,852.3,0.251472,112,0.579,TRANSIT
33.176,684.8,0.259143,110,0.569,TRANSIT
33.272,766.2,0.25267,104,0.554,TRANSIT
33.372,676.8,0.249305,112,0.544,TRANSIT
33.472,801.4,0.243515,106,0.535,TRANSIT
33.572,712.4,0.235787,116,0.529,TRANSIT
33.672,906.4,0.273355,112,0.459,TRANSIT
33.772,776.2,0.265117,117,0.318,TRANSIT
33.872,1080,0.241507,115,0.207,TRANSIT
33.972,1223,0.218469,114,0.138,TRANSIT
34.072,876.8,0.205215,113,0.124,TRANSIT
34.144,880.8,0.214893,124,0.138,TRANSIT
34.272,820,0.21184,115,0.155,TRANSIT
34.372,835.8,0.202515,120,0.154,TRANSIT
34.472,800,0.204616,111,0.155,TRANSIT
34.572,814.2,0.210118,114,0.151,TRANSIT
34.672,805.8,0.210332,114,0.148,TRANSIT
34.772,795.7,0.210304,119,0.145,TRANSIT
34.876,795.7,0.210831,123,0.138,TRANSIT
34.972,818,0.217603,120,0.130,TRANSIT
35.072,795.1,0.215954,117,0.123,TRANSIT
35.172,809.6,0.210382,120,0.117,TRANSIT
35.272,800.4,0.210043,114,0.106,TRANSIT
35.372,800.6,0.211467,127,0.091,TRANSIT
35.472,753,0.203758,121,0.082,TRANSIT
35.572,702.8,0.205636,119,0.071,TRANSIT
35.676,709.5,0.197962,125,0.069,TRANSIT
35.772,710.4,0.196553,128,0.057,TRANSIT
35.872,709.1,0.195821,133,0.049,TRANSIT
35.972,711.7,0.193647,134,0.042,TRANSIT
36.072,713.1,0.192362,129,0.036,TRANSIT
36.172,702.9,0.191475,125,0.026,TRANSIT
36.276,700.8,0.190855,133,0.025,TRANSIT
36.376,693.7,0.190961,121,0.022,TRANSIT
36.508,693.5,0.192534,130,0.020,TRANSIT
36.608,689.7,0.194243,125,0.020,TRANSIT
36.708,690.5,0.194629,128,0.017,TRANSIT
36.812,685.3,0.196304,123,0.022,TRANSIT
36.908,686.1,0.197292,128,0.021,TRANSIT
37.012,692.6,0.196532,134,0.020,TRANSIT
37.112,689.9,0.196797,130,0.020,TRANSIT
37.208,688.4,0.197461,135,0.019,TRANSIT
37.308,686.4,0.197073,130,0.020,TRANSIT
37.408,686.9,0.197454,126,0.020,TRANSIT
37.508,685.9,0.197211,134,0.020,TRANSIT
37.608,683.1,0.198175,136,0.022,TRANSIT
37.708,683.9,0.196868,134,0.022,TRANSIT
37.840,689.7,0.197167,129,0.012,TRANSIT
37.972,689,0.198467,126,0.018,TRANSIT
38.072,689.1,0.198154,133,0.014,TRANSIT
38.172,688.3,0.197804,132,0.014,TRANSIT
38.272,688.4,0.197701,132,0.015,TRANSIT
38.372,691.1,0.196182,131,0.011,TRANSIT
38.472,687.5,0.195862,132,0.010,TRANSIT
38.572,684.4,0.195588,131,0.009,TRANSIT
38.672,686.2,0.195977,120,0.009,TRANSIT
38.776,690.9,0.196501,123,0.008,TRANSIT
38.872,693.8,0.196091,131,0.008,TRANSIT
38.972,696.4,0.196182,133,0.004,TRANSIT
39.072,700.8,0.19676,125,0.008,TRANSIT
39.172,701.2,0.196207,130,0.003,TRANSIT
39.272,701.3,0.196254,129,0.004,TRANSIT
39.372,696.3,0.196083,127,0.003,TRANSIT
39.472,694.9,0.196106,136,0.009,TRANSIT
39.572,697.2,0.194822,135,0.007,TRANSIT
39.672,698.9,0.195947,133,0.009,TRANSIT
39.744,691.7,0.19487,127,0.007,TRANSIT
39.844,692.4,0.194426,124,0.008,TRANSIT
39.972,704.8,0.194384,129,0.021,TRANSIT
40.072,699.2,0.19267,125,0.020,TRANSIT
40.176,692.9,0.192089,130,0.016,TRANSIT
40.272,691.6,0.192308,125,0.014,TRANSIT
40.372,693.5,0.192754,131,0.014,TRANSIT
40.472,695.7,0.192772,126,0.022,TRANSIT
40.572,689.5,0.190781,128,0.019,TRANSIT
40.672,702.6,0.192593,130,0.020,TRANSIT
40.772,691.6,0.189211,128,0.013,TRANSIT
40.872,688.8,0.189454,135,0.015,TRANSIT
40.972,687.8,0.189825,135,0.019,TRANSIT
41.076,689,0.19081,133,0.017,TRANSIT
41.172,690,0.191563,135,0.016,TRANSIT
41.272,694.3,0.192235,132,0.015,TRANSIT
41.372,692.3,0.190277,129,0.014,TRANSIT
41.472,695.7,0.189555,135,0.008,TRANSIT
41.572,692.7,0.18817,127,0.010,TRANSIT
41.676,695.6,0.18765,124,0.017,TRANSIT
41.772,661.6,0.187855,124,0.019,TRANSIT
41.872,664.7,0.188814,125,0.012,TRANSIT
41.972,662.7,0.18891,124,0.014,TRANSIT
42.072,667.2,0.189221,136,0.008,TRANSIT
42.172,661.6,0.189415,126,0.009,TRANSIT
42.272,660.3,0.189265,128,0.010,TRANSIT
42.372,662.8,0.189722,133,0.010,TRANSIT
42.472,668.3,0.188697,131,0.012,TRANSIT
42.572,667.5,0.188813,128,0.019,TRANSIT
42.672,665.7,0.189637,133,0.009,TRANSIT
42.772,665.7,0.189329,130,0.021,TRANSIT
42.872,671.6,0.190085,122,0.012,TRANSIT
42.944,663.1,0.188396,126,0.013,TRANSIT
43.072,663.8,0.189919,126,0.018,TRANSIT
43.172,660.7,0.189312,130,0.017,TRANSIT
43.272,663.4,0.190098,127,0.018,TRANSIT
43.372,667.8,0.189923,133,0.025,TRANSIT
43.476,662.2,0.188719,126,0.015,TRANSIT
43.572,663.8,0.188571,131,0.015,TRANSIT
43.672,663.4,0.187084,125,0.012,TRANSIT
43.772,662.7,0.186443,127,0.017,TRANSIT
43.872,668.8,0.185533,128,0.009,TRANSIT
43.976,664.1,0.187108,132,0.009,TRANSIT
44.072,664.1,0.187664,135,0.007,TRANSIT
44.172,666.1,0.188508,130,0.012,TRANSIT
44.272,666.1,0.188565,129,0.009,TRANSIT
44.376,670.1,0.188894,128,0.014,TRANSIT
44.476,673.2,0.18756,123,0.007,TRANSIT
44.572,673.1,0.189402,130,0.009,TRANSIT
44.676,673.1,0.188773,130,0.009,TRANSIT
44.812,674.7,0.188891,131,0.008,TRANSIT
44.908,671.8,0.186345,132,0.018,TRANSIT
45.008,671.5,0.18767,129,0.014,TRANSIT
45.144,677.8,0.184609,128,0.020,TRANSIT
45.272,675.6,0.185445,118,0.009,TRANSIT
45.372,669.9,0.184951,129,0.009,TRANSIT
45.444,659.1,0.184951,128,0.003,TRANSIT
45.572,656.5,0.184951,135,0.008,TRANSIT
45.672,658.7,0.184951,124,0.007,TRANSIT
45.772,664.9,0.184951,130,0.007,TRANSIT
45.876,661.7,0.184951,125,0.015,TRANSIT
45.972,658.5,0.184951,129,0.004,TRANSIT
46.072,658,0.184951,128,0.013,TRANSIT
46.172,658.1,0.184951,131,0.010,TRANSIT
46.272,661.3,0.184951,138,0.014,TRANSIT
46.376,665.2,0.184951,131,0.018,TRANSIT
46.472,662.9,0.184951,128,0.019,TRANSIT
46.572,671.3,0.184951,133,0.016,GOAL
46.676,669.2,0.184951,120,0.021,GOAL
46.772,685.6,0.184951,124,0.032,GOAL
46.872,675.1,0.184951,119,0.047,GOAL
46.972,684.2,0.184951,120,0.074,GOAL
47.072,701,0.184951,105,0.091,GOAL
47.172,573.8,0.403311,99,0.147,GOAL
47.272,2571,0.403311,68,0.194,GOAL
47.372,1480,0.40708,50,0.270,GOAL
47.472,843.3,0.316974,50,0.198,GOAL
47.572,589.7,0.336598,56,0.204,GOAL
47.672,1298,0.336598,72,0.222,GOAL
47.772,1920,0.569,97,0.186,GOAL
47.872,2003,0.64823,113,0.201,GOAL
47.972,2363,0.454484,97,0.204,GOAL
48.072,1826,0.318882,86,0.336,GOAL
48.172,2828,0.908371,100,0.571,GOAL
48.272,2751,0.891821,51,0.659,GOAL
48.372,2416,1.02019,29,0.762,GOAL
48.476,2908,1.12196,31,0.834,GOAL
48.572,1963,1.01922,33,0.861,GOAL
48.672,2001,1.02443,50,0.874,GOAL
48.772,2171,1.0041,90,0.915,GOAL
48.872,2629,1.0135,93,0.988,GOAL
48.972,3042,0.411588,85,0.516,GOAL
49.076,1968,0.51021,79,0.494,GOAL
49.172,2488,0.737538,74,0.594,GOAL
49.272,1.438e+04,1.37487,70,1.590,GOAL
49.372,2.885e+04,1.5961,46,1.728,GOAL
49.472,1.244e+04,1.60671,42,1.687,GOAL
49.572,1.012e+04,1.68183,31,1.681,GOAL
49.672,1.241e+04,1.65061,15,2.291,GOAL
49.772,1792,1.23669,13,2.757,GOAL
49.872,2209,1.30553,48,3.045,GOAL
49.972,2003,1.21427,82,3.223,GOAL
50.072,8084,0.688439,86,1.993,GOAL
50.176,3397,0.342336,73,1.274,GOAL
50.308,2219,0.288761,86,1.040,GOAL
50.408,1949,0.269634,83,0.834,GOAL
50.512,2864,0.229246,80,0.625,GOAL
50.608,1872,0.210532,89,0.451,GOAL
50.708,2149,0.183085,97,0.281,GOAL
50.808,2127,0.167314,97,0.154,GOAL
50.908,2164,0.162798,99,0.074,POST
51.040,2116,0.146132,112,0.129,POST
51.140,1790,0.139192,115,0.174,POST
51.272,2049,0.141247,119,0.223,POST
51.376,1843,0.142513,115,0.252,POST
51.508,2960,0.142855,112,0.276,POST
51.608,1883,0.149403,107,0.287,POST
51.708,2038,0.154765,110,0.294,POST
51.808,1881,0.159309,111,0.292,POST
51.908,2177,0.16723,112,0.288,POST
52.008,1915,0.166234,110,0.287,POST
52.108,1971,0.170276,116,0.280,POST
52.208,1857,0.172409,115,0.270,POST
52.308,1890,0.176121,119,0.263,POST
52.408,1803,0.175004,122,0.252,POST
52.508,1846,0.175211,122,0.243,POST
52.608,1804,0.174402,114,0.228,POST
52.708,1807,0.174277,114,0.221,POST
52.808,1886,0.174796,115,0.209,POST
52.908,1816,0.174322,121,0.200,POST
53.040,1820,0.173365,118,0.186,POST
53.172,1930,0.17064,117,0.169,POST
53.272,1824,0.170048,128,0.158,POST
53.372,1842,0.170126,125,0.144,POST
53.476,1842,0.170174,122,0.133,POST
53.608,1865,0.169281,113,0.127,POST
53.708,1774,0.169455,124,0.121,POST
53.840,1781,0.168732,125,0.116,POST
53.972,1772,0.166266,116,0.111,POST
54.072,1772,0.166134,122,0.105,POST
54.172,1750,0.165147,119,0.102,POST
54.272,1740,0.165386,130,0.097,POST
54.344,1719,0.166362,128,0.097,POST
54.472,1733,0.165886,125,0.095,POST
54.576,1729,0.165995,124,0.094,POST
54.708,1750,0.165741,128,0.078,POST
54.808,1750,0.166649,136,0.077,POST
54.908,1749,0.167643,121,0.074,POST
55.012,1762,0.167326,126,0.064,POST
55.112,1767,0.166712,123,0.062,POST
55.208,1837,0.166642,123,0.061,POST
55.308,1736,0.165488,122,0.058,POST
55.440,1749,0.165007,126,0.051,POST
55.572,1717,0.163779,122,0.048,POST
55.672,1716,0.163263,128,0.046,POST
55.772,1734,0.162927,124,0.039,POST
55.872,1729,0.162929,127,0.039,POST
55.972,1731,0.162998,125,0.036,POST
56.072,1732,0.16294,124,0.038,POST
56.172,1742,0.162505,126,0.034,POST
56.244,1747,0.162976,130,0.033,POST
56.372,1721,0.162111,127,0.032,POST
56.472,1722,0.161637,129,0.033,POST
56.572,1730,0.161155,121,0.032,POST
56.644,1736,0.160407,134,0.034,POST
56.772,1762,0.159817,117,0.026,POST
56.872,1757,0.159761,127,0.027,POST
56.972,1970,0.160823,128,0.025,POST
57.072,1778,0.160415,125,0.022,POST
57.172,1781,0.160149,129,0.022,POST
57.272,1786,0.159842,132,0.019,POST
57.372,1785,0.159641,134,0.016,POST
57.444,1790,0.159441,129,0.015,POST
57.572,1803,0.159537,132,0.014,POST
57.672,1787,0.159423,132,0.016,POST
57.772,1791,0.159457,122,0.021,POST
57.872,1789,0.159027,119,0.015,POST
57.948,1795,0.159188,135,0.012,POST
58.072,1761,0.158357,120,0.010,POST
58.172,1754,0.158245,132,0.015,POST
58.272,1757,0.157986,130,0.015,POST
58.372,1760,0.15787,129,0.018,POST
58.472,1765,0.157549,133,0.013,POST
58.572,1768,0.157199,133,0.016,POST
58.672,1778,0.156394,126,0.009,POST
58.772,1778,0.155785,131,0.009,POST
58.872,1780,0.155535,133,0.014,POST
58.972,1784,0.154782,132,0.013,POST
59.072,1792,0.153862,127,0.010,POST
59.172,1786,0.153516,128,0.012,POST
59.272,1783,0.15319,130,0.014,POST
59.372,1778,0.152855,130,0.016,POST
59.476,1785,0.152532,128,0.013,POST
59.608,1779,0.152561,124,0.019,POST
59.708,1774,0.15302,131,0.017,POST
59.808,1774,0.153542,129,0.018,POST
59.908,1772,0.153436,131,0.022,POST
60.012,1773,0.152651,128,0.019,POST
60.108,1775,0.152076,126,0.019,POST
60.208,1769,0.152019,135,0.026,POST
60.308,1775,0.151803,131,0.015,POST
60.408,1774,0.152237,129,0.028,POST
60.508,1783,0.152154,125,0.025,POST
60.608,1788,0.151974,131,0.025,POST
60.712,1799,0.151414,135,0.032,POST
60.840,1791,0.151482,123,0.035,POST
60.972,1922,0.152992,125,0.045,POST
61.072,1842,0.152377,122,0.046,POST
61.172,1831,0.152091,127,0.040,POST
61.272,1847,0.152122,126,0.039,POST
61.376,1845,0.152102,127,0.034,POST
61.508,1846,0.152095,128,0.034,POST
61.608,1846,0.152167,125,0.030,POST
61.712,1836,0.152649,133,0.025,POST
61.808,1842,0.153181,127,0.019,POST
61.908,1850,0.153297,130,0.017,POST
62.008,1851,0.153296,128,0.011,POST
62.108,1855,0.153244,124,0.004,POST
62.208,1836,0.153157,128,0.014,POST
62.308,1836,0.153153,128,0.010,POST
62.408,1833,0.153434,120,0.010,POST
62.508,1829,0.153666,128,0.020,POST
62.608,1827,0.153584,121,0.023,POST
62.744,1824,0.153639,118,0.032,POST
62.872,1827,0.153754,125,0.042,POST
62.972,1830,0.153831,126,0.049,POST
63.072,1833,0.153673,127,0.050,POST
63.172,1837,0.153552,117,0.061,POST
63.248,1841,0.153366,124,0.060,POST
63.372,1844,0.153732,124,0.063,POST
63.472,1845,0.15392,123,0.068,POST
63.572,1849,0.153732,119,0.068,POST
63.672,1848,0.153742,123,0.075,POST
63.772,1846,0.153689,134,0.073,POST
63.872,1824,0.153356,131,0.082,POST
63.972,1825,0.153203,121,0.081,POST
64.072,1827,0.153253,125,0.074,POST
64.172,1834,0.153303,126,0.075,POST
64.276,2003,0.157698,130,0.089,POST
64.408,1849,0.156584,121,0.085,POST
64.508,1844,0.156398,124,0.089,POST
64.640,1855,0.156573,123,0.081,POST
64.744,1855,0.156884,129,0.084,POST
64.872,1858,0.156791,129,0.086,POST
64.972,1866,0.156929,127,0.080,POST
65.072,1875,0.157345,128,0.074,POST
65.172,1871,0.15758,125,0.077,POST
65.272,1922,0.160031,123,0.072,POST
65.372,1906,0.159947,123,0.063,POST
65.472,1907,0.160022,124,0.062,POST
65.576,1909,0.160116,122,0.060,POST
65.708,1914,0.16011,124,0.060,POST
65.808,1921,0.159969,127,0.060,POST
65.908,1922,0.159924,132,0.058,POST
66.008,1925,0.159939,133,0.055,POST
66.108,1930,0.160181,124,0.056,POST
66.208,1934,0.160093,127,0.058,POST
66.308,1934,0.159811,121,0.061,POST
66.408,1941,0.159864,127,0.058,POST
66.508,1952,0.159903,128,0.063,POST
66.608,1959,0.159778,127,0.060,POST
66.708,1971,0.159956,125,0.056,POST
66.808,1968,0.160171,131,0.058,POST
66.912,1970,0.160069,127,0.053,POST
67.008,1977,0.160052,130,0.050,POST
67.108,1982,0.160203,128,0.054,POST
67.240,1983,0.16025,120,0.060,POST
67.372,1993,0.159836,130,0.049,POST
67.472,2091,0.161901,124,0.041,POST
67.572,1990,0.160779,122,0.030,POST
67.672,1930,0.159906,128,0.031,POST
67.772,1927,0.159843,134,0.030,POST
67.844,1930,0.15963,124,0.026,POST
67.944,1940,0.159668,124,0.026,POST
68.076,1941,0.159536,125,0.024,POST
68.208,1935,0.159507,125,0.024,POST
68.308,1922,0.15946,126,0.022,POST
68.412,1913,0.159454,124,0.019,POST
68.508,1909,0.159377,123,0.022,POST
68.608,1913,0.159456,126,0.024,POST
68.708,1908,0.159548,129,0.025,POST
68.808,1910,0.159438,129,0.030,POST
68.908,1905,0.159483,130,0.028,POST
69.008,1909,0.159511,134,0.030,POST
69.108,1913,0.159578,136,0.032,POST
69.208,1912,0.159708,132,0.038,POST
69.284,1913,0.160001,129,0.040,POST
69.408,1918,0.16017,128,0.043,POST
69.508,1918,0.160342,129,0.044,POST
69.640,1917,0.160178,130,0.042,POST
69.772,1921,0.160151,124,0.045,POST
69.872,1918,0.160024,122,0.045,POST
69.972,1915,0.160058,130,0.047,POST
70.072,1918,0.160109,128,0.047,POST
70.172,1919,0.160139,127,0.044,POST
70.272,1909,0.160083,129,0.045,POST
70.372,1911,0.159811,128,0.048,POST
70.472,1913,0.159557,132,0.051,POST
70.572,1916,0.159617,123,0.047,POST
70.672,1922,0.159991,126,0.050,POST
70.772,1923,0.160165,124,0.054,POST
70.872,1924,0.160105,132,0.056,POST
70.944,1928,0.160257,129,0.057,POST
71.072,1934,0.160436,125,0.064,POST
71.172,1927,0.160303,129,0.059,POST
71.272,1925,0.160088,125,0.060,POST
71.372,1923,0.160207,121,0.061,POST
71.472,1928,0.160248,126,0.057,POST
71.572,1933,0.160512,130,0.061,POST
71.644,1937,0.160646,132,0.062,POST
71.772,1945,0.160562,126,0.058,POST
71.872,1947,0.160946,121,0.063,POST
71.972,1947,0.160966,128,0.058,POST
72.072,1953,0.160908,126,0.053,POST
72.172,1926,0.160535,128,0.051,POST
72.272,1983,0.163491,134,0.055,POST
72.344,1889,0.162706,131,0.052,POST
72.472,1866,0.162228,125,0.048,POST
72.572,1860,0.162168,127,0.047,POST
72.672,1861,0.162065,133,0.044,POST
72.772,1871,0.161991,129,0.040,POST
72.872,1859,0.162013,129,0.041,POST
72.972,1858,0.161892,122,0.035,POST
73.044,1861,0.161861,128,0.036,POST
73.172,1866,0.16169,126,0.027,POST
73.272,1868,0.161695,127,0.021,POST
73.372,1875,0.161765,127,0.014,POST
73.472,1879,0.161806,129,0.015,POST
73.576,1878,0.16184,133,0.014,POST
73.708,1882,0.161808,121,0.015,POST
73.808,1886,0.161742,127,0.016,POST
73.912,1885,0.161744,126,0.016,POST
74.008,1887,0.161702,126,0.022,POST
74.112,1894,0.161477,128,0.027,POST
74.212,1888,0.161506,128,0.027,POST
74.308,1884,0.161496,124,0.031,POST
74.412,1885,0.161301,128,0.030,POST
74.508,1891,0.1613,132,0.033,POST
74.608,1881,0.161476,138,0.028,POST
74.708,1879,0.161278,130,0.027,POST
74.808,1881,0.161175,126,0.024,POST
74.908,1896,0.160886,129,0.029,POST
75.012,1889,0.160868,129,0.027,POST
75.140,1890,0.160728,128,0.027,POST
75.272,1887,0.160597,124,0.025,POST
75.372,1889,0.160527,130,0.017,POST
75.472,1885,0.160679,126,0.016,POST
75.572,1890,0.160711,135,0.016,POST
75.672,1888,0.160855,131,0.010,POST
75.772,1895,0.160884,131,0.013,POST
75.872,1884,0.161104,127,0.011,POST
75.972,1886,0.160918,132,0.011,POST
76.072,1888,0.160877,135,0.013,POST
76.172,1884,0.160888,132,0.022,POST
76.272,1883,0.160873,130,0.029,POST
76.344,1884,0.160944,128,0.035,POST
76.472,1885,0.160903,132,0.043,POST
76.572,1885,0.160765,131,0.048,POST
76.672,1897,0.160575,136,0.039,POST
76.772,1888,0.160815,133,0.051,POST
76.872,1889,0.160791,132,0.053,POST
76.944,1892,0.160927,129,0.059,POST
77.072,1894,0.160946,129,0.056,POST
77.172,1889,0.160799,133,0.059,POST
77.272,1889,0.160703,136,0.063,POST
77.372,1889,0.160574,125,0.064,POST
77.472,1885,0.160562,129,0.063,POST
77.576,1885,0.16043,125,0.067,POST
77.708,1890,0.160265,134,0.051,POST
77.808,1884,0.160472,130,0.058,POST
77.908,1882,0.160643,129,0.067,POST
78.008,1890,0.160421,129,0.049,POST
78.108,1884,0.16064,124,0.057,POST
78.208,1886,0.160799,128,0.068,POST
78.308,1893,0.160513,129,0.044,POST
78.408,1890,0.160653,126,0.046,POST
78.512,1890,0.160677,125,0.041,POST
78.608,1887,0.160694,124,0.047,POST
78.708,1889,0.160827,138,0.055,POST
78.812,1896,0.160694,131,0.044,POST
78.908,1893,0.160832,122,0.055,POST
79.008,1900,0.160708,127,0.044,POST
79.108,1901,0.160758,125,0.039,POST
79.208,1899,0.160915,133,0.050,POST
79.308,1905,0.160814,132,0.051,POST
79.408,1909,0.160702,138,0.043,POST
79.508,1916,0.160539,135,0.042,POST
79.608,1913,0.16072,130,0.051,POST
79.708,1914,0.16079,131,0.048,POST
79.808,1905,0.160744,135,0.040,POST
79.940,1906,0.16071,134,0.034,POST
80.072,1905,0.160742,128,0.030,POST
80.172,1905,0.160849,128,0.035,POST
80.272,1900,0.160817,133,0.041,POST
80.372,1904,0.160692,127,0.035,POST
80.472,1900,0.160686,130,0.043,POST
80.572,1902,0.160623,132,0.039,POST
80.672,1903,0.160551,127,0.031,POST
80.772,1906,0.160613,130,0.026,POST
80.844,1904,0.160789,134,0.041,POST
80.972,1914,0.160563,130,0.020,POST
81.072,1900,0.160624,135,0.023,POST
81.172,1899,0.160576,129,0.026,POST
81.272,1900,0.160511,134,0.020,POST
81.372,1898,0.160532,140,0.027,POST
81.472,1906,0.160276,133,0.009,POST
81.572,1901,0.160457,135,0.013,POST
81.672,1906,0.160437,135,0.027,POST
81.772,1902,0.160601,131,0.022,POST
81.872,1901,0.160719,134,0.023,POST
81.972,1905,0.16056,131,0.020,POST
82.072,1899,0.160591,133,0.033,POST
82.172,1905,0.160525,131,0.023,POST
82.272,1896,0.160525,131,0.036,POST
82.372,1874,0.160525,126,0.037,POST
82.472,1874,0.160525,133,0.042,POST
82.572,1871,0.160525,134,0.043,POST
82.672,1867,0.160525,127,0.044,POST
82.772,1866,0.160525,136,0.049,POST
82.876,1865,0.160525,125,0.049,POST
83.008,1862,0.160525,130,0.050,POST
83.080,1859,0.160525,140,0.059,POST
83.208,1859,0.160525,132,0.059,POST
83.312,1861,0.160525,133,0.060,POST
83.408,1854,0.160525,129,0.057,POST
83.508,1849,0.160525,127,0.061,POST
83.608,1849,0.160525,126,0.058,POST
83.708,1847,0.160525,125,0.052,POST
83.808,1843,0.160525,127,0.054,POST
83.908,1838,0.160525,127,0.048,POST
84.012,1836,0.160525,131,0.050,POST
84.140,1835,0.160525,123,0.042,POST
84.272,1835,0.160525,125,0.038,POST
84.372,1835,0.160525,136,0.041,POST
84.472,1973,0.395194,129,0.062,POST
84.572,1879,0.290141,127,0.050,POST
84.672,1877,0.176013,124,0.035,POST
84.772,1871,0.209834,126,0.039,POST
84.872,1875,0.156691,129,0.049,POST
84.972,1871,0.174024,135,0.038,POST
85.072,1876,0.238603,128,0.051,POST
85.172,1877,0.180414,123,0.037,POST
85.272,1878,0.1813,126,0.045,POST
85.344,1888,0.228071,119,0.052,POST
85.448,1888,0.185636,131,0.032,POST
85.572,1878,0.191443,128,0.036,POST
85.672,1878,0.177072,133,0.021,POST
85.772,1855,0.168645,132,0.019,POST
85.872,1854,0.177747,140,0.027,POST
85.972,1858,0.157387,132,0.013,POST
86.072,1864,0.19521,127,0.035,POST
86.144,1861,0.174173,125,0.032,POST
86.272,1866,0.185336,125,0.023,POST
86.372,1864,0.185326,127,0.027,POST
86.472,1870,0.180481,131,0.025,POST
86.572,1867,0.198886,130,0.035,POST
86.672,1870,0.206829,133,0.050,POST
86.772,1871,0.203765,124,0.041,POST
86.872,1869,0.201017,129,0.038,POST
86.972,1871,0.205595,129,0.050,POST
87.072,1875,0.187949,127,0.032,POST
87.176,1875,0.186892,125,0.038,POST
87.308,1873,0.191704,123,0.040,POST
87.412,1871,0.176375,126,0.034,POST
87.508,1870,0.172139,121,0.040,POST
87.612,1875,0.190053,128,0.037,POST
87.708,1874,0.181233,126,0.046,POST
87.808,1878,0.189705,123,0.032,POST
87.908,1876,0.180777,126,0.046,POST
88.008,1877,0.199688,121,0.029,POST
88.108,1876,0.178759,127,0.047,POST
88.212,1874,0.189323,129,0.048,POST
88.308,1871,0.187138,127,0.045,POST
88.408,1868,0.191711,125,0.051,POST
88.508,1868,0.184361,128,0.050,POST
88.612,1868,0.184185,134,0.053,POST
88.708,1866,0.185206,132,0.042,POST
88.808,1868,0.177414,130,0.052,POST
88.944,1868,0.188032,132,0.031,POST
89.072,1864,0.183885,130,0.038,POST
89.144,1865,0.187608,132,0.030,POST
89.272,1867,0.191134,136,0.033,POST
89.372,1869,0.182181,133,0.035,POST
89.444,1866,0.18468,136,0.033,POST
89.572,1871,0.185097,130,0.023,POST
89.672,1869,0.178319,130,0.028,POST
89.772,1868,0.179452,129,0.033,POST
89.872,1858,0.178779,128,0.035,POST
89.972,1860,0.188591,127,0.024,POST
90.072,1854,0.190233,126,0.023,POST
90.144,1856,0.181283,130,0.049,POST
90.272,1861,0.190567,129,0.022,POST
90.372,1854,0.195247,131,0.019,POST
90.472,1857,0.185921,131,0.033,POST
90.572,1853,0.188785,137,0.017,POST
90.676,1855,0.188346,124,0.032,POST
90.808,1851,0.185134,123,0.030,POST
90.908,1845,0.187844,122,0.026,POST
91.008,1843,0.187397,121,0.020,POST
91.108,1846,0.184982,125,0.033,POST
91.208,1843,0.182836,121,0.037,POST
91.308,1843,0.180053,124,0.043,POST
91.408,1847,0.181533,126,0.031,POST
91.508,1846,0.186179,121,0.014,POST
91.608,1849,0.186939,122,0.024,POST
91.708,1849,0.187229,123,0.021,POST
91.840,1844,0.187188,130,0.019,POST
91.972,1845,0.185891,129,0.018,POST
92.072,1848,0.183081,128,0.031,POST
92.172,1847,0.183697,130,0.024,POST
92.272,1848,0.178863,127,0.025,POST
92.372,1846,0.179742,132,0.023,POST
92.472,1852,0.179169,126,0.029,POST
92.572,1849,0.179842,124,0.011,POST
92.672,1840,0.176263,126,0.026,POST
92.772,1837,0.178403,129,0.014,POST
92.872,1836,0.181887,124,0.021,POST
92.972,1841,0.181085,125,0.017,POST
93.076,1841,0.187092,122,0.026,POST
93.208,1840,0.184572,126,0.014,POST
93.308,1841,0.187649,124,0.033,POST
93.408,1847,0.187357,125,0.013,POST
93.508,1849,0.181413,123,0.033,POST
93.608,1934,0.184611,128,0.029,POST
93.708,1827,0.184707,118,0.027,POST
93.808,1816,0.185358,128,0.029,POST
93.908,1804,0.18703,127,0.028,POST
94.012,1797,0.187553,126,0.024,POST
94.108,1797,0.18764,123,0.025,POST
94.208,1794,0.186894,127,0.026,POST
94.308,1796,0.186375,122,0.026,POST
94.408,1798,0.185771,126,0.027,POST
94.508,1798,0.185629,125,0.029,POST
94.608,1800,0.183227,125,0.027,POST
94.712,1794,0.183155,128,0.025,POST
94.808,1792,0.183642,126,0.022,POST
94.908,1794,0.184764,124,0.020,POST
95.008,1791,0.185236,120,0.021,POST
95.108,1789,0.185478,127,0.019,POST
95.208,1791,0.186445,129,0.015,POST
95.308,1799,0.184773,127,0.015,POST
95.408,1802,0.185117,125,0.015,POST
95.540,1800,0.184941,121,0.014,POST
95.640,1801,0.184588,123,0.015,POST
95.772,1800,0.183874,123,0.010,POST
95.872,1799,0.184308,127,0.009,POST
95.972,1800,0.183981,127,0.006,POST
96.072,1802,0.184763,123,0.008,POST
96.172,1806,0.181878,126,0.004,POST
96.244,1799,0.183759,127,0.014,POST
96.372,1803,0.182453,124,0.011,POST
96.472,1802,0.182066,128,0.012,POST
96.572,1803,0.181628,123,0.017,POST
96.672,1809,0.178931,128,0.012,POST
96.772,1802,0.180024,125,0.021,POST
96.872,1802,0.181384,125,0.022,POST
96.972,1799,0.181558,125,0.023,POST
97.072,1795,0.181562,127,0.027,POST
97.172,1802,0.181093,132,0.017,POST
97.272,1801,0.182081,125,0.023,POST
97.372,1823,0.1767,126,0.014,POST
97.448,1809,0.177844,125,0.026,POST
97.572,1814,0.176743,127,0.013,POST
97.676,1808,0.176354,128,0.019,POST
97.808,1806,0.176227,122,0.011,POST
97.908,1800,0.176671,122,0.013,POST
98.008,1797,0.176854,122,0.018,POST
98.112,1803,0.174393,122,0.013,POST
98.208,1803,0.174363,123,0.012,POST
98.308,1800,0.17485,128,0.022,POST
98.408,1799,0.176156,121,0.024,POST
98.508,1801,0.17663,125,0.021,POST
98.608,1808,0.172873,117,0.013,POST
98.708,1804,0.171736,122,0.020,POST
98.808,1802,0.173461,120,0.037,POST
98.912,1812,0.171262,122,0.025,POST
99.008,1814,0.17064,121,0.038,POST
99.140,1818,0.169323,125,0.035,POST
99.276,1818,0.168403,127,0.044,POST
99.408,1828,0.166304,127,0.034,POST
99.508,1827,0.16754,120,0.053,POST
99.612,1834,0.168089,130,0.063,POST
99.708,1838,0.168183,123,0.063,POST
99.808,1844,0.170914,124,0.081,POST
99.908,1850,0.170476,131,0.066,POST
100.008,1850,0.171292,126,0.079,POST
100.108,1852,0.17057,123,0.076,POST
100.208,1858,0.171365,128,0.088,POST
100.280,1869,0.170705,130,0.074,POST
100.408,1874,0.172288,124,0.081,POST
100.508,1869,0.172598,128,0.076,POST
100.612,1860,0.171094,123,0.058,POST
100.708,1858,0.172273,123,0.070,POST
100.808,1917,0.173149,125,0.069,POST
100.908,1728,0.173054,113,0.062,POST
101.008,1721,0.173362,120,0.053,POST
101.144,1720,0.173712,119,0.047,POST
101.272,1729,0.17277,126,0.037,POST
101.372,1732,0.17243,124,0.028,POST
101.472,1730,0.171363,125,0.025,POST
101.572,1732,0.171498,123,0.019,POST
101.644,1733,0.171895,124,0.021,POST
101.772,1735,0.170363,120,0.017,POST
101.872,1729,0.170388,126,0.015,POST
101.972,1729,0.171934,121,0.016,POST
102.072,1734,0.170555,123,0.014,POST
102.148,1732,0.171045,127,0.018,POST
102.272,1729,0.171182,127,0.022,POST
102.372,1727,0.171617,117,0.023,POST
102.444,1725,0.172227,127,0.025,POST
102.576,1723,0.171887,119,0.019,POST
102.712,1720,0.171721,124,0.023,POST
102.808,1720,0.171147,123,0.020,POST
102.908,1719,0.170939,123,0.020,POST
103.008,1720,0.17073,126,0.018,POST
103.108,1717,0.172078,122,0.016,POST
103.208,1716,0.171002,121,0.012,POST
103.308,1718,0.169431,125,0.021,POST
103.408,1715,0.169882,128,0.018,POST
103.508,1716,0.169013,129,0.019,POST
103.608,1717,0.170104,121,0.009,POST
103.708,1714,0.169395,125,0.012,POST
103.808,1716,0.168386,127,0.020,POST
103.908,1718,0.169004,126,0.010,POST
104.008,1712,0.168875,127,0.008,POST
104.108,1713,0.168316,123,0.010,POST
104.208,1716,0.168009,120,0.014,POST
104.308,1713,0.168328,125,0.014,POST
104.408,1712,0.168058,116,0.019,POST
104.508,1713,0.167839,122,0.021,POST
104.608,1713,0.167415,123,0.019,POST
104.708,1712,0.167887,121,0.016,POST
104.808,1711,0.167359,129,0.016,POST
104.908,1711,0.166683,126,0.017,POST
105.008,1711,0.165873,126,0.018,POST
105.108,1707,0.166639,127,0.016,POST
105.212,1712,0.166617,126,0.022,POST
105.340,1714,0.165616,125,0.016,POST
105.472,1712,0.166183,124,0.015,POST
105.572,1714,0.167948,129,0.016,POST
105.672,1717,0.167518,124,0.020,POST
105.772,1718,0.166834,123,0.004,POST
105.872,1715,0.16671,131,0.010,POST
105.972,1719,0.167392,123,0.027,POST
106.072,1723,0.165678,126,0.017,POST
106.172,1721,0.16633,126,0.015,POST
106.272,1730,0.16618,133,0.027,POST
106.372,1736,0.165948,128,0.032,POST
106.476,1731,0.165586,127,0.021,POST
106.608,1730,0.166155,130,0.024,POST
106.708,1729,0.165604,129,0.023,POST
106.808,1727,0.16662,128,0.030,POST
106.908,1736,0.165103,127,0.008,POST
107.008,1730,0.164602,128,0.016,POST
107.108,1731,0.164801,129,0.026,POST
107.208,1730,0.164204,125,0.021,POST
107.308,1731,0.164642,125,0.029,POST
107.412,1734,0.164733,129,0.034,POST
107.540,1734,0.164435,130,0.032,POST
107.672,1742,0.165278,134,0.039,POST
107.772,1736,0.165862,126,0.034,POST
107.872,1737,0.166667,134,0.032,POST
107.972,1712,0.166234,128,0.015,POST
108.076,1714,0.166723,127,0.036,POST
108.208,1719,0.16508,122,0.021,POST
108.308,1718,0.165298,124,0.031,POST
108.408,1715,0.166093,128,0.029,POST
108.508,1716,0.166673,124,0.033,POST
108.608,1717,0.166492,126,0.034,POST
108.708,1721,0.165802,129,0.039,POST
108.840,1726,0.165868,127,0.034,POST
108.972,1723,0.164978,132,0.032,POST
109.072,1724,0.164519,125,0.037,POST
109.172,1721,0.163872,130,0.038,POST
109.272,1683,0.164285,126,0.041,POST
109.372,1660,0.164538,118,0.037,POST
109.472,1653,0.164334,126,0.038,POST
109.572,1656,0.163858,122,0.037,POST
109.672,1663,0.164337,122,0.040,POST
109.744,1656,0.164438,131,0.039,POST
109.872,1658,0.164279,129,0.040,POST
109.976,1661,0.164448,118,0.039,POST
110.108,1667,0.16515,129,0.041,POST
110.208,1661,0.164233,120,0.031,POST
110.308,1645,0.164054,125,0.031,POST
110.408,1651,0.162889,129,0.027,POST
110.508,1651,0.163517,125,0.034,POST
110.608,1652,0.163692,126,0.033,POST
110.708,1655,0.163988,126,0.033,POST
110.808,1655,0.164379,121,0.033,POST
110.908,1728,0.164038,129,0.041,POST
111.012,1621,0.163213,125,0.028,POST
111.108,1604,0.163327,121,0.027,POST
111.212,1600,0.16361,123,0.030,POST
111.308,1598,0.1635,127,0.029,POST
111.408,1602,0.16293,121,0.022,POST
111.508,1618,0.163129,124,0.030,POST
111.608,1618,0.16281,121,0.025,POST
111.708,1618,0.163025,122,0.028,POST
111.808,1617,0.163083,128,0.022,POST
111.912,1616,0.163317,129,0.028,POST
112.008,1614,0.163494,126,0.025,POST
112.108,1618,0.163316,133,0.025,POST
112.208,1618,0.16323,127,0.026,POST
112.308,1622,0.163482,125,0.031,POST
112.408,1608,0.163742,126,0.034,POST
112.508,1609,0.163436,123,0.035,POST
112.608,1611,0.163496,125,0.036,POST
112.708,1619,0.163144,122,0.035,POST
112.808,1609,0.163047,121,0.038,POST
112.908,1613,0.163721,121,0.041,POST
113.008,1674,0.16224,131,0.034,POST
113.108,1598,0.161894,120,0.039,POST
113.208,1598,0.161799,124,0.039,POST
113.308,1600,0.16168,128,0.038,POST
113.412,1596,0.161738,127,0.035,POST
113.508,1602,0.161533,128,0.033,POST
113.580,1609,0.161589,123,0.038,POST
113.708,1621,0.161734,126,0.037,POST
113.808,1624,0.161372,128,0.033,POST
113.908,1625,0.161288,126,0.035,POST
113.980,1631,0.161547,128,0.036,POST
114.112,1631,0.161561,127,0.033,POST
114.208,1614,0.161881,122,0.035,POST
114.308,1610,0.162041,132,0.034,POST
114.408,1593,0.162135,123,0.033,POST
114.512,1584,0.162565,121,0.031,POST
114.608,1582,0.163093,125,0.030,POST
114.708,1570,0.163211,120,0.023,POST
114.808,1575,0.163945,123,0.029,POST
114.908,1664,0.162878,113,0.028,POST
115.008,1563,0.162883,125,0.020,POST
115.088,1560,0.162962,125,0.020,POST
115.208,1565,0.162952,125,0.021,POST
115.308,1563,0.162813,120,0.015,POST
115.408,1560,0.162728,130,0.017,POST
115.540,1565,0.162349,118,0.018,POST
115.672,1562,0.162734,114,0.020,POST
115.772,1563,0.162891,123,0.026,POST
115.844,1568,0.163035,122,0.026,POST
115.972,1571,0.162795,123,0.038,POST
116.072,1568,0.162631,122,0.043,POST
116.176,1567,0.162748,124,0.040,POST
116.308,1568,0.162408,123,0.052,POST
116.380,1566,0.162677,123,0.047,POST
116.508,1567,0.16262,119,0.052,POST
116.608,1567,0.162342,119,0.054,POST
116.708,1569,0.162225,124,0.055,POST
116.808,1565,0.162098,129,0.059,POST
116.908,1567,0.162369,126,0.056,POST
117.008,1577,0.161972,128,0.066,POST
117.108,1590,0.161764,119,0.060,POST
117.208,1600,0.161535,121,0.065,POST
117.340,1601,0.161361,121,0.067,POST
117.476,1606,0.161379,130,0.066,POST
117.612,1711,0.161068,120,0.074,POST
117.708,1639,0.161207,125,0.070,POST
117.812,1645,0.161076,126,0.074,POST
117.908,1648,0.161021,123,0.075,POST
118.008,1643,0.161074,124,0.075,POST
118.108,1641,0.16114,129,0.074,POST
118.212,1636,0.16102,122,0.074,POST
118.308,1634,0.160982,130,0.068,POST
118.440,1701,0.161063,132,0.057,POST
118.572,1652,0.161174,127,0.047,POST
118.672,1660,0.161111,126,0.050,POST
118.772,1659,0.161131,117,0.046,POST
118.872,1660,0.160977,128,0.048,POST
118.944,1660,0.160822,133,0.047,POST
119.044,1662,0.160939,126,0.042,POST
119.172,1667,0.160854,127,0.047,POST
119.272,1675,0.16118,125,0.037,POST
119.372,1674,0.161089,126,0.038,POST
119.472,1673,0.161158,128,0.039,POST
119.572,1672,0.161181,122,0.038,POST
119.672,1672,0.161333,121,0.034,POST
119.772,1618,0.161253,129,0.038,POST
119.844,1601,0.161103,120,0.039,POST
119.944,1608,0.161159,124,0.036,POST
120.016,1614,0.16123,129,0.032,POST
120.108,1617,0.161229,120,0.027,POST
120.240,1614,0.161207,124,0.023,POST
120.372,1619,0.161262,119,0.018,POST
120.444,1618,0.161329,119,0.020,POST
120.572,1623,0.161063,129,0.023,POST
120.672,1612,0.160978,125,0.028,POST
120.772,1623,0.161158,120,0.018,POST
120.844,1605,0.161356,131,0.016,POST
120.972,1600,0.161361,123,0.017,POST
121.044,1602,0.16134,128,0.014,POST
121.172,1606,0.161164,124,0.016,POST
121.272,1605,0.161308,124,0.009,POST
121.344,1603,0.161222,128,0.016,POST
121.444,1593,0.161277,120,0.012,POST
121.572,1591,0.161144,126,0.016,POST
121.672,1586,0.161139,128,0.008,POST
121.748,1591,0.161173,128,0.013,POST
121.872,1590,0.161094,125,0.017,POST
121.972,1593,0.161251,129,0.014,POST
122.072,1594,0.161156,127,0.021,POST
122.176,1593,0.161047,126,0.027,POST
122.308,1598,0.161298,129,0.019,POST
122.408,1597,0.161216,129,0.023,POST
122.508,1604,0.160991,127,0.031,POST
122.608,1614,0.161319,131,0.018,POST
122.708,1614,0.161243,129,0.017,POST
122.840,1614,0.161203,126,0.020,POST
122.972,1607,0.161113,130,0.022,POST
123.072,1607,0.160968,133,0.027,POST
123.176,1604,0.161106,130,0.021,POST
123.276,1645,0.161398,126,0.024,POST
123.408,1617,0.161272,129,0.025,POST
123.508,1594,0.161235,128,0.026,POST
123.608,1591,0.161131,130,0.020,POST
123.708,1596,0.161081,129,0.026,POST
123.808,1596,0.161093,128,0.029,POST
123.908,1597,0.161147,131,0.027,POST
124.008,1599,0.161218,134,0.024,POST
124.112,1599,0.161213,127,0.024,POST
124.240,1614,0.161439,132,0.024,POST
124.372,1615,0.161545,132,0.026,POST
124.472,1627,0.161684,131,0.024,POST
124.544,1628,0.161677,129,0.029,POST
124.672,1625,0.161706,128,0.029,POST
124.772,1625,0.161743,131,0.031,POST
124.872,1622,0.161773,129,0.032,POST
124.972,1623,0.16189,132,0.029,POST
125.072,1619,0.161694,132,0.031,POST
125.172,1620,0.16174,131,0.037,POST
125.272,1628,0.162019,133,0.034,POST
125.372,1634,0.162051,132,0.036,POST
125.476,1620,0.162131,131,0.034,POST
125.608,1628,0.162013,128,0.036,POST
125.708,1626,0.16186,130,0.033,POST
125.808,1597,0.161751,132,0.031,POST
125.908,1596,0.161776,129,0.035,POST
126.008,1597,0.161923,128,0.039,POST
126.108,1600,0.162016,129,0.040,POST
126.208,1687,0.162453,123,0.042,POST
126.308,1579,0.162182,132,0.041,POST
126.408,1588,0.161918,127,0.043,POST
126.508,1577,0.161922,126,0.050,POST
126.640,1579,0.161972,124,0.053,POST
126.744,1577,0.161882,122,0.054,POST
126.872,1577,0.161793,129,0.055,POST
126.972,1575,0.161972,125,0.054,POST
127.076,1573,0.161868,132,0.051,POST
127.212,1576,0.161843,124,0.052,POST
127.340,1576,0.161699,117,0.049,POST
127.472,1574,0.161716,123,0.046,POST
127.572,1573,0.161705,127,0.045,POST
127.672,1572,0.16182,124,0.043,POST
127.772,1576,0.161808,123,0.038,POST
127.872,1576,0.161768,132,0.041,POST
127.972,1579,0.161637,122,0.036,POST
128.072,1579,0.161681,132,0.037,POST
128.144,1582,0.161673,126,0.034,POST
128.272,1581,0.161683,127,0.030,POST
128.344,1588,0.161446,125,0.029,POST
128.472,1592,0.16129,126,0.021,POST
128.572,1594,0.161619,125,0.018,POST
128.672,1589,0.161709,131,0.018,POST
128.772,1587,0.161492,125,0.020,POST
128.872,1585,0.161662,121,0.020,POST
128.944,1583,0.161673,130,0.018,POST
129.072,1585,0.161418,121,0.020,POST
129.172,1586,0.161542,126,0.031,POST
129.272,1591,0.161458,126,0.028,POST
129.376,1592,0.161374,129,0.021,POST
129.508,1593,0.161513,124,0.026,POST
129.608,1601,0.161381,125,0.023,POST
129.708,1602,0.161376,130,0.026,POST
129.808,1599,0.161438,130,0.024,POST
129.940,1596,0.16138,132,0.019,POST
130.072,1589,0.161376,135,0.022,POST
130.172,1584,0.161291,134,0.026,POST
130.272,1583,0.161257,134,0.029,POST
130.344,1583,0.161189,130,0.025,POST
130.472,1578,0.161222,133,0.029,POST
130.572,1582,0.161319,126,0.023,POST
130.672,1580,0.161326,129,0.021,POST
130.772,1579,0.16127,128,0.027,POST
130.876,1583,0.161132,125,0.031,POST
131.008,1582,0.161044,128,0.034,POST
131.108,1581,0.161046,123,0.042,POST
131.212,1576,0.161274,126,0.040,POST
131.308,1576,0.16119,127,0.038,POST
131.408,1575,0.161224,127,0.037,POST
131.508,1575,0.161361,125,0.036,POST
131.608,1575,0.161439,124,0.037,POST
131.708,1577,0.161319,121,0.034,POST
131.780,1580,0.161243,122,0.041,POST
131.908,1582,0.161278,125,0.043,POST
132.008,1584,0.16137,122,0.053,POST
132.108,1586,0.161627,122,0.055,POST
132.208,1583,0.161661,126,0.055,POST
132.308,1578,0.161481,129,0.043,POST
132.440,1578,0.161309,121,0.042,POST
132.544,1593,0.161318,125,0.068,POST
132.672,1585,0.161055,131,0.052,POST
132.772,1582,0.161033,125,0.051,POST
132.872,1590,0.16126,125,0.062,POST
132.972,1586,0.161132,121,0.050,POST
133.072,1585,0.16107,130,0.049,POST
133.172,1584,0.16121,125,0.053,POST
133.272,1544,0.161185,122,0.050,POST
133.376,1548,0.161076,122,0.042,POST
133.508,1550,0.161101,123,0.035,POST
133.608,1560,0.161156,119,0.037,POST
133.708,1572,0.161227,119,0.036,POST
133.808,1569,0.161133,115,0.030,POST
133.908,1569,0.161243,124,0.027,POST
134.008,1573,0.161304,127,0.021,POST
134.108,1571,0.161159,126,0.018,POST
134.208,1558,0.16118,125,0.023,POST
134.308,1559,0.161251,124,0.025,POST
134.440,1569,0.161237,118,0.022,POST
134.576,1579,0.161121,116,0.021,POST
134.708,1586,0.161161,122,0.019,POST
134.808,1592,0.161382,126,0.034,POST
134.940,1593,0.161268,114,0.029,POST
135.072,1597,0.161215,124,0.027,POST
135.172,1599,0.161418,118,0.024,POST
135.272,1598,0.16137,131,0.023,POST
135.372,1596,0.161339,118,0.024,POST
135.472,1595,0.161292,129,0.023,POST
135.572,1597,0.161073,118,0.035,POST
135.672,1599,0.161347,122,0.034,POST
135.772,1609,0.161309,117,0.028,POST
135.872,1615,0.161442,121,0.028,POST
135.972,1622,0.161195,124,0.036,POST
136.072,1627,0.161347,115,0.025,POST
136.172,1619,0.161121,125,0.044,POST
136.272,1606,0.161388,119,0.035,POST
136.376,1604,0.161409,130,0.036,POST
136.508,1602,0.161203,128,0.049,POST
136.608,1602,0.161033,121,0.052,POST
136.708,1594,0.16106,125,0.051,POST
136.808,1591,0.161177,124,0.049,POST
136.940,1599,0.161074,119,0.058,POST
137.072,1609,0.161008,123,0.053,POST
137.172,1756,0.161285,122,0.064,POST
137.272,1574,0.161215,124,0.065,POST
137.344,1565,0.161234,123,0.060,POST
137.472,1555,0.161184,127,0.057,POST
137.576,1543,0.161181,122,0.054,POST
137.676,1538,0.161281,129,0.045,POST
137.808,1528,0.161195,120,0.042,POST
137.908,1524,0.161174,122,0.040,POST
138.008,1525,0.161039,123,0.046,POST
138.108,1524,0.161079,119,0.046,POST
138.208,1522,0.161147,126,0.042,POST
138.308,1522,0.161124,124,0.043,POST
138.408,1521,0.161179,125,0.038,POST
138.508,1845,0.161128,126,0.032,POST
138.608,1555,0.161021,123,0.029,POST
138.708,1557,0.161045,122,0.022,POST
138.808,1558,0.160955,121,0.021,POST
138.908,1560,0.160979,125,0.023,POST
139.008,1554,0.160938,126,0.020,POST
139.108,1548,0.16094,130,0.020,POST
139.208,1547,0.160902,128,0.019,POST
139.308,1544,0.160875,120,0.018,POST
139.408,1548,0.16084,123,0.015,POST
139.508,1550,0.160973,129,0.018,POST
139.608,1556,0.161093,117,0.023,POST
139.712,1549,0.160876,123,0.017,POST
139.808,1547,0.160874,117,0.022,POST
139.908,1548,0.160855,122,0.027,POST
140.040,1577,0.160886,123,0.041,POST
140.172,1561,0.160815,124,0.036,POST
140.272,1545,0.160757,128,0.037,POST
140.372,1528,0.160756,123,0.041,POST
140.472,1532,0.160685,132,0.042,POST
140.572,1536,0.160735,130,0.044,POST
140.644,1537,0.160782,130,0.043,POST
140.772,1538,0.160884,130,0.044,POST
140.876,1532,0.160901,128,0.040,POST
141.008,1533,0.160863,127,0.032,POST
141.108,1530,0.16089,126,0.032,POST
141.208,1531,0.160836,123,0.032,POST
141.308,1534,0.160905,131,0.038,POST
141.408,1534,0.160866,125,0.040,POST
141.512,1534,0.160646,131,0.032,POST
141.640,1532,0.160636,127,0.037,POST
141.772,1535,0.160671,127,0.041,POST
141.872,1548,0.16041,124,0.030,POST
141.972,1543,0.16049,128,0.039,POST
142.072,1642,0.160773,122,0.033,POST
142.172,1542,0.160719,128,0.027,POST
142.276,1537,0.160657,115,0.023,POST
142.408,1536,0.16073,118,0.029,POST
142.508,1537,0.160663,129,0.026,POST
142.612,1536,0.160632,122,0.022,POST
142.712,1548,0.160594,129,0.017,POST
142.812,1556,0.16066,126,0.021,POST
142.908,1567,0.160717,124,0.025,POST
143.008,1563,0.16065,125,0.024,POST
143.108,1578,0.160728,127,0.030,POST
143.208,1571,0.160633,131,0.029,POST
143.308,1569,0.160611,129,0.029,POST
143.408,1561,0.160582,129,0.027,POST
143.508,1553,0.16062,126,0.031,POST
143.608,1552,0.160717,124,0.035,POST
143.708,1546,0.160747,123,0.037,POST
143.808,1541,0.160727,124,0.036,POST
143.908,1551,0.160589,117,0.043,POST
144.008,1546,0.160743,125,0.040,POST
144.108,1543,0.160691,120,0.036,POST
144.208,1550,0.160625,116,0.034,POST
144.308,1554,0.160669,120,0.040,POST
144.408,1553,0.16057,125,0.041,POST
144.508,1558,0.160705,123,0.044,POST
144.608,1559,0.160728,115,0.046,POST
144.740,1559,0.160786,114,0.046,POST
144.840,1562,0.160773,126,0.040,POST
144.972,1570,0.160814,121,0.043,POST
145.072,1646,0.161151,125,0.042,POST
145.172,1601,0.161097,120,0.040,POST
145.272,1612,0.161069,113,0.040,POST
145.376,1622,0.16103,118,0.035,POST
145.508,1634,0.160984,113,0.031,POST
145.640,1645,0.161042,116,0.026,POST
145.772,1653,0.161083,120,0.025,POST
145.872,1658,0.161134,125,0.022,POST
145.976,1663,0.161023,125,0.024,POST
146.108,1659,0.161157,120,0.019,POST
146.208,1661,0.161161,129,0.018,POST
146.308,1678,0.161156,115,0.022,POST
146.408,1685,0.161115,123,0.013,POST
146.540,1689,0.161173,121,0.015,POST
146.672,1697,0.161157,121,0.014,POST
146.772,1689,0.1612,124,0.023,POST
146.852,1674,0.161313,121,0.020,POST
146.944,1676,0.161337,125,0.020,POST
147.072,1688,0.161252,115,0.026,POST
147.144,1699,0.16114,121,0.028,POST
147.272,1696,0.161305,122,0.024,POST
147.372,1677,0.161205,119,0.029,POST
147.472,1662,0.161212,121,0.030,POST
147.576,1654,0.161166,120,0.033,POST
147.712,1650,0.161235,125,0.034,POST
147.808,1655,0.16135,122,0.031,POST
147.908,1660,0.1612,128,0.041,POST
148.008,1651,0.161196,119,0.039,POST
148.112,1651,0.161113,126,0.043,POST
148.240,1658,0.161107,122,0.045,POST
148.372,1658,0.161092,119,0.045,POST
148.472,1654,0.161084,117,0.042,POST
148.572,1651,0.161221,122,0.032,POST
148.676,1624,0.1612,122,0.040,POST
148.808,1618,0.161308,123,0.045,POST
148.908,1609,0.161454,125,0.041,POST
149.008,1603,0.161403,118,0.042,POST
149.108,1593,0.161389,128,0.037,POST
149.208,1595,0.161352,120,0.040,POST
149.308,1583,0.161215,118,0.032,POST
149.408,1579,0.161202,122,0.036,POST
149.540,1585,0.161343,125,0.044,POST
149.672,1575,0.161281,115,0.035,POST
149.772,1576,0.161175,121,0.036,POST
149.872,1575,0.161098,123,0.029,POST
149.944,1577,0.161086,127,0.030,POST
150.072,1581,0.161107,120,0.034,POST
150.172,1583,0.161045,117,0.028,POST
150.244,1585,0.161127,126,0.037,POST
150.340,1582,0.161141,121,0.030,POST
150.448,1587,0.161046,126,0.028,POST
150.572,1587,0.161107,123,0.030,POST
150.644,1585,0.161155,123,0.031,POST
150.772,1592,0.161025,122,0.027,POST
150.872,1583,0.161,119,0.025,POST
150.976,1584,0.160947,121,0.029,POST
151.108,1583,0.161031,117,0.042,POST
151.208,1583,0.160997,121,0.040,POST
151.308,1582,0.161018,119,0.030,POST
151.408,1585,0.161051,118,0.032,POST
151.508,1589,0.161004,130,0.029,POST
151.640,1592,0.161076,125,0.030,POST
151.772,1598,0.161107,124,0.027,POST
151.844,1596,0.161025,126,0.026,POST
151.972,1595,0.1611,122,0.027,POST
152.072,1594,0.161222,127,0.036,POST
152.172,1592,0.161198,124,0.031,POST
152.272,1600,0.161278,122,0.028,POST
152.372,1685,0.161423,127,0.022,POST
152.472,1644,0.161424,125,0.022,POST
152.572,1644,0.161344,128,0.021,POST
152.672,1644,0.161298,130,0.023,POST
152.772,1642,0.161331,132,0.022,POST
152.872,1641,0.161283,125,0.018,POST
152.972,1639,0.161281,123,0.020,POST
153.072,1641,0.161233,129,0.028,POST
153.144,1642,0.161263,131,0.026,POST
153.272,1644,0.161185,126,0.024,POST
153.372,1647,0.161138,130,0.027,POST
153.472,1654,0.161167,130,0.026,POST
153.572,1655,0.161121,124,0.028,POST
153.644,1657,0.161148,131,0.023,POST
153.772,1665,0.160987,121,0.034,POST
153.872,1663,0.161133,120,0.031,POST
153.976,1670,0.161013,127,0.033,POST
154.072,1678,0.160964,129,0.028,POST
154.172,1676,0.160897,129,0.019,POST
154.272,1675,0.160971,123,0.023,POST
154.372,1677,0.160971,124,0.021,POST
154.448,1683,0.161012,126,0.017,POST
154.572,1685,0.160941,128,0.023,POST
154.672,1701,0.161154,124,0.009,POST
154.772,1700,0.160992,134,0.014,POST
154.872,1694,0.16108,128,0.011,POST
154.976,1684,0.161009,127,0.010,POST
155.072,1685,0.160779,125,0.015,POST
155.172,1675,0.160907,130,0.004,POST
155.272,1668,0.160857,132,0.006,POST
155.372,1669,0.160881,129,0.005,POST
155.472,1669,0.160875,126,0.011,POST
155.572,1671,0.160911,127,0.003,POST
155.672,1669,0.160829,125,0.006,POST
155.772,1666,0.160782,127,0.010,POST
155.872,1665,0.16086,131,0.012,POST
155.972,1662,0.160773,126,0.015,POST
156.072,1659,0.16066,124,0.019,POST
156.176,1660,0.160615,128,0.021,POST
156.308,1666,0.160592,127,0.029,POST
156.408,1661,0.160538,120,0.029,POST
156.508,1648,0.160501,124,0.025,POST
156.608,1652,0.160585,124,0.032,POST
156.708,1658,0.160679,121,0.034,POST
156.840,1657,0.160649,124,0.033,POST
156.972,1660,0.161013,126,0.040,POST
157.072,1646,0.160807,122,0.037,POST
157.172,1642,0.160918,123,0.040,POST
157.272,1641,0.161037,130,0.042,POST
157.344,1641,0.161007,124,0.040,POST
157.472,1645,0.161055,127,0.042,POST
157.572,1641,0.161068,124,0.037,POST
157.672,1648,0.160778,126,0.045,POST
157.772,1645,0.160924,122,0.042,POST
157.872,1633,0.160868,128,0.036,POST
157.972,1634,0.160942,122,0.048,POST
158.072,1629,0.160946,129,0.048,POST
158.172,1626,0.160994,124,0.052,POST
158.272,1622,0.160933,118,0.049,POST
158.344,1622,0.160996,124,0.047,POST
158.472,1633,0.161211,117,0.057,POST
158.572,1624,0.16117,121,0.048,POST
158.672,1628,0.161178,127,0.049,POST
158.772,1631,0.1611,118,0.047,POST
158.872,1633,0.160953,124,0.048,POST
158.944,1635,0.160923,120,0.053,POST
159.044,1644,0.161147,125,0.049,POST
159.172,1639,0.161097,127,0.051,POST
159.276,1638,0.161047,122,0.048,POST
159.408,1644,0.161049,115,0.044,POST
159.512,1657,0.16097,124,0.036,POST
159.640,1884,0.160999,120,0.041,POST
159.772,1735,0.161039,117,0.043,POST
159.872,1741,0.161002,117,0.039,POST
159.972,1750,0.161016,119,0.038,POST
160.072,1725,0.161126,117,0.039,POST
160.172,1731,0.161165,116,0.032,POST
160.276,1738,0.161223,118,0.031,POST
160.408,1742,0.161215,121,0.021,POST
160.508,1745,0.161167,121,0.023,POST
160.640,1747,0.161137,121,0.017,POST
160.772,1742,0.161198,129,0.018,POST
160.876,1739,0.161257,127,0.011,POST
161.008,1745,0.161383,123,0.021,POST
161.108,1734,0.161295,124,0.014,POST
161.208,1739,0.16125,127,0.020,POST
161.308,1750,0.161287,123,0.012,POST
161.408,1750,0.161195,127,0.010,POST
161.508,1747,0.161185,128,0.012,POST
161.612,1745,0.161219,125,0.014,POST
161.740,1744,0.161273,125,0.014,POST
161.876,1746,0.16119,126,0.015,POST
162.012,1741,0.161149,128,0.019,POST
162.108,1743,0.161216,119,0.016,POST
162.240,1740,0.161146,126,0.014,POST
162.372,1744,0.161073,125,0.016,POST
162.472,1736,0.161114,124,0.005,POST
162.572,1738,0.161092,119,0.011,POST
162.672,1734,0.161159,120,0.013,POST
162.772,1738,0.161108,124,0.002,POST
162.872,1741,0.161193,118,0.018,POST
162.976,1753,0.1612,124,0.016,POST
163.072,1766,0.161267,122,0.021,POST
163.172,1748,0.161303,117,0.021,POST
163.244,1733,0.161282,120,0.015,POST
163.372,1731,0.161363,121,0.027,POST
163.472,1721,0.161307,119,0.026,POST
163.544,1714,0.16131,115,0.025,POST
163.644,1709,0.161398,117,0.031,POST
163.776,1711,0.161409,119,0.028,POST
163.908,1720,0.161372,121,0.034,POST
164.008,1718,0.161346,120,0.035,POST
164.108,1716,0.161273,127,0.029,POST
164.212,1715,0.161312,123,0.030,POST
164.308,1710,0.161334,123,0.028,POST
164.408,1714,0.161381,116,0.037,POST
164.508,1705,0.161314,115,0.027,POST
164.608,1704,0.161384,116,0.021,POST
164.708,1703,0.161407,124,0.024,POST
164.808,1703,0.161409,116,0.019,POST
164.908,1706,0.161366,125,0.025,POST
165.008,1707,0.161353,116,0.028,POST
165.140,1705,0.161483,119,0.029,POST
165.272,1702,0.161506,124,0.032,POST
165.372,1701,0.161407,128,0.017,POST
165.472,1694,0.16135,126,0.021,POST
165.576,1686,0.161342,127,0.015,POST
165.708,1689,0.161338,116,0.027,POST
165.840,1686,0.161284,122,0.013,POST
165.972,1688,0.161346,126,0.013,POST
166.072,1689,0.16134,128,0.009,POST
166.172,1687,0.161356,125,0.019,POST
166.272,1690,0.161368,128,0.031,POST
166.372,1691,0.161308,130,0.023,POST
166.472,1685,0.161365,122,0.017,POST
166.544,1684,0.161426,123,0.018,POST
166.672,1688,0.161362,122,0.012,POST
166.772,1684,0.161339,124,0.013,POST
166.872,1682,0.161366,122,0.009,POST
166.972,1681,0.161472,125,0.014,POST
167.076,1681,0.161446,125,0.008,POST
167.172,1687,0.16142,124,0.022,POST
167.272,1683,0.161381,123,0.011,POST
167.372,1728,0.161416,127,0.014,POST
167.472,1640,0.16126,127,0.009,POST
167.572,1639,0.161245,129,0.013,POST
167.672,1640,0.161229,128,0.017,POST
167.772,1640,0.161252,128,0.017,POST
167.872,1644,0.161277,121,0.015,POST
167.972,1655,0.161352,128,0.015,POST
168.072,1641,0.161377,120,0.020,POST
168.172,1646,0.161415,127,0.014,POST
168.244,1655,0.161395,126,0.015,POST
168.348,1663,0.161429,124,0.014,POST
168.472,1665,0.161458,122,0.018,POST
168.572,1668,0.161519,125,0.016,POST
168.672,1676,0.161528,122,0.016,POST
168.776,1667,0.161447,129,0.023,POST
168.908,1656,0.161497,127,0.021,POST
169.008,1650,0.161431,127,0.024,POST
169.108,1656,0.161462,124,0.023,POST
169.212,1645,0.161362,127,0.028,POST
169.312,1644,0.161543,129,0.019,POST
169.408,1642,0.161462,130,0.027,POST
169.508,1651,0.161466,128,0.026,POST
169.608,1654,0.161442,135,0.029,POST
169.708,1654,0.161457,125,0.030,POST
169.808,1662,0.161511,130,0.032,POST
169.908,1675,0.161522,123,0.031,POST
170.008,1680,0.161469,126,0.033,POST
170.112,1686,0.161427,126,0.031,POST
170.208,1702,0.16148,128,0.032,POST
170.308,1690,0.161522,128,0.030,POST
170.408,1672,0.161447,130,0.029,POST
170.508,1675,0.161488,126,0.024,POST
170.608,1680,0.161418,130,0.025,POST
170.708,1689,0.161497,127,0.015,POST
170.808,1679,0.161411,128,0.012,POST
170.908,1673,0.161412,132,0.009,POST
171.008,1668,0.161372,122,0.010,POST
171.108,1667,0.161537,125,0.018,POST
171.208,1668,0.161555,125,0.016,POST
171.308,1674,0.161495,124,0.014,POST
171.408,1687,0.16158,128,0.004,POST
171.508,1689,0.16156,126,0.011,POST
171.608,1689,0.161419,125,0.022,POST
171.708,1680,0.16143,127,0.017,POST
171.808,1670,0.161553,130,0.014,POST
171.908,1666,0.161504,132,0.015,POST
172.012,1661,0.161507,133,0.015,POST
172.140,1671,0.161596,127,0.015,POST
172.272,1679,0.161544,133,0.014,POST
172.372,1685,0.16156,130,0.020,POST
172.472,1676,0.16159,125,0.011,POST
172.572,1670,0.161563,130,0.019,POST
172.672,1661,0.161618,125,0.011,POST
172.776,1660,0.161722,128,0.013,POST
172.908,1653,0.161723,123,0.014,POST
173.008,1654,0.161667,124,0.018,POST
173.108,1656,0.161643,132,0.018,POST
173.208,1660,0.1617,125,0.008,POST
173.308,1663,0.161746,128,0.007,POST
173.408,1667,0.16173,125,0.011,POST
173.508,1665,0.161632,125,0.014,POST
173.608,1665,0.161678,125,0.019,POST
173.708,1667,0.161801,118,0.020,POST
173.808,1670,0.161857,123,0.029,POST
173.912,1667,0.161717,126,0.039,POST
174.008,1668,0.161691,125,0.031,POST
174.112,1674,0.161571,124,0.047,POST
174.208,1674,0.161463,124,0.045,POST
174.308,1673,0.161441,126,0.045,POST
174.408,1672,0.161443,129,0.046,POST
174.512,1666,0.16155,126,0.035,POST
174.608,1666,0.161587,126,0.039,POST
174.708,1663,0.161615,127,0.035,POST
174.808,1703,0.161749,123,0.043,POST
174.908,1616,0.161838,118,0.042,POST
175.008,1612,0.16182,125,0.043,POST
175.108,1602,0.161805,116,0.044,POST
175.208,1598,0.161836,125,0.042,POST
175.308,1600,0.161839,122,0.042,POST
175.412,1607,0.161751,129,0.039,POST
175.508,1599,0.161723,124,0.033,POST
175.588,1596,0.161724,130,0.028,POST
175.708,1596,0.161723,123,0.023,POST
175.808,1598,0.161742,127,0.015,POST
175.908,1600,0.161745,125,0.015,POST
176.012,1599,0.161762,122,0.014,POST
176.108,1599,0.161779,129,0.012,POST
176.208,1602,0.161858,116,0.007,POST
176.308,1602,0.161774,123,0.012,POST
176.408,1601,0.161801,124,0.015,POST
176.508,1602,0.161891,125,0.013,POST
176.608,1599,0.161843,126,0.017,POST
176.708,1600,0.16178,131,0.018,POST
176.808,1604,0.161796,123,0.021,POST
176.908,1600,0.16177,122,0.017,POST
177.008,1602,0.161805,129,0.022,POST
177.108,1603,0.161794,124,0.028,POST
177.244,1606,0.161684,119,0.031,POST
177.372,1609,0.161748,118,0.035,POST
177.472,1609,0.161762,127,0.031,POST
177.572,1615,0.161827,122,0.036,POST
177.672,1615,0.16181,124,0.036,POST
177.772,1615,0.16182,125,0.041,POST
177.844,1615,0.16174,136,0.042,POST
177.972,1620,0.161769,122,0.041,POST
178.072,1624,0.161728,129,0.038,POST
178.172,1624,0.161771,128,0.038,POST
178.276,1623,0.161726,126,0.034,POST
178.408,1622,0.161818,129,0.038,POST
178.512,1620,0.161821,125,0.038,POST
178.640,1622,0.161779,128,0.035,POST
178.744,1623,0.161775,124,0.040,POST
178.872,1620,0.16174,127,0.029,POST
178.972,1621,0.161714,126,0.026,POST
179.076,1628,0.161764,124,0.033,POST
179.208,1634,0.161839,135,0.034,POST
179.308,1631,0.161762,126,0.019,POST
179.440,1632,0.161814,130,0.025,POST
179.544,1640,0.161869,129,0.036,POST
179.672,1639,0.161775,127,0.021,POST
179.776,1648,0.161833,131,0.026,POST
179.908,1647,0.161802,129,0.016,POST
180.008,1647,0.16179,130,0.013,POST
180.108,1645,0.161799,131,0.016,POST
180.208,1642,0.161732,129,0.010,POST
180.308,1643,0.16169,125,0.018,POST
180.408,1644,0.161661,130,0.021,POST
180.540,1646,0.161745,124,0.025,POST
180.672,1649,0.161881,122,0.034,POST
180.772,1641,0.161833,123,0.012,POST
180.844,1640,0.161899,126,0.023,POST
180.976,1641,0.161937,124,0.011,POST
181.108,1640,0.161931,125,0.022,POST
181.208,1637,0.161962,129,0.025,POST
181.308,1637,0.161937,129,0.034,POST
181.408,1639,0.16199,119,0.033,POST
181.508,1957,0.16221,120,0.032,POST
181.612,1795,0.162191,121,0.034,POST
181.708,1794,0.162195,126,0.030,POST
181.808,1796,0.162169,126,0.030,POST
181.908,1785,0.162257,123,0.024,POST
182.012,1767,0.162289,118,0.018,POST
182.108,1766,0.162295,124,0.017,POST
182.208,1765,0.162274,118,0.017,POST
182.340,1769,0.162304,113,0.013,POST
182.472,1781,0.162416,120,0.022,POST
182.572,1775,0.162442,123,0.016,POST
182.676,1776,0.162537,117,0.014,POST
182.776,1757,0.162503,119,0.012,POST
182.908,1757,0.162555,115,0.009,POST
183.040,1758,0.162419,119,0.016,POST
183.172,1756,0.162483,116,0.012,POST
183.272,1759,0.162455,122,0.018,POST
183.372,1762,0.162464,124,0.023,POST
183.472,1765,0.162457,119,0.020,POST
183.572,1761,0.162366,124,0.022,POST
183.672,1757,0.162436,122,0.020,POST
183.776,1759,0.162384,121,0.025,POST
183.908,1759,0.162457,119,0.020,POST
184.008,1763,0.16239,123,0.032,POST
184.108,1765,0.162437,116,0.032,POST
184.208,1764,0.162461,126,0.030,POST
184.308,1758,0.162455,114,0.030,POST
184.408,1757,0.162494,127,0.029,POST
184.508,1755,0.162537,119,0.031,POST
184.608,1759,0.162449,126,0.042,POST
184.708,1759,0.162419,121,0.042,POST
184.808,1758,0.16243,121,0.041,POST
184.944,1757,0.162482,119,0.037,POST
185.072,1759,0.162371,128,0.046,POST
185.172,1756,0.162378,121,0.043,POST
185.272,1757,0.16243,124,0.038,POST
185.372,1766,0.16235,125,0.044,POST
185.472,1771,0.162307,125,0.040,POST
185.572,1775,0.162365,125,0.046,POST
185.644,1709,0.162325,125,0.046,POST
185.772,1712,0.162244,130,0.052,POST
185.872,1714,0.162348,129,0.044,POST
185.972,1716,0.162289,124,0.044,POST
186.072,1722,0.162374,122,0.034,POST
186.172,1664,0.162579,126,0.039,POST
186.272,1602,0.16255,125,0.040,POST
186.372,1602,0.162496,124,0.041,POST
186.472,1605,0.162432,129,0.044,POST
186.572,1606,0.16243,129,0.039,POST
186.672,1613,0.162524,126,0.034,POST
186.776,1613,0.162456,126,0.042,POST
186.908,1608,0.162371,130,0.049,POST
187.008,1606,0.162357,125,0.043,POST
187.140,1613,0.162284,129,0.045,POST
187.240,1611,0.162299,131,0.038,POST
187.372,1613,0.162308,135,0.032,POST
187.472,1612,0.162385,127,0.026,POST
187.544,1712,0.162442,125,0.027,POST
187.672,1616,0.162503,124,0.019,POST
187.772,1614,0.162485,129,0.023,POST
187.872,1616,0.162473,123,0.022,POST
187.972,1621,0.16245,127,0.024,POST
188.072,1624,0.162486,124,0.027,POST
188.172,1629,0.162499,120,0.031,POST
188.272,1640,0.16248,128,0.031,POST
188.372,1627,0.162521,119,0.028,POST
188.472,1628,0.1625,125,0.030,POST
188.572,1631,0.162514,123,0.025,POST
188.672,1627,0.162532,119,0.027,POST
188.748,1622,0.162588,128,0.026,POST
188.876,1632,0.162576,129,0.023,POST
189.008,1622,0.162615,127,0.022,POST
189.108,1621,0.162612,127,0.024,POST
189.208,1621,0.16264,125,0.023,POST
189.308,1621,0.162597,127,0.021,POST
189.408,1620,0.162568,134,0.024,POST
189.540,1622,0.162526,129,0.017,POST
189.672,1617,0.16259,128,0.018,POST
189.772,1615,0.16261,129,0.013,POST
189.872,1613,0.162591,127,0.014,POST
189.976,1615,0.16262,123,0.013,POST
190.076,1617,0.162525,128,0.013,POST
190.208,1615,0.162482,127,0.011,POST
190.312,1625,0.16262,122,0.019,POST
190.408,1617,0.162577,127,0.008,POST
190.508,1618,0.162551,120,0.010,POST
190.612,1622,0.16256,126,0.015,POST
190.712,1631,0.162524,122,0.017,POST
190.808,1633,0.162599,120,0.026,POST
190.912,1635,0.16259,117,0.030,POST
191.008,1633,0.16258,120,0.027,POST
191.108,1631,0.162547,126,0.021,POST
191.208,1628,0.162519,126,0.025,POST
191.340,1626,0.162442,122,0.020,POST
191.472,1630,0.16243,117,0.020,POST
191.572,1639,0.162445,121,0.021,POST
191.672,1626,0.162517,117,0.027,POST
191.772,1631,0.162459,125,0.019,POST
191.872,1631,0.162455,123,0.029,POST
191.972,1631,0.162408,123,0.026,POST
192.072,1634,0.162452,126,0.025,POST
192.172,1642,0.162473,124,0.023,POST
192.272,1640,0.162471,128,0.028,POST
192.372,1644,0.162477,125,0.029,POST
192.472,1644,0.162459,125,0.012,POST
192.544,1642,0.162514,122,0.028,POST
192.672,1641,0.162445,124,0.017,POST
192.772,1637,0.162462,125,0.020,POST
192.872,1641,0.162406,124,0.017,POST
192.976,1656,0.162452,124,0.023,POST
193.108,1758,0.162482,126,0.020,POST
193.212,1658,0.162422,121,0.021,POST
193.308,1650,0.162391,124,0.019,POST
193.408,1647,0.162416,128,0.020,POST
193.512,1638,0.162424,122,0.018,POST
193.640,1643,0.162442,123,0.020,POST
193.772,1634,0.162435,119,0.019,POST
193.876,1647,0.162491,126,0.021,POST
194.008,1643,0.162561,117,0.022,POST
194.112,1637,0.162587,123,0.021,POST
194.208,1636,0.162499,124,0.018,POST
194.308,1640,0.162567,117,0.018,POST
194.412,1643,0.162534,122,0.019,POST
194.512,1645,0.162524,124,0.023,POST
194.608,1657,0.162541,118,0.029,POST
194.708,1664,0.162509,119,0.025,POST
194.808,1669,0.162611,118,0.030,POST
194.908,1685,0.162581,114,0.025,POST
195.008,1705,0.162539,123,0.029,POST
195.108,1723,0.162645,114,0.031,POST
195.208,1725,0.162518,117,0.025,POST
195.308,1736,0.162527,119,0.027,POST
195.408,1739,0.16245,114,0.033,POST
195.508,1750,0.162427,118,0.028,POST
195.608,1758,0.162422,121,0.023,POST
195.708,1763,0.162406,123,0.019,POST
195.808,1747,0.162319,122,0.019,POST
195.908,1741,0.162352,121,0.018,POST
196.012,1751,0.162368,114,0.022,POST
196.108,1760,0.162325,127,0.018,POST
196.212,1764,0.162356,114,0.022,POST
196.340,1765,0.162309,130,0.011,POST
196.444,1764,0.162329,126,0.012,POST
196.572,1943,0.162422,119,0.021,POST
196.672,1773,0.162434,117,0.021,POST
196.772,1764,0.162425,124,0.022,POST
196.872,1757,0.162397,126,0.020,POST
196.972,1742,0.162415,122,0.020,POST
197.072,1745,0.162386,130,0.014,POST
197.172,1745,0.162372,120,0.016,POST
197.272,1743,0.162401,127,0.020,POST
197.372,1740,0.162415,122,0.023,POST
197.472,1735,0.162382,120,0.020,POST
197.572,1729,0.162376,129,0.026,POST
197.672,1720,0.162335,128,0.017,POST
197.776,1712,0.16234,121,0.022,POST
197.876,1704,0.16232,133,0.022,POST
198.008,1702,0.162291,119,0.024,POST
198.144,1689,0.162337,125,0.028,POST
198.272,1685,0.16233,118,0.027,POST
198.372,1683,0.162355,122,0.030,POST
198.476,1688,0.162369,125,0.033,POST
198.608,1701,0.162351,124,0.030,POST
198.708,1711,0.162433,124,0.036,POST
198.808,1712,0.162439,117,0.033,POST
198.940,1718,0.162441,117,0.036,POST
199.072,1722,0.162519,124,0.042,POST
199.172,1717,0.162526,121,0.037,POST
199.272,1723,0.16257,124,0.037,POST
199.372,1725,0.162581,115,0.039,POST
199.472,1727,0.162585,124,0.042,POST
199.544,1718,0.162409,131,0.043,POST
199.672,1675,0.162561,117,0.043,POST
199.772,1649,0.162588,124,0.035,POST
199.876,1649,0.162611,125,0.035,POST
200.008,1654,0.162618,129,0.027,POST
200.112,1656,0.16261,123,0.027,POST
200.208,1651,0.162636,127,0.024,POST
200.308,1651,0.162614,124,0.020,POST
200.408,1648,0.162583,124,0.016,POST
200.508,1643,0.162663,124,0.023,POST
200.612,1633,0.162641,123,0.022,POST
200.708,1630,0.162615,122,0.024,POST
200.808,1627,0.162624,130,0.031,POST
200.940,1625,0.162648,121,0.026,POST
201.076,1624,0.162642,124,0.029,POST
201.172,1626,0.16266,121,0.034,POST
201.272,1636,0.162666,122,0.040,POST
201.372,1627,0.162674,120,0.033,POST
201.472,1627,0.16267,119,0.025,POST
201.572,1620,0.162649,129,0.033,POST
201.672,1619,0.162654,122,0.027,POST
201.772,1620,0.162663,124,0.028,POST
201.872,1625,0.162647,119,0.033,POST
201.972,1628,0.162562,120,0.029,POST
202.072,1625,0.162536,118,0.023,POST
202.176,1621,0.162578,117,0.028,POST
202.308,1622,0.162637,114,0.030,POST
202.408,1630,0.162566,125,0.031,POST
202.508,1631,0.162585,120,0.034,POST
202.640,1758,0.162648,116,0.030,POST
202.772,1636,0.162615,117,0.029,POST
202.872,1643,0.162646,129,0.024,POST
202.972,1644,0.162674,123,0.022,POST
203.072,1647,0.16265,125,0.021,POST
203.172,1639,0.162607,119,0.023,POST
203.276,1642,0.162664,128,0.019,POST
203.408,1642,0.162635,121,0.024,POST
203.508,1637,0.162615,125,0.022,POST
203.608,1636,0.162603,120,0.022,POST
203.712,1641,0.162641,124,0.023,POST
203.808,1642,0.162681,126,0.023,POST
203.908,1619,0.16271,120,0.026,POST
204.008,1622,0.162707,124,0.028,POST
204.108,1628,0.162739,122,0.029,POST
204.208,1629,0.162691,124,0.036,POST
204.308,1615,0.162721,126,0.031,POST
204.408,1616,0.162702,116,0.037,POST
204.508,1614,0.162716,125,0.034,POST
204.608,1623,0.162796,123,0.028,POST
204.708,1617,0.162788,123,0.036,POST
204.808,1610,0.162782,119,0.038,POST
204.912,1614,0.162767,124,0.043,POST
205.008,1616,0.162733,128,0.048,POST
205.108,1606,0.16276,122,0.053,POST
205.208,1615,0.162829,118,0.047,POST
205.308,1607,0.162831,119,0.052,POST
205.408,1735,0.163032,124,0.053,POST
205.508,1686,0.163086,123,0.051,POST
205.608,1687,0.163087,121,0.050,POST
205.708,1691,0.163077,123,0.053,POST
205.808,1679,0.163061,120,0.056,POST
205.908,1682,0.163067,122,0.059,POST
206.008,1685,0.163049,122,0.060,POST
206.080,1691,0.163046,124,0.061,POST
206.176,1695,0.163011,124,0.061,POST
206.308,1694,0.163032,123,0.058,POST
206.408,1698,0.163042,122,0.058,POST
206.508,1707,0.163029,120,0.058,POST
206.608,1719,0.163048,127,0.061,POST
206.712,1826,0.163116,134,0.062,POST
206.808,1717,0.163081,121,0.066,POST
206.908,1715,0.163036,128,0.063,POST
207.008,1720,0.163029,132,0.064,POST
207.112,1730,0.163017,133,0.061,POST
207.208,1734,0.163023,121,0.057,POST
207.312,1736,0.16301,125,0.054,POST
207.440,1702,0.16303,117,0.057,POST
207.576,1695,0.163049,122,0.051,POST
207.708,1696,0.163057,119,0.050,POST
207.808,1701,0.163095,127,0.048,POST
207.908,1867,0.163141,122,0.056,POST
208.012,1771,0.163123,122,0.051,POST
208.140,1741,0.163193,121,0.045,POST
208.272,1743,0.163242,127,0.045,POST
208.372,1737,0.163269,126,0.047,POST
208.472,1735,0.16328,124,0.045,POST
208.572,1724,0.1633,127,0.043,POST
208.672,1716,0.163315,127,0.045,POST
208.772,1713,0.163366,125,0.041,POST
208.872,1707,0.163391,130,0.044,POST
208.972,1706,0.163413,130,0.042,POST
209.072,1704,0.163441,125,0.038,POST
209.172,1722,0.163659,126,0.038,POST
209.272,1706,0.163666,122,0.034,POST
209.376,1708,0.163704,123,0.037,POST
209.512,1722,0.163716,123,0.035,POST
209.608,1727,0.163725,128,0.031,POST
209.708,1727,0.16374,125,0.030,POST
209.808,1734,0.163745,122,0.031,POST
209.908,1745,0.163745,120,0.026,POST
210.008,1733,0.163727,121,0.022,POST
210.108,1735,0.163722,127,0.021,POST
210.208,1744,0.163739,124,0.022,POST
210.312,1748,0.163717,129,0.021,POST
210.444,1743,0.163702,124,0.021,POST
210.572,1744,0.163669,124,0.014,POST
210.676,1738,0.163647,129,0.012,POST
210.808,1732,0.163654,123,0.014,POST
210.908,1722,0.16369,129,0.014,POST
211.008,1725,0.163641,126,0.013,POST
211.108,1721,0.163678,126,0.009,POST
211.208,1721,0.163693,121,0.010,POST
211.340,1727,0.163658,123,0.017,POST
211.476,1728,0.163704,128,0.012,POST
211.608,1723,0.163731,132,0.017,POST
211.708,1723,0.163753,125,0.014,POST
211.808,1721,0.163732,125,0.020,POST
211.908,1717,0.163701,121,0.022,POST
212.012,1710,0.163732,127,0.015,POST
212.108,1708,0.163751,126,0.013,POST
212.240,1705,0.163737,133,0.007,POST
212.376,1710,0.163719,126,0.015,POST
212.508,1715,0.163698,126,0.015,POST
212.608,1721,0.163721,128,0.009,POST
212.708,1724,0.163712,129,0.014,POST
212.840,1711,0.163643,122,0.018,POST
212.972,1707,0.16366,130,0.014,POST
213.072,1712,0.16367,130,0.022,POST
213.172,1718,0.163724,126,0.025,POST
213.244,1719,0.163739,130,0.021,POST
213.352,1720,0.163694,126,0.013,POST
213.472,1741,0.163734,130,0.031,POST
213.572,1740,0.163736,128,0.012,POST
213.672,1733,0.163705,124,0.017,POST
213.772,1737,0.163663,127,0.019,POST
213.872,1739,0.163601,123,0.006,POST
213.976,1747,0.16356,125,0.017,POST
214.108,1747,0.163486,127,0.007,POST
214.208,1737,0.163475,126,0.016,POST
214.308,1736,0.163469,127,0.018,POST
214.408,1741,0.163463,128,0.017,POST
214.508,1735,0.163462,126,0.017,POST
214.608,1736,0.163483,122,0.021,POST
214.708,1737,0.1635,131,0.017,POST
214.808,1733,0.163481,121,0.020,POST
214.908,1742,0.163433,129,0.019,POST
215.008,1734,0.163449,125,0.024,POST
215.108,1804,0.163331,128,0.011,POST
215.184,1748,0.163279,126,0.013,POST
215.308,1752,0.163255,121,0.014,POST
215.408,1756,0.163232,127,0.021,POST
215.512,1756,0.163215,126,0.023,POST
215.608,1754,0.163199,129,0.022,POST
215.708,1752,0.163206,128,0.029,POST
215.808,1753,0.163208,131,0.030,POST
215.908,1745,0.163211,122,0.034,POST
216.008,1736,0.163208,120,0.040,POST
216.108,1736,0.163189,123,0.040,POST
216.208,1743,0.163169,127,0.038,POST
216.308,1738,0.163149,122,0.036,POST
216.408,1734,0.163153,130,0.031,POST
216.512,1733,0.163152,121,0.035,POST
216.608,1701,0.163146,123,0.042,POST
216.708,1703,0.163104,127,0.039,POST
216.808,1703,0.163088,127,0.043,POST
216.908,1703,0.163095,131,0.046,POST
217.008,1705,0.163075,133,0.041,POST
217.108,1703,0.163094,123,0.042,POST
217.208,1705,0.163101,126,0.041,POST
217.308,1709,0.163089,122,0.042,POST
217.412,1717,0.16307,120,0.043,POST
217.508,1725,0.163109,119,0.051,POST
217.608,1725,0.163124,119,0.051,POST
217.708,1731,0.16307,124,0.048,POST
217.808,1733,0.163042,115,0.049,POST
217.908,1735,0.163049,120,0.050,POST
218.008,2025,0.163059,126,0.053,POST
218.108,1836,0.163099,115,0.052,POST
218.208,1836,0.163095,125,0.054,POST
218.308,1843,0.163101,118,0.051,POST
218.408,1829,0.163143,121,0.049,POST
218.512,1833,0.163139,118,0.046,POST
218.608,1811,0.163171,125,0.045,POST
218.708,1809,0.163176,125,0.047,POST
218.808,1803,0.163139,119,0.046,POST
218.908,1800,0.163112,120,0.046,POST
219.008,1807,0.163128,119,0.053,POST
219.108,1810,0.163141,116,0.053,POST
219.208,1812,0.163148,119,0.052,POST
219.308,1815,0.163159,112,0.051,POST
219.412,1821,0.163171,118,0.057,POST
219.540,1825,0.163137,118,0.062,POST
219.672,1811,0.163118,118,0.064,POST
219.772,1815,0.1631,121,0.064,POST
219.872,1824,0.163089,117,0.068,POST
219.972,1827,0.163061,121,0.065,POST
220.044,1832,0.163063,126,0.067,POST
220.176,1818,0.163011,127,0.063,POST
220.308,1799,0.163008,122,0.053,POST
220.408,1797,0.163052,119,0.054,POST
220.508,1793,0.163045,121,0.050,POST
220.608,1831,0.163077,119,0.045,POST
220.708,1764,0.163018,119,0.050,POST
220.808,1764,0.163027,122,0.053,POST
220.908,1778,0.163053,127,0.054,POST
221.008,1778,0.163023,119,0.050,POST
221.108,1785,0.163013,120,0.049,POST
221.208,1793,0.162979,113,0.050,POST
221.308,1800,0.162966,123,0.048,POST
221.408,1808,0.162921,122,0.049,POST
221.540,1805,0.162891,121,0.049,POST
221.640,1794,0.162917,125,0.050,POST
221.776,1790,0.162863,119,0.053,POST
221.908,1784,0.162843,121,0.049,POST
222.008,1744,0.162896,121,0.045,POST
222.108,1742,0.162902,125,0.045,POST
222.212,1749,0.162925,126,0.047,POST
222.308,1757,0.162874,119,0.049,POST
222.408,1750,0.162863,126,0.047,POST
222.508,1749,0.162851,122,0.046,POST
222.608,1745,0.162841,120,0.045,POST
222.708,1746,0.162816,124,0.045,POST
222.808,1745,0.162845,126,0.044,POST
222.908,1746,0.162821,128,0.044,POST
223.008,1747,0.162804,120,0.042,POST
223.108,1751,0.162825,125,0.038,POST
223.240,1750,0.162823,118,0.040,POST
223.372,1739,0.162846,123,0.037,POST
223.472,1737,0.162878,116,0.040,POST
223.572,1740,0.162874,125,0.045,POST
223.672,1740,0.162893,126,0.043,POST
223.772,1750,0.162828,127,0.047,POST
223.872,1732,0.162808,121,0.045,POST
223.972,1728,0.162795,126,0.040,POST
224.072,1725,0.162813,121,0.035,POST
224.172,1855,0.162687,116,0.034,POST
224.272,1755,0.16274,120,0.036,POST
224.344,1762,0.162716,121,0.038,POST
224.444,1760,0.16271,128,0.037,POST
224.572,1767,0.162685,123,0.033,POST
224.672,1753,0.162723,125,0.037,POST
224.772,1750,0.162728,127,0.037,POST
224.872,1756,0.162713,132,0.034,POST
224.976,1757,0.162695,126,0.024,POST
225.072,1757,0.162685,128,0.020,POST
225.172,1766,0.162647,129,0.020,POST
225.272,1754,0.162631,123,0.019,POST
225.372,1748,0.162626,126,0.016,POST
225.472,1753,0.162616,121,0.015,POST
225.572,1752,0.162609,128,0.015,POST
225.672,1752,0.162612,125,0.006,POST
225.772,1761,0.162647,128,0.012,POST
225.844,1769,0.162664,123,0.010,POST
225.972,1766,0.162652,123,0.007,POST
226.072,1754,0.162652,123,0.006,POST
226.176,1748,0.162644,126,0.009,POST
226.308,1738,0.162645,125,0.005,POST
226.408,1746,0.162635,123,0.021,POST
226.508,1736,0.16262,125,0.016,POST
226.608,1729,0.162609,127,0.012,POST
226.708,1730,0.162557,127,0.015,POST
226.808,1726,0.16254,123,0.013,POST
226.908,1723,0.162517,120,0.013,POST
227.040,1724,0.162488,131,0.011,POST
227.112,1728,0.16251,127,0.019,POST
227.208,1727,0.162501,126,0.020,POST
227.308,1725,0.162498,127,0.016,POST
227.412,1726,0.1625,127,0.019,POST
227.508,1725,0.162492,122,0.020,POST
227.608,1723,0.16249,122,0.021,POST
227.680,1723,0.162491,123,0.020,POST
227.808,1731,0.162455,127,0.020,POST
227.912,1725,0.162452,130,0.019,POST
228.008,1711,0.162446,122,0.018,POST
228.108,1709,0.162475,127,0.021,POST
228.208,1705,0.162462,126,0.020,POST
228.308,1707,0.162463,121,0.026,POST
228.440,1709,0.162467,129,0.018,POST
228.544,1708,0.162469,122,0.017,POST
228.672,1706,0.162452,126,0.025,POST
228.772,1706,0.162467,131,0.027,POST
228.844,1706,0.16247,123,0.027,POST
228.976,1696,0.162481,130,0.031,POST
229.108,1699,0.162494,128,0.033,POST
229.208,1699,0.162499,124,0.038,POST
229.308,1704,0.162519,126,0.039,POST
229.408,1705,0.162523,131,0.039,POST
229.540,1703,0.162492,132,0.047,POST
229.640,1699,0.162449,128,0.054,POST
229.772,1698,0.162445,130,0.061,POST
229.872,1697,0.162436,127,0.066,POST
229.972,1697,0.162461,129,0.070,POST
230.072,1696,0.162476,120,0.068,POST
230.172,1700,0.162472,127,0.069,POST
230.272,1698,0.16245,124,0.080,POST
230.376,1698,0.162424,122,0.079,POST
230.472,1695,0.162417,124,0.073,POST
230.572,1695,0.162386,115,0.076,POST
230.644,1695,0.162341,118,0.078,POST
230.772,1698,0.162293,125,0.078,POST
230.872,1695,0.162312,128,0.078,POST
230.972,1694,0.16231,126,0.072,POST
231.072,1693,0.162332,125,0.068,POST
231.172,1696,0.162297,131,0.078,POST
231.272,1888,0.162331,127,0.073,POST
231.344,1739,0.162585,122,0.068,POST
231.444,1741,0.162582,124,0.064,POST
231.572,1740,0.162596,125,0.057,POST
231.672,1742,0.16259,130,0.053,POST
231.772,1742,0.162585,128,0.049,POST
231.844,1743,0.162596,124,0.045,POST
231.972,1746,0.162603,121,0.045,POST
232.072,1748,0.16261,116,0.042,POST
232.144,1750,0.162607,123,0.044,POST
232.272,1758,0.162612,114,0.037,POST
232.372,1765,0.162615,120,0.040,POST
232.472,1766,0.162619,119,0.038,POST
232.572,1775,0.162621,117,0.033,POST
232.672,1779,0.162648,121,0.028,POST
232.772,1779,0.162667,114,0.022,POST
232.872,1778,0.162695,115,0.020,POST
232.976,1772,0.162717,119,0.021,POST
233.108,1765,0.162695,123,0.020,POST
233.208,1767,0.162686,114,0.026,POST
233.308,1759,0.162658,120,0.024,POST
233.408,1761,0.162632,125,0.025,POST
233.540,1760,0.16262,125,0.030,POST
233.672,1764,0.16264,114,0.037,POST
233.776,1763,0.16264,119,0.036,POST
233.908,1771,0.162669,113,0.043,POST
234.008,1776,0.162664,116,0.040,POST
234.108,1784,0.162694,121,0.046,POST
234.208,1786,0.162695,122,0.045,POST
234.308,1791,0.162685,119,0.047,POST
234.408,2101,0.16343,120,0.056,POST
234.508,1846,0.163599,114,0.059,POST
234.608,1852,0.163588,120,0.060,POST
234.708,1866,0.163625,115,0.063,POST
234.780,1865,0.163616,120,0.060,POST
234.876,1866,0.163611,118,0.055,POST
235.008,1880,0.163608,119,0.049,POST
235.140,1883,0.163596,122,0.046,POST
235.276,1900,0.163599,119,0.043,POST
235.408,1886,0.163617,116,0.039,POST
235.508,1892,0.163644,123,0.041,POST
235.608,1908,0.163667,124,0.037,POST
235.708,1973,0.164128,117,0.036,POST
235.808,1927,0.164163,125,0.037,POST
235.908,1930,0.164155,120,0.035,POST
236.040,1938,0.164147,127,0.029,POST
236.148,1921,0.164113,126,0.026,POST
236.272,1916,0.164093,119,0.024,POST
236.372,1909,0.164068,124,0.019,POST
236.472,1912,0.164074,119,0.019,POST
236.576,1905,0.164095,124,0.019,POST
236.676,1905,0.1641,123,0.020,POST
236.808,1909,0.164106,124,0.024,POST
236.908,1907,0.164101,121,0.023,POST
237.008,1905,0.164121,128,0.026,POST
237.108,1904,0.16413,123,0.025,POST
237.208,1904,0.164133,124,0.026,POST
237.308,1899,0.16413,118,0.030,POST
237.408,1898,0.164148,121,0.030,POST
237.512,1892,0.164146,125,0.026,POST
237.608,1896,0.164141,121,0.028,POST
237.708,1903,0.164116,126,0.026,POST
237.812,1893,0.164138,124,0.023,POST
237.908,1898,0.164148,126,0.019,POST
238.008,1899,0.164132,121,0.020,POST
238.108,1901,0.164137,129,0.020,POST
238.208,1909,0.164143,123,0.015,POST
238.308,1915,0.164143,119,0.016,POST
238.444,1921,0.164147,121,0.019,POST
238.572,1911,0.164121,122,0.032,POST
238.672,1878,0.164159,124,0.031,POST
238.772,1873,0.164159,127,0.021,POST
238.872,1872,0.164133,118,0.021,POST
238.972,1867,0.164134,127,0.026,POST
239.072,1862,0.164133,123,0.023,POST
239.172,1866,0.164137,124,0.023,POST
239.272,1877,0.164179,125,0.019,POST
239.372,1882,0.164175,123,0.024,POST
239.476,1889,0.164151,125,0.030,POST
239.608,1866,0.164151,126,0.021,POST
239.708,1845,0.164165,126,0.026,POST
239.808,1842,0.164161,125,0.026,POST
239.908,1840,0.164184,124,0.023,POST
240.008,1832,0.164191,122,0.017,POST
240.108,1836,0.164214,124,0.020,POST
240.208,1843,0.164211,118,0.024,POST
240.308,1740,0.163843,119,0.035,POST
240.408,1698,0.163803,122,0.036,POST
240.508,1693,0.163803,122,0.034,POST
240.608,1689,0.16378,119,0.036,POST
240.708,1673,0.163759,119,0.037,POST
240.808,1672,0.163739,127,0.033,POST
240.908,1677,0.163729,124,0.030,POST
241.008,1675,0.163708,125,0.026,POST
241.108,1678,0.163708,123,0.030,POST
241.208,1677,0.163698,118,0.030,POST
241.308,1677,0.163701,127,0.028,POST
241.408,1686,0.163685,120,0.026,POST
241.540,1679,0.163684,119,0.028,POST
241.672,1684,0.163688,125,0.023,POST
241.772,1683,0.163691,123,0.029,POST
241.872,1684,0.163699,124,0.026,POST
241.972,1686,0.163698,121,0.026,POST
242.072,1693,0.163693,122,0.027,POST
242.172,1702,0.163705,125,0.026,POST
242.272,1702,0.163708,126,0.029,POST
242.372,1704,0.163726,121,0.033,POST
242.472,1693,0.163717,123,0.026,POST
242.572,1698,0.163728,121,0.032,POST
242.672,1688,0.163736,126,0.032,POST
242.772,1678,0.163735,127,0.026,POST
242.872,1680,0.163724,123,0.032,POST
242.976,1675,0.163746,125,0.030,POST
243.108,1676,0.16377,122,0.037,POST
243.208,1663,0.163766,120,0.029,POST
243.340,1661,0.163794,121,0.035,POST
243.472,1659,0.163811,123,0.043,POST
243.572,1657,0.163802,123,0.036,POST
243.672,1657,0.163811,125,0.031,POST
243.776,1658,0.16382,129,0.037,POST
243.908,1656,0.16383,126,0.036,POST
244.008,1658,0.163803,128,0.040,POST
244.108,1647,0.163808,125,0.042,POST
244.212,1642,0.163806,124,0.047,POST
244.308,1617,0.1638,125,0.037,POST
244.408,1615,0.163797,125,0.038,POST
244.508,1619,0.163783,115,0.033,POST
244.608,1625,0.1638,123,0.036,POST
244.708,1677,0.163745,124,0.034,POST
244.808,1608,0.163761,123,0.037,POST
244.912,1612,0.163767,116,0.035,POST
245.012,1619,0.163768,129,0.037,POST
245.108,1613,0.163753,117,0.033,POST
245.208,1621,0.16374,122,0.030,POST
245.308,1620,0.163737,126,0.024,POST
245.408,1627,0.163703,125,0.025,POST
245.508,1623,0.163704,122,0.019,POST
245.612,1620,0.163706,125,0.017,POST
245.712,1628,0.163676,122,0.017,POST
245.808,1630,0.163713,121,0.012,POST
245.908,1628,0.163699,123,0.015,POST
246.008,1630,0.16368,127,0.018,POST
246.108,1636,0.163719,122,0.016,POST
246.208,1633,0.163713,122,0.019,POST
246.308,1629,0.163687,123,0.022,POST
246.408,1630,0.163674,129,0.020,POST
246.508,1617,0.163663,118,0.020,POST
246.608,1623,0.163654,120,0.016,POST
246.708,1619,0.163619,121,0.015,POST
246.808,1611,0.163585,119,0.015,POST
246.908,1605,0.1636,117,0.013,POST
247.008,1603,0.163589,126,0.009,POST
247.140,1605,0.163568,118,0.013,POST
247.276,1604,0.163575,121,0.008,POST
247.408,1609,0.163553,121,0.013,POST
247.508,1610,0.163565,130,0.009,POST
247.608,1614,0.163526,120,0.017,POST
247.708,1618,0.163528,126,0.009,POST
247.840,1625,0.163478,125,0.013,POST
247.976,1625,0.163457,123,0.015,POST
248.108,1633,0.163533,116,0.017,POST
248.208,1625,0.16351,119,0.014,POST
248.308,1624,0.163523,119,0.016,POST
248.408,1626,0.163562,125,0.012,POST
248.508,1626,0.163559,120,0.020,POST
248.608,1630,0.163574,125,0.024,POST
248.708,1630,0.163575,125,0.019,POST
248.812,1629,0.163546,129,0.025,POST
248.908,1634,0.163597,124,0.023,POST
249.008,1635,0.163596,122,0.012,POST
249.108,1634,0.163569,121,0.011,POST
249.208,1614,0.163511,128,0.021,POST
249.312,1618,0.163546,120,0.014,POST
249.408,1621,0.163587,129,0.024,POST
249.508,1618,0.163583,117,0.009,POST
249.608,1614,0.163564,127,0.013,POST
249.740,1612,0.1636,119,0.013,POST
249.848,1611,0.163585,125,0.013,POST
249.976,1612,0.163586,123,0.014,POST
250.072,1613,0.163576,124,0.018,POST
250.172,1610,0.163574,122,0.013,POST
250.272,1614,0.163585,122,0.020,POST
250.372,1618,0.163596,119,0.021,POST
250.444,1625,0.163607,124,0.018,POST
250.544,1627,0.163648,126,0.014,POST
250.672,1627,0.163625,125,0.021,POST
250.772,1628,0.163601,129,0.023,POST
250.872,1631,0.163609,126,0.019,POST
250.976,1634,0.163614,123,0.032,POST
251.112,1629,0.163604,126,0.032,POST
251.240,1631,0.163558,124,0.026,POST
251.372,1629,0.163596,127,0.022,POST
251.476,1631,0.163603,123,0.031,POST
251.608,1635,0.163632,124,0.031,POST
251.708,1641,0.163656,127,0.042,POST
251.808,1651,0.163622,125,0.044,POST
251.940,1645,0.163635,125,0.034,POST
252.040,1698,0.163844,129,0.026,POST
252.172,1618,0.163855,121,0.029,POST
252.272,1623,0.163887,128,0.031,POST
252.372,1620,0.163882,129,0.030,POST
252.472,1616,0.163893,127,0.024,POST
252.572,1610,0.16388,123,0.022,POST
252.672,1607,0.163894,128,0.021,POST
252.772,1610,0.163902,129,0.027,POST
252.872,1607,0.163897,126,0.022,POST
252.972,1604,0.163886,128,0.021,POST
253.072,1601,0.163884,126,0.021,POST
253.172,1600,0.163877,132,0.020,POST
253.272,1605,0.163871,126,0.019,POST
253.344,1605,0.163894,129,0.021,POST
253.472,1611,0.163868,128,0.027,POST
253.572,1615,0.163882,122,0.027,POST
253.672,1620,0.163935,124,0.020,POST
253.772,1614,0.163929,127,0.022,POST
253.844,1613,0.163904,128,0.028,POST
253.972,1618,0.163877,129,0.023,POST
254.072,1616,0.163905,131,0.023,POST
254.144,1619,0.16392,119,0.025,POST
254.276,1605,0.163943,125,0.018,POST
254.376,1609,0.16394,121,0.022,POST
254.508,1621,0.163984,128,0.012,POST
254.608,1619,0.164013,128,0.011,POST
254.680,1610,0.164028,125,0.015,POST
254.808,1613,0.164067,127,0.014,POST
254.908,1608,0.164071,132,0.017,POST
255.008,1614,0.164087,123,0.016,POST
255.140,1613,0.164124,133,0.015,POST
255.272,1608,0.164093,127,0.018,POST
255.372,1609,0.16407,126,0.020,POST
255.472,1615,0.164074,123,0.018,POST
255.572,1621,0.164094,123,0.020,POST
255.672,1621,0.164096,122,0.025,POST
255.772,1627,0.164096,128,0.024,POST
255.872,1630,0.164101,123,0.021,POST
255.972,1629,0.164108,129,0.024,POST
256.072,1624,0.164109,127,0.025,POST
256.172,1624,0.164095,126,0.025,POST
256.272,1625,0.164097,125,0.029,POST
256.344,1620,0.164071,126,0.032,POST
256.448,1619,0.16407,132,0.037,POST
256.572,1618,0.164084,126,0.022,POST
256.672,1610,0.164105,125,0.027,POST
256.772,1898,0.164167,133,0.035,POST
256.876,1612,0.164182,124,0.041,POST
257.008,1607,0.164174,127,0.042,POST
257.108,1607,0.164143,124,0.044,POST
257.208,1605,0.164122,128,0.044,POST
257.308,1600,0.164129,123,0.045,POST
257.412,1602,0.164111,121,0.042,POST
257.496,1601,0.164119,125,0.041,POST
257.608,1598,0.16412,126,0.043,POST
257.712,1596,0.164141,126,0.043,POST
257.840,1599,0.164145,122,0.044,POST
257.976,1603,0.164172,123,0.041,POST
258.108,1601,0.164179,130,0.039,POST
258.208,1601,0.164199,126,0.040,POST
258.308,1599,0.164205,129,0.039,POST
258.408,1598,0.164219,125,0.041,POST
258.508,1597,0.164214,126,0.040,POST
258.608,1596,0.164216,129,0.038,POST
258.712,1592,0.164221,127,0.038,POST
258.808,1609,0.16428,125,0.041,POST
258.908,1598,0.164285,120,0.038,POST
259.008,1596,0.1643,124,0.040,POST
259.108,1594,0.164316,120,0.043,POST
259.208,1598,0.164328,120,0.042,POST
259.308,1594,0.164337,124,0.042,POST
259.408,1599,0.164367,126,0.043,POST
259.508,1574,0.164344,126,0.044,POST
259.608,1572,0.16435,126,0.049,POST
259.708,1574,0.164354,124,0.049,POST
259.808,1576,0.164365,123,0.047,POST
259.908,1574,0.164369,127,0.045,POST
260.008,1576,0.164374,126,0.043,POST
260.112,1573,0.164355,126,0.039,POST
260.208,1574,0.164323,130,0.036,POST
260.308,1578,0.164321,123,0.040,POST
260.412,1582,0.164285,130,0.034,POST
260.512,1582,0.164307,124,0.037,POST
260.608,1576,0.164323,123,0.034,POST
260.708,1581,0.16434,126,0.038,POST
260.808,1581,0.164338,123,0.037,POST
260.908,1577,0.164334,127,0.034,POST
261.012,1583,0.164345,118,0.038,POST
261.108,1587,0.164355,125,0.038,POST
261.240,1592,0.164331,126,0.036,POST
261.372,1581,0.164299,117,0.034,POST
261.472,1579,0.164268,125,0.028,POST
261.544,1575,0.164267,130,0.027,POST
261.672,1580,0.164264,124,0.032,POST
261.772,1579,0.164297,129,0.039,POST
261.872,1577,0.164304,132,0.036,POST
261.972,1577,0.164291,131,0.044,POST
262.048,1578,0.164277,134,0.038,POST
262.172,1579,0.164218,126,0.038,POST
262.276,1575,0.164228,120,0.027,POST
262.408,1575,0.164219,125,0.025,POST
262.508,1574,0.164215,132,0.022,POST
262.608,1574,0.164237,127,0.018,POST
262.708,1580,0.164243,125,0.021,POST
262.808,1580,0.164206,125,0.016,POST
262.912,1581,0.1642,127,0.009,POST
263.040,1583,0.164183,125,0.009,POST
263.172,1585,0.164145,127,0.021,POST
263.272,1735,0.164178,130,0.018,POST
263.372,1611,0.164096,127,0.013,POST
263.472,1602,0.164085,125,0.018,POST
263.548,1604,0.164061,126,0.020,POST
263.672,1603,0.164081,125,0.024,POST
263.772,1598,0.164086,127,0.019,POST
263.872,1600,0.164084,126,0.026,POST
263.976,1603,0.164083,123,0.030,POST
264.108,1607,0.164076,134,0.030,POST
264.208,1602,0.164078,130,0.035,POST
264.312,1601,0.164074,128,0.036,POST
264.408,1603,0.16407,128,0.040,POST
264.508,1607,0.164068,129,0.040,POST
264.608,1606,0.164077,126,0.043,POST
264.708,1608,0.164093,129,0.042,POST
264.840,1614,0.164104,127,0.045,POST
264.972,1618,0.164079,126,0.047,POST
265.072,1622,0.164064,123,0.048,POST
265.172,1619,0.164069,123,0.046,POST
265.272,1615,0.164048,127,0.045,POST
265.372,1603,0.16404,125,0.044,POST
265.444,1592,0.164014,125,0.041,POST
265.544,1593,0.164045,134,0.039,POST
265.672,1592,0.164038,130,0.035,POST
265.772,1591,0.164048,130,0.036,POST
265.876,1598,0.164038,126,0.038,POST
265.972,1591,0.164028,130,0.031,POST
266.076,1595,0.164017,130,0.034,POST
266.172,1593,0.164005,124,0.035,POST
266.276,1593,0.164039,127,0.035,POST
266.408,1591,0.164081,126,0.036,POST
266.508,1584,0.164054,135,0.023,POST
266.608,1584,0.16408,125,0.025,POST
266.708,1586,0.164098,126,0.027,POST
266.808,1586,0.164104,124,0.026,POST
266.908,1591,0.164075,124,0.031,POST
267.012,1598,0.164118,124,0.035,POST
267.108,1596,0.164111,118,0.027,POST
267.208,1594,0.16407,117,0.023,POST
267.308,1606,0.164099,128,0.032,POST
267.412,1734,0.163949,127,0.035,POST
267.512,1636,0.163981,129,0.035,POST
267.608,1640,0.163997,126,0.028,POST
267.740,1634,0.163996,125,0.028,POST
267.844,1626,0.164006,125,0.025,POST
267.976,1621,0.164006,121,0.030,POST
268.108,1622,0.164008,119,0.034,POST
268.208,1626,0.163966,117,0.033,POST
268.308,1641,0.16391,122,0.032,POST
268.412,1639,0.163903,121,0.038,POST
268.508,1643,0.163917,120,0.037,POST
268.608,1647,0.163885,114,0.033,POST
268.708,1648,0.163874,119,0.034,POST
268.808,1656,0.163879,123,0.035,POST
268.908,1669,0.163851,123,0.029,POST
269.040,1666,0.16386,116,0.032,POST
269.172,1654,0.163901,120,0.031,POST
269.272,1660,0.163907,113,0.027,POST
269.372,1643,0.163929,120,0.026,POST
269.472,1640,0.163921,117,0.024,POST
269.572,1639,0.163902,117,0.025,POST
269.672,1635,0.163884,116,0.027,POST
269.772,1636,0.163885,117,0.030,POST
269.872,1638,0.163867,116,0.027,POST
269.972,1640,0.16391,118,0.032,POST
270.072,1650,0.163919,114,0.024,POST
270.172,1650,0.163912,115,0.025,POST
270.272,1650,0.163925,122,0.032,POST
270.344,1650,0.163923,116,0.034,POST
270.472,1653,0.163918,127,0.036,POST
270.572,1659,0.163958,120,0.042,POST
270.644,1645,0.163969,117,0.034,POST
270.772,1652,0.163976,121,0.046,POST
270.872,1697,0.164,120,0.048,POST
270.972,1649,0.164032,120,0.039,POST
271.044,1637,0.16401,121,0.042,POST
271.172,1642,0.163998,122,0.043,POST
271.272,1647,0.164009,123,0.040,POST
271.372,1647,0.164,121,0.037,POST
271.472,1652,0.164015,125,0.039,POST
271.572,1655,0.16403,113,0.032,POST
271.672,1668,0.164024,120,0.032,POST
271.772,1659,0.164021,121,0.030,POST
271.872,1666,0.164035,116,0.032,POST
271.972,1644,0.164047,124,0.025,POST
272.072,1639,0.164049,125,0.028,POST
272.172,1634,0.164047,123,0.023,POST
272.272,1633,0.164051,122,0.019,POST
272.372,1635,0.164034,123,0.020,POST
272.472,1640,0.164049,128,0.022,POST
272.572,1652,0.164051,115,0.032,POST
272.672,1649,0.164078,125,0.030,POST
272.776,1648,0.164079,115,0.032,POST
272.908,1691,0.164079,126,0.036,POST
273.008,1661,0.164072,118,0.037,POST
273.108,1665,0.164077,125,0.034,POST
273.208,1667,0.16407,117,0.038,POST
273.312,1668,0.164059,118,0.034,POST
273.440,1684,0.164039,126,0.023,POST
273.572,1678,0.164018,122,0.026,POST
273.672,1673,0.164038,125,0.024,POST
273.772,1668,0.164008,121,0.026,POST
273.872,1667,0.164016,116,0.029,POST
273.972,1670,0.164017,120,0.034,POST
274.072,1667,0.164035,120,0.038,POST
274.144,1664,0.164012,123,0.043,POST
274.272,1664,0.163981,118,0.045,POST
274.372,1669,0.16396,121,0.048,POST
274.472,1667,0.164016,127,0.047,POST
274.572,1667,0.16395,114,0.054,POST
274.672,1670,0.164003,119,0.057,POST
274.772,1671,0.163995,120,0.063,POST
274.872,1663,0.163977,113,0.063,POST
274.972,1662,0.163992,127,0.066,POST
275.044,1655,0.163988,116,0.064,POST
275.172,1653,0.163967,118,0.060,POST
275.272,1653,0.163978,121,0.055,POST
275.372,1656,0.163979,122,0.055,POST
275.472,1662,0.163968,126,0.059,POST
275.572,1668,0.163981,123,0.056,POST
275.672,1672,0.163938,123,0.054,POST
275.772,1670,0.163953,121,0.041,POST
275.872,1843,0.164028,120,0.043,POST
275.972,1787,0.164009,118,0.036,POST
276.044,1774,0.16402,120,0.039,POST
276.172,1782,0.164017,116,0.036,POST
276.272,1785,0.164022,120,0.028,POST
276.372,1774,0.16405,117,0.024,POST
276.472,1776,0.164056,124,0.022,POST
276.544,1775,0.164041,122,0.018,POST
276.644,1777,0.164021,122,0.006,POST
276.772,1785,0.164014,118,0.008,POST
276.872,1777,0.163989,115,0.005,POST
276.972,1774,0.163964,119,0.004,POST
277.072,1772,0.163953,120,0.010,POST
277.172,1772,0.163937,119,0.012,POST
277.272,1772,0.163927,122,0.011,POST
277.372,1774,0.163915,121,0.008,POST
277.444,1769,0.163921,118,0.012,POST
277.572,1766,0.163912,117,0.009,POST
277.672,1768,0.163911,125,0.014,POST
277.776,1768,0.163904,123,0.006,POST
277.908,1768,0.16391,114,0.018,POST
278.044,1753,0.163873,122,0.017,POST
278.172,1757,0.163863,123,0.011,POST
278.244,1756,0.163874,115,0.009,POST
278.372,1756,0.163888,121,0.011,POST
278.472,1746,0.163873,116,0.008,POST
278.572,1748,0.163869,126,0.014,POST
278.672,1754,0.16386,119,0.008,POST
278.772,1759,0.163857,123,0.021,POST
278.872,1765,0.163858,120,0.016,POST
278.972,1765,0.16386,125,0.016,POST
279.076,1762,0.163863,123,0.021,POST
279.176,1761,0.163879,120,0.024,POST
279.308,1755,0.163888,121,0.022,POST
279.408,1753,0.163896,122,0.025,POST
279.512,1755,0.163903,126,0.021,POST
279.640,1756,0.163908,120,0.024,POST
279.776,1753,0.163901,121,0.026,POST
279.908,1750,0.163893,126,0.029,POST
280.008,1748,0.163895,114,0.025,POST
280.108,1748,0.163891,120,0.030,POST
280.208,1750,0.163902,118,0.037,POST
280.308,1761,0.163893,118,0.039,POST
280.408,1759,0.163863,120,0.037,POST
280.508,1754,0.163875,121,0.034,POST
280.612,1757,0.163879,115,0.030,POST
280.740,1769,0.163885,119,0.022,POST
280.872,1775,0.163917,124,0.033,POST
280.972,1768,0.163922,125,0.037,POST
281.072,1767,0.163908,120,0.034,POST
281.144,1762,0.163909,123,0.029,POST
281.272,1762,0.163916,123,0.028,POST
281.372,1778,0.163932,123,0.050,POST
281.472,1774,0.163927,123,0.046,POST
281.544,1780,0.16392,122,0.038,POST
281.672,1781,0.163918,119,0.020,POST
281.776,1790,0.163901,123,0.030,POST
281.908,1786,0.163859,116,0.022,POST
282.012,1799,0.163843,119,0.024,POST
282.108,1804,0.163812,125,0.020,POST
282.208,1830,0.163591,123,0.022,POST
282.308,1721,0.163606,126,0.019,POST
282.440,1708,0.163591,127,0.024,POST
282.540,1703,0.163593,127,0.021,POST
282.672,1703,0.163581,127,0.027,POST
282.772,1695,0.163582,121,0.033,POST
282.872,1694,0.163582,128,0.034,POST
282.972,1697,0.1636,127,0.030,POST
283.072,1697,0.16361,127,0.030,POST
283.176,1694,0.163615,126,0.029,POST
283.308,1703,0.163643,127,0.029,POST
283.408,1685,0.163651,124,0.036,POST
283.508,1682,0.16365,124,0.036,POST
283.608,1680,0.16364,127,0.039,POST
283.740,1679,0.163638,132,0.041,POST
283.872,1689,0.163624,128,0.039,POST
283.972,1686,0.16362,128,0.041,POST
284.044,1690,0.163635,129,0.038,POST
284.176,1687,0.163621,126,0.044,POST
284.272,1686,0.163623,120,0.045,POST
284.376,1687,0.163601,122,0.054,POST
284.508,1688,0.163604,126,0.058,POST
284.608,1697,0.163617,116,0.054,POST
284.744,1700,0.163601,119,0.052,POST
284.872,1695,0.163585,123,0.064,POST
284.972,1690,0.163588,121,0.065,POST
285.072,2040,0.163569,125,0.065,POST
285.172,1800,0.163723,126,0.067,POST
285.272,1796,0.163719,120,0.067,POST
285.344,1790,0.163719,123,0.063,POST
285.472,1789,0.163706,124,0.069,POST
285.572,1788,0.163707,122,0.066,POST
285.672,1791,0.163706,122,0.068,POST
285.772,1800,0.163716,117,0.061,POST
285.876,1799,0.163703,124,0.063,POST
285.976,1799,0.163701,125,0.062,POST
286.076,1974,0.163806,123,0.059,POST
286.212,1838,0.164157,123,0.046,POST
286.340,1786,0.164229,122,0.048,POST
286.472,1798,0.164219,115,0.046,POST
286.572,1796,0.164233,120,0.040,POST
286.672,1798,0.16422,122,0.038,POST
286.772,1800,0.164201,122,0.038,POST
286.872,1802,0.164191,120,0.038,POST
286.972,1801,0.164196,125,0.033,POST
287.072,1802,0.164207,123,0.026,POST
287.172,1764,0.164278,122,0.025,POST
287.272,1765,0.164257,123,0.026,POST
287.372,1769,0.164231,128,0.030,POST
287.472,1766,0.16427,122,0.023,POST
287.544,1760,0.164259,124,0.022,POST
287.672,1763,0.164251,122,0.022,POST
287.772,1759,0.16425,128,0.017,POST
287.872,1681,0.16406,124,0.019,POST
287.972,1644,0.16399,125,0.024,POST
288.072,1638,0.164004,119,0.022,POST
288.172,1638,0.163991,123,0.019,POST
288.272,1637,0.16401,118,0.029,POST
288.372,1640,0.16402,124,0.044,POST
288.472,1640,0.164005,128,0.055,POST
288.572,1639,0.163995,120,0.067,POST
288.672,1633,0.164055,128,0.074,POST
288.772,1635,0.164011,123,0.073,POST
288.872,1634,0.16404,123,0.073,POST
288.972,1643,0.164133,128,0.167,POST
289.076,1639,0.164116,118,0.289,POST
289.172,1631,0.164087,115,0.377,POST
289.272,1637,0.164102,111,0.457,POST
289.372,1679,0.164146,116,0.522,POST
289.444,1651,0.164182,108,0.559,POST
289.572,1945,0.164144,88,0.610,POST
289.672,1802,0.164181,88,0.637,POST
289.772,1809,0.164318,91,0.653,POST
289.872,1795,0.163901,82,0.661,POST
289.972,1850,0.164113,81,0.669,POST
290.072,1932,0.164039,69,0.663,POST
290.172,2048,0.164183,58,0.662,POST
290.276,2123,0.163776,25,0.655,POST
290.408,1977,0.163572,27,0.647,POST
290.508,1761,0.163735,72,1.235,POST
290.608,2244,0.163898,83,1.107,POST
290.708,8261,0.164209,50,0.916,POST
290.840,2835,0.16413,29,0.741,POST
290.944,2099,0.164097,57,0.643,POST
291.040,2332,0.164086,76,0.582,POST
291.172,6844,0.164246,69,0.637,POST
291.272,6965,0.164189,80,0.625,POST
291.372,3351,0.164322,81,0.498,POST
291.472,7691,0.165402,75,0.441,POST
291.572,4571,0.164852,71,0.282,POST
291.672,3461,0.16486,80,0.151,POST
291.776,3633,0.165426,88,0.146,POST
291.908,3665,0.165997,72,0.209,POST
292.008,3837,0.165976,82,0.206,POST
292.112,2762,0.162878,77,0.691,POST
292.208,4333,0.162859,91,1.044,POST
292.308,4076,0.163283,80,1.209,POST
292.408,3514,0.164033,90,1.202,POST
292.508,3255,0.164152,96,1.120,POST
292.608,4665,0.164136,98,1.041,POST
292.708,4445,0.163626,86,1.015,POST
292.808,3978,0.163464,91,1.023,POST
292.940,3513,0.163464,91,0.640,POST
293.072,3931,0.163271,85,0.125,POST
293.172,3838,0.163004,75,0.333,POST
293.244,2457,0.164335,79,0.979,POST
293.372,2649,0.164099,84,1.149,POST
293.472,2588,0.164171,72,1.289,POST
293.572,2434,0.164239,67,1.426,POST
293.672,2326,0.164337,93,1.586,POST
293.772,2284,0.164461,87,1.765,POST
293.844,2620,0.16469,98,1.886,POST
293.972,2148,0.164723,97,1.271,POST
294.072,2389,0.165018,90,0.976,POST
294.176,2651,0.165384,96,0.778,POST
294.308,2459,0.165909,84,0.566,POST
294.412,2506,0.166761,85,0.440,POST
294.508,2339,0.167929,105,0.318,POST
294.608,2371,0.168212,106,0.152,POST
294.708,2461,0.168521,112,0.102,POST
294.808,2519,0.168772,103,0.277,POST
294.908,2566,0.168893,117,0.388,POST
295.008,2617,0.1689,114,0.235,POST
295.108,2671,0.168874,104,0.133,POST
295.208,2693,0.168782,114,0.084,POST
295.312,2694,0.168615,115,0.080,POST
295.408,2691,0.168514,113,0.084,POST
295.508,2705,0.168321,113,0.091,POST
295.640,2725,0.16819,115,0.106,POST
295.772,2719,0.168149,118,0.117,POST
295.872,2712,0.168,129,0.129,POST
295.972,2707,0.167934,127,0.209,POST
296.072,2706,0.167812,123,0.300,POST
296.172,2710,0.167761,115,0.371,POST
296.272,2715,0.167679,114,0.444,POST
296.376,2719,0.167625,114,0.496,POST
296.476,2717,0.167606,117,0.547,POST
296.608,2720,0.167664,110,0.603,POST
296.708,2715,0.167597,114,0.634,POST
296.808,2599,0.167973,111,0.657,POST
296.908,2581,0.168027,109,0.682,POST
297.008,2582,0.168051,109,0.700,POST
297.108,2585,0.16804,111,0.713,POST
297.208,2588,0.168048,109,0.718,POST
297.308,2638,0.168287,104,0.718,POST
297.408,2542,0.168238,110,0.715,POST
297.512,2546,0.168235,115,0.707,POST
297.584,2554,0.168262,116,0.700,POST
297.684,2650,0.168589,114,0.698,POST
297.784,2521,0.168579,108,0.691,POST
297.884,2524,0.168563,107,0.677,POST
297.984,2527,0.168576,113,0.660,POST
298.084,2636,0.169174,108,0.650,POST
298.184,2528,0.169097,105,0.636,POST
298.284,2533,0.169113,106,0.609,POST
298.384,2674,0.168602,107,0.602,POST
298.484,2539,0.168436,107,0.589,POST
298.620,2540,0.16841,110,0.565,POST
298.748,2553,0.168368,102,0.553,POST
298.848,2647,0.168164,105,0.546,POST
298.952,2581,0.1681,100,0.534,POST
299.052,2585,0.168047,109,0.529,POST
299.184,2580,0.168014,100,0.518,POST
299.284,2628,0.167725,111,0.512,POST
299.384,2554,0.167696,108,0.503,POST
299.484,2557,0.16771,117,0.492,POST
299.592,2677,0.167523,109,0.482,POST
299.692,2582,0.167522,109,0.477,POST
299.792,2585,0.167529,107,0.462,POST
299.892,2270,0.16743,110,0.458,POST
299.992,2119,0.167408,105,0.453,POST
300.092,2117,0.167372,103,0.453,POST
300.224,2182,0.167141,101,0.452,POST
300.324,2085,0.167139,106,0.452,POST
300.456,2098,0.167147,105,0.452,POST
300.556,2160,0.167122,111,0.450,POST
300.656,2100,0.167167,95,0.445,POST
300.756,2155,0.167186,105,0.444,POST
300.860,2120,0.167141,109,0.437,POST
300.992,2116,0.167123,102,0.434,POST
301.124,2189,0.167135,103,0.439,POST
301.256,2179,0.167088,96,0.444,POST
301.356,2322,0.167203,100,0.460,POST
301.456,2173,0.167203,98,0.463,POST
301.556,2224,0.167137,108,0.463,POST
301.656,2206,0.167115,101,0.461,POST
301.756,2267,0.166827,107,0.456,POST
301.856,2199,0.166833,102,0.457,POST
301.956,2238,0.16686,98,0.459,POST
302.056,2221,0.166978,100,0.460,POST
302.156,2217,0.166949,98,0.454,POST
302.256,2255,0.167057,85,0.456,POST
302.356,2316,0.1671,103,0.458,POST
302.460,2254,0.166844,91,0.460,POST
302.592,2339,0.167071,99,0.462,POST
302.724,2449,0.16709,95,0.469,POST
302.828,2553,0.167044,92,0.476,POST
302.956,2471,0.167022,79,0.478,POST
303.056,2610,0.166763,82,0.477,POST
303.156,2629,0.16684,68,0.476,POST
303.260,2502,0.166759,44,0.473,POST
303.392,2480,0.166722,18,0.471,POST
303.492,2415,0.166488,53,0.087,POST
303.592,2341,0.166391,97,0.123,POST
303.692,3271,0.166871,99,0.008,POST
303.792,2899,0.166853,99,0.007,POST
303.892,2287,0.166873,114,0.007,POST
303.992,2253,0.166867,107,0.005,POST
304.092,2276,0.166855,113,0.001,POST
304.192,2384,0.166857,103,0.004,POST
304.292,2254,0.166846,113,0.001,POST
304.392,2246,0.166842,105,0.002,POST
304.492,2244,0.166841,116,0.003,POST
304.592,2246,0.166837,116,0.001,POST
304.692,2245,0.166837,109,0.005,POST
304.796,2240,0.166834,114,0.005,POST
304.892,2243,0.166834,113,0.005,POST
304.992,2245,0.166835,105,0.002,POST
305.092,2248,0.166831,113,0.002,POST
305.192,2239,0.166828,108,0.004,POST
305.324,2239,0.16683,115,0.003,POST
305.456,2239,0.16683,117,0.003,POST
305.556,2237,0.166829,118,0.006,POST
305.656,2238,0.166815,109,0.004,POST
305.756,2235,0.166812,119,0.003,POST
305.856,2236,0.166805,106,0.003,POST
305.928,2234,0.166803,125,0.004,POST
306.028,2240,0.166802,108,0.003,POST
306.164,2232,0.166799,118,0.002,POST
306.292,2231,0.166799,109,0.004,POST
306.396,2241,0.166784,115,0.004,POST
306.492,2239,0.166776,110,0.001,POST
306.592,2232,0.166775,117,0.006,POST
306.724,2256,0.166767,113,0.002,POST
306.824,2236,0.166762,121,0.002,POST
306.932,2239,0.166749,110,0.004,POST
307.056,2245,0.166738,118,0.001,POST
307.156,2238,0.166738,113,0.002,POST
307.256,2238,0.166732,123,0.002,POST
307.356,2239,0.166721,109,0.003,POST
307.456,2244,0.166709,121,0.004,POST
307.560,2241,0.166709,118,0.002,POST
307.692,2250,0.166693,120,0.004,POST
307.796,2299,0.166692,119,0.005,POST
307.892,2248,0.166671,118,0.002,POST
307.992,2245,0.166662,118,0.005,POST
308.092,2251,0.166649,119,0.005,POST
308.192,2250,0.166642,125,0.003,POST
308.292,2242,0.166638,114,0.004,POST
308.392,2243,0.166625,115,0.003,POST
308.492,2240,0.166628,119,0.003,POST
308.592,2242,0.166626,112,0.005,POST
308.696,2250,0.166603,113,0.005,POST
308.792,2247,0.166606,118,0.003,POST
308.892,2254,0.166601,116,0.004,POST
308.996,2287,0.166588,114,0.005,POST
309.092,2254,0.166601,123,0.002,POST
309.224,2248,0.166599,109,0.005,POST
309.356,2254,0.166599,118,0.004,POST
309.460,2249,0.166594,113,0.005,POST
309.560,2249,0.166592,115,0.007,POST
309.656,2252,0.166574,120,0.005,POST
309.756,2252,0.166561,121,0.003,POST
309.856,2252,0.166548,115,0.006,POST
309.956,2246,0.166544,122,0.005,POST
310.056,2246,0.166521,119,0.004,POST
310.156,2249,0.166519,120,0.005,POST
310.256,2244,0.166536,119,0.007,POST
310.356,2243,0.16653,118,0.006,POST
310.456,2243,0.166518,119,0.006,POST
310.556,2242,0.166505,114,0.005,POST
310.656,2256,0.166485,124,0.003,POST
310.756,2246,0.166485,118,0.005,POST
310.856,2247,0.166482,124,0.008,POST
310.956,2252,0.166461,122,0.006,POST
311.056,2248,0.166464,124,0.006,POST
311.156,2247,0.166448,115,0.004,POST
311.256,2222,0.166453,120,0.003,POST
311.356,2208,0.166453,118,0.003,POST
311.456,2216,0.16645,116,0.004,POST
311.556,2219,0.166443,119,0.004,POST
311.628,2204,0.166442,116,0.004,POST
311.756,2205,0.166444,111,0.004,POST
311.856,2203,0.166441,117,0.004,POST
311.956,2207,0.166442,108,0.005,POST
312.028,2203,0.166441,121,0.007,POST
312.156,2206,0.166446,115,0.003,POST
312.256,2203,0.166445,117,0.003,POST
312.356,2206,0.166443,112,0.003,POST
312.460,2212,0.166451,113,0.005,POST
312.592,2208,0.166446,108,0.003,POST
312.692,2205,0.166442,125,0.006,POST
312.824,2210,0.166443,110,0.003,POST
312.928,2207,0.166441,128,0.003,POST
313.056,2205,0.166444,105,0.001,POST
313.156,2203,0.166434,120,0.005,POST
313.256,2199,0.166436,103,0.003,POST
313.356,2252,0.166483,123,0.002,POST
313.460,2180,0.166487,110,0.003,POST
313.560,2189,0.166493,120,0.002,POST
313.692,2196,0.166495,113,0.001,POST
313.792,2290,0.166494,118,0.001,POST
313.892,2182,0.16649,111,0.001,POST
313.992,2181,0.166491,119,0.003,POST
314.092,2187,0.166498,115,0.002,POST
314.192,2178,0.166497,117,0.003,POST
314.292,2182,0.166493,117,0.003,POST
314.392,2187,0.166485,117,0.004,POST
314.492,2187,0.166487,115,0.004,POST
314.624,2194,0.166495,123,0.002,POST
314.760,2203,0.166497,121,0.003,POST
314.856,2191,0.166491,116,0.001,POST
314.956,2183,0.166492,120,0.001,POST
315.056,2187,0.166505,120,0.003,POST
315.160,2221,0.166475,116,0.003,POST
315.260,2201,0.166467,117,0.002,POST
315.392,2230,0.166463,118,0.001,POST
315.492,2200,0.166468,119,0.003,POST
315.592,2188,0.166472,116,0.003,POST
315.692,2197,0.166463,113,0.000,POST
315.824,2231,0.166551,118,0.002,POST
315.960,2196,0.166463,118,0.002,POST
316.092,2205,0.166462,123,0.002,POST
316.196,2190,0.16646,116,0.002,POST
316.324,2204,0.166457,116,0.003,POST
316.456,2201,0.166461,121,0.002,POST
316.556,2189,0.166454,114,0.002,POST
316.656,2204,0.166464,113,0.002,POST
316.756,2194,0.166459,116,0.002,POST
316.856,2194,0.166461,118,0.003,POST
316.928,2204,0.16652,115,0.003,POST
317.064,2315,0.166532,115,0.004,POST
317.192,2354,0.166534,123,0.003,POST
317.292,2224,0.166488,114,0.004,POST
317.424,2222,0.166495,124,0.002,POST
317.556,2225,0.166517,117,0.002,POST
317.656,2268,0.166498,127,0.004,POST
317.756,2242,0.166507,121,0.002,POST
317.856,2217,0.166502,126,0.002,POST
317.956,2229,0.166502,118,0.003,POST
318.060,2210,0.166502,118,0.002,POST
318.192,2212,0.166504,120,0.002,POST
318.292,2198,0.166506,118,0.003,POST
318.392,2202,0.166509,115,0.003,POST
318.492,2213,0.166523,120,0.000,POST
318.592,2196,0.166522,110,0.002,POST
318.692,2210,0.166521,123,0.002,POST
318.796,2212,0.166525,107,0.003,POST
318.924,2212,0.166527,120,0.004,POST
319.056,2213,0.166524,118,0.004,POST
319.156,2221,0.166534,118,0.001,POST
319.256,2215,0.166542,116,0.001,POST
319.356,2209,0.166543,121,0.004,POST
319.456,2216,0.166547,119,0.003,POST
319.556,2225,0.166572,121,0.001,POST
319.656,2212,0.16694,116,0.001,POST
319.756,2320,0.166699,126,0.002,POST
319.856,2238,0.16681,120,0.004,POST
319.956,2235,0.166886,119,0.001,POST
320.056,2219,0.167164,117,0.001,POST
320.156,2267,0.166571,116,0.002,POST
320.256,2216,0.166625,116,0.002,POST
320.356,2229,0.166708,108,0.002,POST
320.456,2214,0.166582,118,0.003,POST
320.560,2216,0.166594,109,0.002,POST
320.660,2206,0.16659,120,0.003,POST
320.792,2235,0.166615,103,0.003,POST
320.928,2223,0.166628,118,0.002,POST
321.060,2223,0.166631,113,0.001,POST
321.192,2206,0.166625,117,0.002,POST
321.292,2209,0.166632,109,0.002,POST
321.396,2224,0.166619,120,0.001,POST
321.492,2212,0.166626,114,0.002,POST
321.592,2223,0.166644,114,0.001,POST
321.692,2218,0.166629,114,0.003,POST
321.792,2210,0.166625,115,0.001,POST
321.896,2212,0.166616,116,0.003,POST
321.992,2216,0.166601,121,0.002,POST
322.124,2217,0.166598,118,0.001,POST
322.256,2201,0.166596,110,0.002,POST
322.356,2207,0.166598,121,0.001,POST
322.456,2209,0.166607,117,0.001,POST
322.556,2205,0.166605,119,0.002,POST
322.656,2203,0.166604,120,0.003,POST
322.760,2219,0.166592,117,0.002,POST
322.892,2210,0.166595,117,0.002,POST
322.992,2204,0.166594,119,0.001,POST
323.096,2209,0.166585,111,0.003,POST
323.196,2204,0.16659,116,0.001,POST
323.324,2208,0.16659,117,0.003,POST
323.456,2210,0.16659,121,0.003,POST
323.556,2220,0.16659,119,0.006,POST
323.656,2213,0.16659,115,0.002,POST
323.756,2207,0.16659,126,0.002,POST
323.856,2202,0.16659,118,0.005,POST
323.956,2217,0.16659,124,0.003,POST
324.056,2206,0.16659,122,0.003,POST
324.156,2216,0.16659,123,0.004,POST
324.256,2216,0.16659,124,0.002,POST
324.356,2199,0.16659,123,0.002,POST
324.456,2195,0.16659,117,0.004,POST
324.556,2204,0.16659,119,0.002,POST
324.656,2202,0.16659,118,0.003,POST
324.728,2197,0.16659,117,0.002,POST
324.856,2210,0.16659,122,0.002,POST
324.956,2208,0.16659,116,0.004,POST
325.028,2204,0.16659,121,0.003,POST
325.128,2207,0.16659,113,0.003,POST
325.256,2211,0.16659,120,0.004,POST
325.356,2222,0.16659,121,0.002,POST
325.428,2213,0.16659,119,0.003,POST
325.560,2216,0.16659,125,0.004,POST
325.692,2225,0.16659,114,0.003,POST
325.792,2215,0.16659,127,0.003,POST
325.892,2196,0.16659,121,0.002,POST
325.992,2194,0.16659,122,0.005,POST
326.096,2182,0.16659,115,0.003,POST
326.192,2214,0.1177,124,0.004,POST
326.292,2183,0.171734,110,0.008,POST
326.392,2877,0.144151,123,0.003,POST
326.492,2259,0.134579,82,0.003,POST
326.592,2226,0.133195,117,0.001,POST
326.692,2686,0.134059,91,0.001,POST
326.792,1657,0.13868,120,0.003,POST
326.892,1619,0.145182,113,0.001,POST
327.024,1597,0.148077,116,0.002,POST
327.156,1599,0.149188,114,0.003,POST
327.256,1590,0.152888,120,0.001,POST
327.356,1576,0.154014,109,0.003,POST
327.456,1582,0.152972,110,0.002,POST
327.556,1560,0.151351,111,0.002,POST
327.656,1582,0.148643,108,0.002,POST
327.760,1597,0.149081,118,0.002,POST
327.892,1643,0.149033,113,0.001,POST
328.024,1604,0.148877,114,0.003,POST
328.156,1729,0.148545,113,0.001,POST
328.256,1623,0.149969,116,0.001,POST
328.356,1598,0.149848,117,0.002,POST
328.456,1607,0.149531,117,0.001,POST
328.560,1572,0.148987,117,0.002,POST
328.692,1593,0.149224,116,0.002,POST
328.824,1575,0.150295,113,0.003,POST
328.924,1593,0.152666,122,0.003,POST
329.024,1574,0.156081,125,0.001,POST
329.156,1592,0.15497,103,0.002,POST
329.260,1525,0.155134,119,0.002,POST
329.392,1588,0.155625,101,0.001,POST
329.492,1537,0.156329,121,0.003,POST
329.592,1596,0.155543,109,0.002,POST
329.692,1562,0.155332,117,0.001,POST
329.796,1529,0.155498,104,0.002,POST
329.892,1599,0.155708,117,0.005,POST
329.996,1687,0.155224,115,0.003,POST
330.092,1603,0.154447,118,0.001,POST
330.192,1590,0.15478,116,0.003,POST
330.296,1573,0.154906,116,0.002,POST
330.392,1539,0.154089,116,0.002,POST
330.492,1593,0.153515,117,0.001,POST
330.592,1572,0.152805,111,0.002,POST
330.692,1537,0.151726,121,0.002,POST
330.792,1621,0.151272,110,0.001,POST
330.892,1547,0.151057,113,0.002,POST
330.992,2109,0.146541,117,0.001,POST
331.092,1607,0.145667,98,0.003,POST
331.192,1686,0.144209,112,0.001,POST
331.292,2351,0.143375,104,0.001,POST
331.392,2272,0.142924,117,0.001,POST
331.496,2606,0.143325,106,0.002,POST
331.592,9.429e+04,0.143463,119,0.001,POST
331.696,1657,0.144003,103,0.002,POST
331.796,1785,0.144142,118,0.003,POST
331.892,1800,0.14368,104,0.004,POST
331.992,2942,0.144537,111,0.002,POST
332.124,2682,0.144798,112,0.001,POST
332.228,2193,0.144641,111,0.002,POST
332.328,1719,0.144762,113,0.001,POST
332.456,2303,0.145894,113,0.004,POST
332.560,3847,0.145545,116,0.001,POST
332.696,2203,0.146356,109,0.001,POST
332.792,1755,0.141621,119,0.003,POST
332.892,8529,0.1431,109,0.002,POST
332.992,4511,0.140473,114,0.001,POST
333.092,5140,0.143312,109,0.003,POST
333.192,3839,0.14087,116,0.003,POST
333.296,3.7e+04,0.141975,114,0.004,POST
333.392,1809,0.141234,102,0.002,POST
333.496,1512,0.146947,117,0.001,POST
333.592,1488,0.147937,105,0.002,POST
333.692,1501,0.148883,119,0.001,POST
333.792,2010,0.149557,107,0.004,POST
333.892,1888,0.15022,101,0.001,POST
333.992,1919,0.150548,113,0.003,POST
334.092,1580,0.151161,94,0.003,POST
334.192,1667,0.151137,112,0.002,POST
334.292,1937,0.151294,98,0.001,POST
334.392,5970,0.151439,116,0.002,POST
334.492,1581,0.151724,85,0.001,POST
334.592,1706,0.151585,110,0.001,POST
334.692,1558,0.151163,79,0.001,POST
334.792,1498,0.151267,106,0.001,POST
334.892,1683,0.15162,87,0.002,POST
334.992,1797,0.152316,108,0.001,POST
335.092,1553,0.152187,92,0.002,POST
335.192,1596,0.15223,106,0.002,POST
335.292,1636,0.152378,100,0.002,POST
