t,px,py,pz,qx,qy,qz,qw
25.82,-0.004209111027859355,0.013102329331434247,0.003170352242240807,0.004564792107029717,0.0013617205067257394,-0.001069697335463729,0.9999880819979264
25.908,-0.004741554173853229,0.012176995479042016,0.003221616856931191,0.004654784657478873,0.0013804773849601612,-0.0009229849100949833,0.9999877876058477
26.016,-0.00447151980196059,0.012557718200455134,0.0036372686953222546,0.004608422574025032,0.0015588759709260515,-0.0008963955208422499,0.9999877643362226
26.108,-0.004503245449480506,0.012526448025330214,0.0034244440811302687,0.004811378438183097,0.0014912645286715425,-0.0009015228735791766,0.999986906926355
26.216,-0.004230224539123896,0.013149215027537691,0.003963186589687705,0.00472015618886582,0.0017065421823405922,-0.0011465547886084337,0.9999867465378975
26.308,-0.004338998486973359,0.012742016297274365,0.004270058835589023,0.004843470321968814,0.0018920522018712252,-0.001063569607246319,0.9999859147775013
26.424,-0.004696830960693583,0.012401091555815317,0.004477429291280649,0.005183643246991197,0.0017250269141179182,-0.0009654025045288479,0.9999846109430074
26.508,-0.0050614256126230665,0.012010573080206753,0.004333570374018794,0.005434741050404833,0.0015260299293433507,-0.000899105671363464,0.9999836630822333
26.636,-0.004758391676141562,0.012359014085836598,0.004686212505512539,0.005487025895343822,0.0016434097869543922,-0.0009789912821277958,0.9999831165210569
26.708,-0.004572985704246774,0.012411472451532228,0.004457271822152559,0.005413867869024487,0.001565486177681824,-0.0009793974842680852,0.9999836399003196
26.812,-0.004582272249920928,0.01231659093728256,0.005146037380206516,0.005610861786455148,0.0017388757788387413,-0.0009949940872525916,0.9999822521064088
26.872,-0.0035022781099653373,0.0007506153514261721,3.32790214507008e-05,-0.0007624727488097596,-0.0015021327316918737,0.0003077898261184348,0.9999985337479184
26.916,-0.00473355086724501,0.011886208159435035,0.004799254747658568,0.005812913610636363,0.0014584321260509008,-0.0008085466882983062,0.9999817144644905
26.972,-0.003212608624268232,0.000613386427565207,-9.228411599166647e-05,-0.0007883014546821696,-0.0013753959919339225,0.00028549806694230193,0.9999987026779263
27.036,-0.004497701043631107,0.011932816748302178,0.0046970890341754175,0.005948644571626449,0.0014496886134557107,-0.0007535227283584838,0.9999809719360575
27.072,-0.0036837631813634486,0.0006005686968543091,-4.578921741530751e-05,-0.0009680016840178868,-0.0013894994254707257,0.0003187767898128552,0.9999985153216202
27.112,-0.004726418825674537,0.01211945361309828,0.0040395658900472,0.0060764955011939955,0.001197076824009492,-0.0009052028264697502,0.9999804117168217
27.172,-0.00344816841453978,0.0007731112295233464,-2.2072740052030678e-05,-0.0011823034525924594,-0.0013694052804753122,0.00017127018700745716,0.9999983487757601
27.208,-0.004603586871984195,0.012243378876587965,0.0046194401572980095,0.005854800302072288,0.0013437179859451293,-0.0009215977767330933,0.9999815330259529
27.272,-0.003501793009008568,0.0006872933491006857,-3.311713136899601e-05,-0.0011151339939515904,-0.0013528960951067765,0.00033482645298325766,0.99999840701852
27.32,-0.004387169017876651,0.012371841297464518,0.0044905386666450635,0.006080140434741613,0.0012586157010989543,-0.0008960437061287087,0.9999803222486368
27.372,-0.00478230537290782,0.001069040565574155,-3.6126463172391946e-05,-0.0011814440297650299,-0.0013552980205862872,0.0003185690340176332,0.9999983329341358
27.408,-0.003289068533582072,0.013927070922906955,0.004733373896507151,0.0058885260469607875,0.001327333457838053,-0.0012786006932680985,0.9999809641323945
27.472,-0.004007497277534956,0.0008120113339426794,-3.418117153534677e-05,-0.0010132680451924773,-0.0012832718127375263,0.00036437976318188413,0.9999985968633713
27.512,-0.0037614545316797363,0.012491142690975749,0.0041376754556855955,0.006467328927293557,0.001088734687531142,-0.0009514901639130318,0.9999780412488037
27.572,-0.004133964919997029,0.0008093261643077429,-5.01054160554349e-05,-0.0011098547121340882,-0.0012287952411583118,0.00045599442628831973,0.9999985251758406
27.636,-0.003753730783557429,0.013239298375129634,0.0035942802548202847,0.00616362572667992,0.000819312700950505,-0.0010651528355900763,0.999980101749048
27.672,-0.004287951175194539,0.0009452996904541573,-8.569383177079717e-05,-0.0011868655632649488,-0.0013691589888021904,0.00031345946019768436,0.9999983092470531
27.716,-0.0035479097901068997,0.013581163355133711,0.0038779674338280242,0.006051100718559006,0.0010009074619888373,-0.0011770194813205451,0.9999804983045854
27.772,-0.00558876396333978,0.0008314940636629475,-0.0002368724350675727,-0.00111961599511174,-0.0013175702325653506,0.00037993762091332694,0.9999984330568273
27.816,-0.0033986199642938113,0.013706245960389047,0.003995057057186795,0.0059722167032572725,0.0010367187282037782,-0.0012637319193226403,0.999980830228042
27.872,-0.003919164336127533,-1.884622988179645e-05,-0.000146815256763554,-0.0013687641661878894,-0.0014209905300845596,0.000477766878046631,0.9999979395025677
27.908,-0.0033109659932838618,0.013576617980479232,0.003772005227172865,0.005679094735833665,0.0009836254074217273,-0.0011840124557290898,0.9999826890894382
27.972,-0.006068273963108544,0.00017455553210570416,-0.00011373066076622251,-0.001593340849762051,-0.0014059488621514851,0.0006134613205277476,0.9999975541159797
28.008,-0.003110926237242045,0.013450234603116324,0.004304042414719406,0.00557124637336276,0.001207514890064539,-0.0011167011565106678,0.9999831279077486
28.072,-0.00603130826657902,-2.052070184867057e-05,-8.290691030744987e-05,-0.0016399701175881989,-0.0013005446762239124,0.0006302815727263707,0.999997610910495
28.112,-0.0031998037806807256,0.013699020800153035,0.003939019466774809,0.0055710569515011734,0.001217171151719059,-0.0012973275991068726,0.9999828992337474
28.176,-0.003983540700085891,2.640500296871039e-05,-0.00012448963313563196,-0.0014432512823180598,-0.0013876878150749325,0.00041470376919353394,0.9999979096823393
28.236,-0.003806815405555682,0.012540259523897345,0.004227428582813483,0.005894741479091508,0.0013276263453547773,-0.0009443020488871416,0.9999812986875416
28.272,-0.002531193184353955,9.240781787167567e-06,-8.967585998792119e-05,-0.0016918950414002841,-0.0013791562432196559,0.00034775636321957335,0.9999975572393852
28.316,-0.0038845834348300765,0.013052139308656554,0.004077956288176685,0.005754887795843304,0.0011304756932012797,-0.0010349130898198668,0.9999822659657824
28.372,-0.00850040776597736,0.0028649809237685205,-7.476320906503212e-05,-0.001796477388377044,-0.001354273231552009,0.00019329163177664438,0.9999974506224266
28.408,-0.004097384944731398,0.01256597166015188,0.003838299299878143,0.0060821281546199115,0.0010612832017772098,-0.0009758226339819569,0.9999804643918118
28.472,-0.010137068882234448,0.005352438126905648,-0.0002349473816464936,-0.0018017462462424831,-0.001425297499131713,-3.905462866848375e-05,0.9999973603526356
28.508,-0.004340919498499157,0.012095338944363439,0.003974069977770327,0.0060289424528543354,0.0010955015905010947,-0.000786907304223376,0.9999809160709318
28.572,-0.0063873240133333386,0.003429147731351982,-0.00031542438988245696,-0.001643537165352812,-0.0013339728664211344,-2.7507796062324454e-05,0.999997759270139
28.62,-0.004030755189738427,0.012589830773356708,0.004301453283105254,0.006027374599381139,0.0012811356036736372,-0.0009256875480969436,0.9999805860863336
28.672,-0.0033491719702453053,0.00216250610986269,-9.063841488568048e-05,-0.0016270106424652836,-0.0012508714888638537,-0.00013340931923036339,0.9999978851771844
28.72,-0.00393384577998261,0.013487765071546913,0.004455396992378982,0.006020330944952121,0.0012404201500845593,-0.0012391067516168378,0.9999803406005653
28.772,-0.003286419867770219,0.0020915507145012986,2.31574264603182e-05,-0.0016247007925581924,-0.0015561136904068808,-0.00019666025989573637,0.9999974500878785
28.816,-0.004114047480805778,0.012926636078130885,0.004443031372124402,0.005957904062515021,0.0012288427141765395,-0.001060192098485757,0.9999809344769929
28.872,-0.0035572072716215453,0.002546017760739261,-8.027624200737969e-06,-0.0017565294721873332,-0.001799633455648759,-0.00016541421556974455,0.9999968242758454
28.912,-0.004091099808469818,0.012820795290413807,0.00458237162022568,0.0059398347737973645,0.0012952934040664627,-0.0010083651156778113,0.9999810117085478
28.972,-0.004785618229574671,0.0026727625818947637,2.2092473087515605e-05,-0.0013695565441859932,-0.0016658949649704263,-8.381034683289513e-05,0.9999976710396198
29.008,-0.004268366074560281,0.012654621739859234,0.004034052981654814,0.0059345519021955315,0.00097206594434301,-0.000942230879403389,0.999981474019639
29.072,-0.003206343334280254,0.0027507848256573333,-0.00017725249128674924,-0.0013617506778353856,-0.0020690312936279967,-0.0003883312454207729,0.9999968569667813
29.108,-0.004361827551325578,0.012439357143764457,0.0035307939776818226,0.0060196946034349955,0.0009487925030416698,-0.0009635626374165283,0.9999809671272305
29.172,-0.0031748862412911928,0.0030399881201758853,-7.840222755612619e-05,-0.0013649419606262085,-0.0020630752885377,-0.00037032893017139126,0.9999968717502478
29.208,-0.004550084379559997,0.012146024175024951,0.003983607922949121,0.0058625942093951154,0.0011515700933800144,-0.0008613299763226886,0.9999817808270948
29.272,-0.003657110236518539,0.0033753868315759897,1.795836474303709e-05,-0.0014683828611498494,-0.0020203469132940464,-0.00019270543958534517,0.9999968624524462
29.308,-0.0041870363474244155,0.01255895595439295,0.0037392675504801494,0.00564692258463347,0.0010267398806093574,-0.0008996770113468139,0.9999831241835114
29.372,-0.0034247384951755708,0.003536279358839321,-5.921617491196654e-05,-0.001302287538452633,-0.0021298691240650603,-0.00020075503370047917,0.9999968636961308
29.408,-0.003921053268428258,0.012780763271589298,0.004086568797024362,0.00603900433949936,0.0012038024118423633,-0.001028475915928273,0.9999805115719161
29.472,-0.003354012880153131,0.0036150627187932884,8.985880492099271e-05,-0.0010793001696251584,-0.0020394650091962807,-0.00019429703853125258,0.9999973189675465
29.508,-0.003957517667701508,0.012871080462915647,0.004528911964542518,0.006113498611094738,0.001228985938225072,-0.001074940301283534,0.9999799794154103
29.572,-0.0025331956520185817,0.0031207450289377388,2.5844223848605076e-05,-0.0009247651855934894,-0.0021523786987555655,-0.00024914059453337925,0.999997224998276
29.608,-0.004013245811531509,0.012917239933263179,0.004160436429822659,0.006201383004336502,0.0010950739539885511,-0.001096270430181988,0.9999795707178286
29.672,-0.0024231271775930823,0.0032017647220203864,-6.236186018830845e-05,-0.0009931955961618839,-0.0022941522680099955,-0.0003115626916557103,0.9999968266732491
29.708,-0.004123766565654947,0.012959831668265795,0.004400260164825301,0.006286073236490902,0.0010780083806835612,-0.0011156131049013444,0.9999790390746182
29.772,-0.002755572368629948,0.003374068251846425,0.00013331799985353166,-0.0007729391469427039,-0.0021227220854680585,-0.0002985560884294335,0.9999974037367723
29.828,-0.0040451981720553195,0.012586080767226022,0.005593663247136509,0.006441897787519348,0.0013606507794805334,-0.0009375542319189186,0.9999778855426822
29.872,-0.004616613952229768,0.0026189327207383345,-0.00010506778261627143,-0.0005120503099271668,-0.0024374458735589404,2.1614908192190208e-05,0.9999968980926338
29.908,-0.004249243651569715,0.01295188269683843,0.005573752147658654,0.006479186898061899,0.0012898531453342402,-0.0010106180612738742,0.9999776672841938
29.972,-0.004845691080253073,0.0027650953367834314,-0.00010247525702666076,-0.0005325015814977313,-0.0024399808558956686,-1.3173837472683885e-05,0.9999968813761064
30.008,-0.004131634850308673,0.013285725444007104,0.005019184055792553,0.006566003564116767,0.0011075165811386576,-0.0011208395297170365,0.9999772021016115
30.072,-0.004402199276396532,0.0019259355045761338,-5.06216182233384e-06,-0.0005200985714749122,-0.002679257375890394,0.00011897529890174025,0.9999962684541718
30.12,-0.003929919746249004,0.012714255581104608,0.005284307655016177,0.006629409886137775,0.0012420890961999337,-0.0009433603984143858,0.9999768088362837
30.172,-0.00443534090666305,0.002036653484514967,0.0002139354404877071,-0.0006974638255397527,-0.0031007552737357625,0.0002195995314718318,0.9999949253056188
30.22,-0.0023697726093768875,0.015047970002502324,0.002849978669381089,0.005932681146668565,0.0005086530677588716,-0.0013042997401410202,0.9999814215117482
30.276,-0.00516135111997092,0.0020313076851361618,6.744420649633152e-05,-0.0004044129936022088,-0.0037185027864454845,0.00021696547012823767,0.9999929810319383
30.324,-0.0014131066919967667,0.01392205292448465,0.0020516272306831725,0.00464430086846637,0.0004507367910273584,-0.0009910352634570788,0.9999886225127239
30.372,-0.006502627341117171,0.0024951168735858633,3.707320636210011e-05,-0.00013129931069431427,-0.004652732270712882,0.00014047487665751643,0.9999891574960785
30.408,-0.00025608712747171515,0.013032909754743914,0.0017827636495813032,0.003920867036092393,0.0004366159065859013,-0.0008929831755492307,0.9999918193411802
30.476,-0.0073483884810795624,0.002819569592776353,0.00010517415727193012,-7.379996101734748e-05,-0.005460175172576969,0.0001501116509249159,0.9999850791422554
30.524,-0.0003285865078785728,0.012609008028792586,0.0016261214541648113,0.0035150754823835627,0.00048658799795867443,-0.0008347617684527298,0.9999933553025557
30.576,-0.00731652313074702,0.0029209259503552173,0.00031735264750694435,0.00016919837410612663,-0.006400345277874625,0.00014980742078638635,0.9999794920446974
30.636,-0.0009580704494758121,0.012996777169323116,0.001946686835454337,0.003199106512470269,0.0005448711660815952,-0.0009590000564981155,0.9999942745595226
30.672,-0.007500666334361409,0.002970880659003648,0.00044363795926896145,0.0004987994342456951,-0.0072852595059266214,0.00018390762349547514,0.9999733208296318
30.712,-0.0008516907991987124,0.012734354312309846,0.0020226531507869065,0.0029901330752318904,0.0006543380216203786,-0.0008897860779792118,0.9999949196004355
30.772,-0.007110943202908342,0.0029939509718396387,0.00028976144001349366,0.0007011300511725517,-0.008082845465769735,9.46176519409233e-05,0.9999670829948992
30.812,-0.0007043721908972476,0.012507494293851245,0.001687941285153938,0.002828078334246372,0.0006143924750970139,-0.0008335512170974029,0.9999954648333114
30.872,-0.01131363508433126,0.0046012654651459905,0.0006622335945251716,0.0006946069259008054,-0.009026028353366211,-2.1542488363704502e-05,0.9999590230950987
30.912,-0.0008789211587924544,0.012762504580488243,0.00183862972366588,0.0026293551835981535,0.0006453329290609147,-0.0008766301350735904,0.9999959507699696
30.972,-0.012933727010615426,0.00516196812193002,0.0005647198394559137,0.0007479302514942656,-0.009914720335428739,-3.248547557450517e-05,0.9999505677110759
31.008,-0.0017102712614208621,0.014972671043455179,0.0022638459015048,0.002402087187383953,0.000986080655971608,-0.001177313596074167,0.9999959357691314
31.072,-0.008304309214855778,0.003394138800447596,0.00032930544762858145,0.0009813960547110116,-0.010448675979030332,-4.975580556288887e-06,0.9999449294872756
31.108,-0.00215755811012492,0.015604273233603163,0.0024369925178215736,0.0021987123176810093,0.0012697261936429002,-0.0013641404513428132,0.9999958462815565
31.172,-0.0074123718029728775,0.003090736759662124,0.0003339510095130639,0.0010852492270768043,-0.010871233740408664,-8.005452916391171e-05,0.9999403142699813
31.212,-0.0022809794425140482,0.01503020048921235,0.0023958272217170186,0.0021716696636214874,0.0013791954845294313,-0.0012249703810931242,0.9999959405508869
31.272,-0.004626723983617485,0.0021642471042053646,0.0002787283042929552,0.0015102598365391462,-0.011225939399214308,-0.00025259266142743306,0.9999358147385154
31.308,-0.0014431136673140263,0.013811591420035295,0.0016983881285306368,0.0019387968671367164,0.0011964148806691026,-0.000990513086317851,0.9999969142662227
31.376,-0.0031060541568765773,0.002717195484892682,2.594544643346914e-05,0.0015824204176844254,-0.011977783047244988,-0.0005264108780747159,0.9999268731014695
31.412,-0.0007203184010676205,0.012550637732305324,0.001347569957966818,0.0017633760191469233,0.0008863381250008093,-0.0008488257287232031,0.9999976921996498
31.472,-0.004220626264102507,0.002394714998724178,5.5001698307126286e-05,0.0017293043244074762,-0.011967048805635615,-0.0003495335780618267,0.9999268358613619
31.512,-0.00045411448059800934,0.013055036779617113,0.0012335938260063567,0.0016376514666558237,0.0008488682059702708,-0.0008843225838291454,0.9999979077448164
31.572,-0.003401897527215354,0.0025438160763274573,5.5019666526753925e-05,0.0015741071913144987,-0.01247794144069573,-0.0005550892465978233,0.9999207543800065
31.612,-0.000726384995566614,0.013224989229093036,0.00143383880650735,0.00154676494424376,0.0008948042381257804,-0.000970504230189541,0.9999979324804237
31.672,-0.003782221721519217,0.002109816339049291,-1.644179764140349e-05,0.001467430053044569,-0.013211000433607649,-0.00017342850281786045,0.9999116391157455
31.712,-0.001559514684335188,0.014820385666540283,0.0018119686043379204,0.0013406177355758928,0.0010392553038836663,-0.0012482761310818992,0.9999977822471412
31.772,-0.0034060720023242523,0.002142544541515715,0.0003024766972338337,0.0011712346403603025,-0.0139794187896006,-0.00015875947155062802,0.9999015845847792
31.808,-0.0015927294201189134,0.015181273712691748,0.0019313515364242312,0.0012523821706542106,0.001097879806142025,-0.0013116601964143371,0.9999977528706547
31.872,-0.003275195366507328,0.00238671138522748,-0.00010249592941072793,0.0005323905767111566,-0.014998372208679125,-0.00028428673966959014,0.9998873359396114
31.912,-0.0014429242275874458,0.013966545108241045,0.0019091703272787425,0.0012127711572328809,0.0010710772328272366,-0.00111738872330863,0.9999980667091924
31.972,-0.003155109697198277,0.002278767915370503,-0.00020310295874416415,-0.00016411258712866635,-0.015722798845847298,-0.0003023744798172766,0.9998763299694546
32.008,-0.0012538845504147102,0.013419107925325678,0.001726326336056935,0.0013252760594709373,0.0009945734880095125,-0.0010599803378453542,0.999998065452442
32.072,-0.002898059098923144,0.002509115259032642,-0.0002402830733775591,-0.0009310004516613377,-0.016348239690134037,-0.00038587085633718315,0.9998658507024205
32.112,-0.0011536237879710186,0.013582800936500584,0.0016123459739528854,0.0014013320244746076,0.0009530427022566852,-0.001083314035030126,0.9999979772023874
32.172,-0.002904531513934423,0.002526770575670613,-0.00013545415433076355,-0.0019046045713856912,-0.01690093474719654,-0.00029857654463903086,0.9998553104015324
32.208,-0.0013552711710188548,0.014674671657495933,0.001755641350540004,0.0014719590080132625,0.0010416155815033226,-0.001195087834622098,0.9999976600666256
32.272,-0.0032054413452039486,0.0023634393290576155,-0.000154510224849854,-0.002949592807024172,-0.017471928266014212,-0.000195023186935808,0.9998429844685097
32.308,-0.0010943939018061505,0.01427047778867707,0.0019275999133439982,0.0015804611871218892,0.0010788713945994407,-0.0011452315945341672,0.9999975133086806
32.372,-0.003245195525016397,0.002414929617366073,-4.013370056315697e-05,-0.00441829775807518,-0.017860194619154605,-0.00021679482161919835,0.9998307082166922
32.436,-0.0006936557736313741,0.01332380891260963,0.001575491679930564,0.0015619582783242664,0.0009364486344467707,-0.0009888951213434393,0.99999785271606
32.472,-0.0038581003156137553,0.0021941339290336673,-0.00025546986695856335,-0.005819423865486842,-0.018195016273684566,-0.0001595618393274291,0.9998175084627662
32.508,-0.0012958091989680588,0.014005732206046983,0.0021182769437562594,0.001734133609360043,0.0011168720920646201,-0.0010358031414578095,0.9999973362410557
32.572,-0.004586009606377374,0.0018427322479500643,0.0017825972222502678,-0.007874057636651777,-0.017655885989428015,0.00015957246601720575,0.9998131042564361
32.608,-0.005589440391911043,0.0007629508913511477,0.0021157078826744167,0.009376265657083587,-0.0038491131010613476,-3.484904844068538e-05,0.9999486330588221
32.672,-0.004646194846146716,0.0016482751857956422,0.014907390138508253,-0.0096528956819512,-0.015728252128744662,0.00016712330986016287,0.9998296933776909
32.708,-0.003278029415229013,-0.005255056577998691,0.036435817068082625,0.017339611122865688,-0.006921774531829855,2.308428902494682e-05,0.9998256980046841
32.772,-0.004237429766085462,0.0011183626688431201,0.03739216841630736,-0.013610874170607752,-0.013283559297908901,0.00034709843156691524,0.9998190689716663
32.82,0.011296981943405249,-0.022970114672111342,0.17733449574016225,0.011974274708440792,0.01934615351911395,0.005048059645727313,0.9997283932063923
32.872,-0.003824861236649404,0.0031239657668408033,0.08179956788636814,-0.030220278731050036,-0.005377566606976479,-0.0004030211880968244,0.9995287159980584
32.908,0.034462025732202424,-0.026421290434242725,0.3176873385217849,0.0012235322547753447,0.03688425609449959,0.00446832847360599,0.9993088054559656
32.972,-0.0022529955862472476,0.007138947310202337,0.10469215645783111,-0.04159809949670024,-0.0014851820678392748,-0.0005558525375107437,0.9991331659896215
33.008,0.052378676014060724,-0.007722253613683022,0.36178271121853817,-0.014321382965227935,0.036046012914620215,0.003182867715082099,0.9992424391988316
33.076,0.005352423354361084,0.017551846632585785,0.1410859331976987,-0.05620584098574029,-0.012798279280737986,-0.00029393732582908455,0.9983371279720024
33.152,0.03162927397785134,0.013916801051209847,0.2454048134023989,-0.01307741995830729,-0.013625676982090317,0.0005848784736768119,0.9998214740298313
33.208,0.009567996558998218,0.027482875068085055,0.1322856544795496,-0.04316725592570286,-0.0481432418747385,-6.280869591365164e-05,0.9979072162945326
33.272,0.015071262381076972,0.024990527330945773,0.11070174758069722,-0.0015213392246267185,-0.04644951641440075,-0.0010948909961381015,0.9989188801727288
33.308,0.004665522615191037,0.03561868576618881,0.09804324084144228,-0.016840580469206914,-0.06291747810361216,-0.0014100281270029472,0.9978756423619242
33.372,0.002545721867940812,0.03977565910803774,0.08374287408601577,0.00713141435648414,-0.04341269362795667,-0.0020369468809233473,0.9990296951585802
33.408,-0.007514984073665347,0.050493139572717,0.0704467957683619,-0.002090967336024715,-0.057039705551868845,-0.002819807151010845,0.9983657388621601
33.472,-0.02005717128185548,0.058436164899885436,0.0709929531372849,0.013058763442173032,-0.02305757726660188,-0.003105336790387565,0.9996440234960514
33.56,-0.04878232699227633,0.07621232773919444,0.0780639526857408,0.0053747463805703605,-0.03873899776495923,-0.00331232939592017,0.999229418415753
33.604,-0.06160724123852541,0.08015629916489767,0.1044146484153253,0.02042808475015565,-0.009802665696228523,-0.0028771740533470786,0.9997391274568357
33.672,-0.08733831084874769,0.09339784699821824,0.12024964067858102,0.0064084312179606044,-0.03990330304150292,-0.002607946096376792,0.9991795919817724
33.74,-0.10100086851074225,0.10316595564573317,0.18070493210759536,0.02514983364124646,-0.0010847361223073862,-0.001926833756491944,0.9996812474619284
33.808,-0.13696174554172222,0.11842137547095669,0.19436023085509813,0.005633172652032826,-0.029594311889256143,-0.0013787004703849782,0.9995451681913563
33.872,-0.13398987420985137,0.12384198359892278,0.2660667527861381,0.02371343849375455,0.01244166684398336,-0.00040751329031649087,0.9996412915110422
33.928,-0.17444671116351865,0.14044275913018858,0.26986415781771145,0.004403126152085374,-0.019001233671194145,-0.0004596118172456696,0.9998096590631834
33.972,-0.16491236943804463,0.13314689124611315,0.333063263532828,0.027154319012612765,0.01413282102504242,0.00113294341419641,0.9995307012633756
34.008,-0.19588856339591798,0.15534040351609796,0.32380632090789463,0.00505241903389074,-0.014913937832744903,-0.0005587750517924526,0.999875859939957
34.072,-0.18303273747505958,0.14676505340847573,0.40367242964319505,0.029920512657503485,0.014118136394981296,0.0011264019065807618,0.9994519359958185
34.108,-0.21647204590713107,0.17282150560666115,0.39247335976679754,0.006807412568238679,-0.014174652348298133,-0.0003671607521767969,0.9998762941273849
34.172,-0.19954388244278096,0.15797850993560147,0.4730998401893224,0.0339169438787778,0.008682473253793165,0.001625552362851104,0.9993856178451022
34.212,-0.23088699389126938,0.19080223631028673,0.46410827378202224,0.007074722975170778,-0.01371606154092275,-0.0002948287141739826,0.9998808584159713
34.276,-0.2091699657814986,0.16927348873850215,0.5493445041614673,0.03685391074870418,0.005888335925749981,0.0023009759131674204,0.9993006666025992
34.348,-0.23845390684871515,0.21527886846443,0.5591109431269498,0.005374600667444071,-0.012187550775152465,-0.0005563484360164542,0.9999111299261482
34.404,-0.21275523415561973,0.18574467035103018,0.6420493559535824,0.037765068841508674,0.0029298460018271663,0.0020512802173142525,0.9992802448899266
34.472,-0.2398460105508524,0.24505670253523631,0.6428495644328105,0.00021779978010819527,-0.014719648188829053,-0.002238350921380207,0.999889131006836
34.508,-0.21822385684180176,0.19704237975344635,0.7146199033736749,0.04088602622275266,-0.005909043925662756,0.0022775397475145644,0.9991437478522774
34.572,-0.23690180202394698,0.2728251390547278,0.708851211953938,-0.004936313457484602,-0.01812540302287131,-0.0033358329968016303,0.9998179708291532
34.636,-0.21290432277445703,0.21617536678960905,0.8034935338525309,0.04155335124988503,-0.012507490744997645,0.0021332368541062754,0.999055719655161
34.676,-0.2267186378807392,0.30203794300601755,0.775407676890793,-0.009587832047320508,-0.02189377164121211,-0.0041889723717846656,0.9997055510251123
34.716,-0.20647458823408904,0.23207015348057214,0.8499564023931534,0.038415705096784804,-0.01962952455437193,0.002134269316189101,0.9990667446483104
34.772,-0.21215956867834754,0.3331657662264957,0.818706017760668,-0.01614082306166522,-0.027129050273874553,-0.004774528164071023,0.9994902162317248
34.836,-0.1857664919775764,0.26778844919725764,0.8962932165018664,0.03269504269545869,-0.026085420660457555,0.0013199494265048236,0.9991240377178504
34.872,-0.19124056696348418,0.3700703116328764,0.845003287118206,-0.019304223503561913,-0.0307800113379629,-0.005322251082467532,0.9993255783278914
34.908,-0.17851032455716478,0.29012342028240723,0.9149844868368582,0.034891606879206144,-0.03172607635345836,0.0009173356389463758,0.9988869757604847
34.972,-0.16794344527397112,0.4102033553477493,0.8599577656416485,-0.019216095411774693,-0.03257360612905312,-0.005541904615341622,0.9992692275628773
35.036,-0.15078812635668873,0.34120507048683324,0.9369733351511176,0.038666167482620466,-0.03418805201506163,0.0005483969402489689,0.9986670134997037
35.072,-0.14170257281821041,0.45424746910863256,0.8645664059665877,-0.016440283820718254,-0.03345518924559024,-0.005708254864426529,0.9992886886214807
35.108,-0.1330164897400723,0.3751826663166292,0.9421977264977872,0.04162546087858288,-0.034785422032096704,0.00014661188787871111,0.9985275529126119
35.176,-0.11259288583667577,0.5039810857194635,0.8649697339967626,-0.01157587913693689,-0.03380403212526787,-0.005933371573499995,0.9993438254855291
35.236,-0.0951937829256174,0.4429423819412226,0.945828055651903,0.046036914713574614,-0.03440580701815719,-0.00030553244172440257,0.9983470085982185
35.272,-0.082728647637352,0.5538656217855848,0.8597303706863582,-0.007385552665325407,-0.03449979421786687,-0.006164673223883989,0.9993584014830692
35.308,-0.07321687042208308,0.4811309011616609,0.9455331988552418,0.049594785896170564,-0.03459934839944503,-0.0003634146800507357,0.9981698804472198
35.372,-0.0524927751426604,0.6096744648669428,0.8516206004263477,-0.0038008027069517058,-0.03846731654084463,-0.006326514920878697,0.9992326028837756
35.408,-0.042733274354492035,0.538767270442787,0.9413678417498145,0.05435490017845519,-0.03682847589117494,-0.0008396558212228627,0.9978419229358051
35.472,-0.01879710231908374,0.6642955545267393,0.8380017759167704,0.0012247422710897024,-0.04220403678187996,-0.006387161363545454,0.9990878457149798
35.508,-0.010040001167882395,0.5951052494685796,0.9327215540739446,0.06018638156845787,-0.04054715961554421,-0.0011158211448951483,0.997362663359713
35.572,0.01544062552357689,0.7201894545434425,0.8206448730094674,0.004820241753288835,-0.046316185766053425,-0.006570114962465131,0.9988935928290381
35.636,0.03258357008434637,0.6680792481479515,0.9138895467034865,0.0653552434459792,-0.04620219061050888,-0.0011598824736974642,0.996791204018953
35.672,0.05186996111314443,0.7730269474135003,0.7993874874219575,0.008939052094426001,-0.0483333985481611,-0.0064031793325320914,0.9987707320636069
35.712,0.060226213120136485,0.7114870317122259,0.8988089590533908,0.06771517054227714,-0.047703415093078856,-0.0014377978314972688,0.996562578368405
35.772,0.08926380778124707,0.8248621899686183,0.7745795547092633,0.012273458975682465,-0.0494013505359204,-0.006597791170427589,0.9986818001353939
35.812,0.09738666178062727,0.7648756181722635,0.8775973577739271,0.07009235013580385,-0.04829898155498961,-0.0015295641822503066,0.9963693749140441
35.872,0.12652945244909866,0.8729347264989364,0.7482736560868198,0.014613954026341539,-0.04928910101736178,-0.006572429784297988,0.9986560068588917
35.912,0.13296829371006114,0.8155072756579761,0.8566329072507326,0.07278215924599103,-0.048494998865961175,-0.0018196596190584143,0.9961664927206457
35.972,0.16203057393744733,0.918858028940586,0.7213200824129157,0.017117453484680405,-0.04982311710451802,-0.007061452396862588,0.9985863936977292
36.008,0.1672436964801638,0.8608090216106354,0.8349210972883304,0.0749983706741663,-0.049102631489942754,-0.00215169465036618,0.9959716593292777
36.072,0.1968058258449263,0.9615172615697997,0.6942646221299411,0.018119111084258097,-0.0508730124597868,-0.007472402514541401,0.9985127929162667
36.116,0.20483331580231212,0.9080509133236269,0.8107042583623658,0.07603903351369555,-0.05014387582102237,-0.0026810940986447805,0.9958395798693599
36.172,0.2301010322007321,0.9994183530885563,0.6682309922652644,0.01899984620282049,-0.05257261263112742,-0.007709385122700203,0.9984065763136962
36.236,0.2441768854955744,0.9532772549442978,0.7814196654947199,0.07540059278055845,-0.05112119542095164,-0.002945031711063859,0.9958376879669166
36.272,0.26203204698913396,1.032334415675837,0.6423641391578204,0.019163313297499054,-0.053949347122914715,-0.0076680680898535926,0.9983303241413848
36.336,0.2748529698209975,0.9872058982089479,0.7586359709204799,0.07476024162405877,-0.051706671637501304,-0.0032604857129672053,0.9958547562839671
36.372,0.29240048872803964,1.062797634580153,0.6182427922615644,0.019299882532310218,-0.05527870601059126,-0.008021219276411931,0.9982521922026284
36.408,0.294730881387618,1.0081671828446521,0.7383918930932347,0.07254556294873964,-0.05145728761248052,-0.0033435165361874477,0.9960311791029381
36.472,0.31969798539320937,1.0879462543072718,0.595619271653477,0.01860232915287346,-0.05631662898903807,-0.008127103649425024,0.998206562208279
36.536,0.32844848492214196,1.0428486136730166,0.7130133873147215,0.07139435556925315,-0.05160682621323225,-0.004173232945502689,0.9961034914143363
36.572,0.34541488548701094,1.1109371794859482,0.5768326086643475,0.018736814032203775,-0.057974396363466504,-0.008407953901914102,0.998106811657649
36.612,0.3452857117880949,1.0599182361565604,0.6961831714834008,0.06989900274888512,-0.05175416660106384,-0.00438605278369019,0.9962009828318377
36.672,0.36700552854767354,1.1291668127669308,0.5563622379761541,0.0182228247982787,-0.05840213317134439,-0.008358300578587864,0.9980918085571315
36.708,0.3657624156609437,1.0791253987642133,0.6805910622749669,0.06931666579614922,-0.051730990499566636,-0.004950294056468572,0.9962402315975767
36.772,0.3864204040368163,1.1437097670056482,0.5426349076145563,0.018636309544894782,-0.05970550010640851,-0.00814566467813231,0.9980088122709849
36.808,0.38334112824590727,1.0948656529057894,0.6643988534791493,0.06782692298626529,-0.05225047795558196,-0.005097245463321275,0.9963149171623975
36.872,0.40323812219813515,1.1536285098989834,0.5291922529862507,0.01854531737621804,-0.06031470061211115,-0.007665589770286375,0.9979776785213987
36.916,0.40035712750501073,1.1046121480428108,0.6504659186356025,0.06730347262324853,-0.052247233372042574,-0.004741617640581776,0.9963523404097415
36.972,0.41546165568978355,1.1612040976151343,0.5152997234605914,0.01765004871770386,-0.06029003108403332,-0.007753708934888292,0.9979947233978255
37.008,0.4106069862500289,1.1102923752779752,0.6407057139748205,0.06673388122042083,-0.051849408126742325,-0.004731075572049374,0.9964114837245187
37.072,0.4250776073189698,1.162723600050303,0.5054198762061852,0.01697744247996021,-0.059379507726604164,-0.007269813435424794,0.9980646223174129
37.108,0.41885152125723074,1.1129558364419276,0.6288780507036169,0.06415441990734258,-0.05054797823756694,-0.004845747136323069,0.9966471948674404
37.172,0.431861445907207,1.1602771316725562,0.4986048868898227,0.01569869834672222,-0.05845438504923568,-0.006735078594600874,0.9981439147012112
37.208,0.4234338881774425,1.1096551348471728,0.6228104948742046,0.06255610921186738,-0.04900720029156296,-0.004307636666915321,0.9968282057537303
37.272,0.43517018892806303,1.1541406636677012,0.49338283870080246,0.014086532369999996,-0.0570087451828192,-0.006295438763741263,0.9982544465361731
37.308,0.4269110563395165,1.1024274590086591,0.6195462469356067,0.06170185833379814,-0.047761475426309666,-0.0038129585828196796,0.9969439219384928
37.372,0.4367556194426674,1.1454695281067737,0.4925041095403736,0.012655688141362729,-0.055876365683295424,-0.006165992904449859,0.9983384425369973
37.416,0.427131348818891,1.0917375293317322,0.6182257214624117,0.05938167781729204,-0.0462388443741016,-0.003723379600002569,0.997156919474014
37.472,0.43614762582458433,1.1337336870517172,0.4940019263241635,0.010277776566794832,-0.05474877979634506,-0.006011651735922462,0.9984291654709714
37.508,0.4258939211424078,1.079792230723132,0.6193706939142053,0.057308677485337266,-0.04524157286037164,-0.00337440967260755,0.9973251871527975
37.572,0.4329657308789826,1.1194246218204216,0.49658617169080765,0.007724275570218997,-0.053459875885044285,-0.005574195724706431,0.9985245643344453
37.616,0.4224513476786081,1.0629108256683613,0.6222317418722865,0.054686915582675535,-0.04398684838564179,-0.0027212445555081285,0.9975304974090873
37.672,0.42882920397664237,1.1030362566246419,0.5009079551847252,0.005271199290276268,-0.05233298979725291,-0.00500826552508274,0.9986032194587363
37.708,0.4180992957078372,1.04669195118341,0.6245879717066157,0.05214559683625383,-0.04301946572153176,-0.0021776699028906226,0.9977100881786346
37.772,0.4228831322303773,1.0849216181531411,0.5052189707107099,0.002502059244455681,-0.05077503837241243,-0.004524318312405175,0.9986967336091699
37.816,0.41075124305239386,1.0279498426062734,0.6281103522738233,0.04898433077730023,-0.04144939214634271,-0.002155666274630511,0.997936789747683
37.872,0.4156333773721312,1.0677190640033158,0.5113661394828376,-0.00022490767188040688,-0.049089850596468136,-0.004834961734724784,0.9987826385805769
37.908,0.40467833355111754,1.0099904320323643,0.6327542700423169,0.04732088862677575,-0.040266185815702925,-0.001911309328526544,0.9980659871351585
37.972,0.4085699463518036,1.0483307190489846,0.5171139378376396,-0.0021792265054929945,-0.04788460414392689,-0.004613414333332246,0.9988398430509299
38.016,0.39669441649417275,0.9887235399491536,0.6377806927249011,0.04532751088867376,-0.0392785536551249,-0.0017826402881495195,0.9981980936532596
38.072,0.4007230717023389,1.0291082665976992,0.5234347754858556,-0.0038948579902049704,-0.04656147493055474,-0.004538707552682433,0.998897521904664
38.112,0.38912873262287084,0.969999092344991,0.6426450310462201,0.043936031870222485,-0.038309732968848376,-0.0016139956810752375,0.998298244254339
38.176,0.3922150177932001,1.0107987939049505,0.5307537749935545,-0.005020579991423238,-0.045354936028681674,-0.0047255509488928794,0.9989471421064346
38.236,0.37941822196574826,0.9459269062639992,0.6487921826977601,0.042671159293165374,-0.03759259133491786,-0.0015973100346692564,0.9983803973646299
38.272,0.3841518727131551,0.9930151575905195,0.5370224685384072,-0.006119791835761215,-0.04444601610140909,-0.004739375384609367,0.9989818006958705
38.308,0.3736035183780068,0.933157524323341,0.6524715274297688,0.04164958539725038,-0.037435508195394276,-0.0016849407890781967,0.9984292943102817
38.372,0.3758676903916923,0.9752201256956954,0.5428152255981105,-0.007265326630599103,-0.04355756859888447,-0.004727068773005682,0.9990133172623473
38.436,0.3633957330701647,0.9097891043031815,0.6584810102100578,0.04034122445195753,-0.03678521266482304,-0.0016804843626414634,0.9985071906156848
38.472,0.3676108974556966,0.9592608292432517,0.5492557383234561,-0.008232913031053224,-0.04213168288134426,-0.004997318206139825,0.9990656471180237
38.508,0.35741966735298014,0.8974430351918291,0.6619226722209609,0.039443371229114066,-0.03639055416732638,-0.0016489715887830004,0.9985575741669463
38.572,0.3594907745118636,0.9427229872330667,0.5554956411141037,-0.008858232128938213,-0.041799679755206876,-0.0047622341725675876,0.999075392361156
38.636,0.3476925387404335,0.8776910942690782,0.6685769179625848,0.03810818288563624,-0.03595344169103832,-0.0015864227540177843,0.9986253550208755
38.672,0.3511821881519367,0.9277656301258314,0.5617893272022032,-0.009589345933732781,-0.041421618148192806,-0.004473405616021718,0.9990857233674911
38.708,0.3415693907372809,0.8670258403987652,0.6726361348778518,0.037966700533605825,-0.03568076689987876,-0.001462873955310393,0.9986407124305612
38.776,0.3429149702652934,0.9151286238144913,0.5689597438786052,-0.010180495118293132,-0.041293352652214003,-0.0045049031584006305,0.9990850426232092
38.836,0.3313552870448552,0.8491518391759494,0.6790505903465253,0.03788056126738147,-0.03522848560744011,-0.0009757509931953481,0.998660635446233
38.872,0.335070840289473,0.9025303666912936,0.5747349900969887,-0.01023659833933434,-0.04104794488083084,-0.004082990063508404,0.999096395483259
38.936,0.32347582711251033,0.8362086248346743,0.6846732152067323,0.03768372053756594,-0.03479270249420822,-0.0006439655189869739,0.9986836287673923
38.972,0.32716910362651797,0.8900980131753926,0.5809798289939886,-0.010182607552048424,-0.04090354349925776,-0.0036545314560930014,0.9991045285817104
39.012,0.3179722116026755,0.8280333910023058,0.6883707572401364,0.037471216950047986,-0.034620476113661064,-0.0005863227573180614,0.9986976453159235
39.072,0.3198280305204949,0.8790192485752596,0.5870182619119252,-0.010265359408394787,-0.04076531664268124,-0.003537361380872849,0.9991097529449402
39.108,0.3109542219138388,0.8180590256467012,0.6927986623993302,0.03761025581827531,-0.03449480762243595,-0.0006902746184440015,0.9986967009184151
39.172,0.3132773685419401,0.8697065255489119,0.5923239445504784,-0.010202462711944811,-0.04068134211139834,-0.003512419178347474,0.9991139079555155
39.216,0.3035081827416025,0.8071811242478067,0.6970756221120281,0.0377115140974205,-0.03417768242782505,-0.0004971864003617239,0.9987039003298356
39.272,0.3068092887458028,0.8615267898091049,0.5964997770105825,-0.00991286997273706,-0.04013998640765723,-0.0036253838174457346,0.9991383152958718
39.336,0.2959139523386748,0.7970935789901459,0.7011924209556537,0.03813100316751244,-0.03388492976497765,-0.0006297010016836589,0.9986978730371414
39.372,0.3005068716956066,0.8538349594388532,0.6003081516141033,-0.009682822094029084,-0.039878853044328394,-0.0036269417334570822,0.9991510222833314
39.408,0.2912858738588215,0.7912125593212258,0.7036019743223036,0.038138503256078614,-0.033635992967878295,-0.0004700543835606285,0.9987060896957259
39.472,0.2944209714473537,0.847045957730147,0.6036498525025056,-0.009673544015147252,-0.039714475504486535,-0.0035677368761308547,0.9991578725282473
39.508,0.28571652443350704,0.7832255494907672,0.7058184126285162,0.0382566839953358,-0.03370738473027532,-7.806368064173556e-05,0.9986992701761567
39.572,0.28907514470848,0.8403771058824575,0.6058352259108183,-0.009197465349684216,-0.03940210220831727,-0.00319937451104049,0.9991759829857024
39.608,0.28083827465794875,0.7772993803985068,0.7071429676452233,0.038499663401637574,-0.03365877058461243,8.435326606437822e-05,0.998691571990682
39.672,0.28461215694758774,0.8356007425877796,0.6074612317989957,-0.009108986576457792,-0.03888348741990578,-0.0032640917820272457,0.999196900753027
39.712,0.2763199927282181,0.7721052535451651,0.7082293805663162,0.03892852068117,-0.03329977591040796,0.00010418298432404511,0.9986869801633533
39.772,0.2807464567135438,0.8300469824950784,0.609422868924523,-0.008479649132449104,-0.03823107369861488,-0.002891677725383005,0.99922876197314
39.816,0.27248135280178704,0.7670964773705342,0.709148147244559,0.039352330805876384,-0.033168520068686556,0.0001497803819085121,0.998674732283958
39.872,0.2775212054247732,0.8257288495229096,0.6105656636401916,-0.008198662444441108,-0.037982087184531874,-0.002962981947013969,0.9992403933614825
39.908,0.26929478405362484,0.7629112380890011,0.7097445548104574,0.03951710409356368,-0.03322895120276564,0.00015248699579424778,0.9986662165276939
39.972,0.27457975690619424,0.8217129403153366,0.6109494304942994,-0.007816725523062883,-0.03776451291409566,-0.003122187735336488,0.9992512158162249
40.012,0.2664898326391817,0.7587064243217998,0.7105489699890905,0.039633394931337086,-0.03294509436465124,6.338832425773474e-06,0.9986710242734291
40.072,0.27184492420132306,0.8180495161341226,0.6125482679871406,-0.007915222108858,-0.03791610281900518,-0.0033039426408475758,0.9992441155038202
40.108,0.263786389213844,0.7554522834959513,0.7119721672505824,0.039631184228639114,-0.033146557900178564,-0.00030891048013383094,0.9986643978385937
40.172,0.2689051395009676,0.8146853431759054,0.6143319842634533,-0.00783512090001567,-0.03830876449340945,-0.0035082775642719297,0.9992290735522074
40.208,0.26090777800106085,0.7526776806417246,0.7133860620154318,0.0394502296642782,-0.03365822960389713,-0.0005896099063259044,0.9986543222354397
40.272,0.2662183350303101,0.8123097206807893,0.616085935248497,-0.007921933364736742,-0.03855114241499267,-0.0037070524265503907,0.9992183495876016
40.336,0.25803148284781924,0.7507646730126597,0.7159064248691682,0.03926314387423816,-0.0338092561510225,-0.0009888186067929824,0.9986562781905435
40.376,0.26357094766141964,0.8105338974318972,0.6172584449989992,-0.007808939261220393,-0.038907743434918624,-0.0037407665806250177,0.9992052915361319
40.436,0.2558223228577487,0.7491000701486307,0.7166171188748909,0.039359777752629214,-0.03415903374563684,-0.0008990482542267785,0.9986406561026167
40.472,0.2617473837781069,0.8090363184165461,0.61775761476966,-0.007612308425185302,-0.038872400097852144,-0.003564511628222503,0.999208828788019
40.508,0.25511660818372056,0.7458373712171134,0.716591669908395,0.03993879132618926,-0.03413718648948709,-0.00023767958060383362,0.998618790607508
40.572,0.25996308120490996,0.8076292967745451,0.6188767887143879,-0.007492668048707626,-0.038915238754043076,-0.003378802968422428,0.9992087108350929
40.608,0.2539355191805551,0.7452713009167802,0.7169933716667563,0.03991284467414557,-0.03426131768525864,-0.00024538419947949967,0.9986155750473161
40.672,0.25912582861819405,0.8069591306058002,0.6182646955609902,-0.007274212674338869,-0.038532392523159854,-0.00323636659037127,0.9992256334220526
40.716,0.25299501130302443,0.7447054102047364,0.7172128579221714,0.039829331570576304,-0.03393698439736958,-5.909440673827645e-05,0.9986300125394314
40.772,0.25860712610788966,0.8065893112431662,0.6181509067071963,-0.007318078418776726,-0.038546002219110254,-0.00313198912881066,0.9992251208237701
40.812,0.2521575956551193,0.7448623701335301,0.7174695141822585,0.039857537545629505,-0.03386269659507526,-0.00014339113474196795,0.9986314004271502
40.872,0.2575280018395664,0.8071408377807593,0.6191314567328307,-0.00746168392390051,-0.03871668328086635,-0.003319674805812707,0.9992168540751964
40.916,0.2509684864015265,0.7455650922999744,0.7185873401898606,0.039900439576382694,-0.034018621394384,-0.00037272106985255425,0.9986243284634323
40.972,0.25602992017945975,0.8081075783928452,0.6200617857798169,-0.007214517796977527,-0.03901370797497181,-0.00349961719361839,0.9992065021818557
41.008,0.2493401334193326,0.7458212344884809,0.7195914369145973,0.040068427057997624,-0.034383627638285376,-0.0003512170781315004,0.998605109114756
41.072,0.254193710413854,0.8098827720701558,0.6201741396790846,-0.00704683885079415,-0.039250872902016225,-0.0036857185639139704,0.9991977414492631
41.108,0.2478954292532248,0.7474207747233372,0.7199801872443358,0.04030723821584746,-0.03474692049318402,-0.0005362107372571375,0.998582841101176
41.172,0.2529184848300774,0.8115834619348171,0.6205993544909941,-0.006720308714390477,-0.03920365495570439,-0.003719071381948867,0.9992017210738547
41.208,0.2469271345694657,0.7489887292707953,0.7204652040323652,0.04058048566907682,-0.0346451640612446,-0.0004513757659809011,0.9985753517136047
41.272,0.252222603643506,0.813383217506209,0.6196491974053644,-0.006332615472136404,-0.03898018233545007,-0.0035478270908843967,0.9992136189470749
41.308,0.2463233509637243,0.7516488506124062,0.7198652406079463,0.04081202234133677,-0.034557501950088686,-0.0004271311570664674,0.9985689637928642
41.372,0.25185094963009935,0.815406450539935,0.6198447358534059,-0.00618309894932744,-0.038845354803221405,-0.003245761308534524,0.9992208328148101
41.436,0.24579456329586377,0.754209208710277,0.7192666367815357,0.041450069599222525,-0.034394172559966955,0.00010493386236238073,0.9985484072457476
41.472,0.2512427342863167,0.8174969538507311,0.6188137083621755,-0.005611836471379345,-0.03850630952798852,-0.0029150485460673796,0.9992383468972392
41.516,0.24483562571485068,0.7557445924155919,0.7191925859405901,0.04177517467615775,-0.034241634355743324,0.0003986885169570235,0.9985400273924379
41.572,0.250768467389649,0.819485884436921,0.6183429778993917,-0.004957639176646146,-0.03855864679162202,-0.002743857039239322,0.9992402733176547
41.608,0.24437421436859375,0.7567463686616092,0.7186403605130941,0.04248519950046762,-0.0343672197091028,0.0006942635311469744,0.9985055933899524
41.672,0.25022095098060043,0.8205459126206694,0.6177716752287515,-0.004429980480765763,-0.03853651304553402,-0.00265862028538212,0.9992438361948547
41.724,0.24360562784329523,0.758144165056811,0.7189888341327804,0.04277425027649176,-0.034354015948905324,0.000508228389248328,0.9984938191122521
41.772,0.24898580227076106,0.8233113149850095,0.6184874211020014,-0.0044035165586048955,-0.03886563763138588,-0.003272330249523482,0.9992293846300568
41.836,0.24183926711746367,0.7593021414578729,0.7191333893261431,0.042846337937684206,-0.034822630649613585,6.533248342968538e-05,0.9984746223373115
41.872,0.2473265157055059,0.824996353699456,0.6188649362497421,-0.004582166930048471,-0.03884144674396231,-0.0038670323550049073,0.9992273974535659
41.936,0.24041911116175568,0.7608786103198766,0.7203556399084887,0.04251730968072792,-0.03454007377755064,-0.000416067082015598,0.9984984169086788
41.972,0.24624317187466763,0.826641392030913,0.6193373101771288,-0.004694340001622279,-0.038898537556853664,-0.004294936057477952,0.9992229083003199
42.012,0.23942077244719706,0.7619914994054575,0.7201352365624588,0.042506250642290314,-0.034714463292484704,-0.0006673219282414581,0.9984927037170044
42.072,0.2454079617326596,0.8275059789111481,0.6185685815010271,-0.004705530999664503,-0.0383986700750605,-0.004345033934207537,0.9992419730948998
42.136,0.23900397147432456,0.7635815309371937,0.7201249745933461,0.042529290710462235,-0.03422771197154257,-0.0007895757312113393,0.998508437488148
42.172,0.24478895510444096,0.8289237783491868,0.6190760046365735,-0.0046636268332424765,-0.03853947147757807,-0.004494904179164737,0.999236085997403
42.24,0.23795012764358064,0.7648508477169869,0.7205308245327442,0.04256299337258227,-0.034226630995984664,-0.0008515324850385484,0.9985069875660646
42.312,0.2433638975448435,0.8308998107163773,0.6193579284705671,-0.0048643865359496285,-0.03874050214779079,-0.004469272437481256,0.999227470019137
42.372,0.23661105043340613,0.7661226006489703,0.7211633326725827,0.04247077539085262,-0.0343938253734477,-0.0005918677962003145,0.9985053568741594
42.436,0.24233264159411297,0.8312717149770622,0.6193075403469841,-0.004753816575950938,-0.03852902380383111,-0.0039848003337517625,0.9992382283114404
42.472,0.235656571024575,0.7665041416607505,0.721344642880321,0.042526651026685534,-0.03439552232899086,-0.00019605753692368693,0.9985030763886572
42.512,0.24162719487086043,0.8317406066981747,0.6203454000606071,-0.004627028849755846,-0.03851763586337432,-0.003806849264390757,0.9992399562818723
42.576,0.23475488445766018,0.7672624803489245,0.7229110000475352,0.042806994665659875,-0.034150963311346955,-0.00020775075461688749,0.9984994891096466
42.636,0.24039287737518827,0.8327375920639637,0.6208283664835194,-0.004522270928216378,-0.0388292488025269,-0.003928260883378904,0.9992279055698532
42.672,0.23323741949155902,0.7674566283086062,0.7231064413025172,0.04266018269815859,-0.03447609408805467,-0.00018863737018892378,0.9984946029721612
42.712,0.23910667744512182,0.8326574641684145,0.6219139660175995,-0.004538949897981746,-0.03870172240319625,-0.003889357814346385,0.9992329295577891
42.772,0.23214235275456302,0.7676204915758998,0.7241347019726793,0.042640863886912704,-0.034469948689556835,-0.0003070927146418282,0.9984956109359628
42.82,0.23803200239930183,0.8332932618704636,0.6213912620850293,-0.0046462586036698054,-0.03873383014427002,-0.00415599719434425,0.9992301188268212
42.872,0.23106462319790622,0.7678628871939154,0.7234053121434723,0.04253377836685729,-0.034704129693374206,-0.0005076254765055798,0.9984919846430617
42.908,0.23739813040687174,0.8326554521858407,0.6216703695720704,-0.00471421868242546,-0.0385896539539747,-0.0041079382620922205,0.9992355776257977
42.972,0.23056583491423338,0.7680597080631428,0.7236432860108875,0.04203116043158736,-0.034321810023132525,-0.0006754270950181569,0.9985263835811999
43.052,0.23659127415335282,0.8338432228525556,0.6220455907027941,-0.00532144797085868,-0.03857124352938768,-0.004514202629219443,0.9992314863627509
43.104,0.22950016798310494,0.7680458961787056,0.7238394368743645,0.042039635113279905,-0.03424856901567111,-0.0007627017082610444,0.9985284787556263
43.176,0.23487153895686952,0.8332608730545313,0.6215648575553113,-0.005170321352845863,-0.038667909529138206,-0.0045196406378661385,0.999228519107746
43.228,0.22776802513970051,0.7690203970430716,0.7235086661501001,0.041790672114052164,-0.0346841888068474,-0.001139645986810711,0.9985235340131405
43.272,0.23364272775418454,0.8340288460836031,0.6211359086995694,-0.005549310369013978,-0.0386276999754185,-0.004698082670439519,0.99922721838842
43.336,0.2266293920644405,0.7687564662570907,0.7223593794981906,0.041636123536773165,-0.034797130171669244,-0.0008495437029064337,0.9985263497896003
43.372,0.23295762191724292,0.8340472557488161,0.61955182256255,-0.005531552437864815,-0.03815620767497818,-0.004510227797306637,0.9992462977608211
43.408,0.22631463831161736,0.7694669203191561,0.7210704945676438,0.04162859334030123,-0.03440946669330458,-0.0008428479157890621,0.9985401035640887
43.472,0.23212506256886062,0.8340784792735477,0.6187501631962552,-0.005230608644450271,-0.037537629205938144,-0.00422463076370953,0.9992725952520245
43.536,0.22548299469838284,0.7693823808079059,0.7191639613080423,0.04206670579521953,-0.03369493633885436,-0.00041073155890414254,0.9985463809098932
43.572,0.23097005408317128,0.8338143719485545,0.617301272599394,-0.0051864729139916785,-0.03680413363147474,-0.003913897427424325,0.9993013747880448
43.608,0.22496713106446645,0.7703217063874275,0.7188984828922411,0.041816866544497865,-0.033115060254249214,-0.0003875263722072989,0.998576282654494
43.672,0.23081201308227287,0.8342600520395687,0.6168502489288336,-0.00542556778820741,-0.036693956485806166,-0.003792529193877743,0.9993046249737398
43.712,0.2249759639700069,0.7708722441921161,0.7176951544091023,0.0416118887785062,-0.03325803875320604,-0.000275593628227616,0.9985801307950842
43.772,0.23044749326972114,0.8347224312129022,0.6158383543074449,-0.005311048566530169,-0.03683483599647332,-0.003766379623929757,0.9993001561116486
43.808,0.2244772925232716,0.7707718690216054,0.7172043713480984,0.04188044831232272,-0.03356828999422155,-0.00017676388110550415,0.9985585444582371
43.872,0.22999202740497007,0.8343909390696997,0.6152386372974005,-0.005123138739988911,-0.037077995854011246,-0.003626727790563753,0.9992926610950537
43.916,0.22427994381536087,0.7712608418350062,0.7168537556011254,0.04202088469779159,-0.033689349267660235,-0.0002647440947291341,0.9985485480965364
43.972,0.23010318167083055,0.8351687254048918,0.6155822257144774,-0.004938981226866869,-0.0371587141317473,-0.0038714158394761574,0.9992896720010237
44.008,0.2242909961088123,0.771289446380278,0.7170077591010415,0.04234792452102831,-0.03364164395535045,-0.000394470659674426,0.9985362975243521
44.072,0.22997997891574123,0.8352075836388088,0.615121443187938,-0.0047898168965990326,-0.03731308771796864,-0.004102147210217939,0.9992837252388903
44.12,0.2242746613715314,0.7715985274002513,0.7162997419332773,0.042238749145020744,-0.03407119805241714,-0.0006932808185440862,0.9985261943963432
44.176,0.23008321642268392,0.8358791896727674,0.6154611740287925,-0.00483209555998918,-0.03742311282637034,-0.004383041880321726,0.9992782147243876
44.212,0.22423986797043655,0.7714560591706641,0.7172772750446056,0.04234962583460238,-0.033927946266331215,-0.0007756381119984043,0.9985263151461444
44.272,0.22993982699242552,0.8359321819025026,0.6155612167546599,-0.0049411216011199495,-0.03764466305385794,-0.004368772521748128,0.9992694223719335
44.308,0.22398337134991841,0.7708764673828745,0.717566563357073,0.04225309537498239,-0.03423576479860842,-0.0005231168356202459,0.9985200622364396
44.372,0.2300660562068838,0.8358136510101244,0.6164408638689254,-0.005044756777387723,-0.037761384932118974,-0.004085789710703454,0.9992656976798039
44.408,0.22399154114281566,0.7713790684662103,0.7187242871082242,0.0420715471543984,-0.03420891812455285,-0.00039017633097210714,0.9985287089529342
44.472,0.22993881505764283,0.8353583478673587,0.6165235669852206,-0.005053955369328204,-0.03822762519704423,-0.0036385742610976967,0.9992496519810581
44.536,0.22359089123170406,0.7706822807466476,0.7183084251588884,0.04218578242292602,-0.035106361144762815,0.00011857530307822272,0.9984928087414734
44.572,0.22974700274408968,0.8358583161389436,0.6168335300174616,-0.004864512001593385,-0.038386393009027964,-0.0036132334400750237,0.9992445976330572
44.612,0.22300113237027241,0.7701084270653817,0.7191645896234964,0.04247111769494724,-0.03514241684933755,0.00023300100630530715,0.9984794241296414
44.672,0.22949818951205952,0.835825792286764,0.6167944234190873,-0.004980517161371793,-0.03839929486273501,-0.0036249693537136977,0.9992434879447725
44.736,0.22350898717059045,0.7710149302295081,0.7182414726789015,0.04226515138873567,-0.035100910372244276,-8.24106532367166e-05,0.9984896475565538
44.772,0.22969162930583847,0.8360025399572699,0.6161252946685498,-0.004979360810948023,-0.03788295124998847,-0.0038808223010840686,0.9992622414505478
44.808,0.22387090846049085,0.770911657803393,0.7184051815685536,0.04226136022697857,-0.034449660049930705,-0.0002384693408681795,0.9985124643621547
44.872,0.2302983640810897,0.8354130679568829,0.6162265993382036,-0.005437376259803485,-0.03777242029605192,-0.0038929748529406925,0.9992639911210561
44.936,0.22421794280547735,0.7706739825042725,0.7173533622685627,0.04153850635921303,-0.0346253114931461,-0.00023834714145910314,0.9985367211495471
44.976,0.22999232459076152,0.8361165941627206,0.6163322445344944,-0.005855684445398144,-0.03793104337774717,-0.0040750578299761425,0.9992548928134571
45.012,0.22344587166009036,0.7714290718773146,0.7181018606662782,0.04149207645945959,-0.034687190965349064,-0.0005328691812415862,0.9985363901353077
45.072,0.22923269497506515,0.83599147193481,0.6161401153282136,-0.0057723607490232625,-0.038134989156874,-0.00412347902112487,0.9992474164961102
45.108,0.22307964502069455,0.7705130658476842,0.7178513131264069,0.04161536995325061,-0.03493958246413725,-0.00035718933730101844,0.998522538041412
45.172,0.2290029052293972,0.8354813447080971,0.6162343748010745,-0.0058882833048246085,-0.0377563753623676,-0.004096415640508244,0.9992612289177031
45.212,0.223063430243031,0.7715405865722933,0.7178128867178736,0.0412588729655212,-0.034462893199289836,-0.000653155962813245,0.9985537480682938
45.272,0.22933474055984027,0.8363381470627693,0.6166328514846398,-0.006003290128221226,-0.03735759080945752,-0.004360926435952499,0.9992744133806137
45.336,0.22318993383651842,0.7717017325662957,0.7183155211422262,0.04111020877797068,-0.034024159675835365,-0.0007285110995520116,0.9985748727882966
45.372,0.22921754763063126,0.8359954040846,0.6160973978770419,-0.00604604418632249,-0.03740771869110726,-0.004250077340732349,0.999272757946809
45.436,0.22297801880930868,0.7723635597473242,0.7176988442562448,0.04130185948581451,-0.034318635012926806,-0.0007544868243406387,0.9985568679066282
45.472,0.22910621115628665,0.8368939296683148,0.6164452204748632,-0.005715586795092455,-0.037336603113855796,-0.004329765336673879,0.9992770202839829
45.508,0.22266249218521184,0.7726993233538827,0.7184525401029066,0.04153508021117873,-0.03418948522034742,-0.000728674128997531,0.9985516437552103
45.572,0.22868286540198254,0.8375880589021518,0.6174877092502169,-0.005450839442726717,-0.03745727480414294,-0.004209992139470233,0.9992744952613382
45.608,0.222232928533161,0.7731425437619674,0.7192125652928378,0.0419213055771586,-0.034298859159722465,-0.0005587216539621661,0.9985318624005753
45.672,0.22793067216755442,0.8379371452772992,0.6175589110264655,-0.005159507158681987,-0.0374854179455079,-0.003970311140766737,0.9992759676669782
45.712,0.2216520528885804,0.7738374628867635,0.7192203320678261,0.04207411148819316,-0.03457973448744749,-0.00034075844044056947,0.9985158461381282
45.772,0.22792637535321522,0.8388037954066718,0.6169476984836372,-0.005020329219571973,-0.0373082981443263,-0.0038668453316686243,0.9992837108105396
45.808,0.22183161306378477,0.7738361862581842,0.7186580199943783,0.042223952410101837,-0.03468745810237944,-2.6301839886768777e-05,0.9985058424473431
45.872,0.2285721587578565,0.8393139498040512,0.6168582081147176,-0.00494677765482518,-0.03713747280480236,-0.00371616687648389,0.9992910124724692
45.936,0.2224045195134474,0.7752421497944004,0.7190295013608325,0.04246725966463531,-0.03405776295088027,-0.0001655891389541333,0.9985171872429613
45.976,0.22880521014305444,0.8403259119071967,0.6167245634515608,-0.004811030264277126,-0.037098600356035176,-0.003897830218004423,0.9992924270497655
46.036,0.2224803797004585,0.77553952591331,0.7185281353745058,0.04238623697004138,-0.03432133969869773,-0.00021904271076265855,0.9985115946132508
46.072,0.22881892445360252,0.8403461158051682,0.616816224090607,-0.004926787511621263,-0.03701932573604363,-0.00392722469696323,0.9992946878639172
46.136,0.22279261744092543,0.7762296866619018,0.7183918203306162,0.04236778518716743,-0.0345433240953782,-0.0003945603482737193,0.9985046689229385
46.172,0.22902328679080997,0.8403706346430545,0.6169042928387806,-0.004976114313551215,-0.0370817985391318,-0.0038883298190816335,0.999292279263009
46.212,0.22260346298947875,0.7753962106150956,0.7195168289916388,0.04247187298155152,-0.03427202135317375,-0.00016063099747136818,0.9985096608223123
46.272,0.22908176775993572,0.8401057350298939,0.6175101930417686,-0.005102628361552098,-0.037365231890943595,-0.003777545864488946,0.99928150827321
46.308,0.2226161869635003,0.775187070636266,0.7173738304550767,0.040507814598410005,-0.03440834918402347,-0.00015166452873576443,0.9985865808535392
46.372,0.22955837581428024,0.8392305911827692,0.6135749066766704,-0.015622712672567828,-0.02876450436483654,-0.004081336730468718,0.9994557903318626
46.436,0.22527421818177362,0.7775455544879515,0.7163932250188275,0.021872673272918315,-0.019178208196936424,-0.00018375918264534305,0.9995767848078575
46.472,0.23315293764840198,0.8439655303903828,0.6164693758637825,-0.030121344015047617,-0.016994424647192342,-0.004736509708559937,0.9993905441024639
46.512,0.2287558783281436,0.7828748798388077,0.7204375763904205,0.013254893193676856,-0.009281877770332325,-0.0005230962943500883,0.9998689318714467
46.572,0.23982223717124124,0.8512307144129284,0.6192422859960871,-0.03867183261664326,-0.00956087675755986,-0.005258044860406389,0.9991923898639056
46.608,0.23749921788636444,0.7903903326372336,0.7236006267363833,0.008216518239857832,-0.0036955040964253244,-0.00037794145556562734,0.9999593437924081
46.672,0.25236902223277646,0.8620046486029096,0.6192326869138304,-0.03967170095360558,-0.00802964663883778,-0.00556506819727858,0.9991650068603597
46.736,0.2547390512055644,0.8114381337751471,0.7269236067355315,0.010323523882114879,-0.0049933323608105686,-0.0011590045535067274,0.9999335718911706
46.772,0.26580478833524984,0.8832087528650439,0.6215527019312925,-0.03594661630337874,-0.01162091952065604,-0.0060931954909673606,0.9992675657573106
46.808,0.26671980652636806,0.824616099377108,0.7242794195318011,0.015527781643064066,-0.009971676467313752,-0.0009235482500066043,0.9998292857904826
46.872,0.28757327496134866,0.9078512201332624,0.6186963031722397,-0.030617677106373406,-0.015290618936010197,-0.006420938530492769,0.99939357931175
46.936,0.2967364772720716,0.8594096096436152,0.7238373774914684,0.022319043129494877,-0.01425738663327115,-0.0015527000112582569,0.9996480262386598
46.972,0.3121002850685123,0.934188419794233,0.6139120210037037,-0.024157647683551404,-0.019321063020583125,-0.006279326474358364,0.9995017131757107
47.008,0.3145105357779309,0.8794684427339987,0.7206567880856687,0.027470817769652087,-0.017475001304491953,-0.001537055761242849,0.999468666822558
47.072,0.33920746944392843,0.9622515784617796,0.6071233413799909,-0.017804176408522148,-0.02183491820310186,-0.006320304507142922,0.9995830637823028
47.136,0.3515778389178745,0.9177187105140239,0.7178055839809461,0.032738521266247954,-0.01868881128179872,-0.0023765637068410683,0.9992863801248969
47.172,0.3690094528814012,0.9906820522514277,0.6021003855318281,-0.013023851936300089,-0.023964865268900307,-0.007601816177692547,0.999599058074879
47.208,0.3733574403530492,0.938552213056776,0.7161295346394428,0.03628025876128539,-0.019971626071703677,-0.005151208920354,0.9991287915093454
47.272,0.40042381659163323,1.0169497974901853,0.5962459550210432,-0.007609847809402178,-0.02612287362652646,-0.015607792797451779,0.9995079201756243
47.336,0.41493131505212677,0.9715820691328217,0.712035094479282,0.04285556259839261,-0.021663632746222735,-0.02204798071836586,0.9986030113698109
47.372,0.4327966003623103,1.0432002570305332,0.592612290699769,-0.00341126766737338,-0.028530542008966746,-0.03377548538281935,0.999016310183538
47.412,0.4401800132291728,0.9931273948308867,0.7113203933709457,0.04438518971966312,-0.022542342731584793,-0.037881665324745115,0.9980414706563777
47.472,0.4657991764220178,1.0725006584403365,0.5884375386411541,-0.002713604062368699,-0.03010534725817302,-0.05359722123881882,0.9981050256836375
47.508,0.47146130827484406,1.0249326330055104,0.7081394122673355,0.04270764356024664,-0.021823895684632565,-0.05631532837941214,0.9972604266430088
47.572,0.5002466421894243,1.1026405677950704,0.5828780185046847,-0.0023143659704784334,-0.030183255779697087,-0.07005070797386263,0.9970840050332032
47.608,0.5048917037644833,1.0552263110121969,0.7031914337860239,0.04106752246853051,-0.021675852893013787,-0.07288086909705695,0.9962589999188538
47.672,0.5330980361442691,1.1285613251816402,0.5777983668596101,-0.0007416137239727444,-0.03363813674858282,-0.0891890235479912,0.9954462536188099
47.708,0.5399444522530846,1.0734194257210887,0.7119542491121096,0.051250791714352324,-0.026413765953789223,-0.09420059164267008,0.9938822454652068
47.772,0.5871355888933456,1.1578139885497305,0.604444407530451,0.045435643004951905,-0.023347265397583826,-0.11943155953851513,0.9915274126968853
47.808,0.56950591749033,1.0943602912528347,0.6972803804756491,0.04946340977662713,-0.03332802797556548,-0.1303276576764636,0.9896753585338456
47.872,0.5959078875391293,1.1639013915125198,0.5788237966823582,0.0218498373208686,-0.04037575040547808,-0.1615060400556612,0.9858033183215531
47.908,0.6001577784895628,1.112282662586656,0.6903612740597305,0.04722659269171683,-0.029382768952613155,-0.17536034341887144,0.9829318652823417
47.972,0.6243730123079847,1.1854042372841354,0.564073695101942,0.017082145388521482,-0.02572158823643346,-0.2071424549571523,0.9778234010095304
48.008,0.6293764132113318,1.1358077495876675,0.6740196590577673,0.035746075372569665,-0.011301494517417741,-0.2191992427921976,0.9749595818681196
48.072,0.6534527033395694,1.2119324273759688,0.5487615155839637,0.012262439775155062,-0.0014049662571287342,-0.2437124277801134,0.9697689988786505
48.108,0.6623913382274225,1.1606086151149932,0.6603017776833623,0.028989273472018406,0.006947315324019254,-0.25084142311235585,0.967569086569182
48.172,0.68343227706782,1.2406687772554836,0.5400787966948593,0.009294740434731453,0.013443343062288357,-0.26589910224261415,0.9638623095412189
48.208,0.6880313847866191,1.190821298573597,0.6532683637460577,0.019926920328202778,0.014305190297421598,-0.26773246102080167,0.9631809843910608
48.276,0.7118435553085614,1.2674792670522435,0.5386839414647702,0.011403657364302239,0.01000290271922973,-0.2743624176371179,0.961506714653737
48.336,0.7247514692810823,1.2169318111324041,0.6517271814321327,0.025576172299979296,-0.0004683368819667659,-0.2716747202231165,0.9620491081346826
48.372,0.7389115748885948,1.2823413417048728,0.5376951590113894,0.02140417391724933,-0.005361049487131424,-0.27302598476421924,0.9617535714156953
48.412,0.7411063853446873,1.2266103461301403,0.6513325338679105,0.03367172477707014,-0.013511816020957036,-0.26860442920630895,0.9625670399453256
48.472,0.7601658718651156,1.292357594485261,0.5363300010770481,0.03455793840423695,-0.02002515680708579,-0.26922504343179693,0.9622487297872873
48.508,0.7572371775506044,1.2319912128966852,0.6497534979795099,0.045969889415080685,-0.026229839568170474,-0.2645841086799395,0.9629091412056671
48.572,0.7699882885622613,1.292618929011401,0.5344478487368813,0.044372028687622946,-0.028886476339206255,-0.2660086897859768,0.962515491570498
48.608,0.7622341709984711,1.2289678791779362,0.6466284295514808,0.053019108753233554,-0.030577129320963414,-0.2624168568245692,0.9630116336388753
48.672,0.772381153449772,1.2847080401334743,0.5319026447961623,0.049143030770662816,-0.027389647784351517,-0.26639403578858106,0.9622208620775144
48.708,0.7619974064453261,1.2178443801582284,0.6435720165767125,0.05514180020986057,-0.025091872841970685,-0.2636495334848712,0.962714237601225
48.772,0.7713744063748638,1.2721882145252343,0.5291757042365892,0.047088397198430686,-0.017738859102337457,-0.2703059579206592,0.9614586339721668
48.808,0.7596706774533939,1.203728362526838,0.6411249289622277,0.05060069604390739,-0.01331378531440263,-0.26844202210682083,0.961873792889522
48.872,0.7667997994774333,1.2527917917197062,0.5292196105575547,0.04084739084966357,-0.003647877635668987,-0.2755785572803053,0.9604033748466503
48.908,0.7547160975853298,1.1815348026294423,0.6420539159616727,0.04286328333356154,0.0005357548202782194,-0.2732849991338516,0.9609775029401314
48.972,0.7608883416601209,1.227403294034302,0.5312113958455754,0.03270388379472279,0.007768992282971162,-0.2798182335396124,0.9594643583387658
49.008,0.7498473084093877,1.154541266433065,0.6439504490589197,0.034465484863595346,0.010441801674927897,-0.277184034902814,0.9601417134599946
49.072,0.7559109898866853,1.1976290916246144,0.5353000380749758,0.02475590215285157,0.015159595687158354,-0.28272044842608773,0.9587629947014811
49.108,0.7462041682104361,1.1242445903603024,0.6473116503030271,0.02660872026589508,0.015095969859617258,-0.27993309415562917,0.9595319434475669
49.172,0.7525220900299405,1.1639845630639771,0.5385715474960323,0.018758884149965845,0.01678548810693062,-0.284123081242831,0.9584573158777286
49.212,0.7445193233185153,1.0900842516624303,0.6510198789343697,0.020715388896171485,0.015147265705067702,-0.2815584181294772,0.9592008601877747
49.272,0.75126430345625,1.1280187311251442,0.5410016729969144,0.014372564423044526,0.01483923311188313,-0.28470993777492465,0.9583910881705626
49.308,0.7444430735222026,1.0559893088462737,0.6533970411454121,0.016627060775514884,0.012587678667782704,-0.2821087532543869,0.9591557446697484
49.372,0.7516099762237667,1.090915161275405,0.5425308144564956,0.011463952365141165,0.012240613609761376,-0.28516775816777895,0.9583308900772162
49.412,0.7459001145287945,1.0168380000343273,0.6545848620411943,0.014550471095909923,0.010203844191802881,-0.28264632784283666,0.9590595490956525
49.472,0.7532749021832505,1.0513255813586169,0.5440022687776699,0.010176995074004542,0.01121901445012625,-0.2855468561684659,0.9582450393392793
49.508,0.748124489723573,0.977968433906395,0.6555846948151491,0.013284177923141965,0.009329488141963872,-0.2829144949144701,0.9590077579640351
49.572,0.7567942605515819,1.0118332841499262,0.5452941956530201,0.008383451072169595,0.011237988686932817,-0.2861697795745772,0.9580763448789615
49.608,0.7520916839658816,0.9373611127960041,0.6564604390100154,0.011656643338808167,0.009565653634639269,-0.28362339689125476,0.9588171826122432
49.672,0.7614399977715188,0.9707829978563451,0.5462980763376492,0.006519747519480394,0.012113345784106968,-0.2869325440583023,0.9578520109632945
49.712,0.7582105502744975,0.894226982959708,0.6575463945691077,0.009659576060991137,0.01070721643569934,-0.2843166207967592,0.9586219834977877
49.772,0.7684029127723472,0.9299056977684619,0.5478709821249794,0.0046164732108843675,0.013258297312011167,-0.2876416778263576,0.9576351971939614
49.808,0.7653906794627057,0.8548278485504882,0.6589979559446675,0.007777330276488784,0.01153974910504893,-0.2849422696083042,0.9584436604802764
49.872,0.7769893715012054,0.8882069540448938,0.5500773651596809,0.0025104514467566117,0.0141745285554349,-0.28795328878043236,0.9575362572008944
49.908,0.7749478201769766,0.8133635533526715,0.6612260662759564,0.00569507823383088,0.012435700230232145,-0.2851622884683731,0.9583816508464541
49.972,0.787292313316967,0.8465588121592205,0.5518993036466753,0.0011422027917296674,0.014543711944784104,-0.28812192808034076,0.9574826005598831
50.008,0.7864097669838633,0.7717746857723913,0.6629094803414759,0.004345966963049499,0.012527681005068032,-0.28531111686063326,0.9583432247245918
50.072,0.7994588211391565,0.805744743379633,0.5549459985583033,-0.00039034257896104323,0.014394640012227539,-0.2880264460631685,0.957514181795659
50.108,0.7996732824811638,0.7306340396904363,0.6656660431594713,0.0027845395409352458,0.012009057690699949,-0.2849808495117219,0.9584539343570476
50.172,0.8136243111104917,0.7648156274398052,0.5559061651287509,-0.0015493017601841733,0.013299999612003755,-0.28762537349212547,0.9576493900159347
50.212,0.815103928653018,0.6885585103826785,0.6668031690103112,0.0017694839766469106,0.011036198351458084,-0.28463147927824817,0.958571850335842
50.272,0.8298617466611233,0.7246991642195619,0.5579113215924695,-0.002225356296556811,0.012980655145800333,-0.28726339017438396,0.9577610845335379
50.308,0.8315968362418078,0.6505875540018005,0.6679099175819079,0.0012585408815541173,0.010442751764359286,-0.28430548097544656,0.9586760446040974
50.376,0.8473683298267691,0.6846758911518971,0.5589447677256238,-0.0025822302915030223,0.012699488067581527,-0.2869616524704325,0.9578544070478465
50.412,0.8506305008923507,0.6103413872674722,0.6685057162966411,0.001250647354805935,0.010456803156900743,-0.28401293386844095,0.9587626111527151
50.472,0.8664795021387829,0.6482279858521109,0.559464801557,-0.0026594750409867597,0.012950323150832273,-0.2868694726092349,0.9578784484514175
50.508,0.8700987132324882,0.5739745104122833,0.6693539675790259,0.000819455982906091,0.010829360699691344,-0.2838089364362421,0.9588193474464609
50.572,0.8870065847638278,0.611111043117863,0.5616057351291655,-0.0030096654832216076,0.013709988136140605,-0.2866593544565246,0.9579297430613346
50.608,0.8920738098707328,0.5372810287547303,0.6708988969752389,0.00040159167093052,0.011305197726814523,-0.283673506096787,0.9588541980756218
50.672,0.9093569993359707,0.5756628433823879,0.5634236696559,-0.0037339082662280593,0.013995027558520631,-0.28654195328576076,0.9579581964469412
50.736,0.9230601414608437,0.49217990054967853,0.6733965107560451,-0.0002543815034225687,0.011712215846090326,-0.28346248893589115,0.9589117668775867
50.772,0.9340252527679141,0.5410455084120535,0.5655158884869883,-0.00437396291517736,0.014178622803227245,-0.28621399401760467,0.958050825756291
50.812,0.9432366868014186,0.46587325540230695,0.6751091950352544,-0.0009109811369963596,0.011994072663990867,-0.28313128487783734,0.959005728792964
50.872,0.9601693006542504,0.5074301207773473,0.567425915499344,-0.004722750575834698,0.01456913524141457,-0.2857788661442282,0.9581731970738041
50.912,0.9704278184748676,0.43312025537917664,0.6768578317199491,-0.0010407862811219763,0.011994657163565603,-0.282723867541671,0.9591257788662159
50.972,0.9891479173371758,0.47504044025997183,0.5694581480321073,-0.004762244784486824,0.014330283597028523,-0.2853742034390316,0.9582972023376566
51.008,0.9991814044402743,0.4025991239604191,0.6782591288515437,-0.0009488024182143222,0.01146203391377373,-0.2824277554099132,0.9592196226759797
51.072,1.0180629643070198,0.44462196320238045,0.5713111805425899,-0.004854876969658894,0.013671846877902624,-0.2849033881864922,0.9584464357346286
51.108,1.0294893214256813,0.37239499149037003,0.6797048519720479,-0.0010057218475886414,0.010959166873415263,-0.2819610907986912,0.9593627199660294
51.172,1.0499205794076234,0.4159663116081116,0.5727428257606407,-0.004599994167676455,0.013255582560047592,-0.28463263025386654,0.958533982381124
51.208,1.0623795821705049,0.34368314666048283,0.6807303367450337,-0.0004836054351542882,0.01058878954295212,-0.2816320242563004,0.9594639370894025
51.272,1.0818155708247088,0.38732402094358254,0.5735251494467444,-0.003976491038525683,0.012876954129590732,-0.28393160636359766,0.9587498185028
51.308,1.0959327673682782,0.3156535822939356,0.681830872875923,0.0002154099826444062,0.010405532542518385,-0.28106913983312204,0.9596310838673968
51.372,1.1157609323124489,0.36004237654847493,0.5746825481524779,-0.0029146337219897304,0.012637836954171333,-0.28365955115071045,0.9588373423205647
51.412,1.132352260587659,0.2867491951190384,0.6824163948116116,0.0013696307552455269,0.010147068565065635,-0.28068363018183984,0.959745727189798
51.472,1.1500014685627482,0.33181375466646723,0.5752245997817155,-0.0019716524736505935,0.012858130644908228,-0.2830517190305507,0.9590164260411246
51.512,1.1669750279528288,0.26070088740628206,0.6840841721778639,0.0021145508111519488,0.01037145474516762,-0.28047420926955663,0.9598031983359677
51.572,1.1850989633500504,0.3052463787651297,0.5771167898173495,-0.0009427636731985913,0.013064242969048208,-0.2829876446053068,0.9590341129245835
51.612,1.2028872817265925,0.23497446669151,0.685911235030069,0.0029245446494021846,0.010422732320215424,-0.280734230068439,0.9597244947157781
51.672,1.220285749288393,0.2808468766645431,0.5791776832359518,-0.0003957262597583928,0.01320641275654274,-0.28334229306085185,0.9589278278503808
51.708,1.2370701166531044,0.21107780829061584,0.6873812520350882,0.0034073905288158073,0.010317634476905457,-0.28082478622696555,0.9596975437861474
51.776,1.2587072048364476,0.25544010700900854,0.5814537363487667,0.00040834378376490647,0.013568301679011165,-0.2838702976659999,0.9587665975345189
51.816,1.2772053268088692,0.18470902663198419,0.6897667613476431,0.0042812330961403,0.010647732003251474,-0.28127066809486206,0.9595598512421377
51.872,1.294856523572657,0.23224573616519695,0.5823354608215029,0.0006893160070139801,0.013628955356517309,-0.2842128784583798,0.9586640788815104
51.908,1.3125029314738221,0.16251007599100753,0.691871855399114,0.00476959437171439,0.01078567174745679,-0.2815986822874318,0.9594597971715477
51.972,1.3335578305503912,0.2085427553068826,0.5842695692015065,0.0011801480946607545,0.013858332201377601,-0.2847639574685138,0.9584967618129658
52.008,1.3515158863856649,0.13802709010301495,0.6934941275149228,0.004966447549329012,0.01092713606340327,-0.28181261314284856,0.959394383540883
52.072,1.3725670142932187,0.18530551124028627,0.5856048712406314,0.0011289462600374957,0.013996401381017728,-0.2851055428153285,0.9583932677584397
52.108,1.3916694774721363,0.11452675075740615,0.6954393983532892,0.005185420131517335,0.01120658175298669,-0.2821876012743852,0.9592797723451079
52.172,1.413044647726044,0.16211257382394328,0.5871930647422476,0.0013161639801673218,0.013994553220188312,-0.28538768423286515,0.9583090784714225
52.208,1.4320651267295723,0.09150791812387571,0.6972497012962935,0.005659413637752191,0.01112119543584135,-0.28256386360815555,0.9591673227504085
52.272,1.4530754335227494,0.13796729014776665,0.5889071507530543,0.0017906964901905588,0.013721481121284247,-0.28543356934201164,0.9582985922219637
52.308,1.4723239509717214,0.06758092079134581,0.6987668679175157,0.0061816765935677285,0.010642497488076214,-0.2824503094803932,0.9592029747640167
52.372,1.4933027518893924,0.1138576603410063,0.5896264034249,0.00249681034202118,0.013313802100023546,-0.2855422216764296,0.9582703941225807
52.408,1.511977170426347,0.04291540849393455,0.6994867940154471,0.007146924823980213,0.010518106172034025,-0.28264121838118006,0.9591414038504
52.472,1.5339401148527112,0.08960159931959832,0.5902419625979473,0.003112110840160676,0.013177253265508568,-0.28617147634855705,0.9580827526299502
52.508,1.5520832356802652,0.017499816665230317,0.7000817274912254,0.007955115628635054,0.010074463964557454,-0.2830569840197339,0.9590171870768605
52.572,1.573948215562475,0.06451776060597053,0.5900937325193921,0.003255201084924632,0.013023188859989727,-0.28687666374331555,0.9578734676445102
52.608,1.5923755063770646,-0.007905991310365679,0.7000520916755032,0.007785530726064832,0.010206738877877257,-0.28370825235669345,0.9588247157523127
52.672,1.6136701528728024,0.038932340930030396,0.5905103356867409,0.003074300626790252,0.0136416963737117,-0.2874988444783368,0.9576788956739752
52.708,1.6329507970452235,-0.03377550941673624,0.7009867233688359,0.007787476601259201,0.010873159680596007,-0.28434743271559826,0.9586280128990564
52.772,1.654014012550206,0.01264933021804543,0.5918954271530117,0.002989264724057271,0.0141245114382425,-0.2884178396627132,0.9573957970647949
52.808,1.67370635870933,-0.05959495461102976,0.70166090865792,0.007151499526861474,0.011243333442664129,-0.2851614339566116,0.9583868739144039
52.872,1.6946540344055177,-0.013980001634731565,0.5933936705971127,0.0025767305565566195,0.014734178661432352,-0.28916457951361046,0.9571625308136172
52.912,1.7172860393974907,-0.08688790183879441,0.7033688606103066,0.007173453599818169,0.012042045354602448,-0.2860736618460087,0.9581051042057674
52.972,1.737157088882123,-0.04074550981720759,0.5949325786937494,0.002744830564667232,0.01514617923299117,-0.2902459660317154,0.9568282700475199
53.008,1.7572145850422531,-0.11227457809336705,0.7044952836654792,0.0071110723329333965,0.01221023751348418,-0.2867369461213606,0.9579051448233985
53.072,1.7796703697025569,-0.06766567714322769,0.5972791462084992,0.002784915695553873,0.015977893822427175,-0.2911462369415722,0.9565410706646786
53.108,1.800978366739691,-0.13987465846468555,0.7055371618145913,0.007250881289215642,0.012868079568127728,-0.28773963130711216,0.9575947691085228
53.172,1.8238321535474735,-0.09554738233566773,0.5991456787578561,0.002803928566276361,0.016493482103316776,-0.2921043941385034,0.9562400984887011
53.208,1.8449317916594599,-0.16725389378866207,0.7077672209568938,0.007434936987450577,0.01307724257166048,-0.2884561636731125,0.9573749260753099
53.272,1.866848899529018,-0.121907596555554,0.600881128113554,0.002885378798556694,0.016317988107372977,-0.29294220134413196,0.9559865399287641
53.312,1.8905794437088757,-0.19588869106356588,0.7097958646040547,0.007502542065602294,0.012641790251259596,-0.28911770703629897,0.9571806770301362
53.372,1.9116146329260584,-0.1507444978111911,0.6038315856302158,0.0029536024637954257,0.014460936499859437,-0.2934553048890944,0.9558588502391352
53.412,1.9359407408642375,-0.22420721712284747,0.7119802219187608,0.007269309155548447,0.00963013225323174,-0.28972031916187324,0.9570352942091157
53.472,1.9555864143652477,-0.178864589419496,0.6051454557793383,0.001988361039259812,0.010728721116462826,-0.29414224963456176,0.9556993658800355
53.512,1.9807490444038072,-0.2534877027891016,0.7137827811051081,0.0064501274026357485,0.006107192579318601,-0.28999441942673687,0.9569871131612163
53.572,1.9979388498368174,-0.20796744320801236,0.6100507184766066,0.0013888628207385924,0.008386345586624053,-0.294416810339727,0.9556393054166138
53.608,2.0214242797754145,-0.2789745249855608,0.7148693631244469,0.006003447667030492,0.003718381640189724,-0.2905079775694899,0.9568465118411479
53.672,2.039729417119049,-0.23447675928157163,0.6078185590888233,0.001281069077434283,0.005795174640438021,-0.29523995463134073,0.9554047016852019
53.736,2.073905761938483,-0.31422606268980335,0.7167221114278449,0.005931868929830162,0.0020404028932244226,-0.29138563049004845,0.9565851054824916
53.772,2.0806829854539015,-0.262157059695865,0.6092696696779474,0.0010468340466337073,0.005408728548454383,-0.2960756221703283,0.9551486144838514
53.812,2.1048011387220553,-0.3345988189990783,0.7177254705989643,0.005565999897936749,0.0019283628511666169,-0.292020292827667,0.9563939824354261
53.872,2.1195254028432253,-0.2888997209917479,0.6098939290830799,0.0007898803401045997,0.005731796693486388,-0.29674798953415954,0.9549382981654612
53.936,2.153289678786027,-0.36766540053237884,0.7180192404691441,0.005472175622702514,0.0027176394779870115,-0.2926884424137584,0.9561883420158551
53.972,2.159367698901021,-0.31430155176561037,0.61032791015851,0.00041607951104280635,0.006437345868394622,-0.2976421002609419,0.95465573250689
54.012,2.183916967363005,-0.3866283760506209,0.7175453645241419,0.005133240478030053,0.003310585324597964,-0.29316282588487874,0.956043015447629
54.072,2.20076236787002,-0.3395129408251951,0.6103579578937849,0.000638538091602118,0.007534370850593127,-0.29848480968969116,0.9543844319295554
54.108,2.22321920398904,-0.4111188539870907,0.7166935518654964,0.005496134462480014,0.003927840452651546,-0.29357727196901223,0.955911476005274
54.172,2.241624973985071,-0.36480813262031414,0.609656065422905,0.000819921515978554,0.008210484579542853,-0.2989890028233164,0.954220882113987
54.212,2.2652146092699468,-0.4374466496412217,0.7162248265861343,0.005674392465134737,0.004839909398230289,-0.29396056061903797,0.9557884521941606
54.276,2.284352490875622,-0.3920494011883636,0.6081532941524973,0.0012376713219482002,0.008419755918179441,-0.2993009415333048,0.9541208111540459
54.316,2.3089198043495873,-0.46384402458658014,0.7147740017305524,0.006279857380498762,0.005017414119397299,-0.294170908184386,0.9557190307432455
54.372,2.3183563495803043,-0.4173834182261468,0.6095711102147549,0.0016103341407667923,0.008170983897939615,-0.2996808136250278,0.9540031717930166
54.408,2.344067888205196,-0.48686075112125704,0.7164296132058682,0.006305168586435944,0.003978892938463477,-0.29478881426630565,0.9555333422981881
54.472,2.3538307025310354,-0.44243562027001415,0.6115843486987561,0.0014043232711784324,0.006182590078310999,-0.3003929770568126,0.9537944552108798
54.512,2.3861860390943783,-0.5134600134760098,0.7171539503124469,0.00606018387024014,0.0020326555832122467,-0.295480716263856,0.9553273202410457
54.572,2.390199890239407,-0.4674977412297332,0.6124579378164042,0.0014691525242839897,0.004106821268346386,-0.30127214591622997,0.9535282217663827
54.608,2.412197698782996,-0.5341753664716146,0.7268666927399221,0.005484314208495117,0.0005569875274666006,-0.2964248805200019,0.9550402621205345
54.672,2.428385371694013,-0.4937139118103008,0.6119477441221032,0.001628613663643461,0.0028150026319901274,-0.30168275154271096,0.9534028218960418
54.708,2.450448617330571,-0.5624639646828593,0.7222619058075813,0.0059312858499160365,-0.00077693158414415,-0.29670296898090487,0.9549510795969585
54.772,2.4614428549828,-0.5176159611692986,0.6107644556310845,0.0012058602868780578,0.0021673613493304734,-0.3023510896674124,0.9531934048359118
54.808,2.5259071516493545,-0.5897403023854463,0.7062177669543187,0.0069372664509075675,-0.0006953382004648826,-0.29732544547489287,0.9547507372671323
54.872,2.4940659946887225,-0.5415737626048096,0.6093768743304738,0.001444616494983656,0.002699256274807444,-0.30315310234067067,0.9529369463086066
54.912,2.5207010128211067,-0.6102643376092958,0.722113906969432,0.0054279240651426,6.829779955517119e-05,-0.2982560889450101,0.9544704491931534
54.976,2.5294950822344697,-0.5657619002942236,0.6075285418758675,0.000992722089186498,0.0029921606050525747,-0.3041404902682035,0.9526219731127263
55.012,2.552407392236318,-0.6324929932763343,0.721826601058822,0.00492665488565275,-0.0005414453965510319,-0.2992700119622364,0.9541555925784029
55.072,2.5593445319805697,-0.5876551634130958,0.6090681199640494,0.001039248883913546,0.000726145849171729,-0.3050610062523938,0.9523319668782729
55.108,2.5794406692068934,-0.6531860324770378,0.7229708597796861,0.005235523888158582,-0.002577744075517904,-0.29999405651834615,0.9539232204841043
55.172,2.5899559418921925,-0.6099814801008276,0.6105742589492081,0.001186689641027436,0.0013536144814021687,-0.30567609963411835,0.9521338569802065
55.208,2.609924240196727,-0.6756131139880155,0.7227584028056877,0.005212422251512088,-0.0012617786100400275,-0.30036500241605457,0.9538092597016526
55.272,2.6210518309904014,-0.6313308530203847,0.6115565969994077,0.0008879033247485981,0.0031836049098775622,-0.30589685529644506,0.9520589216047552
55.316,2.6428511260324203,-0.6981310236543179,0.7242638477233295,0.005195179273427349,0.000979250970854336,-0.3006082915723728,0.9537330371848258
55.372,2.6507119998626125,-0.651458990854374,0.6097047635865868,0.0004861724456762507,0.004803859751009057,-0.30642413196238005,0.9518828383361828
55.412,2.6675157135422864,-0.7169689800248195,0.7249249911487318,0.004792596046784344,0.0019616011990339684,-0.3011140436895013,0.9535740746459215
55.472,2.679717211355543,-0.672687069992203,0.6108337188358175,0.0007910200509049833,0.0059659703956165535,-0.3067674828321986,0.9517654611096762
55.508,2.6939687197428643,-0.7355042941820141,0.7271140698110926,0.0045078212236268275,0.002842027614628562,-0.3015121007134897,0.9534474582011281
55.572,2.7112383538108356,-0.6926649459224421,0.6084890757550204,0.0003592490634694762,0.006338064278855657,-0.30734660775146877,0.9515764617648822
55.612,2.7231333286499155,-0.7558432686324872,0.7273741365072796,0.004489848896487523,0.0035125104474998197,-0.3020437880051542,0.9532770078286481
55.672,2.741278207029271,-0.7105923678581709,0.6076507465247799,0.0005990976992169976,0.0068647823363932195,-0.30791445558446534,0.9513890917429856
55.708,2.7560508066377882,-0.7721533674700192,0.7276982883723727,0.004626186248845337,0.003883856042900627,-0.30277547755749445,0.9530427714708612
55.772,2.745757819596469,-0.7283372187778502,0.6166436890256898,0.0007995848876830152,0.006679832410030489,-0.30805659880511344,0.9513442449689843
55.82,2.793337549338766,-0.7927048942322172,0.7253158715888605,0.005234337856205081,0.004325581344064163,-0.30319826616738826,0.9529033017291589
55.872,2.7976888460219786,-0.7454363067743699,0.6092887122689846,0.001640228443453465,0.007436119198656775,-0.30930039264888326,0.9509338993269528
55.912,2.823254391530792,-0.8079548888763975,0.7227685595174723,0.005810773643769742,0.0040260471951337196,-0.3039924300618107,0.95264821855644
55.972,2.83109972662475,-0.7640410270443407,0.6082297198835809,0.0023396493126140007,0.007314094244223446,-0.309743292879796,0.9507892103839113
56.012,2.8581721697355524,-0.8262541305647809,0.7192935175748763,0.006729439659816923,0.0036202163319117614,-0.3044624390975121,0.9524936912412432
56.072,2.86161422192542,-0.7827124627157528,0.6080042961463276,0.003102393801088757,0.006386565263162669,-0.3100363826511308,0.95069817942891
56.116,2.8676000677777744,-0.8414765420532998,0.7329600770970963,0.006778120294858731,0.0026384333551818166,-0.30501736367478055,0.9523190135724401
56.172,2.8952981602554653,-0.7994737339741601,0.6078305473948193,0.0034893235052050543,0.0056727429345523215,-0.310505021010475,0.95054840830773
56.236,2.9148962336171658,-0.8521445441326081,0.7222002275599865,0.009981278469968624,0.0009407861585680093,-0.31284556503162686,0.9497510944671509
56.272,2.905741843436857,-0.7943572628503663,0.6030847425395458,0.006741639099037813,0.004111707840860322,-0.32282310285932425,0.946426377707832
56.316,2.913578060120084,-0.8464656095824921,0.7189918334196753,0.010964137898825225,0.002861658054740691,-0.3236077847392305,0.9461234593061738
56.372,2.9308038617541583,-0.8076976665571645,0.6137890018800471,0.00858429396258188,0.01321990075736023,-0.3346008882543915,0.9422280985517794
56.416,2.913728186726841,-0.8449494083734801,0.7195460842875014,0.012202127556131011,0.012483783478611638,-0.3344094651308771,0.9422661900249015
56.476,2.906858293256553,-0.7856756404533549,0.6168671325753943,0.010373315199763204,0.02288439536294783,-0.3448365626253878,0.9383264058190762
56.524,2.8948154459594653,-0.8373813389037161,0.7252518882433945,0.01664937745387843,0.023466394258151137,-0.3429198766965289,0.9389238972021943
56.572,2.8746126366631968,-0.780844552415473,0.6136395483759763,0.015311225617374276,0.031543540403241394,-0.3507356681112066,0.9358178575681854
56.612,2.9053096103951197,-0.8397411354681222,0.7203834249311549,0.021317852882074124,0.032763340400025376,-0.34744085532767555,0.9368868473425719
56.672,2.9010694404211175,-0.7896020176908684,0.603199479525245,0.020048873172117353,0.04182227449468833,-0.3549746539791913,0.933724764088954
56.708,2.9136154087543567,-0.840420523419511,0.7287869997612204,0.024047850805502754,0.04202626572784709,-0.3514947499037401,0.9349368613177661
56.772,2.929600781384967,-0.7909570712978008,0.6165660130097692,0.021156071109160096,0.05158160493090595,-0.35885874890035835,0.9317253656661095
56.816,2.934961529865699,-0.8405116994240844,0.7309597383091426,0.025022020967918605,0.05066714070401761,-0.35550895013735445,0.932963089136862
56.872,2.9320928331731815,-0.7904679356609765,0.617237492125277,0.021793820137737587,0.05711428570874531,-0.3623834011288647,0.9300221816484057
56.912,2.9412405997882227,-0.8406281864359961,0.731753745076327,0.02532629358203748,0.055081898723153444,-0.35924700511943997,0.9312712561864893
56.972,2.93453654418398,-0.7898784011285666,0.6179586929586761,0.021908511254959365,0.05980295647645408,-0.3663938376658133,0.9282775335274382
57.008,2.943235545684461,-0.839928450160536,0.7317836354734442,0.025412265523452212,0.05621203973310724,-0.3634559907558122,0.9295666550246519
57.072,2.9355019097553123,-0.788546762564111,0.6181523130353378,0.02187349410957511,0.05897668758499785,-0.37121584189184664,0.9264135681786334
57.112,2.9484801831730327,-0.8398252444699471,0.7337953909213355,0.02529500566307773,0.0554557064535213,-0.36912456858962106,0.9273790380280179
57.172,2.9379811593563114,-0.7878702412884684,0.6194690132442469,0.020989381388128035,0.05773709910413689,-0.3768060092884184,0.9242527276779436
57.216,2.9525381249116367,-0.8403968147317498,0.7318528263778866,0.02408523240848705,0.05395281201579796,-0.3746225781763065,0.9252928831326621
57.272,2.936206872790177,-0.7889619446042657,0.6186157506451203,0.01980639104949794,0.056246392740168995,-0.38157518187473144,0.9224122889221386
57.312,2.9548080326931414,-0.8414791252829777,0.732009718754211,0.02272669001697795,0.053337879346064467,-0.3786139482872547,0.9237370006392908
57.372,2.937623843578906,-0.78768235775671,0.6181329614066476,0.018230246171705607,0.05603547042688667,-0.385570811730318,0.9207946748978191
57.452,2.9526660856341107,-0.83932477372125,0.7317456785148124,0.020719032948015633,0.054038660190406575,-0.3827757006642006,0.9220267392324125
57.512,2.9319237513025214,-0.7895482075911722,0.6194382748848789,0.01736950174118863,0.057421798257694494,-0.38814145144165774,0.9196451767757382
57.572,2.9480728116248014,-0.8409834855557914,0.7362348085440689,0.02076085842610306,0.056020662464842066,-0.38449640159719045,0.9211911795567864
57.612,2.9283849674761915,-0.7914327656696477,0.6228222567562108,0.01757153041638919,0.059504175277954444,-0.38904005811774484,0.9191291136848284
57.672,2.9484888245470176,-0.8361752793511296,0.7328379794566808,0.0206580416604549,0.05822319258997615,-0.384399541692154,0.9210973333509588
57.748,2.922592117211706,-0.7954110980819341,0.6273176145499478,0.018955253682152774,0.06364344739947385,-0.38864287787679525,0.9189923413372921
57.808,2.953782162299751,-0.8358288291386927,0.7350178021871024,0.021452673704800286,0.06327227865958272,-0.38357932468523476,0.9210881082818075
57.876,2.921303652123849,-0.7983750600902713,0.6386143484058748,0.019285604798795014,0.06766285459810875,-0.38737580823456896,0.9192332602499729
57.92,2.954609743536917,-0.8365764006389429,0.7374927757231747,0.022355687819150902,0.06693824697098984,-0.38255064660889326,0.9212353103815013
57.972,2.926576067805536,-0.798343809042232,0.6540656416419691,0.020256458690366613,0.07148604056745167,-0.38677165840934374,0.9191774073249408
58.012,2.954674125380521,-0.8363882169420226,0.7387638501205819,0.023615313697484624,0.06969471593579733,-0.3817589879760518,0.9213278670642165
58.072,2.9302692883614974,-0.7917447172304589,0.6550371499284338,0.021703082740679155,0.07448030558414873,-0.3860502758399052,0.9192099024725399
58.108,2.9540647460158254,-0.8361241208423125,0.7403220329842224,0.02551556719227597,0.07236061245627008,-0.38129115984160017,0.9212654063962552
58.172,2.939276946732228,-0.8026121706757362,0.6631625925698259,0.024062453024304212,0.07692551453555571,-0.3865465385346616,0.918741115393648
58.208,2.956160411981262,-0.8368814980795287,0.7374628619432075,0.027584159496389295,0.07416657745157347,-0.3822251087133678,0.9206749693583788
58.272,2.9339916833309077,-0.7855480985161344,0.6540471787830524,0.024717556218852976,0.07908668827966682,-0.3876737446535132,0.9180650335667105
58.308,2.95672739551662,-0.8367848558945506,0.7387738230075059,0.028930083324389105,0.07732369841031718,-0.38324766479397143,0.919948543872407
58.372,2.928593076436464,-0.7845440105504994,0.6755795415773892,0.026433243853167105,0.08241988743568554,-0.38824459736959754,0.9174826311096069
58.408,2.9567722937042733,-0.835873452703894,0.7424219783795809,0.030932591178989298,0.08121317597839338,-0.384025639077857,0.9192235328696169
58.472,2.9416401289885337,-0.7850155582353866,0.640914197443623,0.02892930287047952,0.0866868906206475,-0.38884513971587437,0.9167594754074234
58.516,2.95737806017517,-0.8365272857247671,0.7418996078232248,0.03345563789629518,0.08532216354373377,-0.3840502277924396,0.9187525625726133
58.576,2.942490085776369,-0.7868393739321725,0.6575275333012657,0.03183887953748572,0.09105070188632769,-0.3888562701142266,0.9162351535652058
58.612,2.9574677156165525,-0.8367621210433037,0.743419033712764,0.03609819534666261,0.08881271043779489,-0.3839196532230776,0.9183762424118334
58.672,2.9435921915580177,-0.7898950610306222,0.6590083903522405,0.0339421612510589,0.09481547079367382,-0.38880094124109277,0.915801170712192
58.712,2.9580388111795375,-0.8368771956555842,0.745458609234095,0.037924275428170444,0.09326210239545885,-0.3838399251457655,0.9178947877911282
58.772,2.9513877892541447,-0.8009736253399916,0.7317678917614606,0.036212889198423553,0.09988106954744555,-0.38834785991646587,0.9153678704762703
58.808,2.9583575202471613,-0.8364744081251544,0.7504943608676654,0.040019153816332795,0.09768853868194573,-0.38347365814926954,0.9174984306491363
58.872,2.949921770492689,-0.7963289140089076,0.7219161644102838,0.038425754480596055,0.10418551941185551,-0.3881751227871548,0.9148709816070548
58.92,2.959031568424238,-0.838558939755857,0.7506487302319503,0.04259881169330004,0.10197355591646044,-0.383062974210898,0.9170875055984419
58.972,2.9517250294678368,-0.792766719753527,0.7084159572860985,0.04025001173012827,0.10738333514033999,-0.3880580424750693,0.9144723678495045
59.008,2.9593549144085105,-0.8381071704405648,0.7520079180435175,0.04408170485457762,0.1049368867783551,-0.38314655145102505,0.9166481185283519
59.072,2.9561356139902557,-0.7909820740829258,0.7190836260950019,0.04134949641762228,0.11063912630046167,-0.3888579041087737,0.9136950986459386
59.112,2.9608536788302953,-0.8373673167577917,0.7566119122997707,0.04453898737213662,0.10793242034751344,-0.3847405553793694,0.9156099476786863
59.172,2.963140537748967,-0.7907199161310484,0.7220716056786161,0.041066515578191194,0.11288999856374923,-0.39116465293461816,0.9124470416506827
59.208,2.962387395217382,-0.8365280414492223,0.7567705009176093,0.044278228368229824,0.11040538624400374,-0.38753544708089227,0.9141478908998786
59.272,2.979679075044371,-0.7922017115099697,0.7341843621411178,0.0411985082157996,0.11646717464146275,-0.39458353781840844,0.9105173868930435
59.312,2.96432113245402,-0.8345654456907269,0.7599863335616259,0.04497772280576528,0.1134962112265729,-0.3911734900011905,0.9121835973139999
59.372,2.957601650653281,-0.7862807838115798,0.6956089512435935,0.043183925692375356,0.11881328823042772,-0.3985303870869897,0.9084008375546353
59.412,2.968169209355839,-0.8377480588273353,0.7598991812468747,0.04760787403171445,0.11752805925117903,-0.39471195849011426,0.9100127007046276
59.472,2.9686998008957923,-0.7842722744952817,0.712520745913896,0.045804178211558286,0.12367990832054608,-0.40165760145237933,0.9062430296182734
59.512,2.967045840948369,-0.833608726932656,0.7612162925494642,0.050817301982646605,0.12213998764250958,-0.39769155017991153,0.9079321869795073
59.572,3.0095807219237023,-0.7857340232882561,0.7817023698258285,0.049809037961656616,0.1309212581291852,-0.4042600443848679,0.903854247332583
59.608,2.9663793912672256,-0.832857046311271,0.762877902294547,0.05539053461653957,0.12739537199038597,-0.40031024470075444,0.905789167443477
59.672,2.9905183280739074,-0.7799065085953545,0.7772368870040047,0.05509666157205918,0.13615849496679042,-0.4063469306364722,0.9018355693219859
59.72,2.969539703062011,-0.8351920869986142,0.767396392663875,0.061425014116526885,0.13479609462360584,-0.4018182272601139,0.9036587258232767
59.772,3.002610799303277,-0.7806119684236438,0.8100022507406713,0.06062857334371148,0.14319794222660637,-0.4075563696900376,0.8998423922895882
59.808,2.9710500355725347,-0.8348776582104908,0.7729782080071133,0.06655545867322293,0.14093762898927223,-0.4026738007303169,0.9019760339726772
59.872,2.9995895209516634,-0.7863588274224524,0.8002675775747626,0.06685180869774084,0.15008570954415423,-0.40775170517899856,0.898189101686325
59.912,2.974123438880536,-0.8352833299444512,0.7826547874895725,0.07230467784552919,0.14809170133947974,-0.4025384585218651,0.9004463731765892
59.972,3.0119958641842146,-0.7863057492205865,0.8421786447047599,0.07241846536016155,0.1568089393679342,-0.40737727039512517,0.8967777216092065
60.016,2.9859712446311906,-0.8315584105000199,0.8153050213091395,0.07751202632875906,0.15551976024805486,-0.4023739361446283,0.8988329686088934
60.076,3.010858255240076,-0.7867805534102311,0.8497945996391655,0.07624151238913728,0.16233668375784485,-0.40758495066818673,0.8953817849855638
60.116,2.9811142824339947,-0.8340440137953259,0.8016399048948611,0.07934131041460754,0.1596556628098169,-0.403279316842659,0.897541541323503
60.172,3.0429851109573742,-0.7821294518275326,0.9347256766080089,0.07547969943136008,0.16702755526041693,-0.40937068809847504,0.8937674476524982
60.216,2.9773138855258496,-0.8362318303340295,0.78505033679056,0.07825947669413573,0.1615473872008441,-0.4059382240187325,0.8960982391884598
60.272,2.995166923397964,-0.7863973086131294,0.7966255735613956,0.0739537467131292,0.1653725468960168,-0.41250719526101337,0.8927600897991057
60.312,2.989564506955126,-0.8306553550291059,0.8131580507124936,0.07636304245560986,0.16313951652664768,-0.40916799445858326,0.8945030666270044
60.372,3.010100969836675,-0.789555877744266,0.8408585356191072,0.07390167954153484,0.16791405254411076,-0.41570165698146444,0.8908061209387925
60.412,2.9834296849129562,-0.8339134906140386,0.7888674481801597,0.07740876004118487,0.1652342948779557,-0.4127146813188729,0.8923968307255087
60.472,3.000550340860257,-0.792011340507976,0.8247506866284493,0.07633626471699745,0.17017096306475665,-0.4187845085126811,0.8887261408603113
60.512,2.9870648492824237,-0.8341339710034772,0.7911343835863875,0.08024528132674473,0.1685617895636035,-0.4159827824831892,0.8900033385338793
60.572,3.0080388914924945,-0.7941485238869564,0.8006878687648614,0.07945542310510659,0.1737245437542991,-0.42159601306688976,0.8864329756967821
60.616,2.988006458892045,-0.8340636901369219,0.793002023374505,0.08337141714328632,0.1718243802853713,-0.4186533417217204,0.88783724218367
60.676,3.0157993651119472,-0.794954531056603,0.8070741752316101,0.08203795792532094,0.1773330720690195,-0.4241847814597629,0.8842454558480582
60.724,2.9879369992765463,-0.833457157705965,0.794108652010182,0.08501926235798264,0.1751526803629895,-0.4208383747266329,0.8859956692598508
60.772,3.0123647172347687,-0.7914589116992385,0.806640259357177,0.08217619533531664,0.17955930704884124,-0.4261588401040273,0.8828330369744564
60.812,2.988125548123198,-0.8348235459749235,0.7946831081338762,0.08490550797409387,0.17709203675757224,-0.4223529641464682,0.8848996773134274
60.872,3.011252666879894,-0.7914727350039159,0.8022183087902417,0.08055875678160776,0.1815084888421508,-0.42784221339985723,0.8817686746631179
60.916,2.991686184675227,-0.8359304337596319,0.7935473159816773,0.08215560271690048,0.17971355320112564,-0.4244512816882476,0.8836258287370582
60.972,3.0397382193522597,-0.8013146191823267,0.8219966259335524,0.07632923098168487,0.18455899082835558,-0.4298553611089007,0.8805317688352307
61.008,2.992574143499614,-0.8364194191620301,0.7919543205503611,0.077797683200025,0.18132207119854551,-0.426707652979213,0.8826043314384706
61.076,3.0170887967381055,-0.7879736802139939,0.8041065104797063,0.07020548408826889,0.1854210195350682,-0.4337967307383201,0.8789258398290797
61.112,2.9963913891364933,-0.8368246844340524,0.7909116773817487,0.071684077775064,0.1835098115606792,-0.4318727417565971,0.8801542347691921
61.152,3.01600145876512,-0.7965646051308187,0.7920889342529855,0.06683752982200511,0.18663503466226383,-0.43926326689695083,0.8762122407264842
61.204,3.001441756897357,-0.839549517850151,0.7877416345836064,0.06729869922294197,0.18419587571409313,-0.44024461107182555,0.8762005745689941
61.24,3.0162439766154314,-0.7830388761702677,0.7927594324905186,0.06102345831321183,0.18626627922783992,-0.44879749594710655,0.8718725929800288
61.308,3.0098907622011852,-0.8403552708171945,0.7825179237006537,0.060917121099960996,0.18232914184287033,-0.45328945750132926,0.8703871874688217
61.372,3.020570128028547,-0.7732135695611694,0.7890335581022803,0.050471012251979426,0.18121905054262336,-0.4664234275685906,0.8643272058993968
61.412,3.0537873012025982,-0.8646397331423799,0.7524296815477209,0.05102607328447951,0.178064217360783,-0.4682389312860933,0.8639686207084815
61.472,3.0232540109956823,-0.7856861136851179,0.7791927035564965,0.034741424783462226,0.174924981992934,-0.48277036540157575,0.8573955087174272
61.516,3.027180424831038,-0.8522960933425873,0.7661721817977394,0.02771996258144959,0.17078629815368113,-0.4872906040096006,0.8559272815382178
61.572,3.0248397318401867,-0.7525447282136775,0.7798751336124374,0.004242888253361716,0.16784808671418458,-0.5032064572672061,0.8476982240457064
61.608,3.0348348148065973,-0.8046974728638083,0.7593653231706622,-0.004081003015823702,0.1627522521489334,-0.5084575854103797,0.8455565821832868
61.672,3.059398284955434,-0.7465974108313429,0.7392224357488331,-0.03021578376611793,0.15809431757446818,-0.5307565605154976,0.8321001542073054
61.716,3.0806125720434663,-0.8655970519769766,0.7034918472201278,-0.039934718710176946,0.15339566772894378,-0.5422867768568175,0.8251060774286993
61.772,3.1499777833317326,-0.6811011660053135,0.665307885783075,-0.07553222999148633,0.14897273793382282,-0.5655637226779673,0.8076135716886221
61.812,3.101268544760134,-0.8893877603555718,0.713625464881722,-0.08088568051180156,0.14804247294686587,-0.5766795626870503,0.7993632558924583
61.872,3.2152209227954915,-0.6703332421025024,0.6478767523524883,-0.11893957806235411,0.14590544225794636,-0.5964229912133042,0.7802849442620542
61.908,3.2406939305382036,-0.9145061824211366,0.7679406807361796,-0.11857273200866827,0.1517718290187526,-0.601012184612779,0.775686904032341
61.972,3.3130759613858127,-0.6542151133517086,0.5590732460512369,-0.1404648078640665,0.1421845409115715,-0.6138043547491134,0.7637390969228307
62.016,3.359148531965939,-1.0948295602203526,0.5681106468516158,-0.10712004687536487,0.15441523307159535,-0.6133548105771547,0.7671226158149214
62.072,3.433517123511322,-0.721392383685504,0.5777583939376681,-0.07053313625657953,0.1479576263128404,-0.6366700539349257,0.7535150031208268
62.112,3.32999526812585,-1.1882568515979,0.42646315648311217,0.006166152757670278,0.1267731881886841,-0.6653863487414948,0.7356300321663787
62.172,3.3688753650112275,-0.7705099849153061,0.8362816351958887,0.023730476656018414,0.1122584625527654,-0.6914888963559239,0.7132166629288984
62.244,3.4621438332352152,-0.7854849222875145,0.6563974715576703,0.03731111670664793,0.10078220568601015,-0.6956291770453711,0.7103174470828838
62.308,3.314478943101942,-0.6196055244417253,0.88322257342172,0.02048719543864658,0.10015193765333674,-0.6867741548085683,0.7196465274663094
62.372,3.5188459647929493,-0.8676491623972162,0.5700400465981316,0.010891326500482218,0.09636887464353104,-0.6811309516121489,0.7257100287049421
62.412,3.369055316098472,-0.6122776843055583,0.8966527736200126,0.00015795050486643706,0.1039598258664638,-0.6931010031540755,0.7133045135734574
62.472,3.610646888857743,-0.9600935279393589,0.5927125226924544,-0.009257627600531003,0.14987730455343184,-0.6909577238026896,0.7071269432205322
62.516,3.4905252999817806,-0.8161700900295322,0.5459505899644547,-0.03407083446856721,0.18983287373032515,-0.6866232646088624,0.7009644433120485
62.572,3.6246954490853582,-0.9541789732938056,0.42866689790747964,-0.04590435647395805,0.20487382575491772,-0.6795439921237418,0.7029505447368141
62.62,3.642681314548158,-0.862825053340454,0.4984467327647254,-0.05576873753979295,0.1941808917943678,-0.6827069688334467,0.7022071089653029
62.672,3.707289257948138,-1.0420359573149094,0.3393221275027025,-0.05027282034857319,0.17074725806866706,-0.683160572681102,0.7082440605682909
62.708,3.612654056610486,-0.9341875070325777,0.39337986232225775,-0.04927554978582132,0.1630579533728197,-0.6880844698328877,0.7053536605207109
62.772,3.8834355186536698,-1.0231549262785864,0.28118501809538166,-0.0350978619607693,0.17507098629591916,-0.6855804611594228,0.7057603850596816
62.812,3.8365243103238904,-0.8858830127553696,0.3445102964024608,-0.03453971476314262,0.193148012628723,-0.6879475748286461,0.6987338460451447
62.872,4.013414850030475,-1.055535539618373,0.16338087222705866,-0.02783575658101967,0.1667575092446692,-0.6942789249977106,0.6995669217952633
62.92,3.9782200824909184,-0.8941155687781818,0.22864133682057475,-0.03423128756676525,0.10975090868281744,-0.7144704528937087,0.690155728032939
62.972,4.168785839706521,-1.0381440295686903,0.13521116724993687,-0.03603229571474114,0.05496665262799407,-0.7293003729316027,0.6810295931941753
63.008,4.141155672879905,-0.8824512756165737,0.2464474428812521,-0.011404369367392283,0.029699583675388296,-0.740905060277386,0.670855846470912
63.072,4.259715754141141,-1.1062887805424446,0.091612336988247,0.0018140073136287723,0.014865372627570426,-0.7429179288295064,0.6692149737549109
63.108,4.008789139792058,-0.8868259054769546,0.05099651393117188,-6.680095455358433e-05,0.01343338525045489,-0.7450841144090383,0.6668352136425048
63.148,4.2306623757838535,-0.9943056525513194,0.09897566411220249,-2.810450197313837e-05,0.021417625031062662,-0.7388745303786053,0.6735025708235726
63.208,4.1544042372235115,-0.883215939166538,0.26378659724131126,-0.006072346431414102,0.03457654345001559,-0.7366841017151927,0.6753251983540566
63.276,4.342340587439072,-0.9917295730982596,0.09179177033607078,-0.01352156439774323,0.045516456557002705,-0.7249853440582866,0.6871256583620059
63.32,4.2040364740134315,-0.8951773555545028,0.11723426324968278,-0.021058748225203427,0.05369815359596718,-0.720988887672903,0.6905418606252353
63.372,4.3278514564666,-0.9188106793069679,0.03410141195323696,-0.028069692405487016,0.06212847893227785,-0.7084653258275506,0.7024450345570716
63.44,4.293756205930011,-0.8040376570695381,0.18621396263135848,-0.036590666420219645,0.07943694950803695,-0.6967446501121283,0.7119675461170333
63.508,4.3394744822684395,-0.9117718566723514,0.05636750434605825,-0.033285747135268884,0.09053325539562189,-0.6761812374635221,0.7303935396807795
63.572,4.384056499188656,-0.8426366380489332,0.22717382174062806,-0.019218706260263348,0.1088007613496004,-0.6771213810553769,0.7275298419838793
63.636,4.245516638221922,-0.9099742457224667,0.04633064422482308,0.014769095901881458,0.11560957763067348,-0.6898534782003649,0.7145057578362521
63.672,4.196026441336056,-0.8861758188525439,0.1656888809762237,0.029438904147909468,0.12601781032927528,-0.6996744939437397,0.7026439104745423
63.708,4.318511628064868,-0.9474052733453375,0.0691666344750643,0.03754032415174712,0.13000714849603723,-0.7001781299449659,0.7010274258181927
63.752,4.191977161809349,-0.8781477078210232,0.18646542713208028,0.04257159587885197,0.14083222925088534,-0.7075017851593765,0.6912272899885026
63.804,4.317393209989049,-1.0972242573189686,0.1092167699051862,0.04819162694649659,0.14916889240886136,-0.7091201781464446,0.6874407476832589
63.84,4.2533604570284425,-0.9804422818509893,0.2525757001497054,0.051706412273595154,0.15503813062736385,-0.7174894510443299,0.677125182386146
63.912,4.302844521162355,-1.4940733514787514,0.047876685379415224,0.06655846637021953,0.16515900935635583,-0.7249732831322308,0.6653617143534378
63.972,4.471614996757982,-1.7340455530328773,0.3043827570900485,0.07418628639651842,0.18090006300780956,-0.7363004121411317,0.6477910660045134
64.016,4.440613483475383,-1.5089848414916225,-0.11098527042686618,0.0800696357309879,0.17603252530142255,-0.7412911975891389,0.6427198175307585
64.072,4.30054107580415,-1.1484390121369525,0.0821704885728923,0.08513408355823912,0.1777770848968823,-0.7542006916729075,0.6263615669741988
64.12,4.66560766246781,-1.534883148452924,0.37441346445396984,0.08692217670093791,0.18053085132461674,-0.7635925561787573,0.6138237166043449
64.172,4.4043538586218896,-1.1918752445818561,0.2941942574509406,0.08919187066284541,0.16742686700953924,-0.7804317802088795,0.595767816226281
64.212,4.629508317998244,-1.5292375560149756,0.25866193337709453,0.09254394019193633,0.1619126092996521,-0.7896902121990855,0.5844735193663554
64.272,4.307909501648912,-1.0171516298555634,0.24979382385148674,0.08914335644168164,0.1432744872036571,-0.8107694844456792,0.5605164818366432
64.312,4.51143235351936,-1.3345461419831928,0.18436560682571715,0.08837396698959485,0.13683892580441467,-0.8207963454502977,0.5475020635930532
64.36,4.393251990381152,-1.18254802193673,0.2559025438361663,0.08290298845411642,0.12979288186427645,-0.8371639231421744,0.5248213678118929
64.412,4.64419167076667,-1.5899263947234727,0.1770908972353519,0.07648092405013854,0.12781786110589427,-0.8501639332484273,0.5050094546068568
64.448,4.357459052089186,-1.0957087143955602,0.23581124948705348,-0.06717538215074248,-0.12188921971732797,0.8626171043510971,-0.48633549883853977
64.516,4.529110054443922,-1.3304072594871241,0.14325480364306376,-0.05452719250247498,-0.11839219662376031,0.8761085743032421,-0.46415928202368145
64.576,4.359886784574659,-1.0758528882715586,0.21500512024644414,-0.04470023348286438,-0.11269546886598686,0.8846528494029775,-0.45021212385590625
64.612,4.52465568222494,-1.3223047333181377,0.12499466044808277,-0.04185866956048153,-0.10888170111082994,0.8866906738465926,-0.4474061643063426
64.672,4.384039198400447,-1.1078221657887581,0.20841515518685652,-0.03430841041516405,-0.10607155294912314,0.8928503915760091,-0.436336953388449
64.712,4.572502442493708,-1.4051961215508506,0.1152822490296298,-0.031256794216985205,-0.10498606975474532,0.8936761299039742,-0.435136659927182
64.772,4.413538580322727,-1.1625546628073493,0.20430724124136923,-0.016909475115900338,-0.10972482612683508,0.896747968821902,-0.4283895570582154
64.808,4.553788531838956,-1.3459596350179253,0.12822842200666987,-0.006436013694678602,-0.11416947272820775,0.8956337046055783,-0.42984203656596065
64.872,4.408356896237887,-1.1387719919596895,0.21280774260756175,0.01673439901410932,-0.13031040979988406,0.8954198019256585,-0.42539691501800697
64.944,4.551425172031678,-1.334310722885147,0.1393789835292103,0.04027632286759071,-0.14678010742357084,0.8931188957848815,-0.4232872025858858
65.008,4.398441880158028,-1.102789016297482,0.22693079058019155,0.05140211332434079,-0.1612265017951465,0.8944304783237983,-0.4139540521726446
65.072,4.551961937451267,-1.3201927538259524,0.14893713701858122,0.052710045122882826,-0.1679000007810571,0.8945538353444352,-0.41085846291810246
65.112,4.4185830742169765,-1.1248729970946085,0.23383842483038708,0.048689282934799516,-0.16832640744010463,0.8991364229535195,-0.4010601790304703
65.172,4.564650466293049,-1.3269792846364843,0.1524931609868181,0.047009295057044105,-0.1702585968896483,0.9009215948901711,-0.39641192744916015
65.208,4.426906840806624,-1.1261652763632386,0.23541921307193453,0.04793240618840336,-0.17496556685411216,0.902446616929788,-0.3907424195610067
65.272,4.595894134098109,-1.352455814407787,0.15543301739794427,0.05275047338647029,-0.18063110644691138,0.9005890068782798,-0.3918280638638093
65.312,4.4607499259094645,-1.151656750025504,0.23657190797272873,0.058312363403658536,-0.18774223417672542,0.8974250572008617,-0.3949440320965002
65.372,4.644357940253892,-1.3918897070285927,0.15536408251629188,0.07042765234971912,-0.19874004754869745,0.8826353737662741,-0.42011562249137857
65.408,4.516225687833762,-1.2003712836166929,0.23590943381720322,0.08045192376763963,-0.20391294826412615,0.8748918299025118,-0.4318695213396661
65.472,4.717912023059119,-1.4557438806900622,0.15697248075089865,0.09516850249605803,-0.20709785141104103,0.8544291809506153,-0.46690921046135825
65.512,4.599422860392647,-1.2706638130377512,0.23674215596333634,0.10021941842640425,-0.2079395410324718,0.8410179249534836,-0.4892913910467002
65.572,4.817591057846753,-1.540858545120507,0.1546235293629318,-0.10192508069547976,0.20211855456462502,-0.8131376588997483,0.5362522871792375
65.62,4.708893141151809,-1.3619219295657914,0.23385048998535543,-0.0958985846944416,0.19549987527832158,-0.7874671377089151,0.5766097183089202
65.672,4.941773373303541,-1.6390375560212775,0.15131873949846208,-0.08160336199038594,0.18411158817447212,-0.7472026786770991,0.6333498017600603
65.708,4.82835423535992,-1.4498194555178323,0.22938077928807873,-0.06689232012598799,0.17611343182187428,-0.7150445162226559,0.6732167678095909
65.772,5.098584155946222,-1.750370313478681,0.14711017488388528,-0.03311156256596356,0.15499105372144573,-0.6357791531473395,0.7554245601739515
65.812,4.9967313596049046,-1.5686026962961133,0.22191437496448954,-0.009827233268291706,0.1397516700543276,-0.5782412180209823,0.8037474665496172
65.872,5.278895843008885,-1.8768784417515474,0.1483555925912505,0.02183738771572776,0.10958676461866418,-0.4760128427935764,0.8723105198343905
65.908,5.171547715732673,-1.691649980952249,0.2305056405604692,0.037949321388770496,0.08889507990186872,-0.41733887312511997,0.903596026304912
65.972,5.469955451555827,-2.015256562456341,0.170883849059325,0.06341031120032505,0.04823651573996998,-0.3250732516974655,0.9423267756004718
66.012,5.364022267347834,-1.8162795094544408,0.2534957503464499,0.09672431111909657,0.015930239193502123,-0.3639165349680071,0.9262588140982266
66.072,5.657670964016902,-2.104313200977684,0.1799074323573546,0.1440867282675354,-0.016874012329360664,-0.48226606237272435,0.863929237570169
66.116,5.544533014826597,-1.9045072568940842,0.25115079516369254,0.1667847311084958,-0.03607598845046339,-0.5704919121826044,0.8033805789665471
66.172,5.820000410682196,-2.204658952169333,0.16834844090648016,0.15696932186814655,-0.0296436527917212,-0.6648044012509907,0.7297376199146716
66.216,5.690932230937834,-2.0097223976573644,0.23363287836345104,0.1358933380006177,-0.0038349469338171205,-0.7271276628495879,0.6729068700704138
66.272,5.96082463893705,-2.3238147787560184,0.14960221555571224,0.1067233429580024,0.035952990400803575,-0.7766544411711964,0.6197785004000744
66.308,5.8113893736636175,-2.1068895096962263,0.21609252453854425,0.07771766862243631,0.043831453758091374,-0.7822612195553516,0.6165274949465916
66.372,5.914942879424181,-2.7184541058110296,0.0981326895628298,0.05571976176090825,0.08047078143531877,-0.7615714211853403,0.6406471196518706
66.436,5.98354565869892,-2.750842242704125,0.08254927273583351,0.04608961134084848,0.09375308229537119,-0.730791440379845,0.674559098933606
66.472,5.612190135259304,-2.836324894189214,0.010408010329612888,0.04945325473856128,0.06691804286682616,-0.7067928015409717,0.702509990551381
66.508,5.642652109804983,-2.5525892068946137,0.1340239940141974,0.04176946248347337,0.05910857418989381,-0.6785198785017644,0.731007703748073
66.572,6.389870832462139,-2.7507875951732412,0.14584983418625377,0.02104839547429091,0.03565143069611317,-0.6231887735205167,0.7809748351229202
66.62,6.309461094668061,-2.3938088395516584,0.28877613151711345,0.017444203804011207,0.005013972795303779,-0.6281386045115023,0.7778897436994492
66.672,6.582971299254158,-2.681348168406169,0.2670276335511408,0.0070200878265832215,-0.015200647233521462,-0.6434642096522178,0.7652930612433616
66.712,6.349245741697382,-2.467679984915116,0.3989466047854117,-0.01020664172420697,-0.024392011324249986,-0.6508001073282096,0.7587885572080422
66.772,6.399858119099385,-3.236852108444867,0.025992493000205424,-0.027544831366204746,-0.01801262520956613,-0.6482915024010727,0.760680587048616
66.816,6.031327117703919,-3.0218832561989415,0.29561283553616685,-0.043149332439687826,-0.008907301567828606,-0.6394781028374626,0.767545797382924
66.872,6.531869369006356,-3.173202282007262,0.2900679471474488,-0.07406397021351624,0.002663545729320569,-0.6131910865673909,0.78645033231264
66.908,6.216611416099189,-2.8503210793564744,0.006084475820838486,-0.08829447401338363,0.007545354485897515,-0.5910905864095245,0.8017225655689294
66.972,6.583891648294978,-3.308284834808113,0.1882211035560551,-0.1136651336623655,0.02594889558909749,-0.5320317161049473,0.8386591353259365
67.02,6.735591189327211,-2.6212449835249134,0.21027351387324264,-0.1436244904349954,0.038550253710207205,-0.4761850657550312,0.8666796794883581
67.072,6.853597425010187,-3.4051545354380046,0.2805223389726985,-0.1491175072740528,0.05517023538355242,-0.4016020894620413,0.9019068554411918
67.108,6.407925250195876,-3.1210325491925373,0.38446995511805804,-0.1502670456757312,0.05955831751217757,-0.3506932250457445,0.922435300552847
67.172,7.132602169908408,-3.184976863296317,0.13883966789574156,-0.17556358302921413,0.07733878390569991,-0.24743616159906673,0.9497217943961549
67.208,6.9347323096571465,-2.7404573421660476,0.23449603624425014,-0.18144108302828924,0.08354420529839754,-0.19443366659204583,0.9603619361710218
67.272,7.349136100905964,-3.4194728702242836,0.25349583351919225,-0.15755273142767373,0.08864152706328496,-0.09900483915709395,0.9785284146733022
67.324,7.163366939702362,-2.7141789886296537,0.2538461056204129,-0.11939750182379924,0.08749474691954551,-0.04340720980612878,0.9880307282451125
67.372,7.538649464761563,-3.184759086222721,0.22957147725560406,-0.07508684250197016,0.08556168743555867,0.002875906316709661,0.9934952908238276
67.416,7.36387812893715,-2.59227610746534,0.26007142414851475,-0.04501348605359337,0.07570840463485846,0.030526095022484986,0.9956456101764452
67.472,7.767142652434438,-3.128353825844112,0.2181707560236817,-0.0032857677986844187,0.055995160674944165,0.060992232432059694,0.996560933056235
67.508,7.48791645289998,-2.4269812908417405,0.2484745177206591,0.011248627901174073,0.03488014797976367,0.07046719077927804,0.9968406184897
67.572,7.9715561588810395,-2.9427770487226472,0.08508721642530673,0.04323484579046771,-0.00040731485609711294,0.08706986219415823,0.9952634934034167
67.624,7.555309164671862,-2.0609059903737608,0.1612722417972252,0.049184724928508804,-0.03701063165002064,0.09281852633683385,0.9937785453244762
67.672,8.049277596040483,-2.5499902513906205,-0.14193282129313387,0.05931059398439973,-0.05834868081059103,0.10148073300109722,0.9913522813402114
67.716,7.9872126125757505,-2.5508259939186377,0.11086037081498236,0.0704400239322779,-0.07035375213493072,0.10351556043793754,0.9896328012632648
67.772,8.219966119459292,-2.475005164430897,-0.08130783463055083,0.06086900810947724,-0.0921423206755194,0.11701178609488112,0.9869716300417068
67.808,7.922947460680638,-1.8647973340226274,0.01597089768909149,0.053770783766323604,-0.10213463605211559,0.12241944628004857,0.9857437284122803
67.872,8.55964052789454,-2.6414293484349973,-0.04736019370319723,0.0579175904549172,-0.10319774961961163,0.13840898732672785,0.9832795784600299
67.936,7.929083405154416,-1.6816524528570946,-0.06523162719910922,0.04403589709831469,-0.11582006167404395,0.155463010420823,0.9800396958651534
67.972,8.857182842878071,-3.332569734957951,-0.06060391889123697,0.06445353827808052,-0.10168190850246142,0.16385561812562788,0.9791107533345762
68.036,8.528848399229183,-1.8836354010639578,-0.12642986673827195,0.04235440691382835,-0.10277815551338615,0.180968305925473,0.9771863830481412
68.072,9.075500900628622,-3.4673287348744988,0.04691640627451709,0.06081445310366705,-0.09490907842408754,0.1908848512173802,0.9751188864451918
68.136,8.71372895740151,-2.7936154558571875,0.020143175962317517,0.05514217378033535,-0.08925982966136967,0.2054295959689598,0.9730317079004324
68.172,9.289764743016246,-2.9785582888287045,0.5574525675168363,0.04587204728874925,-0.0801256409630176,0.21707916921947448,0.9717778919222165
68.236,8.74162801398193,-2.91590546808667,-0.03204555039478443,0.05135328998016344,-0.07779938942044654,0.22863510235651624,0.969038742561124
68.336,8.835154883066032,-2.905853347963498,-0.1285673428471179,0.022188093233752555,-0.05207566295881631,0.2671739290222565,0.9619843582391869
68.272,9.275199264767272,-3.6107616438186207,-0.0668631894971341,0.048454485608647034,-0.07012041300915259,0.23940646916219863,0.9671710464168769
68.372,9.405105197911498,-3.6854285080539118,-0.10387928546360709,0.02127512773453368,-0.034956814805476646,0.28042313808805713,0.9590037818816886
68.436,9.077618708426675,-2.9440302869767687,-0.12358884935899112,0.013059992479070939,-0.016312946902296458,0.30080936887320264,0.9534553203784197
68.472,9.423335218745551,-3.93132088679563,-0.017451917254686478,0.01719898411348799,-0.014101617741345893,0.31149313329784506,0.9499880879415447
68.536,8.60342231426362,-3.3632685443918735,0.008426326501357773,0.015851950562252238,-0.016128398420340976,0.32552945766104363,0.9452614255446339
68.572,9.659077232090414,-3.862116412149644,-0.14130909119921153,0.011570667210973851,-0.0058680867090546655,0.33188430870999885,0.9432308788683469
68.636,9.251773634237434,-3.1328171720260496,-0.1476769793404934,0.008801679139686474,-0.005440628728878055,0.33806537375005985,0.9410657432265765
68.672,9.78417769807562,-4.0373932352354,-0.09182736023526994,0.012796143753647495,-0.007555922645839642,0.34224549797981196,0.9394930472603598
68.736,9.36938627527522,-3.249369215040366,0.008901974604138968,0.010504212210881632,-0.009744517477410954,0.3446767671700816,0.9386120775262496
68.772,10.079543361182612,-4.057865687833573,-0.16865726182680923,0.012909522021296773,-0.01063868121951355,0.3473481690153082,0.9375870157936297
68.836,9.424810872300528,-3.267959185538939,-0.33138311257116243,0.011437001903970683,-0.019094113799444753,0.34982341746624696,0.9365512193136574
68.872,9.883246041248803,-4.133742887729401,-0.42958944424667056,0.015232906252503134,-0.024557368545735758,0.3538672397893013,0.93484911660712
68.936,9.60443769689515,-3.333315723649913,-0.33795678145615127,0.01806338332972924,-0.02351176953054896,0.3599364721746546,0.9325055747150737
68.972,10.326958419570587,-4.217497905256119,-0.32944082518230533,0.02478437174633898,-0.022245374980992317,0.3663426494156329,0.9298838322221916
69.036,9.838047155387683,-3.467204293498243,-0.28658801820420876,0.0321476453966101,-0.02221628564060365,0.37642415031455567,0.925622938678463
69.072,10.542512803318752,-4.350360595978503,-0.31660823452259385,0.040576681242428796,-0.02088935554987234,0.3841697162127771,0.9221338280906171
69.136,9.896129652509694,-3.5934456470803644,-0.34965662199162234,0.050756981822946495,-0.02328419608390593,0.395889684192086,0.9165985669633364
69.172,10.583305456873456,-4.468658708377349,-0.4262998106812756,0.05990782556474346,-0.022922308056355065,0.4037776483226072,0.9126057368571264
69.236,9.811532434795724,-3.6804015327983812,-0.4865021278358733,0.07189445597255394,-0.027341493921033945,0.4157456429258994,0.9062224838850044
69.272,10.864458408979745,-4.631059688256101,-0.35102635290316164,0.08322890172833214,-0.021780064826958184,0.4232502084652263,0.901918976254171
69.336,10.28086725106121,-3.802678116550849,-0.3605629514916994,0.0946770802954918,-0.02194258275692636,0.4339614300322439,0.8956741878456955
69.372,11.129659851687766,-4.708611161414318,-0.3455753726978885,0.10338633508340553,-0.019289937458497927,0.44052812917255,0.8915571386280311
69.436,10.619440464955296,-3.7705935252566567,-0.24079712517629287,0.10839914114272102,-0.016800110281189194,0.44854130860351216,0.8870051166539623
69.472,11.352800838213373,-4.817807226644733,-0.1870120833945569,0.11342921168120552,-0.014738300917019127,0.45347302311887233,0.8838997758382396
69.536,10.725629964715985,-3.9337848579933836,-0.2515001305003429,0.10849427129780431,-0.010749633321870313,0.458580581914901,0.8819395038037443
69.572,11.499160693090401,-5.035820054821044,-0.29662977961681236,0.10848298908703884,-0.007334262021360414,0.46218497091062083,0.8800924396582964
69.636,10.736526024177758,-4.340102417334621,-0.3092369780020461,0.09987845142938924,-0.003956573541423482,0.4659967685280191,0.8791220917411429
69.672,11.556348126994294,-5.325756677618003,-0.3233368971196698,0.09648269040573486,0.0006864978712072691,0.4691059756639045,0.8778554566494192
69.736,10.78572340098186,-4.544123441826422,-0.36884726408487795,0.0858701745746172,0.004883323422590958,0.47233715581164354,0.8772115352129395
69.772,11.857239268872215,-5.523421711193913,-0.2884252584340513,0.08237398886065916,0.011881709479002562,0.47491831835767706,0.8760855790545561
69.836,11.00714533086677,-4.768841822886096,-0.35298559409668256,0.07146769339626795,0.014026659566596917,0.4782412718469672,0.8752033520983653
69.872,11.80380332243723,-5.775136550423286,-0.3968732063553059,0.06649804923467101,0.016627744196313375,0.4815456107727529,0.87373643183538
69.936,11.113114216356971,-4.940936096308895,-0.360441502988007,0.05563557519579493,0.019262306188617694,0.48525188899791855,0.8723899647272891
69.972,12.215506791290117,-5.958801835475118,-0.3658512781488091,0.051898046016833274,0.024137814731747205,0.48856176025372045,0.8706499670575981
70.036,11.488632712859612,-5.116343515168875,-0.35046845426647794,0.04204612990154391,0.02548467887715779,0.49261163551980364,0.8688592697631388
70.076,12.489648558816192,-6.179174328820908,-0.36210471135613675,0.03949571838858897,0.028820148970980463,0.49628144983610456,0.8667838310621824
70.14,11.4620868532439,-5.313893598418235,-0.406934958490105,0.031796602152457755,0.02724299003824474,0.5000351220973158,0.8649922960665355
70.204,12.723139899098083,-6.446777963717588,-0.38399090078302855,0.029355885820631294,0.033831586342590945,0.5051672776802738,0.8618582698415853
70.272,12.027607364519662,-5.6121932656758196,-0.35570848139352446,0.025019039230622372,0.03667148709720583,0.5086671772338764,0.8598179763851046
70.336,13.153469901132326,-6.737364808823022,-0.32686186281813173,0.023381500364780285,0.04147388388949526,0.5132727422673042,0.8569039120235209
70.372,12.21076769914731,-5.84701787684434,-0.38542707242887736,0.02095280368082299,0.040723941576033235,0.5146472428176009,0.856177993212081
70.472,12.467682000973419,-6.000599225259352,-0.34627325717767454,0.01649762155053239,0.04382282745779678,0.5201984164334027,0.8527608080915536
70.436,13.317228746254822,-6.985392219597861,-0.3367159123483923,0.019353757666576113,0.0439189020546539,0.5189255574118478,0.8534710469437732
70.536,13.724676297188907,-7.130001394116667,-0.3059843997819783,0.015432674148495995,0.047177202738915895,0.5242735818412001,0.8501019677037314
70.572,12.465872688735095,-6.24008775183635,-0.34843948432838967,0.012947181465153825,0.042525494594390326,0.5256379482712533,0.849546173046997
70.636,14.385810626229933,-7.57939568054369,-0.2977627234175514,0.007363138654724636,0.04946910820745217,0.535658681285985,0.8429521746132874
70.672,12.909265282526572,-6.616497829404885,-0.34970617147735933,0.006028972486220128,0.04601981444850859,0.5339326735022256,0.8442521710577066
70.708,14.77785734218509,-7.816679629315219,-0.2925752883750866,0.002561981975082744,0.05111011822380281,0.5423935749618265,0.8385644888162376
70.772,13.144098346502478,-6.798380622390967,-0.3500743013309426,0.002414967958665773,0.04716358030960757,0.539085069220319,0.8409263063823499
70.836,15.168028235812518,-8.032122551190795,-0.28725508817941564,-0.0019821839574634768,0.05150082243466974,0.5485513027619042,0.8345269345404791
70.872,13.384088805774324,-6.972704423876138,-0.3502788281196418,-0.0009195182636537499,0.04672119220273534,0.5436554688133854,0.8380065727156417
70.936,15.47858707355612,-8.19051109999402,-0.28334520511223327,-0.0051694605908944756,0.05140237579104501,0.5530824794509679,0.8315232067504821
70.972,13.628448341746918,-7.139921778182659,-0.35102299407309834,-0.0038280583117257746,0.04643105684528906,0.5482322949082603,0.8350274568835531
71.036,15.793339643238523,-8.340174670941762,-0.28001509330398205,-0.00797002159997068,0.05024568196674901,0.5578259721264607,0.8283972688393906
71.072,13.87633269949978,-7.299421175247731,-0.35225479638797075,-0.006593785662705885,0.04480864861184597,0.5531163755854163,0.8318719745606694
71.136,16.111488414618798,-8.480343387954527,-0.2773103020572556,-0.010073767038879631,0.04812628761037061,0.5623338126002672,0.8254471896281057
71.172,14.127109757549192,-7.450996242600116,-0.35416770419478555,-0.008398301313607234,0.04208450612949381,0.5572952080819378,0.8292046875939572
71.272,14.380225353001997,-7.594936973328204,-0.3562925471733183,-0.010410913382141652,0.038831493823707645,0.5609720625735752,0.8268579521186924
71.236,16.432541864784827,-8.611430213382654,-0.27501416012462643,-0.01205625815779028,0.04476900818575468,0.5660749273371697,0.8230489409418583
71.308,16.66507217534087,-8.700291682225469,-0.2734168743240622,-0.013556098578330213,0.042436291250962925,0.568654513118188,0.8213692458854998
71.372,14.634675072463995,-7.731542760055286,-0.35869881943391135,-0.012125832609515443,0.03519727185649648,0.5647349454950497,0.8244322637876863
71.436,17.079801777466002,-8.847370319573846,-0.2710496734450607,-0.01553063280763951,0.037808068313655165,0.5733396911666152,0.8182975913125705
71.472,14.88958625245805,-7.861415971962413,-0.36154930319529666,-0.01349642350804339,0.03182067765917011,0.5682234568484036,0.822148036616918
71.536,17.404571570109614,-8.953138751619106,-0.2698578080364379,-0.016765597272461685,0.03433251389135522,0.576746154754309,0.8160294518055804
71.572,15.144685497635955,-7.984860509394321,-0.365030424264208,-0.014646847826332375,0.02785670679273178,0.5716798650653037,0.8198729204055544
71.636,17.729460014256425,-9.051426848791795,-0.26890645539029334,-0.01774908467309085,0.030352569230968397,0.5800875823133915,0.8137948687354518
71.672,15.399269145777792,-8.10263053617977,-0.3685398711539543,-0.015408747801241305,0.023788452228909063,0.5750079248903064,0.8176567533782709
71.736,18.053437666688247,-9.14310007539126,-0.2678533385566741,-0.01870621950887966,0.026363532000411163,0.5831671468118472,0.8117087657599112
71.772,11.812409506978415,-4.244273830225329,-0.3722041193909859,-0.023829472106983086,-0.010059257806099066,0.9463503021919374,-0.3221056862781558
71.836,11.896027706527835,-7.025463468655639,-0.267483020223397,0.022234126040945334,0.02002461132304913,-0.7924313186685241,0.6092267753257571
71.94,89.35020308258935,40.02191552912443,13.669876775530662,-0.023941983165506626,-0.0126970713642819,0.9432780777405306,-0.33089580516380457
