t,px,py,pz,qx,qy,qz,qw
25.348,0.0006236108268005884,-0.0013357487392812344,0.0007932929356350117,-0.00515149931196879,-0.007709498174833968,0.0004915675628775956,0.9999568910978424
25.448,0.0005913232821405223,-0.0013519058650198308,0.0009314671883539019,-0.005180215289682478,-0.007685188632119888,0.00045499160712688427,0.999956947187167
25.548000000000002,0.0005537463638006142,-0.0012593899573857426,0.0008132563374243934,-0.005170572511102897,-0.007700206420404224,0.0004696139944718793,0.9999568748019521
25.648,0.0005300109336228649,-0.0012523180072501767,0.0009224507307974213,-0.005161788707770422,-0.007672461273065811,0.00042648275765524367,0.9999571527759612
25.796,0.0005559130324428008,-0.0012835391165749899,0.000991785965066358,-0.005171703525583946,-0.007666195171261992,0.00041068358857327547,0.99995715621882
25.884,0.0006090653692535006,-0.0014527910145903382,0.000998594396215336,-0.005146578553208937,-0.007661147952218288,0.0004984305852587097,0.9999572846417999
25.988,0.0005392027698062809,-0.001223855910299162,0.0008879603070976398,-0.005115359753698502,-0.007662340446478392,0.0004233931400913381,0.9999574702814723
26.084,0.0005341006478826315,-0.0012397577647921152,0.0010146766844723594,-0.005151207440027999,-0.007648526402512669,0.00038122319468950565,0.9999574089803304
26.184,0.0004619193372379098,-0.0011514972202069066,0.0010212446723662368,-0.005164385620978899,-0.007639370552146244,0.00035364338209316717,0.9999574211310616
26.312,0.0004899748780714195,-0.001216053237845699,0.001078183192337426,-0.0051469390093974565,-0.007628362720346525,0.00036315039531665606,0.9999575917121839
26.412,0.0005109207767647298,-0.001146516747753741,0.000818948266210123,-0.005055452796131554,-0.007636144233609869,0.00042291162752358495,0.9999579755389848
26.412,-0.007523237574558366,-0.0010214165340645905,5.4609595657580286e-05,-0.0013139023023227584,-0.0011331352707863653,0.00047064198663373055,0.9999983840793536
26.512,0.0005795292373607995,-0.0012666248354490143,0.0008225957341542646,-0.005014214430268207,-0.007645460293796382,0.00047240017510861266,0.999958089836078
26.512,-0.009520970154321788,-0.0016073824064458833,0.0004154472823662292,-0.0014689298755449199,-0.0009746447916031507,0.00037702143617575514,0.9999983750823737
26.612,0.0005440576176011961,-0.0012084710545417657,0.0009331060481370354,-0.005034993430845481,-0.007620020623146758,0.00040195443651295105,0.9999582104065575
26.612,-0.011288322671847983,-0.000867376641180387,0.0004411169079469355,-0.0015947050587578995,-0.0008524019899334027,0.0002042104396972998,0.9999983443109891
26.716,-0.011708865948035038,-0.000516006749362095,0.0005212458391383097,-0.0015425818072515257,-0.0010038433109770296,0.000542642981162823,0.9999981591375906
26.716,0.000449735485349398,-0.0011742012912092595,0.0011037867789447952,-0.005078129648350947,-0.007588867862836539,0.0003511554386418052,0.9999582483152448
26.848,0.0004949676011863426,-0.0012580629076696704,0.001130456187774673,-0.005071926111648658,-0.007596470992967588,0.00037083485803044797,0.9999582149647449
26.848,-0.01386813036689978,0.0005201539075519242,0.0006859445105886746,-0.0012295407456018863,-0.0009148471868270201,-6.362809149779668e-05,0.9999988236171309
26.948,-0.0124537469767107,0.002421531729675415,0.0004976389751992737,-0.0007141083119254566,-0.001248995348178159,-0.00037448916487667117,0.9999988949082916
26.948,0.00046244823877567866,-0.0011597068369290262,0.001200064924431988,-0.005084955843240324,-0.007575869855558455,0.00031033064943159074,0.9999583256890718
27.048,-0.013256978231056583,0.002622924543683428,0.00027985519772410767,-0.0005449983525693761,-0.0018007814394525319,-0.0003246997628604444,0.9999981773648725
27.048,0.00040544435218848896,-0.0011141518378520252,0.0013041558522082,-0.005122051175939768,-0.007573481175280676,0.0002681155672961603,0.9999581666693269
27.148,0.0004122274810729571,-0.0011477327376390098,0.0013457040038295676,-0.005114511747532669,-0.0075626215380738705,0.00027165767067461374,0.9999582864935748
27.148,-0.012986593190888981,0.002509816976476686,0.00014117725142310625,-0.00012383114269961398,-0.002088380787011539,-0.0006305217804556333,0.9999976128840613
27.248,-0.01367368327683116,0.002722030913566012,-9.024022188655937e-05,0.00021622744706386652,-0.0029159492656996838,-0.0006718243288317899,0.999995499558694
27.248,0.0004645073050039891,-0.0012385553037591074,0.0012086311409970438,-0.005055197869657505,-0.007557524957378814,0.000359700008667766,0.9999585988464327
27.348,-0.013675106236695721,0.002693232386720437,6.173893574952532e-05,0.0002434617415966155,-0.0030668229042540014,-0.0004691449077975084,0.9999951576016305
27.348,0.00046044380716792803,-0.0011835565262772404,0.0012488726985186733,-0.005037910405767985,-0.00753399172821739,0.0003269315114654206,0.9999588749259488
27.448,-0.014303372713373104,0.002813382325522738,0.00010518480721227405,0.0005259362622900707,-0.0032564793330272903,-0.00045173549085911733,0.9999944573188633
27.448,0.0004822935128656524,-0.0012393504306075047,0.0013084525695668098,-0.005030878183454332,-0.007531978407397763,0.000326901376336832,0.9999589255071749
27.548000000000002,-0.014789606369319303,0.0030102228018580226,0.0001945268706553056,0.0009998510380592187,-0.003472752372903076,-0.00045722166651688737,0.9999933655965952
27.548000000000002,0.00046687674916823517,-0.0011925383456811598,0.0013369423829893716,-0.005003021421243937,-0.007521147051687083,0.0002935678786778712,0.9999591571367233
27.652,-0.014925207842673717,0.0029840218818744718,0.00030050801129287587,0.0012784873420962374,-0.0037113075045846844,-0.0004697253902006148,0.9999921854818569
27.652,0.00045848751251632467,-0.0011826368392737208,0.0013805213579406164,-0.005007618021107424,-0.007516931643018603,0.0002800310552639954,0.9999591697079622
27.748,-0.014977845961429134,0.0030433308451802464,0.0002592712719284308,0.0015722017028571165,-0.004110741751499523,-0.0005614848466049025,0.9999901573109733
27.748,0.0004691286217270409,-0.0011902453986278325,0.0014233016167164434,-0.004987884935448856,-0.007498247882011125,0.00027516056961200095,0.9999594099608402
27.848,-0.02471002202640809,0.0055311040103308475,-0.00045898487630084825,0.0016051195898977915,-0.00438055601135606,-0.000401086084868283,0.9999890366649457
27.848,0.00047400869643368545,-0.00119702354119318,0.001386801276571942,-0.004967339784988139,-0.007505670518724611,0.00027955408744770636,0.9999594553255832
27.948,-0.020960184106378236,0.004607751937320193,-0.00015357005003507505,0.0018850478261303344,-0.004517830279873917,-0.0005080285993238311,0.9999878887822581
27.948,0.0004733899096399019,-0.0012382053588333537,0.0013540597781929833,-0.004938649280842979,-0.0075049396002989455,0.00030599389265735527,0.9999595951800324
28.048,-0.022121616672557187,0.004991714871506524,-0.0003482625113411886,0.0020295562597076747,-0.004608337375292175,-0.0006236032256295766,0.9999871275406705
28.048,0.00045520337132391573,-0.0011949404932785669,0.0012630542442839043,-0.004911184401843578,-0.007509973144667992,0.00031237906243590166,0.9999596906828089
28.148,-0.02274395073854273,0.005180686602420703,-0.000311690822510684,0.0020962411276120533,-0.00493429353009701,-0.0006769882114037111,0.9999853999971476
28.148,0.00044350688944172994,-0.0011624107640471543,0.0012893290752164872,-0.0049100232004438025,-0.007499426058181692,0.0002889227556695374,0.9999597825935852
28.248,-0.021783561712750917,0.00484863149993936,0.00012873013399369648,0.002161217512213089,-0.005179073936774973,-0.0007316241162060806,0.9999839854008538
28.248,0.00046628560792726846,-0.0011688721979399809,0.001332404018233037,-0.004905928184214998,-0.0074881864920444815,0.00027015120933691694,0.9999598921706989
28.348,-0.02235939902297473,0.005036579919044229,0.0002853140239968405,0.0024701131971300106,-0.005216425225256573,-0.0007991051977484938,0.9999830242956855
28.348,0.0004922485771965081,-0.0013106974274632891,0.00128563153224102,-0.0048729160506547535,-0.0074935762620095435,0.0003624186827912383,0.9999599840276945
28.448,0.000458761571773201,-0.001171195547821593,0.0011645289184193683,-0.004847401074043666,-0.007502520286925837,0.0003237607338955135,0.9999600542377475
28.448,-0.022778074251000785,0.004833231384340542,0.00010858730300992457,0.00240889992970306,-0.005714202902842642,-0.0008099246643412287,0.9999804443629645
28.552,-0.025254000524417654,0.0052055529879413386,0.00027039616926641117,0.002368007763991847,-0.00586752975546438,-0.0008015572523133846,0.9999796608630446
28.552,0.00048119546405621985,-0.0012169792340560297,0.0011946837235426474,-0.004807345981648575,-0.0074877699040557435,0.0003286992123781943,0.9999603565558509
28.648,0.0005086992640874357,-0.0013067531342529615,0.0013685248656931256,-0.0048521106825805205,-0.007474229170151227,0.00033478437652179576,0.9999602396293852
28.648,-0.026624040816568197,0.005193799936226506,0.0003834407032950341,0.002381885019290441,-0.0059285203730513715,-0.0006889605801342798,0.999979352088462
28.748,-0.02530432789572315,0.004256968834933758,0.00023842165900452293,0.0023124385479411096,-0.006341324312239677,-0.0005700982292019959,0.9999770573477863
28.748,0.00045929037945450336,-0.0011570946796329383,0.0013005224107574963,-0.004846591043569251,-0.0074787941313381925,0.0002807107824041851,0.9999602489074524
28.848,-0.028606944391902436,0.00609722187065119,0.0005477029329427692,0.0024371761649590725,-0.006400985123106609,-0.0007658471402545734,0.9999762502379507
28.848,0.0004660255969110527,-0.00120841087884762,0.0014970510152055494,-0.0048729377013462,-0.007457142979771087,0.00025526716611091365,0.9999602893792393
28.948,-0.028358650091750363,0.006395946799681656,0.0005999847697591961,0.002546927293462515,-0.00645490706852627,-0.0008221154416618525,0.999975585433114
28.948,0.0005158005778417782,-0.0013572437217993349,0.001473006705162624,-0.0048391715085191874,-0.0074588239993883315,0.00032786162617192907,0.9999604196519037
29.048,-0.02810304844538271,0.007012109463977835,0.0005317969784992308,0.0025482757403447985,-0.006600908007962757,-0.0008024920199244377,0.9999746448339476
29.048,0.0003321948232145665,-0.0010218919289922807,0.001175446891748278,-0.0049222255272671905,-0.007596762189318877,0.00022113261945185987,0.9999590051599426
29.148,-0.028914491334060488,0.007278546239272417,0.0005499357183693196,0.0026340158331909407,-0.006555205353903095,-0.0006754991904657244,0.9999748171550134
29.148,0.00039531168190294716,-0.001180357747358737,0.0013595527559191268,-0.004842176271580242,-0.0074966548193988085,0.0002762869047252185,0.999960137786012
29.248,-0.029412677534099346,0.007265592835555504,0.00046732745120528816,0.0026159772854587897,-0.006675558027762274,-0.0005748218714328652,0.999974131249242
29.248,0.00044861877773234556,-0.0011867359007629037,0.0013926408763065088,-0.004796132759857763,-0.007453446048767744,0.0002712317627828671,0.9999606840700682
29.348,0.00046559936274479777,-0.0011702686649531899,0.001398479703203828,-0.004783182191641561,-0.007467349540457213,0.0002427866000037341,0.9999606496825908
29.348,-0.03240829575110013,0.007038639442212327,0.0004818609515041436,0.00256652519229471,-0.006825726325411143,-0.0005370715216108252,0.9999732666240376
29.448,-0.03505760157572349,0.006854375534248552,0.0002986881660957768,0.0023445475728239885,-0.007443293199665334,-0.0005489876217641603,0.9999693990795987
29.448,0.00040502720253085534,-0.0010766057419244156,0.0014899595492883812,-0.004801292206002316,-0.007438888395013592,0.0001882581461862611,0.9999607867768963
29.548000000000002,-0.036138552777033435,0.004992073529033336,0.0006570900963769408,0.0022433417620761225,-0.00801934678131341,-0.00023314210237549245,0.9999653009678384
29.548000000000002,0.0004441864287147206,-0.001133749801696923,0.0015545995552240048,-0.004796239580376748,-0.007445183886238381,0.00019381782197265606,0.999960763108953
29.648,-0.03684062234837715,0.005483793348785967,0.001028307337957785,0.002339903979411487,-0.008692427096928742,-0.00023520320038722994,0.9999594547980364
29.648,0.0004473745149845369,-0.001138044161500168,0.001586154152768614,-0.004783284052478294,-0.0074329393520023625,0.00018511380279290514,0.9999609179058664
29.748,-0.03558145019001918,0.005568550155055903,0.0009227427449593901,0.002750772942148333,-0.00952809197279506,-0.0003557172213103764,0.9999507598761237
29.748,0.0004955444984306665,-0.0013014673160036646,0.001599100414968266,-0.004760887637951272,-0.007403653731906377,0.00027908782669914617,0.9999612202332158
29.848,-0.036311684353989744,0.005513702446681684,0.000869931934403021,0.002979869226266779,-0.010242596759370575,-0.0004705296921402496,0.9999429924714849
29.848,0.0004748468661541743,-0.0012211397191620025,0.001563707530852295,-0.004746717974682779,-0.007392078677842525,0.0002569016076188461,0.9999613791756427
29.948,-0.03631197211095023,0.0044785233254015944,0.0007821146656171749,0.003159286514704799,-0.011141753346384264,-0.0002689063529528889,0.9999329017141398
29.948,0.0004349064620368828,-0.001073331113096424,0.001379725964727238,-0.0047248885210688036,-0.007419560709160401,0.00021034419193643566,0.999961289902098
30.048,0.00040445456022369697,-0.001076736835740128,0.0014431058913499078,-0.00470288681872795,-0.007411789763995089,0.0002028838308423186,0.9999614527901642
30.048,-0.03537453187329592,0.006370169742315073,0.0009717594615326051,0.0035898393275838564,-0.011877027311038891,-0.00045054292610774064,0.9999229201728135
30.152,-0.0405285699538124,0.003570153089255933,0.0006344955514863727,0.0038702484164872737,-0.012739566423273379,-0.0001438700260193866,0.999911348033393
30.152,0.0004263780182540361,-0.001083058076609358,0.0014538498418189432,-0.004692731591649096,-0.007394397437903923,0.00020636328086109427,0.9999616285492836
30.252,-0.0415999063316434,0.0028191477759910186,0.0006113016188244625,0.0036981500956608016,-0.013616529574241896,-0.00016402717746589302,0.9999004384954078
30.252,0.00046064026538128656,-0.0011821324759101542,0.0013706983141386026,-0.0046511327149644935,-0.007366024120371214,0.0002943423809221857,0.9999620102862351
30.348,-0.042876717059823904,0.0030731937292778127,0.0004555384113271735,0.0036461957483355377,-0.014128884826759183,-0.00035557301679995274,0.9998934710447642
30.348,0.0004263837944622003,-0.0011202822301352618,0.001423965394365503,-0.004643194607327104,-0.007344755890342156,0.0002527617079708202,0.9999622149942811
30.448,-0.04311741159433197,0.0022260387330702187,0.0003417542417544532,0.0034112669263586535,-0.014910517968641016,-0.00018283263236246557,0.999882996297113
30.448,0.00046653024741534054,-0.0011766843353580927,0.0014798202498303885,-0.004617185540848428,-0.007331943587551772,0.00025978225583234935,0.9999624276512042
30.548000000000002,-0.04154779999166399,0.001318734297675521,0.000576934864579744,0.0031179846417400373,-0.015507594751648928,-6.426067295050519e-05,0.9998748864469786
30.548000000000002,0.0004946453052190797,-0.0012020575896814093,0.0015225465745938357,-0.004616817599244757,-0.00732074850829764,0.00025852926490801985,0.99996251169689
30.648,-0.04028535092663015,0.0019935753020550785,0.0008122740956831799,0.002747704809456663,-0.01613022981074877,-0.0003021546072930456,0.9998660782860501
30.648,0.00047403293738608736,-0.001165627561650327,0.0014880434336097734,-0.0046028889103170234,-0.007329445177168424,0.00024068083310964356,0.9999625166574049
30.748,-0.03695845163706149,0.002783750487626269,0.0004674407348506629,0.002588971143352124,-0.016239540702345658,-0.00018238693655823324,0.9998647614958741
30.748,0.000374888893388185,-0.0009302546536133798,0.0012040654867808442,-0.0049758030463169945,-0.007331454772695719,0.00017694388636037357,0.9999607291518109
30.848,-0.037606669121587256,0.003279495265012078,0.0006784570808370076,0.002137317277228027,-0.015933376473562376,-0.0006325832753175496,0.9998705712378018
30.848,0.0004707969229840334,-0.001049331295080827,0.0011935947287179073,-0.0049422342515805144,-0.007359023369553754,0.0002001155005390064,0.9999606887520305
30.948,-0.03822851249168878,1.7358839925272e-05,0.0007399265501689307,0.0021350592832622816,-0.015737467885430338,-0.00027618675698482095,0.9998738407155612
30.948,0.00047521511992744023,-0.0010501637803721148,0.00121171793898039,-0.004926691150392631,-0.007345320887474374,0.0002013202439909644,0.9999608659570274
31.048,-0.03862294920007204,0.0032284560854136993,0.001145977467062481,0.0022826252497849244,-0.015373452086350168,-0.000700686186605463,0.9998789704918218
31.048,0.0005060560900470201,-0.0011420944647694655,0.0011039667378323203,-0.0048778887790607035,-0.007328078024286409,0.0002860547040054166,0.9999612110708271
31.148,-0.043151364822918925,0.0018211957686955068,0.0012303898166584762,0.0018859995727111,-0.01507928104525385,-0.0008279183568400248,0.9998841797128127
31.148,0.00046048416959681727,-0.0010859293306355728,0.0011839058758085174,-0.004883438960263938,-0.007303642239110267,0.00024229123588195863,0.9999613743184891
31.248,-0.044329633465311144,0.001111796865213489,0.0022941211833403252,0.0014997644707865534,-0.014806412088106204,-0.0008765351920168865,0.9998888701019062
31.248,0.000457615064930171,-0.0010950273255290134,0.0011952467525339215,-0.004869444251728477,-0.00730666411516905,0.00024242164453711648,0.9999614204577764
31.348,-0.04697706569843006,0.0002927448988910217,0.0015513716899847054,0.0007543458207510112,-0.014876554529636479,-0.0007412984124597793,0.9998887785970864
31.348,0.00047257798401605686,-0.0011599115840568673,0.001121618938283733,-0.004822305338442394,-0.0072803376900371294,0.00031112310734870773,0.9999618218995933
31.448,-0.044153459171752764,0.002984017895014392,0.0018497636918416156,0.000170750934862381,-0.014423326343944406,-0.0009645474476912837,0.9998954986144879
31.448,0.00045907137437877594,-0.0010878554915716473,0.0011553852836611333,-0.004816341381642428,-0.007265264984164716,0.00025550697578438354,0.9999619760253841
31.548000000000002,0.0004728853643157593,-0.0010942929225023171,0.0010129619864035942,-0.004773371048178477,-0.007273894601390012,0.0003071028236991339,0.9999621048189876
31.548000000000002,-0.04428586574784392,0.0027996438574043833,0.0019983123045136486,-0.0005081785551388991,-0.01391821623676483,-0.0008290021421825806,0.9999026641462613
31.652,0.00044283155085214914,-0.0009565487659619997,0.0010527904996311091,-0.004771458816025295,-0.007256755380826042,0.00021738374353945112,0.9999622620011307
31.652,-0.045178107644219465,0.002500781943515335,0.0016808127436966085,-0.0010227783486532786,-0.013695618652504392,-0.0006710192010584661,0.999905462375022
31.748,0.0004387225036915597,-0.0009685248791128374,0.001158739309872921,-0.004800197030024838,-0.007258450173843624,0.00018765108324944518,0.9999621181807927
31.748,-0.04498701559132989,0.003120670649848333,0.0015640237440675904,-0.0014252803458425175,-0.013503169569710743,-0.0007154977673157816,0.999907556252303
31.848,0.0004982025099553321,-0.0010862451898684302,0.0011658086861943227,-0.0047641886903085785,-0.007281991392367409,0.00022141612949070044,0.9999621123234531
31.848,-0.044008707483458816,0.0028269199399556313,0.0017624912098565637,-0.002212973357836737,-0.01329113246312759,-0.0007702357837998592,0.9999089234943362
31.98,-0.04240153761136813,0.002521975498414942,0.0006737918198455297,-0.002922414944256447,-0.013294187756627484,-0.0005137370697479951,0.9999072257649748
31.98,0.0005495231224426759,-0.0011949301278810847,0.0012489224877876212,-0.004708725073434873,-0.0071286042353212375,0.0003162378037140445,0.9999634547839689
32.112,-0.03690860133384892,0.00146434027275861,0.010202989544827604,0.0019775562322422047,-0.00014784393708288236,-0.00024040419446541038,0.9999980048076806
32.112,0.001367778521396773,-0.0010840188173540657,0.007700713284581327,0.0012366175142678184,0.00496076420606513,0.0004908379615420193,0.9999868102498706
32.188,0.006046000784240533,-0.0035734150820194072,0.03222903212153902,0.005710813966072537,0.014916985802776447,3.913647431865547e-06,0.9998724269240992
32.188,-0.033953352461602866,0.00023036033611494424,0.02552945884851591,0.0038051136191108482,0.010354812994565653,-0.000535599108412636,0.9999390041856494
32.284,-0.025563497275612607,-0.0024135824655879172,0.05370431710562503,0.004117963271537948,0.01898147514752411,-0.0014271460444090322,0.9998103366308463
32.284,0.025304793282402455,-0.013081779186811433,0.10905236912298448,0.010363378173361904,0.025776417561236303,-0.0007721786623205206,0.9996137156075131
32.384,-0.012738505650651103,-0.007200807950684981,0.08817256653708304,0.00041245583995044686,0.02195651550703263,-0.0016532637609048553,0.9997574746036693
32.384,0.04448036741589942,-0.0217066712887662,0.1504570592181773,0.012311020228614977,0.033494996771229114,-0.0008433915125332848,0.9993627032579225
32.512,0.01026122156902761,-0.014551238991054063,0.13149379494330746,-0.008608776238701321,0.009841958573902087,-0.001703490748004155,0.999913057691704
32.512,0.11571799130891341,-0.06707666850884246,0.28425112156304033,0.021986104210944952,0.03190190428364714,0.0018815810315565944,0.9992473864752033
32.584,0.026259239574195736,-0.017731443822059996,0.1552550840542213,-0.01641537562920705,-0.0017431870257632314,-0.0014328715861792677,0.999862712386537
32.584,0.10709708819225051,-0.05345425762351015,0.2404312515607303,0.009328325734834607,0.014635417133022768,0.0012703682056786827,0.9998485750697199
32.712,0.05031786485520117,-0.028163724594030017,0.1919128444503447,-0.028890026262479468,-0.02411478166164991,-0.0005783056509428274,0.9992915036417243
32.712,0.11596130446922646,-0.0475968044653407,0.2222411575090487,-0.005728981431264419,0.002690575462726925,0.0012075331592849767,0.999979240504076
32.788,0.05961955413137612,-0.03134115422570452,0.20369891130023182,-0.03649174144864725,-0.036692404961312416,-0.0008701933194107226,0.9986597333365289
32.788,0.12282105797852837,-0.046273795536606,0.21647538140606482,-0.016953241437932455,-0.007752792852865199,0.0006287297745495714,0.9998260281201917
32.912,0.13318832612239065,-0.04659511613713694,0.24842314602920343,-0.020344768706314513,-0.015190084471400047,0.0005445396189627685,0.9996774755873225
32.912,0.07009955793175238,-0.03142808292283393,0.22738640234887872,-0.03682890864167729,-0.04642352919972133,-0.0014517751629648818,0.9982416439789424
33.012,0.12591306067280333,-0.04105623460285801,0.27298637669724835,-0.01049854282608151,-0.019421595354865758,-0.00047951418032933854,0.9997561464169908
33.012,0.06598702174391735,-0.024468950478060438,0.2540722199697254,-0.0268305296657554,-0.04458588082441963,-0.002202561957201276,0.9986427642704824
33.084,0.05786065361287388,-0.01668656299287938,0.28437161007057254,-0.020472644335427805,-0.04136327283564274,-0.002361921759804836,0.9989316151868655
33.084,0.11977491779019696,-0.032471992624076816,0.3156976650686466,-0.006922495849110785,-0.014245614605042976,-0.000363764623072414,0.9998744967199846
33.184,0.0426152465206616,-0.005482297002541729,0.3283263899572229,-0.014075852861845435,-0.03609569924466642,-0.002207439690803506,0.9992467653549155
33.184,0.10234688759788348,-0.0210489336138817,0.35631830872975445,-0.00012851604482992502,-0.011468674117698138,-0.0007922967399611578,0.9999339104478275
33.316,0.0753856442369321,-0.008020267955008672,0.43399458151182435,0.006790925848155396,-0.0016277750839342126,-0.000493477134409882,0.9999754947771065
33.316,0.009136670395267561,0.011685857851741775,0.3993881271810618,-0.01041648534925412,-0.031790492918817595,-0.001690873280039216,0.9994388437220649
33.448,-0.02856408695302427,0.029335289265736985,0.47126482861332347,-0.009243344382220117,-0.027303225494057302,-0.001417129690991963,0.9995834563485388
33.448,0.04408131307132794,0.00816070358622092,0.5143676853748296,0.007279153931077616,0.008906691034162924,-0.0005604089023402891,0.9999336831584041
33.58,0.008373985956797347,0.019384822468284494,0.5921347280869438,0.007628760197564081,0.015229987517067233,7.050277931966735e-05,0.9998549117384162
33.58,-0.06827164172257674,0.04362283336746792,0.5449390525123594,-0.009127948097180885,-0.02163225190274461,-0.0011282379995039083,0.9997236884860575
33.692,-0.101604922095808,0.055410372572351915,0.6101965127479038,-0.00880609439967187,-0.018277947993368647,-0.001316861749461743,0.9997932962336308
33.692,-0.021276714727171585,0.031742205757808874,0.6607722747474344,0.006653894878761671,0.01869408861296618,-0.00034877075858070025,0.9998030481514001
33.812,-0.052385018393844504,0.0422247981107661,0.7317886056026212,0.007251353320347607,0.020351327960629342,-0.0007496160033671116,0.9997663123956068
33.812,-0.13934109356518304,0.06745041097207376,0.676880878267459,-0.008094774595446264,-0.01718688335261713,-0.0017304258351522454,0.9998180290889445
33.912,-0.084303015620392,0.05335960705245796,0.7839932407652493,0.006537018900476148,0.017910047859033693,-0.0012939605651503103,0.9998173949455159
33.912,-0.16918368226662672,0.07602469721587309,0.7311989447860927,-0.007636646492867953,-0.0161814999950678,-0.0018829605189979587,0.9998381344737439
34.012,-0.11362939506131331,0.060653127050007874,0.8276443777862023,0.006156315341824061,0.017022856450965015,-0.0013439772279593206,0.9998352443602259
34.012,-0.1995516501843025,0.08518640883701772,0.7724997577358294,-0.008238779367032314,-0.016261403249224735,-0.0020322261941461786,0.999831765516381
34.112,-0.14604445654896264,0.0631335962600588,0.8530853144791899,0.008144369322878453,0.015287936153024944,-0.0007770252047749153,0.9998496609432563
34.112,-0.230494108702896,0.0915107114286018,0.7967995121527753,-0.007192164703761616,-0.015928188698469296,-0.001747628577169901,0.9998457437855183
34.184,-0.16803413260507366,0.06858337091873304,0.8632378121720055,0.008909667428538883,0.01641776361671,-0.0009418614958762976,0.9998250785817794
34.184,-0.25128641449014394,0.09641307197861831,0.8060122002095238,-0.006884227617112083,-0.013813875909679045,-0.0016361964746246804,0.9998795462972349
34.296,-0.19912473623416901,0.07474378558453455,0.8702670467184381,0.009175255110060627,0.01941295255392878,-0.0008134185550251631,0.999769118505397
34.296,-0.2813040668140464,0.10327161623610259,0.8122202151605022,-0.0068198575969705445,-0.009658961694748204,-0.0015625015749021036,0.9999288737656118
34.412,-0.22914993474954118,0.08194844358462583,0.8710999356167888,0.00804610228224113,0.023121757804774903,-0.0007660577180218635,0.9996999838499817
34.412,-0.30939970547113954,0.1100072463668034,0.8118939973884851,-0.007951612906475879,-0.005227718221943801,-0.0014955200763208695,0.9999536020406541
34.512,-0.33107403586001477,0.11703047788992935,0.8070762166991403,-0.008853920623919941,-0.0024916963685228783,-0.0018053789865168438,0.9999560691077921
34.512,-0.25386437466923417,0.09007990851212995,0.8666505526769888,0.00695606179862072,0.025193975047835524,-0.0011603120435954503,0.9996577066683897
34.592,-0.2712355061672439,0.09116177500730549,0.8603587415538474,0.007575694093441482,0.026139568746417145,-0.0005044020740265666,0.9996294700454272
34.592,-0.343900836531281,0.12300562018533473,0.8045074675222943,-0.008386420373154391,0.002114679135077202,-0.001984096743554952,0.9999606289477564
34.688,-0.286607435986888,0.09906464275382376,0.8543372490617231,0.007350641358237773,0.027470601081302812,-0.0006846893103266169,0.9995953508037153
34.688,-0.3566013069456952,0.13106061645406214,0.7975473933159662,-0.009408419714722798,0.005227574221930784,-0.0020730496437269034,0.9999399264812864
34.788,-0.30118675346260215,0.10669232536500278,0.8455116947505374,0.007033832110313411,0.02788236049233791,-0.00044035384414206136,0.9995863670877625
34.788,-0.3685094405492149,0.1387031224332745,0.7901423301802639,-0.0100850038609421,0.007136185713210748,-0.0018496523576510009,0.9999219701240428
34.912,-0.31747633112300855,0.11859015029921005,0.8273602593895995,0.0057113955024326825,0.026559089959394756,-0.0005669089730482553,0.9996307684921267
34.912,-0.3855014563200443,0.14843381449191767,0.776698773810134,-0.00987947454988138,0.004457979507480794,-0.0018665883156050082,0.9999395172956158
34.984,-0.3918419062899876,0.15292674371605391,0.7669560442506541,-0.009645822784434339,0.0025924490776044217,-0.0017681791589595536,0.9999485541031865
34.984,-0.3242676549895588,0.123074435298585,0.8184481509794936,0.005992335143975939,0.025059919872421635,-0.00043925999504190836,0.9996678945460671
35.112,-0.3327942342016446,0.1304528785391167,0.8031085654821952,0.007422555023012812,0.023422703173891373,-0.00029052161814875833,0.9996980535392411
35.112,-0.4003294063818014,0.16094107720987455,0.7495883560847495,-0.008681869334150015,0.00039276595682585433,-0.0016931831078379903,0.9999608012370941
35.184,-0.3367586961469458,0.13530786128051456,0.7938067372638553,0.008794666268170449,0.022734905211923558,-0.0003245332909705359,0.9997027921379331
35.184,-0.4040931942238842,0.16485486569418611,0.7396059333520902,-0.0075045738241331685,-0.000585894591249512,-0.0015355610325145368,0.9999704896403501
35.292,-0.4072622754754501,0.1700049650874793,0.7260781985983,-0.006537617267069761,-0.0014633746346867785,-0.0014393314080513428,0.9999765229345364
35.292,-0.3400274551276775,0.1407022655182201,0.7798398236651967,0.00995217280988084,0.02177296510420687,-0.00029349633252725256,0.9997133619727387
35.412,-0.34132462833929667,0.14591941252324667,0.762891443086868,0.009273153849189402,0.02020929819368597,-0.00019009437407257302,0.999752747807345
35.412,-0.40878784707077537,0.17389713681779734,0.7121691724773634,-0.0061712249064107254,-0.0029183441582818774,-0.0013520613428530124,0.9999757852971508
35.484,-0.4082248712894028,0.1763391262003733,0.7040932214557512,-0.006829695152079732,-0.003794267752621067,-0.0013194315463571974,0.9999686084556583
35.484,-0.3416338271114857,0.1486136882462428,0.7550774218035685,0.008831560253937441,0.019418923842680118,-0.00014559099298393598,0.999772417974979
35.584,-0.34026128041461545,0.15189048428594534,0.7447078474855349,0.008230982244359883,0.018466102884298844,-0.00018509413286499268,0.9997955889659254
35.584,-0.4060170431873496,0.17949809938575312,0.6938625480582156,-0.007474884878379023,-0.0047527732937171574,-0.0014082717451421466,0.9999597761974055
35.712,-0.402498787266065,0.18202188214804765,0.6829516944882262,-0.007423984368726865,-0.005241515680105127,-0.0014432649016002906,0.9999576630817386
35.712,-0.3370962464655429,0.1547120902660518,0.7332959637675135,0.008565726153279331,0.017883430674677004,-0.0002729831721169232,0.9998033490256765
35.812,-0.33363831562035806,0.15650423556779675,0.7256355193650118,0.008558253329261167,0.017425967153818275,-0.0005309086473069428,0.9998113872649753
35.812,-0.3986431567382142,0.18274797964670947,0.6759962632091734,-0.0073737207604982055,-0.005570760399512296,-0.001562742333412412,0.9999560753888727
35.912,-0.32912471006195665,0.1575629354212337,0.720401907118864,0.008073219306979176,0.016743065096900493,-0.0009325576795726452,0.9998267966189727
35.912,-0.3937242772171514,0.18336786512862913,0.6712905180426335,-0.007776841836355745,-0.006095427142029875,-0.0019168743866234588,0.9999493447628206
36.012,-0.3245397244513185,0.15645813979878376,0.7165674046707575,0.0077825043250509,0.015887972018938164,-0.00073913888318331,0.9998432170321842
36.012,-0.3891278660891014,0.18293747407854366,0.6679208272324575,-0.008361435989462044,-0.006776395945460642,-0.0018217675466156904,0.9999404222298399
36.084,-0.38634241211715287,0.18267626952055377,0.6667371273003057,-0.008522706781415956,-0.007032697735621261,-0.001864331553991452,0.9999372124786308
36.084,-0.32117340549551887,0.15723221516609792,0.7145261404858514,0.007802030217557939,0.015471485724263769,-0.000995233598216928,0.9998493741379515
36.212,-0.313892169560115,0.15515877410034706,0.7117553623138119,0.007692745047878468,0.014551500046945687,-0.0004604526508114285,0.9998644225610632
36.212,-0.3786806463526298,0.18142568295807898,0.6649190936150985,-0.008789784654385513,-0.007658800474290433,-0.001467871827957755,0.9999309615235049
36.312,-0.3084777706673729,0.1529813777781988,0.7096902257934661,0.007310177590160898,0.013679144163357344,-5.0379805673731126e-05,0.9998797126556942
36.312,-0.37284401629464403,0.17932532443656396,0.6635979796686323,-0.009108377493080046,-0.008282854602397222,-0.001081774767801556,0.9999236278548631
36.416,-0.36714445596475753,0.1770798214735595,0.6627321413162581,-0.009224702489834565,-0.008810137681686292,-0.0009702312132368942,0.9999181691465541
36.416,-0.30286015310348835,0.1502591438750167,0.7087061009115304,0.00745186140868574,0.013154203126033848,0.00010972567835962829,0.9998857057993881
36.548,-0.29538138006482106,0.14565007674653463,0.708539015924117,0.007510567252261933,0.013000445465571124,0.00038694724632831024,0.9998872086735956
36.548,-0.36004032370201294,0.17352092936317404,0.6627594138825202,-0.009411481160985032,-0.009087100554975518,-0.0008449450494920355,0.999914063654334
36.648,-0.35492127944969437,0.17126675637277744,0.662376535065991,-0.009630729996478925,-0.0095591136712429,-0.0011418542353705027,0.999907279978729
36.648,-0.2899870438571338,0.14400565938844034,0.7078951961850602,0.007124077569621789,0.012671310970570912,-6.2013114918580305e-06,0.9998943370969819
36.748,-0.28430273860372535,0.14052173956395064,0.7091020114861868,0.006706397954284678,0.01285404543551941,-0.0004439541975377257,0.9998947947894773
36.748,-0.3495010721982997,0.16788640830660623,0.6634363193892857,-0.010273641303499736,-0.009594514412652199,-0.0015850978563195725,0.9998999375199192
36.848,-0.2788613192552051,0.13690647471424988,0.7101792829786844,0.005582648985651788,0.012611760935371275,-0.0007931893893575566,0.9999045696300246
36.848,-0.3441990525618282,0.1659904031825456,0.6647912739581839,-0.011602832462476086,-0.009830348642828087,-0.0022605649048085485,0.9998818072005908
36.948,-0.273595100916156,0.1336690677282891,0.7115782134770552,0.005018723094944219,0.01226605676180053,-0.0008714509366033216,0.9999117945315366
36.948,-0.33879971011391974,0.16355524897224455,0.6665984785924591,-0.01241104291023294,-0.0100887290121589,-0.002459198769640966,0.9998690593783823
37.048,-0.3332985489371312,0.15996261776374737,0.6679103200730582,-0.01284933617350441,-0.010643414662010275,-0.0021365956097388716,0.9998585136125177
37.048,-0.26853908565479634,0.13006427248746688,0.7125245910349196,0.004554962908824578,0.011643957333941982,-0.0005817098833567113,0.9999216630237172
37.148,-0.2637594343838334,0.12657138613822919,0.7132426969429553,0.004565391679248116,0.01137600732682598,-0.000250273734701455,0.9999248376848996
37.148,-0.3285958860570724,0.15651562203471608,0.668825123968912,-0.012948609317884833,-0.010937186876397522,-0.0017835513135870719,0.9998547546542325
37.248,-0.2593689857913909,0.12461166032617646,0.7145139921273685,0.004573003293969937,0.011491348324185056,-0.0003458426392299712,0.9999234555441904
37.248,-0.32415772694285877,0.15650668074709934,0.6698311321559833,-0.01313787234369449,-0.010866282554274957,-0.002245681791255512,0.9998521276303931
37.352,-0.3201012581678479,0.15390251145295036,0.6709768511807653,-0.013282553266091214,-0.011030632622926929,-0.002183437614824234,0.9998485542935258
37.352,-0.2549672138681297,0.12313994592692384,0.7150772797038946,0.004515207753747473,0.011358714024523077,-0.0005205676193231536,0.9999251579613363
37.48,-0.2501833497148983,0.12079296703276174,0.7163032264686702,0.004160699398510412,0.01150597285230073,-0.0005856985923397962,0.9999249762489165
37.48,-0.3153082907105219,0.15161498292653708,0.6723701394899112,-0.013718761548163533,-0.010945503103704008,-0.002248640713967085,0.9998434553260479
37.612,-0.24572611228190464,0.11909838440450699,0.7168506814927997,0.004157711391522889,0.01139078956557847,-0.0008130139508374209,0.9999261484516611
37.612,-0.3108487450845458,0.14986234989293096,0.6731491022450473,-0.013427940762165299,-0.01115239607035998,-0.0024987931643894435,0.9998445231642263
37.688,-0.24332508112556692,0.11741569889350895,0.7176384306631283,0.004131909662317104,0.01146001064905881,-0.0007272201231688875,0.9999255305418291
37.688,-0.3083228580829527,0.1492906554706221,0.6738133613487856,-0.013794197807220202,-0.01113559927914782,-0.002601745142287033,0.9998394618426321
37.82,-0.23951867652377215,0.1165723130647649,0.7170347896551541,0.004135007508951138,0.011272477354733215,-0.0007694737658202306,0.9999276178190657
37.82,-0.3046333998439324,0.1480016032762121,0.6737399520296264,-0.01323758770815259,-0.011238285620002285,-0.0026212742870356525,0.9998457861736
37.948,-0.2360911030660842,0.1163918547247639,0.7177385853764758,0.003977184434561283,0.011378677049784985,-0.0007555534495670607,0.9999270657660763
37.948,-0.30112660733149743,0.1475955375480329,0.6742143356904536,-0.013354446627261582,-0.011329843662898778,-0.0025774909804538552,0.9998433126935937
38.08,-0.23313893544357625,0.11724345163615452,0.7185237439329142,0.003995004587719078,0.011353746003048896,-0.0006082383709279049,0.999927378581128
38.08,-0.298252614718337,0.14853345032801973,0.6746824662746922,-0.013447174251768133,-0.011457426697759208,-0.0024168221097910112,0.9998410172867473
38.192,-0.29578851377199916,0.14674990105482455,0.6770566264220937,-0.01171861567835382,-0.011929805760138327,-0.00176248217960958,0.9998586137237979
38.192,-0.23092416996049883,0.11662150589406198,0.7193538623724482,0.005018123410907879,0.01128041335533128,-0.0002725882547925326,0.9999237452964147
38.292,-0.2293051421498665,0.11597533043743974,0.7202462691276842,0.005708863404040043,0.011188164814245158,5.949109763949427e-05,0.9999211120421113
38.292,-0.2942918877729567,0.145020750225059,0.6772503957564703,-0.010543121191072523,-0.012692089639279503,-0.0012372087752183418,0.9998631020147636
38.412,-0.2268933858408113,0.1113797621592727,0.7222976950405706,0.007501382761386205,0.009864476237958893,0.0010209311833604454,0.9999226865436831
38.412,-0.29316330423939985,0.14450195803185628,0.6780664713911004,-0.00997263892930645,-0.0133068666651145,-0.0011192146447712044,0.9998611009189834
38.512,-0.2269857977070136,0.11230110321211137,0.7209606245220674,0.007359173590099808,0.00923134492410482,0.0007357161392460398,0.9999300393311151
38.512,-0.2925278030800672,0.14472707063564122,0.6783345095544934,-0.010156033839798006,-0.013705087886167323,-0.0012737055510370118,0.9998536909052477
38.612,-0.2263693119181754,0.1131491204911659,0.7201204071497541,0.006413274696922455,0.009480267461219475,0.0005189255979060716,0.9999343604220976
38.612,-0.2916390916345199,0.14466144044568024,0.6782747588744533,-0.01083143107851107,-0.013350610926801053,-0.0013664071486761552,0.9998512760506818
38.688,-0.22539051167838786,0.11407266802577534,0.7200343341314901,0.006000411457915255,0.010141083710873596,8.593170315256928e-05,0.9999305706394055
38.688,-0.2906548710090789,0.1452743399020588,0.6783217564963462,-0.011175934341557276,-0.012686860168509834,-0.0017741496321912705,0.9998554867898364
38.812,-0.22416438031322816,0.115389564469318,0.7198432667850652,0.0053849740601969506,0.01088292390722749,-0.00030368141380029203,0.9999262331788278
38.812,-0.28920603978828263,0.14622360854374394,0.6782640466580753,-0.011605138242323095,-0.011906744715902605,-0.0021229383980632074,0.9998595117961347
38.884,-0.22346102692878217,0.11643457282430919,0.719443080660239,0.005394310585078383,0.0110688210033454,-0.00045126558325479874,0.9999240866057187
38.884,-0.2883881969764869,0.14562369037776463,0.6777340604538905,-0.011479755726264085,-0.011715944985003357,-0.0019850529288963584,0.9998634963866033
39.0,-0.22216420717926738,0.11767466818123484,0.7181622249595825,0.005949542148057829,0.011095019324337627,-0.00029334033392124163,0.9999207055791323
39.0,-0.2870526613338324,0.14623447827206099,0.6766115522041332,-0.010500071828978249,-0.011697789483307883,-0.0017384920648891326,0.9998749361085769
39.112,-0.2210429205269307,0.119783757068438,0.7180014067721773,0.006808321275871165,0.011485819378858014,-0.0003165165460994938,0.9999108072882685
39.112,-0.28577826967042474,0.14818293638862756,0.6763905752264663,-0.009594524778513403,-0.011244994414110476,-0.0017311221883628924,0.9998892430718864
39.212,-0.2848790109869118,0.1496084752301577,0.6758480525139375,-0.008798345285191474,-0.0114841051835883,-0.001631153856858334,0.9998940162764602
39.212,-0.22024968082561536,0.12122650951353334,0.7175253878518587,0.007506957033350334,0.011230028788068589,-0.0002320735356144075,0.9999087349310399
39.288,-0.2196120934336247,0.1219352612267105,0.7173339543345416,0.007646747676969261,0.01109017085755296,-6.46150694177333e-05,0.999909261475864
39.288,-0.2841426488841361,0.15031707496830882,0.6755688028512901,-0.00862074052289987,-0.011633297408899889,-0.0014685073801409493,0.9998940907467687
39.412,-0.28247487566672935,0.15148714876845498,0.6748452332341034,-0.008278151693708043,-0.011765307633790726,-0.0015356897734181525,0.9998953402220344
39.412,-0.21804696140037066,0.12316762907764753,0.7167013007956,0.008032696202913385,0.010949790813633573,-0.00015119186180074045,0.9999077732540488
39.488,-0.28195254412146864,0.15287315657852446,0.6752604930830625,-0.008564457315629949,-0.012030060255504472,-0.0017562659738555736,0.9998894155110187
39.488,-0.2172683733789182,0.12469011958668474,0.7172257929778795,0.00775038140426011,0.010779292715966227,-0.000400983552838396,0.9999117849334622
39.612,-0.21578174791492793,0.12662355907722145,0.7168302709400927,0.007377370421512092,0.010009646553992148,-0.0008605485390019709,0.9999223174015769
39.612,-0.2808634838247487,0.15448210925354594,0.6749112530923947,-0.00879740270039179,-0.012981303032470443,-0.0021400570989626843,0.9998747479724245
39.712,-0.21464813206824923,0.1276635776965244,0.7175104892870641,0.007270989865541334,0.009892511887039629,-0.0009748183468749224,0.9999241574460188
39.712,-0.27945977726890353,0.15696626686638077,0.6753110722825134,-0.009035326463950647,-0.013043810026266624,-0.002517189456803515,0.9998709344975115
39.812,-0.2140165488194813,0.12897108110377753,0.7172755722417314,0.00711621505001236,0.009595084629882877,-0.0009807566376259858,0.9999281633951137
39.812,-0.27894621935648983,0.15816736715494162,0.6750965890494166,-0.00910477360052579,-0.013375498938816455,-0.002515329254958283,0.9998659271345134
39.912,-0.21308814196390508,0.12949718007591415,0.7174773971137745,0.00752304783847271,0.009860199747898344,-0.0007985912491909981,0.9999227682497126
39.912,-0.277902548543546,0.15867225551981062,0.6753717256355383,-0.00882361295114099,-0.013023183259871025,-0.0023154263516915945,0.9998735816857439
40.012,-0.21212286264300179,0.13119328375197867,0.716500821536696,0.007189006931467307,0.009822721303209802,-0.0008529079911028451,0.9999255496653225
40.012,-0.2769627271428135,0.15992789832396076,0.6743999087716647,-0.008953090523399257,-0.013137273108497313,-0.0023190326172976444,0.9998709298269814
40.092,-0.21109480310078438,0.13208575263951777,0.7167448220482509,0.007040934444925848,0.010339271873043954,-0.0007553081434226271,0.9999214740212784
40.092,-0.2759477870738027,0.16091952825586836,0.674694275491347,-0.009179647792851537,-0.012574789654974538,-0.0022375296980509146,0.9998762934445354
40.212,-0.21017950701012278,0.13325067200682839,0.7163055717629959,0.006961986924772974,0.010158976755109713,-0.0006840438850128114,0.9999239261130377
40.212,-0.27500824427732595,0.16195999361623992,0.6743991020638747,-0.009179919525149571,-0.012735185272641706,-0.0021545010591657067,0.9998744432471355
40.312,-0.20968751565372756,0.13520053372691515,0.7172222207899811,0.006991847550224649,0.00995382986758537,-0.0008867068296550049,0.99992562177884
40.312,-0.2746119943741912,0.1639532492940281,0.6752473612347776,-0.009226365998544163,-0.012894998092375494,-0.0023575000016527767,0.9998715094392883
40.412,-0.20984590283535948,0.1358921047641453,0.7175258212033484,0.007218739062791039,0.00952761703190647,-0.0007701407184458125,0.9999282580282
40.412,-0.2749473617089936,0.1645829428875073,0.6757070336911029,-0.008943239049432995,-0.013343058330407644,-0.0022185428574384553,0.9998685210252825
40.512,-0.20989472356530742,0.13781585733045232,0.7178328613837539,0.007177759854268091,0.009519338363290634,-0.0008916831649172657,0.9999285308769488
40.512,-0.27510589524875906,0.16638686486413434,0.6760723220976166,-0.008972458440013417,-0.013356950223299809,-0.002307139624749761,0.9998678732597754
40.612,-0.20974813865495295,0.13887876702377638,0.7178964804563721,0.00733103477536358,0.009592990231385311,-0.000755603557124437,0.9999268270882662
40.612,-0.274928566746116,0.16739961394227382,0.6761592800631615,-0.008800465334432897,-0.013256914064654903,-0.002164519511999372,0.9998710521335549
40.692,-0.20955724048634827,0.140204904376421,0.7176815958295861,0.007328409256127989,0.009874431435288057,-0.000709775868518964,0.999924140242559
40.692,-0.27459027443259026,0.1684388285029812,0.6759420957730535,-0.008746811344864115,-0.012898234589634688,-0.002074019125394168,0.9998764060024797
40.784,-0.2744190029120016,0.1685205953356756,0.6761093830422282,-0.008378647856618748,-0.01282451922315266,-0.0015082097412328882,0.9998815206164009
40.784,-0.20940540421286907,0.14040344579344285,0.7178924463033753,0.007643678523569049,0.009943304535765128,-0.0001579953556971081,0.9999213368615578
40.9,-0.2096339616418208,0.14121186369503713,0.7174413621559819,0.008095152612638825,0.009905825433899746,0.0002189796674624137,0.9999181442370952
40.9,-0.2746814974065488,0.1692919046794948,0.6758832017345999,-0.007814101923957956,-0.012798213131212849,-0.0011250465293173152,0.9998869335190239
41.012,-0.2098795723693342,0.1409000020733697,0.7178602781119521,0.008376454425562325,0.009974028615936725,0.0004587980326382925,0.9999150680276752
41.012,-0.27489705227992545,0.16904587555640976,0.6762721016382502,-0.007540292916373003,-0.012749461775219463,-0.0008922584775028435,0.9998898934792705
41.112,-0.21023924897897034,0.1413748989807963,0.7189474464557755,0.008017358188220124,0.010075087601271276,0.00018940057986345868,0.9999170859150917
41.112,-0.2752949211430789,0.16965894211325133,0.6772789472321409,-0.00799854868303125,-0.012619661212300943,-0.001183536899622037,0.9998876769969011
41.184,-0.21137334195384339,0.14117980569357538,0.7194879733788038,0.007959212573717938,0.009688505292428706,-9.358662164131775e-05,0.9999213844307707
41.184,-0.2763289034489398,0.16961970596286674,0.6779910826038673,-0.008114499841478011,-0.012893930954945355,-0.0014776139821236919,0.9998828521850806
41.284,-0.2771778429301669,0.17028283474414957,0.6784661323250551,-0.008744233770019507,-0.013023663923974332,-0.0020928387850916354,0.9998747634476981
41.284,-0.2120122380192317,0.1420128206026957,0.7200967442646975,0.007245189908795847,0.00969293936899365,-0.0007167714632809301,0.9999265174942826
41.4,-0.21268878617682696,0.14200874969941502,0.7208392353407356,0.007099284578641392,0.009837487282344484,-0.0010362725862334667,0.9999258723233279
41.4,-0.2780154953257512,0.1704932833137658,0.6791839260540089,-0.008970589867033979,-0.012941439907511301,-0.002448592619911014,0.9998730179601505
41.512,-0.21314935984730016,0.1423602474415839,0.7217575821275031,0.0073137291909938255,0.010376489515637667,-0.0010925295666814484,0.9999188188097065
41.512,-0.27843732059795784,0.17076866021862946,0.6799843340393941,-0.008830506939717563,-0.01234810111242686,-0.0024711714454322543,0.999881712932981
41.584,-0.21383930993385014,0.1417961389380554,0.722338518790971,0.0076368309460484556,0.010359855720989096,-0.0009423510648063344,0.999916728621445
41.584,-0.278997775362582,0.1701282154367606,0.6806443626082186,-0.008530563408059027,-0.012276338000146119,-0.0022958741499851587,0.9998856184459974
41.692,-0.279563302598004,0.1709432876569933,0.6818096439561786,-0.008849442750645491,-0.012295706022236792,-0.002286576357986415,0.9998826303846752
41.692,-0.21434203867400486,0.14252224921452442,0.7235743274451715,0.0074526172470033404,0.010318487467298841,-0.0009277799963828963,0.9999185599521768
41.812,-0.21546013933092778,0.14053095970907276,0.7239444657335394,0.007477746918922318,0.01003399198005407,-0.0001908799949860108,0.9999216798683727
41.812,-0.28096391546529326,0.16907400539901024,0.6823160636246774,-0.008746878668858689,-0.012688788546601939,-0.0015843016303603908,0.9998799811712984
41.912,-0.28169816703982803,0.16975860248889213,0.6836246073465915,-0.008799965529080533,-0.012458093205839179,-0.0015365790905964136,0.999882490818326
41.912,-0.2161077212359428,0.14098157436526249,0.7254658727000485,0.007552638704553907,0.010318522714343734,-0.00010967289019490128,0.9999182335118453
41.984,-0.21705771699333748,0.14090324895102138,0.7266817465711327,0.007886443405318981,0.010223035600011985,-0.0002706194323215763,0.9999166066821065
41.984,-0.28272715946491145,0.16985244274138084,0.6848763662219025,-0.00856014734962462,-0.01252000229064562,-0.0016924513706349778,0.9998835477336113
42.116,-0.2836646849337232,0.1689212154995373,0.6855699947315379,-0.009170889175276566,-0.012549165497336832,-0.0017296015168300242,0.9998777033795924
42.116,-0.21789188747310184,0.1399941514663417,0.7273112011726641,0.007302291549067577,0.010193213471920978,-0.0003038951455585014,0.9999213381986549
42.248,-0.21917425431131293,0.13938887526486493,0.7269716907433712,0.007271561376391973,0.009810270591638023,-0.0006332570906725964,0.9999252381910987
42.248,-0.2849202078293063,0.16815220535294834,0.6852215349552224,-0.009076967310146492,-0.012949290947114668,-0.0020331859013010788,0.9998728872629301
42.348,-0.2855018927024036,0.16650310488332876,0.6862475502148784,-0.009177092799569464,-0.012684005906251555,-0.0019371584208259314,0.999875564447482
42.348,-0.21974131294014498,0.13773134608620735,0.7281078133358916,0.0071767142931955605,0.010183612854658195,-0.0005329739244400879,0.999922249347406
42.448,-0.22027388068554232,0.13873084891897366,0.728811072248617,0.00683739426374088,0.010412001988003744,-0.0009041229634292236,0.999922008366628
42.448,-0.2859611201997803,0.16732699796551997,0.6868694727026341,-0.009601088528696622,-0.012393485682395644,-0.002274732604339538,0.9998745152284276
42.552,-0.2871880967932117,0.16597844279366514,0.6874405884103683,-0.009490634825777203,-0.012605376971546357,-0.0022199233123818248,0.9998730440723442
42.552,-0.221540823017992,0.13709016680157796,0.7291649054882788,0.007076087832043863,0.010060635642269618,-0.0008229484855571776,0.9999240147867521
42.648,-0.22250922907404713,0.13820582098810466,0.7292310158464016,0.006297262209356876,0.009900586088996818,-0.001171456078757875,0.9999304728701973
42.648,-0.2883635443716909,0.1669006941839416,0.687565856489243,-0.010125459420778781,-0.012775453720316932,-0.002556371105669103,0.999863854642485
42.748,-0.2893418854807962,0.16586289709787372,0.6865329731931984,-0.009778793245184358,-0.012975009520082102,-0.0023072703483387864,0.9998653413506048
42.748,-0.22356443432443807,0.13718973148269212,0.7280114130261075,0.00642772240221396,0.009708534065648915,-0.0009056641029870682,0.9999318019362865
42.848,-0.22436284322922362,0.1373600639669481,0.7278794527385775,0.006571465231900501,0.010632653941400633,-0.0007454432113469716,0.9999216003413902
42.848,-0.2901015940278247,0.16614461993003476,0.6862090068893656,-0.009650098526575751,-0.012102623902911372,-0.0021878100718181336,0.9998778003237104
42.948,-0.2912232963041161,0.16558107387048976,0.6853908601400197,-0.009378256094928353,-0.011566038030919757,-0.001836195138443554,0.9998874453978802
42.948,-0.2254266610459767,0.1370113171260369,0.7270240985504075,0.0067299028101656996,0.01121228736851015,-0.00041120637588368193,0.9999144083017547
43.088,-0.22590149035074492,0.13792852968653643,0.7272685922195088,0.006447848868916302,0.011881191924093938,-0.00025201941514600175,0.9999085953274134
43.088,-0.29169808098639705,0.1664401153450113,0.6855385008350274,-0.00976025902484862,-0.010908602113866123,-0.0016737479209155415,0.9998914632656819
43.212,-0.22673523944558072,0.1370030078571475,0.7266564622254967,0.006722130729031444,0.011377338556423096,6.459064004601836e-05,0.999912678664434
43.212,-0.29236588352140097,0.1655293075372708,0.6850188913640053,-0.009365208211183501,-0.011411345187936742,-0.0013658901221178523,0.9998900981709626
43.312,-0.29258993809376355,0.16657209659579947,0.6856397427331016,-0.0093392122728229,-0.011432236826137067,-0.0015199073063800242,0.9998898804153658
43.312,-0.22685687327687554,0.13787838824571375,0.7274512658480465,0.006833912131785949,0.01134839164936698,-7.79086959494476e-05,0.9999122489409672
43.388,-0.22704663072209447,0.13736090086170014,0.7279966048858733,0.007343397513794971,0.011058878049717972,-8.76548572844334e-05,0.9999118801403761
43.388,-0.2928734273411661,0.1664664929325405,0.6861846254138884,-0.00906719676598163,-0.011629166851360504,-0.0015697063913609826,0.9998900361754762
43.512,-0.29305094844248225,0.16771068375334652,0.6851181109797763,-0.009349686054542911,-0.012271045028447149,-0.0021319999384090947,0.9998787223462924
43.512,-0.22709910057151217,0.13883881988917793,0.7268279501736818,0.006985809378843759,0.010474384421019788,-0.0006892084418303362,0.9999205022050738
43.592,-0.22676666169101684,0.13881887194836195,0.7289307950250448,0.007113694125244659,0.010772767670322701,-0.0008219653504335986,0.9999163301024623
43.592,-0.29300201767534817,0.16779272863411204,0.687010056784102,-0.009391106609146918,-0.01208863854425091,-0.0022536855091367927,0.9998802892528825
43.696,-0.22718953638550188,0.13918845200784397,0.7286822952988137,0.007012503219597646,0.009937135191360287,-0.0008267207304318678,0.999925694577161
43.696,-0.2929704729807566,0.16925908698695807,0.6867831046279081,-0.009689340541580294,-0.012681326435187318,-0.002478393888508769,0.9998695705958087
43.812,-0.22684978206060102,0.1402594575809791,0.7293818007909081,0.006833904172489214,0.009569562290186547,-0.0006562396358773826,0.9999306428852331
43.812,-0.2924862946757989,0.17216213148905163,0.6877032185371694,-0.009873609134822183,-0.012930342077943382,-0.0026465937948361704,0.9998641475909041
43.888,-0.22741083096666254,0.14021410696052722,0.7289234548604873,0.006868576777147554,0.009219794407165525,-0.000306372424199009,0.9999338599027856
43.888,-0.29292687533874084,0.17199764066085071,0.6874284970989101,-0.00971216907166496,-0.01317718332345146,-0.0022844283854406905,0.9998633991693743
43.988,-0.2273639022607007,0.14043737049895413,0.7286181879040611,0.007522714800991504,0.009227644885212764,-0.00012803316413965402,0.999929118957641
43.988,-0.2927672710480569,0.17238933538337037,0.6871008689537322,-0.009235233782778615,-0.013079930170332378,-0.002119652928454369,0.9998695579700282
44.084,-0.22759538678845503,0.14072857488049106,0.7280997457751223,0.007539220795261862,0.009511654550891414,-5.478014385248695e-05,0.9999263400754281
44.084,-0.2929337922827368,0.17250622195509613,0.6865961403262211,-0.009051885116894334,-0.012822354446197039,-0.0020207741382683485,0.9998747756965213
44.212,-0.29311155919184956,0.1738629814038078,0.6863161462589233,-0.009189982004836396,-0.012092354613911397,-0.0023523649314979907,0.9998818858094547
44.212,-0.22801688129657915,0.14214065150694732,0.727738424524469,0.0076949352915598734,0.009918643543571425,-0.0004067588621766199,0.999921118403018
44.312,-0.2283317407090416,0.14094969685102413,0.7280514225302146,0.007040677382286041,0.010358500469441109,-7.850316231143838e-05,0.9999215590071436
44.312,-0.293537649733853,0.17225022785201,0.6865786576413093,-0.009511802147147736,-0.011873243330976812,-0.001995490796859715,0.999882277935356
44.412,-0.22858945118227564,0.14226560933812213,0.7284625446080061,0.006735183193020664,0.010545445393108635,-0.00039482377217161694,0.999921634430922
44.412,-0.2937480283608456,0.17320811128704378,0.6869376087141228,-0.009808550414066017,-0.011645127554882381,-0.002257923049377811,0.9998815355463407
44.512,-0.22913928221738822,0.14077922406403653,0.7284766074583019,0.006811705535909978,0.010577805868035499,-0.0001479116157094902,0.99992084127338
44.512,-0.2943204212043306,0.17169247033639323,0.6870072974877584,-0.009658481188849556,-0.01168700703061138,-0.002015703583507653,0.9998830254319024
44.584,-0.2948651763898824,0.17314616159425217,0.6874231666156303,-0.009987259738449685,-0.01161266622020112,-0.0023901919927601135,0.9998798365845831
44.584,-0.2296007954276279,0.1425423169251865,0.7288659720209896,0.00628417885402425,0.010703822419307809,-0.0005572952548612005,0.9999228103727535
44.716,-0.22978060178304172,0.14337842317783508,0.7290771598038692,0.0064423099618698245,0.010631580021423634,-0.0008419926137007192,0.999922375585746
44.716,-0.29498895349877147,0.1741947483277746,0.6877144499234636,-0.01009789099719309,-0.011537447377291562,-0.0026946486522352753,0.9998788220449847
44.848,-0.23041854636149578,0.14377321092528228,0.7284509384523303,0.006875452315361769,0.010271176546258066,-0.0008838692257073644,0.9999232219840715
44.848,-0.2955182619639291,0.1745742881419789,0.6872019410205594,-0.009650503476220419,-0.011845867407962412,-0.002718978549041323,0.9998795679298874
44.948,-0.29563037600266256,0.17563632998565082,0.6887349768438571,-0.00963371082983004,-0.011556119882125156,-0.0026459922692266538,0.999883316409384
44.948,-0.23021268411742024,0.14489766235123164,0.73020833855657,0.00677760227205817,0.010752913295825676,-0.000828469159102377,0.9999188730101791
45.048,-0.23076156197212672,0.1453483232745236,0.729961190072798,0.007084854971393908,0.010571633073639303,-0.0005900040673602129,0.9999188453566575
45.048,-0.2961913378664716,0.17619763393128174,0.6886318593004381,-0.009214256639842917,-0.011717576417911624,-0.0024174783465176312,0.9998859693364587
45.148,-0.2961626540243896,0.17706547727555455,0.6880984008574973,-0.008887576926869943,-0.011746003180692443,-0.002221722058813156,0.9998890470130881
45.148,-0.2312036994129852,0.1458674980663797,0.7293365388136044,0.007735393350185376,0.010212308047298271,-0.0003610272163306621,0.9999178676838484
45.252,-0.29587210237414047,0.17677260342076123,0.6878330171057934,-0.00863868280639061,-0.01173468655496492,-0.0018780764808992501,0.9998920657348768
45.252,-0.23071302611015393,0.14573262783606303,0.7292123825757254,0.00778235744907284,0.010489437110947884,-2.748034335677934e-05,0.9999146992951254
45.348,-0.2956698871461266,0.1781306576206932,0.6885199791152301,-0.008741568382644857,-0.01160713936474677,-0.002138021058531693,0.9998921382648891
45.348,-0.23057147774670983,0.14686370597566764,0.7298748190225983,0.007862026102544044,0.010495348414281479,-0.000270917821180608,0.9999139777054623
45.448,-0.2958284365679911,0.17807046744034788,0.6881123509407905,-0.008993942196009913,-0.011825304091003474,-0.002157979516984827,0.9998873008051129
45.448,-0.23091858290959466,0.14680820987542603,0.7294189501704678,0.007641885837693033,0.010150743552732376,-0.0002801242251696949,0.999919239497165
45.548,-0.29582201855014717,0.17877339806709258,0.6881121354463497,-0.009412560536441418,-0.012015442066647881,-0.002332733539077747,0.9998807884994723
45.548,-0.23072892747504897,0.14738924928326286,0.7295027047296065,0.0073330168598334565,0.009989189755156475,-0.00043389645472142536,0.9999231243878879
45.648,-0.2303978054003979,0.14662736987393943,0.730177559198111,0.007123510774317558,0.010100689534747142,-0.00020793992193009499,0.9999235912939347
45.648,-0.2958548457056936,0.17781076431499176,0.6886089734655259,-0.009467319725223923,-0.012296656244473852,-0.0020861173961794492,0.9998773975926423
45.748,-0.23039313135953587,0.14750060324729486,0.7312892229701013,0.006867251730323864,0.009225424763581104,-0.0004270250511835662,0.9999337728275856
45.748,-0.2956856920420745,0.1789350611933357,0.6895001338303581,-0.01005970351005631,-0.013036812622338627,-0.002319136256048136,0.9998617231842439
45.852,-0.2966948557119882,0.1794383762751412,0.6888303042393525,-0.012708084411740905,-0.016618521793130538,-0.0024753082292373373,0.9997780764615544
45.852,-0.23197289511496788,0.1472105282538338,0.7310842260917858,0.004436470239524001,0.005738778803667284,-0.0005092641584301395,0.999973562050354
45.948,-0.23328895209292272,0.1486359804234369,0.7296274683821861,0.002297394011345777,0.0035202068172629887,-0.000609225649939665,0.9999909794437287
45.948,-0.2984165455323328,0.18063490519342923,0.6879338539307736,-0.014746734719150782,-0.018592480239677668,-0.0025981822134875554,0.9997150108620185
46.048,-0.23601377676358587,0.15184749257935118,0.7255955116630568,0.0018859747928080166,0.0026616207885528523,-0.0008397175779941406,0.9999943268580318
46.048,-0.3011853032454448,0.18411330650803143,0.6842602498733379,-0.014996280728030211,-0.01890748201784392,-0.0029354711008288664,0.9997044571759632
46.148,-0.2390900761849885,0.1545072864831165,0.7218570688475989,0.0024411758776104967,0.0036588884381330605,-0.0006721644772019046,0.9999901006463251
46.148,-0.3041834756017294,0.18455116029296245,0.6786856316977075,-0.014549181325432387,-0.018776260997255746,-0.0024461799149736625,0.999714854120687
46.248,-0.3086407973627308,0.18988715676898876,0.6734544059303029,-0.013604162800414897,-0.017298554517119223,-0.0024915634594958208,0.9997547093550724
46.248,-0.2429208556247323,0.15781920225784973,0.7183419128995034,0.003782911607880557,0.005885655140659782,-0.00038817210536590057,0.9999754486814908
46.348,-0.2474795824035424,0.16093310728407895,0.7157032306431463,0.005321345513024605,0.00780707865210041,-5.651814859549028e-06,0.9999553653903298
46.348,-0.3144110919576796,0.1937132026194958,0.6703255910385546,-0.012346587973171456,-0.015684280906761022,-0.002173406612282456,0.9997984003795747
46.448,-0.31918661308554347,0.19829176493804818,0.6669654182248247,-0.0112195627572895,-0.014172325895486605,-0.0021653818814143786,0.9998342751234102
46.448,-0.25287093970465996,0.16596852887325503,0.7117952586880867,0.006159407265109074,0.009107575697314619,2.549658118064554e-05,0.9999395547316771
46.548,-0.32429310273862144,0.2023449797018572,0.664259071769232,-0.010638747453996884,-0.012954166713041941,-0.0021573351028395184,0.9998571660605503
46.548,-0.2575981074014559,0.16920448151384765,0.7102682190866998,0.006817068704878946,0.010697828818548423,0.00013572284918220146,0.9999195295683299
46.648,-0.2626742825602461,0.17168281189452503,0.7057835889684408,0.009198022938837574,0.010623049827879472,-0.0032232624142113165,0.9998960734825296
46.648,-0.3278306497996072,0.20441372887724807,0.6620654502649451,-0.009175424144396586,-0.010884933663419838,-0.005336952615076831,0.9998844166940986
46.748,-0.3311597909704085,0.20414789995651142,0.6594759156667687,-0.007152575820958048,-0.009598865876301195,-0.016352498096924583,0.9997946280306793
46.748,-0.26754925564512116,0.17259608991673062,0.7030149551128484,0.012072552465007592,0.011401783190285364,-0.014508160357423352,0.9997568534899396
46.848,-0.3347974119902587,0.2061209792962141,0.6562091844858986,-0.008310615477563494,-0.008172753082534701,-0.03153837589506129,0.9994345754592132
46.848,-0.2711411273587366,0.17564367965528274,0.700246075197814,0.010471470937907965,0.013329928593641325,-0.029728395665575752,0.99941427035601
46.956,-0.27262951316630696,0.18174581641946289,0.6966543540023004,0.006019095522942304,0.01712023457405916,-0.046181513855331556,0.9987682092634129
46.956,-0.3374598491822406,0.21079088684557046,0.6531944069752275,-0.013575375070681349,-0.0030319103761612958,-0.047910487605746004,0.9987547756524326
47.048,-0.3390950654512843,0.2119196653631686,0.6503053822651038,-0.014662625207986647,-0.0027476398296033995,-0.06552828660682339,0.9977391951566055
47.048,-0.27443473470087276,0.18328928433343877,0.6934951592669051,0.0029005234833806726,0.020036937978562347,-0.0635204896256718,0.9977751527662335
47.148,-0.27513447563141763,0.17978949815823164,0.6922617285399184,0.009554655886903416,0.016670881018844605,-0.09280523212369528,0.9954988594505799
47.148,-0.33910774410905237,0.20789417336268756,0.6499135671296524,-0.010319679868051082,-0.008721254485879591,-0.09480190713100714,0.9954044616797422
47.248,-0.27117488798517797,0.1800409918937492,0.6905493418603876,0.01935688829615431,0.01200030369200555,-0.13267797539340792,0.9908975014764625
47.248,-0.33813667090833976,0.20493915169497448,0.6503605322286568,-0.005314797639028938,-0.01421522382426518,-0.1346499050633852,0.9907770099291281
47.348,-0.33623856361114846,0.20726151934336312,0.6464552605523303,-0.011543446759657086,0.0007141791012595523,-0.17583171430612451,0.9843522982292914
47.348,-0.268347608775028,0.18083033895021958,0.6865698852485914,0.012389871688397851,0.018707072974837525,-0.17394334230458328,0.9845000000854087
47.448,-0.3337958975397282,0.21562738784255053,0.6497648169818334,-0.023241754271944685,0.022868936951686007,-0.20816379632985763,0.977550339613569
47.448,-0.2636669819200998,0.18788573737764266,0.6857915843987756,-0.007205608230221002,0.03366955491210646,-0.20656092247216346,0.9778277075177928
47.548,-0.31731864979203006,0.2261002664830541,0.6471746611406342,-0.017329029616572966,0.0399118611624964,-0.2269217050067012,0.9729405366557328
47.548,-0.24767826664967105,0.1990770624494515,0.6835333969634866,-0.010275674808913539,0.0420278884482878,-0.2260234948876485,0.9731605452640242
47.68,-0.3005134607639487,0.2404434082277199,0.6485327396894668,-0.01401492780975856,0.03664010607226802,-0.23420196665379028,0.9713961721362696
47.68,-0.23030326110172733,0.21472129468115744,0.6843905788298638,-0.0076716950294930635,0.03758534115849494,-0.2336272317211719,0.9715692480846004
47.788,-0.2846939215946506,0.24223936496681558,0.6475952170422962,-0.0006898594761065246,0.01830766448572561,-0.23102824981680667,0.9727745377535149
47.788,-0.2163187398224992,0.21645503186383175,0.6846290164832948,0.004899968539462628,0.020124229562715937,-0.23035933919726986,0.972885183635467
47.888,-0.2717939538724195,0.23986175288806544,0.6454452042198847,0.00934134085769472,0.0033700856994358743,-0.22799304396156894,0.9736121166966324
47.888,-0.2026294090589891,0.21407555764043626,0.6822960455872181,0.015815579044502984,0.007013907004721471,-0.22742613524743047,0.9736416309784796
47.984,-0.26639056555964946,0.2295475030426149,0.6430070718117711,0.015434271681594197,-0.0071862048980361444,-0.22658795944897056,0.9738418959716068
47.984,-0.19803373539003385,0.20339523228581535,0.6797169278047648,0.022655166988771326,-0.0019054402963022586,-0.22590327768087318,0.9738843986013055
48.084,-0.2583673055824071,0.21770916481085073,0.6376812694835369,0.017011012391211163,-0.006565342003013539,-0.22908817343077384,0.9732348794283737
48.084,-0.19017220182830014,0.1920502677352646,0.6739198508253286,0.023874249064827345,-0.0007513701951346176,-0.22841422444935688,0.9732709785787406
48.184,-0.2529849405143362,0.20047373811442862,0.6343375631967193,0.013959995078453254,0.0013788112443937645,-0.23354743258672403,0.9722442152818969
48.184,-0.18562644623732133,0.17455436330749532,0.670755762361114,0.019796759033674987,0.00692892265490995,-0.232656130762809,0.9723328664511365
48.284,-0.17858669310647673,0.16030308376710437,0.6692403821800705,0.012228875874683418,0.01714509216910691,-0.23812680348868956,0.9710057290611697
48.284,-0.24599222089158432,0.18598409144641495,0.6329053877276011,0.0069201000747034945,0.012209484870222423,-0.23904651452776587,0.9709066920081901
48.412,-0.16529703076652472,0.13740168476789366,0.6687136500757979,0.002992769542307696,0.026691566056771737,-0.2431063827120924,0.9696277070693398
48.412,-0.23276185410072728,0.1631369806693317,0.6320899991697057,-0.0014206339265642692,0.022657414227170682,-0.24408224101224202,0.9694887740465213
48.488,-0.22190931555181687,0.15023272897673812,0.6330232220675055,-0.005539329447950476,0.025666097958180673,-0.24603517918877785,0.9689051851685047
48.488,-0.1547353598014471,0.12433551920857912,0.6696949124936996,-0.001607058119586627,0.02913193836714233,-0.24500678430229994,0.9690822582098073
48.584,-0.1372442884248449,0.10750829898043521,0.6704164140538187,-0.004269504814864347,0.029179875126608804,-0.24637053796606537,0.9687269296548656
48.584,-0.20462158744371195,0.13302183505229748,0.6338251720338277,-0.007981295735802287,0.026126168466831082,-0.24729357626774384,0.9685554240085231
48.712,-0.10922684859707102,0.08560658636534056,0.6708959907858333,-0.004395603157247123,0.02447329348214469,-0.24727935650771435,0.968625137204353
48.712,-0.17713116102388785,0.11119415580722364,0.6346931168423379,-0.008204199599174102,0.021411722161133934,-0.2481750246613503,0.9684437961995366
48.792,-0.08993841176211417,0.07162783021237706,0.6698079750289531,-0.002804581255300711,0.02141689484779358,-0.24780099938806532,0.9685701397634231
48.792,-0.15768854363981574,0.09728625490545202,0.6336665360932692,-0.0065618391177034024,0.018389035732945366,-0.24870530264878624,0.9683823924806675
48.888,-0.06642881594128422,0.054521075085459,0.6679921139234933,-0.0007519585979362106,0.01797439521023183,-0.2483995705339612,0.9684905828316748
48.888,-0.13445702775010596,0.07982324945349248,0.632011118563707,-0.004486445555268389,0.01491852378603842,-0.24922953235080694,0.9683191362657887
48.984,-0.040067172784669286,0.03743222408106711,0.6664807183889576,0.0007248388274601744,0.015992191297195202,-0.24957869906730795,0.9682221839010188
48.984,-0.10833642136022525,0.06282417271794755,0.6307578799886556,-0.0030241933294037626,0.012984244115934955,-0.25038515748075013,0.9680545111577055
49.104,-0.07361611709786581,0.04196304124856448,0.62836798258899,-0.0022783654706698096,0.012504338629138845,-0.25214012817822085,0.9676072583070573
49.104,-0.005239759067649674,0.016587348660519335,0.6636189778241828,0.0013809872490709726,0.015430162286043578,-0.2513584291961346,0.9677700879021298
49.22,0.028898365681768734,-0.00426700147035583,0.6615659120980035,0.0016051914307545622,0.015754906866422176,-0.252844563282588,0.9673772961407242
49.22,-0.03957294775596132,0.02126847687020969,0.6268696786839307,-0.0019571182521497484,0.013040702753657327,-0.25362225050209836,0.9672134530754257
49.348,0.06892449503885012,-0.026940768025049355,0.6619240294036124,0.001210114320522324,0.01602126451601373,-0.25396375794276166,0.9670802781352899
49.348,0.00018005375825552727,-0.0012531399204507576,0.6275200712750554,-0.002288125222103739,0.013496182706646128,-0.2547263961409855,0.9669162738543304
49.448,0.10114032915180604,-0.044777878407525756,0.6628151906127879,0.0006938508166438817,0.015414988115930166,-0.25452163954593493,0.9669439651372147
49.448,0.03218757949584583,-0.01916417477131141,0.6284276613964948,-0.002758843672946637,0.012888466036080173,-0.25525456933782703,0.9667840405473115
49.548,0.06408770341706499,-0.0370977463765543,0.6301696805476273,-0.003436534821712746,0.011874534412752854,-0.25549481666695406,0.9667313920201511
49.548,0.13302008498180656,-0.0627088616633657,0.6639644730154136,6.044965572305046e-05,0.01423007164855336,-0.25478450274675973,0.9668931474401928
49.652,0.09878070509602699,-0.05511533127350984,0.6313349783999913,-0.0032166989005602293,0.01100864858145456,-0.2559216763967926,0.9666294833362205
49.652,0.16792734184564795,-0.08085926614785421,0.6647325166002989,0.0002474407696945085,0.013331220904177364,-0.25523841280217047,0.9667862069519292
49.784,0.2122763132655448,-0.10478586906803178,0.6645479872350075,0.0008353537800890615,0.012361972308448627,-0.2556814163535707,0.9666816938145354
49.784,0.14288056713986147,-0.07896787955584386,0.6317976882410469,-0.002617347451491587,0.010041757303032209,-0.25635042738800357,0.9665282049586411
49.884,0.24495786288226273,-0.12185449546108262,0.6648819573849271,0.0007888604685465774,0.012138124775284058,-0.25636144740171374,0.966504450021933
49.884,0.1755495081110967,-0.09592213805645905,0.632831816793086,-0.0027057000040993763,0.009637581023701589,-0.2570855653942886,0.9663367985776999
49.984,0.27874785106668476,-0.13998045630338396,0.6659509477320903,0.001121778101728919,0.012580471190972624,-0.25700960374700155,0.9663263097630701
49.984,0.20929275238173783,-0.11418361521101528,0.6339228735876649,-0.002353344951346742,0.010131372306920796,-0.25775564738805834,0.9661541509005079
50.092,0.31553969483480526,-0.15947706514119214,0.6680196458566926,0.0010822022297445355,0.013233691396759284,-0.2577551093392545,0.9661190412469151
50.092,0.24618086626504765,-0.13427193501078655,0.6357214905339331,-0.002324256928578227,0.010760618416169898,-0.25848424220730715,0.9659527439018669
50.184,0.3496626535066984,-0.17726552348535266,0.6689179858922,0.0013767440590892058,0.014020588543436867,-0.2584439661114801,0.9659235187390665
50.184,0.2806824714278282,-0.1515310943318134,0.6369014822922385,-0.0019282171604587197,0.011471566743432048,-0.2592564861174873,0.9657384529680104
50.284,0.3154994736085672,-0.1708988737624602,0.6391823258867827,-0.0017939206760638723,0.012053466340997568,-0.259551271370687,0.9656524391972685
50.284,0.38489982373666637,-0.19654823075390895,0.6709863323649209,0.0014909909690200291,0.014539997771165186,-0.25874781413644177,0.9658343202073315
50.384,0.4205019583313276,-0.21543091180797305,0.6732254166629689,0.001926179763108488,0.01446292892737355,-0.2592119594340297,0.9657102430878182
50.384,0.3512777901195975,-0.19011643655573446,0.6413018489748837,-0.0013284026504206759,0.011996888071983897,-0.2600213825782064,0.965527415781191
50.484,0.4582986859100676,-0.236517324014323,0.6744332040014355,0.0021274857169755012,0.014356452641672955,-0.2594304319945097,0.9656527414278974
50.484,0.3900981124172811,-0.2113418337951668,0.6423910937525176,-0.001028758810664149,0.01196097337722366,-0.2603069785822221,0.9654512694447988
50.616,0.4386217924104866,-0.2367963351561881,0.643914740255663,-0.0010365123821210916,0.011316068032220109,-0.2608412584156944,0.9653148243731103
50.616,0.5070110242997561,-0.26201184518275067,0.6757942953756195,0.0021818293828506355,0.013715056824440288,-0.2599737454480255,0.9655158147407902
50.752,0.49040561020736617,-0.26331280398406426,0.644946907021719,-0.0012281792816093394,0.01108016127247337,-0.261414163212927,0.9651623474180462
50.752,0.5577928181911362,-0.2887384745247741,0.6774457700561258,0.0020429443612921708,0.013484496593544342,-0.26045284653471684,0.9653902368793247
50.848,0.5262903571931877,-0.2824496140201077,0.6457294405866081,-0.0016036467660573062,0.011408969516276865,-0.26170739230489126,0.9650784965714447
50.848,0.5938549148952066,-0.3079436873559268,0.6782207451624177,0.0017658518912298281,0.013808046129290668,-0.260739114384065,0.9653089318241094
50.948,0.5645808674962155,-0.30339965777017674,0.6462735612571943,-0.0014549260401449649,0.01153215975368168,-0.2618431290370685,0.9650404490267288
50.948,0.6324741782157333,-0.32859701167447375,0.6789835194873702,0.0018585270471342908,0.013980600778080913,-0.2609249046067965,0.9652560711205256
51.048,0.6711004411961313,-0.34912118023089334,0.679667531244903,0.0020125691849582636,0.014064036287194992,-0.26115095000693267,0.9651934177972128
51.048,0.6036031586675494,-0.3239750492395952,0.6467825192057761,-0.0012556958735329923,0.011628202522237762,-0.2621048391274889,0.9649685287303044
51.148,0.6433341709068213,-0.34426284461188356,0.6485821037071483,-0.001053388323989777,0.012081173141966826,-0.2622460372529939,0.9649248424481847
51.148,0.7106233981008057,-0.36969014729386673,0.6812476831553098,0.0022865883564449634,0.014478200011659795,-0.2613100897176464,0.9651436112050197
51.248,0.6824038534661309,-0.36538965560621023,0.6499059169747395,-0.0006617331930789872,0.01213774997493401,-0.26247041775984326,0.9648634706193931
51.248,0.750237988418417,-0.39028903793951875,0.6824342406129752,0.0026770531268958033,0.014629841357542623,-0.26159710367145483,0.965062566095647
51.348,0.7214317447979609,-0.3873825207526224,0.6515046213985807,3.8756207254283213e-05,0.01194571640517644,-0.26279661405167876,0.9647772996917456
51.348,0.7896658339075225,-0.41210750105407956,0.6841516789934393,0.003302744791536627,0.014446925115994188,-0.2619378947167572,0.964970941294549
51.448,0.7620515861896664,-0.40842917882166696,0.6549227848351338,-0.0003196200780762501,0.012040360204760084,-0.26291413086653737,0.9647440527724639
51.448,0.8291766062393721,-0.4337222423534112,0.6877256321018064,0.0029817066402505247,0.01437359147688106,-0.26199747696343895,0.9649569064773615
51.548,0.8017544663607095,-0.4292659664247934,0.657377117584145,-0.00041812693102770805,0.012055249060852738,-0.2632121441408264,0.9646625644839438
51.548,0.8694362793289849,-0.4545528471924373,0.6895649838883673,0.0029011381747923283,0.014424937185767452,-0.262283239986255,0.9648787522827881
51.68,0.923127062243571,-0.4842909367121417,0.6922801343018887,0.002875288931835714,0.014415097940778172,-0.26206058990767434,0.9649394721339561
51.68,0.8553811380931515,-0.45801508666212365,0.6609829024906803,-0.0004664376021805923,0.01202219470408706,-0.2632173407912185,0.9646615369015497
51.784,0.964088079799025,-0.5071751225187313,0.6935801259641545,0.0033324039051048004,0.014537814293043842,-0.2621635143392703,0.9649082022602344
51.784,0.895298545532204,-0.48213325048815714,0.6625561934444623,7.394542563159956e-05,0.012030211521054827,-0.26313828944361706,0.9646831133442318
51.888,0.936275271235532,-0.5058107400530993,0.6642976229738404,0.0005680991252821744,0.012335927353076774,-0.2635100718858972,0.9645775988350614
51.888,1.0057582493920865,-0.5313113228164527,0.6944426551964512,0.003767168105555321,0.014724110075433412,-0.2624455933106888,0.9648270930994587
51.984,0.974250162844312,-0.528627477772777,0.664620187859887,0.0003488864831728415,0.012540735982983478,-0.26383865192281186,0.9644852378190039
51.984,1.0435575193858226,-0.5538898767815776,0.6946795601987276,0.0035667232847917734,0.014943240173859522,-0.2627714822370579,0.9647357805021309
52.084,1.0135673984275992,-0.5530634369045295,0.6655543127543059,0.0003444306837070188,0.013218046473014389,-0.2639597482438568,0.9644430599687993
52.084,1.0839876714777432,-0.5784258338411743,0.6948910311579178,0.0034932607555230796,0.015527100115762162,-0.2628034692754943,0.9647181157353962
52.188,1.1248364460566318,-0.6037298280490317,0.6962940876493577,0.003355023738410312,0.015650121703655494,-0.26329123453269937,0.9645836113705346
52.188,1.054298788794544,-0.5790475977245892,0.6669566455107809,0.0002579733443231952,0.013328842396124266,-0.2643927268224929,0.964322954934445
52.284,1.163720008717353,-0.6282814538519204,0.6975462566522803,0.0030164345815531443,0.016148582452060294,-0.26338691415268173,0.9645503915609241
52.284,1.09303918559806,-0.60370198538721,0.6684641507196964,-5.252712554754473e-05,0.013816449943942037,-0.2644757660292518,0.9642933537752337
52.388,1.1348995998786673,-0.6305268770880262,0.6696304545830022,-0.00043150873522315416,0.013966340534478365,-0.264595258419859,0.9642583182705837
52.388,1.205189493775851,-0.6544058115773669,0.6987751209853676,0.002481507833297586,0.016276416655397575,-0.26353410975178126,0.9645095610604746
52.484,1.2449637438430652,-0.6788378279542754,0.7004532941014008,0.0022534233243837465,0.01679304812672357,-0.26386684143335354,0.9644102890419203
52.484,1.174397644305571,-0.6549159902133905,0.6708451314343995,-0.0007274568316100298,0.01446535350483487,-0.26506064443477223,0.9641229585101485
52.612,1.2990490150514675,-0.7125662994550623,0.7025469866440771,0.0018482508427810206,0.017192873448801365,-0.26396455813419306,0.9643773644794945
52.612,1.2272971089242353,-0.6895731533115286,0.6738741820876019,-0.0010570718530280628,0.014807360319093474,-0.26496690070347156,0.9641432290956954
52.696,1.334689420955343,-0.7343503816770202,0.7030937239114101,0.0015047942585580975,0.016916307389498203,-0.2639098463906448,0.9643978261675052
52.696,1.2615209313094227,-0.7116139399393506,0.6749925342662936,-0.0013034486088345381,0.014419973197837515,-0.26478556588387947,0.9641986151692251
52.784,1.3723538120108905,-0.7577053769666715,0.7053481930057149,0.0013813047397379882,0.015184413784400911,-0.26375822468267157,0.9644683118109612
52.784,1.299006205893849,-0.7347895980015162,0.6772372038265765,-0.0014928461748016418,0.012650227405674622,-0.26451692244370806,0.964296915321102
52.892,1.3448584193392652,-0.7647913177740784,0.6793581519586029,-0.0024170354347243603,0.008879743543288745,-0.26422357048120754,0.9644175511138705
52.892,1.4191871631194894,-0.7841108400694475,0.7068392547196725,0.00013889658387158802,0.011560209247666778,-0.26383338266070794,0.9644989831325369
52.988,1.4582278118586491,-0.8103335850708361,0.7088341208898432,4.7759063497188005e-05,0.009451014779303277,-0.26352055937964797,0.9646074801819394
52.988,1.3856064733547193,-0.7901885305213079,0.6804585328643217,-0.0026823345620720592,0.0066795304981162795,-0.26423332755219464,0.9644319247952737
53.084,1.424611020503014,-0.8153647601606778,0.682679671242376,-0.0023729516794830908,0.005368873039077687,-0.26420641260520555,0.9644482960951847
53.084,1.497164705625341,-0.834988178084021,0.7095449623194964,0.00017778762157930254,0.007906854376130604,-0.26375533526913963,0.9645571901979167
53.184,1.5367708971507483,-0.8630400614925144,0.7096434234043087,0.0002754178297920564,0.00756813664846667,-0.2639788977307802,0.9644987242114587
53.184,1.4641755352853703,-0.8408020335807395,0.6837787451128677,-0.0024182096374248305,0.00508175283852073,-0.2645374625788808,0.9643589886253795
53.284,1.581403551500677,-0.9039485163576209,0.7184427593330194,0.001327422219371824,0.008746877549679224,-0.26300879020923323,0.9647528732043549
53.284,1.5020702052989572,-0.8661381296640465,0.6857255290207374,-0.002704983877664518,0.00553431123919629,-0.264567212206895,0.9643475746256642
53.392,1.6162535877236395,-0.9142246469948374,0.7130244920888205,-0.0006806398651966352,0.009092641528143515,-0.2641715083090994,0.9644326180698732
53.392,1.5426920041186944,-0.8920870157026365,0.6883066454471517,-0.003302297895843439,0.006492256137482797,-0.26475306445454955,0.9642887328496469
53.484,1.650098918188525,-0.9352293772277979,0.7164642272068322,-0.002056385637372058,0.009149109376927391,-0.26440815210868374,0.9643652804690713
53.484,1.5776785986770592,-0.9151127808683273,0.6909835920911865,-0.004340537040143437,0.006604689546403,-0.26495367916227597,0.9642287517558126
53.584,1.6140326300344336,-0.9382332452593567,0.6933935880735257,-0.006034849032165603,0.006075933108747258,-0.2648506826595529,0.9642514088808923
53.584,1.6858788523924826,-0.9558678505257039,0.719208335721548,-0.00392102570501181,0.008539150470720888,-0.26452071233734686,0.9643342269209372
53.688,1.7222768399145072,-0.9788009894991208,0.7204544390644573,-0.0030256340122174043,0.009166610654389649,-0.26467608947374366,0.9642890575179321
53.688,1.64971280086777,-0.9607876164123625,0.6943046400435432,-0.005180228516073268,0.00681160044041695,-0.2648211813537235,0.9642595652822842
53.784,1.7568664321901628,-1.0023172844529518,0.7210878205526564,-0.001795875623846701,0.00926397234341298,-0.2646700265109352,0.9642928656346396
53.784,1.6838698144373707,-0.9844316361274916,0.6954079168390211,-0.003922650067304192,0.006938180665797206,-0.26483103224798565,0.9642618932758696
53.884,1.792810302263851,-1.0287061327895377,0.7234226898832739,-0.0006871899645800851,0.008885340768149294,-0.264566501676434,0.9643262646428749
53.884,1.7192870860286957,-1.009734728056908,0.69461215685341,-0.0030246423962181964,0.006382355110803099,-0.26488499135391963,0.9642541461860813
53.996,1.8327095009366121,-1.0564002272931996,0.7251405487723611,-1.5045102625681091e-05,0.008621565829128024,-0.264602855607515,0.9643189291829998
53.996,1.7574140082549545,-1.034558313818998,0.6982461568455199,-0.0024588025057199815,0.006190175450771009,-0.2650931435272714,0.964199803605537
54.084,1.855139535544489,-1.0692969339803111,0.7322307580327606,-0.00031054160833214156,0.008603644923721806,-0.2643328908894915,0.9643930752820347
54.084,1.7865446323187941,-1.053755512335068,0.7003627096874796,-0.002823335781593115,0.0063005454362337985,-0.26475605473127545,0.9642907048112619
54.184,1.8939910921048013,-1.0856659546277467,0.7367495753589741,-0.001170603687917379,0.009592154829687092,-0.26456318763688097,0.9643199365356612
54.184,1.8177333904900466,-1.075700537773449,0.7029238781195423,-0.00355411788059183,0.00620287680648801,-0.26441804913896766,0.9643816608868901
54.284,1.9240789224475412,-1.117793664990848,0.730565508606942,-0.0015213594543666844,0.008652137904962746,-0.2641772395794411,0.9644341408635795
54.284,1.8491743349847947,-1.0983930880543964,0.703694258996606,-0.0040417665968946635,0.006377599819486002,-0.2645865795937099,0.9643323764357495
54.42,1.9665731337155792,-1.1483841811184312,0.7319142417899845,-0.0009537134155690753,0.008754705850915997,-0.2645372642663375,0.9643352536180905
54.42,1.891134406620177,-1.1280431601627894,0.7065388892451488,-0.0035082997789054127,0.006586672094824115,-0.2648367851898289,0.9642643749479148
54.548,1.9312405704023337,-1.1562759555009448,0.7091042643254216,-0.004002911950336323,0.007014980760143326,-0.2651151627075327,0.9641829272723155
54.548,2.0046533338105843,-1.1743856471464058,0.7345420289984067,-0.001643816796813401,0.009119024454506831,-0.264747519368545,0.9642732456350422
54.68,2.0459161931952,-1.20485300156495,0.7377155888740553,-0.0030221051760350687,0.009276927331229312,-0.26448209658607796,0.9643412394401831
54.68,1.9713979944977913,-1.1857238990668955,0.7117742431156932,-0.005599327573118645,0.007137194302269178,-0.26474475040580037,0.9642758553032379
54.788,2.00127169677649,-1.2051573098260298,0.7154918832802973,-0.006553679385999667,0.006763627997126418,-0.26485136563582223,0.9642432560011307
54.788,2.0778246183032483,-1.2260408429840348,0.7399755903859755,-0.003938708898566357,0.008953143910918752,-0.26457636007215524,0.9643151339045198
54.884,2.1054664576106363,-1.2463546442317393,0.7416227886104532,-0.0040138045194130145,0.008729722316996397,-0.26450295214563196,0.9643370104003027
54.884,2.030438169777139,-1.2257629727891755,0.7161778159046379,-0.006725529985656223,0.00656213272136142,-0.2647829975521972,0.9642622412330747
54.992,2.1414661960710855,-1.2696214994434147,0.7411395190627249,-0.004875507248183375,0.008822098228894994,-0.2648403937571253,0.9642395790707221
54.992,2.0629462201717463,-1.2476121668954065,0.7167992557427276,-0.0075210935730694786,0.006496190419128757,-0.2649831071423643,0.9642018386161073
55.084,2.0885642950656003,-1.2681086131344315,0.7139097192941882,-0.007560370977190321,0.006170627810924762,-0.26477687387888765,0.9642603233577693
55.084,2.167708660835519,-1.2897289396700238,0.7401796541170633,-0.004850250689484917,0.008607854635756668,-0.2647476216982717,0.964267118962338
55.192,2.120552839269305,-1.2880084332472976,0.7152308464815565,-0.007355185861840022,0.006109500214262555,-0.26461830654583085,0.9643058265347599
55.192,2.199234633942824,-1.3095899963928732,0.7414423796399844,-0.004683730752570447,0.008669502090791483,-0.264580945009665,0.9643131368686874
55.292,2.226587654660297,-1.3261920582087874,0.7413401056045141,-0.004360911338715007,0.00846768830856076,-0.2646393031275793,0.9643004303364974
55.292,2.147512761855915,-1.3047309383519556,0.7169148861153344,-0.006957860615422403,0.006012825455570891,-0.26464354847095056,0.9643024558500309
55.388,2.250962176718465,-1.3423735680529327,0.741403122575173,-0.004392314052919737,0.008243900563590619,-0.26451904560739964,0.9643352218972968
55.388,2.1741335676660007,-1.32163401356531,0.7190738685161456,-0.006917571316089508,0.006031183463970861,-0.2645327825375824,0.9643330228691926
55.484,2.27647754787709,-1.359581344082855,0.7427931246497976,-0.004172696048973851,0.008418109348761332,-0.26414949145873734,0.964435985540132
55.484,2.1998214362816606,-1.3395838435846028,0.7177627586380801,-0.006771441204202236,0.006011279606971488,-0.26424558669613324,0.9644129209073887
55.596,2.3079195012049154,-1.380289875474537,0.7445425319847617,-0.003767591747904239,0.009238650108581754,-0.2640639642039673,0.9644535631151342
55.596,2.2314949272532,-1.3595498666208068,0.7193835808128194,-0.006474691107084629,0.006851242192163966,-0.26430117197419684,0.9643941255257408
55.688,2.33268620793379,-1.3943797388125954,0.745053792501098,-0.0032490316821349586,0.01047379981020684,-0.26423884581506324,0.9643949272331266
55.688,2.2563363930595206,-1.3746348314075316,0.7190033691217222,-0.005950823297948661,0.007957727689868837,-0.26450910236245395,0.9643319952378949
55.788,2.3601854768882777,-1.4147639924242394,0.7445713425170848,-0.003076791173713087,0.01089900339509469,-0.2642129733347856,0.9643978690367678
55.788,2.2825532849147288,-1.3928974795275109,0.7238877055768216,-0.005621728698288472,0.00860230804863973,-0.26454432412988893,0.9643187735564104
55.888,2.3912850292291914,-1.4352046128821434,0.7426864912652188,-0.0029296517177101024,0.011322376973294057,-0.2642565431505755,0.9643815118108577
55.888,2.313979052480082,-1.4145684842094224,0.7184949226458707,-0.005700655100481915,0.008774696721719256,-0.26456220396650476,0.9643118517685307
55.984,2.3430971842592734,-1.4309915003811078,0.7215974740076967,-0.005333507699350585,0.009035194090927203,-0.26462445026333165,0.9642944671033791
55.984,2.419358685130958,-1.4522213379307751,0.7448066843010813,-0.00251815824076526,0.011401657616451793,-0.26417676383889105,0.9644035973233833
56.084,2.4499919239999963,-1.4750172044302097,0.743774496872113,-0.0025679372457799127,0.011021747152153002,-0.26430633691823724,0.9643723798683157
56.084,2.3726242609114854,-1.4520473423787865,0.7201957856551062,-0.005517430062343442,0.00866193203043015,-0.26478555720912683,0.9642526316233
56.212,2.409415744991001,-1.4765379782001042,0.7220656124066719,-0.0059479471371234206,0.007863435056004908,-0.26446009766350337,0.964346226755611
56.212,2.4862732191884906,-1.50049247254019,0.744125101340777,-0.0029226424962244335,0.010265692649384586,-0.2639134403496792,0.9644873092571328
56.292,2.5086451589138425,-1.5177649399208353,0.7423621310242616,-0.003582708193799577,0.009484436054733902,-0.2639073807609283,0.9644947402939158
56.292,2.409240527506423,-1.4387976825763682,0.7346862446690304,-0.00817148883748894,0.0073968488013347565,-0.2650749132751467,0.9641648218796216
56.388,2.53461449227939,-1.5385962886002875,0.7421594236424999,-0.004160293212885311,0.008622196386063019,-0.2636230519155175,0.964578268565393
56.388,2.4565016226999594,-1.511828666679254,0.7238491861215207,-0.006916013477523501,0.00627083931820579,-0.26412315186986624,0.964443780620805
56.512,2.4939000501400415,-1.5433264326607121,0.7213664884761756,-0.007479478344189674,0.005893526834266119,-0.2642230137999824,0.9644146010526836
56.512,2.572352750569131,-1.5702002313512318,0.741735909048207,-0.004629914464022473,0.008302016298645984,-0.2637250326054814,0.9645510601283224
56.588,2.516688193995428,-1.5642044085285964,0.7211029704992856,-0.007927249116282696,0.006273327860410405,-0.2644009250453692,0.9643598679508377
56.588,2.5958931674354826,-1.5928368988802073,0.7368751213427378,-0.005153475009703033,0.00833779799272915,-0.2638729376288816,0.9645076441413314
56.684,2.541075408455321,-1.5805468092925758,0.7219192163391246,-0.00861365179798017,0.006481985533221556,-0.2643723775448115,0.9643604278782669
56.684,2.621214381040116,-1.608344143715563,0.7370069378083703,-0.005982347356638523,0.008340840657628733,-0.2639273410601561,0.9644879473265306
56.788,2.5701548790447983,-1.6046944264632506,0.7201497826160377,-0.009578222236780766,0.006229363174186954,-0.2643129567003165,0.9643692828027879
56.788,2.643552259729474,-1.622130130945751,0.742090874862488,-0.006859958562832628,0.007962059028038312,-0.2639121220831852,0.9644894703427821
56.888,2.6767083837102206,-1.6444720457372,0.7439197894361829,-0.007286403615850827,0.00828212965461311,-0.2638768319075122,0.9644933033635774
56.888,2.602150717029487,-1.6273891692897426,0.7222785546561326,-0.01010918740263336,0.006461294281351985,-0.26430439163157227,0.9643646844272828
56.988,2.6332979546503292,-1.6524569569964016,0.7206251718317727,-0.009909129787197015,0.006994248701697311,-0.2641856059966658,0.9643955906245807
56.988,2.713054054282578,-1.6824892394429904,0.7368530885919881,-0.007072029802050683,0.008788882445397042,-0.2635055296869531,0.9645919229208993
57.088,2.6634324209153237,-1.672146480618357,0.7214021405855516,-0.009357499324041672,0.008074972457114023,-0.2639736680750382,0.9644506905950283
57.088,2.7430124733027603,-1.7028761418815703,0.73675203950541,-0.006479048632056773,0.009978910352462216,-0.2632991099501394,0.9646408772058467
57.192,2.695500582067549,-1.698442847387605,0.7211798592773092,-0.010630662555097167,0.007970069911709055,-0.2585951484271326,0.965894412557186
57.192,2.7756582955598,-1.7265969492688247,0.7364652250204204,-0.007908636268936087,0.0099298530894249,-0.2578427379375845,0.9661035006575839
57.284,2.7168291695228155,-1.7099859740750718,0.720569136615819,-0.017699151842045548,0.010889504844721029,-0.20860360707964232,0.9777794709553229
57.284,2.796099650748748,-1.7524443553199422,0.7332489887675846,-0.0142656533601374,0.01230871366010723,-0.20785924005412676,0.9779772609965749
57.388,2.7363567254359333,-1.7880768647605807,0.7266493860810351,-0.0018046372648109687,0.015756335630103046,-0.16768682369621218,0.9857127422989568
57.388,2.827467650111864,-1.777220446717204,0.7408559568824935,-0.0007624777517451601,0.018356757760717504,-0.1672936251800731,0.9857359134404619
57.484,2.7417234718985237,-1.7671398046430664,0.7210033165857014,0.004598705480031206,0.017802310023239735,-0.16125389719535363,0.9867416634079331
57.484,2.8319890577640368,-1.6818117119985507,0.7237288670786117,0.003787722323666988,0.02080791472078074,-0.16108234303395777,0.9867143267467346
57.588,2.7651543442807984,-1.8133579944396758,0.7428093031386971,0.0039184032709767445,0.019811979454925962,-0.1416873838041036,0.9897054192317187
57.588,2.8900767962442218,-1.6870506007798487,0.7078575571815187,0.0011678516248951607,0.02336183542516932,-0.14228056875959524,0.9895499484723324
57.692,3.070614671023734,-1.828233248534557,0.732812007871236,0.01300867313242362,0.03198561547041909,-0.13963569690215752,0.9896007108813945
57.692,2.7568842299357077,-1.8249285993088449,0.7462824569476141,0.013969474670998702,0.023088213483547938,-0.13851303343934954,0.9899928927739755
57.828,2.8914493238329655,-1.7063308238820043,0.7764392448164675,0.02415829582101662,0.02747656422636942,-0.13920846195350553,0.9895869942970541
57.828,2.784811538528259,-1.7612126953240699,0.7940117657783649,0.02397714165509233,0.025296269348645914,-0.13930066334317312,0.9896365598679367
57.948,2.8193072722463826,-1.6897982341875437,0.8184226160556799,0.0197415046087391,0.006866694501684035,-0.1512821768669388,0.98826961122196
57.948,2.9090625069682607,-1.7106156132645425,0.8272441581830676,0.022629822194283482,0.008645880256556649,-0.1509569711163426,0.9882434582497494
58.048,2.8274927573063353,-1.714268416084624,0.8375476473503564,0.023581960909138548,0.0025373226542555636,-0.17187269262378327,0.9848336055617104
58.048,2.9103016998137337,-1.740362703176805,0.8401268613191787,0.026474380396380674,0.00434517752567513,-0.17169256448749123,0.9847851998860496
58.18,2.850689141281329,-1.8640359638846262,0.81086762931858,0.030580419064614263,0.014853697101305022,-0.21179530246325162,0.9767225581027373
58.18,2.9009655904391836,-1.9281153853360824,0.8097424126312864,0.03419412794830154,0.016437581113306912,-0.21144636680242082,0.9766529585820414
58.284,2.9749117629846675,-1.7449973078594894,0.7598393625360497,0.017755713853476816,0.026925204542289995,-0.24779104077548372,0.9682764936201395
58.284,2.8249033955538856,-1.8534481658533979,0.7347083025592052,0.024866876404181195,0.025067047014591726,-0.24742352732009035,0.9682638482047917
58.384,2.9193901630540817,-1.9056781444000872,0.7279772413641266,0.0044402300113212355,0.03704726530938752,-0.27631193360876855,0.9603434280693162
58.384,3.011003714472033,-1.8386871800342515,0.7058664351114092,-0.0014383115484655148,0.03658326953794556,-0.2766573789574172,0.9602709463053725
58.484,3.0170616690625462,-1.776475343315524,0.7693724356982354,-0.02651384319027909,0.0434233368976784,-0.29250245358495297,0.9549103332662886
58.484,2.822824902379432,-1.9191807700408938,0.7912179606304401,-0.01881555251494534,0.04204070579289471,-0.292151993766902,0.9552621454752704
58.6,2.906929993082791,-1.8531426360641965,0.7086996423494959,-0.040497259799183116,0.051327963062693764,-0.2850009004294044,0.9562948807303221
58.6,2.884953013816777,-1.8955167865383138,0.8219607687576087,-0.03663461250031097,0.05308923898627632,-0.2843742230511155,0.9565410284639569
58.692,2.9294126685424855,-1.7909273843401052,0.8534489264437515,-0.04749699494958364,0.06882425339720957,-0.2559541257679303,0.9630652849716111
58.692,2.7797998932882964,-1.6822302801598006,0.7638663671693259,-0.05101794389430896,0.06372655097619365,-0.2569230329330214,0.9629780118206092
58.784,2.8652606001683383,-1.6931551718081899,0.7517878820140829,-0.04383905180541122,0.08193957027741863,-0.21147842783838214,0.9729547363153954
58.784,2.8894627807738464,-1.7120466429095131,0.7891676840935696,-0.04077908394572703,0.08410876192672345,-0.21061006184437628,0.9730910462693658
58.884,3.032076497902601,-1.4415510951847057,0.6179805010488015,-0.025221618029756417,0.09066661806322464,-0.1389901011943164,0.9858119425747145
58.884,3.0129467978182647,-1.6794734152850552,0.7875656909642758,-0.016746689964161794,0.09378974268951677,-0.1379288482131543,0.9858492102609157
58.992,3.061398176077572,-1.4726189253810473,0.6664428640389338,0.007585100412794043,0.11082753419292007,-0.06712634117676852,0.9915411127314213
58.992,2.9538307004419533,-1.3477361164034656,0.6209222347119208,0.002219895433476487,0.107432577807713,-0.06808556474604602,0.991875833541208
59.084,2.974829980030024,-1.2695847214407898,0.5238155831039002,0.009799447657162225,0.13265959330739588,-0.01773548168452126,0.9909545175327417
59.084,2.990690291922187,-1.3321958747545746,0.6202376586730616,0.014607225058524598,0.13445327398860624,-0.01672110260241954,0.9906711617976944
59.192,2.857678712136896,-1.4249416523088811,0.5340851451970222,0.01780105416651236,0.15866803472908142,-0.045727205188135986,0.9861118597458678
59.192,2.956541070812336,-1.4548410608338795,0.5455177689102143,0.02110249741479585,0.16186190333014816,-0.044817119474337676,0.9855692946998822
59.288,2.8769526873337883,-1.634052787587545,0.6085856307914185,0.01986753128120592,0.17468284972579762,-0.06284910892829226,0.9824159876138948
59.288,2.8973184679445243,-1.615610272427486,0.5808222791973658,0.02218114183004426,0.17617364241885097,-0.06197929075227386,0.9821554928736261
59.388,2.8635229681936094,-1.660912237802189,0.5898353705605649,0.010891513342734997,0.18953335957385323,-0.06639800568251317,0.9795661209878272
59.388,2.8809350541663923,-1.6347365522519022,0.5537769083398758,0.01307659821201026,0.19133059404474687,-0.06589742552277716,0.9792237413743378
59.488,2.9504933773758713,-1.618403248787604,0.5305371338701672,-0.012597615920229366,0.19608308401008914,-0.05553499199328753,0.9789323719759829
59.488,3.043298732503094,-1.6329212444684242,0.6192717459411953,-0.009473589811149047,0.19910264251528892,-0.054238798817828,0.9784306523930648
59.588,3.0469518864628267,-1.6677804782566608,0.893162398404945,-0.03400074562981678,0.20442771370640542,-0.030529193595271866,0.9778145158995191
59.588,3.164710150093537,-1.683877592374263,0.8559875442183886,-0.031986312209469125,0.20690658066532144,-0.02941450839691182,0.9773951756604854
59.684,3.121212774432509,-1.7595521848919464,0.7845854018600708,-0.034943102062583616,0.2107024549288851,-0.0247569972667801,0.9766117684072405
59.684,3.3727366070708733,-1.6757899611202351,0.854917681423544,-0.03462878547784489,0.21544391150314893,-0.02378488917908438,0.9756121397662554
59.788,2.9737236304083057,-1.7766938967179278,0.7292905434816002,-0.029713295986288524,0.1985656260875952,-0.032570506518986894,0.9790954878269887
59.788,3.2095342001084624,-1.8232790937579122,0.8251942518860418,-0.02714664709425435,0.20361251123439636,-0.03125843098114504,0.9781758100223905
59.884,3.001471725167265,-1.507603737772562,0.6731576212284754,-0.03203884114899442,0.17364524410816493,-0.04282128991475034,0.983355062521408
59.884,3.191089644742996,-1.6533156884907647,0.7425337593993495,-0.026783603864128768,0.17798724683841063,-0.041734341692436006,0.9827824903051697
59.992,2.906133277967958,-1.4000313224499594,0.5312109200717737,-0.029927033677401238,0.1409669661919938,-0.05443034887067288,0.9880637753807766
59.992,3.1060664299208702,-1.4589961327800114,0.5782824565519736,-0.025789138930076203,0.1448131152545099,-0.05336431780722635,0.9876823029438659
60.084,2.832278708475025,-1.4083738800291217,0.394199499420452,-0.014133503974995272,0.12773193884666384,-0.06201176261829938,0.989767314655739
60.084,2.9835329688629164,-1.446767530103175,0.45719684073658745,-0.010050763961907445,0.13076281321544309,-0.06109391393913425,0.9894784497417631
60.184,2.960922476324744,-1.3800849568816738,0.39916416777934643,0.015183224899277401,0.12528892039817846,-0.06532264736893689,0.9898510533650153
60.184,2.9957669977069914,-1.4213363066156544,0.41702086988523324,0.020018651073068022,0.12600532344985416,-0.06464003327231324,0.9897189389771556
60.284,2.85389841791464,-1.482777671001097,0.4410761482015211,0.05036832563046676,0.11708215561872183,-0.0628897812503071,0.9898483096026104
60.284,3.0126289331221603,-1.5775566421757434,0.478509558705406,0.05494826343870257,0.12034579604781268,-0.062436013239460623,0.9892417914592221
60.392,2.8660688752744776,-1.6497641660294522,0.34372668216520325,0.07820298522823739,0.10300607140113913,-0.05001976579383673,0.9903393687952757
60.392,3.0802017867797993,-1.6174872615094105,0.3737569443918091,0.08019242252490771,0.10651917426157828,-0.048801624119831244,0.9898693057002449
60.484,2.973549028002858,-1.897171125047763,0.4451534078772108,0.09376352073131543,0.08993174433566062,-0.028401423852308795,0.9911175725734939
60.484,2.8869439531999777,-1.8389710350571484,0.3632657318225426,0.09011524106378858,0.08765379478871091,-0.02917025634079591,0.9916376110919584
60.588,2.6112127712577844,-2.066664907033256,0.37902310233610853,0.09984279259950235,0.07317433283754135,-0.008837437671059326,0.9922695367061933
60.588,2.83089379982857,-2.0539315433972285,0.3902124165488142,0.1009027339875308,0.07748418094647094,-0.007483095735968083,0.9918461792309846
60.696,2.78032286550152,-2.075482817691122,0.32751217398163557,0.08945516866328493,0.07906572279046443,-0.007357617001654238,0.9928203511970842
60.696,2.889673341173614,-2.126264299637459,0.3534304987919353,0.09235862823485626,0.08150128978827226,-0.006391723837196525,0.9923641314657703
60.784,3.0652576746476545,-2.1798073755508764,0.40183674173036465,0.08567003840665502,0.09009670274871626,0.002011117590086168,0.9922394791980667
60.784,3.1763174668024794,-2.1529546335892396,0.44955843592891964,0.08723464873807103,0.09198055129334574,0.0034629459281214563,0.9919262584732882
60.892,2.9855336143333333,-1.9196907381419748,0.34734503339868444,0.050006713558787184,0.0637805974676107,0.00410015367240324,0.9967018374246065
60.892,3.1250276463629323,-1.974522915364636,0.40237183750344574,0.053333426620713796,0.06633979000516595,0.005196337433914997,0.9963571528042725
60.984,3.1349011991573437,-1.806414483309902,0.2156923506236615,0.023742764886334818,0.06068664109309374,-0.006936338051735305,0.997850339441152
60.984,3.3369957837136894,-1.8412643130444435,0.2942207462392816,0.027231488992387955,0.06374073152336648,-0.005740364622740664,0.9975783745481462
61.084,3.0803171335101354,-1.4336909155356117,0.09825699904524848,-0.007315298670226129,0.06908389627843305,-0.021149267680979748,0.9973598198027201
61.084,3.324389642308191,-1.5853978423397468,0.13600402412015716,-0.0016873878437338953,0.07237370652063668,-0.020148140691974743,0.9971726288629196
61.184,3.382100947921774,-1.141277010950434,0.32184529189159927,0.0019412989553476661,0.07904675257626073,-0.03712325162548646,0.9961775476561717
61.184,3.443598740497397,-1.1236071520870285,0.4301972508864481,0.00636436416016945,0.07897619800635793,-0.035958299856830946,0.9962074360737846
61.284,3.470717200782249,-1.075580286976788,0.5863296556790593,0.04743687158520616,0.0644070359988376,-0.05578541747772382,0.9952333716897204
61.284,3.2765921272965794,-0.9737832773921342,0.5121411012597255,0.04221483006557566,0.06193397622315046,-0.05663612552588775,0.9955774404822262
61.388,3.3460227137443033,-0.9095967090120385,0.3728945342078545,0.09923847075547616,0.04257505424472409,-0.08524259517535293,0.9904911865564197
61.388,3.3976706307260676,-1.0107129657055047,0.460568603087543,0.10516081575688199,0.043182294726408395,-0.08449576825479789,0.9899176518269286
61.512,3.093203570702246,-1.0373099099499994,-0.10044735429516727,0.16090851481490334,0.02119523156067848,-0.10663251692832956,0.9809631585093707
61.512,3.2393200775658446,-1.088881895298198,-0.07457836678693186,0.16563839352747556,0.022960011673560477,-0.10584581087825627,0.9802211101445997
61.584,3.0291494524137867,-1.1436302737747535,0.0020917900467777306,0.1934649556356454,0.02053098685974306,-0.10827675870502615,0.9748979090365291
61.584,2.9244296297586745,-1.293117489998691,0.009338817138101363,0.1918556868590648,0.019555507603491066,-0.10949203178771129,0.9751002371639569
61.696,3.1078906768977768,-1.4113941542607655,0.06818129196721623,0.17619324199993003,0.04288276188015786,-0.08764368897883362,0.9795078325308406
61.696,2.8669237062190525,-1.3490036710544302,-0.0012806865087511832,0.1724938267285074,0.03879739942588515,-0.08804503809609132,0.9803003176603595
61.784,3.2782872578625213,-1.6333315923702907,0.23689961593744624,0.14086114733173763,0.058793840284920386,-0.051231481024428906,0.9869532698506963
61.784,3.04459567102103,-1.7045742009298828,0.261992861240375,0.1401435816599533,0.056172092259279445,-0.05233436886187617,0.9871502349726531
61.912,3.245501998133574,-1.7257026148752266,0.2753642571668199,0.15614090389476434,0.06120863260439393,-0.012664160689604567,0.985755111810055
61.912,3.503233284410185,-1.8113993602902925,0.26499036673259035,0.15366006025649442,0.06522325765098287,-0.014626280631854935,0.9858603270536057
61.988,3.103897488436186,-2.0620309449359837,0.2673466896114734,0.15066748097272323,0.07864913424672096,-0.013669429143697835,0.9853561643215416
61.988,4.052317165080787,-2.389244264312485,0.15418049344217022,0.14940800999555992,0.09136346270558036,-0.017306623315620186,0.9843934401554207
62.084,3.4029141714266053,-1.9625525839066793,0.37241641715744944,0.11388419095409213,0.09149043573212488,-0.006669665033845045,0.9892499212982603
62.084,3.3822628645074735,-2.013071620354277,0.3446074588070158,0.11176610960227387,0.08992530065951648,-0.008031288630745882,0.9896248154975691
62.192,3.172169128993639,-1.9688729239689917,0.18609730373571964,0.14839991488377527,0.11738375385624876,-0.016632109882144055,0.9817952396064935
62.192,3.1568742528180143,-1.4667280213084677,-0.04429636571492701,0.1377865777330962,0.11322571281445093,-0.017678049795522337,0.9838100850823231
62.288,3.214434221571069,-1.8244884169799231,-0.035286725013628895,0.11957014974802262,0.08855038705125198,-0.03934679656427592,0.9880858453810774
62.288,3.135442019778613,-1.8216075961386138,-0.09578808964351299,0.11634034548927884,0.08593682810901801,-0.04045719786003169,0.9886571704728139
62.384,3.3283593668606684,-2.5261044418965612,0.1601927802831738,0.07425682517765743,0.05349970405412597,-0.07113249452254801,0.993259217829694
62.384,3.400735608660518,-2.569714007336926,0.08985755387864575,0.0726767122147529,0.05332380824107909,-0.07233717636644271,0.9932985451975921
62.484,4.4736638022424895,-2.0851692505291206,0.3369686003077115,0.024950008196548242,0.058918035730588625,-0.09179712680032201,0.9937200056695281
62.484,4.372416971973718,-2.351397852131863,0.49667948401772855,0.02675192347370926,0.06111161452974047,-0.09330148433359313,0.993400492339909
62.588,3.821232103282873,-2.8090357398110886,0.03406452580389596,-0.011503415741041864,0.06162078751100281,-0.10912747614944929,0.9920492648664501
62.588,4.52383290110276,-1.658418278193007,0.5162070545938062,-0.02365308744957076,0.06878932213927434,-0.10693001139144087,0.9916020034658807
62.688,3.270904611524382,-2.3807382739299165,-0.07879543929588839,-0.051145000654512295,0.07849508034931253,-0.12161459452530195,0.9881460426816734
62.688,3.142192738526108,-2.363913141193786,-0.20699617974702228,-0.05564523701309036,0.07567205142168203,-0.12273140714537936,0.9879849947906629
62.792,3.3531803274632646,-2.640707977266282,-0.05742169645594225,-0.09034801099061354,0.12292461189795549,-0.13224421998964028,0.9794070874662428
62.792,3.2756734852889227,-2.6990523253335734,-0.19543306620019074,-0.09391458985939632,0.12066349523768918,-0.13357433537024604,0.9791722359518588
62.884,3.4926231784221553,-2.6609950534579183,-0.030462959753190633,-0.10304167074540313,0.15779618296483675,-0.16870652851359136,0.9674817238421698
62.884,3.414277462904237,-2.7822305138785994,-0.12890732944009387,-0.10541166375055139,0.15621482996121472,-0.17008559487214037,0.9672415409102938
62.984,3.6024775931291146,-2.7455334730655148,-0.03847590620742708,-0.07721607497218774,0.15502107140386015,-0.24857433508919385,0.9530041684702402
62.984,3.520727648871191,-2.8656701250828114,-0.13479488548739726,-0.07937064081356202,0.15331355054675977,-0.24991101923896974,0.9527537662263686
63.092,3.645626489311049,-2.91003358507722,-0.10108636650473471,-0.057180636694283415,0.13143002010260105,-0.3449554506279616,0.9276110508640603
63.092,3.732398536266358,-2.789958376166249,-0.007239878751073292,-0.0552103986515219,0.13328980673001625,-0.34370349703707326,0.9279297093137505
63.224,3.935124132130637,-2.851476650302218,0.04314264733581699,-0.059829289804179335,0.08871226553470657,-0.4145347927221445,0.9037209169030204
63.224,3.8446054893848247,-2.970336753850667,-0.047054372311430726,-0.06176101196604809,0.08663266206212009,-0.41567564262196266,0.9032685754501695
63.348,4.232633644498742,-2.9686247846405505,0.046907969432066016,-0.05100391262775249,0.055516956828947195,-0.4199110168882807,0.9044286629120969
63.348,4.135798212495377,-3.0876412316410633,-0.037501935387278876,-0.052980796690818226,0.053558368607082456,-0.42094874439598184,0.903950602038408
63.448,4.3592201084955,-2.9642214631556274,0.14724026610429244,-0.03225444253470074,0.03341811896336247,-0.3966363577264188,0.9168001308852691
63.448,4.276184840893293,-3.099594313435789,0.055093971892841494,-0.03425628965811545,0.03147565205422429,-0.39763316266165954,0.9163643696141328
63.548,4.542614087292977,-2.9954332253333,0.21175678170434395,-0.0106064763185631,0.009218879614861102,-0.3699068581718085,0.9289625564016087
63.548,4.458964296681357,-3.1327081027992865,0.12016155709284525,-0.012705712655712815,0.00730630414800862,-0.37084680710020723,0.9285783911168669
63.648,4.603816238428817,-2.8861435158873086,0.36559579187751945,0.008259024753911012,-0.018076035798698143,-0.36286079670457366,0.9316314119086155
63.648,4.527612426033437,-3.0234040216549385,0.2666699777408902,0.005782391243412379,-0.02014730766894463,-0.3637467287023919,0.9312620293470091
63.748,4.835480171222539,-2.8831547167622897,0.33134615417117663,-0.03531995519970564,0.011974205457073745,-0.2484919293750152,0.9679157402397406
63.748,4.777406164447009,-3.131020685215058,0.27575940700603757,-0.037162624656421915,0.011241563632158608,-0.24962857486584297,0.96756299081052
63.848,5.18480958096589,-2.6175182666065253,0.25609771323453523,-0.012372477680361229,0.023772442939794233,-0.10350154087906885,0.9942681850428392
63.848,4.970370370283075,-3.0010403823576866,0.27662012593465546,-0.013358217047380582,0.02285506694366851,-0.10498318984532545,0.9941215890434207
63.948,5.617531358909115,-2.159785394620871,-0.1122719656804412,0.015202144503883162,0.03277543068001423,-0.027329207220981196,0.9989733631978859
63.948,5.23253922779001,-2.6669251573491506,0.07183777598711455,0.012937930259762124,0.03129287507425115,-0.02905403769545736,0.9990041185219267
64.048,5.60214173644351,-2.1336565172907878,-0.15444974381016818,0.0410716215259507,0.020244560027305927,-0.019233262960706803,0.9987659191674565
64.048,5.553798046383536,-2.7543291539919665,-0.04216306776511511,0.038625049397864,0.020769949262326285,-0.020812307192698214,0.998821086399346
64.148,5.560079002960295,-2.172807943951333,0.20549832369217055,0.08179489507927666,-0.006682477536747837,-0.0749860367182225,0.9938018081741622
64.148,5.822232947476698,-2.78856148933322,-0.07718254588613765,0.07701607916414292,-0.006820794591130574,-0.07614848475827864,0.9940942654398255
64.248,5.711206076735621,-2.6817227299081594,0.4955275926112239,0.12946885954863596,-0.03711901954661331,-0.1772268953579799,0.974910570440615
64.248,5.7312775653950805,-3.0266660618961705,0.4535220113193124,0.1267796591551868,-0.03755817241529239,-0.17813708179031965,0.9750812693312013
64.348,6.57440752192785,-2.8988505691343103,0.1662946901807754,0.14506686726237636,-0.0467719957208759,-0.28160972981661425,0.9473457365247283
64.348,5.950859355152312,-2.707590693202987,0.5539948304499405,0.1367281321427111,-0.0488171686203135,-0.28224955113399586,0.948291881655284
64.448,6.6835290486637255,-2.787342157739727,0.35668451579261384,0.14132717921340465,-0.04342286040960449,-0.3519919904341909,0.924252520840277
64.448,6.404466924062249,-3.1634897004791784,0.4385664877203563,0.13894930731477959,-0.04461313361868245,-0.3529550001567617,0.9241891181840461
64.548,6.205777842639417,-3.2322446485589373,0.692187216408845,0.1394648122913078,-0.04581450908635009,-0.3858268085905673,0.9108173640541471
64.548,6.188058951123396,-2.916055302614954,0.7035838773934195,0.1421974921921715,-0.04512882566782296,-0.3848910765847692,0.9108249675286234
64.68,5.862267323202289,-3.002054801358595,0.956831726841613,0.09126716781253401,0.0411890495939719,-0.2614055756326193,0.9600212973164726
64.68,6.288051525466059,-3.282019345986932,0.8115557108242231,0.0865292111032571,0.04338233683258285,-0.2630304045657115,0.9599196189008695
64.824,5.315114841810351,-3.5218906373061536,1.078846015942209,0.10503023550502019,0.03824132907831981,-0.17179566132026652,0.9787709135091909
64.824,6.978513844295099,-3.413649693643754,0.5928266777452854,0.09051998160225816,0.05187104716481632,-0.17523062103302176,0.9789840432045528
64.948,5.554152579772998,-2.887323652496946,0.5391579777154275,0.07735149824803937,0.024495922920577593,-0.19248926780874945,0.9779389435222959
64.948,7.313982742972254,-3.371430273393215,0.5116834025074702,0.07049652520931456,0.03627423004980416,-0.19496814654934294,0.9776000419388393
65.032,7.239355164204888,-3.259899608055241,0.6449234089649797,0.028655257832428904,0.009006076471385184,-0.23393861289986456,0.9717872669363578
65.032,6.932760381655444,-3.9692346797024394,0.48088582530743895,0.04586806966684923,0.006043662833443912,-0.23254674647566906,0.9714842278844128
65.148,7.0664437683877885,-3.5718924601190993,0.7760451410830758,-0.01482573778289176,-0.01837012771721598,-0.281027297625663,0.959409398482245
65.148,7.305724624717087,-3.795817140100476,0.793864810341695,-0.01795707120306347,-0.018513789895552232,-0.2824032565977165,0.9589489996034803
65.248,8.114079973854128,-4.00253220988353,0.7423849120463742,-0.058322574419032366,-0.02013347090035481,-0.30831091306713737,0.9492826246942209
65.248,5.780278452390296,-3.61952227570379,1.2639783548113066,-0.04835766049541263,-0.0398096248396592,-0.3081671471285256,0.9492680021322755
65.348,7.330568585875946,-3.8834882111008824,0.8437964268356324,-0.07791855492317239,-0.03477379060499406,-0.3221972066978741,0.9428194112775425
65.348,7.389473429781576,-3.183030255404388,1.0982104880874388,-0.09131015376573219,-0.036649729067225564,-0.3230149172468133,0.9412654335598496
65.448,6.975103591084872,-4.564630390449315,0.802072371772941,-0.08640964054495795,-0.03967788794447256,-0.3323152428025509,0.9383632658145984
65.448,6.708603761677102,-4.0754444687656175,0.85521630648764,-0.09159634198749284,-0.052903921320014216,-0.33425165217412733,0.936529293862366
65.584,6.845922804640891,-4.0849987540955865,0.7414861672159209,-0.09816131666978409,-0.03383202207667084,-0.3453393256814657,0.9327167310227304
65.584,7.914308004350118,-4.137246028915813,0.723235225504601,-0.10360754531847512,-0.028411316876722558,-0.3459247960693869,0.9320913630598471
65.684,7.439226049184344,-4.361938592271862,0.7699211896753975,-0.09378969234237305,-0.024177071062018066,-0.3580261416097244,0.9286744557535965
65.684,5.869427961557095,-4.001325106506599,0.8162995245887877,-0.09236731017059907,-0.029243746145444456,-0.3567298254852372,0.9291700140084705
65.812,5.9584155211374,-4.232833799073677,0.6831884998509915,-0.08202555002362431,-0.011603426484578204,-0.3708314429148398,0.9249979516641302
65.812,7.311823376239714,-4.488700050832713,0.5947624395151986,-0.08343980562720832,-0.011847827500829274,-0.3719591218302203,0.9244154041921282
65.912,5.881936157528078,-4.220565333036547,0.6819523990245175,-0.0728458506236747,-0.0012759814891609657,-0.3808592817366664,0.9217581360819025
65.912,7.2953505951593245,-4.44492752970603,0.5934493651545685,-0.07444766376967296,-0.0022212237264949424,-0.3822446311650215,0.9210546419566601
66.012,7.158155918268974,-4.534756956677206,0.6130827837262056,-0.061532116806917656,0.0032678891479863267,-0.39160053087655944,0.9180697924008682
66.012,5.791966911817719,-4.201783984362575,0.6758490305816982,-0.06200330841674669,0.005976290406281945,-0.3896173009697469,0.9188679080713437
66.092,7.096932209553527,-4.5827260028209444,0.5915308042003775,-0.0523195921442711,0.008981148831725324,-0.3986644963877001,0.9155591835394701
66.092,5.824191311021158,-4.174068862396815,0.6526508863783959,-0.05518767222180285,0.012745549540132147,-0.39705879948205625,0.9160437661790659
66.212,6.819158241439858,-4.305007209035094,0.6156239367051216,-0.04459723910101246,0.01669872104543078,-0.41027371983429733,0.9107182406174494
66.212,5.8470307601550395,-4.1273906095435615,0.6421888896299387,-0.04581673426519972,0.026152687855098132,-0.40846662076391305,0.9112474326443589
66.312,6.8027375098636576,-4.210931882055421,0.641397076289413,-0.03764914106192486,0.02798639611319605,-0.4208828722197488,0.9059011599959177
66.312,5.868283897702732,-4.078584882080104,0.6491888918947724,-0.039012677177979196,0.0381915914052758,-0.41902931301312574,0.9063298782458223
66.412,6.851418380579211,-4.179620773755479,0.6411412474297755,-0.03155587221230725,0.03820471709433713,-0.43147544720781744,0.9007627684232271
66.412,5.904465909442584,-4.039074796050287,0.6536451828873822,-0.03302800167251309,0.04858990867702228,-0.4296836809473192,0.9010660942504948
66.512,6.902243953363527,-4.139398129247289,0.6447211333697829,-0.02637608171278983,0.046970486258094225,-0.44103511881836244,0.8958716982375498
66.512,5.9434605422348765,-3.998744477619187,0.6594803661611295,-0.02773247557614573,0.057580830755483765,-0.4390751350710286,0.8961743041899186
66.612,6.966072796785859,-4.100594723619685,0.6522103993640872,-0.02188249265362286,0.0534170782792593,-0.44951509253583205,0.8914056056845694
66.612,6.002832494319787,-3.9592410011647456,0.6676581624950066,-0.023109875971079715,0.06381646101130488,-0.447351650424541,0.8917790610902642
66.712,7.042888403272726,-4.074048790773363,0.6543262382753582,-0.016783204700258434,0.053707505430983966,-0.4570443668484539,0.887662252567082
66.712,6.077557393184076,-3.9225442453580515,0.671236334211279,-0.018018906815530214,0.06395335155330038,-0.45495515622355126,0.8880321467423785
66.784,7.10562968377188,-4.046663403785067,0.6552449088108867,-0.01383822480003021,0.05201851640378865,-0.4620617087041273,0.8852127172804031
66.784,6.135228006935785,-3.8923796595017044,0.6736107853908635,-0.015082342711232275,0.06189097720941606,-0.4598405324665366,0.885713675280729
66.912,7.17800877805062,-3.993148792539534,0.6388482688932752,-0.020616765705685568,0.0660762347721935,-0.392276493410966,0.9172393541968002
66.912,6.2053833792744015,-3.826957117137728,0.6607388089359664,-0.020547656397555663,0.07603101430239201,-0.38959523598271917,0.91761246219757
67.012,6.189540854511992,-3.7456893221091256,0.6859692719792212,-0.03160069692766406,0.14937934857174737,-0.27729258185521616,0.9485757904469386
67.012,7.14464310414807,-3.9191903607006147,0.6629609873670254,-0.031953147731950265,0.13934578281045437,-0.28026265394483546,0.9492178854018498
67.116,7.1485094127826985,-3.84403284194085,0.6656594935569592,-0.017479782576214967,0.19254337680558187,-0.20769271198064643,0.9588979312937933
67.116,6.208461965181261,-3.6680288393223686,0.6886461540240435,-0.01642239012330889,0.20259079022929355,-0.20467577647940186,0.957494179271844
67.252,7.17937480524205,-3.711816903049758,0.6711455618811543,0.013999484938702463,0.22710872900611792,-0.2295180046118421,0.9463335168901476
67.252,6.2577010971239,-3.5292445256589096,0.6946359380942386,0.014688116141045609,0.23725864095958826,-0.2266977973747636,0.9445108285243039
67.336,7.196788141481523,-3.6175788672821847,0.6703600134717811,0.038812398918534344,0.24400366682362473,-0.2362241250933444,0.9397627205793483
67.336,6.290522476737367,-3.4356172460064003,0.6925342388160219,0.039525812164061466,0.25427670561323745,-0.23361647893110019,0.9376590040772206
67.448,6.340816139581472,-3.3188045602071883,0.7505230506063747,0.05680411179019667,0.2592951060671118,-0.22515582537831844,0.937466903496641
67.448,7.219888157248733,-3.495101811718304,0.7271209120118338,0.05582264395849434,0.2483215508815158,-0.22751507351817135,0.9399240028381566
67.548,7.242103447105467,-3.43619821932079,0.638060028748225,0.055469783508240625,0.24728833310086795,-0.20392661975626106,0.945613830897438
67.548,6.369532315619734,-3.246902282279449,0.6657417086640338,0.05668434562365217,0.25780819684551814,-0.20159086699313988,0.9432300572741705
67.648,6.435974339993206,-3.152927676500232,0.6496858807968731,0.06300906060467643,0.2490261874685071,-0.1462872126803061,0.9553093046981397
67.648,7.329736071300097,-3.3393365040200726,0.6383061167779984,0.06081986011036429,0.24015869888736005,-0.148779675045203,0.9573345038482264
67.748,7.452491176004002,-3.2684681677684853,0.7034596954088546,0.06893889307604359,0.23428957846206772,-0.08160993204363362,0.9662792771436992
67.748,6.56139746605714,-3.0668405548176554,0.7082939859726949,0.07136676377267286,0.24239542772593628,-0.07922841987159891,0.9642997973300759
67.848,6.564988462148566,-2.939719634409184,0.7746783029634702,0.08818073870388884,0.22867580330893722,-0.05650910615670056,0.9678523933038651
67.848,7.446058242370615,-3.158352550272915,0.7751159568339104,0.08599938773604146,0.2204934609780835,-0.05860524542206916,0.9698206866137428
67.948,6.595623919800402,-2.843848697876493,0.6896808592134134,0.0972694662490777,0.23575266000077907,-0.0568520234240052,0.9652601626871239
67.948,7.4819765269813105,-3.050890515782826,0.7000132587791561,0.09438060234004936,0.2286001856546211,-0.05904718785001193,0.9671337480553595
68.048,6.559499441811705,-2.816948741505896,0.6283987860964259,0.1035907863827657,0.24774122206766386,-0.056341183434974795,0.9616230586431292
68.048,7.37279976623162,-3.027129219341754,0.6102228740627275,0.10077705641487898,0.23867545867012277,-0.05853710438418245,0.9640806074905117
68.148,6.567139608455091,-2.747832720596085,0.6235316081735294,0.10871252734727825,0.26420003296877537,-0.056114859448952774,0.9566770884295754
68.148,7.276836399648935,-2.9879624330946126,0.5495883175677447,0.10659945243280641,0.25220004599485085,-0.05830117121772302,0.9600170138991615
68.248,6.556844476596208,-2.6584473100549264,0.6103423061423224,0.11231784562601232,0.28663138082876594,-0.05464597673544855,0.9498636587978062
68.248,7.147778991822693,-3.058620081291504,0.4705039393000179,0.1147709207667625,0.2718878886751272,-0.05731289147173133,0.9537399248271411
68.348,6.434516934184021,-2.6470094025521327,0.49444447298175875,0.11738789679313548,0.30818387446304735,-0.05309565985860871,0.9425622696202134
68.348,6.871003929868806,-3.2398183906916187,0.7014628223673488,0.12816072961717687,0.2948775771853991,-0.056579672334612356,0.9452093855520954
68.448,6.549377012228809,-2.4933196168834986,0.5978326948836753,0.12159058784581502,0.33071375481006704,-0.05232531210044142,0.9344015213174299
68.448,7.076386144741687,-2.917065164814235,0.48037291070076393,0.12319274532651928,0.31730214804897783,-0.05438936890583971,0.9387143819567507
68.548,6.303526643832296,-2.603658131498109,0.4615795072272991,0.12883304096469775,0.3372157189365477,-0.05344612154101572,0.931037656891556
68.548,6.994693518861133,-3.123016948130136,0.39878148399158536,0.1333347896763214,0.32992964906482325,-0.05532344884564259,0.932902769069616
68.648,6.945550799786051,-2.9885044842607384,0.3591436028116127,0.13217195814409058,0.34291875111518255,-0.05410703255612039,0.928444792457759
68.648,6.260675647452318,-2.680652172126169,0.39027739182189897,0.13358844558068056,0.3497005438824894,-0.05289882226940998,0.9257782517526203
68.748,6.879135451886904,-2.8405875044539792,0.4475432832134329,0.13165659663094237,0.3597577650397102,-0.052783759612078644,0.9222010441212937
68.748,6.286019181940889,-2.4699627915919233,0.4941040395973455,0.13202764952645,0.36845501719479684,-0.05158757900752572,0.9187754468620966
68.848,6.194048777961386,-2.5069716475153587,0.3812055516713478,0.13474943931418068,0.38202781479653214,-0.049187965627550026,0.9129500979592058
68.848,6.8280588137773774,-2.7737143879016353,0.33482554103195294,0.1316615760192187,0.3750139510471913,-0.05067579491043592,0.916221441426856
68.948,6.701121687346405,-2.7171181018720127,0.42466892032343123,0.13682068017799204,0.38253459677121626,-0.051932586817889835,0.912277583948612
68.948,6.107892702341887,-2.4440831790190947,0.48055951202523034,0.13964343757889114,0.3901745264385239,-0.05047277425921572,0.9086891923634848
69.048,6.142952406379977,-2.2665181854416026,0.476843571257459,0.14333726689589818,0.3921397614476382,-0.054518563955468884,0.9070328338019726
69.048,6.670717307487377,-2.557793207480155,0.41450347662953685,0.1405059981571634,0.3838171884560558,-0.05593106397203113,0.9109413517952208
69.148,6.162493262628857,-2.0752850438493717,0.5559785606645712,0.14075228208330406,0.4021152604004723,-0.05489472630429111,0.9030385824899063
69.148,6.614156051076394,-2.4016102407601356,0.44715487451479596,0.13822756584157206,0.39238161895600815,-0.05603398510712383,0.907628777452539
69.248,6.493051154961257,-2.3535154898758357,0.415954940936882,0.1394077311179145,0.40614121160929384,-0.05367796856671016,0.9015173189837461
69.248,6.091577692886571,-2.009488976651749,0.5312950273115793,0.14143401979567727,0.41591800477250024,-0.05247963566429109,0.8968023858080674
69.348,5.959083110622233,-2.014940314627255,0.4965532341263661,0.14357828644469692,0.4319933140112255,-0.04985362180567225,0.8889778786359425
69.348,6.362125560106147,-2.3246313171203616,0.3788568322200761,0.14078679417247875,0.42307367315719335,-0.051143070417315695,0.8936286320481265
69.448,5.878211362064453,-2.0126065371113464,0.3650526469335966,0.14498787100391464,0.449405108511983,-0.04635237672812243,0.8802641778902168
69.448,6.226762067022466,-2.2722019762025147,0.35886935467934955,0.14177048541472254,0.44136452561913786,-0.04784577412484188,0.8847650913596569
69.548,5.911116712808021,-1.7629709809907612,0.545198931268335,0.1422834407839729,0.4707047421488922,-0.04336595347304631,0.8696619241271819
69.548,6.146569525202375,-2.120062985343899,0.3830420509033309,0.14011293069540082,0.4602753664404997,-0.04468527912080411,0.8755102395345844
69.68,5.780622318779476,-1.6742873219471268,0.5445667348395914,0.14313866557416502,0.48831603034815,-0.04046243463172899,0.859896254385577
69.68,5.958179217071885,-2.0528418420517713,0.2628028573278262,0.140709341656277,0.4774695938556845,-0.041617665542063954,0.8663092046312181
69.812,6.592845750600373,-2.182308044697097,0.32266115045247507,0.1505280907948794,0.49815098731839474,-0.0446696182474732,0.8527552479586286
69.812,5.68920094770723,-1.9509254445626143,0.15923585331809997,0.13964797720390543,0.4757808320874422,-0.04156678119349857,0.8674118081870055
69.916,6.599368732026949,-2.18256856620799,0.6007977266774662,0.1501399114993426,0.481482843495538,-0.048493500837007764,0.8621372621404274
69.916,5.514911849914021,-1.8890145714812259,0.27348712873726116,0.1393470389234577,0.45644478612613715,-0.045132485120054106,0.8776124536197155
70.048,5.407684427398706,-1.6342826997817292,0.4617874827724735,0.13851252707864734,0.41287205993680953,-0.05067834401617666,0.8987672932487033
70.048,5.237765719991148,-1.866866180305181,0.20849060709914669,0.13719235081879919,0.4017578595480515,-0.05364470737415352,0.9038202954896073
70.148,5.3180894324651735,-1.5009206019032635,0.2119998894172932,0.13310105234477657,0.3486519680612913,-0.05906943807546779,0.9258707882405351
70.148,5.168992563628791,-1.6327151297107396,-0.030142675491309612,0.12794688533977097,0.33933640316186875,-0.0605501583909609,0.9299538044117281
70.248,5.149672425656911,-1.4361645303522335,0.14479554299136999,0.12725975273073015,0.2648374660905939,-0.07055095176543233,0.9532516116401895
70.248,4.988033952799523,-1.4496951019597688,-0.20387968840605641,0.11920102595631675,0.2551042767851607,-0.06986443415294176,0.956991057543053
70.384,5.285596013783321,-1.5073892971192082,-0.07776012183404146,0.1188639935468272,0.151467036570878,-0.08915177179428968,0.9772313182949445
70.384,4.852090245666975,-1.5952556919034935,-0.3122467956250665,0.11409571025249939,0.140124744249644,-0.08975045743807637,0.9794345717507656
70.512,5.0784320999515815,-1.2571962546650184,-0.6756102308718006,0.09112088243265493,0.10690216073680524,-0.08915035056879661,0.9860634501937272
70.512,5.069323761271799,-1.3946033256501538,-0.9229914344810746,0.08515076580087767,0.10355884288769564,-0.09043397530911387,0.9868366679714917
70.612,5.362621568190893,-1.289864301265758,-0.5666420203569178,0.08462119234704815,0.08272512226114435,-0.08778725450428788,0.989085034716046
70.612,5.019862976026069,-1.4111552183149934,-0.8423667523222635,0.0790881139267114,0.07543023255014779,-0.08825801647178631,0.9900837705878286
70.712,5.231860742684251,-1.0177654531013727,-0.6088669560234939,0.08580807493692684,0.04712461200505461,-0.08889194704074604,0.9912186776742542
70.712,4.919016596824232,-1.0681402329954064,-0.8974227987476774,0.07859215533736794,0.04079038679875173,-0.08758514829935811,0.9922138173103692
70.812,5.106505211357475,-1.2257554367761645,-0.7003944753565234,0.09008020492619188,0.050191331628267326,-0.09129550718475725,0.9904703515389618
70.812,4.78939424972973,-1.4052752983331143,-1.0109750317724382,0.08558642360366539,0.04456241763525229,-0.09360462642826106,0.9909224636370199
70.912,4.4163938194345045,-1.3923361182304586,-0.5284399276250403,0.0916114674870901,0.07053836479673435,-0.09410599909108318,0.9888254340639372
70.912,4.622575573080558,-1.3876338652030507,-1.097651239106141,0.08294567759706613,0.06987826081037875,-0.09283122665197907,0.9897572462944483
71.012,3.813438078012852,-1.1047000473233823,-0.3031147988870591,0.08035533484167119,0.07889334105693288,-0.0916179308841665,0.9894063955927622
71.012,3.19016575231553,-1.2258747171840532,-0.7364764742767334,0.07603991554539176,0.06641095289447752,-0.09283789212905696,0.9905496667833121
71.112,3.6648611688086667,-1.629956305920158,-0.11085684104763831,0.08437782658770719,0.0988001324657431,-0.10541389017418494,0.9859040663083967
71.112,2.854365845969432,-1.4858124192602113,-0.6174324385301124,0.07818283528544615,0.08402466957813567,-0.10401561414451803,0.987931197595841
71.212,3.4677176311718343,-1.543451416194609,-0.2792170075162713,0.0596088345598288,0.11124680167274456,-0.10578938979597809,0.986346562302824
71.212,2.619125713627634,-1.8239226231552117,-0.684224168847729,0.060484231189259795,0.0988431631392161,-0.1094433952253753,0.987215189368367
71.312,3.215600929055649,-1.5631213414017104,-0.3078078294602272,0.05478519171484486,0.10338255543169725,-0.10986500794363456,0.987036123974561
71.312,2.101759384129109,-2.0109454950186856,-0.7251646483571701,0.058622883677454614,0.08879062663154286,-0.11439950555212008,0.9877207779839139
71.412,2.927834368608751,-1.533284345343814,-0.14119935517580878,0.048688008827546925,0.10322375582727675,-0.11249528584541928,0.9870760582102459
71.412,1.92062496307793,-1.7930258542775686,-0.7448170198960026,0.048411271382330735,0.09001148576203585,-0.11655783991051735,0.9879112061260624
71.512,2.62254144320793,-1.1708898306963933,-0.27016800928343565,0.026973518426338113,0.12106896311624285,-0.12956650899840333,0.9837821177576
71.512,1.4487547508425602,-1.3629941339514422,-0.7543156331165923,0.02571142896959652,0.10706825032790107,-0.1339935310354415,0.984845696458444
71.616,2.329580303821578,-1.5391962725667694,-0.02034018111557359,0.024521478602566857,0.1307867323470733,-0.13265213301395953,0.9821898692900297
71.616,1.0593248878928603,-1.7791259410825584,-0.7212133678152167,0.02451716568873231,0.11574821772033667,-0.13703773610801864,0.9834744112398379
71.748,1.9906875145970417,-1.911314014339719,-0.017897265962282208,-0.013671835631395957,0.14161615387113005,-0.1460973154330718,0.9789859653214984
71.748,1.0648615309225145,-2.5353244665141155,-0.9669677642560038,-0.010081960448594312,0.13344768128786058,-0.15049146788744952,0.9795113008666553
71.848,1.7758095113857335,-1.3228968063182291,0.3620082634308413,-0.039321690228265226,0.1543636150977673,-0.17284210724550025,0.971983171137482
71.848,0.4645336168595251,-2.2379781110187675,-1.0818718541070265,-0.032819514366218265,0.1398208837719608,-0.17779948739805806,0.9735298363270544
71.948,1.4176778192985924,-1.053407090308205,0.27861340898916614,-0.06806647000866453,0.16852862573306318,-0.2015724299407587,0.9624622659911726
71.948,-0.1315038264058832,-2.2283049117878337,-0.6396206278883991,-0.05690542859529587,0.15631149017760654,-0.20654226455882496,0.9641933328880438
72.048,1.1555847164706257,-1.6801238850043465,0.3165117452649695,-0.09052673567009739,0.19568367977649045,-0.22896338289941182,0.9492568550657433
72.048,0.11533962040140944,-2.777629974980866,-0.194184526589176,-0.08141200248094183,0.19394529747314998,-0.2327405072462832,0.9495204914728472
72.148,-0.2473670968070545,-2.899194319836635,-0.14177352830172635,-0.10338957273723152,0.21698067934190407,-0.260558584246919,0.9350610703140088
72.148,0.7883028260128242,-1.3114140187391654,0.48457104935072687,-0.11688028538068902,0.21740082897623375,-0.25708589933183496,0.934335442340981
72.248,0.20694992216767627,-1.3595869615763563,0.22218146981057316,-0.12647018947516514,0.2234162943105021,-0.2875207286021177,0.9227254636319442
72.248,-0.37071767945449086,-3.6170954810606917,-0.875627896017511,-0.1103271122070229,0.22932700247287097,-0.29015696989780426,0.922521537455138
72.38,0.5865041703817555,-2.7424748258682827,0.25325817165440273,-0.11771983732298912,0.22725541781051856,-0.33038705711455524,0.9084830254152244
72.38,-0.6865603930769284,-4.016202275314835,-0.5224557120342309,-0.10935382929270425,0.2247009989489257,-0.3340763215880539,0.9088147294386091
72.488,-1.4301305242565943,-3.8027677887012916,-0.2560161456643319,-0.11033156742532006,0.19172448671762407,-0.3755334636504782,0.9000240464015451
72.488,0.8398793462156227,-2.4593199479901284,0.9162917004996588,-0.12411174812259897,0.20604738298019562,-0.36951292004817105,0.8975527571471436
72.612,1.8342009795200556,-2.375469166786008,1.3471352076061407,-0.12562693774732636,0.1586863250889972,-0.42803121276453654,0.8808097431575667
72.612,0.9302605584872861,-3.3239352818570165,0.5266886742098668,-0.12600201258741703,0.16073611352712058,-0.43093949458778247,0.8789644740469001
72.712,2.3828517389974175,-2.2571693953629945,1.3696852012152319,-0.14593680060847844,0.1557615026174384,-0.4426253321797982,0.8709326149842147
72.712,1.5577397105357988,-2.99155187261457,0.5539234924207416,-0.15081705052494418,0.1578663935270195,-0.44477678051889924,0.8686230681814591
72.784,2.3492215586917484,-2.2849032037955634,1.5070679064175718,-0.12289378741833124,0.12642957199149124,-0.46832233845718024,0.8657868488502379
72.784,1.5849916482691697,-3.0580442183081145,0.6634069220705477,-0.1276229919370437,0.12930805710503762,-0.4705184179628996,0.8634837674527805
72.912,-1.2180231978289808,-1.5010921505586188,0.2255375927878539,-0.07548510232454152,0.03836382066952073,-0.5706082709271393,0.8168454062674472
72.912,-2.9909773197357343,-2.3443476996229586,-0.7933641233811068,-0.0719310514786143,0.027362861822703786,-0.5742865242698095,0.8150289477485779
73.012,-1.671982580173982,-1.4516814391347752,0.4942373008052264,-0.04507309976256715,0.0304979487905934,-0.583108029801712,0.8105697480032955
73.012,-3.9780624289625814,-2.3393107680975636,-0.7427989434928266,-0.037522499794801656,0.014206393490358668,-0.5871643564289809,0.8084727941820227
73.084,-1.8947914491745603,-1.3507159083039733,0.1434115722694816,-0.012481245040264986,0.016586301356831677,-0.5841351059232637,0.8113909607319783
73.084,-4.1280984295234795,-2.25329279200481,-0.9875513315810234,-0.006950593613742029,0.0027520672630448897,-0.5871840099421092,0.8094189606393597
73.216,-2.4265848812337065,-1.4042932488849478,0.09703573495893764,-0.024196078364598767,0.037132235305892755,-0.5548297852378568,0.8307825565729434
73.216,-4.859437700993985,-2.2803465081709704,-1.0699926417211663,-0.019250033141808304,0.022484741482227514,-0.5581693884163167,0.8291988943911296
73.348,-2.950538503487166,-1.3220766563041848,0.10816226092572256,-0.05019020883355071,0.03467214048697352,-0.4683362561880297,0.8814419644826744
73.348,-5.572502997145472,-2.180889691441148,-1.0588980378703348,-0.046999159882566054,0.019591195053589933,-0.472159274540556,0.8800414101120703
73.428,-5.904465559084484,-2.4543736689507205,-1.1739449655425434,-0.04855738959872843,0.022910945656008656,-0.3941131181494125,0.9174922989252019
73.428,-3.313114837332922,-1.443374668097319,0.013249054317517328,-0.05143692177571027,0.03589071016485781,-0.3903374643292412,0.9185329411311932
73.548,-3.6714472740116784,-1.0539956524329661,0.22807068139674586,-0.039245455281009076,0.06385455778024973,-0.2605029075467083,0.962559413672832
73.548,-6.532205506238498,-2.0042948823227116,-1.0409005713330202,-0.039227685331277955,0.048653188838024386,-0.26458542566879506,0.9623349772522583
73.648,-4.013856314652923,-0.9960026164060007,0.34775196342652165,-0.02572247760742217,0.1338869980117915,-0.1860158556757867,0.9730419967022652
73.648,-7.021377931217571,-1.9599491038925958,-0.9526778909162811,-0.02655786178084588,0.11875600559139607,-0.1902235795051188,0.9741697392723023
73.748,-4.310016086466975,-1.0349207038587376,0.44458569729440983,-0.11262674301633391,0.10289814347511851,-0.11134699496293585,0.9820025639170351
73.748,-7.255413236115498,-3.4381600899220874,-1.0174923197980088,-0.10037870379911452,0.09171674925065346,-0.11542293619833935,0.9839663101599854
73.848,-4.596788239799301,-1.0693898266969244,0.5081414837588445,-0.1575304833278439,0.11021483684870918,-0.03302195260574281,0.9807886557291599
73.848,-7.72159528119811,-2.586652302524469,-0.747919857484244,-0.15616853752046733,0.09819710664452835,-0.038542209904136225,0.9820810629429054
73.98,-4.949115147181423,-1.075675821887788,0.5840291690246624,-0.08826021608773343,0.19138461629269446,0.0049618035437092095,0.9775261855358343
73.98,-8.428200144760112,-2.2201921278072465,-0.8074844119469263,-0.09167029655393076,0.1769969656150414,-0.0006135140275390274,0.9799327805994248
74.112,-5.237729914965469,-1.048092632556198,0.6848376471212716,-0.027392955079793915,0.2571271042244422,-0.015170242802342334,0.965870147596698
74.112,-8.923386121864405,-2.2122217388486503,-0.7429836343614753,-0.03018064439090643,0.24250152171551523,-0.02005055670695086,0.9694741439798952
74.212,-6.118296026264989,-1.7640558573621017,1.1102935735129196,-0.003054461396163724,0.2608015012391124,-0.04585388718867108,0.9642980183774585
74.212,-9.248796650001195,-2.201262988484641,-0.6866737405017335,-0.011599608530120169,0.2502472537036439,-0.051592125694708446,0.9667367861326233
74.284,-6.265652679444021,-1.799085948412765,1.1888185819554442,-0.001484149174183604,0.24981316354295488,-0.06699349649184512,0.9659725938398495
74.284,-9.460570430478354,-2.195302256894381,-0.6506803454609639,-0.009850493293650165,0.23897084245721828,-0.07260877712072407,0.9682581627449325
74.412,-2.545877826275803,-0.6626661215584146,1.1181374574367582,-0.02112690265412981,0.24375274045625064,-0.08789089700778427,0.9656155786478787
74.412,-10.602629491723985,-1.7936144506523415,-1.303196741849649,-0.020276986648327475,0.19356895453552198,-0.09334606061794243,0.9764253256750359
74.512,-4.236690150778449,-1.4551375223322949,1.3865750995126807,-0.013787512476979256,0.19014489755416195,-0.08747771193148414,0.9777537892276597
74.512,-10.745713044240608,-2.4169301953703424,-1.0180916222708125,-0.014190322503541207,0.15554451708190722,-0.09197488672877271,0.9834353858613342
74.616,-5.556055814306781,-1.1066954789758097,1.1183880715426344,-0.007634467967131705,0.1286237190738086,-0.07914674185044981,0.988500605485368
74.616,-10.406474723137334,-2.1995314337758787,-0.6668250053585786,-0.00932373242627953,0.11284550947665474,-0.08227025068419119,0.9901568385144637
74.748,-5.633907190456842,-1.0937281711704627,1.1508781931244028,0.003505925738779381,0.0712382194592668,-0.06607611686177456,0.9952621621228532
74.748,-10.708717701298074,-2.212351957364071,-0.666343116330857,0.0014658113756097681,0.055274745971806157,-0.06885147594334844,0.9960933832303004
74.848,-10.947319686785931,-2.225908473232853,-0.6713531848804021,0.006724336380337309,0.01724338598864334,-0.06458323098033521,0.9977406753340426
74.848,-5.697907941670609,-1.0990308850214188,1.1698578029236009,0.009516451925134874,0.033313086108054446,-0.062142896073912074,0.997465756757725
74.948,-5.777538985569369,-1.0996242329337416,1.1860417750462646,0.014194071812164753,-0.007350008444917433,-0.06335278557879429,0.997863182135035
74.948,-12.01631521855613,-2.286468542817694,-1.1570575253265223,0.011982645756590247,-0.030553671740575928,-0.06550411683584066,0.9973124385173373
75.052,-5.530743960391544,-0.9983330848551163,1.9608280372986544,0.01597962064748049,-0.039851859636482426,-0.06697010616964734,0.9968307207781584
75.052,-10.167938310244136,-1.7051804750323964,0.11495722016747933,0.00875850849746652,-0.04896161749536372,-0.06844590879280867,0.9964141739812136
75.148,-4.896035255132005,-1.0747870859431352,2.1688683708675063,0.01518729205625658,-0.06186273782835117,-0.07024707319016273,0.9954936948753591
75.148,-10.345543076835835,-1.6825331386755233,0.17125995491051427,0.008069147604893918,-0.07691741346699094,-0.07137809897482116,0.9944464627868205
75.248,-5.090261287112891,-1.083981208378088,1.935986754609563,0.014347632426312812,-0.08660150464967753,-0.07070720705558076,0.9936271009320199
75.248,-9.141663325278031,-1.9727582106338566,0.13189361855311155,0.008268570103646877,-0.08703160846490433,-0.07290395264575543,0.993499946434361
75.348,-4.589331326099829,-1.0299594824459164,2.104027671080343,0.017923822833212547,-0.10662014007422717,-0.06852328229528742,0.9917738865734851
75.348,-8.594437657673746,-1.9335266941503628,0.28734636919862,0.011274685762949106,-0.10589082835539433,-0.07030014132678437,0.9918255411414798
75.448,-4.4531501376344265,-0.9331557310880605,2.188504445012164,0.020392804600810114,-0.12611584839286696,-0.06509340986835954,0.9896675069417862
75.448,-8.434540076519264,-1.8437398249911963,0.3625483942953597,0.013555843085278248,-0.12480628262994722,-0.06676619710742825,0.9898393333557488
75.58,-4.155417066629347,-0.8026512532260599,2.2713120632902415,0.020124536445254592,-0.13736837320947665,-0.06175824801223013,0.9883880067448741
75.58,-10.620071014281887,-2.2169564283614016,0.49115196448764536,0.01887163596229304,-0.1545107134830622,-0.06734867123617318,0.985512281637212
75.712,-6.273336994985671,-0.3800394182810011,2.3047585840509806,0.01999332422212621,-0.16366745749962616,-0.06017203682726495,0.984475777419747
75.712,-13.266069661485133,-1.2564503576299952,-0.1786649716617389,0.014007098729510826,-0.18739306479607137,-0.06373352302351735,0.9801151353257065
75.812,-13.605014701585322,-1.8247984221872813,-0.3907926214675156,0.021622522509043108,-0.1962341131026987,-0.06608569620800185,0.9780886054605926
75.812,-7.127745840243604,-1.0267532114700377,1.8784077251562021,0.028039092835153538,-0.18026680025723782,-0.06302032727925513,0.9811962741203283
75.884,-7.443231524840817,-1.1794538715231346,1.7676624239980925,0.029621658606674137,-0.18537018889957493,-0.0659363055070238,0.9800065581539799
75.884,-14.084093512569886,-1.8596843924339659,-0.4319679473978681,0.0223910816906567,-0.2014119461139801,-0.06878266108814296,0.9768320290392485
76.016,-14.951830750430613,-1.9951513053096668,-0.5338558705899954,0.020862431062323755,-0.2003649789891822,-0.07894596341735062,0.9763125365501257
76.016,-8.110723671138471,-1.2106206426595323,1.702286992456963,0.026971142553082902,-0.1846605406707309,-0.07582473272393578,0.9795017366477297
76.148,-8.760600895452349,-0.9462508655798054,1.5846927282099397,0.026323994156206114,-0.19031126456673209,-0.08829816555172058,0.9773904562000164
76.148,-15.854545982283849,-1.7886938969444353,-0.6675315783362354,0.020494756344070462,-0.20568942593572007,-0.09126138057459265,0.9741371491921713
76.248,-9.36708127332841,-1.2894300756110095,1.6483870078175082,0.030897704541934072,-0.19438719273357985,-0.10069316486601147,0.9752537299105621
76.248,-16.628876526983962,-3.12342606367403,-0.6706730394974602,0.03341237978701413,-0.20866514821939447,-0.10351537816372242,0.9719192534769378
76.348,-9.220357520830554,-3.361036732063523,1.6916369620301037,0.043636976856293225,-0.18460937513016926,-0.11457374472255229,0.9751348880463375
76.348,-15.849571208699928,-5.551925032413886,-0.6063721768039626,0.04966057497103388,-0.19091605335182135,-0.11756864124113181,0.9732741147604949
76.448,-9.865919251911658,-3.4980302058531425,1.547811206552922,0.04377574852275584,-0.1795594578138943,-0.1298873675622684,0.9741516086824458
76.448,-17.256432100295427,-5.384258745378048,-0.722503056955882,0.047785322235140634,-0.19114286871827135,-0.13257805032431735,0.9713928285144153
76.548,-16.329158829286605,-3.9629746975244404,-1.413137154859291,0.0347531316083193,-0.18468639085255806,-0.15093429079337267,0.9705163557302745
76.548,-10.3952565442105,-3.785777129682576,1.4375817888765636,0.04744729665403054,-0.18093972601564698,-0.14601666094985732,0.9714364129034188
76.648,-10.485682940660837,-4.256913038359103,1.200475423378508,0.050889700212633726,-0.17868745699478047,-0.16432788563571232,0.9687504204528136
76.648,-18.64464921206783,-4.421423559225124,-1.2230471332117854,0.04332001410393381,-0.1959561743823629,-0.16766816439209503,0.9652004666124283
76.748,-10.342965511896193,-5.3686383928602055,1.241663725604046,0.05593698808670855,-0.1662355104636091,-0.18443323253863436,0.9670683487530966
76.748,-17.279777833703,-7.3595642534492836,-1.0770057804831699,0.06159815419372666,-0.16819551070027214,-0.18657814932353217,0.9659733597647537
76.848,-12.181268313543043,-4.9817519086968645,1.305360351310787,0.05309130485397419,-0.16447509635858673,-0.20655747536032018,0.9630489423697566
76.848,-18.474106281078164,-7.963662850009918,-1.0939337515078225,0.06381190283185388,-0.16121182497834993,-0.20797537060325505,0.9626448118421284
76.948,-13.171665470974212,-5.34585534339416,1.2584991629586617,0.057943946881155,-0.16302565597412028,-0.22998840326392386,0.9576901737400005
76.948,-20.89572454778953,-7.379522187655393,-1.231818288587685,0.06357010444132741,-0.17183489995776074,-0.23152321793258218,0.9554206448135644
77.048,-22.289433794120782,-6.107848520451848,-1.4966809018158385,0.05552679514866731,-0.17645979987151617,-0.25893027782263567,0.9480157305005625
77.048,-14.371788724430294,-4.259342181596301,1.0061045259368984,0.05321368373581485,-0.16614717500229734,-0.2565919844128853,0.950643978383642
77.12,-13.509967437840857,-6.561143634445252,1.0489986243478622,0.06574813739968112,-0.14760631589798687,-0.27486238848940764,0.9478081163027643
77.12,-20.657973621054396,-9.03851812115045,-1.372640732043961,0.07218611759358638,-0.14693285259566347,-0.2768781690869308,0.9468571068212642
77.248,-22.79531258629325,-8.729987842927287,-1.5811753532907526,0.06850746796280976,-0.14335616335353574,-0.31329451561478344,0.9362704116587137
77.248,-15.255718704600183,-6.15463354300924,0.9082793190215216,0.06204099812759766,-0.14056038521077963,-0.31167967491401355,0.937683034349147
77.348,-17.187826464076885,-5.727143854975109,1.0822821862588548,0.06472026548177692,-0.1434281262169771,-0.34157443612013777,0.9265886705734455
77.348,-25.72369682836784,-8.039253090852029,-1.621730478746796,0.07154861022420256,-0.15563991734567184,-0.3422970442278778,0.9238450876724278
77.448,-17.374029453373243,-5.903816964895745,0.6126145856289885,0.0662644344697662,-0.13663022648742937,-0.37376579684645195,0.9150083797660723
77.448,-25.278265582247315,-8.1857129452783,-1.968467564901027,0.0684737270786253,-0.1416418867774485,-0.3761744671773567,0.9130945705971086
77.58,-28.281359843489504,-7.804737732671925,-1.9984665298138884,0.07055668924664626,-0.139047836951625,-0.41874301322916263,0.8946182099160445
77.58,-19.508432599594684,-5.52240344534053,0.7477643064477916,0.06578775990334795,-0.1274708302035269,-0.4174334291816748,0.8973140421813038
77.68,-19.783995315540835,-7.283929341629591,0.6834083256599869,0.08539213204153936,-0.1192866198880279,-0.4496025923082435,0.8810995375613342
77.68,-27.973883991566193,-10.350619668094268,-2.0034295472216206,0.09349822379182651,-0.1214176068656432,-0.45074108821641073,0.8794022505567515
77.812,-20.174080056988714,-7.764174479364369,0.2892164889563613,0.11617785642590014,-0.13487748452917478,-0.492041690059287,0.8521770620516406
77.812,-28.126626702504318,-10.804421934094982,-2.272468979658051,0.12066546286588797,-0.1337696425853751,-0.4942815522263302,0.8504300535156737
77.912,-21.46218802528375,-8.45041805488031,0.36177460129661876,0.15008683382448418,-0.15321055883687706,-0.5218797642545423,0.8256161206245048
77.912,-29.759190107493374,-11.670346315988326,-2.284817541032983,0.15685809909947696,-0.15346554753282848,-0.5232881256715187,0.8234156908867698
78.012,-23.959394066654998,-7.3580259155575,0.5037564477923001,0.17675323916018534,-0.17600645265597234,-0.5499469377565068,0.797081166959855
78.012,-33.278306611299904,-10.51505768321584,-2.415963223656011,0.18659921417067746,-0.18458663429674646,-0.5487174042220504,0.7937365545404217
78.112,-24.638881024916337,-8.377773381456047,0.35262408222292707,0.19910316012501095,-0.17162818026437776,-0.5825159352316536,0.7691403542712894
78.112,-33.73888256108756,-11.850061121105622,-2.517046636736399,0.20864382809241452,-0.17554236834018075,-0.5821379774259305,0.7660078362229135
78.212,-25.36715669657785,-8.011363459779467,-0.07142261458675381,0.20546381693703386,-0.16144436146580943,-0.61841992860609,0.7411323296034258
78.212,-34.20853506082181,-11.371023008080194,-2.8326853053534684,0.21044805723627136,-0.16380458512612078,-0.6191836183221414,0.7385738418727265
78.284,-26.753675754993708,-7.335879965590704,-0.0844606790444613,0.2101852395661392,-0.15386241797819145,-0.643868917984247,0.7194312599937704
78.284,-36.062594323991895,-10.404737945266731,-2.9543720528009194,0.21486900350101165,-0.16077718119247997,-0.6434535975408343,0.7169026971312361
78.412,-28.659679275776995,-7.697019027924857,-0.14576066295859103,0.21699594491185634,-0.1257857054380588,-0.6924746141124694,0.6764389292530758
78.412,-38.40323055275408,-10.909512929175918,-3.1404558800744704,0.22416979390495617,-0.13350036765335255,-0.6911905200851229,0.6739296849683108
78.512,-30.04342325245414,-5.820868471319185,-0.3213020914997181,0.20535749195300687,-0.1074059115095986,-0.7308608476344952,0.6419771741008792
78.512,-40.05914351958913,-8.00542091063771,-3.337481507303619,0.2067989283156978,-0.12188759930233065,-0.7296674866406846,0.6402835116753045
78.612,-31.490447386009834,-6.660465687670558,-0.4349055151717136,0.19665332343951109,-0.07300016755128214,-0.767412860863527,0.6058679285941262
78.612,-41.79406711822148,-9.220065982931514,-3.526782563951155,0.2018752617023381,-0.08514635519506188,-0.7662333394855174,0.6040554166386403
78.712,-33.09716579610005,-7.136095733421058,-0.4817073282311064,0.1839081603940892,-0.04219921860384097,-0.798957773369075,0.571019693936047
78.712,-43.717450221219075,-9.830573919570202,-3.6962460193419,0.1915741670974605,-0.05388959365926731,-0.7976626883316005,0.5693237091846413
78.816,-34.69685826342749,-6.67499198905763,-0.532633472616036,0.16457842745982681,-0.01893082923250997,-0.826676186567917,0.5377378984979085
78.816,-45.6742722365348,-9.017306494258555,-3.841619014336237,0.17190184336629105,-0.03328288318365491,-0.825520914022977,0.5365232767037446
78.948,-36.44800901176547,-7.139276286208284,-0.6695482365196649,-0.1353058926044296,-0.010222385582838691,0.8555694562622638,-0.4995885544831954
78.948,-47.70349124703063,-9.667263646985104,-4.056970441489437,-0.14400136621787624,0.0021481441902391424,0.854970042816376,-0.49828226728480635
79.048,-37.98945177897154,-7.536698223631057,-0.8081501863486543,-0.11120210902123825,-0.02695737360767811,0.8735033272050758,-0.47318001682136474
79.048,-49.44526994347763,-10.121844105181237,-4.258598107816081,-0.12045664923155457,-0.015581045253449338,0.8732962596256452,-0.47180617801018027
79.148,-39.161195911845994,-8.238884751068252,-0.9312678240635925,-0.08785582615825568,-0.041691995933660915,0.8893987456240225,-0.4466687839636134
79.148,-49.283360474909216,-11.863728392252021,-4.447953311114894,-0.09087300460756453,-0.04082284346435329,0.890440154237848,-0.4440629732436109
79.252,-40.658277822059155,-8.660899334972918,-1.056484007451466,-0.06574090324582671,-0.05114003093575469,0.9044973222729858,-0.4182671692558613
79.252,-45.129856005009756,-14.084752851284348,-4.619807416475964,-0.0410085011522176,-0.0725145485395906,0.9068510888407032,-0.4131356263405264
79.348,-42.01633373158511,-9.025311706367026,-1.1951328757777766,-0.04656574767505636,-0.05698463898461534,0.9172150867997978,-0.3915365456890272
79.348,-53.43733464324287,-12.574057887627692,-4.81718942108327,-0.05785969836009306,-0.05106001278426488,0.9184934114230964,-0.38783370608098583
79.448,-41.15680912364696,-11.387772958098228,-1.674048022164714,-0.021458162809806954,-0.0737229858088325,0.9286745646505578,-0.36286088461469035
79.448,-50.59672732802759,-15.4915706519661,-5.161551328089331,-0.0204492552708974,-0.07781958898111341,0.9291944730434547,-0.3607264487047947
79.548,-44.343886704586836,-10.567440432595525,-1.5191287273193548,-0.008246767648274004,-0.064067648343312,0.9399966665629544,-0.3350128267837624
79.548,-56.07787212472783,-14.431906829161912,-5.1567665024115215,-0.021099052234238358,-0.06098792860015484,0.9416277192814093,-0.33041268262700024
79.648,-51.82468119255129,-16.868789984738772,-5.3779225924865255,0.025353591256999087,-0.07898917008913463,0.9473209203149507,-0.3093557504761106
79.648,-43.99327141263766,-12.776905335717032,-1.873257222782455,0.014329014185757683,-0.07229284733968247,0.9479287131009598,-0.3098379874301148
79.748,-44.865754596910435,-14.415605460551498,-1.6929475878625728,0.029214637734667107,-0.0747974506014402,0.9550461293214902,-0.285374731175689
79.748,-56.64214869602325,-18.979944351993836,-5.259271843703949,0.01586134691905169,-0.0777486649259648,0.9564166782458474,-0.28101725987797066
79.848,-46.59194787725579,-14.991740146721497,-1.6121873992172853,0.03898923345725223,-0.06766204829918547,0.9620059465866834,-0.2616223339591521
79.848,-59.516258153088884,-20.59561081926995,-5.4505350490605835,0.017504324079896882,-0.07381078275751823,0.9635402694397625,-0.25658471535767363
79.948,-60.6925048031991,-20.469597527355507,-5.875716608169137,0.03341269904334265,-0.060258062930572356,0.9698151084023134,-0.23390428151084253
79.948,-47.01288544643774,-15.32922206916289,-2.0371940160651163,0.055172870868425775,-0.05752450764656117,0.9675088464005435,-0.2399448217337612
80.048,-54.59007213097538,-23.747640518765408,-5.083276663296003,0.08313190975492807,-0.08551111853353104,0.9741212501335196,-0.19200188599582046
80.048,-47.15352776613643,-16.938591764239327,-1.723590912597405,0.06885588317631532,-0.06520935523894207,0.9770604203545572,-0.19068178286849333
80.148,-62.65959625159529,-24.64649870728445,-5.417444666364259,0.03969547836785414,-0.09685979289465779,0.9924481934007787,0.0639455466243092
80.148,-47.7893662713746,-17.144160437229715,-1.3010132659810103,0.06697913947177665,-0.0769121673768444,0.9928829116967672,0.061496642555232996
80.248,-50.668223368825814,-17.262469111946572,-2.053484974200563,0.044471521352924696,-0.054948775718135924,0.9677000486275376,0.24199076784434564
80.248,-63.447475981000935,-22.67797733420878,-6.0034343813390585,0.034699160641059865,-0.06070151888484226,0.9666344477315448,0.24643282718544324
80.348,-51.76299089313613,-17.869580156792907,-2.1386036747462267,0.044657934654345185,-0.029507246517192685,0.9390452752804911,0.33960118116515503
80.348,-64.78231793582809,-23.39078291869663,-6.138317893880967,0.035576276725838775,-0.03608785615234055,0.9374848049394537,0.34431705691163317
80.448,-46.58996596109258,-18.633545524991966,-0.9007128733661425,0.08746252361300419,-0.001149189431912267,0.9273452686341843,0.36384026587045976
80.448,-60.00815070712369,-27.238158236662432,-4.855039460968622,0.08414533602156718,-0.02553726586131995,0.9264682890074931,0.3659561721595552
80.548,-52.00832038021119,-19.563225876709094,-2.0681765920625104,0.07190442315776997,-0.0010223378517254106,0.9426182207368259,0.32603619230172276
80.548,-63.99323019327463,-27.08518876465444,-5.7541546299452895,0.07334981047295945,-0.014796807794216138,0.9414106950976432,0.32885675139557996
80.648,-70.67506969897296,-25.1224837808669,-6.309638742891779,0.048053196234946666,-0.014936906363254383,0.9714155168644907,0.23199067385305733
80.648,-56.09867509707765,-17.71711628534498,-2.104787176857278,0.06362946036759344,-0.0032309493537619454,0.9714576591793054,0.22849697845150366
80.78,-57.98995143767762,-17.76737285236497,-2.257473392615184,0.07874780944663956,-0.024316836871253796,0.9953422794238663,0.05001220594249422
80.78,-73.36302664590988,-24.574727654529006,-6.565214500465293,0.06016394720110231,-0.02789758358386387,0.9963553702155485,0.05364699926372183
80.912,-57.56189045086729,-10.645348433118999,-0.6904474200368629,0.09679515706381016,0.0056617967682701265,0.9918165502476337,-0.08305764432747967
80.912,-81.11616652608345,-14.314107743644529,-6.432290534162266,0.04397970130462814,0.03098347302112471,0.9954834766089874,-0.07822057319649721
81.012,-61.52614295586382,-14.443339129373562,-2.0679699899172808,0.07088997651846718,-0.009946336585309724,0.989508555657952,-0.12549302728620715
81.012,-79.63984990777706,-20.52177566942597,-6.941158669367264,0.04747703738943925,-0.005861874460252996,0.991522320530533,-0.12081000471103795
81.112,-61.89635780703677,-18.06122117317801,-2.2856680079540572,0.062033085343752306,-0.03003930220955464,0.9899202809442594,-0.12372297288998624
81.112,-80.19226486608451,-24.834363434404654,-6.905321644685709,0.03921179692368627,-0.028952698305515657,0.9916248468174677,-0.11960075006904874
81.212,-60.404879178698714,-14.591908028142303,-0.5552153143028249,0.06827521808918773,-0.021384996553658546,0.9922952765221601,-0.1011496945575395
81.212,-84.22831672244742,-23.713051510517126,-7.744015028962306,0.020037499432704005,-0.02327107781481969,0.9948018316204453,-0.09708898680297515
81.312,-64.86013283677154,-15.61537189463075,-2.274873357297782,0.044997594172936764,-0.02747938785474049,0.9955602263058917,-0.07797394154163526
81.312,-85.17370024892732,-28.069838360857045,-7.415458828770098,0.011987423623868818,-0.05272828950852144,0.995753736227393,-0.07450185198741677
81.412,-57.87508262176054,-19.35773390546276,-2.981370313948563,0.07281238662570556,-0.05198110027657429,0.99370471075984,-0.06743344408828704
81.412,-82.78153317662503,-30.34593020151989,-7.3966673400614225,0.023446765371685982,-0.069269615573542,0.9953231182847773,-0.06311782442199877
81.516,-76.6491265103935,-23.189850236894806,-8.071446410780858,0.05571599306132709,-0.03709393330973644,0.9954487483697454,-0.06783478162351918
81.516,-66.56538939962262,-17.21443971349579,-2.4820576303664534,0.0261488058370453,-0.03972939553817631,0.9963005890431995,-0.07157479553335414
81.616,-60.14279920375655,-17.387601849308023,-3.3197324743688226,0.0480445538008631,-0.03535114047560052,0.994480220569045,-0.08631980429828497
81.616,-86.42150120066276,-21.950794345196783,-7.855570577065372,0.0053181123528600605,-0.01874526050655814,0.9964820592621392,-0.08150974455996125
81.748,-85.29042010722097,-23.325560445178123,-8.41081806721957,0.003583606151011914,-0.01629294812240892,0.9947459952860641,-0.1010054576286487
81.748,-68.6577032906483,-17.75776627682737,-2.795545766828769,-0.0003837022917467887,-0.022592675274853338,0.9941920600761983,-0.10522153523837831
81.88,-63.73953172312115,-17.63027038569636,-3.620548905076295,0.015572213275821223,-0.010917809181062816,0.9930184299518223,-0.11641608734361378
81.88,-81.03977202778552,-24.246064412057628,-8.563254720576866,0.01325631615138181,-0.011377271046915398,0.9936891327133809,-0.11080043011174993
81.98,-61.79961384574555,-17.814941292159236,-3.5025366350096356,0.013545231951302639,-0.0023757252031884656,0.992978194587845,-0.11749547946286387
81.98,-77.37375599065562,-24.187059894322545,-8.181699988878517,0.01718016319255203,-0.005390226856372734,0.9936356835847429,-0.11119314616555655
82.112,-58.24923071546197,-17.710608546897618,-2.902471822801238,0.011976852756147358,0.006918391179355889,0.9933096964622097,-0.11464963050834483
82.112,-72.8010134456523,-24.028521258219985,-7.4452574510181275,0.019773086908151643,0.0026867949789756685,0.9940559558603899,-0.1070259911673344
82.212,-56.825763890073965,-17.51979534857569,-2.6817466133853913,0.004064011361559879,0.01627391831026882,0.9934659936804919,-0.11288916154758445
82.212,-72.38204625721903,-24.212257518104437,-7.505349221386359,0.006701275441540755,0.010905107403745702,0.9943433110157698,-0.10543979978246283
82.312,-56.45715069311157,-17.648582816675965,-2.701473926404108,-0.005066728633724406,0.02104500105227909,0.9933729299762567,-0.11287895367183769
82.312,-72.15987864194344,-24.330704295879663,-7.546955709004439,-0.0034661184100533036,0.015211959408041277,0.9943114850253965,-0.10536248412374595
82.412,-56.056089424047286,-17.861682741416733,-2.7799629050662302,-0.009893756567392388,0.022434354106628456,0.9931431611299939,-0.11430430804447655
82.412,-71.96401875769907,-24.4322608151907,-7.585293932857268,-0.009510810683396645,0.016472853102500618,0.9940891691434871,-0.10688738645144101
82.512,-55.80902486228483,-17.971369935355536,-2.8248903537178944,-0.01641083459659068,0.027050433428123365,0.9926585781654376,-0.11673862151732911
82.512,-71.79563558908013,-24.514520437232207,-7.615298431736079,-0.01642879873295806,0.02111941781947244,0.9936447179935632,-0.1093354433230639
82.612,-55.62552694938726,-18.048845180724623,-2.8642712666493058,-0.02635462822236417,0.03636158718594794,0.9918098579533833,-0.11956786447482297
82.612,-71.63139785444784,-24.587669901520172,-7.64630743260105,-0.026036533915347798,0.030737532443672225,0.992850007203139,-0.11236621466293288
82.712,-55.470616164479274,-18.105206908991324,-2.8860421988140423,-0.05188808331796306,0.06367102763336846,0.9892126216934063,-0.12129310010118816
82.712,-71.48719750345994,-24.64601723905412,-7.667024155959926,-0.051549672905005464,0.058348362917687226,0.9904199833368214,-0.11404541365308576
82.812,-55.341358051878316,-18.143368809316136,-2.894124592953703,-0.08294930547214487,0.09474100039306829,0.9845588448658207,-0.12160360423396264
82.812,-71.3658225094924,-24.683726404384974,-7.675454460800036,-0.08241086230893786,0.08993551451000788,0.9859198634115944,-0.11437690297337362
82.912,-55.2570030200144,-18.152344149144355,-2.888997620803475,-0.10757653016607256,0.11708141850601585,0.9798676217143897,-0.12074218613986215
82.912,-71.28452691433004,-24.6927354772702,-7.67182624920694,-0.10680705484171782,0.11273927382615687,0.9813041374306237,-0.11368508712548354
83.012,-55.22397154416233,-18.129843086906195,-2.8767442642925705,-0.12283730497853018,0.12928323888653775,0.9769153161136891,-0.11761507467629
83.012,-71.24790765111221,-24.670285644420687,-7.660976798946759,-0.12183443852226819,0.12542424197941793,0.9783264699520828,-0.11091639781812367
83.116,-71.22833401478978,-24.626205097825963,-7.650884365938071,-0.1354993787759521,0.13442312080680394,0.9759315619473714,-0.10548900103259255
83.116,-55.210078268901825,-18.085738807591035,-2.865039377056153,-0.13708798847337558,0.13796301083313817,0.9745175752181041,-0.11175234516199659
83.252,-71.25165692222903,-24.533741263291375,-7.643217770628911,-0.14761749704354385,0.13718534831874346,0.9748827576445092,-0.09483071032477618
83.252,-55.24080441130758,-17.994398787165213,-2.855744781196742,-0.1500944412659265,0.14044176884613313,0.9734154795646891,-0.10104490293075183
83.348,-71.29845931396548,-24.44185167087906,-7.6399697834549265,-0.1491410797579076,0.13260232751895792,0.9761667365996757,-0.08527639428083297
83.348,-55.28493101592908,-17.905153497681525,-2.852287332191118,-0.15234748926661004,0.13573231360022414,0.9746808457519692,-0.09145616700428993
83.448,-71.37499072269661,-24.323679617266098,-7.640716450976447,-0.14674363015015274,0.12470261555163421,0.9784667673706523,-0.07428559642462594
83.448,-55.360979782826256,-17.789219554895784,-2.8534136488540334,-0.15065473998585704,0.12769148784850495,0.9769985613983071,-0.0804477735954662
83.548,-71.48242370508875,-24.184124304517347,-7.638880346448301,-0.14611974167317293,0.11683151175356898,0.9803626906695142,-0.06235714632639369
83.548,-55.46764113823363,-17.65152442875896,-2.8523163337625186,-0.15041750438938897,0.11960715261550393,0.9789672141114146,-0.0684974241224835
83.648,-71.61909666565538,-24.026019142986147,-7.63661418310671,-0.14291800390051426,0.1068970157739167,0.9827044895840454,-0.049389860610091645
83.648,-55.60363089608927,-17.494522944449724,-2.8511420544148174,-0.14749001472203732,0.10949350294166398,0.9814137485626216,-0.05554207867122494
83.748,-71.78216741515115,-23.84923985292773,-7.633449022946092,-0.13552268568848458,0.09388523351744585,0.9856958595127585,-0.034969088214585976
83.748,-55.76765702280165,-17.319432847318545,-2.8493081331285843,-0.1404098672462358,0.09640586731182076,0.9845315326419262,-0.04109305490578675
83.848,-55.95181311673154,-17.13023918395918,-2.8503811884077295,-0.12994103221652895,0.08204362608325118,0.9877994855197563,-0.025225938486399375
83.848,-71.99182267246773,-23.67978004558793,-7.647447230315693,-0.1258566104972408,0.07858293065448138,0.9887611295835794,-0.018337536053221165
83.948,-56.15550705104915,-16.929440876263904,-2.8519720917321982,-0.11924782681055314,0.0676188182453309,0.9905320747800229,-0.00733894079881869
83.948,-72.16639827599529,-23.45395442738591,-7.62988667247361,-0.11415945678783337,0.06509884295218846,0.9913264774756485,-0.0012546425449973357
84.048,-72.3891551743822,-23.24466191485233,-7.63006335878956,-0.102321472900966,0.05095763310812528,0.9932756221457714,0.01836230547413563
84.048,-56.38149324719875,-16.721835531612307,-2.8563300485865604,-0.10748018999175142,0.053564350631069874,0.99268738576614,0.012272866070960394
84.148,-72.62443239082991,-23.030232022032976,-7.625420127268239,-0.09030012142459912,0.03675451495139337,0.9944234288042131,0.04021241035628929
84.148,-56.619968701840364,-16.509348330389013,-2.8558099872057268,-0.09547679598008874,0.039461059832761027,0.9940638837497691,0.03411746195978652
84.248,-72.87851462438914,-22.81982721171332,-7.620301507932141,-0.07660068474770329,0.02245726664054243,0.9947491056386366,0.06404859953465902
84.248,-56.87774321169465,-16.303723251137935,-2.8549190610251833,-0.08187281276334385,0.025059028960028106,0.9946403479240313,0.0579608995734267
84.348,-57.129900189864294,-16.091451465794425,-2.848781065169846,-0.06625931311098611,0.01129655240536135,0.9942043570732454,0.0839034427564697
84.348,-73.12806156261856,-22.6037196558574,-7.6105610152853265,-0.06103742637248232,0.008685460110692989,0.9940337687465223,0.08997700793022109
84.448,-73.3851063973012,-22.391773538459844,-7.603915215229895,-0.044510202387707434,-0.004775718710128094,0.9920307987149545,0.11777490732399978
84.448,-57.390160985247455,-15.882305840128696,-2.8461512261678332,-0.04972819599295084,-0.0020975726485684375,0.9924882194371788,0.1117579571694514
84.548,-73.64233037287367,-22.191022188125032,-7.59131164006672,-0.02733664908075033,-0.017102896821909536,0.9889632589924535,0.14460937348719943
84.548,-57.64967513046746,-15.685266343803091,-2.837916335230993,-0.03249777103030977,-0.01440067189733572,0.989706236899969,0.13862929044134023
84.648,-57.9111233922167,-15.49335008248918,-2.830958900542143,-0.01569816968513606,-0.024404003381489733,0.986191883972472,0.16304471802030093
84.648,-73.8998090864738,-21.994562591030018,-7.5790222824461315,-0.010594926706329775,-0.02712769803065818,0.9851925632901599,0.16895990283321527
84.748,-74.15203083607686,-21.808824659151696,-7.567086448282799,0.004893048093828945,-0.03393084372085925,0.9811139587720541,0.1903684738273921
84.748,-58.16491617404948,-15.312061822982104,-2.823952939351993,-6.525603107648416e-05,-0.03116531875844795,0.9823341283780259,0.184522028148725
84.848,-58.40075271216756,-15.133132502750254,-2.805416715739638,0.015351784883760086,-0.03579031710932135,0.9785121040713641,0.20247824102339657
84.848,-74.38508963724541,-21.627556467310697,-7.544396296710214,0.020284547055802047,-0.0386670581176212,0.9771060959844696,0.2082236128714946
84.948,-58.62899694609493,-14.9728252228267,-2.791812680995431,0.030121879052623587,-0.03889799915703288,0.9747564186963542,0.21778324608237554
84.948,-74.6123343597579,-21.462507282816194,-7.526851200602963,0.03496697205675254,-0.04184760799867551,0.9731878848895604,0.22345341634030877
85.048,-58.8462777834929,-14.835376113159695,-2.7766373659524617,0.04262571079508628,-0.04037754739605808,0.9712039625823581,0.2309016360050716
85.048,-74.83254737807661,-21.317416456151015,-7.508063164796901,0.04730363408461146,-0.04341413151262348,0.9695117754790348,0.23648360745490102
85.148,-75.03810367251693,-21.20249830230441,-7.489124415760023,0.04745173435580985,-0.04386120806129129,0.9834534208334351,0.16924507787538265
85.148,-59.047213034441015,-14.725788981726371,-2.759647075510865,0.0432065254580087,-0.04042521874472445,0.9847521518295347,0.1635915563664235
85.248,-59.26794492748763,-14.750779049001062,-2.6447581358725563,0.021719945648538415,0.019984047375137884,0.994259067600136,0.10284837532232086
85.248,-75.25883314741775,-21.229110359296122,-7.374498660988097,0.025650966960938545,0.01584626128509153,0.9936262913908517,0.10861729583319489
85.348,-59.49477380669135,-14.657260704536638,-2.6510962822820714,0.03185525908479938,0.060597977349013336,0.9886988405956765,0.1333706497495385
85.348,-75.4839595239357,-21.129821518008427,-7.376640111148817,0.03608094661686653,0.056724957641036015,0.9880479191852867,0.13871464906591102
85.448,-59.70639907517018,-14.703193510456407,-2.760595818429797,0.06448943530498331,0.06492313063970487,0.9750390840204364,0.20229899771025275
85.448,-75.69314084120954,-21.168629135088295,-7.47872805419117,0.06956968383101991,0.061109572525169124,0.9738744757522413,0.20735039116370216
85.548,-59.83542580355801,-14.637592041917598,-2.592009450472503,0.06147950784252125,0.08706800422495076,0.948853341227333,0.2971813749168206
85.548,-75.83034961190859,-21.096422145694916,-7.311321778053253,0.06619046186814162,0.08375529902016404,0.9473834446384416,0.3017755481624147
85.648,-60.13125165427431,-14.617112996468203,-2.6354484004168275,0.03506716053419605,0.17630659195390744,0.9100662239358813,0.3734511319259237
85.648,-76.12149658021706,-21.071399080721157,-7.348402464756699,0.04001101570502885,0.1736760109615815,0.9086645828795095,0.37757706188158713
85.748,-59.88847151620337,-15.145403153659279,-2.501239309446701,0.012459910352282255,0.22493217612731245,0.8644311282161358,0.4494542149625737
85.748,-76.49848654728076,-20.98715780714125,-7.44852221763363,0.005287015846854265,0.2321366656010944,0.8601097403034877,0.4541980301389558
85.848,-75.9396579374947,-21.552129579524276,-7.101422585807465,-0.00210547205801768,0.21341240464386557,0.8512762479703836,0.4793531706091053
85.848,-59.85895033117014,-15.130343661223497,-2.364332490858461,-0.008231783755112661,0.21654702559008762,0.8527997025361004,0.47515501765069623
85.948,-60.199189710045594,-15.168283937162508,-2.568838106196903,-0.010329251912675752,0.17725176346272337,0.8731179234557627,0.45402666292253824
85.948,-76.26615299035527,-21.558330543130435,-7.297479460187145,-0.004768032884345777,0.1743999230504609,0.8714839669831662,0.45834226075465817
86.048,-76.43780722178526,-21.503489998477868,-7.3242877097896795,0.01754865839355922,0.12805733127271088,0.9091346911105911,0.3959387300014327
86.048,-60.36437519094632,-15.137636902766774,-2.59862894222097,0.0130951517275059,0.13096004719492904,0.9107387938934779,0.3914496549205131
86.148,-60.35143535046634,-15.174038611596744,-2.620774567394791,0.04447014042838011,0.09596612463008647,0.943043080282168,0.31540871621704336
86.148,-76.42919888849596,-21.53131246732684,-7.348223144910628,0.04877887181236795,0.09241220072812102,0.9416454130327626,0.31997581617312293
86.28,-59.91307806234844,-15.255855556722393,-2.6026984742944825,0.07346767941801972,0.0740560762571758,0.9635339659032391,0.24641528808314295
86.28,-75.49189398487732,-21.49562189645027,-7.398745755274015,0.0887616165909991,0.07344901699468606,0.961300717480366,0.25025496577370937
86.412,-59.52244333677893,-14.990531727984422,-2.765010544618004,0.07750131382921312,0.0670190231002581,0.9668434394915684,0.23391400216649466
86.412,-75.55641197997058,-21.3815793626276,-7.507336864004929,0.08410253836517635,0.06255363090212082,0.9653929550482825,0.23881006813918107
86.512,-59.96641023394584,-14.944705647930432,-2.5699662727265458,0.057837173716785394,0.05430001566208326,0.9647732703294016,0.250836413810801
86.512,-76.020849565312,-21.28144913096412,-7.277738355866681,0.06272195638089383,0.04987429829707114,0.9634309937060103,0.25569362706915
86.612,-59.50480178057916,-15.172026660964558,-2.644646378074804,0.048703497781718376,0.03557969883656526,0.9603499550457055,0.27219481658958333
86.612,-75.57180707420909,-21.527634165291722,-7.39400700962183,0.05514602033085075,0.030497263400589045,0.9587234706476518,0.27726907544128593
86.712,-59.66356466628758,-14.848024330377354,-2.6846361728214405,0.03424751878674078,0.025525060355990902,0.9568660615452405,0.28737243955131664
86.712,-75.72419766553406,-21.18825621041705,-7.428967931612022,0.03986699336343743,0.021145730425849676,0.9552092572652663,0.2924700937867929
86.812,-59.70367190570802,-14.817449584553719,-2.666558056733876,0.025149657300256454,0.014544764912866812,0.9562953489612521,0.29095558098511565
86.812,-75.78290550419095,-21.115170481703945,-7.414836395762501,0.03033621788267583,0.010722795330352376,0.9545990965522366,0.2961508068645636
86.912,-59.68122705643965,-14.769243913795973,-2.6783208990303,0.016577986974904882,0.00556268827233812,0.9581465902435651,0.28574348365566415
86.912,-75.74849467382911,-21.08795028505669,-7.426879251315685,0.021923695503697636,0.0012284639235733644,0.9564826831112121,0.2909617145952824
87.012,-59.4997358539712,-14.548637304578731,-2.7024768411972455,0.009890848158945673,0.0019351846428632498,0.9605893591344532,0.2777886054192204
87.012,-75.58595682772001,-20.85198889954931,-7.4596969857093605,0.0151969993822617,-0.0015642573282556894,0.9589604196101532,0.28312809456128796
87.112,-59.2561981640608,-14.403653852256967,-2.686196132833405,0.005425896039639606,0.0005833959651325161,0.9627671006688016,0.2702771340145235
87.112,-75.32867112888037,-20.713121517577374,-7.443016382917658,0.01167645289250681,-0.002609512411044037,0.9611583114067698,0.27573819341272365
87.212,-59.112063564707796,-14.382718609790718,-2.6857232748464765,0.0019884585526059274,-0.0011614429462638426,0.9639853776078283,0.265945274147069
87.212,-75.1824363444465,-20.693153386545713,-7.447081539947964,0.008740074434507063,-0.004586015842424374,0.9624041580879586,0.27144210442114514
87.312,-59.20326072554802,-14.305792266455304,-2.712775616408095,-0.008152136879248836,-0.006092146752520198,0.9641122318982632,0.26529989203992743
87.312,-75.26919013694905,-20.61228314820611,-7.47321568906487,-0.001778356837573982,-0.009726158100208389,0.9625738047367918,0.2708392691802736
87.412,-59.209312653942774,-14.197727599549113,-2.7169440659126756,-0.018137164320642392,-0.012523855282046387,0.963321051382833,0.267444850916883
87.412,-75.29984349836225,-20.471093879161426,-7.484743699373467,-0.01229674399554345,-0.015460041855853172,0.9618234497114854,0.2729568258498425
87.512,-59.19608911655385,-14.07498964214262,-2.701771567581684,-0.02567585501872042,-0.01789704949484437,0.9624544855082896,0.2696327306048179
87.512,-75.2889980752042,-20.352286134265068,-7.462904412011801,-0.019847764173793307,-0.02079392181701147,0.9609619656750527,0.2751831746286615
87.612,-59.13269494427709,-14.028727160574245,-2.72117382878765,-0.028895593397064115,-0.02154215270740713,0.9618055381010077,0.27135048777769577
87.612,-75.22719764908486,-20.291531998896904,-7.485975815358492,-0.02287311776916292,-0.024354588508392148,0.9603158909891828,0.27690623686684435
87.716,-59.136065543304525,-14.026510847073034,-2.6596063434549273,-0.03594577167864062,-0.028289193796817463,0.9613674425560069,0.27144108643695847
87.716,-75.25176651199494,-20.227655029506025,-7.4293585288014246,-0.03005904808198984,-0.030409182822213554,0.9599169771874544,0.2770038485938237
87.816,-59.03149650672358,-13.719555185168753,-2.7534514255377243,-0.04345928051940445,-0.031027014765137674,0.9613082749521443,0.27024991359856554
87.816,-75.13267669593603,-19.958851277786287,-7.5232966830003365,-0.037279341849188526,-0.03281251000836851,0.9599252146993068,0.27582090573909035
87.948,-58.689196917194884,-13.65547656641741,-2.7218661699043873,-0.04593327613218141,-0.03417442210445445,0.9616228710625463,0.26833504591651214
87.948,-74.77040796912299,-19.91115856572287,-7.497046076629277,-0.0378351433597474,-0.035780264575121,0.9603037694058735,0.27405281436021145
88.048,-58.84204412470368,-13.609982931180962,-2.7035481063050923,-0.05469760469685253,-0.04191916390894864,0.9612854738964226,0.26679803862347234
88.048,-74.96638320410523,-19.76378481279187,-7.474632158798711,-0.047659839783303244,-0.04262695158551755,0.9600293367098938,0.2724979914177667
88.148,-58.58272196674581,-13.415583314471302,-2.733493123181341,-0.07587411488787173,-0.06618908366929573,0.9591486048468846,0.2643786634985432
88.148,-74.6677166897335,-19.63504134339723,-7.498537675881553,-0.06736619215136681,-0.06683391870606971,0.9580505196483848,0.270433402646336
88.248,-58.221721912279065,-13.30479981163774,-2.710498214074901,-0.0992714305622594,-0.09283259128361554,0.955909607836106,0.2603154139045816
88.248,-74.28259116618528,-19.55173084745596,-7.476928746263174,-0.08919475735837006,-0.09317156665775034,0.9550696383387375,0.26684328799847146
88.352,-58.186672963759165,-13.231384391199795,-2.6679914944134815,-0.11869798988743409,-0.11228342593728258,0.9532848539690916,0.2540692949759908
88.352,-74.25031155580889,-19.49622974776134,-7.437737173297407,-0.10864226550654052,-0.11303105824032739,0.9525618414854973,0.26085776999053767
88.452,-58.04951065532873,-13.171718387440764,-2.6001208125499704,-0.13038380680625059,-0.12621864934608026,0.9522876652879898,0.24539176436936774
88.452,-74.14160588907741,-19.451451274099163,-7.3863193935279865,-0.1203836683856755,-0.12735461899867442,0.9516414735819221,0.25232336230428276
88.58,-58.06134168165042,-13.15393672110721,-2.557233295664271,-0.14665352281758626,-0.14373765359163598,0.9513251510055696,0.22981011346194688
88.58,-74.15654270068748,-19.43604008717962,-7.340160691379323,-0.13669207408505848,-0.14506449738563137,0.950848165566014,0.2369796078153672
88.716,-58.16305619066026,-13.165916738129702,-2.5154229518169244,-0.15570370397416092,-0.15087401743049075,0.9533897169334339,0.20986051338614864
88.716,-74.25513901019991,-19.449958712274775,-7.296074028516936,-0.14567959522760124,-0.1523058010487452,0.9531344692241464,0.2170600886345237
88.848,-58.32442887484847,-13.198532405522965,-2.48657063308683,-0.1551047603831183,-0.14813240531913768,0.9581334207912343,0.18968302971997736
88.848,-74.40905293440379,-19.482997941200466,-7.261581973779438,-0.1451124633014149,-0.14975203416666927,0.9580224742223629,0.19674765600230792
88.948,-58.477825988247744,-13.247798313612845,-2.4650014417149735,-0.1555629708887113,-0.14645776517859022,0.961278394904873,0.1740520973624905
88.948,-74.55734217212512,-19.532496061349736,-7.235938615713883,-0.14573847654933395,-0.1480601769293501,0.961297853006658,0.18095556986597136
89.048,-74.74171267518173,-19.601192200746816,-7.212596945195309,-0.14394398157801924,-0.14364835778239654,0.9652012246404684,0.16441373247520286
89.048,-58.66892606545795,-13.317071523895901,-2.445029303600167,-0.1534787755478346,-0.14212921600619233,0.9650539362168495,0.15784312340475165
89.148,-58.88559471711408,-13.405687867372166,-2.4276386092343736,-0.14745776080629996,-0.13337194825726417,0.9698593928293586,0.14085769534080056
89.148,-74.95836194301161,-19.687450536160068,-7.192655873939821,-0.13773724614324384,-0.1348095279997874,0.9701746360231478,0.14702386813950602
89.28,-75.25512011091233,-19.829107789285246,-7.170463191906912,-0.1247519360289333,-0.1202285592805568,0.9772219261182948,0.12255347854714115
89.28,-59.19150452689356,-13.550315904724936,-2.4091860460794883,-0.1347105411364744,-0.11890089557739723,0.976747310850396,0.1169629765529716
89.412,-59.530924364051565,-13.718382740142575,-2.3918102669536827,-0.1226357988217294,-0.10511682016496851,0.9826714762789683,0.09092680943195577
89.412,-75.58696580792271,-19.991219750272066,-7.1479864379519045,-0.11286535290380119,-0.10644339244175555,0.9831909332010182,0.09626424668952531
89.512,-59.81881422672333,-13.85882346398613,-2.3901683544457852,-0.11080582426394096,-0.09183101416316537,0.987237851643684,0.0681950029614826
89.512,-75.87782594738685,-20.126334304034376,-7.143802114491149,-0.10155566547228338,-0.0935048503267741,0.9877154716598,0.07322183294419847
89.612,-60.13041978977733,-14.001464539253487,-2.3958674129440545,-0.09681455819578781,-0.07654210509312692,0.99139671876824,0.04359809038059542
89.612,-76.19251315145553,-20.266821250550453,-7.146895132887569,-0.08801282977669343,-0.07871969944153949,0.9918280237924887,0.04831275126112183
89.712,-76.5039709656834,-20.41861992818729,-7.147003770691996,-0.07354343915525421,-0.06435337522903926,0.9949741526849907,0.021827531757694994
89.712,-60.44038298181175,-14.155647882778911,-2.3984524504374383,-0.08210513228227284,-0.061796441814688075,0.9945536610821026,0.01740581110262786
89.816,-60.7861137171824,-14.322936724108322,-2.406340850602853,-0.06773748514487517,-0.047495828517142,0.9964945647080663,-0.012424245932834702
89.816,-76.84678454926492,-20.581650219026994,-7.152702417944541,-0.05945197268976716,-0.05041652783790143,0.9969227914610822,-0.008281577718589313
89.952,-77.27107732285565,-20.790891440793505,-7.145581733841284,-0.041488546472367376,-0.034599927285189104,0.9972618548991153,-0.050500874315657474
89.952,-61.21541734382988,-14.537534372431942,-2.4035832966276756,-0.04971215458880441,-0.03134970625002554,0.9967880451402572,-0.054401200994468386
90.048,-61.519961686752204,-14.681013813022375,-2.4081120495804007,-0.03671384781676397,-0.02042035270520635,0.9954932312858339,-0.08501958032107539
90.048,-77.57093129811895,-20.92897254342791,-7.146324538626246,-0.0286493198972425,-0.023750597009278916,0.9959934000858682,-0.08131588157623226
90.148,-61.83455871993663,-14.834547039181869,-2.4063476575209304,-0.02291549563434364,-0.00900076125386207,0.992967513124837,-0.11579889565691066
90.148,-77.879872969723,-21.077831503764994,-7.141256398938121,-0.014904349021459137,-0.012576329502387643,0.9934826969996128,-0.11230239124288226
90.248,-62.14225297205341,-14.979629605786407,-2.406818759158653,-0.008030582226427958,0.0008527945309401366,0.9896202655853674,-0.14348000708579475
90.248,-78.18225055636256,-21.218427398380534,-7.138511825184901,-0.00014241956736135808,-0.0029527144530117305,0.9901268233595648,-0.14014326547473938
90.348,-62.43120845818172,-15.108954857080048,-2.4020660119584463,0.006251037087089903,0.008545085313744231,0.9857973808003072,-0.16760498220390332
90.348,-78.47036865465996,-21.345999597674783,-7.131675944696724,0.013937384584741206,0.004581955395345088,0.9862772533766496,-0.16444432026526284
90.448,-78.75416041465108,-21.459976467451384,-7.129779988776672,0.027757341642968003,0.010035141605059505,0.9822974305160402,-0.18498806426217698
90.448,-62.72125020223315,-15.227081419707355,-2.402977575051728,0.020233251512892646,0.01401177834628187,0.981862624138088,-0.18798955535204212
90.548,-78.9511708543066,-21.517018252628827,-7.116478287893084,0.022135132049877534,0.027129091723590536,0.9932269534972873,0.11078929171127129
90.548,-62.92295022189671,-15.284285013324137,-2.3914074635615736,0.013570854311355362,0.028720263941114824,0.9936547453092152,0.10789451087470404
90.648,-63.06549171240328,-15.225625707555954,-2.3324045338480843,-0.03402638182665734,0.005689597964044295,0.9242024286525247,0.3803415631870507
90.648,-79.065073660014,-21.438948183765532,-7.050372879822466,-0.02599917901934921,0.00844999164346727,0.9233118475306853,0.38307684939319664
90.748,-63.25355046702022,-15.289210808466105,-2.43190854558389,-0.04175257359156501,-0.002637738267063559,0.8224342671875002,0.5673196991918005
90.748,-79.21239831011492,-21.467896244117437,-7.113646337614904,-0.0340177043583715,0.0028502614033099004,0.8209961457092967,0.5699122744165094
90.848,-62.86292532161893,-14.84096982970236,-2.2632747547087972,-0.026229102791261904,-0.004082962087760715,0.7330025241424469,0.6797077777899538
90.848,-78.86479838870086,-21.0951853251177,-6.976500506505826,-0.019253865101318192,0.004528342627740729,0.7309907917064201,0.6821006122502217
90.948,-63.15772636040269,-14.81479484512277,-2.3391344925914543,-0.0029595516895550094,-0.022610485906588314,0.6807558794676967,0.732155338402328
90.948,-79.17158568232277,-21.077207734385034,-7.060399291905054,0.0035772147162166316,-0.014684780036497905,0.6785210408910507,0.734425461049846
91.048,-63.76873060097279,-15.321318479345418,-2.433310996887753,0.02732496973620166,-0.03984041186575532,0.6728614699360203,0.7381893590988838
91.048,-79.76972993611645,-21.54530314990479,-7.15260995646119,0.03507250576760257,-0.03542767841373136,0.6702386928736647,0.7404693737869219
91.148,-79.93646695260053,-21.56368152930731,-7.162894519846685,0.04493641919761703,-0.018722902787701952,0.7058982740664786,0.7066383783880301
91.148,-63.948138168418275,-15.345896972159526,-2.4409239742034026,0.03709736720498563,-0.02265334068541597,0.7084268011808733,0.7044445179507642
91.252,-64.13384308298433,-15.349117825483098,-2.38530570761794,0.035610364567054784,0.00556179548726565,0.7824860034398269,0.6216241813082297
91.252,-80.11115709686807,-21.560040107406106,-7.102731371462155,0.04380304366043081,0.008523462930692739,0.7803785120615273,0.6237130925821488
91.348,-64.30250385823427,-15.407535168808998,-2.433991475907826,0.032139035013238636,0.029899129269622536,0.8679300000430739,0.49474300351047507
91.348,-80.26869407684265,-21.615425735117867,-7.151709200871868,0.04100590578939761,0.03137405859213907,0.8662935514730661,0.4968598059956454
91.452,-64.45186634100105,-15.432361598442805,-2.423754490914917,0.031086047519868907,0.04471793765676658,0.9472699164663451,0.31577471250744865
91.452,-80.4054237561292,-21.64030859769736,-7.132753641003461,0.04016100975277762,0.04420720514852052,0.9462165144525404,0.3179734644367029
91.548,-64.56848705190608,-15.405660275008774,-2.3624629974944895,0.02918743081140229,0.05053142032328468,0.9883569713787684,0.14051749560011903
91.548,-80.49516507411819,-21.593819726887705,-7.079935815780893,0.03831098469396961,0.04905755681130747,0.9878093980220194,0.14268222647148301
91.648,-64.69002363992159,-15.397969271533563,-2.3348908568497353,0.026564205316266288,0.05398682855835751,0.9978514102119721,-0.02592929764001401
91.648,-80.5978120566788,-21.577715892120963,-7.052006001955611,0.03541177825125137,0.051108159630709554,0.9977810620307136,-0.023809960796008296
91.748,-64.80106181980044,-15.367297633496683,-2.3067484937056038,0.02248470329142729,0.057601498343398706,0.9865392467791341,-0.1513830243817008
91.748,-80.69279940329817,-21.543352299474247,-7.023485536521608,0.03098928061517584,0.05373091178818851,0.9868347654700117,-0.1493646519934036
91.848,-64.92448353823217,-15.439507579710725,-2.3728430729325414,0.01627308308616779,0.0578338374726565,0.9722369204238221,-0.2261543821703652
91.848,-80.8116580462441,-21.603477585367308,-7.100363444173677,0.02437651124882871,0.05331215763249029,0.9727663230357428,-0.22425271529108678
91.98,-65.42193241656872,-15.753583345613318,-2.2063283149096913,-0.00037199012412209373,0.05070454731368482,0.9639298900654477,-0.26128160582688514
91.98,-81.07132152052145,-21.528988433755224,-6.9116020321841845,0.011569673200460531,0.05203874524962205,0.9642025215809362,-0.259752976945104
92.112,-65.37262008521907,-15.87008719194634,-2.188862134447479,-0.003025597668567535,0.03599016433183161,0.9658239952684072,-0.2566701462848525
92.112,-81.00487891811277,-21.522250000678348,-6.855693441376387,0.010232993839002034,0.03887598053387457,0.9657903497189533,-0.2561892744912693
92.212,-65.31769230724449,-15.27038383171568,-2.082506031365807,0.0011649085399094517,0.03370484832117239,0.9679356610903694,-0.24892404901352932
92.212,-81.08939675636192,-21.431550778448944,-6.812467362555814,0.008905939960620921,0.02768670723538443,0.9686782103685352,-0.2466103307509477
92.316,-65.50715177781277,-15.122004897016375,-2.1219682515601703,-0.002856666986164064,0.02544966112284267,0.9689434110627316,-0.24595288239941618
92.316,-81.2696758151231,-21.308583668912366,-6.8278231745035605,0.005035323929052165,0.019153034289823786,0.9696287995434603,-0.24377817352324768
92.448,-65.65091886422044,-14.946232527463765,-2.160059983506777,-0.007542935360595828,0.01992802010965635,0.9669731655601019,-0.2539859744697152
92.448,-81.39898287561103,-21.102329750004227,-6.8575776759166045,0.0002844160672148942,0.014575166766814498,0.9676940962440984,-0.2517054224992738
92.548,-81.36320202879831,-21.099837158605197,-6.849062918859837,-0.0010387463291384996,0.0100801945041078,0.9648876899582586,-0.2624672483412711
92.548,-65.67594719907325,-14.87519544372789,-2.1583117584525247,-0.009658845786071594,0.016965817979192475,0.9641512392273262,-0.26463419207424643
92.648,-65.7809287396875,-14.64863275423454,-2.129700324451229,-0.012181437219119115,0.018217546561171177,0.9613068305372848,-0.27460683011703874
92.648,-81.43318352215067,-20.84688226520021,-6.822933025701778,-0.0032490139600284216,0.012346654927298552,0.9620137236524492,-0.2727024010248954
92.748,-81.53713458960316,-20.72731965049633,-6.8251166266227505,-0.007511994566592844,0.011360434543180909,0.9601936250227463,-0.27900306975067435
92.748,-65.91036977570744,-14.4985119332151,-2.1362051215687647,-0.016480442502369425,0.0175807584760199,0.9594497416332115,-0.28084783286736953
92.88,-66.02399113473504,-14.400074002793112,-2.13891157874243,-0.019182217263193163,0.013445031802759707,0.9586722393760578,-0.2835468411222122
92.88,-81.58088398749653,-20.689791558295582,-6.8188172198448855,-0.009438802316792238,0.0059875164701360065,0.9594717710244499,-0.28158298823712713
93.012,-66.09845656191986,-14.315910714720689,-2.114719756754692,-0.01818902549147836,0.007132777689704951,0.9590641392945901,-0.2825141758447295
93.012,-81.22324820787713,-21.13176376231099,-6.82159005394674,-0.0033813942898244065,-0.010677991481752656,0.9601119950077929,-0.2793913093006444
93.112,-66.38268426267703,-14.0823072858093,-2.079703403634414,-0.020142210529457392,0.004969308018954114,0.9592434261124657,-0.2818184642510467
93.112,-81.17303752078146,-21.166585855330283,-6.813678166613623,-0.0022167654443067315,-0.016310743024519066,0.960370849117811,-0.27823888617101605
93.212,-66.50004394939128,-13.918712927785469,-2.0598519086144007,-0.01988242864666978,0.0013717174804187928,0.959339479248627,-0.2815502991957873
93.212,-81.19854568027316,-21.122322416890484,-6.80216392823966,-0.0021866409007794967,-0.019603266693833804,0.9604017730976472,-0.27791970921004744
93.312,-66.58900236298572,-13.903612478166723,-2.0384862392612457,-0.018934587210969127,-0.003974811254932915,0.9590327790119734,-0.2826337047544211
93.312,-81.23742710075298,-21.07278213464887,-6.789184294381682,-0.0018336168627425089,-0.022480499030195392,0.9600395527464246,-0.278953978596827
93.412,-81.27256787260663,-21.031877237046984,-6.779784259323241,-0.0008433677397899523,-0.024096536440533178,0.9595062699806651,-0.28065345807635583
93.412,-66.31424099026025,-14.173881054009197,-2.026882230509099,-0.013178975571112302,-0.013523942976377348,0.9585687868319743,-0.28423458354103315
93.512,-67.0840678193391,-13.491169975309493,-1.994924157357676,-0.018343865555235497,0.0046433828654746144,0.9730134811074167,-0.22997110073938182
93.512,-81.30969414667862,-20.97386554892616,-6.7747983306817865,0.002224395675434538,-0.013917106919079816,0.9738409166486158,-0.2267933756966144
93.612,-67.18313039109759,-13.219016318154766,-2.0068373631408125,-0.03979136683223583,-0.005568625744233957,0.9986300812355237,-0.03352011909994568
93.612,-81.31831831576898,-20.87028097874101,-6.768591091069269,-0.015323609176072088,-0.02119082514415016,0.9992080722165101,-0.029989403943635813
93.712,-67.29695879031367,-13.021552103572368,-2.007361881986185,-0.0817368746289564,-0.032012607071547135,0.9897597874932552,0.11256038102138419
93.712,-81.30358285213995,-20.78797981761899,-6.769812492812681,-0.0550759059655951,-0.043834992914329914,0.9906086723280243,0.11721602401881155
93.812,-67.42509377053248,-12.825864051728317,-2.0108266688439533,-0.09807333956739742,-0.04694886274407924,0.975658152653959,0.19044315034413703
93.812,-81.30073731801689,-20.71378481385087,-6.775724566857006,-0.07040598720722899,-0.05659671791961675,0.9765155902120034,0.19559424981068743
93.912,-67.5579034976627,-12.657047131594377,-2.010888063353835,-0.09261206964170236,-0.06493410011008721,0.9745204076129145,0.19369187475351854
93.912,-81.31026899999794,-20.649196473467548,-6.784142054347515,-0.0649519692890478,-0.07438971041484709,0.9749783750841655,0.1991596866539766
94.012,-67.1885702500659,-12.467802124051072,-2.118350835524902,-0.07094802548431152,-0.05833908268485353,0.9854037034217459,0.14332644694568858
94.012,-81.29232373585653,-20.619571299268134,-6.776872583493221,-0.04922808818551761,-0.07148554577178459,0.9851337141230765,0.1482497129082609
94.112,-67.30801328216234,-12.1248595364727,-2.1357075932606806,-0.08696963445091838,-0.036202784225578426,0.9840999712099474,0.1505751897304815
94.112,-81.2389003303581,-20.519334115424705,-6.80556448411478,-0.06317281302228661,-0.04890738296759394,0.984633798590401,0.155285370397697
94.212,-67.90745593215547,-12.09136661682007,-1.9540462773207614,-0.0914883765150011,-0.02542507378730484,0.9892934340218963,0.11082393237348828
94.212,-81.10722404744548,-20.384643335000103,-6.705011278060931,-0.06246788990809692,-0.0346331322089869,0.9908199035946502,0.11477903782709066
94.312,-67.9385122982537,-12.4984371078786,-2.5306624118027385,-0.0791962888426979,-0.007550727819153158,0.9906312499493007,0.11099847281305732
94.312,-81.13792872653748,-20.49098512789822,-6.756499560936292,-0.054302548076936505,-0.015180428520047551,0.9918430627680854,0.11431590747189754
94.412,-67.39494325533373,-11.629280667976307,-2.1781692152339622,-0.08037211985150368,-0.01742395907633735,0.9902431686519334,0.11249531074164988
94.412,-81.10855640390221,-20.359827768295883,-6.792172735475189,-0.059294811880188446,-0.030036914179400524,0.9909745673926801,0.11641011919744339
94.512,-68.04017305525184,-13.631540779531578,-1.9915133659879158,-0.08212566556386616,-0.05051276702122627,0.9876429544103923,0.12355253954113254
94.512,-81.06965689450405,-20.444476175985848,-6.788387850121713,-0.060105166037036195,-0.042790565879276245,0.989195721613776,0.12668133575390134
94.612,-68.16800648368526,-11.79834609680584,-1.9888255362310054,-0.06726836824452577,-0.013744473198644701,0.9902440883655375,0.12125469701135864
94.612,-81.0123280829357,-20.451665785519552,-6.783052965960668,-0.040514197554000084,-0.025445310719170677,0.9910709023313735,0.12445723165424169
94.712,-68.4831986888776,-11.945575311990886,-2.0104620285883747,-0.06376163481979062,-0.0032290591014969674,0.9938295365271048,0.09070214677033263
94.712,-80.94591476611063,-20.49333020055642,-6.795709486243995,-0.03398219512026583,-0.012290227812957641,0.9949298873900312,0.09385456778001638
94.812,-68.6708146270036,-12.211270710176366,-2.012421614346078,-0.07075714693039187,-0.00028275551918075886,0.9973122313237863,0.01901734628064714
94.812,-80.89799987324476,-20.531145837772492,-6.786214653594294,-0.04176204306811884,-0.006833756860658691,0.9988609631259789,0.02204558615658767
94.912,-69.06089588584224,-11.89364125748772,-2.0776187054311452,-0.09852848376522315,0.027725630655997195,0.9947474534061397,-0.000965004483603243
94.912,-80.68585021107023,-20.40246453745171,-6.724608928064791,-0.06336722334897407,0.020645384298116767,0.9977741772313582,0.002248190941761451
95.012,-69.78930185957554,-12.03239373911698,-2.418576856915675,-0.14655313251277327,0.03749634436081444,0.9884781331636848,-0.005213805472535887
95.012,-80.5704395580079,-20.329070447829565,-6.698404998563721,-0.1051811201084695,0.03490031742877345,0.9938380067637724,-0.0022172342931126923
95.116,-69.22809090312954,-11.927494527225637,-2.5515942383775974,-0.18515180094979056,0.06234799526039583,0.9806785637192136,-0.010054489230146516
95.116,-80.47387596966645,-20.29872654537271,-6.653110906989811,-0.15317149118608447,0.059457073082514175,0.9863798984360137,-0.007618839127525345
95.216,-70.01054845303585,-12.069505520663004,-2.008656024862037,-0.22489474187719893,0.10653102423172763,0.9683143506451787,-0.020995577789935063
95.216,-80.3768590091086,-20.27417133430556,-6.616504548740967,-0.184741292132606,0.10631165062810696,0.9768029412953473,-0.020603441427605496
95.348,-70.41055042109113,-12.235460866906918,-2.4812998410085934,-0.19057765661680465,0.18986883145981137,0.9626189585069344,-0.03153925112551241
95.348,-80.52459629606648,-20.427752764912345,-6.5129843766849875,-0.15608836330731357,0.18757937192991264,0.9691520091157518,-0.03456566639492408
95.448,-69.82825330905051,-12.273015963932941,-2.7718111374237164,-0.1037927821911554,0.24526063124181147,0.9618174403803501,-0.06309906899534433
95.448,-80.43185574038715,-20.42538784087472,-6.53957305953781,-0.07647048020174108,0.24260228376764834,0.9648194634075667,-0.06648158089554872
95.548,-69.49716293733454,-11.814754913923595,-2.716348425498264,-0.027872915193608974,0.21290832051532657,0.9698622738001608,-0.11515345202439639
95.548,-80.36057260974309,-20.05157609841335,-6.948023480482271,-0.002978895675136754,0.21264102511139413,0.9701396689933116,-0.1166359432837059
95.648,-70.1080471266937,-12.584407818321342,-2.633725252202026,-0.01881332651767515,0.19635545637465088,0.9708835232411085,-0.1359256333300446
95.648,-80.0535652048615,-20.147785934896365,-6.948266088032883,0.015671553060449556,0.20073575073796524,0.9698192652081544,-0.13751419429082407
95.748,-69.63306226898023,-11.530013240445982,-2.5412499453132162,-0.045463728182634285,0.14886792344249186,0.9793739557255812,-0.12883340264109763
95.748,-79.9589695135174,-20.137456176988064,-7.058990760216099,-0.01734913191837613,0.1439909567953967,0.9810142506560047,-0.12875034754385323
95.848,-69.92155627101621,-10.866206048817377,-2.4354209026301765,-0.06704784521680837,0.08931300932080544,0.9860137500859654,-0.12371199399919304
95.848,-80.11744094503165,-20.56487210960267,-7.084138741449923,-0.04163489196834788,0.07035134746121488,0.9890345627683758,-0.12299535491531109
95.948,-70.09277374655429,-10.829777573341268,-2.535508920783644,-0.008428906173214054,0.11145565263971971,0.9869298323131834,-0.1160865932209612
95.948,-79.96417083486214,-20.64174851754957,-7.1599085403504095,0.01976552574441208,0.09277866112574519,0.9885994025886019,-0.11693017246724997
96.048,-79.95351704635752,-20.86361498966641,-7.335924984273034,0.05350748782576197,0.18656599294361273,0.9752543299162619,-0.10587290023005376
96.048,-70.24599817703158,-10.790523556698115,-2.699022259747554,0.0262970446252504,0.20722070889488928,0.9727091946938781,-0.10101913584596015
96.124,-80.00333365793591,-20.464945808346663,-7.660921766074229,0.09196124708606336,0.22096705677306336,0.9640251400223959,-0.1156383079270268
96.124,-71.39713177997457,-13.121701200943106,-2.9435831715733873,0.051645148001953946,0.2108981761811849,0.9685283626394988,-0.12168627175716236
96.248,-71.91367955505895,-14.20153171585591,-1.9660223424390346,0.06519277011534644,-0.00035114778517041464,0.9873694542874135,-0.14439993130225443
96.248,-79.97198464210395,-20.423190211116182,-8.00012096276783,0.10859679948126746,0.021629671643558588,0.9861022579784396,-0.1238597160372982
96.348,-70.83663566604812,-10.745678964009269,-3.246887882855237,-0.03152287392035139,-0.04652372502391127,0.9901608354864267,-0.1281537018525901
96.348,-79.7033751528412,-20.557062807891327,-8.083462490683038,-0.004660556690011167,-0.06429652363783409,0.9905539013052126,-0.12102563723629794
96.448,-70.94265620838092,-11.782482219698581,-3.518102815701206,-0.03748835477425138,-0.061497493322554504,0.9913134981517663,-0.11004648996433453
96.448,-79.67677255583021,-20.925274270654683,-8.304675922906927,-0.010129726880345151,-0.07421842026564807,0.9919475983743907,-0.10212236192861794
96.548,-71.29512263156148,-12.236305331618437,-3.676960119318694,-0.048272822529409114,-0.07163801845131725,0.9921577274027847,-0.09033699614418438
96.548,-79.77634360044405,-20.703061181432343,-8.498040501299691,-0.021882785913933597,-0.07406932072259292,0.9935419673427395,-0.08312182948574692
96.648,-71.51155151713569,-10.02229517179402,-3.7625680595849547,-0.07191815136806218,-0.06529648163776433,0.991847104037474,-0.08248315708073842
96.648,-79.5243294515262,-20.527795676016392,-8.690362217164761,-0.040888439752107375,-0.08628979799209699,0.9927821918244656,-0.07256532128593923
96.748,-79.748956941962,-20.09387969094002,-8.841353055038063,-0.08577212885881988,-0.11193597165947647,0.9868137530090959,-0.07944870692325993
96.748,-71.2859428925573,-11.044713920154141,-4.086176342585902,-0.1082284338627498,-0.11189701326825344,0.983846849038786,-0.08838010048485637
96.848,-71.87964601292074,-11.668686260480143,-4.210298654230987,-0.1373808084112418,-0.12101943053402237,0.9785907387688529,-0.09402646919524991
96.848,-79.63563313898143,-20.60020779133565,-9.046281042905632,-0.11033682636740161,-0.12421393149185911,0.9825098023003916,-0.08409026313522298
96.948,-71.7757993703228,-10.696263104587391,-4.3602436996721785,-0.1386970098309149,-0.10340709445365999,0.984391223715066,-0.032311467830631976
96.948,-79.54462129607096,-20.32344878796379,-9.154519242715832,-0.11260581979344607,-0.10844794634486994,0.9874512613238009,-0.022337833204245344
97.048,-72.1091833221827,-9.529535896245237,-4.354882343967542,-0.12269817864207906,-0.0973754671929319,0.9874766106673134,0.0187914536923004
97.048,-79.44005313597113,-20.397390111451465,-9.287728145174103,-0.09134479602739257,-0.11200145605575952,0.9889908287594074,0.03176385854842945
97.148,-73.02252279105727,-9.321654060559712,-4.271509141499667,-0.0997204603696542,-0.08884359642505232,0.9869231094857732,0.09025198679729703
97.148,-79.13340662906865,-21.737276555309947,-9.152586024459584,-0.05257467159232702,-0.12136799258763212,0.9851216413326761,0.10973179147458521
97.248,-79.69216408068074,-21.958607169655828,-9.210052043535235,-0.07949318088055297,-0.12617707006613474,0.9770825716733733,0.15188755483964086
97.248,-73.93847489115484,-9.271129998786357,-4.125057263626589,-0.12433395254810535,-0.09552770216477083,0.9786834626067682,0.13264315430097032
97.348,-72.46749702009039,-8.918990352295413,-4.658546186861049,-0.22995854996326412,-0.1502144506708946,0.9495917586841202,0.15109657821285769
97.348,-79.62318569531544,-22.286475075793128,-9.226829694044019,-0.20150277957301357,-0.18346367876982975,0.9460447602218555,0.17531976515316824
97.48,-73.18135674851678,-9.330230458601076,-5.0206805488003265,-0.31134286451206933,-0.17630049511320123,0.9171725766144735,0.17543722765316117
97.48,-79.96315251402568,-22.185093306742836,-9.43928113140195,-0.2865726614623611,-0.1974300918344323,0.9159403469385503,0.19987683555308455
97.616,-74.13830876410874,-9.589925301149565,-5.078112976754225,-0.3270446981043139,-0.14498747943222573,0.9176880251518883,0.1728267477636935
97.616,-79.87759643894107,-20.78987194289882,-10.02096870973538,-0.3009977791776939,-0.13849591641596715,0.924036189931958,0.19072581828957516
97.748,-73.01178722613687,-8.433293127540594,-5.422420482987409,-0.2532573328500496,-0.10652880937186546,0.9499952307169341,0.1483960840001211
97.748,-81.0691398055196,-20.076482131138594,-9.883574536857372,-0.25487913623196373,-0.10414787288043835,0.9474478361723189,0.16288782710969837
97.848,-74.06905560120327,-8.23621841477527,-5.604565632890203,-0.21894468908623232,-0.04361908531267546,0.9657747726778609,0.13205940699717225
97.848,-79.36726727354505,-19.51840871307729,-10.340371531669415,-0.18727359289292078,-0.030958520756233794,0.9706779266380426,0.14749418339457712
97.98,-75.43385578101793,-9.829051539837739,-5.994011817637176,-0.1377537703312415,0.0034959337599707,0.9862766447470791,0.0909398550313195
97.98,-78.72407458307585,-19.53536083240894,-10.707152322622006,-0.09097162147109167,0.027869304185094902,0.989785826944429,0.10616723953787248
98.116,-74.85128264988064,-9.37728002576225,-6.414070837053189,-0.1008735426948228,0.044449924106976006,0.9925176702065805,0.0525110174990094
98.116,-79.06321877909704,-19.38329042678545,-11.025695086708758,-0.06645353320528352,0.06342649094091075,0.9935294182563923,0.06678550164947337
98.248,-76.24702688214695,-7.382659901072975,-6.367678796683979,-0.135419993969849,0.08209703025269201,0.9872937155540258,0.013138572389005532
98.248,-78.25489588559346,-18.593034841496163,-11.103893554309934,-0.08212749860130875,0.09454324313610181,0.9918422403938256,0.023782752602606386
98.348,-76.44208393759232,-8.71170809237904,-6.668693728451087,-0.12956127261878897,0.11618774786744611,0.9830682230300407,-0.05736856936902607
98.348,-79.21539428687855,-17.84188852035863,-11.11569176697609,-0.08861797769532641,0.14507334993232532,0.9843506059659997,-0.04641617932330441
98.448,-79.58416297286364,-17.723931903358434,-11.311013766089841,-0.05059464447934998,0.23453511037221036,0.9676782611251403,-0.07766754082966798
98.448,-77.69038319585478,-10.077190959825476,-6.706259701253036,-0.09445259849010036,0.19863290093371172,0.9715760390054954,-0.08754243391360748
98.548,-78.79707807603353,-18.988960244236537,-11.971796652531145,-0.03456146914666772,0.1957483292042425,0.9794173008174175,-0.03506917911351235
98.548,-77.26426221383741,-7.949280290733245,-7.0722353518868495,-0.0779056855544212,0.19154556094039818,0.9777332966109815,-0.035757557810152316
98.652,-77.70027412385434,-12.627299120276845,-7.211782293562971,-0.05782123088500425,0.0960965243089917,0.9934122212445042,-0.023544042913964645
98.652,-78.4959585483268,-21.031981211133363,-12.366709111242132,-0.010990643185642916,0.10991075936881184,0.9937573315052802,-0.015658761663733867
98.78,-80.71373553336399,-9.790874315854825,-7.433480021928772,0.04621078161423442,0.1281891761272099,0.9901822292036526,-0.03116491225262674
98.78,-79.14036361828312,-22.024095376012735,-12.736031833104526,0.09934871263591923,0.1079884868472537,0.9884205916761061,-0.03864005637524706
98.912,-82.25916289992247,-7.867074939348331,-7.631917406743878,0.07510078612966556,0.1925738844016866,0.9753942773547092,-0.07668881713024975
98.912,-78.60010269254118,-20.915479189487943,-13.334777603912224,0.14259915606873028,0.17191445052423185,0.9708998627248285,-0.0863965216333776
99.012,-84.74972830876062,-11.740789928269416,-7.897803044258576,0.003154634266951786,0.07518265192418316,0.9928336537641794,-0.0928383169039523
99.012,-78.2656146902157,-19.442854364243765,-13.713839446636209,0.09305465268724805,0.0992868426187431,0.9880147350161949,-0.0728686344522459
99.112,-85.08342346593359,-10.534537463032624,-8.268329157003539,0.009534533787512869,-0.04786569758001286,0.9949691359696777,-0.08748934865677503
99.112,-78.09073123302645,-19.315130530510306,-14.131972834156805,0.09005520968353256,-0.031879848606089035,0.993585320556561,-0.060514008594902066
99.212,-78.37745433907915,-10.448570220603882,-9.252649956203204,-0.008537479345396469,-0.09826155678935777,0.993706055754331,-0.05310416801842598
99.212,-78.62076928656701,-20.301299632615844,-14.552251057354669,0.006203440751741646,-0.0913143307793239,0.9952197806100113,-0.034070494562377186
99.312,-78.42954671490288,-19.913140846926858,-14.911758452464097,-0.0063069661456737055,-0.08657235707383588,0.9960627882276057,-0.018010304743827407
99.312,-79.48410977329789,-9.434069516990967,-9.625834712807166,-0.030716555699997147,-0.08775446316494674,0.9950063251646781,-0.03630509995639554
99.408,-78.37955772602912,-19.460521758027912,-15.229027655988064,-0.030751200130388363,-0.08879612867976777,0.9954722099000932,-0.014307010122725214
99.408,-79.84035847112644,-8.931807403364537,-9.941027413675467,-0.05661551607480707,-0.0931525103538056,0.9934979282987464,-0.03285056499463124
99.512,-79.07525191954637,-9.142473966662145,-10.285808484379086,-0.08635994126455068,-0.08079722840420746,0.9925254161442625,-0.030117548616056644
99.512,-78.00840690986014,-19.83127304146607,-15.61898177905032,-0.06387861712118129,-0.07854957851641249,0.9947858697641815,-0.012270261085273808
99.612,-79.56354066893239,-8.940946533008765,-10.607259935589305,-0.12940747765837862,-0.046620273129823364,0.9904225144680361,-0.011979052308491209
99.612,-78.4322200209324,-19.72863387821445,-15.934176802168233,-0.11021731933906712,-0.04365516626795141,0.9929375886986969,0.004616700666625638
99.684,-79.50259492488378,-8.944597989061625,-10.837807410156078,-0.14827131421449874,-0.02695092701804877,0.9885758297136817,0.0026634225873947122
99.684,-78.02527011322339,-20.271149948978916,-16.199515235973003,-0.12537222970696874,-0.029463452521386397,0.9914770364063058,0.019672195169628925
99.812,-80.30835948392439,-7.102453808963959,-11.208145139766051,-0.1817871902240176,-0.00915614775541621,0.9828939181016554,0.028091425515882656
99.812,-76.93306624681378,-19.775835394740668,-16.651586716235876,-0.14125097268566741,-0.015356760099013381,0.9887240119170015,0.047298635216709094
99.912,-80.32187729095969,-6.593737190944953,-11.52930663393899,-0.19770372874172337,0.006970434577984246,0.9796618479334304,0.033575472998449096
99.912,-76.82777625140912,-18.74701432377501,-16.9789223103227,-0.15906246424185982,0.01199625669058989,0.9860913949722239,0.04667957858051146
100.012,-80.28703621224734,-6.408907817406231,-11.88252582750483,-0.21563116113776973,0.0057607666204886766,0.975444826499569,0.044468037617454145
100.012,-77.07338228218309,-18.009258531385946,-17.310443384397004,-0.18462696935655068,0.019187464651424416,0.9811250828995799,0.05420604294502712
100.112,-79.37244357840162,-6.750431670824328,-12.258971613368226,-0.23509432920587597,-0.010894537342456379,0.9702204308962691,0.0573086459689187
100.112,-76.65909775215032,-18.47388424575852,-17.740771761753674,-0.20909641585251645,-0.0002538459346025646,0.975507891392154,0.06828600348172822
100.212,-79.00365592019645,-6.182015570901545,-12.574361096376208,-0.2560965107488115,-0.0157657863076461,0.9632610979350297,0.07933520258615756
100.212,-76.14726687043535,-17.938722124479142,-18.088671687174582,-0.22937035572745945,-0.0018494287272645031,0.9691928425625942,0.0897276626926176
100.312,-79.5091108256431,-5.2811293755958415,-12.900085607140527,-0.27926123254329993,-0.011786013944756507,0.9558810351178112,0.09036426603360943
100.312,-75.7368243663716,-17.93525894234328,-18.472538728065324,-0.24594640147002,-0.0027292901222878453,0.9639019665555197,0.10196037195782551
100.412,-78.89145209084957,-5.197464204466808,-13.224164290957575,-0.28748269230575507,-0.011740837615977114,0.9535562230935873,0.08914249130578872
100.412,-75.89875778756102,-17.03256902469277,-18.777278276886555,-0.2642931346502513,0.00771266199738894,0.9594130489308672,0.09806250742682268
100.512,-80.4957855902763,-5.743475654388299,-13.654858880156617,-0.302480649820737,-0.012440977482343232,0.9481465982004766,0.09679208068934393
100.512,-75.3996361583905,-19.257210101885814,-19.304059277117283,-0.2633648728286819,-0.014137234739898238,0.9583900196251146,0.10921379325347991
100.612,-79.78118967468761,-5.631327138112214,-14.015146260639295,-0.3048230222130762,-0.011279648371456692,0.9472718195247668,0.09814170670892407
100.612,-74.93354555070628,-19.121805570068776,-19.69223300418694,-0.2688980522625942,-0.009278521199099284,0.9568194212257894,0.110019733224937
100.712,-80.93238785148029,-5.631014046150495,-14.380735881315548,-0.3155130012325193,-0.012397510723030646,0.9435237340262814,0.10030359470240076
100.712,-74.39497043557321,-18.53140009655076,-20.058468596277084,-0.27104759051072325,-0.0005107560733707022,0.9560621020771732,0.11170586277515449
100.812,-81.48213808646813,-5.803796839548538,-14.744991725643475,-0.31822539923693854,-0.015229392454100104,0.942316376893829,0.1026669699740741
100.812,-74.57921030142566,-19.785557466958448,-20.498023290580985,-0.27519086616512095,-0.015430345153736265,0.9545423818804437,0.11349331619851669
100.912,-81.70409651187569,-5.912062965597592,-15.114153853690539,-0.31191992715231986,-0.017662209659896146,0.9442391099274774,0.10395435863198157
100.912,-74.5152597581116,-20.81580553543341,-20.902101640858906,-0.2697076943759549,-0.027575060698112934,0.9556437054602543,0.11507599157120812
101.012,-81.63003829096876,-6.011229833332473,-15.494300754204481,-0.2956642974380615,-0.01996314473007102,0.9492308102097244,0.10556971640358707
101.012,-74.31054446754656,-21.001999152428912,-21.314977157429144,-0.25543546487788443,-0.02873402904779882,0.959319808362675,0.11675865766742909
101.112,-80.94001839960758,-5.921299486041422,-15.866650286435851,-0.2712729013234859,-0.02018079813989332,0.9562876592824266,0.10732036665103459
101.112,-74.09643395356402,-20.756369813079246,-21.730709361723797,-0.2371860859829422,-0.024644030358077346,0.963863585168161,0.11875361708420457
101.212,-82.1541914853006,-5.717289258717234,-16.237078590622602,-0.260119467385245,-0.022954786995422288,0.959055252197573,0.1096538356532086
101.212,-74.22623549306286,-20.155878441124685,-22.131238890717917,-0.22232779133030445,-0.01910512836655927,0.9669523613672457,0.12332265857738241
101.312,-80.54277736329432,-5.844329632837606,-16.599810055884582,-0.23209490177369504,-0.028236341915553215,0.9656677808181569,0.11322721693843439
101.312,-73.75654860971277,-20.159306139587695,-22.548292281718805,-0.20420644846225255,-0.02226533581041282,0.9704780865658028,0.1263972496665223
101.412,-80.94601479405328,-5.8353235209871315,-16.978425849683564,-0.21885191076349447,-0.030823178288279723,0.9689264020412459,0.11106484710646537
101.412,-73.387457433805,-20.398375307922954,-22.96554889684448,-0.18688965704978305,-0.026542372942126243,0.9741324359502309,0.12423266782970112
101.512,-80.4733749615046,-5.581395961618256,-17.324192024124805,-0.19913015316234314,-0.030332967235228537,0.9740549955628574,0.10316956343462068
101.512,-72.90591978291468,-20.484269310740956,-23.383564994660652,-0.16774945450158624,-0.02772312791827536,0.9786147718710674,0.115778568692942
101.612,-80.447361576631,-4.548144488939794,-17.63721123227917,-0.17855688487376237,-0.013661146419564698,0.979304867518646,0.09430158215517202
101.612,-71.98913455536578,-20.207817716315855,-23.77150070514038,-0.13946084530084107,-0.013267201122344223,0.9843805275833497,0.10662847141866298
101.712,-80.898016656013,-3.939407893217275,-17.97266095645234,-0.16942398822527754,-0.010533821346910778,0.981227529963487,0.09152641839068452
101.712,-71.74197260787962,-19.02832432335961,-24.098121002066122,-0.12846656690782884,0.0016407287712051888,0.9857282123817579,0.10878207807667514
101.812,-82.21267743982357,-4.352900395079652,-18.36025137222769,-0.18478657485684225,-0.007293952211460028,0.9788150998304203,0.087873319942849
101.812,-71.63553412644349,-20.29539192705856,-24.572471438385755,-0.13835588246571223,-0.00456284755403223,0.9851356353572344,0.10170845667215242
101.912,-82.81399309783734,-5.5612142303478755,-18.764014632901855,-0.19314016236226933,-0.0011465189610638405,0.9771635010104065,0.08858360723087384
101.912,-71.55526380998356,-22.551823727547376,-25.030414463142343,-0.14691650121685673,-0.012267726102882858,0.984344312094012,0.09659875679649507
102.016,-81.52741768774594,-4.6133557686813695,-19.10370843329888,-0.19367138583638963,0.019081130346174764,0.9758277814757294,0.09943563583082668
102.016,-70.77699471120162,-22.092063429090715,-25.452375959207497,-0.1509359049799167,0.010413734189468653,0.9827536093840155,0.10632614904535309
102.116,-82.09431166704954,-4.4102201157017475,-19.448438601495027,-0.20659115834182576,0.022038901132982222,0.9739426064691975,0.09094052691632751
102.116,-70.43820334745364,-22.027469812028418,-25.857351905128013,-0.16082100567187319,0.015722104282041512,0.9818937234027801,0.09886422767541664
102.248,-69.91071777742054,-22.38458460640861,-26.41574213792651,-0.12878978555541526,0.0355266148127255,0.9888202301840823,0.06622388659114738
102.248,-83.9587793178117,-5.5820794452961575,-19.948221757253,-0.18474462301449424,0.03481657321537042,0.980555164343726,0.05629209691972676
102.348,-84.92518301456553,-5.027010334721799,-20.2758833308317,-0.12110539685254208,0.07734062273366192,0.989089052938237,0.03247701165592575
102.348,-68.58077521457194,-21.575945911466725,-26.797149603809093,-0.0510567590489987,0.08295083287614381,0.9943022185072624,0.04330663866086346
102.452,-85.2034867972617,-3.7993857023455773,-20.657979610634637,-0.04425049830491864,0.116043339722307,0.9921645298053468,-0.013615524301141034
102.452,-68.03484286018781,-21.75380986809393,-27.26912900634991,0.02743151044965705,0.11020620442736738,0.9935027249660465,-0.007378361959396403
102.548,-86.96732105775342,-4.7298495985657,-20.913532117025625,-0.039556698328052774,0.05321533523367361,0.9973372526773749,-0.030361161626282555
102.548,-70.29371757357558,-19.261038205790648,-27.50969608711219,0.017153443054419563,0.07889135183709434,0.9966903120401417,-0.009504519031481863
102.656,-90.22488125828338,-3.128249664001009,-20.929944590733072,-0.051709652892333806,-0.0008942566332494974,0.9984013088132386,-0.022806548683230347
102.656,-69.37896957125372,-19.30153767713313,-28.022283325866063,0.026586822141265863,0.013740755629732067,0.9995518393271903,-0.0006730681865726154
102.752,-84.06795749225468,-4.4763606933611495,-21.835256845209095,-0.008794079271267784,-0.025782401157706206,0.9995591574794128,-0.011807737266729746
102.752,-67.07409246747991,-22.778881003762812,-28.649613507059204,0.04370746159741616,-0.03204779187001075,0.9985253564614952,0.003115981452244684
102.848,-66.58836878918409,-23.084822672253694,-29.061393385995988,0.04707988209243904,-0.022062900533689988,0.9977807407277148,0.0415969536751836
102.848,-85.97118001074378,-6.215584676489369,-22.23518138208328,-0.015342250521139942,-0.024996169275526423,0.9992891835463069,0.023684056195066097
102.948,-89.31616004528695,-2.1276966999917217,-22.078209465972144,-0.05681027430680257,-0.014605872289496441,0.9933308980731829,0.09926221920233642
102.948,-67.00194121756093,-27.280369389233762,-29.523964787064884,0.02160586529439772,-0.06582478188955064,0.9925938861043954,0.09978808517176813
103.048,-62.48753571145876,-28.657868114871967,-29.921269680603615,-0.003913331801443314,-0.09950199364315494,0.9880849156901474,0.11735518088624698
103.048,-93.06953614261607,-2.7015034494380887,-22.059969493980553,-0.14412828718507983,-0.05221639463037191,0.9829801689400388,0.10124461682239372
103.148,-61.6016400203343,-29.490747626808588,-30.328454447353714,-0.059686712568126396,-0.09240481060381443,0.986996253421655,0.1172059855625941
103.148,-93.14151227006036,-1.860266124132289,-22.249740482292307,-0.19456306547440394,-0.04201100504875662,0.9748589327260261,0.10015163649321769
103.248,-89.24893186970877,-1.9871796794577703,-23.141133333230428,-0.22098571456383603,-0.021879252990329754,0.969117823567493,0.10722525957581747
103.248,-60.70085173688537,-30.335680112369886,-30.731182184921494,-0.11644419046101644,-0.07219368532411102,0.9828094719735991,0.123751218604816
103.348,-93.70268012780153,-4.840809120337781,-23.262305486838635,-0.28884896732652504,-0.0022221279675238856,0.9520180665761971,0.10110854135143815
103.348,-59.780662747637486,-31.195147126238606,-31.143294921540935,-0.16256380174095011,-0.035088941307241155,0.9791268751048949,0.11684322406023291
103.448,-58.85043285964607,-32.0693919016571,-31.562289790760143,-0.21639705102549592,-0.00635933367367708,0.9694585264502437,0.11524773609758233
103.448,-92.28469098794999,-3.2776611889473157,-23.71342332019053,-0.32843113684918407,0.03594424808915687,0.9387227015082777,0.09818701059844186
103.548,-57.90648841591903,-32.961916389231355,-31.998175803983873,-0.2619248926729348,0.0052406933311859565,0.957993189235984,0.11669162398882071
103.548,-89.89660113428786,-3.8303873950340974,-24.242768313132785,-0.3572332653341194,0.04591761593813185,0.9276996454345627,0.09823102639119499
103.648,-56.94182785409758,-33.8727526728788,-32.45062033980181,-0.28449387255423186,0.010297982094772442,0.9512397643484017,0.11874383675066943
103.648,-90.84688541068572,-1.819968149917454,-24.427511040426957,-0.38497864208585,0.06221649422297411,0.9158655118741544,0.0954511243717483
103.748,-92.25732266656277,-2.520982966870854,-24.76195824352576,-0.39330764439038685,0.05896598276413597,0.9121257600936202,0.09929102433946499
103.748,-61.136117394000884,-27.761096257338334,-32.603746683857395,-0.3355381789876799,0.06799750196054191,0.9347168370546242,0.09536720974924758
103.848,-90.31468720396396,-2.698002190126538,-25.26747532148186,-0.36775629103099367,0.0595074249318637,0.922354217592553,0.10235660249507679
103.848,-59.38680099250991,-30.153516217049614,-33.18560431324413,-0.31078745191208523,0.051432571623079036,0.9432346183631941,0.10523452395231321
103.948,-90.12747589653344,-4.5560575954095865,-25.73203167108471,-0.34177511261876525,0.050050511137252084,0.9319998995966946,0.10982215569310949
103.948,-59.84806145638694,-32.409649022588574,-33.682157207748446,-0.2950211777131905,0.03524498854536066,0.9477911181034329,0.11581144989768567
104.048,-91.47196000212145,-0.9635352979557488,-25.822856378135985,-0.32874127762503463,0.06720138943027482,0.9355150048428811,0.11056591408713931
104.048,-59.77470575905801,-30.134070831487435,-34.01467226838814,-0.2771068171780671,0.055855528030249534,0.9522616317803037,0.11528120619171542
104.148,-91.1356750002143,-3.2256365880911066,-26.42554136168714,-0.31121652332565386,0.03302268686161106,0.9431365913227593,0.1120140521078472
104.148,-58.73077230062097,-30.807442025737252,-34.51008998776389,-0.25810894385707717,0.03351732702043599,0.9584231595352986,0.11696755600064884
104.248,-58.33601376071591,-31.433481524470153,-34.98110486668559,-0.2309181299559788,0.020036327313023534,0.9637539884626822,0.13211212119904614
104.248,-88.77414522840934,-3.7741474122814207,-26.791902181112253,-0.268454239626206,0.02049739577516823,0.9545733998539604,0.12767851144340203
104.38,-91.30900475189928,-3.4682275901832416,-27.323765453144105,-0.24391687683002838,0.012440537945791984,0.960497102550701,0.1333982991076433
104.38,-58.2426927624359,-31.54504929145099,-35.55427212619249,-0.1969492003655072,0.0132133717502896,0.970465137475702,0.13868610682632557
104.48,-89.6787145614393,-3.9489642884397735,-27.716802763781015,-0.21606518973817795,-0.008666647946180928,0.966276784085374,0.13982095527641736
104.48,-57.85404255489969,-32.44572429552416,-36.044466148649434,-0.17893517497908623,-0.010089553953154341,0.9731991832759204,0.14409633488507584
104.612,-88.83709680559025,-3.8112003838938118,-28.213746712041583,-0.183328612171805,-0.023566961623517225,0.9717271127150969,0.14690689804558774
104.612,-58.59207969040026,-31.923146581576407,-36.54396271570383,-0.16072736197866352,-0.01966104507062082,0.9749028955089415,0.15278907927725963
104.712,-89.55125586623396,-3.018527935889784,-28.521743276113757,-0.16794741807649738,-0.031043815915044227,0.9741185897592392,0.14806390289446802
104.712,-56.81085507696314,-32.94384666073481,-37.0890452126827,-0.1290375741969524,-0.036882580246586236,0.9795911936938259,0.14963312787356112
104.812,-89.69245473306573,-3.027301373610603,-28.891845081345384,-0.1549913763578584,-0.03887455149906934,0.9758881626768784,0.148690068422842
104.812,-55.81279401507169,-32.902262623541795,-37.542749376972075,-0.11149505052458802,-0.039698243273927646,0.9809383510567788,0.1541196113915792
104.912,-90.87763238435484,-3.4951976957713997,-29.28489611111013,-0.15036877380464045,-0.04468306386778899,0.9764002425632252,0.1484426555621771
104.912,-54.43271404586817,-33.76551807110297,-38.03996103863247,-0.09508235839367694,-0.045401922311975665,0.982227172778311,0.15533123198056376
105.012,-89.64969986240881,-4.074501252520351,-29.661039248166173,-0.1480155610846803,-0.05148026507836297,0.9759701713987843,0.15140475727029312
105.012,-54.52202867994066,-35.11470638326887,-38.51306281299104,-0.1044790790582028,-0.057826113711557776,0.9808406129632816,0.15392191063647093
105.112,-91.65865834785531,-6.7619997458969,-30.130182506158334,-0.16464798688279023,-0.06827040546379334,0.9739805212654331,0.1399719127138337
105.112,-53.66435599408931,-37.93267147139087,-39.05942631519212,-0.10994485831576324,-0.07937880655804462,0.9803665426265514,0.14315228009993253
105.184,-90.85029027214962,-3.624275940333071,-30.240480930827836,-0.17517101687593842,-0.046745874752219516,0.9720534779373693,0.14913743349730862
105.184,-52.559430637954144,-37.00432837590757,-39.37623926437762,-0.11764099634213426,-0.06278160348804715,0.979788701908841,0.1491079000418418
105.312,-90.49010985937531,-4.77843444742057,-30.774957248303245,-0.17644124820472346,-0.05726050617962749,0.9721162235798392,0.14345650287416156
105.312,-51.92963379659396,-37.8723666904948,-39.97251006787303,-0.12342368057239664,-0.06918140081887143,0.979266338999018,0.144975743344058
105.416,-91.11668430985485,-5.586855318242873,-31.203531458660624,-0.17655619304918385,-0.07979724137716238,0.9707816041429359,0.14157467295474288
105.416,-51.19468740264037,-38.54468331578045,-40.472519488301074,-0.12128749427755987,-0.08830259164859168,0.9779389317007611,0.14535281869983552
105.548,-49.26030049563762,-37.818525363517395,-41.06963536171067,-0.09566065411676915,-0.0786240767661517,0.9805127988205526,0.15251867149863538
105.548,-92.41688807891512,-2.7948238478322063,-31.437140559681342,-0.16573166234424225,-0.06826918753992071,0.972614129292301,0.1479665152331176
105.68,-90.61316326493399,-3.037359735488735,-31.967461742819072,-0.1418233551878173,-0.0521985172944627,0.9768821321742736,0.15120433378106368
105.68,-50.58035336406945,-37.45614572356183,-41.549362694271345,-0.09917846597212769,-0.0550219468660684,0.9818301786890902,0.15213716661563148
105.812,-90.35957230434236,-3.0389105607945113,-32.44604556811939,-0.14083914209794438,-0.02798519530122451,0.9804445926889529,0.13457178591391572
105.812,-49.13594740743414,-35.72564725084994,-42.02535903638479,-0.09558983855215361,-0.016275223881900548,0.985847348287632,0.136757836073154
105.884,-47.707342016393895,-36.9464097388167,-42.46066531350223,-0.0889395188404467,-0.016133033707772575,0.98738129901246,0.1300294488655586
105.884,-91.31174787864137,-2.570609059997688,-32.655558001009275,-0.14560294662161316,-0.018265713569896147,0.9808180831053528,0.12830445626098666
106.012,-92.58453023005423,-8.846580887919405,-33.41037454938605,-0.15266164078742467,-0.03344926023823716,0.9807218397407169,0.11730406419723814
106.012,-47.5457308921725,-44.15456061549341,-43.32054166010657,-0.09706063212320341,-0.04892931621202073,0.987010687888899,0.11830070878887762
106.112,-90.91793394788698,-8.179332980025585,-33.77266986138829,-0.14125696014766045,0.00015098005400477252,0.9835050142508942,0.11297935810675426
106.112,-46.35629806858756,-43.880275077944795,-43.79011942062864,-0.09057206522675439,-0.013094172894691107,0.9895232268226372,0.11166479846075097
106.212,-91.26794374828674,-5.9215489597033795,-34.04255310932836,-0.15214884594932274,0.039421856051640475,0.9823931597191462,0.10099666172089582
106.212,-45.54976210413315,-44.76543686461199,-44.266930152066514,-0.0985760258718534,0.012237978653106614,0.9903176930258709,0.09697353186161117
106.316,-91.86715094592782,-8.902659430024222,-34.50165972647666,-0.13096509523406136,0.07415631938834488,0.9857883627925114,0.07463436144275021
106.316,-45.15838990233994,-46.722566696309585,-44.773355625139736,-0.07872206621337462,0.051526674616530696,0.9931736044238584,0.06894947113488828
106.412,-94.42103881998091,-11.690869780972843,-34.79779139350981,-0.10753034057959669,0.10879490377730679,0.9876742448558807,0.03317349567483485
106.412,-45.69887831936917,-50.1642008251273,-45.219636677713765,-0.055787820250324666,0.0778310834447909,0.9951088156217647,0.024258743441826536
106.512,-92.7276113390414,-3.783002766983219,-34.9253025316534,-0.04860058172752681,0.15517244399594418,0.9864839877718269,0.020219741587514377
106.512,-43.87148612274559,-52.12904541561329,-45.821365115583596,-0.0017804375477227363,0.07958938281119887,0.9968253438091116,-0.001262586914879366
106.612,-90.45280056362681,-3.2065212167475496,-35.070252145933054,-0.0030580711673002955,0.17692026399398986,0.984147097332636,0.012014957377367323
106.612,-44.15524492847856,-53.04621502226164,-46.27789165407812,0.02863698529840307,0.10344538475704275,0.9941465901450668,-0.012309863866962312
106.716,-90.87008321048901,-3.870888083673829,-35.57648479970722,-0.0026690852203630116,0.13037825994737887,0.9914001195695236,0.01096303948340178
106.716,-43.437526225576654,-54.447782711725644,-46.83019409370112,0.03293612075414612,0.05940728710915025,0.9976244416674453,-0.011465582223215155
106.816,-42.74068275075044,-55.81439388548696,-47.35959271963091,0.041643477441716294,0.03475270565983945,0.9983928275441343,-0.01642656824508714
106.816,-91.2847958047759,-4.203449942737387,-35.995102782266734,0.003742154420850498,0.10449872389310731,0.9945040520058751,0.005263414186476567
106.948,-87.69243288481796,-6.180672667560595,-36.54730251175614,0.03482244211806599,0.07452863986962358,0.9966106085310181,0.00041752551032572544
106.948,-39.56348136691428,-52.25487475418726,-47.990036042174644,0.0773373378359896,0.04938554755359927,0.9957161592101329,-0.011372517623405172
107.048,-90.28742863229157,-5.306452478109877,-36.93096749236718,0.028568362769908363,0.06457703476324504,0.9974890400808348,0.005410189317239721
107.048,-36.57428810831185,-50.68763943953937,-48.46539525535929,0.09742751592546592,0.048473917999041084,0.9940537725951732,-0.003905842254738944
107.148,-89.85173555082345,-6.408972662931264,-37.361984428182296,0.031503984198829015,0.04834569522730691,0.9981118784601102,0.021044495941184887
107.148,-35.402240300335905,-51.32673836494477,-48.97756294720757,0.09979617765353997,0.03901456021243303,0.9941389100483154,0.014367134200010626
107.248,-91.84278987757568,-11.881848183274213,-37.940605676314995,0.019956306287910078,-0.022377336837166875,0.9963235123386154,0.08025247283831151
107.248,-36.13804443698635,-51.839940530590255,-49.38469961014594,0.08419314735542797,-0.0014664400998467984,0.9928476245946081,0.08463425919014599
107.348,-35.12531090077605,-52.48017850545544,-49.8995156732195,0.07339229991447274,-0.041646937503407734,0.987773923945197,0.13107928167242638
107.348,-91.71964545154398,-15.989448329137373,-38.2992609698435,0.0142287748345144,-0.08151444649028478,0.9893382476790105,0.11984476901190237
107.448,-33.75702204949985,-60.83929962457001,-50.868933528063295,0.08581163225087485,-0.09467690547412635,0.983816895477318,0.12560638325203008
107.448,-89.77106313851765,-17.093155044970306,-38.68905469016112,0.031066767206424404,-0.08117914187494302,0.9886707402024795,0.12237226142909542
107.548,-90.03612557113026,-14.618718111206068,-39.102125360596546,0.012929429498096062,-0.062070672636291485,0.9901353515758173,0.12494817730229084
107.548,-32.657766828241165,-62.2772885961725,-51.41213529608531,0.07199926168387889,-0.09285866216787007,0.984939978682191,0.12683301451473494
107.648,-90.50184376805593,-12.793717929714347,-39.431091191580045,-0.025083230044007053,-0.047119931363843286,0.9907539355651918,0.12472843621608537
107.648,-31.326234478803407,-60.0672801000367,-51.76721059755377,0.041374650049169744,-0.06356957596222922,0.9890763842110654,0.12639206280956197
107.748,-30.164972109598693,-61.155725987092545,-52.277260462532,-0.01673645201313247,-0.05751661924035051,0.990672696468165,0.12239010645337123
107.748,-90.40836294954931,-13.297389479070885,-39.78770665355253,-0.0833334079669932,-0.040627306095042955,0.9884653805667744,0.11975456791725514
107.856,-28.895324125994108,-62.34392215850502,-52.8086278919915,-0.10919553377539444,-0.03345924601256172,0.9859408362785511,0.12197328239466666
107.856,-90.92503489747658,-8.919788337152747,-39.806413844385496,-0.18211921510461854,0.0036641490428236103,0.9765010683592796,0.11517303935667994
107.98,-90.91601985619516,-8.986694679597086,-40.29963563942846,-0.29144712190217953,0.03356750465905021,0.9489342921431992,0.11599787481064576
107.98,-27.41785865561722,-63.72903047811323,-53.41902757045338,-0.2186797607197606,-0.001957834337761842,0.9677020012618603,0.12541198463482175
108.112,-91.07294295166184,-8.784128948024662,-40.64422701095727,-0.3659063094615399,0.04637317424500542,0.9225238329518,0.11363044945171029
108.112,-25.814281876851247,-65.22075673527374,-54.10280258008329,-0.29272972407016623,0.010696912810558713,0.9478063668783044,0.1259284543186197
108.184,-90.75257394855137,-8.680634379292485,-40.87289552512372,-0.38301611795871277,0.0493083003588631,0.915497773911222,0.112832490281633
108.184,-24.92233469042744,-66.0429634037843,-54.48855769525585,-0.3114757189671329,0.01355843135852319,0.9417802626202164,0.12589274153818514
108.312,-93.33832054768283,-9.149251134946107,-41.46731733666487,-0.39386206998668466,0.04779185744280374,0.9107871342488385,0.11426024800760275
108.312,-23.303958137064875,-67.51968777276389,-55.192416969619664,-0.31312435480373235,0.01439537231593208,0.9411598636699893,0.12634881361263056
108.412,-94.58669063144885,-10.274099800456767,-41.615776976040635,-0.37983911544016685,0.04090485686490598,0.9165544275982233,0.11822444889525342
108.412,-12.706586358988854,-62.16117392936029,-56.05932408160679,-0.24062195491711438,0.04855593528042012,0.9633968804485877,0.10774899861641238
108.512,-90.08342567844996,-15.445906551853273,-42.40209176831927,-0.3296013158347548,0.021218703519779003,0.9351280736883584,0.1282506336079406
108.512,-10.456407109162889,-62.6904366630088,-56.67243482914515,-0.20841626311839442,0.04666612335280273,0.9706606955922195,0.11046605013040867
108.612,-91.03598911741683,-9.907097222758301,-42.412797974211905,-0.30036593464369654,0.042059222784704385,0.9450941487897061,0.1216896750255597
108.612,-19.50401637039898,-66.40518390054795,-56.52460306990192,-0.24341333135326576,0.025782298020991294,0.9617867300688712,0.1226845919082366
108.716,-91.03112730935803,-9.914677257556301,-42.777566420584236,-0.26617821208858333,0.037408966834957466,0.955012713092646,0.12530142234264366
108.716,-17.853029375377584,-68.53550967928672,-57.204251581839394,-0.20178969259099316,0.012457522681921329,0.9709659446459832,0.1278704986710994
108.812,-91.1525295339564,-9.940034099647303,-43.12985597605212,-0.23860766200378186,0.034248521247623884,0.9620661217229646,0.1277583651209352
108.812,-17.374331370681375,-68.75122878390614,-57.623511361645676,-0.17682777231453006,0.013887075398304588,0.9756526821399198,0.12899973607857956
108.912,-91.10699346772822,-10.06314108326459,-43.502076648132544,-0.21739535854479086,0.031913414425393374,0.9667627249092181,0.13073112020096225
108.912,-16.861274931105424,-67.56655061526708,-57.96598213116163,-0.15947817900915667,0.025095892030157434,0.9779306206334387,0.13262204888566362
109.012,-90.79778144564435,-10.376266532141305,-43.86945964617834,-0.20184565346154043,0.030978785998536342,0.9698198816097097,0.13322178587329342
109.012,-15.88915761338778,-69.73470540281548,-58.56203088419628,-0.14638614340577774,0.014541521914381987,0.9803341735396977,0.1315467572744945
109.112,-90.1400662552902,-11.014885372235131,-44.2598846659289,-0.18915482647977916,0.030628157426452984,0.9724175928130712,0.13299019805871867
109.112,-13.545119899346275,-71.27945000108211,-59.2335829028804,-0.12776185303642984,0.012090908303984915,0.9831288120815616,0.1303397778891009
109.212,-89.64434912025429,-11.733963803965707,-44.65894244879837,-0.17966155166924427,0.03313460293815052,0.9745419276121996,0.12996867417123656
109.212,-11.66726781420117,-72.98729009538373,-59.8732238633404,-0.11558289460460523,0.012090476668344107,0.9852425986903942,0.12566398280554336
109.312,-89.01330146968759,-12.487363367729923,-45.05293267669454,-0.17379195449088997,0.0354268983706967,0.9766585941242764,0.12115808660283817
109.312,-9.862943430080408,-74.26201872483881,-60.47954216988708,-0.10909887983457484,0.013882092991079741,0.9870085839217573,0.11712718376959
109.412,-88.40224111142905,-13.309257792412959,-45.45138515305996,-0.164433065261312,0.03854492609627,0.9801723191005732,0.10362567534161794
109.412,-8.06591646236814,-75.03381296289587,-61.05586585568083,-0.09894918700370448,0.02033630907085569,0.9896552038545381,0.10187281486399333
109.512,-86.57873014066122,-15.506455002782399,-45.87614086935577,-0.1569912951471012,0.030720816258192767,0.9834045630964912,0.08558872576143234
109.512,-6.582063329005287,-76.07186963760007,-61.621127500455756,-0.09775887778202341,0.019948601217698904,0.9911377579152888,0.0876994866513534
109.612,-86.09892140831741,-16.037256898253872,-46.24651311941076,-0.1638444170670547,0.02844258700245398,0.9828543964592892,0.07964459555557644
109.612,-2.8720816443604917,-77.55673436710282,-62.429731816053824,-0.0907296654475799,0.014269301259053341,0.9923585958254046,0.08239497642926849
109.712,-85.52843137758718,-16.70319772715135,-46.632386018625425,-0.1717541562602271,0.02839676300411543,0.9812329757609298,0.08292153482404949
109.712,-1.1221623861453764,-78.66430960205987,-63.025675156790975,-0.09906089305669984,0.014524281015872841,0.991308548550086,0.08534252339427773
109.812,0.6449327071428819,-79.78487595394542,-63.62266566233502,-0.10880245131904916,0.018961611157337802,0.9889595917302129,0.09879984723720325
109.812,-78.82569939618986,-20.819292471632707,-46.82895494774916,-0.1548313056948893,0.018742879438042627,0.9832364936522985,0.09445617395131167
109.912,-84.97235507251663,-16.856134986150046,-47.3202868061988,-0.20085562035700655,0.045021287143259314,0.9707931918474331,0.12325048534443678
109.912,2.427687777338287,-80.91849828226661,-64.22041531856298,-0.12441419040174304,0.02540459095240011,0.9839480846248344,0.1253869321274748
109.984,3.733377599119862,-81.73571751173763,-64.65270846937031,-0.137239635198089,0.027989985027223302,0.9815049510550217,0.130498560617927
109.984,-83.39338343208746,-18.431953397821562,-47.61368957610748,-0.20950194969767438,0.039185277532111026,0.9687317500539201,0.12701276918118898
110.112,-88.17147286953582,-12.074396032961495,-47.361167494610775,-0.251692547726169,0.06588540836480927,0.9571919676708677,0.12686020420165287
110.112,6.091566099698575,-83.19487550025161,-65.4315772982777,-0.15632167827961324,0.024813711940028457,0.979034826354065,0.1282131872525918
110.212,-86.80722937325685,-14.850391071275316,-48.11336474875086,-0.25447839038820524,0.046701385354804906,0.956933037527851,0.13167722323580103
110.212,7.958251893717183,-84.34773286448431,-66.05007524180057,-0.16283127069588765,0.021303087761684197,0.9770539002495042,0.13563860712427145
110.312,-83.28727169444885,-18.598114880888133,-48.72323939424739,-0.23972150656927174,0.032449749945400265,0.9603193669538425,0.13880679547490082
110.312,9.85183514276989,-85.50837145258606,-66.67376571076103,-0.16259046911436056,0.021408026333555857,0.975982696728856,0.14340087673213162
110.416,-82.22771023079146,-19.738321802138795,-49.12684355224006,-0.23470897351564532,0.030939584076463772,0.9613555369225016,0.14053459188703726
110.416,11.857540241277466,-86.71442349139326,-67.32697330459561,-0.16023641546455694,0.020758148014502542,0.9761131118669104,0.1452466291917803
110.548,-81.44387952045734,-20.511185780599458,-49.62966429294413,-0.22258256457267706,0.028350673348225497,0.9638100350817439,0.14395644322044113
110.548,14.440548074449925,-88.26460245250979,-68.16740847436054,-0.1474811801882868,0.01830062791850585,0.9776636875956768,0.1486206663451676
110.648,-82.70119010199656,-19.09104015763296,-49.937371245132894,-0.21776905701127475,0.03316547489017851,0.964161024475604,0.14788579365808824
110.648,11.799481429232891,-89.77642504826528,-68.30324850958064,-0.16021733399314586,0.014116175914741713,0.9755096515768105,0.1500401917692801
110.748,-84.20247255378229,-17.832783362324683,-50.165914871690106,-0.21287460905459743,0.03393419217807143,0.9646752389273244,0.15144158881094688
110.748,13.33841568862944,-90.99655421744471,-68.89539921257847,-0.14643982418975457,0.010194562026553227,0.9772810724417783,0.15288281212552432
110.848,14.058434832562018,-91.33771845771096,-69.34608563167389,-0.14186657555084245,0.00519219984598202,0.9771455169278085,0.15821995623220994
110.848,-85.77514925431645,-16.602676234330325,-50.29785356407592,-0.21209249112536444,0.028147275739181007,0.964154364160942,0.15694224461918838
110.948,-86.30844717490068,-16.314921911321317,-50.54149012908342,-0.20488572686670173,0.017342717633872334,0.9656018343169064,0.1591671028673975
110.948,15.81343088263523,-92.84497366653791,-69.98141428348134,-0.1298420799189043,-0.007761057348680008,0.978378398899917,0.16079959215495104
111.048,17.36046230537962,-94.03164711611338,-70.5678210674683,-0.11652224085296943,-0.01011128547887726,0.9803472642521137,0.15886966597171326
111.048,-86.26081098619835,-16.21844901974398,-50.863106744584066,-0.1919106246970675,0.016110669580286643,0.9684918389827929,0.15790603622972835
111.18,19.435408319757997,-95.60952310871355,-71.34504824109369,-0.10662508527559356,-0.013549780528709577,0.9817483987086358,0.15689989251311068
111.18,-85.65567172004198,-16.305841567290862,-51.35196955389164,-0.17991358234460814,0.013670341681787112,0.9710182561175302,0.15674109522618432
111.316,21.61151369630997,-97.24904240476545,-72.1487152610376,-0.10436892171804364,-0.016763849969851204,0.9817274003606148,0.15823214873972533
111.316,-85.43109573209819,-16.125175754880978,-51.78930109273943,-0.17746362569722507,0.011836651890090187,0.9711714887319537,0.15872143743234174
111.448,-79.03068805823702,-22.469101070509993,-52.777097151657834,-0.15524175117199412,-0.012043169128177078,0.9757471618091891,0.15385849665102977
111.448,23.76268807344085,-98.85003520054843,-72.93189295572954,-0.10420480289643709,-0.019832143086625866,0.9816646660933807,0.1583746460064811
111.548,25.417986714694162,-100.07007405729533,-73.52847378659199,-0.10225362632628286,-0.023263087688537985,0.9820062262044124,0.1570566660479242
111.548,-77.7262620742031,-24.249070634927826,-53.19195177581546,-0.1507327890012549,-0.01882984906327327,0.9766004887874489,0.15223845901832253
111.648,-77.2093947921427,-24.2519499936334,-53.55799845642466,-0.1461494376707025,-0.017918803883191052,0.9773686605159911,0.15188732592652565
111.648,27.095897936641773,-101.29684975214343,-74.12959508826697,-0.09722986817285996,-0.026456451658825274,0.9825853654188852,0.15611665050643453
111.748,-76.67344170049039,-24.538996045930897,-53.9281166695964,-0.1407415530587816,-0.0213258982854804,0.978341911374867,0.15028015754680146
111.748,28.79516841531149,-102.53028044019803,-74.73346720311807,-0.09071119796024947,-0.031449326220584634,0.9833269057566132,0.1544364427847664
111.848,-76.5232021923889,-24.383755467533078,-54.27365719605512,-0.1385208142661075,-0.022646107331830322,0.9786431950966811,0.1501886631165255
111.848,30.51869943385472,-103.77127556870349,-75.34039911757448,-0.08612453446638477,-0.035715734289246695,0.9836924480478914,0.15380545679745902
111.948,32.265071409259285,-105.01874674780926,-75.94945351299079,-0.08311980985656309,-0.03975234209454284,0.9840900584250549,0.15191315090004257
111.948,-75.79870562249792,-24.93374318716069,-54.650462331973486,-0.13567202398361208,-0.026582105692025487,0.9792442841376469,0.14821310855965522
112.048,-74.4488027203583,-26.257976786540805,-55.060219531999294,-0.13036425670387874,-0.034435630100333736,0.9799355424673503,0.146784469760456
112.048,34.03598390705046,-106.27428037654857,-76.5631841585675,-0.07941759268452332,-0.04446196101661855,0.9843169141839174,0.1511164863481235
112.148,-73.76153659471606,-26.646020721055493,-55.430841271543244,-0.1282545530691305,-0.042111272899939746,0.9800356113686836,0.14597126690207016
112.148,35.83172947154113,-107.53839374715415,-77.17855381499186,-0.07699745329409939,-0.05344238078407329,0.9841848288730228,0.15031808520112291
112.248,-72.94377144660743,-27.261914261702255,-55.80977526441932,-0.12731546392984944,-0.053641111314765184,0.9797335188001954,0.14503667108918156
112.248,37.64992014367147,-108.81038824682297,-77.79523903876895,-0.07592457392408351,-0.06498798803132179,0.9836409718225697,0.1498748112193567
112.348,39.4911158968379,-110.08922856084841,-78.41716608512573,-0.07392531364475932,-0.07549133940647054,0.9829307452910142,0.15060961336778184
112.348,-72.37246777461395,-27.939525004810786,-56.212887420238566,-0.12682373168232933,-0.0651486123798667,0.9791035826025091,0.14500887532174728
112.448,-71.14345864154583,-28.752812089826246,-56.58555210247895,-0.1262922091689814,-0.07957747703199115,0.9781760146600491,0.14453161382972465
112.448,41.35350963365529,-111.3770379933841,-79.03862738795873,-0.07547822911881054,-0.08982046864180963,0.9815582088735452,0.15092648188774557
112.548,43.23888510407188,-112.67189957230421,-79.6622750846367,-0.07582208084974708,-0.10616100453624903,0.9795780907386956,0.15299548135876753
112.548,-71.410228268277,-28.705531690717205,-56.970691010577376,-0.13178204659344708,-0.09443369573025452,0.9760447951523775,0.14509420099480885
112.648,45.1500123202356,-113.97491026663815,-80.29235520971703,-0.07256986036401178,-0.12038829964659366,0.9773860809664877,0.1579769648015815
112.648,-69.79637838703991,-29.883979006441383,-57.36339236414209,-0.12519139500268342,-0.11084961292480848,0.9744912489860482,0.1496872859708332
112.748,-68.9076322633448,-30.550154664727426,-57.75644010169777,-0.11351979532222063,-0.1244347711862874,0.972777541360191,0.15916374843235984
112.748,47.09499760216101,-115.29635445487504,-80.9341363017364,-0.06067591800805482,-0.1334371021791618,0.9748525752820859,0.16785538180765297
112.848,-68.17658259430466,-31.40991314623827,-58.174788633986026,-0.09195841424682619,-0.15518755524518105,0.9702272911111206,0.16161521069939508
112.848,49.06183431376434,-116.62915966434417,-81.57857872767188,-0.03785603822871681,-0.1626942822080981,0.9708362506226604,0.17197228085756294
112.948,51.053792861832875,-117.97142617924429,-82.2233788489305,-0.005493270692122527,-0.21236566633502604,0.9601711856651592,0.18149915139621456
112.948,-68.36019615207593,-30.960484363167943,-58.552809633437434,-0.06362230558526848,-0.20139450889360855,0.9627058018817025,0.16908575647530197
113.048,-67.55647946445889,-31.554354909806104,-58.939186721494636,-0.05466089779299824,-0.23460854043509305,0.9532759991472942,0.18230712673153238
113.048,53.0704951892684,-119.32850242022099,-82.8653421251909,0.003372944955496839,-0.2445747702130268,0.9495484064263603,0.19628965553674002
113.148,55.091336594675596,-120.72276735641655,-83.51705116388088,-0.0053882971578085625,-0.24040806988490138,0.9519948342914634,0.18942217840138187
113.148,-64.76012791099912,-34.98313606277796,-59.31870635097666,-0.056386755548610654,-0.24211984593659328,0.9527335909606381,0.17463452882402497
113.248,57.13263368695006,-122.14143848878336,-84.1791724657904,-0.014013582831382803,-0.20774922048337963,0.9627513066012814,0.1724929057158637
113.248,-63.67852157006901,-34.85427870835832,-59.7625873551152,-0.06323327765520657,-0.20111606241538946,0.9640496562641578,0.161747155438567
113.348,-62.63326714302271,-35.703924954074395,-60.179322526871196,-0.070188464261266,-0.15146659011741495,0.9719475821840114,0.16567845076986415
113.348,59.200272396883854,-123.58052651633842,-84.85341400404418,-0.02034780775580131,-0.15808430179052319,0.971754093591809,0.17403821946485593
113.448,-61.582675906427866,-36.57333394312216,-60.596342675482084,-0.05345493808463158,-0.12611532393983801,0.9781470595700765,0.15641555074969699
113.448,61.28101701635318,-125.04125687127635,-85.52934957695052,-0.003312866229499842,-0.1333030735577671,0.977536594500863,0.16322230824569692
113.548,63.42991139994723,-126.47452425176294,-86.20531798781481,0.008702963791299373,-0.11450978660880884,0.971773598099335,0.20607727004481735
113.548,-60.47208931155886,-37.41328194533108,-61.00813959086,-0.041993655153283176,-0.10953729086760264,0.9726686418081062,0.20038420117221706
113.648,65.59691348802869,-127.92227858392656,-86.87054415774429,0.03041711794570751,-0.15550216565769115,0.9596621112903837,0.23225526380542577
113.648,-59.35254301521336,-38.265563343915254,-61.40762920802567,-0.02028377999459374,-0.15194651790871405,0.962242664146538,0.22492194037203297
113.748,-60.582489358646484,-37.43774776709062,-61.840320297456145,-0.0025327640230774088,-0.1615758561211028,0.969641634105703,0.1835263720394374
113.748,67.7716703655343,-129.40449810774967,-87.53183144463222,0.058750835127340695,-0.17154114430822,0.9644538409331186,0.19222581483927015
113.848,-57.49625340797283,-39.72537929777677,-62.18508164403699,0.017084466890667005,-0.13338619316070327,0.9854376445715248,0.10406196772347853
113.848,71.22221851725335,-132.39759862637032,-88.45985285727409,0.07561606592527212,-0.15042423176642217,0.9795455776810142,0.11020536428429817
113.952,73.65905324565945,-134.1658110453133,-89.14337955039412,0.06608575694667583,-0.09374448427806631,0.993340942580585,0.010881920296490369
113.952,-56.33882725337926,-40.68477566209117,-62.55371651606277,0.008947690445653344,-0.0708318250220533,0.9974159793904799,0.00800971012359351
114.048,-55.24048520708533,-41.54892973153436,-62.87178476368324,-0.019401628898241624,0.005737921742524203,0.9997540777748513,-0.009079483615730589
114.048,75.95438246948751,-135.79337126361736,-89.75648002498099,0.03759018554869533,-0.018876170780351302,0.9990658172485896,-0.00990761992074006
114.148,-53.70049392630846,-42.83177427138948,-63.165055110858184,-0.04962668052857512,0.04433546946097454,0.9962161458952535,-0.055901246721308945
114.148,79.49887417808573,-138.44428523635207,-90.62392042125632,0.010166793237531531,0.012901243186023391,0.9981828727183669,-0.057975398672444736
114.248,81.8957788928875,-139.15531753123895,-91.0957491274177,0.003903491881598064,0.035515813385766794,0.9892182145514533,-0.14202363799844248
114.248,-52.92193013240568,-43.11102939944851,-63.29000404167842,-0.05549492911119436,0.06904788071378055,0.9863802924931675,-0.13858795616132202
114.348,84.09634790949164,-139.97658044567223,-91.56558519842908,0.018343154911124867,0.05018360511496541,0.970851678866878,-0.23364963532378177
114.348,-51.56734237174367,-44.45883763216165,-63.74499949188411,-0.03855151654480313,0.08324332215368649,0.969051142920615,-0.22918161421275354
114.452,86.66442733377394,-141.60263174625138,-92.19418820140208,0.03822600361186553,0.05721269525751556,0.9492324810262631,-0.3069579403012105
114.452,-50.24776504815752,-45.85472875558402,-64.02867838077267,-0.01696849718008767,0.09214202698518471,0.9487137640636714,-0.3019339511261552
114.58,89.82911679103793,-143.5821099946544,-92.98305345677146,0.0569837688520881,0.05590054979177574,0.9334572154608937,-0.3496935880515741
114.58,-49.98043872576955,-45.498646924159914,-64.51875311808394,0.0028579162266205624,0.09985006214502075,0.9337376315720752,-0.3437380293052381
114.712,-52.876390079112795,-42.23566797847268,-64.83330617595067,0.009071669242848164,0.09519263177419598,0.9346299948036847,-0.3425242188317712
114.712,93.10289505739686,-145.59899896652485,-93.81609638432874,0.06948192862347106,0.034541705193664084,0.9341156790438803,-0.3484351164298272
114.812,95.53713246034214,-147.09661732912554,-94.47797133951806,0.1388980068742206,0.06669790579119159,0.9520500560672046,-0.2643093335315097
114.812,-48.80904320998005,-46.13262727194865,-65.31284169637752,0.07770966424129705,0.10695468105678176,0.9577658562530595,-0.2553555734253527
114.9,97.67022425716887,-148.40090546872796,-95.08566476470659,0.19938074589383364,0.062492477781582755,0.9541002213701849,-0.21455716247401568
114.9,-53.33324477074697,-43.37672416232625,-65.33226550298303,0.12017817941265752,0.1119238333060681,0.9655956591748314,-0.20163155436056568
115.012,100.38818521096819,-150.07243245644725,-95.89164015602134,0.24287216505082715,0.046050861332972724,0.948609511397427,-0.19756625344514164
115.012,-52.96431434371354,-43.37348486951371,-65.72421708356092,0.16310822950357928,0.0941256559088349,0.964559418379017,-0.1848274730235517
115.084,100.00453621466036,-151.15832006010413,-96.18881449488586,0.2423945050863275,0.07527336838301851,0.9418724817160553,-0.22012508285578902
115.084,-45.62995226557679,-48.901112690956225,-66.37314151179754,0.19555001941224365,0.0999437689109036,0.95240536209613,-0.2114130062562251
115.212,-44.6714492322035,-49.43892116403961,-67.00290373608792,0.18084357509290958,0.07861571026175716,0.9594236412798819,-0.2015476320895564
115.212,102.87314504876797,-153.09328180579504,-97.14959081258236,0.22784697589181896,0.050523587258168884,0.9494323018055993,-0.210027205370258
115.312,-47.802326875246045,-43.6123599468042,-66.67820966125242,0.14686376614907967,0.07099920624025452,0.9701841170676729,-0.1792565923345143
115.312,105.14479534618015,-154.62605378118556,-97.9120972166519,0.19633892288505628,0.016192248424173855,0.9614094171160076,-0.192043669856532
115.412,-47.14886011513063,-43.73847385115585,-67.11456486589206,0.1648454250836537,0.08223226355699577,0.9484668151431537,-0.25782657200429293
115.412,107.42337463794175,-156.15573403731318,-98.69182743750974,0.2095339054490264,0.023723030124088593,0.9389563239300888,-0.27183410761106536
115.484,-46.663772364097035,-43.841629628031505,-67.4305351150935,0.1657634210020722,0.0033761769583410717,0.9535400299875076,-0.25154025701318455
115.484,109.08439086154368,-157.27496424167592,-99.25804527728297,0.2113558088329109,-0.054736940303519145,0.9403592021172815,-0.26087767331096884
115.612,-45.77072539853039,-44.01129708528507,-67.95645557682813,0.14707045363828497,-0.042820777403876666,0.9384473810236429,-0.30960164040105226
115.612,112.08494276053784,-159.26625683369213,-100.2320679843053,0.18950075924775636,-0.10362861718312354,0.9241473101006253,-0.3151227081297319
115.712,-45.02611235513393,-44.13776292958659,-68.32279932066145,0.1184109931538163,-0.0785163281124061,0.92970209470146,-0.33980588286224445
115.712,114.49294315139463,-160.8300791325698,-100.9545535898722,0.15929467271892067,-0.14065938687824375,0.9154770568254702,-0.3416751418417549
115.812,-44.24469423778047,-44.26937106599733,-68.65659201983505,0.09056060032538164,-0.083069216211849,0.9319074474285465,-0.3412430107912344
115.812,109.28568468617718,-158.58037768393643,-100.21679201996069,0.10142291313429097,-0.11693534249436249,0.9227546596963356,-0.3529353430527748
115.912,-42.228883787160676,-49.12916550908184,-69.68464859117073,0.10535600545379023,-0.04829631409227031,0.9340022961219612,-0.3379456894218746
115.912,117.98211498238992,-163.22179348524753,-102.07153133239512,0.15560564823803702,-0.0899197571365007,0.9215189725436018,-0.34424424868851106
116.012,-38.69335388963127,-52.01428369016578,-70.12285137114193,0.17067801753274867,0.006937147437431796,0.9212150831728118,-0.3495477948027019
116.012,120.39749138216118,-164.81738370652243,-102.73347605025094,0.21210433994008016,-0.023371751235834296,0.9066527711061463,-0.3639316733513298
116.112,-37.386078952494444,-52.99091072249006,-70.53230141692116,0.21071870167523815,0.056141918903142685,0.9036540801054797,-0.36858515598826636
116.112,124.97677438390926,-168.47879597660656,-103.86238961623059,0.255952212284422,0.012996904829482103,0.8877756710436109,-0.382326958759947
116.212,-36.18214275565258,-53.91022638952329,-70.96099321059849,0.22436487269483193,0.0795663771826729,0.8898923262231522,-0.3891288260355474
116.212,123.17616704398519,-161.29136268650146,-103.48006480256919,0.26733460715353086,0.09131170460301878,0.8659174756601348,-0.41277270472614663
116.312,-34.97721629535423,-54.841290730629304,-71.40119555888698,0.22676030027181637,0.0874864824111671,0.8792779162851663,-0.4096293782789176
116.312,132.2647174417275,-172.64081868112922,-105.7013429231811,0.2747985276596786,0.032169235898305185,0.8604929350972284,-0.427788286545517
116.412,-31.197944553920166,-57.66952112637226,-71.84318368436782,0.22986601837627016,0.0781450871737559,0.8706323840288711,-0.4278483502675342
116.412,136.8369037445909,-176.30289349786906,-106.91317416552607,0.27709270003324904,0.02116761082223661,0.8515550469927855,-0.44455097545891986
116.484,-31.63826316648821,-57.42873458700381,-72.18350927077226,0.22018138684581967,0.08187007767320166,0.8660302538455191,-0.44137177831472313
116.484,135.92040817518145,-175.26084514340556,-106.85310052004368,0.2619852045212066,0.036587676761998936,0.8474816913444964,-0.46021720671549515
116.584,134.35653006704575,-174.15391265399222,-106.75526189108507,0.23364034499271508,0.047694135183939224,0.8454005693272661,-0.47794909356737525
116.584,-32.673156385863585,-56.807710965407544,-72.60381316849056,0.19961965679275429,0.08011799787737696,0.862516550603829,-0.4580374427626371
116.716,-37.11817284026727,-54.23713027707524,-72.77233556034234,0.16106435989080367,0.07272985667974205,0.8622499077402104,-0.47465117351831
116.716,136.37476585885673,-176.25159192989673,-107.49505047956609,0.20386740972814033,0.022013494899751365,0.8448372191052482,-0.4941695645297755
116.848,140.9563347632831,-178.92941223342447,-108.71668800231257,-0.18693124515847218,0.022476328825090878,-0.8435357992518281,0.5029899398662253
116.848,-39.27801070148527,-52.30229586248429,-72.91511240852297,0.1335204716558615,0.04460490374884845,0.8622570161831918,-0.48651364241222567
116.948,140.2851426710901,-178.87074065376385,-108.82614414505713,-0.16849600027391495,0.038935856160079864,-0.8413159353360579,0.512133375153767
116.948,-39.75508656898031,-53.01016825026393,-73.13533656765927,0.11810289039752737,0.01436463769070368,0.8598516512580113,-0.4964881693380376
117.048,-39.6089392141566,-53.43642040548725,-73.50316599382128,-0.11370933054130429,0.005873241068174039,-0.8524300269687077,0.5102928005658438
117.048,143.416274428999,-180.70623133735828,-109.67337904386159,-0.16713735263232019,0.06207731748005498,-0.8333325243461662,0.523228837007658
117.152,-36.762387159757246,-55.24336454672889,-74.29105756615076,-0.11702634205823244,0.01931138099176475,-0.840674297189563,0.5283924979345326
117.152,146.13055019746372,-182.6756189820046,-110.45819670930716,-0.1635970722921611,0.07064094958277861,-0.820776311699027,0.5427449680404404
117.248,-28.901905341855336,-61.35092649726548,-75.28478272722444,-0.12790396906262191,0.04345908937879316,-0.8292673502433908,0.5422799499047516
117.248,150.17715897181574,-185.69360356052107,-111.51475664380074,-0.1634815166045508,0.07848629810568526,-0.8063775922898401,0.5629110705885808
117.348,-25.419203837136095,-63.997006216085424,-75.80001396483944,-0.13147884285958897,0.04576254490413633,-0.8108142923597007,0.5685061887696904
117.348,153.5705728503086,-187.6603865571172,-112.3988432426758,-0.1633890773519121,0.0762347687034225,-0.7863726959858727,0.5908555258696809
117.448,-23.60905486200178,-65.78054498652492,-76.25527164377331,-0.13050765196074904,0.044825149733421096,-0.7924591428698529,0.5941102301871655
117.448,156.59315136025498,-189.9884013025878,-113.24363910993438,-0.16157962174668883,0.07633209193981957,-0.7673402020702692,0.615836384003938
117.548,-22.121541533036524,-66.99475761009748,-76.73040063042924,-0.15744054573164856,0.049039631340710065,-0.7866127448086123,0.5950193096214181
117.548,139.18306550639414,-189.5034787591265,-110.04784335547814,-0.10419383876936404,0.03394818985693675,-0.7503133327619428,0.6519363980079709
117.648,-20.217032313919326,-68.57245099814506,-77.2004637516284,-0.1681276736482457,0.055067094192631866,-0.782719220697888,0.5967003620251121
117.648,133.9438009529877,-180.9985653704586,-108.46866739660669,-0.13246764882128015,-0.015086252224944006,-0.742968430140025,0.6559135909743252
117.748,-20.32966151006564,-68.98697732624358,-77.6377262888973,-0.17118142939588463,0.04624152232754369,-0.7797728928789069,0.6004272440305103
117.748,132.08171120007873,-181.24868651947742,-108.2212208618304,-0.12551020694705253,-0.02821458099994825,-0.7393811782184213,0.660883195933627
117.852,-19.42659256853328,-69.69789315396707,-78.11808026643018,-0.17142139122453148,0.04438006909119141,-0.7794475592278932,0.6009214744971155
117.852,135.10632832108303,-187.17914550861676,-108.00510863806413,-0.1112176340627912,0.006098579060283236,-0.7423993892182443,0.6606334778796021
117.952,-18.66220806490371,-70.56603475977874,-78.56999864132057,-0.1710227075304724,0.04855388337922887,-0.7783859384291703,0.6020872733860787
117.952,134.85967979091836,-185.18079424304852,-108.86820419588096,-0.1322125579067528,-0.0025721605183613465,-0.7396931858186016,0.6598236236870798
118.048,-17.54181241378949,-71.7272649864802,-79.0198949525122,-0.17029604605850465,0.05002001893118769,-0.7781755527804591,0.6024450709050496
118.048,136.63722873079092,-185.05431482251385,-109.58189081361469,-0.1388724313959851,-0.003519730667683678,-0.7387348188228178,0.6595247734187192
118.148,-16.866848055345102,-72.71413668050248,-79.46478341222324,-0.16788117075906023,0.052206943950656066,-0.7775629620283692,0.6037269147467004
118.148,138.2402903652574,-191.21883714237427,-109.55609475895851,-0.1201445014066303,0.025109640712441435,-0.7394157774587236,0.6619660963902576
118.248,-15.37050562760464,-74.04552738033749,-79.94945395991047,-0.16740339290898093,0.055146696401794856,-0.7782126278832397,0.6027603601113728
118.248,141.60677859958818,-189.5290243356557,-110.83613092503569,-0.14723844640977782,0.025038367371278503,-0.738230996502281,0.6578061385100209
118.348,-13.859697184800329,-75.4593980638899,-80.43379546240358,-0.16376399372419695,0.05454745827802233,-0.7785836461513888,0.6033352592883314
118.348,163.57080350167055,-198.3611435498374,-115.45270477395044,-0.2000661261184753,0.09022768338975862,-0.7306094612664467,0.6465619269938622
118.452,-12.529385221737224,-76.78680595845412,-80.93090760996554,-0.16455692124097418,0.054368037132069696,-0.7781909217884742,0.6036422992601684
118.452,139.75341311259206,-189.2865127935065,-110.75745310434498,-0.14235593765018015,-0.01686516588712325,-0.7382541471588978,0.6591139259627473
118.548,-11.397985852899067,-78.03367909603169,-81.37973964818167,-0.1689929314462387,0.053561694503920135,-0.7767283947863359,0.6043720168370785
118.548,141.9915459792719,-191.94848771561448,-111.61517507786752,-0.13452037108178125,0.004178791636995547,-0.7378521171112058,0.6614083917966163
118.648,142.25090580751302,-192.10364416203623,-112.24707777766639,-0.14071597491544416,0.0025730555439994803,-0.7371234700915972,0.6609397730723172
118.648,-19.925875030389747,-75.7567018106813,-80.52997011308156,-0.14259509055838207,0.030262466589681843,-0.7771276443677382,0.6122282643132426
118.748,-10.389368119099206,-79.85594054234082,-82.16281058349422,-0.16565770670224925,0.05296290760879546,-0.777425213690243,0.6044522245359466
118.748,165.43131076703742,-202.08613615729476,-116.50153209715164,-0.19606409453342755,0.08100305992407264,-0.7341681418619929,0.644976367468323
118.88,-9.135391527963325,-81.2964291704506,-82.76741409201468,-0.1679754157943578,0.058179434933042465,-0.7759584205557433,0.6052172689276314
118.88,146.52384997422922,-201.0979724469933,-113.73178971141189,-0.1231287323997655,0.0365219094851826,-0.7349373972240798,0.6658622136348316
119.016,144.8781265857021,-198.13559670898783,-112.9307371783405,-0.1311271526194529,0.015306182312696833,-0.7366046938986577,0.6633135876456853
119.016,-6.934386738625918,-83.61518721916627,-83.46665359544045,-0.16742262339314157,0.061708708499730765,-0.7756593008242584,0.6054042860075212
119.148,-5.594961871238791,-85.34181332320959,-84.08860306916888,-0.16578948791088766,0.06605931939305985,-0.7748268933594487,0.6064596419767083
119.148,145.40045865276198,-199.2002630578731,-113.42067029583545,-0.13041496576987424,0.015762763863792165,-0.736109591415526,0.66399257631745
119.248,-4.505012799694651,-86.37432807635552,-84.56935602030693,-0.16859231067203861,0.06339064453971528,-0.7740678789627776,0.6069408354404648
119.248,145.61602914411347,-200.18958109062385,-113.65676187100351,-0.13135363761180197,0.013542898075105387,-0.7355110471702674,0.6645196094084596
119.348,146.7850376039804,-200.02618882907282,-114.49813735008264,-0.13856242658295118,0.010109665123061601,-0.7350314285601159,0.6636467792729949
119.348,-14.325634793406707,-83.92340253039097,-83.5726951980905,-0.1408653085026297,0.03841790560684015,-0.7755326007487503,0.6141906988591759
119.448,-3.8329751898133324,-88.39377167113952,-85.27773220084211,-0.16647315526542106,0.0635389486330482,-0.7735332439564214,0.6081906042326181
119.448,148.23602587158211,-202.03764955419484,-114.78907841944597,-0.1377880205487298,0.015549626855082821,-0.7347370603725927,0.6640287061663612
119.548,-2.6937929845006217,-89.69300506112701,-85.79670060975155,-0.16907371294340157,0.06428582010719862,-0.7725780171127596,0.6086087580694134
119.548,148.6271215777728,-203.09321873355844,-115.09590284388064,-0.1399912884271665,0.017879448706603514,-0.733780245334517,0.6645670139536465
119.648,150.29182176557038,-206.05726907738597,-115.58276957197023,-0.13626761587568065,0.028178936499066852,-0.7342456391203706,0.6644700338119526
119.648,-1.4811834605190448,-91.0952423147165,-86.28446374149607,-0.16793418261543128,0.06636744700889854,-0.7726322883907024,0.6086319242555015
119.748,148.21925998984867,-203.90852814937173,-115.76745309188132,-0.1399773346149016,0.011556560120094555,-0.7338250866914524,0.6646604650906964
119.748,-10.897400603438273,-88.53425415317402,-85.42224137946098,-0.14193664982570484,0.04290128313309827,-0.7739574529125803,0.6156324621256261
119.848,148.5007819705598,-205.0489513013644,-116.12582675653458,-0.13943821613440058,0.010817977738140512,-0.733465868608355,0.6651825124170845
119.848,-10.761596943717546,-89.72216297432445,-85.83928164855115,-0.1418137971520872,0.04223304301328795,-0.7735989441524883,0.6161573586522358
119.98,-10.622071054760337,-91.0949019996838,-86.31253029674636,-0.12060061032179169,0.03636416004812916,-0.7779783840980347,0.6155345437343192
119.98,148.80222777985185,-206.3686973169594,-116.53154335323596,-0.11739756453171936,0.006219298201684859,-0.737461561469396,0.6650786250715173
120.112,-10.49744868781371,-92.49085032864207,-86.78481352390801,-0.11981156416585273,0.0348676116858788,-0.7781486607573592,0.6155599893665787
120.112,149.08457251504325,-207.71270443199919,-116.93551826638782,-0.11610633724777714,0.004660416903364351,-0.7376359590843183,0.6651246430789874
120.212,-10.409535501741539,-93.56455912823017,-87.14402630701761,-0.12498675248908665,0.03387316932488598,-0.7769952798149043,0.6160432251453447
120.212,149.28923283357878,-208.74739026173387,-117.2423513602189,-0.12092601079551848,0.0032409013504628875,-0.7365666054695593,0.6654592641015447
120.312,-10.32247283010859,-94.65056134374427,-87.50685294950407,-0.12865420251081774,0.03327145777721788,-0.776157658974931,0.6163768284809537
120.312,149.4904533842937,-209.7941163904842,-117.5521249213494,-0.12426036158673105,0.0023126664437037496,-0.735800913329577,0.6656958990827684
120.412,-10.244793926001073,-95.74859203679226,-87.87195697714326,-0.1292118220892406,0.02856503138210938,-0.7764240605536568,0.6161607113472012
120.412,149.6796458589393,-210.85375589723864,-117.86380385821329,-0.12418942933128736,-0.0025063723094998873,-0.7360582311496735,0.665423913078745
120.512,-10.169332344971249,-96.86146443664893,-88.24466199204073,-0.12870167105409366,0.029549771724568536,-0.7759840403789631,0.6167750480815916
120.512,149.86444041050788,-211.92828890348795,-118.18236112190239,-0.12345948308319359,-0.0015836174955694536,-0.7356124102389864,0.6660552755551504
120.612,-10.104655250085907,-97.98979771856942,-88.62345050289136,-0.11949095787371188,0.023217943445748925,-0.7791542747408549,0.6148995480902758
120.612,150.03632002890726,-213.01946792483474,-118.50659170570215,-0.11345648080294948,-0.007375683168995791,-0.7386621755458938,0.6644181038167216
120.712,-10.04877641619039,-99.13927515296068,-89.00140054520757,-0.11075575193746934,0.02676269051011072,-0.7808345779472854,0.6142591339909489
120.712,150.19765336160458,-214.1325188111257,-118.82937404108624,-0.10463471568940513,-0.0033525994049701407,-0.7402809425842661,0.6640967266869923
120.812,-9.997968317834513,-100.30479740689908,-89.37817656836565,-0.10415359684096538,0.02729450533815997,-0.7820193351780252,0.6138833746332886
120.812,150.35137265014296,-215.26191470637832,-119.15043219495972,-0.09775169483888115,-0.0024763857280536926,-0.7413878359806041,0.6639145655352419
120.912,150.49556304887807,-216.4036729128593,-119.46968777944598,-0.09318914784940538,-0.0076923769862206086,-0.7414007671507759,0.6645159986995379
120.912,-9.95340338804526,-101.4821357418757,-89.75349608741679,-0.10024755290369149,0.021902553738340907,-0.782204441021145,0.6145135626846321
121.012,-9.854879259418093,-102.65829956330681,-90.1748260444641,-0.1077082780521481,0.018865417458580766,-0.7815276240371769,0.6142129888971413
121.012,150.68968865006147,-217.55019579587486,-119.79556133544256,-0.10004111064343212,-0.011281997681405533,-0.7407271905189381,0.664219633807573
121.112,-9.88222951749814,-103.8720311564885,-90.54651753221941,-0.11107800382718579,0.01653007499323879,-0.7805859376180464,0.6148772460251241
121.112,150.75760093190678,-218.7368207312402,-120.1031042252731,-0.10306355138426307,-0.013930185951713974,-0.739933838465414,0.6645914301202303
121.212,-9.861937663750792,-105.09519075351999,-90.92458033633714,-0.11272064519292353,0.015076018515110748,-0.7803064219811358,0.6149704526463209
121.212,150.86556961224616,-219.92761151831687,-120.4207101701682,-0.10431259710063628,-0.01564356696520048,-0.739552602080573,0.6647827537282983
121.312,-9.842286713921233,-106.33442575332445,-91.30368055288652,-0.11264060714000315,0.016240929513939333,-0.780265927153426,0.6150068363482307
121.312,150.97959619202774,-221.13549276506254,-120.7341734605576,-0.10404641239724711,-0.014488843538501923,-0.7395353864717642,0.664869783969942
121.412,-9.74472951838012,-107.563006751293,-91.73311961550715,-0.11121715288236997,0.02096817080093824,-0.7805801173711293,0.614724134130812
121.412,151.16400811550687,-222.3323290360557,-121.09578800339081,-0.10256148472477382,-0.009532574509514953,-0.7399057153930557,0.66477801122101
121.512,-9.726563949766192,-108.82885822344443,-92.1256179332064,-0.1057499741558222,0.02222763184198971,-0.7817034494567313,0.6142170564679783
121.512,151.25782141520645,-223.56698378505968,-121.42884235520467,-0.09676261916458793,-0.008102855126683987,-0.741129132264891,0.6643033558394047
121.612,-9.83748788605972,-110.1306641200175,-92.48775649728665,-0.1053734497692878,0.02155020448632707,-0.7810138288191861,0.615182431449007
121.612,151.18289015877497,-224.87167477584657,-121.68054079739782,-0.0948422327569805,-0.008559050259551122,-0.7401610941642077,0.6656524981024018
121.716,-9.85297267284227,-111.48010673043493,-92.90156713180696,-0.10411414103730353,0.015503953507057756,-0.7822723469519038,0.6139787034222574
121.716,151.29114604992785,-226.1660161012093,-122.07682178733954,-0.0940162802732093,-0.015014897631135369,-0.7416417716953871,0.6640052517632997
121.848,-9.700469514028093,-113.15210055615275,-93.53213860259616,-0.10424942595250232,0.014165107792586777,-0.7833557083390789,0.6126052898256582
121.848,151.59306434608274,-227.81210773807234,-122.590142271437,-0.09370728245423633,-0.015153548066615436,-0.742857123905053,0.6626859049802916
121.948,-9.623503149527622,-114.52010490843696,-93.88235107438295,-0.10532996933893726,0.01785292441805515,-0.7827407887620187,0.6131098826939547
121.948,151.4962727785988,-229.15902595373234,-122.88695436780053,-0.0924493265224595,-0.013995729714453823,-0.7417413964658507,0.664136237788749
122.048,-9.898663868685748,-115.81735906920983,-94.37002074401121,-0.10483285193648313,0.014648383008470526,-0.7825676024490803,0.6135009744305209
122.048,151.92319708461673,-230.35205468975886,-123.38630676426286,-0.09894436203549495,-0.013102366743178134,-0.743135994226787,0.6616549216107146
122.148,-9.77790710967112,-117.23266613944128,-94.71318688929598,-0.10074009250255027,0.019364634567804358,-0.7836848629960319,0.612629153894527
122.148,151.5036296514408,-231.83431809277153,-123.5732638459961,-0.08696402057305969,-0.01189185143118091,-0.7428665485712933,0.6636604056361068
122.28,-9.74483610778419,-118.999684331942,-95.34291122341112,-0.09398645730324139,0.010101077607025269,-0.7864654851567112,0.6103577268553105
122.28,151.8299525107442,-233.56408147574652,-124.1105768988811,-0.08157429891767261,-0.01868386970664262,-0.7460110144188558,0.6606543068312088
122.412,-9.862425362812944,-120.93712738865312,-95.79553001950141,-0.08269341024269984,0.007990284888398909,-0.7876101393470758,0.6105474786185878
122.412,151.53073694460252,-235.46628190516242,-124.501108445225,-0.06743029122953469,-0.022866160052019763,-0.7462475034054514,0.6618496492484576
122.516,-10.16813018589278,-122.30922621773843,-96.36726175353046,-0.08806291296217464,0.003503375041662817,-0.7856282500571604,0.6123895022255508
122.516,152.04886573425566,-236.79825376479553,-124.99945218959584,-0.08004166365211574,-0.02155689543766955,-0.7458983552912425,0.6608814386202042
122.648,-9.705173617643473,-124.25716164630734,-96.88106559466168,-0.09697461592302313,0.009941428933551233,-0.7853439497236517,0.6113362188597987
122.648,152.01707335090222,-238.73442965269015,-125.4076818277591,-0.08291268127472372,-0.0198958959847668,-0.744902136345368,0.6617026884295593
122.748,-10.269503789980389,-125.82323401060219,-97.1993506858171,-0.09224467796032551,0.008470006450977202,-0.7854106726314887,0.6120042922196453
122.748,151.51993735564471,-240.27690146560084,-125.69156028894263,-0.07844108665223144,-0.02215998524619074,-0.7449404581483813,0.6621326489400636
122.852,-10.016917277016166,-127.34684543122754,-97.68211824172299,-0.09982860367387024,0.010553544273580528,-0.7848706608984867,0.6114743807000942
122.852,151.46543316508206,-241.8059590118096,-126.075403661404,-0.08219129220447174,-0.02264658739491259,-0.7440499478167877,0.6626623564976053
122.952,-10.42819876700068,-128.88859946196752,-98.07860308958651,-0.09474468007073915,0.005364311472365038,-0.7855677724146355,0.61145559503878
122.952,151.7215562592995,-243.2788680166835,-126.45707183170086,-0.08338662113929808,-0.023458642912445937,-0.7456029516114377,0.6607364088923733
123.048,-10.224577919075667,-130.35825333012744,-98.5049121008281,-0.09458396308649637,0.010543440727265973,-0.786157362889296,0.6106548211219089
123.048,151.6941291514168,-244.71633480447167,-126.82978493307523,-0.08069832854898,-0.020641785991932185,-0.745871130212639,0.6608615237368454
123.152,-10.620667657545367,-131.95628249606227,-98.96146313718899,-0.08954595494367225,0.00891002406682342,-0.7861849567737529,0.611404405583577
123.152,151.3040971000935,-246.34863278977406,-127.18514285776872,-0.07442920666817586,-0.02183968510074087,-0.7456955271872989,0.6617563766842772
123.248,-9.735996252196873,-133.2724127273867,-99.552637931304,-0.0998060528905772,0.012250708807448605,-0.7876492236633744,0.607862955280713
123.248,151.94613018863052,-247.75205501581559,-127.59430945879149,-0.0803202120533798,-0.01793923605622125,-0.7473494886568346,0.6593144842560246
123.348,-10.495577750601408,-134.9044098684315,-99.96548579835262,-0.08947368851277535,0.006097564707252864,-0.7887333635165333,0.6081586635446837
123.348,151.878817058178,-249.28365916530268,-128.01511147088746,-0.07750637787443766,-0.020473974717867004,-0.7489329909015967,0.6577788024003403
123.448,-10.51237536979292,-136.57293142925488,-100.36095990110535,-0.08904514759044249,0.010495130905183806,-0.7891556562904422,0.6076134989141374
123.448,151.5097400556744,-250.9535882921675,-128.34139982708882,-0.0728814932693428,-0.01949773735334923,-0.7490151788796238,0.6582434108936116
123.548,150.7685427304496,-252.61019596691517,-128.70125387298822,-0.06353135824994464,-0.023145947065347002,-0.7486478163980074,0.6595107873688352
123.548,-11.266997406781538,-138.24407687101285,-100.75120958710484,-0.07975523123470742,0.007678492658641438,-0.7891415450509126,0.6089628607032189
123.648,151.26970967957365,-254.18359015889823,-129.14070446052162,-0.0491056355747627,-0.02224267595807132,-0.7540643201948446,0.6545845254282365
123.648,-10.373519524297627,-139.73472659150175,-101.35268206922494,-0.0715388565452795,0.007975034347575297,-0.7949561256104732,0.6023813984393397
123.752,-11.24456178820965,-141.60682601535362,-101.70953324691898,-0.056762332817450564,-0.01061199298543559,-0.7958095877099628,0.6027872952268464
123.752,151.16884884933089,-255.93934170564052,-129.5153779548003,-0.042436128612334055,-0.03660155747859812,-0.7555244492068506,0.6527191644415106
123.848,-11.792698426306776,-143.2698478143135,-102.0934142726435,-0.05979576413380371,-0.021013512700137287,-0.7954459144185859,0.602701166508275
123.848,150.56145694676863,-257.5862059508399,-129.86983349571113,-0.04411343072347914,-0.049261557564297453,-0.7549828848770019,0.6524018299475749
123.952,-12.015557379321866,-144.9706986903934,-102.62464782848005,-0.0682194409509442,-0.028652122868442022,-0.7940641959377928,0.6033135308122459
123.952,150.488273911573,-259.3544395787148,-130.28316831785872,-0.05213306083302298,-0.05523010674518281,-0.7540082524996499,0.6524594504178177
124.052,-11.79586199001303,-146.7130444302562,-103.1037052192983,-0.07193900997942303,-0.025688414182213265,-0.793632211727705,0.6035832972574497
124.052,150.32127901641942,-261.072691732002,-130.68972097690227,-0.051388585578725984,-0.055606881251963156,-0.753068658275703,0.6535707184019804
124.148,-11.721331021079681,-148.42072760606393,-103.54541828335957,-0.07805974881664848,-0.020237233760791815,-0.7925223068632987,0.6044878188255479
124.148,150.21303133008718,-262.73373884206444,-131.09443354936096,-0.05630158520716557,-0.05263341067068489,-0.751901352340672,0.654755077821165
124.28,-14.152989216756534,-151.00996239386203,-103.78875102993355,-0.04444066557514299,-0.02521764365847141,-0.790597484591085,0.6102005531379023
124.28,148.28864388879575,-265.43483473914284,-131.2798006658649,-0.02609085331353117,-0.053827690753905526,-0.7495359139421244,0.6592554594331534
124.416,-12.811334035816062,-153.4930075457977,-104.61283595189367,-0.061509382777745744,-0.017024460185836855,-0.7925653161556833,0.6064379467123772
124.416,149.29802994995717,-267.9098019666921,-131.90864235821493,-0.039019660703673416,-0.04625670723443237,-0.7519294757341,0.6564600876189197
124.512,-12.666562903347373,-156.2557898023759,-104.43484124553244,-0.052372301010272376,0.003302280272109142,-0.7922350859683585,0.6079554305971794
124.512,150.16668085835678,-270.4674156171085,-131.7034387509421,-0.0372131088448934,-0.022210540700697633,-0.7532611343239464,0.6562922671560913
124.612,-12.017095195730615,-157.23285714588872,-105.48903880224002,-0.07587916728976428,-0.006516122268248758,-0.792452226870888,0.6051606069874079
124.612,150.43094184988917,-271.7718574511046,-132.49282262387678,-0.053830998380071056,-0.02995378092590364,-0.7532587119323438,0.6548330378956718
124.712,-13.794473464429622,-158.8617422456319,-106.08061256339127,-0.06832412557946442,-0.018469146357572346,-0.7901042274480069,0.6088727406161427
124.712,149.13971648134827,-273.3881273893913,-133.14350207778247,-0.05236356851624374,-0.04193560220985265,-0.7504097639900733,0.657559615599912
124.784,-13.441845865412876,-160.13684474716598,-106.50471954169554,-0.07201383897930053,-0.01547273688598478,-0.7907018292438094,0.6077542419754997
124.784,148.70209189907925,-274.55685968740846,-133.5660953952094,-0.0501014782693147,-0.04633880583082948,-0.7502703881803687,0.657599347299768
124.912,-13.748298116732789,-162.74446102892784,-107.0557584199908,-0.06349176647821093,-0.013283724163258659,-0.7911989396380205,0.6081090166882114
124.912,147.5465317238326,-276.8538512150856,-134.19355655264636,-0.03761339023507912,-0.05426983178536326,-0.7492313807406972,0.6590086162914721
125.012,-14.125231801555273,-165.57173384388844,-107.07654066827662,-0.039883058808192574,-0.005111424244588564,-0.7941802081991163,0.6063505684561553
125.012,148.16790413451398,-280.1256558890443,-133.8904011120048,-0.015082393195806978,-0.029525514048559545,-0.754403169243075,0.6555735074510409
125.112,-14.622447535331839,-167.7036880779955,-107.49040230604336,-0.045105899462807075,-0.002273007673612778,-0.7912545524297622,0.609816795873108
125.112,147.52544955060378,-282.11605114867683,-134.33763418679698,-0.02151175931098141,-0.03170509735412291,-0.7513648541791335,0.6587737752199018
125.212,-13.85502274523048,-169.1820369210343,-108.29350605251354,-0.06015178496760786,-0.008031590752042713,-0.7923005024446725,0.6071055675425174
125.212,148.00140632790632,-283.6300429547489,-135.03832599793034,-0.034784259538851704,-0.03793015622941159,-0.7521860898573576,0.6569379306767463
125.312,-15.819704796211386,-170.67493949670344,-108.97331231305536,-0.03532358891369746,-0.029467902064296562,-0.7946638710626086,0.6053042365967507
125.312,146.1143242204379,-285.23736363437433,-135.67691971552605,-0.01055395722629211,-0.05853506412411718,-0.753305704249161,0.6549754012178829
125.412,-15.446774376508586,-172.9855846204758,-109.40475866700716,-0.04385688002438547,-0.022727862357897165,-0.7923460150431908,0.6080689194428073
125.412,146.82686096829806,-287.4938522683682,-136.04683243016532,-0.023082607160713153,-0.0494887149237145,-0.7519092657693139,0.6570011540264711
125.512,-15.763117864552985,-175.9206855704126,-109.5274388132568,-0.041247810678151454,-0.005033749632041186,-0.7896638287480412,0.6121309639659521
125.512,146.4567581704294,-290.51558441478164,-136.07643450548747,-0.01711309179960583,-0.031024394794581744,-0.7498644810452265,0.6606420279421084
125.612,-16.238361890519496,-177.00832043463208,-110.47405784677349,-0.05665235016340894,-0.02250907019262946,-0.7888272308995543,0.6115843791100026
125.612,145.62105511180417,-291.5443652345629,-136.99722005138008,-0.03300787004946502,-0.05391784684655542,-0.7479870460388959,0.6606956373885298
125.716,-16.013090827724692,-179.23354177691493,-111.02190159131834,-0.05996793147748472,-0.016581315322384303,-0.7893913189514015,0.6107292794198246
125.716,145.32998683129688,-293.9571069377733,-137.3983120781487,-0.029701141964727163,-0.048178689530131456,-0.7484138207610407,0.6608126882370005
125.848,-16.228328479760577,-181.88488149152568,-111.7885346603804,-0.05334508788708052,-0.015133782155950072,-0.7894692052619509,0.6112803319092147
125.848,145.57216369522473,-296.60747497887206,-138.0765257988595,-0.02935084001576015,-0.042899710512615694,-0.7487949253794901,0.6607603973863954
125.948,-17.75700235215873,-184.96789517311657,-111.94779123606547,-0.03354727728967542,-0.006948047423355657,-0.788847935380124,0.6136328215390443
125.948,143.6404049312285,-299.2105864557088,-138.40766329684504,-0.01052071280048524,-0.04490105385934565,-0.7472439641204539,0.6629477113996547
126.048,-17.869459473674922,-187.44351312854837,-112.38911025928815,-0.03669869328782871,0.0011061030093079559,-0.787811111044729,0.6148216292239308
126.048,144.74928106976648,-302.31798348962036,-138.56836340611403,-0.016686615313561446,-0.019073186392785872,-0.7482354441753823,0.6629490859107293
126.148,-18.542957444367513,-189.60573851396853,-112.95614150100954,-0.03411216920895456,0.00036280703260612747,-0.7865700916494371,0.6165579609456946
126.148,143.94819412543833,-304.38007229468286,-139.13706723547642,-0.014950913312968238,-0.0232414203290216,-0.7465612279462097,0.6647425362496713
126.248,-18.915825905375236,-190.30732938480529,-114.00699870926618,-0.05477466921093971,-0.014575839139616851,-0.7853743510132398,0.6164206431461723
126.248,143.0814220716506,-305.3712539273435,-140.02842302382504,-0.03227578260680547,-0.040279234878726866,-0.7445927706112374,0.6655204452518223
126.348,-17.647423863836863,-193.6565582401931,-114.23834617126457,-0.06142629376595292,0.010657071770012174,-0.7856161181375741,0.6155652298318326
126.348,144.2913741319454,-308.42715621587433,-140.23308635686809,-0.04038947483899764,-0.016815661726165873,-0.7459608964916141,0.6645511754171899
126.448,-18.893770988230862,-195.2985771787123,-114.97843546730884,-0.06447306694967674,0.00242141221904889,-0.7841385449294314,0.617222895522292
126.448,142.38706995080219,-310.20991981745453,-140.9136331959549,-0.03873396460256743,-0.029952517500306464,-0.7434393757520534,0.6670085616114371
126.548,-18.036690410615215,-197.789113856251,-115.48591517787438,-0.07128911181684944,0.015378992767092457,-0.7850486152733245,0.6151260202391626
126.548,143.71258138536413,-312.81218983758265,-141.27903624824035,-0.049412707719284917,-0.01070245431824968,-0.7456654912999858,0.6643995912639963
126.652,-19.651294492831216,-200.66668462212678,-115.94542858967296,-0.05869165132229686,0.016420062309792115,-0.7840318415539317,0.6177214121659984
126.652,142.24817279349259,-315.73904147464015,-141.734746613143,-0.03720662111351731,-0.009887438548634019,-0.7444885282352379,0.6665243710700995
126.748,-19.116677359503583,-203.3938971950497,-116.37751390943644,-0.0630349204077258,0.027658153149077137,-0.784238420638419,0.6166293254201687
126.748,143.50809520327266,-318.5045458704989,-142.03323086993464,-0.04682977175168362,0.008214791499914427,-0.7457972601036317,0.6644741804616747
126.852,-21.22314282118654,-204.5403378228465,-117.29615068531287,-0.06164305032548451,0.0009008677792824198,-0.7850730985501027,0.616327471979592
126.852,141.3193692545833,-320.13182478203896,-142.83272488278098,-0.042265280648784216,-0.01808294407711004,-0.7457433275573707,0.6646454262152445
126.948,-20.530019373429866,-207.43602981754432,-117.72752272090662,-0.06301777441196875,0.016310868457843304,-0.7861194726553784,0.6146372022505171
126.948,142.19996433640247,-322.9738887969297,-143.17973865532107,-0.04567205831226891,-0.0008556534343995602,-0.74763555705776,0.6625363422255824
127.052,-20.87651940555577,-209.60063239808687,-118.42218762341797,-0.06674382618743796,0.014079819005166612,-0.7871532353348433,0.6129737388049604
127.052,140.3602362539469,-325.0184336373795,-143.88437800012122,-0.04034262439294226,-0.015949259760498952,-0.7476894555635162,0.662630041432861
127.148,143.0403448535556,-328.6086859458351,-144.00213347064852,-0.04120931714182535,0.017213559498372135,-0.7525741748909089,0.6569913217367245
127.148,-18.859659933275317,-213.2895502544234,-118.62406649349494,-0.06259179245293854,0.03919550611998681,-0.7903176250791506,0.6082302453074638
127.248,142.845357392901,-331.3861369155958,-144.518452822491,-0.04335364324782018,0.010169765654482363,-0.7599583365547528,0.6484445729471463
127.248,-19.012551327873016,-216.00355594394418,-119.21379096472967,-0.06564530319666119,0.031984170342918256,-0.7970096346931591,0.5995359448956926
127.348,-19.151692376166928,-218.64008806610698,-119.7879492826483,-0.06794859126610645,0.03203385896895181,-0.7975559938342256,0.5985492941467808
127.348,142.66273384055646,-334.08505190554246,-145.02150933119972,-0.045384676510783185,0.01019292947787869,-0.7607068844431387,0.6474267304394249
127.448,-19.298007644295097,-221.30660136260602,-120.36703238899182,-0.07089737819334399,0.036064307360754146,-0.7970676626969808,0.5986284896182867
127.448,142.47040481666303,-336.81715835720354,-145.52986832128067,-0.04833659246921266,0.014115359684845712,-0.760375273983206,0.6475289747682318
127.548,-19.450935762679947,-224.000601270656,-120.95124549081092,-0.0719863087090045,0.035583311347596944,-0.796607010046727,0.5991402764431762
127.548,142.2686010935255,-339.5799508204725,-146.04372015353127,-0.049153660650722436,0.013638376312040817,-0.7599927440622579,0.6479266480929182
127.68,-19.6621946125954,-227.59941821563325,-121.72750443606053,-0.06834565737702808,0.039282569961456806,-0.7967665733563236,0.5991233415557666
127.68,141.98829433095094,-343.2744628412814,-146.7276502337517,-0.04540987819856808,0.01766749731969617,-0.7601355910604357,0.6479349394064594
127.812,-19.885772676103144,-231.24505071087876,-122.50879140044486,-0.07144844458753849,0.03624117728382105,-0.7977571593359536,0.5976330074245685
127.812,141.6901854710333,-347.0216561118405,-147.41738613282732,-0.04795628397600297,0.014603843650406451,-0.7614132054765287,0.6463256556131786
127.912,-20.063043416779266,-234.04052012399256,-123.10749977490653,-0.07123617684865108,0.03727492618462913,-0.7979997542385631,0.5972707754621109
127.912,141.45326215576637,-349.8979451961093,-147.94724016930363,-0.04754717664762432,0.015745275233084007,-0.7617431374637671,0.6459402022072406
128.012,-20.246748531898618,-236.86538443948638,-123.71078213996954,-0.0701601110946977,0.038499514554747975,-0.7985949689484402,0.5965244519384499
128.012,141.2070764650406,-352.80697751100183,-148.4821011623896,-0.04627803252289144,0.017142547296590805,-0.7624211681637754,0.6451964345172551
128.112,140.95106177326198,-355.74792380954204,-149.0224696251155,-0.04605708779150135,0.018184830996013947,-0.7618903053403003,0.645810513397139
128.112,-20.437350006898747,-239.7187165205868,-124.31909199357594,-0.0701165287100812,0.03947891729470743,-0.7980340376778015,0.5972158422200063
128.212,-20.635941860642298,-242.5988190845582,-124.93304948045206,-0.0634122233009138,0.04123544821972268,-0.7997887054869466,0.5954968969874384
128.212,140.68391657684973,-358.7192679762774,-149.5690563085678,-0.039170805372519185,0.020488704232739612,-0.7636040722148804,0.6441697617105164
128.312,-20.84209879829344,-245.50958134097962,-125.55066888593755,-0.0637382737015966,0.04082824508342446,-0.8005838262000837,0.5944207466902398
128.312,140.40385080836765,-361.72466973526514,-150.11989744448087,-0.03919482514614216,0.020185863726876085,-0.7645732322986984,0.6430272692815477
128.412,-21.606373999297293,-245.66940719159672,-126.67366947643208,-0.004444471850598271,-0.32029210867241914,-0.7240754531623744,0.6108256297175544
128.412,137.83237937678715,-365.15787077590625,-151.116938589485,0.023095276439210295,0.027163896710372323,-0.764727636706142,0.6433664372498333
128.512,-22.27561323234085,-248.30343516590182,-127.47157427424229,0.011699099413944385,-0.31649088152424043,-0.7274401809523438,0.6087096484539516
128.612,-22.965146007215072,-250.74095067264244,-128.32434158684902,0.010661273392927207,-0.3180722013739547,-0.7265057343018747,0.6090203855284829
128.716,-23.6378024694218,-253.33443134443968,-129.11696953065933,0.023665841599293132,-0.31885721406938233,-0.7262207579608644,0.6085831214255428
128.816,-24.349008098166145,-255.83230624088986,-129.8845674209005,0.025989994710652053,-0.3179026073016877,-0.7281634858128937,0.6066633253910648
128.948,-25.54088409541757,-259.10704988629186,-130.91816985863932,0.034301760169800584,-0.3187095426712789,-0.7277172868496292,0.6063622408096767
129.048,-26.28293729654228,-261.4998779792204,-131.87151010543073,0.041186335143069776,-0.322980612064519,-0.7253479693419895,0.6065125995388421
129.148,-27.204849011080352,-264.01382281321776,-132.6384620868352,0.04258246861894952,-0.32046135889447563,-0.7275797833349957,0.6050776063481634
129.248,-28.10916065350682,-266.7178169613319,-133.1761637854121,0.046678752929986515,-0.310119217304558,-0.7342415071531037,0.602110101440632
129.348,-29.284553931961792,-268.8436699480878,-134.44292270751473,0.036794705468801266,-0.3208051824630404,-0.7265209624525109,0.606545526462274
129.448,-30.14960244937314,-271.24578799586965,-135.42459208488316,0.03079705774339563,-0.31915934527066375,-0.7276178475384928,0.6064331137926111
129.548,-31.26552778789347,-273.8221491719516,-136.19036624423055,0.03352436425902407,-0.30920843859881436,-0.7306865401819161,0.6077527774492626
129.648,-32.33251736423652,-276.4829215395753,-136.8952380575665,0.039221742695421696,-0.29934832813543555,-0.736167496837522,0.6057306744275308
129.748,-33.67357226838554,-278.6364438282858,-138.11160768029237,0.02639099227941747,-0.30856694479476826,-0.7312434780565468,0.607760587654625
129.848,-35.10827645698936,-281.0586850862164,-139.0675300522885,0.027998481066651402,-0.3066159317006657,-0.7318060375606364,0.607998913547626
129.948,-36.39092078028454,-283.2085693419068,-140.29514117387302,0.017387752027127078,-0.31411166033172,-0.72849515151338,0.6085444479613558
130.048,-37.696586226971974,-285.9060322514362,-141.06683772783344,0.023765987611895877,-0.30088461366183383,-0.7345274874792492,0.6077606413974355
130.148,-39.30242462662354,-288.0467400417978,-142.28510691348,0.032958547152031566,-0.30612745786339673,-0.730254277315925,0.6098593314638368
130.28,-41.25944576822519,-291.21156293407154,-143.66709452232567,0.036415862520944045,-0.30106506630877156,-0.7320215789614287,0.6100640283938787
130.412,-43.352570474442295,-294.66793365542026,-144.850006532681,0.046491896280797244,-0.2938137864019812,-0.7364058486456048,0.6076334327379406
130.512,-44.36935908322253,-297.3612518590478,-145.75213162520132,0.04716974954185027,-0.2859097221959406,-0.7431090679627652,0.6031745672634996
130.612,-46.44800039383489,-299.498006331558,-147.00449048428302,0.044117800867125155,-0.2955120607110024,-0.7405214521831072,0.6019586534618533
130.712,-48.11881433338692,-302.00967227894733,-148.05123429783316,0.050979758727124846,-0.2954846445656374,-0.7422025839989478,0.5993539966758611
130.812,-50.00663232461352,-303.9484603648098,-149.44967044782584,0.044526261517526075,-0.3050263927010701,-0.7375696259017536,0.6008055914671513
130.916,-51.68705111276546,-307.54501947110424,-150.00018707129988,0.06269006365297279,-0.28081874288906344,-0.7505431866709195,0.5948913468048214
131.048,-54.33773700291763,-310.0934495337724,-151.87361677448828,0.05419139204646296,-0.29236933443561985,-0.7452283927335177,0.5968401025178829
131.152,-56.54002507120377,-312.02712230229196,-153.4032333322323,0.044267644710399415,-0.30049945654585636,-0.7408637992873434,0.5990503177137647
131.248,-58.96526887605992,-314.97690164003495,-154.23427560409627,0.06744155689961916,-0.29260346379716906,-0.7459170485829227,0.5945103918437389
131.348,-60.54257963318177,-317.2551319900348,-155.4962504838349,0.0704716959874832,-0.2903712664067353,-0.7468024948377566,0.5941416509672584
131.448,-63.095868209459645,-319.2698402533305,-156.91331758274697,0.07784513478488302,-0.30401548380400967,-0.7408256910803895,0.5938787890074884
131.548,-64.85323046078784,-322.0693800231622,-157.9776908640288,0.07692936129681104,-0.29864306564012577,-0.746501179345138,0.5896017146785196
131.648,-67.87609744582736,-323.63555264015883,-159.60384458987937,0.06914464513377898,-0.3189340201208952,-0.7386120532272994,0.5898748542582583
131.748,-69.29105888435127,-326.76379999722417,-160.55632606816377,0.07006259688407024,-0.3022567379476372,-0.748405764090277,0.5861918706017359
131.848,-72.62956020450545,-327.7178494147395,-162.43857512114715,0.04804788673769363,-0.3177366632971884,-0.7365930268670424,0.5951180774835024
131.948,-74.2143014706774,-331.71952358396885,-163.14909318427485,0.05798164982641441,-0.2854165848437012,-0.7528809838378144,0.5902082052589326
132.052,-77.22999674610476,-333.2653654563001,-164.8789557550982,0.05203316057618856,-0.294484184065703,-0.7447309526571886,0.5966132949322586
132.148,-79.26867527115998,-335.95745805795286,-166.0364630918016,0.057473250470837366,-0.2824979768312002,-0.7503575779689236,0.594857313774661
132.248,-82.31083897760199,-337.8164697960583,-167.60614950731144,0.057491422531700524,-0.2888572093827102,-0.7467535072929008,0.5963350134518908
132.352,-84.08918385742132,-341.75401952247347,-168.53040398652934,0.07184990430590436,-0.261937317688886,-0.7593969860774762,0.5912213209870137
132.448,-87.2003096084735,-343.34364725085834,-170.1326961600391,0.06775316741355629,-0.27280079840924804,-0.7537357828615249,0.5940299675326419
132.548,-89.62818023216886,-346.56546493303534,-171.29586851280698,0.07181062196890456,-0.2589031232009635,-0.7602742700576026,0.5914350696886391
132.648,-92.92684088911444,-347.680797292838,-173.13979610412616,0.06443438478116494,-0.27557537679810046,-0.7517246104465771,0.5956647814076304
132.748,-95.4563068034395,-350.2700603575131,-174.5136888259144,0.06034556712399898,-0.2706603396897845,-0.7549422367742155,0.594275703846151
132.848,-97.2103220689615,-355.2046201626558,-175.20781614141603,0.08369940261740536,-0.23456007420359085,-0.7716091801890715,0.5853163714086975
132.948,-101.63225733704479,-354.5548383716793,-177.61304150205325,0.05907210749583053,-0.2772594043735309,-0.7517486582749052,0.595408820546283
133.048,-103.76830697980053,-358.543758219144,-178.6639254014582,0.07268452660683997,-0.25537635329576336,-0.7624212022739133,0.5900964227077614
133.148,-106.74615088126485,-361.65304321124097,-180.0245847082854,0.0763334130821679,-0.24853636933689663,-0.767680566393396,0.5857212913544936
133.28,-111.40245247131065,-363.63337284646997,-182.38700321587436,0.06990815885089748,-0.262950017944055,-0.761411389842392,0.5884070298760681
133.388,-115.33413594577193,-364.8387431153883,-184.41723112460934,0.05741243289475701,-0.27452451606726797,-0.7546632526988244,0.5931470961348191
133.48,-117.16147068224682,-369.59775702011365,-185.18161812369993,0.07770806208326704,-0.24278016014543102,-0.7705413829732172,0.5841962239288649
133.612,-122.33671881154294,-370.76151963682327,-187.80292824836567,0.05952452060431234,-0.2602495076374255,-0.7597953983426688,0.5928220457090051
133.712,-125.3109190389888,-374.57266574460937,-189.15728399541493,0.07834026955333726,-0.24637832962242504,-0.7674008552316319,0.5867337115323563
133.812,-128.75289244073835,-376.3584770948367,-190.8717404038896,0.07155863347284379,-0.25324978310816215,-0.7651472320639612,0.5876169012171337
133.912,-132.27568007904236,-379.57900117836454,-192.45628856924537,0.08261133855835018,-0.24593434347056814,-0.7685684565710362,0.5848026957934734
134.012,-136.214273860255,-380.80438826904003,-194.36612745095894,0.07452267451854033,-0.2589687552184379,-0.7641424519796739,0.5860613175135414
134.112,-137.8760497614855,-386.9710787984269,-195.16325579693435,0.0935715932005347,-0.21935311992872972,-0.782770736565113,0.5748030442688666
134.216,-141.42223139580943,-388.76235860656533,-196.8870873835794,0.08038276444585549,-0.22380241692134098,-0.7803873306642184,0.5783136722393696
134.348,-147.47133280283748,-389.7070370855255,-199.5043304227979,0.06742840998035862,-0.24542072063762688,-0.7702373589663225,0.5847704594640644
134.448,-152.36932517638962,-391.17040828670343,-201.83222352624725,0.06868137614976058,-0.2581993420097517,-0.7653670334884073,0.5855162443562618
134.58,-157.4862782154471,-393.5834253805738,-204.25084583601426,0.06210045272034719,-0.25608409548295585,-0.7647008708657042,0.5880451070367293
134.712,-162.13382041719555,-397.93336390542356,-206.38257753706603,0.06726303749437067,-0.247870348420034,-0.7719004289309213,0.5815545563207473
