round,date,machine,boot,arm,arm_prov,cauchy,stack,result,arrive,arrive_l3,res_l3,dual,j0,j0d_jump,j0d_transit,j0d_dom,njf,t2fail,four_green,net_round,wa_verdict,birth_machine,sync_channel,judge_site
run_1aO1_E12O_030436,2026-10-08 03:06,3090,B1006,SG:guard=1 sane_p=50.0 sane_v=15.0 resume_gap=0.15 | GATE:cost_gate=1 ratio=10.0 n=5 win=20 | min_disparity=0 fardrop_min_near=30 depth_gate=0 | RFIX(staged) | IQG:gate=0 corners=80 depth_r=0.50 band=100m stereo_r=0.30 staged_n=80 max_consec=30,banner:T2SGCFG+banner:T2GATECFG+banner:T2RFIXCFG+banner:T2IQGCFG,-,IQG(f622bae2/886b1e90),PASS,0.509,,,AGREE,0.443,,,,,0,1,1,,3090,native,3090
run_1aO2_NE8O_030709,2026-10-08 03:18,3090,B1006,SG:guard=1 sane_p=50.0 sane_v=15.0 resume_gap=0.15 | GATE:cost_gate=1 ratio=10.0 n=5 win=20 | min_disparity=0 fardrop_min_near=30 depth_gate=0 | RFIX(staged) | IQG:gate=0 corners=80 depth_r=0.50 band=100m stereo_r=0.30 staged_n=80 max_consec=30,banner:T2SGCFG+banner:T2GATECFG+banner:T2RFIXCFG+banner:T2IQGCFG,-,IQG(f622bae2/886b1e90),FAIL,9.921,,,AGREE,0.124,,,,,1,0,0,,3090,native,3090
run_1aO3_S8O_031836,2026-10-08 03:26,3090,B1006,SG:guard=1 sane_p=50.0 sane_v=15.0 resume_gap=0.15 | GATE:cost_gate=1 ratio=10.0 n=5 win=20 | min_disparity=0 fardrop_min_near=30 depth_gate=0 | RFIX(staged) | IQG:gate=0 corners=80 depth_r=0.50 band=100m stereo_r=0.30 staged_n=80 max_consec=30,banner:T2SGCFG+banner:T2GATECFG+banner:T2RFIXCFG+banner:T2IQGCFG,-,IQG(f622bae2/886b1e90),FAIL,7.003,,,AGREE,0.43,,,,,0,0,0,,3090,native,3090
run_1aO4_E8O_032707,2026-10-08 03:29,3090,B1006,SG:guard=1 sane_p=50.0 sane_v=15.0 resume_gap=0.15 | GATE:cost_gate=1 ratio=10.0 n=5 win=20 | min_disparity=0 fardrop_min_near=30 depth_gate=0 | RFIX(staged) | IQG:gate=0 corners=80 depth_r=0.50 band=100m stereo_r=0.30 staged_n=80 max_consec=30,banner:T2SGCFG+banner:T2GATECFG+banner:T2RFIXCFG+banner:T2IQGCFG,-,IQG(f622bae2/886b1e90),PASS,0.314,,,AGREE,0.155,,,,,0,1,1,,3090,native,3090
run_1aO5_NE12O_032934,2026-10-08 03:31,3090,B1006,SG:guard=1 sane_p=50.0 sane_v=15.0 resume_gap=0.15 | GATE:cost_gate=1 ratio=10.0 n=5 win=20 | min_disparity=0 fardrop_min_near=30 depth_gate=0 | RFIX(staged) | IQG:gate=0 corners=80 depth_r=0.50 band=100m stereo_r=0.30 staged_n=80 max_consec=30,banner:T2SGCFG+banner:T2GATECFG+banner:T2RFIXCFG+banner:T2IQGCFG,-,IQG(f622bae2/886b1e90),PASS,0.099,,,AGREE,0.129,,,,,0,1,1,,3090,native,3090
run_1aO6_E8O_040115,2026-10-08 04:01,?,n/a,legacy(无banner),era-map:默认,-,"?(机器不明,栈不可判)",,,,,,,,,,,0,,,,?,?,3090
run_1aO6_E8O_040815,2026-10-08 04:10,3090,B1006,SG:guard=1 sane_p=50.0 sane_v=15.0 resume_gap=0.15 | GATE:cost_gate=1 ratio=10.0 n=5 win=20 | min_disparity=0 fardrop_min_near=30 depth_gate=0 | RFIX(staged) | IQG:gate=0 corners=80 depth_r=0.50 band=100m stereo_r=0.30 staged_n=80 max_consec=30,banner:T2SGCFG+banner:T2GATECFG+banner:T2RFIXCFG+banner:T2IQGCFG,-,IQG(f622bae2/886b1e90),PASS,0.336,,,AGREE,0.116,,,,,0,1,1,,3090,native,3090
run_1aP1_N8P_023607,2026-10-08 02:43,3090,B1006,SG:guard=1 sane_p=50.0 sane_v=15.0 resume_gap=0.15 | GATE:cost_gate=1 ratio=10.0 n=5 win=20 | min_disparity=0 fardrop_min_near=30 depth_gate=0 | RFIX(staged) | IQG:gate=0 corners=80 depth_r=0.50 band=100m stereo_r=0.30 staged_n=80 max_consec=30,banner:T2SGCFG+banner:T2GATECFG+banner:T2RFIXCFG+banner:T2IQGCFG,-,IQG(f622bae2/886b1e90),FAIL,7.949,,,AGREE,0.055,,,,,0,0,0,,3090,native,3090
run_1aP2_N8Pr_024336,2026-10-08 02:45,3090,B1006,SG:guard=1 sane_p=50.0 sane_v=15.0 resume_gap=0.15 | GATE:cost_gate=1 ratio=10.0 n=5 win=20 | min_disparity=0 fardrop_min_near=30 depth_gate=0 | RFIX(staged) | IQG:gate=0 corners=80 depth_r=0.50 band=100m stereo_r=0.30 staged_n=80 max_consec=30,banner:T2SGCFG+banner:T2GATECFG+banner:T2RFIXCFG+banner:T2IQGCFG,-,IQG(f622bae2/886b1e90),PASS,0.087,,,AGREE,0.083,,,,,0,1,1,,3090,native,3090
run_1aP3_S12P_024603,2026-10-08 02:53,3090,B1006,SG:guard=1 sane_p=50.0 sane_v=15.0 resume_gap=0.15 | GATE:cost_gate=1 ratio=10.0 n=5 win=20 | min_disparity=0 fardrop_min_near=30 depth_gate=0 | RFIX(staged) | IQG:gate=0 corners=80 depth_r=0.50 band=100m stereo_r=0.30 staged_n=80 max_consec=30,banner:T2SGCFG+banner:T2GATECFG+banner:T2RFIXCFG+banner:T2IQGCFG,-,IQG(f622bae2/886b1e90),FAIL,10.322,,,AGREE,0.117,,,,,0,0,0,,3090,native,3090
run_1aP4_W5P_025333,2026-10-08 03:00,3090,B1006,SG:guard=1 sane_p=50.0 sane_v=15.0 resume_gap=0.15 | GATE:cost_gate=1 ratio=10.0 n=5 win=20 | min_disparity=0 fardrop_min_near=30 depth_gate=0 | RFIX(staged) | IQG:gate=0 corners=80 depth_r=0.50 band=100m stereo_r=0.30 staged_n=80 max_consec=30,banner:T2SGCFG+banner:T2GATECFG+banner:T2RFIXCFG+banner:T2IQGCFG,-,IQG(f622bae2/886b1e90),FAIL,2.501,,,AGREE,0.32,,,,,0,0,0,,3090,native,3090
run_1aP5_S8P_030101,2026-10-08 03:04,3090,B1006,SG:guard=1 sane_p=50.0 sane_v=15.0 resume_gap=0.15 | GATE:cost_gate=1 ratio=10.0 n=5 win=20 | min_disparity=0 fardrop_min_near=30 depth_gate=0 | RFIX(staged) | IQG:gate=0 corners=80 depth_r=0.50 band=100m stereo_r=0.30 staged_n=80 max_consec=30,banner:T2SGCFG+banner:T2GATECFG+banner:T2RFIXCFG+banner:T2IQGCFG,-,IQG(f622bae2/886b1e90),PASS,0.227,,,AGREE,0.192,,,,,0,1,1,,3090,native,3090
run_A1OBS_N8P_r1_070732,2026-10-09 07:09,3090,B1006,SG:guard=1 sane_p=50.0 sane_v=15.0 resume_gap=0.15 | GATE:cost_gate=1 ratio=10.0 n=5 win=20 | min_disparity=0 fardrop_min_near=30 depth_gate=0 | RFIX(staged) | IQG:gate=1 corners=80 depth_r=0.50 band=100m stereo_r=0.10 staged_n=80 max_consec=30,banner:T2SGCFG+banner:T2GATECFG+banner:T2RFIXCFG+banner:T2IQGCFG,-,IQG(f622bae2/886b1e90),PASS,0.098,,,AGREE,0.094,,,,,0,1,1,,3090,native,3090
run_A1OBS_N8P_r2_070959,2026-10-09 07:17,3090,B1006,SG:guard=1 sane_p=50.0 sane_v=15.0 resume_gap=0.15 | GATE:cost_gate=1 ratio=10.0 n=5 win=20 | min_disparity=0 fardrop_min_near=30 depth_gate=0 | RFIX(staged) | IQG:gate=1 corners=80 depth_r=0.50 band=100m stereo_r=0.10 staged_n=80 max_consec=30,banner:T2SGCFG+banner:T2GATECFG+banner:T2RFIXCFG+banner:T2IQGCFG,-,IQG(f622bae2/886b1e90),FAIL,9.115,,,AGREE,5.435,,,,,0,0,0,,3090,native,3090
run_A1OBS_N8P_r3_071747,2026-10-09 07:18,?,n/a,legacy(无banner),era-map:默认,-,"?(机器不明,栈不可判)",,,,,,,,,,,0,,,,?,?,3090
run_A1OBS_N8P_r3b_072300,2026-10-09 07:25,3090,B1006,SG:guard=1 sane_p=50.0 sane_v=15.0 resume_gap=0.15 | GATE:cost_gate=1 ratio=10.0 n=5 win=20 | min_disparity=0 fardrop_min_near=30 depth_gate=0 | RFIX(staged) | IQG:gate=1 corners=80 depth_r=0.50 band=100m stereo_r=0.10 staged_n=80 max_consec=30,banner:T2SGCFG+banner:T2GATECFG+banner:T2RFIXCFG+banner:T2IQGCFG,-,IQG(f622bae2/886b1e90),FAIL,0.161,,,AGREE,3.35,,,,,0,0,0,,3090,native,3090
run_ARMCHK_225326,2026-10-05 22:53,?,n/a,SG:guard=1 sane_p=50.0 sane_v=15.0 resume_gap=0.15 | GATE:cost_gate=1 ratio=10.0 n=5 win=20 | min_disparity=0 fardrop_min_near=30 depth_gate=0 | RFIX(staged),banner:T2SGCFG+banner:T2GATECFG+banner:T2RFIXCFG,-,"?(机器不明,栈不可判)",,,,,,,,,,,34,,,,?,?,3090
run_BX_DRY_E12O_052956,2026-10-10 05:32,3090,B1006,SG:guard=1 sane_p=50.0 sane_v=15.0 resume_gap=0.15 | GATE:cost_gate=1 ratio=10.0 n=5 win=20 | min_disparity=0 fardrop_min_near=30 depth_gate=0 | RFIX(staged) | IQG:gate=0 corners=80 depth_r=0.50 band=100m stereo_r=0.30 staged_n=80 max_consec=30,banner:T2SGCFG+banner:T2GATECFG+banner:T2RFIXCFG+banner:T2IQGCFG,-,IQG(f622bae2/886b1e90),FAIL,0.05,,,AGREE,1.294,,,,,0,0,0,,3090,native,3090
run_BX_DRY_N8P_043039,2026-10-10 04:30,?,n/a,legacy(无banner),era-map:默认,-,"?(机器不明,栈不可判)",,,,,,,,,,,0,,,,?,?,3090
run_BX_DRY_N8P_052019,2026-10-10 05:28,3090,B1006,SG:guard=1 sane_p=50.0 sane_v=15.0 resume_gap=0.15 | GATE:cost_gate=1 ratio=10.0 n=5 win=20 | min_disparity=0 fardrop_min_near=30 depth_gate=0 | RFIX(staged) | IQG:gate=0 corners=80 depth_r=0.50 band=100m stereo_r=0.30 staged_n=80 max_consec=30,banner:T2SGCFG+banner:T2GATECFG+banner:T2RFIXCFG+banner:T2IQGCFG,-,IQG(f622bae2/886b1e90),FAIL,8.245,,,AGREE,2.847,,,,,0,0,0,,3090,native,3090
run_BX_E12O_A_060401,2026-10-10 06:06,3090,B1006,SG:guard=1 sane_p=50.0 sane_v=15.0 resume_gap=0.15 | GATE:cost_gate=1 ratio=10.0 n=5 win=20 | min_disparity=0 fardrop_min_near=30 depth_gate=0 | RFIX(staged) | IQG:gate=0 corners=80 depth_r=0.50 band=100m stereo_r=0.30 staged_n=80 max_consec=30,banner:T2SGCFG+banner:T2GATECFG+banner:T2RFIXCFG+banner:T2IQGCFG,-,IQG(f622bae2/886b1e90),PASS,0.327,,,AGREE,0.109,,,,,0,1,1,,3090,native,3090
run_BX_E12O_B_060122,2026-10-10 06:03,3090,B1006,SG:guard=1 sane_p=50.0 sane_v=15.0 resume_gap=0.15 | GATE:cost_gate=1 ratio=10.0 n=5 win=20 | min_disparity=0 fardrop_min_near=30 depth_gate=0 | RFIX(staged) | IQG:gate=0 corners=80 depth_r=0.50 band=100m stereo_r=0.30 staged_n=80 max_consec=30,banner:T2SGCFG+banner:T2GATECFG+banner:T2RFIXCFG+banner:T2IQGCFG,-,IQG(f622bae2/886b1e90),PASS,0.317,,,AGREE,0.109,,,,,0,1,1,,3090,native,3090
run_BX_E12P_A_062152,2026-10-10 06:28,3090,B1006,SG:guard=1 sane_p=50.0 sane_v=15.0 resume_gap=0.15 | GATE:cost_gate=1 ratio=10.0 n=5 win=20 | min_disparity=0 fardrop_min_near=30 depth_gate=0 | RFIX(staged) | IQG:gate=0 corners=80 depth_r=0.50 band=100m stereo_r=0.30 staged_n=80 max_consec=30,banner:T2SGCFG+banner:T2GATECFG+banner:T2RFIXCFG+banner:T2IQGCFG,-,IQG(f622bae2/886b1e90),FAIL,9.208,,,AGREE,0.74,,,,,0,0,0,,3090,native,3090
run_BX_E12P_B_062921,2026-10-10 06:36,3090(推定:boot窗),B1006,SG:guard=1 sane_p=50.0 sane_v=15.0 resume_gap=0.15 | GATE:cost_gate=1 ratio=10.0 n=5 win=20 | min_disparity=0 fardrop_min_near=30 depth_gate=0 | RFIX(staged) | IQG:gate=0 corners=80 depth_r=0.50 band=100m stereo_r=0.30 staged_n=80 max_consec=30,banner:T2SGCFG+banner:T2GATECFG+banner:T2RFIXCFG+banner:T2IQGCFG,-,IQG(f622bae2/886b1e90),FAIL,,,,,,,,,,8,,,,3090,native,3090
run_BX_E8P_A_053810,2026-10-10 05:40,3090(推定:boot窗),B1006,SG:guard=1 sane_p=50.0 sane_v=15.0 resume_gap=0.15 | GATE:cost_gate=1 ratio=10.0 n=5 win=20 | min_disparity=0 fardrop_min_near=30 depth_gate=0 | RFIX(staged) | IQG:gate=0 corners=80 depth_r=0.50 band=100m stereo_r=0.30 staged_n=80 max_consec=30,banner:T2SGCFG+banner:T2GATECFG+banner:T2RFIXCFG+banner:T2IQGCFG,-,IQG(f622bae2/886b1e90),FAIL,,,,,,,,,,0,,,,3090,native,3090
run_BX_E8P_B_054025,2026-10-10 05:40,?,n/a,legacy(无banner),era-map:默认,-,"?(机器不明,栈不可判)",,,,,,,,,,,0,,,,?,?,3090
run_BX_E8P_B_r2_054222,2026-10-10 05:49,3090(推定:boot窗),B1006,SG:guard=1 sane_p=50.0 sane_v=15.0 resume_gap=0.15 | GATE:cost_gate=1 ratio=10.0 n=5 win=20 | min_disparity=0 fardrop_min_near=30 depth_gate=0 | RFIX(staged) | IQG:gate=0 corners=80 depth_r=0.50 band=100m stereo_r=0.30 staged_n=80 max_consec=30,banner:T2SGCFG+banner:T2GATECFG+banner:T2RFIXCFG+banner:T2IQGCFG,-,IQG(f622bae2/886b1e90),FAIL,,,,,,,,,,1,,,,3090,native,3090
run_BX_N8P_A_061409,2026-10-10 06:21,3090,B1006,SG:guard=1 sane_p=50.0 sane_v=15.0 resume_gap=0.15 | GATE:cost_gate=1 ratio=10.0 n=5 win=20 | min_disparity=0 fardrop_min_near=30 depth_gate=0 | RFIX(staged) | IQG:gate=0 corners=80 depth_r=0.50 band=100m stereo_r=0.30 staged_n=80 max_consec=30,banner:T2SGCFG+banner:T2GATECFG+banner:T2RFIXCFG+banner:T2IQGCFG,-,IQG(f622bae2/886b1e90),FAIL,7.905,,,AGREE,3.579,,,,,0,0,0,,3090,native,3090
run_BX_N8P_B_061141,2026-10-10 06:13,3090,B1006,SG:guard=1 sane_p=50.0 sane_v=15.0 resume_gap=0.15 | GATE:cost_gate=1 ratio=10.0 n=5 win=20 | min_disparity=0 fardrop_min_near=30 depth_gate=0 | RFIX(staged) | IQG:gate=0 corners=80 depth_r=0.50 band=100m stereo_r=0.30 staged_n=80 max_consec=30,banner:T2SGCFG+banner:T2GATECFG+banner:T2RFIXCFG+banner:T2IQGCFG,-,IQG(f622bae2/886b1e90),PASS,0.377,,,DUAL-ANCHOR-DIVERGENT,0.416,,,,,0,1,1,,3090,native,3090
run_BX_NE8O_A_060641,2026-10-10 06:09,3090,B1006,SG:guard=1 sane_p=50.0 sane_v=15.0 resume_gap=0.15 | GATE:cost_gate=1 ratio=10.0 n=5 win=20 | min_disparity=0 fardrop_min_near=30 depth_gate=0 | RFIX(staged) | IQG:gate=0 corners=80 depth_r=0.50 band=100m stereo_r=0.30 staged_n=80 max_consec=30,banner:T2SGCFG+banner:T2GATECFG+banner:T2RFIXCFG+banner:T2IQGCFG,-,IQG(f622bae2/886b1e90),FAIL,0.153,,,AGREE,1.175,,,,,0,0,0,,3090,native,3090
run_BX_NE8O_B_060914,2026-10-10 06:11,3090,B1006,SG:guard=1 sane_p=50.0 sane_v=15.0 resume_gap=0.15 | GATE:cost_gate=1 ratio=10.0 n=5 win=20 | min_disparity=0 fardrop_min_near=30 depth_gate=0 | RFIX(staged) | IQG:gate=0 corners=80 depth_r=0.50 band=100m stereo_r=0.30 staged_n=80 max_consec=30,banner:T2SGCFG+banner:T2GATECFG+banner:T2RFIXCFG+banner:T2IQGCFG,-,IQG(f622bae2/886b1e90),PASS,0.101,,,AGREE,0.119,,,,,0,1,1,,3090,native,3090
run_BX_S12P_A_055204,2026-10-10 05:56,3090,B1006,SG:guard=1 sane_p=50.0 sane_v=15.0 resume_gap=0.15 | GATE:cost_gate=1 ratio=10.0 n=5 win=20 | min_disparity=0 fardrop_min_near=30 depth_gate=0 | RFIX(staged) | IQG:gate=0 corners=80 depth_r=0.50 band=100m stereo_r=0.30 staged_n=80 max_consec=30,banner:T2SGCFG+banner:T2GATECFG+banner:T2RFIXCFG+banner:T2IQGCFG,-,IQG(f622bae2/886b1e90),FAIL,0.065,,,AGREE,0.149,,,,,0,0,0,,3090,native,3090
run_BX_S12P_B_054927,2026-10-10 05:51,3090,B1006,SG:guard=1 sane_p=50.0 sane_v=15.0 resume_gap=0.15 | GATE:cost_gate=1 ratio=10.0 n=5 win=20 | min_disparity=0 fardrop_min_near=30 depth_gate=0 | RFIX(staged) | IQG:gate=0 corners=80 depth_r=0.50 band=100m stereo_r=0.30 staged_n=80 max_consec=30,banner:T2SGCFG+banner:T2GATECFG+banner:T2RFIXCFG+banner:T2IQGCFG,-,IQG(f622bae2/886b1e90),PASS,0.198,,,AGREE,0.194,,,,,0,1,1,,3090,native,3090
run_BX_S8O_A_055622,2026-10-10 05:58,3090,B1006,SG:guard=1 sane_p=50.0 sane_v=15.0 resume_gap=0.15 | GATE:cost_gate=1 ratio=10.0 n=5 win=20 | min_disparity=0 fardrop_min_near=30 depth_gate=0 | RFIX(staged) | IQG:gate=0 corners=80 depth_r=0.50 band=100m stereo_r=0.30 staged_n=80 max_consec=30,banner:T2SGCFG+banner:T2GATECFG+banner:T2RFIXCFG+banner:T2IQGCFG,-,IQG(f622bae2/886b1e90),FAIL,0.184,,,AGREE,1.048,,,,,0,0,0,,3090,native,3090
run_BX_S8O_B_055855,2026-10-10 06:01,3090,B1006,SG:guard=1 sane_p=50.0 sane_v=15.0 resume_gap=0.15 | GATE:cost_gate=1 ratio=10.0 n=5 win=20 | min_disparity=0 fardrop_min_near=30 depth_gate=0 | RFIX(staged) | IQG:gate=0 corners=80 depth_r=0.50 band=100m stereo_r=0.30 staged_n=80 max_consec=30,banner:T2SGCFG+banner:T2GATECFG+banner:T2RFIXCFG+banner:T2IQGCFG,-,IQG(f622bae2/886b1e90),PASS,0.154,,,AGREE,0.16,,,,,0,1,1,,3090,native,3090
run_BX_S8P_A_063855,2026-10-10 06:41,3090,B1006,SG:guard=1 sane_p=50.0 sane_v=15.0 resume_gap=0.15 | GATE:cost_gate=1 ratio=10.0 n=5 win=20 | min_disparity=0 fardrop_min_near=30 depth_gate=0 | RFIX(staged) | IQG:gate=0 corners=80 depth_r=0.50 band=100m stereo_r=0.30 staged_n=80 max_consec=30,banner:T2SGCFG+banner:T2GATECFG+banner:T2RFIXCFG+banner:T2IQGCFG,-,IQG(f622bae2/886b1e90),FAIL,0.053,,,AGREE,0.934,,,,,0,0,0,,3090,native,3090
run_BX_S8P_B_063627,2026-10-10 06:38,3090,B1006,SG:guard=1 sane_p=50.0 sane_v=15.0 resume_gap=0.15 | GATE:cost_gate=1 ratio=10.0 n=5 win=20 | min_disparity=0 fardrop_min_near=30 depth_gate=0 | RFIX(staged) | IQG:gate=0 corners=80 depth_r=0.50 band=100m stereo_r=0.30 staged_n=80 max_consec=30,banner:T2SGCFG+banner:T2GATECFG+banner:T2RFIXCFG+banner:T2IQGCFG,-,IQG(f622bae2/886b1e90),PASS,0.116,,,AGREE,0.057,,,,,0,1,1,,3090,native,3090
run_DIAGCAUCHY_231757,2026-10-05 23:24,3090,B1005,SG:guard=1 sane_p=50.0 sane_v=15.0 resume_gap=0.15 | GATE:cost_gate=1 ratio=10.0 n=5 win=20 | min_disparity=0 fardrop_min_near=30 depth_gate=0 | RFIX(staged),banner:T2SGCFG+banner:T2GATECFG+banner:T2RFIXCFG,in(DIAGCAUCHY),streamguard(b7de133d node 族),FAIL,4.715,4.715,FAIL,-,34.289,,,,,0,0,0,,3090,native,3090
run_DIAGGUARD2_233403,2026-10-05 23:38,3090,B1005,SG:guard=1 sane_p=50.0 sane_v=15.0 resume_gap=0.15 | GATE:cost_gate=0 ratio=10.0 n=5 win=20 | min_disparity=0 fardrop_min_near=30 depth_gate=0 | RFIX(staged),banner:T2SGCFG+banner:T2GATECFG+banner:T2RFIXCFG,-,streamguard(b7de133d node 族),FAIL,4.697,4.697,FAIL,-,0.418,0.0,0.4181,transit,4,0,0,0,FAIL,3090,native,3090
run_DIAGGUARD_233048,2026-10-05 23:30,?,n/a,诊断(guard 单臂),era-map:T1 v11.7u5 00:4x,-,"?(机器不明,栈不可判)",,,,,,,,,,,0,,,,?,?,3090
run_DRILLD1_N8P_033808,2026-10-08 03:38,3090(推定:boot窗),B1006,SG:guard=1 sane_p=50.0 sane_v=15.0 resume_gap=0.15 | GATE:cost_gate=1 ratio=10.0 n=5 win=20 | min_disparity=0 fardrop_min_near=30 depth_gate=0 | RFIX(staged) | IQG:gate=0 corners=80 depth_r=0.50 band=100m stereo_r=0.30 staged_n=80 max_consec=30,banner:T2SGCFG+banner:T2GATECFG+banner:T2RFIXCFG+banner:T2IQGCFG,-,IQG(f622bae2/886b1e90),ENV-FAIL,0.978,,,STA-UNSTABLE,0.215,,,,,0,0,0,,3090,native,3090
run_DRILLD1_N8P_034137,2026-10-08 03:42,?,n/a,"演练轮(注入演练,T1 域)",era-map:T1 v11.25r2 演练五案,-,"?(机器不明,栈不可判)",,,,,,,,,,,0,,,,?,?,3090
run_DRILLD1_N8P_034505,2026-10-08 03:45,?,n/a,"演练轮(注入演练,T1 域)",era-map:T1 v11.25r2 演练五案,-,"?(机器不明,栈不可判)",,,,,,,,,,,0,,,,?,?,3090
run_DRILLD1_N8P_034833,2026-10-08 03:48,?,n/a,"演练轮(注入演练,T1 域)",era-map:T1 v11.25r2 演练五案,-,"?(机器不明,栈不可判)",,,,,,,,,,,0,,,,?,?,3090
run_DRILLD1_N8P_040715,2026-10-10 04:07,?,n/a,"演练轮(注入演练,T1 域)",era-map:T1 v11.25r2 演练五案,-,"?(机器不明,栈不可判)",,,,,,,,,,,0,,,,?,?,3090
run_DRILLD1_N8P_042425,2026-10-10 04:30,3090(推定:boot窗),B1006,SG:guard=1 sane_p=50.0 sane_v=15.0 resume_gap=0.15 | GATE:cost_gate=1 ratio=10.0 n=5 win=20 | min_disparity=0 fardrop_min_near=30 depth_gate=0 | RFIX(staged) | IQG:gate=0 corners=80 depth_r=0.50 band=100m stereo_r=0.30 staged_n=80 max_consec=30,banner:T2SGCFG+banner:T2GATECFG+banner:T2RFIXCFG+banner:T2IQGCFG,-,IQG(f622bae2/886b1e90),ENV-FAIL,8.403,,,DUAL-ANCHOR-DIVERGENT,2.166,,,,,2,0,0,,3090,native,3090
run_DRILLD1_N8P_045450,2026-10-10 04:58,3090,B1006,SG:guard=1 sane_p=50.0 sane_v=15.0 resume_gap=0.15 | GATE:cost_gate=1 ratio=10.0 n=5 win=20 | min_disparity=0 fardrop_min_near=30 depth_gate=0 | RFIX(staged) | IQG:gate=0 corners=80 depth_r=0.50 band=100m stereo_r=0.30 staged_n=80 max_consec=30,banner:T2SGCFG+banner:T2GATECFG+banner:T2RFIXCFG+banner:T2IQGCFG,-,IQG(f622bae2/886b1e90),FAIL,0.087,,,AGREE,0.079,,,,,0,0,0,,3090,native,3090
run_DRILLD1_N8P_050141,2026-10-10 05:05,3090,B1006,SG:guard=1 sane_p=50.0 sane_v=15.0 resume_gap=0.15 | GATE:cost_gate=1 ratio=10.0 n=5 win=20 | min_disparity=0 fardrop_min_near=30 depth_gate=0 | RFIX(staged) | IQG:gate=0 corners=80 depth_r=0.50 band=100m stereo_r=0.30 staged_n=80 max_consec=30,banner:T2SGCFG+banner:T2GATECFG+banner:T2RFIXCFG+banner:T2IQGCFG,-,IQG(f622bae2/886b1e90),FAIL,0.171,,,DUAL-ANCHOR-DIVERGENT,0.152,,,,,0,0,0,,3090,native,3090
run_DRILLD1_N8P_051357,2026-10-10 05:17,3090,B1006,SG:guard=1 sane_p=50.0 sane_v=15.0 resume_gap=0.15 | GATE:cost_gate=1 ratio=10.0 n=5 win=20 | min_disparity=0 fardrop_min_near=30 depth_gate=0 | RFIX(staged) | IQG:gate=0 corners=80 depth_r=0.50 band=100m stereo_r=0.30 staged_n=80 max_consec=30,banner:T2SGCFG+banner:T2GATECFG+banner:T2RFIXCFG+banner:T2IQGCFG,-,IQG(f622bae2/886b1e90),FAIL,0.361,,,DUAL-ANCHOR-DIVERGENT,0.114,,,,,0,0,0,,3090,native,3090
run_DRILLD1_N8P_054131,2026-10-10 05:41,?,n/a,"演练轮(注入演练,T1 域)",era-map:T1 v11.25r2 演练五案,-,"?(机器不明,栈不可判)",,,,,,,,,,,0,,,,?,?,3090
run_DRILLD1_N8P_143349.envfail_master_uri,2026-10-07 14:34,?,n/a,"演练轮(注入演练,T1 域)",era-map:T1 v11.25r2 演练五案,-,"?(机器不明,栈不可判)",,,,,,,,,,,0,,,,?,?,3090
run_DRILLD1_N8P_144638,2026-10-07 14:48,3090,B1006,SG:guard=1 sane_p=50.0 sane_v=15.0 resume_gap=0.15 | GATE:cost_gate=1 ratio=10.0 n=5 win=20 | min_disparity=0 fardrop_min_near=30 depth_gate=0 | RFIX(staged) | IQG:gate=0 corners=80 depth_r=0.50 band=100m stereo_r=0.30 staged_n=80 max_consec=30,banner:T2SGCFG+banner:T2GATECFG+banner:T2RFIXCFG+banner:T2IQGCFG,-,IQG(f622bae2/886b1e90),PASS,0.097,,,AGREE,0.112,,,,,0,1,1,,3090,native,3090
run_DRILLD1_N8P_145206,2026-10-07 14:52,?,n/a,SG:guard=1 sane_p=50.0 sane_v=15.0 resume_gap=0.15 | GATE:cost_gate=1 ratio=10.0 n=5 win=20 | min_disparity=0 fardrop_min_near=30 depth_gate=0 | RFIX(staged) | IQG:gate=0 corners=80 depth_r=0.50 band=100m stereo_r=0.30 staged_n=80 max_consec=30,banner:T2SGCFG+banner:T2GATECFG+banner:T2RFIXCFG+banner:T2IQGCFG,-,"?(机器不明,栈不可判)",,,,,,,,,,,0,,,,?,?,3090
run_DRILLD1_N8P_150019,2026-10-07 15:04,3090,B1006,SG:guard=1 sane_p=50.0 sane_v=15.0 resume_gap=0.15 | GATE:cost_gate=1 ratio=10.0 n=5 win=20 | min_disparity=0 fardrop_min_near=30 depth_gate=0 | RFIX(staged) | IQG:gate=0 corners=80 depth_r=0.50 band=100m stereo_r=0.30 staged_n=80 max_consec=30,banner:T2SGCFG+banner:T2GATECFG+banner:T2RFIXCFG+banner:T2IQGCFG,-,IQG(f622bae2/886b1e90),FAIL,0.332,,,AGREE,2.338,,,,,0,0,0,,3090,native,3090
run_DRILLD1_N8P_171833,2026-10-07 17:22,3090,B1006,SG:guard=1 sane_p=50.0 sane_v=15.0 resume_gap=0.15 | GATE:cost_gate=1 ratio=10.0 n=5 win=20 | min_disparity=0 fardrop_min_near=30 depth_gate=0 | RFIX(staged) | IQG:gate=0 corners=80 depth_r=0.50 band=100m stereo_r=0.30 staged_n=80 max_consec=30,banner:T2SGCFG+banner:T2GATECFG+banner:T2RFIXCFG+banner:T2IQGCFG,-,IQG(f622bae2/886b1e90),FAIL,0.164,,,AGREE,0.699,,,,,0,0,0,,3090,native,3090
run_DRILLD1_N8P_173320,2026-10-08 17:35,3090,B1006,SG:guard=1 sane_p=50.0 sane_v=15.0 resume_gap=0.15 | GATE:cost_gate=1 ratio=10.0 n=5 win=20 | min_disparity=0 fardrop_min_near=30 depth_gate=0 | RFIX(staged) | IQG:gate=0 corners=80 depth_r=0.50 band=100m stereo_r=0.30 staged_n=80 max_consec=30,banner:T2SGCFG+banner:T2GATECFG+banner:T2RFIXCFG+banner:T2IQGCFG,-,IQG(f622bae2/886b1e90),PASS,0.181,,,AGREE,0.406,,,,,0,1,1,,3090,native,3090
run_DRILLD1_N8P_173555,2026-10-08 17:40,?,n/a,SG:guard=1 sane_p=50.0 sane_v=15.0 resume_gap=0.15 | GATE:cost_gate=1 ratio=10.0 n=5 win=20 | min_disparity=0 fardrop_min_near=30 depth_gate=0 | RFIX(staged) | IQG:gate=0 corners=80 depth_r=0.50 band=100m stereo_r=0.30 staged_n=80 max_consec=30,banner:T2SGCFG+banner:T2GATECFG+banner:T2RFIXCFG+banner:T2IQGCFG,-,"?(机器不明,栈不可判)",,,,,,,,,,,0,,,,?,?,3090
run_DRILLD1_N8P_214206,2026-10-08 21:46,3090,B1006,SG:guard=1 sane_p=50.0 sane_v=15.0 resume_gap=0.15 | GATE:cost_gate=1 ratio=10.0 n=5 win=20 | min_disparity=0 fardrop_min_near=30 depth_gate=0 | RFIX(staged) | IQG:gate=0 corners=80 depth_r=0.50 band=100m stereo_r=0.30 staged_n=80 max_consec=30,banner:T2SGCFG+banner:T2GATECFG+banner:T2RFIXCFG+banner:T2IQGCFG,-,IQG(f622bae2/886b1e90),FAIL,0.04,,,DUAL-ANCHOR-DIVERGENT,0.997,,,,,0,0,0,,3090,native,3090
run_DRILLD1_N8P_214621,2026-10-08 21:46,?,n/a,"演练轮(注入演练,T1 域)",era-map:T1 v11.25r2 演练五案,-,"?(机器不明,栈不可判)",,,,,,,,,,,0,,,,?,?,3090
run_DRILLD1_N8P_214950,2026-10-08 21:53,3090,B1006,SG:guard=1 sane_p=50.0 sane_v=15.0 resume_gap=0.15 | GATE:cost_gate=1 ratio=10.0 n=5 win=20 | min_disparity=0 fardrop_min_near=30 depth_gate=0 | RFIX(staged) | IQG:gate=0 corners=80 depth_r=0.50 band=100m stereo_r=0.30 staged_n=80 max_consec=30,banner:T2SGCFG+banner:T2GATECFG+banner:T2RFIXCFG+banner:T2IQGCFG,-,IQG(f622bae2/886b1e90),FAIL,0.077,,,AGREE,0.12,,,,,0,0,0,,3090,native,3090
run_DRILLD1_N8P_215405,2026-10-08 21:56,3090,B1006,SG:guard=1 sane_p=50.0 sane_v=15.0 resume_gap=0.15 | GATE:cost_gate=1 ratio=10.0 n=5 win=20 | min_disparity=0 fardrop_min_near=30 depth_gate=0 | RFIX(staged) | IQG:gate=0 corners=80 depth_r=0.50 band=100m stereo_r=0.30 staged_n=80 max_consec=30,banner:T2SGCFG+banner:T2GATECFG+banner:T2RFIXCFG+banner:T2IQGCFG,-,IQG(f622bae2/886b1e90),PASS,0.104,,,AGREE,0.021,,,,,0,1,1,,3090,native,3090
run_DRILLD1_N8P_215653,2026-10-08 22:05,3090,B1006,SG:guard=1 sane_p=50.0 sane_v=15.0 resume_gap=0.15 | GATE:cost_gate=1 ratio=10.0 n=5 win=20 | min_disparity=0 fardrop_min_near=30 depth_gate=0 | RFIX(staged) | IQG:gate=0 corners=80 depth_r=0.50 band=100m stereo_r=0.30 staged_n=80 max_consec=30,banner:T2SGCFG+banner:T2GATECFG+banner:T2RFIXCFG+banner:T2IQGCFG,-,IQG(f622bae2/886b1e90),FAIL,0.051,,,AGREE,0.259,,,,,0,0,0,,3090,native,3090
run_DRILLD1_N8P_220559,2026-10-08 22:05,?,n/a,"演练轮(注入演练,T1 域)",era-map:T1 v11.25r2 演练五案,-,"?(机器不明,栈不可判)",,,,,,,,,,,0,,,,?,?,3090
run_DRILLD1_N8P_220927,2026-10-08 22:18,3090,B1006,SG:guard=1 sane_p=50.0 sane_v=15.0 resume_gap=0.15 | GATE:cost_gate=1 ratio=10.0 n=5 win=20 | min_disparity=0 fardrop_min_near=30 depth_gate=0 | RFIX(staged) | IQG:gate=0 corners=80 depth_r=0.50 band=100m stereo_r=0.30 staged_n=80 max_consec=30,banner:T2SGCFG+banner:T2GATECFG+banner:T2RFIXCFG+banner:T2IQGCFG,-,IQG(f622bae2/886b1e90),FAIL,8.327,,,AGREE,0.226,,,,,0,0,0,,3090,native,3090
run_DRILLD1_N8P_221832,2026-10-08 22:18,?,n/a,"演练轮(注入演练,T1 域)",era-map:T1 v11.25r2 演练五案,-,"?(机器不明,栈不可判)",,,,,,,,,,,0,,,,?,?,3090
run_DRILLD1_N8P_221950,2026-10-08 22:23,3090,B1006,SG:guard=1 sane_p=50.0 sane_v=15.0 resume_gap=0.15 | GATE:cost_gate=1 ratio=10.0 n=5 win=20 | min_disparity=0 fardrop_min_near=30 depth_gate=0 | RFIX(staged) | IQG:gate=0 corners=80 depth_r=0.50 band=100m stereo_r=0.30 staged_n=80 max_consec=30,banner:T2SGCFG+banner:T2GATECFG+banner:T2RFIXCFG+banner:T2IQGCFG,-,IQG(f622bae2/886b1e90),FAIL,0.107,,,AGREE,2.545,,,,,0,0,0,,3090,native,3090
run_DRILLD1_N8P_222406,2026-10-08 22:32,3090,B1006,SG:guard=1 sane_p=50.0 sane_v=15.0 resume_gap=0.15 | GATE:cost_gate=1 ratio=10.0 n=5 win=20 | min_disparity=0 fardrop_min_near=30 depth_gate=0 | RFIX(staged) | IQG:gate=0 corners=80 depth_r=0.50 band=100m stereo_r=0.30 staged_n=80 max_consec=30,banner:T2SGCFG+banner:T2GATECFG+banner:T2RFIXCFG+banner:T2IQGCFG,-,IQG(f622bae2/886b1e90),FAIL,1.936,,,AGREE,0.064,,,,,0,0,0,,3090,native,3090
run_DRILLD1_N8P_223311,2026-10-08 22:33,?,n/a,"演练轮(注入演练,T1 域)",era-map:T1 v11.25r2 演练五案,-,"?(机器不明,栈不可判)",,,,,,,,,,,0,,,,?,?,3090
run_DRILLD1_N8P_223339,2026-10-08 22:42,3090,B1006,SG:guard=1 sane_p=50.0 sane_v=15.0 resume_gap=0.15 | GATE:cost_gate=1 ratio=10.0 n=5 win=20 | min_disparity=0 fardrop_min_near=30 depth_gate=0 | RFIX(staged) | IQG:gate=0 corners=80 depth_r=0.50 band=100m stereo_r=0.30 staged_n=80 max_consec=30,banner:T2SGCFG+banner:T2GATECFG+banner:T2RFIXCFG+banner:T2IQGCFG,-,IQG(f622bae2/886b1e90),FAIL,0.076,,,AGREE,0.227,,,,,0,0,0,,3090,native,3090
run_DRILLD1_N8P_224245,2026-10-08 22:42,?,n/a,"演练轮(注入演练,T1 域)",era-map:T1 v11.25r2 演练五案,-,"?(机器不明,栈不可判)",,,,,,,,,,,0,,,,?,?,3090
run_DRILLD1_N8P_224313,2026-10-08 22:51,3090,B1006,SG:guard=1 sane_p=50.0 sane_v=15.0 resume_gap=0.15 | GATE:cost_gate=1 ratio=10.0 n=5 win=20 | min_disparity=0 fardrop_min_near=30 depth_gate=0 | RFIX(staged) | IQG:gate=0 corners=80 depth_r=0.50 band=100m stereo_r=0.30 staged_n=80 max_consec=30,banner:T2SGCFG+banner:T2GATECFG+banner:T2RFIXCFG+banner:T2IQGCFG,-,IQG(f622bae2/886b1e90),FAIL,1.954,,,AGREE,0.153,,,,,0,0,0,,3090,native,3090
run_DRILLD1_N8P_225218,2026-10-08 22:52,?,n/a,"演练轮(注入演练,T1 域)",era-map:T1 v11.25r2 演练五案,-,"?(机器不明,栈不可判)",,,,,,,,,,,0,,,,?,?,3090
run_DRILLD1_N8P_225546,2026-10-08 22:58,3090,B1006,SG:guard=1 sane_p=50.0 sane_v=15.0 resume_gap=0.15 | GATE:cost_gate=1 ratio=10.0 n=5 win=20 | min_disparity=0 fardrop_min_near=30 depth_gate=0 | RFIX(staged) | IQG:gate=0 corners=80 depth_r=0.50 band=100m stereo_r=0.30 staged_n=80 max_consec=30,banner:T2SGCFG+banner:T2GATECFG+banner:T2RFIXCFG+banner:T2IQGCFG,-,IQG(f622bae2/886b1e90),FAIL,0.226,,,AGREE,1.515,,,,,0,0,0,,3090,native,3090
run_DRILLD1_N8P_225838,2026-10-08 23:02,3090,B1006,SG:guard=1 sane_p=50.0 sane_v=15.0 resume_gap=0.15 | GATE:cost_gate=1 ratio=10.0 n=5 win=20 | min_disparity=0 fardrop_min_near=30 depth_gate=0 | RFIX(staged) | IQG:gate=0 corners=80 depth_r=0.50 band=100m stereo_r=0.30 staged_n=80 max_consec=30,banner:T2SGCFG+banner:T2GATECFG+banner:T2RFIXCFG+banner:T2IQGCFG,-,IQG(f622bae2/886b1e90),FAIL,0.211,,,AGREE,0.106,,,,,0,0,0,,3090,native,3090
run_DRILLD1_N8P_230253,2026-10-08 23:04,3090(推定:boot窗),B1006,SG:guard=1 sane_p=50.0 sane_v=15.0 resume_gap=0.15 | GATE:cost_gate=1 ratio=10.0 n=5 win=20 | min_disparity=0 fardrop_min_near=30 depth_gate=0 | RFIX(staged) | IQG:gate=0 corners=80 depth_r=0.50 band=100m stereo_r=0.30 staged_n=80 max_consec=30,banner:T2SGCFG+banner:T2GATECFG+banner:T2RFIXCFG+banner:T2IQGCFG,-,IQG(f622bae2/886b1e90),FAIL,,,,,,,,,,6,,,,3090,native,3090
run_DRILLD1_N8P_230621,2026-10-08 23:10,3090,B1006,SG:guard=1 sane_p=50.0 sane_v=15.0 resume_gap=0.15 | GATE:cost_gate=1 ratio=10.0 n=5 win=20 | min_disparity=0 fardrop_min_near=30 depth_gate=0 | RFIX(staged) | IQG:gate=0 corners=80 depth_r=0.50 band=100m stereo_r=0.30 staged_n=80 max_consec=30,banner:T2SGCFG+banner:T2GATECFG+banner:T2RFIXCFG+banner:T2IQGCFG,-,IQG(f622bae2/886b1e90),FAIL,0.078,,,AGREE,1.64,,,,,0,0,0,,3090,native,3090
run_DRILLD1_N8P_231037,2026-10-08 23:13,3090,B1006,SG:guard=1 sane_p=50.0 sane_v=15.0 resume_gap=0.15 | GATE:cost_gate=1 ratio=10.0 n=5 win=20 | min_disparity=0 fardrop_min_near=30 depth_gate=0 | RFIX(staged) | IQG:gate=0 corners=80 depth_r=0.50 band=100m stereo_r=0.30 staged_n=80 max_consec=30,banner:T2SGCFG+banner:T2GATECFG+banner:T2RFIXCFG+banner:T2IQGCFG,-,IQG(f622bae2/886b1e90),PASS,0.098,,,AGREE,0.112,,,,,0,1,1,,3090,native,3090
run_DRILLD1_N8P_231439,2026-10-08 23:19,3090,B1006,SG:guard=1 sane_p=50.0 sane_v=15.0 resume_gap=0.15 | GATE:cost_gate=1 ratio=10.0 n=5 win=20 | min_disparity=0 fardrop_min_near=30 depth_gate=0 | RFIX(staged) | IQG:gate=0 corners=80 depth_r=0.50 band=100m stereo_r=0.30 staged_n=80 max_consec=30,banner:T2SGCFG+banner:T2GATECFG+banner:T2RFIXCFG+banner:T2IQGCFG,-,IQG(f622bae2/886b1e90),FAIL,0.056,,,AGREE,0.969,,,,,0,0,0,,3090,native,3090
run_DRILLD2_N8P_150926,2026-10-07 15:11,3090,B1006,SG:guard=1 sane_p=50.0 sane_v=15.0 resume_gap=0.15 | GATE:cost_gate=1 ratio=10.0 n=5 win=20 | min_disparity=0 fardrop_min_near=30 depth_gate=0 | RFIX(staged) | IQG:gate=0 corners=80 depth_r=0.50 band=100m stereo_r=0.30 staged_n=80 max_consec=30,banner:T2SGCFG+banner:T2GATECFG+banner:T2RFIXCFG+banner:T2IQGCFG,-,IQG(f622bae2/886b1e90),FAIL,0.188,,,AGREE,1.957,,,,,0,0,0,,3090,native,3090
run_DRILLD3_N8P_151736,2026-10-07 15:24,3090(推定:boot窗),B1006,SG:guard=1 sane_p=50.0 sane_v=15.0 resume_gap=0.15 | GATE:cost_gate=1 ratio=10.0 n=5 win=20 | min_disparity=0 fardrop_min_near=30 depth_gate=0 | RFIX(staged) | IQG:gate=0 corners=80 depth_r=0.50 band=100m stereo_r=0.30 staged_n=80 max_consec=30,banner:T2SGCFG+banner:T2GATECFG+banner:T2RFIXCFG+banner:T2IQGCFG,-,IQG(f622bae2/886b1e90),FAIL,,,,,,,,,,1,,,,3090,native,3090
run_DRILLD4_N8P_152705,2026-10-07 15:29,3090(推定:boot窗),B1006,SG:guard=1 sane_p=50.0 sane_v=15.0 resume_gap=0.15 | GATE:cost_gate=1 ratio=10.0 n=5 win=20 | min_disparity=0 fardrop_min_near=30 depth_gate=0 | RFIX(staged) | IQG:gate=0 corners=80 depth_r=0.50 band=100m stereo_r=0.30 staged_n=80 max_consec=30,banner:T2SGCFG+banner:T2GATECFG+banner:T2RFIXCFG+banner:T2IQGCFG,-,IQG(f622bae2/886b1e90),FAIL,,,,,,,,,,0,,,,3090,native,3090
run_DRILLD4_N8P_153612,2026-10-07 15:38,3090,B1006,SG:guard=1 sane_p=50.0 sane_v=15.0 resume_gap=0.15 | GATE:cost_gate=1 ratio=10.0 n=5 win=20 | min_disparity=0 fardrop_min_near=30 depth_gate=0 | RFIX(staged) | IQG:gate=0 corners=80 depth_r=0.50 band=100m stereo_r=0.30 staged_n=80 max_consec=30,banner:T2SGCFG+banner:T2GATECFG+banner:T2RFIXCFG+banner:T2IQGCFG,-,IQG(f622bae2/886b1e90),PASS,0.09,,,AGREE,0.123,,,,,0,1,1,,3090,native,3090
run_DRILLD5_N8P_154551,2026-10-07 15:47,?,n/a,"演练轮(注入演练,T1 域)",era-map:T1 v11.25r2 演练五案,-,"?(机器不明,栈不可判)",,,,,,,,,,,0,,,,?,?,3090
run_DRILLD5_N8P_154552,2026-10-07 15:48,3090,B1006,SG:guard=1 sane_p=50.0 sane_v=15.0 resume_gap=0.15 | GATE:cost_gate=1 ratio=10.0 n=5 win=20 | min_disparity=0 fardrop_min_near=30 depth_gate=0 | RFIX(staged) | IQG:gate=0 corners=80 depth_r=0.50 band=100m stereo_r=0.30 staged_n=80 max_consec=30,banner:T2SGCFG+banner:T2GATECFG+banner:T2RFIXCFG+banner:T2IQGCFG,-,IQG(f622bae2/886b1e90),PASS,0.161,,,AGREE,0.188,,,,,0,1,1,,3090,native,3090
run_DRILLD5_N8P_155544,2026-10-07 16:02,3090(推定:boot窗),B1006,SG:guard=1 sane_p=50.0 sane_v=15.0 resume_gap=0.15 | GATE:cost_gate=1 ratio=10.0 n=5 win=20 | min_disparity=0 fardrop_min_near=30 depth_gate=0 | RFIX(staged) | IQG:gate=0 corners=80 depth_r=0.50 band=100m stereo_r=0.30 staged_n=80 max_consec=30,banner:T2SGCFG+banner:T2GATECFG+banner:T2RFIXCFG+banner:T2IQGCFG,-,IQG(f622bae2/886b1e90),FAIL,,,,,,,,,,0,,,,3090,native,3090
run_E2FAIL3_024009,2026-10-04 09:21,?,n/a,legacy(无banner),era-map:默认,-,"?(机器不明,栈不可判)",,,,,,,,,,0,0,,,FAIL,?,?,3090
run_E2FAIL5_024737,2026-10-04 09:21,?,n/a,legacy(无banner),era-map:默认,-,"?(机器不明,栈不可判)",,,,,,,,,,0,0,,,FAIL,?,?,3090
run_E2PROBE_022152,2026-10-04 09:22,?,n/a,legacy(无banner),era-map:默认,-,"?(机器不明,栈不可判)",,,,,,,,,,0,0,,,FAIL,?,?,3090
run_E4R2-GOFF-D10-LODOM_100819,2026-10-03 10:13,NUC,n/a,GATE:cost_gate=0 ratio=10.0 n=5 win=20 | min_disparity=0 fardrop_min_near=30 depth_gate=0,banner:T2GATECFG,-,"NUC-lineage(mtime=同步时间,不细分)",FAIL,0.778,0.323,ENV-FAIL,-,1.892,,,,4,0,0,0,FAIL,uav4,uav4-synced,3090
run_E4R2-GOFF-D10_095056,2026-10-03 09:54,NUC,n/a,GATE:cost_gate=0 ratio=10.0 n=5 win=20 | min_disparity=0 fardrop_min_near=30 depth_gate=0,banner:T2GATECFG,-,"NUC-lineage(mtime=同步时间,不细分)",FAIL,0.786,0.086,FAIL,-,0.057,,,,0,0,0,0,FAIL,uav4,uav4-synced,3090
run_E4R2-GOFF-D30-I125_103836,2026-10-03 10:40,NUC,n/a,GATE:cost_gate=0 ratio=10.0 n=5 win=20 | min_disparity=0 fardrop_min_near=30 depth_gate=0,banner:T2GATECFG,-,"NUC-lineage(mtime=同步时间,不细分)",FAIL,0.936,0.343,FAIL,-,0.016,,,,0,0,0,0,FAIL,uav4,uav4-synced,3090
run_E4R2-GOFF-D30_102511,2026-10-03 10:28,NUC,n/a,GATE:cost_gate=0 ratio=10.0 n=5 win=20 | min_disparity=0 fardrop_min_near=30 depth_gate=0,banner:T2GATECFG,-,"NUC-lineage(mtime=同步时间,不细分)",FAIL,0.779,0.109,FAIL,-,0.118,,,,0,0,0,0,FAIL,uav4,uav4-synced,3090
run_E4R2-GOFF-D60_103420,2026-10-03 10:38,NUC,n/a,GATE:cost_gate=0 ratio=10.0 n=5 win=20 | min_disparity=0 fardrop_min_near=30 depth_gate=0,banner:T2GATECFG,-,"NUC-lineage(mtime=同步时间,不细分)",FAIL,0.682,0.128,ENV-FAIL,-,0.031,,,,0,0,0,0,FAIL,uav4,uav4-synced,3090
run_E4R2-GON-D10_095654,2026-10-03 10:00,NUC,n/a,GATE:cost_gate=0 ratio=10.0 n=5 win=20 | min_disparity=0 fardrop_min_near=30 depth_gate=0,banner:T2GATECFG,-,"NUC-lineage(mtime=同步时间,不细分)",FAIL,0.847,0.113,FAIL,-,0.122,,,,0,0,0,0,FAIL,uav4,uav4-synced,3090
run_E4R2-GON-D30_101723,2026-10-03 10:22,NUC,n/a,GATE:cost_gate=0 ratio=10.0 n=5 win=20 | min_disparity=0 fardrop_min_near=30 depth_gate=0,banner:T2GATECFG,-,"NUC-lineage(mtime=同步时间,不细分)",FAIL,1.0,9.575,FAIL,-,10.156,,,,12,3,0,0,FAIL,uav4,uav4-synced,3090
run_E4R2-REGRESS_104334,2026-10-03 10:47,NUC,n/a,GATE:cost_gate=0 ratio=10.0 n=5 win=20 | min_disparity=0 fardrop_min_near=30 depth_gate=0,banner:T2GATECFG,-,"NUC-lineage(mtime=同步时间,不细分)",FAIL,0.609,0.074,ENV-FAIL,-,0.142,,,,0,0,0,0,FAIL,uav4,uav4-synced,3090
run_E4_GOFF_D10_192513,2026-10-04 09:23,?,n/a,legacy(无banner),era-map:默认,-,"?(机器不明,栈不可判)",,,,,,,,,,0,0,,,FAIL,?,?,3090
run_E4_GOFF_D10_193039,2026-10-01 19:35,NUC,n/a,legacy(无banner),era-map:默认,-,"NUC-lineage(mtime=同步时间,不细分)",FAIL,1.948,1.956,ENV-FAIL,-,25.481,,,,0,1,0,0,FAIL,uav4,uav4-synced,3090
run_E4_GOFF_D10_R2_194927,2026-10-01 19:54,NUC,n/a,legacy(无banner),era-map:默认,-,"NUC-lineage(mtime=同步时间,不细分)",FAIL,10.633,10.642,FAIL,-,8.711,,,,1,1,0,0,FAIL,uav4,uav4-synced,3090
run_F3-P1B_095639,2026-10-04 10:02,NUC,n/a,GATE:cost_gate=1 ratio=10.0 n=5 win=20 | min_disparity=0 fardrop_min_near=30 depth_gate=0 | RFIX(staged),banner:T2GATECFG+banner:T2RFIXCFG,-,"NUC-lineage(mtime=同步时间,不细分)",FAIL,0.998,7.747,FAIL,-,45.12,,,,,18,0,0,,uav4,uav4-synced,3090
run_F3B10_154733,2026-10-04 15:50,"?(无证据行,关机窗)",n/a,GATE:cost_gate=0 ratio=10.0 n=5 win=20 | min_disparity=0 fardrop_min_near=30 depth_gate=0 | RFIX(staged),banner:T2GATECFG+banner:T2RFIXCFG,-,"?(机器不明,栈不可判)",FAIL,,4715810.751,ENV-FAIL,-,,,,,,4,,,,?,?,3090
run_F3B11_155643,2026-10-04 15:58,"?(无证据行,关机窗)",n/a,GATE:cost_gate=0 ratio=10.0 n=5 win=20 | min_disparity=0 fardrop_min_near=30 depth_gate=0 | RFIX(staged),banner:T2GATECFG+banner:T2RFIXCFG,-,"?(机器不明,栈不可判)",FAIL,,4715812.806,ENV-FAIL,-,,,,,,1,,,,?,?,3090
run_F3B12_160420,2026-10-04 16:09,NUC,n/a,GATE:cost_gate=0 ratio=10.0 n=5 win=20 | min_disparity=0 fardrop_min_near=30 depth_gate=0 | RFIX(staged),banner:T2GATECFG+banner:T2RFIXCFG,-,"NUC-lineage(mtime=同步时间,不细分)",FAIL,23.238,106.095,FAIL,-,336.447,,,,,16,0,0,,uav4,uav4-synced,3090
run_F3B13_161000,2026-10-04 16:12,"?(无证据行,关机窗)",n/a,GATE:cost_gate=0 ratio=10.0 n=5 win=20 | min_disparity=0 fardrop_min_near=30 depth_gate=0 | RFIX(staged),banner:T2GATECFG+banner:T2RFIXCFG,-,"?(机器不明,栈不可判)",FAIL,,5758242.616,ENV-FAIL,-,,,,,,2,,,,?,?,3090
run_F3B14_163613,2026-10-04 16:39,NUC,n/a,GATE:cost_gate=0 ratio=10.0 n=5 win=20 | min_disparity=0 fardrop_min_near=30 depth_gate=0 | RFIX(staged),banner:T2GATECFG+banner:T2RFIXCFG,-,"NUC-lineage(mtime=同步时间,不细分)",FAIL,0.919,0.317,ENV-FAIL,-,15.805,,,,,0,0,0,,uav4,uav4-synced,3090
run_F3B15_190535,2026-10-04 19:10,NUC,n/a,GATE:cost_gate=0 ratio=10.0 n=5 win=20 | min_disparity=0 fardrop_min_near=30 depth_gate=0 | RFIX(staged),banner:T2GATECFG+banner:T2RFIXCFG,-,"NUC-lineage(mtime=同步时间,不细分)",FAIL,8.188,9.921,ENV-FAIL,-,29.07,,,,,1,0,0,,uav4,uav4-synced,3090
run_F3B16_191620,2026-10-04 19:17,3090(推定:boot窗),B1004,GATE:cost_gate=0 ratio=10.0 n=5 win=20 | min_disparity=0 fardrop_min_near=30 depth_gate=0 | RFIX(staged),banner:T2GATECFG+banner:T2RFIXCFG,-,build-2(8c3453c0/2ad9676e),FAIL,,,,,,,,,,1,,,,3090,native,3090
run_F3B2_031639,2026-10-04 09:23,?,n/a,legacy(无banner),era-map:默认,-,"?(机器不明,栈不可判)",,,,,,,,,,0,0,,,FAIL,?,?,3090
run_F3B2_032241,2026-10-04 09:23,?,n/a,legacy(无banner),era-map:默认,-,"?(机器不明,栈不可判)",,,,,,,,,,0,0,,,FAIL,?,?,3090
run_F3B2_034130,2026-10-04 09:23,?,n/a,legacy(无banner),era-map:默认,-,"?(机器不明,栈不可判)",,,,,,,,,,0,0,,,FAIL,?,?,3090
run_F3B2_035213,2026-10-04 03:55,NUC,n/a,GATE:cost_gate=1 ratio=10.0 n=5 win=20 | min_disparity=0 fardrop_min_near=30 depth_gate=0 | RFIX(staged),banner:T2GATECFG+banner:T2RFIXCFG,-,"NUC-lineage(mtime=同步时间,不细分)",FAIL,0.851,0.051,FAIL,-,0.123,,,,0,0,0,0,FAIL,uav4,uav4-synced,3090
run_F3B3_042444,2026-10-04 04:25,"?(无证据行,关机窗)",n/a,GATE:cost_gate=1 ratio=10.0 n=5 win=20 | min_disparity=0 fardrop_min_near=30 depth_gate=0 | RFIX(staged),banner:T2GATECFG+banner:T2RFIXCFG,-,"?(机器不明,栈不可判)",FAIL,,,,,,,,,0,0,,,FAIL,?,?,3090
run_F3B4_043658,2026-10-04 04:38,"?(无证据行,关机窗)",n/a,GATE:cost_gate=1 ratio=10.0 n=5 win=20 | min_disparity=0 fardrop_min_near=30 depth_gate=0 | RFIX(staged),banner:T2GATECFG+banner:T2RFIXCFG,-,"?(机器不明,栈不可判)",FAIL,,,,,,,,,0,0,,,FAIL,?,?,3090
run_F3B5_092608,2026-10-04 09:28,"?(无证据行,关机窗)",n/a,GATE:cost_gate=1 ratio=10.0 n=5 win=20 | min_disparity=0 fardrop_min_near=30 depth_gate=0 | RFIX(staged),banner:T2GATECFG+banner:T2RFIXCFG,-,"?(机器不明,栈不可判)",FAIL,,,,,,,,,,9,,,,?,?,3090
run_F3B6_093203,2026-10-04 09:35,NUC,n/a,GATE:cost_gate=1 ratio=10.0 n=5 win=20 | min_disparity=0 fardrop_min_near=30 depth_gate=0 | RFIX(staged),banner:T2GATECFG+banner:T2RFIXCFG,-,"NUC-lineage(mtime=同步时间,不细分)",FAIL,0.571,0.117,ENV-FAIL,-,15.692,,,,,1,0,0,,uav4,uav4-synced,3090
run_F3B7_093720,2026-10-04 09:39,"?(无证据行,关机窗)",n/a,GATE:cost_gate=1 ratio=10.0 n=5 win=20 | min_disparity=0 fardrop_min_near=30 depth_gate=0 | RFIX(staged),banner:T2GATECFG+banner:T2RFIXCFG,-,"?(机器不明,栈不可判)",FAIL,,,,,,,,,,1,,,,?,?,3090
run_F3B8_094417,2026-10-04 09:47,NUC,n/a,GATE:cost_gate=1 ratio=10.0 n=5 win=20 | min_disparity=0 fardrop_min_near=30 depth_gate=0 | RFIX(staged),banner:T2GATECFG+banner:T2RFIXCFG,-,"NUC-lineage(mtime=同步时间,不细分)",FAIL,0.964,0.312,FAIL,-,0.026,,,,,0,0,0,,uav4,uav4-synced,3090
run_F3B9_094909,2026-10-04 09:51,"?(无证据行,关机窗)",n/a,GATE:cost_gate=1 ratio=10.0 n=5 win=20 | min_disparity=0 fardrop_min_near=30 depth_gate=0 | RFIX(staged),banner:T2GATECFG+banner:T2RFIXCFG,-,"?(机器不明,栈不可判)",FAIL,,,,,,,,,,3,,,,?,?,3090
run_F3B_023027,2026-10-04 09:23,?,n/a,GATE:cost_gate=0 ratio=10.0 n=5 win=20 | min_disparity=0 fardrop_min_near=30 depth_gate=0 | RFIX(staged),banner:T2GATECFG+banner:T2RFIXCFG,-,"?(机器不明,栈不可判)",,,,,,,,,,0,0,,,FAIL,?,?,3090
run_H15_E8O_180514,2026-10-07 18:07,?,n/a,SG:guard=1 sane_p=50.0 sane_v=15.0 resume_gap=0.15 | GATE:cost_gate=1 ratio=10.0 n=5 win=20 | min_disparity=0 fardrop_min_near=30 depth_gate=0 | RFIX(staged) | IQG:gate=0 corners=80 depth_r=0.50 band=100m stereo_r=0.30 staged_n=80 max_consec=30,banner:T2SGCFG+banner:T2GATECFG+banner:T2RFIXCFG+banner:T2IQGCFG,-,"?(机器不明,栈不可判)",,,,,,,,,,,1,,,,?,?,3090
run_HVNET1_050936,2026-10-06 05:11,3090,B1006,SG:guard=1 sane_p=50.0 sane_v=15.0 resume_gap=0.15 | GATE:cost_gate=1 ratio=10.0 n=5 win=20 | min_disparity=0 fardrop_min_near=30 depth_gate=0 | RFIX(staged),banner:T2SGCFG+banner:T2GATECFG+banner:T2RFIXCFG,-,streamguard(b7de133d node 族),FAIL,0.077,,,AGREE,2.985,,,,,0,0,0,,3090,native,3090
run_HVNET2_051401,2026-10-06 05:16,3090,B1006,SG:guard=1 sane_p=50.0 sane_v=15.0 resume_gap=0.15 | GATE:cost_gate=1 ratio=10.0 n=5 win=20 | min_disparity=0 fardrop_min_near=30 depth_gate=0 | RFIX(staged),banner:T2SGCFG+banner:T2GATECFG+banner:T2RFIXCFG,-,streamguard(b7de133d node 族),PASS,0.115,,,AGREE,0.136,,,,,0,1,1,,3090,native,3090
run_M3RE12O_1_163942,2026-10-07 16:42,3090,B1006,SG:guard=1 sane_p=50.0 sane_v=15.0 resume_gap=0.15 | GATE:cost_gate=1 ratio=10.0 n=5 win=20 | min_disparity=0 fardrop_min_near=30 depth_gate=0 | RFIX(staged) | IQG:gate=1 corners=80 depth_r=0.50 band=100m stereo_r=0.10 staged_n=80 max_consec=30,banner:T2SGCFG+banner:T2GATECFG+banner:T2RFIXCFG+banner:T2IQGCFG,-,IQG(f622bae2/886b1e90),FAIL,0.133,,,AGREE,1.153,,,,,0,0,0,,3090,native,3090
run_M3RE12O_2_164230,2026-10-07 16:44,3090,B1006,SG:guard=1 sane_p=50.0 sane_v=15.0 resume_gap=0.15 | GATE:cost_gate=1 ratio=10.0 n=5 win=20 | min_disparity=0 fardrop_min_near=30 depth_gate=0 | RFIX(staged) | IQG:gate=1 corners=80 depth_r=0.50 band=100m stereo_r=0.10 staged_n=80 max_consec=30,banner:T2SGCFG+banner:T2GATECFG+banner:T2RFIXCFG+banner:T2IQGCFG,-,IQG(f622bae2/886b1e90),PASS,0.214,,,AGREE,0.121,0.0,0.1209,transit,0,0,1,1,FAIL,3090,native,3090
run_M3RE12O_3_164512,2026-10-07 16:47,3090,B1006,SG:guard=1 sane_p=50.0 sane_v=15.0 resume_gap=0.15 | GATE:cost_gate=1 ratio=10.0 n=5 win=20 | min_disparity=0 fardrop_min_near=30 depth_gate=0 | RFIX(staged) | IQG:gate=1 corners=80 depth_r=0.50 band=100m stereo_r=0.10 staged_n=80 max_consec=30,banner:T2SGCFG+banner:T2GATECFG+banner:T2RFIXCFG+banner:T2IQGCFG,-,IQG(f622bae2/886b1e90),PASS,0.349,,,AGREE,0.141,,,,,0,1,1,,3090,native,3090
run_M3RE8P_1_160719,2026-10-07 16:09,3090(推定:boot窗),B1006,SG:guard=1 sane_p=50.0 sane_v=15.0 resume_gap=0.15 | GATE:cost_gate=1 ratio=10.0 n=5 win=20 | min_disparity=0 fardrop_min_near=30 depth_gate=0 | RFIX(staged) | IQG:gate=1 corners=80 depth_r=0.50 band=100m stereo_r=0.10 staged_n=80 max_consec=30,banner:T2SGCFG+banner:T2GATECFG+banner:T2RFIXCFG+banner:T2IQGCFG,-,IQG(f622bae2/886b1e90),FAIL,,,,,,,,,,2,,,,3090,native,3090
run_M3RE8P_2_160934,2026-10-07 16:16,3090(推定:boot窗),B1006,SG:guard=1 sane_p=50.0 sane_v=15.0 resume_gap=0.15 | GATE:cost_gate=1 ratio=10.0 n=5 win=20 | min_disparity=0 fardrop_min_near=30 depth_gate=0 | RFIX(staged) | IQG:gate=1 corners=80 depth_r=0.50 band=100m stereo_r=0.10 staged_n=80 max_consec=30,banner:T2SGCFG+banner:T2GATECFG+banner:T2RFIXCFG+banner:T2IQGCFG,-,IQG(f622bae2/886b1e90),FAIL,,,,,,,,,,0,,,,3090,native,3090
run_M3RE8P_3_161639,2026-10-07 16:18,3090(推定:boot窗),B1006,SG:guard=1 sane_p=50.0 sane_v=15.0 resume_gap=0.15 | GATE:cost_gate=1 ratio=10.0 n=5 win=20 | min_disparity=0 fardrop_min_near=30 depth_gate=0 | RFIX(staged) | IQG:gate=1 corners=80 depth_r=0.50 band=100m stereo_r=0.10 staged_n=80 max_consec=30,banner:T2SGCFG+banner:T2GATECFG+banner:T2RFIXCFG+banner:T2IQGCFG,-,IQG(f622bae2/886b1e90),FAIL,,,,,,,,,,0,,,,3090,native,3090
run_M3RN8P_1_165523,2026-10-07 17:02,3090,B1006,SG:guard=1 sane_p=50.0 sane_v=15.0 resume_gap=0.15 | GATE:cost_gate=1 ratio=10.0 n=5 win=20 | min_disparity=0 fardrop_min_near=30 depth_gate=0 | RFIX(staged) | IQG:gate=1 corners=80 depth_r=0.50 band=100m stereo_r=0.10 staged_n=80 max_consec=30,banner:T2SGCFG+banner:T2GATECFG+banner:T2RFIXCFG+banner:T2IQGCFG,-,IQG(f622bae2/886b1e90),FAIL,8.214,,,AGREE,0.11,,,,,0,0,0,,3090,native,3090
run_M3RN8P_2_170248,2026-10-07 17:09,3090,B1006,SG:guard=1 sane_p=50.0 sane_v=15.0 resume_gap=0.15 | GATE:cost_gate=1 ratio=10.0 n=5 win=20 | min_disparity=0 fardrop_min_near=30 depth_gate=0 | RFIX(staged) | IQG:gate=1 corners=80 depth_r=0.50 band=100m stereo_r=0.10 staged_n=80 max_consec=30,banner:T2SGCFG+banner:T2GATECFG+banner:T2RFIXCFG+banner:T2IQGCFG,-,IQG(f622bae2/886b1e90),FAIL,7.834,,,AGREE,0.169,,,,,0,0,0,,3090,native,3090
run_M3RN8P_3_171014,2026-10-07 17:12,3090,B1006,SG:guard=1 sane_p=50.0 sane_v=15.0 resume_gap=0.15 | GATE:cost_gate=1 ratio=10.0 n=5 win=20 | min_disparity=0 fardrop_min_near=30 depth_gate=0 | RFIX(staged) | IQG:gate=1 corners=80 depth_r=0.50 band=100m stereo_r=0.10 staged_n=80 max_consec=30,banner:T2SGCFG+banner:T2GATECFG+banner:T2RFIXCFG+banner:T2IQGCFG,-,IQG(f622bae2/886b1e90),FAIL,0.172,,,AGREE,2.163,,,,,0,0,0,,3090,native,3090
run_M3RNE8O_1_164750,2026-10-07 16:50,3090,B1006,SG:guard=1 sane_p=50.0 sane_v=15.0 resume_gap=0.15 | GATE:cost_gate=1 ratio=10.0 n=5 win=20 | min_disparity=0 fardrop_min_near=30 depth_gate=0 | RFIX(staged) | IQG:gate=1 corners=80 depth_r=0.50 band=100m stereo_r=0.10 staged_n=80 max_consec=30,banner:T2SGCFG+banner:T2GATECFG+banner:T2RFIXCFG+banner:T2IQGCFG,-,IQG(f622bae2/886b1e90),PASS,0.052,,,AGREE,0.07,,,,,0,1,1,,3090,native,3090
run_M3RNE8O_2_165017,2026-10-07 16:52,3090,B1006,SG:guard=1 sane_p=50.0 sane_v=15.0 resume_gap=0.15 | GATE:cost_gate=1 ratio=10.0 n=5 win=20 | min_disparity=0 fardrop_min_near=30 depth_gate=0 | RFIX(staged) | IQG:gate=1 corners=80 depth_r=0.50 band=100m stereo_r=0.10 staged_n=80 max_consec=30,banner:T2SGCFG+banner:T2GATECFG+banner:T2RFIXCFG+banner:T2IQGCFG,-,IQG(f622bae2/886b1e90),PASS,0.158,,,AGREE,0.15,,,,,0,1,1,,3090,native,3090
run_M3RNE8O_3_165244,2026-10-07 16:55,3090,B1006,SG:guard=1 sane_p=50.0 sane_v=15.0 resume_gap=0.15 | GATE:cost_gate=1 ratio=10.0 n=5 win=20 | min_disparity=0 fardrop_min_near=30 depth_gate=0 | RFIX(staged) | IQG:gate=1 corners=80 depth_r=0.50 band=100m stereo_r=0.10 staged_n=80 max_consec=30,banner:T2SGCFG+banner:T2GATECFG+banner:T2RFIXCFG+banner:T2IQGCFG,-,IQG(f622bae2/886b1e90),FAIL,0.066,,,AGREE,4.279,,,,,0,0,0,,3090,native,3090
run_M3RS12P_1_161854,2026-10-07 16:21,3090,B1006,SG:guard=1 sane_p=50.0 sane_v=15.0 resume_gap=0.15 | GATE:cost_gate=1 ratio=10.0 n=5 win=20 | min_disparity=0 fardrop_min_near=30 depth_gate=0 | RFIX(staged) | IQG:gate=1 corners=80 depth_r=0.50 band=100m stereo_r=0.10 staged_n=80 max_consec=30,banner:T2SGCFG+banner:T2GATECFG+banner:T2RFIXCFG+banner:T2IQGCFG,-,IQG(f622bae2/886b1e90),FAIL,0.086,,,AGREE,0.724,,,,,0,0,0,,3090,native,3090
run_M3RS12P_2_162132,2026-10-07 16:23,3090,B1006,SG:guard=1 sane_p=50.0 sane_v=15.0 resume_gap=0.15 | GATE:cost_gate=1 ratio=10.0 n=5 win=20 | min_disparity=0 fardrop_min_near=30 depth_gate=0 | RFIX(staged) | IQG:gate=1 corners=80 depth_r=0.50 band=100m stereo_r=0.10 staged_n=80 max_consec=30,banner:T2SGCFG+banner:T2GATECFG+banner:T2RFIXCFG+banner:T2IQGCFG,-,IQG(f622bae2/886b1e90),PASS,0.147,,,AGREE,0.223,,,,,0,1,1,,3090,native,3090
run_M3RS12P_3_162403,2026-10-07 16:26,3090,B1006,SG:guard=1 sane_p=50.0 sane_v=15.0 resume_gap=0.15 | GATE:cost_gate=1 ratio=10.0 n=5 win=20 | min_disparity=0 fardrop_min_near=30 depth_gate=0 | RFIX(staged) | IQG:gate=1 corners=80 depth_r=0.50 band=100m stereo_r=0.10 staged_n=80 max_consec=30,banner:T2SGCFG+banner:T2GATECFG+banner:T2RFIXCFG+banner:T2IQGCFG,-,IQG(f622bae2/886b1e90),FAIL,0.097,,,AGREE,4.322,,,,,0,0,0,,3090,native,3090
run_M3RS8O_1_162653,2026-10-07 16:29,3090,B1006,SG:guard=1 sane_p=50.0 sane_v=15.0 resume_gap=0.15 | GATE:cost_gate=1 ratio=10.0 n=5 win=20 | min_disparity=0 fardrop_min_near=30 depth_gate=0 | RFIX(staged) | IQG:gate=1 corners=80 depth_r=0.50 band=100m stereo_r=0.10 staged_n=80 max_consec=30,banner:T2SGCFG+banner:T2GATECFG+banner:T2RFIXCFG+banner:T2IQGCFG,-,IQG(f622bae2/886b1e90),FAIL,0.079,,,AGREE,0.999,,,,,0,0,0,,3090,native,3090
run_M3RS8O_2_162950,2026-10-07 16:32,3090,B1006,SG:guard=1 sane_p=50.0 sane_v=15.0 resume_gap=0.15 | GATE:cost_gate=1 ratio=10.0 n=5 win=20 | min_disparity=0 fardrop_min_near=30 depth_gate=0 | RFIX(staged) | IQG:gate=1 corners=80 depth_r=0.50 band=100m stereo_r=0.10 staged_n=80 max_consec=30,banner:T2SGCFG+banner:T2GATECFG+banner:T2RFIXCFG+banner:T2IQGCFG,-,IQG(f622bae2/886b1e90),PASS,0.222,,,AGREE,0.083,,,,,0,1,1,,3090,native,3090
run_M3RS8O_3_163217,2026-10-07 16:39,3090,B1006,SG:guard=1 sane_p=50.0 sane_v=15.0 resume_gap=0.15 | GATE:cost_gate=1 ratio=10.0 n=5 win=20 | min_disparity=0 fardrop_min_near=30 depth_gate=0 | RFIX(staged) | IQG:gate=1 corners=80 depth_r=0.50 band=100m stereo_r=0.10 staged_n=80 max_consec=30,banner:T2SGCFG+banner:T2GATECFG+banner:T2RFIXCFG+banner:T2IQGCFG,-,IQG(f622bae2/886b1e90),FAIL,5.895,,,AGREE,0.263,,,,,0,0,0,,3090,native,3090
run_M3pAB_default_E8P_055226,2026-10-08 05:54,3090(推定:boot窗),B1006,SG:guard=1 sane_p=50.0 sane_v=15.0 resume_gap=0.15 | GATE:cost_gate=1 ratio=10.0 n=5 win=20 | min_disparity=0 fardrop_min_near=30 depth_gate=0 | RFIX(staged) | IQG:gate=0 corners=80 depth_r=0.50 band=100m stereo_r=0.30 staged_n=80 max_consec=30,banner:T2SGCFG+banner:T2GATECFG+banner:T2RFIXCFG+banner:T2IQGCFG,-,IQG(f622bae2/886b1e90),FAIL,,,,,,,,,,0,,,,3090,native,3090
run_M3pbase_E12O_1_044934,2026-10-08 04:52,3090,B1006,SG:guard=1 sane_p=50.0 sane_v=15.0 resume_gap=0.15 | GATE:cost_gate=1 ratio=10.0 n=5 win=20 | min_disparity=0 fardrop_min_near=30 depth_gate=0 | RFIX(staged) | IQG:gate=0 corners=80 depth_r=0.50 band=100m stereo_r=0.30 staged_n=80 max_consec=30,banner:T2SGCFG+banner:T2GATECFG+banner:T2RFIXCFG+banner:T2IQGCFG,-,IQG(f622bae2/886b1e90),PASS,0.41,,,AGREE,0.115,,,,,0,1,1,,3090,native,3090
run_M3pbase_E12O_2_045217,2026-10-08 04:54,3090,B1006,SG:guard=1 sane_p=50.0 sane_v=15.0 resume_gap=0.15 | GATE:cost_gate=1 ratio=10.0 n=5 win=20 | min_disparity=0 fardrop_min_near=30 depth_gate=0 | RFIX(staged) | IQG:gate=0 corners=80 depth_r=0.50 band=100m stereo_r=0.30 staged_n=80 max_consec=30,banner:T2SGCFG+banner:T2GATECFG+banner:T2RFIXCFG+banner:T2IQGCFG,-,IQG(f622bae2/886b1e90),PASS,0.275,,,AGREE,0.26,,,,,0,1,1,,3090,native,3090
run_M3pbase_E12O_3_045455,2026-10-08 04:57,3090,B1006,SG:guard=1 sane_p=50.0 sane_v=15.0 resume_gap=0.15 | GATE:cost_gate=1 ratio=10.0 n=5 win=20 | min_disparity=0 fardrop_min_near=30 depth_gate=0 | RFIX(staged) | IQG:gate=0 corners=80 depth_r=0.50 band=100m stereo_r=0.30 staged_n=80 max_consec=30,banner:T2SGCFG+banner:T2GATECFG+banner:T2RFIXCFG+banner:T2IQGCFG,-,IQG(f622bae2/886b1e90),FAIL,0.494,,,AGREE,4.119,,,,,0,0,0,,3090,native,3090
run_M3pbase_E8P_1_041130,2026-10-08 04:18,3090(推定:boot窗),B1006,SG:guard=1 sane_p=50.0 sane_v=15.0 resume_gap=0.15 | GATE:cost_gate=1 ratio=10.0 n=5 win=20 | min_disparity=0 fardrop_min_near=30 depth_gate=0 | RFIX(staged) | IQG:gate=0 corners=80 depth_r=0.50 band=100m stereo_r=0.30 staged_n=80 max_consec=30,banner:T2SGCFG+banner:T2GATECFG+banner:T2RFIXCFG+banner:T2IQGCFG,-,IQG(f622bae2/886b1e90),FAIL,,,,,,,,,,0,,,,3090,native,3090
run_M3pbase_E8P_2_041836,2026-10-08 04:26,3090,B1006,SG:guard=1 sane_p=50.0 sane_v=15.0 resume_gap=0.15 | GATE:cost_gate=1 ratio=10.0 n=5 win=20 | min_disparity=0 fardrop_min_near=30 depth_gate=0 | RFIX(staged) | IQG:gate=0 corners=80 depth_r=0.50 band=100m stereo_r=0.30 staged_n=80 max_consec=30,banner:T2SGCFG+banner:T2GATECFG+banner:T2RFIXCFG+banner:T2IQGCFG,-,IQG(f622bae2/886b1e90),FAIL,10.782,,,DUAL-ANCHOR-DIVERGENT,1.813,,,,,2,0,0,,3090,native,3090
run_M3pbase_E8P_3_042721,2026-10-08 04:34,3090(推定:boot窗),B1006,SG:guard=1 sane_p=50.0 sane_v=15.0 resume_gap=0.15 | GATE:cost_gate=1 ratio=10.0 n=5 win=20 | min_disparity=0 fardrop_min_near=30 depth_gate=0 | RFIX(staged) | IQG:gate=0 corners=80 depth_r=0.50 band=100m stereo_r=0.30 staged_n=80 max_consec=30,banner:T2SGCFG+banner:T2GATECFG+banner:T2RFIXCFG+banner:T2IQGCFG,-,IQG(f622bae2/886b1e90),FAIL,,,,,,,,,,0,,,,3090,native,3090
run_M3pbase_N8P_1_050516,2026-10-08 05:07,3090,B1006,SG:guard=1 sane_p=50.0 sane_v=15.0 resume_gap=0.15 | GATE:cost_gate=1 ratio=10.0 n=5 win=20 | min_disparity=0 fardrop_min_near=30 depth_gate=0 | RFIX(staged) | IQG:gate=0 corners=80 depth_r=0.50 band=100m stereo_r=0.30 staged_n=80 max_consec=30,banner:T2SGCFG+banner:T2GATECFG+banner:T2RFIXCFG+banner:T2IQGCFG,-,IQG(f622bae2/886b1e90),PASS,0.189,,,DUAL-ANCHOR-DIVERGENT,0.178,,,,,0,1,1,,3090,native,3090
run_M3pbase_N8P_2_050744,2026-10-08 05:09,3090,B1006,SG:guard=1 sane_p=50.0 sane_v=15.0 resume_gap=0.15 | GATE:cost_gate=1 ratio=10.0 n=5 win=20 | min_disparity=0 fardrop_min_near=30 depth_gate=0 | RFIX(staged) | IQG:gate=0 corners=80 depth_r=0.50 band=100m stereo_r=0.30 staged_n=80 max_consec=30,banner:T2SGCFG+banner:T2GATECFG+banner:T2RFIXCFG+banner:T2IQGCFG,-,IQG(f622bae2/886b1e90),PASS,0.127,,,AGREE,0.183,,,,,0,1,1,,3090,native,3090
run_M3pbase_N8P_3_051012,2026-10-08 05:12,3090,B1006,SG:guard=1 sane_p=50.0 sane_v=15.0 resume_gap=0.15 | GATE:cost_gate=1 ratio=10.0 n=5 win=20 | min_disparity=0 fardrop_min_near=30 depth_gate=0 | RFIX(staged) | IQG:gate=0 corners=80 depth_r=0.50 band=100m stereo_r=0.30 staged_n=80 max_consec=30,banner:T2SGCFG+banner:T2GATECFG+banner:T2RFIXCFG+banner:T2IQGCFG,-,IQG(f622bae2/886b1e90),PASS,0.081,,,AGREE,0.105,,,,,0,1,1,,3090,native,3090
run_M3pbase_NE8O_1_045749,2026-10-08 05:00,3090,B1006,SG:guard=1 sane_p=50.0 sane_v=15.0 resume_gap=0.15 | GATE:cost_gate=1 ratio=10.0 n=5 win=20 | min_disparity=0 fardrop_min_near=30 depth_gate=0 | RFIX(staged) | IQG:gate=0 corners=80 depth_r=0.50 band=100m stereo_r=0.30 staged_n=80 max_consec=30,banner:T2SGCFG+banner:T2GATECFG+banner:T2RFIXCFG+banner:T2IQGCFG,-,IQG(f622bae2/886b1e90),PASS,0.22,,,AGREE,0.154,,,,,0,1,1,,3090,native,3090
run_M3pbase_NE8O_2_050016,2026-10-08 05:02,3090,B1006,SG:guard=1 sane_p=50.0 sane_v=15.0 resume_gap=0.15 | GATE:cost_gate=1 ratio=10.0 n=5 win=20 | min_disparity=0 fardrop_min_near=30 depth_gate=0 | RFIX(staged) | IQG:gate=0 corners=80 depth_r=0.50 band=100m stereo_r=0.30 staged_n=80 max_consec=30,banner:T2SGCFG+banner:T2GATECFG+banner:T2RFIXCFG+banner:T2IQGCFG,-,IQG(f622bae2/886b1e90),FAIL,0.268,,,AGREE,1.23,,,,,0,0,0,,3090,native,3090
run_M3pbase_NE8O_3_050249,2026-10-08 05:05,3090,B1006,SG:guard=1 sane_p=50.0 sane_v=15.0 resume_gap=0.15 | GATE:cost_gate=1 ratio=10.0 n=5 win=20 | min_disparity=0 fardrop_min_near=30 depth_gate=0 | RFIX(staged) | IQG:gate=0 corners=80 depth_r=0.50 band=100m stereo_r=0.30 staged_n=80 max_consec=30,banner:T2SGCFG+banner:T2GATECFG+banner:T2RFIXCFG+banner:T2IQGCFG,-,IQG(f622bae2/886b1e90),PASS,0.165,,,AGREE,0.084,,,,,0,1,1,,3090,native,3090
run_M3pbase_S12P_1_043426,2026-10-08 04:36,3090,B1006,SG:guard=1 sane_p=50.0 sane_v=15.0 resume_gap=0.15 | GATE:cost_gate=1 ratio=10.0 n=5 win=20 | min_disparity=0 fardrop_min_near=30 depth_gate=0 | RFIX(staged) | IQG:gate=0 corners=80 depth_r=0.50 band=100m stereo_r=0.30 staged_n=80 max_consec=30,banner:T2SGCFG+banner:T2GATECFG+banner:T2RFIXCFG+banner:T2IQGCFG,-,IQG(f622bae2/886b1e90),PASS,0.055,,,AGREE,0.126,,,,,0,1,1,,3090,native,3090
run_M3pbase_S12P_2_043700,2026-10-08 04:39,3090,B1006,SG:guard=1 sane_p=50.0 sane_v=15.0 resume_gap=0.15 | GATE:cost_gate=1 ratio=10.0 n=5 win=20 | min_disparity=0 fardrop_min_near=30 depth_gate=0 | RFIX(staged) | IQG:gate=0 corners=80 depth_r=0.50 band=100m stereo_r=0.30 staged_n=80 max_consec=30,banner:T2SGCFG+banner:T2GATECFG+banner:T2RFIXCFG+banner:T2IQGCFG,-,IQG(f622bae2/886b1e90),PASS,0.077,,,AGREE,0.061,,,,,0,1,1,,3090,native,3090
run_M3pbase_S12P_3_043934,2026-10-08 04:41,3090,B1006,SG:guard=1 sane_p=50.0 sane_v=15.0 resume_gap=0.15 | GATE:cost_gate=1 ratio=10.0 n=5 win=20 | min_disparity=0 fardrop_min_near=30 depth_gate=0 | RFIX(staged) | IQG:gate=0 corners=80 depth_r=0.50 band=100m stereo_r=0.30 staged_n=80 max_consec=30,banner:T2SGCFG+banner:T2GATECFG+banner:T2RFIXCFG+banner:T2IQGCFG,-,IQG(f622bae2/886b1e90),FAIL,0.377,,,DUAL-ANCHOR-DIVERGENT,0.703,,,,,0,0,0,,3090,native,3090
run_M3pbase_S8O_1_044212,2026-10-08 04:44,3090,B1006,SG:guard=1 sane_p=50.0 sane_v=15.0 resume_gap=0.15 | GATE:cost_gate=1 ratio=10.0 n=5 win=20 | min_disparity=0 fardrop_min_near=30 depth_gate=0 | RFIX(staged) | IQG:gate=0 corners=80 depth_r=0.50 band=100m stereo_r=0.30 staged_n=80 max_consec=30,banner:T2SGCFG+banner:T2GATECFG+banner:T2RFIXCFG+banner:T2IQGCFG,-,IQG(f622bae2/886b1e90),PASS,0.078,,,AGREE,0.091,,,,,0,1,1,,3090,native,3090
run_M3pbase_S8O_2_044438,2026-10-08 04:46,3090,B1006,SG:guard=1 sane_p=50.0 sane_v=15.0 resume_gap=0.15 | GATE:cost_gate=1 ratio=10.0 n=5 win=20 | min_disparity=0 fardrop_min_near=30 depth_gate=0 | RFIX(staged) | IQG:gate=0 corners=80 depth_r=0.50 band=100m stereo_r=0.30 staged_n=80 max_consec=30,banner:T2SGCFG+banner:T2GATECFG+banner:T2RFIXCFG+banner:T2IQGCFG,-,IQG(f622bae2/886b1e90),PASS,0.141,,,AGREE,0.133,,,,,0,1,1,,3090,native,3090
run_M3pbase_S8O_3_044705,2026-10-08 04:49,3090,B1006,SG:guard=1 sane_p=50.0 sane_v=15.0 resume_gap=0.15 | GATE:cost_gate=1 ratio=10.0 n=5 win=20 | min_disparity=0 fardrop_min_near=30 depth_gate=0 | RFIX(staged) | IQG:gate=0 corners=80 depth_r=0.50 band=100m stereo_r=0.30 staged_n=80 max_consec=30,banner:T2SGCFG+banner:T2GATECFG+banner:T2RFIXCFG+banner:T2IQGCFG,-,IQG(f622bae2/886b1e90),PASS,0.09,,,AGREE,0.404,,,,,0,1,1,,3090,native,3090
run_M3pv2_E12O_1_062914,2026-10-08 06:31,3090,B1006,SG:guard=1 sane_p=50.0 sane_v=15.0 resume_gap=0.15 | GATE:cost_gate=1 ratio=10.0 n=5 win=20 | min_disparity=0 fardrop_min_near=30 depth_gate=0 | RFIX(staged) | IQG:gate=1 corners=80 depth_r=0.50 band=100m stereo_r=0.10 staged_n=80 max_consec=30,banner:T2SGCFG+banner:T2GATECFG+banner:T2RFIXCFG+banner:T2IQGCFG,-,IQG(f622bae2/886b1e90),PASS,0.461,,,AGREE,0.298,,,,,0,1,1,,3090,native,3090
run_M3pv2_E12O_2_063203,2026-10-08 06:34,3090,B1006,SG:guard=1 sane_p=50.0 sane_v=15.0 resume_gap=0.15 | GATE:cost_gate=1 ratio=10.0 n=5 win=20 | min_disparity=0 fardrop_min_near=30 depth_gate=0 | RFIX(staged) | IQG:gate=1 corners=80 depth_r=0.50 band=100m stereo_r=0.10 staged_n=80 max_consec=30,banner:T2SGCFG+banner:T2GATECFG+banner:T2RFIXCFG+banner:T2IQGCFG,-,IQG(f622bae2/886b1e90),PASS,0.376,,,AGREE,0.228,,,,,0,1,1,,3090,native,3090
run_M3pv2_E12O_3_063446,2026-10-08 06:37,3090,B1006,SG:guard=1 sane_p=50.0 sane_v=15.0 resume_gap=0.15 | GATE:cost_gate=1 ratio=10.0 n=5 win=20 | min_disparity=0 fardrop_min_near=30 depth_gate=0 | RFIX(staged) | IQG:gate=1 corners=80 depth_r=0.50 band=100m stereo_r=0.10 staged_n=80 max_consec=30,banner:T2SGCFG+banner:T2GATECFG+banner:T2RFIXCFG+banner:T2IQGCFG,-,IQG(f622bae2/886b1e90),PASS,0.384,,,AGREE,0.261,,,,,0,1,1,,3090,native,3090
run_M3pv2_E8P_1_051239,2026-10-08 05:13,?,n/a,SG:guard=1 sane_p=50.0 sane_v=15.0 resume_gap=0.15 | GATE:cost_gate=1 ratio=10.0 n=5 win=20 | min_disparity=0 fardrop_min_near=30 depth_gate=0 | RFIX(staged) | IQG:gate=1 corners=80 depth_r=0.50 band=100m stereo_r=0.10 staged_n=80 max_consec=30,banner:T2SGCFG+banner:T2GATECFG+banner:T2RFIXCFG+banner:T2IQGCFG,-,"?(机器不明,栈不可判)",,,,,,,,,,,0,,,,?,?,3090
run_M3pv2_E8P_1_053227,2026-10-08 05:32,?,n/a,SG:guard=1 sane_p=50.0 sane_v=15.0 resume_gap=0.15 | GATE:cost_gate=1 ratio=10.0 n=5 win=20 | min_disparity=0 fardrop_min_near=30 depth_gate=0 | RFIX(staged) | IQG:gate=1 corners=80 depth_r=0.50 band=100m stereo_r=0.10 staged_n=80 max_consec=30,banner:T2SGCFG+banner:T2GATECFG+banner:T2RFIXCFG+banner:T2IQGCFG,-,"?(机器不明,栈不可判)",,,,,,,,,,,0,,,,?,?,3090
run_M3pv2_E8P_1_054254,2026-10-08 05:43,?,n/a,SG:guard=1 sane_p=50.0 sane_v=15.0 resume_gap=0.15 | GATE:cost_gate=1 ratio=10.0 n=5 win=20 | min_disparity=0 fardrop_min_near=30 depth_gate=0 | RFIX(staged) | IQG:gate=1 corners=80 depth_r=0.50 band=100m stereo_r=0.10 staged_n=80 max_consec=30,banner:T2SGCFG+banner:T2GATECFG+banner:T2RFIXCFG+banner:T2IQGCFG,-,"?(机器不明,栈不可判)",,,,,,,,,,,0,,,,?,?,3090
run_M3pv2_E8P_1_060235,2026-10-08 06:04,3090(推定:boot窗),B1006,SG:guard=1 sane_p=50.0 sane_v=15.0 resume_gap=0.15 | GATE:cost_gate=1 ratio=10.0 n=5 win=20 | min_disparity=0 fardrop_min_near=30 depth_gate=0 | RFIX(staged) | IQG:gate=1 corners=80 depth_r=0.50 band=100m stereo_r=0.10 staged_n=80 max_consec=30,banner:T2SGCFG+banner:T2GATECFG+banner:T2RFIXCFG+banner:T2IQGCFG,-,IQG(f622bae2/886b1e90),FAIL,,,,,,,,,,7,,,,3090,native,3090
run_M3pv2_E8P_2_051812,2026-10-08 05:18,?,n/a,SG:guard=1 sane_p=50.0 sane_v=15.0 resume_gap=0.15 | GATE:cost_gate=1 ratio=10.0 n=5 win=20 | min_disparity=0 fardrop_min_near=30 depth_gate=0 | RFIX(staged) | IQG:gate=1 corners=80 depth_r=0.50 band=100m stereo_r=0.10 staged_n=80 max_consec=30,banner:T2SGCFG+banner:T2GATECFG+banner:T2RFIXCFG+banner:T2IQGCFG,-,"?(机器不明,栈不可判)",,,,,,,,,,,0,,,,?,?,3090
run_M3pv2_E8P_2_053759,2026-10-08 05:38,?,n/a,SG:guard=1 sane_p=50.0 sane_v=15.0 resume_gap=0.15 | GATE:cost_gate=1 ratio=10.0 n=5 win=20 | min_disparity=0 fardrop_min_near=30 depth_gate=0 | RFIX(staged) | IQG:gate=1 corners=80 depth_r=0.50 band=100m stereo_r=0.10 staged_n=80 max_consec=30,banner:T2SGCFG+banner:T2GATECFG+banner:T2RFIXCFG+banner:T2IQGCFG,-,"?(机器不明,栈不可判)",,,,,,,,,,,0,,,,?,?,3090
run_M3pv2_E8P_2_054826,2026-10-08 05:48,?,n/a,SG:guard=1 sane_p=50.0 sane_v=15.0 resume_gap=0.15 | GATE:cost_gate=1 ratio=10.0 n=5 win=20 | min_disparity=0 fardrop_min_near=30 depth_gate=0 | RFIX(staged) | IQG:gate=1 corners=80 depth_r=0.50 band=100m stereo_r=0.10 staged_n=80 max_consec=30,banner:T2SGCFG+banner:T2GATECFG+banner:T2RFIXCFG+banner:T2IQGCFG,-,"?(机器不明,栈不可判)",,,,,,,,,,,0,,,,?,?,3090
run_M3pv2_E8P_2_060449,2026-10-08 06:11,3090(推定:boot窗),B1006,SG:guard=1 sane_p=50.0 sane_v=15.0 resume_gap=0.15 | GATE:cost_gate=1 ratio=10.0 n=5 win=20 | min_disparity=0 fardrop_min_near=30 depth_gate=0 | RFIX(staged) | IQG:gate=1 corners=80 depth_r=0.50 band=100m stereo_r=0.10 staged_n=80 max_consec=30,banner:T2SGCFG+banner:T2GATECFG+banner:T2RFIXCFG+banner:T2IQGCFG,-,IQG(f622bae2/886b1e90),FAIL,,,,,,,,,,0,,,,3090,native,3090
run_M3pv2_E8P_3_052344,2026-10-08 05:24,?,n/a,SG:guard=1 sane_p=50.0 sane_v=15.0 resume_gap=0.15 | GATE:cost_gate=1 ratio=10.0 n=5 win=20 | min_disparity=0 fardrop_min_near=30 depth_gate=0 | RFIX(staged) | IQG:gate=1 corners=80 depth_r=0.50 band=100m stereo_r=0.10 staged_n=80 max_consec=30,banner:T2SGCFG+banner:T2GATECFG+banner:T2RFIXCFG+banner:T2IQGCFG,-,"?(机器不明,栈不可判)",,,,,,,,,,,0,,,,?,?,3090
run_M3pv2_E8P_3_061154,2026-10-08 06:14,3090(推定:boot窗),B1006,SG:guard=1 sane_p=50.0 sane_v=15.0 resume_gap=0.15 | GATE:cost_gate=1 ratio=10.0 n=5 win=20 | min_disparity=0 fardrop_min_near=30 depth_gate=0 | RFIX(staged) | IQG:gate=1 corners=80 depth_r=0.50 band=100m stereo_r=0.10 staged_n=80 max_consec=30,banner:T2SGCFG+banner:T2GATECFG+banner:T2RFIXCFG+banner:T2IQGCFG,-,IQG(f622bae2/886b1e90),FAIL,,,,,,,,,,0,,,,3090,native,3090
run_M3pv2_N8P_1_064941,2026-10-08 06:56,3090,B1006,SG:guard=1 sane_p=50.0 sane_v=15.0 resume_gap=0.15 | GATE:cost_gate=1 ratio=10.0 n=5 win=20 | min_disparity=0 fardrop_min_near=30 depth_gate=0 | RFIX(staged) | IQG:gate=1 corners=80 depth_r=0.50 band=100m stereo_r=0.10 staged_n=80 max_consec=30,banner:T2SGCFG+banner:T2GATECFG+banner:T2RFIXCFG+banner:T2IQGCFG,-,IQG(f622bae2/886b1e90),FAIL,8.358,,,AGREE,3.942,,,,,0,0,0,,3090,native,3090
run_M3pv2_N8P_2_065724,2026-10-08 06:59,3090,B1006,SG:guard=1 sane_p=50.0 sane_v=15.0 resume_gap=0.15 | GATE:cost_gate=1 ratio=10.0 n=5 win=20 | min_disparity=0 fardrop_min_near=30 depth_gate=0 | RFIX(staged) | IQG:gate=1 corners=80 depth_r=0.50 band=100m stereo_r=0.10 staged_n=80 max_consec=30,banner:T2SGCFG+banner:T2GATECFG+banner:T2RFIXCFG+banner:T2IQGCFG,-,IQG(f622bae2/886b1e90),FAIL,0.072,,,AGREE,1.221,,,,,0,0,0,,3090,native,3090
run_M3pv2_N8P_3_065958,2026-10-08 07:00,?,n/a,legacy(无banner),era-map:默认,-,"?(机器不明,栈不可判)",,,,,,,,,,,0,,,,?,?,3090
run_M3pv2_NE8O_1_063722,2026-10-08 06:44,3090,B1006,SG:guard=1 sane_p=50.0 sane_v=15.0 resume_gap=0.15 | GATE:cost_gate=1 ratio=10.0 n=5 win=20 | min_disparity=0 fardrop_min_near=30 depth_gate=0 | RFIX(staged) | IQG:gate=1 corners=80 depth_r=0.50 band=100m stereo_r=0.10 staged_n=80 max_consec=30,banner:T2SGCFG+banner:T2GATECFG+banner:T2RFIXCFG+banner:T2IQGCFG,-,IQG(f622bae2/886b1e90),FAIL,9.784,,,AGREE,0.058,,,,,0,0,0,,3090,native,3090
run_M3pv2_NE8O_2_064447,2026-10-08 06:47,3090,B1006,SG:guard=1 sane_p=50.0 sane_v=15.0 resume_gap=0.15 | GATE:cost_gate=1 ratio=10.0 n=5 win=20 | min_disparity=0 fardrop_min_near=30 depth_gate=0 | RFIX(staged) | IQG:gate=1 corners=80 depth_r=0.50 band=100m stereo_r=0.10 staged_n=80 max_consec=30,banner:T2SGCFG+banner:T2GATECFG+banner:T2RFIXCFG+banner:T2IQGCFG,-,IQG(f622bae2/886b1e90),PASS,0.244,,,AGREE,0.215,,,,,0,1,1,,3090,native,3090
run_M3pv2_NE8O_3_064714,2026-10-08 06:49,3090,B1006,SG:guard=1 sane_p=50.0 sane_v=15.0 resume_gap=0.15 | GATE:cost_gate=1 ratio=10.0 n=5 win=20 | min_disparity=0 fardrop_min_near=30 depth_gate=0 | RFIX(staged) | IQG:gate=1 corners=80 depth_r=0.50 band=100m stereo_r=0.10 staged_n=80 max_consec=30,banner:T2SGCFG+banner:T2GATECFG+banner:T2RFIXCFG+banner:T2IQGCFG,-,IQG(f622bae2/886b1e90),PASS,0.129,,,AGREE,0.094,,,,,0,1,1,,3090,native,3090
run_M3pv2_S12P_1_052916,2026-10-08 05:29,?,n/a,SG:guard=1 sane_p=50.0 sane_v=15.0 resume_gap=0.15 | GATE:cost_gate=1 ratio=10.0 n=5 win=20 | min_disparity=0 fardrop_min_near=30 depth_gate=0 | RFIX(staged) | IQG:gate=1 corners=80 depth_r=0.50 band=100m stereo_r=0.10 staged_n=80 max_consec=30,banner:T2SGCFG+banner:T2GATECFG+banner:T2RFIXCFG+banner:T2IQGCFG,-,"?(机器不明,栈不可判)",,,,,,,,,,,0,,,,?,?,3090
run_M3pv2_S12P_1_061409,2026-10-08 06:16,3090,B1006,SG:guard=1 sane_p=50.0 sane_v=15.0 resume_gap=0.15 | GATE:cost_gate=1 ratio=10.0 n=5 win=20 | min_disparity=0 fardrop_min_near=30 depth_gate=0 | RFIX(staged) | IQG:gate=1 corners=80 depth_r=0.50 band=100m stereo_r=0.10 staged_n=80 max_consec=30,banner:T2SGCFG+banner:T2GATECFG+banner:T2RFIXCFG+banner:T2IQGCFG,-,IQG(f622bae2/886b1e90),FAIL,0.328,,,DUAL-ANCHOR-DIVERGENT,1.672,,,,,0,0,0,,3090,native,3090
run_M3pv2_S12P_2_061648,2026-10-08 06:19,3090,B1006,SG:guard=1 sane_p=50.0 sane_v=15.0 resume_gap=0.15 | GATE:cost_gate=1 ratio=10.0 n=5 win=20 | min_disparity=0 fardrop_min_near=30 depth_gate=0 | RFIX(staged) | IQG:gate=1 corners=80 depth_r=0.50 band=100m stereo_r=0.10 staged_n=80 max_consec=30,banner:T2SGCFG+banner:T2GATECFG+banner:T2RFIXCFG+banner:T2IQGCFG,-,IQG(f622bae2/886b1e90),PASS,0.035,,,AGREE,0.071,,,,,0,1,1,,3090,native,3090
run_M3pv2_S12P_3_061918,2026-10-08 06:21,3090,B1006,SG:guard=1 sane_p=50.0 sane_v=15.0 resume_gap=0.15 | GATE:cost_gate=1 ratio=10.0 n=5 win=20 | min_disparity=0 fardrop_min_near=30 depth_gate=0 | RFIX(staged) | IQG:gate=1 corners=80 depth_r=0.50 band=100m stereo_r=0.10 staged_n=80 max_consec=30,banner:T2SGCFG+banner:T2GATECFG+banner:T2RFIXCFG+banner:T2IQGCFG,-,IQG(f622bae2/886b1e90),PASS,0.355,,,DUAL-ANCHOR-DIVERGENT,0.341,,,,,0,1,1,,3090,native,3090
run_M3pv2_S8O_1_062145,2026-10-08 06:23,3090,B1006,SG:guard=1 sane_p=50.0 sane_v=15.0 resume_gap=0.15 | GATE:cost_gate=1 ratio=10.0 n=5 win=20 | min_disparity=0 fardrop_min_near=30 depth_gate=0 | RFIX(staged) | IQG:gate=1 corners=80 depth_r=0.50 band=100m stereo_r=0.10 staged_n=80 max_consec=30,banner:T2SGCFG+banner:T2GATECFG+banner:T2RFIXCFG+banner:T2IQGCFG,-,IQG(f622bae2/886b1e90),PASS,0.103,,,AGREE,0.071,,,,,0,1,1,,3090,native,3090
run_M3pv2_S8O_2_062412,2026-10-08 06:26,3090,B1006,SG:guard=1 sane_p=50.0 sane_v=15.0 resume_gap=0.15 | GATE:cost_gate=1 ratio=10.0 n=5 win=20 | min_disparity=0 fardrop_min_near=30 depth_gate=0 | RFIX(staged) | IQG:gate=1 corners=80 depth_r=0.50 band=100m stereo_r=0.10 staged_n=80 max_consec=30,banner:T2SGCFG+banner:T2GATECFG+banner:T2RFIXCFG+banner:T2IQGCFG,-,IQG(f622bae2/886b1e90),PASS,0.075,,,AGREE,0.132,,,,,0,1,1,,3090,native,3090
run_M3pv2_S8O_3_062639,2026-10-08 06:29,3090,B1006,SG:guard=1 sane_p=50.0 sane_v=15.0 resume_gap=0.15 | GATE:cost_gate=1 ratio=10.0 n=5 win=20 | min_disparity=0 fardrop_min_near=30 depth_gate=0 | RFIX(staged) | IQG:gate=1 corners=80 depth_r=0.50 band=100m stereo_r=0.10 staged_n=80 max_consec=30,banner:T2SGCFG+banner:T2GATECFG+banner:T2RFIXCFG+banner:T2IQGCFG,-,IQG(f622bae2/886b1e90),PASS,0.054,,,AGREE,0.206,,,,,0,1,1,,3090,native,3090
run_RAREP1_051826,2026-10-06 05:20,3090,B1006,SG:guard=1 sane_p=50.0 sane_v=15.0 resume_gap=0.15 | GATE:cost_gate=1 ratio=10.0 n=5 win=20 | min_disparity=0 fardrop_min_near=30 depth_gate=0 | RFIX(staged),banner:T2SGCFG+banner:T2GATECFG+banner:T2RFIXCFG,-,streamguard(b7de133d node 族),PASS,0.095,,,AGREE,0.166,,,,,0,1,1,,3090,native,3090
run_SUPHV2a_230310,2026-10-05 23:08,3090,B1005,SG:guard=1 sane_p=50.0 sane_v=15.0 resume_gap=0.15 | GATE:cost_gate=1 ratio=10.0 n=5 win=20 | min_disparity=0 fardrop_min_near=30 depth_gate=0 | RFIX(staged),banner:T2SGCFG+banner:T2GATECFG+banner:T2RFIXCFG,-,streamguard(b7de133d node 族),FAIL,161.397,161.397,FAIL,-,0.371,,,,,216,0,0,,3090,native,3090
run_SUPHV2b_230920,2026-10-05 23:16,3090,B1005,SG:guard=1 sane_p=50.0 sane_v=15.0 resume_gap=0.15 | GATE:cost_gate=1 ratio=10.0 n=5 win=20 | min_disparity=0 fardrop_min_near=30 depth_gate=0 | RFIX(staged),banner:T2SGCFG+banner:T2GATECFG+banner:T2RFIXCFG,-,streamguard(b7de133d node 族),FAIL,3.016,3.016,FAIL,-,10.503,,,,,154,0,0,,3090,native,3090
run_SUPHV3a_001611,2026-10-06 00:19,3090,B1005,SG:guard=1 sane_p=50.0 sane_v=15.0 resume_gap=0.15 | GATE:cost_gate=0 ratio=10.0 n=5 win=20 | min_disparity=0 fardrop_min_near=30 depth_gate=0 | RFIX(staged),banner:T2SGCFG+banner:T2GATECFG+banner:T2RFIXCFG,-,streamguard(b7de133d node 族),FAIL,0.286,0.286,FAIL,-,0.907,0.0,1.3454,transit,1,1,0,0,FAIL,3090,native,3090
run_SUPHV3b_001918,2026-10-06 00:22,3090,B1005,SG:guard=1 sane_p=50.0 sane_v=15.0 resume_gap=0.15 | GATE:cost_gate=0 ratio=10.0 n=5 win=20 | min_disparity=0 fardrop_min_near=30 depth_gate=0 | RFIX(staged),banner:T2SGCFG+banner:T2GATECFG+banner:T2RFIXCFG,-,streamguard(b7de133d node 族),FAIL,0.057,0.057,FAIL,-,3.909,0.8032,4.1547,transit,17,0,0,0,FAIL,3090,native,3090
run_SUPHVa_224750,2026-10-05 22:51,3090,B1005,SG:guard=0 sane_p=1000.0 sane_v=50.0 resume_gap=0.15 | GATE:cost_gate=0 ratio=10.0 n=5 win=20 | min_disparity=0 fardrop_min_near=30 depth_gate=0 | RFIX(staged),banner:T2SGCFG+banner:T2GATECFG+banner:T2RFIXCFG,-,streamguard(b7de133d node 族),FAIL,0.373,0.373,FAIL,-,4.73,,,,,0,0,0,,3090,native,3090
run_SUPHVb_225134,2026-10-05 22:51,?,n/a,SG:guard=0 sane_p=1000.0 sane_v=50.0 resume_gap=0.15 | GATE:cost_gate=0 ratio=10.0 n=5 win=20 | min_disparity=0 fardrop_min_near=30 depth_gate=0 | RFIX(staged),banner:T2SGCFG+banner:T2GATECFG+banner:T2RFIXCFG,-,"?(机器不明,栈不可判)",,,,,,,,,,,0,,,,?,?,3090
run_SUPP2A_234133,2026-10-05 23:46,3090,B1005,SG:guard=1 sane_p=50.0 sane_v=15.0 resume_gap=0.15 | GATE:cost_gate=0 ratio=10.0 n=5 win=20 | min_disparity=0 fardrop_min_near=30 depth_gate=0 | RFIX(staged),banner:T2SGCFG+banner:T2GATECFG+banner:T2RFIXCFG,-,streamguard(b7de133d node 族),FAIL,3.556,3.556,FAIL,-,2.349,,,,,0,0,0,,3090,native,3090
run_SUPP2Av2_235010,2026-10-05 23:55,3090,B1005,SG:guard=1 sane_p=50.0 sane_v=15.0 resume_gap=0.15 | GATE:cost_gate=0 ratio=10.0 n=5 win=20 | min_disparity=0 fardrop_min_near=30 depth_gate=0 | RFIX(staged),banner:T2SGCFG+banner:T2GATECFG+banner:T2RFIXCFG,-,streamguard(b7de133d node 族),FAIL,4.851,4.851,FAIL,-,2.429,,,,,2,0,0,,3090,native,3090
run_SUPP2Av3_235735,2026-10-06 00:02,3090,B1005,SG:guard=1 sane_p=50.0 sane_v=15.0 resume_gap=0.15 | GATE:cost_gate=0 ratio=10.0 n=5 win=20 | min_disparity=0 fardrop_min_near=30 depth_gate=0 | RFIX(staged),banner:T2SGCFG+banner:T2GATECFG+banner:T2RFIXCFG,-,streamguard(b7de133d node 族),FAIL,3.719,3.719,FAIL,-,0.823,0.0,0.8232,transit,5,0,0,0,FAIL,3090,native,3090
run_SUPP3INJ_000528,2026-10-06 00:10,3090,B1005,SG:guard=1 sane_p=50.0 sane_v=15.0 resume_gap=0.15 | GATE:cost_gate=0 ratio=10.0 n=5 win=20 | min_disparity=0 fardrop_min_near=30 depth_gate=0 | RFIX(staged),banner:T2SGCFG+banner:T2GATECFG+banner:T2RFIXCFG,-,streamguard(b7de133d node 族),FAIL,5.096,5.096,FAIL,-,2.159,,,,,0,0,0,,3090,native,3090
run_SUPX1a_224035,2026-10-05 22:40,?,n/a,SG:guard=0 sane_p=1000.0 sane_v=50.0 resume_gap=0.15 | GATE:cost_gate=0 ratio=10.0 n=5 win=20 | min_disparity=0 fardrop_min_near=30 depth_gate=0 | RFIX(staged),banner:T2SGCFG+banner:T2GATECFG+banner:T2RFIXCFG,-,"?(机器不明,栈不可判)",,,,,,,,,,,0,,,,?,?,3090
run_SUPX1b_224122,2026-10-05 22:47,3090,B1005,SG:guard=0 sane_p=1000.0 sane_v=50.0 resume_gap=0.15 | GATE:cost_gate=0 ratio=10.0 n=5 win=20 | min_disparity=0 fardrop_min_near=30 depth_gate=0 | RFIX(staged),banner:T2SGCFG+banner:T2GATECFG+banner:T2RFIXCFG,-,streamguard(b7de133d node 族),FAIL,1.846,1.846,FAIL,-,6.816,542.3791,206.3013,jump,1330,11,0,0,FAIL,3090,native,3090
run_SUPX2a_225543,2026-10-05 22:59,3090(推定:boot窗),B1005,SG:guard=1 sane_p=50.0 sane_v=15.0 resume_gap=0.15 | GATE:cost_gate=1 ratio=10.0 n=5 win=20 | min_disparity=0 fardrop_min_near=30 depth_gate=0 | RFIX(staged),banner:T2SGCFG+banner:T2GATECFG+banner:T2RFIXCFG,-,streamguard(b7de133d node 族),FAIL,,,,,,,,,,73,,,,3090,native,3090
run_SUPX2b_230005,2026-10-05 23:02,3090(推定:boot窗),B1005,SG:guard=1 sane_p=50.0 sane_v=15.0 resume_gap=0.15 | GATE:cost_gate=1 ratio=10.0 n=5 win=20 | min_disparity=0 fardrop_min_near=30 depth_gate=0 | RFIX(staged),banner:T2SGCFG+banner:T2GATECFG+banner:T2RFIXCFG,-,streamguard(b7de133d node 族),FAIL,,,,,,,,,,52,,,,3090,native,3090
run_T2BL10_210001,2026-10-04 21:00,?,n/a,GATE:cost_gate=1 ratio=10.0 n=5 win=20 | min_disparity=0 fardrop_min_near=30 depth_gate=0 | RFIX(staged),banner:T2GATECFG+banner:T2RFIXCFG,in(T2并轮),"?(机器不明,栈不可判)",,,,,,,,,,,5,,,,?,?,3090
run_T2BL1_201552,2026-10-04 20:17,3090(推定:boot窗),B1004,GATE:cost_gate=1 ratio=10.0 n=5 win=20 | min_disparity=0 fardrop_min_near=30 depth_gate=0 | RFIX(staged),banner:T2GATECFG+banner:T2RFIXCFG,in(T2并轮),build-2(8c3453c0/2ad9676e),FAIL,,,,,,,,,,1,,,,3090,native,3090
run_T2BL2_201729,2026-10-04 20:25,NUC,n/a,GATE:cost_gate=1 ratio=10.0 n=5 win=20 | min_disparity=0 fardrop_min_near=30 depth_gate=0 | RFIX(staged),banner:T2GATECFG+banner:T2RFIXCFG,in(T2并轮),"NUC-lineage(mtime=同步时间,不细分)",FAIL,8.263,16.726,ENV-FAIL,-,417.626,,,,,12,0,0,,uav4,uav4-synced,3090
run_T2BL3_202549,2026-10-04 20:27,3090(推定:boot窗),B1004,GATE:cost_gate=1 ratio=10.0 n=5 win=20 | min_disparity=0 fardrop_min_near=30 depth_gate=0 | RFIX(staged),banner:T2GATECFG+banner:T2RFIXCFG,in(T2并轮),build-2(8c3453c0/2ad9676e),FAIL,,,,,,,,,,1,,,,3090,native,3090
run_T2BL4_202722,2026-10-04 20:33,NUC,n/a,GATE:cost_gate=1 ratio=10.0 n=5 win=20 | min_disparity=0 fardrop_min_near=30 depth_gate=0 | RFIX(staged),banner:T2GATECFG+banner:T2RFIXCFG,in(T2并轮),"NUC-lineage(mtime=同步时间,不细分)",FAIL,7.434,86.606,FAIL,-,116.22,,,,,14,0,0,,uav4,uav4-synced,3090
run_T2BL5_203404,2026-10-04 20:38,NUC,n/a,GATE:cost_gate=1 ratio=10.0 n=5 win=20 | min_disparity=0 fardrop_min_near=30 depth_gate=0 | RFIX(staged),banner:T2GATECFG+banner:T2RFIXCFG,in(T2并轮),"NUC-lineage(mtime=同步时间,不细分)",FAIL,2.008,1.156,FAIL,-,0.664,0.0179,0.6525,transit,0,0,0,0,FAIL,uav4,uav4-synced,3090
run_T2BL6_203956,2026-10-04 20:43,3090(推定:boot窗),B1004,GATE:cost_gate=1 ratio=10.0 n=5 win=20 | min_disparity=0 fardrop_min_near=30 depth_gate=0 | RFIX(staged),banner:T2GATECFG+banner:T2RFIXCFG,in(T2并轮),build-2(8c3453c0/2ad9676e),FAIL,,,,,,,,,,3,,,,3090,native,3090
run_T2BL7_204325,2026-10-04 20:48,NUC,n/a,GATE:cost_gate=1 ratio=10.0 n=5 win=20 | min_disparity=0 fardrop_min_near=30 depth_gate=0 | RFIX(staged),banner:T2GATECFG+banner:T2RFIXCFG,in(T2并轮),"NUC-lineage(mtime=同步时间,不细分)",FAIL,0.467,1.810,FAIL,-,64.105,,,,,0,0,0,,uav4,uav4-synced,3090
run_T2BL8_204921,2026-10-04 20:52,3090(推定:boot窗),B1004,GATE:cost_gate=1 ratio=10.0 n=5 win=20 | min_disparity=0 fardrop_min_near=30 depth_gate=0 | RFIX(staged),banner:T2GATECFG+banner:T2RFIXCFG,in(T2并轮),build-2(8c3453c0/2ad9676e),FAIL,,4715774.989,FAIL,-,,,,,,3,,,,3090,native,3090
run_T2BL9_205405,2026-10-04 20:59,NUC,n/a,GATE:cost_gate=1 ratio=10.0 n=5 win=20 | min_disparity=0 fardrop_min_near=30 depth_gate=0 | RFIX(staged),banner:T2GATECFG+banner:T2RFIXCFG,in(T2并轮),"NUC-lineage(mtime=同步时间,不细分)",FAIL,1.228,1.345,FAIL,-,7.755,,,,,0,0,0,,uav4,uav4-synced,3090
run_T2M0_010259,2026-10-05 01:06,3090,B1004,GATE:cost_gate=1 ratio=10.0 n=5 win=20 | min_disparity=0 fardrop_min_near=30 depth_gate=0 | RFIX(staged),banner:T2GATECFG+banner:T2RFIXCFG,-,build-2(8c3453c0/2ad9676e),FAIL,0.826,0.041,FAIL,-,0.09,,,,,0,0,0,,3090,native,3090
run_T2MACH10_020846,2026-10-05 02:15,3090,B1004,GATE:cost_gate=1 ratio=10.0 n=5 win=20 | min_disparity=0 fardrop_min_near=30 depth_gate=0 | RFIX(staged),banner:T2GATECFG+banner:T2RFIXCFG,-,build-2(8c3453c0/2ad9676e),FAIL,3.543,3.374,ENV-FAIL,-,16.759,,,,,1,0,0,,3090,native,3090
run_T2MACH11_021559,2026-10-05 02:22,3090,B1004,GATE:cost_gate=1 ratio=10.0 n=5 win=20 | min_disparity=0 fardrop_min_near=30 depth_gate=0 | RFIX(staged),banner:T2GATECFG+banner:T2RFIXCFG,-,build-2(8c3453c0/2ad9676e),FAIL,2.031,2.803,FAIL,-,4.176,,,,,2,0,0,,3090,native,3090
run_T2MACH12_022312,2026-10-05 02:29,3090,B1004,GATE:cost_gate=1 ratio=10.0 n=5 win=20 | min_disparity=0 fardrop_min_near=30 depth_gate=0 | RFIX(staged),banner:T2GATECFG+banner:T2RFIXCFG,-,build-2(8c3453c0/2ad9676e),FAIL,3.596,3.243,FAIL,-,9.297,,,,,1,0,0,,3090,native,3090
run_T2MACH1_010832,2026-10-05 01:13,3090,B1004,GATE:cost_gate=1 ratio=10.0 n=5 win=20 | min_disparity=0 fardrop_min_near=30 depth_gate=0 | RFIX(staged),banner:T2GATECFG+banner:T2RFIXCFG,-,build-2(8c3453c0/2ad9676e),FAIL,3.707,3.185,ENV-FAIL,-,4.702,,,,,2,0,0,,3090,native,3090
run_T2MACH2_011343,2026-10-05 01:17,3090,B1004,GATE:cost_gate=1 ratio=10.0 n=5 win=20 | min_disparity=0 fardrop_min_near=30 depth_gate=0 | RFIX(staged),banner:T2GATECFG+banner:T2RFIXCFG,-,build-2(8c3453c0/2ad9676e),FAIL,2.166,2.459,ENV-FAIL,-,2.722,,,,,0,0,0,,3090,native,3090
run_T2MACH3_011804,2026-10-05 01:24,3090,B1004,GATE:cost_gate=1 ratio=10.0 n=5 win=20 | min_disparity=0 fardrop_min_near=30 depth_gate=0 | RFIX(staged),banner:T2GATECFG+banner:T2RFIXCFG,-,build-2(8c3453c0/2ad9676e),FAIL,8.026,6.953,ENV-FAIL,-,0.008,,,,,1,0,0,,3090,native,3090
run_T2MACH4_012523,2026-10-05 01:31,3090,B1004,GATE:cost_gate=1 ratio=10.0 n=5 win=20 | min_disparity=0 fardrop_min_near=30 depth_gate=0 | RFIX(staged),banner:T2GATECFG+banner:T2RFIXCFG,-,build-2(8c3453c0/2ad9676e),FAIL,2.089,2.824,ENV-FAIL,-,13.074,,,,,2,0,0,,3090,native,3090
run_T2MACH5_013233,2026-10-05 01:39,3090,B1004,GATE:cost_gate=1 ratio=10.0 n=5 win=20 | min_disparity=0 fardrop_min_near=30 depth_gate=0 | RFIX(staged),banner:T2GATECFG+banner:T2RFIXCFG,-,build-2(8c3453c0/2ad9676e),FAIL,5.388,4.648,ENV-FAIL,-,2.997,,,,,1,0,0,,3090,native,3090
run_T2MACH6_013944,2026-10-05 01:46,3090,B1004,GATE:cost_gate=1 ratio=10.0 n=5 win=20 | min_disparity=0 fardrop_min_near=30 depth_gate=0 | RFIX(staged),banner:T2GATECFG+banner:T2RFIXCFG,-,build-2(8c3453c0/2ad9676e),FAIL,0.673,0.960,FAIL,-,65.172,,,,,2,0,0,,3090,native,3090
run_T2MACH7_014657,2026-10-05 01:53,3090,B1004,GATE:cost_gate=1 ratio=10.0 n=5 win=20 | min_disparity=0 fardrop_min_near=30 depth_gate=0 | RFIX(staged),banner:T2GATECFG+banner:T2RFIXCFG,-,build-2(8c3453c0/2ad9676e),FAIL,2.777,2.644,FAIL,-,5.992,,,,,2,0,0,,3090,native,3090
run_T2MACH8_015411,2026-10-05 02:00,3090,B1004,GATE:cost_gate=1 ratio=10.0 n=5 win=20 | min_disparity=0 fardrop_min_near=30 depth_gate=0 | RFIX(staged),banner:T2GATECFG+banner:T2RFIXCFG,-,build-2(8c3453c0/2ad9676e),FAIL,2.171,3.333,ENV-FAIL,-,4.188,,,,,0,0,0,,3090,native,3090
run_T2MACH9_020133,2026-10-05 02:08,3090,B1004,GATE:cost_gate=1 ratio=10.0 n=5 win=20 | min_disparity=0 fardrop_min_near=30 depth_gate=0 | RFIX(staged),banner:T2GATECFG+banner:T2RFIXCFG,-,build-2(8c3453c0/2ad9676e),FAIL,3.513,3.261,ENV-FAIL,-,964.675,,,,,1,0,0,,3090,native,3090
run_T2RA10_132515,2026-10-05 13:37,3090,B1004,SG:guard=1 sane_p=50.0 sane_v=15.0 resume_gap=0.15 | GATE:cost_gate=1 ratio=10.0 n=5 win=20 | min_disparity=0 fardrop_min_near=30 depth_gate=0 | RFIX(staged),banner:T2SGCFG+banner:T2GATECFG+banner:T2RFIXCFG,in(RA cfg_streamguard=gates+cauchy+guard),streamguard(b7de133d node 族),FAIL,5.004,4.665,FAIL,-,2.408,,,,,4,0,0,,3090,native,3090
run_T2RA11gnd_133759,2026-10-05 13:38,?,n/a,SG:guard=1 sane_p=50.0 sane_v=15.0 resume_gap=0.15 | GATE:cost_gate=1 ratio=10.0 n=5 win=20 | min_disparity=0 fardrop_min_near=30 depth_gate=0 | RFIX(staged),banner:T2SGCFG+banner:T2GATECFG+banner:T2RFIXCFG,in(RA cfg_streamguard=gates+cauchy+guard),"?(机器不明,栈不可判)",,,,,,,,,,,0,,,,?,?,3090
run_T2RA12hov_133845,2026-10-05 13:42,3090,B1004,SG:guard=1 sane_p=50.0 sane_v=15.0 resume_gap=0.15 | GATE:cost_gate=1 ratio=10.0 n=5 win=20 | min_disparity=0 fardrop_min_near=30 depth_gate=0 | RFIX(staged),banner:T2SGCFG+banner:T2GATECFG+banner:T2RFIXCFG,in(RA cfg_streamguard=gates+cauchy+guard),streamguard(b7de133d node 族),FAIL,0.797,0.140,FAIL,-,0.085,,,,,0,0,0,,3090,native,3090
run_T2RA13_134733,2026-10-05 13:54,3090,B1004,SG:guard=1 sane_p=50.0 sane_v=15.0 resume_gap=0.15 | GATE:cost_gate=1 ratio=10.0 n=5 win=20 | min_disparity=0 fardrop_min_near=30 depth_gate=0 | RFIX(staged),banner:T2SGCFG+banner:T2GATECFG+banner:T2RFIXCFG,in(RA cfg_streamguard=gates+cauchy+guard),streamguard(b7de133d node 族),FAIL,3.897,3.366,FAIL,-,0.981,,,,,0,0,0,,3090,native,3090
run_T2RA14_135448,2026-10-05 14:01,3090,B1004,SG:guard=1 sane_p=50.0 sane_v=15.0 resume_gap=0.15 | GATE:cost_gate=1 ratio=10.0 n=5 win=20 | min_disparity=0 fardrop_min_near=30 depth_gate=0 | RFIX(staged),banner:T2SGCFG+banner:T2GATECFG+banner:T2RFIXCFG,in(RA cfg_streamguard=gates+cauchy+guard),streamguard(b7de133d node 族),FAIL,5.159,4.706,FAIL,-,0.493,0.0,0.4933,transit,0,0,0,0,FAIL,3090,native,3090
run_T2RA15_140205,2026-10-05 14:10,3090,B1004,SG:guard=1 sane_p=50.0 sane_v=15.0 resume_gap=0.15 | GATE:cost_gate=1 ratio=10.0 n=5 win=20 | min_disparity=0 fardrop_min_near=30 depth_gate=0 | RFIX(staged),banner:T2SGCFG+banner:T2GATECFG+banner:T2RFIXCFG,in(RA cfg_streamguard=gates+cauchy+guard),streamguard(b7de133d node 族),FAIL,3.344,3.288,FAIL,-,6.569,,,,,1,0,0,,3090,native,3090
run_T2RA16_141056,2026-10-05 14:22,3090,B1004,SG:guard=1 sane_p=50.0 sane_v=15.0 resume_gap=0.15 | GATE:cost_gate=1 ratio=10.0 n=5 win=20 | min_disparity=0 fardrop_min_near=30 depth_gate=0 | RFIX(staged),banner:T2SGCFG+banner:T2GATECFG+banner:T2RFIXCFG,in(RA cfg_streamguard=gates+cauchy+guard),streamguard(b7de133d node 族),FAIL,3.217,3.393,FAIL,-,8.461,,,,,0,0,0,,3090,native,3090
run_T2RA17hov_142425,2026-10-05 14:28,3090,B1004,SG:guard=1 sane_p=50.0 sane_v=15.0 resume_gap=0.15 | GATE:cost_gate=1 ratio=10.0 n=5 win=20 | min_disparity=0 fardrop_min_near=30 depth_gate=0 | RFIX(staged),banner:T2SGCFG+banner:T2GATECFG+banner:T2RFIXCFG,in(RA cfg_streamguard=gates+cauchy+guard),streamguard(b7de133d node 族),FAIL,0.746,0.165,FAIL,-,0.578,,,,,0,0,0,,3090,native,3090
run_T2RA18gnd_142339,2026-10-05 14:23,?,n/a,SG:guard=1 sane_p=50.0 sane_v=15.0 resume_gap=0.15 | GATE:cost_gate=1 ratio=10.0 n=5 win=20 | min_disparity=0 fardrop_min_near=30 depth_gate=0 | RFIX(staged),banner:T2SGCFG+banner:T2GATECFG+banner:T2RFIXCFG,in(RA cfg_streamguard=gates+cauchy+guard),"?(机器不明,栈不可判)",,,,,,,,,,,0,,,,?,?,3090
run_T2RA19_143516,2026-10-05 14:39,3090,B1004,SG:guard=1 sane_p=50.0 sane_v=15.0 resume_gap=0.15 | GATE:cost_gate=1 ratio=10.0 n=5 win=20 | min_disparity=0 fardrop_min_near=30 depth_gate=0 | RFIX(staged),banner:T2SGCFG+banner:T2GATECFG+banner:T2RFIXCFG,in(RA cfg_streamguard=gates+cauchy+guard),streamguard(b7de133d node 族),FAIL,3.118,3.311,FAIL,-,4.068,,,,,0,0,0,,3090,native,3090
run_T2RA1_122012,2026-10-05 12:24,3090,B1004,SG:guard=1 sane_p=50.0 sane_v=15.0 resume_gap=0.15 | GATE:cost_gate=1 ratio=10.0 n=5 win=20 | min_disparity=0 fardrop_min_near=30 depth_gate=0 | RFIX(staged),banner:T2SGCFG+banner:T2GATECFG+banner:T2RFIXCFG,in(RA cfg_streamguard=gates+cauchy+guard),streamguard(b7de133d node 族),FAIL,3.922,3.320,FAIL,-,4.081,,,,,0,0,0,,3090,native,3090
run_T2RA20_143940,2026-10-05 14:46,3090,B1004,SG:guard=1 sane_p=50.0 sane_v=15.0 resume_gap=0.15 | GATE:cost_gate=1 ratio=10.0 n=5 win=20 | min_disparity=0 fardrop_min_near=30 depth_gate=0 | RFIX(staged),banner:T2SGCFG+banner:T2GATECFG+banner:T2RFIXCFG,in(RA cfg_streamguard=gates+cauchy+guard),streamguard(b7de133d node 族),FAIL,3.389,3.219,FAIL,-,3.352,,,,,2,0,0,,3090,native,3090
run_T2RA21_144657,2026-10-05 14:58,3090,B1004,SG:guard=1 sane_p=50.0 sane_v=15.0 resume_gap=0.15 | GATE:cost_gate=1 ratio=10.0 n=5 win=20 | min_disparity=0 fardrop_min_near=30 depth_gate=0 | RFIX(staged),banner:T2SGCFG+banner:T2GATECFG+banner:T2RFIXCFG,in(RA cfg_streamguard=gates+cauchy+guard),streamguard(b7de133d node 族),FAIL,3.983,3.084,ENV-FAIL,-,3.32,,,,,0,0,0,,3090,native,3090
run_T2RA22_145941,2026-10-05 15:11,3090,B1004,SG:guard=1 sane_p=50.0 sane_v=15.0 resume_gap=0.15 | GATE:cost_gate=1 ratio=10.0 n=5 win=20 | min_disparity=0 fardrop_min_near=30 depth_gate=0 | RFIX(staged),banner:T2SGCFG+banner:T2GATECFG+banner:T2RFIXCFG,in(RA cfg_streamguard=gates+cauchy+guard),streamguard(b7de133d node 族),FAIL,5.707,4.891,FAIL,-,5.324,,,,,1,0,0,,3090,native,3090
run_T2RA23hov_151312,2026-10-05 15:17,3090,B1004,SG:guard=1 sane_p=50.0 sane_v=15.0 resume_gap=0.15 | GATE:cost_gate=1 ratio=10.0 n=5 win=20 | min_disparity=0 fardrop_min_near=30 depth_gate=0 | RFIX(staged),banner:T2SGCFG+banner:T2GATECFG+banner:T2RFIXCFG,in(RA cfg_streamguard=gates+cauchy+guard),streamguard(b7de133d node 族),FAIL,0.638,0.087,ENV-FAIL,-,0.677,,,,,0,0,0,,3090,native,3090
run_T2RA24gnd_151226,2026-10-05 15:12,?,n/a,SG:guard=1 sane_p=50.0 sane_v=15.0 resume_gap=0.15 | GATE:cost_gate=1 ratio=10.0 n=5 win=20 | min_disparity=0 fardrop_min_near=30 depth_gate=0 | RFIX(staged),banner:T2SGCFG+banner:T2GATECFG+banner:T2RFIXCFG,in(RA cfg_streamguard=gates+cauchy+guard),"?(机器不明,栈不可判)",,,,,,,,,,,0,,,,?,?,3090
run_T2RA2_122435,2026-10-05 12:31,3090,B1004,SG:guard=1 sane_p=50.0 sane_v=15.0 resume_gap=0.15 | GATE:cost_gate=1 ratio=10.0 n=5 win=20 | min_disparity=0 fardrop_min_near=30 depth_gate=0 | RFIX(staged),banner:T2SGCFG+banner:T2GATECFG+banner:T2RFIXCFG,in(RA cfg_streamguard=gates+cauchy+guard),streamguard(b7de133d node 族),FAIL,1.906,2.442,FAIL,-,3.832,,,,,0,0,0,,3090,native,3090
run_T2RA3_123151,2026-10-05 12:43,3090,B1004,SG:guard=1 sane_p=50.0 sane_v=15.0 resume_gap=0.15 | GATE:cost_gate=1 ratio=10.0 n=5 win=20 | min_disparity=0 fardrop_min_near=30 depth_gate=0 | RFIX(staged),banner:T2SGCFG+banner:T2GATECFG+banner:T2RFIXCFG,in(RA cfg_streamguard=gates+cauchy+guard),streamguard(b7de133d node 族),FAIL,3.507,3.258,FAIL,-,5.049,,,,,2,0,0,,3090,native,3090
run_T2RA4_124434,2026-10-05 12:56,3090,B1004,SG:guard=1 sane_p=50.0 sane_v=15.0 resume_gap=0.15 | GATE:cost_gate=1 ratio=10.0 n=5 win=20 | min_disparity=0 fardrop_min_near=30 depth_gate=0 | RFIX(staged),banner:T2SGCFG+banner:T2GATECFG+banner:T2RFIXCFG,in(RA cfg_streamguard=gates+cauchy+guard),streamguard(b7de133d node 族),FAIL,3.916,3.353,FAIL,-,4.832,,,,,0,0,0,,3090,native,3090
run_T2RA5hover_121549,2026-10-05 12:19,3090,B1004,SG:guard=1 sane_p=50.0 sane_v=15.0 resume_gap=0.15 | GATE:cost_gate=1 ratio=10.0 n=5 win=20 | min_disparity=0 fardrop_min_near=30 depth_gate=0 | RFIX(staged),banner:T2SGCFG+banner:T2GATECFG+banner:T2RFIXCFG,in(RA cfg_streamguard=gates+cauchy+guard),streamguard(b7de133d node 族),FAIL,0.76,0.173,FAIL,-,0.232,,,,,0,0,0,,3090,native,3090
run_T2RA7_125801,2026-10-05 13:04,3090,B1004,SG:guard=1 sane_p=50.0 sane_v=15.0 resume_gap=0.15 | GATE:cost_gate=1 ratio=10.0 n=5 win=20 | min_disparity=0 fardrop_min_near=30 depth_gate=0 | RFIX(staged),banner:T2SGCFG+banner:T2GATECFG+banner:T2RFIXCFG,in(RA cfg_streamguard=gates+cauchy+guard),streamguard(b7de133d node 族),FAIL,3.046,2.952,FAIL,-,54.183,,,,,0,0,0,,3090,native,3090
run_T2RA8_130517,2026-10-05 13:11,3090,B1004,SG:guard=1 sane_p=50.0 sane_v=15.0 resume_gap=0.15 | GATE:cost_gate=1 ratio=10.0 n=5 win=20 | min_disparity=0 fardrop_min_near=30 depth_gate=0 | RFIX(staged),banner:T2SGCFG+banner:T2GATECFG+banner:T2RFIXCFG,in(RA cfg_streamguard=gates+cauchy+guard),streamguard(b7de133d node 族),FAIL,3.846,3.224,FAIL,-,3.456,,,,,0,0,0,,3090,native,3090
run_T2RA9_131232,2026-10-05 13:24,3090,B1004,SG:guard=1 sane_p=50.0 sane_v=15.0 resume_gap=0.15 | GATE:cost_gate=1 ratio=10.0 n=5 win=20 | min_disparity=0 fardrop_min_near=30 depth_gate=0 | RFIX(staged),banner:T2SGCFG+banner:T2GATECFG+banner:T2RFIXCFG,in(RA cfg_streamguard=gates+cauchy+guard),streamguard(b7de133d node 族),FAIL,5.341,4.554,ENV-FAIL,-,21.203,,,,,1,0,0,,3090,native,3090
run_T2U4OBS1_031531,2026-10-04 09:23,?,n/a,T2域(U4 对照),era-map:T2 v8.9,-,"?(机器不明,栈不可判)",,,,,,,,,,0,0,,,FAIL,?,?,3090
run_T2U4OBS1_031909,2026-10-04 03:22,"?(无证据行,关机窗)",n/a,GATE:cost_gate=1 ratio=10.0 n=5 win=20 | min_disparity=0 fardrop_min_near=30 depth_gate=0 | RFIX(staged),banner:T2GATECFG+banner:T2RFIXCFG,-,"?(机器不明,栈不可判)",ENV-FAIL,4.727,4.918,ENV-FAIL,-,1.249,,,,3,0,0,0,ENV-FAIL,?,?,3090
run_T2U4OBS1r_032512,2026-10-04 03:31,NUC,n/a,GATE:cost_gate=1 ratio=10.0 n=5 win=20 | min_disparity=0 fardrop_min_near=30 depth_gate=0 | RFIX(staged),banner:T2GATECFG+banner:T2RFIXCFG,-,"NUC-lineage(mtime=同步时间,不细分)",FAIL,3.476,3.214,ENV-FAIL,-,7.465,,,,1423,2,0,0,FAIL,uav4,uav4-synced,3090
run_T2U4OBS2_033232,2026-10-04 03:39,NUC,n/a,GATE:cost_gate=1 ratio=10.0 n=5 win=20 | min_disparity=0 fardrop_min_near=30 depth_gate=0 | RFIX(staged),banner:T2GATECFG+banner:T2RFIXCFG,-,"NUC-lineage(mtime=同步时间,不细分)",FAIL,4.692,4.954,ENV-FAIL,-,3.931,,,,394,1,0,0,FAIL,uav4,uav4-synced,3090
run_T2ZETA1_131820,2026-10-04 13:23,NUC,n/a,GATE:cost_gate=1 ratio=10.0 n=5 win=20 | min_disparity=0 fardrop_min_near=30 depth_gate=0 | RFIX(staged),banner:T2GATECFG+banner:T2RFIXCFG,-,"NUC-lineage(mtime=同步时间,不细分)",FAIL,8.144,8.723,FAIL,-,2.225,,,,,2,0,0,,uav4,uav4-synced,3090
run_T2ZETA2_132510,2026-10-04 13:31,NUC,n/a,GATE:cost_gate=1 ratio=10.0 n=5 win=20 | min_disparity=0 fardrop_min_near=30 depth_gate=0 | RFIX(staged),banner:T2GATECFG+banner:T2RFIXCFG,-,"NUC-lineage(mtime=同步时间,不细分)",FAIL,7.846,8.019,FAIL,-,6.141,,,,,0,0,0,,uav4,uav4-synced,3090
run_T2ZETA3_133227,2026-10-04 13:37,NUC,n/a,GATE:cost_gate=1 ratio=10.0 n=5 win=20 | min_disparity=0 fardrop_min_near=30 depth_gate=0 | RFIX(staged),banner:T2GATECFG+banner:T2RFIXCFG,-,"NUC-lineage(mtime=同步时间,不细分)",FAIL,8.151,8.999,ENV-FAIL,-,55.155,,,,,1,0,0,,uav4,uav4-synced,3090
run_T2ZETA4_135544,2026-10-04 13:57,"?(无证据行,关机窗)",n/a,GATE:cost_gate=0 ratio=10.0 n=5 win=20 | min_disparity=0 fardrop_min_near=30 depth_gate=0 | RFIX(staged),banner:T2GATECFG+banner:T2RFIXCFG,-,"?(机器不明,栈不可判)",FAIL,,4715817.497,ENV-FAIL,-,,,,,,1,,,,?,?,3090
run_T2ZETA5_140137,2026-10-04 14:07,NUC,n/a,GATE:cost_gate=0 ratio=10.0 n=5 win=20 | min_disparity=0 fardrop_min_near=30 depth_gate=0 | RFIX(staged),banner:T2GATECFG+banner:T2RFIXCFG,-,"NUC-lineage(mtime=同步时间,不细分)",FAIL,8.124,8.662,ENV-FAIL,-,7.466,,,,,4,0,0,,uav4,uav4-synced,3090
run_T2ZETACTL2_134622,2026-10-04 13:47,"?(无证据行,关机窗)",n/a,GATE:cost_gate=1 ratio=10.0 n=5 win=20 | min_disparity=0 fardrop_min_near=30 depth_gate=0 | RFIX(staged),banner:T2GATECFG+banner:T2RFIXCFG,-,"?(机器不明,栈不可判)",FAIL,,4715811.859,ENV-FAIL,-,,,,,,1,,,,?,?,3090
run_T2ZETACTRL_133959,2026-10-04 13:40,?,n/a,"T2zeta(旋钮试验,T2域)",era-map:T2 v8.9 ζ,-,"?(机器不明,栈不可判)",,,,,,,,,,,0,,,,?,?,3090
run_T3U1V_023428,2026-10-05 02:41,3090,B1004,GATE:cost_gate=0 ratio=10.0 n=5 win=20 | min_disparity=0 fardrop_min_near=30 depth_gate=0 | RFIX(staged),banner:T2GATECFG+banner:T2RFIXCFG,-,build-2(8c3453c0/2ad9676e),FAIL,0.791,0.583,FAIL,-,6.469,234.561,230.3677,mixed,1064,2,0,0,FAIL,3090,native,3090
run_TK_DRY_N8P_121840,2026-10-10 12:21,3090,B1006,SG:guard=1 sane_p=50.0 sane_v=15.0 resume_gap=0.15 | GATE:cost_gate=1 ratio=10.0 n=5 win=20 | min_disparity=0 fardrop_min_near=30 depth_gate=0 | RFIX(staged) | IQG:gate=0 corners=80 depth_r=0.50 band=100m stereo_r=0.30 staged_n=80 max_consec=30,banner:T2SGCFG+banner:T2GATECFG+banner:T2RFIXCFG+banner:T2IQGCFG,-,IQG(f622bae2/886b1e90),FAIL,0.154,,,AGREE,0.959,,,,,0,0,0,,3090,native,3090
run_TK_E12O_A_125615,2026-10-10 12:58,3090,B1006,SG:guard=1 sane_p=50.0 sane_v=15.0 resume_gap=0.15 | GATE:cost_gate=1 ratio=10.0 n=5 win=20 | min_disparity=0 fardrop_min_near=30 depth_gate=0 | RFIX(staged) | IQG:gate=0 corners=80 depth_r=0.50 band=100m stereo_r=0.30 staged_n=80 max_consec=30,banner:T2SGCFG+banner:T2GATECFG+banner:T2RFIXCFG+banner:T2IQGCFG,-,IQG(f622bae2/886b1e90),PASS,0.269,,,AGREE,0.179,,,,,0,1,1,,3090,native,3090
run_TK_E12O_B_125335,2026-10-10 12:56,3090,B1006,SG:guard=1 sane_p=50.0 sane_v=15.0 resume_gap=0.15 | GATE:cost_gate=1 ratio=10.0 n=5 win=20 | min_disparity=0 fardrop_min_near=30 depth_gate=0 | RFIX(staged) | IQG:gate=0 corners=80 depth_r=0.50 band=100m stereo_r=0.30 staged_n=80 max_consec=30,banner:T2SGCFG+banner:T2GATECFG+banner:T2RFIXCFG+banner:T2IQGCFG,-,IQG(f622bae2/886b1e90),PASS,0.087,,,AGREE,0.101,,,,,0,1,1,,3090,native,3090
run_TK_E12P_A_131358,2026-10-10 13:16,3090(推定:boot窗),B1006,SG:guard=1 sane_p=50.0 sane_v=15.0 resume_gap=0.15 | GATE:cost_gate=1 ratio=10.0 n=5 win=20 | min_disparity=0 fardrop_min_near=30 depth_gate=0 | RFIX(staged) | IQG:gate=0 corners=80 depth_r=0.50 band=100m stereo_r=0.30 staged_n=80 max_consec=30,banner:T2SGCFG+banner:T2GATECFG+banner:T2RFIXCFG+banner:T2IQGCFG,-,IQG(f622bae2/886b1e90),FAIL,,,,,,,,,,2,,,,3090,native,3090
run_TK_E12P_B_131702,2026-10-10 13:24,3090(推定:boot窗),B1006,SG:guard=1 sane_p=50.0 sane_v=15.0 resume_gap=0.15 | GATE:cost_gate=1 ratio=10.0 n=5 win=20 | min_disparity=0 fardrop_min_near=30 depth_gate=0 | RFIX(staged) | IQG:gate=0 corners=80 depth_r=0.50 band=100m stereo_r=0.30 staged_n=80 max_consec=30,banner:T2SGCFG+banner:T2GATECFG+banner:T2RFIXCFG+banner:T2IQGCFG,-,IQG(f622bae2/886b1e90),FAIL,,,,,,,,,,5,,,,3090,native,3090
run_TK_E8P_A_122330,2026-10-10 12:25,3090(推定:boot窗),B1006,SG:guard=1 sane_p=50.0 sane_v=15.0 resume_gap=0.15 | GATE:cost_gate=1 ratio=10.0 n=5 win=20 | min_disparity=0 fardrop_min_near=30 depth_gate=0 | RFIX(staged) | IQG:gate=0 corners=80 depth_r=0.50 band=100m stereo_r=0.30 staged_n=80 max_consec=30,banner:T2SGCFG+banner:T2GATECFG+banner:T2RFIXCFG+banner:T2IQGCFG,-,IQG(f622bae2/886b1e90),FAIL,,,,,,,,,,4,,,,3090,native,3090
run_TK_E8P_B_122544,2026-10-10 12:27,3090(推定:boot窗),B1006,SG:guard=1 sane_p=50.0 sane_v=15.0 resume_gap=0.15 | GATE:cost_gate=1 ratio=10.0 n=5 win=20 | min_disparity=0 fardrop_min_near=30 depth_gate=0 | RFIX(staged) | IQG:gate=0 corners=80 depth_r=0.50 band=100m stereo_r=0.30 staged_n=80 max_consec=30,banner:T2SGCFG+banner:T2GATECFG+banner:T2RFIXCFG+banner:T2IQGCFG,-,IQG(f622bae2/886b1e90),FAIL,,,,,,,,,,0,,,,3090,native,3090
run_TK_N8P_A_130628,2026-10-10 13:13,3090,B1006,SG:guard=1 sane_p=50.0 sane_v=15.0 resume_gap=0.15 | GATE:cost_gate=1 ratio=10.0 n=5 win=20 | min_disparity=0 fardrop_min_near=30 depth_gate=0 | RFIX(staged) | IQG:gate=0 corners=80 depth_r=0.50 band=100m stereo_r=0.30 staged_n=80 max_consec=30,banner:T2SGCFG+banner:T2GATECFG+banner:T2RFIXCFG+banner:T2IQGCFG,-,IQG(f622bae2/886b1e90),FAIL,7.914,,,AGREE,0.098,,,,,0,0,0,,3090,native,3090
run_TK_N8P_B_130352,2026-10-10 13:06,3090,B1006,SG:guard=1 sane_p=50.0 sane_v=15.0 resume_gap=0.15 | GATE:cost_gate=1 ratio=10.0 n=5 win=20 | min_disparity=0 fardrop_min_near=30 depth_gate=0 | RFIX(staged) | IQG:gate=0 corners=80 depth_r=0.50 band=100m stereo_r=0.30 staged_n=80 max_consec=30,banner:T2SGCFG+banner:T2GATECFG+banner:T2RFIXCFG+banner:T2IQGCFG,-,IQG(f622bae2/886b1e90),FAIL,0.047,,,AGREE,1.264,,,,,0,0,0,,3090,native,3090
run_TK_NE8O_A_125858,2026-10-10 13:01,3090,B1006,SG:guard=1 sane_p=50.0 sane_v=15.0 resume_gap=0.15 | GATE:cost_gate=1 ratio=10.0 n=5 win=20 | min_disparity=0 fardrop_min_near=30 depth_gate=0 | RFIX(staged) | IQG:gate=0 corners=80 depth_r=0.50 band=100m stereo_r=0.30 staged_n=80 max_consec=30,banner:T2SGCFG+banner:T2GATECFG+banner:T2RFIXCFG+banner:T2IQGCFG,-,IQG(f622bae2/886b1e90),PASS,0.081,,,AGREE,0.034,,,,,0,1,1,,3090,native,3090
run_TK_NE8O_B_130125,2026-10-10 13:03,3090,B1006,SG:guard=1 sane_p=50.0 sane_v=15.0 resume_gap=0.15 | GATE:cost_gate=1 ratio=10.0 n=5 win=20 | min_disparity=0 fardrop_min_near=30 depth_gate=0 | RFIX(staged) | IQG:gate=0 corners=80 depth_r=0.50 band=100m stereo_r=0.30 staged_n=80 max_consec=30,banner:T2SGCFG+banner:T2GATECFG+banner:T2RFIXCFG+banner:T2IQGCFG,-,IQG(f622bae2/886b1e90),PASS,0.161,,,AGREE,0.159,,,,,0,1,1,,3090,native,3090
run_TK_S12P_A_123048,2026-10-10 12:37,3090,B1006,SG:guard=1 sane_p=50.0 sane_v=15.0 resume_gap=0.15 | GATE:cost_gate=1 ratio=10.0 n=5 win=20 | min_disparity=0 fardrop_min_near=30 depth_gate=0 | RFIX(staged) | IQG:gate=0 corners=80 depth_r=0.50 band=100m stereo_r=0.30 staged_n=80 max_consec=30,banner:T2SGCFG+banner:T2GATECFG+banner:T2RFIXCFG+banner:T2IQGCFG,-,IQG(f622bae2/886b1e90),FAIL,11.245,,,AGREE,0.142,,,,,0,0,0,,3090,native,3090
run_TK_S12P_B_122759,2026-10-10 12:30,3090,B1006,SG:guard=1 sane_p=50.0 sane_v=15.0 resume_gap=0.15 | GATE:cost_gate=1 ratio=10.0 n=5 win=20 | min_disparity=0 fardrop_min_near=30 depth_gate=0 | RFIX(staged) | IQG:gate=0 corners=80 depth_r=0.50 band=100m stereo_r=0.30 staged_n=80 max_consec=30,banner:T2SGCFG+banner:T2GATECFG+banner:T2RFIXCFG+banner:T2IQGCFG,-,IQG(f622bae2/886b1e90),FAIL,0.206,,,AGREE,3.885,,,,,0,0,0,,3090,native,3090
run_TK_S8O_A_123817,2026-10-10 12:45,3090,B1006,SG:guard=1 sane_p=50.0 sane_v=15.0 resume_gap=0.15 | GATE:cost_gate=1 ratio=10.0 n=5 win=20 | min_disparity=0 fardrop_min_near=30 depth_gate=0 | RFIX(staged) | IQG:gate=0 corners=80 depth_r=0.50 band=100m stereo_r=0.30 staged_n=80 max_consec=30,banner:T2SGCFG+banner:T2GATECFG+banner:T2RFIXCFG+banner:T2IQGCFG,-,IQG(f622bae2/886b1e90),FAIL,4.877,,,AGREE,2.691,,,,,0,0,0,,3090,native,3090
run_TK_S8O_B_124553,2026-10-10 12:53,3090,B1006,SG:guard=1 sane_p=50.0 sane_v=15.0 resume_gap=0.15 | GATE:cost_gate=1 ratio=10.0 n=5 win=20 | min_disparity=0 fardrop_min_near=30 depth_gate=0 | RFIX(staged) | IQG:gate=0 corners=80 depth_r=0.50 band=100m stereo_r=0.30 staged_n=80 max_consec=30,banner:T2SGCFG+banner:T2GATECFG+banner:T2RFIXCFG+banner:T2IQGCFG,-,IQG(f622bae2/886b1e90),FAIL,7.278,,,AGREE,4.118,,,,,0,0,0,,3090,native,3090
run_TK_S8P_A_133224,2026-10-10 13:40,3090,B1006,SG:guard=1 sane_p=50.0 sane_v=15.0 resume_gap=0.15 | GATE:cost_gate=1 ratio=10.0 n=5 win=20 | min_disparity=0 fardrop_min_near=30 depth_gate=0 | RFIX(staged) | IQG:gate=0 corners=80 depth_r=0.50 band=100m stereo_r=0.30 staged_n=80 max_consec=30,banner:T2SGCFG+banner:T2GATECFG+banner:T2RFIXCFG+banner:T2IQGCFG,-,IQG(f622bae2/886b1e90),FAIL,7.244,,,DUAL-ANCHOR-DIVERGENT,0.691,,,,,0,0,0,,3090,native,3090
run_TK_S8P_B_132408,2026-10-10 13:31,3090,B1006,SG:guard=1 sane_p=50.0 sane_v=15.0 resume_gap=0.15 | GATE:cost_gate=1 ratio=10.0 n=5 win=20 | min_disparity=0 fardrop_min_near=30 depth_gate=0 | RFIX(staged) | IQG:gate=0 corners=80 depth_r=0.50 band=100m stereo_r=0.30 staged_n=80 max_consec=30,banner:T2SGCFG+banner:T2GATECFG+banner:T2RFIXCFG+banner:T2IQGCFG,-,IQG(f622bae2/886b1e90),FAIL,5.639,,,DUAL-ANCHOR-DIVERGENT,1.475,,,,,1,0,0,,3090,native,3090
run_U25FIX_035839,2026-10-04 04:03,NUC,n/a,GATE:cost_gate=1 ratio=10.0 n=5 win=20 | min_disparity=0 fardrop_min_near=30 depth_gate=0 | RFIX(staged),banner:T2GATECFG+banner:T2RFIXCFG,-,"NUC-lineage(mtime=同步时间,不细分)",FAIL,1.0,2.207,ENV-FAIL,-,1.937,,,,0,1,0,0,FAIL,uav4,uav4-synced,3090
run_U3PH_210708,2026-10-04 09:24,NUC,n/a,legacy(无banner),era-map:默认,-,"NUC-lineage(mtime=同步时间,不细分)",FAIL,1.392,,,,140.623,,,,0,1,0,0,FAIL,uav4,uav4-synced,3090
run_U3PO_211438,2026-10-04 03:00,NUC,n/a,legacy(无banner),era-map:默认,-,"NUC-lineage(mtime=同步时间,不细分)",FAIL,4.436,4.970,FAIL,-,2.603,1.9068,2.9652,mixed,10,0,0,0,FAIL,uav4,uav4-synced,3090
run_U7OL1_195920,2026-10-01 20:05,NUC,n/a,legacy(无banner),era-map:默认,-,"NUC-lineage(mtime=同步时间,不细分)",FAIL,4.366,4.901,ENV-FAIL,-,609.775,,,,301,1,0,0,FAIL,uav4,uav4-synced,3090
run_U7OL2_202043,2026-10-01 20:24,NUC,n/a,legacy(无banner),era-map:默认,-,"NUC-lineage(mtime=同步时间,不细分)",FAIL,0.708,0.016,ENV-FAIL,-,0.392,,,,0,0,0,0,FAIL,uav4,uav4-synced,3090
run_V8_PROBECHECK_205100,2026-10-04 09:25,?,n/a,legacy(无banner),era-map:默认,-,"?(机器不明,栈不可判)",,,,,,,,,,0,0,,,FAIL,?,?,3090
run_VRFY1_023908,2026-10-06 02:44,3090(推定:boot窗),B1006,SG:guard=1 sane_p=50.0 sane_v=15.0 resume_gap=0.15 | GATE:cost_gate=1 ratio=10.0 n=5 win=20 | min_disparity=0 fardrop_min_near=30 depth_gate=0 | RFIX(staged),banner:T2SGCFG+banner:T2GATECFG+banner:T2RFIXCFG,-,streamguard(b7de133d node 族),FAIL,,,,,,0.0,0.2365,transit,0,110,,,FAIL,3090,native,3090
run_VRFY2_040542,2026-10-06 04:07,3090,B1006,SG:guard=1 sane_p=50.0 sane_v=15.0 resume_gap=0.15 | GATE:cost_gate=1 ratio=10.0 n=5 win=20 | min_disparity=0 fardrop_min_near=30 depth_gate=0 | RFIX(staged),banner:T2SGCFG+banner:T2GATECFG+banner:T2RFIXCFG,-,streamguard(b7de133d node 族),PASS,0.176,,,AGREE,0.1,0.0,0.1003,transit,0,0,1,1,PASS,3090,native,3090
run_VRG1_025100,2026-10-06 02:53,3090,B1006,SG:guard=1 sane_p=50.0 sane_v=15.0 resume_gap=0.15 | GATE:cost_gate=0 ratio=10.0 n=5 win=20 | min_disparity=0 fardrop_min_near=30 depth_gate=0 | RFIX(staged),banner:T2SGCFG+banner:T2GATECFG+banner:T2RFIXCFG,-,streamguard(b7de133d node 族),PASS,0.277,,,AGREE,0.137,0.0,0.137,transit,0,0,1,1,FAIL,3090,native,3090
run_WAOL5_221128,2026-10-04 09:25,?,n/a,legacy(无banner),era-map:默认,-,"?(机器不明,栈不可判)",,,,,,,,,,0,0,,,FAIL,?,?,3090
run_WC2OBS1_030927,2026-10-04 09:25,NUC,n/a,legacy(无banner),era-map:默认,-,"NUC-lineage(mtime=同步时间,不细分)",FAIL,1.704,,,,917.758,,,,0,1,0,0,FAIL,uav4,uav4-synced,3090
run_WC2OBS1_032005,2026-10-04 09:25,NUC,n/a,legacy(无banner),era-map:默认,-,"NUC-lineage(mtime=同步时间,不细分)",FAIL,1.288,,,,369.839,,,,0,1,0,0,FAIL,uav4,uav4-synced,3090
run_WD1_024016,2026-10-04 09:25,?,n/a,legacy(无banner),era-map:默认,-,"?(机器不明,栈不可判)",,,,,,,,,,0,0,,,FAIL,?,?,3090
run_WU1b_E8P_A1_154907,2026-10-08 15:56,3090,B1006,SG:guard=1 sane_p=50.0 sane_v=15.0 resume_gap=0.15 | GATE:cost_gate=1 ratio=10.0 n=5 win=20 | min_disparity=0 fardrop_min_near=30 depth_gate=0 | RFIX(staged) | IQG:gate=0 corners=80 depth_r=0.50 band=100m stereo_r=0.30 staged_n=80 max_consec=30,banner:T2SGCFG+banner:T2GATECFG+banner:T2RFIXCFG+banner:T2IQGCFG,-,IQG(f622bae2/886b1e90),FAIL,8.898,,,AGREE,3.575,,,,,0,0,0,,3090,native,3090
run_WU2_E12O_A_061543,2026-10-09 06:23,3090,B1006,SG:guard=1 sane_p=50.0 sane_v=15.0 resume_gap=0.15 | GATE:cost_gate=1 ratio=10.0 n=5 win=20 | min_disparity=0 fardrop_min_near=30 depth_gate=0 | RFIX(staged) | IQG:gate=0 corners=80 depth_r=0.50 band=100m stereo_r=0.30 staged_n=80 max_consec=30,banner:T2SGCFG+banner:T2GATECFG+banner:T2RFIXCFG+banner:T2IQGCFG,-,IQG(f622bae2/886b1e90),FAIL,13.202,,,AGREE,0.294,,,,,0,0,0,,3090,native,3090
run_WU2_E12O_B_061302,2026-10-09 06:15,3090,B1006,SG:guard=1 sane_p=50.0 sane_v=15.0 resume_gap=0.15 | GATE:cost_gate=1 ratio=10.0 n=5 win=20 | min_disparity=0 fardrop_min_near=30 depth_gate=0 | RFIX(staged) | IQG:gate=0 corners=80 depth_r=0.50 band=100m stereo_r=0.30 staged_n=80 max_consec=30,banner:T2SGCFG+banner:T2GATECFG+banner:T2RFIXCFG+banner:T2IQGCFG,-,IQG(f622bae2/886b1e90),PASS,0.307,,,AGREE,0.095,,,,,0,1,1,,3090,native,3090
run_WU2_E12P_A_063516,2026-10-09 06:35,?,n/a,legacy(无banner),era-map:默认,-,"?(机器不明,栈不可判)",,,,,,,,,,,0,,,,?,?,3090
run_WU2_E12P_A_r2_070112,2026-10-09 07:04,3090(推定:boot窗),B1006,SG:guard=1 sane_p=50.0 sane_v=15.0 resume_gap=0.15 | GATE:cost_gate=1 ratio=10.0 n=5 win=20 | min_disparity=0 fardrop_min_near=30 depth_gate=0 | RFIX(staged) | IQG:gate=0 corners=80 depth_r=0.50 band=100m stereo_r=0.30 staged_n=80 max_consec=30,banner:T2SGCFG+banner:T2GATECFG+banner:T2RFIXCFG+banner:T2IQGCFG,-,IQG(f622bae2/886b1e90),FAIL,,,,,,,,,,4,,,,3090,native,3090
run_WU2_E12P_B_063712,2026-10-09 06:39,3090(推定:boot窗),B1006,SG:guard=1 sane_p=50.0 sane_v=15.0 resume_gap=0.15 | GATE:cost_gate=1 ratio=10.0 n=5 win=20 | min_disparity=0 fardrop_min_near=30 depth_gate=0 | RFIX(staged) | IQG:gate=0 corners=80 depth_r=0.50 band=100m stereo_r=0.30 staged_n=80 max_consec=30,banner:T2SGCFG+banner:T2GATECFG+banner:T2RFIXCFG+banner:T2IQGCFG,-,IQG(f622bae2/886b1e90),FAIL,,,,,,,,,,1,,,,3090,native,3090
run_WU2_E8P_A_054552,2026-10-09 05:48,3090(推定:boot窗),B1006,SG:guard=1 sane_p=50.0 sane_v=15.0 resume_gap=0.15 | GATE:cost_gate=1 ratio=10.0 n=5 win=20 | min_disparity=0 fardrop_min_near=30 depth_gate=0 | RFIX(staged) | IQG:gate=0 corners=80 depth_r=0.50 band=100m stereo_r=0.30 staged_n=80 max_consec=30,banner:T2SGCFG+banner:T2GATECFG+banner:T2RFIXCFG+banner:T2IQGCFG,-,IQG(f622bae2/886b1e90),FAIL,,,,,,,,,,0,,,,3090,native,3090
run_WU2_E8P_B_054850,2026-10-09 05:50,3090(推定:boot窗),B1006,SG:guard=1 sane_p=50.0 sane_v=15.0 resume_gap=0.15 | GATE:cost_gate=1 ratio=10.0 n=5 win=20 | min_disparity=0 fardrop_min_near=30 depth_gate=0 | RFIX(staged) | IQG:gate=0 corners=80 depth_r=0.50 band=100m stereo_r=0.30 staged_n=80 max_consec=30,banner:T2SGCFG+banner:T2GATECFG+banner:T2RFIXCFG+banner:T2IQGCFG,-,IQG(f622bae2/886b1e90),FAIL,,,,,,,,,,0,,,,3090,native,3090
run_WU2_N8P_A_063157,2026-10-09 06:35,3090,B1006,SG:guard=1 sane_p=50.0 sane_v=15.0 resume_gap=0.15 | GATE:cost_gate=1 ratio=10.0 n=5 win=20 | min_disparity=0 fardrop_min_near=30 depth_gate=0 | RFIX(staged) | IQG:gate=0 corners=80 depth_r=0.50 band=100m stereo_r=0.30 staged_n=80 max_consec=30,banner:T2SGCFG+banner:T2GATECFG+banner:T2RFIXCFG+banner:T2IQGCFG,-,IQG(f622bae2/886b1e90),FAIL,0.295,,,AGREE,1.308,,,,,0,0,0,,3090,native,3090
run_WU2_N8P_B_062929,2026-10-09 06:31,3090,B1006,SG:guard=1 sane_p=50.0 sane_v=15.0 resume_gap=0.15 | GATE:cost_gate=1 ratio=10.0 n=5 win=20 | min_disparity=0 fardrop_min_near=30 depth_gate=0 | RFIX(staged) | IQG:gate=0 corners=80 depth_r=0.50 band=100m stereo_r=0.30 staged_n=80 max_consec=30,banner:T2SGCFG+banner:T2GATECFG+banner:T2RFIXCFG+banner:T2IQGCFG,-,IQG(f622bae2/886b1e90),PASS,0.111,,,AGREE,0.076,,,,,0,1,1,,3090,native,3090
run_WU2_NE8O_A_062352,2026-10-09 06:26,3090,B1006,SG:guard=1 sane_p=50.0 sane_v=15.0 resume_gap=0.15 | GATE:cost_gate=1 ratio=10.0 n=5 win=20 | min_disparity=0 fardrop_min_near=30 depth_gate=0 | RFIX(staged) | IQG:gate=0 corners=80 depth_r=0.50 band=100m stereo_r=0.30 staged_n=80 max_consec=30,banner:T2SGCFG+banner:T2GATECFG+banner:T2RFIXCFG+banner:T2IQGCFG,-,IQG(f622bae2/886b1e90),PASS,0.14,,,AGREE,0.168,,,,,0,1,1,,3090,native,3090
run_WU2_NE8O_B_062703,2026-10-09 06:29,3090,B1006,SG:guard=1 sane_p=50.0 sane_v=15.0 resume_gap=0.15 | GATE:cost_gate=1 ratio=10.0 n=5 win=20 | min_disparity=0 fardrop_min_near=30 depth_gate=0 | RFIX(staged) | IQG:gate=0 corners=80 depth_r=0.50 band=100m stereo_r=0.30 staged_n=80 max_consec=30,banner:T2SGCFG+banner:T2GATECFG+banner:T2RFIXCFG+banner:T2IQGCFG,-,IQG(f622bae2/886b1e90),PASS,0.227,,,AGREE,0.145,,,,,0,1,1,,3090,native,3090
run_WU2_S12P_A_055841,2026-10-09 06:02,3090,B1006,SG:guard=1 sane_p=50.0 sane_v=15.0 resume_gap=0.15 | GATE:cost_gate=1 ratio=10.0 n=5 win=20 | min_disparity=0 fardrop_min_near=30 depth_gate=0 | RFIX(staged) | IQG:gate=0 corners=80 depth_r=0.50 band=100m stereo_r=0.30 staged_n=80 max_consec=30,banner:T2SGCFG+banner:T2GATECFG+banner:T2RFIXCFG+banner:T2IQGCFG,-,IQG(f622bae2/886b1e90),FAIL,0.101,,,AGREE,4.781,,,,,0,0,0,,3090,native,3090
run_WU2_S12P_B_055049,2026-10-09 05:58,3090,B1006,SG:guard=1 sane_p=50.0 sane_v=15.0 resume_gap=0.15 | GATE:cost_gate=1 ratio=10.0 n=5 win=20 | min_disparity=0 fardrop_min_near=30 depth_gate=0 | RFIX(staged) | IQG:gate=0 corners=80 depth_r=0.50 band=100m stereo_r=0.30 staged_n=80 max_consec=30,banner:T2SGCFG+banner:T2GATECFG+banner:T2RFIXCFG+banner:T2IQGCFG,-,IQG(f622bae2/886b1e90),FAIL,11.377,,,AGREE,7.162,,,,,0,0,0,,3090,native,3090
run_WU2_S8O_A_060217,2026-10-09 06:05,3090,B1006,SG:guard=1 sane_p=50.0 sane_v=15.0 resume_gap=0.15 | GATE:cost_gate=1 ratio=10.0 n=5 win=20 | min_disparity=0 fardrop_min_near=30 depth_gate=0 | RFIX(staged) | IQG:gate=0 corners=80 depth_r=0.50 band=100m stereo_r=0.30 staged_n=80 max_consec=30,banner:T2SGCFG+banner:T2GATECFG+banner:T2RFIXCFG+banner:T2IQGCFG,-,IQG(f622bae2/886b1e90),FAIL,0.064,,,AGREE,1.4,,,,,0,0,0,,3090,native,3090
run_WU2_S8O_B_060537,2026-10-09 06:12,3090,B1006,SG:guard=1 sane_p=50.0 sane_v=15.0 resume_gap=0.15 | GATE:cost_gate=1 ratio=10.0 n=5 win=20 | min_disparity=0 fardrop_min_near=30 depth_gate=0 | RFIX(staged) | IQG:gate=0 corners=80 depth_r=0.50 band=100m stereo_r=0.30 staged_n=80 max_consec=30,banner:T2SGCFG+banner:T2GATECFG+banner:T2RFIXCFG+banner:T2IQGCFG,-,IQG(f622bae2/886b1e90),FAIL,6.981,,,AGREE,0.333,,,,,0,0,0,,3090,native,3090
run_WU2_S8P_A_064155,2026-10-09 06:49,3090,B1006,SG:guard=1 sane_p=50.0 sane_v=15.0 resume_gap=0.15 | GATE:cost_gate=1 ratio=10.0 n=5 win=20 | min_disparity=0 fardrop_min_near=30 depth_gate=0 | RFIX(staged) | IQG:gate=0 corners=80 depth_r=0.50 band=100m stereo_r=0.30 staged_n=80 max_consec=30,banner:T2SGCFG+banner:T2GATECFG+banner:T2RFIXCFG+banner:T2IQGCFG,-,IQG(f622bae2/886b1e90),FAIL,8.388,,,AGREE,1.002,,,,,1,0,0,,3090,native,3090
run_WU2_S8P_B_063927,2026-10-09 06:41,3090,B1006,SG:guard=1 sane_p=50.0 sane_v=15.0 resume_gap=0.15 | GATE:cost_gate=1 ratio=10.0 n=5 win=20 | min_disparity=0 fardrop_min_near=30 depth_gate=0 | RFIX(staged) | IQG:gate=0 corners=80 depth_r=0.50 band=100m stereo_r=0.30 staged_n=80 max_consec=30,banner:T2SGCFG+banner:T2GATECFG+banner:T2RFIXCFG+banner:T2IQGCFG,-,IQG(f622bae2/886b1e90),PASS,0.083,,,AGREE,0.142,,,,,0,1,1,,3090,native,3090
run_WU_E12O_A_164025,2026-10-08 16:47,3090,B1006,SG:guard=1 sane_p=50.0 sane_v=15.0 resume_gap=0.15 | GATE:cost_gate=1 ratio=10.0 n=5 win=20 | min_disparity=0 fardrop_min_near=30 depth_gate=0 | RFIX(staged) | IQG:gate=0 corners=80 depth_r=0.50 band=100m stereo_r=0.30 staged_n=80 max_consec=30,banner:T2SGCFG+banner:T2GATECFG+banner:T2RFIXCFG+banner:T2IQGCFG,-,IQG(f622bae2/886b1e90),FAIL,14.047,,,DUAL-ANCHOR-DIVERGENT,0.168,,,,,0,0,0,,3090,native,3090
run_WU_E12O_B_163747,2026-10-08 16:40,3090,B1006,SG:guard=1 sane_p=50.0 sane_v=15.0 resume_gap=0.15 | GATE:cost_gate=1 ratio=10.0 n=5 win=20 | min_disparity=0 fardrop_min_near=30 depth_gate=0 | RFIX(staged) | IQG:gate=0 corners=80 depth_r=0.50 band=100m stereo_r=0.30 staged_n=80 max_consec=30,banner:T2SGCFG+banner:T2GATECFG+banner:T2RFIXCFG+banner:T2IQGCFG,-,IQG(f622bae2/886b1e90),PASS,0.393,,,AGREE,0.119,,,,,0,1,1,,3090,native,3090
run_WU_E12P_A_170921,2026-10-08 17:16,3090,B1006,SG:guard=1 sane_p=50.0 sane_v=15.0 resume_gap=0.15 | GATE:cost_gate=1 ratio=10.0 n=5 win=20 | min_disparity=0 fardrop_min_near=30 depth_gate=0 | RFIX(staged) | IQG:gate=0 corners=80 depth_r=0.50 band=100m stereo_r=0.30 staged_n=80 max_consec=30,banner:T2SGCFG+banner:T2GATECFG+banner:T2RFIXCFG+banner:T2IQGCFG,-,IQG(f622bae2/886b1e90),FAIL,13.024,,,DUAL-ANCHOR-DIVERGENT,0.16,,,,,0,0,0,,3090,native,3090
run_WU_E12P_B_171659,2026-10-08 17:19,3090(推定:boot窗),B1006,SG:guard=1 sane_p=50.0 sane_v=15.0 resume_gap=0.15 | GATE:cost_gate=1 ratio=10.0 n=5 win=20 | min_disparity=0 fardrop_min_near=30 depth_gate=0 | RFIX(staged) | IQG:gate=0 corners=80 depth_r=0.50 band=100m stereo_r=0.30 staged_n=80 max_consec=30,banner:T2SGCFG+banner:T2GATECFG+banner:T2RFIXCFG+banner:T2IQGCFG,-,IQG(f622bae2/886b1e90),FAIL,,,,,,,,,,0,,,,3090,native,3090
run_WU_E8P_B_160512,2026-10-08 16:12,3090(推定:boot窗),B1006,SG:guard=1 sane_p=50.0 sane_v=15.0 resume_gap=0.15 | GATE:cost_gate=1 ratio=10.0 n=5 win=20 | min_disparity=0 fardrop_min_near=30 depth_gate=0 | RFIX(staged) | IQG:gate=0 corners=80 depth_r=0.50 band=100m stereo_r=0.30 staged_n=80 max_consec=30,banner:T2SGCFG+banner:T2GATECFG+banner:T2RFIXCFG+banner:T2IQGCFG,-,IQG(f622bae2/886b1e90),FAIL,,,,,,,,,,14,,,,3090,native,3090
run_WU_FIX_E8P_A_052657,2026-10-09 05:29,3090(推定:boot窗),B1006,SG:guard=1 sane_p=50.0 sane_v=15.0 resume_gap=0.15 | GATE:cost_gate=1 ratio=10.0 n=5 win=20 | min_disparity=0 fardrop_min_near=30 depth_gate=0 | RFIX(staged) | IQG:gate=0 corners=80 depth_r=0.50 band=100m stereo_r=0.30 staged_n=80 max_consec=30,banner:T2SGCFG+banner:T2GATECFG+banner:T2RFIXCFG+banner:T2IQGCFG,-,IQG(f622bae2/886b1e90),FAIL,,,,,,,,,,2,,,,3090,native,3090
run_WU_FIX_E8P_A_r2_053539,2026-10-09 05:39,3090(推定:boot窗),B1006,SG:guard=1 sane_p=50.0 sane_v=15.0 resume_gap=0.15 | GATE:cost_gate=1 ratio=10.0 n=5 win=20 | min_disparity=0 fardrop_min_near=30 depth_gate=0 | RFIX(staged) | IQG:gate=0 corners=80 depth_r=0.50 band=100m stereo_r=0.30 staged_n=80 max_consec=30,banner:T2SGCFG+banner:T2GATECFG+banner:T2RFIXCFG+banner:T2IQGCFG,-,IQG(f622bae2/886b1e90),FAIL,,,,,,,,,,0,,,,3090,native,3090
run_WU_N8P_A_170142,2026-10-08 17:08,3090,B1006,SG:guard=1 sane_p=50.0 sane_v=15.0 resume_gap=0.15 | GATE:cost_gate=1 ratio=10.0 n=5 win=20 | min_disparity=0 fardrop_min_near=30 depth_gate=0 | RFIX(staged) | IQG:gate=0 corners=80 depth_r=0.50 band=100m stereo_r=0.30 staged_n=80 max_consec=30,banner:T2SGCFG+banner:T2GATECFG+banner:T2RFIXCFG+banner:T2IQGCFG,-,IQG(f622bae2/886b1e90),FAIL,9.216,,,AGREE,0.096,,,,,0,0,0,,3090,native,3090
run_WU_N8P_B_165914,2026-10-08 17:01,3090,B1006,SG:guard=1 sane_p=50.0 sane_v=15.0 resume_gap=0.15 | GATE:cost_gate=1 ratio=10.0 n=5 win=20 | min_disparity=0 fardrop_min_near=30 depth_gate=0 | RFIX(staged) | IQG:gate=0 corners=80 depth_r=0.50 band=100m stereo_r=0.30 staged_n=80 max_consec=30,banner:T2SGCFG+banner:T2GATECFG+banner:T2RFIXCFG+banner:T2IQGCFG,-,IQG(f622bae2/886b1e90),PASS,0.099,,,AGREE,0.097,,,,,0,1,1,,3090,native,3090
run_WU_NE8O_A_164759,2026-10-08 16:55,3090,B1006,SG:guard=1 sane_p=50.0 sane_v=15.0 resume_gap=0.15 | GATE:cost_gate=1 ratio=10.0 n=5 win=20 | min_disparity=0 fardrop_min_near=30 depth_gate=0 | RFIX(staged) | IQG:gate=0 corners=80 depth_r=0.50 band=100m stereo_r=0.30 staged_n=80 max_consec=30,banner:T2SGCFG+banner:T2GATECFG+banner:T2RFIXCFG+banner:T2IQGCFG,-,IQG(f622bae2/886b1e90),FAIL,9.495,,,AGREE,2.866,,,,,0,0,0,,3090,native,3090
run_WU_NE8O_B_165541,2026-10-08 16:59,3090,B1006,SG:guard=1 sane_p=50.0 sane_v=15.0 resume_gap=0.15 | GATE:cost_gate=1 ratio=10.0 n=5 win=20 | min_disparity=0 fardrop_min_near=30 depth_gate=0 | RFIX(staged) | IQG:gate=0 corners=80 depth_r=0.50 band=100m stereo_r=0.30 staged_n=80 max_consec=30,banner:T2SGCFG+banner:T2GATECFG+banner:T2RFIXCFG+banner:T2IQGCFG,-,IQG(f622bae2/886b1e90),PASS,0.12,,,AGREE,0.144,,,,,0,1,1,,3090,native,3090
run_WU_S12P_A_161957,2026-10-08 16:27,3090,B1006,SG:guard=1 sane_p=50.0 sane_v=15.0 resume_gap=0.15 | GATE:cost_gate=1 ratio=10.0 n=5 win=20 | min_disparity=0 fardrop_min_near=30 depth_gate=0 | RFIX(staged) | IQG:gate=0 corners=80 depth_r=0.50 band=100m stereo_r=0.30 staged_n=80 max_consec=30,banner:T2SGCFG+banner:T2GATECFG+banner:T2RFIXCFG+banner:T2IQGCFG,-,IQG(f622bae2/886b1e90),FAIL,10.945,,,AGREE,0.037,,,,,0,0,0,,3090,native,3090
run_WU_S12P_B_161217,2026-10-08 16:19,3090,B1006,SG:guard=1 sane_p=50.0 sane_v=15.0 resume_gap=0.15 | GATE:cost_gate=1 ratio=10.0 n=5 win=20 | min_disparity=0 fardrop_min_near=30 depth_gate=0 | RFIX(staged) | IQG:gate=0 corners=80 depth_r=0.50 band=100m stereo_r=0.30 staged_n=80 max_consec=30,banner:T2SGCFG+banner:T2GATECFG+banner:T2RFIXCFG+banner:T2IQGCFG,-,IQG(f622bae2/886b1e90),FAIL,9.713,,,AGREE,2.466,,,,,0,0,0,,3090,native,3090
run_WU_S8O_A_162735,2026-10-08 16:34,3090,B1006,SG:guard=1 sane_p=50.0 sane_v=15.0 resume_gap=0.15 | GATE:cost_gate=1 ratio=10.0 n=5 win=20 | min_disparity=0 fardrop_min_near=30 depth_gate=0 | RFIX(staged) | IQG:gate=0 corners=80 depth_r=0.50 band=100m stereo_r=0.30 staged_n=80 max_consec=30,banner:T2SGCFG+banner:T2GATECFG+banner:T2RFIXCFG+banner:T2IQGCFG,-,IQG(f622bae2/886b1e90),FAIL,7.058,,,AGREE,0.05,,,,,0,0,0,,3090,native,3090
run_WU_S8O_B_163510,2026-10-08 16:37,3090,B1006,SG:guard=1 sane_p=50.0 sane_v=15.0 resume_gap=0.15 | GATE:cost_gate=1 ratio=10.0 n=5 win=20 | min_disparity=0 fardrop_min_near=30 depth_gate=0 | RFIX(staged) | IQG:gate=0 corners=80 depth_r=0.50 band=100m stereo_r=0.30 staged_n=80 max_consec=30,banner:T2SGCFG+banner:T2GATECFG+banner:T2RFIXCFG+banner:T2IQGCFG,-,IQG(f622bae2/886b1e90),FAIL,0.227,,,AGREE,2.246,,,,,0,0,0,,3090,native,3090
run_WU_S8P_A_172142,2026-10-08 17:28,3090,B1006,SG:guard=1 sane_p=50.0 sane_v=15.0 resume_gap=0.15 | GATE:cost_gate=1 ratio=10.0 n=5 win=20 | min_disparity=0 fardrop_min_near=30 depth_gate=0 | RFIX(staged) | IQG:gate=0 corners=80 depth_r=0.50 band=100m stereo_r=0.30 staged_n=80 max_consec=30,banner:T2SGCFG+banner:T2GATECFG+banner:T2RFIXCFG+banner:T2IQGCFG,-,IQG(f622bae2/886b1e90),FAIL,7.209,,,AGREE,0.222,,,,,0,0,0,,3090,native,3090
run_WU_S8P_B_171914,2026-10-08 17:21,3090,B1006,SG:guard=1 sane_p=50.0 sane_v=15.0 resume_gap=0.15 | GATE:cost_gate=1 ratio=10.0 n=5 win=20 | min_disparity=0 fardrop_min_near=30 depth_gate=0 | RFIX(staged) | IQG:gate=0 corners=80 depth_r=0.50 band=100m stereo_r=0.30 staged_n=80 max_consec=30,banner:T2SGCFG+banner:T2GATECFG+banner:T2RFIXCFG+banner:T2IQGCFG,-,IQG(f622bae2/886b1e90),PASS,0.096,,,AGREE,0.081,,,,,0,1,1,,3090,native,3090
run_X1_000718,2026-10-04 09:25,?,n/a,X-line(gates-config canonical),era-map:prereg§0/X线,-,"?(机器不明,栈不可判)",,,,,,,,,,0,0,,,FAIL,?,?,3090
run_X1_002244,2026-10-04 09:25,?,n/a,X-line(gates-config canonical),era-map:prereg§0/X线,-,"?(机器不明,栈不可判)",,,,,,,,,,0,0,,,FAIL,?,?,3090
run_X1_223836,2026-10-04 09:25,?,n/a,X-line(gates-config canonical),era-map:prereg§0/X线,-,"?(机器不明,栈不可判)",,,,,,,,,,0,0,,,FAIL,?,?,3090
run_X1final_040643,2026-10-04 04:10,NUC,n/a,GATE:cost_gate=1 ratio=10.0 n=5 win=20 | min_disparity=0 fardrop_min_near=30 depth_gate=0 | RFIX(staged),banner:T2GATECFG+banner:T2RFIXCFG,-,"NUC-lineage(mtime=同步时间,不细分)",FAIL,4.637,4.941,ENV-FAIL,-,2.594,,,,19,0,0,0,FAIL,uav4,uav4-synced,3090
run_X1final_040931,2026-10-06 04:14,3090,B1006,SG:guard=1 sane_p=50.0 sane_v=15.0 resume_gap=0.15 | GATE:cost_gate=1 ratio=10.0 n=5 win=20 | min_disparity=0 fardrop_min_near=30 depth_gate=0 | RFIX(staged),banner:T2SGCFG+banner:T2GATECFG+banner:T2RFIXCFG,-,streamguard(b7de133d node 族),FAIL,5.026,,,AGREE,5.765,1.8143,6.9752,transit,20,0,0,0,FAIL,3090,native,3090
run_X1final_043355,2026-09-29 04:37,"?(无证据行,关机窗)",n/a,X-line(gates-config canonical),era-map:prereg§0/X线,-,"?(机器不明,栈不可判)",,,8.090,ENV-FAIL,-,102.704,,,,304,1,,,FAIL,?,?,3090
run_X1final_101627,2026-09-29 10:21,NUC,n/a,X-line(gates-config canonical),era-map:prereg§0/X线,-,"NUC-lineage(mtime=同步时间,不细分)",FAIL,5.137,4.679,FAIL,-,471.179,,,,588,1,0,0,FAIL,uav4,uav4-synced,3090
run_X1final_104445,2026-10-04 09:25,?,n/a,X-line(gates-config canonical),era-map:prereg§0/X线,-,"?(机器不明,栈不可判)",,,,,,,,,,0,0,,,FAIL,?,?,3090
run_X1final_104720,2026-09-29 10:52,"?(无证据行,关机窗)",n/a,X-line(gates-config canonical),era-map:prereg§0/X线,-,"?(机器不明,栈不可判)",ENV-FAIL,43.06,43.060,ENV-FAIL,-,57.484,,,,0,1,0,0,ENV-FAIL,?,?,3090
run_X1final_105449,2026-09-29 10:57,NUC,n/a,X-line(gates-config canonical),era-map:prereg§0/X线,-,"NUC-lineage(mtime=同步时间,不细分)",FAIL,8.435,8.679,FAIL,-,890.535,,,,0,1,0,0,FAIL,uav4,uav4-synced,3090
run_X1final_172424,2026-09-29 17:29,NUC,n/a,X-line(gates-config canonical),era-map:prereg§0/X线,-,"NUC-lineage(mtime=同步时间,不细分)",FAIL,11.314,11.314,FAIL,-,6.042,,,,27,1,0,0,FAIL,uav4,uav4-synced,3090
run_X2g1R_045147,2026-10-06 04:57,3090,B1006,SG:guard=1 sane_p=50.0 sane_v=15.0 resume_gap=0.15 | GATE:cost_gate=1 ratio=10.0 n=5 win=20 | min_disparity=0 fardrop_min_near=30 depth_gate=0 | RFIX(staged),banner:T2SGCFG+banner:T2GATECFG+banner:T2RFIXCFG,-,streamguard(b7de133d node 族),FAIL,8.331,,,AGREE,0.011,,,,,0,0,0,,3090,native,3090
run_X2g1_024637,2026-10-05 02:51,3090,B1004,GATE:cost_gate=0 ratio=10.0 n=5 win=20 | min_disparity=0 fardrop_min_near=30 depth_gate=0 | RFIX(staged),banner:T2GATECFG+banner:T2RFIXCFG,-,build-2(8c3453c0/2ad9676e),FAIL,4.512,3.420,FAIL,-,0.809,0.3962,0.729,mixed,0,0,0,0,FAIL,3090,native,3090
run_X2g1_041203,2026-10-04 04:17,NUC,n/a,GATE:cost_gate=1 ratio=10.0 n=5 win=20 | min_disparity=0 fardrop_min_near=30 depth_gate=0 | RFIX(staged),banner:T2GATECFG+banner:T2RFIXCFG,-,"NUC-lineage(mtime=同步时间,不细分)",FAIL,8.124,8.399,FAIL,-,0.674,,,,1,7,0,0,FAIL,uav4,uav4-synced,3090
run_X2g1_041509,2026-10-06 04:20,3090,B1006,SG:guard=1 sane_p=50.0 sane_v=15.0 resume_gap=0.15 | GATE:cost_gate=1 ratio=10.0 n=5 win=20 | min_disparity=0 fardrop_min_near=30 depth_gate=0 | RFIX(staged),banner:T2SGCFG+banner:T2GATECFG+banner:T2RFIXCFG,-,streamguard(b7de133d node 族),FAIL,3.409,,,AGREE,4.904,,,,,2,0,0,,3090,native,3090
run_X2g3R_050113,2026-10-06 05:06,3090,B1006,SG:guard=1 sane_p=50.0 sane_v=15.0 resume_gap=0.15 | GATE:cost_gate=1 ratio=10.0 n=5 win=20 | min_disparity=0 fardrop_min_near=30 depth_gate=0 | RFIX(staged),banner:T2SGCFG+banner:T2GATECFG+banner:T2RFIXCFG,-,streamguard(b7de133d node 族),FAIL,4.792,,,AGREE,24.219,,,,,0,0,0,,3090,native,3090
run_X2g3_025529,2026-10-05 02:59,3090,B1004,GATE:cost_gate=0 ratio=10.0 n=5 win=20 | min_disparity=0 fardrop_min_near=30 depth_gate=0 | RFIX(staged),banner:T2GATECFG+banner:T2RFIXCFG,-,build-2(8c3453c0/2ad9676e),FAIL,0.849,0.035,ENV-FAIL,-,0.092,0.1111,0.1987,mixed,0,0,0,0,FAIL,3090,native,3090
run_X2g3_042025,2026-10-06 04:26,3090,B1006,SG:guard=1 sane_p=50.0 sane_v=15.0 resume_gap=0.15 | GATE:cost_gate=1 ratio=10.0 n=5 win=20 | min_disparity=0 fardrop_min_near=30 depth_gate=0 | RFIX(staged),banner:T2SGCFG+banner:T2GATECFG+banner:T2RFIXCFG,-,streamguard(b7de133d node 族),FAIL,7.657,,,AGREE,0.042,0.0,0.0417,negligible,0,0,0,0,FAIL,3090,native,3090
run_X2g4_030233,2026-10-05 03:07,3090,B1004,GATE:cost_gate=0 ratio=10.0 n=5 win=20 | min_disparity=0 fardrop_min_near=30 depth_gate=0 | RFIX(staged),banner:T2GATECFG+banner:T2RFIXCFG,-,build-2(8c3453c0/2ad9676e),FAIL,2.346,1.433,ENV-FAIL,-,3.92,67.5398,57.9638,mixed,269,1,0,0,FAIL,3090,native,3090
run_X3l2a_031040,2026-10-05 03:17,3090,B1004,GATE:cost_gate=0 ratio=10.0 n=5 win=20 | min_disparity=0 fardrop_min_near=30 depth_gate=0 | RFIX(staged),banner:T2GATECFG+banner:T2RFIXCFG,-,build-2(8c3453c0/2ad9676e),FAIL,3.628,3.297,FAIL,-,6.287,0.5449,5.7628,transit,12,0,0,0,FAIL,3090,native,3090
run_X3l2a_042631,2026-10-06 04:36,3090,B1006,SG:guard=1 sane_p=50.0 sane_v=15.0 resume_gap=0.15 | GATE:cost_gate=1 ratio=10.0 n=5 win=20 | min_disparity=0 fardrop_min_near=30 depth_gate=0 | RFIX(staged),banner:T2SGCFG+banner:T2GATECFG+banner:T2RFIXCFG,-,streamguard(b7de133d node 族),FAIL,4.452,,,AGREE,5.039,,,,,14,0,0,,3090,native,3090
run_X3l2b_032653,2026-10-05 03:34,3090,B1004,GATE:cost_gate=0 ratio=10.0 n=5 win=20 | min_disparity=0 fardrop_min_near=30 depth_gate=0 | RFIX(staged),banner:T2GATECFG+banner:T2RFIXCFG,-,build-2(8c3453c0/2ad9676e),FAIL,4.031,3.207,ENV-FAIL,-,368.155,226.5238,146.7324,mixed,560,1,0,0,FAIL,3090,native,3090
run_X3l2b_043724,2026-10-06 04:47,3090,B1006,SG:guard=1 sane_p=50.0 sane_v=15.0 resume_gap=0.15 | GATE:cost_gate=1 ratio=10.0 n=5 win=20 | min_disparity=0 fardrop_min_near=30 depth_gate=0 | RFIX(staged),banner:T2SGCFG+banner:T2GATECFG+banner:T2RFIXCFG,-,streamguard(b7de133d node 族),FAIL,4.181,,,AGREE,1.2,0.1223,1.0882,transit,7,0,0,0,FAIL,3090,native,3090
run_X4_1e_E8P_035301,2026-10-07 03:59,3090,B1006,SG:guard=1 sane_p=50.0 sane_v=15.0 resume_gap=0.15 | GATE:cost_gate=1 ratio=10.0 n=5 win=20 | min_disparity=0 fardrop_min_near=30 depth_gate=0 | RFIX(staged),banner:T2SGCFG+banner:T2GATECFG+banner:T2RFIXCFG,-,streamguard(b7de133d node 族),FAIL,2.291,,,AGREE,3.122,,,,,6,0,0,,3090,native,3090
run_X4_1e_HVNET1_040009,2026-10-07 04:06,3090,B1006,SG:guard=1 sane_p=50.0 sane_v=15.0 resume_gap=0.15 | GATE:cost_gate=1 ratio=10.0 n=5 win=20 | min_disparity=0 fardrop_min_near=30 depth_gate=0 | RFIX(staged),banner:T2SGCFG+banner:T2GATECFG+banner:T2RFIXCFG,-,streamguard(b7de133d node 族),FAIL,0.439,,,AGREE,4.119,,,,,0,0,0,,3090,native,3090
run_X4_E12O_031818,2026-10-07 16:14,3090,B1006,SG:guard=1 sane_p=50.0 sane_v=15.0 resume_gap=0.15 | GATE:cost_gate=1 ratio=10.0 n=5 win=20 | min_disparity=0 fardrop_min_near=30 depth_gate=0 | RFIX(staged),banner:T2SGCFG+banner:T2GATECFG+banner:T2RFIXCFG,-,IQG(f622bae2/886b1e90),PASS,0.278,,,AGREE,0.252,0.0,0.2517,transit,0,0,1,1,FAIL,3090,native,3090
run_X4_E8O_033233,2026-10-07 16:14,3090,B1006,SG:guard=1 sane_p=50.0 sane_v=15.0 resume_gap=0.15 | GATE:cost_gate=1 ratio=10.0 n=5 win=20 | min_disparity=0 fardrop_min_near=30 depth_gate=0 | RFIX(staged),banner:T2SGCFG+banner:T2GATECFG+banner:T2RFIXCFG,-,IQG(f622bae2/886b1e90),PASS,0.156,,,AGREE,0.081,,,,,0,1,1,,3090,native,3090
run_X4_N8P_034553,2026-10-07 16:14,3090,B1006,SG:guard=1 sane_p=50.0 sane_v=15.0 resume_gap=0.15 | GATE:cost_gate=1 ratio=10.0 n=5 win=20 | min_disparity=0 fardrop_min_near=30 depth_gate=0 | RFIX(staged),banner:T2SGCFG+banner:T2GATECFG+banner:T2RFIXCFG,-,IQG(f622bae2/886b1e90),PASS,0.083,,,AGREE,0.094,0.0,0.0938,transit,0,0,1,1,FAIL,3090,native,3090
run_X4_NE12O_032330,2026-10-07 16:14,3090,B1006,SG:guard=1 sane_p=50.0 sane_v=15.0 resume_gap=0.15 | GATE:cost_gate=1 ratio=10.0 n=5 win=20 | min_disparity=0 fardrop_min_near=30 depth_gate=0 | RFIX(staged),banner:T2SGCFG+banner:T2GATECFG+banner:T2RFIXCFG,-,IQG(f622bae2/886b1e90),PASS,0.22,,,AGREE,0.234,0.0,0.2337,transit,0,0,1,1,FAIL,3090,native,3090
run_X4_NE8O_032059,2026-10-07 16:14,3090,B1006,SG:guard=1 sane_p=50.0 sane_v=15.0 resume_gap=0.15 | GATE:cost_gate=1 ratio=10.0 n=5 win=20 | min_disparity=0 fardrop_min_near=30 depth_gate=0 | RFIX(staged),banner:T2SGCFG+banner:T2GATECFG+banner:T2RFIXCFG,-,IQG(f622bae2/886b1e90),PASS,0.037,,,AGREE,0.034,0.0,0.0343,negligible,0,0,1,1,FAIL,3090,native,3090
run_X4_S12P_032611,2026-10-07 03:31,3090,B1006,SG:guard=1 sane_p=50.0 sane_v=15.0 resume_gap=0.15 | GATE:cost_gate=1 ratio=10.0 n=5 win=20 | min_disparity=0 fardrop_min_near=30 depth_gate=0 | RFIX(staged),banner:T2SGCFG+banner:T2GATECFG+banner:T2RFIXCFG,-,streamguard(b7de133d node 族),FAIL,11.106,,,AGREE,4.7,0.2957,4.4195,transit,2,0,0,0,FAIL,3090,native,3090
run_X4_S8O_033810,2026-10-07 03:44,3090,B1006,SG:guard=1 sane_p=50.0 sane_v=15.0 resume_gap=0.15 | GATE:cost_gate=1 ratio=10.0 n=5 win=20 | min_disparity=0 fardrop_min_near=30 depth_gate=0 | RFIX(staged),banner:T2SGCFG+banner:T2GATECFG+banner:T2RFIXCFG,-,streamguard(b7de133d node 族),FAIL,6.009,,,AGREE,0.487,0.8639,1.3108,mixed,4,0,0,0,FAIL,3090,native,3090
run_X5_E12O_203723,2026-10-06 20:39,3090,B1006,SG:guard=1 sane_p=50.0 sane_v=15.0 resume_gap=0.15 | GATE:cost_gate=1 ratio=10.0 n=5 win=20 | min_disparity=0 fardrop_min_near=30 depth_gate=0 | RFIX(staged),banner:T2SGCFG+banner:T2GATECFG+banner:T2RFIXCFG,-,streamguard(b7de133d node 族),PASS,0.259,,,DUAL-ANCHOR-DIVERGENT,0.215,0.335,0.3958,mixed,0,0,1,1,FAIL,3090,native,3090
run_X5_E12O_L2_233955,2026-10-06 23:43,3090,B1006,SG:guard=1 sane_p=50.0 sane_v=15.0 resume_gap=0.15 | GATE:cost_gate=1 ratio=10.0 n=5 win=20 | min_disparity=0 fardrop_min_near=30 depth_gate=0 | RFIX(staged),banner:T2SGCFG+banner:T2GATECFG+banner:T2RFIXCFG,-,streamguard(b7de133d node 族),FAIL,0.652,,,AGREE,0.59,,,,,0,0,0,,3090,native,3090
run_X5_E12O_R2_225937,2026-10-06 23:02,3090,B1006,SG:guard=1 sane_p=50.0 sane_v=15.0 resume_gap=0.15 | GATE:cost_gate=1 ratio=10.0 n=5 win=20 | min_disparity=0 fardrop_min_near=30 depth_gate=0 | RFIX(staged),banner:T2SGCFG+banner:T2GATECFG+banner:T2RFIXCFG,-,streamguard(b7de133d node 族),PASS,0.462,,,AGREE,0.19,0.0,0.1896,transit,0,0,1,1,FAIL,3090,native,3090
run_X5_E12P_204010,2026-10-06 20:45,3090,B1006,SG:guard=1 sane_p=50.0 sane_v=15.0 resume_gap=0.15 | GATE:cost_gate=1 ratio=10.0 n=5 win=20 | min_disparity=0 fardrop_min_near=30 depth_gate=0 | RFIX(staged),banner:T2SGCFG+banner:T2GATECFG+banner:T2RFIXCFG,-,streamguard(b7de133d node 族),FAIL,10.034,,,AGREE,35.974,,,,,2,0,0,,3090,native,3090
run_X5_E12P_R2_230221,2026-10-06 23:07,3090,B1006,SG:guard=1 sane_p=50.0 sane_v=15.0 resume_gap=0.15 | GATE:cost_gate=1 ratio=10.0 n=5 win=20 | min_disparity=0 fardrop_min_near=30 depth_gate=0 | RFIX(staged),banner:T2SGCFG+banner:T2GATECFG+banner:T2RFIXCFG,-,streamguard(b7de133d node 族),FAIL,9.993,,,AGREE,2.459,1.6386,1.9774,mixed,11,0,0,0,FAIL,3090,native,3090
run_X5_E5O_202513,2026-10-06 20:28,3090,B1006,SG:guard=1 sane_p=50.0 sane_v=15.0 resume_gap=0.15 | GATE:cost_gate=1 ratio=10.0 n=5 win=20 | min_disparity=0 fardrop_min_near=30 depth_gate=0 | RFIX(staged),banner:T2SGCFG+banner:T2GATECFG+banner:T2RFIXCFG,-,streamguard(b7de133d node 族),FAIL,0.12,,,DUAL-ANCHOR-DIVERGENT,12.151,1.8915,14.0416,transit,10,0,0,0,FAIL,3090,native,3090
run_X5_E5P_202827,2026-10-06 20:31,3090(推定:boot窗),B1006,SG:guard=1 sane_p=50.0 sane_v=15.0 resume_gap=0.15 | GATE:cost_gate=1 ratio=10.0 n=5 win=20 | min_disparity=0 fardrop_min_near=30 depth_gate=0 | RFIX(staged),banner:T2SGCFG+banner:T2GATECFG+banner:T2RFIXCFG,-,streamguard(b7de133d node 族),FAIL,,,,,,,,,,4,,,,3090,native,3090
run_X5_E5P_203112,2026-10-06 20:36,3090,B1006,SG:guard=1 sane_p=50.0 sane_v=15.0 resume_gap=0.15 | GATE:cost_gate=1 ratio=10.0 n=5 win=20 | min_disparity=0 fardrop_min_near=30 depth_gate=0 | RFIX(staged),banner:T2SGCFG+banner:T2GATECFG+banner:T2RFIXCFG,-,streamguard(b7de133d node 族),FAIL,2.184,,,DUAL-ANCHOR-DIVERGENT,30.57,24.1164,54.5974,transit,100,4,0,0,FAIL,3090,native,3090
run_X5_E8O_192244,2026-10-06 19:25,3090,B1006,SG:guard=1 sane_p=50.0 sane_v=15.0 resume_gap=0.15 | GATE:cost_gate=1 ratio=10.0 n=5 win=20 | min_disparity=0 fardrop_min_near=30 depth_gate=0 | RFIX(staged),banner:T2SGCFG+banner:T2GATECFG+banner:T2RFIXCFG,-,streamguard(b7de133d node 族),PASS,0.516,,,AGREE,0.315,0.0,0.3146,transit,0,0,1,1,FAIL,3090,native,3090
run_X5_E8O_L2_232302,2026-10-06 23:29,3090,B1006,SG:guard=1 sane_p=50.0 sane_v=15.0 resume_gap=0.15 | GATE:cost_gate=1 ratio=10.0 n=5 win=20 | min_disparity=0 fardrop_min_near=30 depth_gate=0 | RFIX(staged),banner:T2SGCFG+banner:T2GATECFG+banner:T2RFIXCFG,-,streamguard(b7de133d node 族),FAIL,0.145,,,AGREE,0.392,,,,,0,1,1,,3090,native,3090
run_X5_E8P_192756,2026-10-06 19:29,?,n/a,SG:guard=1 sane_p=50.0 sane_v=15.0 resume_gap=0.15 | GATE:cost_gate=1 ratio=10.0 n=5 win=20 | min_disparity=0 fardrop_min_near=30 depth_gate=0 | RFIX(staged),banner:T2SGCFG+banner:T2GATECFG+banner:T2RFIXCFG,-,"?(机器不明,栈不可判)",,,,,,,,,,,0,,,,?,?,3090
run_X5_E8P_220756,2026-10-06 22:15,3090,B1006,SG:guard=1 sane_p=50.0 sane_v=15.0 resume_gap=0.15 | GATE:cost_gate=1 ratio=10.0 n=5 win=20 | min_disparity=0 fardrop_min_near=30 depth_gate=0 | RFIX(staged),banner:T2SGCFG+banner:T2GATECFG+banner:T2RFIXCFG,-,streamguard(b7de133d node 族),FAIL,4.881,,,DUAL-ANCHOR-DIVERGENT,40.631,,,,,2,0,0,,3090,native,3090
run_X5_E8P_224044,2026-10-06 22:51,3090,B1006,SG:guard=1 sane_p=50.0 sane_v=15.0 resume_gap=0.15 | GATE:cost_gate=1 ratio=10.0 n=5 win=20 | min_disparity=0 fardrop_min_near=30 depth_gate=0 | RFIX(staged),banner:T2SGCFG+banner:T2GATECFG+banner:T2RFIXCFG,-,streamguard(b7de133d node 族),FAIL,5.159,,,STA-UNSTABLE,30.416,33.5948,22.1642,mixed,490,12,0,0,FAIL,3090,native,3090
run_X5_E8P_L2_225245,2026-10-06 22:58,3090,B1006,SG:guard=1 sane_p=50.0 sane_v=15.0 resume_gap=0.15 | GATE:cost_gate=1 ratio=10.0 n=5 win=20 | min_disparity=0 fardrop_min_near=30 depth_gate=0 | RFIX(staged),banner:T2SGCFG+banner:T2GATECFG+banner:T2RFIXCFG,-,streamguard(b7de133d node 族),FAIL,0.74,,,DUAL-ANCHOR-DIVERGENT,25.992,5.8219,20.1827,transit,50,0,0,0,FAIL,3090,native,3090
run_X5_N12O_212904,2026-10-06 21:31,3090,B1006,SG:guard=1 sane_p=50.0 sane_v=15.0 resume_gap=0.15 | GATE:cost_gate=1 ratio=10.0 n=5 win=20 | min_disparity=0 fardrop_min_near=30 depth_gate=0 | RFIX(staged),banner:T2SGCFG+banner:T2GATECFG+banner:T2RFIXCFG,-,streamguard(b7de133d node 族),PASS,0.332,,,AGREE,0.375,0.0,0.3754,transit,0,0,1,1,FAIL,3090,native,3090
run_X5_N12P_213145,2026-10-06 21:34,3090,B1006,SG:guard=1 sane_p=50.0 sane_v=15.0 resume_gap=0.15 | GATE:cost_gate=1 ratio=10.0 n=5 win=20 | min_disparity=0 fardrop_min_near=30 depth_gate=0 | RFIX(staged),banner:T2SGCFG+banner:T2GATECFG+banner:T2RFIXCFG,-,streamguard(b7de133d node 族),FAIL,0.169,,,AGREE,1.098,0.0,1.0984,transit,1,0,0,0,FAIL,3090,native,3090
run_X5_N5O_211714,2026-10-06 21:22,3090,B1006,SG:guard=1 sane_p=50.0 sane_v=15.0 resume_gap=0.15 | GATE:cost_gate=1 ratio=10.0 n=5 win=20 | min_disparity=0 fardrop_min_near=30 depth_gate=0 | RFIX(staged),banner:T2SGCFG+banner:T2GATECFG+banner:T2RFIXCFG,-,streamguard(b7de133d node 族),FAIL,5.81,,,AGREE,0.06,,,,,0,0,0,,3090,native,3090
run_X5_N5P_212300,2026-10-06 21:28,3090,B1006,SG:guard=1 sane_p=50.0 sane_v=15.0 resume_gap=0.15 | GATE:cost_gate=1 ratio=10.0 n=5 win=20 | min_disparity=0 fardrop_min_near=30 depth_gate=0 | RFIX(staged),banner:T2SGCFG+banner:T2GATECFG+banner:T2RFIXCFG,-,streamguard(b7de133d node 族),FAIL,5.153,,,AGREE,0.048,0.0,0.0479,negligible,1,0,0,0,FAIL,3090,native,3090
run_X5_N8O_194814,2026-10-06 19:53,3090,B1006,SG:guard=1 sane_p=50.0 sane_v=15.0 resume_gap=0.15 | GATE:cost_gate=1 ratio=10.0 n=5 win=20 | min_disparity=0 fardrop_min_near=30 depth_gate=0 | RFIX(staged),banner:T2SGCFG+banner:T2GATECFG+banner:T2RFIXCFG,-,streamguard(b7de133d node 族),FAIL,7.948,,,AGREE,5.491,,,,,0,0,0,,3090,native,3090
run_X5_N8P_195421,2026-10-06 19:56,3090,B1006,SG:guard=1 sane_p=50.0 sane_v=15.0 resume_gap=0.15 | GATE:cost_gate=1 ratio=10.0 n=5 win=20 | min_disparity=0 fardrop_min_near=30 depth_gate=0 | RFIX(staged),banner:T2SGCFG+banner:T2GATECFG+banner:T2RFIXCFG,-,streamguard(b7de133d node 族),PASS,0.062,,,AGREE,0.049,0.0,0.0491,negligible,0,0,1,1,FAIL,3090,native,3090
run_X5_NE12O_223045,2026-10-06 22:33,3090,B1006,SG:guard=1 sane_p=50.0 sane_v=15.0 resume_gap=0.15 | GATE:cost_gate=1 ratio=10.0 n=5 win=20 | min_disparity=0 fardrop_min_near=30 depth_gate=0 | RFIX(staged),banner:T2SGCFG+banner:T2GATECFG+banner:T2RFIXCFG,-,streamguard(b7de133d node 族),PASS,0.124,,,AGREE,0.114,0.0,0.1142,transit,0,0,1,1,FAIL,3090,native,3090
run_X5_NE12P_223327,2026-10-06 22:40,3090,B1006,SG:guard=1 sane_p=50.0 sane_v=15.0 resume_gap=0.15 | GATE:cost_gate=1 ratio=10.0 n=5 win=20 | min_disparity=0 fardrop_min_near=30 depth_gate=0 | RFIX(staged),banner:T2SGCFG+banner:T2GATECFG+banner:T2RFIXCFG,-,streamguard(b7de133d node 族),FAIL,30.107,,,DUAL-ANCHOR-DIVERGENT,0.417,,,,,1,0,0,,3090,native,3090
run_X5_NE5O_222126,2026-10-06 22:23,3090,B1006,SG:guard=1 sane_p=50.0 sane_v=15.0 resume_gap=0.15 | GATE:cost_gate=1 ratio=10.0 n=5 win=20 | min_disparity=0 fardrop_min_near=30 depth_gate=0 | RFIX(staged),banner:T2SGCFG+banner:T2GATECFG+banner:T2RFIXCFG,-,streamguard(b7de133d node 族),FAIL,0.087,,,AGREE,1.65,0.0,1.6495,transit,1,0,0,0,FAIL,3090,native,3090
run_X5_NE5P_222405,2026-10-06 22:30,3090,B1006,SG:guard=1 sane_p=50.0 sane_v=15.0 resume_gap=0.15 | GATE:cost_gate=1 ratio=10.0 n=5 win=20 | min_disparity=0 fardrop_min_near=30 depth_gate=0 | RFIX(staged),banner:T2SGCFG+banner:T2GATECFG+banner:T2RFIXCFG,-,streamguard(b7de133d node 族),FAIL,7.672,,,DUAL-ANCHOR-DIVERGENT,0.997,,,,,1,0,0,,3090,native,3090
run_X5_NE8O_201655,2026-10-06 20:19,3090,B1006,SG:guard=1 sane_p=50.0 sane_v=15.0 resume_gap=0.15 | GATE:cost_gate=1 ratio=10.0 n=5 win=20 | min_disparity=0 fardrop_min_near=30 depth_gate=0 | RFIX(staged),banner:T2SGCFG+banner:T2GATECFG+banner:T2RFIXCFG,-,streamguard(b7de133d node 族),PASS,0.222,,,DUAL-ANCHOR-DIVERGENT,0.146,,,,,0,1,1,,3090,native,3090
run_X5_NE8P_201924,2026-10-06 20:24,3090,B1006,SG:guard=1 sane_p=50.0 sane_v=15.0 resume_gap=0.15 | GATE:cost_gate=1 ratio=10.0 n=5 win=20 | min_disparity=0 fardrop_min_near=30 depth_gate=0 | RFIX(staged),banner:T2SGCFG+banner:T2GATECFG+banner:T2RFIXCFG,-,streamguard(b7de133d node 族),FAIL,11.723,,,DUAL-ANCHOR-DIVERGENT,0.504,,,,,2,0,0,,3090,native,3090
run_X5_PLAINCHK2_182203,2026-10-06 18:24,?,n/a,SG:guard=1 sane_p=50.0 sane_v=15.0 resume_gap=0.15 | GATE:cost_gate=1 ratio=10.0 n=5 win=20 | min_disparity=0 fardrop_min_near=30 depth_gate=0 | RFIX(staged),banner:T2SGCFG+banner:T2GATECFG+banner:T2RFIXCFG,-,"?(机器不明,栈不可判)",,,,,,,,,,,0,,,,?,?,3090
run_X5_PLAINCHK3_183623,2026-10-06 18:39,?,n/a,SG:guard=1 sane_p=50.0 sane_v=15.0 resume_gap=0.15 | GATE:cost_gate=1 ratio=10.0 n=5 win=20 | min_disparity=0 fardrop_min_near=30 depth_gate=0 | RFIX(staged),banner:T2SGCFG+banner:T2GATECFG+banner:T2RFIXCFG,-,"?(机器不明,栈不可判)",,,,,,,,,,,2,,,,?,?,3090
run_X5_PLAINCHK4_184349,2026-10-06 18:44,?,n/a,SG:guard=1 sane_p=50.0 sane_v=15.0 resume_gap=0.15 | GATE:cost_gate=1 ratio=10.0 n=5 win=20 | min_disparity=0 fardrop_min_near=30 depth_gate=0 | RFIX(staged),banner:T2SGCFG+banner:T2GATECFG+banner:T2RFIXCFG,-,"?(机器不明,栈不可判)",,,,,,,,,,,1,,,,?,?,3090
run_X5_PLAINCHK4_184541,2026-10-06 18:48,?,n/a,SG:guard=1 sane_p=50.0 sane_v=15.0 resume_gap=0.15 | GATE:cost_gate=1 ratio=10.0 n=5 win=20 | min_disparity=0 fardrop_min_near=30 depth_gate=0 | RFIX(staged),banner:T2SGCFG+banner:T2GATECFG+banner:T2RFIXCFG,-,"?(机器不明,栈不可判)",,,,,,,,,,,1,,,,?,?,3090
run_X5_PLAINCHK5_185552,2026-10-06 18:58,?,n/a,SG:guard=1 sane_p=50.0 sane_v=15.0 resume_gap=0.15 | GATE:cost_gate=1 ratio=10.0 n=5 win=20 | min_disparity=0 fardrop_min_near=30 depth_gate=0 | RFIX(staged),banner:T2SGCFG+banner:T2GATECFG+banner:T2RFIXCFG,-,"?(机器不明,栈不可判)",,,,,,,,,,,2,,,,?,?,3090
run_X5_PLAINCHK6_190253,2026-10-06 19:07,3090,B1006,SG:guard=1 sane_p=50.0 sane_v=15.0 resume_gap=0.15 | GATE:cost_gate=1 ratio=10.0 n=5 win=20 | min_disparity=0 fardrop_min_near=30 depth_gate=0 | RFIX(staged),banner:T2SGCFG+banner:T2GATECFG+banner:T2RFIXCFG,-,streamguard(b7de133d node 族),FAIL,0.87,,,AGREE,6.877,,,,,0,0,0,,3090,native,3090
run_X5_PLAINCHK_181235,2026-10-06 18:15,?,n/a,SG:guard=1 sane_p=50.0 sane_v=15.0 resume_gap=0.15 | GATE:cost_gate=1 ratio=10.0 n=5 win=20 | min_disparity=0 fardrop_min_near=30 depth_gate=0 | RFIX(staged),banner:T2SGCFG+banner:T2GATECFG+banner:T2RFIXCFG,-,"?(机器不明,栈不可判)",,,,,,,,,,,4,,,,?,?,3090
run_X5_S12O_205121,2026-10-06 20:53,3090,B1006,SG:guard=1 sane_p=50.0 sane_v=15.0 resume_gap=0.15 | GATE:cost_gate=1 ratio=10.0 n=5 win=20 | min_disparity=0 fardrop_min_near=30 depth_gate=0 | RFIX(staged),banner:T2SGCFG+banner:T2GATECFG+banner:T2RFIXCFG,-,streamguard(b7de133d node 族),FAIL,0.342,,,AGREE,3.779,0.0324,3.7591,transit,3,0,0,0,FAIL,3090,native,3090
run_X5_S12P_205411,2026-10-06 20:56,3090,B1006,SG:guard=1 sane_p=50.0 sane_v=15.0 resume_gap=0.15 | GATE:cost_gate=1 ratio=10.0 n=5 win=20 | min_disparity=0 fardrop_min_near=30 depth_gate=0 | RFIX(staged),banner:T2SGCFG+banner:T2GATECFG+banner:T2RFIXCFG,-,streamguard(b7de133d node 族),PASS,0.364,,,DUAL-ANCHOR-DIVERGENT,0.335,,,,,0,1,1,,3090,native,3090
run_X5_S5O_204600,2026-10-06 20:48,3090,B1006,SG:guard=1 sane_p=50.0 sane_v=15.0 resume_gap=0.15 | GATE:cost_gate=1 ratio=10.0 n=5 win=20 | min_disparity=0 fardrop_min_near=30 depth_gate=0 | RFIX(staged),banner:T2SGCFG+banner:T2GATECFG+banner:T2RFIXCFG,-,streamguard(b7de133d node 族),PASS,0.16,,,AGREE,0.215,0.0,0.2148,transit,0,0,1,1,FAIL,3090,native,3090
run_X5_S5P_204831,2026-10-06 20:50,3090,B1006,SG:guard=1 sane_p=50.0 sane_v=15.0 resume_gap=0.15 | GATE:cost_gate=1 ratio=10.0 n=5 win=20 | min_disparity=0 fardrop_min_near=30 depth_gate=0 | RFIX(staged),banner:T2SGCFG+banner:T2GATECFG+banner:T2RFIXCFG,-,streamguard(b7de133d node 族),FAIL,0.131,,,DUAL-ANCHOR-DIVERGENT,4.551,0.5731,4.6862,transit,11,0,0,0,FAIL,3090,native,3090
run_X5_S5P_L2_234337,2026-10-06 23:46,3090,B1006,SG:guard=1 sane_p=50.0 sane_v=15.0 resume_gap=0.15 | GATE:cost_gate=1 ratio=10.0 n=5 win=20 | min_disparity=0 fardrop_min_near=30 depth_gate=0 | RFIX(staged),banner:T2SGCFG+banner:T2GATECFG+banner:T2RFIXCFG,-,streamguard(b7de133d node 族),FAIL,0.131,,,AGREE,0.634,,,,,0,0,0,,3090,native,3090
run_X5_S8O_192525,2026-10-06 19:27,3090,B1006,SG:guard=1 sane_p=50.0 sane_v=15.0 resume_gap=0.15 | GATE:cost_gate=1 ratio=10.0 n=5 win=20 | min_disparity=0 fardrop_min_near=30 depth_gate=0 | RFIX(staged),banner:T2SGCFG+banner:T2GATECFG+banner:T2RFIXCFG,-,streamguard(b7de133d node 族),PASS,0.059,,,AGREE,0.065,0.0,0.0652,transit,0,0,1,1,FAIL,3090,native,3090
run_X5_S8O_L2_232958,2026-10-06 23:36,3090,B1006,SG:guard=1 sane_p=50.0 sane_v=15.0 resume_gap=0.15 | GATE:cost_gate=1 ratio=10.0 n=5 win=20 | min_disparity=0 fardrop_min_near=30 depth_gate=0 | RFIX(staged),banner:T2SGCFG+banner:T2GATECFG+banner:T2RFIXCFG,-,streamguard(b7de133d node 族),FAIL,0.144,,,AGREE,0.125,,,,,0,1,1,,3090,native,3090
run_X5_S8P_193209,2026-10-06 19:34,3090,B1006,SG:guard=1 sane_p=50.0 sane_v=15.0 resume_gap=0.15 | GATE:cost_gate=1 ratio=10.0 n=5 win=20 | min_disparity=0 fardrop_min_near=30 depth_gate=0 | RFIX(staged),banner:T2SGCFG+banner:T2GATECFG+banner:T2RFIXCFG,-,streamguard(b7de133d node 族),FAIL,0.213,,,AGREE,4.178,0.2853,4.4632,transit,2,0,0,0,FAIL,3090,native,3090
run_X5_S8P_L2_233654,2026-10-06 23:39,3090,B1006,SG:guard=1 sane_p=50.0 sane_v=15.0 resume_gap=0.15 | GATE:cost_gate=1 ratio=10.0 n=5 win=20 | min_disparity=0 fardrop_min_near=30 depth_gate=0 | RFIX(staged),banner:T2SGCFG+banner:T2GATECFG+banner:T2RFIXCFG,-,streamguard(b7de133d node 族),PASS,0.172,,,AGREE,0.421,,,,,0,1,1,,3090,native,3090
run_X5_SE12O_215416,2026-10-06 21:59,3090,B1006,SG:guard=1 sane_p=50.0 sane_v=15.0 resume_gap=0.15 | GATE:cost_gate=1 ratio=10.0 n=5 win=20 | min_disparity=0 fardrop_min_near=30 depth_gate=0 | RFIX(staged),banner:T2SGCFG+banner:T2GATECFG+banner:T2RFIXCFG,-,streamguard(b7de133d node 族),FAIL,5.576,,,AGREE,4.269,,,,,0,0,0,,3090,native,3090
run_X5_SE12P_220018,2026-10-07 03:00,?,n/a,legacy(无banner),era-map:默认,-,"?(机器不明,栈不可判)",,,,,,,,,,,0,,,,?,?,3090
run_X5_SE12P_221536,2026-10-06 22:20,3090,B1006,SG:guard=1 sane_p=50.0 sane_v=15.0 resume_gap=0.15 | GATE:cost_gate=1 ratio=10.0 n=5 win=20 | min_disparity=0 fardrop_min_near=30 depth_gate=0 | RFIX(staged),banner:T2SGCFG+banner:T2GATECFG+banner:T2RFIXCFG,-,streamguard(b7de133d node 族),FAIL,7.488,,,AGREE,4.526,,,,,1,0,0,,3090,native,3090
run_X5_SE5O_213440,2026-10-06 21:40,3090,B1006,SG:guard=1 sane_p=50.0 sane_v=15.0 resume_gap=0.15 | GATE:cost_gate=1 ratio=10.0 n=5 win=20 | min_disparity=0 fardrop_min_near=30 depth_gate=0 | RFIX(staged),banner:T2SGCFG+banner:T2GATECFG+banner:T2RFIXCFG,-,streamguard(b7de133d node 族),FAIL,2.239,,,AGREE,0.227,0.0,0.2269,transit,3,0,0,0,FAIL,3090,native,3090
run_X5_SE5P_214032,2026-10-06 21:46,3090,B1006,SG:guard=1 sane_p=50.0 sane_v=15.0 resume_gap=0.15 | GATE:cost_gate=1 ratio=10.0 n=5 win=20 | min_disparity=0 fardrop_min_near=30 depth_gate=0 | RFIX(staged),banner:T2SGCFG+banner:T2GATECFG+banner:T2RFIXCFG,-,streamguard(b7de133d node 族),FAIL,0.661,,,DUAL-ANCHOR-DIVERGENT,4.141,,,,,3,0,0,,3090,native,3090
run_X5_SE5P_214714,2026-10-06 21:53,3090,B1006,SG:guard=1 sane_p=50.0 sane_v=15.0 resume_gap=0.15 | GATE:cost_gate=1 ratio=10.0 n=5 win=20 | min_disparity=0 fardrop_min_near=30 depth_gate=0 | RFIX(staged),banner:T2SGCFG+banner:T2GATECFG+banner:T2RFIXCFG,-,streamguard(b7de133d node 族),FAIL,0.546,,,AGREE,2.883,,,,,17,0,0,,3090,native,3090
run_X5_SE8O_195656,2026-10-06 20:02,3090,B1006,SG:guard=1 sane_p=50.0 sane_v=15.0 resume_gap=0.15 | GATE:cost_gate=1 ratio=10.0 n=5 win=20 | min_disparity=0 fardrop_min_near=30 depth_gate=0 | RFIX(staged),banner:T2SGCFG+banner:T2GATECFG+banner:T2RFIXCFG,-,streamguard(b7de133d node 族),FAIL,2.748,,,AGREE,5.581,,,,,1,0,0,,3090,native,3090
run_X5_SE8P_200242,2026-10-06 20:09,3090,B1006,SG:guard=1 sane_p=50.0 sane_v=15.0 resume_gap=0.15 | GATE:cost_gate=1 ratio=10.0 n=5 win=20 | min_disparity=0 fardrop_min_near=30 depth_gate=0 | RFIX(staged),banner:T2SGCFG+banner:T2GATECFG+banner:T2RFIXCFG,-,streamguard(b7de133d node 族),FAIL,7.957,,,AGREE,2.511,,,,,3,0,0,,3090,native,3090
run_X5_SE8P_201000,2026-10-06 20:16,3090,B1006,SG:guard=1 sane_p=50.0 sane_v=15.0 resume_gap=0.15 | GATE:cost_gate=1 ratio=10.0 n=5 win=20 | min_disparity=0 fardrop_min_near=30 depth_gate=0 | RFIX(staged),banner:T2SGCFG+banner:T2GATECFG+banner:T2RFIXCFG,-,streamguard(b7de133d node 族),FAIL,10.034,,,AGREE,2.897,,,,,2,0,0,,3090,native,3090
run_X5_W12O_210523,2026-10-06 21:10,3090,B1006,SG:guard=1 sane_p=50.0 sane_v=15.0 resume_gap=0.15 | GATE:cost_gate=1 ratio=10.0 n=5 win=20 | min_disparity=0 fardrop_min_near=30 depth_gate=0 | RFIX(staged),banner:T2SGCFG+banner:T2GATECFG+banner:T2RFIXCFG,-,streamguard(b7de133d node 族),FAIL,10.4,,,AGREE,0.494,,,,,0,0,0,,3090,native,3090
run_X5_W12O_R2_230824,2026-10-06 23:13,3090,B1006,SG:guard=1 sane_p=50.0 sane_v=15.0 resume_gap=0.15 | GATE:cost_gate=1 ratio=10.0 n=5 win=20 | min_disparity=0 fardrop_min_near=30 depth_gate=0 | RFIX(staged),banner:T2SGCFG+banner:T2GATECFG+banner:T2RFIXCFG,-,streamguard(b7de133d node 族),FAIL,9.548,,,AGREE,0.262,0.0,0.262,transit,2,0,0,0,FAIL,3090,native,3090
run_X5_W12P_211110,2026-10-06 21:16,3090,B1006,SG:guard=1 sane_p=50.0 sane_v=15.0 resume_gap=0.15 | GATE:cost_gate=1 ratio=10.0 n=5 win=20 | min_disparity=0 fardrop_min_near=30 depth_gate=0 | RFIX(staged),banner:T2SGCFG+banner:T2GATECFG+banner:T2RFIXCFG,-,streamguard(b7de133d node 族),FAIL,9.566,,,AGREE,0.256,0.1152,0.347,transit,2,0,0,0,FAIL,3090,native,3090
run_X5_W12P_R2_231417,2026-10-06 23:19,3090,B1006,SG:guard=1 sane_p=50.0 sane_v=15.0 resume_gap=0.15 | GATE:cost_gate=1 ratio=10.0 n=5 win=20 | min_disparity=0 fardrop_min_near=30 depth_gate=0 | RFIX(staged),banner:T2SGCFG+banner:T2GATECFG+banner:T2RFIXCFG,-,streamguard(b7de133d node 族),FAIL,9.8,,,AGREE,4.2,0.0382,4.1652,transit,3,0,0,0,FAIL,3090,native,3090
run_X5_W5O_205640,2026-10-06 21:02,3090,B1006,SG:guard=1 sane_p=50.0 sane_v=15.0 resume_gap=0.15 | GATE:cost_gate=1 ratio=10.0 n=5 win=20 | min_disparity=0 fardrop_min_near=30 depth_gate=0 | RFIX(staged),banner:T2SGCFG+banner:T2GATECFG+banner:T2RFIXCFG,-,streamguard(b7de133d node 族),FAIL,2.707,,,AGREE,3.287,0.7887,3.1237,transit,10,0,0,0,FAIL,3090,native,3090
run_X5_W5P_210249,2026-10-06 21:05,3090,B1006,SG:guard=1 sane_p=50.0 sane_v=15.0 resume_gap=0.15 | GATE:cost_gate=1 ratio=10.0 n=5 win=20 | min_disparity=0 fardrop_min_near=30 depth_gate=0 | RFIX(staged),banner:T2SGCFG+banner:T2GATECFG+banner:T2RFIXCFG,-,streamguard(b7de133d node 族),PASS,0.15,,,AGREE,0.297,0.0,0.2971,transit,0,0,1,1,FAIL,3090,native,3090
run_X5_W8O_193501,2026-10-06 19:40,3090,B1006,SG:guard=1 sane_p=50.0 sane_v=15.0 resume_gap=0.15 | GATE:cost_gate=1 ratio=10.0 n=5 win=20 | min_disparity=0 fardrop_min_near=30 depth_gate=0 | RFIX(staged),banner:T2SGCFG+banner:T2GATECFG+banner:T2RFIXCFG,-,streamguard(b7de133d node 族),FAIL,5.299,,,AGREE,3.579,2.6499,4.0506,mixed,12,0,0,0,FAIL,3090,native,3090
run_X5_W8P_194109,2026-10-06 19:47,3090,B1006,SG:guard=1 sane_p=50.0 sane_v=15.0 resume_gap=0.15 | GATE:cost_gate=1 ratio=10.0 n=5 win=20 | min_disparity=0 fardrop_min_near=30 depth_gate=0 | RFIX(staged),banner:T2SGCFG+banner:T2GATECFG+banner:T2RFIXCFG,-,streamguard(b7de133d node 族),FAIL,6.289,,,DUAL-ANCHOR-DIVERGENT,1.535,,,,,2,0,0,,3090,native,3090
run_health_smoke_1_220521,2026-10-05 22:10,3090,B1005,SG:guard=0 sane_p=1000.0 sane_v=50.0 resume_gap=0.15 | GATE:cost_gate=0 ratio=10.0 n=5 win=20 | min_disparity=0 fardrop_min_near=30 depth_gate=0 | RFIX(staged),banner:T2SGCFG+banner:T2GATECFG+banner:T2RFIXCFG,-,streamguard(b7de133d node 族),FAIL,4.54,3.404,FAIL,-,4.252,,,,,3,0,0,,3090,native,3090
run_health_smoke_2_221729,2026-10-05 22:21,3090,B1005,SG:guard=0 sane_p=1000.0 sane_v=50.0 resume_gap=0.15 | GATE:cost_gate=0 ratio=10.0 n=5 win=20 | min_disparity=0 fardrop_min_near=30 depth_gate=0 | RFIX(staged),banner:T2SGCFG+banner:T2GATECFG+banner:T2RFIXCFG,-,streamguard(b7de133d node 族),FAIL,3.323,3.267,FAIL,-,7.479,,,,,0,0,0,,3090,native,3090
