line,t,tri,rej,xrej,init_replace,gate,ir_st,ir_m2,ir_shift
65,8.712,150,0,0,3,0,3,0,0
180,8.804,169,0,0,24,0,2,22,0
212,8.904,94,0,0,8,0,2,6,0
234,9.004,92,0,0,12,0,4,8,0
252,9.104,96,0,0,7,0,1,6,0
271,9.236,102,0,0,8,0,1,7,0
307,9.372,116,0,0,9,0,3,6,0
338,9.472,121,0,0,9,0,2,7,0
357,9.544,125,0,0,4,0,0,4,0
378,9.672,138,0,0,5,0,2,3,0
403,9.772,153,0,0,12,0,1,11,0
474,9.872,187,0,0,33,0,5,28,0
507,9.972,177,0,0,11,0,2,9,0
563,10.072,151,0,0,11,0,1,10,1
596,10.144,122,0,0,10,0,2,8,0
621,10.244,118,0,0,12,0,2,10,0
654,10.344,117,0,0,7,0,1,6,0
670,10.452,106,0,0,2,0,0,2,0
694,10.552,113,0,0,9,0,2,7,0
716,10.632,117,0,0,8,0,0,8,0
746,10.764,121,0,0,9,0,1,8,2
772,10.896,114,0,0,3,0,0,3,0
803,10.972,106,0,0,11,0,5,6,0
828,11.1,135,0,0,6,0,2,4,0
880,11.232,140,0,0,28,0,2,26,0
910,11.332,119,0,0,9,0,3,6,0
951,11.432,107,0,0,13,0,3,10,0
974,11.532,100,0,0,4,0,1,3,0
995,11.632,106,0,0,6,0,0,6,0
1021,11.732,116,0,0,6,0,1,5,0
1045,11.832,106,0,0,9,0,1,8,0
1067,11.904,112,0,0,5,0,1,4,0
1097,12.032,115,0,0,8,0,0,8,0
1121,12.104,116,0,0,9,0,1,8,0
1147,12.232,134,0,0,9,0,0,9,0
1198,12.336,129,0,0,9,0,0,9,0
1221,12.44,116,0,0,6,0,0,6,0
1249,12.536,120,0,0,6,0,0,6,0
1277,12.636,122,0,0,5,0,1,4,0
1304,12.736,113,0,0,11,0,0,11,0
1328,12.84,113,0,0,7,0,4,3,0
1354,12.94,112,0,0,7,0,0,7,0
1377,13.04,107,0,0,8,0,3,5,0
1399,13.14,114,0,0,5,0,3,2,0
1422,13.24,112,0,0,7,0,1,6,0
1444,13.34,111,0,0,6,0,1,5,0
1469,13.44,118,0,0,6,0,2,4,0
1498,13.572,115,0,0,8,0,1,7,0
1519,13.704,112,0,0,7,0,2,5,0
1541,13.808,113,0,0,3,0,1,2,0
1567,13.908,117,0,0,9,0,1,8,0
1596,14.04,112,0,0,12,0,2,10,0
1618,14.14,106,0,0,5,0,0,5,0
1640,14.24,108,0,0,5,0,0,5,0
1669,14.34,117,0,0,8,0,2,6,0
1696,14.44,115,0,0,9,0,2,7,1
1717,14.54,121,0,0,2,0,0,2,0
1750,14.64,120,0,0,14,0,0,14,0
1784,14.748,117,0,0,7,0,1,6,0
1809,14.856,111,0,0,4,0,1,3,0
1831,14.952,113,0,0,7,0,1,6,0
1857,15.052,115,0,0,6,0,1,5,0
1884,15.152,111,0,0,7,0,3,4,0
1911,15.252,111,0,0,7,0,0,7,0
1936,15.352,118,0,0,5,0,4,1,0
1964,15.452,112,0,0,8,0,1,7,0
1987,15.552,111,0,0,7,0,0,7,0
2015,15.652,115,0,0,14,0,2,12,0
2040,15.752,110,0,0,5,0,0,5,0
2064,15.856,107,0,0,9,0,0,9,0
2085,15.952,106,0,0,6,0,2,4,0
2114,16.052,105,0,0,8,0,2,6,0
2130,16.156,103,0,0,2,0,1,1,0
2156,16.252,105,0,0,10,0,1,9,0
2179,16.352,103,0,0,3,0,1,2,0
2202,16.452,101,0,0,3,0,1,2,0
2232,16.552,105,0,0,9,0,2,7,0
2254,16.656,109,0,0,5,0,2,3,0
2277,16.752,109,0,0,6,0,0,6,0
2300,16.852,110,0,0,5,0,2,3,0
2320,16.952,110,0,0,7,0,0,7,0
2351,17.052,111,0,0,10,0,4,6,0
2372,17.152,106,0,0,4,0,1,3,0
2402,17.252,106,0,0,10,0,0,10,0
2422,17.352,93,0,0,6,0,1,5,0
2445,17.452,95,0,0,9,0,1,8,0
2464,17.552,98,0,0,5,0,3,2,0
2490,17.652,135,0,0,7,0,1,6,0
2542,17.752,138,0,0,9,0,2,7,0
2570,17.856,117,0,0,11,0,1,10,0
2598,17.984,118,0,0,11,0,1,10,0
2627,18.116,110,0,0,8,0,0,8,0
2649,18.216,98,0,0,8,0,0,8,0
2667,18.316,98,0,0,6,0,1,5,0
2693,18.416,100,0,0,6,0,1,5,0
2711,18.516,100,0,0,7,0,1,6,0
2733,18.616,102,0,0,5,0,0,5,0
2755,18.716,96,0,0,6,0,2,4,0
2773,18.816,93,0,0,3,0,0,3,0
2797,18.916,100,0,0,4,0,0,4,0
2816,18.988,101,0,0,5,0,2,3,0
2837,19.116,102,0,0,6,0,1,5,0
2862,19.216,104,0,0,6,0,0,6,0
2890,19.316,102,0,0,11,0,3,8,0
2910,19.416,98,0,0,4,0,1,3,0
2934,19.516,100,0,0,7,0,0,7,0
2954,19.616,97,0,0,6,0,3,3,0
2980,19.716,93,0,0,6,0,1,5,0
3000,19.82,87,0,0,3,0,0,3,0
3024,19.952,114,0,0,7,0,1,6,0
3069,20.052,133,0,0,9,0,3,6,0
3104,20.152,121,0,0,6,0,1,5,0
3134,20.252,98,0,0,5,0,0,5,0
3158,20.352,94,0,0,9,0,2,7,0
3179,20.456,96,0,0,7,0,2,5,0
3209,20.556,105,0,0,7,0,2,5,0
3228,20.652,102,0,0,2,0,1,1,0
3258,20.752,116,0,0,6,0,1,5,0
3281,20.852,107,0,0,13,0,1,12,0
3307,20.952,110,0,0,7,0,1,6,0
3336,21.052,103,0,0,9,0,3,6,0
3361,21.152,100,0,0,3,0,1,2,0
3385,21.256,98,0,0,1,0,1,0,0
3404,21.352,103,0,0,4,0,1,3,0
3427,21.452,104,0,0,10,0,1,9,0
3445,21.552,98,0,0,4,0,0,4,0
3468,21.652,99,0,0,7,0,0,7,0
3493,21.752,94,0,0,5,0,0,5,0
3517,21.852,94,0,0,4,0,2,2,0
3537,21.952,90,0,0,7,0,0,7,0
3562,22.052,87,0,0,10,0,2,8,0
3582,22.192,111,0,0,6,0,3,3,0
3626,22.3,115,0,0,20,0,0,20,0
3650,22.42,92,0,0,8,0,1,7,0
3677,22.552,99,0,0,6,0,1,5,0
3707,22.652,99,0,0,9,0,2,7,0
3729,22.796,97,0,0,7,0,1,6,0
3754,22.896,101,0,0,7,0,0,7,0
3778,23.0,99,0,0,12,0,0,12,0
3802,23.1,92,0,0,13,0,2,11,0
3821,23.192,98,0,0,4,0,1,3,0
3851,23.296,101,0,0,13,0,0,13,0
3876,23.388,93,0,0,8,0,1,7,0
3899,23.516,87,0,0,9,0,2,7,0
3921,23.588,87,0,0,8,0,4,4,0
3947,23.696,90,0,0,4,0,0,4,0
3968,23.796,91,0,0,2,0,1,1,0
3990,23.896,91,0,0,5,0,1,4,0
4012,24.016,89,0,0,9,0,2,7,0
4029,24.116,94,0,0,4,0,1,3,0
4055,24.192,96,0,0,8,0,1,7,0
4080,24.316,93,0,0,10,0,2,8,0
4104,24.388,89,0,0,10,0,2,8,0
4128,24.516,86,0,0,5,0,2,3,0
4145,24.616,88,0,0,5,0,1,4,0
4168,24.716,94,0,0,5,0,0,5,0
4197,24.816,91,0,0,7,0,0,7,0
4212,24.916,86,0,0,3,0,0,3,0
4233,25.016,92,0,0,8,0,3,5,0
4260,25.088,92,0,0,6,0,2,4,0
4281,25.22,88,0,0,5,0,1,4,0
4305,25.352,91,0,0,3,0,0,3,0
4327,25.452,90,0,0,8,0,2,6,0
4347,25.552,89,0,0,11,0,3,8,0
4368,25.652,100,0,0,4,0,0,4,0
4390,25.756,101,0,0,8,0,1,7,0
4419,25.852,99,0,0,8,0,1,7,0
4443,25.952,90,0,0,6,0,1,5,0
4462,26.052,86,0,0,11,0,0,11,0
4485,26.152,83,0,0,9,0,0,9,0
4502,26.252,85,0,0,5,0,4,1,0
4521,26.352,92,0,0,3,0,1,2,0
4542,26.456,95,0,0,5,0,2,3,0
4567,26.552,92,0,0,6,0,0,6,0
4589,26.624,86,0,0,5,0,1,4,0
4605,26.732,88,0,0,4,0,1,3,0
4628,26.852,99,0,0,4,0,1,3,0
4651,26.984,100,0,0,4,0,1,3,0
4679,27.084,97,0,0,11,0,1,10,0
4703,27.184,90,0,0,6,0,1,5,0
4727,27.284,84,0,0,4,0,0,4,0
4741,27.388,91,0,0,2,0,0,2,0
4766,27.488,95,0,0,11,0,3,8,0
4786,27.588,88,0,0,3,0,0,3,0
4806,27.688,84,0,0,3,0,0,3,0
4823,27.792,88,0,0,4,0,1,3,0
4841,27.888,94,0,0,6,0,2,4,0
4865,27.988,95,0,0,1,0,0,1,0
4878,28.088,90,0,0,3,0,1,2,0
4904,28.22,99,0,0,9,0,1,8,0
4923,28.352,92,0,0,7,0,0,7,0
4946,28.452,93,0,0,10,0,2,8,0
4963,28.552,88,0,0,5,0,2,3,0
4984,28.624,88,0,0,9,0,3,6,0
5001,28.752,90,0,0,1,0,1,0,0
5020,28.852,90,0,0,4,0,1,3,0
5041,28.952,90,0,0,3,0,0,3,0
5063,29.052,91,0,0,6,0,1,5,0
5087,29.152,91,0,0,6,0,2,4,0
5110,29.252,95,0,0,4,0,1,3,0
5133,29.324,102,0,0,1,0,1,0,0
5155,29.452,101,0,0,6,0,0,6,0
5180,29.524,102,0,0,5,0,0,5,0
5205,29.652,101,0,0,11,0,2,9,0
5230,29.724,96,0,0,3,0,0,3,0
5248,29.844,92,0,0,3,0,0,3,0
5270,29.928,96,0,0,5,0,2,3,0
5284,30.028,102,0,0,6,0,0,6,0
5310,30.128,103,0,0,14,0,1,13,0
5339,30.256,99,0,0,9,0,4,5,0
5364,30.388,98,0,0,4,0,0,4,0
5384,30.488,98,0,0,1,0,0,1,0
5410,30.588,101,0,0,5,0,2,3,0
5432,30.692,93,0,0,6,0,0,6,0
5456,30.788,101,0,0,4,0,1,3,0
5487,30.888,106,0,0,10,0,2,8,0
5516,30.988,95,0,0,12,0,2,10,0
5535,31.088,97,0,0,4,0,2,2,0
5568,31.188,133,0,0,10,0,4,6,0
5598,31.288,127,0,0,7,0,0,7,1
5628,31.392,142,0,0,1,0,0,1,0
5674,31.488,143,0,0,3,0,0,3,0
5741,31.588,187,0,0,3,0,2,1,0
5826,31.688,191,0,0,0,0,0,0,0
5894,31.788,181,0,0,2,0,1,1,0
5956,31.888,181,0,0,2,0,0,2,1
6011,31.988,183,0,0,2,0,1,1,0
6081,32.088,197,0,0,0,0,0,0,0
6137,32.188,189,0,0,0,0,0,0,0
6189,32.292,168,0,0,1,0,1,0,0
6238,32.388,161,0,0,1,0,0,1,0
6290,32.488,156,0,0,2,0,1,1,0
6337,32.588,160,0,0,0,0,0,0,0
6379,32.688,144,0,0,3,0,0,3,0
6426,32.788,148,0,0,1,0,0,1,0
6469,32.888,138,0,0,2,0,0,2,0
6527,32.988,162,0,0,1,0,1,0,0
6584,33.088,147,0,0,7,0,0,7,0
6632,33.188,158,0,0,5,0,2,3,0
6682,33.288,139,0,0,7,0,2,5,0
6718,33.388,143,0,0,4,0,1,3,0
6761,33.492,123,0,0,5,0,1,4,0
6806,33.588,128,0,0,1,0,1,0,0
6852,33.688,135,0,0,1,0,0,1,0
6894,33.788,126,0,0,4,0,1,3,0
6932,33.888,136,0,0,2,0,1,1,0
6973,33.988,126,0,0,2,0,1,1,0
7020,34.128,129,0,0,1,0,0,1,0
7062,34.252,137,0,0,1,0,0,1,0
7098,34.352,115,0,0,7,0,0,7,0
7120,34.424,97,0,0,1,0,0,1,0
7147,34.552,122,0,0,1,0,1,0,0
7192,34.624,129,0,0,2,0,0,2,0
7230,34.752,127,0,0,4,0,0,4,0
7260,34.852,114,0,0,3,0,2,1,0
7282,34.952,118,0,0,3,0,0,3,0
7316,35.052,126,0,0,3,0,1,2,0
7344,35.152,118,0,0,2,0,0,2,0
7375,35.228,119,0,0,3,0,0,3,0
7405,35.328,119,0,0,2,0,1,1,0
7432,35.452,121,0,0,1,0,1,0,0
7463,35.552,127,0,0,2,0,0,2,0
7492,35.652,123,0,0,3,0,0,3,0
7515,35.752,115,0,0,5,0,0,5,0
7536,35.852,121,0,0,1,0,1,0,0
7563,35.952,131,0,0,1,0,1,0,0
7600,36.052,125,0,0,4,0,1,3,0
7629,36.124,117,0,0,2,0,1,1,0
7656,36.252,119,0,0,4,0,1,3,0
7682,36.352,117,0,0,4,0,0,4,0
7704,36.452,118,0,0,3,0,1,2,0
7734,36.552,115,0,0,4,0,1,3,0
7754,36.624,112,0,0,1,0,0,1,0
7779,36.728,107,0,0,4,0,0,4,0
7804,36.852,106,0,0,2,0,1,1,0
7828,36.952,104,0,0,3,0,1,2,0
7847,37.052,104,0,0,3,0,2,1,0
7868,37.152,100,0,0,3,0,0,3,0
7889,37.252,98,0,0,5,0,1,4,0
7906,37.352,104,0,0,1,0,0,1,0
7926,37.452,107,0,0,1,0,0,1,0
7949,37.552,104,0,0,2,0,0,2,0
7969,37.652,99,0,0,5,0,0,5,0
7991,37.724,98,0,0,0,0,0,0,0
8014,37.852,104,0,0,2,0,0,2,0
8037,37.952,102,0,0,0,0,0,0,0
8059,38.052,102,0,0,3,0,0,3,0
8087,38.152,105,0,0,5,0,2,3,0
8105,38.252,98,0,0,4,0,1,3,0
8123,38.352,99,0,0,3,0,0,3,0
8140,38.452,98,0,0,2,0,0,2,0
8164,38.552,103,0,0,2,0,0,2,0
8182,38.652,97,0,0,2,0,0,2,0
8201,38.752,103,0,0,4,0,2,2,0
8220,38.852,86,0,0,4,0,0,4,0
8229,38.956,78,0,0,0,0,0,0,0
8242,39.052,81,0,0,0,0,0,0,0
8250,39.152,78,0,0,0,0,0,0,0
8272,39.252,112,0,0,0,0,0,0,0
8297,39.352,113,0,0,5,0,3,2,0
8317,39.456,100,0,0,1,0,0,1,0
8337,39.588,103,0,0,5,0,1,4,0
8355,39.688,104,0,0,0,0,0,0,0
8376,39.788,106,0,0,3,0,0,3,0
8398,39.888,103,0,0,3,0,1,2,0
8424,39.988,96,0,0,3,0,0,3,0
8444,40.088,99,0,0,4,0,1,3,0
8463,40.192,103,0,0,2,0,0,2,0
8486,40.288,99,0,0,6,0,1,5,0
8507,40.388,107,0,0,1,0,1,0,0
8531,40.524,111,0,0,5,0,0,5,0
8557,40.624,106,0,0,2,0,1,1,0
8574,40.756,95,0,0,2,0,1,1,0
8586,40.856,85,0,0,1,0,0,1,0
8595,40.988,81,0,0,0,0,0,0,0
8616,41.088,113,0,0,3,0,1,2,0
8647,41.188,110,0,0,3,0,0,3,0
8667,41.288,100,0,0,3,0,1,2,0
8685,41.388,99,0,0,6,0,0,6,0
8709,41.488,100,0,0,2,0,1,1,0
8729,41.588,97,0,0,5,0,1,4,0
8745,41.688,93,0,0,1,0,0,1,0
8761,41.788,94,0,0,3,0,1,2,0
8781,41.888,98,0,0,4,0,1,3,0
8805,41.988,104,0,0,1,0,0,1,0
8825,42.088,98,0,0,2,0,1,1,0
8842,42.188,99,0,0,2,0,0,2,0
8862,42.288,101,0,0,2,0,0,2,0
8885,42.388,101,0,0,3,0,0,3,0
8904,42.488,99,0,0,1,0,1,0,0
8925,42.588,98,0,0,1,0,0,1,0
8945,42.688,98,0,0,3,0,1,2,0
8959,42.788,99,0,0,2,0,1,1,0
8977,42.888,105,0,0,2,0,0,2,0
8999,42.992,106,0,0,5,0,0,5,0
9017,43.088,98,0,0,4,0,1,3,0
9036,43.188,97,0,0,1,0,0,1,0
9054,43.288,103,0,0,3,0,0,3,0
9079,43.388,104,0,0,3,0,0,3,0
9102,43.488,103,0,0,2,0,0,2,0
9124,43.592,102,0,0,6,0,2,4,0
9146,43.688,106,0,0,4,0,1,3,0
9166,43.788,103,0,0,4,0,0,4,0
9190,43.888,96,0,0,1,0,1,0,0
9212,43.988,95,0,0,1,0,1,0,0
9226,44.088,106,0,0,1,0,0,1,0
9248,44.188,109,0,0,4,0,0,4,0
9270,44.292,101,0,0,3,0,0,3,0
9290,44.42,104,0,0,1,0,1,0,0
9315,44.552,105,0,0,1,0,0,1,0
9333,44.652,95,0,0,2,0,1,1,0
9349,44.752,100,0,0,2,0,1,1,0
9369,44.852,109,0,0,2,0,2,0,0
9391,44.952,113,0,0,4,0,1,3,0
9412,45.052,108,0,0,2,0,0,2,0
9437,45.128,106,0,0,4,0,2,2,0
9455,45.232,101,0,0,1,0,0,1,0
9480,45.352,100,0,0,4,0,0,4,0
9498,45.452,97,0,0,2,0,1,1,0
9516,45.524,100,0,0,3,0,0,3,0
9539,45.64,111,0,0,7,0,3,4,0
9563,45.752,118,0,0,2,0,1,1,0
9589,45.852,106,0,0,7,0,1,6,0
9608,45.924,102,0,0,3,0,0,3,0
9638,46.04,101,0,0,3,0,0,3,0
9659,46.152,104,0,0,2,0,0,2,0
9703,46.252,121,0,0,2,0,1,1,0
9746,46.352,105,0,0,3,0,0,3,0
9792,46.424,95,0,0,3,0,2,1,0
9837,46.552,102,0,0,1,0,0,1,0
9884,46.624,104,0,0,4,0,0,4,0
9924,46.752,98,0,0,2,0,1,1,0
9967,46.852,105,0,0,4,0,0,4,0
10011,46.952,103,0,0,3,0,1,2,0
10053,47.052,97,0,0,0,0,0,0,0
10096,47.124,91,0,0,0,0,0,0,0
10165,47.232,130,0,0,2,0,2,0,0
10233,47.352,116,0,0,5,0,0,5,0
10268,47.436,97,0,0,2,0,0,2,0
10324,47.524,102,0,0,3,0,1,2,0
10376,47.652,122,0,0,2,0,0,2,0
10426,47.752,131,0,0,7,0,0,7,0
10462,47.852,120,0,0,7,0,1,6,0
10511,47.952,117,0,0,5,0,2,3,0
10552,48.036,117,0,0,2,0,0,2,0
10599,48.152,126,0,0,3,0,0,3,0
10654,48.252,120,0,0,2,0,0,2,0
10703,48.324,108,0,0,0,0,0,0,0
10740,48.432,99,0,0,1,0,0,1,0
10767,48.552,107,0,0,0,0,0,0,0
10801,48.652,115,0,0,1,0,0,1,0
10835,48.732,105,0,0,3,0,0,3,0
10868,48.836,113,0,0,0,0,0,0,0
10896,48.952,113,0,0,0,0,0,0,0
10931,49.032,120,0,0,3,0,1,2,0
10966,49.152,118,0,0,1,0,0,1,0
11009,49.224,124,0,0,1,0,0,1,0
11047,49.348,117,0,0,3,0,0,3,0
11081,49.452,124,0,0,2,0,1,1,0
11119,49.552,127,0,0,3,0,2,1,0
11156,49.624,126,0,0,1,0,0,1,0
11202,49.728,122,0,0,1,0,0,1,0
11241,49.852,117,0,0,2,0,0,2,0
11283,49.952,118,0,0,2,0,1,1,0
11320,50.052,108,0,0,0,0,0,0,0
11363,50.152,111,0,0,2,0,0,2,0
11405,50.252,108,0,0,2,0,0,2,0
11440,50.352,113,0,0,0,0,0,0,0
11481,50.436,121,0,0,0,0,0,0,0
11518,50.556,115,0,0,1,0,0,1,0
11561,50.688,124,0,0,0,0,0,0,0
11608,50.788,113,0,0,2,0,1,1,0
11650,50.888,112,0,0,1,0,1,0,0
11699,50.988,119,0,0,2,0,1,1,0
11749,51.088,123,0,0,1,0,0,1,0
11795,51.168,110,0,0,1,0,0,1,0
11834,51.288,114,0,0,1,0,0,1,0
11881,51.388,126,0,0,2,0,0,2,0
11926,51.488,132,0,0,1,0,0,1,0
11968,51.588,137,0,0,1,0,1,0,0
12024,51.688,137,0,0,6,0,2,4,0
12065,51.792,119,0,0,3,0,0,3,0
12114,51.888,134,0,0,2,0,1,1,0
12167,51.988,135,0,0,1,0,0,1,0
12209,52.088,137,0,0,3,0,2,1,0
12235,52.188,110,0,0,1,0,0,1,0
12280,52.288,147,0,0,1,0,1,0,0
12342,52.388,143,0,0,5,0,1,4,0
12385,52.488,139,0,0,5,0,1,4,0
12439,52.588,141,0,0,4,0,0,4,0
12480,52.72,151,0,0,4,0,2,2,0
12541,52.852,168,0,0,3,0,2,1,0
12600,52.928,170,0,0,3,0,1,2,0
12648,53.044,178,0,0,5,0,1,4,0
12694,53.132,184,0,0,5,0,1,4,0
12739,53.244,166,0,0,2,0,0,2,0
12782,53.352,178,0,0,1,0,1,0,0
12842,53.456,185,0,0,4,0,1,3,0
12890,53.588,184,0,0,3,0,2,1,0
12945,53.688,204,0,0,6,0,2,4,0
13010,53.788,201,0,0,1,0,0,1,0
13051,53.888,165,0,0,4,0,0,4,0
13099,53.992,194,0,0,2,0,1,1,0
13151,54.088,195,0,0,2,0,0,2,0
13189,54.188,174,0,0,5,0,3,2,0
13237,54.288,189,0,0,2,0,1,1,0
13275,54.388,173,0,0,2,0,0,2,0
13327,54.492,188,0,0,2,0,0,2,0
13375,54.588,161,0,0,5,0,1,4,0
13414,54.688,161,0,0,0,0,0,0,0
13462,54.796,190,0,0,0,0,0,0,0
13493,54.892,155,0,0,2,0,0,2,0
13512,54.992,129,0,0,1,0,0,1,0
13556,55.088,191,0,0,1,0,1,0,0
13622,55.188,188,0,0,4,0,1,3,0
13674,55.3,170,0,0,3,0,1,2,0
13712,55.388,135,0,0,3,0,0,3,0
13749,55.488,161,0,0,1,0,1,0,0
13797,55.588,175,0,0,3,0,0,3,0
13845,55.688,178,0,0,3,0,1,2,0
13900,55.792,182,0,0,3,0,0,3,0
13949,55.888,170,0,0,4,0,2,2,0
13993,56.024,177,0,0,4,0,2,2,0
14041,56.136,194,0,0,4,0,1,3,0
14096,56.252,212,0,0,1,0,1,0,0
14147,56.324,215,0,0,1,0,0,1,0
14199,56.452,208,0,0,4,0,2,2,0
14255,56.556,210,0,0,4,0,1,3,0
14306,56.656,220,0,0,2,0,0,2,0
14353,56.756,240,0,0,4,0,1,3,0
14417,56.888,265,0,0,9,0,3,6,0
14464,56.988,255,0,0,2,0,1,1,0
14522,57.088,267,0,0,1,0,0,1,0
14587,57.188,252,0,0,8,0,4,4,0
14636,57.288,257,0,0,3,0,2,1,0
14697,57.388,260,0,0,4,0,2,2,0
14755,57.488,253,0,0,7,0,3,4,0
14807,57.588,263,0,0,5,0,2,3,0
14867,57.688,288,0,0,7,0,4,3,0
14924,57.8,310,0,0,5,0,1,4,0
14986,57.888,299,0,0,8,0,4,4,0
15038,57.988,312,0,0,7,0,2,5,0
15102,58.088,319,0,0,12,0,5,7,0
15169,58.188,311,0,0,10,0,5,5,0
15224,58.292,310,0,0,5,0,1,4,0
15285,58.392,318,0,0,11,0,6,5,0
15333,58.488,326,0,0,5,0,2,3,0
15370,58.588,341,0,0,11,0,4,7,0
15410,58.688,292,0,0,10,0,0,10,0
15441,58.804,346,0,0,10,0,10,0,0
15516,58.888,372,0,0,22,0,1,21,1
15571,58.988,357,0,0,21,0,5,16,0
15633,59.088,360,0,0,17,0,5,12,0
15685,59.188,370,0,0,11,0,7,4,0
15740,59.288,382,0,0,19,0,5,14,0
15794,59.388,398,0,0,14,0,6,8,0
15856,59.488,408,0,0,13,0,3,10,0
15909,59.588,393,0,0,15,0,9,6,0
15961,59.688,396,0,0,14,0,7,7,0
16025,59.788,429,0,0,14,0,4,10,0
16082,59.892,397,0,0,13,0,3,10,0
16133,59.988,401,0,0,11,0,8,3,0
16187,60.092,415,0,0,19,0,7,12,0
16244,60.192,423,0,0,16,0,8,8,0
16313,60.288,422,0,0,23,0,13,10,0
16365,60.388,411,0,0,16,0,4,12,0
16419,60.488,422,0,0,16,0,7,9,0
16463,60.604,377,0,0,10,0,2,8,0
16507,60.688,422,0,0,13,0,10,3,0
16579,60.788,450,0,0,20,0,8,12,0
16639,60.888,439,0,0,21,0,7,14,0
16685,61.0,435,0,0,10,0,2,8,0
16734,61.088,436,0,0,15,0,3,12,0
16791,61.188,437,0,0,22,0,9,13,0
16842,61.292,434,0,0,20,0,9,11,0
16904,61.388,432,0,0,24,0,9,15,0
16958,61.488,419,0,0,13,0,6,7,0
17012,61.588,418,0,0,13,0,6,7,0
17064,61.688,435,0,0,17,0,7,10,0
17119,61.788,422,0,0,18,0,7,11,0
17173,61.888,430,0,0,14,0,4,10,0
17233,61.996,439,0,0,13,0,7,6,0
17294,62.092,425,0,0,15,0,8,7,0
17348,62.188,424,0,0,13,0,9,4,0
17398,62.288,423,0,0,2,0,1,1,1
17460,62.388,443,0,0,16,0,11,5,0
17520,62.488,445,0,0,14,0,10,4,0
17574,62.588,443,0,0,8,0,6,2,0
17626,62.692,453,0,0,12,0,8,4,0
17691,62.788,451,0,0,7,0,7,0,0
17746,62.888,449,0,0,9,0,9,0,0
17810,62.988,446,0,0,9,0,8,1,0
17866,63.088,436,0,0,6,0,4,2,0
17923,63.192,453,0,0,7,0,6,1,0
17982,63.288,444,0,0,10,0,5,5,0
18044,63.392,430,0,0,5,0,3,2,0
18094,63.488,419,0,0,9,0,9,0,0
18160,63.604,421,0,0,6,0,6,0,0
18217,63.688,417,0,0,6,0,6,0,0
18268,63.788,409,0,0,9,0,6,3,0
18307,63.888,407,0,0,16,0,5,11,0
18363,63.992,424,0,0,5,0,3,2,0
18419,64.088,437,0,0,12,0,6,6,0
18478,64.188,433,0,0,9,0,9,0,0
18536,64.288,437,0,0,14,0,14,0,0
18589,64.388,441,0,0,2,0,2,0,0
18650,64.488,452,0,0,10,0,10,0,0
18711,64.588,442,0,0,4,0,4,0,0
18747,64.688,453,0,0,2,0,2,0,0
18809,64.788,467,0,0,8,0,8,0,0
18865,64.888,460,0,0,6,0,6,0,0
18925,64.988,456,0,0,6,0,6,0,0
18974,65.088,456,0,0,5,0,5,0,0
19039,65.188,466,0,0,13,0,13,0,0
19094,65.288,457,0,0,5,0,5,0,0
19146,65.388,457,0,0,5,0,5,0,0
19196,65.488,461,0,0,4,0,4,0,0
19257,65.572,463,0,0,8,0,8,0,0
19315,65.688,454,0,0,14,0,12,2,0
19363,65.788,435,0,0,5,0,3,2,0
19430,65.888,434,0,0,7,0,7,0,0
19478,65.988,424,0,0,7,0,7,0,0
19538,66.1,419,0,0,3,0,3,0,0
19585,66.188,427,0,0,6,0,6,0,0
19639,66.288,444,0,0,3,0,3,0,0
19702,66.388,440,0,0,6,0,6,0,0
19761,66.46,430,0,0,8,0,8,0,0
19819,66.556,424,0,0,7,0,7,0,0
19875,66.688,437,0,0,6,0,6,0,0
19927,66.804,433,0,0,2,0,2,0,0
19980,66.892,448,0,0,5,0,5,0,0
20056,66.988,454,0,0,12,0,12,0,0
20121,67.088,426,0,0,6,0,6,0,0
20173,67.188,419,0,0,7,0,7,0,0
20227,67.296,421,0,0,4,0,4,0,0
20287,67.388,433,0,0,7,0,7,0,0
20351,67.492,427,0,0,7,0,7,0,0
20406,67.596,419,0,0,9,0,9,0,0
20463,67.692,431,0,0,4,0,4,0,0
20523,67.792,434,0,0,8,0,8,0,0
20582,67.888,421,0,0,7,0,7,0,0
20634,67.988,430,0,0,8,0,8,0,0
20694,68.076,450,0,0,7,0,7,0,0
20750,68.188,461,0,0,9,0,9,0,0
20811,68.288,460,0,0,8,0,8,0,0
20868,68.388,450,0,0,5,0,5,0,0
20930,68.488,450,0,0,7,0,7,0,0
20983,68.588,454,0,0,10,0,10,0,0
21046,68.728,457,0,0,6,0,6,0,0
21105,68.84,445,0,0,9,0,9,0,0
21165,68.94,433,0,0,6,0,6,0,0
21211,69.032,433,0,0,5,0,5,0,0
21265,69.136,433,0,0,7,0,7,0,0
21322,69.252,430,0,0,5,0,5,0,0
21381,69.332,425,0,0,2,0,2,0,0
21433,69.452,418,0,0,5,0,5,0,0
21485,69.524,422,0,0,5,0,5,0,0
21538,69.628,423,0,0,4,0,4,0,0
21597,69.748,422,0,0,12,0,12,0,0
21658,69.824,416,0,0,6,0,6,0,0
21712,69.94,426,0,0,7,0,7,0,0
21779,70.052,422,0,0,10,0,10,0,0
21833,70.128,412,0,0,8,0,8,0,0
21894,70.228,412,0,0,8,0,8,0,0
21949,70.324,414,0,0,6,0,6,0,0
22004,70.44,427,0,0,5,0,5,0,0
22075,70.552,412,0,0,6,0,6,0,0
22139,70.652,397,0,0,10,0,10,0,0
22186,70.752,393,0,0,6,0,6,0,0
22240,70.852,407,0,0,9,0,9,0,0
22300,70.928,408,0,0,5,0,5,0,0
22358,71.028,402,0,0,5,0,5,0,0
22416,71.124,409,0,0,5,0,5,0,0
22475,71.24,422,0,0,7,0,7,0,0
22539,71.324,418,0,0,11,0,8,3,0
22587,71.436,411,0,0,9,0,8,1,0
22647,71.552,413,0,0,8,0,7,1,0
22698,71.632,422,0,0,8,0,8,0,0
22749,71.752,441,0,0,7,0,7,0,0
22817,71.836,442,0,0,6,0,6,0,0
22871,71.952,434,0,0,5,0,5,0,0
22931,72.052,441,0,0,6,0,6,0,0
22997,72.124,432,0,0,9,0,5,4,0
23055,72.236,413,0,0,15,0,9,6,0
23111,72.356,416,0,0,14,0,9,5,0
23166,72.488,415,0,0,11,0,11,0,0
23219,72.588,431,0,0,9,0,9,0,0
23270,72.688,442,0,0,8,0,8,0,0
23333,72.792,435,0,0,11,0,11,0,0
23401,72.892,433,0,0,13,0,12,1,0
23459,72.988,417,0,0,7,0,7,0,0
23518,73.088,406,0,0,9,0,7,2,0
23566,73.22,403,0,0,7,0,4,3,0
23624,73.332,414,0,0,11,0,8,3,0
23677,73.428,412,0,0,12,0,8,4,0
23731,73.524,414,0,0,7,0,7,0,0
23796,73.652,415,0,0,9,0,8,1,0
23847,73.724,401,0,0,4,0,3,1,0
23899,73.84,407,0,0,10,0,10,0,0
23965,73.952,424,0,0,10,0,10,0,0
24027,74.028,407,0,0,28,0,8,20,0
24082,74.136,397,0,0,18,0,8,10,0
24144,74.252,400,0,0,13,0,9,4,0
24199,74.336,406,0,0,10,0,6,4,0
24257,74.424,410,0,0,4,0,3,1,0
24303,74.544,414,0,0,5,0,5,0,0
24359,74.652,433,0,0,8,0,8,0,0
24421,74.736,432,0,0,9,0,9,0,0
24485,74.836,413,0,0,7,0,7,0,0
24531,74.952,409,0,0,7,0,5,2,0
24581,75.052,427,0,0,12,0,8,4,0
24646,75.128,433,0,0,15,0,6,9,0
24703,75.252,424,0,0,5,0,5,0,0
24752,75.352,443,0,0,8,0,8,0,0
24808,75.452,452,0,0,5,0,5,0,0
24858,75.552,448,0,0,4,0,4,0,0
24916,75.652,438,0,0,12,0,12,0,0
24970,75.732,441,0,0,7,0,7,0,0
25033,75.856,443,0,0,5,0,5,0,0
25081,75.992,444,0,0,6,0,6,0,0
25136,76.1,442,0,0,3,0,3,0,0
25191,76.188,440,0,0,5,0,5,0,0
25240,76.288,454,0,0,10,0,10,0,0
25296,76.388,465,0,0,7,0,7,0,0
25362,76.488,450,0,0,8,0,8,0,0
25421,76.588,418,0,0,7,0,7,0,0
25469,76.688,412,0,0,6,0,6,0,0
25521,76.788,419,0,0,5,0,5,0,0
25579,76.888,417,0,0,4,0,4,0,0
25631,76.988,411,0,0,5,0,5,0,0
25687,77.068,403,0,0,8,0,8,0,0
25751,77.188,400,0,0,7,0,7,0,0
25804,77.288,392,0,0,5,0,5,0,0
25872,77.388,376,0,0,5,0,5,0,0
25925,77.488,360,0,0,3,0,3,0,0
25977,77.588,379,0,0,6,0,6,0,0
26036,77.688,400,0,0,11,0,10,1,0
26102,77.792,387,0,0,11,0,7,4,0
26164,77.92,384,0,0,12,0,11,1,0
26228,78.052,377,0,0,10,0,10,0,0
26283,78.152,390,0,0,11,0,11,0,0
26345,78.252,405,0,0,9,0,9,0,0
26392,78.34,406,0,0,2,0,2,0,0
26449,78.452,432,0,0,8,0,7,1,0
26504,78.528,441,0,0,3,0,2,1,0
26567,78.644,441,0,0,11,0,10,1,0
26625,78.756,424,0,0,10,0,7,3,0
26677,78.888,428,0,0,8,0,8,0,0
26727,78.968,448,0,0,9,0,8,1,0
26783,79.088,455,0,0,6,0,6,0,0
26841,79.188,456,0,0,8,0,8,0,0
26903,79.288,447,0,0,5,0,5,0,0
26955,79.388,445,0,0,5,0,5,0,0
27024,79.488,430,0,0,9,0,9,0,0
27074,79.588,401,0,0,7,0,6,1,0
27128,79.688,400,0,0,8,0,5,3,0
27177,79.788,407,0,0,9,0,9,0,0
27239,79.892,411,0,0,6,0,6,0,0
27298,79.988,384,0,0,8,0,8,0,0
27349,80.088,390,0,0,10,0,10,0,0
27413,80.188,398,0,0,7,0,7,0,0
27475,80.288,404,0,0,10,0,10,0,0
27539,80.388,400,0,0,4,0,4,0,0
27594,80.488,404,0,0,8,0,8,0,0
27665,80.592,414,0,0,12,0,9,3,0
27723,80.688,408,0,0,23,0,11,12,0
27769,80.788,392,0,0,27,0,5,22,0
27837,80.888,394,0,0,5,0,5,0,0
27888,80.988,407,0,0,6,0,5,1,0
27943,81.088,430,0,0,6,0,6,0,0
28005,81.188,429,0,0,14,0,14,0,0
28056,81.272,419,0,0,9,0,7,2,0
28118,81.388,416,0,0,8,0,4,4,0
28173,81.488,422,0,0,12,0,7,5,0
28229,81.576,422,0,0,13,0,5,8,0
28288,81.688,423,0,0,11,0,4,7,0
28340,81.788,420,0,0,5,0,2,3,0
28403,81.888,416,0,0,14,0,10,4,0
28449,81.988,399,0,0,17,0,6,11,0
28505,82.088,396,0,0,7,0,5,2,0
28558,82.188,389,0,0,15,0,10,5,0
28620,82.288,387,0,0,9,0,8,1,0
28672,82.388,391,0,0,10,0,4,6,0
28735,82.5,390,0,0,11,0,5,6,0
28780,82.616,388,0,0,19,0,9,10,0
28843,82.7,397,0,0,17,0,8,9,0
28896,82.82,398,0,0,18,0,5,13,0
28948,82.932,406,0,0,24,0,4,20,0
29004,83.032,415,0,0,13,0,4,9,0
29066,83.172,415,0,0,21,0,9,12,0
29123,83.248,402,0,0,16,0,6,10,0
29175,83.364,406,0,0,14,0,2,12,0
29224,83.464,412,0,0,32,0,3,29,0
29291,83.564,418,0,0,35,0,8,27,0
29344,83.664,398,0,0,19,0,4,15,0
29398,83.748,407,0,0,15,0,6,9,0
29458,83.864,403,0,0,4,0,4,0,0
29509,83.968,401,0,0,11,0,9,2,0
29565,84.06,396,0,0,6,0,6,0,0
29617,84.168,392,0,0,5,0,5,0,0
29682,84.264,402,0,0,11,0,9,2,0
29736,84.364,391,0,0,8,0,8,0,0
29792,84.464,405,0,0,12,0,11,1,0
29855,84.564,409,0,0,9,0,8,1,0
29914,84.664,401,0,0,19,0,7,12,0
29967,84.764,396,0,0,4,0,4,0,0
30020,84.864,426,0,0,11,0,11,0,0
30083,84.964,418,0,0,6,0,6,0,0
30133,85.064,424,0,0,8,0,8,0,0
30201,85.164,424,0,0,6,0,6,0,0
30259,85.264,410,0,0,9,0,9,0,0
30308,85.364,418,0,0,6,0,6,0,0
30360,85.464,422,0,0,7,0,6,1,0
30415,85.564,422,0,0,14,0,7,7,0
30471,85.664,433,0,0,9,0,8,1,0
30528,85.764,439,0,0,7,0,7,0,0
30586,85.844,425,0,0,10,0,9,1,0
30641,85.964,430,0,0,7,0,7,0,0
30695,86.064,426,0,0,8,0,8,0,0
30751,86.168,437,0,0,9,0,9,0,0
30814,86.264,435,0,0,11,0,9,2,0
30870,86.364,430,0,0,9,0,6,3,0
30927,86.464,414,0,0,22,0,7,15,0
30976,86.564,419,0,0,11,0,6,5,0
31042,86.664,429,0,0,16,0,7,9,0
31108,86.764,407,0,0,4,0,4,0,0
31167,86.864,407,0,0,5,0,5,0,0
31225,86.964,416,0,0,8,0,8,0,0
31282,87.064,416,0,0,7,0,7,0,0
31336,87.164,419,0,0,4,0,4,0,0
31386,87.264,430,0,0,5,0,5,0,0
31445,87.364,433,0,0,8,0,6,2,0
31502,87.464,425,0,0,13,0,9,4,0
31554,87.564,428,0,0,3,0,3,0,0
31609,87.668,429,0,0,2,0,2,0,0
31673,87.748,429,0,0,5,0,5,0,0
31731,87.868,417,0,0,4,0,4,0,0
31784,88.004,411,0,0,8,0,8,0,0
31837,88.108,408,0,0,4,0,4,0,0
31894,88.22,415,0,0,8,0,7,1,0
31952,88.3,417,0,0,4,0,2,2,0
32014,88.444,415,0,0,12,0,6,6,0
32067,88.564,409,0,0,8,0,7,1,0
32130,88.664,412,0,0,6,0,6,0,0
32191,88.764,401,0,0,10,0,10,0,0
32254,88.864,394,0,0,6,0,6,0,0
32313,88.964,396,0,0,6,0,6,0,0
32371,89.048,392,0,0,10,0,9,1,0
32429,89.168,392,0,0,7,0,7,0,0
32481,89.264,381,0,0,5,0,4,1,0
32544,89.364,380,0,0,17,0,10,7,0
32608,89.464,358,0,0,5,0,5,0,0
32662,89.564,363,0,0,7,0,7,0,0
32709,89.664,388,0,0,9,0,9,0,0
32767,89.764,407,0,0,4,0,4,0,0
32822,89.864,416,14,0,0,0,0,0,0
32880,89.964,430,22,0,0,0,0,0,0
32934,90.052,437,11,0,0,0,0,0,0
32992,90.164,441,43,0,0,0,0,0,0
33056,90.264,459,50,0,0,0,0,0,0
33127,90.364,474,55,0,0,0,0,0,0
33194,90.464,486,46,0,0,0,0,0,0
33255,90.564,497,45,0,0,0,0,0,0
33319,90.664,496,47,0,0,0,0,0,0
33386,90.764,494,51,0,0,0,0,0,0
33452,90.868,492,47,0,0,0,0,0,0
33514,90.964,500,40,0,0,0,0,0,0
33590,91.064,511,40,0,0,0,0,0,0
33655,91.164,500,50,0,0,0,0,0,0
33710,91.268,507,34,0,0,0,0,0,0
33782,91.348,512,57,0,0,0,0,0,0
33847,91.464,513,24,0,0,0,0,0,0
33919,91.568,488,35,0,0,0,0,0,0
33968,91.7,477,21,0,0,0,0,0,0
34033,91.82,482,18,0,0,0,0,0,0
34088,91.932,473,16,0,0,0,0,0,0
34137,92.064,476,14,0,0,0,0,0,0
34190,92.164,470,15,0,0,0,0,0,0
34248,92.236,475,27,0,0,0,0,0,0
34307,92.364,469,39,0,0,0,0,0,0
34364,92.464,466,47,0,0,0,0,0,0
34439,92.564,470,51,0,0,0,0,0,0
34497,92.664,464,44,0,0,0,0,0,0
34567,92.764,474,57,0,0,0,0,0,0
34646,92.864,474,59,0,0,0,0,0,0
34716,92.964,481,52,0,0,0,0,0,0
34790,93.06,481,53,0,0,0,0,0,0
34849,93.164,481,41,0,0,0,0,0,0
34923,93.268,493,63,0,0,0,0,0,1
34990,93.408,498,49,0,0,0,0,0,0
35058,93.508,508,55,0,0,0,0,0,0
35124,93.604,513,59,0,0,0,0,0,0
35189,93.72,530,51,0,0,0,0,0,0
35264,93.832,524,59,0,0,0,0,0,0
35331,93.964,531,57,0,0,0,0,0,0
35395,94.064,535,54,0,0,0,0,0,0
35472,94.14,536,66,0,0,0,0,0,0
35545,94.264,519,59,0,0,0,0,0,0
35605,94.368,510,50,0,0,0,0,0,0
35658,94.468,537,43,0,0,0,0,0,0
35726,94.564,553,56,0,0,0,0,0,0
35792,94.664,556,36,0,0,0,0,0,0
35865,94.764,536,28,0,0,0,0,0,0
35923,94.844,521,20,0,0,0,0,0,0
35978,94.968,513,18,0,0,0,0,0,0
36034,95.116,504,12,0,0,0,0,0,0
36087,95.204,501,17,0,0,0,0,0,0
36142,95.308,505,14,0,0,0,0,0,0
36197,95.4,501,17,0,0,0,0,0,0
36248,95.52,478,13,0,0,0,0,0,0
36295,95.632,460,16,0,0,0,0,0,0
36356,95.764,467,10,0,0,0,0,0,0
36421,95.868,464,15,0,0,0,0,0,0
36481,95.956,455,19,0,0,0,0,0,0
36541,96.064,461,18,0,0,0,0,0,0
36600,96.164,464,14,0,0,0,0,0,0
36661,96.264,455,31,0,0,0,0,0,0
36709,96.364,458,37,0,0,0,0,0,0
36773,96.464,478,28,0,0,0,0,0,0
36845,96.564,471,42,0,0,0,0,0,0
36906,96.664,468,36,0,0,0,0,0,0
36975,96.752,464,18,0,0,0,0,0,0
37041,96.864,443,11,0,0,0,0,0,0
37094,96.952,430,15,0,0,0,0,0,0
37140,97.064,435,15,0,0,0,0,0,0
37197,97.164,436,33,0,0,0,0,0,0
37255,97.268,439,38,0,0,0,0,0,0
37310,97.364,460,39,0,0,0,0,0,0
37383,97.44,469,50,0,0,0,0,0,0
37446,97.564,469,40,0,0,0,0,0,0
37515,97.664,475,44,0,0,0,0,0,0
37575,97.764,480,41,0,0,0,0,0,0
37643,97.864,501,38,0,0,0,0,0,0
37700,97.964,505,30,0,0,0,0,0,0
37773,98.064,506,51,0,0,0,0,0,1
37838,98.164,504,30,0,0,0,0,0,1
37894,98.248,506,40,0,0,0,0,0,0
37951,98.344,512,34,0,0,0,0,0,0
38017,98.448,511,49,0,0,0,0,0,0
38077,98.564,519,45,0,0,0,0,0,0
38160,98.664,515,51,0,0,0,0,0,0
38217,98.764,491,33,0,0,0,0,0,0
38279,98.864,487,28,0,0,0,0,0,0
38341,98.964,480,27,0,0,0,0,0,0
38407,99.064,474,21,0,0,0,0,0,0
38461,99.152,464,22,0,0,0,0,0,1
38508,99.264,474,28,0,0,0,0,0,0
38568,99.336,487,46,0,0,0,0,0,1
38631,99.468,499,41,0,0,0,0,0,0
38686,99.556,506,34,0,0,0,0,0,0
38762,99.664,509,44,0,0,0,0,0,0
38820,99.764,512,43,0,0,0,0,0,0
38883,99.836,508,52,0,0,0,0,0,0
38942,99.964,514,40,0,0,0,0,0,0
39010,100.064,522,56,0,0,0,0,0,0
39076,100.164,527,52,0,0,0,0,0,0
39146,100.264,534,55,0,0,0,0,0,0
39206,100.364,533,47,0,0,0,0,0,0
39271,100.464,541,55,0,0,0,0,0,0
39343,100.58,530,60,0,0,0,0,0,0
39409,100.704,536,53,0,0,0,0,0,0
39471,100.812,557,44,0,0,0,0,0,0
39547,100.912,561,63,0,0,0,0,0,0
39607,101.0,563,52,0,0,0,0,0,0
39672,101.104,571,47,0,0,0,0,0,0
39747,101.212,574,26,0,0,0,0,0,0
39813,101.316,551,22,0,0,0,0,0,0
39859,101.424,536,8,0,0,0,0,0,0
39919,101.532,528,8,0,0,0,0,0,0
39969,101.664,515,9,0,0,0,0,0,0
40021,101.764,502,11,0,0,0,0,0,0
40068,101.836,485,17,0,0,0,0,0,0
40121,101.964,492,25,0,0,0,0,0,0
40175,102.064,498,23,0,0,0,0,0,0
40229,102.164,496,17,0,0,0,0,0,0
40292,102.264,480,38,0,0,0,0,0,0
40347,102.364,471,38,0,0,0,0,0,0
40413,102.464,467,24,0,0,0,0,0,0
40480,102.564,454,30,0,0,0,0,0,0
40524,102.664,451,34,0,0,0,0,0,0
40585,102.764,472,37,0,0,0,0,0,0
40651,102.864,476,50,0,0,0,0,0,0
40712,102.948,484,45,0,0,0,0,0,0
40788,103.064,487,48,0,0,0,0,0,0
40860,103.168,471,53,0,0,0,0,0,0
40935,103.264,478,52,0,0,0,0,0,0
41000,103.364,478,48,0,0,0,0,0,0
41070,103.464,492,54,0,0,0,0,0,0
41150,103.564,485,59,0,0,0,0,0,0
41219,103.664,480,47,0,0,0,0,0,2
41275,103.768,489,43,0,0,0,0,0,0
41344,103.864,504,45,0,0,0,0,0,0
41416,103.94,499,49,0,0,0,0,0,0
41489,104.064,486,47,0,0,0,0,0,0
41553,104.148,492,42,0,0,0,0,0,0
41615,104.264,498,39,0,0,0,0,0,0
41673,104.364,513,45,0,0,0,0,0,0
41740,104.464,515,47,0,0,0,0,0,0
41798,104.564,530,44,0,0,0,0,0,0
41866,104.664,543,53,0,0,0,0,0,0
41916,104.764,551,37,0,0,0,0,0,0
41988,104.868,554,67,0,0,0,0,0,0
42056,104.964,556,58,0,0,0,0,0,0
42122,105.076,562,52,0,0,0,0,0,0
42190,105.168,562,52,0,0,0,0,0,0
42250,105.268,560,48,0,0,0,0,0,0
42314,105.344,563,50,0,0,0,0,0,0
42384,105.464,572,50,0,0,0,0,0,0
42448,105.564,571,39,0,0,0,0,0,0
42522,105.64,554,53,0,0,0,0,0,0
42578,105.764,533,39,0,0,0,0,0,0
42648,105.864,533,42,0,0,0,0,0,0
42716,105.972,516,39,0,0,0,0,0,0
42769,106.068,506,32,0,0,0,0,0,0
42829,106.14,507,38,0,0,0,0,0,0
42885,106.264,502,33,0,0,0,0,0,0
42947,106.364,497,31,0,0,0,0,0,0
43008,106.464,489,23,0,0,0,0,0,0
43058,106.564,478,33,0,0,0,0,0,1
43116,106.664,484,39,0,0,0,0,0,0
43180,106.764,508,46,0,0,0,0,0,0
43243,106.848,503,44,0,0,0,0,0,0
43306,106.964,511,41,0,0,0,0,0,0
43383,107.036,506,59,0,0,0,0,0,1
43447,107.164,507,51,0,0,0,0,0,0
43510,107.264,517,45,0,0,0,0,0,0
43567,107.364,520,48,0,0,0,0,0,0
43630,107.468,532,44,0,0,0,0,0,0
43693,107.6,540,43,0,0,0,0,0,0
43758,107.7,546,44,0,0,0,0,0,0
43823,107.82,541,45,0,0,0,0,0,0
43890,107.916,549,45,0,0,0,0,0,0
43945,108.032,545,21,0,0,0,0,0,0
44010,108.132,548,26,0,0,0,0,0,0
44070,108.264,532,21,0,0,0,0,0,0
44120,108.364,517,22,0,0,0,0,0,0
44168,108.464,503,30,0,0,0,0,0,0
44228,108.54,497,43,0,0,0,0,0,0
44287,108.668,494,44,0,0,0,0,0,0
44349,108.764,504,44,0,0,0,0,0,0
44411,108.864,514,45,0,0,0,0,0,0
44475,108.964,515,24,0,0,0,0,0,0
44535,109.068,506,17,0,0,0,0,0,0
44599,109.204,492,13,0,0,0,0,0,0
44650,109.3,499,21,0,0,0,0,0,0
44712,109.404,511,28,0,0,0,0,0,0
44772,109.508,514,19,0,0,0,0,0,0
44838,109.608,508,29,0,0,0,0,0,0
44895,109.708,502,21,0,0,0,0,0,0
44945,109.808,489,16,0,0,0,0,0,0
44995,109.904,482,8,0,0,0,0,0,0
45058,110.0,477,24,0,0,0,0,0,0
45114,110.112,466,10,0,0,0,0,0,0
45172,110.208,463,18,0,0,0,0,0,0
45223,110.32,461,37,0,0,0,0,0,0
45281,110.4,481,36,0,0,0,0,0,0
45350,110.5,489,27,0,0,0,0,0,0
45405,110.612,475,30,0,0,0,0,0,0
45476,110.7,482,21,0,0,0,0,0,0
45519,110.8,476,12,0,0,0,0,0,0
45588,110.904,480,16,0,0,0,0,0,0
45640,111.0,450,10,0,0,0,0,0,0
45698,111.112,455,16,0,0,0,0,0,0
45754,111.2,447,11,0,0,0,0,0,0
45808,111.308,444,9,0,0,0,0,0,0
45866,111.42,439,11,0,0,0,0,0,0
45917,111.532,432,10,0,0,0,0,0,0
45974,111.672,441,19,0,0,0,0,0,0
46031,111.804,443,16,0,0,0,0,0,0
46087,111.904,454,17,0,0,0,0,0,0
46156,112.02,449,24,0,0,0,0,0,0
46208,112.116,434,23,0,0,0,0,0,0
46253,112.208,453,21,0,0,0,0,0,0
46329,112.304,467,25,0,0,0,0,0,0
46379,112.4,461,19,0,0,0,0,0,0
46438,112.508,475,30,0,0,0,0,0,0
46491,112.612,491,18,0,0,0,0,0,0
46553,112.708,496,26,0,0,0,0,0,0
46619,112.832,492,35,0,0,0,0,0,0
46676,112.908,500,36,0,0,0,0,0,0
46747,113.0,508,49,0,0,0,0,0,0
46814,113.112,518,43,0,0,0,0,0,0
46882,113.208,517,36,0,0,0,0,0,0
46941,113.304,517,18,0,0,0,0,0,0
46997,113.42,526,14,0,0,0,0,0,0
47058,113.508,519,16,0,0,0,0,0,0
47115,113.604,503,11,0,0,0,0,0,0
47182,113.712,482,16,0,0,0,0,0,0
47238,113.812,461,12,0,0,0,0,0,0
47292,113.9,454,8,0,0,0,0,0,0
47346,114.012,453,13,0,0,0,0,0,0
47404,114.108,450,15,0,0,0,0,0,0
47461,114.2,440,20,0,0,0,0,0,0
47517,114.3,443,24,0,0,0,0,0,0
47577,114.42,443,20,0,0,0,0,0,0
47634,114.5,435,21,0,0,0,0,0,0
47698,114.62,439,24,0,0,0,0,0,0
47766,114.7,449,21,0,0,0,0,0,0
47838,114.8,450,25,0,0,0,0,0,0
47904,114.9,447,27,0,0,0,0,0,0
47962,115.012,442,22,0,0,0,0,0,0
48024,115.116,449,26,0,0,0,0,0,0
48089,115.204,451,31,0,0,0,0,0,0
48144,115.32,458,15,0,0,0,0,0,0
48209,115.4,460,24,0,0,0,0,0,0
48249,115.5,456,14,0,0,0,0,0,0
48308,115.616,478,22,0,0,0,0,0,0
48373,115.704,481,20,0,0,0,0,0,0
48425,115.804,483,18,0,0,0,0,0,0
48494,115.9,495,21,0,0,0,0,0,0
48551,116.008,486,22,0,0,0,0,0,0
48600,116.1,493,36,0,0,0,0,0,0
48656,116.2,518,15,0,0,0,0,0,0
48715,116.312,523,17,0,0,0,0,0,0
48775,116.4,506,18,0,0,0,0,0,0
48830,116.5,496,20,0,0,0,0,0,0
48890,116.612,480,24,0,0,0,0,0,0
48958,116.704,471,33,0,0,0,0,0,0
49011,116.82,478,34,0,0,0,0,0,0
49080,116.9,486,39,0,0,0,0,0,0
49140,117.008,490,44,0,0,0,0,0,0
49205,117.104,503,38,0,0,0,0,0,0
49274,117.216,496,37,0,0,0,0,0,0
49332,117.312,482,32,0,0,0,0,0,0
49395,117.404,486,32,0,0,0,0,0,0
49448,117.512,485,18,0,0,0,0,0,0
49506,117.6,497,22,0,0,0,0,0,0
49578,117.68,500,26,0,0,0,0,0,0
49634,117.804,493,29,0,0,0,0,0,0
49689,117.912,504,29,0,0,0,0,0,0
49752,118.012,512,21,0,0,0,0,0,0
49814,118.108,497,45,0,0,0,0,0,0
49871,118.224,505,28,0,0,0,0,0,0
49938,118.3,504,25,0,0,0,0,0,0
49994,118.408,500,31,0,0,0,0,0,0
50055,118.5,502,27,0,0,0,0,0,0
50118,118.608,485,25,0,0,0,0,0,0
50170,118.736,488,22,0,0,0,0,0,0
50228,118.864,513,33,0,0,0,0,0,0
50300,118.968,519,39,0,0,0,0,0,0
50363,119.056,503,42,0,0,0,0,0,0
50419,119.164,514,28,0,0,0,0,0,0
50495,119.264,516,47,0,0,0,0,0,0
50553,119.364,517,34,0,0,0,0,0,0
50615,119.468,511,29,0,0,0,0,0,0
50679,119.604,515,25,0,0,0,0,0,0
50743,119.708,521,34,0,0,0,0,0,0
50798,119.816,527,31,0,0,0,0,0,0
50868,119.912,522,38,0,0,0,0,0,0
50922,120.04,516,29,0,0,0,0,0,0
50981,120.164,529,49,0,0,0,0,0,0
51037,120.264,536,40,0,0,0,0,0,0
51106,120.364,547,30,0,0,0,0,0,0
51177,120.464,535,18,0,0,0,0,0,0
51228,120.544,512,15,0,0,0,0,0,0
51292,120.664,511,25,0,0,0,0,0,0
51343,120.78,504,21,0,0,0,0,0,0
51390,120.904,520,23,0,0,0,0,0,0
51456,121.016,530,34,0,0,0,0,0,0
51513,121.112,526,31,0,0,0,0,0,0
51572,121.2,528,34,0,0,0,0,0,0
51640,121.316,526,44,0,0,0,0,0,0
51707,121.416,513,43,0,0,0,0,0,0
51772,121.508,509,37,0,0,0,0,0,0
51837,121.608,510,36,0,0,0,0,0,0
51895,121.704,520,22,0,0,0,0,0,0
51946,121.8,512,12,0,0,0,0,0,0
52008,121.916,501,13,0,0,0,0,0,0
52050,122.008,491,10,0,0,0,0,0,0
52105,122.132,503,17,0,0,0,0,0,0
52173,122.268,502,22,0,0,0,0,0,0
52229,122.364,492,12,0,0,0,0,0,0
52284,122.464,491,23,0,0,0,0,0,0
52347,122.564,496,29,0,0,0,0,0,0
52396,122.664,502,11,0,0,0,0,0,0
52467,122.74,495,23,0,0,0,0,0,0
52526,122.864,479,14,0,0,0,0,0,0
52585,122.964,483,15,0,0,0,0,0,0
52639,123.064,482,21,0,0,0,0,0,0
52696,123.164,484,18,0,0,0,0,0,0
52759,123.264,490,14,0,0,0,0,0,0
52815,123.352,482,19,0,0,0,0,0,0
52871,123.464,491,27,0,0,0,0,0,0
52925,123.564,506,26,0,0,0,0,0,0
53002,123.664,513,35,0,0,0,0,0,0
53067,123.764,493,28,0,0,0,0,0,0
53138,123.864,468,26,0,0,0,0,0,0
53185,123.968,461,15,0,0,0,0,0,0
53249,124.068,475,22,0,0,0,0,0,0
53315,124.168,463,24,0,0,0,0,0,0
53380,124.304,449,35,0,0,0,0,0,0
53438,124.404,444,24,0,0,0,0,0,0
53494,124.5,444,34,0,0,0,0,0,0
53555,124.6,446,25,0,0,0,0,0,0
53616,124.7,443,34,0,0,0,0,0,0
53689,124.808,459,40,0,0,0,0,0,0
53752,124.92,466,11,0,0,0,0,0,0
53814,125.032,463,18,0,0,0,0,0,0
53867,125.164,453,5,0,0,0,0,0,0
53923,125.264,464,10,0,0,0,0,0,0
53977,125.364,463,11,0,0,0,0,0,0
54031,125.464,470,15,0,0,0,0,0,0
54083,125.58,470,11,0,0,0,0,0,0
54140,125.712,474,28,0,0,0,0,0,0
54202,125.8,471,25,0,0,0,0,0,0
54257,125.908,470,18,0,0,0,0,0,0
54317,126.0,471,14,0,0,0,0,0,0
54375,126.108,459,13,0,0,0,0,0,0
54433,126.208,470,27,0,0,0,0,0,0
54491,126.3,460,14,0,0,0,0,0,0
54552,126.412,456,25,0,0,0,0,0,0
54609,126.524,460,21,0,0,0,0,0,0
54670,126.608,466,26,0,0,0,0,0,0
54730,126.712,466,31,0,0,0,0,0,0
54799,126.832,472,27,0,0,0,0,0,0
54866,126.964,470,19,0,0,0,0,0,0
54929,127.064,458,24,0,0,0,0,0,0
54986,127.136,465,20,0,0,0,0,0,0
55036,127.264,475,11,0,0,0,0,0,0
55095,127.364,487,18,0,0,0,0,0,0
55161,127.464,489,19,0,0,0,0,0,0
55221,127.552,488,21,0,0,0,0,0,0
55267,127.664,493,15,0,0,0,0,0,0
55323,127.74,502,36,0,0,0,0,0,0
55381,127.864,518,29,0,0,0,0,0,0
55445,127.964,526,24,0,0,0,0,0,0
55508,128.036,529,18,0,0,0,0,0,0
55563,128.164,524,10,0,0,0,0,0,0
55626,128.268,516,10,0,0,0,0,0,0
55675,128.364,493,14,0,0,0,0,0,0
55735,128.444,495,23,0,0,0,0,0,0
55793,128.568,499,24,0,0,0,0,0,0
55863,128.704,491,32,0,0,0,0,0,0
55927,128.808,477,31,0,0,0,0,0,0
55983,128.9,467,22,0,0,0,0,0,0
56039,129.024,467,12,0,0,0,0,0,0
56100,129.132,447,24,0,0,0,0,0,0
56155,129.264,455,25,0,0,0,0,0,0
56214,129.364,474,27,0,0,0,0,0,0
56276,129.484,485,31,0,0,0,0,0,0
56329,129.604,501,24,0,0,0,0,0,0
56398,129.716,509,49,0,0,0,0,0,0
56453,129.804,511,31,0,0,0,0,0,0
56529,129.9,516,50,0,0,0,0,0,0
56585,130.012,523,35,0,0,0,0,0,0
56662,130.1,521,43,0,0,0,0,0,0
56712,130.204,515,11,0,0,0,0,0,0
56774,130.312,511,9,0,0,0,0,0,0
56823,130.4,479,10,0,0,0,0,0,0
56876,130.5,480,9,0,0,0,0,0,0
56934,130.612,471,14,0,0,0,0,0,0
56989,130.716,459,10,0,0,0,0,0,0
57039,130.816,461,10,0,0,0,0,0,0
57099,130.92,471,12,0,0,0,0,0,0
57155,131.032,467,14,0,0,0,0,0,0
57211,131.164,461,10,0,0,0,0,0,0
57268,131.268,453,18,0,0,0,0,0,0
57320,131.408,438,14,0,0,0,0,0,0
57372,131.5,437,15,0,0,0,0,0,0
57426,131.6,453,20,0,0,0,0,0,0
57482,131.704,457,28,0,0,0,0,0,0
57543,131.824,492,34,0,0,0,0,0,0
57605,131.932,504,29,0,0,0,0,0,0
57676,132.064,504,41,0,0,0,0,0,0
57729,132.164,506,29,0,0,0,0,0,0
57794,132.264,506,26,0,0,0,0,0,0
57850,132.364,509,20,0,0,0,0,0,0
57918,132.464,514,25,0,0,0,0,0,0
57973,132.564,509,16,0,0,0,0,0,0
58038,132.664,507,23,0,0,0,0,0,0
58090,132.776,504,14,0,0,0,0,0,0
58152,132.9,496,29,0,0,0,0,0,0
58205,133.0,480,18,0,0,0,0,0,0
58265,133.072,480,40,0,0,0,0,0,0
58326,133.212,478,29,0,0,0,0,0,0
58389,133.332,484,18,0,0,0,0,0,0
58456,133.468,477,13,0,0,0,0,0,0
58507,133.612,466,17,0,0,0,0,0,0
58567,133.7,473,27,0,0,0,0,0,0
58629,133.804,484,39,0,0,0,0,0,0
58684,133.92,503,35,0,0,0,0,0,0
58757,134.032,507,50,0,0,0,0,0,0
58819,134.164,516,42,0,0,0,0,0,0
58884,134.24,513,34,0,0,0,0,0,0
58953,134.364,513,21,0,0,0,0,0,0
59013,134.468,486,27,0,0,0,0,0,0
59064,134.564,492,18,0,0,0,0,0,0
59127,134.664,498,14,0,0,0,0,0,0
59187,134.764,488,20,0,0,0,0,0,0
59241,134.864,491,20,0,0,0,0,0,0
59289,134.964,492,27,0,0,0,0,0,0
59351,135.068,500,16,0,0,0,0,0,0
59418,135.2,479,32,0,0,0,0,0,0
59474,135.3,471,29,0,0,0,0,0,0
59531,135.4,477,14,0,0,0,0,0,0
59598,135.5,471,27,0,0,0,0,0,0
59653,135.608,457,13,0,0,0,0,0,0
59712,135.7,458,10,0,0,0,0,0,0
59770,135.8,468,18,0,0,0,0,0,0
59831,135.9,465,22,0,0,0,0,0,0
59901,136.008,448,19,0,0,0,0,0,0
59962,136.104,440,14,0,0,0,0,0,0
60017,136.224,433,15,0,0,0,0,0,0
60068,136.332,447,14,0,0,0,0,0,0
60123,136.464,447,11,0,0,0,0,0,0
60185,136.564,441,27,0,0,0,0,0,0
60233,136.664,453,14,0,0,0,0,0,0
60296,136.764,460,29,0,0,0,0,0,0
60361,136.864,458,19,0,0,0,0,0,0
60421,136.964,449,14,0,0,0,0,0,0
60474,137.064,450,11,0,0,0,0,0,0
60522,137.164,460,17,0,0,0,0,0,0
60577,137.264,469,17,0,0,0,0,0,0
60639,137.364,472,13,0,0,0,0,0,0
60696,137.464,471,23,0,0,0,0,0,0
60749,137.564,476,26,0,0,0,0,0,0
60816,137.668,479,22,0,0,0,0,0,0
60869,137.8,462,15,0,0,0,0,0,0
60925,137.904,466,14,0,0,0,0,0,0
60977,138.004,463,18,0,0,0,0,0,0
61036,138.12,479,21,0,0,0,0,0,0
61087,138.232,489,27,0,0,0,0,0,0
61149,138.372,507,36,0,0,0,0,0,0
61204,138.508,522,14,0,0,0,0,0,0
61262,138.6,483,26,0,0,0,0,0,0
61301,138.704,494,27,0,0,0,0,0,0
61360,138.808,460,41,0,0,0,0,0,0
61393,138.904,424,5,0,0,0,0,0,0
61413,139.0,388,10,0,0,0,0,0,0
61468,139.108,490,13,0,0,0,0,0,0
61536,139.2,532,28,0,0,0,0,0,0
61606,139.3,566,58,0,0,0,0,0,0
61675,139.408,570,54,0,0,0,0,0,0
61754,139.532,563,23,0,0,0,0,0,0
61801,139.664,495,16,0,0,0,0,0,0
61823,139.764,446,9,0,0,0,0,0,0
61838,139.864,428,2,0,0,0,0,0,0
61853,139.944,382,4,0,0,0,0,0,0
61899,140.064,500,28,0,0,0,0,0,0
61986,140.164,543,71,0,0,0,0,0,0
62036,140.268,552,40,0,0,0,0,0,0
62111,140.348,533,24,0,0,0,0,0,0
62173,140.464,494,42,0,0,0,0,0,0
62209,140.564,434,18,0,0,0,0,0,0
62236,140.664,385,1,0,0,0,0,0,0
62250,140.764,333,2,0,0,0,0,0,0
62256,140.836,303,1,0,0,0,0,0,0
62285,140.964,442,19,0,0,0,0,0,0
62362,141.064,517,61,0,0,0,0,0,0
62423,141.168,502,42,0,0,0,0,0,0
62491,141.264,521,9,0,0,0,0,0,0
62587,141.364,486,2,0,0,0,0,0,0
62681,141.464,491,6,0,0,0,0,0,0
62784,141.564,465,8,0,0,0,0,0,0
62880,141.664,437,12,0,0,0,0,0,0
62961,141.764,386,6,0,0,0,0,0,0
63048,141.864,384,8,0,0,0,0,0,0
63139,141.964,382,11,0,0,0,0,0,0
63219,142.064,301,3,0,0,0,0,0,0
63282,142.168,256,5,0,0,0,0,0,0
63335,142.3,216,3,0,0,0,0,0,0
63394,142.404,197,11,0,0,0,0,0,0
63432,142.504,180,2,0,0,0,0,0,0
63465,142.604,152,2,0,0,0,0,0,0
63499,142.716,138,2,0,0,0,0,0,0
63539,142.8,130,3,0,0,0,0,0,0
63576,142.9,117,4,0,0,0,0,0,0
63610,143.0,105,5,0,0,0,0,0,0
63646,143.12,98,5,0,0,0,0,0,0
63691,143.2,115,8,0,0,0,0,0,0
63730,143.3,122,10,0,0,0,0,0,0
63772,143.404,133,16,0,0,0,0,0,0
63817,143.5,131,9,0,0,0,0,0,0
63858,143.616,148,12,0,0,0,0,0,0
63906,143.7,154,7,0,0,0,0,0,0
63958,143.824,148,14,0,0,0,0,0,0
63990,143.9,141,6,0,0,0,0,0,0
64038,144.004,155,9,0,0,0,0,0,0
64085,144.108,147,13,0,0,0,0,0,0
64122,144.232,151,5,0,0,0,0,0,0
64162,144.364,149,8,0,0,0,0,0,0
64203,144.464,137,11,0,0,0,0,0,0
64242,144.564,137,11,0,0,0,0,0,0
64278,144.664,140,10,0,0,0,0,0,0
64311,144.764,143,8,0,0,0,0,0,0
64349,144.864,141,7,0,0,0,0,0,0
64383,144.936,140,10,0,0,0,0,0,0
64418,145.064,144,7,0,0,0,0,0,0
64457,145.164,149,15,0,0,0,0,0,0
64493,145.264,141,13,0,0,0,0,0,0
64527,145.364,144,14,0,0,0,0,0,0
64561,145.464,157,9,0,0,0,0,0,0
64600,145.564,152,13,0,0,0,0,0,0
64639,145.668,154,5,0,0,0,0,0,0
64675,145.8,154,9,0,0,0,0,0,0
64712,145.904,152,7,0,0,0,0,0,0
64750,146.008,164,10,0,0,0,0,0,0
64788,146.1,149,7,0,0,0,0,0,0
64822,146.204,141,7,0,0,0,0,0,0
64859,146.304,150,11,0,0,0,0,0,0
64893,146.4,166,15,0,0,0,0,0,0
64929,146.504,154,15,0,0,0,0,0,0
64963,146.6,150,9,0,0,0,0,0,0
64998,146.7,154,10,0,0,0,0,0,0
65034,146.804,155,11,0,0,0,0,0,0
65069,146.9,152,9,0,0,0,0,0,0
65114,147.0,143,11,0,0,0,0,0,0
65141,147.1,148,8,0,0,0,0,0,0
65175,147.204,151,10,0,0,0,0,0,0
65208,147.3,143,8,0,0,0,0,0,0
65242,147.412,145,14,0,0,0,0,0,0
65276,147.5,136,9,0,0,0,0,0,0
65313,147.604,131,9,0,0,0,0,0,0
65340,147.72,131,8,0,0,0,0,0,0
65369,147.8,134,10,0,0,0,0,0,0
65396,147.932,136,9,0,0,0,0,0,0
65425,148.064,146,10,0,0,0,0,0,0
65462,148.164,140,12,0,0,0,0,0,0
65498,148.264,137,14,0,0,0,0,0,0
65528,148.364,138,12,0,0,0,0,0,0
65558,148.464,137,15,0,0,0,0,0,0
65590,148.564,138,15,0,0,0,0,0,0
65620,148.664,137,10,0,0,0,0,0,0
65654,148.764,138,16,0,0,0,0,0,0
65681,148.864,137,14,0,0,0,0,0,0
65714,148.964,129,7,0,0,0,0,0,0
65740,149.064,120,5,0,0,0,0,0,0
65764,149.152,130,5,0,0,0,0,0,0
65789,149.264,133,5,0,0,0,0,0,0
65819,149.364,119,5,0,0,0,0,0,0
65839,149.464,118,9,0,0,0,0,0,0
65866,149.564,135,10,0,0,0,0,0,0
65893,149.664,133,11,0,0,0,0,0,0
65923,149.764,127,8,0,0,0,0,0,0
65948,149.864,125,6,0,0,0,0,0,0
65979,149.964,116,13,0,0,0,0,0,0
66003,150.064,119,5,0,0,0,0,0,0
66031,150.164,127,7,0,0,0,0,0,0
66055,150.264,121,9,0,0,0,0,0,0
66074,150.364,118,6,0,0,0,0,0,0
66101,150.464,120,7,0,0,0,0,0,0
66122,150.564,118,12,0,0,0,0,0,0
66151,150.664,128,7,0,0,0,0,0,0
66177,150.764,128,12,0,0,0,0,0,0
66202,150.864,125,12,0,0,0,0,0,0
66227,150.936,134,11,0,0,0,0,0,0
66257,151.064,135,9,0,0,0,0,0,0
66279,151.164,130,5,0,0,0,0,0,0
66308,151.236,124,10,0,0,0,0,0,0
66333,151.364,120,12,0,0,0,0,0,0
66358,151.464,128,7,0,0,0,0,0,0
66391,151.564,127,16,0,0,0,0,0,0
66419,151.664,121,13,0,0,0,0,0,0
66447,151.764,118,11,0,0,0,0,0,0
66470,151.864,115,6,0,0,0,0,0,0
66495,151.964,117,8,0,0,0,0,0,0
66518,152.064,124,5,0,0,0,0,0,0
66549,152.164,119,9,0,0,0,0,0,0
66574,152.264,119,12,0,0,0,0,0,0
66602,152.364,125,9,0,0,0,0,0,0
66631,152.464,122,6,0,0,0,0,0,0
66656,152.568,115,8,0,0,0,0,0,0
66686,152.704,121,9,0,0,0,0,0,0
66714,152.8,109,7,0,0,0,0,0,0
66735,152.9,117,5,0,0,0,0,0,0
66764,153.004,113,7,0,0,0,0,0,0
66779,153.1,102,3,0,0,0,0,0,0
66800,153.212,110,8,0,0,0,0,0,0
66822,153.332,112,9,0,0,0,0,0,0
66846,153.468,114,7,0,0,0,0,0,0
66874,153.564,124,12,0,0,0,0,0,0
66901,153.664,121,8,0,0,0,0,0,0
66928,153.764,118,9,0,0,0,0,0,0
66953,153.864,112,5,0,0,0,0,0,0
66979,153.964,113,11,0,0,0,0,0,0
66998,154.064,119,6,0,0,0,0,0,0
67023,154.164,123,9,0,0,0,0,0,0
67045,154.264,115,10,0,0,0,0,0,0
67067,154.336,121,8,0,0,0,0,0,0
67097,154.464,118,7,0,0,0,0,0,0
67123,154.564,108,4,0,0,0,0,0,0
67142,154.664,112,9,0,0,0,0,0,0
67166,154.764,114,11,0,0,0,0,0,0
67190,154.864,118,8,0,0,0,0,0,0
67217,154.964,120,6,0,0,0,0,0,0
67245,155.064,115,8,0,0,0,0,0,0
67269,155.168,118,11,0,0,0,0,0,0
67295,155.3,122,9,0,0,0,0,0,0
67316,155.4,117,6,0,0,0,0,0,0
67344,155.508,110,7,0,0,0,0,0,0
67361,155.6,109,5,0,0,0,0,0,0
67386,155.708,111,13,0,0,0,0,0,0
67411,155.832,109,7,0,0,0,0,0,0
67435,155.964,120,6,0,0,0,0,0,0
67459,156.064,118,13,0,0,0,0,0,0
67483,156.164,118,7,0,0,0,0,0,0
67505,156.264,116,7,0,0,0,0,0,0
67530,156.364,116,7,0,0,0,0,0,0
67557,156.464,115,10,0,0,0,0,0,0
67585,156.564,120,12,0,0,0,0,0,0
67610,156.664,123,11,0,0,0,0,0,0
67631,156.764,124,8,0,0,0,0,0,0
67653,156.864,128,11,0,0,0,0,0,0
67683,156.964,127,10,0,0,0,0,0,0
67707,157.064,125,10,0,0,0,0,0,0
67738,157.164,125,11,0,0,0,0,0,0
67769,157.24,120,12,0,0,0,0,0,0
67795,157.364,122,11,0,0,0,0,0,0
67822,157.464,121,7,0,0,0,0,0,0
67844,157.568,122,5,0,0,0,0,0,0
67875,157.664,113,8,0,0,0,0,0,0
67893,157.764,114,8,0,0,0,0,0,0
67920,157.864,118,9,0,0,0,0,0,0
67945,157.964,117,9,0,0,0,0,0,0
67966,158.064,121,11,0,0,0,0,0,0
67993,158.136,116,13,0,0,0,0,0,0
68017,158.264,114,8,0,0,0,0,0,0
68042,158.364,117,8,0,0,0,0,0,0
68070,158.464,121,11,0,0,0,0,0,0
68093,158.564,122,11,0,0,0,0,0,0
68117,158.664,124,13,0,0,0,0,0,0
68137,158.764,126,9,0,0,0,0,0,0
68167,158.868,122,10,0,0,0,0,0,0
68196,158.964,112,6,0,0,0,0,0,0
68215,159.064,111,7,0,0,0,0,0,0
68239,159.164,109,8,0,0,0,0,0,0
68254,159.264,111,2,0,0,0,0,0,0
68278,159.364,116,10,0,0,0,0,0,0
68302,159.464,111,7,0,0,0,0,0,0
68324,159.564,111,6,0,0,0,0,0,0
68349,159.644,115,6,0,0,0,0,0,0
68371,159.772,113,7,0,0,0,0,0,0
68397,159.908,119,11,0,0,0,0,0,0
68420,160.0,115,7,0,0,0,0,0,0
68451,160.108,117,13,0,0,0,0,0,0
68476,160.22,111,8,0,0,0,0,0,0
68497,160.304,114,9,0,0,0,0,0,0
68520,160.4,120,8,0,0,0,0,0,0
68545,160.504,116,6,0,0,0,0,0,0
68565,160.612,114,8,0,0,0,0,0,0
68586,160.7,120,11,0,0,0,0,0,0
68613,160.808,114,6,0,0,0,0,0,0
68634,160.9,110,6,0,0,0,0,0,0
68652,161.0,114,4,0,0,0,0,0,0
68674,161.1,115,7,0,0,0,0,0,0
68699,161.208,117,7,0,0,0,0,0,0
68718,161.332,109,9,0,0,0,0,0,0
68741,161.464,120,9,0,0,0,0,0,0
68768,161.564,122,14,0,0,0,0,0,0
68793,161.664,125,9,0,0,0,0,0,0
68824,161.764,129,15,0,0,0,0,0,0
68855,161.864,119,12,0,0,0,0,0,0
68880,161.964,122,11,0,0,0,0,0,0
68904,162.064,128,9,0,0,0,0,0,0
68938,162.164,125,9,0,0,0,0,0,0
68965,162.264,121,9,0,0,0,0,0,0
68995,162.364,128,11,0,0,0,0,0,0
69021,162.464,130,6,0,0,0,0,0,0
69049,162.564,126,6,0,0,0,0,0,0
69080,162.664,121,15,0,0,0,0,0,0
69105,162.764,117,11,0,0,0,0,0,0
69136,162.864,123,12,0,0,0,0,0,0
69167,162.964,119,12,0,0,0,0,0,0
69190,163.064,119,10,0,0,0,0,0,0
69217,163.164,126,12,0,0,0,0,0,0
69244,163.264,127,8,0,0,0,0,0,0
69266,163.364,127,7,0,0,0,0,0,0
69294,163.464,124,7,0,0,0,0,0,0
69321,163.564,114,12,0,0,0,0,0,0
69347,163.664,116,14,0,0,0,0,0,0
69372,163.764,118,6,0,0,0,0,0,0
69400,163.864,117,4,0,0,0,0,0,0
69423,163.964,127,10,0,0,0,0,0,0
69451,164.064,135,6,0,0,0,0,0,0
69484,164.164,125,7,0,0,0,0,0,0
69506,164.264,112,6,0,0,0,0,0,0
69527,164.364,122,6,0,0,0,0,0,0
69561,164.464,118,11,0,0,0,0,0,0
69579,164.564,114,8,0,0,0,0,0,0
69609,164.664,125,15,0,0,0,0,0,0
69634,164.764,121,14,0,0,0,0,0,0
69667,164.864,126,15,0,0,0,0,0,0
69694,164.964,123,7,0,0,0,0,0,0
69721,165.064,123,13,0,0,0,0,0,0
69742,165.164,123,13,0,0,0,0,0,0
69772,165.264,124,13,0,0,0,0,0,0
69796,165.364,121,11,0,0,0,0,0,0
69818,165.464,124,11,0,0,0,0,0,0
69847,165.54,124,12,0,0,0,0,0,0
69868,165.664,123,4,0,0,0,0,0,0
69893,165.764,123,16,0,0,0,0,0,0
69921,165.864,123,8,0,0,0,0,0,0
69942,165.964,122,11,0,0,0,0,0,0
69971,166.064,123,13,0,0,0,0,0,0
69999,166.164,121,7,0,0,0,0,0,0
70026,166.264,123,8,0,0,0,0,0,0
70056,166.364,117,14,0,0,0,0,0,0
70083,166.464,120,8,0,0,0,0,0,0
70111,166.564,126,16,0,0,0,0,0,0
70137,166.664,124,12,0,0,0,0,0,0
70164,166.764,127,12,0,0,0,0,0,0
70194,166.864,125,9,0,0,0,0,0,0
70224,166.964,120,12,0,0,0,0,0,0
70247,167.044,122,8,0,0,0,0,0,0
70275,167.164,122,14,0,0,0,0,0,0
70301,167.264,118,12,0,0,0,0,0,0
70328,167.364,127,15,0,0,0,0,0,0
70354,167.464,127,15,0,0,0,0,0,0
70378,167.564,125,9,0,0,0,0,0,0
70400,167.664,128,10,0,0,0,0,0,0
70428,167.764,126,13,0,0,0,0,0,0
70451,167.864,124,12,0,0,0,0,0,0
70486,167.968,122,11,0,0,0,0,0,0
70513,168.064,120,11,0,0,0,0,0,0
70540,168.164,116,14,0,0,0,0,0,0
70562,168.264,116,8,0,0,0,0,0,0
70587,168.364,117,3,0,0,0,0,0,0
70611,168.464,117,5,0,0,0,0,0,0
70631,168.564,120,3,0,0,0,0,0,0
70658,168.664,116,11,0,0,0,0,0,0
70679,168.764,112,6,0,0,0,0,0,0
70699,168.864,112,8,0,0,0,0,0,0
70722,168.964,123,7,0,0,0,0,0,0
70752,169.064,121,12,0,0,0,0,0,0
70774,169.164,116,8,0,0,0,0,0,0
70795,169.264,117,8,0,0,0,0,0,0
70813,169.364,122,5,0,0,0,0,0,0
70837,169.444,124,18,0,0,0,0,0,0
70864,169.564,123,5,0,0,0,0,0,0
70890,169.664,115,12,0,0,0,0,0,0
70916,169.764,120,10,0,0,0,0,0,0
70943,169.864,123,13,0,0,0,0,0,0
70966,169.964,125,9,0,0,0,0,0,0
70995,170.064,120,17,0,0,0,0,0,0
71018,170.164,116,11,0,0,0,0,0,0
71043,170.264,118,13,0,0,0,0,0,0
71072,170.364,128,15,0,0,0,0,0,0
71097,170.464,128,9,0,0,0,0,0,0
71125,170.564,122,14,0,0,0,0,0,0
71147,170.664,122,9,0,0,0,0,0,0
71183,170.764,123,17,0,0,0,0,0,0
71203,170.864,118,4,0,0,0,0,0,0
71230,170.964,132,9,0,0,0,0,0,0
71257,171.064,121,14,0,0,0,0,0,0
71281,171.136,125,11,0,0,0,0,0,0
71309,171.264,127,11,0,0,0,0,0,0
71333,171.364,125,15,0,0,0,0,0,0
71362,171.44,132,15,0,0,0,0,0,0
71391,171.564,127,10,0,0,0,0,0,0
71421,171.664,129,11,0,0,0,0,0,0
71447,171.764,134,16,0,0,0,0,0,0
71473,171.864,137,11,0,0,0,0,0,0
71503,171.964,132,9,0,0,0,0,0,0
71531,172.068,115,15,0,0,0,0,0,0
71558,172.168,124,15,0,0,0,0,0,0
71580,172.3,129,6,0,0,0,0,0,0
71609,172.4,125,15,0,0,0,0,0,0
71635,172.512,120,11,0,0,0,0,0,0
71662,172.6,117,13,0,0,0,0,0,0
71689,172.712,119,10,0,0,0,0,0,0
71715,172.808,129,14,0,0,0,0,0,0
71743,172.908,133,15,0,0,0,0,0,0
71778,173.012,125,16,0,0,0,0,0,0
71799,173.108,119,12,0,0,0,0,0,0
71819,173.2,124,9,0,0,0,0,0,0
71852,173.32,124,9,0,0,0,0,0,0
71875,173.4,120,6,0,0,0,0,0,0
71899,173.488,121,14,0,0,0,0,0,0
71923,173.6,120,13,0,0,0,0,0,0
71947,173.704,125,13,0,0,0,0,0,0
71975,173.804,128,14,0,0,0,0,0,0
72008,173.916,127,11,0,0,0,0,0,0
72031,174.012,122,8,0,0,0,0,0,0
72058,174.132,126,9,0,0,0,0,0,0
72080,174.264,128,15,0,0,0,0,0,0
72103,174.364,130,7,0,0,0,0,0,0
72130,174.468,136,16,0,0,0,0,0,0
72155,174.564,126,9,0,0,0,0,0,0
72185,174.664,122,9,0,0,0,0,0,0
72215,174.764,119,9,0,0,0,0,0,0
72239,174.864,119,15,0,0,0,0,0,0
72270,174.964,126,16,0,0,0,0,0,0
72302,175.048,121,10,0,0,0,0,0,0
72327,175.164,116,8,0,0,0,0,0,0
72350,175.264,125,13,0,0,0,0,0,0
72376,175.364,133,12,0,0,0,0,0,0
72405,175.464,127,13,0,0,0,0,0,0
72430,175.564,122,15,0,0,0,0,0,0
72450,175.664,130,9,0,0,0,0,0,0
72481,175.756,130,12,0,0,0,0,0,0
72501,175.864,131,8,0,0,0,0,0,0
72531,175.964,131,12,0,0,0,0,0,0
72557,176.064,126,9,0,0,0,0,0,0
72582,176.164,123,14,0,0,0,0,0,0
72605,176.264,126,8,0,0,0,0,0,0
72628,176.368,135,11,0,0,0,0,0,0
72656,176.464,131,11,0,0,0,0,0,0
72684,176.548,124,17,0,0,0,0,0,0
72708,176.668,127,13,0,0,0,0,0,0
72728,176.82,126,7,0,0,0,0,0,0
72754,176.912,127,20,0,0,0,0,0,0
72786,177.016,122,18,0,0,0,0,0,0
72816,177.108,119,18,0,0,0,0,0,0
72841,177.2,129,13,0,0,0,0,0,0
72871,177.304,125,12,0,0,0,0,0,0
72892,177.412,118,12,0,0,0,0,0,0
72916,177.508,122,10,0,0,0,0,0,0
72941,177.612,126,12,0,0,0,0,0,0
72962,177.704,124,10,0,0,0,0,0,0
72994,177.808,117,14,0,0,0,0,0,0
73019,177.9,121,9,0,0,0,0,0,0
73040,178.008,121,10,0,0,0,0,0,0
73060,178.108,127,8,0,0,0,0,0,0
73084,178.22,133,11,0,0,0,0,0,0
73107,178.3,127,12,0,0,0,0,0,0
73132,178.4,126,9,0,0,0,0,0,0
73156,178.504,117,10,0,0,0,0,0,0
73181,178.616,111,6,0,0,0,0,0,0
73199,178.7,114,6,0,0,0,0,0,0
73223,178.8,124,15,0,0,0,0,0,0
73251,178.916,123,10,0,0,0,0,0,0
73277,179.016,125,16,0,0,0,0,0,0
73307,179.1,132,14,0,0,0,0,0,0
73338,179.216,125,12,0,0,0,0,0,0
73360,179.312,128,12,0,0,0,0,0,0
73384,179.408,132,16,0,0,0,0,0,0
73409,179.52,131,9,0,0,0,0,0,0
73440,179.624,122,16,0,0,0,0,0,0
73459,179.732,122,5,0,0,0,0,0,0
73480,179.864,126,11,0,0,0,0,0,0
73502,179.964,121,8,0,0,0,0,0,0
73524,180.064,117,9,0,0,0,0,0,0
73547,180.164,120,9,0,0,0,0,0,0
73572,180.236,119,11,0,0,0,0,0,0
73596,180.364,115,11,0,0,0,0,0,0
73623,180.464,113,7,0,0,0,0,0,0
73648,180.536,111,8,0,0,0,0,0,0
73677,180.664,113,6,0,0,0,0,0,0
73700,180.764,123,13,0,0,0,0,0,0
73724,180.864,128,11,0,0,0,0,0,0
73754,180.968,123,14,0,0,0,0,0,0
73778,181.064,124,10,0,0,0,0,0,0
73802,181.14,124,12,0,0,0,0,0,0
73827,181.264,127,14,0,0,0,0,0,0
73850,181.364,133,11,0,0,0,0,0,0
73881,181.464,126,13,0,0,0,0,0,0
73905,181.564,123,9,0,0,0,0,0,0
73933,181.664,122,15,0,0,0,0,0,0
73950,181.764,121,5,0,0,0,0,0,0
73974,181.848,127,13,0,0,0,0,0,0
74000,181.964,122,13,0,0,0,0,0,0
74021,182.064,129,9,0,0,0,0,0,0
74043,182.164,131,14,0,0,0,0,0,0
74070,182.264,125,11,0,0,0,0,0,0
74095,182.364,122,10,0,0,0,0,0,0
74122,182.464,123,13,0,0,0,0,0,0
74148,182.564,123,9,0,0,0,0,0,0
74178,182.664,118,7,0,0,0,0,0,0
74204,182.764,113,15,0,0,0,0,0,0
74226,182.864,119,6,0,0,0,0,0,0
74260,182.964,124,17,0,0,0,0,0,0
74282,183.064,121,12,0,0,0,0,0,0
74313,183.164,119,10,0,0,0,0,0,0
74330,183.264,119,6,0,0,0,0,0,0
74354,183.364,131,8,0,0,0,0,0,0
74375,183.464,125,11,0,0,0,0,0,0
74399,183.564,126,12,0,0,0,0,0,0
74427,183.664,123,12,0,0,0,0,0,0
74455,183.764,123,14,0,0,0,0,0,0
74481,183.864,123,14,0,0,0,0,0,0
74508,183.964,128,8,0,0,0,0,0,0
74530,184.064,127,11,0,0,0,0,0,0
74558,184.164,127,15,0,0,0,0,0,0
74588,184.264,125,19,0,0,0,0,0,0
74612,184.364,125,11,0,0,0,0,0,0
74644,184.464,128,15,0,0,0,0,0,0
74665,184.552,125,8,0,0,0,0,0,0
74688,184.664,130,11,0,0,0,0,0,0
74714,184.764,129,9,0,0,0,0,0,0
74736,184.864,130,12,0,0,0,0,0,0
74771,184.94,126,13,0,0,0,0,0,0
74796,185.076,115,5,0,0,0,0,0,0
74813,185.224,119,6,0,0,0,0,0,0
74838,185.332,127,10,0,0,0,0,0,0
74865,185.464,121,12,0,0,0,0,0,0
74887,185.564,124,8,0,0,0,0,0,0
74914,185.664,125,9,0,0,0,0,0,0
74941,185.764,120,6,0,0,0,0,0,0
74966,185.864,124,13,0,0,0,0,0,0
74997,185.964,129,13,0,0,0,0,0,0
75020,186.064,124,10,0,0,0,0,0,0
75050,186.168,131,15,0,0,0,0,0,0
75077,186.264,127,11,0,0,0,0,0,0
75106,186.364,117,8,0,0,0,0,0,0
75124,186.464,119,5,0,0,0,0,0,0
75158,186.54,126,13,0,0,0,0,0,0
75184,186.664,116,10,0,0,0,0,0,0
75209,186.764,118,13,0,0,0,0,0,0
75235,186.864,124,12,0,0,0,0,0,0
75263,186.964,126,11,0,0,0,0,0,0
75287,187.064,120,5,0,0,0,0,0,0
75311,187.164,121,8,0,0,0,0,0,0
75335,187.264,124,6,0,0,0,0,0,0
75356,187.364,124,14,0,0,0,0,0,0
75380,187.464,129,13,0,0,0,0,0,0
75409,187.564,131,11,0,0,0,0,0,0
75433,187.636,125,14,0,0,0,0,0,0
75463,187.792,126,11,0,0,0,0,0,0
75492,187.916,126,13,0,0,0,0,0,0
75511,188.016,127,6,0,0,0,0,0,0
75538,188.108,130,14,0,0,0,0,0,0
75560,188.22,126,10,0,0,0,0,0,0
75587,188.332,125,11,0,0,0,0,0,0
75610,188.464,127,7,0,0,0,0,0,0
75634,188.564,127,12,0,0,0,0,0,0
75661,188.664,122,11,0,0,0,0,0,0
75689,188.768,123,15,0,0,0,0,0,0
75710,188.848,123,5,0,0,0,0,0,0
75738,188.968,129,13,0,0,0,0,0,0
75760,189.1,122,10,0,0,0,0,0,0
75790,189.236,121,14,0,0,0,0,0,0
75811,189.364,118,11,0,0,0,0,0,0
75836,189.464,127,10,0,0,0,0,0,0
75864,189.564,126,11,0,0,0,0,0,0
75890,189.664,122,11,0,0,0,0,0,0
75917,189.764,121,16,0,0,0,0,0,0
75948,189.836,120,11,0,0,0,0,0,0
75974,189.94,123,14,0,0,0,0,0,0
75996,190.04,121,8,0,0,0,0,0,0
76021,190.136,124,12,0,0,0,0,0,0
76044,190.236,131,9,0,0,0,0,0,0
76073,190.336,122,12,0,0,0,0,0,0
76092,190.464,122,8,0,0,0,0,0,0
76123,190.564,120,16,0,0,0,0,0,0
76148,190.648,118,14,0,0,0,0,0,0
76175,190.764,125,12,0,0,0,0,0,0
76201,190.864,124,7,0,0,0,0,0,0
76225,190.944,124,14,0,0,0,0,0,0
76250,191.036,126,10,0,0,0,0,0,0
76278,191.164,119,9,0,0,0,0,0,0
76310,191.264,121,18,0,0,0,0,0,0
76331,191.364,128,10,0,0,0,0,0,0
76362,191.468,129,12,0,0,0,0,0,0
76386,191.6,123,14,0,0,0,0,0,0
76412,191.7,125,13,0,0,0,0,0,0
76444,191.8,122,13,0,0,0,0,0,0
76467,191.904,119,8,0,0,0,0,0,0
76494,192.0,118,16,0,0,0,0,0,0
76519,192.1,117,9,0,0,0,0,0,0
76544,192.204,123,11,0,0,0,0,0,0
76571,192.3,127,12,0,0,0,0,0,0
76596,192.4,124,12,0,0,0,0,0,0
76621,192.5,120,13,0,0,0,0,0,0
76646,192.6,123,13,0,0,0,0,0,0
76666,192.692,124,8,0,0,0,0,0,0
76690,192.8,127,14,0,0,0,0,0,0
76719,192.952,129,12,0,0,0,0,0,0
76750,193.036,124,13,0,0,0,0,0,0
76777,193.164,121,11,0,0,0,0,0,0
76803,193.264,118,10,0,0,0,0,0,0
76826,193.336,124,10,0,0,0,0,0,0
76856,193.468,120,10,0,0,0,0,0,0
76879,193.568,121,9,0,0,0,0,0,0
76908,193.664,117,15,0,0,0,0,0,0
76931,193.744,120,10,0,0,0,0,0,0
76958,193.844,122,11,0,0,0,0,0,0
76980,193.964,121,5,0,0,0,0,0,0
77008,194.064,126,19,0,0,0,0,0,0
77036,194.136,122,13,0,0,0,0,0,0
77062,194.244,124,13,0,0,0,0,0,0
77084,194.34,125,11,0,0,0,0,0,0
77110,194.464,128,14,0,0,0,0,0,0
77145,194.564,120,13,0,0,0,0,0,0
77163,194.636,118,7,0,0,0,0,0,0
77195,194.752,125,13,0,0,0,0,0,0
77226,194.836,115,14,0,0,0,0,0,0
77248,194.964,117,7,0,0,0,0,0,0
77269,195.064,125,8,0,0,0,0,0,0
77294,195.148,124,15,0,0,0,0,0,0
77324,195.24,116,12,0,0,0,0,0,0
77345,195.364,117,6,0,0,0,0,0,0
77370,195.464,121,10,0,0,0,0,0,0
77393,195.564,128,12,0,0,0,0,0,0
77418,195.652,130,13,0,0,0,0,0,0
77450,195.764,123,15,0,0,0,0,0,0
77477,195.864,125,7,0,0,0,0,0,0
77500,195.964,122,14,0,0,0,0,0,0
77527,196.04,120,11,0,0,0,0,0,0
77550,196.144,116,9,0,0,0,0,0,0
77574,196.252,118,11,0,0,0,0,0,0
77601,196.368,115,6,0,0,0,0,0,0
77624,196.444,118,12,0,0,0,0,0,0
77649,196.564,124,7,0,0,0,0,0,0
77674,196.668,122,12,0,0,0,0,0,0
77700,196.768,122,10,0,0,0,0,0,0
77727,196.9,120,9,0,0,0,0,0,0
77752,197.0,116,13,0,0,0,0,0,0
77776,197.132,121,13,0,0,0,0,0,0
77803,197.268,127,15,0,0,0,0,0,0
77839,197.368,126,15,0,0,0,0,0,0
77866,197.464,117,11,0,0,0,0,0,0
77891,197.544,119,11,0,0,0,0,0,0
77916,197.636,121,9,0,0,0,0,0,0
77949,197.768,119,11,0,0,0,0,0,0
77973,197.9,115,9,0,0,0,0,0,0
77998,198.0,119,8,0,0,0,0,0,0
78023,198.1,117,8,0,0,0,0,0,0
78045,198.2,117,8,0,0,0,0,0,0
78066,198.332,116,8,0,0,0,0,0,0
78093,198.464,124,10,0,0,0,0,0,0
78113,198.54,120,8,0,0,0,0,0,0
78137,198.648,129,11,0,0,0,0,0,0
78165,198.748,119,18,0,0,0,0,0,0
78189,198.868,123,12,0,0,0,0,0,0
78217,198.964,124,14,0,0,0,0,0,0
78244,199.036,124,12,0,0,0,0,0,0
78271,199.136,125,11,0,0,0,0,0,0
78297,199.232,121,9,0,0,0,0,0,0
78321,199.372,116,8,0,0,0,0,0,0
78346,199.5,120,7,0,0,0,0,0,0
78368,199.576,123,7,0,0,0,0,0,0
78394,199.7,121,13,0,0,0,0,0,0
78417,199.8,117,7,0,0,0,0,0,0
78445,199.9,125,7,0,0,0,0,0,0
78469,200.0,127,13,0,0,0,0,0,0
78498,200.1,125,16,0,0,0,0,0,0
78523,200.204,125,12,0,0,0,0,0,0
78549,200.3,123,10,0,0,0,0,0,0
78576,200.4,118,17,0,0,0,0,0,0
78602,200.5,126,14,0,0,0,0,0,0
78632,200.632,129,13,0,0,0,0,0,0
78660,200.764,123,11,0,0,0,0,0,0
78684,200.84,122,9,0,0,0,0,0,0
78711,200.948,123,6,0,0,0,0,0,0
78738,201.048,120,5,0,0,0,0,0,0
78763,201.164,122,10,0,0,0,0,0,0
78791,201.24,119,13,0,0,0,0,0,0
78814,201.344,116,7,0,0,0,0,0,0
78838,201.436,122,10,0,0,0,0,0,0
78870,201.552,119,10,0,0,0,0,0,0
78890,201.664,116,6,0,0,0,0,0,0
78917,201.736,122,13,0,0,0,0,0,0
78941,201.844,123,7,0,0,0,0,0,0
78970,201.964,116,7,0,0,0,0,0,0
78998,202.04,115,12,0,0,0,0,0,0
79023,202.148,120,14,0,0,0,0,0,0
79051,202.236,126,20,0,0,0,0,0,0
79076,202.38,128,14,0,0,0,0,0,0
79105,202.5,130,17,0,0,0,0,0,0
79128,202.632,126,12,0,0,0,0,0,0
79155,202.732,130,15,0,0,0,0,0,0
79182,202.84,133,11,0,0,0,0,0,0
79214,202.968,124,10,0,0,0,0,0,0
79238,203.1,122,14,0,0,0,0,0,0
79267,203.2,126,20,0,0,0,0,0,0
79292,203.3,130,11,0,0,0,0,0,0
79320,203.4,127,13,0,0,0,0,0,0
79345,203.5,123,12,0,0,0,0,0,0
79372,203.632,129,16,0,0,0,0,0,0
79394,203.764,127,10,0,0,0,0,0,0
79423,203.864,127,6,0,0,0,0,0,0
79451,203.936,119,13,0,0,0,0,0,0
79477,204.056,122,10,0,0,0,0,0,0
79501,204.168,127,12,0,0,0,0,0,0
79533,204.3,127,11,0,0,0,0,0,0
79562,204.436,124,9,0,0,0,0,0,0
79590,204.552,120,8,0,0,0,0,0,0
79605,204.664,123,4,0,0,0,0,0,0
79636,204.764,125,19,0,0,0,0,0,0
79663,204.864,119,13,0,0,0,0,0,0
79689,204.968,125,13,0,0,0,0,0,0
79719,205.068,123,17,0,0,0,0,0,0
79744,205.2,122,12,0,0,0,0,0,0
79769,205.3,131,14,0,0,0,0,0,0
79796,205.4,128,16,0,0,0,0,0,0
79828,205.5,127,12,0,0,0,0,0,0
79861,205.632,120,15,0,0,0,0,0,0
79882,205.764,119,10,0,0,0,0,0,0
79913,205.864,128,14,0,0,0,0,0,0
79935,205.936,123,8,0,0,0,0,0,0
79969,206.08,129,17,0,0,0,0,0,0
79992,206.204,128,10,0,0,0,0,0,0
80021,206.336,139,13,0,0,0,0,0,0
80046,206.464,126,9,0,0,0,0,0,0
80067,206.564,131,9,0,0,0,0,0,0
80097,206.664,135,10,0,0,0,0,0,0
80121,206.764,127,12,0,0,0,0,0,0
80150,206.864,123,19,0,0,0,0,0,0
80178,206.952,122,12,0,0,0,0,0,0
80200,207.064,121,7,0,0,0,0,0,0
80224,207.14,130,11,0,0,0,0,0,0
80255,207.244,127,11,0,0,0,0,0,0
80276,207.332,121,7,0,0,0,0,0,0
80296,207.448,125,9,0,0,0,0,0,0
80321,207.564,130,10,0,0,0,0,0,0
80350,207.664,126,19,0,0,0,0,0,0
80373,207.748,124,12,0,0,0,0,0,0
80404,207.864,122,14,0,0,0,0,0,0
80434,207.936,119,13,0,0,0,0,0,0
80457,208.064,122,8,0,0,0,0,0,0
80485,208.14,124,13,0,0,0,0,0,0
80515,208.252,118,17,0,0,0,0,0,0
80540,208.368,124,10,0,0,0,0,0,0
80562,208.504,125,8,0,0,0,0,0,0
80585,208.6,125,13,0,0,0,0,0,0
80612,208.7,119,15,0,0,0,0,0,0
80633,208.8,116,12,0,0,0,0,0,0
80661,208.9,121,17,0,0,0,0,0,0
80686,209.0,121,12,0,0,0,0,0,0
80710,209.104,121,13,0,0,0,0,0,0
80734,209.2,116,10,0,0,0,0,0,0
80759,209.3,119,13,0,0,0,0,0,0
80787,209.4,118,11,0,0,0,0,0,0
80804,209.5,120,5,0,0,0,0,0,0
80833,209.6,122,8,0,0,0,0,0,0
80861,209.7,111,15,0,0,0,0,0,0
80881,209.8,120,11,0,0,0,0,0,0
80910,209.9,129,13,0,0,0,0,0,0
80936,210.044,123,7,0,0,0,0,0,0
80961,210.164,124,13,0,0,0,0,0,0
80985,210.236,122,11,0,0,0,0,0,0
81013,210.356,118,11,0,0,0,0,0,0
81034,210.464,119,8,0,0,0,0,0,0
81063,210.536,119,12,0,0,0,0,0,0
81087,210.644,114,11,0,0,0,0,0,0
81112,210.736,118,12,0,0,0,0,0,0
81139,210.836,117,8,0,0,0,0,0,0
81162,210.964,117,6,0,0,0,0,0,0
81188,211.04,123,16,0,0,0,0,0,0
81213,211.152,123,10,0,0,0,0,0,0
81237,211.264,129,5,0,0,0,0,0,0
81263,211.344,122,11,0,0,0,0,0,0
81282,211.444,130,8,0,0,0,0,0,0
81315,211.564,132,11,0,0,0,0,0,0
81341,211.664,118,15,0,0,0,0,0,0
81369,211.764,122,12,0,0,0,0,0,0
81391,211.836,120,8,0,0,0,0,0,0
81417,211.944,125,10,0,0,0,0,0,0
81442,212.064,121,9,0,0,0,0,0,0
81466,212.164,123,13,0,0,0,0,0,0
81490,212.24,120,10,0,0,0,0,0,0
81515,212.336,119,10,0,0,0,0,0,0
81543,212.464,117,10,0,0,0,0,0,0
81568,212.536,119,12,0,0,0,0,0,0
81593,212.664,128,12,0,0,0,0,0,0
81618,212.764,136,11,0,0,0,0,0,0
81650,212.864,131,20,0,0,0,0,0,0
81679,212.94,121,15,0,0,0,0,0,0
81710,213.04,129,22,0,0,0,0,0,0
81733,213.164,127,11,0,0,0,0,0,0
81763,213.236,127,12,0,0,0,0,0,0
81795,213.34,121,16,0,0,0,0,0,0
81812,213.436,118,6,0,0,0,0,0,0
81838,213.572,125,13,0,0,0,0,0,0
81871,213.7,124,16,0,0,0,0,0,0
81895,213.8,120,10,0,0,0,0,0,0
81917,213.9,121,11,0,0,0,0,0,0
81944,214.036,128,11,0,0,0,0,0,0
81974,214.164,129,13,0,0,0,0,0,0
82001,214.264,122,15,0,0,0,0,0,0
82025,214.336,121,10,0,0,0,0,0,0
82055,214.44,122,14,0,0,0,0,0,0
82079,214.564,121,13,0,0,0,0,0,0
82104,214.664,123,9,0,0,0,0,0,0
82134,214.736,122,10,0,0,0,0,0,0
82158,214.836,115,12,0,0,0,0,0,0
82183,214.964,124,7,0,0,0,0,0,0
82209,215.064,116,12,0,0,0,0,0,0
82237,215.164,119,12,0,0,0,0,0,0
82258,215.244,123,6,0,0,0,0,0,0
82283,215.344,131,9,0,0,0,0,0,0
82311,215.448,130,4,0,0,0,0,0,0
82333,215.564,123,14,0,0,0,0,0,0
82363,215.664,131,15,0,0,0,0,0,0
82388,215.764,132,12,0,0,0,0,0,0
82418,215.836,123,17,0,0,0,0,0,0
82443,215.968,125,10,0,0,0,0,0,0
82478,216.104,124,15,0,0,0,0,0,0
82502,216.2,120,10,0,0,0,0,0,0
82530,216.3,122,11,0,0,0,0,0,0
82557,216.432,115,12,0,0,0,0,0,0
82587,216.536,113,10,0,0,0,0,0,0
82609,216.632,119,8,0,0,0,0,0,0
82637,216.704,122,9,0,0,0,0,0,0
82669,216.8,117,16,0,0,0,0,0,0
82689,216.9,118,12,0,0,0,0,0,0
82720,217.0,124,14,0,0,0,0,0,0
82740,217.136,121,12,0,0,0,0,0,0
82766,217.264,129,14,0,0,0,0,0,0
82798,217.336,119,7,0,0,0,0,0,0
82826,217.44,116,13,0,0,0,0,0,0
82846,217.564,118,6,0,0,0,0,0,0
82868,217.644,123,13,0,0,0,0,0,0
82893,217.768,129,9,0,0,0,0,0,0
82921,217.864,124,9,0,0,0,0,0,0
82948,217.936,118,13,0,0,0,0,0,0
82970,218.04,118,10,0,0,0,0,0,0
82995,218.168,120,12,0,0,0,0,0,0
83018,218.304,120,8,0,0,0,0,0,0
83042,218.404,123,9,0,0,0,0,0,0
83069,218.5,127,14,0,0,0,0,0,0
83098,218.6,128,11,0,0,0,0,0,0
83130,218.7,124,12,0,0,0,0,0,0
83154,218.832,121,7,0,0,0,0,0,0
83180,218.968,126,8,0,0,0,0,0,0
83203,219.1,126,10,0,0,0,0,0,0
83233,219.176,130,13,0,0,0,0,0,0
83262,219.3,125,18,0,0,0,0,0,0
83288,219.4,127,11,0,0,0,0,0,0
83315,219.5,128,11,0,0,0,0,0,0
83343,219.6,122,9,0,0,0,0,0,0
83368,219.7,117,9,0,0,0,0,0,0
83394,219.8,119,13,0,0,0,0,0,0
83417,219.9,124,4,0,0,0,0,0,0
83440,220.0,121,8,0,0,0,0,0,0
83462,220.14,125,4,0,0,0,0,0,0
83490,220.264,130,14,0,0,0,0,0,0
83517,220.364,123,12,0,0,0,0,0,0
83541,220.448,131,11,0,0,0,0,0,0
83568,220.544,130,10,0,0,0,0,0,0
83596,220.664,126,5,0,0,0,0,0,0
83622,220.74,120,14,0,0,0,0,0,0
83641,220.836,124,6,0,0,0,0,0,0
83676,220.936,123,17,0,0,0,0,0,0
83703,221.076,119,7,0,0,0,0,0,0
83729,221.2,118,9,0,0,0,0,0,0
83755,221.272,117,10,0,0,0,0,0,0
83784,221.4,120,11,0,0,0,0,0,0
83809,221.5,118,10,0,0,0,0,0,0
83834,221.636,118,8,0,0,0,0,0,0
83856,221.764,112,14,0,0,0,0,0,0
83873,221.864,126,9,0,0,0,0,0,0
83903,221.964,130,16,0,0,0,0,0,0
83932,222.036,119,15,0,0,0,0,0,0
83953,222.164,127,13,0,0,0,0,0,0
83981,222.264,125,16,0,0,0,0,0,0
83998,222.364,127,6,0,0,0,0,0,0
84024,222.44,135,11,0,0,0,0,0,0
84051,222.552,125,17,0,0,0,0,0,0
84078,222.668,127,8,0,0,0,0,0,0
84107,222.8,125,15,0,0,0,0,0,0
84137,222.936,116,8,0,0,0,0,0,0
84160,223.064,119,13,0,0,0,0,0,0
84184,223.14,120,11,0,0,0,0,0,0
84216,223.264,122,10,0,0,0,0,0,0
84237,223.34,120,10,0,0,0,0,0,0
84265,223.44,119,7,0,0,0,0,0,0
84289,223.564,119,12,0,0,0,0,0,0
84318,223.664,128,11,0,0,0,0,0,0
84346,223.764,128,12,0,0,0,0,0,0
84372,223.844,130,8,0,0,0,0,0,0
84404,223.964,123,13,0,0,0,0,0,0
84430,224.04,119,13,0,0,0,0,0,0
84455,224.148,129,12,0,0,0,0,0,0
84484,224.236,124,12,0,0,0,0,0,0
84499,224.364,121,6,0,0,0,0,0,0
84527,224.464,127,11,0,0,0,0,0,0
84555,224.564,119,13,0,0,0,0,0,0
84579,224.664,122,12,0,0,0,0,0,0
84608,224.736,125,14,0,0,0,0,0,0
84640,224.84,118,15,0,0,0,0,0,0
84666,224.964,124,16,0,0,0,0,0,0
84694,225.068,130,16,0,0,0,0,0,0
84722,225.2,132,13,0,0,0,0,0,0
84746,225.3,131,12,0,0,0,0,0,0
84778,225.4,129,17,0,0,0,0,0,0
84799,225.5,122,12,0,0,0,0,0,0
84829,225.6,131,14,0,0,0,0,0,0
84857,225.7,121,8,0,0,0,0,0,0
84886,225.8,123,9,0,0,0,0,0,0
84915,225.9,118,15,0,0,0,0,0,0
84940,226.0,122,11,0,0,0,0,0,0
84969,226.1,124,10,0,0,0,0,0,0
84994,226.2,121,15,0,0,0,0,0,0
85025,226.276,125,11,0,0,0,0,0,0
85048,226.4,121,7,0,0,0,0,0,0
85075,226.488,116,12,0,0,0,0,0,0
85099,226.6,118,10,0,0,0,0,0,0
85124,226.7,126,14,0,0,0,0,0,0
85149,226.804,130,17,0,0,0,0,0,0
85175,226.908,130,11,0,0,0,0,0,0
85206,227.004,123,15,0,0,0,0,0,0
85231,227.1,120,9,0,0,0,0,0,0
85257,227.2,122,13,0,0,0,0,0,0
85282,227.3,122,13,0,0,0,0,0,0
85306,227.4,123,14,0,0,0,0,0,0
85330,227.5,126,9,0,0,0,0,0,0
85355,227.6,122,14,0,0,0,0,0,0
85384,227.7,120,12,0,0,0,0,0,0
85405,227.8,116,10,0,0,0,0,0,0
85431,227.88,124,11,0,0,0,0,0,0
85455,228.0,122,8,0,0,0,0,0,0
85478,228.1,119,10,0,0,0,0,0,0
85502,228.18,119,13,0,0,0,0,0,0
85528,228.304,125,17,0,0,0,0,0,0
85558,228.4,124,14,0,0,0,0,0,0
85584,228.496,128,11,0,0,0,0,0,0
85605,228.6,131,9,0,0,0,0,0,0
85629,228.7,128,8,0,0,0,0,0,0
85652,228.8,119,12,0,0,0,0,0,0
85673,228.9,121,8,0,0,0,0,0,0
85697,229.0,118,9,0,0,0,0,0,0
85718,229.1,122,12,0,0,0,0,0,0
85739,229.204,124,5,0,0,0,0,0,0
85764,229.3,123,11,0,0,0,0,0,0
85788,229.4,116,10,0,0,0,0,0,0
85813,229.504,118,7,0,0,0,0,0,0
85838,229.6,116,9,0,0,0,0,0,0
85859,229.7,114,5,0,0,0,0,0,0
85884,229.8,125,11,0,0,0,0,0,0
85908,229.936,122,15,0,0,0,0,0,0
85937,230.064,123,10,0,0,0,0,0,0
85964,230.164,119,13,0,0,0,0,0,0
85986,230.264,117,7,0,0,0,0,0,0
86012,230.364,117,8,0,0,0,0,0,0
86036,230.464,118,7,0,0,0,0,0,0
86061,230.564,118,13,0,0,0,0,0,0
86079,230.636,120,8,0,0,0,0,0,0
86104,230.776,120,7,0,0,0,0,0,0
86124,230.9,118,7,0,0,0,0,0,0
86146,231.0,118,6,0,0,0,0,0,0
86175,231.1,114,12,0,0,0,0,0,0
86192,231.2,114,10,0,0,0,0,0,0
86216,231.3,123,11,0,0,0,0,0,0
86237,231.4,121,5,0,0,0,0,0,0
86261,231.5,121,12,0,0,0,0,0,0
86287,231.6,120,14,0,0,0,0,0,0
86317,231.704,124,13,0,0,0,0,0,0
86349,231.8,118,13,0,0,0,0,0,0
86368,231.9,120,9,0,0,0,0,0,0
86398,232.0,126,13,0,0,0,0,0,0
86420,232.1,127,12,0,0,0,0,0,0
86455,232.2,130,18,0,0,0,0,0,0
86483,232.3,125,11,0,0,0,0,0,0
86510,232.4,123,8,0,0,0,0,0,0
86534,232.504,118,6,0,0,0,0,0,0
86556,232.6,115,7,0,0,0,0,0,0
86578,232.7,123,9,0,0,0,0,0,0
86601,232.8,122,9,0,0,0,0,0,0
86629,232.9,119,10,0,0,0,0,0,0
86644,233.004,119,7,0,0,0,0,0,0
86674,233.1,122,9,0,0,0,0,0,0
86701,233.2,110,13,0,0,0,0,0,0
86719,233.3,115,8,0,0,0,0,0,0
86738,233.4,124,7,0,0,0,0,0,0
86764,233.5,126,12,0,0,0,0,0,0
86793,233.604,125,14,0,0,0,0,0,0
86821,233.704,126,10,0,0,0,0,0,0
86846,233.844,119,9,0,0,0,0,0,0
86862,233.976,119,4,0,0,0,0,0,0
86890,234.1,120,10,0,0,0,0,0,0
86910,234.2,116,7,0,0,0,0,0,0
86936,234.34,119,10,0,0,0,0,0,0
86963,234.464,114,13,0,0,0,0,0,0
86983,234.568,117,10,0,0,0,0,0,0
87005,234.7,127,11,0,0,0,0,0,0
87039,234.8,121,17,0,0,0,0,0,0
87057,234.9,121,7,0,0,0,0,0,0
87088,235.0,122,16,0,0,0,0,0,0
87106,235.1,120,8,0,0,0,0,0,0
87135,235.244,122,14,0,0,0,0,0,0
87162,235.364,120,7,0,0,0,0,0,0
87185,235.44,121,10,0,0,0,0,0,0
87214,235.544,121,13,0,0,0,0,0,0
87236,235.636,120,7,0,0,0,0,0,0
87265,235.764,126,15,0,0,0,0,0,0
87293,235.868,119,13,0,0,0,0,0,0
87317,236.004,126,10,0,0,0,0,0,0
87342,236.104,127,10,0,0,0,0,0,0
87359,236.2,125,7,0,0,0,0,0,0
87382,236.352,133,9,0,0,0,0,0,0
87408,236.464,125,12,0,0,0,0,0,0
87433,236.544,118,14,0,0,0,0,0,0
87464,236.668,121,13,0,0,0,0,0,0
87490,236.8,110,7,0,0,0,0,0,0
87509,236.9,117,6,0,0,0,0,0,0
87531,236.976,121,8,0,0,0,0,0,0
87553,237.1,121,8,0,0,0,0,0,0
87578,237.2,115,10,0,0,0,0,0,0
87601,237.3,115,5,0,0,0,0,0,0
87625,237.4,114,9,0,0,0,0,0,0
87646,237.5,117,5,0,0,0,0,0,0
87671,237.6,118,9,0,0,0,0,0,0
87700,237.7,113,12,0,0,0,0,0,0
87723,237.8,113,9,0,0,0,0,0,0
87746,237.888,112,13,0,0,0,0,0,0
87766,237.968,114,5,0,0,0,0,0,0
87788,238.064,116,6,0,0,0,0,0,0
87808,238.164,116,7,0,0,0,0,0,0
87834,238.264,118,10,0,0,0,0,0,0
87859,238.34,118,12,0,0,0,0,0,0
87882,238.436,124,8,0,0,0,0,0,0
87903,238.564,117,8,0,0,0,0,0,0
87934,238.668,118,14,0,0,0,0,0,0
87955,238.8,118,5,0,0,0,0,0,0
87977,238.904,116,7,0,0,0,0,0,0
88006,239.0,121,9,0,0,0,0,0,0
88028,239.1,119,8,0,0,0,0,0,0
88054,239.2,117,10,0,0,0,0,0,0
88077,239.3,116,13,0,0,0,0,0,0
88099,239.4,124,9,0,0,0,0,0,0
88125,239.5,122,8,0,0,0,0,0,0
88154,239.6,117,7,0,0,0,0,0,0
88176,239.7,113,11,0,0,0,0,0,0
88197,239.8,113,6,0,0,0,0,0,0
88222,239.904,121,11,0,0,0,0,0,0
88246,240.0,124,9,0,0,0,0,0,0
88281,240.1,122,17,0,0,0,0,0,0
88307,240.2,123,10,0,0,0,0,0,0
88334,240.336,120,12,0,0,0,0,0,0
88356,240.464,119,9,0,0,0,0,0,0
88377,240.564,121,6,0,0,0,0,0,0
88398,240.636,117,12,0,0,0,0,0,0
88423,240.764,117,10,0,0,0,0,0,0
88449,240.864,119,14,0,0,0,0,0,0
88468,240.964,123,11,0,0,0,0,0,0
88497,241.064,122,12,0,0,0,0,0,0
88516,241.164,120,8,0,0,0,0,0,0
88541,241.236,119,13,0,0,0,0,0,0
88561,241.364,124,7,0,0,0,0,0,0
88587,241.464,120,10,0,0,0,0,0,0
88609,241.564,123,13,0,0,0,0,0,0
88639,241.636,123,15,0,0,0,0,0,0
88658,241.768,120,11,0,0,0,0,0,0
88686,241.868,132,13,0,0,0,0,0,0
88713,242.0,127,11,0,0,0,0,0,0
88744,242.132,123,7,0,0,0,0,0,0
88776,242.244,119,11,0,0,0,0,0,0
88802,242.368,116,13,0,0,0,0,0,0
88828,242.448,117,11,0,0,0,0,0,0
88854,242.568,119,7,0,0,0,0,0,0
88883,242.644,117,16,0,0,0,0,0,0
88908,242.748,121,13,0,0,0,0,0,0
88931,242.864,123,10,0,0,0,0,0,0
88956,242.944,122,11,0,0,0,0,0,0
88983,243.064,125,8,0,0,0,0,0,0
89015,243.164,122,11,0,0,0,0,0,0
89039,243.236,119,9,0,0,0,0,0,0
89058,243.34,116,6,0,0,0,0,0,0
89084,243.464,123,9,0,0,0,0,0,0
89113,243.54,119,17,0,0,0,0,0,0
89134,243.644,127,9,0,0,0,0,0,0
89168,243.764,130,14,0,0,0,0,0,0
89190,243.864,124,13,0,0,0,0,0,0
89216,243.964,123,18,0,0,0,0,0,0
89241,244.064,122,7,0,0,0,0,0,0
89266,244.164,119,13,0,0,0,0,0,0
89294,244.264,119,16,0,0,0,0,0,0
89321,244.364,123,15,0,0,0,0,0,0
89343,244.464,117,9,0,0,0,0,0,0
89368,244.54,120,17,0,0,0,0,0,0
89395,244.64,134,13,0,0,0,0,0,0
89420,244.74,128,14,0,0,0,0,0,0
89455,244.864,122,19,0,0,0,0,0,0
89477,244.964,120,6,0,0,0,0,0,0
89504,245.064,123,14,0,0,0,0,0,0
89531,245.164,122,10,0,0,0,0,0,0
89555,245.264,120,15,0,0,0,0,0,0
89583,245.364,120,7,0,0,0,0,0,0
89611,245.464,112,8,0,0,0,0,0,0
89633,245.564,109,7,0,0,0,0,0,0
89657,245.664,117,12,0,0,0,0,0,0
89678,245.764,122,10,0,0,0,0,0,0
89704,245.864,122,12,0,0,0,0,0,0
89724,245.964,121,8,0,0,0,0,0,0
89753,246.036,115,8,0,0,0,0,0,0
89776,246.14,115,10,0,0,0,0,0,0
89794,246.264,114,10,0,0,0,0,0,0
89817,246.364,119,14,0,0,0,0,0,0
89843,246.44,121,10,0,0,0,0,0,0
89870,246.564,126,10,0,0,0,0,0,0
89899,246.664,120,14,0,0,0,0,0,0
89924,246.764,120,11,0,0,0,0,0,0
89952,246.864,127,13,0,0,0,0,0,0
89976,246.936,125,9,0,0,0,0,0,0
90004,247.052,120,8,0,0,0,0,0,0
90023,247.164,125,7,0,0,0,0,0,0
90053,247.236,125,17,0,0,0,0,0,0
90081,247.336,122,11,0,0,0,0,0,0
90109,247.448,122,13,0,0,0,0,0,0
90131,247.564,116,12,0,0,0,0,0,0
90163,247.664,115,11,0,0,0,0,0,0
90182,247.764,111,8,0,0,0,0,0,0
90203,247.836,119,11,0,0,0,0,0,0
90228,247.944,116,9,0,0,0,0,0,0
90252,248.064,118,15,0,0,0,0,0,0
90274,248.164,122,5,0,0,0,0,0,0
90301,248.24,127,16,0,0,0,0,0,0
90322,248.372,122,12,0,0,0,0,0,0
90349,248.472,124,13,0,0,0,0,0,0
90373,248.572,117,9,0,0,0,0,0,0
90402,248.672,117,16,0,0,0,0,0,0
90421,248.772,120,6,0,0,0,0,0,0
90450,248.872,119,11,0,0,0,0,0,0
90472,248.972,110,6,0,0,0,0,0,0
90496,249.104,115,7,0,0,0,0,0,0
90515,249.204,117,11,0,0,0,0,0,0
90534,249.336,123,7,0,0,0,0,0,0
90563,249.452,115,8,0,0,0,0,0,0
90579,249.572,110,4,0,0,0,0,0,0
90602,249.704,120,10,0,0,0,0,0,0
90620,249.804,117,11,0,0,0,0,0,0
90645,249.952,126,12,0,0,0,0,0,0
90670,250.048,122,5,0,0,0,0,0,0
90693,250.172,114,8,0,0,0,0,0,0
90715,250.276,116,12,0,0,0,0,0,0
90732,250.372,119,6,0,0,0,0,0,0
90763,250.472,116,9,0,0,0,0,0,0
90787,250.576,110,10,0,0,0,0,0,0
90812,250.704,118,9,0,0,0,0,0,0
90833,250.804,121,7,0,0,0,0,0,0
90860,250.952,117,11,0,0,0,0,0,0
90886,251.072,116,12,0,0,0,0,0,0
90903,251.172,118,4,0,0,0,0,0,0
90931,251.304,122,14,0,0,0,0,0,0
90950,251.404,122,8,0,0,0,0,0,0
90976,251.54,124,12,0,0,0,0,0,0
90999,251.636,115,11,0,0,0,0,0,0
91024,251.736,117,10,0,0,0,0,0,0
91043,251.836,110,8,0,0,0,0,0,0
91068,251.936,113,13,0,0,0,0,0,0
91093,252.036,109,9,0,0,0,0,0,0
91110,252.136,117,5,0,0,0,0,0,0
91138,252.236,120,17,0,0,0,0,0,0
91163,252.344,111,12,0,0,0,0,0,0
91183,252.472,122,10,0,0,0,0,0,0
91206,252.604,124,10,0,0,0,0,0,0
91232,252.712,116,8,0,0,0,0,0,0
91252,252.836,116,11,0,0,0,0,0,0
91273,252.936,123,10,0,0,0,0,0,0
91297,253.048,125,11,0,0,0,0,0,0
91327,253.172,122,13,0,0,0,0,0,0
91348,253.272,121,12,0,0,0,0,0,0
91375,253.372,122,10,0,0,0,0,0,0
91398,253.472,128,14,0,0,0,0,0,0
91427,253.572,130,9,0,0,0,0,0,0
91458,253.672,115,15,0,0,0,0,0,0
91478,253.772,116,6,0,0,0,0,0,0
91500,253.872,122,11,0,0,0,0,0,0
91529,253.972,120,13,0,0,0,0,0,0
91550,254.048,124,10,0,0,0,0,0,0
91569,254.14,127,10,0,0,0,0,0,0
91593,254.272,125,10,0,0,0,0,0,0
91615,254.372,122,9,0,0,0,0,0,0
91640,254.472,119,14,0,0,0,0,0,0
91660,254.552,116,11,0,0,0,0,0,0
91683,254.672,119,11,0,0,0,0,0,0
91709,254.772,124,11,0,0,0,0,0,0
91737,254.904,121,13,0,0,0,0,0,0
91761,254.996,120,16,0,0,0,0,0,0
91783,255.072,128,11,0,0,0,0,0,0
91811,255.176,124,13,0,0,0,0,0,0
91830,255.272,119,13,0,0,0,0,0,0
91850,255.36,126,7,0,0,0,0,0,0
91875,255.472,120,15,0,0,0,0,0,0
91900,255.572,120,8,0,0,0,0,0,0
91918,255.672,119,10,0,0,0,0,0,0
91945,255.804,123,17,0,0,0,0,0,0
91967,255.876,121,13,0,0,0,0,0,0
91998,256.004,124,11,0,0,0,0,0,0
92025,256.104,117,12,0,0,0,0,0,0
92048,256.236,117,15,0,0,0,0,0,0
92070,256.352,126,8,0,0,0,0,0,0
92095,256.472,122,10,0,0,0,0,0,0
92119,256.548,117,11,0,0,0,0,0,0
92145,256.672,116,12,0,0,0,0,0,0
92169,256.772,121,11,0,0,0,0,0,0
92194,256.904,118,14,0,0,0,0,0,0
92215,257.004,122,10,0,0,0,0,0,0
92242,257.136,124,10,0,0,0,0,0,0
92264,257.236,118,8,0,0,0,0,0,0
92292,257.34,122,17,0,0,0,0,0,0
92319,257.472,121,7,0,0,0,0,0,0
92341,257.572,127,12,0,0,0,0,0,0
92370,257.672,119,12,0,0,0,0,0,0
92392,257.812,117,9,0,0,0,0,0,0
92413,257.936,120,10,0,0,0,0,0,0
92440,258.04,126,12,0,0,0,0,0,0
92462,258.172,126,13,0,0,0,0,0,0
92490,258.272,125,10,0,0,0,0,0,0
92514,258.372,122,6,0,0,0,0,0,0
92538,258.504,125,9,0,0,0,0,0,0
92563,258.636,121,6,0,0,0,0,0,0
92585,258.748,117,10,0,0,0,0,0,0
92609,258.872,120,10,0,0,0,0,0,0
92634,258.972,122,13,0,0,0,0,0,0
92660,259.104,125,10,0,0,0,0,0,0
92689,259.236,126,18,0,0,0,0,0,0
92717,259.34,124,10,0,0,0,0,0,0
92744,259.448,124,14,0,0,0,0,0,0
92767,259.572,129,15,0,0,0,0,0,0
92798,259.704,127,11,0,0,0,0,0,0
92822,259.804,121,10,0,0,0,0,0,0
92847,259.936,127,11,0,0,0,0,0,0
92871,260.036,129,9,0,0,0,0,0,0
92890,260.136,130,7,0,0,0,0,0,0
92922,260.236,125,14,0,0,0,0,0,0
92943,260.336,123,8,0,0,0,0,0,0
92969,260.436,124,10,0,0,0,0,0,0
92998,260.54,116,16,0,0,0,0,0,0
93021,260.672,114,8,0,0,0,0,0,0
93049,260.804,125,7,0,0,0,0,0,0
93072,260.904,117,6,0,0,0,0,0,0
93102,261.052,121,13,0,0,0,0,0,0
93130,261.148,117,14,0,0,0,0,0,0
93158,261.244,119,11,0,0,0,0,0,0
93178,261.372,121,6,0,0,0,0,0,0
93203,261.476,123,11,0,0,0,0,0,0
93231,261.604,125,13,0,0,0,0,0,0
93251,261.704,120,9,0,0,0,0,0,0
93275,261.836,125,8,0,0,0,0,0,0
93297,261.952,125,8,0,0,0,0,0,0
93319,262.072,126,5,0,0,0,0,0,0
93342,262.204,120,8,0,0,0,0,0,0
93358,262.304,122,6,0,0,0,0,0,0
93388,262.408,122,16,0,0,0,0,0,0
93405,262.508,117,5,0,0,0,0,0,0
93436,262.656,117,9,0,0,0,0,0,0
93452,262.772,119,7,0,0,0,0,0,0
93475,262.876,129,6,0,0,0,0,0,0
93495,262.972,126,9,0,0,0,0,0,0
93522,263.104,121,11,0,0,0,0,0,0
93551,263.204,122,10,0,0,0,0,0,0
93576,263.304,120,13,0,0,0,0,0,0
93601,263.436,118,9,0,0,0,0,0,0
93629,263.508,120,13,0,0,0,0,0,0
93653,263.636,121,14,0,0,0,0,0,0
93678,263.74,121,12,0,0,0,0,0,0
93704,263.872,119,8,0,0,0,0,0,0
93729,263.944,112,9,0,0,0,0,0,0
93750,264.048,115,11,0,0,0,0,0,0
93774,264.172,118,8,0,0,0,0,0,0
93797,264.272,113,12,0,0,0,0,0,0
93815,264.372,122,11,0,0,0,0,0,0
93838,264.472,124,13,0,0,0,0,0,0
93867,264.572,120,12,0,0,0,0,0,0
93896,264.672,114,15,0,0,0,0,0,0
93919,264.772,120,11,0,0,0,0,0,0
93942,264.872,123,9,0,0,0,0,0,0
93963,265.004,125,12,0,0,0,0,0,0
93986,265.14,129,11,0,0,0,0,0,0
94017,265.272,126,14,0,0,0,0,0,0
94041,265.348,121,7,0,0,0,0,0,0
94066,265.472,121,8,0,0,0,0,0,0
94091,265.572,121,15,0,0,0,0,0,0
94118,265.672,126,11,0,0,0,0,0,0
94145,265.772,122,11,0,0,0,0,0,0
94166,265.872,125,7,0,0,0,0,0,0
94191,265.972,121,7,0,0,0,0,0,0
94212,266.104,118,11,0,0,0,0,0,0
94238,266.204,123,6,0,0,0,0,0,0
94261,266.336,117,7,0,0,0,0,0,0
94283,266.436,119,5,0,0,0,0,0,0
94306,266.536,120,11,0,0,0,0,0,0
94332,266.64,117,10,0,0,0,0,0,0
94358,266.752,124,12,0,0,0,0,0,0
94382,266.872,123,13,0,0,0,0,0,0
94405,266.972,120,12,0,0,0,0,0,0
94434,267.072,125,11,0,0,0,0,0,0
94455,267.172,125,7,0,0,0,0,0,0
94484,267.272,119,13,0,0,0,0,0,0
94508,267.348,114,10,0,0,0,0,0,0
94527,267.476,119,5,0,0,0,0,0,0
94552,267.572,120,13,0,0,0,0,0,0
94572,267.644,120,9,0,0,0,0,0,0
94597,267.776,127,10,0,0,0,0,0,0
94624,267.908,116,6,0,0,0,0,0,0
94645,267.988,119,10,0,0,0,0,0,0
94669,268.072,123,10,0,0,0,0,0,0
94692,268.204,123,15,0,0,0,0,0,0
94716,268.336,123,12,0,0,0,0,0,0
94744,268.436,122,14,0,0,0,0,0,0
94763,268.536,118,6,0,0,0,0,0,0
94792,268.636,127,13,0,0,0,0,0,0
94815,268.736,119,15,0,0,0,0,0,0
94842,268.836,124,12,0,0,0,0,0,0
94867,268.936,117,12,0,0,0,0,0,0
94889,269.036,116,14,0,0,0,0,0,0
94910,269.136,119,6,0,0,0,0,0,0
94939,269.236,122,8,0,0,0,0,0,0
94961,269.336,114,8,0,0,0,0,0,0
94980,269.436,123,7,0,0,0,0,0,0
95008,269.54,128,11,0,0,0,0,0,0
95034,269.64,124,11,0,0,0,0,0,0
95052,269.772,121,7,0,0,0,0,0,0
95080,269.856,118,12,0,0,0,0,0,0
95103,269.972,115,5,0,0,0,0,0,0
95127,270.108,119,12,0,0,0,0,0,0
95157,270.236,119,15,0,0,0,0,0,0
95182,270.336,121,10,0,0,0,0,0,0
95211,270.436,118,10,0,0,0,0,0,0
95231,270.54,116,10,0,0,0,0,0,0
95252,270.672,126,5,0,0,0,0,0,0
95276,270.772,125,8,0,0,0,0,0,0
95302,270.872,122,13,0,0,0,0,0,0
95327,270.972,121,13,0,0,0,0,0,0
95342,271.104,124,4,0,0,0,0,0,0
95372,271.204,127,9,0,0,0,0,0,0
95396,271.336,122,9,0,0,0,0,0,0
95420,271.44,116,11,0,0,0,0,0,0
95450,271.536,122,12,0,0,0,0,0,0
95473,271.656,120,7,0,0,0,0,0,0
95500,271.772,121,12,0,0,0,0,0,0
95525,271.872,117,10,0,0,0,0,0,0
95553,271.972,118,11,0,0,0,0,0,0
95579,272.108,119,14,0,0,0,0,0,0
95602,272.236,125,10,0,0,0,0,0,0
95628,272.344,128,12,0,0,0,0,0,0
95656,272.472,121,12,0,0,0,0,0,0
95676,272.572,116,9,0,0,0,0,0,0
95706,272.672,121,10,0,0,0,0,0,0
95728,272.752,115,10,0,0,0,0,0,0
95757,272.84,123,21,0,0,0,0,0,0
95777,272.972,126,9,0,0,0,0,0,0
95805,273.072,137,18,0,0,0,0,0,0
95831,273.148,127,12,0,0,0,0,0,0
95860,273.272,127,16,0,0,0,0,0,0
95890,273.376,127,15,0,0,0,0,0,0
95922,273.472,122,13,0,0,0,0,0,0
95949,273.572,116,12,0,0,0,0,0,0
95971,273.672,116,10,0,0,0,0,0,0
95993,273.772,125,13,0,0,0,0,0,0
96022,273.904,128,12,0,0,0,0,0,0
96047,274.048,120,12,0,0,0,0,0,0
96071,274.176,115,8,0,0,0,0,0,0
96089,274.276,116,6,0,0,0,0,0,0
96112,274.372,124,9,0,0,0,0,0,0
96139,274.472,124,13,0,0,0,0,0,0
96162,274.604,122,7,0,0,0,0,0,0
96189,274.704,122,11,0,0,0,0,0,0
96214,274.836,121,14,0,0,0,0,0,0
96240,274.94,124,11,0,0,0,0,0,0
96259,275.072,126,7,0,0,0,0,0,0
96287,275.172,126,11,0,0,0,0,0,0
96313,275.304,115,14,0,0,0,0,0,0
96339,275.436,123,11,0,0,0,0,0,0
96356,275.536,131,2,0,0,0,0,0,0
96391,275.656,127,19,0,0,0,0,0,0
96414,275.772,116,6,0,0,0,0,0,0
96447,275.872,119,15,0,0,0,0,0,0
96466,275.972,113,7,0,0,0,0,0,0
96491,276.072,121,14,0,0,0,0,0,0
96515,276.172,123,12,0,0,0,0,0,0
96542,276.272,122,13,0,0,0,0,0,0
96567,276.372,126,10,0,0,0,0,0,0
96592,276.472,122,11,0,0,0,0,0,0
96618,276.572,119,9,0,0,0,0,0,0
96644,276.652,117,13,0,0,0,0,0,0
96666,276.772,125,11,0,0,0,0,0,0
96693,276.872,125,14,0,0,0,0,0,0
96717,276.972,124,11,0,0,0,0,0,0
96746,277.072,121,10,0,0,0,0,0,0
96761,277.172,117,6,0,0,0,0,0,0
96787,277.272,125,9,0,0,0,0,0,0
96813,277.372,121,16,0,0,0,0,0,0
96839,277.472,119,12,0,0,0,0,0,0
96863,277.572,119,12,0,0,0,0,0,0
96883,277.704,123,9,0,0,0,0,0,0
96915,277.812,125,16,0,0,0,0,0,0
96938,277.936,119,14,0,0,0,0,0,0
96968,278.008,122,15,0,0,0,0,0,0
96993,278.136,121,12,0,0,0,0,0,0
97019,278.24,122,11,0,0,0,0,0,0
97042,278.344,119,6,0,0,0,0,0,0
97060,278.448,119,9,0,0,0,0,0,0
97085,278.572,124,16,0,0,0,0,0,0
97110,278.672,130,9,0,0,0,0,0,0
97141,278.772,126,10,0,0,0,0,0,0
97164,278.904,125,11,0,0,0,0,0,0
97190,279.004,125,15,0,0,0,0,0,0
97212,279.136,123,5,0,0,0,0,0,0
97243,279.248,126,19,0,0,0,0,0,0
97268,279.372,122,13,0,0,0,0,0,0
97292,279.472,125,15,0,0,0,0,0,0
97318,279.576,128,13,0,0,0,0,0,0
97345,279.672,129,12,0,0,0,0,0,0
97382,279.772,127,20,0,0,0,0,0,0
97412,279.904,118,15,0,0,0,0,0,0
97434,280.004,120,12,0,0,0,0,0,0
97457,280.136,125,8,0,0,0,0,0,0
97487,280.236,119,9,0,0,0,0,0,0
97510,280.344,118,11,0,0,0,0,0,0
97543,280.472,121,7,0,0,0,0,0,0
97569,280.572,127,17,0,0,0,0,0,0
97593,280.704,132,8,0,0,0,0,0,0
97623,280.804,133,14,0,0,0,0,0,0
97658,280.904,134,20,0,0,0,0,0,0
97687,281.04,129,17,0,0,0,0,0,0
97713,281.172,126,13,0,0,0,0,0,0
97747,281.272,126,15,0,0,0,0,0,0
97776,281.372,123,13,0,0,0,0,0,0
97800,281.472,126,16,0,0,0,0,0,0
97833,281.572,124,15,0,0,0,0,0,0
97857,281.672,128,13,0,0,0,0,0,0
97888,281.772,133,16,0,0,0,0,0,0
97920,281.904,128,13,0,0,0,0,0,0
97946,282.004,130,14,0,0,0,0,0,0
97974,282.136,131,16,0,0,0,0,0,0
98001,282.256,125,12,0,0,0,0,0,0
98023,282.376,127,12,0,0,0,0,0,0
98053,282.472,127,12,0,0,0,0,0,0
98085,282.572,123,14,0,0,0,0,0,0
98109,282.672,122,9,0,0,0,0,0,0
98136,282.804,132,10,0,0,0,0,0,0
98162,282.904,123,12,0,0,0,0,0,0
98186,283.004,127,9,0,0,0,0,0,0
98212,283.148,121,11,0,0,0,0,0,0
98237,283.272,119,10,0,0,0,0,0,0
98265,283.372,123,14,0,0,0,0,0,0
98286,283.504,129,9,0,0,0,0,0,0
98316,283.644,130,12,0,0,0,0,0,0
98341,283.744,122,9,0,0,0,0,0,0
98366,283.872,123,11,0,0,0,0,0,0
98394,283.972,121,13,0,0,0,0,0,0
98415,284.072,124,10,0,0,0,0,0,0
98446,284.172,125,10,0,0,0,0,0,0
98470,284.248,121,12,0,0,0,0,0,0
98499,284.376,121,10,0,0,0,0,0,0
98521,284.472,124,7,0,0,0,0,0,0
98549,284.572,128,11,0,0,0,0,0,0
98584,284.672,120,16,0,0,0,0,0,0
98607,284.804,119,4,0,0,0,0,0,0
98636,284.904,121,14,0,0,0,0,0,0
98658,285.004,119,11,0,0,0,0,0,0
98683,285.14,125,10,0,0,0,0,0,0
98706,285.272,126,14,0,0,0,0,0,0
98735,285.372,126,11,0,0,0,0,0,0
98762,285.504,121,10,0,0,0,0,0,0
98790,285.604,117,11,0,0,0,0,0,0
98808,285.736,118,7,0,0,0,0,0,0
98835,285.836,123,13,0,0,0,0,0,0
98855,285.936,122,9,0,0,0,0,0,0
98885,286.036,123,13,0,0,0,0,0,0
98913,286.136,118,13,0,0,0,0,0,0
98937,286.208,123,12,0,0,0,0,0,0
98966,286.316,123,6,0,0,0,0,0,0
98995,286.436,125,15,0,0,0,0,0,0
99018,286.548,116,12,0,0,0,0,0,0
99041,286.672,124,14,0,0,0,0,0,0
99067,286.816,127,9,0,0,0,0,0,0
99097,286.944,120,12,0,0,0,0,0,0
99122,287.072,120,13,0,0,0,0,0,0
99148,287.176,123,13,0,0,0,0,0,0
99179,287.272,126,17,0,0,0,0,0,0
99205,287.372,116,15,0,0,0,0,0,0
99228,287.472,122,12,0,0,0,0,0,0
99257,287.604,119,9,0,0,0,0,0,0
99275,287.704,119,7,0,0,0,0,0,0
99302,287.84,119,18,0,0,0,0,0,0
99323,287.972,121,5,0,0,0,0,0,0
99348,288.072,120,12,0,0,0,0,0,0
99372,288.204,118,9,0,0,0,0,0,0
99397,288.304,121,8,0,0,0,0,0,0
99423,288.408,125,13,0,0,0,0,0,0
99448,288.536,119,13,0,0,0,0,0,0
99473,288.636,122,9,0,0,0,0,0,0
99497,288.736,121,10,0,0,0,0,0,0
99529,288.836,121,11,0,0,0,0,0,0
99549,288.94,120,8,0,0,0,0,0,0
99575,289.072,124,11,0,0,0,0,0,0
99605,289.172,115,12,0,0,0,0,0,0
99626,289.272,116,8,0,0,0,0,0,0
99651,289.372,123,7,0,0,0,0,0,0
99674,289.504,118,7,0,0,0,0,0,0
99699,289.636,116,10,0,0,0,0,0,0
99725,289.756,115,13,0,0,0,0,0,0
99746,289.872,119,7,0,0,0,0,0,0
99772,289.972,120,17,0,0,0,0,0,0
99799,290.072,118,12,0,0,0,0,0,0
99829,290.172,121,15,0,0,0,0,0,0
99849,290.272,123,10,0,0,0,0,0,0
99879,290.372,127,19,0,0,0,0,0,0
99909,290.504,133,10,0,0,0,0,0,0
99938,290.604,124,16,0,0,0,0,0,0
99965,290.748,123,15,0,0,0,0,0,0
99989,290.872,126,11,0,0,0,0,0,0
100022,291.004,125,11,0,0,0,0,0,0
100046,291.104,123,11,0,0,0,0,0,0
100068,291.208,118,13,0,0,0,0,0,0
100088,291.304,132,9,0,0,0,0,0,0
100118,291.408,131,9,0,0,0,0,0,0
100144,291.504,124,11,0,0,0,0,0,0
100174,291.636,121,12,0,0,0,0,0,0
100197,291.76,114,10,0,0,0,0,0,0
100226,291.872,122,19,0,0,0,0,0,0
100254,291.972,124,16,0,0,0,0,0,0
100274,292.072,123,9,0,0,0,0,0,0
100302,292.176,126,8,0,0,0,0,0,0
100324,292.304,114,8,0,0,0,0,0,0
100352,292.404,118,11,0,0,0,0,0,0
100371,292.536,117,8,0,0,0,0,0,0
100395,292.636,129,15,0,0,0,0,0,0
100425,292.736,130,17,0,0,0,0,0,0
100449,292.836,127,10,0,0,0,0,0,0
100473,292.908,128,8,0,0,0,0,0,0
100499,293.056,126,10,0,0,0,0,0,0
100526,293.172,118,13,0,0,0,0,0,0
100550,293.272,116,7,0,0,0,0,0,0
100572,293.372,120,12,0,0,0,0,0,0
100598,293.504,122,13,0,0,0,0,0,0
100622,293.604,113,6,0,0,0,0,0,0
100640,293.708,115,8,0,0,0,0,0,0
100663,293.804,123,9,0,0,0,0,0,0
100689,293.936,125,11,0,0,0,0,0,0
100709,294.036,122,7,0,0,0,0,0,0
100733,294.108,125,9,0,0,0,0,0,0
100760,294.248,123,9,0,0,0,0,0,0
100788,294.372,121,9,0,0,0,0,0,0
100817,294.472,119,12,0,0,0,0,0,0
100835,294.604,119,4,0,0,0,0,0,0
100863,294.704,121,8,0,0,0,0,0,0
100893,294.812,124,16,0,0,0,0,0,0
100922,294.904,119,11,0,0,0,0,0,0
100949,295.048,116,11,0,0,0,0,0,0
100972,295.172,124,15,0,0,0,0,0,0
101004,295.272,125,18,0,0,0,0,0,0
101035,295.372,123,16,0,0,0,0,0,0
101064,295.472,126,13,0,0,0,0,0,0
101085,295.572,124,10,0,0,0,0,0,0
101114,295.708,130,16,0,0,0,0,0,0
101142,295.804,127,15,0,0,0,0,0,0
101168,295.936,128,11,0,0,0,0,0,0
101196,296.008,122,9,0,0,0,0,0,0
101225,296.104,125,12,0,0,0,0,0,0
101248,296.236,111,5,0,0,0,0,0,0
101274,296.36,122,12,0,0,0,0,0,0
101301,296.472,125,10,0,0,0,0,0,0
101324,296.608,126,5,0,0,0,0,0,0
101365,296.704,130,20,0,0,0,0,0,0
101392,296.808,126,11,0,0,0,0,0,0
101422,296.904,128,15,0,0,0,0,0,0
101447,297.036,125,11,0,0,0,0,0,0
101471,297.144,131,9,0,0,0,0,0,0
101500,297.272,127,14,0,0,0,0,0,0
101525,297.352,122,9,0,0,0,0,0,0
101551,297.44,117,13,0,0,0,0,0,0
101573,297.572,128,6,0,0,0,0,0,0
101600,297.672,127,6,0,0,0,0,0,0
101626,297.772,126,13,0,0,0,0,0,0
101654,297.872,124,8,0,0,0,0,0,0
101683,297.972,121,19,0,0,0,0,0,0
101715,298.072,119,14,0,0,0,0,0,0
101745,298.172,117,12,0,0,0,0,0,0
101767,298.252,118,11,0,0,0,0,0,0
101792,298.36,126,10,0,0,0,0,0,0
101818,298.472,131,14,0,0,0,0,0,0
101848,298.572,122,20,0,0,0,0,0,0
101877,298.704,124,12,0,0,0,0,0,0
101906,298.804,122,16,0,0,0,0,0,0
101931,298.904,120,13,0,0,0,0,0,0
101959,299.008,125,11,0,0,0,0,0,0
101984,299.148,116,13,0,0,0,0,0,0
102005,299.272,115,6,0,0,0,0,0,0
102030,299.404,114,8,0,0,0,0,0,0
102052,299.508,114,11,0,0,0,0,0,0
102083,299.636,119,14,0,0,0,0,0,0
102110,299.736,118,9,0,0,0,0,0,0
102130,299.836,119,6,0,0,0,0,0,0
102156,299.936,122,9,0,0,0,0,0,0
102185,300.036,127,16,0,0,0,0,0,0
102206,300.108,127,8,0,0,0,0,0,0
102236,300.204,124,17,0,0,0,0,0,0
102258,300.336,119,12,0,0,0,0,0,0
102282,300.44,126,10,0,0,0,0,0,0
102308,300.572,125,10,0,0,0,0,0,0
102334,300.672,120,8,0,0,0,0,0,0
102358,300.772,122,10,0,0,0,0,0,0
102382,300.844,112,12,0,0,0,0,0,0
102401,300.944,121,5,0,0,0,0,0,0
102428,301.072,131,18,0,0,0,0,0,0
102458,301.172,124,17,0,0,0,0,0,0
102482,301.272,119,8,0,0,0,0,0,0
102509,301.372,123,10,0,0,0,0,0,0
102532,301.508,123,13,0,0,0,0,0,0
102559,301.604,126,18,0,0,0,0,0,0
102587,301.704,123,14,0,0,0,0,0,0
102619,301.804,121,21,0,0,0,0,0,0
102640,301.936,121,10,0,0,0,0,0,0
102669,302.036,129,16,0,0,0,0,0,0
102699,302.14,122,10,0,0,0,0,0,0
102730,302.272,123,9,0,0,0,0,0,0
102754,302.372,127,11,0,0,0,0,0,0
102780,302.504,132,11,0,0,0,0,0,0
102815,302.608,126,13,0,0,0,0,0,0
102839,302.748,118,12,0,0,0,0,0,0
102864,302.872,127,14,0,0,0,0,0,0
102898,302.952,126,11,0,0,0,0,0,0
102927,303.072,123,15,0,0,0,0,0,0
102952,303.204,121,16,0,0,0,0,0,0
102979,303.304,133,12,0,0,0,0,0,0
103015,303.436,121,18,0,0,0,0,0,0
103040,303.536,122,12,0,0,0,0,0,0
103066,303.64,123,9,0,0,0,0,0,0
103093,303.776,122,12,0,0,0,0,0,0
103117,303.872,119,12,0,0,0,0,0,0
103152,303.972,127,16,0,0,0,0,0,0
103171,304.076,123,9,0,0,0,0,0,0
103204,304.172,123,8,0,0,0,0,0,0
103226,304.272,115,11,0,0,0,0,0,0
103246,304.404,125,5,0,0,0,0,0,0
103275,304.504,128,12,0,0,0,0,0,0
103299,304.608,120,11,0,0,0,0,0,0
103320,304.708,126,8,0,0,0,0,0,0
103349,304.804,123,13,0,0,0,0,0,0
103375,304.908,118,13,0,0,0,0,0,0
103406,305.036,125,10,0,0,0,0,0,0
103427,305.136,119,10,0,0,0,0,0,0
103456,305.208,121,8,0,0,0,0,0,0
103487,305.308,111,13,0,0,0,0,0,0
103510,305.408,122,7,0,0,0,0,0,0
103536,305.54,127,11,0,0,0,0,0,0
103566,305.64,126,11,0,0,0,0,0,0
103587,305.772,119,3,0,0,0,0,0,0
103619,305.872,115,7,0,0,0,0,0,0
103641,305.972,108,8,0,0,0,0,0,0
103662,306.076,119,8,0,0,0,0,0,0
103689,306.172,117,18,0,0,0,0,0,0
103714,306.272,122,11,0,0,0,0,0,0
103748,306.356,119,11,0,0,0,0,0,0
103762,306.472,113,7,0,0,0,0,0,0
103783,306.604,121,7,0,0,0,0,0,0
103806,306.688,118,9,0,0,0,0,0,0
103830,306.772,124,7,0,0,0,0,0,0
103853,306.848,124,10,0,0,0,0,0,0
103876,306.972,127,10,0,0,0,0,0,0
103901,307.104,123,14,0,0,0,0,0,0
103927,307.236,118,11,0,0,0,0,0,0
103950,307.308,123,10,0,0,0,0,0,0
103972,307.404,130,8,0,0,0,0,0,0
103998,307.504,136,10,0,0,0,0,0,0
104022,307.644,130,8,0,0,0,0,0,0
104056,307.772,127,16,0,0,0,0,0,0
104081,307.872,118,13,0,0,0,0,0,0
104115,307.972,121,14,0,0,0,0,0,0
104140,308.076,118,11,0,0,0,0,0,0
104163,308.172,120,9,0,0,0,0,0,0
104189,308.304,117,12,0,0,0,0,0,0
104213,308.404,119,10,0,0,0,0,0,0
104234,308.56,121,12,0,0,0,0,0,0
104258,308.672,127,14,0,0,0,0,0,0
104288,308.772,121,9,0,0,0,0,0,0
104311,308.904,120,6,0,0,0,0,0,0
104336,309.008,114,13,0,0,0,0,0,0
104358,309.104,124,9,0,0,0,0,0,0
104388,309.248,129,10,0,0,0,0,0,0
104411,309.372,121,10,0,0,0,0,0,0
104441,309.504,127,15,0,0,0,0,0,0
104467,309.644,121,15,0,0,0,0,0,0
104494,309.772,121,11,0,0,0,0,0,0
104515,309.872,125,11,0,0,0,0,0,0
104543,309.972,126,4,0,0,0,0,0,0
104570,310.072,121,11,0,0,0,0,0,0
104588,310.172,116,3,0,0,0,0,0,0
104613,310.272,112,10,0,0,0,0,0,0
104634,310.372,115,9,0,0,0,0,0,0
104655,310.472,115,8,0,0,0,0,0,0
104680,310.572,114,9,0,0,0,0,0,0
104704,310.672,118,10,0,0,0,0,0,0
104727,310.772,114,7,0,0,0,0,0,0
104752,310.872,121,14,0,0,0,0,0,0
104783,310.976,123,15,0,0,0,0,0,0
104802,311.072,122,7,0,0,0,0,0,0
104829,311.172,123,10,0,0,0,0,0,0
104855,311.304,116,6,0,0,0,0,0,0
104879,311.408,115,10,0,0,0,0,0,0
104899,311.504,124,7,0,0,0,0,0,0
104926,311.58,126,8,0,0,0,0,0,0
104950,311.672,120,7,0,0,0,0,0,0
104971,311.776,119,11,0,0,0,0,0,0
104995,311.876,123,13,0,0,0,0,0,0
105015,311.972,122,7,0,0,0,0,0,0
105041,312.072,126,9,0,0,0,0,0,0
105063,312.172,121,13,0,0,0,0,0,0
105088,312.272,126,11,0,0,0,0,0,0
105114,312.404,124,7,0,0,0,0,0,0
105137,312.504,122,11,0,0,0,0,0,0
105157,312.604,126,7,0,0,0,0,0,0
105190,312.704,125,14,0,0,0,0,0,0
105211,312.836,118,4,0,0,0,0,0,0
105240,312.908,123,17,0,0,0,0,0,0
105266,313.04,117,12,0,0,0,0,0,0
105291,313.136,116,15,0,0,0,0,0,0
105311,313.244,120,7,0,0,0,0,0,0
105337,313.372,124,11,0,0,0,0,0,0
105353,313.472,124,6,0,0,0,0,0,0
105383,313.576,128,9,0,0,0,0,0,0
105407,313.704,122,9,0,0,0,0,0,0
105436,313.84,114,8,0,0,0,0,0,0
105465,313.972,115,13,0,0,0,0,0,0
105488,314.076,119,9,0,0,0,0,0,0
105514,314.204,124,14,0,0,0,0,0,0
105545,314.336,120,18,0,0,0,0,0,0
105567,314.436,117,11,0,0,0,0,0,0
105589,314.536,126,6,0,0,0,0,0,0
105614,314.636,127,6,0,0,0,0,0,0
105639,314.74,115,8,0,0,0,0,0,0
105667,314.872,116,8,0,0,0,0,0,0
105692,314.972,111,8,0,0,0,0,0,0
105712,315.076,125,7,0,0,0,0,0,0
105734,315.172,122,9,0,0,0,0,0,0
105763,315.304,127,6,0,0,0,0,0,0
105791,315.448,126,12,0,0,0,0,0,0
105812,315.572,127,6,0,0,0,0,0,0
105842,315.672,122,14,0,0,0,0,0,0
105864,315.772,111,9,0,0,0,0,0,0
105891,315.872,119,10,0,0,0,0,0,0
105914,315.972,118,9,0,0,0,0,0,0
105942,316.072,117,9,0,0,0,0,0,0
105963,316.156,120,8,0,0,0,0,0,0
105987,316.272,117,7,0,0,0,0,0,0
106016,316.372,116,13,0,0,0,0,0,0
106041,316.464,117,6,0,0,0,0,0,0
106069,316.572,118,9,0,0,0,0,0,0
106088,316.672,117,5,0,0,0,0,0,0
106113,316.772,125,8,0,0,0,0,0,0
106133,316.904,122,11,0,0,0,0,0,0
106162,317.004,125,7,0,0,0,0,0,0
106194,317.108,116,14,0,0,0,0,0,0
106224,317.26,117,7,0,0,0,0,0,0
106246,317.372,114,7,0,0,0,0,0,0
106271,317.46,120,13,0,0,0,0,0,0
106298,317.572,123,9,0,0,0,0,0,0
106320,317.676,124,5,0,0,0,0,0,0
106338,317.776,136,10,0,0,0,0,0,0
106368,317.872,134,17,0,0,0,0,0,0
106392,317.976,128,8,0,0,0,0,0,0
106425,318.072,126,12,0,0,0,0,0,0
106455,318.152,118,11,0,0,0,0,0,0
106480,318.24,119,16,0,0,0,0,0,0
106506,318.34,120,14,0,0,0,0,0,0
106528,318.452,126,7,0,0,0,0,0,0
106557,318.572,124,8,0,0,0,0,0,0
106583,318.672,115,7,0,0,0,0,0,0
106607,318.808,117,9,0,0,0,0,0,0
106629,318.908,121,10,0,0,0,0,0,0
106656,319.036,123,9,0,0,0,0,0,0
106683,319.136,120,9,0,0,0,0,0,0
106713,319.24,125,14,0,0,0,0,0,0
106741,319.372,121,16,0,0,0,0,0,0
106768,319.504,123,10,0,0,0,0,0,0
106786,319.604,122,6,0,0,0,0,0,0
106817,319.736,122,12,0,0,0,0,0,0
106841,319.836,117,12,0,0,0,0,0,0
106866,319.94,124,10,0,0,0,0,0,0
106897,320.072,122,13,0,0,0,0,0,0
106918,320.204,120,6,0,0,0,0,0,0
106943,320.308,118,9,0,0,0,0,0,0
106967,320.404,113,13,0,0,0,0,0,0
106992,320.508,119,9,0,0,0,0,0,0
107020,320.604,118,10,0,0,0,0,0,0
107045,320.704,119,13,0,0,0,0,0,0
107069,320.808,124,11,0,0,0,0,0,0
107096,320.908,123,5,0,0,0,0,0,0
107118,320.992,123,6,0,0,0,0,0,0
107141,321.072,123,6,0,0,0,0,0,0
107162,321.204,122,7,0,0,0,0,0,0
107182,321.312,121,6,0,0,0,0,0,0
107210,321.46,120,12,0,0,0,0,0,0
107234,321.54,122,8,0,0,0,0,0,0
107261,321.672,128,10,0,0,0,0,0,0
107287,321.772,118,14,0,0,0,0,0,0
107305,321.908,123,8,0,0,0,0,0,0
107334,322.036,125,8,0,0,0,0,0,0
107357,322.136,116,12,0,0,0,0,0,0
107385,322.248,118,12,0,0,0,0,0,0
107411,322.372,114,8,0,0,0,0,0,0
107439,322.472,118,9,0,0,0,0,0,0
107463,322.572,121,11,0,0,0,0,0,0
107492,322.672,125,11,0,0,0,0,0,0
107520,322.772,126,13,0,0,0,0,0,0
107539,322.872,129,10,0,0,0,0,0,0
107572,322.972,137,15,0,0,0,0,0,0
107600,323.072,129,15,0,0,0,0,0,0
107625,323.172,126,8,0,0,0,0,0,0
107656,323.272,128,17,0,0,0,0,0,0
107681,323.372,131,11,0,0,0,0,0,0
107711,323.472,124,19,0,0,0,0,0,0
107736,323.572,126,8,0,0,0,0,0,0
107767,323.704,128,6,0,0,0,0,0,0
107791,323.84,122,7,0,0,0,0,0,0
107814,323.972,121,10,0,0,0,0,0,0
107836,324.072,119,9,0,0,0,0,0,0
107862,324.172,120,10,0,0,0,0,0,0
107884,324.276,121,6,0,0,0,0,0,0
107911,324.408,118,9,0,0,0,0,0,0
107930,324.516,118,8,0,0,0,0,0,0
107958,324.636,120,10,0,0,0,0,0,0
107981,324.736,112,8,0,0,0,0,0,0
108001,324.836,116,11,0,0,0,0,0,0
108025,324.936,116,11,0,0,0,0,0,0
108050,325.008,113,9,0,0,0,0,0,0
108072,325.14,120,12,0,0,0,0,0,0
108092,325.244,127,9,0,0,0,0,0,0
108118,325.372,125,13,0,0,0,0,0,0
108145,325.472,124,10,0,0,0,0,0,0
108169,325.572,122,9,0,0,0,0,0,0
108195,325.648,117,9,0,0,0,0,0,0
108223,325.744,120,9,0,0,0,0,0,0
108245,325.872,116,6,0,0,0,0,0,0
108267,326.004,126,10,0,0,0,0,0,0
108294,326.136,129,15,0,0,0,0,0,0
108319,326.244,124,9,0,0,0,0,0,0
108343,326.348,120,9,0,0,0,0,0,0
108375,326.472,117,16,0,0,0,0,0,0
108394,326.604,122,5,0,0,0,0,0,0
108420,326.736,129,16,0,0,0,0,0,0
108445,326.836,126,4,0,0,0,0,0,0
108468,326.936,123,8,0,0,0,0,0,0
108491,327.036,118,6,0,0,0,0,0,0
108517,327.136,121,9,0,0,0,0,0,0
108544,327.236,116,12,0,0,0,0,0,0
108569,327.336,123,13,0,0,0,0,0,0
108598,327.436,120,16,0,0,0,0,0,0
108625,327.536,120,11,0,0,0,0,0,0
108651,327.636,117,11,0,0,0,0,0,0
108673,327.736,115,11,0,0,0,0,0,0
108695,327.836,123,11,0,0,0,0,0,0
108723,327.936,125,10,0,0,0,0,0,0
108749,328.036,119,7,0,0,0,0,0,0
108770,328.136,117,11,0,0,0,0,0,0
108791,328.236,120,11,0,0,0,0,0,0
108815,328.34,122,4,0,0,0,0,0,0
108847,328.472,117,16,0,0,0,0,0,0
108873,328.572,113,10,0,0,0,0,0,0
108894,328.676,111,5,0,0,0,0,0,0
108916,328.772,109,9,0,0,0,0,0,0
108933,328.872,117,5,0,0,0,0,0,0
108958,328.972,120,10,0,0,0,0,0,0
108983,329.108,123,7,0,0,0,0,0,0
109008,329.264,124,12,0,0,0,0,0,0
109035,329.372,125,12,0,0,0,0,0,0
109062,329.504,124,14,0,0,0,0,0,0
109092,329.64,127,14,0,0,0,0,0,0
109113,329.772,129,9,0,0,0,0,0,0
109145,329.86,128,19,0,0,0,0,0,0
109164,329.972,128,8,0,0,0,0,0,0
109196,330.076,129,13,0,0,0,0,0,0
109218,330.16,123,9,0,0,0,0,0,0
109244,330.272,124,11,0,0,0,0,0,0
109270,330.404,122,6,0,0,0,0,0,0
109295,330.548,122,10,0,0,0,0,0,0
109321,330.672,121,9,0,0,0,0,0,0
109350,330.772,126,13,0,0,0,0,0,0
109377,330.872,121,13,0,0,0,0,0,0
109406,331.004,125,14,0,0,0,0,0,0
109437,331.104,120,15,0,0,0,0,0,0
109459,331.208,116,14,0,0,0,0,0,0
109489,331.336,125,14,0,0,0,0,0,0
109515,331.448,120,18,0,0,0,0,0,0
109540,331.572,126,9,0,0,0,0,0,0
109570,331.672,122,15,0,0,0,0,0,0
109595,331.772,114,7,0,0,0,0,0,0
109618,331.904,113,9,0,0,0,0,0,0
109643,332.004,117,10,0,0,0,0,0,0
109668,332.108,119,11,0,0,0,0,0,0
109698,332.204,119,9,0,0,0,0,0,0
109719,332.308,116,9,0,0,0,0,0,0
109744,332.404,117,8,0,0,0,0,0,0
109765,332.536,123,4,0,0,0,0,0,0
109793,332.648,124,13,0,0,0,0,0,0
109822,332.772,122,13,0,0,0,0,0,0
109846,332.872,119,11,0,0,0,0,0,0
109870,332.972,122,12,0,0,0,0,0,0
109892,333.072,120,8,0,0,0,0,0,0
109907,333.172,126,6,0,0,0,0,0,0
109928,333.272,128,13,0,0,0,0,0,0
109951,333.372,128,7,0,0,0,0,0,0
109970,333.444,122,5,0,0,0,0,0,0
109995,333.572,122,16,0,0,0,0,0,0
110016,333.676,123,10,0,0,0,0,0,0
110039,333.804,126,15,0,0,0,0,0,0
110058,333.908,125,7,0,0,0,0,0,0
110078,334.036,126,7,0,0,0,0,0,0
110102,334.148,122,11,0,0,0,0,0,0
110122,334.24,128,11,0,0,0,0,0,0
110146,334.336,128,17,0,0,0,0,0,0
110170,334.436,126,6,0,0,0,0,0,0
110191,334.54,125,13,0,0,0,0,0,0
110215,334.648,116,12,0,0,0,0,0,0
110240,334.772,121,9,0,0,0,0,0,0
110266,334.904,114,13,0,0,0,0,0,0
110287,335.004,112,12,0,0,0,0,0,0
110311,335.136,117,8,0,0,0,0,0,0
110333,335.236,118,7,0,0,0,0,0,0
110357,335.336,120,12,0,0,0,0,0,0
110379,335.408,119,14,0,0,0,0,0,0
110407,335.536,122,13,0,0,0,0,0,0
110432,335.636,119,13,0,0,0,0,0,0
110456,335.74,120,12,0,0,0,0,0,0
110484,335.836,125,9,0,0,0,0,0,0
110509,335.936,116,11,0,0,0,0,0,0
110531,336.008,118,10,0,0,0,0,0,0
110558,336.14,119,6,0,0,0,0,0,0
110583,336.256,116,11,0,0,0,0,0,0
110610,336.372,110,16,0,0,0,0,0,0
110629,336.472,116,9,0,0,0,0,0,0
110652,336.604,123,6,0,0,0,0,0,0
110675,336.704,122,14,0,0,0,0,0,0
110695,336.836,120,5,0,0,0,0,0,0
110719,336.908,124,12,0,0,0,0,0,0
110741,337.004,129,7,0,0,0,0,0,0
110770,337.108,123,15,0,0,0,0,0,0
110799,337.252,124,12,0,0,0,0,0,0
110825,337.372,121,11,0,0,0,0,0,0
110844,337.444,124,11,0,0,0,0,0,0
110867,337.544,130,10,0,0,0,0,0,0
110894,337.672,126,4,0,0,0,0,0,0
110920,337.776,121,7,0,0,0,0,0,0
110944,337.872,117,6,0,0,0,0,0,0
110967,337.972,120,8,0,0,0,0,0,0
110989,338.072,114,8,0,0,0,0,0,0
111017,338.204,118,13,0,0,0,0,0,0
111038,338.304,120,11,0,0,0,0,0,0
111063,338.408,134,10,0,0,0,0,0,0
111092,338.536,131,16,0,0,0,0,0,0
111120,338.64,121,10,0,0,0,0,0,0
111147,338.74,117,16,0,0,0,0,0,0
111167,338.844,122,6,0,0,0,0,0,0
111198,338.972,127,16,0,0,0,0,0,0
111220,339.104,122,11,0,0,0,0,0,0
111247,339.236,124,15,0,0,0,0,0,0
111272,339.336,125,13,0,0,0,0,0,0
111300,339.436,120,12,0,0,0,0,0,0
111319,339.536,116,2,0,0,0,0,0,0
111341,339.636,120,9,0,0,0,0,0,0
111364,339.736,123,11,0,0,0,0,0,0
111387,339.836,127,12,0,0,0,0,0,0
111414,339.936,119,13,0,0,0,0,0,0
111440,340.036,120,9,0,0,0,0,0,0
111467,340.136,110,14,0,0,0,0,0,0
111491,340.256,114,7,0,0,0,0,0,0
111511,340.34,122,10,0,0,0,0,0,0
111534,340.472,123,8,0,0,0,0,0,0
111560,340.604,123,11,0,0,0,0,0,0
111586,340.704,116,9,0,0,0,0,0,0
111612,340.852,111,10,0,0,0,0,0,0
111634,340.972,112,10,0,0,0,0,0,0
111657,341.104,114,7,0,0,0,0,0,0
111684,341.24,115,10,0,0,0,0,0,0
111706,341.336,114,12,0,0,0,0,0,0
111729,341.436,123,13,0,0,0,0,0,0
111757,341.536,127,15,0,0,0,0,0,0
111780,341.636,126,9,0,0,0,0,0,0
111802,341.748,124,10,0,0,0,0,0,0
111832,341.872,123,19,0,0,0,0,0,0
111853,341.972,123,12,0,0,0,0,0,0
111885,342.072,125,10,0,0,0,0,0,0
111909,342.208,119,12,0,0,0,0,0,0
111934,342.308,121,14,0,0,0,0,0,0
111955,342.444,129,11,0,0,0,0,0,0
111981,342.576,127,11,0,0,0,0,0,0
112004,342.708,123,10,0,0,0,0,0,0
112032,342.84,117,11,0,0,0,0,0,0
112055,342.972,117,8,0,0,0,0,0,0
112084,343.056,117,10,0,0,0,0,0,0
112106,343.172,116,11,0,0,0,0,0,0
112130,343.272,121,11,0,0,0,0,0,0
112151,343.372,121,13,0,0,0,0,0,0
112178,343.504,125,14,0,0,0,0,0,0
112205,343.604,119,12,0,0,0,0,0,0
112230,343.704,121,8,0,0,0,0,0,0
112256,343.804,119,9,0,0,0,0,0,0
112273,343.904,118,6,0,0,0,0,0,0
112295,344.036,128,12,0,0,0,0,0,0
112319,344.14,127,12,0,0,0,0,0,0
112348,344.252,124,11,0,0,0,0,0,0
112372,344.372,115,11,0,0,0,0,0,0
112397,344.504,114,8,0,0,0,0,0,0
112418,344.644,111,10,0,0,0,0,0,0
112438,344.776,118,6,0,0,0,0,0,0
112463,344.872,124,14,0,0,0,0,0,0
112485,344.948,123,9,0,0,0,0,0,0
112510,345.06,121,9,0,0,0,0,0,0
112532,345.172,114,12,0,0,0,0,0,0
112556,345.272,118,15,0,0,0,0,0,0
112579,345.372,128,9,0,0,0,0,0,0
112606,345.472,123,13,0,0,0,0,0,0
112631,345.604,117,11,0,0,0,0,0,0
112659,345.704,119,15,0,0,0,0,0,0
112676,345.84,114,6,0,0,0,0,0,0
112699,345.972,116,11,0,0,0,0,0,0
112720,346.076,117,12,0,0,0,0,0,0
112745,346.204,123,10,0,0,0,0,0,0
112771,346.304,117,10,0,0,0,0,0,0
112789,346.408,121,8,0,0,0,0,0,0
112816,346.54,125,16,0,0,0,0,0,0
112843,346.672,123,15,0,0,0,0,0,0
112865,346.772,122,9,0,0,0,0,0,0
112887,346.844,124,10,0,0,0,0,0,0
112911,346.96,117,11,0,0,0,0,0,0
112935,347.072,109,12,0,0,0,0,0,0
112953,347.204,120,8,0,0,0,0,0,0
112977,347.336,122,7,0,0,0,0,0,0
113001,347.436,118,6,0,0,0,0,0,0
113022,347.536,120,9,0,0,0,0,0,0
113043,347.636,123,10,0,0,0,0,0,0
113066,347.74,124,9,0,0,0,0,0,0
113089,347.872,122,12,0,0,0,0,0,0
113115,347.972,123,11,0,0,0,0,0,0
113142,348.072,123,15,0,0,0,0,0,0
113168,348.172,127,6,0,0,0,0,0,0
113199,348.276,117,14,0,0,0,0,0,0
113220,348.404,119,9,0,0,0,0,0,0
113242,348.504,122,8,0,0,0,0,0,0
113264,348.64,117,10,0,0,0,0,0,0
113290,348.772,115,12,0,0,0,0,0,0
113314,348.872,117,6,0,0,0,0,0,0
113337,348.948,118,4,0,0,0,0,0,0
113359,349.044,120,8,0,0,0,0,0,0
113384,349.172,122,6,0,0,0,0,0,0
113408,349.272,117,13,0,0,0,0,0,0
113430,349.372,111,15,0,0,0,0,0,0
113460,349.504,122,15,0,0,0,0,0,0
113480,349.604,121,4,0,0,0,0,0,0
113507,349.736,121,9,0,0,0,0,0,0
113539,349.848,120,14,0,0,0,0,0,0
113559,349.972,122,8,0,0,0,0,0,0
113581,350.072,129,9,0,0,0,0,0,0
113608,350.172,123,12,0,0,0,0,0,0
113635,350.304,120,10,0,0,0,0,0,0
113658,350.408,119,10,0,0,0,0,0,0
113676,350.508,125,7,0,0,0,0,0,0
113704,350.636,123,9,0,0,0,0,0,0
113732,350.736,115,11,0,0,0,0,0,0
113758,350.836,112,9,0,0,0,0,0,0
113783,350.936,119,5,0,0,0,0,0,0
113807,351.036,114,8,0,0,0,0,0,0
113828,351.14,113,8,0,0,0,0,0,0
113854,351.272,114,5,0,0,0,0,0,0
113873,351.404,116,11,0,0,0,0,0,0
113901,351.548,120,10,0,0,0,0,0,0
113923,351.672,122,7,0,0,0,0,0,0
113952,351.772,128,11,0,0,0,0,0,0
113976,351.872,108,10,0,0,0,0,0,0
114000,351.972,114,8,0,0,0,0,0,0
114022,352.072,127,10,0,0,0,0,0,0
114042,352.204,133,11,0,0,0,0,0,0
114075,352.304,129,14,0,0,0,0,0,0
114097,352.404,118,11,0,0,0,0,0,0
114127,352.504,126,15,0,0,0,0,0,0
114162,352.604,121,16,0,0,0,0,0,0
114187,352.708,119,10,0,0,0,0,0,0
114213,352.86,123,4,0,0,0,0,0,0
114232,352.972,125,7,0,0,0,0,0,0
114266,353.104,121,13,0,0,0,0,0,0
114287,353.236,118,8,0,0,0,0,0,0
114321,353.34,124,14,0,0,0,0,0,0
114349,353.472,109,8,0,0,0,0,0,0
114373,353.548,110,9,0,0,0,0,0,0
114394,353.672,119,7,0,0,0,0,0,0
114419,353.772,122,13,0,0,0,0,0,0
114448,353.872,121,11,0,0,0,0,0,0
114472,353.972,117,10,0,0,0,0,0,0
114494,354.072,121,5,0,0,0,0,0,0
114519,354.172,120,9,0,0,0,0,0,0
114543,354.276,120,11,0,0,0,0,0,0
114567,354.376,120,15,0,0,0,0,0,0
114590,354.504,117,13,0,0,0,0,0,0
114614,354.604,120,7,0,0,0,0,0,0
114637,354.708,119,12,0,0,0,0,0,0
114662,354.856,120,7,0,0,0,0,0,0
114684,354.972,127,11,0,0,0,0,0,0
114710,355.072,128,17,0,0,0,0,0,0
114736,355.204,126,10,0,0,0,0,0,0
114766,355.336,123,16,0,0,0,0,0,0
114790,355.408,125,11,0,0,0,0,0,0
114819,355.548,123,17,0,0,0,0,0,0
114846,355.672,123,11,0,0,0,0,0,0
114871,355.772,118,13,0,0,0,0,0,0
114895,355.872,125,10,0,0,0,0,0,0
114920,355.972,121,11,0,0,0,0,0,0
114941,356.072,119,8,0,0,0,0,0,0
114971,356.172,119,10,0,0,0,0,0,0
114992,356.304,110,7,0,0,0,0,0,0
115012,356.404,112,8,0,0,0,0,0,0
115028,356.544,119,5,0,0,0,0,0,0
115054,356.672,115,5,0,0,0,0,0,0
115073,356.772,109,9,0,0,0,0,0,0
115092,356.852,119,6,0,0,0,0,0,0
115109,356.972,123,5,0,0,0,0,0,0
115136,357.076,118,10,0,0,0,0,0,0
115152,357.172,121,7,0,0,0,0,0,0
115179,357.272,123,13,0,0,0,0,0,0
115201,357.372,118,11,0,0,0,0,0,0
115230,357.504,117,9,0,0,0,0,0,0
115256,357.608,117,9,0,0,0,0,0,0
115280,357.736,117,8,0,0,0,0,0,0
115303,357.836,120,10,0,0,0,0,0,0
115334,357.936,119,11,0,0,0,0,0,0
115355,358.036,110,12,0,0,0,0,0,0
115378,358.108,118,7,0,0,0,0,0,0
115402,358.248,123,12,0,0,0,0,0,0
115428,358.372,121,9,0,0,0,0,0,0
115451,358.448,116,9,0,0,0,0,0,0
115475,358.552,120,9,0,0,0,0,0,0
115494,358.672,120,7,0,0,0,0,0,0
115520,358.772,122,16,0,0,0,0,0,0
115544,358.904,129,9,0,0,0,0,0,0
115575,359.04,122,9,0,0,0,0,0,0
115599,359.176,116,9,0,0,0,0,0,0
115619,359.272,117,12,0,0,0,0,0,0
115645,359.372,125,13,0,0,0,0,0,0
115673,359.472,123,14,0,0,0,0,0,0
115695,359.572,119,8,0,0,0,0,0,0
115720,359.672,119,13,0,0,0,0,0,0
115745,359.772,119,11,0,0,0,0,0,0
115771,359.844,121,13,0,0,0,0,0,0
115801,359.94,121,12,0,0,0,0,0,0
115827,360.036,122,11,0,0,0,0,0,0
115851,360.108,122,14,0,0,0,0,0,0
115878,360.236,125,7,0,0,0,0,0,0
115901,360.336,121,14,0,0,0,0,0,0
115932,360.436,123,14,0,0,0,0,0,0
115958,360.536,120,13,0,0,0,0,0,0
115981,360.636,122,8,0,0,0,0,0,0
116009,360.736,118,9,0,0,0,0,0,0
116024,360.836,120,7,0,0,0,0,0,0
116051,360.908,126,13,0,0,0,0,0,0
116074,361.008,121,15,0,0,0,0,0,0
116098,361.136,128,8,0,0,0,0,0,0
116128,361.236,125,8,0,0,0,0,0,0
116153,361.336,108,12,0,0,0,0,0,0
116178,361.44,117,14,0,0,0,0,0,0
116201,361.572,118,9,0,0,0,0,0,0
116223,361.704,122,7,0,0,0,0,0,0
116249,361.804,120,7,0,0,0,0,0,0
116276,361.94,113,13,0,0,0,0,0,0
116293,362.072,111,6,0,0,0,0,0,0
116314,362.204,119,11,0,0,0,0,0,0
116342,362.308,121,15,0,0,0,0,0,0
116362,362.44,119,8,0,0,0,0,0,0
116385,362.536,128,9,0,0,0,0,0,0
116407,362.636,123,11,0,0,0,0,0,0
116432,362.708,118,8,0,0,0,0,0,0
116452,362.84,120,6,0,0,0,0,0,0
116478,362.94,122,11,0,0,0,0,0,0
116507,363.072,120,15,0,0,0,0,0,0
116528,363.204,124,11,0,0,0,0,0,0
116558,363.308,131,14,0,0,0,0,0,0
116587,363.408,119,11,0,0,0,0,0,0
116610,363.536,123,10,0,0,0,0,0,0
116640,363.636,121,21,0,0,0,0,0,0
116663,363.74,124,9,0,0,0,0,0,0
116688,363.852,125,8,0,0,0,0,0,0
116712,363.972,126,9,0,0,0,0,0,0
116737,364.072,122,5,0,0,0,0,0,0
116761,364.176,114,8,0,0,0,0,0,0
116789,364.272,111,9,0,0,0,0,0,0
116811,364.372,115,10,0,0,0,0,0,0
116835,364.448,122,14,0,0,0,0,0,0
116859,364.548,121,7,0,0,0,0,0,0
116883,364.644,122,12,0,0,0,0,0,0
116906,364.772,123,12,0,0,0,0,0,0
116933,364.872,124,13,0,0,0,0,0,0
116957,365.004,118,13,0,0,0,0,0,0
116982,365.14,125,17,0,0,0,0,0,0
117010,365.272,125,12,0,0,0,0,0,0
117035,365.372,128,12,0,0,0,0,0,0
117061,365.504,123,8,0,0,0,0,0,0
117083,365.604,124,9,0,0,0,0,0,0
117115,365.748,119,20,0,0,0,0,0,0
117139,365.872,123,10,0,0,0,0,0,0
117165,365.972,128,10,0,0,0,0,0,0
117192,366.108,127,12,0,0,0,0,0,0
117217,366.248,123,6,0,0,0,0,0,0
117241,366.372,122,8,0,0,0,0,0,0
117265,366.46,115,5,0,0,0,0,0,0
117281,366.572,113,7,0,0,0,0,0,0
117305,366.672,121,10,0,0,0,0,0,0
117327,366.772,126,11,0,0,0,0,0,0
117350,366.872,126,10,0,0,0,0,0,0
117375,367.004,122,10,0,0,0,0,0,0
117397,367.136,118,7,0,0,0,0,0,0
117412,367.236,123,7,0,0,0,0,0,0
117440,367.336,122,13,0,0,0,0,0,0
117467,367.436,116,13,0,0,0,0,0,0
117492,367.536,121,10,0,0,0,0,0,0
117513,367.636,122,11,0,0,0,0,0,0
117539,367.736,124,13,0,0,0,0,0,0
117562,367.84,118,6,0,0,0,0,0,0
117583,367.976,119,5,0,0,0,0,0,0
117610,368.104,120,14,0,0,0,0,0,0
117640,368.204,126,10,0,0,0,0,0,0
117666,368.356,117,10,0,0,0,0,0,0
117691,368.44,125,12,0,0,0,0,0,0
117714,368.536,129,8,0,0,0,0,0,0
117742,368.636,125,8,0,0,0,0,0,0
117764,368.736,116,7,0,0,0,0,0,0
117785,368.84,116,8,0,0,0,0,0,0
117812,368.972,121,8,0,0,0,0,0,0
117841,369.072,118,13,0,0,0,0,0,0
117867,369.172,117,8,0,0,0,0,0,0
117889,369.304,120,12,0,0,0,0,0,0
117913,369.408,122,12,0,0,0,0,0,0
117938,369.492,131,15,0,0,0,0,0,0
117970,369.572,127,20,0,0,0,0,0,0
117995,369.704,126,10,0,0,0,0,0,0
118023,369.804,125,11,0,0,0,0,0,0
118048,369.94,122,9,0,0,0,0,0,0
118079,370.048,117,10,0,0,0,0,0,0
118094,370.172,117,5,0,0,0,0,0,0
118123,370.272,118,14,0,0,0,0,0,0
118141,370.372,117,8,0,0,0,0,0,0
118170,370.508,120,16,0,0,0,0,0,0
118197,370.612,120,16,0,0,0,0,0,0
118222,370.736,126,11,0,0,0,0,0,0
118251,370.808,122,15,0,0,0,0,0,0
118273,370.956,120,4,0,0,0,0,0,0
118300,371.072,119,14,0,0,0,0,0,0
118324,371.172,113,14,0,0,0,0,0,0
118349,371.272,120,9,0,0,0,0,0,0
118377,371.372,127,11,0,0,0,0,0,0
118406,371.472,113,12,0,0,0,0,0,0
118425,371.572,116,8,0,0,0,0,0,0
118443,371.704,130,9,0,0,0,0,0,0
118467,371.804,127,13,0,0,0,0,0,0
118496,371.936,121,15,0,0,0,0,0,0
118519,372.036,118,8,0,0,0,0,0,0
118543,372.108,116,7,0,0,0,0,0,0
118559,372.204,118,5,0,0,0,0,0,0
118582,372.352,126,10,0,0,0,0,0,0
118610,372.472,120,11,0,0,0,0,0,0
118633,372.572,121,3,0,0,0,0,0,0
118661,372.672,118,7,0,0,0,0,0,0
118688,372.772,114,10,0,0,0,0,0,0
118714,372.904,120,12,0,0,0,0,0,0
118739,373.004,126,7,0,0,0,0,0,0
118766,373.136,122,8,0,0,0,0,0,0
118792,373.236,120,8,0,0,0,0,0,0
118818,373.336,118,10,0,0,0,0,0,0
118843,373.436,116,9,0,0,0,0,0,0
118867,373.536,122,13,0,0,0,0,0,0
118896,373.636,123,10,0,0,0,0,0,0
118917,373.708,115,7,0,0,0,0,0,0
118942,373.808,119,10,0,0,0,0,0,0
118966,373.936,115,10,0,0,0,0,0,0
118990,374.04,120,12,0,0,0,0,0,0
119011,374.172,123,8,0,0,0,0,0,0
119037,374.252,117,13,0,0,0,0,0,0
119060,374.372,122,7,0,0,0,0,0,0
119086,374.476,123,9,0,0,0,0,0,0
119110,374.572,123,11,0,0,0,0,0,0
119140,374.708,121,11,0,0,0,0,0,0
119165,374.804,117,10,0,0,0,0,0,0
119185,374.908,120,10,0,0,0,0,0,0
119208,375.036,124,7,0,0,0,0,0,0
119225,375.152,125,6,0,0,0,0,0,0
119252,375.272,120,15,0,0,0,0,0,0
119275,375.404,120,12,0,0,0,0,0,0
119302,375.504,121,10,0,0,0,0,0,0
119328,375.652,109,8,0,0,0,0,0,0
119351,375.772,110,8,0,0,0,0,0,0
119369,375.908,118,12,0,0,0,0,0,0
119391,376.012,122,10,0,0,0,0,0,0
119414,376.108,126,9,0,0,0,0,0,0
119435,376.208,127,12,0,0,0,0,0,0
119463,376.336,127,13,0,0,0,0,0,0
119487,376.436,124,9,0,0,0,0,0,0
119512,376.536,119,12,0,0,0,0,0,0
119535,376.652,122,10,0,0,0,0,0,0
119559,376.772,121,11,0,0,0,0,0,0
119580,376.876,117,6,0,0,0,0,0,0
119608,377.004,117,10,0,0,0,0,0,0
119630,377.164,114,9,0,0,0,0,0,0
119656,377.272,116,16,0,0,0,0,0,0
119685,377.404,121,16,0,0,0,0,0,0
119709,377.504,118,11,0,0,0,0,0,0
119734,377.636,124,13,0,0,0,0,0,0
119763,377.74,119,16,0,0,0,0,0,0
119790,377.872,113,14,0,0,0,0,0,0
119817,377.972,118,13,0,0,0,0,0,0
119838,378.076,120,13,0,0,0,0,0,0
119862,378.204,125,9,0,0,0,0,0,0
119892,378.304,120,13,0,0,0,0,0,0
119912,378.448,116,6,0,0,0,0,0,0
119934,378.572,121,13,0,0,0,0,0,0
119953,378.704,124,8,0,0,0,0,0,0
119982,378.804,123,16,0,0,0,0,0,0
120009,378.948,125,12,0,0,0,0,0,0
120039,379.072,125,18,0,0,0,0,0,0
120064,379.176,127,7,0,0,0,0,0,0
120094,379.304,120,18,0,0,0,0,0,0
120116,379.404,115,9,0,0,0,0,0,0
120147,379.508,121,14,0,0,0,0,0,0
120171,379.608,115,12,0,0,0,0,0,0
120193,379.736,113,13,0,0,0,0,0,0
120220,379.836,117,9,0,0,0,0,0,0
120245,379.936,118,12,0,0,0,0,0,0
120272,380.008,118,15,0,0,0,0,0,0
120297,380.14,120,15,0,0,0,0,0,0
120319,380.272,126,9,0,0,0,0,0,0
120344,380.372,130,11,0,0,0,0,0,0
120367,380.472,125,11,0,0,0,0,0,0
120395,380.548,129,13,0,0,0,0,0,0
120419,380.672,133,11,0,0,0,0,0,0
120447,380.752,127,9,0,0,0,0,0,0
120471,380.872,122,6,0,0,0,0,0,0
120500,381.004,119,11,0,0,0,0,0,0
120523,381.136,122,13,0,0,0,0,0,0
120543,381.236,125,12,0,0,0,0,0,0
120567,381.344,133,9,0,0,0,0,0,0
120594,381.476,129,14,0,0,0,0,0,0
120615,381.572,124,6,0,0,0,0,0,0
120642,381.652,125,9,0,0,0,0,0,0
120664,381.772,123,10,0,0,0,0,0,0
120694,381.876,123,12,0,0,0,0,0,0
120720,381.972,119,14,0,0,0,0,0,0
120747,382.072,117,9,0,0,0,0,0,0
120767,382.172,125,10,0,0,0,0,0,0
120801,382.272,121,15,0,0,0,0,0,0
120820,382.372,118,4,0,0,0,0,0,0
120844,382.476,123,7,0,0,0,0,0,0
120873,382.572,120,14,0,0,0,0,0,0
120897,382.672,121,8,0,0,0,0,0,0
120922,382.772,122,13,0,0,0,0,0,0
120945,382.904,122,11,0,0,0,0,0,0
120976,383.048,121,12,0,0,0,0,0,0
121000,383.14,121,12,0,0,0,0,0,0
121024,383.272,125,10,0,0,0,0,0,0
121054,383.372,125,11,0,0,0,0,0,0
121082,383.472,125,14,0,0,0,0,0,0
121106,383.572,127,10,0,0,0,0,0,0
121133,383.708,122,10,0,0,0,0,0,0
121157,383.804,122,14,0,0,0,0,0,0
121181,383.912,125,13,0,0,0,0,0,0
121207,384.04,125,13,0,0,0,0,0,0
121236,384.172,120,7,0,0,0,0,0,0
121264,384.304,127,14,0,0,0,0,0,0
121290,384.44,122,10,0,0,0,0,0,0
121313,384.54,122,9,0,0,0,0,0,0
121340,384.672,122,8,0,0,0,0,0,0
121363,384.744,118,10,0,0,0,0,0,0
121389,384.856,118,16,0,0,0,0,0,0
121412,384.972,121,13,0,0,0,0,0,0
121441,385.072,119,11,0,0,0,0,0,0
121464,385.176,119,8,0,0,0,0,0,0
121492,385.304,123,9,0,0,0,0,0,0
121516,385.44,117,7,0,0,0,0,0,0
121539,385.572,119,9,0,0,0,0,0,0
121569,385.672,119,14,0,0,0,0,0,0
121595,385.772,120,9,0,0,0,0,0,0
121621,385.904,124,8,0,0,0,0,0,0
121645,385.988,130,12,0,0,0,0,0,0
121675,386.072,130,10,0,0,0,0,0,0
121700,386.204,122,4,0,0,0,0,0,0
121731,386.304,127,14,0,0,0,0,0,0
121755,386.456,122,15,0,0,0,0,0,0
121776,386.572,128,13,0,0,0,0,0,0
121807,386.676,129,14,0,0,0,0,0,0
121834,386.772,122,13,0,0,0,0,0,0
121860,386.872,121,8,0,0,0,0,0,0
121880,386.976,121,8,0,0,0,0,0,0
121903,387.104,119,8,0,0,0,0,0,0
121927,387.236,117,11,0,0,0,0,0,0
121957,387.352,115,12,0,0,0,0,0,0
121980,387.472,118,7,0,0,0,0,0,0
122005,387.604,124,13,0,0,0,0,0,0
122026,387.704,122,7,0,0,0,0,0,0
122051,387.852,123,15,0,0,0,0,0,0
122077,387.972,127,13,0,0,0,0,0,0
122099,388.052,130,11,0,0,0,0,0,0
122123,388.172,135,9,0,0,0,0,0,0
122151,388.252,127,18,0,0,0,0,0,0
122178,388.34,126,11,0,0,0,0,0,0
122206,388.472,127,12,0,0,0,0,0,0
122224,388.572,120,11,0,0,0,0,0,0
122250,388.704,128,9,0,0,0,0,0,0
122277,388.804,124,17,0,0,0,0,0,0
122303,388.904,116,15,0,0,0,0,0,0
122323,389.004,123,11,0,0,0,0,0,0
122353,389.136,129,18,0,0,0,0,0,0
122380,389.236,126,9,0,0,0,0,0,0
122406,389.336,126,13,0,0,0,0,0,0
122432,389.44,130,13,0,0,0,0,0,0
122462,389.572,137,16,0,0,0,0,0,0
122493,389.672,130,14,0,0,0,0,0,0
122513,389.772,123,11,0,0,0,0,0,0
122539,389.872,123,15,0,0,0,0,0,0
122564,390.004,121,13,0,0,0,0,0,0
122595,390.136,121,15,0,0,0,0,0,0
122621,390.236,118,10,0,0,0,0,0,0
122650,390.336,124,15,0,0,0,0,0,0
122674,390.436,119,11,0,0,0,0,0,0
122702,390.536,124,11,0,0,0,0,0,0
122726,390.636,122,7,0,0,0,0,0,0
122757,390.736,124,16,0,0,0,0,0,0
122781,390.808,120,11,0,0,0,0,0,0
122809,390.936,123,11,0,0,0,0,0,0
122830,391.036,124,7,0,0,0,0,0,0
122857,391.108,126,11,0,0,0,0,0,0
122887,391.236,116,13,0,0,0,0,0,0
122911,391.34,112,12,0,0,0,0,0,0
122929,391.472,124,9,0,0,0,0,0,0
122956,391.572,132,14,0,0,0,0,0,0
122979,391.704,126,9,0,0,0,0,0,0
123005,391.836,128,12,0,0,0,0,0,0
123035,391.936,119,13,0,0,0,0,0,0
123054,392.04,123,6,0,0,0,0,0,0
123077,392.172,126,6,0,0,0,0,0,0
123102,392.272,117,12,0,0,0,0,0,0
123122,392.372,122,9,0,0,0,0,0,0
123146,392.472,128,6,0,0,0,0,0,0
123170,392.572,123,13,0,0,0,0,0,0
123197,392.672,123,15,0,0,0,0,0,0
123216,392.804,126,10,0,0,0,0,0,0
123239,392.94,127,5,0,0,0,0,0,0
123265,393.072,117,10,0,0,0,0,0,0
123289,393.172,118,12,0,0,0,0,0,0
123318,393.272,120,14,0,0,0,0,0,0
123335,393.372,122,6,0,0,0,0,0,0
123365,393.472,129,12,0,0,0,0,0,0
123385,393.572,121,8,0,0,0,0,0,0
123410,393.672,125,15,0,0,0,0,0,0
123436,393.772,122,16,0,0,0,0,0,0
123467,393.872,123,10,0,0,0,0,0,0
123491,393.972,117,15,0,0,0,0,0,0
123516,394.072,123,13,0,0,0,0,0,0
123544,394.204,129,14,0,0,0,0,0,0
123569,394.336,125,10,0,0,0,0,0,0
123594,394.436,125,16,0,0,0,0,0,0
123623,394.508,130,11,0,0,0,0,0,0
123650,394.636,123,10,0,0,0,0,0,0
123672,394.736,121,10,0,0,0,0,0,0
123697,394.808,126,12,0,0,0,0,0,0
123721,394.936,119,13,0,0,0,0,0,0
123747,395.008,123,14,0,0,0,0,0,0
123777,395.136,127,11,0,0,0,0,0,0
123803,395.236,127,11,0,0,0,0,0,0
123828,395.336,123,12,0,0,0,0,0,0
123855,395.408,119,11,0,0,0,0,0,0
123886,395.536,122,11,0,0,0,0,0,0
123909,395.636,121,9,0,0,0,0,0,0
123938,395.736,128,12,0,0,0,0,0,0
123964,395.836,122,11,0,0,0,0,0,0
123987,395.94,124,11,0,0,0,0,0,0
124018,396.072,120,10,0,0,0,0,0,0
124038,396.172,117,5,0,0,0,0,0,0
124068,396.272,119,14,0,0,0,0,0,0
124096,396.372,115,13,0,0,0,0,0,0
124119,396.472,122,12,0,0,0,0,0,0
124150,396.572,122,13,0,0,0,0,0,0
124173,396.704,115,8,0,0,0,0,0,0
124198,396.836,120,12,0,0,0,0,0,0
124225,396.936,120,9,0,0,0,0,0,0
124250,397.036,118,7,0,0,0,0,0,0
124274,397.136,113,12,0,0,0,0,0,0
124293,397.236,116,13,0,0,0,0,0,0
124316,397.336,120,11,0,0,0,0,0,0
124343,397.44,121,13,0,0,0,0,0,0
124371,397.536,122,14,0,0,0,0,0,0
124397,397.608,128,10,0,0,0,0,0,0
124420,397.736,125,6,0,0,0,0,0,0
124443,397.836,124,7,0,0,0,0,0,0
124473,397.936,116,16,0,0,0,0,0,0
124495,398.036,119,11,0,0,0,0,0,0
124516,398.136,128,8,0,0,0,0,0,0
124536,398.236,125,8,0,0,0,0,0,0
124559,398.308,114,10,0,0,0,0,0,0
124582,398.436,113,11,0,0,0,0,0,0
124612,398.536,117,12,0,0,0,0,0,0
124636,398.608,116,11,0,0,0,0,0,0
124661,398.74,120,13,0,0,0,0,0,0
124685,398.872,119,15,0,0,0,0,0,0
124708,398.972,125,10,0,0,0,0,0,0
124741,399.072,124,15,0,0,0,0,0,0
124767,399.172,121,7,0,0,0,0,0,0
124795,399.272,127,13,0,0,0,0,0,0
124818,399.372,123,9,0,0,0,0,0,0
124847,399.472,125,16,0,0,0,0,0,0
124874,399.572,122,17,0,0,0,0,0,0
124899,399.672,131,7,0,0,0,0,0,0
124927,399.804,123,7,0,0,0,0,0,0
124952,399.936,117,12,0,0,0,0,0,0
124977,400.036,124,13,0,0,0,0,0,0
125010,400.136,125,20,0,0,0,0,0,0
125038,400.236,124,12,0,0,0,0,0,0
125063,400.336,120,13,0,0,0,0,0,0
125091,400.436,121,10,0,0,0,0,0,0
125112,400.536,119,7,0,0,0,0,0,0
125137,400.636,121,15,0,0,0,0,0,0
125158,400.736,125,8,0,0,0,0,0,0
125189,400.836,122,8,0,0,0,0,0,0
125218,400.936,120,8,0,0,0,0,0,0
125237,401.036,119,7,0,0,0,0,0,0
125263,401.136,121,12,0,0,0,0,0,0
125286,401.236,121,11,0,0,0,0,0,0
125308,401.34,121,12,0,0,0,0,0,0
125334,401.44,123,7,0,0,0,0,0,0
125362,401.572,121,16,0,0,0,0,0,0
125383,401.672,119,13,0,0,0,0,0,0
125405,401.772,125,9,0,0,0,0,0,0
125432,401.876,117,10,0,0,0,0,0,0
125451,401.972,114,7,0,0,0,0,0,0
125471,402.104,121,9,0,0,0,0,0,0
125493,402.24,125,11,0,0,0,0,0,0
125517,402.376,129,8,0,0,0,0,0,0
125543,402.472,125,11,0,0,0,0,0,0
125569,402.572,118,9,0,0,0,0,0,0
125587,402.672,125,5,0,0,0,0,0,0
125610,402.772,127,10,0,0,0,0,0,0
125635,402.904,120,8,0,0,0,0,0,0
125659,403.036,115,5,0,0,0,0,0,0
125682,403.136,112,12,0,0,0,0,0,0
125699,403.236,116,9,0,0,0,0,0,0
125726,403.336,123,13,0,0,0,0,0,0
125747,403.436,119,7,0,0,0,0,0,0
125771,403.536,125,15,0,0,0,0,0,0
125798,403.608,124,14,0,0,0,0,0,0
125829,403.736,127,11,0,0,0,0,0,0
125851,403.808,127,12,0,0,0,0,0,0
125876,403.936,125,11,0,0,0,0,0,0
125908,404.036,119,16,0,0,0,0,0,0
125935,404.136,123,9,0,0,0,0,0,0
125957,404.236,125,10,0,0,0,0,0,0
125987,404.336,120,15,0,0,0,0,0,0
126010,404.436,115,10,0,0,0,0,0,0
126033,404.536,121,11,0,0,0,0,0,0
126055,404.636,125,11,0,0,0,0,0,0
126075,404.708,123,9,0,0,0,0,0,0
126097,404.836,125,10,0,0,0,0,0,0
126121,404.936,121,7,0,0,0,0,0,0
126140,405.036,113,7,0,0,0,0,0,0
126163,405.136,113,8,0,0,0,0,0,0
126186,405.236,113,12,0,0,0,0,0,0
126204,405.34,120,7,0,0,0,0,0,0
126227,405.472,123,6,0,0,0,0,0,0
126246,405.572,118,9,0,0,0,0,0,0
126270,405.672,117,9,0,0,0,0,0,0
126296,405.772,114,12,0,0,0,0,0,0
126314,405.872,120,10,0,0,0,0,0,0
126340,406.004,124,13,0,0,0,0,0,0
126362,406.136,124,11,0,0,0,0,0,0
126385,406.208,127,10,0,0,0,0,0,0
126414,406.336,121,10,0,0,0,0,0,0
126439,406.436,115,10,0,0,0,0,0,0
