[0m[INFO] [1790884396.207312873]: init begins[0m
vins stack guard: RLIMIT_STACK soft -> 512 MB
config_file: /home/uav/catkin_ws/src/VINS-Fusion/config/sim_stereo_t2gates/sim_stereo_imu_config.yaml
USE_IMU: 1
IMU_TOPIC: /mavros/imu/data_raw
T2_DEPTH_GATE: 0 min=0.150 max=30.000 xcheck_tol=0.30
T2 knobs: loss=0 cauchy=4.00 rejectF=0 chi2=0(m=5.0 conf=0.95) prior=0(cost=5000 dbas=0.050 share=0.50 cd=5 strat=1) cost_trace=0
REANCHOR_SMOOTH: 1 frames: 15
result path /home/uav/vins_output//vio.csv
[33m[WARN] [1790884396.210908066]:  fix extrinsic param [0m
camera number 2
[0m[INFO] [1790884396.211394417]: Synchronized sensors, fix time offset: 0[0m
[0m[INFO] [1790884396.211405044]: ROW: 480 COL: 640 [0m
 exitrinsic cam 0
 0  0  1
-1  0  0
 0 -1  0
 0.12  0.05 -0.02
 exitrinsic cam 1
 0  0  1
-1  0  0
 0 -1  0
 0.12 -0.05 -0.02
set g    0    0 9.81
[33m[WARN] [1790884396.211649650]: waiting for image and imu...[0m
[0m[INFO] [1790884396.211471793]: reading paramerter of camera /home/uav/catkin_ws/src/VINS-Fusion/config/sim_stereo_t2gates/left.yaml[0m
[0m[INFO] [1790884396.211580773]: reading paramerter of camera /home/uav/catkin_ws/src/VINS-Fusion/config/sim_stereo_t2gates/right.yaml[0m
MULTIPLE_THREAD is 1
init first imu pose
averge acc 0.056915 -0.024432 9.813334
init R0 
   0.999983 1.44391e-05 -0.00579962
          0    0.999997  0.00248965
 0.00579964 -0.00248961     0.99998
[31m[ERROR] [1790884396.615906803, 10.080000000]: dt clamp: dt=10.96 imu_t=9.9600 prev=-1.0000 (domain split or IMU disorder?)[0m
[T2depth] t=10.0280 id=0 src=stereo u=445.0 v=241.0 depth=3.8954 depth2=-1.0000 track=1 sf=0 flag=ok
[T2depth] t=10.0280 id=13 src=stereo u=447.0 v=34.0 depth=3.9195 depth2=-1.0000 track=1 sf=0 flag=ok
[T2depth] t=10.0280 id=21 src=stereo u=453.0 v=364.0 depth=5.0000 depth2=-1.0000 track=1 sf=0 flag=init_neg
[T2depth] t=10.0280 id=38 src=stereo u=446.9 v=334.0 depth=5.0000 depth2=-1.0000 track=1 sf=0 flag=init_neg
[T2depth] t=10.0280 id=85 src=stereo u=285.5 v=242.0 depth=5.0790 depth2=-1.0000 track=1 sf=0 flag=ok
[T2depth] t=10.0280 id=103 src=stereo u=452.0 v=190.0 depth=3.8951 depth2=-1.0000 track=1 sf=0 flag=ok
[T2depth] t=10.0280 id=105 src=stereo u=414.0 v=245.0 depth=2.9557 depth2=-1.0000 track=1 sf=0 flag=ok
[T2depth] t=10.0280 id=106 src=stereo u=429.0 v=110.0 depth=4.4082 depth2=-1.0000 track=1 sf=0 flag=ok
[T2depth] t=10.0280 id=122 src=stereo u=182.0 v=49.0 depth=5.0000 depth2=-1.0000 track=1 sf=0 flag=init_neg
[T2depth] t=10.0280 id=123 src=stereo u=514.0 v=204.0 depth=4.5728 depth2=-1.0000 track=1 sf=0 flag=ok
[T2depth] t=10.0280 id=124 src=stereo u=445.0 v=156.0 depth=3.8930 depth2=-1.0000 track=1 sf=0 flag=ok
[T2depth] t=10.0280 id=127 src=stereo u=45.0 v=104.0 depth=22.1245 depth2=-1.0000 track=1 sf=0 flag=ok
[T2depth] t=10.0280 id=130 src=stereo u=375.0 v=36.0 depth=4.0793 depth2=-1.0000 track=1 sf=0 flag=ok
[T2depth] t=10.0280 id=132 src=stereo u=200.0 v=164.0 depth=46.2583 depth2=-1.0000 track=1 sf=0 flag=ok
[T2depth] t=10.0280 id=140 src=stereo u=490.0 v=269.0 depth=2.5889 depth2=-1.0000 track=1 sf=0 flag=ok
[T2depth] t=10.0280 id=141 src=stereo u=112.0 v=163.0 depth=5.0000 depth2=-1.0000 track=1 sf=0 flag=init_neg
[T2depth] t=10.0280 id=143 src=stereo u=451.0 v=67.0 depth=3.9004 depth2=-1.0000 track=1 sf=0 flag=ok
[T2gate] t=10.0280 tri=150 rej=0 xrej=0 init_replace=4 gate=0
[T2xcross] t=10.1280 id=0 est=3.8954 svd=4.4137 rel=0.1174 track=2 sf=0
[T2depth] t=10.1280 id=1 src=motion2 u=191.0 v=340.0 depth=5.9417 depth2=-1.0000 track=2 sf=0 flag=ok
[T2depth] t=10.1280 id=2 src=motion2 u=225.0 v=347.0 depth=5.3949 depth2=-1.0000 track=2 sf=0 flag=ok
[T2depth] t=10.1280 id=3 src=motion2 u=617.0 v=372.0 depth=3.0816 depth2=-1.0000 track=2 sf=0 flag=ok
[T2depth] t=10.1280 id=4 src=motion2 u=385.8 v=386.9 depth=3.8202 depth2=-1.0000 track=2 sf=0 flag=ok
[T2depth] t=10.1280 id=5 src=motion2 u=264.0 v=362.0 depth=4.8511 depth2=-1.0000 track=2 sf=0 flag=ok
[T2depth] t=10.1280 id=6 src=motion2 u=296.0 v=354.0 depth=4.6449 depth2=-1.0000 track=2 sf=0 flag=ok
[T2depth] t=10.1280 id=7 src=motion2 u=4.0 v=374.0 depth=9.6074 depth2=-1.0000 track=2 sf=0 flag=ok
[T2depth] t=10.1280 id=8 src=motion2 u=158.0 v=342.0 depth=6.3241 depth2=-1.0000 track=2 sf=0 flag=ok
[T2depth] t=10.1280 id=9 src=motion2 u=203.0 v=388.0 depth=5.0984 depth2=-1.0000 track=2 sf=0 flag=ok
[T2depth] t=10.1280 id=10 src=motion2 u=352.1 v=346.0 depth=4.3357 depth2=-1.0000 track=2 sf=0 flag=ok
[T2depth] t=10.1280 id=11 src=motion2 u=116.9 v=360.1 depth=6.7064 depth2=-1.0000 track=2 sf=0 flag=ok
[T2depth] t=10.1280 id=12 src=motion2 u=398.9 v=342.0 depth=4.1018 depth2=-1.0000 track=2 sf=0 flag=ok
[T2xcross] t=10.1280 id=13 est=3.9195 svd=4.3884 rel=0.1069 track=2 sf=0
[T2depth] t=10.1280 id=14 src=motion2 u=88.2 v=386.0 depth=6.5874 depth2=-1.0000 track=2 sf=0 flag=ok
[T2depth] t=10.1280 id=15 src=motion2 u=554.8 v=355.9 depth=3.3447 depth2=-1.0000 track=2 sf=0 flag=ok
[T2depth] t=10.1280 id=16 src=motion2 u=50.8 v=411.0 depth=6.5400 depth2=-1.0000 track=2 sf=0 flag=ok
[T2depth] t=10.1280 id=17 src=motion2 u=560.3 v=387.1 depth=3.1775 depth2=-1.0000 track=2 sf=0 flag=ok
[T2depth] t=10.1280 id=18 src=motion2 u=287.9 v=390.0 depth=4.3384 depth2=-1.0000 track=2 sf=0 flag=ok
[T2depth] t=10.1280 id=19 src=motion2 u=142.1 v=394.0 depth=5.5507 depth2=-1.0000 track=2 sf=0 flag=ok
[T2depth] t=10.1280 id=20 src=motion2 u=44.0 v=348.0 depth=8.8345 depth2=-1.0000 track=2 sf=0 flag=ok
[T2xcross] t=10.1280 id=21 est=5.0000 svd=3.7121 rel=0.2576 track=2 sf=0
[T2depth] t=10.1280 id=22 src=motion2 u=463.0 v=7.0 depth=4.1323 depth2=-1.0000 track=2 sf=0 flag=ok
[T2depth] t=10.1280 id=23 src=motion2 u=505.2 v=361.0 depth=3.5163 depth2=-1.0000 track=2 sf=0 flag=ok
[T2depth] t=10.1280 id=25 src=motion2 u=197.1 v=446.0 depth=4.1649 depth2=-1.0000 track=2 sf=0 flag=ok
[T2depth] t=10.1280 id=26 src=motion2 u=5.9 v=342.0 depth=11.2093 depth2=-1.0000 track=2 sf=0 flag=ok
[T2depth] t=10.1280 id=27 src=motion2 u=637.2 v=346.0 depth=3.0811 depth2=-1.0000 track=2 sf=0 flag=ok
[T2depth] t=10.1280 id=28 src=motion2 u=480.6 v=386.9 depth=3.4429 depth2=-1.0000 track=2 sf=0 flag=ok
[T2depth] t=10.1280 id=29 src=motion2 u=120.1 v=420.0 depth=5.2184 depth2=-1.0000 track=2 sf=0 flag=ok
[T2depth] t=10.1280 id=30 src=motion2 u=71.1 v=434.9 depth=5.6043 depth2=-1.0000 track=2 sf=0 flag=ok
[T2depth] t=10.1280 id=31 src=motion2 u=350.6 v=406.0 depth=3.9187 depth2=-1.0000 track=2 sf=0 flag=ok
[T2depth] t=10.1280 id=32 src=motion2 u=89.0 v=320.0 depth=8.6388 depth2=-1.0000 track=2 sf=0 flag=ok
[T2depth] t=10.1280 id=33 src=motion2 u=433.8 v=406.9 depth=3.4588 depth2=-1.0000 track=2 sf=0 flag=ok
[T2depth] t=10.1280 id=34 src=motion2 u=262.9 v=450.0 depth=3.7842 depth2=-1.0000 track=2 sf=0 flag=ok
[T2depth] t=10.1280 id=35 src=motion2 u=225.4 v=468.0 depth=3.7970 depth2=-1.0000 track=2 sf=0 flag=ok
[T2depth] t=10.1280 id=36 src=motion2 u=522.0 v=323.0 depth=3.6147 depth2=-1.0000 track=2 sf=0 flag=ok
[T2depth] t=10.1280 id=37 src=motion2 u=619.1 v=320.0 depth=3.2107 depth2=-1.0000 track=2 sf=0 flag=ok
[T2xcross] t=10.1280 id=38 est=5.0000 svd=3.8122 rel=0.2376 track=2 sf=0
[T2depth] t=10.1280 id=39 src=motion2 u=593.7 v=419.0 depth=2.9482 depth2=-1.0000 track=2 sf=0 flag=ok
[T2depth] t=10.1280 id=40 src=motion2 u=317.8 v=310.0 depth=4.8980 depth2=-1.0000 track=2 sf=0 flag=ok
[T2depth] t=10.1280 id=41 src=motion2 u=614.3 v=451.2 depth=2.7515 depth2=-1.0000 track=2 sf=0 flag=ok
[T2depth] t=10.1280 id=42 src=motion2 u=236.9 v=378.0 depth=4.8582 depth2=-1.0000 track=2 sf=0 flag=ok
[T2depth] t=10.1280 id=43 src=motion2 u=309.1 v=427.8 depth=3.8304 depth2=-1.0000 track=2 sf=0 flag=ok
[T2depth] t=10.1280 id=44 src=motion2 u=511.2 v=438.2 depth=3.0474 depth2=-1.0000 track=2 sf=0 flag=ok
[T2depth] t=10.1280 id=45 src=motion2 u=73.9 v=353.0 depth=7.9624 depth2=-1.0000 track=2 sf=0 flag=ok
[T2depth] t=10.1280 id=46 src=motion2 u=211.0 v=316.0 depth=5.9924 depth2=-1.0000 track=2 sf=0 flag=ok
[T2depth] t=10.1280 id=47 src=motion2 u=59.9 v=310.0 depth=10.3461 depth2=-1.0000 track=2 sf=0 flag=ok
[T2depth] t=10.1280 id=48 src=motion2 u=253.1 v=408.0 depth=4.3215 depth2=-1.0000 track=2 sf=0 flag=ok
[T2depth] t=10.1280 id=49 src=motion2 u=163.5 v=463.4 depth=4.2671 depth2=-1.0000 track=2 sf=0 flag=ok
[T2depth] t=10.1280 id=50 src=motion2 u=463.3 v=294.0 depth=4.0368 depth2=-1.0000 track=2 sf=0 flag=ok
[T2depth] t=10.1280 id=51 src=motion2 u=526.1 v=411.0 depth=3.1816 depth2=-1.0000 track=2 sf=0 flag=ok
[T2depth] t=10.1280 id=52 src=motion2 u=377.8 v=315.0 depth=4.4915 depth2=-1.0000 track=2 sf=0 flag=ok
[T2depth] t=10.1280 id=53 src=motion2 u=385.5 v=432.9 depth=3.4553 depth2=-1.0000 track=2 sf=0 flag=ok
[T2depth] t=10.1280 id=54 src=motion2 u=11.2 v=422.9 depth=7.0917 depth2=-1.0000 track=2 sf=0 flag=ok
[T2depth] t=10.1280 id=55 src=motion2 u=143.9 v=313.0 depth=7.1583 depth2=-1.0000 track=2 sf=0 flag=ok
[T2depth] t=10.1280 id=56 src=motion2 u=478.0 v=346.0 depth=3.6959 depth2=-1.0000 track=2 sf=0 flag=ok
[T2depth] t=10.1280 id=57 src=motion2 u=588.0 v=363.0 depth=3.2065 depth2=-1.0000 track=2 sf=0 flag=ok
[T2depth] t=10.1280 id=58 src=motion2 u=285.8 v=314.0 depth=5.1080 depth2=-1.0000 track=2 sf=0 flag=ok
[T2depth] t=10.1280 id=59 src=motion2 u=40.5 v=455.9 depth=5.4851 depth2=-1.0000 track=2 sf=0 flag=ok
[T2depth] t=10.1280 id=60 src=motion2 u=225.3 v=430.0 depth=4.3400 depth2=-1.0000 track=2 sf=0 flag=ok
[T2depth] t=10.1280 id=61 src=motion2 u=255.0 v=317.0 depth=5.4873 depth2=-1.0000 track=2 sf=0 flag=ok
[T2depth] t=10.1280 id=62 src=motion2 u=582.2 v=454.7 depth=2.8386 depth2=-1.0000 track=2 sf=0 flag=ok
[T2depth] t=10.1280 id=63 src=motion2 u=324.8 v=365.0 depth=4.3549 depth2=-1.0000 track=2 sf=0 flag=ok
[T2depth] t=10.1280 id=64 src=motion2 u=567.1 v=307.0 depth=3.4515 depth2=-1.0000 track=2 sf=0 flag=ok
[T2depth] t=10.1280 id=65 src=motion2 u=181.9 v=411.0 depth=5.0585 depth2=-1.0000 track=2 sf=0 flag=ok
[T2depth] t=10.1280 id=66 src=motion2 u=174.0 v=307.0 depth=6.8881 depth2=-1.0000 track=2 sf=0 flag=ok
[T2depth] t=10.1280 id=67 src=motion2 u=119.9 v=286.0 depth=8.7122 depth2=-1.0000 track=2 sf=0 flag=ok
[T2depth] t=10.1280 id=68 src=motion2 u=538.5 v=472.0 depth=2.8494 depth2=-1.0000 track=2 sf=0 flag=ok
[T2depth] t=10.1280 id=69 src=motion2 u=395.9 v=463.5 depth=3.2175 depth2=-1.0000 track=2 sf=0 flag=ok
[T2depth] t=10.1280 id=70 src=motion2 u=41.9 v=380.0 depth=8.0005 depth2=-1.0000 track=2 sf=0 flag=ok
[T2depth] t=10.1280 id=71 src=motion2 u=477.7 v=474.8 depth=2.8872 depth2=-1.0000 track=2 sf=0 flag=ok
[T2depth] t=10.1280 id=72 src=motion2 u=555.5 v=430.0 depth=3.0424 depth2=-1.0000 track=2 sf=0 flag=ok
[T2depth] t=10.1280 id=73 src=motion2 u=353.8 v=291.0 depth=4.8126 depth2=-1.0000 track=2 sf=0 flag=ok
[T2depth] t=10.1280 id=74 src=motion2 u=106.5 v=455.5 depth=4.9092 depth2=-1.0000 track=2 sf=0 flag=ok
[T2depth] t=10.1280 id=75 src=motion2 u=435.7 v=454.4 depth=3.1401 depth2=-1.0000 track=2 sf=0 flag=ok
[T2depth] t=10.1280 id=76 src=motion2 u=174.3 v=377.0 depth=5.6074 depth2=-1.0000 track=2 sf=0 flag=ok
[T2depth] t=10.1280 id=77 src=motion2 u=152.4 v=429.0 depth=4.8548 depth2=-1.0000 track=2 sf=0 flag=ok
[T2depth] t=10.1280 id=78 src=motion2 u=635.6 v=293.1 depth=3.1986 depth2=-1.0000 track=2 sf=0 flag=ok
[T2depth] t=10.1280 id=79 src=motion2 u=412.7 v=289.0 depth=4.4539 depth2=-1.0000 track=2 sf=0 flag=ok
[T2depth] t=10.1280 id=80 src=motion2 u=318.4 v=399.2 depth=4.0647 depth2=-1.0000 track=2 sf=0 flag=ok
[T2depth] t=10.1280 id=81 src=motion2 u=282.5 v=475.6 depth=3.3720 depth2=-1.0000 track=2 sf=0 flag=ok
[T2depth] t=10.1280 id=82 src=motion2 u=340.9 v=436.1 depth=3.7254 depth2=-1.0000 track=2 sf=0 flag=ok
[T2depth] t=10.1280 id=83 src=motion2 u=417.8 v=380.9 depth=3.6442 depth2=-1.0000 track=2 sf=0 flag=ok
[T2depth] t=10.1280 id=84 src=motion2 u=624.2 v=408.8 depth=2.9413 depth2=-1.0000 track=2 sf=0 flag=ok
[T2xcross] t=10.1280 id=85 est=5.0790 svd=20.4228 rel=0.7513 track=2 sf=0
[T2depth] t=10.1280 id=86 src=motion2 u=513.3 v=292.0 depth=3.7895 depth2=-1.0000 track=2 sf=0 flag=ok
[T2depth] t=10.1280 id=87 src=motion2 u=16.0 v=292.0 depth=14.8680 depth2=-1.0000 track=2 sf=0 flag=ok
[T2depth] t=10.1280 id=88 src=motion2 u=482.9 v=419.5 depth=3.2712 depth2=-1.0000 track=2 sf=0 flag=ok
[T2depth] t=10.1280 id=89 src=motion2 u=359.0 v=464.0 depth=3.2938 depth2=-1.0000 track=2 sf=0 flag=ok
[T2depth] t=10.1280 id=91 src=motion2 u=326.0 v=463.0 depth=3.3316 depth2=-1.0000 track=2 sf=0 flag=ok
[T2depth] t=10.1280 id=92 src=motion2 u=134.0 v=478.0 depth=4.2650 depth2=-1.0000 track=2 sf=0 flag=ok
[T2depth] t=10.1280 id=93 src=motion2 u=198.0 v=288.0 depth=6.6535 depth2=-1.0000 track=2 sf=0 flag=ok
[T2depth] t=10.1280 id=94 src=motion2 u=266.0 v=288.0 depth=5.4262 depth2=-1.0000 track=2 sf=0 flag=ok
[T2depth] t=10.1280 id=95 src=motion2 u=7.0 v=453.0 depth=5.5586 depth2=-1.0000 track=2 sf=0 flag=ok
[T2depth] t=10.1280 id=96 src=motion2 u=588.0 v=331.0 depth=3.2025 depth2=-1.0000 track=2 sf=0 flag=ok
[T2depth] t=10.1280 id=97 src=motion2 u=62.0 v=478.0 depth=4.9347 depth2=-1.0000 track=2 sf=0 flag=ok
[T2depth] t=10.1280 id=98 src=motion2 u=543.0 v=285.0 depth=3.6001 depth2=-1.0000 track=2 sf=0 flag=ok
[T2depth] t=10.1280 id=99 src=motion2 u=384.0 v=277.0 depth=4.4595 depth2=-1.0000 track=2 sf=0 flag=ok
[T2depth] t=10.1280 id=100 src=motion2 u=489.0 v=313.0 depth=3.6615 depth2=-1.0000 track=2 sf=0 flag=ok
[T2depth] t=10.1280 id=101 src=motion2 u=28.0 v=320.0 depth=11.0124 depth2=-1.0000 track=2 sf=0 flag=ok
[T2depth] t=10.1280 id=102 src=motion2 u=171.0 v=244.0 depth=7.5020 depth2=-1.0000 track=2 sf=0 flag=ok
[T2xcross] t=10.1280 id=103 est=3.8951 svd=1.0928 rel=0.7195 track=2 sf=0
[T2depth] t=10.1280 id=104 src=motion2 u=69.0 v=268.0 depth=12.0354 depth2=-1.0000 track=2 sf=0 flag=ok
[T2xcross] t=10.1280 id=105 est=2.9557 svd=4.0489 rel=0.2700 track=2 sf=0
[T2depth] t=10.1280 id=107 src=motion2 u=346.0 v=240.0 depth=6.8755 depth2=-1.0000 track=2 sf=0 flag=ok
[T2depth] t=10.1280 id=108 src=motion2 u=154.0 v=89.0 depth=5.7683 depth2=-1.0000 track=2 sf=0 flag=ok
[T2depth] t=10.1280 id=111 src=motion2 u=235.0 v=190.0 depth=5.0000 depth2=-1.0000 track=2 sf=0 flag=init_neg
[T2depth] t=10.1280 id=113 src=motion2 u=235.0 v=244.0 depth=6.2870 depth2=-1.0000 track=2 sf=0 flag=ok
[T2depth] t=10.1280 id=114 src=motion2 u=534.0 v=253.0 depth=3.8358 depth2=-1.0000 track=2 sf=0 flag=ok
[T2depth] t=10.1280 id=115 src=motion2 u=421.0 v=319.0 depth=4.0597 depth2=-1.0000 track=2 sf=0 flag=ok
[T2depth] t=10.1280 id=117 src=motion2 u=231.0 v=285.0 depth=6.1766 depth2=-1.0000 track=2 sf=0 flag=ok
[T2depth] t=10.1280 id=118 src=motion2 u=493.0 v=63.0 depth=2.3984 depth2=-1.0000 track=2 sf=0 flag=ok
[T2depth] t=10.1280 id=119 src=motion2 u=489.0 v=139.0 depth=5.0000 depth2=-1.0000 track=2 sf=0 flag=init_neg
[T2depth] t=10.1280 id=121 src=motion2 u=123.0 v=244.0 depth=11.3269 depth2=-1.0000 track=2 sf=0 flag=ok
[T2xcross] t=10.1280 id=124 est=3.8930 svd=11.2472 rel=0.6539 track=2 sf=0
[T2depth] t=10.1280 id=125 src=motion2 u=319.0 v=265.0 depth=4.9900 depth2=-1.0000 track=2 sf=0 flag=ok
[T2depth] t=10.1280 id=126 src=motion2 u=570.0 v=115.0 depth=2.3431 depth2=-1.0000 track=2 sf=0 flag=ok
[T2depth] t=10.1280 id=129 src=motion2 u=31.0 v=244.0 depth=18.4207 depth2=-1.0000 track=2 sf=0 flag=ok
[T2xcross] t=10.1280 id=130 est=4.0793 svd=6.4586 rel=0.3684 track=2 sf=0
[T2depth] t=10.1280 id=133 src=motion2 u=81.0 v=61.0 depth=5.0000 depth2=-1.0000 track=2 sf=0 flag=init_neg
[T2depth] t=10.1280 id=134 src=motion2 u=42.0 v=139.0 depth=5.0000 depth2=-1.0000 track=2 sf=0 flag=init_neg
[T2depth] t=10.1280 id=135 src=motion2 u=169.0 v=274.0 depth=7.9907 depth2=-1.0000 track=2 sf=0 flag=ok
[T2depth] t=10.1280 id=136 src=motion2 u=600.0 v=253.0 depth=2.8439 depth2=-1.0000 track=2 sf=0 flag=ok
[T2depth] t=10.1280 id=137 src=motion2 u=621.0 v=227.0 depth=2.6380 depth2=-1.0000 track=2 sf=0 flag=ok
[T2depth] t=10.1280 id=138 src=motion2 u=153.0 v=24.0 depth=4.7504 depth2=-1.0000 track=2 sf=0 flag=ok
[T2depth] t=10.1280 id=139 src=motion2 u=194.0 v=478.0 depth=3.9948 depth2=-1.0000 track=2 sf=0 flag=ok
[T2xcross] t=10.1280 id=140 est=2.5889 svd=3.7314 rel=0.3062 track=2 sf=0
[T2xcross] t=10.1280 id=143 est=3.9004 svd=3.4028 rel=0.1276 track=2 sf=0
[T2depth] t=10.1280 id=145 src=motion2 u=77.0 v=239.0 depth=13.0183 depth2=-1.0000 track=2 sf=0 flag=ok
[T2depth] t=10.1280 id=146 src=motion2 u=359.0 v=80.0 depth=8.9341 depth2=-1.0000 track=2 sf=0 flag=ok
[T2depth] t=10.1280 id=148 src=motion2 u=615.0 v=6.0 depth=1.2940 depth2=-1.0000 track=2 sf=0 flag=ok
[T2depth] t=10.1280 id=149 src=motion2 u=155.0 v=159.0 depth=3.6837 depth2=-1.0000 track=2 sf=0 flag=ok
[T2depth] t=10.1280 id=150 src=motion2 u=490.0 v=183.0 depth=1.6132 depth2=-1.0000 track=2 sf=0 flag=ok
[T2depth] t=10.1280 id=155 src=stereo u=579.9 v=31.5 depth=5.0000 depth2=-1.0000 track=1 sf=1 flag=init_neg
[T2depth] t=10.1280 id=158 src=stereo u=403.0 v=12.0 depth=3.6725 depth2=-1.0000 track=1 sf=1 flag=ok
[T2depth] t=10.1280 id=159 src=stereo u=405.0 v=69.0 depth=3.9018 depth2=-1.0000 track=1 sf=1 flag=ok
[T2depth] t=10.1280 id=165 src=stereo u=522.0 v=76.0 depth=3.7891 depth2=-1.0000 track=1 sf=1 flag=ok
[T2gate] t=10.1280 tri=149 rej=0 xrej=0 init_replace=5 gate=0
[T2depth] t=10.2320 id=151 src=motion2 u=631.0 v=478.0 depth=2.6576 depth2=-1.0000 track=2 sf=1 flag=ok
[T2depth] t=10.2320 id=152 src=motion2 u=602.1 v=289.0 depth=3.1412 depth2=-1.0000 track=2 sf=1 flag=ok
[T2xcross] t=10.2320 id=155 est=5.0000 svd=0.8236 rel=0.8353 track=2 sf=1
[T2depth] t=10.2320 id=156 src=motion2 u=534.2 v=153.6 depth=1.0081 depth2=-1.0000 track=2 sf=1 flag=ok
[T2depth] t=10.2320 id=157 src=motion2 u=14.0 v=103.0 depth=22.2136 depth2=-1.0000 track=2 sf=1 flag=ok
[T2xcross] t=10.2320 id=158 est=3.6725 svd=2.0769 rel=0.4345 track=2 sf=1
[T2depth] t=10.2320 id=161 src=motion2 u=205.0 v=245.0 depth=8.9523 depth2=-1.0000 track=2 sf=1 flag=ok
[T2depth] t=10.2320 id=162 src=motion2 u=312.0 v=180.0 depth=4.0389 depth2=-1.0000 track=2 sf=1 flag=ok
[T2depth] t=10.2320 id=163 src=motion2 u=109.0 v=109.0 depth=5.0000 depth2=-1.0000 track=2 sf=1 flag=init_neg
[T2depth] t=10.2320 id=164 src=motion2 u=444.0 v=109.0 depth=5.0000 depth2=-1.0000 track=2 sf=1 flag=init_neg
[T2depth] t=10.2320 id=167 src=motion2 u=208.0 v=209.0 depth=1.7401 depth2=-1.0000 track=2 sf=1 flag=ok
[T2depth] t=10.2320 id=168 src=motion2 u=205.0 v=138.0 depth=2.2367 depth2=-1.0000 track=2 sf=1 flag=ok
[T2depth] t=10.2320 id=172 src=stereo u=44.7 v=87.3 depth=5.0000 depth2=-1.0000 track=1 sf=2 flag=init_neg
[T2depth] t=10.2320 id=176 src=stereo u=297.4 v=69.1 depth=5.0000 depth2=-1.0000 track=1 sf=2 flag=init_neg
[T2depth] t=10.2320 id=177 src=stereo u=84.7 v=39.2 depth=24.7508 depth2=-1.0000 track=1 sf=2 flag=ok
[T2depth] t=10.2320 id=179 src=stereo u=280.0 v=106.0 depth=45.4402 depth2=-1.0000 track=1 sf=2 flag=ok
[T2depth] t=10.2320 id=180 src=stereo u=201.0 v=41.0 depth=5.0000 depth2=-1.0000 track=1 sf=2 flag=init_neg
[T2depth] t=10.2320 id=182 src=stereo u=21.0 v=188.0 depth=5.0000 depth2=-1.0000 track=1 sf=2 flag=init_neg
[T2gate] t=10.2320 tri=36 rej=0 xrej=0 init_replace=6 gate=0
[T2depth] t=10.3280 id=169 src=motion2 u=584.3 v=189.1 depth=0.7371 depth2=-1.0000 track=2 sf=2 flag=ok
[T2depth] t=10.3280 id=171 src=motion2 u=162.2 v=119.0 depth=8.4173 depth2=-1.0000 track=2 sf=2 flag=ok
[T2depth] t=10.3280 id=173 src=motion2 u=242.5 v=118.3 depth=5.0000 depth2=-1.0000 track=2 sf=2 flag=init_neg
[T2depth] t=10.3280 id=175 src=motion2 u=30.8 v=56.7 depth=5.0000 depth2=-1.0000 track=2 sf=2 flag=init_neg
[T2depth] t=10.3280 id=183 src=motion2 u=116.0 v=207.0 depth=0.2754 depth2=-1.0000 track=2 sf=2 flag=ok
[T2depth] t=10.3280 id=185 src=stereo u=401.0 v=189.5 depth=4.4619 depth2=-1.0000 track=1 sf=3 flag=ok
[T2depth] t=10.3280 id=186 src=stereo u=507.4 v=35.9 depth=3.1960 depth2=-1.0000 track=1 sf=3 flag=ok
[T2depth] t=10.3280 id=191 src=stereo u=545.0 v=158.0 depth=31.3681 depth2=-1.0000 track=1 sf=3 flag=ok
[T2gate] t=10.3280 tri=31 rej=0 xrej=0 init_replace=2 gate=0
[T2xcross] t=10.4280 id=159 est=3.9018 svd=4.5809 rel=0.1483 track=4 sf=1
[T2xcross] t=10.4280 id=185 est=4.4619 svd=0.0929 rel=0.9792 track=2 sf=3
[T2xcross] t=10.4280 id=186 est=3.1960 svd=0.0964 rel=0.9698 track=2 sf=3
[T2depth] t=10.4280 id=187 src=motion2 u=581.2 v=65.5 depth=0.1841 depth2=-1.0000 track=2 sf=3 flag=ok
[T2depth] t=10.4280 id=190 src=motion2 u=414.0 v=129.0 depth=0.1468 depth2=-1.0000 track=2 sf=3 flag=ok
[T2depth] t=10.4280 id=193 src=motion2 u=176.0 v=206.0 depth=5.0000 depth2=-1.0000 track=2 sf=3 flag=init_neg
[T2depth] t=10.4280 id=194 src=motion2 u=620.0 v=127.0 depth=0.1841 depth2=-1.0000 track=2 sf=3 flag=ok
[T2depth] t=10.4280 id=196 src=motion2 u=536.0 v=124.0 depth=5.0000 depth2=-1.0000 track=2 sf=3 flag=init_neg
[T2depth] t=10.4280 id=197 src=motion2 u=635.0 v=259.0 depth=5.0000 depth2=-1.0000 track=2 sf=3 flag=init_neg
[T2depth] t=10.4280 id=204 src=stereo u=124.0 v=179.9 depth=43.8264 depth2=-1.0000 track=1 sf=4 flag=ok
[T2depth] t=10.4280 id=208 src=stereo u=110.0 v=84.0 depth=25.2135 depth2=-1.0000 track=1 sf=4 flag=ok
[T2gate] t=10.4280 tri=34 rej=0 xrej=0 init_replace=3 gate=0
[T2depth] t=10.5000 id=200 src=motion2 u=608.8 v=211.3 depth=0.2256 depth2=-1.0000 track=2 sf=4 flag=ok
[T2depth] t=10.5000 id=201 src=motion2 u=271.4 v=133.1 depth=5.0000 depth2=-1.0000 track=2 sf=4 flag=init_neg
[T2xcross] t=10.5000 id=204 est=43.8264 svd=1.1731 rel=0.9732 track=2 sf=4
[T2depth] t=10.5000 id=206 src=motion2 u=557.0 v=180.0 depth=0.5843 depth2=-1.0000 track=2 sf=4 flag=ok
[T2depth] t=10.5000 id=207 src=motion2 u=528.0 v=381.0 depth=3.1277 depth2=-1.0000 track=2 sf=4 flag=ok
[T2depth] t=10.5000 id=214 src=stereo u=448.0 v=195.4 depth=3.8859 depth2=-1.0000 track=1 sf=5 flag=ok
[T2depth] t=10.5000 id=222 src=stereo u=541.0 v=31.0 depth=2.9651 depth2=-1.0000 track=1 sf=5 flag=ok
[T2gate] t=10.5000 tri=38 rej=0 xrej=0 init_replace=1 gate=0
[T2xcross] t=10.6280 id=0 est=3.8954 svd=3.9488 rel=0.0135 track=7 sf=0
[T2xcross] t=10.6280 id=13 est=3.9195 svd=3.7976 rel=0.0311 track=7 sf=0
[T2xcross] t=10.6280 id=21 est=5.0000 svd=3.5779 rel=0.2844 track=7 sf=0
[T2xcross] t=10.6280 id=38 est=5.0000 svd=3.6969 rel=0.2606 track=7 sf=0
[T2xcross] t=10.6280 id=85 est=5.0790 svd=10.4994 rel=0.5163 track=7 sf=0
[T2xcross] t=10.6280 id=103 est=3.8951 svd=0.1373 rel=0.9647 track=5 sf=0
[T2xcross] t=10.6280 id=105 est=2.9557 svd=3.6991 rel=0.2010 track=7 sf=0
[T2xcross] t=10.6280 id=130 est=4.0793 svd=6.4586 rel=0.3684 track=2 sf=0
[T2xcross] t=10.6280 id=140 est=2.5889 svd=3.3864 rel=0.2355 track=7 sf=0
[T2xcross] t=10.6280 id=143 est=3.9004 svd=1.4122 rel=0.6379 track=5 sf=0
[T2depth] t=10.6280 id=210 src=motion2 u=223.6 v=50.1 depth=5.0000 depth2=-1.0000 track=2 sf=5 flag=init_neg
[T2depth] t=10.6280 id=211 src=motion2 u=340.1 v=200.4 depth=0.8339 depth2=-1.0000 track=2 sf=5 flag=ok
[T2depth] t=10.6280 id=213 src=motion2 u=90.8 v=244.0 depth=16.1508 depth2=-1.0000 track=2 sf=5 flag=ok
[T2depth] t=10.6280 id=215 src=motion2 u=565.2 v=258.0 depth=1.1971 depth2=-1.0000 track=2 sf=5 flag=ok
[T2depth] t=10.6280 id=220 src=motion2 u=586.0 v=115.0 depth=0.1657 depth2=-1.0000 track=2 sf=5 flag=ok
[T2depth] t=10.6280 id=224 src=stereo u=490.0 v=215.0 depth=4.0902 depth2=-1.0000 track=1 sf=6 flag=ok
[T2depth] t=10.6280 id=235 src=stereo u=140.0 v=32.0 depth=5.0000 depth2=-1.0000 track=1 sf=6 flag=init_neg
[T2depth] t=10.6280 id=239 src=stereo u=97.0 v=163.0 depth=5.0000 depth2=-1.0000 track=1 sf=6 flag=init_neg
[T2gate] t=10.6280 tri=51 rej=0 xrej=0 init_replace=3 gate=0
[T2xcross] t=10.7000 id=155 est=5.0000 svd=0.8236 rel=0.8353 track=2 sf=1
[T2xcross] t=10.7000 id=158 est=3.6725 svd=0.8069 rel=0.7803 track=3 sf=1
[T2depth] t=10.7000 id=227 src=motion2 u=597.3 v=156.0 depth=0.1794 depth2=-1.0000 track=2 sf=6 flag=ok
[T2depth] t=10.7000 id=229 src=motion2 u=360.3 v=19.9 depth=0.0156 depth2=-1.0000 track=2 sf=6 flag=ok
[T2depth] t=10.7000 id=232 src=motion2 u=579.6 v=224.2 depth=0.1324 depth2=-1.0000 track=2 sf=6 flag=ok
[T2depth] t=10.7000 id=234 src=motion2 u=504.0 v=78.0 depth=5.0000 depth2=-1.0000 track=2 sf=6 flag=init_neg
[T2depth] t=10.7000 id=236 src=motion2 u=161.0 v=97.0 depth=5.0000 depth2=-1.0000 track=2 sf=6 flag=init_neg
[T2depth] t=10.7000 id=238 src=motion2 u=217.0 v=212.0 depth=5.0000 depth2=-1.0000 track=2 sf=6 flag=init_neg
[T2depth] t=10.7000 id=243 src=motion2 u=309.0 v=96.0 depth=0.0503 depth2=-1.0000 track=2 sf=6 flag=ok
[T2depth] t=10.7000 id=244 src=motion2 u=65.0 v=224.0 depth=5.0000 depth2=-1.0000 track=2 sf=6 flag=init_neg
[T2depth] t=10.7000 id=245 src=motion2 u=578.0 v=75.0 depth=5.0000 depth2=-1.0000 track=2 sf=6 flag=init_neg
[T2depth] t=10.7000 id=246 src=motion2 u=69.0 v=90.0 depth=5.0000 depth2=-1.0000 track=2 sf=6 flag=init_neg
[T2depth] t=10.7000 id=247 src=motion2 u=99.0 v=83.0 depth=0.0441 depth2=-1.0000 track=2 sf=6 flag=ok
[T2depth] t=10.7000 id=250 src=stereo u=46.9 v=6.2 depth=34.3295 depth2=-1.0000 track=1 sf=7 flag=ok
[T2depth] t=10.7000 id=252 src=stereo u=94.0 v=9.0 depth=5.0000 depth2=-1.0000 track=1 sf=7 flag=init_neg
[T2depth] t=10.7000 id=253 src=stereo u=503.0 v=133.0 depth=43.3216 depth2=-1.0000 track=1 sf=7 flag=ok
[T2depth] t=10.7000 id=255 src=stereo u=119.0 v=117.0 depth=31.1261 depth2=-1.0000 track=1 sf=7 flag=ok
[T2gate] t=10.7000 tri=54 rej=0 xrej=0 init_replace=7 gate=0
[T2xcross] t=10.8280 id=239 est=5.0000 svd=0.8294 rel=0.8341 track=3 sf=6
[T2depth] t=10.8280 id=249 src=motion2 u=14.5 v=89.0 depth=0.2821 depth2=-1.0000 track=2 sf=7 flag=ok
[T2depth] t=10.8280 id=254 src=motion2 u=305.0 v=37.0 depth=0.3761 depth2=-1.0000 track=2 sf=7 flag=ok
[T2depth] t=10.8280 id=257 src=motion2 u=240.0 v=160.0 depth=5.0000 depth2=-1.0000 track=2 sf=7 flag=init_neg
[T2depth] t=10.8280 id=268 src=stereo u=472.0 v=136.0 depth=5.0000 depth2=-1.0000 track=1 sf=8 flag=init_neg
[T2depth] t=10.8280 id=270 src=stereo u=565.0 v=117.0 depth=5.0000 depth2=-1.0000 track=1 sf=8 flag=init_neg
[T2depth] t=10.8280 id=273 src=stereo u=412.0 v=103.0 depth=3.8660 depth2=-1.0000 track=1 sf=8 flag=ok
[T2gate] t=10.8280 tri=58 rej=0 xrej=0 in[33m[WARN] [1790884397.594802039, 11.052000000]: T2SNAP pre AIF=11 fc=10 Vs: 0 0.00378 0.0055 0.00822 0.0128 0.0135 0.0186 0.0186 0.0216 0.0228 0.0267 Ps: 0 0.0112 0.0033 0.00478 0.0048 0.00361 0.00342 0.00394 0.00523 0.0043 0.0114[0m
[33m[WARN] [1790884397.594880259, 11.052000000]: gyroscope bias initial calibration -0.00100582 -0.00190748 -0.00126384[0m
[33m[WARN] [1790884397.620554805, 11.076000000]: T2OPT post-solve vmax=0.004534 @i=2 init_cost=2.59e+04 final_cost=563.4 iters=9 term=1[0m
it_replace=3 gate=0
[T2xcross] t=10.9280 id=159 est=3.9018 svd=0.0310 rel=0.9921 track=6 sf=1
[T2xcross] t=10.9280 id=185 est=4.4619 svd=0.0754 rel=0.9831 track=3 sf=3
[T2xcross] t=10.9280 id=186 est=3.1960 svd=0.2488 rel=0.9222 track=3 sf=3
[T2depth] t=10.9280 id=261 src=motion2 u=127.3 v=192.3 depth=5.0000 depth2=-1.0000 track=2 sf=8 flag=init_neg
[T2depth] t=10.9280 id=262 src=motion2 u=203.1 v=147.4 depth=5.0000 depth2=-1.0000 track=2 sf=8 flag=init_neg
[T2depth] t=10.9280 id=266 src=motion2 u=301.4 v=210.6 depth=0.1291 depth2=-1.0000 track=2 sf=8 flag=ok
[T2xcross] t=10.9280 id=268 est=5.0000 svd=0.2251 rel=0.9550 track=2 sf=8
[T2depth] t=10.9280 id=271 src=motion2 u=46.0 v=69.0 depth=1.1684 depth2=-1.0000 track=2 sf=8 flag=ok
[T2depth] t=10.9280 id=274 src=motion2 u=630.0 v=149.0 depth=0.1443 depth2=-1.0000 track=2 sf=8 flag=ok
[T2depth] t=10.9280 id=276 src=motion2 u=52.0 v=169.0 depth=5.0000 depth2=-1.0000 track=2 sf=8 flag=init_neg
[T2depth] t=10.9280 id=285 src=stereo u=361.9 v=104.0 depth=4.0981 depth2=-1.0000 track=1 sf=9 flag=ok
[T2depth] t=10.9280 id=293 src=stereo u=276.0 v=145.0 depth=5.0000 depth2=-1.0000 track=1 sf=9 flag=init_neg
[T2depth] t=10.9280 id=294 src=stereo u=380.0 v=173.0 depth=3.4831 depth2=-1.0000 track=1 sf=9 flag=ok
[T2gate] t=10.9280 tri=65 rej=0 xrej=0 init_replace=4 gate=0
[T2xcross] t=11.0280 id=204 est=43.8264 svd=1.1731 rel=0.9732 track=2 sf=4
[T2xcross] t=11.0280 id=270 est=5.0000 svd=0.3944 rel=0.9211 track=3 sf=8
[T2xcross] t=11.0280 id=273 est=3.8660 svd=0.5906 rel=0.8472 track=3 sf=8
[T2depth] t=11.0280 id=283 src=motion2 u=494.4 v=52.8 depth=0.2944 depth2=-1.0000 track=2 sf=9 flag=ok
[T2xcross] t=11.0280 id=285 est=4.0981 svd=1.8056 rel=0.5594 track=2 sf=9
[T2depth] t=11.0280 id=288 src=motion2 u=403.0 v=194.3 depth=1.5583 depth2=-1.0000 track=2 sf=9 flag=ok
[T2depth] t=11.0280 id=290 src=motion2 u=621.4 v=71.0 depth=0.1943 depth2=-1.0000 track=2 sf=9 flag=ok
[T2depth] t=11.0280 id=291 src=motion2 u=571.0 v=56.0 depth=5.0000 depth2=-1.0000 track=2 sf=9 flag=init_neg
[T2depth] t=11.0280 id=292 src=motion2 u=96.0 v=207.0 depth=5.0000 depth2=-1.0000 track=2 sf=9 flag=init_neg
[T2depth] t=11.0280 id=296 src=motion2 u=297.0 v=172.0 depth=5.0000 depth2=-1.0000 track=2 sf=9 flag=init_neg
[T2depth] t=11.0280 id=306 src=stereo u=470.0 v=218.0 depth=4.2900 depth2=-1.0000 track=1 sf=10 flag=ok
[T2depth] t=11.0280 id=309 src=stereo u=20.0 v=32.0 depth=42.5373 depth2=-1.0000 track=1 sf=10 flag=ok
[T2gate] t=11.0280 tri=71 rej=0 xrej=0 init_replace=3 gate=0
[T2slv] t=11.0280 phase=0 init_cost=25895.7 final_cost=563.367 iters=9 term=1 slv_ms=22.5
[E2uls] flag=1 sh_t=11.076 new_t=11.076 dP=[0.0021 0.0000 0.0011] |dP|=0.0024 first_dt=-1.0000
[0m[INFO] [1790884397.621331130, 11.080000000]: Initialization finish![0m
time: 11.028000, t: -0.001974 -0.000042 -0.001056 q: 0.999998 -0.001161 -0.001547 0.000204 
[T2depth] t=11.1320 id=9 src=motion2 u=203.0 v=388.0 depth=2.2300 depth2=-1.0000 track=11 sf=0 flag=ok
[T2depth] t=11.1320 id=21 src=stereo u=453.0 v=364.0 depth=5.0000 depth2=3.5618 track=11 sf=0 flag=init_neg
[T2depth] t=11.1320 id=29 src=motion2 u=120.1 v=420.0 depth=11.1628 depth2=-1.0000 track=11 sf=0 flag=ok
[T2depth] t=11.1320 id=38 src=stereo u=446.9 v=334.0 depth=5.0000 depth2=3.4948 track=11 sf=0 flag=init_neg
[T2depth] t=11.1320 id=93 src=motion2 u=198.0 v=288.0 depth=20.3832 depth2=-1.0000 track=11 sf=0 flag=ok
[T2depth] t=11.1320 id=99 src=motion2 u=384.0 v=277.0 depth=0.0554 depth2=-1.0000 track=11 sf=0 flag=ok
[T2depth] t=11.1320 id=113 src=motion2 u=235.0 v=244.0 depth=5.0000 depth2=-1.0000 track=11 sf=0 flag=init_neg
[T2depth] t=11.1320 id=129 src=motion2 u=31.0 v=244.0 depth=0.7929 depth2=-1.0000 track=11 sf=0 flag=ok
[T2depth] t=11.1320 id=134 src=motion2 u=42.0 v=139.0 depth=0.0884 depth2=-1.0000 track=4 sf=0 flag=ok
[T2depth] t=11.1320 id=162 src=motion2 u=312.0 v=180.0 depth=0.1094 depth2=-1.0000 track=4 sf=1 flag=ok
[T2depth] t=11.1320 id=175 src=motion2 u=30.8 v=56.7 depth=0.0422 depth2=-1.0000 track=4 sf=2 flag=ok
[T2depth] t=11.1320 id=176 src=stereo u=297.4 v=69.1 depth=5.0000 depth2=0.0318 track=6 sf=2 flag=init_neg
[T2xcross] t=11.1320 id=180 est=5.0000 svd=0.0373 rel=0.9925 track=2 sf=2
[T2depth] t=11.1320 id=207 src=motion2 u=528.0 v=381.0 depth=0.0281 depth2=-1.0000 track=7 sf=4 flag=ok
[T2depth] t=11.1320 id=210 src=motion2 u=223.6 v=50.1 depth=5.0000 depth2=-1.0000 track=4 sf=5 flag=init_neg
[T2depth] t=11.1320 id=236 src=motion2 u=161.0 v=97.0 depth=5.0000 depth2=-1.0000 track=3 sf=6 flag=init_neg
[T2depth] t=11.1320 id=297 src=motion2 u=204.1 v=178.0 depth=5.0000 depth2=-1.0000 track=2 sf=9 flag=init_neg
[T2depth] t=11.1320 id=298 src=motion2 u=15.1 v=135.8 depth=0.0215 depth2=-1.0000 track=2 sf=9 flag=ok
[T2depth] t=11.1320 id=307 src=motion2 u=185.0 v=105.0 depth=0.0055 depth2=-1.0000 track=2 sf=9 flag=ok
[T2depth] t=11.1320 id=308 src=motion2 u=218.0 v=9.0 depth=5.0000 depth2=-1.0000 track=2 sf=9 flag=init_neg
[T2xcross] t=11.1320 id=309 est=42.5373 svd=0.0121 rel=0.9997 track=2 sf=9
[T2depth] t=11.1320 id=311 src=motion2 u=382.0 v=244.0 depth=5.0000 depth2=-1.0000 track=2 sf=9 flag=init_neg
[T2depth] t=11.1320 id=316 src=motion2 u=280.0 v=58.0 depth=0.0067 depth2=-1.0000 track=2 sf=9 flag=ok
[T2depth] t=11.1320 id=317 src=stereo u=248.5 v=8.0 depth=26.7755 depth2=-1.0000 track=1 sf=10 flag=ok
[T2depth] t=11.1320 id=318 src=stereo u=589.0 v=180.0 depth=5.0000 depth2=-1.0000 track=1 sf=10 flag=init_neg
[T2depth] t=11.1320 id=329 src=stereo u=536.0 v=212.0 depth=4.1841 depth2=-1.0000 track=1 sf=10 flag=ok
[T2gate] t=11.1320 tri=87 rej=0 xrej=0 init_replace=10 gate=0
[T2slv] t=11.1320 phase=1 init_cost=3081.64 final_cost=529.903 iters=9 term=1 slv_ms=30.2
[T2diag] t=11.1320 P=[-0.0036 -0.0004 -0.0002] V=[-0.0065 0.0010 0.0017] |Bas|=0.007173 |Bgs|=0.0011972 Bas=[-0.000171 -0.000102 -0.007170] Bgs=[0.0011557 -0.0002789 0.0001402] tic0=[0.1200 0.0500 -0.0200] tic1=[0.1200 -0.0500 -0.0200] td=0.00000 track=137
[E2uls] flag=1 sh_t=11.188 new_t=11.188 dP=[0.0015 -0.0002 -0.0014] |dP|=0.0021 first_dt=-1.0000
[0m[INFO] [1790884397.729749043, 11.188000000]:  big delta_angle [0m
time: 11.132000, t: -0.003597 -0.000403 -0.000151 q: 0.999998 -0.001088 -0.001867 0.000143 
[T2xcross] t=11.2640 id=172 est=5.0000 svd=0.0101 rel=0.9980 track=3 sf=2
[T2xcross] t=11.2640 id=177 est=24.7508 svd=0.0267 rel=0.9989 track=2 sf=2
[T2xcross] t=11.2640 id=297 est=5.0000 svd=0.0087 rel=0.9983 track=2 sf=9
[T2depth] t=11.2640 id=320 src=motion2 u=205.1 v=243.0 depth=5.0000 depth2=-1.0000 track=2 sf=9 flag=init_neg
[T2depth] t=11.2640 id=321 src=motion2 u=637.2 v=263.0 depth=5.0000 depth2=-1.0000 track=2 sf=9 flag=init_neg
[T2depth] t=11.2640 id=322 src=motion2 u=620.8 v=106.4 depth=0.3301 depth2=-1.0000 track=2 sf=9 flag=ok
[T2depth] t=11.2640 id=324 src=motion2 u=17.9 v=177.6 depth=5.0000 depth2=-1.0000 track=2 sf=9 flag=init_neg
[T2depth] t=11.2640 id=325 src=motion2 u=65.0 v=18.0 depth=0.1248 depth2=-1.0000 track=2 sf=9 flag=ok
[T2depth] t=11.2640 id=331 src=motion2 u=167.0 v=142.0 depth=0.0437 depth2=-1.0000 track=2 sf=9 flag=ok
[T2depth] t=11.2640 id=21 src=stereo u=453.0 v=364.0 depth=5.0000 depth2=-1.0000 track=1 sf=10 flag=init_neg
[T2depth] t=11.2640 id=124 src=stereo u=445.0 v=163.6 depth=3.8952 depth2=-1.0000 track=1 sf=10 flag=ok
[T2depth] t=11.2640 id=333 src=stereo u=41.1 v=81.0 depth=29.9361 depth2=-1.0000 track=1 sf=10 flag=ok
[T2depth] t=11.2640 id=338 src=stereo u=106.0 v=167.0 depth=36.9525 depth2=-1.0000 track=1 sf=10 flag=ok
[T2gate] t=11.2640 tri=124 rej=0 xrej=0 init_replace=4 gate=0
[T2slv] t=11.2640 phase=1 init_cost=95.7255 final_cost=89.8325 iters=9 term=1 slv_ms=10.9
[T2diag] t=11.2640 P=[-0.0108 -0.0025 -0.0004] V=[-0.0189 -0.0099 0.0006] |Bas|=0.007909 |Bgs|=0.0012571 Bas=[-0.000181 -0.000185 -0.007904] Bgs=[0.0012406 0.0001087 -0.0001716] tic0=[0.1200 0.0500 -0.0200] tic1=[0.1200 -0.0500 -0.0200] td=0.00000 track=82
[E2uls] flag=1 sh_t=11.312 new_t=11.312 dP=[0.0065 0.0020 0.0001] |dP|=0.0068 first_dt=-1.0000
[T2depth] t=11.2640 id=92 src=shift u=-1 v=-1 depth=5.0000 depth2=-1.0000 track=10 sf=0 flag=init_neg
[T2depth] t=11.2640 id=104 src=shift u=-1 v=-1 depth=5.0000 depth2=-1.0000 track=10 sf=0 flag=init_neg
time: 11.264000, t: -0.010826 -0.002543 -0.000408 q: 0.999997 -0.000930 -0.002227 0.000453 
[T2xcross] t=11.3640 id=126 est=2.3431 svd=0.0111 rel=0.9953 track=2 sf=0
[T2depth] t=11.3640 id=1 src=motion2 u=191.0 v=340.1 depth=5.0000 depth2=-1.0000 track=2 sf=9 flag=init_neg
[T2depth] t=11.3640 id=2 src=motion2 u=225.0 v=347.1 depth=5.0000 depth2=-1.0000 track=2 sf=9 flag=init_neg
[T2depth] t=11.3640 id=5 src=motion2 u=264.0 v=362.0 depth=5.0000 depth2=-1.0000 track=2 sf=9 flag=init_neg
[T2depth] t=11.3640 id=7 src=motion2 u=4.0 v=374.1 depth=5.0000 depth2=-1.0000 track=2 sf=9 flag=init_neg
[T2depth] t=11.3640 id=8 src=motion2 u=157.9 v=342.1 depth=5.0000 depth2=-1.0000 track=2 sf=9 flag=init_neg
[T2depth] t=11.3640 id=9 src=motion2 u=203.0 v=388.1 depth=5.0000 depth2=-1.0000 track=2 sf=9 flag=init_neg
[T2depth] t=11.3640 id=11 src=motion2 u=116.9 v=360.1 depth=5.0000 depth2=-1.0000 track=2 sf=9 flag=init_neg
[T2depth] t=11.3640 id=14 src=motion2 u=88.1 v=386.1 depth=5.0000 depth2=-1.0000 track=2 sf=9 flag=init_neg
[T2depth] t=11.3640 id=16 src=motion2 u=50.8 v=411.2 depth=5.0000 depth2=-1.0000 track=2 sf=9 flag=init_neg
[T2depth] t=11.3640 id=18 src=motion2 u=287.9 v=390.1 depth=5.0000 depth2=-1.0000 track=2 sf=9 flag=init_neg
[T2depth] t=11.3640 id=19 src=motion2 u=142.0 v=394.1 depth=5.0000 depth2=-1.0000 track=2 sf=9 flag=init_neg
[T2depth] t=11.3640 id=20 src=motion2 u=44.1 v=348.1 depth=5.0000 depth2=-1.0000 track=2 sf=9 flag=init_neg
[T2xcross] t=11.3640 id=21 est=5.0000 svd=11.8378 rel=0.5776 track=2 sf=9
[T2depth] t=11.3640 id=25 src=motion2 u=197.1 v=446.1 depth=5.0000 depth2=-1.0000 track=2 sf=9 flag=init_neg
[T2depth] t=11.3640 id=26 src=motion2 u=5.9 v=342.1 depth=5.0000 depth2=-1.0000 track=2 sf=9 flag=init_neg
[T2depth] t=11.3640 id=29 src=motion2 u=120.2 v=420.1 depth=5.0000 depth2=-1.0000 track=2 sf=9 flag=init_neg
[T2depth] t=11.3640 id=30 src=motion2 u=71.1 v=435.1 depth=5.0000 depth2=-1.0000 track=2 sf=9 flag=init_neg
[T2depth] t=11.3640 id=32 src=motion2 u=89.0 v=320.1 depth=5.0000 depth2=-1.0000 track=2 sf=9 flag=init_neg
[T2depth] t=11.3640 id=34 src=motion2 u=262.8 v=450.1 depth=5.0000 depth2=-1.0000 track=2 sf=9 flag=init_neg
[T2depth] t=11.3640 id=35 src=motion2 u=225.5 v=468.1 depth=5.0000 depth2=-1.0000 track=2 sf=9 flag=init_neg
[T2depth] t=11.3640 id=38 src=motion2 u=446.9 v=334.0 depth=5.7719 depth2=-1.0000 track=2 sf=9 flag=ok
[T2depth] t=11.3640 id=42 src=motion2 u=236.9 v=378.1 depth=5.0000 depth2=-1.0000 track=2 sf=9 flag=init_neg
[T2depth] t=11.3640 id=43 src=motion2 u=309.1 v=427.9 depth=5.0000 depth2=-1.0000 track=2 sf=9 flag=init_neg
[T2depth] t=11.3640 id=45 src=motion2 u=73.9 v=353.1 depth=5.0000 depth2=-1.0000 track=2 sf=9 flag=init_neg
[T2depth] t=11.3640 id=46 src=motion2 u=211.0 v=316.1 depth=6.0486 depth2=-1.0000 track=2 sf=9 flag=ok
[T2depth] t=11.3640 id=47 src=motion2 u=60.0 v=310.1 depth=5.0000 depth2=-1.0000 track=2 sf=9 flag=init_neg
[T2depth] t=11.3640 id=48 src=motion2 u=253.1 v=408.1 depth=5.0000 depth2=-1.0000 track=2 sf=9 flag=init_neg
[T2depth] t=11.3640 id=49 src=motion2 u=163.5 v=463.5 depth=5.0000 depth2=-1.0000 track=2 sf=9 flag=init_neg
[T2depth] t=11.3640 id=54 src=motion2 u=11.1 v=423.1 depth=5.0000 depth2=-1.0000 track=2 sf=9 flag=init_neg
[T2depth] t=11.3640 id=55 src=motion2 u=143.9 v=313.1 depth=5.0000 depth2=-1.0000 track=2 sf=9 flag=init_neg
[T2depth] t=11.3640 id=59 src=motion2 u=40.4 v=456.1 depth=5.0000 depth2=-1.0000 track=2 sf=9 flag=init_neg
[T2depth] t=11.3640 id=60 src=motion2 u=225.3 v=430.0 depth=5.0000 depth2=-1.0000 track=2 sf=9 flag=init_neg
[T2depth] t=11.3640 id=61 src=motion2 u=254.9 v=317.1 depth=9.2047 depth2=-1.0000 track=2 sf=9 flag=ok
[T2depth] t=11.3640 id=65 src=motion2 u=182.0 v=411.1 depth=5.0000 depth2=-1.0000 track=2 sf=9 flag=init_neg
[T2depth] t=11.3640 id=66 src=motion2 u=174.0 v=307.0 depth=5.0000 depth2=-1.0000 track=2 sf=9 flag=init_neg
[T2depth] t=11.3640 id=67 src=motion2 u=119.9 v=286.1 depth=5.0000 depth2=-1.0000 track=2 sf=9 flag=init_neg
[T2depth] t=11.3640 id=70 src=motion2 u=41.9 v=380.1 depth=5.0000 depth2=-1.0000 track=2 sf=9 flag=init_neg
[T2depth] t=11.3640 id=74 src=motion2 u=106.5 v=455.6 depth=5.0000 depth2=-1.0000 track=2 sf=9 flag=init_neg
[T2depth] t=11.3640 id=76 src=motion2 u=174.3 v=377.1 depth=5.0000 depth2=-1.0000 track=2 sf=9 flag=init_neg
[T2depth] t=11.3640 id=77 src=motion2 u=152.5 v=429.1 depth=5.0000 depth2=-1.0000 track=2 sf=9 flag=init_neg
[T2depth] t=11.3640 id=81 src=motion2 u=282.5 v=475.8 depth=5.0000 depth2=-1.0000 track=2 sf=9 flag=init_neg
[T2depth] t=11.3640 id=87 src=motion2 u=16.1 v=292.1 depth=5.0000 depth2=-1.0000 track=2 sf=9 flag=init_neg
[T2depth] t=11.3640 id=91 src=motion2 u=326.0 v=463.1 depth=5.0000 depth2=-1.0000 track=2 sf=9 flag=init_neg
[T2depth] t=11.3640 id=93 src=motion2 u=198.1 v=288.0 depth=0.6236 depth2=-1.0000 track=2 sf=9 flag=ok
[T2depth] t=11.3640 id=95 src=motion2 u=6.9 v=453.1 depth=5.0000 depth2=-1.0000 track=2 sf=9 flag=init_neg
[T2depth] t=11.3640 id=97 src=motion2 u=61.9 v=478.2 depth=5.0000 depth2=-1.0000 track=2 sf=9 flag=init_neg
[T2depth] t=11.3640 id=99 src=motion2 u=384.0 v=277.0 depth=1.8092 depth2=-1.0000 track=2 sf=9 flag=ok
[T2depth] t=11.3640 id=101 src=motion2 u=28.2 v=320.1 depth=5.0000 depth2=-1.0000 track=2 sf=9 flag=init_neg
[T2depth] t=11.3640 id=117 src=motion2 u=231.1 v=285.0 depth=1.2531 depth2=-1.0000 track=2 sf=9 flag=ok
[T2xcross] t=11.3640 id=124 est=3.8952 svd=0.1243 rel=0.9681 track=2 sf=9
[T2depth] t=11.3640 id=135 src=motion2 u=168.6 v=274.1 depth=5.0000 depth2=-1.0000 track=2 sf=9 flag=init_neg
[T2depth] t=11.3640 id=139 src=motion2 u=194.2 v=478.1 depth=5.0000 depth2=-1.0000 track=2 sf=9 flag=init_neg
[T2depth] t=11.3640 id=151 src=motion2 u=631.1 v=478.1 depth=7.5711 depth2=-1.0000 track=2 sf=9 flag=ok
[T2depth] t=11.3640 id=164 src=motion2 u=444.0 v=103.3 depth=5.0000 depth2=-1.0000 track=2 sf=9 flag=init_neg
[T2depth] t=11.3640 id=207 src=motion2 u=528.0 v=381.0 depth=11.3104 depth2=-1.0000 track=2 sf=9 flag=ok
[T2depth] t=11.3640 id=332 src=motion2 u=534.5 v=38.2 depth=0.3035 depth2=-1.0000 track=2 sf=9 flag=ok
[T2depth] t=11.3640 id=335 src=motion2 u=48.8 v=164.0 depth=5.0000 depth2=-1.0000 track=2 sf=9 flag=init_neg
[T2depth] t=11.3640 id=337 src=motion2 u=554.0 v=6.0 depth=0.3439 depth2=-1.0000 track=2 sf=9 flag=ok
[T2depth] t=11.3640 id=339 src=motion2 u=394.0 v=165.0 depth=5.0000 depth2=-1.0000 track=2 sf=9 flag=init_neg
[T2depth] t=11.3640 id=340 src=motion2 u=618.0 v=42.0 depth=0.5066 depth2=-1.0000 track=2 sf=9 flag=ok
[T2depth] t=11.3640 id=343 src=motion2 u=508.0 v=476.0 depth=8.7022 depth2=-1.0000 track=2 sf=9 flag=ok
[T2depth] t=11.3640 id=355 src=stereo u=211.0 v=76.0 depth=5.0000 depth2=-1.0000 track=1 sf=10 flag=init_neg
[T2depth] t=11.3640 id=358 src=stereo u=560.0 v=129.0 depth=34.1983 depth2=-1.0000 track=1 sf=10 flag=ok
[T2gate] t=11.3640 tri=117 rej=0 xrej=0 init_replace=48 gate=0
[T2slv] t=11.3640 phase=1 init_cost=124.288 final_cost=96.127 iters=9 term=1 slv_ms=22.1
[T2diag] t=11.3640 P=[-0.0124 -0.0013 -0.0007] V=[-0.0171 -0.0005 -0.0009] |Bas|=0.006887 |Bgs|=0.0013058 Bas=[-0.000071 -0.000062 -0.006887] Bgs=[0.0012837 0.0002332 0.0000540] tic0=[0.1200 0.0500 -0.0200] tic1=[0.1200 -0.0500 -0.0200] td=0.00000 track=136
[E2uls] flag=1 sh_t=11.412 new_t=11.412 dP=[-0.0017 -0.0031 0.0006] |dP|=0.0036 first_dt=-1.0000
time: 11.364000, t: -0.012417 -0.001324 -0.000718 q: 0.999997 -0.001532 -0.001949 0.000495 
[T2xcross] t=11.4640 id=99 est=1.8092 svd=2.1186 rel=0.1461 track=2 sf=9
[T2xcross] t=11.4640 id=339 est=5.0000 svd=0.0959 rel=0.9808 track=2 sf=9
[T2depth] t=11.4640 id=92 src=motion2 u=134.3 v=478.1 depth=5.0000 depth2=-1.0000 track=2 sf=9 flag=init_neg
[T2depth] t=11.4640 id=104 src=motion2 u=68.7 v=268.0 depth=1.5644 depth2=-1.0000 track=2 sf=9 flag=ok
[T2depth] t=11.4640 id=345 src=motion2 u=70.0 v=95.1 depth=0.0221 depth2=-1.0000 track=2 sf=9 flag=ok
[T2depth] t=11.4640 id=346 src=motion2 u=487.1 v=138.2 depth=5.0000 depth2=-1.0000 track=2 sf=9 flag=init_neg
[T2depth] t=11.4640 id=347 src=motion2 u=428.6 v=130.2 depth=0.2417 depth2=-1.0000 track=2 sf=9 flag=ok
[T2depth] t=11.4640 id=348 src=motion2 u=589.8 v=198.0 depth=2.3583 depth2=-1.0000 track=2 sf=9 flag=ok
[T2xcross] t=11.4640 id=355 est=5.0000 svd=1.9320 rel=0.6136 track=2 sf=9
[T2depth] t=11.4640 id=365 src=stereo u=202.0 v=46.0 depth=5.0000 depth2=-1.0000 track=1 sf=10 flag=init_neg
[T2gate] t=11.4640 tri=64 rej=0 xrej=0 init_replace=3 gate=0
[T2slv] t=11.4640 phase=1 init_cost=85.1899 final_cost=82.7769 iters=9 term=1 slv_ms=21.8
[T2diag] t=11.4640 P=[-0.0114 -0.0017 0.0003] V=[-0.0142 -0.0041 0.0048] |Bas|=0.009755 |Bgs|=0.0011691 Bas=[-0.000540 0.000067 -0.009740] Bgs=[0.0011449 0.0001547 0.0001787] tic0=[0.1200 0.0500 -0.0200] tic1=[0.1200 -0.0500 -0.0200] td=0.00000 track=137
[E2uls] flag=1 sh_t=11.508 new_t=11.508 dP=[-0.0039 0.0005 -0.0007] |dP|=0.0040 first_dt=-1.0000
time: 11.464000, t: -0.011379 -0.001685 0.000252 q: 0.999997 -0.001500 -0.001796 0.000529 
[T2xcross] t=11.5640 id=164 est=5.0000 svd=64.3969 rel=0.9224 track=2 sf=9
[T2depth] t=11.5640 id=266 src=motion2 u=305.1 v=204.3 depth=5.0000 depth2=-1.0000 track=2 sf=9 flag=init_neg
[T2depth] t=11.5640 id=361 src=motion2 u=106.7 v=69.1 depth=0.4253 depth2=-1.0000 track=2 sf=9 flag=ok
[T2depth] t=11.5640 id=362 src=motion2 u=87.4 v=144.2 depth=5.0000 depth2=-1.0000 track=2 sf=9 flag=init_neg
[T2depth] t=11.5640 id=366 src=motion2 u=328.0 v=145.0 depth=5.0000 depth2=-1.0000 track=2 sf=9 flag=init_neg
[T2depth] t=11.5640 id=367 src=motion2 u=317.0 v=32.0 depth=5.0000 depth2=-1.0000 track=2 sf=9 flag=init_neg
[T2depth] t=11.5640 id=368 src=motion2 u=396.0 v=82.0 depth=0.2164 depth2=-1.0000 track=2 sf=9 flag=ok
[T2depth] t=11.5640 id=369 src=motion2 u=271.0 v=117.0 depth=5.0000 depth2=-1.0000 track=2 sf=9 flag=init_neg
[T2depth] t=11.5640 id=370 src=motion2 u=19.0 v=132.0 depth=0.3154 depth2=-1.0000 track=2 sf=9 flag=ok
[T2depth] t=11.5640 id=371 src=motion2 u=570.0 v=78.0 depth=5.0000 depth2=-1.0000 track=2 sf=9 flag=init_neg
[T2depth] t=11.5640 id=374 src=stereo u=132.0 v=150.6 depth=16.1883 depth2=-1.0000 track=1 sf=10 flag=ok
[T2depth] t=11.5640 id=377 src=stereo u=203.0 v=153.0 depth=23.9000 depth2=-1.0000 track=1 sf=10 flag=ok
[T2gate] t=11.5640 tri=61 rej=0 xrej=0 init_replace=6 gate=0
[T2slv] t=11.5640 phase=1 init_cost=89.5293 final_cost=86.953 iters=9 term=1 slv_ms=21.6
[T2diag] t=11.5640 P=[-0.0123 -0.0021 0.0002] V=[-0.0129 -0.0054 0.0055] |Bas|=0.007816 |Bgs|=0.0010374 Bas=[-0.002461 -0.000064 -0.007419] Bgs=[0.0009887 -0.0000430 0.0003114] tic0=[0.1200 0.0500 -0.0200] tic1=[0.1200 -0.0500 -0.0200] td=0.00000 track=140
[E2uls] flag=1 sh_t=11.612 new_t=11.612 dP=[-0.0012 -0.0002 0.0013] |dP|=0.0018 first_dt=-1.0000
time: 11.564000, t: -0.012282 -0.002052 0.000163 q: 0.999997 -0.001583 -0.002034 0.000593 
[T2depth] t=11.6640 id=373 src=motion2 u=612.5 v=61.9 depth=0.7875 depth2=-1.0000 track=2 sf=9 flag=ok
[T2depth] t=11.6640 id=376 src=motion2 u=137.0 v=82.0 depth=5.0000 depth2=-1.0000 track=2 sf=9 flag=init_neg
[T2depth] t=11.6640 id=379 src=motion2 u=173.0 v=158.0 depth=5.0000 depth2=-1.0000 track=2 sf=9 flag=init_neg
[T2depth] t=11.6640 id=385 src=stereo u=46.5 v=147.1 depth=5.0000 depth2=-1.0000 track=1 sf=10 flag=init_neg
[T2depth] t=11.6640 id=389 src=stereo u=171.6 v=192.5 depth=32.3484 depth2=-1.0000 track=1 sf=10 flag=ok
[T2depth] t=11.6640 id=396 src=stereo u=17.0 v=131.0 depth=5.0000 depth2=-1.0000 track=1 sf=10 flag=init_neg
[T2gate] t=11.6640 tri=60 rej=0 xrej=0 init_replace=4 gate=0
[T2slv] t=11.6640 phase=1 init_cost=90.1945 final_cost=87.9868 iters=9 term=1 slv_ms=21.5
[T2diag] t=11.6640 P=[-0.0105 -0.0019 0.0001] V=[-0.0099 -0.0048 -0.0000] |Bas|=0.009435 |Bgs|=0.0009787 Bas=[-0.005851 0.000163 -0.007401] Bgs=[0.0009170 -0.0001874 0.0002861] tic0=[0.1200 0.0500 -0.0200] tic1=[0.1200 -0.0500 -0.0200] td=0.00000 track=137
[E2uls] flag=1 sh_t=11.712 new_t=11.712 dP=[-0.0042 -0.0012 0.0004] |dP|=0.0044 first_dt=-1.0000
time: 11.664000, t: -0.010549 -0.001942 0.000102 q: 0.999997 -0.001696 -0.001922 0.000514 
[T2depth] t=11.7640 id=383 src=motion2 u=81.8 v=87.7 depth=5.0000 depth2=-1.0000 track=2 sf=9 flag=init_neg
[T2xcross] t=11.7640 id=385 est=5.0000 svd=0.0465 rel=0.9907 track=2 sf=9
[T2depth] t=11.7640 id=387 src=motion2 u=475.1 v=140.2 depth=0.1916 depth2=-1.0000 track=2 sf=9 flag=ok
[T2depth] t=11.7640 id=390 src=motion2 u=30.6 v=202.2 depth=5.0000 depth2=-1.0000 track=2 sf=9 flag=init_neg
[T2depth] t=11.7640 id=395 src=motion2 u=168.0 v=19.0 depth=5.0000 depth2=-1.0000 track=2 sf=9 flag=init_neg
[T2depth] t=11.7640 id=398 src=motion2 u=307.0 v=57.0 depth=0.1337 depth2=-1.0000 track=2 sf=9 flag=ok
[T2depth] t=11.7640 id=399 src=motion2 u=88.0 v=124.0 depth=5.0000 depth2=-1.0000 track=2 sf=9 flag=init_neg
[T2depth] t=11.7640 id=405 src=stereo u=530.7 v=211.2 depth=3.5736 depth2=-1.0000 track=1 sf=10 flag=ok
[T2depth] t=11.7640 id=408 src=stereo u=536.0 v=31.0 depth=3.8597 depth2=-1.0000 track=1 sf=10 flag=ok
[T2depth] t=11.7640 id=410 src=stereo u=488.0 v=207.0 depth=3.9903 depth2=-1.0000 track=1 sf=10 flag=ok
[T2depth] t=11.7640 id=411 src=stereo u=217.0 v=15.0 depth=5.0000 depth2=-1.0000 track=1 sf=10 flag=init_neg
[T2depth] t=11.7640 id=413 src=stereo u=617.0 v=136.0 depth=29.2347 depth2=-1.0000 track=1 sf=10 flag=ok
[T2depth] t=11.7640 id=414 src=stereo u=502.0 v=95.0 depth=4.0496 depth2=-1.0000 track=1 sf=10 flag=ok
[T2gate] t=11.7640 tri=65 rej=0 xrej=0 init_replace=5 gate=0
[T2slv] t=11.7640 phase=1 init_cost=88.9024 final_cost=88.1476 iters=9 term=1 slv_ms=20.9
[T2diag] t=11.7640 P=[-0.0095 -0.0011 0.0002] V=[-0.0048 -0.0031 0.0035] |Bas|=0.012577 |Bgs|=0.0009698 Bas=[-0.010128 0.000355 -0.007448] Bgs=[0.0008480 -0.0001903 0.0004303] tic0=[0.1200 0.0500 -0.0200] tic1=[0.1200 -0.0500 -0.0200] td=0.00000 track=134
[E2uls] flag=1 sh_t=11.808 new_t=11.808 dP=[-0.0024 -0.0017 0.0002] |dP|=0.0029 first_dt=-1.0000
time: 11.764000, t: -0.009549 -0.001115 0.000217 q: 0.999996 -0.001900 -0.001956 0.000510 
[T2depth] t=11.8640 id=400 src=motion2 u=604.5 v=208.8 depth=0.2249 depth2=-1.0000 track=2 sf=9 flag=ok
[T2depth] t=11.8640 id=401 src=motion2 u=134.8 v=30.4 depth=5.0000 depth2=-1.0000 track=2 sf=9 flag=init_neg
[T2xcross] t=11.8640 id=405 est=3.5736 svd=0.3664 rel=0.8975 track=2 sf=9
[T2depth] t=11.8640 id=407 src=motion2 u=336.0 v=210.0 depth=0.0943 depth2=-1.0000 track=2 sf=9 flag=ok
[T2xcross] t=11.8640 id=408 est=3.8597 svd=0.0367 rel=0.9905 track=2 sf=9
[T2depth] t=11.8640 id=412 src=motion2 u=614.0 v=100.0 depth=5.0000 depth2=-1.0000 track=2 sf=9 flag=init_neg
[T2depth] t=11.8640 id=415 src=motion2 u=579.0 v=103.0 depth=0.1243 depth2=-1.0000 track=2 sf=9 flag=ok
[T2depth] t=11.8640 id=423 src=stereo u=388.8 v=148.4 depth=3.7088 depth2=-1.0000 track=1 sf=10 flag=ok
[T2gate] t=11.8640 tri=61 rej=0 xrej=0 init_replace=2 gate=0
[T2slv] t=11.8640 phase=1 init_cost=88.9321 final_cost=87.8552 iters=9 term=1 slv_ms=20.7
[T2diag] t=11.8640 P=[-0.0104 -0.0018 0.0003] V=[-0.0028 -0.0031 0.0041] |Bas|=0.016000 |Bgs|=0.0009387 Bas=[-0.014055 0.000663 -0.007616] Bgs=[0.0007880 0.0000009 0.0005102] tic0=[0.1200 0.0500 -0.0200] tic1=[0.1200 -0.0500 -0.0200] td=0.00000 track=138
[E2uls] flag=1 sh_t=11.908 new_t=11.908 dP=[0.0004 0.0005 0.0004] |dP|=0.0008 first_dt=-1.0000
time: 11.864000, t: -0.010425 -0.001789 0.000349 q: 0.999996 -0.001763 -0.002033 0.000562 
[T2depth] t=11.9640 id=419 src=motion2 u=187.2 v=68.4 depth=5.0000 depth2=-1.0000 track=2 sf=9 flag=init_neg
[T2depth] t=11.9640 id=425 src=motion2 u=23.0 v=44.0 depth=0.0198 depth2=-1.0000 track=2 sf=9 flag=ok
[T2depth] t=11.9640 id=426 src=motion2 u=632.0 v=247.0 depth=5.0000 depth2=-1.0000 track=2 sf=9 flag=init_neg
[T2depth] t=11.9640 id=427 src=motion2 u=546.0 v=114.0 depth=0.0828 depth2=-1.0000 track=2 sf=9 flag=ok
[T2depth] t=11.9640 id=428 src=motion2 u=12.0 v=78.0 depth=5.0000 depth2=-1.0000 track=2 sf=9 flag=init_neg
[T2depth] t=11.9640 id=429 src=motion2 u=212.0 v=167.0 depth=0.1825 depth2=-1.0000 track=2 sf=9 flag=ok
[T2depth] t=11.9640 id=430 src=motion2 u=53.0 v=216.0 depth=5.0000 depth2=-1.0000 track=2 sf=9 flag=init_neg
[T2depth] t=11.9640 id=431 src=motion2 u=346.0 v=143.0 depth=5.0000 depth2=-1.0000 track=2 sf=9 flag=init_neg
[T2depth] t=11.9640 id=434 src=stereo u=512.9 v=107.4 depth=4.2895 depth2=-1.0000 track=1 sf=10 flag=ok
[T2depth] t=11.9640 id=437 src=stereo u=25.9 v=165.2 depth=34.4522 depth2=-1.0000 track=1 sf=10 flag=ok
[T2gate] t=11.9640 tri=61 rej=0 xrej=0 init_replace=5 gate=0
[T2slv] t=11.9640 phase=1 init_cost=89.8091 final_cost=88.6512 iters=9 term=1 slv_ms=21.8
[T2diag] t=11.9640 P=[-0.0103 -0.0017 0.0002] V=[0.0000 0.0023 0.0012] |Bas|=0.019364 |Bgs|=0.0010822 Bas=[-0.018420 0.000454 -0.005954] Bgs=[0.0008907 -0.0000458 0.0006129] tic0=[0.1200 0.0500 -0.0200] tic1=[0.1200 -0.0500 -0.0200] td=0.00000 track=139
[E2uls] flag=1 sh_t=12.012 new_t=12.012 dP=[-0.0003 -0.0003 0.0010] |dP|=0.0011 first_dt=-1.0000
time: 11.964000, t: -0.010268 -0.001735 0.000175 q: 0.999995 -0.001670 -0.002484 0.000531 
[T2xcross] t=12.0640 id=411 est=5.0000 svd=0.0077 rel=0.9985 track=2 sf=9
[T2xcross] t=12.0640 id=428 est=5.0000 svd=0.0163 rel=0.9967 track=2 sf=9
[T2depth] t=12.0640 id=432 src=motion2 u=274.2 v=168.5 depth=0.0312 depth2=-1.0000 track=2 sf=9 flag=ok
[T2xcross] t=12.0640 id=434 est=4.2895 svd=0.0195 rel=0.9955 track=2 sf=9
[T2depth] t=12.0640 id=442 src=motion2 u=501.0 v=157.0 depth=5.0000 depth2=-1.0000 track=2 sf=9 flag=init_neg
[T2depth] t=12.0640 id=446 src=stereo u=97.6 v=59.0 depth=27.7237 depth2=-1.0000 track=1 sf=10 flag=ok
[T2depth] t=12.0640 id=447 src=stereo u=448.0 v=194.9 depth=3.8915 depth2=-1.0000 track=1 sf=10 flag=ok
[T2depth] t=12.0640 id=449 src=stereo u=400.2 v=36.2 depth=4.9787 depth2=-1.0000 track=1 sf=10 flag=ok
[T2depth] t=12.0640 id=460 src=stereo u=608.0 v=136.0 depth=5.0000 depth2=-1.0000 track=1 sf=10 flag=init_neg
[T2depth] t=12.0640 id=462 src=stereo u=289.0 v=81.0 depth=5.0000 depth2=-1.0000 track=1 sf=10 flag=init_neg
[T2gate] t=12.0640 tri=64 rej=0 xrej=0 init_replace=3 gate=0
[T2slv] t=12.0640 phase=1 init_cost=87.6259 final_cost=86.9308 iters=9 term=1 slv_ms=22.1
[T2diag] t=12.0640 P=[-0.0104 -0.0012 0.0001] V=[0.0024 0.0013 0.0035] |Bas|=0.023385 |Bgs|=0.0011516 Bas=[-0.022480 0.000703 -0.006406] Bgs=[0.0009431 -0.0000826 0.0006557] tic0=[0.1200 0.0500 -0.0200] tic1=[0.1200 -0.0500 -0.0200] td=0.00000 track=134
[E2uls] flag=1 sh_t=12.112 new_t=12.112 dP=[0.0003 -0.0001 0.0004] |dP|=0.0005 first_dt=-1.0000
time: 12.064000, t: -0.010426 -0.001235 0.000126 q: 0.999995 -0.001648 -0.002561 0.000368 
[T2xcross] t=12.1680 id=447 est=3.8915 svd=0.0853 rel=0.9781 track=2 sf=9
[T2xcross] t=12.1680 id=449 est=4.9787 svd=0.0036 rel=0.9993 track=2 sf=9
[T2depth] t=12.1680 id=450 src=motion2 u=554.2 v=213.7 depth=0.0504 depth2=-1.0000 track=2 sf=9 flag=ok
[T2depth] t=12.1680 id=451 src=motion2 u=107.1 v=203.4 depth=5.0000 depth2=-1.0000 track=2 sf=9 flag=init_neg
[T2depth] t=12.1680 id=452 src=motion2 u=4.0 v=241.0 depth=0.5049 depth2=-1.0000 track=2 sf=9 flag=ok
[T2depth] t=12.1680 id=454 src=motion2 u=629.0 v=171.0 depth=5.0000 depth2=-1.0000 track=2 sf=9 flag=init_neg
[T2depth] t=12.1680 id=455 src=motion2 u=271.0 v=46.0 depth=5.0000 depth2=-1.0000 track=2 sf=9 flag=init_neg
[T2depth] t=12.1680 id=457 src=motion2 u=625.0 v=207.0 depth=5.0000 depth2=-1.0000 track=2 sf=9 flag=init_neg
[T2depth] t=12.1680 id=458 src=motion2 u=373.0 v=53.0 depth=5.0000 depth2=-1.0000 track=2 sf=9 flag=init_neg
[T2depth] t=12.1680 id=459 src=motion2 u=523.0 v=199.0 depth=0.0835 depth2=-1.0000 track=2 sf=9 flag=ok
[T2depth] t=12.1680 id=470 src=stereo u=566.0 v=106.0 depth=26.4467 depth2=-1.0000 track=1 sf=10 flag=ok
[T2depth] t=12.1680 id=475 src=stereo u=529.0 v=74.0 depth=3.7167 depth2=-1.0000 track=1 sf=10 flag=ok
[T2gate] t=12.1680 tri=62 rej=0 xrej=0 init_replace=5 gate=0
[T2slv] t=12.1680 phase=1 init_cost=86.8968 final_cost=84.6281 iters=9 term=1 slv_ms=20.9
[T2diag] t=12.1680 P=[-0.0132 -0.0024 0.0003] V=[-0.0028 0.0021 0.0054] |Bas|=0.026070 |Bgs|=0.0010757 Bas=[-0.025270 0.001253 -0.006283] Bgs=[0.0008803 0.0000541 0.0006158] tic0=[0.1200 0.0500 -0.0200] tic1=[0.1200 -0.0500 -0.0200] td=0.00000 track=138
[E2uls] flag=1 sh_t=12.216 new_t=12.216 dP=[0.0031 0.0022 0.0006] |dP|=0.0038 first_dt=-1.0000
time: 12.168000, t: -0.013192 -0.002444 0.000253 q: 0.999995 -0.001730 -0.002702 0.000544 
[T2xcross] t=12.2640 id=432 est=0.0312 svd=0.0920 rel=0.6609 track=2 sf=9
[T2xcross] t=12.2640 id=455 est=5.0000 svd=0.1562 rel=0.9688 track=2 sf=9
[T2depth] t=12.2640 id=89 src=motion2 u=359.0 v=464.2 depth=1.9310 depth2=-1.0000 track=2 sf=9 flag=ok
[T2depth] t=12.2640 id=469 src=motion2 u=151.5 v=82.2 depth=5.0000 depth2=-1.0000 track=2 sf=9 flag=init_neg
[T2xcross] t=12.2640 id=470 est=26.4467 svd=0.1276 rel=0.9952 track=2 sf=9
[T2depth] t=12.2640 id=471 src=motion2 u=67.0 v=14.0 depth=0.1741 depth2=-1.0000 track=2 sf=9 flag=ok
[T2depth] t=12.2640 id=473 src=motion2 u=68.0 v=122.0 depth=0.1495 depth2=-1.0000 track=2 sf=9 flag=ok
[T2depth] t=12.2640 id=474 src=motion2 u=539.0 v=125.0 depth=0.0629 depth2=-1.0000 track=2 sf=9 flag=ok
[T2depth] t=12.2640 id=476 src=motion2 u=78.0 v=81.0 depth=0.0359 depth2=-1.0000 track=2 sf=9 flag=ok
[T2depth] t=12.2640 id=478 src=stereo u=403.7 v=181.7 depth=3.5107 depth2=-1.0000 track=1 sf=10 flag=ok
[T2depth] t=12.2640 id=483 src=stereo u=172.0 v=37.5 depth=35.1806 depth2=-1.0000 track=1 sf=10 flag=ok
[T2depth] t=12.2640 id=487 src=stereo u=364.0 v=86.0 depth=4.2337 depth2=-1.0000 track=1 sf=10 flag=ok
[T2depth] t=12.2640 id=489 src=stereo u=191.0 v=113.0 depth=5.0000 depth2=-1.0000 track=1 sf=10 flag=init_neg
[T2depth] t=12.2640 id=491 src=stereo u=114.0 v=97.0 depth=5.0000 depth2=-1.0000 track=1 sf=10 flag=init_neg
[T2gate] t=12.2640 tri=64 rej=0 xrej=0 init_replace=3 gate=0
[T2slv] t=12.2640 phase=1 init_cost=86.4427 final_cost=86.0798 iters=9 term=1 slv_ms=20.8
[T2diag] t=12.2640 P=[-0.0125 -0.0021 0.0004] V=[-0.0047 0.0059 0.0046] |Bas|=0.029718 |Bgs|=0.0010452 Bas=[-0.029106 0.001681 -0.005762] Bgs=[0.0008042 0.0001055 0.0006593] tic0=[0.1200 0.0500 -0.0200] tic1=[0.1200 -0.0500 -0.0200] td=0.00000 track=135
[E2uls] flag=1 sh_t=12.328 new_t=12.328 dP=[-0.0011 0.0003 0.0009] |dP|=0.0014 first_dt=-1.0000
time: 12.264000, t: -0.012462 -0.002120 0.000362 q: 0.999994 -0.001842 -0.002904 0.000442 
[T2xcross] t=12.3640 id=471 est=0.1741 svd=0.1492 rel=0.1432 track=2 sf=9
[T2xcross] t=12.3640 id=476 est=0.0359 svd=0.0259 rel=0.2783 track=2 sf=9
[T2depth] t=12.3640 id=481 src=motion2 u=488.9 v=85.2 depth=0.0643 depth2=-1.0000 track=2 sf=9 flag=ok
[T2depth] t=12.3640 id=482 src=motion2 u=52.2 v=156.8 depth=5.0000 depth2=-1.0000 track=2 sf=9 flag=init_neg
[T2depth] t=12.3640 id=488 src=motion2 u=38.0 v=76.0 depth=0.4727 depth2=-1.0000 track=2 sf=9 flag=ok
[T2depth] t=12.3640 id=490 src=motion2 u=591.0 v=71.0 depth=5.0000 depth2=-1.0000 track=2 sf=9 flag=init_neg
[T2xcross] t=12.3640 id=491 est=5.0000 svd=0.2264 rel=0.9547 track=2 sf=9
[T2depth] t=12.3640 id=493 src=motion2 u=91.0 v=240.0 depth=0.6115 depth2=-1.0000 track=2 sf=9 flag=ok
[T2depth] t=12.3640 id=495 src=motion2 u=335.0 v=198.0 depth=5.0000 depth2=-1.0000 track=2 sf=9 flag=init_neg
[T2depth] t=12.3640 id=499 src=stereo u=524.0 v=18.3 depth=3.4386 depth2=-1.0000 track=1 sf=10 flag=ok
[T2depth] t=12.3640 id=500 src=stereo u=452.0 v=75.4 depth=3.8983 depth2=-1.0000 track=1 sf=10 flag=ok
[T2depth] t=12.3640 id=502 src=stereo u=520.2 v=101.4 depth=3.8733 depth2=-1.0000 track=1 sf=10 flag=ok
[T2depth] t=12.3640 id=503 src=stereo u=617.0 v=191.0 depth=5.0000 depth2=-1.0000 track=1 sf=10 flag=init_neg
[T2depth] t=12.3640 id=504 src=stereo u=341.0 v=57.0 depth=29.2448 depth2=-1.0000 track=1 sf=10 flag=ok
[T2depth] t=12.3640 id=509 src=stereo u=402.0 v=83.0 depth=3.6634 depth2=-1.0000 track=1 sf=10 flag=ok
[T2gate] t=12.3640 tri=60 rej=0 xrej=0 init_replace=4 gate=0
[T2slv] t=12.3640 phase=1 init_cost=92.9839 final_cost=91.5965 iters=9 term=1 slv_ms=29.6
[T2diag] t=12.3640 P=[-0.0103 -0.0008 0.0004] V=[0.0005 0.0070 0.0053] |Bas|=0.034494 |Bgs|=0.0010413 Bas=[-0.034001 0.002067 -0.005435] Bgs=[0.0006974 0.0001456 0.0007595] tic0=[0.1200 0.0500 -0.0200] tic1=[0.1200 -0.0500 -0.0200] td=0.00000 track=139
[E2uls] flag=1 sh_t=12.424 new_t=12.424 dP=[-0.0027 -0.0000 0.0011] |dP|=0.0029 first_dt=-1.0000
time: 12.364000, t: -0.010348 -0.000844 0.000385 q: 0.999994 -0.001908 -0.003032 0.000332 
[T2xcross] t=12.4640 id=495 est=5.0000 svd=0.0001 rel=1.0000 track=2 sf=9
[T2depth] t=12.4640 id=497 src=motion2 u=105.7 v=132.2 depth=5.0000 depth2=-1.0000 track=2 sf=9 flag=init_neg
[T2depth] t=12.4640 id=505 src=motion2 u=630.0 v=40.0 depth=0.1035 depth2=-1.0000 track=2 sf=9 flag=ok
[T2depth] t=12.4640 id=506 src=motion2 u=206.0 v=74.0 depth=5.0000 depth2=-1.0000 track=2 sf=9 flag=init_neg
[T2gate] t=12.4640 tri=54 rej=0 xrej=0 init_replace=2 gate=0
[T2slv] t=12.4640 phase=1 init_cost=96.3692 final_cost=93.2005 iters=9 term=1 slv_ms=24.1
[T2diag] t=12.4640 P=[-0.0095 -0.0007 0.0002] V=[0.0010 0.0065 0.0035] |Bas|=0.038658 |Bgs|=0.0010450 Bas=[-0.038403 0.001835 -0.004036] Bgs=[0.0005406 0.0000339 0.0008937] tic0=[0.1200 0.0500 -0.0200] tic1=[0.1200 -0.0500 -0.0200] td=0.00000 track=140
[E2uls] flag=1 sh_t=12.516 new_t=12.516 dP=[-0.0011 0.0017 0.0014] |dP|=0.0024 first_dt=-1.0000
time: 12.464000, t: -0.009527 -0.000687 0.000234 q: 0.999992 -0.001834 -0.003458 0.000325 
[T2xcross] t=12.5640 id=500 est=3.8983 svd=0.5136 rel=0.8682 track=2 sf=9
[T2xcross] t=12.5640 id=506 est=5.0000 svd=0.2414 rel=0.9517 track=2 sf=9
[T2depth] t=12.5640 id=82 src=motion2 u=340.9 v=436.3 depth=6.9691 depth2=-1.0000 track=2 sf=9 flag=ok
[T2depth] t=12.5640 id=511 src=motion2 u=444.0 v=148.6 depth=3.5126 depth2=-1.0000 track=2 sf=9 flag=ok
[T2depth] t=12.5640 id=512 src=motion2 u=210.0 v=14.0 depth=0.0647 depth2=-1.0000 track=2 sf=9 flag=ok
[T2depth] t=12.5640 id=515 src=motion2 u=209.0 v=151.0 depth=5.0000 depth2=-1.0000 track=2 sf=9 flag=init_neg
[T2depth] t=12.5640 id=517 src=motion2 u=367.0 v=200.0 depth=5.0000 depth2=-1.0000 track=2 sf=9 flag=init_neg
[T2depth] t=12.5640 id=518 src=motion2 u=331.0 v=34.0 depth=5.0000 depth2=-1.0000 track=2 sf=9 flag=init_neg
[T2depth] t=12.5640 id=519 src=motion2 u=381.0 v=25.0 depth=5.0000 depth2=-1.0000 track=2 sf=9 flag=init_neg
[T2gate] t=12.5640 tri=62 rej=0 xrej=0 init_replace=4 gate=0
[T2slv] t=12.5640 phase=1 init_cost=92.3155 final_cost=89.95 iters=9 term=1 slv_ms=26.6
[T2diag] t=12.5640 P=[-0.0090 -0.0007 0.0003] V=[0.0036 0.0103 0.0038] |Bas|=0.043663 |Bgs|=0.0010150 Bas=[-0.043403 0.002216 -0.004214] Bgs=[0.0005013 -0.0000970 0.0008772] tic0=[0.1200 0.0500 -0.0200] tic1=[0.1200 -0.0500 -0.0200] td=0.00000 track=137
[E2uls] flag=1 sh_t=12.620 new_t=12.620 dP=[-0.0006 0.0014 0.0004] |dP|=0.0016 first_dt=-1.0000
time: 12.564000, t: -0.008991 -0.000721 0.000325 q: 0.999992 -0.001841 -0.003604 0.000246 
[T2xcross] t=12.6680 id=121 est=4.8383 svd=7.4715 rel=0.3524 track=11 sf=0
[T2xcross] t=12.6680 id=93 est=0.6236 svd=1.7223 rel=0.6379 track=2 sf=9
[T2xcross] t=12.6680 id=512 est=0.0647 svd=0.8417 rel=0.9231 track=2 sf=9
[T2xcross] t=12.6680 id=517 est=5.0000 svd=0.1437 rel=0.9713 track=2 sf=9
[T2depth] t=12.6680 id=6 src=motion2 u=296.0 v=354.1 depth=1.9941 depth2=-1.0000 track=2 sf=9 flag=ok
[T2depth] t=12.6680 id=33 src=motion2 u=433.9 v=407.1 depth=1.9405 depth2=-1.0000 track=2 sf=9 flag=ok
[T2depth] t=12.6680 id=44 src=motion2 u=511.2 v=438.3 depth=2.2031 depth2=-1.0000 track=2 sf=9 flag=ok
[T2depth] t=12.6680 id=68 src=motion2 u=538.5 v=472.2 depth=1.6389 depth2=-1.0000 track=2 sf=9 flag=ok
[T2depth] t=12.6680 id=71 src=motion2 u=477.6 v=475.0 depth=1.4728 depth2=-1.0000 track=2 sf=9 flag=ok
[T2depth] t=12.6680 id=80 src=motion2 u=318.4 v=399.4 depth=2.0817 depth2=-1.0000 track=2 sf=9 flag=ok
[T2depth] t=12.6680 id=520 src=motion2 u=90.0 v=290.0 depth=1.6262 depth2=-1.0000 track=2 sf=9 flag=ok
[T2depth] t=12.6680 id=523 src=motion2 u=534.8 v=209.2 depth=0.6088 depth2=-1.0000 track=2 sf=9 flag=ok
[T2depth] t=12.6680 id=524 src=motion2 u=199.0 v=111.0 depth=5.0000 depth2=-1.0000 track=2 sf=9 flag=init_neg
[T2depth] t=12.6680 id=525 src=motion2 u=128.0 v=164.0 depth=0.2292 depth2=-1.0000 track=2 sf=9 flag=ok
[T2depth] t=12.6680 id=528 src=stereo u=487.4 v=156.1 depth=4.2583 depth2=-1.0000 track=1 sf=10 flag=ok
[T2depth] t=12.6680 id=530 src=stereo u=496.0 v=124.3 depth=31.8277 depth2=-1.0000 track=1 sf=10 flag=ok
[T2depth] t=12.6680 id=534 src=stereo u=409.0 v=214.0 depth=3.9885 depth2=-1.0000 track=1 sf=10 flag=ok
[T2depth] t=12.6680 id=535 src=stereo u=543.0 v=11.0 depth=3.9850 depth2=-1.0000 track=1 sf=10 flag=ok
[T2gate] t=12.6680 tri=60 rej=0 xrej=0 init_replace=1 gate=0
[T2slv] t=12.6680 phase=1 init_cost=91.0786 final_cost=90.1611 iters=9 term=1 slv_ms=26.0
[T2diag] t=12.6680 P=[-0.0085 -0.0004 0.0004] V=[0.0057 0.0125 0.0046] |Bas|=0.048780 |Bgs|=0.0008749 Bas=[-0.048452 0.003017 -0.004777] Bgs=[0.0004844 -0.0000114 0.0007285] tic0=[0.1200 0.0500 -0.0200] tic1=[0.1200 -0.0500 -0.0200] td=0.00000 track=142
[E2uls] flag=1 sh_t=12.724 new_t=12.724 dP=[0.0005 0.0018 0.0003] |dP|=0.0019 first_dt=-1.0000
time: 12.668000, t: -0.008544 -0.000405 0.000388 q: 0.999991 -0.001989 -0.003717 0.000248 
[T2xcross] t=12.7640 id=509 est=3.6634 svd=0.3041 rel=0.9170 track=2 sf=9
[T2xcross] t=12.7640 id=511 est=3.5126 svd=0.0340 rel=0.9903 track=2 sf=9
[T2xcross] t=12.7640 id=524 est=5.0000 svd=0.2532 rel=0.9494 track=2 sf=9
[T2depth] t=12.7640 id=533 src=motion2 u=21.0 v=104.0 depth=5.0000 depth2=-1.0000 track=2 sf=9 flag=init_neg
[T2depth] t=12.7640 id=536 src=stereo u=255.7 v=178.3 depth=30.9424 depth2=-1.0000 track=1 sf=10 flag=ok
[T2depth] t=12.7640 id=539 src=stereo u=374.8 v=143.3 depth=5.0000 depth2=-1.0000 track=1 sf=10 flag=init_neg
[T2depth] t=12.7640 id=540 src=stereo u=311.0 v=5.3 depth=5.0000 depth2=-1.0000 track=1 sf=10 flag=init_neg
[T2depth] t=12.7640 id=544 src=stereo u=529.6 v=86.2 depth=4.3733 depth2=-1.0000 track=1 sf=10 flag=ok
[T2depth] t=12.7640 id=545 src=stereo u=565.0 v=142.0 depth=5.0000 depth2=-1.0000 track=1 sf=10 flag=init_neg
[T2depth] t=12.7640 id=547 src=stereo u=524.0 v=36.0 depth=4.5822 depth2=-1.0000 track=1 sf=10 flag=ok
[T2gate] t=12.7640 tri=57 rej=0 xrej=0 init_replace=4 gate=0
[T2slv] t=12.7640 phase=1 init_cost=90.3909 final_cost=89.1847 iters=9 term=1 slv_ms=21.1
[T2diag] t=12.7640 P=[-0.0084 0.0010 0.0003] V=[0.0041 0.0167 0.0032] |Bas|=0.053298 |Bgs|=0.0008887 Bas=[-0.052997 0.003725 -0.004257] Bgs=[0.0004312 0.0000816 0.0007728] tic0=[0.1200 0.0500 -0.0200] tic1=[0.1200 -0.0500 -0.0200] td=0.00000 track=136
[E2uls] flag=1 sh_t=12.816 new_t=12.816 dP=[0.0007 0.0010 0.0009] |dP|=0.0016 first_dt=-1.0000
time: 12.764000, t: -0.008448 0.000982 0.000307 q: 0.999990 -0.001995 -0.003935 0.000285 
[T2xcross] t=12.8640 id=536 est=30.9424 svd=0.7605 rel=0.9754 track=2 sf=9
[T2depth] t=12.8640 id=543 src=motion2 u=82.7 v=106.3 depth=0.2645 depth2=-1.0000 track=2 sf=9 flag=ok
[T2xcross] t=12.8640 id=544 est=4.3733 svd=0.1627 rel=0.9628 track=2 sf=9
[T2depth] t=12.8640 id=548 src=motion2 u=286.0 v=39.0 depth=5.0000 depth2=-1.0000 track=2 sf=9 flag=init_neg
[T2depth] t=12.8640 id=550 src=motion2 u=615.0 v=99.0 depth=5.0000 depth2=-1.0000 track=2 sf=9 flag=init_neg
[T2depth] t=12.8640 id=558 src=stereo u=508.0 v=117.0 depth=3.8067 depth2=-1.0000 track=1 sf=10 flag=ok
[T2gate] t=12.8640 tri=63 rej=0 xrej=0 init_replace=2 gate=0
[T2slv] t=12.8640 phase=1 init_cost=89.6874 final_cost=88.6394 iters=9 term=1 slv_ms=18.1
[T2diag] t=12.8640 P=[-0.0080 0.0011 0.0003] V=[0.0028 0.0129 0.0054] |Bas|=0.057126 |Bgs|=0.0008645 Bas=[-0.056821 0.004455 -0.003870] Bgs=[0.0003957 0.0001215 0.0007589] tic0=[0.1200 0.0500 -0.0200] tic1=[0.1200 -0.0500 -0.0200] td=0.00000 track=134
[E2uls] flag=1 sh_t=12.900 new_t=12.900 dP=[-0.0001 0.0022 0.0007] |dP|=0.0023 first_dt=-1.0000
time: 12.864000, t: -0.008001 0.001138 0.000344 q: 0.999990 -0.001900 -0.004117 0.000189 
[T2depth] t=12.9640 id=4 src=motion2 u=385.8 v=387.1 depth=5.0000 depth2=-1.0000 track=2 sf=9 flag=init_neg
[T2depth] t=12.9640 id=31 src=motion2 u=350.5 v=406.1 depth=5.0000 depth2=-1.0000 track=2 sf=9 flag=init_neg
[T2depth] t=12.9640 id=40 src=motion2 u=317.9 v=310.1 depth=5.0000 depth2=-1.0000 track=2 sf=9 flag=init_neg
[T2depth] t=12.9640 id=58 src=motion2 u=285.8 v=314.1 depth=5.0000 depth2=-1.0000 track=2 sf=9 flag=init_neg
[T2depth] t=12.9640 id=63 src=motion2 u=324.8 v=365.1 depth=5.0000 depth2=-1.0000 track=2 sf=9 flag=init_neg
[T2depth] t=12.9640 id=69 src=motion2 u=395.9 v=463.7 depth=5.0000 depth2=-1.0000 track=2 sf=9 flag=init_neg
[T2depth] t=12.9640 id=75 src=motion2 u=435.7 v=454.6 depth=5.0000 depth2=-1.0000 track=2 sf=9 flag=init_neg
[T2depth] t=12.9640 id=551 src=motion2 u=250.2 v=25.3 depth=5.0000 depth2=-1.0000 track=2 sf=9 flag=init_neg
[T2depth] t=12.9640 id=552 src=motion2 u=445.0 v=120.2 depth=5.0000 depth2=-1.0000 track=2 sf=9 flag=init_neg
[T2depth] t=12.9640 id=554 src=motion2 u=183.9 v=196.7 depth=0.1165 depth2=-1.0000 track=2 sf=9 flag=ok
[T2xcross] t=12.9640 id=558 est=3.8067 svd=1.0338 rel=0.7284 track=2 sf=9
[T2depth] t=12.9640 id=569 src=stereo u=113.0 v=8.0 depth=5.0000 depth2=-1.0000 track=1 sf=10 flag=init_neg
[T2depth] t=12.9640 id=570 src=stereo u=57.0 v=195.0 depth=43.8702 depth2=-1.0000 track=1 sf=10 flag=ok
[T2depth] t=12.9640 id=573 src=stereo u=151.0 v=164.0 depth=5.0000 depth2=-1.0000 track=1 sf=10 flag=init_neg
[T2depth] t=12.9640 id=574 src=stereo u=542.0 v=33.0 depth=3.1087 depth2=-1.0000 track=1 sf=10 flag=ok
[T2gate] t=12.9640 tri=65 rej=0 xrej=0 init_replace=11 gate=0
[T2slv] t=12.9640 phase=1 init_cost=90.1242 final_cost=88.2834 iters=9 term=1 slv_ms=18.2
[T2diag] t=12.9640 P=[-0.0073 0.0013 0.0005] V=[0.0034 0.0135 0.0071] |Bas|=0.061639 |Bgs|=0.0008557 Bas=[-0.061346 0.004932 -0.003427] Bgs=[0.0003158 0.0001154 0.0007869] tic0=[0.1200 0.0500 -0.0200] tic1=[0.1200 -0.0500 -0.0200] td=0.00000 track=139
[E2uls] flag=1 sh_t=13.008 new_t=13.008 dP=[-0.0003 0.0020 0.0010] |dP|=0.0022 first_dt=-1.0000
time: 12.964000, t: -0.007308 0.001315 0.000472 q: 0.999988 -0.002129 -0.004364 0.000253 
[T2xcross] t=13.0640 id=488 est=0.4727 svd=0.5446 rel=0.1319 track=2 sf=9
[T2depth] t=13.0640 id=561 src=motion2 u=208.8 v=20.8 depth=5.0000 depth2=-1.0000 track=2 sf=9 flag=init_neg
[T2depth] t=13.0640 id=564 src=motion2 u=616.0 v=177.9 depth=5.0000 depth2=-1.0000 track=2 sf=9 flag=init_neg
[T2depth] t=13.0640 id=568 src=motion2 u=546.0 v=224.0 depth=0.8650 depth2=-1.0000 track=2 sf=9 flag=ok
[T2xcross] t=13.0640 id=569 est=5.0000 svd=13.6846 rel=0.6346 track=2 sf=9
[T2xcross] t=13.0640 id=570 est=43.8702 svd=0.5790 rel=0.9868 track=2 sf=9
[T2depth] t=13.0640 id=571 src=motion2 u=174.0 v=20.0 depth=5.0000 depth2=-1.0000 track=2 sf=9 flag=init_neg
[T2depth] t=13.0640 id=572 src=motion2 u=615.0 v=44.0 depth=5.0000 depth2=-1.0000 track=2 sf=9 flag=init_neg
[T2xcross] t=13.0640 id=574 est=3.1087 svd=0.5858 rel=0.8116 track=2 sf=9
[T2depth] t=13.0640 id=580 src=stereo u=611.0 v=142.0 depth=45.0499 depth2=-1.0000 track=1 sf=10 flag=ok
[T2gate] t=13.0640 tri=55 rej=0 xrej=0 init_replace=4 gate=0
[T2slv] t=13.0640 phase=1 init_cost=92.8103 final_cost=89.5446 iters=9 term=1 slv_ms=15.8
[T2diag] t=13.0640 P=[-0.0077 0.0017 0.0005] V=[0.0025 0.0100 0.0074] |Bas|=0.065487 |Bgs|=0.0008869 Bas=[-0.065290 0.004484 -0.002359] Bgs=[0.0002528 -0.0000159 0.0008499] tic0=[0.1200 0.0500 -0.0200] tic1=[0.1200 -0.0500 -0.0200] td=0.00000 track=141
[E2uls] flag=1 sh_t=13.100 new_t=13.100 dP=[0.0007 0.0015 0.0014] |dP|=0.0022 first_dt=-1.0000
time: 13.064000, t: -0.007712 0.001671 0.000515 q: 0.999987 -0.001978 -0.004745 0.000259 
[T2xcross] t=13.1640 id=533 est=5.0000 svd=0.1899 rel=0.9620 track=2 sf=9
[T2depth] t=13.1640 id=36 src=motion2 u=522.0 v=323.0 depth=5.0000 depth2=-1.0000 track=2 sf=9 flag=init_neg
[T2depth] t=13.1640 id=53 src=motion2 u=385.4 v=433.1 depth=5.0000 depth2=-1.0000 track=2 sf=9 flag=init_neg
[T2depth] t=13.1640 id=88 src=motion2 u=482.9 v=419.7 depth=5.0000 depth2=-1.0000 track=2 sf=9 flag=init_neg
[T2depth] t=13.1640 id=575 src=motion2 u=316.8 v=51.6 depth=0.1209 depth2=-1.0000 track=2 sf=9 flag=ok
[T2depth] t=13.1640 id=581 src=motion2 u=29.0 v=151.0 depth=0.1547 depth2=-1.0000 track=2 sf=9 flag=ok
[T2depth] t=13.1640 id=582 src=motion2 u=77.0 v=166.0 depth=5.0000 depth2=-1.0000 track=2 sf=9 flag=init_neg
[T2depth] t=13.1640 id=587 src=stereo u=481.0 v=229.0 depth=4.1393 depth2=-1.0000 track=1 sf=10 flag=ok
[T2gate] t=13.1640 tri=61 rej=0 xrej=0 init_replace=4 gate=0
[T2slv] t=13.1640 phase=1 init_cost=91.2201 final_cost=86.8535 iters=9 term=1 slv_ms=17.2
[T2diag] t=13.1640 P=[-0.0093 0.0007 0.0006] V=[0.0018 0.0095 0.0071] |Bas|=0.068152 |Bgs|=0.0009387 Bas=[-0.067992 0.004113 -0.002187] Bgs=[0.0002761 -0.0001116 0.0008903] tic0=[0.1200 0.0500 -0.0200] tic1=[0.1200 -0.0500 -0.0200] td=0.00000 track=136
[E2uls] flag=1 sh_t=13.204 new_t=13.204 dP=[0.0020 0.0025 0.0010] |dP|=0.0034 first_dt=-1.0000
time: 13.164000, t: -0.009334 0.000740 0.000591 q: 0.999987 -0.001834 -0.004799 0.000426 
[T2xcross] t=13.2640 id=575 est=0.1209 svd=0.3737 rel=0.6766 track=2 sf=9
[T2xcross] t=13.2640 id=582 est=5.0000 svd=0.0956 rel=0.9809 track=2 sf=9
[T2depth] t=13.2640 id=10 src=motion2 u=352.1 v=346.1 depth=10.7646 depth2=-1.0000 track=2 sf=9 flag=ok
[T2depth] t=13.2640 id=28 src=motion2 u=480.6 v=387.1 depth=10.2069 depth2=-1.0000 track=2 sf=9 flag=ok
[T2depth] t=13.2640 id=41 src=motion2 u=614.3 v=451.4 depth=7.1540 depth2=-1.0000 track=2 sf=9 flag=ok
[T2depth] t=13.2640 id=83 src=motion2 u=417.7 v=381.1 depth=7.0424 depth2=-1.0000 track=2 sf=9 flag=ok
[T2xcross] t=13.2640 id=587 est=4.1393 svd=0.1369 rel=0.9669 track=2 sf=9
[T2depth] t=13.2640 id=589 src=motion2 u=568.0 v=263.0 depth=5.0000 depth2=-1.0000 track=2 sf=9 flag=init_neg
[T2depth] t=13.2640 id=592 src=motion2 u=437.0 v=65.0 depth=0.3175 depth2=-1.0000 track=2 sf=9 flag=ok
[T2depth] t=13.2640 id=594 src=motion2 u=12.0 v=262.0 depth=5.0000 depth2=-1.0000 track=2 sf=9 flag=init_neg
[T2depth] t=13.2640 id=598 src=stereo u=534.7 v=39.6 depth=3.9016 depth2=-1.0000 track=1 sf=10 flag=ok
[T2depth] t=13.2640 id=602 src=stereo u=210.0 v=105.0 depth=40.4750 depth2=-1.0000 track=1 sf=10 flag=ok
[T2depth] t=13.2640 id=605 src=stereo u=587.0 v=199.0 depth=5.0000 depth2=-1.0000 track=1 sf=10 flag=init_neg
[T2gate] t=13.2640 tri=64 rej=0 xrej=0 init_replace=3 gate=0
[T2slv] t=13.2640 phase=1 init_cost=88.1909 final_cost=86.6318 iters=9 term=1 slv_ms=18.2
[T2diag] t=13.2640 P=[-0.0085 0.0017 0.0004] V=[0.0068 0.0162 0.0082] |Bas|=0.072120 |Bgs|=0.0009904 Bas=[-0.071984 0.004055 -0.001786] Bgs=[0.0003397 -0.0001600 0.0009165] tic0=[0.1200 0.0500 -0.0200] tic1=[0.1200 -0.0500 -0.0200] td=0.00000 track=138
[E2uls] flag=1 sh_t=13.308 new_t=13.308 dP=[-0.0004 0.0004 0.0012] |dP|=0.0014 first_dt=-1.0000
time: 13.264000, t: -0.008488 0.001690 0.000434 q: 0.999985 -0.001877 -0.005049 0.000174 
[T2depth] t=13.3640 id=601 src=motion2 u=347.0 v=53.4 depth=0.1138 depth2=-1.0000 track=2 sf=9 flag=ok
[T2depth] t=13.3640 id=603 src=motion2 u=131.0 v=84.0 depth=0.7608 depth2=-1.0000 track=2 sf=9 flag=ok
[T2depth] t=13.3640 id=604 src=motion2 u=311.0 v=138.0 depth=15.3242 depth2=-1.0000 track=2 sf=9 flag=ok
[T2depth] t=13.3640 id=606 src=motion2 u=357.0 v=154.0 depth=0.3137 depth2=-1.0000 track=2 sf=9 flag=ok
[T2depth] t=13.3640 id=607 src=motion2 u=217.0 v=153.0 depth=5.0000 depth2=-1.0000 track=2 sf=9 flag=init_neg
[T2depth] t=13.3640 id=609 src=motion2 u=63.0 v=129.0 depth=0.2720 depth2=-1.0000 track=2 sf=9 flag=ok
[T2depth] t=13.3640 id=611 src=motion2 u=116.0 v=200.0 depth=0.3738 depth2=-1.0000 track=2 sf=9 flag=ok
[T2depth] t=13.3640 id=613 src=stereo u=491.8 v=105.7 depth=4.2762 depth2=-1.0000 track=1 sf=10 flag=ok
[T2depth] t=13.3640 id=619 src=stereo u=61.0 v=52.0 depth=5.0000 depth2=-1.0000 track=1 sf=10 flag=init_neg
[T2depth] t=13.3640 id=620 src=stereo u=513.0 v=195.0 depth=3.9241 depth2=-1.0000 track=1 sf=10 flag=ok
[T2gate] t=13.3640 tri=58 rej=0 xrej=0 init_replace=2 gate=0
[T2slv] t=13.3640 phase=1 init_cost=92.2818 final_cost=89.8182 iters=9 term=1 slv_ms=8.4
[T2diag] t=13.3640 P=[-0.0076 0.0019 0.0004] V=[0.0071 0.0146 0.0080] |Bas|=0.072859 |Bgs|=0.0009458 Bas=[-0.072716 0.004175 -0.001824] Bgs=[0.0002802 -0.0001185 0.0008955] tic0=[0.1200 0.0500 -0.0200] tic1=[0.1200 -0.0500 -0.0200] td=0.00000 track=140
[E2uls] flag=1 sh_t=13.396 new_t=13.396 dP=[0.0001 0.0027 0.0011] |dP|=0.0029 first_dt=-1.0000
time: 13.364000, t: -0.007628 0.001946 0.000353 q: 0.999986 -0.001638 -0.005029 0.000183 
[T2depth] t=13.4640 id=612 src=motion2 u=222.3 v=109.1 depth=5.0000 depth2=-1.0000 track=2 sf=9 flag=init_neg
[T2depth] t=13.4640 id=618 src=motion2 u=88.0 v=98.0 depth=0.9058 depth2=-1.0000 track=2 sf=9 flag=ok
[T2depth] t=13.4640 id=622 src=motion2 u=425.0 v=185.0 depth=0.3477 depth2=-1.0000 track=2 sf=9 flag=ok
[T2depth] t=13.4640 id=637 src=stereo u=11.0 v=159.0 depth=44.5396 depth2=-1.0000 track=1 sf=10 flag=ok
[T2depth] t=13.4640 id=640 src=stereo u=287.0 v=144.0 depth=39.6847 depth2=-1.0000 track=1 sf=10 flag=ok
[T2depth] t=13.4640 id=641 src=stereo u=365.0 v=112.0 depth=4.2545 depth2=-1.0000 track=1 sf=10 flag=ok
[T2gate] t=13.4640 tri=59 rej=0 xrej=0 init_replace=1 gate=0
[T2slv] t=13.4640 phase=1 init_cost=92.5636 final_cost=88.8919 iters=9 term=1 slv_ms=14.4
[T2diag] t=13.4640 P=[-0.0084 0.0013 0.0005] V=[0.0027 0.0140 0.0112] |Bas|=0.074987 |Bgs|=0.0009544 Bas=[-0.074823 0.004524 -0.002017] Bgs=[0.0002813 -0.0000005 0.0009121] tic0=[0.1200 0.0500 -0.0200] tic1=[0.1200 -0.0500 -0.0200] td=0.00000 track=137
[E2uls] flag=1 sh_t=13.496 new_t=13.496 dP=[0.0019 0.0028 0.0010] |dP|=0.0036 first_dt=-1.0000
time: 13.464000, t: -0.008407 0.001324 0.000488 q: 0.999986 -0.001689 -0.005064 0.000275 
[T2depth] t=13.5640 id=629 src=motion2 u=329.3 v=187.3 depth=0.2746 depth2=-1.0000 track=2 sf=9 flag=ok
[T2depth] t=13.5640 id=630 src=motion2 u=208.6 v=18.8 depth=0.5144 depth2=-1.0000 track=2 sf=9 flag=ok
[T2depth] t=13.5640 id=631 src=motion2 u=333.5 v=117.9 depth=5.0000 depth2=-1.0000 track=2 sf=9 flag=init_neg
[T2depth] t=13.5640 id=632 src=motion2 u=63.0 v=477.0 depth=4.3831 depth2=-1.0000 track=2 sf=9 flag=ok
[T2depth] t=13.5640 id=636 src=motion2 u=544.0 v=127.0 depth=5.0000 depth2=-1.0000 track=2 sf=9 flag=init_neg
[T2xcross] t=13.5640 id=637 est=44.5396 svd=0.3620 rel=0.9919 track=2 sf=9
[T2depth] t=13.5640 id=638 src=motion2 u=62.0 v=31.0 depth=0.6196 depth2=-1.0000 track=2 sf=9 flag=ok
[T2depth] t=13.5640 id=639 src=motion2 u=153.0 v=41.0 depth=5.0000 depth2=-1.0000 track=2 sf=9 flag=init_neg
[T2xcross] t=13.5640 id=640 est=39.6847 svd=0.1634 rel=0.9959 track=2 sf=9
[T2xcross] t=13.5640 id=641 est=4.2545 svd=1.5484 rel=0.6361 track=2 sf=9
[T2depth] t=13.5640 id=643 src=stereo u=448.0 v=109.4 depth=3.8930 depth2=-1.0000 track=1 sf=10 flag=ok
[T2gate] t=13.5640 tri=59 rej=0 xrej=0 init_replace=3 gate=0
[T2slv] t=13.5640 phase=1 init_cost=92.5973 final_cost=89.2536 iters=9 term=1 slv_ms=17.1
[T2diag] t=13.5640 P=[-0.0102 0.0011 0.0006] V=[0.0030 0.0183 0.0112] |Bas|=0.077288 |Bgs|=0.0009097 Bas=[-0.077144 0.004522 -0.001379] Bgs=[0.0003125 0.0001005 0.0008484] tic0=[0.1200 0.0500 -0.0200] tic1=[0.1200 -0.0500 -0.0200] td=0.00000 track=140
[E2uls] flag=1 sh_t=13.608 new_t=13.608 dP=[0.0025 0.0025 0.0016] |dP|=0.0039 first_dt=-1.0000
time: 13.564000, t: -0.010180 0.001109 0.000632 q: 0.999985 -0.001734 -0.005164 0.000246 
[T2xcross] t=13.6640 id=9 est=5.0000 svd=10.1989 rel=0.5097 track=2 sf=9
[T2xcross] t=13.6640 id=104 est=1.5644 svd=33.5595 rel=0.9534 track=2 sf=9
[T2depth] t=13.6640 id=642 src=motion2 u=118.0 v=329.0 depth=7.7463 depth2=-1.0000 track=2 sf=9 flag=ok
[T2xcross] t=13.6640 id=643 est=3.8930 svd=0.1961 rel=0.9496 track=2 sf=9
[T2depth] t=13.6640 id=647 src=motion2 u=151.0 v=125.0 depth=0.1783 depth2=-1.0000 track=2 sf=9 flag=ok
[T2depth] t=13.6640 id=650 src=motion2 u=568.0 v=58.0 depth=5.0000 depth2=-1.0000 track=2 sf=9 flag=init_neg
[T2depth] t=13.6640 id=651 src=motion2 u=20.0 v=192.0 depth=1.6093 depth2=-1.0000 track=2 sf=9 flag=ok
[T2depth] t=13.6640 id=652 src=motion2 u=628.0 v=197.0 depth=5.0000 depth2=-1.0000 track=2 sf=9 flag=init_neg
[T2depth] t=13.6640 id=654 src=motion2 u=584.0 v=201.0 depth=2.8249 depth2=-1.0000 track=2 sf=9 flag=ok
[T2depth] t=13.6640 id=659 src=stereo u=218.6 v=110.3 depth=44.1834 depth2=-1.0000 track=1 sf=10 flag=ok
[T2depth] t=13.6640 id=660 src=stereo u=494.0 v=217.0 depth=3.4912 depth2=-1.0000 track=1 sf=10 flag=ok
[T2depth] t=13.6640 id=662 src=stereo u=402.0 v=60.0 depth=4.1421 depth2=-1.0000 track=1 sf=10 flag=ok
[T2gate] t=13.6640 tri=56 rej=0 xrej=0 init_replace=2 gate=0
[T2slv] t=13.6640 phase=1 init_cost=94.7383 final_cost=92.3256 iters=9 term=1 slv_ms=16.9
[T2diag] t=13.6640 P=[-0.0106 0.0012 0.0006] V=[0.0032 0.0155 0.0085] |Bas|=0.079472 |Bgs|=0.0008856 Bas=[-0.079325 0.004674 -0.001234] Bgs=[0.0003227 0.0001819 0.0008044] tic0=[0.1200 0.0500 -0.0200] tic1=[0.1200 -0.0500 -0.0200] td=0.00000 track=142
[E2uls] flag=1 sh_t=13.700 new_t=13.700 dP=[0.0012 0.0022 0.0014] |dP|=0.0029 first_dt=-1.0000
time: 13.664000, t: -0.010639 0.001173 0.000648 q: 0.999985 -0.001714 -0.005228 0.000293 
[T2xcross] t=13.7680 id=38 est=5.7719 svd=24.8028 rel=0.7673 track=2 sf=9
[T2xcross] t=13.7680 id=603 est=0.7608 svd=0.3267 rel=0.5706 track=2 sf=9
[T2xcross] t=13.7680 id=636 est=5.0000 svd=0.3748 rel=0.9250 track=2 sf=9
[T2xcross] t=13.7680 id=650 est=5.0000 svd=2.1775 rel=0.5645 track=2 sf=9
[T2depth] t=13.7680 id=658 src=motion2 u=28.1 v=42.8 depth=5.0000 depth2=-1.0000 track=2 sf=9 flag=init_neg
[T2depth] t=13.7680 id=661 src=motion2 u=599.0 v=43.0 depth=5.0000 depth2=-1.0000 track=2 sf=9 flag=init_neg
[T2depth] t=13.7680 id=663 src=motion2 u=104.0 v=50.0 depth=5.0000 depth2=-1.0000 track=2 sf=9 flag=init_neg
[T2depth] t=13.7680 id=664 src=motion2 u=404.0 v=166.0 depth=0.2110 depth2=-1.0000 track=2 sf=9 flag=ok
[T2depth] t=13.7680 id=666 src=stereo u=446.0 v=178.9 depth=3.8974 depth2=-1.0000 track=1 sf=10 flag=ok
[T2gate] t=13.7680 tri=54 rej=0 xrej=0 init_replace=3 gate=0
[T2slv] t=13.7680 phase=1 init_cost=94.1671 final_cost=91.9996 iters=9 term=1 slv_ms=17.3
[T2diag] t=13.7680 P=[-0.0098 0.0017 0.0005] V=[0.0059 0.0142 0.0056] |Bas|=0.082922 |Bgs|=0.0008553 Bas=[-0.082838 0.003700 -0.000326] Bgs=[0.0002353 0.0001659 0.0008054] tic0=[0.1200 0.0500 -0.0200] tic1=[0.1200 -0.0500 -0.0200] td=0.00000 track=140
[E2uls] flag=1 sh_t=13.812 new_t=13.812 dP=[0.0000 0.0016 0.0017] |dP|=0.0023 first_dt=-1.0000
time: 13.768000, t: -0.009775 0.001722 0.000511 q: 0.999983 -0.001973 -0.005516 0.000170 
[T2depth] t=13.8960 id=668 src=motion2 u=562.0 v=195.6 depth=5.0000 depth2=-1.0000 track=2 sf=9 flag=init_neg
[T2depth] t=13.8960 id=670 src=motion2 u=498.6 v=29.3 depth=5.0000 depth2=-1.0000 track=2 sf=9 flag=init_neg
[T2depth] t=13.8960 id=673 src=motion2 u=164.1 v=212.3 depth=5.0000 depth2=-1.0000 track=2 sf=9 flag=init_neg
[T2depth] t=13.8960 id=679 src=stereo u=504.3 v=234.6 depth=3.3860 depth2=-1.0000 track=1 sf=10 flag=ok
[T2depth] t=13.8960 id=683 src=stereo u=292.8 v=130.4 depth=5.0000 depth2=-1.0000 track=1 sf=10 flag=init_neg
[T2depth] t=13.8960 id=687 src=stereo u=397.0 v=185.0 depth=4.1750 depth2=-1.0000 track=1 sf=10 flag=ok
[T2depth] t=13.8960 id=691 src=stereo u=228.0 v=7.0 depth=5.0000 depth2=-1.0000 track=1 sf=10 flag=init_neg
[T2gate] t=13.8960 tri=62 rej=0 xrej=0 init_replace=5 gate=0
[T2slv] t=13.8960 phase=1 init_cost=96.6678 final_cost=93.0816 iters=9 term=1 slv_ms=15.5
[T2diag] t=13.8960 P=[-0.0094 0.0018 0.0005] V=[0.0067 0.0040 0.0048] |Bas|=0.085685 |Bgs|=0.0009227 Bas=[-0.085656 0.002218 -0.000221] Bgs=[0.0000770 0.0001467 0.0009077] tic0=[0.1200 0.0500 -0.0200] tic1=[0.1200 -0.0500 -0.0200] td=0.00000 track=136
[E2uls] flag=1 sh_t=13.936 new_t=13.936 dP=[0.0011 0.0025 0.0009] |dP|=0.0029 first_dt=-1.0000
time: 13.896000, t: -0.009367 0.001798 0.000473 q: 0.999982 -0.001673 -0.005673 0.000305 
[T2xcross] t=14.0280 id=631 est=5.0000 svd=0.0748 rel=0.9850 track=2 sf=9
[T2xcross] t=14.0280 id=666 est=3.8974 svd=0.2038 rel=0.9477 track=2 sf=9
[T2depth] t=14.0280 id=680 src=motion2 u=346.8 v=33.9 depth=5.0000 depth2=-1.0000 track=2 sf=9 flag=init_neg
[T2xcross] t=14.0280 id=683 est=5.0000 svd=0.0767 rel=0.9847 track=2 sf=9
[T2depth] t=14.0280 id=684 src=motion2 u=46.2 v=109.5 depth=0.0260 depth2=-1.0000 track=2 sf=9 flag=ok
[T2depth] t=14.0280 id=690 src=motion2 u=231.0 v=62.0 depth=5.0000 depth2=-1.0000 track=2 sf=9 flag=init_neg
[T2depth] t=14.0280 id=692 src=motion2 u=347.0 v=88.0 depth=5.0000 depth2=-1.0000 track=2 sf=9 flag=init_neg
[T2depth] t=14.0280 id=701 src=stereo u=571.1 v=125.4 depth=36.5098 depth2=-1.0000 track=1 sf=10 flag=ok
[T2depth] t=14.0280 id=703 src=stereo u=542.4 v=19.6 depth=3.6361 depth2=-1.0000 track=1 sf=10 flag=ok
[T2depth] t=14.0280 id=704 src=stereo u=187.0 v=76.0 depth=5.0000 depth2=-1.0000 track=1 sf=10 flag=init_neg
[T2gate] t=14.0280 tri=65 rej=0 xrej=0 init_replace=4 gate=0
[T2slv] t=14.0280 phase=1 init_cost=98.7025 final_cost=95.5008 iters=9 term=1 slv_ms=13.7
[T2diag] t=14.0280 P=[-0.0115 0.0009 0.0005] V=[0.0038 0.0070 0.0043] |Bas|=0.088061 |Bgs|=0.0009548 Bas=[-0.088061 0.000383 -0.000103] Bgs=[0.0001167 0.0001494 0.0009358] tic0=[0.1200 0.0500 -0.0200] tic1=[0.1200 -0.0500 -0.0200] td=0.00000 track=134
[E2uls] flag=1 sh_t=14.072 new_t=14.072 dP=[0.0034 0.0020 0.0009] |dP|=0.0040 first_dt=-1.0000
time: 14.028000, t: -0.011533 0.000913 0.000456 q: 0.999982 -0.001584 -0.005801 0.000334 
[T2depth] t=14.1280 id=22 src=motion2 u=462.9 v=7.1 depth=1.8275 depth2=-1.0000 track=2 sf=9 flag=ok
[T2depth] t=14.1280 id=72 src=motion2 u=555.6 v=430.2 depth=8.1125 depth2=-1.0000 track=2 sf=9 flag=ok
[T2depth] t=14.1280 id=78 src=motion2 u=635.8 v=293.1 depth=2.9146 depth2=-1.0000 track=2 sf=9 flag=ok
[T2depth] t=14.1280 id=694 src=motion2 u=315.5 v=203.0 depth=0.1915 depth2=-1.0000 track=2 sf=9 flag=ok
[T2depth] t=14.1280 id=695 src=motion2 u=418.8 v=96.4 depth=5.0000 depth2=-1.0000 track=2 sf=9 flag=init_neg
[T2depth] t=14.1280 id=699 src=motion2 u=502.7 v=137.4 depth=5.0000 depth2=-1.0000 track=2 sf=9 flag=init_neg
[T2depth] t=14.1280 id=708 src=stereo u=191.5 v=190.1 depth=34.6050 depth2=-1.0000 track=1 sf=10 flag=ok
[T2depth] t=14.1280 id=709 src=stereo u=581.7 v=224.1 depth=5.0000 depth2=-1.0000 track=1 sf=10 flag=init_neg
[T2depth] t=14.1280 id=711 src=stereo u=170.3 v=18.1 depth=5.0000 depth2=-1.0000 track=1 sf=10 flag=init_neg
[T2depth] t=14.1280 id=713 src=stereo u=384.3 v=74.8 depth=3.8302 depth2=-1.0000 track=1 sf=10 flag=ok
[T2depth] t=14.1280 id=714 src=stereo u=615.9 v=144.1 depth=21.5866 depth2=-1.0000 track=1 sf=10 flag=ok
[T2depth] t=14.1280 id=716 src=stereo u=423.0 v=15.0 depth=3.7491 depth2=-1.0000 track=1 sf=10 flag=ok
[T2depth] t=14.1280 id=717 src=stereo u=75.0 v=85.0 depth=5.0000 depth2=-1.0000 track=1 sf=10 flag=init_neg
[T2gate] t=14.1280 tri=68 rej=0 xrej=0 init_replace=5 gate=0
[T2slv] t=14.1280 phase=1 init_cost=124.508 final_cost=113.637 iters=9 term=1 slv_ms=12.5
[T2diag] t=14.1280 P=[-0.0090 0.0011 -0.0004] V=[-0.0014 0.0014 0.0011] |Bas|=0.094195 |Bgs|=0.0010688 Bas=[-0.094098 -0.004192 0.000861] Bgs=[0.0000290 0.0002494 0.0010388] tic0=[0.1200 0.0500 -0.0200] tic1=[0.1200 -0.0500 -0.0200] td=0.00000 track=138
[E2uls] flag=1 sh_t=14.164 new_t=14.164 dP=[-0.0020 0.0008 0.0017] |dP|=0.0027 first_dt=-1.0000
time: 14.128000, t: -0.008979 0.001074 -0.000403 q: 0.999980 -0.000907 -0.006242 0.000081 
[T2xcross] t=14.2280 id=709 est=5.0000 svd=0.0069 rel=0.9986 track=2 sf=9
[T2xcross] t=14.2280 id=717 est=5.0000 svd=0.1470 rel=0.9706 track=2 sf=9
[T2depth] t=14.2280 id=718 src=motion2 u=164.0 v=50.0 depth=5.0000 depth2=-1.0000 track=2 sf=9 flag=init_neg
[T2depth] t=14.2280 id=720 src=motion2 u=243.0 v=149.0 depth=0.0533 depth2=-1.0000 track=2 sf=9 flag=ok
[T2depth] t=14.2280 id=721 src=motion2 u=228.0 v=119.0 depth=0.0183 depth2=-1.0000 track=2 sf=9 flag=ok
[T2depth] t=14.2280 id=723 src=stereo u=372.6 v=116.7 depth=4.1606 depth2=-1.0000 track=1 sf=10 flag=ok
[T2depth] t=14.2280 id=725 src=stereo u=360.8 v=175.0 depth=3.5440 depth2=-1.0000 track=1 sf=10 flag=ok
[T2depth] t=14.2280 id=731 src=stereo u=382.0 v=18.0 depth=3.5830 depth2=-1.0000 track=1 sf=10 flag=ok
[T2gate] t=14.2280 tri=61 rej=0 xrej=0 init_replace=1 gate=0
[T2slv] t=14.2280 phase=1 init_cost=87.4856 final_cost=83.5592 iters=9 term=1 slv_ms=20.5
[T2diag] t=14.2280 P=[-0.0061 0.0020 -0.0001] V=[0.0045 0.0036 -0.0001] |Bas|=0.102557 |Bgs|=0.0011214 Bas=[-0.102234 -0.008073 0.000946] Bgs=[0.0000777 0.0002328 0.0010942] tic0=[0.1200 0.0500 -0.0200] tic1=[0.1200 -0.0500 -0.0200] td=0.00000 track=137
[E2uls] flag=1 sh_t=14.280 new_t=14.280 dP=[-0.0033 -0.0009 -0.0003] |dP|=0.0034 first_dt=-1.0000
[T2depth] t=14.2280 id=12 src=shift u=-1 v=-1 depth=5.0000 depth2=-1.0000 track=10 sf=0 flag=init_neg
[T2depth] t=14.2280 id=15 src=shift u=-1 v=-1 depth=5.0000 depth2=-1.0000 track=10 sf=0 flag=init_neg
[T2depth] t=14.2280 id=17 src=shift u=-1 v=-1 depth=5.0000 depth2=-1.0000 track=10 sf=0 flag=init_neg
[T2depth] t=14.2280 id=23 src=shift u=-1 v=-1 depth=5.0000 depth2=-1.0000 track=10 sf=0 flag=init_neg
[T2depth] t=14.2280 id=27 src=shift u=-1 v=-1 depth=5.0000 depth2=-1.0000 track=10 sf=0 flag=init_neg
[T2depth] t=14.2280 id=39 src=shift u=-1 v=-1 depth=5.0000 depth2=-1.0000 track=10 sf=0 flag=init_neg
[T2depth] t=14.2280 id=51 src=shift u=-1 v=-1 depth=5.0000 depth2=-1.0000 track=10 sf=0 flag=init_neg
[T2depth] t=14.2280 id=52 src=shift u=-1 v=-1 depth=5.0000 depth2=-1.0000 track=10 sf=0 flag=init_neg
[T2depth] t=14.2280 id=56 src=shift u=-1 v=-1 depth=5.0000 depth2=-1.0000 track=10 sf=0 flag=init_neg
[T2depth] t=14.2280 id=57 src=shift u=-1 v=-1 depth=5.0000 depth2=-1.0000 track=10 sf=0 flag=init_neg
[T2depth] t=14.2280 id=62 src=shift u=-1 v=-1 depth=5.0000 depth2=-1.0000 track=10 sf=0 flag=init_neg
[T2depth] t=14.2280 id=79 src=shift u=-1 v=-1 depth=5.0000 depth2=-1.0000 track=10 sf=0 flag=init_neg
[T2depth] t=14.2280 id=113 src=shift u=-1 v=-1 depth=5.0000 depth2=-1.0000 track=10 sf=0 flag=init_neg
[T2depth] t=14.2280 id=115 src=shift u=-1 v=-1 depth=5.0000 depth2=-1.0000 track=10 sf=0 flag=init_neg
time: 14.228000, t: -0.006097 0.002043 -0.000142 q: 0.999978 -0.000939 -0.006571 0.000055 
[T2xcross] t=14.3280 id=102 est=2.9893 svd=1.2188 rel=0.5923 track=11 sf=0
[T2xcross] t=14.3280 id=699 est=5.0000 svd=0.0560 rel=0.9888 track=3 sf=8
[T2xcross] t=14.3280 id=704 est=5.0000 svd=0.0043 rel=0.9991 track=2 sf=8
[T2depth] t=14.3280 id=84 src=motion2 u=624.3 v=409.1 depth=1.9687 depth2=-1.0000 track=2 sf=9 flag=ok
[T2depth] t=14.3280 id=85 src=motion2 u=298.8 v=242.1 depth=5.0000 depth2=-1.0000 track=2 sf=9 flag=init_neg
[T2depth] t=14.3280 id=311 src=motion2 u=380.5 v=244.0 depth=5.0000 depth2=-1.0000 track=2 sf=9 flag=init_neg
[T2depth] t=14.3280 id=724 src=motion2 u=49.3 v=113.9 depth=0.0203 depth2=-1.0000 track=2 sf=9 flag=ok
[T2xcross] t=14.3280 id=731 est=3.5830 svd=0.7671 rel=0.7859 track=2 sf=9
[T2depth] t=14.3280 id=733 src=motion2 u=141.0 v=199.0 depth=0.0454 depth2=-1.0000 track=2 sf=9 flag=ok
[T2depth] t=14.3280 id=743 src=stereo u=129.3 v=21.1 depth=5.0000 depth2=-1.0000 track=1 sf=10 flag=init_neg
[T2depth] t=14.3280 id=745 src=stereo u=532.0 v=12.0 depth=3.1812 depth2=-1.0000 track=1 sf=10 flag=ok
[T2depth] t=14.3280 id=747 src=stereo u=415.0 v=157.0 depth=3.3522 depth2=-1.0000 track=1 sf=10 flag=ok
[T2depth] t=14.3280 id=748 src=stereo u=495.0 v=94.0 depth=3.7931 depth2=-1.0000 track=1 sf=10 flag=ok
[T2depth] t=14.3280 id=750 src=stereo u=10.0 v=115.0 depth=25.8056 depth2=-1.0000 track=1 sf=10 flag=ok
[T2depth] t=14.3280 id=752 src=stereo u=492.0 v=166.0 depth=3.8390 depth2=-1.0000 track=1 sf=10 flag=ok
[T2gate] t=14.3280 tri=82 rej=0 xrej=0 init_replace=3 gate=0
[T2slv] t=14.3280 phase=1 init_cost=431.687 final_cost=191.263 iters=9 term=1 slv_ms=17.3
[T2diag] t=14.3280 P=[-0.0074 0.0019 -0.0005] V=[-0.0018 0.0021 -0.0021] |Bas|=0.101769 |Bgs|=0.0011409 Bas=[-0.100730 -0.014500 0.000494] Bgs=[0.0000635 0.0002699 0.0011067] tic0=[0.1200 0.0500 -0.0200] tic1=[0.1200 -0.0500 -0.0200] td=0.00000 track=121
[E2uls] flag=1 sh_t=14.372 new_t=14.372 dP=[0.0025 0.0009 -0.0001] |dP|=0.0027 first_dt=-1.0000
time: 14.328000, t: -0.007411 0.001922 -0.000504 q: 0.999978 -0.000535 -0.006639 -0.000070 
[T2depth] t=14.4280 id=12 src=motion2 u=398.9 v=342.1 depth=1.3752 depth2=-1.0000 track=2 sf=9 flag=ok
[T2depth] t=14.4280 id=15 src=motion2 u=554.9 v=356.1 depth=0.7810 depth2=-1.0000 track=2 sf=9 flag=ok
[T2depth] t=14.4280 id=17 src=motion2 u=560.3 v=387.2 depth=1.3156 depth2=-1.0000 track=2 sf=9 flag=ok
[T2depth] t=14.4280 id=23 src=motion2 u=505.2 v=361.2 depth=1.0571 depth2=-1.0000 track=2 sf=9 flag=ok
[T2depth] t=14.4280 id=27 src=motion2 u=637.2 v=346.1 depth=0.9644 depth2=-1.0000 track=2 sf=9 flag=ok
[T2depth] t=14.4280 id=39 src=motion2 u=593.7 v=419.2 depth=1.1311 depth2=-1.0000 track=2 sf=9 flag=ok
[T2depth] t=14.4280 id=51 src=motion2 u=526.1 v=411.2 depth=1.2972 depth2=-1.0000 track=2 sf=9 flag=ok
[T2depth] t=14.4280 id=52 src=motion2 u=377.9 v=315.2 depth=0.8944 depth2=-1.0000 track=2 sf=9 flag=ok
[T2depth] t=14.4280 id=56 src=motion2 u=478.0 v=346.2 depth=0.8515 depth2=-1.0000 track=2 sf=9 flag=ok
[T2depth] t=14.4280 id=57 src=motion2 u=588.0 v=363.2 depth=0.8909 depth2=-1.0000 track=2 sf=9 flag=ok
[T2depth] t=14.4280 id=62 src=motion2 u=582.2 v=455.0 depth=0.9575 depth2=-1.0000 track=2 sf=9 flag=ok
[T2depth] t=14.4280 id=79 src=motion2 u=412.6 v=289.1 depth=0.8849 depth2=-1.0000 track=2 sf=9 flag=ok
[T2depth] t=14.4280 id=113 src=motion2 u=233.4 v=244.0 depth=0.6569 depth2=-1.0000 track=2 sf=9 flag=ok
[T2depth] t=14.4280 id=115 src=motion2 u=421.0 v=319.1 depth=0.9986 depth2=-1.0000 track=2 sf=9 flag=ok
[T2depth] t=14.4280 id=744 src=motion2 u=448.0 v=133.0 depth=5.0000 depth2=-1.0000 track=2 sf=9 flag=init_neg
[T2xcross] t=14.4280 id=747 est=3.3522 svd=0.0665 rel=0.9802 track=2 sf=9
[T2depth] t=14.4280 id=749 src=motion2 u=582.0 v=21.0 depth=0.0170 depth2=-1.0000 track=2 sf=9 flag=ok
[T2depth] t=14.4280 id=751 src=motion2 u=209.0 v=189.0 depth=0.0369 depth2=-1.0000 track=2 sf=9 flag=ok
[T2xcross] t=14.4280 id=752 est=3.8390 svd=0.0241 rel=0.9937 track=2 sf=9
[T2depth] t=14.4280 id=753 src=motion2 u=631.0 v=72.0 depth=0.0566 depth2=-1.0000 track=2 sf=9 flag=ok
[T2depth] t=14.4280 id=754 src=motion2 u=430.0 v=81.0 depth=5.0000 depth2=-1.0000 track=2 sf=9 flag=init_neg
[T2depth] t=14.4280 id=21 src=stereo u=453.0 v=364.2 depth=5.0000 depth2=-1.0000 track=1 sf=10 flag=init_neg
[T2depth] t=14.4280 id=767 src=stereo u=414.0 v=14.0 depth=3.7874 depth2=-1.0000 track=1 sf=10 flag=ok
[T2gate] t=14.4280 tri=136 rej=0 xrej=0 init_replace=3 gate=0
[T2slv] t=14.4280 phase=1 init_cost=93.8838 final_cost=90.8579 iters=8 term=0 slv_ms=10.8
[T2diag] t=14.4280 P=[-0.0070 0.0029 -0.0003] V=[0.0029 0.0015 -0.0028] |Bas|=0.105238 |Bgs|=0.0010853 Bas=[-0.103576 -0.018619 0.000675] Bgs=[0.0000705 0.0002388 0.0010563] tic0=[0.1200 0.0500 -0.0200] tic1=[0.1200 -0.0500 -0.0200] td=0.00000 track=80
[E2uls] flag=1 sh_t=14.464 new_t=14.464 dP=[-0.0009 -0.0009 -0.0004] |dP|=0.0013 first_dt=-1.0000
time: 14.428000, t: -0.007004 0.002895 -0.000321 q: 0.999977 -0.000345 -0.006735 -0.000069 
[T2xcross] t=14.5320 id=107 est=0.7750 svd=0.4073 rel=0.4744 track=11 sf=0
[T2xcross] t=14.5320 id=136 est=1.3285 svd=0.0108 rel=0.9919 track=11 sf=0
[T2depth] t=14.5320 id=2 src=motion2 u=225.0 v=347.2 depth=5.0000 depth2=-1.0000 track=2 sf=9 flag=init_neg
[T2depth] t=14.5320 id=3 src=motion2 u=617.0 v=372.1 depth=5.0000 depth2=-1.0000 track=2 sf=9 flag=init_neg
[T2depth] t=14.5320 id=4 src=motion2 u=385.8 v=387.2 depth=5.0000 depth2=-1.0000 track=2 sf=9 flag=init_neg
[T2depth] t=14.5320 id=5 src=motion2 u=264.1 v=362.2 depth=5.0000 depth2=-1.0000 track=2 sf=9 flag=init_neg
[T2depth] t=14.5320 id=6 src=motion2 u=296.0 v=354.2 depth=5.0000 depth2=-1.0000 track=2 sf=9 flag=init_neg
[T2depth] t=14.5320 id=9 src=motion2 u=203.0 v=388.3 depth=5.0000 depth2=-1.0000 track=2 sf=9 flag=init_neg
[T2depth] t=14.5320 id=10 src=motion2 u=352.1 v=346.2 depth=5.0000 depth2=-1.0000 track=2 sf=9 flag=init_neg
[T2depth] t=14.5320 id=18 src=motion2 u=287.9 v=390.3 depth=5.0000 depth2=-1.0000 track=2 sf=9 flag=init_neg
[T2depth] t=14.5320 id=25 src=motion2 u=197.1 v=446.4 depth=5.0000 depth2=-1.0000 track=2 sf=9 flag=init_neg
[T2depth] t=14.5320 id=28 src=motion2 u=480.6 v=387.1 depth=5.0000 depth2=-1.0000 track=2 sf=9 flag=init_neg
[T2depth] t=14.5320 id=31 src=motion2 u=350.5 v=406.2 depth=5.0000 depth2=-1.0000 track=2 sf=9 flag=init_neg
[T2depth] t=14.5320 id=33 src=motion2 u=433.8 v=407.2 depth=5.0000 depth2=-1.0000 track=2 sf=9 flag=init_neg
[T2depth] t=14.5320 id=34 src=motion2 u=262.9 v=450.4 depth=5.0000 depth2=-1.0000 track=2 sf=9 flag=init_neg
[T2depth] t=14.5320 id=35 src=motion2 u=225.4 v=468.4 depth=5.0000 depth2=-1.0000 track=2 sf=9 flag=init_neg
[T2depth] t=14.5320 id=36 src=motion2 u=522.0 v=323.1 depth=5.0000 depth2=-1.0000 track=2 sf=9 flag=init_neg
[T2depth] t=14.5320 id=37 src=motion2 u=619.0 v=320.0 depth=5.0000 depth2=-1.0000 track=2 sf=9 flag=init_neg
[T2depth] t=14.5320 id=38 src=motion2 u=446.9 v=334.1 depth=5.0000 depth2=-1.0000 track=2 sf=9 flag=init_neg
[T2depth] t=14.5320 id=40 src=motion2 u=317.9 v=310.1 depth=5.0000 depth2=-1.0000 track=2 sf=9 flag=init_neg
[T2depth] t=14.5320 id=41 src=motion2 u=614.3 v=451.4 depth=5.0000 depth2=-1.0000 track=2 sf=9 flag=init_neg
[T2depth] t=14.5320 id=43 src=motion2 u=309.1 v=428.1 depth=5.0000 depth2=-1.0000 track=2 sf=9 flag=init_neg
[T2depth] t=14.5320 id=44 src=motion2 u=511.2 v=438.4 depth=5.0000 depth2=-1.0000 track=2 sf=9 flag=init_neg
[T2depth] t=14.5320 id=49 src=motion2 u=163.5 v=463.8 depth=5.0000 depth2=-1.0000 track=2 sf=9 flag=init_neg
[T2depth] t=14.5320 id=50 src=motion2 u=463.4 v=294.1 depth=5.0000 depth2=-1.0000 track=2 sf=9 flag=init_neg
[T2depth] t=14.5320 id=53 src=motion2 u=385.4 v=433.2 depth=5.0000 depth2=-1.0000 track=2 sf=9 flag=init_neg
[T2depth] t=14.5320 id=58 src=motion2 u=285.8 v=314.2 depth=5.0000 depth2=-1.0000 track=2 sf=9 flag=init_neg
[T2depth] t=14.5320 id=60 src=motion2 u=225.3 v=430.3 depth=5.0000 depth2=-1.0000 track=2 sf=9 flag=init_neg
[T2depth] t=14.5320 id=63 src=motion2 u=324.8 v=365.2 depth=5.0000 depth2=-1.0000 track=2 sf=9 flag=init_neg
[T2depth] t=14.5320 id=64 src=motion2 u=567.0 v=307.1 depth=5.0000 depth2=-1.0000 track=2 sf=9 flag=init_neg
[T2depth] t=14.5320 id=66 src=motion2 u=173.9 v=307.2 depth=5.0000 depth2=-1.0000 track=2 sf=9 flag=init_neg
[T2depth] t=14.5320 id=68 src=motion2 u=538.5 v=472.3 depth=5.0000 depth2=-1.0000 track=2 sf=9 flag=init_neg
[T2depth] t=14.5320 id=69 src=motion2 u=395.9 v=463.8 depth=5.0000 depth2=-1.0000 track=2 sf=9 flag=init_neg
[T2depth] t=14.5320 id=71 src=motion2 u=477.7 v=475.1 depth=5.0000 depth2=-1.0000 track=2 sf=9 flag=init_neg
[T2depth] t=14.5320 id=73 src=motion2 u=353.8 v=291.1 depth=5.0000 depth2=-1.0000 track=2 sf=9 flag=init_neg
[T2depth] t=14.5320 id=74 src=motion2 u=106.6 v=455.9 depth=5.0000 depth2=-1.0000 track=2 sf=9 flag=init_neg
[T2depth] t=14.5320 id=75 src=motion2 u=435.7 v=454.7 depth=5.0000 depth2=-1.0000 track=2 sf=9 flag=init_neg
[T2depth] t=14.5320 id=81 src=motion2 u=282.5 v=476.1 depth=5.0000 depth2=-1.0000 track=2 sf=9 flag=init_neg
[T2depth] t=14.5320 id=82 src=motion2 u=340.9 v=436.4 depth=5.0000 depth2=-1.0000 track=2 sf=9 flag=init_neg
[T2depth] t=14.5320 id=83 src=motion2 u=417.8 v=381.2 depth=5.0000 depth2=-1.0000 track=2 sf=9 flag=init_neg
[T2depth] t=14.5320 id=86 src=motion2 u=513.3 v=292.0 depth=5.0000 depth2=-1.0000 track=2 sf=9 flag=init_neg
[T2depth] t=14.5320 id=88 src=motion2 u=483.0 v=419.8 depth=5.0000 depth2=-1.0000 track=2 sf=9 flag=init_neg
[T2depth] t=14.5320 id=89 src=motion2 u=358.9 v=464.3 depth=5.0000 depth2=-1.0000 track=2 sf=9 flag=init_neg
[T2depth] t=14.5320 id=91 src=motion2 u=325.9 v=463.4 depth=5.0000 depth2=-1.0000 track=2 sf=9 flag=init_neg
[T2depth] t=14.5320 id=92 src=motion2 u=135.2 v=478.2 depth=5.0000 depth2=-1.0000 track=2 sf=9 flag=init_neg
[T2depth] t=14.5320 id=93 src=motion2 u=198.0 v=288.1 depth=5.0000 depth2=-1.0000 track=2 sf=9 flag=init_neg
[T2depth] t=14.5320 id=96 src=motion2 u=587.9 v=331.1 depth=5.0000 depth2=-1.0000 track=2 sf=9 flag=init_neg
[T2depth] t=14.5320 id=98 src=motion2 u=542.8 v=285.0 depth=5.0000 depth2=-1.0000 track=2 sf=9 flag=init_neg
[T2depth] t=14.5320 id=99 src=motion2 u=384.2 v=277.0 depth=5.0000 depth2=-1.0000 track=2 sf=9 flag=init_neg
[T2depth] t=14.5320 id=100 src=motion2 u=488.8 v=313.1 depth=5.0000 depth2=-1.0000 track=2 sf=9 flag=init_neg
[T2depth] t=14.5320 id=139 src=motion2 u=194.1 v=478.5 depth=5.0000 depth2=-1.0000 track=2 sf=9 flag=init_neg
[T2depth] t=14.5320 id=151 src=motion2 u=630.7 v=478.2 depth=5.0000 depth2=-1.0000 track=2 sf=9 flag=init_neg
[T2depth] t=14.5320 id=207 src=motion2 u=528.0 v=381.2 depth=5.0000 depth2=-1.0000 track=2 sf=9 flag=init_neg
[T2depth] t=14.5320 id=343 src=motion2 u=508.0 v=476.3 depth=5.0000 depth2=-1.0000 track=2 sf=9 flag=init_neg
[T2depth] t=14.5320 id=493 src=motion2 u=91.9 v=240.0 depth=0.0184 depth2=-1.0000 track=2 sf=9 flag=ok
[T2depth] t=14.5320 id=589 src=motion2 u=567.8 v=263.0 depth=5.0000 depth2=-1.0000 track=2 sf=9 flag=init_neg
[T2depth] t=14.5320 id=690 src=motion2 u=224.0 v=63.9 depth=0.2896 depth2=-1.0000 track=2 sf=9 flag=ok
[T2depth] t=14.5320 id=755 src=motion2 u=319.0 v=396.0 depth=5.0000 depth2=-1.0000 track=2 sf=9 flag=init_neg
[T2depth] t=14.5320 id=756 src=motion2 u=155.6 v=145.3 depth=0.1892 depth2=-1.0000 track=2 sf=9 flag=ok
[T2depth] t=14.5320 id=758 src=motion2 u=582.5 v=174.3 depth=0.0673 depth2=-1.0000 track=2 sf=9 flag=ok
[T2depth] t=14.5320 id=759 src=motion2 u=51.3 v=170.8 depth=5.0000 depth2=-1.0000 track=2 sf=9 flag=init_neg
[T2depth] t=14.5320 id=760 src=motion2 u=228.6 v=128.3 depth=5.0000 depth2=-1.0000 track=2 sf=9 flag=init_neg
[T2depth] t=14.5320 id=761 src=motion2 u=267.0 v=75.0 depth=5.0000 depth2=-1.0000 track=2 sf=9 flag=init_neg
[T2depth] t=14.5320 id=764 src=motion2 u=79.0 v=156.0 depth=0.0575 depth2=-1.0000 track=2 sf=9 flag=ok
[T2depth] t=14.5320 id=765 src=motion2 u=523.0 v=50.0 depth=0.2188 depth2=-1.0000 track=2 sf=9 flag=ok
[T2depth] t=14.5320 id=766 src=motion2 u=329.0 v=204.0 depth=0.2057 depth2=-1.0000 track=2 sf=9 flag=ok
[T2depth] t=14.5320 id=776 src=stereo u=38.6 v=54.5 depth=20.9375 depth2=-1.0000 track=1 sf=10 flag=ok
[T2depth] t=14.5320 id=785 src=stereo u=95.0 v=30.0 depth=5.0000 depth2=-1.0000 track=1 sf=10 flag=init_neg
[T2gate] t=14.5320 tri=141 rej=0 xrej=0 init_replace=58 gate=0
[T2slv] t=14.5320 phase=1 init_cost=125.221 final_cost=115.588 iters=8 term=0 slv_ms=12.0
[T2diag] t=14.5320 P=[-0.0078 0.0034 -0.0004] V=[0.0002 0.0041 -0.0033] |Bas|=0.112576 |Bgs|=0.0010876 Bas=[-0.109612 -0.025657 0.000498] Bgs=[0.0000707 0.0002318 0.0010603] tic0=[0.1200 0.0500 -0.0200] tic1=[0.1200 -0.0500 -0.0200] td=0.00000 track=122
[E2uls] flag=1 sh_t=14.572 new_t=14.572 dP=[0.0014 -0.0002 -0.0005] |dP|=0.0015 first_dt=-1.0000
[T2depth] t=14.5320 id=152 src=shift u=-1 v=-1 depth=5.0000 depth2=-1.0000 track=10 sf=0 flag=init_neg
time: 14.532000, t: -0.007778 0.003406 -0.000408 q: 0.999975 -0.000155 -0.007064 0.000130 
[T2xcross] t=14.6640 id=21 est=5.0000 svd=3.7199 rel=0.2560 track=3 sf=8
[T2depth] t=14.6640 id=11 src=motion2 u=116.9 v=360.4 depth=1.3545 depth2=-1.0000 track=2 sf=9 flag=ok
[T2depth] t=14.6640 id=14 src=motion2 u=88.2 v=386.3 depth=1.1048 depth2=-1.0000 track=2 sf=9 flag=ok
[T2depth] t=14.6640 id=16 src=motion2 u=50.7 v=411.4 depth=0.7155 depth2=-1.0000 track=2 sf=9 flag=ok
[T2depth] t=14.6640 id=19 src=motion2 u=142.1 v=394.3 depth=1.2723 depth2=-1.0000 track=2 sf=9 flag=ok
[T2depth] t=14.6640 id=29 src=motion2 u=120.1 v=420.4 depth=0.8617 depth2=-1.0000 track=2 sf=9 flag=ok
[T2depth] t=14.6640 id=30 src=motion2 u=71.1 v=435.4 depth=0.7551 depth2=-1.0000 track=2 sf=9 flag=ok
[T2depth] t=14.6640 id=32 src=motion2 u=89.0 v=320.2 depth=2.3403 depth2=-1.0000 track=2 sf=9 flag=ok
[T2depth] t=14.6640 id=45 src=motion2 u=74.1 v=353.3 depth=1.4202 depth2=-1.0000 track=2 sf=9 flag=ok
[T2depth] t=14.6640 id=54 src=motion2 u=11.1 v=423.4 depth=0.8081 depth2=-1.0000 track=2 sf=9 flag=ok
[T2depth] t=14.6640 id=59 src=motion2 u=40.5 v=456.4 depth=0.9009 depth2=-1.0000 track=2 sf=9 flag=ok
[T2depth] t=14.6640 id=76 src=motion2 u=174.3 v=377.3 depth=1.2391 depth2=-1.0000 track=2 sf=9 flag=ok
[T2depth] t=14.6640 id=77 src=motion2 u=152.5 v=429.4 depth=0.9873 depth2=-1.0000 track=2 sf=9 flag=ok
[T2depth] t=14.6640 id=95 src=motion2 u=6.7 v=453.5 depth=0.4768 depth2=-1.0000 track=2 sf=9 flag=ok
[T2depth] t=14.6640 id=632 src=motion2 u=63.1 v=477.0 depth=0.8079 depth2=-1.0000 track=2 sf=9 flag=ok
[T2depth] t=14.6640 id=770 src=motion2 u=309.1 v=279.0 depth=5.0000 depth2=-1.0000 track=2 sf=9 flag=init_neg
[T2depth] t=14.6640 id=778 src=motion2 u=490.3 v=189.8 depth=0.1281 depth2=-1.0000 track=2 sf=9 flag=ok
[T2depth] t=14.6640 id=779 src=motion2 u=588.0 v=221.5 depth=5.0000 depth2=-1.0000 track=2 sf=9 flag=init_neg
[T2depth] t=14.6640 id=781 src=motion2 u=227.0 v=31.0 depth=0.1287 depth2=-1.0000 track=2 sf=9 flag=ok
[T2depth] t=14.6640 id=786 src=motion2 u=16.0 v=166.0 depth=0.0994 depth2=-1.0000 track=2 sf=9 flag=ok
[T2depth] t=14.6640 id=788 src=stereo u=587.6 v=104.4 depth=5.0000 depth2=-1.0000 track=1 sf=10 flag=init_neg
[T2depth] t=14.6640 id=792 src=stereo u=536.0 v=214.0 depth=4.1469 depth2=-1.0000 track=1 sf=10 flag=ok
[T2depth] t=14.6640 id=794 src=stereo u=297.0 v=82.0 depth=32.7504 depth2=-1.0000 track=1 sf=10 flag=ok
[T2depth] t=14.6640 id=799 src=stereo u=123.0 v=188.0 depth=35.0161 depth2=-1.0000 track=1 sf=10 flag=ok
[T2gate] t=14.6640 tri=97 rej=0 xrej=0 init_replace=3 gate=0
[T2slv] t=14.6640 phase=1 init_cost=1874.42 final_cost=149.504 iters=9 term=1 slv_ms=16.9
[T2diag] t=14.6640 P=[-0.0076 0.0033 -0.0009] V=[0.0018 0.0011 -0.0036] |Bas|=0.127436 |Bgs|=0.0010982 Bas=[-0.122594 -0.034785 0.000737] Bgs=[0.0000433 0.0001961 0.0010796] tic0=[0.1200 0.0500 -0.0200] tic1=[0.1200 -0.0500 -0.0200] td=0.00000 track=123
[E2uls] flag=1 sh_t=14.708 new_t=14.708 dP=[0.0004 0.0006 0.0000] |dP|=0.0008 first_dt=-1.0000
time: 14.664000, t: -0.007569 0.003326 -0.000893 q: 0.999970 0.000148 -0.007801 0.000017 
[T2depth] t=14.7960 id=1 src=motion2 u=191.0 v=340.2 depth=0.2678 depth2=-1.0000 track=2 sf=9 flag=ok
[T2depth] t=14.7960 id=7 src=motion2 u=4.1 v=374.3 depth=0.0375 depth2=-1.0000 track=2 sf=9 flag=ok
[T2depth] t=14.7960 id=8 src=motion2 u=158.0 v=342.2 depth=0.1746 depth2=-1.0000 track=2 sf=9 flag=ok
[T2depth] t=14.7960 id=20 src=motion2 u=44.1 v=348.3 depth=0.0990 depth2=-1.0000 track=2 sf=9 flag=ok
[T2depth] t=14.7960 id=22 src=motion2 u=462.9 v=7.1 depth=2.2889 depth2=-1.0000 track=2 sf=9 flag=ok
[T2depth] t=14.7960 id=46 src=motion2 u=211.0 v=316.2 depth=0.2751 depth2=-1.0000 track=2 sf=9 flag=ok
[T2depth] t=14.7960 id=65 src=motion2 u=182.1 v=411.3 depth=0.2552 depth2=-1.0000 track=2 sf=9 flag=ok
[T2depth] t=14.7960 id=67 src=motion2 u=120.0 v=286.2 depth=0.0910 depth2=-1.0000 track=2 sf=9 flag=ok
[T2depth] t=14.7960 id=70 src=motion2 u=41.9 v=380.4 depth=0.1004 depth2=-1.0000 track=2 sf=9 flag=ok
[T2depth] t=14.7960 id=78 src=motion2 u=635.8 v=293.1 depth=0.6785 depth2=-1.0000 track=2 sf=9 flag=ok
[T2depth] t=14.7960 id=87 src=motion2 u=16.6 v=292.2 depth=0.0323 depth2=-1.0000 track=2 sf=9 flag=ok
[T2depth] t=14.7960 id=152 src=motion2 u=602.1 v=289.0 depth=0.8821 depth2=-1.0000 track=2 sf=9 flag=ok
[T2depth] t=14.7960 id=642 src=motion2 u=118.0 v=329.1 depth=0.0998 depth2=-1.0000 track=2 sf=9 flag=ok
[T2depth] t=14.7960 id=790 src=motion2 u=384.1 v=144.4 depth=5.0000 depth2=-1.0000 track=2 sf=9 flag=init_neg
[T2depth] t=14.7960 id=791 src=motion2 u=38.0 v=243.0 depth=0.0074 depth2=-1.0000 track=2 sf=9 flag=ok
[T2depth] t=14.7960 id=793 src=motion2 u=205.0 v=232.0 depth=5.0000 depth2=-1.0000 track=2 sf=9 flag=init_neg
[T2depth] t=14.7960 id=795 src=motion2 u=265.0 v=211.0 depth=5.0000 depth2=-1.0000 track=2 sf=9 flag=init_neg
[T2depth] t=14.7960 id=797 src=motion2 u=165.0 v=22.0 depth=5.0000 depth2=-1.0000 track=2 sf=9 flag=init_neg
[T2depth] t=14.7960 id=798 src=motion2 u=269.0 v=23.0 depth=5.0000 depth2=-1.0000 track=2 sf=9 flag=init_neg
[T2xcross] t=14.7960 id=799 est=35.0161 svd=0.1172 rel=0.9967 track=2 sf=9
[T2depth] t=14.7960 id=800 src=motion2 u=101.0 v=127.0 depth=0.0243 depth2=-1.0000 track=2 sf=9 flag=ok
[T2depth] t=14.7960 id=801 src=motion2 u=355.0 v=209.0 depth=0.0574 depth2=-1.0000 track=2 sf=9 flag=ok
[T2depth] t=14.7960 id=802 src=stereo u=417.2 v=105.9 depth=3.3129 depth2=-1.0000 track=1 sf=10 flag=ok
[T2depth] t=14.7960 id=803 src=stereo u=401.7 v=45.6 depth=3.9466 depth2=-1.0000 track=1 sf=10 flag=ok
[T2depth] t=14.7960 id=804 src=stereo u=489.0 v=165.7 depth=3.7110 depth2=-1.0000 track=1 sf=10 flag=ok
[T2depth] t=14.7960 id=805 src=stereo u=470.6 v=70.5 depth=4.3362 depth2=-1.0000 track=1 sf=10 flag=ok
[T2depth] t=14.7960 id=808 src=stereo u=69.0 v=22.0 depth=5.0000 depth2=-1.0000 track=1 sf=10 flag=init_neg
[T2gate] t=14.7960 tri=76 rej=0 xrej=0 init_replace=6 gate=0
[T2slv] t=14.7960 phase=1 init_cost=127.096 final_cost=124.525 iters=7 term=0 slv_ms=9.0
[T2diag] t=14.7960 P=[-0.0075 0.0034 -0.0006] V=[0.0016 0.0046 -0.0015] |Bas|=0.139733 |Bgs|=0.0010663 Bas=[-0.133395 -0.041606 0.000328] Bgs=[0.0000455 0.0002307 0.0010401] tic0=[0.1200 0.0500 -0.0200] tic1=[0.1200 -0.0500 -0.0200] td=0.00000 track=141
[E2uls] flag=1 sh_t=14.828 new_t=14.828 dP=[0.0005 0.0005 -0.0009] |dP|=0.0011 first_dt=-1.0000
time: 14.796000, t: -0.007550 0.003379 -0.000649 q: 0.999965 0.000589 -0.008322 -0.000127 
[T2xcross] t=14.9280 id=794 est=32.7504 svd=0.0154 rel=0.9995 track=3 sf=8
[T2depth] t=14.9280 id=51 src=motion2 u=526.1 v=411.3 depth=5.0000 depth2=-1.0000 track=2 sf=9 flag=init_neg
[T2depth] t=14.9280 id=113 src=motion2 u=233.0 v=244.0 depth=0.8422 depth2=-1.0000 track=2 sf=9 flag=ok
[T2xcross] t=14.9280 id=802 est=3.3129 svd=0.0112 rel=0.9966 track=2 sf=9
[T2xcross] t=14.9280 id=804 est=3.7110 svd=0.2651 rel=0.9286 track=2 sf=9
[T2depth] t=14.9280 id=806 src=motion2 u=327.2 v=57.1 depth=5.0000 depth2=-1.0000 track=2 sf=9 flag=init_neg
[T2depth] t=14.9280 id=807 src=motion2 u=199.0 v=79.0 depth=5.0000 depth2=-1.0000 track=2 sf=9 flag=init_neg
[T2depth] t=14.9280 id=810 src=stereo u=18.5 v=213.1 depth=5.0000 depth2=-1.0000 track=1 sf=10 flag=init_neg
[T2gate] t=14.9280 tri=54 rej=0 xrej=0 init_replace=4 gate=0
[T2slv] t=14.9280 phase=1 init_cost=800.766 final_cost=228.241 iters=9 term=1 slv_ms=22.4
[T2diag] t=14.9280 P=[-0.0064 0.0027 -0.0008] V=[0.0041 0.0011 0.0016] |Bas|=0.155828 |Bgs|=0.0010142 Bas=[-0.147224 -0.051063 0.000386] Bgs=[-0.0000086 0.0002457 0.0009839] tic0=[0.1200 0.0500 -0.0200] tic1=[0.1200 -0.0500 -0.0200] td=0.00000 track=141
[E2uls] flag=1 sh_t=14.980 new_t=14.980 dP=[-0.0010 0.0020 0.0001] |dP|=0.0023 first_dt=-1.0000
time: 14.928000, t: -0.006422 0.002709 -0.000754 q: 0.999959 0.001422 -0.008955 0.000012 
[T2depth] t=15.0280 id=809 src=motion2 u=241.0 v=123.8 depth=0.1478 depth2=-1.0000 track=2 sf=9 flag=ok
[T2depth] t=15.0280 id=814 src=motion2 u=573.6 v=11.7 depth=0.1135 depth2=-1.0000 track=2 sf=9 flag=ok
[T2depth] t=15.0280 id=818 src=motion2 u=318.0 v=208.0 depth=0.0262 depth2=-1.0000 track=2 sf=9 flag=ok
[T2depth] t=15.0280 id=21 src=stereo u=453.0 v=364.2 depth=5.0000 depth2=-1.0000 track=1 sf=10 flag=init_neg
[T2depth] t=15.0280 id=829 src=stereo u=386.0 v=222.0 depth=3.9604 depth2=-1.0000 track=1 sf=10 flag=ok
[T2depth] t=15.0280 id=830 src=stereo u=389.0 v=147.0 depth=3.7079 depth2=-1.0000 track=1 sf=10 flag=ok
[T2gate] t=15.0280 tri=80 rej=0 xrej=0 init_replace=1 gate=0
[T2slv] t=15.0280 phase=1 init_cost=113.813 final_cost=106.903 iters=9 term=1 slv_ms=12.0
[T2diag] t=15.0280 P=[-0.0035 0.0042 0.0002] V=[0.0059 0.0047 0.0038] |Bas|=0.168173 |Bgs|=0.0010477 Bas=[-0.157477 -0.059018 0.000099] Bgs=[0.0000021 0.0002175 0.0010249] tic0=[0.1200 0.0500 -0.0200] tic1=[0.1200 -0.0500 -0.0200] td=0.00000 track=119
[E2uls] flag=1 sh_t=15.060 new_t=15.060 dP=[-0.0027 -0.0012 -0.0008] |dP|=0.0030 first_dt=-1.0000
time: 15.028000, t: -0.003509 0.004240 0.000242 q: 0.999954 0.001590 -0.009410 0.000107 
[T2depth] t=15.1280 id=2 src=motion2 u=225.0 v=347.3 depth=358.1196 depth2=-1.0000 track=2 sf=9 flag=ok
[T2depth] t=15.1280 id=5 src=motion2 u=264.1 v=362.2 depth=5.0000 depth2=-1.0000 track=2 sf=9 flag=init_neg
[T2depth] t=15.1280 id=6 src=motion2 u=296.0 v=354.2 depth=5.0000 depth2=-1.0000 track=2 sf=9 flag=init_neg
[T2depth] t=15.1280 id=9 src=motion2 u=202.9 v=388.4 depth=8.8855 depth2=-1.0000 track=2 sf=9 flag=ok
[T2depth] t=15.1280 id=25 src=motion2 u=197.1 v=446.4 depth=15.5539 depth2=-1.0000 track=2 sf=9 flag=ok
[T2depth] t=15.1280 id=40 src=motion2 u=317.9 v=310.1 depth=5.0000 depth2=-1.0000 track=2 sf=9 flag=init_neg
[T2depth] t=15.1280 id=49 src=motion2 u=163.5 v=463.9 depth=7.3394 depth2=-1.0000 track=2 sf=9 flag=ok
[T2depth] t=15.1280 id=58 src=motion2 u=285.7 v=314.2 depth=13.1386 depth2=-1.0000 track=2 sf=9 flag=ok
[T2depth] t=15.1280 id=60 src=motion2 u=225.3 v=430.4 depth=8.0599 depth2=-1.0000 track=2 sf=9 flag=ok
[T2depth] t=15.1280 id=63 src=motion2 u=324.7 v=365.2 depth=35.1245 depth2=-1.0000 track=2 sf=9 flag=ok
[T2depth] t=15.1280 id=66 src=motion2 u=173.9 v=307.2 depth=5.0000 depth2=-1.0000 track=2 sf=9 flag=init_neg
[T2depth] t=15.1280 id=74 src=motion2 u=106.5 v=456.0 depth=6.0710 depth2=-1.0000 track=2 sf=9 flag=ok
[T2depth] t=15.1280 id=92 src=motion2 u=135.3 v=478.2 depth=10.9774 depth2=-1.0000 track=2 sf=9 flag=ok
[T2depth] t=15.1280 id=93 src=motion2 u=197.9 v=288.2 depth=5.0000 depth2=-1.0000 track=2 sf=9 flag=init_neg
[T2depth] t=15.1280 id=94 src=motion2 u=266.1 v=288.1 depth=5.0000 depth2=-1.0000 track=2 sf=9 flag=init_neg
[T2depth] t=15.1280 id=99 src=motion2 u=384.2 v=277.0 depth=5.0000 depth2=-1.0000 track=2 sf=9 flag=init_neg
[T2depth] t=15.1280 id=114 src=motion2 u=528.2 v=252.8 depth=5.0000 depth2=-1.0000 track=2 sf=9 flag=init_neg
[T2depth] t=15.1280 id=589 src=motion2 u=568.0 v=263.0 depth=3.0335 depth2=-1.0000 track=2 sf=9 flag=ok
[T2depth] t=15.1280 id=822 src=motion2 u=166.8 v=95.1 depth=0.0790 depth2=-1.0000 track=2 sf=9 flag=ok
[T2depth] t=15.1280 id=823 src=motion2 u=21.0 v=57.0 depth=0.0557 depth2=-1.0000 track=2 sf=9 flag=ok
[T2depth] t=15.1280 id=825 src=motion2 u=38.0 v=135.0 depth=5.0000 depth2=-1.0000 track=2 sf=9 flag=init_neg
[T2depth] t=15.1280 id=828 src=motion2 u=354.0 v=31.0 depth=0.2064 depth2=-1.0000 track=2 sf=9 flag=ok
[T2depth] t=15.1280 id=832 src=stereo u=185.7 v=8.7 depth=16.9837 depth2=-1.0000 track=1 sf=10 flag=ok
[T2depth] t=15.1280 id=838 src=stereo u=589.0 v=93.0 depth=5.0000 depth2=-1.0000 track=1 sf=10 flag=init_neg
[T2depth] t=15.1280 id=839 src=stereo u=45.0 v=34.0 depth=5.0000 depth2=-1.0000 track=1 sf=10 flag=init_neg
[T2depth] t=15.1280 id=840 src=stereo u=447.0 v=111.0 depth=3.8964 depth2=-1.0000 track=1 sf=10 flag=ok
[T2depth] t=15.1280 id=841 src=stereo u=586.0 v=193.0 depth=27.5133 depth2=-1.0000 track=1 sf=10 flag=ok
[T2gate] t=15.1280 tri=86 rej=0 xrej=0 init_replace=11 gate=0
[T2slv] t=15.1280 phase=1 init_cost=100.745 final_cost=96.7474 iters=9 term=1 slv_ms=8.5
[T2diag] t=15.1280 P=[-0.0035 0.0053 -0.0002] V=[0.0018 0.0100 -0.0015] |Bas|=0.173313 |Bgs|=0.0011207 Bas=[-0.161687 -0.062404 0.000728] Bgs=[-0.0000385 0.0002209 0.0010980] tic0=[0.1200 0.0500 -0.0200] tic1=[0.1200 -0.0500 -0.0200] td=0.00000 track=133
[E2uls] flag=1 sh_t=15.160 new_t=15.160 dP=[0.0008 -0.0001 0.0008] |dP|=0.0011 first_dt=-1.0000
time: 15.128000, t: -0.003497 0.005253 -0.000227 q: 0.999952 0.001727 -0.009645 -0.000020 
[T2xcross] t=15.2280 id=21 est=5.0000 svd=1.9427 rel=0.6115 track=2 sf=9
[T2xcross] t=15.2280 id=99 est=5.0000 svd=2.5204 rel=0.4959 track=2 sf=9
[T2xcross] t=15.2280 id=114 est=5.0000 svd=0.9270 rel=0.8146 track=2 sf=9
[T2depth] t=15.2280 id=100 src=motion2 u=488.9 v=313.1 depth=2.0160 depth2=-1.0000 track=2 sf=9 flag=ok
[T2depth] t=15.2280 id=759 src=motion2 u=50.6 v=168.7 depth=5.0000 depth2=-1.0000 track=2 sf=9 flag=init_neg
[T2depth] t=15.2280 id=831 src=motion2 u=386.0 v=129.3 depth=5.0000 depth2=-1.0000 track=2 sf=9 flag=init_neg
[T2depth] t=15.2280 id=836 src=motion2 u=92.0 v=20.9 depth=0.0086 depth2=-1.0000 track=2 sf=9 flag=ok
[T2depth] t=15.2280 id=837 src=motion2 u=217.4 v=168.2 depth=5.0000 depth2=-1.0000 track=2 sf=9 flag=init_neg
[T2xcross] t=15.2280 id=839 est=5.0000 svd=0.1403 rel=0.9719 track=2 sf=9
[T2xcross] t=15.2280 id=840 est=3.8964 svd=1.6126 rel=0.5861 track=2 sf=9
[T2depth] t=15.2280 id=842 src=motion2 u=581.0 v=128.0 depth=0.8357 depth2=-1.0000 track=2 sf=9 flag=ok
[T2depth] t=15.2280 id=843 src=motion2 u=632.0 v=8.0 depth=0.4351 depth2=-1.0000 track=2 sf=9 flag=ok
[T2depth] t=15.2280 id=845 src=motion2 u=302.0 v=74.0 depth=5.0000 depth2=-1.0000 track=2 sf=9 flag=init_neg
[T2depth] t=15.2280 id=847 src=stereo u=196.0 v=111.8 depth=41.0910 depth2=-1.0000 track=1 sf=10 flag=ok
[T2depth] t=15.2280 id=849 src=stereo u=506.2 v=117.1 depth=3.7599 depth2=-1.0000 track=1 sf=10 flag=ok
[T2depth] t=15.2280 id=850 src=stereo u=298.6 v=151.5 depth=5.0000 depth2=-1.0000 track=1 sf=10 flag=init_neg
[T2depth] t=15.2280 id=856 src=stereo u=572.7 v=221.0 depth=5.0000 depth2=-1.0000 track=1 sf=10 flag=init_neg
[T2depth] t=15.2280 id=860 src=stereo u=242.0 v=99.0 depth=31.0308 depth2=-1.0000 track=1 sf=10 flag=ok
[T2depth] t=15.2280 id=861 src=stereo u=535.0 v=156.0 depth=4.0659 depth2=-1.0000 track=1 sf=10 flag=ok
[T2depth] t=15.2280 id=865 src=stereo u=470.0 v=86.0 depth=3.7063 depth2=-1.0000 track=1 sf=10 flag=ok
[T2gate] t=15.2280 tri=68 rej=0 xrej=0 init_replace=6 gate=0
[T2slv] t=15.2280 phase=1 init_cost=104.836 final_cost=102.968 iters=9 term=1 slv_ms=5.0
[T2diag] t=15.2280 P=[-0.0035 0.0059 -0.0003] V=[0.0041 0.0101 -0.0037] |Bas|=0.175504 |Bgs|=0.0011280 Bas=[-0.163486 -0.063826 0.000358] Bgs=[-0.0000269 0.0002324 0.0011034] tic0=[0.1200 0.0500 -0.0200] tic1=[0.1200 -0.0500 -0.0200] td=0.00000 track=135
[E2uls] flag=1 sh_t=15.260 new_t=15.260 dP=[0.0006 0.0008 -0.0006] |dP|=0.0012 first_dt=-1.0000
time: 15.228000, t: -0.003495 0.005933 -0.000317 q: 0.999951 0.001954 -0.009676 -0.000361 
[T2depth] t=15.3280 id=848 src=motion2 u=337.5 v=207.2 depth=5.0000 depth2=-1.0000 track=2 sf=9 flag=init_neg
[T2xcross] t=15.3280 id=849 est=3.7599 svd=0.0442 rel=0.9882 track=2 sf=9
[T2depth] t=15.3280 id=859 src=motion2 u=193.0 v=9.0 depth=5.0000 depth2=-1.0000 track=2 sf=9 flag=init_neg
[T2depth] t=15.3280 id=867 src=stereo u=198.1 v=194.0 depth=5.0000 depth2=-1.0000 track=1 sf=10 flag=init_neg
[T2depth] t=15.3280 id=869 src=stereo u=359.7 v=95.1 depth=4.0958 depth2=-1.0000 track=1 sf=10 flag=ok
[T2depth] t=15.3280 id=874 src=stereo u=84.0 v=84.0 depth=31.3579 depth2=-1.0000 track=1 sf=10 flag=ok
[T2depth] t=15.3280 id=876 src=stereo u=149.0 v=77.0 depth=36.8784 depth2=-1.0000 track=1 sf=10 flag=ok
[T2depth] t=15.3280 id=877 src=stereo u=309.0 v=133.0 depth=35.3508 depth2=-1.0000 track=1 sf=10 flag=ok
[T2depth] t=15.3280 id=880 src=stereo u=195.0 v=51.0 depth=5.0000 depth2=-1.0000 track=1 sf=10 flag=init_neg
[T2gate] t=15.3280 tri=61 rej=0 xrej=0 init_replace=4 gate=0
[T2slv] t=15.3280 phase=1 init_cost=110.029 final_cost=107.824 iters=9 term=1 slv_ms=7.0
[T2diag] t=15.3280 P=[-0.0033 0.0061 -0.0003] V=[0.0062 0.0124 -0.0023] |Bas|=0.179128 |Bgs|=0.0011055 Bas=[-0.166497 -0.066072 0.000355] Bgs=[-0.0000223 0.0002332 0.0010804] tic0=[0.1200 0.0500 -0.0200] tic1=[0.1200 -0.0500 -0.0200] td=0.00000 track=138
[E2uls] flag=1 sh_t=15.364 new_t=15.364 dP=[0.0007 0.0017 -0.0004] |dP|=0.0019 first_dt=-1.0000
time: 15.328000, t: -0.003260 0.006080 -0.000346 q: 0.999949 0.002021 -0.009928 -0.000317 
[T2xcross] t=15.4280 id=869 est=4.0958 svd=0.1041 rel=0.9746 track=2 sf=9
[T2depth] t=15.4280 id=870 src=motion2 u=483.8 v=50.8 depth=0.0652 depth2=-1.0000 track=2 sf=9 flag=ok
[T2depth] t=15.4280 id=875 src=motion2 u=311.0 v=82.0 depth=5.0000 depth2=-1.0000 track=2 sf=9 flag=init_neg
[T2xcross] t=15.4280 id=876 est=36.8784 svd=0.1228 rel=0.9967 track=2 sf=9
[T2xcross] t=15.4280 id=877 est=35.3508 svd=0.3306 rel=0.9906 track=2 sf=9
[T2depth] t=15.4280 id=878 src=motion2 u=253.0 v=163.0 depth=0.0057 depth2=-1.0000 track=2 sf=9 flag=ok
[T2depth] t=15.4280 id=879 src=motion2 u=356.0 v=179.0 depth=5.0000 depth2=-1.0000 track=2 sf=9 flag=init_neg
[T2xcross] t=15.4280 id=880 est=5.0000 svd=0.4026 rel=0.9195 track=2 sf=9
[T2depth] t=15.4280 id=882 src=motion2 u=629.0 v=130.0 depth=5.0000 depth2=-1.0000 track=2 sf=9 flag=init_neg
[T2depth] t=15.4280 id=889 src=stereo u=410.7 v=159.4 depth=4.4873 depth2=-1.0000 track=1 sf=10 flag=ok
[T2depth] t=15.4280 id=893 src=stereo u=59.0 v=129.0 depth=35.0102 depth2=-1.0000 track=1 sf=10 flag=ok
[T2gate] t=15.4280 tri=55 rej=0 xrej=0 init_replace=3 gate=0
[T2slv] t=15.4280 phase=1 init_cost=118.013 final_cost=115.29 iters=9 term=1 slv_ms=8.2
[T2diag] t=15.4280 P=[-0.0038 0.0063 -0.0003] V=[0.0046 0.0097 -0.0034] |Bas|=0.182905 |Bgs|=0.0011098 Bas=[-0.169746 -0.068120 0.000328] Bgs=[-0.0000489 0.0002294 0.0010848] tic0=[0.1200 0.0500 -0.0200] tic1=[0.1200 -0.0500 -0.0200] td=0.00000 track=142
[E2uls] flag=1 sh_t=15.464 new_t=15.464 dP=[0.0015 0.0016 -0.0004] |dP|=0.0022 first_dt=-1.0000
time: 15.428000, t: -0.003821 0.006296 -0.000343 q: 0.999946 0.002193 -0.010114 -0.000253 
[T2depth] t=15.5280 id=883 src=motion2 u=266.6 v=255.1 depth=5.0000 depth2=-1.0000 track=2 sf=9 flag=init_neg
[T2depth] t=15.5280 id=885 src=motion2 u=557.3 v=28.0 depth=0.4728 depth2=-1.0000 track=2 sf=9 flag=ok
[T2depth] t=15.5280 id=886 src=motion2 u=186.4 v=110.3 depth=0.0928 depth2=-1.0000 track=2 sf=9 flag=ok
[T2depth] t=15.5280 id=890 src=motion2 u=395.0 v=125.0 depth=0.1424 depth2=-1.0000 track=2 sf=9 flag=ok
[T2depth] t=15.5280 id=891 src=motion2 u=70.0 v=208.0 depth=5.0000 depth2=-1.0000 track=2 sf=9 flag=init_neg
[T2depth] t=15.5280 id=895 src=stereo u=92.0 v=181.3 depth=5.0000 depth2=-1.0000 track=1 sf=10 flag=init_neg
[T2depth] t=15.5280 id=901 src=stereo u=522.7 v=72.3 depth=3.2180 depth2=-1.0000 track=1 sf=10 flag=ok
[T2depth] t=15.5280 id=903 src=stereo u=531.0 v=207.0 depth=3.6143 depth2=-1.0000 track=1 sf=10 flag=ok
[T2depth] t=15.5280 id=909 src=stereo u=228.0 v=123.0 depth=32.0303 depth2=-1.0000 track=1 sf=10 flag=ok
[T2gate] t=15.5280 tri=62 rej=0 xrej=0 init_replace=3 gate=0
[T2slv] t=15.5280 phase=1 init_cost=100.758 final_cost=96.1373 iters=9 term=1 slv_ms=10.3
[T2diag] t=15.5280 P=[-0.0046 0.0063 -0.0006] V=[0.0037 0.0089 -0.0036] |Bas|=0.187742 |Bgs|=0.0011134 Bas=[-0.174145 -0.070144 0.000620] Bgs=[-0.0000970 0.0001846 0.0010937] tic0=[0.1200 0.0500 -0.0200] tic1=[0.1200 -0.0500 -0.0200] td=0.00000 track=135
[E2uls] flag=1 sh_t=15.568 new_t=15.568 dP=[0.0014 0.0017 -0.0001] |dP|=0.0022 first_dt=-1.0000
time: 15.528000, t: -0.004588 0.006287 -0.000647 q: 0.999941 0.002221 -0.010586 -0.000039 
[T2xcross] t=15.6280 id=889 est=4.4873 svd=0.2005 rel=0.9553 track=2 sf=9
[T2depth] t=15.6280 id=894 src=motion2 u=17.6 v=175.1 depth=1.0012 depth2=-1.0000 track=2 sf=9 flag=ok
[T2depth] t=15.6280 id=898 src=motion2 u=238.3 v=94.4 depth=1.4898 depth2=-1.0000 track=2 sf=9 flag=ok
[T2depth] t=15.6280 id=900 src=motion2 u=612.1 v=179.8 depth=0.2655 depth2=-1.0000 track=2 sf=9 flag=ok
[T2depth] t=15.6280 id=902 src=motion2 u=613.7 v=49.7 depth=0.9509 depth2=-1.0000 track=2 sf=9 flag=ok
[T2xcross] t=15.6280 id=903 est=3.6143 svd=0.3863 rel=0.8931 track=2 sf=9
[T2depth] t=15.6280 id=904 src=motion2 u=612.0 v=214.0 depth=0.4998 depth2=-1.0000 track=2 sf=9 flag=ok
[T2depth] t=15.6280 id=908 src=motion2 u=17.0 v=104.0 depth=0.2447 depth2=-1.0000 track=2 sf=9 flag=ok
[T2depth] t=15.6280 id=910 src=motion2 u=166.0 v=193.0 depth=5.0000 depth2=-1.0000 track=2 sf=9 flag=init_neg
[T2depth] t=15.6280 id=911 src=motion2 u=299.0 v=40.0 depth=5.0000 depth2=-1.0000 track=2 sf=9 flag=init_neg
[T2depth] t=15.6280 id=915 src=stereo u=41.0 v=146.0 depth=5.0000 depth2=-1.0000 track=1 sf=10 flag=init_neg
[T2depth] t=15.6280 id=918 src=stereo u=504.0 v=170.0 depth=3.8882 depth2=-1.0000 track=1 sf=10 flag=ok
[T2depth] t=15.6280 id=921 src=stereo u=358.0 v=146.0 depth=3.7199 depth2=-1.0000 track=1 sf=10 flag=ok
[T2gate] t=15.6280 tri=62 rej=0 xrej=0 init_replace=3 gate=0
[T2slv] t=15.6280 phase=1 init_cost=98.0276 final_cost=94.7755 iters=9 term=1 slv_ms=6.0
[T2diag] t=15.6280 P=[-0.0030 0.0060 -0.0004] V=[0.0034 0.0072 -0.0021] |Bas|=0.192283 |Bgs|=0.0011162 Bas=[-0.178057 -0.072582 0.000250] Bgs=[-0.0001271 0.0001427 0.0010998] tic0=[0.1200 0.0500 -0.0200] tic1=[0.1200 -0.0500 -0.0200] td=0.00000 track=140
[E2uls] flag=1 sh_t=15.660 new_t=15.660 dP=[-0.0015 0.0017 -0.0009] |dP|=0.0025 first_dt=-1.0000
time: 15.628000, t: -0.002979 0.006008 -0.000380 q: 0.999940 0.002510 -0.010618 -0.000007 
[T2xcross] t=15.7280 id=885 est=0.4728 svd=0.3757 rel=0.2053 track=2 sf=9
[T2depth] t=15.7280 id=912 src=motion2 u=364.3 v=91.2 depth=0.1527 depth2=-1.0000 track=2 sf=9 flag=ok
[T2depth] t=15.7280 id=914 src=motion2 u=343.9 v=21.0 depth=5.0000 depth2=-1.0000 track=2 sf=9 flag=init_neg
[T2depth] t=15.7280 id=916 src=motion2 u=632.0 v=251.0 depth=5.0000 depth2=-1.0000 track=2 sf=9 flag=init_neg
[T2depth] t=15.7280 id=917 src=motion2 u=11.0 v=245.0 depth=5.0000 depth2=-1.0000 track=2 sf=9 flag=init_neg
[T2depth] t=15.7280 id=922 src=stereo u=416.6 v=47.6 depth=3.6324 depth2=-1.0000 track=1 sf=10 flag=ok
[T2depth] t=15.7280 id=929 src=stereo u=388.8 v=25.6 depth=4.8117 depth2=-1.0000 track=1 sf=10 flag=ok
[T2depth] t=15.7280 id=930 src=stereo u=99.0 v=36.0 depth=41.1348 depth2=-1.0000 track=1 sf=10 flag=ok
[T2depth] t=15.7280 id=932 src=stereo u=193.0 v=136.0 depth=38.4099 depth2=-1.0000 track=1 sf=10 flag=ok
[T2gate] t=15.7280 tri=59 rej=0 xrej=0 init_replace=3 gate=0
[T2slv] t=15.7280 phase=1 init_cost=97.6521 final_cost=96.1811 iters=4 term=0 slv_ms=5.6
[T2diag] t=15.7280 P=[-0.0033 0.0058 -0.0005] V=[0.0051 0.0057 -0.0038] |Bas|=0.196899 |Bgs|=0.0011141 Bas=[-0.182040 -0.075037 0.000299] Bgs=[-0.0001114 0.0001369 0.0011000] tic0=[0.1200 0.0500 -0.0200] tic1=[0.1200 -0.0500 -0.0200] td=0.00000 track=139
[E2uls] flag=1 sh_t=15.764 new_t=15.764 dP=[0.0010 0.0013 -0.0003] |dP|=0.0017 first_dt=-1.0000
time: 15.728000, t: -0.003279 0.005790 -0.000468 q: 0.999937 0.002704 -0.010915 0.000011 
[T2xcross] t=15.8280 id=914 est=5.0000 svd=0.0746 rel=0.9851 track=2 sf=9
[T2depth] t=15.8280 id=88 src=motion2 u=482.8 v=419.9 depth=6.9098 depth2=-1.0000 track=2 sf=9 flag=ok
[T2xcross] t=15.8280 id=922 est=3.6324 svd=0.1921 rel=0.9471 track=2 sf=9
[T2depth] t=15.8280 id=923 src=motion2 u=39.9 v=257.0 depth=5.0000 depth2=-1.0000 track=2 sf=9 flag=init_neg
[T2depth] t=15.8280 id=928 src=motion2 u=76.6 v=58.3 depth=0.0494 depth2=-1.0000 track=2 sf=9 flag=ok
[T2depth] t=15.8280 id=933 src=motion2 u=473.0 v=74.0 depth=0.0695 depth2=-1.0000 track=2 sf=9 flag=ok
[T2depth] t=15.8280 id=937 src=stereo u=398.2 v=11.6 depth=3.8804 depth2=-1.0000 track=1 sf=10 flag=ok
[T2depth] t=15.8280 id=938 src=stereo u=545.1 v=89.4 depth=5.0000 depth2=-1.0000 track=1 sf=10 flag=init_neg
[T2depth] t=15.8280 id=943 src=stereo u=120.0 v=134.0 depth=5.0000 depth2=-1.0000 track=1 sf=10 flag=init_neg
[T2depth] t=15.8280 id=946 src=stereo u=423.0 v=196.0 depth=3.2952 depth2=-1.0000 track=1 sf=10 flag=ok
[T2gate] t=15.8280 tri=64 rej=0 xrej=0 init_replace=3 gate=0
[T2slv] t=15.8280 phase=1 init_cost=98.085 final_cost=96.8351 iters=4 term=0 slv_ms=9.5
[T2diag] t=15.8280 P=[-0.0036 0.0057 -0.0005] V=[0.0082 0.0084 0.0014] |Bas|=0.201124 |Bgs|=0.0011005 Bas=[-0.185767 -0.077078 0.000413] Bgs=[-0.0001128 0.0000993 0.0010902] tic0=[0.1200 0.0500 -0.0200] tic1=[0.1200 -0.0500 -0.0200] td=0.00000 track=134
[E2uls] flag=1 sh_t=15.864 new_t=15.864 dP=[0.0012 0.0011 -0.0000] |dP|=0.0017 first_dt=-1.0000
time: 15.828000, t: -0.003587 0.005663 -0.000457 q: 0.999934 0.002813 -0.011159 -0.000025 
[T2xcross] t=15.9280 id=916 est=5.0000 svd=1.4934 rel=0.7013 track=2 sf=9
[T2depth] t=15.9280 id=89 src=motion2 u=358.8 v=464.4 depth=4.8698 depth2=-1.0000 track=2 sf=9 flag=ok
[T2depth] t=15.9280 id=91 src=motion2 u=325.8 v=463.4 depth=6.9180 depth2=-1.0000 track=2 sf=9 flag=ok
[T2depth] t=15.9280 id=944 src=motion2 u=512.0 v=183.0 depth=0.1222 depth2=-1.0000 track=2 sf=9 flag=ok
[T2depth] t=15.9280 id=948 src=motion2 u=158.0 v=16.0 depth=0.1219 depth2=-1.0000 track=2 sf=9 flag=ok
[T2depth] t=15.9280 id=951 src=stereo u=509.1 v=110.4 depth=3.8972 depth2=-1.0000 track=1 sf=10 flag=ok
[T2depth] t=15.9280 id=956 src=stereo u=457.2 v=169.8 depth=3.8151 depth2=-1.0000 track=1 sf=10 flag=ok
[T2depth] t=15.9280 id=962 src=stereo u=66.0 v=22.0 depth=5.0000 depth2=-1.0000 track=1 sf=10 flag=init_neg
[T2depth] t=15.9280 id=963 src=stereo u=250.0 v=44.0 depth=5.0000 depth2=-1.0000 track=1 sf=10 flag=init_neg
[T2depth] t=15.9280 id=964 src=stereo u=516.0 v=24.0 depth=3.8738 depth2=-1.0000 track=1 sf=10 flag=ok
[T2depth] t=15.9280 id=967 src=stereo u=383.0 v=90.0 depth=4.2116 depth2=-1.0000 track=1 sf=10 flag=ok
[T2gate] t=15.9280 tri=70 rej=0 xrej=0 init_replace=2 gate=0
[T2slv] t=15.9280 phase=1 init_cost=111.352 final_cost=109.589 iters=9 term=1 slv_ms=12.0
[T2diag] t=15.9280 P=[-0.0049 0.0056 -0.0004] V=[0.0039 0.0048 -0.0005] |Bas|=0.206050 |Bgs|=0.0010645 Bas=[-0.190133 -0.079407 0.000646] Bgs=[-0.0001067 0.0000772 0.0010563] tic0=[0.1200 0.0500 -0.0200] tic1=[0.1200 -0.0500 -0.0200] td=0.00000 track=133
[E2uls] flag=1 sh_t=15.968 new_t=15.968 dP=[0.0021 0.0010 0.0002] |dP|=0.0023 first_dt=-1.0000
time: 15.928000, t: -0.004913 0.005633 -0.000444 q: 0.999931 0.003096 -0.011373 -0.000050 
[T2depth] t=16.0280 id=69 src=motion2 u=395.9 v=463.9 depth=1.2752 depth2=-1.0000 track=2 sf=9 flag=ok
[T2depth] t=16.0280 id=949 src=motion2 u=299.3 v=77.3 depth=5.0000 depth2=-1.0000 track=2 sf=9 flag=init_neg
[T2depth] t=16.0280 id=950 src=motion2 u=148.3 v=210.3 depth=5.0000 depth2=-1.0000 track=2 sf=9 flag=init_neg
[T2xcross] t=16.0280 id=964 est=3.8738 svd=0.2151 rel=0.9445 track=2 sf=9
[T2depth] t=16.0280 id=965 src=motion2 u=290.0 v=31.0 depth=0.1178 depth2=-1.0000 track=2 sf=9 flag=ok
[T2depth] t=16.0280 id=966 src=motion2 u=12.0 v=208.0 depth=0.0110 depth2=-1.0000 track=2 sf=9 flag=ok
[T2xcross] t=16.0280 id=967 est=4.2116 svd=0.0203 rel=0.9952 track=2 sf=9
[T2depth] t=16.0280 id=968 src=motion2 u=547.0 v=151.0 depth=0.0499 depth2=-1.0000 track=2 sf=9 flag=ok
[T2depth] t=16.0280 id=970 src=stereo u=487.1 v=70.2 depth=4.3296 depth2=-1.0000 track=1 sf=10 flag=ok
[T2depth] t=16.0280 id=974 src=stereo u=560.0 v=26.0 depth=20.0636 depth2=-1.0000 track=1 sf=10 flag=ok
[T2depth] t=16.0280 id=975 src=stereo u=191.0 v=43.0 depth=5.0000 depth2=-1.0000 track=1 sf=10 flag=init_neg
[T2depth] t=16.0280 id=980 src=stereo u=189.0 v=187.0 depth=5.0000 depth2=-1.0000 track=1 sf=10 flag=init_neg
[T2depth] t=16.0280 id=982 src=stereo u=447.0 v=168.0 depth=3.8962 depth2=-1.0000 track=1 sf=10 flag=ok
[T2depth] t=16.0280 id=983 src=stereo u=626.0 v=87.0 depth=46.3168 depth2=-1.0000 track=1 sf=10 flag=ok
[T2gate] t=16.0280 tri=66 rej=0 xrej=0 init_replace=4 gate=0
[T2slv] t=16.0280 phase=1 init_cost=157.066 final_cost=95.7855 iters=9 term=1 slv_ms=14.1
[T2diag] t=16.0280 P=[-0.0058 0.0089 -0.0010] V=[0.0007 0.0093 0.0039] |Bas|=0.213046 |Bgs|=0.0011465 Bas=[-0.196994 -0.081126 0.000687] Bgs=[-0.0000900 0.0001010 0.0011385] tic0=[0.1200 0.0500 -0.0200] tic1=[0.1200 -0.0500 -0.0200] td=0.00000 track=136
[E2uls] flag=1 sh_t=16.064 new_t=16.064 dP=[0.0014 -0.0027 0.0008] |dP|=0.0031 first_dt=-1.0000
time: 16.028000, t: -0.005816 0.008855 -0.001030 q: 0.999926 0.003011 -0.011764 -0.000385 
[T2xcross] t=16.1280 id=968 est=0.0499 svd=0.1087 rel=0.5403 track=2 sf=9
[T2depth] t=16.1280 id=121 src=motion2 u=127.2 v=244.0 depth=5.0000 depth2=-1.0000 track=2 sf=9 flag=init_neg
[T2depth] t=16.1280 id=969 src=motion2 u=76.0 v=472.0 depth=5.0000 depth2=-1.0000 track=2 sf=9 flag=init_neg
[T2depth] t=16.1280 id=973 src=motion2 u=278.0 v=192.0 depth=5.0000 depth2=-1.0000 track=2 sf=9 flag=init_neg
[T2xcross] t=16.1280 id=974 est=20.0636 svd=0.1598 rel=0.9920 track=2 sf=9
[T2depth] t=16.1280 id=976 src=motion2 u=227.0 v=185.0 depth=0.2609 depth2=-1.0000 track=2 sf=9 flag=ok
[T2depth] t=16.1280 id=979 src=motion2 u=505.0 v=145.0 depth=5.0000 depth2=-1.0000 track=2 sf=9 flag=init_neg
[T2xcross] t=16.1280 id=982 est=3.8962 svd=0.0518 rel=0.9867 track=2 sf=9
[T2depth] t=16.1280 id=985 src=stereo u=355.3 v=206.8 depth=4.5004 depth2=-1.0000 track=1 sf=10 flag=ok
[T2depth] t=16.1280 id=992 src=stereo u=389.0 v=53.0 depth=3.6838 depth2=-1.0000 track=1 sf=10 flag=ok
[T2gate] t=16.1280 tri=58 rej=0 xrej=0 init_replace=4 gate=0
[T2slv] t=16.1280 phase=1 init_cost=98.4373 final_cost=96.7561 iters=9 term=1 slv_ms=6.6
[T2diag] t=16.1280 P=[-0.0059 0.0074 -0.0004] V=[-0.0023 0.0044 0.0036] |Bas|=0.217393 |Bgs|=0.0011300 Bas=[-0.201084 -0.082612 0.000492] Bgs=[-0.0000928 0.0001400 0.0011174] tic0=[0.1200 0.0500 -0.0200] tic1=[0.1200 -0.0500 -0.0200] td=0.00000 track=141
[E2uls] flag=1 sh_t=16.164 new_t=16.164 dP=[0.0001 0.0027 -0.0003] |dP|=0.0028 first_dt=-1.0000
time: 16.128000, t: -0.005940 0.007409 -0.000422 q: 0.999925 0.003197 -0.011837 -0.000255 
[T2xcross] t=16.2280 id=985 est=4.5004 svd=0.0540 rel=0.9880 track=2 sf=9
[T2depth] t=16.2280 id=986 src=motion2 u=59.1 v=30.5 depth=0.1374 depth2=-1.0000 track=2 sf=9 flag=ok
[T2depth] t=16.2280 id=989 src=motion2 u=341.0 v=144.0 depth=0.0365 depth2=-1.0000 track=2 sf=9 flag=ok
[T2xcross] t=16.2280 id=992 est=3.6838 svd=0.0756 rel=0.9795 track=2 sf=9
[T2depth] t=16.2280 id=994 src=motion2 u=123.0 v=86.0 depth=0.5819 depth2=-1.0000 track=2 sf=9 flag=ok
[T2depth] t=16.2280 id=996 src=stereo u=390.1 v=146.3 depth=4.3044 depth2=-1.0000 track=1 sf=10 flag=ok
[T2depth] t=16.2280 id=1000 src=stereo u=74.8 v=143.1 depth=5.0000 depth2=-1.0000 track=1 sf=10 flag=init_neg
[T2depth] t=16.2280 id=1002 src=stereo u=505.0 v=63.0 depth=3.6423 depth2=-1.0000 track=1 sf=10 flag=ok
[T2depth] t=16.2280 id=1006 src=stereo u=479.0 v=240.0 depth=3.9521 depth2=-1.0000 track=1 sf=10 flag=ok
[T2gate] t=16.2280 tri=63 rej=0 xrej=0 init_replace=1 gate=0
[T2slv] t=16.2280 phase=1 init_cost=97.4954 final_cost=86.7151 iters=9 term=1 slv_ms=17.3
[T2diag] t=16.2280 P=[-0.0044 0.0054 -0.0003] V=[-0.0031 0.0034 -0.0004] |Bas|=0.227839 |Bgs|=0.0011655 Bas=[-0.210892 -0.086222 0.000937] Bgs=[-0.0000950 0.0001783 0.0011478] tic0=[0.1200 0.0500 -0.0200] tic1=[0.1200 -0.0500 -0.0200] td=0.00000 track=135
[E2uls] flag=1 sh_t=16.268 new_t=16.268 dP=[-0.0021 0.0029 0.0002] |dP|=0.0035 first_dt=-1.0000
time: 16.228000, t: -0.004408 0.005446 -0.000336 q: 0.999919 0.003302 -0.012305 -0.000365 
[T2xcross] t=16.3280 id=883 est=5.0000 svd=0.6791 rel=0.8642 track=2 sf=9
[T2depth] t=16.3280 id=1005 src=motion2 u=190.0 v=94.0 depth=5.0000 depth2=-1.0000 track=2 sf=9 flag=init_neg
[T2xcross] t=16.3280 id=1006 est=3.9521 svd=0.2583 rel=0.9346 track=2 sf=9
[T2depth] t=16.3280 id=1008 src=motion2 u=209.0 v=18.0 depth=5.0000 depth2=-1.0000 track=2 sf=9 flag=init_neg
[T2depth] t=16.3280 id=1011 src=motion2 u=347.0 v=85.0 depth=5.0000 depth2=-1.0000 track=2 sf=9 flag=init_neg
[T2depth] t=16.3280 id=1014 src=stereo u=437.0 v=186.0 depth=3.8935 depth2=-1.0000 track=1 sf=10 flag=ok
[T2depth] t=16.3280 id=1017 src=stereo u=570.2 v=104.8 depth=30.1776 depth2=-1.0000 track=1 sf=10 flag=ok
[T2depth] t=16.3280 id=1025 src=stereo u=27.0 v=188.0 depth=5.0000 depth2=-1.0000 track=1 sf=10 flag=init_neg
[T2depth] t=16.3280 id=1028 src=stereo u=254.0 v=38.0 depth=22.2007 depth2=-1.0000 track=1 sf=10 flag=ok
[T2depth] t=16.3280 id=1029 src=stereo u=212.0 v=176.0 depth=5.0000 depth2=-1.0000 track=1 sf=10 flag=init_neg
[T2depth] t=16.3280 id=1031 src=stereo u=125.0 v=188.0 depth=36.3386 depth2=-1.0000 track=1 sf=10 flag=ok
[T2depth] t=16.3280 id=1032 src=stereo u=529.0 v=119.0 depth=3.7880 depth2=-1.0000 track=1 sf=10 flag=ok
[T2depth] t=16.3280 id=1033 src=stereo u=518.0 v=34.0 depth=3.7585 depth2=-1.0000 track=1 sf=10 flag=ok
[T2depth] t=16.3280 id=1034 src=stereo u=143.0 v=34.0 depth=5.0000 depth2=-1.0000 track=1 sf=10 flag=init_neg
[T2depth] t=16.3280 id=1035 src=stereo u=535.0 v=199.0 depth=3.6949 depth2=-1.0000 track=1 sf=10 flag=ok
[T2gate] t=16.3280 tri=68 rej=0 xrej=0 init_replace=6 gate=0
[T2slv] t=16.3280 phase=1 init_cost=87.7791 final_cost=86.8 iters=9 term=1 slv_ms=7.5
[T2diag] t=16.3280 P=[-0.0050 0.0058 -0.0005] V=[-0.0047 0.0054 -0.0015] |Bas|=0.231816 |Bgs|=0.0011643 Bas=[-0.214697 -0.087423 0.001138] Bgs=[-0.0000976 0.0001781 0.0011465] tic0=[0.1200 0.0500 -0.0200] tic1=[0.1200 -0.0500 -0.0200] td=0.00000 track=134
[E2uls] flag=1 sh_t=16.364 new_t=16.364 dP=[0.0001 0.0005 0.0000] |dP|=0.0005 first_dt=-1.0000
time: 16.328000, t: -0.004990 0.005758 -0.000515 q: 0.999914 0.003428 -0.012634 -0.000457 
[T2depth] t=16.4280 id=1012 src=motion2 u=591.5 v=205.9 depth=5.0000 depth2=-1.0000 track=2 sf=9 flag=init_neg
[T2xcross] t=16.4280 id=1014 est=3.8935 svd=0.0794 rel=0.9796 track=2 sf=9
[T2depth] t=16.4280 id=1019 src=motion2 u=94.8 v=168.7 depth=5.0000 depth2=-1.0000 track=2 sf=9 flag=init_neg
[T2depth] t=16.4280 id=1026 src=motion2 u=495.0 v=160.0 depth=0.0823 depth2=-1.0000 track=2 sf=9 flag=ok
[T2xcross] t=16.4280 id=1028 est=22.2007 svd=0.0826 rel=0.9963 track=2 sf=9
[T2depth] t=16.4280 id=1030 src=motion2 u=53.0 v=108.0 depth=5.0000 depth2=-1.0000 track=2 sf=9 flag=init_neg
[T2depth] t=16.4280 id=1038 src=stereo u=276.9 v=78.3 depth=5.0000 depth2=-1.0000 track=1 sf=10 flag=init_neg
[T2depth] t=16.4280 id=1040 src=stereo u=498.8 v=32.4 depth=3.0751 depth2=-1.0000 track=1 sf=10 flag=ok
[T2depth] t=16.4280 id=1044 src=stereo u=40.0 v=162.0 depth=5.0000 depth2=-1.0000 track=1 sf=10 flag=init_neg
[T2gate] t=16.4280 tri=57 rej=0 xrej=0 init_replace=5 gate=0
[T2slv] t=16.4280 phase=1 init_cost=90.6719 final_cost=88.1864 iters=9 term=1 slv_ms=5.8
[T2diag] t=16.4280 P=[-0.0055 0.0054 -0.0006] V=[-0.0030 0.0036 -0.0022] |Bas|=0.236170 |Bgs|=0.0011471 Bas=[-0.218908 -0.088624 0.001137] Bgs=[-0.0000924 0.0001651 0.0011313] tic0=[0.1200 0.0500 -0.0200] tic1=[0.1200 -0.0500 -0.0200] td=0.00000 track=140
[E2uls] flag=1 sh_t=16.464 new_t=16.464 dP=[-0.0001 0.0015 -0.0003] |dP|=0.0015 first_dt=-1.0000
time: 16.428000, t: -0.005530 0.005444 -0.000617 q: 0.999910 0.003783 -0.012862 -0.000309 
[T2xcross] t=16.5000 id=1005 est=5.0000 svd=0.1027 rel=0.9795 track=2 sf=9
[T2xcross] t=16.5000 id=1026 est=0.0823 svd=0.0244 rel=0.7036 track=2 sf=9
[T2xcross] t=16.5000 id=1035 est=3.6949 svd=0.0516 rel=0.9860 track=2 sf=9
[T2xcross] t=16.5000 id=1038 est=5.0000 svd=0.0309 rel=0.9938 track=2 sf=9
[T2depth] t=16.5000 id=1039 src=motion2 u=572.4 v=161.0 depth=5.0000 depth2=-1.0000 track=2 sf=9 flag=init_neg
[T2depth] t=16.5000 id=1041 src=motion2 u=280.5 v=153.9 depth=5.0000 depth2=-1.0000 track=2 sf=9 flag=init_neg
[T2depth] t=16.5000 id=1043 src=motion2 u=269.0 v=208.0 depth=5.0000 depth2=-1.0000 track=2 sf=9 flag=init_neg
[T2depth] t=16.5000 id=1046 src=motion2 u=405.0 v=116.0 depth=5.0000 depth2=-1.0000 track=2 sf=9 flag=init_neg
[T2depth] t=16.5000 id=1047 src=stereo u=36.6 v=63.4 depth=5.0000 depth2=-1.0000 track=1 sf=10 flag=init_neg
[T2depth] t=16.5000 id=1051 src=stereo u=105.8 v=50.5 depth=5.0000 depth2=-1.0000 track=1 sf=10 flag=init_neg
[T2gate] t=16.5000 tri=57 rej=0 xrej=0 init_replace=6 gate=0
[T2slv] t=16.5000 phase=1 init_cost=90.2719 final_cost=88.6225 iters=9 term=1 slv_ms=10.2
[T2diag] t=16.5000 P=[-0.0048 0.0055 -0.0006] V=[-0.0017 0.0047 -0.0034] |Bas|=0.241886 |Bgs|=0.0011427 Bas=[-0.224602 -0.089782 0.001366] Bgs=[-0.0000706 0.0001267 0.0011335] tic0=[0.1200 0.0500 -0.0200] tic1=[0.1200 -0.0500 -0.0200] td=0.00000 track=141
[E2uls] flag=1 sh_t=16.536 new_t=16.536 dP=[-0.0010 0.0001 -0.0001] |dP|=0.0010 first_dt=-1.0000
time: 16.500000, t: -0.004830 0.005547 -0.000634 q: 0.999906 0.003718 -0.013232 -0.000255 
[T2xcross] t=16.6280 id=93 est=5.0000 svd=1.2410 rel=0.7518 track=2 sf=9
[T2xcross] t=16.6280 id=980 est=5.0000 svd=0.5588 rel=0.8882 track=2 sf=9
[T2xcross] t=16.6280 id=1019 est=5.0000 svd=0.1209 rel=0.9758 track=2 sf=9
[T2xcross] t=16.6280 id=1047 est=5.0000 svd=0.1094 rel=0.9781 track=2 sf=9
[T2depth] t=16.6280 id=1049 src=motion2 u=539.8 v=132.6 depth=0.0461 depth2=-1.0000 track=2 sf=9 flag=ok
[T2depth] t=16.6280 id=1053 src=motion2 u=444.0 v=140.0 depth=0.0977 depth2=-1.0000 track=2 sf=9 flag=ok
[T2depth] t=16.6280 id=1055 src=motion2 u=184.0 v=31.0 depth=0.0833 depth2=-1.0000 track=2 sf=9 flag=ok
[T2depth] t=16.6280 id=1056 src=stereo u=622.4 v=168.4 depth=29.1391 depth2=-1.0000 track=1 sf=10 flag=ok
[T2depth] t=16.6280 id=1063 src=stereo u=377.0 v=191.0 depth=3.6329 depth2=-1.0000 track=1 sf=10 flag=ok
[T2depth] t=16.6280 id=1066 src=stereo u=389.0 v=42.0 depth=4.1404 depth2=-1.0000 track=1 sf=10 flag=ok
[T2gate] t=16.6280 tri=58 rej=0 xrej=0 init_replace=0 gate=0
[T2slv] t=16.6280 phase=1 init_cost=128.267 final_cost=97.37 iters=9 term=1 slv_ms=12.0
[T2diag] t=16.6280 P=[-0.0060 0.0044 -0.0008] V=[0.0001 0.0014 -0.0032] |Bas|=0.246201 |Bgs|=0.0010395 Bas=[-0.228799 -0.090906 0.001396] Bgs=[-0.0000679 0.0000914 0.0010332] tic0=[0.1200 0.0500 -0.0200] tic1=[0.1200 -0.0500 -0.0200] td=0.00000 track=140
[E2uls] flag=1 sh_t=16.664 new_t=16.664 dP=[0.0010 0.0019 -0.0003] |dP|=0.0022 first_dt=-1.0000
time: 16.628000, t: -0.005987 0.004367 -0.000769 q: 0.999901 0.004033 -0.013499 -0.000120 
[T2depth] t=16.7280 id=1057 src=motion2 u=216.0 v=69.4 depth=0.0640 depth2=-1.0000 track=2 sf=9 flag=ok
[T2depth] t=16.7280 id=1058 src=motion2 u=492.2 v=122.7 depth=5.0000 depth2=-1.0000 track=2 sf=9 flag=init_neg
[T2depth] t=16.7280 id=1062 src=motion2 u=571.0 v=273.0 depth=0.3699 depth2=-1.0000 track=2 sf=9 flag=ok
[T2depth] t=16.7280 id=1064 src=motion2 u=118.0 v=76.0 depth=0.0158 depth2=-1.0000 track=2 sf=9 flag=ok
[T2depth] t=16.7280 id=1065 src=motion2 u=415.0 v=16.0 depth=0.0068 depth2=-1.0000 track=2 sf=9 flag=ok
[T2xcross] t=16.7280 id=1066 est=4.1404 svd=0.0931 rel=0.9775 track=2 sf=9
[T2depth] t=16.7280 id=1069 src=stereo u=507.6 v=178.4 depth=3.2929 depth2=-1.0000 track=1 sf=10 flag=ok
[T2depth] t=16.7280 id=1071 src=stereo u=444.0 v=191.0 depth=3.8959 depth2=-1.0000 track=1 sf=10 flag=ok
[T2depth] t=16.7280 id=1075 src=stereo u=540.0 v=83.0 depth=3.3640 depth2=-1.0000 track=1 sf=10 flag=ok
[T2gate] t=16.7280 tri=77 rej=0 xrej=0 init_replace=1 gate=0
[T2slv] t=16.7280 phase=1 init_cost=141.331 final_cost=91.9558 iters=9 term=1 slv_ms=8.0
[T2diag] t=16.7280 P=[-0.0045 0.0094 -0.0011] V=[0.0026 0.0096 -0.0043] |Bas|=0.248970 |Bgs|=0.0011889 Bas=[-0.231911 -0.090558 0.001683] Bgs=[-0.0000050 0.0000313 0.0011885] tic0=[0.1200 0.0500 -0.0200] tic1=[0.1200 -0.0500 -0.0200] td=0.00000 track=121
[E2uls] flag=1 sh_t=16.752 new_t=16.752 dP=[-0.0013 -0.0049 0.0000] |dP|=0.0051 first_dt=-1.0000
time: 16.728000, t: -0.004549 0.009415 -0.001072 q: 0.999897 0.003917 -0.013795 -0.000787 
[T2depth] t=16.8280 id=10 src=motion2 u=352.0 v=346.3 depth=4.0670 depth2=-1.0000 track=2 sf=9 flag=ok
[T2depth] t=16.8280 id=28 src=motion2 u=480.6 v=387.3 depth=3.2553 depth2=-1.0000 track=2 sf=9 flag=ok
[T2depth] t=16.8280 id=31 src=motion2 u=350.5 v=406.4 depth=3.8537 depth2=-1.0000 track=2 sf=9 flag=ok
[T2depth] t=16.8280 id=33 src=motion2 u=433.8 v=407.3 depth=5.0173 depth2=-1.0000 track=2 sf=9 flag=ok
[T2depth] t=16.8280 id=35 src=motion2 u=225.5 v=468.6 depth=4.5668 depth2=-1.0000 track=2 sf=9 flag=ok
[T2depth] t=16.8280 id=38 src=motion2 u=447.0 v=334.2 depth=4.5330 depth2=-1.0000 track=2 sf=9 flag=ok
[T2depth] t=16.8280 id=41 src=motion2 u=614.3 v=451.6 depth=3.6407 depth2=-1.0000 track=2 sf=9 flag=ok
[T2depth] t=16.8280 id=43 src=motion2 u=309.1 v=428.3 depth=4.2231 depth2=-1.0000 track=2 sf=9 flag=ok
[T2depth] t=16.8280 id=44 src=motion2 u=511.2 v=438.6 depth=3.0360 depth2=-1.0000 track=2 sf=9 flag=ok
[T2depth] t=16.8280 id=53 src=motion2 u=385.4 v=433.4 depth=4.7294 depth2=-1.0000 track=2 sf=9 flag=ok
[T2depth] t=16.8280 id=71 src=motion2 u=477.7 v=475.3 depth=3.2605 depth2=-1.0000 track=2 sf=9 flag=ok
[T2depth] t=16.8280 id=75 src=motion2 u=435.6 v=454.9 depth=4.4659 depth2=-1.0000 track=2 sf=9 flag=ok
[T2depth] t=16.8280 id=81 src=motion2 u=282.6 v=476.3 depth=8.9710 depth2=-1.0000 track=2 sf=9 flag=ok
[T2depth] t=16.8280 id=82 src=motion2 u=340.9 v=436.6 depth=3.6953 depth2=-1.0000 track=2 sf=9 flag=ok
[T2depth] t=16.8280 id=98 src=motion2 u=542.7 v=285.0 depth=3.7925 depth2=-1.0000 track=2 sf=9 flag=ok
[T2depth] t=16.8280 id=151 src=motion2 u=630.8 v=478.4 depth=3.8932 depth2=-1.0000 track=2 sf=9 flag=ok
[T2depth] t=16.8280 id=207 src=motion2 u=528.0 v=381.3 depth=5.1838 depth2=-1.0000 track=2 sf=9 flag=ok
[T2depth] t=16.8280 id=343 src=motion2 u=508.2 v=476.4 depth=4.4841 depth2=-1.0000 track=2 sf=9 flag=ok
[T2depth] t=16.8280 id=755 src=motion2 u=319.0 v=396.2 depth=3.3983 depth2=-1.0000 track=2 sf=9 flag=ok
[T2depth] t=16.8280 id=1072 src=motion2 u=14.0 v=116.0 depth=0.1236 depth2=-1.0000 track=2 sf=9 flag=ok
[T2depth] t=16.8280 id=1073 src=motion2 u=84.0 v=85.0 depth=5.0000 depth2=-1.0000 track=2 sf=9 flag=init_neg
[T2depth] t=16.8280 id=1074 src=motion2 u=318.0 v=39.0 depth=0.2291 depth2=-1.0000 track=2 sf=9 flag=ok
[T2depth] t=16.8280 id=1076 src=motion2 u=295.0 v=103.0 depth=0.2465 depth2=-1.0000 track=2 sf=9 flag=ok
[T2depth] t=16.8280 id=1077 src=motion2 u=127.0 v=15.0 depth=5.0000 depth2=-1.0000 track=2 sf=9 flag=init_neg
[T2depth] t=16.8280 id=1084 src=stereo u=323.0 v=87.0 depth=5.0000 depth2=-1.0000 track=1 sf=10 flag=init_neg
[T2gate] t=16.8280 tri=74 rej=0 xrej=0 init_replace=3 gate=0
[T2slv] t=16.8280 phase=1 init_cost=94.0029 final_cost=92.5034 iters=9 term=1 slv_ms=8.7
[T2diag] t=16.8280 P=[-0.0054 0.0096 -0.0013] V=[-0.0045 0.0076 -0.0037] |Bas|=0.253811 |Bgs|=0.0011632 Bas=[-0.237240 -0.090196 0.001535] Bgs=[-0.0000165 -0.0000124 0.0011630] tic0=[0.1200 0.0500 -0.0200] tic1=[0.1200 -0.0500 -0.0200] td=0.00000 track=143
[E2uls] flag=1 sh_t=16.864 new_t=16.864 dP=[0.0004 0.0015 -0.0005] |dP|=0.0017 first_dt=-1.0000
time: 16.828000, t: -0.005392 0.009631 -0.001258 q: 0.999893 0.003910 -0.014056 -0.000794 
[T2xcross] t=16.9280 id=1065 est=0.0068 svd=0.0839 rel=0.9190 track=2 sf=9
[T2xcross] t=16.9280 id=38 est=4.5330 svd=0.8657 rel=0.8090 track=2 sf=9
[T2xcross] t=16.9280 id=1069 est=3.2929 svd=0.2276 rel=0.9309 track=2 sf=9
[T2depth] t=16.9280 id=1079 src=motion2 u=19.5 v=193.5 depth=0.0730 depth2=-1.0000 track=2 sf=9 flag=ok
[T2depth] t=16.9280 id=1082 src=motion2 u=128.1 v=130.6 depth=5.0000 depth2=-1.0000 track=2 sf=9 flag=init_neg
[T2depth] t=16.9280 id=1089 src=stereo u=237.9 v=18.5 depth=34.3109 depth2=-1.0000 track=1 sf=10 flag=ok
[T2depth] t=16.9280 id=1094 src=stereo u=80.0 v=125.0 depth=39.4303 depth2=-1.0000 track=1 sf=10 flag=ok
[T2depth] t=16.9280 id=1099 src=stereo u=200.0 v=47.0 depth=36.8208 depth2=-1.0000 track=1 sf=10 flag=ok
[T2gate] t=16.9280 tri=60 rej=0 xrej=0 init_replace=1 gate=0
[T2slv] t=16.9280 phase=1 init_cost=95.6057 final_cost=93.9471 iters=9 term=1 slv_ms=12.1
[T2diag] t=16.9280 P=[-0.0039 0.0090 -0.0011] V=[-0.0018 0.0073 -0.0018] |Bas|=0.261014 |Bgs|=0.0011097 Bas=[-0.245011 -0.089973 0.001694] Bgs=[-0.0000047 -0.0000511 0.0011085] tic0=[0.1200 0.0500 -0.0200] tic1=[0.1200 -0.0500 -0.0200] td=0.00000 track=137
[E2uls] flag=1 sh_t=16.960 new_t=16.960 dP=[-0.0021 0.0014 -0.0005] |dP|=0.0026 first_dt=-1.0000
time: 16.928000, t: -0.003904 0.009041 -0.001121 q: 0.999888 0.003850 -0.014432 -0.000896 
[T2xcross] t=17.0280 id=1053 est=0.0977 svd=0.0593 rel=0.3931 track=2 sf=9
[T2depth] t=17.0280 id=1088 src=motion2 u=477.8 v=76.8 depth=5.0000 depth2=-1.0000 track=2 sf=9 flag=init_neg
[T2depth] t=17.0280 id=1090 src=motion2 u=593.8 v=116.8 depth=0.0533 depth2=-1.0000 track=2 sf=9 flag=ok
[T2depth] t=17.0280 id=1096 src=motion2 u=156.0 v=78.0 depth=5.0000 depth2=-1.0000 track=2 sf=9 flag=init_neg
[T2depth] t=17.0280 id=1100 src=motion2 u=94.0 v=159.0 depth=5.0000 depth2=-1.0000 track=2 sf=9 flag=init_neg
[T2depth] t=17.0280 id=1111 src=stereo u=417.0 v=56.0 depth=4.4262 depth2=-1.0000 track=1 sf=10 flag=ok
[T2depth] t=17.0280 id=1113 src=stereo u=471.0 v=202.0 depth=3.3842 depth2=-1.0000 track=1 sf=10 flag=ok
[T2depth] t=17.0280 id=1115 src=stereo u=528.0 v=67.0 depth=4.1251 depth2=-1.0000 track=1 sf=10 flag=ok
[T2gate] t=17.0280 tri=63 rej=0 xrej=0 init_replace=3 gate=0
[T2slv] t=17.0280 phase=1 init_cost=96.4217 final_cost=95.4602 iters=5 term=0 slv_ms=8.2
[T2diag] t=17.0280 P=[-0.0035 0.0095 -0.0011] V=[0.0005 0.0064 0.0020] |Bas|=0.264531 |Bgs|=0.0010979 Bas=[-0.248878 -0.089625 0.001833] Bgs=[-0.0000137 -0.0000591 0.0010962] tic0=[0.1200 0.0500 -0.0200] tic1=[0.1200 -0.0500 -0.0200] td=0.00000 track=138
[E2uls] flag=1 sh_t=17.060 new_t=17.060 dP=[-0.0003 0.0009 0.0001] |dP|=0.0010 first_dt=-1.0000
time: 17.028000, t: -0.003531 0.009522 -0.001117 q: 0.999885 0.003985 -0.014623 -0.000877 
[T2depth] t=17.1280 id=1102 src=motion2 u=397.4 v=205.8 depth=5.0000 depth2=-1.0000 track=2 sf=9 flag=init_neg
[T2depth] t=17.1280 id=1109 src=motion2 u=612.0 v=53.0 depth=5.0000 depth2=-1.0000 track=2 sf=9 flag=init_neg
[T2depth] t=17.1280 id=1110 src=motion2 u=293.0 v=19.0 depth=0.0932 depth2=-1.0000 track=2 sf=9 flag=ok
[T2xcross] t=17.1280 id=1113 est=3.3842 svd=0.0979 rel=0.9711 track=2 sf=9
[T2depth] t=17.1280 id=1120 src=stereo u=267.9 v=159.7 depth=40.5080 depth2=-1.0000 track=1 sf=10 flag=ok
[T2depth] t=17.1280 id=1121 src=stereo u=310.5 v=67.0 depth=18.3344 depth2=-1.0000 track=1 sf=10 flag=ok
[T2depth] t=17.1280 id=1132 src=stereo u=523.0 v=113.0 depth=3.3888 depth2=-1.0000 track=1 sf=10 flag=ok
[T2gate] t=17.1280 tri=65 rej=0 xrej=0 init_replace=2 gate=0
[T2slv] t=17.1280 phase=1 init_cost=96.8125 final_cost=95.8629 iters=5 term=0 slv_ms=8.8
[T2diag] t=17.1280 P=[-0.0039 0.0100 -0.0012] V=[-0.0022 0.0080 -0.0017] |Bas|=0.266606 |Bgs|=0.0010905 Bas=[-0.251344 -0.088885 0.002082] Bgs=[0.0000069 -0.0000763 0.0010878] tic0=[0.1200 0.0500 -0.0200] tic1=[0.1200 -0.0500 -0.0200] td=0.00000 track=135
[E2uls] flag=1 sh_t=17.160 new_t=17.160 dP=[0.0003 0.0001 0.0001] |dP|=0.0003 first_dt=-1.0000
time: 17.128000, t: -0.003894 0.010028 -0.001152 q: 0.999883 0.003709 -0.014804 -0.001118 
[T2xcross] t=17.2280 id=1100 est=5.0000 svd=0.1775 rel=0.9645 track=2 sf=9
[T2depth] t=17.2280 id=1117 src=motion2 u=467.0 v=445.9 depth=2.0340 depth2=-1.0000 track=2 sf=9 flag=ok
[T2depth] t=17.2280 id=1118 src=motion2 u=438.0 v=207.9 depth=0.1640 depth2=-1.0000 track=2 sf=9 flag=ok
[T2depth] t=17.2280 id=1119 src=motion2 u=347.0 v=13.3 depth=5.0000 depth2=-1.0000 track=2 sf=9 flag=init_neg
[T2xcross] t=17.2280 id=1120 est=40.5080 svd=0.0513 rel=0.9987 track=2 sf=9
[T2depth] t=17.2280 id=1122 src=motion2 u=90.1 v=102.6 depth=5.0000 depth2=-1.0000 track=2 sf=9 flag=init_neg
[T2depth] t=17.2280 id=1125 src=motion2 u=563.0 v=153.0 depth=5.0000 depth2=-1.0000 track=2 sf=9 flag=init_neg
[T2depth] t=17.2280 id=1126 src=motion2 u=183.0 v=85.0 depth=0.3792 depth2=-1.0000 track=2 sf=9 flag=ok
[T2depth] t=17.2280 id=1127 src=motion2 u=78.0 v=50.0 depth=5.0000 depth2=-1.0000 track=2 sf=9 flag=init_neg
[T2depth] t=17.2280 id=1128 src=motion2 u=140.0 v=205.0 depth=0.2422 depth2=-1.0000 track=2 sf=9 flag=ok
[T2depth] t=17.2280 id=1129 src=motion2 u=338.0 v=121.0 depth=5.0000 depth2=-1.0000 track=2 sf=9 flag=init_neg
[T2depth] t=17.2280 id=1130 src=motion2 u=208.0 v=159.0 depth=5.0000 depth2=-1.0000 track=2 sf=9 flag=init_neg
[T2depth] t=17.2280 id=1131 src=motion2 u=52.0 v=21.0 depth=0.2726 depth2=-1.0000 track=2 sf=9 flag=ok
[T2depth] t=17.2280 id=1133 src=stereo u=52.7 v=103.2 depth=34.9063 depth2=-1.0000 track=1 sf=10 flag=ok
[T2depth] t=17.2280 id=1135 src=stereo u=446.0 v=64.0 depth=3.8498 depth2=-1.0000 track=1 sf=10 flag=ok
[T2gate] t=17.2280 tri=58 rej=0 xrej=0 init_replace=6 gate=0
[T2slv] t=17.2280 phase=1 init_cost=130.837 final_cost=101.803 iters=9 term=1 slv_ms=13.3
[T2diag] t=17.2280 P=[-0.0056 0.0151 -0.0042] V=[-0.0065 0.0093 -0.0053] |Bas|=0.270248 |Bgs|=0.0011453 Bas=[-0.255613 -0.087696 0.002328] Bgs=[0.0000116 -0.0000231 0.0011450] tic0=[0.1200 0.0500 -0.0200] tic1=[0.1200 -0.0500 -0.0200] td=0.00000 track=145
[E2uls] flag=1 sh_t=17.264 new_t=17.264 dP=[0.0017 -0.0043 0.0027] |dP|=0.0053 first_dt=-1.0000
time: 17.228000, t: -0.005624 0.015088 -0.004209 q: 0.999874 0.003558 -0.015412 -0.001288 
[T2xcross] t=17.3280 id=1119 est=5.0000 svd=0.1485 rel=0.9703 track=2 sf=9
[T2depth] t=17.3280 id=1136 src=motion2 u=88.0 v=243.0 depth=5.0000 depth2=-1.0000 track=2 sf=9 flag=init_neg
[T2depth] t=17.3280 id=1140 src=stereo u=208.1 v=57.2 depth=5.0000 depth2=-1.0000 track=1 sf=10 flag=init_neg
[T2depth] t=17.3280 id=1150 src=stereo u=114.0 v=213.0 depth=28.1586 depth2=-1.0000 track=1 sf=10 flag=ok
[T2gate] t=17.3280 tri=56 rej=0 xrej=0 init_replace=2 gate=0
[T2slv] t=17.3280 phase=1 init_cost=103.408 final_cost=102.459 iters=5 term=0 slv_ms=10.1
[T2diag] t=17.3280 P=[-0.0047 0.0151 -0.0045] V=[-0.0042 0.0017 -0.0044] |Bas|=0.272709 |Bgs|=0.0011709 Bas=[-0.258256 -0.087573 0.002250] Bgs=[-0.0000180 -0.0000523 0.0011696] tic0=[0.1200 0.0500 -0.0200] tic1=[0.1200 -0.0500 -0.0200] td=0.00000 track=138
[E2uls] flag=1 sh_t=17.364 new_t=17.364 dP=[-0.0018 0.0012 -0.0004] |dP|=0.0021 first_dt=-1.0000
time: 17.328000, t: -0.004673 0.015063 -0.004479 q: 0.999872 0.003626 -0.015551 -0.001333 
[T2xcross] t=17.4320 id=1111 est=4.4262 svd=0.0053 rel=0.9988 track=2 sf=9
[T2xcross] t=17.4320 id=1118 est=0.1640 svd=0.0475 rel=0.7101 track=2 sf=9
[T2xcross] t=17.4320 id=1125 est=5.0000 svd=0.0726 rel=0.9855 track=2 sf=9
[T2depth] t=17.4320 id=1138 src=motion2 u=218.2 v=117.6 depth=5.0000 depth2=-1.0000 track=2 sf=9 flag=init_neg
[T2depth] t=17.4320 id=1142 src=motion2 u=120.3 v=143.8 depth=0.0790 depth2=-1.0000 track=2 sf=9 flag=ok
[T2depth] t=17.4320 id=1144 src=motion2 u=543.4 v=60.3 depth=0.0617 depth2=-1.0000 track=2 sf=9 flag=ok
[T2depth] t=17.4320 id=1148 src=motion2 u=508.0 v=16.0 depth=5.0000 depth2=-1.0000 track=2 sf=9 flag=init_neg
[T2depth] t=17.4320 id=1149 src=motion2 u=241.0 v=81.0 depth=5.0000 depth2=-1.0000 track=2 sf=9 flag=init_neg
[T2depth] t=17.4320 id=1152 src=motion2 u=628.0 v=113.0 depth=5.0000 depth2=-1.0000 track=2 sf=9 flag=init_neg
[T2depth] t=17.4320 id=1154 src=motion2 u=414.0 v=141.0 depth=0.1103 depth2=-1.0000 track=2 sf=9 flag=ok
[T2depth] t=17.4320 id=1155 src=stereo u=599.3 v=88.1 depth=5.0000 depth2=-1.0000 track=1 sf=10 flag=init_neg
[T2gate] t=17.4320 tri=57 rej=0 xrej=0 init_replace=5 gate=0
[T2slv] t=17.4320 phase=1 init_cost=105.341 final_cost=103.545 iters=9 term=1 slv_ms=11.6
[T2diag] t=17.4320 P=[-0.0044 0.0143 -0.0045] V=[-0.0031 0.0027 -0.0018] |Bas|=0.274680 |Bgs|=0.0011551 Bas=[-0.260298 -0.087688 0.002232] Bgs=[-0.0000409 -0.0000719 0.0011521] tic0=[0.1200 0.0500 -0.0200] tic1=[0.1200 -0.0500 -0.0200] td=0.00000 track=144
[E2uls] flag=1 sh_t=17.460 new_t=17.460 dP=[-0.0008 0.0009 -0.0003] |dP|=0.0013 first_dt=-1.0000
time: 17.432000, t: -0.004439 0.014287 -0.004544 q: 0.999872 0.003424 -0.015584 -0.001231 
[T2xcross] t=17.5640 id=1135 est=3.8498 svd=0.4727 rel=0.8772 track=2 sf=9
[T2xcross] t=17.5640 id=1155 est=5.0000 svd=0.2159 rel=0.9568 track=2 sf=9
[T2depth] t=17.5640 id=1158 src=motion2 u=448.0 v=129.0 depth=0.2574 depth2=-1.0000 track=2 sf=9 flag=ok
[T2depth] t=17.5640 id=1159 src=motion2 u=194.0 v=92.0 depth=5.0000 depth2=-1.0000 track=2 sf=9 flag=init_neg
[T2depth] t=17.5640 id=1161 src=motion2 u=177.0 v=130.0 depth=5.0000 depth2=-1.0000 track=2 sf=9 flag=init_neg
[T2depth] t=17.5640 id=1162 src=stereo u=377.0 v=115.1 depth=3.9679 depth2=-1.0000 track=1 sf=10 flag=ok
[T2depth] t=17.5640 id=1169 src=stereo u=408.0 v=181.0 depth=4.0757 depth2=-1.0000 track=1 sf=10 flag=ok
[T2depth] t=17.5640 id=1170 src=stereo u=323.0 v=195.0 depth=38.3207 depth2=-1.0000 track=1 sf=10 flag=ok
[T2gate] t=17.5640 tri=53 rej=0 xrej=0 init_replace=2 gate=0
[T2slv] t=17.5640 phase=1 init_cost=105.071 final_cost=104.424 iters=6 term=0 slv_ms=8.9
[T2diag] t=17.5640 P=[-0.0048 0.0158 -0.0044] V=[-0.0038 0.0076 -0.0037] |Bas|=0.276033 |Bgs|=0.0011582 Bas=[-0.261737 -0.087651 0.002283] Bgs=[-0.0000418 -0.0000968 0.0011534] tic0=[0.1200 0.0500 -0.0200] tic1=[0.1200 -0.0500 -0.0200] td=0.00000 track=143
[E2uls] flag=1 sh_t=17.596 new_t=17.596 dP=[-0.0002 -0.0006 -0.0005] |dP|=0.0008 first_dt=-1.0000
time: 17.564000, t: -0.004819 0.015754 -0.004380 q: 0.999869 0.003539 -0.015733 -0.001464 
[T2xcross] t=17.6640 id=1149 est=5.0000 svd=0.1350 rel=0.9730 track=2 sf=9
[T2xcross] t=17.6640 id=1162 est=3.9679 svd=0.1576 rel=0.9603 track=2 sf=9
[T2depth] t=17.6640 id=1165 src=motion2 u=259.8 v=11.8 depth=0.0746 depth2=-1.0000 track=2 sf=9 flag=ok
[T2depth] t=17.6640 id=1167 src=motion2 u=509.0 v=202.0 depth=0.2205 depth2=-1.0000 track=2 sf=9 flag=ok
[T2xcross] t=17.6640 id=1169 est=4.0757 svd=0.1604 rel=0.9607 track=2 sf=9
[T2depth] t=17.6640 id=1173 src=stereo u=215.0 v=191.4 depth=19.6143 depth2=-1.0000 track=1 sf=10 flag=ok
[T2depth] t=17.6640 id=1176 src=stereo u=612.0 v=142.0 depth=41.5761 depth2=-1.0000 track=1 sf=10 flag=ok
[T2depth] t=17.6640 id=1183 src=stereo u=492.0 v=167.0 depth=4.1784 depth2=-1.0000 track=1 sf=10 flag=ok
[T2gate] t=17.6640 tri=56 rej=0 xrej=0 init_replace=0 gate=0
[T2slv] t=17.6640 phase=1 init_cost=107.646 final_cost=99.064 iters=8 term=0 slv_ms=12.6
[T2diag] t=17.6640 P=[-0.0018 0.0140 -0.0030] V=[0.0017 0.0028 -0.0057] |Bas|=0.277551 |Bgs|=0.0011764 Bas=[-0.264070 -0.085415 0.002346] Bgs=[-0.0000686 -0.0001803 0.0011604] tic0=[0.1200 0.0500 -0.0200] tic1=[0.1200 -0.0500 -0.0200] td=0.00000 track=139
[E2uls] flag=1 sh_t=17.700 new_t=17.700 dP=[-0.0037 0.0031 -0.0022] |dP|=0.0053 first_dt=-1.0000
time: 17.664000, t: -0.001779 0.013984 -0.002973 q: 0.999869 0.003417 -0.015721 -0.001579 
[T2xcross] t=17.7640 id=1142 est=0.0790 svd=0.3963 rel=0.8007 track=2 sf=9
[T2xcross] t=17.7640 id=1173 est=19.6143 svd=0.1234 rel=0.9937 track=2 sf=9
[T2depth] t=17.7640 id=1177 src=motion2 u=169.0 v=207.0 depth=5.0000 depth2=-1.0000 track=2 sf=9 flag=init_neg
[T2depth] t=17.7640 id=1180 src=motion2 u=162.0 v=42.0 depth=0.1426 depth2=-1.0000 track=2 sf=9 flag=ok
[T2depth] t=17.7640 id=1181 src=motion2 u=525.0 v=57.0 depth=5.0000 depth2=-1.0000 track=2 sf=9 flag=init_neg
[T2depth] t=17.7640 id=1182 src=motion2 u=325.0 v=120.0 depth=5.0000 depth2=-1.0000 track=2 sf=9 flag=init_neg
[T2depth] t=17.7640 id=1193 src=stereo u=514.0 v=173.0 depth=4.2475 depth2=-1.0000 track=1 sf=10 flag=ok
[T2depth] t=17.7640 id=1197 src=stereo u=28.0 v=215.0 depth=9.0984 depth2=-1.0000 track=1 sf=10 flag=ok
[T2depth] t=17.7640 id=1200 src=stereo u=458.0 v=102.0 depth=3.9306 depth2=-1.0000 track=1 sf=10 flag=ok
[T2gate] t=17.7640 tri=63 rej=0 xrej=0 init_replace=3 gate=0
[T2slv] t=17.7640 phase=1 init_cost=101.798 final_cost=100.354 iters=5 term=0 slv_ms=10.0
[T2diag] t=17.7640 P=[-0.0010 0.0146 -0.0026] V=[0.0022 0.0025 -0.0009] |Bas|=0.283116 |Bgs|=0.0011777 Bas=[-0.269720 -0.086045 0.001511] Bgs=[-0.0000549 -0.0001702 0.0011640] tic0=[0.1200 0.0500 -0.0200] tic1=[0.1200 -0.0500 -0.0200] td=0.00000 track=136
[E2uls] flag=1 sh_t=17.804 new_t=17.804 dP=[-0.0006 -0.0005 -0.0018] |dP|=0.0020 first_dt=-1.0000
time: 17.764000, t: -0.001009 0.014600 -0.002624 q: 0.999868 0.003532 -0.015776 -0.001677 
[T2xcross] t=17.8640 id=1180 est=0.1426 svd=0.1556 rel=0.0837 track=2 sf=9
[T2depth] t=17.8640 id=1187 src=motion2 u=24.7 v=141.8 depth=5.0000 depth2=-1.0000 track=2 sf=9 flag=init_neg
[T2depth] t=17.8640 id=1190 src=motion2 u=408.0 v=138.0 depth=0.0175 depth2=-1.0000 track=2 sf=9 flag=ok
[T2depth] t=17.8640 id=1191 src=motion2 u=596.0 v=126.0 depth=0.0539 depth2=-1.0000 track=2 sf=9 flag=ok
[T2depth] t=17.8640 id=1192 src=motion2 u=86.0 v=15.0 depth=0.0487 depth2=-1.0000 track=2 sf=9 flag=ok
[T2depth] t=17.8640 id=1194 src=motion2 u=93.0 v=110.0 depth=5.0000 depth2=-1.0000 track=2 sf=9 flag=init_neg
[T2xcross] t=17.8640 id=1197 est=9.0984 svd=0.0202 rel=0.9978 track=2 sf=9
[T2depth] t=17.8640 id=1198 src=motion2 u=130.0 v=182.0 depth=0.0593 depth2=-1.0000 track=2 sf=9 flag=ok
[T2depth] t=17.8640 id=1199 src=motion2 u=404.0 v=27.0 depth=0.1076 depth2=-1.0000 track=2 sf=9 flag=ok
[T2depth] t=17.8640 id=1201 src=stereo u=381.7 v=223.5 depth=3.7501 depth2=-1.0000 track=1 sf=10 flag=ok
[T2depth] t=17.8640 id=1204 src=stereo u=161.1 v=176.0 depth=5.0000 depth2=-1.0000 track=1 sf=10 flag=init_neg
[T2depth] t=17.8640 id=1206 src=stereo u=256.6 v=170.1 depth=34.5003 depth2=-1.0000 track=1 sf=10 flag=ok
[T2gate] t=17.8640 tri=62 rej=0 xrej=0 init_replace=3 gate=0
[T2slv] t=17.8640 phase=1 init_cost=99.7131 final_cost=97.8713 iters=5 term=0 slv_ms=5.9
[T2diag] t=17.8640 P=[-0.0014 0.0162 -0.0024] V=[-0.0007 0.0041 -0.0029] |Bas|=0.287735 |Bgs|=0.0011619 Bas=[-0.274235 -0.087082 0.001761] Bgs=[-0.0000387 -0.0001305 0.0011539] tic0=[0.1200 0.0500 -0.0200] tic1=[0.1200 -0.0500 -0.0200] td=0.00000 track=140
[E2uls] flag=1 sh_t=17.892 new_t=17.892 dP=[0.0007 -0.0013 -0.0004] |dP|=0.0015 first_dt=-1.0000
time: 17.864000, t: -0.001369 0.016175 -0.002443 q: 0.999866 0.003387 -0.015952 -0.001736 
[T2xcross] t=17.9640 id=1201 est=3.7501 svd=0.0381 rel=0.9898 track=2 sf=9
[T2depth] t=17.9640 id=1202 src=motion2 u=229.4 v=144.4 depth=0.0949 depth2=-1.0000 track=2 sf=9 flag=ok
[T2depth] t=17.9640 id=1203 src=motion2 u=328.1 v=142.7 depth=5.0000 depth2=-1.0000 track=2 sf=9 flag=init_neg
[T2depth] t=17.9640 id=1207 src=motion2 u=292.8 v=134.5 depth=5.0000 depth2=-1.0000 track=2 sf=9 flag=init_neg
[T2depth] t=17.9640 id=1208 src=motion2 u=39.6 v=87.9 depth=0.0373 depth2=-1.0000 track=2 sf=9 flag=ok
[T2depth] t=17.9640 id=1209 src=motion2 u=197.0 v=57.0 depth=5.0000 depth2=-1.0000 track=2 sf=9 flag=init_neg
[T2depth] t=17.9640 id=1211 src=motion2 u=170.0 v=208.0 depth=5.0000 depth2=-1.0000 track=2 sf=9 flag=init_neg
[T2gate] t=17.9640 tri=55 rej=0 xrej=0 init_replace=4 gate=0
[T2slv] t=17.9640 phase=1 init_cost=96.1881 final_cost=95.2287 iters=5 term=0 slv_ms=6.4
[T2diag] t=17.9640 P=[-0.0024 0.0177 -0.0027] V=[-0.0036 0.0032 -0.0070] |Bas|=0.290424 |Bgs|=0.0011570 Bas=[-0.276950 -0.087409 0.002143] Bgs=[-0.0000731 -0.0001059 0.0011499] tic0=[0.1200 0.0500 -0.0200] tic1=[0.1200 -0.0500 -0.0200] td=0.00000 track=143
[E2uls] flag=1 sh_t=17.992 new_t=17.992 dP=[0.0011 -0.0008 -0.0001] |dP|=0.0014 first_dt=-1.0000
time: 17.964000, t: -0.002416 0.017667 -0.002707 q: 0.999862 0.003308 -0.016190 -0.001783 
[T2xcross] t=18.0640 id=1181 est=5.0000 svd=0.2210 rel=0.9558 track=2 sf=9
[T2xcross] t=18.0640 id=1207 est=5.0000 svd=0.0058 rel=0.9988 track=2 sf=9
[T2depth] t=18.0640 id=1212 src=motion2 u=628.3 v=126.2 depth=5.0000 depth2=-1.0000 track=2 sf=9 flag=init_neg
[T2depth] t=18.0640 id=1217 src=motion2 u=299.0 v=165.0 depth=0.0669 depth2=-1.0000 track=2 sf=9 flag=ok
[T2depth] t=18.0640 id=1218 src=motion2 u=357.0 v=95.0 depth=5.0000 depth2=-1.0000 track=2 sf=9 flag=init_neg
[T2depth] t=18.0640 id=1220 src=stereo u=415.3 v=100.1 depth=3.4688 depth2=-1.0000 track=1 sf=10 flag=ok
[T2depth] t=18.0640 id=1221 src=stereo u=381.3 v=36.9 depth=3.4809 depth2=-1.0000 track=1 sf=10 flag=ok
[T2depth] t=18.0640 id=1229 src=stereo u=513.0 v=202.0 depth=3.7317 depth2=-1.0000 track=1 sf=10 flag=ok
[T2depth] t=18.0640 id=1230 src=stereo u=271.0 v=98.0 depth=29.4968 depth2=-1.0000 track=1 sf=10 flag=ok
[T2gate] t=18.0640 tri=58 rej=0 xrej=0 init_replace=2 gate=0
[T2slv] t=18.0640 phase=1 init_cost=101.206 final_cost=99.4847 iters=5 term=0 slv_ms=6.3
[T2diag] t=18.0640 P=[-0.0016 0.0178 -0.0026] V=[0.0003 0.0046 -0.0073] |Bas|=0.293671 |Bgs|=0.0011587 Bas=[-0.279946 -0.088712 0.001855] Bgs=[-0.0000792 -0.0001059 0.0011511] tic0=[0.1200 0.0500 -0.0200] tic1=[0.1200 -0.0500 -0.0200] td=0.00000 track=140
[E2uls] flag=1 sh_t=18.096 new_t=18.096 dP=[-0.0012 0.0000 -0.0014] |dP|=0.0018 first_dt=-1.0000
time: 18.064000, t: -0.001614 0.017762 -0.002557 q: 0.999861 0.003230 -0.016251 -0.002066 
[T2xcross] t=18.1640 id=1208 est=0.0373 svd=0.0548 rel=0.3191 track=2 sf=9
[T2xcross] t=18.1640 id=1220 est=3.4688 svd=0.0893 rel=0.9742 track=2 sf=9
[T2depth] t=18.1640 id=1223 src=motion2 u=471.7 v=181.8 depth=0.1177 depth2=-1.0000 track=2 sf=9 flag=ok
[T2depth] t=18.1640 id=1226 src=motion2 u=478.6 v=102.5 depth=0.0799 depth2=-1.0000 track=2 sf=9 flag=ok
[T2depth] t=18.1640 id=1227 src=motion2 u=294.0 v=43.0 depth=0.1276 depth2=-1.0000 track=2 sf=9 flag=ok
[T2depth] t=18.1640 id=1234 src=stereo u=373.1 v=12.9 depth=3.9805 depth2=-1.0000 track=1 sf=10 flag=ok
[T2depth] t=18.1640 id=1235 src=stereo u=375.0 v=47.5 depth=3.8292 depth2=-1.0000 track=1 sf=10 flag=ok
[T2depth] t=18.1640 id=1238 src=stereo u=567.5 v=160.0 depth=5.0000 depth2=-1.0000 track=1 sf=10 flag=init_neg
[T2depth] t=18.1640 id=1245 src=stereo u=395.0 v=208.0 depth=4.4269 depth2=-1.0000 track=1 sf=10 flag=ok
[T2gate] t=18.1640 tri=60 rej=0 xrej=0 init_replace=1 gate=0
[T2slv] t=18.1640 phase=1 init_cost=103.618 final_cost=102.109 iters=5 term=0 slv_ms=6.5
[T2diag] t=18.1640 P=[-0.0010 0.0171 -0.0026] V=[-0.0032 0.0004 -0.0079] |Bas|=0.295974 |Bgs|=0.0011457 Bas=[-0.282049 -0.089695 0.001992] Bgs=[-0.0001131 -0.0000995 0.0011358] tic0=[0.1200 0.0500 -0.0200] tic1=[0.1200 -0.0500 -0.0200] td=0.00000 track=137
[E2uls] flag=1 sh_t=18.196 new_t=18.196 dP=[-0.0007 0.0013 -0.0008] |dP|=0.0017 first_dt=-1.0000
time: 18.164000, t: -0.001001 0.017146 -0.002584 q: 0.999858 0.003196 -0.016389 -0.002112 
[T2depth] t=18.2640 id=1233 src=motion2 u=563.6 v=257.0 depth=5.0000 depth2=-1.0000 track=2 sf=9 flag=init_neg
[T2xcross] t=18.2640 id=1235 est=3.8292 svd=0.0687 rel=0.9820 track=2 sf=9
[T2depth] t=18.2640 id=1237 src=motion2 u=577.1 v=114.1 depth=5.0000 depth2=-1.0000 track=2 sf=9 flag=init_neg
[T2depth] t=18.2640 id=1239 src=motion2 u=334.0 v=61.0 depth=5.0000 depth2=-1.0000 track=2 sf=9 flag=init_neg
[T2depth] t=18.2640 id=1240 src=motion2 u=532.0 v=136.0 depth=0.1464 depth2=-1.0000 track=2 sf=9 flag=ok
[T2depth] t=18.2640 id=1244 src=motion2 u=218.0 v=185.0 depth=5.0000 depth2=-1.0000 track=2 sf=9 flag=init_neg
[T2xcross] t=18.2640 id=1245 est=4.4269 svd=0.2046 rel=0.9538 track=2 sf=9
[T2depth] t=18.2640 id=1249 src=stereo u=129.2 v=66.1 depth=30.4218 depth2=-1.0000 track=1 sf=10 flag=ok
[T2depth] t=18.2640 id=1252 src=stereo u=521.8 v=194.6 depth=3.9090 depth2=-1.0000 track=1 sf=10 flag=ok
[T2depth] t=18.2640 id=1253 src=stereo u=526.0 v=80.0 depth=3.5004 depth2=-1.0000 track=1 sf=10 flag=ok
[T2depth] t=18.2640 id=1261 src=stereo u=382.0 v=87.0 depth=4.1927 depth2=-1.0000 track=1 sf=10 flag=ok
[T2gate] t=18.2640 tri=63 rej=0 xrej=0 init_replace=4 gate=0
[T2slv] t=18.2640 phase=1 init_cost=126.496 final_cost=110.966 iters=9 term=1 slv_ms=10.7
[T2diag] t=18.2640 P=[-0.0037 0.0188 -0.0037] V=[-0.0047 0.0029 -0.0077] |Bas|=0.300703 |Bgs|=0.0010660 Bas=[-0.285837 -0.093358 0.002062] Bgs=[-0.0001192 -0.0000629 0.0010575] tic0=[0.1200 0.0500 -0.0200] tic1=[0.1200 -0.0500 -0.0200] td=0.00000 track=137
[E2uls] flag=1 sh_t=18.296 new_t=18.296 dP=[0.0025 -0.0016 0.0001] |dP|=0.0029 first_dt=-1.0000
time: 18.264000, t: -0.003688 0.018778 -0.003702 q: 0.999853 0.003402 -0.016695 -0.001946 
[T2depth] t=18.3640 id=1246 src=motion2 u=73.5 v=207.8 depth=5.0000 depth2=-1.0000 track=2 sf=9 flag=init_neg
[T2depth] t=18.3640 id=1250 src=motion2 u=82.4 v=113.5 depth=5.0000 depth2=-1.0000 track=2 sf=9 flag=init_neg
[T2xcross] t=18.3640 id=1252 est=3.9090 svd=0.1393 rel=0.9644 track=2 sf=9
[T2xcross] t=18.3640 id=1253 est=3.5004 svd=0.0518 rel=0.9852 track=2 sf=9
[T2depth] t=18.3640 id=1256 src=motion2 u=632.0 v=184.0 depth=0.7841 depth2=-1.0000 track=2 sf=9 flag=ok
[T2depth] t=18.3640 id=1257 src=motion2 u=180.0 v=28.0 depth=0.1783 depth2=-1.0000 track=2 sf=9 flag=ok
[T2depth] t=18.3640 id=1259 src=motion2 u=93.0 v=41.0 depth=5.0000 depth2=-1.0000 track=2 sf=9 flag=init_neg
[T2xcross] t=18.3640 id=1261 est=4.1927 svd=0.0717 rel=0.9829 track=2 sf=9
[T2depth] t=18.3640 id=1264 src=stereo u=247.7 v=198.8 depth=5.0000 depth2=-1.0000 track=1 sf=10 flag=init_neg
[T2depth] t=18.3640 id=1268 src=stereo u=63.0 v=89.0 depth=27.1594 depth2=-1.0000 track=1 sf=10 flag=ok
[T2gate] t=18.3640 tri=60 rej=0 xrej=0 init_replace=4 gate=0
[T2slv] t=18.3640 phase=1 init_cost=107.98 final_cost=106.76 iters=5 term=0 slv_ms=8.7
[T2diag] t=18.3640 P=[-0.0035 0.0186 -0.0033] V=[-0.0042 0.0019 -0.0069] |Bas|=0.302972 |Bgs|=0.0010404 Bas=[-0.287678 -0.095021 0.002137] Bgs=[-0.0001180 -0.0000774 0.0010308] tic0=[0.1200 0.0500 -0.0200] tic1=[0.1200 -0.0500 -0.0200] td=0.00000 track=140
[E2uls] flag=1 sh_t=18.404 new_t=18.404 dP=[-0.0009 0.0010 -0.0015] |dP|=0.0020 first_dt=-1.0000
time: 18.364000, t: -0.003490 0.018620 -0.003287 q: 0.999851 0.003702 -0.016783 -0.001873 
[T2depth] t=18.4640 id=1263 src=motion2 u=223.9 v=124.3 depth=5.0000 depth2=-1.0000 track=2 sf=9 flag=init_neg
[T2depth] t=18.4640 id=1267 src=motion2 u=25.0 v=160.0 depth=5.0000 depth2=-1.0000 track=2 sf=9 flag=init_neg
[T2depth] t=18.4640 id=1270 src=motion2 u=128.0 v=194.0 depth=0.1930 depth2=-1.0000 track=2 sf=9 flag=ok
[T2depth] t=18.4640 id=1271 src=motion2 u=561.0 v=54.0 depth=5.0000 depth2=-1.0000 track=2 sf=9 flag=init_neg
[T2depth] t=18.4640 id=1273 src=stereo u=28.3 v=61.8 depth=30.6084 depth2=-1.0000 track=1 sf=10 flag=ok
[T2depth] t=18.4640 id=1278 src=stereo u=491.3 v=110.6 depth=3.5881 depth2=-1.0000 track=1 sf=10 flag=ok
[T2depth] t=18.4640 id=1279 src=stereo u=74.6 v=161.5 depth=27.1496 depth2=-1.0000 track=1 sf=10 flag=ok
[T2depth] t=18.4640 id=1280 src=stereo u=246.0 v=173.0 depth=5.0000 depth2=-1.0000 track=1 sf=10 flag=init_neg
[T2gate] t=18.4640 tri=61 rej=0 xrej=0 init_replace=4 gate=0
[T2slv] t=18.4640 phase=1 init_cost=104.234 final_cost=94.1323 iters=5 term=0 slv_ms=5.9
[T2diag] t=18.4640 P=[-0.0028 0.0191 -0.0024] V=[-0.0025 0.0038 -0.0055] |Bas|=0.307454 |Bgs|=0.0010966 Bas=[-0.291909 -0.096505 0.001960] Bgs=[-0.0001020 -0.0000948 0.0010877] tic0=[0.1200 0.0500 -0.0200] tic1=[0.1200 -0.0500 -0.0200] td=0.00000 track=138
[E2uls] flag=1 sh_t=18.496 new_t=18.496 dP=[-0.0014 -0.0002 -0.0021] |dP|=0.0025 first_dt=-1.0000
time: 18.464000, t: -0.002758 0.019121 -0.002382 q: 0.999849 0.003592 -0.016853 -0.002187 
[T2xcross] t=18.5640 id=1263 est=5.0000 svd=0.0405 rel=0.9919 track=2 sf=9
[T2depth] t=18.5640 id=1272 src=motion2 u=353.0 v=376.0 depth=4.9405 depth2=-1.0000 track=2 sf=9 flag=ok
[T2depth] t=18.5640 id=1275 src=motion2 u=161.9 v=138.3 depth=0.1660 depth2=-1.0000 track=2 sf=9 flag=ok
[T2xcross] t=18.5640 id=1278 est=3.5881 svd=0.0646 rel=0.9820 track=2 sf=9
[T2depth] t=18.5640 id=1285 src=motion2 u=14.0 v=208.0 depth=5.0000 depth2=-1.0000 track=2 sf=9 flag=init_neg
[T2depth] t=18.5640 id=1287 src=stereo u=182.2 v=52.1 depth=24.0412 depth2=-1.0000 track=1 sf=10 flag=ok
[T2depth] t=18.5640 id=1289 src=stereo u=350.7 v=202.0 depth=0.9478 depth2=-1.0000 track=1 sf=10 flag=ok
[T2depth] t=18.5640 id=1290 src=stereo u=47.2 v=54.8 depth=38.3153 depth2=-1.0000 track=1 sf=10 flag=ok
[T2depth] t=18.5640 id=1293 src=stereo u=323.4 v=157.2 depth=38.7714 depth2=-1.0000 track=1 sf=10 flag=ok
[T2depth] t=18.5640 id=1295 src=stereo u=40.0 v=87.0 depth=31.3061 depth2=-1.0000 track=1 sf=10 flag=ok
[T2depth] t=18.5640 id=1300 src=stereo u=446.0 v=167.0 depth=3.8980 depth2=-1.0000 track=1 sf=10 flag=ok
[T2depth] t=18.5640 id=1301 src=stereo u=380.0 v=54.0 depth=4.2431 depth2=-1.0000 track=1 sf=10 flag=ok
[T2gate] t=18.5640 tri=63 rej=0 xrej=0 init_replace=1 gate=0
[T2slv] t=18.5640 phase=1 init_cost=97.4152 final_cost=96.4407 iters=5 term=0 slv_ms=7.0
[T2diag] t=18.5640 P=[-0.0029 0.0181 -0.0023] V=[-0.0037 -0.0004 -0.0062] |Bas|=0.309767 |Bgs|=0.0010656 Bas=[-0.294006 -0.097526 0.002117] Bgs=[-0.0001246 -0.0000944 0.0010541] tic0=[0.1200 0.0500 -0.0200] tic1=[0.1200 -0.0500 -0.0200] td=0.00000 track=136
[E2uls] flag=1 sh_t=18.596 new_t=18.596 dP=[-0.0002 0.0013 -0.0009] |dP|=0.0016 first_dt=-1.0000
time: 18.564000, t: -0.002949 0.018086 -0.002254 q: 0.999847 0.003557 -0.016968 -0.002194 
[T2depth] t=18.6640 id=1288 src=motion2 u=255.3 v=57.1 depth=5.0000 depth2=-1.0000 track=2 sf=9 flag=init_neg
[T2xcross] t=18.6640 id=1293 est=38.7714 svd=0.0554 rel=0.9986 track=2 sf=9
[T2depth] t=18.6640 id=1294 src=motion2 u=608.4 v=167.7 depth=5.0000 depth2=-1.0000 track=2 sf=9 flag=init_neg
[T2depth] t=18.6640 id=1296 src=motion2 u=86.0 v=37.0 depth=0.0338 depth2=-1.0000 track=2 sf=9 flag=ok
[T2depth] t=18.6640 id=1299 src=motion2 u=246.0 v=149.0 depth=5.0000 depth2=-1.0000 track=2 sf=9 flag=init_neg
[T2xcross] t=18.6640 id=1300 est=3.8980 svd=0.1559 rel=0.9600 track=2 sf=9
[T2depth] t=18.6640 id=1303 src=stereo u=54.6 v=211.6 depth=23.1707 depth2=-1.0000 track=1 sf=10 flag=ok
[T2depth] t=18.6640 id=1307 src=stereo u=395.0 v=168.0 depth=3.9819 depth2=-1.0000 track=1 sf=10 flag=ok
[T2gate] t=18.6640 tri=58 rej=0 xrej=0 init_replace=3 gate=0
[T2slv] t=18.6640 phase=1 init_cost=97.7022 final_cost=96.4138 iters=5 term=0 slv_ms=7.8
[T2diag] t=18.6640 P=[-0.0033 0.0168 -0.0018] V=[-0.0039 -0.0011 -0.0017] |Bas|=0.314639 |Bgs|=0.0010247 Bas=[-0.298787 -0.098594 0.001909] Bgs=[-0.0001055 -0.0000911 0.0010151] tic0=[0.1200 0.0500 -0.0200] tic1=[0.1200 -0.0500 -0.0200] td=0.00000 track=140
[E2uls] flag=1 sh_t=18.700 new_t=18.700 dP=[-0.0000 0.0012 -0.0012] |dP|=0.0017 first_dt=-1.0000
time: 18.664000, t: -0.003341 0.016791 -0.001843 q: 0.999843 0.003955 -0.017148 -0.002020 
[T2xcross] t=18.7960 id=1275 est=0.1660 svd=0.1702 rel=0.0248 track=2 sf=9
[T2xcross] t=18.7960 id=1301 est=4.2431 svd=0.1012 rel=0.9762 track=2 sf=9
[T2depth] t=18.7960 id=1306 src=motion2 u=616.0 v=21.4 depth=5.0000 depth2=-1.0000 track=2 sf=9 flag=init_neg
[T2depth] t=18.7960 id=1308 src=motion2 u=110.0 v=147.0 depth=5.0000 depth2=-1.0000 track=2 sf=9 flag=init_neg
[T2depth] t=18.7960 id=1310 src=motion2 u=125.0 v=113.0 depth=5.0000 depth2=-1.0000 track=2 sf=9 flag=init_neg
[T2depth] t=18.7960 id=1321 src=stereo u=321.6 v=66.1 depth=32.9882 depth2=-1.0000 track=1 sf=10 flag=ok
[T2depth] t=18.7960 id=1323 src=stereo u=82.0 v=45.0 depth=40.0984 depth2=-1.0000 track=1 sf=10 flag=ok
[T2gate] t=18.7960 tri=61 rej=0 xrej=0 init_replace=3 gate=0
[T2slv] t=18.7960 phase=1 init_cost=121.04 final_cost=103.283 iters=9 term=1 slv_ms=14.8
[T2diag] t=18.7960 P=[-0.0064 0.0155 -0.0021] V=[-0.0104 -0.0046 0.0009] |Bas|=0.327335 |Bgs|=0.0009114 Bas=[-0.311179 -0.101532 0.002639] Bgs=[-0.0000852 -0.0000605 0.0009054] tic0=[0.1200 0.0500 -0.0200] tic1=[0.1200 -0.0500 -0.0200] td=0.00000 track=138
[E2uls] flag=1 sh_t=18.832 new_t=18.832 dP=[0.0021 0.0012 0.0007] |dP|=0.0025 first_dt=-1.0000
time: 18.796000, t: -0.006368 0.015473 -0.002135 q: 0.999830 0.004315 -0.017868 -0.001360 
[T2depth] t=18.9280 id=1315 src=motion2 u=536.9 v=154.6 depth=0.2194 depth2=-1.0000 track=2 sf=9 flag=ok
[T2depth] t=18.9280 id=1319 src=motion2 u=559.2 v=94.8 depth=5.0000 depth2=-1.0000 track=2 sf=9 flag=init_neg
[T2depth] t=18.9280 id=1320 src=motion2 u=218.4 v=28.6 depth=0.0280 depth2=-1.0000 track=2 sf=9 flag=ok
[T2xcross] t=18.9280 id=1321 est=32.9882 svd=0.3813 rel=0.9884 track=2 sf=9
[T2depth] t=18.9280 id=1322 src=motion2 u=622.0 v=133.0 depth=5.0000 depth2=-1.0000 track=2 sf=9 flag=init_neg
[T2depth] t=18.9280 id=1327 src=motion2 u=205.0 v=157.0 depth=0.1137 depth2=-1.0000 track=2 sf=9 flag=ok
[T2depth] t=18.9280 id=1330 src=stereo u=489.8 v=144.9 depth=5.0000 depth2=-1.0000 track=1 sf=10 flag=init_neg
[T2depth] t=18.9280 id=1333 src=stereo u=573.1 v=184.2 depth=5.0000 depth2=-1.0000 track=1 sf=10 flag=init_neg
[T2depth] t=18.9280 id=1336 src=stereo u=424.0 v=59.0 depth=3.6213 depth2=-1.0000 track=1 sf=10 flag=ok
[T2gate] t=18.9280 tri=63 rej=0 xrej=0 init_replace=4 gate=0
[T2slv] t=18.9280 phase=1 init_cost=104.312 final_cost=103.383 iters=6 term=0 slv_ms=12.4
[T2diag] t=18.9280 P=[-0.0052 0.0136 -0.0021] V=[-0.0110 -0.0011 -0.0014] |Bas|=0.328300 |Bgs|=0.0008910 Bas=[-0.311339 -0.104118 0.002827] Bgs=[-0.0000507 -0.0000686 0.0008869] tic0=[0.1200 0.0500 -0.0200] tic1=[0.1200 -0.0500 -0.0200] td=0.00000 track=138
[E2uls] flag=1 sh_t=18.948 new_t=18.948 dP=[-0.0029 0.0006 0.0000] |dP|=0.0030 first_dt=-1.0000
time: 18.928000, t: -0.005227 0.013646 -0.002119 q: 0.999830 0.004336 -0.017844 -0.001375 
[T2xcross] t=19.0280 id=1315 est=0.2194 svd=0.1282 rel=0.4157 track=2 sf=9
[T2xcross] t=19.0280 id=1330 est=5.0000 svd=0.0014 rel=0.9997 track=2 sf=9
[T2xcross] t=19.0280 id=1333 est=5.0000 svd=0.1110 rel=0.9778 track=2 sf=9
[T2depth] t=19.0280 id=1335 src=motion2 u=214.5 v=98.8 depth=5.0000 depth2=-1.0000 track=2 sf=9 flag=init_neg
[T2xcross] t=19.0280 id=1336 est=3.6213 svd=0.1194 rel=0.9670 track=2 sf=9
[T2depth] t=19.0280 id=1343 src=motion2 u=38.0 v=191.0 depth=0.0778 depth2=-1.0000 track=2 sf=9 flag=ok
[T2depth] t=19.0280 id=1347 src=stereo u=519.7 v=77.2 depth=3.7502 depth2=-1.0000 track=1 sf=10 flag=ok
[T2depth] t=19.0280 id=1349 src=stereo u=572.4 v=145.6 depth=5.0000 depth2=-1.0000 track=1 sf=10 flag=init_neg
[T2gate] t=19.0280 tri=62 rej=0 xrej=0 init_replace=2 gate=0
[T2slv] t=19.0280 phase=1 init_cost=108.055 final_cost=105.468 iters=9 term=1 slv_ms=16.3
[T2diag] t=19.0280 P=[-0.0052 0.0144 -0.0018] V=[-0.0100 0.0094 -0.0011] |Bas|=0.322965 |Bgs|=0.0008798 Bas=[-0.304747 -0.106902 0.002740] Bgs=[-0.0000081 -0.0000900 0.0008751] tic0=[0.1200 0.0500 -0.0200] tic1=[0.1200 -0.0500 -0.0200] td=0.00000 track=138
[E2uls] flag=1 sh_t=19.068 new_t=19.068 dP=[-0.0018 -0.0011 -0.0003] |dP|=0.0022 first_dt=-1.0000
time: 19.028000, t: -0.005231 0.014374 -0.001829 q: 0.999835 0.004398 -0.017533 -0.001599 
[T2depth] t=19.1280 id=1344 src=motion2 u=361.9 v=113.9 depth=5.0000 depth2=-1.0000 track=2 sf=9 flag=init_neg
[T2xcross] t=19.1280 id=1347 est=3.7502 svd=0.0175 rel=0.9953 track=2 sf=9
[T2depth] t=19.1280 id=1348 src=motion2 u=117.0 v=198.0 depth=0.0131 depth2=-1.0000 track=2 sf=9 flag=ok
[T2depth] t=19.1280 id=1350 src=motion2 u=587.4 v=76.3 depth=5.0000 depth2=-1.0000 track=2 sf=9 flag=init_neg
[T2depth] t=19.1280 id=1351 src=motion2 u=70.3 v=114.7 depth=5.0000 depth2=-1.0000 track=2 sf=9 flag=init_neg
[T2depth] t=19.1280 id=1372 src=stereo u=419.0 v=106.0 depth=3.8261 depth2=-1.0000 track=1 sf=10 flag=ok
[T2gate] t=19.1280 tri=65 rej=0 xrej=0 init_replace=3 gate=0
[T2slv] t=19.1280 phase=1 init_cost=109.518 final_cost=107.926 iters=7 term=0 slv_ms=19.9
[T2diag] t=19.1280 P=[-0.0052 0.0131 -0.0022] V=[-0.0101 -0.0019 -0.0056] |Bas|=0.323280 |Bgs|=0.0008346 Bas=[-0.304924 -0.107341 0.003016] Bgs=[-0.0000418 -0.0001133 0.0008258] tic0=[0.1200 0.0500 -0.0200] tic1=[0.1200 -0.0500 -0.0200] td=0.00000 track=136
[E2uls] flag=1 sh_t=19.172 new_t=19.172 dP=[-0.0018 0.0034 0.0001] |dP|=0.0039 first_dt=-1.0000
time: 19.128000, t: -0.005151 0.013104 -0.002162 q: 0.999833 0.004539 -0.017674 -0.001391 
[T2xcross] t=19.2280 id=1344 est=5.0000 svd=0.0225 rel=0.9955 track=2 sf=9
[T2xcross] t=19.2280 id=1351 est=5.0000 svd=0.1222 rel=0.9756 track=2 sf=9
[T2depth] t=19.2280 id=1357 src=motion2 u=135.1 v=478.0 depth=5.0000 depth2=-1.0000 track=2 sf=9 flag=init_neg
[T2depth] t=19.2280 id=1361 src=motion2 u=55.0 v=43.0 depth=0.2504 depth2=-1.0000 track=2 sf=9 flag=ok
[T2depth] t=19.2280 id=1362 src=motion2 u=126.0 v=29.0 depth=0.0251 depth2=-1.0000 track=2 sf=9 flag=ok
[T2depth] t=19.2280 id=1365 src=motion2 u=90.0 v=242.0 depth=5.0000 depth2=-1.0000 track=2 sf=9 flag=init_neg
[T2depth] t=19.2280 id=1366 src=motion2 u=359.0 v=162.0 depth=5.0000 depth2=-1.0000 track=2 sf=9 flag=init_neg
[T2depth] t=19.2280 id=1368 src=motion2 u=97.0 v=55.0 depth=0.0530 depth2=-1.0000 track=2 sf=9 flag=ok
[T2depth] t=19.2280 id=1369 src=motion2 u=119.0 v=129.0 depth=0.1088 depth2=-1.0000 track=2 sf=9 flag=ok
[T2depth] t=19.2280 id=1378 src=stereo u=271.0 v=77.0 depth=38.5043 depth2=-1.0000 track=1 sf=10 flag=ok
[T2depth] t=19.2280 id=1381 src=stereo u=91.0 v=92.0 depth=5.0000 depth2=-1.0000 track=1 sf=10 flag=init_neg
[T2gate] t=19.2280 tri=62 rej=0 xrej=0 init_replace=4 gate=0
[T2slv] t=19.2280 phase=1 init_cost=110.96 final_cost=109.477 iters=9 term=1 slv_ms=11.7
[T2diag] t=19.2280 P=[-0.0049 0.0141 -0.0021] V=[-0.0056 0.0055 -0.0007] |Bas|=0.325332 |Bgs|=0.0008461 Bas=[-0.306243 -0.109774 0.002462] Bgs=[-0.0000427 -0.0001189 0.0008367] tic0=[0.1200 0.0500 -0.0200] tic1=[0.1200 -0.0500 -0.0200] td=0.00000 track=142
[E2uls] flag=1 sh_t=19.272 new_t=19.272 dP=[-0.0016 -0.0012 -0.0012] |dP|=0.0023 first_dt=-1.0000
time: 19.228000, t: -0.004865 0.014094 -0.002103 q: 0.999835 0.004349 -0.017585 -0.001563 
[T2depth] t=19.3280 id=1373 src=motion2 u=446.0 v=132.1 depth=0.2460 depth2=-1.0000 track=2 sf=9 flag=ok
[T2depth] t=19.3280 id=1374 src=motion2 u=345.0 v=19.6 depth=0.1915 depth2=-1.0000 track=2 sf=9 flag=ok
[T2depth] t=19.3280 id=1375 src=motion2 u=299.0 v=110.2 depth=5.0000 depth2=-1.0000 track=2 sf=9 flag=init_neg
[T2depth] t=19.3280 id=1377 src=motion2 u=174.0 v=214.0 depth=5.0000 depth2=-1.0000 track=2 sf=9 flag=init_neg
[T2depth] t=19.3280 id=1379 src=motion2 u=148.0 v=153.0 depth=0.4749 depth2=-1.0000 track=2 sf=9 flag=ok
[T2xcross] t=19.3280 id=1381 est=5.0000 svd=0.1759 rel=0.9648 track=2 sf=9
[T2depth] t=19.3280 id=1382 src=stereo u=145.5 v=71.0 depth=31.3084 depth2=-1.0000 track=1 sf=10 flag=ok
[T2depth] t=19.3280 id=1384 src=stereo u=525.6 v=201.3 depth=3.9800 depth2=-1.0000 track=1 sf=10 flag=ok
[T2depth] t=19.3280 id=1386 src=stereo u=385.0 v=275.0 depth=5.0000 depth2=-1.0000 track=1 sf=10 flag=init_neg
[T2gate] t=19.3280 tri=54 rej=0 xrej=0 init_replace=3 gate=0
[T2slv] t=19.3280 phase=1 init_cost=110.442 final_cost=100.659 iters=7 term=0 slv_ms=12.5
[T2diag] t=19.3280 P=[-0.0027 0.0164 -0.0018] V=[-0.0032 0.0083 -0.0023] |Bas|=0.325907 |Bgs|=0.0009520 Bas=[-0.306769 -0.110008 0.002633] Bgs=[-0.0000558 -0.0001319 0.0009412] tic0=[0.1200 0.0500 -0.0200] tic1=[0.1200 -0.0500 -0.0200] td=0.00000 track=143
[E2uls] flag=1 sh_t=19.360 new_t=19.360 dP=[-0.0027 -0.0011 -0.0004] |dP|=0.0030 first_dt=-1.0000
time: 19.328000, t: -0.002663 0.016442 -0.001837 q: 0.999833 0.004363 -0.017629 -0.002149 
[T2xcross] t=19.4280 id=121 est=5.0000 svd=1.0711 rel=0.7858 track=2 sf=9
[T2xcross] t=19.4280 id=1375 est=5.0000 svd=0.5825 rel=0.8835 track=2 sf=9
[T2xcross] t=19.4280 id=1382 est=31.3084 svd=0.3044 rel=0.9903 track=2 sf=9
[T2depth] t=19.4280 id=1383 src=motion2 u=356.7 v=195.9 depth=0.0405 depth2=-1.0000 track=2 sf=9 flag=ok
[T2xcross] t=19.4280 id=1386 est=5.0000 svd=1.8405 rel=0.6319 track=2 sf=9
[T2depth] t=19.4280 id=1387 src=motion2 u=397.0 v=157.0 depth=0.0213 depth2=-1.0000 track=2 sf=9 flag=ok
[T2depth] t=19.4280 id=1388 src=motion2 u=224.0 v=53.0 depth=5.0000 depth2=-1.0000 track=2 sf=9 flag=init_neg
[T2depth] t=19.4280 id=1392 src=stereo u=80.3 v=146.6 depth=5.0000 depth2=-1.0000 track=1 sf=10 flag=init_neg
[T2gate] t=19.4280 tri=51 rej=0 xrej=0 init_replace=2 gate=0
[T2slv] t=19.4280 phase=1 init_cost=101.032 final_cost=100.347 iters=6 term=0 slv_ms=10.2
[T2diag] t=19.4280 P=[-0.0018 0.0172 -0.0020] V=[-0.0022 0.0052 -0.0031] |Bas|=0.330812 |Bgs|=0.0009554 Bas=[-0.312135 -0.109549 0.002817] Bgs=[-0.0000646 -0.0001368 0.0009433] tic0=[0.1200 0.0500 -0.0200] tic1=[0.1200 -0.0500 -0.0200] td=0.00000 track=144
[E2uls] flag=1 sh_t=19.464 new_t=19.464 dP=[-0.0012 0.0012 -0.0000] |dP|=0.0017 first_dt=-1.0000
time: 19.428000, t: -0.001828 0.017177 -0.002034 q: 0.999825 0.004637 -0.017956 -0.002259 
[T2xcross] t=19.5280 id=1384 est=3.9800 svd=0.0533 rel=0.9866 track=2 sf=9
[T2depth] t=19.5280 id=1390 src=motion2 u=60.0 v=235.0 depth=1.7165 depth2=-1.0000 track=2 sf=9 flag=ok
[T2depth] t=19.5280 id=1395 src=motion2 u=615.0 v=50.0 depth=5.0000 depth2=-1.0000 track=2 sf=9 flag=init_neg
[T2depth] t=19.5280 id=1396 src=motion2 u=15.0 v=59.0 depth=5.0000 depth2=-1.0000 track=2 sf=9 flag=init_neg
[T2depth] t=19.5280 id=1398 src=stereo u=576.7 v=144.5 depth=5.0000 depth2=-1.0000 track=1 sf=10 flag=init_neg
[T2depth] t=19.5280 id=1401 src=stereo u=404.0 v=59.0 depth=3.6189 depth2=-1.0000 track=1 sf=10 flag=ok
[T2depth] t=19.5280 id=1402 src=stereo u=247.0 v=178.0 depth=44.6860 depth2=-1.0000 track=1 sf=10 flag=ok
[T2gate] t=19.5280 tri=54 rej=0 xrej=0 init_replace=3 gate=0
[T2slv] t=19.5280 phase=1 init_cost=125.362 final_cost=110.051 iters=9 term=1 slv_ms=11.0
[T2diag] t=19.5280 P=[-0.0029 0.0152 -0.0021] V=[-0.0039 0.0046 -0.0007] |Bas|=0.339656 |Bgs|=0.0008303 Bas=[-0.322061 -0.107859 0.003079] Bgs=[-0.0000585 -0.0001346 0.0008172] tic0=[0.1200 0.0500 -0.0200] tic1=[0.1200 -0.0500 -0.0200] td=0.00000 track=142
[E2uls] flag=1 sh_t=19.576 new_t=19.576 dP=[0.0009 0.0027 -0.0001] |dP|=0.0028 first_dt=-1.0000
time: 19.528000, t: -0.002940 0.015162 -0.002113 q: 0.999818 0.004623 -0.018453 -0.001583 
[T2depth] t=19.6280 id=1397 src=motion2 u=477.7 v=145.4 depth=0.0225 depth2=-1.0000 track=2 sf=9 flag=ok
[T2depth] t=19.6280 id=1400 src=motion2 u=606.7 v=108.5 depth=5.0000 depth2=-1.0000 track=2 sf=9 flag=init_neg
[T2xcross] t=19.6280 id=1401 est=3.6189 svd=0.0398 rel=0.9890 track=2 sf=9
[T2depth] t=19.6280 id=1405 src=motion2 u=337.0 v=196.0 depth=0.0818 depth2=-1.0000 track=2 sf=9 flag=ok
[T2depth] t=19.6280 id=1411 src=stereo u=411.0 v=21.0 depth=3.8728 depth2=-1.0000 track=1 sf=10 flag=ok
[T2depth] t=19.6280 id=1415 src=stereo u=497.0 v=110.0 depth=4.0011 depth2=-1.0000 track=1 sf=10 flag=ok
[T2gate] t=19.6280 tri=56 rej=0 xrej=0 init_replace=1 gate=0
[T2slv] t=19.6280 phase=1 init_cost=108.455 final_cost=107.745 iters=6 term=0 slv_ms=9.8
[T2diag] t=19.6280 P=[-0.0042 0.0155 -0.0016] V=[-0.0051 0.0073 0.0004] |Bas|=0.342451 |Bgs|=0.0008074 Bas=[-0.324557 -0.109208 0.003014] Bgs=[-0.0000495 -0.0001393 0.0007937] tic0=[0.1200 0.0500 -0.0200] tic1=[0.1200 -0.0500 -0.0200] td=0.00000 track=140
[E2uls] flag=1 sh_t=19.664 new_t=19.664 dP=[0.0003 -0.0001 -0.0008] |dP|=0.0008 first_dt=-1.0000
time: 19.628000, t: -0.004163 0.015549 -0.001581 q: 0.999818 0.004537 -0.018460 -0.001534 
[T2depth] t=19.7320 id=1408 src=motion2 u=534.2 v=51.3 depth=5.0000 depth2=-1.0000 track=2 sf=9 flag=init_neg
[T2depth] t=19.7320 id=1413 src=motion2 u=340.0 v=25.0 depth=5.0000 depth2=-1.0000 track=2 sf=9 flag=init_neg
[T2depth] t=19.7320 id=1416 src=motion2 u=24.0 v=32.0 depth=5.0000 depth2=-1.0000 track=2 sf=9 flag=init_neg
[T2depth] t=19.7320 id=1420 src=stereo u=126.6 v=150.0 depth=24.0483 depth2=-1.0000 track=1 sf=10 flag=ok
[T2depth] t=19.7320 id=1425 src=stereo u=595.0 v=99.0 depth=5.0000 depth2=-1.0000 track=1 sf=10 flag=init_neg
[T2depth] t=19.7320 id=1426 src=stereo u=87.0 v=143.0 depth=24.2469 depth2=-1.0000 track=1 sf=10 flag=ok
[T2depth] t=19.7320 id=1427 src=stereo u=375.0 v=179.0 depth=3.9803 depth2=-1.0000 track=1 sf=10 flag=ok
[T2depth] t=19.7320 id=1430 src=stereo u=214.0 v=103.0 depth=28.2182 depth2=-1.0000 track=1 sf=10 flag=ok
[T2depth] t=19.7320 id=1431 src=stereo u=487.0 v=188.0 depth=3.1974 depth2=-1.0000 track=1 sf=10 flag=ok
[T2gate] t=19.7320 tri=62 rej=0 xrej=0 init_replace=4 gate=0
[T2slv] t=19.7320 phase=1 init_cost=108.027 final_cost=98.7684 iters=7 term=0 slv_ms=10.9
[T2diag] t=19.7320 P=[-0.0034 0.0178 -0.0018] V=[-0.0043 0.0092 -0.0049] |Bas|=0.343091 |Bgs|=0.0009085 Bas=[-0.325222 -0.109229 0.003315] Bgs=[-0.0000597 -0.0001354 0.0008964] tic0=[0.1200 0.0500 -0.0200] tic1=[0.1200 -0.0500 -0.0200] td=0.00000 track=137
[E2uls] flag=1 sh_t=19.768 new_t=19.768 dP=[-0.0013 -0.0010 0.0003] |dP|=0.0017 first_dt=-1.0000
time: 19.732000, t: -0.003418 0.017837 -0.001835 q: 0.999816 0.004329 -0.018580 -0.002194 
[T2xcross] t=19.8320 id=1413 est=5.0000 svd=0.1339 rel=0.9732 track=2 sf=9
[T2depth] t=19.8320 id=1417 src=motion2 u=305.6 v=7.9 depth=1.9239 depth2=-1.0000 track=2 sf=9 flag=ok
[T2depth] t=19.8320 id=1418 src=motion2 u=592.6 v=139.1 depth=5.0000 depth2=-1.0000 track=2 sf=9 flag=init_neg
[T2depth] t=19.8320 id=1421 src=motion2 u=621.6 v=120.2 depth=0.0683 depth2=-1.0000 track=2 sf=9 flag=ok
[T2depth] t=19.8320 id=1428 src=motion2 u=215.0 v=25.0 depth=0.2314 depth2=-1.0000 track=2 sf=9 flag=ok
[T2depth] t=19.8320 id=1429 src=motion2 u=184.0 v=164.0 depth=0.2928 depth2=-1.0000 track=2 sf=9 flag=ok
[T2depth] t=19.8320 id=1432 src=stereo u=380.8 v=157.7 depth=3.5971 depth2=-1.0000 track=1 sf=10 flag=ok
[T2depth] t=19.8320 id=1437 src=stereo u=13.6 v=103.1 depth=5.0000 depth2=-1.0000 track=1 sf=10 flag=init_neg
[T2gate] t=19.8320 tri=58 rej=0 xrej=0 init_replace=2 gate=0
[T2slv] t=19.8320 phase=1 init_cost=101.509 final_cost=100.71 iters=7 term=0 slv_ms=10.6
[T2diag] t=19.8320 P=[-0.0021 0.0181 -0.0018] V=[-0.0002 0.0102 -0.0015] |Bas|=0.344169 |Bgs|=0.0009164 Bas=[-0.326421 -0.109046 0.003213] Bgs=[-0.0000708 -0.0001501 0.0009012] tic0=[0.1200 0.0500 -0.0200] tic1=[0.1200 -0.0500 -0.0200] td=0.00000 track=140
[E2uls] flag=1 sh_t=19.864 new_t=19.864 dP=[-0.0018 0.0012 -0.0006] |dP|=0.0023 first_dt=-1.0000
time: 19.832000, t: -0.002144 0.018147 -0.001788 q: 0.999814 0.004329 -0.018621 -0.002454 
[T2xcross] t=19.9280 id=1432 est=3.5971 svd=0.1121 rel=0.9688 track=2 sf=9
[T2depth] t=19.9280 id=1434 src=motion2 u=269.6 v=39.7 depth=0.4260 depth2=-1.0000 track=2 sf=9 flag=ok
[T2depth] t=19.9280 id=1435 src=motion2 u=34.4 v=68.2 depth=5.0000 depth2=-1.0000 track=2 sf=9 flag=init_neg
[T2xcross] t=19.9280 id=1437 est=5.0000 svd=0.5164 rel=0.8967 track=2 sf=9
[T2depth] t=19.9280 id=1450 src=stereo u=496.3 v=201.0 depth=3.9215 depth2=-1.0000 track=1 sf=10 flag=ok
[T2depth] t=19.9280 id=1453 src=stereo u=152.0 v=74.0 depth=5.0000 depth2=-1.0000 track=1 sf=10 flag=init_neg
[T2depth] t=19.9280 id=1455 src=stereo u=379.0 v=198.0 depth=4.1142 depth2=-1.0000 track=1 sf=10 flag=ok
[T2gate] t=19.9280 tri=60 rej=0 xrej=0 init_replace=2 gate=0
[T2slv] t=19.9280 phase=1 init_cost=102.248 final_cost=101.76 iters=9 term=1 slv_ms=12.6
[T2diag] t=19.9280 P=[-0.0024 0.0185 -0.0022] V=[-0.0042 0.0083 -0.0038] |Bas|=0.342112 |Bgs|=0.0008985 Bas=[-0.325250 -0.106024 0.003413] Bgs=[-0.0000855 -0.0001605 0.0008799] tic0=[0.1200 0.0500 -0.0200] tic1=[0.1200 -0.0500 -0.0200] td=0.00000 track=139
[E2uls] flag=1 sh_t=19.968 new_t=19.968 dP=[0.0001 0.0014 0.0002] |dP|=0.0014 first_dt=-1.0000
time: 19.928000, t: -0.002427 0.018464 -0.002160 q: 0.999814 0.004152 -0.018685 -0.002482 
[T2depth] t=20.0000 id=1444 src=motion2 u=318.1 v=146.6 depth=5.0000 depth2=-1.0000 track=2 sf=9 flag=init_neg
[T2depth] t=20.0000 id=1445 src=motion2 u=328.9 v=61.7 depth=5.0000 depth2=-1.0000 track=2 sf=9 flag=init_neg
[T2depth] t=20.0000 id=1446 src=motion2 u=595.3 v=33.2 depth=5.0000 depth2=-1.0000 track=2 sf=9 flag=init_neg
[T2depth] t=20.0000 id=1447 src=motion2 u=531.5 v=142.0 depth=0.1192 depth2=-1.0000 track=2 sf=9 flag=ok
[T2depth] t=20.0000 id=1448 src=motion2 u=585.5 v=69.9 depth=5.0000 depth2=-1.0000 track=2 sf=9 flag=init_neg
[T2depth] t=20.0000 id=1459 src=stereo u=79.6 v=39.7 depth=5.0000 depth2=-1.0000 track=1 sf=10 flag=init_neg
[T2depth] t=20.0000 id=1464 src=stereo u=525.0 v=81.0 depth=3.8870 depth2=-1.0000 track=1 sf=10 flag=ok
[T2depth] t=20.0000 id=1466 src=stereo u=546.0 v=17.0 depth=2.9768 depth2=-1.0000 track=1 sf=10 flag=ok
[T2depth] t=20.0000 id=1468 src=stereo u=517.0 v=201.0 depth=3.5049 depth2=-1.0000 track=1 sf=10 flag=ok
[T2depth] t=20.0000 id=1469 src=stereo u=55.0 v=192.0 depth=23.1552 depth2=-1.0000 track=1 sf=10 flag=ok
[T2gate] t=20.0000 tri=60 rej=0 xrej=0 init_replace=5 gate=0
[T2slv] t=20.0000 phase=1 init_cost=102.397 final_cost=101.914 iters=6 term=0 slv_ms=10.5
[T2diag] t=20.0000 P=[-0.0026 0.0178 -0.0019] V=[-0.0029 0.0067 -0.0004] |Bas|=0.345459 |Bgs|=0.0008760 Bas=[-0.329049 -0.105161 0.003136] Bgs=[-0.0001036 -0.0001696 0.0008532] tic0=[0.1200 0.0500 -0.0200] tic1=[0.1200 -0.0500 -0.0200] td=0.00000 track=139
[E2uls] flag=1 sh_t=20.036 new_t=20.036 dP=[-0.0006 0.0018 -0.0010] |dP|=0.0021 first_dt=-1.0000
time: 20.000000, t: -0.002558 0.017812 -0.001881 q: 0.999812 0.004123 -0.018773 -0.002404 
[T2xcross] t=20.1000 id=1445 est=5.0000 svd=0.0222 rel=0.9956 track=2 sf=9
[T2depth] t=20.1000 id=1460 src=motion2 u=417.0 v=147.6 depth=0.0153 depth2=-1.0000 track=2 sf=9 flag=ok
[T2depth] t=20.1000 id=1463 src=motion2 u=418.0 v=17.0 depth=0.5357 depth2=-1.0000 track=2 sf=9 flag=ok
[T2xcross] t=20.1000 id=1469 est=23.1552 svd=8.1318 rel=0.6488 track=2 sf=9
[T2depth] t=20.1000 id=1470 src=motion2 u=115.0 v=58.0 depth=0.0654 depth2=-1.0000 track=2 sf=9 flag=ok
[T2depth] t=20.1000 id=1471 src=motion2 u=105.0 v=175.0 depth=5.0000 depth2=-1.0000 track=2 sf=9 flag=init_neg
[T2depth] t=20.1000 id=1474 src=stereo u=429.8 v=202.5 depth=3.7300 depth2=-1.0000 track=1 sf=10 flag=ok
[T2depth] t=20.1000 id=1480 src=stereo u=511.0 v=162.0 depth=3.5167 depth2=-1.0000 track=1 sf=10 flag=ok
[T2gate] t=20.1000 tri=56 rej=0 xrej=0 init_replace=1 gate=0
[T2slv] t=20.1000 phase=1 init_cost=100.574 final_cost=99.5794 iters=7 term=0 slv_ms=13.1
[T2diag] t=20.1000 P=[-0.0037 0.0173 -0.0019] V=[-0.0137 0.0007 -0.0028] |Bas|=0.352938 |Bgs|=0.0008605 Bas=[-0.337256 -0.103983 0.003366] Bgs=[-0.0001202 -0.0001599 0.0008369] tic0=[0.1200 0.0500 -0.0200] tic1=[0.1200 -0.0500 -0.0200] td=0.00000 track=141
[E2uls] flag=1 sh_t=20.140 new_t=20.140 dP=[-0.0002 0.0016 -0.0003] |dP|=0.0017 first_dt=-1.0000
time: 20.100000, t: -0.003677 0.017276 -0.001929 q: 0.999804 0.004182 -0.019232 -0.002166 
[T2depth] t=20.2320 id=1473 src=motion2 u=115.2 v=23.4 depth=0.2667 depth2=-1.0000 track=2 sf=9 flag=ok
[T2depth] t=20.2320 id=1475 src=motion2 u=165.7 v=92.7 depth=5.0000 depth2=-1.0000 track=2 sf=9 flag=init_neg
[T2depth] t=20.2320 id=1477 src=motion2 u=14.8 v=24.3 depth=5.0000 depth2=-1.0000 track=2 sf=9 flag=init_neg
[T2depth] t=20.2320 id=1478 src=motion2 u=476.0 v=48.0 depth=5.0000 depth2=-1.0000 track=2 sf=9 flag=init_neg
[T2depth] t=20.2320 id=1479 src=motion2 u=608.0 v=139.0 depth=5.0000 depth2=-1.0000 track=2 sf=9 flag=init_neg
[T2depth] t=20.2320 id=1492 src=stereo u=522.0 v=60.0 depth=3.3948 depth2=-1.0000 track=1 sf=10 flag=ok
[T2depth] t=20.2320 id=1494 src=stereo u=37.0 v=133.0 depth=5.0000 depth2=-1.0000 track=1 sf=10 flag=init_neg
[T2gate] t=20.2320 tri=62 rej=0 xrej=0 init_replace=5 gate=0
[T2slv] t=20.2320 phase=1 init_cost=121.791 final_cost=108.323 iters=9 term=1 slv_ms=14.4
[T2diag] t=20.2320 P=[-0.0066 0.0186 -0.0015] V=[-0.0132 0.0062 0.0052] |Bas|=0.366746 |Bgs|=0.0008006 Bas=[-0.349180 -0.112090 0.003387] Bgs=[-0.0001042 -0.0001472 0.0007800] tic0=[0.1200 0.0500 -0.0200] tic1=[0.1200 -0.0500 -0.0200] td=0.00000 track=136
[E2uls] flag=1 sh_t=20.276 new_t=20.276 dP=[-0.0000 -0.0020 -0.0010] |dP|=0.0022 first_dt=-1.0000
time: 20.232000, t: -0.006586 0.018618 -0.001475 q: 0.999795 0.004465 -0.019670 -0.001961 
[T2xcross] t=20.3680 id=1473 est=0.2667 svd=0.2929 rel=0.0896 track=2 sf=9
[T2xcross] t=20.3680 id=1479 est=5.0000 svd=0.1763 rel=0.9647 track=2 sf=9
[T2depth] t=20.3680 id=1483 src=motion2 u=575.0 v=113.7 depth=0.0525 depth2=-1.0000 track=2 sf=9 flag=ok
[T2depth] t=20.3680 id=1487 src=motion2 u=293.2 v=110.4 depth=5.0000 depth2=-1.0000 track=2 sf=9 flag=init_neg
[T2depth] t=20.3680 id=1489 src=motion2 u=631.0 v=478.0 depth=0.3161 depth2=-1.0000 track=2 sf=9 flag=ok
[T2depth] t=20.3680 id=1493 src=motion2 u=174.0 v=194.0 depth=5.0000 depth2=-1.0000 track=2 sf=9 flag=init_neg
[T2depth] t=20.3680 id=1496 src=motion2 u=413.0 v=87.0 depth=0.1160 depth2=-1.0000 track=2 sf=9 flag=ok
[T2depth] t=20.3680 id=1498 src=motion2 u=346.0 v=78.0 depth=5.0000 depth2=-1.0000 track=2 sf=9 flag=init_neg
[T2depth] t=20.3680 id=1500 src=motion2 u=488.0 v=145.0 depth=5.0000 depth2=-1.0000 track=2 sf=9 flag=init_neg
[T2depth] t=20.3680 id=1505 src=stereo u=293.3 v=171.6 depth=21.2364 depth2=-1.0000 track=1 sf=10 flag=ok
[T2depth] t=20.3680 id=1510 src=stereo u=296.0 v=2.0 depth=40.7671 depth2=-1.0000 track=1 sf=10 flag=ok
[T2gate] t=20.3680 tri=62 rej=0 xrej=0 init_replace=4 gate=0
[T2slv] t=20.3680 phase=1 init_cost=109.648 final_cost=107.589 iters=9 term=1 slv_ms=11.8
[T2diag] t=20.3680 P=[-0.0059 0.0179 -0.0024] V=[-0.0175 -0.0025 -0.0064] |Bas|=0.360736 |Bgs|=0.0008212 Bas=[-0.342586 -0.112909 0.004156] Bgs=[-0.0001324 -0.0001493 0.0007966] tic0=[0.1200 0.0500 -0.0200] tic1=[0.1200 -0.0500 -0.0200] td=0.00000 track=141
[E2uls] flag=1 sh_t=20.396 new_t=20.396 dP=[-0.0028 0.0017 0.0019] |dP|=0.0037 first_dt=-1.0000
time: 20.368000, t: -0.005928 0.017949 -0.002352 q: 0.999796 0.004492 -0.019611 -0.001863 
[T2xcross] t=20.4680 id=1478 est=5.0000 svd=0.4283 rel=0.9143 track=2 sf=9
[T2depth] t=20.4680 id=1502 src=motion2 u=534.6 v=120.1 depth=5.0000 depth2=-1.0000 track=2 sf=9 flag=init_neg
[T2depth] t=20.4680 id=1503 src=motion2 u=97.6 v=114.8 depth=0.1824 depth2=-1.0000 track=2 sf=9 flag=ok
[T2depth] t=20.4680 id=1504 src=motion2 u=41.8 v=66.9 depth=5.0000 depth2=-1.0000 track=2 sf=9 flag=init_neg
[T2depth] t=20.4680 id=1508 src=motion2 u=217.0 v=30.0 depth=5.0000 depth2=-1.0000 track=2 sf=9 flag=init_neg
[T2depth] t=20.4680 id=1509 src=motion2 u=254.0 v=204.0 depth=0.0001 depth2=-1.0000 track=2 sf=9 flag=ok
[T2depth] t=20.4680 id=1512 src=stereo u=107.0 v=28.2 depth=5.0000 depth2=-1.0000 track=1 sf=10 flag=init_neg
[T2depth] t=20.4680 id=1516 src=stereo u=561.4 v=168.3 depth=5.0000 depth2=-1.0000 track=1 sf=10 flag=init_neg
[T2depth] t=20.4680 id=1519 src=stereo u=258.0 v=139.0 depth=5.0000 depth2=-1.0000 track=1 sf=10 flag=init_neg
[T2depth] t=20.4680 id=1520 src=stereo u=400.0 v=23.0 depth=4.3347 depth2=-1.0000 track=1 sf=10 flag=ok
[T2gate] t=20.4680 tri=56 rej=0 xrej=0 init_replace=6 gate=0
[T2slv] t=20.4680 phase=1 init_cost=105.854 final_cost=97.1113 iters=9 term=1 slv_ms=15.0
[T2diag] t=20.4680 P=[-0.0042 0.0188 -0.0021] V=[-0.0139 -0.0047 -0.0030] |Bas|=0.359964 |Bgs|=0.0009318 Bas=[-0.342588 -0.110419 0.003867] Bgs=[-0.0001507 -0.0001849 0.0009007] tic0=[0.1200 0.0500 -0.0200] tic1=[0.1200 -0.0500 -0.0200] td=0.00000 track=142
[E2uls] flag=1 sh_t=20.512 new_t=20.512 dP=[-0.0047 -0.0011 -0.0013] |dP|=0.0050 first_dt=-1.0000
time: 20.468000, t: -0.004185 0.018820 -0.002116 q: 0.999797 0.004315 -0.019559 -0.002149 
[T2xcross] t=20.5640 id=1468 est=3.5049 svd=0.1546 rel=0.9559 track=2 sf=9
[T2xcross] t=20.5640 id=1503 est=0.1824 svd=0.0634 rel=0.6526 track=2 sf=9
[T2depth] t=20.5640 id=1513 src=motion2 u=137.3 v=171.9 depth=5.0000 depth2=-1.0000 track=2 sf=9 flag=init_neg
[T2depth] t=20.5640 id=1514 src=motion2 u=631.3 v=256.0 depth=0.6840 depth2=-1.0000 track=2 sf=9 flag=ok
[T2depth] t=20.5640 id=1517 src=motion2 u=251.0 v=51.0 depth=5.0000 depth2=-1.0000 track=2 sf=9 flag=init_neg
[T2depth] t=20.5640 id=1518 src=motion2 u=444.0 v=131.0 depth=0.0380 depth2=-1.0000 track=2 sf=9 flag=ok
[T2depth] t=20.5640 id=1522 src=stereo u=309.6 v=18.2 depth=34.3051 depth2=-1.0000 track=1 sf=10 flag=ok
[T2gate] t=20.5640 tri=49 rej=0 xrej=0 init_replace=2 gate=0
[T2slv] t=20.5640 phase=1 init_cost=98.8715 final_cost=97.8746 iters=6 term=0 slv_ms=9.6
[T2diag] t=20.5640 P=[-0.0039 0.0188 -0.0017] V=[-0.0122 -0.0021 0.0034] |Bas|=0.364413 |Bgs|=0.0009472 Bas=[-0.347363 -0.110104 0.003567] Bgs=[-0.0001598 -0.0001872 0.0009147] tic0=[0.1200 0.0500 -0.0200] tic1=[0.1200 -0.0500 -0.0200] td=0.00000 track=146
[E2uls] flag=1 sh_t=20.596 new_t=20.596 dP=[-0.0022 -0.0004 -0.0008] |dP|=0.0024 first_dt=-1.0000
time: 20.564000, t: -0.003857 0.018813 -0.001697 q: 0.999795 0.004448 -0.019653 -0.002071 
[T2xcross] t=20.6640 id=1502 est=5.0000 svd=0.0378 rel=0.9924 track=2 sf=9
[T2xcross] t=20.6640 id=1512 est=5.0000 svd=0.0730 rel=0.9854 track=2 sf=9
[T2depth] t=20.6640 id=1521 src=motion2 u=162.1 v=104.8 depth=0.1542 depth2=-1.0000 track=2 sf=9 flag=ok
[T2depth] t=20.6640 id=1524 src=motion2 u=390.0 v=55.0 depth=0.1649 depth2=-1.0000 track=2 sf=9 flag=ok
[T2gate] t=20.6640 tri=54 rej=0 xrej=0 init_replace=0 gate=0
[T2slv] t=20.6640 phase=1 init_cost=98.6164 final_cost=97.6805 iters=7 term=0 slv_ms=13.8
[T2diag] t=20.6640 P=[-0.0045 0.0177 -0.0013] V=[-0.0168 0.0016 0.0062] |Bas|=0.365626 |Bgs|=0.0009107 Bas=[-0.348383 -0.110898 0.003659] Bgs=[-0.0001336 -0.0001716 0.0008843] tic0=[0.1200 0.0500 -0.0200] tic1=[0.1200 -0.0500 -0.0200] td=0.00000 track=140
[E2uls] flag=1 sh_t=20.704 new_t=20.704 dP=[-0.0013 0.0002 0.0005] |dP|=0.0014 first_dt=-1.0000
time: 20.664000, t: -0.004462 0.017725 -0.001268 q: 0.999795 0.004501 -0.019633 -0.002010 
[T2xcross] t=20.7640 id=1477 est=5.0000 svd=0.4067 rel=0.9187 track=2 sf=9
[T2depth] t=20.7640 id=1531 src=motion2 u=280.8 v=140.1 depth=5.0000 depth2=-1.0000 track=2 sf=9 flag=init_neg
[T2depth] t=20.7640 id=1533 src=motion2 u=529.0 v=167.0 depth=0.2642 depth2=-1.0000 track=2 sf=9 flag=ok
[T2depth] t=20.7640 id=1534 src=motion2 u=597.0 v=161.0 depth=3.8359 depth2=-1.0000 track=2 sf=9 flag=ok
[T2depth] t=20.7640 id=1535 src=motion2 u=251.0 v=89.0 depth=0.1069 depth2=-1.0000 track=2 sf=9 flag=ok
[T2depth] t=20.7640 id=1536 src=motion2 u=290.0 v=211.0 depth=5.0000 depth2=-1.0000 track=2 sf=9 flag=init_neg
[T2depth] t=20.7640 id=1543 src=stereo u=592.0 v=101.0 depth=5.0000 depth2=-1.0000 track=1 sf=10 flag=init_neg
[T2gate] t=20.7640 tri=61 rej=0 xrej=0 init_replace=3 gate=0
[T2slv] t=20.7640 phase=1 init_cost=97.8569 final_cost=96.4528 iters=9 term=1 slv_ms=13.6
[T2diag] t=20.7640 P=[-0.0049 0.0153 -0.0012] V=[-0.0174 0.0010 0.0028] |Bas|=0.356647 |Bgs|=0.0008757 Bas=[-0.339357 -0.109629 0.003898] Bgs=[-0.0001425 -0.0001747 0.0008462] tic0=[0.1200 0.0500 -0.0200] tic1=[0.1200 -0.0500 -0.0200] td=0.00000 track=140
[E2uls] flag=1 sh_t=20.808 new_t=20.808 dP=[-0.0021 0.0028 0.0012] |dP|=0.0037 first_dt=-1.0000
time: 20.764000, t: -0.004901 0.015330 -0.001208 q: 0.999804 0.004302 -0.019223 -0.001785 
[T2xcross] t=20.8680 id=9 est=8.8855 svd=10.8680 rel=0.1824 track=2 sf=9
[T2xcross] t=20.8680 id=1517 est=5.0000 svd=0.1474 rel=0.9705 track=2 sf=9
[T2depth] t=20.8680 id=1538 src=motion2 u=98.4 v=198.4 depth=5.0000 depth2=-1.0000 track=2 sf=9 flag=init_neg
[T2depth] t=20.8680 id=1541 src=motion2 u=92.1 v=68.1 depth=5.0000 depth2=-1.0000 track=2 sf=9 flag=init_neg
[T2depth] t=20.8680 id=1542 src=motion2 u=347.7 v=187.7 depth=0.0096 depth2=-1.0000 track=2 sf=9 flag=ok
[T2depth] t=20.8680 id=1545 src=motion2 u=158.0 v=136.0 depth=5.0000 depth2=-1.0000 track=2 sf=9 flag=init_neg
[T2depth] t=20.8680 id=1546 src=motion2 u=205.0 v=176.0 depth=5.0000 depth2=-1.0000 track=2 sf=9 flag=init_neg
[T2depth] t=20.8680 id=1553 src=stereo u=455.0 v=70.0 depth=3.8938 depth2=-1.0000 track=1 sf=10 flag=ok
[T2depth] t=20.8680 id=1557 src=stereo u=153.0 v=14.0 depth=5.0000 depth2=-1.0000 track=1 sf=10 flag=init_neg
[T2gate] t=20.8680 tri=58 rej=0 xrej=0 init_replace=5 gate=0
[T2slv] t=20.8680 phase=1 init_cost=99.5169 final_cost=98.2943 iters=9 term=1 slv_ms=14.2
[T2diag] t=20.8680 P=[-0.0038 0.0129 -0.0006] V=[-0.0141 -0.0032 0.0020] |Bas|=0.351819 |Bgs|=0.0008615 Bas=[-0.333216 -0.112835 0.003479] Bgs=[-0.0001652 -0.0001978 0.0008220] tic0=[0.1200 0.0500 -0.0200] tic1=[0.1200 -0.0500 -0.0200] td=0.00000 track=142
[E2uls] flag=1 sh_t=20.912 new_t=20.912 dP=[-0.0044 0.0026 -0.0007] |dP|=0.0052 first_dt=-1.0000
time: 20.868000, t: -0.003796 0.012873 -0.000633 q: 0.999813 0.004352 -0.018754 -0.001731 
[T2depth] t=20.9680 id=1550 src=motion2 u=635.0 v=192.9 depth=0.1280 depth2=-1.0000 track=2 sf=9 flag=ok
[T2depth] t=20.9680 id=1551 src=motion2 u=513.7 v=29.4 depth=0.2050 depth2=-1.0000 track=2 sf=9 flag=ok
[T2depth] t=20.9680 id=1554 src=motion2 u=319.0 v=116.0 depth=0.0291 depth2=-1.0000 track=2 sf=9 flag=ok
[T2depth] t=20.9680 id=1556 src=motion2 u=259.0 v=196.0 depth=0.0997 depth2=-1.0000 track=2 sf=9 flag=ok
[T2depth] t=20.9680 id=1563 src=stereo u=295.7 v=140.9 depth=43.6042 depth2=-1.0000 track=1 sf=10 flag=ok
[T2depth] t=20.9680 id=1565 src=stereo u=27.0 v=30.0 depth=46.2163 depth2=-1.0000 track=1 sf=10 flag=ok
[T2depth] t=20.9680 id=1570 src=stereo u=217.0 v=111.0 depth=39.9706 depth2=-1.0000 track=1 sf=10 flag=ok
[T2gate] t=20.9680 tri=57 rej=0 xrej=0 init_replace=0 gate=0
[T2slv] t=20.9680 phase=1 init_cost=101.009 final_cost=98.8062 iters=9 term=1 slv_ms=16.7
[T2diag] t=20.9680 P=[-0.0039 0.0140 -0.0007] V=[-0.0119 0.0086 0.0015] |Bas|=0.336024 |Bgs|=0.0008712 Bas=[-0.315559 -0.115438 0.002949] Bgs=[-0.0001597 -0.0002052 0.0008314] tic0=[0.1200 0.0500 -0.0200] tic1=[0.1200 -0.0500 -0.0200] td=0.00000 track=140
[E2uls] flag=1 sh_t=21.016 new_t=21.016 dP=[-0.0019 -0.0019 0.0004] |dP|=0.0027 first_dt=-1.0000
time: 20.968000, t: -0.003929 0.014049 -0.000654 q: 0.999829 0.004300 -0.017853 -0.001941 
[T2xcross] t=21.0680 id=63 est=35.1245 svd=2.2337 rel=0.9364 track=2 sf=9
[T2xcross] t=21.0680 id=1533 est=0.2642 svd=0.0553 rel=0.7909 track=2 sf=9
[T2xcross] t=21.0680 id=1554 est=0.0291 svd=0.1333 rel=0.7815 track=2 sf=9
[T2depth] t=21.0680 id=1559 src=motion2 u=449.0 v=67.6 depth=5.0000 depth2=-1.0000 track=2 sf=9 flag=init_neg
[T2depth] t=21.0680 id=1566 src=motion2 u=68.0 v=42.0 depth=5.0000 depth2=-1.0000 track=2 sf=9 flag=init_neg
[T2depth] t=21.0680 id=1567 src=motion2 u=135.0 v=168.0 depth=0.2000 depth2=-1.0000 track=2 sf=9 flag=ok
[T2depth] t=21.0680 id=1573 src=stereo u=373.4 v=155.1 depth=3.5119 depth2=-1.0000 track=1 sf=10 flag=ok
[T2depth] t=21.0680 id=1574 src=stereo u=33.2 v=177.7 depth=22.4288 depth2=-1.0000 track=1 sf=10 flag=ok
[T2depth] t=21.0680 id=1576 src=stereo u=374.7 v=99.9 depth=3.5142 depth2=-1.0000 track=1 sf=10 flag=ok
[T2depth] t=21.0680 id=1579 src=stereo u=385.5 v=41.2 depth=4.4980 depth2=-1.0000 track=1 sf=10 flag=ok
[T2depth] t=21.0680 id=1581 src=stereo u=65.0 v=94.0 depth=5.0000 depth2=-1.0000 track=1 sf=10 flag=init_neg
[T2gate] t=21.0680 tri=60 rej=0 xrej=0 init_replace=3 gate=0
[T2slv] t=21.0680 phase=1 init_cost=99.1466 final_cost=97.395 iters=7 term=0 slv_ms=13.7
[T2diag] t=21.0680 P=[-0.0038 0.0170 -0.0007] V=[-0.0134 0.0016 0.0044] |Bas|=0.333565 |Bgs|=0.0008855 Bas=[-0.311090 -0.120341 0.002696] Bgs=[-0.0001805 -0.0001974 0.0008441] tic0=[0.1200 0.0500 -0.0200] tic1=[0.1200 -0.0500 -0.0200] td=0.00000 track=138
[E2uls] flag=1 sh_t=21.108 new_t=21.108 dP=[-0.0021 -0.0013 0.0004] |dP|=0.0025 first_dt=-1.0000
time: 21.068000, t: -0.003820 0.016954 -0.000718 q: 0.999831 0.004646 -0.017634 -0.002188 
[T2xcross] t=21.1640 id=1546 est=5.0000 svd=0.2364 rel=0.9527 track=2 sf=9
[T2xcross] t=21.1640 id=1574 est=22.4288 svd=0.2344 rel=0.9896 track=2 sf=9
[T2depth] t=21.1640 id=1578 src=motion2 u=61.6 v=231.9 depth=1.4287 depth2=-1.0000 track=2 sf=9 flag=ok
[T2depth] t=21.1640 id=1582 src=motion2 u=247.0 v=105.0 depth=2.4408 depth2=-1.0000 track=2 sf=9 flag=ok
[T2depth] t=21.1640 id=1583 src=motion2 u=281.0 v=219.0 depth=5.0000 depth2=-1.0000 track=2 sf=9 flag=init_neg
[T2depth] t=21.1640 id=1588 src=stereo u=5.7 v=146.8 depth=5.0000 depth2=-1.0000 track=1 sf=10 flag=init_neg
[T2depth] t=21.1640 id=1595 src=stereo u=447.0 v=209.1 depth=3.8969 depth2=-1.0000 track=1 sf=10 flag=ok
[T2depth] t=21.1640 id=1598 src=stereo u=55.0 v=127.0 depth=26.9507 depth2=-1.0000 track=1 sf=10 flag=ok
[T2gate] t=21.1640 tri=59 rej=0 xrej=0 init_replace=2 gate=0
[T2slv] t=21.1640 phase=1 init_cost=101.333 final_cost=99.2344 iters=9 term=1 slv_ms=14.2
[T2diag] t=21.1640 P=[-0.0030 0.0191 -0.0009] V=[-0.0145 0.0100 0.0035] |Bas|=0.322079 |Bgs|=0.0009057 Bas=[-0.297722 -0.122841 0.002542] Bgs=[-0.0001667 -0.0001986 0.0008677] tic0=[0.1200 0.0500 -0.0200] tic1=[0.1200 -0.0500 -0.0200] td=0.00000 track=139
[E2uls] flag=1 sh_t=21.208 new_t=21.208 dP=[-0.0026 -0.0018 0.0010] |dP|=0.0033 first_dt=-1.0000
time: 21.164000, t: -0.002994 0.019098 -0.000930 q: 0.999841 0.004624 -0.017023 -0.002555 
[T2xcross] t=21.2640 id=1365 est=5.0000 svd=2.1956 rel=0.5609 track=2 sf=9
[T2depth] t=21.2640 id=1596 src=motion2 u=279.0 v=159.0 depth=5.0000 depth2=-1.0000 track=2 sf=9 flag=init_neg
[T2depth] t=21.2640 id=1607 src=stereo u=509.0 v=162.2 depth=4.9274 depth2=-1.0000 track=1 sf=10 flag=ok
[T2depth] t=21.2640 id=1608 src=stereo u=413.7 v=58.7 depth=3.9541 depth2=-1.0000 track=1 sf=10 flag=ok
[T2depth] t=21.2640 id=1609 src=stereo u=138.0 v=243.0 depth=7.0478 depth2=-1.0000 track=1 sf=10 flag=ok
[T2depth] t=21.2640 id=1612 src=stereo u=390.0 v=125.0 depth=5.0000 depth2=-1.0000 track=1 sf=10 flag=init_neg
[T2depth] t=21.2640 id=1616 src=stereo u=397.0 v=32.0 depth=4.0911 depth2=-1.0000 track=1 sf=10 flag=ok
[T2gate] t=21.2640 tri=67 rej=0 xrej=0 init_replace=2 gate=0
[T2slv] t=21.2640 phase=1 init_cost=103.687 final_cost=102.229 iters=9 term=1 slv_ms=14.0
[T2diag] t=21.2640 P=[-0.0026 0.0174 -0.0012] V=[-0.0135 0.0032 -0.0018] |Bas|=0.315278 |Bgs|=0.0008806 Bas=[-0.291245 -0.120707 0.002642] Bgs=[-0.0001771 -0.0002232 0.0008332] tic0=[0.1200 0.0500 -0.0200] tic1=[0.1200 -0.0500 -0.0200] td=0.00000 track=132
[E2uls] flag=1 sh_t=21.304 new_t=21.304 dP=[-0.0026 0.0036 0.0007] |dP|=0.0045 first_dt=-1.0000
time: 21.264000, t: -0.002552 0.017419 -0.001184 q: 0.999844 0.004823 -0.016830 -0.002427 
[T2depth] t=21.3640 id=1603 src=motion2 u=235.5 v=180.1 depth=5.0000 depth2=-1.0000 track=2 sf=9 flag=init_neg
[T2depth] t=21.3640 id=1606 src=motion2 u=139.3 v=30.8 depth=0.1216 depth2=-1.0000 track=2 sf=9 flag=ok
[T2depth] t=21.3640 id=1613 src=motion2 u=367.0 v=172.0 depth=0.0258 depth2=-1.0000 track=2 sf=9 flag=ok
[T2depth] t=21.3640 id=1614 src=motion2 u=630.0 v=64.0 depth=0.3041 depth2=-1.0000 track=2 sf=9 flag=ok
[T2depth] t=21.3640 id=1615 src=motion2 u=568.0 v=203.0 depth=0.0522 depth2=-1.0000 track=2 sf=9 flag=ok
[T2depth] t=21.3640 id=1619 src=motion2 u=319.0 v=123.0 depth=0.0369 depth2=-1.0000 track=2 sf=9 flag=ok
[T2depth] t=21.3640 id=1620 src=motion2 u=240.0 v=90.0 depth=5.0000 depth2=-1.0000 track=2 sf=9 flag=init_neg
[T2depth] t=21.3640 id=1621 src=stereo u=481.7 v=70.9 depth=3.6417 depth2=-1.0000 track=1 sf=10 flag=ok
[T2depth] t=21.3640 id=1627 src=stereo u=404.0 v=43.0 depth=3.4197 depth2=-1.0000 track=1 sf=10 flag=ok
[T2depth] t=21.3640 id=1633 src=stereo u=175.0 v=89.0 depth=21.4055 depth2=-1.0000 track=1 sf=10 flag=ok
[T2gate] t=21.3640 tri=65 rej=0 xrej=0 init_replace=2 gate=0
[T2slv] t=21.3640 phase=1 init_cost=103.305 final_cost=102.005 iters=6 term=0 slv_ms=11.0
[T2diag] t=21.3640 P=[-0.0035 0.0162 -0.0009] V=[-0.0124 -0.0019 0.0062] |Bas|=0.322791 |Bgs|=0.0008267 Bas=[-0.298956 -0.121712 0.002326] Bgs=[-0.0001712 -0.0002296 0.0007755] tic0=[0.1200 0.0500 -0.0200] tic1=[0.1200 -0.0500 -0.0200] td=0.00000 track=139
[E2uls] flag=1 sh_t=21.404 new_t=21.404 dP=[-0.0014 0.0018 -0.0006] |dP|=0.0023 first_dt=-1.0000
time: 21.364000, t: -0.003456 0.016209 -0.000884 q: 0.999839 0.004980 -0.017110 -0.002176 
[T2xcross] t=21.5000 id=1613 est=0.0258 svd=0.1458 rel=0.8228 track=2 sf=9
[T2depth] t=21.5000 id=1622 src=motion2 u=348.8 v=82.3 depth=5.0000 depth2=-1.0000 track=2 sf=9 flag=init_neg
[T2depth] t=21.5000 id=1626 src=motion2 u=101.0 v=80.0 depth=0.1659 depth2=-1.0000 track=2 sf=9 flag=ok
[T2depth] t=21.5000 id=1628 src=motion2 u=106.0 v=191.0 depth=0.2942 depth2=-1.0000 track=2 sf=9 flag=ok
[T2depth] t=21.5000 id=1629 src=motion2 u=228.0 v=141.0 depth=5.0000 depth2=-1.0000 track=2 sf=9 flag=init_neg
[T2depth] t=21.5000 id=1632 src=motion2 u=565.0 v=34.0 depth=0.3581 depth2=-1.0000 track=2 sf=9 flag=ok
[T2depth] t=21.5000 id=1640 src=stereo u=393.0 v=159.0 depth=4.1723 depth2=-1.0000 track=1 sf=10 flag=ok
[T2gate] t=21.5000 tri=59 rej=0 xrej=0 init_replace=2 gate=0
[T2slv] t=21.5000 phase=1 init_cost=103.334 final_cost=100.062 iters=9 term=1 slv_ms=15.6
[T2diag] t=21.5000 P=[-0.0052 0.0183 -0.0016] V=[-0.0160 0.0127 -0.0037] |Bas|=0.314310 |Bgs|=0.0008135 Bas=[-0.289225 -0.123010 0.002807] Bgs=[-0.0001432 -0.0002378 0.0007647] tic0=[0.1200 0.0500 -0.0200] tic1=[0.1200 -0.0500 -0.0200] td=0.00000 track=140
[E2uls] flag=1 sh_t=21.540 new_t=21.540 dP=[-0.0009 -0.0025 0.0022] |dP|=0.0035 first_dt=-1.0000
time: 21.500000, t: -0.005162 0.018282 -0.001572 q: 0.999843 0.004966 -0.016860 -0.002253 
[T2xcross] t=21.6280 id=1627 est=3.4197 svd=0.4646 rel=0.8641 track=2 sf=9
[T2xcross] t=21.6280 id=1629 est=5.0000 svd=1.4016 rel=0.7197 track=2 sf=9
[T2depth] t=21.6280 id=1634 src=motion2 u=29.6 v=133.1 depth=5.0000 depth2=-1.0000 track=2 sf=9 flag=init_neg
[T2depth] t=21.6280 id=1637 src=motion2 u=177.2 v=82.0 depth=5.0000 depth2=-1.0000 track=2 sf=9 flag=init_neg
[T2depth] t=21.6280 id=1638 src=motion2 u=598.1 v=180.6 depth=0.0025 depth2=-1.0000 track=2 sf=9 flag=ok
[T2depth] t=21.6280 id=1639 src=motion2 u=140.0 v=172.0 depth=5.0000 depth2=-1.0000 track=2 sf=9 flag=init_neg
[T2xcross] t=21.6280 id=1640 est=4.1723 svd=1.0611 rel=0.7457 track=2 sf=9
[T2depth] t=21.6280 id=1641 src=motion2 u=201.0 v=173.0 depth=0.6425 depth2=-1.0000 track=2 sf=9 flag=ok
[T2depth] t=21.6280 id=1643 src=motion2 u=403.0 v=127.0 depth=0.1807 depth2=-1.0000 track=2 sf=9 flag=ok
[T2depth] t=21.6280 id=1644 src=motion2 u=528.0 v=73.0 depth=0.0252 depth2=-1.0000 track=2 sf=9 flag=ok
[T2depth] t=21.6280 id=1645 src=stereo u=40.6 v=28.2 depth=45.1668 depth2=-1.0000 track=1 sf=10 flag=ok
[T2depth] t=21.6280 id=1649 src=stereo u=72.0 v=137.2 depth=5.0000 depth2=-1.0000 track=1 sf=10 flag=init_neg
[T2depth] t=21.6280 id=1655 src=stereo u=98.0 v=67.0 depth=5.0000 depth2=-1.0000 track=1 sf=10 flag=init_neg
[T2gate] t=21.6280 tri=60 rej=0 xrej=0 init_replace=5 gate=0
[T2slv] t=21.6280 phase=1 init_cost=105.794 final_cost=102.945 iters=7 term=0 slv_ms=10.5
[T2diag] t=21.6280 P=[-0.0039 0.0161 -0.0006] V=[-0.0122 0.0004 0.0092] |Bas|=0.328117 |Bgs|=0.0008032 Bas=[-0.303514 -0.124635 0.002439] Bgs=[-0.0001623 -0.0002535 0.0007447] tic0=[0.1200 0.0500 -0.0200] tic1=[0.1200 -0.0500 -0.0200] td=0.00000 track=140
[E2uls] flag=1 sh_t=21.656 new_t=21.656 dP=[-0.0041 0.0043 -0.0017] |dP|=0.0062 first_dt=-1.0000
time: 21.628000, t: -0.003895 0.016123 -0.000561 q: 0.999836 0.005105 -0.017278 -0.002088 
[T2xcross] t=21.7320 id=1609 est=7.0478 svd=0.3125 rel=0.9557 track=2 sf=9
[T2depth] t=21.7320 id=1646 src=motion2 u=238.7 v=204.0 depth=5.0000 depth2=-1.0000 track=2 sf=9 flag=init_neg
[T2xcross] t=21.7320 id=1649 est=5.0000 svd=0.1368 rel=0.9726 track=2 sf=9
[T2depth] t=21.7320 id=1652 src=motion2 u=120.0 v=145.0 depth=0.0602 depth2=-1.0000 track=2 sf=9 flag=ok
[T2depth] t=21.7320 id=1653 src=motion2 u=302.0 v=29.0 depth=0.0568 depth2=-1.0000 track=2 sf=9 flag=ok
[T2depth] t=21.7320 id=1658 src=stereo u=324.2 v=154.1 depth=40.8008 depth2=-1.0000 track=1 sf=10 flag=ok
[T2depth] t=21.7320 id=1663 src=stereo u=401.0 v=13.0 depth=4.5119 depth2=-1.0000 track=1 sf=10 flag=ok
[T2depth] t=21.7320 id=1667 src=stereo u=495.0 v=102.0 depth=3.5602 depth2=-1.0000 track=1 sf=10 flag=ok
[T2gate] t=21.7320 tri=59 rej=0 xrej=0 init_replace=1 gate=0
[T2slv] t=21.7320 phase=1 init_cost=106.282 final_cost=104.581 iters=6 term=0 slv_ms=11.4
[T2diag] t=21.7320 P=[-0.0034 0.0149 -0.0006] V=[-0.0131 0.0098 0.0041] |Bas|=0.329634 |Bgs|=0.0007749 Bas=[-0.304369 -0.126530 0.002903] Bgs=[-0.0001396 -0.0002512 0.0007197] tic0=[0.1200 0.0500 -0.0200] tic1=[0.1200 -0.0500 -0.0200] td=0.00000 track=139
[E2uls] flag=1 sh_t=21.768 new_t=21.768 dP=[-0.0022 0.0012 0.0013] |dP|=0.0029 first_dt=-1.0000
time: 21.732000, t: -0.003441 0.014931 -0.000551 q: 0.999833 0.005237 -0.017346 -0.002181 
[T2depth] t=21.8320 id=1657 src=motion2 u=37.2 v=182.1 depth=5.0000 depth2=-1.0000 track=2 sf=9 flag=init_neg
[T2depth] t=21.8320 id=1659 src=motion2 u=9.6 v=164.7 depth=0.3823 depth2=-1.0000 track=2 sf=9 flag=ok
[T2depth] t=21.8320 id=1661 src=motion2 u=24.5 v=85.8 depth=0.2901 depth2=-1.0000 track=2 sf=9 flag=ok
[T2xcross] t=21.8320 id=1663 est=4.5119 svd=0.3536 rel=0.9216 track=2 sf=9
[T2depth] t=21.8320 id=1665 src=motion2 u=239.0 v=87.0 depth=5.0000 depth2=-1.0000 track=2 sf=9 flag=init_neg
[T2depth] t=21.8320 id=1669 src=stereo u=373.4 v=119.1 depth=4.7698 depth2=-1.0000 track=1 sf=10 flag=ok
[T2depth] t=21.8320 id=1672 src=stereo u=375.3 v=69.2 depth=3.7742 depth2=-1.0000 track=1 sf=10 flag=ok
[T2depth] t=21.8320 id=1678 src=stereo u=363.0 v=192.0 depth=4.0946 depth2=-1.0000 track=1 sf=10 flag=ok
[T2gate] t=21.8320 tri=63 rej=0 xrej=0 init_replace=2 gate=0
[T2slv] t=21.8320 phase=1 init_cost=124.875 final_cost=109.4 iters=9 term=1 slv_ms=15.2
[T2diag] t=21.8320 P=[-0.0075 0.0171 -0.0005] V=[-0.0229 0.0121 0.0075] |Bas|=0.344198 |Bgs|=0.0007038 Bas=[-0.318374 -0.130775 0.002811] Bgs=[-0.0001504 -0.0002130 0.0006537] tic0=[0.1200 0.0500 -0.0200] tic1=[0.1200 -0.0500 -0.0200] td=0.00000 track=136
[E2uls] flag=1 sh_t=21.872 new_t=21.872 dP=[0.0023 -0.0005 -0.0001] |dP|=0.0024 first_dt=-1.0000
time: 21.832000, t: -0.007457 0.017127 -0.000525 q: 0.999822 0.005303 -0.018017 -0.001853 
[T2depth] t=21.9320 id=1677 src=motion2 u=310.0 v=145.0 depth=5.0000 depth2=-1.0000 track=2 sf=9 flag=init_neg
[T2depth] t=21.9320 id=1679 src=motion2 u=490.0 v=181.0 depth=5.0000 depth2=-1.0000 track=2 sf=9 flag=init_neg
[T2depth] t=21.9320 id=1680 src=motion2 u=342.0 v=139.0 depth=0.3146 depth2=-1.0000 track=2 sf=9 flag=ok
[T2depth] t=21.9320 id=1683 src=motion2 u=139.0 v=169.0 depth=1.0882 depth2=-1.0000 track=2 sf=9 flag=ok
[T2depth] t=21.9320 id=1687 src=stereo u=24.1 v=194.1 depth=5.0000 depth2=-1.0000 track=1 sf=10 flag=init_neg
[T2depth] t=21.9320 id=1688 src=stereo u=494.9 v=18.6 depth=3.6395 depth2=-1.0000 track=1 sf=10 flag=ok
[T2depth] t=21.9320 id=1689 src=stereo u=84.7 v=57.9 depth=5.0000 depth2=-1.0000 track=1 sf=10 flag=init_neg
[T2depth] t=21.9320 id=1691 src=stereo u=250.0 v=5.0 depth=35.5614 depth2=-1.0000 track=1 sf=10 flag=ok
[T2depth] t=21.9320 id=1697 src=stereo u=237.0 v=176.0 depth=5.0000 depth2=-1.0000 track=1 sf=10 flag=init_neg
[T2gate] t=21.9320 tri=64 rej=0 xrej=0 init_replace=5 gate=0
[T2slv] t=21.9320 phase=1 init_cost=115.019 final_cost=112.907 iters=6 term=0 slv_ms=9.8
[T2diag] t=21.9320 P=[-0.0069 0.0156 -0.0003] V=[-0.0252 0.0061 0.0090] |Bas|=0.353736 |Bgs|=0.0006707 Bas=[-0.326788 -0.135386 0.003143] Bgs=[-0.0001653 -0.0001892 0.0006219] tic0=[0.1200 0.0500 -0.0200] tic1=[0.1200 -0.0500 -0.0200] td=0.00000 track=138
[E2uls] flag=1 sh_t=21.964 new_t=21.964 dP=[-0.0036 0.0035 0.0009] |dP|=0.0051 first_dt=-1.0000
time: 21.932000, t: -0.006855 0.015571 -0.000304 q: 0.999813 0.005785 -0.018387 -0.001674 
[T2xcross] t=22.0640 id=1683 est=1.0882 svd=0.2712 rel=0.7508 track=2 sf=9
[T2xcross] t=22.0640 id=1689 est=5.0000 svd=0.0544 rel=0.9891 track=2 sf=9
[T2depth] t=22.0640 id=1696 src=motion2 u=180.0 v=93.0 depth=5.0000 depth2=-1.0000 track=2 sf=9 flag=init_neg
[T2depth] t=22.0640 id=1698 src=stereo u=55.5 v=177.9 depth=17.5582 depth2=-1.0000 track=1 sf=10 flag=ok
[T2depth] t=22.0640 id=1708 src=stereo u=448.0 v=71.0 depth=3.8976 depth2=-1.0000 track=1 sf=10 flag=ok
[T2depth] t=22.0640 id=1712 src=stereo u=553.0 v=115.0 depth=5.0000 depth2=-1.0000 track=1 sf=10 flag=init_neg
[T2depth] t=22.0640 id=1715 src=stereo u=381.0 v=160.0 depth=3.3586 depth2=-1.0000 track=1 sf=10 flag=ok
[T2gate] t=22.0640 tri=63 rej=0 xrej=0 init_replace=2 gate=0
[T2slv] t=22.0640 phase=1 init_cost=116.253 final_cost=111.889 iters=9 term=1 slv_ms=10.7
[T2diag] t=22.0640 P=[-0.0060 0.0133 -0.0006] V=[-0.0225 0.0002 -0.0029] |Bas|=0.356598 |Bgs|=0.0006397 Bas=[-0.327283 -0.141538 0.003823] Bgs=[-0.0001852 -0.0001915 0.0005815] tic0=[0.1200 0.0500 -0.0200] tic1=[0.1200 -0.0500 -0.0200] td=0.00000 track=135
[E2uls] flag=1 sh_t=22.100 new_t=22.100 dP=[-0.0052 0.0035 0.0017] |dP|=0.0065 first_dt=-1.0000
time: 22.064000, t: -0.005965 0.013263 -0.000590 q: 0.999810 0.006035 -0.018500 -0.001232 
[T2depth] t=22.1640 id=1705 src=motion2 u=542.6 v=56.7 depth=0.1184 depth2=-1.0000 track=2 sf=9 flag=ok
[T2depth] t=22.1640 id=1706 src=motion2 u=210.9 v=75.1 depth=0.1432 depth2=-1.0000 track=2 sf=9 flag=ok
[T2depth] t=22.1640 id=1709 src=motion2 u=215.0 v=27.0 depth=0.4544 depth2=-1.0000 track=2 sf=9 flag=ok
[T2depth] t=22.1640 id=1710 src=motion2 u=547.0 v=18.0 depth=5.0000 depth2=-1.0000 track=2 sf=9 flag=init_neg
[T2depth] t=22.1640 id=1711 src=motion2 u=556.0 v=174.0 depth=5.0000 depth2=-1.0000 track=2 sf=9 flag=init_neg
[T2xcross] t=22.1640 id=1712 est=5.0000 svd=0.0881 rel=0.9824 track=2 sf=9
[T2xcross] t=22.1640 id=1715 est=3.3586 svd=0.0317 rel=0.9906 track=2 sf=9
[T2depth] t=22.1640 id=1716 src=motion2 u=147.0 v=74.0 depth=0.7667 depth2=-1.0000 track=2 sf=9 flag=ok
[T2depth] t=22.1640 id=1717 src=motion2 u=311.0 v=90.0 depth=5.0000 depth2=-1.0000 track=2 sf=9 flag=init_neg
[T2depth] t=22.1640 id=1720 src=stereo u=452.0 v=188.7 depth=3.8909 depth2=-1.0000 track=1 sf=10 flag=ok
[T2depth] t=22.1640 id=1722 src=stereo u=412.3 v=42.8 depth=3.8401 depth2=-1.0000 track=1 sf=10 flag=ok
[T2depth] t=22.1640 id=1724 src=stereo u=375.0 v=57.0 depth=3.5543 depth2=-1.0000 track=1 sf=10 flag=ok
[T2gate] t=22.1640 tri=61 rej=0 xrej=0 init_replace=3 gate=0
[T2slv] t=22.1640 phase=1 init_cost=115.296 final_cost=104.6 iters=9 term=1 slv_ms=12.2
[T2diag] t=22.1640 P=[-0.0034 0.0174 -0.0008] V=[-0.0175 0.0120 -0.0031] |Bas|=0.349719 |Bgs|=0.0007731 Bas=[-0.318028 -0.145426 0.003577] Bgs=[-0.0001709 -0.0002231 0.0007203] tic0=[0.1200 0.0500 -0.0200] tic1=[0.1200 -0.0500 -0.0200] td=0.00000 track=141
[E2uls] flag=1 sh_t=22.204 new_t=22.204 dP=[-0.0060 -0.0043 -0.0001] |dP|=0.0074 first_dt=-1.0000
time: 22.164000, t: -0.003384 0.017371 -0.000808 q: 0.999817 0.005872 -0.018054 -0.002396 
[T2xcross] t=22.2640 id=1677 est=5.0000 svd=1.1999 rel=0.7600 track=2 sf=9
[T2xcross] t=22.2640 id=1705 est=0.1184 svd=0.1022 rel=0.1368 track=2 sf=9
[T2xcross] t=22.2640 id=1720 est=3.8909 svd=0.0271 rel=0.9930 track=2 sf=9
[T2depth] t=22.2640 id=1723 src=motion2 u=132.0 v=151.0 depth=0.2680 depth2=-1.0000 track=2 sf=9 flag=ok
[T2depth] t=22.2640 id=1725 src=motion2 u=272.0 v=104.0 depth=5.0000 depth2=-1.0000 track=2 sf=9 flag=init_neg
[T2depth] t=22.2640 id=1726 src=motion2 u=335.0 v=26.0 depth=0.1354 depth2=-1.0000 track=2 sf=9 flag=ok
[T2depth] t=22.2640 id=1728 src=motion2 u=128.0 v=211.0 depth=1.1782 depth2=-1.0000 track=2 sf=9 flag=ok
[T2depth] t=22.2640 id=1729 src=motion2 u=581.0 v=209.0 depth=5.0000 depth2=-1.0000 track=2 sf=9 flag=init_neg
[T2depth] t=22.2640 id=1731 src=stereo u=376.4 v=8.0 depth=4.3517 depth2=-1.0000 track=1 sf=10 flag=ok
[T2depth] t=22.2640 id=1733 src=stereo u=397.0 v=138.8 depth=45.3087 depth2=-1.0000 track=1 sf=10 flag=ok
[T2depth] t=22.2640 id=1735 src=stereo u=388.5 v=182.9 depth=3.9943 depth2=-1.0000 track=1 sf=10 flag=ok
[T2depth] t=22.2640 id=1737 src=stereo u=517.0 v=166.0 depth=4.4009 depth2=-1.0000 track=1 sf=10 flag=ok
[T2depth] t=22.2640 id=1739 src=stereo u=163.0 v=19.0 depth=27.5334 depth2=-1.0000 track=1 sf=10 flag=ok
[T2gate] t=22.2640 tri=58 rej=0 xrej=0 init_replace=2 gate=0
[T2slv] t=22.2640 phase=1 init_cost=106.344 final_cost=103.859 iters=6 term=0 slv_ms=12.2
[T2diag] t=22.2640 P=[-0.0030 0.0182 -0.0001] V=[-0.0171 0.0119 0.0087] |Bas|=0.357146 |Bgs|=0.0007610 Bas=[-0.324572 -0.148985 0.003030] Bgs=[-0.0001721 -0.0002236 0.0007067] tic0=[0.1200 0.0500 -0.0200] tic1=[0.1200 -0.0500 -0.0200] td=0.00000 track=139
[E2uls] flag=1 sh_t=22.300 new_t=22.300 dP=[-0.0030 0.0011 -0.0015] |dP|=0.0035 first_dt=-1.0000
time: 22.264000, t: -0.002975 0.018170 -0.000075 q: 0.999813 0.006223 -0.018138 -0.002476 
[T2xcross] t=22.3680 id=1661 est=0.2901 svd=1.1829 rel=0.7547 track=2 sf=9
[T2xcross] t=22.3680 id=1722 est=3.8401 svd=0.3748 rel=0.9024 track=2 sf=9
[T2depth] t=22.3680 id=1732 src=motion2 u=279.6 v=172.9 depth=0.0013 depth2=-1.0000 track=2 sf=9 flag=ok
[T2xcross] t=22.3680 id=1733 est=45.3087 svd=0.1958 rel=0.9957 track=2 sf=9
[T2depth] t=22.3680 id=1734 src=motion2 u=504.8 v=124.3 depth=0.1876 depth2=-1.0000 track=2 sf=9 flag=ok
[T2depth] t=22.3680 id=1738 src=motion2 u=316.0 v=58.0 depth=5.0000 depth2=-1.0000 track=2 sf=9 flag=init_neg
[T2xcross] t=22.3680 id=1739 est=27.5334 svd=0.1304 rel=0.9953 track=2 sf=9
[T2depth] t=22.3680 id=1740 src=motion2 u=542.0 v=183.0 depth=5.0000 depth2=-1.0000 track=2 sf=9 flag=init_neg
[T2depth] t=22.3680 id=1745 src=stereo u=189.7 v=170.2 depth=5.0000 depth2=-1.0000 track=1 sf=10 flag=init_neg
[T2depth] t=22.3680 id=1753 src=stereo u=473.0 v=208.0 depth=4.4174 depth2=-1.0000 track=1 sf=10 flag=ok
[T2gate] t=22.3680 tri=59 rej=0 xrej=0 init_replace=3 gate=0
[T2slv] t=22.3680 phase=1 init_cost=102.835 final_cost=100.855 iters=6 term=0 slv_ms=9.4
[T2diag] t=22.3680 P=[-0.0029 0.0209 -0.0003] V=[-0.0209 0.0066 0.0050] |Bas|=0.366449 |Bgs|=0.0007784 Bas=[-0.332861 -0.153216 0.003627] Bgs=[-0.0001743 -0.0001929 0.0007337] tic0=[0.1200 0.0500 -0.0200] tic1=[0.1200 -0.0500 -0.0200] td=0.00000 track=138
[E2uls] flag=1 sh_t=22.400 new_t=22.400 dP=[-0.0018 -0.0009 0.0014] |dP|=0.0025 first_dt=-1.0000
time: 22.368000, t: -0.002899 0.020928 -0.000344 q: 0.999802 0.006429 -0.018633 -0.002572 
[T2depth] t=22.4640 id=1741 src=motion2 u=575.0 v=275.0 depth=5.0000 depth2=-1.0000 track=2 sf=9 flag=init_neg
[T2depth] t=22.4640 id=1743 src=motion2 u=95.0 v=198.4 depth=0.5753 depth2=-1.0000 track=2 sf=9 flag=ok
[T2depth] t=22.4640 id=1746 src=motion2 u=14.9 v=10.3 depth=0.1746 depth2=-1.0000 track=2 sf=9 flag=ok
[T2depth] t=22.4640 id=1748 src=motion2 u=619.0 v=141.0 depth=0.2884 depth2=-1.0000 track=2 sf=9 flag=ok
[T2depth] t=22.4640 id=1750 src=motion2 u=631.0 v=249.0 depth=5.0000 depth2=-1.0000 track=2 sf=9 flag=init_neg
[T2depth] t=22.4640 id=1751 src=motion2 u=217.0 v=36.0 depth=5.0000 depth2=-1.0000 track=2 sf=9 flag=init_neg
[T2depth] t=22.4640 id=1752 src=motion2 u=495.0 v=20.0 depth=0.0781 depth2=-1.0000 track=2 sf=9 flag=ok
[T2depth] t=22.4640 id=1756 src=stereo u=38.9 v=196.4 depth=25.6900 depth2=-1.0000 track=1 sf=10 flag=ok
[T2depth] t=22.4640 id=1758 src=stereo u=495.4 v=94.1 depth=3.6835 depth2=-1.0000 track=1 sf=10 flag=ok
[T2depth] t=22.4640 id=1759 src=stereo u=58.8 v=18.9 depth=26.4513 depth2=-1.0000 track=1 sf=10 flag=ok
[T2gate] t=22.4640 tri=61 rej=0 xrej=0 init_replace=3 gate=0
[T2slv] t=22.4640 phase=1 init_cost=102.606 final_cost=100.998 iters=7 term=0 slv_ms=12.1
[T2diag] t=22.4640 P=[-0.0023 0.0226 -0.0008] V=[-0.0259 0.0059 -0.0024] |Bas|=0.366841 |Bgs|=0.0008126 Bas=[-0.332826 -0.154213 0.004174] Bgs=[-0.0001782 -0.0001940 0.0007687] tic0=[0.1200 0.0500 -0.0200] tic1=[0.1200 -0.0500 -0.0200] td=0.00000 track=140
[E2uls] flag=1 sh_t=22.496 new_t=22.496 dP=[-0.0032 -0.0009 0.0013] |dP|=0.0036 first_dt=-1.0000
time: 22.464000, t: -0.002286 0.022620 -0.000849 q: 0.999798 0.006438 -0.018802 -0.002872 
[T2xcross] t=22.5640 id=1725 est=5.0000 svd=1.5884 rel=0.6823 track=2 sf=9
[T2xcross] t=22.5640 id=1738 est=5.0000 svd=0.0715 rel=0.9857 track=2 sf=9
[T2xcross] t=22.5640 id=1751 est=5.0000 svd=0.3795 rel=0.9241 track=2 sf=9
[T2xcross] t=22.5640 id=1756 est=25.6900 svd=0.3297 rel=0.9872 track=2 sf=9
[T2xcross] t=22.5640 id=1759 est=26.4513 svd=0.2976 rel=0.9887 track=2 sf=9
[T2depth] t=22.5640 id=1764 src=motion2 u=570.0 v=65.0 depth=5.0000 depth2=-1.0000 track=2 sf=9 flag=init_neg
[T2depth] t=22.5640 id=1766 src=stereo u=264.6 v=130.4 depth=22.2670 depth2=-1.0000 track=1 sf=10 flag=ok
[T2depth] t=22.5640 id=1768 src=stereo u=130.3 v=197.7 depth=31.8412 depth2=-1.0000 track=1 sf=10 flag=ok
[T2depth] t=22.5640 id=1769 src=stereo u=386.3 v=40.2 depth=4.0851 depth2=-1.0000 track=1 sf=10 flag=ok
[T2depth] t=22.5640 id=1770 src=stereo u=393.0 v=139.0 depth=21.6256 depth2=-1.0000 track=1 sf=10 flag=ok
[T2depth] t=22.5640 id=1772 src=stereo u=346.0 v=138.0 depth=35.7081 depth2=-1.0000 track=1 sf=10 flag=ok
[T2gate] t=22.5640 tri=60 rej=0 xrej=0 init_replace=1 gate=0
[T2slv] t=22.5640 phase=1 init_cost=102.878 final_cost=100.926 iters=7 term=0 slv_ms=12.9
[T2diag] t=22.5640 P=[-0.0024 0.0217 -0.0001] V=[-0.0198 0.0056 0.0076] |Bas|=0.377003 |Bgs|=0.0007976 Bas=[-0.342724 -0.157027 0.003714] Bgs=[-0.0001850 -0.0001965 0.0007505] tic0=[0.1200 0.0500 -0.0200] tic1=[0.1200 -0.0500 -0.0200] td=0.00000 track=138
[E2uls] flag=1 sh_t=22.604 new_t=22.604 dP=[-0.0035 0.0017 -0.0018] |dP|=0.0043 first_dt=-1.0000
time: 22.564000, t: -0.002386 0.021742 -0.000131 q: 0.999794 0.006480 -0.019039 -0.002738 
[T2xcross] t=22.6640 id=1758 est=3.6835 svd=0.1553 rel=0.9578 track=2 sf=9
[T2depth] t=22.6640 id=1765 src=motion2 u=109.0 v=152.7 depth=0.2339 depth2=-1.0000 track=2 sf=9 flag=ok
[T2depth] t=22.6640 id=1771 src=motion2 u=56.0 v=99.0 depth=5.0000 depth2=-1.0000 track=2 sf=9 flag=init_neg
[T2depth] t=22.6640 id=1773 src=motion2 u=11.0 v=180.0 depth=5.0000 depth2=-1.0000 track=2 sf=9 flag=init_neg
[T2depth] t=22.6640 id=1774 src=motion2 u=446.0 v=142.0 depth=0.3907 depth2=-1.0000 track=2 sf=9 flag=ok
[T2depth] t=22.6640 id=1775 src=motion2 u=568.0 v=126.0 depth=5.0000 depth2=-1.0000 track=2 sf=9 flag=init_neg
[T2depth] t=22.6640 id=1776 src=motion2 u=551.0 v=14.0 depth=5.0000 depth2=-1.0000 track=2 sf=9 flag=init_neg
[T2depth] t=22.6640 id=1778 src=stereo u=304.2 v=124.8 depth=5.0000 depth2=-1.0000 track=1 sf=10 flag=init_neg
[T2depth] t=22.6640 id=1780 src=stereo u=407.7 v=74.2 depth=3.7926 depth2=-1.0000 track=1 sf=10 flag=ok
[T2gate] t=22.6640 tri=56 rej=0 xrej=0 init_replace=5 gate=0
[T2slv] t=22.6640 phase=1 init_cost=102.252 final_cost=99.7954 iters=8 term=0 slv_ms=11.0
[T2diag] t=22.6640 P=[-0.0022 0.0184 -0.0000] V=[-0.0244 -0.0030 0.0077] |Bas|=0.390776 |Bgs|=0.0007654 Bas=[-0.355545 -0.162097 0.004276] Bgs=[-0.0002206 -0.0001667 0.0007137] tic0=[0.1200 0.0500 -0.0200] tic1=[0.1200 -0.0500 -0.0200] td=0.00000 track=142
[E2uls] flag=1 sh_t=22.700 new_t=22.700 dP=[-0.0025 0.0049 0.0009] |dP|=0.0056 first_dt=-1.0000
time: 22.664000, t: -0.002187 0.018405 -0.000041 q: 0.999782 0.006832 -0.019594 -0.002372 
[T2xcross] t=22.7640 id=1771 est=5.0000 svd=0.6638 rel=0.8672 track=2 sf=9
[T2depth] t=22.7640 id=1779 src=motion2 u=190.7 v=52.2 depth=1.1657 depth2=-1.0000 track=2 sf=9 flag=ok
[T2depth] t=22.7640 id=1781 src=motion2 u=338.3 v=131.2 depth=5.0000 depth2=-1.0000 track=2 sf=9 flag=init_neg
[T2depth] t=22.7640 id=1784 src=motion2 u=183.0 v=156.0 depth=5.0000 depth2=-1.0000 track=2 sf=9 flag=init_neg
[T2depth] t=22.7640 id=1785 src=motion2 u=62.0 v=143.0 depth=0.2677 depth2=-1.0000 track=2 sf=9 flag=ok
[T2depth] t=22.7640 id=1786 src=motion2 u=25.0 v=67.0 depth=0.4577 depth2=-1.0000 track=2 sf=9 flag=ok
[T2depth] t=22.7640 id=1788 src=stereo u=285.1 v=202.1 depth=45.6353 depth2=-1.0000 track=1 sf=10 flag=ok
[T2gate] t=22.7640 tri=54 rej=0 xrej=0 init_replace=2 gate=0
[T2slv] t=22.7640 phase=1 init_cost=101.585 final_cost=99.5345 iters=9 term=1 slv_ms=16.4
[T2diag] t=22.7640 P=[-0.0022 0.0187 0.0005] V=[-0.0236 0.0107 0.0105] |Bas|=0.393745 |Bgs|=0.0007677 Bas=[-0.355102 -0.170053 0.004420] Bgs=[-0.0002050 -0.0001500 0.0007244] tic0=[0.1200 0.0500 -0.0200] tic1=[0.1200 -0.0500 -0.0200] td=0.00000 track=143
[E2uls] flag=1 sh_t=22.808 new_t=22.808 dP=[-0.0036 -0.0007 0.0009] |dP|=0.0038 first_dt=-1.0000
time: 22.764000, t: -0.002156 0.018743 0.000516 q: 0.999782 0.007102 -0.019452 -0.002519 
[T2xcross] t=22.8680 id=1743 est=0.5753 svd=1.2237 rel=0.5298 track=2 sf=9
[T2xcross] t=22.8680 id=1764 est=5.0000 svd=1.0754 rel=0.7849 track=2 sf=9
[T2xcross] t=22.8680 id=1780 est=3.7926 svd=0.0226 rel=0.9940 track=2 sf=9
[T2xcross] t=22.8680 id=1781 est=5.0000 svd=1.8455 rel=0.6309 track=2 sf=9
[T2depth] t=22.8680 id=1789 src=motion2 u=629.5 v=60.1 depth=0.0899 depth2=-1.0000 track=2 sf=9 flag=ok
[T2depth] t=22.8680 id=1791 src=motion2 u=10.0 v=98.0 depth=5.0000 depth2=-1.0000 track=2 sf=9 flag=init_neg
[T2depth] t=22.8680 id=1792 src=motion2 u=160.0 v=201.0 depth=5.0000 depth2=-1.0000 track=2 sf=9 flag=init_neg
[T2depth] t=22.8680 id=1793 src=motion2 u=348.0 v=195.0 depth=5.0000 depth2=-1.0000 track=2 sf=9 flag=init_neg
[T2depth] t=22.8680 id=1794 src=motion2 u=604.0 v=219.0 depth=0.1892 depth2=-1.0000 track=2 sf=9 flag=ok
[T2depth] t=22.8680 id=1795 src=motion2 u=634.0 v=163.0 depth=0.1275 depth2=-1.0000 track=2 sf=9 flag=ok
[T2depth] t=22.8680 id=1797 src=stereo u=181.1 v=77.7 depth=5.0000 depth2=-1.0000 track=1 sf=10 flag=init_neg
[T2depth] t=22.8680 id=1798 src=stereo u=378.2 v=189.4 depth=4.0728 depth2=-1.0000 track=1 sf=10 flag=ok
[T2depth] t=22.8680 id=1799 src=stereo u=268.7 v=54.7 depth=5.0000 depth2=-1.0000 track=1 sf=10 flag=init_neg
[T2depth] t=22.8680 id=1801 src=stereo u=497.0 v=91.0 depth=4.0442 depth2=-1.0000 track=1 sf=10 flag=ok
[T2gate] t=22.8680 tri=55 rej=0 xrej=0 init_replace=5 gate=0
[T2slv] t=22.8680 phase=1 init_cost=102.907 final_cost=100.181 iters=9 term=1 slv_ms=10.9
[T2diag] t=22.8680 P=[-0.0018 0.0207 0.0008] V=[-0.0276 0.0034 0.0096] |Bas|=0.402015 |Bgs|=0.0007974 Bas=[-0.359288 -0.180293 0.004799] Bgs=[-0.0002170 -0.0001182 0.0007582] tic0=[0.1200 0.0500 -0.0200] tic1=[0.1200 -0.0500 -0.0200] td=0.00000 track=142
[E2uls] flag=1 sh_t=22.892 new_t=22.892 dP=[-0.0031 -0.0002 0.0010] |dP|=0.0033 first_dt=-1.0000
time: 22.868000, t: -0.001781 0.020678 0.000828 q: 0.999776 0.007588 -0.019584 -0.002649 
[T2depth] t=22.9680 id=1796 src=motion2 u=140.9 v=243.0 depth=5.0000 depth2=-1.0000 track=2 sf=9 flag=init_neg
[T2xcross] t=22.9680 id=1797 est=5.0000 svd=0.6288 rel=0.8742 track=2 sf=9
[T2depth] t=22.9680 id=1800 src=motion2 u=323.1 v=92.8 depth=0.3267 depth2=-1.0000 track=2 sf=9 flag=ok
[T2depth] t=22.9680 id=1806 src=stereo u=616.5 v=76.8 depth=21.8079 depth2=-1.0000 track=1 sf=10 flag=ok
[T2depth] t=22.9680 id=1809 src=stereo u=497.6 v=194.4 depth=3.7701 depth2=-1.0000 track=1 sf=10 flag=ok
[T2gate] t=22.9680 tri=57 rej=0 xrej=0 init_replace=1 gate=0
[T2slv] t=22.9680 phase=1 init_cost=102.799 final_cost=100.216 iters=9 term=1 slv_ms=13.0
[T2diag] t=22.9680 P=[-0.0016 0.0209 0.0004] V=[-0.0343 -0.0016 0.0020] |Bas|=0.402773 |Bgs|=0.0008156 Bas=[-0.355947 -0.188414 0.005342] Bgs=[-0.0002354 -0.0001001 0.0007745] tic0=[0.1200 0.0500 -0.0200] tic1=[0.1200 -0.0500 -0.0200] td=0.00000 track=138
[E2uls] flag=1 sh_t=23.008 new_t=23.008 dP=[-0.0038 0.0006 0.0023] |dP|=0.0045 first_dt=-1.0000
time: 22.968000, t: -0.001626 0.020882 0.000354 q: 0.999772 0.008070 -0.019581 -0.002624 
[T2depth] t=23.0640 id=1805 src=motion2 u=431.7 v=157.0 depth=5.0000 depth2=-1.0000 track=2 sf=9 flag=init_neg
[T2depth] t=23.0640 id=1808 src=motion2 u=25.8 v=189.1 depth=0.1535 depth2=-1.0000 track=2 sf=9 flag=ok
[T2depth] t=23.0640 id=1810 src=motion2 u=209.0 v=119.0 depth=0.0678 depth2=-1.0000 track=2 sf=9 flag=ok
[T2depth] t=23.0640 id=1815 src=motion2 u=633.0 v=257.0 depth=18.5973 depth2=-1.0000 track=2 sf=9 flag=ok
[T2depth] t=23.0640 id=1816 src=motion2 u=207.0 v=173.0 depth=5.0000 depth2=-1.0000 track=2 sf=9 flag=init_neg
[T2depth] t=23.0640 id=1817 src=motion2 u=541.0 v=117.0 depth=5.0000 depth2=-1.0000 track=2 sf=9 flag=init_neg
[T2gate] t=23.0640 tri=59 rej=0 xrej=0 init_replace=3 gate=0
[T2slv] t=23.0640 phase=1 init_cost=103.812 final_cost=100.396 iters=9 term=1 slv_ms=15.0
[T2diag] t=23.0640 P=[-0.0013 0.0234 0.0007] V=[-0.0314 0.0163 0.0057] |Bas|=0.395139 |Bgs|=0.0008368 Bas=[-0.340440 -0.200529 0.004823] Bgs=[-0.0002052 -0.0001133 0.0008033] tic0=[0.1200 0.0500 -0.0200] tic1=[0.1200 -0.0500 -0.0200] td=0.00000 track=142
[E2uls] flag=1 sh_t=23.104 new_t=23.104 dP=[-0.0054 -0.0033 0.0000] |dP|=0.0063 first_dt=-1.0000
time: 23.064000, t: -0.001312 0.023413 0.000698 q: 0.999784 0.008596 -0.018712 -0.002964 
[T2depth] t=23.1640 id=1820 src=motion2 u=545.2 v=76.5 depth=0.7606 depth2=-1.0000 track=2 sf=9 flag=ok
[T2depth] t=23.1640 id=1823 src=motion2 u=553.0 v=154.0 depth=0.1528 depth2=-1.0000 track=2 sf=9 flag=ok
[T2depth] t=23.1640 id=1824 src=motion2 u=368.0 v=9.0 depth=0.0639 depth2=-1.0000 track=2 sf=9 flag=ok
[T2depth] t=23.1640 id=1825 src=motion2 u=531.0 v=192.0 depth=0.0998 depth2=-1.0000 track=2 sf=9 flag=ok
[T2depth] t=23.1640 id=1826 src=motion2 u=333.0 v=78.0 depth=5.0000 depth2=-1.0000 track=2 sf=9 flag=init_neg
[T2depth] t=23.1640 id=1832 src=stereo u=372.0 v=93.0 depth=3.6076 depth2=-1.0000 track=1 sf=10 flag=ok
[T2depth] t=23.1640 id=1838 src=stereo u=447.0 v=82.0 depth=3.8993 depth2=-1.0000 track=1 sf=10 flag=ok
[T2gate] t=23.1640 tri=59 rej=0 xrej=0 init_replace=1 gate=0
[T2slv] t=23.1640 phase=1 init_cost=117.16 final_cost=109.118 iters=9 term=1 slv_ms=15.7
[T2diag] t=23.1640 P=[-0.0087 0.0311 0.0001] V=[-0.0471 0.0066 0.0044] |Bas|=0.400256 |Bgs|=0.0008854 Bas=[-0.341584 -0.208567 0.004967] Bgs=[-0.0002227 -0.0000678 0.0008543] tic0=[0.1200 0.0500 -0.0200] tic1=[0.1200 -0.0500 -0.0200] td=0.00000 track=140
[E2uls] flag=1 sh_t=23.208 new_t=23.208 dP=[0.0036 -0.0048 0.0013] |dP|=0.0061 first_dt=-1.0000
time: 23.164000, t: -0.008711 0.031065 0.000052 q: 0.999773 0.008985 -0.019050 -0.003190 
[T2xcross] t=23.2680 id=1805 est=5.0000 svd=0.4623 rel=0.9075 track=2 sf=9
[T2depth] t=23.2680 id=1828 src=motion2 u=83.5 v=158.0 depth=0.9262 depth2=-1.0000 track=2 sf=9 flag=ok
[T2depth] t=23.2680 id=1836 src=motion2 u=271.0 v=127.0 depth=5.0000 depth2=-1.0000 track=2 sf=9 flag=init_neg
[T2xcross] t=23.2680 id=1838 est=3.8993 svd=1.7086 rel=0.5618 track=2 sf=9
[T2depth] t=23.2680 id=1839 src=stereo u=361.7 v=137.9 depth=46.3932 depth2=-1.0000 track=1 sf=10 flag=ok
[T2depth] t=23.2680 id=1848 src=stereo u=253.0 v=23.0 depth=5.0000 depth2=-1.0000 track=1 sf=10 flag=init_neg
[T2depth] t=23.2680 id=1849 src=stereo u=605.0 v=116.0 depth=40.7308 depth2=-1.0000 track=1 sf=10 flag=ok
[T2depth] t=23.2680 id=1850 src=stereo u=173.0 v=169.0 depth=5.0000 depth2=-1.0000 track=1 sf=10 flag=init_neg
[T2gate] t=23.2680 tri=60 rej=0 xrej=0 init_replace=3 gate=0
[T2slv] t=23.2680 phase=1 init_cost=117.992 final_cost=108.617 iters=9 term=1 slv_ms=13.6
[T2diag] t=23.2680 P=[-0.0034 0.0202 0.0004] V=[-0.0374 0.0039 0.0031] |Bas|=0.397229 |Bgs|=0.0007560 Bas=[-0.333160 -0.216268 0.004858] Bgs=[-0.0002552 -0.0001010 0.0007044] tic0=[0.1200 0.0500 -0.0200] tic1=[0.1200 -0.0500 -0.0200] td=0.00000 track=139
[E2uls] flag=1 sh_t=23.308 new_t=23.308 dP=[-0.0126 0.0125 0.0003] |dP|=0.0178 first_dt=-1.0000
time: 23.268000, t: -0.003363 0.020212 0.000402 q: 0.999782 0.009537 -0.018467 -0.002071 
[T2depth] t=23.3640 id=1842 src=motion2 u=45.2 v=126.7 depth=5.0000 depth2=-1.0000 track=2 sf=9 flag=init_neg
[T2depth] t=23.3640 id=1845 src=motion2 u=215.0 v=161.0 depth=5.0000 depth2=-1.0000 track=2 sf=9 flag=init_neg
[T2depth] t=23.3640 id=1847 src=motion2 u=311.0 v=16.0 depth=5.0000 depth2=-1.0000 track=2 sf=9 flag=init_neg
[T2xcross] t=23.3640 id=1850 est=5.0000 svd=0.2927 rel=0.9415 track=2 sf=9
[T2depth] t=23.3640 id=1859 src=stereo u=543.0 v=138.0 depth=5.0000 depth2=-1.0000 track=1 sf=10 flag=init_neg
[T2depth] t=23.3640 id=1862 src=stereo u=508.0 v=133.0 depth=5.0000 depth2=-1.0000 track=1 sf=10 flag=init_neg
[T2gate] t=23.3640 tri=60 rej=0 xrej=0 init_replace=5 gate=0
[T2slv] t=23.3640 phase=1 init_cost=115.069 final_cost=111.829 iters=9 term=1 slv_ms=9.2
[T2diag] t=23.3640 P=[-0.0008 0.0182 0.0006] V=[-0.0313 0.0021 0.0062] |Bas|=0.399565 |Bgs|=0.0007531 Bas=[-0.333571 -0.219910 0.004760] Bgs=[-0.0002505 -0.0001087 0.0007019] tic0=[0.1200 0.0500 -0.0200] tic1=[0.1200 -0.0500 -0.0200] td=0.00000 track=138
[E2uls] flag=1 sh_t=23.396 new_t=23.396 dP=[-0.0071 0.0027 0.0001] |dP|=0.0076 first_dt=-1.0000
time: 23.364000, t: -0.000807 0.018184 0.000584 q: 0.999781 0.009824 -0.018371 -0.001999 
[T2depth] t=23.4640 id=1852 src=motion2 u=595.3 v=32.8 depth=5.0000 depth2=-1.0000 track=2 sf=9 flag=init_neg
[T2depth] t=23.4640 id=1853 src=motion2 u=354.8 v=200.7 depth=0.0817 depth2=-1.0000 track=2 sf=9 flag=ok
[T2depth] t=23.4640 id=1854 src=motion2 u=573.9 v=268.0 depth=27.1309 depth2=-1.0000 track=2 sf=9 flag=ok
[T2depth] t=23.4640 id=1857 src=motion2 u=212.0 v=204.0 depth=1.1444 depth2=-1.0000 track=2 sf=9 flag=ok
[T2depth] t=23.4640 id=1858 src=motion2 u=406.0 v=127.0 depth=5.0000 depth2=-1.0000 track=2 sf=9 flag=init_neg
[T2depth] t=23.4640 id=1860 src=motion2 u=235.0 v=12.0 depth=4.7921 depth2=-1.0000 track=2 sf=9 flag=ok
[T2depth] t=23.4640 id=1868 src=stereo u=404.7 v=41.9 depth=3.6932 depth2=-1.0000 track=1 sf=10 flag=ok
[T2depth] t=23.4640 id=1869 src=stereo u=478.0 v=56.0 depth=3.6534 depth2=-1.0000 track=1 sf=10 flag=ok
[T2depth] t=23.4640 id=1873 src=stereo u=410.0 v=180.0 depth=4.2124 depth2=-1.0000 track=1 sf=10 flag=ok
[T2depth] t=23.4640 id=1876 src=stereo u=518.0 v=27.0 depth=4.3393 depth2=-1.0000 track=1 sf=10 flag=ok
[T2depth] t=23.4640 id=1877 src=stereo u=226.0 v=75.0 depth=22.3667 depth2=-1.0000 track=1 sf=10 flag=ok
[T2gate] t=23.4640 tri=63 rej=0 xrej=0 init_replace=2 gate=0
[T2slv] t=23.4640 phase=1 init_cost=116.956 final_cost=113.339 iters=9 term=1 slv_ms=6.4
[T2diag] t=23.4640 P=[-0.0004 0.0158 0.0004] V=[-0.0370 -0.0034 0.0034] |Bas|=0.404850 |Bgs|=0.0007321 Bas=[-0.337502 -0.223540 0.005034] Bgs=[-0.0002496 -0.0000999 0.0006810] tic0=[0.1200 0.0500 -0.0200] tic1=[0.1200 -0.0500 -0.0200] td=0.00000 track=138
[E2uls] flag=1 sh_t=23.496 new_t=23.496 dP=[-0.0048 0.0029 0.0008] |dP|=0.0056 first_dt=-1.0000
time: 23.464000, t: -0.000390 0.015802 0.000384 q: 0.999774 0.010146 -0.018593 -0.001671 
[T2xcross] t=23.5960 id=1853 est=0.0817 svd=0.1200 rel=0.3191 track=2 sf=9
[T2depth] t=23.5960 id=1866 src=motion2 u=111.0 v=136.8 depth=0.1612 depth2=-1.0000 track=2 sf=9 flag=ok
[T2xcross] t=23.5960 id=1869 est=3.6534 svd=0.6040 rel=0.8347 track=2 sf=9
[T2depth] t=23.5960 id=1870 src=motion2 u=277.0 v=215.0 depth=5.0000 depth2=-1.0000 track=2 sf=9 flag=init_neg
[T2xcross] t=23.5960 id=1873 est=4.2124 svd=0.4709 rel=0.8882 track=2 sf=9
[T2depth] t=23.5960 id=1879 src=stereo u=446.0 v=196.0 depth=3.8894 depth2=-1.0000 track=1 sf=10 flag=ok
[T2depth] t=23.5960 id=1880 src=stereo u=121.6 v=68.9 depth=34.3433 depth2=-1.0000 track=1 sf=10 flag=ok
[T2depth] t=23.5960 id=1885 src=stereo u=394.0 v=110.0 depth=3.9017 depth2=-1.0000 track=1 sf=10 flag=ok
[T2depth] t=23.5960 id=1886 src=stereo u=297.0 v=49.0 depth=42.6270 depth2=-1.0000 track=1 sf=10 flag=ok
[T2depth] t=23.5960 id=1889 src=stereo u=481.0 v=159.0 depth=3.6372 depth2=-1.0000 track=1 sf=10 flag=ok
[T2gate] t=23.5960 tri=59 rej=0 xrej=0 init_replace=1 gate=0
[T2slv] t=23.5960 phase=1 init_cost=116.94 final_cost=113.312 iters=9 term=1 slv_ms=6.4
[T2diag] t=23.5960 P=[-0.0005 0.0164 0.0006] V=[-0.0232 0.0084 0.0009] |Bas|=0.410126 |Bgs|=0.0007239 Bas=[-0.336549 -0.234331 0.005227] Bgs=[-0.0002265 -0.0001122 0.0006783] tic0=[0.1200 0.0500 -0.0200] tic1=[0.1200 -0.0500 -0.0200] td=0.00000 track=139
[E2uls] flag=1 sh_t=23.628 new_t=23.628 dP=[-0.0062 -0.0014 -0.0000] |dP|=0.0063 first_dt=-1.0000
time: 23.596000, t: -0.000542 0.016386 0.000576 q: 0.999772 0.010553 -0.018486 -0.001827 
[T2xcross] t=23.7280 id=1877 est=22.3667 svd=1.4030 rel=0.9373 track=2 sf=9
[T2depth] t=23.7280 id=1884 src=motion2 u=182.0 v=61.0 depth=1.3721 depth2=-1.0000 track=2 sf=9 flag=ok
[T2xcross] t=23.7280 id=1886 est=42.6270 svd=1.2665 rel=0.9703 track=2 sf=9
[T2depth] t=23.7280 id=1887 src=motion2 u=526.0 v=116.0 depth=0.2591 depth2=-1.0000 track=2 sf=9 flag=ok
[T2depth] t=23.7280 id=1888 src=motion2 u=320.0 v=121.0 depth=0.4013 depth2=-1.0000 track=2 sf=9 flag=ok
[T2xcross] t=23.7280 id=1889 est=3.6372 svd=0.0985 rel=0.9729 track=2 sf=9
[T2depth] t=23.7280 id=1891 src=stereo u=363.2 v=101.2 depth=4.1251 depth2=-1.0000 track=1 sf=10 flag=ok
[T2depth] t=23.7280 id=1897 src=stereo u=514.0 v=62.0 depth=3.5640 depth2=-1.0000 track=1 sf=10 flag=ok
[T2depth] t=23.7280 id=1898 src=stereo u=530.0 v=165.0 depth=3.6414 depth2=-1.0000 track=1 sf=10 flag=ok
[T2gate] t=23.7280 tri=55 rej=0 xrej=0 init_replace=0 gate=0
[T2slv] t=23.7280 phase=1 init_cost=118.577 final_cost=110.728 iters=9 term=1 slv_ms=10.2
[T2diag] t=23.7280 P=[-0.0019 0.0199 -0.0003] V=[-0.0286 0.0026 -0.0065] |Bas|=0.411795 |Bgs|=0.0007758 Bas=[-0.335741 -0.238369 0.005717] Bgs=[-0.0002379 -0.0001142 0.0007295] tic0=[0.1200 0.0500 -0.0200] tic1=[0.1200 -0.0500 -0.0200] td=0.00000 track=142
[E2uls] flag=1 sh_t=23.764 new_t=23.764 dP=[-0.0021 -0.0015 0.0012] |dP|=0.0029 first_dt=-1.0000
time: 23.728000, t: -0.001895 0.019915 -0.000268 q: 0.999763 0.010927 -0.018741 -0.002001 
[T2xcross] t=23.8280 id=1879 est=3.8894 svd=0.1747 rel=0.9551 track=2 sf=9
[T2xcross] t=23.8280 id=1887 est=0.2591 svd=0.2930 rel=0.1155 track=2 sf=9
[T2depth] t=23.8280 id=1893 src=motion2 u=67.2 v=120.6 depth=5.0000 depth2=-1.0000 track=2 sf=9 flag=init_neg
[T2depth] t=23.8280 id=1895 src=motion2 u=155.3 v=34.0 depth=0.6039 depth2=-1.0000 track=2 sf=9 flag=ok
[T2depth] t=23.8280 id=1907 src=stereo u=60.6 v=23.5 depth=19.2535 depth2=-1.0000 track=1 sf=10 flag=ok
[T2depth] t=23.8280 id=1909 src=stereo u=29.0 v=90.0 depth=5.0000 depth2=-1.0000 track=1 sf=10 flag=init_neg
[T2depth] t=23.8280 id=1911 src=stereo u=373.0 v=67.0 depth=3.6567 depth2=-1.0000 track=1 sf=10 flag=ok
[T2depth] t=23.8280 id=1913 src=stereo u=44.0 v=189.0 depth=5.0000 depth2=-1.0000 track=1 sf=10 flag=init_neg
[T2depth] t=23.8280 id=1914 src=stereo u=544.0 v=69.0 depth=3.4181 depth2=-1.0000 track=1 sf=10 flag=ok
[T2gate] t=23.8280 tri=60 rej=0 xrej=0 init_replace=3 gate=0
[T2slv] t=23.8280 phase=1 init_cost=116.366 final_cost=113.077 iters=9 term=1 slv_ms=5.8
[T2diag] t=23.8280 P=[-0.0007 0.0199 0.0004] V=[-0.0254 0.0180 0.0037] |Bas|=0.412058 |Bgs|=0.0007696 Bas=[-0.336443 -0.237854 0.004857] Bgs=[-0.0002254 -0.0001294 0.0007243] tic0=[0.1200 0.0500 -0.0200] tic1=[0.1200 -0.0500 -0.0200] td=0.00000 track=136
[E2uls] flag=1 sh_t=23.856 new_t=23.856 dP=[-0.0049 0.0004 -0.0021] |dP|=0.0054 first_dt=-1.0000
time: 23.828000, t: -0.000708 0.019857 0.000430 q: 0.999769 0.010651 -0.018532 -0.002127 
[T2depth] t=23.9280 id=1899 src=motion2 u=174.7 v=87.8 depth=1.4008 depth2=-1.0000 track=2 sf=9 flag=ok
[T2depth] t=23.9280 id=1900 src=motion2 u=128.6 v=213.1 depth=0.5927 depth2=-1.0000 track=2 sf=9 flag=ok
[T2depth] t=23.9280 id=1901 src=motion2 u=204.8 v=258.0 depth=2.9985 depth2=-1.0000 track=2 sf=9 flag=ok
[T2depth] t=23.9280 id=1904 src=motion2 u=269.7 v=43.3 depth=5.0000 depth2=-1.0000 track=2 sf=9 flag=init_neg
[T2depth] t=23.9280 id=1908 src=motion2 u=132.0 v=478.0 depth=5.0000 depth2=-1.0000 track=2 sf=9 flag=init_neg
[T2depth] t=23.9280 id=1910 src=motion2 u=361.0 v=95.0 depth=0.4151 depth2=-1.0000 track=2 sf=9 flag=ok
[T2depth] t=23.9280 id=1924 src=stereo u=556.0 v=104.0 depth=45.2866 depth2=-1.0000 track=1 sf=10 flag=ok
[T2gate] t=23.9280 tri=59 rej=0 xrej=0 init_replace=2 gate=0
[T2slv] t=23.9280 phase=1 init_cost=118.731 final_cost=114.346 iters=9 term=1 slv_ms=6.6
[T2diag] t=23.9280 P=[0.0010 0.0171 -0.0002] V=[-0.0207 0.0008 -0.0069] |Bas|=0.411593 |Bgs|=0.0007600 Bas=[-0.335993 -0.237670 0.005578] Bgs=[-0.0002616 -0.0001418 0.0006994] tic0=[0.1200 0.0500 -0.0200] tic1=[0.1200 -0.0500 -0.0200] td=0.00000 track=141
[E2uls] flag=1 sh_t=23.960 new_t=23.960 dP=[-0.0049 0.0060 0.0015] |dP|=0.0079 first_dt=-1.0000
time: 23.928000, t: 0.000960 0.017103 -0.000243 q: 0.999766 0.010703 -0.018723 -0.001903 
[T2depth] t=24.0280 id=1918 src=motion2 u=87.8 v=171.9 depth=5.0000 depth2=-1.0000 track=2 sf=9 flag=init_neg
[T2depth] t=24.0280 id=1920 src=motion2 u=124.3 v=86.9 depth=5.0000 depth2=-1.0000 track=2 sf=9 flag=init_neg
[T2depth] t=24.0280 id=1922 src=motion2 u=624.0 v=194.0 depth=5.0000 depth2=-1.0000 track=2 sf=9 flag=init_neg
[T2depth] t=24.0280 id=1934 src=stereo u=128.0 v=51.0 depth=5.0000 depth2=-1.0000 track=1 sf=10 flag=init_neg
[T2depth] t=24.0280 id=1935 src=stereo u=294.0 v=86.0 depth=5.0000 depth2=-1.0000 track=1 sf=10 flag=init_neg
[T2gate] t=24.0280 tri=58 rej=0 xrej=0 init_replace=5 gate=0
[T2slv] t=24.0280 phase=1 init_cost=112.467 final_cost=111.192 iters=9 term=1 slv_ms=7.1
[T2diag] t=24.0280 P=[0.0006 0.0175 -0.0003] V=[-0.0199 -0.0014 -0.0037] |Bas|=0.410454 |Bgs|=0.0007802 Bas=[-0.336828 -0.234502 0.005287] Bgs=[-0.0002765 -0.0001591 0.0007121] tic0=[0.1200 0.0500 -0.0200] tic1=[0.1200 -0.0500 -0.0200] td=0.00000 track=141
[E2uls] flag=1 sh_t=24.060 new_t=24.060 dP=[-0.0023 -0.0001 -0.0010] |dP|=0.0025 first_dt=-1.0000
time: 24.028000, t: 0.000589 0.017539 -0.000342 q: 0.999765 0.010658 -0.018801 -0.001805 
[T2depth] t=24.1280 id=1928 src=motion2 u=58.6 v=34.0 depth=0.0755 depth2=-1.0000 track=2 sf=9 flag=ok
[T2depth] t=24.1280 id=1930 src=motion2 u=263.1 v=124.3 depth=5.0000 depth2=-1.0000 track=2 sf=9 flag=init_neg
[T2depth] t=24.1280 id=1931 src=motion2 u=507.3 v=90.3 depth=5.0000 depth2=-1.0000 track=2 sf=9 flag=init_neg
[T2depth] t=24.1280 id=1932 src=motion2 u=60.6 v=79.8 depth=5.0000 depth2=-1.0000 track=2 sf=9 flag=init_neg
[T2depth] t=24.1280 id=1942 src=stereo u=503.0 v=57.0 depth=4.0187 depth2=-1.0000 track=1 sf=10 flag=ok
[T2depth] t=24.1280 id=1944 src=stereo u=224.0 v=183.0 depth=29.0555 depth2=-1.0000 track=1 sf=10 flag=ok
[T2depth] t=24.1280 id=1946 src=stereo u=257.0 v=47.0 depth=40.1659 depth2=-1.0000 track=1 sf=10 flag=ok
[T2depth] t=24.1280 id=1948 src=stereo u=159.0 v=56.0 depth=5.0000 depth2=-1.0000 track=1 sf=10 flag=init_neg
[T2depth] t=24.1280 id=1950 src=stereo u=372.0 v=91.0 depth=3.9280 depth2=-1.0000 track=1 sf=10 flag=ok
[T2gate] t=24.1280 tri=58 rej=0 xrej=0 init_replace=4 gate=0
[T2slv] t=24.1280 phase=1 init_cost=114.275 final_cost=111.291 iters=9 term=1 slv_ms=13.5
[T2diag] t=24.1280 P=[-0.0014 0.0200 0.0000] V=[-0.0208 0.0051 0.0022] |Bas|=0.410919 |Bgs|=0.0008093 Bas=[-0.342950 -0.226309 0.004852] Bgs=[-0.0002718 -0.0001533 0.0007467] tic0=[0.1200 0.0500 -0.0200] tic1=[0.1200 -0.0500 -0.0200] td=0.00000 track=140
[E2uls] flag=1 sh_t=24.168 new_t=24.168 dP=[-0.0011 -0.0028 -0.0012] |dP|=0.0033 first_dt=-1.0000
time: 24.128000, t: -0.001426 0.020032 0.000003 q: 0.999767 0.010083 -0.018996 -0.002071 
[T2xcross] t=24.2280 id=1899 est=1.4008 svd=0.0932 rel=0.9335 track=2 sf=9
[T2xcross] t=24.2280 id=1931 est=5.0000 svd=0.0092 rel=0.9982 track=2 sf=9
[T2depth] t=24.2280 id=1938 src=motion2 u=2.4 v=263.0 depth=0.9563 depth2=-1.0000 track=2 sf=9 flag=ok
[T2xcross] t=24.2280 id=1946 est=40.1659 svd=0.0310 rel=0.9992 track=2 sf=9
[T2xcross] t=24.2280 id=1948 est=5.0000 svd=0.0778 rel=0.9844 track=2 sf=9
[T2xcross] t=24.2280 id=1950 est=3.9280 svd=0.0658 rel=0.9832 track=2 sf=9
[T2depth] t=24.2280 id=1957 src=stereo u=587.3 v=49.3 depth=37.9756 depth2=-1.0000 track=1 sf=10 flag=ok
[T2depth] t=24.2280 id=1961 src=stereo u=76.0 v=126.0 depth=30.4346 depth2=-1.0000 track=1 sf=10 flag=ok
[T2depth] t=24.2280 id=1965 src=stereo u=373.0 v=181.0 depth=3.2659 depth2=-1.0000 track=1 sf=10 flag=ok
[T2depth] t=24.2280 id=1966 src=stereo u=489.0 v=40.0 depth=3.6464 depth2=-1.0000 track=1 sf=10 flag=ok
[T2gate] t=24.2280 tri=58 rej=0 xrej=0 init_replace=0 gate=0
[T2slv] t=24.2280 phase=1 init_cost=109.476 final_cost=107.896 iters=9 term=1 slv_ms=14.0
[T2diag] t=24.2280 P=[-0.0031 0.0193 -0.0001] V=[-0.0222 0.0014 0.0039] |Bas|=0.409143 |Bgs|=0.0007970 Bas=[-0.344466 -0.220717 0.004959] Bgs=[-0.0002887 -0.0001366 0.0007302] tic0=[0.1200 0.0500 -0.0200] tic1=[0.1200 -0.0500 -0.0200] td=0.00000 track=138
[E2uls] flag=1 sh_t=24.272 new_t=24.272 dP=[-0.0005 0.0020 0.0008] |dP|=0.0022 first_dt=-1.0000
time: 24.228000, t: -0.003077 0.019273 -0.000061 q: 0.999767 0.009829 -0.019126 -0.001907 
[T2depth] t=24.3280 id=1952 src=motion2 u=142.6 v=185.4 depth=5.0000 depth2=-1.0000 track=2 sf=9 flag=init_neg
[T2depth] t=24.3280 id=1953 src=motion2 u=597.0 v=183.8 depth=5.0000 depth2=-1.0000 track=2 sf=9 flag=init_neg
[T2depth] t=24.3280 id=1955 src=motion2 u=268.9 v=179.4 depth=0.0687 depth2=-1.0000 track=2 sf=9 flag=ok
[T2depth] t=24.3280 id=1959 src=motion2 u=626.8 v=79.1 depth=5.0000 depth2=-1.0000 track=2 sf=9 flag=init_neg
[T2xcross] t=24.3280 id=1961 est=30.4346 svd=0.0495 rel=0.9984 track=2 sf=9
[T2depth] t=24.3280 id=1962 src=motion2 u=75.0 v=17.0 depth=3.5351 depth2=-1.0000 track=2 sf=9 flag=ok
[T2depth] t=24.3280 id=1963 src=motion2 u=569.0 v=169.0 depth=5.0000 depth2=-1.0000 track=2 sf=9 flag=init_neg
[T2xcross] t=24.3280 id=1966 est=3.6464 svd=0.2360 rel=0.9353 track=2 sf=9
[T2depth] t=24.3280 id=1972 src=stereo u=358.0 v=132.0 depth=5.0000 depth2=-1.0000 track=1 sf=10 flag=init_neg
[T2gate] t=24.3280 tri=55 rej=0 xrej=0 init_replace=5 gate=0
[T2slv] t=24.3280 phase=1 init_cost=111.139 final_cost=109.606 iters=9 term=1 slv_ms=11.8
[T2diag] t=24.3280 P=[-0.0034 0.0167 -0.0003] V=[-0.0213 0.0076 -0.0040] |Bas|=0.391833 |Bgs|=0.0007643 Bas=[-0.327343 -0.215310 0.004675] Bgs=[-0.0002915 -0.0001487 0.0006907] tic0=[0.1200 0.0500 -0.0200] tic1=[0.1200 -0.0500 -0.0200] td=0.00000 track=144
[E2uls] flag=1 sh_t=24.368 new_t=24.368 dP=[-0.0028 0.0027 0.0009] |dP|=0.0040 first_dt=-1.0000
time: 24.328000, t: -0.003418 0.016727 -0.000313 q: 0.999784 0.009517 -0.018379 -0.001640 
[T2xcross] t=24.4320 id=1952 est=5.0000 svd=0.5431 rel=0.8914 track=2 sf=9
[T2depth] t=24.4320 id=1968 src=motion2 u=323.6 v=204.1 depth=5.0000 depth2=-1.0000 track=2 sf=9 flag=init_neg
[T2depth] t=24.4320 id=1973 src=motion2 u=232.0 v=157.0 depth=0.5429 depth2=-1.0000 track=2 sf=9 flag=ok
[T2depth] t=24.4320 id=1974 src=motion2 u=356.0 v=207.0 depth=5.0000 depth2=-1.0000 track=2 sf=9 flag=init_neg
[T2depth] t=24.4320 id=1987 src=stereo u=475.0 v=160.0 depth=3.6243 depth2=-1.0000 track=1 sf=10 flag=ok
[T2depth] t=24.4320 id=1988 src=stereo u=72.0 v=119.0 depth=35.8215 depth2=-1.0000 track=1 sf=10 flag=ok
[T2gate] t=24.4320 tri=57 rej=0 xrej=0 init_replace=2 gate=0
[T2slv] t=24.4320 phase=1 init_cost=112.543 final_cost=109.865 iters=7 term=0 slv_ms=10.2
[T2diag] t=24.4320 P=[-0.0021 0.0135 0.0004] V=[-0.0133 -0.0008 0.0048] |Bas|=0.396492 |Bgs|=0.0007236 Bas=[-0.331264 -0.217837 0.004204] Bgs=[-0.0003039 -0.0001540 0.0006384] tic0=[0.1200 0.0500 -0.0200] tic1=[0.1200 -0.0500 -0.0200] td=0.00000 track=139
[E2uls] flag=1 sh_t=24.464 new_t=24.464 dP=[-0.0048 0.0045 -0.0016] |dP|=0.0068 first_dt=-1.0000
time: 24.432000, t: -0.002051 0.013510 0.000369 q: 0.999785 0.009704 -0.018284 -0.001378 
[T2depth] t=24.5320 id=1975 src=motion2 u=34.0 v=54.0 depth=0.1897 depth2=-1.0000 track=2 sf=9 flag=ok
[T2depth] t=24.5320 id=1978 src=motion2 u=261.6 v=15.6 depth=5.0000 depth2=-1.0000 track=2 sf=9 flag=init_neg
[T2depth] t=24.5320 id=1979 src=motion2 u=351.9 v=28.9 depth=5.0000 depth2=-1.0000 track=2 sf=9 flag=init_neg
[T2depth] t=24.5320 id=1981 src=motion2 u=544.0 v=285.0 depth=5.0000 depth2=-1.0000 track=2 sf=9 flag=init_neg
[T2depth] t=24.5320 id=1983 src=motion2 u=629.0 v=258.0 depth=5.0000 depth2=-1.0000 track=2 sf=9 flag=init_neg
[T2depth] t=24.5320 id=1985 src=motion2 u=467.0 v=196.0 depth=5.0000 depth2=-1.0000 track=2 sf=9 flag=init_neg
[T2depth] t=24.5320 id=1986 src=motion2 u=196.0 v=210.0 depth=5.0000 depth2=-1.0000 track=2 sf=9 flag=init_neg
[T2depth] t=24.5320 id=1989 src=stereo u=533.3 v=186.6 depth=3.5676 depth2=-1.0000 track=1 sf=10 flag=ok
[T2depth] t=24.5320 id=1990 src=stereo u=573.8 v=216.1 depth=1.0242 depth2=-1.0000 track=1 sf=10 flag=ok
[T2depth] t=24.5320 id=1992 src=stereo u=508.9 v=168.0 depth=3.5436 depth2=-1.0000 track=1 sf=10 flag=ok
[T2depth] t=24.5320 id=1993 src=stereo u=586.0 v=142.0 depth=5.0000 depth2=-1.0000 track=1 sf=10 flag=init_neg
[T2depth] t=24.5320 id=2000 src=stereo u=237.0 v=102.0 depth=46.6591 depth2=-1.0000 track=1 sf=10 flag=ok
[T2depth] t=24.5320 id=2001 src=stereo u=612.0 v=65.0 depth=30.2989 depth2=-1.0000 track=1 sf=10 flag=ok
[T2gate] t=24.5320 tri=63 rej=0 xrej=0 init_replace=7 gate=0
[T2slv] t=24.5320 phase=1 init_cost=113.08 final_cost=108.127 iters=9 term=1 slv_ms=5.6
[T2diag] t=24.5320 P=[-0.0037 0.0166 -0.0000] V=[-0.0217 0.0121 -0.0012] |Bas|=0.392040 |Bgs|=0.0007487 Bas=[-0.325798 -0.218017 0.004475] Bgs=[-0.0002925 -0.0001440 0.0006740] tic0=[0.1200 0.0500 -0.0200] tic1=[0.1200 -0.0500 -0.0200] td=0.00000 track=137
[E2uls] flag=1 sh_t=24.564 new_t=24.564 dP=[0.0001 -0.0035 0.0014] |dP|=0.0038 first_dt=-1.0000
time: 24.532000, t: -0.003749 0.016604 -0.000048 q: 0.999788 0.009564 -0.018169 -0.001778 
[T2xcross] t=24.6640 id=1990 est=1.0242 svd=0.1107 rel=0.8919 track=2 sf=9
[T2xcross] t=24.6640 id=1993 est=5.0000 svd=0.0494 rel=0.9901 track=2 sf=9
[T2depth] t=24.6640 id=1994 src=motion2 u=209.0 v=41.0 depth=5.0000 depth2=-1.0000 track=2 sf=9 flag=init_neg
[T2depth] t=24.6640 id=1996 src=motion2 u=137.0 v=44.0 depth=5.0000 depth2=-1.0000 track=2 sf=9 flag=init_neg
[T2depth] t=24.6640 id=1997 src=motion2 u=520.0 v=140.0 depth=0.2413 depth2=-1.0000 track=2 sf=9 flag=ok
[T2depth] t=24.6640 id=2002 src=motion2 u=267.0 v=207.0 depth=1.1301 depth2=-1.0000 track=2 sf=9 flag=ok
[T2depth] t=24.6640 id=2007 src=stereo u=257.0 v=76.7 depth=21.6381 depth2=-1.0000 track=1 sf=10 flag=ok
[T2depth] t=24.6640 id=2009 src=stereo u=56.9 v=198.7 depth=32.4161 depth2=-1.0000 track=1 sf=10 flag=ok
[T2depth] t=24.6640 id=2012 src=stereo u=237.6 v=200.8 depth=15.9632 depth2=-1.0000 track=1 sf=10 flag=ok
[T2depth] t=24.6640 id=2016 src=stereo u=526.0 v=200.0 depth=4.5918 depth2=-1.0000 track=1 sf=10 flag=ok
[T2gate] t=24.6640 tri=61 rej=0 xrej=0 init_replace=2 gate=0
[T2slv] t=24.6640 phase=1 init_cost=170.126 final_cost=129.633 iters=9 term=1 slv_ms=10.9
[T2diag] t=24.6640 P=[-0.0047 0.0069 -0.0015] V=[-0.0247 -0.0081 -0.0027] |Bas|=0.377715 |Bgs|=0.0006058 Bas=[-0.307979 -0.218635 0.004058] Bgs=[-0.0003522 -0.0001430 0.0004717] tic0=[0.1200 0.0500 -0.0200] tic1=[0.1200 -0.0500 -0.0200] td=0.00000 track=137
[E2uls] flag=1 sh_t=24.696 new_t=24.696 dP=[-0.0025 0.0125 0.0016] |dP|=0.0128 first_dt=-1.0000
time: 24.664000, t: -0.004711 0.006896 -0.001506 q: 0.999797 0.009928 -0.017549 -0.000079 
[T2depth] t=24.7960 id=2003 src=motion2 u=626.8 v=107.1 depth=0.4990 depth2=-1.0000 track=2 sf=9 flag=ok
[T2depth] t=24.7960 id=2006 src=motion2 u=63.2 v=89.6 depth=5.0000 depth2=-1.0000 track=2 sf=9 flag=init_neg
[T2depth] t=24.7960 id=2008 src=motion2 u=335.8 v=189.2 depth=0.1346 depth2=-1.0000 track=2 sf=9 flag=ok
[T2depth] t=24.7960 id=2010 src=motion2 u=49.2 v=10.5 depth=0.3090 depth2=-1.0000 track=2 sf=9 flag=ok
[T2depth] t=24.7960 id=2013 src=motion2 u=176.4 v=129.9 depth=0.1222 depth2=-1.0000 track=2 sf=9 flag=ok
[T2depth] t=24.7960 id=2014 src=motion2 u=552.0 v=135.0 depth=5.7470 depth2=-1.0000 track=2 sf=9 flag=ok
[T2depth] t=24.7960 id=2019 src=stereo u=89.3 v=12.4 depth=40.1384 depth2=-1.0000 track=1 sf=10 flag=ok
[T2depth] t=24.7960 id=2021 src=stereo u=501.4 v=171.9 depth=4.0573 depth2=-1.0000 track=1 sf=10 flag=ok
[T2depth] t=24.7960 id=2024 src=stereo u=410.5 v=70.8 depth=4.6121 depth2=-1.0000 track=1 sf=10 flag=ok
[T2depth] t=24.7960 id=2025 src=stereo u=439.0 v=272.0 depth=1.2952 depth2=-1.0000 track=1 sf=10 flag=ok
[T2depth] t=24.7960 id=2027 src=stereo u=473.0 v=58.0 depth=3.9020 depth2=-1.0000 track=1 sf=10 flag=ok
[T2depth] t=24.7960 id=2028 src=stereo u=278.0 v=153.0 depth=39.7992 depth2=-1.0000 track=1 sf=10 flag=ok
[T2gate] t=24.7960 tri=62 rej=0 xrej=0 init_replace=1 gate=0
[T2slv] t=24.7960 phase=1 init_cost=115.851 final_cost=106.182 iters=9 term=1 slv_ms=5.7
[T2diag] t=24.7960 P=[-0.0047 0.0039 -0.0016] V=[-0.0104 -0.0111 -0.0013] |Bas|=0.377715 |Bgs|=0.0023617 Bas=[-0.307979 -0.218635 0.004058] Bgs=[-0.0009935 0.0017167 -0.0012820] tic0=[0.1200 0.0500 -0.0200] tic1=[0.1200 -0.0500 -0.0200] td=0.00000 track=138
[E2uls] flag=1 sh_t=24.828 new_t=24.828 dP=[-0.0048 0.0019 -0.0004] |dP|=0.0052 first_dt=-1.0000
time: 24.796000, t: -0.004660 0.003865 -0.001601 q: 0.999810 0.009639 -0.016952 0.000180 
[T2depth] t=24.9000 id=85 src=motion2 u=309.5 v=242.1 depth=0.5257 depth2=-1.0000 track=2 sf=9 flag=ok
[T2depth] t=24.9000 id=135 src=motion2 u=168.5 v=274.4 depth=15.4757 depth2=-1.0000 track=2 sf=9 flag=ok
[T2xcross] t=24.9000 id=2019 est=40.1384 svd=0.1307 rel=0.9967 track=2 sf=9
[T2xcross] t=24.9000 id=2021 est=4.0573 svd=0.1859 rel=0.9542 track=2 sf=9
[T2depth] t=24.9000 id=2023 src=motion2 u=369.7 v=182.1 depth=5.0000 depth2=-1.0000 track=2 sf=9 flag=init_neg
[T2xcross] t=24.9000 id=2025 est=1.2952 svd=3.4863 rel=0.6285 track=2 sf=9
[T2depth] t=24.9000 id=2026 src=motion2 u=122.0 v=64.0 depth=0.0828 depth2=-1.0000 track=2 sf=9 flag=ok
[T2xcross] t=24.9000 id=2028 est=39.7992 svd=0.1604 rel=0.9960 track=2 sf=9
[T2depth] t=24.9000 id=2034 src=stereo u=620.6 v=89.4 depth=5.0000 depth2=-1.0000 track=1 sf=10 flag=init_neg
[T2depth] t=24.9000 id=2036 src=stereo u=526.0 v=51.0 depth=4.5293 depth2=-1.0000 track=1 sf=10 flag=ok
[T2gate] t=24.9000 tri=70 rej=0 xrej=0 init_replace=2 gate=0
[T2slv] t=24.9000 phase=1 init_cost=109.146 final_cost=103.485 iters=9 term=1 slv_ms=13.8
[T2diag] t=24.9000 P=[-0.0077 0.0036 -0.0022] V=[-0.0118 -0.0018 -0.0033] |Bas|=0.377715 |Bgs|=0.0043539 Bas=[-0.307979 -0.218635 0.004058] Bgs=[-0.0015922 -0.0021209 0.0034530] tic0=[0.1200 0.0500 -0.0200] tic1=[0.1200 -0.0500 -0.0200] td=0.00000 track=127
[E2uls] flag=1 sh_t=24.948 new_t=24.948 dP=[0.0017 -0.0021 0.0008] |dP|=0.0028 first_dt=-1.0000
time: 24.900000, t: -0.007682 0.003625 -0.002231 q: 0.999837 0.008659 -0.015820 0.000241 
[T2xcross] t=25.0280 id=213 est=1.2117 svd=0.3923 rel=0.6763 track=3 sf=0
[T2depth] t=25.0280 id=3 src=motion2 u=617.0 v=372.4 depth=5.0000 depth2=-1.0000 track=2 sf=9 flag=init_neg
[T2depth] t=25.0280 id=17 src=motion2 u=560.3 v=387.6 depth=5.0000 depth2=-1.0000 track=2 sf=9 flag=init_neg
[T2depth] t=25.0280 id=18 src=motion2 u=287.9 v=390.9 depth=5.0000 depth2=-1.0000 track=2 sf=9 flag=init_neg
[T2depth] t=25.0280 id=37 src=motion2 u=618.8 v=320.1 depth=5.0000 depth2=-1.0000 track=2 sf=9 flag=init_neg
[T2depth] t=25.0280 id=39 src=motion2 u=593.7 v=419.7 depth=5.0000 depth2=-1.0000 track=2 sf=9 flag=init_neg
[T2depth] t=25.0280 id=42 src=motion2 u=236.8 v=378.8 depth=5.0000 depth2=-1.0000 track=2 sf=9 flag=init_neg
[T2depth] t=25.0280 id=56 src=motion2 u=477.9 v=346.4 depth=5.0000 depth2=-1.0000 track=2 sf=9 flag=init_neg
[T2depth] t=25.0280 id=57 src=motion2 u=587.9 v=363.4 depth=5.0000 depth2=-1.0000 track=2 sf=9 flag=init_neg
[T2depth] t=25.0280 id=62 src=motion2 u=582.2 v=455.7 depth=5.0000 depth2=-1.0000 track=2 sf=9 flag=init_neg
[T2depth] t=25.0280 id=64 src=motion2 u=566.9 v=307.1 depth=5.0000 depth2=-1.0000 track=2 sf=9 flag=init_neg
[T2depth] t=25.0280 id=68 src=motion2 u=538.6 v=473.1 depth=5.0000 depth2=-1.0000 track=2 sf=9 flag=init_neg
[T2depth] t=25.0280 id=79 src=motion2 u=412.4 v=289.2 depth=5.0000 depth2=-1.0000 track=2 sf=9 flag=init_neg
[T2depth] t=25.0280 id=83 src=motion2 u=417.8 v=381.7 depth=5.0000 depth2=-1.0000 track=2 sf=9 flag=init_neg
[T2depth] t=25.0280 id=84 src=motion2 u=624.3 v=409.5 depth=5.0000 depth2=-1.0000 track=2 sf=9 flag=init_neg
[T2depth] t=25.0280 id=86 src=motion2 u=513.1 v=292.1 depth=5.0000 depth2=-1.0000 track=2 sf=9 flag=init_neg
[T2depth] t=25.0280 id=96 src=motion2 u=587.8 v=331.3 depth=5.0000 depth2=-1.0000 track=2 sf=9 flag=init_neg
[T2depth] t=25.0280 id=2030 src=motion2 u=99.0 v=186.5 depth=0.0247 depth2=-1.0000 track=2 sf=9 flag=ok
[T2depth] t=25.0280 id=2033 src=motion2 u=616.1 v=200.5 depth=5.0000 depth2=-1.0000 track=2 sf=9 flag=init_neg
[T2depth] t=25.0280 id=2035 src=motion2 u=347.2 v=79.3 depth=0.0006 depth2=-1.0000 track=2 sf=9 flag=ok
[T2depth] t=25.0280 id=2039 src=stereo u=413.1 v=51.6 depth=4.3259 depth2=-1.0000 track=1 sf=10 flag=ok
[T2depth] t=25.0280 id=2048 src=stereo u=383.0 v=207.0 depth=4.1940 depth2=-1.0000 track=1 sf=10 flag=ok
[T2gate] t=25.0280 tri=80 rej=0 xrej=0 init_replace=17 gate=0
[T2slv] t=25.0280 phase=1 init_cost=599.273 final_cost=138.877 iters=9 term=1 slv_ms=6.4
[T2diag] t=25.0280 P=[-0.0049 0.0024 -0.0009] V=[0.0031 0.0028 -0.0012] |Bas|=0.375698 |Bgs|=0.0032832 Bas=[-0.304353 -0.219613 0.016967] Bgs=[0.0024303 -0.0005856 0.0021284] tic0=[0.1200 0.0500 -0.0200] tic1=[0.1200 -0.0500 -0.0200] td=0.00000 track=129
[E2uls] flag=1 sh_t=25.052 new_t=25.052 dP=[-0.0043 0.0012 -0.0019] |dP|=0.0049 first_dt=-1.0000
time: 25.028000, t: -0.004916 0.002416 -0.000875 q: 0.999848 0.008135 -0.015404 0.000436 
[T2xcross] t=25.1280 id=2027 est=3.9020 svd=0.0355 rel=0.9909 track=3 sf=8
[T2depth] t=25.1280 id=4 src=motion2 u=385.9 v=387.7 depth=2.9064 depth2=-1.0000 track=2 sf=9 flag=ok
[T2depth] t=25.1280 id=12 src=motion2 u=398.9 v=342.5 depth=4.2575 depth2=-1.0000 track=2 sf=9 flag=ok
[T2depth] t=25.1280 id=15 src=motion2 u=554.9 v=356.4 depth=2.8673 depth2=-1.0000 track=2 sf=9 flag=ok
[T2depth] t=25.1280 id=23 src=motion2 u=505.2 v=361.5 depth=2.7356 depth2=-1.0000 track=2 sf=9 flag=ok
[T2depth] t=25.1280 id=27 src=motion2 u=637.2 v=346.3 depth=2.5819 depth2=-1.0000 track=2 sf=9 flag=ok
[T2depth] t=25.1280 id=34 src=motion2 u=262.9 v=451.3 depth=1.5107 depth2=-1.0000 track=2 sf=9 flag=ok
[T2depth] t=25.1280 id=36 src=motion2 u=522.1 v=323.3 depth=4.6441 depth2=-1.0000 track=2 sf=9 flag=ok
[T2depth] t=25.1280 id=48 src=motion2 u=253.1 v=409.0 depth=1.9698 depth2=-1.0000 track=2 sf=9 flag=ok
[T2depth] t=25.1280 id=50 src=motion2 u=463.4 v=294.2 depth=1.9886 depth2=-1.0000 track=2 sf=9 flag=ok
[T2depth] t=25.1280 id=72 src=motion2 u=555.6 v=430.9 depth=1.8527 depth2=-1.0000 track=2 sf=9 flag=ok
[T2depth] t=25.1280 id=115 src=motion2 u=420.9 v=319.4 depth=2.1624 depth2=-1.0000 track=2 sf=9 flag=ok
[T2depth] t=25.1280 id=2042 src=motion2 u=320.0 v=101.3 depth=5.0000 depth2=-1.0000 track=2 sf=9 flag=init_neg
[T2depth] t=25.1280 id=2044 src=motion2 u=103.0 v=40.6 depth=0.0159 depth2=-1.0000 track=2 sf=9 flag=ok
[T2depth] t=25.1280 id=2046 src=motion2 u=190.0 v=111.0 depth=0.0014 depth2=-1.0000 track=2 sf=9 flag=ok
[T2depth] t=25.1280 id=2047 src=motion2 u=140.0 v=185.0 depth=0.0370 depth2=-1.0000 track=2 sf=9 flag=ok
[T2depth] t=25.1280 id=2049 src=motion2 u=219.0 v=142.0 depth=5.0000 depth2=-1.0000 track=2 sf=9 flag=init_neg
[T2depth] t=25.1280 id=2057 src=stereo u=507.0 v=11.0 depth=3.6405 depth2=-1.0000 track=1 sf=10 flag=ok
[T2depth] t=25.1280 id=2061 src=stereo u=582.0 v=89.0 depth=32.2418 depth2=-1.0000 track=1 sf=10 flag=ok
[T2gate] t=25.1280 tri=92 rej=0 xrej=0 init_replace=2 gate=0
[T2slv] t=25.1280 phase=1 init_cost=131.482 final_cost=130.34 iters=9 term=1 slv_ms=6.6
[T2diag] t=25.1280 P=[-0.0051 0.0015 -0.0008] V=[0.0048 0.0049 -0.0048] |Bas|=0.368602 |Bgs|=0.0033687 Bas=[-0.303676 -0.206776 0.029855] Bgs=[0.0018253 -0.0003358 0.0028113] tic0=[0.1200 0.0500 -0.0200] tic1=[0.1200 -0.0500 -0.0200] td=0.00000 track=115
[E2uls] flag=1 sh_t=25.160 new_t=25.160 dP=[0.0008 0.0020 -0.0002] |dP|=0.0022 first_dt=-1.0000
time: 25.128000, t: -0.005133 0.001457 -0.000755 q: 0.999851 0.008113 -0.015240 0.000546 
[T2xcross] t=25.2280 id=125 est=0.8639 svd=0.6670 rel=0.2278 track=6 sf=0
[T2xcross] t=25.2280 id=2048 est=4.1940 svd=0.0158 rel=0.9962 track=3 sf=8
[T2depth] t=25.2280 id=1 src=motion2 u=191.1 v=340.7 depth=0.9356 depth2=-1.0000 track=2 sf=9 flag=ok
[T2depth] t=25.2280 id=7 src=motion2 u=4.1 v=375.1 depth=0.3923 depth2=-1.0000 track=2 sf=9 flag=ok
[T2depth] t=25.2280 id=8 src=motion2 u=158.1 v=342.7 depth=0.7941 depth2=-1.0000 track=2 sf=9 flag=ok
[T2depth] t=25.2280 id=11 src=motion2 u=117.0 v=361.0 depth=0.6357 depth2=-1.0000 track=2 sf=9 flag=ok
[T2depth] t=25.2280 id=14 src=motion2 u=88.1 v=387.1 depth=0.5186 depth2=-1.0000 track=2 sf=9 flag=ok
[T2depth] t=25.2280 id=16 src=motion2 u=50.7 v=412.3 depth=0.3545 depth2=-1.0000 track=2 sf=9 flag=ok
[T2depth] t=25.2280 id=19 src=motion2 u=142.1 v=395.1 depth=0.5832 depth2=-1.0000 track=2 sf=9 flag=ok
[T2depth] t=25.2280 id=20 src=motion2 u=44.3 v=348.8 depth=0.5543 depth2=-1.0000 track=2 sf=9 flag=ok
[T2depth] t=25.2280 id=26 src=motion2 u=6.2 v=342.9 depth=0.4798 depth2=-1.0000 track=2 sf=9 flag=ok
[T2depth] t=25.2280 id=29 src=motion2 u=120.1 v=421.3 depth=0.4783 depth2=-1.0000 track=2 sf=9 flag=ok
[T2depth] t=25.2280 id=30 src=motion2 u=71.2 v=436.3 depth=0.3456 depth2=-1.0000 track=2 sf=9 flag=ok
[T2depth] t=25.2280 id=45 src=motion2 u=74.2 v=353.9 depth=0.5632 depth2=-1.0000 track=2 sf=9 flag=ok
[T2depth] t=25.2280 id=46 src=motion2 u=211.1 v=316.5 depth=1.0527 depth2=-1.0000 track=2 sf=9 flag=ok
[T2depth] t=25.2280 id=52 src=motion2 u=377.9 v=315.4 depth=2.2498 depth2=-1.0000 track=2 sf=9 flag=ok
[T2depth] t=25.2280 id=54 src=motion2 u=11.3 v=424.4 depth=0.2826 depth2=-1.0000 track=2 sf=9 flag=ok
[T2depth] t=25.2280 id=59 src=motion2 u=40.5 v=457.5 depth=0.2590 depth2=-1.0000 track=2 sf=9 flag=ok
[T2depth] t=25.2280 id=61 src=motion2 u=255.0 v=317.5 depth=1.1492 depth2=-1.0000 track=2 sf=9 flag=ok
[T2depth] t=25.2280 id=65 src=motion2 u=181.9 v=412.1 depth=0.5611 depth2=-1.0000 track=2 sf=9 flag=ok
[T2depth] t=25.2280 id=70 src=motion2 u=42.0 v=381.1 depth=0.4563 depth2=-1.0000 track=2 sf=9 flag=ok
[T2depth] t=25.2280 id=73 src=motion2 u=353.8 v=291.2 depth=1.6169 depth2=-1.0000 track=2 sf=9 flag=ok
[T2depth] t=25.2280 id=76 src=motion2 u=174.3 v=377.9 depth=0.7390 depth2=-1.0000 track=2 sf=9 flag=ok
[T2depth] t=25.2280 id=77 src=motion2 u=152.6 v=430.3 depth=0.5024 depth2=-1.0000 track=2 sf=9 flag=ok
[T2depth] t=25.2280 id=78 src=motion2 u=636.6 v=293.1 depth=7.3646 depth2=-1.0000 track=2 sf=9 flag=ok
[T2depth] t=25.2280 id=95 src=motion2 u=6.5 v=454.7 depth=0.1615 depth2=-1.0000 track=2 sf=9 flag=ok
[T2depth] t=25.2280 id=642 src=motion2 u=118.2 v=329.5 depth=0.7496 depth2=-1.0000 track=2 sf=9 flag=ok
[T2depth] t=25.2280 id=2050 src=motion2 u=91.0 v=312.0 depth=0.7292 depth2=-1.0000 track=2 sf=9 flag=ok
[T2depth] t=25.2280 id=2054 src=motion2 u=397.9 v=118.1 depth=0.2114 depth2=-1.0000 track=2 sf=9 flag=ok
[T2depth] t=25.2280 id=2055 src=motion2 u=471.0 v=107.0 depth=0.1693 depth2=-1.0000 track=2 sf=9 flag=ok
[T2depth] t=25.2280 id=2056 src=motion2 u=530.0 v=142.0 depth=0.2549 depth2=-1.0000 track=2 sf=9 flag=ok
[T2depth] t=25.2280 id=2060 src=motion2 u=94.0 v=114.0 depth=0.1067 depth2=-1.0000 track=2 sf=9 flag=ok
[T2depth] t=25.2280 id=2070 src=stereo u=435.0 v=74.0 depth=3.8979 depth2=-1.0000 track=1 sf=10 flag=ok
[T2depth] t=25.2280 id=2071 src=stereo u=377.0 v=21.0 depth=3.7642 depth2=-1.0000 track=1 sf=10 flag=ok
[T2gate] t=25.2280 tri=83 rej=0 xrej=0 init_replace=0 gate=0
[T2slv] t=25.2280 phase=1 init_cost=484.367 final_cost=244.296 iters=9 term=1 slv_ms=8.6
[T2diag] t=25.2280 P=[-0.0064 -0.0009 -0.0011] V=[-0.0071 0.0023 -0.0019] |Bas|=0.326598 |Bgs|=0.0031638 Bas=[-0.271021 -0.180301 0.026555] Bgs=[0.0014501 -0.0008412 0.0026832] tic0=[0.1200 0.0500 -0.0200] tic1=[0.1200 -0.0500 -0.0200] td=0.00000 track=137
[E2uls] flag=1 sh_t=25.264 new_t=25.264 dP=[0.0028 0.0039 -0.0002] |dP|=0.0048 first_dt=-1.0000
time: 25.228000, t: -0.006361 -0.000922 -0.001141 q: 0.999825 0.008967 -0.016405 0.001165 
[T2xcross] t=25.3280 id=2050 est=0.7292 svd=2.8714 rel=0.7461 track=2 sf=9
[T2depth] t=25.3280 id=47 src=motion2 u=60.4 v=310.6 depth=1.9409 depth2=-1.0000 track=2 sf=9 flag=ok
[T2depth] t=25.3280 id=55 src=motion2 u=144.2 v=313.6 depth=2.9160 depth2=-1.0000 track=2 sf=9 flag=ok
[T2depth] t=25.3280 id=67 src=motion2 u=120.2 v=286.5 depth=2.5834 depth2=-1.0000 track=2 sf=9 flag=ok
[T2depth] t=25.3280 id=87 src=motion2 u=17.1 v=292.5 depth=2.0297 depth2=-1.0000 track=2 sf=9 flag=ok
[T2depth] t=25.3280 id=2064 src=motion2 u=614.6 v=225.7 depth=5.0000 depth2=-1.0000 track=2 sf=9 flag=init_neg
[T2depth] t=25.3280 id=2065 src=motion2 u=341.7 v=100.9 depth=0.0180 depth2=-1.0000 track=2 sf=9 flag=ok
[T2depth] t=25.3280 id=2067 src=motion2 u=263.6 v=210.0 depth=5.0000 depth2=-1.0000 track=2 sf=9 flag=init_neg
[T2depth] t=25.3280 id=2068 src=motion2 u=595.0 v=52.0 depth=5.0000 depth2=-1.0000 track=2 sf=9 flag=init_neg
[T2depth] t=25.3280 id=2069 src=motion2 u=286.0 v=110.0 depth=5.0000 depth2=-1.0000 track=2 sf=9 flag=init_neg
[T2depth] t=25.3280 id=21 src=stereo u=453.0 v=364.6 depth=5.0000 depth2=-1.0000 track=1 sf=10 flag=init_neg
[T2depth] t=25.3280 id=93 src=stereo u=198.1 v=288.4 depth=5.0000 depth2=-1.0000 track=1 sf=10 flag=init_neg
[T2depth] t=25.3280 id=107 src=stereo u=356.4 v=240.0 depth=2.8519 depth2=-1.0000 track=1 sf=10 flag=ok
[T2depth] t=25.3280 id=1386 src=stereo u=384.8 v=275.1 depth=5.0000 depth2=-1.0000 track=1 sf=10 flag=init_neg
[T2depth] t=25.3280 id=2072 src=stereo u=427.3 v=184.6 depth=3.5626 depth2=-1.0000 track=1 sf=10 flag=ok
[T2depth] t=25.3280 id=2076 src=stereo u=566.8 v=148.3 depth=5.0000 depth2=-1.0000 track=1 sf=10 flag=init_neg
[T2depth] t=25.3280 id=2078 src=stereo u=55.0 v=110.0 depth=45.0606 depth2=-1.0000 track=1 sf=10 flag=ok
[T2gate] t=25.3280 tri=59 rej=0 xrej=0 init_replace=8 gate=0
[T2slv] t=25.3280 phase=1 init_cost=144.361 final_cost=140.829 iters=9 term=1 slv_ms=7.7
[T2diag] t=25.3280 P=[-0.0075 0.0000 -0.0015] V=[-0.0166 -0.0023 -0.0054] |Bas|=0.306982 |Bgs|=0.0027125 Bas=[-0.255345 -0.167772 0.029820] Bgs=[0.0005509 -0.0006604 0.0025726] tic0=[0.1200 0.0500 -0.0200] tic1=[0.1200 -0.0500 -0.0200] td=0.00000 track=139
[E2uls] flag=1 sh_t=25.356 new_t=25.356 dP=[-0.0000 -0.0005 -0.0002] |dP|=0.0005 first_dt=-1.0000
time: 25.328000, t: -0.007493 0.000001 -0.001491 q: 0.999824 0.008982 -0.016445 0.000732 
[T2xcross] t=25.4320 id=59 est=0.2590 svd=27.0214 rel=0.9904 track=2 sf=9
[T2xcross] t=25.4320 id=2071 est=3.7642 svd=0.3378 rel=0.9103 track=2 sf=9
[T2depth] t=25.4320 id=9 src=motion2 u=203.0 v=389.0 depth=5.0000 depth2=-1.0000 track=2 sf=9 flag=init_neg
[T2xcross] t=25.4320 id=2072 est=3.5626 svd=0.1262 rel=0.9646 track=2 sf=9
[T2depth] t=25.4320 id=2073 src=motion2 u=556.0 v=30.9 depth=5.0000 depth2=-1.0000 track=2 sf=9 flag=init_neg
[T2depth] t=25.4320 id=2085 src=stereo u=13.9 v=37.7 depth=5.0000 depth2=-1.0000 track=1 sf=10 flag=init_neg
[T2depth] t=25.4320 id=2088 src=stereo u=396.0 v=184.0 depth=4.0969 depth2=-1.0000 track=1 sf=10 flag=ok
[T2depth] t=25.4320 id=2089 src=stereo u=392.0 v=71.0 depth=4.4601 depth2=-1.0000 track=1 sf=10 flag=ok
[T2gate] t=25.4320 tri=55 rej=0 xrej=0 init_replace=3 gate=0
[T2slv] t=25.4320 phase=1 init_cost=121.155 final_cost=111.982 iters=9 term=1 slv_ms=13.1
[T2diag] t=25.4320 P=[-0.0064 0.0012 -0.0009] V=[-0.0102 0.0032 -0.0022] |Bas|=0.308724 |Bgs|=0.0020612 Bas=[-0.261408 -0.163807 0.011971] Bgs=[0.0004060 -0.0009660 0.0017750] tic0=[0.1200 0.0500 -0.0200] tic1=[0.1200 -0.0500 -0.0200] td=0.00000 track=136
[E2uls] flag=1 sh_t=25.476 new_t=25.476 dP=[-0.0048 -0.0021 -0.0021] |dP|=0.0056 first_dt=-1.0000
time: 25.432000, t: -0.006430 0.001158 -0.000856 q: 0.999856 0.007309 -0.015324 0.000400 
[T2xcross] t=25.5280 id=93 est=5.0000 svd=7.3449 rel=0.3193 track=2 sf=9
[T2depth] t=25.5280 id=102 src=motion2 u=181.6 v=244.0 depth=4.0099 depth2=-1.0000 track=2 sf=9 flag=ok
[T2depth] t=25.5280 id=1983 src=motion2 u=629.8 v=258.0 depth=5.0000 depth2=-1.0000 track=2 sf=9 flag=init_neg
[T2depth] t=25.5280 id=2081 src=motion2 u=629.6 v=159.8 depth=5.0000 depth2=-1.0000 track=2 sf=9 flag=init_neg
[T2depth] t=25.5280 id=2082 src=motion2 u=210.4 v=258.0 depth=5.0000 depth2=-1.0000 track=2 sf=9 flag=init_neg
[T2xcross] t=25.5280 id=2085 est=5.0000 svd=0.3114 rel=0.9377 track=2 sf=9
[T2depth] t=25.5280 id=2087 src=motion2 u=183.0 v=151.0 depth=0.1740 depth2=-1.0000 track=2 sf=9 flag=ok
[T2depth] t=25.5280 id=2090 src=motion2 u=319.0 v=172.0 depth=5.0000 depth2=-1.0000 track=2 sf=9 flag=init_neg
[T2depth] t=25.5280 id=2094 src=motion2 u=553.0 v=63.0 depth=0.0542 depth2=-1.0000 track=2 sf=9 flag=ok
[T2depth] t=25.5280 id=2099 src=stereo u=149.0 v=99.0 depth=5.0000 depth2=-1.0000 track=1 sf=10 flag=init_neg
[T2gate] t=25.5280 tri=58 rej=0 xrej=0 init_replace=5 gate=0
[T2slv] t=25.5280 phase=1 init_cost=117.463 final_cost=115.147 iters=9 term=1 slv_ms=12.4
[T2diag] t=25.5280 P=[-0.0079 0.0009 -0.0006] V=[-0.0136 0.0045 -0.0001] |Bas|=0.294620 |Bgs|=0.0016987 Bas=[-0.253861 -0.149167 0.010223] Bgs=[0.0003567 -0.0006326 0.0015356] tic0=[0.1200 0.0500 -0.0200] tic1=[0.1200 -0.0500 -0.0200] td=0.00000 track=140
[E2uls] flag=1 sh_t=25.568 new_t=25.568 dP=[-0.0001 0.0011 -0.0005] |dP|=0.0012 first_dt=-1.0000
time: 25.528000, t: -0.007923 0.000880 -0.000598 q: 0.999866 0.006880 -0.014876 0.000476 
[T2xcross] t=25.6280 id=2068 est=5.0000 svd=0.0171 rel=0.9966 track=2 sf=9
[T2xcross] t=25.6280 id=21 est=5.0000 svd=4.2624 rel=0.1475 track=2 sf=9
[T2xcross] t=25.6280 id=107 est=2.8519 svd=12.3584 rel=0.7692 track=2 sf=9
[T2xcross] t=25.6280 id=1386 est=5.0000 svd=0.6841 rel=0.8632 track=2 sf=9
[T2depth] t=25.6280 id=41 src=motion2 u=614.2 v=452.1 depth=5.0000 depth2=-1.0000 track=2 sf=9 flag=init_neg
[T2depth] t=25.6280 id=883 src=motion2 u=270.6 v=255.1 depth=0.4999 depth2=-1.0000 track=2 sf=9 flag=ok
[T2depth] t=25.6280 id=2095 src=motion2 u=91.1 v=79.6 depth=5.0000 depth2=-1.0000 track=2 sf=9 flag=init_neg
[T2depth] t=25.6280 id=2097 src=motion2 u=578.7 v=225.1 depth=5.0000 depth2=-1.0000 track=2 sf=9 flag=init_neg
[T2depth] t=25.6280 id=2098 src=motion2 u=19.9 v=111.4 depth=5.0000 depth2=-1.0000 track=2 sf=9 flag=init_neg
[T2depth] t=25.6280 id=2100 src=motion2 u=361.0 v=77.0 depth=0.0181 depth2=-1.0000 track=2 sf=9 flag=ok
[T2depth] t=25.6280 id=2101 src=motion2 u=146.0 v=165.0 depth=5.0000 depth2=-1.0000 track=2 sf=9 flag=init_neg
[T2depth] t=25.6280 id=2102 src=motion2 u=126.0 v=46.0 depth=0.1382 depth2=-1.0000 track=2 sf=9 flag=ok
[T2depth] t=25.6280 id=2105 src=stereo u=473.9 v=170.2 depth=4.1377 depth2=-1.0000 track=1 sf=10 flag=ok
[T2depth] t=25.6280 id=2107 src=stereo u=493.5 v=106.8 depth=4.7613 depth2=-1.0000 track=1 sf=10 flag=ok
[T2depth] t=25.6280 id=2108 src=stereo u=252.0 v=45.0 depth=5.0000 depth2=-1.0000 track=1 sf=10 flag=init_neg
[T2depth] t=25.6280 id=2109 src=stereo u=622.0 v=150.0 depth=36.8285 depth2=-1.0000 track=1 sf=10 flag=ok
[T2depth] t=25.6280 id=2114 src=stereo u=422.0 v=101.0 depth=3.7996 depth2=-1.0000 track=1 sf=10 flag=ok
[T2depth] t=25.6280 id=2115 src=stereo u=373.0 v=166.0 depth=3.6455 depth2=-1.0000 track=1 sf=10 flag=ok
[T2depth] t=25.6280 id=2116 src=stereo u=384.0 v=45.0 depth=3.6893 depth2=-1.0000 track=1 sf=10 flag=ok
[T2gate] t=25.6280 tri=60 rej=0 xrej=0 init_replace=6 gate=0
[T2slv] t=25.6280 phase=1 init_cost=133.917 final_cost=117.933 iters=9 term=1 slv_ms=16.6
[T2diag] t=25.6280 P=[-0.0094 0.0008 -0.0006] V=[-0.0171 0.0078 -0.0021] |Bas|=0.284418 |Bgs|=0.0016206 Bas=[-0.248565 -0.137924 0.009262] Bgs=[0.0006058 -0.0003339 0.0014655] tic0=[0.1200 0.0500 -0.0200] tic1=[0.1200 -0.0500 -0.0200] td=0.00000 track=136
[E2uls] flag=1 sh_t=25.668 new_t=25.668 dP=[-0.0007 0.0010 -0.0002] |dP|=0.0012 first_dt=-1.0000
time: 25.628000, t: -0.009420 0.000786 -0.000622 q: 0.999872 0.006243 -0.014754 0.000473 
[T2xcross] t=25.7280 id=2097 est=5.0000 svd=0.0453 rel=0.9909 track=2 sf=9
[T2depth] t=25.7280 id=207 src=motion2 u=527.9 v=381.6 depth=2.5001 depth2=-1.0000 track=2 sf=9 flag=ok
[T2depth] t=25.7280 id=2106 src=motion2 u=64.1 v=199.9 depth=0.1957 depth2=-1.0000 track=2 sf=9 flag=ok
[T2xcross] t=25.7280 id=2109 est=36.8285 svd=0.0970 rel=0.9974 track=2 sf=9
[T2depth] t=25.7280 id=2110 src=motion2 u=605.0 v=8.0 depth=0.4719 depth2=-1.0000 track=2 sf=9 flag=ok
[T2depth] t=25.7280 id=2112 src=motion2 u=239.0 v=16.0 depth=5.0000 depth2=-1.0000 track=2 sf=9 flag=init_neg
[T2depth] t=25.7280 id=2113 src=motion2 u=392.0 v=85.0 depth=5.0000 depth2=-1.0000 track=2 sf=9 flag=init_neg
[T2depth] t=25.7280 id=2119 src=stereo u=448.0 v=71.1 depth=3.8966 depth2=-1.0000 track=1 sf=10 flag=ok
[T2depth] t=25.7280 id=2120 src=stereo u=452.0 v=193.0 depth=3.8968 depth2=-1.0000 track=1 sf=10 flag=ok
[T2depth] t=25.7280 id=2126 src=stereo u=258.0 v=130.0 depth=5.0000 depth2=-1.0000 track=1 sf=10 flag=init_neg
[T2gate] t=25.7280 tri=55 rej=0 xrej=0 init_replace=3 gate=0
[T2slv] t=25.7280 phase=1 init_cost=109.874 final_cost=107.494 iters=9 term=1 slv_ms=13.1
[T2diag] t=25.7280 P=[-0.0103 0.0010 -0.0007] V=[-0.0147 0.0061 -0.0038] |Bas|=0.278522 |Bgs|=0.0016402 Bas=[-0.246445 -0.129466 0.008840] Bgs=[-0.0004777 -0.0007747 0.0013645] tic0=[0.1200 0.0500 -0.0200] tic1=[0.1200 -0.0500 -0.0200] td=0.00000 track=139
[E2uls] flag=1 sh_t=25.772 new_t=25.772 dP=[-0.0020 0.0012 -0.0004] |dP|=0.0023 first_dt=-1.0000
time: 25.728000, t: -0.010252 0.001023 -0.000702 q: 0.999879 0.006122 -0.014295 0.000316 
[T2xcross] t=25.8280 id=9 est=5.0000 svd=4.7805 rel=0.0439 track=2 sf=9
[T2xcross] t=25.8280 id=2116 est=3.6893 svd=0.0034 rel=0.9991 track=2 sf=9
[T2depth] t=25.8280 id=2123 src=motion2 u=277.0 v=23.3 depth=0.4835 depth2=-1.0000 track=2 sf=9 flag=ok
[T2xcross] t=25.8280 id=2126 est=5.0000 svd=0.2869 rel=0.9426 track=2 sf=9
[T2depth] t=25.8280 id=2129 src=motion2 u=337.0 v=207.0 depth=5.0000 depth2=-1.0000 track=2 sf=9 flag=init_neg
[T2depth] t=25.8280 id=2130 src=stereo u=408.8 v=15.7 depth=3.5782 depth2=-1.0000 track=1 sf=10 flag=ok
[T2depth] t=25.8280 id=2135 src=stereo u=546.0 v=83.1 depth=3.5764 depth2=-1.0000 track=1 sf=10 flag=ok
[T2depth] t=25.8280 id=2137 src=stereo u=406.4 v=133.6 depth=5.0000 depth2=-1.0000 track=1 sf=10 flag=init_neg
[T2depth] t=25.8280 id=2139 src=stereo u=530.0 v=17.0 depth=3.8317 depth2=-1.0000 track=1 sf=10 flag=ok
[T2depth] t=25.8280 id=2141 src=stereo u=481.0 v=42.0 depth=3.7799 depth2=-1.0000 track=1 sf=10 flag=ok
[T2gate] t=25.8280 tri=74 rej=0 xrej=0 init_replace=2 gate=0
[T2slv] t=25.8280 phase=1 init_cost=110.779 final_cost=108.167 iters=9 term=1 slv_ms=9.0
[T2diag] t=25.8280 P=[-0.0101 0.0001 -0.0004] V=[-0.0124 0.0034 0.0000] |Bas|=0.270480 |Bgs|=0.0015446 Bas=[-0.241957 -0.120785 0.005188] Bgs=[-0.0001850 -0.0009179 0.0012284] tic0=[0.1200 0.0500 -0.0200] tic1=[0.1200 -0.0500 -0.0200] td=0.00000 track=121
[E2uls] flag=1 sh_t=25.864 new_t=25.864 dP=[-0.0020 0.0016 -0.0010] |dP|=0.0028 first_dt=-1.0000
time: 25.828000, t: -0.010106 0.000132 -0.000394 q: 0.999882 0.005880 -0.014204 0.000415 
[T2xcross] t=25.9280 id=2119 est=3.8966 svd=0.0603 rel=0.9845 track=2 sf=9
[T2xcross] t=25.9280 id=2120 est=3.8968 svd=0.0006 rel=0.9998 track=2 sf=9
[T2depth] t=25.9280 id=28 src=motion2 u=480.6 v=387.6 depth=5.0000 depth2=-1.0000 track=2 sf=9 flag=init_neg
[T2depth] t=25.9280 id=33 src=motion2 u=433.8 v=407.8 depth=5.0000 depth2=-1.0000 track=2 sf=9 flag=init_neg
[T2depth] t=25.9280 id=38 src=motion2 u=446.9 v=334.4 depth=5.0000 depth2=-1.0000 track=2 sf=9 flag=init_neg
[T2depth] t=25.9280 id=44 src=motion2 u=511.2 v=439.1 depth=5.0000 depth2=-1.0000 track=2 sf=9 flag=init_neg
[T2depth] t=25.9280 id=51 src=motion2 u=526.1 v=411.8 depth=5.0000 depth2=-1.0000 track=2 sf=9 flag=init_neg
[T2depth] t=25.9280 id=53 src=motion2 u=385.4 v=433.9 depth=5.0000 depth2=-1.0000 track=2 sf=9 flag=init_neg
[T2depth] t=25.9280 id=69 src=motion2 u=395.7 v=464.7 depth=5.0000 depth2=-1.0000 track=2 sf=9 flag=init_neg
[T2depth] t=25.9280 id=71 src=motion2 u=478.0 v=476.1 depth=5.0000 depth2=-1.0000 track=2 sf=9 flag=init_neg
[T2depth] t=25.9280 id=75 src=motion2 u=435.6 v=455.5 depth=5.0000 depth2=-1.0000 track=2 sf=9 flag=init_neg
[T2depth] t=25.9280 id=88 src=motion2 u=483.0 v=420.5 depth=5.0000 depth2=-1.0000 track=2 sf=9 flag=init_neg
[T2depth] t=25.9280 id=100 src=motion2 u=488.9 v=313.3 depth=5.0000 depth2=-1.0000 track=2 sf=9 flag=init_neg
[T2depth] t=25.9280 id=343 src=motion2 u=508.2 v=477.1 depth=5.0000 depth2=-1.0000 track=2 sf=9 flag=init_neg
[T2depth] t=25.9280 id=1117 src=motion2 u=466.7 v=446.5 depth=5.0000 depth2=-1.0000 track=2 sf=9 flag=init_neg
[T2depth] t=25.9280 id=1489 src=motion2 u=630.8 v=478.3 depth=5.0000 depth2=-1.0000 track=2 sf=9 flag=init_neg
[T2depth] t=25.9280 id=1981 src=motion2 u=544.1 v=285.0 depth=5.0000 depth2=-1.0000 track=2 sf=9 flag=init_neg
[T2depth] t=25.9280 id=2131 src=motion2 u=308.0 v=65.3 depth=0.0201 depth2=-1.0000 track=2 sf=9 flag=ok
[T2depth] t=25.9280 id=2133 src=motion2 u=3.9 v=239.0 depth=4.9518 depth2=-1.0000 track=2 sf=9 flag=ok
[T2depth] t=25.9280 id=2134 src=motion2 u=145.9 v=71.8 depth=5.0000 depth2=-1.0000 track=2 sf=9 flag=init_neg
[T2xcross] t=25.9280 id=2135 est=3.5764 svd=8.2676 rel=0.5674 track=2 sf=9
[T2xcross] t=25.9280 id=2141 est=3.7799 svd=0.1442 rel=0.9618 track=2 sf=9
[T2depth] t=25.9280 id=2142 src=motion2 u=73.0 v=26.0 depth=0.0187 depth2=-1.0000 track=2 sf=9 flag=ok
[T2depth] t=25.9280 id=2143 src=motion2 u=198.0 v=137.0 depth=0.0892 depth2=-1.0000 track=2 sf=9 flag=ok
[T2depth] t=25.9280 id=2145 src=motion2 u=234.0 v=57.0 depth=0.0805 depth2=-1.0000 track=2 sf=9 flag=ok
[T2depth] t=25.9280 id=2148 src=stereo u=182.0 v=53.9 depth=5.0000 depth2=-1.0000 track=1 sf=10 flag=init_neg
[T2gate] t=25.9280 tri=67 rej=0 xrej=0 init_replace=17 gate=0
[T2slv] t=25.9280 phase=1 init_cost=111.402 final_cost=108.994 iters=9 term=1 slv_ms=11.6
[T2diag] t=25.9280 P=[-0.0059 -0.0050 -0.0002] V=[-0.0108 0.0041 -0.0015] |Bas|=0.270129 |Bgs|=0.0011056 Bas=[-0.243524 -0.116800 0.004817] Bgs=[0.0001418 -0.0005920 0.0009229] tic0=[0.1200 0.0500 -0.0200] tic1=[0.1200 -0.0500 -0.0200] td=0.00000 track=144
[E2uls] flag=1 sh_t=25.964 new_t=25.964 dP=[-0.0060 0.0054 -0.0003] |dP|=0.0080 first_dt=-1.0000
time: 25.928000, t: -0.005918 -0.005019 -0.000157 q: 0.999888 0.005434 -0.013892 0.000935 
[T2xcross] t=26.0320 id=2143 est=0.0892 svd=0.0587 rel=0.3413 track=2 sf=9
[T2depth] t=26.0320 id=2146 src=motion2 u=110.0 v=84.9 depth=0.1622 depth2=-1.0000 track=2 sf=9 flag=ok
[T2depth] t=26.0320 id=2149 src=motion2 u=610.3 v=68.5 depth=5.0000 depth2=-1.0000 track=2 sf=9 flag=init_neg
[T2depth] t=26.0320 id=2152 src=motion2 u=22.0 v=17.0 depth=5.0000 depth2=-1.0000 track=2 sf=9 flag=init_neg
[T2depth] t=26.0320 id=2153 src=motion2 u=64.0 v=95.0 depth=5.0000 depth2=-1.0000 track=2 sf=9 flag=init_neg
[T2depth] t=26.0320 id=2159 src=stereo u=231.0 v=150.0 depth=44.9037 depth2=-1.0000 track=1 sf=10 flag=ok
[T2depth] t=26.0320 id=2160 src=stereo u=191.0 v=180.0 depth=5.0000 depth2=-1.0000 track=1 sf=10 flag=init_neg
[T2depth] t=26.0320 id=2164 src=stereo u=28.0 v=179.0 depth=33.5733 depth2=-1.0000 track=1 sf=10 flag=ok
[T2gate] t=26.0320 tri=50 rej=0 xrej=0 init_replace=4 gate=0
[T2slv] t=26.0320 phase=1 init_cost=232.489 final_cost=111.007 iters=5 term=0 slv_ms=6.2
[T2diag] t=26.0320 P=[-0.0086 -0.0017 0.0000] V=[-0.0092 0.0055 -0.0021] |Bas|=0.271138 |Bgs|=0.0007113 Bas=[-0.245437 -0.115125 0.004769] Bgs=[-0.0000976 -0.0001609 0.0006860] tic0=[0.1200 0.0500 -0.0200] tic1=[0.1200 -0.0500 -0.0200] td=0.00000 track=142
[E2uls] flag=1 sh_t=26.068 new_t=26.068 dP=[0.0011 -0.0023 -0.0003] |dP|=0.0026 first_dt=-1.0000
time: 26.032000, t: -0.008573 -0.001731 0.000019 q: 0.999889 0.005454 -0.013887 0.000510 
[T2xcross] t=26.1280 id=2106 est=0.1957 svd=0.2620 rel=0.2531 track=2 sf=9
[T2xcross] t=26.1280 id=2131 est=0.0201 svd=0.0183 rel=0.0887 track=2 sf=9
[T2xcross] t=26.1280 id=2146 est=0.1622 svd=0.0418 rel=0.7424 track=2 sf=9
[T2depth] t=26.1280 id=2154 src=motion2 u=515.3 v=96.8 depth=0.0627 depth2=-1.0000 track=2 sf=9 flag=ok
[T2depth] t=26.1280 id=2161 src=motion2 u=120.0 v=164.0 depth=5.0000 depth2=-1.0000 track=2 sf=9 flag=init_neg
[T2depth] t=26.1280 id=2163 src=motion2 u=111.0 v=205.0 depth=0.1286 depth2=-1.0000 track=2 sf=9 flag=ok
[T2depth] t=26.1280 id=2165 src=stereo u=226.7 v=185.0 depth=30.9003 depth2=-1.0000 track=1 sf=10 flag=ok
[T2depth] t=26.1280 id=2167 src=stereo u=374.8 v=99.6 depth=4.6133 depth2=-1.0000 track=1 sf=10 flag=ok
[T2depth] t=26.1280 id=2171 src=stereo u=156.0 v=159.0 depth=35.4016 depth2=-1.0000 track=1 sf=10 flag=ok
[T2depth] t=26.1280 id=2172 src=stereo u=393.0 v=49.0 depth=3.4417 depth2=-1.0000 track=1 sf=10 flag=ok
[T2gate] t=26.1280 tri=49 rej=0 xrej=0 init_replace=1 gate=0
[T2slv] t=26.1280 phase=1 init_cost=112.912 final_cost=111.394 iters=9 term=1 slv_ms=5.9
[T2diag] t=26.1280 P=[-0.0098 -0.0012 -0.0002] V=[-0.0141 0.0059 -0.0019] |Bas|=0.269296 |Bgs|=0.0005418 Bas=[-0.243999 -0.113849 0.004870] Bgs=[-0.0002478 -0.0001658 0.0004524] tic0=[0.1200 0.0500 -0.0200] tic1=[0.1200 -0.0500 -0.0200] td=0.00000 track=143
[E2uls] flag=1 sh_t=26.156 new_t=26.156 dP=[0.0000 0.0003 0.0001] |dP|=0.0003 first_dt=-1.0000
time: 26.128000, t: -0.009782 -0.001207 -0.000240 q: 0.999887 0.005424 -0.014018 0.000597 
[T2depth] t=26.2280 id=2166 src=motion2 u=283.8 v=220.3 depth=0.1249 depth2=-1.0000 track=2 sf=9 flag=ok
[T2depth] t=26.2280 id=2170 src=motion2 u=315.0 v=159.0 depth=5.0000 depth2=-1.0000 track=2 sf=9 flag=init_neg
[T2gate] t=26.2280 tri=48 rej=0 xrej=0 init_replace=1 gate=0
[T2slv] t=26.2280 phase=1 init_cost=113.986 final_cost=111.654 iters=9 term=1 slv_ms=7.4
[T2diag] t=26.2280 P=[-0.0101 -0.0016 -0.0003] V=[-0.0082 0.0028 -0.0017] |Bas|=0.272355 |Bgs|=0.0006146 Bas=[-0.248276 -0.111901 0.003791] Bgs=[-0.0004210 0.0000082 0.0004477] tic0=[0.1200 0.0500 -0.0200] tic1=[0.1200 -0.0500 -0.0200] td=0.00000 track=142
[E2uls] flag=1 sh_t=26.260 new_t=26.260 dP=[-0.0016 0.0012 -0.0002] |dP|=0.0020 first_dt=-1.0000
time: 26.228000, t: -0.010078 -0.001588 -0.000270 q: 0.999890 0.005451 -0.013806 0.000624 
[T2xcross] t=26.3280 id=2153 est=5.0000 svd=0.1294 rel=0.9741 track=2 sf=9
[T2depth] t=26.3280 id=2174 src=motion2 u=562.4 v=242.0 depth=0.0843 depth2=-1.0000 track=2 sf=9 flag=ok
[T2depth] t=26.3280 id=2175 src=motion2 u=589.6 v=131.6 depth=5.0000 depth2=-1.0000 track=2 sf=9 flag=init_neg
[T2depth] t=26.3280 id=2179 src=motion2 u=216.5 v=51.1 depth=0.2455 depth2=-1.0000 track=2 sf=9 flag=ok
[T2depth] t=26.3280 id=2180 src=motion2 u=174.0 v=195.0 depth=5.0000 depth2=-1.0000 track=2 sf=9 flag=init_neg
[T2depth] t=26.3280 id=2183 src=motion2 u=330.0 v=214.0 depth=0.0284 depth2=-1.0000 track=2 sf=9 flag=ok
[T2depth] t=26.3280 id=2184 src=motion2 u=358.0 v=158.0 depth=5.0000 depth2=-1.0000 track=2 sf=9 flag=init_neg
[T2depth] t=26.3280 id=2194 src=stereo u=406.0 v=77.0 depth=3.4483 depth2=-1.0000 track=1 sf=10 flag=ok
[T2depth] t=26.3280 id=2195 src=stereo u=230.0 v=97.0 depth=5.0000 depth2=-1.0000 track=1 sf=10 flag=init_neg
[T2gate] t=26.3280 tri=55 rej=0 xrej=0 init_replace=4 gate=0
[T2slv] t=26.3280 phase=1 init_cost=113.716 final_cost=111.268 iters=9 term=1 slv_ms=4.4
[T2diag] t=26.3280 P=[-0.0103 -0.0020 -0.0004] V=[-0.0108 0.0035 -0.0019] |Bas|=0.270936 |Bgs|=0.0007443 Bas=[-0.247054 -0.111176 0.003191] Bgs=[-0.0004434 0.0002474 0.0005443] tic0=[0.1200 0.0500 -0.0200] tic1=[0.1200 -0.0500 -0.0200] td=0.00000 track=140
[E2uls] flag=1 sh_t=26.356 new_t=26.356 dP=[-0.0006 0.0006 -0.0002] |dP|=0.0009 first_dt=-1.0000
time: 26.328000, t: -0.010266 -0.001965 -0.000366 q: 0.999887 0.005460 -0.014004 0.000575 
[T2xcross] t=26.4280 id=883 est=0.4999 svd=0.2942 rel=0.4114 track=2 sf=9
[T2depth] t=26.4280 id=2185 src=motion2 u=177.2 v=113.3 depth=0.0602 depth2=-1.0000 track=2 sf=9 flag=ok
[T2depth] t=26.4280 id=2186 src=motion2 u=46.7 v=132.8 depth=1.3132 depth2=-1.0000 track=2 sf=9 flag=ok
[T2depth] t=26.4280 id=2189 src=motion2 u=250.6 v=200.7 depth=5.0000 depth2=-1.0000 track=2 sf=9 flag=init_neg
[T2depth] t=26.4280 id=2191 src=motion2 u=150.1 v=166.3 depth=0.2516 depth2=-1.0000 track=2 sf=9 flag=ok
[T2depth] t=26.4280 id=2192 src=motion2 u=212.0 v=205.2 depth=0.1022 depth2=-1.0000 track=2 sf=9 flag=ok
[T2depth] t=26.4280 id=2193 src=motion2 u=582.0 v=12.0 depth=5.0000 depth2=-1.0000 track=2 sf=9 flag=init_neg
[T2depth] t=26.4280 id=2197 src=stereo u=144.8 v=44.6 depth=30.0594 depth2=-1.0000 track=1 sf=10 flag=ok
[T2depth] t=26.4280 id=2199 src=stereo u=549.0 v=6.0 depth=3.1545 depth2=-1.0000 track=1 sf=10 flag=ok
[T2gate] t=26.4280 tri=52 rej=0 xrej=0 init_replace=2 gate=0
[T2slv] t=26.4280 phase=1 init_cost=112.298 final_cost=110.495 iters=9 term=1 slv_ms=4.6
[T2diag] t=26.4280 P=[-0.0115 -0.0020 -0.0003] V=[-0.0106 0.0047 -0.0004] |Bas|=0.271192 |Bgs|=0.0007784 Bas=[-0.247263 -0.111329 0.003516] Bgs=[-0.0004865 0.0004437 0.0004153] tic0=[0.1200 0.0500 -0.0200] tic1=[0.1200 -0.0500 -0.0200] td=0.00000 track=143
[E2uls] flag=1 sh_t=26.464 new_t=26.464 dP=[-0.0002 0.0002 -0.0000] |dP|=0.0003 first_dt=-1.0000
time: 26.428000, t: -0.011470 -0.001952 -0.000344 q: 0.999890 0.005345 -0.013836 0.000471 
[T2xcross] t=26.5280 id=2184 est=5.0000 svd=0.0925 rel=0.9815 track=2 sf=9
[T2xcross] t=26.5280 id=2199 est=3.1545 svd=0.1095 rel=0.9653 track=2 sf=9
[T2depth] t=26.5280 id=2205 src=stereo u=88.2 v=77.2 depth=42.7471 depth2=-1.0000 track=1 sf=10 flag=ok
[T2depth] t=26.5280 id=2208 src=stereo u=532.1 v=75.1 depth=3.5231 depth2=-1.0000 track=1 sf=10 flag=ok
[T2depth] t=26.5280 id=2214 src=stereo u=364.0 v=191.0 depth=4.6997 depth2=-1.0000 track=1 sf=10 flag=ok
[T2depth] t=26.5280 id=2216 src=stereo u=371.0 v=39.0 depth=4.5575 depth2=-1.0000 track=1 sf=10 flag=ok
[T2gate] t=26.5280 tri=52 rej=0 xrej=0 init_replace=0 gate=0
[T2slv] t=26.5280 phase=1 init_cost=114.911 final_cost=111.002 iters=9 term=1 slv_ms=5.2
[T2diag] t=26.5280 P=[-0.0126 -0.0015 -0.0002] V=[-0.0097 0.0025 0.0003] |Bas|=0.272947 |Bgs|=0.0009546 Bas=[-0.249395 -0.110872 0.003110] Bgs=[-0.0005326 0.0007907 0.0000485] tic0=[0.1200 0.0500 -0.0200] tic1=[0.1200 -0.0500 -0.0200] td=0.00000 track=140
[E2uls] flag=1 sh_t=26.560 new_t=26.560 dP=[-0.0003 -0.0001 -0.0001] |dP|=0.0003 first_dt=-1.0000
time: 26.528000, t: -0.012565 -0.001521 -0.000219 q: 0.999892 0.005339 -0.013672 0.000422 
[T2xcross] t=26.6320 id=2185 est=0.0602 svd=0.1416 rel=0.5750 track=2 sf=9
[T2xcross] t=26.6320 id=2205 est=42.7471 svd=1.2177 rel=0.9715 track=2 sf=9
[T2xcross] t=26.6320 id=2208 est=3.5231 svd=0.0868 rel=0.9754 track=2 sf=9
[T2depth] t=26.6320 id=2212 src=motion2 u=563.0 v=225.0 depth=0.0381 depth2=-1.0000 track=2 sf=9 flag=ok
[T2xcross] t=26.6320 id=2214 est=4.6997 svd=0.0256 rel=0.9946 track=2 sf=9
[T2depth] t=26.6320 id=2215 src=motion2 u=82.0 v=114.0 depth=0.1610 depth2=-1.0000 track=2 sf=9 flag=ok
[T2depth] t=26.6320 id=2218 src=stereo u=258.9 v=157.0 depth=43.3237 depth2=-1.0000 track=1 sf=10 flag=ok
[T2depth] t=26.6320 id=2225 src=stereo u=291.2 v=155.9 depth=30.1745 depth2=-1.0000 track=1 sf=10 flag=ok
[T2gate] t=26.6320 tri=54 rej=0 xrej=0 init_replace=0 gate=0
[T2slv] t=26.6320 phase=1 init_cost=114.697 final_cost=110.381 iters=9 term=1 slv_ms=4.4
[T2diag] t=26.6320 P=[-0.0125 -0.0017 -0.0001] V=[-0.0130 0.0023 -0.0001] |Bas|=0.272099 |Bgs|=0.0009903 Bas=[-0.248641 -0.110412 0.004983] Bgs=[-0.0003126 0.0008449 -0.0004111] tic0=[0.1200 0.0500 -0.0200] tic1=[0.1200 -0.0500 -0.0200] td=0.00000 track=139
[E2uls] flag=1 sh_t=26.660 new_t=26.660 dP=[-0.0013 0.0002 0.0004] |dP|=0.0013 first_dt=-1.0000
time: 26.632000, t: -0.012518 -0.001667 -0.000129 q: 0.999891 0.005248 -0.013814 0.000616 
[T2depth] t=26.7320 id=2219 src=motion2 u=205.8 v=179.9 depth=5.0000 depth2=-1.0000 track=2 sf=9 flag=init_neg
[T2depth] t=26.7320 id=2222 src=motion2 u=338.0 v=134.8 depth=0.0625 depth2=-1.0000 track=2 sf=9 flag=ok
[T2depth] t=26.7320 id=2224 src=motion2 u=623.0 v=18.6 depth=5.0000 depth2=-1.0000 track=2 sf=9 flag=init_neg
[T2depth] t=26.7320 id=2226 src=motion2 u=615.0 v=139.0 depth=5.0000 depth2=-1.0000 track=2 sf=9 flag=init_neg
[T2depth] t=26.7320 id=2228 src=motion2 u=302.0 v=66.0 depth=0.1265 depth2=-1.0000 track=2 sf=9 flag=ok
[T2depth] t=26.7320 id=2232 src=stereo u=399.7 v=12.1 depth=3.5094 depth2=-1.0000 track=1 sf=10 flag=ok
[T2depth] t=26.7320 id=2239 src=stereo u=546.0 v=164.0 depth=40.7044 depth2=-1.0000 track=1 sf=10 flag=ok
[T2depth] t=26.7320 id=2241 src=stereo u=311.0 v=111.0 depth=37.4397 depth2=-1.0000 track=1 sf=10 flag=ok
[T2gate] t=26.7320 tri=57 rej=0 xrej=0 init_replace=3 gate=0
[T2slv] t=26.7320 phase=1 init_cost=110.937 final_cost=109.744 iters=9 term=1 slv_ms=6.2
[T2diag] t=26.7320 P=[-0.0120 -0.0018 -0.0002] V=[-0.0091 0.0027 -0.0028] |Bas|=0.272756 |Bgs|=0.0009033 Bas=[-0.249766 -0.109457 0.005627] Bgs=[-0.0002433 0.0007285 -0.0004754] tic0=[0.1200 0.0500 -0.0200] tic1=[0.1200 -0.0500 -0.0200] td=0.00000 track=139
[E2uls] flag=1 sh_t=26.772 new_t=26.772 dP=[-0.0025 0.0006 -0.0001] |dP|=0.0026 first_dt=-1.0000
time: 26.732000, t: -0.011998 -0.001840 -0.000176 q: 0.999890 0.005276 -0.013832 0.000683 
[T2xcross] t=26.8640 id=2228 est=0.1265 svd=0.0257 rel=0.7973 track=2 sf=9
[T2depth] t=26.8640 id=2230 src=motion2 u=185.7 v=18.8 depth=5.0000 depth2=-1.0000 track=2 sf=9 flag=init_neg
[T2xcross] t=26.8640 id=2232 est=3.5094 svd=0.0340 rel=0.9903 track=2 sf=9
[T2depth] t=26.8640 id=2233 src=motion2 u=34.5 v=98.9 depth=5.0000 depth2=-1.0000 track=2 sf=9 flag=init_neg
[T2depth] t=26.8640 id=2234 src=motion2 u=256.7 v=71.4 depth=5.0000 depth2=-1.0000 track=2 sf=9 flag=init_neg
[T2depth] t=26.8640 id=2238 src=motion2 u=575.0 v=137.0 depth=5.0000 depth2=-1.0000 track=2 sf=9 flag=init_neg
[T2depth] t=26.8640 id=2240 src=motion2 u=159.0 v=53.0 depth=5.0000 depth2=-1.0000 track=2 sf=9 flag=init_neg
[T2depth] t=26.8640 id=2242 src=motion2 u=78.0 v=84.0 depth=0.1602 depth2=-1.0000 track=2 sf=9 flag=ok
[T2depth] t=26.8640 id=2248 src=stereo u=582.0 v=31.0 depth=20.9514 depth2=-1.0000 track=1 sf=10 flag=ok
[T2gate] t=26.8640 tri=53 rej=0 xrej=0 init_replace=5 gate=0
[T2slv] t=26.8640 phase=1 init_cost=116.061 final_cost=112.049 iters=9 term=1 slv_ms=4.0
[T2diag] t=26.8640 P=[-0.0116 -0.0037 -0.0002] V=[-0.0070 0.0005 0.0037] |Bas|=0.274041 |Bgs|=0.0009081 Bas=[-0.251944 -0.107788 0.002114] Bgs=[-0.0002094 0.0007999 -0.0003754] tic0=[0.1200 0.0500 -0.0200] tic1=[0.1200 -0.0500 -0.0200] td=0.00000 track=142
[E2uls] flag=1 sh_t=26.896 new_t=26.896 dP=[-0.0024 0.0021 -0.0007] |dP|=0.0033 first_dt=-1.0000
time: 26.864000, t: -0.011609 -0.003721 -0.000151 q: 0.999893 0.005105 -0.013716 0.000805 
[T2xcross] t=26.9640 id=2238 est=5.0000 svd=0.0868 rel=0.9826 track=2 sf=9
[T2depth] t=26.9640 id=81 src=motion2 u=282.3 v=477.4 depth=6.7953 depth2=-1.0000 track=2 sf=9 flag=ok
[T2depth] t=26.9640 id=82 src=motion2 u=340.9 v=437.3 depth=5.0000 depth2=-1.0000 track=2 sf=9 flag=init_neg
[T2depth] t=26.9640 id=89 src=motion2 u=358.9 v=465.4 depth=5.0000 depth2=-1.0000 track=2 sf=9 flag=init_neg
[T2depth] t=26.9640 id=2243 src=motion2 u=277.5 v=113.5 depth=0.1389 depth2=-1.0000 track=2 sf=9 flag=ok
[T2depth] t=26.9640 id=2245 src=motion2 u=393.3 v=89.5 depth=5.0000 depth2=-1.0000 track=2 sf=9 flag=init_neg
[T2depth] t=26.9640 id=2247 src=motion2 u=152.0 v=124.0 depth=5.0000 depth2=-1.0000 track=2 sf=9 flag=init_neg
[T2xcross] t=26.9640 id=2248 est=20.9514 svd=0.1922 rel=0.9908 track=2 sf=9
[T2depth] t=26.9640 id=2251 src=stereo u=366.0 v=187.0 depth=4.6225 depth2=-1.0000 track=1 sf=10 flag=ok
[T2depth] t=26.9640 id=2252 src=stereo u=503.0 v=10.0 depth=3.1547 depth2=-1.0000 track=1 sf=10 flag=ok
[T2gate] t=26.9640 tri=47 rej=0 xrej=0 init_replace=4 gate=0
[T2slv] t=26.9640 phase=1 init_cost=129.209 final_cost=113.875 iters=9 term=1 slv_ms=3.8
[T2diag] t=26.9640 P=[-0.0105 -0.0047 -0.0004] V=[-0.0100 0.0025 -0.0018] |Bas|=0.274515 |Bgs|=0.0010104 Bas=[-0.251994 -0.108741 0.005751] Bgs=[-0.0001667 0.0008727 -0.0004810] tic0=[0.1200 0.0500 -0.0200] tic1=[0.1200 -0.0500 -0.0200] td=0.00000 track=147
[E2uls] flag=1 sh_t=26.996 new_t=26.996 dP=[-0.0022 0.0009 0.0011] |dP|=0.0026 first_dt=-1.0000
time: 26.964000, t: -0.010550 -0.004687 -0.000433 q: 0.999891 0.004998 -0.013825 0.000969 
[T2xcross] t=27.0640 id=2245 est=5.0000 svd=0.0377 rel=0.9925 track=2 sf=9
[T2xcross] t=27.0640 id=2251 est=4.6225 svd=0.0866 rel=0.9813 track=2 sf=9
[T2depth] t=27.0640 id=2254 src=stereo u=31.4 v=193.6 depth=32.9606 depth2=-1.0000 track=1 sf=10 flag=ok
[T2depth] t=27.0640 id=2259 src=stereo u=516.2 v=9.6 depth=3.5244 depth2=-1.0000 track=1 sf=10 flag=ok
[T2gate] t=27.0640 tri=51 rej=0 xrej=0 init_replace=0 gate=0
[T2slv] t=27.0640 phase=1 init_cost=116.28 final_cost=114.042 iters=9 term=1 slv_ms=7.9
[T2diag] t=27.0640 P=[-0.0104 -0.0036 -0.0000] V=[-0.0101 0.0001 -0.0011] |Bas|=0.274444 |Bgs|=0.0009356 Bas=[-0.251704 -0.109259 0.005190] Bgs=[-0.0002527 0.0008265 -0.0003584] tic0=[0.1200 0.0500 -0.0200] tic1=[0.1200 -0.0500 -0.0200] td=0.00000 track=137
[E2uls] flag=1 sh_t=27.100 new_t=27.100 dP=[-0.0018 -0.0008 -0.0008] |dP|=0.0022 first_dt=-1.0000
time: 27.064000, t: -0.010404 -0.003592 -0.000003 q: 0.999891 0.005037 -0.013816 0.001032 
[T2xcross] t=27.1640 id=2222 est=0.0625 svd=0.0932 rel=0.3297 track=2 sf=9
[T2depth] t=27.1640 id=2253 src=motion2 u=572.6 v=184.5 depth=5.0000 depth2=-1.0000 track=2 sf=9 flag=init_neg
[T2depth] t=27.1640 id=2256 src=motion2 u=93.0 v=58.4 depth=5.0000 depth2=-1.0000 track=2 sf=9 flag=init_neg
[T2depth] t=27.1640 id=2263 src=motion2 u=327.0 v=184.0 depth=0.0670 depth2=-1.0000 track=2 sf=9 flag=ok
[T2depth] t=27.1640 id=2264 src=motion2 u=169.0 v=108.0 depth=5.0000 depth2=-1.0000 track=2 sf=9 flag=init_neg
[T2depth] t=27.1640 id=2267 src=motion2 u=558.0 v=91.0 depth=0.0692 depth2=-1.0000 track=2 sf=9 flag=ok
[T2depth] t=27.1640 id=2269 src=stereo u=580.6 v=120.2 depth=19.9040 depth2=-1.0000 track=1 sf=10 flag=ok
[T2depth] t=27.1640 id=2272 src=stereo u=409.3 v=214.6 depth=4.7047 depth2=-1.0000 track=1 sf=10 flag=ok
[T2depth] t=27.1640 id=2279 src=stereo u=508.0 v=194.0 depth=3.8973 depth2=-1.0000 track=1 sf=10 flag=ok
[T2gate] t=27.1640 tri=59 rej=0 xrej=0 init_replace=3 gate=0
[T2slv] t=27.1640 phase=1 init_cost=120.643 final_cost=116.458 iters=9 term=1 slv_ms=10.3
[T2diag] t=27.1640 P=[-0.0107 -0.0065 -0.0005] V=[-0.0095 -0.0039 -0.0012] |Bas|=0.274178 |Bgs|=0.0007997 Bas=[-0.250475 -0.111393 0.005258] Bgs=[-0.0002905 0.0007451 -0.0000036] tic0=[0.1200 0.0500 -0.0200] tic1=[0.1200 -0.0500 -0.0200] td=0.00000 track=139
[E2uls] flag=1 sh_t=27.196 new_t=27.196 dP=[-0.0014 0.0023 0.0003] |dP|=0.0027 first_dt=-1.0000
time: 27.164000, t: -0.010691 -0.006486 -0.000465 q: 0.999890 0.005255 -0.013844 0.001170 
[T2xcross] t=27.2680 id=2269 est=19.9040 svd=0.2450 rel=0.9877 track=2 sf=9
[T2depth] t=27.2680 id=2271 src=motion2 u=208.2 v=92.7 depth=0.0527 depth2=-1.0000 track=2 sf=9 flag=ok
[T2depth] t=27.2680 id=2273 src=motion2 u=526.2 v=74.2 depth=5.0000 depth2=-1.0000 track=2 sf=9 flag=init_neg
[T2depth] t=27.2680 id=2277 src=motion2 u=530.0 v=139.0 depth=0.2005 depth2=-1.0000 track=2 sf=9 flag=ok
[T2depth] t=27.2680 id=2278 src=motion2 u=358.0 v=43.0 depth=0.1425 depth2=-1.0000 track=2 sf=9 flag=ok
[T2depth] t=27.2680 id=2280 src=motion2 u=256.0 v=93.0 depth=0.1317 depth2=-1.0000 track=2 sf=9 flag=ok
[T2depth] t=27.2680 id=2281 src=motion2 u=86.0 v=12.0 depth=0.1297 depth2=-1.0000 track=2 sf=9 flag=ok
[T2depth] t=27.2680 id=2282 src=motion2 u=97.0 v=153.0 depth=5.0000 depth2=-1.0000 track=2 sf=9 flag=init_neg
[T2depth] t=27.2680 id=2289 src=stereo u=370.0 v=136.0 depth=5.0000 depth2=-1.0000 track=1 sf=10 flag=init_neg
[T2depth] t=27.2680 id=2291 src=stereo u=464.0 v=101.0 depth=4.0700 depth2=-1.0000 track=1 sf=10 flag=ok
[T2gate] t=27.2680 tri=54 rej=0 xrej=0 init_replace=3 gate=0
[T2slv] t=27.2680 phase=1 init_cost=172.9 final_cost=100.357 iters=9 term=1 slv_ms=7.9
[T2diag] t=27.2680 P=[-0.0115 -0.0020 0.0015] V=[-0.0088 0.0009 -0.0028] |Bas|=0.267328 |Bgs|=0.0006850 Bas=[-0.239779 -0.118087 0.005101] Bgs=[-0.0001911 0.0006479 -0.0001139] tic0=[0.1200 0.0500 -0.0200] tic1=[0.1200 -0.0500 -0.0200] td=0.00000 track=141
[E2uls] flag=1 sh_t=27.300 new_t=27.300 dP=[-0.0007 -0.0053 -0.0022] |dP|=0.0058 first_dt=-1.0000
time: 27.268000, t: -0.011538 -0.002050 0.001480 q: 0.999898 0.005393 -0.013210 0.000616 
[T2depth] t=27.3640 id=136 src=motion2 u=586.1 v=252.5 depth=1.2410 depth2=-1.0000 track=2 sf=9 flag=ok
[T2depth] t=27.3640 id=2283 src=motion2 u=610.3 v=170.4 depth=5.0000 depth2=-1.0000 track=2 sf=9 flag=init_neg
[T2depth] t=27.3640 id=2286 src=motion2 u=47.0 v=158.0 depth=0.0400 depth2=-1.0000 track=2 sf=9 flag=ok
[T2depth] t=27.3640 id=2290 src=motion2 u=53.0 v=40.0 depth=2.8683 depth2=-1.0000 track=2 sf=9 flag=ok
[T2depth] t=27.3640 id=2292 src=stereo u=389.2 v=221.4 depth=3.3693 depth2=-1.0000 track=1 sf=10 flag=ok
[T2depth] t=27.3640 id=2304 src=stereo u=396.0 v=52.0 depth=3.3927 depth2=-1.0000 track=1 sf=10 flag=ok
[T2gate] t=27.3640 tri=47 rej=0 xrej=0 init_replace=1 gate=0
[T2slv] t=27.3640 phase=1 init_cost=129.496 final_cost=104.792 iters=9 term=1 slv_ms=15.5
[T2diag] t=27.3640 P=[-0.0072 -0.0067 0.0021] V=[-0.0049 0.0004 0.0008] |Bas|=0.251705 |Bgs|=0.0006946 Bas=[-0.216623 -0.128119 0.003950] Bgs=[-0.0002756 0.0005249 -0.0003620] tic0=[0.1200 0.0500 -0.0200] tic1=[0.1200 -0.0500 -0.0200] td=0.00000 track=138
[E2uls] flag=1 sh_t=27.412 new_t=27.412 dP=[-0.0055 0.0046 -0.0010] |dP|=0.0072 first_dt=-1.0000
time: 27.364000, t: -0.007173 -0.006744 0.002097 q: 0.999909 0.005927 -0.012100 0.000954 
[T2xcross] t=27.4640 id=2292 est=3.3693 svd=0.0059 rel=0.9982 track=2 sf=9
[T2depth] t=27.4640 id=2293 src=motion2 u=111.1 v=177.4 depth=0.0477 depth2=-1.0000 track=2 sf=9 flag=ok
[T2depth] t=27.4640 id=2294 src=motion2 u=93.3 v=48.4 depth=0.0151 depth2=-1.0000 track=2 sf=9 flag=ok
[T2depth] t=27.4640 id=2296 src=motion2 u=65.9 v=187.1 depth=5.0000 depth2=-1.0000 track=2 sf=9 flag=init_neg
[T2depth] t=27.4640 id=2299 src=motion2 u=48.0 v=243.0 depth=5.0000 depth2=-1.0000 track=2 sf=9 flag=init_neg
[T2depth] t=27.4640 id=2301 src=motion2 u=613.0 v=89.0 depth=0.0168 depth2=-1.0000 track=2 sf=9 flag=ok
[T2depth] t=27.4640 id=2302 src=motion2 u=346.0 v=95.0 depth=0.0444 depth2=-1.0000 track=2 sf=9 flag=ok
[T2xcross] t=27.4640 id=2304 est=3.3927 svd=0.0175 rel=0.9948 track=2 sf=9
[T2depth] t=27.4640 id=2309 src=stereo u=125.0 v=94.2 depth=5.0000 depth2=-1.0000 track=1 sf=10 flag=init_neg
[T2gate] t=27.4640 tri=80 rej=0 xrej=0 init_replace=3 gate=0
[T2slv] t=27.4640 phase=1 init_cost=105.459 final_cost=102.593 iters=9 term=1 slv_ms=12.6
[T2diag] t=27.4640 P=[-0.0091 -0.0054 0.0018] V=[-0.0043 0.0030 -0.0013] |Bas|=0.246239 |Bgs|=0.0005969 Bas=[-0.209011 -0.130110 0.004396] Bgs=[-0.0001415 0.0005293 -0.0002369] tic0=[0.1200 0.0500 -0.0200] tic1=[0.1200 -0.0500 -0.0200] td=0.00000 track=108
[E2uls] flag=1 sh_t=27.504 new_t=27.504 dP=[0.0015 -0.0011 0.0004] |dP|=0.0019 first_dt=-1.0000
time: 27.464000, t: -0.009133 -0.005427 0.001806 q: 0.999913 0.005846 -0.011783 0.000832 
[T2depth] t=27.5640 id=3 src=motion2 u=617.0 v=372.5 depth=5.0000 depth2=-1.0000 track=2 sf=9 flag=init_neg
[T2depth] t=27.5640 id=4 src=motion2 u=385.8 v=387.8 depth=5.0000 depth2=-1.0000 track=2 sf=9 flag=init_neg
[T2depth] t=27.5640 id=5 src=motion2 u=264.0 v=362.8 depth=5.0000 depth2=-1.0000 track=2 sf=9 flag=init_neg
[T2depth] t=27.5640 id=6 src=motion2 u=296.0 v=354.7 depth=5.0000 depth2=-1.0000 track=2 sf=9 flag=init_neg
[T2depth] t=27.5640 id=10 src=motion2 u=352.1 v=346.6 depth=5.0000 depth2=-1.0000 track=2 sf=9 flag=init_neg
[T2depth] t=27.5640 id=15 src=motion2 u=554.9 v=356.5 depth=5.0000 depth2=-1.0000 track=2 sf=9 flag=init_neg
[T2depth] t=27.5640 id=17 src=motion2 u=560.3 v=387.7 depth=5.0000 depth2=-1.0000 track=2 sf=9 flag=init_neg
[T2depth] t=27.5640 id=23 src=motion2 u=505.2 v=361.6 depth=5.0000 depth2=-1.0000 track=2 sf=9 flag=init_neg
[T2depth] t=27.5640 id=25 src=motion2 u=197.2 v=447.5 depth=5.0000 depth2=-1.0000 track=2 sf=9 flag=init_neg
[T2depth] t=27.5640 id=27 src=motion2 u=637.3 v=346.4 depth=5.0000 depth2=-1.0000 track=2 sf=9 flag=init_neg
[T2depth] t=27.5640 id=31 src=motion2 u=350.5 v=407.0 depth=5.0000 depth2=-1.0000 track=2 sf=9 flag=init_neg
[T2depth] t=27.5640 id=35 src=motion2 u=225.4 v=469.6 depth=5.0000 depth2=-1.0000 track=2 sf=9 flag=init_neg
[T2depth] t=27.5640 id=36 src=motion2 u=522.1 v=323.3 depth=5.0000 depth2=-1.0000 track=2 sf=9 flag=init_neg
[T2depth] t=27.5640 id=37 src=motion2 u=618.7 v=320.1 depth=5.0000 depth2=-1.0000 track=2 sf=9 flag=init_neg
[T2depth] t=27.5640 id=39 src=motion2 u=593.6 v=419.8 depth=5.0000 depth2=-1.0000 track=2 sf=9 flag=init_neg
[T2depth] t=27.5640 id=43 src=motion2 u=309.1 v=429.1 depth=5.0000 depth2=-1.0000 track=2 sf=9 flag=init_neg
[T2depth] t=27.5640 id=49 src=motion2 u=163.5 v=465.1 depth=5.0000 depth2=-1.0000 track=2 sf=9 flag=init_neg
[T2depth] t=27.5640 id=50 src=motion2 u=463.5 v=294.2 depth=5.0000 depth2=-1.0000 track=2 sf=9 flag=init_neg
[T2depth] t=27.5640 id=56 src=motion2 u=477.9 v=346.5 depth=5.0000 depth2=-1.0000 track=2 sf=9 flag=init_neg
[T2depth] t=27.5640 id=57 src=motion2 u=587.9 v=363.5 depth=5.0000 depth2=-1.0000 track=2 sf=9 flag=init_neg
[T2depth] t=27.5640 id=60 src=motion2 u=225.3 v=431.4 depth=5.0000 depth2=-1.0000 track=2 sf=9 flag=init_neg
[T2depth] t=27.5640 id=62 src=motion2 u=582.2 v=455.8 depth=5.0000 depth2=-1.0000 track=2 sf=9 flag=init_neg
[T2depth] t=27.5640 id=63 src=motion2 u=324.8 v=365.8 depth=5.0000 depth2=-1.0000 track=2 sf=9 flag=init_neg
[T2depth] t=27.5640 id=64 src=motion2 u=566.8 v=307.1 depth=5.0000 depth2=-1.0000 track=2 sf=9 flag=init_neg
[T2depth] t=27.5640 id=68 src=motion2 u=538.6 v=473.3 depth=5.0000 depth2=-1.0000 track=2 sf=9 flag=init_neg
[T2depth] t=27.5640 id=72 src=motion2 u=555.6 v=430.9 depth=5.0000 depth2=-1.0000 track=2 sf=9 flag=init_neg
[T2depth] t=27.5640 id=74 src=motion2 u=106.5 v=457.3 depth=5.0000 depth2=-1.0000 track=2 sf=9 flag=init_neg
[T2depth] t=27.5640 id=83 src=motion2 u=417.8 v=381.8 depth=5.0000 depth2=-1.0000 track=2 sf=9 flag=init_neg
[T2depth] t=27.5640 id=84 src=motion2 u=624.4 v=409.7 depth=5.0000 depth2=-1.0000 track=2 sf=9 flag=init_neg
[T2depth] t=27.5640 id=86 src=motion2 u=513.0 v=292.1 depth=5.0000 depth2=-1.0000 track=2 sf=9 flag=init_neg
[T2depth] t=27.5640 id=91 src=motion2 u=325.8 v=464.4 depth=5.0000 depth2=-1.0000 track=2 sf=9 flag=init_neg
[T2depth] t=27.5640 id=96 src=motion2 u=587.8 v=331.3 depth=5.0000 depth2=-1.0000 track=2 sf=9 flag=init_neg
[T2depth] t=27.5640 id=755 src=motion2 u=318.9 v=396.8 depth=5.0000 depth2=-1.0000 track=2 sf=9 flag=init_neg
[T2depth] t=27.5640 id=969 src=motion2 u=76.0 v=473.2 depth=5.0000 depth2=-1.0000 track=2 sf=9 flag=init_neg
[T2depth] t=27.5640 id=2305 src=motion2 u=226.8 v=21.8 depth=5.0000 depth2=-1.0000 track=2 sf=9 flag=init_neg
[T2depth] t=27.5640 id=2308 src=motion2 u=259.9 v=149.3 depth=5.0000 depth2=-1.0000 track=2 sf=9 flag=init_neg
[T2depth] t=27.5640 id=2310 src=motion2 u=214.0 v=94.0 depth=0.1645 depth2=-1.0000 track=2 sf=9 flag=ok
[T2depth] t=27.5640 id=2311 src=motion2 u=191.0 v=178.0 depth=5.0000 depth2=-1.0000 track=2 sf=9 flag=init_neg
[T2depth] t=27.5640 id=2313 src=motion2 u=148.0 v=65.0 depth=5.0000 depth2=-1.0000 track=2 sf=9 flag=init_neg
[T2depth] t=27.5640 id=2320 src=stereo u=491.8 v=16.1 depth=3.2622 depth2=-1.0000 track=1 sf=10 flag=ok
[T2depth] t=27.5640 id=2326 src=stereo u=358.0 v=185.0 depth=4.1390 depth2=-1.0000 track=1 sf=10 flag=ok
[T2gate] t=27.5640 tri=80 rej=0 xrej=0 init_replace=38 gate=0
[T2slv] t=27.5640 phase=1 init_cost=1261.14 final_cost=217.973 iters=9 term=1 slv_ms=19.6
[T2diag] t=27.5640 P=[-0.0067 -0.0086 0.0020] V=[-0.0005 0.0003 -0.0008] |Bas|=0.240045 |Bgs|=0.0005620 Bas=[-0.196973 -0.137156 0.003344] Bgs=[-0.0001748 0.0004471 -0.0002922] tic0=[0.1200 0.0500 -0.0200] tic1=[0.1200 -0.0500 -0.0200] td=0.00000 track=139
[E2uls] flag=1 sh_t=27.612 new_t=27.612 dP=[-0.0032 0.0040 -0.0006] |dP|=0.0052 first_dt=-1.0000
time: 27.564000, t: -0.006677 -0.008555 0.001988 q: 0.999919 0.006321 -0.010938 0.001207 
[T2xcross] t=27.6640 id=2279 est=3.9709 svd=0.0082 rel=0.9979 track=4 sf=7
[T2xcross] t=27.6640 id=2310 est=0.1645 svd=0.0390 rel=0.7629 track=2 sf=9
[T2depth] t=27.6640 id=2317 src=motion2 u=199.8 v=53.6 depth=5.0000 depth2=-1.0000 track=2 sf=9 flag=init_neg
[T2depth] t=27.6640 id=2318 src=motion2 u=579.8 v=150.0 depth=0.0246 depth2=-1.0000 track=2 sf=9 flag=ok
[T2depth] t=27.6640 id=2322 src=motion2 u=96.2 v=132.7 depth=0.0647 depth2=-1.0000 track=2 sf=9 flag=ok
[T2depth] t=27.6640 id=2323 src=motion2 u=113.0 v=98.0 depth=5.0000 depth2=-1.0000 track=2 sf=9 flag=init_neg
[T2depth] t=27.6640 id=2324 src=motion2 u=405.0 v=82.0 depth=5.0000 depth2=-1.0000 track=2 sf=9 flag=init_neg
[T2depth] t=27.6640 id=21 src=stereo u=453.0 v=364.6 depth=5.0000 depth2=-1.0000 track=1 sf=10 flag=init_neg
[T2depth] t=27.6640 id=93 src=stereo u=198.3 v=288.5 depth=5.0000 depth2=-1.0000 track=1 sf=10 flag=init_neg
[T2depth] t=27.6640 id=114 src=stereo u=530.9 v=252.7 depth=2.2579 depth2=-1.0000 track=1 sf=10 flag=ok
[T2depth] t=27.6640 id=2335 src=stereo u=19.1 v=85.5 depth=5.0000 depth2=-1.0000 track=1 sf=10 flag=init_neg
[T2depth] t=27.6640 id=2341 src=stereo u=383.0 v=17.0 depth=4.4663 depth2=-1.0000 track=1 sf=10 flag=ok
[T2depth] t=27.6640 id=2343 src=stereo u=175.0 v=122.0 depth=41.7478 depth2=-1.0000 track=1 sf=10 flag=ok
[T2gate] t=27.6640 tri=61 rej=0 xrej=0 init_replace=6 gate=0
[T2slv] t=27.6640 phase=1 init_cost=125.845 final_cost=107.783 iters=9 term=1 slv_ms=10.6
[T2diag] t=27.6640 P=[-0.0083 -0.0064 0.0017] V=[-0.0099 0.0020 -0.0028] |Bas|=0.233631 |Bgs|=0.0006130 Bas=[-0.185622 -0.141825 0.003689] Bgs=[-0.0001286 0.0004545 -0.0003907] tic0=[0.1200 0.0500 -0.0200] tic1=[0.1200 -0.0500 -0.0200] td=0.00000 track=126
[E2uls] flag=1 sh_t=27.700 new_t=27.700 dP=[0.0015 -0.0021 0.0000] |dP|=0.0026 first_dt=-1.0000
time: 27.664000, t: -0.008253 -0.006407 0.001675 q: 0.999922 0.006465 -0.010666 0.001034 
[T2xcross] t=27.7640 id=2311 est=5.0000 svd=0.1325 rel=0.9735 track=2 sf=9
[T2xcross] t=27.7640 id=2318 est=0.0246 svd=0.0554 rel=0.5552 track=2 sf=9
[T2xcross] t=27.7640 id=2324 est=5.0000 svd=0.0248 rel=0.9950 track=2 sf=9
[T2xcross] t=27.7640 id=2326 est=4.1390 svd=0.0211 rel=0.9949 track=2 sf=9
[T2xcross] t=27.7640 id=21 est=5.0000 svd=3.0098 rel=0.3980 track=2 sf=9
[T2depth] t=27.7640 id=46 src=motion2 u=211.1 v=316.6 depth=5.0000 depth2=-1.0000 track=2 sf=9 flag=init_neg
[T2depth] t=27.7640 id=47 src=motion2 u=60.5 v=310.7 depth=5.0000 depth2=-1.0000 track=2 sf=9 flag=init_neg
[T2depth] t=27.7640 id=55 src=motion2 u=144.2 v=313.6 depth=5.0000 depth2=-1.0000 track=2 sf=9 flag=init_neg
[T2depth] t=27.7640 id=59 src=motion2 u=40.5 v=457.7 depth=5.0000 depth2=-1.0000 track=2 sf=9 flag=init_neg
[T2depth] t=27.7640 id=70 src=motion2 u=42.0 v=381.3 depth=5.0000 depth2=-1.0000 track=2 sf=9 flag=init_neg
[T2depth] t=27.7640 id=107 src=motion2 u=359.1 v=240.0 depth=5.0000 depth2=-1.0000 track=2 sf=9 flag=init_neg
[T2depth] t=27.7640 id=1983 src=motion2 u=633.0 v=258.0 depth=2.9588 depth2=-1.0000 track=2 sf=9 flag=ok
[T2depth] t=27.7640 id=2329 src=motion2 u=335.4 v=28.2 depth=5.0000 depth2=-1.0000 track=2 sf=9 flag=init_neg
[T2depth] t=27.7640 id=2330 src=motion2 u=336.4 v=121.8 depth=5.0000 depth2=-1.0000 track=2 sf=9 flag=init_neg
[T2depth] t=27.7640 id=2332 src=motion2 u=555.9 v=220.4 depth=0.0241 depth2=-1.0000 track=2 sf=9 flag=ok
[T2depth] t=27.7640 id=2336 src=motion2 u=598.0 v=100.3 depth=0.1421 depth2=-1.0000 track=2 sf=9 flag=ok
[T2depth] t=27.7640 id=2337 src=motion2 u=530.9 v=66.4 depth=5.0000 depth2=-1.0000 track=2 sf=9 flag=init_neg
[T2depth] t=27.7640 id=2349 src=stereo u=451.0 v=200.0 depth=3.8884 depth2=-1.0000 track=1 sf=10 flag=ok
[T2depth] t=27.7640 id=2352 src=stereo u=255.0 v=113.0 depth=5.0000 depth2=-1.0000 track=1 sf=10 flag=init_neg
[T2gate] t=27.7640 tri=61 rej=0 xrej=0 init_replace=10 gate=0
[T2slv] t=27.7640 phase=1 init_cost=131.58 final_cost=107.98 iters=9 term=1 slv_ms=10.8
[T2diag] t=27.7640 P=[-0.0072 -0.0067 0.0016] V=[-0.0071 -0.0002 -0.0015] |Bas|=0.229053 |Bgs|=0.0005476 Bas=[-0.176984 -0.145365 0.003283] Bgs=[-0.0001887 0.0004069 -0.0003142] tic0=[0.1200 0.0500 -0.0200] tic1=[0.1200 -0.0500 -0.0200] td=0.00000 track=135
[E2uls] flag=1 sh_t=27.804 new_t=27.804 dP=[-0.0027 0.0007 -0.0004] |dP|=0.0029 first_dt=-1.0000
time: 27.764000, t: -0.007226 -0.006727 0.001613 q: 0.999926 0.006742 -0.010096 0.001124 
[T2xcross] t=27.8640 id=2322 est=0.0647 svd=0.0981 rel=0.3406 track=2 sf=9
[T2xcross] t=27.8640 id=93 est=5.0000 svd=0.8220 rel=0.8356 track=2 sf=9
[T2xcross] t=27.8640 id=2341 est=4.4663 svd=0.0054 rel=0.9988 track=2 sf=9
[T2depth] t=27.8640 id=2 src=motion2 u=225.0 v=347.7 depth=0.9329 depth2=-1.0000 track=2 sf=9 flag=ok
[T2depth] t=27.8640 id=26 src=motion2 u=6.2 v=343.1 depth=1.1063 depth2=-1.0000 track=2 sf=9 flag=ok
[T2depth] t=27.8640 id=40 src=motion2 u=317.8 v=310.5 depth=0.7851 depth2=-1.0000 track=2 sf=9 flag=ok
[T2depth] t=27.8640 id=58 src=motion2 u=285.9 v=314.5 depth=0.8913 depth2=-1.0000 track=2 sf=9 flag=ok
[T2depth] t=27.8640 id=66 src=motion2 u=174.3 v=307.6 depth=0.8851 depth2=-1.0000 track=2 sf=9 flag=ok
[T2depth] t=27.8640 id=94 src=motion2 u=266.2 v=288.5 depth=0.7659 depth2=-1.0000 track=2 sf=9 flag=ok
[T2depth] t=27.8640 id=2351 src=motion2 u=312.3 v=159.5 depth=0.0116 depth2=-1.0000 track=2 sf=9 flag=ok
[T2depth] t=27.8640 id=2354 src=motion2 u=163.0 v=18.0 depth=0.0306 depth2=-1.0000 track=2 sf=9 flag=ok
[T2depth] t=27.8640 id=1386 src=stereo u=385.2 v=275.1 depth=5.0000 depth2=-1.0000 track=1 sf=10 flag=init_neg
[T2gate] t=27.8640 tri=62 rej=0 xrej=0 init_replace=1 gate=0
[T2slv] t=27.8640 phase=1 init_cost=114.021 final_cost=108.678 iters=9 term=1 slv_ms=11.3
[T2diag] t=27.8640 P=[-0.0077 -0.0069 0.0021] V=[-0.0073 0.0021 -0.0034] |Bas|=0.225301 |Bgs|=0.0004254 Bas=[-0.166059 -0.152243 0.002578] Bgs=[-0.0000604 0.0003428 -0.0002445] tic0=[0.1200 0.0500 -0.0200] tic1=[0.1200 -0.0500 -0.0200] td=0.00000 track=129
[E2uls] flag=1 sh_t=27.904 new_t=27.904 dP=[-0.0004 0.0002 -0.0012] |dP|=0.0013 first_dt=-1.0000
time: 27.864000, t: -0.007710 -0.006897 0.002130 q: 0.999927 0.007022 -0.009751 0.001051 
[T2xcross] t=27.9640 id=59 est=5.0000 svd=2.7927 rel=0.4415 track=2 sf=9
[T2depth] t=27.9640 id=7 src=motion2 u=4.1 v=375.3 depth=2.2072 depth2=-1.0000 track=2 sf=9 flag=ok
[T2depth] t=27.9640 id=8 src=motion2 u=158.1 v=342.8 depth=2.0766 depth2=-1.0000 track=2 sf=9 flag=ok
[T2depth] t=27.9640 id=11 src=motion2 u=117.0 v=361.1 depth=2.0579 depth2=-1.0000 track=2 sf=9 flag=ok
[T2depth] t=27.9640 id=18 src=motion2 u=287.9 v=391.1 depth=2.7895 depth2=-1.0000 track=2 sf=9 flag=ok
[T2depth] t=27.9640 id=34 src=motion2 u=262.9 v=451.5 depth=2.7304 depth2=-1.0000 track=2 sf=9 flag=ok
[T2depth] t=27.9640 id=45 src=motion2 u=74.3 v=354.1 depth=1.8810 depth2=-1.0000 track=2 sf=9 flag=ok
[T2depth] t=27.9640 id=87 src=motion2 u=17.1 v=292.6 depth=1.6411 depth2=-1.0000 track=2 sf=9 flag=ok
[T2depth] t=27.9640 id=135 src=motion2 u=168.7 v=274.5 depth=1.0431 depth2=-1.0000 track=2 sf=9 flag=ok
[T2xcross] t=27.9640 id=1386 est=5.0000 svd=0.7739 rel=0.8452 track=2 sf=9
[T2depth] t=27.9640 id=2050 src=motion2 u=91.0 v=312.2 depth=1.6135 depth2=-1.0000 track=2 sf=9 flag=ok
[T2depth] t=27.9640 id=2356 src=motion2 u=590.1 v=211.3 depth=0.0311 depth2=-1.0000 track=2 sf=9 flag=ok
[T2depth] t=27.9640 id=2357 src=motion2 u=82.0 v=208.5 depth=0.0257 depth2=-1.0000 track=2 sf=9 flag=ok
[T2depth] t=27.9640 id=2358 src=motion2 u=507.0 v=143.8 depth=5.0000 depth2=-1.0000 track=2 sf=9 flag=init_neg
[T2depth] t=27.9640 id=2360 src=motion2 u=294.9 v=102.1 depth=5.0000 depth2=-1.0000 track=2 sf=9 flag=init_neg
[T2depth] t=27.9640 id=2362 src=motion2 u=603.0 v=177.0 depth=0.0366 depth2=-1.0000 track=2 sf=9 flag=ok
[T2depth] t=27.9640 id=2363 src=motion2 u=109.0 v=43.0 depth=5.0000 depth2=-1.0000 track=2 sf=9 flag=init_neg
[T2depth] t=27.9640 id=2364 src=motion2 u=360.0 v=52.0 depth=0.0098 depth2=-1.0000 track=2 sf=9 flag=ok
[T2depth] t=27.9640 id=2365 src=motion2 u=256.0 v=48.0 depth=0.0870 depth2=-1.0000 track=2 sf=9 flag=ok
[T2gate] t=27.9640 tri=55 rej=0 xrej=0 init_replace=3 gate=0
[T2slv] t=27.9640 phase=1 init_cost=107.082 final_cost=102.846 iters=9 term=1 slv_ms=7.7
[T2diag] t=27.9640 P=[-0.0081 -0.0069 0.0023] V=[-0.0062 0.0011 -0.0009] |Bas|=0.222938 |Bgs|=0.0003640 Bas=[-0.159985 -0.155246 0.002275] Bgs=[-0.0000338 0.0002710 -0.0002406] tic0=[0.1200 0.0500 -0.0200] tic1=[0.1200 -0.0500 -0.0200] td=0.00000 track=143
[E2uls] flag=1 sh_t=28.000 new_t=28.000 dP=[-0.0007 0.0003 -0.0005] |dP|=0.0009 first_dt=-1.0000
time: 27.964000, t: -0.008090 -0.006865 0.002293 q: 0.999930 0.007173 -0.009369 0.000971 
[T2xcross] t=28.0680 id=2362 est=0.0366 svd=0.0759 rel=0.5180 track=2 sf=9
[T2depth] t=28.0680 id=2368 src=motion2 u=562.2 v=43.3 depth=0.0289 depth2=-1.0000 track=2 sf=9 flag=ok
[T2depth] t=28.0680 id=2370 src=motion2 u=26.0 v=204.0 depth=0.0758 depth2=-1.0000 track=2 sf=9 flag=ok
[T2depth] t=28.0680 id=2371 src=motion2 u=368.0 v=109.0 depth=0.0008 depth2=-1.0000 track=2 sf=9 flag=ok
[T2depth] t=28.0680 id=2373 src=motion2 u=515.0 v=22.0 depth=0.0079 depth2=-1.0000 track=2 sf=9 flag=ok
[T2depth] t=28.0680 id=883 src=stereo u=270.7 v=255.1 depth=0.9337 depth2=-1.0000 track=1 sf=10 flag=ok
[T2depth] t=28.0680 id=2379 src=stereo u=102.4 v=98.6 depth=5.0000 depth2=-1.0000 track=1 sf=10 flag=init_neg
[T2depth] t=28.0680 id=2381 src=stereo u=474.0 v=60.0 depth=3.7030 depth2=-1.0000 track=1 sf=10 flag=ok
[T2depth] t=28.0680 id=2384 src=stereo u=21.0 v=4.0 depth=5.0000 depth2=-1.0000 track=1 sf=10 flag=init_neg
[T2gate] t=28.0680 tri=45 rej=0 xrej=0 init_replace=2 gate=0
[T2slv] t=28.0680 phase=1 init_cost=105.353 final_cost=102.416 iters=9 term=1 slv_ms=7.3
[T2diag] t=28.0680 P=[-0.0084 -0.0068 0.0020] V=[-0.0063 0.0006 -0.0028] |Bas|=0.221099 |Bgs|=0.0003519 Bas=[-0.154365 -0.158275 0.002306] Bgs=[-0.0000881 0.0002145 -0.0002647] tic0=[0.1200 0.0500 -0.0200] tic1=[0.1200 -0.0500 -0.0200] td=0.00000 track=140
[E2uls] flag=1 sh_t=28.104 new_t=28.104 dP=[-0.0005 0.0001 0.0001] |dP|=0.0005 first_dt=-1.0000
time: 28.068000, t: -0.008433 -0.006789 0.002025 q: 0.999932 0.007186 -0.009158 0.001057 
[T2xcross] t=28.1640 id=114 est=2.2579 svd=0.5004 rel=0.7784 track=2 sf=9
[T2depth] t=28.1640 id=2376 src=motion2 u=336.1 v=262.0 depth=5.0000 depth2=-1.0000 track=2 sf=9 flag=init_neg
[T2xcross] t=28.1640 id=2379 est=5.0000 svd=0.0399 rel=0.9920 track=2 sf=9
[T2depth] t=28.1640 id=2382 src=motion2 u=288.0 v=190.0 depth=5.0000 depth2=-1.0000 track=2 sf=9 flag=init_neg
[T2depth] t=28.1640 id=2383 src=motion2 u=312.0 v=167.0 depth=0.0318 depth2=-1.0000 track=2 sf=9 flag=ok
[T2depth] t=28.1640 id=2385 src=motion2 u=268.0 v=71.0 depth=0.0224 depth2=-1.0000 track=2 sf=9 flag=ok
[T2depth] t=28.1640 id=2389 src=stereo u=300.7 v=28.5 depth=5.0000 depth2=-1.0000 track=1 sf=10 flag=init_neg
[T2depth] t=28.1640 id=2391 src=stereo u=552.0 v=184.0 depth=5.0000 depth2=-1.0000 track=1 sf=10 flag=init_neg
[T2depth] t=28.1640 id=2392 src=stereo u=399.0 v=199.0 depth=3.4491 depth2=-1.0000 track=1 sf=10 flag=ok
[T2gate] t=28.1640 tri=41 rej=0 xrej=0 init_replace=4 gate=0
[T2slv] t=28.1640 phase=1 init_cost=109.623 final_cost=106.048 iters=9 term=1 slv_ms=8.8
[T2diag] t=28.1640 P=[-0.0083 -0.0072 0.0024] V=[-0.0049 -0.0016 0.0005] |Bas|=0.219474 |Bgs|=0.0003259 Bas=[-0.147407 -0.162595 0.001628] Bgs=[-0.0001609 0.0002043 -0.0001964] tic0=[0.1200 0.0500 -0.0200] tic1=[0.1200 -0.0500 -0.0200] td=0.00000 track=143
[E2uls] flag=1 sh_t=28.204 new_t=28.204 dP=[-0.0010 0.0006 -0.0007] |dP|=0.0014 first_dt=-1.0000
time: 28.164000, t: -0.008290 -0.007166 0.002371 q: 0.999935 0.007291 -0.008733 0.001197 
[T2xcross] t=28.2640 id=2373 est=0.0079 svd=0.0833 rel=0.9050 track=2 sf=9
[T2depth] t=28.2640 id=2394 src=motion2 u=149.0 v=122.0 depth=0.0475 depth2=-1.0000 track=2 sf=9 flag=ok
[T2depth] t=28.2640 id=2395 src=motion2 u=254.0 v=188.0 depth=5.0000 depth2=-1.0000 track=2 sf=9 flag=init_neg
[T2depth] t=28.2640 id=2119 src=stereo u=448.0 v=78.4 depth=3.8882 depth2=-1.0000 track=1 sf=10 flag=ok
[T2depth] t=28.2640 id=2399 src=stereo u=42.2 v=18.5 depth=18.9676 depth2=-1.0000 track=1 sf=10 flag=ok
[T2depth] t=28.2640 id=2401 src=stereo u=134.7 v=43.7 depth=5.0000 depth2=-1.0000 track=1 sf=10 flag=init_neg
[T2depth] t=28.2640 id=2404 src=stereo u=254.0 v=9.0 depth=32.2416 depth2=-1.0000 track=1 sf=10 flag=ok
[T2depth] t=28.2640 id=2406 src=stereo u=403.0 v=157.0 depth=4.3545 depth2=-1.0000 track=1 sf=10 flag=ok
[T2depth] t=28.2640 id=2407 src=stereo u=406.0 v=76.0 depth=3.9331 depth2=-1.0000 track=1 sf=10 flag=ok
[T2depth] t=28.2640 id=2408 src=stereo u=68.0 v=117.0 depth=29.4348 depth2=-1.0000 track=1 sf=10 flag=ok
[T2gate] t=28.2640 tri=43 rej=0 xrej=0 init_replace=2 gate=0
[T2slv] t=28.2640 phase=1 init_cost=97.0562 final_cost=93.7776 iters=9 term=1 slv_ms=6.9
[T2diag] t=28.2640 P=[-0.0083 -0.0071 0.0023] V=[-0.0046 0.0025 -0.0021] |Bas|=0.219571 |Bgs|=0.0003529 Bas=[-0.140861 -0.168426 0.001575] Bgs=[-0.0002555 0.0001811 -0.0001627] tic0=[0.1200 0.0500 -0.0200] tic1=[0.1200 -0.0500 -0.0200] td=0.00000 track=139
[E2uls] flag=1 sh_t=28.300 new_t=28.300 dP=[-0.0005 0.0001 -0.0001] |dP|=0.0006 first_dt=-1.0000
time: 28.264000, t: -0.008308 -0.007090 0.002331 q: 0.999936 0.007696 -0.008263 0.001138 
[T2xcross] t=28.3680 id=107 est=5.0000 svd=0.2285 rel=0.9543 track=2 sf=9
[T2xcross] t=28.3680 id=2354 est=0.0306 svd=0.0282 rel=0.0771 track=2 sf=9
[T2xcross] t=28.3680 id=2119 est=3.8882 svd=0.0084 rel=0.9978 track=2 sf=9
[T2depth] t=28.3680 id=2403 src=motion2 u=619.0 v=229.0 depth=0.0543 depth2=-1.0000 track=2 sf=9 flag=ok
[T2depth] t=28.3680 id=2405 src=motion2 u=103.0 v=171.0 depth=5.0000 depth2=-1.0000 track=2 sf=9 flag=init_neg
[T2xcross] t=28.3680 id=2406 est=4.3545 svd=0.0589 rel=0.9865 track=2 sf=9
[T2depth] t=28.3680 id=2419 src=stereo u=576.0 v=216.0 depth=0.9950 depth2=-1.0000 track=1 sf=10 flag=ok
[T2gate] t=28.3680 tri=45 rej=0 xrej=0 init_replace=1 gate=0
[T2slv] t=28.3680 phase=1 init_cost=98.74 final_cost=93.9763 iters=9 term=1 slv_ms=6.5
[T2diag] t=28.3680 P=[-0.0086 -0.0065 0.0021] V=[0.0001 0.0013 0.0022] |Bas|=0.218752 |Bgs|=0.0003126 Bas=[-0.133716 -0.173123 0.000966] Bgs=[-0.0002402 0.0001821 -0.0000830] tic0=[0.1200 0.0500 -0.0200] tic1=[0.1200 -0.0500 -0.0200] td=0.00000 track=137
[E2uls] flag=1 sh_t=28.400 new_t=28.400 dP=[0.0002 0.0001 0.0000] |dP|=0.0002 first_dt=-1.0000
time: 28.368000, t: -0.008646 -0.006531 0.002112 q: 0.999934 0.008312 -0.007905 0.001139 
[T2xcross] t=28.4640 id=2391 est=5.0000 svd=0.0314 rel=0.9937 track=2 sf=9
[T2depth] t=28.4640 id=1 src=motion2 u=191.0 v=340.9 depth=1.6082 depth2=-1.0000 track=2 sf=9 flag=ok
[T2depth] t=28.4640 id=20 src=motion2 u=44.3 v=349.1 depth=1.0404 depth2=-1.0000 track=2 sf=9 flag=ok
[T2depth] t=28.4640 id=642 src=motion2 u=118.2 v=329.7 depth=0.4955 depth2=-1.0000 track=2 sf=9 flag=ok
[T2depth] t=28.4640 id=2409 src=motion2 u=634.9 v=478.0 depth=5.0000 depth2=-1.0000 track=2 sf=9 flag=init_neg
[T2depth] t=28.4640 id=2415 src=motion2 u=171.0 v=202.0 depth=5.0000 depth2=-1.0000 track=2 sf=9 flag=init_neg
[T2depth] t=28.4640 id=2416 src=motion2 u=625.0 v=133.0 depth=5.0000 depth2=-1.0000 track=2 sf=9 flag=init_neg
[T2depth] t=28.4640 id=2418 src=motion2 u=363.0 v=89.0 depth=5.0000 depth2=-1.0000 track=2 sf=9 flag=init_neg
[T2xcross] t=28.4640 id=2419 est=0.9950 svd=0.0111 rel=0.9888 track=2 sf=9
[T2depth] t=28.4640 id=2420 src=motion2 u=476.0 v=52.0 depth=5.0000 depth2=-1.0000 track=2 sf=9 flag=init_neg
[T2depth] t=28.4640 id=2421 src=motion2 u=189.0 v=68.0 depth=0.0032 depth2=-1.0000 track=2 sf=9 flag=ok
[T2depth] t=28.4640 id=2422 src=stereo u=482.7 v=210.0 depth=3.7312 depth2=-1.0000 track=1 sf=10 flag=ok
[T2depth] t=28.4640 id=2423 src=stereo u=445.0 v=190.7 depth=3.8939 depth2=-1.0000 track=1 sf=10 flag=ok
[T2depth] t=28.4640 id=2425 src=stereo u=540.5 v=45.1 depth=3.2844 depth2=-1.0000 track=1 sf=10 flag=ok
[T2gate] t=28.4640 tri=54 rej=0 xrej=0 init_replace=5 gate=0
[T2slv] t=28.4640 phase=1 init_cost=97.9392 final_cost=94.1623 iters=9 term=1 slv_ms=5.2
[T2diag] t=28.4640 P=[-0.0085 -0.0064 0.0023] V=[-0.0005 -0.0002 0.0017] |Bas|=0.217853 |Bgs|=0.0002613 Bas=[-0.124830 -0.178535 0.001688] Bgs=[-0.0001542 0.0002108 0.0000080] tic0=[0.1200 0.0500 -0.0200] tic1=[0.1200 -0.0500 -0.0200] td=0.00000 track=136
[E2uls] flag=1 sh_t=28.492 new_t=28.492 dP=[-0.0002 -0.0002 0.0003] |dP|=0.0004 first_dt=-1.0000
time: 28.464000, t: -0.008461 -0.006391 0.002322 q: 0.999936 0.008465 -0.007471 0.001075 
[T2xcross] t=28.5680 id=2420 est=5.0000 svd=0.0686 rel=0.9863 track=2 sf=9
[T2depth] t=28.5680 id=14 src=motion2 u=88.2 v=387.3 depth=5.0000 depth2=-1.0000 track=2 sf=9 flag=init_neg
[T2depth] t=28.5680 id=16 src=motion2 u=50.7 v=412.6 depth=5.0000 depth2=-1.0000 track=2 sf=9 flag=init_neg
[T2depth] t=28.5680 id=19 src=motion2 u=142.1 v=395.3 depth=5.0000 depth2=-1.0000 track=2 sf=9 flag=init_neg
[T2depth] t=28.5680 id=29 src=motion2 u=120.1 v=421.6 depth=5.0000 depth2=-1.0000 track=2 sf=9 flag=init_neg
[T2depth] t=28.5680 id=61 src=motion2 u=255.1 v=317.6 depth=5.0000 depth2=-1.0000 track=2 sf=9 flag=init_neg
[T2depth] t=28.5680 id=76 src=motion2 u=174.3 v=378.2 depth=5.0000 depth2=-1.0000 track=2 sf=9 flag=init_neg
[T2depth] t=28.5680 id=95 src=motion2 u=6.4 v=455.1 depth=5.0000 depth2=-1.0000 track=2 sf=9 flag=init_neg
[T2depth] t=28.5680 id=2427 src=motion2 u=263.0 v=121.0 depth=0.0470 depth2=-1.0000 track=2 sf=9 flag=ok
[T2depth] t=28.5680 id=2428 src=motion2 u=14.0 v=91.0 depth=0.0201 depth2=-1.0000 track=2 sf=9 flag=ok
[T2gate] t=28.5680 tri=52 rej=0 xrej=0 init_replace=7 gate=0
[T2slv] t=28.5680 phase=1 init_cost=113.459 final_cost=95.4031 iters=9 term=1 slv_ms=8.1
[T2diag] t=28.5680 P=[-0.0089 -0.0061 0.0022] V=[-0.0034 0.0000 -0.0002] |Bas|=0.217896 |Bgs|=0.0002190 Bas=[-0.116449 -0.184157 0.002033] Bgs=[-0.0001103 0.0001892 0.0000025] tic0=[0.1200 0.0500 -0.0200] tic1=[0.1200 -0.0500 -0.0200] td=0.00000 track=137
[E2uls] flag=1 sh_t=28.600 new_t=28.600 dP=[0.0003 -0.0004 0.0003] |dP|=0.0005 first_dt=-1.0000
time: 28.568000, t: -0.008865 -0.006148 0.002216 q: 0.999936 0.008850 -0.007032 0.001020 
[T2depth] t=28.6640 id=2430 src=motion2 u=561.1 v=105.0 depth=0.0826 depth2=-1.0000 track=2 sf=9 flag=ok
[T2depth] t=28.6640 id=2431 src=motion2 u=270.0 v=19.5 depth=5.0000 depth2=-1.0000 track=2 sf=9 flag=init_neg
[T2depth] t=28.6640 id=2434 src=motion2 u=203.0 v=75.0 depth=5.0000 depth2=-1.0000 track=2 sf=9 flag=init_neg
[T2depth] t=28.6640 id=2435 src=motion2 u=44.0 v=163.0 depth=5.0000 depth2=-1.0000 track=2 sf=9 flag=init_neg
[T2depth] t=28.6640 id=2437 src=motion2 u=206.0 v=145.0 depth=0.0192 depth2=-1.0000 track=2 sf=9 flag=ok
[T2depth] t=28.6640 id=2439 src=motion2 u=536.0 v=84.0 depth=5.0000 depth2=-1.0000 track=2 sf=9 flag=init_neg
[T2depth] t=28.6640 id=2455 src=stereo u=505.0 v=153.0 depth=3.6528 depth2=-1.0000 track=1 sf=10 flag=ok
[T2depth] t=28.6640 id=2456 src=stereo u=34.0 v=106.0 depth=39.3316 depth2=-1.0000 track=1 sf=10 flag=ok
[T2gate] t=28.6640 tri=55 rej=0 xrej=0 init_replace=4 gate=0
[T2slv] t=28.6640 phase=1 init_cost=351.383 final_cost=140.942 iters=9 term=1 slv_ms=9.2
[T2diag] t=28.6640 P=[-0.0107 -0.0067 0.0023] V=[-0.0016 0.0018 0.0005] |Bas|=0.220896 |Bgs|=0.0002996 Bas=[-0.112582 -0.190047 0.001631] Bgs=[-0.0000247 0.0002972 -0.0000280] tic0=[0.1200 0.0500 -0.0200] tic1=[0.1200 -0.0500 -0.0200] td=0.00000 track=136
[E2uls] flag=1 sh_t=28.700 new_t=28.700 dP=[0.0018 0.0007 -0.0003] |dP|=0.0020 first_dt=-1.0000
time: 28.664000, t: -0.010679 -0.006677 0.002343 q: 0.999935 0.009000 -0.006919 0.001110 
[T2depth] t=28.7640 id=9 src=motion2 u=203.0 v=389.3 depth=5.0000 depth2=-1.0000 track=2 sf=9 flag=init_neg
[T2depth] t=28.7640 id=30 src=motion2 u=71.2 v=436.6 depth=5.0000 depth2=-1.0000 track=2 sf=9 flag=init_neg
[T2depth] t=28.7640 id=54 src=motion2 u=11.3 v=424.6 depth=5.0000 depth2=-1.0000 track=2 sf=9 flag=init_neg
[T2depth] t=28.7640 id=77 src=motion2 u=152.6 v=430.6 depth=5.0000 depth2=-1.0000 track=2 sf=9 flag=init_neg
[T2depth] t=28.7640 id=2447 src=motion2 u=429.2 v=68.7 depth=5.0000 depth2=-1.0000 track=2 sf=9 flag=init_neg
[T2depth] t=28.7640 id=2449 src=motion2 u=505.5 v=110.5 depth=5.0000 depth2=-1.0000 track=2 sf=9 flag=init_neg
[T2depth] t=28.7640 id=2451 src=motion2 u=588.0 v=42.0 depth=5.0000 depth2=-1.0000 track=2 sf=9 flag=init_neg
[T2depth] t=28.7640 id=2452 src=motion2 u=28.0 v=17.0 depth=0.1561 depth2=-1.0000 track=2 sf=9 flag=ok
[T2xcross] t=28.7640 id=2455 est=3.6528 svd=0.0015 rel=0.9996 track=2 sf=9
[T2depth] t=28.7640 id=2458 src=stereo u=419.9 v=174.6 depth=3.5272 depth2=-1.0000 track=1 sf=10 flag=ok
[T2depth] t=28.7640 id=2464 src=stereo u=137.6 v=103.9 depth=5.0000 depth2=-1.0000 track=1 sf=10 flag=init_neg
[T2gate] t=28.7640 tri=53 rej=0 xrej=0 init_replace=8 gate=0
[T2slv] t=28.7640 phase=1 init_cost=142.56 final_cost=101.38 iters=9 term=1 slv_ms=9.5
[T2diag] t=28.7640 P=[-0.0116 -0.0072 0.0020] V=[-0.0033 -0.0017 -0.0024] |Bas|=0.224818 |Bgs|=0.0003311 Bas=[-0.103809 -0.199412 0.001300] Bgs=[-0.0001135 0.0002533 -0.0001805] tic0=[0.1200 0.0500 -0.0200] tic1=[0.1200 -0.0500 -0.0200] td=0.00000 track=137
[E2uls] flag=1 sh_t=28.800 new_t=28.800 dP=[0.0005 0.0011 -0.0000] |dP|=0.0012 first_dt=-1.0000
time: 28.764000, t: -0.011628 -0.007250 0.002042 q: 0.999933 0.009570 -0.006358 0.001288 
[T2depth] t=28.8680 id=67 src=motion2 u=120.3 v=286.5 depth=5.0000 depth2=-1.0000 track=2 sf=9 flag=init_neg
[T2depth] t=28.8680 id=1135 src=motion2 u=446.0 v=142.3 depth=5.0000 depth2=-1.0000 track=2 sf=9 flag=init_neg
[T2depth] t=28.8680 id=2459 src=motion2 u=127.5 v=153.8 depth=0.4927 depth2=-1.0000 track=2 sf=9 flag=ok
[T2depth] t=28.8680 id=2461 src=motion2 u=622.7 v=22.2 depth=5.0000 depth2=-1.0000 track=2 sf=9 flag=init_neg
[T2xcross] t=28.8680 id=2464 est=5.0000 svd=0.0542 rel=0.9892 track=2 sf=9
[T2depth] t=28.8680 id=2466 src=motion2 u=350.0 v=29.0 depth=5.0000 depth2=-1.0000 track=2 sf=9 flag=init_neg
[T2depth] t=28.8680 id=2467 src=motion2 u=354.0 v=67.0 depth=5.0000 depth2=-1.0000 track=2 sf=9 flag=init_neg
[T2depth] t=28.8680 id=2468 src=motion2 u=110.0 v=209.0 depth=5.0000 depth2=-1.0000 track=2 sf=9 flag=init_neg
[T2depth] t=28.8680 id=2469 src=motion2 u=51.0 v=239.0 depth=0.6609 depth2=-1.0000 track=2 sf=9 flag=ok
[T2depth] t=28.8680 id=2470 src=motion2 u=378.0 v=8.0 depth=0.1434 depth2=-1.0000 track=2 sf=9 flag=ok
[T2depth] t=28.8680 id=2471 src=motion2 u=348.0 v=132.0 depth=0.0537 depth2=-1.0000 track=2 sf=9 flag=ok
[T2depth] t=28.8680 id=2475 src=stereo u=613.0 v=159.0 depth=42.6916 depth2=-1.0000 track=1 sf=10 flag=ok
[T2gate] t=28.8680 tri=46 rej=0 xrej=0 init_replace=6 gate=0
[T2slv] t=28.8680 phase=1 init_cost=105.014 final_cost=100.464 iters=9 term=1 slv_ms=7.3
[T2diag] t=28.8680 P=[-0.0121 -0.0066 0.0019] V=[-0.0036 0.0015 -0.0018] |Bas|=0.228624 |Bgs|=0.0003394 Bas=[-0.102965 -0.204125 0.000431] Bgs=[-0.0000821 0.0002617 -0.0001999] tic0=[0.1200 0.0500 -0.0200] tic1=[0.1200 -0.0500 -0.0200] td=0.00000 track=143
[E2uls] flag=1 sh_t=28.904 new_t=28.904 dP=[0.0000 -0.0008 -0.0006] |dP|=0.0010 first_dt=-1.0000
time: 28.868000, t: -0.012124 -0.006640 0.001946 q: 0.999932 0.009773 -0.006298 0.001143 
[T2xcross] t=28.9640 id=2437 est=0.0192 svd=0.0100 rel=0.4800 track=2 sf=9
[T2xcross] t=28.9640 id=9 est=5.0000 svd=2.5393 rel=0.4921 track=2 sf=9
[T2xcross] t=28.9640 id=2467 est=5.0000 svd=0.0465 rel=0.9907 track=2 sf=9
[T2depth] t=28.9640 id=42 src=motion2 u=236.9 v=379.1 depth=4.8958 depth2=-1.0000 track=2 sf=9 flag=ok
[T2depth] t=28.9640 id=48 src=motion2 u=253.1 v=409.3 depth=1.7659 depth2=-1.0000 track=2 sf=9 flag=ok
[T2depth] t=28.9640 id=65 src=motion2 u=182.0 v=412.4 depth=4.2140 depth2=-1.0000 track=2 sf=9 flag=ok
[T2depth] t=28.9640 id=2472 src=motion2 u=250.4 v=30.7 depth=0.0316 depth2=-1.0000 track=2 sf=9 flag=ok
[T2depth] t=28.9640 id=2473 src=motion2 u=232.8 v=68.0 depth=5.0000 depth2=-1.0000 track=2 sf=9 flag=init_neg
[T2depth] t=28.9640 id=2481 src=stereo u=135.0 v=35.0 depth=26.5360 depth2=-1.0000 track=1 sf=10 flag=ok
[T2gate] t=28.9640 tri=41 rej=0 xrej=0 init_replace=1 gate=0
[T2slv] t=28.9640 phase=1 init_cost=104.906 final_cost=93.1739 iters=9 term=1 slv_ms=12.5
[T2diag] t=28.9640 P=[-0.0106 -0.0058 0.0020] V=[-0.0041 0.0009 -0.0031] |Bas|=0.234398 |Bgs|=0.0003225 Bas=[-0.100868 -0.211584 0.000378] Bgs=[-0.0001553 0.0002771 0.0000556] tic0=[0.1200 0.0500 -0.0200] tic1=[0.1200 -0.0500 -0.0200] td=0.00000 track=143
[E2uls] flag=1 sh_t=29.008 new_t=29.008 dP=[-0.0021 -0.0004 -0.0004] |dP|=0.0022 first_dt=-1.0000
time: 28.964000, t: -0.010610 -0.005806 0.002003 q: 0.999930 0.010056 -0.006207 0.000935 
[T2depth] t=29.0680 id=2476 src=motion2 u=226.9 v=99.7 depth=5.0000 depth2=-1.0000 track=2 sf=9 flag=init_neg
[T2depth] t=29.0680 id=2477 src=motion2 u=563.9 v=149.6 depth=0.0219 depth2=-1.0000 track=2 sf=9 flag=ok
[T2xcross] t=29.0680 id=2481 est=26.5360 svd=0.0106 rel=0.9996 track=2 sf=9
[T2depth] t=29.0680 id=2482 src=motion2 u=31.0 v=266.0 depth=0.7775 depth2=-1.0000 track=2 sf=9 flag=ok
[T2depth] t=29.0680 id=2485 src=stereo u=54.8 v=136.4 depth=5.0000 depth2=-1.0000 track=1 sf=10 flag=init_neg
[T2depth] t=29.0680 id=2486 src=stereo u=73.7 v=165.6 depth=5.0000 depth2=-1.0000 track=1 sf=10 flag=init_neg
[T2depth] t=29.0680 id=2490 src=stereo u=268.0 v=142.0 depth=21.8338 depth2=-1.0000 track=1 sf=10 flag=ok
[T2depth] t=29.0680 id=2492 src=stereo u=38.0 v=53.0 depth=5.0000 depth2=-1.0000 track=1 sf=10 flag=init_neg
[T2depth] t=29.0680 id=2493 src=stereo u=530.0 v=93.0 depth=3.5614 depth2=-1.0000 track=1 sf=10 flag=ok
[T2gate] t=29.0680 tri=42 rej=0 xrej=0 init_replace=4 gate=0
[T2slv] t=29.0680 phase=1 init_cost=118.483 final_cost=101.195 iters=9 term=1 slv_ms=13.4
[T2diag] t=29.0680 P=[-0.0119 -0.0066 0.0020] V=[-0.0049 -0.0024 -0.0001] |Bas|=0.244107 |Bgs|=0.0003714 Bas=[-0.093364 -0.225546 0.000651] Bgs=[-0.0002186 0.0002054 -0.0002190] tic0=[0.1200 0.0500 -0.0200] tic1=[0.1200 -0.0500 -0.0200] td=0.00000 track=142
[E2uls] flag=1 sh_t=29.112 new_t=29.112 dP=[0.0006 0.0009 -0.0001] |dP|=0.0011 first_dt=-1.0000
time: 29.068000, t: -0.011876 -0.006616 0.001957 q: 0.999925 0.010677 -0.005935 0.001219 
[T2xcross] t=29.1640 id=2486 est=5.0000 svd=0.0137 rel=0.9973 track=2 sf=9
[T2depth] t=29.1640 id=2487 src=motion2 u=613.7 v=27.3 depth=5.0000 depth2=-1.0000 track=2 sf=9 flag=init_neg
[T2xcross] t=29.1640 id=2492 est=5.0000 svd=0.0142 rel=0.9972 track=2 sf=9
[T2xcross] t=29.1640 id=2493 est=3.5614 svd=0.0524 rel=0.9853 track=2 sf=9
[T2depth] t=29.1640 id=2494 src=stereo u=317.0 v=73.5 depth=5.0000 depth2=-1.0000 track=1 sf=10 flag=init_neg
[T2depth] t=29.1640 id=2503 src=stereo u=399.0 v=56.0 depth=3.8136 depth2=-1.0000 track=1 sf=10 flag=ok
[T2depth] t=29.1640 id=2506 src=stereo u=222.0 v=184.0 depth=5.0000 depth2=-1.0000 track=1 sf=10 flag=init_neg
[T2gate] t=29.1640 tri=44 rej=0 xrej=0 init_replace=3 gate=0
[T2slv] t=29.1640 phase=1 init_cost=105.258 final_cost=99.3851 iters=9 term=1 slv_ms=5.1
[T2diag] t=29.1640 P=[-0.0101 -0.0069 0.0024] V=[-0.0039 0.0002 0.0005] |Bas|=0.250179 |Bgs|=0.0003285 Bas=[-0.090430 -0.233262 0.000942] Bgs=[-0.0001910 0.0002226 -0.0001479] tic0=[0.1200 0.0500 -0.0200] tic1=[0.1200 -0.0500 -0.0200] td=0.00000 track=137
[E2uls] flag=1 sh_t=29.196 new_t=29.196 dP=[-0.0024 -0.0000 -0.0004] |dP|=0.0025 first_dt=-1.0000
time: 29.164000, t: -0.010109 -0.006936 0.002447 q: 0.999920 0.011286 -0.005576 0.001184 
[T2depth] t=29.2640 id=2496 src=motion2 u=218.4 v=24.3 depth=0.0506 depth2=-1.0000 track=2 sf=9 flag=ok
[T2depth] t=29.2640 id=2497 src=motion2 u=250.3 v=154.6 depth=5.0000 depth2=-1.0000 track=2 sf=9 flag=init_neg
[T2depth] t=29.2640 id=2499 src=motion2 u=108.7 v=8.7 depth=0.0193 depth2=-1.0000 track=2 sf=9 flag=ok
[T2depth] t=29.2640 id=2504 src=motion2 u=18.0 v=123.0 depth=0.0974 depth2=-1.0000 track=2 sf=9 flag=ok
[T2depth] t=29.2640 id=2507 src=motion2 u=399.0 v=144.0 depth=5.0000 depth2=-1.0000 track=2 sf=9 flag=init_neg
[T2depth] t=29.2640 id=2508 src=stereo u=442.0 v=83.4 depth=3.8820 depth2=-1.0000 track=1 sf=10 flag=ok
[T2depth] t=29.2640 id=2509 src=stereo u=316.2 v=21.7 depth=5.0000 depth2=-1.0000 track=1 sf=10 flag=init_neg
[T2depth] t=29.2640 id=2511 src=stereo u=295.9 v=128.6 depth=30.9377 depth2=-1.0000 track=1 sf=10 flag=ok
[T2depth] t=29.2640 id=2518 src=stereo u=187.0 v=203.0 depth=12.0548 depth2=-1.0000 track=1 sf=10 flag=ok
[T2gate] t=29.2640 tri=48 rej=0 xrej=0 init_replace=3 gate=0
[T2slv] t=29.2640 phase=1 init_cost=103.321 final_cost=91.5874 iters=9 term=1 slv_ms=6.9
[T2diag] t=29.2640 P=[-0.0089 -0.0058 0.0026] V=[-0.0011 -0.0006 -0.0001] |Bas|=0.257576 |Bgs|=0.0003078 Bas=[-0.084178 -0.243429 0.001418] Bgs=[-0.0001426 0.0002413 0.0001271] tic0=[0.1200 0.0500 -0.0200] tic1=[0.1200 -0.0500 -0.0200] td=0.00000 track=140
[E2uls] flag=1 sh_t=29.296 new_t=29.296 dP=[-0.0014 -0.0012 0.0001] |dP|=0.0018 first_dt=-1.0000
time: 29.264000, t: -0.008885 -0.005832 0.002565 q: 0.999916 0.011774 -0.005405 0.000860 
[T2xcross] t=29.3640 id=2508 est=3.8820 svd=0.1303 rel=0.9664 track=2 sf=9
[T2depth] t=29.3640 id=2512 src=motion2 u=476.4 v=103.1 depth=0.0183 depth2=-1.0000 track=2 sf=9 flag=ok
[T2depth] t=29.3640 id=2514 src=motion2 u=523.0 v=203.0 depth=0.0064 depth2=-1.0000 track=2 sf=9 flag=ok
[T2depth] t=29.3640 id=2515 src=motion2 u=444.0 v=182.0 depth=0.0257 depth2=-1.0000 track=2 sf=9 flag=ok
[T2depth] t=29.3640 id=2523 src=stereo u=579.0 v=28.0 depth=5.0000 depth2=-1.0000 track=1 sf=10 flag=init_neg
[T2gate] t=29.3640 tri=42 rej=0 xrej=0 init_replace=1 gate=0
[T2slv] t=29.3640 phase=1 init_cost=135.916 final_cost=95.8737 iters=9 term=1 slv_ms=8.1
[T2diag] t=29.3640 P=[-0.0099 -0.0058 0.0026] V=[0.0010 0.0013 0.0012] |Bas|=0.263507 |Bgs|=0.0002327 Bas=[-0.077944 -0.251711 0.001522] Bgs=[-0.0001141 0.0002019 0.0000183] tic0=[0.1200 0.0500 -0.0200] tic1=[0.1200 -0.0500 -0.0200] td=0.00000 track=142
[E2uls] flag=1 sh_t=29.400 new_t=29.400 dP=[0.0014 -0.0002 -0.0000] |dP|=0.0014 first_dt=-1.0000
time: 29.364000, t: -0.009876 -0.005771 0.002620 q: 0.999914 0.012080 -0.005108 0.000962 
[T2depth] t=29.4640 id=2519 src=motion2 u=13.1 v=139.7 depth=0.0165 depth2=-1.0000 track=2 sf=9 flag=ok
[T2depth] t=29.4640 id=2520 src=motion2 u=571.6 v=209.5 depth=5.0000 depth2=-1.0000 track=2 sf=9 flag=init_neg
[T2depth] t=29.4640 id=2529 src=stereo u=553.6 v=106.1 depth=27.4220 depth2=-1.0000 track=1 sf=10 flag=ok
[T2depth] t=29.4640 id=2533 src=stereo u=491.0 v=155.0 depth=3.7804 depth2=-1.0000 track=1 sf=10 flag=ok
[T2gate] t=29.4640 tri=43 rej=0 xrej=0 init_replace=1 gate=0
[T2slv] t=29.4640 phase=1 init_cost=157.978 final_cost=113.979 iters=9 term=1 slv_ms=6.9
[T2diag] t=29.4640 P=[-0.0111 -0.0069 0.0022] V=[0.0029 -0.0007 0.0003] |Bas|=0.268533 |Bgs|=0.0004423 Bas=[-0.073635 -0.258232 0.002074] Bgs=[-0.0001164 0.0002247 -0.0003627] tic0=[0.1200 0.0500 -0.0200] tic1=[0.1200 -0.0500 -0.0200] td=0.00000 track=142
[E2uls] flag=1 sh_t=29.500 new_t=29.500 dP=[0.0017 0.0015 0.0006] |dP|=0.0023 first_dt=-1.0000
time: 29.464000, t: -0.011144 -0.006868 0.002167 q: 0.999911 0.012401 -0.004807 0.001391 
[T2xcross] t=29.5640 id=883 est=0.9337 svd=0.0894 rel=0.9042 track=2 sf=9
[T2xcross] t=29.5640 id=2512 est=0.0183 svd=0.0426 rel=0.5702 track=2 sf=9
[T2depth] t=29.5640 id=2528 src=motion2 u=554.2 v=180.3 depth=0.0385 depth2=-1.0000 track=2 sf=9 flag=ok
[T2xcross] t=29.5640 id=2529 est=27.4220 svd=0.0395 rel=0.9986 track=2 sf=9
[T2depth] t=29.5640 id=2534 src=motion2 u=133.0 v=43.0 depth=5.0000 depth2=-1.0000 track=2 sf=9 flag=init_neg
[T2depth] t=29.5640 id=2536 src=stereo u=536.0 v=205.6 depth=4.5475 depth2=-1.0000 track=1 sf=10 flag=ok
[T2depth] t=29.5640 id=2537 src=stereo u=481.4 v=205.0 depth=4.1756 depth2=-1.0000 track=1 sf=10 flag=ok
[T2depth] t=29.5640 id=2538 src=stereo u=340.6 v=39.8 depth=5.0000 depth2=-1.0000 track=1 sf=10 flag=init_neg
[T2depth] t=29.5640 id=2540 src=stereo u=299.3 v=133.8 depth=39.8155 depth2=-1.0000 track=1 sf=10 flag=ok
[T2depth] t=29.5640 id=2541 src=stereo u=520.1 v=48.9 depth=3.8934 depth2=-1.0000 track=1 sf=10 flag=ok
[T2depth] t=29.5640 id=2544 src=stereo u=508.0 v=230.0 depth=3.8622 depth2=-1.0000 track=1 sf=10 flag=ok
[T2gate] t=29.5640 tri=46 rej=0 xrej=0 init_replace=2 gate=0
[T2slv] t=29.5640 phase=1 init_cost=101.473 final_cost=96.1118 iters=9 term=1 slv_ms=10.8
[T2diag] t=29.5640 P=[-0.0102 -0.0065 0.0025] V=[0.0003 0.0026 0.0013] |Bas|=0.276363 |Bgs|=0.0002719 Bas=[-0.071945 -0.266824 0.002315] Bgs=[-0.0001638 0.0002164 -0.0000169] tic0=[0.1200 0.0500 -0.0200] tic1=[0.1200 -0.0500 -0.0200] td=0.00000 track=138
[E2uls] flag=1 sh_t=29.600 new_t=29.600 dP=[-0.0008 -0.0001 0.0000] |dP|=0.0008 first_dt=-1.0000
time: 29.564000, t: -0.010186 -0.006498 0.002513 q: 0.999905 0.012851 -0.004784 0.001172 
[T2depth] t=29.6640 id=12 src=motion2 u=398.9 v=342.6 depth=0.8859 depth2=-1.0000 track=2 sf=9 flag=ok
[T2depth] t=29.6640 id=1796 src=motion2 u=149.1 v=243.0 depth=2.2895 depth2=-1.0000 track=2 sf=9 flag=ok
[T2xcross] t=29.6640 id=2540 est=39.8155 svd=0.1799 rel=0.9955 track=2 sf=9
[T2xcross] t=29.6640 id=2541 est=3.8934 svd=0.0918 rel=0.9764 track=2 sf=9
[T2depth] t=29.6640 id=2543 src=motion2 u=130.0 v=87.0 depth=0.0198 depth2=-1.0000 track=2 sf=9 flag=ok
[T2depth] t=29.6640 id=2547 src=stereo u=477.4 v=166.2 depth=3.7770 depth2=-1.0000 track=1 sf=10 flag=ok
[T2depth] t=29.6640 id=2550 src=stereo u=150.5 v=126.2 depth=27.0574 depth2=-1.0000 track=1 sf=10 flag=ok
[T2depth] t=29.6640 id=2552 src=stereo u=111.9 v=133.1 depth=5.0000 depth2=-1.0000 track=1 sf=10 flag=init_neg
[T2depth] t=29.6640 id=2554 src=stereo u=486.0 v=37.0 depth=3.4267 depth2=-1.0000 track=1 sf=10 flag=ok
[T2gate] t=29.6640 tri=44 rej=0 xrej=0 init_replace=1 gate=0
[T2slv] t=29.6640 phase=1 init_cost=107.583 final_cost=96.9603 iters=9 term=1 slv_ms=8.0
[T2diag] t=29.6640 P=[-0.0095 -0.0071 0.0026] V=[-0.0012 0.0007 0.0035] |Bas|=0.279193 |Bgs|=0.0002959 Bas=[-0.069685 -0.270341 0.002973] Bgs=[-0.0001360 0.0002435 0.0000988] tic0=[0.1200 0.0500 -0.0200] tic1=[0.1200 -0.0500 -0.0200] td=0.00000 track=140
[E2uls] flag=1 sh_t=29.704 new_t=29.704 dP=[-0.0009 0.0010 0.0005] |dP|=0.0014 first_dt=-1.0000
time: 29.664000, t: -0.009544 -0.007095 0.002626 q: 0.999902 0.013216 -0.004531 0.001085 
[T2xcross] t=29.7680 id=1135 est=5.0000 svd=0.6311 rel=0.8738 track=2 sf=9
[T2xcross] t=29.7680 id=2515 est=0.0257 svd=0.0752 rel=0.6582 track=2 sf=9
[T2depth] t=29.7680 id=2557 src=motion2 u=76.0 v=150.0 depth=0.0238 depth2=-1.0000 track=2 sf=9 flag=ok
[T2depth] t=29.7680 id=2559 src=motion2 u=396.0 v=105.0 depth=5.0000 depth2=-1.0000 track=2 sf=9 flag=init_neg
[T2depth] t=29.7680 id=2567 src=stereo u=482.0 v=212.0 depth=3.8202 depth2=-1.0000 track=1 sf=10 flag=ok
[T2depth] t=29.7680 id=2569 src=stereo u=418.0 v=205.0 depth=3.6734 depth2=-1.0000 track=1 sf=10 flag=ok
[T2gate] t=29.7680 tri=46 rej=0 xrej=0 init_replace=1 gate=0
[T2slv] t=29.7680 phase=1 init_cost=100.477 final_cost=96.8038 iters=5 term=0 slv_ms=9.7
[T2diag] t=29.7680 P=[-0.0093 -0.0076 0.0021] V=[0.0014 -0.0009 -0.0001] |Bas|=0.280720 |Bgs|=0.0003256 Bas=[-0.067237 -0.272528 0.003303] Bgs=[-0.0001172 0.0002940 0.0000766] tic0=[0.1200 0.0500 -0.0200] tic1=[0.1200 -0.0500 -0.0200] td=0.00000 track=138
[E2uls] flag=1 sh_t=29.808 new_t=29.808 dP=[-0.0002 0.0005 0.0008] |dP|=0.0009 first_dt=-1.0000
time: 29.768000, t: -0.009262 -0.007562 0.002079 q: 0.999901 0.013318 -0.004393 0.001092 
[T2xcross] t=29.8640 id=2557 est=0.0238 svd=0.0150 rel=0.3690 track=2 sf=9
[T2depth] t=29.8640 id=2565 src=motion2 u=566.0 v=146.0 depth=0.0168 depth2=-1.0000 track=2 sf=9 flag=ok
[T2depth] t=29.8640 id=2566 src=motion2 u=568.0 v=69.0 depth=0.0479 depth2=-1.0000 track=2 sf=9 flag=ok
[T2depth] t=29.8640 id=2568 src=motion2 u=608.0 v=192.0 depth=0.0107 depth2=-1.0000 track=2 sf=9 flag=ok
[T2depth] t=29.8640 id=2570 src=motion2 u=164.0 v=28.0 depth=0.0350 depth2=-1.0000 track=2 sf=9 flag=ok
[T2depth] t=29.8640 id=2573 src=motion2 u=387.0 v=70.0 depth=0.0084 depth2=-1.0000 track=2 sf=9 flag=ok
[T2depth] t=29.8640 id=2576 src=stereo u=474.6 v=207.6 depth=3.2867 depth2=-1.0000 track=1 sf=10 flag=ok
[T2depth] t=29.8640 id=2584 src=stereo u=501.0 v=79.0 depth=3.8531 depth2=-1.0000 track=1 sf=10 flag=ok
[T2depth] t=29.8640 id=2585 src=stereo u=317.0 v=20.0 depth=36.8681 depth2=-1.0000 track=1 sf=10 flag=ok
[T2depth] t=29.8640 id=2587 src=stereo u=117.0 v=83.0 depth=5.0000 depth2=-1.0000 track=1 sf=10 flag=init_neg
[T2gate] t=29.8640 tri=51 rej=0 xrej=0 init_replace=1 gate=0
[T2slv] t=29.8640 phase=1 init_cost=105.03 final_cost=95.3815 iters=9 term=1 slv_ms=7.0
[T2diag] t=29.8640 P=[-0.0100 -0.0057 0.0023] V=[-0.0025 0.0014 -0.0013] |Bas|=0.283882 |Bgs|=0.0003115 Bas=[-0.065837 -0.276123 0.003237] Bgs=[-0.0001169 0.0002711 0.0000995] tic0=[0.1200 0.0500 -0.0200] tic1=[0.1200 -0.0500 -0.0200] td=0.00000 track=137
[E2uls] flag=1 sh_t=29.900 new_t=29.900 dP=[0.0007 -0.0021 -0.0005] |dP|=0.0023 first_dt=-1.0000
time: 29.864000, t: -0.010006 -0.005694 0.002334 q: 0.999899 0.013469 -0.004435 0.000913 
[T2depth] t=29.9960 id=2579 src=motion2 u=105.5 v=148.0 depth=5.0000 depth2=-1.0000 track=2 sf=9 flag=init_neg
[T2depth] t=29.9960 id=2581 src=motion2 u=541.0 v=247.0 depth=5.0000 depth2=-1.0000 track=2 sf=9 flag=init_neg
[T2depth] t=29.9960 id=2583 src=motion2 u=339.0 v=80.0 depth=0.0821 depth2=-1.0000 track=2 sf=9 flag=ok
[T2xcross] t=29.9960 id=2587 est=5.0000 svd=0.1822 rel=0.9636 track=2 sf=9
[T2depth] t=29.9960 id=2602 src=stereo u=387.0 v=206.0 depth=3.4102 depth2=-1.0000 track=1 sf=10 flag=ok
[T2gate] t=29.9960 tri=50 rej=0 xrej=0 init_replace=2 gate=0
[T2slv] t=29.9960 phase=1 init_cost=101.873 final_cost=96.2639 iters=9 term=1 slv_ms=7.7
[T2diag] t=29.9960 P=[-0.0106 -0.0054 0.0023] V=[-0.0062 0.0003 -0.0008] |Bas|=0.287528 |Bgs|=0.0003910 Bas=[-0.064703 -0.280140 0.002675] Bgs=[-0.0001457 0.0003276 0.0001560] tic0=[0.1200 0.0500 -0.0200] tic1=[0.1200 -0.0500 -0.0200] td=0.00000 track=137
[E2uls] flag=1 sh_t=30.032 new_t=30.032 dP=[0.0001 0.0004 -0.0004] |dP|=0.0006 first_dt=-1.0000
time: 29.996000, t: -0.010569 -0.005384 0.002281 q: 0.999896 0.013764 -0.004162 0.001001 
[T2xcross] t=30.1280 id=2579 est=5.0000 svd=0.0590 rel=0.9882 track=2 sf=9
[T2depth] t=30.1280 id=81 src=motion2 u=282.3 v=477.7 depth=5.0000 depth2=-1.0000 track=2 sf=9 flag=init_neg
[T2depth] t=30.1280 id=2589 src=motion2 u=607.7 v=157.7 depth=0.0260 depth2=-1.0000 track=2 sf=9 flag=ok
[T2depth] t=30.1280 id=2591 src=motion2 u=535.1 v=48.4 depth=5.0000 depth2=-1.0000 track=2 sf=9 flag=init_neg
[T2depth] t=30.1280 id=2594 src=motion2 u=383.0 v=166.0 depth=5.0000 depth2=-1.0000 track=2 sf=9 flag=init_neg
[T2depth] t=30.1280 id=2596 src=motion2 u=87.0 v=64.0 depth=5.0000 depth2=-1.0000 track=2 sf=9 flag=init_neg
[T2depth] t=30.1280 id=2598 src=motion2 u=354.0 v=36.0 depth=5.0000 depth2=-1.0000 track=2 sf=9 flag=init_neg
[T2depth] t=30.1280 id=2600 src=motion2 u=234.0 v=122.0 depth=5.0000 depth2=-1.0000 track=2 sf=9 flag=init_neg
[T2depth] t=30.1280 id=2601 src=motion2 u=171.0 v=80.0 depth=0.0776 depth2=-1.0000 track=2 sf=9 flag=ok
[T2xcross] t=30.1280 id=2602 est=3.4102 svd=0.0039 rel=0.9988 track=2 sf=9
[T2depth] t=30.1280 id=2605 src=stereo u=288.8 v=106.4 depth=30.2560 depth2=-1.0000 track=1 sf=10 flag=ok
[T2gate] t=30.1280 tri=48 rej=0 xrej=0 init_replace=6 gate=0
[T2slv] t=30.1280 phase=1 init_cost=102.331 final_cost=97.6911 iters=9 term=1 slv_ms=10.0
[T2diag] t=30.1280 P=[-0.0099 -0.0063 0.0020] V=[-0.0030 -0.0005 -0.0022] |Bas|=0.292884 |Bgs|=0.0005077 Bas=[-0.065066 -0.285556 0.002315] Bgs=[-0.0001402 0.0003794 0.0003068] tic0=[0.1200 0.0500 -0.0200] tic1=[0.1200 -0.0500 -0.0200] td=0.00000 track=142
[E2uls] flag=1 sh_t=30.168 new_t=30.168 dP=[-0.0010 0.0012 -0.0002] |dP|=0.0015 first_dt=-1.0000
time: 30.128000, t: -0.009944 -0.006297 0.002006 q: 0.999892 0.014057 -0.004236 0.001012 
[T2xcross] t=30.2320 id=2565 est=0.0168 svd=0.0509 rel=0.6705 track=2 sf=9
[T2xcross] t=30.2320 id=2605 est=30.2560 svd=0.0349 rel=0.9988 track=2 sf=9
[T2depth] t=30.2320 id=2608 src=motion2 u=568.0 v=99.0 depth=0.0001 depth2=-1.0000 track=2 sf=9 flag=ok
[T2depth] t=30.2320 id=2609 src=motion2 u=619.0 v=49.0 depth=5.0000 depth2=-1.0000 track=2 sf=9 flag=init_neg
[T2depth] t=30.2320 id=2610 src=motion2 u=218.0 v=83.0 depth=5.0000 depth2=-1.0000 track=2 sf=9 flag=init_neg
[T2depth] t=30.2320 id=2612 src=motion2 u=191.0 v=157.0 depth=5.0000 depth2=-1.0000 track=2 sf=9 flag=init_neg
[T2depth] t=30.2320 id=2613 src=stereo u=358.7 v=174.4 depth=3.5266 depth2=-1.0000 track=1 sf=10 flag=ok
[T2depth] t=30.2320 id=2615 src=stereo u=85.8 v=19.8 depth=5.0000 depth2=-1.0000 track=1 sf=10 flag=init_neg
[T2depth] t=30.2320 id=2622 src=stereo u=498.0 v=200.0 depth=4.1646 depth2=-1.0000 track=1 sf=10 flag=ok
[T2gate] t=30.2320 tri=48 rej=0 xrej=0 init_replace=4 gate=0
[T2slv] t=30.2320 phase=1 init_cost=102.827 final_cost=99.2638 iters=9 term=1 slv_ms=10.3
[T2diag] t=30.2320 P=[-0.0094 -0.0077 0.0019] V=[0.0010 -0.0022 -0.0004] |Bas|=0.297794 |Bgs|=0.0004410 Bas=[-0.064795 -0.290650 0.002400] Bgs=[-0.0001021 0.0003544 0.0002418] tic0=[0.1200 0.0500 -0.0200] tic1=[0.1200 -0.0500 -0.0200] td=0.00000 track=137
[E2uls] flag=1 sh_t=30.272 new_t=30.272 dP=[-0.0007 0.0008 -0.0001] |dP|=0.0011 first_dt=-1.0000
time: 30.232000, t: -0.009431 -0.007679 0.001918 q: 0.999887 0.014311 -0.004405 0.001114 
[T2depth] t=30.3640 id=78 src=motion2 u=637.0 v=293.1 depth=1.3162 depth2=-1.0000 track=2 sf=9 flag=ok
[T2depth] t=30.3640 id=82 src=motion2 u=340.9 v=437.6 depth=1.2892 depth2=-1.0000 track=2 sf=9 flag=ok
[T2depth] t=30.3640 id=89 src=motion2 u=358.8 v=465.6 depth=1.5628 depth2=-1.0000 track=2 sf=9 flag=ok
[T2xcross] t=30.3640 id=2613 est=3.5266 svd=0.0794 rel=0.9775 track=2 sf=9
[T2depth] t=30.3640 id=2616 src=motion2 u=350.7 v=136.2 depth=5.0000 depth2=-1.0000 track=2 sf=9 flag=init_neg
[T2depth] t=30.3640 id=2618 src=motion2 u=90.3 v=171.0 depth=0.0662 depth2=-1.0000 track=2 sf=9 flag=ok
[T2depth] t=30.3640 id=2619 src=motion2 u=317.9 v=137.8 depth=5.0000 depth2=-1.0000 track=2 sf=9 flag=init_neg
[T2depth] t=30.3640 id=2620 src=motion2 u=448.0 v=180.0 depth=5.0000 depth2=-1.0000 track=2 sf=9 flag=init_neg
[T2depth] t=30.3640 id=2621 src=motion2 u=40.0 v=273.0 depth=5.0000 depth2=-1.0000 track=2 sf=9 flag=init_neg
[T2depth] t=30.3640 id=2625 src=stereo u=392.9 v=88.3 depth=4.4436 depth2=-1.0000 track=1 sf=10 flag=ok
[T2depth] t=30.3640 id=2626 src=stereo u=525.7 v=55.5 depth=4.1031 depth2=-1.0000 track=1 sf=10 flag=ok
[T2gate] t=30.3640 tri=45 rej=0 xrej=0 init_replace=4 gate=0
[T2slv] t=30.3640 phase=1 init_cost=124.797 final_cost=115.048 iters=9 term=1 slv_ms=11.0
[T2diag] t=30.3640 P=[-0.0095 -0.0111 0.0008] V=[-0.0039 -0.0012 0.0019] |Bas|=0.307150 |Bgs|=0.0004240 Bas=[-0.079325 -0.296716 0.002888] Bgs=[-0.0001155 0.0003385 0.0002277] tic0=[0.1200 0.0500 -0.0200] tic1=[0.1200 -0.0500 -0.0200] td=0.00000 track=140
[E2uls] flag=1 sh_t=30.404 new_t=30.404 dP=[0.0004 0.0030 0.0013] |dP|=0.0033 first_dt=-1.0000
time: 30.364000, t: -0.009549 -0.011148 0.000801 q: 0.999882 0.014427 -0.005085 0.001437 
[T2xcross] t=30.4640 id=2626 est=4.1031 svd=0.0028 rel=0.9993 track=2 sf=9
[T2depth] t=30.4640 id=2628 src=motion2 u=251.5 v=34.9 depth=0.1444 depth2=-1.0000 track=2 sf=9 flag=ok
[T2depth] t=30.4640 id=2629 src=motion2 u=275.8 v=8.2 depth=5.0000 depth2=-1.0000 track=2 sf=9 flag=init_neg
[T2depth] t=30.4640 id=2632 src=motion2 u=369.0 v=46.0 depth=5.0000 depth2=-1.0000 track=2 sf=9 flag=init_neg
[T2depth] t=30.4640 id=2633 src=motion2 u=40.0 v=121.0 depth=0.1239 depth2=-1.0000 track=2 sf=9 flag=ok
[T2depth] t=30.4640 id=2634 src=motion2 u=537.0 v=23.0 depth=5.0000 depth2=-1.0000 track=2 sf=9 flag=init_neg
[T2depth] t=30.4640 id=2133 src=stereo u=15.9 v=239.1 depth=6.0025 depth2=-1.0000 track=1 sf=10 flag=ok
[T2depth] t=30.4640 id=2639 src=stereo u=330.7 v=217.5 depth=2.1548 depth2=-1.0000 track=1 sf=10 flag=ok
[T2depth] t=30.4640 id=2640 src=stereo u=618.0 v=80.6 depth=5.0000 depth2=-1.0000 track=1 sf=10 flag=init_neg
[T2depth] t=30.4640 id=2642 src=stereo u=477.1 v=78.4 depth=4.3518 depth2=-1.0000 track=1 sf=10 flag=ok
[T2gate] t=30.4640 tri=46 rej=0 xrej=0 init_replace=4 gate=0
[T2slv] t=30.4640 phase=1 init_cost=2416.74 final_cost=223.896 iters=9 term=1 slv_ms=20.6
[T2diag] t=30.4640 P=[-0.0065 -0.0136 0.0002] V=[-0.0027 0.0048 0.0014] |Bas|=0.314533 |Bgs|=0.0005277 Bas=[-0.088576 -0.301788 0.003087] Bgs=[-0.0001707 0.0003104 0.0003912] tic0=[0.1200 0.0500 -0.0200] tic1=[0.1200 -0.0500 -0.0200] td=0.00000 track=137
[E2uls] flag=1 sh_t=30.516 new_t=30.516 dP=[-0.0035 0.0032 0.0006] |dP|=0.0048 first_dt=-1.0000
time: 30.464000, t: -0.006514 -0.013570 0.000209 q: 0.999875 0.014754 -0.005383 0.001533 
[T2xcross] t=30.5640 id=2632 est=5.0000 svd=0.0997 rel=0.9801 track=2 sf=9
[T2xcross] t=30.5640 id=2133 est=6.0025 svd=1.0743 rel=0.8210 track=2 sf=9
[T2depth] t=30.5640 id=2637 src=motion2 u=515.8 v=129.8 depth=5.0000 depth2=-1.0000 track=2 sf=9 flag=init_neg
[T2xcross] t=30.5640 id=2639 est=2.1548 svd=0.4726 rel=0.7807 track=2 sf=9
[T2xcross] t=30.5640 id=2642 est=4.3518 svd=0.0400 rel=0.9908 track=2 sf=9
[T2depth] t=30.5640 id=2645 src=motion2 u=44.0 v=170.0 depth=5.0000 depth2=-1.0000 track=2 sf=9 flag=init_neg
[T2depth] t=30.5640 id=2646 src=motion2 u=130.0 v=32.0 depth=5.0000 depth2=-1.0000 track=2 sf=9 flag=init_neg
[T2depth] t=30.5640 id=21 src=stereo u=452.9 v=364.8 depth=5.0000 depth2=-1.0000 track=1 sf=10 flag=init_neg
[T2depth] t=30.5640 id=59 src=stereo u=40.5 v=458.0 depth=5.0000 depth2=-1.0000 track=1 sf=10 flag=init_neg
[T2depth] t=30.5640 id=93 src=stereo u=198.3 v=288.5 depth=5.0000 depth2=-1.0000 track=1 sf=10 flag=init_neg
[T2depth] t=30.5640 id=136 src=stereo u=578.1 v=252.4 depth=1.3330 depth2=-1.0000 track=1 sf=10 flag=ok
[T2depth] t=30.5640 id=1386 src=stereo u=384.9 v=275.1 depth=5.0000 depth2=-1.0000 track=1 sf=10 flag=init_neg
[T2depth] t=30.5640 id=2655 src=stereo u=427.0 v=184.0 depth=3.6620 depth2=-1.0000 track=1 sf=10 flag=ok
[T2gate] t=30.5640 tri=63 rej=0 xrej=0 init_replace=7 gate=0
[T2slv] t=30.5640 phase=1 init_cost=137.946 final_cost=122.609 iters=9 term=1 slv_ms=16.7
[T2diag] t=30.5640 P=[-0.0055 -0.0129 0.0000] V=[-0.0030 0.0024 -0.0024] |Bas|=0.317396 |Bgs|=0.0006002 Bas=[-0.089041 -0.304635 0.003129] Bgs=[-0.0002028 0.0003193 0.0004660] tic0=[0.1200 0.0500 -0.0200] tic1=[0.1200 -0.0500 -0.0200] td=0.00000 track=121
[E2uls] flag=1 sh_t=30.608 new_t=30.608 dP=[-0.0007 -0.0000 0.0000] |dP|=0.0007 first_dt=-1.0000
time: 30.564000, t: -0.005541 -0.012889 0.000042 q: 0.999869 0.015160 -0.005531 0.001539 
[T2xcross] t=30.6640 id=2645 est=5.0000 svd=0.0474 rel=0.9905 track=2 sf=9
[T2depth] t=30.6640 id=9 src=motion2 u=203.0 v=389.4 depth=5.0000 depth2=-1.0000 track=2 sf=9 flag=init_neg
[T2depth] t=30.6640 id=26 src=motion2 u=6.3 v=343.2 depth=5.0000 depth2=-1.0000 track=2 sf=9 flag=init_neg
[T2depth] t=30.6640 id=54 src=motion2 u=11.3 v=424.8 depth=5.0000 depth2=-1.0000 track=2 sf=9 flag=init_neg
[T2depth] t=30.6640 id=67 src=motion2 u=120.4 v=286.6 depth=5.0000 depth2=-1.0000 track=2 sf=9 flag=init_neg
[T2depth] t=30.6640 id=69 src=motion2 u=395.7 v=465.1 depth=5.0000 depth2=-1.0000 track=2 sf=9 flag=init_neg
[T2depth] t=30.6640 id=75 src=motion2 u=435.6 v=455.9 depth=5.0000 depth2=-1.0000 track=2 sf=9 flag=init_neg
[T2depth] t=30.6640 id=95 src=motion2 u=6.3 v=455.2 depth=5.0000 depth2=-1.0000 track=2 sf=9 flag=init_neg
[T2depth] t=30.6640 id=107 src=motion2 u=361.0 v=240.0 depth=0.0169 depth2=-1.0000 track=2 sf=9 flag=ok
[T2xcross] t=30.6640 id=136 est=1.3330 svd=0.1373 rel=0.8970 track=2 sf=9
[T2depth] t=30.6640 id=642 src=motion2 u=118.2 v=329.8 depth=5.0000 depth2=-1.0000 track=2 sf=9 flag=init_neg
[T2depth] t=30.6640 id=969 src=motion2 u=76.0 v=473.6 depth=5.0000 depth2=-1.0000 track=2 sf=9 flag=init_neg
[T2depth] t=30.6640 id=1117 src=motion2 u=467.0 v=446.9 depth=5.0000 depth2=-1.0000 track=2 sf=9 flag=init_neg
[T2depth] t=30.6640 id=2376 src=motion2 u=336.1 v=262.0 depth=5.0000 depth2=-1.0000 track=2 sf=9 flag=init_neg
[T2depth] t=30.6640 id=2605 src=motion2 u=281.0 v=105.5 depth=0.0004 depth2=-1.0000 track=2 sf=9 flag=ok
[T2depth] t=30.6640 id=2657 src=motion2 u=448.0 v=81.0 depth=0.0305 depth2=-1.0000 track=2 sf=9 flag=ok
[T2depth] t=30.6640 id=2659 src=motion2 u=123.0 v=115.0 depth=5.0000 depth2=-1.0000 track=2 sf=9 flag=init_neg
[T2depth] t=30.6640 id=2661 src=motion2 u=203.0 v=32.0 depth=5.0000 depth2=-1.0000 track=2 sf=9 flag=init_neg
[T2depth] t=30.6640 id=2670 src=stereo u=428.8 v=115.4 depth=4.0036 depth2=-1.0000 track=1 sf=10 flag=ok
[T2depth] t=30.6640 id=2674 src=stereo u=341.0 v=28.0 depth=38.8856 depth2=-1.0000 track=1 sf=10 flag=ok
[T2gate] t=30.6640 tri=78 rej=0 xrej=0 init_replace=13 gate=0
[T2slv] t=30.6640 phase=1 init_cost=156.883 final_cost=103.298 iters=9 term=1 slv_ms=13.3
[T2diag] t=30.6640 P=[-0.0043 -0.0130 -0.0000] V=[0.0054 0.0006 0.0010] |Bas|=0.319996 |Bgs|=0.0005770 Bas=[-0.090363 -0.306959 0.002884] Bgs=[-0.0001903 0.0003391 0.0004262] tic0=[0.1200 0.0500 -0.0200] tic1=[0.1200 -0.0500 -0.0200] td=0.00000 track=120
[E2uls] flag=1 sh_t=30.700 new_t=30.700 dP=[-0.0014 -0.0000 -0.0002] |dP|=0.0014 first_dt=-1.0000
time: 30.664000, t: -0.004259 -0.012969 -0.000043 q: 0.999868 0.015185 -0.005516 0.001472 
[T2xcross] t=30.7680 id=21 est=5.0000 svd=2.7295 rel=0.4541 track=2 sf=9
[T2xcross] t=30.7680 id=59 est=5.0000 svd=1.2097 rel=0.7581 track=2 sf=9
[T2xcross] t=30.7680 id=93 est=5.0000 svd=0.6611 rel=0.8678 track=2 sf=9
[T2xcross] t=30.7680 id=1386 est=5.0000 svd=2.9264 rel=0.4147 track=2 sf=9
[T2depth] t=30.7680 id=7 src=motion2 u=4.1 v=375.5 depth=1.7554 depth2=-1.0000 track=2 sf=9 flag=ok
[T2depth] t=30.7680 id=20 src=motion2 u=44.3 v=349.2 depth=1.3025 depth2=-1.0000 track=2 sf=9 flag=ok
[T2depth] t=30.7680 id=28 src=motion2 u=480.6 v=387.8 depth=2.3739 depth2=-1.0000 track=2 sf=9 flag=ok
[T2depth] t=30.7680 id=33 src=motion2 u=433.8 v=408.0 depth=2.6482 depth2=-1.0000 track=2 sf=9 flag=ok
[T2depth] t=30.7680 id=38 src=motion2 u=446.8 v=334.6 depth=2.2653 depth2=-1.0000 track=2 sf=9 flag=ok
[T2depth] t=30.7680 id=41 src=motion2 u=614.3 v=452.4 depth=4.0364 depth2=-1.0000 track=2 sf=9 flag=ok
[T2depth] t=30.7680 id=44 src=motion2 u=511.2 v=439.5 depth=2.7278 depth2=-1.0000 track=2 sf=9 flag=ok
[T2depth] t=30.7680 id=47 src=motion2 u=60.6 v=310.9 depth=0.5241 depth2=-1.0000 track=2 sf=9 flag=ok
[T2depth] t=30.7680 id=51 src=motion2 u=526.2 v=412.0 depth=4.4078 depth2=-1.0000 track=2 sf=9 flag=ok
[T2depth] t=30.7680 id=53 src=motion2 u=385.3 v=434.3 depth=1.5523 depth2=-1.0000 track=2 sf=9 flag=ok
[T2depth] t=30.7680 id=70 src=motion2 u=42.0 v=381.5 depth=1.5119 depth2=-1.0000 track=2 sf=9 flag=ok
[T2depth] t=30.7680 id=71 src=motion2 u=478.0 v=476.5 depth=2.8008 depth2=-1.0000 track=2 sf=9 flag=ok
[T2depth] t=30.7680 id=88 src=motion2 u=482.9 v=420.7 depth=6.1800 depth2=-1.0000 track=2 sf=9 flag=ok
[T2depth] t=30.7680 id=207 src=motion2 u=528.0 v=381.7 depth=3.6063 depth2=-1.0000 track=2 sf=9 flag=ok
[T2depth] t=30.7680 id=1796 src=motion2 u=151.8 v=243.0 depth=0.0687 depth2=-1.0000 track=2 sf=9 flag=ok
[T2depth] t=30.7680 id=2050 src=motion2 u=91.1 v=312.3 depth=0.8654 depth2=-1.0000 track=2 sf=9 flag=ok
[T2depth] t=30.7680 id=2663 src=motion2 u=508.0 v=473.0 depth=2.8458 depth2=-1.0000 track=2 sf=9 flag=ok
[T2depth] t=30.7680 id=2664 src=motion2 u=199.7 v=202.1 depth=0.0085 depth2=-1.0000 track=2 sf=9 flag=ok
[T2depth] t=30.7680 id=2666 src=motion2 u=628.9 v=258.0 depth=0.8167 depth2=-1.0000 track=2 sf=9 flag=ok
[T2depth] t=30.7680 id=2669 src=motion2 u=204.5 v=100.8 depth=0.0039 depth2=-1.0000 track=2 sf=9 flag=ok
[T2depth] t=30.7680 id=2673 src=motion2 u=621.0 v=128.0 depth=5.0000 depth2=-1.0000 track=2 sf=9 flag=init_neg
[T2depth] t=30.7680 id=2675 src=motion2 u=589.0 v=106.0 depth=5.0000 depth2=-1.0000 track=2 sf=9 flag=init_neg
[T2depth] t=30.7680 id=2676 src=motion2 u=544.0 v=62.0 depth=5.0000 depth2=-1.0000 track=2 sf=9 flag=init_neg
[T2depth] t=30.7680 id=2678 src=motion2 u=543.0 v=196.0 depth=5.0000 depth2=-1.0000 track=2 sf=9 flag=init_neg
[T2depth] t=30.7680 id=2687 src=stereo u=463.0 v=177.0 depth=3.6833 depth2=-1.0000 track=1 sf=10 flag=ok
[T2depth] t=30.7680 id=2689 src=stereo u=120.0 v=46.0 depth=34.8890 depth2=-1.0000 track=1 sf=10 flag=ok
[T2depth] t=30.7680 id=2691 src=stereo u=570.0 v=45.0 depth=5.0000 depth2=-1.0000 track=1 sf=10 flag=init_neg
[T2gate] t=30.7680 tri=63 rej=0 xrej=0 init_replace=5 gate=0
[T2slv] t=30.7680 phase=1 init_cost=105.898 final_cost=97.0313 iters=6 term=0 slv_ms=11.7
[T2diag] t=30.7680 P=[-0.0042 -0.0127 0.0002] V=[0.0040 0.0028 0.0007] |Bas|=0.321647 |Bgs|=0.0005742 Bas=[-0.089318 -0.308981 0.003065] Bgs=[-0.0002068 0.0003632 0.0003937] tic0=[0.1200 0.0500 -0.0200] tic1=[0.1200 -0.0500 -0.0200] td=0.00000 track=140
[E2uls] flag=1 sh_t=30.808 new_t=30.808 dP=[0.0010 0.0001 0.0001] |dP|=0.0010 first_dt=-1.0000
time: 30.768000, t: -0.004182 -0.012688 0.000176 q: 0.999867 0.015297 -0.005432 0.001481 
[T2depth] t=30.8640 id=73 src=motion2 u=353.7 v=291.3 depth=5.0000 depth2=-1.0000 track=2 sf=9 flag=init_neg
[T2depth] t=30.8640 id=2681 src=motion2 u=540.6 v=106.2 depth=0.0803 depth2=-1.0000 track=2 sf=9 flag=ok
[T2depth] t=30.8640 id=2688 src=motion2 u=271.0 v=145.0 depth=5.0000 depth2=-1.0000 track=2 sf=9 flag=init_neg
[T2depth] t=30.8640 id=2690 src=motion2 u=177.0 v=169.0 depth=0.0452 depth2=-1.0000 track=2 sf=9 flag=ok
[T2depth] t=30.8640 id=2696 src=stereo u=481.6 v=119.5 depth=4.0058 depth2=-1.0000 track=1 sf=10 flag=ok
[T2depth] t=30.8640 id=2698 src=stereo u=234.2 v=135.1 depth=5.0000 depth2=-1.0000 track=1 sf=10 flag=init_neg
[T2depth] t=30.8640 id=2699 src=stereo u=143.0 v=192.0 depth=24.0793 depth2=-1.0000 track=1 sf=10 flag=ok
[T2depth] t=30.8640 id=2701 src=stereo u=604.0 v=76.0 depth=32.9263 depth2=-1.0000 track=1 sf=10 flag=ok
[T2gate] t=30.8640 tri=42 rej=0 xrej=0 init_replace=3 gate=0
[T2slv] t=30.8640 phase=1 init_cost=111.349 final_cost=101.332 iters=9 term=1 slv_ms=12.8
[T2diag] t=30.8640 P=[-0.0050 -0.0129 0.0001] V=[0.0016 0.0029 0.0011] |Bas|=0.323269 |Bgs|=0.0005852 Bas=[-0.088047 -0.311029 0.003405] Bgs=[-0.0002225 0.0003741 0.0003912] tic0=[0.1200 0.0500 -0.0200] tic1=[0.1200 -0.0500 -0.0200] td=0.00000 track=140
[E2uls] flag=1 sh_t=30.908 new_t=30.908 dP=[0.0015 0.0011 0.0004] |dP|=0.0019 first_dt=-1.0000
time: 30.864000, t: -0.005004 -0.012882 0.000056 q: 0.999864 0.015519 -0.005442 0.001540 
[T2xcross] t=30.9960 id=2637 est=5.0000 svd=0.0515 rel=0.9897 track=2 sf=9
[T2xcross] t=30.9960 id=2696 est=4.0058 svd=0.0565 rel=0.9859 track=2 sf=9
[T2depth] t=30.9960 id=2713 src=stereo u=55.0 v=97.0 depth=23.8451 depth2=-1.0000 track=1 sf=10 flag=ok
[T2depth] t=30.9960 id=2717 src=stereo u=502.0 v=210.0 depth=4.5338 depth2=-1.0000 track=1 sf=10 flag=ok
[T2gate] t=30.9960 tri=43 rej=0 xrej=0 init_replace=0 gate=0
[T2slv] t=30.9960 phase=1 init_cost=109.854 final_cost=100.292 iters=9 term=1 slv_ms=10.2
[T2diag] t=30.9960 P=[-0.0052 -0.0129 -0.0002] V=[-0.0013 0.0024 0.0013] |Bas|=0.324830 |Bgs|=0.0005945 Bas=[-0.087553 -0.312790 0.003363] Bgs=[-0.0002499 0.0003871 0.0003757] tic0=[0.1200 0.0500 -0.0200] tic1=[0.1200 -0.0500 -0.0200] td=0.00000 track=138
[E2uls] flag=1 sh_t=31.028 new_t=31.028 dP=[0.0002 0.0006 0.0002] |dP|=0.0006 first_dt=-1.0000
time: 30.996000, t: -0.005202 -0.012883 -0.000190 q: 0.999863 0.015566 -0.005395 0.001480 
[T2depth] t=31.1280 id=2706 src=motion2 u=277.3 v=88.3 depth=5.0000 depth2=-1.0000 track=2 sf=9 flag=init_neg
[T2depth] t=31.1280 id=2710 src=motion2 u=164.0 v=27.0 depth=0.0017 depth2=-1.0000 track=2 sf=9 flag=ok
[T2depth] t=31.1280 id=2711 src=motion2 u=105.0 v=185.0 depth=5.0000 depth2=-1.0000 track=2 sf=9 flag=init_neg
[T2depth] t=31.1280 id=2712 src=motion2 u=12.0 v=100.0 depth=5.0000 depth2=-1.0000 track=2 sf=9 flag=init_neg
[T2depth] t=31.1280 id=2720 src=stereo u=474.1 v=231.6 depth=3.8323 depth2=-1.0000 track=1 sf=10 flag=ok
[T2depth] t=31.1280 id=2721 src=stereo u=194.1 v=125.1 depth=45.6232 depth2=-1.0000 track=1 sf=10 flag=ok
[T2depth] t=31.1280 id=2725 src=stereo u=23.6 v=25.2 depth=19.3457 depth2=-1.0000 track=1 sf=10 flag=ok
[T2depth] t=31.1280 id=2726 src=stereo u=362.0 v=170.5 depth=3.7084 depth2=-1.0000 track=1 sf=10 flag=ok
[T2gate] t=31.1280 tri=49 rej=0 xrej=0 init_replace=3 gate=0
[T2slv] t=31.1280 phase=1 init_cost=111.419 final_cost=99.9471 iters=9 term=1 slv_ms=16.5
[T2diag] t=31.1280 P=[-0.0043 -0.0124 -0.0001] V=[-0.0020 0.0009 -0.0004] |Bas|=0.326416 |Bgs|=0.0005637 Bas=[-0.087673 -0.314401 0.003584] Bgs=[-0.0002622 0.0003568 0.0003489] tic0=[0.1200 0.0500 -0.0200] tic1=[0.1200 -0.0500 -0.0200] td=0.00000 track=136
[E2uls] flag=1 sh_t=31.168 new_t=31.168 dP=[-0.0015 -0.0009 -0.0001] |dP|=0.0017 first_dt=-1.0000
time: 31.128000, t: -0.004263 -0.012378 -0.000115 q: 0.999865 0.015441 -0.005455 0.001237 
[T2xcross] t=31.2280 id=2706 est=5.0000 svd=0.0205 rel=0.9959 track=2 sf=9
[T2depth] t=31.2280 id=2719 src=motion2 u=393.2 v=91.0 depth=0.0100 depth2=-1.0000 track=2 sf=9 flag=ok
[T2xcross] t=31.2280 id=2721 est=45.6232 svd=0.0151 rel=0.9997 track=2 sf=9
[T2depth] t=31.2280 id=2724 src=motion2 u=380.6 v=120.1 depth=5.0000 depth2=-1.0000 track=2 sf=9 flag=init_neg
[T2xcross] t=31.2280 id=2725 est=19.3457 svd=0.0286 rel=0.9985 track=2 sf=9
[T2xcross] t=31.2280 id=2726 est=3.7084 svd=0.0374 rel=0.9899 track=2 sf=9
[T2depth] t=31.2280 id=2727 src=motion2 u=57.0 v=10.0 depth=0.0066 depth2=-1.0000 track=2 sf=9 flag=ok
[T2depth] t=31.2280 id=2728 src=motion2 u=333.0 v=29.0 depth=0.0187 depth2=-1.0000 track=2 sf=9 flag=ok
[T2depth] t=31.2280 id=2729 src=motion2 u=584.0 v=126.0 depth=0.0151 depth2=-1.0000 track=2 sf=9 flag=ok
[T2depth] t=31.2280 id=2730 src=motion2 u=195.0 v=41.0 depth=0.0141 depth2=-1.0000 track=2 sf=9 flag=ok
[T2depth] t=31.2280 id=2734 src=motion2 u=254.0 v=46.0 depth=5.0000 depth2=-1.0000 track=2 sf=9 flag=init_neg
[T2depth] t=31.2280 id=2736 src=stereo u=118.7 v=59.7 depth=24.1513 depth2=-1.0000 track=1 sf=10 flag=ok
[T2depth] t=31.2280 id=2738 src=stereo u=503.4 v=109.8 depth=4.6110 depth2=-1.0000 track=1 sf=10 flag=ok
[T2depth] t=31.2280 id=2740 src=stereo u=337.5 v=127.2 depth=5.0000 depth2=-1.0000 track=1 sf=10 flag=init_neg
[T2depth] t=31.2280 id=2745 src=stereo u=485.0 v=233.0 depth=4.0819 depth2=-1.0000 track=1 sf=10 flag=ok
[T2gate] t=31.2280 tri=44 rej=0 xrej=0 init_replace=3 gate=0
[T2slv] t=31.2280 phase=1 init_cost=114.442 final_cost=104.332 iters=9 term=1 slv_ms=15.4
[T2diag] t=31.2280 P=[-0.0046 -0.0119 -0.0001] V=[0.0001 -0.0005 0.0018] |Bas|=0.326522 |Bgs|=0.0005389 Bas=[-0.088939 -0.314158 0.003355] Bgs=[-0.0002979 0.0003279 0.0003069] tic0=[0.1200 0.0500 -0.0200] tic1=[0.1200 -0.0500 -0.0200] td=0.00000 track=141
[E2uls] flag=1 sh_t=31.272 new_t=31.272 dP=[0.0003 -0.0002 -0.0002] |dP|=0.0004 first_dt=-1.0000
time: 31.228000, t: -0.004588 -0.011948 -0.000079 q: 0.999864 0.015477 -0.005478 0.001223 
[T2xcross] t=31.3280 id=2728 est=0.0187 svd=0.0141 rel=0.2469 track=2 sf=9
[T2depth] t=31.3280 id=2735 src=motion2 u=569.6 v=189.7 depth=5.0000 depth2=-1.0000 track=2 sf=9 flag=init_neg
[T2depth] t=31.3280 id=2741 src=motion2 u=183.5 v=221.2 depth=0.0315 depth2=-1.0000 track=2 sf=9 flag=ok
[T2depth] t=31.3280 id=2750 src=stereo u=316.6 v=167.4 depth=5.0000 depth2=-1.0000 track=1 sf=10 flag=init_neg
[T2depth] t=31.3280 id=2754 src=stereo u=216.0 v=15.0 depth=29.4075 depth2=-1.0000 track=1 sf=10 flag=ok
[T2depth] t=31.3280 id=2757 src=stereo u=539.0 v=38.0 depth=3.4812 depth2=-1.0000 track=1 sf=10 flag=ok
[T2gate] t=31.3280 tri=39 rej=0 xrej=0 init_replace=2 gate=0
[T2slv] t=31.3280 phase=1 init_cost=117.612 final_cost=107.753 iters=6 term=0 slv_ms=12.6
[T2diag] t=31.3280 P=[-0.0047 -0.0116 0.0001] V=[0.0022 0.0022 0.0015] |Bas|=0.326520 |Bgs|=0.0005544 Bas=[-0.088519 -0.314274 0.003404] Bgs=[-0.0003028 0.0003501 0.0003052] tic0=[0.1200 0.0500 -0.0200] tic1=[0.1200 -0.0500 -0.0200] td=0.00000 track=141
[E2uls] flag=1 sh_t=31.372 new_t=31.372 dP=[0.0006 0.0002 -0.0009] |dP|=0.0011 first_dt=-1.0000
time: 31.328000, t: -0.004667 -0.011638 0.000134 q: 0.999866 0.015430 -0.005420 0.001221 
[T2xcross] t=31.4280 id=9 est=5.0000 svd=0.6594 rel=0.8681 track=2 sf=9
[T2xcross] t=31.4280 id=107 est=0.0169 svd=0.7116 rel=0.9763 track=2 sf=9
[T2xcross] t=31.4280 id=2719 est=0.0100 svd=0.0797 rel=0.8747 track=2 sf=9
[T2depth] t=31.4280 id=2751 src=motion2 u=348.0 v=89.0 depth=0.1179 depth2=-1.0000 track=2 sf=9 flag=ok
[T2depth] t=31.4280 id=2752 src=motion2 u=628.0 v=26.0 depth=5.0000 depth2=-1.0000 track=2 sf=9 flag=init_neg
[T2depth] t=31.4280 id=2753 src=motion2 u=18.0 v=96.0 depth=0.0891 depth2=-1.0000 track=2 sf=9 flag=ok
[T2depth] t=31.4280 id=2765 src=stereo u=448.0 v=70.1 depth=3.8964 depth2=-1.0000 track=1 sf=10 flag=ok
[T2depth] t=31.4280 id=2768 src=stereo u=9.0 v=178.0 depth=37.4931 depth2=-1.0000 track=1 sf=10 flag=ok
[T2depth] t=31.4280 id=2769 src=stereo u=404.0 v=164.0 depth=3.8583 depth2=-1.0000 track=1 sf=10 flag=ok
[T2depth] t=31.4280 id=2772 src=stereo u=154.0 v=21.0 depth=35.4846 depth2=-1.0000 track=1 sf=10 flag=ok
[T2gate] t=31.4280 tri=45 rej=0 xrej=0 init_replace=1 gate=0
[T2slv] t=31.4280 phase=1 init_cost=120.525 final_cost=109.714 iters=9 term=1 slv_ms=13.9
[T2diag] t=31.4280 P=[-0.0022 -0.0121 -0.0001] V=[0.0031 0.0049 -0.0043] |Bas|=0.327675 |Bgs|=0.0005566 Bas=[-0.084931 -0.316459 0.003382] Bgs=[-0.0003355 0.0003523 0.0002703] tic0=[0.1200 0.0500 -0.0200] tic1=[0.1200 -0.0500 -0.0200] td=0.00000 track=136
[E2uls] flag=1 sh_t=31.472 new_t=31.472 dP=[-0.0019 0.0013 -0.0004] |dP|=0.0023 first_dt=-1.0000
time: 31.428000, t: -0.002157 -0.012104 -0.000105 q: 0.999870 0.015195 -0.005201 0.001172 
[T2xcross] t=31.5280 id=2738 est=4.6110 svd=0.0307 rel=0.9933 track=2 sf=9
[T2depth] t=31.5280 id=2758 src=motion2 u=466.0 v=1.0 depth=3.2450 depth2=-1.0000 track=2 sf=9 flag=ok
[T2depth] t=31.5280 id=2759 src=motion2 u=16.0 v=243.0 depth=0.0754 depth2=-1.0000 track=2 sf=9 flag=ok
[T2depth] t=31.5280 id=2761 src=motion2 u=201.9 v=174.5 depth=5.0000 depth2=-1.0000 track=2 sf=9 flag=init_neg
[T2depth] t=31.5280 id=2763 src=motion2 u=244.1 v=159.8 depth=5.0000 depth2=-1.0000 track=2 sf=9 flag=init_neg
[T2xcross] t=31.5280 id=2765 est=3.8964 svd=0.2493 rel=0.9360 track=2 sf=9
[T2depth] t=31.5280 id=2766 src=motion2 u=541.0 v=248.0 depth=5.0000 depth2=-1.0000 track=2 sf=9 flag=init_neg
[T2depth] t=31.5280 id=2767 src=motion2 u=350.0 v=55.0 depth=5.0000 depth2=-1.0000 track=2 sf=9 flag=init_neg
[T2depth] t=31.5280 id=2770 src=motion2 u=67.0 v=222.0 depth=0.0816 depth2=-1.0000 track=2 sf=9 flag=ok
[T2depth] t=31.5280 id=2771 src=motion2 u=110.0 v=99.0 depth=0.1780 depth2=-1.0000 track=2 sf=9 flag=ok
[T2xcross] t=31.5280 id=2772 est=35.4846 svd=0.1422 rel=0.9960 track=2 sf=9
[T2depth] t=31.5280 id=2778 src=stereo u=537.3 v=73.9 depth=3.7770 depth2=-1.0000 track=1 sf=10 flag=ok
[T2depth] t=31.5280 id=2781 src=stereo u=544.0 v=129.0 depth=46.2484 depth2=-1.0000 track=1 sf=10 flag=ok
[T2depth] t=31.5280 id=2782 src=stereo u=395.0 v=157.0 depth=3.9907 depth2=-1.0000 track=1 sf=10 flag=ok
[T2depth] t=31.5280 id=2783 src=stereo u=252.0 v=51.0 depth=38.7567 depth2=-1.0000 track=1 sf=10 flag=ok
[T2gate] t=31.5280 tri=46 rej=0 xrej=0 init_replace=4 gate=0
[T2slv] t=31.5280 phase=1 init_cost=108.8 final_cost=98.0452 iters=9 term=1 slv_ms=9.3
[T2diag] t=31.5280 P=[-0.0008 -0.0120 0.0003] V=[0.0021 -0.0005 -0.0033] |Bas|=0.328901 |Bgs|=0.0005509 Bas=[-0.080835 -0.318797 0.003161] Bgs=[-0.0003514 0.0003222 0.0002762] tic0=[0.1200 0.0500 -0.0200] tic1=[0.1200 -0.0500 -0.0200] td=0.00000 track=139
[E2uls] flag=1 sh_t=31.568 new_t=31.568 dP=[-0.0004 0.0008 -0.0011] |dP|=0.0014 first_dt=-1.0000
time: 31.528000, t: -0.000806 -0.012046 0.000346 q: 0.999864 0.015635 -0.005136 0.001180 
[T2xcross] t=31.6280 id=2761 est=5.0000 svd=0.2258 rel=0.9548 track=2 sf=9
[T2xcross] t=31.6280 id=2766 est=5.0000 svd=0.0095 rel=0.9981 track=2 sf=9
[T2depth] t=31.6280 id=1135 src=motion2 u=446.1 v=139.0 depth=5.0000 depth2=-1.0000 track=2 sf=9 flag=init_neg
[T2depth] t=31.6280 id=2776 src=motion2 u=584.9 v=220.6 depth=0.0515 depth2=-1.0000 track=2 sf=9 flag=ok
[T2depth] t=31.6280 id=2777 src=motion2 u=298.8 v=41.3 depth=0.0117 depth2=-1.0000 track=2 sf=9 flag=ok
[T2depth] t=31.6280 id=2779 src=motion2 u=195.7 v=248.0 depth=5.0000 depth2=-1.0000 track=2 sf=9 flag=init_neg
[T2depth] t=31.6280 id=2788 src=stereo u=482.7 v=171.8 depth=3.6664 depth2=-1.0000 track=1 sf=10 flag=ok
[T2depth] t=31.6280 id=2790 src=stereo u=499.7 v=14.1 depth=3.5583 depth2=-1.0000 track=1 sf=10 flag=ok
[T2depth] t=31.6280 id=2793 src=stereo u=445.0 v=197.0 depth=3.8979 depth2=-1.0000 track=1 sf=10 flag=ok
[T2gate] t=31.6280 tri=43 rej=0 xrej=0 init_replace=2 gate=0
[T2slv] t=31.6280 phase=1 init_cost=108.728 final_cost=99.0319 iters=9 term=1 slv_ms=5.2
[T2diag] t=31.6280 P=[-0.0010 -0.0118 0.0005] V=[0.0013 0.0024 -0.0016] |Bas|=0.330102 |Bgs|=0.0005300 Bas=[-0.078574 -0.320603 0.002685] Bgs=[-0.0003340 0.0003156 0.0002641] tic0=[0.1200 0.0500 -0.0200] tic1=[0.1200 -0.0500 -0.0200] td=0.00000 track=139
[E2uls] flag=1 sh_t=31.660 new_t=31.660 dP=[0.0003 -0.0003 -0.0008] |dP|=0.0009 first_dt=-1.0000
time: 31.628000, t: -0.000976 -0.011844 0.000515 q: 0.999867 0.015493 -0.004911 0.001148 
[T2xcross] t=31.7280 id=2050 est=0.8654 svd=0.0514 rel=0.9406 track=2 sf=9
[T2xcross] t=31.7280 id=2771 est=0.1780 svd=0.1648 rel=0.0741 track=2 sf=9
[T2xcross] t=31.7280 id=2776 est=0.0515 svd=0.0431 rel=0.1637 track=2 sf=9
[T2depth] t=31.7280 id=135 src=motion2 u=168.6 v=274.4 depth=0.0344 depth2=-1.0000 track=2 sf=9 flag=ok
[T2depth] t=31.7280 id=2786 src=motion2 u=534.2 v=186.6 depth=5.0000 depth2=-1.0000 track=2 sf=9 flag=init_neg
[T2depth] t=31.7280 id=2791 src=motion2 u=202.0 v=36.0 depth=0.0291 depth2=-1.0000 track=2 sf=9 flag=ok
[T2depth] t=31.7280 id=2792 src=motion2 u=348.2 v=147.8 depth=0.0064 depth2=-1.0000 track=2 sf=9 flag=ok
[T2depth] t=31.7280 id=2795 src=motion2 u=289.0 v=89.0 depth=0.0132 depth2=-1.0000 track=2 sf=9 flag=ok
[T2depth] t=31.7280 id=2797 src=stereo u=489.1 v=117.2 depth=3.8339 depth2=-1.0000 track=1 sf=10 flag=ok
[T2depth] t=31.7280 id=2799 src=stereo u=178.9 v=137.8 depth=5.0000 depth2=-1.0000 track=1 sf=10 flag=init_neg
[T2depth] t=31.7280 id=2801 src=stereo u=216.0 v=94.0 depth=43.0148 depth2=-1.0000 track=1 sf=10 flag=ok
[T2depth] t=31.7280 id=2803 src=stereo u=460.0 v=202.0 depth=3.8588 depth2=-1.0000 track=1 sf=10 flag=ok
[T2depth] t=31.7280 id=2805 src=stereo u=473.0 v=158.0 depth=3.9013 depth2=-1.0000 track=1 sf=10 flag=ok
[T2gate] t=31.7280 tri=43 rej=0 xrej=0 init_replace=2 gate=0
[T2slv] t=31.7280 phase=1 init_cost=108.573 final_cost=98.9581 iters=9 term=1 slv_ms=7.4
[T2diag] t=31.7280 P=[-0.0004 -0.0119 0.0005] V=[0.0006 0.0045 -0.0015] |Bas|=0.331231 |Bgs|=0.0005279 Bas=[-0.076221 -0.322333 0.002303] Bgs=[-0.0003358 0.0003387 0.0002262] tic0=[0.1200 0.0500 -0.0200] tic1=[0.1200 -0.0500 -0.0200] td=0.00000 track=140
[E2uls] flag=1 sh_t=31.764 new_t=31.764 dP=[-0.0005 0.0003 -0.0006] |dP|=0.0008 first_dt=-1.0000
time: 31.728000, t: -0.000393 -0.011858 0.000510 q: 0.999866 0.015651 -0.004698 0.000894 
[T2xcross] t=31.8280 id=2778 est=3.7770 svd=0.0877 rel=0.9768 track=2 sf=9
[T2depth] t=31.8280 id=2802 src=motion2 u=127.0 v=70.0 depth=0.0557 depth2=-1.0000 track=2 sf=9 flag=ok
[T2xcross] t=31.8280 id=2803 est=3.8588 svd=0.0922 rel=0.9761 track=2 sf=9
[T2depth] t=31.8280 id=2804 src=motion2 u=560.0 v=155.0 depth=5.0000 depth2=-1.0000 track=2 sf=9 flag=init_neg
[T2xcross] t=31.8280 id=2805 est=3.9013 svd=0.0800 rel=0.9795 track=2 sf=9
[T2depth] t=31.8280 id=2806 src=motion2 u=261.0 v=47.0 depth=5.0000 depth2=-1.0000 track=2 sf=9 flag=init_neg
[T2depth] t=31.8280 id=2810 src=stereo u=162.0 v=60.5 depth=5.0000 depth2=-1.0000 track=1 sf=10 flag=init_neg
[T2depth] t=31.8280 id=2812 src=stereo u=291.1 v=6.5 depth=32.5610 depth2=-1.0000 track=1 sf=10 flag=ok
[T2depth] t=31.8280 id=2816 src=stereo u=499.0 v=37.0 depth=3.7238 depth2=-1.0000 track=1 sf=10 flag=ok
[T2gate] t=31.8280 tri=41 rej=0 xrej=0 init_replace=3 gate=0
[T2slv] t=31.8280 phase=1 init_cost=106.309 final_cost=98.5534 iters=9 term=1 slv_ms=5.3
[T2diag] t=31.8280 P=[0.0004 -0.0119 0.0001] V=[0.0027 -0.0008 -0.0052] |Bas|=0.332115 |Bgs|=0.0005243 Bas=[-0.073658 -0.323833 0.002577] Bgs=[-0.0003501 0.0003302 0.0002080] tic0=[0.1200 0.0500 -0.0200] tic1=[0.1200 -0.0500 -0.0200] td=0.00000 track=139
[E2uls] flag=1 sh_t=31.856 new_t=31.856 dP=[-0.0007 0.0006 0.0001] |dP|=0.0009 first_dt=-1.0000
time: 31.828000, t: 0.000371 -0.011855 0.000117 q: 0.999863 0.015839 -0.004650 0.001100 
[T2xcross] t=31.9280 id=2797 est=3.8339 svd=0.1259 rel=0.9672 track=2 sf=9
[T2depth] t=31.9280 id=2807 src=motion2 u=320.3 v=136.2 depth=5.0000 depth2=-1.0000 track=2 sf=9 flag=init_neg
[T2depth] t=31.9280 id=2809 src=motion2 u=145.5 v=14.0 depth=0.1193 depth2=-1.0000 track=2 sf=9 flag=ok
[T2depth] t=31.9280 id=2811 src=motion2 u=575.3 v=86.1 depth=5.0000 depth2=-1.0000 track=2 sf=9 flag=init_neg
[T2depth] t=31.9280 id=2814 src=motion2 u=74.1 v=35.0 depth=0.0573 depth2=-1.0000 track=2 sf=9 flag=ok
[T2depth] t=31.9280 id=2815 src=motion2 u=159.7 v=212.4 depth=5.0000 depth2=-1.0000 track=2 sf=9 flag=init_neg
[T2xcross] t=31.9280 id=2816 est=3.7238 svd=0.0358 rel=0.9904 track=2 sf=9
[T2depth] t=31.9280 id=2817 src=motion2 u=322.0 v=210.0 depth=0.0543 depth2=-1.0000 track=2 sf=9 flag=ok
[T2depth] t=31.9280 id=2818 src=motion2 u=2.0 v=183.0 depth=0.0464 depth2=-1.0000 track=2 sf=9 flag=ok
[T2depth] t=31.9280 id=2820 src=stereo u=445.0 v=177.5 depth=3.8906 depth2=-1.0000 track=1 sf=10 flag=ok
[T2depth] t=31.9280 id=2822 src=stereo u=81.0 v=163.8 depth=5.0000 depth2=-1.0000 track=1 sf=10 flag=init_neg
[T2depth] t=31.9280 id=2826 src=stereo u=380.0 v=120.0 depth=4.2156 depth2=-1.0000 track=1 sf=10 flag=ok
[T2depth] t=31.9280 id=2828 src=stereo u=267.0 v=76.0 depth=39.8438 depth2=-1.0000 track=1 sf=10 flag=ok
[T2gate] t=31.9280 tri=41 rej=0 xrej=0 init_replace=4 gate=0
[T2slv] t=31.9280 phase=1 init_cost=103.211 final_cost=98.8236 iters=9 term=1 slv_ms=8.2
[T2diag] t=31.9280 P=[0.0004 -0.0120 -0.0002] V=[0.0043 -0.0019 -0.0022] |Bas|=0.333836 |Bgs|=0.0005308 Bas=[-0.071417 -0.326096 0.002654] Bgs=[-0.0003720 0.0003177 0.0002061] tic0=[0.1200 0.0500 -0.0200] tic1=[0.1200 -0.0500 -0.0200] td=0.00000 track=142
[E2uls] flag=1 sh_t=31.964 new_t=31.964 dP=[0.0004 -0.0001 -0.0001] |dP|=0.0004 first_dt=-1.0000
time: 31.928000, t: 0.000371 -0.012025 -0.000214 q: 0.999861 0.015998 -0.004570 0.001222 
[T2xcross] t=32.0280 id=2820 est=3.8906 svd=0.1278 rel=0.9672 track=2 sf=9
[T2depth] t=32.0280 id=2821 src=motion2 u=26.3 v=85.2 depth=5.0000 depth2=-1.0000 track=2 sf=9 flag=init_neg
[T2depth] t=32.0280 id=2827 src=motion2 u=289.0 v=206.0 depth=5.0000 depth2=-1.0000 track=2 sf=9 flag=init_neg
[T2depth] t=32.0280 id=2829 src=motion2 u=600.0 v=41.0 depth=0.0250 depth2=-1.0000 track=2 sf=9 flag=ok
[T2depth] t=32.0280 id=2830 src=motion2 u=121.0 v=193.0 depth=5.0000 depth2=-1.0000 track=2 sf=9 flag=init_neg
[T2depth] t=32.0280 id=2831 src=stereo u=311.4 v=166.0 depth=42.2053 depth2=-1.0000 track=1 sf=10 flag=ok
[T2depth] t=32.0280 id=2836 src=stereo u=504.0 v=76.0 depth=3.9199 depth2=-1.0000 track=1 sf=10 flag=ok
[T2gate] t=32.0280 tri=35 rej=0 xrej=0 init_replace=3 gate=0
[T2slv] t=32.0280 phase=1 init_cost=113.339 final_cost=105.147 iters=9 term=1 slv_ms=4.3
[T2diag] t=32.0280 P=[0.0006 -0.0119 -0.0002] V=[0.0066 -0.0033 -0.0025] |Bas|=0.334296 |Bgs|=0.0005282 Bas=[-0.071019 -0.326656 0.002557] Bgs=[-0.0003618 0.0003200 0.0002136] tic0=[0.1200 0.0500 -0.0200] tic1=[0.1200 -0.0500 -0.0200] td=0.00000 track=144
[E2uls] flag=1 sh_t=32.060 new_t=32.060 dP=[0.0004 -0.0007 -0.0003] |dP|=0.0009 first_dt=-1.0000
time: 32.028000, t: 0.000617 -0.011868 -0.000214 q: 0.999865 0.015785 -0.004341 0.001029 
[T2xcross] t=32.1280 id=2821 est=5.0000 svd=0.0956 rel=0.9809 track=2 sf=9
[T2xcross] t=32.1280 id=2831 est=42.2053 svd=0.0560 rel=0.9987 track=2 sf=9
[T2depth] t=32.1280 id=2832 src=motion2 u=56.2 v=64.2 depth=0.1748 depth2=-1.0000 track=2 sf=9 flag=ok
[T2depth] t=32.1280 id=2833 src=motion2 u=139.0 v=123.0 depth=0.0135 depth2=-1.0000 track=2 sf=9 flag=ok
[T2depth] t=32.1280 id=2835 src=motion2 u=224.0 v=28.0 depth=0.2603 depth2=-1.0000 track=2 sf=9 flag=ok
[T2depth] t=32.1280 id=2842 src=stereo u=497.0 v=164.0 depth=3.7372 depth2=-1.0000 track=1 sf=10 flag=ok
[T2depth] t=32.1280 id=2844 src=stereo u=197.0 v=148.0 depth=5.0000 depth2=-1.0000 track=1 sf=10 flag=init_neg
[T2gate] t=32.1280 tri=41 rej=0 xrej=0 init_replace=1 gate=0
[T2slv] t=32.1280 phase=1 init_cost=114.442 final_cost=109.826 iters=9 term=1 slv_ms=5.1
[T2diag] t=32.1280 P=[0.0004 -0.0115 -0.0002] V=[0.0061 0.0006 -0.0027] |Bas|=0.335296 |Bgs|=0.0005373 Bas=[-0.070122 -0.327869 0.002894] Bgs=[-0.0003738 0.0003424 0.0001783] tic0=[0.1200 0.0500 -0.0200] tic1=[0.1200 -0.0500 -0.0200] td=0.00000 track=138
[E2uls] flag=1 sh_t=32.156 new_t=32.156 dP=[0.0012 -0.0008 -0.0001] |dP|=0.0014 first_dt=-1.0000
time: 32.128000, t: 0.000420 -0.011450 -0.000223 q: 0.999866 0.015705 -0.004486 0.001058 
[T2xcross] t=32.2280 id=2833 est=0.0135 svd=0.1003 rel=0.8653 track=2 sf=9
[T2depth] t=32.2280 id=87 src=motion2 u=17.1 v=292.5 depth=5.0000 depth2=-1.0000 track=2 sf=9 flag=init_neg
[T2depth] t=32.2280 id=2841 src=motion2 u=371.7 v=132.3 depth=5.0000 depth2=-1.0000 track=2 sf=9 flag=init_neg
[T2xcross] t=32.2280 id=2844 est=5.0000 svd=0.0931 rel=0.9814 track=2 sf=9
[T2depth] t=32.2280 id=2847 src=motion2 u=627.0 v=99.0 depth=0.1795 depth2=-1.0000 track=2 sf=9 flag=ok
[T2depth] t=32.2280 id=2848 src=motion2 u=244.0 v=162.0 depth=5.0000 depth2=-1.0000 track=2 sf=9 flag=init_neg
[T2depth] t=32.2280 id=2849 src=motion2 u=446.0 v=110.0 depth=0.1347 depth2=-1.0000 track=2 sf=9 flag=ok
[T2depth] t=32.2280 id=2852 src=stereo u=125.9 v=158.3 depth=5.0000 depth2=-1.0000 track=1 sf=10 flag=init_neg
[T2depth] t=32.2280 id=2853 src=stereo u=473.4 v=226.4 depth=3.8926 depth2=-1.0000 track=1 sf=10 flag=ok
[T2depth] t=32.2280 id=2856 src=stereo u=501.6 v=217.8 depth=4.6019 depth2=-1.0000 track=1 sf=10 flag=ok
[T2depth] t=32.2280 id=2857 src=stereo u=70.7 v=41.0 depth=17.4512 depth2=-1.0000 track=1 sf=10 flag=ok
[T2depth] t=32.2280 id=2862 src=stereo u=532.0 v=82.0 depth=3.4286 depth2=-1.0000 track=1 sf=10 flag=ok
[T2gate] t=32.2280 tri=56 rej=0 xrej=0 init_replace=4 gate=0
[T2slv] t=32.2280 phase=1 init_cost=106.834 final_cost=96.6688 iters=9 term=1 slv_ms=10.2
[T2diag] t=32.2280 P=[-0.0007 -0.0118 -0.0000] V=[0.0047 0.0009 -0.0031] |Bas|=0.338214 |Bgs|=0.0005436 Bas=[-0.064091 -0.332074 0.002812] Bgs=[-0.0004019 0.0003392 0.0001375] tic0=[0.1200 0.0500 -0.0200] tic1=[0.1200 -0.0500 -0.0200] td=0.00000 track=129
[E2uls] flag=1 sh_t=32.260 new_t=32.260 dP=[0.0022 0.0003 -0.0008] |dP|=0.0023 first_dt=-1.0000
time: 32.228000, t: -0.000728 -0.011771 -0.000033 q: 0.999864 0.015910 -0.004211 0.001052 
[T2depth] t=32.3280 id=11 src=motion2 u=117.0 v=361.0 depth=5.0000 depth2=-1.0000 track=2 sf=9 flag=init_neg
[T2depth] t=32.3280 id=14 src=motion2 u=88.1 v=387.1 depth=5.0000 depth2=-1.0000 track=2 sf=9 flag=init_neg
[T2depth] t=32.3280 id=16 src=motion2 u=50.7 v=412.4 depth=5.0000 depth2=-1.0000 track=2 sf=9 flag=init_neg
[T2depth] t=32.3280 id=30 src=motion2 u=71.1 v=436.4 depth=5.0000 depth2=-1.0000 track=2 sf=9 flag=init_neg
[T2depth] t=32.3280 id=45 src=motion2 u=74.2 v=354.0 depth=5.0000 depth2=-1.0000 track=2 sf=9 flag=init_neg
[T2depth] t=32.3280 id=55 src=motion2 u=144.2 v=313.6 depth=5.0000 depth2=-1.0000 track=2 sf=9 flag=init_neg
[T2depth] t=32.3280 id=66 src=motion2 u=174.2 v=307.5 depth=5.0000 depth2=-1.0000 track=2 sf=9 flag=init_neg
[T2depth] t=32.3280 id=2850 src=motion2 u=543.2 v=209.6 depth=5.0000 depth2=-1.0000 track=2 sf=9 flag=init_neg
[T2depth] t=32.3280 id=2851 src=motion2 u=106.9 v=77.3 depth=5.0000 depth2=-1.0000 track=2 sf=9 flag=init_neg
[T2xcross] t=32.3280 id=2853 est=3.8926 svd=0.1310 rel=0.9663 track=2 sf=9
[T2depth] t=32.3280 id=2855 src=motion2 u=98.2 v=172.3 depth=0.0570 depth2=-1.0000 track=2 sf=9 flag=ok
[T2xcross] t=32.3280 id=2857 est=17.4512 svd=0.1205 rel=0.9931 track=2 sf=9
[T2depth] t=32.3280 id=2859 src=motion2 u=521.0 v=187.0 depth=5.0000 depth2=-1.0000 track=2 sf=9 flag=init_neg
[T2depth] t=32.3280 id=2860 src=motion2 u=170.0 v=207.0 depth=5.0000 depth2=-1.0000 track=2 sf=9 flag=init_neg
[T2depth] t=32.3280 id=2871 src=stereo u=222.5 v=96.0 depth=26.3670 depth2=-1.0000 track=1 sf=10 flag=ok
[T2depth] t=32.3280 id=2875 src=stereo u=362.0 v=109.0 depth=4.2141 depth2=-1.0000 track=1 sf=10 flag=ok
[T2depth] t=32.3280 id=2876 src=stereo u=632.0 v=216.0 depth=1.0353 depth2=-1.0000 track=1 sf=10 flag=ok
[T2gate] t=32.3280 tri=51 rej=0 xrej=0 init_replace=11 gate=0
[T2slv] t=32.3280 phase=1 init_cost=105.187 final_cost=97.4267 iters=9 term=1 slv_ms=6.7
[T2diag] t=32.3280 P=[-0.0009 -0.0120 0.0000] V=[0.0050 -0.0047 -0.0016] |Bas|=0.339102 |Bgs|=0.0005719 Bas=[-0.061743 -0.333427 0.002073] Bgs=[-0.0004187 0.0003653 0.0001353] tic0=[0.1200 0.0500 -0.0200] tic1=[0.1200 -0.0500 -0.0200] td=0.00000 track=140
[E2uls] flag=1 sh_t=32.360 new_t=32.360 dP=[0.0009 0.0002 -0.0010] |dP|=0.0014 first_dt=-1.0000
time: 32.328000, t: -0.000949 -0.011981 0.000026 q: 0.999862 0.016059 -0.003989 0.001141 
[T2xcross] t=32.4280 id=2828 est=39.8438 svd=0.0471 rel=0.9988 track=2 sf=9
[T2depth] t=32.4280 id=2868 src=motion2 u=151.1 v=8.0 depth=0.0539 depth2=-1.0000 track=2 sf=9 flag=ok
[T2depth] t=32.4280 id=2869 src=motion2 u=326.8 v=176.3 depth=0.0266 depth2=-1.0000 track=2 sf=9 flag=ok
[T2depth] t=32.4280 id=2877 src=motion2 u=177.0 v=160.0 depth=5.0000 depth2=-1.0000 track=2 sf=9 flag=init_neg
[T2depth] t=32.4280 id=2886 src=stereo u=534.0 v=33.0 depth=3.3190 depth2=-1.0000 track=1 sf=10 flag=ok
[T2gate] t=32.4280 tri=41 rej=0 xrej=0 init_replace=1 gate=0
[T2slv] t=32.4280 phase=1 init_cost=175.138 final_cost=97.6559 iters=9 term=1 slv_ms=16.4
[T2diag] t=32.4280 P=[-0.0011 -0.0110 -0.0002] V=[0.0014 -0.0032 -0.0073] |Bas|=0.344501 |Bgs|=0.0005933 Bas=[-0.053973 -0.340237 0.002513] Bgs=[-0.0004031 0.0003795 0.0002134] tic0=[0.1200 0.0500 -0.0200] tic1=[0.1200 -0.0500 -0.0200] td=0.00000 track=141
[E2uls] flag=1 sh_t=32.476 new_t=32.476 dP=[0.0006 -0.0013 -0.0002] |dP|=0.0015 first_dt=-1.0000
time: 32.428000, t: -0.001079 -0.010956 -0.000163 q: 0.999856 0.016530 -0.003660 0.001076 
[T2depth] t=32.5280 id=2878 src=motion2 u=229.9 v=183.3 depth=5.0000 depth2=-1.0000 track=2 sf=9 flag=init_neg
[T2depth] t=32.5280 id=2882 src=motion2 u=131.8 v=57.3 depth=0.0428 depth2=-1.0000 track=2 sf=9 flag=ok
[T2depth] t=32.5280 id=2884 src=motion2 u=623.0 v=78.8 depth=0.0670 depth2=-1.0000 track=2 sf=9 flag=ok
[T2depth] t=32.5280 id=2885 src=motion2 u=594.0 v=123.0 depth=5.0000 depth2=-1.0000 track=2 sf=9 flag=init_neg
[T2xcross] t=32.5280 id=2886 est=3.3190 svd=0.1555 rel=0.9531 track=2 sf=9
[T2depth] t=32.5280 id=2892 src=stereo u=484.0 v=173.0 depth=4.5464 depth2=-1.0000 track=1 sf=10 flag=ok
[T2depth] t=32.5280 id=2893 src=stereo u=523.0 v=166.0 depth=4.1885 depth2=-1.0000 track=1 sf=10 flag=ok
[T2gate] t=32.5280 tri=40 rej=0 xrej=0 init_replace=2 gate=0
[T2slv] t=32.5280 phase=1 init_cost=105.139 final_cost=97.7291 iters=9 term=1 slv_ms=10.2
[T2diag] t=32.5280 P=[-0.0020 -0.0107 -0.0002] V=[0.0028 -0.0031 -0.0043] |Bas|=0.347754 |Bgs|=0.0006193 Bas=[-0.052447 -0.343767 0.002490] Bgs=[-0.0004161 0.0003817 0.0002543] tic0=[0.1200 0.0500 -0.0200] tic1=[0.1200 -0.0500 -0.0200] td=0.00000 track=143
[E2uls] flag=1 sh_t=32.572 new_t=32.572 dP=[0.0010 -0.0004 -0.0008] |dP|=0.0014 first_dt=-1.0000
time: 32.528000, t: -0.002050 -0.010723 -0.000246 q: 0.999855 0.016611 -0.003563 0.001151 
[T2depth] t=32.6280 id=2889 src=motion2 u=311.8 v=137.5 depth=0.0244 depth2=-1.0000 track=2 sf=9 flag=ok
[T2depth] t=32.6280 id=2890 src=motion2 u=20.2 v=41.1 depth=5.0000 depth2=-1.0000 track=2 sf=9 flag=init_neg
[T2depth] t=32.6280 id=2891 src=motion2 u=446.0 v=128.0 depth=5.0000 depth2=-1.0000 track=2 sf=9 flag=init_neg
[T2depth] t=32.6280 id=2894 src=motion2 u=402.0 v=34.0 depth=5.0000 depth2=-1.0000 track=2 sf=9 flag=init_neg
[T2depth] t=32.6280 id=2899 src=stereo u=593.3 v=258.0 depth=1.1882 depth2=-1.0000 track=1 sf=10 flag=ok
[T2depth] t=32.6280 id=2902 src=stereo u=242.0 v=27.0 depth=5.0000 depth2=-1.0000 track=1 sf=10 flag=init_neg
[T2gate] t=32.6280 tri=40 rej=0 xrej=0 init_replace=4 gate=0
[T2slv] t=32.6280 phase=1 init_cost=103.634 final_cost=96.658 iters=9 term=1 slv_ms=15.8
[T2diag] t=32.6280 P=[-0.0025 -0.0107 -0.0004] V=[0.0015 -0.0005 -0.0061] |Bas|=0.354093 |Bgs|=0.0006157 Bas=[-0.048048 -0.350807 0.002782] Bgs=[-0.0004065 0.0003848 0.0002564] tic0=[0.1200 0.0500 -0.0200] tic1=[0.1200 -0.0500 -0.0200] td=0.00000 track=140
[E2uls] flag=1 sh_t=32.668 new_t=32.668 dP=[0.0007 -0.0009 -0.0006] |dP|=0.0013 first_dt=-1.0000
time: 32.628000, t: -0.002527 -0.010671 -0.000382 q: 0.999850 0.016933 -0.003456 0.001071 
[T2xcross] t=32.7280 id=1796 est=0.0687 svd=7.5055 rel=0.9908 track=2 sf=9
[T2xcross] t=32.7280 id=2894 est=5.0000 svd=0.0878 rel=0.9824 track=2 sf=9
[T2depth] t=32.7280 id=2895 src=motion2 u=568.0 v=145.7 depth=0.1845 depth2=-1.0000 track=2 sf=9 flag=ok
[T2depth] t=32.7280 id=2896 src=motion2 u=67.7 v=223.5 depth=0.0729 depth2=-1.0000 track=2 sf=9 flag=ok
[T2depth] t=32.7280 id=2897 src=motion2 u=188.8 v=19.3 depth=0.1442 depth2=-1.0000 track=2 sf=9 flag=ok
[T2depth] t=32.7280 id=2901 src=motion2 u=23.0 v=156.0 depth=0.2906 depth2=-1.0000 track=2 sf=9 flag=ok
[T2xcross] t=32.7280 id=2902 est=5.0000 svd=0.1456 rel=0.9709 track=2 sf=9
[T2depth] t=32.7280 id=2903 src=motion2 u=5.0 v=265.0 depth=0.5123 depth2=-1.0000 track=2 sf=9 flag=ok
[T2depth] t=32.7280 id=2904 src=motion2 u=536.0 v=141.0 depth=5.0000 depth2=-1.0000 track=2 sf=9 flag=init_neg
[T2depth] t=32.7280 id=2905 src=motion2 u=62.0 v=53.0 depth=0.0179 depth2=-1.0000 track=2 sf=9 flag=ok
[T2depth] t=32.7280 id=2906 src=stereo u=519.7 v=191.4 depth=3.9837 depth2=-1.0000 track=1 sf=10 flag=ok
[T2depth] t=32.7280 id=2908 src=stereo u=153.9 v=121.0 depth=42.9663 depth2=-1.0000 track=1 sf=10 flag=ok
[T2depth] t=32.7280 id=2911 src=stereo u=593.5 v=202.3 depth=5.0000 depth2=-1.0000 track=1 sf=10 flag=init_neg
[T2gate] t=32.7280 tri=40 rej=0 xrej=0 init_replace=2 gate=0
[T2slv] t=32.7280 phase=1 init_cost=102.918 final_cost=95.4808 iters=9 term=1 slv_ms=13.2
[T2diag] t=32.7280 P=[-0.0030 -0.0114 -0.0006] V=[0.0034 -0.0063 -0.0056] |Bas|=0.358046 |Bgs|=0.0006285 Bas=[-0.049515 -0.354596 0.002630] Bgs=[-0.0004304 0.0003779 0.0002589] tic0=[0.1200 0.0500 -0.0200] tic1=[0.1200 -0.0500 -0.0200] td=0.00000 track=143
[E2uls] flag=1 sh_t=32.768 new_t=32.768 dP=[0.0007 0.0010 -0.0008] |dP|=0.0015 first_dt=-1.0000
time: 32.728000, t: -0.002978 -0.011446 -0.000565 q: 0.999844 0.017241 -0.003539 0.001333 
[T2xcross] t=32.8280 id=2889 est=0.0244 svd=0.1826 rel=0.8662 track=2 sf=9
[T2depth] t=32.8280 id=2909 src=motion2 u=177.3 v=177.9 depth=5.0000 depth2=-1.0000 track=2 sf=9 flag=init_neg
[T2depth] t=32.8280 id=2915 src=stereo u=136.2 v=63.8 depth=5.0000 depth2=-1.0000 track=1 sf=10 flag=init_neg
[T2depth] t=32.8280 id=2916 src=stereo u=142.6 v=184.2 depth=5.0000 depth2=-1.0000 track=1 sf=10 flag=init_neg
[T2depth] t=32.8280 id=2921 src=stereo u=548.0 v=112.0 depth=5.0000 depth2=-1.0000 track=1 sf=10 flag=init_neg
[T2depth] t=32.8280 id=2923 src=stereo u=203.0 v=212.0 depth=5.0000 depth2=-1.0000 track=1 sf=10 flag=init_neg
[T2gate] t=32.8280 tri=38 rej=0 xrej=0 init_replace=5 gate=0
[T2slv] t=32.8280 phase=1 init_cost=104.91 final_cost=96.5553 iters=9 term=1 slv_ms=15.7
[T2diag] t=32.8280 P=[-0.0040 -0.0108 -0.0006] V=[0.0040 -0.0045 -0.0052] |Bas|=0.361781 |Bgs|=0.0006375 Bas=[-0.053274 -0.357826 0.002806] Bgs=[-0.0004190 0.0003667 0.0003103] tic0=[0.1200 0.0500 -0.0200] tic1=[0.1200 -0.0500 -0.0200] td=0.00000 track=141
[E2uls] flag=1 sh_t=32.872 new_t=32.872 dP=[0.0015 -0.0017 -0.0007] |dP|=0.0024 first_dt=-1.0000
time: 32.828000, t: -0.003960 -0.010819 -0.000610 q: 0.999840 0.017423 -0.003772 0.001270 
[T2xcross] t=32.9280 id=2899 est=1.1882 svd=0.2176 rel=0.8169 track=2 sf=9
[T2xcross] t=32.9280 id=2901 est=0.2906 svd=0.0727 rel=0.7498 track=2 sf=9
[T2depth] t=32.9280 id=2917 src=motion2 u=586.9 v=158.4 depth=0.0042 depth2=-1.0000 track=2 sf=9 flag=ok
[T2depth] t=32.9280 id=2918 src=motion2 u=103.4 v=127.2 depth=0.0006 depth2=-1.0000 track=2 sf=9 flag=ok
[T2depth] t=32.9280 id=2925 src=stereo u=297.9 v=134.2 depth=5.0000 depth2=-1.0000 track=1 sf=10 flag=init_neg
[T2depth] t=32.9280 id=2930 src=stereo u=66.6 v=186.2 depth=37.5781 depth2=-1.0000 track=1 sf=10 flag=ok
[T2depth] t=32.9280 id=2934 src=stereo u=265.0 v=143.0 depth=5.0000 depth2=-1.0000 track=1 sf=10 flag=init_neg
[T2depth] t=32.9280 id=2935 src=stereo u=517.0 v=194.0 depth=3.9992 depth2=-1.0000 track=1 sf=10 flag=ok
[T2depth] t=32.9280 id=2936 src=stereo u=381.0 v=37.0 depth=3.8304 depth2=-1.0000 track=1 sf=10 flag=ok
[T2depth] t=32.9280 id=2943 src=stereo u=535.0 v=100.0 depth=4.5068 depth2=-1.0000 track=1 sf=10 flag=ok
[T2gate] t=32.9280 tri=45 rej=0 xrej=0 init_replace=2 gate=0
[T2slv] t=32.9280 phase=1 init_cost=103.932 final_cost=97.308 iters=6 term=0 slv_ms=10.9
[T2diag] t=32.9280 P=[-0.0036 -0.0115 -0.0005] V=[0.0059 -0.0069 -0.0043] |Bas|=0.364843 |Bgs|=0.0006469 Bas=[-0.054945 -0.360672 0.002755] Bgs=[-0.0004085 0.0003612 0.0003480] tic0=[0.1200 0.0500 -0.0200] tic1=[0.1200 -0.0500 -0.0200] td=0.00000 track=135
[E2uls] flag=1 sh_t=32.968 new_t=32.968 dP=[0.0002 0.0002 -0.0009] |dP|=0.0009 first_dt=-1.0000
time: 32.928000, t: -0.003599 -0.011546 -0.000533 q: 0.999836 0.017634 -0.003895 0.001419 
[T2xcross] t=33.0280 id=2904 est=5.0000 svd=0.1019 rel=0.9796 track=2 sf=9
[T2depth] t=33.0280 id=2927 src=motion2 u=98.4 v=46.4 depth=0.2342 depth2=-1.0000 track=2 sf=9 flag=ok
[T2depth] t=33.0280 id=2933 src=motion2 u=546.0 v=22.0 depth=0.1561 depth2=-1.0000 track=2 sf=9 flag=ok
[T2xcross] t=33.0280 id=2934 est=5.0000 svd=0.0279 rel=0.9944 track=2 sf=9
[T2depth] t=33.0280 id=2938 src=motion2 u=283.0 v=49.0 depth=0.0308 depth2=-1.0000 track=2 sf=9 flag=ok
[T2depth] t=33.0280 id=2939 src=motion2 u=627.0 v=29.0 depth=0.0752 depth2=-1.0000 track=2 sf=9 flag=ok
[T2depth] t=33.0280 id=2941 src=motion2 u=276.0 v=15.0 depth=5.0000 depth2=-1.0000 track=2 sf=9 flag=init_neg
[T2depth] t=33.0280 id=2942 src=motion2 u=207.0 v=40.0 depth=0.1999 depth2=-1.0000 track=2 sf=9 flag=ok
[T2depth] t=33.0280 id=2947 src=stereo u=141.1 v=41.7 depth=43.1902 depth2=-1.0000 track=1 sf=10 flag=ok
[T2depth] t=33.0280 id=2950 src=stereo u=130.7 v=218.8 depth=7.1942 depth2=-1.0000 track=1 sf=10 flag=ok
[T2depth] t=33.0280 id=2951 src=stereo u=371.0 v=185.0 depth=3.8537 depth2=-1.0000 track=1 sf=10 flag=ok
[T2depth] t=33.0280 id=2954 src=stereo u=501.0 v=99.0 depth=3.6108 depth2=-1.0000 track=1 sf=10 flag=ok
[T2depth] t=33.0280 id=2957 src=stereo u=142.0 v=84.0 depth=5.0000 depth2=-1.0000 track=1 sf=10 flag=init_neg
[T2gate] t=33.0280 tri=45 rej=0 xrej=0 init_replace=2 gate=0
[T2slv] t=33.0280 phase=1 init_cost=107.804 final_cost=96.8755 iters=9 term=1 slv_ms=13.7
[T2diag] t=33.0280 P=[-0.0033 -0.0108 -0.0008] V=[0.0059 0.0040 -0.0053] |Bas|=0.366191 |Bgs|=0.0006352 Bas=[-0.056691 -0.361764 0.002952] Bgs=[-0.0003877 0.0003545 0.0003570] tic0=[0.1200 0.0500 -0.0200] tic1=[0.1200 -0.0500 -0.0200] td=0.00000 track=139
[E2uls] flag=1 sh_t=33.068 new_t=33.068 dP=[0.0007 -0.0019 -0.0002] |dP|=0.0021 first_dt=-1.0000
time: 33.028000, t: -0.003262 -0.010805 -0.000818 q: 0.999840 0.017368 -0.004075 0.001203 
[T2xcross] t=33.1280 id=2933 est=0.1561 svd=0.0959 rel=0.3856 track=2 sf=9
[T2depth] t=33.1280 id=2944 src=motion2 u=621.2 v=110.3 depth=5.0000 depth2=-1.0000 track=2 sf=9 flag=init_neg
[T2depth] t=33.1280 id=2955 src=motion2 u=605.0 v=221.0 depth=0.0624 depth2=-1.0000 track=2 sf=9 flag=ok
[T2depth] t=33.1280 id=2962 src=stereo u=384.2 v=112.6 depth=3.7942 depth2=-1.0000 track=1 sf=10 flag=ok
[T2depth] t=33.1280 id=2964 src=stereo u=361.9 v=17.6 depth=4.0532 depth2=-1.0000 track=1 sf=10 flag=ok
[T2depth] t=33.1280 id=2970 src=stereo u=486.0 v=131.0 depth=31.6944 depth2=-1.0000 track=1 sf=10 flag=ok
[T2gate] t=33.1280 tri=46 rej=0 xrej=0 init_replace=1 gate=0
[T2slv] t=33.1280 phase=1 init_cost=105.792 final_cost=96.5413 iters=9 term=1 slv_ms=16.6
[T2diag] t=33.1280 P=[-0.0039 -0.0094 -0.0004] V=[0.0076 0.0018 -0.0002] |Bas|=0.365313 |Bgs|=0.0006499 Bas=[-0.059871 -0.360366 0.002249] Bgs=[-0.0004188 0.0003483 0.0003544] tic0=[0.1200 0.0500 -0.0200] tic1=[0.1200 -0.0500 -0.0200] td=0.00000 track=135
[E2uls] flag=1 sh_t=33.176 new_t=33.176 dP=[0.0011 -0.0005 -0.0014] |dP|=0.0018 first_dt=-1.0000
time: 33.128000, t: -0.003943 -0.009409 -0.000406 q: 0.999839 0.017472 -0.003934 0.001075 
[T2xcross] t=33.2280 id=51 est=4.4078 svd=1.0840 rel=0.7541 track=2 sf=9
[T2xcross] t=33.2280 id=2941 est=5.0000 svd=0.0222 rel=0.9956 track=2 sf=9
[T2xcross] t=33.2280 id=2942 est=0.1999 svd=0.1061 rel=0.4691 track=2 sf=9
[T2depth] t=33.2280 id=2963 src=motion2 u=346.9 v=208.5 depth=5.0000 depth2=-1.0000 track=2 sf=9 flag=init_neg
[T2depth] t=33.2280 id=2965 src=motion2 u=333.0 v=142.8 depth=5.0000 depth2=-1.0000 track=2 sf=9 flag=init_neg
[T2depth] t=33.2280 id=2966 src=motion2 u=521.0 v=249.0 depth=5.0000 depth2=-1.0000 track=2 sf=9 flag=init_neg
[T2depth] t=33.2280 id=2971 src=motion2 u=171.0 v=187.0 depth=5.0000 depth2=-1.0000 track=2 sf=9 flag=init_neg
[T2depth] t=33.2280 id=2972 src=motion2 u=41.0 v=140.0 depth=5.0000 depth2=-1.0000 track=2 sf=9 flag=init_neg
[T2depth] t=33.2280 id=2973 src=motion2 u=405.0 v=197.0 depth=0.0984 depth2=-1.0000 track=2 sf=9 flag=ok
[T2depth] t=33.2280 id=2974 src=stereo u=586.7 v=10.2 depth=5.0000 depth2=-1.0000 track=1 sf=10 flag=init_neg
[T2gate] t=33.2280 tri=48 rej=0 xrej=0 init_replace=6 gate=0
[T2slv] t=33.2280 phase=1 init_cost=107.088 final_cost=96.6284 iters=9 term=1 slv_ms=13.0
[T2diag] t=33.2280 P=[-0.0042 -0.0086 0.0000] V=[0.0056 -0.0011 -0.0021] |Bas|=0.367211 |Bgs|=0.0006585 Bas=[-0.061602 -0.361998 0.002569] Bgs=[-0.0004212 0.0003684 0.0003470] tic0=[0.1200 0.0500 -0.0200] tic1=[0.1200 -0.0500 -0.0200] td=0.00000 track=139
[E2uls] flag=1 sh_t=33.264 new_t=33.264 dP=[0.0013 -0.0009 -0.0004] |dP|=0.0016 first_dt=-1.0000
time: 33.228000, t: -0.004236 -0.008556 0.000030 q: 0.999836 0.017653 -0.003977 0.001017 
[T2xcross] t=33.3280 id=2965 est=5.0000 svd=0.2063 rel=0.9587 track=2 sf=9
[T2xcross] t=33.3280 id=2966 est=5.0000 svd=0.1135 rel=0.9773 track=2 sf=9
[T2depth] t=33.3280 id=2975 src=motion2 u=455.0 v=162.7 depth=5.0000 depth2=-1.0000 track=2 sf=9 flag=init_neg
[T2depth] t=33.3280 id=2978 src=motion2 u=122.2 v=209.3 depth=5.0000 depth2=-1.0000 track=2 sf=9 flag=init_neg
[T2depth] t=33.3280 id=2981 src=motion2 u=542.0 v=187.0 depth=5.0000 depth2=-1.0000 track=2 sf=9 flag=init_neg
[T2depth] t=33.3280 id=2984 src=motion2 u=234.0 v=195.0 depth=5.0000 depth2=-1.0000 track=2 sf=9 flag=init_neg
[T2depth] t=33.3280 id=2985 src=motion2 u=509.0 v=175.0 depth=0.2752 depth2=-1.0000 track=2 sf=9 flag=ok
[T2depth] t=33.3280 id=2986 src=motion2 u=559.0 v=250.0 depth=0.0676 depth2=-1.0000 track=2 sf=9 flag=ok
[T2depth] t=33.3280 id=2987 src=motion2 u=37.0 v=102.0 depth=0.0673 depth2=-1.0000 track=2 sf=9 flag=ok
[T2depth] t=33.3280 id=2990 src=stereo u=541.4 v=130.9 depth=21.6711 depth2=-1.0000 track=1 sf=10 flag=ok
[T2depth] t=33.3280 id=2991 src=stereo u=413.1 v=57.4 depth=3.5327 depth2=-1.0000 track=1 sf=10 flag=ok
[T2depth] t=33.3280 id=2996 src=stereo u=492.0 v=97.0 depth=3.9992 depth2=-1.0000 track=1 sf=10 flag=ok
[T2depth] t=33.3280 id=2997 src=stereo u=504.0 v=51.0 depth=3.7785 depth2=-1.0000 track=1 sf=10 flag=ok
[T2gate] t=33.3280 tri=44 rej=0 xrej=0 init_replace=4 gate=0
[T2slv] t=33.3280 phase=1 init_cost=104.293 final_cost=97.5002 iters=9 term=1 slv_ms=17.8
[T2diag] t=33.3280 P=[-0.0037 -0.0081 0.0006] V=[0.0043 -0.0036 -0.0041] |Bas|=0.371350 |Bgs|=0.0006524 Bas=[-0.060900 -0.366312 0.002749] Bgs=[-0.0004103 0.0003746 0.0003421] tic0=[0.1200 0.0500 -0.0200] tic1=[0.1200 -0.0500 -0.0200] td=0.00000 track=141
[E2uls] flag=1 sh_t=33.372 new_t=33.372 dP=[0.0003 -0.0011 -0.0010] |dP|=0.0015 first_dt=-1.0000
time: 33.328000, t: -0.003704 -0.008098 0.000589 q: 0.999832 0.017881 -0.003854 0.000991 
[T2xcross] t=33.4280 id=2984 est=5.0000 svd=0.0221 rel=0.9956 track=2 sf=9
[T2depth] t=33.4280 id=2989 src=motion2 u=137.6 v=146.6 depth=5.0000 depth2=-1.0000 track=2 sf=9 flag=init_neg
[T2depth] t=33.4280 id=2993 src=motion2 u=236.0 v=152.0 depth=5.0000 depth2=-1.0000 track=2 sf=9 flag=init_neg
[T2xcross] t=33.4280 id=2996 est=3.9992 svd=0.0057 rel=0.9986 track=2 sf=9
[T2depth] t=33.4280 id=3002 src=stereo u=572.5 v=105.5 depth=5.0000 depth2=-1.0000 track=1 sf=10 flag=init_neg
[T2depth] t=33.4280 id=3003 src=stereo u=407.5 v=175.0 depth=3.6563 depth2=-1.0000 track=1 sf=10 flag=ok
[T2depth] t=33.4280 id=3006 src=stereo u=82.0 v=112.0 depth=5.0000 depth2=-1.0000 track=1 sf=10 flag=init_neg
[T2gate] t=33.4280 tri=38 rej=0 xrej=0 init_replace=4 gate=0
[T2slv] t=33.4280 phase=1 init_cost=105.116 final_cost=96.8515 iters=9 term=1 slv_ms=17.5
[T2diag] t=33.4280 P=[-0.0052 -0.0094 -0.0002] V=[0.0050 -0.0058 -0.0067] |Bas|=0.374298 |Bgs|=0.0006736 Bas=[-0.066607 -0.368312 0.003025] Bgs=[-0.0004177 0.0004041 0.0003406] tic0=[0.1200 0.0500 -0.0200] tic1=[0.1200 -0.0500 -0.0200] td=0.00000 track=142
[E2uls] flag=1 sh_t=33.476 new_t=33.476 dP=[0.0030 0.0014 0.0001] |dP|=0.0033 first_dt=-1.0000
time: 33.428000, t: -0.005224 -0.009403 -0.000196 q: 0.999826 0.018131 -0.004286 0.001208 
[T2xcross] t=33.5280 id=2993 est=5.0000 svd=0.6712 rel=0.8658 track=2 sf=9
[T2depth] t=33.5280 id=3001 src=motion2 u=603.1 v=39.6 depth=0.2367 depth2=-1.0000 track=2 sf=9 flag=ok
[T2depth] t=33.5280 id=3005 src=motion2 u=300.0 v=197.0 depth=5.0000 depth2=-1.0000 track=2 sf=9 flag=init_neg
[T2depth] t=33.5280 id=3008 src=stereo u=270.9 v=164.6 depth=5.0000 depth2=-1.0000 track=1 sf=10 flag=init_neg
[T2depth] t=33.5280 id=3013 src=stereo u=581.0 v=175.0 depth=34.8235 depth2=-1.0000 track=1 sf=10 flag=ok
[T2depth] t=33.5280 id=3015 src=stereo u=473.0 v=215.0 depth=3.8542 depth2=-1.0000 track=1 sf=10 flag=ok
[T2gate] t=33.5280 tri=37 rej=0 xrej=0 init_replace=2 gate=0
[T2slv] t=33.5280 phase=1 init_cost=105.306 final_cost=97.3224 iters=9 term=1 slv_ms=14.0
[T2diag] t=33.5280 P=[-0.0055 -0.0100 -0.0009] V=[0.0059 -0.0042 -0.0122] |Bas|=0.380589 |Bgs|=0.0006669 Bas=[-0.072911 -0.373519 0.003938] Bgs=[-0.0003911 0.0003670 0.0003965] tic0=[0.1200 0.0500 -0.0200] tic1=[0.1200 -0.0500 -0.0200] td=0.00000 track=143
[E2uls] flag=1 sh_t=33.572 new_t=33.572 dP=[0.0012 0.0001 -0.0001] |dP|=0.0012 first_dt=-1.0000
time: 33.528000, t: -0.005543 -0.010049 -0.000922 q: 0.999818 0.018410 -0.004934 0.001278 
[T2depth] t=33.6280 id=3009 src=motion2 u=356.1 v=109.2 depth=5.0000 depth2=-1.0000 track=2 sf=9 flag=init_neg
[T2depth] t=33.6280 id=3010 src=motion2 u=379.7 v=203.2 depth=5.0000 depth2=-1.0000 track=2 sf=9 flag=init_neg
[T2depth] t=33.6280 id=3011 src=motion2 u=339.4 v=72.3 depth=5.0000 depth2=-1.0000 track=2 sf=9 flag=init_neg
[T2xcross] t=33.6280 id=3013 est=34.8235 svd=0.2687 rel=0.9923 track=2 sf=9
[T2depth] t=33.6280 id=3014 src=motion2 u=58.0 v=34.0 depth=5.0000 depth2=-1.0000 track=2 sf=9 flag=init_neg
[T2depth] t=33.6280 id=3019 src=stereo u=41.0 v=108.0 depth=33.1865 depth2=-1.0000 track=1 sf=10 flag=ok
[T2depth] t=33.6280 id=3021 src=stereo u=505.0 v=171.0 depth=4.0383 depth2=-1.0000 track=1 sf=10 flag=ok
[T2gate] t=33.6280 tri=34 rej=0 xrej=0 init_replace=4 gate=0
[T2slv] t=33.6280 phase=1 init_cost=105.861 final_cost=96.1775 iters=8 term=0 slv_ms=17.2
[T2diag] t=33.6280 P=[-0.0047 -0.0074 -0.0000] V=[0.0118 0.0053 -0.0045] |Bas|=0.382988 |Bgs|=0.0006640 Bas=[-0.075164 -0.375527 0.003014] Bgs=[-0.0003779 0.0003190 0.0004430] tic0=[0.1200 0.0500 -0.0200] tic1=[0.1200 -0.0500 -0.0200] td=0.00000 track=145
[E2uls] flag=1 sh_t=33.672 new_t=33.672 dP=[-0.0003 -0.0036 -0.0031] |dP|=0.0047 first_dt=-1.0000
time: 33.628000, t: -0.004696 -0.007437 -0.000042 q: 0.999818 0.018457 -0.004698 0.001026 
[T2xcross] t=33.7280 id=2758 est=3.2450 svd=5.2031 rel=0.3763 track=2 sf=9
[T2xcross] t=33.7280 id=2891 est=5.0000 svd=19.9487 rel=0.7494 track=2 sf=9
[T2depth] t=33.7280 id=3020 src=motion2 u=100.0 v=94.0 depth=0.1934 depth2=-1.0000 track=2 sf=9 flag=ok
[T2depth] t=33.7280 id=3022 src=motion2 u=180.0 v=172.0 depth=0.1879 depth2=-1.0000 track=2 sf=9 flag=ok
[T2depth] t=33.7280 id=3023 src=stereo u=448.0 v=68.3 depth=3.8956 depth2=-1.0000 track=1 sf=10 flag=ok
[T2depth] t=33.7280 id=3026 src=stereo u=426.9 v=179.3 depth=3.6996 depth2=-1.0000 track=1 sf=10 flag=ok
[T2depth] t=33.7280 id=3035 src=stereo u=524.0 v=13.0 depth=4.2007 depth2=-1.0000 track=1 sf=10 flag=ok
[T2gate] t=33.7280 tri=40 rej=0 xrej=0 init_replace=0 gate=0
[T2slv] t=33.7280 phase=1 init_cost=101.761 final_cost=93.8312 iters=9 term=1 slv_ms=15.0
[T2diag] t=33.7280 P=[-0.0054 -0.0087 -0.0005] V=[0.0126 0.0042 -0.0063] |Bas|=0.384001 |Bgs|=0.0006533 Bas=[-0.079766 -0.375610 0.003351] Bgs=[-0.0003946 0.0003255 0.0004064] tic0=[0.1200 0.0500 -0.0200] tic1=[0.1200 -0.0500 -0.0200] td=0.00000 track=138
[E2uls] flag=1 sh_t=33.768 new_t=33.768 dP=[0.0030 0.0021 -0.0000] |dP|=0.0036 first_dt=-1.0000
time: 33.728000, t: -0.005433 -0.008661 -0.000540 q: 0.999816 0.018457 -0.005102 0.001144 
[T2xcross] t=33.8280 id=3019 est=33.1865 svd=0.3807 rel=0.9885 track=2 sf=9
[T2depth] t=33.8280 id=3025 src=motion2 u=87.5 v=132.8 depth=0.2849 depth2=-1.0000 track=2 sf=9 flag=ok
[T2xcross] t=33.8280 id=3026 est=3.6996 svd=0.8463 rel=0.7713 track=2 sf=9
[T2depth] t=33.8280 id=3032 src=motion2 u=225.0 v=58.0 depth=5.0000 depth2=-1.0000 track=2 sf=9 flag=init_neg
[T2depth] t=33.8280 id=3036 src=motion2 u=307.0 v=103.0 depth=5.0000 depth2=-1.0000 track=2 sf=9 flag=init_neg
[T2depth] t=33.8280 id=3043 src=stereo u=368.9 v=152.8 depth=4.1143 depth2=-1.0000 track=1 sf=10 flag=ok
[T2depth] t=33.8280 id=3046 src=stereo u=502.0 v=73.0 depth=3.4329 depth2=-1.0000 track=1 sf=10 flag=ok
[T2depth] t=33.8280 id=3051 src=stereo u=505.0 v=195.0 depth=4.5422 depth2=-1.0000 track=1 sf=10 flag=ok
[T2gate] t=33.8280 tri=47 rej=0 xrej=0 init_replace=2 gate=0
[T2slv] t=33.8280 phase=1 init_cost=151.888 final_cost=95.3615 iters=9 term=1 slv_ms=15.5
[T2diag] t=33.8280 P=[-0.0050 -0.0061 -0.0003] V=[0.0163 0.0073 -0.0036] |Bas|=0.385272 |Bgs|=0.0006365 Bas=[-0.084738 -0.375825 0.003124] Bgs=[-0.0003678 0.0003186 0.0004102] tic0=[0.1200 0.0500 -0.0200] tic1=[0.1200 -0.0500 -0.0200] td=0.00000 track=137
[E2uls] flag=1 sh_t=33.876 new_t=33.876 dP=[0.0013 -0.0027 -0.0014] |dP|=0.0033 first_dt=-1.0000
time: 33.828000, t: -0.004987 -0.006089 -0.000292 q: 0.999815 0.018484 -0.005243 0.000845 
[T2depth] t=33.9320 id=3038 src=motion2 u=53.1 v=167.3 depth=0.0702 depth2=-1.0000 track=2 sf=9 flag=ok
[T2depth] t=33.9320 id=3040 src=motion2 u=18.4 v=3.0 depth=5.0000 depth2=-1.0000 track=2 sf=9 flag=init_neg
[T2depth] t=33.9320 id=3041 src=motion2 u=200.1 v=126.0 depth=0.2129 depth2=-1.0000 track=2 sf=9 flag=ok
[T2depth] t=33.9320 id=3047 src=motion2 u=254.0 v=186.0 depth=0.1963 depth2=-1.0000 track=2 sf=9 flag=ok
[T2depth] t=33.9320 id=3049 src=motion2 u=138.0 v=49.0 depth=0.9850 depth2=-1.0000 track=2 sf=9 flag=ok
[T2depth] t=33.9320 id=3050 src=motion2 u=587.0 v=105.0 depth=0.3533 depth2=-1.0000 track=2 sf=9 flag=ok
[T2depth] t=33.9320 id=3052 src=motion2 u=388.0 v=198.0 depth=5.0000 depth2=-1.0000 track=2 sf=9 flag=init_neg
[T2depth] t=33.9320 id=3053 src=stereo u=492.4 v=121.2 depth=3.4130 depth2=-1.0000 track=1 sf=10 flag=ok
[T2depth] t=33.9320 id=3055 src=stereo u=257.6 v=138.3 depth=29.5581 depth2=-1.0000 track=1 sf=10 flag=ok
[T2depth] t=33.9320 id=3059 src=stereo u=533.9 v=67.8 depth=3.4250 depth2=-1.0000 track=1 sf=10 flag=ok
[T2depth] t=33.9320 id=3061 src=stereo u=571.0 v=48.0 depth=5.0000 depth2=-1.0000 track=1 sf=10 flag=init_neg
[T2gate] t=33.9320 tri=42 rej=0 xrej=0 init_replace=3 gate=0
[T2slv] t=33.9320 phase=1 init_cost=103.881 final_cost=95.7807 iters=9 term=1 slv_ms=15.8
[T2diag] t=33.9320 P=[-0.0052 -0.0063 -0.0003] V=[0.0160 0.0037 -0.0035] |Bas|=0.385408 |Bgs|=0.0006152 Bas=[-0.089116 -0.374953 0.002902] Bgs=[-0.0003714 0.0003489 0.0003446] tic0=[0.1200 0.0500 -0.0200] tic1=[0.1200 -0.0500 -0.0200] td=0.00000 track=143
[E2uls] flag=1 sh_t=33.976 new_t=33.976 dP=[0.0031 0.0016 -0.0009] |dP|=0.0036 first_dt=-1.0000
time: 33.932000, t: -0.005246 -0.006327 -0.000336 q: 0.999815 0.018457 -0.005406 0.000911 
[T2xcross] t=34.0640 id=3053 est=3.4130 svd=0.1232 rel=0.9639 track=2 sf=9
[T2xcross] t=34.0640 id=3055 est=29.5581 svd=2.1915 rel=0.9259 track=2 sf=9
[T2depth] t=34.0640 id=3062 src=motion2 u=596.0 v=160.0 depth=0.4443 depth2=-1.0000 track=2 sf=9 flag=ok
[T2depth] t=34.0640 id=3063 src=motion2 u=220.0 v=24.0 depth=0.3986 depth2=-1.0000 track=2 sf=9 flag=ok
[T2depth] t=34.0640 id=3070 src=stereo u=428.0 v=182.0 depth=4.2856 depth2=-1.0000 track=1 sf=10 flag=ok
[T2depth] t=34.0640 id=3073 src=stereo u=368.0 v=115.0 depth=3.6398 depth2=-1.0000 track=1 sf=10 flag=ok
[T2gate] t=34.0640 tri=39 rej=0 xrej=0 init_replace=0 gate=0
[T2slv] t=34.0640 phase=1 init_cost=104.86 final_cost=94.8512 iters=9 term=1 slv_ms=14.0
[T2diag] t=34.0640 P=[-0.0049 -0.0080 -0.0004] V=[0.0123 -0.0005 -0.0058] |Bas|=0.381786 |Bgs|=0.0006484 Bas=[-0.090201 -0.370970 0.002348] Bgs=[-0.0003965 0.0003873 0.0003365] tic0=[0.1200 0.0500 -0.0200] tic1=[0.1200 -0.0500 -0.0200] td=0.00000 track=139
[E2uls] flag=1 sh_t=34.100 new_t=34.100 dP=[0.0030 0.0030 -0.0012] |dP|=0.0044 first_dt=-1.0000
time: 34.064000, t: -0.004897 -0.008033 -0.000385 q: 0.999815 0.018387 -0.005462 0.001173 
[T2xcross] t=34.1680 id=3023 est=3.8956 svd=1.8186 rel=0.5332 track=2 sf=9
[T2xcross] t=34.1680 id=3063 est=0.3986 svd=0.1427 rel=0.6419 track=2 sf=9
[T2depth] t=34.1680 id=3065 src=motion2 u=11.4 v=169.7 depth=2.8179 depth2=-1.0000 track=2 sf=9 flag=ok
[T2depth] t=34.1680 id=3067 src=motion2 u=228.0 v=119.0 depth=5.0000 depth2=-1.0000 track=2 sf=9 flag=init_neg
[T2depth] t=34.1680 id=3068 src=motion2 u=328.0 v=204.0 depth=0.1803 depth2=-1.0000 track=2 sf=9 flag=ok
[T2depth] t=34.1680 id=3071 src=motion2 u=185.0 v=154.0 depth=5.0000 depth2=-1.0000 track=2 sf=9 flag=init_neg
[T2depth] t=34.1680 id=3072 src=motion2 u=566.0 v=16.0 depth=5.0000 depth2=-1.0000 track=2 sf=9 flag=init_neg
[T2depth] t=34.1680 id=3076 src=stereo u=141.2 v=92.5 depth=29.0903 depth2=-1.0000 track=1 sf=10 flag=ok
[T2depth] t=34.1680 id=3077 src=stereo u=520.3 v=174.8 depth=3.8607 depth2=-1.0000 track=1 sf=10 flag=ok
[T2depth] t=34.1680 id=3079 src=stereo u=513.2 v=10.6 depth=3.6324 depth2=-1.0000 track=1 sf=10 flag=ok
[T2depth] t=34.1680 id=3080 src=stereo u=385.6 v=33.6 depth=3.6442 depth2=-1.0000 track=1 sf=10 flag=ok
[T2depth] t=34.1680 id=3082 src=stereo u=283.0 v=80.0 depth=5.0000 depth2=-1.0000 track=1 sf=10 flag=init_neg
[T2depth] t=34.1680 id=3084 src=stereo u=55.0 v=53.0 depth=5.0000 depth2=-1.0000 track=1 sf=10 flag=init_neg
[T2depth] t=34.1680 id=3086 src=stereo u=552.0 v=197.0 depth=5.0000 depth2=-1.0000 track=1 sf=10 flag=init_neg
[T2gate] t=34.1680 tri=45 rej=0 xrej=0 init_replace=6 gate=0
[T2slv] t=34.1680 phase=1 init_cost=101.969 final_cost=94.9453 iters=4 term=0 slv_ms=8.4
[T2diag] t=34.1680 P=[-0.0050 -0.0065 -0.0004] V=[0.0122 0.0059 -0.0085] |Bas|=0.382096 |Bgs|=0.0006534 Bas=[-0.089709 -0.371404 0.002865] Bgs=[-0.0003769 0.0003886 0.0003659] tic0=[0.1200 0.0500 -0.0200] tic1=[0.1200 -0.0500 -0.0200] td=0.00000 track=139
[E2uls] flag=1 sh_t=34.208 new_t=34.208 dP=[0.0020 -0.0019 -0.0005] |dP|=0.0028 first_dt=-1.0000
time: 34.168000, t: -0.004979 -0.006523 -0.000432 q: 0.999818 0.018233 -0.005570 0.000906 
[T2xcross] t=34.2640 id=3059 est=3.4250 svd=0.8584 rel=0.7494 track=2 sf=9
[T2xcross] t=34.2640 id=3067 est=5.0000 svd=0.2107 rel=0.9579 track=2 sf=9
[T2depth] t=34.2640 id=3075 src=motion2 u=145.1 v=143.5 depth=0.0273 depth2=-1.0000 track=2 sf=9 flag=ok
[T2xcross] t=34.2640 id=3079 est=3.6324 svd=0.1548 rel=0.9574 track=2 sf=9
[T2xcross] t=34.2640 id=3082 est=5.0000 svd=0.4162 rel=0.9168 track=2 sf=9
[T2xcross] t=34.2640 id=3086 est=5.0000 svd=0.6232 rel=0.8754 track=2 sf=9
[T2depth] t=34.2640 id=3087 src=stereo u=119.7 v=36.8 depth=5.0000 depth2=-1.0000 track=1 sf=10 flag=init_neg
[T2depth] t=34.2640 id=3090 src=stereo u=93.9 v=21.6 depth=22.1574 depth2=-1.0000 track=1 sf=10 flag=ok
[T2depth] t=34.2640 id=3091 src=stereo u=477.0 v=85.0 depth=3.7290 depth2=-1.0000 track=1 sf=10 flag=ok
[T2depth] t=34.2640 id=3093 src=stereo u=157.0 v=65.0 depth=46.0612 depth2=-1.0000 track=1 sf=10 flag=ok
[T2depth] t=34.2640 id=3094 src=stereo u=611.0 v=98.0 depth=5.0000 depth2=-1.0000 track=1 sf=10 flag=init_neg
[T2depth] t=34.2640 id=3095 src=stereo u=391.0 v=181.0 depth=4.6296 depth2=-1.0000 track=1 sf=10 flag=ok
[T2gate] t=34.2640 tri=37 rej=0 xrej=0 init_replace=2 gate=0
[T2slv] t=34.2640 phase=1 init_cost=134.313 final_cost=96.7106 iters=5 term=0 slv_ms=9.1
[T2diag] t=34.2640 P=[-0.0048 -0.0045 -0.0001] V=[0.0133 0.0025 -0.0086] |Bas|=0.383364 |Bgs|=0.0006467 Bas=[-0.090865 -0.372429 0.002856] Bgs=[-0.0003772 0.0003748 0.0003680] tic0=[0.1200 0.0500 -0.0200] tic1=[0.1200 -0.0500 -0.0200] td=0.00000 track=142
[E2uls] flag=1 sh_t=34.300 new_t=34.300 dP=[0.0012 -0.0014 -0.0014] |dP|=0.0023 first_dt=-1.0000
time: 34.264000, t: -0.004759 -0.004521 -0.000097 q: 0.999815 0.018426 -0.005527 0.000823 
[T2xcross] t=34.3640 id=3093 est=46.0612 svd=0.1946 rel=0.9958 track=2 sf=9
[T2depth] t=34.3640 id=3096 src=motion2 u=49.0 v=139.0 depth=5.0000 depth2=-1.0000 track=2 sf=9 flag=init_neg
[T2depth] t=34.3640 id=3097 src=stereo u=242.3 v=29.7 depth=5.0000 depth2=-1.0000 track=1 sf=10 flag=init_neg
[T2depth] t=34.3640 id=3100 src=stereo u=42.4 v=49.1 depth=29.1522 depth2=-1.0000 track=1 sf=10 flag=ok
[T2depth] t=34.3640 id=3105 src=stereo u=83.0 v=107.0 depth=5.0000 depth2=-1.0000 track=1 sf=10 flag=init_neg
[T2depth] t=34.3640 id=3106 src=stereo u=18.0 v=11.0 depth=5.0000 depth2=-1.0000 track=1 sf=10 flag=init_neg
[T2gate] t=34.3640 tri=37 rej=0 xrej=0 init_replace=4 gate=0
[T2slv] t=34.3640 phase=1 init_cost=103.788 final_cost=96.893 iters=9 term=1 slv_ms=13.1
[T2diag] t=34.3640 P=[-0.0056 -0.0046 -0.0005] V=[0.0085 0.0054 -0.0061] |Bas|=0.386282 |Bgs|=0.0006335 Bas=[-0.095728 -0.374219 0.003199] Bgs=[-0.0003699 0.0003711 0.0003561] tic0=[0.1200 0.0500 -0.0200] tic1=[0.1200 -0.0500 -0.0200] td=0.00000 track=140
[E2uls] flag=1 sh_t=34.404 new_t=34.404 dP=[0.0025 0.0000 -0.0004] |dP|=0.0025 first_dt=-1.0000
time: 34.364000, t: -0.005572 -0.004557 -0.000485 q: 0.999812 0.018437 -0.005869 0.000877 
[T2xcross] t=34.4680 id=3097 est=5.0000 svd=0.0494 rel=0.9901 track=2 sf=9
[T2depth] t=34.4680 id=3102 src=motion2 u=621.7 v=57.0 depth=0.2993 depth2=-1.0000 track=2 sf=9 flag=ok
[T2depth] t=34.4680 id=3103 src=motion2 u=53.0 v=10.0 depth=0.1473 depth2=-1.0000 track=2 sf=9 flag=ok
[T2xcross] t=34.4680 id=3106 est=5.0000 svd=0.1265 rel=0.9747 track=2 sf=9
[T2depth] t=34.4680 id=3107 src=motion2 u=551.0 v=136.0 depth=5.0000 depth2=-1.0000 track=2 sf=9 flag=init_neg
[T2depth] t=34.4680 id=3109 src=stereo u=203.0 v=21.3 depth=30.7358 depth2=-1.0000 track=1 sf=10 flag=ok
[T2depth] t=34.4680 id=3114 src=stereo u=129.0 v=140.0 depth=5.0000 depth2=-1.0000 track=1 sf=10 flag=init_neg
[T2depth] t=34.4680 id=3115 src=stereo u=230.0 v=170.0 depth=5.0000 depth2=-1.0000 track=1 sf=10 flag=init_neg
[T2depth] t=34.4680 id=3117 src=stereo u=29.0 v=60.0 depth=34.6274 depth2=-1.0000 track=1 sf=10 flag=ok
[T2depth] t=34.4680 id=3118 src=stereo u=406.0 v=32.0 depth=3.8380 depth2=-1.0000 track=1 sf=10 flag=ok
[T2depth] t=34.4680 id=3119 src=stereo u=474.0 v=209.0 depth=4.5183 depth2=-1.0000 track=1 sf=10 flag=ok
[T2gate] t=34.4680 tri=41 rej=0 xrej=0 init_replace=3 gate=0
[T2slv] t=34.4680 phase=1 init_cost=108.713 final_cost=99.0467 iters=9 term=1 slv_ms=13.9
[T2diag] t=34.4680 P=[-0.0063 -0.0063 0.0001] V=[0.0093 -0.0111 -0.0032] |Bas|=0.389736 |Bgs|=0.0006694 Bas=[-0.098663 -0.377028 0.003020] Bgs=[-0.0003948 0.0003723 0.0003920] tic0=[0.1200 0.0500 -0.0200] tic1=[0.1200 -0.0500 -0.0200] td=0.00000 track=140
[E2uls] flag=1 sh_t=34.516 new_t=34.516 dP=[0.0022 0.0031 -0.0016] |dP|=0.0041 first_dt=-1.0000
time: 34.468000, t: -0.006332 -0.006264 0.000090 q: 0.999805 0.018785 -0.005964 0.001077 
[T2xcross] t=34.5640 id=3096 est=5.0000 svd=0.1276 rel=0.9745 track=2 sf=9
[T2depth] t=34.5640 id=3108 src=motion2 u=130.0 v=179.1 depth=0.2195 depth2=-1.0000 track=2 sf=9 flag=ok
[T2xcross] t=34.5640 id=3109 est=30.7358 svd=0.1330 rel=0.9957 track=2 sf=9
[T2depth] t=34.5640 id=3110 src=motion2 u=369.0 v=73.1 depth=5.0000 depth2=-1.0000 track=2 sf=9 flag=init_neg
[T2xcross] t=34.5640 id=3115 est=5.0000 svd=0.3326 rel=0.9335 track=2 sf=9
[T2xcross] t=34.5640 id=3117 est=34.6274 svd=0.4572 rel=0.9868 track=2 sf=9
[T2depth] t=34.5640 id=3127 src=stereo u=182.0 v=157.0 depth=25.2203 depth2=-1.0000 track=1 sf=10 flag=ok
[T2gate] t=34.5640 tri=39 rej=0 xrej=0 init_replace=1 gate=0
[T2slv] t=34.5640 phase=1 init_cost=107.672 final_cost=97.3698 iters=9 term=1 slv_ms=15.4
[T2diag] t=34.5640 P=[-0.0068 -0.0059 0.0002] V=[0.0101 -0.0001 0.0040] |Bas|=0.388967 |Bgs|=0.0007005 Bas=[-0.102448 -0.375224 0.002525] Bgs=[-0.0003716 0.0004146 0.0004252] tic0=[0.1200 0.0500 -0.0200] tic1=[0.1200 -0.0500 -0.0200] td=0.00000 track=140
[E2uls] flag=1 sh_t=34.604 new_t=34.604 dP=[0.0021 -0.0021 -0.0006] |dP|=0.0030 first_dt=-1.0000
time: 34.564000, t: -0.006785 -0.005950 0.000197 q: 0.999809 0.018592 -0.006003 0.000954 
[T2depth] t=34.6640 id=3121 src=motion2 u=311.0 v=141.3 depth=5.0000 depth2=-1.0000 track=2 sf=9 flag=init_neg
[T2depth] t=34.6640 id=3122 src=motion2 u=518.1 v=78.1 depth=5.0000 depth2=-1.0000 track=2 sf=9 flag=init_neg
[T2depth] t=34.6640 id=3124 src=motion2 u=381.0 v=181.0 depth=5.0000 depth2=-1.0000 track=2 sf=9 flag=init_neg
[T2depth] t=34.6640 id=3125 src=motion2 u=282.0 v=33.0 depth=0.0153 depth2=-1.0000 track=2 sf=9 flag=ok
[T2depth] t=34.6640 id=3126 src=motion2 u=500.0 v=44.0 depth=5.0000 depth2=-1.0000 track=2 sf=9 flag=init_neg
[T2xcross] t=34.6640 id=3127 est=25.2203 svd=0.1008 rel=0.9960 track=2 sf=9
[T2depth] t=34.6640 id=3128 src=motion2 u=82.0 v=27.0 depth=0.2955 depth2=-1.0000 track=2 sf=9 flag=ok
[T2depth] t=34.6640 id=3129 src=motion2 u=213.0 v=201.0 depth=0.0857 depth2=-1.0000 track=2 sf=9 flag=ok
[T2depth] t=34.6640 id=3130 src=motion2 u=198.0 v=75.0 depth=5.0000 depth2=-1.0000 track=2 sf=9 flag=init_neg
[T2depth] t=34.6640 id=3136 src=stereo u=477.0 v=199.0 depth=4.1468 depth2=-1.0000 track=1 sf=10 flag=ok
[T2gate] t=34.6640 tri=39 rej=0 xrej=0 init_replace=5 gate=0
[T2slv] t=34.6640 phase=1 init_cost=106.67 final_cost=97.8041 iters=9 term=1 slv_ms=17.0
[T2diag] t=34.6640 P=[-0.0071 -0.0046 -0.0008] V=[0.0064 0.0129 -0.0055] |Bas|=0.391879 |Bgs|=0.0006660 Bas=[-0.109165 -0.376347 0.003892] Bgs=[-0.0003322 0.0004180 0.0003981] tic0=[0.1200 0.0500 -0.0200] tic1=[0.1200 -0.0500 -0.0200] td=0.00000 track=145
[E2uls] flag=1 sh_t=34.704 new_t=34.704 dP=[0.0023 -0.0021 0.0021] |dP|=0.0038 first_dt=-1.0000
time: 34.664000, t: -0.007137 -0.004644 -0.000802 q: 0.999804 0.018630 -0.006672 0.000822 
[T2xcross] t=34.7640 id=3125 est=0.0153 svd=0.1524 rel=0.8996 track=2 sf=9
[T2depth] t=34.7640 id=3131 src=motion2 u=445.0 v=169.8 depth=10.4778 depth2=-1.0000 track=2 sf=9 flag=ok
[T2depth] t=34.7640 id=3132 src=motion2 u=542.6 v=196.0 depth=5.0000 depth2=-1.0000 track=2 sf=9 flag=init_neg
[T2depth] t=34.7640 id=3134 src=motion2 u=631.0 v=121.0 depth=1.2979 depth2=-1.0000 track=2 sf=9 flag=ok
[T2depth] t=34.7640 id=3135 src=motion2 u=44.0 v=170.0 depth=5.0000 depth2=-1.0000 track=2 sf=9 flag=init_neg
[T2xcross] t=34.7640 id=3136 est=4.1468 svd=0.0793 rel=0.9809 track=2 sf=9
[T2depth] t=34.7640 id=3139 src=stereo u=180.0 v=144.0 depth=42.5081 depth2=-1.0000 track=1 sf=10 flag=ok
[T2gate] t=34.7640 tri=32 rej=0 xrej=0 init_replace=2 gate=0
[T2slv] t=34.7640 phase=1 init_cost=105.198 final_cost=97.0569 iters=9 term=1 slv_ms=16.0
[T2diag] t=34.7640 P=[-0.0071 -0.0044 -0.0007] V=[0.0095 0.0010 -0.0008] |Bas|=0.394713 |Bgs|=0.0006339 Bas=[-0.114385 -0.377756 0.003810] Bgs=[-0.0003431 0.0003800 0.0003738] tic0=[0.1200 0.0500 -0.0200] tic1=[0.1200 -0.0500 -0.0200] td=0.00000 track=147
[E2uls] flag=1 sh_t=34.804 new_t=34.804 dP=[0.0005 0.0019 -0.0008] |dP|=0.0021 first_dt=-1.0000
time: 34.764000, t: -0.007076 -0.004438 -0.000677 q: 0.999799 0.018816 -0.006891 0.000894 
[T2depth] t=34.8680 id=3138 src=motion2 u=316.7 v=60.6 depth=5.0000 depth2=-1.0000 track=2 sf=9 flag=init_neg
[T2depth] t=34.8680 id=3140 src=motion2 u=244.0 v=141.0 depth=0.0773 depth2=-1.0000 track=2 sf=9 flag=ok
[T2depth] t=34.8680 id=3141 src=stereo u=311.8 v=181.2 depth=18.8121 depth2=-1.0000 track=1 sf=10 flag=ok
[T2depth] t=34.8680 id=3150 src=stereo u=552.0 v=104.0 depth=32.7617 depth2=-1.0000 track=1 sf=10 flag=ok
[T2depth] t=34.8680 id=3151 src=stereo u=414.0 v=138.0 depth=40.5580 depth2=-1.0000 track=1 sf=10 flag=ok
[T2gate] t=34.8680 tri=37 rej=0 xrej=0 init_replace=1 gate=0
[T2slv] t=34.8680 phase=1 init_cost=105.256 final_cost=96.223 iters=4 term=0 slv_ms=8.5
[T2diag] t=34.8680 P=[-0.0074 -0.0041 -0.0003] V=[0.0099 0.0062 0.0006] |Bas|=0.395286 |Bgs|=0.0006253 Bas=[-0.114436 -0.378344 0.003418] Bgs=[-0.0003370 0.0003802 0.0003646] tic0=[0.1200 0.0500 -0.0200] tic1=[0.1200 -0.0500 -0.0200] td=0.00000 track=140
[E2uls] flag=1 sh_t=34.904 new_t=34.904 dP=[0.0014 -0.0001 -0.0009] |dP|=0.0016 first_dt=-1.0000
time: 34.868000, t: -0.007398 -0.004140 -0.000301 q: 0.999802 0.018667 -0.006822 0.000818 
[T2xcross] t=34.9680 id=3121 est=5.0000 svd=0.0988 rel=0.9802 track=2 sf=9
[T2xcross] t=34.9680 id=3141 est=18.8121 svd=0.0977 rel=0.9948 track=2 sf=9
[T2depth] t=34.9680 id=3144 src=motion2 u=195.0 v=478.0 depth=5.0000 depth2=-1.0000 track=2 sf=9 flag=init_neg
[T2depth] t=34.9680 id=3145 src=motion2 u=32.9 v=59.8 depth=5.0000 depth2=-1.0000 track=2 sf=9 flag=init_neg
[T2depth] t=34.9680 id=3146 src=motion2 u=42.0 v=151.0 depth=0.0162 depth2=-1.0000 track=2 sf=9 flag=ok
[T2depth] t=34.9680 id=3148 src=motion2 u=541.0 v=187.0 depth=5.0000 depth2=-1.0000 track=2 sf=9 flag=init_neg
[T2depth] t=34.9680 id=3152 src=motion2 u=36.0 v=213.0 depth=0.0969 depth2=-1.0000 track=2 sf=9 flag=ok
[T2gate] t=34.9680 tri=37 rej=0 xrej=0 init_replace=3 gate=0
[T2slv] t=34.9680 phase=1 init_cost=105.149 final_cost=97.7855 iters=5 term=0 slv_ms=11.2
[T2diag] t=34.9680 P=[-0.0083 -0.0043 -0.0006] V=[0.0037 0.0022 -0.0023] |Bas|=0.395909 |Bgs|=0.0006368 Bas=[-0.113961 -0.379136 0.003553] Bgs=[-0.0003634 0.0003904 0.0003480] tic0=[0.1200 0.0500 -0.0200] tic1=[0.1200 -0.0500 -0.0200] td=0.00000 track=145
[E2uls] flag=1 sh_t=35.004 new_t=35.004 dP=[0.0023 0.0013 0.0002] |dP|=0.0026 first_dt=-1.0000
time: 34.968000, t: -0.008270 -0.004328 -0.000550 q: 0.999800 0.018782 -0.006856 0.001002 
[T2xcross] t=35.0640 id=3150 est=32.7617 svd=0.0056 rel=0.9998 track=2 sf=9
[T2depth] t=35.0640 id=3156 src=motion2 u=120.0 v=23.0 depth=0.0303 depth2=-1.0000 track=2 sf=9 flag=ok
[T2depth] t=35.0640 id=3157 src=motion2 u=557.0 v=45.0 depth=0.4685 depth2=-1.0000 track=2 sf=9 flag=ok
[T2depth] t=35.0640 id=3158 src=motion2 u=205.0 v=100.0 depth=0.0544 depth2=-1.0000 track=2 sf=9 flag=ok
[T2depth] t=35.0640 id=3160 src=stereo u=526.2 v=131.8 depth=5.0000 depth2=-1.0000 track=1 sf=10 flag=init_neg
[T2depth] t=35.0640 id=3161 src=stereo u=422.4 v=106.7 depth=3.4258 depth2=-1.0000 track=1 sf=10 flag=ok
[T2depth] t=35.0640 id=3169 src=stereo u=507.0 v=175.0 depth=4.1632 depth2=-1.0000 track=1 sf=10 flag=ok
[T2depth] t=35.0640 id=3170 src=stereo u=377.0 v=37.0 depth=3.8026 depth2=-1.0000 track=1 sf=10 flag=ok
[T2gate] t=35.0640 tri=39 rej=0 xrej=0 init_replace=1 gate=0
[T2slv] t=35.0640 phase=1 init_cost=104.339 final_cost=95.9005 iters=4 term=0 slv_ms=8.3
[T2diag] t=35.0640 P=[-0.0085 -0.0035 -0.0009] V=[0.0064 0.0006 -0.0073] |Bas|=0.397604 |Bgs|=0.0006429 Bas=[-0.114951 -0.380603 0.004048] Bgs=[-0.0003749 0.0003681 0.0003705] tic0=[0.1200 0.0500 -0.0200] tic1=[0.1200 -0.0500 -0.0200] td=0.00000 track=141
[E2uls] flag=1 sh_t=35.100 new_t=35.100 dP=[0.0008 -0.0009 0.0001] |dP|=0.0012 first_dt=-1.0000
time: 35.064000, t: -0.008490 -0.003476 -0.000865 q: 0.999798 0.018806 -0.007031 0.000889 
[T2xcross] t=35.1640 id=3161 est=3.4258 svd=0.1038 rel=0.9697 track=2 sf=9
[T2depth] t=35.1640 id=3163 src=motion2 u=271.4 v=98.3 depth=5.0000 depth2=-1.0000 track=2 sf=9 flag=init_neg
[T2depth] t=35.1640 id=3167 src=motion2 u=569.0 v=128.0 depth=0.2407 depth2=-1.0000 track=2 sf=9 flag=ok
[T2depth] t=35.1640 id=3168 src=motion2 u=626.0 v=149.0 depth=0.1236 depth2=-1.0000 track=2 sf=9 flag=ok
[T2xcross] t=35.1640 id=3169 est=4.1632 svd=0.1017 rel=0.9756 track=2 sf=9
[T2depth] t=35.1640 id=3173 src=stereo u=371.5 v=162.7 depth=4.3100 depth2=-1.0000 track=1 sf=10 flag=ok
[T2depth] t=35.1640 id=3175 src=stereo u=509.0 v=32.0 depth=3.2642 depth2=-1.0000 track=1 sf=10 flag=ok
[T2depth] t=35.1640 id=3178 src=stereo u=103.0 v=108.0 depth=36.6078 depth2=-1.0000 track=1 sf=10 flag=ok
[T2depth] t=35.1640 id=3179 src=stereo u=314.0 v=54.0 depth=21.3964 depth2=-1.0000 track=1 sf=10 flag=ok
[T2gate] t=35.1640 tri=39 rej=0 xrej=0 init_replace=1 gate=0
[T2slv] t=35.1640 phase=1 init_cost=104.091 final_cost=96.532 iters=9 term=1 slv_ms=6.7
[T2diag] t=35.1640 P=[-0.0088 -0.0028 -0.0006] V=[0.0103 0.0029 -0.0008] |Bas|=0.398548 |Bgs|=0.0006270 Bas=[-0.114738 -0.381657 0.003629] Bgs=[-0.0003781 0.0003465 0.0003607] tic0=[0.1200 0.0500 -0.0200] tic1=[0.1200 -0.0500 -0.0200] td=0.00000 track=141
[E2uls] flag=1 sh_t=35.192 new_t=35.192 dP=[0.0012 -0.0006 -0.0013] |dP|=0.0019 first_dt=-1.0000
time: 35.164000, t: -0.008826 -0.002769 -0.000572 q: 0.999797 0.018887 -0.006964 0.000821 
[T2xcross] t=35.2960 id=3163 est=5.0000 svd=0.0415 rel=0.9917 track=2 sf=9
[T2xcross] t=35.2960 id=3170 est=3.8026 svd=0.0072 rel=0.9981 track=2 sf=9
[T2depth] t=35.2960 id=3174 src=motion2 u=206.0 v=68.0 depth=0.0733 depth2=-1.0000 track=2 sf=9 flag=ok
[T2xcross] t=35.2960 id=3175 est=3.2642 svd=0.1274 rel=0.9610 track=2 sf=9
[T2depth] t=35.2960 id=3176 src=motion2 u=453.0 v=176.0 depth=5.0000 depth2=-1.0000 track=2 sf=9 flag=init_neg
[T2depth] t=35.2960 id=3177 src=motion2 u=531.0 v=201.0 depth=0.0664 depth2=-1.0000 track=2 sf=9 flag=ok
[T2xcross] t=35.2960 id=3178 est=36.6078 svd=0.1043 rel=0.9972 track=2 sf=9
[T2depth] t=35.2960 id=3184 src=stereo u=35.0 v=16.0 depth=5.0000 depth2=-1.0000 track=1 sf=10 flag=init_neg
[T2depth] t=35.2960 id=3186 src=stereo u=448.0 v=84.0 depth=3.8841 depth2=-1.0000 track=1 sf=10 flag=ok
[T2gate] t=35.2960 tri=39 rej=0 xrej=0 init_replace=2 gate=0
[T2slv] t=35.2960 phase=1 init_cost=104.539 final_cost=97.5536 iters=9 term=1 slv_ms=7.6
[T2diag] t=35.2960 P=[-0.0094 -0.0025 -0.0012] V=[0.0096 0.0034 -0.0064] |Bas|=0.400703 |Bgs|=0.0006025 Bas=[-0.114950 -0.383837 0.004312] Bgs=[-0.0003759 0.0003190 0.0003463] tic0=[0.1200 0.0500 -0.0200] tic1=[0.1200 -0.0500 -0.0200] td=0.00000 track=141
[E2uls] flag=1 sh_t=35.332 new_t=35.332 dP=[0.0024 0.0003 0.0006] |dP|=0.0025 first_dt=-1.0000
time: 35.296000, t: -0.009375 -0.002515 -0.001179 q: 0.999794 0.018994 -0.007161 0.000790 
[T2depth] t=35.4000 id=3181 src=motion2 u=158.1 v=136.0 depth=0.0703 depth2=-1.0000 track=2 sf=9 flag=ok
[T2depth] t=35.4000 id=3187 src=motion2 u=144.0 v=63.0 depth=5.0000 depth2=-1.0000 track=2 sf=9 flag=init_neg
[T2depth] t=35.4000 id=3188 src=motion2 u=236.0 v=10.0 depth=0.1958 depth2=-1.0000 track=2 sf=9 flag=ok
[T2depth] t=35.4000 id=3189 src=motion2 u=308.0 v=184.0 depth=5.0000 depth2=-1.0000 track=2 sf=9 flag=init_neg
[T2depth] t=35.4000 id=3191 src=motion2 u=56.0 v=76.0 depth=0.1042 depth2=-1.0000 track=2 sf=9 flag=ok
[T2depth] t=35.4000 id=3193 src=stereo u=117.2 v=145.6 depth=27.1232 depth2=-1.0000 track=1 sf=10 flag=ok
[T2depth] t=35.4000 id=3194 src=stereo u=264.6 v=155.6 depth=5.0000 depth2=-1.0000 track=1 sf=10 flag=init_neg
[T2depth] t=35.4000 id=3197 src=stereo u=448.0 v=207.0 depth=3.8884 depth2=-1.0000 track=1 sf=10 flag=ok
[T2depth] t=35.4000 id=3198 src=stereo u=308.0 v=71.0 depth=39.9503 depth2=-1.0000 track=1 sf=10 flag=ok
[T2depth] t=35.4000 id=3199 src=stereo u=399.0 v=202.0 depth=3.5447 depth2=-1.0000 track=1 sf=10 flag=ok
[T2gate] t=35.4000 tri=38 rej=0 xrej=0 init_replace=3 gate=0
[T2slv] t=35.4000 phase=1 init_cost=104.753 final_cost=97.8415 iters=9 term=1 slv_ms=10.8
[T2diag] t=35.4000 P=[-0.0091 -0.0024 -0.0007] V=[0.0129 0.0026 -0.0023] |Bas|=0.403260 |Bgs|=0.0005641 Bas=[-0.113687 -0.386880 0.004199] Bgs=[-0.0003615 0.0002719 0.0003370] tic0=[0.1200 0.0500 -0.0200] tic1=[0.1200 -0.0500 -0.0200] td=0.00000 track=144
[E2uls] flag=1 sh_t=35.436 new_t=35.436 dP=[0.0004 0.0002 -0.0014] |dP|=0.0015 first_dt=-1.0000
time: 35.400000, t: -0.009069 -0.002370 -0.000688 q: 0.999790 0.019200 -0.007114 0.000762 
[T2xcross] t=35.5280 id=3177 est=0.0664 svd=0.6494 rel=0.8978 track=2 sf=9
[T2xcross] t=35.5280 id=3186 est=3.8841 svd=0.2296 rel=0.9409 track=2 sf=9
[T2xcross] t=35.5280 id=3187 est=5.0000 svd=0.2148 rel=0.9570 track=2 sf=9
[T2xcross] t=35.5280 id=3193 est=27.1232 svd=0.1570 rel=0.9942 track=2 sf=9
[T2depth] t=35.5280 id=3196 src=motion2 u=226.1 v=98.1 depth=0.0344 depth2=-1.0000 track=2 sf=9 flag=ok
[T2xcross] t=35.5280 id=3198 est=39.9503 svd=0.1121 rel=0.9972 track=2 sf=9
[T2xcross] t=35.5280 id=3199 est=3.5447 svd=0.4464 rel=0.8741 track=2 sf=9
[T2depth] t=35.5280 id=3200 src=stereo u=496.8 v=220.4 depth=4.9040 depth2=-1.0000 track=1 sf=10 flag=ok
[T2depth] t=35.5280 id=3203 src=stereo u=600.9 v=215.2 depth=1.0045 depth2=-1.0000 track=1 sf=10 flag=ok
[T2depth] t=35.5280 id=3205 src=stereo u=188.0 v=177.0 depth=5.0000 depth2=-1.0000 track=1 sf=10 flag=init_neg
[T2gate] t=35.5280 tri=32 rej=0 xrej=0 init_replace=1 gate=0
[T2slv] t=35.5280 phase=1 init_cost=106.316 final_cost=98.4095 iters=4 term=0 slv_ms=9.3
[T2diag] t=35.5280 P=[-0.0092 -0.0017 -0.0004] V=[0.0151 0.0042 0.0044] |Bas|=0.404539 |Bgs|=0.0005285 Bas=[-0.111411 -0.388877 0.003765] Bgs=[-0.0003465 0.0002638 0.0002995] tic0=[0.1200 0.0500 -0.0200] tic1=[0.1200 -0.0500 -0.0200] td=0.00000 track=144
[E2uls] flag=1 sh_t=35.560 new_t=35.560 dP=[0.0022 -0.0005 -0.0008] |dP|=0.0024 first_dt=-1.0000
time: 35.528000, t: -0.009175 -0.001701 -0.000353 q: 0.999790 0.019314 -0.006855 0.000766 
[T2xcross] t=35.6280 id=3189 est=5.0000 svd=0.0624 rel=0.9875 track=2 sf=9
[T2xcross] t=35.6280 id=3200 est=4.9040 svd=0.2039 rel=0.9584 track=2 sf=9
[T2depth] t=35.6280 id=3201 src=motion2 u=484.5 v=148.9 depth=0.0102 depth2=-1.0000 track=2 sf=9 flag=ok
[T2depth] t=35.6280 id=3202 src=motion2 u=30.1 v=140.2 depth=5.0000 depth2=-1.0000 track=2 sf=9 flag=init_neg
[T2depth] t=35.6280 id=3204 src=motion2 u=545.0 v=56.0 depth=5.0000 depth2=-1.0000 track=2 sf=9 flag=init_neg
[T2depth] t=35.6280 id=3214 src=stereo u=494.0 v=103.0 depth=4.2710 depth2=-1.0000 track=1 sf=10 flag=ok
[T2depth] t=35.6280 id=3215 src=stereo u=423.0 v=174.0 depth=3.9581 depth2=-1.0000 track=1 sf=10 flag=ok
[T2gate] t=35.6280 tri=36 rej=0 xrej=0 init_replace=2 gate=0
[T2slv] t=35.6280 phase=1 init_cost=105.19 final_cost=98.5504 iters=9 term=1 slv_ms=8.7
[T2diag] t=35.6280 P=[-0.0100 -0.0024 -0.0002] V=[0.0121 -0.0009 0.0072] |Bas|=0.405415 |Bgs|=0.0005369 Bas=[-0.108775 -0.390533 0.003619] Bgs=[-0.0003466 0.0002880 0.0002918] tic0=[0.1200 0.0500 -0.0200] tic1=[0.1200 -0.0500 -0.0200] td=0.00000 track=142
[E2uls] flag=1 sh_t=35.664 new_t=35.664 dP=[0.0030 0.0015 0.0003] |dP|=0.0034 first_dt=-1.0000
time: 35.628000, t: -0.009980 -0.002381 -0.000182 q: 0.999786 0.019555 -0.006678 0.000906 
[T2xcross] t=35.7280 id=3202 est=5.0000 svd=0.8809 rel=0.8238 track=2 sf=9
[T2xcross] t=35.7280 id=3204 est=5.0000 svd=0.0033 rel=0.9993 track=2 sf=9
[T2depth] t=35.7280 id=3209 src=motion2 u=14.0 v=174.0 depth=5.0000 depth2=-1.0000 track=2 sf=9 flag=init_neg
[T2depth] t=35.7280 id=3210 src=motion2 u=255.0 v=101.0 depth=5.0000 depth2=-1.0000 track=2 sf=9 flag=init_neg
[T2depth] t=35.7280 id=3212 src=motion2 u=271.0 v=42.0 depth=5.0000 depth2=-1.0000 track=2 sf=9 flag=init_neg
[T2depth] t=35.7280 id=3213 src=motion2 u=150.0 v=150.0 depth=0.0784 depth2=-1.0000 track=2 sf=9 flag=ok
[T2depth] t=35.7280 id=3223 src=stereo u=534.0 v=19.0 depth=3.3178 depth2=-1.0000 track=1 sf=10 flag=ok
[T2depth] t=35.7280 id=3226 src=stereo u=283.0 v=10.0 depth=45.5496 depth2=-1.0000 track=1 sf=10 flag=ok
[T2gate] t=35.7280 tri=40 rej=0 xrej=0 init_replace=3 gate=0
[T2slv] t=35.7280 phase=1 init_cost=103.414 final_cost=96.9564 iters=9 term=1 slv_ms=10.7
[T2diag] t=35.7280 P=[-0.0101 -0.0030 -0.0003] V=[0.0104 0.0034 0.0015] |Bas|=0.407005 |Bgs|=0.0005406 Bas=[-0.107079 -0.392647 0.003984] Bgs=[-0.0003196 0.0003055 0.0003111] tic0=[0.1200 0.0500 -0.0200] tic1=[0.1200 -0.0500 -0.0200] td=0.00000 track=141
[E2uls] flag=1 sh_t=35.764 new_t=35.764 dP=[0.0020 -0.0002 0.0009] |dP|=0.0022 first_dt=-1.0000
time: 35.728000, t: -0.010089 -0.003017 -0.000274 q: 0.999786 0.019592 -0.006632 0.000855 
[T2xcross] t=35.8280 id=3203 est=1.0045 svd=0.2918 rel=0.7095 track=2 sf=9
[T2depth] t=35.8280 id=3216 src=motion2 u=331.2 v=18.6 depth=0.0562 depth2=-1.0000 track=2 sf=9 flag=ok
[T2depth] t=35.8280 id=3218 src=motion2 u=183.1 v=56.3 depth=0.0303 depth2=-1.0000 track=2 sf=9 flag=ok
[T2depth] t=35.8280 id=3221 src=motion2 u=524.1 v=144.3 depth=0.0621 depth2=-1.0000 track=2 sf=9 flag=ok
[T2depth] t=35.8280 id=3222 src=motion2 u=83.0 v=8.1 depth=0.0593 depth2=-1.0000 track=2 sf=9 flag=ok
[T2xcross] t=35.8280 id=3223 est=3.3178 svd=0.1327 rel=0.9600 track=2 sf=9
[T2depth] t=35.8280 id=3224 src=motion2 u=419.0 v=106.0 depth=0.1706 depth2=-1.0000 track=2 sf=9 flag=ok
[T2depth] t=35.8280 id=3228 src=stereo u=292.5 v=78.1 depth=32.0395 depth2=-1.0000 track=1 sf=10 flag=ok
[T2depth] t=35.8280 id=3231 src=stereo u=581.7 v=80.4 depth=36.4876 depth2=-1.0000 track=1 sf=10 flag=ok
[T2gate] t=35.8280 tri=38 rej=0 xrej=0 init_replace=0 gate=0
[T2slv] t=35.8280 phase=1 init_cost=105.736 final_cost=97.9081 iters=9 term=1 slv_ms=8.7
[T2diag] t=35.8280 P=[-0.0104 -0.0037 -0.0008] V=[0.0094 0.0021 -0.0068] |Bas|=0.409312 |Bgs|=0.0005201 Bas=[-0.105715 -0.395397 0.004720] Bgs=[-0.0003138 0.0002793 0.0003066] tic0=[0.1200 0.0500 -0.0200] tic1=[0.1200 -0.0500 -0.0200] td=0.00000 track=144
[E2uls] flag=1 sh_t=35.856 new_t=35.856 dP=[0.0016 0.0009 0.0008] |dP|=0.0020 first_dt=-1.0000
time: 35.828000, t: -0.010377 -0.003690 -0.000845 q: 0.999782 0.019700 -0.006816 0.000924 
[T2depth] t=35.9280 id=3229 src=motion2 u=624.7 v=14.8 depth=5.0000 depth2=-1.0000 track=2 sf=9 flag=init_neg
[T2depth] t=35.9280 id=3230 src=motion2 u=379.8 v=140.5 depth=5.0000 depth2=-1.0000 track=2 sf=9 flag=init_neg
[T2xcross] t=35.9280 id=3231 est=36.4876 svd=0.5886 rel=0.9839 track=2 sf=9
[T2depth] t=35.9280 id=3232 src=motion2 u=166.0 v=212.0 depth=5.0000 depth2=-1.0000 track=2 sf=9 flag=init_neg
[T2depth] t=35.9280 id=3235 src=stereo u=508.3 v=171.3 depth=4.0189 depth2=-1.0000 track=1 sf=10 flag=ok
[T2depth] t=35.9280 id=3239 src=stereo u=138.0 v=100.0 depth=5.0000 depth2=-1.0000 track=1 sf=10 flag=init_neg
[T2depth] t=35.9280 id=3240 src=stereo u=323.0 v=52.0 depth=5.0000 depth2=-1.0000 track=1 sf=10 flag=init_neg
[T2gate] t=35.9280 tri=37 rej=0 xrej=0 init_replace=5 gate=0
[T2slv] t=35.9280 phase=1 init_cost=113.084 final_cost=99.8938 iters=9 term=1 slv_ms=8.0
[T2diag] t=35.9280 P=[-0.0094 -0.0015 -0.0003] V=[0.0168 0.0032 0.0013] |Bas|=0.411856 |Bgs|=0.0005132 Bas=[-0.103389 -0.398645 0.004276] Bgs=[-0.0003148 0.0002425 0.0003247] tic0=[0.1200 0.0500 -0.0200] tic1=[0.1200 -0.0500 -0.0200] td=0.00000 track=142
[E2uls] flag=1 sh_t=35.964 new_t=35.964 dP=[-0.0000 -0.0023 -0.0015] |dP|=0.0028 first_dt=-1.0000
time: 35.928000, t: -0.009354 -0.001486 -0.000274 q: 0.999783 0.019768 -0.006577 0.000763 
[T2xcross] t=36.0280 id=3210 est=5.0000 svd=0.0516 rel=0.9897 track=2 sf=9
[T2xcross] t=36.0280 id=3224 est=0.1706 svd=0.3814 rel=0.5528 track=2 sf=9
[T2depth] t=36.0280 id=3234 src=motion2 u=221.5 v=204.9 depth=5.0000 depth2=-1.0000 track=2 sf=9 flag=init_neg
[T2depth] t=36.0280 id=3243 src=stereo u=463.9 v=210.8 depth=4.1035 depth2=-1.0000 track=1 sf=10 flag=ok
[T2depth] t=36.0280 id=3248 src=stereo u=335.0 v=175.0 depth=36.2522 depth2=-1.0000 track=1 sf=10 flag=ok
[T2depth] t=36.0280 id=3252 src=stereo u=395.0 v=201.0 depth=3.8055 depth2=-1.0000 track=1 sf=10 flag=ok
[T2depth] t=36.0280 id=3253 src=stereo u=388.0 v=30.0 depth=3.8907 depth2=-1.0000 track=1 sf=10 flag=ok
[T2depth] t=36.0280 id=3255 src=stereo u=311.0 v=73.0 depth=5.0000 depth2=-1.0000 track=1 sf=10 flag=init_neg
[T2gate] t=36.0280 tri=41 rej=0 xrej=0 init_replace=2 gate=0
[T2slv] t=36.0280 phase=1 init_cost=106.868 final_cost=100.274 iters=9 term=1 slv_ms=9.3
[T2diag] t=36.0280 P=[-0.0095 -0.0013 -0.0001] V=[0.0179 -0.0060 0.0040] |Bas|=0.414555 |Bgs|=0.0005208 Bas=[-0.100976 -0.402044 0.004458] Bgs=[-0.0003363 0.0002337 0.0003218] tic0=[0.1200 0.0500 -0.0200] tic1=[0.1200 -0.0500 -0.0200] td=0.00000 track=139
[E2uls] flag=1 sh_t=36.064 new_t=36.064 dP=[0.0027 0.0002 0.0002] |dP|=0.0027 first_dt=-1.0000
time: 36.028000, t: -0.009508 -0.001326 -0.000107 q: 0.999779 0.020016 -0.006454 0.000794 
[T2depth] t=36.1280 id=3247 src=motion2 u=69.2 v=208.2 depth=5.0000 depth2=-1.0000 track=2 sf=9 flag=init_neg
[T2xcross] t=36.1280 id=3253 est=3.8907 svd=0.0138 rel=0.9965 track=2 sf=9
[T2depth] t=36.1280 id=3254 src=motion2 u=130.0 v=213.0 depth=2.7099 depth2=-1.0000 track=2 sf=9 flag=ok
[T2xcross] t=36.1280 id=3255 est=5.0000 svd=0.1394 rel=0.9721 track=2 sf=9
[T2depth] t=36.1280 id=3256 src=stereo u=411.2 v=130.0 depth=5.0000 depth2=-1.0000 track=1 sf=10 flag=init_neg
[T2depth] t=36.1280 id=3259 src=stereo u=330.2 v=47.0 depth=23.3164 depth2=-1.0000 track=1 sf=10 flag=ok
[T2depth] t=36.1280 id=3261 src=stereo u=525.4 v=175.0 depth=3.5326 depth2=-1.0000 track=1 sf=10 flag=ok
[T2depth] t=36.1280 id=3262 src=stereo u=552.0 v=151.0 depth=5.0000 depth2=-1.0000 track=1 sf=10 flag=init_neg
[T2gate] t=36.1280 tri=40 rej=0 xrej=0 init_replace=3 gate=0
[T2slv] t=36.1280 phase=1 init_cost=106.806 final_cost=99.9789 iters=9 term=1 slv_ms=8.3
[T2diag] t=36.1280 P=[-0.0108 -0.0014 -0.0001] V=[0.0178 -0.0067 0.0030] |Bas|=0.417320 |Bgs|=0.0005279 Bas=[-0.098824 -0.405425 0.004555] Bgs=[-0.0003429 0.0002337 0.0003263] tic0=[0.1200 0.0500 -0.0200] tic1=[0.1200 -0.0500 -0.0200] td=0.00000 track=141
[E2uls] flag=1 sh_t=36.160 new_t=36.160 dP=[0.0040 -0.0011 0.0003] |dP|=0.0041 first_dt=-1.0000
time: 36.128000, t: -0.010830 -0.001445 -0.000093 q: 0.999779 0.019995 -0.006380 0.000810 
[T2xcross] t=36.2280 id=3218 est=0.0303 svd=0.3926 rel=0.9227 track=2 sf=9
[T2depth] t=36.2280 id=3257 src=motion2 u=555.6 v=55.6 depth=0.0449 depth2=-1.0000 track=2 sf=9 flag=ok
[T2depth] t=36.2280 id=3260 src=motion2 u=10.1 v=50.2 depth=5.0000 depth2=-1.0000 track=2 sf=9 flag=init_neg
[T2xcross] t=36.2280 id=3261 est=3.5326 svd=0.0539 rel=0.9848 track=2 sf=9
[T2depth] t=36.2280 id=3264 src=motion2 u=41.0 v=171.0 depth=0.0334 depth2=-1.0000 track=2 sf=9 flag=ok
[T2depth] t=36.2280 id=3272 src=stereo u=362.0 v=26.0 depth=3.8555 depth2=-1.0000 track=1 sf=10 flag=ok
[T2depth] t=36.2280 id=3278 src=stereo u=78.0 v=184.0 depth=33.8105 depth2=-1.0000 track=1 sf=10 flag=ok
[T2gate] t=36.2280 tri=40 rej=0 xrej=0 init_replace=1 gate=0
[T2slv] t=36.2280 phase=1 init_cost=107.352 final_cost=100.418 iters=9 term=1 slv_ms=8.8
[T2diag] t=36.2280 P=[-0.0114 -0.0016 -0.0000] V=[0.0205 -0.0013 0.0019] |Bas|=0.419957 |Bgs|=0.0005147 Bas=[-0.097043 -0.408564 0.004658] Bgs=[-0.0003362 0.0002297 0.0003149] tic0=[0.1200 0.0500 -0.0200] tic1=[0.1200 -0.0500 -0.0200] td=0.00000 track=140
[E2uls] flag=1 sh_t=36.264 new_t=36.264 dP=[0.0032 -0.0010 0.0003] |dP|=0.0034 first_dt=-1.0000
time: 36.228000, t: -0.011441 -0.001584 -0.000026 q: 0.999775 0.020219 -0.006321 0.000731 
[T2xcross] t=36.3320 id=3259 est=23.3164 svd=0.1031 rel=0.9956 track=2 sf=9
[T2depth] t=36.3320 id=3265 src=motion2 u=417.1 v=193.3 depth=5.0000 depth2=-1.0000 track=2 sf=9 flag=init_neg
[T2depth] t=36.3320 id=3271 src=motion2 u=626.0 v=15.0 depth=5.0000 depth2=-1.0000 track=2 sf=9 flag=init_neg
[T2xcross] t=36.3320 id=3272 est=3.8555 svd=0.0659 rel=0.9829 track=2 sf=9
[T2depth] t=36.3320 id=3275 src=motion2 u=99.0 v=152.0 depth=5.0000 depth2=-1.0000 track=2 sf=9 flag=init_neg
[T2depth] t=36.3320 id=3276 src=motion2 u=226.0 v=84.0 depth=0.0141 depth2=-1.0000 track=2 sf=9 flag=ok
[T2xcross] t=36.3320 id=3278 est=33.8105 svd=0.2871 rel=0.9915 track=2 sf=9
[T2depth] t=36.3320 id=3283 src=stereo u=486.9 v=217.2 depth=4.0725 depth2=-1.0000 track=1 sf=10 flag=ok
[T2gate] t=36.3320 tri=39 rej=0 xrej=0 init_replace=3 gate=0
[T2slv] t=36.3320 phase=1 init_cost=109.343 final_cost=100.347 iters=9 term=1 slv_ms=10.6
[T2diag] t=36.3320 P=[-0.0117 -0.0022 -0.0004] V=[0.0190 -0.0033 0.0028] |Bas|=0.422311 |Bgs|=0.0004821 Bas=[-0.094346 -0.411610 0.004727] Bgs=[-0.0003307 0.0002211 0.0002723] tic0=[0.1200 0.0500 -0.0200] tic1=[0.1200 -0.0500 -0.0200] td=0.00000 track=144
[E2uls] flag=1 sh_t=36.372 new_t=36.372 dP=[0.0031 0.0009 0.0008] |dP|=0.0034 first_dt=-1.0000
time: 36.332000, t: -0.011654 -0.002246 -0.000388 q: 0.999770 0.020519 -0.006175 0.000917 
[T2xcross] t=36.4280 id=3212 est=5.0000 svd=0.3652 rel=0.9270 track=2 sf=9
[T2depth] t=36.4280 id=3280 src=motion2 u=288.9 v=88.1 depth=5.0000 depth2=-1.0000 track=2 sf=9 flag=init_neg
[T2xcross] t=36.4280 id=3283 est=4.0725 svd=0.0497 rel=0.9878 track=2 sf=9
[T2depth] t=36.4280 id=3291 src=stereo u=467.0 v=174.0 depth=4.1318 depth2=-1.0000 track=1 sf=10 flag=ok
[T2depth] t=36.4280 id=3293 src=stereo u=81.0 v=70.0 depth=5.0000 depth2=-1.0000 track=1 sf=10 flag=init_neg
[T2depth] t=36.4280 id=3294 src=stereo u=409.0 v=165.0 depth=3.2884 depth2=-1.0000 track=1 sf=10 flag=ok
[T2gate] t=36.4280 tri=39 rej=0 xrej=0 init_replace=2 gate=0
[T2slv] t=36.4280 phase=1 init_cost=107.277 final_cost=99.7533 iters=9 term=1 slv_ms=10.8
[T2diag] t=36.4280 P=[-0.0122 -0.0041 -0.0006] V=[0.0182 -0.0087 0.0016] |Bas|=0.424776 |Bgs|=0.0004672 Bas=[-0.091148 -0.414852 0.004954] Bgs=[-0.0003204 0.0002095 0.0002678] tic0=[0.1200 0.0500 -0.0200] tic1=[0.1200 -0.0500 -0.0200] td=0.00000 track=141
[E2uls] flag=1 sh_t=36.460 new_t=36.460 dP=[0.0028 0.0013 0.0007] |dP|=0.0032 first_dt=-1.0000
time: 36.428000, t: -0.012165 -0.004073 -0.000595 q: 0.999764 0.020842 -0.006052 0.001089 
[T2xcross] t=36.5280 id=3260 est=5.0000 svd=1.3479 rel=0.7304 track=2 sf=9
[T2xcross] t=36.5280 id=3280 est=5.0000 svd=0.0338 rel=0.9932 track=2 sf=9
[T2depth] t=36.5280 id=3286 src=motion2 u=270.0 v=140.4 depth=0.1373 depth2=-1.0000 track=2 sf=9 flag=ok
[T2depth] t=36.5280 id=3288 src=motion2 u=392.0 v=244.0 depth=5.0000 depth2=-1.0000 track=2 sf=9 flag=init_neg
[T2depth] t=36.5280 id=3289 src=motion2 u=607.0 v=194.0 depth=0.0202 depth2=-1.0000 track=2 sf=9 flag=ok
[T2xcross] t=36.5280 id=3294 est=3.2884 svd=0.1905 rel=0.9421 track=2 sf=9
[T2depth] t=36.5280 id=3295 src=stereo u=521.9 v=218.8 depth=3.5480 depth2=-1.0000 track=1 sf=10 flag=ok
[T2depth] t=36.5280 id=3297 src=stereo u=375.1 v=105.0 depth=4.0940 depth2=-1.0000 track=1 sf=10 flag=ok
[T2depth] t=36.5280 id=3298 src=stereo u=518.9 v=103.4 depth=4.0541 depth2=-1.0000 track=1 sf=10 flag=ok
[T2depth] t=36.5280 id=3299 src=stereo u=253.0 v=188.0 depth=33.1546 depth2=-1.0000 track=1 sf=10 flag=ok
[T2depth] t=36.5280 id=3301 src=stereo u=501.0 v=53.0 depth=3.9760 depth2=-1.0000 track=1 sf=10 flag=ok
[T2gate] t=36.5280 tri=41 rej=0 xrej=0 init_replace=1 gate=0
[T2slv] t=36.5280 phase=1 init_cost=106.856 final_cost=99.0202 iters=9 term=1 slv_ms=13.6
[T2diag] t=36.5280 P=[-0.0130 -0.0047 -0.0007] V=[0.0162 -0.0059 0.0015] |Bas|=0.426082 |Bgs|=0.0004631 Bas=[-0.089257 -0.416600 0.004831] Bgs=[-0.0003128 0.0001978 0.0002783] tic0=[0.1200 0.0500 -0.0200] tic1=[0.1200 -0.0500 -0.0200] td=0.00000 track=140
[E2uls] flag=1 sh_t=36.572 new_t=36.572 dP=[0.0033 -0.0009 -0.0001] |dP|=0.0034 first_dt=-1.0000
time: 36.528000, t: -0.013001 -0.004748 -0.000742 q: 0.999764 0.020878 -0.005934 0.001157 
[T2depth] t=36.6280 id=3296 src=motion2 u=176.4 v=142.8 depth=5.0000 depth2=-1.0000 track=2 sf=9 flag=init_neg
[T2xcross] t=36.6280 id=3299 est=33.1546 svd=0.2239 rel=0.9932 track=2 sf=9
[T2xcross] t=36.6280 id=3301 est=3.9760 svd=0.0910 rel=0.9771 track=2 sf=9
[T2depth] t=36.6280 id=3303 src=motion2 u=138.0 v=103.0 depth=0.0482 depth2=-1.0000 track=2 sf=9 flag=ok
[T2depth] t=36.6280 id=3307 src=stereo u=219.5 v=11.8 depth=17.4721 depth2=-1.0000 track=1 sf=10 flag=ok
[T2depth] t=36.6280 id=3310 src=stereo u=444.0 v=192.0 depth=3.8949 depth2=-1.0000 track=1 sf=10 flag=ok
[T2gate] t=36.6280 tri=41 rej=0 xrej=0 init_replace=1 gate=0
[T2slv] t=36.6280 phase=1 init_cost=109.052 final_cost=99.5358 iters=9 term=1 slv_ms=14.8
[T2diag] t=36.6280 P=[-0.0170 -0.0060 -0.0005] V=[0.0235 -0.0080 -0.0004] |Bas|=0.430339 |Bgs|=0.0004515 Bas=[-0.082653 -0.422295 0.005196] Bgs=[-0.0003334 0.0001629 0.0002573] tic0=[0.1200 0.0500 -0.0200] tic1=[0.1200 -0.0500 -0.0200] td=0.00000 track=139
[E2uls] flag=1 sh_t=36.668 new_t=36.668 dP=[0.0063 0.0002 0.0001] |dP|=0.0063 first_dt=-1.0000
time: 36.628000, t: -0.017021 -0.006048 -0.000548 q: 0.999758 0.021204 -0.005641 0.001244 
[T2xcross] t=36.7000 id=3310 est=3.8949 svd=0.0396 rel=0.9898 track=2 sf=9
[T2depth] t=36.7000 id=3314 src=motion2 u=560.0 v=232.0 depth=5.0000 depth2=-1.0000 track=2 sf=9 flag=init_neg
[T2depth] t=36.7000 id=3316 src=motion2 u=13.0 v=35.0 depth=0.5562 depth2=-1.0000 track=2 sf=9 flag=ok
[T2depth] t=36.7000 id=3321 src=stereo u=256.0 v=33.6 depth=5.0000 depth2=-1.0000 track=1 sf=10 flag=init_neg
[T2depth] t=36.7000 id=3322 src=stereo u=151.0 v=34.0 depth=5.0000 depth2=-1.0000 track=1 sf=10 flag=init_neg
[T2depth] t=36.7000 id=3323 src=stereo u=22.0 v=239.0 depth=5.2249 depth2=-1.0000 track=1 sf=10 flag=ok
[T2gate] t=36.7000 tri=51 rej=0 xrej=0 init_replace=3 gate=0
[T2slv] t=36.7000 phase=1 init_cost=107.09 final_cost=98.7006 iters=9 term=1 slv_ms=13.5
[T2diag] t=36.7000 P=[-0.0166 -0.0055 -0.0003] V=[0.0260 -0.0004 0.0029] |Bas|=0.431961 |Bgs|=0.0004444 Bas=[-0.080601 -0.424347 0.004801] Bgs=[-0.0003078 0.0001627 0.0002762] tic0=[0.1200 0.0500 -0.0200] tic1=[0.1200 -0.0500 -0.0200] td=0.00000 track=133
[E2uls] flag=1 sh_t=36.740 new_t=36.740 dP=[0.0021 -0.0017 -0.0007] |dP|=0.0028 first_dt=-1.0000
time: 36.700000, t: -0.016606 -0.005536 -0.000286 q: 0.999757 0.021342 -0.005468 0.001085 
[T2xcross] t=36.8280 id=3295 est=3.5480 svd=1.2892 rel=0.6366 track=2 sf=9
[T2depth] t=36.8280 id=3 src=motion2 u=617.0 v=372.6 depth=5.0000 depth2=-1.0000 track=2 sf=9 flag=init_neg
[T2depth] t=36.8280 id=27 src=motion2 u=637.4 v=346.4 depth=5.0000 depth2=-1.0000 track=2 sf=9 flag=init_neg
[T2depth] t=36.8280 id=37 src=motion2 u=618.8 v=320.2 depth=45.6629 depth2=-1.0000 track=2 sf=9 flag=ok
[T2depth] t=36.8280 id=57 src=motion2 u=587.9 v=363.6 depth=5.0000 depth2=-1.0000 track=2 sf=9 flag=init_neg
[T2depth] t=36.8280 id=64 src=motion2 u=566.7 v=307.1 depth=91.3595 depth2=-1.0000 track=2 sf=9 flag=ok
[T2depth] t=36.8280 id=81 src=motion2 u=282.1 v=477.8 depth=102.1303 depth2=-1.0000 track=2 sf=9 flag=ok
[T2depth] t=36.8280 id=96 src=motion2 u=587.9 v=331.4 depth=5.0000 depth2=-1.0000 track=2 sf=9 flag=init_neg
[T2xcross] t=36.8280 id=3321 est=5.0000 svd=0.0189 rel=0.9962 track=2 sf=9
[T2depth] t=36.8280 id=3325 src=motion2 u=302.0 v=207.0 depth=0.0040 depth2=-1.0000 track=2 sf=9 flag=ok
[T2depth] t=36.8280 id=3327 src=motion2 u=417.0 v=69.0 depth=5.0000 depth2=-1.0000 track=2 sf=9 flag=init_neg
[T2depth] t=36.8280 id=3328 src=motion2 u=295.0 v=135.0 depth=5.0000 depth2=-1.0000 track=2 sf=9 flag=init_neg
[T2depth] t=36.8280 id=3329 src=motion2 u=579.0 v=208.0 depth=0.3011 depth2=-1.0000 track=2 sf=9 flag=ok
[T2depth] t=36.8280 id=3331 src=stereo u=367.5 v=18.6 depth=3.7123 depth2=-1.0000 track=1 sf=10 flag=ok
[T2depth] t=36.8280 id=3340 src=stereo u=56.0 v=10.0 depth=5.0000 depth2=-1.0000 track=1 sf=10 flag=init_neg
[T2depth] t=36.8280 id=3341 src=stereo u=371.0 v=104.0 depth=4.1916 depth2=-1.0000 track=1 sf=10 flag=ok
[T2depth] t=36.8280 id=3342 src=stereo u=546.0 v=23.0 depth=3.2637 depth2=-1.0000 track=1 sf=10 flag=ok
[T2gate] t=36.8280 tri=50 rej=0 xrej=0 init_replace=7 gate=0
[T2slv] t=36.8280 phase=1 init_cost=108.961 final_cost=98.563 iters=9 term=1 slv_ms=9.4
[T2diag] t=36.8280 P=[-0.0171 -0.0053 -0.0005] V=[0.0200 -0.0057 -0.0007] |Bas|=0.432750 |Bgs|=0.0004232 Bas=[-0.077811 -0.425668 0.004999] Bgs=[-0.0003082 0.0001626 0.0002402] tic0=[0.1200 0.0500 -0.0200] tic1=[0.1200 -0.0500 -0.0200] td=0.00000 track=139
[E2uls] flag=1 sh_t=36.860 new_t=36.860 dP=[0.0046 0.0000 0.0007] |dP|=0.0046 first_dt=-1.0000
time: 36.828000, t: -0.017112 -0.005299 -0.000537 q: 0.999755 0.021442 -0.005352 0.001186 
[T2depth] t=36.9280 id=3334 src=motion2 u=599.0 v=114.0 depth=0.1949 depth2=-1.0000 track=2 sf=9 flag=ok
[T2depth] t=36.9280 id=3335 src=motion2 u=622.0 v=65.0 depth=5.0000 depth2=-1.0000 track=2 sf=9 flag=init_neg
[T2depth] t=36.9280 id=3336 src=motion2 u=55.0 v=142.0 depth=0.4917 depth2=-1.0000 track=2 sf=9 flag=ok
[T2depth] t=36.9280 id=3338 src=motion2 u=210.0 v=187.0 depth=5.0000 depth2=-1.0000 track=2 sf=9 flag=init_neg
[T2depth] t=36.9280 id=3343 src=motion2 u=141.0 v=129.0 depth=5.0000 depth2=-1.0000 track=2 sf=9 flag=init_neg
[T2depth] t=36.9280 id=3347 src=stereo u=287.0 v=95.0 depth=45.8054 depth2=-1.0000 track=1 sf=10 flag=ok
[T2depth] t=36.9280 id=3350 src=stereo u=76.0 v=38.0 depth=5.0000 depth2=-1.0000 track=1 sf=10 flag=init_neg
[T2gate] t=36.9280 tri=38 rej=0 xrej=0 init_replace=4 gate=0
[T2slv] t=36.9280 phase=1 init_cost=106.832 final_cost=98.438 iters=9 term=1 slv_ms=13.6
[T2diag] t=36.9280 P=[-0.0179 -0.0046 -0.0007] V=[0.0175 0.0070 0.0034] |Bas|=0.431203 |Bgs|=0.0003971 Bas=[-0.077147 -0.424221 0.004626] Bgs=[-0.0002832 0.0001840 0.0002091] tic0=[0.1200 0.0500 -0.0200] tic1=[0.1200 -0.0500 -0.0200] td=0.00000 track=144
[E2uls] flag=1 sh_t=36.968 new_t=36.968 dP=[0.0036 -0.0019 -0.0000] |dP|=0.0041 first_dt=-1.0000
time: 36.928000, t: -0.017889 -0.004639 -0.000689 q: 0.999757 0.021375 -0.005206 0.001067 
[T2xcross] t=37.0280 id=3335 est=5.0000 svd=0.0631 rel=0.9874 track=2 sf=9
[T2depth] t=37.0280 id=3346 src=motion2 u=317.0 v=55.0 depth=0.0812 depth2=-1.0000 track=2 sf=9 flag=ok
[T2depth] t=37.0280 id=3353 src=stereo u=385.2 v=102.5 depth=3.6359 depth2=-1.0000 track=1 sf=10 flag=ok
[T2depth] t=37.0280 id=3354 src=stereo u=12.3 v=133.5 depth=5.0000 depth2=-1.0000 track=1 sf=10 flag=init_neg
[T2depth] t=37.0280 id=3365 src=stereo u=130.0 v=43.0 depth=5.0000 depth2=-1.0000 track=1 sf=10 flag=init_neg
[T2gate] t=37.0280 tri=41 rej=0 xrej=0 init_replace=2 gate=0
[T2slv] t=37.0280 phase=1 init_cost=107.993 final_cost=97.7189 iters=7 term=0 slv_ms=11.6
[T2diag] t=37.0280 P=[-0.0193 -0.0044 -0.0007] V=[0.0161 0.0006 -0.0020] |Bas|=0.430273 |Bgs|=0.0004128 Bas=[-0.076594 -0.423373 0.004836] Bgs=[-0.0002869 0.0001914 0.0002269] tic0=[0.1200 0.0500 -0.0200] tic1=[0.1200 -0.0500 -0.0200] td=0.00000 track=138
[E2uls] flag=1 sh_t=37.072 new_t=37.072 dP=[0.0045 0.0010 0.0005] |dP|=0.0046 first_dt=-1.0000
time: 37.028000, t: -0.019269 -0.004422 -0.000699 q: 0.999754 0.021527 -0.005287 0.001163 
[T2xcross] t=37.1280 id=3343 est=5.0000 svd=0.1252 rel=0.9750 track=2 sf=9
[T2depth] t=37.1280 id=3352 src=motion2 u=251.7 v=140.7 depth=5.0000 depth2=-1.0000 track=2 sf=9 flag=init_neg
[T2xcross] t=37.1280 id=3353 est=3.6359 svd=0.0529 rel=0.9854 track=2 sf=9
[T2depth] t=37.1280 id=3356 src=motion2 u=144.4 v=187.8 depth=5.0000 depth2=-1.0000 track=2 sf=9 flag=init_neg
[T2depth] t=37.1280 id=3361 src=motion2 u=498.0 v=239.0 depth=2.2709 depth2=-1.0000 track=2 sf=9 flag=ok
[T2xcross] t=37.1280 id=3365 est=5.0000 svd=0.2381 rel=0.9524 track=2 sf=9
[T2depth] t=37.1280 id=3366 src=motion2 u=536.0 v=158.0 depth=5.0000 depth2=-1.0000 track=2 sf=9 flag=init_neg
[T2depth] t=37.1280 id=3378 src=stereo u=506.0 v=96.0 depth=4.1154 depth2=-1.0000 track=1 sf=10 flag=ok
[T2gate] t=37.1280 tri=49 rej=0 xrej=0 init_replace=3 gate=0
[T2slv] t=37.1280 phase=1 init_cost=104.74 final_cost=97.4252 iters=6 term=0 slv_ms=10.4
[T2diag] t=37.1280 P=[-0.0194 -0.0037 -0.0009] V=[0.0144 0.0007 -0.0015] |Bas|=0.429829 |Bgs|=0.0004211 Bas=[-0.076259 -0.422983 0.004826] Bgs=[-0.0002752 0.0001907 0.0002553] tic0=[0.1200 0.0500 -0.0200] tic1=[0.1200 -0.0500 -0.0200] td=0.00000 track=135
[E2uls] flag=1 sh_t=37.168 new_t=37.168 dP=[0.0020 -0.0005 -0.0000] |dP|=0.0021 first_dt=-1.0000
time: 37.128000, t: -0.019362 -0.003698 -0.000857 q: 0.999756 0.021446 -0.005275 0.001008 
[T2depth] t=37.2280 id=15 src=motion2 u=554.9 v=356.5 depth=3.9915 depth2=-1.0000 track=2 sf=9 flag=ok
[T2depth] t=37.2280 id=17 src=motion2 u=560.3 v=387.9 depth=4.5052 depth2=-1.0000 track=2 sf=9 flag=ok
[T2depth] t=37.2280 id=39 src=motion2 u=593.7 v=420.0 depth=9.1214 depth2=-1.0000 track=2 sf=9 flag=ok
[T2depth] t=37.2280 id=62 src=motion2 u=582.3 v=456.0 depth=7.2630 depth2=-1.0000 track=2 sf=9 flag=ok
[T2depth] t=37.2280 id=68 src=motion2 u=538.8 v=473.5 depth=61.6758 depth2=-1.0000 track=2 sf=9 flag=ok
[T2depth] t=37.2280 id=84 src=motion2 u=624.4 v=409.8 depth=4.2937 depth2=-1.0000 track=2 sf=9 flag=ok
[T2depth] t=37.2280 id=3371 src=motion2 u=612.8 v=11.2 depth=5.0000 depth2=-1.0000 track=2 sf=9 flag=init_neg
[T2depth] t=37.2280 id=3373 src=motion2 u=93.5 v=129.0 depth=5.0000 depth2=-1.0000 track=2 sf=9 flag=init_neg
[T2depth] t=37.2280 id=3375 src=motion2 u=169.0 v=110.0 depth=0.0172 depth2=-1.0000 track=2 sf=9 flag=ok
[T2depth] t=37.2280 id=3376 src=motion2 u=590.0 v=110.0 depth=0.1900 depth2=-1.0000 track=2 sf=9 flag=ok
[T2depth] t=37.2280 id=3380 src=stereo u=475.7 v=181.8 depth=4.3662 depth2=-1.0000 track=1 sf=10 flag=ok
[T2depth] t=37.2280 id=3384 src=stereo u=61.5 v=132.8 depth=5.0000 depth2=-1.0000 track=1 sf=10 flag=init_neg
[T2depth] t=37.2280 id=3386 src=stereo u=535.0 v=200.0 depth=3.7350 depth2=-1.0000 track=1 sf=10 flag=ok
[T2depth] t=37.2280 id=3387 src=stereo u=406.0 v=62.0 depth=3.7109 depth2=-1.0000 track=1 sf=10 flag=ok
[T2depth] t=37.2280 id=3392 src=stereo u=376.0 v=46.0 depth=3.9412 depth2=-1.0000 track=1 sf=10 flag=ok
[T2gate] t=37.2280 tri=50 rej=0 xrej=0 init_replace=3 gate=0
[T2slv] t=37.2280 phase=1 init_cost=104.262 final_cost=97.0462 iters=9 term=1 slv_ms=14.4
[T2diag] t=37.2280 P=[-0.0194 -0.0035 -0.0014] V=[0.0157 0.0037 -0.0038] |Bas|=0.428639 |Bgs|=0.0004134 Bas=[-0.078013 -0.421451 0.004909] Bgs=[-0.0002839 0.0001795 0.0002410] tic0=[0.1200 0.0500 -0.0200] tic1=[0.1200 -0.0500 -0.0200] td=0.00000 track=139
[E2uls] flag=1 sh_t=37.272 new_t=37.272 dP=[0.0022 0.0002 0.0004] |dP|=0.0022 first_dt=-1.0000
time: 37.228000, t: -0.019414 -0.003520 -0.001394 q: 0.999757 0.021336 -0.005439 0.000964 
[T2xcross] t=37.3000 id=3323 est=5.2249 svd=2.3013 rel=0.5596 track=2 sf=9
[T2xcross] t=37.3000 id=3375 est=0.0172 svd=0.0521 rel=0.6690 track=2 sf=9
[T2depth] t=37.3000 id=3389 src=motion2 u=226.0 v=69.0 depth=0.1089 depth2=-1.0000 track=2 sf=9 flag=ok
[T2depth] t=37.3000 id=3390 src=motion2 u=8.0 v=185.0 depth=0.0663 depth2=-1.0000 track=2 sf=9 flag=ok
[T2depth] t=37.3000 id=3391 src=motion2 u=309.0 v=74.0 depth=5.0000 depth2=-1.0000 track=2 sf=9 flag=init_neg
[T2depth] t=37.3000 id=3397 src=stereo u=11.6 v=41.7 depth=31.7671 depth2=-1.0000 track=1 sf=10 flag=ok
[T2depth] t=37.3000 id=3400 src=stereo u=15.0 v=130.0 depth=5.0000 depth2=-1.0000 track=1 sf=10 flag=init_neg
[T2depth] t=37.3000 id=3401 src=stereo u=264.0 v=51.0 depth=22.2771 depth2=-1.0000 track=1 sf=10 flag=ok
[T2depth] t=37.3000 id=3402 src=stereo u=278.0 v=102.0 depth=36.8360 depth2=-1.0000 track=1 sf=10 flag=ok
[T2depth] t=37.3000 id=3403 src=stereo u=486.0 v=161.0 depth=3.5982 depth2=-1.0000 track=1 sf=10 flag=ok
[T2gate] t=37.3000 tri=42 rej=0 xrej=0 init_replace=2 gate=0
[T2slv] t=37.3000 phase=1 init_cost=104.818 final_cost=97.4987 iters=9 term=1 slv_ms=15.9
[T2diag] t=37.3000 P=[-0.0200 -0.0039 -0.0014] V=[0.0182 -0.0005 -0.0033] |Bas|=0.428637 |Bgs|=0.0004224 Bas=[-0.079653 -0.421143 0.004817] Bgs=[-0.0003088 0.0001624 0.0002381] tic0=[0.1200 0.0500 -0.0200] tic1=[0.1200 -0.0500 -0.0200] td=0.00000 track=139
[E2uls] flag=1 sh_t=37.344 new_t=37.344 dP=[0.0021 0.0013 -0.0004] |dP|=0.0025 first_dt=-1.0000
time: 37.300000, t: -0.020038 -0.003895 -0.001378 q: 0.999758 0.021285 -0.005520 0.001080 
[T2xcross] t=37.4280 id=3386 est=3.7350 svd=0.1327 rel=0.9645 track=2 sf=9
[T2xcross] t=37.4280 id=3392 est=3.9412 svd=0.5534 rel=0.8596 track=2 sf=9
[T2depth] t=37.4280 id=3394 src=motion2 u=508.3 v=73.2 depth=5.0000 depth2=-1.0000 track=2 sf=9 flag=init_neg
[T2depth] t=37.4280 id=3399 src=motion2 u=86.0 v=67.0 depth=5.0000 depth2=-1.0000 track=2 sf=9 flag=init_neg
[T2xcross] t=37.4280 id=3401 est=22.2771 svd=0.3336 rel=0.9850 track=2 sf=9
[T2xcross] t=37.4280 id=3403 est=3.5982 svd=0.0901 rel=0.9750 track=2 sf=9
[T2depth] t=37.4280 id=3404 src=motion2 u=293.0 v=190.0 depth=0.0558 depth2=-1.0000 track=2 sf=9 flag=ok
[T2depth] t=37.4280 id=3406 src=motion2 u=66.0 v=140.0 depth=0.6342 depth2=-1.0000 track=2 sf=9 flag=ok
[T2depth] t=37.4280 id=3409 src=stereo u=56.8 v=43.2 depth=37.9912 depth2=-1.0000 track=1 sf=10 flag=ok
[T2gate] t=37.4280 tri=41 rej=0 xrej=0 init_replace=2 gate=0
[T2slv] t=37.4280 phase=1 init_cost=107.873 final_cost=98.8448 iters=6 term=0 slv_ms=9.8
[T2diag] t=37.4280 P=[-0.0218 -0.0053 -0.0014] V=[0.0138 -0.0117 -0.0038] |Bas|=0.429940 |Bgs|=0.0004389 Bas=[-0.080303 -0.422344 0.005049] Bgs=[-0.0003355 0.0001340 0.0002492] tic0=[0.1200 0.0500 -0.0200] tic1=[0.1200 -0.0500 -0.0200] td=0.00000 track=140
[E2uls] flag=1 sh_t=37.460 new_t=37.460 dP=[0.0040 0.0011 -0.0003] |dP|=0.0042 first_dt=-1.0000
time: 37.428000, t: -0.021782 -0.005311 -0.001368 q: 0.999757 0.021254 -0.005640 0.001219 
[T2depth] t=37.5280 id=3407 src=motion2 u=133.8 v=66.5 depth=0.2521 depth2=-1.0000 track=2 sf=9 flag=ok
[T2xcross] t=37.5280 id=3409 est=37.9912 svd=0.2636 rel=0.9931 track=2 sf=9
[T2depth] t=37.5280 id=3412 src=motion2 u=625.0 v=259.0 depth=5.0000 depth2=-1.0000 track=2 sf=9 flag=init_neg
[T2depth] t=37.5280 id=3413 src=motion2 u=572.0 v=135.0 depth=0.2699 depth2=-1.0000 track=2 sf=9 flag=ok
[T2depth] t=37.5280 id=3419 src=stereo u=165.3 v=36.9 depth=5.0000 depth2=-1.0000 track=1 sf=10 flag=init_neg
[T2depth] t=37.5280 id=3420 src=stereo u=53.8 v=148.5 depth=5.0000 depth2=-1.0000 track=1 sf=10 flag=init_neg
[T2depth] t=37.5280 id=3421 src=stereo u=471.7 v=116.1 depth=3.7326 depth2=-1.0000 track=1 sf=10 flag=ok
[T2gate] t=37.5280 tri=43 rej=0 xrej=0 init_replace=3 gate=0
[T2slv] t=37.5280 phase=1 init_cost=106.627 final_cost=99.5356 iters=9 term=1 slv_ms=8.2
[T2diag] t=37.5280 P=[-0.0224 -0.0054 -0.0007] V=[0.0161 -0.0037 0.0008] |Bas|=0.431473 |Bgs|=0.0004317 Bas=[-0.080046 -0.423956 0.004768] Bgs=[-0.0003222 0.0001196 0.0002613] tic0=[0.1200 0.0500 -0.0200] tic1=[0.1200 -0.0500 -0.0200] td=0.00000 track=141
[E2uls] flag=1 sh_t=37.560 new_t=37.560 dP=[0.0021 -0.0017 -0.0013] |dP|=0.0030 first_dt=-1.0000
time: 37.528000, t: -0.022411 -0.005362 -0.000735 q: 0.999755 0.021371 -0.005567 0.001120 
[T2depth] t=37.6280 id=3418 src=motion2 u=19.3 v=251.0 depth=25.5183 depth2=-1.0000 track=2 sf=9 flag=ok
[T2xcross] t=37.6280 id=3419 est=5.0000 svd=0.0166 rel=0.9967 track=2 sf=9
[T2depth] t=37.6280 id=3424 src=motion2 u=22.0 v=178.0 depth=5.0000 depth2=-1.0000 track=2 sf=9 flag=init_neg
[T2depth] t=37.6280 id=3425 src=motion2 u=553.0 v=15.0 depth=5.0000 depth2=-1.0000 track=2 sf=9 flag=init_neg
[T2depth] t=37.6280 id=3426 src=motion2 u=361.0 v=145.0 depth=0.1019 depth2=-1.0000 track=2 sf=9 flag=ok
[T2depth] t=37.6280 id=3435 src=stereo u=556.0 v=110.0 depth=5.0000 depth2=-1.0000 track=1 sf=10 flag=init_neg
[T2gate] t=37.6280 tri=41 rej=0 xrej=0 init_replace=3 gate=0
[T2slv] t=37.6280 phase=1 init_cost=106.923 final_cost=100.485 iters=9 term=1 slv_ms=9.4
[T2diag] t=37.6280 P=[-0.0225 -0.0053 -0.0005] V=[0.0157 -0.0021 -0.0003] |Bas|=0.433383 |Bgs|=0.0004163 Bas=[-0.078290 -0.426225 0.004916] Bgs=[-0.0003069 0.0001176 0.0002555] tic0=[0.1200 0.0500 -0.0200] tic1=[0.1200 -0.0500 -0.0200] td=0.00000 track=140
[E2uls] flag=1 sh_t=37.660 new_t=37.660 dP=[0.0023 -0.0008 -0.0002] |dP|=0.0025 first_dt=-1.0000
time: 37.628000, t: -0.022523 -0.005349 -0.000489 q: 0.999755 0.021390 -0.005506 0.001129 
[T2depth] t=37.7280 id=3427 src=motion2 u=598.9 v=62.8 depth=5.0000 depth2=-1.0000 track=2 sf=9 flag=init_neg
[T2depth] t=37.7280 id=3433 src=motion2 u=361.5 v=74.2 depth=0.1596 depth2=-1.0000 track=2 sf=9 flag=ok
[T2depth] t=37.7280 id=3436 src=motion2 u=171.0 v=187.0 depth=5.0000 depth2=-1.0000 track=2 sf=9 flag=init_neg
[T2depth] t=37.7280 id=3439 src=motion2 u=221.0 v=70.0 depth=5.0000 depth2=-1.0000 track=2 sf=9 flag=init_neg
[T2depth] t=37.7280 id=3440 src=motion2 u=598.0 v=123.0 depth=0.1120 depth2=-1.0000 track=2 sf=9 flag=ok
[T2depth] t=37.7280 id=3447 src=stereo u=398.0 v=89.0 depth=4.1721 depth2=-1.0000 track=1 sf=10 flag=ok
[T2depth] t=37.7280 id=3450 src=stereo u=414.0 v=61.0 depth=3.8533 depth2=-1.0000 track=1 sf=10 flag=ok
[T2gate] t=37.7280 tri=44 rej=0 xrej=0 init_replace=3 gate=0
[T2slv] t=37.7280 phase=1 init_cost=121.112 final_cost=102.093 iters=9 term=1 slv_ms=9.0
[T2diag] t=37.7280 P=[-0.0223 -0.0039 -0.0005] V=[0.0133 -0.0031 0.0020] |Bas|=0.437030 |Bgs|=0.0004150 Bas=[-0.077824 -0.430015 0.005053] Bgs=[-0.0003064 0.0001166 0.0002544] tic0=[0.1200 0.0500 -0.0200] tic1=[0.1200 -0.0500 -0.0200] td=0.00000 track=140
[E2uls] flag=1 sh_t=37.764 new_t=37.764 dP=[0.0017 -0.0019 0.0001] |dP|=0.0025 first_dt=-1.0000
time: 37.728000, t: -0.022330 -0.003859 -0.000509 q: 0.999752 0.021573 -0.005495 0.001068 
[T2xcross] t=37.8320 id=3404 est=0.0558 svd=0.1619 rel=0.6553 track=2 sf=9
[T2depth] t=37.8320 id=3441 src=motion2 u=203.9 v=243.0 depth=5.8521 depth2=-1.0000 track=2 sf=9 flag=ok
[T2depth] t=37.8320 id=3442 src=motion2 u=41.7 v=273.0 depth=5.0000 depth2=-1.0000 track=2 sf=9 flag=init_neg
[T2depth] t=37.8320 id=3443 src=motion2 u=207.9 v=199.4 depth=0.0015 depth2=-1.0000 track=2 sf=9 flag=ok
[T2depth] t=37.8320 id=3446 src=motion2 u=335.2 v=222.7 depth=5.0000 depth2=-1.0000 track=2 sf=9 flag=init_neg
[T2depth] t=37.8320 id=3448 src=motion2 u=127.0 v=93.0 depth=0.0659 depth2=-1.0000 track=2 sf=9 flag=ok
[T2depth] t=37.8320 id=3449 src=motion2 u=106.0 v=39.0 depth=0.0620 depth2=-1.0000 track=2 sf=9 flag=ok
[T2xcross] t=37.8320 id=3450 est=3.8533 svd=0.0591 rel=0.9847 track=2 sf=9
[T2depth] t=37.8320 id=3451 src=motion2 u=140.0 v=204.0 depth=0.2421 depth2=-1.0000 track=2 sf=9 flag=ok
[T2depth] t=37.8320 id=3458 src=stereo u=19.3 v=29.4 depth=5.0000 depth2=-1.0000 track=1 sf=10 flag=init_neg
[T2depth] t=37.8320 id=3461 src=stereo u=326.0 v=42.0 depth=5.0000 depth2=-1.0000 track=1 sf=10 flag=init_neg
[T2depth] t=37.8320 id=3463 src=stereo u=478.0 v=105.0 depth=4.4457 depth2=-1.0000 track=1 sf=10 flag=ok
[T2gate] t=37.8320 tri=42 rej=0 xrej=0 init_replace=4 gate=0
[T2slv] t=37.8320 phase=1 init_cost=107.819 final_cost=101.917 iters=9 term=1 slv_ms=18.1
[T2diag] t=37.8320 P=[-0.0220 -0.0037 -0.0004] V=[0.0118 -0.0049 0.0028] |Bas|=0.443530 |Bgs|=0.0004276 Bas=[-0.078941 -0.436416 0.005317] Bgs=[-0.0003084 0.0001216 0.0002701] tic0=[0.1200 0.0500 -0.0200] tic1=[0.1200 -0.0500 -0.0200] td=0.00000 track=141
[E2uls] flag=1 sh_t=37.876 new_t=37.876 dP=[0.0015 -0.0004 0.0003] |dP|=0.0016 first_dt=-1.0000
time: 37.832000, t: -0.021964 -0.003735 -0.000428 q: 0.999743 0.021981 -0.005516 0.001091 
[T2xcross] t=37.9280 id=2759 est=0.0754 svd=0.7302 rel=0.8967 track=2 sf=9
[T2xcross] t=37.9280 id=3352 est=5.0000 svd=0.1178 rel=0.9764 track=2 sf=9
[T2xcross] t=37.9280 id=3449 est=0.0620 svd=0.0066 rel=0.8941 track=2 sf=9
[T2depth] t=37.9280 id=3453 src=motion2 u=45.1 v=76.8 depth=0.2292 depth2=-1.0000 track=2 sf=9 flag=ok
[T2depth] t=37.9280 id=3456 src=motion2 u=288.7 v=128.7 depth=5.0000 depth2=-1.0000 track=2 sf=9 flag=init_neg
[T2xcross] t=37.9280 id=3461 est=5.0000 svd=0.0524 rel=0.9895 track=2 sf=9
[T2depth] t=37.9280 id=3462 src=motion2 u=531.0 v=112.0 depth=0.0248 depth2=-1.0000 track=2 sf=9 flag=ok
[T2depth] t=37.9280 id=3464 src=motion2 u=625.0 v=124.0 depth=0.0523 depth2=-1.0000 track=2 sf=9 flag=ok
[T2gate] t=37.9280 tri=36 rej=0 xrej=0 init_replace=1 gate=0
[T2slv] t=37.9280 phase=1 init_cost=108.448 final_cost=99.8995 iters=5 term=0 slv_ms=9.3
[T2diag] t=37.9280 P=[-0.0207 -0.0053 -0.0006] V=[0.0112 -0.0123 -0.0008] |Bas|=0.445257 |Bgs|=0.0004543 Bas=[-0.077387 -0.438443 0.005696] Bgs=[-0.0003161 0.0001115 0.0003067] tic0=[0.1200 0.0500 -0.0200] tic1=[0.1200 -0.0500 -0.0200] td=0.00000 track=145
[E2uls] flag=1 sh_t=37.964 new_t=37.964 dP=[0.0000 0.0010 0.0007] |dP|=0.0012 first_dt=-1.0000
time: 37.928000, t: -0.020703 -0.005310 -0.000608 q: 0.999738 0.022178 -0.005522 0.001188 
[T2depth] t=38.0280 id=3465 src=motion2 u=571.9 v=110.1 depth=0.1245 depth2=-1.0000 track=2 sf=9 flag=ok
[T2depth] t=38.0280 id=3468 src=motion2 u=488.2 v=147.3 depth=0.1677 depth2=-1.0000 track=2 sf=9 flag=ok
[T2depth] t=38.0280 id=3470 src=motion2 u=512.0 v=203.0 depth=5.0000 depth2=-1.0000 track=2 sf=9 flag=init_neg
[T2gate] t=38.0280 tri=41 rej=0 xrej=0 init_replace=1 gate=0
[T2slv] t=38.0280 phase=1 init_cost=112.731 final_cost=101.706 iters=9 term=1 slv_ms=12.7
[T2diag] t=38.0280 P=[-0.0219 -0.0042 -0.0011] V=[0.0092 0.0023 0.0000] |Bas|=0.445358 |Bgs|=0.0004114 Bas=[-0.076954 -0.438624 0.005608] Bgs=[-0.0003042 0.0000920 0.0002612] tic0=[0.1200 0.0500 -0.0200] tic1=[0.1200 -0.0500 -0.0200] td=0.00000 track=139
[E2uls] flag=1 sh_t=38.068 new_t=38.068 dP=[0.0024 -0.0037 0.0007] |dP|=0.0045 first_dt=-1.0000
time: 38.028000, t: -0.021930 -0.004196 -0.001072 q: 0.999746 0.021840 -0.005484 0.001102 
[T2depth] t=38.1320 id=3472 src=motion2 u=138.0 v=147.1 depth=0.0755 depth2=-1.0000 track=2 sf=9 flag=ok
[T2depth] t=38.1320 id=3474 src=motion2 u=386.9 v=17.3 depth=5.0000 depth2=-1.0000 track=2 sf=9 flag=init_neg
[T2depth] t=38.1320 id=3476 src=motion2 u=183.8 v=38.8 depth=0.0910 depth2=-1.0000 track=2 sf=9 flag=ok
[T2depth] t=38.1320 id=3480 src=motion2 u=199.0 v=172.0 depth=5.0000 depth2=-1.0000 track=2 sf=9 flag=init_neg
[T2depth] t=38.1320 id=3481 src=motion2 u=383.0 v=87.0 depth=0.0806 depth2=-1.0000 track=2 sf=9 flag=ok
[T2depth] t=38.1320 id=3482 src=motion2 u=244.0 v=41.0 depth=0.0776 depth2=-1.0000 track=2 sf=9 flag=ok
[T2depth] t=38.1320 id=3483 src=motion2 u=62.0 v=18.0 depth=5.0000 depth2=-1.0000 track=2 sf=9 flag=init_neg
[T2depth] t=38.1320 id=3484 src=motion2 u=573.0 v=155.0 depth=5.0000 depth2=-1.0000 track=2 sf=9 flag=init_neg
[T2depth] t=38.1320 id=3485 src=motion2 u=421.0 v=172.0 depth=5.0000 depth2=-1.0000 track=2 sf=9 flag=init_neg
[T2gate] t=38.1320 tri=44 rej=0 xrej=0 init_replace=5 gate=0
[T2slv] t=38.1320 phase=1 init_cost=117.427 final_cost=102.088 iters=8 term=0 slv_ms=13.9
[T2diag] t=38.1320 P=[-0.0132 -0.0068 -0.0007] V=[0.0231 -0.0312 0.0135] |Bas|=0.448162 |Bgs|=0.0004597 Bas=[-0.079712 -0.440978 0.005817] Bgs=[-0.0003574 0.0000702 0.0002806] tic0=[0.1200 0.0500 -0.0200] tic1=[0.1200 -0.0500 -0.0200] td=0.00000 track=142
[E2uls] flag=1 sh_t=38.172 new_t=38.172 dP=[-0.0081 0.0033 0.0013] |dP|=0.0088 first_dt=-1.0000
time: 38.132000, t: -0.013232 -0.006782 -0.000734 q: 0.999742 0.022045 -0.005332 0.001149 
[T2xcross] t=38.2280 id=3474 est=5.0000 svd=0.5853 rel=0.8829 track=2 sf=9
[T2depth] t=38.2280 id=3486 src=motion2 u=446.0 v=122.9 depth=2.2005 depth2=-1.0000 track=2 sf=9 flag=ok
[T2depth] t=38.2280 id=3487 src=motion2 u=394.2 v=244.0 depth=5.0000 depth2=-1.0000 track=2 sf=9 flag=init_neg
[T2depth] t=38.2280 id=3495 src=motion2 u=555.0 v=33.0 depth=0.3160 depth2=-1.0000 track=2 sf=9 flag=ok
[T2depth] t=38.2280 id=3496 src=motion2 u=7.0 v=35.0 depth=0.6783 depth2=-1.0000 track=2 sf=9 flag=ok
[T2depth] t=38.2280 id=3508 src=stereo u=362.0 v=35.0 depth=3.6240 depth2=-1.0000 track=1 sf=10 flag=ok
[T2gate] t=38.2280 tri=44 rej=0 xrej=0 init_replace=1 gate=0
[T2slv] t=38.2280 phase=1 init_cost=113.427 final_cost=100.809 iters=8 term=0 slv_ms=15.2
[T2diag] t=38.2280 P=[-0.0100 -0.0052 -0.0001] V=[0.0087 -0.0043 0.0066] |Bas|=0.451337 |Bgs|=0.0004728 Bas=[-0.075828 -0.444874 0.006552] Bgs=[-0.0002879 0.0000674 0.0003690] tic0=[0.1200 0.0500 -0.0200] tic1=[0.1200 -0.0500 -0.0200] td=0.00000 track=139
[E2uls] flag=1 sh_t=38.272 new_t=38.272 dP=[0.0003 -0.0071 0.0016] |dP|=0.0073 first_dt=-1.0000
time: 38.228000, t: -0.010019 -0.005179 -0.000119 q: 0.999746 0.021889 -0.005330 0.000830 
[T2xcross] t=38.3280 id=3453 est=0.2292 svd=0.2028 rel=0.1149 track=2 sf=9
[T2xcross] t=38.3280 id=3481 est=0.0806 svd=0.0409 rel=0.4929 track=2 sf=9
[T2xcross] t=38.3280 id=3482 est=0.0776 svd=0.0447 rel=0.4239 track=2 sf=9
[T2depth] t=38.3280 id=3498 src=motion2 u=46.8 v=195.1 depth=5.0000 depth2=-1.0000 track=2 sf=9 flag=init_neg
[T2depth] t=38.3280 id=3501 src=motion2 u=536.0 v=109.0 depth=5.0000 depth2=-1.0000 track=2 sf=9 flag=init_neg
[T2depth] t=38.3280 id=3505 src=motion2 u=111.0 v=181.0 depth=0.1454 depth2=-1.0000 track=2 sf=9 flag=ok
[T2depth] t=38.3280 id=3510 src=stereo u=318.4 v=192.2 depth=41.9062 depth2=-1.0000 track=1 sf=10 flag=ok
[T2depth] t=38.3280 id=3520 src=stereo u=263.0 v=113.0 depth=35.4861 depth2=-1.0000 track=1 sf=10 flag=ok
[T2depth] t=38.3280 id=3524 src=stereo u=474.0 v=98.0 depth=3.6276 depth2=-1.0000 track=1 sf=10 flag=ok
[T2gate] t=38.3280 tri=48 rej=0 xrej=0 init_replace=2 gate=0
[T2slv] t=38.3280 phase=1 init_cost=113.833 final_cost=102.983 iters=9 term=1 slv_ms=14.1
[T2diag] t=38.3280 P=[-0.0134 -0.0070 -0.0000] V=[0.0118 -0.0210 0.0085] |Bas|=0.455474 |Bgs|=0.0004658 Bas=[-0.072658 -0.449595 0.006501] Bgs=[-0.0003143 0.0000583 0.0003387] tic0=[0.1200 0.0500 -0.0200] tic1=[0.1200 -0.0500 -0.0200] td=0.00000 track=137
[E2uls] flag=1 sh_t=38.368 new_t=38.368 dP=[0.0043 0.0021 0.0007] |dP|=0.0049 first_dt=-1.0000
time: 38.328000, t: -0.013393 -0.007004 -0.000034 q: 0.999739 0.022223 -0.005103 0.001093 
[T2xcross] t=38.4280 id=3498 est=5.0000 svd=0.5666 rel=0.8867 track=2 sf=9
[T2depth] t=38.4280 id=3511 src=motion2 u=187.4 v=248.0 depth=6.5016 depth2=-1.0000 track=2 sf=9 flag=ok
[T2depth] t=38.4280 id=3513 src=motion2 u=523.8 v=255.0 depth=11.5222 depth2=-1.0000 track=2 sf=9 flag=ok
[T2depth] t=38.4280 id=3514 src=motion2 u=40.8 v=25.3 depth=0.0905 depth2=-1.0000 track=2 sf=9 flag=ok
[T2depth] t=38.4280 id=3516 src=motion2 u=163.8 v=159.1 depth=0.5474 depth2=-1.0000 track=2 sf=9 flag=ok
[T2depth] t=38.4280 id=3519 src=motion2 u=56.0 v=129.0 depth=1.2987 depth2=-1.0000 track=2 sf=9 flag=ok
[T2xcross] t=38.4280 id=3520 est=35.4861 svd=0.4075 rel=0.9885 track=2 sf=9
[T2depth] t=38.4280 id=3521 src=motion2 u=70.0 v=14.0 depth=0.9502 depth2=-1.0000 track=2 sf=9 flag=ok
[T2depth] t=38.4280 id=3522 src=motion2 u=499.0 v=150.0 depth=5.0000 depth2=-1.0000 track=2 sf=9 flag=init_neg
[T2depth] t=38.4280 id=3529 src=stereo u=402.3 v=242.0 depth=4.0984 depth2=-1.0000 track=1 sf=10 flag=ok
[T2depth] t=38.4280 id=3531 src=stereo u=227.0 v=132.0 depth=5.0000 depth2=-1.0000 track=1 sf=10 flag=init_neg
[T2gate] t=38.4280 tri=44 rej=0 xrej=0 init_replace=2 gate=0
[T2slv] t=38.4280 phase=1 init_cost=111.039 final_cost=102.024 iters=8 term=0 slv_ms=12.3
[T2diag] t=38.4280 P=[-0.0125 -0.0068 0.0002] V=[0.0139 -0.0067 0.0081] |Bas|=0.460249 |Bgs|=0.0004579 Bas=[-0.068348 -0.455093 0.006944] Bgs=[-0.0002918 0.0000432 0.0003502] tic0=[0.1200 0.0500 -0.0200] tic1=[0.1200 -0.0500 -0.0200] td=0.00000 track=141
[E2uls] flag=1 sh_t=38.468 new_t=38.468 dP=[0.0005 -0.0039 0.0014] |dP|=0.0042 first_dt=-1.0000
time: 38.428000, t: -0.012523 -0.006767 0.000235 q: 0.999733 0.022564 -0.004926 0.000998 
[T2xcross] t=38.5280 id=3495 est=0.3160 svd=0.0516 rel=0.8366 track=2 sf=9
[T2depth] t=38.5280 id=3528 src=motion2 u=107.4 v=18.5 depth=0.3681 depth2=-1.0000 track=2 sf=9 flag=ok
[T2depth] t=38.5280 id=3542 src=stereo u=416.0 v=66.2 depth=4.1112 depth2=-1.0000 track=1 sf=10 flag=ok
[T2depth] t=38.5280 id=3543 src=stereo u=409.0 v=200.0 depth=3.9190 depth2=-1.0000 track=1 sf=10 flag=ok
[T2gate] t=38.5280 tri=46 rej=0 xrej=0 init_replace=0 gate=0
[T2slv] t=38.5280 phase=1 init_cost=110.009 final_cost=100.772 iters=9 term=1 slv_ms=9.2
[T2diag] t=38.5280 P=[-0.0105 -0.0070 0.0000] V=[0.0132 -0.0043 0.0097] |Bas|=0.461197 |Bgs|=0.0004732 Bas=[-0.064441 -0.456617 0.007134] Bgs=[-0.0002742 0.0000356 0.0003841] tic0=[0.1200 0.0500 -0.0200] tic1=[0.1200 -0.0500 -0.0200] td=0.00000 track=136
[E2uls] flag=1 sh_t=38.560 new_t=38.560 dP=[0.0002 -0.0008 0.0018] |dP|=0.0020 first_dt=-1.0000
time: 38.528000, t: -0.010549 -0.006977 0.000013 q: 0.999733 0.022576 -0.004798 0.000957 
[T2depth] t=38.6280 id=3538 src=motion2 u=20.8 v=77.6 depth=5.0000 depth2=-1.0000 track=2 sf=9 flag=init_neg
[T2depth] t=38.6280 id=3544 src=motion2 u=615.0 v=96.0 depth=0.0761 depth2=-1.0000 track=2 sf=9 flag=ok
[T2depth] t=38.6280 id=3547 src=motion2 u=238.0 v=183.0 depth=0.2145 depth2=-1.0000 track=2 sf=9 flag=ok
[T2depth] t=38.6280 id=3548 src=motion2 u=615.0 v=175.0 depth=5.0000 depth2=-1.0000 track=2 sf=9 flag=init_neg
[T2depth] t=38.6280 id=3552 src=stereo u=564.2 v=79.4 depth=5.0000 depth2=-1.0000 track=1 sf=10 flag=init_neg
[T2depth] t=38.6280 id=3553 src=stereo u=58.5 v=68.8 depth=5.0000 depth2=-1.0000 track=1 sf=10 flag=init_neg
[T2depth] t=38.6280 id=3557 src=stereo u=395.0 v=124.0 depth=5.0000 depth2=-1.0000 track=1 sf=10 flag=init_neg
[T2gate] t=38.6280 tri=50 rej=0 xrej=0 init_replace=5 gate=0
[T2slv] t=38.6280 phase=1 init_cost=125.613 final_cost=101.806 iters=9 term=1 slv_ms=14.8
[T2diag] t=38.6280 P=[-0.0106 -0.0051 -0.0005] V=[0.0143 -0.0024 0.0074] |Bas|=0.462211 |Bgs|=0.0004718 Bas=[-0.059249 -0.458338 0.007392] Bgs=[-0.0002648 0.0000188 0.0003900] tic0=[0.1200 0.0500 -0.0200] tic1=[0.1200 -0.0500 -0.0200] td=0.00000 track=137
[E2uls] flag=1 sh_t=38.664 new_t=38.664 dP=[0.0016 -0.0029 0.0020] |dP|=0.0039 first_dt=-1.0000
time: 38.628000, t: -0.010598 -0.005120 -0.000536 q: 0.999732 0.022654 -0.004609 0.000800 
[T2depth] t=38.7280 id=3555 src=motion2 u=9.3 v=155.0 depth=0.2668 depth2=-1.0000 track=2 sf=9 flag=ok
[T2depth] t=38.7280 id=3559 src=motion2 u=197.0 v=72.0 depth=5.0000 depth2=-1.0000 track=2 sf=9 flag=init_neg
[T2depth] t=38.7280 id=3560 src=motion2 u=549.0 v=105.0 depth=0.0949 depth2=-1.0000 track=2 sf=9 flag=ok
[T2depth] t=38.7280 id=3562 src=motion2 u=512.0 v=202.0 depth=5.0000 depth2=-1.0000 track=2 sf=9 flag=init_neg
[T2depth] t=38.7280 id=3564 src=motion2 u=624.0 v=38.0 depth=0.2028 depth2=-1.0000 track=2 sf=9 flag=ok
[T2depth] t=38.7280 id=3565 src=stereo u=370.3 v=147.6 depth=3.8024 depth2=-1.0000 track=1 sf=10 flag=ok
[T2depth] t=38.7280 id=3574 src=stereo u=536.0 v=33.0 depth=4.2067 depth2=-1.0000 track=1 sf=10 flag=ok
[T2depth] t=38.7280 id=3576 src=stereo u=476.0 v=43.0 depth=3.9752 depth2=-1.0000 track=1 sf=10 flag=ok
[T2depth] t=38.7280 id=3577 src=stereo u=270.0 v=145.0 depth=39.8959 depth2=-1.0000 track=1 sf=10 flag=ok
[T2gate] t=38.7280 tri=47 rej=0 xrej=0 init_replace=2 gate=0
[T2slv] t=38.7280 phase=1 init_cost=120.087 final_cost=103.31 iters=9 term=1 slv_ms=12.4
[T2diag] t=38.7280 P=[-0.0115 -0.0060 -0.0004] V=[0.0162 -0.0014 0.0076] |Bas|=0.460690 |Bgs|=0.0004524 Bas=[-0.059716 -0.456748 0.007072] Bgs=[-0.0002651 -0.0000024 0.0003666] tic0=[0.1200 0.0500 -0.0200] tic1=[0.1200 -0.0500 -0.0200] td=0.00000 track=138
[E2uls] flag=1 sh_t=38.768 new_t=38.768 dP=[0.0027 0.0007 0.0005] |dP|=0.0028 first_dt=-1.0000
time: 38.728000, t: -0.011482 -0.005999 -0.000450 q: 0.999731 0.022738 -0.004565 0.000864 
[T2xcross] t=38.8280 id=3529 est=4.0984 svd=0.9583 rel=0.7662 track=2 sf=9
[T2xcross] t=38.8280 id=3547 est=0.2145 svd=0.1570 rel=0.2682 track=2 sf=9
[T2xcross] t=38.8280 id=3560 est=0.0949 svd=0.2035 rel=0.5337 track=2 sf=9
[T2xcross] t=38.8280 id=3565 est=3.8024 svd=0.0551 rel=0.9855 track=2 sf=9
[T2depth] t=38.8280 id=3566 src=motion2 u=310.4 v=180.0 depth=0.1197 depth2=-1.0000 track=2 sf=9 flag=ok
[T2depth] t=38.8280 id=3570 src=motion2 u=196.6 v=138.0 depth=5.0000 depth2=-1.0000 track=2 sf=9 flag=init_neg
[T2depth] t=38.8280 id=3575 src=motion2 u=13.0 v=262.0 depth=5.0000 depth2=-1.0000 track=2 sf=9 flag=init_neg
[T2depth] t=38.8280 id=3578 src=motion2 u=78.0 v=224.0 depth=0.4722 depth2=-1.0000 track=2 sf=9 flag=ok
[T2depth] t=38.8280 id=3579 src=motion2 u=70.0 v=156.0 depth=0.4325 depth2=-1.0000 track=2 sf=9 flag=ok
[T2depth] t=38.8280 id=3585 src=stereo u=487.0 v=57.0 depth=3.5113 depth2=-1.0000 track=1 sf=10 flag=ok
[T2gate] t=38.8280 tri=39 rej=0 xrej=0 init_replace=2 gate=0
[T2slv] t=38.8280 phase=1 init_cost=111.588 final_cost=102.885 iters=9 term=1 slv_ms=17.3
[T2diag] t=38.8280 P=[-0.0125 -0.0068 -0.0002] V=[0.0179 -0.0004 0.0121] |Bas|=0.460146 |Bgs|=0.0004167 Bas=[-0.063924 -0.455634 0.006775] Bgs=[-0.0002587 -0.0000046 0.0003266] tic0=[0.1200 0.0500 -0.0200] tic1=[0.1200 -0.0500 -0.0200] td=0.00000 track=144
[E2uls] flag=1 sh_t=38.872 new_t=38.872 dP=[0.0031 0.0005 0.0008] |dP|=0.0032 first_dt=-1.0000
time: 38.828000, t: -0.012504 -0.006849 -0.000195 q: 0.999730 0.022731 -0.004690 0.001008 
[T2depth] t=38.9280 id=3580 src=motion2 u=444.0 v=160.0 depth=5.0000 depth2=-1.0000 track=2 sf=9 flag=init_neg
[T2depth] t=38.9280 id=3581 src=motion2 u=289.4 v=211.8 depth=0.2576 depth2=-1.0000 track=2 sf=9 flag=ok
[T2depth] t=38.9280 id=3582 src=motion2 u=102.1 v=115.3 depth=5.0000 depth2=-1.0000 track=2 sf=9 flag=init_neg
[T2depth] t=38.9280 id=3584 src=motion2 u=404.0 v=201.0 depth=0.0455 depth2=-1.0000 track=2 sf=9 flag=ok
[T2depth] t=38.9280 id=3586 src=stereo u=341.4 v=138.4 depth=5.0000 depth2=-1.0000 track=1 sf=10 flag=init_neg
[T2gate] t=38.9280 tri=40 rej=0 xrej=0 init_replace=3 gate=0
[T2slv] t=38.9280 phase=1 init_cost=111.477 final_cost=101.455 iters=9 term=1 slv_ms=16.7
[T2diag] t=38.9280 P=[-0.0120 -0.0057 -0.0005] V=[0.0125 0.0117 0.0068] |Bas|=0.460115 |Bgs|=0.0003828 Bas=[-0.063655 -0.455636 0.007020] Bgs=[-0.0002340 -0.0000001 0.0003029] tic0=[0.1200 0.0500 -0.0200] tic1=[0.1200 -0.0500 -0.0200] td=0.00000 track=140
[E2uls] flag=1 sh_t=38.976 new_t=38.976 dP=[0.0023 -0.0017 0.0022] |dP|=0.0036 first_dt=-1.0000
time: 38.928000, t: -0.012022 -0.005653 -0.000535 q: 0.999733 0.022584 -0.004766 0.000857 
[T2xcross] t=39.0280 id=3582 est=5.0000 svd=0.1272 rel=0.9746 track=2 sf=9
[T2depth] t=39.0280 id=3587 src=motion2 u=24.6 v=99.1 depth=0.0189 depth2=-1.0000 track=2 sf=9 flag=ok
[T2depth] t=39.0280 id=3588 src=motion2 u=260.5 v=32.1 depth=0.0909 depth2=-1.0000 track=2 sf=9 flag=ok
[T2depth] t=39.0280 id=3589 src=motion2 u=162.3 v=182.1 depth=0.0190 depth2=-1.0000 track=2 sf=9 flag=ok
[T2depth] t=39.0280 id=3590 src=motion2 u=421.4 v=85.0 depth=5.0000 depth2=-1.0000 track=2 sf=9 flag=init_neg
[T2depth] t=39.0280 id=3596 src=motion2 u=560.0 v=140.0 depth=0.8234 depth2=-1.0000 track=2 sf=9 flag=ok
[T2depth] t=39.0280 id=3599 src=stereo u=613.0 v=198.7 depth=5.0000 depth2=-1.0000 track=1 sf=10 flag=init_neg
[T2gate] t=39.0280 tri=41 rej=0 xrej=0 init_replace=2 gate=0
[T2slv] t=39.0280 phase=1 init_cost=110.701 final_cost=101.039 iters=9 term=1 slv_ms=13.2
[T2diag] t=39.0280 P=[-0.0108 -0.0062 -0.0004] V=[0.0207 -0.0018 0.0053] |Bas|=0.460760 |Bgs|=0.0003876 Bas=[-0.055231 -0.457382 0.007127] Bgs=[-0.0002466 -0.0000212 0.0002983] tic0=[0.1200 0.0500 -0.0200] tic1=[0.1200 -0.0500 -0.0200] td=0.00000 track=143
[E2uls] flag=1 sh_t=39.068 new_t=39.068 dP=[0.0004 0.0031 0.0010] |dP|=0.0033 first_dt=-1.0000
time: 39.028000, t: -0.010769 -0.006244 -0.000379 q: 0.999728 0.022884 -0.004374 0.000914 
[T2xcross] t=39.1280 id=3570 est=5.0000 svd=0.3674 rel=0.9265 track=2 sf=9
[T2depth] t=39.1280 id=3597 src=motion2 u=551.3 v=225.8 depth=5.0000 depth2=-1.0000 track=2 sf=9 flag=init_neg
[T2depth] t=39.1280 id=3598 src=motion2 u=277.5 v=107.8 depth=5.0000 depth2=-1.0000 track=2 sf=9 flag=init_neg
[T2depth] t=39.1280 id=3601 src=motion2 u=414.0 v=15.0 depth=5.0000 depth2=-1.0000 track=2 sf=9 flag=init_neg
[T2depth] t=39.1280 id=3602 src=motion2 u=244.0 v=116.0 depth=5.0000 depth2=-1.0000 track=2 sf=9 flag=init_neg
[T2depth] t=39.1280 id=3603 src=motion2 u=344.0 v=171.0 depth=5.0000 depth2=-1.0000 track=2 sf=9 flag=init_neg
[T2depth] t=39.1280 id=3607 src=stereo u=447.0 v=88.3 depth=3.8880 depth2=-1.0000 track=1 sf=10 flag=ok
[T2gate] t=39.1280 tri=41 rej=0 xrej=0 init_replace=5 gate=0
[T2slv] t=39.1280 phase=1 init_cost=108.084 final_cost=100.179 iters=9 term=1 slv_ms=17.8
[T2diag] t=39.1280 P=[-0.0102 -0.0064 0.0001] V=[0.0172 0.0003 0.0142] |Bas|=0.459276 |Bgs|=0.0003753 Bas=[-0.054289 -0.456009 0.006579] Bgs=[-0.0002266 -0.0000166 0.0002988] tic0=[0.1200 0.0500 -0.0200] tic1=[0.1200 -0.0500 -0.0200] td=0.00000 track=140
[E2uls] flag=1 sh_t=39.176 new_t=39.176 dP=[0.0022 -0.0008 0.0002] |dP|=0.0023 first_dt=-1.0000
time: 39.128000, t: -0.010178 -0.006372 0.000096 q: 0.999729 0.022882 -0.004169 0.000916 
[T2xcross] t=39.2280 id=3412 est=5.0000 svd=2.5567 rel=0.4887 track=2 sf=9
[T2xcross] t=39.2280 id=3607 est=3.8880 svd=0.4012 rel=0.8968 track=2 sf=9
[T2depth] t=39.2280 id=3608 src=motion2 u=135.3 v=116.9 depth=5.0000 depth2=-1.0000 track=2 sf=9 flag=init_neg
[T2depth] t=39.2280 id=3610 src=motion2 u=233.5 v=77.8 depth=0.1438 depth2=-1.0000 track=2 sf=9 flag=ok
[T2depth] t=39.2280 id=3611 src=motion2 u=236.0 v=189.0 depth=5.0000 depth2=-1.0000 track=2 sf=9 flag=init_neg
[T2depth] t=39.2280 id=3612 src=motion2 u=400.0 v=209.0 depth=0.0065 depth2=-1.0000 track=2 sf=9 flag=ok
[T2depth] t=39.2280 id=3614 src=motion2 u=504.0 v=55.0 depth=5.0000 depth2=-1.0000 track=2 sf=9 flag=init_neg
[T2depth] t=39.2280 id=3622 src=stereo u=87.1 v=198.5 depth=29.8944 depth2=-1.0000 track=1 sf=10 flag=ok
[T2depth] t=39.2280 id=3626 src=stereo u=154.0 v=81.0 depth=46.6896 depth2=-1.0000 track=1 sf=10 flag=ok
[T2gate] t=39.2280 tri=47 rej=0 xrej=0 init_replace=3 gate=0
[T2slv] t=39.2280 phase=1 init_cost=113.118 final_cost=101.232 iters=9 term=1 slv_ms=11.7
[T2diag] t=39.2280 P=[-0.0115 -0.0057 -0.0000] V=[0.0075 0.0025 0.0106] |Bas|=0.456094 |Bgs|=0.0003684 Bas=[-0.051432 -0.453136 0.006625] Bgs=[-0.0002120 -0.0000048 0.0003012] tic0=[0.1200 0.0500 -0.0200] tic1=[0.1200 -0.0500 -0.0200] td=0.00000 track=137
[E2uls] flag=1 sh_t=39.268 new_t=39.268 dP=[0.0040 -0.0010 0.0021] |dP|=0.0046 first_dt=-1.0000
time: 39.228000, t: -0.011477 -0.005714 -0.000025 q: 0.999731 0.022806 -0.004119 0.000864 
[T2xcross] t=39.3320 id=3486 est=2.2005 svd=3.6553 rel=0.3980 track=2 sf=9
[T2depth] t=39.3320 id=3615 src=motion2 u=341.8 v=157.6 depth=5.0000 depth2=-1.0000 track=2 sf=9 flag=init_neg
[T2depth] t=39.3320 id=3619 src=motion2 u=477.7 v=222.5 depth=0.5719 depth2=-1.0000 track=2 sf=9 flag=ok
[T2xcross] t=39.3320 id=3622 est=29.8944 svd=0.1463 rel=0.9951 track=2 sf=9
[T2depth] t=39.3320 id=3623 src=motion2 u=577.0 v=15.0 depth=0.1781 depth2=-1.0000 track=2 sf=9 flag=ok
[T2depth] t=39.3320 id=3624 src=motion2 u=51.0 v=239.0 depth=5.0000 depth2=-1.0000 track=2 sf=9 flag=init_neg
[T2depth] t=39.3320 id=3627 src=motion2 u=284.0 v=81.0 depth=0.2316 depth2=-1.0000 track=2 sf=9 flag=ok
[T2depth] t=39.3320 id=3628 src=motion2 u=518.0 v=151.0 depth=5.0000 depth2=-1.0000 track=2 sf=9 flag=init_neg
[T2depth] t=39.3320 id=3630 src=motion2 u=323.0 v=115.0 depth=5.0000 depth2=-1.0000 track=2 sf=9 flag=init_neg
[T2depth] t=39.3320 id=3638 src=stereo u=327.0 v=186.0 depth=33.5689 depth2=-1.0000 track=1 sf=10 flag=ok
[T2gate] t=39.3320 tri=43 rej=0 xrej=0 init_replace=4 gate=0
[T2slv] t=39.3320 phase=1 init_cost=109.656 final_cost=101.156 iters=9 term=1 slv_ms=16.2
[T2diag] t=39.3320 P=[-0.0131 -0.0047 -0.0000] V=[0.0130 0.0056 0.0084] |Bas|=0.452969 |Bgs|=0.0003462 Bas=[-0.048339 -0.450335 0.006488] Bgs=[-0.0001991 -0.0000060 0.0002832] tic0=[0.1200 0.0500 -0.0200] tic1=[0.1200 -0.0500 -0.0200] td=0.00000 track=143
[E2uls] flag=1 sh_t=39.384 new_t=39.384 dP=[0.0026 -0.0010 0.0016] |dP|=0.0032 first_dt=-1.0000
time: 39.332000, t: -0.013066 -0.004730 -0.000014 q: 0.999735 0.022683 -0.003904 0.000760 
[T2xcross] t=39.4640 id=3614 est=5.0000 svd=0.7564 rel=0.8487 track=2 sf=9
[T2depth] t=39.4640 id=3632 src=motion2 u=546.1 v=112.1 depth=0.1142 depth2=-1.0000 track=2 sf=9 flag=ok
[T2depth] t=39.4640 id=3633 src=motion2 u=29.6 v=122.9 depth=5.0000 depth2=-1.0000 track=2 sf=9 flag=init_neg
[T2depth] t=39.4640 id=3636 src=motion2 u=289.0 v=188.0 depth=0.1840 depth2=-1.0000 track=2 sf=9 flag=ok
[T2depth] t=39.4640 id=3640 src=stereo u=389.7 v=51.0 depth=4.3737 depth2=-1.0000 track=1 sf=10 flag=ok
[T2depth] t=39.4640 id=3644 src=stereo u=144.9 v=155.0 depth=5.0000 depth2=-1.0000 track=1 sf=10 flag=init_neg
[T2depth] t=39.4640 id=3645 src=stereo u=592.0 v=74.0 depth=5.0000 depth2=-1.0000 track=1 sf=10 flag=init_neg
[T2depth] t=39.4640 id=3647 src=stereo u=410.0 v=26.0 depth=3.7001 depth2=-1.0000 track=1 sf=10 flag=ok
[T2gate] t=39.4640 tri=41 rej=0 xrej=0 init_replace=3 gate=0
[T2slv] t=39.4640 phase=1 init_cost=110.584 final_cost=101.421 iters=9 term=1 slv_ms=12.3
[T2diag] t=39.4640 P=[-0.0143 -0.0037 -0.0004] V=[0.0054 0.0053 0.0082] |Bas|=0.450237 |Bgs|=0.0003360 Bas=[-0.040901 -0.448327 0.006624] Bgs=[-0.0001959 -0.0000046 0.0002729] tic0=[0.1200 0.0500 -0.0200] tic1=[0.1200 -0.0500 -0.0200] td=0.00000 track=140
[E2uls] flag=1 sh_t=39.500 new_t=39.500 dP=[0.0037 -0.0000 0.0025] |dP|=0.0045 first_dt=-1.0000
time: 39.464000, t: -0.014277 -0.003660 -0.000431 q: 0.999740 0.022499 -0.003663 0.000705 
[T2xcross] t=39.5720 id=3513 est=11.5222 svd=1.2409 rel=0.8923 track=2 sf=9
[T2xcross] t=39.5720 id=3636 est=0.1840 svd=0.0641 rel=0.6515 track=2 sf=9
[T2xcross] t=39.5720 id=3644 est=5.0000 svd=0.0758 rel=0.9848 track=2 sf=9
[T2depth] t=39.5720 id=3646 src=motion2 u=592.0 v=139.0 depth=0.1656 depth2=-1.0000 track=2 sf=9 flag=ok
[T2depth] t=39.5720 id=3649 src=motion2 u=240.0 v=134.0 depth=0.0948 depth2=-1.0000 track=2 sf=9 flag=ok
[T2depth] t=39.5720 id=3653 src=stereo u=594.2 v=97.8 depth=41.0613 depth2=-1.0000 track=1 sf=10 flag=ok
[T2depth] t=39.5720 id=3655 src=stereo u=285.0 v=124.0 depth=5.0000 depth2=-1.0000 track=1 sf=10 flag=init_neg
[T2depth] t=39.5720 id=3656 src=stereo u=40.0 v=113.0 depth=21.5832 depth2=-1.0000 track=1 sf=10 flag=ok
[T2depth] t=39.5720 id=3658 src=stereo u=384.0 v=184.0 depth=3.8951 depth2=-1.0000 track=1 sf=10 flag=ok
[T2gate] t=39.5720 tri=40 rej=0 xrej=0 init_replace=1 gate=0
[T2slv] t=39.5720 phase=1 init_cost=117.313 final_cost=102.929 iters=7 term=0 slv_ms=15.9
[T2diag] t=39.5720 P=[-0.0152 -0.0045 0.0003] V=[0.0115 0.0101 0.0140] |Bas|=0.449039 |Bgs|=0.0002994 Bas=[-0.033955 -0.447708 0.006399] Bgs=[-0.0001876 -0.0000179 0.0002327] tic0=[0.1200 0.0500 -0.0200] tic1=[0.1200 -0.0500 -0.0200] td=0.00000 track=141
[E2uls] flag=1 sh_t=39.616 new_t=39.616 dP=[0.0014 0.0016 0.0008] |dP|=0.0023 first_dt=-1.0000
time: 39.572000, t: -0.015215 -0.004469 0.000342 q: 0.999738 0.022651 -0.003216 0.000747 
[T2xcross] t=39.6680 id=3640 est=4.3737 svd=0.0208 rel=0.9952 track=2 sf=9
[T2xcross] t=39.6680 id=3655 est=5.0000 svd=0.5097 rel=0.8981 track=2 sf=9
[T2depth] t=39.6680 id=3657 src=motion2 u=278.0 v=22.0 depth=0.2197 depth2=-1.0000 track=2 sf=9 flag=ok
[T2depth] t=39.6680 id=3660 src=motion2 u=57.0 v=186.0 depth=0.0903 depth2=-1.0000 track=2 sf=9 flag=ok
[T2depth] t=39.6680 id=3661 src=motion2 u=396.0 v=107.0 depth=5.0000 depth2=-1.0000 track=2 sf=9 flag=init_neg
[T2depth] t=39.6680 id=3662 src=motion2 u=364.0 v=151.0 depth=5.0000 depth2=-1.0000 track=2 sf=9 flag=init_neg
[T2depth] t=39.6680 id=3667 src=stereo u=514.2 v=143.2 depth=30.5064 depth2=-1.0000 track=1 sf=10 flag=ok
[T2depth] t=39.6680 id=3668 src=stereo u=450.0 v=202.0 depth=3.8963 depth2=-1.0000 track=1 sf=10 flag=ok
[T2depth] t=39.6680 id=3672 src=stereo u=168.0 v=119.0 depth=35.6898 depth2=-1.0000 track=1 sf=10 flag=ok
[T2gate] t=39.6680 tri=40 rej=0 xrej=0 init_replace=2 gate=0
[T2slv] t=39.6680 phase=1 init_cost=112.351 final_cost=103.932 iters=9 term=1 slv_ms=18.7
[T2diag] t=39.6680 P=[-0.0163 -0.0061 0.0002] V=[0.0159 -0.0025 0.0145] |Bas|=0.445725 |Bgs|=0.0002748 Bas=[-0.028882 -0.444745 0.006197] Bgs=[-0.0001957 -0.0000181 0.0001921] tic0=[0.1200 0.0500 -0.0200] tic1=[0.1200 -0.0500 -0.0200] td=0.00000 track=140
[E2uls] flag=1 sh_t=39.716 new_t=39.716 dP=[0.0025 0.0037 0.0022] |dP|=0.0049 first_dt=-1.0000
time: 39.668000, t: -0.016255 -0.006129 0.000211 q: 0.999740 0.022607 -0.002850 0.000933 
[T2xcross] t=39.7640 id=3611 est=5.0000 svd=0.3066 rel=0.9387 track=2 sf=9
[T2depth] t=39.7640 id=3664 src=motion2 u=341.2 v=213.2 depth=5.0000 depth2=-1.0000 track=2 sf=9 flag=init_neg
[T2depth] t=39.7640 id=3666 src=motion2 u=590.6 v=53.3 depth=0.1604 depth2=-1.0000 track=2 sf=9 flag=ok
[T2xcross] t=39.7640 id=3668 est=3.8963 svd=0.4975 rel=0.8723 track=2 sf=9
[T2depth] t=39.7640 id=3669 src=motion2 u=571.0 v=112.0 depth=0.2846 depth2=-1.0000 track=2 sf=9 flag=ok
[T2depth] t=39.7640 id=3670 src=motion2 u=536.0 v=185.0 depth=5.0000 depth2=-1.0000 track=2 sf=9 flag=init_neg
[T2depth] t=39.7640 id=3671 src=motion2 u=319.0 v=152.0 depth=0.1727 depth2=-1.0000 track=2 sf=9 flag=ok
[T2depth] t=39.7640 id=3674 src=motion2 u=497.0 v=88.0 depth=0.1302 depth2=-1.0000 track=2 sf=9 flag=ok
[T2depth] t=39.7640 id=3684 src=stereo u=489.0 v=42.0 depth=3.3303 depth2=-1.0000 track=1 sf=10 flag=ok
[T2gate] t=39.7640 tri=40 rej=0 xrej=0 init_replace=2 gate=0
[T2slv] t=39.7640 phase=1 init_cost=113.784 final_cost=103.696 iters=9 term=1 slv_ms=17.3
[T2diag] t=39.7640 P=[-0.0181 -0.0066 0.0004] V=[0.0091 -0.0043 0.0144] |Bas|=0.442703 |Bgs|=0.0002804 Bas=[-0.018639 -0.442267 0.006160] Bgs=[-0.0002025 -0.0000283 0.0001919] tic0=[0.1200 0.0500 -0.0200] tic1=[0.1200 -0.0500 -0.0200] td=0.00000 track=142
[E2uls] flag=1 sh_t=39.812 new_t=39.812 dP=[0.0038 0.0003 0.0022] |dP|=0.0044 first_dt=-1.0000
time: 39.764000, t: -0.018081 -0.006585 0.000391 q: 0.999741 0.022593 -0.002401 0.001049 
[T2xcross] t=39.8680 id=3670 est=5.0000 svd=4.1872 rel=0.1626 track=2 sf=9
[T2depth] t=39.8680 id=3681 src=motion2 u=265.0 v=187.0 depth=0.4185 depth2=-1.0000 track=2 sf=9 flag=ok
[T2xcross] t=39.8680 id=3684 est=3.3303 svd=0.0712 rel=0.9786 track=2 sf=9
[T2depth] t=39.8680 id=3685 src=motion2 u=130.0 v=94.0 depth=5.0000 depth2=-1.0000 track=2 sf=9 flag=init_neg
[T2depth] t=39.8680 id=3692 src=stereo u=380.0 v=47.0 depth=4.3379 depth2=-1.0000 track=1 sf=10 flag=ok
[T2gate] t=39.8680 tri=46 rej=0 xrej=0 init_replace=1 gate=0
[T2slv] t=39.8680 phase=1 init_cost=114.89 final_cost=105.375 iters=9 term=1 slv_ms=10.4
[T2diag] t=39.8680 P=[-0.0160 -0.0050 0.0003] V=[0.0111 0.0063 0.0159] |Bas|=0.444676 |Bgs|=0.0002800 Bas=[-0.007048 -0.444573 0.006478] Bgs=[-0.0001843 -0.0000321 0.0002083] tic0=[0.1200 0.0500 -0.0200] tic1=[0.1200 -0.0500 -0.0200] td=0.00000 track=136
[E2uls] flag=1 sh_t=39.916 new_t=39.916 dP=[-0.0010 -0.0027 0.0030] |dP|=0.0042 first_dt=-1.0000
time: 39.868000, t: -0.016024 -0.005023 0.000310 q: 0.999749 0.022299 -0.001907 0.000799 
[T2depth] t=39.9680 id=23 src=motion2 u=505.2 v=361.5 depth=5.0000 depth2=-1.0000 track=2 sf=9 flag=init_neg
[T2depth] t=39.9680 id=36 src=motion2 u=522.0 v=323.3 depth=5.0000 depth2=-1.0000 track=2 sf=9 flag=init_neg
[T2depth] t=39.9680 id=50 src=motion2 u=463.5 v=294.2 depth=5.0000 depth2=-1.0000 track=2 sf=9 flag=init_neg
[T2depth] t=39.9680 id=56 src=motion2 u=477.9 v=346.5 depth=5.0000 depth2=-1.0000 track=2 sf=9 flag=init_neg
[T2depth] t=39.9680 id=86 src=motion2 u=512.8 v=292.1 depth=5.0000 depth2=-1.0000 track=2 sf=9 flag=init_neg
[T2depth] t=39.9680 id=3691 src=motion2 u=601.0 v=133.0 depth=5.0000 depth2=-1.0000 track=2 sf=9 flag=init_neg
[T2xcross] t=39.9680 id=3692 est=4.3379 svd=0.0133 rel=0.9969 track=2 sf=9
[T2depth] t=39.9680 id=3693 src=motion2 u=151.0 v=133.0 depth=5.0000 depth2=-1.0000 track=2 sf=9 flag=init_neg
[T2depth] t=39.9680 id=3697 src=motion2 u=222.0 v=45.0 depth=0.0651 depth2=-1.0000 track=2 sf=9 flag=ok
[T2depth] t=39.9680 id=3698 src=motion2 u=76.0 v=16.0 depth=0.1358 depth2=-1.0000 track=2 sf=9 flag=ok
[T2depth] t=39.9680 id=3701 src=stereo u=567.7 v=159.8 depth=5.0000 depth2=-1.0000 track=1 sf=10 flag=init_neg
[T2depth] t=39.9680 id=3706 src=stereo u=98.0 v=132.0 depth=5.0000 depth2=-1.0000 track=1 sf=10 flag=init_neg
[T2gate] t=39.9680 tri=46 rej=0 xrej=0 init_replace=9 gate=0
[T2slv] t=39.9680 phase=1 init_cost=111.536 final_cost=103.447 iters=9 term=1 slv_ms=16.1
[T2diag] t=39.9680 P=[-0.0149 -0.0034 0.0003] V=[0.0049 0.0068 0.0181] |Bas|=0.443295 |Bgs|=0.0003073 Bas=[-0.003981 -0.443233 0.006239] Bgs=[-0.0002077 -0.0000326 0.0002241] tic0=[0.1200 0.0500 -0.0200] tic1=[0.1200 -0.0500 -0.0200] td=0.00000 track=142
[E2uls] flag=1 sh_t=40.008 new_t=40.008 dP=[0.0008 -0.0005 0.0022] |dP|=0.0024 first_dt=-1.0000
time: 39.968000, t: -0.014890 -0.003406 0.000260 q: 0.999753 0.022135 -0.001737 0.000732 
[T2xcross] t=40.0720 id=3667 est=30.5064 svd=0.1613 rel=0.9947 track=2 sf=9
[T2xcross] t=40.0720 id=3671 est=0.1727 svd=0.4587 rel=0.6235 track=2 sf=9
[T2depth] t=40.0720 id=3699 src=motion2 u=243.0 v=148.0 depth=5.0000 depth2=-1.0000 track=2 sf=9 flag=init_neg
[T2depth] t=40.0720 id=3700 src=motion2 u=322.9 v=34.8 depth=0.3414 depth2=-1.0000 track=2 sf=9 flag=ok
[T2depth] t=40.0720 id=3702 src=motion2 u=165.1 v=200.8 depth=5.0000 depth2=-1.0000 track=2 sf=9 flag=init_neg
[T2depth] t=40.0720 id=3708 src=stereo u=584.5 v=172.0 depth=31.7299 depth2=-1.0000 track=1 sf=10 flag=ok
[T2depth] t=40.0720 id=3710 src=stereo u=126.0 v=107.0 depth=5.0000 depth2=-1.0000 track=1 sf=10 flag=init_neg
[T2depth] t=40.0720 id=3713 src=stereo u=60.0 v=159.0 depth=5.0000 depth2=-1.0000 track=1 sf=10 flag=init_neg
[T2depth] t=40.0720 id=3714 src=stereo u=373.0 v=119.0 depth=4.4235 depth2=-1.0000 track=1 sf=10 flag=ok
[T2depth] t=40.0720 id=3717 src=stereo u=345.0 v=10.0 depth=35.0361 depth2=-1.0000 track=1 sf=10 flag=ok
[T2gate] t=40.0720 tri=41 rej=0 xrej=0 init_replace=4 gate=0
[T2slv] t=40.0720 phase=1 init_cost=112.25 final_cost=102.521 iters=9 term=1 slv_ms=15.1
[T2diag] t=40.0720 P=[-0.0183 -0.0030 0.0001] V=[0.0050 -0.0115 0.0196] |Bas|=0.441176 |Bgs|=0.0003359 Bas=[-0.003080 -0.441123 0.006109] Bgs=[-0.0002457 -0.0000350 0.0002263] tic0=[0.1200 0.0500 -0.0200] tic1=[0.1200 -0.0500 -0.0200] td=0.00000 track=140
[E2uls] flag=1 sh_t=40.112 new_t=40.112 dP=[0.0042 0.0014 0.0028] |dP|=0.0052 first_dt=-1.0000
time: 40.072000, t: -0.018259 -0.003033 0.000085 q: 0.999753 0.022164 -0.001733 0.000730 
[T2xcross] t=40.1640 id=3699 est=5.0000 svd=0.1356 rel=0.9729 track=2 sf=9
[T2depth] t=40.1640 id=3709 src=motion2 u=37.2 v=207.9 depth=5.0000 depth2=-1.0000 track=2 sf=9 flag=init_neg
[T2xcross] t=40.1640 id=3710 est=5.0000 svd=0.9063 rel=0.8187 track=2 sf=9
[T2depth] t=40.1640 id=3711 src=motion2 u=205.0 v=18.0 depth=0.6657 depth2=-1.0000 track=2 sf=9 flag=ok
[T2depth] t=40.1640 id=3712 src=motion2 u=311.0 v=121.0 depth=0.3454 depth2=-1.0000 track=2 sf=9 flag=ok
[T2depth] t=40.1640 id=3715 src=motion2 u=382.0 v=189.0 depth=0.7894 depth2=-1.0000 track=2 sf=9 flag=ok
[T2depth] t=40.1640 id=3721 src=stereo u=319.8 v=80.0 depth=19.1633 depth2=-1.0000 track=1 sf=10 flag=ok
[T2depth] t=40.1640 id=3723 src=stereo u=382.0 v=152.0 depth=3.9390 depth2=-1.0000 track=1 sf=10 flag=ok
[T2gate] t=40.1640 tri=40 rej=0 xrej=0 init_replace=1 gate=0
[T2slv] t=40.1640 phase=1 init_cost=115.1 final_cost=105.193 iters=9 term=1 slv_ms=9.8
[T2diag] t=40.1640 P=[-0.0195 -0.0034 0.0001] V=[0.0103 -0.0056 0.0094] |Bas|=0.442388 |Bgs|=0.0003345 Bas=[0.005889 -0.442300 0.006584] Bgs=[-0.0002389 -0.0000626 0.0002256] tic0=[0.1200 0.0500 -0.0200] tic1=[0.1200 -0.0500 -0.0200] td=0.00000 track=140
[E2uls] flag=1 sh_t=40.212 new_t=40.212 dP=[0.0017 -0.0014 0.0027] |dP|=0.0035 first_dt=-1.0000
time: 40.164000, t: -0.019523 -0.003398 0.000053 q: 0.999752 0.022216 -0.001449 0.000735 
[T2xcross] t=40.2680 id=3714 est=4.4235 svd=0.2324 rel=0.9475 track=2 sf=9
[T2depth] t=40.2680 id=3724 src=motion2 u=111.0 v=31.0 depth=0.0522 depth2=-1.0000 track=2 sf=9 flag=ok
[T2depth] t=40.2680 id=3725 src=motion2 u=427.0 v=86.0 depth=0.0838 depth2=-1.0000 track=2 sf=9 flag=ok
[T2depth] t=40.2680 id=3726 src=motion2 u=630.0 v=82.0 depth=0.0183 depth2=-1.0000 track=2 sf=9 flag=ok
[T2depth] t=40.2680 id=3728 src=motion2 u=148.0 v=162.0 depth=0.2160 depth2=-1.0000 track=2 sf=9 flag=ok
[T2depth] t=40.2680 id=3734 src=stereo u=586.5 v=160.0 depth=36.3422 depth2=-1.0000 track=1 sf=10 flag=ok
[T2depth] t=40.2680 id=3741 src=stereo u=589.0 v=100.0 depth=22.7895 depth2=-1.0000 track=1 sf=10 flag=ok
[T2depth] t=40.2680 id=3742 src=stereo u=467.0 v=159.0 depth=3.5126 depth2=-1.0000 track=1 sf=10 flag=ok
[T2depth] t=40.2680 id=3743 src=stereo u=431.0 v=164.0 depth=4.0267 depth2=-1.0000 track=1 sf=10 flag=ok
[T2gate] t=40.2680 tri=45 rej=0 xrej=0 init_replace=0 gate=0
[T2slv] t=40.2680 phase=1 init_cost=123.922 final_cost=104.238 iters=9 term=1 slv_ms=15.1
[T2diag] t=40.2680 P=[-0.0175 -0.0060 0.0006] V=[0.0189 -0.0089 0.0206] |Bas|=0.439203 |Bgs|=0.0003562 Bas=[-0.001767 -0.439163 0.005691] Bgs=[-0.0002511 -0.0000688 0.0002430] tic0=[0.1200 0.0500 -0.0200] tic1=[0.1200 -0.0500 -0.0200] td=0.00000 track=138
[E2uls] flag=1 sh_t=40.324 new_t=40.324 dP=[-0.0008 0.0023 0.0003] |dP|=0.0024 first_dt=-1.0000
time: 40.268000, t: -0.017476 -0.006007 0.000553 q: 0.999755 0.022067 -0.001543 0.000928 
[T2xcross] t=40.3680 id=3725 est=0.0838 svd=1.0034 rel=0.9165 track=2 sf=9
[T2depth] t=40.3680 id=3730 src=motion2 u=344.0 v=147.4 depth=5.0000 depth2=-1.0000 track=2 sf=9 flag=init_neg
[T2depth] t=40.3680 id=3735 src=motion2 u=18.6 v=60.0 depth=5.0000 depth2=-1.0000 track=2 sf=9 flag=init_neg
[T2depth] t=40.3680 id=3739 src=motion2 u=88.0 v=181.0 depth=0.8279 depth2=-1.0000 track=2 sf=9 flag=ok
[T2depth] t=40.3680 id=3740 src=motion2 u=90.0 v=85.0 depth=5.0000 depth2=-1.0000 track=2 sf=9 flag=init_neg
[T2xcross] t=40.3680 id=3741 est=22.7895 svd=0.0593 rel=0.9974 track=2 sf=9
[T2depth] t=40.3680 id=3744 src=stereo u=487.5 v=222.8 depth=3.9074 depth2=-1.0000 track=1 sf=10 flag=ok
[T2depth] t=40.3680 id=3749 src=stereo u=580.0 v=152.0 depth=5.0000 depth2=-1.0000 track=1 sf=10 flag=init_neg
[T2depth] t=40.3680 id=3751 src=stereo u=219.0 v=197.0 depth=25.3820 depth2=-1.0000 track=1 sf=10 flag=ok
[T2gate] t=40.3680 tri=42 rej=0 xrej=0 init_replace=4 gate=0
[T2slv] t=40.3680 phase=1 init_cost=109.945 final_cost=97.8332 iters=9 term=1 slv_ms=14.7
[T2diag] t=40.3680 P=[-0.0192 -0.0071 0.0002] V=[-0.0123 -0.0064 -0.0029] |Bas|=0.439203 |Bgs|=0.0038059 Bas=[-0.001767 -0.439163 0.005691] Bgs=[0.0035256 0.0010276 -0.0009997] tic0=[0.1200 0.0500 -0.0200] tic1=[0.1200 -0.0500 -0.0200] td=0.00000 track=141
[E2uls] flag=1 sh_t=40.424 new_t=40.424 dP=[0.0066 -0.0006 0.0051] |dP|=0.0083 first_dt=-1.0000
time: 40.368000, t: -0.019240 -0.007060 0.000214 q: 0.999793 0.020209 -0.002116 0.001043 
[T2xcross] t=40.4640 id=3744 est=3.9074 svd=0.1185 rel=0.9697 track=2 sf=9
[T2depth] t=40.4640 id=3746 src=motion2 u=570.1 v=19.2 depth=5.0000 depth2=-1.0000 track=2 sf=9 flag=init_neg
[T2depth] t=40.4640 id=3747 src=motion2 u=622.5 v=138.9 depth=0.9112 depth2=-1.0000 track=2 sf=9 flag=ok
[T2xcross] t=40.4640 id=3749 est=5.0000 svd=0.3225 rel=0.9355 track=2 sf=9
[T2depth] t=40.4640 id=3750 src=motion2 u=378.0 v=41.0 depth=5.0000 depth2=-1.0000 track=2 sf=9 flag=init_neg
[T2depth] t=40.4640 id=3753 src=motion2 u=359.0 v=173.0 depth=5.0000 depth2=-1.0000 track=2 sf=9 flag=init_neg
[T2depth] t=40.4640 id=3759 src=stereo u=309.0 v=147.0 depth=5.0000 depth2=-1.0000 track=1 sf=10 flag=init_neg
[T2depth] t=40.4640 id=3760 src=stereo u=229.0 v=83.0 depth=27.6793 depth2=-1.0000 track=1 sf=10 flag=ok
[T2depth] t=40.4640 id=3761 src=stereo u=168.0 v=164.0 depth=5.0000 depth2=-1.0000 track=1 sf=10 flag=init_neg
[T2gate] t=40.4640 tri=41 rej=0 xrej=0 init_replace=5 gate=0
[T2slv] t=40.4640 phase=1 init_cost=105.276 final_cost=97.1314 iters=9 term=1 slv_ms=13.2
[T2diag] t=40.4640 P=[-0.0219 -0.0044 0.0001] V=[-0.0050 -0.0058 -0.0002] |Bas|=0.439203 |Bgs|=0.0033769 Bas=[-0.001767 -0.439163 0.005691] Bgs=[0.0011940 0.0030330 -0.0008825] tic0=[0.1200 0.0500 -0.0200] tic1=[0.1200 -0.0500 -0.0200] td=0.00000 track=140
[E2uls] flag=1 sh_t=40.504 new_t=40.504 dP=[0.0008 -0.0033 -0.0002] |dP|=0.0034 first_dt=-1.0000
time: 40.464000, t: -0.021860 -0.004384 0.000056 q: 0.999819 0.018780 -0.002896 0.000904 
[T2xcross] t=40.5680 id=3742 est=3.5126 svd=1.2531 rel=0.6433 track=2 sf=9
[T2depth] t=40.5680 id=72 src=motion2 u=555.6 v=431.0 depth=2.7369 depth2=-1.0000 track=2 sf=9 flag=ok
[T2depth] t=40.5680 id=3755 src=motion2 u=74.0 v=41.0 depth=0.2644 depth2=-1.0000 track=2 sf=9 flag=ok
[T2depth] t=40.5680 id=3756 src=motion2 u=143.0 v=16.0 depth=0.1242 depth2=-1.0000 track=2 sf=9 flag=ok
[T2xcross] t=40.5680 id=3759 est=5.0000 svd=0.0646 rel=0.9871 track=2 sf=9
[T2xcross] t=40.5680 id=3760 est=27.6793 svd=0.1211 rel=0.9956 track=2 sf=9
[T2xcross] t=40.5680 id=3761 est=5.0000 svd=0.0154 rel=0.9969 track=2 sf=9
[T2depth] t=40.5680 id=3763 src=stereo u=512.8 v=154.1 depth=3.5058 depth2=-1.0000 track=1 sf=10 flag=ok
[T2depth] t=40.5680 id=3768 src=stereo u=482.4 v=228.8 depth=4.0639 depth2=-1.0000 track=1 sf=10 flag=ok
[T2depth] t=40.5680 id=3769 src=stereo u=597.4 v=88.1 depth=26.4740 depth2=-1.0000 track=1 sf=10 flag=ok
[T2gate] t=40.5680 tri=44 rej=0 xrej=0 init_replace=0 gate=0
[T2slv] t=40.5680 phase=1 init_cost=122.365 final_cost=98.7471 iters=9 term=1 slv_ms=12.7
[T2diag] t=40.5680 P=[-0.0179 -0.0072 0.0001] V=[0.0163 0.0098 0.0017] |Bas|=0.439203 |Bgs|=0.0006361 Bas=[-0.001767 -0.439163 0.005691] Bgs=[-0.0001637 -0.0004928 0.0003675] tic0=[0.1200 0.0500 -0.0200] tic1=[0.1200 -0.0500 -0.0200] td=0.00000 track=138
[E2uls] flag=1 sh_t=40.604 new_t=40.604 dP=[-0.0064 0.0024 0.0002] |dP|=0.0069 first_dt=-1.0000
time: 40.568000, t: -0.017897 -0.007232 0.000112 q: 0.999839 0.017632 -0.003172 0.001107 
[T2xcross] t=40.6640 id=3750 est=5.0000 svd=0.3407 rel=0.9319 track=2 sf=9
[T2depth] t=40.6640 id=2409 src=motion2 u=634.7 v=477.9 depth=39.0283 depth2=-1.0000 track=2 sf=9 flag=ok
[T2xcross] t=40.6640 id=3763 est=3.5058 svd=0.2468 rel=0.9296 track=2 sf=9
[T2depth] t=40.6640 id=3764 src=motion2 u=545.4 v=188.8 depth=0.4284 depth2=-1.0000 track=2 sf=9 flag=ok
[T2depth] t=40.6640 id=3765 src=motion2 u=348.3 v=110.7 depth=0.1248 depth2=-1.0000 track=2 sf=9 flag=ok
[T2depth] t=40.6640 id=3766 src=motion2 u=264.5 v=222.9 depth=0.7863 depth2=-1.0000 track=2 sf=9 flag=ok
[T2depth] t=40.6640 id=3771 src=motion2 u=621.3 v=214.3 depth=5.0000 depth2=-1.0000 track=2 sf=9 flag=init_neg
[T2depth] t=40.6640 id=3773 src=motion2 u=23.0 v=232.0 depth=5.0000 depth2=-1.0000 track=2 sf=9 flag=init_neg
[T2depth] t=40.6640 id=3775 src=stereo u=129.2 v=195.9 depth=31.3049 depth2=-1.0000 track=1 sf=10 flag=ok
[T2depth] t=40.6640 id=3780 src=stereo u=495.0 v=25.0 depth=3.4187 depth2=-1.0000 track=1 sf=10 flag=ok
[T2depth] t=40.6640 id=3781 src=stereo u=602.0 v=108.0 depth=5.0000 depth2=-1.0000 track=1 sf=10 flag=init_neg
[T2depth] t=40.6640 id=3782 src=stereo u=380.0 v=193.0 depth=4.6373 depth2=-1.0000 track=1 sf=10 flag=ok
[T2gate] t=40.6640 tri=45 rej=0 xrej=0 init_replace=3 gate=0
[T2slv] t=40.6640 phase=1 init_cost=106.466 final_cost=98.9381 iters=9 term=1 slv_ms=14.0
[T2diag] t=40.6640 P=[-0.0171 -0.0078 0.0007] V=[-0.0141 -0.0004 0.0057] |Bas|=0.439203 |Bgs|=0.0037866 Bas=[-0.001767 -0.439163 0.005691] Bgs=[-0.0016663 -0.0023322 0.0024743] tic0=[0.1200 0.0500 -0.0200] tic1=[0.1200 -0.0500 -0.0200] td=0.00000 track=139
[E2uls] flag=1 sh_t=40.708 new_t=40.708 dP=[0.0018 0.0033 -0.0003] |dP|=0.0037 first_dt=-1.0000
time: 40.664000, t: -0.017108 -0.007831 0.000741 q: 0.999853 0.016803 -0.003327 0.001106 
[T2depth] t=40.7640 id=3776 src=motion2 u=109.2 v=153.8 depth=5.0000 depth2=-1.0000 track=2 sf=9 flag=init_neg
[T2depth] t=40.7640 id=3777 src=motion2 u=531.7 v=57.3 depth=2.0822 depth2=-1.0000 track=2 sf=9 flag=ok
[T2depth] t=40.7640 id=3778 src=motion2 u=21.0 v=124.0 depth=5.0000 depth2=-1.0000 track=2 sf=9 flag=init_neg
[T2depth] t=40.7640 id=3779 src=motion2 u=143.0 v=56.0 depth=1.0538 depth2=-1.0000 track=2 sf=9 flag=ok
[T2depth] t=40.7640 id=3783 src=motion2 u=501.0 v=122.0 depth=1.0233 depth2=-1.0000 track=2 sf=9 flag=ok
[T2depth] t=40.7640 id=3785 src=stereo u=441.0 v=209.4 depth=3.8926 depth2=-1.0000 track=1 sf=10 flag=ok
[T2depth] t=40.7640 id=3786 src=stereo u=105.8 v=61.6 depth=5.0000 depth2=-1.0000 track=1 sf=10 flag=init_neg
[T2depth] t=40.7640 id=3794 src=stereo u=412.0 v=117.0 depth=4.5304 depth2=-1.0000 track=1 sf=10 flag=ok
[T2depth] t=40.7640 id=3797 src=stereo u=494.0 v=199.0 depth=4.0798 depth2=-1.0000 track=1 sf=10 flag=ok
[T2gate] t=40.7640 tri=43 rej=0 xrej=0 init_replace=3 gate=0
[T2slv] t=40.7640 phase=1 init_cost=108.524 final_cost=98.3274 iters=9 term=1 slv_ms=13.1
[T2diag] t=40.7640 P=[-0.0231 -0.0045 -0.0000] V=[-0.0142 -0.0066 -0.0086] |Bas|=0.439203 |Bgs|=0.0073130 Bas=[-0.001767 -0.439163 0.005691] Bgs=[0.0032264 0.0065094 0.0008359] tic0=[0.1200 0.0500 -0.0200] tic1=[0.1200 -0.0500 -0.0200] td=0.00000 track=139
[E2uls] flag=1 sh_t=40.804 new_t=40.804 dP=[0.0039 -0.0020 0.0019] |dP|=0.0048 first_dt=-1.0000
time: 40.764000, t: -0.023118 -0.004531 -0.000032 q: 0.999861 0.016267 -0.003611 0.000870 
[T2xcross] t=40.8640 id=3747 est=0.9112 svd=0.3445 rel=0.6219 track=2 sf=9
[T2xcross] t=40.8640 id=3771 est=5.0000 svd=0.5196 rel=0.8961 track=2 sf=9
[T2xcross] t=40.8640 id=3786 est=5.0000 svd=0.0082 rel=0.9984 track=2 sf=9
[T2depth] t=40.8640 id=3788 src=motion2 u=255.3 v=63.1 depth=5.0000 depth2=-1.0000 track=2 sf=9 flag=init_neg
[T2depth] t=40.8640 id=3789 src=motion2 u=142.2 v=13.2 depth=5.0000 depth2=-1.0000 track=2 sf=9 flag=init_neg
[T2depth] t=40.8640 id=3795 src=motion2 u=350.0 v=161.0 depth=0.0617 depth2=-1.0000 track=2 sf=9 flag=ok
[T2depth] t=40.8640 id=3796 src=motion2 u=151.0 v=130.0 depth=0.0267 depth2=-1.0000 track=2 sf=9 flag=ok
[T2depth] t=40.8640 id=3798 src=stereo u=163.4 v=76.7 depth=5.0000 depth2=-1.0000 track=1 sf=10 flag=init_neg
[T2depth] t=40.8640 id=3799 src=stereo u=444.0 v=181.1 depth=3.8956 depth2=-1.0000 track=1 sf=10 flag=ok
[T2depth] t=40.8640 id=3803 src=stereo u=200.6 v=117.3 depth=32.0188 depth2=-1.0000 track=1 sf=10 flag=ok
[T2depth] t=40.8640 id=3805 src=stereo u=220.0 v=27.3 depth=5.0000 depth2=-1.0000 track=1 sf=10 flag=init_neg
[T2depth] t=40.8640 id=3806 src=stereo u=68.5 v=149.1 depth=43.3430 depth2=-1.0000 track=1 sf=10 flag=ok
[T2gate] t=40.8640 tri=43 rej=0 xrej=0 init_replace=4 gate=0
[T2slv] t=40.8640 phase=1 init_cost=106.752 final_cost=97.1413 iters=9 term=1 slv_ms=13.3
[T2diag] t=40.8640 P=[-0.0213 -0.0024 0.0000] V=[0.0194 0.0287 0.0030] |Bas|=0.439203 |Bgs|=0.0080456 Bas=[-0.001767 -0.439163 0.005691] Bgs=[-0.0002357 -0.0071693 0.0036438] tic0=[0.1200 0.0500 -0.0200] tic1=[0.1200 -0.0500 -0.0200] td=0.00000 track=139
[E2uls] flag=1 sh_t=40.904 new_t=40.904 dP=[-0.0053 -0.0032 -0.0018] |dP|=0.0064 first_dt=-1.0000
time: 40.864000, t: -0.021292 -0.002396 0.000004 q: 0.999868 0.015739 -0.003839 0.000760 
[T2xcross] t=40.9680 id=3796 est=0.0267 svd=0.2691 rel=0.9006 track=2 sf=9
[T2depth] t=40.9680 id=3800 src=motion2 u=81.7 v=204.0 depth=5.0000 depth2=-1.0000 track=2 sf=9 flag=init_neg
[T2depth] t=40.9680 id=3801 src=motion2 u=55.5 v=88.2 depth=0.2512 depth2=-1.0000 track=2 sf=9 flag=ok
[T2depth] t=40.9680 id=3804 src=motion2 u=400.0 v=117.3 depth=0.6243 depth2=-1.0000 track=2 sf=9 flag=ok
[T2depth] t=40.9680 id=3808 src=motion2 u=411.0 v=26.0 depth=0.9537 depth2=-1.0000 track=2 sf=9 flag=ok
[T2depth] t=40.9680 id=3810 src=stereo u=402.8 v=154.6 depth=4.1733 depth2=-1.0000 track=1 sf=10 flag=ok
[T2depth] t=40.9680 id=3816 src=stereo u=495.0 v=85.0 depth=3.9814 depth2=-1.0000 track=1 sf=10 flag=ok
[T2depth] t=40.9680 id=3818 src=stereo u=19.0 v=55.0 depth=40.5763 depth2=-1.0000 track=1 sf=10 flag=ok
[T2depth] t=40.9680 id=3819 src=stereo u=511.0 v=172.0 depth=3.8701 depth2=-1.0000 track=1 sf=10 flag=ok
[T2gate] t=40.9680 tri=41 rej=0 xrej=0 init_replace=1 gate=0
[T2slv] t=40.9680 phase=1 init_cost=128.25 final_cost=99.6028 iters=9 term=1 slv_ms=15.8
[T2diag] t=40.9680 P=[-0.0163 -0.0082 -0.0000] V=[0.0042 -0.0038 -0.0048] |Bas|=0.439203 |Bgs|=0.0038537 Bas=[-0.001767 -0.439163 0.005691] Bgs=[0.0033283 0.0005931 0.0018497] tic0=[0.1200 0.0500 -0.0200] tic1=[0.1200 -0.0500 -0.0200] td=0.00000 track=140
[E2uls] flag=1 sh_t=41.012 new_t=41.012 dP=[-0.0020 0.0135 0.0006] |dP|=0.0136 first_dt=-1.0000
time: 40.968000, t: -0.016289 -0.008184 -0.000002 q: 0.999878 0.015134 -0.003732 0.001117 
[T2depth] t=41.0640 id=3811 src=motion2 u=290.9 v=109.4 depth=0.1236 depth2=-1.0000 track=2 sf=9 flag=ok
[T2depth] t=41.0640 id=3812 src=motion2 u=23.9 v=9.1 depth=0.4571 depth2=-1.0000 track=2 sf=9 flag=ok
[T2depth] t=41.0640 id=3814 src=motion2 u=177.8 v=162.2 depth=0.1354 depth2=-1.0000 track=2 sf=9 flag=ok
[T2depth] t=41.0640 id=3815 src=motion2 u=596.0 v=185.6 depth=5.0000 depth2=-1.0000 track=2 sf=9 flag=init_neg
[T2depth] t=41.0640 id=3823 src=stereo u=559.3 v=98.0 depth=31.7763 depth2=-1.0000 track=1 sf=10 flag=ok
[T2depth] t=41.0640 id=3826 src=stereo u=488.0 v=117.0 depth=3.9188 depth2=-1.0000 track=1 sf=10 flag=ok
[T2depth] t=41.0640 id=3827 src=stereo u=471.0 v=221.0 depth=4.1301 depth2=-1.0000 track=1 sf=10 flag=ok
[T2gate] t=41.0640 tri=38 rej=0 xrej=0 init_replace=1 gate=0
[T2slv] t=41.0640 phase=1 init_cost=108.101 final_cost=100.472 iters=9 term=1 slv_ms=12.8
[T2diag] t=41.0640 P=[-0.0153 -0.0085 0.0009] V=[-0.0052 0.0076 0.0047] |Bas|=0.439203 |Bgs|=0.0041367 Bas=[-0.001767 -0.439163 0.005691] Bgs=[-0.0003401 0.0035711 -0.0020600] tic0=[0.1200 0.0500 -0.0200] tic1=[0.1200 -0.0500 -0.0200] td=0.00000 track=143
[E2uls] flag=1 sh_t=41.100 new_t=41.100 dP=[-0.0005 0.0012 -0.0021] |dP|=0.0025 first_dt=-1.0000
time: 41.064000, t: -0.015342 -0.008509 0.000877 q: 0.999881 0.014977 -0.003454 0.001161 
[T2xcross] t=41.1640 id=3808 est=0.9537 svd=0.0593 rel=0.9378 track=2 sf=9
[T2xcross] t=41.1640 id=3819 est=3.8701 svd=0.0757 rel=0.9804 track=2 sf=9
[T2depth] t=41.1640 id=3820 src=motion2 u=336.6 v=91.7 depth=0.0310 depth2=-1.0000 track=2 sf=9 flag=ok
[T2depth] t=41.1640 id=3825 src=motion2 u=177.0 v=110.0 depth=0.3164 depth2=-1.0000 track=2 sf=9 flag=ok
[T2depth] t=41.1640 id=3828 src=motion2 u=257.0 v=40.0 depth=0.1553 depth2=-1.0000 track=2 sf=9 flag=ok
[T2depth] t=41.1640 id=3832 src=stereo u=379.7 v=182.9 depth=4.3925 depth2=-1.0000 track=1 sf=10 flag=ok
[T2gate] t=41.1640 tri=40 rej=0 xrej=0 init_replace=0 gate=0
[T2slv] t=41.1640 phase=1 init_cost=111.336 final_cost=99.7493 iters=9 term=1 slv_ms=13.8
[T2diag] t=41.1640 P=[-0.0170 -0.0072 0.0002] V=[0.0022 0.0082 -0.0040] |Bas|=0.439203 |Bgs|=0.0037629 Bas=[-0.001767 -0.439163 0.005691] Bgs=[0.0010856 0.0033134 -0.0014151] tic0=[0.1200 0.0500 -0.0200] tic1=[0.1200 -0.0500 -0.0200] td=0.00000 track=139
[E2uls] flag=1 sh_t=41.200 new_t=41.200 dP=[0.0004 0.0011 0.0014] |dP|=0.0018 first_dt=-1.0000
time: 41.164000, t: -0.016977 -0.007171 0.000234 q: 0.999884 0.014835 -0.003398 0.001061 
[T2depth] t=41.2640 id=3829 src=motion2 u=448.0 v=76.7 depth=5.0000 depth2=-1.0000 track=2 sf=9 flag=init_neg
[T2depth] t=41.2640 id=3831 src=motion2 u=196.9 v=34.5 depth=0.2634 depth2=-1.0000 track=2 sf=9 flag=ok
[T2depth] t=41.2640 id=3833 src=motion2 u=350.5 v=12.5 depth=0.1352 depth2=-1.0000 track=2 sf=9 flag=ok
[T2depth] t=41.2640 id=3835 src=motion2 u=89.7 v=183.9 depth=0.0969 depth2=-1.0000 track=2 sf=9 flag=ok
[T2depth] t=41.2640 id=3837 src=motion2 u=370.0 v=130.0 depth=5.0000 depth2=-1.0000 track=2 sf=9 flag=init_neg
[T2depth] t=41.2640 id=3838 src=motion2 u=553.0 v=69.0 depth=5.0000 depth2=-1.0000 track=2 sf=9 flag=init_neg
[T2depth] t=41.2640 id=3839 src=motion2 u=189.0 v=194.0 depth=0.2919 depth2=-1.0000 track=2 sf=9 flag=ok
[T2depth] t=41.2640 id=3846 src=stereo u=151.0 v=134.0 depth=39.4610 depth2=-1.0000 track=1 sf=10 flag=ok
[T2depth] t=41.2640 id=3847 src=stereo u=525.0 v=40.0 depth=3.9597 depth2=-1.0000 track=1 sf=10 flag=ok
[T2gate] t=41.2640 tri=43 rej=0 xrej=0 init_replace=3 gate=0
[T2slv] t=41.2640 phase=1 init_cost=107.533 final_cost=100.843 iters=9 term=1 slv_ms=20.2
[T2diag] t=41.2640 P=[-0.0166 -0.0074 0.0008] V=[0.0033 0.0064 0.0071] |Bas|=0.439203 |Bgs|=0.0043869 Bas=[-0.001767 -0.439163 0.005691] Bgs=[0.0031051 -0.0003256 -0.0030817] tic0=[0.1200 0.0500 -0.0200] tic1=[0.1200 -0.0500 -0.0200] td=0.00000 track=142
[E2uls] flag=1 sh_t=41.316 new_t=41.316 dP=[-0.0008 0.0042 -0.0013] |dP|=0.0044 first_dt=-1.0000
time: 41.264000, t: -0.016591 -0.007427 0.000805 q: 0.999888 0.014548 -0.003286 0.001087 
[T2xcross] t=41.3640 id=3829 est=5.0000 svd=0.4213 rel=0.9157 track=2 sf=9
[T2depth] t=41.3640 id=3841 src=motion2 u=238.2 v=178.7 depth=5.0000 depth2=-1.0000 track=2 sf=9 flag=init_neg
[T2depth] t=41.3640 id=3845 src=motion2 u=58.0 v=123.0 depth=5.0000 depth2=-1.0000 track=2 sf=9 flag=init_neg
[T2xcross] t=41.3640 id=3846 est=39.4610 svd=0.0470 rel=0.9988 track=2 sf=9
[T2xcross] t=41.3640 id=3847 est=3.9597 svd=0.3794 rel=0.9042 track=2 sf=9
[T2depth] t=41.3640 id=3851 src=stereo u=357.4 v=149.4 depth=3.8034 depth2=-1.0000 track=1 sf=10 flag=ok
[T2depth] t=41.3640 id=3857 src=stereo u=567.0 v=8.0 depth=28.6855 depth2=-1.0000 track=1 sf=10 flag=ok
[T2depth] t=41.3640 id=3861 src=stereo u=190.0 v=152.0 depth=38.1142 depth2=-1.0000 track=1 sf=10 flag=ok
[T2gate] t=41.3640 tri=43 rej=0 xrej=0 init_replace=2 gate=0
[T2slv] t=41.3640 phase=1 init_cost=109.513 final_cost=98.0999 iters=9 term=1 slv_ms=13.3
[T2diag] t=41.3640 P=[-0.0209 -0.0015 0.0003] V=[0.0126 0.0005 -0.0029] |Bas|=0.439203 |Bgs|=0.0048166 Bas=[-0.001767 -0.439163 0.005691] Bgs=[0.0016527 -0.0012138 -0.0043583] tic0=[0.1200 0.0500 -0.0200] tic1=[0.1200 -0.0500 -0.0200] td=0.00000 track=138
[E2uls] flag=1 sh_t=41.408 new_t=41.408 dP=[0.0038 -0.0027 0.0022] |dP|=0.0052 first_dt=-1.0000
time: 41.364000, t: -0.020940 -0.001534 0.000280 q: 0.999890 0.014449 -0.003398 0.000636 
[T2xcross] t=41.4680 id=3841 est=5.0000 svd=0.0235 rel=0.9953 track=2 sf=9
[T2depth] t=41.4680 id=3850 src=motion2 u=193.1 v=18.1 depth=5.0000 depth2=-1.0000 track=2 sf=9 flag=init_neg
[T2depth] t=41.4680 id=3852 src=motion2 u=88.7 v=25.9 depth=0.1208 depth2=-1.0000 track=2 sf=9 flag=ok
[T2depth] t=41.4680 id=3854 src=motion2 u=12.9 v=187.8 depth=0.0550 depth2=-1.0000 track=2 sf=9 flag=ok
[T2depth] t=41.4680 id=3856 src=motion2 u=161.4 v=32.8 depth=5.0000 depth2=-1.0000 track=2 sf=9 flag=init_neg
[T2depth] t=41.4680 id=3858 src=motion2 u=563.0 v=102.0 depth=5.0000 depth2=-1.0000 track=2 sf=9 flag=init_neg
[T2depth] t=41.4680 id=3860 src=motion2 u=489.0 v=181.0 depth=5.0000 depth2=-1.0000 track=2 sf=9 flag=init_neg
[T2depth] t=41.4680 id=3862 src=motion2 u=474.0 v=111.0 depth=0.1490 depth2=-1.0000 track=2 sf=9 flag=ok
[T2depth] t=41.4680 id=3863 src=motion2 u=304.0 v=178.0 depth=0.2264 depth2=-1.0000 track=2 sf=9 flag=ok
[T2depth] t=41.4680 id=3865 src=stereo u=533.3 v=111.7 depth=3.2020 depth2=-1.0000 track=1 sf=10 flag=ok
[T2gate] t=41.4680 tri=41 rej=0 xrej=0 init_replace=4 gate=0
[T2slv] t=41.4680 phase=1 init_cost=103.896 final_cost=97.7205 iters=9 term=1 slv_ms=23.0
[T2diag] t=41.4680 P=[-0.0205 0.0008 -0.0002] V=[-0.0023 0.0299 -0.0016] |Bas|=0.439203 |Bgs|=0.0053029 Bas=[-0.001767 -0.439163 0.005691] Bgs=[-0.0009646 -0.0051824 -0.0005776] tic0=[0.1200 0.0500 -0.0200] tic1=[0.1200 -0.0500 -0.0200] td=0.00000 track=143
[E2uls] flag=1 sh_t=41.520 new_t=41.520 dP=[0.0017 -0.0013 0.0001] |dP|=0.0021 first_dt=-1.0000
time: 41.468000, t: -0.020524 0.000834 -0.000204 q: 0.999890 0.014393 -0.003557 0.000452 
[T2depth] t=41.5640 id=3866 src=motion2 u=576.5 v=143.0 depth=0.3833 depth2=-1.0000 track=2 sf=9 flag=ok
[T2depth] t=41.5640 id=3869 src=motion2 u=45.0 v=26.0 depth=7.1135 depth2=-1.0000 track=2 sf=9 flag=ok
[T2depth] t=41.5640 id=3874 src=stereo u=366.0 v=117.5 depth=3.8348 depth2=-1.0000 track=1 sf=10 flag=ok
[T2depth] t=41.5640 id=3877 src=stereo u=318.0 v=122.0 depth=5.0000 depth2=-1.0000 track=1 sf=10 flag=init_neg
[T2depth] t=41.5640 id=3879 src=stereo u=142.0 v=68.0 depth=20.2008 depth2=-1.0000 track=1 sf=10 flag=ok
[T2gate] t=41.5640 tri=42 rej=0 xrej=0 init_replace=1 gate=0
[T2slv] t=41.5640 phase=1 init_cost=105.603 final_cost=96.8316 iters=9 term=1 slv_ms=12.9
[T2diag] t=41.5640 P=[-0.0202 0.0015 -0.0006] V=[-0.0022 0.0158 -0.0006] |Bas|=0.439203 |Bgs|=0.0052856 Bas=[-0.001767 -0.439163 0.005691] Bgs=[0.0009772 0.0040758 -0.0032203] tic0=[0.1200 0.0500 -0.0200] tic1=[0.1200 -0.0500 -0.0200] td=0.00000 track=139
[E2uls] flag=1 sh_t=41.600 new_t=41.600 dP=[-0.0005 0.0058 0.0004] |dP|=0.0059 first_dt=-1.0000
time: 41.564000, t: -0.020235 0.001486 -0.000606 q: 0.999893 0.014086 -0.003823 0.000405 
[T2xcross] t=41.6720 id=3866 est=0.3833 svd=0.8444 rel=0.5460 track=2 sf=9
[T2depth] t=41.6720 id=3871 src=motion2 u=366.4 v=195.3 depth=0.0975 depth2=-1.0000 track=2 sf=9 flag=ok
[T2depth] t=41.6720 id=3873 src=motion2 u=162.1 v=178.2 depth=5.0000 depth2=-1.0000 track=2 sf=9 flag=init_neg
[T2depth] t=41.6720 id=3881 src=motion2 u=214.0 v=97.0 depth=5.0000 depth2=-1.0000 track=2 sf=9 flag=init_neg
[T2depth] t=41.6720 id=3884 src=stereo u=513.1 v=75.5 depth=4.1507 depth2=-1.0000 track=1 sf=10 flag=ok
[T2depth] t=41.6720 id=3885 src=stereo u=289.8 v=155.3 depth=5.0000 depth2=-1.0000 track=1 sf=10 flag=init_neg
[T2depth] t=41.6720 id=3887 src=stereo u=411.3 v=83.6 depth=4.0051 depth2=-1.0000 track=1 sf=10 flag=ok
[T2gate] t=41.6720 tri=43 rej=0 xrej=0 init_replace=3 gate=0
[T2slv] t=41.6720 phase=1 init_cost=107.73 final_cost=97.6919 iters=9 term=1 slv_ms=14.6
[T2diag] t=41.6720 P=[-0.0203 0.0010 0.0001] V=[-0.0062 0.0036 0.0027] |Bas|=0.439203 |Bgs|=0.0046867 Bas=[-0.001767 -0.439163 0.005691] Bgs=[0.0033895 -0.0031989 -0.0004934] tic0=[0.1200 0.0500 -0.0200] tic1=[0.1200 -0.0500 -0.0200] td=0.00000 track=140
[E2uls] flag=1 sh_t=41.716 new_t=41.716 dP=[-0.0009 0.0063 -0.0014] |dP|=0.0065 first_dt=-1.0000
time: 41.672000, t: -0.020255 0.001016 0.000118 q: 0.999897 0.013862 -0.003781 0.000413 
[T2depth] t=41.7960 id=3883 src=motion2 u=103.7 v=99.7 depth=0.4636 depth2=-1.0000 track=2 sf=9 flag=ok
[T2xcross] t=41.7960 id=3884 est=4.1507 svd=0.3009 rel=0.9275 track=2 sf=9
[T2xcross] t=41.7960 id=3885 est=5.0000 svd=0.2622 rel=0.9476 track=2 sf=9
[T2xcross] t=41.7960 id=3887 est=4.0051 svd=0.0663 rel=0.9834 track=2 sf=9
[T2depth] t=41.7960 id=3891 src=motion2 u=128.0 v=163.0 depth=5.0000 depth2=-1.0000 track=2 sf=9 flag=init_neg
[T2depth] t=41.7960 id=3892 src=motion2 u=208.0 v=133.0 depth=5.0000 depth2=-1.0000 track=2 sf=9 flag=init_neg
[T2depth] t=41.7960 id=3893 src=motion2 u=604.0 v=184.0 depth=0.0500 depth2=-1.0000 track=2 sf=9 flag=ok
[T2depth] t=41.7960 id=3894 src=stereo u=263.9 v=16.4 depth=5.0000 depth2=-1.0000 track=1 sf=10 flag=init_neg
[T2depth] t=41.7960 id=3898 src=stereo u=109.0 v=51.0 depth=43.7450 depth2=-1.0000 track=1 sf=10 flag=ok
[T2depth] t=41.7960 id=3899 src=stereo u=246.0 v=89.0 depth=5.0000 depth2=-1.0000 track=1 sf=10 flag=init_neg
[T2depth] t=41.7960 id=3903 src=stereo u=365.0 v=29.0 depth=4.1066 depth2=-1.0000 track=1 sf=10 flag=ok
[T2gate] t=41.7960 tri=41 rej=0 xrej=0 init_replace=4 gate=0
[T2slv] t=41.7960 phase=1 init_cost=107.629 final_cost=99.0869 iters=9 term=1 slv_ms=15.7
[T2diag] t=41.7960 P=[-0.0265 -0.0012 0.0003] V=[-0.0268 0.0001 -0.0052] |Bas|=0.439203 |Bgs|=0.0012566 Bas=[-0.001767 -0.439163 0.005691] Bgs=[0.0012225 -0.0000730 -0.0002815] tic0=[0.1200 0.0500 -0.0200] tic1=[0.1200 -0.0500 -0.0200] td=0.00000 track=141
[E2uls] flag=1 sh_t=41.840 new_t=41.840 dP=[0.0055 0.0065 0.0001] |dP|=0.0085 first_dt=-1.0000
time: 41.796000, t: -0.026454 -0.001161 0.000278 q: 0.999897 0.013890 -0.003431 0.000640 
[T2xcross] t=41.8720 id=3854 est=0.0550 svd=0.3262 rel=0.8314 track=2 sf=9
[T2depth] t=41.8720 id=883 src=motion2 u=271.2 v=255.0 depth=0.8187 depth2=-1.0000 track=2 sf=9 flag=ok
[T2xcross] t=41.8720 id=3894 est=5.0000 svd=0.0790 rel=0.9842 track=2 sf=9
[T2xcross] t=41.8720 id=3903 est=4.1066 svd=0.4018 rel=0.9021 track=2 sf=9
[T2depth] t=41.8720 id=3909 src=stereo u=19.2 v=100.2 depth=24.0329 depth2=-1.0000 track=1 sf=10 flag=ok
[T2gate] t=41.8720 tri=41 rej=0 xrej=0 init_replace=0 gate=0
[T2slv] t=41.8720 phase=1 init_cost=103.162 final_cost=97.9414 iters=9 term=1 slv_ms=17.0
[T2diag] t=41.8720 P=[-0.0244 0.0002 -0.0000] V=[0.0320 0.0253 -0.0029] |Bas|=0.439203 |Bgs|=0.0052639 Bas=[-0.001767 -0.439163 0.005691] Bgs=[-0.0027251 -0.0029267 0.0034230] tic0=[0.1200 0.0500 -0.0200] tic1=[0.1200 -0.0500 -0.0200] td=0.00000 track=139
[E2uls] flag=1 sh_t=41.916 new_t=41.916 dP=[-0.0076 -0.0009 -0.0004] |dP|=0.0077 first_dt=-1.0000
time: 41.872000, t: -0.024447 0.000243 -0.000003 q: 0.999897 0.013992 -0.003250 0.000585 
[T2xcross] t=41.9680 id=3892 est=5.0000 svd=1.6772 rel=0.6646 track=2 sf=9
[T2depth] t=41.9680 id=3905 src=motion2 u=319.9 v=164.0 depth=11.5841 depth2=-1.0000 track=2 sf=9 flag=ok
[T2depth] t=41.9680 id=3910 src=motion2 u=42.2 v=124.1 depth=5.0000 depth2=-1.0000 track=2 sf=9 flag=init_neg
[T2depth] t=41.9680 id=3912 src=motion2 u=573.0 v=145.0 depth=5.0000 depth2=-1.0000 track=2 sf=9 flag=init_neg
[T2depth] t=41.9680 id=3913 src=motion2 u=633.0 v=148.0 depth=7.7785 depth2=-1.0000 track=2 sf=9 flag=ok
[T2depth] t=41.9680 id=3917 src=motion2 u=448.0 v=173.0 depth=5.0000 depth2=-1.0000 track=2 sf=9 flag=init_neg
[T2depth] t=41.9680 id=3925 src=stereo u=503.0 v=168.0 depth=4.1397 depth2=-1.0000 track=1 sf=10 flag=ok
[T2depth] t=41.9680 id=3928 src=stereo u=103.0 v=67.0 depth=31.6484 depth2=-1.0000 track=1 sf=10 flag=ok
[T2depth] t=41.9680 id=3930 src=stereo u=416.0 v=109.0 depth=3.9446 depth2=-1.0000 track=1 sf=10 flag=ok
[T2gate] t=41.9680 tri=49 rej=0 xrej=0 init_replace=3 gate=0
[T2slv] t=41.9680 phase=1 init_cost=104.483 final_cost=97.0971 iters=9 term=1 slv_ms=14.7
[T2diag] t=41.9680 P=[-0.0240 -0.0005 0.0002] V=[-0.0131 0.0005 0.0049] |Bas|=0.439203 |Bgs|=0.0038306 Bas=[-0.001767 -0.439163 0.005691] Bgs=[0.0019956 0.0024467 0.0021689] tic0=[0.1200 0.0500 -0.0200] tic1=[0.1200 -0.0500 -0.0200] td=0.00000 track=136
[E2uls] flag=1 sh_t=42.008 new_t=42.008 dP=[0.0050 0.0077 -0.0007] |dP|=0.0092 first_dt=-1.0000
time: 41.968000, t: -0.024009 -0.000499 0.000202 q: 0.999899 0.013790 -0.003355 0.000592 
[T2xcross] t=42.0680 id=3877 est=5.0000 svd=0.2922 rel=0.9416 track=2 sf=9
[T2depth] t=42.0680 id=3918 src=motion2 u=100.9 v=196.6 depth=0.0387 depth2=-1.0000 track=2 sf=9 flag=ok
[T2depth] t=42.0680 id=3921 src=motion2 u=44.6 v=244.0 depth=0.8475 depth2=-1.0000 track=2 sf=9 flag=ok
[T2depth] t=42.0680 id=3923 src=motion2 u=493.6 v=22.3 depth=5.0000 depth2=-1.0000 track=2 sf=9 flag=init_neg
[T2depth] t=42.0680 id=3926 src=motion2 u=220.0 v=30.0 depth=5.0000 depth2=-1.0000 track=2 sf=9 flag=init_neg
[T2depth] t=42.0680 id=3927 src=motion2 u=397.0 v=73.0 depth=5.0000 depth2=-1.0000 track=2 sf=9 flag=init_neg
[T2depth] t=42.0680 id=3931 src=motion2 u=580.0 v=4.0 depth=0.4213 depth2=-1.0000 track=2 sf=9 flag=ok
[T2depth] t=42.0680 id=3934 src=stereo u=478.6 v=206.3 depth=3.2257 depth2=-1.0000 track=1 sf=10 flag=ok
[T2depth] t=42.0680 id=3943 src=stereo u=475.0 v=240.0 depth=3.0714 depth2=-1.0000 track=1 sf=10 flag=ok
[T2depth] t=42.0680 id=3944 src=stereo u=587.0 v=107.0 depth=32.7082 depth2=-1.0000 track=1 sf=10 flag=ok
[T2depth] t=42.0680 id=3949 src=stereo u=339.0 v=15.0 depth=5.0000 depth2=-1.0000 track=1 sf=10 flag=init_neg
[T2gate] t=42.0680 tri=50 rej=0 xrej=0 init_replace=4 gate=0
[T2slv] t=42.0680 phase=1 init_cost=104.364 final_cost=97.2023 iters=9 term=1 slv_ms=15.8
[T2diag] t=42.0680 P=[-0.0240 0.0014 -0.0003] V=[0.0009 0.0251 -0.0055] |Bas|=0.439203 |Bgs|=0.0025030 Bas=[-0.001767 -0.439163 0.005691] Bgs=[0.0002369 -0.0018117 0.0017108] tic0=[0.1200 0.0500 -0.0200] tic1=[0.1200 -0.0500 -0.0200] td=0.00000 track=136
[E2uls] flag=1 sh_t=42.108 new_t=42.108 dP=[-0.0034 -0.0007 0.0017] |dP|=0.0038 first_dt=-1.0000
time: 42.068000, t: -0.024025 0.001386 -0.000344 q: 0.999899 0.013808 -0.003286 0.000525 
[T2xcross] t=42.1680 id=3918 est=0.0387 svd=4.9027 rel=0.9921 track=2 sf=9
[T2depth] t=42.1680 id=3935 src=motion2 u=182.2 v=162.5 depth=5.0000 depth2=-1.0000 track=2 sf=9 flag=init_neg
[T2depth] t=42.1680 id=3937 src=motion2 u=250.8 v=109.6 depth=5.0000 depth2=-1.0000 track=2 sf=9 flag=init_neg
[T2depth] t=42.1680 id=3939 src=motion2 u=35.4 v=59.7 depth=5.0000 depth2=-1.0000 track=2 sf=9 flag=init_neg
[T2depth] t=42.1680 id=3941 src=motion2 u=191.7 v=123.6 depth=0.3899 depth2=-1.0000 track=2 sf=9 flag=ok
[T2depth] t=42.1680 id=3945 src=motion2 u=119.0 v=119.0 depth=5.0000 depth2=-1.0000 track=2 sf=9 flag=init_neg
[T2depth] t=42.1680 id=3947 src=motion2 u=600.0 v=180.0 depth=0.0760 depth2=-1.0000 track=2 sf=9 flag=ok
[T2depth] t=42.1680 id=3952 src=stereo u=162.3 v=29.6 depth=5.0000 depth2=-1.0000 track=1 sf=10 flag=init_neg
[T2depth] t=42.1680 id=3959 src=stereo u=362.0 v=173.0 depth=3.3351 depth2=-1.0000 track=1 sf=10 flag=ok
[T2gate] t=42.1680 tri=44 rej=0 xrej=0 init_replace=5 gate=0
[T2slv] t=42.1680 phase=1 init_cost=105.598 final_cost=97.7561 iters=9 term=1 slv_ms=14.1
[T2diag] t=42.1680 P=[-0.0256 0.0001 0.0001] V=[-0.0173 -0.0044 0.0043] |Bas|=0.439203 |Bgs|=0.0029076 Bas=[-0.001767 -0.439163 0.005691] Bgs=[-0.0006745 0.0026439 -0.0010043] tic0=[0.1200 0.0500 -0.0200] tic1=[0.1200 -0.0500 -0.0200] td=0.00000 track=141
[E2uls] flag=1 sh_t=42.216 new_t=42.216 dP=[0.0020 0.0098 -0.0017] |dP|=0.0101 first_dt=-1.0000
time: 42.168000, t: -0.025569 0.000113 0.000113 q: 0.999902 0.013622 -0.003234 0.000588 
[T2depth] t=42.2640 id=3955 src=motion2 u=417.1 v=123.3 depth=0.1024 depth2=-1.0000 track=2 sf=9 flag=ok
[T2depth] t=42.2640 id=3957 src=motion2 u=276.4 v=89.9 depth=5.0000 depth2=-1.0000 track=2 sf=9 flag=init_neg
[T2depth] t=42.2640 id=3963 src=stereo u=480.0 v=169.0 depth=3.6350 depth2=-1.0000 track=1 sf=10 flag=ok
[T2depth] t=42.2640 id=3967 src=stereo u=502.0 v=104.0 depth=4.0348 depth2=-1.0000 track=1 sf=10 flag=ok
[T2gate] t=42.2640 tri=39 rej=0 xrej=0 init_replace=1 gate=0
[T2slv] t=42.2640 phase=1 init_cost=105.707 final_cost=97.8858 iters=9 term=1 slv_ms=13.1
[T2diag] t=42.2640 P=[-0.0245 0.0010 -0.0004] V=[0.0103 0.0185 -0.0065] |Bas|=0.439203 |Bgs|=0.0089345 Bas=[-0.001767 -0.439163 0.005691] Bgs=[-0.0054193 -0.0049240 0.0051197] tic0=[0.1200 0.0500 -0.0200] tic1=[0.1200 -0.0500 -0.0200] td=0.00000 track=143
[E2uls] flag=1 sh_t=42.304 new_t=42.304 dP=[-0.0049 0.0003 0.0015] |dP|=0.0051 first_dt=-1.0000
time: 42.264000, t: -0.024473 0.000958 -0.000411 q: 0.999901 0.013692 -0.003173 0.000539 
[T2xcross] t=42.3640 id=3943 est=3.0714 svd=78.2293 rel=0.9607 track=2 sf=9
[T2depth] t=42.3640 id=3965 src=motion2 u=326.0 v=51.0 depth=5.0000 depth2=-1.0000 track=2 sf=9 flag=init_neg
[T2depth] t=42.3640 id=3972 src=stereo u=54.2 v=36.1 depth=32.4635 depth2=-1.0000 track=1 sf=10 flag=ok
[T2depth] t=42.3640 id=3975 src=stereo u=407.0 v=45.0 depth=3.9351 depth2=-1.0000 track=1 sf=10 flag=ok
[T2depth] t=42.3640 id=3978 src=stereo u=507.0 v=141.0 depth=5.0000 depth2=-1.0000 track=1 sf=10 flag=init_neg
[T2depth] t=42.3640 id=3981 src=stereo u=459.0 v=172.0 depth=3.6153 depth2=-1.0000 track=1 sf=10 flag=ok
[T2gate] t=42.3640 tri=41 rej=0 xrej=0 init_replace=2 gate=0
[T2slv] t=42.3640 phase=1 init_cost=106.497 final_cost=97.9627 iters=9 term=1 slv_ms=13.8
[T2diag] t=42.3640 P=[-0.0268 0.0008 0.0000] V=[-0.0250 0.0074 0.0010] |Bas|=0.439203 |Bgs|=0.0061292 Bas=[-0.001767 -0.439163 0.005691] Bgs=[0.0038919 0.0043309 -0.0019139] tic0=[0.1200 0.0500 -0.0200] tic1=[0.1200 -0.0500 -0.0200] td=0.00000 track=139
[E2uls] flag=1 sh_t=42.408 new_t=42.408 dP=[0.0051 0.0057 -0.0025] |dP|=0.0080 first_dt=-1.0000
time: 42.364000, t: -0.026845 0.000828 0.000013 q: 0.999903 0.013564 -0.003119 0.000552 
[T2depth] t=42.4640 id=3970 src=motion2 u=581.1 v=99.1 depth=5.0000 depth2=-1.0000 track=2 sf=9 flag=init_neg
[T2depth] t=42.4640 id=3973 src=motion2 u=567.9 v=38.2 depth=5.0000 depth2=-1.0000 track=2 sf=9 flag=init_neg
[T2depth] t=42.4640 id=3976 src=motion2 u=24.0 v=186.0 depth=5.0000 depth2=-1.0000 track=2 sf=9 flag=init_neg
[T2depth] t=42.4640 id=3980 src=motion2 u=244.0 v=206.0 depth=0.2205 depth2=-1.0000 track=2 sf=9 flag=ok
[T2depth] t=42.4640 id=3986 src=stereo u=516.9 v=19.7 depth=4.0518 depth2=-1.0000 track=1 sf=10 flag=ok
[T2depth] t=42.4640 id=3987 src=stereo u=148.0 v=142.0 depth=30.4037 depth2=-1.0000 track=1 sf=10 flag=ok
[T2gate] t=42.4640 tri=42 rej=0 xrej=0 init_replace=3 gate=0
[T2slv] t=42.4640 phase=1 init_cost=106.952 final_cost=100.247 iters=8 term=0 slv_ms=11.5
[T2diag] t=42.4640 P=[-0.0304 -0.0008 0.0005] V=[-0.0150 -0.0051 -0.0015] |Bas|=0.439203 |Bgs|=0.0067531 Bas=[-0.001767 -0.439163 0.005691] Bgs=[0.0048721 0.0022945 -0.0040745] tic0=[0.1200 0.0500 -0.0200] tic1=[0.1200 -0.0500 -0.0200] td=0.00000 track=140
[E2uls] flag=1 sh_t=42.500 new_t=42.500 dP=[-0.0007 0.0053 -0.0005] |dP|=0.0053 first_dt=-1.0000
time: 42.464000, t: -0.030367 -0.000784 0.000526 q: 0.999904 0.013596 -0.002729 0.000679 
[T2depth] t=42.5640 id=3984 src=motion2 u=108.9 v=146.5 depth=0.0350 depth2=-1.0000 track=2 sf=9 flag=ok
[T2xcross] t=42.5640 id=3986 est=4.0518 svd=0.0279 rel=0.9931 track=2 sf=9
[T2xcross] t=42.5640 id=3987 est=30.4037 svd=0.3691 rel=0.9879 track=2 sf=9
[T2depth] t=42.5640 id=3989 src=motion2 u=137.0 v=95.0 depth=0.3614 depth2=-1.0000 track=2 sf=9 flag=ok
[T2depth] t=42.5640 id=3990 src=motion2 u=251.0 v=67.0 depth=0.0358 depth2=-1.0000 track=2 sf=9 flag=ok
[T2depth] t=42.5640 id=3993 src=motion2 u=247.0 v=175.0 depth=5.0000 depth2=-1.0000 track=2 sf=9 flag=init_neg
[T2depth] t=42.5640 id=4003 src=stereo u=458.0 v=195.0 depth=3.7185 depth2=-1.0000 track=1 sf=10 flag=ok
[T2gate] t=42.5640 tri=44 rej=0 xrej=0 init_replace=1 gate=0
[T2slv] t=42.5640 phase=1 init_cost=105.149 final_cost=99.8692 iters=7 term=0 slv_ms=11.6
[T2diag] t=42.5640 P=[-0.0301 0.0003 0.0002] V=[0.0012 0.0139 -0.0043] |Bas|=0.439203 |Bgs|=0.0058665 Bas=[-0.001767 -0.439163 0.005691] Bgs=[-0.0036758 -0.0021237 -0.0040490] tic0=[0.1200 0.0500 -0.0200] tic1=[0.1200 -0.0500 -0.0200] td=0.00000 track=139
[E2uls] flag=1 sh_t=42.604 new_t=42.604 dP=[-0.0033 0.0002 0.0003] |dP|=0.0033 first_dt=-1.0000
time: 42.564000, t: -0.030120 0.000305 0.000161 q: 0.999902 0.013727 -0.002548 0.000607 
[T2xcross] t=42.6640 id=3939 est=5.0000 svd=0.8398 rel=0.8320 track=2 sf=9
[T2depth] t=42.6640 id=3996 src=motion2 u=29.9 v=26.2 depth=5.0000 depth2=-1.0000 track=2 sf=9 flag=init_neg
[T2depth] t=42.6640 id=3997 src=motion2 u=614.0 v=73.7 depth=0.0512 depth2=-1.0000 track=2 sf=9 flag=ok
[T2depth] t=42.6640 id=4002 src=motion2 u=611.0 v=149.0 depth=0.3885 depth2=-1.0000 track=2 sf=9 flag=ok
[T2depth] t=42.6640 id=4005 src=motion2 u=396.0 v=15.0 depth=5.0000 depth2=-1.0000 track=2 sf=9 flag=init_neg
[T2depth] t=42.6640 id=4015 src=stereo u=447.0 v=204.0 depth=3.8931 depth2=-1.0000 track=1 sf=10 flag=ok
[T2depth] t=42.6640 id=4019 src=stereo u=85.0 v=20.0 depth=42.3984 depth2=-1.0000 track=1 sf=10 flag=ok
[T2depth] t=42.6640 id=4021 src=stereo u=258.0 v=157.0 depth=33.8055 depth2=-1.0000 track=1 sf=10 flag=ok
[T2gate] t=42.6640 tri=48 rej=0 xrej=0 init_replace=2 gate=0
[T2slv] t=42.6640 phase=1 init_cost=106.905 final_cost=99.3605 iters=7 term=0 slv_ms=13.5
[T2diag] t=42.6640 P=[-0.0257 0.0010 0.0004] V=[0.0467 0.0253 0.0034] |Bas|=0.439203 |Bgs|=0.0067462 Bas=[-0.001767 -0.439163 0.005691] Bgs=[-0.0015875 -0.0051840 0.0040146] tic0=[0.1200 0.0500 -0.0200] tic1=[0.1200 -0.0500 -0.0200] td=0.00000 track=137
[E2uls] flag=1 sh_t=42.708 new_t=42.708 dP=[-0.0065 0.0034 -0.0013] |dP|=0.0075 first_dt=-1.0000
time: 42.664000, t: -0.025683 0.001032 0.000387 q: 0.999903 0.013684 -0.002462 0.000590 
[T2xcross] t=42.7640 id=3957 est=5.0000 svd=0.5603 rel=0.8879 track=2 sf=9
[T2xcross] t=42.7640 id=3996 est=5.0000 svd=0.1448 rel=0.9710 track=2 sf=9
[T2xcross] t=42.7640 id=3997 est=0.0512 svd=6.7664 rel=0.9924 track=2 sf=9
[T2depth] t=42.7640 id=4010 src=motion2 u=396.8 v=86.3 depth=0.8997 depth2=-1.0000 track=2 sf=9 flag=ok
[T2depth] t=42.7640 id=4011 src=motion2 u=516.8 v=143.1 depth=5.0000 depth2=-1.0000 track=2 sf=9 flag=init_neg
[T2depth] t=42.7640 id=4017 src=motion2 u=178.0 v=200.0 depth=5.0000 depth2=-1.0000 track=2 sf=9 flag=init_neg
[T2depth] t=42.7640 id=4020 src=motion2 u=299.0 v=131.0 depth=5.0000 depth2=-1.0000 track=2 sf=9 flag=init_neg
[T2xcross] t=42.7640 id=4021 est=33.8055 svd=0.2147 rel=0.9936 track=2 sf=9
[T2depth] t=42.7640 id=4022 src=motion2 u=160.0 v=12.0 depth=0.4167 depth2=-1.0000 track=2 sf=9 flag=ok
[T2depth] t=42.7640 id=4023 src=stereo u=244.6 v=70.0 depth=33.4526 depth2=-1.0000 track=1 sf=10 flag=ok
[T2depth] t=42.7640 id=4024 src=stereo u=519.2 v=191.8 depth=4.4565 depth2=-1.0000 track=1 sf=10 flag=ok
[T2depth] t=42.7640 id=4026 src=stereo u=47.8 v=195.4 depth=5.0000 depth2=-1.0000 track=1 sf=10 flag=init_neg
[T2depth] t=42.7640 id=4027 src=stereo u=424.0 v=173.0 depth=4.2970 depth2=-1.0000 track=1 sf=10 flag=ok
[T2gate] t=42.7640 tri=44 rej=0 xrej=0 init_replace=4 gate=0
[T2slv] t=42.7640 phase=1 init_cost=106.533 final_cost=97.8318 iters=9 term=1 slv_ms=12.9
[T2diag] t=42.7640 P=[-0.0217 0.0021 -0.0007] V=[-0.0058 0.0050 -0.0054] |Bas|=0.439203 |Bgs|=0.0068464 Bas=[-0.001767 -0.439162 0.005691] Bgs=[-0.0023768 0.0061520 0.0018377] tic0=[0.1200 0.0500 -0.0200] tic1=[0.1200 -0.0500 -0.0200] td=0.00000 track=141
[E2uls] flag=1 sh_t=42.804 new_t=42.804 dP=[0.0042 0.0057 0.0020] |dP|=0.0074 first_dt=-1.0000
time: 42.764000, t: -0.021701 0.002071 -0.000707 q: 0.999903 0.013699 -0.002656 0.000358 
[T2xcross] t=42.8640 id=4010 est=0.8997 svd=0.0907 rel=0.8992 track=2 sf=9
[T2xcross] t=42.8640 id=4023 est=33.4526 svd=0.3394 rel=0.9899 track=2 sf=9
[T2depth] t=42.8640 id=4025 src=motion2 u=126.7 v=40.3 depth=5.0000 depth2=-1.0000 track=2 sf=9 flag=init_neg
[T2depth] t=42.8640 id=4029 src=motion2 u=75.0 v=211.0 depth=5.0000 depth2=-1.0000 track=2 sf=9 flag=init_neg
[T2depth] t=42.8640 id=4030 src=motion2 u=362.0 v=26.0 depth=5.0000 depth2=-1.0000 track=2 sf=9 flag=init_neg
[T2depth] t=42.8640 id=4032 src=stereo u=163.3 v=43.0 depth=45.9910 depth2=-1.0000 track=1 sf=10 flag=ok
[T2depth] t=42.8640 id=4033 src=stereo u=479.4 v=160.1 depth=3.7902 depth2=-1.0000 track=1 sf=10 flag=ok
[T2depth] t=42.8640 id=4034 src=stereo u=448.0 v=186.7 depth=3.8954 depth2=-1.0000 track=1 sf=10 flag=ok
[T2depth] t=42.8640 id=4036 src=stereo u=517.1 v=34.4 depth=3.6451 depth2=-1.0000 track=1 sf=10 flag=ok
[T2depth] t=42.8640 id=4038 src=stereo u=394.6 v=210.9 depth=4.2351 depth2=-1.0000 track=1 sf=10 flag=ok
[T2gate] t=42.8640 tri=41 rej=0 xrej=0 init_replace=3 gate=0
[T2slv] t=42.8640 phase=1 init_cost=105.958 final_cost=97.8616 iters=9 term=1 slv_ms=12.7
[T2diag] t=42.8640 P=[-0.0238 0.0012 -0.0002] V=[-0.0114 0.0021 0.0040] |Bas|=0.439203 |Bgs|=0.0031224 Bas=[-0.001767 -0.439162 0.005691] Bgs=[0.0000066 -0.0018491 -0.0025161] tic0=[0.1200 0.0500 -0.0200] tic1=[0.1200 -0.0500 -0.0200] td=0.00000 track=139
[E2uls] flag=1 sh_t=42.904 new_t=42.904 dP=[0.0012 0.0040 -0.0015] |dP|=0.0044 first_dt=-1.0000
time: 42.864000, t: -0.023831 0.001220 -0.000186 q: 0.999905 0.013495 -0.002657 0.000501 
[T2xcross] t=42.9680 id=4033 est=3.7902 svd=0.0159 rel=0.9958 track=2 sf=9
[T2xcross] t=42.9680 id=4034 est=3.8954 svd=0.0737 rel=0.9811 track=2 sf=9
[T2depth] t=42.9680 id=4035 src=motion2 u=543.8 v=71.0 depth=0.0936 depth2=-1.0000 track=2 sf=9 flag=ok
[T2xcross] t=42.9680 id=4036 est=3.6451 svd=0.2108 rel=0.9422 track=2 sf=9
[T2depth] t=42.9680 id=4037 src=motion2 u=215.7 v=150.0 depth=0.7221 depth2=-1.0000 track=2 sf=9 flag=ok
[T2depth] t=42.9680 id=4039 src=motion2 u=67.7 v=143.5 depth=5.0000 depth2=-1.0000 track=2 sf=9 flag=init_neg
[T2depth] t=42.9680 id=4041 src=motion2 u=237.0 v=8.0 depth=0.1799 depth2=-1.0000 track=2 sf=9 flag=ok
[T2depth] t=42.9680 id=4053 src=stereo u=161.0 v=158.0 depth=5.0000 depth2=-1.0000 track=1 sf=10 flag=init_neg
[T2gate] t=42.9680 tri=43 rej=0 xrej=0 init_replace=2 gate=0
[T2slv] t=42.9680 phase=1 init_cost=109.591 final_cost=99.8215 iters=8 term=0 slv_ms=17.0
[T2diag] t=42.9680 P=[-0.0296 -0.0005 0.0004] V=[-0.0324 -0.0038 0.0005] |Bas|=0.439203 |Bgs|=0.0044835 Bas=[-0.001767 -0.439162 0.005691] Bgs=[-0.0004184 0.0040388 0.0019013] tic0=[0.1200 0.0500 -0.0200] tic1=[0.1200 -0.0500 -0.0200] td=0.00000 track=138
[E2uls] flag=1 sh_t=43.012 new_t=43.012 dP=[0.0048 0.0053 0.0005] |dP|=0.0072 first_dt=-1.0000
time: 42.968000, t: -0.029609 -0.000518 0.000414 q: 0.999905 0.013571 -0.002343 0.000605 
[T2depth] t=43.0640 id=4044 src=motion2 u=23.4 v=170.0 depth=1.2170 depth2=-1.0000 track=2 sf=9 flag=ok
[T2depth] t=43.0640 id=4055 src=motion2 u=280.0 v=41.0 depth=1.7912 depth2=-1.0000 track=2 sf=9 flag=ok
[T2depth] t=43.0640 id=4061 src=stereo u=373.3 v=168.8 depth=4.1448 depth2=-1.0000 track=1 sf=10 flag=ok
[T2depth] t=43.0640 id=4073 src=stereo u=419.0 v=12.0 depth=3.4893 depth2=-1.0000 track=1 sf=10 flag=ok
[T2depth] t=43.0640 id=4075 src=stereo u=230.0 v=142.0 depth=5.0000 depth2=-1.0000 track=1 sf=10 flag=init_neg
[T2depth] t=43.0640 id=4077 src=stereo u=233.0 v=11.0 depth=30.6137 depth2=-1.0000 track=1 sf=10 flag=ok
[T2gate] t=43.0640 tri=51 rej=0 xrej=0 init_replace=1 gate=0
[T2slv] t=43.0640 phase=1 init_cost=107.446 final_cost=100.664 iters=9 term=1 slv_ms=6.8
[T2diag] t=43.0640 P=[-0.0294 0.0015 0.0006] V=[0.0037 0.0248 0.0005] |Bas|=0.439203 |Bgs|=0.0045806 Bas=[-0.001767 -0.439162 0.005691] Bgs=[0.0010078 -0.0044668 0.0001156] tic0=[0.1200 0.0500 -0.0200] tic1=[0.1200 -0.0500 -0.0200] td=0.00000 track=135
[E2uls] flag=1 sh_t=43.100 new_t=43.100 dP=[-0.0060 -0.0014 -0.0001] |dP|=0.0061 first_dt=-1.0000
time: 43.064000, t: -0.029406 0.001492 0.000632 q: 0.999904 0.013703 -0.002155 0.000469 
[T2depth] t=43.1680 id=4060 src=motion2 u=588.2 v=177.1 depth=0.2374 depth2=-1.0000 track=2 sf=9 flag=ok
[T2depth] t=43.1680 id=4067 src=motion2 u=479.0 v=74.0 depth=5.0000 depth2=-1.0000 track=2 sf=9 flag=init_neg
[T2depth] t=43.1680 id=4068 src=motion2 u=96.0 v=175.0 depth=0.6066 depth2=-1.0000 track=2 sf=9 flag=ok
[T2depth] t=43.1680 id=4072 src=motion2 u=581.0 v=21.0 depth=1.9199 depth2=-1.0000 track=2 sf=9 flag=ok
[T2depth] t=43.1680 id=4074 src=motion2 u=136.0 v=66.0 depth=5.0000 depth2=-1.0000 track=2 sf=9 flag=init_neg
[T2xcross] t=43.1680 id=4075 est=5.0000 svd=0.4749 rel=0.9050 track=2 sf=9
[T2xcross] t=43.1680 id=4077 est=30.6137 svd=1.4847 rel=0.9515 track=2 sf=9
[T2depth] t=43.1680 id=4087 src=stereo u=238.0 v=110.0 depth=5.0000 depth2=-1.0000 track=1 sf=10 flag=init_neg
[T2depth] t=43.1680 id=4088 src=stereo u=172.0 v=41.0 depth=38.9418 depth2=-1.0000 track=1 sf=10 flag=ok
[T2depth] t=43.1680 id=4089 src=stereo u=311.0 v=61.0 depth=30.0446 depth2=-1.0000 track=1 sf=10 flag=ok
[T2depth] t=43.1680 id=4090 src=stereo u=78.0 v=7.0 depth=26.2266 depth2=-1.0000 track=1 sf=10 flag=ok
[T2depth] t=43.1680 id=4091 src=stereo u=534.0 v=72.0 depth=3.2570 depth2=-1.0000 track=1 sf=10 flag=ok
[T2gate] t=43.1680 tri=46 rej=0 xrej=0 init_replace=3 gate=0
[T2slv] t=43.1680 phase=1 init_cost=109.707 final_cost=99.9922 iters=7 term=0 slv_ms=12.8
[T2diag] t=43.1680 P=[-0.0267 0.0021 0.0003] V=[0.0082 0.0138 0.0009] |Bas|=0.439203 |Bgs|=0.0063606 Bas=[-0.001767 -0.439162 0.005691] Bgs=[-0.0001960 0.0047342 0.0042433] tic0=[0.1200 0.0500 -0.0200] tic1=[0.1200 -0.0500 -0.0200] td=0.00000 track=140
[E2uls] flag=1 sh_t=43.208 new_t=43.208 dP=[-0.0024 0.0060 0.0008] |dP|=0.0066 first_dt=-1.0000
time: 43.168000, t: -0.026726 0.002085 0.000293 q: 0.999903 0.013784 -0.002063 0.000421 
[T2xcross] t=43.2640 id=883 est=0.8187 svd=9.1799 rel=0.9108 track=2 sf=9
[T2depth] t=43.2640 id=4080 src=motion2 u=546.2 v=189.9 depth=0.3142 depth2=-1.0000 track=2 sf=9 flag=ok
[T2depth] t=43.2640 id=4086 src=motion2 u=577.0 v=135.0 depth=0.0175 depth2=-1.0000 track=2 sf=9 flag=ok
[T2xcross] t=43.2640 id=4091 est=3.2570 svd=0.5750 rel=0.8234 track=2 sf=9
[T2depth] t=43.2640 id=4092 src=motion2 u=512.0 v=208.0 depth=5.0000 depth2=-1.0000 track=2 sf=9 flag=init_neg
[T2depth] t=43.2640 id=4093 src=stereo u=526.5 v=164.9 depth=3.8177 depth2=-1.0000 track=1 sf=10 flag=ok
[T2depth] t=43.2640 id=4097 src=stereo u=182.8 v=108.8 depth=30.4806 depth2=-1.0000 track=1 sf=10 flag=ok
[T2depth] t=43.2640 id=4099 src=stereo u=528.0 v=109.0 depth=4.0212 depth2=-1.0000 track=1 sf=10 flag=ok
[T2gate] t=43.2640 tri=38 rej=0 xrej=0 init_replace=1 gate=0
[T2slv] t=43.2640 phase=1 init_cost=108.087 final_cost=101.89 iters=9 term=1 slv_ms=14.0
[T2diag] t=43.2640 P=[-0.0318 0.0004 0.0005] V=[-0.0277 -0.0039 -0.0008] |Bas|=0.439203 |Bgs|=0.0070919 Bas=[-0.001767 -0.439162 0.005691] Bgs=[-0.0025826 0.0064243 -0.0015342] tic0=[0.1200 0.0500 -0.0200] tic1=[0.1200 -0.0500 -0.0200] td=0.00000 track=142
[E2uls] flag=1 sh_t=43.308 new_t=43.308 dP=[0.0077 0.0068 0.0001] |dP|=0.0103 first_dt=-1.0000
time: 43.264000, t: -0.031810 0.000382 0.000489 q: 0.999903 0.013786 -0.001789 0.000596 
[T2xcross] t=43.3640 id=4092 est=5.0000 svd=0.4368 rel=0.9126 track=2 sf=9
[T2xcross] t=43.3640 id=4093 est=3.8177 svd=0.2197 rel=0.9425 track=2 sf=9
[T2depth] t=43.3640 id=4098 src=motion2 u=625.0 v=140.0 depth=1.5343 depth2=-1.0000 track=2 sf=9 flag=ok
[T2depth] t=43.3640 id=4104 src=stereo u=309.1 v=78.3 depth=43.8018 depth2=-1.0000 track=1 sf=10 flag=ok
[T2depth] t=43.3640 id=4109 src=stereo u=365.0 v=115.0 depth=3.9908 depth2=-1.0000 track=1 sf=10 flag=ok
[T2gate] t=43.3640 tri=40 rej=0 xrej=0 init_replace=0 gate=0
[T2slv] t=43.3640 phase=1 init_cost=107.822 final_cost=102.167 iters=9 term=1 slv_ms=13.7
[T2diag] t=43.3640 P=[-0.0339 0.0012 0.0004] V=[-0.0205 0.0058 -0.0026] |Bas|=0.439203 |Bgs|=0.0039058 Bas=[-0.001767 -0.439162 0.005691] Bgs=[0.0023128 0.0029068 0.0012071] tic0=[0.1200 0.0500 -0.0200] tic1=[0.1200 -0.0500 -0.0200] td=0.00000 track=140
[E2uls] flag=1 sh_t=43.404 new_t=43.404 dP=[-0.0021 0.0007 -0.0001] |dP|=0.0022 first_dt=-1.0000
time: 43.364000, t: -0.033881 0.001199 0.000424 q: 0.999903 0.013830 -0.001652 0.000556 
[T2xcross] t=43.4640 id=4099 est=4.0212 svd=0.0943 rel=0.9766 track=2 sf=9
[T2depth] t=43.4640 id=4103 src=motion2 u=489.0 v=81.2 depth=0.1182 depth2=-1.0000 track=2 sf=9 flag=ok
[T2depth] t=43.4640 id=4111 src=motion2 u=343.0 v=86.0 depth=0.0820 depth2=-1.0000 track=2 sf=9 flag=ok
[T2depth] t=43.4640 id=4113 src=motion2 u=602.0 v=20.0 depth=5.0000 depth2=-1.0000 track=2 sf=9 flag=init_neg
[T2depth] t=43.4640 id=4120 src=stereo u=336.7 v=34.8 depth=5.0000 depth2=-1.0000 track=1 sf=10 flag=init_neg
[T2depth] t=43.4640 id=4121 src=stereo u=150.0 v=23.0 depth=33.9422 depth2=-1.0000 track=1 sf=10 flag=ok
[T2depth] t=43.4640 id=4126 src=stereo u=534.0 v=202.0 depth=3.8967 depth2=-1.0000 track=1 sf=10 flag=ok
[T2gate] t=43.4640 tri=45 rej=0 xrej=0 init_replace=2 gate=0
[T2slv] t=43.4640 phase=1 init_cost=105.621 final_cost=100.782 iters=9 term=1 slv_ms=15.8
[T2diag] t=43.4640 P=[-0.0316 0.0029 -0.0001] V=[0.0322 0.0303 -0.0013] |Bas|=0.439203 |Bgs|=0.0025326 Bas=[-0.001767 -0.439162 0.005691] Bgs=[-0.0000804 0.0003718 -0.0025039] tic0=[0.1200 0.0500 -0.0200] tic1=[0.1200 -0.0500 -0.0200] td=0.00000 track=138
[E2uls] flag=1 sh_t=43.508 new_t=43.508 dP=[-0.0073 0.0010 0.0003] |dP|=0.0074 first_dt=-1.0000
time: 43.464000, t: -0.031585 0.002854 -0.000095 q: 0.999903 0.013784 -0.001760 0.000452 
[T2depth] t=43.5640 id=4115 src=motion2 u=588.9 v=65.3 depth=5.0000 depth2=-1.0000 track=2 sf=9 flag=init_neg
[T2depth] t=43.5640 id=4117 src=motion2 u=115.7 v=105.8 depth=0.4094 depth2=-1.0000 track=2 sf=9 flag=ok
[T2depth] t=43.5640 id=4118 src=motion2 u=21.0 v=128.4 depth=0.1548 depth2=-1.0000 track=2 sf=9 flag=ok
[T2depth] t=43.5640 id=4119 src=motion2 u=101.9 v=53.0 depth=0.6785 depth2=-1.0000 track=2 sf=9 flag=ok
[T2depth] t=43.5640 id=4122 src=motion2 u=306.0 v=54.0 depth=5.0000 depth2=-1.0000 track=2 sf=9 flag=init_neg
[T2depth] t=43.5640 id=4123 src=motion2 u=36.0 v=72.0 depth=5.0000 depth2=-1.0000 track=2 sf=9 flag=init_neg
[T2depth] t=43.5640 id=4125 src=motion2 u=83.0 v=224.0 depth=0.8180 depth2=-1.0000 track=2 sf=9 flag=ok
[T2gate] t=43.5640 tri=41 rej=0 xrej=0 init_replace=3 gate=0
[T2slv] t=43.5640 phase=1 init_cost=107.579 final_cost=100.368 iters=9 term=1 slv_ms=15.3
[T2diag] t=43.5640 P=[-0.0299 0.0020 0.0000] V=[-0.0123 -0.0053 0.0026] |Bas|=0.439203 |Bgs|=0.0058270 Bas=[-0.001767 -0.439162 0.005691] Bgs=[0.0050785 -0.0017590 -0.0022514] tic0=[0.1200 0.0500 -0.0200] tic1=[0.1200 -0.0500 -0.0200] td=0.00000 track=143
[E2uls] flag=1 sh_t=43.604 new_t=43.604 dP=[0.0040 0.0092 -0.0003] |dP|=0.0100 first_dt=-1.0000
time: 43.564000, t: -0.029852 0.002002 0.000000 q: 0.999905 0.013633 -0.001854 0.000425 
[T2xcross] t=43.6960 id=4088 est=38.9418 svd=0.2956 rel=0.9924 track=2 sf=9
[T2xcross] t=43.6960 id=4120 est=5.0000 svd=0.2933 rel=0.9413 track=2 sf=9
[T2depth] t=43.6960 id=4128 src=motion2 u=312.4 v=86.2 depth=0.0101 depth2=-1.0000 track=2 sf=9 flag=ok
[T2depth] t=43.6960 id=4134 src=motion2 u=573.0 v=184.0 depth=0.1553 depth2=-1.0000 track=2 sf=9 flag=ok
[T2depth] t=43.6960 id=4136 src=motion2 u=571.0 v=114.0 depth=5.0000 depth2=-1.0000 track=2 sf=9 flag=init_neg
[T2depth] t=43.6960 id=4137 src=stereo u=172.2 v=172.6 depth=5.0000 depth2=-1.0000 track=1 sf=10 flag=init_neg
[T2depth] t=43.6960 id=4142 src=stereo u=525.0 v=61.0 depth=3.7909 depth2=-1.0000 track=1 sf=10 flag=ok
[T2gate] t=43.6960 tri=39 rej=0 xrej=0 init_replace=2 gate=0
[T2slv] t=43.6960 phase=1 init_cost=108.456 final_cost=102.233 iters=9 term=1 slv_ms=11.3
[T2diag] t=43.6960 P=[-0.0334 -0.0003 0.0007] V=[-0.0113 -0.0023 -0.0000] |Bas|=0.439203 |Bgs|=0.0054123 Bas=[-0.001767 -0.439162 0.005691] Bgs=[0.0047696 0.0000697 -0.0025571] tic0=[0.1200 0.0500 -0.0200] tic1=[0.1200 -0.0500 -0.0200] td=0.00000 track=143
[E2uls] flag=1 sh_t=43.728 new_t=43.728 dP=[0.0007 0.0043 0.0003] |dP|=0.0044 first_dt=-1.0000
time: 43.696000, t: -0.033411 -0.000274 0.000673 q: 0.999906 0.013599 -0.001552 0.000600 
[T2xcross] t=43.8280 id=4123 est=5.0000 svd=1.0516 rel=0.7897 track=2 sf=9
[T2xcross] t=43.8280 id=4128 est=0.0101 svd=0.1633 rel=0.9381 track=2 sf=9
[T2depth] t=43.8280 id=4140 src=motion2 u=359.0 v=112.0 depth=0.4827 depth2=-1.0000 track=2 sf=9 flag=ok
[T2depth] t=43.8280 id=4141 src=motion2 u=169.0 v=8.0 depth=5.0000 depth2=-1.0000 track=2 sf=9 flag=init_neg
[T2depth] t=43.8280 id=4143 src=motion2 u=596.0 v=139.0 depth=0.1491 depth2=-1.0000 track=2 sf=9 flag=ok
[T2depth] t=43.8280 id=4144 src=motion2 u=81.0 v=99.0 depth=5.0000 depth2=-1.0000 track=2 sf=9 flag=init_neg
[T2depth] t=43.8280 id=4145 src=stereo u=187.5 v=109.1 depth=38.2042 depth2=-1.0000 track=1 sf=10 flag=ok
[T2depth] t=43.8280 id=4147 src=stereo u=183.4 v=75.4 depth=32.3715 depth2=-1.0000 track=1 sf=10 flag=ok
[T2depth] t=43.8280 id=4150 src=stereo u=498.0 v=234.0 depth=3.5402 depth2=-1.0000 track=1 sf=10 flag=ok
[T2depth] t=43.8280 id=4152 src=stereo u=541.0 v=64.0 depth=3.0513 depth2=-1.0000 track=1 sf=10 flag=ok
[T2gate] t=43.8280 tri=38 rej=0 xrej=0 init_replace=2 gate=0
[T2slv] t=43.8280 phase=1 init_cost=106.824 final_cost=102.381 iters=4 term=0 slv_ms=7.5
[T2diag] t=43.8280 P=[-0.0353 0.0015 0.0009] V=[-0.0167 0.0213 -0.0008] |Bas|=0.439203 |Bgs|=0.0058850 Bas=[-0.001767 -0.439162 0.005691] Bgs=[0.0049591 -0.0022699 -0.0022110] tic0=[0.1200 0.0500 -0.0200] tic1=[0.1200 -0.0500 -0.0200] td=0.00000 track=142
[E2uls] flag=1 sh_t=43.860 new_t=43.860 dP=[0.0001 0.0001 -0.0001] |dP|=0.0002 first_dt=-1.0000
time: 43.828000, t: -0.035276 0.001527 0.000884 q: 0.999905 0.013700 -0.001402 0.000554 
[T2xcross] t=43.9280 id=4147 est=32.3715 svd=0.1708 rel=0.9947 track=2 sf=9
[T2xcross] t=43.9280 id=4150 est=3.5402 svd=0.2381 rel=0.9327 track=2 sf=9
[T2depth] t=43.9280 id=4151 src=motion2 u=490.0 v=112.0 depth=0.3430 depth2=-1.0000 track=2 sf=9 flag=ok
[T2depth] t=43.9280 id=4154 src=motion2 u=593.0 v=17.0 depth=0.1743 depth2=-1.0000 track=2 sf=9 flag=ok
[T2depth] t=43.9280 id=4155 src=stereo u=380.7 v=277.0 depth=5.0000 depth2=-1.0000 track=1 sf=10 flag=init_neg
[T2depth] t=43.9280 id=4158 src=stereo u=524.1 v=12.7 depth=3.7449 depth2=-1.0000 track=1 sf=10 flag=ok
[T2depth] t=43.9280 id=4163 src=stereo u=397.0 v=169.0 depth=3.4510 depth2=-1.0000 track=1 sf=10 flag=ok
[T2gate] t=43.9280 tri=38 rej=0 xrej=0 init_replace=1 gate=0
[T2slv] t=43.9280 phase=1 init_cost=109.713 final_cost=102.675 iters=9 term=1 slv_ms=9.9
[T2diag] t=43.9280 P=[-0.0370 0.0014 0.0010] V=[-0.0124 0.0053 -0.0008] |Bas|=0.439203 |Bgs|=0.0034116 Bas=[-0.001767 -0.439163 0.005691] Bgs=[-0.0020442 0.0020702 0.0017817] tic0=[0.1200 0.0500 -0.0200] tic1=[0.1200 -0.0500 -0.0200] td=0.00000 track=141
[E2uls] flag=1 sh_t=43.968 new_t=43.968 dP=[-0.0006 0.0060 0.0001] |dP|=0.0060 first_dt=-1.0000
time: 43.928000, t: -0.037032 0.001446 0.000970 q: 0.999904 0.013758 -0.001207 0.000556 
[T2xcross] t=44.0280 id=4151 est=0.3430 svd=0.0719 rel=0.7903 track=2 sf=9
[T2xcross] t=44.0280 id=4155 est=5.0000 svd=16.7604 rel=0.7017 track=2 sf=9
[T2xcross] t=44.0280 id=4163 est=3.4510 svd=0.9920 rel=0.7126 track=2 sf=9
[T2depth] t=44.0280 id=4164 src=motion2 u=537.0 v=222.0 depth=1.1838 depth2=-1.0000 track=2 sf=9 flag=ok
[T2depth] t=44.0280 id=4169 src=stereo u=444.0 v=118.0 depth=3.8916 depth2=-1.0000 track=1 sf=10 flag=ok
[T2depth] t=44.0280 id=4173 src=stereo u=185.0 v=51.0 depth=5.0000 depth2=-1.0000 track=1 sf=10 flag=init_neg
[T2depth] t=44.0280 id=4181 src=stereo u=45.0 v=34.0 depth=5.0000 depth2=-1.0000 track=1 sf=10 flag=init_neg
[T2gate] t=44.0280 tri=43 rej=0 xrej=0 init_replace=2 gate=0
[T2slv] t=44.0280 phase=1 init_cost=106.655 final_cost=102.008 iters=9 term=1 slv_ms=11.7
[T2diag] t=44.0280 P=[-0.0329 0.0023 0.0008] V=[0.0467 0.0217 -0.0009] |Bas|=0.439203 |Bgs|=0.0050523 Bas=[-0.001767 -0.439163 0.005691] Bgs=[-0.0008252 -0.0009203 0.0048987] tic0=[0.1200 0.0500 -0.0200] tic1=[0.1200 -0.0500 -0.0200] td=0.00000 track=138
[E2uls] flag=1 sh_t=44.068 new_t=44.068 dP=[-0.0082 0.0011 0.0004] |dP|=0.0083 first_dt=-1.0000
time: 44.028000, t: -0.032927 0.002252 0.000784 q: 0.999902 0.013926 -0.001005 0.000525 
[T2xcross] t=44.1280 id=4117 est=0.4094 svd=0.3989 rel=0.0257 track=2 sf=9
[T2depth] t=44.1280 id=4168 src=motion2 u=197.6 v=126.4 depth=0.0045 depth2=-1.0000 track=2 sf=9 flag=ok
[T2xcross] t=44.1280 id=4169 est=3.8916 svd=2.1145 rel=0.4567 track=2 sf=9
[T2depth] t=44.1280 id=4177 src=motion2 u=505.0 v=72.0 depth=5.0000 depth2=-1.0000 track=2 sf=9 flag=init_neg
[T2depth] t=44.1280 id=4183 src=stereo u=390.7 v=138.1 depth=5.0000 depth2=-1.0000 track=1 sf=10 flag=init_neg
[T2depth] t=44.1280 id=4193 src=stereo u=336.0 v=124.0 depth=5.0000 depth2=-1.0000 track=1 sf=10 flag=init_neg
[T2gate] t=44.1280 tri=45 rej=0 xrej=0 init_replace=3 gate=0
[T2slv] t=44.1280 phase=1 init_cost=106.432 final_cost=101.058 iters=7 term=0 slv_ms=10.2
[T2diag] t=44.1280 P=[-0.0344 0.0028 0.0003] V=[-0.0349 0.0125 0.0001] |Bas|=0.439203 |Bgs|=0.0024898 Bas=[-0.001767 -0.439163 0.005691] Bgs=[-0.0011114 0.0022137 -0.0002514] tic0=[0.1200 0.0500 -0.0200] tic1=[0.1200 -0.0500 -0.0200] td=0.00000 track=139
[E2uls] flag=1 sh_t=44.160 new_t=44.160 dP=[0.0106 0.0048 0.0003] |dP|=0.0117 first_dt=-1.0000
time: 44.128000, t: -0.034417 0.002779 0.000330 q: 0.999901 0.014018 -0.000979 0.000465 
[T2depth] t=44.2000 id=4182 src=motion2 u=563.2 v=115.2 depth=0.0883 depth2=-1.0000 track=2 sf=9 flag=ok
[T2depth] t=44.2000 id=4184 src=motion2 u=510.4 v=217.6 depth=5.0000 depth2=-1.0000 track=2 sf=9 flag=init_neg
[T2depth] t=44.2000 id=4185 src=motion2 u=512.8 v=139.4 depth=5.0000 depth2=-1.0000 track=2 sf=9 flag=init_neg
[T2depth] t=44.2000 id=4186 src=motion2 u=237.4 v=50.6 depth=0.2735 depth2=-1.0000 track=2 sf=9 flag=ok
[T2depth] t=44.2000 id=4187 src=motion2 u=363.7 v=41.5 depth=5.0000 depth2=-1.0000 track=2 sf=9 flag=init_neg
[T2depth] t=44.2000 id=4188 src=motion2 u=399.6 v=21.1 depth=5.0000 depth2=-1.0000 track=2 sf=9 flag=init_neg
[T2depth] t=44.2000 id=4191 src=motion2 u=270.0 v=108.0 depth=1.9729 depth2=-1.0000 track=2 sf=9 flag=ok
[T2depth] t=44.2000 id=4194 src=stereo u=597.1 v=97.4 depth=5.0000 depth2=-1.0000 track=1 sf=10 flag=init_neg
[T2depth] t=44.2000 id=4197 src=stereo u=528.2 v=108.4 depth=3.9305 depth2=-1.0000 track=1 sf=10 flag=ok
[T2depth] t=44.2000 id=4200 src=stereo u=364.8 v=184.2 depth=4.4574 depth2=-1.0000 track=1 sf=10 flag=ok
[T2depth] t=44.2000 id=4203 src=stereo u=494.0 v=83.0 depth=4.3478 depth2=-1.0000 track=1 sf=10 flag=ok
[T2gate] t=44.2000 tri=43 rej=0 xrej=0 init_replace=5 gate=0
[T2slv] t=44.2000 phase=1 init_cost=109.735 final_cost=102.703 iters=9 term=1 slv_ms=13.4
[T2diag] t=44.2000 P=[-0.0385 0.0004 0.0009] V=[-0.0239 -0.0239 -0.0008] |Bas|=0.439203 |Bgs|=0.0039158 Bas=[-0.001767 -0.439163 0.005691] Bgs=[0.0017837 0.0029153 0.0019112] tic0=[0.1200 0.0500 -0.0200] tic1=[0.1200 -0.0500 -0.0200] td=0.00000 track=141
[E2uls] flag=1 sh_t=44.252 new_t=44.252 dP=[-0.0006 0.0079 -0.0009] |dP|=0.0080 first_dt=-1.0000
time: 44.200000, t: -0.038530 0.000365 0.000938 q: 0.999903 0.013920 -0.000734 0.000632 
[T2depth] t=44.3320 id=4196 src=motion2 u=156.2 v=32.6 depth=5.0000 depth2=-1.0000 track=2 sf=9 flag=init_neg
[T2depth] t=44.3320 id=4199 src=motion2 u=21.8 v=11.8 depth=5.0000 depth2=-1.0000 track=2 sf=9 flag=init_neg
[T2depth] t=44.3320 id=4201 src=motion2 u=98.0 v=69.0 depth=1.1888 depth2=-1.0000 track=2 sf=9 flag=ok
[T2depth] t=44.3320 id=4206 src=stereo u=559.7 v=146.6 depth=22.1656 depth2=-1.0000 track=1 sf=10 flag=ok
[T2depth] t=44.3320 id=4210 src=stereo u=205.0 v=84.0 depth=5.0000 depth2=-1.0000 track=1 sf=10 flag=init_neg
[T2gate] t=44.3320 tri=38 rej=0 xrej=0 init_replace=3 gate=0
[T2slv] t=44.3320 phase=1 init_cost=108.974 final_cost=101.736 iters=9 term=1 slv_ms=15.2
[T2diag] t=44.3320 P=[-0.0347 0.0027 -0.0000] V=[0.0315 0.0295 -0.0050] |Bas|=0.439203 |Bgs|=0.0053249 Bas=[-0.001767 -0.439162 0.005691] Bgs=[-0.0048211 -0.0021695 0.0006363] tic0=[0.1200 0.0500 -0.0200] tic1=[0.1200 -0.0500 -0.0200] td=0.00000 track=142
[E2uls] flag=1 sh_t=44.376 new_t=44.376 dP=[-0.0100 -0.0044 0.0012] |dP|=0.0111 first_dt=-1.0000
time: 44.332000, t: -0.034745 0.002730 -0.000012 q: 0.999900 0.014112 -0.000728 0.000504 
[T2depth] t=44.4320 id=4204 src=motion2 u=585.2 v=203.0 depth=18.9148 depth2=-1.0000 track=2 sf=9 flag=ok
[T2xcross] t=44.4320 id=4206 est=22.1656 svd=3.7161 rel=0.8323 track=2 sf=9
[T2depth] t=44.4320 id=4208 src=motion2 u=44.4 v=152.4 depth=0.5131 depth2=-1.0000 track=2 sf=9 flag=ok
[T2depth] t=44.4320 id=4211 src=motion2 u=236.0 v=181.0 depth=5.0000 depth2=-1.0000 track=2 sf=9 flag=init_neg
[T2depth] t=44.4320 id=4213 src=motion2 u=508.0 v=184.0 depth=5.0000 depth2=-1.0000 track=2 sf=9 flag=init_neg
[T2depth] t=44.4320 id=4218 src=stereo u=446.0 v=95.0 depth=3.8849 depth2=-1.0000 track=1 sf=10 flag=ok
[T2depth] t=44.4320 id=4220 src=stereo u=510.0 v=87.0 depth=3.9431 depth2=-1.0000 track=1 sf=10 flag=ok
[T2depth] t=44.4320 id=4221 src=stereo u=606.0 v=133.0 depth=33.2673 depth2=-1.0000 track=1 sf=10 flag=ok
[T2depth] t=44.4320 id=4222 src=stereo u=411.0 v=97.0 depth=3.8983 depth2=-1.0000 track=1 sf=10 flag=ok
[T2gate] t=44.4320 tri=39 rej=0 xrej=0 init_replace=2 gate=0
[T2slv] t=44.4320 phase=1 init_cost=106.929 final_cost=100.96 iters=9 term=1 slv_ms=12.9
[T2diag] t=44.4320 P=[-0.0353 0.0018 0.0002] V=[-0.0241 -0.0087 0.0068] |Bas|=0.439203 |Bgs|=0.0071878 Bas=[-0.001767 -0.439162 0.005691] Bgs=[0.0048925 0.0014256 -0.0050691] tic0=[0.1200 0.0500 -0.0200] tic1=[0.1200 -0.0500 -0.0200] td=0.00000 track=142
[E2uls] flag=1 sh_t=44.476 new_t=44.476 dP=[0.0079 0.0092 -0.0015] |dP|=0.0122 first_dt=-1.0000
time: 44.432000, t: -0.035349 0.001814 0.000174 q: 0.999903 0.013877 -0.000923 0.000504 
[T2xcross] t=44.5320 id=4213 est=5.0000 svd=0.3321 rel=0.9336 track=2 sf=9
[T2depth] t=44.5320 id=4214 src=motion2 u=144.3 v=146.4 depth=0.2344 depth2=-1.0000 track=2 sf=9 flag=ok
[T2depth] t=44.5320 id=4215 src=motion2 u=339.2 v=262.0 depth=5.0000 depth2=-1.0000 track=2 sf=9 flag=init_neg
[T2xcross] t=44.5320 id=4222 est=3.8983 svd=0.2039 rel=0.9477 track=2 sf=9
[T2depth] t=44.5320 id=4225 src=stereo u=282.7 v=66.5 depth=5.0000 depth2=-1.0000 track=1 sf=10 flag=init_neg
[T2depth] t=44.5320 id=4226 src=stereo u=529.2 v=151.2 depth=5.0000 depth2=-1.0000 track=1 sf=10 flag=init_neg
[T2depth] t=44.5320 id=4227 src=stereo u=40.4 v=94.6 depth=5.0000 depth2=-1.0000 track=1 sf=10 flag=init_neg
[T2depth] t=44.5320 id=4230 src=stereo u=581.0 v=69.0 depth=5.0000 depth2=-1.0000 track=1 sf=10 flag=init_neg
[T2depth] t=44.5320 id=4234 src=stereo u=375.0 v=152.0 depth=3.6415 depth2=-1.0000 track=1 sf=10 flag=ok
[T2gate] t=44.5320 tri=39 rej=0 xrej=0 init_replace=5 gate=0
[T2slv] t=44.5320 phase=1 init_cost=107.615 final_cost=102.212 iters=9 term=1 slv_ms=16.8
[T2diag] t=44.5320 P=[-0.0392 0.0007 0.0005] V=[-0.0158 0.0025 -0.0020] |Bas|=0.439203 |Bgs|=0.0047338 Bas=[-0.001767 -0.439162 0.005691] Bgs=[0.0018015 0.0014158 -0.0041423] tic0=[0.1200 0.0500 -0.0200] tic1=[0.1200 -0.0500 -0.0200] td=0.00000 track=140
[E2uls] flag=1 sh_t=44.580 new_t=44.580 dP=[0.0004 0.0025 0.0011] |dP|=0.0028 first_dt=-1.0000
time: 44.532000, t: -0.039238 0.000665 0.000476 q: 0.999905 0.013731 -0.000939 0.000630 
[T2xcross] t=44.6320 id=4230 est=5.0000 svd=0.1731 rel=0.9654 track=2 sf=9
[T2depth] t=44.6320 id=4232 src=motion2 u=10.0 v=156.0 depth=0.2708 depth2=-1.0000 track=2 sf=9 flag=ok
[T2depth] t=44.6320 id=4233 src=motion2 u=622.0 v=169.0 depth=0.0564 depth2=-1.0000 track=2 sf=9 flag=ok
[T2depth] t=44.6320 id=4236 src=stereo u=182.4 v=156.7 depth=5.0000 depth2=-1.0000 track=1 sf=10 flag=init_neg
[T2depth] t=44.6320 id=4241 src=stereo u=385.0 v=56.0 depth=4.0312 depth2=-1.0000 track=1 sf=10 flag=ok
[T2depth] t=44.6320 id=4245 src=stereo u=162.0 v=123.0 depth=26.5471 depth2=-1.0000 track=1 sf=10 flag=ok
[T2gate] t=44.6320 tri=42 rej=0 xrej=0 init_replace=1 gate=0
[T2slv] t=44.6320 phase=1 init_cost=107.621 final_cost=102.352 iters=7 term=0 slv_ms=12.6
[T2diag] t=44.6320 P=[-0.0405 0.0013 0.0010] V=[-0.0197 0.0070 0.0030] |Bas|=0.439203 |Bgs|=0.0055343 Bas=[-0.001767 -0.439162 0.005691] Bgs=[0.0049447 0.0024852 -0.0000434] tic0=[0.1200 0.0500 -0.0200] tic1=[0.1200 -0.0500 -0.0200] td=0.00000 track=138
[E2uls] flag=1 sh_t=44.672 new_t=44.672 dP=[-0.0001 0.0019 -0.0013] |dP|=0.0023 first_dt=-1.0000
time: 44.632000, t: -0.040466 0.001293 0.001027 q: 0.999906 0.013683 -0.000949 0.000585 
[T2depth] t=44.7320 id=115 src=motion2 u=420.9 v=319.4 depth=2.6343 depth2=-1.0000 track=2 sf=9 flag=ok
[T2depth] t=44.7320 id=4235 src=motion2 u=137.1 v=88.3 depth=6.7937 depth2=-1.0000 track=2 sf=9 flag=ok
[T2xcross] t=44.7320 id=4236 est=5.0000 svd=0.4126 rel=0.9175 track=2 sf=9
[T2depth] t=44.7320 id=4240 src=motion2 u=20.0 v=24.0 depth=5.0000 depth2=-1.0000 track=2 sf=9 flag=init_neg
[T2depth] t=44.7320 id=4242 src=motion2 u=196.0 v=81.0 depth=0.1456 depth2=-1.0000 track=2 sf=9 flag=ok
[T2depth] t=44.7320 id=4243 src=motion2 u=537.0 v=77.0 depth=5.0000 depth2=-1.0000 track=2 sf=9 flag=init_neg
[T2depth] t=44.7320 id=4244 src=motion2 u=79.0 v=132.0 depth=5.0000 depth2=-1.0000 track=2 sf=9 flag=init_neg
[T2depth] t=44.7320 id=4246 src=motion2 u=491.0 v=235.0 depth=5.0000 depth2=-1.0000 track=2 sf=9 flag=init_neg
[T2depth] t=44.7320 id=4247 src=stereo u=192.1 v=12.5 depth=30.7597 depth2=-1.0000 track=1 sf=10 flag=ok
[T2depth] t=44.7320 id=4253 src=stereo u=68.0 v=45.0 depth=5.0000 depth2=-1.0000 track=1 sf=10 flag=init_neg
[T2gate] t=44.7320 tri=44 rej=0 xrej=0 init_replace=5 gate=0
[T2slv] t=44.7320 phase=1 init_cost=107.873 final_cost=102.842 iters=8 term=0 slv_ms=12.5
[T2diag] t=44.7320 P=[-0.0372 0.0024 0.0010] V=[0.0393 0.0248 -0.0009] |Bas|=0.439203 |Bgs|=0.0066682 Bas=[-0.001767 -0.439162 0.005691] Bgs=[-0.0064876 -0.0015383 -0.0000962] tic0=[0.1200 0.0500 -0.0200] tic1=[0.1200 -0.0500 -0.0200] td=0.00000 track=140
[E2uls] flag=1 sh_t=44.768 new_t=44.768 dP=[-0.0080 0.0016 0.0006] |dP|=0.0081 first_dt=-1.0000
time: 44.732000, t: -0.037208 0.002408 0.000972 q: 0.999904 0.013841 -0.000761 0.000527 
[T2depth] t=44.8640 id=4249 src=motion2 u=336.2 v=103.9 depth=5.0000 depth2=-1.0000 track=2 sf=9 flag=init_neg
[T2depth] t=44.8640 id=4252 src=motion2 u=243.0 v=80.0 depth=5.0000 depth2=-1.0000 track=2 sf=9 flag=init_neg
[T2depth] t=44.8640 id=4254 src=motion2 u=341.0 v=173.0 depth=1.7719 depth2=-1.0000 track=2 sf=9 flag=ok
[T2depth] t=44.8640 id=4257 src=stereo u=428.8 v=197.9 depth=3.6542 depth2=-1.0000 track=1 sf=10 flag=ok
[T2depth] t=44.8640 id=4260 src=stereo u=491.0 v=156.0 depth=4.4421 depth2=-1.0000 track=1 sf=10 flag=ok
[T2gate] t=44.8640 tri=41 rej=0 xrej=0 init_replace=2 gate=0
[T2slv] t=44.8640 phase=1 init_cost=109.154 final_cost=101.442 iters=9 term=1 slv_ms=12.4
[T2diag] t=44.8640 P=[-0.0314 0.0027 0.0008] V=[0.0236 0.0059 0.0080] |Bas|=0.439203 |Bgs|=0.0055241 Bas=[-0.001767 -0.439163 0.005691] Bgs=[-0.0023285 -0.0050079 0.0001228] tic0=[0.1200 0.0500 -0.0200] tic1=[0.1200 -0.0500 -0.0200] td=0.00000 track=142
[E2uls] flag=1 sh_t=44.904 new_t=44.904 dP=[0.0015 0.0083 -0.0003] |dP|=0.0085 first_dt=-1.0000
time: 44.864000, t: -0.031437 0.002722 0.000772 q: 0.999906 0.013698 -0.000576 0.000363 
[T2xcross] t=44.9640 id=4244 est=5.0000 svd=0.0041 rel=0.9992 track=2 sf=9
[T2xcross] t=44.9640 id=4249 est=5.0000 svd=0.1116 rel=0.9777 track=2 sf=9
[T2depth] t=44.9640 id=4258 src=motion2 u=494.8 v=116.9 depth=0.5470 depth2=-1.0000 track=2 sf=9 flag=ok
[T2xcross] t=44.9640 id=4260 est=4.4421 svd=0.4453 rel=0.8998 track=2 sf=9
[T2depth] t=44.9640 id=4261 src=motion2 u=268.0 v=47.0 depth=0.0426 depth2=-1.0000 track=2 sf=9 flag=ok
[T2depth] t=44.9640 id=4264 src=motion2 u=227.0 v=211.0 depth=0.0006 depth2=-1.0000 track=2 sf=9 flag=ok
[T2depth] t=44.9640 id=4270 src=stereo u=375.0 v=205.0 depth=3.5411 depth2=-1.0000 track=1 sf=10 flag=ok
[T2depth] t=44.9640 id=4271 src=stereo u=402.0 v=94.0 depth=3.7080 depth2=-1.0000 track=1 sf=10 flag=ok
[T2gate] t=44.9640 tri=42 rej=0 xrej=0 init_replace=0 gate=0
[T2slv] t=44.9640 phase=1 init_cost=109.809 final_cost=103.141 iters=9 term=1 slv_ms=9.2
[T2diag] t=44.9640 P=[-0.0384 0.0021 0.0008] V=[-0.0592 -0.0152 0.0024] |Bas|=0.439203 |Bgs|=0.0059120 Bas=[-0.001767 -0.439163 0.005691] Bgs=[0.0015052 0.0009507 -0.0056375] tic0=[0.1200 0.0500 -0.0200] tic1=[0.1200 -0.0500 -0.0200] td=0.00000 track=139
[E2uls] flag=1 sh_t=44.992 new_t=44.992 dP=[0.0124 0.0034 0.0010] |dP|=0.0129 first_dt=-1.0000
time: 44.964000, t: -0.038355 0.002123 0.000842 q: 0.999911 0.013319 -0.000917 0.000359 
[T2xcross] t=45.0640 id=4215 est=5.0000 svd=5.5741 rel=0.1030 track=2 sf=9
[T2xcross] t=45.0640 id=4246 est=5.0000 svd=0.1707 rel=0.9659 track=2 sf=9
[T2xcross] t=45.0640 id=4261 est=0.0426 svd=5.0166 rel=0.9915 track=2 sf=9
[T2depth] t=45.0640 id=1981 src=motion2 u=544.2 v=285.0 depth=4.1661 depth2=-1.0000 track=2 sf=9 flag=ok
[T2depth] t=45.0640 id=4265 src=motion2 u=538.8 v=254.0 depth=0.6317 depth2=-1.0000 track=2 sf=9 flag=ok
[T2xcross] t=45.0640 id=4271 est=3.7080 svd=0.2664 rel=0.9282 track=2 sf=9
[T2depth] t=45.0640 id=4278 src=stereo u=116.9 v=191.1 depth=17.6721 depth2=-1.0000 track=1 sf=10 flag=ok
[T2depth] t=45.0640 id=4281 src=stereo u=566.0 v=22.0 depth=26.1836 depth2=-1.0000 track=1 sf=10 flag=ok
[T2depth] t=45.0640 id=4285 src=stereo u=522.0 v=212.0 depth=3.7459 depth2=-1.0000 track=1 sf=10 flag=ok
[T2depth] t=45.0640 id=4286 src=stereo u=477.0 v=71.0 depth=3.7253 depth2=-1.0000 track=1 sf=10 flag=ok
[T2gate] t=45.0640 tri=46 rej=0 xrej=0 init_replace=0 gate=0
[T2slv] t=45.0640 phase=1 init_cost=107.434 final_cost=101.523 iters=9 term=1 slv_ms=9.1
[T2diag] t=45.0640 P=[-0.0385 0.0031 0.0012] V=[0.0086 0.0160 -0.0021] |Bas|=0.439203 |Bgs|=0.0040797 Bas=[-0.001767 -0.439163 0.005691] Bgs=[0.0037215 0.0004141 0.0016195] tic0=[0.1200 0.0500 -0.0200] tic1=[0.1200 -0.0500 -0.0200] td=0.00000 track=138
[E2uls] flag=1 sh_t=45.096 new_t=45.096 dP=[-0.0094 -0.0023 -0.0001] |dP|=0.0096 first_dt=-1.0000
time: 45.064000, t: -0.038540 0.003149 0.001249 q: 0.999911 0.013302 -0.000999 0.000408 
[T2depth] t=45.1640 id=85 src=motion2 u=308.5 v=242.1 depth=5.0000 depth2=-1.0000 track=2 sf=9 flag=init_neg
[T2depth] t=45.1640 id=4277 src=motion2 u=204.8 v=238.0 depth=5.0000 depth2=-1.0000 track=2 sf=9 flag=init_neg
[T2depth] t=45.1640 id=4279 src=motion2 u=17.8 v=210.2 depth=0.6433 depth2=-1.0000 track=2 sf=9 flag=ok
[T2depth] t=45.1640 id=4280 src=motion2 u=369.3 v=99.4 depth=0.6013 depth2=-1.0000 track=2 sf=9 flag=ok
[T2depth] t=45.1640 id=4283 src=motion2 u=273.0 v=195.0 depth=5.0000 depth2=-1.0000 track=2 sf=9 flag=init_neg
[T2depth] t=45.1640 id=4284 src=motion2 u=47.0 v=161.0 depth=0.1730 depth2=-1.0000 track=2 sf=9 flag=ok
[T2depth] t=45.1640 id=4287 src=motion2 u=615.0 v=129.0 depth=5.0000 depth2=-1.0000 track=2 sf=9 flag=init_neg
[T2depth] t=45.1640 id=4291 src=stereo u=103.0 v=57.0 depth=5.0000 depth2=-1.0000 track=1 sf=10 flag=init_neg
[T2depth] t=45.1640 id=4292 src=stereo u=444.0 v=206.0 depth=3.8969 depth2=-1.0000 track=1 sf=10 flag=ok
[T2depth] t=45.1640 id=4293 src=stereo u=16.0 v=24.0 depth=5.0000 depth2=-1.0000 track=1 sf=10 flag=init_neg
[T2depth] t=45.1640 id=4297 src=stereo u=397.0 v=212.0 depth=4.0595 depth2=-1.0000 track=1 sf=10 flag=ok
[T2gate] t=45.1640 tri=43 rej=0 xrej=0 init_replace=6 gate=0
[T2slv] t=45.1640 phase=1 init_cost=106.758 final_cost=102.329 iters=5 term=0 slv_ms=9.4
[T2diag] t=45.1640 P=[-0.0397 0.0021 0.0017] V=[-0.0147 -0.0074 0.0019] |Bas|=0.439203 |Bgs|=0.0048450 Bas=[-0.001767 -0.439162 0.005691] Bgs=[0.0038999 0.0028729 0.0001090] tic0=[0.1200 0.0500 -0.0200] tic1=[0.1200 -0.0500 -0.0200] td=0.00000 track=140
[E2uls] flag=1 sh_t=45.196 new_t=45.196 dP=[0.0029 0.0055 -0.0011] |dP|=0.0063 first_dt=-1.0000
time: 45.164000, t: -0.039738 0.002062 0.001730 q: 0.999912 0.013197 -0.001046 0.000422 
[T2xcross] t=45.2640 id=4284 est=0.1730 svd=0.0105 rel=0.9391 track=2 sf=9
[T2xcross] t=45.2640 id=4292 est=3.8969 svd=0.1615 rel=0.9586 track=2 sf=9
[T2xcross] t=45.2640 id=4293 est=5.0000 svd=0.0968 rel=0.9806 track=2 sf=9
[T2depth] t=45.2640 id=4294 src=motion2 u=145.0 v=75.0 depth=5.0000 depth2=-1.0000 track=2 sf=9 flag=init_neg
[T2depth] t=45.2640 id=4309 src=stereo u=415.0 v=187.0 depth=4.3364 depth2=-1.0000 track=1 sf=10 flag=ok
[T2depth] t=45.2640 id=4311 src=stereo u=444.0 v=175.0 depth=3.9000 depth2=-1.0000 track=1 sf=10 flag=ok
[T2gate] t=45.2640 tri=41 rej=0 xrej=0 init_replace=1 gate=0
[T2slv] t=45.2640 phase=1 init_cost=106.086 final_cost=102.214 iters=8 term=0 slv_ms=9.0
[T2diag] t=45.2640 P=[-0.0378 0.0032 0.0014] V=[0.0162 0.0196 -0.0055] |Bas|=0.439203 |Bgs|=0.0063172 Bas=[-0.001767 -0.439163 0.005691] Bgs=[-0.0062625 0.0008226 -0.0001057] tic0=[0.1200 0.0500 -0.0200] tic1=[0.1200 -0.0500 -0.0200] td=0.00000 track=140
[E2uls] flag=1 sh_t=45.300 new_t=45.300 dP=[-0.0053 -0.0009 0.0005] |dP|=0.0054 first_dt=-1.0000
time: 45.264000, t: -0.037814 0.003211 0.001368 q: 0.999909 0.013441 -0.001024 0.000386 
[T2depth] t=45.3640 id=4301 src=motion2 u=285.0 v=153.7 depth=5.0000 depth2=-1.0000 track=2 sf=9 flag=init_neg
[T2depth] t=45.3640 id=4307 src=motion2 u=578.0 v=107.0 depth=5.0000 depth2=-1.0000 track=2 sf=9 flag=init_neg
[T2depth] t=45.3640 id=4308 src=motion2 u=302.0 v=83.0 depth=5.0000 depth2=-1.0000 track=2 sf=9 flag=init_neg
[T2xcross] t=45.3640 id=4309 est=4.3364 svd=0.3352 rel=0.9227 track=2 sf=9
[T2depth] t=45.3640 id=4310 src=motion2 u=207.0 v=158.0 depth=0.3463 depth2=-1.0000 track=2 sf=9 flag=ok
[T2depth] t=45.3640 id=4313 src=stereo u=578.7 v=137.2 depth=39.4192 depth2=-1.0000 track=1 sf=10 flag=ok
[T2depth] t=45.3640 id=4315 src=stereo u=437.0 v=73.9 depth=3.8972 depth2=-1.0000 track=1 sf=10 flag=ok
[T2gate] t=45.3640 tri=43 rej=0 xrej=0 init_replace=3 gate=0
[T2slv] t=45.3640 phase=1 init_cost=106.991 final_cost=100.434 iters=9 term=1 slv_ms=9.2
[T2diag] t=45.3640 P=[-0.0360 0.0049 0.0008] V=[0.0313 0.0387 -0.0011] |Bas|=0.439203 |Bgs|=0.0085453 Bas=[-0.001767 -0.439163 0.005691] Bgs=[0.0035220 -0.0023954 0.0074081] tic0=[0.1200 0.0500 -0.0200] tic1=[0.1200 -0.0500 -0.0200] td=0.00000 track=140
[E2uls] flag=1 sh_t=45.396 new_t=45.396 dP=[-0.0003 0.0023 -0.0001] |dP|=0.0023 first_dt=-1.0000
time: 45.364000, t: -0.036048 0.004944 0.000768 q: 0.999907 0.013582 -0.001160 0.000278 
[T2xcross] t=45.4640 id=4277 est=5.0000 svd=2.3387 rel=0.5323 track=2 sf=9
[T2xcross] t=45.4640 id=4315 est=3.8972 svd=17.9316 rel=0.7827 track=2 sf=9
[T2depth] t=45.4640 id=4317 src=motion2 u=313.5 v=21.0 depth=1.0409 depth2=-1.0000 track=2 sf=9 flag=ok
[T2depth] t=45.4640 id=4318 src=motion2 u=86.1 v=212.8 depth=5.0000 depth2=-1.0000 track=2 sf=9 flag=init_neg
[T2depth] t=45.4640 id=4331 src=stereo u=171.1 v=171.9 depth=34.2234 depth2=-1.0000 track=1 sf=10 flag=ok
[T2depth] t=45.4640 id=4332 src=stereo u=488.0 v=36.0 depth=3.5707 depth2=-1.0000 track=1 sf=10 flag=ok
[T2depth] t=45.4640 id=4335 src=stereo u=396.0 v=31.0 depth=4.1043 depth2=-1.0000 track=1 sf=10 flag=ok
[T2gate] t=45.4640 tri=47 rej=0 xrej=0 init_replace=1 gate=0
[T2slv] t=45.4640 phase=1 init_cost=106.525 final_cost=100.542 iters=9 term=1 slv_ms=11.4
[T2diag] t=45.4640 P=[-0.0395 0.0022 0.0010] V=[-0.0346 -0.0196 0.0034] |Bas|=0.439203 |Bgs|=0.0068100 Bas=[-0.001767 -0.439163 0.005691] Bgs=[0.0063043 -0.0007583 -0.0024609] tic0=[0.1200 0.0500 -0.0200] tic1=[0.1200 -0.0500 -0.0200] td=0.00000 track=136
[E2uls] flag=1 sh_t=45.504 new_t=45.504 dP=[0.0108 0.0129 -0.0006] |dP|=0.0168 first_dt=-1.0000
time: 45.464000, t: -0.039548 0.002181 0.001045 q: 0.999909 0.013426 -0.001282 0.000412 
[T2xcross] t=45.5640 id=4265 est=0.6317 svd=26.0755 rel=0.9758 track=2 sf=9
[T2depth] t=45.5640 id=4326 src=motion2 u=152.0 v=124.8 depth=0.2522 depth2=-1.0000 track=2 sf=9 flag=ok
[T2depth] t=45.5640 id=4336 src=motion2 u=335.0 v=128.0 depth=0.0924 depth2=-1.0000 track=2 sf=9 flag=ok
[T2depth] t=45.5640 id=4337 src=motion2 u=173.0 v=89.0 depth=0.1336 depth2=-1.0000 track=2 sf=9 flag=ok
[T2depth] t=45.5640 id=4338 src=motion2 u=162.0 v=13.0 depth=0.1216 depth2=-1.0000 track=2 sf=9 flag=ok
[T2depth] t=45.5640 id=4343 src=stereo u=382.7 v=178.9 depth=4.0873 depth2=-1.0000 track=1 sf=10 flag=ok
[T2gate] t=45.5640 tri=44 rej=0 xrej=0 init_replace=0 gate=0
[T2slv] t=45.5640 phase=1 init_cost=107.002 final_cost=102.248 iters=7 term=0 slv_ms=8.0
[T2diag] t=45.5640 P=[-0.0415 0.0033 0.0018] V=[-0.0260 0.0098 0.0023] |Bas|=0.439203 |Bgs|=0.0049752 Bas=[-0.001767 -0.439163 0.005691] Bgs=[0.0038105 0.0022930 0.0022303] tic0=[0.1200 0.0500 -0.0200] tic1=[0.1200 -0.0500 -0.0200] td=0.00000 track=142
[E2uls] flag=1 sh_t=45.592 new_t=45.592 dP=[-0.0026 -0.0026 -0.0005] |dP|=0.0037 first_dt=-1.0000
time: 45.564000, t: -0.041549 0.003330 0.001774 q: 0.999909 0.013397 -0.001216 0.000393 
[T2xcross] t=45.6640 id=4258 est=0.5470 svd=0.1647 rel=0.6989 track=2 sf=9
[T2xcross] t=45.6640 id=4332 est=3.5707 svd=0.6780 rel=0.8101 track=2 sf=9
[T2depth] t=45.6640 id=4339 src=motion2 u=489.8 v=208.3 depth=0.0407 depth2=-1.0000 track=2 sf=9 flag=ok
[T2depth] t=45.6640 id=4340 src=motion2 u=184.2 v=150.5 depth=0.3192 depth2=-1.0000 track=2 sf=9 flag=ok
[T2depth] t=45.6640 id=4341 src=motion2 u=152.0 v=209.2 depth=0.8524 depth2=-1.0000 track=2 sf=9 flag=ok
[T2xcross] t=45.6640 id=4343 est=4.0873 svd=0.1855 rel=0.9546 track=2 sf=9
[T2depth] t=45.6640 id=4344 src=motion2 u=277.1 v=45.8 depth=0.2459 depth2=-1.0000 track=2 sf=9 flag=ok
[T2depth] t=45.6640 id=4345 src=motion2 u=309.0 v=52.0 depth=5.0000 depth2=-1.0000 track=2 sf=9 flag=init_neg
[T2depth] t=45.6640 id=4349 src=stereo u=63.9 v=56.3 depth=42.2467 depth2=-1.0000 track=1 sf=10 flag=ok
[T2gate] t=45.6640 tri=36 rej=0 xrej=0 init_replace=1 gate=0
[T2slv] t=45.6640 phase=1 init_cost=108.038 final_cost=103.423 iters=7 term=0 slv_ms=9.3
[T2diag] t=45.6640 P=[-0.0400 0.0050 0.0020] V=[0.0249 0.0289 0.0017] |Bas|=0.439203 |Bgs|=0.0044514 Bas=[-0.001767 -0.439163 0.005691] Bgs=[0.0020544 -0.0039471 0.0001206] tic0=[0.1200 0.0500 -0.0200] tic1=[0.1200 -0.0500 -0.0200] td=0.00000 track=146
[E2uls] flag=1 sh_t=45.700 new_t=45.700 dP=[-0.0068 0.0013 0.0003] |dP|=0.0070 first_dt=-1.0000
time: 45.664000, t: -0.039995 0.005001 0.001958 q: 0.999906 0.013652 -0.001028 0.000265 
[T2xcross] t=45.7640 id=4335 est=4.1043 svd=1.0456 rel=0.7453 track=2 sf=9
[T2xcross] t=45.7640 id=4339 est=0.0407 svd=0.4674 rel=0.9129 track=2 sf=9
[T2xcross] t=45.7640 id=4349 est=42.2467 svd=0.2802 rel=0.9934 track=2 sf=9
[T2depth] t=45.7640 id=4352 src=stereo u=411.2 v=163.0 depth=4.2914 depth2=-1.0000 track=1 sf=10 flag=ok
[T2depth] t=45.7640 id=4356 src=stereo u=523.0 v=17.7 depth=3.9042 depth2=-1.0000 track=1 sf=10 flag=ok
[T2depth] t=45.7640 id=4358 src=stereo u=464.0 v=94.0 depth=3.2521 depth2=-1.0000 track=1 sf=10 flag=ok
[T2gate] t=45.7640 tri=37 rej=0 xrej=0 init_replace=0 gate=0
[T2slv] t=45.7640 phase=1 init_cost=110.086 final_cost=102.829 iters=9 term=1 slv_ms=9.8
[T2diag] t=45.7640 P=[-0.0421 0.0033 0.0014] V=[-0.0198 -0.0078 -0.0026] |Bas|=0.439203 |Bgs|=0.0066975 Bas=[-0.001767 -0.439163 0.005691] Bgs=[-0.0014149 0.0064172 -0.0012938] tic0=[0.1200 0.0500 -0.0200] tic1=[0.1200 -0.0500 -0.0200] td=0.00000 track=141
[E2uls] flag=1 sh_t=45.800 new_t=45.800 dP=[0.0069 0.0090 0.0012] |dP|=0.0114 first_dt=-1.0000
time: 45.764000, t: -0.042081 0.003329 0.001405 q: 0.999904 0.013798 -0.001062 0.000365 
[T2xcross] t=45.8640 id=4341 est=0.8524 svd=0.0993 rel=0.8835 track=2 sf=9
[T2depth] t=45.8640 id=4359 src=motion2 u=631.0 v=39.0 depth=0.0264 depth2=-1.0000 track=2 sf=9 flag=ok
[T2depth] t=45.8640 id=4360 src=motion2 u=576.0 v=159.0 depth=5.0000 depth2=-1.0000 track=2 sf=9 flag=init_neg
[T2depth] t=45.8640 id=4362 src=motion2 u=50.0 v=168.0 depth=5.0000 depth2=-1.0000 track=2 sf=9 flag=init_neg
[T2depth] t=45.8640 id=4363 src=motion2 u=91.0 v=32.0 depth=5.0000 depth2=-1.0000 track=2 sf=9 flag=init_neg
[T2depth] t=45.8640 id=4366 src=stereo u=352.5 v=208.7 depth=3.3174 depth2=-1.0000 track=1 sf=10 flag=ok
[T2depth] t=45.8640 id=4375 src=stereo u=386.0 v=94.0 depth=3.3463 depth2=-1.0000 track=1 sf=10 flag=ok
[T2gate] t=45.8640 tri=40 rej=0 xrej=0 init_replace=3 gate=0
[T2slv] t=45.8640 phase=1 init_cost=106.954 final_cost=101.945 iters=9 term=1 slv_ms=12.0
[T2diag] t=45.8640 P=[-0.0420 0.0045 0.0015] V=[0.0026 0.0164 -0.0005] |Bas|=0.439203 |Bgs|=0.0019249 Bas=[-0.001767 -0.439163 0.005691] Bgs=[0.0013327 -0.0006088 -0.0012484] tic0=[0.1200 0.0500 -0.0200] tic1=[0.1200 -0.0500 -0.0200] td=0.00000 track=141
[E2uls] flag=1 sh_t=45.908 new_t=45.908 dP=[-0.0039 -0.0009 -0.0005] |dP|=0.0041 first_dt=-1.0000
time: 45.864000, t: -0.041952 0.004548 0.001454 q: 0.999903 0.013841 -0.001140 0.000371 
[T2xcross] t=45.9640 id=4366 est=3.3174 svd=0.3493 rel=0.8947 track=2 sf=9
[T2depth] t=45.9640 id=4368 src=motion2 u=206.1 v=184.2 depth=5.0000 depth2=-1.0000 track=2 sf=9 flag=init_neg
[T2depth] t=45.9640 id=4373 src=motion2 u=515.0 v=141.0 depth=5.0000 depth2=-1.0000 track=2 sf=9 flag=init_neg
[T2depth] t=45.9640 id=4374 src=motion2 u=611.0 v=101.0 depth=5.0000 depth2=-1.0000 track=2 sf=9 flag=init_neg
[T2depth] t=45.9640 id=4387 src=stereo u=219.0 v=144.0 depth=43.6747 depth2=-1.0000 track=1 sf=10 flag=ok
[T2gate] t=45.9640 tri=44 rej=0 xrej=0 init_replace=3 gate=0
[T2slv] t=45.9640 phase=1 init_cost=105.466 final_cost=101.349 iters=9 term=1 slv_ms=9.4
[T2diag] t=45.9640 P=[-0.0389 0.0056 0.0009] V=[0.0456 0.0289 -0.0042] |Bas|=0.439203 |Bgs|=0.0052045 Bas=[-0.001767 -0.439163 0.005691] Bgs=[-0.0025808 -0.0045169 0.0001552] tic0=[0.1200 0.0500 -0.0200] tic1=[0.1200 -0.0500 -0.0200] td=0.00000 track=138
[E2uls] flag=1 sh_t=46.000 new_t=46.000 dP=[-0.0042 0.0029 0.0008] |dP|=0.0051 first_dt=-1.0000
time: 45.964000, t: -0.038870 0.005623 0.000902 q: 0.999902 0.013957 -0.001194 0.000280 
[T2depth] t=46.0360 id=4379 src=motion2 u=20.0 v=195.5 depth=0.0058 depth2=-1.0000 track=2 sf=9 flag=ok
[T2depth] t=46.0360 id=4380 src=motion2 u=603.1 v=228.4 depth=5.0000 depth2=-1.0000 track=2 sf=9 flag=init_neg
[T2depth] t=46.0360 id=4381 src=motion2 u=394.1 v=62.5 depth=0.6995 depth2=-1.0000 track=2 sf=9 flag=ok
[T2depth] t=46.0360 id=4385 src=motion2 u=210.0 v=48.0 depth=0.4533 depth2=-1.0000 track=2 sf=9 flag=ok
[T2xcross] t=46.0360 id=4387 est=43.6747 svd=3.1231 rel=0.9285 track=2 sf=9
[T2depth] t=46.0360 id=4388 src=motion2 u=131.0 v=206.0 depth=0.2462 depth2=-1.0000 track=2 sf=9 flag=ok
[T2depth] t=46.0360 id=4389 src=motion2 u=609.0 v=50.0 depth=5.0000 depth2=-1.0000 track=2 sf=9 flag=init_neg
[T2depth] t=46.0360 id=4392 src=stereo u=543.9 v=168.7 depth=19.7073 depth2=-1.0000 track=1 sf=10 flag=ok
[T2depth] t=46.0360 id=4396 src=stereo u=444.0 v=91.2 depth=3.8948 depth2=-1.0000 track=1 sf=10 flag=ok
[T2depth] t=46.0360 id=4398 src=stereo u=353.0 v=159.0 depth=4.3693 depth2=-1.0000 track=1 sf=10 flag=ok
[T2depth] t=46.0360 id=4399 src=stereo u=392.0 v=157.0 depth=3.9559 depth2=-1.0000 track=1 sf=10 flag=ok
[T2gate] t=46.0360 tri=43 rej=0 xrej=0 init_replace=2 gate=0
[T2slv] t=46.0360 phase=1 init_cost=107.055 final_cost=101.057 iters=9 term=1 slv_ms=17.3
[T2diag] t=46.0360 P=[-0.0373 0.0051 0.0011] V=[-0.0263 -0.0129 0.0082] |Bas|=0.439203 |Bgs|=0.0058230 Bas=[-0.001767 -0.439163 0.005691] Bgs=[0.0045384 -0.0002337 0.0036408] tic0=[0.1200 0.0500 -0.0200] tic1=[0.1200 -0.0500 -0.0200] td=0.00000 track=143
[E2uls] flag=1 sh_t=46.080 new_t=46.080 dP=[0.0070 0.0074 -0.0012] |dP|=0.0103 first_dt=-1.0000
time: 46.036000, t: -0.037254 0.005120 0.001149 q: 0.999902 0.013959 -0.001190 0.000174 
[T2xcross] t=46.1640 id=4396 est=3.8948 svd=3.4750 rel=0.1078 track=2 sf=9
[T2xcross] t=46.1640 id=4399 est=3.9559 svd=0.4110 rel=0.8961 track=2 sf=9
[T2depth] t=46.1640 id=4401 src=stereo u=309.6 v=78.7 depth=5.0000 depth2=-1.0000 track=1 sf=10 flag=init_neg
[T2depth] t=46.1640 id=4409 src=stereo u=203.0 v=11.0 depth=27.1032 depth2=-1.0000 track=1 sf=10 flag=ok
[T2depth] t=46.1640 id=4410 src=stereo u=386.0 v=20.0 depth=4.0199 depth2=-1.0000 track=1 sf=10 flag=ok
[T2gate] t=46.1640 tri=38 rej=0 xrej=0 init_replace=1 gate=0
[T2slv] t=46.1640 phase=1 init_cost=110.984 final_cost=103.171 iters=9 term=1 slv_ms=11.6
[T2diag] t=46.1640 P=[-0.0435 0.0032 0.0014] V=[-0.0190 -0.0018 -0.0046] |Bas|=0.439203 |Bgs|=0.0044394 Bas=[-0.001767 -0.439163 0.005691] Bgs=[-0.0002320 0.0000699 -0.0044328] tic0=[0.1200 0.0500 -0.0200] tic1=[0.1200 -0.0500 -0.0200] td=0.00000 track=140
[E2uls] flag=1 sh_t=46.200 new_t=46.200 dP=[0.0017 0.0021 0.0012] |dP|=0.0030 first_dt=-1.0000
time: 46.164000, t: -0.043495 0.003186 0.001420 q: 0.999902 0.013963 -0.001043 0.000401 
[T2depth] t=46.2640 id=4400 src=motion2 u=274.1 v=101.9 depth=5.0000 depth2=-1.0000 track=2 sf=9 flag=init_neg
[T2depth] t=46.2640 id=4405 src=motion2 u=567.7 v=38.4 depth=0.1327 depth2=-1.0000 track=2 sf=9 flag=ok
[T2depth] t=46.2640 id=4406 src=motion2 u=208.0 v=99.0 depth=0.4513 depth2=-1.0000 track=2 sf=9 flag=ok
[T2depth] t=46.2640 id=4408 src=motion2 u=495.0 v=36.0 depth=5.0000 depth2=-1.0000 track=2 sf=9 flag=init_neg
[T2depth] t=46.2640 id=4415 src=stereo u=290.0 v=44.5 depth=44.8276 depth2=-1.0000 track=1 sf=10 flag=ok
[T2depth] t=46.2640 id=4419 src=stereo u=556.0 v=136.0 depth=42.7970 depth2=-1.0000 track=1 sf=10 flag=ok
[T2depth] t=46.2640 id=4420 src=stereo u=416.0 v=176.0 depth=4.0047 depth2=-1.0000 track=1 sf=10 flag=ok
[T2depth] t=46.2640 id=4422 src=stereo u=299.0 v=151.0 depth=5.0000 depth2=-1.0000 track=1 sf=10 flag=init_neg
[T2gate] t=46.2640 tri=41 rej=0 xrej=0 init_replace=3 gate=0
[T2slv] t=46.2640 phase=1 init_cost=107.391 final_cost=102.654 iters=9 term=1 slv_ms=11.7
[T2diag] t=46.2640 P=[-0.0423 0.0035 0.0015] V=[0.0074 0.0058 0.0016] |Bas|=0.439203 |Bgs|=0.0017778 Bas=[-0.001767 -0.439163 0.005691] Bgs=[0.0004607 -0.0017159 0.0000635] tic0=[0.1200 0.0500 -0.0200] tic1=[0.1200 -0.0500 -0.0200] td=0.00000 track=141
[E2uls] flag=1 sh_t=46.300 new_t=46.300 dP=[-0.0042 0.0015 -0.0004] |dP|=0.0045 first_dt=-1.0000
time: 46.264000, t: -0.042307 0.003496 0.001539 q: 0.999901 0.013985 -0.001135 0.000405 
[T2xcross] t=46.3640 id=4415 est=44.8276 svd=0.1046 rel=0.9977 track=2 sf=9
[T2depth] t=46.3640 id=4416 src=motion2 u=484.2 v=155.9 depth=5.0000 depth2=-1.0000 track=2 sf=9 flag=init_neg
[T2depth] t=46.3640 id=4418 src=motion2 u=601.0 v=42.0 depth=0.6252 depth2=-1.0000 track=2 sf=9 flag=ok
[T2xcross] t=46.3640 id=4419 est=42.7970 svd=0.1659 rel=0.9961 track=2 sf=9
[T2xcross] t=46.3640 id=4420 est=4.0047 svd=0.3930 rel=0.9019 track=2 sf=9
[T2depth] t=46.3640 id=4421 src=motion2 u=143.0 v=149.0 depth=0.0616 depth2=-1.0000 track=2 sf=9 flag=ok
[T2depth] t=46.3640 id=4426 src=stereo u=398.8 v=17.1 depth=3.1810 depth2=-1.0000 track=1 sf=10 flag=ok
[T2depth] t=46.3640 id=4427 src=stereo u=573.0 v=165.4 depth=39.7649 depth2=-1.0000 track=1 sf=10 flag=ok
[T2gate] t=46.3640 tri=38 rej=0 xrej=0 init_replace=1 gate=0
[T2slv] t=46.3640 phase=1 init_cost=106.156 final_cost=103.049 iters=9 term=1 slv_ms=9.2
[T2diag] t=46.3640 P=[-0.0381 0.0053 0.0016] V=[0.0478 0.0325 0.0016] |Bas|=0.439203 |Bgs|=0.0025706 Bas=[-0.001767 -0.439163 0.005691] Bgs=[0.0012286 -0.0022222 0.0004003] tic0=[0.1200 0.0500 -0.0200] tic1=[0.1200 -0.0500 -0.0200] td=0.00000 track=142
[E2uls] flag=1 sh_t=46.400 new_t=46.400 dP=[-0.0042 -0.0000 -0.0002] |dP|=0.0042 first_dt=-1.0000
time: 46.364000, t: -0.038138 0.005331 0.001642 q: 0.999901 0.014034 -0.001074 0.000299 
[T2depth] t=46.4640 id=4423 src=motion2 u=168.1 v=41.5 depth=5.0000 depth2=-1.0000 track=2 sf=9 flag=init_neg
[T2depth] t=46.4640 id=4424 src=motion2 u=42.2 v=133.9 depth=5.0000 depth2=-1.0000 track=2 sf=9 flag=init_neg
[T2depth] t=46.4640 id=4425 src=motion2 u=579.9 v=88.0 depth=1.5521 depth2=-1.0000 track=2 sf=9 flag=ok
[T2xcross] t=46.4640 id=4426 est=3.1810 svd=1.4852 rel=0.5331 track=2 sf=9
[T2depth] t=46.4640 id=4430 src=motion2 u=315.0 v=107.0 depth=0.5059 depth2=-1.0000 track=2 sf=9 flag=ok
[T2depth] t=46.4640 id=4436 src=stereo u=359.0 v=157.0 depth=4.0049 depth2=-1.0000 track=1 sf=10 flag=ok
[T2depth] t=46.4640 id=4439 src=stereo u=120.0 v=7.0 depth=5.0000 depth2=-1.0000 track=1 sf=10 flag=init_neg
[T2gate] t=46.4640 tri=39 rej=0 xrej=0 init_replace=3 gate=0
[T2slv] t=46.4640 phase=1 init_cost=109.201 final_cost=102.675 iters=8 term=0 slv_ms=9.0
[T2diag] t=46.4640 P=[-0.0386 0.0062 0.0012] V=[-0.0428 0.0066 -0.0043] |Bas|=0.439203 |Bgs|=0.0043200 Bas=[-0.001767 -0.439162 0.005691] Bgs=[0.0014085 0.0014530 0.0038167] tic0=[0.1200 0.0500 -0.0200] tic1=[0.1200 -0.0500 -0.0200] td=0.00000 track=142
[E2uls] flag=1 sh_t=46.496 new_t=46.496 dP=[0.0102 0.0062 0.0004] |dP|=0.0120 first_dt=-1.0000
time: 46.464000, t: -0.038632 0.006223 0.001210 q: 0.999898 0.014236 -0.000970 0.000108 
[T2xcross] t=46.5640 id=4363 est=5.0000 svd=1.9486 rel=0.6103 track=2 sf=9
[T2depth] t=46.5640 id=4434 src=motion2 u=625.2 v=189.8 depth=0.1984 depth2=-1.0000 track=2 sf=9 flag=ok
[T2xcross] t=46.5640 id=4436 est=4.0049 svd=0.0840 rel=0.9790 track=2 sf=9
[T2depth] t=46.5640 id=4437 src=motion2 u=307.0 v=137.0 depth=0.4473 depth2=-1.0000 track=2 sf=9 flag=ok
[T2depth] t=46.5640 id=4438 src=motion2 u=186.0 v=112.0 depth=5.6647 depth2=-1.0000 track=2 sf=9 flag=ok
[T2depth] t=46.5640 id=4447 src=stereo u=372.0 v=68.0 depth=3.9355 depth2=-1.0000 track=1 sf=10 flag=ok
[T2gate] t=46.5640 tri=38 rej=0 xrej=0 init_replace=0 gate=0
[T2slv] t=46.5640 phase=1 init_cost=113.182 final_cost=104.769 iters=9 term=1 slv_ms=9.0
[T2diag] t=46.5640 P=[-0.0246 0.0021 0.0011] V=[0.1000 -0.0310 0.0020] |Bas|=0.439203 |Bgs|=0.0088129 Bas=[-0.001767 -0.439162 0.005691] Bgs=[-0.0022898 -0.0062208 -0.0058074] tic0=[0.1200 0.0500 -0.0200] tic1=[0.1200 -0.0500 -0.0200] td=0.00000 track=143
[E2uls] flag=1 sh_t=46.592 new_t=46.592 dP=[-0.0237 0.0074 -0.0007] |dP|=0.0248 first_dt=-1.0000
time: 46.564000, t: -0.024580 0.002117 0.001145 q: 0.999896 0.014413 -0.000781 0.000271 
[T2xcross] t=46.6640 id=4438 est=5.6647 svd=0.5004 rel=0.9117 track=2 sf=9
[T2depth] t=46.6640 id=4450 src=motion2 u=496.0 v=139.0 depth=0.4105 depth2=-1.0000 track=2 sf=9 flag=ok
[T2depth] t=46.6640 id=4454 src=stereo u=406.2 v=89.1 depth=3.7467 depth2=-1.0000 track=1 sf=10 flag=ok
[T2depth] t=46.6640 id=4462 src=stereo u=360.0 v=22.0 depth=3.5427 depth2=-1.0000 track=1 sf=10 flag=ok
[T2gate] t=46.6640 tri=43 rej=0 xrej=0 init_replace=0 gate=0
[T2slv] t=46.6640 phase=1 init_cost=115.508 final_cost=107.018 iters=9 term=1 slv_ms=9.3
[T2diag] t=46.6640 P=[-0.0278 -0.0027 0.0005] V=[-0.0228 -0.0201 -0.0040] |Bas|=0.439203 |Bgs|=0.0044797 Bas=[-0.001767 -0.439162 0.005691] Bgs=[0.0034416 -0.0007539 -0.0027668] tic0=[0.1200 0.0500 -0.0200] tic1=[0.1200 -0.0500 -0.0200] td=0.00000 track=138
[E2uls] flag=1 sh_t=46.700 new_t=46.700 dP=[0.0212 0.0026 0.0010] |dP|=0.0214 first_dt=-1.0000
time: 46.664000, t: -0.027830 -0.002740 0.000538 q: 0.999895 0.014404 -0.001110 0.000648 
[T2xcross] t=46.7640 id=4447 est=3.9355 svd=0.1833 rel=0.9534 track=2 sf=9
[T2depth] t=46.7640 id=4456 src=motion2 u=526.1 v=150.3 depth=5.0000 depth2=-1.0000 track=2 sf=9 flag=init_neg
[T2depth] t=46.7640 id=4459 src=motion2 u=380.3 v=130.8 depth=5.0000 depth2=-1.0000 track=2 sf=9 flag=init_neg
[T2depth] t=46.7640 id=4460 src=motion2 u=138.0 v=186.0 depth=5.0000 depth2=-1.0000 track=2 sf=9 flag=init_neg
[T2depth] t=46.7640 id=4461 src=motion2 u=2.0 v=219.0 depth=0.0193 depth2=-1.0000 track=2 sf=9 flag=ok
[T2depth] t=46.7640 id=4463 src=motion2 u=602.0 v=231.0 depth=5.0000 depth2=-1.0000 track=2 sf=9 flag=init_neg
[T2depth] t=46.7640 id=4467 src=stereo u=362.2 v=206.5 depth=3.2437 depth2=-1.0000 track=1 sf=10 flag=ok
[T2depth] t=46.7640 id=4476 src=stereo u=470.0 v=70.0 depth=3.9791 depth2=-1.0000 track=1 sf=10 flag=ok
[T2gate] t=46.7640 tri=44 rej=0 xrej=0 init_replace=4 gate=0
[T2slv] t=46.7640 phase=1 init_cost=114.274 final_cost=107.692 iters=9 term=1 slv_ms=9.2
[T2diag] t=46.7640 P=[-0.0273 0.0004 0.0010] V=[0.0050 0.0385 0.0034] |Bas|=0.439203 |Bgs|=0.0056930 Bas=[-0.001767 -0.439163 0.005691] Bgs=[-0.0038907 0.0036821 0.0019275] tic0=[0.1200 0.0500 -0.0200] tic1=[0.1200 -0.0500 -0.0200] td=0.00000 track=141
[E2uls] flag=1 sh_t=46.796 new_t=46.796 dP=[-0.0045 -0.0059 -0.0011] |dP|=0.0075 first_dt=-1.0000
time: 46.764000, t: -0.027330 0.000383 0.000965 q: 0.999896 0.014386 -0.001316 0.000526 
[T2depth] t=46.8680 id=4468 src=motion2 u=94.6 v=141.1 depth=5.0000 depth2=-1.0000 track=2 sf=9 flag=init_neg
[T2depth] t=46.8680 id=4471 src=motion2 u=119.6 v=13.9 depth=5.0000 depth2=-1.0000 track=2 sf=9 flag=init_neg
[T2depth] t=46.8680 id=4475 src=motion2 u=66.0 v=93.0 depth=5.0000 depth2=-1.0000 track=2 sf=9 flag=init_neg
[T2depth] t=46.8680 id=4478 src=stereo u=54.3 v=160.1 depth=25.1933 depth2=-1.0000 track=1 sf=10 flag=ok
[T2depth] t=46.8680 id=4480 src=stereo u=25.5 v=124.9 depth=21.4623 depth2=-1.0000 track=1 sf=10 flag=ok
[T2depth] t=46.8680 id=4482 src=stereo u=390.9 v=42.5 depth=3.9330 depth2=-1.0000 track=1 sf=10 flag=ok
[T2depth] t=46.8680 id=4486 src=stereo u=536.0 v=76.0 depth=3.7387 depth2=-1.0000 track=1 sf=10 flag=ok
[T2gate] t=46.8680 tri=44 rej=0 xrej=0 init_replace=3 gate=0
[T2slv] t=46.8680 phase=1 init_cost=114.057 final_cost=106.614 iters=9 term=1 slv_ms=9.2
[T2diag] t=46.8680 P=[-0.0451 0.0035 0.0012] V=[-0.1537 0.0312 0.0005] |Bas|=0.439203 |Bgs|=0.0042140 Bas=[-0.001767 -0.439163 0.005691] Bgs=[-0.0039853 -0.0007733 0.0011301] tic0=[0.1200 0.0500 -0.0200] tic1=[0.1200 -0.0500 -0.0200] td=0.00000 track=138
[E2uls] flag=1 sh_t=46.896 new_t=46.896 dP=[0.0231 0.0038 0.0007] |dP|=0.0234 first_dt=-1.0000
time: 46.868000, t: -0.045136 0.003491 0.001186 q: 0.999896 0.014377 -0.001315 0.000434 
[T2xcross] t=46.9640 id=4454 est=3.7467 svd=0.4862 rel=0.8702 track=2 sf=9
[T2xcross] t=46.9640 id=4467 est=3.2437 svd=0.4901 rel=0.8489 track=2 sf=9
[T2depth] t=46.9640 id=4479 src=motion2 u=199.2 v=104.1 depth=2.6919 depth2=-1.0000 track=2 sf=9 flag=ok
[T2depth] t=46.9640 id=4493 src=stereo u=381.0 v=178.0 depth=4.1101 depth2=-1.0000 track=1 sf=10 flag=ok
[T2depth] t=46.9640 id=4497 src=stereo u=160.0 v=66.0 depth=35.8520 depth2=-1.0000 track=1 sf=10 flag=ok
[T2depth] t=46.9640 id=4498 src=stereo u=385.0 v=115.0 depth=3.9264 depth2=-1.0000 track=1 sf=10 flag=ok
[T2depth] t=46.9640 id=4499 src=stereo u=505.0 v=241.0 depth=2.3943 depth2=-1.0000 track=1 sf=10 flag=ok
[T2gate] t=46.9640 tri=45 rej=0 xrej=0 init_replace=0 gate=0
[T2slv] t=46.9640 phase=1 init_cost=119.229 final_cost=106.553 iters=9 term=1 slv_ms=12.0
[T2diag] t=46.9640 P=[-0.0309 0.0015 0.0014] V=[0.1559 -0.0164 -0.0003] |Bas|=0.439203 |Bgs|=0.0041494 Bas=[-0.001768 -0.439162 0.005691] Bgs=[-0.0005555 -0.0038626 -0.0014105] tic0=[0.1200 0.0500 -0.0200] tic1=[0.1200 -0.0500 -0.0200] td=0.00000 track=138
[E2uls] flag=1 sh_t=47.004 new_t=47.004 dP=[-0.0476 0.0102 -0.0004] |dP|=0.0487 first_dt=-1.0000
time: 46.964000, t: -0.030918 0.001517 0.001434 q: 0.999896 0.014391 -0.001186 0.000463 
[T2depth] t=47.0640 id=4490 src=motion2 u=119.9 v=77.8 depth=8.7741 depth2=-1.0000 track=2 sf=9 flag=ok
[T2depth] t=47.0640 id=4491 src=motion2 u=46.6 v=40.8 depth=5.0000 depth2=-1.0000 track=2 sf=9 flag=init_neg
[T2depth] t=47.0640 id=4495 src=motion2 u=219.0 v=40.0 depth=5.0000 depth2=-1.0000 track=2 sf=9 flag=init_neg
[T2depth] t=47.0640 id=4496 src=motion2 u=60.0 v=188.0 depth=3.8132 depth2=-1.0000 track=2 sf=9 flag=ok
[T2xcross] t=47.0640 id=4499 est=2.3943 svd=6.5264 rel=0.6331 track=2 sf=9
[T2depth] t=47.0640 id=4501 src=motion2 u=356.0 v=22.0 depth=6.6964 depth2=-1.0000 track=2 sf=9 flag=ok
[T2depth] t=47.0640 id=4508 src=stereo u=576.0 v=4.0 depth=22.5475 depth2=-1.0000 track=1 sf=10 flag=ok
[T2gate] t=47.0640 tri=40 rej=0 xrej=0 init_replace=2 gate=0
[T2slv] t=47.0640 phase=1 init_cost=112.052 final_cost=104.254 iters=9 term=1 slv_ms=9.8
[T2diag] t=47.0640 P=[-0.0349 0.0084 0.0001] V=[-0.0811 0.0758 -0.0056] |Bas|=0.439203 |Bgs|=0.0093277 Bas=[-0.001767 -0.439163 0.005691] Bgs=[-0.0037729 0.0017392 0.0083515] tic0=[0.1200 0.0500 -0.0200] tic1=[0.1200 -0.0500 -0.0200] td=0.00000 track=143
[E2uls] flag=1 sh_t=47.100 new_t=47.100 dP=[0.0346 -0.0102 0.0013] |dP|=0.0361 first_dt=-1.0000
time: 47.064000, t: -0.034944 0.008366 0.000148 q: 0.999892 0.014645 -0.001479 -0.000012 
[T2depth] t=47.1640 id=4502 src=motion2 u=43.0 v=243.0 depth=2.8450 depth2=-1.0000 track=2 sf=9 flag=ok
[T2depth] t=47.1640 id=4503 src=motion2 u=279.0 v=424.0 depth=25.2465 depth2=-1.0000 track=2 sf=9 flag=ok
[T2depth] t=47.1640 id=4504 src=motion2 u=556.0 v=160.0 depth=0.8481 depth2=-1.0000 track=2 sf=9 flag=ok
[T2depth] t=47.1640 id=4505 src=motion2 u=627.0 v=109.0 depth=0.9785 depth2=-1.0000 track=2 sf=9 flag=ok
[T2depth] t=47.1640 id=4506 src=motion2 u=276.0 v=56.0 depth=0.8806 depth2=-1.0000 track=2 sf=9 flag=ok
[T2depth] t=47.1640 id=4512 src=stereo u=507.0 v=176.0 depth=3.3644 depth2=-1.0000 track=1 sf=10 flag=ok
[T2gate] t=47.1640 tri=38 rej=0 xrej=0 init_replace=0 gate=0
[T2slv] t=47.1640 phase=1 init_cost=124.598 final_cost=105.796 iters=9 term=1 slv_ms=9.9
[T2diag] t=47.1640 P=[-0.0297 -0.0015 0.0010] V=[0.0920 -0.0791 0.0060] |Bas|=0.439203 |Bgs|=0.0095960 Bas=[-0.001767 -0.439162 0.005691] Bgs=[0.0072640 0.0007408 -0.0062265] tic0=[0.1200 0.0500 -0.0200] tic1=[0.1200 -0.0500 -0.0200] td=0.00000 track=143
[E2uls] flag=1 sh_t=47.204 new_t=47.204 dP=[-0.0231 0.0291 -0.0019] |dP|=0.0373 first_dt=-1.0000
time: 47.164000, t: -0.029750 -0.001518 0.001020 q: 0.999896 0.014329 -0.001250 0.000597 
[T2xcross] t=47.2640 id=4504 est=0.8481 svd=0.2094 rel=0.7531 track=2 sf=9
[T2depth] t=47.2640 id=4511 src=motion2 u=161.0 v=103.0 depth=5.0000 depth2=-1.0000 track=2 sf=9 flag=init_neg
[T2xcross] t=47.2640 id=4512 est=3.3644 svd=0.6371 rel=0.8106 track=2 sf=9
[T2depth] t=47.2640 id=4514 src=motion2 u=65.0 v=66.0 depth=5.0000 depth2=-1.0000 track=2 sf=9 flag=init_neg
[T2depth] t=47.2640 id=4515 src=motion2 u=70.0 v=102.0 depth=3.8766 depth2=-1.0000 track=2 sf=9 flag=ok
[T2depth] t=47.2640 id=4519 src=stereo u=281.0 v=80.0 depth=27.9075 depth2=-1.0000 track=1 sf=10 flag=ok
[T2gate] t=47.2640 tri=39 rej=0 xrej=0 init_replace=2 gate=0
[T2slv] t=47.2640 phase=1 init_cost=117.454 final_cost=107.697 iters=9 term=1 slv_ms=9.7
[T2diag] t=47.2640 P=[-0.0436 0.0034 0.0020] V=[-0.1446 0.0490 0.0090] |Bas|=0.439203 |Bgs|=0.0026068 Bas=[-0.001767 -0.439162 0.005691] Bgs=[-0.0024608 -0.0000953 -0.0008551] tic0=[0.1200 0.0500 -0.0200] tic1=[0.1200 -0.0500 -0.0200] td=0.00000 track=142
[E2uls] flag=1 sh_t=47.300 new_t=47.300 dP=[0.0350 -0.0180 0.0001] |dP|=0.0394 first_dt=-1.0000
time: 47.264000, t: -0.043599 0.003393 0.002047 q: 0.999894 0.014519 -0.001141 0.000435 
[T2xcross] t=47.3640 id=4511 est=5.0000 svd=2.5987 rel=0.4803 track=2 sf=9
[T2depth] t=47.3640 id=4517 src=motion2 u=614.5 v=79.1 depth=0.8662 depth2=-1.0000 track=2 sf=9 flag=ok
[T2depth] t=47.3640 id=4518 src=motion2 u=260.8 v=177.7 depth=5.0000 depth2=-1.0000 track=2 sf=9 flag=init_neg
[T2xcross] t=47.3640 id=4519 est=27.9075 svd=2.0884 rel=0.9252 track=2 sf=9
[T2depth] t=47.3640 id=4521 src=motion2 u=389.0 v=41.0 depth=5.0000 depth2=-1.0000 track=2 sf=9 flag=init_neg
[T2depth] t=47.3640 id=4522 src=motion2 u=259.0 v=215.0 depth=5.8270 depth2=-1.0000 track=2 sf=9 flag=ok
[T2depth] t=47.3640 id=4523 src=motion2 u=246.0 v=21.0 depth=6.8812 depth2=-1.0000 track=2 sf=9 flag=ok
[T2depth] t=47.3640 id=4526 src=stereo u=358.5 v=114.9 depth=3.6599 depth2=-1.0000 track=1 sf=10 flag=ok
[T2depth] t=47.3640 id=4532 src=stereo u=189.0 v=6.0 depth=24.4050 depth2=-1.0000 track=1 sf=10 flag=ok
[T2depth] t=47.3640 id=4533 src=stereo u=163.0 v=65.0 depth=5.0000 depth2=-1.0000 track=1 sf=10 flag=init_neg
[T2gate] t=47.3640 tri=40 rej=0 xrej=0 init_replace=3 gate=0
[T2slv] t=47.3640 phase=1 init_cost=120.346 final_cost=105.02 iters=9 term=1 slv_ms=9.4
[T2diag] t=47.3640 P=[-0.0483 0.0062 0.0014] V=[0.0007 0.0073 -0.0099] |Bas|=0.439202 |Bgs|=0.0078321 Bas=[-0.001768 -0.439162 0.005691] Bgs=[-0.0006975 0.0071010 0.0032296] tic0=[0.1200 0.0500 -0.0200] tic1=[0.1200 -0.0500 -0.0200] td=0.00000 track=142
[E2uls] flag=1 sh_t=47.400 new_t=47.400 dP=[-0.0201 0.0073 0.0025] |dP|=0.0216 first_dt=-1.0000
time: 47.364000, t: -0.048327 0.006205 0.001422 q: 0.999895 0.014455 -0.001012 0.000355 
[T2xcross] t=47.4360 id=4496 est=3.8132 svd=0.1577 rel=0.9586 track=2 sf=9
[T2xcross] t=47.4360 id=4517 est=0.8662 svd=0.2290 rel=0.7356 track=2 sf=9
[T2depth] t=47.4360 id=4524 src=motion2 u=455.0 v=171.0 depth=0.2407 depth2=-1.0000 track=2 sf=9 flag=ok
[T2depth] t=47.4360 id=4534 src=stereo u=224.0 v=168.2 depth=45.4502 depth2=-1.0000 track=1 sf=10 flag=ok
[T2depth] t=47.4360 id=4536 src=stereo u=497.6 v=219.2 depth=3.4705 depth2=-1.0000 track=1 sf=10 flag=ok
[T2gate] t=47.4360 tri=42 rej=0 xrej=0 init_replace=0 gate=0
[T2slv] t=47.4360 phase=1 init_cost=111.279 final_cost=105.346 iters=9 term=1 slv_ms=14.0
[T2diag] t=47.4360 P=[-0.0318 0.0015 0.0009] V=[0.2323 -0.0415 -0.0018] |Bas|=0.439202 |Bgs|=0.0051389 Bas=[-0.001768 -0.439162 0.005691] Bgs=[-0.0024268 0.0030299 0.0033672] tic0=[0.1200 0.0500 -0.0200] tic1=[0.1200 -0.0500 -0.0200] td=0.00000 track=138
[E2uls] flag=1 sh_t=47.480 new_t=47.480 dP=[-0.0263 0.0093 -0.0011] |dP|=0.0279 first_dt=-1.0000
time: 47.436000, t: -0.031842 0.001498 0.000898 q: 0.999895 0.014406 -0.001121 0.000519 
[T2xcross] t=47.5640 id=4521 est=5.0000 svd=1.8424 rel=0.6315 track=2 sf=9
[T2depth] t=47.5640 id=117 src=motion2 u=231.4 v=285.3 depth=5.0000 depth2=-1.0000 track=2 sf=9 flag=init_neg
[T2depth] t=47.5640 id=4542 src=motion2 u=549.0 v=43.0 depth=5.0000 depth2=-1.0000 track=2 sf=9 flag=init_neg
[T2depth] t=47.5640 id=4544 src=motion2 u=5.0 v=15.0 depth=5.0000 depth2=-1.0000 track=2 sf=9 flag=init_neg
[T2depth] t=47.5640 id=4545 src=motion2 u=607.0 v=35.0 depth=122.4359 depth2=-1.0000 track=2 sf=9 flag=ok
[T2depth] t=47.5640 id=4547 src=stereo u=377.0 v=84.3 depth=4.1038 depth2=-1.0000 track=1 sf=10 flag=ok
[T2gate] t=47.5640 tri=43 rej=0 xrej=0 init_replace=3 gate=0
[T2slv] t=47.5640 phase=1 init_cost=116.383 final_cost=104.785 iters=9 term=1 slv_ms=9.0
[T2diag] t=47.5640 P=[-0.0452 0.0025 0.0010] V=[-0.1157 0.0303 0.0025] |Bas|=0.439202 |Bgs|=0.0030419 Bas=[-0.001768 -0.439162 0.005691] Bgs=[0.0003281 0.0029884 -0.0004633] tic0=[0.1200 0.0500 -0.0200] tic1=[0.1200 -0.0500 -0.0200] td=0.00000 track=142
[E2uls] flag=1 sh_t=47.600 new_t=47.600 dP=[0.0642 -0.0079 -0.0011] |dP|=0.0647 first_dt=-1.0000
time: 47.564000, t: -0.045221 0.002498 0.000964 q: 0.999899 0.014089 -0.001489 0.000641 
[T2depth] t=47.6640 id=4548 src=motion2 u=63.5 v=24.7 depth=238.4242 depth2=-1.0000 track=2 sf=9 flag=ok
[T2depth] t=47.6640 id=4551 src=motion2 u=211.0 v=205.0 depth=1.1203 depth2=-1.0000 track=2 sf=9 flag=ok
[T2depth] t=47.6640 id=4563 src=stereo u=307.0 v=146.0 depth=36.4988 depth2=-1.0000 track=1 sf=10 flag=ok
[T2gate] t=47.6640 tri=44 rej=0 xrej=0 init_replace=0 gate=0
[T2slv] t=47.6640 phase=1 init_cost=119.994 final_cost=105.683 iters=9 term=1 slv_ms=15.3
[T2diag] t=47.6640 P=[-0.0285 -0.0019 0.0009] V=[0.1645 -0.0394 -0.0018] |Bas|=0.439202 |Bgs|=0.0044351 Bas=[-0.001768 -0.439162 0.005691] Bgs=[0.0040571 0.0011879 -0.0013412] tic0=[0.1200 0.0500 -0.0200] tic1=[0.1200 -0.0500 -0.0200] td=0.00000 track=138
[E2uls] flag=1 sh_t=47.704 new_t=47.704 dP=[-0.0443 0.0142 0.0004] |dP|=0.0465 first_dt=-1.0000
time: 47.664000, t: -0.028456 -0.001851 0.000924 q: 0.999902 0.013923 -0.001413 0.000705 
[T2xcross] t=47.7640 id=4548 est=238.4242 svd=38.7808 rel=0.8373 track=2 sf=9
[T2depth] t=47.7640 id=52 src=motion2 u=378.0 v=315.5 depth=5.0000 depth2=-1.0000 track=2 sf=9 flag=init_neg
[T2depth] t=47.7640 id=4558 src=motion2 u=544.5 v=145.9 depth=1.3538 depth2=-1.0000 track=2 sf=9 flag=ok
[T2depth] t=47.7640 id=4560 src=motion2 u=566.8 v=81.9 depth=2.2419 depth2=-1.0000 track=2 sf=9 flag=ok
[T2depth] t=47.7640 id=4561 src=motion2 u=356.9 v=191.0 depth=5.0000 depth2=-1.0000 track=2 sf=9 flag=init_neg
[T2depth] t=47.7640 id=4565 src=motion2 u=264.0 v=54.0 depth=5.0000 depth2=-1.0000 track=2 sf=9 flag=init_neg
[T2depth] t=47.7640 id=4567 src=stereo u=387.7 v=90.5 depth=4.0637 depth2=-1.0000 track=1 sf=10 flag=ok
[T2depth] t=47.7640 id=4569 src=stereo u=219.6 v=14.0 depth=20.7059 depth2=-1.0000 track=1 sf=10 flag=ok
[T2depth] t=47.7640 id=4574 src=stereo u=158.9 v=16.6 depth=39.9640 depth2=-1.0000 track=1 sf=10 flag=ok
[T2depth] t=47.7640 id=4579 src=stereo u=11.0 v=150.0 depth=5.0000 depth2=-1.0000 track=1 sf=10 flag=init_neg
[T2gate] t=47.7640 tri=48 rej=0 xrej=0 init_replace=4 gate=0
[T2slv] t=47.7640 phase=1 init_cost=113.567 final_cost=104.369 iters=9 term=1 slv_ms=10.3
[T2diag] t=47.7640 P=[-0.0389 0.0052 -0.0000] V=[-0.1075 0.0985 -0.0044] |Bas|=0.439203 |Bgs|=0.0131636 Bas=[-0.001767 -0.439162 0.005691] Bgs=[-0.0109107 -0.0016146 0.0071853] tic0=[0.1200 0.0500 -0.0200] tic1=[0.1200 -0.0500 -0.0200] td=0.00000 track=138
[E2uls] flag=1 sh_t=47.804 new_t=47.804 dP=[0.0442 -0.0153 0.0008] |dP|=0.0468 first_dt=-1.0000
time: 47.764000, t: -0.038895 0.005194 -0.000005 q: 0.999899 0.014135 -0.001638 0.000405 
[T2depth] t=47.8640 id=4568 src=motion2 u=444.0 v=177.5 depth=8.5173 depth2=-1.0000 track=2 sf=9 flag=ok
[T2xcross] t=47.8640 id=4569 est=20.7059 svd=3.6949 rel=0.8216 track=2 sf=9
[T2depth] t=47.8640 id=4571 src=motion2 u=487.4 v=85.9 depth=0.8444 depth2=-1.0000 track=2 sf=9 flag=ok
[T2xcross] t=47.8640 id=4574 est=39.9640 svd=11.7148 rel=0.7069 track=2 sf=9
[T2depth] t=47.8640 id=4577 src=motion2 u=493.0 v=49.0 depth=5.0000 depth2=-1.0000 track=2 sf=9 flag=init_neg
[T2depth] t=47.8640 id=4578 src=motion2 u=267.0 v=179.0 depth=5.0947 depth2=-1.0000 track=2 sf=9 flag=ok
[T2depth] t=47.8640 id=4588 src=stereo u=604.0 v=96.0 depth=5.0000 depth2=-1.0000 track=1 sf=10 flag=init_neg
[T2gate] t=47.8640 tri=40 rej=0 xrej=0 init_replace=2 gate=0
[T2slv] t=47.8640 phase=1 init_cost=115.775 final_cost=101.639 iters=9 term=1 slv_ms=8.8
[T2diag] t=47.8640 P=[-0.0492 0.0037 0.0011] V=[-0.0582 -0.0125 0.0068] |Bas|=0.439203 |Bgs|=0.0065161 Bas=[-0.001767 -0.439162 0.005691] Bgs=[0.0060384 -0.0012035 -0.0021329] tic0=[0.1200 0.0500 -0.0200] tic1=[0.1200 -0.0500 -0.0200] td=0.00000 track=143
[E2uls] flag=1 sh_t=47.900 new_t=47.900 dP=[-0.0062 0.0213 -0.0021] |dP|=0.0223 first_dt=-1.0000
time: 47.864000, t: -0.049208 0.003692 0.001058 q: 0.999903 0.013821 -0.001522 0.000535 
[T2depth] t=47.9640 id=4583 src=motion2 u=162.9 v=170.0 depth=1.0359 depth2=-1.0000 track=2 sf=9 flag=ok
[T2depth] t=47.9640 id=4587 src=motion2 u=223.0 v=60.0 depth=5.0000 depth2=-1.0000 track=2 sf=9 flag=init_neg
[T2xcross] t=47.9640 id=4588 est=5.0000 svd=4.0158 rel=0.1968 track=2 sf=9
[T2depth] t=47.9640 id=4594 src=stereo u=491.0 v=148.0 depth=3.8820 depth2=-1.0000 track=1 sf=10 flag=ok
[T2depth] t=47.9640 id=4597 src=stereo u=363.0 v=137.0 depth=5.0000 depth2=-1.0000 track=1 sf=10 flag=init_neg
[T2depth] t=47.9640 id=4601 src=stereo u=529.0 v=52.0 depth=3.8076 depth2=-1.0000 track=1 sf=10 flag=ok
[T2gate] t=47.9640 tri=43 rej=0 xrej=0 init_replace=2 gate=0
[T2slv] t=47.9640 phase=1 init_cost=107.232 final_cost=103.063 iters=7 term=0 slv_ms=13.5
[T2diag] t=47.9640 P=[-0.0468 0.0052 0.0015] V=[0.0297 0.0216 0.0039] |Bas|=0.439203 |Bgs|=0.0062141 Bas=[-0.001767 -0.439162 0.005691] Bgs=[0.0059129 -0.0006600 -0.0017938] tic0=[0.1200 0.0500 -0.0200] tic1=[0.1200 -0.0500 -0.0200] td=0.00000 track=138
[E2uls] flag=1 sh_t=48.000 new_t=48.000 dP=[-0.0129 -0.0017 0.0009] |dP|=0.0131 first_dt=-1.0000
time: 47.964000, t: -0.046754 0.005182 0.001468 q: 0.999904 0.013752 -0.001385 0.000495 
[T2depth] t=48.0640 id=4590 src=motion2 u=605.1 v=210.9 depth=5.0000 depth2=-1.0000 track=2 sf=9 flag=init_neg
[T2depth] t=48.0640 id=4591 src=motion2 u=103.8 v=123.7 depth=0.3096 depth2=-1.0000 track=2 sf=9 flag=ok
[T2depth] t=48.0640 id=4592 src=motion2 u=403.7 v=154.6 depth=5.0000 depth2=-1.0000 track=2 sf=9 flag=init_neg
[T2depth] t=48.0640 id=4593 src=motion2 u=536.0 v=93.0 depth=34.6411 depth2=-1.0000 track=2 sf=9 flag=ok
[T2xcross] t=48.0640 id=4594 est=3.8820 svd=1.5740 rel=0.5945 track=2 sf=9
[T2depth] t=48.0640 id=4598 src=motion2 u=410.0 v=10.0 depth=10.1569 depth2=-1.0000 track=2 sf=9 flag=ok
[T2depth] t=48.0640 id=4599 src=motion2 u=42.0 v=190.0 depth=0.3646 depth2=-1.0000 track=2 sf=9 flag=ok
[T2depth] t=48.0640 id=4605 src=stereo u=224.5 v=158.1 depth=41.1697 depth2=-1.0000 track=1 sf=10 flag=ok
[T2depth] t=48.0640 id=4606 src=stereo u=406.7 v=202.5 depth=3.8140 depth2=-1.0000 track=1 sf=10 flag=ok
[T2depth] t=48.0640 id=4607 src=stereo u=566.0 v=76.0 depth=33.9155 depth2=-1.0000 track=1 sf=10 flag=ok
[T2depth] t=48.0640 id=4610 src=stereo u=302.0 v=115.0 depth=5.0000 depth2=-1.0000 track=1 sf=10 flag=init_neg
[T2gate] t=48.0640 tri=42 rej=0 xrej=0 init_replace=3 gate=0
[T2slv] t=48.0640 phase=1 init_cost=108.657 final_cost=104.07 iters=9 term=1 slv_ms=10.1
[T2diag] t=48.0640 P=[-0.0511 0.0042 0.0013] V=[-0.0438 -0.0020 0.0007] |Bas|=0.439203 |Bgs|=0.0030356 Bas=[-0.001767 -0.439162 0.005691] Bgs=[0.0025577 0.0010766 -0.0012305] tic0=[0.1200 0.0500 -0.0200] tic1=[0.1200 -0.0500 -0.0200] td=0.00000 track=142
[E2uls] flag=1 sh_t=48.104 new_t=48.104 dP=[0.0111 0.0073 0.0015] |dP|=0.0134 first_dt=-1.0000
time: 48.064000, t: -0.051092 0.004199 0.001283 q: 0.999904 0.013792 -0.001241 0.000551 
[T2depth] t=48.1640 id=4603 src=motion2 u=273.8 v=149.1 depth=0.5379 depth2=-1.0000 track=2 sf=9 flag=ok
[T2xcross] t=48.1640 id=4605 est=41.1697 svd=0.5931 rel=0.9856 track=2 sf=9
[T2depth] t=48.1640 id=4609 src=motion2 u=198.0 v=190.0 depth=0.3974 depth2=-1.0000 track=2 sf=9 flag=ok
[T2depth] t=48.1640 id=4621 src=stereo u=269.0 v=91.0 depth=5.0000 depth2=-1.0000 track=1 sf=10 flag=init_neg
[T2gate] t=48.1640 tri=40 rej=0 xrej=0 init_replace=1 gate=0
[T2slv] t=48.1640 phase=1 init_cost=109.107 final_cost=104.148 iters=8 term=0 slv_ms=12.1
[T2diag] t=48.1640 P=[-0.0492 0.0047 0.0018] V=[0.0161 0.0148 0.0053] |Bas|=0.439203 |Bgs|=0.0064376 Bas=[-0.001767 -0.439162 0.005691] Bgs=[0.0037178 -0.0049044 -0.0018888] tic0=[0.1200 0.0500 -0.0200] tic1=[0.1200 -0.0500 -0.0200] td=0.00000 track=139
[E2uls] flag=1 sh_t=48.200 new_t=48.200 dP=[-0.0099 0.0008 -0.0003] |dP|=0.0099 first_dt=-1.0000
time: 48.164000, t: -0.049249 0.004704 0.001780 q: 0.999906 0.013681 -0.001133 0.000620 
[T2depth] t=48.2640 id=4611 src=motion2 u=66.9 v=133.5 depth=0.1002 depth2=-1.0000 track=2 sf=9 flag=ok
[T2depth] t=48.2640 id=4612 src=motion2 u=601.5 v=67.3 depth=5.0000 depth2=-1.0000 track=2 sf=9 flag=init_neg
[T2depth] t=48.2640 id=4617 src=motion2 u=284.0 v=16.0 depth=5.0000 depth2=-1.0000 track=2 sf=9 flag=init_neg
[T2depth] t=48.2640 id=4619 src=motion2 u=119.0 v=21.0 depth=0.2258 depth2=-1.0000 track=2 sf=9 flag=ok
[T2depth] t=48.2640 id=4624 src=stereo u=159.6 v=15.7 depth=20.6399 depth2=-1.0000 track=1 sf=10 flag=ok
[T2depth] t=48.2640 id=4625 src=stereo u=119.4 v=121.3 depth=5.0000 depth2=-1.0000 track=1 sf=10 flag=init_neg
[T2depth] t=48.2640 id=4634 src=stereo u=398.0 v=71.0 depth=4.0499 depth2=-1.0000 track=1 sf=10 flag=ok
[T2gate] t=48.2640 tri=46 rej=0 xrej=0 init_replace=3 gate=0
[T2slv] t=48.2640 phase=1 init_cost=109.388 final_cost=102.953 iters=9 term=1 slv_ms=9.1
[T2diag] t=48.2640 P=[-0.0452 0.0059 0.0005] V=[0.0485 0.0317 -0.0073] |Bas|=0.439203 |Bgs|=0.0090378 Bas=[-0.001767 -0.439162 0.005691] Bgs=[-0.0081186 0.0032016 0.0023495] tic0=[0.1200 0.0500 -0.0200] tic1=[0.1200 -0.0500 -0.0200] td=0.00000 track=139
[E2uls] flag=1 sh_t=48.296 new_t=48.296 dP=[-0.0029 0.0021 0.0023] |dP|=0.0043 first_dt=-1.0000
time: 48.264000, t: -0.045171 0.005904 0.000546 q: 0.999902 0.013946 -0.000989 0.000474 
[T2xcross] t=48.3640 id=4599 est=0.3646 svd=0.3856 rel=0.0544 track=2 sf=9
[T2xcross] t=48.3640 id=4611 est=0.1002 svd=0.0019 rel=0.9808 track=2 sf=9
[T2depth] t=48.3640 id=4628 src=motion2 u=251.7 v=192.7 depth=1.0770 depth2=-1.0000 track=2 sf=9 flag=ok
[T2depth] t=48.3640 id=4629 src=motion2 u=578.4 v=142.8 depth=5.0000 depth2=-1.0000 track=2 sf=9 flag=init_neg
[T2depth] t=48.3640 id=4633 src=motion2 u=346.0 v=95.0 depth=1.3988 depth2=-1.0000 track=2 sf=9 flag=ok
[T2xcross] t=48.3640 id=4634 est=4.0499 svd=1.4633 rel=0.6387 track=2 sf=9
[T2gate] t=48.3640 tri=41 rej=0 xrej=0 init_replace=1 gate=0
[T2slv] t=48.3640 phase=1 init_cost=111.639 final_cost=102.68 iters=9 term=1 slv_ms=9.0
[T2diag] t=48.3640 P=[-0.0385 -0.0001 0.0003] V=[0.0516 -0.0476 0.0043] |Bas|=0.439202 |Bgs|=0.0033435 Bas=[-0.001767 -0.439162 0.005691] Bgs=[0.0029242 0.0004610 -0.0015541] tic0=[0.1200 0.0500 -0.0200] tic1=[0.1200 -0.0500 -0.0200] td=0.00000 track=142
[E2uls] flag=1 sh_t=48.396 new_t=48.396 dP=[0.0002 0.0149 -0.0009] |dP|=0.0149 first_dt=-1.0000
time: 48.364000, t: -0.038515 -0.000104 0.000345 q: 0.999906 0.013637 -0.001162 0.000675 
[T2depth] t=48.4640 id=4639 src=motion2 u=411.7 v=131.1 depth=5.0000 depth2=-1.0000 track=2 sf=9 flag=init_neg
[T2depth] t=48.4640 id=4643 src=motion2 u=625.0 v=215.0 depth=0.0369 depth2=-1.0000 track=2 sf=9 flag=ok
[T2depth] t=48.4640 id=4646 src=motion2 u=251.0 v=110.0 depth=0.6380 depth2=-1.0000 track=2 sf=9 flag=ok
[T2depth] t=48.4640 id=4654 src=stereo u=484.0 v=150.0 depth=4.2475 depth2=-1.0000 track=1 sf=10 flag=ok
[T2gate] t=48.4640 tri=45 rej=0 xrej=0 init_replace=1 gate=0
[T2slv] t=48.4640 phase=1 init_cost=109.922 final_cost=102.792 iters=9 term=1 slv_ms=9.1
[T2diag] t=48.4640 P=[-0.0437 0.0056 0.0000] V=[-0.0501 0.0663 -0.0023] |Bas|=0.439203 |Bgs|=0.0031225 Bas=[-0.001767 -0.439162 0.005691] Bgs=[-0.0024636 0.0012062 0.0014919] tic0=[0.1200 0.0500 -0.0200] tic1=[0.1200 -0.0500 -0.0200] td=0.00000 track=138
[E2uls] flag=1 sh_t=48.500 new_t=48.500 dP=[0.0168 -0.0142 0.0011] |dP|=0.0221 first_dt=-1.0000
time: 48.464000, t: -0.043707 0.005648 0.000008 q: 0.999906 0.013666 -0.001370 0.000501 
[T2depth] t=48.5640 id=4647 src=motion2 u=557.3 v=8.7 depth=5.0000 depth2=-1.0000 track=2 sf=9 flag=init_neg
[T2depth] t=48.5640 id=4648 src=motion2 u=285.0 v=49.0 depth=5.0000 depth2=-1.0000 track=2 sf=9 flag=init_neg
[T2depth] t=48.5640 id=4650 src=motion2 u=529.2 v=171.5 depth=5.0000 depth2=-1.0000 track=2 sf=9 flag=init_neg
[T2depth] t=48.5640 id=4656 src=motion2 u=272.0 v=174.0 depth=0.6020 depth2=-1.0000 track=2 sf=9 flag=ok
[T2depth] t=48.5640 id=4658 src=motion2 u=50.0 v=244.0 depth=5.0000 depth2=-1.0000 track=2 sf=9 flag=init_neg
[T2depth] t=48.5640 id=4659 src=motion2 u=32.0 v=67.0 depth=5.0000 depth2=-1.0000 track=2 sf=9 flag=init_neg
[T2depth] t=48.5640 id=4668 src=stereo u=542.0 v=78.0 depth=3.7505 depth2=-1.0000 track=1 sf=10 flag=ok
[T2gate] t=48.5640 tri=44 rej=0 xrej=0 init_replace=5 gate=0
[T2slv] t=48.5640 phase=1 init_cost=112.831 final_cost=101.586 iters=7 term=0 slv_ms=7.7
[T2diag] t=48.5640 P=[-0.0451 0.0052 0.0007] V=[-0.0232 -0.0083 0.0063] |Bas|=0.439203 |Bgs|=0.0042733 Bas=[-0.001767 -0.439162 0.005691] Bgs=[0.0005687 -0.0034565 0.0024477] tic0=[0.1200 0.0500 -0.0200] tic1=[0.1200 -0.0500 -0.0200] td=0.00000 track=142
[E2uls] flag=1 sh_t=48.596 new_t=48.596 dP=[-0.0058 0.0135 -0.0014] |dP|=0.0147 first_dt=-1.0000
time: 48.564000, t: -0.045127 0.005225 0.000694 q: 0.999908 0.013506 -0.001281 0.000464 
[T2depth] t=48.6640 id=4660 src=motion2 u=116.6 v=152.8 depth=0.3161 depth2=-1.0000 track=2 sf=9 flag=ok
[T2depth] t=48.6640 id=4663 src=motion2 u=158.9 v=154.6 depth=5.0000 depth2=-1.0000 track=2 sf=9 flag=init_neg
[T2depth] t=48.6640 id=4664 src=motion2 u=560.1 v=122.3 depth=0.2290 depth2=-1.0000 track=2 sf=9 flag=ok
[T2depth] t=48.6640 id=4665 src=motion2 u=232.8 v=171.0 depth=0.0109 depth2=-1.0000 track=2 sf=9 flag=ok
[T2depth] t=48.6640 id=4669 src=motion2 u=308.0 v=140.0 depth=0.0219 depth2=-1.0000 track=2 sf=9 flag=ok
[T2depth] t=48.6640 id=4670 src=stereo u=145.8 v=37.9 depth=5.0000 depth2=-1.0000 track=1 sf=10 flag=init_neg
[T2depth] t=48.6640 id=4676 src=stereo u=480.0 v=99.0 depth=3.3832 depth2=-1.0000 track=1 sf=10 flag=ok
[T2depth] t=48.6640 id=4678 src=stereo u=487.0 v=196.0 depth=3.9582 depth2=-1.0000 track=1 sf=10 flag=ok
[T2gate] t=48.6640 tri=42 rej=0 xrej=0 init_replace=2 gate=0
[T2slv] t=48.6640 phase=1 init_cost=109.462 final_cost=103.418 iters=9 term=1 slv_ms=9.9
[T2diag] t=48.6640 P=[-0.0484 0.0027 0.0015] V=[-0.0115 -0.0099 0.0037] |Bas|=0.439203 |Bgs|=0.0053690 Bas=[-0.001767 -0.439162 0.005691] Bgs=[0.0038326 0.0021408 0.0030910] tic0=[0.1200 0.0500 -0.0200] tic1=[0.1200 -0.0500 -0.0200] td=0.00000 track=140
[E2uls] flag=1 sh_t=48.700 new_t=48.700 dP=[-0.0003 0.0036 0.0004] |dP|=0.0036 first_dt=-1.0000
time: 48.664000, t: -0.048362 0.002673 0.001503 q: 0.999909 0.013421 -0.000937 0.000689 
[T2xcross] t=48.7640 id=4670 est=5.0000 svd=0.1741 rel=0.9652 track=2 sf=9
[T2depth] t=48.7640 id=4673 src=motion2 u=130.0 v=98.6 depth=5.0000 depth2=-1.0000 track=2 sf=9 flag=init_neg
[T2xcross] t=48.7640 id=4676 est=3.3832 svd=0.4118 rel=0.8783 track=2 sf=9
[T2depth] t=48.7640 id=4677 src=motion2 u=604.0 v=218.0 depth=3.0933 depth2=-1.0000 track=2 sf=9 flag=ok
[T2depth] t=48.7640 id=4679 src=motion2 u=7.0 v=138.0 depth=0.9915 depth2=-1.0000 track=2 sf=9 flag=ok
[T2depth] t=48.7640 id=4681 src=motion2 u=319.0 v=39.0 depth=5.0000 depth2=-1.0000 track=2 sf=9 flag=init_neg
[T2depth] t=48.7640 id=4682 src=motion2 u=382.0 v=90.0 depth=5.0000 depth2=-1.0000 track=2 sf=9 flag=init_neg
[T2depth] t=48.7640 id=4686 src=stereo u=544.0 v=156.0 depth=40.2244 depth2=-1.0000 track=1 sf=10 flag=ok
[T2gate] t=48.7640 tri=36 rej=0 xrej=0 init_replace=3 gate=0
[T2slv] t=48.7640 phase=1 init_cost=108.175 final_cost=103.302 iters=7 term=0 slv_ms=8.9
[T2diag] t=48.7640 P=[-0.0457 0.0046 0.0013] V=[0.0283 0.0267 -0.0030] |Bas|=0.439203 |Bgs|=0.0019193 Bas=[-0.001767 -0.439162 0.005691] Bgs=[-0.0009220 0.0015911 0.0005497] tic0=[0.1200 0.0500 -0.0200] tic1=[0.1200 -0.0500 -0.0200] td=0.00000 track=146
[E2uls] flag=1 sh_t=48.796 new_t=48.796 dP=[-0.0054 -0.0025 0.0008] |dP|=0.0060 first_dt=-1.0000
time: 48.764000, t: -0.045685 0.004554 0.001307 q: 0.999907 0.013606 -0.000730 0.000589 
[T2xcross] t=48.8640 id=4682 est=5.0000 svd=0.9978 rel=0.8004 track=2 sf=9
[T2depth] t=48.8640 id=4683 src=motion2 u=356.4 v=174.0 depth=1.5927 depth2=-1.0000 track=2 sf=9 flag=ok
[T2depth] t=48.8640 id=4693 src=stereo u=178.1 v=64.6 depth=20.6643 depth2=-1.0000 track=1 sf=10 flag=ok
[T2depth] t=48.8640 id=4704 src=stereo u=510.0 v=84.0 depth=4.0896 depth2=-1.0000 track=1 sf=10 flag=ok
[T2depth] t=48.8640 id=4706 src=stereo u=507.0 v=182.0 depth=3.6701 depth2=-1.0000 track=1 sf=10 flag=ok
[T2depth] t=48.8640 id=4707 src=stereo u=364.0 v=204.0 depth=4.2136 depth2=-1.0000 track=1 sf=10 flag=ok
[T2gate] t=48.8640 tri=52 rej=0 xrej=0 init_replace=0 gate=0
[T2slv] t=48.8640 phase=1 init_cost=128.668 final_cost=99.9249 iters=9 term=1 slv_ms=8.9
[T2diag] t=48.8640 P=[0.0111 -0.0227 -0.0050] V=[0.4856 -0.2916 -0.0304] |Bas|=0.439203 |Bgs|=0.0500053 Bas=[-0.001767 -0.439162 0.005691] Bgs=[0.0099851 0.0238957 -0.0427765] tic0=[0.1200 0.0500 -0.0200] tic1=[0.1200 -0.0500 -0.0200] td=0.00000 track=126
[E2uls] flag=1 sh_t=48.900 new_t=48.900 dP=[-0.0691 0.0453 0.0113] |dP|=0.0834 first_dt=-1.0000
time: 48.864000, t: 0.011132 -0.022735 -0.005008 q: 0.999918 0.012367 -0.002660 0.002201 
[T2xcross] t=48.9640 id=33 est=2.6482 svd=0.4177 rel=0.8423 track=2 sf=9
[T2xcross] t=48.9640 id=4660 est=0.3161 svd=5.2495 rel=0.9398 track=2 sf=9
[T2xcross] t=48.9640 id=4665 est=0.0109 svd=4.1045 rel=0.9974 track=2 sf=9
[T2xcross] t=48.9640 id=4673 est=5.0000 svd=3.2064 rel=0.3587 track=2 sf=9
[T2xcross] t=48.9640 id=4681 est=5.0000 svd=2.6645 rel=0.4671 track=2 sf=9
[T2depth] t=48.9640 id=4687 src=motion2 u=30.6 v=109.7 depth=4.4299 depth2=-1.0000 track=2 sf=9 flag=ok
[T2depth] t=48.9640 id=4692 src=motion2 u=167.7 v=7.8 depth=4.1239 depth2=-1.0000 track=2 sf=9 flag=ok
[T2xcross] t=48.9640 id=4693 est=20.6643 svd=3.5831 rel=0.8266 track=2 sf=9
[T2depth] t=48.9640 id=4701 src=motion2 u=611.0 v=42.0 depth=0.5184 depth2=-1.0000 track=2 sf=9 flag=ok
[T2depth] t=48.9640 id=4702 src=motion2 u=494.0 v=227.0 depth=42.9881 depth2=-1.0000 track=2 sf=9 flag=ok
[T2depth] t=48.9640 id=4705 src=motion2 u=217.0 v=26.0 depth=2.8037 depth2=-1.0000 track=2 sf=9 flag=ok
[T2xcross] t=48.9640 id=4706 est=3.6701 svd=0.8861 rel=0.7586 track=2 sf=9
[T2depth] t=48.9640 id=4708 src=motion2 u=545.0 v=124.0 depth=0.5793 depth2=-1.0000 track=2 sf=9 flag=ok
[T2depth] t=48.9640 id=4709 src=motion2 u=563.0 v=43.0 depth=1.2675 depth2=-1.0000 track=2 sf=9 flag=ok
[T2depth] t=48.9640 id=4711 src=motion2 u=393.0 v=160.0 depth=5.0000 depth2=-1.0000 track=2 sf=9 flag=init_neg
[T2depth] t=48.9640 id=4717 src=stereo u=451.0 v=102.8 depth=3.8850 depth2=-1.0000 track=1 sf=10 flag=ok
[T2depth] t=48.9640 id=4725 src=stereo u=526.9 v=255.0 depth=2.3882 depth2=-1.0000 track=1 sf=10 flag=ok
[T2depth] t=48.9640 id=4730 src=stereo u=101.2 v=51.5 depth=30.9288 depth2=-1.0000 track=1 sf=10 flag=ok
[T2depth] t=48.9640 id=4738 src=stereo u=448.0 v=208.0 depth=3.8900 depth2=-1.0000 track=1 sf=10 flag=ok
[T2depth] t=48.9640 id=4741 src=stereo u=449.0 v=175.0 depth=3.8879 depth2=-1.0000 track=1 sf=10 flag=ok
[T2depth] t=48.9640 id=4742 src=stereo u=452.0 v=70.0 depth=3.8836 depth2=-1.0000 track=1 sf=10 flag=ok
[T2depth] t=48.9640 id=4744 src=stereo u=259.0 v=240.0 depth=1.0010 depth2=-1.0000 track=1 sf=10 flag=ok
[T2depth] t=48.9640 id=4748 src=stereo u=61.0 v=234.0 depth=2.1674 depth2=-1.0000 track=1 sf=10 flag=ok
[T2depth] t=48.9640 id=4756 src=stereo u=97.0 v=236.0 depth=2.1499 depth2=-1.0000 track=1 sf=10 flag=ok
[T2depth] t=48.9640 id=4758 src=stereo u=382.0 v=285.0 depth=5.0000 depth2=-1.0000 track=1 sf=10 flag=init_neg
[T2depth] t=48.9640 id=4767 src=stereo u=400.0 v=43.0 depth=4.6061 depth2=-1.0000 track=1 sf=10 flag=ok
[T2gate] t=48.9640 tri=91 rej=0 xrej=0 init_replace=2 gate=0
[T2slv] t=48.9640 phase=1 init_cost=517.783 final_cost=241.868 iters=9 term=1 slv_ms=6.8
[T2diag] t=48.9640 P=[0.0331 -0.0271 0.0095] V=[0.3772 -0.1088 0.1165] |Bas|=0.439203 |Bgs|=0.2475620 Bas=[-0.001767 -0.439163 0.005691] Bgs=[-0.1460521 0.1848092 -0.0761662] tic0=[0.1200 0.0500 -0.0200] tic1=[0.1200 -0.0500 -0.0200] td=0.00000 track=104
[E2uls] flag=1 sh_t=48.996 new_t=48.996 dP=[0.0458 -0.0359 -0.0073] |dP|=0.0586 first_dt=-1.0000
time: 48.964000, t: 0.033086 -0.027073 0.009504 q: 0.999898 0.009234 -0.009332 0.005650 
[T2xcross] t=49.0640 id=4717 est=3.8850 svd=0.1887 rel=0.9514 track=2 sf=9
[T2depth] t=49.0640 id=4722 src=motion2 u=353.3 v=403.4 depth=0.3297 depth2=-1.0000 track=2 sf=9 flag=ok
[T2xcross] t=49.0640 id=4725 est=2.3882 svd=4.8988 rel=0.5125 track=2 sf=9
[T2depth] t=49.0640 id=4731 src=motion2 u=284.0 v=75.5 depth=5.0000 depth2=-1.0000 track=2 sf=9 flag=init_neg
[T2depth] t=49.0640 id=4733 src=motion2 u=201.0 v=411.0 depth=0.3390 depth2=-1.0000 track=2 sf=9 flag=ok
[T2depth] t=49.0640 id=4736 src=motion2 u=142.0 v=320.0 depth=0.7822 depth2=-1.0000 track=2 sf=9 flag=ok
[T2depth] t=49.0640 id=4739 src=motion2 u=86.0 v=294.0 depth=1.5710 depth2=-1.0000 track=2 sf=9 flag=ok
[T2depth] t=49.0640 id=4740 src=motion2 u=160.0 v=237.0 depth=8.4031 depth2=-1.0000 track=2 sf=9 flag=ok
[T2depth] t=49.0640 id=4747 src=motion2 u=550.0 v=354.0 depth=0.4416 depth2=-1.0000 track=2 sf=9 flag=ok
[T2depth] t=49.0640 id=4753 src=motion2 u=302.0 v=241.0 depth=5.0000 depth2=-1.0000 track=2 sf=9 flag=init_neg
[T2depth] t=49.0640 id=4762 src=motion2 u=34.0 v=206.0 depth=5.0000 depth2=-1.0000 track=2 sf=9 flag=init_neg
[T2depth] t=49.0640 id=4763 src=motion2 u=217.0 v=108.0 depth=5.0000 depth2=-1.0000 track=2 sf=9 flag=init_neg
[T2depth] t=49.0640 id=4764 src=motion2 u=627.0 v=258.0 depth=5.0000 depth2=-1.0000 track=2 sf=9 flag=init_neg
[T2xcross] t=49.0640 id=4767 est=4.6061 svd=0.4673 rel=0.8985 track=2 sf=9
[T2depth] t=49.0640 id=4770 src=motion2 u=340.0 v=84.0 depth=5.0000 depth2=-1.0000 track=2 sf=9 flag=init_neg
[T2depth] t=49.0640 id=4793 src=stereo u=578.8 v=274.1 depth=0.9670 depth2=-1.0000 track=1 sf=10 flag=ok
[T2depth] t=49.0640 id=4799 src=stereo u=375.1 v=203.8 depth=3.4294 depth2=-1.0000 track=1 sf=10 flag=ok
[T2depth] t=49.0640 id=4801 src=stereo u=239.8 v=195.7 depth=41.0916 depth2=-1.0000 track=1 sf=10 flag=ok
[T2depth] t=49.0640 id=4802 src=stereo u=216.9 v=172.2 depth=39.2416 depth2=-1.0000 track=1 sf=10 flag=ok
[T2depth] t=49.0640 id=4804 src=stereo u=530.8 v=51.5 depth=3.5622 depth2=-1.0000 track=1 sf=10 flag=ok
[T2depth] t=49.0640 id=4805 src=stereo u=512.8 v=77.1 depth=3.6871 depth2=-1.0000 track=1 sf=10 flag=ok
[T2depth] t=49.0640 id=4809 src=stereo u=243.0 v=334.0 depth=5.0000 depth2=-1.0000 track=1 sf=10 flag=init_neg
[T2depth] t=49.0640 id=4827 src=stereo u=448.0 v=221.0 depth=3.8935 depth2=-1.0000 track=1 sf=10 flag=ok
[T2depth] t=49.0640 id=4828 src=stereo u=455.0 v=101.0 depth=3.8977 depth2=-1.0000 track=1 sf=10 flag=ok
[T2depth] t=49.0640 id=4831 src=stereo u=47.0 v=232.0 depth=4.9624 depth2=-1.0000 track=1 sf=10 flag=ok
[T2depth] t=49.0640 id=4833 src=stereo u=451.0 v=174.0 depth=3.8971 depth2=-1.0000 track=1 sf=10 flag=ok
[T2depth] t=49.0640 id=4834 src=stereo u=456.0 v=371.0 depth=4.6344 depth2=-1.0000 track=1 sf=10 flag=ok
[T2depth] t=49.0640 id=4846 src=stereo u=52.0 v=371.0 depth=5.0000 depth2=-1.0000 track=1 sf=10 flag=init_neg
[T2depth] t=49.0640 id=4855 src=stereo u=577.0 v=130.0 depth=5.0000 depth2=-1.0000 track=1 sf=10 flag=init_neg
[T2depth] t=49.0640 id=4861 src=stereo u=435.0 v=76.0 depth=4.5735 depth2=-1.0000 track=1 sf=10 flag=ok
[T2depth] t=49.0640 id=4862 src=stereo u=220.0 v=73.0 depth=5.0000 depth2=-1.0000 track=1 sf=10 flag=init_neg
[T2depth] t=49.0640 id=4867 src=stereo u=629.0 v=169.0 depth=32.0019 depth2=-1.0000 track=1 sf=10 flag=ok
[T2gate] t=49.0640 tri=146 rej=0 xrej=0 init_replace=10 gate=0
[T2slv] t=49.0640 phase=1 init_cost=493.395 final_cost=203.744 iters=9 term=1 slv_ms=10.3
[T2diag] t=49.0640 P=[-0.0019 0.0022 0.0799] V=[0.1059 0.0969 0.6709] |Bas|=2.024425 |Bgs|=0.1486274 Bas=[-0.428620 -0.674319 -1.860074] Bgs=[-0.1373420 0.0494679 -0.0279317] tic0=[0.1200 0.0500 -0.0200] tic1=[0.1200 -0.0500 -0.0200] td=0.00000 track=72
[E2uls] flag=1 sh_t=49.108 new_t=49.108 dP=[0.0941 -0.0492 -0.0623] |dP|=0.1232 first_dt=-1.0000
time: 49.064000, t: -0.001928 0.002204 0.079864 q: 0.999911 -0.009667 0.008681 0.003120 
[T2depth] t=49.1640 id=1 src=motion2 u=190.1 v=397.7 depth=0.7569 depth2=-1.0000 track=2 sf=9 flag=ok
[T2depth] t=49.1640 id=8 src=motion2 u=158.5 v=399.1 depth=0.7349 depth2=-1.0000 track=2 sf=9 flag=ok
[T2depth] t=49.1640 id=4772 src=motion2 u=319.4 v=405.1 depth=0.7610 depth2=-1.0000 track=2 sf=9 flag=ok
[T2depth] t=49.1640 id=4776 src=motion2 u=82.3 v=369.4 depth=0.9220 depth2=-1.0000 track=2 sf=9 flag=ok
[T2depth] t=49.1640 id=4792 src=motion2 u=344.3 v=380.8 depth=0.8659 depth2=-1.0000 track=2 sf=9 flag=ok
[T2depth] t=49.1640 id=4795 src=motion2 u=375.7 v=132.2 depth=2.2326 depth2=-1.0000 track=2 sf=9 flag=ok
[T2depth] t=49.1640 id=4808 src=motion2 u=39.0 v=316.0 depth=1.5336 depth2=-1.0000 track=2 sf=9 flag=ok
[T2xcross] t=49.1640 id=4809 est=5.0000 svd=1.2714 rel=0.7457 track=2 sf=9
[T2depth] t=49.1640 id=4812 src=motion2 u=256.0 v=400.0 depth=0.7603 depth2=-1.0000 track=2 sf=9 flag=ok
[T2depth] t=49.1640 id=4815 src=motion2 u=286.0 v=331.0 depth=1.3996 depth2=-1.0000 track=2 sf=9 flag=ok
[T2depth] t=49.1640 id=4819 src=motion2 u=402.0 v=348.0 depth=1.1719 depth2=-1.0000 track=2 sf=9 flag=ok
[T2depth] t=49.1640 id=4820 src=motion2 u=359.0 v=348.0 depth=1.1783 depth2=-1.0000 track=2 sf=9 flag=ok
[T2depth] t=49.1640 id=4823 src=motion2 u=102.0 v=345.0 depth=1.0524 depth2=-1.0000 track=2 sf=9 flag=ok
[T2depth] t=49.1640 id=4825 src=motion2 u=158.0 v=305.0 depth=1.8385 depth2=-1.0000 track=2 sf=9 flag=ok
[T2depth] t=49.1640 id=4826 src=motion2 u=518.0 v=358.0 depth=1.1231 depth2=-1.0000 track=2 sf=9 flag=ok
[T2xcross] t=49.1640 id=4827 est=3.8935 svd=59.7499 rel=0.9348 track=2 sf=9
[T2xcross] t=49.1640 id=4828 est=3.8977 svd=2.5374 rel=0.3490 track=2 sf=9
[T2depth] t=49.1640 id=4832 src=motion2 u=576.0 v=325.0 depth=1.6981 depth2=-1.0000 track=2 sf=9 flag=ok
[T2depth] t=49.1640 id=4838 src=motion2 u=340.0 v=250.0 depth=5.0000 depth2=-1.0000 track=2 sf=9 flag=init_neg
[T2depth] t=49.1640 id=4842 src=motion2 u=261.0 v=306.0 depth=1.9751 depth2=-1.0000 track=2 sf=9 flag=ok
[T2depth] t=49.1640 id=4845 src=motion2 u=3.0 v=291.0 depth=2.1848 depth2=-1.0000 track=2 sf=9 flag=ok
[T2xcross] t=49.1640 id=4846 est=5.0000 svd=0.8503 rel=0.8299 track=2 sf=9
[T2depth] t=49.1640 id=4849 src=motion2 u=506.0 v=330.0 depth=1.5997 depth2=-1.0000 track=2 sf=9 flag=ok
[T2depth] t=49.1640 id=4851 src=motion2 u=612.0 v=309.0 depth=2.4141 depth2=-1.0000 track=2 sf=9 flag=ok
[T2depth] t=49.1640 id=4853 src=motion2 u=187.0 v=287.0 depth=2.7065 depth2=-1.0000 track=2 sf=9 flag=ok
[T2depth] t=49.1640 id=4856 src=motion2 u=192.0 v=206.0 depth=5.0000 depth2=-1.0000 track=2 sf=9 flag=init_neg
[T2depth] t=49.1640 id=4860 src=motion2 u=130.0 v=23.0 depth=5.0000 depth2=-1.0000 track=2 sf=9 flag=init_neg
[T2xcross] t=49.1640 id=4861 est=4.5735 svd=10.9534 rel=0.5825 track=2 sf=9
[T2depth] t=49.1640 id=4866 src=motion2 u=307.0 v=16.0 depth=5.0000 depth2=-1.0000 track=2 sf=9 flag=init_neg
[T2depth] t=49.1640 id=4878 src=stereo u=408.4 v=264.0 depth=2.8068 depth2=-1.0000 track=1 sf=10 flag=ok
[T2depth] t=49.1640 id=4890 src=stereo u=134.0 v=238.0 depth=1.7260 depth2=-1.0000 track=1 sf=10 flag=ok
[T2depth] t=49.1640 id=4893 src=stereo u=475.9 v=280.8 depth=3.2046 depth2=-1.0000 track=1 sf=10 flag=ok
[T2depth] t=49.1640 id=4897 src=stereo u=40.0 v=78.7 depth=25.7728 depth2=-1.0000 track=1 sf=10 flag=ok
[T2depth] t=49.1640 id=4902 src=stereo u=512.0 v=3.0 depth=2.9778 depth2=-1.0000 track=1 sf=10 flag=ok
[T2depth] t=49.1640 id=4903 src=stereo u=415.0 v=473.0 depth=5.0000 depth2=-1.0000 track=1 sf=10 flag=init_neg
[T2depth] t=49.1640 id=4924 src=stereo u=225.0 v=325.0 depth=5.0000 depth2=-1.0000 track=1 sf=10 flag=init_neg
[T2depth] t=49.1640 id=4927 src=stereo u=451.0 v=197.0 depth=3.8977 depth2=-1.0000 track=1 sf=10 flag=ok
[T2depth] t=49.1640 id=4928 src=stereo u=589.0 v=10.0 depth=2.9306 depth2=-1.0000 track=1 sf=10 flag=ok
[T2depth] t=49.1640 id=4929 src=stereo u=454.0 v=162.0 depth=3.8986 depth2=-1.0000 track=1 sf=10 flag=ok
[T2depth] t=49.1640 id=4930 src=stereo u=543.0 v=5.0 depth=2.9084 depth2=-1.0000 track=1 sf=10 flag=ok
[T2depth] t=49.1640 id=4931 src=stereo u=62.0 v=232.0 depth=2.1340 depth2=-1.0000 track=1 sf=10 flag=ok
[T2depth] t=49.1640 id=4934 src=stereo u=164.0 v=241.0 depth=2.8709 depth2=-1.0000 track=1 sf=10 flag=ok
[T2depth] t=49.1640 id=4938 src=stereo u=582.0 v=325.0 depth=1.0019 depth2=-1.0000 track=1 sf=10 flag=ok
[T2depth] t=49.1640 id=4944 src=stereo u=141.0 v=286.0 depth=2.7058 depth2=-1.0000 track=1 sf=10 flag=ok
[T2depth] t=49.1640 id=4949 src=stereo u=177.0 v=274.0 depth=1.3340 depth2=-1.0000 track=1 sf=10 flag=ok
[T2depth] t=49.1640 id=4950 src=stereo u=587.0 v=292.0 depth=1.7273 depth2=-1.0000 track=1 sf=10 flag=ok
[T2gate] t=49.1640 tri=176 rej=0 xrej=0 init_replace=6 gate=0
[T2slv] t=49.1640 phase=1 init_cost=1973.6 final_cost=495.171 iters=9 term=1 slv_ms=16.2
[T2diag] t=49.1640 P=[-0.0066 0.0417 0.2676] V=[-0.0074 0.3870 1.4633] |Bas|=3.172506 |Bgs|=0.1423488 Bas=[0.023491 -0.974275 -3.019111] Bgs=[-0.1318789 -0.0535149 0.0026983] tic0=[0.1200 0.0500 -0.0200] tic1=[0.1200 -0.0500 -0.0200] td=0.00000 track=70
[0m[INFO] [1790884436.243096127, 49.212000000]:  big IMU acc bias estimation 3.172506[0m
[T2fail] t=49.1640 P=[-0.006601 0.04175 0.2676] V=[-0.007445 0.387 1.463] |Bas|=3.173 |Bgs|=0.1423 tic0=[0.1200 0.0500 -0.0200] td=0.00000 track=70
[33m[WARN] [1790884436.243137910, 49.212000000]: failure detection![0m
