[0m[INFO] [1790883516.731846398]: init begins[0m
vins stack guard: RLIMIT_STACK soft -> 512 MB
config_file: /home/uav/catkin_ws/src/VINS-Fusion/config/sim_stereo_t2gates/sim_stereo_imu_config.yaml
USE_IMU: 1
IMU_TOPIC: /mavros/imu/data_raw
T2_DEPTH_GATE: 0 min=0.150 max=30.000 xcheck_tol=0.30
T2 knobs: loss=0 cauchy=4.00 rejectF=0 chi2=0(m=5.0 conf=0.95) prior=0(cost=5000 dbas=0.050 share=0.50 cd=5 strat=1) cost_trace=0
REANCHOR_SMOOTH: 1 frames: 15
result path /home/uav/vins_output//vio.csv
[33m[WARN] [1790883516.735466655]:  fix extrinsic param [0m
camera number 2
[0m[INFO] [1790883516.735929358]: Synchronized sensors, fix time offset: 0[0m
[0m[INFO] [1790883516.735938217]: ROW: 480 COL: 640 [0m
 exitrinsic cam 0
 0  0  1
-1  0  0
 0 -1  0
 0.12  0.05 -0.02
 exitrinsic cam 1
 0  0  1
-1  0  0
 0 -1  0
 0.12 -0.05 -0.02
set g    0    0 9.81
[33m[WARN] [1790883516.736172598]: waiting for image and imu...[0m
[0m[INFO] [1790883516.736002228]: reading paramerter of camera /home/uav/catkin_ws/src/VINS-Fusion/config/sim_stereo_t2gates/left.yaml[0m
[0m[INFO] [1790883516.736103394]: reading paramerter of camera /home/uav/catkin_ws/src/VINS-Fusion/config/sim_stereo_t2gates/right.yaml[0m
MULTIPLE_THREAD is 1
init first imu pose
averge acc 0.019567 -0.044999 9.810902
init R0 
   0.999998 9.14765e-06 -0.00199439
          0    0.999989  0.00458663
 0.00199442 -0.00458662    0.999987
[31m[ERROR] [1790883517.094683994, 10.108000000]: dt clamp: dt=10.98 imu_t=9.9840 prev=-1.0000 (domain split or IMU disorder?)[0m
[T2depth] t=10.0560 id=0 src=stereo u=445.0 v=241.0 depth=3.8965 depth2=-1.0000 track=1 sf=0 flag=ok
[T2depth] t=10.0560 id=14 src=stereo u=447.0 v=34.0 depth=3.9200 depth2=-1.0000 track=1 sf=0 flag=ok
[T2depth] t=10.0560 id=24 src=stereo u=299.6 v=395.0 depth=5.0000 depth2=-1.0000 track=1 sf=0 flag=init_neg
[T2depth] t=10.0560 id=87 src=stereo u=286.4 v=242.0 depth=5.2406 depth2=-1.0000 track=1 sf=0 flag=ok
[T2depth] t=10.0560 id=99 src=stereo u=384.0 v=277.0 depth=5.0000 depth2=-1.0000 track=1 sf=0 flag=init_neg
[T2depth] t=10.0560 id=107 src=stereo u=451.0 v=74.0 depth=3.8974 depth2=-1.0000 track=1 sf=0 flag=ok
[T2depth] t=10.0560 id=110 src=stereo u=484.0 v=132.0 depth=5.0000 depth2=-1.0000 track=1 sf=0 flag=init_neg
[T2depth] t=10.0560 id=123 src=stereo u=120.0 v=156.0 depth=5.0000 depth2=-1.0000 track=1 sf=0 flag=init_neg
[T2depth] t=10.0560 id=124 src=stereo u=249.0 v=231.0 depth=5.0000 depth2=-1.0000 track=1 sf=0 flag=init_neg
[T2depth] t=10.0560 id=128 src=stereo u=538.0 v=250.0 depth=2.2196 depth2=-1.0000 track=1 sf=0 flag=ok
[T2depth] t=10.0560 id=129 src=stereo u=395.0 v=207.0 depth=3.6895 depth2=-1.0000 track=1 sf=0 flag=ok
[T2depth] t=10.0560 id=133 src=stereo u=416.0 v=249.0 depth=2.8534 depth2=-1.0000 track=1 sf=0 flag=ok
[T2depth] t=10.0560 id=136 src=stereo u=447.0 v=151.0 depth=3.8694 depth2=-1.0000 track=1 sf=0 flag=ok
[T2depth] t=10.0560 id=141 src=stereo u=190.0 v=49.0 depth=26.6256 depth2=-1.0000 track=1 sf=0 flag=ok
[T2depth] t=10.0560 id=142 src=stereo u=6.0 v=180.0 depth=5.0000 depth2=-1.0000 track=1 sf=0 flag=init_neg
[T2depth] t=10.0560 id=144 src=stereo u=328.0 v=14.0 depth=5.0000 depth2=-1.0000 track=1 sf=0 flag=init_neg
[T2depth] t=10.0560 id=145 src=stereo u=514.0 v=214.0 depth=3.4909 depth2=-1.0000 track=1 sf=0 flag=ok
[T2depth] t=10.0560 id=150 src=stereo u=362.0 v=256.0 depth=1.4908 depth2=-1.0000 track=1 sf=0 flag=ok
[T2depth] t=10.0560 id=151 src=stereo u=429.0 v=95.0 depth=4.0994 depth2=-1.0000 track=1 sf=0 flag=ok
[T2gate] t=10.0560 tri=150 rej=0 xrej=0 init_replace=7 gate=0
[T2xcross] t=10.1560 id=0 est=3.8965 svd=4.7961 rel=0.1876 track=2 sf=0
[T2depth] t=10.1560 id=1 src=motion2 u=191.0 v=340.0 depth=5.0000 depth2=-1.0000 track=2 sf=0 flag=init_neg
[T2depth] t=10.1560 id=2 src=motion2 u=224.0 v=347.0 depth=5.0000 depth2=-1.0000 track=2 sf=0 flag=init_neg
[T2depth] t=10.1560 id=3 src=motion2 u=617.0 v=372.0 depth=7.9655 depth2=-1.0000 track=2 sf=0 flag=ok
[T2depth] t=10.1560 id=4 src=motion2 u=385.7 v=386.9 depth=5.8153 depth2=-1.0000 track=2 sf=0 flag=ok
[T2depth] t=10.1560 id=5 src=motion2 u=316.9 v=356.9 depth=6.7354 depth2=-1.0000 track=2 sf=0 flag=ok
[T2depth] t=10.1560 id=6 src=motion2 u=256.9 v=334.0 depth=136.5403 depth2=-1.0000 track=2 sf=0 flag=ok
[T2depth] t=10.1560 id=7 src=motion2 u=4.0 v=374.0 depth=5.0000 depth2=-1.0000 track=2 sf=0 flag=init_neg
[T2depth] t=10.1560 id=8 src=motion2 u=159.0 v=342.0 depth=5.0000 depth2=-1.0000 track=2 sf=0 flag=init_neg
[T2depth] t=10.1560 id=9 src=motion2 u=116.0 v=360.0 depth=5.0000 depth2=-1.0000 track=2 sf=0 flag=init_neg
[T2depth] t=10.1560 id=10 src=motion2 u=352.1 v=346.0 depth=4.7901 depth2=-1.0000 track=2 sf=0 flag=ok
[T2depth] t=10.1560 id=11 src=motion2 u=398.9 v=342.0 depth=4.5885 depth2=-1.0000 track=2 sf=0 flag=ok
[T2depth] t=10.1560 id=12 src=motion2 u=203.0 v=388.0 depth=5.0000 depth2=-1.0000 track=2 sf=0 flag=init_neg
[T2depth] t=10.1560 id=13 src=motion2 u=283.3 v=370.0 depth=12.3558 depth2=-1.0000 track=2 sf=0 flag=ok
[T2xcross] t=10.1560 id=14 est=3.9200 svd=76.8280 rel=0.9490 track=2 sf=0
[T2depth] t=10.1560 id=15 src=motion2 u=554.9 v=356.0 depth=7.4596 depth2=-1.0000 track=2 sf=0 flag=ok
[T2depth] t=10.1560 id=16 src=motion2 u=50.8 v=411.0 depth=5.0000 depth2=-1.0000 track=2 sf=0 flag=init_neg
[T2depth] t=10.1560 id=17 src=motion2 u=142.1 v=394.0 depth=5.0000 depth2=-1.0000 track=2 sf=0 flag=init_neg
[T2depth] t=10.1560 id=18 src=motion2 u=88.2 v=386.0 depth=5.0000 depth2=-1.0000 track=2 sf=0 flag=init_neg
[T2depth] t=10.1560 id=19 src=motion2 u=559.3 v=387.1 depth=7.4226 depth2=-1.0000 track=2 sf=0 flag=ok
[T2depth] t=10.1560 id=20 src=motion2 u=454.9 v=346.0 depth=5.2486 depth2=-1.0000 track=2 sf=0 flag=ok
[T2depth] t=10.1560 id=21 src=motion2 u=44.0 v=348.0 depth=5.0000 depth2=-1.0000 track=2 sf=0 flag=init_neg
[T2depth] t=10.1560 id=22 src=motion2 u=505.3 v=361.0 depth=6.1698 depth2=-1.0000 track=2 sf=0 flag=ok
[T2depth] t=10.1560 id=23 src=motion2 u=463.0 v=7.0 depth=82.7102 depth2=-1.0000 track=2 sf=0 flag=ok
[T2xcross] t=10.1560 id=24 est=5.0000 svd=11.2498 rel=0.5555 track=2 sf=0
[T2depth] t=10.1560 id=27 src=motion2 u=637.2 v=347.0 depth=8.1734 depth2=-1.0000 track=2 sf=0 flag=ok
[T2depth] t=10.1560 id=28 src=motion2 u=197.1 v=446.0 depth=386.6418 depth2=-1.0000 track=2 sf=0 flag=ok
[T2depth] t=10.1560 id=29 src=motion2 u=120.1 v=420.0 depth=5.0000 depth2=-1.0000 track=2 sf=0 flag=init_neg
[T2depth] t=10.1560 id=30 src=motion2 u=6.0 v=342.0 depth=5.0000 depth2=-1.0000 track=2 sf=0 flag=init_neg
[T2depth] t=10.1560 id=31 src=motion2 u=433.9 v=406.9 depth=6.8535 depth2=-1.0000 track=2 sf=0 flag=ok
[T2depth] t=10.1560 id=32 src=motion2 u=350.0 v=390.0 depth=6.6582 depth2=-1.0000 track=2 sf=0 flag=ok
[T2depth] t=10.1560 id=33 src=motion2 u=267.4 v=403.1 depth=17.9979 depth2=-1.0000 track=2 sf=0 flag=ok
[T2depth] t=10.1560 id=34 src=motion2 u=327.1 v=411.9 depth=9.1648 depth2=-1.0000 track=2 sf=0 flag=ok
[T2depth] t=10.1560 id=35 src=motion2 u=71.0 v=435.0 depth=5.0000 depth2=-1.0000 track=2 sf=0 flag=init_neg
[T2depth] t=10.1560 id=36 src=motion2 u=90.0 v=320.0 depth=5.0000 depth2=-1.0000 track=2 sf=0 flag=init_neg
[T2depth] t=10.1560 id=37 src=motion2 u=225.5 v=468.0 depth=39.7275 depth2=-1.0000 track=2 sf=0 flag=ok
[T2depth] t=10.1560 id=38 src=motion2 u=522.0 v=323.0 depth=6.7482 depth2=-1.0000 track=2 sf=0 flag=ok
[T2depth] t=10.1560 id=39 src=motion2 u=619.0 v=320.0 depth=7.7542 depth2=-1.0000 track=2 sf=0 flag=ok
[T2depth] t=10.1560 id=40 src=motion2 u=610.1 v=410.0 depth=7.9938 depth2=-1.0000 track=2 sf=0 flag=ok
[T2depth] t=10.1560 id=41 src=motion2 u=262.8 v=450.0 depth=20.1954 depth2=-1.0000 track=2 sf=0 flag=ok
[T2depth] t=10.1560 id=42 src=motion2 u=317.8 v=310.0 depth=3.5017 depth2=-1.0000 track=2 sf=0 flag=ok
[T2depth] t=10.1560 id=43 src=motion2 u=236.9 v=378.0 depth=61.9557 depth2=-1.0000 track=2 sf=0 flag=ok
[T2depth] t=10.1560 id=44 src=motion2 u=59.9 v=310.0 depth=5.0000 depth2=-1.0000 track=2 sf=0 flag=init_neg
[T2depth] t=10.1560 id=45 src=motion2 u=614.4 v=451.2 depth=8.2775 depth2=-1.0000 track=2 sf=0 flag=ok
[T2depth] t=10.1560 id=46 src=motion2 u=73.9 v=353.0 depth=5.0000 depth2=-1.0000 track=2 sf=0 flag=init_neg
[T2depth] t=10.1560 id=47 src=motion2 u=511.2 v=438.2 depth=7.7406 depth2=-1.0000 track=2 sf=0 flag=ok
[T2depth] t=10.1560 id=48 src=motion2 u=163.5 v=463.4 depth=5.0000 depth2=-1.0000 track=2 sf=0 flag=init_neg
[T2depth] t=10.1560 id=49 src=motion2 u=471.5 v=320.0 depth=5.9545 depth2=-1.0000 track=2 sf=0 flag=ok
[T2depth] t=10.1560 id=50 src=motion2 u=287.5 v=333.0 depth=9.6187 depth2=-1.0000 track=2 sf=0 flag=ok
[T2depth] t=10.1560 id=51 src=motion2 u=385.5 v=432.9 depth=7.4478 depth2=-1.0000 track=2 sf=0 flag=ok
[T2depth] t=10.1560 id=52 src=motion2 u=218.0 v=292.0 depth=5.0000 depth2=-1.0000 track=2 sf=0 flag=init_neg
[T2depth] t=10.1560 id=53 src=motion2 u=12.2 v=422.9 depth=5.0000 depth2=-1.0000 track=2 sf=0 flag=init_neg
[T2depth] t=10.1560 id=54 src=motion2 u=525.2 v=411.0 depth=6.6034 depth2=-1.0000 track=2 sf=0 flag=ok
[T2depth] t=10.1560 id=55 src=motion2 u=588.0 v=363.0 depth=7.5034 depth2=-1.0000 track=2 sf=0 flag=ok
[T2depth] t=10.1560 id=56 src=motion2 u=580.2 v=453.8 depth=8.6129 depth2=-1.0000 track=2 sf=0 flag=ok
[T2depth] t=10.1560 id=57 src=motion2 u=377.9 v=315.0 depth=3.8088 depth2=-1.0000 track=2 sf=0 flag=ok
[T2depth] t=10.1560 id=58 src=motion2 u=40.5 v=454.9 depth=5.0000 depth2=-1.0000 track=2 sf=0 flag=init_neg
[T2depth] t=10.1560 id=59 src=motion2 u=142.9 v=313.0 depth=5.0000 depth2=-1.0000 track=2 sf=0 flag=init_neg
[T2depth] t=10.1560 id=60 src=motion2 u=225.3 v=430.0 depth=39.1047 depth2=-1.0000 track=2 sf=0 flag=ok
[T2depth] t=10.1560 id=61 src=motion2 u=568.1 v=307.0 depth=7.5284 depth2=-1.0000 track=2 sf=0 flag=ok
[T2depth] t=10.1560 id=62 src=motion2 u=116.0 v=286.0 depth=5.0000 depth2=-1.0000 track=2 sf=0 flag=init_neg
[T2depth] t=10.1560 id=63 src=motion2 u=454.1 v=294.0 depth=5.1242 depth2=-1.0000 track=2 sf=0 flag=ok
[T2depth] t=10.1560 id=64 src=motion2 u=395.9 v=463.5 depth=10.1615 depth2=-1.0000 track=2 sf=0 flag=ok
[T2depth] t=10.1560 id=65 src=motion2 u=176.8 v=410.1 depth=5.0000 depth2=-1.0000 track=2 sf=0 flag=init_neg
[T2depth] t=10.1560 id=66 src=motion2 u=557.5 v=430.0 depth=7.4155 depth2=-1.0000 track=2 sf=0 flag=ok
[T2depth] t=10.1560 id=67 src=motion2 u=257.1 v=299.0 depth=5.0000 depth2=-1.0000 track=2 sf=0 flag=init_neg
[T2depth] t=10.1560 id=68 src=motion2 u=41.9 v=380.0 depth=5.0000 depth2=-1.0000 track=2 sf=0 flag=init_neg
[T2depth] t=10.1560 id=69 src=motion2 u=174.1 v=307.0 depth=5.0000 depth2=-1.0000 track=2 sf=0 flag=init_neg
[T2depth] t=10.1560 id=70 src=motion2 u=87.6 v=463.1 depth=5.0000 depth2=-1.0000 track=2 sf=0 flag=init_neg
[T2depth] t=10.1560 id=71 src=motion2 u=477.6 v=474.8 depth=8.5663 depth2=-1.0000 track=2 sf=0 flag=ok
[T2depth] t=10.1560 id=72 src=motion2 u=353.8 v=291.0 depth=2.4960 depth2=-1.0000 track=2 sf=0 flag=ok
[T2depth] t=10.1560 id=74 src=motion2 u=433.0 v=324.0 depth=4.8019 depth2=-1.0000 track=2 sf=0 flag=ok
[T2depth] t=10.1560 id=75 src=motion2 u=294.8 v=290.0 depth=4.5834 depth2=-1.0000 track=2 sf=0 flag=ok
[T2depth] t=10.1560 id=76 src=motion2 u=174.3 v=377.0 depth=5.0000 depth2=-1.0000 track=2 sf=0 flag=init_neg
[T2depth] t=10.1560 id=77 src=motion2 u=435.7 v=454.5 depth=7.4441 depth2=-1.0000 track=2 sf=0 flag=ok
[T2depth] t=10.1560 id=78 src=motion2 u=332.8 v=443.3 depth=10.9196 depth2=-1.0000 track=2 sf=0 flag=ok
[T2depth] t=10.1560 id=79 src=motion2 u=121.4 v=449.9 depth=5.0000 depth2=-1.0000 track=2 sf=0 flag=init_neg
[T2depth] t=10.1560 id=80 src=motion2 u=412.7 v=289.0 depth=3.4770 depth2=-1.0000 track=2 sf=0 flag=ok
[T2depth] t=10.1560 id=81 src=motion2 u=418.8 v=381.0 depth=5.5956 depth2=-1.0000 track=2 sf=0 flag=ok
[T2depth] t=10.1560 id=82 src=motion2 u=152.5 v=429.0 depth=5.0000 depth2=-1.0000 track=2 sf=0 flag=init_neg
[T2depth] t=10.1560 id=83 src=motion2 u=474.8 v=409.2 depth=6.5854 depth2=-1.0000 track=2 sf=0 flag=ok
[T2depth] t=10.1560 id=84 src=motion2 u=634.4 v=293.0 depth=9.4698 depth2=-1.0000 track=2 sf=0 flag=ok
[T2depth] t=10.1560 id=85 src=motion2 u=283.4 v=475.9 depth=20.1800 depth2=-1.0000 track=2 sf=0 flag=ok
[T2depth] t=10.1560 id=86 src=motion2 u=18.1 v=292.0 depth=5.0000 depth2=-1.0000 track=2 sf=0 flag=init_neg
[T2xcross] t=10.1560 id=87 est=5.2406 svd=0.2478 rel=0.9527 track=2 sf=0
[T2depth] t=10.1560 id=88 src=motion2 u=521.0 v=292.0 depth=8.1925 depth2=-1.0000 track=2 sf=0 flag=ok
[T2depth] t=10.1560 id=89 src=motion2 u=509.1 v=472.0 depth=8.3678 depth2=-1.0000 track=2 sf=0 flag=ok
[T2depth] t=10.1560 id=91 src=motion2 u=455.0 v=383.0 depth=6.4315 depth2=-1.0000 track=2 sf=0 flag=ok
[T2depth] t=10.1560 id=92 src=motion2 u=357.0 v=420.0 depth=7.1435 depth2=-1.0000 track=2 sf=0 flag=ok
[T2depth] t=10.1560 id=93 src=motion2 u=543.0 v=472.0 depth=8.9591 depth2=-1.0000 track=2 sf=0 flag=ok
[T2depth] t=10.1560 id=94 src=motion2 u=638.0 v=426.0 depth=8.1016 depth2=-1.0000 track=2 sf=0 flag=ok
[T2depth] t=10.1560 id=95 src=motion2 u=299.0 v=431.0 depth=10.9620 depth2=-1.0000 track=2 sf=0 flag=ok
[T2depth] t=10.1560 id=96 src=motion2 u=359.0 v=465.0 depth=8.0571 depth2=-1.0000 track=2 sf=0 flag=ok
[T2depth] t=10.1560 id=97 src=motion2 u=8.0 v=453.0 depth=5.0000 depth2=-1.0000 track=2 sf=0 flag=init_neg
[T2depth] t=10.1560 id=98 src=motion2 u=30.0 v=243.0 depth=5.0000 depth2=-1.0000 track=2 sf=0 flag=init_neg
[T2xcross] t=10.1560 id=99 est=5.0000 svd=2.7788 rel=0.4442 track=2 sf=0
[T2depth] t=10.1560 id=100 src=motion2 u=589.0 v=331.0 depth=6.9230 depth2=-1.0000 track=2 sf=0 flag=ok
[T2depth] t=10.1560 id=101 src=motion2 u=592.0 v=279.0 depth=8.1234 depth2=-1.0000 track=2 sf=0 flag=ok
[T2depth] t=10.1560 id=102 src=motion2 u=501.0 v=261.0 depth=9.1046 depth2=-1.0000 track=2 sf=0 flag=ok
[T2depth] t=10.1560 id=103 src=motion2 u=169.0 v=180.0 depth=5.0000 depth2=-1.0000 track=2 sf=0 flag=init_neg
[T2depth] t=10.1560 id=104 src=motion2 u=194.0 v=199.0 depth=5.0000 depth2=-1.0000 track=2 sf=0 flag=init_neg
[T2depth] t=10.1560 id=105 src=motion2 u=157.0 v=265.0 depth=5.0000 depth2=-1.0000 track=2 sf=0 flag=init_neg
[T2depth] t=10.1560 id=106 src=motion2 u=488.0 v=293.0 depth=5.5638 depth2=-1.0000 track=2 sf=0 flag=ok
[T2depth] t=10.1560 id=108 src=motion2 u=102.0 v=32.0 depth=5.0000 depth2=-1.0000 track=2 sf=0 flag=init_neg
[T2depth] t=10.1560 id=109 src=motion2 u=313.0 v=132.0 depth=0.8661 depth2=-1.0000 track=2 sf=0 flag=ok
[T2xcross] t=10.1560 id=110 est=5.0000 svd=3.4036 rel=0.3193 track=2 sf=0
[T2depth] t=10.1560 id=111 src=motion2 u=583.0 v=97.0 depth=5.0000 depth2=-1.0000 track=2 sf=0 flag=init_neg
[T2depth] t=10.1560 id=112 src=motion2 u=235.0 v=267.0 depth=5.0000 depth2=-1.0000 track=2 sf=0 flag=init_neg
[T2depth] t=10.1560 id=113 src=motion2 u=168.0 v=12.0 depth=5.0000 depth2=-1.0000 track=2 sf=0 flag=init_neg
[T2depth] t=10.1560 id=114 src=motion2 u=233.0 v=158.0 depth=1.0776 depth2=-1.0000 track=2 sf=0 flag=ok
[T2depth] t=10.1560 id=115 src=motion2 u=124.0 v=244.0 depth=5.0000 depth2=-1.0000 track=2 sf=0 flag=init_neg
[T2depth] t=10.1560 id=116 src=motion2 u=598.0 v=188.0 depth=5.0000 depth2=-1.0000 track=2 sf=0 flag=init_neg
[T2depth] t=10.1560 id=118 src=motion2 u=625.0 v=36.0 depth=3.6437 depth2=-1.0000 track=2 sf=0 flag=ok
[T2depth] t=10.1560 id=119 src=motion2 u=62.0 v=276.0 depth=5.0000 depth2=-1.0000 track=2 sf=0 flag=init_neg
[T2depth] t=10.1560 id=121 src=motion2 u=12.0 v=149.0 depth=5.0000 depth2=-1.0000 track=2 sf=0 flag=init_neg
[T2depth] t=10.1560 id=122 src=motion2 u=386.0 v=84.0 depth=5.0000 depth2=-1.0000 track=2 sf=0 flag=init_neg
[T2xcross] t=10.1560 id=124 est=5.0000 svd=11.8207 rel=0.5770 track=2 sf=0
[T2depth] t=10.1560 id=125 src=motion2 u=185.0 v=244.0 depth=5.0000 depth2=-1.0000 track=2 sf=0 flag=init_neg
[T2depth] t=10.1560 id=126 src=motion2 u=17.0 v=26.0 depth=5.0000 depth2=-1.0000 track=2 sf=0 flag=init_neg
[T2depth] t=10.1560 id=127 src=motion2 u=470.0 v=101.0 depth=5.0000 depth2=-1.0000 track=2 sf=0 flag=init_neg
[T2xcross] t=10.1560 id=128 est=2.2196 svd=1.7176 rel=0.2262 track=2 sf=0
[T2depth] t=10.1560 id=130 src=motion2 u=41.0 v=194.0 depth=5.0000 depth2=-1.0000 track=2 sf=0 flag=init_neg
[T2depth] t=10.1560 id=131 src=motion2 u=205.0 v=23.0 depth=5.0000 depth2=-1.0000 track=2 sf=0 flag=init_neg
[T2depth] t=10.1560 id=132 src=motion2 u=249.0 v=77.0 depth=5.0000 depth2=-1.0000 track=2 sf=0 flag=init_neg
[T2xcross] t=10.1560 id=133 est=2.8534 svd=2.2290 rel=0.2188 track=2 sf=0
[T2depth] t=10.1560 id=134 src=motion2 u=71.0 v=36.0 depth=5.0000 depth2=-1.0000 track=2 sf=0 flag=init_neg
[T2depth] t=10.1560 id=138 src=motion2 u=192.0 v=478.0 depth=46.8602 depth2=-1.0000 track=2 sf=0 flag=ok
[T2depth] t=10.1560 id=139 src=motion2 u=9.0 v=70.0 depth=5.0000 depth2=-1.0000 track=2 sf=0 flag=init_neg
[T2depth] t=10.1560 id=143 src=motion2 u=317.0 v=93.0 depth=5.0000 depth2=-1.0000 track=2 sf=0 flag=init_neg
[T2xcross] t=10.1560 id=144 est=5.0000 svd=1.2720 rel=0.7456 track=2 sf=0
[T2depth] t=10.1560 id=147 src=motion2 u=152.0 v=55.0 depth=5.0000 depth2=-1.0000 track=2 sf=0 flag=init_neg
[T2depth] t=10.1560 id=148 src=motion2 u=324.0 v=249.0 depth=0.3791 depth2=-1.0000 track=2 sf=0 flag=ok
[T2depth] t=10.1560 id=149 src=motion2 u=125.0 v=95.0 depth=5.0000 depth2=-1.0000 track=2 sf=0 flag=init_neg
[T2xcross] t=10.1560 id=150 est=1.4908 svd=3.5964 rel=0.5855 track=2 sf=0
[T2depth] t=10.1560 id=153 src=motion2 u=92.0 v=80.0 depth=5.0000 depth2=-1.0000 track=2 sf=0 flag=init_neg
[T2depth] t=10.1560 id=161 src=stereo u=468.9 v=442.0 depth=0.9959 depth2=-1.0000 track=1 sf=1 flag=ok
[T2depth] t=10.1560 id=162 src=stereo u=124.5 v=180.5 depth=5.0000 depth2=-1.0000 track=1 sf=1 flag=init_neg
[T2depth] t=10.1560 id=165 src=stereo u=416.0 v=42.0 depth=3.4118 depth2=-1.0000 track=1 sf=1 flag=ok
[T2depth] t=10.1560 id=166 src=stereo u=424.0 v=215.0 depth=4.4186 depth2=-1.0000 track=1 sf=1 flag=ok
[T2gate] t=10.1560 tri=145 rej=0 xrej=0 init_replace=58 gate=0
[T2xcross] t=10.2560 id=151 est=4.0994 svd=2.5365 rel=0.3813 track=3 sf=0
[T2depth] t=10.2560 id=154 src=motion2 u=580.0 v=409.0 depth=6.4696 depth2=-1.0000 track=2 sf=1 flag=ok
[T2depth] t=10.2560 id=155 src=motion2 u=628.1 v=478.0 depth=9.7529 depth2=-1.0000 track=2 sf=1 flag=ok
[T2depth] t=10.2560 id=156 src=motion2 u=638.0 v=395.0 depth=7.3296 depth2=-1.0000 track=2 sf=1 flag=ok
[T2depth] t=10.2560 id=157 src=motion2 u=135.0 v=478.0 depth=5.0000 depth2=-1.0000 track=2 sf=1 flag=init_neg
[T2depth] t=10.2560 id=158 src=motion2 u=2.1 v=262.0 depth=5.0000 depth2=-1.0000 track=2 sf=1 flag=init_neg
[T2depth] t=10.2560 id=160 src=motion2 u=633.5 v=253.0 depth=8.3446 depth2=-1.0000 track=2 sf=1 flag=ok
[T2xcross] t=10.2560 id=161 est=0.9959 svd=4.7305 rel=0.7895 track=2 sf=1
[T2depth] t=10.2560 id=164 src=motion2 u=265.0 v=268.0 depth=5.0000 depth2=-1.0000 track=2 sf=1 flag=init_neg
[T2xcross] t=10.2560 id=166 est=4.4186 svd=0.7621 rel=0.8275 track=2 sf=1
[T2depth] t=10.2560 id=168 src=motion2 u=47.0 v=16.0 depth=5.0000 depth2=-1.0000 track=2 sf=1 flag=init_neg
[T2depth] t=10.2560 id=183 src=stereo u=226.0 v=103.0 depth=5.0000 depth2=-1.0000 track=1 sf=2 flag=init_neg
[T2depth] t=10.2560 id=186 src=stereo u=69.0 v=116.0 depth=36.8973 depth2=-1.0000 track=1 sf=2 flag=ok
[T2gate] t=10.2560 tri=31 rej=0 xrej=0 init_replace=5 gate=0
[T2depth] t=10.3560 id=169 src=motion2 u=603.2 v=248.0 depth=4.0104 depth2=-1.0000 track=2 sf=2 flag=ok
[T2depth] t=10.3560 id=171 src=motion2 u=89.5 v=239.0 depth=6.4070 depth2=-1.0000 track=2 sf=2 flag=ok
[T2depth] t=10.3560 id=174 src=motion2 u=313.0 v=468.0 depth=7.1260 depth2=-1.0000 track=2 sf=2 flag=ok
[T2depth] t=10.3560 id=180 src=motion2 u=564.0 v=268.0 depth=6.6391 depth2=-1.0000 track=2 sf=2 flag=ok
[T2depth] t=10.3560 id=181 src=motion2 u=191.0 v=278.0 depth=88.8622 depth2=-1.0000 track=2 sf=2 flag=ok
[T2xcross] t=10.3560 id=183 est=5.0000 svd=0.9676 rel=0.8065 track=2 sf=2
[T2depth] t=10.3560 id=184 src=motion2 u=589.0 v=21.0 depth=3.9677 depth2=-1.0000 track=2 sf=2 flag=ok
[T2depth] t=10.3560 id=185 src=motion2 u=589.0 v=196.0 depth=5.0000 depth2=-1.0000 track=2 sf=2 flag=init_neg
[T2depth] t=10.3560 id=194 src=stereo u=167.9 v=89.7 depth=25.6922 depth2=-1.0000 track=1 sf=3 flag=ok
[T2depth] t=10.3560 id=200 src=stereo u=100.0 v=122.0 depth=20.8609 depth2=-1.0000 track=1 sf=3 flag=ok
[T2depth] t=10.3560 id=203 src=stereo u=277.0 v=136.0 depth=40.3360 depth2=-1.0000 track=1 sf=3 flag=ok
[T2gate] t=10.3560 tri=36 rej=0 xrej=0 init_replace=1 gate=0
[T2depth] t=10.4560 id=187 src=motion2 u=444.0 v=84.8 depth=5.0000 depth2=-1.0000 track=2 sf=3 flag=init_neg
[T2depth] t=10.4560 id=190 src=motion2 u=285.3 v=61.8 depth=5.0000 depth2=-1.0000 track=2 sf=3 flag=init_neg
[T2depth] t=10.4560 id=197 src=motion2 u=536.0 v=144.0 depth=5.0000 depth2=-1.0000 track=2 sf=3 flag=init_neg
[T2depth] t=10.4560 id=199 src=motion2 u=570.0 v=160.0 depth=0.0415 depth2=-1.0000 track=2 sf=3 flag=ok
[T2depth] t=10.4560 id=202 src=motion2 u=380.0 v=103.0 depth=5.0000 depth2=-1.0000 track=2 sf=3 flag=init_neg
[T2depth] t=10.4560 id=222 src=stereo u=63.0 v=182.0 depth=5.0000 depth2=-1.0000 track=1 sf=4 flag=init_neg
[T2gate] t=10.4560 tri=41 rej=0 xrej=0 init_replace=5 gate=0
[T2depth] t=10.5560 id=210 src=motion2 u=134.7 v=16.9 depth=0.1506 depth2=-1.0000 track=2 sf=4 flag=ok
[T2depth] t=10.5560 id=211 src=motion2 u=333.5 v=107.0 depth=5.0000 depth2=-1.0000 track=2 sf=4 flag=init_neg
[T2depth] t=10.5560 id=214 src=motion2 u=268.0 v=148.0 depth=0.0055 depth2=-1.0000 track=2 sf=4 flag=ok
[T2depth] t=10.5560 id=216 src=motion2 u=496.0 v=174.0 depth=5.0000 depth2=-1.0000 track=2 sf=4 flag=init_neg
[T2depth] t=10.5560 id=217 src=motion2 u=129.0 v=93.0 depth=0.2861 depth2=-1.0000 track=2 sf=4 flag=ok
[T2depth] t=10.5560 id=219 src=motion2 u=500.0 v=392.0 depth=4.8080 depth2=-1.0000 track=2 sf=4 flag=ok
[T2depth] t=10.5560 id=220 src=motion2 u=11.0 v=94.0 depth=5.0000 depth2=-1.0000 track=2 sf=4 flag=init_neg
[T2depth] t=10.5560 id=221 src=motion2 u=244.0 v=41.0 depth=5.0000 depth2=-1.0000 track=2 sf=4 flag=init_neg
[T2depth] t=10.5560 id=233 src=stereo u=502.0 v=12.0 depth=3.1343 depth2=-1.0000 track=1 sf=5 flag=ok
[T2gate] t=10.5560 tri=45 rej=0 xrej=0 init_replace=4 gate=0
[T2xcross] t=10.6560 id=0 est=3.8965 svd=5.9598 rel=0.3462 track=7 sf=0
[T2xcross] t=10.6560 id=14 est=3.9200 svd=27.9189 rel=0.8596 track=7 sf=0
[T2xcross] t=10.6560 id=24 est=5.0000 svd=7.4379 rel=0.3278 track=7 sf=0
[T2xcross] t=10.6560 id=87 est=5.2406 svd=0.3086 rel=0.9411 track=7 sf=0
[T2xcross] t=10.6560 id=99 est=5.0000 svd=2.7788 rel=0.4442 track=2 sf=0
[T2xcross] t=10.6560 id=110 est=5.0000 svd=3.4036 rel=0.3193 track=2 sf=0
[T2xcross] t=10.6560 id=128 est=2.2196 svd=2.8109 rel=0.2104 track=7 sf=0
[T2xcross] t=10.6560 id=133 est=2.8534 svd=4.0171 rel=0.2897 track=7 sf=0
[T2xcross] t=10.6560 id=144 est=5.0000 svd=1.2720 rel=0.7456 track=2 sf=0
[T2xcross] t=10.6560 id=150 est=1.4908 svd=1.2107 rel=0.1879 track=7 sf=0
[T2depth] t=10.6560 id=224 src=motion2 u=61.1 v=478.0 depth=5.4094 depth2=-1.0000 track=2 sf=5 flag=ok
[T2depth] t=10.6560 id=227 src=motion2 u=356.6 v=137.8 depth=0.1000 depth2=-1.0000 track=2 sf=5 flag=ok
[T2depth] t=10.6560 id=232 src=motion2 u=76.0 v=10.0 depth=5.0000 depth2=-1.0000 track=2 sf=5 flag=init_neg
[T2xcross] t=10.6560 id=233 est=3.1343 svd=0.0323 rel=0.9897 track=2 sf=5
[T2depth] t=10.6560 id=234 src=motion2 u=29.0 v=320.0 depth=8.7195 depth2=-1.0000 track=2 sf=5 flag=ok
[T2depth] t=10.6560 id=235 src=motion2 u=224.0 v=206.0 depth=0.5498 depth2=-1.0000 track=2 sf=5 flag=ok
[T2depth] t=10.6560 id=241 src=stereo u=528.8 v=60.1 depth=4.0171 depth2=-1.0000 track=1 sf=6 flag=ok
[T2depth] t=10.6560 id=243 src=stereo u=360.0 v=205.0 depth=3.5068 depth2=-1.0000 track=1 sf=6 flag=ok
[T2depth] t=10.6560 id=246 src=stereo u=259.0 v=182.0 depth=5.0000 depth2=-1.0000 track=1 sf=6 flag=init_neg
[T2gate] t=10.6560 tri=47 rej=0 xrej=0 init_replace=2 gate=0
[T2xcross] t=10.7600 id=151 est=4.0994 svd=2.5365 rel=0.3813 track=3 sf=0
[T2xcross] t=10.7600 id=161 est=0.9959 svd=4.8742 rel=0.7957 track=7 sf=1
[T2xcross] t=10.7600 id=166 est=4.4186 svd=0.7621 rel=0.8275 track=2 sf=1
[T2depth] t=10.7600 id=237 src=motion2 u=470.9 v=257.0 depth=5.0000 depth2=-1.0000 track=2 sf=6 flag=init_neg
[T2xcross] t=10.7600 id=241 est=4.0171 svd=0.2098 rel=0.9478 track=2 sf=6
[T2xcross] t=10.7600 id=243 est=3.5068 svd=0.0306 rel=0.9913 track=2 sf=6
[T2depth] t=10.7600 id=245 src=motion2 u=630.0 v=135.0 depth=0.0635 depth2=-1.0000 track=2 sf=6 flag=ok
[T2depth] t=10.7600 id=247 src=motion2 u=250.0 v=241.0 depth=0.8500 depth2=-1.0000 track=2 sf=6 flag=ok
[T2depth] t=10.7600 id=253 src=stereo u=47.1 v=193.1 depth=39.8310 depth2=-1.0000 track=1 sf=7 flag=ok
[T2depth] t=10.7600 id=261 src=stereo u=466.0 v=158.0 depth=4.0597 depth2=-1.0000 track=1 sf=7 flag=ok
[T2depth] t=10.7600 id=264 src=stereo u=618.0 v=69.0 depth=5.0000 depth2=-1.0000 track=1 sf=7 flag=init_neg
[T2gate] t=10.7600 tri=53 rej=0 xrej=0 init_replace=2 gate=0
[T2xcross] t=10.8600 id=183 est=5.0000 svd=0.3043 rel=0.9391 track=4 sf=2
[T2depth] t=10.8600 id=252 src=motion2 u=379.7 v=62.1 depth=5.0000 depth2=-1.0000 track=2 sf=7 flag=init_neg
[T2xcross] t=10.8600 id=253 est=39.8310 svd=0.7747 rel=0.9806 track=2 sf=7
[T2depth] t=10.8600 id=254 src=motion2 u=118.1 v=156.0 depth=5.0000 depth2=-1.0000 track=2 sf=7 flag=init_neg
[T2depth] t=10.8600 id=256 src=motion2 u=196.0 v=60.0 depth=0.8809 depth2=-1.0000 track=2 sf=7 flag=ok
[T2depth] t=10.8600 id=258 src=motion2 u=163.0 v=105.0 depth=5.0000 depth2=-1.0000 track=2 sf=7 flag=init_neg
[T2depth] t=10.8600 id=260 src=motion2 u=63.0 v=159.0 depth=0.5188 depth2=-1.0000 track=2 sf=7 flag=ok
[T2depth] t=10.8600 id=262 src=motion2 u=245.0 v=61.0 depth=5.0000 depth2=-1.0000 track=2 sf=7 flag=init_neg
[T2depth] t=10.8600 id=263 src=motion2 u=118.0 v=106.0 depth=0.3182 depth2=-1.0000 track=2 sf=7 flag=ok
[T2xcross] t=10.8600 id=264 est=5.0000 svd=0.7307 rel=0.8539 track=2 sf=7
[T2depth] t=10.8600 id=265 src=motion2 u=306.0 v=204.0 depth=0.1047 depth2=-1.0000 track=2 sf=7 flag=ok
[T2depth] t=10.8600 id=266 src[33m[WARN] [1790883518.128803932, 11.132000000]: T2SNAP pre AIF=11 fc=10 Vs: 0 0.00427 0.00624 0.00437 0.00819 0.00809 0.0102 0.0133 0.0123 0.0165 0.0163 Ps: 0 0.0176 0.0056 0.00268 0.00257 0.00708 0.00207 0.00505 0.00896 0.00617 0.00384[0m
[33m[WARN] [1790883518.128900015, 11.132000000]: gyroscope bias initial calibration  0.000497934 -0.000504189 -0.000100516[0m
[33m[WARN] [1790883518.165758808, 11.168000000]: T2OPT post-solve vmax=0.02171 @i=10 init_cost=5.212e+04 final_cost=623.3 iters=9 term=1[0m
=stereo u=445.0 v=203.4 depth=3.8940 depth2=-1.0000 track=1 sf=8 flag=ok
[T2depth] t=10.8600 id=275 src=stereo u=330.0 v=23.0 depth=44.1044 depth2=-1.0000 track=1 sf=8 flag=ok
[T2gate] t=10.8600 tri=56 rej=0 xrej=0 init_replace=4 gate=0
[T2xcross] t=10.9920 id=261 est=4.0597 svd=0.0493 rel=0.9879 track=3 sf=7
[T2xcross] t=10.9920 id=266 est=3.8940 svd=3.2729 rel=0.1595 track=2 sf=8
[T2depth] t=10.9920 id=270 src=motion2 u=221.2 v=117.6 depth=5.0000 depth2=-1.0000 track=2 sf=8 flag=init_neg
[T2depth] t=10.9920 id=271 src=motion2 u=566.0 v=71.2 depth=0.8084 depth2=-1.0000 track=2 sf=8 flag=ok
[T2depth] t=10.9920 id=272 src=motion2 u=426.0 v=130.0 depth=5.0000 depth2=-1.0000 track=2 sf=8 flag=init_neg
[T2depth] t=10.9920 id=274 src=motion2 u=300.0 v=154.0 depth=0.2987 depth2=-1.0000 track=2 sf=8 flag=ok
[T2xcross] t=10.9920 id=275 est=44.1044 svd=1.4729 rel=0.9666 track=2 sf=8
[T2depth] t=10.9920 id=284 src=stereo u=104.0 v=111.0 depth=5.0000 depth2=-1.0000 track=1 sf=9 flag=init_neg
[T2depth] t=10.9920 id=287 src=stereo u=207.0 v=21.0 depth=29.4034 depth2=-1.0000 track=1 sf=9 flag=ok
[T2gate] t=10.9920 tri=57 rej=0 xrej=0 init_replace=3 gate=0
[T2depth] t=11.0920 id=276 src=motion2 u=333.3 v=84.2 depth=5.0000 depth2=-1.0000 track=2 sf=9 flag=init_neg
[T2depth] t=11.0920 id=281 src=motion2 u=36.8 v=158.9 depth=0.0429 depth2=-1.0000 track=2 sf=9 flag=ok
[T2depth] t=11.0920 id=283 src=motion2 u=392.0 v=80.0 depth=0.1188 depth2=-1.0000 track=2 sf=9 flag=ok
[T2xcross] t=11.0920 id=284 est=5.0000 svd=0.3539 rel=0.9292 track=2 sf=9
[T2depth] t=11.0920 id=285 src=motion2 u=335.0 v=142.0 depth=5.0000 depth2=-1.0000 track=2 sf=9 flag=init_neg
[T2depth] t=11.0920 id=292 src=stereo u=204.0 v=95.0 depth=5.0000 depth2=-1.0000 track=1 sf=10 flag=init_neg
[T2depth] t=11.0920 id=293 src=stereo u=514.0 v=224.0 depth=3.8952 depth2=-1.0000 track=1 sf=10 flag=ok
[T2gate] t=11.0920 tri=61 rej=0 xrej=0 init_replace=3 gate=0
[T2slv] t=11.0920 phase=0 init_cost=52122.6 final_cost=623.284 iters=9 term=1 slv_ms=30.5
[E2uls] flag=1 sh_t=11.168 new_t=11.168 dP=[0.0179 -0.0025 0.0020] |dP|=0.0182 first_dt=-1.0000
[0m[INFO] [1790883518.166312372, 11.168000000]: Initialization finish![0m
time: 11.092000, t: -0.016173 0.002415 -0.001700 q: 0.999997 -0.001096 -0.001991 0.000066 
[T2depth] t=11.1960 id=1 src=motion2 u=191.0 v=340.0 depth=5.0000 depth2=-1.0000 track=11 sf=0 flag=init_neg
[T2depth] t=11.1960 id=2 src=motion2 u=224.0 v=347.0 depth=5.0000 depth2=-1.0000 track=11 sf=0 flag=init_neg
[T2depth] t=11.1960 id=4 src=motion2 u=385.7 v=386.9 depth=5.0000 depth2=-1.0000 track=11 sf=0 flag=init_neg
[T2depth] t=11.1960 id=5 src=motion2 u=316.9 v=356.9 depth=5.0000 depth2=-1.0000 track=11 sf=0 flag=init_neg
[T2depth] t=11.1960 id=6 src=motion2 u=256.9 v=334.0 depth=5.0000 depth2=-1.0000 track=11 sf=0 flag=init_neg
[T2depth] t=11.1960 id=7 src=motion2 u=4.0 v=374.0 depth=5.0000 depth2=-1.0000 track=11 sf=0 flag=init_neg
[T2depth] t=11.1960 id=8 src=motion2 u=159.0 v=342.0 depth=5.0000 depth2=-1.0000 track=11 sf=0 flag=init_neg
[T2depth] t=11.1960 id=9 src=motion2 u=116.0 v=360.0 depth=5.0000 depth2=-1.0000 track=11 sf=0 flag=init_neg
[T2depth] t=11.1960 id=10 src=motion2 u=352.1 v=346.0 depth=29.4572 depth2=-1.0000 track=11 sf=0 flag=ok
[T2depth] t=11.1960 id=11 src=motion2 u=398.9 v=342.0 depth=5.0000 depth2=-1.0000 track=11 sf=0 flag=init_neg
[T2depth] t=11.1960 id=12 src=motion2 u=203.0 v=388.0 depth=5.0000 depth2=-1.0000 track=11 sf=0 flag=init_neg
[T2depth] t=11.1960 id=13 src=motion2 u=283.3 v=370.0 depth=5.0000 depth2=-1.0000 track=11 sf=0 flag=init_neg
[T2depth] t=11.1960 id=15 src=motion2 u=554.9 v=356.0 depth=5.0000 depth2=-1.0000 track=11 sf=0 flag=init_neg
[T2depth] t=11.1960 id=16 src=motion2 u=50.8 v=411.0 depth=5.0000 depth2=-1.0000 track=11 sf=0 flag=init_neg
[T2depth] t=11.1960 id=17 src=motion2 u=142.1 v=394.0 depth=5.0000 depth2=-1.0000 track=11 sf=0 flag=init_neg
[T2depth] t=11.1960 id=18 src=motion2 u=88.2 v=386.0 depth=5.0000 depth2=-1.0000 track=11 sf=0 flag=init_neg
[T2depth] t=11.1960 id=19 src=motion2 u=559.3 v=387.1 depth=5.0000 depth2=-1.0000 track=11 sf=0 flag=init_neg
[T2depth] t=11.1960 id=20 src=motion2 u=454.9 v=346.0 depth=5.0000 depth2=-1.0000 track=11 sf=0 flag=init_neg
[T2depth] t=11.1960 id=21 src=motion2 u=44.0 v=348.0 depth=5.0000 depth2=-1.0000 track=11 sf=0 flag=init_neg
[T2depth] t=11.1960 id=22 src=motion2 u=505.3 v=361.0 depth=5.0000 depth2=-1.0000 track=11 sf=0 flag=init_neg
[T2depth] t=11.1960 id=24 src=stereo u=299.6 v=395.0 depth=5.0000 depth2=-1.0000 track=11 sf=0 flag=init_neg
[T2depth] t=11.1960 id=28 src=motion2 u=197.1 v=446.0 depth=5.0000 depth2=-1.0000 track=11 sf=0 flag=init_neg
[T2depth] t=11.1960 id=29 src=motion2 u=120.1 v=420.0 depth=5.0000 depth2=-1.0000 track=11 sf=0 flag=init_neg
[T2depth] t=11.1960 id=30 src=motion2 u=6.0 v=342.0 depth=5.0000 depth2=-1.0000 track=11 sf=0 flag=init_neg
[T2depth] t=11.1960 id=31 src=motion2 u=433.9 v=406.9 depth=5.0000 depth2=-1.0000 track=11 sf=0 flag=init_neg
[T2depth] t=11.1960 id=32 src=motion2 u=350.0 v=390.0 depth=5.0000 depth2=-1.0000 track=11 sf=0 flag=init_neg
[T2depth] t=11.1960 id=33 src=motion2 u=267.4 v=403.1 depth=5.0000 depth2=-1.0000 track=11 sf=0 flag=init_neg
[T2depth] t=11.1960 id=34 src=motion2 u=327.1 v=411.9 depth=26.5876 depth2=-1.0000 track=11 sf=0 flag=ok
[T2depth] t=11.1960 id=35 src=motion2 u=71.0 v=435.0 depth=5.0000 depth2=-1.0000 track=11 sf=0 flag=init_neg
[T2depth] t=11.1960 id=36 src=motion2 u=90.0 v=320.0 depth=5.0000 depth2=-1.0000 track=11 sf=0 flag=init_neg
[T2depth] t=11.1960 id=37 src=motion2 u=225.5 v=468.0 depth=5.0000 depth2=-1.0000 track=11 sf=0 flag=init_neg
[T2depth] t=11.1960 id=41 src=motion2 u=262.8 v=450.0 depth=5.0000 depth2=-1.0000 track=11 sf=0 flag=init_neg
[T2depth] t=11.1960 id=42 src=motion2 u=317.8 v=310.0 depth=5.0000 depth2=-1.0000 track=11 sf=0 flag=init_neg
[T2depth] t=11.1960 id=43 src=motion2 u=236.9 v=378.0 depth=5.0000 depth2=-1.0000 track=11 sf=0 flag=init_neg
[T2depth] t=11.1960 id=44 src=motion2 u=59.9 v=310.0 depth=5.0000 depth2=-1.0000 track=11 sf=0 flag=init_neg
[T2depth] t=11.1960 id=45 src=motion2 u=614.4 v=451.2 depth=5.0000 depth2=-1.0000 track=11 sf=0 flag=init_neg
[T2depth] t=11.1960 id=46 src=motion2 u=73.9 v=353.0 depth=5.0000 depth2=-1.0000 track=11 sf=0 flag=init_neg
[T2depth] t=11.1960 id=47 src=motion2 u=511.2 v=438.2 depth=5.0000 depth2=-1.0000 track=11 sf=0 flag=init_neg
[T2depth] t=11.1960 id=48 src=motion2 u=163.5 v=463.4 depth=5.0000 depth2=-1.0000 track=11 sf=0 flag=init_neg
[T2depth] t=11.1960 id=49 src=motion2 u=471.5 v=320.0 depth=3.3267 depth2=-1.0000 track=11 sf=0 flag=ok
[T2depth] t=11.1960 id=50 src=motion2 u=287.5 v=333.0 depth=5.0000 depth2=-1.0000 track=11 sf=0 flag=init_neg
[T2depth] t=11.1960 id=51 src=motion2 u=385.5 v=432.9 depth=5.0000 depth2=-1.0000 track=11 sf=0 flag=init_neg
[T2depth] t=11.1960 id=52 src=motion2 u=218.0 v=292.0 depth=5.0000 depth2=-1.0000 track=11 sf=0 flag=init_neg
[T2depth] t=11.1960 id=53 src=motion2 u=12.2 v=422.9 depth=5.0000 depth2=-1.0000 track=11 sf=0 flag=init_neg
[T2depth] t=11.1960 id=56 src=motion2 u=580.2 v=453.8 depth=5.0000 depth2=-1.0000 track=11 sf=0 flag=init_neg
[T2depth] t=11.1960 id=57 src=motion2 u=377.9 v=315.0 depth=6.5297 depth2=-1.0000 track=11 sf=0 flag=ok
[T2depth] t=11.1960 id=58 src=motion2 u=40.5 v=454.9 depth=5.0000 depth2=-1.0000 track=11 sf=0 flag=init_neg
[T2depth] t=11.1960 id=59 src=motion2 u=142.9 v=313.0 depth=11.4147 depth2=-1.0000 track=11 sf=0 flag=ok
[T2depth] t=11.1960 id=60 src=motion2 u=225.3 v=430.0 depth=5.0000 depth2=-1.0000 track=11 sf=0 flag=init_neg
[T2depth] t=11.1960 id=62 src=motion2 u=116.0 v=286.0 depth=19.3930 depth2=-1.0000 track=11 sf=0 flag=ok
[T2depth] t=11.1960 id=63 src=motion2 u=454.1 v=294.0 depth=9.8269 depth2=-1.0000 track=11 sf=0 flag=ok
[T2depth] t=11.1960 id=64 src=motion2 u=395.9 v=463.5 depth=5.0000 depth2=-1.0000 track=11 sf=0 flag=init_neg
[T2depth] t=11.1960 id=65 src=motion2 u=176.8 v=410.1 depth=20.1394 depth2=-1.0000 track=11 sf=0 flag=ok
[T2depth] t=11.1960 id=66 src=motion2 u=557.5 v=430.0 depth=5.0000 depth2=-1.0000 track=11 sf=0 flag=init_neg
[T2depth] t=11.1960 id=67 src=motion2 u=257.1 v=299.0 depth=5.0000 depth2=-1.0000 track=11 sf=0 flag=init_neg
[T2depth] t=11.1960 id=68 src=motion2 u=41.9 v=380.0 depth=5.0000 depth2=-1.0000 track=11 sf=0 flag=init_neg
[T2depth] t=11.1960 id=69 src=motion2 u=174.1 v=307.0 depth=5.0000 depth2=-1.0000 track=11 sf=0 flag=init_neg
[T2depth] t=11.1960 id=70 src=motion2 u=87.6 v=463.1 depth=5.0000 depth2=-1.0000 track=11 sf=0 flag=init_neg
[T2depth] t=11.1960 id=71 src=motion2 u=477.6 v=474.8 depth=5.0000 depth2=-1.0000 track=11 sf=0 flag=init_neg
[T2depth] t=11.1960 id=72 src=motion2 u=353.8 v=291.0 depth=47.8103 depth2=-1.0000 track=11 sf=0 flag=ok
[T2depth] t=11.1960 id=74 src=motion2 u=433.0 v=324.0 depth=5.0000 depth2=-1.0000 track=11 sf=0 flag=init_neg
[T2depth] t=11.1960 id=75 src=motion2 u=294.8 v=290.0 depth=10.5944 depth2=-1.0000 track=11 sf=0 flag=ok
[T2depth] t=11.1960 id=76 src=motion2 u=174.3 v=377.0 depth=65.0954 depth2=-1.0000 track=11 sf=0 flag=ok
[T2depth] t=11.1960 id=77 src=motion2 u=435.7 v=454.5 depth=5.0000 depth2=-1.0000 track=11 sf=0 flag=init_neg
[T2depth] t=11.1960 id=78 src=motion2 u=332.8 v=443.3 depth=5.0000 depth2=-1.0000 track=11 sf=0 flag=init_neg
[T2depth] t=11.1960 id=79 src=motion2 u=121.4 v=449.9 depth=100.7983 depth2=-1.0000 track=11 sf=0 flag=ok
[T2depth] t=11.1960 id=80 src=motion2 u=412.7 v=289.0 depth=5.0000 depth2=-1.0000 track=11 sf=0 flag=init_neg
[T2depth] t=11.1960 id=81 src=motion2 u=418.8 v=381.0 depth=5.0000 depth2=-1.0000 track=11 sf=0 flag=init_neg
[T2depth] t=11.1960 id=82 src=motion2 u=152.5 v=429.0 depth=5.0000 depth2=-1.0000 track=11 sf=0 flag=init_neg
[T2depth] t=11.1960 id=83 src=motion2 u=474.8 v=409.2 depth=5.0000 depth2=-1.0000 track=11 sf=0 flag=init_neg
[T2depth] t=11.1960 id=84 src=motion2 u=634.4 v=293.0 depth=5.0000 depth2=-1.0000 track=11 sf=0 flag=init_neg
[T2depth] t=11.1960 id=85 src=motion2 u=283.4 v=475.9 depth=5.0000 depth2=-1.0000 track=11 sf=0 flag=init_neg
[T2depth] t=11.1960 id=86 src=motion2 u=18.1 v=292.0 depth=5.0000 depth2=-1.0000 track=11 sf=0 flag=init_neg
[T2depth] t=11.1960 id=88 src=motion2 u=521.0 v=292.0 depth=0.6571 depth2=-1.0000 track=11 sf=0 flag=ok
[T2depth] t=11.1960 id=89 src=motion2 u=509.1 v=472.0 depth=5.0000 depth2=-1.0000 track=11 sf=0 flag=init_neg
[T2depth] t=11.1960 id=91 src=motion2 u=455.0 v=383.0 depth=5.0000 depth2=-1.0000 track=11 sf=0 flag=init_neg
[T2depth] t=11.1960 id=92 src=motion2 u=357.0 v=420.0 depth=5.0000 depth2=-1.0000 track=11 sf=0 flag=init_neg
[T2depth] t=11.1960 id=93 src=motion2 u=543.0 v=472.0 depth=5.0000 depth2=-1.0000 track=11 sf=0 flag=init_neg
[T2depth] t=11.1960 id=95 src=motion2 u=299.0 v=431.0 depth=5.0000 depth2=-1.0000 track=11 sf=0 flag=init_neg
[T2depth] t=11.1960 id=96 src=motion2 u=359.0 v=465.0 depth=5.0000 depth2=-1.0000 track=11 sf=0 flag=init_neg
[T2depth] t=11.1960 id=97 src=motion2 u=8.0 v=453.0 depth=5.0000 depth2=-1.0000 track=11 sf=0 flag=init_neg
[T2depth] t=11.1960 id=106 src=motion2 u=488.0 v=293.0 depth=5.0000 depth2=-1.0000 track=11 sf=0 flag=init_neg
[T2depth] t=11.1960 id=108 src=motion2 u=102.0 v=32.0 depth=0.3757 depth2=-1.0000 track=6 sf=0 flag=ok
[T2depth] t=11.1960 id=112 src=motion2 u=235.0 v=267.0 depth=5.0000 depth2=-1.0000 track=11 sf=0 flag=init_neg
[T2depth] t=11.1960 id=119 src=motion2 u=62.0 v=276.0 depth=5.0000 depth2=-1.0000 track=11 sf=0 flag=init_neg
[T2depth] t=11.1960 id=124 src=stereo u=249.0 v=231.0 depth=5.0000 depth2=0.1753 track=4 sf=0 flag=init_neg
[T2depth] t=11.1960 id=125 src=motion2 u=185.0 v=244.0 depth=5.0000 depth2=-1.0000 track=11 sf=0 flag=init_neg
[T2depth] t=11.1960 id=134 src=motion2 u=71.0 v=36.0 depth=0.3564 depth2=-1.0000 track=4 sf=0 flag=ok
[T2depth] t=11.1960 id=138 src=motion2 u=192.0 v=478.0 depth=10.0289 depth2=-1.0000 track=11 sf=0 flag=ok
[T2depth] t=11.1960 id=155 src=motion2 u=628.1 v=478.0 depth=0.8298 depth2=-1.0000 track=10 sf=1 flag=ok
[T2depth] t=11.1960 id=160 src=motion2 u=633.5 v=253.0 depth=0.2744 depth2=-1.0000 track=8 sf=1 flag=ok
[T2depth] t=11.1960 id=171 src=motion2 u=89.5 v=239.0 depth=1.0354 depth2=-1.0000 track=9 sf=2 flag=ok
[T2depth] t=11.1960 id=174 src=motion2 u=313.0 v=468.0 depth=5.0000 depth2=-1.0000 track=9 sf=2 flag=init_neg
[T2depth] t=11.1960 id=183 src=stereo u=226.0 v=103.0 depth=5.0000 depth2=0.1253 track=4 sf=2 flag=init_neg
[T2depth] t=11.1960 id=185 src=motion2 u=589.0 v=196.0 depth=5.0000 depth2=-1.0000 track=5 sf=2 flag=init_neg
[T2depth] t=11.1960 id=211 src=motion2 u=333.5 v=107.0 depth=0.0406 depth2=-1.0000 track=4 sf=4 flag=ok
[T2depth] t=11.1960 id=219 src=motion2 u=500.0 v=392.0 depth=5.0000 depth2=-1.0000 track=7 sf=4 flag=init_neg
[T2depth] t=11.1960 id=220 src=motion2 u=11.0 v=94.0 depth=3.1629 depth2=-1.0000 track=4 sf=4 flag=ok
[T2xcross] t=11.1960 id=222 est=5.0000 svd=0.0681 rel=0.9864 track=2 sf=4
[T2depth] t=11.1960 id=253 src=stereo u=47.1 v=193.1 depth=39.8445 depth2=0.3665 track=4 sf=7 flag=ok
[T2depth] t=11.1960 id=256 src=motion2 u=196.0 v=60.0 depth=0.1839 depth2=-1.0000 track=4 sf=7 flag=ok
[T2xcross] t=11.1960 id=281 est=0.0429 svd=0.6616 rel=0.9351 track=2 sf=9
[T2depth] t=11.1960 id=291 src=motion2 u=580.0 v=46.0 depth=0.5728 depth2=-1.0000 track=2 sf=9 flag=ok
[T2depth] t=11.1960 id=294 src=motion2 u=203.0 v=204.0 depth=5.0000 depth2=-1.0000 track=2 sf=9 flag=init_neg
[T2depth] t=11.1960 id=296 src=motion2 u=615.0 v=57.0 depth=5.0000 depth2=-1.0000 track=2 sf=9 flag=init_neg
[T2depth] t=11.1960 id=298 src=stereo u=510.1 v=207.8 depth=3.7896 depth2=-1.0000 track=1 sf=10 flag=ok
[T2depth] t=11.1960 id=302 src=stereo u=14.6 v=65.8 depth=38.8652 depth2=-1.0000 track=1 sf=10 flag=ok
[T2depth] t=11.1960 id=306 src=stereo u=550.0 v=189.0 depth=41.9509 depth2=-1.0000 track=1 sf=10 flag=ok
[T2depth] t=11.1960 id=308 src=stereo u=370.0 v=53.0 depth=3.6999 depth2=-1.0000 track=1 sf=10 flag=ok
[T2depth] t=11.1960 id=309 src=stereo u=557.0 v=73.0 depth=5.0000 depth2=-1.0000 track=1 sf=10 flag=init_neg
[T2gate] t=11.1960 tri=163 rej=0 xrej=0 init_replace=80 gate=0
[T2slv] t=11.1960 phase=1 init_cost=1657.14 final_cost=621.936 iters=9 term=1 slv_ms=28.7
[T2diag] t=11.1960 P=[-0.0137 0.0012 -0.0023] V=[-0.0045 -0.0077 -0.0059] |Bas|=0.004826 |Bgs|=0.0009601 Bas=[-0.000009 0.000011 0.004826] Bgs=[0.0008108 -0.0003184 -0.0004039] tic0=[0.1200 0.0500 -0.0200] tic1=[0.1200 -0.0500 -0.0200] td=0.00000 track=137
[E2uls] flag=1 sh_t=11.252 new_t=11.252 dP=[-0.0069 0.0013 0.0000] |dP|=0.0070 first_dt=-1.0000
[0m[INFO] [1790883518.247954284, 11.252000000]:  big delta_angle [0m
time: 11.196000, t: -0.013742 0.001205 -0.002326 q: 1.000000 -0.000640 -0.000746 0.000073 
[T2xcross] t=11.3240 id=283 est=0.1188 svd=0.0958 rel=0.1943 track=2 sf=9
[T2xcross] t=11.3240 id=298 est=3.7896 svd=0.3768 rel=0.9006 track=2 sf=9
[T2depth] t=11.3240 id=299 src=motion2 u=609.0 v=142.2 depth=0.1943 depth2=-1.0000 track=2 sf=9 flag=ok
[T2depth] t=11.3240 id=305 src=motion2 u=292.0 v=199.0 depth=0.3394 depth2=-1.0000 track=2 sf=9 flag=ok
[T2depth] t=11.3240 id=307 src=motion2 u=322.0 v=208.0 depth=0.3275 depth2=-1.0000 track=2 sf=9 flag=ok
[T2xcross] t=11.3240 id=309 est=5.0000 svd=0.1034 rel=0.9793 track=2 sf=9
[T2depth] t=11.3240 id=310 src=motion2 u=295.0 v=12.0 depth=5.0000 depth2=-1.0000 track=2 sf=9 flag=init_neg
[T2depth] t=11.3240 id=12 src=stereo u=203.0 v=388.1 depth=5.0000 depth2=-1.0000 track=1 sf=10 flag=init_neg
[T2depth] t=11.3240 id=161 src=stereo u=468.9 v=442.1 depth=0.9858 depth2=-1.0000 track=1 sf=10 flag=ok
[T2depth] t=11.3240 id=187 src=stereo u=444.0 v=70.0 depth=3.8974 depth2=-1.0000 track=1 sf=10 flag=ok
[T2depth] t=11.3240 id=214 src=stereo u=260.3 v=138.4 depth=22.6557 depth2=-1.0000 track=1 sf=10 flag=ok
[T2depth] t=11.3240 id=312 src=stereo u=422.9 v=175.7 depth=3.9569 depth2=-1.0000 track=1 sf=10 flag=ok
[T2depth] t=11.3240 id=320 src=stereo u=240.0 v=39.0 depth=5.0000 depth2=-1.0000 track=1 sf=10 flag=init_neg
[T2depth] t=11.3240 id=324 src=stereo u=69.0 v=132.0 depth=35.4636 depth2=-1.0000 track=1 sf=10 flag=ok
[T2depth] t=11.3240 id=325 src=stereo u=473.0 v=51.0 depth=4.0661 depth2=-1.0000 track=1 sf=10 flag=ok
[T2gate] t=11.3240 tri=151 rej=0 xrej=0 init_replace=3 gate=0
[T2slv] t=11.3240 phase=1 init_cost=570.902 final_cost=71.6618 iters=9 term=1 slv_ms=14.1
[T2diag] t=11.3240 P=[-0.0272 0.0018 -0.0013] V=[-0.0211 -0.0085 0.0003] |Bas|=0.002758 |Bgs|=0.0010516 Bas=[-0.000768 -0.000084 -0.002648] Bgs=[0.0010084 -0.0000360 -0.0002960] tic0=[0.1200 0.0500 -0.0200] tic1=[0.1200 -0.0500 -0.0200] td=0.00000 track=49
[E2uls] flag=1 sh_t=11.388 new_t=11.388 dP=[0.0144 -0.0025 -0.0030] |dP|=0.0149 first_dt=-1.0000
time: 11.324000, t: -0.027235 0.001778 -0.001294 q: 0.999999 -0.000799 -0.001262 0.000284 
[T2xcross] t=11.4560 id=122 est=5.0020 svd=0.0540 rel=0.9892 track=2 sf=0
[T2xcross] t=11.4560 id=153 est=5.0022 svd=0.6350 rel=0.8730 track=2 sf=0
[T2xcross] t=11.4560 id=308 est=3.6999 svd=0.7433 rel=0.7991 track=3 sf=8
[T2depth] t=11.4560 id=1 src=motion2 u=191.0 v=340.1 depth=5.0000 depth2=-1.0000 track=2 sf=9 flag=init_neg
[T2depth] t=11.4560 id=2 src=motion2 u=224.0 v=347.1 depth=5.0000 depth2=-1.0000 track=2 sf=9 flag=init_neg
[T2depth] t=11.4560 id=4 src=motion2 u=385.7 v=387.0 depth=5.0000 depth2=-1.0000 track=2 sf=9 flag=init_neg
[T2depth] t=11.4560 id=5 src=motion2 u=316.9 v=357.0 depth=1154.1400 depth2=-1.0000 track=2 sf=9 flag=ok
[T2depth] t=11.4560 id=6 src=motion2 u=256.9 v=334.1 depth=18.4193 depth2=-1.0000 track=2 sf=9 flag=ok
[T2depth] t=11.4560 id=7 src=motion2 u=4.1 v=374.1 depth=5.0000 depth2=-1.0000 track=2 sf=9 flag=init_neg
[T2depth] t=11.4560 id=8 src=motion2 u=159.0 v=342.1 depth=5.0000 depth2=-1.0000 track=2 sf=9 flag=init_neg
[T2depth] t=11.4560 id=9 src=motion2 u=116.0 v=360.1 depth=5.0000 depth2=-1.0000 track=2 sf=9 flag=init_neg
[T2depth] t=11.4560 id=10 src=motion2 u=352.1 v=346.0 depth=12.5973 depth2=-1.0000 track=2 sf=9 flag=ok
[T2depth] t=11.4560 id=11 src=motion2 u=398.9 v=342.0 depth=19.1071 depth2=-1.0000 track=2 sf=9 flag=ok
[T2depth] t=11.4560 id=13 src=motion2 u=283.3 v=370.1 depth=5.0000 depth2=-1.0000 track=2 sf=9 flag=init_neg
[T2depth] t=11.4560 id=16 src=motion2 u=50.8 v=411.1 depth=5.0000 depth2=-1.0000 track=2 sf=9 flag=init_neg
[T2depth] t=11.4560 id=17 src=motion2 u=142.1 v=394.1 depth=5.0000 depth2=-1.0000 track=2 sf=9 flag=init_neg
[T2depth] t=11.4560 id=18 src=motion2 u=88.2 v=386.1 depth=5.0000 depth2=-1.0000 track=2 sf=9 flag=init_neg
[T2depth] t=11.4560 id=20 src=motion2 u=454.9 v=346.1 depth=11.0102 depth2=-1.0000 track=2 sf=9 flag=ok
[T2depth] t=11.4560 id=21 src=motion2 u=44.1 v=348.1 depth=5.0000 depth2=-1.0000 track=2 sf=9 flag=init_neg
[T2depth] t=11.4560 id=22 src=motion2 u=505.2 v=361.0 depth=56.7175 depth2=-1.0000 track=2 sf=9 flag=ok
[T2depth] t=11.4560 id=24 src=motion2 u=299.6 v=395.1 depth=5.0000 depth2=-1.0000 track=2 sf=9 flag=init_neg
[T2depth] t=11.4560 id=28 src=motion2 u=197.1 v=446.1 depth=5.0000 depth2=-1.0000 track=2 sf=9 flag=init_neg
[T2depth] t=11.4560 id=29 src=motion2 u=120.1 v=420.2 depth=5.0000 depth2=-1.0000 track=2 sf=9 flag=init_neg
[T2depth] t=11.4560 id=30 src=motion2 u=5.9 v=342.1 depth=5.0000 depth2=-1.0000 track=2 sf=9 flag=init_neg
[T2depth] t=11.4560 id=31 src=motion2 u=433.9 v=407.0 depth=14.8363 depth2=-1.0000 track=2 sf=9 flag=ok
[T2depth] t=11.4560 id=32 src=motion2 u=350.0 v=390.1 depth=179.2197 depth2=-1.0000 track=2 sf=9 flag=ok
[T2depth] t=11.4560 id=33 src=motion2 u=267.4 v=403.2 depth=5.0000 depth2=-1.0000 track=2 sf=9 flag=init_neg
[T2depth] t=11.4560 id=34 src=motion2 u=327.1 v=412.0 depth=5.0000 depth2=-1.0000 track=2 sf=9 flag=init_neg
[T2depth] t=11.4560 id=35 src=motion2 u=71.1 v=435.1 depth=5.0000 depth2=-1.0000 track=2 sf=9 flag=init_neg
[T2depth] t=11.4560 id=36 src=motion2 u=90.0 v=320.1 depth=5.0000 depth2=-1.0000 track=2 sf=9 flag=init_neg
[T2depth] t=11.4560 id=37 src=motion2 u=225.4 v=468.1 depth=5.0000 depth2=-1.0000 track=2 sf=9 flag=init_neg
[T2depth] t=11.4560 id=41 src=motion2 u=262.9 v=450.1 depth=5.0000 depth2=-1.0000 track=2 sf=9 flag=init_neg
[T2depth] t=11.4560 id=42 src=motion2 u=317.8 v=310.0 depth=9.0981 depth2=-1.0000 track=2 sf=9 flag=ok
[T2depth] t=11.4560 id=43 src=motion2 u=236.9 v=378.0 depth=5.0000 depth2=-1.0000 track=2 sf=9 flag=init_neg
[T2depth] t=11.4560 id=44 src=motion2 u=60.0 v=310.1 depth=5.0000 depth2=-1.0000 track=2 sf=9 flag=init_neg
[T2depth] t=11.4560 id=45 src=motion2 u=614.4 v=451.3 depth=22.9011 depth2=-1.0000 track=2 sf=9 flag=ok
[T2depth] t=11.4560 id=46 src=motion2 u=74.0 v=353.1 depth=5.0000 depth2=-1.0000 track=2 sf=9 flag=init_neg
[T2depth] t=11.4560 id=47 src=motion2 u=511.2 v=438.3 depth=27.0116 depth2=-1.0000 track=2 sf=9 flag=ok
[T2depth] t=11.4560 id=48 src=motion2 u=163.4 v=463.5 depth=5.0000 depth2=-1.0000 track=2 sf=9 flag=init_neg
[T2depth] t=11.4560 id=50 src=motion2 u=287.5 v=333.1 depth=43.5499 depth2=-1.0000 track=2 sf=9 flag=ok
[T2depth] t=11.4560 id=51 src=motion2 u=385.5 v=433.0 depth=16.2901 depth2=-1.0000 track=2 sf=9 flag=ok
[T2depth] t=11.4560 id=52 src=motion2 u=218.1 v=292.0 depth=5.2037 depth2=-1.0000 track=2 sf=9 flag=ok
[T2depth] t=11.4560 id=53 src=motion2 u=12.1 v=423.1 depth=5.0000 depth2=-1.0000 track=2 sf=9 flag=init_neg
[T2depth] t=11.4560 id=56 src=motion2 u=580.3 v=453.9 depth=19.0880 depth2=-1.0000 track=2 sf=9 flag=ok
[T2depth] t=11.4560 id=57 src=motion2 u=378.0 v=315.1 depth=9.1431 depth2=-1.0000 track=2 sf=9 flag=ok
[T2depth] t=11.4560 id=58 src=motion2 u=40.6 v=455.0 depth=5.0000 depth2=-1.0000 track=2 sf=9 flag=init_neg
[T2depth] t=11.4560 id=59 src=motion2 u=143.0 v=313.1 depth=5.0000 depth2=-1.0000 track=2 sf=9 flag=init_neg
[T2depth] t=11.4560 id=60 src=motion2 u=225.3 v=430.1 depth=5.0000 depth2=-1.0000 track=2 sf=9 flag=init_neg
[T2depth] t=11.4560 id=62 src=motion2 u=116.0 v=286.0 depth=5.0000 depth2=-1.0000 track=2 sf=9 flag=init_neg
[T2depth] t=11.4560 id=63 src=motion2 u=454.2 v=294.0 depth=12.8039 depth2=-1.0000 track=2 sf=9 flag=ok
[T2depth] t=11.4560 id=64 src=motion2 u=395.9 v=463.6 depth=5.0000 depth2=-1.0000 track=2 sf=9 flag=init_neg
[T2depth] t=11.4560 id=65 src=motion2 u=176.8 v=410.2 depth=5.0000 depth2=-1.0000 track=2 sf=9 flag=init_neg
[T2depth] t=11.4560 id=66 src=motion2 u=557.5 v=430.1 depth=25.4729 depth2=-1.0000 track=2 sf=9 flag=ok
[T2depth] t=11.4560 id=67 src=motion2 u=257.1 v=299.0 depth=6.2998 depth2=-1.0000 track=2 sf=9 flag=ok
[T2depth] t=11.4560 id=68 src=motion2 u=41.9 v=380.1 depth=5.0000 depth2=-1.0000 track=2 sf=9 flag=init_neg
[T2depth] t=11.4560 id=69 src=motion2 u=174.0 v=307.1 depth=5.0000 depth2=-1.0000 track=2 sf=9 flag=init_neg
[T2depth] t=11.4560 id=70 src=motion2 u=87.6 v=463.2 depth=5.0000 depth2=-1.0000 track=2 sf=9 flag=init_neg
[T2depth] t=11.4560 id=71 src=motion2 u=477.7 v=474.9 depth=30.3897 depth2=-1.0000 track=2 sf=9 flag=ok
[T2depth] t=11.4560 id=72 src=motion2 u=353.9 v=291.0 depth=3.8549 depth2=-1.0000 track=2 sf=9 flag=ok
[T2depth] t=11.4560 id=74 src=motion2 u=433.1 v=324.0 depth=10.9685 depth2=-1.0000 track=2 sf=9 flag=ok
[T2depth] t=11.4560 id=75 src=motion2 u=294.8 v=290.1 depth=6.2924 depth2=-1.0000 track=2 sf=9 flag=ok
[T2depth] t=11.4560 id=76 src=motion2 u=174.3 v=377.1 depth=5.0000 depth2=-1.0000 track=2 sf=9 flag=init_neg
[T2depth] t=11.4560 id=77 src=motion2 u=435.7 v=454.5 depth=5.0000 depth2=-1.0000 track=2 sf=9 flag=init_neg
[T2depth] t=11.4560 id=78 src=motion2 u=332.9 v=443.4 depth=5.0000 depth2=-1.0000 track=2 sf=9 flag=init_neg
[T2depth] t=11.4560 id=79 src=motion2 u=121.4 v=450.0 depth=5.0000 depth2=-1.0000 track=2 sf=9 flag=init_neg
[T2depth] t=11.4560 id=80 src=motion2 u=412.7 v=289.0 depth=124.3473 depth2=-1.0000 track=2 sf=9 flag=ok
[T2depth] t=11.4560 id=81 src=motion2 u=418.8 v=381.1 depth=529.1473 depth2=-1.0000 track=2 sf=9 flag=ok
[T2depth] t=11.4560 id=82 src=motion2 u=152.5 v=429.1 depth=5.0000 depth2=-1.0000 track=2 sf=9 flag=init_neg
[T2depth] t=11.4560 id=83 src=motion2 u=474.8 v=409.3 depth=15.7809 depth2=-1.0000 track=2 sf=9 flag=ok
[T2depth] t=11.4560 id=84 src=motion2 u=634.6 v=293.1 depth=5.0000 depth2=-1.0000 track=2 sf=9 flag=init_neg
[T2depth] t=11.4560 id=85 src=motion2 u=283.5 v=475.9 depth=5.0000 depth2=-1.0000 track=2 sf=9 flag=init_neg
[T2depth] t=11.4560 id=86 src=motion2 u=18.3 v=292.0 depth=5.0000 depth2=-1.0000 track=2 sf=9 flag=init_neg
[T2depth] t=11.4560 id=88 src=motion2 u=521.1 v=292.0 depth=14.1951 depth2=-1.0000 track=2 sf=9 flag=ok
[T2depth] t=11.4560 id=89 src=motion2 u=509.1 v=472.1 depth=5.0000 depth2=-1.0000 track=2 sf=9 flag=init_neg
[T2depth] t=11.4560 id=91 src=motion2 u=455.0 v=383.1 depth=15.5627 depth2=-1.0000 track=2 sf=9 flag=ok
[T2depth] t=11.4560 id=92 src=motion2 u=357.0 v=420.1 depth=30.5049 depth2=-1.0000 track=2 sf=9 flag=ok
[T2depth] t=11.4560 id=93 src=motion2 u=543.0 v=472.1 depth=62.4760 depth2=-1.0000 track=2 sf=9 flag=ok
[T2depth] t=11.4560 id=95 src=motion2 u=299.0 v=431.1 depth=5.0000 depth2=-1.0000 track=2 sf=9 flag=init_neg
[T2depth] t=11.4560 id=96 src=motion2 u=358.9 v=465.0 depth=5.0000 depth2=-1.0000 track=2 sf=9 flag=init_neg
[T2depth] t=11.4560 id=97 src=motion2 u=7.9 v=453.1 depth=5.0000 depth2=-1.0000 track=2 sf=9 flag=init_neg
[T2depth] t=11.4560 id=106 src=motion2 u=488.1 v=293.0 depth=7.1789 depth2=-1.0000 track=2 sf=9 flag=ok
[T2depth] t=11.4560 id=112 src=motion2 u=235.3 v=267.0 depth=3.9451 depth2=-1.0000 track=2 sf=9 flag=ok
[T2depth] t=11.4560 id=119 src=motion2 u=61.8 v=276.1 depth=5.0000 depth2=-1.0000 track=2 sf=9 flag=init_neg
[T2depth] t=11.4560 id=125 src=motion2 u=185.0 v=244.0 depth=0.5712 depth2=-1.0000 track=2 sf=9 flag=ok
[T2depth] t=11.4560 id=138 src=motion2 u=192.2 v=478.1 depth=5.0000 depth2=-1.0000 track=2 sf=9 flag=init_neg
[T2xcross] t=11.4560 id=161 est=0.9858 svd=9.0041 rel=0.8905 track=2 sf=9
[T2depth] t=11.4560 id=171 src=motion2 u=89.0 v=239.0 depth=0.3230 depth2=-1.0000 track=2 sf=9 flag=ok
[T2depth] t=11.4560 id=174 src=motion2 u=313.0 v=468.1 depth=5.0000 depth2=-1.0000 track=2 sf=9 flag=init_neg
[T2xcross] t=11.4560 id=187 est=3.8974 svd=2.9490 rel=0.2433 track=2 sf=9
[T2depth] t=11.4560 id=219 src=motion2 u=500.0 v=392.0 depth=22.2667 depth2=-1.0000 track=2 sf=9 flag=ok
[T2depth] t=11.4560 id=313 src=motion2 u=24.0 v=173.7 depth=0.0613 depth2=-1.0000 track=2 sf=9 flag=ok
[T2depth] t=11.4560 id=315 src=motion2 u=94.3 v=197.3 depth=5.0000 depth2=-1.0000 track=2 sf=9 flag=init_neg
[T2depth] t=11.4560 id=318 src=motion2 u=252.9 v=97.7 depth=0.1459 depth2=-1.0000 track=2 sf=9 flag=ok
[T2depth] t=11.4560 id=319 src=motion2 u=140.0 v=32.0 depth=0.3216 depth2=-1.0000 track=2 sf=9 flag=ok
[T2depth] t=11.4560 id=321 src=motion2 u=290.0 v=147.0 depth=4.9076 depth2=-1.0000 track=2 sf=9 flag=ok
[T2depth] t=11.4560 id=323 src=motion2 u=622.0 v=263.0 depth=4.3088 depth2=-1.0000 track=2 sf=9 flag=ok
[T2xcross] t=11.4560 id=324 est=35.4636 svd=0.1002 rel=0.9972 track=2 sf=9
[T2depth] t=11.4560 id=333 src=stereo u=522.0 v=62.0 depth=3.8953 depth2=-1.0000 track=1 sf=10 flag=ok
[T2depth] t=11.4560 id=334 src=stereo u=425.0 v=94.0 depth=3.7645 depth2=-1.0000 track=1 sf=10 flag=ok
[T2depth] t=11.4560 id=337 src=stereo u=278.0 v=10.0 depth=45.8755 depth2=-1.0000 track=1 sf=10 flag=ok
[T2depth] t=11.4560 id=338 src=stereo u=444.0 v=158.0 depth=3.8972 depth2=-1.0000 track=1 sf=10 flag=ok
[T2gate] t=11.4560 tri=143 rej=0 xrej=0 init_replace=51 gate=0
[T2slv] t=11.4560 phase=1 init_cost=72.5209 final_cost=65.9762 iters=9 term=1 slv_ms=28.4
[T2diag] t=11.4560 P=[-0.0298 0.0027 0.0002] V=[-0.0331 -0.0064 0.0054] |Bas|=0.006384 |Bgs|=0.0009134 Bas=[-0.001135 -0.000384 -0.006271] Bgs=[0.0008599 0.0000739 -0.0002992] tic0=[0.1200 0.0500 -0.0200] tic1=[0.1200 -0.0500 -0.0200] td=0.00000 track=139
[E2uls] flag=1 sh_t=11.516 new_t=11.516 dP=[-0.0005 -0.0029 -0.0011] |dP|=0.0032 first_dt=-1.0000
[T2depth] t=11.4560 id=157 src=shift u=-1 v=-1 depth=5.0000 depth2=-1.0000 track=10 sf=0 flag=init_neg
time: 11.456000, t: -0.029777 0.002735 0.000242 q: 0.999997 -0.001191 -0.002180 0.000418 
[T2depth] t=11.5560 id=327 src=motion2 u=211.7 v=137.9 depth=5.0000 depth2=-1.0000 track=2 sf=9 flag=init_neg
[T2depth] t=11.5560 id=332 src=motion2 u=341.9 v=14.3 depth=5.0000 depth2=-1.0000 track=2 sf=9 flag=init_neg
[T2xcross] t=11.5560 id=333 est=3.8953 svd=0.4881 rel=0.8747 track=2 sf=9
[T2xcross] t=11.5560 id=334 est=3.7645 svd=2.2037 rel=0.4146 track=2 sf=9
[T2depth] t=11.5560 id=336 src=motion2 u=110.0 v=144.0 depth=5.0000 depth2=-1.0000 track=2 sf=9 flag=init_neg
[T2xcross] t=11.5560 id=338 est=3.8972 svd=0.3682 rel=0.9055 track=2 sf=9
[T2depth] t=11.5560 id=339 src=stereo u=511.9 v=11.1 depth=3.5957 depth2=-1.0000 track=1 sf=10 flag=ok
[T2depth] t=11.5560 id=342 src=stereo u=473.0 v=52.0 depth=3.7611 depth2=-1.0000 track=1 sf=10 flag=ok
[T2depth] t=11.5560 id=345 src=stereo u=220.0 v=60.0 depth=34.3830 depth2=-1.0000 track=1 sf=10 flag=ok
[T2depth] t=11.5560 id=346 src=stereo u=313.0 v=98.0 depth=5.0000 depth2=-1.0000 track=1 sf=10 flag=init_neg
[T2gate] t=11.5560 tri=59 rej=0 xrej=0 init_replace=4 gate=0
[T2slv] t=11.5560 phase=1 init_cost=127.902 final_cost=91.768 iters=9 term=1 slv_ms=13.5
[T2diag] t=11.5560 P=[-0.0287 0.0023 0.0006] V=[-0.0302 -0.0016 0.0060] |Bas|=0.004638 |Bgs|=0.0009019 Bas=[-0.000677 -0.001472 -0.004346] Bgs=[0.0008734 0.0001314 -0.0001829] tic0=[0.1200 0.0500 -0.0200] tic1=[0.1200 -0.0500 -0.0200] td=0.00000 track=137
[E2uls] flag=1 sh_t=11.600 new_t=11.600 dP=[-0.0056 -0.0008 0.0010] |dP|=0.0057 first_dt=-1.0000
[T2depth] t=11.5560 id=105 src=shift u=-1 v=-1 depth=5.0000 depth2=-1.0000 track=10 sf=0 flag=init_neg
[T2depth] t=11.5560 id=164 src=shift u=-1 v=-1 depth=5.0000 depth2=-1.0000 track=10 sf=0 flag=init_neg
time: 11.556000, t: -0.028671 0.002337 0.000586 q: 0.999995 -0.001725 -0.002432 0.000648 
[T2depth] t=11.6560 id=157 src=motion2 u=135.1 v=478.1 depth=5.5399 depth2=-1.0000 track=2 sf=9 flag=ok
[T2depth] t=11.6560 id=181 src=motion2 u=191.3 v=278.0 depth=5.0000 depth2=-1.0000 track=2 sf=9 flag=init_neg
[T2depth] t=11.6560 id=224 src=motion2 u=61.0 v=478.1 depth=4.8340 depth2=-1.0000 track=2 sf=9 flag=ok
[T2depth] t=11.6560 id=234 src=motion2 u=29.1 v=320.1 depth=4.4398 depth2=-1.0000 track=2 sf=9 flag=ok
[T2xcross] t=11.6560 id=345 est=34.3830 svd=0.1299 rel=0.9962 track=2 sf=9
[T2xcross] t=11.6560 id=346 est=5.0000 svd=0.0830 rel=0.9834 track=2 sf=9
[T2depth] t=11.6560 id=347 src=motion2 u=186.0 v=197.0 depth=1.6097 depth2=-1.0000 track=2 sf=9 flag=ok
[T2depth] t=11.6560 id=349 src=motion2 u=263.0 v=56.0 depth=0.2845 depth2=-1.0000 track=2 sf=9 flag=ok
[T2depth] t=11.6560 id=350 src=motion2 u=253.0 v=140.0 depth=5.0000 depth2=-1.0000 track=2 sf=9 flag=init_neg
[T2depth] t=11.6560 id=351 src=motion2 u=162.0 v=65.0 depth=0.2605 depth2=-1.0000 track=2 sf=9 flag=ok
[T2depth] t=11.6560 id=105 src=stereo u=157.8 v=265.1 depth=5.0000 depth2=-1.0000 track=1 sf=10 flag=init_neg
[T2depth] t=11.6560 id=354 src=stereo u=373.0 v=198.2 depth=4.5520 depth2=-1.0000 track=1 sf=10 flag=ok
[T2depth] t=11.6560 id=357 src=stereo u=330.5 v=149.7 depth=5.0000 depth2=-1.0000 track=1 sf=10 flag=init_neg
[T2depth] t=11.6560 id=358 src=stereo u=485.0 v=228.0 depth=3.4562 depth2=-1.0000 track=1 sf=10 flag=ok
[T2depth] t=11.6560 id=359 src=stereo u=160.0 v=103.0 depth=5.0000 depth2=-1.0000 track=1 sf=10 flag=init_neg
[T2gate] t=11.6560 tri=57 rej=0 xrej=0 init_replace=5 gate=0
[T2slv] t=11.6560 phase=1 init_cost=405.794 final_cost=281.505 iters=8 term=0 slv_ms=34.4
[T2diag] t=11.6560 P=[-0.0326 0.0035 -0.0003] V=[-0.0301 -0.0006 -0.0044] |Bas|=0.006137 |Bgs|=0.0008675 Bas=[0.005264 -0.003155 0.000012] Bgs=[0.0008537 -0.0001069 -0.0001111] tic0=[0.1200 0.0500 -0.0200] tic1=[0.1200 -0.0500 -0.0200] td=0.00000 track=140
[E2uls] flag=1 sh_t=11.716 new_t=11.716 dP=[-0.0012 -0.0017 0.0019] |dP|=0.0028 first_dt=-1.0000
time: 11.656000, t: -0.032630 0.003513 -0.000296 q: 0.999997 -0.001678 -0.001792 0.000531 
[T2xcross] t=11.7600 id=351 est=0.2605 svd=0.1952 rel=0.2508 track=2 sf=9
[T2xcross] t=11.7600 id=105 est=5.0000 svd=0.4935 rel=0.9013 track=2 sf=9
[T2depth] t=11.7600 id=164 src=motion2 u=265.5 v=268.0 depth=5.0000 depth2=-1.0000 track=2 sf=9 flag=init_neg
[T2depth] t=11.7600 id=352 src=motion2 u=282.0 v=103.0 depth=0.1565 depth2=-1.0000 track=2 sf=9 flag=ok
[T2depth] t=11.7600 id=356 src=motion2 u=542.3 v=119.8 depth=0.1826 depth2=-1.0000 track=2 sf=9 flag=ok
[T2xcross] t=11.7600 id=357 est=5.0000 svd=0.2042 rel=0.9592 track=2 sf=9
[T2xcross] t=11.7600 id=359 est=5.0000 svd=0.2519 rel=0.9496 track=2 sf=9
[T2depth] t=11.7600 id=12 src=stereo u=203.0 v=388.2 depth=5.0000 depth2=-1.0000 track=1 sf=10 flag=init_neg
[T2depth] t=11.7600 id=161 src=stereo u=468.9 v=442.1 depth=0.9832 depth2=-1.0000 track=1 sf=10 flag=ok
[T2depth] t=11.7600 id=308 src=stereo u=373.2 v=61.6 depth=4.1717 depth2=-1.0000 track=1 sf=10 flag=ok
[T2depth] t=11.7600 id=366 src=stereo u=397.0 v=97.0 depth=3.9610 depth2=-1.0000 track=1 sf=10 flag=ok
[T2gate] t=11.7600 tri=95 rej=0 xrej=0 init_replace=2 gate=0
[T2slv] t=11.7600 phase=1 init_cost=98.5024 final_cost=94.991 iters=7 term=0 slv_ms=15.5
[T2diag] t=11.7600 P=[-0.0286 0.0011 -0.0002] V=[-0.0135 -0.0053 -0.0007] |Bas|=0.007878 |Bgs|=0.0009749 Bas=[0.007325 -0.002875 -0.000369] Bgs=[0.0009154 -0.0002791 -0.0001860] tic0=[0.1200 0.0500 -0.0200] tic1=[0.1200 -0.0500 -0.0200] td=0.00000 track=98
[E2uls] flag=1 sh_t=11.824 new_t=11.824 dP=[-0.0099 0.0025 -0.0006] |dP|=0.0103 first_dt=-1.0000
time: 11.760000, t: -0.028592 0.001079 -0.000174 q: 0.999998 -0.001536 -0.000959 0.000707 
[T2depth] t=11.8920 id=1 src=motion2 u=191.0 v=340.1 depth=5.0000 depth2=-1.0000 track=2 sf=9 flag=init_neg
[T2depth] t=11.8920 id=2 src=motion2 u=224.0 v=347.1 depth=5.0000 depth2=-1.0000 track=2 sf=9 flag=init_neg
[T2depth] t=11.8920 id=6 src=motion2 u=256.9 v=334.1 depth=5.0000 depth2=-1.0000 track=2 sf=9 flag=init_neg
[T2depth] t=11.8920 id=7 src=motion2 u=4.1 v=374.1 depth=5.0000 depth2=-1.0000 track=2 sf=9 flag=init_neg
[T2depth] t=11.8920 id=8 src=motion2 u=159.0 v=342.1 depth=5.0000 depth2=-1.0000 track=2 sf=9 flag=init_neg
[T2depth] t=11.8920 id=9 src=motion2 u=116.0 v=360.1 depth=5.0000 depth2=-1.0000 track=2 sf=9 flag=init_neg
[T2depth] t=11.8920 id=16 src=motion2 u=50.8 v=411.2 depth=5.0000 depth2=-1.0000 track=2 sf=9 flag=init_neg
[T2depth] t=11.8920 id=17 src=motion2 u=142.1 v=394.1 depth=5.0000 depth2=-1.0000 track=2 sf=9 flag=init_neg
[T2depth] t=11.8920 id=18 src=motion2 u=88.2 v=386.1 depth=5.0000 depth2=-1.0000 track=2 sf=9 flag=init_neg
[T2depth] t=11.8920 id=21 src=motion2 u=44.0 v=348.1 depth=5.0000 depth2=-1.0000 track=2 sf=9 flag=init_neg
[T2depth] t=11.8920 id=24 src=motion2 u=299.6 v=395.2 depth=5.0000 depth2=-1.0000 track=2 sf=9 flag=init_neg
[T2depth] t=11.8920 id=28 src=motion2 u=197.2 v=446.1 depth=5.0000 depth2=-1.0000 track=2 sf=9 flag=init_neg
[T2depth] t=11.8920 id=29 src=motion2 u=120.1 v=420.2 depth=5.0000 depth2=-1.0000 track=2 sf=9 flag=init_neg
[T2depth] t=11.8920 id=30 src=motion2 u=6.0 v=342.2 depth=5.0000 depth2=-1.0000 track=2 sf=9 flag=init_neg
[T2depth] t=11.8920 id=35 src=motion2 u=71.1 v=435.1 depth=5.0000 depth2=-1.0000 track=2 sf=9 flag=init_neg
[T2depth] t=11.8920 id=36 src=motion2 u=90.0 v=320.1 depth=5.0000 depth2=-1.0000 track=2 sf=9 flag=init_neg
[T2depth] t=11.8920 id=44 src=motion2 u=60.0 v=310.1 depth=5.0000 depth2=-1.0000 track=2 sf=9 flag=init_neg
[T2depth] t=11.8920 id=46 src=motion2 u=74.0 v=353.1 depth=5.0000 depth2=-1.0000 track=2 sf=9 flag=init_neg
[T2depth] t=11.8920 id=48 src=motion2 u=163.4 v=463.6 depth=5.0000 depth2=-1.0000 track=2 sf=9 flag=init_neg
[T2depth] t=11.8920 id=52 src=motion2 u=218.1 v=292.1 depth=5.0000 depth2=-1.0000 track=2 sf=9 flag=init_neg
[T2depth] t=11.8920 id=53 src=motion2 u=12.2 v=423.1 depth=5.0000 depth2=-1.0000 track=2 sf=9 flag=init_neg
[T2depth] t=11.8920 id=58 src=motion2 u=40.5 v=455.1 depth=5.0000 depth2=-1.0000 track=2 sf=9 flag=init_neg
[T2depth] t=11.8920 id=59 src=motion2 u=143.0 v=313.1 depth=5.0000 depth2=-1.0000 track=2 sf=9 flag=init_neg
[T2depth] t=11.8920 id=60 src=motion2 u=225.3 v=430.1 depth=5.0000 depth2=-1.0000 track=2 sf=9 flag=init_neg
[T2depth] t=11.8920 id=62 src=motion2 u=116.0 v=286.1 depth=5.0000 depth2=-1.0000 track=2 sf=9 flag=init_neg
[T2depth] t=11.8920 id=65 src=motion2 u=176.9 v=410.2 depth=5.0000 depth2=-1.0000 track=2 sf=9 flag=init_neg
[T2depth] t=11.8920 id=67 src=motion2 u=257.1 v=299.0 depth=5.0000 depth2=-1.0000 track=2 sf=9 flag=init_neg
[T2depth] t=11.8920 id=68 src=motion2 u=41.9 v=380.2 depth=5.0000 depth2=-1.0000 track=2 sf=9 flag=init_neg
[T2depth] t=11.8920 id=69 src=motion2 u=174.1 v=307.1 depth=5.0000 depth2=-1.0000 track=2 sf=9 flag=init_neg
[T2depth] t=11.8920 id=70 src=motion2 u=87.5 v=463.3 depth=5.0000 depth2=-1.0000 track=2 sf=9 flag=init_neg
[T2depth] t=11.8920 id=75 src=motion2 u=294.9 v=290.1 depth=3.9048 depth2=-1.0000 track=2 sf=9 flag=ok
[T2depth] t=11.8920 id=76 src=motion2 u=174.3 v=377.1 depth=5.0000 depth2=-1.0000 track=2 sf=9 flag=init_neg
[T2depth] t=11.8920 id=79 src=motion2 u=121.4 v=450.1 depth=5.0000 depth2=-1.0000 track=2 sf=9 flag=init_neg
[T2depth] t=11.8920 id=82 src=motion2 u=152.5 v=429.1 depth=5.0000 depth2=-1.0000 track=2 sf=9 flag=init_neg
[T2depth] t=11.8920 id=86 src=motion2 u=18.3 v=292.1 depth=5.0000 depth2=-1.0000 track=2 sf=9 flag=init_neg
[T2depth] t=11.8920 id=97 src=motion2 u=7.9 v=453.2 depth=5.0000 depth2=-1.0000 track=2 sf=9 flag=init_neg
[T2depth] t=11.8920 id=112 src=motion2 u=235.3 v=267.0 depth=5.0000 depth2=-1.0000 track=2 sf=9 flag=init_neg
[T2depth] t=11.8920 id=119 src=motion2 u=61.4 v=276.1 depth=5.0000 depth2=-1.0000 track=2 sf=9 flag=init_neg
[T2depth] t=11.8920 id=125 src=motion2 u=184.9 v=244.0 depth=0.2188 depth2=-1.0000 track=2 sf=9 flag=ok
[T2depth] t=11.8920 id=138 src=motion2 u=192.1 v=478.1 depth=5.0000 depth2=-1.0000 track=2 sf=9 flag=init_neg
[T2depth] t=11.8920 id=363 src=motion2 u=184.8 v=41.2 depth=0.1652 depth2=-1.0000 track=2 sf=9 flag=ok
[T2depth] t=11.8920 id=365 src=motion2 u=555.0 v=30.0 depth=5.0000 depth2=-1.0000 track=2 sf=9 flag=init_neg
[T2depth] t=11.8920 id=370 src=stereo u=370.6 v=96.0 depth=3.5998 depth2=-1.0000 track=1 sf=10 flag=ok
[T2depth] t=11.8920 id=372 src=stereo u=526.2 v=82.0 depth=4.4130 depth2=-1.0000 track=1 sf=10 flag=ok
[T2depth] t=11.8920 id=373 src=stereo u=610.0 v=110.8 depth=27.2638 depth2=-1.0000 track=1 sf=10 flag=ok
[T2depth] t=11.8920 id=381 src=stereo u=42.0 v=37.0 depth=5.0000 depth2=-1.0000 track=1 sf=10 flag=init_neg
[T2gate] t=11.8920 tri=102 rej=0 xrej=0 init_replace=40 gate=0
[T2slv] t=11.8920 phase=1 init_cost=138.165 final_cost=123.946 iters=9 term=1 slv_ms=34.2
[T2diag] t=11.8920 P=[-0.0253 0.0000 0.0006] V=[0.0004 -0.0033 0.0020] |Bas|=0.006293 |Bgs|=0.0009656 Bas=[0.005445 -0.002205 -0.002256] Bgs=[0.0008933 -0.0002076 -0.0003019] tic0=[0.1200 0.0500 -0.0200] tic1=[0.1200 -0.0500 -0.0200] td=0.00000 track=129
[E2uls] flag=1 sh_t=11.956 new_t=11.956 dP=[-0.0058 0.0003 -0.0010] |dP|=0.0059 first_dt=-1.0000
time: 11.892000, t: -0.025316 0.000039 0.000582 q: 0.999998 -0.001529 -0.000547 0.000969 
[T2depth] t=11.9920 id=33 src=motion2 u=267.4 v=403.2 depth=5.0000 depth2=-1.0000 track=2 sf=9 flag=init_neg
[T2depth] t=11.9920 id=37 src=motion2 u=225.5 v=468.1 depth=5.0000 depth2=-1.0000 track=2 sf=9 flag=init_neg
[T2depth] t=11.9920 id=41 src=motion2 u=262.9 v=450.2 depth=5.0000 depth2=-1.0000 track=2 sf=9 flag=init_neg
[T2depth] t=11.9920 id=43 src=motion2 u=236.9 v=378.1 depth=5.0000 depth2=-1.0000 track=2 sf=9 flag=init_neg
[T2depth] t=11.9920 id=85 src=motion2 u=283.4 v=476.0 depth=5.0000 depth2=-1.0000 track=2 sf=9 flag=init_neg
[T2depth] t=11.9920 id=174 src=motion2 u=313.0 v=468.1 depth=5.0000 depth2=-1.0000 track=2 sf=9 flag=init_neg
[T2depth] t=11.9920 id=374 src=motion2 u=59.5 v=62.8 depth=0.1671 depth2=-1.0000 track=2 sf=9 flag=ok
[T2depth] t=11.9920 id=376 src=motion2 u=298.5 v=201.6 depth=5.0000 depth2=-1.0000 track=2 sf=9 flag=init_neg
[T2depth] t=11.9920 id=378 src=motion2 u=5.0 v=261.0 depth=5.0000 depth2=-1.0000 track=2 sf=9 flag=init_neg
[T2xcross] t=11.9920 id=381 est=5.0000 svd=0.4978 rel=0.9004 track=2 sf=9
[T2depth] t=11.9920 id=383 src=motion2 u=281.0 v=91.0 depth=5.0000 depth2=-1.0000 track=2 sf=9 flag=init_neg
[T2depth] t=11.9920 id=388 src=stereo u=180.7 v=161.3 depth=5.0000 depth2=-1.0000 track=1 sf=10 flag=init_neg
[T2depth] t=11.9920 id=391 src=stereo u=105.0 v=117.1 depth=42.3520 depth2=-1.0000 track=1 sf=10 flag=ok
[T2depth] t=11.9920 id=395 src=stereo u=178.0 v=116.0 depth=5.0000 depth2=-1.0000 track=1 sf=10 flag=init_neg
[T2depth] t=11.9920 id=396 src=stereo u=21.0 v=9.0 depth=5.0000 depth2=-1.0000 track=1 sf=10 flag=init_neg
[T2depth] t=11.9920 id=398 src=stereo u=419.0 v=134.0 depth=32.6303 depth2=-1.0000 track=1 sf=10 flag=ok
[T2gate] t=11.9920 tri=66 rej=0 xrej=0 init_replace=12 gate=0
[T2slv] t=11.9920 phase=1 init_cost=99.3537 final_cost=98.0762 iters=6 term=0 slv_ms=15.6
[T2diag] t=11.9920 P=[-0.0262 0.0003 0.0003] V=[0.0021 -0.0013 -0.0002] |Bas|=0.005275 |Bgs|=0.0009840 Bas=[0.004743 -0.002211 -0.000669] Bgs=[0.0009175 -0.0002822 -0.0002164] tic0=[0.1200 0.0500 -0.0200] tic1=[0.1200 -0.0500 -0.0200] td=0.00000 track=134
[E2uls] flag=1 sh_t=12.056 new_t=12.056 dP=[0.0015 -0.0004 0.0008] |dP|=0.0017 first_dt=-1.0000
time: 11.992000, t: -0.026226 0.000280 0.000252 q: 0.999998 -0.001380 -0.000906 0.000897 
[T2xcross] t=12.0960 id=12 est=5.0000 svd=0.0505 rel=0.9899 track=2 sf=9
[T2depth] t=12.0960 id=387 src=motion2 u=17.9 v=152.8 depth=5.0000 depth2=-1.0000 track=2 sf=9 flag=init_neg
[T2depth] t=12.0960 id=389 src=motion2 u=238.6 v=84.8 depth=5.0000 depth2=-1.0000 track=2 sf=9 flag=init_neg
[T2depth] t=12.0960 id=394 src=motion2 u=280.0 v=48.0 depth=5.0000 depth2=-1.0000 track=2 sf=9 flag=init_neg
[T2depth] t=12.0960 id=397 src=motion2 u=574.0 v=154.0 depth=0.0183 depth2=-1.0000 track=2 sf=9 flag=ok
[T2xcross] t=12.0960 id=398 est=32.6303 svd=0.0029 rel=0.9999 track=2 sf=9
[T2depth] t=12.0960 id=400 src=motion2 u=99.0 v=181.0 depth=0.0641 depth2=-1.0000 track=2 sf=9 flag=ok
[T2depth] t=12.0960 id=408 src=stereo u=388.0 v=83.0 depth=3.4026 depth2=-1.0000 track=1 sf=10 flag=ok
[T2depth] t=12.0960 id=414 src=stereo u=368.0 v=206.0 depth=4.2240 depth2=-1.0000 track=1 sf=10 flag=ok
[T2depth] t=12.0960 id=419 src=stereo u=435.0 v=194.0 depth=3.7634 depth2=-1.0000 track=1 sf=10 flag=ok
[T2gate] t=12.0960 tri=59 rej=0 xrej=0 init_replace=3 gate=0
[T2slv] t=12.0960 phase=1 init_cost=99.6618 final_cost=98.3207 iters=9 term=1 slv_ms=15.4
[T2diag] t=12.0960 P=[-0.0259 0.0003 0.0004] V=[0.0035 0.0016 0.0005] |Bas|=0.004579 |Bgs|=0.0010240 Bas=[0.003878 -0.001832 -0.001603] Bgs=[0.0009689 -0.0002860 -0.0001676] tic0=[0.1200 0.0500 -0.0200] tic1=[0.1200 -0.0500 -0.0200] td=0.00000 track=135
[E2uls] flag=1 sh_t=12.136 new_t=12.136 dP=[0.0000 0.0000 -0.0004] |dP|=0.0004 first_dt=-1.0000
time: 12.096000, t: -0.025898 0.000291 0.000430 q: 0.999999 -0.001294 -0.000765 0.000860 
[T2xcross] t=12.1960 id=161 est=0.9832 svd=0.3587 rel=0.6352 track=2 sf=9
[T2depth] t=12.1960 id=402 src=motion2 u=219.5 v=137.2 depth=5.0000 depth2=-1.0000 track=2 sf=9 flag=init_neg
[T2depth] t=12.1960 id=405 src=motion2 u=500.8 v=129.1 depth=5.0000 depth2=-1.0000 track=2 sf=9 flag=init_neg
[T2depth] t=12.1960 id=411 src=motion2 u=527.0 v=68.0 depth=0.0453 depth2=-1.0000 track=2 sf=9 flag=ok
[T2depth] t=12.1960 id=415 src=motion2 u=595.0 v=41.0 depth=5.0000 depth2=-1.0000 track=2 sf=9 flag=init_neg
[T2depth] t=12.1960 id=416 src=motion2 u=129.0 v=132.0 depth=0.0404 depth2=-1.0000 track=2 sf=9 flag=ok
[T2depth] t=12.1960 id=417 src=motion2 u=177.0 v=199.0 depth=0.0443 depth2=-1.0000 track=2 sf=9 flag=ok
[T2depth] t=12.1960 id=418 src=motion2 u=55.0 v=71.0 depth=0.0084 depth2=-1.0000 track=2 sf=9 flag=ok
[T2depth] t=12.1960 id=423 src=stereo u=361.7 v=163.3 depth=3.5033 depth2=-1.0000 track=1 sf=10 flag=ok
[T2depth] t=12.1960 id=429 src=stereo u=467.0 v=94.0 depth=4.1334 depth2=-1.0000 track=1 sf=10 flag=ok
[T2depth] t=12.1960 id=430 src=stereo u=171.0 v=37.0 depth=40.2220 depth2=-1.0000 track=1 sf=10 flag=ok
[T2gate] t=12.1960 tri=54 rej=0 xrej=0 init_replace=3 gate=0
[T2slv] t=12.1960 phase=1 init_cost=99.4323 final_cost=97.6538 iters=9 term=1 slv_ms=17.7
[T2diag] t=12.1960 P=[-0.0264 0.0013 0.0007] V=[0.0020 0.0047 0.0019] |Bas|=0.004439 |Bgs|=0.0010267 Bas=[0.003702 -0.001282 -0.002088] Bgs=[0.0010153 -0.0001524 -0.0000121] tic0=[0.1200 0.0500 -0.0200] tic1=[0.1200 -0.0500 -0.0200] td=0.00000 track=141
[E2uls] flag=1 sh_t=12.240 new_t=12.240 dP=[0.0009 -0.0006 -0.0004] |dP|=0.0011 first_dt=-1.0000
time: 12.196000, t: -0.026418 0.001324 0.000746 q: 0.999998 -0.001486 -0.000677 0.000881 
[T2xcross] t=12.2920 id=24 est=5.0000 svd=1.1317 rel=0.7737 track=2 sf=9
[T2xcross] t=12.2920 id=389 est=5.0000 svd=0.0385 rel=0.9923 track=2 sf=9
[T2xcross] t=12.2920 id=414 est=4.2240 svd=0.1370 rel=0.9676 track=2 sf=9
[T2depth] t=12.2920 id=422 src=motion2 u=408.2 v=28.7 depth=0.1310 depth2=-1.0000 track=2 sf=9 flag=ok
[T2xcross] t=12.2920 id=423 est=3.5033 svd=0.0680 rel=0.9806 track=2 sf=9
[T2depth] t=12.2920 id=424 src=motion2 u=612.5 v=220.9 depth=5.0000 depth2=-1.0000 track=2 sf=9 flag=init_neg
[T2depth] t=12.2920 id=426 src=motion2 u=140.0 v=39.0 depth=0.0620 depth2=-1.0000 track=2 sf=9 flag=ok
[T2depth] t=12.2920 id=433 src=stereo u=613.0 v=115.0 depth=5.0000 depth2=-1.0000 track=1 sf=10 flag=init_neg
[T2depth] t=12.2920 id=436 src=stereo u=145.0 v=215.0 depth=22.0556 depth2=-1.0000 track=1 sf=10 flag=ok
[T2gate] t=12.2920 tri=49 rej=0 xrej=0 init_replace=2 gate=0
[T2slv] t=12.2920 phase=1 init_cost=113.463 final_cost=109.951 iters=9 term=1 slv_ms=17.9
[T2diag] t=12.2920 P=[-0.0280 0.0033 0.0008] V=[0.0001 0.0095 0.0010] |Bas|=0.004378 |Bgs|=0.0009295 Bas=[0.003964 -0.000533 -0.001779] Bgs=[0.0009103 -0.0001310 0.0001346] tic0=[0.1200 0.0500 -0.0200] tic1=[0.1200 -0.0500 -0.0200] td=0.00000 track=140
[E2uls] flag=1 sh_t=12.336 new_t=12.336 dP=[0.0019 -0.0011 0.0001] |dP|=0.0022 first_dt=-1.0000
time: 12.292000, t: -0.027964 0.003302 0.000832 q: 0.999998 -0.001790 -0.000822 0.000583 
[T2xcross] t=12.3920 id=408 est=3.4026 svd=0.1143 rel=0.9664 track=2 sf=9
[T2xcross] t=12.3920 id=426 est=0.0620 svd=0.1702 rel=0.6354 track=2 sf=9
[T2depth] t=12.3920 id=431 src=motion2 u=186.8 v=85.6 depth=5.0000 depth2=-1.0000 track=2 sf=9 flag=init_neg
[T2depth] t=12.3920 id=432 src=motion2 u=79.0 v=18.8 depth=5.0000 depth2=-1.0000 track=2 sf=9 flag=init_neg
[T2depth] t=12.3920 id=435 src=motion2 u=360.0 v=46.0 depth=5.0000 depth2=-1.0000 track=2 sf=9 flag=init_neg
[T2xcross] t=12.3920 id=436 est=22.0556 svd=0.1865 rel=0.9915 track=2 sf=9
[T2depth] t=12.3920 id=438 src=motion2 u=301.0 v=138.0 depth=5.0000 depth2=-1.0000 track=2 sf=9 flag=init_neg
[T2depth] t=12.3920 id=440 src=motion2 u=330.0 v=69.0 depth=0.0229 depth2=-1.0000 track=2 sf=9 flag=ok
[T2depth] t=12.3920 id=444 src=stereo u=457.0 v=120.3 depth=4.0977 depth2=-1.0000 track=1 sf=10 flag=ok
[T2depth] t=12.3920 id=448 src=stereo u=610.0 v=111.0 depth=5.0000 depth2=-1.0000 track=1 sf=10 flag=init_neg
[T2depth] t=12.3920 id=450 src=stereo u=501.0 v=50.0 depth=4.7845 depth2=-1.0000 track=1 sf=10 flag=ok
[T2depth] t=12.3920 id=452 src=stereo u=469.0 v=266.0 depth=3.5202 depth2=-1.0000 track=1 sf=10 flag=ok
[T2gate] t=12.3920 tri=61 rej=0 xrej=0 init_replace=5 gate=0
[T2slv] t=12.3920 phase=1 init_cost=118.92 final_cost=116.146 iters=9 term=1 slv_ms=17.9
[T2diag] t=12.3920 P=[-0.0323 0.0053 0.0012] V=[-0.0060 0.0112 0.0007] |Bas|=0.004772 |Bgs|=0.0008420 Bas=[0.004462 -0.000688 -0.001545] Bgs=[0.0007712 -0.0002375 0.0002405] tic0=[0.1200 0.0500 -0.0200] tic1=[0.1200 -0.0500 -0.0200] td=0.00000 track=130
[E2uls] flag=1 sh_t=12.440 new_t=12.440 dP=[0.0050 -0.0003 -0.0000] |dP|=0.0050 first_dt=-1.0000
time: 12.392000, t: -0.032320 0.005304 0.001200 q: 0.999998 -0.001766 -0.001051 0.000668 
[T2xcross] t=12.4920 id=419 est=3.7634 svd=0.0844 rel=0.9776 track=2 sf=9
[T2xcross] t=12.4920 id=432 est=5.0000 svd=0.4483 rel=0.9103 track=2 sf=9
[T2depth] t=12.4920 id=5 src=motion2 u=316.9 v=357.1 depth=5.0000 depth2=-1.0000 track=2 sf=9 flag=init_neg
[T2depth] t=12.4920 id=13 src=motion2 u=283.3 v=370.2 depth=5.0000 depth2=-1.0000 track=2 sf=9 flag=init_neg
[T2depth] t=12.4920 id=32 src=motion2 u=350.0 v=390.1 depth=5.0000 depth2=-1.0000 track=2 sf=9 flag=init_neg
[T2depth] t=12.4920 id=34 src=motion2 u=327.1 v=412.1 depth=5.0000 depth2=-1.0000 track=2 sf=9 flag=init_neg
[T2depth] t=12.4920 id=50 src=motion2 u=287.5 v=333.1 depth=5.0000 depth2=-1.0000 track=2 sf=9 flag=init_neg
[T2depth] t=12.4920 id=64 src=motion2 u=396.0 v=463.7 depth=5.0000 depth2=-1.0000 track=2 sf=9 flag=init_neg
[T2depth] t=12.4920 id=78 src=motion2 u=332.9 v=443.5 depth=5.0000 depth2=-1.0000 track=2 sf=9 flag=init_neg
[T2depth] t=12.4920 id=92 src=motion2 u=357.0 v=420.2 depth=5.0000 depth2=-1.0000 track=2 sf=9 flag=init_neg
[T2depth] t=12.4920 id=95 src=motion2 u=299.0 v=431.1 depth=5.0000 depth2=-1.0000 track=2 sf=9 flag=init_neg
[T2depth] t=12.4920 id=96 src=motion2 u=359.0 v=465.2 depth=133.0563 depth2=-1.0000 track=2 sf=9 flag=ok
[T2depth] t=12.4920 id=442 src=motion2 u=275.9 v=33.3 depth=0.1228 depth2=-1.0000 track=2 sf=9 flag=ok
[T2xcross] t=12.4920 id=444 est=4.0977 svd=0.3773 rel=0.9079 track=2 sf=9
[T2depth] t=12.4920 id=445 src=motion2 u=78.0 v=56.7 depth=0.3953 depth2=-1.0000 track=2 sf=9 flag=ok
[T2xcross] t=12.4920 id=450 est=4.7845 svd=0.1281 rel=0.9732 track=2 sf=9
[T2depth] t=12.4920 id=451 src=motion2 u=631.0 v=263.0 depth=0.3927 depth2=-1.0000 track=2 sf=9 flag=ok
[T2depth] t=12.4920 id=455 src=stereo u=479.3 v=226.8 depth=3.5160 depth2=-1.0000 track=1 sf=10 flag=ok
[T2depth] t=12.4920 id=457 src=stereo u=123.7 v=69.8 depth=5.0000 depth2=-1.0000 track=1 sf=10 flag=init_neg
[T2depth] t=12.4920 id=460 src=stereo u=261.0 v=227.0 depth=5.0000 depth2=-1.0000 track=1 sf=10 flag=init_neg
[T2depth] t=12.4920 id=462 src=stereo u=353.0 v=163.0 depth=4.1991 depth2=-1.0000 track=1 sf=10 flag=ok
[T2depth] t=12.4920 id=463 src=stereo u=311.0 v=189.0 depth=5.0000 depth2=-1.0000 track=1 sf=10 flag=init_neg
[T2gate] t=12.4920 tri=66 rej=0 xrej=0 init_replace=12 gate=0
[T2slv] t=12.4920 phase=1 init_cost=94.483 final_cost=91.5455 iters=9 term=1 slv_ms=7.7
[T2diag] t=12.4920 P=[-0.0312 0.0063 0.0009] V=[-0.0005 0.0139 0.0005] |Bas|=0.005360 |Bgs|=0.0009328 Bas=[0.005253 -0.000547 -0.000910] Bgs=[0.0007415 -0.0004070 0.0003932] tic0=[0.1200 0.0500 -0.0200] tic1=[0.1200 -0.0500 -0.0200] td=0.00000 track=133
[E2uls] flag=1 sh_t=12.524 new_t=12.524 dP=[-0.0019 0.0009 0.0007] |dP|=0.0022 first_dt=-1.0000
time: 12.492000, t: -0.031193 0.006265 0.000852 q: 0.999998 -0.001756 -0.000864 0.000527 
[T2xcross] t=12.5920 id=402 est=5.0000 svd=0.6100 rel=0.8780 track=2 sf=9
[T2depth] t=12.5920 id=4 src=motion2 u=385.8 v=387.1 depth=14.5289 depth2=-1.0000 track=2 sf=9 flag=ok
[T2depth] t=12.5920 id=10 src=motion2 u=352.1 v=346.1 depth=12.3934 depth2=-1.0000 track=2 sf=9 flag=ok
[T2depth] t=12.5920 id=11 src=motion2 u=398.9 v=342.1 depth=16.3052 depth2=-1.0000 track=2 sf=9 flag=ok
[T2depth] t=12.5920 id=42 src=motion2 u=317.8 v=310.1 depth=18.7070 depth2=-1.0000 track=2 sf=9 flag=ok
[T2depth] t=12.5920 id=51 src=motion2 u=385.5 v=433.1 depth=10.0221 depth2=-1.0000 track=2 sf=9 flag=ok
[T2depth] t=12.5920 id=57 src=motion2 u=378.0 v=315.1 depth=11.2785 depth2=-1.0000 track=2 sf=9 flag=ok
[T2depth] t=12.5920 id=72 src=motion2 u=353.9 v=291.0 depth=12.0533 depth2=-1.0000 track=2 sf=9 flag=ok
[T2depth] t=12.5920 id=87 src=motion2 u=295.7 v=242.1 depth=6.8406 depth2=-1.0000 track=2 sf=9 flag=ok
[T2depth] t=12.5920 id=454 src=motion2 u=233.8 v=246.0 depth=216.0015 depth2=-1.0000 track=2 sf=9 flag=ok
[T2depth] t=12.5920 id=459 src=motion2 u=543.0 v=106.0 depth=5.0000 depth2=-1.0000 track=2 sf=9 flag=init_neg
[T2depth] t=12.5920 id=461 src=motion2 u=33.0 v=55.0 depth=5.0000 depth2=-1.0000 track=2 sf=9 flag=init_neg
[T2xcross] t=12.5920 id=463 est=5.0000 svd=0.2287 rel=0.9543 track=2 sf=9
[T2depth] t=12.5920 id=464 src=motion2 u=331.0 v=251.0 depth=2.3456 depth2=-1.0000 track=2 sf=9 flag=ok
[T2depth] t=12.5920 id=468 src=stereo u=424.4 v=156.0 depth=3.5414 depth2=-1.0000 track=1 sf=10 flag=ok
[T2depth] t=12.5920 id=469 src=stereo u=540.1 v=41.1 depth=3.4926 depth2=-1.0000 track=1 sf=10 flag=ok
[T2depth] t=12.5920 id=471 src=stereo u=251.0 v=179.0 depth=45.4744 depth2=-1.0000 track=1 sf=10 flag=ok
[T2depth] t=12.5920 id=475 src=stereo u=379.0 v=93.0 depth=4.1919 depth2=-1.0000 track=1 sf=10 flag=ok
[T2gate] t=12.5920 tri=58 rej=0 xrej=0 init_replace=2 gate=0
[T2slv] t=12.5920 phase=1 init_cost=91.6936 final_cost=90.6507 iters=9 term=1 slv_ms=10.7
[T2diag] t=12.5920 P=[-0.0327 0.0072 0.0008] V=[0.0006 0.0145 0.0006] |Bas|=0.006383 |Bgs|=0.0009101 Bas=[0.006261 -0.000386 -0.001177] Bgs=[0.0007129 -0.0004012 0.0003989] tic0=[0.1200 0.0500 -0.0200] tic1=[0.1200 -0.0500 -0.0200] td=0.00000 track=137
[E2uls] flag=1 sh_t=12.624 new_t=12.624 dP=[0.0017 0.0014 0.0001] |dP|=0.0022 first_dt=-1.0000
time: 12.592000, t: -0.032743 0.007185 0.000821 q: 0.999998 -0.001722 -0.000854 0.000465 
[T2depth] t=12.6920 id=31 src=motion2 u=433.9 v=407.1 depth=4.3813 depth2=-1.0000 track=2 sf=9 flag=ok
[T2depth] t=12.6920 id=77 src=motion2 u=435.7 v=454.6 depth=3.9097 depth2=-1.0000 track=2 sf=9 flag=ok
[T2depth] t=12.6920 id=80 src=motion2 u=412.6 v=289.0 depth=4.4352 depth2=-1.0000 track=2 sf=9 flag=ok
[T2depth] t=12.6920 id=81 src=motion2 u=418.8 v=381.1 depth=6.0677 depth2=-1.0000 track=2 sf=9 flag=ok
[T2xcross] t=12.6920 id=468 est=3.5414 svd=2.7744 rel=0.2166 track=2 sf=9
[T2depth] t=12.6920 id=474 src=motion2 u=384.0 v=34.0 depth=5.0000 depth2=-1.0000 track=2 sf=9 flag=init_neg
[T2depth] t=12.6920 id=482 src=stereo u=133.5 v=163.5 depth=41.3636 depth2=-1.0000 track=1 sf=10 flag=ok
[T2depth] t=12.6920 id=483 src=stereo u=414.4 v=15.0 depth=3.3629 depth2=-1.0000 track=1 sf=10 flag=ok
[T2depth] t=12.6920 id=484 src=stereo u=616.4 v=80.0 depth=5.0000 depth2=-1.0000 track=1 sf=10 flag=init_neg
[T2depth] t=12.6920 id=487 src=stereo u=173.0 v=82.0 depth=25.3802 depth2=-1.0000 track=1 sf=10 flag=ok
[T2depth] t=12.6920 id=488 src=stereo u=187.0 v=140.0 depth=5.0000 depth2=-1.0000 track=1 sf=10 flag=init_neg
[T2depth] t=12.6920 id=489 src=stereo u=191.0 v=37.0 depth=29.7673 depth2=-1.0000 track=1 sf=10 flag=ok
[T2depth] t=12.6920 id=491 src=stereo u=473.0 v=174.0 depth=3.3227 depth2=-1.0000 track=1 sf=10 flag=ok
[T2gate] t=12.6920 tri=58 rej=0 xrej=0 init_replace=3 gate=0
[T2slv] t=12.6920 phase=1 init_cost=92.9605 final_cost=90.2863 iters=5 term=0 slv_ms=8.5
[T2diag] t=12.6920 P=[-0.0347 0.0061 0.0010] V=[0.0002 0.0137 -0.0012] |Bas|=0.007314 |Bgs|=0.0007760 Bas=[0.007190 -0.000200 -0.001326] Bgs=[0.0006434 -0.0003262 0.0002861] tic0=[0.1200 0.0500 -0.0200] tic1=[0.1200 -0.0500 -0.0200] td=0.00000 track=134
[E2uls] flag=1 sh_t=12.728 new_t=12.728 dP=[0.0023 0.0037 -0.0002] |dP|=0.0043 first_dt=-1.0000
time: 12.692000, t: -0.034691 0.006097 0.000981 q: 0.999998 -0.001802 -0.000847 0.000526 
[T2xcross] t=12.7920 id=474 est=5.0000 svd=1.2302 rel=0.7540 track=2 sf=9
[T2depth] t=12.7920 id=74 src=motion2 u=433.0 v=324.0 depth=5.0000 depth2=-1.0000 track=2 sf=9 flag=init_neg
[T2depth] t=12.7920 id=476 src=motion2 u=189.9 v=279.0 depth=5.0000 depth2=-1.0000 track=2 sf=9 flag=init_neg
[T2depth] t=12.7920 id=480 src=motion2 u=393.4 v=241.0 depth=5.0000 depth2=-1.0000 track=2 sf=9 flag=init_neg
[T2depth] t=12.7920 id=486 src=motion2 u=42.0 v=22.0 depth=5.0000 depth2=-1.0000 track=2 sf=9 flag=init_neg
[T2xcross] t=12.7920 id=489 est=29.7673 svd=0.6074 rel=0.9796 track=2 sf=9
[T2xcross] t=12.7920 id=491 est=3.3227 svd=0.5067 rel=0.8475 track=2 sf=9
[T2depth] t=12.7920 id=499 src=stereo u=464.0 v=207.0 depth=3.8023 depth2=-1.0000 track=1 sf=10 flag=ok
[T2depth] t=12.7920 id=500 src=stereo u=146.0 v=212.0 depth=5.0000 depth2=-1.0000 track=1 sf=10 flag=init_neg
[T2gate] t=12.7920 tri=53 rej=0 xrej=0 init_replace=5 gate=0
[T2slv] t=12.7920 phase=1 init_cost=94.1623 final_cost=91.8779 iters=6 term=0 slv_ms=12.9
[T2diag] t=12.7920 P=[-0.0336 0.0056 0.0013] V=[-0.0014 0.0155 0.0016] |Bas|=0.008209 |Bgs|=0.0007147 Bas=[0.007972 0.000249 -0.001942] Bgs=[0.0006165 -0.0002171 0.0002892] tic0=[0.1200 0.0500 -0.0200] tic1=[0.1200 -0.0500 -0.0200] td=0.00000 track=139
[E2uls] flag=1 sh_t=12.832 new_t=12.832 dP=[-0.0012 0.0030 -0.0006] |dP|=0.0033 first_dt=-1.0000
time: 12.792000, t: -0.033561 0.005572 0.001328 q: 0.999998 -0.001781 -0.000577 0.000642 
[T2xcross] t=12.8920 id=488 est=5.0000 svd=0.9933 rel=0.8013 track=2 sf=9
[T2depth] t=12.8920 id=496 src=motion2 u=383.9 v=281.0 depth=5.0000 depth2=-1.0000 track=2 sf=9 flag=init_neg
[T2depth] t=12.8920 id=497 src=motion2 u=133.4 v=17.8 depth=5.0000 depth2=-1.0000 track=2 sf=9 flag=init_neg
[T2xcross] t=12.8920 id=499 est=3.8023 svd=0.2015 rel=0.9470 track=2 sf=9
[T2depth] t=12.8920 id=503 src=motion2 u=620.0 v=58.0 depth=5.0000 depth2=-1.0000 track=2 sf=9 flag=init_neg
[T2depth] t=12.8920 id=504 src=motion2 u=479.0 v=134.0 depth=0.3731 depth2=-1.0000 track=2 sf=9 flag=ok
[T2depth] t=12.8920 id=508 src=stereo u=496.3 v=230.2 depth=4.2480 depth2=-1.0000 track=1 sf=10 flag=ok
[T2depth] t=12.8920 id=510 src=stereo u=515.0 v=76.4 depth=3.5180 depth2=-1.0000 track=1 sf=10 flag=ok
[T2depth] t=12.8920 id=511 src=stereo u=86.7 v=95.6 depth=5.0000 depth2=-1.0000 track=1 sf=10 flag=init_neg
[T2gate] t=12.8920 tri=54 rej=0 xrej=0 init_replace=4 gate=0
[T2slv] t=12.8920 phase=1 init_cost=95.8362 final_cost=93.0568 iters=5 term=0 slv_ms=7.9
[T2diag] t=12.8920 P=[-0.0322 0.0055 0.0013] V=[-0.0011 0.0130 0.0002] |Bas|=0.009023 |Bgs|=0.0007421 Bas=[0.008897 0.000546 -0.001397] Bgs=[0.0006097 -0.0001856 0.0003803] tic0=[0.1200 0.0500 -0.0200] tic1=[0.1200 -0.0500 -0.0200] td=0.00000 track=138
[E2uls] flag=1 sh_t=12.920 new_t=12.920 dP=[-0.0017 0.0021 0.0003] |dP|=0.0027 first_dt=-1.0000
time: 12.892000, t: -0.032185 0.005499 0.001288 q: 0.999998 -0.001794 -0.000604 0.000612 
[T2xcross] t=12.9920 id=480 est=5.0000 svd=4.7220 rel=0.0556 track=2 sf=9
[T2depth] t=12.9920 id=505 src=motion2 u=305.2 v=17.7 depth=5.0000 depth2=-1.0000 track=2 sf=9 flag=init_neg
[T2depth] t=12.9920 id=506 src=motion2 u=165.7 v=113.9 depth=5.0000 depth2=-1.0000 track=2 sf=9 flag=init_neg
[T2depth] t=12.9920 id=507 src=motion2 u=444.0 v=123.2 depth=5.0000 depth2=-1.0000 track=2 sf=9 flag=init_neg
[T2depth] t=12.9920 id=509 src=motion2 u=69.2 v=205.6 depth=0.9430 depth2=-1.0000 track=2 sf=9 flag=ok
[T2xcross] t=12.9920 id=510 est=3.5180 svd=2.1553 rel=0.3874 track=2 sf=9
[T2xcross] t=12.9920 id=511 est=5.0000 svd=0.0518 rel=0.9896 track=2 sf=9
[T2depth] t=12.9920 id=513 src=motion2 u=361.0 v=123.0 depth=0.1691 depth2=-1.0000 track=2 sf=9 flag=ok
[T2depth] t=12.9920 id=514 src=motion2 u=2.0 v=265.0 depth=5.0000 depth2=-1.0000 track=2 sf=9 flag=init_neg
[T2depth] t=12.9920 id=516 src=motion2 u=35.0 v=68.0 depth=0.5287 depth2=-1.0000 track=2 sf=9 flag=ok
[T2depth] t=12.9920 id=517 src=stereo u=288.1 v=175.6 depth=5.0000 depth2=-1.0000 track=1 sf=10 flag=init_neg
[T2gate] t=12.9920 tri=52 rej=0 xrej=0 init_replace=5 gate=0
[T2slv] t=12.9920 phase=1 init_cost=85.4411 final_cost=81.9579 iters=5 term=0 slv_ms=19.2
[T2diag] t=12.9920 P=[-0.0290 0.0032 0.0007] V=[0.0036 0.0105 0.0006] |Bas|=0.010404 |Bgs|=0.0007825 Bas=[0.010339 0.000662 -0.000959] Bgs=[0.0006077 -0.0003015 0.0003900] tic0=[0.1200 0.0500 -0.0200] tic1=[0.1200 -0.0500 -0.0200] td=0.00000 track=140
[E2uls] flag=1 sh_t=13.032 new_t=13.032 dP=[-0.0036 0.0045 0.0008] |dP|=0.0058 first_dt=-1.0000
time: 12.992000, t: -0.028952 0.003209 0.000732 q: 0.999998 -0.001759 -0.000542 0.000715 
[T2xcross] t=13.0920 id=497 est=5.0000 svd=0.0839 rel=0.9832 track=2 sf=9
[T2depth] t=13.0920 id=71 src=motion2 u=477.6 v=475.0 depth=5.0000 depth2=-1.0000 track=2 sf=9 flag=init_neg
[T2depth] t=13.0920 id=84 src=motion2 u=634.9 v=293.1 depth=5.0000 depth2=-1.0000 track=2 sf=9 flag=init_neg
[T2depth] t=13.0920 id=89 src=motion2 u=509.3 v=472.3 depth=5.0000 depth2=-1.0000 track=2 sf=9 flag=init_neg
[T2depth] t=13.0920 id=187 src=motion2 u=444.0 v=74.5 depth=5.0000 depth2=-1.0000 track=2 sf=9 flag=init_neg
[T2depth] t=13.0920 id=518 src=motion2 u=171.0 v=75.0 depth=0.3240 depth2=-1.0000 track=2 sf=9 flag=ok
[T2depth] t=13.0920 id=519 src=motion2 u=316.0 v=63.0 depth=5.0000 depth2=-1.0000 track=2 sf=9 flag=init_neg
[T2depth] t=13.0920 id=522 src=motion2 u=121.0 v=207.0 depth=5.0000 depth2=-1.0000 track=2 sf=9 flag=init_neg
[T2gate] t=13.0920 tri=49 rej=0 xrej=0 init_replace=6 gate=0
[T2slv] t=13.0920 phase=1 init_cost=83.6296 final_cost=81.3217 iters=4 term=0 slv_ms=6.7
[T2diag] t=13.0920 P=[-0.0297 0.0038 0.0007] V=[0.0021 0.0075 0.0048] |Bas|=0.011287 |Bgs|=0.0008336 Bas=[0.011248 0.000666 -0.000664] Bgs=[0.0005487 -0.0004139 0.0004718] tic0=[0.1200 0.0500 -0.0200] tic1=[0.1200 -0.0500 -0.0200] td=0.00000 track=143
[E2uls] flag=1 sh_t=13.144 new_t=13.144 dP=[0.0010 0.0011 0.0005] |dP|=0.0016 first_dt=-1.0000
time: 13.092000, t: -0.029678 0.003843 0.000733 q: 0.999998 -0.001754 -0.000558 0.000671 
[T2xcross] t=13.1920 id=518 est=0.3240 svd=0.1292 rel=0.6013 track=2 sf=9
[T2depth] t=13.1920 id=523 src=motion2 u=525.9 v=118.2 depth=5.0000 depth2=-1.0000 track=2 sf=9 flag=init_neg
[T2depth] t=13.1920 id=524 src=motion2 u=268.3 v=70.6 depth=0.1635 depth2=-1.0000 track=2 sf=9 flag=ok
[T2depth] t=13.1920 id=528 src=motion2 u=377.0 v=210.0 depth=0.2850 depth2=-1.0000 track=2 sf=9 flag=ok
[T2depth] t=13.1920 id=536 src=stereo u=586.0 v=110.0 depth=21.4657 depth2=-1.0000 track=1 sf=10 flag=ok
[T2gate] t=13.1920 tri=49 rej=0 xrej=0 init_replace=1 gate=0
[T2slv] t=13.1920 phase=1 init_cost=82.1414 final_cost=80.2207 iters=4 term=0 slv_ms=10.3
[T2diag] t=13.1920 P=[-0.0315 0.0054 0.0009] V=[0.0025 0.0107 0.0030] |Bas|=0.012216 |Bgs|=0.0009401 Bas=[0.012183 0.000656 -0.000613] Bgs=[0.0005396 -0.0004725 0.0006077] tic0=[0.1200 0.0500 -0.0200] tic1=[0.1200 -0.0500 -0.0200] td=0.00000 track=141
[E2uls] flag=1 sh_t=13.236 new_t=13.236 dP=[0.0024 -0.0001 0.0004] |dP|=0.0025 first_dt=-1.0000
time: 13.192000, t: -0.031471 0.005419 0.000856 q: 0.999998 -0.001607 -0.000510 0.000598 
[T2xcross] t=13.2920 id=507 est=5.0000 svd=1.0935 rel=0.7813 track=2 sf=9
[T2xcross] t=13.2920 id=519 est=5.0000 svd=0.1220 rel=0.9756 track=2 sf=9
[T2depth] t=13.2920 id=537 src=motion2 u=322.0 v=157.0 depth=0.1689 depth2=-1.0000 track=2 sf=9 flag=ok
[T2depth] t=13.2920 id=538 src=motion2 u=596.0 v=150.0 depth=5.0000 depth2=-1.0000 track=2 sf=9 flag=init_neg
[T2depth] t=13.2920 id=540 src=motion2 u=273.0 v=39.0 depth=5.0000 depth2=-1.0000 track=2 sf=9 flag=init_neg
[T2depth] t=13.2920 id=541 src=motion2 u=565.0 v=20.0 depth=5.0000 depth2=-1.0000 track=2 sf=9 flag=init_neg
[T2depth] t=13.2920 id=544 src=stereo u=419.2 v=159.5 depth=4.0521 depth2=-1.0000 track=1 sf=10 flag=ok
[T2depth] t=13.2920 id=546 src=stereo u=457.4 v=175.6 depth=3.8412 depth2=-1.0000 track=1 sf=10 flag=ok
[T2depth] t=13.2920 id=548 src=stereo u=241.0 v=163.0 depth=39.8031 depth2=-1.0000 track=1 sf=10 flag=ok
[T2gate] t=13.2920 tri=51 rej=0 xrej=0 init_replace=3 gate=0
[T2slv] t=13.2920 phase=1 init_cost=83.8443 final_cost=80.3826 iters=9 term=1 slv_ms=11.0
[T2diag] t=13.2920 P=[-0.0328 0.0060 0.0007] V=[0.0021 0.0141 0.0033] |Bas|=0.013622 |Bgs|=0.0009370 Bas=[0.013600 0.000680 -0.000383] Bgs=[0.0005660 -0.0004797 0.0005724] tic0=[0.1200 0.0500 -0.0200] tic1=[0.1200 -0.0500 -0.0200] td=0.00000 track=140
[E2uls] flag=1 sh_t=13.344 new_t=13.344 dP=[0.0020 0.0015 0.0008] |dP|=0.0027 first_dt=-1.0000
time: 13.292000, t: -0.032779 0.005991 0.000680 q: 0.999999 -0.001581 -0.000507 0.000406 
[T2depth] t=13.3920 id=91 src=motion2 u=455.1 v=383.2 depth=5.0000 depth2=-1.0000 track=2 sf=9 flag=init_neg
[T2depth] t=13.3920 id=543 src=motion2 u=51.5 v=138.6 depth=5.0000 depth2=-1.0000 track=2 sf=9 flag=init_neg
[T2xcross] t=13.3920 id=544 est=4.0521 svd=0.2167 rel=0.9465 track=2 sf=9
[T2depth] t=13.3920 id=551 src=motion2 u=563.0 v=101.0 depth=5.0000 depth2=-1.0000 track=2 sf=9 flag=init_neg
[T2depth] t=13.3920 id=556 src=stereo u=435.0 v=202.0 depth=3.6819 depth2=-1.0000 track=1 sf=10 flag=ok
[T2depth] t=13.3920 id=559 src=stereo u=535.0 v=52.0 depth=3.7029 depth2=-1.0000 track=1 sf=10 flag=ok
[T2gate] t=13.3920 tri=47 rej=0 xrej=0 init_replace=3 gate=0
[T2slv] t=13.3920 phase=1 init_cost=83.2355 final_cost=81.6056 iters=9 term=1 slv_ms=15.4
[T2diag] t=13.3920 P=[-0.0350 0.0067 0.0008] V=[0.0011 0.0164 0.0040] |Bas|=0.015633 |Bgs|=0.0009209 Bas=[0.015606 0.000743 -0.000548] Bgs=[0.0005511 -0.0004436 0.0005896] tic0=[0.1200 0.0500 -0.0200] tic1=[0.1200 -0.0500 -0.0200] td=0.00000 track=143
[E2uls] flag=1 sh_t=13.428 new_t=13.428 dP=[0.0029 0.0017 0.0003] |dP|=0.0034 first_dt=-1.0000
time: 13.392000, t: -0.035050 0.006665 0.000841 q: 0.999999 -0.001515 -0.000341 0.000567 
[T2xcross] t=13.4920 id=451 est=0.3927 svd=2.5665 rel=0.8470 track=2 sf=9
[T2xcross] t=13.4920 id=524 est=0.1635 svd=0.0103 rel=0.9371 track=2 sf=9
[T2xcross] t=13.4920 id=546 est=3.8412 svd=3.0239 rel=0.2128 track=2 sf=9
[T2depth] t=13.4920 id=553 src=motion2 u=239.8 v=99.9 depth=0.1039 depth2=-1.0000 track=2 sf=9 flag=ok
[T2depth] t=13.4920 id=555 src=motion2 u=63.4 v=68.0 depth=5.0000 depth2=-1.0000 track=2 sf=9 flag=init_neg
[T2depth] t=13.4920 id=565 src=stereo u=418.0 v=11.0 depth=3.3941 depth2=-1.0000 track=1 sf=10 flag=ok
[T2depth] t=13.4920 id=566 src=stereo u=79.0 v=127.0 depth=5.0000 depth2=-1.0000 track=1 sf=10 flag=init_neg
[T2depth] t=13.4920 id=572 src=stereo u=362.0 v=205.0 depth=4.1873 depth2=-1.0000 track=1 sf=10 flag=ok
[T2gate] t=13.4920 tri=49 rej=0 xrej=0 init_replace=2 gate=0
[T2slv] t=13.4920 phase=1 init_cost=86.2674 final_cost=83.229 iters=9 term=1 slv_ms=8.5
[T2diag] t=13.4920 P=[-0.0387 0.0079 0.0012] V=[-0.0015 0.0192 0.0063] |Bas|=0.017684 |Bgs|=0.0009093 Bas=[0.017650 0.000804 -0.000739] Bgs=[0.0005660 -0.0003091 0.0006410] tic0=[0.1200 0.0500 -0.0200] tic1=[0.1200 -0.0500 -0.0200] td=0.00000 track=139
[E2uls] flag=1 sh_t=13.524 new_t=13.524 dP=[0.0041 0.0009 0.0003] |dP|=0.0042 first_dt=-1.0000
time: 13.492000, t: -0.038685 0.007946 0.001179 q: 0.999999 -0.001604 -0.000125 0.000551 
[T2xcross] t=13.5960 id=556 est=3.6819 svd=3.6466 rel=0.0096 track=2 sf=9
[T2depth] t=13.5960 id=562 src=motion2 u=593.8 v=86.5 depth=5.0000 depth2=-1.0000 track=2 sf=9 flag=init_neg
[T2xcross] t=13.5960 id=565 est=3.3941 svd=0.5729 rel=0.8312 track=2 sf=9
[T2depth] t=13.5960 id=567 src=motion2 u=520.0 v=11.0 depth=0.2015 depth2=-1.0000 track=2 sf=9 flag=ok
[T2depth] t=13.5960 id=568 src=motion2 u=545.0 v=154.0 depth=0.4206 depth2=-1.0000 track=2 sf=9 flag=ok
[T2depth] t=13.5960 id=570 src=motion2 u=202.0 v=113.0 depth=0.1321 depth2=-1.0000 track=2 sf=9 flag=ok
[T2depth] t=13.5960 id=573 src=motion2 u=209.0 v=7.0 depth=0.2442 depth2=-1.0000 track=2 sf=9 flag=ok
[T2depth] t=13.5960 id=581 src=stereo u=146.0 v=80.0 depth=38.7904 depth2=-1.0000 track=1 sf=10 flag=ok
[T2gate] t=13.5960 tri=47 rej=0 xrej=0 init_replace=1 gate=0
[T2slv] t=13.5960 phase=1 init_cost=97.1168 final_cost=90.0576 iters=9 term=1 slv_ms=10.9
[T2diag] t=13.5960 P=[-0.0385 0.0073 0.0013] V=[-0.0013 0.0172 0.0066] |Bas|=0.019805 |Bgs|=0.0008187 Bas=[0.019782 0.000812 -0.000496] Bgs=[0.0005498 -0.0001510 0.0005875] tic0=[0.1200 0.0500 -0.0200] tic1=[0.1200 -0.0500 -0.0200] td=0.00000 track=144
[E2uls] flag=1 sh_t=13.652 new_t=13.652 dP=[0.0001 0.0041 0.0011] |dP|=0.0042 first_dt=-1.0000
time: 13.596000, t: -0.038451 0.007279 0.001278 q: 0.999999 -0.001546 0.000010 0.000460 
[T2xcross] t=13.6960 id=87 est=6.8406 svd=0.6602 rel=0.9035 track=2 sf=9
[T2xcross] t=13.6960 id=559 est=3.7029 svd=0.1694 rel=0.9543 track=2 sf=9
[T2xcross] t=13.6960 id=570 est=0.1321 svd=0.0833 rel=0.3694 track=2 sf=9
[T2depth] t=13.6960 id=577 src=motion2 u=223.6 v=78.0 depth=1.0003 depth2=-1.0000 track=2 sf=9 flag=ok
[T2depth] t=13.6960 id=582 src=motion2 u=173.0 v=35.0 depth=5.0000 depth2=-1.0000 track=2 sf=9 flag=init_neg
[T2depth] t=13.6960 id=583 src=stereo u=336.6 v=126.3 depth=37.1280 depth2=-1.0000 track=1 sf=10 flag=ok
[T2depth] t=13.6960 id=584 src=stereo u=576.8 v=169.2 depth=5.0000 depth2=-1.0000 track=1 sf=10 flag=init_neg
[T2gate] t=13.6960 tri=49 rej=0 xrej=0 init_replace=2 gate=0
[T2slv] t=13.6960 phase=1 init_cost=92.0664 final_cost=89.9765 iters=9 term=1 slv_ms=9.2
[T2diag] t=13.6960 P=[-0.0390 0.0069 0.0014] V=[0.0002 0.0153 0.0067] |Bas|=0.021630 |Bgs|=0.0008002 Bas=[0.021607 0.000893 -0.000457] Bgs=[0.0005675 -0.0000506 0.0005618] tic0=[0.1200 0.0500 -0.0200] tic1=[0.1200 -0.0500 -0.0200] td=0.00000 track=139
[E2uls] flag=1 sh_t=13.744 new_t=13.744 dP=[0.0008 0.0027 0.0008] |dP|=0.0030 first_dt=-1.0000
time: 13.696000, t: -0.039002 0.006866 0.001409 q: 0.999998 -0.001673 0.000215 0.000593 
[T2xcross] t=13.7920 id=115 est=4.6175 svd=5.6821 rel=0.1874 track=11 sf=0
[T2xcross] t=13.7920 id=169 est=1.1510 svd=1.2922 rel=0.1092 track=11 sf=0
[T2depth] t=13.7920 id=93 src=motion2 u=543.1 v=472.3 depth=19.1860 depth2=-1.0000 track=2 sf=9 flag=ok
[T2xcross] t=13.7920 id=583 est=37.1280 svd=0.9358 rel=0.9748 track=2 sf=9
[T2xcross] t=13.7920 id=584 est=5.0000 svd=1.0294 rel=0.7941 track=2 sf=9
[T2depth] t=13.7920 id=588 src=motion2 u=576.9 v=59.3 depth=5.0000 depth2=-1.0000 track=2 sf=9 flag=init_neg
[T2depth] t=13.7920 id=590 src=motion2 u=215.0 v=204.0 depth=5.0000 depth2=-1.0000 track=2 sf=9 flag=init_neg
[T2depth] t=13.7920 id=591 src=motion2 u=624.0 v=189.0 depth=5.0000 depth2=-1.0000 track=2 sf=9 flag=init_neg
[T2depth] t=13.7920 id=592 src=motion2 u=90.0 v=31.0 depth=0.1489 depth2=-1.0000 track=2 sf=9 flag=ok
[T2depth] t=13.7920 id=593 src=motion2 u=22.0 v=169.0 depth=5.0000 depth2=-1.0000 track=2 sf=9 flag=init_neg
[T2depth] t=13.7920 id=596 src=stereo u=218.2 v=157.4 depth=5.0000 depth2=-1.0000 track=1 sf=10 flag=init_neg
[T2depth] t=13.7920 id=598 src=stereo u=398.7 v=74.8 depth=4.1597 depth2=-1.0000 track=1 sf=10 flag=ok
[T2depth] t=13.7920 id=606 src=stereo u=48.0 v=112.0 depth=41.9284 depth2=-1.0000 track=1 sf=10 flag=ok
[T2depth] t=13.7920 id=608 src=stereo u=175.0 v=104.0 depth=32.2961 depth2=-1.0000 track=1 sf=10 flag=ok
[T2gate] t=13.7920 tri=53 rej=0 xrej=0 init_replace=5 gate=0
[T2slv] t=13.7920 phase=1 init_cost=148.466 final_cost=108.943 iters=7 term=0 slv_ms=16.9
[T2diag] t=13.7920 P=[-0.0354 0.0055 0.0009] V=[0.0040 0.0076 0.0036] |Bas|=0.024443 |Bgs|=0.0006721 Bas=[0.024440 -0.000087 0.000352] Bgs=[0.0003944 0.0000106 0.0005441] tic0=[0.1200 0.0500 -0.0200] tic1=[0.1200 -0.0500 -0.0200] td=0.00000 track=136
[E2uls] flag=1 sh_t=13.836 new_t=13.836 dP=[-0.0034 0.0038 0.0015] |dP|=0.0053 first_dt=-1.0000
time: 13.792000, t: -0.035375 0.005462 0.000860 q: 0.999999 -0.001565 0.000145 0.000591 
[T2depth] t=13.8920 id=47 src=motion2 u=511.2 v=438.4 depth=5.0000 depth2=-1.0000 track=2 sf=9 flag=init_neg
[T2depth] t=13.8920 id=66 src=motion2 u=557.6 v=430.3 depth=5.0000 depth2=-1.0000 track=2 sf=9 flag=init_neg
[T2depth] t=13.8920 id=83 src=motion2 u=474.7 v=409.4 depth=5.0000 depth2=-1.0000 track=2 sf=9 flag=init_neg
[T2depth] t=13.8920 id=595 src=motion2 u=363.9 v=87.5 depth=0.1226 depth2=-1.0000 track=2 sf=9 flag=ok
[T2depth] t=13.8920 id=601 src=motion2 u=293.8 v=16.7 depth=5.0000 depth2=-1.0000 track=2 sf=9 flag=init_neg
[T2depth] t=13.8920 id=603 src=motion2 u=447.0 v=65.0 depth=5.0000 depth2=-1.0000 track=2 sf=9 flag=init_neg
[T2depth] t=13.8920 id=604 src=motion2 u=73.0 v=82.0 depth=5.0000 depth2=-1.0000 track=2 sf=9 flag=init_neg
[T2depth] t=13.8920 id=607 src=motion2 u=23.0 v=48.0 depth=5.0000 depth2=-1.0000 track=2 sf=9 flag=init_neg
[T2depth] t=13.8920 id=615 src=stereo u=353.0 v=149.0 depth=4.3511 depth2=-1.0000 track=1 sf=10 flag=ok
[T2depth] t=13.8920 id=618 src=stereo u=630.0 v=249.0 depth=1.6358 depth2=-1.0000 track=1 sf=10 flag=ok
[T2gate] t=13.8920 tri=56 rej=0 xrej=0 init_replace=7 gate=0
[T2slv] t=13.8920 phase=1 init_cost=109.726 final_cost=106.864 iters=9 term=1 slv_ms=9.8
[T2diag] t=13.8920 P=[-0.0391 0.0080 0.0015] V=[0.0020 0.0033 0.0018] |Bas|=0.025713 |Bgs|=0.0007976 Bas=[0.025692 -0.000857 0.000559] Bgs=[0.0003650 -0.0001002 0.0007021] tic0=[0.1200 0.0500 -0.0200] tic1=[0.1200 -0.0500 -0.0200] td=0.00000 track=134
[E2uls] flag=1 sh_t=13.960 new_t=13.960 dP=[0.0049 -0.0011 -0.0002] |dP|=0.0050 first_dt=-1.0000
time: 13.892000, t: -0.039083 0.007991 0.001523 q: 0.999999 -0.001561 0.000263 0.000616 
[T2depth] t=13.9920 id=105 src=motion2 u=158.7 v=265.1 depth=0.3435 depth2=-1.0000 track=2 sf=9 flag=ok
[T2depth] t=13.9920 id=157 src=motion2 u=135.6 v=478.3 depth=1.4689 depth2=-1.0000 track=2 sf=9 flag=ok
[T2depth] t=13.9920 id=164 src=motion2 u=264.9 v=268.0 depth=1.4237 depth2=-1.0000 track=2 sf=9 flag=ok
[T2depth] t=13.9920 id=234 src=motion2 u=29.3 v=320.2 depth=1.1473 depth2=-1.0000 track=2 sf=9 flag=ok
[T2depth] t=13.9920 id=609 src=motion2 u=155.4 v=217.8 depth=5.0000 depth2=-1.0000 track=2 sf=9 flag=init_neg
[T2depth] t=13.9920 id=611 src=motion2 u=605.2 v=101.4 depth=5.0000 depth2=-1.0000 track=2 sf=9 flag=init_neg
[T2depth] t=13.9920 id=619 src=motion2 u=146.0 v=178.0 depth=0.0308 depth2=-1.0000 track=2 sf=9 flag=ok
[T2depth] t=13.9920 id=620 src=motion2 u=410.0 v=138.0 depth=5.0000 depth2=-1.0000 track=2 sf=9 flag=init_neg
[T2depth] t=13.9920 id=632 src=stereo u=322.0 v=102.0 depth=39.6502 depth2=-1.0000 track=1 sf=10 flag=ok
[T2depth] t=13.9920 id=633 src=stereo u=516.0 v=76.0 depth=4.1928 depth2=-1.0000 track=1 sf=10 flag=ok
[T2depth] t=13.9920 id=634 src=stereo u=359.0 v=177.0 depth=4.0034 depth2=-1.0000 track=1 sf=10 flag=ok
[T2gate] t=13.9920 tri=59 rej=0 xrej=0 init_replace=3 gate=0
[T2slv] t=13.9920 phase=1 init_cost=399.038 final_cost=302.906 iters=9 term=1 slv_ms=17.6
[T2diag] t=13.9920 P=[-0.0394 0.0067 0.0002] V=[-0.0065 0.0019 -0.0038] |Bas|=0.029101 |Bgs|=0.0008311 Bas=[0.028598 -0.005097 0.001751] Bgs=[0.0002241 0.0000264 0.0007999] tic0=[0.1200 0.0500 -0.0200] tic1=[0.1200 -0.0500 -0.0200] td=0.00000 track=133
[E2uls] flag=1 sh_t=14.044 new_t=14.044 dP=[0.0010 0.0022 0.0018] |dP|=0.0030 first_dt=-1.0000
time: 13.992000, t: -0.039433 0.006681 0.000206 q: 0.999999 -0.001193 0.000197 0.000398 
[T2depth] t=14.0920 id=20 src=motion2 u=454.9 v=346.2 depth=5.0000 depth2=-1.0000 track=2 sf=9 flag=init_neg
[T2depth] t=14.0920 id=22 src=motion2 u=505.3 v=361.2 depth=5.0000 depth2=-1.0000 track=2 sf=9 flag=init_neg
[T2depth] t=14.0920 id=45 src=motion2 u=614.4 v=451.4 depth=5.0000 depth2=-1.0000 track=2 sf=9 flag=init_neg
[T2depth] t=14.0920 id=56 src=motion2 u=580.2 v=454.0 depth=5.0000 depth2=-1.0000 track=2 sf=9 flag=init_neg
[T2depth] t=14.0920 id=63 src=motion2 u=454.3 v=294.1 depth=5.0000 depth2=-1.0000 track=2 sf=9 flag=init_neg
[T2depth] t=14.0920 id=219 src=motion2 u=500.1 v=392.2 depth=5.0000 depth2=-1.0000 track=2 sf=9 flag=init_neg
[T2depth] t=14.0920 id=622 src=motion2 u=80.3 v=199.7 depth=5.0000 depth2=-1.0000 track=2 sf=9 flag=init_neg
[T2depth] t=14.0920 id=629 src=motion2 u=271.0 v=131.0 depth=5.0000 depth2=-1.0000 track=2 sf=9 flag=init_neg
[T2depth] t=14.0920 id=631 src=motion2 u=49.0 v=136.0 depth=5.0000 depth2=-1.0000 track=2 sf=9 flag=init_neg
[T2xcross] t=14.0920 id=632 est=39.6502 svd=0.0853 rel=0.9978 track=2 sf=9
[T2depth] t=14.0920 id=12 src=stereo u=203.0 v=388.3 depth=5.0000 depth2=-1.0000 track=1 sf=10 flag=init_neg
[T2depth] t=14.0920 id=24 src=stereo u=299.6 v=395.3 depth=5.0000 depth2=-1.0000 track=1 sf=10 flag=init_neg
[T2depth] t=14.0920 id=161 src=stereo u=468.7 v=442.1 depth=0.9853 depth2=-1.0000 track=1 sf=10 flag=ok
[T2depth] t=14.0920 id=637 src=stereo u=493.7 v=121.2 depth=3.8291 depth2=-1.0000 track=1 sf=10 flag=ok
[T2depth] t=14.0920 id=638 src=stereo u=183.0 v=23.0 depth=5.0000 depth2=-1.0000 track=1 sf=10 flag=init_neg
[T2depth] t=14.0920 id=639 src=stereo u=511.0 v=70.0 depth=3.5376 depth2=-1.0000 track=1 sf=10 flag=ok
[T2depth] t=14.0920 id=642 src=stereo u=515.0 v=161.0 depth=3.9869 depth2=-1.0000 track=1 sf=10 flag=ok
[T2gate] t=14.0920 tri=117 rej=0 xrej=0 init_replace=12 gate=0
[T2slv] t=14.0920 phase=1 init_cost=140.581 final_cost=135.912 iters=6 term=0 slv_ms=8.2
[T2diag] t=14.0920 P=[-0.0352 0.0041 0.0010] V=[0.0011 -0.0032 0.0008] |Bas|=0.033074 |Bgs|=0.0008248 Bas=[0.032276 -0.007165 0.000912] Bgs=[0.0003275 -0.0000263 0.0007565] tic0=[0.1200 0.0500 -0.0200] tic1=[0.1200 -0.0500 -0.0200] td=0.00000 track=75
[E2uls] flag=1 sh_t=14.124 new_t=14.124 dP=[-0.0054 0.0028 -0.0014] |dP|=0.0063 first_dt=-1.0000
time: 14.092000, t: -0.035193 0.004116 0.001042 q: 0.999999 -0.000949 0.000692 0.000586 
[T2xcross] t=14.1920 id=148 est=1.2945 svd=0.4299 rel=0.6679 track=6 sf=0
[T2xcross] t=14.1920 id=452 est=3.7938 svd=0.5357 rel=0.8588 track=5 sf=6
[T2xcross] t=14.1920 id=634 est=4.0034 svd=0.0157 rel=0.9961 track=3 sf=8
[T2depth] t=14.1920 id=1 src=motion2 u=191.0 v=340.2 depth=0.9291 depth2=-1.0000 track=2 sf=9 flag=ok
[T2depth] t=14.1920 id=2 src=motion2 u=224.0 v=347.2 depth=0.9387 depth2=-1.0000 track=2 sf=9 flag=ok
[T2depth] t=14.1920 id=4 src=motion2 u=385.8 v=387.2 depth=0.7229 depth2=-1.0000 track=2 sf=9 flag=ok
[T2depth] t=14.1920 id=5 src=motion2 u=316.9 v=357.2 depth=1.0403 depth2=-1.0000 track=2 sf=9 flag=ok
[T2depth] t=14.1920 id=6 src=motion2 u=257.0 v=334.2 depth=0.8384 depth2=-1.0000 track=2 sf=9 flag=ok
[T2depth] t=14.1920 id=7 src=motion2 u=4.1 v=374.3 depth=0.5982 depth2=-1.0000 track=2 sf=9 flag=ok
[T2depth] t=14.1920 id=8 src=motion2 u=159.0 v=342.2 depth=0.9558 depth2=-1.0000 track=2 sf=9 flag=ok
[T2depth] t=14.1920 id=9 src=motion2 u=116.0 v=360.3 depth=0.7841 depth2=-1.0000 track=2 sf=9 flag=ok
[T2depth] t=14.1920 id=10 src=motion2 u=352.1 v=346.2 depth=0.8974 depth2=-1.0000 track=2 sf=9 flag=ok
[T2depth] t=14.1920 id=11 src=motion2 u=398.8 v=342.1 depth=0.9460 depth2=-1.0000 track=2 sf=9 flag=ok
[T2xcross] t=14.1920 id=12 est=5.0000 svd=0.7261 rel=0.8548 track=2 sf=9
[T2depth] t=14.1920 id=13 src=motion2 u=283.4 v=370.3 depth=0.8472 depth2=-1.0000 track=2 sf=9 flag=ok
[T2depth] t=14.1920 id=16 src=motion2 u=50.8 v=411.4 depth=0.5440 depth2=-1.0000 track=2 sf=9 flag=ok
[T2depth] t=14.1920 id=17 src=motion2 u=142.1 v=394.3 depth=0.6956 depth2=-1.0000 track=2 sf=9 flag=ok
[T2depth] t=14.1920 id=18 src=motion2 u=88.2 v=386.3 depth=0.6788 depth2=-1.0000 track=2 sf=9 flag=ok
[T2depth] t=14.1920 id=21 src=motion2 u=44.2 v=348.3 depth=0.7190 depth2=-1.0000 track=2 sf=9 flag=ok
[T2xcross] t=14.1920 id=24 est=5.0000 svd=0.9073 rel=0.8185 track=2 sf=9
[T2depth] t=14.1920 id=28 src=motion2 u=197.2 v=446.3 depth=0.6897 depth2=-1.0000 track=2 sf=9 flag=ok
[T2depth] t=14.1920 id=29 src=motion2 u=120.0 v=420.4 depth=0.9214 depth2=-1.0000 track=2 sf=9 flag=ok
[T2depth] t=14.1920 id=30 src=motion2 u=6.0 v=342.3 depth=0.5467 depth2=-1.0000 track=2 sf=9 flag=ok
[T2depth] t=14.1920 id=32 src=motion2 u=350.0 v=390.2 depth=0.7612 depth2=-1.0000 track=2 sf=9 flag=ok
[T2depth] t=14.1920 id=33 src=motion2 u=267.4 v=403.3 depth=0.7948 depth2=-1.0000 track=2 sf=9 flag=ok
[T2depth] t=14.1920 id=34 src=motion2 u=327.1 v=412.2 depth=0.6622 depth2=-1.0000 track=2 sf=9 flag=ok
[T2depth] t=14.1920 id=35 src=motion2 u=71.1 v=435.3 depth=0.9087 depth2=-1.0000 track=2 sf=9 flag=ok
[T2depth] t=14.1920 id=36 src=motion2 u=90.1 v=320.2 depth=0.7807 depth2=-1.0000 track=2 sf=9 flag=ok
[T2depth] t=14.1920 id=37 src=motion2 u=225.4 v=468.3 depth=0.7839 depth2=-1.0000 track=2 sf=9 flag=ok
[T2depth] t=14.1920 id=41 src=motion2 u=262.9 v=450.4 depth=0.6612 depth2=-1.0000 track=2 sf=9 flag=ok
[T2depth] t=14.1920 id=42 src=motion2 u=317.8 v=310.1 depth=0.8892 depth2=-1.0000 track=2 sf=9 flag=ok
[T2depth] t=14.1920 id=43 src=motion2 u=237.0 v=378.2 depth=0.7556 depth2=-1.0000 track=2 sf=9 flag=ok
[T2depth] t=14.1920 id=44 src=motion2 u=60.1 v=310.2 depth=0.7436 depth2=-1.0000 track=2 sf=9 flag=ok
[T2depth] t=14.1920 id=46 src=motion2 u=74.0 v=353.3 depth=0.6555 depth2=-1.0000 track=2 sf=9 flag=ok
[T2depth] t=14.1920 id=48 src=motion2 u=163.4 v=463.8 depth=0.7349 depth2=-1.0000 track=2 sf=9 flag=ok
[T2depth] t=14.1920 id=50 src=motion2 u=287.5 v=333.2 depth=0.7182 depth2=-1.0000 track=2 sf=9 flag=ok
[T2depth] t=14.1920 id=52 src=motion2 u=218.1 v=292.1 depth=0.8425 depth2=-1.0000 track=2 sf=9 flag=ok
[T2depth] t=14.1920 id=53 src=motion2 u=12.1 v=423.3 depth=0.6316 depth2=-1.0000 track=2 sf=9 flag=ok
[T2depth] t=14.1920 id=57 src=motion2 u=378.0 v=315.1 depth=0.9927 depth2=-1.0000 track=2 sf=9 flag=ok
[T2depth] t=14.1920 id=58 src=motion2 u=40.5 v=455.3 depth=0.7592 depth2=-1.0000 track=2 sf=9 flag=ok
[T2depth] t=14.1920 id=59 src=motion2 u=143.0 v=313.2 depth=0.7086 depth2=-1.0000 track=2 sf=9 flag=ok
[T2depth] t=14.1920 id=60 src=motion2 u=225.3 v=430.3 depth=0.7883 depth2=-1.0000 track=2 sf=9 flag=ok
[T2depth] t=14.1920 id=62 src=motion2 u=116.1 v=286.2 depth=0.9293 depth2=-1.0000 track=2 sf=9 flag=ok
[T2depth] t=14.1920 id=65 src=motion2 u=176.9 v=410.4 depth=0.9053 depth2=-1.0000 track=2 sf=9 flag=ok
[T2depth] t=14.1920 id=67 src=motion2 u=257.1 v=299.1 depth=1.1443 depth2=-1.0000 track=2 sf=9 flag=ok
[T2depth] t=14.1920 id=68 src=motion2 u=41.9 v=380.4 depth=0.6339 depth2=-1.0000 track=2 sf=9 flag=ok
[T2depth] t=14.1920 id=69 src=motion2 u=174.0 v=307.2 depth=1.4242 depth2=-1.0000 track=2 sf=9 flag=ok
[T2depth] t=14.1920 id=70 src=motion2 u=87.7 v=463.5 depth=0.6565 depth2=-1.0000 track=2 sf=9 flag=ok
[T2depth] t=14.1920 id=72 src=motion2 u=353.9 v=291.1 depth=1.2780 depth2=-1.0000 track=2 sf=9 flag=ok
[T2depth] t=14.1920 id=74 src=motion2 u=433.0 v=324.1 depth=1.0383 depth2=-1.0000 track=2 sf=9 flag=ok
[T2depth] t=14.1920 id=75 src=motion2 u=294.8 v=290.1 depth=1.2216 depth2=-1.0000 track=2 sf=9 flag=ok
[T2depth] t=14.1920 id=76 src=motion2 u=174.3 v=377.3 depth=0.6790 depth2=-1.0000 track=2 sf=9 flag=ok
[T2depth] t=14.1920 id=78 src=motion2 u=332.8 v=443.6 depth=1.0348 depth2=-1.0000 track=2 sf=9 flag=ok
[T2depth] t=14.1920 id=79 src=motion2 u=121.4 v=450.3 depth=0.7811 depth2=-1.0000 track=2 sf=9 flag=ok
[T2depth] t=14.1920 id=81 src=motion2 u=418.9 v=381.2 depth=0.9733 depth2=-1.0000 track=2 sf=9 flag=ok
[T2depth] t=14.1920 id=82 src=motion2 u=152.4 v=429.3 depth=0.8000 depth2=-1.0000 track=2 sf=9 flag=ok
[T2depth] t=14.1920 id=85 src=motion2 u=283.4 v=476.2 depth=0.7171 depth2=-1.0000 track=2 sf=9 flag=ok
[T2depth] t=14.1920 id=86 src=motion2 u=18.4 v=292.2 depth=0.6791 depth2=-1.0000 track=2 sf=9 flag=ok
[T2depth] t=14.1920 id=92 src=motion2 u=357.0 v=420.3 depth=1.0949 depth2=-1.0000 track=2 sf=9 flag=ok
[T2depth] t=14.1920 id=95 src=motion2 u=299.0 v=431.2 depth=0.6216 depth2=-1.0000 track=2 sf=9 flag=ok
[T2depth] t=14.1920 id=96 src=motion2 u=359.1 v=465.4 depth=0.6929 depth2=-1.0000 track=2 sf=9 flag=ok
[T2depth] t=14.1920 id=97 src=motion2 u=7.8 v=453.5 depth=0.6593 depth2=-1.0000 track=2 sf=9 flag=ok
[T2depth] t=14.1920 id=119 src=motion2 u=62.0 v=276.2 depth=0.2627 depth2=-1.0000 track=2 sf=9 flag=ok
[T2depth] t=14.1920 id=125 src=motion2 u=185.5 v=244.0 depth=0.4605 depth2=-1.0000 track=2 sf=9 flag=ok
[T2depth] t=14.1920 id=138 src=motion2 u=191.9 v=478.4 depth=1.2626 depth2=-1.0000 track=2 sf=9 flag=ok
[T2xcross] t=14.1920 id=161 est=0.9853 svd=0.8483 rel=0.1390 track=2 sf=9
[T2depth] t=14.1920 id=174 src=motion2 u=313.0 v=468.3 depth=0.7789 depth2=-1.0000 track=2 sf=9 flag=ok
[T2depth] t=14.1920 id=454 src=motion2 u=232.5 v=246.0 depth=0.5828 depth2=-1.0000 track=2 sf=9 flag=ok
[T2depth] t=14.1920 id=464 src=motion2 u=330.9 v=251.0 depth=0.2901 depth2=-1.0000 track=2 sf=9 flag=ok
[T2depth] t=14.1920 id=476 src=motion2 u=190.0 v=279.0 depth=1.4260 depth2=-1.0000 track=2 sf=9 flag=ok
[T2depth] t=14.1920 id=514 src=motion2 u=1.4 v=265.1 depth=0.1748 depth2=-1.0000 track=2 sf=9 flag=ok
[T2xcross] t=14.1920 id=637 est=3.8291 svd=0.0474 rel=0.9876 track=2 sf=9
[T2xcross] t=14.1920 id=638 est=5.0000 svd=0.0371 rel=0.9926 track=2 sf=9
[T2depth] t=14.1920 id=640 src=motion2 u=16.0 v=196.0 depth=0.0513 depth2=-1.0000 track=2 sf=9 flag=ok
[T2depth] t=14.1920 id=641 src=motion2 u=301.0 v=66.0 depth=0.0822 depth2=-1.0000 track=2 sf=9 flag=ok
[T2xcross] t=14.1920 id=642 est=3.9869 svd=0.0272 rel=0.9932 track=2 sf=9
[T2depth] t=14.1920 id=643 src=stereo u=609.6 v=83.9 depth=37.8380 depth2=-1.0000 track=1 sf=10 flag=ok
[T2depth] t=14.1920 id=648 src=stereo u=498.0 v=200.0 depth=3.7355 depth2=-1.0000 track=1 sf=10 flag=ok
[T2gate] t=14.1920 tri=103 rej=0 xrej=0 init_replace=0 gate=0
[T2slv] t=14.1920 phase=1 init_cost=674.488 final_cost=188.443 iters=9 term=1 slv_ms=8.8
[T2diag] t=14.1920 P=[-0.0343 0.0048 0.0011] V=[-0.0012 -0.0009 0.0018] |Bas|=0.033652 |Bgs|=0.0009056 Bas=[0.032779 -0.007594 0.000614] Bgs=[0.0002931 0.0000039 0.0008569] tic0=[0.1200 0.0500 -0.0200] tic1=[0.1200 -0.0500 -0.0200] td=0.00000 track=143
[E2uls] flag=1 sh_t=14.260 new_t=14.260 dP=[-0.0006 -0.0014 -0.0002] |dP|=0.0015 first_dt=-1.0000
time: 14.192000, t: -0.034270 0.004807 0.001149 q: 0.999999 -0.000811 0.000671 0.000536 
[T2depth] t=14.2920 id=646 src=motion2 u=466.0 v=141.0 depth=5.0000 depth2=-1.0000 track=2 sf=9 flag=init_neg
[T2depth] t=14.2920 id=649 src=motion2 u=222.0 v=111.0 depth=0.0069 depth2=-1.0000 track=2 sf=9 flag=ok
[T2depth] t=14.2920 id=650 src=motion2 u=238.0 v=144.0 depth=5.0000 depth2=-1.0000 track=2 sf=9 flag=init_neg
[T2depth] t=14.2920 id=654 src=stereo u=515.0 v=119.0 depth=3.5711 depth2=-1.0000 track=1 sf=10 flag=ok
[T2depth] t=14.2920 id=656 src=stereo u=515.0 v=32.0 depth=3.4529 depth2=-1.0000 track=1 sf=10 flag=ok
[T2depth] t=14.2920 id=657 src=stereo u=608.0 v=177.0 depth=5.0000 depth2=-1.0000 track=1 sf=10 flag=init_neg
[T2depth] t=14.2920 id=662 src=stereo u=136.0 v=115.0 depth=5.0000 depth2=-1.0000 track=1 sf=10 flag=init_neg
[T2gate] t=14.2920 tri=56 rej=0 xrej=0 init_replace=4 gate=0
[T2slv] t=14.2920 phase=1 init_cost=139.752 final_cost=137.058 iters=9 term=1 slv_ms=14.0
[T2diag] t=14.2920 P=[-0.0341 0.0043 0.0011] V=[0.0021 -0.0002 -0.0009] |Bas|=0.035806 |Bgs|=0.0008636 Bas=[0.034574 -0.009269 0.000886] Bgs=[0.0002503 -0.0000285 0.0008260] tic0=[0.1200 0.0500 -0.0200] tic1=[0.1200 -0.0500 -0.0200] td=0.00000 track=127
[E2uls] flag=1 sh_t=14.344 new_t=14.344 dP=[0.0000 0.0006 0.0001] |dP|=0.0006 first_dt=-1.0000
time: 14.292000, t: -0.034077 0.004263 0.001062 q: 0.999999 -0.000834 0.000729 0.000565 
[T2depth] t=14.3960 id=15 src=motion2 u=554.9 v=356.1 depth=0.1381 depth2=-1.0000 track=2 sf=9 flag=ok
[T2depth] t=14.3960 id=19 src=motion2 u=559.3 v=387.2 depth=0.2363 depth2=-1.0000 track=2 sf=9 flag=ok
[T2depth] t=14.3960 id=40 src=motion2 u=610.1 v=410.2 depth=5.0000 depth2=-1.0000 track=2 sf=9 flag=init_neg
[T2depth] t=14.3960 id=54 src=motion2 u=525.1 v=411.2 depth=5.0000 depth2=-1.0000 track=2 sf=9 flag=init_neg
[T2depth] t=14.3960 id=84 src=motion2 u=635.0 v=293.1 depth=5.0000 depth2=-1.0000 track=2 sf=9 flag=init_neg
[T2depth] t=14.3960 id=94 src=motion2 u=638.0 v=426.2 depth=0.5326 depth2=-1.0000 track=2 sf=9 flag=ok
[T2depth] t=14.3960 id=154 src=motion2 u=580.0 v=409.2 depth=5.0000 depth2=-1.0000 track=2 sf=9 flag=init_neg
[T2depth] t=14.3960 id=155 src=motion2 u=627.8 v=478.2 depth=0.3874 depth2=-1.0000 track=2 sf=9 flag=ok
[T2depth] t=14.3960 id=156 src=motion2 u=638.1 v=395.2 depth=0.2659 depth2=-1.0000 track=2 sf=9 flag=ok
[T2depth] t=14.3960 id=603 src=motion2 u=447.0 v=71.9 depth=5.0000 depth2=-1.0000 track=2 sf=9 flag=init_neg
[T2depth] t=14.3960 id=604 src=motion2 u=73.2 v=78.6 depth=0.0512 depth2=-1.0000 track=2 sf=9 flag=ok
[T2depth] t=14.3960 id=655 src=motion2 u=46.0 v=48.0 depth=5.0000 depth2=-1.0000 track=2 sf=9 flag=init_neg
[T2xcross] t=14.3960 id=657 est=5.0000 svd=0.3388 rel=0.9322 track=2 sf=9
[T2depth] t=14.3960 id=659 src=motion2 u=540.0 v=56.0 depth=0.1114 depth2=-1.0000 track=2 sf=9 flag=ok
[T2depth] t=14.3960 id=660 src=motion2 u=538.0 v=153.0 depth=5.0000 depth2=-1.0000 track=2 sf=9 flag=init_neg
[T2depth] t=14.3960 id=661 src=motion2 u=564.0 v=104.0 depth=5.0000 depth2=-1.0000 track=2 sf=9 flag=init_neg
[T2xcross] t=14.3960 id=662 est=5.0000 svd=0.0827 rel=0.9835 track=2 sf=9
[T2depth] t=14.3960 id=664 src=motion2 u=429.0 v=150.0 depth=0.0396 depth2=-1.0000 track=2 sf=9 flag=ok
[T2depth] t=14.3960 id=667 src=stereo u=432.7 v=103.2 depth=4.2122 depth2=-1.0000 track=1 sf=10 flag=ok
[T2depth] t=14.3960 id=668 src=stereo u=298.0 v=104.0 depth=31.6471 depth2=-1.0000 track=1 sf=10 flag=ok
[T2depth] t=14.3960 id=669 src=stereo u=378.0 v=17.0 depth=4.2638 depth2=-1.0000 track=1 sf=10 flag=ok
[T2gate] t=14.3960 tri=50 rej=0 xrej=0 init_replace=8 gate=0
[T2slv] t=14.3960 phase=1 init_cost=1205.2 final_cost=184.127 iters=9 term=1 slv_ms=17.0
[T2diag] t=14.3960 P=[-0.0329 0.0046 0.0007] V=[0.0025 0.0008 -0.0017] |Bas|=0.027084 |Bgs|=0.0009319 Bas=[0.025677 -0.008590 0.000636] Bgs=[0.0002148 0.0000274 0.0009064] tic0=[0.1200 0.0500 -0.0200] tic1=[0.1200 -0.0500 -0.0200] td=0.00000 track=146
[E2uls] flag=1 sh_t=14.444 new_t=14.444 dP=[-0.0006 -0.0007 -0.0000] |dP|=0.0009 first_dt=-1.0000
time: 14.396000, t: -0.032863 0.004556 0.000691 q: 1.000000 -0.000728 0.000168 0.000259 
[T2xcross] t=14.4920 id=656 est=3.4529 svd=0.0449 rel=0.9870 track=2 sf=9
[T2xcross] t=14.4920 id=661 est=5.0000 svd=0.0086 rel=0.9983 track=2 sf=9
[T2xcross] t=14.4920 id=664 est=0.0396 svd=0.0370 rel=0.0657 track=2 sf=9
[T2depth] t=14.4920 id=670 src=stereo u=579.9 v=137.0 depth=5.0000 depth2=-1.0000 track=1 sf=10 flag=init_neg
[T2depth] t=14.4920 id=672 src=stereo u=250.7 v=73.1 depth=5.0000 depth2=-1.0000 track=1 sf=10 flag=init_neg
[T2depth] t=14.4920 id=673 src=stereo u=116.0 v=215.0 depth=16.3695 depth2=-1.0000 track=1 sf=10 flag=ok
[T2gate] t=14.4920 tri=44 rej=0 xrej=0 init_replace=2 gate=0
[T2slv] t=14.4920 phase=1 init_cost=142.936 final_cost=140.728 iters=9 term=1 slv_ms=11.2
[T2diag] t=14.4920 P=[-0.0320 0.0044 0.0008] V=[0.0019 -0.0007 -0.0030] |Bas|=0.023570 |Bgs|=0.0008676 Bas=[0.021908 -0.008675 0.000571] Bgs=[0.0002415 0.0000172 0.0008331] tic0=[0.1200 0.0500 -0.0200] tic1=[0.1200 -0.0500 -0.0200] td=0.00000 track=134
[E2uls] flag=1 sh_t=14.524 new_t=14.524 dP=[-0.0006 -0.0000 -0.0004] |dP|=0.0007 first_dt=-1.0000
time: 14.492000, t: -0.031999 0.004407 0.000777 q: 0.999999 -0.000921 0.000033 0.000473 
[T2xcross] t=14.5920 id=654 est=3.5711 svd=0.0276 rel=0.9923 track=2 sf=9
[T2depth] t=14.5920 id=105 src=motion2 u=158.3 v=265.2 depth=0.3989 depth2=-1.0000 track=2 sf=9 flag=ok
[T2depth] t=14.5920 id=128 src=motion2 u=527.2 v=249.9 depth=0.0782 depth2=-1.0000 track=2 sf=9 flag=ok
[T2depth] t=14.5920 id=157 src=motion2 u=135.6 v=478.3 depth=1.1496 depth2=-1.0000 track=2 sf=9 flag=ok
[T2depth] t=14.5920 id=164 src=motion2 u=264.6 v=268.1 depth=0.1922 depth2=-1.0000 track=2 sf=9 flag=ok
[T2depth] t=14.5920 id=234 src=motion2 u=29.3 v=320.2 depth=0.8383 depth2=-1.0000 track=2 sf=9 flag=ok
[T2depth] t=14.5920 id=619 src=motion2 u=141.8 v=181.9 depth=0.0271 depth2=-1.0000 track=2 sf=9 flag=ok
[T2xcross] t=14.5920 id=670 est=5.0000 svd=0.0302 rel=0.9940 track=2 sf=9
[T2depth] t=14.5920 id=671 src=motion2 u=387.0 v=142.2 depth=5.0000 depth2=-1.0000 track=2 sf=9 flag=init_neg
[T2depth] t=14.5920 id=674 src=motion2 u=190.0 v=86.0 depth=5.0000 depth2=-1.0000 track=2 sf=9 flag=init_neg
[T2depth] t=14.5920 id=676 src=motion2 u=204.0 v=117.0 depth=5.0000 depth2=-1.0000 track=2 sf=9 flag=init_neg
[T2depth] t=14.5920 id=683 src=stereo u=78.7 v=132.8 depth=5.0000 depth2=-1.0000 track=1 sf=10 flag=init_neg
[T2depth] t=14.5920 id=686 src=stereo u=12.0 v=122.0 depth=5.0000 depth2=-1.0000 track=1 sf=10 flag=init_neg
[T2depth] t=14.5920 id=688 src=stereo u=159.0 v=146.0 depth=5.0000 depth2=-1.0000 track=1 sf=10 flag=init_neg
[T2depth] t=14.5920 id=689 src=stereo u=239.0 v=82.0 depth=28.7484 depth2=-1.0000 track=1 sf=10 flag=ok
[T2gate] t=14.5920 tri=51 rej=0 xrej=0 init_replace=6 gate=0
[T2slv] t=14.5920 phase=1 init_cost=150.427 final_cost=148.61 iters=9 term=1 slv_ms=16.8
[T2diag] t=14.5920 P=[-0.0316 0.0042 0.0004] V=[0.0033 -0.0017 -0.0014] |Bas|=0.016054 |Bgs|=0.0008753 Bas=[0.013034 -0.009351 0.000649] Bgs=[0.0002085 -0.0000059 0.0008501] tic0=[0.1200 0.0500 -0.0200] tic1=[0.1200 -0.0500 -0.0200] td=0.00000 track=139
[E2uls] flag=1 sh_t=14.628 new_t=14.628 dP=[-0.0002 0.0002 0.0000] |dP|=0.0003 first_dt=-1.0000
time: 14.592000, t: -0.031555 0.004163 0.000391 q: 0.999999 -0.001010 -0.000523 0.000534 
[T2depth] t=14.7280 id=682 src=motion2 u=124.3 v=51.2 depth=5.0000 depth2=-1.0000 track=2 sf=9 flag=init_neg
[T2depth] t=14.7280 id=684 src=motion2 u=168.1 v=207.3 depth=5.0000 depth2=-1.0000 track=2 sf=9 flag=init_neg
[T2depth] t=14.7280 id=685 src=motion2 u=291.0 v=149.0 depth=0.1544 depth2=-1.0000 track=2 sf=9 flag=ok
[T2depth] t=14.7280 id=687 src=motion2 u=288.0 v=100.0 depth=5.0000 depth2=-1.0000 track=2 sf=9 flag=init_neg
[T2depth] t=14.7280 id=692 src=stereo u=398.8 v=198.2 depth=4.8315 depth2=-1.0000 track=1 sf=10 flag=ok
[T2depth] t=14.7280 id=696 src=stereo u=372.8 v=174.8 depth=4.3473 depth2=-1.0000 track=1 sf=10 flag=ok
[T2depth] t=14.7280 id=700 src=stereo u=419.0 v=55.0 depth=3.6058 depth2=-1.0000 track=1 sf=10 flag=ok
[T2gate] t=14.7280 tri=46 rej=0 xrej=0 init_replace=3 gate=0
[T2slv] t=14.7280 phase=1 init_cost=158.506 final_cost=155.824 iters=9 term=1 slv_ms=24.0
[T2diag] t=14.7280 P=[-0.0314 0.0044 0.0006] V=[0.0059 0.0014 0.0017] |Bas|=0.010385 |Bgs|=0.0008513 Bas=[0.003691 -0.009702 0.000311] Bgs=[0.0002111 -0.0000183 0.0008245] tic0=[0.1200 0.0500 -0.0200] tic1=[0.1200 -0.0500 -0.0200] td=0.00000 track=138
[E2uls] flag=1 sh_t=14.780 new_t=14.780 dP=[0.0009 -0.0010 -0.0007] |dP|=0.0015 first_dt=-1.0000
time: 14.728000, t: -0.031386 0.004434 0.000580 q: 0.999999 -0.001153 -0.000834 0.000387 
[T2depth] t=14.8600 id=694 src=motion2 u=348.7 v=138.9 depth=0.0900 depth2=-1.0000 track=2 sf=9 flag=ok
[T2depth] t=14.8600 id=697 src=motion2 u=353.0 v=51.4 depth=5.0000 depth2=-1.0000 track=2 sf=9 flag=init_neg
[T2depth] t=14.8600 id=702 src=motion2 u=629.0 v=132.0 depth=5.0000 depth2=-1.0000 track=2 sf=9 flag=init_neg
[T2depth] t=14.8600 id=715 src=stereo u=518.1 v=215.9 depth=3.9672 depth2=-1.0000 track=1 sf=10 flag=ok
[T2depth] t=14.8600 id=717 src=stereo u=517.0 v=61.0 depth=3.9201 depth2=-1.0000 track=1 sf=10 flag=ok
[T2depth] t=14.8600 id=718 src=stereo u=51.0 v=149.0 depth=35.9228 depth2=-1.0000 track=1 sf=10 flag=ok
[T2depth] t=14.8600 id=719 src=stereo u=584.0 v=33.0 depth=5.0000 depth2=-1.0000 track=1 sf=10 flag=init_neg
[T2gate] t=14.8600 tri=50 rej=0 xrej=0 init_replace=3 gate=0
[T2slv] t=14.8600 phase=1 init_cost=165.143 final_cost=162.243 iters=9 term=1 slv_ms=21.0
[T2diag] t=14.8600 P=[-0.0311 0.0040 0.0007] V=[0.0056 0.0007 0.0001] |Bas|=0.012408 |Bgs|=0.0008242 Bas=[-0.006666 -0.010463 0.000214] Bgs=[0.0002014 0.0000317 0.0007986] tic0=[0.1200 0.0500 -0.0200] tic1=[0.1200 -0.0500 -0.0200] td=0.00000 track=136
[E2uls] flag=1 sh_t=14.908 new_t=14.908 dP=[0.0013 0.0013 -0.0001] |dP|=0.0019 first_dt=-1.0000
time: 14.860000, t: -0.031144 0.004032 0.000650 q: 0.999999 -0.000819 -0.001429 0.000441 
[T2xcross] t=14.9920 id=603 est=5.0000 svd=0.0819 rel=0.9836 track=2 sf=9
[T2depth] t=14.9920 id=706 src=motion2 u=613.9 v=32.1 depth=5.0000 depth2=-1.0000 track=2 sf=9 flag=init_neg
[T2depth] t=14.9920 id=707 src=motion2 u=40.1 v=105.6 depth=5.0000 depth2=-1.0000 track=2 sf=9 flag=init_neg
[T2depth] t=14.9920 id=708 src=motion2 u=541.8 v=113.3 depth=0.0710 depth2=-1.0000 track=2 sf=9 flag=ok
[T2depth] t=14.9920 id=709 src=motion2 u=331.2 v=182.8 depth=5.0000 depth2=-1.0000 track=2 sf=9 flag=init_neg
[T2depth] t=14.9920 id=714 src=motion2 u=140.7 v=82.2 depth=0.1435 depth2=-1.0000 track=2 sf=9 flag=ok
[T2depth] t=14.9920 id=720 src=motion2 u=164.0 v=58.0 depth=0.0271 depth2=-1.0000 track=2 sf=9 flag=ok
[T2depth] t=14.9920 id=721 src=motion2 u=103.0 v=134.0 depth=0.0434 depth2=-1.0000 track=2 sf=9 flag=ok
[T2depth] t=14.9920 id=556 src=stereo u=435.0 v=210.3 depth=3.8976 depth2=-1.0000 track=1 sf=10 flag=ok
[T2depth] t=14.9920 id=728 src=stereo u=277.8 v=145.1 depth=29.8502 depth2=-1.0000 track=1 sf=10 flag=ok
[T2depth] t=14.9920 id=733 src=stereo u=378.0 v=38.0 depth=3.6293 depth2=-1.0000 track=1 sf=10 flag=ok
[T2gate] t=14.9920 tri=51 rej=0 xrej=0 init_replace=3 gate=0
[T2slv] t=14.9920 phase=1 init_cost=147.014 final_cost=145.432 iters=9 term=1 slv_ms=17.3
[T2diag] t=14.9920 P=[-0.0306 0.0039 0.0007] V=[0.0026 0.0012 0.0002] |Bas|=0.019281 |Bgs|=0.0008455 Bas=[-0.015237 -0.011810 0.000350] Bgs=[0.0002031 0.0000187 0.0008205] tic0=[0.1200 0.0500 -0.0200] tic1=[0.1200 -0.0500 -0.0200] td=0.00000 track=136
[E2uls] flag=1 sh_t=15.032 new_t=15.032 dP=[0.0003 0.0004 -0.0001] |dP|=0.0005 first_dt=-1.0000
time: 14.992000, t: -0.030629 0.003918 0.000718 q: 0.999998 -0.001004 -0.001744 0.000528 
[T2xcross] t=15.0960 id=707 est=5.0000 svd=0.0097 rel=0.9981 track=2 sf=9
[T2xcross] t=15.0960 id=556 est=3.8976 svd=0.0334 rel=0.9914 track=2 sf=9
[T2depth] t=15.0960 id=722 src=motion2 u=15.5 v=256.0 depth=5.0000 depth2=-1.0000 track=2 sf=9 flag=init_neg
[T2depth] t=15.0960 id=725 src=motion2 u=25.4 v=56.5 depth=0.0283 depth2=-1.0000 track=2 sf=9 flag=ok
[T2depth] t=15.0960 id=729 src=motion2 u=634.0 v=478.0 depth=5.0000 depth2=-1.0000 track=2 sf=9 flag=init_neg
[T2depth] t=15.0960 id=731 src=motion2 u=212.0 v=163.0 depth=5.0000 depth2=-1.0000 track=2 sf=9 flag=init_neg
[T2depth] t=15.0960 id=732 src=motion2 u=251.0 v=118.0 depth=5.0000 depth2=-1.0000 track=2 sf=9 flag=init_neg
[T2depth] t=15.0960 id=736 src=motion2 u=240.0 v=55.0 depth=5.0000 depth2=-1.0000 track=2 sf=9 flag=init_neg
[T2depth] t=15.0960 id=739 src=stereo u=378.1 v=180.7 depth=3.9561 depth2=-1.0000 track=1 sf=10 flag=ok
[T2depth] t=15.0960 id=740 src=stereo u=305.9 v=85.7 depth=22.8463 depth2=-1.0000 track=1 sf=10 flag=ok
[T2depth] t=15.0960 id=744 src=stereo u=158.8 v=13.6 depth=39.8884 depth2=-1.0000 track=1 sf=10 flag=ok
[T2depth] t=15.0960 id=745 src=stereo u=138.7 v=86.6 depth=17.6129 depth2=-1.0000 track=1 sf=10 flag=ok
[T2depth] t=15.0960 id=747 src=stereo u=92.1 v=32.4 depth=5.0000 depth2=-1.0000 track=1 sf=10 flag=init_neg
[T2depth] t=15.0960 id=749 src=stereo u=302.3 v=143.6 depth=26.5523 depth2=-1.0000 track=1 sf=10 flag=ok
[T2depth] t=15.0960 id=750 src=stereo u=393.0 v=133.0 depth=43.4860 depth2=-1.0000 track=1 sf=10 flag=ok
[T2depth] t=15.0960 id=752 src=stereo u=385.0 v=43.0 depth=3.6363 depth2=-1.0000 track=1 sf=10 flag=ok
[T2depth] t=15.0960 id=753 src=stereo u=53.0 v=6.0 depth=5.0000 depth2=-1.0000 track=1 sf=10 flag=init_neg
[T2depth] t=15.0960 id=754 src=stereo u=478.0 v=202.0 depth=4.2792 depth2=-1.0000 track=1 sf=10 flag=ok
[T2gate] t=15.0960 tri=52 rej=0 xrej=0 init_replace=7 gate=0
[T2slv] t=15.0960 phase=1 init_cost=128.233 final_cost=125.775 iters=9 term=1 slv_ms=18.4
[T2diag] t=15.0960 P=[-0.0295 0.0036 0.0006] V=[0.0035 0.0046 -0.0011] |Bas|=0.025678 |Bgs|=0.0008959 Bas=[-0.021870 -0.013453 0.000251] Bgs=[0.0001884 0.0000262 0.0008755] tic0=[0.1200 0.0500 -0.0200] tic1=[0.1200 -0.0500 -0.0200] td=0.00000 track=136
[E2uls] flag=1 sh_t=15.140 new_t=15.140 dP=[-0.0006 0.0010 -0.0004] |dP|=0.0012 first_dt=-1.0000
time: 15.096000, t: -0.029455 0.003593 0.000588 q: 0.999997 -0.000896 -0.002092 0.000520 
[T2depth] t=15.2240 id=98 src=motion2 u=52.7 v=243.1 depth=0.0576 depth2=-1.0000 track=2 sf=9 flag=ok
[T2xcross] t=15.2240 id=740 est=22.8463 svd=0.1235 rel=0.9946 track=2 sf=9
[T2xcross] t=15.2240 id=749 est=26.5523 svd=0.2572 rel=0.9903 track=2 sf=9
[T2xcross] t=15.2240 id=752 est=3.6363 svd=0.0712 rel=0.9804 track=2 sf=9
[T2depth] t=15.2240 id=755 src=stereo u=325.9 v=209.8 depth=2.5839 depth2=-1.0000 track=1 sf=10 flag=ok
[T2depth] t=15.2240 id=756 src=stereo u=510.0 v=167.9 depth=3.5293 depth2=-1.0000 track=1 sf=10 flag=ok
[T2depth] t=15.2240 id=761 src=stereo u=85.0 v=180.0 depth=5.0000 depth2=-1.0000 track=1 sf=10 flag=init_neg
[T2depth] t=15.2240 id=763 src=stereo u=464.0 v=151.0 depth=3.9361 depth2=-1.0000 track=1 sf=10 flag=ok
[T2gate] t=15.2240 tri=42 rej=0 xrej=0 init_replace=1 gate=0
[T2slv] t=15.2240 phase=1 init_cost=125.236 final_cost=123.41 iters=9 term=1 slv_ms=19.8
[T2diag] t=15.2240 P=[-0.0300 0.0038 0.0006] V=[0.0037 0.0071 -0.0052] |Bas|=0.033255 |Bgs|=0.0008638 Bas=[-0.029818 -0.014723 -0.000287] Bgs=[0.0001911 0.0000568 0.0008405] tic0=[0.1200 0.0500 -0.0200] tic1=[0.1200 -0.0500 -0.0200] td=0.00000 track=139
[E2uls] flag=1 sh_t=15.300 new_t=15.300 dP=[0.0019 0.0014 -0.0015] |dP|=0.0028 first_dt=-1.0000
time: 15.224000, t: -0.030002 0.003754 0.000558 q: 0.999997 -0.000810 -0.002481 0.000354 
[T2xcross] t=15.3560 id=756 est=3.5293 svd=0.1095 rel=0.9690 track=2 sf=9
[T2depth] t=15.3560 id=757 src=motion2 u=341.6 v=136.0 depth=0.2684 depth2=-1.0000 track=2 sf=9 flag=ok
[T2depth] t=15.3560 id=762 src=motion2 u=173.0 v=148.0 depth=5.0000 depth2=-1.0000 track=2 sf=9 flag=init_neg
[T2xcross] t=15.3560 id=763 est=3.9361 svd=0.2069 rel=0.9474 track=2 sf=9
[T2depth] t=15.3560 id=765 src=motion2 u=119.0 v=120.0 depth=0.1425 depth2=-1.0000 track=2 sf=9 flag=ok
[T2depth] t=15.3560 id=771 src=stereo u=370.7 v=93.0 depth=3.4737 depth2=-1.0000 track=1 sf=10 flag=ok
[T2depth] t=15.3560 id=773 src=stereo u=218.0 v=89.0 depth=43.6377 depth2=-1.0000 track=1 sf=10 flag=ok
[T2depth] t=15.3560 id=779 src=stereo u=16.0 v=80.0 depth=34.3418 depth2=-1.0000 track=1 sf=10 flag=ok
[T2gate] t=15.3560 tri=45 rej=0 xrej=0 init_replace=1 gate=0
[T2slv] t=15.3560 phase=1 init_cost=124.504 final_cost=121.858 iters=9 term=1 slv_ms=19.0
[T2diag] t=15.3560 P=[-0.0306 0.0042 0.0004] V=[0.0045 0.0099 -0.0052] |Bas|=0.042196 |Bgs|=0.0008216 Bas=[-0.039017 -0.016066 -0.000250] Bgs=[0.0001885 0.0000823 0.0007954] tic0=[0.1200 0.0500 -0.0200] tic1=[0.1200 -0.0500 -0.0200] td=0.00000 track=139
[E2uls] flag=1 sh_t=15.412 new_t=15.412 dP=[0.0019 0.0018 -0.0009] |dP|=0.0028 first_dt=-1.0000
time: 15.356000, t: -0.030552 0.004248 0.000387 q: 0.999995 -0.000642 -0.003101 0.000370 
[T2xcross] t=15.4560 id=731 est=5.0000 svd=0.0880 rel=0.9824 track=2 sf=9
[T2depth] t=15.4560 id=767 src=motion2 u=334.1 v=268.0 depth=5.7385 depth2=-1.0000 track=2 sf=9 flag=ok
[T2depth] t=15.4560 id=774 src=motion2 u=629.0 v=58.0 depth=0.3242 depth2=-1.0000 track=2 sf=9 flag=ok
[T2depth] t=15.4560 id=775 src=motion2 u=146.0 v=213.0 depth=0.4868 depth2=-1.0000 track=2 sf=9 flag=ok
[T2depth] t=15.4560 id=776 src=motion2 u=569.0 v=175.0 depth=5.0000 depth2=-1.0000 track=2 sf=9 flag=init_neg
[T2depth] t=15.4560 id=777 src=motion2 u=319.0 v=213.0 depth=5.0000 depth2=-1.0000 track=2 sf=9 flag=init_neg
[T2depth] t=15.4560 id=778 src=motion2 u=576.0 v=137.0 depth=0.1787 depth2=-1.0000 track=2 sf=9 flag=ok
[T2depth] t=15.4560 id=782 src=stereo u=80.6 v=148.3 depth=5.0000 depth2=-1.0000 track=1 sf=10 flag=init_neg
[T2depth] t=15.4560 id=786 src=stereo u=436.0 v=108.0 depth=3.8984 depth2=-1.0000 track=1 sf=10 flag=ok
[T2depth] t=15.4560 id=789 src=stereo u=161.0 v=57.0 depth=5.0000 depth2=-1.0000 track=1 sf=10 flag=init_neg
[T2depth] t=15.4560 id=790 src=stereo u=159.0 v=18.0 depth=29.9416 depth2=-1.0000 track=1 sf=10 flag=ok
[T2depth] t=15.4560 id=791 src=stereo u=478.0 v=184.0 depth=4.5029 depth2=-1.0000 track=1 sf=10 flag=ok
[T2gate] t=15.4560 tri=44 rej=0 xrej=0 init_replace=4 gate=0
[T2slv] t=15.4560 phase=1 init_cost=125.408 final_cost=123.306 iters=9 term=1 slv_ms=12.3
[T2diag] t=15.4560 P=[-0.0319 0.0046 0.0005] V=[0.0032 0.0101 -0.0071] |Bas|=0.052065 |Bgs|=0.0008130 Bas=[-0.049126 -0.017246 -0.000236] Bgs=[0.0001770 0.0000749 0.0007899] tic0=[0.1200 0.0500 -0.0200] tic1=[0.1200 -0.0500 -0.0200] td=0.00000 track=141
[E2uls] flag=1 sh_t=15.492 new_t=15.492 dP=[0.0021 0.0013 -0.0009] |dP|=0.0026 first_dt=-1.0000
time: 15.456000, t: -0.031902 0.004598 0.000458 q: 0.999993 -0.000615 -0.003693 0.000427 
[T2depth] t=15.5560 id=781 src=motion2 u=221.6 v=62.0 depth=5.0000 depth2=-1.0000 track=2 sf=9 flag=init_neg
[T2xcross] t=15.5560 id=782 est=5.0000 svd=0.4110 rel=0.9178 track=2 sf=9
[T2xcross] t=15.5560 id=786 est=3.8984 svd=0.1853 rel=0.9525 track=2 sf=9
[T2depth] t=15.5560 id=787 src=motion2 u=614.0 v=134.0 depth=0.4173 depth2=-1.0000 track=2 sf=9 flag=ok
[T2depth] t=15.5560 id=788 src=motion2 u=542.0 v=42.0 depth=5.0000 depth2=-1.0000 track=2 sf=9 flag=init_neg
[T2depth] t=15.5560 id=792 src=stereo u=361.1 v=19.5 depth=3.3699 depth2=-1.0000 track=1 sf=10 flag=ok
[T2depth] t=15.5560 id=796 src=stereo u=333.6 v=45.5 depth=36.3371 depth2=-1.0000 track=1 sf=10 flag=ok
[T2depth] t=15.5560 id=798 src=stereo u=87.0 v=7.1 depth=44.4267 depth2=-1.0000 track=1 sf=10 flag=ok
[T2depth] t=15.5560 id=801 src=stereo u=588.0 v=99.0 depth=39.8291 depth2=-1.0000 track=1 sf=10 flag=ok
[T2depth] t=15.5560 id=804 src=stereo u=323.0 v=94.0 depth=5.0000 depth2=-1.0000 track=1 sf=10 flag=init_neg
[T2gate] t=15.5560 tri=43 rej=0 xrej=0 init_replace=3 gate=0
[T2slv] t=15.5560 phase=1 init_cost=127.605 final_cost=124.447 iters=9 term=1 slv_ms=14.2
[T2diag] t=15.5560 P=[-0.0338 0.0055 -0.0002] V=[0.0015 0.0115 -0.0053] |Bas|=0.063031 |Bgs|=0.0008556 Bas=[-0.060303 -0.018341 -0.000075] Bgs=[0.0001543 0.0000640 0.0008392] tic0=[0.1200 0.0500 -0.0200] tic1=[0.1200 -0.0500 -0.0200] td=0.00000 track=138
[E2uls] flag=1 sh_t=15.600 new_t=15.600 dP=[0.0023 0.0007 -0.0003] |dP|=0.0024 first_dt=-1.0000
time: 15.556000, t: -0.033763 0.005521 -0.000205 q: 0.999990 -0.000613 -0.004472 0.000477 
[T2xcross] t=15.6560 id=775 est=0.4868 svd=0.1858 rel=0.6183 track=2 sf=9
[T2xcross] t=15.6560 id=778 est=0.1787 svd=0.3672 rel=0.5134 track=2 sf=9
[T2depth] t=15.6560 id=793 src=motion2 u=73.3 v=93.2 depth=5.0000 depth2=-1.0000 track=2 sf=9 flag=init_neg
[T2depth] t=15.6560 id=799 src=motion2 u=122.2 v=153.2 depth=0.2607 depth2=-1.0000 track=2 sf=9 flag=ok
[T2depth] t=15.6560 id=800 src=motion2 u=589.0 v=193.0 depth=5.0000 depth2=-1.0000 track=2 sf=9 flag=init_neg
[T2depth] t=15.6560 id=802 src=motion2 u=570.0 v=10.0 depth=5.0000 depth2=-1.0000 track=2 sf=9 flag=init_neg
[T2depth] t=15.6560 id=805 src=motion2 u=213.0 v=214.0 depth=0.1866 depth2=-1.0000 track=2 sf=9 flag=ok
[T2depth] t=15.6560 id=806 src=stereo u=109.0 v=413.0 depth=5.0000 depth2=-1.0000 track=1 sf=10 flag=init_neg
[T2depth] t=15.6560 id=810 src=stereo u=382.5 v=59.2 depth=3.4177 depth2=-1.0000 track=1 sf=10 flag=ok
[T2depth] t=15.6560 id=816 src=stereo u=619.0 v=61.0 depth=32.7034 depth2=-1.0000 track=1 sf=10 flag=ok
[T2gate] t=15.6560 tri=45 rej=0 xrej=0 init_replace=4 gate=0
[T2slv] t=15.6560 phase=1 init_cost=127.916 final_cost=124.988 iters=9 term=1 slv_ms=16.9
[T2diag] t=15.6560 P=[-0.0337 0.0059 -0.0004] V=[0.0020 0.0113 -0.0069] |Bas|=0.073323 |Bgs|=0.0009140 Bas=[-0.070544 -0.019990 -0.000291] Bgs=[0.0001338 0.0000208 0.0009039] tic0=[0.1200 0.0500 -0.0200] tic1=[0.1200 -0.0500 -0.0200] td=0.00000 track=139
[E2uls] flag=1 sh_t=15.712 new_t=15.712 dP=[0.0001 0.0016 -0.0011] |dP|=0.0020 first_dt=-1.0000
time: 15.656000, t: -0.033731 0.005882 -0.000381 q: 0.999988 -0.000428 -0.004920 0.000502 
[T2xcross] t=15.7600 id=128 est=0.0782 svd=0.6566 rel=0.8810 track=2 sf=9
[T2xcross] t=15.7600 id=771 est=3.4737 svd=0.1833 rel=0.9472 track=2 sf=9
[T2xcross] t=15.7600 id=781 est=5.0000 svd=0.5190 rel=0.8962 track=2 sf=9
[T2xcross] t=15.7600 id=793 est=5.0000 svd=0.1278 rel=0.9744 track=2 sf=9
[T2depth] t=15.7600 id=64 src=motion2 u=395.9 v=463.9 depth=7.2719 depth2=-1.0000 track=2 sf=9 flag=ok
[T2depth] t=15.7600 id=496 src=motion2 u=383.9 v=281.0 depth=3.8902 depth2=-1.0000 track=2 sf=9 flag=ok
[T2xcross] t=15.7600 id=806 est=5.0000 svd=2.2489 rel=0.5502 track=2 sf=9
[T2depth] t=15.7600 id=811 src=motion2 u=540.4 v=145.2 depth=5.0000 depth2=-1.0000 track=2 sf=9 flag=init_neg
[T2depth] t=15.7600 id=818 src=stereo u=398.7 v=94.7 depth=4.4757 depth2=-1.0000 track=1 sf=10 flag=ok
[T2depth] t=15.7600 id=819 src=stereo u=517.5 v=177.7 depth=3.9880 depth2=-1.0000 track=1 sf=10 flag=ok
[T2depth] t=15.7600 id=820 src=stereo u=261.3 v=107.3 depth=25.4968 depth2=-1.0000 track=1 sf=10 flag=ok
[T2depth] t=15.7600 id=826 src=stereo u=175.0 v=118.0 depth=34.1530 depth2=-1.0000 track=1 sf=10 flag=ok
[T2gate] t=15.7600 tri=56 rej=0 xrej=0 init_replace=1 gate=0
[T2slv] t=15.7600 phase=1 init_cost=128.311 final_cost=126.259 iters=8 term=0 slv_ms=15.2
[T2diag] t=15.7600 P=[-0.0340 0.0055 -0.0005] V=[0.0030 0.0111 -0.0066] |Bas|=0.083330 |Bgs|=0.0009200 Bas=[-0.080564 -0.021292 -0.000137] Bgs=[0.0001428 -0.0000208 0.0009086] tic0=[0.1200 0.0500 -0.0200] tic1=[0.1200 -0.0500 -0.0200] td=0.00000 track=129
[E2uls] flag=1 sh_t=15.812 new_t=15.812 dP=[0.0011 0.0023 -0.0007] |dP|=0.0026 first_dt=-1.0000
time: 15.760000, t: -0.034015 0.005471 -0.000496 q: 0.999984 -0.000402 -0.005586 0.000480 
[T2xcross] t=15.8600 id=816 est=32.7034 svd=1.0196 rel=0.9688 track=3 sf=8
[T2depth] t=15.8600 id=20 src=motion2 u=454.9 v=346.2 depth=35.8716 depth2=-1.0000 track=2 sf=9 flag=ok
[T2depth] t=15.8600 id=31 src=motion2 u=433.9 v=407.2 depth=40.1023 depth2=-1.0000 track=2 sf=9 flag=ok
[T2depth] t=15.8600 id=51 src=motion2 u=385.5 v=433.4 depth=5.0000 depth2=-1.0000 track=2 sf=9 flag=init_neg
[T2depth] t=15.8600 id=71 src=motion2 u=477.6 v=475.3 depth=15.8018 depth2=-1.0000 track=2 sf=9 flag=ok
[T2depth] t=15.8600 id=77 src=motion2 u=435.7 v=454.8 depth=5.0000 depth2=-1.0000 track=2 sf=9 flag=init_neg
[T2depth] t=15.8600 id=80 src=motion2 u=412.7 v=289.1 depth=90.6854 depth2=-1.0000 track=2 sf=9 flag=ok
[T2depth] t=15.8600 id=89 src=motion2 u=509.3 v=472.5 depth=5.0000 depth2=-1.0000 track=2 sf=9 flag=init_neg
[T2depth] t=15.8600 id=91 src=motion2 u=455.1 v=383.3 depth=29.3706 depth2=-1.0000 track=2 sf=9 flag=ok
[T2depth] t=15.8600 id=219 src=motion2 u=500.0 v=392.2 depth=176.3696 depth2=-1.0000 track=2 sf=9 flag=ok
[T2xcross] t=15.8600 id=818 est=4.4757 svd=0.0801 rel=0.9821 track=2 sf=9
[T2xcross] t=15.8600 id=820 est=25.4968 svd=0.2759 rel=0.9892 track=2 sf=9
[T2depth] t=15.8600 id=822 src=motion2 u=439.0 v=146.7 depth=5.0000 depth2=-1.0000 track=2 sf=9 flag=init_neg
[T2depth] t=15.8600 id=824 src=motion2 u=29.0 v=322.0 depth=8.3556 depth2=-1.0000 track=2 sf=9 flag=ok
[T2depth] t=15.8600 id=825 src=motion2 u=40.0 v=25.0 depth=5.0000 depth2=-1.0000 track=2 sf=9 flag=init_neg
[T2depth] t=15.8600 id=827 src=motion2 u=231.0 v=98.0 depth=5.0000 depth2=-1.0000 track=2 sf=9 flag=init_neg
[T2depth] t=15.8600 id=828 src=motion2 u=255.0 v=176.0 depth=0.0092 depth2=-1.0000 track=2 sf=9 flag=ok
[T2depth] t=15.8600 id=830 src=stereo u=535.5 v=28.8 depth=3.3091 depth2=-1.0000 track=1 sf=10 flag=ok
[T2depth] t=15.8600 id=834 src=stereo u=364.0 v=7.4 depth=4.2209 depth2=-1.0000 track=1 sf=10 flag=ok
[T2depth] t=15.8600 id=839 src=stereo u=507.0 v=146.0 depth=3.4782 depth2=-1.0000 track=1 sf=10 flag=ok
[T2depth] t=15.8600 id=841 src=stereo u=485.0 v=68.0 depth=3.9901 depth2=-1.0000 track=1 sf=10 flag=ok
[T2depth] t=15.8600 id=842 src=stereo u=372.0 v=211.0 depth=3.6785 depth2=-1.0000 track=1 sf=10 flag=ok
[T2gate] t=15.8600 tri=59 rej=0 xrej=0 init_replace=6 gate=0
[T2slv] t=15.8600 phase=1 init_cost=465.086 final_cost=311.503 iters=9 term=1 slv_ms=18.1
[T2diag] t=15.8600 P=[-0.0356 0.0064 -0.0008] V=[0.0008 0.0096 0.0005] |Bas|=0.088449 |Bgs|=0.0009334 Bas=[-0.085541 -0.022491 -0.000438] Bgs=[0.0000408 0.0000209 0.0009323] tic0=[0.1200 0.0500 -0.0200] tic1=[0.1200 -0.0500 -0.0200] td=0.00000 track=137
[E2uls] flag=1 sh_t=15.908 new_t=15.908 dP=[0.0025 0.0012 -0.0003] |dP|=0.0028 first_dt=-1.0000
time: 15.860000, t: -0.035615 0.006394 -0.000847 q: 0.999983 -0.000003 -0.005875 0.000366 
[T2xcross] t=15.9960 id=819 est=3.9880 svd=0.0424 rel=0.9894 track=2 sf=9
[T2xcross] t=15.9960 id=822 est=5.0000 svd=0.0706 rel=0.9859 track=2 sf=9
[T2xcross] t=15.9960 id=830 est=3.3091 svd=0.0381 rel=0.9885 track=2 sf=9
[T2depth] t=15.9960 id=832 src=motion2 u=261.6 v=72.0 depth=0.3334 depth2=-1.0000 track=2 sf=9 flag=ok
[T2xcross] t=15.9960 id=834 est=4.2209 svd=0.0654 rel=0.9845 track=2 sf=9
[T2depth] t=15.9960 id=835 src=motion2 u=596.4 v=31.9 depth=5.0000 depth2=-1.0000 track=2 sf=9 flag=init_neg
[T2depth] t=15.9960 id=836 src=motion2 u=129.0 v=147.0 depth=5.0000 depth2=-1.0000 track=2 sf=9 flag=init_neg
[T2depth] t=15.9960 id=838 src=motion2 u=128.0 v=13.0 depth=0.0533 depth2=-1.0000 track=2 sf=9 flag=ok
[T2xcross] t=15.9960 id=839 est=3.4782 svd=0.2323 rel=0.9332 track=2 sf=9
[T2depth] t=15.9960 id=840 src=motion2 u=595.0 v=121.0 depth=0.1390 depth2=-1.0000 track=2 sf=9 flag=ok
[T2xcross] t=15.9960 id=841 est=3.9901 svd=0.1319 rel=0.9669 track=2 sf=9
[T2depth] t=15.9960 id=24 src=stereo u=299.6 v=395.4 depth=5.0000 depth2=-1.0000 track=1 sf=10 flag=init_neg
[T2depth] t=15.9960 id=161 src=stereo u=468.7 v=442.3 depth=0.9879 depth2=-1.0000 track=1 sf=10 flag=ok
[T2gate] t=15.9960 tri=48 rej=0 xrej=0 init_replace=3 gate=0
[T2slv] t=15.9960 phase=1 init_cost=150.059 final_cost=148.414 iters=9 term=1 slv_ms=11.7
[T2diag] t=15.9960 P=[-0.0357 0.0073 -0.0008] V=[-0.0022 0.0086 0.0001] |Bas|=0.091499 |Bgs|=0.0009180 Bas=[-0.088522 -0.023148 -0.000269] Bgs=[0.0000586 0.0000016 0.0009161] tic0=[0.1200 0.0500 -0.0200] tic1=[0.1200 -0.0500 -0.0200] td=0.00000 track=139
[E2uls] flag=1 sh_t=16.032 new_t=16.032 dP=[-0.0001 0.0004 -0.0001] |dP|=0.0004 first_dt=-1.0000
time: 15.996000, t: -0.035664 0.007344 -0.000787 q: 0.999981 -0.000009 -0.006125 0.000277 
[T2depth] t=16.0920 id=844 src=motion2 u=131.7 v=181.4 depth=0.1607 depth2=-1.0000 track=2 sf=9 flag=ok
[T2depth] t=16.0920 id=845 src=motion2 u=174.4 v=13.4 depth=5.0000 depth2=-1.0000 track=2 sf=9 flag=init_neg
[T2depth] t=16.0920 id=846 src=motion2 u=275.2 v=134.9 depth=5.0000 depth2=-1.0000 track=2 sf=9 flag=init_neg
[T2depth] t=16.0920 id=847 src=motion2 u=247.0 v=45.4 depth=5.0000 depth2=-1.0000 track=2 sf=9 flag=init_neg
[T2depth] t=16.0920 id=848 src=motion2 u=331.6 v=211.3 depth=5.0000 depth2=-1.0000 track=2 sf=9 flag=init_neg
[T2depth] t=16.0920 id=852 src=motion2 u=103.0 v=60.0 depth=0.2728 depth2=-1.0000 track=2 sf=9 flag=ok
[T2depth] t=16.0920 id=853 src=stereo u=374.7 v=198.1 depth=3.8464 depth2=-1.0000 track=1 sf=10 flag=ok
[T2gate] t=16.0920 tri=46 rej=0 xrej=0 init_replace=4 gate=0
[T2slv] t=16.0920 phase=1 init_cost=152.038 final_cost=150.372 iters=9 term=1 slv_ms=10.2
[T2diag] t=16.0920 P=[-0.0357 0.0069 -0.0004] V=[-0.0011 0.0049 0.0027] |Bas|=0.094779 |Bgs|=0.0009080 Bas=[-0.091705 -0.023932 -0.000685] Bgs=[0.0000469 0.0000318 0.0009062] tic0=[0.1200 0.0500 -0.0200] tic1=[0.1200 -0.0500 -0.0200] td=0.00000 track=142
[E2uls] flag=1 sh_t=16.132 new_t=16.132 dP=[-0.0002 0.0016 -0.0005] |dP|=0.0017 first_dt=-1.0000
time: 16.092000, t: -0.035684 0.006917 -0.000370 q: 0.999982 0.000124 -0.006059 0.000324 
[T2xcross] t=16.1960 id=838 est=0.0533 svd=0.0051 rel=0.9050 track=2 sf=9
[T2xcross] t=16.1960 id=853 est=3.8464 svd=0.0533 rel=0.9861 track=2 sf=9
[T2depth] t=16.1960 id=854 src=motion2 u=565.7 v=68.3 depth=0.0440 depth2=-1.0000 track=2 sf=9 flag=ok
[T2depth] t=16.1960 id=859 src=motion2 u=204.0 v=122.0 depth=0.0520 depth2=-1.0000 track=2 sf=9 flag=ok
[T2depth] t=16.1960 id=861 src=motion2 u=74.0 v=50.0 depth=0.0579 depth2=-1.0000 track=2 sf=9 flag=ok
[T2depth] t=16.1960 id=865 src=stereo u=410.7 v=194.3 depth=4.4496 depth2=-1.0000 track=1 sf=10 flag=ok
[T2depth] t=16.1960 id=876 src=stereo u=69.0 v=196.0 depth=30.5191 depth2=-1.0000 track=1 sf=10 flag=ok
[T2depth] t=16.1960 id=877 src=stereo u=332.0 v=28.0 depth=5.0000 depth2=-1.0000 track=1 sf=10 flag=init_neg
[T2gate] t=16.1960 tri=50 rej=0 xrej=0 init_replace=1 gate=0
[T2slv] t=16.1960 phase=1 init_cost=140.377 final_cost=137.581 iters=9 term=1 slv_ms=14.0
[T2diag] t=16.1960 P=[-0.0334 0.0057 -0.0000] V=[-0.0003 0.0003 0.0007] |Bas|=0.100964 |Bgs|=0.0009201 Bas=[-0.097654 -0.025633 -0.000663] Bgs=[0.0000447 0.0000681 0.0009165] tic0=[0.1200 0.0500 -0.0200] tic1=[0.1200 -0.0500 -0.0200] td=0.00000 track=136
[E2uls] flag=1 sh_t=16.256 new_t=16.256 dP=[-0.0025 0.0021 -0.0003] |dP|=0.0032 first_dt=-1.0000
time: 16.196000, t: -0.033450 0.005694 -0.000019 q: 0.999980 0.000287 -0.006365 0.000352 
[T2xcross] t=16.2920 id=24 est=5.0000 svd=0.3180 rel=0.9364 track=2 sf=9
[T2xcross] t=16.2920 id=161 est=0.9879 svd=0.3889 rel=0.6063 track=2 sf=9
[T2depth] t=16.2920 id=866 src=motion2 u=444.0 v=108.3 depth=0.0296 depth2=-1.0000 track=2 sf=9 flag=ok
[T2depth] t=16.2920 id=870 src=motion2 u=531.0 v=106.0 depth=5.0000 depth2=-1.0000 track=2 sf=9 flag=init_neg
[T2depth] t=16.2920 id=872 src=motion2 u=528.0 v=381.0 depth=0.4464 depth2=-1.0000 track=2 sf=9 flag=ok
[T2depth] t=16.2920 id=874 src=motion2 u=234.0 v=165.0 depth=5.0000 depth2=-1.0000 track=2 sf=9 flag=init_neg
[T2depth] t=16.2920 id=875 src=motion2 u=374.0 v=120.0 depth=0.0232 depth2=-1.0000 track=2 sf=9 flag=ok
[T2depth] t=16.2920 id=878 src=motion2 u=183.0 v=11.0 depth=5.0000 depth2=-1.0000 track=2 sf=9 flag=init_neg
[T2depth] t=16.2920 id=882 src=stereo u=199.0 v=188.3 depth=24.3680 depth2=-1.0000 track=1 sf=10 flag=ok
[T2depth] t=16.2920 id=887 src=stereo u=63.0 v=136.0 depth=40.0651 depth2=-1.0000 track=1 sf=10 flag=ok
[T2gate] t=16.2920 tri=50 rej=0 xrej=0 init_replace=3 gate=0
[T2slv] t=16.2920 phase=1 init_cost=141.447 final_cost=140.313 iters=9 term=1 slv_ms=16.2
[T2diag] t=16.2920 P=[-0.0351 0.0073 -0.0004] V=[-0.0014 0.0046 -0.0023] |Bas|=0.105780 |Bgs|=0.0009233 Bas=[-0.102343 -0.026738 -0.000589] Bgs=[0.0000549 0.0000725 0.0009188] tic0=[0.1200 0.0500 -0.0200] tic1=[0.1200 -0.0500 -0.0200] td=0.00000 track=140
[E2uls] flag=1 sh_t=16.340 new_t=16.340 dP=[0.0018 -0.0013 0.0002] |dP|=0.0023 first_dt=-1.0000
time: 16.292000, t: -0.035121 0.007266 -0.000353 q: 0.999978 0.000389 -0.006681 0.000194 
[T2xcross] t=16.3920 id=840 est=0.1390 svd=0.1657 rel=0.1610 track=2 sf=9
[T2depth] t=16.3920 id=881 src=motion2 u=545.3 v=169.0 depth=0.0948 depth2=-1.0000 track=2 sf=9 flag=ok
[T2xcross] t=16.3920 id=882 est=24.3680 svd=0.2793 rel=0.9885 track=2 sf=9
[T2depth] t=16.3920 id=890 src=motion2 u=515.0 v=162.0 depth=0.0373 depth2=-1.0000 track=2 sf=9 flag=ok
[T2depth] t=16.3920 id=891 src=motion2 u=102.0 v=134.0 depth=5.0000 depth2=-1.0000 track=2 sf=9 flag=init_neg
[T2depth] t=16.3920 id=894 src=stereo u=582.4 v=57.1 depth=28.7489 depth2=-1.0000 track=1 sf=10 flag=ok
[T2depth] t=16.3920 id=895 src=stereo u=39.7 v=184.8 depth=5.0000 depth2=-1.0000 track=1 sf=10 flag=init_neg
[T2depth] t=16.3920 id=896 src=stereo u=404.4 v=74.9 depth=3.6191 depth2=-1.0000 track=1 sf=10 flag=ok
[T2gate] t=16.3920 tri=48 rej=0 xrej=0 init_replace=2 gate=0
[T2slv] t=16.3920 phase=1 init_cost=145.343 final_cost=143.556 iters=9 term=1 slv_ms=17.4
[T2diag] t=16.3920 P=[-0.0337 0.0064 -0.0004] V=[-0.0011 0.0040 -0.0023] |Bas|=0.110923 |Bgs|=0.0009099 Bas=[-0.107337 -0.027977 -0.000383] Bgs=[0.0000819 0.0000277 0.0009057] tic0=[0.1200 0.0500 -0.0200] tic1=[0.1200 -0.0500 -0.0200] td=0.00000 track=139
[E2uls] flag=1 sh_t=16.440 new_t=16.440 dP=[-0.0018 0.0021 -0.0003] |dP|=0.0028 first_dt=-1.0000
time: 16.392000, t: -0.033681 0.006372 -0.000437 q: 0.999975 0.000629 -0.007011 0.000278 
[T2xcross] t=16.4920 id=875 est=0.0232 svd=0.1608 rel=0.8556 track=2 sf=9
[T2xcross] t=16.4920 id=881 est=0.0948 svd=0.0868 rel=0.0842 track=2 sf=9
[T2depth] t=16.4920 id=45 src=motion2 u=614.4 v=451.6 depth=5.0000 depth2=-1.0000 track=2 sf=9 flag=init_neg
[T2depth] t=16.4920 id=56 src=motion2 u=580.2 v=454.2 depth=161.8668 depth2=-1.0000 track=2 sf=9 flag=ok
[T2depth] t=16.4920 id=902 src=motion2 u=145.0 v=179.0 depth=0.0241 depth2=-1.0000 track=2 sf=9 flag=ok
[T2depth] t=16.4920 id=907 src=stereo u=261.0 v=140.5 depth=29.5161 depth2=-1.0000 track=1 sf=10 flag=ok
[T2depth] t=16.4920 id=909 src=stereo u=404.8 v=7.6 depth=3.9047 depth2=-1.0000 track=1 sf=10 flag=ok
[T2depth] t=16.4920 id=910 src=stereo u=436.0 v=64.9 depth=3.7898 depth2=-1.0000 track=1 sf=10 flag=ok
[T2depth] t=16.4920 id=917 src=stereo u=85.0 v=56.0 depth=5.0000 depth2=-1.0000 track=1 sf=10 flag=init_neg
[T2gate] t=16.4920 tri=54 rej=0 xrej=0 init_replace=2 gate=0
[T2slv] t=16.4920 phase=1 init_cost=144.123 final_cost=142.194 iters=9 term=1 slv_ms=18.2
[T2diag] t=16.4920 P=[-0.0327 0.0058 -0.0002] V=[0.0032 0.0038 -0.0016] |Bas|=0.115998 |Bgs|=0.0009074 Bas=[-0.112127 -0.029711 -0.000632] Bgs=[0.0000918 0.0000004 0.0009027] tic0=[0.1200 0.0500 -0.0200] tic1=[0.1200 -0.0500 -0.0200] td=0.00000 track=133
[E2uls] flag=1 sh_t=16.540 new_t=16.540 dP=[-0.0009 0.0013 -0.0009] |dP|=0.0018 first_dt=-1.0000
time: 16.492000, t: -0.032685 0.005815 -0.000217 q: 0.999974 0.000701 -0.007130 0.000278 
[T2xcross] t=16.5920 id=859 est=0.0520 svd=0.0855 rel=0.3916 track=2 sf=9
[T2depth] t=16.5920 id=22 src=motion2 u=505.3 v=361.2 depth=2.7046 depth2=-1.0000 track=2 sf=9 flag=ok
[T2depth] t=16.5920 id=83 src=motion2 u=474.7 v=409.5 depth=2.5640 depth2=-1.0000 track=2 sf=9 flag=ok
[T2depth] t=16.5920 id=93 src=motion2 u=543.2 v=472.5 depth=5.0000 depth2=-1.0000 track=2 sf=9 flag=init_neg
[T2depth] t=16.5920 id=908 src=motion2 u=54.7 v=14.5 depth=5.0000 depth2=-1.0000 track=2 sf=9 flag=init_neg
[T2depth] t=16.5920 id=914 src=motion2 u=123.0 v=43.0 depth=0.0258 depth2=-1.0000 track=2 sf=9 flag=ok
[T2depth] t=16.5920 id=915 src=motion2 u=335.0 v=234.0 depth=0.3784 depth2=-1.0000 track=2 sf=9 flag=ok
[T2depth] t=16.5920 id=918 src=motion2 u=549.0 v=18.0 depth=5.0000 depth2=-1.0000 track=2 sf=9 flag=init_neg
[T2depth] t=16.5920 id=920 src=stereo u=372.2 v=153.7 depth=4.2766 depth2=-1.0000 track=1 sf=10 flag=ok
[T2depth] t=16.5920 id=921 src=stereo u=511.4 v=213.8 depth=3.8382 depth2=-1.0000 track=1 sf=10 flag=ok
[T2depth] t=16.5920 id=924 src=stereo u=218.7 v=31.5 depth=5.0000 depth2=-1.0000 track=1 sf=10 flag=init_neg
[T2depth] t=16.5920 id=925 src=stereo u=522.9 v=66.4 depth=3.6451 depth2=-1.0000 track=1 sf=10 flag=ok
[T2depth] t=16.5920 id=926 src=stereo u=575.5 v=216.6 depth=1.0107 depth2=-1.0000 track=1 sf=10 flag=ok
[T2depth] t=16.5920 id=934 src=stereo u=435.0 v=187.0 depth=3.8816 depth2=-1.0000 track=1 sf=10 flag=ok
[T2gate] t=16.5920 tri=58 rej=0 xrej=0 init_replace=4 gate=0
[T2slv] t=16.5920 phase=1 init_cost=142.254 final_cost=140.438 iters=9 term=1 slv_ms=17.1
[T2diag] t=16.5920 P=[-0.0332 0.0061 -0.0004] V=[0.0015 0.0024 -0.0038] |Bas|=0.119234 |Bgs|=0.0009014 Bas=[-0.115195 -0.030766 -0.000531] Bgs=[0.0001126 -0.0000013 0.0008943] tic0=[0.1200 0.0500 -0.0200] tic1=[0.1200 -0.0500 -0.0200] td=0.00000 track=134
[E2uls] flag=1 sh_t=16.632 new_t=16.632 dP=[0.0011 -0.0001 -0.0002] |dP|=0.0012 first_dt=-1.0000
time: 16.592000, t: -0.033231 0.006149 -0.000405 q: 0.999972 0.000896 -0.007381 0.000185 
[T2xcross] t=16.6920 id=890 est=0.0373 svd=0.0797 rel=0.5324 track=2 sf=9
[T2xcross] t=16.6920 id=921 est=3.8382 svd=0.3774 rel=0.9017 track=2 sf=9
[T2depth] t=16.6920 id=922 src=motion2 u=553.5 v=87.5 depth=0.0093 depth2=-1.0000 track=2 sf=9 flag=ok
[T2depth] t=16.6920 id=923 src=motion2 u=329.2 v=130.8 depth=0.0242 depth2=-1.0000 track=2 sf=9 flag=ok
[T2xcross] t=16.6920 id=924 est=5.0000 svd=0.2507 rel=0.9499 track=2 sf=9
[T2depth] t=16.6920 id=929 src=motion2 u=45.0 v=81.0 depth=5.0000 depth2=-1.0000 track=2 sf=9 flag=init_neg
[T2depth] t=16.6920 id=930 src=motion2 u=261.0 v=217.0 depth=5.0000 depth2=-1.0000 track=2 sf=9 flag=init_neg
[T2depth] t=16.6920 id=933 src=motion2 u=103.0 v=116.0 depth=5.0000 depth2=-1.0000 track=2 sf=9 flag=init_neg
[T2depth] t=16.6920 id=939 src=stereo u=466.5 v=164.1 depth=4.5930 depth2=-1.0000 track=1 sf=10 flag=ok
[T2gate] t=16.6920 tri=49 rej=0 xrej=0 init_replace=3 gate=0
[T2slv] t=16.6920 phase=1 init_cost=145.203 final_cost=141.622 iters=9 term=1 slv_ms=24.3
[T2diag] t=16.6920 P=[-0.0355 0.0054 -0.0006] V=[0.0031 0.0008 -0.0037] |Bas|=0.120238 |Bgs|=0.0008568 Bas=[-0.116214 -0.030843 -0.000295] Bgs=[0.0001440 -0.0000495 0.0008432] tic0=[0.1200 0.0500 -0.0200] tic1=[0.1200 -0.0500 -0.0200] td=0.00000 track=140
[E2uls] flag=1 sh_t=16.752 new_t=16.752 dP=[0.0030 0.0014 -0.0003] |dP|=0.0033 first_dt=-1.0000
time: 16.692000, t: -0.035523 0.005355 -0.000615 q: 0.999970 0.000878 -0.007661 0.000215 
[T2xcross] t=16.7920 id=925 est=3.6451 svd=0.0209 rel=0.9943 track=2 sf=9
[T2depth] t=16.7920 id=936 src=motion2 u=335.0 v=181.0 depth=5.0000 depth2=-1.0000 track=2 sf=9 flag=init_neg
[T2depth] t=16.7920 id=937 src=motion2 u=591.2 v=86.7 depth=5.0000 depth2=-1.0000 track=2 sf=9 flag=init_neg
[T2depth] t=16.7920 id=938 src=motion2 u=301.9 v=72.7 depth=5.0000 depth2=-1.0000 track=2 sf=9 flag=init_neg
[T2depth] t=16.7920 id=940 src=motion2 u=257.8 v=79.4 depth=0.0837 depth2=-1.0000 track=2 sf=9 flag=ok
[T2depth] t=16.7920 id=945 src=motion2 u=106.0 v=15.0 depth=5.0000 depth2=-1.0000 track=2 sf=9 flag=init_neg
[T2depth] t=16.7920 id=946 src=motion2 u=242.0 v=194.0 depth=0.0298 depth2=-1.0000 track=2 sf=9 flag=ok
[T2depth] t=16.7920 id=954 src=stereo u=378.0 v=167.0 depth=3.7606 depth2=-1.0000 track=1 sf=10 flag=ok
[T2gate] t=16.7920 tri=47 rej=0 xrej=0 init_replace=4 gate=0
[T2slv] t=16.7920 phase=1 init_cost=146.586 final_cost=144.268 iters=8 term=0 slv_ms=22.5
[T2diag] t=16.7920 P=[-0.0370 0.0070 -0.0012] V=[-0.0024 0.0068 -0.0057] |Bas|=0.121790 |Bgs|=0.0008498 Bas=[-0.117750 -0.031103 -0.000425] Bgs=[0.0001565 -0.0000970 0.0008296] tic0=[0.1200 0.0500 -0.0200] tic1=[0.1200 -0.0500 -0.0200] td=0.00000 track=141
[E2uls] flag=1 sh_t=16.844 new_t=16.844 dP=[0.0011 -0.0012 -0.0004] |dP|=0.0017 first_dt=-1.0000
time: 16.792000, t: -0.036983 0.007018 -0.001178 q: 0.999970 0.000847 -0.007730 0.000131 
[T2xcross] t=16.8920 id=933 est=5.0000 svd=0.0813 rel=0.9837 track=2 sf=9
[T2depth] t=16.8920 id=948 src=motion2 u=481.9 v=75.3 depth=5.0000 depth2=-1.0000 track=2 sf=9 flag=init_neg
[T2depth] t=16.8920 id=949 src=motion2 u=347.5 v=47.0 depth=5.0000 depth2=-1.0000 track=2 sf=9 flag=init_neg
[T2depth] t=16.8920 id=950 src=motion2 u=293.6 v=31.2 depth=5.0000 depth2=-1.0000 track=2 sf=9 flag=init_neg
[T2depth] t=16.8920 id=951 src=motion2 u=289.4 v=105.8 depth=5.0000 depth2=-1.0000 track=2 sf=9 flag=init_neg
[T2depth] t=16.8920 id=952 src=motion2 u=233.3 v=113.9 depth=0.1212 depth2=-1.0000 track=2 sf=9 flag=ok
[T2depth] t=16.8920 id=957 src=stereo u=152.8 v=151.0 depth=31.9596 depth2=-1.0000 track=1 sf=10 flag=ok
[T2depth] t=16.8920 id=962 src=stereo u=34.0 v=49.0 depth=26.4314 depth2=-1.0000 track=1 sf=10 flag=ok
[T2gate] t=16.8920 tri=46 rej=0 xrej=0 init_replace=4 gate=0
[T2slv] t=16.8920 phase=1 init_cost=162.211 final_cost=159.517 iters=9 term=1 slv_ms=15.9
[T2diag] t=16.8920 P=[-0.0353 0.0081 -0.0016] V=[-0.0027 0.0040 -0.0056] |Bas|=0.124610 |Bgs|=0.0008504 Bas=[-0.120584 -0.031414 -0.000471] Bgs=[0.0001643 -0.0001163 0.0008262] tic0=[0.1200 0.0500 -0.0200] tic1=[0.1200 -0.0500 -0.0200] td=0.00000 track=141
[E2uls] flag=1 sh_t=16.944 new_t=16.944 dP=[-0.0027 -0.0003 -0.0005] |dP|=0.0027 first_dt=-1.0000
time: 16.892000, t: -0.035271 0.008147 -0.001552 q: 0.999969 0.000948 -0.007867 -0.000004 
[T2xcross] t=16.9920 id=940 est=0.0837 svd=0.0024 rel=0.9716 track=2 sf=9
[T2xcross] t=16.9920 id=952 est=0.1212 svd=0.0499 rel=0.5878 track=2 sf=9
[T2xcross] t=16.9920 id=957 est=31.9596 svd=0.0090 rel=0.9997 track=2 sf=9
[T2depth] t=16.9920 id=958 src=motion2 u=191.6 v=22.1 depth=5.0000 depth2=-1.0000 track=2 sf=9 flag=init_neg
[T2depth] t=16.9920 id=961 src=motion2 u=231.0 v=169.0 depth=0.1113 depth2=-1.0000 track=2 sf=9 flag=ok
[T2xcross] t=16.9920 id=962 est=26.4314 svd=0.0714 rel=0.9973 track=2 sf=9
[T2depth] t=16.9920 id=963 src=motion2 u=209.0 v=147.0 depth=0.1651 depth2=-1.0000 track=2 sf=9 flag=ok
[T2depth] t=16.9920 id=964 src=motion2 u=16.0 v=172.0 depth=0.1241 depth2=-1.0000 track=2 sf=9 flag=ok
[T2depth] t=16.9920 id=965 src=motion2 u=262.0 v=234.0 depth=1.8340 depth2=-1.0000 track=2 sf=9 flag=ok
[T2depth] t=16.9920 id=966 src=stereo u=513.3 v=75.6 depth=3.6870 depth2=-1.0000 track=1 sf=10 flag=ok
[T2depth] t=16.9920 id=969 src=stereo u=376.7 v=39.2 depth=3.9514 depth2=-1.0000 track=1 sf=10 flag=ok
[T2depth] t=16.9920 id=970 src=stereo u=444.0 v=110.0 depth=3.8472 depth2=-1.0000 track=1 sf=10 flag=ok
[T2depth] t=16.9920 id=973 src=stereo u=72.0 v=94.0 depth=43.8053 depth2=-1.0000 track=1 sf=10 flag=ok
[T2gate] t=16.9920 tri=44 rej=0 xrej=0 init_replace=1 gate=0
[T2slv] t=16.9920 phase=1 init_cost=170.123 final_cost=168.199 iters=9 term=1 slv_ms=14.5
[T2diag] t=16.9920 P=[-0.0339 0.0069 -0.0013] V=[-0.0000 0.0032 0.0004] |Bas|=0.127109 |Bgs|=0.0008294 Bas=[-0.122908 -0.032404 -0.000546] Bgs=[0.0001944 -0.0001233 0.0007968] tic0=[0.1200 0.0500 -0.0200] tic1=[0.1200 -0.0500 -0.0200] td=0.00000 track=142
[E2uls] flag=1 sh_t=17.048 new_t=17.048 dP=[-0.0017 0.0021 -0.0006] |dP|=0.0028 first_dt=-1.0000
time: 16.992000, t: -0.033897 0.006927 -0.001257 q: 0.999967 0.001135 -0.007986 -0.000013 
[T2depth] t=17.0920 id=968 src=motion2 u=170.0 v=179.3 depth=0.0834 depth2=-1.0000 track=2 sf=9 flag=ok
[T2depth] t=17.0920 id=971 src=motion2 u=448.0 v=73.0 depth=0.0714 depth2=-1.0000 track=2 sf=9 flag=ok
[T2depth] t=17.0920 id=972 src=motion2 u=480.0 v=106.0 depth=5.0000 depth2=-1.0000 track=2 sf=9 flag=init_neg
[T2depth] t=17.0920 id=976 src=stereo u=130.9 v=50.7 depth=39.3223 depth2=-1.0000 track=1 sf=10 flag=ok
[T2depth] t=17.0920 id=982 src=stereo u=582.0 v=168.0 depth=29.2982 depth2=-1.0000 track=1 sf=10 flag=ok
[T2gate] t=17.0920 tri=43 rej=0 xrej=0 init_replace=1 gate=0
[T2slv] t=17.0920 phase=1 init_cost=138.628 final_cost=133.471 iters=9 term=1 slv_ms=18.8
[T2diag] t=17.0920 P=[-0.0332 0.0063 -0.0011] V=[-0.0005 0.0044 -0.0011] |Bas|=0.125170 |Bgs|=0.0008005 Bas=[-0.120909 -0.032380 -0.000360] Bgs=[0.0001917 -0.0001306 0.0007661] tic0=[0.1200 0.0500 -0.0200] tic1=[0.1200 -0.0500 -0.0200] td=0.00000 track=140
[E2uls] flag=1 sh_t=17.152 new_t=17.152 dP=[-0.0009 0.0012 -0.0003] |dP|=0.0015 first_dt=-1.0000
time: 17.092000, t: -0.033230 0.006260 -0.001070 q: 0.999968 0.000998 -0.007986 -0.000076 
[T2xcross] t=17.1920 id=972 est=5.0000 svd=0.0266 rel=0.9947 track=2 sf=9
[T2depth] t=17.1920 id=87 src=motion2 u=304.2 v=242.1 depth=5.0000 depth2=-1.0000 track=2 sf=9 flag=init_neg
[T2depth] t=17.1920 id=180 src=motion2 u=563.6 v=268.0 depth=0.3594 depth2=-1.0000 track=2 sf=9 flag=ok
[T2depth] t=17.1920 id=974 src=motion2 u=135.0 v=478.0 depth=1.1673 depth2=-1.0000 track=2 sf=9 flag=ok
[T2depth] t=17.1920 id=980 src=motion2 u=42.0 v=202.0 depth=5.0000 depth2=-1.0000 track=2 sf=9 flag=init_neg
[T2xcross] t=17.1920 id=982 est=29.2982 svd=0.0487 rel=0.9983 track=2 sf=9
[T2depth] t=17.1920 id=989 src=stereo u=378.4 v=73.9 depth=4.0521 depth2=-1.0000 track=1 sf=10 flag=ok
[T2depth] t=17.1920 id=990 src=stereo u=175.7 v=111.2 depth=28.8215 depth2=-1.0000 track=1 sf=10 flag=ok
[T2gate] t=17.1920 tri=47 rej=0 xrej=0 init_replace=2 gate=0
[T2slv] t=17.1920 phase=1 init_cost=136.036 final_cost=134.681 iters=9 term=1 slv_ms=20.5
[T2diag] t=17.1920 P=[-0.0330 0.0064 -0.0015] V=[-0.0004 -0.0020 -0.0055] |Bas|=0.122886 |Bgs|=0.0007973 Bas=[-0.118572 -0.032276 -0.000298] Bgs=[0.0001566 -0.0001691 0.0007632] tic0=[0.1200 0.0500 -0.0200] tic1=[0.1200 -0.0500 -0.0200] td=0.00000 track=140
[E2uls] flag=1 sh_t=17.256 new_t=17.256 dP=[-0.0006 0.0002 -0.0002] |dP|=0.0007 first_dt=-1.0000
time: 17.192000, t: -0.033046 0.006389 -0.001522 q: 0.999968 0.000958 -0.007980 0.000028 
[T2xcross] t=17.2920 id=954 est=3.7606 svd=0.0742 rel=0.9803 track=2 sf=9
[T2xcross] t=17.2920 id=966 est=3.6870 svd=0.1314 rel=0.9643 track=2 sf=9
[T2depth] t=17.2920 id=985 src=motion2 u=446.0 v=65.0 depth=1.7106 depth2=-1.0000 track=2 sf=9 flag=ok
[T2depth] t=17.2920 id=991 src=motion2 u=405.8 v=139.0 depth=0.2738 depth2=-1.0000 track=2 sf=9 flag=ok
[T2depth] t=17.2920 id=992 src=motion2 u=334.0 v=44.0 depth=0.3091 depth2=-1.0000 track=2 sf=9 flag=ok
[T2depth] t=17.2920 id=994 src=motion2 u=508.0 v=26.0 depth=0.0452 depth2=-1.0000 track=2 sf=9 flag=ok
[T2depth] t=17.2920 id=996 src=motion2 u=370.0 v=126.0 depth=5.0000 depth2=-1.0000 track=2 sf=9 flag=init_neg
[T2depth] t=17.2920 id=997 src=motion2 u=96.0 v=14.0 depth=0.2145 depth2=-1.0000 track=2 sf=9 flag=ok
[T2depth] t=17.2920 id=1000 src=stereo u=77.0 v=130.0 depth=5.0000 depth2=-1.0000 track=1 sf=10 flag=init_neg
[T2depth] t=17.2920 id=1006 src=stereo u=622.0 v=79.0 depth=24.3692 depth2=-1.0000 track=1 sf=10 flag=ok
[T2gate] t=17.2920 tri=47 rej=0 xrej=0 init_replace=2 gate=0
[T2slv] t=17.2920 phase=1 init_cost=143.987 final_cost=140.904 iters=9 term=1 slv_ms=17.8
[T2diag] t=17.2920 P=[-0.0352 0.0073 -0.0023] V=[0.0014 -0.0018 -0.0039] |Bas|=0.119761 |Bgs|=0.0007946 Bas=[-0.115448 -0.031847 -0.000419] Bgs=[0.0001413 -0.0002057 0.0007544] tic0=[0.1200 0.0500 -0.0200] tic1=[0.1200 -0.0500 -0.0200] td=0.00000 track=140
[E2uls] flag=1 sh_t=17.340 new_t=17.340 dP=[0.0024 -0.0017 -0.0001] |dP|=0.0029 first_dt=-1.0000
time: 17.292000, t: -0.035194 0.007327 -0.002259 q: 0.999969 0.000846 -0.007886 -0.000044 
[T2depth] t=17.3920 id=998 src=motion2 u=194.1 v=54.1 depth=3.2474 depth2=-1.0000 track=2 sf=9 flag=ok
[T2depth] t=17.3920 id=1001 src=motion2 u=264.0 v=44.0 depth=1.2734 depth2=-1.0000 track=2 sf=9 flag=ok
[T2depth] t=17.3920 id=1002 src=motion2 u=517.0 v=150.0 depth=5.0000 depth2=-1.0000 track=2 sf=9 flag=init_neg
[T2depth] t=17.3920 id=1003 src=motion2 u=572.0 v=134.0 depth=0.0487 depth2=-1.0000 track=2 sf=9 flag=ok
[T2depth] t=17.3920 id=1005 src=motion2 u=347.0 v=199.0 depth=0.1145 depth2=-1.0000 track=2 sf=9 flag=ok
[T2depth] t=17.3920 id=1012 src=stereo u=531.4 v=209.8 depth=3.6183 depth2=-1.0000 track=1 sf=10 flag=ok
[T2depth] t=17.3920 id=1015 src=stereo u=321.0 v=73.0 depth=32.4558 depth2=-1.0000 track=1 sf=10 flag=ok
[T2depth] t=17.3920 id=1018 src=stereo u=540.0 v=50.0 depth=3.3237 depth2=-1.0000 track=1 sf=10 flag=ok
[T2depth] t=17.3920 id=1020 src=stereo u=42.0 v=89.0 depth=5.0000 depth2=-1.0000 track=1 sf=10 flag=init_neg
[T2gate] t=17.3920 tri=49 rej=0 xrej=0 init_replace=2 gate=0
[T2slv] t=17.3920 phase=1 init_cost=157.87 final_cost=155.881 iters=9 term=1 slv_ms=25.6
[T2diag] t=17.3920 P=[-0.0359 0.0071 -0.0020] V=[0.0026 -0.0052 -0.0002] |Bas|=0.122380 |Bgs|=0.0007961 Bas=[-0.117576 -0.033943 -0.000869] Bgs=[0.0001197 -0.0002069 0.0007594] tic0=[0.1200 0.0500 -0.0200] tic1=[0.1200 -0.0500 -0.0200] td=0.00000 track=138
[E2uls] flag=1 sh_t=17.444 new_t=17.444 dP=[0.0009 -0.0004 -0.0009] |dP|=0.0014 first_dt=-1.0000
time: 17.392000, t: -0.035929 0.007145 -0.001985 q: 0.999969 0.001008 -0.007855 0.000024 
[T2depth] t=17.4920 id=1009 src=motion2 u=399.7 v=34.1 depth=5.0000 depth2=-1.0000 track=2 sf=9 flag=init_neg
[T2xcross] t=17.4920 id=1012 est=3.6183 svd=0.0336 rel=0.9907 track=2 sf=9
[T2depth] t=17.4920 id=1013 src=motion2 u=499.0 v=264.0 depth=5.0000 depth2=-1.0000 track=2 sf=9 flag=init_neg
[T2xcross] t=17.4920 id=1015 est=32.4558 svd=0.0941 rel=0.9971 track=2 sf=9
[T2depth] t=17.4920 id=1021 src=motion2 u=619.0 v=62.0 depth=0.0315 depth2=-1.0000 track=2 sf=9 flag=ok
[T2depth] t=17.4920 id=1033 src=stereo u=467.0 v=114.0 depth=3.7024 depth2=-1.0000 track=1 sf=10 flag=ok
[T2gate] t=17.4920 tri=49 rej=0 xrej=0 init_replace=2 gate=0
[T2slv] t=17.4920 phase=1 init_cost=153.64 final_cost=151.296 iters=9 term=1 slv_ms=15.2
[T2diag] t=17.4920 P=[-0.0337 0.0067 -0.0016] V=[0.0050 -0.0055 0.0012] |Bas|=0.124627 |Bgs|=0.0008135 Bas=[-0.119845 -0.034182 -0.000799] Bgs=[0.0001011 -0.0001931 0.0007838] tic0=[0.1200 0.0500 -0.0200] tic1=[0.1200 -0.0500 -0.0200] td=0.00000 track=138
[E2uls] flag=1 sh_t=17.544 new_t=17.544 dP=[-0.0016 -0.0002 -0.0003] |dP|=0.0017 first_dt=-1.0000
time: 17.492000, t: -0.033746 0.006740 -0.001622 q: 0.999968 0.000933 -0.007961 0.000011 
[T2xcross] t=17.5920 id=980 est=5.0000 svd=0.0763 rel=0.9847 track=2 sf=9
[T2depth] t=17.5920 id=1023 src=motion2 u=208.2 v=155.8 depth=5.0000 depth2=-1.0000 track=2 sf=9 flag=init_neg
[T2depth] t=17.5920 id=1026 src=motion2 u=12.9 v=7.7 depth=5.0000 depth2=-1.0000 track=2 sf=9 flag=init_neg
[T2depth] t=17.5920 id=1035 src=motion2 u=76.0 v=112.0 depth=5.0000 depth2=-1.0000 track=2 sf=9 flag=init_neg
[T2depth] t=17.5920 id=1036 src=motion2 u=224.0 v=111.0 depth=5.0000 depth2=-1.0000 track=2 sf=9 flag=init_neg
[T2depth] t=17.5920 id=1038 src=stereo u=517.9 v=172.9 depth=4.0670 depth2=-1.0000 track=1 sf=10 flag=ok
[T2depth] t=17.5920 id=1043 src=stereo u=421.0 v=161.0 depth=4.0846 depth2=-1.0000 track=1 sf=10 flag=ok
[T2depth] t=17.5920 id=1049 src=stereo u=114.0 v=196.0 depth=5.0000 depth2=-1.0000 track=1 sf=10 flag=init_neg
[T2depth] t=17.5920 id=1051 src=stereo u=361.0 v=199.0 depth=3.6534 depth2=-1.0000 track=1 sf=10 flag=ok
[T2depth] t=17.5920 id=1053 src=stereo u=240.0 v=193.0 depth=5.0000 depth2=-1.0000 track=1 sf=10 flag=init_neg
[T2gate] t=17.5920 tri=55 rej=0 xrej=0 init_replace=6 gate=0
[T2slv] t=17.5920 phase=1 init_cost=139.136 final_cost=134.761 iters=6 term=0 slv_ms=13.3
[T2diag] t=17.5920 P=[-0.0337 0.0063 -0.0018] V=[0.0018 -0.0039 -0.0043] |Bas|=0.124286 |Bgs|=0.0008137 Bas=[-0.119693 -0.033469 -0.000544] Bgs=[0.0001167 -0.0001926 0.0007819] tic0=[0.1200 0.0500 -0.0200] tic1=[0.1200 -0.0500 -0.0200] td=0.00000 track=135
[E2uls] flag=1 sh_t=17.644 new_t=17.644 dP=[0.0006 -0.0002 -0.0001] |dP|=0.0006 first_dt=-1.0000
time: 17.592000, t: -0.033710 0.006341 -0.001758 q: 0.999967 0.001136 -0.008011 0.000061 
[T2depth] t=17.6920 id=1040 src=motion2 u=563.7 v=268.0 depth=2.0604 depth2=-1.0000 track=2 sf=9 flag=ok
[T2depth] t=17.6920 id=1046 src=motion2 u=610.0 v=125.0 depth=0.0588 depth2=-1.0000 track=2 sf=9 flag=ok
[T2depth] t=17.6920 id=1050 src=motion2 u=36.0 v=40.0 depth=5.0000 depth2=-1.0000 track=2 sf=9 flag=init_neg
[T2depth] t=17.6920 id=1052 src=motion2 u=143.0 v=76.0 depth=0.0146 depth2=-1.0000 track=2 sf=9 flag=ok
[T2depth] t=17.6920 id=1054 src=motion2 u=54.0 v=240.0 depth=5.0000 depth2=-1.0000 track=2 sf=9 flag=init_neg
[T2depth] t=17.6920 id=1058 src=stereo u=528.6 v=113.1 depth=4.3580 depth2=-1.0000 track=1 sf=10 flag=ok
[T2depth] t=17.6920 id=1059 src=stereo u=405.9 v=125.6 depth=5.0000 depth2=-1.0000 track=1 sf=10 flag=init_neg
[T2depth] t=17.6920 id=1063 src=stereo u=491.0 v=109.0 depth=3.6323 depth2=-1.0000 track=1 sf=10 flag=ok
[T2gate] t=17.6920 tri=50 rej=0 xrej=0 init_replace=3 gate=0
[T2slv] t=17.6920 phase=1 init_cost=137.256 final_cost=135.621 iters=7 term=0 slv_ms=13.1
[T2diag] t=17.6920 P=[-0.0342 0.0072 -0.0025] V=[0.0028 -0.0016 -0.0061] |Bas|=0.123923 |Bgs|=0.0008094 Bas=[-0.119414 -0.033117 -0.000677] Bgs=[0.0001353 -0.0001964 0.0007734] tic0=[0.1200 0.0500 -0.0200] tic1=[0.1200 -0.0500 -0.0200] td=0.00000 track=139
[E2uls] flag=1 sh_t=17.744 new_t=17.744 dP=[0.0010 -0.0017 -0.0005] |dP|=0.0021 first_dt=-1.0000
time: 17.692000, t: -0.034187 0.007155 -0.002456 q: 0.999967 0.000900 -0.008084 -0.000026 
[T2depth] t=17.7920 id=1061 src=motion2 u=190.4 v=43.0 depth=0.0110 depth2=-1.0000 track=2 sf=9 flag=ok
[T2depth] t=17.7920 id=1065 src=motion2 u=596.0 v=14.0 depth=5.0000 depth2=-1.0000 track=2 sf=9 flag=init_neg
[T2depth] t=17.7920 id=1069 src=stereo u=77.1 v=151.5 depth=35.0968 depth2=-1.0000 track=1 sf=10 flag=ok
[T2depth] t=17.7920 id=1070 src=stereo u=594.2 v=169.5 depth=5.0000 depth2=-1.0000 track=1 sf=10 flag=init_neg
[T2depth] t=17.7920 id=1074 src=stereo u=289.2 v=60.0 depth=41.8283 depth2=-1.0000 track=1 sf=10 flag=ok
[T2depth] t=17.7920 id=1079 src=stereo u=131.0 v=28.0 depth=40.3781 depth2=-1.0000 track=1 sf=10 flag=ok
[T2depth] t=17.7920 id=1080 src=stereo u=590.0 v=69.0 depth=43.6803 depth2=-1.0000 track=1 sf=10 flag=ok
[T2depth] t=17.7920 id=1084 src=stereo u=382.0 v=78.0 depth=3.4927 depth2=-1.0000 track=1 sf=10 flag=ok
[T2gate] t=17.7920 tri=52 rej=0 xrej=0 init_replace=2 gate=0
[T2slv] t=17.7920 phase=1 init_cost=139.425 final_cost=137.367 iters=7 term=0 slv_ms=13.9
[T2diag] t=17.7920 P=[-0.0356 0.0080 -0.0023] V=[0.0039 -0.0027 -0.0060] |Bas|=0.127598 |Bgs|=0.0007936 Bas=[-0.122651 -0.035167 -0.001130] Bgs=[0.0001339 -0.0002034 0.0007553] tic0=[0.1200 0.0500 -0.0200] tic1=[0.1200 -0.0500 -0.0200] td=0.00000 track=135
[E2uls] flag=1 sh_t=17.852 new_t=17.852 dP=[0.0019 -0.0011 -0.0019] |dP|=0.0029 first_dt=-1.0000
time: 17.792000, t: -0.035601 0.007994 -0.002293 q: 0.999967 0.001039 -0.008076 0.000007 
[T2depth] t=17.8920 id=1071 src=motion2 u=498.3 v=149.1 depth=0.2365 depth2=-1.0000 track=2 sf=9 flag=ok
[T2depth] t=17.8920 id=1073 src=motion2 u=237.7 v=87.1 depth=5.0000 depth2=-1.0000 track=2 sf=9 flag=init_neg
[T2xcross] t=17.8920 id=1074 est=41.8283 svd=0.0193 rel=0.9995 track=2 sf=9
[T2depth] t=17.8920 id=1076 src=motion2 u=161.1 v=110.6 depth=0.1361 depth2=-1.0000 track=2 sf=9 flag=ok
[T2depth] t=17.8920 id=1083 src=motion2 u=549.0 v=115.0 depth=5.0000 depth2=-1.0000 track=2 sf=9 flag=init_neg
[T2xcross] t=17.8920 id=1084 est=3.4927 svd=0.2766 rel=0.9208 track=2 sf=9
[T2depth] t=17.8920 id=1089 src=stereo u=493.5 v=67.7 depth=3.2343 depth2=-1.0000 track=1 sf=10 flag=ok
[T2depth] t=17.8920 id=1090 src=stereo u=555.5 v=42.1 depth=5.0000 depth2=-1.0000 track=1 sf=10 flag=init_neg
[T2gate] t=17.8920 tri=49 rej=0 xrej=0 init_replace=3 gate=0
[T2slv] t=17.8920 phase=1 init_cost=140.933 final_cost=137.639 iters=5 term=0 slv_ms=9.7
[T2diag] t=17.8920 P=[-0.0359 0.0089 -0.0020] V=[0.0029 -0.0028 -0.0050] |Bas|=0.130778 |Bgs|=0.0007762 Bas=[-0.125587 -0.036458 -0.001269] Bgs=[0.0001197 -0.0001856 0.0007441] tic0=[0.1200 0.0500 -0.0200] tic1=[0.1200 -0.0500 -0.0200] td=0.00000 track=139
[E2uls] flag=1 sh_t=17.956 new_t=17.956 dP=[0.0012 -0.0012 -0.0015] |dP|=0.0023 first_dt=-1.0000
time: 17.892000, t: -0.035906 0.008939 -0.001951 q: 0.999967 0.000939 -0.008108 0.000018 
[T2xcross] t=18.0240 id=1071 est=0.2365 svd=0.0544 rel=0.7699 track=2 sf=9
[T2depth] t=18.0240 id=1085 src=motion2 u=147.7 v=151.3 depth=5.0000 depth2=-1.0000 track=2 sf=9 flag=init_neg
[T2depth] t=18.0240 id=1086 src=motion2 u=38.9 v=174.1 depth=5.0000 depth2=-1.0000 track=2 sf=9 flag=init_neg
[T2depth] t=18.0240 id=1088 src=motion2 u=267.9 v=148.4 depth=0.2717 depth2=-1.0000 track=2 sf=9 flag=ok
[T2depth] t=18.0240 id=1091 src=motion2 u=229.0 v=149.0 depth=5.0000 depth2=-1.0000 track=2 sf=9 flag=init_neg
[T2depth] t=18.0240 id=1092 src=motion2 u=393.0 v=155.0 depth=0.0822 depth2=-1.0000 track=2 sf=9 flag=ok
[T2depth] t=18.0240 id=1095 src=motion2 u=623.0 v=56.0 depth=0.1131 depth2=-1.0000 track=2 sf=9 flag=ok
[T2depth] t=18.0240 id=1098 src=stereo u=486.7 v=32.6 depth=5.1510 depth2=-1.0000 track=1 sf=10 flag=ok
[T2depth] t=18.0240 id=1100 src=stereo u=415.7 v=185.1 depth=3.9381 depth2=-1.0000 track=1 sf=10 flag=ok
[T2depth] t=18.0240 id=1108 src=stereo u=76.0 v=99.0 depth=35.9059 depth2=-1.0000 track=1 sf=10 flag=ok
[T2gate] t=18.0240 tri=48 rej=0 xrej=0 init_replace=3 gate=0
[T2slv] t=18.0240 phase=1 init_cost=139.746 final_cost=137.241 iters=8 term=0 slv_ms=18.6
[T2diag] t=18.0240 P=[-0.0373 0.0098 -0.0020] V=[0.0022 -0.0032 -0.0087] |Bas|=0.132826 |Bgs|=0.0007513 Bas=[-0.127448 -0.037393 -0.001244] Bgs=[0.0000867 -0.0001701 0.0007266] tic0=[0.1200 0.0500 -0.0200] tic1=[0.1200 -0.0500 -0.0200] td=0.00000 track=140
[E2uls] flag=1 sh_t=18.104 new_t=18.104 dP=[0.0029 -0.0019 -0.0015] |dP|=0.0038 first_dt=-1.0000
time: 18.024000, t: -0.037302 0.009793 -0.002012 q: 0.999965 0.000909 -0.008286 -0.000024 
[T2depth] t=18.1280 id=1102 src=motion2 u=289.0 v=210.0 depth=5.0000 depth2=-1.0000 track=2 sf=9 flag=init_neg
[T2depth] t=18.1280 id=1104 src=motion2 u=256.0 v=210.0 depth=5.0000 depth2=-1.0000 track=2 sf=9 flag=init_neg
[T2depth] t=18.1280 id=1105 src=motion2 u=600.0 v=208.0 depth=5.0000 depth2=-1.0000 track=2 sf=9 flag=init_neg
[T2depth] t=18.1280 id=1106 src=motion2 u=108.0 v=194.0 depth=5.0000 depth2=-1.0000 track=2 sf=9 flag=init_neg
[T2depth] t=18.1280 id=1110 src=stereo u=329.2 v=140.3 depth=5.0000 depth2=-1.0000 track=1 sf=10 flag=init_neg
[T2depth] t=18.1280 id=1118 src=stereo u=432.0 v=191.0 depth=3.8675 depth2=-1.0000 track=1 sf=10 flag=ok
[T2gate] t=18.1280 tri=47 rej=0 xrej=0 init_replace=5 gate=0
[T2slv] t=18.1280 phase=1 init_cost=143.121 final_cost=139.205 iters=9 term=1 slv_ms=16.5
[T2diag] t=18.1280 P=[-0.0375 0.0092 -0.0018] V=[0.0032 -0.0049 -0.0096] |Bas|=0.132125 |Bgs|=0.0006906 Bas=[-0.126455 -0.038268 -0.001305] Bgs=[0.0000590 -0.0001769 0.0006650] tic0=[0.1200 0.0500 -0.0200] tic1=[0.1200 -0.0500 -0.0200] td=0.00000 track=139
[E2uls] flag=1 sh_t=18.180 new_t=18.180 dP=[0.0007 -0.0001 -0.0016] |dP|=0.0017 first_dt=-1.0000
time: 18.128000, t: -0.037528 0.009171 -0.001810 q: 0.999966 0.000901 -0.008233 -0.000052 
[T2xcross] t=18.2560 id=1110 est=5.0000 svd=0.4810 rel=0.9038 track=2 sf=9
[T2depth] t=18.2560 id=1111 src=motion2 u=500.2 v=68.8 depth=0.2274 depth2=-1.0000 track=2 sf=9 flag=ok
[T2depth] t=18.2560 id=1114 src=motion2 u=569.0 v=85.0 depth=5.0000 depth2=-1.0000 track=2 sf=9 flag=init_neg
[T2depth] t=18.2560 id=1115 src=motion2 u=234.0 v=94.0 depth=5.0000 depth2=-1.0000 track=2 sf=9 flag=init_neg
[T2depth] t=18.2560 id=1119 src=motion2 u=311.0 v=59.0 depth=0.5519 depth2=-1.0000 track=2 sf=9 flag=ok
[T2depth] t=18.2560 id=1120 src=motion2 u=139.0 v=175.0 depth=0.9355 depth2=-1.0000 track=2 sf=9 flag=ok
[T2depth] t=18.2560 id=1127 src=stereo u=403.0 v=167.0 depth=4.1591 depth2=-1.0000 track=1 sf=10 flag=ok
[T2depth] t=18.2560 id=1132 src=stereo u=260.0 v=138.0 depth=28.5068 depth2=-1.0000 track=1 sf=10 flag=ok
[T2gate] t=18.2560 tri=48 rej=0 xrej=0 init_replace=2 gate=0
[T2slv] t=18.2560 phase=1 init_cost=139.61 final_cost=136.514 iters=9 term=1 slv_ms=23.3
[T2diag] t=18.2560 P=[-0.0361 0.0087 -0.0018] V=[0.0049 -0.0083 -0.0054] |Bas|=0.134787 |Bgs|=0.0006574 Bas=[-0.128342 -0.041148 -0.001622] Bgs=[0.0000310 -0.0001682 0.0006348] tic0=[0.1200 0.0500 -0.0200] tic1=[0.1200 -0.0500 -0.0200] td=0.00000 track=140
[E2uls] flag=1 sh_t=18.312 new_t=18.312 dP=[-0.0008 -0.0004 -0.0017] |dP|=0.0019 first_dt=-1.0000
time: 18.256000, t: -0.036128 0.008666 -0.001823 q: 0.999965 0.001069 -0.008305 0.000005 
[T2xcross] t=18.3560 id=1083 est=5.0000 svd=0.0880 rel=0.9824 track=2 sf=9
[T2xcross] t=18.3560 id=1111 est=0.2274 svd=0.1161 rel=0.4894 track=2 sf=9
[T2depth] t=18.3560 id=1125 src=motion2 u=619.0 v=36.0 depth=0.2531 depth2=-1.0000 track=2 sf=9 flag=ok
[T2depth] t=18.3560 id=1128 src=motion2 u=264.0 v=60.0 depth=5.0000 depth2=-1.0000 track=2 sf=9 flag=init_neg
[T2depth] t=18.3560 id=1129 src=motion2 u=536.0 v=181.0 depth=0.0594 depth2=-1.0000 track=2 sf=9 flag=ok
[T2depth] t=18.3560 id=1131 src=motion2 u=15.0 v=146.0 depth=5.0000 depth2=-1.0000 track=2 sf=9 flag=init_neg
[T2depth] t=18.3560 id=1133 src=motion2 u=553.0 v=275.0 depth=5.0000 depth2=-1.0000 track=2 sf=9 flag=init_neg
[T2depth] t=18.3560 id=1135 src=stereo u=373.9 v=70.7 depth=3.7300 depth2=-1.0000 track=1 sf=10 flag=ok
[T2depth] t=18.3560 id=1136 src=stereo u=598.6 v=175.0 depth=5.0000 depth2=-1.0000 track=1 sf=10 flag=init_neg
[T2depth] t=18.3560 id=1138 src=stereo u=107.6 v=120.1 depth=5.0000 depth2=-1.0000 track=1 sf=10 flag=init_neg
[T2depth] t=18.3560 id=1140 src=stereo u=415.0 v=204.8 depth=4.2401 depth2=-1.0000 track=1 sf=10 flag=ok
[T2depth] t=18.3560 id=1142 src=stereo u=203.0 v=84.0 depth=32.7884 depth2=-1.0000 track=1 sf=10 flag=ok
[T2gate] t=18.3560 tri=45 rej=0 xrej=0 init_replace=5 gate=0
[T2slv] t=18.3560 phase=1 init_cost=135.009 final_cost=133.039 iters=9 term=1 slv_ms=13.6
[T2diag] t=18.3560 P=[-0.0351 0.0080 -0.0019] V=[0.0036 -0.0069 -0.0069] |Bas|=0.132015 |Bgs|=0.0006488 Bas=[-0.125249 -0.041699 -0.001345] Bgs=[0.0000332 -0.0001670 0.0006261] tic0=[0.1200 0.0500 -0.0200] tic1=[0.1200 -0.0500 -0.0200] td=0.00000 track=142
[E2uls] flag=1 sh_t=18.396 new_t=18.396 dP=[-0.0003 -0.0004 -0.0005] |dP|=0.0007 first_dt=-1.0000
time: 18.356000, t: -0.035108 0.007981 -0.001939 q: 0.999965 0.001198 -0.008240 -0.000006 
[T2xcross] t=18.4600 id=1127 est=4.1591 svd=0.1684 rel=0.9595 track=2 sf=9
[T2xcross] t=18.4600 id=1135 est=3.7300 svd=0.0610 rel=0.9836 track=2 sf=9
[T2xcross] t=18.4600 id=1140 est=4.2401 svd=0.0309 rel=0.9927 track=2 sf=9
[T2depth] t=18.4600 id=1143 src=motion2 u=85.0 v=172.0 depth=0.1278 depth2=-1.0000 track=2 sf=9 flag=ok
[T2depth] t=18.4600 id=1146 src=stereo u=208.6 v=138.6 depth=5.0000 depth2=-1.0000 track=1 sf=10 flag=init_neg
[T2depth] t=18.4600 id=1149 src=stereo u=152.0 v=38.0 depth=5.0000 depth2=-1.0000 track=1 sf=10 flag=init_neg
[T2gate] t=18.4600 tri=40 rej=0 xrej=0 init_replace=2 gate=0
[T2slv] t=18.4600 phase=1 init_cost=134.55 final_cost=132.884 iters=6 term=0 slv_ms=15.5
[T2diag] t=18.4600 P=[-0.0349 0.0085 -0.0018] V=[0.0055 -0.0085 -0.0032] |Bas|=0.136576 |Bgs|=0.0006607 Bas=[-0.129237 -0.044130 -0.001807] Bgs=[0.0000302 -0.0001575 0.0006409] tic0=[0.1200 0.0500 -0.0200] tic1=[0.1200 -0.0500 -0.0200] td=0.00000 track=142
[E2uls] flag=1 sh_t=18.524 new_t=18.524 dP=[0.0004 -0.0014 -0.0018] |dP|=0.0023 first_dt=-1.0000
time: 18.460000, t: -0.034913 0.008464 -0.001814 q: 0.999965 0.001304 -0.008318 0.000037 
[T2depth] t=18.5560 id=1147 src=motion2 u=157.0 v=201.0 depth=5.0000 depth2=-1.0000 track=2 sf=9 flag=init_neg
[T2depth] t=18.5560 id=1148 src=motion2 u=23.0 v=72.0 depth=0.0688 depth2=-1.0000 track=2 sf=9 flag=ok
[T2depth] t=18.5560 id=1151 src=motion2 u=87.0 v=13.0 depth=0.6232 depth2=-1.0000 track=2 sf=9 flag=ok
[T2depth] t=18.5560 id=1154 src=stereo u=358.4 v=112.0 depth=3.9890 depth2=-1.0000 track=1 sf=10 flag=ok
[T2depth] t=18.5560 id=1159 src=stereo u=288.0 v=197.0 depth=5.0000 depth2=-1.0000 track=1 sf=10 flag=init_neg
[T2gate] t=18.5560 tri=45 rej=0 xrej=0 init_replace=2 gate=0
[T2slv] t=18.5560 phase=1 init_cost=134.486 final_cost=132.385 iters=9 term=1 slv_ms=19.4
[T2diag] t=18.5560 P=[-0.0364 0.0094 -0.0021] V=[0.0021 -0.0089 -0.0054] |Bas|=0.134726 |Bgs|=0.0006478 Bas=[-0.126964 -0.045042 -0.001576] Bgs=[0.0000060 -0.0001361 0.0006333] tic0=[0.1200 0.0500 -0.0200] tic1=[0.1200 -0.0500 -0.0200] td=0.00000 track=140
[E2uls] flag=1 sh_t=18.600 new_t=18.600 dP=[0.0024 -0.0025 -0.0002] |dP|=0.0035 first_dt=-1.0000
time: 18.556000, t: -0.036404 0.009363 -0.002094 q: 0.999965 0.001147 -0.008280 -0.000055 
[T2xcross] t=18.6560 id=1115 est=5.0000 svd=0.0158 rel=0.9968 track=2 sf=9
[T2depth] t=18.6560 id=1152 src=motion2 u=71.3 v=58.0 depth=5.0000 depth2=-1.0000 track=2 sf=9 flag=init_neg
[T2depth] t=18.6560 id=1153 src=motion2 u=26.7 v=118.1 depth=0.0008 depth2=-1.0000 track=2 sf=9 flag=ok
[T2depth] t=18.6560 id=1156 src=motion2 u=345.6 v=233.0 depth=0.3089 depth2=-1.0000 track=2 sf=9 flag=ok
[T2depth] t=18.6560 id=1157 src=motion2 u=450.0 v=175.9 depth=0.1262 depth2=-1.0000 track=2 sf=9 flag=ok
[T2depth] t=18.6560 id=1158 src=motion2 u=8.0 v=182.0 depth=5.0000 depth2=-1.0000 track=2 sf=9 flag=init_neg
[T2xcross] t=18.6560 id=1159 est=5.0000 svd=0.0113 rel=0.9977 track=2 sf=9
[T2depth] t=18.6560 id=1161 src=motion2 u=120.0 v=57.0 depth=5.0000 depth2=-1.0000 track=2 sf=9 flag=init_neg
[T2depth] t=18.6560 id=1162 src=motion2 u=262.0 v=39.0 depth=0.1823 depth2=-1.0000 track=2 sf=9 flag=ok
[T2gate] t=18.6560 tri=44 rej=0 xrej=0 init_replace=3 gate=0
[T2slv] t=18.6560 phase=1 init_cost=133.976 final_cost=133.007 iters=9 term=1 slv_ms=17.1
[T2diag] t=18.6560 P=[-0.0356 0.0087 -0.0022] V=[0.0040 -0.0127 -0.0066] |Bas|=0.134275 |Bgs|=0.0006469 Bas=[-0.126064 -0.046206 -0.001597] Bgs=[0.0000029 -0.0001314 0.0006334] tic0=[0.1200 0.0500 -0.0200] tic1=[0.1200 -0.0500 -0.0200] td=0.00000 track=143
[E2uls] flag=1 sh_t=18.696 new_t=18.696 dP=[-0.0005 -0.0006 -0.0007] |dP|=0.0010 first_dt=-1.0000
time: 18.656000, t: -0.035557 0.008743 -0.002193 q: 0.999965 0.001501 -0.008250 -0.000016 
[T2xcross] t=18.7560 id=1076 est=0.1361 svd=0.1498 rel=0.0914 track=2 sf=9
[T2depth] t=18.7560 id=1163 src=motion2 u=154.3 v=30.5 depth=0.0949 depth2=-1.0000 track=2 sf=9 flag=ok
[T2depth] t=18.7560 id=1164 src=motion2 u=349.5 v=167.8 depth=0.2151 depth2=-1.0000 track=2 sf=9 flag=ok
[T2depth] t=18.7560 id=1169 src=motion2 u=581.0 v=145.0 depth=0.9388 depth2=-1.0000 track=2 sf=9 flag=ok
[T2depth] t=18.7560 id=1170 src=motion2 u=63.0 v=92.0 depth=0.4447 depth2=-1.0000 track=2 sf=9 flag=ok
[T2depth] t=18.7560 id=1171 src=motion2 u=568.0 v=204.0 depth=5.0000 depth2=-1.0000 track=2 sf=9 flag=init_neg
[T2depth] t=18.7560 id=1172 src=motion2 u=553.0 v=33.0 depth=5.0000 depth2=-1.0000 track=2 sf=9 flag=init_neg
[T2depth] t=18.7560 id=1173 src=motion2 u=42.0 v=44.0 depth=0.1113 depth2=-1.0000 track=2 sf=9 flag=ok
[T2depth] t=18.7560 id=1181 src=stereo u=527.0 v=18.0 depth=3.6079 depth2=-1.0000 track=1 sf=10 flag=ok
[T2depth] t=18.7560 id=1182 src=stereo u=279.0 v=146.0 depth=34.7824 depth2=-1.0000 track=1 sf=10 flag=ok
[T2depth] t=18.7560 id=1183 src=stereo u=101.0 v=167.0 depth=45.6631 depth2=-1.0000 track=1 sf=10 flag=ok
[T2gate] t=18.7560 tri=44 rej=0 xrej=0 init_replace=2 gate=0
[T2slv] t=18.7560 phase=1 init_cost=138.224 final_cost=135.122 iters=7 term=0 slv_ms=17.7
[T2diag] t=18.7560 P=[-0.0319 0.0063 -0.0009] V=[0.0034 -0.0139 0.0034] |Bas|=0.141420 |Bgs|=0.0006770 Bas=[-0.132849 -0.048443 -0.001984] Bgs=[0.0000446 -0.0001305 0.0006628] tic0=[0.1200 0.0500 -0.0200] tic1=[0.1200 -0.0500 -0.0200] td=0.00000 track=142
[E2uls] flag=1 sh_t=18.816 new_t=18.816 dP=[-0.0035 0.0006 -0.0019] |dP|=0.0041 first_dt=-1.0000
time: 18.756000, t: -0.031935 0.006289 -0.000871 q: 0.999963 0.001721 -0.008398 0.000132 
[T2depth] t=18.8560 id=1180 src=motion2 u=94.0 v=243.0 depth=5.0000 depth2=-1.0000 track=2 sf=9 flag=init_neg
[T2depth] t=18.8560 id=1187 src=stereo u=397.9 v=29.5 depth=3.9603 depth2=-1.0000 track=1 sf=10 flag=ok
[T2depth] t=18.8560 id=1190 src=stereo u=451.0 v=209.9 depth=3.8793 depth2=-1.0000 track=1 sf=10 flag=ok
[T2depth] t=18.8560 id=1191 src=stereo u=74.2 v=82.4 depth=5.0000 depth2=-1.0000 track=1 sf=10 flag=init_neg
[T2depth] t=18.8560 id=1196 src=stereo u=191.0 v=12.0 depth=5.0000 depth2=-1.0000 track=1 sf=10 flag=init_neg
[T2gate] t=18.8560 tri=49 rej=0 xrej=0 init_replace=3 gate=0
[T2slv] t=18.8560 phase=1 init_cost=140.281 final_cost=135.378 iters=9 term=1 slv_ms=26.5
[T2diag] t=18.8560 P=[-0.0336 0.0080 -0.0013] V=[-0.0015 -0.0047 -0.0033] |Bas|=0.134618 |Bgs|=0.0007019 Bas=[-0.126824 -0.045120 -0.001307] Bgs=[0.0000957 -0.0001262 0.0006838] tic0=[0.1200 0.0500 -0.0200] tic1=[0.1200 -0.0500 -0.0200] td=0.00000 track=135
[E2uls] flag=1 sh_t=18.908 new_t=18.908 dP=[0.0021 -0.0045 0.0014] |dP|=0.0052 first_dt=-1.0000
time: 18.856000, t: -0.033637 0.007953 -0.001340 q: 0.999965 0.001472 -0.008253 -0.000018 
[T2xcross] t=18.9560 id=1157 est=0.1262 svd=0.0579 rel=0.5412 track=2 sf=9
[T2depth] t=18.9560 id=1185 src=motion2 u=233.0 v=68.9 depth=0.0015 depth2=-1.0000 track=2 sf=9 flag=ok
[T2xcross] t=18.9560 id=1187 est=3.9603 svd=0.0474 rel=0.9880 track=2 sf=9
[T2xcross] t=18.9560 id=1190 est=3.8793 svd=0.1392 rel=0.9641 track=2 sf=9
[T2depth] t=18.9560 id=1193 src=motion2 u=163.0 v=225.0 depth=0.0764 depth2=-1.0000 track=2 sf=9 flag=ok
[T2depth] t=18.9560 id=1194 src=motion2 u=622.0 v=122.0 depth=5.0000 depth2=-1.0000 track=2 sf=9 flag=init_neg
[T2depth] t=18.9560 id=1195 src=motion2 u=216.0 v=105.0 depth=5.0000 depth2=-1.0000 track=2 sf=9 flag=init_neg
[T2depth] t=18.9560 id=1197 src=motion2 u=20.0 v=84.0 depth=0.2601 depth2=-1.0000 track=2 sf=9 flag=ok
[T2depth] t=18.9560 id=1198 src=motion2 u=549.0 v=173.0 depth=0.0216 depth2=-1.0000 track=2 sf=9 flag=ok
[T2gate] t=18.9560 tri=46 rej=0 xrej=0 init_replace=2 gate=0
[T2slv] t=18.9560 phase=1 init_cost=135.779 final_cost=133.995 iters=9 term=1 slv_ms=12.8
[T2diag] t=18.9560 P=[-0.0357 0.0088 -0.0015] V=[-0.0028 -0.0045 -0.0025] |Bas|=0.131585 |Bgs|=0.0006913 Bas=[-0.124533 -0.042476 -0.001385] Bgs=[0.0001014 -0.0001532 0.0006665] tic0=[0.1200 0.0500 -0.0200] tic1=[0.1200 -0.0500 -0.0200] td=0.00000 track=144
[E2uls] flag=1 sh_t=18.996 new_t=18.996 dP=[0.0014 -0.0015 -0.0002] |dP|=0.0021 first_dt=-1.0000
time: 18.956000, t: -0.035657 0.008848 -0.001521 q: 0.999966 0.001285 -0.008167 -0.000043 
[T2xcross] t=19.0560 id=1185 est=0.0015 svd=0.0348 rel=0.9568 track=2 sf=9
[T2depth] t=19.0560 id=1200 src=motion2 u=385.6 v=166.4 depth=0.0660 depth2=-1.0000 track=2 sf=9 flag=ok
[T2depth] t=19.0560 id=1201 src=motion2 u=325.0 v=92.4 depth=5.0000 depth2=-1.0000 track=2 sf=9 flag=init_neg
[T2depth] t=19.0560 id=1205 src=motion2 u=384.0 v=281.0 depth=5.0000 depth2=-1.0000 track=2 sf=9 flag=init_neg
[T2depth] t=19.0560 id=1216 src=stereo u=279.0 v=14.0 depth=5.0000 depth2=-1.0000 track=1 sf=10 flag=init_neg
[T2depth] t=19.0560 id=1220 src=stereo u=473.0 v=103.0 depth=4.2052 depth2=-1.0000 track=1 sf=10 flag=ok
[T2gate] t=19.0560 tri=47 rej=0 xrej=0 init_replace=3 gate=0
[T2slv] t=19.0560 phase=1 init_cost=138.365 final_cost=135.242 iters=9 term=1 slv_ms=30.5
[T2diag] t=19.0560 P=[-0.0352 0.0097 -0.0016] V=[-0.0007 0.0000 -0.0041] |Bas|=0.126594 |Bgs|=0.0006733 Bas=[-0.120124 -0.039931 -0.001384] Bgs=[0.0001277 -0.0001785 0.0006366] tic0=[0.1200 0.0500 -0.0200] tic1=[0.1200 -0.0500 -0.0200] td=0.00000 track=138
[E2uls] flag=1 sh_t=19.112 new_t=19.112 dP=[-0.0009 -0.0018 -0.0002] |dP|=0.0020 first_dt=-1.0000
time: 19.056000, t: -0.035223 0.009686 -0.001609 q: 0.999967 0.001257 -0.007964 -0.000153 
[T2xcross] t=19.1560 id=1169 est=0.9388 svd=0.0193 rel=0.9795 track=2 sf=9
[T2depth] t=19.1560 id=1207 src=motion2 u=337.5 v=178.4 depth=5.0000 depth2=-1.0000 track=2 sf=9 flag=init_neg
[T2depth] t=19.1560 id=1209 src=motion2 u=69.1 v=200.5 depth=5.0000 depth2=-1.0000 track=2 sf=9 flag=init_neg
[T2depth] t=19.1560 id=1210 src=motion2 u=410.6 v=73.9 depth=0.0523 depth2=-1.0000 track=2 sf=9 flag=ok
[T2depth] t=19.1560 id=1213 src=motion2 u=261.0 v=99.0 depth=0.0397 depth2=-1.0000 track=2 sf=9 flag=ok
[T2xcross] t=19.1560 id=1216 est=5.0000 svd=0.0600 rel=0.9880 track=2 sf=9
[T2depth] t=19.1560 id=1217 src=motion2 u=180.0 v=22.0 depth=0.0837 depth2=-1.0000 track=2 sf=9 flag=ok
[T2depth] t=19.1560 id=1219 src=motion2 u=512.0 v=109.0 depth=5.0000 depth2=-1.0000 track=2 sf=9 flag=init_neg
[T2depth] t=19.1560 id=1221 src=stereo u=353.1 v=138.9 depth=5.0000 depth2=-1.0000 track=1 sf=10 flag=init_neg
[T2depth] t=19.1560 id=1225 src=stereo u=513.0 v=207.0 depth=3.7445 depth2=-1.0000 track=1 sf=10 flag=ok
[T2depth] t=19.1560 id=1227 src=stereo u=215.0 v=144.0 depth=26.0669 depth2=-1.0000 track=1 sf=10 flag=ok
[T2gate] t=19.1560 tri=46 rej=0 xrej=0 init_replace=4 gate=0
[T2slv] t=19.1560 phase=1 init_cost=136.962 final_cost=135.64 iters=3 term=0 slv_ms=7.9
[T2diag] t=19.1560 P=[-0.0351 0.0091 -0.0017] V=[-0.0002 -0.0047 -0.0040] |Bas|=0.127182 |Bgs|=0.0006588 Bas=[-0.120931 -0.039356 -0.001421] Bgs=[0.0001185 -0.0002077 0.0006139] tic0=[0.1200 0.0500 -0.0200] tic1=[0.1200 -0.0500 -0.0200] td=0.00000 track=143
[E2uls] flag=1 sh_t=19.216 new_t=19.216 dP=[-0.0003 0.0013 -0.0005] |dP|=0.0014 first_dt=-1.0000
time: 19.156000, t: -0.035129 0.009124 -0.001681 q: 0.999967 0.001138 -0.008061 -0.000045 
[T2xcross] t=19.2560 id=1201 est=5.0000 svd=0.3972 rel=0.9206 track=2 sf=9
[T2depth] t=19.2560 id=1224 src=motion2 u=623.0 v=173.0 depth=0.4414 depth2=-1.0000 track=2 sf=9 flag=ok
[T2xcross] t=19.2560 id=1225 est=3.7445 svd=0.0860 rel=0.9770 track=2 sf=9
[T2depth] t=19.2560 id=1226 src=motion2 u=298.0 v=38.0 depth=5.0000 depth2=-1.0000 track=2 sf=9 flag=init_neg
[T2xcross] t=19.2560 id=1227 est=26.0669 svd=0.0674 rel=0.9974 track=2 sf=9
[T2depth] t=19.2560 id=1231 src=stereo u=502.4 v=50.8 depth=3.5934 depth2=-1.0000 track=1 sf=10 flag=ok
[T2depth] t=19.2560 id=1234 src=stereo u=477.0 v=113.0 depth=4.2833 depth2=-1.0000 track=1 sf=10 flag=ok
[T2depth] t=19.2560 id=1236 src=stereo u=527.0 v=83.0 depth=3.5643 depth2=-1.0000 track=1 sf=10 flag=ok
[T2depth] t=19.2560 id=1238 src=stereo u=486.0 v=226.0 depth=3.8656 depth2=-1.0000 track=1 sf=10 flag=ok
[T2gate] t=19.2560 tri=41 rej=0 xrej=0 init_replace=1 gate=0
[T2slv] t=19.2560 phase=1 init_cost=137.387 final_cost=136.216 iters=9 term=1 slv_ms=11.5
[T2diag] t=19.2560 P=[-0.0373 0.0090 -0.0015] V=[0.0033 -0.0023 -0.0014] |Bas|=0.129481 |Bgs|=0.0006357 Bas=[-0.123376 -0.039244 -0.001894] Bgs=[0.0000912 -0.0002075 0.0005939] tic0=[0.1200 0.0500 -0.0200] tic1=[0.1200 -0.0500 -0.0200] td=0.00000 track=142
[E2uls] flag=1 sh_t=19.296 new_t=19.296 dP=[0.0025 -0.0005 -0.0010] |dP|=0.0027 first_dt=-1.0000
time: 19.256000, t: -0.037338 0.009049 -0.001549 q: 0.999967 0.001039 -0.008083 -0.000018 
[T2xcross] t=19.3560 id=985 est=1.7106 svd=5.8037 rel=0.7053 track=2 sf=9
[T2xcross] t=19.3560 id=1180 est=5.0000 svd=0.9175 rel=0.8165 track=2 sf=9
[T2xcross] t=19.3560 id=1231 est=3.5934 svd=0.7849 rel=0.7816 track=2 sf=9
[T2depth] t=19.3560 id=1233 src=motion2 u=599.0 v=478.1 depth=5.0000 depth2=-1.0000 track=2 sf=9 flag=init_neg
[T2depth] t=19.3560 id=1235 src=motion2 u=609.0 v=38.0 depth=0.0678 depth2=-1.0000 track=2 sf=9 flag=ok
[T2depth] t=19.3560 id=1243 src=stereo u=103.7 v=106.3 depth=37.5374 depth2=-1.0000 track=1 sf=10 flag=ok
[T2depth] t=19.3560 id=1246 src=stereo u=405.0 v=211.0 depth=3.5923 depth2=-1.0000 track=1 sf=10 flag=ok
[T2depth] t=19.3560 id=1247 src=stereo u=63.0 v=127.0 depth=42.2600 depth2=-1.0000 track=1 sf=10 flag=ok
[T2gate] t=19.3560 tri=45 rej=0 xrej=0 init_replace=1 gate=0
[T2slv] t=19.3560 phase=1 init_cost=138.772 final_cost=137.86 iters=4 term=0 slv_ms=15.8
[T2diag] t=19.3560 P=[-0.0389 0.0090 -0.0020] V=[0.0024 -0.0038 -0.0048] |Bas|=0.129505 |Bgs|=0.0006191 Bas=[-0.123644 -0.038487 -0.001537] Bgs=[0.0000580 -0.0002133 0.0005783] tic0=[0.1200 0.0500 -0.0200] tic1=[0.1200 -0.0500 -0.0200] td=0.00000 track=138
[E2uls] flag=1 sh_t=19.404 new_t=19.404 dP=[0.0023 0.0004 0.0002] |dP|=0.0023 first_dt=-1.0000
time: 19.356000, t: -0.038899 0.008960 -0.001978 q: 0.999966 0.001045 -0.008196 0.000037 
[T2depth] t=19.4560 id=1242 src=motion2 u=378.4 v=105.4 depth=0.0464 depth2=-1.0000 track=2 sf=9 flag=ok
[T2depth] t=19.4560 id=1245 src=motion2 u=618.0 v=171.0 depth=5.0000 depth2=-1.0000 track=2 sf=9 flag=init_neg
[T2xcross] t=19.4560 id=1247 est=42.2600 svd=0.0469 rel=0.9989 track=2 sf=9
[T2depth] t=19.4560 id=1248 src=motion2 u=562.0 v=53.0 depth=0.0461 depth2=-1.0000 track=2 sf=9 flag=ok
[T2depth] t=19.4560 id=1251 src=motion2 u=157.0 v=136.0 depth=5.0000 depth2=-1.0000 track=2 sf=9 flag=init_neg
[T2depth] t=19.4560 id=1259 src=stereo u=499.0 v=176.0 depth=4.4440 depth2=-1.0000 track=1 sf=10 flag=ok
[T2depth] t=19.4560 id=1261 src=stereo u=580.0 v=137.0 depth=5.0000 depth2=-1.0000 track=1 sf=10 flag=init_neg
[T2depth] t=19.4560 id=1262 src=stereo u=121.0 v=158.0 depth=5.0000 depth2=-1.0000 track=1 sf=10 flag=init_neg
[T2gate] t=19.4560 tri=49 rej=0 xrej=0 init_replace=4 gate=0
[T2slv] t=19.4560 phase=1 init_cost=141.318 final_cost=140.682 iters=9 term=1 slv_ms=10.2
[T2diag] t=19.4560 P=[-0.0401 0.0090 -0.0021] V=[0.0050 0.0006 -0.0017] |Bas|=0.130712 |Bgs|=0.0006137 Bas=[-0.125156 -0.037666 -0.001683] Bgs=[0.0000625 -0.0002322 0.0005646] tic0=[0.1200 0.0500 -0.0200] tic1=[0.1200 -0.0500 -0.0200] td=0.00000 track=139
[E2uls] flag=1 sh_t=19.508 new_t=19.508 dP=[0.0019 -0.0001 -0.0006] |dP|=0.0020 first_dt=-1.0000
time: 19.456000, t: -0.040053 0.009012 -0.002056 q: 0.999965 0.001196 -0.008247 0.000021 
[T2depth] t=19.5560 id=1255 src=motion2 u=382.9 v=282.0 depth=5.0000 depth2=-1.0000 track=2 sf=9 flag=init_neg
[T2xcross] t=19.5560 id=1259 est=4.4440 svd=0.0132 rel=0.9970 track=2 sf=9
[T2depth] t=19.5560 id=1260 src=motion2 u=39.0 v=58.0 depth=5.0000 depth2=-1.0000 track=2 sf=9 flag=init_neg
[T2depth] t=19.5560 id=1265 src=motion2 u=166.0 v=13.0 depth=5.0000 depth2=-1.0000 track=2 sf=9 flag=init_neg
[T2depth] t=19.5560 id=1269 src=stereo u=111.3 v=74.1 depth=5.0000 depth2=-1.0000 track=1 sf=10 flag=init_neg
[T2depth] t=19.5560 id=1270 src=stereo u=366.4 v=59.3 depth=3.8970 depth2=-1.0000 track=1 sf=10 flag=ok
[T2depth] t=19.5560 id=1278 src=stereo u=495.0 v=117.0 depth=3.9901 depth2=-1.0000 track=1 sf=10 flag=ok
[T2depth] t=19.5560 id=1280 src=stereo u=130.0 v=171.0 depth=31.3868 depth2=-1.0000 track=1 sf=10 flag=ok
[T2gate] t=19.5560 tri=48 rej=0 xrej=0 init_replace=4 gate=0
[T2slv] t=19.5560 phase=1 init_cost=141.477 final_cost=140.441 iters=5 term=0 slv_ms=15.4
[T2diag] t=19.5560 P=[-0.0380 0.0080 -0.0011] V=[0.0059 -0.0014 0.0011] |Bas|=0.135623 |Bgs|=0.0006086 Bas=[-0.130206 -0.037897 -0.001954] Bgs=[0.0000941 -0.0002252 0.0005575] tic0=[0.1200 0.0500 -0.0200] tic1=[0.1200 -0.0500 -0.0200] td=0.00000 track=139
[E2uls] flag=1 sh_t=19.604 new_t=19.604 dP=[-0.0014 0.0006 -0.0013] |dP|=0.0020 first_dt=-1.0000
time: 19.556000, t: -0.038024 0.008025 -0.001143 q: 0.999964 0.001195 -0.008378 0.000104 
[T2depth] t=19.6560 id=1274 src=motion2 u=295.0 v=48.0 depth=5.0000 depth2=-1.0000 track=2 sf=9 flag=init_neg
[T2depth] t=19.6560 id=1275 src=motion2 u=184.0 v=109.0 depth=5.0000 depth2=-1.0000 track=2 sf=9 flag=init_neg
[T2depth] t=19.6560 id=1276 src=motion2 u=258.0 v=43.0 depth=5.0000 depth2=-1.0000 track=2 sf=9 flag=init_neg
[T2depth] t=19.6560 id=1286 src=stereo u=407.4 v=101.4 depth=3.7161 depth2=-1.0000 track=1 sf=10 flag=ok
[T2gate] t=19.6560 tri=45 rej=0 xrej=0 init_replace=3 gate=0
[T2slv] t=19.6560 phase=1 init_cost=146.387 final_cost=144.834 iters=9 term=1 slv_ms=15.9
[T2diag] t=19.6560 P=[-0.0401 0.0101 -0.0014] V=[-0.0012 0.0026 -0.0009] |Bas|=0.139150 |Bgs|=0.0006036 Bas=[-0.133913 -0.037776 -0.001764] Bgs=[0.0000966 -0.0002024 0.0005604] tic0=[0.1200 0.0500 -0.0200] tic1=[0.1200 -0.0500 -0.0200] td=0.00000 track=141
[E2uls] flag=1 sh_t=19.732 new_t=19.732 dP=[0.0030 -0.0022 0.0003] |dP|=0.0037 first_dt=-1.0000
time: 19.656000, t: -0.040072 0.010050 -0.001431 q: 0.999962 0.001000 -0.008606 -0.000002 
[T2xcross] t=19.7280 id=1260 est=5.0000 svd=0.0350 rel=0.9930 track=2 sf=9
[T2depth] t=19.7280 id=1282 src=motion2 u=547.7 v=217.9 depth=0.0270 depth2=-1.0000 track=2 sf=9 flag=ok
[T2depth] t=19.7280 id=1284 src=motion2 u=204.9 v=189.0 depth=0.0094 depth2=-1.0000 track=2 sf=9 flag=ok
[T2depth] t=19.7280 id=1288 src=motion2 u=347.0 v=139.0 depth=0.0290 depth2=-1.0000 track=2 sf=9 flag=ok
[T2depth] t=19.7280 id=1291 src=motion2 u=90.0 v=190.0 depth=5.0000 depth2=-1.0000 track=2 sf=9 flag=init_neg
[T2depth] t=19.7280 id=1295 src=stereo u=45.0 v=196.0 depth=5.0000 depth2=-1.0000 track=1 sf=10 flag=init_neg
[T2depth] t=19.7280 id=1297 src=stereo u=513.7 v=214.7 depth=4.3480 depth2=-1.0000 track=1 sf=10 flag=ok
[T2depth] t=19.7280 id=1299 src=stereo u=410.4 v=58.8 depth=3.8015 depth2=-1.0000 track=1 sf=10 flag=ok
[T2gate] t=19.7280 tri=48 rej=0 xrej=0 init_replace=2 gate=0
[T2slv] t=19.7280 phase=1 init_cost=145.814 final_cost=144.981 iters=9 term=1 slv_ms=15.6
[T2diag] t=19.7280 P=[-0.0433 0.0100 -0.0017] V=[-0.0027 -0.0015 -0.0056] |Bas|=0.141409 |Bgs|=0.0005855 Bas=[-0.137016 -0.034945 -0.001456] Bgs=[0.0000600 -0.0002089 0.0005437] tic0=[0.1200 0.0500 -0.0200] tic1=[0.1200 -0.0500 -0.0200] td=0.00000 track=139
[E2uls] flag=1 sh_t=19.776 new_t=19.776 dP=[0.0033 0.0009 0.0002] |dP|=0.0034 first_dt=-1.0000
time: 19.728000, t: -0.043285 0.010002 -0.001738 q: 0.999960 0.000848 -0.008872 0.000082 
[T2depth] t=19.8560 id=1292 src=motion2 u=208.3 v=25.9 depth=0.1279 depth2=-1.0000 track=2 sf=9 flag=ok
[T2depth] t=19.8560 id=1298 src=motion2 u=340.5 v=50.1 depth=0.0936 depth2=-1.0000 track=2 sf=9 flag=ok
[T2depth] t=19.8560 id=1301 src=motion2 u=291.9 v=147.8 depth=0.0873 depth2=-1.0000 track=2 sf=9 flag=ok
[T2depth] t=19.8560 id=1302 src=motion2 u=272.0 v=235.0 depth=5.0000 depth2=-1.0000 track=2 sf=9 flag=init_neg
[T2depth] t=19.8560 id=1304 src=motion2 u=24.0 v=4.0 depth=5.0000 depth2=-1.0000 track=2 sf=9 flag=init_neg
[T2depth] t=19.8560 id=1307 src=stereo u=57.9 v=9.5 depth=5.0000 depth2=-1.0000 track=1 sf=10 flag=init_neg
[T2depth] t=19.8560 id=1309 src=stereo u=508.0 v=23.0 depth=3.5534 depth2=-1.0000 track=1 sf=10 flag=ok
[T2depth] t=19.8560 id=1312 src=stereo u=23.0 v=102.0 depth=5.0000 depth2=-1.0000 track=1 sf=10 flag=init_neg
[T2gate] t=19.8560 tri=46 rej=0 xrej=0 init_replace=4 gate=0
[T2slv] t=19.8560 phase=1 init_cost=144.474 final_cost=141.869 iters=9 term=1 slv_ms=23.9
[T2diag] t=19.8560 P=[-0.0426 0.0072 -0.0015] V=[0.0002 -0.0011 -0.0029] |Bas|=0.140820 |Bgs|=0.0005448 Bas=[-0.136886 -0.033017 -0.001582] Bgs=[0.0000405 -0.0002386 0.0004881] tic0=[0.1200 0.0500 -0.0200] tic1=[0.1200 -0.0500 -0.0200] td=0.00000 track=141
[E2uls] flag=1 sh_t=19.932 new_t=19.932 dP=[-0.0016 0.0028 -0.0011] |dP|=0.0034 first_dt=-1.0000
time: 19.856000, t: -0.042591 0.007229 -0.001524 q: 0.999960 0.000697 -0.008866 0.000175 
[T2depth] t=19.9280 id=1305 src=motion2 u=146.1 v=93.6 depth=0.0396 depth2=-1.0000 track=2 sf=9 flag=ok
[T2xcross] t=19.9280 id=1307 est=5.0000 svd=0.0037 rel=0.9993 track=2 sf=9
[T2depth] t=19.9280 id=1308 src=motion2 u=86.4 v=126.2 depth=0.0354 depth2=-1.0000 track=2 sf=9 flag=ok
[T2xcross] t=19.9280 id=1312 est=5.0000 svd=0.0131 rel=0.9974 track=2 sf=9
[T2depth] t=19.9280 id=1314 src=stereo u=473.0 v=132.1 depth=15.3055 depth2=-1.0000 track=1 sf=10 flag=ok
[T2depth] t=19.9280 id=1315 src=stereo u=11.6 v=30.1 depth=5.0000 depth2=-1.0000 track=1 sf=10 flag=init_neg
[T2depth] t=19.9280 id=1318 src=stereo u=419.0 v=14.0 depth=3.8351 depth2=-1.0000 track=1 sf=10 flag=ok
[T2depth] t=19.9280 id=1319 src=stereo u=540.0 v=122.0 depth=5.0000 depth2=-1.0000 track=1 sf=10 flag=init_neg
[T2depth] t=19.9280 id=1322 src=stereo u=257.0 v=104.0 depth=25.5371 depth2=-1.0000 track=1 sf=10 flag=ok
[T2gate] t=19.9280 tri=44 rej=0 xrej=0 init_replace=2 gate=0
[T2slv] t=19.9280 phase=1 init_cost=145.03 final_cost=143.682 iters=7 term=0 slv_ms=13.3
[T2diag] t=19.9280 P=[-0.0415 0.0070 -0.0013] V=[0.0011 -0.0001 -0.0013] |Bas|=0.139844 |Bgs|=0.0005334 Bas=[-0.135923 -0.032843 -0.001605] Bgs=[0.0000296 -0.0002559 0.0004670] tic0=[0.1200 0.0500 -0.0200] tic1=[0.1200 -0.0500 -0.0200] td=0.00000 track=141
[E2uls] flag=1 sh_t=19.976 new_t=19.976 dP=[-0.0014 0.0003 -0.0005] |dP|=0.0015 first_dt=-1.0000
time: 19.928000, t: -0.041465 0.007019 -0.001342 q: 0.999961 0.000718 -0.008804 0.000219 
[T2xcross] t=20.0560 id=1297 est=4.3480 svd=0.0777 rel=0.9821 track=2 sf=9
[T2xcross] t=20.0560 id=1322 est=25.5371 svd=0.0039 rel=0.9998 track=2 sf=9
[T2depth] t=20.0560 id=1323 src=motion2 u=612.0 v=139.0 depth=0.0285 depth2=-1.0000 track=2 sf=9 flag=ok
[T2depth] t=20.0560 id=1331 src=stereo u=50.6 v=78.7 depth=34.3397 depth2=-1.0000 track=1 sf=10 flag=ok
[T2depth] t=20.0560 id=1333 src=stereo u=232.2 v=54.9 depth=39.5014 depth2=-1.0000 track=1 sf=10 flag=ok
[T2depth] t=20.0560 id=1337 src=stereo u=440.0 v=171.0 depth=3.8966 depth2=-1.0000 track=1 sf=10 flag=ok
[T2gate] t=20.0560 tri=47 rej=0 xrej=0 init_replace=0 gate=0
[T2slv] t=20.0560 phase=1 init_cost=152.425 final_cost=151.071 iters=7 term=0 slv_ms=10.2
[T2diag] t=20.0560 P=[-0.0448 0.0090 -0.0017] V=[-0.0067 -0.0002 -0.0015] |Bas|=0.142416 |Bgs|=0.0005233 Bas=[-0.138571 -0.032824 -0.001793] Bgs=[0.0000259 -0.0002492 0.0004595] tic0=[0.1200 0.0500 -0.0200] tic1=[0.1200 -0.0500 -0.0200] td=0.00000 track=136
[E2uls] flag=1 sh_t=20.092 new_t=20.092 dP=[0.0031 -0.0018 -0.0002] |dP|=0.0036 first_dt=-1.0000
time: 20.056000, t: -0.044800 0.008967 -0.001671 q: 0.999960 0.000684 -0.008902 0.000198 
[T2xcross] t=20.1560 id=1276 est=5.0000 svd=0.0374 rel=0.9925 track=2 sf=9
[T2xcross] t=20.1560 id=1309 est=3.5534 svd=0.0651 rel=0.9817 track=2 sf=9
[T2depth] t=20.1560 id=1326 src=motion2 u=185.7 v=178.3 depth=0.0991 depth2=-1.0000 track=2 sf=9 flag=ok
[T2depth] t=20.1560 id=1327 src=motion2 u=379.8 v=54.8 depth=5.0000 depth2=-1.0000 track=2 sf=9 flag=init_neg
[T2depth] t=20.1560 id=1330 src=motion2 u=574.2 v=155.8 depth=5.0000 depth2=-1.0000 track=2 sf=9 flag=init_neg
[T2depth] t=20.1560 id=1332 src=motion2 u=51.7 v=144.2 depth=5.0000 depth2=-1.0000 track=2 sf=9 flag=init_neg
[T2xcross] t=20.1560 id=1333 est=39.5014 svd=0.0404 rel=0.9990 track=2 sf=9
[T2depth] t=20.1560 id=1334 src=motion2 u=17.0 v=113.0 depth=5.0000 depth2=-1.0000 track=2 sf=9 flag=init_neg
[T2depth] t=20.1560 id=1335 src=motion2 u=111.0 v=191.0 depth=5.0000 depth2=-1.0000 track=2 sf=9 flag=init_neg
[T2depth] t=20.1560 id=1336 src=motion2 u=82.0 v=43.0 depth=0.2587 depth2=-1.0000 track=2 sf=9 flag=ok
[T2depth] t=20.1560 id=1338 src=motion2 u=548.0 v=178.0 depth=0.0605 depth2=-1.0000 track=2 sf=9 flag=ok
[T2depth] t=20.1560 id=1339 src=motion2 u=206.0 v=143.0 depth=0.0701 depth2=-1.0000 track=2 sf=9 flag=ok
[T2depth] t=20.1560 id=1340 src=motion2 u=129.0 v=114.0 depth=5.0000 depth2=-1.0000 track=2 sf=9 flag=init_neg
[T2gate] t=20.1560 tri=43 rej=0 xrej=0 init_replace=6 gate=0
[T2slv] t=20.1560 phase=1 init_cost=161.762 final_cost=159.479 iters=9 term=1 slv_ms=15.2
[T2diag] t=20.1560 P=[-0.0407 0.0064 -0.0013] V=[-0.0118 -0.0097 -0.0010] |Bas|=0.147737 |Bgs|=0.0005307 Bas=[-0.143721 -0.034175 -0.001604] Bgs=[0.0000124 -0.0002539 0.0004658] tic0=[0.1200 0.0500 -0.0200] tic1=[0.1200 -0.0500 -0.0200] td=0.00000 track=147
[E2uls] flag=1 sh_t=20.196 new_t=20.196 dP=[-0.0057 0.0028 -0.0004] |dP|=0.0063 first_dt=-1.0000
time: 20.156000, t: -0.040743 0.006376 -0.001337 q: 0.999957 0.000834 -0.009183 0.000458 
[T2xcross] t=20.2560 id=1337 est=3.8966 svd=0.0080 rel=0.9979 track=2 sf=9
[T2depth] t=20.2560 id=1342 src=motion2 u=302.2 v=196.3 depth=5.0000 depth2=-1.0000 track=2 sf=9 flag=init_neg
[T2depth] t=20.2560 id=1344 src=motion2 u=375.6 v=14.8 depth=0.8193 depth2=-1.0000 track=2 sf=9 flag=ok
[T2depth] t=20.2560 id=1345 src=motion2 u=337.0 v=32.0 depth=5.0000 depth2=-1.0000 track=2 sf=9 flag=init_neg
[T2depth] t=20.2560 id=1350 src=stereo u=124.8 v=59.2 depth=39.8182 depth2=-1.0000 track=1 sf=10 flag=ok
[T2gate] t=20.2560 tri=39 rej=0 xrej=0 init_replace=2 gate=0
[T2slv] t=20.2560 phase=1 init_cost=138.752 final_cost=136.68 iters=9 term=1 slv_ms=13.2
[T2diag] t=20.2560 P=[-0.0327 0.0055 -0.0003] V=[-0.0085 -0.0076 0.0045] |Bas|=0.152174 |Bgs|=0.0006099 Bas=[-0.148324 -0.033961 -0.001904] Bgs=[0.0000024 -0.0002619 0.0005508] tic0=[0.1200 0.0500 -0.0200] tic1=[0.1200 -0.0500 -0.0200] td=0.00000 track=143
[E2uls] flag=1 sh_t=20.296 new_t=20.296 dP=[-0.0096 -0.0009 -0.0013] |dP|=0.0098 first_dt=-1.0000
time: 20.256000, t: -0.032697 0.005518 -0.000306 q: 0.999957 0.000751 -0.009264 0.000019 
[T2xcross] t=20.3280 id=1345 est=5.0000 svd=0.2064 rel=0.9587 track=2 sf=9
[T2depth] t=20.3280 id=1348 src=motion2 u=162.3 v=28.0 depth=0.2223 depth2=-1.0000 track=2 sf=9 flag=ok
[T2depth] t=20.3280 id=1349 src=motion2 u=222.8 v=103.2 depth=0.0776 depth2=-1.0000 track=2 sf=9 flag=ok
[T2xcross] t=20.3280 id=1350 est=39.8182 svd=0.1690 rel=0.9958 track=2 sf=9
[T2depth] t=20.3280 id=1354 src=stereo u=535.4 v=78.0 depth=3.7834 depth2=-1.0000 track=1 sf=10 flag=ok
[T2depth] t=20.3280 id=1358 src=stereo u=380.0 v=209.0 depth=4.3270 depth2=-1.0000 track=1 sf=10 flag=ok
[T2depth] t=20.3280 id=1360 src=stereo u=181.0 v=180.0 depth=25.4429 depth2=-1.0000 track=1 sf=10 flag=ok
[T2gate] t=20.3280 tri=43 rej=0 xrej=0 init_replace=0 gate=0
[T2slv] t=20.3280 phase=1 init_cost=137.976 final_cost=136.598 iters=9 term=1 slv_ms=15.3
[T2diag] t=20.3280 P=[-0.0311 0.0048 0.0000] V=[-0.0070 -0.0019 -0.0007] |Bas|=0.145420 |Bgs|=0.0006335 Bas=[-0.142212 -0.030334 -0.001590] Bgs=[0.0000213 -0.0002910 0.0005624] tic0=[0.1200 0.0500 -0.0200] tic1=[0.1200 -0.0500 -0.0200] td=0.00000 track=142
[E2uls] flag=1 sh_t=20.380 new_t=20.380 dP=[-0.0028 -0.0005 0.0004] |dP|=0.0029 first_dt=-1.0000
time: 20.328000, t: -0.031094 0.004796 0.000006 q: 0.999960 0.000371 -0.008972 0.000053 
[T2xcross] t=20.4600 id=1318 est=3.8351 svd=0.0729 rel=0.9810 track=2 sf=9
[T2depth] t=20.4600 id=1355 src=motion2 u=199.1 v=32.5 depth=5.0000 depth2=-1.0000 track=2 sf=9 flag=init_neg
[T2depth] t=20.4600 id=1359 src=motion2 u=572.0 v=130.0 depth=0.1282 depth2=-1.0000 track=2 sf=9 flag=ok
[T2xcross] t=20.4600 id=1360 est=25.4429 svd=0.0314 rel=0.9988 track=2 sf=9
[T2depth] t=20.4600 id=1368 src=stereo u=160.0 v=51.0 depth=29.1091 depth2=-1.0000 track=1 sf=10 flag=ok
[T2depth] t=20.4600 id=1369 src=stereo u=135.0 v=179.0 depth=5.0000 depth2=-1.0000 track=1 sf=10 flag=init_neg
[T2depth] t=20.4600 id=1370 src=stereo u=386.0 v=42.0 depth=3.4810 depth2=-1.0000 track=1 sf=10 flag=ok
[T2gate] t=20.4600 tri=43 rej=0 xrej=0 init_replace=2 gate=0
[T2slv] t=20.4600 phase=1 init_cost=140.455 final_cost=136.754 iters=9 term=1 slv_ms=15.4
[T2diag] t=20.4600 P=[-0.0310 0.0048 -0.0000] V=[-0.0040 -0.0063 0.0003] |Bas|=0.143390 |Bgs|=0.0006883 Bas=[-0.140298 -0.029572 -0.001648] Bgs=[-0.0000036 -0.0003246 0.0006070] tic0=[0.1200 0.0500 -0.0200] tic1=[0.1200 -0.0500 -0.0200] td=0.00000 track=141
[E2uls] flag=1 sh_t=20.504 new_t=20.504 dP=[-0.0018 -0.0004 -0.0001] |dP|=0.0018 first_dt=-1.0000
time: 20.460000, t: -0.031009 0.004824 -0.000019 q: 0.999960 0.000228 -0.008902 0.000135 
[T2depth] t=20.5920 id=1361 src=motion2 u=262.4 v=139.7 depth=0.1526 depth2=-1.0000 track=2 sf=9 flag=ok
[T2depth] t=20.5920 id=1362 src=motion2 u=48.9 v=17.6 depth=5.0000 depth2=-1.0000 track=2 sf=9 flag=init_neg
[T2depth] t=20.5920 id=1365 src=motion2 u=266.0 v=14.8 depth=5.0000 depth2=-1.0000 track=2 sf=9 flag=init_neg
[T2depth] t=20.5920 id=1367 src=motion2 u=130.0 v=243.0 depth=0.3121 depth2=-1.0000 track=2 sf=9 flag=ok
[T2depth] t=20.5920 id=1371 src=motion2 u=301.0 v=58.0 depth=0.0956 depth2=-1.0000 track=2 sf=9 flag=ok
[T2depth] t=20.5920 id=1374 src=stereo u=501.4 v=180.7 depth=4.5203 depth2=-1.0000 track=1 sf=10 flag=ok
[T2depth] t=20.5920 id=1375 src=stereo u=446.0 v=96.0 depth=3.8496 depth2=-1.0000 track=1 sf=10 flag=ok
[T2gate] t=20.5920 tri=43 rej=0 xrej=0 init_replace=2 gate=0
[T2slv] t=20.5920 phase=1 init_cost=137.619 final_cost=135.582 iters=9 term=1 slv_ms=9.8
[T2diag] t=20.5920 P=[-0.0308 0.0048 0.0002] V=[-0.0022 -0.0010 0.0048] |Bas|=0.142922 |Bgs|=0.0007302 Bas=[-0.139835 -0.029495 -0.001734] Bgs=[0.0000025 -0.0003215 0.0006557] tic0=[0.1200 0.0500 -0.0200] tic1=[0.1200 -0.0500 -0.0200] td=0.00000 track=142
[E2uls] flag=1 sh_t=20.656 new_t=20.656 dP=[-0.0009 -0.0007 0.0003] |dP|=0.0011 first_dt=-1.0000
time: 20.592000, t: -0.030833 0.004769 0.000200 q: 0.999963 0.000326 -0.008646 0.000067 
[T2xcross] t=20.6920 id=1370 est=3.4810 svd=0.1835 rel=0.9473 track=2 sf=9
[T2depth] t=20.6920 id=1372 src=motion2 u=147.8 v=210.1 depth=0.4937 depth2=-1.0000 track=2 sf=9 flag=ok
[T2depth] t=20.6920 id=1373 src=motion2 u=191.9 v=124.1 depth=0.1295 depth2=-1.0000 track=2 sf=9 flag=ok
[T2depth] t=20.6920 id=1376 src=motion2 u=252.0 v=181.0 depth=5.0000 depth2=-1.0000 track=2 sf=9 flag=init_neg
[T2depth] t=20.6920 id=1379 src=motion2 u=98.0 v=145.0 depth=5.0000 depth2=-1.0000 track=2 sf=9 flag=init_neg
[T2depth] t=20.6920 id=1388 src=stereo u=521.0 v=119.0 depth=3.9827 depth2=-1.0000 track=1 sf=10 flag=ok
[T2gate] t=20.6920 tri=45 rej=0 xrej=0 init_replace=2 gate=0
[T2slv] t=20.6920 phase=1 init_cost=140.887 final_cost=134.601 iters=9 term=1 slv_ms=7.7
[T2diag] t=20.6920 P=[-0.0311 0.0044 0.0002] V=[-0.0025 -0.0004 0.0005] |Bas|=0.140015 |Bgs|=0.0007332 Bas=[-0.136734 -0.030102 -0.001268] Bgs=[0.0000137 -0.0003132 0.0006628] tic0=[0.1200 0.0500 -0.0200] tic1=[0.1200 -0.0500 -0.0200] td=0.00000 track=140
[E2uls] flag=1 sh_t=20.756 new_t=20.756 dP=[-0.0001 -0.0001 0.0014] |dP|=0.0014 first_dt=-1.0000
time: 20.692000, t: -0.031118 0.004434 0.000230 q: 0.999963 0.000342 -0.008601 0.000013 
[T2depth] t=20.7920 id=1380 src=motion2 u=101.9 v=12.5 depth=0.0261 depth2=-1.0000 track=2 sf=9 flag=ok
[T2depth] t=20.7920 id=1381 src=motion2 u=114.9 v=204.1 depth=0.0067 depth2=-1.0000 track=2 sf=9 flag=ok
[T2depth] t=20.7920 id=1383 src=motion2 u=448.0 v=68.7 depth=5.0000 depth2=-1.0000 track=2 sf=9 flag=init_neg
[T2depth] t=20.7920 id=1384 src=motion2 u=298.3 v=161.5 depth=5.0000 depth2=-1.0000 track=2 sf=9 flag=init_neg
[T2depth] t=20.7920 id=1386 src=motion2 u=614.0 v=95.0 depth=5.0000 depth2=-1.0000 track=2 sf=9 flag=init_neg
[T2xcross] t=20.7920 id=1388 est=3.9827 svd=0.0009 rel=0.9998 track=2 sf=9
[T2depth] t=20.7920 id=1389 src=motion2 u=561.0 v=45.0 depth=5.0000 depth2=-1.0000 track=2 sf=9 flag=init_neg
[T2depth] t=20.7920 id=1396 src=stereo u=80.4 v=177.0 depth=16.0362 depth2=-1.0000 track=1 sf=10 flag=ok
[T2depth] t=20.7920 id=1397 src=stereo u=73.3 v=121.1 depth=5.0000 depth2=-1.0000 track=1 sf=10 flag=init_neg
[T2depth] t=20.7920 id=1399 src=stereo u=170.0 v=56.0 depth=37.2249 depth2=-1.0000 track=1 sf=10 flag=ok
[T2gate] t=20.7920 tri=46 rej=0 xrej=0 init_replace=5 gate=0
[T2slv] t=20.7920 phase=1 init_cost=138.702 final_cost=136.667 iters=9 term=1 slv_ms=6.8
[T2diag] t=20.7920 P=[-0.0312 0.0044 0.0002] V=[-0.0019 -0.0007 -0.0001] |Bas|=0.139564 |Bgs|=0.0007267 Bas=[-0.136244 -0.030239 -0.001229] Bgs=[0.0000112 -0.0003171 0.0006537] tic0=[0.1200 0.0500 -0.0200] tic1=[0.1200 -0.0500 -0.0200] td=0.00000 track=142
[E2uls] flag=1 sh_t=20.828 new_t=20.828 dP=[-0.0004 0.0001 0.0001] |dP|=0.0004 first_dt=-1.0000
time: 20.792000, t: -0.031186 0.004358 0.000237 q: 0.999963 0.000128 -0.008570 -0.000074 
[T2depth] t=20.8920 id=1392 src=motion2 u=217.2 v=13.8 depth=0.0156 depth2=-1.0000 track=2 sf=9 flag=ok
[T2depth] t=20.8920 id=1394 src=motion2 u=376.8 v=130.5 depth=5.0000 depth2=-1.0000 track=2 sf=9 flag=init_neg
[T2depth] t=20.8920 id=1398 src=motion2 u=345.0 v=114.0 depth=5.0000 depth2=-1.0000 track=2 sf=9 flag=init_neg
[T2depth] t=20.8920 id=1406 src=stereo u=55.0 v=158.0 depth=5.0000 depth2=-1.0000 track=1 sf=10 flag=init_neg
[T2depth] t=20.8920 id=1408 src=stereo u=95.0 v=79.0 depth=5.0000 depth2=-1.0000 track=1 sf=10 flag=init_neg
[T2gate] t=20.8920 tri=40 rej=0 xrej=0 init_replace=4 gate=0
[T2slv] t=20.8920 phase=1 init_cost=151.117 final_cost=140.62 iters=9 term=1 slv_ms=10.2
[T2diag] t=20.8920 P=[-0.0323 0.0042 0.0004] V=[-0.0104 -0.0061 0.0058] |Bas|=0.138131 |Bgs|=0.0006953 Bas=[-0.134664 -0.030684 -0.002076] Bgs=[-0.0000629 -0.0002905 0.0006285] tic0=[0.1200 0.0500 -0.0200] tic1=[0.1200 -0.0500 -0.0200] td=0.00000 track=144
[E2uls] flag=1 sh_t=20.940 new_t=20.940 dP=[0.0008 0.0003 -0.0010] |dP|=0.0014 first_dt=-1.0000
time: 20.892000, t: -0.032330 0.004183 0.000379 q: 0.999964 0.000331 -0.008497 0.000099 
[T2xcross] t=20.9920 id=1386 est=5.0000 svd=0.2317 rel=0.9537 track=2 sf=9
[T2depth] t=20.9920 id=1402 src=motion2 u=351.1 v=177.6 depth=0.1635 depth2=-1.0000 track=2 sf=9 flag=ok
[T2depth] t=20.9920 id=1413 src=stereo u=42.4 v=123.4 depth=20.6496 depth2=-1.0000 track=1 sf=10 flag=ok
[T2depth] t=20.9920 id=1417 src=stereo u=323.1 v=26.6 depth=5.0000 depth2=-1.0000 track=1 sf=10 flag=init_neg
[T2depth] t=20.9920 id=1419 src=stereo u=49.0 v=198.0 depth=31.6058 depth2=-1.0000 track=1 sf=10 flag=ok
[T2depth] t=20.9920 id=1424 src=stereo u=528.0 v=53.0 depth=4.1902 depth2=-1.0000 track=1 sf=10 flag=ok
[T2gate] t=20.9920 tri=46 rej=0 xrej=0 init_replace=1 gate=0
[T2slv] t=20.9920 phase=1 init_cost=153.499 final_cost=140.101 iters=9 term=1 slv_ms=10.1
[T2diag] t=20.9920 P=[-0.0343 0.0045 0.0005] V=[-0.0150 -0.0059 0.0051] |Bas|=0.136802 |Bgs|=0.0006697 Bas=[-0.133541 -0.029628 -0.001942] Bgs=[-0.0001041 -0.0002895 0.0005948] tic0=[0.1200 0.0500 -0.0200] tic1=[0.1200 -0.0500 -0.0200] td=0.00000 track=137
[E2uls] flag=1 sh_t=21.028 new_t=21.028 dP=[0.0008 -0.0010 0.0008] |dP|=0.0015 first_dt=-1.0000
time: 20.992000, t: -0.034283 0.004502 0.000479 q: 0.999963 0.000296 -0.008555 0.000146 
[T2depth] t=21.0920 id=1409 src=motion2 u=234.4 v=46.0 depth=5.0000 depth2=-1.0000 track=2 sf=9 flag=init_neg
[T2depth] t=21.0920 id=1411 src=motion2 u=233.5 v=79.7 depth=5.0000 depth2=-1.0000 track=2 sf=9 flag=init_neg
[T2depth] t=21.0920 id=1414 src=motion2 u=448.0 v=79.5 depth=5.3269 depth2=-1.0000 track=2 sf=9 flag=ok
[T2xcross] t=21.0920 id=1417 est=5.0000 svd=0.0838 rel=0.9832 track=2 sf=9
[T2depth] t=21.0920 id=1420 src=motion2 u=100.0 v=210.0 depth=5.0000 depth2=-1.0000 track=2 sf=9 flag=init_neg
[T2depth] t=21.0920 id=1421 src=motion2 u=554.0 v=209.0 depth=5.0000 depth2=-1.0000 track=2 sf=9 flag=init_neg
[T2depth] t=21.0920 id=1425 src=motion2 u=58.0 v=80.0 depth=4.7268 depth2=-1.0000 track=2 sf=9 flag=ok
[T2depth] t=21.0920 id=1426 src=motion2 u=484.0 v=77.0 depth=0.2585 depth2=-1.0000 track=2 sf=9 flag=ok
[T2depth] t=21.0920 id=1429 src=stereo u=301.4 v=180.7 depth=5.0000 depth2=-1.0000 track=1 sf=10 flag=init_neg
[T2gate] t=21.0920 tri=48 rej=0 xrej=0 init_replace=5 gate=0
[T2slv] t=21.0920 phase=1 init_cost=150.317 final_cost=145.565 iters=9 term=1 slv_ms=8.9
[T2diag] t=21.0920 P=[-0.0390 0.0055 -0.0005] V=[-0.0187 -0.0110 0.0015] |Bas|=0.134126 |Bgs|=0.0006412 Bas=[-0.131064 -0.028451 -0.001612] Bgs=[-0.0001125 -0.0002806 0.0005655] tic0=[0.1200 0.0500 -0.0200] tic1=[0.1200 -0.0500 -0.0200] td=0.00000 track=140
[E2uls] flag=1 sh_t=21.140 new_t=21.140 dP=[0.0025 -0.0015 0.0022] |dP|=0.0037 first_dt=-1.0000
time: 21.092000, t: -0.039042 0.005511 -0.000460 q: 0.999964 0.000455 -0.008448 0.000069 
[T2xcross] t=21.1960 id=1414 est=5.3269 svd=0.3051 rel=0.9427 track=2 sf=9
[T2depth] t=21.1960 id=97 src=motion2 u=7.5 v=454.3 depth=0.1628 depth2=-1.0000 track=2 sf=9 flag=ok
[T2depth] t=21.1960 id=476 src=motion2 u=189.8 v=279.2 depth=5.0000 depth2=-1.0000 track=2 sf=9 flag=init_neg
[T2depth] t=21.1960 id=1431 src=motion2 u=584.0 v=65.0 depth=0.4533 depth2=-1.0000 track=2 sf=9 flag=ok
[T2depth] t=21.1960 id=1432 src=motion2 u=504.0 v=198.0 depth=4.9345 depth2=-1.0000 track=2 sf=9 flag=ok
[T2depth] t=21.1960 id=1433 src=motion2 u=552.0 v=20.0 depth=5.0000 depth2=-1.0000 track=2 sf=9 flag=init_neg
[T2depth] t=21.1960 id=1434 src=motion2 u=95.0 v=97.0 depth=5.0000 depth2=-1.0000 track=2 sf=9 flag=init_neg
[T2depth] t=21.1960 id=1438 src=stereo u=225.9 v=54.3 depth=40.1611 depth2=-1.0000 track=1 sf=10 flag=ok
[T2depth] t=21.1960 id=1443 src=stereo u=394.4 v=204.3 depth=3.5303 depth2=-1.0000 track=1 sf=10 flag=ok
[T2depth] t=21.1960 id=1449 src=stereo u=445.0 v=207.0 depth=3.8933 depth2=-1.0000 track=1 sf=10 flag=ok
[T2gate] t=21.1960 tri=51 rej=0 xrej=0 init_replace=3 gate=0
[T2slv] t=21.1960 phase=1 init_cost=153.588 final_cost=142.455 iters=9 term=1 slv_ms=8.9
[T2diag] t=21.1960 P=[-0.0453 0.0061 -0.0017] V=[-0.0177 -0.0119 0.0039] |Bas|=0.132737 |Bgs|=0.0005846 Bas=[-0.129822 -0.027611 -0.001731] Bgs=[-0.0001107 -0.0002681 0.0005076] tic0=[0.1200 0.0500 -0.0200] tic1=[0.1200 -0.0500 -0.0200] td=0.00000 track=137
[E2uls] flag=1 sh_t=21.236 new_t=21.236 dP=[0.0039 -0.0016 0.0017] |dP|=0.0045 first_dt=-1.0000
time: 21.196000, t: -0.045293 0.006056 -0.001656 q: 0.999964 0.000241 -0.008422 0.000141 
[T2xcross] t=21.2920 id=1432 est=4.9345 svd=0.0920 rel=0.9814 track=2 sf=9
[T2depth] t=21.2920 id=1435 src=motion2 u=580.0 v=409.0 depth=748.3719 depth2=-1.0000 track=2 sf=9 flag=ok
[T2depth] t=21.2920 id=1439 src=motion2 u=225.7 v=176.9 depth=0.1559 depth2=-1.0000 track=2 sf=9 flag=ok
[T2depth] t=21.2920 id=1441 src=motion2 u=560.0 v=173.0 depth=0.4753 depth2=-1.0000 track=2 sf=9 flag=ok
[T2depth] t=21.2920 id=1444 src=motion2 u=301.3 v=51.5 depth=0.2072 depth2=-1.0000 track=2 sf=9 flag=ok
[T2depth] t=21.2920 id=1445 src=motion2 u=410.4 v=33.7 depth=0.1822 depth2=-1.0000 track=2 sf=9 flag=ok
[T2depth] t=21.2920 id=1447 src=motion2 u=180.0 v=92.0 depth=0.2604 depth2=-1.0000 track=2 sf=9 flag=ok
[T2depth] t=21.2920 id=1450 src=motion2 u=317.0 v=163.0 depth=5.0000 depth2=-1.0000 track=2 sf=9 flag=init_neg
[T2depth] t=21.2920 id=1452 src=stereo u=15.6 v=58.6 depth=30.6614 depth2=-1.0000 track=1 sf=10 flag=ok
[T2depth] t=21.2920 id=1453 src=stereo u=400.0 v=107.6 depth=4.1671 depth2=-1.0000 track=1 sf=10 flag=ok
[T2depth] t=21.2920 id=1455 src=stereo u=528.0 v=57.0 depth=3.8092 depth2=-1.0000 track=1 sf=10 flag=ok
[T2depth] t=21.2920 id=1456 src=stereo u=279.0 v=182.0 depth=30.0659 depth2=-1.0000 track=1 sf=10 flag=ok
[T2gate] t=21.2920 tri=46 rej=0 xrej=0 init_replace=1 gate=0
[T2slv] t=21.2920 phase=1 init_cost=149.574 final_cost=144.038 iters=9 term=1 slv_ms=8.1
[T2diag] t=21.2920 P=[-0.0610 0.0138 -0.0024] V=[-0.0245 -0.0051 0.0049] |Bas|=0.132303 |Bgs|=0.0005764 Bas=[-0.129836 -0.025376 -0.001703] Bgs=[-0.0000872 -0.0002687 0.0005024] tic0=[0.1200 0.0500 -0.0200] tic1=[0.1200 -0.0500 -0.0200] td=0.00000 track=143
[E2uls] flag=1 sh_t=21.344 new_t=21.344 dP=[0.0133 -0.0096 0.0015] |dP|=0.0165 first_dt=-1.0000
time: 21.292000, t: -0.061009 0.013756 -0.002363 q: 0.999963 0.000355 -0.008590 0.000022 
[T2xcross] t=21.3920 id=1445 est=0.1822 svd=0.0041 rel=0.9774 track=2 sf=9
[T2depth] t=21.3920 id=1451 src=motion2 u=396.0 v=245.0 depth=2.1221 depth2=-1.0000 track=2 sf=9 flag=ok
[T2xcross] t=21.3920 id=1453 est=4.1671 svd=0.1514 rel=0.9637 track=2 sf=9
[T2depth] t=21.3920 id=1457 src=motion2 u=212.0 v=10.0 depth=0.3926 depth2=-1.0000 track=2 sf=9 flag=ok
[T2depth] t=21.3920 id=1465 src=stereo u=163.0 v=131.0 depth=30.0757 depth2=-1.0000 track=1 sf=10 flag=ok
[T2gate] t=21.3920 tri=40 rej=0 xrej=0 init_replace=0 gate=0
[T2slv] t=21.3920 phase=1 init_cost=147.771 final_cost=145.84 iters=9 term=1 slv_ms=20.9
[T2diag] t=21.3920 P=[-0.0497 0.0080 -0.0013] V=[-0.0179 -0.0081 0.0060] |Bas|=0.138919 |Bgs|=0.0005633 Bas=[-0.137001 -0.022956 -0.001543] Bgs=[-0.0000582 -0.0002857 0.0004819] tic0=[0.1200 0.0500 -0.0200] tic1=[0.1200 -0.0500 -0.0200] td=0.00000 track=142
[E2uls] flag=1 sh_t=21.436 new_t=21.436 dP=[-0.0154 0.0051 -0.0001] |dP|=0.0162 first_dt=-1.0000
time: 21.392000, t: -0.049690 0.007965 -0.001264 q: 0.999961 0.000261 -0.008849 0.000217 
[T2xcross] t=21.4920 id=1455 est=3.8092 svd=0.1922 rel=0.9496 track=2 sf=9
[T2depth] t=21.4920 id=1459 src=motion2 u=561.0 v=227.1 depth=0.0574 depth2=-1.0000 track=2 sf=9 flag=ok
[T2depth] t=21.4920 id=1461 src=motion2 u=369.0 v=46.0 depth=0.0144 depth2=-1.0000 track=2 sf=9 flag=ok
[T2depth] t=21.4920 id=1463 src=motion2 u=550.0 v=176.0 depth=5.0000 depth2=-1.0000 track=2 sf=9 flag=init_neg
[T2depth] t=21.4920 id=1464 src=motion2 u=328.0 v=15.0 depth=5.0000 depth2=-1.0000 track=2 sf=9 flag=init_neg
[T2depth] t=21.4920 id=1466 src=stereo u=505.3 v=266.0 depth=1.9357 depth2=-1.0000 track=1 sf=10 flag=ok
[T2depth] t=21.4920 id=1471 src=stereo u=399.0 v=101.0 depth=3.6508 depth2=-1.0000 track=1 sf=10 flag=ok
[T2gate] t=21.4920 tri=43 rej=0 xrej=0 init_replace=2 gate=0
[T2slv] t=21.4920 phase=1 init_cost=147.115 final_cost=145.081 iters=9 term=1 slv_ms=20.0
[T2diag] t=21.4920 P=[-0.0485 0.0082 -0.0013] V=[-0.0183 0.0034 0.0010] |Bas|=0.131175 |Bgs|=0.0005710 Bas=[-0.129499 -0.020861 -0.001332] Bgs=[-0.0000398 -0.0003049 0.0004812] tic0=[0.1200 0.0500 -0.0200] tic1=[0.1200 -0.0500 -0.0200] td=0.00000 track=143
[E2uls] flag=1 sh_t=21.532 new_t=21.532 dP=[-0.0042 -0.0014 0.0009] |dP|=0.0045 first_dt=-1.0000
time: 21.492000, t: -0.048469 0.008206 -0.001336 q: 0.999964 0.000089 -0.008535 0.000162 
[T2depth] t=21.5920 id=85 src=motion2 u=283.0 v=477.1 depth=5.0000 depth2=-1.0000 track=2 sf=9 flag=init_neg
[T2depth] t=21.5920 id=1467 src=motion2 u=569.5 v=15.6 depth=5.0000 depth2=-1.0000 track=2 sf=9 flag=init_neg
[T2depth] t=21.5920 id=1469 src=motion2 u=149.0 v=133.0 depth=0.1098 depth2=-1.0000 track=2 sf=9 flag=ok
[T2depth] t=21.5920 id=1470 src=motion2 u=143.0 v=192.0 depth=5.0000 depth2=-1.0000 track=2 sf=9 flag=init_neg
[T2xcross] t=21.5920 id=1471 est=3.6508 svd=0.0216 rel=0.9941 track=2 sf=9
[T2depth] t=21.5920 id=1473 src=stereo u=210.2 v=160.3 depth=27.9772 depth2=-1.0000 track=1 sf=10 flag=ok
[T2depth] t=21.5920 id=1474 src=stereo u=135.2 v=105.9 depth=5.0000 depth2=-1.0000 track=1 sf=10 flag=init_neg
[T2gate] t=21.5920 tri=42 rej=0 xrej=0 init_replace=4 gate=0
[T2slv] t=21.5920 phase=1 init_cost=141.97 final_cost=140.415 iters=9 term=1 slv_ms=14.0
[T2diag] t=21.5920 P=[-0.0531 0.0116 -0.0014] V=[-0.0189 -0.0012 0.0093] |Bas|=0.138015 |Bgs|=0.0005780 Bas=[-0.136572 -0.019824 -0.001777] Bgs=[-0.0000405 -0.0002974 0.0004940] tic0=[0.1200 0.0500 -0.0200] tic1=[0.1200 -0.0500 -0.0200] td=0.00000 track=142
[E2uls] flag=1 sh_t=21.644 new_t=21.644 dP=[0.0017 -0.0026 0.0001] |dP|=0.0031 first_dt=-1.0000
time: 21.592000, t: -0.053093 0.011586 -0.001444 q: 0.999962 0.000128 -0.008756 0.000036 
[T2xcross] t=21.6920 id=1463 est=5.0000 svd=0.0245 rel=0.9951 track=2 sf=9
[T2xcross] t=21.6920 id=1474 est=5.0000 svd=0.6842 rel=0.8632 track=2 sf=9
[T2depth] t=21.6920 id=1476 src=motion2 u=338.5 v=224.8 depth=5.0000 depth2=-1.0000 track=2 sf=9 flag=init_neg
[T2depth] t=21.6920 id=1477 src=motion2 u=321.0 v=105.0 depth=5.0000 depth2=-1.0000 track=2 sf=9 flag=init_neg
[T2depth] t=21.6920 id=1479 src=motion2 u=192.0 v=58.0 depth=5.0000 depth2=-1.0000 track=2 sf=9 flag=init_neg
[T2depth] t=21.6920 id=1485 src=stereo u=494.2 v=115.1 depth=3.9756 depth2=-1.0000 track=1 sf=10 flag=ok
[T2depth] t=21.6920 id=1487 src=stereo u=379.0 v=21.0 depth=4.6327 depth2=-1.0000 track=1 sf=10 flag=ok
[T2gate] t=21.6920 tri=46 rej=0 xrej=0 init_replace=3 gate=0
[T2slv] t=21.6920 phase=1 init_cost=138.402 final_cost=134.066 iters=9 term=1 slv_ms=22.9
[T2diag] t=21.6920 P=[-0.0378 0.0101 -0.0010] V=[-0.0202 0.0043 0.0066] |Bas|=0.139868 |Bgs|=0.0005706 Bas=[-0.138211 -0.021410 -0.001535] Bgs=[-0.0000349 -0.0002700 0.0005015] tic0=[0.1200 0.0500 -0.0200] tic1=[0.1200 -0.0500 -0.0200] td=0.00000 track=139
[E2uls] flag=1 sh_t=21.740 new_t=21.740 dP=[-0.0181 0.0014 0.0011] |dP|=0.0182 first_dt=-1.0000
time: 21.692000, t: -0.037782 0.010102 -0.001019 q: 0.999961 0.000218 -0.008858 -0.000242 
[T2xcross] t=21.7920 id=1451 est=2.1221 svd=0.1093 rel=0.9485 track=2 sf=9
[T2xcross] t=21.7920 id=1469 est=0.1098 svd=0.3188 rel=0.6556 track=2 sf=9
[T2xcross] t=21.7920 id=1479 est=5.0000 svd=0.2064 rel=0.9587 track=2 sf=9
[T2depth] t=21.7920 id=47 src=motion2 u=511.1 v=438.9 depth=5.0000 depth2=-1.0000 track=2 sf=9 flag=init_neg
[T2depth] t=21.7920 id=1481 src=motion2 u=71.8 v=137.9 depth=5.0000 depth2=-1.0000 track=2 sf=9 flag=init_neg
[T2depth] t=21.7920 id=1486 src=motion2 u=612.9 v=80.6 depth=0.0597 depth2=-1.0000 track=2 sf=9 flag=ok
[T2depth] t=21.7920 id=1489 src=motion2 u=135.0 v=46.0 depth=0.1037 depth2=-1.0000 track=2 sf=9 flag=ok
[T2depth] t=21.7920 id=1493 src=motion2 u=52.0 v=59.0 depth=0.2815 depth2=-1.0000 track=2 sf=9 flag=ok
[T2depth] t=21.7920 id=1504 src=stereo u=535.0 v=67.0 depth=3.5890 depth2=-1.0000 track=1 sf=10 flag=ok
[T2gate] t=21.7920 tri=47 rej=0 xrej=0 init_replace=2 gate=0
[T2slv] t=21.7920 phase=1 init_cost=154.44 final_cost=138.705 iters=9 term=1 slv_ms=23.9
[T2diag] t=21.7920 P=[-0.0353 0.0059 -0.0003] V=[-0.0202 -0.0019 0.0011] |Bas|=0.139068 |Bgs|=0.0005122 Bas=[-0.136819 -0.024874 -0.001356] Bgs=[-0.0000522 -0.0002710 0.0004315] tic0=[0.1200 0.0500 -0.0200] tic1=[0.1200 -0.0500 -0.0200] td=0.00000 track=141
[E2uls] flag=1 sh_t=21.836 new_t=21.836 dP=[-0.0054 0.0051 0.0001] |dP|=0.0074 first_dt=-1.0000
time: 21.792000, t: -0.035271 0.005893 -0.000303 q: 0.999962 0.000356 -0.008700 0.000084 
[T2xcross] t=21.8920 id=1481 est=5.0000 svd=0.1095 rel=0.9781 track=2 sf=9
[T2xcross] t=21.8920 id=1493 est=0.2815 svd=11.1346 rel=0.9747 track=2 sf=9
[T2depth] t=21.8920 id=1494 src=motion2 u=135.0 v=478.0 depth=5.0000 depth2=-1.0000 track=2 sf=9 flag=init_neg
[T2depth] t=21.8920 id=1498 src=motion2 u=622.0 v=207.0 depth=0.0959 depth2=-1.0000 track=2 sf=9 flag=ok
[T2depth] t=21.8920 id=1500 src=motion2 u=145.0 v=92.0 depth=0.1197 depth2=-1.0000 track=2 sf=9 flag=ok
[T2depth] t=21.8920 id=1502 src=motion2 u=171.0 v=17.0 depth=0.2364 depth2=-1.0000 track=2 sf=9 flag=ok
[T2depth] t=21.8920 id=1510 src=stereo u=461.6 v=159.8 depth=4.4516 depth2=-1.0000 track=1 sf=10 flag=ok
[T2depth] t=21.8920 id=1512 src=stereo u=495.0 v=171.0 depth=4.0100 depth2=-1.0000 track=1 sf=10 flag=ok
[T2depth] t=21.8920 id=1514 src=stereo u=6.0 v=23.0 depth=5.0000 depth2=-1.0000 track=1 sf=10 flag=init_neg
[T2gate] t=21.8920 tri=48 rej=0 xrej=0 init_replace=2 gate=0
[T2slv] t=21.8920 phase=1 init_cost=139.542 final_cost=135.182 iters=9 term=1 slv_ms=7.4
[T2diag] t=21.8920 P=[-0.0419 0.0101 -0.0007] V=[-0.0248 -0.0005 0.0092] |Bas|=0.141927 |Bgs|=0.0005092 Bas=[-0.139492 -0.026095 -0.002046] Bgs=[-0.0000558 -0.0002279 0.0004519] tic0=[0.1200 0.0500 -0.0200] tic1=[0.1200 -0.0500 -0.0200] td=0.00000 track=139
[E2uls] flag=1 sh_t=21.948 new_t=21.948 dP=[0.0038 -0.0044 0.0001] |dP|=0.0058 first_dt=-1.0000
time: 21.892000, t: -0.041918 0.010112 -0.000743 q: 0.999962 0.000490 -0.008735 -0.000010 
[T2xcross] t=21.9920 id=1504 est=3.5890 svd=0.3521 rel=0.9019 track=2 sf=9
[T2depth] t=21.9920 id=12 src=motion2 u=203.0 v=388.8 depth=5.0000 depth2=-1.0000 track=2 sf=9 flag=init_neg
[T2depth] t=21.9920 id=1505 src=motion2 u=28.9 v=172.6 depth=0.2853 depth2=-1.0000 track=2 sf=9 flag=ok
[T2depth] t=21.9920 id=1506 src=motion2 u=428.0 v=163.4 depth=0.3016 depth2=-1.0000 track=2 sf=9 flag=ok
[T2depth] t=21.9920 id=1508 src=motion2 u=573.8 v=100.6 depth=2.4712 depth2=-1.0000 track=2 sf=9 flag=ok
[T2depth] t=21.9920 id=1509 src=motion2 u=352.3 v=156.3 depth=0.2394 depth2=-1.0000 track=2 sf=9 flag=ok
[T2xcross] t=21.9920 id=1512 est=4.0100 svd=0.2103 rel=0.9475 track=2 sf=9
[T2depth] t=21.9920 id=1515 src=motion2 u=221.0 v=121.0 depth=5.0000 depth2=-1.0000 track=2 sf=9 flag=init_neg
[T2depth] t=21.9920 id=1517 src=stereo u=315.3 v=168.1 depth=5.0000 depth2=-1.0000 track=1 sf=10 flag=init_neg
[T2depth] t=21.9920 id=1518 src=stereo u=587.0 v=50.0 depth=5.0000 depth2=-1.0000 track=1 sf=10 flag=init_neg
[T2gate] t=21.9920 tri=46 rej=0 xrej=0 init_replace=4 gate=0
[T2slv] t=21.9920 phase=1 init_cost=133.938 final_cost=132.048 iters=6 term=0 slv_ms=17.5
[T2diag] t=21.9920 P=[-0.0446 0.0108 -0.0013] V=[-0.0359 -0.0089 0.0008] |Bas|=0.146324 |Bgs|=0.0005204 Bas=[-0.143551 -0.028322 -0.001347] Bgs=[-0.0000667 -0.0002017 0.0004750] tic0=[0.1200 0.0500 -0.0200] tic1=[0.1200 -0.0500 -0.0200] td=0.00000 track=141
[E2uls] flag=1 sh_t=22.036 new_t=22.036 dP=[-0.0004 -0.0005 0.0022] |dP|=0.0023 first_dt=-1.0000
time: 21.992000, t: -0.044575 0.010842 -0.001321 q: 0.999958 0.000614 -0.009144 -0.000061 
[T2depth] t=22.0920 id=66 src=motion2 u=557.4 v=430.7 depth=24.7688 depth2=-1.0000 track=2 sf=9 flag=ok
[T2depth] t=22.0920 id=1516 src=motion2 u=229.7 v=63.2 depth=5.0000 depth2=-1.0000 track=2 sf=9 flag=init_neg
[T2depth] t=22.0920 id=1519 src=motion2 u=255.0 v=99.0 depth=5.0000 depth2=-1.0000 track=2 sf=9 flag=init_neg
[T2depth] t=22.0920 id=1521 src=motion2 u=242.0 v=211.0 depth=5.0000 depth2=-1.0000 track=2 sf=9 flag=init_neg
[T2depth] t=22.0920 id=1522 src=motion2 u=236.0 v=158.0 depth=5.0000 depth2=-1.0000 track=2 sf=9 flag=init_neg
[T2depth] t=22.0920 id=1523 src=motion2 u=428.0 v=10.0 depth=0.1805 depth2=-1.0000 track=2 sf=9 flag=ok
[T2depth] t=22.0920 id=1530 src=stereo u=386.0 v=94.0 depth=3.8072 depth2=-1.0000 track=1 sf=10 flag=ok
[T2depth] t=22.0920 id=1531 src=stereo u=315.0 v=142.0 depth=5.0000 depth2=-1.0000 track=1 sf=10 flag=init_neg
[T2depth] t=22.0920 id=1533 src=stereo u=58.0 v=113.0 depth=17.9766 depth2=-1.0000 track=1 sf=10 flag=ok
[T2depth] t=22.0920 id=1538 src=stereo u=382.0 v=50.0 depth=3.9558 depth2=-1.0000 track=1 sf=10 flag=ok
[T2gate] t=22.0920 tri=49 rej=0 xrej=0 init_replace=5 gate=0
[T2slv] t=22.0920 phase=1 init_cost=138.403 final_cost=134.844 iters=9 term=1 slv_ms=16.9
[T2diag] t=22.0920 P=[-0.0509 0.0140 -0.0018] V=[-0.0294 0.0083 -0.0036] |Bas|=0.131918 |Bgs|=0.0005267 Bas=[-0.127252 -0.034745 -0.001463] Bgs=[-0.0000725 -0.0002229 0.0004716] tic0=[0.1200 0.0500 -0.0200] tic1=[0.1200 -0.0500 -0.0200] td=0.00000 track=137
[E2uls] flag=1 sh_t=22.156 new_t=22.156 dP=[0.0002 -0.0058 0.0003] |dP|=0.0058 first_dt=-1.0000
time: 22.092000, t: -0.050944 0.013963 -0.001827 q: 0.999964 0.000497 -0.008437 -0.000071 
[T2depth] t=22.1920 id=1528 src=motion2 u=302.0 v=24.0 depth=0.0028 depth2=-1.0000 track=2 sf=9 flag=ok
[T2depth] t=22.1920 id=1534 src=motion2 u=324.0 v=46.0 depth=0.0775 depth2=-1.0000 track=2 sf=9 flag=ok
[T2depth] t=22.1920 id=1535 src=motion2 u=122.0 v=102.0 depth=5.0000 depth2=-1.0000 track=2 sf=9 flag=init_neg
[T2depth] t=22.1920 id=1537 src=motion2 u=10.0 v=71.0 depth=3.0229 depth2=-1.0000 track=2 sf=9 flag=ok
[T2depth] t=22.1920 id=1544 src=stereo u=503.5 v=105.7 depth=3.7248 depth2=-1.0000 track=1 sf=10 flag=ok
[T2depth] t=22.1920 id=1551 src=stereo u=225.0 v=21.0 depth=36.4181 depth2=-1.0000 track=1 sf=10 flag=ok
[T2gate] t=22.1920 tri=51 rej=0 xrej=0 init_replace=1 gate=0
[T2slv] t=22.1920 phase=1 init_cost=140.493 final_cost=136.175 iters=9 term=1 slv_ms=27.4
[T2diag] t=22.1920 P=[-0.0492 0.0134 -0.0020] V=[-0.0306 -0.0033 -0.0036] |Bas|=0.119780 |Bgs|=0.0005380 Bas=[-0.115449 -0.031879 -0.001572] Bgs=[-0.0001247 -0.0002568 0.0004560] tic0=[0.1200 0.0500 -0.0200] tic1=[0.1200 -0.0500 -0.0200] td=0.00000 track=137
[E2uls] flag=1 sh_t=22.248 new_t=22.248 dP=[-0.0067 0.0028 -0.0004] |dP|=0.0073 first_dt=-1.0000
time: 22.192000, t: -0.049173 0.013358 -0.002043 q: 0.999968 0.000463 -0.007941 -0.000242 
[T2depth] t=22.2920 id=1541 src=motion2 u=75.7 v=158.0 depth=0.5170 depth2=-1.0000 track=2 sf=9 flag=ok
[T2depth] t=22.2920 id=1542 src=motion2 u=125.5 v=141.3 depth=0.3335 depth2=-1.0000 track=2 sf=9 flag=ok
[T2depth] t=22.2920 id=1543 src=motion2 u=409.9 v=190.0 depth=0.0016 depth2=-1.0000 track=2 sf=9 flag=ok
[T2depth] t=22.2920 id=1545 src=motion2 u=62.7 v=64.4 depth=0.1633 depth2=-1.0000 track=2 sf=9 flag=ok
[T2depth] t=22.2920 id=1548 src=motion2 u=199.0 v=179.0 depth=0.0735 depth2=-1.0000 track=2 sf=9 flag=ok
[T2depth] t=22.2920 id=1552 src=motion2 u=28.0 v=141.0 depth=5.0000 depth2=-1.0000 track=2 sf=9 flag=init_neg
[T2depth] t=22.2920 id=1553 src=motion2 u=565.0 v=223.0 depth=5.0000 depth2=-1.0000 track=2 sf=9 flag=init_neg
[T2depth] t=22.2920 id=1558 src=stereo u=506.4 v=213.6 depth=4.1628 depth2=-1.0000 track=1 sf=10 flag=ok
[T2gate] t=22.2920 tri=51 rej=0 xrej=0 init_replace=2 gate=0
[T2slv] t=22.2920 phase=1 init_cost=139.472 final_cost=135.684 iters=9 term=1 slv_ms=15.2
[T2diag] t=22.2920 P=[-0.0545 0.0118 -0.0013] V=[-0.0291 -0.0035 0.0047] |Bas|=0.127167 |Bgs|=0.0004888 Bas=[-0.123873 -0.028669 -0.002257] Bgs=[-0.0001303 -0.0002585 0.0003939] tic0=[0.1200 0.0500 -0.0200] tic1=[0.1200 -0.0500 -0.0200] td=0.00000 track=139
[E2uls] flag=1 sh_t=22.340 new_t=22.340 dP=[0.0004 0.0014 -0.0020] |dP|=0.0024 first_dt=-1.0000
time: 22.292000, t: -0.054507 0.011794 -0.001336 q: 0.999968 0.000449 -0.008044 0.000007 
[T2xcross] t=22.3920 id=1302 est=5.0000 svd=6.8816 rel=0.2734 track=2 sf=9
[T2xcross] t=22.3920 id=1543 est=0.0016 svd=0.2881 rel=0.9946 track=2 sf=9
[T2xcross] t=22.3920 id=1545 est=0.1633 svd=6.8195 rel=0.9761 track=2 sf=9
[T2depth] t=22.3920 id=1559 src=motion2 u=165.5 v=217.9 depth=5.0000 depth2=-1.0000 track=2 sf=9 flag=init_neg
[T2depth] t=22.3920 id=1561 src=motion2 u=437.0 v=142.5 depth=0.6454 depth2=-1.0000 track=2 sf=9 flag=ok
[T2depth] t=22.3920 id=1564 src=motion2 u=296.0 v=15.0 depth=0.4496 depth2=-1.0000 track=2 sf=9 flag=ok
[T2depth] t=22.3920 id=1565 src=motion2 u=545.0 v=127.0 depth=2.0716 depth2=-1.0000 track=2 sf=9 flag=ok
[T2depth] t=22.3920 id=1566 src=motion2 u=130.0 v=244.0 depth=5.1768 depth2=-1.0000 track=2 sf=9 flag=ok
[T2depth] t=22.3920 id=1567 src=motion2 u=313.0 v=148.0 depth=5.0000 depth2=-1.0000 track=2 sf=9 flag=init_neg
[T2depth] t=22.3920 id=1568 src=motion2 u=225.0 v=139.0 depth=0.2063 depth2=-1.0000 track=2 sf=9 flag=ok
[T2depth] t=22.3920 id=1570 src=stereo u=380.5 v=21.0 depth=3.6705 depth2=-1.0000 track=1 sf=10 flag=ok
[T2depth] t=22.3920 id=1572 src=stereo u=619.1 v=84.6 depth=5.0000 depth2=-1.0000 track=1 sf=10 flag=init_neg
[T2depth] t=22.3920 id=1574 src=stereo u=446.0 v=108.0 depth=3.8325 depth2=-1.0000 track=1 sf=10 flag=ok
[T2gate] t=22.3920 tri=46 rej=0 xrej=0 init_replace=3 gate=0
[T2slv] t=22.3920 phase=1 init_cost=138.093 final_cost=136.18 iters=9 term=1 slv_ms=15.2
[T2diag] t=22.3920 P=[-0.0558 0.0110 -0.0016] V=[-0.0311 -0.0098 0.0012] |Bas|=0.130012 |Bgs|=0.0004762 Bas=[-0.126496 -0.029973 -0.001851] Bgs=[-0.0001372 -0.0002384 0.0003887] tic0=[0.1200 0.0500 -0.0200] tic1=[0.1200 -0.0500 -0.0200] td=0.00000 track=143
[E2uls] flag=1 sh_t=22.444 new_t=22.444 dP=[-0.0028 0.0003 0.0014] |dP|=0.0031 first_dt=-1.0000
time: 22.392000, t: -0.055789 0.011006 -0.001606 q: 0.999966 0.000501 -0.008228 0.000141 
[T2xcross] t=22.4920 id=1570 est=3.6705 svd=0.2512 rel=0.9316 track=2 sf=9
[T2depth] t=22.4920 id=1573 src=motion2 u=31.6 v=100.9 depth=0.2562 depth2=-1.0000 track=2 sf=9 flag=ok
[T2xcross] t=22.4920 id=1574 est=3.8325 svd=0.3062 rel=0.9201 track=2 sf=9
[T2depth] t=22.4920 id=1575 src=motion2 u=196.0 v=62.0 depth=0.2522 depth2=-1.0000 track=2 sf=9 flag=ok
[T2depth] t=22.4920 id=1578 src=stereo u=66.8 v=33.1 depth=5.0000 depth2=-1.0000 track=1 sf=10 flag=init_neg
[T2depth] t=22.4920 id=1583 src=stereo u=373.0 v=148.5 depth=3.5899 depth2=-1.0000 track=1 sf=10 flag=ok
[T2depth] t=22.4920 id=1584 src=stereo u=417.1 v=45.8 depth=3.1753 depth2=-1.0000 track=1 sf=10 flag=ok
[T2depth] t=22.4920 id=1590 src=stereo u=17.0 v=40.0 depth=5.0000 depth2=-1.0000 track=1 sf=10 flag=init_neg
[T2depth] t=22.4920 id=1591 src=stereo u=249.0 v=177.0 depth=32.3192 depth2=-1.0000 track=1 sf=10 flag=ok
[T2depth] t=22.4920 id=1594 src=stereo u=420.0 v=14.0 depth=4.0960 depth2=-1.0000 track=1 sf=10 flag=ok
[T2gate] t=22.4920 tri=47 rej=0 xrej=0 init_replace=2 gate=0
[T2slv] t=22.4920 phase=1 init_cost=138.316 final_cost=136.19 iters=9 term=1 slv_ms=19.3
[T2diag] t=22.4920 P=[-0.0585 0.0120 -0.0015] V=[-0.0325 -0.0081 0.0025] |Bas|=0.129366 |Bgs|=0.0004811 Bas=[-0.124998 -0.033269 -0.002034] Bgs=[-0.0001549 -0.0002239 0.0003966] tic0=[0.1200 0.0500 -0.0200] tic1=[0.1200 -0.0500 -0.0200] td=0.00000 track=136
[E2uls] flag=1 sh_t=22.536 new_t=22.536 dP=[-0.0017 -0.0026 -0.0001] |dP|=0.0031 first_dt=-1.0000
time: 22.492000, t: -0.058513 0.011983 -0.001491 q: 0.999967 0.000498 -0.008107 0.000119 
[T2depth] t=22.5920 id=1579 src=motion2 u=323.0 v=77.7 depth=5.0000 depth2=-1.0000 track=2 sf=9 flag=init_neg
[T2depth] t=22.5920 id=1581 src=motion2 u=112.2 v=13.5 depth=0.0687 depth2=-1.0000 track=2 sf=9 flag=ok
[T2depth] t=22.5920 id=1589 src=motion2 u=565.0 v=188.0 depth=0.8071 depth2=-1.0000 track=2 sf=9 flag=ok
[T2xcross] t=22.5920 id=1590 est=5.0000 svd=0.8097 rel=0.8381 track=2 sf=9
[T2xcross] t=22.5920 id=1591 est=32.3192 svd=0.0290 rel=0.9991 track=2 sf=9
[T2depth] t=22.5920 id=1592 src=motion2 u=484.0 v=142.0 depth=0.7463 depth2=-1.0000 track=2 sf=9 flag=ok
[T2depth] t=22.5920 id=1593 src=motion2 u=617.0 v=205.0 depth=0.1018 depth2=-1.0000 track=2 sf=9 flag=ok
[T2xcross] t=22.5920 id=1594 est=4.0960 svd=0.4603 rel=0.8876 track=2 sf=9
[T2depth] t=22.5920 id=1595 src=motion2 u=521.0 v=14.0 depth=0.5981 depth2=-1.0000 track=2 sf=9 flag=ok
[T2depth] t=22.5920 id=1597 src=stereo u=391.3 v=65.4 depth=4.4406 depth2=-1.0000 track=1 sf=10 flag=ok
[T2depth] t=22.5920 id=1600 src=stereo u=357.9 v=53.5 depth=3.8533 depth2=-1.0000 track=1 sf=10 flag=ok
[T2depth] t=22.5920 id=1602 src=stereo u=482.0 v=219.0 depth=3.9816 depth2=-1.0000 track=1 sf=10 flag=ok
[T2depth] t=22.5920 id=1607 src=stereo u=513.0 v=176.0 depth=4.3218 depth2=-1.0000 track=1 sf=10 flag=ok
[T2gate] t=22.5920 tri=46 rej=0 xrej=0 init_replace=1 gate=0
[T2slv] t=22.5920 phase=1 init_cost=138.716 final_cost=136.139 iters=8 term=0 slv_ms=12.0
[T2diag] t=22.5920 P=[-0.0597 0.0110 -0.0014] V=[-0.0367 -0.0110 0.0027] |Bas|=0.130697 |Bgs|=0.0004631 Bas=[-0.125942 -0.034869 -0.002104] Bgs=[-0.0001750 -0.0001931 0.0003828] tic0=[0.1200 0.0500 -0.0200] tic1=[0.1200 -0.0500 -0.0200] td=0.00000 track=141
[E2uls] flag=1 sh_t=22.656 new_t=22.656 dP=[-0.0035 0.0001 0.0003] |dP|=0.0035 first_dt=-1.0000
time: 22.592000, t: -0.059653 0.010985 -0.001396 q: 0.999967 0.000629 -0.008078 0.000133 
[T2xcross] t=22.6920 id=1548 est=0.0735 svd=0.0720 rel=0.0208 track=2 sf=9
[T2xcross] t=22.6920 id=1600 est=3.8533 svd=0.2185 rel=0.9433 track=2 sf=9
[T2depth] t=22.6920 id=1606 src=motion2 u=166.0 v=103.0 depth=5.0000 depth2=-1.0000 track=2 sf=9 flag=init_neg
[T2xcross] t=22.6920 id=1607 est=4.3218 svd=0.0669 rel=0.9845 track=2 sf=9
[T2depth] t=22.6920 id=1611 src=stereo u=210.4 v=135.5 depth=5.0000 depth2=-1.0000 track=1 sf=10 flag=init_neg
[T2depth] t=22.6920 id=1616 src=stereo u=346.0 v=89.0 depth=25.9650 depth2=-1.0000 track=1 sf=10 flag=ok
[T2gate] t=22.6920 tri=45 rej=0 xrej=0 init_replace=2 gate=0
[T2slv] t=22.6920 phase=1 init_cost=142.909 final_cost=138.353 iters=9 term=1 slv_ms=18.9
[T2diag] t=22.6920 P=[-0.0632 0.0120 -0.0014] V=[-0.0413 -0.0126 0.0064] |Bas|=0.135972 |Bgs|=0.0004697 Bas=[-0.129254 -0.042159 -0.002159] Bgs=[-0.0001923 -0.0001484 0.0004020] tic0=[0.1200 0.0500 -0.0200] tic1=[0.1200 -0.0500 -0.0200] td=0.00000 track=139
[E2uls] flag=1 sh_t=22.740 new_t=22.740 dP=[-0.0016 -0.0022 0.0006] |dP|=0.0028 first_dt=-1.0000
time: 22.692000, t: -0.063202 0.012033 -0.001442 q: 0.999966 0.000929 -0.008154 0.000298 
[T2xcross] t=22.7920 id=1551 est=36.4181 svd=0.4295 rel=0.9882 track=2 sf=9
[T2depth] t=22.7920 id=1608 src=motion2 u=123.9 v=217.1 depth=0.2491 depth2=-1.0000 track=2 sf=9 flag=ok
[T2depth] t=22.7920 id=1609 src=motion2 u=121.2 v=44.6 depth=5.0000 depth2=-1.0000 track=2 sf=9 flag=init_neg
[T2depth] t=22.7920 id=1610 src=motion2 u=77.8 v=70.3 depth=5.0000 depth2=-1.0000 track=2 sf=9 flag=init_neg
[T2depth] t=22.7920 id=1615 src=motion2 u=171.2 v=193.0 depth=0.0556 depth2=-1.0000 track=2 sf=9 flag=ok
[T2depth] t=22.7920 id=1618 src=motion2 u=358.0 v=196.0 depth=5.0000 depth2=-1.0000 track=2 sf=9 flag=init_neg
[T2depth] t=22.7920 id=1620 src=stereo u=339.6 v=137.1 depth=5.0000 depth2=-1.0000 track=1 sf=10 flag=init_neg
[T2gate] t=22.7920 tri=48 rej=0 xrej=0 init_replace=4 gate=0
[T2slv] t=22.7920 phase=1 init_cost=140.64 final_cost=136.362 iters=9 term=1 slv_ms=15.7
[T2diag] t=22.7920 P=[-0.0631 0.0129 -0.0015] V=[-0.0432 -0.0074 0.0030] |Bas|=0.131598 |Bgs|=0.0005003 Bas=[-0.120028 -0.053923 -0.001905] Bgs=[-0.0002059 -0.0001258 0.0004383] tic0=[0.1200 0.0500 -0.0200] tic1=[0.1200 -0.0500 -0.0200] td=0.00000 track=140
[E2uls] flag=1 sh_t=22.844 new_t=22.844 dP=[-0.0059 -0.0024 0.0014] |dP|=0.0065 first_dt=-1.0000
time: 22.792000, t: -0.063061 0.012877 -0.001524 q: 0.999968 0.001544 -0.007797 0.000211 
[T2depth] t=22.8920 id=1622 src=motion2 u=45.2 v=138.9 depth=5.0000 depth2=-1.0000 track=2 sf=9 flag=init_neg
[T2depth] t=22.8920 id=1625 src=motion2 u=336.6 v=31.0 depth=0.4245 depth2=-1.0000 track=2 sf=9 flag=ok
[T2depth] t=22.8920 id=1627 src=motion2 u=13.0 v=216.0 depth=0.5547 depth2=-1.0000 track=2 sf=9 flag=ok
[T2depth] t=22.8920 id=1628 src=motion2 u=146.0 v=87.0 depth=0.3113 depth2=-1.0000 track=2 sf=9 flag=ok
[T2depth] t=22.8920 id=1629 src=motion2 u=82.0 v=216.0 depth=5.0000 depth2=-1.0000 track=2 sf=9 flag=init_neg
[T2depth] t=22.8920 id=1631 src=stereo u=287.2 v=203.6 depth=0.8894 depth2=-1.0000 track=1 sf=10 flag=ok
[T2depth] t=22.8920 id=1637 src=stereo u=402.0 v=241.0 depth=4.5174 depth2=-1.0000 track=1 sf=10 flag=ok
[T2depth] t=22.8920 id=1638 src=stereo u=14.0 v=153.0 depth=20.9882 depth2=-1.0000 track=1 sf=10 flag=ok
[T2depth] t=22.8920 id=1639 src=stereo u=556.0 v=188.0 depth=44.0500 depth2=-1.0000 track=1 sf=10 flag=ok
[T2depth] t=22.8920 id=1642 src=stereo u=260.0 v=77.0 depth=5.0000 depth2=-1.0000 track=1 sf=10 flag=init_neg
[T2gate] t=22.8920 tri=50 rej=0 xrej=0 init_replace=3 gate=0
[T2slv] t=22.8920 phase=1 init_cost=139.43 final_cost=136.661 iters=9 term=1 slv_ms=25.5
[T2diag] t=22.8920 P=[-0.0639 0.0144 -0.0013] V=[-0.0455 -0.0097 0.0055] |Bas|=0.131612 |Bgs|=0.0005174 Bas=[-0.116925 -0.060379 -0.002138] Bgs=[-0.0002153 -0.0001071 0.0004582] tic0=[0.1200 0.0500 -0.0200] tic1=[0.1200 -0.0500 -0.0200] td=0.00000 track=138
[E2uls] flag=1 sh_t=22.940 new_t=22.940 dP=[-0.0053 -0.0026 0.0002] |dP|=0.0059 first_dt=-1.0000
time: 22.892000, t: -0.063921 0.014364 -0.001316 q: 0.999970 0.001910 -0.007552 0.000092 
[T2xcross] t=22.9920 id=1572 est=5.0000 svd=0.9042 rel=0.8192 track=2 sf=9
[T2xcross] t=22.9920 id=1618 est=5.0000 svd=0.1732 rel=0.9654 track=2 sf=9
[T2depth] t=22.9920 id=1633 src=motion2 u=226.7 v=84.9 depth=5.0000 depth2=-1.0000 track=2 sf=9 flag=init_neg
[T2depth] t=22.9920 id=1635 src=motion2 u=397.0 v=130.0 depth=0.8372 depth2=-1.0000 track=2 sf=9 flag=ok
[T2depth] t=22.9920 id=1636 src=motion2 u=195.0 v=23.0 depth=5.0000 depth2=-1.0000 track=2 sf=9 flag=init_neg
[T2xcross] t=22.9920 id=1637 est=4.5174 svd=1.2568 rel=0.7218 track=2 sf=9
[T2depth] t=22.9920 id=1640 src=motion2 u=489.0 v=36.0 depth=5.0000 depth2=-1.0000 track=2 sf=9 flag=init_neg
[T2depth] t=22.9920 id=1641 src=motion2 u=135.0 v=46.0 depth=8.8212 depth2=-1.0000 track=2 sf=9 flag=ok
[T2depth] t=22.9920 id=1647 src=stereo u=580.0 v=190.0 depth=5.0000 depth2=-1.0000 track=1 sf=10 flag=init_neg
[T2gate] t=22.9920 tri=44 rej=0 xrej=0 init_replace=4 gate=0
[T2slv] t=22.9920 phase=1 init_cost=144.991 final_cost=141.603 iters=9 term=1 slv_ms=23.8
[T2diag] t=22.9920 P=[-0.0767 0.0214 -0.0014] V=[-0.0550 -0.0034 0.0038] |Bas|=0.125916 |Bgs|=0.0005385 Bas=[-0.105486 -0.068726 -0.002068] Bgs=[-0.0002181 -0.0000870 0.0004846] tic0=[0.1200 0.0500 -0.0200] tic1=[0.1200 -0.0500 -0.0200] td=0.00000 track=142
[E2uls] flag=1 sh_t=23.044 new_t=23.044 dP=[0.0058 -0.0088 0.0013] |dP|=0.0106 first_dt=-1.0000
time: 22.992000, t: -0.076738 0.021390 -0.001359 q: 0.999973 0.002251 -0.007056 0.000042 
[T2xcross] t=23.0920 id=12 est=5.0000 svd=3.3388 rel=0.3322 track=2 sf=9
[T2xcross] t=23.0920 id=1642 est=5.0000 svd=1.4505 rel=0.7099 track=2 sf=9
[T2depth] t=23.0920 id=1645 src=motion2 u=575.5 v=52.5 depth=0.9423 depth2=-1.0000 track=2 sf=9 flag=ok
[T2depth] t=23.0920 id=1648 src=motion2 u=216.0 v=136.0 depth=5.0000 depth2=-1.0000 track=2 sf=9 flag=init_neg
[T2depth] t=23.0920 id=1650 src=motion2 u=258.0 v=164.0 depth=5.0000 depth2=-1.0000 track=2 sf=9 flag=init_neg
[T2depth] t=23.0920 id=1653 src=stereo u=65.1 v=39.3 depth=5.0000 depth2=-1.0000 track=1 sf=10 flag=init_neg
[T2depth] t=23.0920 id=1654 src=stereo u=323.8 v=100.0 depth=5.0000 depth2=-1.0000 track=1 sf=10 flag=init_neg
[T2depth] t=23.0920 id=1655 src=stereo u=342.5 v=73.0 depth=5.0000 depth2=-1.0000 track=1 sf=10 flag=init_neg
[T2depth] t=23.0920 id=1660 src=stereo u=412.0 v=54.0 depth=4.6791 depth2=-1.0000 track=1 sf=10 flag=ok
[T2depth] t=23.0920 id=1661 src=stereo u=420.0 v=86.0 depth=3.9411 depth2=-1.0000 track=1 sf=10 flag=ok
[T2depth] t=23.0920 id=1662 src=stereo u=610.0 v=199.0 depth=5.0000 depth2=-1.0000 track=1 sf=10 flag=init_neg
[T2depth] t=23.0920 id=1663 src=stereo u=445.0 v=196.0 depth=3.8979 depth2=-1.0000 track=1 sf=10 flag=ok
[T2gate] t=23.0920 tri=48 rej=0 xrej=0 init_replace=6 gate=0
[T2slv] t=23.0920 phase=1 init_cost=144.375 final_cost=142.511 iters=9 term=1 slv_ms=13.2
[T2diag] t=23.0920 P=[-0.0818 0.0223 -0.0014] V=[-0.0589 -0.0100 0.0024] |Bas|=0.122623 |Bgs|=0.0005431 Bas=[-0.099925 -0.071046 -0.001968] Bgs=[-0.0002298 -0.0000946 0.0004829] tic0=[0.1200 0.0500 -0.0200] tic1=[0.1200 -0.0500 -0.0200] td=0.00000 track=138
[E2uls] flag=1 sh_t=23.148 new_t=23.148 dP=[-0.0036 -0.0012 0.0009] |dP|=0.0039 first_dt=-1.0000
time: 23.092000, t: -0.081835 0.022278 -0.001428 q: 0.999973 0.002497 -0.006855 -0.000106 
[T2depth] t=23.1920 id=1658 src=motion2 u=146.0 v=230.0 depth=5.0000 depth2=-1.0000 track=2 sf=9 flag=init_neg
[T2depth] t=23.1920 id=1659 src=motion2 u=358.0 v=24.0 depth=7.4795 depth2=-1.0000 track=2 sf=9 flag=ok
[T2xcross] t=23.1920 id=1660 est=4.6791 svd=1.3304 rel=0.7157 track=2 sf=9
[T2xcross] t=23.1920 id=1663 est=3.8979 svd=3.9437 rel=0.0116 track=2 sf=9
[T2depth] t=23.1920 id=1666 src=stereo u=492.0 v=32.3 depth=3.7903 depth2=-1.0000 track=1 sf=10 flag=ok
[T2depth] t=23.1920 id=1669 src=stereo u=544.2 v=37.8 depth=3.6529 depth2=-1.0000 track=1 sf=10 flag=ok
[T2depth] t=23.1920 id=1671 src=stereo u=15.5 v=184.2 depth=5.0000 depth2=-1.0000 track=1 sf=10 flag=init_neg
[T2gate] t=23.1920 tri=43 rej=0 xrej=0 init_replace=2 gate=0
[T2slv] t=23.1920 phase=1 init_cost=143.59 final_cost=140.299 iters=9 term=1 slv_ms=15.9
[T2diag] t=23.1920 P=[-0.0758 0.0179 -0.0015] V=[-0.0536 -0.0102 0.0014] |Bas|=0.122738 |Bgs|=0.0005417 Bas=[-0.095469 -0.077111 -0.002047] Bgs=[-0.0002329 -0.0001115 0.0004762] tic0=[0.1200 0.0500 -0.0200] tic1=[0.1200 -0.0500 -0.0200] td=0.00000 track=141
[E2uls] flag=1 sh_t=23.240 new_t=23.240 dP=[-0.0157 0.0030 0.0004] |dP|=0.0160 first_dt=-1.0000
time: 23.192000, t: -0.075843 0.017940 -0.001537 q: 0.999974 0.002702 -0.006611 0.000162 
[T2xcross] t=23.2920 id=1650 est=5.0000 svd=0.0112 rel=0.9978 track=2 sf=9
[T2depth] t=23.2920 id=3 src=motion2 u=617.0 v=372.4 depth=26.3672 depth2=-1.0000 track=2 sf=9 flag=ok
[T2xcross] t=23.2920 id=1669 est=3.6529 svd=1.4091 rel=0.6143 track=2 sf=9
[T2depth] t=23.2920 id=1673 src=motion2 u=606.0 v=161.0 depth=5.0000 depth2=-1.0000 track=2 sf=9 flag=init_neg
[T2depth] t=23.2920 id=1674 src=motion2 u=502.0 v=264.0 depth=5.0000 depth2=-1.0000 track=2 sf=9 flag=init_neg
[T2depth] t=23.2920 id=1676 src=stereo u=500.6 v=220.6 depth=3.4520 depth2=-1.0000 track=1 sf=10 flag=ok
[T2depth] t=23.2920 id=1677 src=stereo u=229.1 v=213.5 depth=5.0000 depth2=-1.0000 track=1 sf=10 flag=init_neg
[T2depth] t=23.2920 id=1685 src=stereo u=219.0 v=172.0 depth=5.0000 depth2=-1.0000 track=1 sf=10 flag=init_neg
[T2depth] t=23.2920 id=1688 src=stereo u=254.0 v=127.0 depth=20.7197 depth2=-1.0000 track=1 sf=10 flag=ok
[T2gate] t=23.2920 tri=49 rej=0 xrej=0 init_replace=4 gate=0
[T2slv] t=23.2920 phase=1 init_cost=142.841 final_cost=139.65 iters=9 term=1 slv_ms=27.5
[T2diag] t=23.2920 P=[-0.0643 0.0150 -0.0014] V=[-0.0450 -0.0029 0.0026] |Bas|=0.122125 |Bgs|=0.0005592 Bas=[-0.086073 -0.086609 -0.002190] Bgs=[-0.0002371 -0.0001157 0.0004930] tic0=[0.1200 0.0500 -0.0200] tic1=[0.1200 -0.0500 -0.0200] td=0.00000 track=136
[E2uls] flag=1 sh_t=23.344 new_t=23.344 dP=[-0.0200 0.0013 0.0001] |dP|=0.0200 first_dt=-1.0000
time: 23.292000, t: -0.064325 0.014999 -0.001431 q: 0.999977 0.003184 -0.006044 0.000146 
[T2xcross] t=23.3920 id=1666 est=3.7903 svd=0.4634 rel=0.8777 track=2 sf=9
[T2depth] t=23.3920 id=1675 src=motion2 u=51.1 v=42.3 depth=5.0000 depth2=-1.0000 track=2 sf=9 flag=init_neg
[T2xcross] t=23.3920 id=1676 est=3.4520 svd=0.2182 rel=0.9368 track=2 sf=9
[T2depth] t=23.3920 id=1679 src=motion2 u=506.5 v=158.8 depth=6.2593 depth2=-1.0000 track=2 sf=9 flag=ok
[T2depth] t=23.3920 id=1680 src=motion2 u=281.4 v=88.0 depth=0.3209 depth2=-1.0000 track=2 sf=9 flag=ok
[T2depth] t=23.3920 id=1683 src=motion2 u=345.0 v=97.0 depth=0.3115 depth2=-1.0000 track=2 sf=9 flag=ok
[T2depth] t=23.3920 id=1684 src=motion2 u=445.0 v=151.0 depth=5.0000 depth2=-1.0000 track=2 sf=9 flag=init_neg
[T2xcross] t=23.3920 id=1685 est=5.0000 svd=0.1963 rel=0.9607 track=2 sf=9
[T2depth] t=23.3920 id=1687 src=motion2 u=545.0 v=87.0 depth=5.0000 depth2=-1.0000 track=2 sf=9 flag=init_neg
[T2xcross] t=23.3920 id=1688 est=20.7197 svd=0.2144 rel=0.9897 track=2 sf=9
[T2depth] t=23.3920 id=1689 src=motion2 u=218.0 v=73.0 depth=5.0000 depth2=-1.0000 track=2 sf=9 flag=init_neg
[T2depth] t=23.3920 id=1690 src=stereo u=131.8 v=184.6 depth=5.0000 depth2=-1.0000 track=1 sf=10 flag=init_neg
[T2depth] t=23.3920 id=1691 src=stereo u=172.6 v=172.0 depth=5.0000 depth2=-1.0000 track=1 sf=10 flag=init_neg
[T2depth] t=23.3920 id=1696 src=stereo u=580.0 v=176.0 depth=5.0000 depth2=-1.0000 track=1 sf=10 flag=init_neg
[T2gate] t=23.3920 tri=46 rej=0 xrej=0 init_replace=7 gate=0
[T2slv] t=23.3920 phase=1 init_cost=140.91 final_cost=134.08 iters=9 term=1 slv_ms=15.2
[T2diag] t=23.3920 P=[-0.0444 0.0113 -0.0011] V=[-0.0451 -0.0151 0.0011] |Bas|=0.125174 |Bgs|=0.0006042 Bas=[-0.085166 -0.091711 -0.002097] Bgs=[-0.0002531 -0.0001136 0.0005367] tic0=[0.1200 0.0500 -0.0200] tic1=[0.1200 -0.0500 -0.0200] td=0.00000 track=143
[E2uls] flag=1 sh_t=23.444 new_t=23.444 dP=[-0.0270 0.0037 0.0000] |dP|=0.0272 first_dt=-1.0000
time: 23.392000, t: -0.044425 0.011338 -0.001077 q: 0.999975 0.003673 -0.006004 -0.000022 
[T2xcross] t=23.4920 id=1683 est=0.3115 svd=0.3655 rel=0.1478 track=2 sf=9
[T2xcross] t=23.4920 id=1684 est=5.0000 svd=3.1558 rel=0.3688 track=2 sf=9
[T2depth] t=23.4920 id=1694 src=motion2 u=148.0 v=214.0 depth=5.0000 depth2=-1.0000 track=2 sf=9 flag=init_neg
[T2depth] t=23.4920 id=1698 src=stereo u=398.7 v=174.9 depth=4.5029 depth2=-1.0000 track=1 sf=10 flag=ok
[T2depth] t=23.4920 id=1699 src=stereo u=489.1 v=114.7 depth=3.9427 depth2=-1.0000 track=1 sf=10 flag=ok
[T2depth] t=23.4920 id=1708 src=stereo u=278.0 v=24.0 depth=5.0000 depth2=-1.0000 track=1 sf=10 flag=init_neg
[T2depth] t=23.4920 id=1709 src=stereo u=190.0 v=92.0 depth=26.2917 depth2=-1.0000 track=1 sf=10 flag=ok
[T2depth] t=23.4920 id=1712 src=stereo u=235.0 v=19.0 depth=42.8624 depth2=-1.0000 track=1 sf=10 flag=ok
[T2gate] t=23.4920 tri=48 rej=0 xrej=0 init_replace=2 gate=0
[T2slv] t=23.4920 phase=1 init_cost=138.039 final_cost=135.051 iters=9 term=1 slv_ms=19.6
[T2diag] t=23.4920 P=[-0.0460 0.0090 -0.0008] V=[-0.0474 -0.0177 0.0010] |Bas|=0.130534 |Bgs|=0.0005981 Bas=[-0.092355 -0.092223 -0.002141] Bgs=[-0.0002452 -0.0001187 0.0005324] tic0=[0.1200 0.0500 -0.0200] tic1=[0.1200 -0.0500 -0.0200] td=0.00000 track=135
[E2uls] flag=1 sh_t=23.540 new_t=23.540 dP=[-0.0055 0.0001 -0.0004] |dP|=0.0055 first_dt=-1.0000
time: 23.492000, t: -0.046004 0.008953 -0.000822 q: 0.999973 0.003773 -0.006335 0.000159 
[T2depth] t=23.5920 id=1697 src=motion2 u=327.2 v=168.2 depth=5.0000 depth2=-1.0000 track=2 sf=9 flag=init_neg
[T2xcross] t=23.5920 id=1698 est=4.5029 svd=2.1961 rel=0.5123 track=2 sf=9
[T2xcross] t=23.5920 id=1699 est=3.9427 svd=0.5111 rel=0.8704 track=2 sf=9
[T2depth] t=23.5920 id=1704 src=motion2 u=384.0 v=50.0 depth=5.0000 depth2=-1.0000 track=2 sf=9 flag=init_neg
[T2xcross] t=23.5920 id=1708 est=5.0000 svd=0.2692 rel=0.9462 track=2 sf=9
[T2xcross] t=23.5920 id=1712 est=42.8624 svd=0.1502 rel=0.9965 track=2 sf=9
[T2depth] t=23.5920 id=1713 src=motion2 u=267.0 v=73.0 depth=5.0000 depth2=-1.0000 track=2 sf=9 flag=init_neg
[T2depth] t=23.5920 id=1714 src=stereo u=601.6 v=117.1 depth=45.2655 depth2=-1.0000 track=1 sf=10 flag=ok
[T2depth] t=23.5920 id=1727 src=stereo u=55.0 v=77.0 depth=5.0000 depth2=-1.0000 track=1 sf=10 flag=init_neg
[T2depth] t=23.5920 id=1728 src=stereo u=85.0 v=95.0 depth=26.2136 depth2=-1.0000 track=1 sf=10 flag=ok
[T2depth] t=23.5920 id=1729 src=stereo u=239.0 v=118.0 depth=5.0000 depth2=-1.0000 track=1 sf=10 flag=init_neg
[T2gate] t=23.5920 tri=53 rej=0 xrej=0 init_replace=5 gate=0
[T2slv] t=23.5920 phase=1 init_cost=141.108 final_cost=136.921 iters=9 term=1 slv_ms=26.4
[T2diag] t=23.5920 P=[-0.0437 0.0088 -0.0006] V=[-0.0399 0.0006 0.0008] |Bas|=0.130612 |Bgs|=0.0005737 Bas=[-0.083404 -0.100489 -0.002312] Bgs=[-0.0002222 -0.0001144 0.0005164] tic0=[0.1200 0.0500 -0.0200] tic1=[0.1200 -0.0500 -0.0200] td=0.00000 track=136
[E2uls] flag=1 sh_t=23.644 new_t=23.644 dP=[-0.0100 -0.0039 -0.0003] |dP|=0.0107 first_dt=-1.0000
time: 23.592000, t: -0.043682 0.008848 -0.000598 q: 0.999975 0.004044 -0.005784 0.000047 
[T2depth] t=23.6920 id=1715 src=motion2 u=147.6 v=13.3 depth=5.0000 depth2=-1.0000 track=2 sf=9 flag=init_neg
[T2depth] t=23.6920 id=1720 src=motion2 u=481.2 v=57.4 depth=5.0000 depth2=-1.0000 track=2 sf=9 flag=init_neg
[T2depth] t=23.6920 id=1723 src=motion2 u=625.0 v=261.0 depth=4.2044 depth2=-1.0000 track=2 sf=9 flag=ok
[T2depth] t=23.6920 id=1726 src=motion2 u=22.0 v=221.0 depth=0.0975 depth2=-1.0000 track=2 sf=9 flag=ok
[T2xcross] t=23.6920 id=1729 est=5.0000 svd=0.1098 rel=0.9780 track=2 sf=9
[T2depth] t=23.6920 id=1730 src=motion2 u=165.0 v=184.0 depth=5.0000 depth2=-1.0000 track=2 sf=9 flag=init_neg
[T2depth] t=23.6920 id=1738 src=stereo u=274.9 v=147.9 depth=5.0000 depth2=-1.0000 track=1 sf=10 flag=init_neg
[T2depth] t=23.6920 id=1740 src=stereo u=353.8 v=146.3 depth=4.9254 depth2=-1.0000 track=1 sf=10 flag=ok
[T2depth] t=23.6920 id=1742 src=stereo u=391.0 v=13.0 depth=3.8678 depth2=-1.0000 track=1 sf=10 flag=ok
[T2gate] t=23.6920 tri=51 rej=0 xrej=0 init_replace=4 gate=0
[T2slv] t=23.6920 phase=1 init_cost=139.098 final_cost=132.679 iters=9 term=1 slv_ms=15.2
[T2diag] t=23.6920 P=[-0.0303 0.0080 -0.0001] V=[-0.0267 -0.0140 -0.0025] |Bas|=0.142026 |Bgs|=0.0006336 Bas=[-0.088739 -0.110875 -0.001829] Bgs=[-0.0001930 -0.0001519 0.0005841] tic0=[0.1200 0.0500 -0.0200] tic1=[0.1200 -0.0500 -0.0200] td=0.00000 track=138
[E2uls] flag=1 sh_t=23.740 new_t=23.740 dP=[-0.0197 0.0017 -0.0001] |dP|=0.0198 first_dt=-1.0000
time: 23.692000, t: -0.030259 0.008001 -0.000084 q: 0.999972 0.004478 -0.006069 -0.000171 
[T2depth] t=23.7960 id=1735 src=motion2 u=553.0 v=26.0 depth=0.3997 depth2=-1.0000 track=2 sf=9 flag=ok
[T2depth] t=23.7960 id=1736 src=motion2 u=542.7 v=142.8 depth=5.0000 depth2=-1.0000 track=2 sf=9 flag=init_neg
[T2depth] t=23.7960 id=1737 src=motion2 u=308.8 v=189.6 depth=5.0000 depth2=-1.0000 track=2 sf=9 flag=init_neg
[T2depth] t=23.7960 id=1739 src=motion2 u=22.8 v=92.1 depth=5.0000 depth2=-1.0000 track=2 sf=9 flag=init_neg
[T2depth] t=23.7960 id=1743 src=motion2 u=19.0 v=123.0 depth=0.0634 depth2=-1.0000 track=2 sf=9 flag=ok
[T2depth] t=23.7960 id=1745 src=motion2 u=214.0 v=93.0 depth=0.1454 depth2=-1.0000 track=2 sf=9 flag=ok
[T2depth] t=23.7960 id=1746 src=motion2 u=528.0 v=198.0 depth=5.0000 depth2=-1.0000 track=2 sf=9 flag=init_neg
[T2depth] t=23.7960 id=1753 src=stereo u=169.0 v=50.0 depth=33.1957 depth2=-1.0000 track=1 sf=10 flag=ok
[T2depth] t=23.7960 id=1759 src=stereo u=453.0 v=78.0 depth=3.8974 depth2=-1.0000 track=1 sf=10 flag=ok
[T2gate] t=23.7960 tri=50 rej=0 xrej=0 init_replace=4 gate=0
[T2slv] t=23.7960 phase=1 init_cost=134.163 final_cost=129.01 iters=9 term=1 slv_ms=24.2
[T2diag] t=23.7960 P=[-0.0284 0.0103 0.0002] V=[-0.0178 0.0003 0.0012] |Bas|=0.156037 |Bgs|=0.0006643 Bas=[-0.100062 -0.119713 -0.002028] Bgs=[-0.0001729 -0.0001760 0.0006168] tic0=[0.1200 0.0500 -0.0200] tic1=[0.1200 -0.0500 -0.0200] td=0.00000 track=138
[E2uls] flag=1 sh_t=23.848 new_t=23.848 dP=[-0.0064 -0.0045 -0.0015] |dP|=0.0080 first_dt=-1.0000
time: 23.796000, t: -0.028394 0.010338 0.000234 q: 0.999968 0.004708 -0.006495 -0.000435 
[T2depth] t=23.8920 id=1754 src=motion2 u=172.0 v=168.0 depth=0.0552 depth2=-1.0000 track=2 sf=9 flag=ok
[T2depth] t=23.8920 id=1758 src=motion2 u=549.0 v=111.0 depth=0.0567 depth2=-1.0000 track=2 sf=9 flag=ok
[T2depth] t=23.8920 id=1760 src=motion2 u=76.0 v=161.0 depth=5.0000 depth2=-1.0000 track=2 sf=9 flag=init_neg
[T2depth] t=23.8920 id=1765 src=stereo u=407.7 v=107.6 depth=4.0413 depth2=-1.0000 track=1 sf=10 flag=ok
[T2depth] t=23.8920 id=1773 src=stereo u=444.0 v=171.0 depth=3.8971 depth2=-1.0000 track=1 sf=10 flag=ok
[T2depth] t=23.8920 id=1774 src=stereo u=285.0 v=91.0 depth=35.5306 depth2=-1.0000 track=1 sf=10 flag=ok
[T2depth] t=23.8920 id=1775 src=stereo u=252.0 v=8.0 depth=5.0000 depth2=-1.0000 track=1 sf=10 flag=init_neg
[T2depth] t=23.8920 id=1776 src=stereo u=289.0 v=150.0 depth=43.6961 depth2=-1.0000 track=1 sf=10 flag=ok
[T2gate] t=23.8920 tri=52 rej=0 xrej=0 init_replace=2 gate=0
[T2slv] t=23.8920 phase=1 init_cost=131.925 final_cost=129.844 iters=9 term=1 slv_ms=18.8
[T2diag] t=23.8920 P=[-0.0281 0.0105 0.0004] V=[-0.0155 0.0024 0.0028] |Bas|=0.165665 |Bgs|=0.0006545 Bas=[-0.109357 -0.124425 -0.002111] Bgs=[-0.0001835 -0.0001763 0.0006030] tic0=[0.1200 0.0500 -0.0200] tic1=[0.1200 -0.0500 -0.0200] td=0.00000 track=137
[E2uls] flag=1 sh_t=23.940 new_t=23.940 dP=[-0.0026 0.0003 -0.0003] |dP|=0.0027 first_dt=-1.0000
time: 23.892000, t: -0.028075 0.010526 0.000360 q: 0.999965 0.004778 -0.006917 -0.000529 
[T2xcross] t=23.9920 id=1746 est=5.0000 svd=0.0401 rel=0.9920 track=2 sf=9
[T2depth] t=23.9920 id=1761 src=motion2 u=630.0 v=129.1 depth=0.0890 depth2=-1.0000 track=2 sf=9 flag=ok
[T2xcross] t=23.9920 id=1765 est=4.0413 svd=0.2609 rel=0.9354 track=2 sf=9
[T2depth] t=23.9920 id=1769 src=motion2 u=162.0 v=73.0 depth=2.6785 depth2=-1.0000 track=2 sf=9 flag=ok
[T2depth] t=23.9920 id=1771 src=motion2 u=540.0 v=50.0 depth=0.1344 depth2=-1.0000 track=2 sf=9 flag=ok
[T2depth] t=23.9920 id=1777 src=motion2 u=32.0 v=180.0 depth=0.1610 depth2=-1.0000 track=2 sf=9 flag=ok
[T2depth] t=23.9920 id=1782 src=stereo u=485.8 v=71.3 depth=3.4326 depth2=-1.0000 track=1 sf=10 flag=ok
[T2depth] t=23.9920 id=1786 src=stereo u=490.0 v=230.0 depth=3.4581 depth2=-1.0000 track=1 sf=10 flag=ok
[T2depth] t=23.9920 id=1791 src=stereo u=106.0 v=121.0 depth=30.7069 depth2=-1.0000 track=1 sf=10 flag=ok
[T2gate] t=23.9920 tri=50 rej=0 xrej=0 init_replace=0 gate=0
[T2slv] t=23.9920 phase=1 init_cost=135.228 final_cost=130.803 iters=9 term=1 slv_ms=12.8
[T2diag] t=23.9920 P=[-0.0292 0.0147 -0.0003] V=[-0.0199 -0.0089 -0.0035] |Bas|=0.168150 |Bgs|=0.0007081 Bas=[-0.110840 -0.126436 -0.001609] Bgs=[-0.0002235 -0.0001647 0.0006513] tic0=[0.1200 0.0500 -0.0200] tic1=[0.1200 -0.0500 -0.0200] td=0.00000 track=137
[E2uls] flag=1 sh_t=24.044 new_t=24.044 dP=[-0.0004 -0.0027 0.0016] |dP|=0.0031 first_dt=-1.0000
time: 23.992000, t: -0.029201 0.014668 -0.000313 q: 0.999961 0.005115 -0.007229 -0.000700 
[T2xcross] t=24.0920 id=1760 est=5.0000 svd=0.0032 rel=0.9994 track=2 sf=9
[T2depth] t=24.0920 id=1781 src=motion2 u=48.6 v=129.0 depth=0.0831 depth2=-1.0000 track=2 sf=9 flag=ok
[T2depth] t=24.0920 id=1784 src=motion2 u=123.7 v=61.6 depth=5.0000 depth2=-1.0000 track=2 sf=9 flag=init_neg
[T2depth] t=24.0920 id=1785 src=motion2 u=77.3 v=208.8 depth=0.0205 depth2=-1.0000 track=2 sf=9 flag=ok
[T2depth] t=24.0920 id=1788 src=motion2 u=23.0 v=211.0 depth=0.0963 depth2=-1.0000 track=2 sf=9 flag=ok
[T2depth] t=24.0920 id=1790 src=motion2 u=52.0 v=18.0 depth=0.1430 depth2=-1.0000 track=2 sf=9 flag=ok
[T2xcross] t=24.0920 id=1791 est=30.7069 svd=0.0112 rel=0.9996 track=2 sf=9
[T2depth] t=24.0920 id=1792 src=motion2 u=339.0 v=186.0 depth=0.1075 depth2=-1.0000 track=2 sf=9 flag=ok
[T2depth] t=24.0920 id=1793 src=motion2 u=182.0 v=39.0 depth=0.0311 depth2=-1.0000 track=2 sf=9 flag=ok
[T2depth] t=24.0920 id=1798 src=stereo u=373.1 v=148.2 depth=3.6793 depth2=-1.0000 track=1 sf=10 flag=ok
[T2gate] t=24.0920 tri=48 rej=0 xrej=0 init_replace=1 gate=0
[T2slv] t=24.0920 phase=1 init_cost=135.098 final_cost=132.145 iters=9 term=1 slv_ms=14.5
[T2diag] t=24.0920 P=[-0.0321 0.0114 -0.0003] V=[-0.0264 -0.0073 0.0002] |Bas|=0.162264 |Bgs|=0.0006803 Bas=[-0.109894 -0.119368 -0.002049] Bgs=[-0.0002523 -0.0001626 0.0006105] tic0=[0.1200 0.0500 -0.0200] tic1=[0.1200 -0.0500 -0.0200] td=0.00000 track=141
[E2uls] flag=1 sh_t=24.152 new_t=24.152 dP=[-0.0003 0.0020 -0.0011] |dP|=0.0023 first_dt=-1.0000
time: 24.092000, t: -0.032136 0.011448 -0.000269 q: 0.999963 0.004798 -0.007195 -0.000377 
[T2xcross] t=24.1920 id=1784 est=5.0000 svd=0.2798 rel=0.9440 track=2 sf=9
[T2xcross] t=24.1920 id=1788 est=0.0963 svd=0.2508 rel=0.6158 track=2 sf=9
[T2depth] t=24.1920 id=1799 src=motion2 u=8.0 v=134.0 depth=0.4131 depth2=-1.0000 track=2 sf=9 flag=ok
[T2depth] t=24.1920 id=1801 src=motion2 u=287.0 v=180.0 depth=0.2420 depth2=-1.0000 track=2 sf=9 flag=ok
[T2depth] t=24.1920 id=1802 src=motion2 u=600.0 v=197.0 depth=1.1588 depth2=-1.0000 track=2 sf=9 flag=ok
[T2depth] t=24.1920 id=1803 src=motion2 u=169.0 v=218.0 depth=0.0272 depth2=-1.0000 track=2 sf=9 flag=ok
[T2depth] t=24.1920 id=1805 src=stereo u=447.0 v=168.0 depth=3.8963 depth2=-1.0000 track=1 sf=10 flag=ok
[T2depth] t=24.1920 id=1811 src=stereo u=514.0 v=93.0 depth=4.0276 depth2=-1.0000 track=1 sf=10 flag=ok
[T2depth] t=24.1920 id=1812 src=stereo u=560.0 v=122.0 depth=33.6486 depth2=-1.0000 track=1 sf=10 flag=ok
[T2depth] t=24.1920 id=1813 src=stereo u=62.0 v=189.0 depth=5.0000 depth2=-1.0000 track=1 sf=10 flag=init_neg
[T2depth] t=24.1920 id=1815 src=stereo u=498.0 v=207.0 depth=3.7756 depth2=-1.0000 track=1 sf=10 flag=ok
[T2gate] t=24.1920 tri=47 rej=0 xrej=0 init_replace=1 gate=0
[T2slv] t=24.1920 phase=1 init_cost=134.663 final_cost=131.869 iters=9 term=1 slv_ms=6.6
[T2diag] t=24.1920 P=[-0.0298 0.0086 0.0002] V=[-0.0135 -0.0012 0.0057] |Bas|=0.162194 |Bgs|=0.0006605 Bas=[-0.109341 -0.119776 -0.002224] Bgs=[-0.0002486 -0.0001704 0.0005877] tic0=[0.1200 0.0500 -0.0200] tic1=[0.1200 -0.0500 -0.0200] td=0.00000 track=140
[E2uls] flag=1 sh_t=24.228 new_t=24.228 dP=[-0.0061 0.0015 -0.0004] |dP|=0.0063 first_dt=-1.0000
time: 24.192000, t: -0.029763 0.008644 0.000238 q: 0.999965 0.004639 -0.006974 -0.000336 
[T2xcross] t=24.2920 id=1759 est=3.8974 svd=0.2184 rel=0.9440 track=2 sf=9
[T2xcross] t=24.2920 id=1805 est=3.8963 svd=0.3152 rel=0.9191 track=2 sf=9
[T2depth] t=24.2920 id=1806 src=motion2 u=323.2 v=148.1 depth=0.1078 depth2=-1.0000 track=2 sf=9 flag=ok
[T2depth] t=24.2920 id=1807 src=motion2 u=539.5 v=185.7 depth=5.0000 depth2=-1.0000 track=2 sf=9 flag=init_neg
[T2depth] t=24.2920 id=1809 src=motion2 u=629.0 v=229.0 depth=0.0854 depth2=-1.0000 track=2 sf=9 flag=ok
[T2depth] t=24.2920 id=1814 src=motion2 u=128.0 v=162.0 depth=5.0000 depth2=-1.0000 track=2 sf=9 flag=init_neg
[T2xcross] t=24.2920 id=1815 est=3.7756 svd=0.2346 rel=0.9379 track=2 sf=9
[T2gate] t=24.2920 tri=45 rej=0 xrej=0 init_replace=2 gate=0
[T2slv] t=24.2920 phase=1 init_cost=131.547 final_cost=128.473 iters=9 term=1 slv_ms=18.7
[T2diag] t=24.2920 P=[-0.0280 0.0085 0.0003] V=[-0.0102 -0.0038 0.0009] |Bas|=0.168711 |Bgs|=0.0006536 Bas=[-0.113620 -0.124703 -0.001762] Bgs=[-0.0002267 -0.0001748 0.0005876] tic0=[0.1200 0.0500 -0.0200] tic1=[0.1200 -0.0500 -0.0200] td=0.00000 track=139
[E2uls] flag=1 sh_t=24.336 new_t=24.336 dP=[-0.0036 0.0001 0.0011] |dP|=0.0037 first_dt=-1.0000
time: 24.292000, t: -0.028041 0.008522 0.000299 q: 0.999963 0.004865 -0.007128 -0.000250 
[T2depth] t=24.3920 id=1818 src=motion2 u=633.0 v=478.0 depth=31.0122 depth2=-1.0000 track=2 sf=9 flag=ok
[T2depth] t=24.3920 id=1823 src=motion2 u=613.0 v=23.0 depth=5.0000 depth2=-1.0000 track=2 sf=9 flag=init_neg
[T2depth] t=24.3920 id=1825 src=motion2 u=525.0 v=151.0 depth=0.0866 depth2=-1.0000 track=2 sf=9 flag=ok
[T2depth] t=24.3920 id=1826 src=motion2 u=578.0 v=119.0 depth=5.0000 depth2=-1.0000 track=2 sf=9 flag=init_neg
[T2depth] t=24.3920 id=1827 src=motion2 u=544.0 v=70.0 depth=5.0000 depth2=-1.0000 track=2 sf=9 flag=init_neg
[T2depth] t=24.3920 id=1828 src=motion2 u=196.0 v=478.0 depth=5.0000 depth2=-1.0000 track=2 sf=9 flag=init_neg
[T2depth] t=24.3920 id=1830 src=motion2 u=161.0 v=160.0 depth=5.0000 depth2=-1.0000 track=2 sf=9 flag=init_neg
[T2depth] t=24.3920 id=1831 src=stereo u=373.9 v=71.7 depth=3.3992 depth2=-1.0000 track=1 sf=10 flag=ok
[T2depth] t=24.3920 id=1836 src=stereo u=64.0 v=83.0 depth=14.8448 depth2=-1.0000 track=1 sf=10 flag=ok
[T2depth] t=24.3920 id=1838 src=stereo u=498.0 v=78.0 depth=3.4895 depth2=-1.0000 track=1 sf=10 flag=ok
[T2depth] t=24.3920 id=1839 src=stereo u=185.0 v=179.0 depth=5.0000 depth2=-1.0000 track=1 sf=10 flag=init_neg
[T2gate] t=24.3920 tri=47 rej=0 xrej=0 init_replace=6 gate=0
[T2slv] t=24.3920 phase=1 init_cost=130.802 final_cost=128.966 iters=9 term=1 slv_ms=13.9
[T2diag] t=24.3920 P=[-0.0267 0.0109 0.0005] V=[-0.0111 -0.0024 0.0033] |Bas|=0.177706 |Bgs|=0.0006750 Bas=[-0.118474 -0.132439 -0.001805] Bgs=[-0.0002244 -0.0001644 0.0006150] tic0=[0.1200 0.0500 -0.0200] tic1=[0.1200 -0.0500 -0.0200] td=0.00000 track=143
[E2uls] flag=1 sh_t=24.452 new_t=24.452 dP=[-0.0033 -0.0032 -0.0003] |dP|=0.0046 first_dt=-1.0000
time: 24.392000, t: -0.026654 0.010916 0.000462 q: 0.999960 0.005185 -0.007297 -0.000511 
[T2depth] t=24.4920 id=1832 src=motion2 u=67.0 v=44.1 depth=0.1142 depth2=-1.0000 track=2 sf=9 flag=ok
[T2depth] t=24.4920 id=1835 src=motion2 u=576.1 v=80.5 depth=5.0000 depth2=-1.0000 track=2 sf=9 flag=init_neg
[T2xcross] t=24.4920 id=1836 est=14.8448 svd=0.0749 rel=0.9950 track=2 sf=9
[T2depth] t=24.4920 id=1848 src=stereo u=205.0 v=72.0 depth=33.8177 depth2=-1.0000 track=1 sf=10 flag=ok
[T2depth] t=24.4920 id=1850 src=stereo u=403.0 v=143.0 depth=16.0010 depth2=-1.0000 track=1 sf=10 flag=ok
[T2gate] t=24.4920 tri=43 rej=0 xrej=0 init_replace=1 gate=0
[T2slv] t=24.4920 phase=1 init_cost=132.321 final_cost=130.899 iters=8 term=0 slv_ms=13.0
[T2diag] t=24.4920 P=[-0.0268 0.0115 0.0003] V=[-0.0174 -0.0047 0.0029] |Bas|=0.181907 |Bgs|=0.0006870 Bas=[-0.120124 -0.136591 -0.001745] Bgs=[-0.0002352 -0.0001510 0.0006276] tic0=[0.1200 0.0500 -0.0200] tic1=[0.1200 -0.0500 -0.0200] td=0.00000 track=139
[E2uls] flag=1 sh_t=24.552 new_t=24.552 dP=[-0.0014 -0.0005 0.0006] |dP|=0.0016 first_dt=-1.0000
time: 24.492000, t: -0.026805 0.011480 0.000319 q: 0.999957 0.005472 -0.007416 -0.000526 
[T2xcross] t=24.5960 id=1802 est=1.1588 svd=0.0597 rel=0.9485 track=2 sf=9
[T2xcross] t=24.5960 id=1814 est=5.0000 svd=0.0342 rel=0.9932 track=2 sf=9
[T2depth] t=24.5960 id=1841 src=motion2 u=480.1 v=119.4 depth=0.4409 depth2=-1.0000 track=2 sf=9 flag=ok
[T2depth] t=24.5960 id=1842 src=motion2 u=374.8 v=129.8 depth=0.1259 depth2=-1.0000 track=2 sf=9 flag=ok
[T2depth] t=24.5960 id=1845 src=motion2 u=511.0 v=130.0 depth=5.0000 depth2=-1.0000 track=2 sf=9 flag=init_neg
[T2depth] t=24.5960 id=1846 src=motion2 u=33.0 v=103.0 depth=1.2643 depth2=-1.0000 track=2 sf=9 flag=ok
[T2depth] t=24.5960 id=1851 src=stereo u=406.2 v=38.7 depth=3.6394 depth2=-1.0000 track=1 sf=10 flag=ok
[T2depth] t=24.5960 id=1854 src=stereo u=11.7 v=177.8 depth=5.0000 depth2=-1.0000 track=1 sf=10 flag=init_neg
[T2depth] t=24.5960 id=1858 src=stereo u=452.0 v=208.4 depth=3.8976 depth2=-1.0000 track=1 sf=10 flag=ok
[T2depth] t=24.5960 id=1864 src=stereo u=546.0 v=68.0 depth=3.5228 depth2=-1.0000 track=1 sf=10 flag=ok
[T2gate] t=24.5960 tri=51 rej=0 xrej=0 init_replace=2 gate=0
[T2slv] t=24.5960 phase=1 init_cost=133.476 final_cost=131.897 iters=9 term=1 slv_ms=19.1
[T2diag] t=24.5960 P=[-0.0278 0.0099 0.0000] V=[-0.0171 -0.0021 -0.0019] |Bas|=0.181353 |Bgs|=0.0006682 Bas=[-0.114926 -0.140282 -0.001423] Bgs=[-0.0002387 -0.0001602 0.0006032] tic0=[0.1200 0.0500 -0.0200] tic1=[0.1200 -0.0500 -0.0200] td=0.00000 track=137
[E2uls] flag=1 sh_t=24.656 new_t=24.656 dP=[-0.0016 0.0010 0.0013] |dP|=0.0023 first_dt=-1.0000
time: 24.596000, t: -0.027826 0.009934 0.000028 q: 0.999957 0.005671 -0.007292 -0.000447 
[T2depth] t=24.6960 id=1855 src=motion2 u=378.4 v=20.2 depth=5.0000 depth2=-1.0000 track=2 sf=9 flag=init_neg
[T2depth] t=24.6960 id=1856 src=motion2 u=580.8 v=90.2 depth=5.0000 depth2=-1.0000 track=2 sf=9 flag=init_neg
[T2depth] t=24.6960 id=1861 src=motion2 u=142.0 v=194.0 depth=0.0408 depth2=-1.0000 track=2 sf=9 flag=ok
[T2depth] t=24.6960 id=1863 src=motion2 u=350.0 v=161.0 depth=5.0000 depth2=-1.0000 track=2 sf=9 flag=init_neg
[T2depth] t=24.6960 id=1875 src=stereo u=303.0 v=105.0 depth=25.7363 depth2=-1.0000 track=1 sf=10 flag=ok
[T2gate] t=24.6960 tri=49 rej=0 xrej=0 init_replace=3 gate=0
[T2slv] t=24.6960 phase=1 init_cost=133.678 final_cost=131.289 iters=8 term=0 slv_ms=15.3
[T2diag] t=24.6960 P=[-0.0290 0.0075 0.0000] V=[-0.0130 -0.0050 -0.0009] |Bas|=0.178042 |Bgs|=0.0006552 Bas=[-0.114154 -0.136623 -0.001348] Bgs=[-0.0002449 -0.0001923 0.0005765] tic0=[0.1200 0.0500 -0.0200] tic1=[0.1200 -0.0500 -0.0200] td=0.00000 track=139
[E2uls] flag=1 sh_t=24.744 new_t=24.744 dP=[-0.0016 0.0025 0.0001] |dP|=0.0030 first_dt=-1.0000
time: 24.696000, t: -0.029018 0.007547 0.000039 q: 0.999958 0.005434 -0.007360 -0.000174 
[T2depth] t=24.7920 id=1866 src=motion2 u=253.0 v=178.0 depth=5.0000 depth2=-1.0000 track=2 sf=9 flag=init_neg
[T2depth] t=24.7920 id=1867 src=motion2 u=169.0 v=60.0 depth=5.0000 depth2=-1.0000 track=2 sf=9 flag=init_neg
[T2depth] t=24.7920 id=1868 src=motion2 u=469.0 v=178.0 depth=5.0000 depth2=-1.0000 track=2 sf=9 flag=init_neg
[T2depth] t=24.7920 id=1872 src=motion2 u=148.0 v=140.0 depth=5.0000 depth2=-1.0000 track=2 sf=9 flag=init_neg
[T2depth] t=24.7920 id=1874 src=motion2 u=409.0 v=163.0 depth=0.1039 depth2=-1.0000 track=2 sf=9 flag=ok
[T2depth] t=24.7920 id=1888 src=stereo u=321.0 v=47.0 depth=5.0000 depth2=-1.0000 track=1 sf=10 flag=init_neg
[T2gate] t=24.7920 tri=51 rej=0 xrej=0 init_replace=5 gate=0
[T2slv] t=24.7920 phase=1 init_cost=134.309 final_cost=131.825 iters=9 term=1 slv_ms=8.2
[T2diag] t=24.7920 P=[-0.0297 0.0058 0.0003] V=[-0.0006 0.0000 0.0004] |Bas|=0.179289 |Bgs|=0.0006357 Bas=[-0.116355 -0.136396 -0.001507] Bgs=[-0.0002323 -0.0002069 0.0005544] tic0=[0.1200 0.0500 -0.0200] tic1=[0.1200 -0.0500 -0.0200] td=0.00000 track=138
[E2uls] flag=1 sh_t=24.844 new_t=24.844 dP=[-0.0018 0.0009 -0.0008] |dP|=0.0022 first_dt=-1.0000
time: 24.792000, t: -0.029737 0.005828 0.000348 q: 0.999959 0.005392 -0.007207 -0.000121 
[T2xcross] t=24.8920 id=1867 est=5.0000 svd=0.0168 rel=0.9966 track=2 sf=9
[T2depth] t=24.8920 id=1878 src=motion2 u=349.1 v=58.0 depth=0.0137 depth2=-1.0000 track=2 sf=9 flag=ok
[T2depth] t=24.8920 id=1880 src=motion2 u=92.9 v=117.7 depth=0.0062 depth2=-1.0000 track=2 sf=9 flag=ok
[T2depth] t=24.8920 id=1881 src=motion2 u=197.8 v=101.7 depth=5.0000 depth2=-1.0000 track=2 sf=9 flag=init_neg
[T2depth] t=24.8920 id=1882 src=motion2 u=347.4 v=202.0 depth=5.0000 depth2=-1.0000 track=2 sf=9 flag=init_neg
[T2depth] t=24.8920 id=1885 src=motion2 u=589.0 v=208.0 depth=5.0000 depth2=-1.0000 track=2 sf=9 flag=init_neg
[T2depth] t=24.8920 id=1889 src=motion2 u=40.0 v=24.0 depth=0.0186 depth2=-1.0000 track=2 sf=9 flag=ok
[T2depth] t=24.8920 id=1892 src=stereo u=61.9 v=137.7 depth=46.1951 depth2=-1.0000 track=1 sf=10 flag=ok
[T2depth] t=24.8920 id=1894 src=stereo u=303.9 v=68.5 depth=35.1642 depth2=-1.0000 track=1 sf=10 flag=ok
[T2depth] t=24.8920 id=1895 src=stereo u=308.9 v=185.1 depth=5.0000 depth2=-1.0000 track=1 sf=10 flag=init_neg
[T2depth] t=24.8920 id=1899 src=stereo u=447.0 v=207.9 depth=3.8988 depth2=-1.0000 track=1 sf=10 flag=ok
[T2depth] t=24.8920 id=1903 src=stereo u=374.0 v=114.0 depth=3.5256 depth2=-1.0000 track=1 sf=10 flag=ok
[T2gate] t=24.8920 tri=52 rej=0 xrej=0 init_replace=4 gate=0
[T2slv] t=24.8920 phase=1 init_cost=132.956 final_cost=132.19 iters=9 term=1 slv_ms=10.0
[T2diag] t=24.8920 P=[-0.0301 0.0054 0.0003] V=[0.0001 -0.0010 0.0007] |Bas|=0.181344 |Bgs|=0.0006276 Bas=[-0.118258 -0.137472 -0.001493] Bgs=[-0.0002292 -0.0001963 0.0005503] tic0=[0.1200 0.0500 -0.0200] tic1=[0.1200 -0.0500 -0.0200] td=0.00000 track=138
[E2uls] flag=1 sh_t=24.928 new_t=24.928 dP=[0.0004 0.0004 0.0001] |dP|=0.0005 first_dt=-1.0000
time: 24.892000, t: -0.030150 0.005354 0.000310 q: 0.999958 0.005419 -0.007344 -0.000015 
[T2xcross] t=25.0240 id=1861 est=0.0408 svd=0.0364 rel=0.1066 track=2 sf=9
[T2xcross] t=25.0240 id=1874 est=0.1039 svd=0.0042 rel=0.9592 track=2 sf=9
[T2depth] t=25.0240 id=1890 src=motion2 u=565.6 v=162.7 depth=5.0000 depth2=-1.0000 track=2 sf=9 flag=init_neg
[T2depth] t=25.0240 id=1896 src=motion2 u=557.1 v=60.7 depth=5.0000 depth2=-1.0000 track=2 sf=9 flag=init_neg
[T2depth] t=25.0240 id=1901 src=motion2 u=253.0 v=41.0 depth=0.0065 depth2=-1.0000 track=2 sf=9 flag=ok
[T2depth] t=25.0240 id=1902 src=motion2 u=38.0 v=192.0 depth=0.1693 depth2=-1.0000 track=2 sf=9 flag=ok
[T2depth] t=25.0240 id=1904 src=stereo u=302.1 v=158.9 depth=23.7860 depth2=-1.0000 track=1 sf=10 flag=ok
[T2depth] t=25.0240 id=1907 src=stereo u=485.4 v=234.9 depth=4.1052 depth2=-1.0000 track=1 sf=10 flag=ok
[T2depth] t=25.0240 id=1909 src=stereo u=405.1 v=110.3 depth=3.5550 depth2=-1.0000 track=1 sf=10 flag=ok
[T2depth] t=25.0240 id=1913 src=stereo u=542.0 v=126.0 depth=5.0000 depth2=-1.0000 track=1 sf=10 flag=init_neg
[T2depth] t=25.0240 id=1914 src=stereo u=526.0 v=176.0 depth=3.5595 depth2=-1.0000 track=1 sf=10 flag=ok
[T2gate] t=25.0240 tri=47 rej=0 xrej=0 init_replace=3 gate=0
[T2slv] t=25.0240 phase=1 init_cost=134.587 final_cost=133.311 iters=9 term=1 slv_ms=11.5
[T2diag] t=25.0240 P=[-0.0309 0.0046 0.0003] V=[0.0004 -0.0015 -0.0003] |Bas|=0.185574 |Bgs|=0.0006332 Bas=[-0.122387 -0.139489 -0.001362] Bgs=[-0.0002265 -0.0001911 0.0005596] tic0=[0.1200 0.0500 -0.0200] tic1=[0.1200 -0.0500 -0.0200] td=0.00000 track=139
[E2uls] flag=1 sh_t=25.060 new_t=25.060 dP=[0.0009 0.0007 0.0003] |dP|=0.0012 first_dt=-1.0000
time: 25.024000, t: -0.030896 0.004606 0.000278 q: 0.999956 0.005564 -0.007541 0.000067 
[T2xcross] t=25.1280 id=1899 est=3.8988 svd=0.0266 rel=0.9932 track=2 sf=9
[T2xcross] t=25.1280 id=1904 est=23.7860 svd=0.0294 rel=0.9988 track=2 sf=9
[T2depth] t=25.1280 id=1905 src=motion2 u=115.2 v=75.7 depth=0.0078 depth2=-1.0000 track=2 sf=9 flag=ok
[T2depth] t=25.1280 id=1906 src=motion2 u=291.4 v=49.0 depth=5.0000 depth2=-1.0000 track=2 sf=9 flag=init_neg
[T2depth] t=25.1280 id=1911 src=motion2 u=580.0 v=410.0 depth=0.4252 depth2=-1.0000 track=2 sf=9 flag=ok
[T2depth] t=25.1280 id=1912 src=motion2 u=604.0 v=90.0 depth=5.0000 depth2=-1.0000 track=2 sf=9 flag=init_neg
[T2xcross] t=25.1280 id=1914 est=3.5595 svd=0.0478 rel=0.9866 track=2 sf=9
[T2depth] t=25.1280 id=1921 src=stereo u=79.0 v=192.0 depth=5.0000 depth2=-1.0000 track=1 sf=10 flag=init_neg
[T2depth] t=25.1280 id=1925 src=stereo u=489.0 v=154.0 depth=3.6466 depth2=-1.0000 track=1 sf=10 flag=ok
[T2depth] t=25.1280 id=1926 src=stereo u=208.0 v=77.0 depth=45.7296 depth2=-1.0000 track=1 sf=10 flag=ok
[T2gate] t=25.1280 tri=44 rej=0 xrej=0 init_replace=3 gate=0
[T2slv] t=25.1280 phase=1 init_cost=137.733 final_cost=136.64 iters=9 term=1 slv_ms=6.7
[T2diag] t=25.1280 P=[-0.0314 0.0043 0.0003] V=[-0.0005 0.0008 -0.0009] |Bas|=0.186982 |Bgs|=0.0006453 Bas=[-0.123818 -0.140105 -0.001333] Bgs=[-0.0002261 -0.0001958 0.0005718] tic0=[0.1200 0.0500 -0.0200] tic1=[0.1200 -0.0500 -0.0200] td=0.00000 track=141
[E2uls] flag=1 sh_t=25.192 new_t=25.192 dP=[0.0006 0.0002 0.0002] |dP|=0.0007 first_dt=-1.0000
time: 25.128000, t: -0.031439 0.004271 0.000260 q: 0.999955 0.005575 -0.007663 0.000050 
[T2xcross] t=25.2600 id=1903 est=3.5256 svd=0.1068 rel=0.9697 track=2 sf=9
[T2depth] t=25.2600 id=1916 src=motion2 u=278.4 v=240.0 depth=5.0000 depth2=-1.0000 track=2 sf=9 flag=init_neg
[T2depth] t=25.2600 id=1919 src=motion2 u=189.7 v=140.5 depth=0.1224 depth2=-1.0000 track=2 sf=9 flag=ok
[T2depth] t=25.2600 id=1923 src=motion2 u=252.0 v=16.0 depth=5.0000 depth2=-1.0000 track=2 sf=9 flag=init_neg
[T2xcross] t=25.2600 id=1926 est=45.7296 svd=0.1010 rel=0.9978 track=2 sf=9
[T2depth] t=25.2600 id=1930 src=stereo u=397.8 v=185.5 depth=3.4318 depth2=-1.0000 track=1 sf=10 flag=ok
[T2depth] t=25.2600 id=1933 src=stereo u=209.3 v=15.9 depth=27.3897 depth2=-1.0000 track=1 sf=10 flag=ok
[T2depth] t=25.2600 id=1935 src=stereo u=313.0 v=84.0 depth=5.0000 depth2=-1.0000 track=1 sf=10 flag=init_neg
[T2gate] t=25.2600 tri=45 rej=0 xrej=0 init_replace=3 gate=0
[T2slv] t=25.2600 phase=1 init_cost=175.282 final_cost=145.669 iters=9 term=1 slv_ms=11.0
[T2diag] t=25.2600 P=[-0.0318 0.0044 0.0002] V=[-0.0007 0.0024 0.0006] |Bas|=0.187159 |Bgs|=0.0006566 Bas=[-0.124871 -0.139407 -0.001181] Bgs=[-0.0002327 -0.0002099 0.0005770] tic0=[0.1200 0.0500 -0.0200] tic1=[0.1200 -0.0500 -0.0200] td=0.00000 track=140
[E2uls] flag=1 sh_t=25.292 new_t=25.292 dP=[0.0005 0.0005 0.0004] |dP|=0.0008 first_dt=-1.0000
time: 25.260000, t: -0.031783 0.004400 0.000197 q: 0.999953 0.005655 -0.007855 0.000067 
[T2depth] t=25.3920 id=1929 src=motion2 u=151.8 v=228.0 depth=5.0000 depth2=-1.0000 track=2 sf=9 flag=init_neg
[T2xcross] t=25.3920 id=1933 est=27.3897 svd=0.0170 rel=0.9994 track=2 sf=9
[T2depth] t=25.3920 id=1937 src=motion2 u=219.0 v=172.0 depth=0.0318 depth2=-1.0000 track=2 sf=9 flag=ok
[T2depth] t=25.3920 id=1945 src=stereo u=204.0 v=131.0 depth=5.0000 depth2=-1.0000 track=1 sf=10 flag=init_neg
[T2gate] t=25.3920 tri=46 rej=0 xrej=0 init_replace=2 gate=0
[T2slv] t=25.3920 phase=1 init_cost=193.994 final_cost=162.708 iters=9 term=1 slv_ms=4.2
[T2diag] t=25.3920 P=[-0.0316 0.0050 0.0004] V=[-0.0029 0.0025 0.0017] |Bas|=0.187222 |Bgs|=0.0006658 Bas=[-0.125891 -0.138571 -0.001160] Bgs=[-0.0002312 -0.0002196 0.0005845] tic0=[0.1200 0.0500 -0.0200] tic1=[0.1200 -0.0500 -0.0200] td=0.00000 track=140
[E2uls] flag=1 sh_t=25.424 new_t=25.424 dP=[-0.0007 0.0000 0.0000] |dP|=0.0007 first_dt=-1.0000
time: 25.392000, t: -0.031577 0.005040 0.000403 q: 0.999955 0.005401 -0.007742 -0.000087 
[T2xcross] t=25.5240 id=1896 est=5.0000 svd=0.0772 rel=0.9846 track=2 sf=9
[T2xcross] t=25.5240 id=1916 est=5.0000 svd=1.5239 rel=0.6952 track=2 sf=9
[T2xcross] t=25.5240 id=1923 est=5.0000 svd=0.0056 rel=0.9989 track=2 sf=9
[T2depth] t=25.5240 id=1940 src=motion2 u=499.5 v=125.1 depth=5.0000 depth2=-1.0000 track=2 sf=9 flag=init_neg
[T2depth] t=25.5240 id=1947 src=motion2 u=283.0 v=110.0 depth=5.0000 depth2=-1.0000 track=2 sf=9 flag=init_neg
[T2depth] t=25.5240 id=1950 src=motion2 u=572.0 v=206.0 depth=5.0000 depth2=-1.0000 track=2 sf=9 flag=init_neg
[T2depth] t=25.5240 id=1959 src=stereo u=202.0 v=162.0 depth=5.0000 depth2=-1.0000 track=1 sf=10 flag=init_neg
[T2depth] t=25.5240 id=1960 src=stereo u=402.0 v=26.0 depth=3.3570 depth2=-1.0000 track=1 sf=10 flag=ok
[T2depth] t=25.5240 id=1963 src=stereo u=399.0 v=179.0 depth=3.6536 depth2=-1.0000 track=1 sf=10 flag=ok
[T2gate] t=25.5240 tri=52 rej=0 xrej=0 init_replace=4 gate=0
[T2slv] t=25.5240 phase=1 init_cost=166.369 final_cost=142.704 iters=6 term=0 slv_ms=10.0
[T2diag] t=25.5240 P=[-0.0297 0.0067 0.0002] V=[-0.0027 0.0001 0.0010] |Bas|=0.190664 |Bgs|=0.0006659 Bas=[-0.127508 -0.141751 -0.000950] Bgs=[-0.0002509 -0.0002005 0.0005833] tic0=[0.1200 0.0500 -0.0200] tic1=[0.1200 -0.0500 -0.0200] td=0.00000 track=136
[E2uls] flag=1 sh_t=25.556 new_t=25.556 dP=[-0.0024 -0.0005 0.0007] |dP|=0.0025 first_dt=-1.0000
time: 25.524000, t: -0.029700 0.006678 0.000172 q: 0.999951 0.005960 -0.007928 -0.000031 
[T2depth] t=25.6560 id=452 src=motion2 u=465.4 v=265.9 depth=5.0000 depth2=-1.0000 track=2 sf=9 flag=init_neg
[T2depth] t=25.6560 id=1951 src=motion2 u=318.3 v=211.7 depth=0.0450 depth2=-1.0000 track=2 sf=9 flag=ok
[T2depth] t=25.6560 id=1952 src=motion2 u=170.2 v=166.3 depth=0.0037 depth2=-1.0000 track=2 sf=9 flag=ok
[T2depth] t=25.6560 id=1954 src=motion2 u=594.8 v=152.2 depth=5.0000 depth2=-1.0000 track=2 sf=9 flag=init_neg
[T2depth] t=25.6560 id=1955 src=motion2 u=47.0 v=183.0 depth=5.0000 depth2=-1.0000 track=2 sf=9 flag=init_neg
[T2depth] t=25.6560 id=1958 src=motion2 u=11.0 v=93.0 depth=0.0471 depth2=-1.0000 track=2 sf=9 flag=ok
[T2depth] t=25.6560 id=1962 src=motion2 u=78.0 v=168.0 depth=5.0000 depth2=-1.0000 track=2 sf=9 flag=init_neg
[T2depth] t=25.6560 id=1969 src=stereo u=430.8 v=178.6 depth=4.8323 depth2=-1.0000 track=1 sf=10 flag=ok
[T2depth] t=25.6560 id=1973 src=stereo u=104.0 v=115.0 depth=43.9791 depth2=-1.0000 track=1 sf=10 flag=ok
[T2depth] t=25.6560 id=1977 src=stereo u=165.0 v=14.0 depth=5.0000 depth2=-1.0000 track=1 sf=10 flag=init_neg
[T2gate] t=25.6560 tri=54 rej=0 xrej=0 init_replace=5 gate=0
[T2slv] t=25.6560 phase=1 init_cost=144.692 final_cost=142.565 iters=9 term=1 slv_ms=31.2
[T2diag] t=25.6560 P=[-0.0289 0.0110 -0.0001] V=[-0.0116 0.0001 0.0005] |Bas|=0.195965 |Bgs|=0.0007015 Bas=[-0.131823 -0.144997 -0.000924] Bgs=[-0.0002673 -0.0001856 0.0006214] tic0=[0.1200 0.0500 -0.0200] tic1=[0.1200 -0.0500 -0.0200] td=0.00000 track=136
[E2uls] flag=1 sh_t=25.712 new_t=25.712 dP=[-0.0012 -0.0034 0.0002] |dP|=0.0036 first_dt=-1.0000
time: 25.656000, t: -0.028897 0.011047 -0.000114 q: 0.999946 0.006234 -0.008273 -0.000343 
[T2depth] t=25.7280 id=1965 src=motion2 u=18.2 v=42.3 depth=0.0840 depth2=-1.0000 track=2 sf=9 flag=ok
[T2depth] t=25.7280 id=1968 src=motion2 u=75.4 v=132.1 depth=0.0124 depth2=-1.0000 track=2 sf=9 flag=ok
[T2xcross] t=25.7280 id=1969 est=4.8323 svd=0.0614 rel=0.9873 track=2 sf=9
[T2depth] t=25.7280 id=1972 src=motion2 u=621.0 v=186.0 depth=0.0558 depth2=-1.0000 track=2 sf=9 flag=ok
[T2depth] t=25.7280 id=1974 src=motion2 u=367.0 v=210.0 depth=0.0227 depth2=-1.0000 track=2 sf=9 flag=ok
[T2depth] t=25.7280 id=1982 src=stereo u=498.5 v=80.4 depth=3.3456 depth2=-1.0000 track=1 sf=10 flag=ok
[T2depth] t=25.7280 id=1983 src=stereo u=508.2 v=226.6 depth=3.4748 depth2=-1.0000 track=1 sf=10 flag=ok
[T2depth] t=25.7280 id=1988 src=stereo u=381.0 v=62.0 depth=3.8196 depth2=-1.0000 track=1 sf=10 flag=ok
[T2gate] t=25.7280 tri=53 rej=0 xrej=0 init_replace=0 gate=0
[T2slv] t=25.7280 phase=1 init_cost=141.628 final_cost=139.673 iters=9 term=1 slv_ms=5.1
[T2diag] t=25.7280 P=[-0.0297 0.0072 0.0001] V=[-0.0128 0.0027 0.0001] |Bas|=0.195380 |Bgs|=0.0006688 Bas=[-0.131657 -0.144357 -0.000952] Bgs=[-0.0002679 -0.0001945 0.0005812] tic0=[0.1200 0.0500 -0.0200] tic1=[0.1200 -0.0500 -0.0200] td=0.00000 track=137
[E2uls] flag=1 sh_t=25.776 new_t=25.776 dP=[-0.0006 0.0043 -0.0002] |dP|=0.0043 first_dt=-1.0000
time: 25.728000, t: -0.029714 0.007207 0.000102 q: 0.999947 0.006076 -0.008282 -0.000176 
[T2depth] t=25.8560 id=1981 src=motion2 u=258.2 v=218.0 depth=0.0369 depth2=-1.0000 track=2 sf=9 flag=ok
[T2xcross] t=25.8560 id=1982 est=3.3456 svd=0.0090 rel=0.9973 track=2 sf=9
[T2depth] t=25.8560 id=1986 src=motion2 u=528.0 v=21.0 depth=0.3782 depth2=-1.0000 track=2 sf=9 flag=ok
[T2depth] t=25.8560 id=1987 src=motion2 u=138.0 v=212.0 depth=0.0041 depth2=-1.0000 track=2 sf=9 flag=ok
[T2depth] t=25.8560 id=1989 src=motion2 u=238.0 v=27.0 depth=0.1593 depth2=-1.0000 track=2 sf=9 flag=ok
[T2depth] t=25.8560 id=1990 src=motion2 u=13.0 v=170.0 depth=0.1801 depth2=-1.0000 track=2 sf=9 flag=ok
[T2depth] t=25.8560 id=1991 src=motion2 u=345.0 v=241.0 depth=5.0000 depth2=-1.0000 track=2 sf=9 flag=init_neg
[T2depth] t=25.8560 id=1992 src=motion2 u=201.0 v=88.0 depth=5.0000 depth2=-1.0000 track=2 sf=9 flag=init_neg
[T2depth] t=25.8560 id=1994 src=motion2 u=262.0 v=152.0 depth=0.1322 depth2=-1.0000 track=2 sf=9 flag=ok
[T2depth] t=25.8560 id=2000 src=stereo u=447.0 v=98.0 depth=3.8874 depth2=-1.0000 track=1 sf=10 flag=ok
[T2depth] t=25.8560 id=2002 src=stereo u=412.0 v=162.0 depth=3.3898 depth2=-1.0000 track=1 sf=10 flag=ok
[T2depth] t=25.8560 id=2003 src=stereo u=104.0 v=41.0 depth=39.4172 depth2=-1.0000 track=1 sf=10 flag=ok
[T2depth] t=25.8560 id=2009 src=stereo u=400.0 v=28.0 depth=4.0705 depth2=-1.0000 track=1 sf=10 flag=ok
[T2gate] t=25.8560 tri=50 rej=0 xrej=0 init_replace=2 gate=0
[T2slv] t=25.8560 phase=1 init_cost=140.414 final_cost=137.827 iters=9 term=1 slv_ms=6.7
[T2diag] t=25.8560 P=[-0.0308 0.0067 0.0001] V=[-0.0064 0.0010 0.0019] |Bas|=0.195380 |Bgs|=0.0005838 Bas=[-0.131657 -0.144357 -0.000952] Bgs=[-0.0002185 -0.0004483 0.0003036] tic0=[0.1200 0.0500 -0.0200] tic1=[0.1200 -0.0500 -0.0200] td=0.00000 track=139
[E2uls] flag=1 sh_t=25.904 new_t=25.904 dP=[-0.0012 0.0013 0.0000] |dP|=0.0018 first_dt=-1.0000
time: 25.856000, t: -0.030778 0.006731 0.000088 q: 0.999947 0.006104 -0.008330 -0.000148 
[T2xcross] t=25.9560 id=2000 est=3.8874 svd=0.0779 rel=0.9800 track=2 sf=9
[T2xcross] t=25.9560 id=2003 est=39.4172 svd=0.0317 rel=0.9992 track=2 sf=9
[T2depth] t=25.9560 id=2004 src=motion2 u=554.0 v=189.0 depth=5.0000 depth2=-1.0000 track=2 sf=9 flag=init_neg
[T2depth] t=25.9560 id=2006 src=motion2 u=185.0 v=202.0 depth=0.0136 depth2=-1.0000 track=2 sf=9 flag=ok
[T2depth] t=25.9560 id=2007 src=motion2 u=64.0 v=47.0 depth=5.0000 depth2=-1.0000 track=2 sf=9 flag=init_neg
[T2depth] t=25.9560 id=2008 src=motion2 u=597.0 v=82.0 depth=0.0232 depth2=-1.0000 track=2 sf=9 flag=ok
[T2depth] t=25.9560 id=2010 src=stereo u=367.3 v=45.1 depth=4.0290 depth2=-1.0000 track=1 sf=10 flag=ok
[T2depth] t=25.9560 id=2011 src=stereo u=299.9 v=37.3 depth=5.0000 depth2=-1.0000 track=1 sf=10 flag=init_neg
[T2depth] t=25.9560 id=2014 src=stereo u=263.1 v=54.1 depth=5.0000 depth2=-1.0000 track=1 sf=10 flag=init_neg
[T2depth] t=25.9560 id=2018 src=stereo u=109.1 v=156.5 depth=5.0000 depth2=-1.0000 track=1 sf=10 flag=init_neg
[T2gate] t=25.9560 tri=48 rej=0 xrej=0 init_replace=5 gate=0
[T2slv] t=25.9560 phase=1 init_cost=145.491 final_cost=139.973 iters=9 term=1 slv_ms=10.6
[T2diag] t=25.9560 P=[-0.0304 0.0063 0.0001] V=[0.0002 0.0030 0.0002] |Bas|=0.195380 |Bgs|=0.0058633 Bas=[-0.131657 -0.144357 -0.000952] Bgs=[0.0011803 0.0042053 -0.0039115] tic0=[0.1200 0.0500 -0.0200] tic1=[0.1200 -0.0500 -0.0200] td=0.00000 track=138
[E2uls] flag=1 sh_t=26.012 new_t=26.012 dP=[-0.0016 0.0011 0.0002] |dP|=0.0019 first_dt=-1.0000
time: 25.956000, t: -0.030359 0.006291 0.000071 q: 0.999952 0.005555 -0.008128 0.000007 
[T2depth] t=26.0560 id=2013 src=motion2 u=331.8 v=149.3 depth=0.1686 depth2=-1.0000 track=2 sf=9 flag=ok
[T2depth] t=26.0560 id=2015 src=motion2 u=327.4 v=69.0 depth=0.0086 depth2=-1.0000 track=2 sf=9 flag=ok
[T2xcross] t=26.0560 id=2018 est=5.0000 svd=0.0203 rel=0.9959 track=2 sf=9
[T2depth] t=26.0560 id=2019 src=motion2 u=135.0 v=478.0 depth=1.1272 depth2=-1.0000 track=2 sf=9 flag=ok
[T2depth] t=26.0560 id=2020 src=motion2 u=615.0 v=57.0 depth=5.0000 depth2=-1.0000 track=2 sf=9 flag=init_neg
[T2depth] t=26.0560 id=2022 src=motion2 u=613.0 v=143.0 depth=5.0000 depth2=-1.0000 track=2 sf=9 flag=init_neg
[T2depth] t=26.0560 id=2023 src=stereo u=368.5 v=191.7 depth=4.2641 depth2=-1.0000 track=1 sf=10 flag=ok
[T2depth] t=26.0560 id=2025 src=stereo u=452.0 v=204.8 depth=3.8978 depth2=-1.0000 track=1 sf=10 flag=ok
[T2depth] t=26.0560 id=2028 src=stereo u=226.8 v=55.4 depth=5.0000 depth2=-1.0000 track=1 sf=10 flag=init_neg
[T2depth] t=26.0560 id=2030 src=stereo u=422.2 v=52.3 depth=3.3495 depth2=-1.0000 track=1 sf=10 flag=ok
[T2depth] t=26.0560 id=2037 src=stereo u=160.0 v=54.0 depth=5.0000 depth2=-1.0000 track=1 sf=10 flag=init_neg
[T2gate] t=26.0560 tri=50 rej=0 xrej=0 init_replace=4 gate=0
[T2slv] t=26.0560 phase=1 init_cost=148.978 final_cost=146.158 iters=9 term=1 slv_ms=12.5
[T2diag] t=26.0560 P=[-0.0312 0.0054 0.0001] V=[-0.0012 0.0034 0.0003] |Bas|=0.195380 |Bgs|=0.0050104 Bas=[-0.131657 -0.144357 -0.000952] Bgs=[0.0002579 0.0032209 -0.0038293] tic0=[0.1200 0.0500 -0.0200] tic1=[0.1200 -0.0500 -0.0200] td=0.00000 track=137
[E2uls] flag=1 sh_t=26.112 new_t=26.112 dP=[0.0010 0.0023 -0.0001] |dP|=0.0025 first_dt=-1.0000
time: 26.056000, t: -0.031222 0.005365 0.000090 q: 0.999952 0.005341 -0.008191 0.000068 
[T2xcross] t=26.1560 id=2009 est=4.0705 svd=0.0082 rel=0.9980 track=2 sf=9
[T2xcross] t=26.1560 id=2023 est=4.2641 svd=0.0784 rel=0.9816 track=2 sf=9
[T2depth] t=26.1560 id=2027 src=motion2 u=174.3 v=140.8 depth=0.0673 depth2=-1.0000 track=2 sf=9 flag=ok
[T2depth] t=26.1560 id=2032 src=motion2 u=567.0 v=213.0 depth=5.0000 depth2=-1.0000 track=2 sf=9 flag=init_neg
[T2depth] t=26.1560 id=2033 src=motion2 u=56.0 v=59.0 depth=5.0000 depth2=-1.0000 track=2 sf=9 flag=init_neg
[T2depth] t=26.1560 id=2041 src=stereo u=25.6 v=9.0 depth=37.2293 depth2=-1.0000 track=1 sf=10 flag=ok
[T2gate] t=26.1560 tri=47 rej=0 xrej=0 init_replace=2 gate=0
[T2slv] t=26.1560 phase=1 init_cost=152.501 final_cost=142.474 iters=9 term=1 slv_ms=10.0
[T2diag] t=26.1560 P=[-0.0319 0.0045 0.0001] V=[0.0006 0.0019 -0.0008] |Bas|=0.195380 |Bgs|=0.0040867 Bas=[-0.131657 -0.144357 -0.000952] Bgs=[-0.0000434 0.0016224 -0.0037506] tic0=[0.1200 0.0500 -0.0200] tic1=[0.1200 -0.0500 -0.0200] td=0.00000 track=140
[E2uls] flag=1 sh_t=26.196 new_t=26.196 dP=[0.0004 0.0019 0.0001] |dP|=0.0020 first_dt=-1.0000
time: 26.156000, t: -0.031886 0.004507 0.000123 q: 0.999953 0.005131 -0.008260 0.000198 
[T2xcross] t=26.2560 id=2010 est=4.0290 svd=0.0652 rel=0.9838 track=2 sf=9
[T2depth] t=26.2560 id=2039 src=motion2 u=113.9 v=91.7 depth=5.0000 depth2=-1.0000 track=2 sf=9 flag=init_neg
[T2depth] t=26.2560 id=2040 src=motion2 u=559.1 v=153.2 depth=0.0185 depth2=-1.0000 track=2 sf=9 flag=ok
[T2xcross] t=26.2560 id=2041 est=37.2293 svd=0.0583 rel=0.9984 track=2 sf=9
[T2depth] t=26.2560 id=2042 src=motion2 u=577.4 v=126.9 depth=0.0630 depth2=-1.0000 track=2 sf=9 flag=ok
[T2depth] t=26.2560 id=2043 src=motion2 u=52.8 v=97.5 depth=0.1779 depth2=-1.0000 track=2 sf=9 flag=ok
[T2depth] t=26.2560 id=2044 src=motion2 u=103.5 v=186.0 depth=5.0000 depth2=-1.0000 track=2 sf=9 flag=init_neg
[T2depth] t=26.2560 id=2045 src=motion2 u=230.0 v=162.0 depth=5.0000 depth2=-1.0000 track=2 sf=9 flag=init_neg
[T2depth] t=26.2560 id=2046 src=motion2 u=384.0 v=132.0 depth=0.0073 depth2=-1.0000 track=2 sf=9 flag=ok
[T2depth] t=26.2560 id=2050 src=stereo u=259.9 v=114.5 depth=44.8019 depth2=-1.0000 track=1 sf=10 flag=ok
[T2depth] t=26.2560 id=2051 src=stereo u=497.8 v=71.1 depth=3.8307 depth2=-1.0000 track=1 sf=10 flag=ok
[T2depth] t=26.2560 id=2053 src=stereo u=491.0 v=241.0 depth=2.9233 depth2=-1.0000 track=1 sf=10 flag=ok
[T2depth] t=26.2560 id=2056 src=stereo u=525.0 v=46.0 depth=3.7710 depth2=-1.0000 track=1 sf=10 flag=ok
[T2gate] t=26.2560 tri=47 rej=0 xrej=0 init_replace=3 gate=0
[T2slv] t=26.2560 phase=1 init_cost=170.758 final_cost=147.971 iters=9 term=1 slv_ms=3.9
[T2diag] t=26.2560 P=[-0.0317 0.0044 0.0001] V=[0.0020 0.0022 -0.0015] |Bas|=0.195380 |Bgs|=0.0040515 Bas=[-0.131657 -0.144357 -0.000952] Bgs=[0.0000971 0.0017081 -0.0036725] tic0=[0.1200 0.0500 -0.0200] tic1=[0.1200 -0.0500 -0.0200] td=0.00000 track=141
[E2uls] flag=1 sh_t=26.288 new_t=26.288 dP=[0.0002 0.0006 -0.0001] |dP|=0.0006 first_dt=-1.0000
time: 26.256000, t: -0.031722 0.004425 0.000146 q: 0.999954 0.005186 -0.008101 0.000310 
[T2xcross] t=26.3560 id=2025 est=3.8978 svd=0.0376 rel=0.9903 track=2 sf=9
[T2xcross] t=26.3560 id=2033 est=5.0000 svd=0.0407 rel=0.9919 track=2 sf=9
[T2xcross] t=26.3560 id=2039 est=5.0000 svd=0.0663 rel=0.9867 track=2 sf=9
[T2xcross] t=26.3560 id=2046 est=0.0073 svd=0.0664 rel=0.8903 track=2 sf=9
[T2xcross] t=26.3560 id=2051 est=3.8307 svd=0.1859 rel=0.9515 track=2 sf=9
[T2xcross] t=26.3560 id=2053 est=2.9233 svd=1.1207 rel=0.6166 track=2 sf=9
[T2depth] t=26.3560 id=2054 src=motion2 u=143.0 v=146.0 depth=5.0000 depth2=-1.0000 track=2 sf=9 flag=init_neg
[T2depth] t=26.3560 id=2055 src=motion2 u=350.0 v=106.0 depth=0.1785 depth2=-1.0000 track=2 sf=9 flag=ok
[T2depth] t=26.3560 id=2063 src=stereo u=538.1 v=77.2 depth=3.4827 depth2=-1.0000 track=1 sf=10 flag=ok
[T2depth] t=26.3560 id=2065 src=stereo u=119.0 v=128.0 depth=5.0000 depth2=-1.0000 track=1 sf=10 flag=init_neg
[T2depth] t=26.3560 id=2070 src=stereo u=595.0 v=168.0 depth=5.0000 depth2=-1.0000 track=1 sf=10 flag=init_neg
[T2gate] t=26.3560 tri=46 rej=0 xrej=0 init_replace=3 gate=0
[T2slv] t=26.3560 phase=1 init_cost=168.408 final_cost=142.803 iters=9 term=1 slv_ms=7.0
[T2diag] t=26.3560 P=[-0.0320 0.0046 0.0002] V=[-0.0010 -0.0000 0.0016] |Bas|=0.195380 |Bgs|=0.0041561 Bas=[-0.131657 -0.144357 -0.000952] Bgs=[0.0012426 0.0012089 -0.0037773] tic0=[0.1200 0.0500 -0.0200] tic1=[0.1200 -0.0500 -0.0200] td=0.00000 track=138
[E2uls] flag=1 sh_t=26.388 new_t=26.388 dP=[0.0006 0.0005 -0.0002] |dP|=0.0008 first_dt=-1.0000
time: 26.356000, t: -0.031959 0.004633 0.000174 q: 0.999955 0.004957 -0.008057 0.000114 
[T2xcross] t=26.4560 id=2004 est=5.0000 svd=0.1095 rel=0.9781 track=2 sf=9
[T2depth] t=26.4560 id=125 src=motion2 u=193.5 v=244.0 depth=0.1724 depth2=-1.0000 track=2 sf=9 flag=ok
[T2depth] t=26.4560 id=2059 src=motion2 u=532.6 v=133.1 depth=0.0478 depth2=-1.0000 track=2 sf=9 flag=ok
[T2depth] t=26.4560 id=2066 src=motion2 u=272.0 v=44.0 depth=0.0707 depth2=-1.0000 track=2 sf=9 flag=ok
[T2depth] t=26.4560 id=2067 src=motion2 u=215.0 v=138.0 depth=5.0000 depth2=-1.0000 track=2 sf=9 flag=init_neg
[T2depth] t=26.4560 id=2072 src=stereo u=94.2 v=216.2 depth=6.6719 depth2=-1.0000 track=1 sf=10 flag=ok
[T2gate] t=26.4560 tri=47 rej=0 xrej=0 init_replace=1 gate=0
[T2slv] t=26.4560 phase=1 init_cost=158.678 final_cost=146.415 iters=9 term=1 slv_ms=8.2
[T2diag] t=26.4560 P=[-0.0318 0.0052 0.0002] V=[0.0020 0.0022 -0.0002] |Bas|=0.195380 |Bgs|=0.0063729 Bas=[-0.131657 -0.144357 -0.000952] Bgs=[0.0016775 0.0046206 -0.0040559] tic0=[0.1200 0.0500 -0.0200] tic1=[0.1200 -0.0500 -0.0200] td=0.00000 track=141
[E2uls] flag=1 sh_t=26.500 new_t=26.500 dP=[-0.0003 -0.0001 0.0005] |dP|=0.0006 first_dt=-1.0000
time: 26.456000, t: -0.031758 0.005194 0.000175 q: 0.999957 0.004639 -0.008000 0.000082 
[T2xcross] t=26.5560 id=2070 est=5.0000 svd=0.2221 rel=0.9556 track=2 sf=9
[T2depth] t=26.5560 id=96 src=motion2 u=358.7 v=466.1 depth=1.8468 depth2=-1.0000 track=2 sf=9 flag=ok
[T2depth] t=26.5560 id=2075 src=motion2 u=344.3 v=52.4 depth=5.0000 depth2=-1.0000 track=2 sf=9 flag=init_neg
[T2depth] t=26.5560 id=2076 src=motion2 u=70.0 v=193.1 depth=5.0000 depth2=-1.0000 track=2 sf=9 flag=init_neg
[T2depth] t=26.5560 id=2077 src=motion2 u=303.2 v=123.7 depth=5.0000 depth2=-1.0000 track=2 sf=9 flag=init_neg
[T2depth] t=26.5560 id=2078 src=motion2 u=218.0 v=201.0 depth=5.0000 depth2=-1.0000 track=2 sf=9 flag=init_neg
[T2depth] t=26.5560 id=2079 src=motion2 u=304.0 v=19.0 depth=0.0531 depth2=-1.0000 track=2 sf=9 flag=ok
[T2depth] t=26.5560 id=2081 src=stereo u=108.4 v=183.7 depth=12.8910 depth2=-1.0000 track=1 sf=10 flag=ok
[T2depth] t=26.5560 id=2085 src=stereo u=7.7 v=96.9 depth=5.0000 depth2=-1.0000 track=1 sf=10 flag=init_neg
[T2depth] t=26.5560 id=2089 src=stereo u=124.0 v=65.0 depth=5.0000 depth2=-1.0000 track=1 sf=10 flag=init_neg
[T2gate] t=26.5560 tri=50 rej=0 xrej=0 init_replace=6 gate=0
[T2slv] t=26.5560 phase=1 init_cost=149.333 final_cost=141.472 iters=9 term=1 slv_ms=6.7
[T2diag] t=26.5560 P=[-0.0318 0.0048 0.0002] V=[0.0003 0.0018 0.0021] |Bas|=0.195380 |Bgs|=0.0071826 Bas=[-0.131657 -0.144357 -0.000952] Bgs=[-0.0009633 0.0052282 -0.0048299] tic0=[0.1200 0.0500 -0.0200] tic1=[0.1200 -0.0500 -0.0200] td=0.00000 track=137
[E2uls] flag=1 sh_t=26.588 new_t=26.588 dP=[0.0003 0.0013 0.0003] |dP|=0.0013 first_dt=-1.0000
time: 26.556000, t: -0.031833 0.004782 0.000195 q: 0.999960 0.004137 -0.007929 0.000084 
[T2depth] t=26.6560 id=49 src=motion2 u=471.4 v=320.3 depth=5.0000 depth2=-1.0000 track=2 sf=9 flag=init_neg
[T2depth] t=26.6560 id=2086 src=motion2 u=573.0 v=111.0 depth=5.0000 depth2=-1.0000 track=2 sf=9 flag=init_neg
[T2depth] t=26.6560 id=2087 src=motion2 u=226.0 v=87.0 depth=0.0257 depth2=-1.0000 track=2 sf=9 flag=ok
[T2depth] t=26.6560 id=2088 src=motion2 u=6.0 v=57.0 depth=0.0188 depth2=-1.0000 track=2 sf=9 flag=ok
[T2xcross] t=26.6560 id=2089 est=5.0000 svd=0.1700 rel=0.9660 track=2 sf=9
[T2depth] t=26.6560 id=2092 src=motion2 u=78.0 v=106.0 depth=5.0000 depth2=-1.0000 track=2 sf=9 flag=init_neg
[T2depth] t=26.6560 id=2093 src=motion2 u=259.0 v=204.0 depth=5.0000 depth2=-1.0000 track=2 sf=9 flag=init_neg
[T2depth] t=26.6560 id=2096 src=stereo u=359.0 v=181.5 depth=3.5504 depth2=-1.0000 track=1 sf=10 flag=ok
[T2depth] t=26.6560 id=2097 src=stereo u=526.7 v=187.8 depth=3.5258 depth2=-1.0000 track=1 sf=10 flag=ok
[T2depth] t=26.6560 id=2099 src=stereo u=362.0 v=215.1 depth=4.2083 depth2=-1.0000 track=1 sf=10 flag=ok
[T2depth] t=26.6560 id=2101 src=stereo u=410.0 v=152.0 depth=4.1743 depth2=-1.0000 track=1 sf=10 flag=ok
[T2depth] t=26.6560 id=2102 src=stereo u=113.0 v=213.0 depth=11.2625 depth2=-1.0000 track=1 sf=10 flag=ok
[T2gate] t=26.6560 tri=47 rej=0 xrej=0 init_replace=4 gate=0
[T2slv] t=26.6560 phase=1 init_cost=206.819 final_cost=149.088 iters=9 term=1 slv_ms=4.9
[T2diag] t=26.6560 P=[-0.0319 0.0046 0.0002] V=[-0.0008 0.0036 0.0012] |Bas|=0.195380 |Bgs|=0.0067583 Bas=[-0.131657 -0.144357 -0.000952] Bgs=[-0.0009054 0.0049067 -0.0045583] tic0=[0.1200 0.0500 -0.0200] tic1=[0.1200 -0.0500 -0.0200] td=0.00000 track=142
[E2uls] flag=1 sh_t=26.684 new_t=26.684 dP=[-0.0001 0.0009 0.0004] |dP|=0.0010 first_dt=-1.0000
time: 26.656000, t: -0.031931 0.004645 0.000213 q: 0.999959 0.004142 -0.008095 0.000220 
[T2xcross] t=26.7560 id=2076 est=5.0000 svd=0.0605 rel=0.9879 track=2 sf=9
[T2depth] t=26.7560 id=2095 src=motion2 u=233.6 v=151.9 depth=5.0000 depth2=-1.0000 track=2 sf=9 flag=init_neg
[T2depth] t=26.7560 id=2100 src=motion2 u=582.0 v=76.0 depth=0.1090 depth2=-1.0000 track=2 sf=9 flag=ok
[T2xcross] t=26.7560 id=2101 est=4.1743 svd=0.0638 rel=0.9847 track=2 sf=9
[T2depth] t=26.7560 id=2103 src=stereo u=406.9 v=123.6 depth=29.9392 depth2=-1.0000 track=1 sf=10 flag=ok
[T2depth] t=26.7560 id=2115 src=stereo u=120.0 v=170.0 depth=5.0000 depth2=-1.0000 track=1 sf=10 flag=init_neg
[T2gate] t=26.7560 tri=44 rej=0 xrej=0 init_replace=2 gate=0
[T2slv] t=26.7560 phase=1 init_cost=293.617 final_cost=171.99 iters=9 term=1 slv_ms=6.1
[T2diag] t=26.7560 P=[-0.0320 0.0045 0.0001] V=[-0.0033 0.0058 -0.0013] |Bas|=0.195380 |Bgs|=0.0057623 Bas=[-0.131657 -0.144357 -0.000952] Bgs=[-0.0008843 0.0040457 -0.0040068] tic0=[0.1200 0.0500 -0.0200] tic1=[0.1200 -0.0500 -0.0200] td=0.00000 track=138
[E2uls] flag=1 sh_t=26.832 new_t=26.832 dP=[-0.0008 0.0022 0.0002] |dP|=0.0023 first_dt=-1.0000
time: 26.756000, t: -0.031950 0.004549 0.000146 q: 0.999958 0.004162 -0.008203 0.000291 
[T2xcross] t=26.8360 id=1723 est=4.2044 svd=1.3227 rel=0.6854 track=2 sf=9
[T2xcross] t=26.8360 id=2095 est=5.0000 svd=0.2819 rel=0.9436 track=2 sf=9
[T2xcross] t=26.8360 id=2099 est=4.2083 svd=0.0724 rel=0.9828 track=2 sf=9
[T2depth] t=26.8360 id=2107 src=motion2 u=624.1 v=228.9 depth=5.0000 depth2=-1.0000 track=2 sf=9 flag=init_neg
[T2depth] t=26.8360 id=2110 src=motion2 u=544.0 v=104.0 depth=5.0000 depth2=-1.0000 track=2 sf=9 flag=init_neg
[T2depth] t=26.8360 id=2112 src=motion2 u=406.0 v=195.0 depth=5.0000 depth2=-1.0000 track=2 sf=9 flag=init_neg
[T2depth] t=26.8360 id=169 src=stereo u=584.4 v=247.6 depth=1.3481 depth2=-1.0000 track=1 sf=10 flag=ok
[T2depth] t=26.8360 id=2123 src=stereo u=523.8 v=49.7 depth=4.5079 depth2=-1.0000 track=1 sf=10 flag=ok
[T2depth] t=26.8360 id=2126 src=stereo u=221.0 v=105.0 depth=21.3104 depth2=-1.0000 track=1 sf=10 flag=ok
[T2depth] t=26.8360 id=2129 src=stereo u=447.0 v=79.0 depth=3.8882 depth2=-1.0000 track=1 sf=10 flag=ok
[T2depth] t=26.8360 id=2132 src=stereo u=34.0 v=111.0 depth=5.0000 depth2=-1.0000 track=1 sf=10 flag=init_neg
[T2gate] t=26.8360 tri=53 rej=0 xrej=0 init_replace=4 gate=0
[T2slv] t=26.8360 phase=1 init_cost=242.122 final_cost=143.736 iters=9 term=1 slv_ms=4.2
[T2diag] t=26.8360 P=[-0.0325 0.0061 -0.0002] V=[-0.0122 0.0169 -0.0036] |Bas|=0.195380 |Bgs|=0.0050731 Bas=[-0.131657 -0.144357 -0.000952] Bgs=[-0.0009391 0.0040223 -0.0029454] tic0=[0.1200 0.0500 -0.0200] tic1=[0.1200 -0.0500 -0.0200] td=0.00000 track=136
[E2uls] flag=1 sh_t=26.888 new_t=26.888 dP=[0.0002 -0.0010 0.0004] |dP|=0.0011 first_dt=-1.0000
time: 26.836000, t: -0.032453 0.006111 -0.000209 q: 0.999957 0.004193 -0.008294 0.000291 
[T2depth] t=26.9560 id=2116 src=motion2 u=256.5 v=25.7 depth=5.0000 depth2=-1.0000 track=2 sf=9 flag=init_neg
[T2depth] t=26.9560 id=2120 src=motion2 u=357.6 v=88.2 depth=0.8848 depth2=-1.0000 track=2 sf=9 flag=ok
[T2depth] t=26.9560 id=2122 src=motion2 u=266.2 v=143.3 depth=0.8561 depth2=-1.0000 track=2 sf=9 flag=ok
[T2depth] t=26.9560 id=2127 src=motion2 u=138.0 v=157.0 depth=0.5743 depth2=-1.0000 track=2 sf=9 flag=ok
[T2depth] t=26.9560 id=2128 src=motion2 u=350.0 v=48.0 depth=5.0000 depth2=-1.0000 track=2 sf=9 flag=init_neg
[T2xcross] t=26.9560 id=2129 est=3.8882 svd=0.3845 rel=0.9011 track=2 sf=9
[T2depth] t=26.9560 id=2130 src=motion2 u=493.0 v=49.0 depth=0.0553 depth2=-1.0000 track=2 sf=9 flag=ok
[T2depth] t=26.9560 id=2131 src=motion2 u=59.0 v=185.0 depth=3.2884 depth2=-1.0000 track=2 sf=9 flag=ok
[T2xcross] t=26.9560 id=2132 est=5.0000 svd=0.6222 rel=0.8756 track=2 sf=9
[T2depth] t=26.9560 id=2134 src=stereo u=165.7 v=200.5 depth=32.1893 depth2=-1.0000 track=1 sf=10 flag=ok
[T2gate] t=26.9560 tri=48 rej=0 xrej=0 init_replace=2 gate=0
[T2slv] t=26.9560 phase=1 init_cost=205.985 final_cost=134.777 iters=9 term=1 slv_ms=12.1
[T2diag] t=26.9560 P=[-0.0254 0.0104 -0.0046] V=[-0.0116 0.0056 -0.0147] |Bas|=0.195380 |Bgs|=0.0094339 Bas=[-0.131657 -0.144357 -0.000952] Bgs=[-0.0080673 0.0048645 -0.0005041] tic0=[0.1200 0.0500 -0.0200] tic1=[0.1200 -0.0500 -0.0200] td=0.00000 track=140
[E2uls] flag=1 sh_t=27.016 new_t=27.016 dP=[-0.0097 0.0011 0.0051] |dP|=0.0110 first_dt=-1.0000
time: 26.956000, t: -0.025371 0.010378 -0.004600 q: 0.999955 0.004388 -0.008355 -0.000048 
[T2xcross] t=27.0560 id=169 est=1.3481 svd=10.0679 rel=0.8661 track=2 sf=9
[T2xcross] t=27.0560 id=2131 est=3.2884 svd=0.2359 rel=0.9283 track=2 sf=9
[T2depth] t=27.0560 id=454 src=motion2 u=238.4 v=246.0 depth=17.1252 depth2=-1.0000 track=2 sf=9 flag=ok
[T2depth] t=27.0560 id=2138 src=motion2 u=613.0 v=173.0 depth=5.0000 depth2=-1.0000 track=2 sf=9 flag=init_neg
[T2depth] t=27.0560 id=2140 src=motion2 u=316.0 v=48.0 depth=0.2733 depth2=-1.0000 track=2 sf=9 flag=ok
[T2depth] t=27.0560 id=2141 src=motion2 u=127.0 v=14.0 depth=0.3278 depth2=-1.0000 track=2 sf=9 flag=ok
[T2depth] t=27.0560 id=2142 src=motion2 u=561.0 v=55.0 depth=0.8068 depth2=-1.0000 track=2 sf=9 flag=ok
[T2depth] t=27.0560 id=2144 src=stereo u=381.1 v=147.7 depth=4.5391 depth2=-1.0000 track=1 sf=10 flag=ok
[T2depth] t=27.0560 id=2150 src=stereo u=528.0 v=104.1 depth=4.1395 depth2=-1.0000 track=1 sf=10 flag=ok
[T2depth] t=27.0560 id=2152 src=stereo u=567.0 v=162.0 depth=39.0544 depth2=-1.0000 track=1 sf=10 flag=ok
[T2depth] t=27.0560 id=2154 src=stereo u=485.0 v=70.0 depth=3.7900 depth2=-1.0000 track=1 sf=10 flag=ok
[T2depth] t=27.0560 id=2155 src=stereo u=396.0 v=205.0 depth=3.6383 depth2=-1.0000 track=1 sf=10 flag=ok
[T2depth] t=27.0560 id=2157 src=stereo u=361.0 v=27.0 depth=3.1654 depth2=-1.0000 track=1 sf=10 flag=ok
[T2gate] t=27.0560 tri=58 rej=0 xrej=0 init_replace=1 gate=0
[T2slv] t=27.0560 phase=1 init_cost=124.405 final_cost=116.887 iters=9 term=1 slv_ms=9.5
[T2diag] t=27.0560 P=[-0.0259 0.0183 -0.0067] V=[-0.0099 -0.0040 -0.0070] |Bas|=0.195380 |Bgs|=0.0069295 Bas=[-0.131657 -0.144357 -0.000952] Bgs=[-0.0044349 0.0025567 0.0046704] tic0=[0.1200 0.0500 -0.0200] tic1=[0.1200 -0.0500 -0.0200] td=0.00000 track=130
[E2uls] flag=1 sh_t=27.100 new_t=27.100 dP=[-0.0016 -0.0062 -0.0005] |dP|=0.0064 first_dt=-1.0000
time: 27.056000, t: -0.025894 0.018266 -0.006749 q: 0.999956 0.003915 -0.008511 -0.000760 
[T2depth] t=27.1560 id=18 src=motion2 u=88.2 v=387.2 depth=0.6834 depth2=-1.0000 track=2 sf=9 flag=ok
[T2depth] t=27.1560 id=37 src=motion2 u=225.3 v=469.6 depth=1.0124 depth2=-1.0000 track=2 sf=9 flag=ok
[T2depth] t=27.1560 id=38 src=motion2 u=521.8 v=323.3 depth=11.8693 depth2=-1.0000 track=2 sf=9 flag=ok
[T2depth] t=27.1560 id=55 src=motion2 u=588.0 v=363.5 depth=8.5007 depth2=-1.0000 track=2 sf=9 flag=ok
[T2depth] t=27.1560 id=78 src=motion2 u=332.8 v=444.6 depth=1.2894 depth2=-1.0000 track=2 sf=9 flag=ok
[T2depth] t=27.1560 id=106 src=motion2 u=487.6 v=293.1 depth=10.0906 depth2=-1.0000 track=2 sf=9 flag=ok
[T2depth] t=27.1560 id=2145 src=motion2 u=276.6 v=180.0 depth=5.0000 depth2=-1.0000 track=2 sf=9 flag=init_neg
[T2xcross] t=27.1560 id=2150 est=4.1395 svd=0.0837 rel=0.9798 track=2 sf=9
[T2depth] t=27.1560 id=2156 src=motion2 u=332.0 v=88.0 depth=0.1087 depth2=-1.0000 track=2 sf=9 flag=ok
[T2xcross] t=27.1560 id=2157 est=3.1654 svd=0.0098 rel=0.9969 track=2 sf=9
[T2depth] t=27.1560 id=2158 src=motion2 u=22.0 v=13.0 depth=5.0000 depth2=-1.0000 track=2 sf=9 flag=init_neg
[T2depth] t=27.1560 id=2164 src=stereo u=589.3 v=115.8 depth=39.6284 depth2=-1.0000 track=1 sf=10 flag=ok
[T2depth] t=27.1560 id=2169 src=stereo u=131.0 v=130.0 depth=24.7606 depth2=-1.0000 track=1 sf=10 flag=ok
[T2gate] t=27.1560 tri=51 rej=0 xrej=0 init_replace=2 gate=0
[T2slv] t=27.1560 phase=1 init_cost=123.014 final_cost=116.916 iters=9 term=1 slv_ms=15.8
[T2diag] t=27.1560 P=[-0.0190 0.0329 -0.0009] V=[0.0145 0.0408 0.0044] |Bas|=0.195380 |Bgs|=0.0129587 Bas=[-0.131657 -0.144357 -0.000952] Bgs=[0.0039201 -0.0065178 0.0104918] tic0=[0.1200 0.0500 -0.0200] tic1=[0.1200 -0.0500 -0.0200] td=0.00000 track=142
[E2uls] flag=1 sh_t=27.200 new_t=27.200 dP=[-0.0100 -0.0173 -0.0071] |dP|=0.0212 first_dt=-1.0000
time: 27.156000, t: -0.018968 0.032918 -0.000942 q: 0.999969 0.002182 -0.007002 -0.002811 
[T2xcross] t=27.2280 id=2164 est=39.6284 svd=0.3601 rel=0.9909 track=2 sf=9
[T2depth] t=27.2280 id=2165 src=motion2 u=319.1 v=194.5 depth=5.0000 depth2=-1.0000 track=2 sf=9 flag=init_neg
[T2depth] t=27.2280 id=2166 src=motion2 u=615.0 v=26.0 depth=0.3807 depth2=-1.0000 track=2 sf=9 flag=ok
[T2xcross] t=27.2280 id=2169 est=24.7606 svd=0.4935 rel=0.9801 track=2 sf=9
[T2depth] t=27.2280 id=2174 src=stereo u=230.0 v=180.3 depth=5.0000 depth2=-1.0000 track=1 sf=10 flag=init_neg
[T2depth] t=27.2280 id=2178 src=stereo u=96.0 v=133.0 depth=5.0000 depth2=-1.0000 track=1 sf=10 flag=init_neg
[T2depth] t=27.2280 id=2179 src=stereo u=258.0 v=152.0 depth=5.0000 depth2=-1.0000 track=1 sf=10 flag=init_neg
[T2depth] t=27.2280 id=2180 src=stereo u=452.0 v=200.0 depth=3.8958 depth2=-1.0000 track=1 sf=10 flag=ok
[T2gate] t=27.2280 tri=46 rej=0 xrej=0 init_replace=4 gate=0
[T2slv] t=27.2280 phase=1 init_cost=119.713 final_cost=116.903 iters=9 term=1 slv_ms=15.2
[T2diag] t=27.2280 P=[-0.0200 0.0302 -0.0012] V=[-0.0135 -0.0296 -0.0004] |Bas|=0.195380 |Bgs|=0.0083137 Bas=[-0.131657 -0.144357 -0.000952] Bgs=[-0.0032389 0.0051548 -0.0056618] tic0=[0.1200 0.0500 -0.0200] tic1=[0.1200 -0.0500 -0.0200] td=0.00000 track=139
[E2uls] flag=1 sh_t=27.264 new_t=27.264 dP=[0.0035 0.0103 0.0007] |dP|=0.0109 first_dt=-1.0000
time: 27.228000, t: -0.019989 0.030198 -0.001162 q: 0.999974 0.001890 -0.006493 -0.002520 
[T2xcross] t=27.3600 id=452 est=5.0000 svd=3.3913 rel=0.3217 track=2 sf=9
[T2depth] t=27.3600 id=2170 src=motion2 u=55.6 v=118.7 depth=5.0000 depth2=-1.0000 track=2 sf=9 flag=init_neg
[T2depth] t=27.3600 id=2173 src=motion2 u=171.6 v=167.0 depth=0.2645 depth2=-1.0000 track=2 sf=9 flag=ok
[T2depth] t=27.3600 id=2177 src=motion2 u=75.0 v=16.0 depth=1.3479 depth2=-1.0000 track=2 sf=9 flag=ok
[T2xcross] t=27.3600 id=2178 est=5.0000 svd=0.3029 rel=0.9394 track=2 sf=9
[T2xcross] t=27.3600 id=2180 est=3.8958 svd=1.6553 rel=0.5751 track=2 sf=9
[T2depth] t=27.3600 id=2184 src=stereo u=533.3 v=28.8 depth=3.1925 depth2=-1.0000 track=1 sf=10 flag=ok
[T2depth] t=27.3600 id=2185 src=stereo u=539.0 v=148.0 depth=38.0321 depth2=-1.0000 track=1 sf=10 flag=ok
[T2depth] t=27.3600 id=2187 src=stereo u=476.0 v=163.0 depth=3.7809 depth2=-1.0000 track=1 sf=10 flag=ok
[T2depth] t=27.3600 id=2188 src=stereo u=28.0 v=27.0 depth=5.0000 depth2=-1.0000 track=1 sf=10 flag=init_neg
[T2depth] t=27.3600 id=2189 src=stereo u=166.0 v=81.0 depth=42.7950 depth2=-1.0000 track=1 sf=10 flag=ok
[T2depth] t=27.3600 id=2191 src=stereo u=303.0 v=188.0 depth=46.4456 depth2=-1.0000 track=1 sf=10 flag=ok
[T2gate] t=27.3600 tri=46 rej=0 xrej=0 init_replace=2 gate=0
[T2slv] t=27.3600 phase=1 init_cost=123.93 final_cost=118.38 iters=9 term=1 slv_ms=25.5
[T2diag] t=27.3600 P=[-0.0190 0.0326 -0.0012] V=[0.0114 0.0297 0.0042] |Bas|=0.195380 |Bgs|=0.0053623 Bas=[-0.131657 -0.144357 -0.000952] Bgs=[0.0017458 -0.0041696 0.0028846] tic0=[0.1200 0.0500 -0.0200] tic1=[0.1200 -0.0500 -0.0200] td=0.00000 track=140
[E2uls] flag=1 sh_t=27.412 new_t=27.412 dP=[-0.0036 -0.0089 -0.0002] |dP|=0.0096 first_dt=-1.0000
time: 27.360000, t: -0.019036 0.032648 -0.001201 q: 0.999976 0.001545 -0.006139 -0.002778 
[T2depth] t=27.4920 id=2186 src=motion2 u=341.0 v=202.0 depth=3.0636 depth2=-1.0000 track=2 sf=9 flag=ok
[T2xcross] t=27.4920 id=2188 est=5.0000 svd=0.4686 rel=0.9063 track=2 sf=9
[T2xcross] t=27.4920 id=2191 est=46.4456 svd=7.2350 rel=0.8442 track=2 sf=9
[T2depth] t=27.4920 id=2204 src=stereo u=363.0 v=27.0 depth=4.0863 depth2=-1.0000 track=1 sf=10 flag=ok
[T2gate] t=27.4920 tri=46 rej=0 xrej=0 init_replace=0 gate=0
[T2slv] t=27.4920 phase=1 init_cost=124.587 final_cost=118.304 iters=9 term=1 slv_ms=15.0
[T2diag] t=27.4920 P=[-0.0207 0.0277 -0.0016] V=[-0.0114 -0.0245 -0.0021] |Bas|=0.195380 |Bgs|=0.0084924 Bas=[-0.131657 -0.144357 -0.000952] Bgs=[-0.0043355 0.0032147 -0.0065567] tic0=[0.1200 0.0500 -0.0200] tic1=[0.1200 -0.0500 -0.0200] td=0.00000 track=137
[E2uls] flag=1 sh_t=27.552 new_t=27.552 dP=[0.0066 0.0175 0.0016] |dP|=0.0188 first_dt=-1.0000
time: 27.492000, t: -0.020674 0.027719 -0.001613 q: 0.999978 0.001550 -0.006046 -0.002223 
[T2depth] t=27.5920 id=2192 src=motion2 u=245.8 v=137.1 depth=5.0000 depth2=-1.0000 track=2 sf=9 flag=init_neg
[T2depth] t=27.5920 id=2193 src=motion2 u=354.2 v=74.4 depth=0.2821 depth2=-1.0000 track=2 sf=9 flag=ok
[T2depth] t=27.5920 id=2195 src=motion2 u=243.4 v=60.1 depth=0.0910 depth2=-1.0000 track=2 sf=9 flag=ok
[T2depth] t=27.5920 id=2196 src=motion2 u=302.3 v=92.4 depth=5.0000 depth2=-1.0000 track=2 sf=9 flag=init_neg
[T2depth] t=27.5920 id=2199 src=motion2 u=147.0 v=110.0 depth=0.2182 depth2=-1.0000 track=2 sf=9 flag=ok
[T2depth] t=27.5920 id=2201 src=motion2 u=22.0 v=124.0 depth=0.1113 depth2=-1.0000 track=2 sf=9 flag=ok
[T2depth] t=27.5920 id=2202 src=motion2 u=274.0 v=38.0 depth=0.5168 depth2=-1.0000 track=2 sf=9 flag=ok
[T2depth] t=27.5920 id=2203 src=motion2 u=347.0 v=140.0 depth=5.0000 depth2=-1.0000 track=2 sf=9 flag=init_neg
[T2depth] t=27.5920 id=2205 src=motion2 u=304.0 v=45.0 depth=5.0000 depth2=-1.0000 track=2 sf=9 flag=init_neg
[T2depth] t=27.5920 id=2206 src=motion2 u=192.0 v=117.0 depth=5.0000 depth2=-1.0000 track=2 sf=9 flag=init_neg
[T2depth] t=27.5920 id=2209 src=stereo u=18.0 v=64.6 depth=20.4035 depth2=-1.0000 track=1 sf=10 flag=ok
[T2gate] t=27.5920 tri=48 rej=0 xrej=0 init_replace=5 gate=0
[T2slv] t=27.5920 phase=1 init_cost=116.704 final_cost=114.67 iters=7 term=0 slv_ms=11.1
[T2diag] t=27.5920 P=[-0.0198 0.0258 -0.0019] V=[0.0046 0.0102 -0.0019] |Bas|=0.195380 |Bgs|=0.0031381 Bas=[-0.131657 -0.144357 -0.000952] Bgs=[0.0004359 0.0011426 0.0028900] tic0=[0.1200 0.0500 -0.0200] tic1=[0.1200 -0.0500 -0.0200] td=0.00000 track=143
[E2uls] flag=1 sh_t=27.628 new_t=27.628 dP=[-0.0026 -0.0011 -0.0001] |dP|=0.0028 first_dt=-1.0000
time: 27.592000, t: -0.019767 0.025792 -0.001939 q: 0.999979 0.001490 -0.006024 -0.001948 
[T2xcross] t=27.6920 id=2195 est=0.0910 svd=0.3636 rel=0.7498 track=2 sf=9
[T2xcross] t=27.6920 id=2202 est=0.5168 svd=0.2127 rel=0.5884 track=2 sf=9
[T2xcross] t=27.6920 id=2204 est=4.0863 svd=6.4911 rel=0.3705 track=2 sf=9
[T2depth] t=27.6920 id=2208 src=motion2 u=186.2 v=243.0 depth=0.3412 depth2=-1.0000 track=2 sf=9 flag=ok
[T2xcross] t=27.6920 id=2209 est=20.4035 svd=0.1510 rel=0.9926 track=2 sf=9
[T2depth] t=27.6920 id=2217 src=stereo u=512.2 v=19.9 depth=3.8871 depth2=-1.0000 track=1 sf=10 flag=ok
[T2depth] t=27.6920 id=2220 src=stereo u=385.0 v=47.0 depth=4.3584 depth2=-1.0000 track=1 sf=10 flag=ok
[T2depth] t=27.6920 id=2221 src=stereo u=457.0 v=105.0 depth=3.8943 depth2=-1.0000 track=1 sf=10 flag=ok
[T2depth] t=27.6920 id=2223 src=stereo u=478.0 v=177.0 depth=3.4595 depth2=-1.0000 track=1 sf=10 flag=ok
[T2depth] t=27.6920 id=2224 src=stereo u=272.0 v=71.0 depth=23.9852 depth2=-1.0000 track=1 sf=10 flag=ok
[T2gate] t=27.6920 tri=43 rej=0 xrej=0 init_replace=0 gate=0
[T2slv] t=27.6920 phase=1 init_cost=119.653 final_cost=118.631 iters=9 term=1 slv_ms=24.2
[T2diag] t=27.6920 P=[-0.0189 0.0313 -0.0013] V=[0.0140 0.0364 0.0039] |Bas|=0.195380 |Bgs|=0.0075510 Bas=[-0.131657 -0.144357 -0.000952] Bgs=[0.0028298 -0.0028031 0.0064150] tic0=[0.1200 0.0500 -0.0200] tic1=[0.1200 -0.0500 -0.0200] td=0.00000 track=142
[E2uls] flag=1 sh_t=27.736 new_t=27.736 dP=[-0.0005 -0.0037 -0.0011] |dP|=0.0039 first_dt=-1.0000
time: 27.692000, t: -0.018926 0.031335 -0.001287 q: 0.999979 0.001174 -0.005826 -0.002617 
[T2depth] t=27.7920 id=2218 src=motion2 u=112.7 v=80.9 depth=5.0000 depth2=-1.0000 track=2 sf=9 flag=init_neg
[T2xcross] t=27.7920 id=2221 est=3.8943 svd=5.7965 rel=0.3282 track=2 sf=9
[T2depth] t=27.7920 id=2222 src=motion2 u=146.0 v=223.0 depth=5.0000 depth2=-1.0000 track=2 sf=9 flag=init_neg
[T2depth] t=27.7920 id=2227 src=stereo u=164.4 v=197.8 depth=25.2017 depth2=-1.0000 track=1 sf=10 flag=ok
[T2depth] t=27.7920 id=2228 src=stereo u=234.0 v=99.0 depth=5.0000 depth2=-1.0000 track=1 sf=10 flag=init_neg
[T2depth] t=27.7920 id=2230 src=stereo u=537.0 v=118.0 depth=5.0000 depth2=-1.0000 track=1 sf=10 flag=init_neg
[T2gate] t=27.7920 tri=39 rej=0 xrej=0 init_replace=4 gate=0
[T2slv] t=27.7920 phase=1 init_cost=124.431 final_cost=118.602 iters=9 term=1 slv_ms=12.5
[T2diag] t=27.7920 P=[-0.0203 0.0275 -0.0016] V=[-0.0105 -0.0323 -0.0029] |Bas|=0.195380 |Bgs|=0.0060553 Bas=[-0.131657 -0.144357 -0.000952] Bgs=[-0.0057963 -0.0008727 -0.0015194] tic0=[0.1200 0.0500 -0.0200] tic1=[0.1200 -0.0500 -0.0200] td=0.00000 track=143
[E2uls] flag=1 sh_t=27.844 new_t=27.844 dP=[0.0056 0.0151 0.0013] |dP|=0.0162 first_dt=-1.0000
time: 27.792000, t: -0.020283 0.027498 -0.001643 q: 0.999980 0.001270 -0.005848 -0.002191 
[T2xcross] t=27.8920 id=2223 est=3.4595 svd=1.1658 rel=0.6630 track=2 sf=9
[T2depth] t=27.8920 id=2226 src=motion2 u=554.6 v=173.7 depth=5.0000 depth2=-1.0000 track=2 sf=9 flag=init_neg
[T2xcross] t=27.8920 id=2227 est=25.2017 svd=0.8521 rel=0.9662 track=2 sf=9
[T2xcross] t=27.8920 id=2228 est=5.0000 svd=0.0254 rel=0.9949 track=2 sf=9
[T2depth] t=27.8920 id=2229 src=motion2 u=592.0 v=146.0 depth=5.0000 depth2=-1.0000 track=2 sf=9 flag=init_neg
[T2depth] t=27.8920 id=2231 src=motion2 u=266.0 v=172.0 depth=0.5212 depth2=-1.0000 track=2 sf=9 flag=ok
[T2gate] t=27.8920 tri=34 rej=0 xrej=0 init_replace=2 gate=0
[T2slv] t=27.8920 phase=1 init_cost=117.262 final_cost=114.82 iters=8 term=0 slv_ms=13.7
[T2diag] t=27.8920 P=[-0.0191 0.0273 -0.0018] V=[0.0103 0.0221 -0.0007] |Bas|=0.195380 |Bgs|=0.0045178 Bas=[-0.131657 -0.144357 -0.000952] Bgs=[0.0007268 -0.0033904 0.0028960] tic0=[0.1200 0.0500 -0.0200] tic1=[0.1200 -0.0500 -0.0200] td=0.00000 track=149
[E2uls] flag=1 sh_t=27.928 new_t=27.928 dP=[-0.0028 -0.0047 -0.0005] |dP|=0.0055 first_dt=-1.0000
time: 27.892000, t: -0.019126 0.027326 -0.001791 q: 0.999980 0.001200 -0.005838 -0.002144 
[T2xcross] t=27.9960 id=2192 est=5.0000 svd=0.3333 rel=0.9333 track=2 sf=9
[T2depth] t=27.9960 id=2232 src=motion2 u=368.7 v=101.7 depth=0.5690 depth2=-1.0000 track=2 sf=9 flag=ok
[T2depth] t=27.9960 id=2233 src=stereo u=146.7 v=145.8 depth=5.0000 depth2=-1.0000 track=1 sf=10 flag=init_neg
[T2depth] t=27.9960 id=2235 src=stereo u=61.2 v=28.7 depth=22.4760 depth2=-1.0000 track=1 sf=10 flag=ok
[T2depth] t=27.9960 id=2238 src=stereo u=615.6 v=91.5 depth=5.0000 depth2=-1.0000 track=1 sf=10 flag=init_neg
[T2gate] t=27.9960 tri=42 rej=0 xrej=0 init_replace=2 gate=0
[T2slv] t=27.9960 phase=1 init_cost=118.252 final_cost=116.625 iters=9 term=1 slv_ms=13.6
[T2diag] t=27.9960 P=[-0.0185 0.0332 -0.0008] V=[0.0146 0.0354 0.0051] |Bas|=0.195380 |Bgs|=0.0043573 Bas=[-0.131657 -0.144357 -0.000952] Bgs=[0.0033862 -0.0000409 0.0027419] tic0=[0.1200 0.0500 -0.0200] tic1=[0.1200 -0.0500 -0.0200] td=0.00000 track=138
[E2uls] flag=1 sh_t=28.056 new_t=28.056 dP=[0.0017 -0.0007 -0.0013] |dP|=0.0022 first_dt=-1.0000
time: 27.996000, t: -0.018523 0.033249 -0.000830 q: 0.999980 0.000943 -0.005630 -0.002887 
[T2xcross] t=28.0920 id=87 est=5.0000 svd=8.4562 rel=0.4087 track=2 sf=9
[T2xcross] t=28.0920 id=454 est=17.1252 svd=3.1675 rel=0.8150 track=2 sf=9
[T2xcross] t=28.0920 id=2233 est=5.0000 svd=0.3293 rel=0.9341 track=2 sf=9
[T2depth] t=28.0920 id=2240 src=motion2 u=528.0 v=382.0 depth=16.4161 depth2=-1.0000 track=2 sf=9 flag=ok
[T2depth] t=28.0920 id=2242 src=motion2 u=240.0 v=200.0 depth=0.4423 depth2=-1.0000 track=2 sf=9 flag=ok
[T2depth] t=28.0920 id=2244 src=motion2 u=549.0 v=22.0 depth=5.0000 depth2=-1.0000 track=2 sf=9 flag=init_neg
[T2depth] t=28.0920 id=2245 src=motion2 u=333.0 v=107.0 depth=5.0000 depth2=-1.0000 track=2 sf=9 flag=init_neg
[T2depth] t=28.0920 id=2251 src=stereo u=448.0 v=75.6 depth=3.8983 depth2=-1.0000 track=1 sf=10 flag=ok
[T2depth] t=28.0920 id=2255 src=stereo u=510.0 v=61.0 depth=3.9665 depth2=-1.0000 track=1 sf=10 flag=ok
[T2gate] t=28.0920 tri=48 rej=0 xrej=0 init_replace=2 gate=0
[T2slv] t=28.0920 phase=1 init_cost=120.396 final_cost=116.592 iters=9 term=1 slv_ms=13.5
[T2diag] t=28.0920 P=[-0.0199 0.0295 -0.0015] V=[-0.0136 -0.0309 -0.0049] |Bas|=0.195380 |Bgs|=0.0124630 Bas=[-0.131657 -0.144357 -0.000952] Bgs=[-0.0102300 -0.0000536 -0.0071184] tic0=[0.1200 0.0500 -0.0200] tic1=[0.1200 -0.0500 -0.0200] td=0.00000 track=140
[E2uls] flag=1 sh_t=28.136 new_t=28.136 dP=[0.0053 0.0135 0.0018] |dP|=0.0146 first_dt=-1.0000
time: 28.092000, t: -0.019903 0.029515 -0.001526 q: 0.999980 0.001117 -0.005716 -0.002471 
[T2xcross] t=28.2240 id=2235 est=22.4760 svd=0.6490 rel=0.9711 track=2 sf=9
[T2depth] t=28.2240 id=2246 src=motion2 u=90.0 v=172.9 depth=0.1219 depth2=-1.0000 track=2 sf=9 flag=ok
[T2depth] t=28.2240 id=2247 src=motion2 u=341.8 v=236.0 depth=1.7718 depth2=-1.0000 track=2 sf=9 flag=ok
[T2depth] t=28.2240 id=2250 src=motion2 u=97.1 v=39.0 depth=0.7056 depth2=-1.0000 track=2 sf=9 flag=ok
[T2xcross] t=28.2240 id=2251 est=3.8983 svd=0.2134 rel=0.9453 track=2 sf=9
[T2depth] t=28.2240 id=2257 src=motion2 u=126.0 v=189.0 depth=5.0000 depth2=-1.0000 track=2 sf=9 flag=init_neg
[T2depth] t=28.2240 id=2260 src=stereo u=570.8 v=54.8 depth=5.0000 depth2=-1.0000 track=1 sf=10 flag=init_neg
[T2gate] t=28.2240 tri=46 rej=0 xrej=0 init_replace=2 gate=0
[T2slv] t=28.2240 phase=1 init_cost=119.074 final_cost=114.826 iters=6 term=0 slv_ms=13.6
[T2diag] t=28.2240 P=[-0.0192 0.0269 -0.0019] V=[0.0025 0.0068 -0.0004] |Bas|=0.195380 |Bgs|=0.0045714 Bas=[-0.131657 -0.144357 -0.000952] Bgs=[-0.0029753 0.0010134 0.0033193] tic0=[0.1200 0.0500 -0.0200] tic1=[0.1200 -0.0500 -0.0200] td=0.00000 track=141
[E2uls] flag=1 sh_t=28.284 new_t=28.284 dP=[-0.0030 -0.0026 -0.0010] |dP|=0.0041 first_dt=-1.0000
time: 28.224000, t: -0.019233 0.026912 -0.001927 q: 0.999980 0.001181 -0.005779 -0.002116 
[T2xcross] t=28.3560 id=2246 est=0.1219 svd=0.2647 rel=0.5394 track=2 sf=9
[T2xcross] t=28.3560 id=2250 est=0.7056 svd=0.0170 rel=0.9758 track=2 sf=9
[T2depth] t=28.3560 id=2258 src=motion2 u=188.3 v=57.4 depth=5.0000 depth2=-1.0000 track=2 sf=9 flag=init_neg
[T2depth] t=28.3560 id=2264 src=motion2 u=148.0 v=12.0 depth=0.2908 depth2=-1.0000 track=2 sf=9 flag=ok
[T2depth] t=28.3560 id=2266 src=motion2 u=544.0 v=137.0 depth=5.0000 depth2=-1.0000 track=2 sf=9 flag=init_neg
[T2depth] t=28.3560 id=2271 src=stereo u=256.5 v=31.0 depth=37.2197 depth2=-1.0000 track=1 sf=10 flag=ok
[T2depth] t=28.3560 id=2275 src=stereo u=414.9 v=46.3 depth=3.2235 depth2=-1.0000 track=1 sf=10 flag=ok
[T2depth] t=28.3560 id=2281 src=stereo u=528.0 v=216.0 depth=4.0654 depth2=-1.0000 track=1 sf=10 flag=ok
[T2depth] t=28.3560 id=2282 src=stereo u=420.0 v=198.0 depth=3.5389 depth2=-1.0000 track=1 sf=10 flag=ok
[T2gate] t=28.3560 tri=49 rej=0 xrej=0 init_replace=2 gate=0
[T2slv] t=28.3560 phase=1 init_cost=119.688 final_cost=117.947 iters=9 term=1 slv_ms=9.8
[T2diag] t=28.3560 P=[-0.0180 0.0345 -0.0013] V=[0.0201 0.0471 0.0039] |Bas|=0.195380 |Bgs|=0.0105081 Bas=[-0.131657 -0.144357 -0.000952] Bgs=[0.0067095 -0.0014907 0.0079487] tic0=[0.1200 0.0500 -0.0200] tic1=[0.1200 -0.0500 -0.0200] td=0.00000 track=138
[E2uls] flag=1 sh_t=28.392 new_t=28.392 dP=[0.0001 -0.0052 -0.0012] |dP|=0.0053 first_dt=-1.0000
time: 28.356000, t: -0.018021 0.034526 -0.001263 q: 0.999979 0.000909 -0.005620 -0.003047 
[T2depth] t=28.4560 id=2270 src=motion2 u=575.4 v=155.7 depth=5.0000 depth2=-1.0000 track=2 sf=9 flag=init_neg
[T2depth] t=28.4560 id=2276 src=motion2 u=288.8 v=124.8 depth=5.0000 depth2=-1.0000 track=2 sf=9 flag=init_neg
[T2depth] t=28.4560 id=2279 src=motion2 u=210.3 v=136.8 depth=1.0589 depth2=-1.0000 track=2 sf=9 flag=ok
[T2xcross] t=28.4560 id=2281 est=4.0654 svd=0.8132 rel=0.8000 track=2 sf=9
[T2depth] t=28.4560 id=2283 src=motion2 u=177.0 v=163.0 depth=0.6057 depth2=-1.0000 track=2 sf=9 flag=ok
[T2depth] t=28.4560 id=2284 src=motion2 u=614.0 v=111.0 depth=1.0439 depth2=-1.0000 track=2 sf=9 flag=ok
[T2depth] t=28.4560 id=2288 src=stereo u=564.1 v=106.5 depth=5.0000 depth2=-1.0000 track=1 sf=10 flag=init_neg
[T2depth] t=28.4560 id=2289 src=stereo u=533.9 v=179.6 depth=3.1454 depth2=-1.0000 track=1 sf=10 flag=ok
[T2depth] t=28.4560 id=2296 src=stereo u=365.0 v=223.0 depth=3.4490 depth2=-1.0000 track=1 sf=10 flag=ok
[T2gate] t=28.4560 tri=46 rej=0 xrej=0 init_replace=3 gate=0
[T2slv] t=28.4560 phase=1 init_cost=123.876 final_cost=121.064 iters=9 term=1 slv_ms=17.9
[T2diag] t=28.4560 P=[-0.0189 0.0364 -0.0010] V=[0.0002 0.0002 0.0002] |Bas|=0.195380 |Bgs|=0.0031812 Bas=[-0.131657 -0.144357 -0.000952] Bgs=[0.0025338 0.0013829 0.0013370] tic0=[0.1200 0.0500 -0.0200] tic1=[0.1200 -0.0500 -0.0200] td=0.00000 track=141
[E2uls] flag=1 sh_t=28.496 new_t=28.496 dP=[0.0052 0.0081 0.0007] |dP|=0.0096 first_dt=-1.0000
time: 28.456000, t: -0.018873 0.036445 -0.000956 q: 0.999979 0.000888 -0.005524 -0.003339 
[T2depth] t=28.5560 id=2285 src=motion2 u=26.0 v=151.3 depth=5.0000 depth2=-1.0000 track=2 sf=9 flag=init_neg
[T2depth] t=28.5560 id=2293 src=motion2 u=351.0 v=65.0 depth=0.0407 depth2=-1.0000 track=2 sf=9 flag=ok
[T2depth] t=28.5560 id=2297 src=stereo u=364.1 v=193.9 depth=4.3215 depth2=-1.0000 track=1 sf=10 flag=ok
[T2depth] t=28.5560 id=2300 src=stereo u=113.7 v=190.5 depth=5.0000 depth2=-1.0000 track=1 sf=10 flag=init_neg
[T2depth] t=28.5560 id=2303 src=stereo u=529.0 v=254.0 depth=2.1488 depth2=-1.0000 track=1 sf=10 flag=ok
[T2depth] t=28.5560 id=2305 src=stereo u=416.0 v=82.0 depth=3.6383 depth2=-1.0000 track=1 sf=10 flag=ok
[T2depth] t=28.5560 id=2306 src=stereo u=60.0 v=16.0 depth=5.0000 depth2=-1.0000 track=1 sf=10 flag=init_neg
[T2gate] t=28.5560 tri=46 rej=0 xrej=0 init_replace=3 gate=0
[T2slv] t=28.5560 phase=1 init_cost=120.197 final_cost=118.656 iters=7 term=0 slv_ms=17.3
[T2diag] t=28.5560 P=[-0.0203 0.0281 -0.0018] V=[-0.0214 -0.0496 -0.0027] |Bas|=0.195380 |Bgs|=0.0133384 Bas=[-0.131657 -0.144357 -0.000952] Bgs=[-0.0023211 0.0008081 -0.0131100] tic0=[0.1200 0.0500 -0.0200] tic1=[0.1200 -0.0500 -0.0200] td=0.00000 track=139
[E2uls] flag=1 sh_t=28.628 new_t=28.628 dP=[0.0040 0.0151 0.0009] |dP|=0.0156 first_dt=-1.0000
time: 28.556000, t: -0.020255 0.028056 -0.001779 q: 0.999980 0.001193 -0.005693 -0.002302 
[T2xcross] t=28.6560 id=2279 est=1.0589 svd=0.3274 rel=0.6908 track=2 sf=9
[T2xcross] t=28.6560 id=2285 est=5.0000 svd=2.0446 rel=0.5911 track=2 sf=9
[T2depth] t=28.6560 id=2301 src=motion2 u=562.0 v=74.0 depth=5.0000 depth2=-1.0000 track=2 sf=9 flag=init_neg
[T2xcross] t=28.6560 id=2303 est=2.1488 svd=3.2058 rel=0.3297 track=2 sf=9
[T2depth] t=28.6560 id=2304 src=motion2 u=155.0 v=152.0 depth=5.0000 depth2=-1.0000 track=2 sf=9 flag=init_neg
[T2depth] t=28.6560 id=2307 src=motion2 u=292.0 v=40.0 depth=0.7005 depth2=-1.0000 track=2 sf=9 flag=ok
[T2depth] t=28.6560 id=2308 src=motion2 u=619.0 v=96.0 depth=1.2411 depth2=-1.0000 track=2 sf=9 flag=ok
[T2depth] t=28.6560 id=2315 src=stereo u=324.0 v=14.0 depth=5.0000 depth2=-1.0000 track=1 sf=10 flag=init_neg
[T2depth] t=28.6560 id=2316 src=stereo u=530.0 v=176.0 depth=3.5313 depth2=-1.0000 track=1 sf=10 flag=ok
[T2depth] t=28.6560 id=2317 src=stereo u=509.0 v=50.0 depth=3.6319 depth2=-1.0000 track=1 sf=10 flag=ok
[T2depth] t=28.6560 id=2318 src=stereo u=246.0 v=62.0 depth=42.9554 depth2=-1.0000 track=1 sf=10 flag=ok
[T2depth] t=28.6560 id=2323 src=stereo u=53.0 v=20.0 depth=42.7064 depth2=-1.0000 track=1 sf=10 flag=ok
[T2gate] t=28.6560 tri=46 rej=0 xrej=0 init_replace=3 gate=0
[T2slv] t=28.6560 phase=1 init_cost=117.983 final_cost=114.551 iters=7 term=0 slv_ms=14.5
[T2diag] t=28.6560 P=[-0.0199 0.0244 -0.0022] V=[-0.0014 0.0011 -0.0011] |Bas|=0.195380 |Bgs|=0.0036301 Bas=[-0.131657 -0.144357 -0.000952] Bgs=[0.0000944 0.0033172 0.0014715] tic0=[0.1200 0.0500 -0.0200] tic1=[0.1200 -0.0500 -0.0200] td=0.00000 track=139
[E2uls] flag=1 sh_t=28.708 new_t=28.708 dP=[-0.0034 -0.0042 -0.0003] |dP|=0.0054 first_dt=-1.0000
time: 28.656000, t: -0.019883 0.024401 -0.002170 q: 0.999981 0.001281 -0.005824 -0.001820 
[T2xcross] t=28.7560 id=2308 est=1.2411 svd=0.5055 rel=0.5927 track=2 sf=9
[T2depth] t=28.7560 id=2311 src=motion2 u=306.8 v=165.2 depth=0.1223 depth2=-1.0000 track=2 sf=9 flag=ok
[T2xcross] t=28.7560 id=2316 est=3.5313 svd=0.1033 rel=0.9707 track=2 sf=9
[T2depth] t=28.7560 id=2319 src=motion2 u=157.0 v=29.0 depth=0.4811 depth2=-1.0000 track=2 sf=9 flag=ok
[T2depth] t=28.7560 id=2320 src=motion2 u=91.0 v=118.0 depth=5.0000 depth2=-1.0000 track=2 sf=9 flag=init_neg
[T2depth] t=28.7560 id=2321 src=motion2 u=617.0 v=207.0 depth=0.1372 depth2=-1.0000 track=2 sf=9 flag=ok
[T2depth] t=28.7560 id=2333 src=stereo u=346.0 v=135.0 depth=46.7008 depth2=-1.0000 track=1 sf=10 flag=ok
[T2depth] t=28.7560 id=2336 src=stereo u=261.0 v=15.0 depth=31.7498 depth2=-1.0000 track=1 sf=10 flag=ok
[T2gate] t=28.7560 tri=45 rej=0 xrej=0 init_replace=1 gate=0
[T2slv] t=28.7560 phase=1 init_cost=116.214 final_cost=114.623 iters=5 term=0 slv_ms=10.9
[T2diag] t=28.7560 P=[-0.0191 0.0262 -0.0021] V=[0.0098 0.0193 -0.0031] |Bas|=0.195380 |Bgs|=0.0033048 Bas=[-0.131657 -0.144357 -0.000952] Bgs=[0.0001018 -0.0028418 0.0016840] tic0=[0.1200 0.0500 -0.0200] tic1=[0.1200 -0.0500 -0.0200] td=0.00000 track=140
[E2uls] flag=1 sh_t=28.816 new_t=28.816 dP=[-0.0010 -0.0003 -0.0009] |dP|=0.0014 first_dt=-1.0000
time: 28.756000, t: -0.019111 0.026218 -0.002113 q: 0.999980 0.001201 -0.005838 -0.002037 
[T2depth] t=28.8560 id=2327 src=motion2 u=369.6 v=24.3 depth=5.0000 depth2=-1.0000 track=2 sf=9 flag=init_neg
[T2depth] t=28.8560 id=2330 src=motion2 u=127.1 v=107.8 depth=0.2114 depth2=-1.0000 track=2 sf=9 flag=ok
[T2depth] t=28.8560 id=2331 src=motion2 u=216.0 v=133.0 depth=5.0000 depth2=-1.0000 track=2 sf=9 flag=init_neg
[T2xcross] t=28.8560 id=2333 est=46.7008 svd=0.5155 rel=0.9890 track=2 sf=9
[T2depth] t=28.8560 id=2334 src=motion2 u=12.0 v=66.0 depth=0.2493 depth2=-1.0000 track=2 sf=9 flag=ok
[T2depth] t=28.8560 id=2337 src=stereo u=373.4 v=102.1 depth=4.1444 depth2=-1.0000 track=1 sf=10 flag=ok
[T2depth] t=28.8560 id=2338 src=stereo u=463.9 v=167.1 depth=4.0330 depth2=-1.0000 track=1 sf=10 flag=ok
[T2depth] t=28.8560 id=2344 src=stereo u=247.0 v=95.0 depth=28.7409 depth2=-1.0000 track=1 sf=10 flag=ok
[T2depth] t=28.8560 id=2347 src=stereo u=287.0 v=57.0 depth=5.0000 depth2=-1.0000 track=1 sf=10 flag=init_neg
[T2gate] t=28.8560 tri=48 rej=0 xrej=0 init_replace=3 gate=0
[T2slv] t=28.8560 phase=1 init_cost=118.976 final_cost=114.486 iters=7 term=0 slv_ms=21.5
[T2diag] t=28.8560 P=[-0.0207 0.0224 -0.0022] V=[-0.0156 -0.0277 -0.0009] |Bas|=0.195380 |Bgs|=0.0110359 Bas=[-0.131657 -0.144357 -0.000952] Bgs=[-0.0020611 0.0063520 -0.0087862] tic0=[0.1200 0.0500 -0.0200] tic1=[0.1200 -0.0500 -0.0200] td=0.00000 track=139
[E2uls] flag=1 sh_t=28.912 new_t=28.912 dP=[0.0055 0.0116 -0.0012] |dP|=0.0129 first_dt=-1.0000
time: 28.856000, t: -0.020730 0.022390 -0.002164 q: 0.999980 0.001330 -0.005957 -0.001601 
[T2xcross] t=28.9280 id=2327 est=5.0000 svd=0.1674 rel=0.9665 track=2 sf=9
[T2depth] t=28.9280 id=2340 src=motion2 u=391.0 v=200.0 depth=1.7938 depth2=-1.0000 track=2 sf=9 flag=ok
[T2depth] t=28.9280 id=2341 src=motion2 u=588.0 v=214.0 depth=5.0000 depth2=-1.0000 track=2 sf=9 flag=init_neg
[T2depth] t=28.9280 id=2345 src=motion2 u=36.0 v=198.0 depth=0.5416 depth2=-1.0000 track=2 sf=9 flag=ok
[T2depth] t=28.9280 id=2346 src=motion2 u=403.0 v=35.0 depth=5.0000 depth2=-1.0000 track=2 sf=9 flag=init_neg
[T2depth] t=28.9280 id=2357 src=stereo u=515.0 v=204.0 depth=3.9078 depth2=-1.0000 track=1 sf=10 flag=ok
[T2depth] t=28.9280 id=2360 src=stereo u=303.0 v=125.0 depth=5.0000 depth2=-1.0000 track=1 sf=10 flag=init_neg
[T2gate] t=28.9280 tri=49 rej=0 xrej=0 init_replace=3 gate=0
[T2slv] t=28.9280 phase=1 init_cost=115.584 final_cost=114.309 iters=9 term=1 slv_ms=13.9
[T2diag] t=28.9280 P=[-0.0196 0.0232 -0.0025] V=[0.0114 0.0223 -0.0043] |Bas|=0.195380 |Bgs|=0.0034213 Bas=[-0.131657 -0.144357 -0.000952] Bgs=[0.0026458 0.0002605 0.0021534] tic0=[0.1200 0.0500 -0.0200] tic1=[0.1200 -0.0500 -0.0200] td=0.00000 track=137
[E2uls] flag=1 sh_t=28.976 new_t=28.976 dP=[-0.0041 -0.0050 0.0003] |dP|=0.0064 first_dt=-1.0000
time: 28.928000, t: -0.019648 0.023195 -0.002502 q: 0.999979 0.001299 -0.006064 -0.001659 
[T2xcross] t=29.0560 id=2340 est=1.7938 svd=0.1130 rel=0.9370 track=2 sf=9
[T2depth] t=29.0560 id=2351 src=motion2 u=54.6 v=19.4 depth=1.3066 depth2=-1.0000 track=2 sf=9 flag=ok
[T2depth] t=29.0560 id=2353 src=motion2 u=338.9 v=122.7 depth=0.9243 depth2=-1.0000 track=2 sf=9 flag=ok
[T2depth] t=29.0560 id=2356 src=motion2 u=81.0 v=52.0 depth=0.4160 depth2=-1.0000 track=2 sf=9 flag=ok
[T2depth] t=29.0560 id=2358 src=motion2 u=579.0 v=142.0 depth=1.1615 depth2=-1.0000 track=2 sf=9 flag=ok
[T2depth] t=29.0560 id=2361 src=motion2 u=127.0 v=204.0 depth=5.0000 depth2=-1.0000 track=2 sf=9 flag=init_neg
[T2depth] t=29.0560 id=2370 src=stereo u=248.6 v=113.2 depth=19.7626 depth2=-1.0000 track=1 sf=10 flag=ok
[T2depth] t=29.0560 id=2374 src=stereo u=130.0 v=55.0 depth=5.0000 depth2=-1.0000 track=1 sf=10 flag=init_neg
[T2depth] t=29.0560 id=2375 src=stereo u=509.0 v=57.0 depth=4.3242 depth2=-1.0000 track=1 sf=10 flag=ok
[T2depth] t=29.0560 id=2378 src=stereo u=397.0 v=148.0 depth=3.9186 depth2=-1.0000 track=1 sf=10 flag=ok
[T2gate] t=29.0560 tri=53 rej=0 xrej=0 init_replace=2 gate=0
[T2slv] t=29.0560 phase=1 init_cost=116.388 final_cost=114.361 iters=5 term=0 slv_ms=10.6
[T2diag] t=29.0560 P=[-0.0202 0.0222 -0.0024] V=[-0.0033 -0.0041 0.0023] |Bas|=0.195380 |Bgs|=0.0074476 Bas=[-0.131657 -0.144357 -0.000952] Bgs=[-0.0061467 -0.0027635 -0.0031700] tic0=[0.1200 0.0500 -0.0200] tic1=[0.1200 -0.0500 -0.0200] td=0.00000 track=137
[E2uls] flag=1 sh_t=29.104 new_t=29.104 dP=[0.0042 0.0086 -0.0007] |dP|=0.0096 first_dt=-1.0000
time: 29.056000, t: -0.020209 0.022217 -0.002362 q: 0.999979 0.001309 -0.006091 -0.001564 
[T2xcross] t=29.1560 id=2345 est=0.5416 svd=0.0365 rel=0.9326 track=2 sf=9
[T2xcross] t=29.1560 id=2347 est=5.0000 svd=0.0620 rel=0.9876 track=2 sf=9
[T2xcross] t=29.1560 id=2353 est=0.9243 svd=0.0365 rel=0.9605 track=2 sf=9
[T2xcross] t=29.1560 id=2358 est=1.1615 svd=0.0515 rel=0.9557 track=2 sf=9
[T2depth] t=29.1560 id=2369 src=motion2 u=251.2 v=40.7 depth=0.0772 depth2=-1.0000 track=2 sf=9 flag=ok
[T2xcross] t=29.1560 id=2374 est=5.0000 svd=0.1116 rel=0.9777 track=2 sf=9
[T2depth] t=29.1560 id=2376 src=motion2 u=272.0 v=184.0 depth=0.0451 depth2=-1.0000 track=2 sf=9 flag=ok
[T2depth] t=29.1560 id=2379 src=motion2 u=286.0 v=140.0 depth=0.1207 depth2=-1.0000 track=2 sf=9 flag=ok
[T2depth] t=29.1560 id=2390 src=stereo u=387.0 v=40.0 depth=3.7728 depth2=-1.0000 track=1 sf=10 flag=ok
[T2depth] t=29.1560 id=2393 src=stereo u=609.0 v=98.0 depth=5.0000 depth2=-1.0000 track=1 sf=10 flag=init_neg
[T2depth] t=29.1560 id=2396 src=stereo u=520.0 v=107.0 depth=3.9136 depth2=-1.0000 track=1 sf=10 flag=ok
[T2gate] t=29.1560 tri=51 rej=0 xrej=0 init_replace=1 gate=0
[T2slv] t=29.1560 phase=1 init_cost=119.182 final_cost=114.32 iters=6 term=0 slv_ms=11.0
[T2diag] t=29.1560 P=[-0.0196 0.0230 -0.0025] V=[0.0068 0.0149 -0.0014] |Bas|=0.195380 |Bgs|=0.0062803 Bas=[-0.131657 -0.144357 -0.000952] Bgs=[0.0018689 0.0041703 0.0043079] tic0=[0.1200 0.0500 -0.0200] tic1=[0.1200 -0.0500 -0.0200] td=0.00000 track=137
[E2uls] flag=1 sh_t=29.228 new_t=29.228 dP=[-0.0008 0.0004 0.0013] |dP|=0.0016 first_dt=-1.0000
time: 29.156000, t: -0.019607 0.022953 -0.002529 q: 0.999979 0.001297 -0.006127 -0.001642 
[T2depth] t=29.2560 id=2383 src=motion2 u=16.4 v=153.9 depth=0.1548 depth2=-1.0000 track=2 sf=9 flag=ok
[T2depth] t=29.2560 id=2385 src=motion2 u=169.3 v=46.8 depth=0.4858 depth2=-1.0000 track=2 sf=9 flag=ok
[T2depth] t=29.2560 id=2387 src=motion2 u=518.3 v=152.7 depth=0.2307 depth2=-1.0000 track=2 sf=9 flag=ok
[T2depth] t=29.2560 id=2392 src=motion2 u=109.0 v=4.0 depth=5.0000 depth2=-1.0000 track=2 sf=9 flag=init_neg
[T2depth] t=29.2560 id=2397 src=motion2 u=525.0 v=212.0 depth=0.2248 depth2=-1.0000 track=2 sf=9 flag=ok
[T2depth] t=29.2560 id=2398 src=stereo u=408.0 v=114.8 depth=4.2931 depth2=-1.0000 track=1 sf=10 flag=ok
[T2depth] t=29.2560 id=2406 src=stereo u=187.0 v=89.0 depth=5.0000 depth2=-1.0000 track=1 sf=10 flag=init_neg
[T2depth] t=29.2560 id=2411 src=stereo u=611.0 v=149.0 depth=37.0233 depth2=-1.0000 track=1 sf=10 flag=ok
[T2depth] t=29.2560 id=2412 src=stereo u=132.0 v=199.0 depth=44.3428 depth2=-1.0000 track=1 sf=10 flag=ok
[T2gate] t=29.2560 tri=50 rej=0 xrej=0 init_replace=2 gate=0
[T2slv] t=29.2560 phase=1 init_cost=124.886 final_cost=118.768 iters=9 term=1 slv_ms=11.3
[T2diag] t=29.2560 P=[-0.0187 0.0287 -0.0022] V=[0.0168 0.0375 0.0026] |Bas|=0.195380 |Bgs|=0.0074290 Bas=[-0.131657 -0.144357 -0.000952] Bgs=[0.0015866 -0.0066205 0.0029735] tic0=[0.1200 0.0500 -0.0200] tic1=[0.1200 -0.0500 -0.0200] td=0.00000 track=139
[E2uls] flag=1 sh_t=29.288 new_t=29.288 dP=[0.0005 -0.0032 -0.0005] |dP|=0.0033 first_dt=-1.0000
time: 29.256000, t: -0.018734 0.028694 -0.002168 q: 0.999979 0.001101 -0.006008 -0.002334 
[T2depth] t=29.3560 id=2399 src=motion2 u=211.7 v=120.8 depth=5.0000 depth2=-1.0000 track=2 sf=9 flag=init_neg
[T2depth] t=29.3560 id=2405 src=motion2 u=319.0 v=167.0 depth=0.7781 depth2=-1.0000 track=2 sf=9 flag=ok
[T2depth] t=29.3560 id=2408 src=motion2 u=413.0 v=162.0 depth=4.3263 depth2=-1.0000 track=2 sf=9 flag=ok
[T2depth] t=29.3560 id=2409 src=motion2 u=498.0 v=172.0 depth=5.0000 depth2=-1.0000 track=2 sf=9 flag=init_neg
[T2depth] t=29.3560 id=2410 src=motion2 u=552.0 v=49.0 depth=1.3672 depth2=-1.0000 track=2 sf=9 flag=ok
[T2depth] t=29.3560 id=2414 src=stereo u=360.2 v=62.5 depth=3.6821 depth2=-1.0000 track=1 sf=10 flag=ok
[T2depth] t=29.3560 id=2417 src=stereo u=377.0 v=143.0 depth=5.0000 depth2=-1.0000 track=1 sf=10 flag=init_neg
[T2gate] t=29.3560 tri=45 rej=0 xrej=0 init_replace=3 gate=0
[T2slv] t=29.3560 phase=1 init_cost=124.61 final_cost=118.682 iters=9 term=1 slv_ms=14.9
[T2diag] t=29.3560 P=[-0.0210 0.0229 -0.0023] V=[-0.0230 -0.0447 0.0006] |Bas|=0.195380 |Bgs|=0.0121178 Bas=[-0.131657 -0.144357 -0.000952] Bgs=[-0.0033005 0.0039362 -0.0109752] tic0=[0.1200 0.0500 -0.0200] tic1=[0.1200 -0.0500 -0.0200] td=0.00000 track=141
[E2uls] flag=1 sh_t=29.420 new_t=29.420 dP=[0.0098 0.0198 0.0010] |dP|=0.0221 first_dt=-1.0000
time: 29.356000, t: -0.021045 0.022900 -0.002324 q: 0.999979 0.001332 -0.006091 -0.001679 
[T2xcross] t=29.4560 id=2398 est=4.2931 svd=0.9195 rel=0.7858 track=2 sf=9
[T2depth] t=29.4560 id=2418 src=motion2 u=74.0 v=200.0 depth=5.0000 depth2=-1.0000 track=2 sf=9 flag=init_neg
[T2depth] t=29.4560 id=2420 src=motion2 u=299.0 v=204.0 depth=0.3366 depth2=-1.0000 track=2 sf=9 flag=ok
[T2depth] t=29.4560 id=2421 src=motion2 u=164.0 v=14.0 depth=0.2269 depth2=-1.0000 track=2 sf=9 flag=ok
[T2depth] t=29.4560 id=2422 src=motion2 u=500.0 v=9.0 depth=0.5731 depth2=-1.0000 track=2 sf=9 flag=ok
[T2depth] t=29.4560 id=2423 src=motion2 u=587.0 v=138.0 depth=5.0000 depth2=-1.0000 track=2 sf=9 flag=init_neg
[T2depth] t=29.4560 id=2424 src=stereo u=537.2 v=151.2 depth=5.0000 depth2=-1.0000 track=1 sf=10 flag=init_neg
[T2depth] t=29.4560 id=2425 src=stereo u=448.0 v=206.0 depth=3.8754 depth2=-1.0000 track=1 sf=10 flag=ok
[T2gate] t=29.4560 tri=47 rej=0 xrej=0 init_replace=3 gate=0
[T2slv] t=29.4560 phase=1 init_cost=117.664 final_cost=114.054 iters=9 term=1 slv_ms=12.9
[T2diag] t=29.4560 P=[-0.0204 0.0206 -0.0025] V=[0.0034 0.0076 -0.0005] |Bas|=0.195380 |Bgs|=0.0066251 Bas=[-0.131657 -0.144357 -0.000952] Bgs=[-0.0004674 0.0040003 0.0052603] tic0=[0.1200 0.0500 -0.0200] tic1=[0.1200 -0.0500 -0.0200] td=0.00000 track=139
[E2uls] flag=1 sh_t=29.520 new_t=29.520 dP=[-0.0048 -0.0056 0.0003] |dP|=0.0074 first_dt=-1.0000
time: 29.456000, t: -0.020416 0.020550 -0.002504 q: 0.999979 0.001383 -0.006181 -0.001370 
[T2xcross] t=29.5560 id=2383 est=0.1548 svd=0.3852 rel=0.5983 track=2 sf=9
[T2xcross] t=29.5560 id=2409 est=5.0000 svd=0.1655 rel=0.9669 track=2 sf=9
[T2depth] t=29.5560 id=2427 src=motion2 u=483.3 v=75.4 depth=5.0000 depth2=-1.0000 track=2 sf=9 flag=init_neg
[T2depth] t=29.5560 id=2429 src=motion2 u=56.9 v=156.2 depth=0.1034 depth2=-1.0000 track=2 sf=9 flag=ok
[T2depth] t=29.5560 id=2431 src=motion2 u=143.0 v=185.0 depth=0.2420 depth2=-1.0000 track=2 sf=9 flag=ok
[T2depth] t=29.5560 id=2432 src=motion2 u=265.0 v=119.0 depth=0.0165 depth2=-1.0000 track=2 sf=9 flag=ok
[T2depth] t=29.5560 id=2434 src=motion2 u=620.0 v=32.0 depth=5.0000 depth2=-1.0000 track=2 sf=9 flag=init_neg
[T2depth] t=29.5560 id=2437 src=motion2 u=230.0 v=41.0 depth=5.0000 depth2=-1.0000 track=2 sf=9 flag=init_neg
[T2depth] t=29.5560 id=2444 src=stereo u=401.2 v=190.6 depth=4.1080 depth2=-1.0000 track=1 sf=10 flag=ok
[T2depth] t=29.5560 id=2445 src=stereo u=338.0 v=104.0 depth=5.0000 depth2=-1.0000 track=1 sf=10 flag=init_neg
[T2gate] t=29.5560 tri=48 rej=0 xrej=0 init_replace=4 gate=0
[T2slv] t=29.5560 phase=1 init_cost=116.277 final_cost=114.11 iters=9 term=1 slv_ms=12.2
[T2diag] t=29.5560 P=[-0.0200 0.0213 -0.0026] V=[0.0051 0.0118 0.0003] |Bas|=0.195380 |Bgs|=0.0032920 Bas=[-0.131657 -0.144357 -0.000952] Bgs=[-0.0021171 -0.0021246 0.0013568] tic0=[0.1200 0.0500 -0.0200] tic1=[0.1200 -0.0500 -0.0200] td=0.00000 track=140
[E2uls] flag=1 sh_t=29.596 new_t=29.596 dP=[0.0003 0.0020 0.0001] |dP|=0.0020 first_dt=-1.0000
time: 29.556000, t: -0.020002 0.021312 -0.002578 q: 0.999979 0.001351 -0.006222 -0.001459 
[T2xcross] t=29.6600 id=2423 est=5.0000 svd=0.5584 rel=0.8883 track=2 sf=9
[T2depth] t=29.6600 id=2440 src=motion2 u=86.3 v=170.3 depth=0.1204 depth2=-1.0000 track=2 sf=9 flag=ok
[T2depth] t=29.6600 id=2442 src=motion2 u=516.6 v=78.3 depth=0.3184 depth2=-1.0000 track=2 sf=9 flag=ok
[T2depth] t=29.6600 id=2443 src=motion2 u=611.4 v=94.0 depth=1.4035 depth2=-1.0000 track=2 sf=9 flag=ok
[T2depth] t=29.6600 id=2447 src=motion2 u=372.0 v=58.0 depth=5.4464 depth2=-1.0000 track=2 sf=9 flag=ok
[T2depth] t=29.6600 id=2449 src=stereo u=496.8 v=20.8 depth=3.5678 depth2=-1.0000 track=1 sf=10 flag=ok
[T2depth] t=29.6600 id=2451 src=stereo u=263.1 v=46.6 depth=45.9235 depth2=-1.0000 track=1 sf=10 flag=ok
[T2depth] t=29.6600 id=2454 src=stereo u=480.3 v=115.3 depth=4.1877 depth2=-1.0000 track=1 sf=10 flag=ok
[T2depth] t=29.6600 id=2456 src=stereo u=373.0 v=205.0 depth=3.8849 depth2=-1.0000 track=1 sf=10 flag=ok
[T2depth] t=29.6600 id=2459 src=stereo u=533.0 v=133.0 depth=5.0000 depth2=-1.0000 track=1 sf=10 flag=init_neg
[T2gate] t=29.6600 tri=48 rej=0 xrej=0 init_replace=1 gate=0
[T2slv] t=29.6600 phase=1 init_cost=116.718 final_cost=114.192 iters=5 term=0 slv_ms=10.3
[T2diag] t=29.6600 P=[-0.0200 0.0215 -0.0026] V=[0.0013 0.0042 0.0022] |Bas|=0.195380 |Bgs|=0.0053752 Bas=[-0.131657 -0.144357 -0.000952] Bgs=[0.0038794 0.0037062 0.0003272] tic0=[0.1200 0.0500 -0.0200] tic1=[0.1200 -0.0500 -0.0200] td=0.00000 track=139
[E2uls] flag=1 sh_t=29.720 new_t=29.720 dP=[0.0018 0.0043 0.0007] |dP|=0.0047 first_dt=-1.0000
time: 29.660000, t: -0.019993 0.021540 -0.002627 q: 0.999978 0.001342 -0.006259 -0.001489 
[T2xcross] t=29.7920 id=2454 est=4.1877 svd=0.3004 rel=0.9283 track=2 sf=9
[T2depth] t=29.7920 id=2455 src=motion2 u=566.0 v=70.0 depth=0.3316 depth2=-1.0000 track=2 sf=9 flag=ok
[T2xcross] t=29.7920 id=2456 est=3.8849 svd=0.1030 rel=0.9735 track=2 sf=9
[T2depth] t=29.7920 id=2457 src=motion2 u=296.0 v=123.0 depth=5.0000 depth2=-1.0000 track=2 sf=9 flag=init_neg
[T2depth] t=29.7920 id=2467 src=stereo u=296.6 v=164.9 depth=5.0000 depth2=-1.0000 track=1 sf=10 flag=init_neg
[T2depth] t=29.7920 id=2468 src=stereo u=409.0 v=22.4 depth=3.7015 depth2=-1.0000 track=1 sf=10 flag=ok
[T2depth] t=29.7920 id=2475 src=stereo u=421.0 v=166.0 depth=4.1372 depth2=-1.0000 track=1 sf=10 flag=ok
[T2depth] t=29.7920 id=2477 src=stereo u=382.0 v=78.0 depth=4.0441 depth2=-1.0000 track=1 sf=10 flag=ok
[T2gate] t=29.7920 tri=49 rej=0 xrej=0 init_replace=2 gate=0
[T2slv] t=29.7920 phase=1 init_cost=115.328 final_cost=114.404 iters=5 term=0 slv_ms=12.5
[T2diag] t=29.7920 P=[-0.0190 0.0241 -0.0025] V=[0.0125 0.0218 -0.0004] |Bas|=0.195380 |Bgs|=0.0036882 Bas=[-0.131657 -0.144357 -0.000952] Bgs=[0.0022841 0.0011138 0.0026732] tic0=[0.1200 0.0500 -0.0200] tic1=[0.1200 -0.0500 -0.0200] td=0.00000 track=136
[E2uls] flag=1 sh_t=29.848 new_t=29.848 dP=[-0.0002 0.0000 -0.0001] |dP|=0.0003 first_dt=-1.0000
time: 29.792000, t: -0.018956 0.024076 -0.002538 q: 0.999978 0.001237 -0.006223 -0.001787 
[T2depth] t=29.8920 id=2461 src=motion2 u=198.5 v=124.1 depth=5.0000 depth2=-1.0000 track=2 sf=9 flag=init_neg
[T2xcross] t=29.8920 id=2467 est=5.0000 svd=0.2697 rel=0.9461 track=2 sf=9
[T2depth] t=29.8920 id=2469 src=motion2 u=516.0 v=98.0 depth=5.0000 depth2=-1.0000 track=2 sf=9 flag=init_neg
[T2depth] t=29.8920 id=2471 src=motion2 u=245.0 v=87.0 depth=5.0000 depth2=-1.0000 track=2 sf=9 flag=init_neg
[T2xcross] t=29.8920 id=2475 est=4.1372 svd=1.1363 rel=0.7253 track=2 sf=9
[T2depth] t=29.8920 id=2476 src=motion2 u=130.0 v=22.0 depth=5.0000 depth2=-1.0000 track=2 sf=9 flag=init_neg
[T2depth] t=29.8920 id=2478 src=stereo u=363.0 v=47.3 depth=4.2921 depth2=-1.0000 track=1 sf=10 flag=ok
[T2depth] t=29.8920 id=2480 src=stereo u=199.8 v=87.7 depth=19.2052 depth2=-1.0000 track=1 sf=10 flag=ok
[T2depth] t=29.8920 id=2483 src=stereo u=60.5 v=215.7 depth=8.0308 depth2=-1.0000 track=1 sf=10 flag=ok
[T2depth] t=29.8920 id=2484 src=stereo u=572.6 v=24.2 depth=5.0000 depth2=-1.0000 track=1 sf=10 flag=init_neg
[T2depth] t=29.8920 id=2485 src=stereo u=392.9 v=103.7 depth=4.3217 depth2=-1.0000 track=1 sf=10 flag=ok
[T2depth] t=29.8920 id=2486 src=stereo u=153.0 v=220.0 depth=10.1521 depth2=-1.0000 track=1 sf=10 flag=ok
[T2depth] t=29.8920 id=2489 src=stereo u=489.0 v=168.0 depth=4.1644 depth2=-1.0000 track=1 sf=10 flag=ok
[T2gate] t=29.8920 tri=51 rej=0 xrej=0 init_replace=5 gate=0
[T2slv] t=29.8920 phase=1 init_cost=115.835 final_cost=114.633 iters=9 term=1 slv_ms=16.0
[T2diag] t=29.8920 P=[-0.0189 0.0252 -0.0024] V=[0.0024 0.0096 -0.0005] |Bas|=0.195380 |Bgs|=0.0019645 Bas=[-0.131657 -0.144357 -0.000952] Bgs=[0.0003018 -0.0019109 0.0003415] tic0=[0.1200 0.0500 -0.0200] tic1=[0.1200 -0.0500 -0.0200] td=0.00000 track=138
[E2uls] flag=1 sh_t=29.940 new_t=29.940 dP=[0.0023 0.0045 -0.0005] |dP|=0.0051 first_dt=-1.0000
time: 29.892000, t: -0.018934 0.025214 -0.002422 q: 0.999978 0.001221 -0.006152 -0.001946 
[T2depth] t=29.9960 id=2482 src=motion2 u=229.2 v=161.6 depth=5.0000 depth2=-1.0000 track=2 sf=9 flag=init_neg
[T2xcross] t=29.9960 id=2483 est=8.0308 svd=0.0364 rel=0.9955 track=2 sf=9
[T2xcross] t=29.9960 id=2486 est=10.1521 svd=0.1401 rel=0.9862 track=2 sf=9
[T2depth] t=29.9960 id=2487 src=motion2 u=152.0 v=174.0 depth=0.3009 depth2=-1.0000 track=2 sf=9 flag=ok
[T2depth] t=29.9960 id=2488 src=motion2 u=605.0 v=219.0 depth=5.0000 depth2=-1.0000 track=2 sf=9 flag=init_neg
[T2depth] t=29.9960 id=2498 src=stereo u=593.5 v=93.2 depth=5.0000 depth2=-1.0000 track=1 sf=10 flag=init_neg
[T2depth] t=29.9960 id=2500 src=stereo u=398.9 v=35.3 depth=3.8464 depth2=-1.0000 track=1 sf=10 flag=ok
[T2depth] t=29.9960 id=2502 src=stereo u=518.0 v=58.0 depth=4.6042 depth2=-1.0000 track=1 sf=10 flag=ok
[T2depth] t=29.9960 id=2503 src=stereo u=316.0 v=154.0 depth=5.0000 depth2=-1.0000 track=1 sf=10 flag=init_neg
[T2gate] t=29.9960 tri=47 rej=0 xrej=0 init_replace=4 gate=0
[T2slv] t=29.9960 phase=1 init_cost=120.34 final_cost=114.651 iters=8 term=0 slv_ms=16.9
[T2diag] t=29.9960 P=[-0.0191 0.0251 -0.0024] V=[-0.0005 0.0053 -0.0024] |Bas|=0.195380 |Bgs|=0.0063200 Bas=[-0.131657 -0.144357 -0.000952] Bgs=[-0.0005708 0.0058423 0.0023420] tic0=[0.1200 0.0500 -0.0200] tic1=[0.1200 -0.0500 -0.0200] td=0.00000 track=137
[E2uls] flag=1 sh_t=30.040 new_t=30.040 dP=[0.0012 0.0040 -0.0005] |dP|=0.0042 first_dt=-1.0000
time: 29.996000, t: -0.019115 0.025112 -0.002400 q: 0.999979 0.001244 -0.006120 -0.001942 
[T2xcross] t=30.0920 id=2469 est=5.0000 svd=0.3438 rel=0.9312 track=2 sf=9
[T2xcross] t=30.0920 id=2482 est=5.0000 svd=0.6541 rel=0.8692 track=2 sf=9
[T2depth] t=30.0920 id=2492 src=motion2 u=155.2 v=107.4 depth=0.2361 depth2=-1.0000 track=2 sf=9 flag=ok
[T2xcross] t=30.0920 id=2498 est=5.0000 svd=0.1833 rel=0.9633 track=2 sf=9
[T2depth] t=30.0920 id=2501 src=motion2 u=51.8 v=244.0 depth=1.6585 depth2=-1.0000 track=2 sf=9 flag=ok
[T2xcross] t=30.0920 id=2502 est=4.6042 svd=0.1516 rel=0.9671 track=2 sf=9
[T2depth] t=30.0920 id=2504 src=motion2 u=280.0 v=202.0 depth=0.4034 depth2=-1.0000 track=2 sf=9 flag=ok
[T2depth] t=30.0920 id=2514 src=stereo u=126.0 v=203.0 depth=12.2619 depth2=-1.0000 track=1 sf=10 flag=ok
[T2depth] t=30.0920 id=2515 src=stereo u=409.0 v=66.0 depth=4.0631 depth2=-1.0000 track=1 sf=10 flag=ok
[T2depth] t=30.0920 id=2518 src=stereo u=56.0 v=156.0 depth=34.2484 depth2=-1.0000 track=1 sf=10 flag=ok
[T2gate] t=30.0920 tri=50 rej=0 xrej=0 init_replace=0 gate=0
[T2slv] t=30.0920 phase=1 init_cost=116.296 final_cost=114.623 iters=8 term=0 slv_ms=14.0
[T2diag] t=30.0920 P=[-0.0189 0.0253 -0.0025] V=[0.0039 0.0077 -0.0023] |Bas|=0.195380 |Bgs|=0.0019325 Bas=[-0.131657 -0.144357 -0.000952] Bgs=[0.0019175 -0.0000821 -0.0002258] tic0=[0.1200 0.0500 -0.0200] tic1=[0.1200 -0.0500 -0.0200] td=0.00000 track=138
[E2uls] flag=1 sh_t=30.152 new_t=30.152 dP=[0.0009 0.0035 -0.0007] |dP|=0.0037 first_dt=-1.0000
time: 30.092000, t: -0.018949 0.025297 -0.002464 q: 0.999979 0.001252 -0.006109 -0.001961 
[T2xcross] t=30.1920 id=2500 est=3.8464 svd=0.2979 rel=0.9226 track=2 sf=9
[T2depth] t=30.1920 id=2510 src=motion2 u=19.1 v=39.7 depth=0.1732 depth2=-1.0000 track=2 sf=9 flag=ok
[T2depth] t=30.1920 id=2512 src=motion2 u=191.5 v=95.8 depth=5.0000 depth2=-1.0000 track=2 sf=9 flag=init_neg
[T2depth] t=30.1920 id=2513 src=motion2 u=376.0 v=93.0 depth=0.9917 depth2=-1.0000 track=2 sf=9 flag=ok
[T2depth] t=30.1920 id=2516 src=motion2 u=88.0 v=132.0 depth=0.1245 depth2=-1.0000 track=2 sf=9 flag=ok
[T2xcross] t=30.1920 id=2518 est=34.2484 svd=0.0948 rel=0.9972 track=2 sf=9
[T2depth] t=30.1920 id=2525 src=stereo u=300.0 v=97.0 depth=5.0000 depth2=-1.0000 track=1 sf=10 flag=init_neg
[T2depth] t=30.1920 id=2530 src=stereo u=384.0 v=195.0 depth=4.0012 depth2=-1.0000 track=1 sf=10 flag=ok
[T2gate] t=30.1920 tri=46 rej=0 xrej=0 init_replace=2 gate=0
[T2slv] t=30.1920 phase=1 init_cost=115.66 final_cost=114.779 iters=7 term=0 slv_ms=14.3
[T2diag] t=30.1920 P=[-0.0182 0.0271 -0.0024] V=[0.0106 0.0179 -0.0019] |Bas|=0.195380 |Bgs|=0.0030894 Bas=[-0.131657 -0.144357 -0.000952] Bgs=[-0.0003951 -0.0010357 0.0028837] tic0=[0.1200 0.0500 -0.0200] tic1=[0.1200 -0.0500 -0.0200] td=0.00000 track=142
[E2uls] flag=1 sh_t=30.232 new_t=30.232 dP=[0.0005 0.0005 -0.0006] |dP|=0.0009 first_dt=-1.0000
time: 30.192000, t: -0.018245 0.027085 -0.002376 q: 0.999979 0.001188 -0.006049 -0.002183 
[T2xcross] t=30.2920 id=2513 est=0.9917 svd=0.0688 rel=0.9307 track=2 sf=9
[T2depth] t=30.2920 id=2522 src=motion2 u=340.2 v=222.8 depth=0.2455 depth2=-1.0000 track=2 sf=9 flag=ok
[T2depth] t=30.2920 id=2527 src=motion2 u=547.0 v=151.0 depth=2.6454 depth2=-1.0000 track=2 sf=9 flag=ok
[T2depth] t=30.2920 id=2528 src=motion2 u=202.0 v=207.0 depth=5.0000 depth2=-1.0000 track=2 sf=9 flag=init_neg
[T2depth] t=30.2920 id=2544 src=stereo u=524.0 v=181.0 depth=4.0862 depth2=-1.0000 track=1 sf=10 flag=ok
[T2gate] t=30.2920 tri=47 rej=0 xrej=0 init_replace=1 gate=0
[T2slv] t=30.2920 phase=1 init_cost=115.861 final_cost=114.773 iters=7 term=0 slv_ms=25.3
[T2diag] t=30.2920 P=[-0.0189 0.0260 -0.0024] V=[-0.0032 -0.0068 0.0015] |Bas|=0.195380 |Bgs|=0.0031674 Bas=[-0.131657 -0.144357 -0.000952] Bgs=[-0.0029477 0.0008406 -0.0007980] tic0=[0.1200 0.0500 -0.0200] tic1=[0.1200 -0.0500 -0.0200] td=0.00000 track=138
[E2uls] flag=1 sh_t=30.344 new_t=30.344 dP=[0.0042 0.0066 0.0003] |dP|=0.0078 first_dt=-1.0000
time: 30.292000, t: -0.018913 0.026001 -0.002436 q: 0.999979 0.001247 -0.006052 -0.002070 
[T2depth] t=30.3920 id=2534 src=motion2 u=280.3 v=196.6 depth=5.0000 depth2=-1.0000 track=2 sf=9 flag=init_neg
[T2depth] t=30.3920 id=2535 src=motion2 u=67.3 v=104.8 depth=0.0161 depth2=-1.0000 track=2 sf=9 flag=ok
[T2depth] t=30.3920 id=2538 src=motion2 u=105.0 v=186.0 depth=0.0312 depth2=-1.0000 track=2 sf=9 flag=ok
[T2depth] t=30.3920 id=2539 src=motion2 u=448.0 v=111.0 depth=5.0000 depth2=-1.0000 track=2 sf=9 flag=init_neg
[T2depth] t=30.3920 id=2541 src=motion2 u=28.0 v=82.0 depth=0.1786 depth2=-1.0000 track=2 sf=9 flag=ok
[T2depth] t=30.3920 id=2543 src=motion2 u=554.0 v=81.0 depth=0.0085 depth2=-1.0000 track=2 sf=9 flag=ok
[T2depth] t=30.3920 id=2549 src=stereo u=222.8 v=85.9 depth=5.0000 depth2=-1.0000 track=1 sf=10 flag=init_neg
[T2depth] t=30.3920 id=2552 src=stereo u=305.7 v=87.7 depth=5.0000 depth2=-1.0000 track=1 sf=10 flag=init_neg
[T2depth] t=30.3920 id=2556 src=stereo u=389.0 v=78.0 depth=3.7156 depth2=-1.0000 track=1 sf=10 flag=ok
[T2depth] t=30.3920 id=2557 src=stereo u=63.0 v=29.0 depth=5.0000 depth2=-1.0000 track=1 sf=10 flag=init_neg
[T2depth] t=30.3920 id=2558 src=stereo u=154.0 v=11.0 depth=38.4784 depth2=-1.0000 track=1 sf=10 flag=ok
[T2gate] t=30.3920 tri=53 rej=0 xrej=0 init_replace=5 gate=0
[T2slv] t=30.3920 phase=1 init_cost=116.564 final_cost=114.488 iters=5 term=0 slv_ms=7.0
[T2diag] t=30.3920 P=[-0.0200 0.0222 -0.0025] V=[-0.0143 -0.0168 0.0011] |Bas|=0.195380 |Bgs|=0.0064277 Bas=[-0.131657 -0.144357 -0.000952] Bgs=[-0.0059100 0.0025196 -0.0001979] tic0=[0.1200 0.0500 -0.0200] tic1=[0.1200 -0.0500 -0.0200] td=0.00000 track=137
[E2uls] flag=1 sh_t=30.444 new_t=30.444 dP=[0.0016 0.0059 0.0005] |dP|=0.0061 first_dt=-1.0000
time: 30.392000, t: -0.019966 0.022222 -0.002546 q: 0.999979 0.001402 -0.006119 -0.001601 
[T2xcross] t=30.4920 id=2544 est=4.0862 svd=0.0659 rel=0.9839 track=2 sf=9
[T2depth] t=30.4920 id=2546 src=motion2 u=22.9 v=182.4 depth=0.0998 depth2=-1.0000 track=2 sf=9 flag=ok
[T2depth] t=30.4920 id=2547 src=motion2 u=212.8 v=130.6 depth=0.1385 depth2=-1.0000 track=2 sf=9 flag=ok
[T2depth] t=30.4920 id=2551 src=motion2 u=373.0 v=214.7 depth=5.0000 depth2=-1.0000 track=2 sf=9 flag=init_neg
[T2xcross] t=30.4920 id=2552 est=5.0000 svd=0.1331 rel=0.9734 track=2 sf=9
[T2depth] t=30.4920 id=2554 src=motion2 u=268.5 v=102.7 depth=5.0000 depth2=-1.0000 track=2 sf=9 flag=init_neg
[T2xcross] t=30.4920 id=2557 est=5.0000 svd=0.0190 rel=0.9962 track=2 sf=9
[T2depth] t=30.4920 id=2559 src=motion2 u=611.0 v=50.0 depth=5.0000 depth2=-1.0000 track=2 sf=9 flag=init_neg
[T2depth] t=30.4920 id=2563 src=stereo u=446.0 v=71.6 depth=3.8967 depth2=-1.0000 track=1 sf=10 flag=ok
[T2depth] t=30.4920 id=2565 src=stereo u=383.8 v=17.0 depth=3.6746 depth2=-1.0000 track=1 sf=10 flag=ok
[T2depth] t=30.4920 id=2570 src=stereo u=294.0 v=30.0 depth=27.4485 depth2=-1.0000 track=1 sf=10 flag=ok
[T2gate] t=30.4920 tri=47 rej=0 xrej=0 init_replace=3 gate=0
[T2slv] t=30.4920 phase=1 init_cost=115.168 final_cost=114.126 iters=5 term=0 slv_ms=12.9
[T2diag] t=30.4920 P=[-0.0206 0.0195 -0.0027] V=[-0.0054 -0.0057 -0.0008] |Bas|=0.195380 |Bgs|=0.0017296 Bas=[-0.131657 -0.144357 -0.000952] Bgs=[-0.0000324 0.0016906 -0.0003641] tic0=[0.1200 0.0500 -0.0200] tic1=[0.1200 -0.0500 -0.0200] td=0.00000 track=140
[E2uls] flag=1 sh_t=30.528 new_t=30.528 dP=[-0.0007 0.0021 0.0003] |dP|=0.0022 first_dt=-1.0000
time: 30.492000, t: -0.020624 0.019489 -0.002733 q: 0.999979 0.001518 -0.006226 -0.001280 
[T2xcross] t=30.5920 id=2539 est=5.0000 svd=1.8097 rel=0.6381 track=2 sf=9
[T2depth] t=30.5920 id=2562 src=motion2 u=288.3 v=127.0 depth=5.0000 depth2=-1.0000 track=2 sf=9 flag=init_neg
[T2depth] t=30.5920 id=2564 src=motion2 u=262.1 v=60.0 depth=0.0696 depth2=-1.0000 track=2 sf=9 flag=ok
[T2xcross] t=30.5920 id=2565 est=3.6746 svd=0.0153 rel=0.9958 track=2 sf=9
[T2depth] t=30.5920 id=2568 src=motion2 u=384.4 v=118.3 depth=0.0276 depth2=-1.0000 track=2 sf=9 flag=ok
[T2depth] t=30.5920 id=2569 src=motion2 u=171.1 v=144.7 depth=5.0000 depth2=-1.0000 track=2 sf=9 flag=init_neg
[T2xcross] t=30.5920 id=2570 est=27.4485 svd=0.0110 rel=0.9996 track=2 sf=9
[T2depth] t=30.5920 id=2572 src=motion2 u=74.0 v=207.0 depth=5.0000 depth2=-1.0000 track=2 sf=9 flag=init_neg
[T2depth] t=30.5920 id=2573 src=motion2 u=464.0 v=196.0 depth=5.0000 depth2=-1.0000 track=2 sf=9 flag=init_neg
[T2depth] t=30.5920 id=2582 src=stereo u=401.0 v=161.0 depth=3.7832 depth2=-1.0000 track=1 sf=10 flag=ok
[T2depth] t=30.5920 id=2583 src=stereo u=400.0 v=47.0 depth=4.0818 depth2=-1.0000 track=1 sf=10 flag=ok
[T2gate] t=30.5920 tri=44 rej=0 xrej=0 init_replace=4 gate=0
[T2slv] t=30.5920 phase=1 init_cost=114.806 final_cost=114.015 iters=9 term=1 slv_ms=10.7
[T2diag] t=30.5920 P=[-0.0203 0.0194 -0.0028] V=[0.0038 0.0055 -0.0005] |Bas|=0.195380 |Bgs|=0.0030319 Bas=[-0.131657 -0.144357 -0.000952] Bgs=[0.0022431 -0.0012597 0.0016043] tic0=[0.1200 0.0500 -0.0200] tic1=[0.1200 -0.0500 -0.0200] td=0.00000 track=142
[E2uls] flag=1 sh_t=30.628 new_t=30.628 dP=[-0.0008 0.0002 -0.0005] |dP|=0.0009 first_dt=-1.0000
time: 30.592000, t: -0.020302 0.019384 -0.002826 q: 0.999978 0.001504 -0.006307 -0.001252 
[T2xcross] t=30.6920 id=2541 est=0.1786 svd=0.0530 rel=0.7032 track=2 sf=9
[T2xcross] t=30.6920 id=2573 est=5.0000 svd=0.1956 rel=0.9609 track=2 sf=9
[T2depth] t=30.6920 id=2580 src=motion2 u=256.0 v=161.0 depth=5.0000 depth2=-1.0000 track=2 sf=9 flag=init_neg
[T2depth] t=30.6920 id=2584 src=motion2 u=21.0 v=151.0 depth=0.1049 depth2=-1.0000 track=2 sf=9 flag=ok
[T2depth] t=30.6920 id=2588 src=stereo u=410.5 v=194.5 depth=3.6139 depth2=-1.0000 track=1 sf=10 flag=ok
[T2depth] t=30.6920 id=2591 src=stereo u=364.0 v=13.0 depth=4.1702 depth2=-1.0000 track=1 sf=10 flag=ok
[T2gate] t=30.6920 tri=48 rej=0 xrej=0 init_replace=1 gate=0
[T2slv] t=30.6920 phase=1 init_cost=119.301 final_cost=116.615 iters=9 term=1 slv_ms=18.1
[T2diag] t=30.6920 P=[-0.0175 0.0289 -0.0022] V=[0.0366 0.0697 0.0042] |Bas|=0.195380 |Bgs|=0.0136793 Bas=[-0.131657 -0.144357 -0.000952] Bgs=[0.0040742 0.0007562 0.0130366] tic0=[0.1200 0.0500 -0.0200] tic1=[0.1200 -0.0500 -0.0200] td=0.00000 track=137
[E2uls] flag=1 sh_t=30.732 new_t=30.732 dP=[-0.0027 -0.0098 -0.0008] |dP|=0.0102 first_dt=-1.0000
time: 30.692000, t: -0.017486 0.028932 -0.002241 q: 0.999978 0.001099 -0.006131 -0.002356 
[T2xcross] t=30.7920 id=2535 est=0.0161 svd=1.1308 rel=0.9857 track=2 sf=9
[T2depth] t=30.7920 id=2587 src=motion2 u=225.4 v=65.2 depth=5.0000 depth2=-1.0000 track=2 sf=9 flag=init_neg
[T2depth] t=30.7920 id=2592 src=motion2 u=102.0 v=41.0 depth=0.7485 depth2=-1.0000 track=2 sf=9 flag=ok
[T2depth] t=30.7920 id=2595 src=motion2 u=108.0 v=105.0 depth=2.6536 depth2=-1.0000 track=2 sf=9 flag=ok
[T2depth] t=30.7920 id=2596 src=motion2 u=528.0 v=122.0 depth=2.3544 depth2=-1.0000 track=2 sf=9 flag=ok
[T2depth] t=30.7920 id=2599 src=stereo u=249.8 v=9.8 depth=5.0000 depth2=-1.0000 track=1 sf=10 flag=init_neg
[T2depth] t=30.7920 id=2610 src=stereo u=65.0 v=15.0 depth=22.4185 depth2=-1.0000 track=1 sf=10 flag=ok
[T2depth] t=30.7920 id=2611 src=stereo u=485.0 v=185.0 depth=4.1169 depth2=-1.0000 track=1 sf=10 flag=ok
[T2depth] t=30.7920 id=2614 src=stereo u=50.0 v=176.0 depth=42.6153 depth2=-1.0000 track=1 sf=10 flag=ok
[T2depth] t=30.7920 id=2615 src=stereo u=444.0 v=191.0 depth=3.8949 depth2=-1.0000 track=1 sf=10 flag=ok
[T2gate] t=30.7920 tri=53 rej=0 xrej=0 init_replace=2 gate=0
[T2slv] t=30.7920 phase=1 init_cost=120.505 final_cost=116.701 iters=9 term=1 slv_ms=13.4
[T2diag] t=30.7920 P=[-0.0200 0.0246 -0.0024] V=[-0.0221 -0.0426 -0.0027] |Bas|=0.195380 |Bgs|=0.0139556 Bas=[-0.131657 -0.144357 -0.000952] Bgs=[-0.0065530 0.0049089 -0.0113013] tic0=[0.1200 0.0500 -0.0200] tic1=[0.1200 -0.0500 -0.0200] td=0.00000 track=137
[E2uls] flag=1 sh_t=30.844 new_t=30.844 dP=[0.0117 0.0235 0.0014] |dP|=0.0263 first_dt=-1.0000
time: 30.792000, t: -0.019974 0.024642 -0.002442 q: 0.999978 0.001316 -0.006160 -0.001915 
[T2depth] t=30.8920 id=2600 src=motion2 u=600.4 v=32.0 depth=161.8975 depth2=-1.0000 track=2 sf=9 flag=ok
[T2depth] t=30.8920 id=2601 src=motion2 u=127.1 v=162.9 depth=0.8704 depth2=-1.0000 track=2 sf=9 flag=ok
[T2depth] t=30.8920 id=2608 src=motion2 u=292.6 v=165.7 depth=0.7067 depth2=-1.0000 track=2 sf=9 flag=ok
[T2xcross] t=30.8920 id=2611 est=4.1169 svd=0.5123 rel=0.8756 track=2 sf=9
[T2depth] t=30.8920 id=2612 src=motion2 u=122.0 v=15.0 depth=5.0000 depth2=-1.0000 track=2 sf=9 flag=init_neg
[T2depth] t=30.8920 id=2613 src=motion2 u=371.0 v=145.0 depth=2.7869 depth2=-1.0000 track=2 sf=9 flag=ok
[T2depth] t=30.8920 id=2621 src=stereo u=167.9 v=139.8 depth=42.5973 depth2=-1.0000 track=1 sf=10 flag=ok
[T2depth] t=30.8920 id=2623 src=stereo u=208.5 v=29.2 depth=42.2324 depth2=-1.0000 track=1 sf=10 flag=ok
[T2depth] t=30.8920 id=2624 src=stereo u=528.8 v=213.2 depth=3.7666 depth2=-1.0000 track=1 sf=10 flag=ok
[T2gate] t=30.8920 tri=48 rej=0 xrej=0 init_replace=1 gate=0
[T2slv] t=30.8920 phase=1 init_cost=120.287 final_cost=117.83 iters=9 term=1 slv_ms=20.7
[T2diag] t=30.8920 P=[-0.0174 0.0299 -0.0025] V=[0.0280 0.0577 0.0002] |Bas|=0.195380 |Bgs|=0.0119588 Bas=[-0.131657 -0.144357 -0.000952] Bgs=[0.0055939 0.0000360 0.0105698] tic0=[0.1200 0.0500 -0.0200] tic1=[0.1200 -0.0500 -0.0200] td=0.00000 track=139
[E2uls] flag=1 sh_t=30.944 new_t=30.944 dP=[-0.0079 -0.0145 -0.0003] |dP|=0.0165 first_dt=-1.0000
time: 30.892000, t: -0.017405 0.029854 -0.002500 q: 0.999978 0.001132 -0.006059 -0.002494 
[T2xcross] t=31.0240 id=2601 est=0.8704 svd=0.7832 rel=0.1002 track=2 sf=9
[T2depth] t=31.0240 id=2618 src=motion2 u=343.8 v=84.4 depth=1.5808 depth2=-1.0000 track=2 sf=9 flag=ok
[T2depth] t=31.0240 id=2619 src=motion2 u=526.5 v=28.7 depth=5.0000 depth2=-1.0000 track=2 sf=9 flag=init_neg
[T2depth] t=31.0240 id=2620 src=motion2 u=180.3 v=7.9 depth=1.1487 depth2=-1.0000 track=2 sf=9 flag=ok
[T2xcross] t=31.0240 id=2621 est=42.5973 svd=1.0986 rel=0.9742 track=2 sf=9
[T2depth] t=31.0240 id=2622 src=motion2 u=152.5 v=84.8 depth=1.5738 depth2=-1.0000 track=2 sf=9 flag=ok
[T2xcross] t=31.0240 id=2623 est=42.2324 svd=3.8150 rel=0.9097 track=2 sf=9
[T2depth] t=31.0240 id=2630 src=stereo u=88.9 v=197.3 depth=5.0000 depth2=-1.0000 track=1 sf=10 flag=init_neg
[T2depth] t=31.0240 id=2632 src=stereo u=381.7 v=145.0 depth=4.0388 depth2=-1.0000 track=1 sf=10 flag=ok
[T2depth] t=31.0240 id=2633 src=stereo u=406.1 v=188.6 depth=4.3931 depth2=-1.0000 track=1 sf=10 flag=ok
[T2depth] t=31.0240 id=2638 src=stereo u=283.0 v=122.0 depth=39.2452 depth2=-1.0000 track=1 sf=10 flag=ok
[T2depth] t=31.0240 id=2641 src=stereo u=263.0 v=91.0 depth=5.0000 depth2=-1.0000 track=1 sf=10 flag=init_neg
[T2gate] t=31.0240 tri=52 rej=0 xrej=0 init_replace=3 gate=0
[T2slv] t=31.0240 phase=1 init_cost=120.986 final_cost=117.866 iters=8 term=0 slv_ms=22.5
[T2diag] t=31.0240 P=[-0.0193 0.0269 -0.0025] V=[-0.0125 -0.0203 -0.0013] |Bas|=0.195380 |Bgs|=0.0089929 Bas=[-0.131657 -0.144356 -0.000952] Bgs=[-0.0045809 0.0010649 -0.0076651] tic0=[0.1200 0.0500 -0.0200] tic1=[0.1200 -0.0500 -0.0200] td=0.00000 track=135
[E2uls] flag=1 sh_t=31.072 new_t=31.072 dP=[0.0092 0.0196 0.0000] |dP|=0.0216 first_dt=-1.0000
time: 31.024000, t: -0.019264 0.026862 -0.002488 q: 0.999978 0.001277 -0.006073 -0.002189 
[T2xcross] t=31.1560 id=2612 est=5.0000 svd=0.4850 rel=0.9030 track=2 sf=9
[T2xcross] t=31.1560 id=2620 est=1.1487 svd=0.5385 rel=0.5312 track=2 sf=9
[T2depth] t=31.1560 id=2631 src=motion2 u=58.4 v=245.0 depth=1.9782 depth2=-1.0000 track=2 sf=9 flag=ok
[T2xcross] t=31.1560 id=2632 est=4.0388 svd=4.7085 rel=0.1422 track=2 sf=9
[T2xcross] t=31.1560 id=2633 est=4.3931 svd=0.8905 rel=0.7973 track=2 sf=9
[T2depth] t=31.1560 id=2635 src=motion2 u=619.5 v=60.8 depth=5.0000 depth2=-1.0000 track=2 sf=9 flag=init_neg
[T2depth] t=31.1560 id=2636 src=motion2 u=95.0 v=130.0 depth=0.8988 depth2=-1.0000 track=2 sf=9 flag=ok
[T2depth] t=31.1560 id=2637 src=motion2 u=548.0 v=76.0 depth=0.2946 depth2=-1.0000 track=2 sf=9 flag=ok
[T2xcross] t=31.1560 id=2638 est=39.2452 svd=0.0727 rel=0.9981 track=2 sf=9
[T2depth] t=31.1560 id=2639 src=motion2 u=322.0 v=200.0 depth=0.3564 depth2=-1.0000 track=2 sf=9 flag=ok
[T2depth] t=31.1560 id=2640 src=motion2 u=43.0 v=79.0 depth=5.0000 depth2=-1.0000 track=2 sf=9 flag=init_neg
[T2xcross] t=31.1560 id=2641 est=5.0000 svd=0.1605 rel=0.9679 track=2 sf=9
[T2depth] t=31.1560 id=2642 src=motion2 u=571.0 v=53.0 depth=5.0000 depth2=-1.0000 track=2 sf=9 flag=init_neg
[T2depth] t=31.1560 id=2645 src=stereo u=523.3 v=99.8 depth=3.3593 depth2=-1.0000 track=1 sf=10 flag=ok
[T2depth] t=31.1560 id=2648 src=stereo u=499.0 v=176.0 depth=3.4868 depth2=-1.0000 track=1 sf=10 flag=ok
[T2gate] t=31.1560 tri=49 rej=0 xrej=0 init_replace=3 gate=0
[T2slv] t=31.1560 phase=1 init_cost=116.168 final_cost=114.582 iters=7 term=0 slv_ms=9.0
[T2diag] t=31.1560 P=[-0.0188 0.0244 -0.0028] V=[0.0018 0.0071 -0.0018] |Bas|=0.195380 |Bgs|=0.0033667 Bas=[-0.131657 -0.144356 -0.000952] Bgs=[0.0005042 -0.0012992 -0.0030648] tic0=[0.1200 0.0500 -0.0200] tic1=[0.1200 -0.0500 -0.0200] td=0.00000 track=140
[E2uls] flag=1 sh_t=31.192 new_t=31.192 dP=[-0.0028 -0.0003 0.0001] |dP|=0.0028 first_dt=-1.0000
time: 31.156000, t: -0.018785 0.024410 -0.002823 q: 0.999978 0.001370 -0.006140 -0.001858 
[T2xcross] t=31.2560 id=2614 est=42.6153 svd=0.0468 rel=0.9989 track=2 sf=9
[T2xcross] t=31.2560 id=2645 est=3.3593 svd=0.0314 rel=0.9907 track=2 sf=9
[T2depth] t=31.2560 id=2646 src=motion2 u=274.1 v=31.7 depth=5.0000 depth2=-1.0000 track=2 sf=9 flag=init_neg
[T2depth] t=31.2560 id=2649 src=motion2 u=401.0 v=57.0 depth=5.0000 depth2=-1.0000 track=2 sf=9 flag=init_neg
[T2depth] t=31.2560 id=2650 src=motion2 u=172.0 v=85.0 depth=5.0000 depth2=-1.0000 track=2 sf=9 flag=init_neg
[T2depth] t=31.2560 id=2652 src=motion2 u=341.0 v=178.0 depth=0.1342 depth2=-1.0000 track=2 sf=9 flag=ok
[T2depth] t=31.2560 id=2659 src=stereo u=444.0 v=75.0 depth=3.8968 depth2=-1.0000 track=1 sf=10 flag=ok
[T2depth] t=31.2560 id=2664 src=stereo u=569.0 v=193.0 depth=5.0000 depth2=-1.0000 track=1 sf=10 flag=init_neg
[T2depth] t=31.2560 id=2666 src=stereo u=524.0 v=49.0 depth=3.2875 depth2=-1.0000 track=1 sf=10 flag=ok
[T2gate] t=31.2560 tri=50 rej=0 xrej=0 init_replace=4 gate=0
[T2slv] t=31.2560 phase=1 init_cost=117.058 final_cost=114.845 iters=7 term=0 slv_ms=15.4
[T2diag] t=31.2560 P=[-0.0177 0.0274 -0.0027] V=[0.0157 0.0279 0.0008] |Bas|=0.195380 |Bgs|=0.0046961 Bas=[-0.131657 -0.144356 -0.000952] Bgs=[-0.0010535 0.0005966 0.0045373] tic0=[0.1200 0.0500 -0.0200] tic1=[0.1200 -0.0500 -0.0200] td=0.00000 track=137
[E2uls] flag=1 sh_t=31.304 new_t=31.304 dP=[-0.0003 -0.0010 -0.0003] |dP|=0.0011 first_dt=-1.0000
time: 31.256000, t: -0.017702 0.027381 -0.002723 q: 0.999978 0.001241 -0.006093 -0.002221 
[T2depth] t=31.3560 id=2654 src=motion2 u=228.5 v=192.6 depth=5.0000 depth2=-1.0000 track=2 sf=9 flag=init_neg
[T2depth] t=31.3560 id=2655 src=motion2 u=142.0 v=54.1 depth=5.0000 depth2=-1.0000 track=2 sf=9 flag=init_neg
[T2xcross] t=31.3560 id=2659 est=3.8968 svd=30.8650 rel=0.8737 track=2 sf=9
[T2depth] t=31.3560 id=2663 src=motion2 u=91.0 v=52.0 depth=0.3019 depth2=-1.0000 track=2 sf=9 flag=ok
[T2xcross] t=31.3560 id=2664 est=5.0000 svd=1.9650 rel=0.6070 track=2 sf=9
[T2xcross] t=31.3560 id=2666 est=3.2875 svd=0.9033 rel=0.7252 track=2 sf=9
[T2depth] t=31.3560 id=2667 src=motion2 u=273.0 v=111.0 depth=5.0000 depth2=-1.0000 track=2 sf=9 flag=init_neg
[T2depth] t=31.3560 id=2671 src=stereo u=485.9 v=93.9 depth=3.7955 depth2=-1.0000 track=1 sf=10 flag=ok
[T2depth] t=31.3560 id=2674 src=stereo u=11.9 v=78.1 depth=34.4279 depth2=-1.0000 track=1 sf=10 flag=ok
[T2gate] t=31.3560 tri=53 rej=0 xrej=0 init_replace=3 gate=0
[T2slv] t=31.3560 phase=1 init_cost=118.992 final_cost=115.436 iters=9 term=1 slv_ms=18.9
[T2diag] t=31.3560 P=[-0.0196 0.0293 -0.0019] V=[-0.0004 0.0039 0.0029] |Bas|=0.195380 |Bgs|=0.0062179 Bas=[-0.131657 -0.144356 -0.000952] Bgs=[0.0038520 -0.0043693 -0.0021755] tic0=[0.1200 0.0500 -0.0200] tic1=[0.1200 -0.0500 -0.0200] td=0.00000 track=136
[E2uls] flag=1 sh_t=31.428 new_t=31.428 dP=[0.0073 0.0081 -0.0007] |dP|=0.0109 first_dt=-1.0000
time: 31.356000, t: -0.019604 0.029251 -0.001944 q: 0.999980 0.000892 -0.005710 -0.002408 
[T2xcross] t=31.4560 id=2674 est=34.4279 svd=0.8633 rel=0.9749 track=2 sf=9
[T2depth] t=31.4560 id=2677 src=motion2 u=307.1 v=94.3 depth=0.1373 depth2=-1.0000 track=2 sf=9 flag=ok
[T2depth] t=31.4560 id=2678 src=motion2 u=446.0 v=124.0 depth=5.0000 depth2=-1.0000 track=2 sf=9 flag=init_neg
[T2depth] t=31.4560 id=2681 src=motion2 u=182.0 v=155.0 depth=5.0000 depth2=-1.0000 track=2 sf=9 flag=init_neg
[T2depth] t=31.4560 id=2683 src=motion2 u=340.0 v=26.0 depth=0.1439 depth2=-1.0000 track=2 sf=9 flag=ok
[T2depth] t=31.4560 id=2688 src=stereo u=404.4 v=18.6 depth=3.7628 depth2=-1.0000 track=1 sf=10 flag=ok
[T2depth] t=31.4560 id=2695 src=stereo u=266.0 v=64.0 depth=35.5735 depth2=-1.0000 track=1 sf=10 flag=ok
[T2depth] t=31.4560 id=2701 src=stereo u=507.0 v=191.0 depth=3.6180 depth2=-1.0000 track=1 sf=10 flag=ok
[T2depth] t=31.4560 id=2704 src=stereo u=394.0 v=175.0 depth=3.3557 depth2=-1.0000 track=1 sf=10 flag=ok
[T2gate] t=31.4560 tri=57 rej=0 xrej=0 init_replace=2 gate=0
[T2slv] t=31.4560 phase=1 init_cost=118.66 final_cost=115.544 iters=9 term=1 slv_ms=11.6
[T2diag] t=31.4560 P=[-0.0204 0.0345 -0.0014] V=[0.0157 0.0373 0.0024] |Bas|=0.195380 |Bgs|=0.0053454 Bas=[-0.131657 -0.144356 -0.000952] Bgs=[-0.0047200 0.0010361 0.0022849] tic0=[0.1200 0.0500 -0.0200] tic1=[0.1200 -0.0500 -0.0200] td=0.00000 track=134
[E2uls] flag=1 sh_t=31.496 new_t=31.496 dP=[0.0011 -0.0040 -0.0001] |dP|=0.0042 first_dt=-1.0000
time: 31.456000, t: -0.020444 0.034523 -0.001355 q: 0.999980 0.000825 -0.005493 -0.003013 
[T2xcross] t=31.5560 id=2677 est=0.1373 svd=2.5321 rel=0.9458 track=2 sf=9
[T2xcross] t=31.5560 id=2681 est=5.0000 svd=1.5496 rel=0.6901 track=2 sf=9
[T2depth] t=31.5560 id=2686 src=motion2 u=168.5 v=243.0 depth=1.3382 depth2=-1.0000 track=2 sf=9 flag=ok
[T2xcross] t=31.5560 id=2688 est=3.7628 svd=0.7317 rel=0.8055 track=2 sf=9
[T2depth] t=31.5560 id=2690 src=motion2 u=39.0 v=134.7 depth=0.5864 depth2=-1.0000 track=2 sf=9 flag=ok
[T2depth] t=31.5560 id=2691 src=motion2 u=103.5 v=64.7 depth=0.6985 depth2=-1.0000 track=2 sf=9 flag=ok
[T2depth] t=31.5560 id=2693 src=motion2 u=140.0 v=14.0 depth=5.0000 depth2=-1.0000 track=2 sf=9 flag=init_neg
[T2depth] t=31.5560 id=2694 src=motion2 u=218.0 v=115.0 depth=2.3857 depth2=-1.0000 track=2 sf=9 flag=ok
[T2xcross] t=31.5560 id=2695 est=35.5735 svd=0.1368 rel=0.9962 track=2 sf=9
[T2depth] t=31.5560 id=2698 src=motion2 u=243.0 v=93.0 depth=5.0000 depth2=-1.0000 track=2 sf=9 flag=init_neg
[T2depth] t=31.5560 id=2699 src=motion2 u=281.0 v=144.0 depth=5.0000 depth2=-1.0000 track=2 sf=9 flag=init_neg
[T2depth] t=31.5560 id=2700 src=motion2 u=221.0 v=19.0 depth=5.0000 depth2=-1.0000 track=2 sf=9 flag=init_neg
[T2xcross] t=31.5560 id=2701 est=3.6180 svd=1.0213 rel=0.7177 track=2 sf=9
[T2depth] t=31.5560 id=2702 src=motion2 u=121.0 v=169.0 depth=5.0000 depth2=-1.0000 track=2 sf=9 flag=init_neg
[T2depth] t=31.5560 id=2703 src=motion2 u=614.0 v=160.0 depth=5.0000 depth2=-1.0000 track=2 sf=9 flag=init_neg
[T2gate] t=31.5560 tri=45 rej=0 xrej=0 init_replace=6 gate=0
[T2slv] t=31.5560 phase=1 init_cost=123.874 final_cost=115.72 iters=9 term=1 slv_ms=16.9
[T2diag] t=31.5560 P=[-0.0207 0.0350 -0.0012] V=[0.0021 0.0055 -0.0008] |Bas|=0.195380 |Bgs|=0.0047755 Bas=[-0.131657 -0.144356 -0.000952] Bgs=[0.0031152 -0.0034200 0.0011852] tic0=[0.1200 0.0500 -0.0200] tic1=[0.1200 -0.0500 -0.0200] td=0.00000 track=146
[E2uls] flag=1 sh_t=31.632 new_t=31.632 dP=[0.0051 0.0118 0.0003] |dP|=0.0128 first_dt=-1.0000
time: 31.556000, t: -0.020706 0.034998 -0.001174 q: 0.999981 0.000858 -0.005343 -0.003111 
[T2xcross] t=31.6560 id=2690 est=0.5864 svd=0.0595 rel=0.8986 track=2 sf=9
[T2xcross] t=31.6560 id=2702 est=5.0000 svd=0.2528 rel=0.9494 track=2 sf=9
[T2depth] t=31.6560 id=2705 src=motion2 u=620.9 v=9.9 depth=0.4066 depth2=-1.0000 track=2 sf=9 flag=ok
[T2depth] t=31.6560 id=2707 src=motion2 u=409.1 v=128.3 depth=5.0000 depth2=-1.0000 track=2 sf=9 flag=init_neg
[T2depth] t=31.6560 id=2708 src=motion2 u=204.0 v=246.0 depth=0.6845 depth2=-1.0000 track=2 sf=9 flag=ok
[T2depth] t=31.6560 id=2709 src=motion2 u=28.0 v=322.0 depth=0.3679 depth2=-1.0000 track=2 sf=9 flag=ok
[T2depth] t=31.6560 id=2711 src=stereo u=239.5 v=192.2 depth=5.0000 depth2=-1.0000 track=1 sf=10 flag=init_neg
[T2depth] t=31.6560 id=2713 src=stereo u=482.5 v=208.7 depth=4.1581 depth2=-1.0000 track=1 sf=10 flag=ok
[T2depth] t=31.6560 id=2716 src=stereo u=29.0 v=187.0 depth=39.4411 depth2=-1.0000 track=1 sf=10 flag=ok
[T2depth] t=31.6560 id=2717 src=stereo u=532.0 v=220.0 depth=3.3146 depth2=-1.0000 track=1 sf=10 flag=ok
[T2gate] t=31.6560 tri=45 rej=0 xrej=0 init_replace=2 gate=0
[T2slv] t=31.6560 phase=1 init_cost=121.276 final_cost=115.841 iters=9 term=1 slv_ms=14.8
[T2diag] t=31.6560 P=[-0.0202 0.0379 -0.0010] V=[0.0095 0.0338 -0.0011] |Bas|=0.195380 |Bgs|=0.0054387 Bas=[-0.131657 -0.144356 -0.000952] Bgs=[-0.0022407 0.0049234 0.0005648] tic0=[0.1200 0.0500 -0.0200] tic1=[0.1200 -0.0500 -0.0200] td=0.00000 track=138
[E2uls] flag=1 sh_t=31.700 new_t=31.700 dP=[0.0001 -0.0012 -0.0005] |dP|=0.0013 first_dt=-1.0000
time: 31.656000, t: -0.020249 0.037940 -0.001004 q: 0.999980 0.000801 -0.005206 -0.003478 
[T2depth] t=31.7560 id=2710 src=motion2 u=134.9 v=478.0 depth=3.9098 depth2=-1.0000 track=2 sf=9 flag=ok
[T2xcross] t=31.7560 id=2711 est=5.0000 svd=3.0371 rel=0.3926 track=2 sf=9
[T2depth] t=31.7560 id=2712 src=motion2 u=10.9 v=156.5 depth=0.1121 depth2=-1.0000 track=2 sf=9 flag=ok
[T2depth] t=31.7560 id=2715 src=motion2 u=293.0 v=196.0 depth=5.0000 depth2=-1.0000 track=2 sf=9 flag=init_neg
[T2xcross] t=31.7560 id=2716 est=39.4411 svd=0.0625 rel=0.9984 track=2 sf=9
[T2xcross] t=31.7560 id=2717 est=3.3146 svd=0.9990 rel=0.6986 track=2 sf=9
[T2depth] t=31.7560 id=2718 src=motion2 u=281.0 v=65.0 depth=5.0000 depth2=-1.0000 track=2 sf=9 flag=init_neg
[T2depth] t=31.7560 id=2719 src=motion2 u=236.0 v=129.0 depth=0.3299 depth2=-1.0000 track=2 sf=9 flag=ok
[T2depth] t=31.7560 id=2720 src=motion2 u=609.0 v=210.0 depth=1.0129 depth2=-1.0000 track=2 sf=9 flag=ok
[T2depth] t=31.7560 id=2724 src=stereo u=370.9 v=14.2 depth=3.9165 depth2=-1.0000 track=1 sf=10 flag=ok
[T2depth] t=31.7560 id=2730 src=stereo u=148.0 v=47.0 depth=5.0000 depth2=-1.0000 track=1 sf=10 flag=init_neg
[T2gate] t=31.7560 tri=48 rej=0 xrej=0 init_replace=3 gate=0
[T2slv] t=31.7560 phase=1 init_cost=119.991 final_cost=116.072 iters=9 term=1 slv_ms=12.9
[T2diag] t=31.7560 P=[-0.0201 0.0398 -0.0009] V=[0.0059 0.0195 -0.0020] |Bas|=0.195380 |Bgs|=0.0020845 Bas=[-0.131657 -0.144356 -0.000952] Bgs=[0.0000847 -0.0019954 -0.0005969] tic0=[0.1200 0.0500 -0.0200] tic1=[0.1200 -0.0500 -0.0200] td=0.00000 track=139
[E2uls] flag=1 sh_t=31.796 new_t=31.796 dP=[0.0016 0.0053 -0.0005] |dP|=0.0055 first_dt=-1.0000
time: 31.756000, t: -0.020138 0.039797 -0.000889 q: 0.999980 0.000780 -0.005113 -0.003730 
[T2xcross] t=31.8560 id=2667 est=5.0000 svd=0.3368 rel=0.9326 track=2 sf=9
[T2depth] t=31.8560 id=2725 src=motion2 u=69.2 v=10.6 depth=0.4491 depth2=-1.0000 track=2 sf=9 flag=ok
[T2depth] t=31.8560 id=2727 src=motion2 u=119.0 v=243.0 depth=5.0000 depth2=-1.0000 track=2 sf=9 flag=init_neg
[T2depth] t=31.8560 id=2728 src=motion2 u=427.0 v=166.0 depth=5.0000 depth2=-1.0000 track=2 sf=9 flag=init_neg
[T2xcross] t=31.8560 id=2730 est=5.0000 svd=1.9243 rel=0.6151 track=2 sf=9
[T2depth] t=31.8560 id=2731 src=motion2 u=372.0 v=131.0 depth=5.0000 depth2=-1.0000 track=2 sf=9 flag=init_neg
[T2depth] t=31.8560 id=2732 src=motion2 u=53.0 v=113.0 depth=5.0000 depth2=-1.0000 track=2 sf=9 flag=init_neg
[T2depth] t=31.8560 id=2738 src=stereo u=554.1 v=98.3 depth=5.0000 depth2=-1.0000 track=1 sf=10 flag=init_neg
[T2depth] t=31.8560 id=2746 src=stereo u=420.0 v=103.0 depth=3.9611 depth2=-1.0000 track=1 sf=10 flag=ok
[T2gate] t=31.8560 tri=49 rej=0 xrej=0 init_replace=5 gate=0
[T2slv] t=31.8560 phase=1 init_cost=125.67 final_cost=116.238 iters=9 term=1 slv_ms=13.7
[T2diag] t=31.8560 P=[-0.0202 0.0411 -0.0007] V=[0.0025 0.0145 0.0006] |Bas|=0.195380 |Bgs|=0.0103413 Bas=[-0.131657 -0.144356 -0.000952] Bgs=[0.0041239 -0.0013619 0.0093851] tic0=[0.1200 0.0500 -0.0200] tic1=[0.1200 -0.0500 -0.0200] td=0.00000 track=139
[E2uls] flag=1 sh_t=31.892 new_t=31.892 dP=[0.0016 0.0029 -0.0007] |dP|=0.0034 first_dt=-1.0000
time: 31.856000, t: -0.020183 0.041130 -0.000704 q: 0.999979 0.000749 -0.005041 -0.003904 
[T2xcross] t=31.9560 id=2707 est=5.0000 svd=0.8215 rel=0.8357 track=2 sf=9
[T2depth] t=31.9560 id=2736 src=motion2 u=579.5 v=121.0 depth=5.0000 depth2=-1.0000 track=2 sf=9 flag=init_neg
[T2depth] t=31.9560 id=2737 src=motion2 u=188.2 v=184.4 depth=5.0000 depth2=-1.0000 track=2 sf=9 flag=init_neg
[T2depth] t=31.9560 id=2739 src=motion2 u=608.0 v=32.0 depth=0.4015 depth2=-1.0000 track=2 sf=9 flag=ok
[T2depth] t=31.9560 id=2745 src=motion2 u=334.0 v=119.0 depth=5.0000 depth2=-1.0000 track=2 sf=9 flag=init_neg
[T2xcross] t=31.9560 id=2746 est=3.9611 svd=0.3287 rel=0.9170 track=2 sf=9
[T2depth] t=31.9560 id=2763 src=stereo u=514.0 v=26.0 depth=4.0738 depth2=-1.0000 track=1 sf=10 flag=ok
[T2gate] t=31.9560 tri=52 rej=0 xrej=0 init_replace=3 gate=0
[T2slv] t=31.9560 phase=1 init_cost=118.51 final_cost=116.21 iters=9 term=1 slv_ms=12.6
[T2diag] t=31.9560 P=[-0.0203 0.0399 -0.0006] V=[0.0014 -0.0070 0.0021] |Bas|=0.195380 |Bgs|=0.0043463 Bas=[-0.131657 -0.144356 -0.000952] Bgs=[-0.0018083 0.0004044 -0.0039316] tic0=[0.1200 0.0500 -0.0200] tic1=[0.1200 -0.0500 -0.0200] td=0.00000 track=136
[E2uls] flag=1 sh_t=32.024 new_t=32.024 dP=[0.0027 0.0076 0.0004] |dP|=0.0081 first_dt=-1.0000
time: 31.956000, t: -0.020327 0.039854 -0.000620 q: 0.999980 0.000793 -0.005004 -0.003755 
[T2depth] t=32.0560 id=2747 src=motion2 u=96.2 v=195.7 depth=0.0010 depth2=-1.0000 track=2 sf=9 flag=ok
[T2depth] t=32.0560 id=2749 src=motion2 u=340.4 v=230.0 depth=5.0000 depth2=-1.0000 track=2 sf=9 flag=init_neg
[T2depth] t=32.0560 id=2750 src=motion2 u=191.6 v=147.8 depth=5.0000 depth2=-1.0000 track=2 sf=9 flag=init_neg
[T2depth] t=32.0560 id=2756 src=motion2 u=281.8 v=78.9 depth=0.0426 depth2=-1.0000 track=2 sf=9 flag=ok
[T2depth] t=32.0560 id=2758 src=motion2 u=191.0 v=39.0 depth=0.1277 depth2=-1.0000 track=2 sf=9 flag=ok
[T2depth] t=32.0560 id=2759 src=motion2 u=122.0 v=70.0 depth=0.5194 depth2=-1.0000 track=2 sf=9 flag=ok
[T2depth] t=32.0560 id=2762 src=motion2 u=52.0 v=155.0 depth=5.0000 depth2=-1.0000 track=2 sf=9 flag=init_neg
[T2depth] t=32.0560 id=2764 src=stereo u=444.0 v=200.0 depth=3.8972 depth2=-1.0000 track=1 sf=10 flag=ok
[T2depth] t=32.0560 id=2772 src=stereo u=217.0 v=121.0 depth=37.4246 depth2=-1.0000 track=1 sf=10 flag=ok
[T2depth] t=32.0560 id=2773 src=stereo u=232.0 v=19.0 depth=5.0000 depth2=-1.0000 track=1 sf=10 flag=init_neg
[T2depth] t=32.0560 id=2776 src=stereo u=385.0 v=65.0 depth=3.8521 depth2=-1.0000 track=1 sf=10 flag=ok
[T2depth] t=32.0560 id=2777 src=stereo u=528.0 v=222.0 depth=3.8614 depth2=-1.0000 track=1 sf=10 flag=ok
[T2gate] t=32.0560 tri=56 rej=0 xrej=0 init_replace=4 gate=0
[T2slv] t=32.0560 phase=1 init_cost=116.533 final_cost=116.064 iters=5 term=0 slv_ms=7.6
[T2diag] t=32.0560 P=[-0.0203 0.0387 -0.0008] V=[0.0012 -0.0038 -0.0006] |Bas|=0.195380 |Bgs|=0.0059025 Bas=[-0.131657 -0.144356 -0.000952] Bgs=[-0.0052271 0.0010700 -0.0025244] tic0=[0.1200 0.0500 -0.0200] tic1=[0.1200 -0.0500 -0.0200] td=0.00000 track=136
[E2uls] flag=1 sh_t=32.096 new_t=32.096 dP=[0.0013 0.0013 0.0004] |dP|=0.0019 first_dt=-1.0000
time: 32.056000, t: -0.020346 0.038692 -0.000777 q: 0.999981 0.000842 -0.005023 -0.003608 
[T2xcross] t=32.1560 id=2756 est=0.0426 svd=0.0161 rel=0.6225 track=2 sf=9
[T2xcross] t=32.1560 id=2764 est=3.8972 svd=4.8249 rel=0.1923 track=2 sf=9
[T2depth] t=32.1560 id=2766 src=motion2 u=326.0 v=103.6 depth=0.0215 depth2=-1.0000 track=2 sf=9 flag=ok
[T2depth] t=32.1560 id=2769 src=motion2 u=136.4 v=35.6 depth=5.0000 depth2=-1.0000 track=2 sf=9 flag=init_neg
[T2depth] t=32.1560 id=2770 src=motion2 u=146.0 v=116.0 depth=5.0000 depth2=-1.0000 track=2 sf=9 flag=init_neg
[T2xcross] t=32.1560 id=2772 est=37.4246 svd=0.0251 rel=0.9993 track=2 sf=9
[T2depth] t=32.1560 id=2774 src=motion2 u=41.0 v=120.0 depth=5.0000 depth2=-1.0000 track=2 sf=9 flag=init_neg
[T2xcross] t=32.1560 id=2776 est=3.8521 svd=0.0206 rel=0.9947 track=2 sf=9
[T2depth] t=32.1560 id=2780 src=stereo u=521.2 v=163.2 depth=3.4449 depth2=-1.0000 track=1 sf=10 flag=ok
[T2depth] t=32.1560 id=2783 src=stereo u=371.0 v=194.0 depth=3.9425 depth2=-1.0000 track=1 sf=10 flag=ok
[T2depth] t=32.1560 id=2789 src=stereo u=62.0 v=87.0 depth=24.2663 depth2=-1.0000 track=1 sf=10 flag=ok
[T2gate] t=32.1560 tri=47 rej=0 xrej=0 init_replace=3 gate=0
[T2slv] t=32.1560 phase=1 init_cost=117.676 final_cost=116.154 iters=8 term=0 slv_ms=14.6
[T2diag] t=32.1560 P=[-0.0199 0.0408 -0.0009] V=[0.0090 0.0242 -0.0010] |Bas|=0.195380 |Bgs|=0.0042198 Bas=[-0.131657 -0.144356 -0.000952] Bgs=[-0.0016272 -0.0036930 0.0012329] tic0=[0.1200 0.0500 -0.0200] tic1=[0.1200 -0.0500 -0.0200] td=0.00000 track=141
[E2uls] flag=1 sh_t=32.196 new_t=32.196 dP=[0.0003 -0.0020 0.0002] |dP|=0.0021 first_dt=-1.0000
time: 32.156000, t: -0.019865 0.040772 -0.000853 q: 0.999980 0.000787 -0.005007 -0.003851 
[T2depth] t=32.2560 id=2779 src=motion2 u=189.1 v=273.0 depth=5.0000 depth2=-1.0000 track=2 sf=9 flag=init_neg
[T2xcross] t=32.2560 id=2783 est=3.9425 svd=0.2313 rel=0.9413 track=2 sf=9
[T2depth] t=32.2560 id=2785 src=motion2 u=556.0 v=165.0 depth=0.5369 depth2=-1.0000 track=2 sf=9 flag=ok
[T2depth] t=32.2560 id=2786 src=motion2 u=141.0 v=170.0 depth=0.5961 depth2=-1.0000 track=2 sf=9 flag=ok
[T2depth] t=32.2560 id=2788 src=motion2 u=273.0 v=43.0 depth=5.0000 depth2=-1.0000 track=2 sf=9 flag=init_neg
[T2depth] t=32.2560 id=2790 src=stereo u=448.0 v=63.9 depth=3.8880 depth2=-1.0000 track=1 sf=10 flag=ok
[T2depth] t=32.2560 id=2805 src=stereo u=526.0 v=61.0 depth=4.4902 depth2=-1.0000 track=1 sf=10 flag=ok
[T2gate] t=32.2560 tri=50 rej=0 xrej=0 init_replace=2 gate=0
[T2slv] t=32.2560 phase=1 init_cost=120.428 final_cost=116.35 iters=7 term=0 slv_ms=9.7
[T2diag] t=32.2560 P=[-0.0198 0.0426 -0.0006] V=[0.0084 0.0192 0.0005] |Bas|=0.195380 |Bgs|=0.0060432 Bas=[-0.131657 -0.144356 -0.000952] Bgs=[-0.0000075 -0.0017102 0.0057962] tic0=[0.1200 0.0500 -0.0200] tic1=[0.1200 -0.0500 -0.0200] td=0.00000 track=135
[E2uls] flag=1 sh_t=32.292 new_t=32.292 dP=[0.0021 0.0032 -0.0006] |dP|=0.0039 first_dt=-1.0000
time: 32.256000, t: -0.019803 0.042586 -0.000557 q: 0.999979 0.000728 -0.004956 -0.004106 
[T2depth] t=32.3560 id=2792 src=motion2 u=558.3 v=74.8 depth=0.0225 depth2=-1.0000 track=2 sf=9 flag=ok
[T2depth] t=32.3560 id=2793 src=motion2 u=318.2 v=162.6 depth=0.4606 depth2=-1.0000 track=2 sf=9 flag=ok
[T2depth] t=32.3560 id=2797 src=motion2 u=349.1 v=234.0 depth=5.0000 depth2=-1.0000 track=2 sf=9 flag=init_neg
[T2depth] t=32.3560 id=2799 src=motion2 u=53.0 v=59.0 depth=5.0000 depth2=-1.0000 track=2 sf=9 flag=init_neg
[T2depth] t=32.3560 id=2800 src=motion2 u=358.0 v=87.0 depth=5.0000 depth2=-1.0000 track=2 sf=9 flag=init_neg
[T2depth] t=32.3560 id=2803 src=motion2 u=44.0 v=18.0 depth=0.2843 depth2=-1.0000 track=2 sf=9 flag=ok
[T2depth] t=32.3560 id=2804 src=motion2 u=471.0 v=262.0 depth=5.0000 depth2=-1.0000 track=2 sf=9 flag=init_neg
[T2depth] t=32.3560 id=2807 src=motion2 u=98.0 v=83.0 depth=5.0000 depth2=-1.0000 track=2 sf=9 flag=init_neg
[T2depth] t=32.3560 id=2809 src=stereo u=523.9 v=253.0 depth=2.2254 depth2=-1.0000 track=1 sf=10 flag=ok
[T2depth] t=32.3560 id=2816 src=stereo u=231.0 v=139.0 depth=5.0000 depth2=-1.0000 track=1 sf=10 flag=init_neg
[T2gate] t=32.3560 tri=51 rej=0 xrej=0 init_replace=6 gate=0
[T2slv] t=32.3560 phase=1 init_cost=117.954 final_cost=116.479 iters=8 term=0 slv_ms=12.7
[T2diag] t=32.3560 P=[-0.0197 0.0444 -0.0005] V=[0.0054 0.0201 -0.0002] |Bas|=0.195380 |Bgs|=0.0060307 Bas=[-0.131657 -0.144356 -0.000952] Bgs=[-0.0036456 0.0034672 0.0033253] tic0=[0.1200 0.0500 -0.0200] tic1=[0.1200 -0.0500 -0.0200] td=0.00000 track=141
[E2uls] flag=1 sh_t=32.392 new_t=32.392 dP=[0.0016 0.0021 -0.0002] |dP|=0.0026 first_dt=-1.0000
time: 32.356000, t: -0.019669 0.044402 -0.000488 q: 0.999978 0.000686 -0.004921 -0.004335 
[T2xcross] t=32.4600 id=2799 est=5.0000 svd=9.2260 rel=0.4581 track=2 sf=9
[T2depth] t=32.4600 id=2810 src=motion2 u=512.6 v=201.0 depth=5.0000 depth2=-1.0000 track=2 sf=9 flag=init_neg
[T2depth] t=32.4600 id=2811 src=motion2 u=506.0 v=20.5 depth=5.0000 depth2=-1.0000 track=2 sf=9 flag=init_neg
[T2depth] t=32.4600 id=2813 src=motion2 u=213.4 v=98.8 depth=5.0000 depth2=-1.0000 track=2 sf=9 flag=init_neg
[T2xcross] t=32.4600 id=2816 est=5.0000 svd=0.3583 rel=0.9283 track=2 sf=9
[T2depth] t=32.4600 id=2817 src=motion2 u=106.0 v=158.0 depth=5.0000 depth2=-1.0000 track=2 sf=9 flag=init_neg
[T2depth] t=32.4600 id=2824 src=stereo u=242.0 v=49.0 depth=32.6506 depth2=-1.0000 track=1 sf=10 flag=ok
[T2gate] t=32.4600 tri=45 rej=0 xrej=0 init_replace=4 gate=0
[T2slv] t=32.4600 phase=1 init_cost=121.77 final_cost=116.704 iters=9 term=1 slv_ms=18.4
[T2diag] t=32.4600 P=[-0.0196 0.0472 -0.0004] V=[0.0084 0.0290 0.0005] |Bas|=0.195380 |Bgs|=0.0112492 Bas=[-0.131657 -0.144356 -0.000952] Bgs=[0.0041246 0.0002601 0.0104626] tic0=[0.1200 0.0500 -0.0200] tic1=[0.1200 -0.0500 -0.0200] td=0.00000 track=141
[E2uls] flag=1 sh_t=32.504 new_t=32.504 dP=[0.0011 0.0017 -0.0005] |dP|=0.0021 first_dt=-1.0000
time: 32.460000, t: -0.019555 0.047227 -0.000355 q: 0.999977 0.000618 -0.004876 -0.004688 
[T2xcross] t=32.5920 id=2790 est=3.8880 svd=2.3171 rel=0.4040 track=2 sf=9
[T2xcross] t=32.5920 id=2809 est=2.2254 svd=2.3373 rel=0.0479 track=2 sf=9
[T2xcross] t=32.5920 id=2817 est=5.0000 svd=0.5382 rel=0.8924 track=2 sf=9
[T2depth] t=32.5920 id=2821 src=motion2 u=594.2 v=46.4 depth=4.2301 depth2=-1.0000 track=2 sf=9 flag=ok
[T2depth] t=32.5920 id=2827 src=motion2 u=632.0 v=10.0 depth=5.0000 depth2=-1.0000 track=2 sf=9 flag=init_neg
[T2depth] t=32.5920 id=2828 src=motion2 u=560.0 v=135.0 depth=1.6767 depth2=-1.0000 track=2 sf=9 flag=ok
[T2depth] t=32.5920 id=2829 src=motion2 u=156.0 v=181.0 depth=0.2886 depth2=-1.0000 track=2 sf=9 flag=ok
[T2depth] t=32.5920 id=2830 src=stereo u=601.7 v=178.9 depth=30.0583 depth2=-1.0000 track=1 sf=10 flag=ok
[T2depth] t=32.5920 id=2833 src=stereo u=404.0 v=157.9 depth=4.0784 depth2=-1.0000 track=1 sf=10 flag=ok
[T2depth] t=32.5920 id=2835 src=stereo u=609.0 v=132.0 depth=5.0000 depth2=-1.0000 track=1 sf=10 flag=init_neg
[T2gate] t=32.5920 tri=45 rej=0 xrej=0 init_replace=2 gate=0
[T2slv] t=32.5920 phase=1 init_cost=117.643 final_cost=116.728 iters=5 term=0 slv_ms=8.5
[T2diag] t=32.5920 P=[-0.0200 0.0455 -0.0004] V=[0.0001 -0.0055 -0.0017] |Bas|=0.195380 |Bgs|=0.0024252 Bas=[-0.131657 -0.144356 -0.000952] Bgs=[-0.0016609 0.0012806 -0.0012180] tic0=[0.1200 0.0500 -0.0200] tic1=[0.1200 -0.0500 -0.0200] td=0.00000 track=142
[E2uls] flag=1 sh_t=32.652 new_t=32.652 dP=[0.0042 0.0130 0.0000] |dP|=0.0137 first_dt=-1.0000
time: 32.592000, t: -0.019998 0.045513 -0.000438 q: 0.999978 0.000675 -0.004902 -0.004488 
[T2depth] t=32.6920 id=2831 src=motion2 u=321.2 v=203.5 depth=0.0015 depth2=-1.0000 track=2 sf=9 flag=ok
[T2depth] t=32.6920 id=2836 src=motion2 u=113.0 v=117.0 depth=0.0023 depth2=-1.0000 track=2 sf=9 flag=ok
[T2depth] t=32.6920 id=2837 src=motion2 u=181.0 v=69.0 depth=0.0273 depth2=-1.0000 track=2 sf=9 flag=ok
[T2depth] t=32.6920 id=2839 src=stereo u=375.3 v=175.8 depth=3.7956 depth2=-1.0000 track=1 sf=10 flag=ok
[T2depth] t=32.6920 id=2841 src=stereo u=307.4 v=92.1 depth=30.5957 depth2=-1.0000 track=1 sf=10 flag=ok
[T2depth] t=32.6920 id=2842 src=stereo u=100.5 v=13.8 depth=34.4263 depth2=-1.0000 track=1 sf=10 flag=ok
[T2depth] t=32.6920 id=2845 src=stereo u=574.0 v=56.0 depth=36.3202 depth2=-1.0000 track=1 sf=10 flag=ok
[T2gate] t=32.6920 tri=43 rej=0 xrej=0 init_replace=0 gate=0
[T2slv] t=32.6920 phase=1 init_cost=117.997 final_cost=116.587 iters=7 term=0 slv_ms=13.9
[T2diag] t=32.6920 P=[-0.0196 0.0454 -0.0004] V=[0.0035 0.0085 0.0005] |Bas|=0.195380 |Bgs|=0.0041158 Bas=[-0.131657 -0.144356 -0.000952] Bgs=[0.0012819 -0.0032450 0.0021832] tic0=[0.1200 0.0500 -0.0200] tic1=[0.1200 -0.0500 -0.0200] td=0.00000 track=141
[E2uls] flag=1 sh_t=32.752 new_t=32.752 dP=[0.0007 0.0005 -0.0005] |dP|=0.0010 first_dt=-1.0000
time: 32.692000, t: -0.019649 0.045424 -0.000447 q: 0.999978 0.000677 -0.004895 -0.004476 
[T2xcross] t=32.7920 id=2836 est=0.0023 svd=0.0970 rel=0.9763 track=2 sf=9
[T2xcross] t=32.7920 id=2839 est=3.7956 svd=2.4914 rel=0.3436 track=2 sf=9
[T2depth] t=32.7920 id=2840 src=motion2 u=22.3 v=163.5 depth=5.0000 depth2=-1.0000 track=2 sf=9 flag=init_neg
[T2depth] t=32.7920 id=2843 src=motion2 u=351.0 v=63.0 depth=5.0000 depth2=-1.0000 track=2 sf=9 flag=init_neg
[T2depth] t=32.7920 id=2844 src=motion2 u=523.0 v=158.0 depth=0.1521 depth2=-1.0000 track=2 sf=9 flag=ok
[T2xcross] t=32.7920 id=2845 est=36.3202 svd=0.3938 rel=0.9892 track=2 sf=9
[T2depth] t=32.7920 id=2847 src=stereo u=487.3 v=28.8 depth=3.7691 depth2=-1.0000 track=1 sf=10 flag=ok
[T2depth] t=32.7920 id=2848 src=stereo u=275.7 v=128.7 depth=5.0000 depth2=-1.0000 track=1 sf=10 flag=init_neg
[T2depth] t=32.7920 id=2853 src=stereo u=332.0 v=38.0 depth=5.0000 depth2=-1.0000 track=1 sf=10 flag=init_neg
[T2gate] t=32.7920 tri=41 rej=0 xrej=0 init_replace=4 gate=0
[T2slv] t=32.7920 phase=1 init_cost=122.114 final_cost=116.461 iters=7 term=0 slv_ms=15.1
[T2diag] t=32.7920 P=[-0.0199 0.0429 -0.0005] V=[-0.0023 -0.0192 0.0011] |Bas|=0.195380 |Bgs|=0.0044657 Bas=[-0.131657 -0.144356 -0.000952] Bgs=[-0.0026345 0.0013028 0.0033622] tic0=[0.1200 0.0500 -0.0200] tic1=[0.1200 -0.0500 -0.0200] td=0.00000 track=143
[E2uls] flag=1 sh_t=32.840 new_t=32.840 dP=[0.0024 0.0068 0.0001] |dP|=0.0072 first_dt=-1.0000
time: 32.792000, t: -0.019928 0.042920 -0.000549 q: 0.999979 0.000749 -0.004929 -0.004171 
[T2depth] t=32.8920 id=2850 src=motion2 u=460.0 v=169.0 depth=5.0000 depth2=-1.0000 track=2 sf=9 flag=init_neg
[T2depth] t=32.8920 id=2851 src=motion2 u=353.0 v=129.0 depth=5.0000 depth2=-1.0000 track=2 sf=9 flag=init_neg
[T2depth] t=32.8920 id=2854 src=motion2 u=313.0 v=13.0 depth=5.0000 depth2=-1.0000 track=2 sf=9 flag=init_neg
[T2depth] t=32.8920 id=2861 src=stereo u=515.0 v=88.0 depth=3.9252 depth2=-1.0000 track=1 sf=10 flag=ok
[T2gate] t=32.8920 tri=44 rej=0 xrej=0 init_replace=3 gate=0
[T2slv] t=32.8920 phase=1 init_cost=120.046 final_cost=116.392 iters=8 term=0 slv_ms=13.4
[T2diag] t=32.8920 P=[-0.0195 0.0440 -0.0006] V=[0.0059 0.0171 -0.0001] |Bas|=0.195380 |Bgs|=0.0093838 Bas=[-0.131657 -0.144356 -0.000952] Bgs=[0.0072279 -0.0045148 0.0039280] tic0=[0.1200 0.0500 -0.0200] tic1=[0.1200 -0.0500 -0.0200] td=0.00000 track=139
[E2uls] flag=1 sh_t=32.932 new_t=32.932 dP=[-0.0001 -0.0036 0.0000] |dP|=0.0036 first_dt=-1.0000
time: 32.892000, t: -0.019456 0.043990 -0.000579 q: 0.999978 0.000719 -0.004919 -0.004294 
[T2xcross] t=32.9920 id=2804 est=5.0000 svd=2.0966 rel=0.5807 track=2 sf=9
[T2xcross] t=32.9920 id=2813 est=5.0000 svd=0.5033 rel=0.8993 track=2 sf=9
[T2depth] t=32.9920 id=2857 src=motion2 u=623.4 v=47.7 depth=0.2060 depth2=-1.0000 track=2 sf=9 flag=ok
[T2depth] t=32.9920 id=2860 src=motion2 u=75.0 v=194.0 depth=5.0000 depth2=-1.0000 track=2 sf=9 flag=init_neg
[T2depth] t=32.9920 id=2862 src=motion2 u=91.0 v=62.0 depth=0.2247 depth2=-1.0000 track=2 sf=9 flag=ok
[T2depth] t=32.9920 id=2866 src=motion2 u=19.0 v=109.0 depth=0.1965 depth2=-1.0000 track=2 sf=9 flag=ok
[T2depth] t=32.9920 id=2867 src=motion2 u=290.0 v=192.0 depth=0.8864 depth2=-1.0000 track=2 sf=9 flag=ok
[T2depth] t=32.9920 id=2869 src=motion2 u=266.0 v=141.0 depth=5.0000 depth2=-1.0000 track=2 sf=9 flag=init_neg
[T2depth] t=32.9920 id=2875 src=stereo u=405.0 v=45.0 depth=4.3643 depth2=-1.0000 track=1 sf=10 flag=ok
[T2depth] t=32.9920 id=2876 src=stereo u=608.0 v=191.0 depth=44.1526 depth2=-1.0000 track=1 sf=10 flag=ok
[T2depth] t=32.9920 id=2877 src=stereo u=499.0 v=76.0 depth=3.6065 depth2=-1.0000 track=1 sf=10 flag=ok
[T2depth] t=32.9920 id=2878 src=stereo u=617.0 v=108.0 depth=45.0123 depth2=-1.0000 track=1 sf=10 flag=ok
[T2gate] t=32.9920 tri=49 rej=0 xrej=0 init_replace=2 gate=0
[T2slv] t=32.9920 phase=1 init_cost=117.582 final_cost=116.588 iters=6 term=0 slv_ms=9.9
[T2diag] t=32.9920 P=[-0.0192 0.0462 -0.0005] V=[0.0089 0.0264 -0.0006] |Bas|=0.195380 |Bgs|=0.0053992 Bas=[-0.131657 -0.144356 -0.000952] Bgs=[-0.0016222 -0.0025049 0.0044995] tic0=[0.1200 0.0500 -0.0200] tic1=[0.1200 -0.0500 -0.0200] td=0.00000 track=140
[E2uls] flag=1 sh_t=33.028 new_t=33.028 dP=[0.0018 0.0014 -0.0001] |dP|=0.0023 first_dt=-1.0000
time: 32.992000, t: -0.019245 0.046238 -0.000516 q: 0.999977 0.000655 -0.004904 -0.004575 
[T2xcross] t=33.0960 id=2860 est=5.0000 svd=0.1764 rel=0.9647 track=2 sf=9
[T2depth] t=33.0960 id=2874 src=motion2 u=158.6 v=194.8 depth=5.0000 depth2=-1.0000 track=2 sf=9 flag=init_neg
[T2xcross] t=33.0960 id=2876 est=44.1526 svd=4.0038 rel=0.9093 track=2 sf=9
[T2depth] t=33.0960 id=2879 src=motion2 u=14.0 v=29.0 depth=0.2298 depth2=-1.0000 track=2 sf=9 flag=ok
[T2depth] t=33.0960 id=2882 src=motion2 u=165.0 v=21.0 depth=0.7611 depth2=-1.0000 track=2 sf=9 flag=ok
[T2depth] t=33.0960 id=2883 src=stereo u=265.5 v=84.0 depth=5.0000 depth2=-1.0000 track=1 sf=10 flag=init_neg
[T2depth] t=33.0960 id=2890 src=stereo u=414.0 v=106.0 depth=3.5393 depth2=-1.0000 track=1 sf=10 flag=ok
[T2gate] t=33.0960 tri=45 rej=0 xrej=0 init_replace=2 gate=0
[T2slv] t=33.0960 phase=1 init_cost=118.549 final_cost=116.76 iters=7 term=0 slv_ms=10.2
[T2diag] t=33.0960 P=[-0.0192 0.0481 -0.0003] V=[0.0063 0.0216 0.0012] |Bas|=0.195380 |Bgs|=0.0042486 Bas=[-0.131657 -0.144356 -0.000952] Bgs=[0.0019502 0.0036230 0.0010590] tic0=[0.1200 0.0500 -0.0200] tic1=[0.1200 -0.0500 -0.0200] td=0.00000 track=140
[E2uls] flag=1 sh_t=33.156 new_t=33.156 dP=[0.0031 0.0054 -0.0004] |dP|=0.0062 first_dt=-1.0000
time: 33.096000, t: -0.019207 0.048139 -0.000293 q: 0.999976 0.000599 -0.004871 -0.004822 
[T2xcross] t=33.1920 id=2890 est=3.5393 svd=1.2319 rel=0.6519 track=2 sf=9
[T2depth] t=33.1920 id=2893 src=motion2 u=100.0 v=171.0 depth=2.3607 depth2=-1.0000 track=2 sf=9 flag=ok
[T2depth] t=33.1920 id=2894 src=motion2 u=293.0 v=109.0 depth=5.0000 depth2=-1.0000 track=2 sf=9 flag=init_neg
[T2depth] t=33.1920 id=2897 src=stereo u=525.0 v=95.6 depth=3.6712 depth2=-1.0000 track=1 sf=10 flag=ok
[T2depth] t=33.1920 id=2900 src=stereo u=138.8 v=163.0 depth=32.5638 depth2=-1.0000 track=1 sf=10 flag=ok
[T2depth] t=33.1920 id=2902 src=stereo u=58.0 v=60.0 depth=5.0000 depth2=-1.0000 track=1 sf=10 flag=init_neg
[T2depth] t=33.1920 id=2903 src=stereo u=272.0 v=3.0 depth=17.3528 depth2=-1.0000 track=1 sf=10 flag=ok
[T2gate] t=33.1920 tri=49 rej=0 xrej=0 init_replace=2 gate=0
[T2slv] t=33.1920 phase=1 init_cost=118.703 final_cost=116.695 iters=7 term=0 slv_ms=20.2
[T2diag] t=33.1920 P=[-0.0196 0.0463 -0.0004] V=[-0.0040 -0.0124 -0.0003] |Bas|=0.195380 |Bgs|=0.0050445 Bas=[-0.131657 -0.144356 -0.000952] Bgs=[0.0006145 0.0036797 -0.0033955] tic0=[0.1200 0.0500 -0.0200] tic1=[0.1200 -0.0500 -0.0200] td=0.00000 track=138
[E2uls] flag=1 sh_t=33.240 new_t=33.240 dP=[0.0027 0.0081 0.0002] |dP|=0.0085 first_dt=-1.0000
time: 33.192000, t: -0.019635 0.046316 -0.000351 q: 0.999977 0.000652 -0.004899 -0.004605 
[T2depth] t=33.2920 id=2895 src=motion2 u=134.9 v=478.0 depth=5.0000 depth2=-1.0000 track=2 sf=9 flag=init_neg
[T2depth] t=33.2920 id=2898 src=motion2 u=473.7 v=193.4 depth=0.0015 depth2=-1.0000 track=2 sf=9 flag=ok
[T2depth] t=33.2920 id=2901 src=motion2 u=341.3 v=165.0 depth=5.0000 depth2=-1.0000 track=2 sf=9 flag=init_neg
[T2depth] t=33.2920 id=2906 src=motion2 u=186.0 v=212.0 depth=0.0113 depth2=-1.0000 track=2 sf=9 flag=ok
[T2depth] t=33.2920 id=2913 src=stereo u=437.0 v=204.8 depth=3.8968 depth2=-1.0000 track=1 sf=10 flag=ok
[T2depth] t=33.2920 id=2917 src=stereo u=518.0 v=77.0 depth=3.5024 depth2=-1.0000 track=1 sf=10 flag=ok
[T2gate] t=33.2920 tri=50 rej=0 xrej=0 init_replace=2 gate=0
[T2slv] t=33.2920 phase=1 init_cost=117.194 final_cost=116.575 iters=5 term=0 slv_ms=7.3
[T2diag] t=33.2920 P=[-0.0195 0.0454 -0.0005] V=[-0.0006 -0.0010 -0.0019] |Bas|=0.195380 |Bgs|=0.0055574 Bas=[-0.131657 -0.144356 -0.000952] Bgs=[-0.0007867 0.0027832 -0.0047455] tic0=[0.1200 0.0500 -0.0200] tic1=[0.1200 -0.0500 -0.0200] td=0.00000 track=137
[E2uls] flag=1 sh_t=33.340 new_t=33.340 dP=[0.0001 0.0000 -0.0001] |dP|=0.0002 first_dt=-1.0000
time: 33.292000, t: -0.019523 0.045358 -0.000542 q: 0.999978 0.000698 -0.004928 -0.004478 
[T2depth] t=33.3920 id=2907 src=motion2 u=129.8 v=51.2 depth=5.0000 depth2=-1.0000 track=2 sf=9 flag=init_neg
[T2depth] t=33.3920 id=2911 src=motion2 u=552.4 v=172.7 depth=5.0000 depth2=-1.0000 track=2 sf=9 flag=init_neg
[T2depth] t=33.3920 id=2920 src=motion2 u=225.0 v=203.0 depth=0.0527 depth2=-1.0000 track=2 sf=9 flag=ok
[T2depth] t=33.3920 id=2922 src=stereo u=43.0 v=88.0 depth=5.0000 depth2=-1.0000 track=1 sf=10 flag=init_neg
[T2depth] t=33.3920 id=2923 src=stereo u=610.2 v=67.5 depth=5.0000 depth2=-1.0000 track=1 sf=10 flag=init_neg
[T2depth] t=33.3920 id=2931 src=stereo u=246.0 v=14.0 depth=5.0000 depth2=-1.0000 track=1 sf=10 flag=init_neg
[T2depth] t=33.3920 id=2932 src=stereo u=378.0 v=70.0 depth=3.9478 depth2=-1.0000 track=1 sf=10 flag=ok
[T2gate] t=33.3920 tri=53 rej=0 xrej=0 init_replace=5 gate=0
[T2slv] t=33.3920 phase=1 init_cost=121.247 final_cost=116.625 iters=8 term=0 slv_ms=15.0
[T2diag] t=33.3920 P=[-0.0192 0.0462 -0.0005] V=[0.0092 0.0139 0.0007] |Bas|=0.195380 |Bgs|=0.0061777 Bas=[-0.131657 -0.144356 -0.000952] Bgs=[0.0013187 0.0026813 0.0054070] tic0=[0.1200 0.0500 -0.0200] tic1=[0.1200 -0.0500 -0.0200] td=0.00000 track=137
[E2uls] flag=1 sh_t=33.436 new_t=33.436 dP=[0.0006 0.0004 -0.0005] |dP|=0.0009 first_dt=-1.0000
time: 33.392000, t: -0.019204 0.046159 -0.000542 q: 0.999977 0.000665 -0.004932 -0.004563 
[T2xcross] t=33.4920 id=2913 est=3.8968 svd=52.6015 rel=0.9259 track=2 sf=9
[T2xcross] t=33.4920 id=2922 est=5.0000 svd=0.0768 rel=0.9846 track=2 sf=9
[T2depth] t=33.4920 id=2927 src=motion2 u=200.0 v=67.0 depth=0.3990 depth2=-1.0000 track=2 sf=9 flag=ok
[T2depth] t=33.4920 id=2930 src=motion2 u=539.0 v=246.0 depth=5.0000 depth2=-1.0000 track=2 sf=9 flag=init_neg
[T2xcross] t=33.4920 id=2931 est=5.0000 svd=0.2239 rel=0.9552 track=2 sf=9
[T2xcross] t=33.4920 id=2932 est=3.9478 svd=0.7153 rel=0.8188 track=2 sf=9
[T2depth] t=33.4920 id=2934 src=motion2 u=223.0 v=159.0 depth=5.0000 depth2=-1.0000 track=2 sf=9 flag=init_neg
[T2depth] t=33.4920 id=2936 src=motion2 u=414.0 v=241.0 depth=6.6649 depth2=-1.0000 track=2 sf=9 flag=ok
[T2depth] t=33.4920 id=2938 src=stereo u=365.7 v=188.7 depth=3.5184 depth2=-1.0000 track=1 sf=10 flag=ok
[T2depth] t=33.4920 id=2940 src=stereo u=448.0 v=98.6 depth=3.8895 depth2=-1.0000 track=1 sf=10 flag=ok
[T2depth] t=33.4920 id=2942 src=stereo u=173.7 v=123.8 depth=5.0000 depth2=-1.0000 track=1 sf=10 flag=init_neg
[T2depth] t=33.4920 id=2946 src=stereo u=469.2 v=75.8 depth=4.1570 depth2=-1.0000 track=1 sf=10 flag=ok
[T2depth] t=33.4920 id=2948 src=stereo u=358.0 v=21.0 depth=3.7245 depth2=-1.0000 track=1 sf=10 flag=ok
[T2depth] t=33.4920 id=2950 src=stereo u=500.0 v=162.0 depth=4.2397 depth2=-1.0000 track=1 sf=10 flag=ok
[T2gate] t=33.4920 tri=51 rej=0 xrej=0 init_replace=3 gate=0
[T2slv] t=33.4920 phase=1 init_cost=120.568 final_cost=116.877 iters=9 term=1 slv_ms=11.7
[T2diag] t=33.4920 P=[-0.0189 0.0498 -0.0004] V=[0.0111 0.0376 -0.0008] |Bas|=0.195380 |Bgs|=0.0148120 Bas=[-0.131657 -0.144356 -0.000952] Bgs=[-0.0005113 -0.0055462 0.0137249] tic0=[0.1200 0.0500 -0.0200] tic1=[0.1200 -0.0500 -0.0200] td=0.00000 track=137
[E2uls] flag=1 sh_t=33.556 new_t=33.556 dP=[0.0028 0.0005 -0.0004] |dP|=0.0028 first_dt=-1.0000
time: 33.492000, t: -0.018911 0.049771 -0.000368 q: 0.999975 0.000555 -0.004903 -0.005006 
[T2xcross] t=33.5920 id=2930 est=5.0000 svd=1.2676 rel=0.7465 track=2 sf=9
[T2xcross] t=33.5920 id=2938 est=3.5184 svd=0.4396 rel=0.8751 track=2 sf=9
[T2depth] t=33.5920 id=2941 src=motion2 u=567.0 v=95.5 depth=3.0822 depth2=-1.0000 track=2 sf=9 flag=ok
[T2depth] t=33.5920 id=2945 src=motion2 u=293.1 v=109.1 depth=5.0000 depth2=-1.0000 track=2 sf=9 flag=init_neg
[T2depth] t=33.5920 id=2947 src=motion2 u=125.8 v=18.8 depth=0.9240 depth2=-1.0000 track=2 sf=9 flag=ok
[T2depth] t=33.5920 id=2949 src=motion2 u=340.0 v=121.0 depth=5.0000 depth2=-1.0000 track=2 sf=9 flag=init_neg
[T2depth] t=33.5920 id=2951 src=motion2 u=298.0 v=33.0 depth=1.2767 depth2=-1.0000 track=2 sf=9 flag=ok
[T2depth] t=33.5920 id=2956 src=stereo u=391.7 v=128.1 depth=41.2029 depth2=-1.0000 track=1 sf=10 flag=ok
[T2depth] t=33.5920 id=2961 src=stereo u=406.0 v=27.0 depth=3.7207 depth2=-1.0000 track=1 sf=10 flag=ok
[T2depth] t=33.5920 id=2962 src=stereo u=284.0 v=151.0 depth=42.5270 depth2=-1.0000 track=1 sf=10 flag=ok
[T2depth] t=33.5920 id=2963 src=stereo u=181.0 v=26.0 depth=5.0000 depth2=-1.0000 track=1 sf=10 flag=init_neg
[T2gate] t=33.5920 tri=46 rej=0 xrej=0 init_replace=3 gate=0
[T2slv] t=33.5920 phase=1 init_cost=120.506 final_cost=117.087 iters=9 term=1 slv_ms=16.9
[T2diag] t=33.5920 P=[-0.0191 0.0501 -0.0003] V=[0.0014 0.0099 -0.0003] |Bas|=0.195380 |Bgs|=0.0048472 Bas=[-0.131657 -0.144356 -0.000952] Bgs=[0.0004413 0.0045860 0.0015064] tic0=[0.1200 0.0500 -0.0200] tic1=[0.1200 -0.0500 -0.0200] td=0.00000 track=140
[E2uls] flag=1 sh_t=33.636 new_t=33.636 dP=[0.0034 0.0085 -0.0001] |dP|=0.0091 first_dt=-1.0000
time: 33.592000, t: -0.019140 0.050088 -0.000342 q: 0.999975 0.000556 -0.004906 -0.005055 
[T2xcross] t=33.6920 id=2911 est=5.0000 svd=0.3833 rel=0.9233 track=2 sf=9
[T2depth] t=33.6920 id=2958 src=motion2 u=269.9 v=82.4 depth=5.0000 depth2=-1.0000 track=2 sf=9 flag=init_neg
[T2depth] t=33.6920 id=2959 src=motion2 u=51.0 v=246.0 depth=5.0000 depth2=-1.0000 track=2 sf=9 flag=init_neg
[T2xcross] t=33.6920 id=2961 est=3.7207 svd=0.4555 rel=0.8776 track=2 sf=9
[T2depth] t=33.6920 id=2976 src=stereo u=397.0 v=61.0 depth=3.8733 depth2=-1.0000 track=1 sf=10 flag=ok
[T2gate] t=33.6920 tri=48 rej=0 xrej=0 init_replace=2 gate=0
[T2slv] t=33.6920 phase=1 init_cost=119.791 final_cost=117.028 iters=7 term=0 slv_ms=12.8
[T2diag] t=33.6920 P=[-0.0191 0.0489 -0.0004] V=[0.0027 -0.0036 0.0001] |Bas|=0.195380 |Bgs|=0.0024763 Bas=[-0.131657 -0.144356 -0.000952] Bgs=[-0.0013530 -0.0020613 0.0002293] tic0=[0.1200 0.0500 -0.0200] tic1=[0.1200 -0.0500 -0.0200] td=0.00000 track=137
[E2uls] flag=1 sh_t=33.744 new_t=33.744 dP=[0.0017 0.0057 -0.0002] |dP|=0.0060 first_dt=-1.0000
time: 33.692000, t: -0.019144 0.048876 -0.000353 q: 0.999976 0.000590 -0.004917 -0.004906 
[T2depth] t=33.7920 id=2967 src=motion2 u=432.3 v=89.2 depth=5.0000 depth2=-1.0000 track=2 sf=9 flag=init_neg
[T2depth] t=33.7920 id=2968 src=motion2 u=628.6 v=111.2 depth=0.0388 depth2=-1.0000 track=2 sf=9 flag=ok
[T2depth] t=33.7920 id=2969 src=motion2 u=134.3 v=200.7 depth=0.0265 depth2=-1.0000 track=2 sf=9 flag=ok
[T2depth] t=33.7920 id=2974 src=motion2 u=529.0 v=143.0 depth=0.0107 depth2=-1.0000 track=2 sf=9 flag=ok
[T2depth] t=33.7920 id=2978 src=motion2 u=212.0 v=221.0 depth=5.0000 depth2=-1.0000 track=2 sf=9 flag=init_neg
[T2depth] t=33.7920 id=2979 src=motion2 u=20.0 v=30.0 depth=0.0107 depth2=-1.0000 track=2 sf=9 flag=ok
[T2depth] t=33.7920 id=2989 src=stereo u=62.3 v=27.1 depth=25.8267 depth2=-1.0000 track=1 sf=10 flag=ok
[T2depth] t=33.7920 id=2994 src=stereo u=380.0 v=177.0 depth=3.6717 depth2=-1.0000 track=1 sf=10 flag=ok
[T2depth] t=33.7920 id=2995 src=stereo u=147.0 v=73.0 depth=44.4387 depth2=-1.0000 track=1 sf=10 flag=ok
[T2depth] t=33.7920 id=2997 src=stereo u=464.0 v=182.0 depth=3.7888 depth2=-1.0000 track=1 sf=10 flag=ok
[T2gate] t=33.7920 tri=55 rej=0 xrej=0 init_replace=2 gate=0
[T2slv] t=33.7920 phase=1 init_cost=117.893 final_cost=116.958 iters=7 term=0 slv_ms=11.7
[T2diag] t=33.7920 P=[-0.0190 0.0490 -0.0004] V=[0.0037 0.0076 -0.0006] |Bas|=0.195380 |Bgs|=0.0047717 Bas=[-0.131657 -0.144356 -0.000952] Bgs=[0.0026227 -0.0014679 -0.0037062] tic0=[0.1200 0.0500 -0.0200] tic1=[0.1200 -0.0500 -0.0200] td=0.00000 track=136
[E2uls] flag=1 sh_t=33.844 new_t=33.844 dP=[0.0016 0.0007 0.0002] |dP|=0.0017 first_dt=-1.0000
time: 33.792000, t: -0.019010 0.049030 -0.000357 q: 0.999976 0.000587 -0.004917 -0.004931 
[T2depth] t=33.8920 id=2982 src=motion2 u=48.8 v=227.6 depth=5.0000 depth2=-1.0000 track=2 sf=9 flag=init_neg
[T2depth] t=33.8920 id=2984 src=motion2 u=117.6 v=87.2 depth=5.0000 depth2=-1.0000 track=2 sf=9 flag=init_neg
[T2depth] t=33.8920 id=2985 src=motion2 u=188.9 v=119.9 depth=5.0000 depth2=-1.0000 track=2 sf=9 flag=init_neg
[T2depth] t=33.8920 id=2991 src=motion2 u=295.0 v=141.0 depth=0.0666 depth2=-1.0000 track=2 sf=9 flag=ok
[T2depth] t=33.8920 id=2993 src=motion2 u=91.0 v=193.0 depth=5.0000 depth2=-1.0000 track=2 sf=9 flag=init_neg
[T2xcross] t=33.8920 id=2994 est=3.6717 svd=0.2705 rel=0.9263 track=2 sf=9
[T2depth] t=33.8920 id=2996 src=motion2 u=229.0 v=192.0 depth=5.0000 depth2=-1.0000 track=2 sf=9 flag=init_neg
[T2depth] t=33.8920 id=2998 src=stereo u=483.9 v=98.9 depth=4.4267 depth2=-1.0000 track=1 sf=10 flag=ok
[T2depth] t=33.8920 id=3004 src=stereo u=255.8 v=158.3 depth=42.6927 depth2=-1.0000 track=1 sf=10 flag=ok
[T2depth] t=33.8920 id=3006 src=stereo u=515.0 v=167.0 depth=4.3666 depth2=-1.0000 track=1 sf=10 flag=ok
[T2depth] t=33.8920 id=3007 src=stereo u=10.0 v=195.0 depth=24.7520 depth2=-1.0000 track=1 sf=10 flag=ok
[T2gate] t=33.8920 tri=51 rej=0 xrej=0 init_replace=5 gate=0
[T2slv] t=33.8920 phase=1 init_cost=119.764 final_cost=116.826 iters=8 term=0 slv_ms=12.9
[T2diag] t=33.8920 P=[-0.0192 0.0472 -0.0003] V=[-0.0016 -0.0096 -0.0004] |Bas|=0.195380 |Bgs|=0.0088603 Bas=[-0.131657 -0.144356 -0.000952] Bgs=[-0.0008694 0.0055439 -0.0068567] tic0=[0.1200 0.0500 -0.0200] tic1=[0.1200 -0.0500 -0.0200] td=0.00000 track=138
[E2uls] flag=1 sh_t=33.928 new_t=33.928 dP=[0.0020 0.0050 -0.0003] |dP|=0.0054 first_dt=-1.0000
time: 33.892000, t: -0.019150 0.047160 -0.000340 q: 0.999977 0.000632 -0.004929 -0.004707 
[T2xcross] t=33.9920 id=2996 est=5.0000 svd=0.0594 rel=0.9881 track=2 sf=9
[T2depth] t=33.9920 id=2999 src=motion2 u=601.0 v=139.2 depth=5.0000 depth2=-1.0000 track=2 sf=9 flag=init_neg
[T2depth] t=33.9920 id=3001 src=motion2 u=76.5 v=130.1 depth=5.0000 depth2=-1.0000 track=2 sf=9 flag=init_neg
[T2depth] t=33.9920 id=3003 src=motion2 u=256.1 v=70.7 depth=5.0000 depth2=-1.0000 track=2 sf=9 flag=init_neg
[T2depth] t=33.9920 id=3005 src=motion2 u=203.0 v=151.0 depth=5.0000 depth2=-1.0000 track=2 sf=9 flag=init_neg
[T2xcross] t=33.9920 id=3006 est=4.3666 svd=0.0239 rel=0.9945 track=2 sf=9
[T2depth] t=33.9920 id=3009 src=motion2 u=323.0 v=61.0 depth=0.8506 depth2=-1.0000 track=2 sf=9 flag=ok
[T2depth] t=33.9920 id=3016 src=stereo u=372.0 v=62.0 depth=3.7723 depth2=-1.0000 track=1 sf=10 flag=ok
[T2gate] t=33.9920 tri=45 rej=0 xrej=0 init_replace=4 gate=0
[T2slv] t=33.9920 phase=1 init_cost=117.685 final_cost=116.65 iters=6 term=0 slv_ms=8.2
[T2diag] t=33.9920 P=[-0.0191 0.0455 -0.0006] V=[0.0009 -0.0062 -0.0028] |Bas|=0.195380 |Bgs|=0.0078108 Bas=[-0.131657 -0.144356 -0.000952] Bgs=[-0.0045142 0.0016536 -0.0061559] tic0=[0.1200 0.0500 -0.0200] tic1=[0.1200 -0.0500 -0.0200] td=0.00000 track=142
[E2uls] flag=1 sh_t=34.056 new_t=34.056 dP=[0.0018 0.0028 -0.0006] |dP|=0.0034 first_dt=-1.0000
time: 33.992000, t: -0.019114 0.045528 -0.000552 q: 0.999977 0.000682 -0.004968 -0.004507 
[T2depth] t=34.0920 id=3012 src=motion2 u=463.3 v=79.8 depth=5.0000 depth2=-1.0000 track=2 sf=9 flag=init_neg
[T2depth] t=34.0920 id=3014 src=motion2 u=588.0 v=208.0 depth=5.0000 depth2=-1.0000 track=2 sf=9 flag=init_neg
[T2depth] t=34.0920 id=3015 src=motion2 u=9.0 v=156.0 depth=5.0000 depth2=-1.0000 track=2 sf=9 flag=init_neg
[T2depth] t=34.0920 id=3018 src=motion2 u=129.0 v=144.0 depth=5.0000 depth2=-1.0000 track=2 sf=9 flag=init_neg
[T2depth] t=34.0920 id=3028 src=stereo u=163.0 v=50.0 depth=5.0000 depth2=-1.0000 track=1 sf=10 flag=init_neg
[T2depth] t=34.0920 id=3033 src=stereo u=487.0 v=25.0 depth=4.3124 depth2=-1.0000 track=1 sf=10 flag=ok
[T2depth] t=34.0920 id=3036 src=stereo u=310.0 v=123.0 depth=24.7193 depth2=-1.0000 track=1 sf=10 flag=ok
[T2depth] t=34.0920 id=3037 src=stereo u=448.0 v=206.0 depth=3.8934 depth2=-1.0000 track=1 sf=10 flag=ok
[T2gate] t=34.0920 tri=51 rej=0 xrej=0 init_replace=5 gate=0
[T2slv] t=34.0920 phase=1 init_cost=121.915 final_cost=116.721 iters=9 term=1 slv_ms=21.3
[T2diag] t=34.0920 P=[-0.0187 0.0478 -0.0005] V=[0.0081 0.0288 -0.0019] |Bas|=0.195380 |Bgs|=0.0093246 Bas=[-0.131657 -0.144356 -0.000952] Bgs=[0.0042879 0.0007959 0.0082419] tic0=[0.1200 0.0500 -0.0200] tic1=[0.1200 -0.0500 -0.0200] td=0.00000 track=135
[E2uls] flag=1 sh_t=34.128 new_t=34.128 dP=[0.0001 -0.0026 -0.0010] |dP|=0.0028 first_dt=-1.0000
time: 34.092000, t: -0.018662 0.047823 -0.000480 q: 0.999976 0.000620 -0.004945 -0.004781 
[T2depth] t=34.1920 id=3019 src=motion2 u=50.0 v=243.0 depth=1.7721 depth2=-1.0000 track=2 sf=9 flag=ok
[T2depth] t=34.1920 id=3022 src=motion2 u=88.1 v=84.1 depth=0.3982 depth2=-1.0000 track=2 sf=9 flag=ok
[T2depth] t=34.1920 id=3027 src=motion2 u=340.1 v=80.3 depth=5.0000 depth2=-1.0000 track=2 sf=9 flag=init_neg
[T2depth] t=34.1920 id=3031 src=motion2 u=318.0 v=53.0 depth=1.0929 depth2=-1.0000 track=2 sf=9 flag=ok
[T2depth] t=34.1920 id=3032 src=motion2 u=285.0 v=196.0 depth=0.2122 depth2=-1.0000 track=2 sf=9 flag=ok
[T2xcross] t=34.1920 id=3033 est=4.3124 svd=1.0684 rel=0.7523 track=2 sf=9
[T2xcross] t=34.1920 id=3037 est=3.8934 svd=2.7236 rel=0.3005 track=2 sf=9
[T2depth] t=34.1920 id=3041 src=stereo u=555.8 v=59.2 depth=5.0000 depth2=-1.0000 track=1 sf=10 flag=init_neg
[T2depth] t=34.1920 id=3043 src=stereo u=152.7 v=61.6 depth=5.0000 depth2=-1.0000 track=1 sf=10 flag=init_neg
[T2depth] t=34.1920 id=3045 src=stereo u=229.0 v=58.1 depth=22.2359 depth2=-1.0000 track=1 sf=10 flag=ok
[T2depth] t=34.1920 id=3048 src=stereo u=478.0 v=162.0 depth=4.4167 depth2=-1.0000 track=1 sf=10 flag=ok
[T2gate] t=34.1920 tri=51 rej=0 xrej=0 init_replace=3 gate=0
[T2slv] t=34.1920 phase=1 init_cost=118.397 final_cost=116.945 iters=8 term=0 slv_ms=10.9
[T2diag] t=34.1920 P=[-0.0186 0.0499 -0.0004] V=[0.0076 0.0246 0.0000] |Bas|=0.195380 |Bgs|=0.0014191 Bas=[-0.131657 -0.144356 -0.000952] Bgs=[-0.0013029 -0.0004948 0.0002671] tic0=[0.1200 0.0500 -0.0200] tic1=[0.1200 -0.0500 -0.0200] td=0.00000 track=139
[E2uls] flag=1 sh_t=34.252 new_t=34.252 dP=[0.0023 0.0057 -0.0001] |dP|=0.0061 first_dt=-1.0000
time: 34.192000, t: -0.018614 0.049943 -0.000402 q: 0.999975 0.000564 -0.004934 -0.005049 
[T2xcross] t=34.2960 id=2969 est=0.0265 svd=2.1257 rel=0.9875 track=2 sf=9
[T2xcross] t=34.2960 id=3018 est=5.0000 svd=0.5483 rel=0.8903 track=2 sf=9
[T2xcross] t=34.2960 id=3022 est=0.3982 svd=0.0878 rel=0.7795 track=2 sf=9
[T2depth] t=34.2960 id=3040 src=motion2 u=270.6 v=54.4 depth=0.4701 depth2=-1.0000 track=2 sf=9 flag=ok
[T2xcross] t=34.2960 id=3043 est=5.0000 svd=1.9629 rel=0.6074 track=2 sf=9
[T2depth] t=34.2960 id=3044 src=motion2 u=518.4 v=140.9 depth=2.5805 depth2=-1.0000 track=2 sf=9 flag=ok
[T2depth] t=34.2960 id=3046 src=motion2 u=114.9 v=115.4 depth=5.0000 depth2=-1.0000 track=2 sf=9 flag=init_neg
[T2xcross] t=34.2960 id=3048 est=4.4167 svd=1.2747 rel=0.7114 track=2 sf=9
[T2depth] t=34.2960 id=3051 src=motion2 u=23.0 v=47.0 depth=0.2018 depth2=-1.0000 track=2 sf=9 flag=ok
[T2depth] t=34.2960 id=3053 src=stereo u=183.6 v=88.7 depth=30.4875 depth2=-1.0000 track=1 sf=10 flag=ok
[T2depth] t=34.2960 id=3058 src=stereo u=574.5 v=111.8 depth=5.0000 depth2=-1.0000 track=1 sf=10 flag=init_neg
[T2depth] t=34.2960 id=3060 src=stereo u=411.0 v=201.0 depth=4.4174 depth2=-1.0000 track=1 sf=10 flag=ok
[T2gate] t=34.2960 tri=47 rej=0 xrej=0 init_replace=2 gate=0
[T2slv] t=34.2960 phase=1 init_cost=120.007 final_cost=117.024 iters=3 term=0 slv_ms=4.9
[T2diag] t=34.2960 P=[-0.0186 0.0498 -0.0003] V=[0.0024 0.0051 0.0013] |Bas|=0.195380 |Bgs|=0.0010593 Bas=[-0.131657 -0.144356 -0.000952] Bgs=[-0.0009688 0.0003995 -0.0001547] tic0=[0.1200 0.0500 -0.0200] tic1=[0.1200 -0.0500 -0.0200] td=0.00000 track=139
[E2uls] flag=1 sh_t=34.324 new_t=34.324 dP=[0.0016 0.0052 -0.0002] |dP|=0.0054 first_dt=-1.0000
time: 34.296000, t: -0.018649 0.049838 -0.000306 q: 0.999975 0.000563 -0.004926 -0.005041 
[T2depth] t=34.4280 id=3052 src=motion2 u=286.0 v=132.2 depth=5.0000 depth2=-1.0000 track=2 sf=9 flag=init_neg
[T2depth] t=34.4280 id=3054 src=motion2 u=395.4 v=64.6 depth=5.0000 depth2=-1.0000 track=2 sf=9 flag=init_neg
[T2depth] t=34.4280 id=3056 src=motion2 u=422.5 v=78.7 depth=0.2940 depth2=-1.0000 track=2 sf=9 flag=ok
[T2depth] t=34.4280 id=3062 src=motion2 u=606.0 v=96.0 depth=0.1995 depth2=-1.0000 track=2 sf=9 flag=ok
[T2depth] t=34.4280 id=3065 src=stereo u=358.3 v=202.6 depth=4.1665 depth2=-1.0000 track=1 sf=10 flag=ok
[T2depth] t=34.4280 id=3076 src=stereo u=500.0 v=132.0 depth=5.0000 depth2=-1.0000 track=1 sf=10 flag=init_neg
[T2depth] t=34.4280 id=3078 src=stereo u=503.0 v=186.0 depth=4.5627 depth2=-1.0000 track=1 sf=10 flag=ok
[T2gate] t=34.4280 tri=49 rej=0 xrej=0 init_replace=3 gate=0
[T2slv] t=34.4280 phase=1 init_cost=121.713 final_cost=117.066 iters=5 term=0 slv_ms=8.3
[T2diag] t=34.4280 P=[-0.0186 0.0496 -0.0005] V=[0.0043 0.0051 0.0014] |Bas|=0.195380 |Bgs|=0.0036603 Bas=[-0.131657 -0.144356 -0.000952] Bgs=[-0.0007073 -0.0003791 0.0035712] tic0=[0.1200 0.0500 -0.0200] tic1=[0.1200 -0.0500 -0.0200] td=0.00000 track=138
[E2uls] flag=1 sh_t=34.484 new_t=34.484 dP=[0.0012 0.0044 0.0010] |dP|=0.0047 first_dt=-1.0000
time: 34.428000, t: -0.018599 0.049575 -0.000477 q: 0.999975 0.000586 -0.004958 -0.005002 
[T2xcross] t=34.5560 id=3054 est=5.0000 svd=0.4981 rel=0.9004 track=2 sf=9
[T2xcross] t=34.5560 id=3056 est=0.2940 svd=0.4990 rel=0.4108 track=2 sf=9
[T2xcross] t=34.5560 id=3065 est=4.1665 svd=0.2295 rel=0.9449 track=2 sf=9
[T2depth] t=34.5560 id=3072 src=motion2 u=304.0 v=199.0 depth=5.0000 depth2=-1.0000 track=2 sf=9 flag=init_neg
[T2depth] t=34.5560 id=3077 src=motion2 u=580.0 v=158.0 depth=5.0000 depth2=-1.0000 track=2 sf=9 flag=init_neg
[T2depth] t=34.5560 id=3088 src=stereo u=609.0 v=185.0 depth=5.0000 depth2=-1.0000 track=1 sf=10 flag=init_neg
[T2depth] t=34.5560 id=3089 src=stereo u=553.0 v=198.0 depth=5.0000 depth2=-1.0000 track=1 sf=10 flag=init_neg
[T2depth] t=34.5560 id=3091 src=stereo u=82.0 v=31.0 depth=5.0000 depth2=-1.0000 track=1 sf=10 flag=init_neg
[T2gate] t=34.5560 tri=53 rej=0 xrej=0 init_replace=5 gate=0
[T2slv] t=34.5560 phase=1 init_cost=119.109 final_cost=117.239 iters=5 term=0 slv_ms=11.0
[T2diag] t=34.5560 P=[-0.0182 0.0521 -0.0005] V=[0.0097 0.0265 0.0024] |Bas|=0.195380 |Bgs|=0.0081081 Bas=[-0.131657 -0.144356 -0.000952] Bgs=[0.0024350 0.0046403 0.0061871] tic0=[0.1200 0.0500 -0.0200] tic1=[0.1200 -0.0500 -0.0200] td=0.00000 track=135
[E2uls] flag=1 sh_t=34.608 new_t=34.608 dP=[0.0019 0.0008 0.0006] |dP|=0.0022 first_dt=-1.0000
time: 34.556000, t: -0.018228 0.052093 -0.000513 q: 0.999974 0.000525 -0.004953 -0.005301 
[T2depth] t=34.6560 id=3083 src=motion2 u=183.6 v=164.4 depth=5.0000 depth2=-1.0000 track=2 sf=9 flag=init_neg
[T2depth] t=34.6560 id=3084 src=motion2 u=328.3 v=136.9 depth=0.2858 depth2=-1.0000 track=2 sf=9 flag=ok
[T2depth] t=34.6560 id=3085 src=motion2 u=517.4 v=33.7 depth=0.4979 depth2=-1.0000 track=2 sf=9 flag=ok
[T2xcross] t=34.6560 id=3089 est=5.0000 svd=5.0843 rel=0.0166 track=2 sf=9
[T2depth] t=34.6560 id=3090 src=motion2 u=603.0 v=43.0 depth=5.5887 depth2=-1.0000 track=2 sf=9 flag=ok
[T2depth] t=34.6560 id=3092 src=motion2 u=343.0 v=169.0 depth=4.9948 depth2=-1.0000 track=2 sf=9 flag=ok
[T2depth] t=34.6560 id=3093 src=motion2 u=508.0 v=164.0 depth=5.0000 depth2=-1.0000 track=2 sf=9 flag=init_neg
[T2depth] t=34.6560 id=3094 src=motion2 u=329.0 v=39.0 depth=0.2644 depth2=-1.0000 track=2 sf=9 flag=ok
[T2depth] t=34.6560 id=3101 src=stereo u=467.4 v=105.3 depth=3.6709 depth2=-1.0000 track=1 sf=10 flag=ok
[T2depth] t=34.6560 id=3102 src=stereo u=288.1 v=138.6 depth=25.7516 depth2=-1.0000 track=1 sf=10 flag=ok
[T2depth] t=34.6560 id=3109 src=stereo u=153.0 v=219.0 depth=8.2357 depth2=-1.0000 track=1 sf=10 flag=ok
[T2depth] t=34.6560 id=3115 src=stereo u=412.0 v=249.0 depth=2.5732 depth2=-1.0000 track=1 sf=10 flag=ok
[T2gate] t=34.6560 tri=54 rej=0 xrej=0 init_replace=2 gate=0
[T2slv] t=34.6560 phase=1 init_cost=121.017 final_cost=117.33 iters=9 term=1 slv_ms=14.5
[T2diag] t=34.6560 P=[-0.0184 0.0518 -0.0004] V=[0.0043 0.0020 0.0014] |Bas|=0.195380 |Bgs|=0.0051951 Bas=[-0.131657 -0.144356 -0.000952] Bgs=[0.0034391 -0.0023635 -0.0030944] tic0=[0.1200 0.0500 -0.0200] tic1=[0.1200 -0.0500 -0.0200] td=0.00000 track=137
[E2uls] flag=1 sh_t=34.692 new_t=34.692 dP=[0.0029 0.0064 0.0003] |dP|=0.0070 first_dt=-1.0000
time: 34.656000, t: -0.018387 0.051781 -0.000398 q: 0.999974 0.000526 -0.004948 -0.005275 
[T2xcross] t=34.7560 id=3091 est=5.0000 svd=0.1142 rel=0.9772 track=2 sf=9
[T2xcross] t=34.7560 id=3101 est=3.6709 svd=0.1256 rel=0.9658 track=2 sf=9
[T2xcross] t=34.7560 id=3109 est=8.2357 svd=0.1322 rel=0.9839 track=2 sf=9
[T2depth] t=34.7560 id=3111 src=motion2 u=200.0 v=214.0 depth=0.1530 depth2=-1.0000 track=2 sf=9 flag=ok
[T2depth] t=34.7560 id=3112 src=motion2 u=37.0 v=171.0 depth=5.0000 depth2=-1.0000 track=2 sf=9 flag=init_neg
[T2depth] t=34.7560 id=3122 src=stereo u=90.4 v=121.0 depth=24.2847 depth2=-1.0000 track=1 sf=10 flag=ok
[T2depth] t=34.7560 id=3124 src=stereo u=44.0 v=24.0 depth=5.0000 depth2=-1.0000 track=1 sf=10 flag=init_neg
[T2depth] t=34.7560 id=3126 src=stereo u=504.0 v=211.0 depth=4.3785 depth2=-1.0000 track=1 sf=10 flag=ok
[T2depth] t=34.7560 id=3128 src=stereo u=538.0 v=61.0 depth=3.9345 depth2=-1.0000 track=1 sf=10 flag=ok
[T2depth] t=34.7560 id=3131 src=stereo u=402.0 v=55.0 depth=4.2082 depth2=-1.0000 track=1 sf=10 flag=ok
[T2gate] t=34.7560 tri=52 rej=0 xrej=0 init_replace=2 gate=0
[T2slv] t=34.7560 phase=1 init_cost=118.164 final_cost=117.378 iters=7 term=0 slv_ms=11.8
[T2diag] t=34.7560 P=[-0.0183 0.0533 -0.0004] V=[0.0028 0.0211 -0.0002] |Bas|=0.195380 |Bgs|=0.0037620 Bas=[-0.131657 -0.144356 -0.000952] Bgs=[0.0012006 -0.0011580 0.0033719] tic0=[0.1200 0.0500 -0.0200] tic1=[0.1200 -0.0500 -0.0200] td=0.00000 track=136
[E2uls] flag=1 sh_t=34.792 new_t=34.792 dP=[0.0011 -0.0006 0.0005] |dP|=0.0014 first_dt=-1.0000
time: 34.756000, t: -0.018259 0.053341 -0.000400 q: 0.999973 0.000484 -0.004945 -0.005468 
[T2depth] t=34.8560 id=3117 src=motion2 u=407.3 v=8.6 depth=0.2388 depth2=-1.0000 track=2 sf=9 flag=ok
[T2depth] t=34.8560 id=3118 src=motion2 u=294.1 v=194.8 depth=5.0000 depth2=-1.0000 track=2 sf=9 flag=init_neg
[T2depth] t=34.8560 id=3121 src=motion2 u=343.1 v=239.0 depth=2.6073 depth2=-1.0000 track=2 sf=9 flag=ok
[T2depth] t=34.8560 id=3123 src=motion2 u=339.0 v=24.0 depth=0.2914 depth2=-1.0000 track=2 sf=9 flag=ok
[T2xcross] t=34.8560 id=3124 est=5.0000 svd=0.1220 rel=0.9756 track=2 sf=9
[T2depth] t=34.8560 id=3125 src=motion2 u=119.0 v=32.0 depth=0.5311 depth2=-1.0000 track=2 sf=9 flag=ok
[T2xcross] t=34.8560 id=3126 est=4.3785 svd=1.4697 rel=0.6643 track=2 sf=9
[T2xcross] t=34.8560 id=3128 est=3.9345 svd=0.0094 rel=0.9976 track=2 sf=9
[T2depth] t=34.8560 id=3136 src=stereo u=237.6 v=15.2 depth=5.0000 depth2=-1.0000 track=1 sf=10 flag=init_neg
[T2gate] t=34.8560 tri=47 rej=0 xrej=0 init_replace=2 gate=0
[T2slv] t=34.8560 phase=1 init_cost=118.148 final_cost=117.324 iters=9 term=1 slv_ms=17.3
[T2diag] t=34.8560 P=[-0.0187 0.0507 -0.0004] V=[-0.0041 -0.0174 -0.0026] |Bas|=0.195380 |Bgs|=0.0108129 Bas=[-0.131657 -0.144356 -0.000952] Bgs=[-0.0052593 0.0010113 -0.0093934] tic0=[0.1200 0.0500 -0.0200] tic1=[0.1200 -0.0500 -0.0200] td=0.00000 track=141
[E2uls] flag=1 sh_t=34.928 new_t=34.928 dP=[0.0025 0.0127 -0.0006] |dP|=0.0129 first_dt=-1.0000
time: 34.856000, t: -0.018661 0.050725 -0.000441 q: 0.999974 0.000556 -0.004978 -0.005161 
[T2xcross] t=34.9560 id=3115 est=2.5732 svd=0.5953 rel=0.7686 track=2 sf=9
[T2depth] t=34.9560 id=3133 src=motion2 u=168.8 v=181.6 depth=0.1556 depth2=-1.0000 track=2 sf=9 flag=ok
[T2xcross] t=34.9560 id=3136 est=5.0000 svd=0.0820 rel=0.9836 track=2 sf=9
[T2depth] t=34.9560 id=3137 src=motion2 u=248.7 v=74.5 depth=0.0196 depth2=-1.0000 track=2 sf=9 flag=ok
[T2depth] t=34.9560 id=3138 src=motion2 u=144.0 v=151.9 depth=0.0345 depth2=-1.0000 track=2 sf=9 flag=ok
[T2depth] t=34.9560 id=3139 src=motion2 u=53.0 v=138.0 depth=5.0000 depth2=-1.0000 track=2 sf=9 flag=init_neg
[T2depth] t=34.9560 id=3141 src=motion2 u=602.0 v=177.0 depth=0.1968 depth2=-1.0000 track=2 sf=9 flag=ok
[T2depth] t=34.9560 id=3142 src=motion2 u=298.0 v=83.0 depth=0.1070 depth2=-1.0000 track=2 sf=9 flag=ok
[T2depth] t=34.9560 id=3144 src=stereo u=361.5 v=34.7 depth=3.2900 depth2=-1.0000 track=1 sf=10 flag=ok
[T2depth] t=34.9560 id=3145 src=stereo u=267.0 v=119.5 depth=22.9918 depth2=-1.0000 track=1 sf=10 flag=ok
[T2depth] t=34.9560 id=3147 src=stereo u=412.5 v=28.7 depth=4.5541 depth2=-1.0000 track=1 sf=10 flag=ok
[T2depth] t=34.9560 id=3150 src=stereo u=604.0 v=124.0 depth=5.0000 depth2=-1.0000 track=1 sf=10 flag=init_neg
[T2gate] t=34.9560 tri=47 rej=0 xrej=0 init_replace=2 gate=0
[T2slv] t=34.9560 phase=1 init_cost=123.792 final_cost=117.27 iters=9 term=1 slv_ms=14.7
[T2diag] t=34.9560 P=[-0.0181 0.0520 -0.0006] V=[0.0064 0.0196 -0.0019] |Bas|=0.195380 |Bgs|=0.0077841 Bas=[-0.131657 -0.144356 -0.000952] Bgs=[-0.0003152 0.0004129 0.0077667] tic0=[0.1200 0.0500 -0.0200] tic1=[0.1200 -0.0500 -0.0200] td=0.00000 track=140
[E2uls] flag=1 sh_t=35.024 new_t=35.024 dP=[-0.0010 -0.0041 -0.0007] |dP|=0.0042 first_dt=-1.0000
time: 34.956000, t: -0.018075 0.052028 -0.000564 q: 0.999973 0.000522 -0.004980 -0.005313 
[T2xcross] t=35.0560 id=2678 est=5.0000 svd=4.0065 rel=0.1987 track=2 sf=9
[T2xcross] t=35.0560 id=2727 est=5.0000 svd=0.9666 rel=0.8067 track=2 sf=9
[T2xcross] t=35.0560 id=3112 est=5.0000 svd=0.1667 rel=0.9667 track=2 sf=9
[T2xcross] t=35.0560 id=3133 est=0.1556 svd=0.1514 rel=0.0269 track=2 sf=9
[T2xcross] t=35.0560 id=3139 est=5.0000 svd=0.0547 rel=0.9891 track=2 sf=9
[T2depth] t=35.0560 id=3146 src=motion2 u=511.9 v=105.0 depth=5.0000 depth2=-1.0000 track=2 sf=9 flag=init_neg
[T2depth] t=35.0560 id=3148 src=motion2 u=178.5 v=143.0 depth=5.0000 depth2=-1.0000 track=2 sf=9 flag=init_neg
[T2depth] t=35.0560 id=3149 src=motion2 u=409.2 v=117.0 depth=5.0000 depth2=-1.0000 track=2 sf=9 flag=init_neg
[T2depth] t=35.0560 id=3152 src=motion2 u=551.0 v=7.0 depth=5.0000 depth2=-1.0000 track=2 sf=9 flag=init_neg
[T2depth] t=35.0560 id=3154 src=stereo u=283.8 v=36.8 depth=30.0813 depth2=-1.0000 track=1 sf=10 flag=ok
[T2depth] t=35.0560 id=3155 src=stereo u=444.0 v=77.7 depth=3.8917 depth2=-1.0000 track=1 sf=10 flag=ok
[T2depth] t=35.0560 id=3156 src=stereo u=462.6 v=104.2 depth=3.6167 depth2=-1.0000 track=1 sf=10 flag=ok
[T2depth] t=35.0560 id=3157 src=stereo u=414.3 v=181.9 depth=4.1097 depth2=-1.0000 track=1 sf=10 flag=ok
[T2gate] t=35.0560 tri=46 rej=0 xrej=0 init_replace=4 gate=0
[T2slv] t=35.0560 phase=1 init_cost=118.201 final_cost=117.214 iters=9 term=1 slv_ms=12.4
[T2diag] t=35.0560 P=[-0.0185 0.0499 -0.0007] V=[-0.0025 -0.0174 -0.0016] |Bas|=0.195380 |Bgs|=0.0056951 Bas=[-0.131657 -0.144357 -0.000952] Bgs=[-0.0036500 -0.0017564 -0.0040033] tic0=[0.1200 0.0500 -0.0200] tic1=[0.1200 -0.0500 -0.0200] td=0.00000 track=139
[E2uls] flag=1 sh_t=35.092 new_t=35.092 dP=[0.0026 0.0075 -0.0001] |dP|=0.0079 first_dt=-1.0000
time: 35.056000, t: -0.018532 0.049877 -0.000723 q: 0.999974 0.000600 -0.005026 -0.005058 
[T2xcross] t=35.1600 id=3142 est=0.1070 svd=0.0027 rel=0.9749 track=2 sf=9
[T2xcross] t=35.1600 id=3146 est=5.0000 svd=0.0248 rel=0.9950 track=2 sf=9
[T2xcross] t=35.1600 id=3157 est=4.1097 svd=0.1030 rel=0.9749 track=2 sf=9
[T2depth] t=35.1600 id=3161 src=motion2 u=129.0 v=109.0 depth=5.0000 depth2=-1.0000 track=2 sf=9 flag=init_neg
[T2depth] t=35.1600 id=3163 src=motion2 u=137.0 v=193.0 depth=5.0000 depth2=-1.0000 track=2 sf=9 flag=init_neg
[T2depth] t=35.1600 id=3166 src=stereo u=388.6 v=58.4 depth=3.6858 depth2=-1.0000 track=1 sf=10 flag=ok
[T2depth] t=35.1600 id=3168 src=stereo u=526.6 v=169.8 depth=3.6050 depth2=-1.0000 track=1 sf=10 flag=ok
[T2depth] t=35.1600 id=3176 src=stereo u=235.0 v=113.0 depth=5.0000 depth2=-1.0000 track=1 sf=10 flag=init_neg
[T2gate] t=35.1600 tri=46 rej=0 xrej=0 init_replace=3 gate=0
[T2slv] t=35.1600 phase=1 init_cost=117.737 final_cost=117.01 iters=7 term=0 slv_ms=11.1
[T2diag] t=35.1600 P=[-0.0183 0.0492 -0.0007] V=[0.0012 0.0031 -0.0004] |Bas|=0.195380 |Bgs|=0.0024000 Bas=[-0.131657 -0.144357 -0.000952] Bgs=[0.0020929 0.0001346 -0.0011670] tic0=[0.1200 0.0500 -0.0200] tic1=[0.1200 -0.0500 -0.0200] td=0.00000 track=140
[E2uls] flag=1 sh_t=35.228 new_t=35.228 dP=[0.0006 -0.0004 -0.0004] |dP|=0.0008 first_dt=-1.0000
time: 35.160000, t: -0.018294 0.049177 -0.000741 q: 0.999975 0.000604 -0.005026 -0.004985 
[T2xcross] t=35.2960 id=3161 est=5.0000 svd=0.1523 rel=0.9695 track=2 sf=9
[T2depth] t=35.2960 id=3172 src=motion2 u=255.0 v=156.0 depth=5.0000 depth2=-1.0000 track=2 sf=9 flag=init_neg
[T2depth] t=35.2960 id=3174 src=motion2 u=333.0 v=149.0 depth=5.0000 depth2=-1.0000 track=2 sf=9 flag=init_neg
[T2depth] t=35.2960 id=3182 src=stereo u=492.0 v=34.0 depth=3.5226 depth2=-1.0000 track=1 sf=10 flag=ok
[T2depth] t=35.2960 id=3184 src=stereo u=395.0 v=41.0 depth=4.2092 depth2=-1.0000 track=1 sf=10 flag=ok
[T2gate] t=35.2960 tri=46 rej=0 xrej=0 init_replace=2 gate=0
[T2slv] t=35.2960 phase=1 init_cost=119.126 final_cost=116.913 iters=5 term=0 slv_ms=15.5
[T2diag] t=35.2960 P=[-0.0182 0.0487 -0.0008] V=[0.0041 0.0044 0.0013] |Bas|=0.195380 |Bgs|=0.0038426 Bas=[-0.131657 -0.144357 -0.000952] Bgs=[-0.0021442 -0.0031614 -0.0004163] tic0=[0.1200 0.0500 -0.0200] tic1=[0.1200 -0.0500 -0.0200] td=0.00000 track=140
[E2uls] flag=1 sh_t=35.340 new_t=35.340 dP=[0.0015 0.0040 0.0002] |dP|=0.0042 first_dt=-1.0000
time: 35.296000, t: -0.018199 0.048665 -0.000789 q: 0.999975 0.000637 -0.005032 -0.004936 
[T2xcross] t=35.3960 id=3155 est=3.8917 svd=0.0767 rel=0.9803 track=2 sf=9
[T2depth] t=35.3960 id=3185 src=motion2 u=46.0 v=27.0 depth=0.0154 depth2=-1.0000 track=2 sf=9 flag=ok
[T2depth] t=35.3960 id=3186 src=motion2 u=140.0 v=59.0 depth=5.0000 depth2=-1.0000 track=2 sf=9 flag=init_neg
[T2depth] t=35.3960 id=3187 src=motion2 u=15.0 v=61.0 depth=0.1336 depth2=-1.0000 track=2 sf=9 flag=ok
[T2depth] t=35.3960 id=3189 src=motion2 u=147.0 v=157.0 depth=0.6955 depth2=-1.0000 track=2 sf=9 flag=ok
[T2depth] t=35.3960 id=3190 src=motion2 u=95.0 v=86.0 depth=0.1803 depth2=-1.0000 track=2 sf=9 flag=ok
[T2depth] t=35.3960 id=3196 src=stereo u=330.6 v=115.4 depth=32.7837 depth2=-1.0000 track=1 sf=10 flag=ok
[T2depth] t=35.3960 id=3199 src=stereo u=77.2 v=189.5 depth=43.5489 depth2=-1.0000 track=1 sf=10 flag=ok
[T2gate] t=35.3960 tri=49 rej=0 xrej=0 init_replace=1 gate=0
[T2slv] t=35.3960 phase=1 init_cost=118.081 final_cost=116.824 iters=5 term=0 slv_ms=7.0
[T2diag] t=35.3960 P=[-0.0183 0.0483 -0.0009] V=[-0.0007 0.0021 -0.0006] |Bas|=0.195380 |Bgs|=0.0045222 Bas=[-0.131657 -0.144357 -0.000952] Bgs=[0.0017272 -0.0040623 -0.0009821] tic0=[0.1200 0.0500 -0.0200] tic1=[0.1200 -0.0500 -0.0200] td=0.00000 track=138
[E2uls] flag=1 sh_t=35.452 new_t=35.452 dP=[0.0016 0.0034 0.0005] |dP|=0.0038 first_dt=-1.0000
time: 35.396000, t: -0.018290 0.048324 -0.000903 q: 0.999975 0.000653 -0.005053 -0.004902 
[T2depth] t=35.5240 id=3193 src=motion2 u=554.1 v=91.1 depth=5.0000 depth2=-1.0000 track=2 sf=9 flag=init_neg
[T2xcross] t=35.5240 id=3196 est=32.7837 svd=0.2935 rel=0.9910 track=2 sf=9
[T2depth] t=35.5240 id=3204 src=motion2 u=165.0 v=27.0 depth=0.1344 depth2=-1.0000 track=2 sf=9 flag=ok
[T2depth] t=35.5240 id=3205 src=stereo u=267.7 v=18.7 depth=5.0000 depth2=-1.0000 track=1 sf=10 flag=init_neg
[T2depth] t=35.5240 id=3214 src=stereo u=53.3 v=89.9 depth=32.3352 depth2=-1.0000 track=1 sf=10 flag=ok
[T2depth] t=35.5240 id=3219 src=stereo u=374.0 v=92.0 depth=3.8499 depth2=-1.0000 track=1 sf=10 flag=ok
[T2depth] t=35.5240 id=3220 src=stereo u=150.0 v=112.0 depth=5.0000 depth2=-1.0000 track=1 sf=10 flag=init_neg
[T2depth] t=35.5240 id=3221 src=stereo u=47.0 v=122.0 depth=37.1236 depth2=-1.0000 track=1 sf=10 flag=ok
[T2depth] t=35.5240 id=3222 src=stereo u=403.0 v=24.0 depth=4.1450 depth2=-1.0000 track=1 sf=10 flag=ok
[T2gate] t=35.5240 tri=57 rej=0 xrej=0 init_replace=3 gate=0
[T2slv] t=35.5240 phase=1 init_cost=121.157 final_cost=116.79 iters=5 term=0 slv_ms=10.7
[T2diag] t=35.5240 P=[-0.0181 0.0480 -0.0008] V=[0.0043 0.0058 0.0031] |Bas|=0.195380 |Bgs|=0.0039883 Bas=[-0.131657 -0.144357 -0.000952] Bgs=[0.0017070 0.0032444 -0.0015704] tic0=[0.1200 0.0500 -0.0200] tic1=[0.1200 -0.0500 -0.0200] td=0.00000 track=132
[E2uls] flag=1 sh_t=35.564 new_t=35.564 dP=[0.0008 0.0026 -0.0002] |dP|=0.0027 first_dt=-1.0000
time: 35.524000, t: -0.018144 0.047970 -0.000781 q: 0.999975 0.000664 -0.005038 -0.004852 
[T2xcross] t=35.6560 id=3205 est=5.0000 svd=0.2409 rel=0.9518 track=2 sf=9
[T2depth] t=35.6560 id=3207 src=motion2 u=528.7 v=143.4 depth=5.0000 depth2=-1.0000 track=2 sf=9 flag=init_neg
[T2depth] t=35.6560 id=3208 src=motion2 u=392.8 v=176.6 depth=5.0000 depth2=-1.0000 track=2 sf=9 flag=init_neg
[T2depth] t=35.6560 id=3209 src=motion2 u=619.9 v=91.0 depth=0.6438 depth2=-1.0000 track=2 sf=9 flag=ok
[T2depth] t=35.6560 id=3210 src=motion2 u=307.6 v=44.8 depth=5.0000 depth2=-1.0000 track=2 sf=9 flag=init_neg
[T2depth] t=35.6560 id=3212 src=motion2 u=247.2 v=201.1 depth=5.0000 depth2=-1.0000 track=2 sf=9 flag=init_neg
[T2xcross] t=35.6560 id=3214 est=32.3352 svd=0.0325 rel=0.9990 track=2 sf=9
[T2depth] t=35.6560 id=3215 src=motion2 u=589.8 v=110.5 depth=1.5241 depth2=-1.0000 track=2 sf=9 flag=ok
[T2depth] t=35.6560 id=3217 src=motion2 u=571.0 v=21.0 depth=1.8365 depth2=-1.0000 track=2 sf=9 flag=ok
[T2xcross] t=35.6560 id=3222 est=4.1450 svd=0.7467 rel=0.8199 track=2 sf=9
[T2depth] t=35.6560 id=3226 src=stereo u=367.5 v=65.8 depth=4.0633 depth2=-1.0000 track=1 sf=10 flag=ok
[T2depth] t=35.6560 id=3233 src=stereo u=136.0 v=42.0 depth=5.0000 depth2=-1.0000 track=1 sf=10 flag=init_neg
[T2depth] t=35.6560 id=3234 src=stereo u=32.0 v=174.0 depth=42.2170 depth2=-1.0000 track=1 sf=10 flag=ok
[T2depth] t=35.6560 id=3235 src=stereo u=490.0 v=64.0 depth=3.6169 depth2=-1.0000 track=1 sf=10 flag=ok
[T2gate] t=35.6560 tri=52 rej=0 xrej=0 init_replace=5 gate=0
[T2slv] t=35.6560 phase=1 init_cost=120.701 final_cost=116.704 iters=5 term=0 slv_ms=10.4
[T2diag] t=35.6560 P=[-0.0183 0.0472 -0.0010] V=[0.0027 0.0020 -0.0007] |Bas|=0.195380 |Bgs|=0.0014735 Bas=[-0.131657 -0.144357 -0.000952] Bgs=[-0.0014061 0.0002845 -0.0003365] tic0=[0.1200 0.0500 -0.0200] tic1=[0.1200 -0.0500 -0.0200] td=0.00000 track=139
[E2uls] flag=1 sh_t=35.732 new_t=35.732 dP=[0.0035 0.0068 0.0012] |dP|=0.0077 first_dt=-1.0000
time: 35.656000, t: -0.018303 0.047190 -0.000973 q: 0.999976 0.000696 -0.005080 -0.004764 
[T2depth] t=35.7560 id=3225 src=motion2 u=282.7 v=102.2 depth=5.0000 depth2=-1.0000 track=2 sf=9 flag=init_neg
[T2xcross] t=35.7560 id=3226 est=4.0633 svd=0.0801 rel=0.9803 track=2 sf=9
[T2depth] t=35.7560 id=3227 src=motion2 u=480.6 v=119.0 depth=5.0000 depth2=-1.0000 track=2 sf=9 flag=init_neg
[T2depth] t=35.7560 id=3229 src=motion2 u=239.6 v=67.0 depth=5.0000 depth2=-1.0000 track=2 sf=9 flag=init_neg
[T2depth] t=35.7560 id=3230 src=motion2 u=184.0 v=276.0 depth=5.0000 depth2=-1.0000 track=2 sf=9 flag=init_neg
[T2depth] t=35.7560 id=3231 src=motion2 u=388.0 v=208.0 depth=0.2277 depth2=-1.0000 track=2 sf=9 flag=ok
[T2depth] t=35.7560 id=3232 src=motion2 u=163.0 v=144.0 depth=0.0442 depth2=-1.0000 track=2 sf=9 flag=ok
[T2depth] t=35.7560 id=3238 src=stereo u=343.5 v=47.3 depth=15.8454 depth2=-1.0000 track=1 sf=10 flag=ok
[T2depth] t=35.7560 id=3244 src=stereo u=300.0 v=157.0 depth=5.0000 depth2=-1.0000 track=1 sf=10 flag=init_neg
[T2gate] t=35.7560 tri=45 rej=0 xrej=0 init_replace=5 gate=0
[T2slv] t=35.7560 phase=1 init_cost=117.74 final_cost=116.735 iters=7 term=0 slv_ms=13.8
[T2diag] t=35.7560 P=[-0.0179 0.0488 -0.0007] V=[0.0080 0.0192 0.0017] |Bas|=0.195380 |Bgs|=0.0053176 Bas=[-0.131657 -0.144357 -0.000952] Bgs=[0.0025827 0.0030212 0.0035325] tic0=[0.1200 0.0500 -0.0200] tic1=[0.1200 -0.0500 -0.0200] td=0.00000 track=141
[E2uls] flag=1 sh_t=35.800 new_t=35.800 dP=[0.0007 -0.0005 -0.0007] |dP|=0.0011 first_dt=-1.0000
time: 35.756000, t: -0.017881 0.048779 -0.000736 q: 0.999975 0.000646 -0.005031 -0.004963 
[T2xcross] t=35.8560 id=3199 est=43.5489 svd=0.0187 rel=0.9996 track=2 sf=9
[T2xcross] t=35.8560 id=3232 est=0.0442 svd=0.4026 rel=0.8903 track=2 sf=9
[T2depth] t=35.8560 id=3236 src=motion2 u=293.2 v=55.0 depth=0.5139 depth2=-1.0000 track=2 sf=9 flag=ok
[T2depth] t=35.8560 id=3237 src=motion2 u=53.3 v=248.0 depth=5.0000 depth2=-1.0000 track=2 sf=9 flag=init_neg
[T2depth] t=35.8560 id=3239 src=motion2 u=93.0 v=39.0 depth=0.3355 depth2=-1.0000 track=2 sf=9 flag=ok
[T2depth] t=35.8560 id=3240 src=motion2 u=408.0 v=34.0 depth=0.3662 depth2=-1.0000 track=2 sf=9 flag=ok
[T2depth] t=35.8560 id=3241 src=motion2 u=214.0 v=210.0 depth=5.0000 depth2=-1.0000 track=2 sf=9 flag=init_neg
[T2depth] t=35.8560 id=3242 src=motion2 u=83.0 v=94.0 depth=0.1183 depth2=-1.0000 track=2 sf=9 flag=ok
[T2depth] t=35.8560 id=3243 src=motion2 u=314.0 v=190.0 depth=1.0877 depth2=-1.0000 track=2 sf=9 flag=ok
[T2depth] t=35.8560 id=3253 src=stereo u=421.0 v=98.0 depth=3.5235 depth2=-1.0000 track=1 sf=10 flag=ok
[T2depth] t=35.8560 id=3254 src=stereo u=490.0 v=73.0 depth=3.8489 depth2=-1.0000 track=1 sf=10 flag=ok
[T2depth] t=35.8560 id=3255 src=stereo u=326.0 v=104.0 depth=5.0000 depth2=-1.0000 track=1 sf=10 flag=init_neg
[T2gate] t=35.8560 tri=45 rej=0 xrej=0 init_replace=3 gate=0
[T2slv] t=35.8560 phase=1 init_cost=121.641 final_cost=116.728 iters=8 term=0 slv_ms=16.2
[T2diag] t=35.8560 P=[-0.0184 0.0474 -0.0009] V=[-0.0029 -0.0081 -0.0041] |Bas|=0.195380 |Bgs|=0.0056052 Bas=[-0.131657 -0.144357 -0.000952] Bgs=[-0.0011396 -0.0051591 -0.0018715] tic0=[0.1200 0.0500 -0.0200] tic1=[0.1200 -0.0500 -0.0200] td=0.00000 track=141
[E2uls] flag=1 sh_t=35.892 new_t=35.892 dP=[0.0027 0.0067 0.0004] |dP|=0.0072 first_dt=-1.0000
time: 35.856000, t: -0.018381 0.047374 -0.000932 q: 0.999975 0.000704 -0.005078 -0.004812 
[T2xcross] t=35.9560 id=3239 est=0.3355 svd=0.0074 rel=0.9780 track=2 sf=9
[T2depth] t=35.9560 id=3247 src=motion2 u=274.1 v=113.1 depth=0.0558 depth2=-1.0000 track=2 sf=9 flag=ok
[T2depth] t=35.9560 id=3251 src=motion2 u=206.0 v=174.0 depth=0.0510 depth2=-1.0000 track=2 sf=9 flag=ok
[T2depth] t=35.9560 id=3252 src=motion2 u=623.0 v=186.0 depth=0.1083 depth2=-1.0000 track=2 sf=9 flag=ok
[T2xcross] t=35.9560 id=3253 est=3.5235 svd=0.0981 rel=0.9721 track=2 sf=9
[T2depth] t=35.9560 id=3260 src=stereo u=418.0 v=204.0 depth=4.5687 depth2=-1.0000 track=1 sf=10 flag=ok
[T2depth] t=35.9560 id=3263 src=stereo u=27.0 v=28.0 depth=5.0000 depth2=-1.0000 track=1 sf=10 flag=init_neg
[T2depth] t=35.9560 id=3267 src=stereo u=288.0 v=171.0 depth=38.7159 depth2=-1.0000 track=1 sf=10 flag=ok
[T2gate] t=35.9560 tri=47 rej=0 xrej=0 init_replace=1 gate=0
[T2slv] t=35.9560 phase=1 init_cost=117.215 final_cost=116.501 iters=7 term=0 slv_ms=8.5
[T2diag] t=35.9560 P=[-0.0184 0.0454 -0.0010] V=[-0.0010 -0.0114 0.0013] |Bas|=0.195380 |Bgs|=0.0074066 Bas=[-0.131657 -0.144357 -0.000952] Bgs=[-0.0021379 -0.0025053 -0.0066340] tic0=[0.1200 0.0500 -0.0200] tic1=[0.1200 -0.0500 -0.0200] td=0.00000 track=138
[E2uls] flag=1 sh_t=35.988 new_t=35.988 dP=[0.0004 0.0022 -0.0001] |dP|=0.0023 first_dt=-1.0000
time: 35.956000, t: -0.018367 0.045369 -0.001041 q: 0.999976 0.000767 -0.005100 -0.004562 
[T2xcross] t=36.0560 id=3238 est=15.8454 svd=0.0281 rel=0.9982 track=2 sf=9
[T2xcross] t=36.0560 id=3252 est=0.1083 svd=0.0808 rel=0.2538 track=2 sf=9
[T2depth] t=36.0560 id=3257 src=motion2 u=588.0 v=105.2 depth=5.0000 depth2=-1.0000 track=2 sf=9 flag=init_neg
[T2depth] t=36.0560 id=3259 src=motion2 u=133.0 v=70.0 depth=5.0000 depth2=-1.0000 track=2 sf=9 flag=init_neg
[T2xcross] t=36.0560 id=3260 est=4.5687 svd=0.0311 rel=0.9932 track=2 sf=9
[T2depth] t=36.0560 id=3262 src=motion2 u=232.0 v=139.0 depth=0.0607 depth2=-1.0000 track=2 sf=9 flag=ok
[T2depth] t=36.0560 id=3265 src=motion2 u=51.0 v=66.0 depth=5.0000 depth2=-1.0000 track=2 sf=9 flag=init_neg
[T2depth] t=36.0560 id=3266 src=motion2 u=594.0 v=69.0 depth=5.0000 depth2=-1.0000 track=2 sf=9 flag=init_neg
[T2depth] t=36.0560 id=3275 src=stereo u=403.3 v=154.7 depth=3.2708 depth2=-1.0000 track=1 sf=10 flag=ok
[T2depth] t=36.0560 id=3279 src=stereo u=393.0 v=17.0 depth=3.6763 depth2=-1.0000 track=1 sf=10 flag=ok
[T2depth] t=36.0560 id=3282 src=stereo u=250.0 v=195.0 depth=26.7599 depth2=-1.0000 track=1 sf=10 flag=ok
[T2gate] t=36.0560 tri=49 rej=0 xrej=0 init_replace=4 gate=0
[T2slv] t=36.0560 phase=1 init_cost=119.488 final_cost=116.383 iters=8 term=0 slv_ms=14.2
[T2diag] t=36.0560 P=[-0.0181 0.0449 -0.0011] V=[0.0041 0.0004 -0.0000] |Bas|=0.195380 |Bgs|=0.0023473 Bas=[-0.131657 -0.144357 -0.000952] Bgs=[-0.0016579 0.0000736 0.0016601] tic0=[0.1200 0.0500 -0.0200] tic1=[0.1200 -0.0500 -0.0200] td=0.00000 track=139
[E2uls] flag=1 sh_t=36.124 new_t=36.124 dP=[0.0014 -0.0000 0.0005] |dP|=0.0015 first_dt=-1.0000
time: 36.056000, t: -0.018141 0.044884 -0.001097 q: 0.999977 0.000788 -0.005105 -0.004492 
[T2xcross] t=36.1560 id=3257 est=5.0000 svd=0.1596 rel=0.9681 track=2 sf=9
[T2depth] t=36.1560 id=3269 src=motion2 u=469.0 v=266.0 depth=5.0000 depth2=-1.0000 track=2 sf=9 flag=init_neg
[T2depth] t=36.1560 id=3270 src=motion2 u=345.3 v=132.8 depth=0.0152 depth2=-1.0000 track=2 sf=9 flag=ok
[T2depth] t=36.1560 id=3273 src=motion2 u=497.9 v=20.0 depth=0.0803 depth2=-1.0000 track=2 sf=9 flag=ok
[T2depth] t=36.1560 id=3277 src=motion2 u=76.0 v=12.0 depth=0.2044 depth2=-1.0000 track=2 sf=9 flag=ok
[T2xcross] t=36.1560 id=3279 est=3.6763 svd=0.0977 rel=0.9734 track=2 sf=9
[T2depth] t=36.1560 id=3281 src=motion2 u=53.0 v=176.0 depth=5.0000 depth2=-1.0000 track=2 sf=9 flag=init_neg
[T2xcross] t=36.1560 id=3282 est=26.7599 svd=0.1545 rel=0.9942 track=2 sf=9
[T2depth] t=36.1560 id=3283 src=motion2 u=457.0 v=105.0 depth=0.1413 depth2=-1.0000 track=2 sf=9 flag=ok
[T2depth] t=36.1560 id=3284 src=stereo u=371.2 v=79.8 depth=3.4272 depth2=-1.0000 track=1 sf=10 flag=ok
[T2depth] t=36.1560 id=3286 src=stereo u=17.5 v=119.1 depth=25.7298 depth2=-1.0000 track=1 sf=10 flag=ok
[T2depth] t=36.1560 id=3289 src=stereo u=446.0 v=210.0 depth=3.8955 depth2=-1.0000 track=1 sf=10 flag=ok
[T2gate] t=36.1560 tri=44 rej=0 xrej=0 init_replace=2 gate=0
[T2slv] t=36.1560 phase=1 init_cost=116.891 final_cost=116.378 iters=3 term=0 slv_ms=7.8
[T2diag] t=36.1560 P=[-0.0181 0.0453 -0.0012] V=[0.0032 0.0077 -0.0021] |Bas|=0.195380 |Bgs|=0.0027057 Bas=[-0.131657 -0.144357 -0.000952] Bgs=[-0.0016169 -0.0010400 0.0019039] tic0=[0.1200 0.0500 -0.0200] tic1=[0.1200 -0.0500 -0.0200] td=0.00000 track=143
[E2uls] flag=1 sh_t=36.204 new_t=36.204 dP=[0.0022 0.0008 0.0002] |dP|=0.0024 first_dt=-1.0000
time: 36.156000, t: -0.018148 0.045325 -0.001216 q: 0.999976 0.000784 -0.005124 -0.004551 
[T2xcross] t=36.2560 id=3121 est=2.6073 svd=1.2092 rel=0.5362 track=2 sf=9
[T2xcross] t=36.2560 id=3284 est=3.4272 svd=0.3267 rel=0.9047 track=2 sf=9
[T2xcross] t=36.2560 id=3286 est=25.7298 svd=0.0664 rel=0.9974 track=2 sf=9
[T2depth] t=36.2560 id=3290 src=motion2 u=188.0 v=114.0 depth=0.1353 depth2=-1.0000 track=2 sf=9 flag=ok
[T2depth] t=36.2560 id=3304 src=stereo u=380.0 v=181.0 depth=3.8580 depth2=-1.0000 track=1 sf=10 flag=ok
[T2gate] t=36.2560 tri=44 rej=0 xrej=0 init_replace=0 gate=0
[T2slv] t=36.2560 phase=1 init_cost=116.793 final_cost=116.434 iters=5 term=0 slv_ms=8.1
[T2diag] t=36.2560 P=[-0.0180 0.0458 -0.0012] V=[0.0050 0.0121 -0.0015] |Bas|=0.195380 |Bgs|=0.0013954 Bas=[-0.131657 -0.144357 -0.000952] Bgs=[0.0012288 0.0004061 -0.0005216] tic0=[0.1200 0.0500 -0.0200] tic1=[0.1200 -0.0500 -0.0200] td=0.00000 track=139
[E2uls] flag=1 sh_t=36.288 new_t=36.288 dP=[0.0012 0.0020 -0.0005] |dP|=0.0024 first_dt=-1.0000
time: 36.256000, t: -0.017981 0.045806 -0.001214 q: 0.999976 0.000776 -0.005122 -0.004612 
[T2xcross] t=36.3560 id=3267 est=38.7159 svd=1.1725 rel=0.9697 track=2 sf=9
[T2depth] t=36.3560 id=3291 src=motion2 u=249.3 v=103.3 depth=5.0000 depth2=-1.0000 track=2 sf=9 flag=init_neg
[T2depth] t=36.3560 id=3295 src=motion2 u=620.0 v=75.0 depth=1.2809 depth2=-1.0000 track=2 sf=9 flag=ok
[T2depth] t=36.3560 id=3298 src=motion2 u=129.0 v=116.0 depth=5.0000 depth2=-1.0000 track=2 sf=9 flag=init_neg
[T2depth] t=36.3560 id=3299 src=motion2 u=67.0 v=120.0 depth=5.0000 depth2=-1.0000 track=2 sf=9 flag=init_neg
[T2depth] t=36.3560 id=3302 src=motion2 u=513.0 v=65.0 depth=0.2114 depth2=-1.0000 track=2 sf=9 flag=ok
[T2depth] t=36.3560 id=3303 src=motion2 u=46.0 v=66.0 depth=0.2765 depth2=-1.0000 track=2 sf=9 flag=ok
[T2depth] t=36.3560 id=3314 src=stereo u=334.0 v=81.0 depth=5.0000 depth2=-1.0000 track=1 sf=10 flag=init_neg
[T2gate] t=36.3560 tri=48 rej=0 xrej=0 init_replace=4 gate=0
[T2slv] t=36.3560 phase=1 init_cost=118.369 final_cost=116.326 iters=7 term=0 slv_ms=9.4
[T2diag] t=36.3560 P=[-0.0184 0.0432 -0.0013] V=[-0.0033 -0.0160 0.0019] |Bas|=0.195380 |Bgs|=0.0068933 Bas=[-0.131657 -0.144356 -0.000952] Bgs=[0.0022802 -0.0014538 -0.0063407] tic0=[0.1200 0.0500 -0.0200] tic1=[0.1200 -0.0500 -0.0200] td=0.00000 track=141
[E2uls] flag=1 sh_t=36.392 new_t=36.392 dP=[0.0022 0.0072 -0.0001] |dP|=0.0076 first_dt=-1.0000
time: 36.356000, t: -0.018373 0.043177 -0.001346 q: 0.999977 0.000870 -0.005170 -0.004285 
[T2xcross] t=36.4560 id=3277 est=0.2044 svd=0.1482 rel=0.2750 track=2 sf=9
[T2xcross] t=36.4560 id=3295 est=1.2809 svd=0.0455 rel=0.9645 track=2 sf=9
[T2depth] t=36.4560 id=3305 src=motion2 u=179.0 v=31.0 depth=5.0000 depth2=-1.0000 track=2 sf=9 flag=init_neg
[T2depth] t=36.4560 id=3306 src=motion2 u=471.2 v=120.6 depth=5.0000 depth2=-1.0000 track=2 sf=9 flag=init_neg
[T2depth] t=36.4560 id=3308 src=motion2 u=256.6 v=42.3 depth=0.1427 depth2=-1.0000 track=2 sf=9 flag=ok
[T2depth] t=36.4560 id=3310 src=motion2 u=536.0 v=101.0 depth=0.1233 depth2=-1.0000 track=2 sf=9 flag=ok
[T2depth] t=36.4560 id=3312 src=motion2 u=566.0 v=214.0 depth=0.2994 depth2=-1.0000 track=2 sf=9 flag=ok
[T2depth] t=36.4560 id=3315 src=stereo u=194.7 v=142.0 depth=20.1066 depth2=-1.0000 track=1 sf=10 flag=ok
[T2depth] t=36.4560 id=3318 src=stereo u=377.9 v=77.8 depth=3.8968 depth2=-1.0000 track=1 sf=10 flag=ok
[T2gate] t=36.4560 tri=43 rej=0 xrej=0 init_replace=2 gate=0
[T2slv] t=36.4560 phase=1 init_cost=117.717 final_cost=116.192 iters=8 term=0 slv_ms=21.2
[T2diag] t=36.4560 P=[-0.0180 0.0428 -0.0013] V=[0.0012 0.0050 -0.0015] |Bas|=0.195380 |Bgs|=0.0032444 Bas=[-0.131657 -0.144356 -0.000952] Bgs=[-0.0020977 -0.0012020 0.0021635] tic0=[0.1200 0.0500 -0.0200] tic1=[0.1200 -0.0500 -0.0200] td=0.00000 track=144
[E2uls] flag=1 sh_t=36.524 new_t=36.524 dP=[-0.0003 -0.0010 -0.0003] |dP|=0.0011 first_dt=-1.0000
time: 36.456000, t: -0.017974 0.042840 -0.001273 q: 0.999977 0.000856 -0.005162 -0.004239 
[T2xcross] t=36.5560 id=3304 est=3.8580 svd=0.1805 rel=0.9532 track=2 sf=9
[T2xcross] t=36.5560 id=3318 est=3.8968 svd=0.1599 rel=0.9590 track=2 sf=9
[T2depth] t=36.5560 id=3320 src=motion2 u=562.0 v=89.0 depth=0.0607 depth2=-1.0000 track=2 sf=9 flag=ok
[T2depth] t=36.5560 id=3321 src=motion2 u=292.0 v=23.0 depth=0.0821 depth2=-1.0000 track=2 sf=9 flag=ok
[T2depth] t=36.5560 id=3322 src=motion2 u=29.0 v=116.0 depth=0.1604 depth2=-1.0000 track=2 sf=9 flag=ok
[T2depth] t=36.5560 id=3323 src=stereo u=448.0 v=208.2 depth=3.8981 depth2=-1.0000 track=1 sf=10 flag=ok
[T2depth] t=36.5560 id=3325 src=stereo u=306.7 v=93.9 depth=5.0000 depth2=-1.0000 track=1 sf=10 flag=init_neg
[T2depth] t=36.5560 id=3331 src=stereo u=377.0 v=18.0 depth=3.7129 depth2=-1.0000 track=1 sf=10 flag=ok
[T2gate] t=36.5560 tri=43 rej=0 xrej=0 init_replace=1 gate=0
[T2slv] t=36.5560 phase=1 init_cost=119.554 final_cost=117.941 iters=9 term=1 slv_ms=15.9
[T2diag] t=36.5560 P=[-0.0172 0.0520 -0.0003] V=[0.0202 0.0650 0.0062] |Bas|=0.195380 |Bgs|=0.0175644 Bas=[-0.131657 -0.144357 -0.000952] Bgs=[0.0045619 -0.0030084 0.0166927] tic0=[0.1200 0.0500 -0.0200] tic1=[0.1200 -0.0500 -0.0200] td=0.00000 track=140
[E2uls] flag=1 sh_t=36.620 new_t=36.620 dP=[-0.0002 -0.0096 -0.0021] |dP|=0.0098 first_dt=-1.0000
time: 36.556000, t: -0.017158 0.052001 -0.000265 q: 0.999973 0.000565 -0.004985 -0.005365 
[T2xcross] t=36.6560 id=3303 est=0.2765 svd=0.2879 rel=0.0395 track=2 sf=9
[T2xcross] t=36.6560 id=3323 est=3.8981 svd=3.9861 rel=0.0221 track=2 sf=9
[T2depth] t=36.6560 id=3327 src=motion2 u=400.0 v=109.0 depth=3.4410 depth2=-1.0000 track=2 sf=9 flag=ok
[T2depth] t=36.6560 id=3328 src=motion2 u=499.0 v=16.0 depth=1.3193 depth2=-1.0000 track=2 sf=9 flag=ok
[T2depth] t=36.6560 id=3330 src=motion2 u=143.0 v=156.0 depth=0.7059 depth2=-1.0000 track=2 sf=9 flag=ok
[T2depth] t=36.6560 id=3333 src=motion2 u=268.0 v=66.0 depth=10.7316 depth2=-1.0000 track=2 sf=9 flag=ok
[T2depth] t=36.6560 id=3337 src=stereo u=113.7 v=107.2 depth=5.0000 depth2=-1.0000 track=1 sf=10 flag=init_neg
[T2depth] t=36.6560 id=3339 src=stereo u=133.2 v=49.9 depth=5.0000 depth2=-1.0000 track=1 sf=10 flag=init_neg
[T2depth] t=36.6560 id=3340 src=stereo u=193.0 v=196.0 depth=5.0000 depth2=-1.0000 track=1 sf=10 flag=init_neg
[T2depth] t=36.6560 id=3341 src=stereo u=416.0 v=162.0 depth=4.1216 depth2=-1.0000 track=1 sf=10 flag=ok
[T2depth] t=36.6560 id=3343 src=stereo u=480.0 v=161.0 depth=3.9854 depth2=-1.0000 track=1 sf=10 flag=ok
[T2gate] t=36.6560 tri=49 rej=0 xrej=0 init_replace=3 gate=0
[T2slv] t=36.6560 phase=1 init_cost=120.172 final_cost=117.977 iters=9 term=1 slv_ms=17.6
[T2diag] t=36.6560 P=[-0.0188 0.0471 -0.0010] V=[-0.0121 -0.0447 -0.0066] |Bas|=0.195380 |Bgs|=0.0125929 Bas=[-0.131657 -0.144356 -0.000952] Bgs=[-0.0052178 0.0025308 -0.0111781] tic0=[0.1200 0.0500 -0.0200] tic1=[0.1200 -0.0500 -0.0200] td=0.00000 track=137
[E2uls] flag=1 sh_t=36.704 new_t=36.704 dP=[0.0080 0.0218 0.0023] |dP|=0.0233 first_dt=-1.0000
time: 36.656000, t: -0.018801 0.047086 -0.000999 q: 0.999975 0.000774 -0.005139 -0.004784 
[T2depth] t=36.7560 id=3335 src=motion2 u=580.8 v=200.1 depth=0.7683 depth2=-1.0000 track=2 sf=9 flag=ok
[T2xcross] t=36.7560 id=3343 est=3.9854 svd=2.4491 rel=0.3855 track=2 sf=9
[T2depth] t=36.7560 id=3344 src=motion2 u=53.0 v=153.0 depth=0.5396 depth2=-1.0000 track=2 sf=9 flag=ok
[T2depth] t=36.7560 id=3345 src=motion2 u=299.0 v=140.0 depth=5.0000 depth2=-1.0000 track=2 sf=9 flag=init_neg
[T2depth] t=36.7560 id=3347 src=motion2 u=53.0 v=18.0 depth=5.0000 depth2=-1.0000 track=2 sf=9 flag=init_neg
[T2depth] t=36.7560 id=3348 src=motion2 u=379.0 v=29.0 depth=5.0000 depth2=-1.0000 track=2 sf=9 flag=init_neg
[T2depth] t=36.7560 id=3351 src=stereo u=322.6 v=26.8 depth=32.9283 depth2=-1.0000 track=1 sf=10 flag=ok
[T2depth] t=36.7560 id=3355 src=stereo u=526.3 v=193.0 depth=3.7423 depth2=-1.0000 track=1 sf=10 flag=ok
[T2depth] t=36.7560 id=3358 src=stereo u=105.0 v=32.0 depth=35.8747 depth2=-1.0000 track=1 sf=10 flag=ok
[T2gate] t=36.7560 tri=46 rej=0 xrej=0 init_replace=3 gate=0
[T2slv] t=36.7560 phase=1 init_cost=117.227 final_cost=116.193 iters=9 term=1 slv_ms=17.7
[T2diag] t=36.7560 P=[-0.0181 0.0423 -0.0014] V=[-0.0017 -0.0060 0.0002] |Bas|=0.195380 |Bgs|=0.0064584 Bas=[-0.131657 -0.144356 -0.000952] Bgs=[0.0017934 0.0025980 -0.0056343] tic0=[0.1200 0.0500 -0.0200] tic1=[0.1200 -0.0500 -0.0200] td=0.00000 track=141
[E2uls] flag=1 sh_t=36.820 new_t=36.820 dP=[-0.0017 -0.0022 -0.0016] |dP|=0.0033 first_dt=-1.0000
time: 36.756000, t: -0.018139 0.042347 -0.001379 q: 0.999977 0.000895 -0.005193 -0.004195 
[T2xcross] t=36.8560 id=3315 est=20.1066 svd=0.0123 rel=0.9994 track=2 sf=9
[T2xcross] t=36.8560 id=3327 est=3.4410 svd=0.0208 rel=0.9939 track=2 sf=9
[T2xcross] t=36.8560 id=3333 est=10.7316 svd=0.0082 rel=0.9992 track=2 sf=9
[T2xcross] t=36.8560 id=3335 est=0.7683 svd=0.0111 rel=0.9856 track=2 sf=9
[T2xcross] t=36.8560 id=3347 est=5.0000 svd=0.0106 rel=0.9979 track=2 sf=9
[T2depth] t=36.8560 id=3350 src=motion2 u=140.5 v=191.4 depth=0.0026 depth2=-1.0000 track=2 sf=9 flag=ok
[T2depth] t=36.8560 id=3353 src=motion2 u=99.4 v=180.2 depth=0.0185 depth2=-1.0000 track=2 sf=9 flag=ok
[T2depth] t=36.8560 id=3356 src=motion2 u=48.0 v=102.0 depth=0.0588 depth2=-1.0000 track=2 sf=9 flag=ok
[T2depth] t=36.8560 id=3360 src=motion2 u=274.0 v=14.0 depth=0.0175 depth2=-1.0000 track=2 sf=9 flag=ok
[T2depth] t=36.8560 id=3362 src=stereo u=372.2 v=203.0 depth=4.0356 depth2=-1.0000 track=1 sf=10 flag=ok
[T2gate] t=36.8560 tri=44 rej=0 xrej=0 init_replace=0 gate=0
[T2slv] t=36.8560 phase=1 init_cost=116.951 final_cost=116.053 iters=5 term=0 slv_ms=6.2
[T2diag] t=36.8560 P=[-0.0181 0.0415 -0.0016] V=[-0.0017 -0.0008 -0.0012] |Bas|=0.195380 |Bgs|=0.0033269 Bas=[-0.131657 -0.144356 -0.000952] Bgs=[-0.0006413 0.0002163 -0.0032573] tic0=[0.1200 0.0500 -0.0200] tic1=[0.1200 -0.0500 -0.0200] td=0.00000 track=141
[E2uls] flag=1 sh_t=36.888 new_t=36.888 dP=[0.0002 0.0012 0.0001] |dP|=0.0012 first_dt=-1.0000
time: 36.856000, t: -0.018060 0.041476 -0.001600 q: 0.999978 0.000924 -0.005236 -0.004077 
[T2xcross] t=36.9560 id=3360 est=0.0175 svd=0.0991 rel=0.8238 track=2 sf=9
[T2depth] t=36.9560 id=3361 src=motion2 u=345.6 v=106.4 depth=5.0000 depth2=-1.0000 track=2 sf=9 flag=init_neg
[T2depth] t=36.9560 id=3364 src=motion2 u=580.3 v=62.3 depth=5.0000 depth2=-1.0000 track=2 sf=9 flag=init_neg
[T2depth] t=36.9560 id=3365 src=motion2 u=543.0 v=68.0 depth=5.0000 depth2=-1.0000 track=2 sf=9 flag=init_neg
[T2depth] t=36.9560 id=3366 src=motion2 u=378.0 v=15.0 depth=5.0000 depth2=-1.0000 track=2 sf=9 flag=init_neg
[T2depth] t=36.9560 id=3369 src=motion2 u=142.0 v=124.0 depth=0.1784 depth2=-1.0000 track=2 sf=9 flag=ok
[T2depth] t=36.9560 id=3371 src=stereo u=326.5 v=136.0 depth=33.1196 depth2=-1.0000 track=1 sf=10 flag=ok
[T2depth] t=36.9560 id=3373 src=stereo u=548.2 v=22.6 depth=3.2554 depth2=-1.0000 track=1 sf=10 flag=ok
[T2depth] t=36.9560 id=3375 src=stereo u=564.0 v=146.0 depth=5.0000 depth2=-1.0000 track=1 sf=10 flag=init_neg
[T2depth] t=36.9560 id=3376 src=stereo u=266.0 v=127.0 depth=29.6414 depth2=-1.0000 track=1 sf=10 flag=ok
[T2gate] t=36.9560 tri=48 rej=0 xrej=0 init_replace=5 gate=0
[T2slv] t=36.9560 phase=1 init_cost=116.701 final_cost=115.987 iters=5 term=0 slv_ms=6.3
[T2diag] t=36.9560 P=[-0.0179 0.0408 -0.0016] V=[0.0041 0.0024 -0.0001] |Bas|=0.195380 |Bgs|=0.0072621 Bas=[-0.131657 -0.144356 -0.000952] Bgs=[0.0036584 0.0030290 -0.0054936] tic0=[0.1200 0.0500 -0.0200] tic1=[0.1200 -0.0500 -0.0200] td=0.00000 track=139
[E2uls] flag=1 sh_t=36.984 new_t=36.984 dP=[0.0003 0.0019 -0.0003] |dP|=0.0020 first_dt=-1.0000
time: 36.956000, t: -0.017865 0.040775 -0.001614 q: 0.999978 0.000945 -0.005246 -0.003993 
[T2xcross] t=37.0600 id=3362 est=4.0356 svd=0.1667 rel=0.9587 track=2 sf=9
[T2xcross] t=37.0600 id=3366 est=5.0000 svd=0.0493 rel=0.9901 track=2 sf=9
[T2depth] t=37.0600 id=3378 src=motion2 u=512.0 v=34.0 depth=5.0000 depth2=-1.0000 track=2 sf=9 flag=init_neg
[T2depth] t=37.0600 id=3379 src=motion2 u=313.0 v=95.0 depth=5.0000 depth2=-1.0000 track=2 sf=9 flag=init_neg
[T2depth] t=37.0600 id=3380 src=motion2 u=187.0 v=167.0 depth=5.0000 depth2=-1.0000 track=2 sf=9 flag=init_neg
[T2depth] t=37.0600 id=3381 src=motion2 u=193.0 v=209.0 depth=0.0618 depth2=-1.0000 track=2 sf=9 flag=ok
[T2depth] t=37.0600 id=3385 src=stereo u=381.0 v=79.7 depth=4.2036 depth2=-1.0000 track=1 sf=10 flag=ok
[T2gate] t=37.0600 tri=49 rej=0 xrej=0 init_replace=3 gate=0
[T2slv] t=37.0600 phase=1 init_cost=121.555 final_cost=115.971 iters=7 term=0 slv_ms=23.8
[T2diag] t=37.0600 P=[-0.0179 0.0403 -0.0017] V=[0.0030 0.0025 -0.0024] |Bas|=0.195380 |Bgs|=0.0026509 Bas=[-0.131657 -0.144356 -0.000952] Bgs=[-0.0006650 -0.0004993 0.0025171] tic0=[0.1200 0.0500 -0.0200] tic1=[0.1200 -0.0500 -0.0200] td=0.00000 track=137
[E2uls] flag=1 sh_t=37.108 new_t=37.108 dP=[0.0021 0.0032 -0.0004] |dP|=0.0038 first_dt=-1.0000
time: 37.060000, t: -0.017862 0.040292 -0.001677 q: 0.999978 0.000966 -0.005272 -0.003932 
[T2xcross] t=37.1920 id=3351 est=32.9283 svd=0.1488 rel=0.9955 track=2 sf=9
[T2depth] t=37.1920 id=3383 src=motion2 u=196.9 v=65.9 depth=0.0236 depth2=-1.0000 track=2 sf=9 flag=ok
[T2xcross] t=37.1920 id=3385 est=4.2036 svd=0.3771 rel=0.9103 track=2 sf=9
[T2depth] t=37.1920 id=3389 src=motion2 u=195.6 v=109.2 depth=0.2713 depth2=-1.0000 track=2 sf=9 flag=ok
[T2depth] t=37.1920 id=3390 src=motion2 u=548.1 v=278.0 depth=2.2180 depth2=-1.0000 track=2 sf=9 flag=ok
[T2depth] t=37.1920 id=3391 src=motion2 u=85.1 v=103.7 depth=0.1118 depth2=-1.0000 track=2 sf=9 flag=ok
[T2depth] t=37.1920 id=3394 src=motion2 u=216.0 v=169.0 depth=5.0000 depth2=-1.0000 track=2 sf=9 flag=init_neg
[T2depth] t=37.1920 id=3395 src=motion2 u=188.0 v=25.0 depth=5.0000 depth2=-1.0000 track=2 sf=9 flag=init_neg
[T2depth] t=37.1920 id=3398 src=motion2 u=626.0 v=67.0 depth=5.0000 depth2=-1.0000 track=2 sf=9 flag=init_neg
[T2depth] t=37.1920 id=3399 src=motion2 u=130.0 v=86.0 depth=0.1794 depth2=-1.0000 track=2 sf=9 flag=ok
[T2depth] t=37.1920 id=3400 src=motion2 u=344.0 v=176.0 depth=5.0000 depth2=-1.0000 track=2 sf=9 flag=init_neg
[T2gate] t=37.1920 tri=47 rej=0 xrej=0 init_replace=4 gate=0
[T2slv] t=37.1920 phase=1 init_cost=116.821 final_cost=115.983 iters=5 term=0 slv_ms=6.8
[T2diag] t=37.1920 P=[-0.0176 0.0411 -0.0017] V=[0.0062 0.0143 -0.0009] |Bas|=0.195380 |Bgs|=0.0019229 Bas=[-0.131657 -0.144356 -0.000952] Bgs=[-0.0006465 -0.0013272 -0.0012321] tic0=[0.1200 0.0500 -0.0200] tic1=[0.1200 -0.0500 -0.0200] td=0.00000 track=144
[E2uls] flag=1 sh_t=37.244 new_t=37.244 dP=[0.0015 0.0025 -0.0004] |dP|=0.0030 first_dt=-1.0000
time: 37.192000, t: -0.017637 0.041136 -0.001706 q: 0.999977 0.000944 -0.005280 -0.004036 
[T2xcross] t=37.2920 id=1054 est=5.0000 svd=1.9951 rel=0.6010 track=2 sf=9
[T2depth] t=37.2920 id=3401 src=motion2 u=256.4 v=88.8 depth=5.0000 depth2=-1.0000 track=2 sf=9 flag=init_neg
[T2depth] t=37.2920 id=3403 src=motion2 u=53.3 v=96.3 depth=5.0000 depth2=-1.0000 track=2 sf=9 flag=init_neg
[T2depth] t=37.2920 id=3404 src=motion2 u=585.0 v=61.0 depth=0.0908 depth2=-1.0000 track=2 sf=9 flag=ok
[T2depth] t=37.2920 id=3405 src=motion2 u=152.0 v=133.0 depth=0.2254 depth2=-1.0000 track=2 sf=9 flag=ok
[T2depth] t=37.2920 id=3407 src=motion2 u=39.0 v=66.0 depth=5.0000 depth2=-1.0000 track=2 sf=9 flag=init_neg
[T2depth] t=37.2920 id=3415 src=stereo u=69.8 v=68.9 depth=5.0000 depth2=-1.0000 track=1 sf=10 flag=init_neg
[T2depth] t=37.2920 id=3416 src=stereo u=357.0 v=36.0 depth=3.8586 depth2=-1.0000 track=1 sf=10 flag=ok
[T2depth] t=37.2920 id=3418 src=stereo u=316.0 v=63.0 depth=5.0000 depth2=-1.0000 track=1 sf=10 flag=init_neg
[T2depth] t=37.2920 id=3422 src=stereo u=533.0 v=151.0 depth=20.7637 depth2=-1.0000 track=1 sf=10 flag=ok
[T2gate] t=37.2920 tri=48 rej=0 xrej=0 init_replace=5 gate=0
[T2slv] t=37.2920 phase=1 init_cost=119.869 final_cost=116.054 iters=7 term=0 slv_ms=13.9
[T2diag] t=37.2920 P=[-0.0176 0.0417 -0.0017] V=[0.0049 0.0127 -0.0010] |Bas|=0.195380 |Bgs|=0.0049283 Bas=[-0.131657 -0.144356 -0.000952] Bgs=[-0.0005412 -0.0039063 0.0029557] tic0=[0.1200 0.0500 -0.0200] tic1=[0.1200 -0.0500 -0.0200] td=0.00000 track=137
[E2uls] flag=1 sh_t=37.340 new_t=37.340 dP=[0.0018 0.0042 0.0002] |dP|=0.0046 first_dt=-1.0000
time: 37.292000, t: -0.017578 0.041740 -0.001734 q: 0.999977 0.000931 -0.005293 -0.004112 
[T2xcross] t=37.3920 id=3407 est=5.0000 svd=0.0287 rel=0.9943 track=2 sf=9
[T2xcross] t=37.3920 id=3415 est=5.0000 svd=0.6928 rel=0.8614 track=2 sf=9
[T2depth] t=37.3920 id=3420 src=motion2 u=617.0 v=227.0 depth=5.0000 depth2=-1.0000 track=2 sf=9 flag=init_neg
[T2depth] t=37.3920 id=3421 src=motion2 u=555.0 v=72.0 depth=5.0000 depth2=-1.0000 track=2 sf=9 flag=init_neg
[T2depth] t=37.3920 id=3431 src=stereo u=135.0 v=160.0 depth=5.0000 depth2=-1.0000 track=1 sf=10 flag=init_neg
[T2depth] t=37.3920 id=3432 src=stereo u=137.0 v=23.0 depth=5.0000 depth2=-1.0000 track=1 sf=10 flag=init_neg
[T2depth] t=37.3920 id=3433 src=stereo u=222.0 v=194.0 depth=5.0000 depth2=-1.0000 track=1 sf=10 flag=init_neg
[T2gate] t=37.3920 tri=52 rej=0 xrej=0 init_replace=5 gate=0
[T2slv] t=37.3920 phase=1 init_cost=118.181 final_cost=116.261 iters=7 term=0 slv_ms=16.8
[T2diag] t=37.3920 P=[-0.0171 0.0445 -0.0015] V=[0.0098 0.0280 0.0010] |Bas|=0.195380 |Bgs|=0.0112310 Bas=[-0.131657 -0.144356 -0.000952] Bgs=[-0.0026880 -0.0039867 0.0101497] tic0=[0.1200 0.0500 -0.0200] tic1=[0.1200 -0.0500 -0.0200] td=0.00000 track=136
[E2uls] flag=1 sh_t=37.468 new_t=37.468 dP=[0.0003 0.0012 -0.0003] |dP|=0.0012 first_dt=-1.0000
time: 37.392000, t: -0.017100 0.044457 -0.001508 q: 0.999976 0.000841 -0.005244 -0.004452 
[T2depth] t=37.4920 id=3423 src=motion2 u=143.6 v=88.5 depth=5.0000 depth2=-1.0000 track=2 sf=9 flag=init_neg
[T2depth] t=37.4920 id=3425 src=motion2 u=167.1 v=240.0 depth=9.3349 depth2=-1.0000 track=2 sf=9 flag=ok
[T2depth] t=37.4920 id=3428 src=motion2 u=523.2 v=260.0 depth=5.0000 depth2=-1.0000 track=2 sf=9 flag=init_neg
[T2depth] t=37.4920 id=3430 src=motion2 u=537.0 v=105.0 depth=0.4654 depth2=-1.0000 track=2 sf=9 flag=ok
[T2xcross] t=37.4920 id=3432 est=5.0000 svd=0.2785 rel=0.9443 track=2 sf=9
[T2depth] t=37.4920 id=3436 src=motion2 u=29.0 v=170.0 depth=0.1223 depth2=-1.0000 track=2 sf=9 flag=ok
[T2depth] t=37.4920 id=3437 src=motion2 u=87.0 v=12.0 depth=0.6787 depth2=-1.0000 track=2 sf=9 flag=ok
[T2depth] t=37.4920 id=3439 src=stereo u=498.1 v=38.7 depth=3.3440 depth2=-1.0000 track=1 sf=10 flag=ok
[T2depth] t=37.4920 id=3445 src=stereo u=488.3 v=75.8 depth=3.6986 depth2=-1.0000 track=1 sf=10 flag=ok
[T2depth] t=37.4920 id=3447 src=stereo u=92.0 v=89.0 depth=39.5716 depth2=-1.0000 track=1 sf=10 flag=ok
[T2depth] t=37.4920 id=3450 src=stereo u=384.0 v=119.0 depth=3.7975 depth2=-1.0000 track=1 sf=10 flag=ok
[T2gate] t=37.4920 tri=53 rej=0 xrej=0 init_replace=2 gate=0
[T2slv] t=37.4920 phase=1 init_cost=117.024 final_cost=116.483 iters=5 term=0 slv_ms=10.2
[T2diag] t=37.4920 P=[-0.0172 0.0461 -0.0014] V=[0.0052 0.0184 -0.0007] |Bas|=0.195380 |Bgs|=0.0079177 Bas=[-0.131657 -0.144356 -0.000952] Bgs=[-0.0010381 -0.0035022 0.0070248] tic0=[0.1200 0.0500 -0.0200] tic1=[0.1200 -0.0500 -0.0200] td=0.00000 track=137
[E2uls] flag=1 sh_t=37.528 new_t=37.528 dP=[0.0021 0.0037 0.0001] |dP|=0.0042 first_dt=-1.0000
time: 37.492000, t: -0.017159 0.046100 -0.001376 q: 0.999975 0.000794 -0.005223 -0.004670 
[T2xcross] t=37.5920 id=3381 est=0.0618 svd=0.3577 rel=0.8271 track=2 sf=9
[T2xcross] t=37.5920 id=3422 est=20.7637 svd=0.5082 rel=0.9755 track=2 sf=9
[T2xcross] t=37.5920 id=3423 est=5.0000 svd=0.3456 rel=0.9309 track=2 sf=9
[T2xcross] t=37.5920 id=3425 est=9.3349 svd=2.0065 rel=0.7851 track=2 sf=9
[T2xcross] t=37.5920 id=3439 est=3.3440 svd=14.7984 rel=0.7740 track=2 sf=9
[T2depth] t=37.5920 id=3440 src=motion2 u=301.0 v=142.0 depth=5.0000 depth2=-1.0000 track=2 sf=9 flag=init_neg
[T2depth] t=37.5920 id=3441 src=motion2 u=102.6 v=138.5 depth=5.0000 depth2=-1.0000 track=2 sf=9 flag=init_neg
[T2depth] t=37.5920 id=3443 src=motion2 u=258.4 v=163.3 depth=5.0000 depth2=-1.0000 track=2 sf=9 flag=init_neg
[T2xcross] t=37.5920 id=3447 est=39.5716 svd=0.2561 rel=0.9935 track=2 sf=9
[T2depth] t=37.5920 id=3448 src=motion2 u=279.0 v=9.0 depth=0.5912 depth2=-1.0000 track=2 sf=9 flag=ok
[T2depth] t=37.5920 id=3451 src=motion2 u=350.0 v=159.0 depth=5.0000 depth2=-1.0000 track=2 sf=9 flag=init_neg
[T2depth] t=37.5920 id=3454 src=stereo u=527.6 v=60.0 depth=3.8180 depth2=-1.0000 track=1 sf=10 flag=ok
[T2gate] t=37.5920 tri=46 rej=0 xrej=0 init_replace=4 gate=0
[T2slv] t=37.5920 phase=1 init_cost=117.288 final_cost=116.366 iters=9 term=1 slv_ms=24.2
[T2diag] t=37.5920 P=[-0.0179 0.0418 -0.0015] V=[-0.0078 -0.0313 0.0006] |Bas|=0.195380 |Bgs|=0.0093145 Bas=[-0.131657 -0.144356 -0.000952] Bgs=[-0.0015695 -0.0002737 -0.0091773] tic0=[0.1200 0.0500 -0.0200] tic1=[0.1200 -0.0500 -0.0200] td=0.00000 track=142
[E2uls] flag=1 sh_t=37.640 new_t=37.640 dP=[0.0033 0.0111 0.0003] |dP|=0.0116 first_dt=-1.0000
time: 37.592000, t: -0.017916 0.041774 -0.001503 q: 0.999977 0.000936 -0.005275 -0.004139 
[T2xcross] t=37.6920 id=3269 est=5.0000 svd=3.6324 rel=0.2735 track=2 sf=9
[T2xcross] t=37.6920 id=3401 est=5.0000 svd=0.1211 rel=0.9758 track=2 sf=9
[T2depth] t=37.6920 id=3455 src=motion2 u=279.2 v=68.3 depth=0.7718 depth2=-1.0000 track=2 sf=9 flag=ok
[T2depth] t=37.6920 id=3457 src=motion2 u=509.0 v=121.0 depth=0.6964 depth2=-1.0000 track=2 sf=9 flag=ok
[T2depth] t=37.6920 id=3459 src=motion2 u=465.0 v=214.0 depth=0.3129 depth2=-1.0000 track=2 sf=9 flag=ok
[T2depth] t=37.6920 id=3460 src=motion2 u=58.0 v=130.0 depth=0.4656 depth2=-1.0000 track=2 sf=9 flag=ok
[T2depth] t=37.6920 id=3462 src=stereo u=471.9 v=72.9 depth=4.1669 depth2=-1.0000 track=1 sf=10 flag=ok
[T2depth] t=37.6920 id=3465 src=stereo u=383.3 v=15.0 depth=3.8077 depth2=-1.0000 track=1 sf=10 flag=ok
[T2depth] t=37.6920 id=3468 src=stereo u=228.0 v=191.0 depth=5.0000 depth2=-1.0000 track=1 sf=10 flag=init_neg
[T2depth] t=37.6920 id=3469 src=stereo u=273.0 v=170.0 depth=5.0000 depth2=-1.0000 track=1 sf=10 flag=init_neg
[T2depth] t=37.6920 id=3470 src=stereo u=385.0 v=116.0 depth=3.7038 depth2=-1.0000 track=1 sf=10 flag=ok
[T2gate] t=37.6920 tri=47 rej=0 xrej=0 init_replace=2 gate=0
[T2slv] t=37.6920 phase=1 init_cost=116.774 final_cost=116.151 iters=8 term=0 slv_ms=12.9
[T2diag] t=37.6920 P=[-0.0172 0.0422 -0.0018] V=[0.0054 0.0108 0.0011] |Bas|=0.195380 |Bgs|=0.0053780 Bas=[-0.131657 -0.144356 -0.000952] Bgs=[-0.0052223 -0.0012393 -0.0003383] tic0=[0.1200 0.0500 -0.0200] tic1=[0.1200 -0.0500 -0.0200] td=0.00000 track=139
[E2uls] flag=1 sh_t=37.744 new_t=37.744 dP=[-0.0018 -0.0056 0.0008] |dP|=0.0059 first_dt=-1.0000
time: 37.692000, t: -0.017204 0.042202 -0.001762 q: 0.999977 0.000929 -0.005293 -0.004183 
[T2depth] t=37.7920 id=3463 src=motion2 u=11.9 v=50.5 depth=5.0000 depth2=-1.0000 track=2 sf=9 flag=init_neg
[T2depth] t=37.7920 id=3467 src=motion2 u=547.0 v=140.0 depth=0.0036 depth2=-1.0000 track=2 sf=9 flag=ok
[T2xcross] t=37.7920 id=3469 est=5.0000 svd=0.6453 rel=0.8709 track=2 sf=9
[T2depth] t=37.7920 id=3472 src=motion2 u=229.0 v=79.0 depth=5.0000 depth2=-1.0000 track=2 sf=9 flag=init_neg
[T2depth] t=37.7920 id=3473 src=motion2 u=178.0 v=24.0 depth=5.0000 depth2=-1.0000 track=2 sf=9 flag=init_neg
[T2depth] t=37.7920 id=3474 src=stereo u=24.7 v=126.1 depth=39.5461 depth2=-1.0000 track=1 sf=10 flag=ok
[T2depth] t=37.7920 id=3478 src=stereo u=308.2 v=59.3 depth=5.0000 depth2=-1.0000 track=1 sf=10 flag=init_neg
[T2depth] t=37.7920 id=3481 src=stereo u=35.9 v=184.7 depth=26.0345 depth2=-1.0000 track=1 sf=10 flag=ok
[T2gate] t=37.7920 tri=47 rej=0 xrej=0 init_replace=4 gate=0
[T2slv] t=37.7920 phase=1 init_cost=119.474 final_cost=116.329 iters=8 term=0 slv_ms=19.5
[T2diag] t=37.7920 P=[-0.0168 0.0447 -0.0017] V=[0.0102 0.0262 0.0002] |Bas|=0.195380 |Bgs|=0.0067208 Bas=[-0.131657 -0.144356 -0.000952] Bgs=[0.0021966 0.0011639 0.0062441] tic0=[0.1200 0.0500 -0.0200] tic1=[0.1200 -0.0500 -0.0200] td=0.00000 track=138
[E2uls] flag=1 sh_t=37.844 new_t=37.844 dP=[0.0015 0.0008 0.0003] |dP|=0.0018 first_dt=-1.0000
time: 37.792000, t: -0.016810 0.044739 -0.001734 q: 0.999976 0.000854 -0.005280 -0.004498 
[T2xcross] t=37.8920 id=3472 est=5.0000 svd=0.1193 rel=0.9761 track=2 sf=9
[T2xcross] t=37.8920 id=3473 est=5.0000 svd=0.3945 rel=0.9211 track=2 sf=9
[T2xcross] t=37.8920 id=3474 est=39.5461 svd=0.8120 rel=0.9795 track=2 sf=9
[T2depth] t=37.8920 id=3475 src=motion2 u=190.4 v=204.9 depth=5.0000 depth2=-1.0000 track=2 sf=9 flag=init_neg
[T2depth] t=37.8920 id=3479 src=motion2 u=190.1 v=125.5 depth=0.1161 depth2=-1.0000 track=2 sf=9 flag=ok
[T2xcross] t=37.8920 id=3481 est=26.0345 svd=1.8968 rel=0.9271 track=2 sf=9
[T2depth] t=37.8920 id=3482 src=motion2 u=289.0 v=15.0 depth=5.0000 depth2=-1.0000 track=2 sf=9 flag=init_neg
[T2depth] t=37.8920 id=3484 src=motion2 u=495.0 v=143.0 depth=0.2968 depth2=-1.0000 track=2 sf=9 flag=ok
[T2depth] t=37.8920 id=3489 src=stereo u=112.9 v=63.5 depth=5.0000 depth2=-1.0000 track=1 sf=10 flag=init_neg
[T2depth] t=37.8920 id=3490 src=stereo u=142.6 v=53.5 depth=5.0000 depth2=-1.0000 track=1 sf=10 flag=init_neg
[T2depth] t=37.8920 id=3494 src=stereo u=232.7 v=114.7 depth=26.0564 depth2=-1.0000 track=1 sf=10 flag=ok
[T2depth] t=37.8920 id=3495 src=stereo u=425.0 v=101.0 depth=3.8968 depth2=-1.0000 track=1 sf=10 flag=ok
[T2gate] t=37.8920 tri=46 rej=0 xrej=0 init_replace=4 gate=0
[T2slv] t=37.8920 phase=1 init_cost=118.029 final_cost=116.465 iters=5 term=0 slv_ms=11.5
[T2diag] t=37.8920 P=[-0.0170 0.0453 -0.0016] V=[0.0029 0.0093 0.0012] |Bas|=0.195380 |Bgs|=0.0043402 Bas=[-0.131657 -0.144356 -0.000952] Bgs=[0.0018636 0.0000389 0.0039196] tic0=[0.1200 0.0500 -0.0200] tic1=[0.1200 -0.0500 -0.0200] td=0.00000 track=142
[E2uls] flag=1 sh_t=37.940 new_t=37.940 dP=[0.0030 0.0061 0.0001] |dP|=0.0068 first_dt=-1.0000
time: 37.892000, t: -0.016963 0.045268 -0.001633 q: 0.999975 0.000834 -0.005272 -0.004577 
[T2xcross] t=37.9920 id=3495 est=3.8968 svd=0.5724 rel=0.8531 track=2 sf=9
[T2depth] t=37.9920 id=3496 src=motion2 u=518.0 v=107.0 depth=5.0000 depth2=-1.0000 track=2 sf=9 flag=init_neg
[T2depth] t=37.9920 id=3497 src=motion2 u=147.0 v=131.0 depth=5.0000 depth2=-1.0000 track=2 sf=9 flag=init_neg
[T2depth] t=37.9920 id=3498 src=stereo u=446.0 v=191.8 depth=3.8958 depth2=-1.0000 track=1 sf=10 flag=ok
[T2depth] t=37.9920 id=3500 src=stereo u=341.2 v=11.0 depth=29.2827 depth2=-1.0000 track=1 sf=10 flag=ok
[T2depth] t=37.9920 id=3502 src=stereo u=38.0 v=35.0 depth=5.0000 depth2=-1.0000 track=1 sf=10 flag=init_neg
[T2depth] t=37.9920 id=3506 src=stereo u=393.0 v=57.0 depth=4.1538 depth2=-1.0000 track=1 sf=10 flag=ok
[T2gate] t=37.9920 tri=42 rej=0 xrej=0 init_replace=3 gate=0
[T2slv] t=37.9920 phase=1 init_cost=117.166 final_cost=116.319 iters=8 term=0 slv_ms=14.2
[T2diag] t=37.9920 P=[-0.0174 0.0426 -0.0018] V=[-0.0071 -0.0150 -0.0007] |Bas|=0.195380 |Bgs|=0.0058401 Bas=[-0.131657 -0.144357 -0.000952] Bgs=[-0.0047406 -0.0019056 -0.0028290] tic0=[0.1200 0.0500 -0.0200] tic1=[0.1200 -0.0500 -0.0200] td=0.00000 track=141
[E2uls] flag=1 sh_t=38.036 new_t=38.036 dP=[0.0018 0.0070 0.0001] |dP|=0.0072 first_dt=-1.0000
time: 37.992000, t: -0.017401 0.042622 -0.001752 q: 0.999976 0.000923 -0.005308 -0.004250 
[T2xcross] t=38.0920 id=3494 est=26.0564 svd=0.2244 rel=0.9914 track=2 sf=9
[T2xcross] t=38.0920 id=3497 est=5.0000 svd=0.4027 rel=0.9195 track=2 sf=9
[T2xcross] t=38.0920 id=3498 est=3.8958 svd=0.0896 rel=0.9770 track=2 sf=9
[T2depth] t=38.0920 id=3501 src=motion2 u=89.3 v=83.3 depth=5.0000 depth2=-1.0000 track=2 sf=9 flag=init_neg
[T2xcross] t=38.0920 id=3502 est=5.0000 svd=0.0865 rel=0.9827 track=2 sf=9
[T2depth] t=38.0920 id=3504 src=motion2 u=367.0 v=32.0 depth=5.0000 depth2=-1.0000 track=2 sf=9 flag=init_neg
[T2depth] t=38.0920 id=3505 src=motion2 u=73.0 v=40.0 depth=0.2469 depth2=-1.0000 track=2 sf=9 flag=ok
[T2xcross] t=38.0920 id=3506 est=4.1538 svd=0.1809 rel=0.9565 track=2 sf=9
[T2depth] t=38.0920 id=3511 src=stereo u=104.2 v=43.0 depth=25.1192 depth2=-1.0000 track=1 sf=10 flag=ok
[T2depth] t=38.0920 id=3514 src=stereo u=112.2 v=122.6 depth=32.8450 depth2=-1.0000 track=1 sf=10 flag=ok
[T2depth] t=38.0920 id=3515 src=stereo u=388.1 v=114.8 depth=3.8281 depth2=-1.0000 track=1 sf=10 flag=ok
[T2depth] t=38.0920 id=3517 src=stereo u=194.3 v=136.3 depth=22.7883 depth2=-1.0000 track=1 sf=10 flag=ok
[T2gate] t=38.0920 tri=46 rej=0 xrej=0 init_replace=2 gate=0
[T2slv] t=38.0920 phase=1 init_cost=117.244 final_cost=116.527 iters=7 term=0 slv_ms=12.8
[T2diag] t=38.0920 P=[-0.0190 0.0425 -0.0009] V=[-0.0007 -0.0048 0.0115] |Bas|=0.195380 |Bgs|=0.0063760 Bas=[-0.131657 -0.144356 -0.000952] Bgs=[0.0008155 -0.0054657 -0.0031803] tic0=[0.1200 0.0500 -0.0200] tic1=[0.1200 -0.0500 -0.0200] td=0.00000 track=138
[E2uls] flag=1 sh_t=38.128 new_t=38.128 dP=[0.0015 -0.0011 -0.0010] |dP|=0.0021 first_dt=-1.0000
time: 38.092000, t: -0.019045 0.042544 -0.000883 q: 0.999979 0.000623 -0.004980 -0.004150 
[T2xcross] t=38.1920 id=3482 est=5.0000 svd=0.0602 rel=0.9880 track=2 sf=9
[T2depth] t=38.1920 id=3508 src=motion2 u=15.0 v=243.0 depth=0.1974 depth2=-1.0000 track=2 sf=9 flag=ok
[T2depth] t=38.1920 id=3510 src=motion2 u=623.5 v=76.3 depth=0.0690 depth2=-1.0000 track=2 sf=9 flag=ok
[T2depth] t=38.1920 id=3512 src=motion2 u=46.3 v=242.0 depth=0.6016 depth2=-1.0000 track=2 sf=9 flag=ok
[T2xcross] t=38.1920 id=3517 est=22.7883 svd=0.1356 rel=0.9941 track=2 sf=9
[T2depth] t=38.1920 id=3518 src=motion2 u=135.0 v=478.0 depth=1.5356 depth2=-1.0000 track=2 sf=9 flag=ok
[T2depth] t=38.1920 id=3519 src=motion2 u=579.0 v=196.0 depth=0.0904 depth2=-1.0000 track=2 sf=9 flag=ok
[T2depth] t=38.1920 id=3524 src=stereo u=191.8 v=59.8 depth=27.1911 depth2=-1.0000 track=1 sf=10 flag=ok
[T2depth] t=38.1920 id=3525 src=stereo u=571.2 v=98.9 depth=22.6942 depth2=-1.0000 track=1 sf=10 flag=ok
[T2depth] t=38.1920 id=3530 src=stereo u=99.0 v=258.0 depth=1.0503 depth2=-1.0000 track=1 sf=10 flag=ok
[T2gate] t=38.1920 tri=49 rej=0 xrej=0 init_replace=0 gate=0
[T2slv] t=38.1920 phase=1 init_cost=117.955 final_cost=116.598 iters=8 term=0 slv_ms=13.5
[T2diag] t=38.1920 P=[-0.0206 0.0448 -0.0004] V=[0.0024 0.0167 0.0008] |Bas|=0.195380 |Bgs|=0.0023146 Bas=[-0.131657 -0.144357 -0.000952] Bgs=[-0.0005087 0.0003512 0.0022306] tic0=[0.1200 0.0500 -0.0200] tic1=[0.1200 -0.0500 -0.0200] td=0.00000 track=138
[E2uls] flag=1 sh_t=38.260 new_t=38.260 dP=[0.0025 -0.0012 0.0024] |dP|=0.0037 first_dt=-1.0000
time: 38.192000, t: -0.020584 0.044771 -0.000402 q: 0.999978 0.000627 -0.004905 -0.004382 
[T2xcross] t=38.2920 id=3515 est=3.8281 svd=0.3781 rel=0.9012 track=2 sf=9
[T2xcross] t=38.2920 id=3524 est=27.1911 svd=0.0297 rel=0.9989 track=2 sf=9
[T2xcross] t=38.2920 id=3525 est=22.6942 svd=1.4179 rel=0.9375 track=2 sf=9
[T2depth] t=38.2920 id=3528 src=motion2 u=170.0 v=243.0 depth=5.0000 depth2=-1.0000 track=2 sf=9 flag=init_neg
[T2depth] t=38.2920 id=3529 src=motion2 u=222.0 v=37.0 depth=0.6894 depth2=-1.0000 track=2 sf=9 flag=ok
[T2depth] t=38.2920 id=3531 src=motion2 u=302.0 v=157.0 depth=0.2724 depth2=-1.0000 track=2 sf=9 flag=ok
[T2depth] t=38.2920 id=3537 src=stereo u=377.6 v=180.9 depth=3.4140 depth2=-1.0000 track=1 sf=10 flag=ok
[T2depth] t=38.2920 id=3539 src=stereo u=528.9 v=65.1 depth=3.8336 depth2=-1.0000 track=1 sf=10 flag=ok
[T2depth] t=38.2920 id=3540 src=stereo u=496.4 v=106.3 depth=3.5713 depth2=-1.0000 track=1 sf=10 flag=ok
[T2depth] t=38.2920 id=3545 src=stereo u=184.0 v=91.0 depth=5.0000 depth2=-1.0000 track=1 sf=10 flag=init_neg
[T2gate] t=38.2920 tri=51 rej=0 xrej=0 init_replace=2 gate=0
[T2slv] t=38.2920 phase=1 init_cost=118.792 final_cost=116.711 iters=7 term=0 slv_ms=15.8
[T2diag] t=38.2920 P=[-0.0205 0.0461 -0.0005] V=[0.0069 0.0186 -0.0005] |Bas|=0.195380 |Bgs|=0.0057678 Bas=[-0.131657 -0.144356 -0.000952] Bgs=[-0.0010285 -0.0002136 0.0056714] tic0=[0.1200 0.0500 -0.0200] tic1=[0.1200 -0.0500 -0.0200] td=0.00000 track=137
[E2uls] flag=1 sh_t=38.344 new_t=38.344 dP=[0.0017 0.0035 0.0004] |dP|=0.0039 first_dt=-1.0000
time: 38.292000, t: -0.020497 0.046103 -0.000493 q: 0.999978 0.000618 -0.004877 -0.004546 
[T2depth] t=38.3920 id=3534 src=motion2 u=594.6 v=171.2 depth=0.3507 depth2=-1.0000 track=2 sf=9 flag=ok
[T2depth] t=38.3920 id=3535 src=motion2 u=280.2 v=228.8 depth=5.0000 depth2=-1.0000 track=2 sf=9 flag=init_neg
[T2xcross] t=38.3920 id=3539 est=3.8336 svd=0.4303 rel=0.8878 track=2 sf=9
[T2xcross] t=38.3920 id=3540 est=3.5713 svd=0.0413 rel=0.9884 track=2 sf=9
[T2depth] t=38.3920 id=3543 src=motion2 u=433.0 v=86.0 depth=5.0000 depth2=-1.0000 track=2 sf=9 flag=init_neg
[T2depth] t=38.3920 id=3544 src=motion2 u=535.0 v=182.0 depth=1.5801 depth2=-1.0000 track=2 sf=9 flag=ok
[T2depth] t=38.3920 id=3546 src=motion2 u=304.0 v=90.0 depth=5.0000 depth2=-1.0000 track=2 sf=9 flag=init_neg
[T2depth] t=38.3920 id=3550 src=stereo u=46.8 v=127.1 depth=5.0000 depth2=-1.0000 track=1 sf=10 flag=init_neg
[T2depth] t=38.3920 id=3552 src=stereo u=394.7 v=195.6 depth=3.4526 depth2=-1.0000 track=1 sf=10 flag=ok
[T2depth] t=38.3920 id=3553 src=stereo u=381.2 v=21.7 depth=3.5892 depth2=-1.0000 track=1 sf=10 flag=ok
[T2depth] t=38.3920 id=3558 src=stereo u=221.0 v=191.0 depth=5.0000 depth2=-1.0000 track=1 sf=10 flag=init_neg
[T2depth] t=38.3920 id=3562 src=stereo u=509.0 v=164.0 depth=4.8643 depth2=-1.0000 track=1 sf=10 flag=ok
[T2gate] t=38.3920 tri=52 rej=0 xrej=0 init_replace=5 gate=0
[T2slv] t=38.3920 phase=1 init_cost=117.517 final_cost=116.971 iters=7 term=0 slv_ms=13.7
[T2diag] t=38.3920 P=[-0.0202 0.0500 -0.0002] V=[0.0102 0.0391 0.0033] |Bas|=0.195380 |Bgs|=0.0089152 Bas=[-0.131657 -0.144356 -0.000952] Bgs=[0.0035968 -0.0022605 0.0078380] tic0=[0.1200 0.0500 -0.0200] tic1=[0.1200 -0.0500 -0.0200] td=0.00000 track=136
[E2uls] flag=1 sh_t=38.444 new_t=38.444 dP=[0.0014 -0.0005 -0.0002] |dP|=0.0015 first_dt=-1.0000
time: 38.392000, t: -0.020184 0.049982 -0.000221 q: 0.999976 0.000510 -0.004800 -0.005024 
[T2depth] t=38.4920 id=3548 src=motion2 u=9.0 v=244.0 depth=5.0000 depth2=-1.0000 track=2 sf=9 flag=init_neg
[T2depth] t=38.4920 id=3551 src=motion2 u=207.5 v=230.0 depth=0.4985 depth2=-1.0000 track=2 sf=9 flag=ok
[T2depth] t=38.4920 id=3554 src=motion2 u=446.0 v=124.0 depth=1.7783 depth2=-1.0000 track=2 sf=9 flag=ok
[T2depth] t=38.4920 id=3555 src=motion2 u=240.0 v=27.0 depth=0.2001 depth2=-1.0000 track=2 sf=9 flag=ok
[T2depth] t=38.4920 id=3557 src=motion2 u=270.0 v=193.0 depth=0.4815 depth2=-1.0000 track=2 sf=9 flag=ok
[T2xcross] t=38.4920 id=3558 est=5.0000 svd=0.9107 rel=0.8179 track=2 sf=9
[T2depth] t=38.4920 id=3559 src=motion2 u=623.0 v=213.0 depth=5.0000 depth2=-1.0000 track=2 sf=9 flag=init_neg
[T2depth] t=38.4920 id=3561 src=motion2 u=571.0 v=38.0 depth=2.3456 depth2=-1.0000 track=2 sf=9 flag=ok
[T2xcross] t=38.4920 id=3562 est=4.8643 svd=0.5476 rel=0.8874 track=2 sf=9
[T2depth] t=38.4920 id=3565 src=stereo u=600.0 v=137.4 depth=5.0000 depth2=-1.0000 track=1 sf=10 flag=init_neg
[T2depth] t=38.4920 id=3566 src=stereo u=519.9 v=54.7 depth=4.0008 depth2=-1.0000 track=1 sf=10 flag=ok
[T2depth] t=38.4920 id=3574 src=stereo u=377.0 v=174.0 depth=3.8131 depth2=-1.0000 track=1 sf=10 flag=ok
[T2gate] t=38.4920 tri=47 rej=0 xrej=0 init_replace=3 gate=0
[T2slv] t=38.4920 phase=1 init_cost=119.206 final_cost=117.087 iters=9 term=1 slv_ms=18.4
[T2diag] t=38.4920 P=[-0.0207 0.0488 -0.0001] V=[-0.0007 -0.0052 0.0025] |Bas|=0.195380 |Bgs|=0.0020143 Bas=[-0.131657 -0.144356 -0.000952] Bgs=[0.0008715 -0.0016772 -0.0006965] tic0=[0.1200 0.0500 -0.0200] tic1=[0.1200 -0.0500 -0.0200] td=0.00000 track=141
[E2uls] flag=1 sh_t=38.536 new_t=38.536 dP=[0.0034 0.0105 0.0009] |dP|=0.0111 first_dt=-1.0000
time: 38.492000, t: -0.020659 0.048820 -0.000087 q: 0.999976 0.000549 -0.004777 -0.004894 
[T2xcross] t=38.5920 id=3566 est=4.0008 svd=0.1827 rel=0.9543 track=2 sf=9
[T2depth] t=38.5920 id=3568 src=motion2 u=547.2 v=69.1 depth=0.2910 depth2=-1.0000 track=2 sf=9 flag=ok
[T2depth] t=38.5920 id=3570 src=motion2 u=325.0 v=57.0 depth=0.0124 depth2=-1.0000 track=2 sf=9 flag=ok
[T2depth] t=38.5920 id=3571 src=motion2 u=98.0 v=153.0 depth=0.0123 depth2=-1.0000 track=2 sf=9 flag=ok
[T2depth] t=38.5920 id=3572 src=motion2 u=303.0 v=188.0 depth=0.0622 depth2=-1.0000 track=2 sf=9 flag=ok
[T2depth] t=38.5920 id=3573 src=motion2 u=145.0 v=41.0 depth=5.0000 depth2=-1.0000 track=2 sf=9 flag=init_neg
[T2depth] t=38.5920 id=3575 src=stereo u=32.7 v=168.2 depth=22.0495 depth2=-1.0000 track=1 sf=10 flag=ok
[T2depth] t=38.5920 id=3576 src=stereo u=463.9 v=153.6 depth=3.8089 depth2=-1.0000 track=1 sf=10 flag=ok
[T2depth] t=38.5920 id=3580 src=stereo u=80.0 v=197.0 depth=5.0000 depth2=-1.0000 track=1 sf=10 flag=init_neg
[T2depth] t=38.5920 id=3581 src=stereo u=220.0 v=153.0 depth=5.0000 depth2=-1.0000 track=1 sf=10 flag=init_neg
[T2depth] t=38.5920 id=3584 src=stereo u=171.0 v=88.0 depth=5.0000 depth2=-1.0000 track=1 sf=10 flag=init_neg
[T2depth] t=38.5920 id=3585 src=stereo u=578.0 v=73.0 depth=5.0000 depth2=-1.0000 track=1 sf=10 flag=init_neg
[T2gate] t=38.5920 tri=47 rej=0 xrej=0 init_replace=5 gate=0
[T2slv] t=38.5920 phase=1 init_cost=118.345 final_cost=117.059 iters=7 term=0 slv_ms=12.9
[T2diag] t=38.5920 P=[-0.0202 0.0498 -0.0002] V=[0.0071 0.0155 -0.0006] |Bas|=0.195380 |Bgs|=0.0053567 Bas=[-0.131657 -0.144356 -0.000952] Bgs=[0.0006459 -0.0051889 0.0011629] tic0=[0.1200 0.0500 -0.0200] tic1=[0.1200 -0.0500 -0.0200] td=0.00000 track=138
[E2uls] flag=1 sh_t=38.640 new_t=38.640 dP=[0.0009 -0.0011 0.0007] |dP|=0.0016 first_dt=-1.0000
time: 38.592000, t: -0.020237 0.049777 -0.000169 q: 0.999976 0.000531 -0.004765 -0.005012 
[T2xcross] t=38.6920 id=3568 est=0.2910 svd=0.3512 rel=0.1714 track=2 sf=9
[T2xcross] t=38.6920 id=3576 est=3.8089 svd=1.1183 rel=0.7064 track=2 sf=9
[T2depth] t=38.6920 id=3582 src=motion2 u=587.0 v=245.0 depth=4.1465 depth2=-1.0000 track=2 sf=9 flag=ok
[T2depth] t=38.6920 id=3583 src=motion2 u=98.0 v=54.0 depth=5.0000 depth2=-1.0000 track=2 sf=9 flag=init_neg
[T2xcross] t=38.6920 id=3584 est=5.0000 svd=0.1854 rel=0.9629 track=2 sf=9
[T2depth] t=38.6920 id=3586 src=motion2 u=616.0 v=113.0 depth=5.0000 depth2=-1.0000 track=2 sf=9 flag=init_neg
[T2depth] t=38.6920 id=3587 src=motion2 u=172.0 v=168.0 depth=0.5457 depth2=-1.0000 track=2 sf=9 flag=ok
[T2depth] t=38.6920 id=3588 src=stereo u=426.6 v=169.8 depth=4.4892 depth2=-1.0000 track=1 sf=10 flag=ok
[T2depth] t=38.6920 id=3599 src=stereo u=202.0 v=102.0 depth=20.0806 depth2=-1.0000 track=1 sf=10 flag=ok
[T2depth] t=38.6920 id=3602 src=stereo u=112.0 v=96.0 depth=41.1749 depth2=-1.0000 track=1 sf=10 flag=ok
[T2gate] t=38.6920 tri=48 rej=0 xrej=0 init_replace=2 gate=0
[T2slv] t=38.6920 phase=1 init_cost=118.338 final_cost=117.366 iters=7 term=0 slv_ms=10.3
[T2diag] t=38.6920 P=[-0.0200 0.0540 0.0002] V=[0.0117 0.0437 0.0007] |Bas|=0.195380 |Bgs|=0.0078705 Bas=[-0.131657 -0.144356 -0.000952] Bgs=[0.0041900 -0.0024926 0.0061786] tic0=[0.1200 0.0500 -0.0200] tic1=[0.1200 -0.0500 -0.0200] td=0.00000 track=137
[E2uls] flag=1 sh_t=38.752 new_t=38.752 dP=[0.0020 -0.0009 -0.0012] |dP|=0.0025 first_dt=-1.0000
time: 38.692000, t: -0.019970 0.053969 0.000210 q: 0.999974 0.000417 -0.004689 -0.005518 
[T2xcross] t=38.7920 id=3575 est=22.0495 svd=0.1557 rel=0.9929 track=2 sf=9
[T2depth] t=38.7920 id=3589 src=motion2 u=359.3 v=82.3 depth=0.8046 depth2=-1.0000 track=2 sf=9 flag=ok
[T2depth] t=38.7920 id=3590 src=motion2 u=272.1 v=35.5 depth=1.5784 depth2=-1.0000 track=2 sf=9 flag=ok
[T2depth] t=38.7920 id=3591 src=motion2 u=57.5 v=63.2 depth=0.9992 depth2=-1.0000 track=2 sf=9 flag=ok
[T2depth] t=38.7920 id=3593 src=motion2 u=517.1 v=260.9 depth=5.0000 depth2=-1.0000 track=2 sf=9 flag=init_neg
[T2depth] t=38.7920 id=3600 src=motion2 u=24.0 v=210.0 depth=5.0000 depth2=-1.0000 track=2 sf=9 flag=init_neg
[T2depth] t=38.7920 id=3601 src=motion2 u=269.0 v=156.0 depth=0.7733 depth2=-1.0000 track=2 sf=9 flag=ok
[T2depth] t=38.7920 id=3603 src=motion2 u=339.0 v=163.0 depth=8.3498 depth2=-1.0000 track=2 sf=9 flag=ok
[T2depth] t=38.7920 id=3606 src=stereo u=534.1 v=106.3 depth=3.4331 depth2=-1.0000 track=1 sf=10 flag=ok
[T2depth] t=38.7920 id=3610 src=stereo u=394.0 v=18.0 depth=3.7030 depth2=-1.0000 track=1 sf=10 flag=ok
[T2gate] t=38.7920 tri=46 rej=0 xrej=0 init_replace=2 gate=0
[T2slv] t=38.7920 phase=1 init_cost=119.981 final_cost=117.516 iters=8 term=0 slv_ms=18.3
[T2diag] t=38.7920 P=[-0.0204 0.0532 0.0000] V=[0.0004 -0.0049 -0.0020] |Bas|=0.195380 |Bgs|=0.0065766 Bas=[-0.131657 -0.144356 -0.000952] Bgs=[0.0052749 0.0018628 -0.0034580] tic0=[0.1200 0.0500 -0.0200] tic1=[0.1200 -0.0500 -0.0200] td=0.00000 track=143
[E2uls] flag=1 sh_t=38.856 new_t=38.856 dP=[0.0044 0.0135 0.0006] |dP|=0.0143 first_dt=-1.0000
time: 38.792000, t: -0.020401 0.053226 0.000019 q: 0.999974 0.000455 -0.004729 -0.005432 
[T2xcross] t=38.9240 id=3588 est=4.4892 svd=0.1863 rel=0.9585 track=2 sf=9
[T2xcross] t=38.9240 id=3606 est=3.4331 svd=0.4880 rel=0.8578 track=2 sf=9
[T2depth] t=38.9240 id=3608 src=motion2 u=90.0 v=150.0 depth=0.0542 depth2=-1.0000 track=2 sf=9 flag=ok
[T2depth] t=38.9240 id=3609 src=motion2 u=211.0 v=164.0 depth=5.0000 depth2=-1.0000 track=2 sf=9 flag=init_neg
[T2depth] t=38.9240 id=3611 src=motion2 u=28.0 v=113.0 depth=0.0160 depth2=-1.0000 track=2 sf=9 flag=ok
[T2depth] t=38.9240 id=3612 src=stereo u=25.2 v=81.9 depth=33.2120 depth2=-1.0000 track=1 sf=10 flag=ok
[T2depth] t=38.9240 id=3615 src=stereo u=511.0 v=18.0 depth=4.4018 depth2=-1.0000 track=1 sf=10 flag=ok
[T2gate] t=38.9240 tri=41 rej=0 xrej=0 init_replace=1 gate=0
[T2slv] t=38.9240 phase=1 init_cost=118.56 final_cost=117.537 iters=5 term=0 slv_ms=8.4
[T2diag] t=38.9240 P=[-0.0200 0.0550 -0.0000] V=[0.0059 0.0224 -0.0026] |Bas|=0.195380 |Bgs|=0.0030955 Bas=[-0.131657 -0.144356 -0.000952] Bgs=[-0.0028961 -0.0008499 0.0006873] tic0=[0.1200 0.0500 -0.0200] tic1=[0.1200 -0.0500 -0.0200] td=0.00000 track=143
[E2uls] flag=1 sh_t=38.984 new_t=38.984 dP=[0.0015 -0.0002 -0.0004] |dP|=0.0015 first_dt=-1.0000
time: 38.924000, t: -0.020031 0.054980 -0.000012 q: 0.999973 0.000404 -0.004723 -0.005639 
[T2xcross] t=39.0560 id=3589 est=0.8046 svd=0.9034 rel=0.1094 track=2 sf=9
[T2xcross] t=39.0560 id=3601 est=0.7733 svd=1.6545 rel=0.5326 track=2 sf=9
[T2depth] t=39.0560 id=3614 src=motion2 u=106.9 v=113.1 depth=1.0692 depth2=-1.0000 track=2 sf=9 flag=ok
[T2depth] t=39.0560 id=3617 src=motion2 u=308.0 v=202.0 depth=0.8783 depth2=-1.0000 track=2 sf=9 flag=ok
[T2depth] t=39.0560 id=3618 src=motion2 u=200.0 v=21.0 depth=0.9600 depth2=-1.0000 track=2 sf=9 flag=ok
[T2depth] t=39.0560 id=3620 src=stereo u=557.5 v=124.8 depth=40.3300 depth2=-1.0000 track=1 sf=10 flag=ok
[T2depth] t=39.0560 id=3621 src=stereo u=362.4 v=196.8 depth=3.8480 depth2=-1.0000 track=1 sf=10 flag=ok
[T2depth] t=39.0560 id=3622 src=stereo u=488.9 v=208.6 depth=3.2997 depth2=-1.0000 track=1 sf=10 flag=ok
[T2depth] t=39.0560 id=3628 src=stereo u=206.0 v=194.0 depth=44.6121 depth2=-1.0000 track=1 sf=10 flag=ok
[T2depth] t=39.0560 id=3629 src=stereo u=470.0 v=56.0 depth=3.8193 depth2=-1.0000 track=1 sf=10 flag=ok
[T2gate] t=39.0560 tri=45 rej=0 xrej=0 init_replace=0 gate=0
[T2slv] t=39.0560 phase=1 init_cost=124.666 final_cost=117.56 iters=5 term=0 slv_ms=7.7
[T2diag] t=39.0560 P=[-0.0204 0.0535 0.0000] V=[0.0019 -0.0015 0.0004] |Bas|=0.195380 |Bgs|=0.0049063 Bas=[-0.131657 -0.144356 -0.000952] Bgs=[0.0042123 0.0004225 -0.0024799] tic0=[0.1200 0.0500 -0.0200] tic1=[0.1200 -0.0500 -0.0200] td=0.00000 track=139
[E2uls] flag=1 sh_t=39.084 new_t=39.084 dP=[0.0026 0.0076 -0.0002] |dP|=0.0080 first_dt=-1.0000
time: 39.056000, t: -0.020363 0.053463 0.000027 q: 0.999974 0.000446 -0.004735 -0.005467 
[T2xcross] t=39.1560 id=3620 est=40.3300 svd=0.0556 rel=0.9986 track=2 sf=9
[T2xcross] t=39.1560 id=3622 est=3.2997 svd=0.7386 rel=0.7762 track=2 sf=9
[T2depth] t=39.1560 id=3623 src=motion2 u=349.1 v=43.2 depth=5.0000 depth2=-1.0000 track=2 sf=9 flag=init_neg
[T2depth] t=39.1560 id=3626 src=motion2 u=97.0 v=245.0 depth=0.9342 depth2=-1.0000 track=2 sf=9 flag=ok
[T2depth] t=39.1560 id=3627 src=motion2 u=172.0 v=99.0 depth=0.0519 depth2=-1.0000 track=2 sf=9 flag=ok
[T2depth] t=39.1560 id=3631 src=stereo u=459.2 v=190.4 depth=3.5295 depth2=-1.0000 track=1 sf=10 flag=ok
[T2depth] t=39.1560 id=3636 src=stereo u=487.9 v=100.2 depth=3.3205 depth2=-1.0000 track=1 sf=10 flag=ok
[T2depth] t=39.1560 id=3639 src=stereo u=392.0 v=163.0 depth=3.6458 depth2=-1.0000 track=1 sf=10 flag=ok
[T2depth] t=39.1560 id=3641 src=stereo u=386.0 v=44.0 depth=3.2783 depth2=-1.0000 track=1 sf=10 flag=ok
[T2gate] t=39.1560 tri=46 rej=0 xrej=0 init_replace=1 gate=0
[T2slv] t=39.1560 phase=1 init_cost=117.877 final_cost=117.395 iters=5 term=0 slv_ms=6.1
[T2diag] t=39.1560 P=[-0.0202 0.0525 -0.0000] V=[-0.0009 -0.0019 0.0002] |Bas|=0.195380 |Bgs|=0.0027253 Bas=[-0.131657 -0.144356 -0.000952] Bgs=[0.0015891 0.0005395 -0.0021473] tic0=[0.1200 0.0500 -0.0200] tic1=[0.1200 -0.0500 -0.0200] td=0.00000 track=139
[E2uls] flag=1 sh_t=39.184 new_t=39.184 dP=[0.0007 0.0019 0.0004] |dP|=0.0021 first_dt=-1.0000
time: 39.156000, t: -0.020219 0.052532 -0.000017 q: 0.999974 0.000476 -0.004735 -0.005368 
[T2xcross] t=39.2560 id=3631 est=3.5295 svd=0.0743 rel=0.9790 track=2 sf=9
[T2depth] t=39.2560 id=3634 src=motion2 u=311.7 v=9.0 depth=5.0000 depth2=-1.0000 track=2 sf=9 flag=init_neg
[T2depth] t=39.2560 id=3644 src=motion2 u=207.0 v=226.0 depth=5.0000 depth2=-1.0000 track=2 sf=9 flag=init_neg
[T2depth] t=39.2560 id=3650 src=stereo u=555.0 v=200.0 depth=5.0000 depth2=-1.0000 track=1 sf=10 flag=init_neg
[T2depth] t=39.2560 id=3653 src=stereo u=579.0 v=70.0 depth=5.0000 depth2=-1.0000 track=1 sf=10 flag=init_neg
[T2depth] t=39.2560 id=3657 src=stereo u=448.0 v=87.0 depth=3.8907 depth2=-1.0000 track=1 sf=10 flag=ok
[T2gate] t=39.2560 tri=47 rej=0 xrej=0 init_replace=4 gate=0
[T2slv] t=39.2560 phase=1 init_cost=118.605 final_cost=117.559 iters=9 term=1 slv_ms=18.7
[T2diag] t=39.2560 P=[-0.0196 0.0565 0.0000] V=[0.0127 0.0429 -0.0010] |Bas|=0.195380 |Bgs|=0.0089208 Bas=[-0.131657 -0.144356 -0.000952] Bgs=[0.0030279 0.0033557 0.0076910] tic0=[0.1200 0.0500 -0.0200] tic1=[0.1200 -0.0500 -0.0200] td=0.00000 track=139
[E2uls] flag=1 sh_t=39.300 new_t=39.300 dP=[0.0002 -0.0041 -0.0003] |dP|=0.0041 first_dt=-1.0000
time: 39.256000, t: -0.019597 0.056456 0.000024 q: 0.999972 0.000367 -0.004702 -0.005831 
[T2depth] t=39.3600 id=3647 src=motion2 u=163.3 v=13.8 depth=0.7615 depth2=-1.0000 track=2 sf=9 flag=ok
[T2depth] t=39.3600 id=3649 src=motion2 u=135.0 v=478.0 depth=3.3452 depth2=-1.0000 track=2 sf=9 flag=ok
[T2depth] t=39.3600 id=3651 src=motion2 u=131.0 v=204.0 depth=0.5063 depth2=-1.0000 track=2 sf=9 flag=ok
[T2depth] t=39.3600 id=3654 src=motion2 u=233.0 v=194.0 depth=5.0000 depth2=-1.0000 track=2 sf=9 flag=init_neg
[T2depth] t=39.3600 id=3656 src=motion2 u=77.0 v=132.0 depth=1.3469 depth2=-1.0000 track=2 sf=9 flag=ok
[T2xcross] t=39.3600 id=3657 est=3.8907 svd=11.2007 rel=0.6526 track=2 sf=9
[T2depth] t=39.3600 id=3658 src=stereo u=607.3 v=164.1 depth=5.0000 depth2=-1.0000 track=1 sf=10 flag=init_neg
[T2depth] t=39.3600 id=3667 src=stereo u=499.0 v=39.0 depth=3.2159 depth2=-1.0000 track=1 sf=10 flag=ok
[T2depth] t=39.3600 id=3673 src=stereo u=293.0 v=197.0 depth=5.0000 depth2=-1.0000 track=1 sf=10 flag=init_neg
[T2depth] t=39.3600 id=3674 src=stereo u=556.0 v=104.0 depth=31.7497 depth2=-1.0000 track=1 sf=10 flag=ok
[T2gate] t=39.3600 tri=52 rej=0 xrej=0 init_replace=3 gate=0
[T2slv] t=39.3600 phase=1 init_cost=120.107 final_cost=117.785 iters=8 term=0 slv_ms=14.5
[T2diag] t=39.3600 P=[-0.0199 0.0565 0.0002] V=[0.0035 0.0035 0.0017] |Bas|=0.195380 |Bgs|=0.0014985 Bas=[-0.131657 -0.144356 -0.000952] Bgs=[-0.0000117 -0.0011598 -0.0009487] tic0=[0.1200 0.0500 -0.0200] tic1=[0.1200 -0.0500 -0.0200] td=0.00000 track=135
[E2uls] flag=1 sh_t=39.404 new_t=39.404 dP=[0.0038 0.0103 -0.0003] |dP|=0.0109 first_dt=-1.0000
time: 39.360000, t: -0.019944 0.056451 0.000158 q: 0.999972 0.000367 -0.004699 -0.005834 
[T2depth] t=39.4920 id=3659 src=motion2 u=353.2 v=100.9 depth=0.1760 depth2=-1.0000 track=2 sf=9 flag=ok
[T2depth] t=39.4920 id=3662 src=motion2 u=117.2 v=14.1 depth=0.0766 depth2=-1.0000 track=2 sf=9 flag=ok
[T2depth] t=39.4920 id=3666 src=motion2 u=281.1 v=234.0 depth=5.0000 depth2=-1.0000 track=2 sf=9 flag=init_neg
[T2depth] t=39.4920 id=3668 src=motion2 u=448.0 v=165.0 depth=5.0000 depth2=-1.0000 track=2 sf=9 flag=init_neg
[T2depth] t=39.4920 id=3670 src=motion2 u=149.0 v=155.0 depth=0.0366 depth2=-1.0000 track=2 sf=9 flag=ok
[T2depth] t=39.4920 id=3671 src=motion2 u=596.0 v=246.0 depth=5.0000 depth2=-1.0000 track=2 sf=9 flag=init_neg
[T2depth] t=39.4920 id=3675 src=motion2 u=346.0 v=172.0 depth=0.6334 depth2=-1.0000 track=2 sf=9 flag=ok
[T2depth] t=39.4920 id=3678 src=stereo u=104.2 v=163.3 depth=46.3202 depth2=-1.0000 track=1 sf=10 flag=ok
[T2depth] t=39.4920 id=3685 src=stereo u=241.0 v=129.0 depth=5.0000 depth2=-1.0000 track=1 sf=10 flag=init_neg
[T2depth] t=39.4920 id=3691 src=stereo u=116.0 v=90.0 depth=5.0000 depth2=-1.0000 track=1 sf=10 flag=init_neg
[T2gate] t=39.4920 tri=52 rej=0 xrej=0 init_replace=5 gate=0
[T2slv] t=39.4920 phase=1 init_cost=118.807 final_cost=118.03 iters=5 term=0 slv_ms=9.3
[T2diag] t=39.4920 P=[-0.0195 0.0605 0.0002] V=[0.0121 0.0365 0.0004] |Bas|=0.195380 |Bgs|=0.0061707 Bas=[-0.131657 -0.144356 -0.000952] Bgs=[0.0016706 -0.0010967 0.0058382] tic0=[0.1200 0.0500 -0.0200] tic1=[0.1200 -0.0500 -0.0200] td=0.00000 track=138
[E2uls] flag=1 sh_t=39.528 new_t=39.528 dP=[0.0015 -0.0024 0.0009] |dP|=0.0030 first_dt=-1.0000
time: 39.492000, t: -0.019540 0.060466 0.000172 q: 0.999969 0.000265 -0.004680 -0.006325 
[T2xcross] t=39.5920 id=3656 est=1.3469 svd=2.1192 rel=0.3644 track=2 sf=9
[T2xcross] t=39.5920 id=3662 est=0.0766 svd=0.4986 rel=0.8464 track=2 sf=9
[T2xcross] t=39.5920 id=3666 est=5.0000 svd=27.5728 rel=0.8187 track=2 sf=9
[T2xcross] t=39.5920 id=3668 est=5.0000 svd=3.0460 rel=0.3908 track=2 sf=9
[T2depth] t=39.5920 id=3677 src=motion2 u=398.2 v=116.0 depth=5.0000 depth2=-1.0000 track=2 sf=9 flag=init_neg
[T2depth] t=39.5920 id=3683 src=motion2 u=19.2 v=125.7 depth=2.0022 depth2=-1.0000 track=2 sf=9 flag=ok
[T2depth] t=39.5920 id=3686 src=motion2 u=533.0 v=147.0 depth=0.6803 depth2=-1.0000 track=2 sf=9 flag=ok
[T2depth] t=39.5920 id=3690 src=motion2 u=326.0 v=205.0 depth=0.7241 depth2=-1.0000 track=2 sf=9 flag=ok
[T2depth] t=39.5920 id=3694 src=stereo u=55.3 v=158.7 depth=36.1856 depth2=-1.0000 track=1 sf=10 flag=ok
[T2depth] t=39.5920 id=3699 src=stereo u=395.0 v=173.0 depth=4.3063 depth2=-1.0000 track=1 sf=10 flag=ok
[T2depth] t=39.5920 id=3702 src=stereo u=412.0 v=40.0 depth=4.5089 depth2=-1.0000 track=1 sf=10 flag=ok
[T2gate] t=39.5920 tri=49 rej=0 xrej=0 init_replace=1 gate=0
[T2slv] t=39.5920 phase=1 init_cost=118.958 final_cost=118.27 iters=8 term=0 slv_ms=14.0
[T2diag] t=39.5920 P=[-0.0198 0.0610 0.0003] V=[0.0022 0.0102 0.0009] |Bas|=0.195380 |Bgs|=0.0031095 Bas=[-0.131657 -0.144356 -0.000952] Bgs=[0.0012686 -0.0012568 -0.0025456] tic0=[0.1200 0.0500 -0.0200] tic1=[0.1200 -0.0500 -0.0200] td=0.00000 track=139
[E2uls] flag=1 sh_t=39.644 new_t=39.644 dP=[0.0039 0.0091 0.0003] |dP|=0.0099 first_dt=-1.0000
time: 39.592000, t: -0.019805 0.060967 0.000297 q: 0.999969 0.000249 -0.004679 -0.006380 
[T2depth] t=39.6960 id=3692 src=motion2 u=79.8 v=245.0 depth=5.0000 depth2=-1.0000 track=2 sf=9 flag=init_neg
[T2depth] t=39.6960 id=3695 src=motion2 u=254.7 v=98.5 depth=0.8441 depth2=-1.0000 track=2 sf=9 flag=ok
[T2depth] t=39.6960 id=3698 src=motion2 u=177.0 v=144.0 depth=5.0000 depth2=-1.0000 track=2 sf=9 flag=init_neg
[T2depth] t=39.6960 id=3701 src=motion2 u=631.0 v=90.0 depth=5.0000 depth2=-1.0000 track=2 sf=9 flag=init_neg
[T2xcross] t=39.6960 id=3702 est=4.5089 svd=0.2186 rel=0.9515 track=2 sf=9
[T2depth] t=39.6960 id=3703 src=motion2 u=176.0 v=64.0 depth=5.0000 depth2=-1.0000 track=2 sf=9 flag=init_neg
[T2depth] t=39.6960 id=3710 src=stereo u=206.0 v=72.0 depth=26.8298 depth2=-1.0000 track=1 sf=10 flag=ok
[T2depth] t=39.6960 id=3712 src=stereo u=445.0 v=208.0 depth=3.8958 depth2=-1.0000 track=1 sf=10 flag=ok
[T2gate] t=39.6960 tri=46 rej=0 xrej=0 init_replace=4 gate=0
[T2slv] t=39.6960 phase=1 init_cost=119.656 final_cost=118.343 iters=5 term=0 slv_ms=11.0
[T2diag] t=39.6960 P=[-0.0196 0.0619 0.0004] V=[0.0078 0.0167 0.0017] |Bas|=0.195380 |Bgs|=0.0013317 Bas=[-0.131657 -0.144356 -0.000952] Bgs=[0.0013050 -0.0001505 0.0002185] tic0=[0.1200 0.0500 -0.0200] tic1=[0.1200 -0.0500 -0.0200] td=0.00000 track=141
[E2uls] flag=1 sh_t=39.744 new_t=39.744 dP=[0.0012 0.0027 0.0001] |dP|=0.0030 first_dt=-1.0000
time: 39.696000, t: -0.019610 0.061922 0.000429 q: 0.999968 0.000206 -0.004661 -0.006498 
[T2xcross] t=39.7920 id=3678 est=46.3202 svd=0.2234 rel=0.9952 track=2 sf=9
[T2xcross] t=39.7920 id=3683 est=2.0022 svd=0.0137 rel=0.9931 track=2 sf=9
[T2xcross] t=39.7920 id=3698 est=5.0000 svd=0.4569 rel=0.9086 track=2 sf=9
[T2depth] t=39.7920 id=3705 src=motion2 u=142.2 v=228.1 depth=0.4821 depth2=-1.0000 track=2 sf=9 flag=ok
[T2depth] t=39.7920 id=3708 src=motion2 u=208.0 v=256.0 depth=4.9386 depth2=-1.0000 track=2 sf=9 flag=ok
[T2depth] t=39.7920 id=3709 src=motion2 u=286.0 v=69.0 depth=5.2222 depth2=-1.0000 track=2 sf=9 flag=ok
[T2depth] t=39.7920 id=3711 src=motion2 u=256.0 v=35.0 depth=5.0000 depth2=-1.0000 track=2 sf=9 flag=init_neg
[T2depth] t=39.7920 id=3713 src=stereo u=91.2 v=44.2 depth=5.0000 depth2=-1.0000 track=1 sf=10 flag=init_neg
[T2depth] t=39.7920 id=3716 src=stereo u=389.0 v=63.3 depth=3.8642 depth2=-1.0000 track=1 sf=10 flag=ok
[T2depth] t=39.7920 id=3719 src=stereo u=460.0 v=79.0 depth=3.7700 depth2=-1.0000 track=1 sf=10 flag=ok
[T2depth] t=39.7920 id=3724 src=stereo u=387.0 v=221.0 depth=3.9822 depth2=-1.0000 track=1 sf=10 flag=ok
[T2gate] t=39.7920 tri=49 rej=0 xrej=0 init_replace=2 gate=0
[T2slv] t=39.7920 phase=1 init_cost=124.048 final_cost=118.589 iters=9 term=1 slv_ms=15.9
[T2diag] t=39.7920 P=[-0.0194 0.0646 0.0003] V=[0.0075 0.0321 -0.0000] |Bas|=0.195380 |Bgs|=0.0119976 Bas=[-0.131657 -0.144356 -0.000952] Bgs=[0.0035579 -0.0049784 0.0103198] tic0=[0.1200 0.0500 -0.0200] tic1=[0.1200 -0.0500 -0.0200] td=0.00000 track=137
[E2uls] flag=1 sh_t=39.844 new_t=39.844 dP=[0.0013 0.0019 0.0008] |dP|=0.0025 first_dt=-1.0000
time: 39.792000, t: -0.019425 0.064603 0.000346 q: 0.999966 0.000150 -0.004669 -0.006813 
[T2xcross] t=39.8920 id=3711 est=5.0000 svd=0.1856 rel=0.9629 track=2 sf=9
[T2xcross] t=39.8920 id=3712 est=3.8958 svd=3.4849 rel=0.1055 track=2 sf=9
[T2depth] t=39.8920 id=3714 src=motion2 u=625.6 v=68.7 depth=1.1587 depth2=-1.0000 track=2 sf=9 flag=ok
[T2xcross] t=39.8920 id=3716 est=3.8642 svd=9.5056 rel=0.5935 track=2 sf=9
[T2depth] t=39.8920 id=3718 src=motion2 u=590.0 v=53.0 depth=5.0000 depth2=-1.0000 track=2 sf=9 flag=init_neg
[T2depth] t=39.8920 id=3721 src=motion2 u=553.0 v=82.0 depth=5.0000 depth2=-1.0000 track=2 sf=9 flag=init_neg
[T2xcross] t=39.8920 id=3724 est=3.9822 svd=0.5019 rel=0.8740 track=2 sf=9
[T2depth] t=39.8920 id=3725 src=motion2 u=189.0 v=193.0 depth=0.5336 depth2=-1.0000 track=2 sf=9 flag=ok
[T2depth] t=39.8920 id=3736 src=stereo u=502.0 v=81.0 depth=4.1148 depth2=-1.0000 track=1 sf=10 flag=ok
[T2gate] t=39.8920 tri=47 rej=0 xrej=0 init_replace=2 gate=0
[T2slv] t=39.8920 phase=1 init_cost=119.96 final_cost=118.764 iters=8 term=0 slv_ms=16.9
[T2diag] t=39.8920 P=[-0.0196 0.0645 0.0004] V=[0.0030 0.0057 0.0033] |Bas|=0.195380 |Bgs|=0.0079989 Bas=[-0.131657 -0.144356 -0.000952] Bgs=[-0.0064787 -0.0043391 -0.0017834] tic0=[0.1200 0.0500 -0.0200] tic1=[0.1200 -0.0500 -0.0200] td=0.00000 track=141
[E2uls] flag=1 sh_t=39.940 new_t=39.940 dP=[0.0027 0.0090 0.0005] |dP|=0.0094 first_dt=-1.0000
time: 39.892000, t: -0.019637 0.064481 0.000396 q: 0.999966 0.000145 -0.004684 -0.006787 
[T2depth] t=39.9920 id=3727 src=motion2 u=444.0 v=72.4 depth=5.0000 depth2=-1.0000 track=2 sf=9 flag=init_neg
[T2depth] t=39.9920 id=3728 src=motion2 u=31.6 v=20.3 depth=5.0000 depth2=-1.0000 track=2 sf=9 flag=init_neg
[T2depth] t=39.9920 id=3731 src=motion2 u=303.6 v=153.9 depth=5.0000 depth2=-1.0000 track=2 sf=9 flag=init_neg
[T2depth] t=39.9920 id=3733 src=motion2 u=119.2 v=49.9 depth=5.0000 depth2=-1.0000 track=2 sf=9 flag=init_neg
[T2depth] t=39.9920 id=3735 src=motion2 u=88.0 v=49.0 depth=5.0000 depth2=-1.0000 track=2 sf=9 flag=init_neg
[T2depth] t=39.9920 id=3746 src=stereo u=386.0 v=191.4 depth=3.8515 depth2=-1.0000 track=1 sf=10 flag=ok
[T2depth] t=39.9920 id=3748 src=stereo u=195.0 v=150.0 depth=5.0000 depth2=-1.0000 track=1 sf=10 flag=init_neg
[T2gate] t=39.9920 tri=47 rej=0 xrej=0 init_replace=6 gate=0
[T2slv] t=39.9920 phase=1 init_cost=122.27 final_cost=118.718 iters=7 term=0 slv_ms=13.5
[T2diag] t=39.9920 P=[-0.0196 0.0641 0.0005] V=[0.0028 0.0049 0.0010] |Bas|=0.195380 |Bgs|=0.0056409 Bas=[-0.131657 -0.144356 -0.000952] Bgs=[-0.0052053 0.0015346 0.0015396] tic0=[0.1200 0.0500 -0.0200] tic1=[0.1200 -0.0500 -0.0200] td=0.00000 track=140
[E2uls] flag=1 sh_t=40.040 new_t=40.040 dP=[0.0017 0.0037 0.0007] |dP|=0.0042 first_dt=-1.0000
time: 39.992000, t: -0.019571 0.064133 0.000477 q: 0.999966 0.000142 -0.004680 -0.006758 
[T2depth] t=40.0920 id=3738 src=motion2 u=488.1 v=176.5 depth=0.3654 depth2=-1.0000 track=2 sf=9 flag=ok
[T2depth] t=40.0920 id=3739 src=motion2 u=586.9 v=179.1 depth=5.0000 depth2=-1.0000 track=2 sf=9 flag=init_neg
[T2depth] t=40.0920 id=3744 src=motion2 u=130.5 v=83.8 depth=5.0000 depth2=-1.0000 track=2 sf=9 flag=init_neg
[T2xcross] t=40.0920 id=3746 est=3.8515 svd=0.0528 rel=0.9863 track=2 sf=9
[T2depth] t=40.0920 id=3747 src=motion2 u=264.0 v=109.0 depth=5.0000 depth2=-1.0000 track=2 sf=9 flag=init_neg
[T2depth] t=40.0920 id=3749 src=motion2 u=125.0 v=244.0 depth=5.0000 depth2=-1.0000 track=2 sf=9 flag=init_neg
[T2gate] t=40.0920 tri=47 rej=0 xrej=0 init_replace=4 gate=0
[T2slv] t=40.0920 phase=1 init_cost=121.487 final_cost=118.864 iters=9 term=1 slv_ms=19.0
[T2diag] t=40.0920 P=[-0.0193 0.0664 0.0003] V=[0.0082 0.0275 -0.0015] |Bas|=0.195380 |Bgs|=0.0085763 Bas=[-0.131657 -0.144356 -0.000952] Bgs=[-0.0004455 -0.0026119 0.0081567] tic0=[0.1200 0.0500 -0.0200] tic1=[0.1200 -0.0500 -0.0200] td=0.00000 track=140
[E2uls] flag=1 sh_t=40.132 new_t=40.132 dP=[0.0010 -0.0004 0.0006] |dP|=0.0012 first_dt=-1.0000
time: 40.092000, t: -0.019301 0.066370 0.000318 q: 0.999964 0.000090 -0.004701 -0.007016 
[T2xcross] t=40.2240 id=3738 est=0.3654 svd=2.6094 rel=0.8600 track=2 sf=9
[T2xcross] t=40.2240 id=3747 est=5.0000 svd=0.5842 rel=0.8832 track=2 sf=9
[T2depth] t=40.2240 id=3750 src=motion2 u=599.8 v=144.4 depth=2.3837 depth2=-1.0000 track=2 sf=9 flag=ok
[T2depth] t=40.2240 id=3754 src=motion2 u=61.0 v=161.0 depth=5.0000 depth2=-1.0000 track=2 sf=9 flag=init_neg
[T2depth] t=40.2240 id=3756 src=motion2 u=491.0 v=138.0 depth=4.4414 depth2=-1.0000 track=2 sf=9 flag=ok
[T2depth] t=40.2240 id=3757 src=motion2 u=392.0 v=140.0 depth=1.0634 depth2=-1.0000 track=2 sf=9 flag=ok
[T2depth] t=40.2240 id=3758 src=motion2 u=38.0 v=183.0 depth=5.0000 depth2=-1.0000 track=2 sf=9 flag=init_neg
[T2depth] t=40.2240 id=3762 src=stereo u=535.0 v=161.9 depth=3.3912 depth2=-1.0000 track=1 sf=10 flag=ok
[T2depth] t=40.2240 id=3765 src=stereo u=134.9 v=204.4 depth=27.2279 depth2=-1.0000 track=1 sf=10 flag=ok
[T2depth] t=40.2240 id=3769 src=stereo u=47.3 v=53.4 depth=37.0763 depth2=-1.0000 track=1 sf=10 flag=ok
[T2depth] t=40.2240 id=3770 src=stereo u=197.0 v=119.0 depth=5.0000 depth2=-1.0000 track=1 sf=10 flag=init_neg
[T2depth] t=40.2240 id=3772 src=stereo u=118.0 v=126.0 depth=5.0000 depth2=-1.0000 track=1 sf=10 flag=init_neg
[T2depth] t=40.2240 id=3774 src=stereo u=541.0 v=55.0 depth=3.5091 depth2=-1.0000 track=1 sf=10 flag=ok
[T2depth] t=40.2240 id=3775 src=stereo u=400.0 v=184.0 depth=3.4045 depth2=-1.0000 track=1 sf=10 flag=ok
[T2gate] t=40.2240 tri=52 rej=0 xrej=0 init_replace=4 gate=0
[T2slv] t=40.2240 phase=1 init_cost=120.724 final_cost=119.154 iters=9 term=1 slv_ms=8.8
[T2diag] t=40.2240 P=[-0.0193 0.0689 0.0004] V=[0.0071 0.0281 -0.0010] |Bas|=0.195380 |Bgs|=0.0075054 Bas=[-0.131657 -0.144356 -0.000952] Bgs=[0.0016605 -0.0017075 0.0071175] tic0=[0.1200 0.0500 -0.0200] tic1=[0.1200 -0.0500 -0.0200] td=0.00000 track=137
[E2uls] flag=1 sh_t=40.256 new_t=40.256 dP=[0.0028 0.0043 -0.0007] |dP|=0.0052 first_dt=-1.0000
time: 40.224000, t: -0.019340 0.068936 0.000367 q: 0.999962 0.000033 -0.004699 -0.007306 
[T2xcross] t=40.3560 id=3749 est=5.0000 svd=2.4127 rel=0.5175 track=2 sf=9
[T2xcross] t=40.3560 id=3762 est=3.3912 svd=0.8499 rel=0.7494 track=2 sf=9
[T2xcross] t=40.3560 id=3772 est=5.0000 svd=0.4959 rel=0.9008 track=2 sf=9
[T2xcross] t=40.3560 id=3774 est=3.5091 svd=3.8568 rel=0.0901 track=2 sf=9
[T2depth] t=40.3560 id=3781 src=stereo u=509.3 v=117.2 depth=3.3179 depth2=-1.0000 track=1 sf=10 flag=ok
[T2depth] t=40.3560 id=3788 src=stereo u=382.0 v=177.0 depth=3.9542 depth2=-1.0000 track=1 sf=10 flag=ok
[T2gate] t=40.3560 tri=51 rej=0 xrej=0 init_replace=0 gate=0
[T2slv] t=40.3560 phase=1 init_cost=121.196 final_cost=119.396 iters=5 term=0 slv_ms=15.2
[T2diag] t=40.3560 P=[-0.0193 0.0704 0.0004] V=[0.0050 0.0230 0.0022] |Bas|=0.195380 |Bgs|=0.0046761 Bas=[-0.131657 -0.144356 -0.000952] Bgs=[0.0023536 0.0027577 0.0029533] tic0=[0.1200 0.0500 -0.0200] tic1=[0.1200 -0.0500 -0.0200] td=0.00000 track=134
[E2uls] flag=1 sh_t=40.400 new_t=40.400 dP=[0.0030 0.0070 -0.0000] |dP|=0.0076 first_dt=-1.0000
time: 40.356000, t: -0.019340 0.070367 0.000419 q: 0.999961 -0.000004 -0.004705 -0.007466 
[T2depth] t=40.4600 id=3777 src=motion2 u=231.1 v=107.1 depth=5.0000 depth2=-1.0000 track=2 sf=9 flag=init_neg
[T2depth] t=40.4600 id=3778 src=motion2 u=255.0 v=185.0 depth=1.4292 depth2=-1.0000 track=2 sf=9 flag=ok
[T2depth] t=40.4600 id=3783 src=motion2 u=84.8 v=12.6 depth=0.5656 depth2=-1.0000 track=2 sf=9 flag=ok
[T2depth] t=40.4600 id=3784 src=motion2 u=168.7 v=93.5 depth=1.2386 depth2=-1.0000 track=2 sf=9 flag=ok
[T2depth] t=40.4600 id=3787 src=motion2 u=314.0 v=30.0 depth=5.0000 depth2=-1.0000 track=2 sf=9 flag=init_neg
[T2depth] t=40.4600 id=3790 src=motion2 u=89.0 v=245.0 depth=5.0000 depth2=-1.0000 track=2 sf=9 flag=init_neg
[T2depth] t=40.4600 id=3793 src=motion2 u=610.0 v=21.0 depth=5.0000 depth2=-1.0000 track=2 sf=9 flag=init_neg
[T2depth] t=40.4600 id=3794 src=motion2 u=313.0 v=110.0 depth=1.6285 depth2=-1.0000 track=2 sf=9 flag=ok
[T2gate] t=40.4600 tri=53 rej=0 xrej=0 init_replace=4 gate=0
[T2slv] t=40.4600 phase=1 init_cost=121.484 final_cost=119.512 iters=5 term=0 slv_ms=8.6
[T2diag] t=40.4600 P=[-0.0194 0.0704 0.0004] V=[0.0053 0.0077 0.0006] |Bas|=0.195380 |Bgs|=0.0022227 Bas=[-0.131657 -0.144356 -0.000952] Bgs=[-0.0000864 0.0009086 0.0020266] tic0=[0.1200 0.0500 -0.0200] tic1=[0.1200 -0.0500 -0.0200] td=0.00000 track=140
[E2uls] flag=1 sh_t=40.508 new_t=40.508 dP=[0.0026 0.0065 0.0006] |dP|=0.0070 first_dt=-1.0000
time: 40.460000, t: -0.019417 0.070352 0.000434 q: 0.999961 -0.000007 -0.004724 -0.007462 
[T2xcross] t=40.5920 id=3758 est=5.0000 svd=0.1258 rel=0.9748 track=2 sf=9
[T2xcross] t=40.5920 id=3783 est=0.5656 svd=0.3718 rel=0.3427 track=2 sf=9
[T2xcross] t=40.5920 id=3784 est=1.2386 svd=0.5543 rel=0.5525 track=2 sf=9
[T2xcross] t=40.5920 id=3794 est=1.6285 svd=0.4239 rel=0.7397 track=2 sf=9
[T2depth] t=40.5920 id=3797 src=motion2 u=531.8 v=252.0 depth=5.0000 depth2=-1.0000 track=2 sf=9 flag=init_neg
[T2depth] t=40.5920 id=3801 src=motion2 u=149.0 v=149.0 depth=5.0000 depth2=-1.0000 track=2 sf=9 flag=init_neg
[T2depth] t=40.5920 id=3803 src=motion2 u=15.0 v=30.0 depth=5.0000 depth2=-1.0000 track=2 sf=9 flag=init_neg
[T2depth] t=40.5920 id=3804 src=motion2 u=354.0 v=175.0 depth=0.4196 depth2=-1.0000 track=2 sf=9 flag=ok
[T2depth] t=40.5920 id=3805 src=motion2 u=161.0 v=30.0 depth=5.0000 depth2=-1.0000 track=2 sf=9 flag=init_neg
[T2depth] t=40.5920 id=3816 src=stereo u=594.0 v=173.0 depth=5.0000 depth2=-1.0000 track=1 sf=10 flag=init_neg
[T2depth] t=40.5920 id=3817 src=stereo u=228.0 v=167.0 depth=35.0578 depth2=-1.0000 track=1 sf=10 flag=ok
[T2gate] t=40.5920 tri=47 rej=0 xrej=0 init_replace=5 gate=0
[T2slv] t=40.5920 phase=1 init_cost=122.572 final_cost=119.46 iters=5 term=0 slv_ms=7.2
[T2diag] t=40.5920 P=[-0.0194 0.0696 0.0003] V=[0.0022 0.0020 -0.0002] |Bas|=0.195380 |Bgs|=0.0025505 Bas=[-0.131657 -0.144356 -0.000952] Bgs=[-0.0012704 -0.0014036 0.0017091] tic0=[0.1200 0.0500 -0.0200] tic1=[0.1200 -0.0500 -0.0200] td=0.00000 track=142
[E2uls] flag=1 sh_t=40.624 new_t=40.624 dP=[0.0015 0.0046 0.0008] |dP|=0.0049 first_dt=-1.0000
time: 40.592000, t: -0.019420 0.069610 0.000330 q: 0.999962 0.000008 -0.004757 -0.007370 
[T2depth] t=40.6920 id=3814 src=motion2 u=365.0 v=100.0 depth=0.1986 depth2=-1.0000 track=2 sf=9 flag=ok
[T2depth] t=40.6920 id=3815 src=motion2 u=590.0 v=141.0 depth=5.0000 depth2=-1.0000 track=2 sf=9 flag=init_neg
[T2depth] t=40.6920 id=3819 src=stereo u=381.3 v=22.6 depth=3.7211 depth2=-1.0000 track=1 sf=10 flag=ok
[T2depth] t=40.6920 id=3822 src=stereo u=562.1 v=39.0 depth=5.0000 depth2=-1.0000 track=1 sf=10 flag=init_neg
[T2depth] t=40.6920 id=3824 src=stereo u=283.0 v=172.0 depth=5.0000 depth2=-1.0000 track=1 sf=10 flag=init_neg
[T2depth] t=40.6920 id=3827 src=stereo u=490.0 v=148.0 depth=3.7157 depth2=-1.0000 track=1 sf=10 flag=ok
[T2depth] t=40.6920 id=3828 src=stereo u=507.0 v=19.0 depth=4.0341 depth2=-1.0000 track=1 sf=10 flag=ok
[T2depth] t=40.6920 id=3830 src=stereo u=412.0 v=202.0 depth=3.9728 depth2=-1.0000 track=1 sf=10 flag=ok
[T2depth] t=40.6920 id=3831 src=stereo u=388.0 v=64.0 depth=3.6389 depth2=-1.0000 track=1 sf=10 flag=ok
[T2gate] t=40.6920 tri=48 rej=0 xrej=0 init_replace=3 gate=0
[T2slv] t=40.6920 phase=1 init_cost=119.705 final_cost=119.471 iters=5 term=0 slv_ms=6.8
[T2diag] t=40.6920 P=[-0.0191 0.0706 0.0004] V=[0.0033 0.0134 0.0025] |Bas|=0.195380 |Bgs|=0.0029997 Bas=[-0.131657 -0.144356 -0.000952] Bgs=[0.0005593 -0.0012985 0.0026456] tic0=[0.1200 0.0500 -0.0200] tic1=[0.1200 -0.0500 -0.0200] td=0.00000 track=137
[E2uls] flag=1 sh_t=40.724 new_t=40.724 dP=[0.0002 0.0003 0.0002] |dP|=0.0004 first_dt=-1.0000
time: 40.692000, t: -0.019141 0.070561 0.000373 q: 0.999961 -0.000014 -0.004750 -0.007485 
[T2depth] t=40.7920 id=3818 src=motion2 u=513.7 v=66.9 depth=5.0000 depth2=-1.0000 track=2 sf=9 flag=init_neg
[T2depth] t=40.7920 id=3820 src=motion2 u=128.5 v=20.9 depth=5.0000 depth2=-1.0000 track=2 sf=9 flag=init_neg
[T2depth] t=40.7920 id=3823 src=motion2 u=17.7 v=102.9 depth=5.0000 depth2=-1.0000 track=2 sf=9 flag=init_neg
[T2depth] t=40.7920 id=3825 src=motion2 u=210.0 v=180.0 depth=0.0316 depth2=-1.0000 track=2 sf=9 flag=ok
[T2xcross] t=40.7920 id=3828 est=4.0341 svd=0.8404 rel=0.7917 track=2 sf=9
[T2xcross] t=40.7920 id=3831 est=3.6389 svd=0.0329 rel=0.9910 track=2 sf=9
[T2depth] t=40.7920 id=3834 src=stereo u=394.3 v=119.6 depth=3.3824 depth2=-1.0000 track=1 sf=10 flag=ok
[T2depth] t=40.7920 id=3835 src=stereo u=213.4 v=81.8 depth=43.3271 depth2=-1.0000 track=1 sf=10 flag=ok
[T2depth] t=40.7920 id=3838 src=stereo u=365.0 v=128.0 depth=23.4433 depth2=-1.0000 track=1 sf=10 flag=ok
[T2gate] t=40.7920 tri=45 rej=0 xrej=0 init_replace=3 gate=0
[T2slv] t=40.7920 phase=1 init_cost=120.532 final_cost=119.566 iters=6 term=0 slv_ms=10.8
[T2diag] t=40.7920 P=[-0.0193 0.0709 0.0003] V=[0.0037 0.0086 -0.0026] |Bas|=0.195380 |Bgs|=0.0040165 Bas=[-0.131657 -0.144356 -0.000952] Bgs=[0.0023342 0.0032048 0.0006425] tic0=[0.1200 0.0500 -0.0200] tic1=[0.1200 -0.0500 -0.0200] td=0.00000 track=140
[E2uls] flag=1 sh_t=40.844 new_t=40.844 dP=[0.0024 0.0042 0.0001] |dP|=0.0049 first_dt=-1.0000
time: 40.792000, t: -0.019302 0.070864 0.000346 q: 0.999960 -0.000030 -0.004772 -0.007523 
[T2depth] t=40.8920 id=3832 src=motion2 u=607.3 v=135.7 depth=5.0000 depth2=-1.0000 track=2 sf=9 flag=init_neg
[T2xcross] t=40.8920 id=3834 est=3.3824 svd=0.0956 rel=0.9717 track=2 sf=9
[T2depth] t=40.8920 id=3836 src=motion2 u=179.9 v=167.7 depth=0.1137 depth2=-1.0000 track=2 sf=9 flag=ok
[T2depth] t=40.8920 id=3844 src=stereo u=303.1 v=174.0 depth=35.4055 depth2=-1.0000 track=1 sf=10 flag=ok
[T2gate] t=40.8920 tri=46 rej=0 xrej=0 init_replace=1 gate=0
[T2slv] t=40.8920 phase=1 init_cost=122.016 final_cost=119.602 iters=7 term=0 slv_ms=15.2
[T2diag] t=40.8920 P=[-0.0192 0.0709 0.0003] V=[0.0042 0.0068 0.0003] |Bas|=0.195380 |Bgs|=0.0039583 Bas=[-0.131657 -0.144356 -0.000952] Bgs=[0.0015827 -0.0024440 0.0026815] tic0=[0.1200 0.0500 -0.0200] tic1=[0.1200 -0.0500 -0.0200] td=0.00000 track=140
[E2uls] flag=1 sh_t=40.944 new_t=40.944 dP=[0.0021 0.0036 -0.0005] |dP|=0.0042 first_dt=-1.0000
time: 40.892000, t: -0.019216 0.070926 0.000310 q: 0.999960 -0.000031 -0.004786 -0.007525 
[T2depth] t=40.9920 id=3843 src=motion2 u=556.9 v=88.7 depth=0.2918 depth2=-1.0000 track=2 sf=9 flag=ok
[T2xcross] t=40.9920 id=3844 est=35.4055 svd=0.5097 rel=0.9856 track=2 sf=9
[T2depth] t=40.9920 id=3847 src=motion2 u=568.6 v=216.0 depth=0.2157 depth2=-1.0000 track=2 sf=9 flag=ok
[T2depth] t=40.9920 id=3853 src=motion2 u=80.0 v=61.0 depth=5.0000 depth2=-1.0000 track=2 sf=9 flag=init_neg
[T2depth] t=40.9920 id=3862 src=stereo u=438.0 v=71.0 depth=3.8990 depth2=-1.0000 track=1 sf=10 flag=ok
[T2depth] t=40.9920 id=3865 src=stereo u=23.0 v=122.0 depth=31.2853 depth2=-1.0000 track=1 sf=10 flag=ok
[T2depth] t=40.9920 id=3869 src=stereo u=478.0 v=62.0 depth=3.7476 depth2=-1.0000 track=1 sf=10 flag=ok
[T2gate] t=40.9920 tri=52 rej=0 xrej=0 init_replace=1 gate=0
[T2slv] t=40.9920 phase=1 init_cost=120.175 final_cost=119.832 iters=7 term=0 slv_ms=13.6
[T2diag] t=40.9920 P=[-0.0189 0.0735 0.0004] V=[0.0088 0.0317 -0.0003] |Bas|=0.195380 |Bgs|=0.0087628 Bas=[-0.131657 -0.144356 -0.000952] Bgs=[0.0034969 -0.0036598 0.0071530] tic0=[0.1200 0.0500 -0.0200] tic1=[0.1200 -0.0500 -0.0200] td=0.00000 track=136
[E2uls] flag=1 sh_t=41.036 new_t=41.036 dP=[0.0014 -0.0005 -0.0005] |dP|=0.0016 first_dt=-1.0000
time: 40.992000, t: -0.018914 0.073456 0.000443 q: 0.999958 -0.000113 -0.004766 -0.007813 
[T2xcross] t=41.0920 id=3671 est=5.0000 svd=3.8631 rel=0.2274 track=2 sf=9
[T2xcross] t=41.0920 id=3797 est=5.0000 svd=1.3982 rel=0.7204 track=2 sf=9
[T2depth] t=41.0920 id=3858 src=motion2 u=198.2 v=102.4 depth=0.1102 depth2=-1.0000 track=2 sf=9 flag=ok
[T2depth] t=41.0920 id=3860 src=motion2 u=301.0 v=54.0 depth=0.1631 depth2=-1.0000 track=2 sf=9 flag=ok
[T2depth] t=41.0920 id=3861 src=motion2 u=263.0 v=196.0 depth=333.0219 depth2=-1.0000 track=2 sf=9 flag=ok
[T2xcross] t=41.0920 id=3862 est=3.8990 svd=0.9943 rel=0.7450 track=2 sf=9
[T2depth] t=41.0920 id=3864 src=motion2 u=204.0 v=61.0 depth=5.0000 depth2=-1.0000 track=2 sf=9 flag=init_neg
[T2depth] t=41.0920 id=3866 src=motion2 u=145.0 v=165.0 depth=0.7658 depth2=-1.0000 track=2 sf=9 flag=ok
[T2depth] t=41.0920 id=3868 src=motion2 u=61.0 v=99.0 depth=0.1116 depth2=-1.0000 track=2 sf=9 flag=ok
[T2xcross] t=41.0920 id=3869 est=3.7476 svd=1.9786 rel=0.4720 track=2 sf=9
[T2depth] t=41.0920 id=3870 src=motion2 u=599.0 v=131.0 depth=5.0000 depth2=-1.0000 track=2 sf=9 flag=init_neg
[T2depth] t=41.0920 id=3872 src=stereo u=445.0 v=98.6 depth=3.8831 depth2=-1.0000 track=1 sf=10 flag=ok
[T2depth] t=41.0920 id=3875 src=stereo u=207.2 v=156.3 depth=33.5469 depth2=-1.0000 track=1 sf=10 flag=ok
[T2depth] t=41.0920 id=3878 src=stereo u=518.0 v=85.0 depth=4.2624 depth2=-1.0000 track=1 sf=10 flag=ok
[T2depth] t=41.0920 id=3879 src=stereo u=300.0 v=26.0 depth=18.0087 depth2=-1.0000 track=1 sf=10 flag=ok
[T2depth] t=41.0920 id=3881 src=stereo u=515.0 v=153.0 depth=3.7567 depth2=-1.0000 track=1 sf=10 flag=ok
[T2gate] t=41.0920 tri=49 rej=0 xrej=0 init_replace=2 gate=0
[T2slv] t=41.0920 phase=1 init_cost=122.58 final_cost=119.836 iters=9 term=1 slv_ms=14.9
[T2diag] t=41.0920 P=[-0.0194 0.0708 0.0003] V=[-0.0015 -0.0178 -0.0020] |Bas|=0.195380 |Bgs|=0.0083378 Bas=[-0.131657 -0.144356 -0.000952] Bgs=[-0.0009343 0.0049015 -0.0066799] tic0=[0.1200 0.0500 -0.0200] tic1=[0.1200 -0.0500 -0.0200] td=0.00000 track=141
[E2uls] flag=1 sh_t=41.132 new_t=41.132 dP=[0.0034 0.0108 0.0000] |dP|=0.0113 first_dt=-1.0000
time: 41.092000, t: -0.019361 0.070835 0.000296 q: 0.999960 -0.000030 -0.004819 -0.007510 
[T2depth] t=41.1960 id=3874 src=motion2 u=86.1 v=125.2 depth=0.1645 depth2=-1.0000 track=2 sf=9 flag=ok
[T2xcross] t=41.1960 id=3878 est=4.2624 svd=0.4724 rel=0.8892 track=2 sf=9
[T2xcross] t=41.1960 id=3879 est=18.0087 svd=0.1379 rel=0.9923 track=2 sf=9
[T2depth] t=41.1960 id=3880 src=motion2 u=210.0 v=219.0 depth=5.0000 depth2=-1.0000 track=2 sf=9 flag=init_neg
[T2depth] t=41.1960 id=3885 src=stereo u=233.7 v=191.7 depth=5.0000 depth2=-1.0000 track=1 sf=10 flag=init_neg
[T2depth] t=41.1960 id=3890 src=stereo u=413.0 v=19.0 depth=4.1475 depth2=-1.0000 track=1 sf=10 flag=ok
[T2depth] t=41.1960 id=3894 src=stereo u=529.0 v=149.0 depth=27.4759 depth2=-1.0000 track=1 sf=10 flag=ok
[T2gate] t=41.1960 tri=46 rej=0 xrej=0 init_replace=2 gate=0
[T2slv] t=41.1960 phase=1 init_cost=121.507 final_cost=119.874 iters=9 term=1 slv_ms=21.5
[T2diag] t=41.1960 P=[-0.0186 0.0735 0.0003] V=[0.0093 0.0323 0.0012] |Bas|=0.195380 |Bgs|=0.0091927 Bas=[-0.131657 -0.144356 -0.000952] Bgs=[0.0033167 0.0043973 0.0073599] tic0=[0.1200 0.0500 -0.0200] tic1=[0.1200 -0.0500 -0.0200] td=0.00000 track=137
[E2uls] flag=1 sh_t=41.248 new_t=41.248 dP=[-0.0004 -0.0056 -0.0003] |dP|=0.0056 first_dt=-1.0000
time: 41.196000, t: -0.018643 0.073457 0.000299 q: 0.999958 -0.000111 -0.004805 -0.007817 
[T2depth] t=41.2920 id=3883 src=motion2 u=627.5 v=163.4 depth=5.0000 depth2=-1.0000 track=2 sf=9 flag=init_neg
[T2depth] t=41.2920 id=3886 src=motion2 u=395.8 v=57.7 depth=5.0000 depth2=-1.0000 track=2 sf=9 flag=init_neg
[T2depth] t=41.2920 id=3887 src=motion2 u=340.6 v=86.8 depth=2.0932 depth2=-1.0000 track=2 sf=9 flag=ok
[T2depth] t=41.2920 id=3888 src=motion2 u=379.8 v=202.2 depth=1.4136 depth2=-1.0000 track=2 sf=9 flag=ok
[T2xcross] t=41.2920 id=3890 est=4.1475 svd=1.0954 rel=0.7359 track=2 sf=9
[T2depth] t=41.2920 id=3892 src=motion2 u=518.0 v=224.0 depth=5.4472 depth2=-1.0000 track=2 sf=9 flag=ok
[T2xcross] t=41.2920 id=3894 est=27.4759 svd=13.5122 rel=0.5082 track=2 sf=9
[T2depth] t=41.2920 id=3896 src=stereo u=447.0 v=108.2 depth=3.8983 depth2=-1.0000 track=1 sf=10 flag=ok
[T2depth] t=41.2920 id=3898 src=stereo u=102.7 v=141.0 depth=5.0000 depth2=-1.0000 track=1 sf=10 flag=init_neg
[T2gate] t=41.2920 tri=50 rej=0 xrej=0 init_replace=3 gate=0
[T2slv] t=41.2920 phase=1 init_cost=123.933 final_cost=120.07 iters=9 term=1 slv_ms=11.9
[T2diag] t=41.2920 P=[-0.0190 0.0735 0.0004] V=[0.0022 0.0077 0.0012] |Bas|=0.195380 |Bgs|=0.0059153 Bas=[-0.131657 -0.144356 -0.000952] Bgs=[-0.0000694 -0.0026096 -0.0053082] tic0=[0.1200 0.0500 -0.0200] tic1=[0.1200 -0.0500 -0.0200] td=0.00000 track=139
[E2uls] flag=1 sh_t=41.352 new_t=41.352 dP=[0.0036 0.0095 0.0005] |dP|=0.0102 first_dt=-1.0000
time: 41.292000, t: -0.019005 0.073520 0.000400 q: 0.999958 -0.000121 -0.004815 -0.007818 
[T2xcross] t=41.3920 id=3886 est=5.0000 svd=0.4426 rel=0.9115 track=2 sf=9
[T2xcross] t=41.3920 id=3887 est=2.0932 svd=1.1699 rel=0.4411 track=2 sf=9
[T2depth] t=41.3920 id=3900 src=motion2 u=557.7 v=108.2 depth=5.0000 depth2=-1.0000 track=2 sf=9 flag=init_neg
[T2depth] t=41.3920 id=3905 src=motion2 u=103.0 v=28.0 depth=5.0000 depth2=-1.0000 track=2 sf=9 flag=init_neg
[T2depth] t=41.3920 id=3907 src=motion2 u=130.0 v=213.0 depth=5.0000 depth2=-1.0000 track=2 sf=9 flag=init_neg
[T2depth] t=41.3920 id=3908 src=motion2 u=261.0 v=161.0 depth=0.2881 depth2=-1.0000 track=2 sf=9 flag=ok
[T2depth] t=41.3920 id=3910 src=stereo u=292.7 v=116.1 depth=24.9813 depth2=-1.0000 track=1 sf=10 flag=ok
[T2depth] t=41.3920 id=3911 src=stereo u=44.5 v=17.4 depth=28.9204 depth2=-1.0000 track=1 sf=10 flag=ok
[T2depth] t=41.3920 id=3914 src=stereo u=364.4 v=129.4 depth=5.0000 depth2=-1.0000 track=1 sf=10 flag=init_neg
[T2gate] t=41.3920 tri=52 rej=0 xrej=0 init_replace=4 gate=0
[T2slv] t=41.3920 phase=1 init_cost=121.337 final_cost=119.762 iters=8 term=0 slv_ms=17.7
[T2diag] t=41.3920 P=[-0.0191 0.0700 0.0002] V=[-0.0024 -0.0257 -0.0008] |Bas|=0.195380 |Bgs|=0.0123544 Bas=[-0.131657 -0.144356 -0.000952] Bgs=[-0.0002054 0.0012411 -0.0122902] tic0=[0.1200 0.0500 -0.0200] tic1=[0.1200 -0.0500 -0.0200] td=0.00000 track=136
[E2uls] flag=1 sh_t=41.436 new_t=41.436 dP=[0.0018 0.0080 0.0005] |dP|=0.0083 first_dt=-1.0000
time: 41.392000, t: -0.019124 0.070046 0.000232 q: 0.999961 -0.000010 -0.004852 -0.007421 
[T2xcross] t=41.4920 id=3512 est=0.6016 svd=2.2391 rel=0.7313 track=2 sf=9
[T2xcross] t=41.4920 id=3896 est=3.8983 svd=0.1623 rel=0.9584 track=2 sf=9
[T2xcross] t=41.4920 id=3910 est=24.9813 svd=0.2940 rel=0.9882 track=2 sf=9
[T2depth] t=41.4920 id=3913 src=motion2 u=46.0 v=140.0 depth=5.0000 depth2=-1.0000 track=2 sf=9 flag=init_neg
[T2depth] t=41.4920 id=3915 src=motion2 u=74.5 v=92.3 depth=5.0000 depth2=-1.0000 track=2 sf=9 flag=init_neg
[T2depth] t=41.4920 id=3916 src=motion2 u=250.8 v=56.9 depth=0.5405 depth2=-1.0000 track=2 sf=9 flag=ok
[T2depth] t=41.4920 id=3917 src=motion2 u=243.4 v=91.1 depth=5.0000 depth2=-1.0000 track=2 sf=9 flag=init_neg
[T2depth] t=41.4920 id=3919 src=motion2 u=534.5 v=197.2 depth=5.0000 depth2=-1.0000 track=2 sf=9 flag=init_neg
[T2depth] t=41.4920 id=3920 src=motion2 u=303.0 v=211.0 depth=0.3896 depth2=-1.0000 track=2 sf=9 flag=ok
[T2depth] t=41.4920 id=3930 src=stereo u=205.0 v=150.0 depth=32.5010 depth2=-1.0000 track=1 sf=10 flag=ok
[T2depth] t=41.4920 id=3932 src=stereo u=214.0 v=54.0 depth=5.0000 depth2=-1.0000 track=1 sf=10 flag=init_neg
[T2gate] t=41.4920 tri=48 rej=0 xrej=0 init_replace=5 gate=0
[T2slv] t=41.4920 phase=1 init_cost=121.068 final_cost=119.588 iters=9 term=1 slv_ms=16.0
[T2diag] t=41.4920 P=[-0.0186 0.0710 0.0002] V=[0.0075 0.0189 -0.0001] |Bas|=0.195380 |Bgs|=0.0062434 Bas=[-0.131657 -0.144356 -0.000952] Bgs=[0.0052915 -0.0028245 -0.0017327] tic0=[0.1200 0.0500 -0.0200] tic1=[0.1200 -0.0500 -0.0200] td=0.00000 track=142
[E2uls] flag=1 sh_t=41.556 new_t=41.556 dP=[0.0005 -0.0046 -0.0003] |dP|=0.0047 first_dt=-1.0000
time: 41.492000, t: -0.018587 0.071049 0.000163 q: 0.999960 -0.000056 -0.004851 -0.007547 
[T2depth] t=41.5920 id=3925 src=motion2 u=533.1 v=246.0 depth=5.0000 depth2=-1.0000 track=2 sf=9 flag=init_neg
[T2depth] t=41.5920 id=3928 src=motion2 u=319.5 v=57.1 depth=5.0000 depth2=-1.0000 track=2 sf=9 flag=init_neg
[T2depth] t=41.5920 id=3931 src=motion2 u=263.0 v=13.0 depth=0.9502 depth2=-1.0000 track=2 sf=9 flag=ok
[T2depth] t=41.5920 id=3934 src=motion2 u=617.0 v=60.0 depth=0.6704 depth2=-1.0000 track=2 sf=9 flag=ok
[T2depth] t=41.5920 id=3935 src=stereo u=609.2 v=95.1 depth=40.2471 depth2=-1.0000 track=1 sf=10 flag=ok
[T2depth] t=41.5920 id=3937 src=stereo u=43.5 v=47.1 depth=5.0000 depth2=-1.0000 track=1 sf=10 flag=init_neg
[T2depth] t=41.5920 id=3939 src=stereo u=400.0 v=99.0 depth=4.0344 depth2=-1.0000 track=1 sf=10 flag=ok
[T2depth] t=41.5920 id=3941 src=stereo u=369.0 v=144.0 depth=5.0000 depth2=-1.0000 track=1 sf=10 flag=init_neg
[T2depth] t=41.5920 id=3942 src=stereo u=532.0 v=125.0 depth=5.0000 depth2=-1.0000 track=1 sf=10 flag=init_neg
[T2gate] t=41.5920 tri=42 rej=0 xrej=0 init_replace=5 gate=0
[T2slv] t=41.5920 phase=1 init_cost=121.247 final_cost=119.741 iters=7 term=0 slv_ms=8.5
[T2diag] t=41.5920 P=[-0.0186 0.0719 0.0003] V=[0.0045 0.0182 0.0013] |Bas|=0.195380 |Bgs|=0.0014883 Bas=[-0.131657 -0.144356 -0.000952] Bgs=[0.0002651 0.0006388 -0.0013178] tic0=[0.1200 0.0500 -0.0200] tic1=[0.1200 -0.0500 -0.0200] td=0.00000 track=143
[E2uls] flag=1 sh_t=41.620 new_t=41.620 dP=[0.0022 0.0035 -0.0001] |dP|=0.0041 first_dt=-1.0000
time: 41.592000, t: -0.018620 0.071897 0.000263 q: 0.999959 -0.000072 -0.004841 -0.007658 
[T2xcross] t=41.6920 id=3915 est=5.0000 svd=0.1582 rel=0.9684 track=2 sf=9
[T2xcross] t=41.6920 id=3935 est=40.2471 svd=0.9250 rel=0.9770 track=2 sf=9
[T2depth] t=41.6920 id=3938 src=motion2 u=619.8 v=187.0 depth=0.3408 depth2=-1.0000 track=2 sf=9 flag=ok
[T2depth] t=41.6920 id=3940 src=motion2 u=131.0 v=52.0 depth=0.4119 depth2=-1.0000 track=2 sf=9 flag=ok
[T2depth] t=41.6920 id=3943 src=stereo u=184.3 v=70.1 depth=43.4610 depth2=-1.0000 track=1 sf=10 flag=ok
[T2depth] t=41.6920 id=3945 src=stereo u=189.7 v=143.2 depth=41.8959 depth2=-1.0000 track=1 sf=10 flag=ok
[T2depth] t=41.6920 id=3947 src=stereo u=575.8 v=131.5 depth=33.3689 depth2=-1.0000 track=1 sf=10 flag=ok
[T2depth] t=41.6920 id=3949 src=stereo u=397.0 v=17.0 depth=3.5840 depth2=-1.0000 track=1 sf=10 flag=ok
[T2gate] t=41.6920 tri=38 rej=0 xrej=0 init_replace=0 gate=0
[T2slv] t=41.6920 phase=1 init_cost=123.416 final_cost=119.803 iters=7 term=0 slv_ms=15.4
[T2diag] t=41.6920 P=[-0.0186 0.0714 0.0001] V=[0.0023 0.0017 -0.0022] |Bas|=0.195380 |Bgs|=0.0038965 Bas=[-0.131657 -0.144356 -0.000952] Bgs=[0.0005880 -0.0036131 -0.0013349] tic0=[0.1200 0.0500 -0.0200] tic1=[0.1200 -0.0500 -0.0200] td=0.00000 track=143
[E2uls] flag=1 sh_t=41.740 new_t=41.740 dP=[0.0020 0.0064 0.0001] |dP|=0.0067 first_dt=-1.0000
time: 41.692000, t: -0.018587 0.071437 0.000120 q: 0.999959 -0.000048 -0.004867 -0.007596 
[T2depth] t=41.7920 id=3946 src=motion2 u=464.5 v=172.0 depth=0.0618 depth2=-1.0000 track=2 sf=9 flag=ok
[T2depth] t=41.7920 id=3950 src=motion2 u=333.0 v=5.0 depth=0.2880 depth2=-1.0000 track=2 sf=9 flag=ok
[T2depth] t=41.7920 id=3955 src=stereo u=299.3 v=157.1 depth=5.0000 depth2=-1.0000 track=1 sf=10 flag=init_neg
[T2depth] t=41.7920 id=3958 src=stereo u=537.2 v=15.2 depth=3.0425 depth2=-1.0000 track=1 sf=10 flag=ok
[T2gate] t=41.7920 tri=44 rej=0 xrej=0 init_replace=1 gate=0
[T2slv] t=41.7920 phase=1 init_cost=122.206 final_cost=120.141 iters=9 term=1 slv_ms=15.1
[T2diag] t=41.7920 P=[-0.0181 0.0763 0.0003] V=[0.0139 0.0523 0.0001] |Bas|=0.195380 |Bgs|=0.0137956 Bas=[-0.131657 -0.144356 -0.000952] Bgs=[0.0028135 -0.0029005 0.0131905] tic0=[0.1200 0.0500 -0.0200] tic1=[0.1200 -0.0500 -0.0200] td=0.00000 track=138
[E2uls] flag=1 sh_t=41.832 new_t=41.832 dP=[0.0009 -0.0044 -0.0009] |dP|=0.0046 first_dt=-1.0000
time: 41.792000, t: -0.018106 0.076294 0.000315 q: 0.999955 -0.000188 -0.004829 -0.008164 
[T2xcross] t=41.8920 id=3946 est=0.0618 svd=0.9360 rel=0.9340 track=2 sf=9
[T2depth] t=41.8920 id=3952 src=motion2 u=149.6 v=52.8 depth=5.7027 depth2=-1.0000 track=2 sf=9 flag=ok
[T2xcross] t=41.8920 id=3958 est=3.0425 svd=3.1944 rel=0.0475 track=2 sf=9
[T2depth] t=41.8920 id=3959 src=motion2 u=516.0 v=95.0 depth=1.6208 depth2=-1.0000 track=2 sf=9 flag=ok
[T2depth] t=41.8920 id=3964 src=motion2 u=13.0 v=197.0 depth=0.6911 depth2=-1.0000 track=2 sf=9 flag=ok
[T2depth] t=41.8920 id=3965 src=motion2 u=563.0 v=208.0 depth=27.3880 depth2=-1.0000 track=2 sf=9 flag=ok
[T2depth] t=41.8920 id=3970 src=stereo u=239.0 v=156.0 depth=22.9140 depth2=-1.0000 track=1 sf=10 flag=ok
[T2depth] t=41.8920 id=3974 src=stereo u=175.0 v=75.0 depth=5.0000 depth2=-1.0000 track=1 sf=10 flag=init_neg
[T2gate] t=41.8920 tri=46 rej=0 xrej=0 init_replace=1 gate=0
[T2slv] t=41.8920 phase=1 init_cost=121.559 final_cost=120.614 iters=8 term=0 slv_ms=12.2
[T2diag] t=41.8920 P=[-0.0185 0.0784 0.0004] V=[0.0087 0.0252 0.0015] |Bas|=0.195380 |Bgs|=0.0077018 Bas=[-0.131657 -0.144356 -0.000952] Bgs=[0.0029617 -0.0016666 0.0069114] tic0=[0.1200 0.0500 -0.0200] tic1=[0.1200 -0.0500 -0.0200] td=0.00000 track=143
[E2uls] flag=1 sh_t=41.928 new_t=41.928 dP=[0.0039 0.0073 -0.0001] |dP|=0.0083 first_dt=-1.0000
time: 41.892000, t: -0.018450 0.078435 0.000370 q: 0.999953 -0.000234 -0.004841 -0.008403 
[T2xcross] t=41.9920 id=3970 est=22.9140 svd=0.4417 rel=0.9807 track=2 sf=9
[T2depth] t=41.9920 id=3973 src=motion2 u=331.0 v=135.0 depth=0.5280 depth2=-1.0000 track=2 sf=9 flag=ok
[T2depth] t=41.9920 id=3977 src=stereo u=481.8 v=118.6 depth=3.6393 depth2=-1.0000 track=1 sf=10 flag=ok
[T2depth] t=41.9920 id=3978 src=stereo u=404.9 v=201.7 depth=4.1386 depth2=-1.0000 track=1 sf=10 flag=ok
[T2depth] t=41.9920 id=3981 src=stereo u=391.2 v=97.5 depth=3.2960 depth2=-1.0000 track=1 sf=10 flag=ok
[T2gate] t=41.9920 tri=46 rej=0 xrej=0 init_replace=0 gate=0
[T2slv] t=41.9920 phase=1 init_cost=122.442 final_cost=120.515 iters=9 term=1 slv_ms=13.0
[T2diag] t=41.9920 P=[-0.0189 0.0754 0.0002] V=[-0.0031 -0.0207 -0.0010] |Bas|=0.195380 |Bgs|=0.0041892 Bas=[-0.131657 -0.144356 -0.000952] Bgs=[-0.0015037 0.0020708 -0.0033166] tic0=[0.1200 0.0500 -0.0200] tic1=[0.1200 -0.0500 -0.0200] td=0.00000 track=138
[E2uls] flag=1 sh_t=42.032 new_t=42.032 dP=[0.0030 0.0109 0.0005] |dP|=0.0113 first_dt=-1.0000
time: 41.992000, t: -0.018900 0.075398 0.000219 q: 0.999956 -0.000147 -0.004888 -0.008053 
[T2xcross] t=42.0920 id=3964 est=0.6911 svd=0.0586 rel=0.9152 track=2 sf=9
[T2depth] t=42.0920 id=3976 src=motion2 u=129.3 v=101.6 depth=5.0000 depth2=-1.0000 track=2 sf=9 flag=init_neg
[T2xcross] t=42.0920 id=3977 est=3.6393 svd=0.2847 rel=0.9218 track=2 sf=9
[T2depth] t=42.0920 id=3984 src=motion2 u=51.8 v=19.8 depth=0.9050 depth2=-1.0000 track=2 sf=9 flag=ok
[T2depth] t=42.0920 id=3985 src=motion2 u=603.0 v=16.0 depth=5.0000 depth2=-1.0000 track=2 sf=9 flag=init_neg
[T2depth] t=42.0920 id=3986 src=motion2 u=370.0 v=186.0 depth=5.0000 depth2=-1.0000 track=2 sf=9 flag=init_neg
[T2depth] t=42.0920 id=3990 src=motion2 u=73.0 v=200.0 depth=0.1916 depth2=-1.0000 track=2 sf=9 flag=ok
[T2depth] t=42.0920 id=3992 src=stereo u=446.0 v=197.4 depth=3.8977 depth2=-1.0000 track=1 sf=10 flag=ok
[T2depth] t=42.0920 id=3993 src=stereo u=116.7 v=134.2 depth=41.8552 depth2=-1.0000 track=1 sf=10 flag=ok
[T2gate] t=42.0920 tri=47 rej=0 xrej=0 init_replace=3 gate=0
[T2slv] t=42.0920 phase=1 init_cost=121.112 final_cost=120.533 iters=9 term=1 slv_ms=9.9
[T2diag] t=42.0920 P=[-0.0182 0.0789 0.0003] V=[0.0091 0.0418 0.0011] |Bas|=0.195380 |Bgs|=0.0083653 Bas=[-0.131657 -0.144356 -0.000952] Bgs=[0.0016066 -0.0008274 0.0081677] tic0=[0.1200 0.0500 -0.0200] tic1=[0.1200 -0.0500 -0.0200] td=0.00000 track=141
[E2uls] flag=1 sh_t=42.148 new_t=42.148 dP=[-0.0012 -0.0076 -0.0002] |dP|=0.0077 first_dt=-1.0000
time: 42.092000, t: -0.018220 0.078859 0.000324 q: 0.999952 -0.000252 -0.004850 -0.008468 
[T2xcross] t=42.1920 id=3905 est=5.0000 svd=0.6799 rel=0.8640 track=2 sf=9
[T2xcross] t=42.1920 id=3907 est=5.0000 svd=4.0620 rel=0.1876 track=2 sf=9
[T2xcross] t=42.1920 id=3947 est=33.3689 svd=2.0862 rel=0.9375 track=2 sf=9
[T2xcross] t=42.1920 id=3978 est=4.1386 svd=0.4991 rel=0.8794 track=2 sf=9
[T2xcross] t=42.1920 id=3986 est=5.0000 svd=0.7379 rel=0.8524 track=2 sf=9
[T2xcross] t=42.1920 id=3992 est=3.8977 svd=0.3843 rel=0.9014 track=2 sf=9
[T2depth] t=42.1920 id=3995 src=motion2 u=257.5 v=206.4 depth=1.2232 depth2=-1.0000 track=2 sf=9 flag=ok
[T2depth] t=42.1920 id=3998 src=motion2 u=345.0 v=161.0 depth=0.7103 depth2=-1.0000 track=2 sf=9 flag=ok
[T2depth] t=42.1920 id=3999 src=motion2 u=364.0 v=125.0 depth=1.6029 depth2=-1.0000 track=2 sf=9 flag=ok
[T2depth] t=42.1920 id=4000 src=motion2 u=199.0 v=41.0 depth=0.2788 depth2=-1.0000 track=2 sf=9 flag=ok
[T2depth] t=42.1920 id=4002 src=motion2 u=83.0 v=82.0 depth=1.4682 depth2=-1.0000 track=2 sf=9 flag=ok
[T2depth] t=42.1920 id=4012 src=stereo u=580.0 v=72.0 depth=5.0000 depth2=-1.0000 track=1 sf=10 flag=init_neg
[T2gate] t=42.1920 tri=44 rej=0 xrej=0 init_replace=1 gate=0
[T2slv] t=42.1920 phase=1 init_cost=121.671 final_cost=120.738 iters=9 term=1 slv_ms=16.1
[T2diag] t=42.1920 P=[-0.0186 0.0783 0.0004] V=[0.0019 0.0021 0.0008] |Bas|=0.195380 |Bgs|=0.0038714 Bas=[-0.131657 -0.144356 -0.000952] Bgs=[-0.0019292 0.0014995 -0.0030029] tic0=[0.1200 0.0500 -0.0200] tic1=[0.1200 -0.0500 -0.0200] td=0.00000 track=142
[E2uls] flag=1 sh_t=42.236 new_t=42.236 dP=[0.0031 0.0111 0.0001] |dP|=0.0116 first_dt=-1.0000
time: 42.192000, t: -0.018612 0.078251 0.000403 q: 0.999953 -0.000224 -0.004861 -0.008390 
[T2xcross] t=42.2920 id=3952 est=5.7027 svd=0.0361 rel=0.9937 track=2 sf=9
[T2xcross] t=42.2920 id=4000 est=0.2788 svd=0.0962 rel=0.6551 track=2 sf=9
[T2depth] t=42.2920 id=4010 src=motion2 u=26.0 v=28.0 depth=5.0000 depth2=-1.0000 track=2 sf=9 flag=init_neg
[T2depth] t=42.2920 id=4011 src=motion2 u=496.0 v=149.0 depth=5.0000 depth2=-1.0000 track=2 sf=9 flag=init_neg
[T2xcross] t=42.2920 id=4012 est=5.0000 svd=0.0393 rel=0.9921 track=2 sf=9
[T2depth] t=42.2920 id=4014 src=stereo u=227.3 v=72.9 depth=28.9906 depth2=-1.0000 track=1 sf=10 flag=ok
[T2depth] t=42.2920 id=4016 src=stereo u=446.0 v=105.5 depth=3.8976 depth2=-1.0000 track=1 sf=10 flag=ok
[T2depth] t=42.2920 id=4021 src=stereo u=106.0 v=63.0 depth=26.3298 depth2=-1.0000 track=1 sf=10 flag=ok
[T2depth] t=42.2920 id=4027 src=stereo u=94.0 v=203.0 depth=20.1885 depth2=-1.0000 track=1 sf=10 flag=ok
[T2gate] t=42.2920 tri=49 rej=0 xrej=0 init_replace=2 gate=0
[T2slv] t=42.2920 phase=1 init_cost=123.888 final_cost=120.467 iters=5 term=0 slv_ms=7.5
[T2diag] t=42.2920 P=[-0.0187 0.0761 0.0002] V=[0.0001 -0.0151 -0.0021] |Bas|=0.195380 |Bgs|=0.0042761 Bas=[-0.131657 -0.144356 -0.000952] Bgs=[-0.0031819 -0.0007551 -0.0027552] tic0=[0.1200 0.0500 -0.0200] tic1=[0.1200 -0.0500 -0.0200] td=0.00000 track=137
[E2uls] flag=1 sh_t=42.324 new_t=42.324 dP=[0.0015 0.0050 0.0003] |dP|=0.0052 first_dt=-1.0000
time: 42.292000, t: -0.018723 0.076064 0.000235 q: 0.999955 -0.000164 -0.004897 -0.008140 
[T2xcross] t=42.3920 id=3999 est=1.6029 svd=0.0296 rel=0.9815 track=2 sf=9
[T2xcross] t=42.3920 id=4016 est=3.8976 svd=0.3104 rel=0.9204 track=2 sf=9
[T2depth] t=42.3920 id=4017 src=motion2 u=14.0 v=75.5 depth=0.1519 depth2=-1.0000 track=2 sf=9 flag=ok
[T2depth] t=42.3920 id=4020 src=motion2 u=630.2 v=164.1 depth=0.1194 depth2=-1.0000 track=2 sf=9 flag=ok
[T2depth] t=42.3920 id=4028 src=stereo u=444.0 v=202.9 depth=3.8953 depth2=-1.0000 track=1 sf=10 flag=ok
[T2depth] t=42.3920 id=4030 src=stereo u=271.9 v=80.6 depth=42.2156 depth2=-1.0000 track=1 sf=10 flag=ok
[T2depth] t=42.3920 id=4031 src=stereo u=309.0 v=175.0 depth=36.9056 depth2=-1.0000 track=1 sf=10 flag=ok
[T2depth] t=42.3920 id=4034 src=stereo u=505.0 v=204.0 depth=3.9457 depth2=-1.0000 track=1 sf=10 flag=ok
[T2gate] t=42.3920 tri=48 rej=0 xrej=0 init_replace=0 gate=0
[T2slv] t=42.3920 phase=1 init_cost=120.907 final_cost=120.293 iters=7 term=0 slv_ms=12.8
[T2diag] t=42.3920 P=[-0.0184 0.0765 0.0002] V=[0.0047 0.0110 -0.0033] |Bas|=0.195380 |Bgs|=0.0018575 Bas=[-0.131657 -0.144356 -0.000952] Bgs=[0.0011385 0.0012182 0.0008187] tic0=[0.1200 0.0500 -0.0200] tic1=[0.1200 -0.0500 -0.0200] td=0.00000 track=140
[E2uls] flag=1 sh_t=42.436 new_t=42.436 dP=[0.0005 -0.0014 -0.0010] |dP|=0.0018 first_dt=-1.0000
time: 42.392000, t: -0.018395 0.076493 0.000188 q: 0.999954 -0.000175 -0.004889 -0.008206 
[T2xcross] t=42.4920 id=4028 est=3.8953 svd=3.8716 rel=0.0061 track=2 sf=9
[T2depth] t=42.4920 id=4029 src=motion2 u=626.2 v=40.5 depth=5.0000 depth2=-1.0000 track=2 sf=9 flag=init_neg
[T2xcross] t=42.4920 id=4031 est=36.9056 svd=0.5158 rel=0.9860 track=2 sf=9
[T2depth] t=42.4920 id=4032 src=motion2 u=577.0 v=126.0 depth=5.0000 depth2=-1.0000 track=2 sf=9 flag=init_neg
[T2depth] t=42.4920 id=4036 src=motion2 u=361.0 v=49.0 depth=0.6240 depth2=-1.0000 track=2 sf=9 flag=ok
[T2depth] t=42.4920 id=4038 src=stereo u=446.0 v=71.5 depth=3.8982 depth2=-1.0000 track=1 sf=10 flag=ok
[T2depth] t=42.4920 id=4039 src=stereo u=70.8 v=154.2 depth=32.4745 depth2=-1.0000 track=1 sf=10 flag=ok
[T2depth] t=42.4920 id=4040 src=stereo u=166.4 v=106.3 depth=5.0000 depth2=-1.0000 track=1 sf=10 flag=init_neg
[T2depth] t=42.4920 id=4043 src=stereo u=255.0 v=193.0 depth=5.0000 depth2=-1.0000 track=1 sf=10 flag=init_neg
[T2gate] t=42.4920 tri=41 rej=0 xrej=0 init_replace=4 gate=0
[T2slv] t=42.4920 phase=1 init_cost=120.725 final_cost=120.453 iters=3 term=0 slv_ms=5.1
[T2diag] t=42.4920 P=[-0.0183 0.0784 0.0002] V=[0.0063 0.0276 0.0006] |Bas|=0.195380 |Bgs|=0.0022223 Bas=[-0.131657 -0.144356 -0.000952] Bgs=[0.0017357 0.0013871 -0.0000428] tic0=[0.1200 0.0500 -0.0200] tic1=[0.1200 -0.0500 -0.0200] td=0.00000 track=144
[E2uls] flag=1 sh_t=42.552 new_t=42.552 dP=[0.0022 0.0021 -0.0008] |dP|=0.0032 first_dt=-1.0000
time: 42.492000, t: -0.018254 0.078436 0.000218 q: 0.999952 -0.000216 -0.004879 -0.008448 
[T2xcross] t=42.5920 id=4036 est=0.6240 svd=0.2637 rel=0.5773 track=2 sf=9
[T2xcross] t=42.5920 id=4038 est=3.8982 svd=47.1880 rel=0.9174 track=2 sf=9
[T2xcross] t=42.5920 id=4040 est=5.0000 svd=1.0642 rel=0.7872 track=2 sf=9
[T2depth] t=42.5920 id=4044 src=motion2 u=225.0 v=211.0 depth=1.1390 depth2=-1.0000 track=2 sf=9 flag=ok
[T2depth] t=42.5920 id=4045 src=stereo u=494.3 v=90.3 depth=3.8949 depth2=-1.0000 track=1 sf=10 flag=ok
[T2depth] t=42.5920 id=4046 src=stereo u=332.6 v=145.1 depth=5.0000 depth2=-1.0000 track=1 sf=10 flag=init_neg
[T2gate] t=42.5920 tri=42 rej=0 xrej=0 init_replace=1 gate=0
[T2slv] t=42.5920 phase=1 init_cost=124.921 final_cost=120.531 iters=5 term=0 slv_ms=7.2
[T2diag] t=42.5920 P=[-0.0185 0.0780 0.0001] V=[0.0034 0.0028 -0.0012] |Bas|=0.195380 |Bgs|=0.0018513 Bas=[-0.131657 -0.144356 -0.000952] Bgs=[0.0010089 -0.0014028 -0.0006644] tic0=[0.1200 0.0500 -0.0200] tic1=[0.1200 -0.0500 -0.0200] td=0.00000 track=139
[E2uls] flag=1 sh_t=42.624 new_t=42.624 dP=[0.0024 0.0067 0.0002] |dP|=0.0071 first_dt=-1.0000
time: 42.592000, t: -0.018475 0.077958 0.000146 q: 0.999953 -0.000205 -0.004902 -0.008386 
[T2xcross] t=42.6920 id=4044 est=1.1390 svd=0.0054 rel=0.9952 track=2 sf=9
[T2xcross] t=42.6920 id=4045 est=3.8949 svd=0.1456 rel=0.9626 track=2 sf=9
[T2xcross] t=42.6920 id=4046 est=5.0000 svd=0.1855 rel=0.9629 track=2 sf=9
[T2depth] t=42.6920 id=4047 src=motion2 u=178.3 v=49.3 depth=0.6675 depth2=-1.0000 track=2 sf=9 flag=ok
[T2depth] t=42.6920 id=4048 src=motion2 u=93.9 v=174.5 depth=0.0993 depth2=-1.0000 track=2 sf=9 flag=ok
[T2depth] t=42.6920 id=4054 src=motion2 u=137.0 v=149.0 depth=5.0000 depth2=-1.0000 track=2 sf=9 flag=init_neg
[T2depth] t=42.6920 id=4055 src=motion2 u=65.0 v=61.0 depth=0.0919 depth2=-1.0000 track=2 sf=9 flag=ok
[T2depth] t=42.6920 id=4056 src=motion2 u=605.0 v=184.0 depth=0.9550 depth2=-1.0000 track=2 sf=9 flag=ok
[T2depth] t=42.6920 id=4057 src=motion2 u=479.0 v=129.0 depth=2.0660 depth2=-1.0000 track=2 sf=9 flag=ok
[T2depth] t=42.6920 id=4058 src=stereo u=486.1 v=185.6 depth=4.2631 depth2=-1.0000 track=1 sf=10 flag=ok
[T2gate] t=42.6920 tri=43 rej=0 xrej=0 init_replace=1 gate=0
[T2slv] t=42.6920 phase=1 init_cost=121.599 final_cost=120.62 iters=7 term=0 slv_ms=8.6
[T2diag] t=42.6920 P=[-0.0182 0.0796 0.0003] V=[0.0078 0.0243 0.0025] |Bas|=0.195380 |Bgs|=0.0071536 Bas=[-0.131657 -0.144356 -0.000952] Bgs=[-0.0015715 -0.0042630 0.0055255] tic0=[0.1200 0.0500 -0.0200] tic1=[0.1200 -0.0500 -0.0200] td=0.00000 track=145
[E2uls] flag=1 sh_t=42.744 new_t=42.744 dP=[0.0012 0.0005 -0.0006] |dP|=0.0015 first_dt=-1.0000
time: 42.692000, t: -0.018209 0.079618 0.000295 q: 0.999951 -0.000249 -0.004870 -0.008584 
[T2xcross] t=42.7920 id=4048 est=0.0993 svd=0.1926 rel=0.4846 track=2 sf=9
[T2xcross] t=42.7920 id=4057 est=2.0660 svd=0.5191 rel=0.7487 track=2 sf=9
[T2xcross] t=42.7920 id=4058 est=4.2631 svd=0.7217 rel=0.8307 track=2 sf=9
[T2depth] t=42.7920 id=4059 src=motion2 u=346.9 v=16.3 depth=0.6952 depth2=-1.0000 track=2 sf=9 flag=ok
[T2depth] t=42.7920 id=4066 src=stereo u=29.0 v=201.0 depth=39.4694 depth2=-1.0000 track=1 sf=10 flag=ok
[T2depth] t=42.7920 id=4067 src=stereo u=530.0 v=25.0 depth=3.8900 depth2=-1.0000 track=1 sf=10 flag=ok
[T2gate] t=42.7920 tri=41 rej=0 xrej=0 init_replace=0 gate=0
[T2slv] t=42.7920 phase=1 init_cost=123.912 final_cost=120.961 iters=7 term=0 slv_ms=21.3
[T2diag] t=42.7920 P=[-0.0182 0.0821 0.0003] V=[0.0069 0.0291 0.0005] |Bas|=0.195380 |Bgs|=0.0068108 Bas=[-0.131657 -0.144356 -0.000952] Bgs=[0.0025685 0.0054632 0.0031533] tic0=[0.1200 0.0500 -0.0200] tic1=[0.1200 -0.0500 -0.0200] td=0.00000 track=142
[E2uls] flag=1 sh_t=42.832 new_t=42.832 dP=[0.0017 0.0024 0.0004] |dP|=0.0029 first_dt=-1.0000
time: 42.792000, t: -0.018158 0.082053 0.000263 q: 0.999949 -0.000299 -0.004874 -0.008852 
[T2xcross] t=42.9240 id=3925 est=5.0000 svd=33.3629 rel=0.8501 track=2 sf=9
[T2depth] t=42.9240 id=4064 src=motion2 u=62.7 v=102.8 depth=5.0000 depth2=-1.0000 track=2 sf=9 flag=init_neg
[T2depth] t=42.9240 id=4070 src=motion2 u=208.0 v=100.0 depth=5.0000 depth2=-1.0000 track=2 sf=9 flag=init_neg
[T2depth] t=42.9240 id=4071 src=motion2 u=320.0 v=55.0 depth=5.0000 depth2=-1.0000 track=2 sf=9 flag=init_neg
[T2depth] t=42.9240 id=4075 src=stereo u=287.0 v=44.7 depth=5.0000 depth2=-1.0000 track=1 sf=10 flag=init_neg
[T2depth] t=42.9240 id=4080 src=stereo u=525.0 v=83.0 depth=3.6590 depth2=-1.0000 track=1 sf=10 flag=ok
[T2depth] t=42.9240 id=4081 src=stereo u=481.0 v=90.0 depth=4.1666 depth2=-1.0000 track=1 sf=10 flag=ok
[T2depth] t=42.9240 id=4082 src=stereo u=523.0 v=113.0 depth=3.2982 depth2=-1.0000 track=1 sf=10 flag=ok
[T2gate] t=42.9240 tri=46 rej=0 xrej=0 init_replace=4 gate=0
[T2slv] t=42.9240 phase=1 init_cost=127.618 final_cost=121.164 iters=5 term=0 slv_ms=7.9
[T2diag] t=42.9240 P=[-0.0183 0.0820 0.0002] V=[0.0047 0.0100 -0.0000] |Bas|=0.195380 |Bgs|=0.0041658 Bas=[-0.131657 -0.144356 -0.000952] Bgs=[-0.0037889 -0.0002290 0.0017162] tic0=[0.1200 0.0500 -0.0200] tic1=[0.1200 -0.0500 -0.0200] td=0.00000 track=139
[E2uls] flag=1 sh_t=42.956 new_t=42.956 dP=[0.0022 0.0079 0.0003] |dP|=0.0082 first_dt=-1.0000
time: 42.924000, t: -0.018280 0.081999 0.000195 q: 0.999949 -0.000297 -0.004901 -0.008843 
[T2depth] t=43.0560 id=4077 src=motion2 u=499.2 v=9.4 depth=5.0000 depth2=-1.0000 track=2 sf=9 flag=init_neg
[T2xcross] t=43.0560 id=4082 est=3.2982 svd=0.5611 rel=0.8299 track=2 sf=9
[T2depth] t=43.0560 id=4083 src=motion2 u=339.0 v=148.0 depth=5.0000 depth2=-1.0000 track=2 sf=9 flag=init_neg
[T2depth] t=43.0560 id=4085 src=motion2 u=404.0 v=196.0 depth=5.0000 depth2=-1.0000 track=2 sf=9 flag=init_neg
[T2depth] t=43.0560 id=4091 src=stereo u=269.0 v=11.0 depth=33.8789 depth2=-1.0000 track=1 sf=10 flag=ok
[T2depth] t=43.0560 id=4098 src=stereo u=478.0 v=69.0 depth=3.8863 depth2=-1.0000 track=1 sf=10 flag=ok
[T2depth] t=43.0560 id=4100 src=stereo u=448.0 v=66.0 depth=3.8853 depth2=-1.0000 track=1 sf=10 flag=ok
[T2depth] t=43.0560 id=4102 src=stereo u=197.0 v=34.0 depth=5.0000 depth2=-1.0000 track=1 sf=10 flag=init_neg
[T2gate] t=43.0560 tri=48 rej=0 xrej=0 init_replace=4 gate=0
[T2slv] t=43.0560 phase=1 init_cost=123.683 final_cost=121.345 iters=5 term=0 slv_ms=10.6
[T2diag] t=43.0560 P=[-0.0178 0.0848 0.0003] V=[0.0090 0.0321 0.0011] |Bas|=0.195380 |Bgs|=0.0061749 Bas=[-0.131657 -0.144356 -0.000952] Bgs=[0.0026949 -0.0029551 0.0047046] tic0=[0.1200 0.0500 -0.0200] tic1=[0.1200 -0.0500 -0.0200] td=0.00000 track=138
[E2uls] flag=1 sh_t=43.096 new_t=43.096 dP=[0.0016 0.0011 0.0001] |dP|=0.0020 first_dt=-1.0000
time: 43.056000, t: -0.017840 0.084818 0.000318 q: 0.999946 -0.000373 -0.004875 -0.009174 
[T2xcross] t=43.1560 id=4066 est=39.4694 svd=1.2034 rel=0.9695 track=2 sf=9
[T2xcross] t=43.1560 id=4085 est=5.0000 svd=0.5147 rel=0.8971 track=2 sf=9
[T2depth] t=43.1560 id=4089 src=motion2 u=113.8 v=7.0 depth=1.3480 depth2=-1.0000 track=2 sf=9 flag=ok
[T2depth] t=43.1560 id=4093 src=motion2 u=615.6 v=114.8 depth=5.0000 depth2=-1.0000 track=2 sf=9 flag=init_neg
[T2depth] t=43.1560 id=4095 src=motion2 u=18.8 v=14.6 depth=0.2894 depth2=-1.0000 track=2 sf=9 flag=ok
[T2depth] t=43.1560 id=4097 src=motion2 u=101.0 v=71.0 depth=1.0169 depth2=-1.0000 track=2 sf=9 flag=ok
[T2depth] t=43.1560 id=4099 src=motion2 u=406.0 v=32.0 depth=1.7927 depth2=-1.0000 track=2 sf=9 flag=ok
[T2depth] t=43.1560 id=4103 src=stereo u=609.0 v=150.7 depth=19.3533 depth2=-1.0000 track=1 sf=10 flag=ok
[T2depth] t=43.1560 id=4105 src=stereo u=446.0 v=101.9 depth=3.8937 depth2=-1.0000 track=1 sf=10 flag=ok
[T2depth] t=43.1560 id=4110 src=stereo u=412.0 v=169.0 depth=3.5192 depth2=-1.0000 track=1 sf=10 flag=ok
[T2depth] t=43.1560 id=4112 src=stereo u=523.0 v=51.0 depth=2.8777 depth2=-1.0000 track=1 sf=10 flag=ok
[T2gate] t=43.1560 tri=48 rej=0 xrej=0 init_replace=1 gate=0
[T2slv] t=43.1560 phase=1 init_cost=127.321 final_cost=121.382 iters=8 term=0 slv_ms=9.7
[T2diag] t=43.1560 P=[-0.0184 0.0827 0.0003] V=[-0.0024 -0.0124 -0.0000] |Bas|=0.195380 |Bgs|=0.0036199 Bas=[-0.131657 -0.144356 -0.000952] Bgs=[0.0007565 0.0035300 0.0002649] tic0=[0.1200 0.0500 -0.0200] tic1=[0.1200 -0.0500 -0.0200] td=0.00000 track=139
[E2uls] flag=1 sh_t=43.192 new_t=43.192 dP=[0.0032 0.0102 0.0004] |dP|=0.0107 first_dt=-1.0000
time: 43.156000, t: -0.018362 0.082716 0.000299 q: 0.999948 -0.000307 -0.004910 -0.008928 
[T2xcross] t=43.2560 id=3554 est=1.7783 svd=2.5928 rel=0.3141 track=2 sf=9
[T2depth] t=43.2560 id=4104 src=motion2 u=19.6 v=51.9 depth=5.0000 depth2=-1.0000 track=2 sf=9 flag=init_neg
[T2xcross] t=43.2560 id=4105 est=3.8937 svd=0.1614 rel=0.9585 track=2 sf=9
[T2depth] t=43.2560 id=4107 src=motion2 u=280.7 v=100.2 depth=5.0000 depth2=-1.0000 track=2 sf=9 flag=init_neg
[T2depth] t=43.2560 id=4108 src=motion2 u=570.0 v=43.0 depth=5.0000 depth2=-1.0000 track=2 sf=9 flag=init_neg
[T2xcross] t=43.2560 id=4112 est=2.8777 svd=0.0512 rel=0.9822 track=2 sf=9
[T2depth] t=43.2560 id=4114 src=motion2 u=61.0 v=150.0 depth=0.0225 depth2=-1.0000 track=2 sf=9 flag=ok
[T2depth] t=43.2560 id=4120 src=stereo u=488.0 v=162.0 depth=3.7499 depth2=-1.0000 track=1 sf=10 flag=ok
[T2depth] t=43.2560 id=4121 src=stereo u=70.0 v=6.0 depth=35.7365 depth2=-1.0000 track=1 sf=10 flag=ok
[T2depth] t=43.2560 id=4122 src=stereo u=135.0 v=72.0 depth=30.4119 depth2=-1.0000 track=1 sf=10 flag=ok
[T2depth] t=43.2560 id=4123 src=stereo u=448.0 v=191.0 depth=3.8990 depth2=-1.0000 track=1 sf=10 flag=ok
[T2depth] t=43.2560 id=4124 src=stereo u=117.0 v=191.0 depth=5.0000 depth2=-1.0000 track=1 sf=10 flag=init_neg
[T2depth] t=43.2560 id=4125 src=stereo u=245.0 v=173.0 depth=37.5673 depth2=-1.0000 track=1 sf=10 flag=ok
[T2depth] t=43.2560 id=4127 src=stereo u=490.0 v=204.0 depth=4.4780 depth2=-1.0000 track=1 sf=10 flag=ok
[T2gate] t=43.2560 tri=49 rej=0 xrej=0 init_replace=4 gate=0
[T2slv] t=43.2560 phase=1 init_cost=123.117 final_cost=121.471 iters=8 term=0 slv_ms=17.6
[T2diag] t=43.2560 P=[-0.0176 0.0854 0.0004] V=[0.0096 0.0347 0.0027] |Bas|=0.195380 |Bgs|=0.0094638 Bas=[-0.131657 -0.144356 -0.000952] Bgs=[-0.0044269 0.0059557 0.0058733] tic0=[0.1200 0.0500 -0.0200] tic1=[0.1200 -0.0500 -0.0200] td=0.00000 track=137
[E2uls] flag=1 sh_t=43.300 new_t=43.300 dP=[-0.0004 -0.0039 -0.0001] |dP|=0.0039 first_dt=-1.0000
time: 43.256000, t: -0.017643 0.085392 0.000369 q: 0.999945 -0.000397 -0.004888 -0.009243 
[T2depth] t=43.3560 id=4116 src=motion2 u=546.2 v=156.5 depth=5.0000 depth2=-1.0000 track=2 sf=9 flag=init_neg
[T2depth] t=43.3560 id=4118 src=motion2 u=287.6 v=35.2 depth=0.4226 depth2=-1.0000 track=2 sf=9 flag=ok
[T2xcross] t=43.3560 id=4123 est=3.8990 svd=0.0561 rel=0.9856 track=2 sf=9
[T2xcross] t=43.3560 id=4124 est=5.0000 svd=0.6823 rel=0.8635 track=2 sf=9
[T2xcross] t=43.3560 id=4125 est=37.5673 svd=0.5450 rel=0.9855 track=2 sf=9
[T2depth] t=43.3560 id=4126 src=motion2 u=608.0 v=77.0 depth=1.2062 depth2=-1.0000 track=2 sf=9 flag=ok
[T2xcross] t=43.3560 id=4127 est=4.4780 svd=1.3001 rel=0.7097 track=2 sf=9
[T2depth] t=43.3560 id=4129 src=motion2 u=354.0 v=34.0 depth=5.0000 depth2=-1.0000 track=2 sf=9 flag=init_neg
[T2depth] t=43.3560 id=4130 src=motion2 u=96.0 v=101.0 depth=5.0000 depth2=-1.0000 track=2 sf=9 flag=init_neg
[T2depth] t=43.3560 id=4131 src=stereo u=540.3 v=77.2 depth=3.3746 depth2=-1.0000 track=1 sf=10 flag=ok
[T2depth] t=43.3560 id=4133 src=stereo u=411.4 v=97.6 depth=3.6765 depth2=-1.0000 track=1 sf=10 flag=ok
[T2depth] t=43.3560 id=4138 src=stereo u=423.0 v=213.0 depth=3.9738 depth2=-1.0000 track=1 sf=10 flag=ok
[T2depth] t=43.3560 id=4139 src=stereo u=321.0 v=139.0 depth=5.0000 depth2=-1.0000 track=1 sf=10 flag=init_neg
[T2depth] t=43.3560 id=4145 src=stereo u=208.0 v=150.0 depth=5.0000 depth2=-1.0000 track=1 sf=10 flag=init_neg
[T2gate] t=43.3560 tri=49 rej=0 xrej=0 init_replace=5 gate=0
[T2slv] t=43.3560 phase=1 init_cost=126.17 final_cost=121.606 iters=7 term=0 slv_ms=18.8
[T2diag] t=43.3560 P=[-0.0181 0.0840 0.0003] V=[-0.0013 -0.0073 -0.0000] |Bas|=0.195380 |Bgs|=0.0058717 Bas=[-0.131657 -0.144356 -0.000952] Bgs=[0.0014641 0.0056674 -0.0004627] tic0=[0.1200 0.0500 -0.0200] tic1=[0.1200 -0.0500 -0.0200] td=0.00000 track=136
[E2uls] flag=1 sh_t=43.420 new_t=43.420 dP=[0.0042 0.0132 0.0004] |dP|=0.0138 first_dt=-1.0000
time: 43.356000, t: -0.018131 0.083981 0.000310 q: 0.999947 -0.000358 -0.004926 -0.009068 
[T2xcross] t=43.4560 id=4120 est=3.7499 svd=0.0780 rel=0.9792 track=2 sf=9
[T2depth] t=43.4560 id=4134 src=motion2 u=614.3 v=207.2 depth=5.0000 depth2=-1.0000 track=2 sf=9 flag=init_neg
[T2depth] t=43.4560 id=4136 src=motion2 u=76.0 v=347.0 depth=5.0000 depth2=-1.0000 track=2 sf=9 flag=init_neg
[T2depth] t=43.4560 id=4137 src=motion2 u=22.0 v=172.0 depth=0.0063 depth2=-1.0000 track=2 sf=9 flag=ok
[T2xcross] t=43.4560 id=4138 est=3.9738 svd=0.0133 rel=0.9966 track=2 sf=9
[T2xcross] t=43.4560 id=4139 est=5.0000 svd=0.3037 rel=0.9393 track=2 sf=9
[T2depth] t=43.4560 id=4140 src=motion2 u=205.0 v=107.0 depth=5.0000 depth2=-1.0000 track=2 sf=9 flag=init_neg
[T2depth] t=43.4560 id=4144 src=motion2 u=377.0 v=134.0 depth=0.0498 depth2=-1.0000 track=2 sf=9 flag=ok
[T2xcross] t=43.4560 id=4145 est=5.0000 svd=0.0216 rel=0.9957 track=2 sf=9
[T2depth] t=43.4560 id=4154 src=stereo u=125.0 v=117.0 depth=36.0655 depth2=-1.0000 track=1 sf=10 flag=ok
[T2gate] t=43.4560 tri=48 rej=0 xrej=0 init_replace=3 gate=0
[T2slv] t=43.4560 phase=1 init_cost=125.838 final_cost=121.932 iters=9 term=1 slv_ms=17.1
[T2diag] t=43.4560 P=[-0.0174 0.0891 0.0004] V=[0.0136 0.0587 0.0020] |Bas|=0.195380 |Bgs|=0.0080361 Bas=[-0.131657 -0.144356 -0.000952] Bgs=[0.0072186 0.0008469 0.0034283] tic0=[0.1200 0.0500 -0.0200] tic1=[0.1200 -0.0500 -0.0200] td=0.00000 track=140
[E2uls] flag=1 sh_t=43.508 new_t=43.508 dP=[-0.0003 -0.0065 -0.0001] |dP|=0.0065 first_dt=-1.0000
time: 43.456000, t: -0.017445 0.089079 0.000416 q: 0.999941 -0.000506 -0.004893 -0.009659 
[T2xcross] t=43.5560 id=4131 est=3.3746 svd=1.2963 rel=0.6159 track=2 sf=9
[T2xcross] t=43.5560 id=4144 est=0.0498 svd=1.5316 rel=0.9675 track=2 sf=9
[T2depth] t=43.5560 id=4151 src=motion2 u=370.7 v=212.1 depth=0.8978 depth2=-1.0000 track=2 sf=9 flag=ok
[T2depth] t=43.5560 id=4155 src=motion2 u=112.0 v=250.0 depth=5.0000 depth2=-1.0000 track=2 sf=9 flag=init_neg
[T2depth] t=43.5560 id=4156 src=motion2 u=530.0 v=202.0 depth=2.1431 depth2=-1.0000 track=2 sf=9 flag=ok
[T2depth] t=43.5560 id=4157 src=motion2 u=579.0 v=99.0 depth=123.4639 depth2=-1.0000 track=2 sf=9 flag=ok
[T2depth] t=43.5560 id=4158 src=motion2 u=205.0 v=198.0 depth=5.0000 depth2=-1.0000 track=2 sf=9 flag=init_neg
[T2depth] t=43.5560 id=4159 src=motion2 u=14.0 v=127.0 depth=5.0000 depth2=-1.0000 track=2 sf=9 flag=init_neg
[T2gate] t=43.5560 tri=49 rej=0 xrej=0 init_replace=3 gate=0
[T2slv] t=43.5560 phase=1 init_cost=133.042 final_cost=122.307 iters=7 term=0 slv_ms=14.8
[T2diag] t=43.5560 P=[-0.0179 0.0889 0.0004] V=[0.0004 0.0050 -0.0010] |Bas|=0.195380 |Bgs|=0.0057190 Bas=[-0.131657 -0.144356 -0.000952] Bgs=[-0.0005980 -0.0056184 0.0008845] tic0=[0.1200 0.0500 -0.0200] tic1=[0.1200 -0.0500 -0.0200] td=0.00000 track=139
[E2uls] flag=1 sh_t=43.636 new_t=43.636 dP=[0.0051 0.0199 0.0016] |dP|=0.0206 first_dt=-1.0000
time: 43.556000, t: -0.017931 0.088892 0.000378 q: 0.999941 -0.000491 -0.004933 -0.009621 
[T2depth] t=43.6560 id=4160 src=motion2 u=170.2 v=176.6 depth=5.0000 depth2=-1.0000 track=2 sf=9 flag=init_neg
[T2depth] t=43.6560 id=4166 src=motion2 u=602.0 v=149.0 depth=0.0289 depth2=-1.0000 track=2 sf=9 flag=ok
[T2depth] t=43.6560 id=4168 src=motion2 u=618.0 v=82.0 depth=5.0000 depth2=-1.0000 track=2 sf=9 flag=init_neg
[T2depth] t=43.6560 id=4169 src=motion2 u=292.0 v=172.0 depth=13.2602 depth2=-1.0000 track=2 sf=9 flag=ok
[T2depth] t=43.6560 id=4175 src=stereo u=412.5 v=63.9 depth=4.0201 depth2=-1.0000 track=1 sf=10 flag=ok
[T2depth] t=43.6560 id=4176 src=stereo u=142.5 v=122.8 depth=5.0000 depth2=-1.0000 track=1 sf=10 flag=init_neg
[T2depth] t=43.6560 id=4179 src=stereo u=511.9 v=14.7 depth=4.2880 depth2=-1.0000 track=1 sf=10 flag=ok
[T2gate] t=43.6560 tri=52 rej=0 xrej=0 init_replace=3 gate=0
[T2slv] t=43.6560 phase=1 init_cost=124.031 final_cost=122.697 iters=8 term=0 slv_ms=17.1
[T2diag] t=43.6560 P=[-0.0174 0.0936 0.0006] V=[0.0087 0.0536 0.0033] |Bas|=0.195380 |Bgs|=0.0110968 Bas=[-0.131657 -0.144356 -0.000952] Bgs=[0.0068530 -0.0008665 0.0086848] tic0=[0.1200 0.0500 -0.0200] tic1=[0.1200 -0.0500 -0.0200] td=0.00000 track=138
[E2uls] flag=1 sh_t=43.700 new_t=43.700 dP=[-0.0001 -0.0039 -0.0001] |dP|=0.0039 first_dt=-1.0000
time: 43.656000, t: -0.017431 0.093624 0.000594 q: 0.999936 -0.000632 -0.004894 -0.010171 
[T2xcross] t=43.7560 id=4156 est=2.1431 svd=14.8269 rel=0.8555 track=2 sf=9
[T2xcross] t=43.7560 id=4159 est=5.0000 svd=3.5775 rel=0.2845 track=2 sf=9
[T2xcross] t=43.7560 id=4176 est=5.0000 svd=2.9275 rel=0.4145 track=2 sf=9
[T2depth] t=43.7560 id=4177 src=motion2 u=252.7 v=37.3 depth=5.0000 depth2=-1.0000 track=2 sf=9 flag=init_neg
[T2depth] t=43.7560 id=4180 src=motion2 u=79.2 v=204.6 depth=5.0000 depth2=-1.0000 track=2 sf=9 flag=init_neg
[T2depth] t=43.7560 id=4182 src=motion2 u=324.4 v=169.4 depth=0.9160 depth2=-1.0000 track=2 sf=9 flag=ok
[T2depth] t=43.7560 id=4185 src=motion2 u=346.0 v=48.0 depth=11.2149 depth2=-1.0000 track=2 sf=9 flag=ok
[T2depth] t=43.7560 id=4186 src=motion2 u=328.0 v=109.0 depth=5.0000 depth2=-1.0000 track=2 sf=9 flag=init_neg
[T2depth] t=43.7560 id=4191 src=stereo u=113.1 v=157.0 depth=27.4682 depth2=-1.0000 track=1 sf=10 flag=ok
[T2depth] t=43.7560 id=4196 src=stereo u=445.0 v=87.0 depth=3.8956 depth2=-1.0000 track=1 sf=10 flag=ok
[T2depth] t=43.7560 id=4201 src=stereo u=493.0 v=189.0 depth=3.9777 depth2=-1.0000 track=1 sf=10 flag=ok
[T2depth] t=43.7560 id=4202 src=stereo u=409.0 v=13.0 depth=3.8964 depth2=-1.0000 track=1 sf=10 flag=ok
[T2gate] t=43.7560 tri=51 rej=0 xrej=0 init_replace=3 gate=0
[T2slv] t=43.7560 phase=1 init_cost=124.904 final_cost=123.329 iters=7 term=0 slv_ms=23.5
[T2diag] t=43.7560 P=[-0.0176 0.0961 0.0005] V=[0.0077 0.0317 0.0001] |Bas|=0.195380 |Bgs|=0.0083734 Bas=[-0.131657 -0.144356 -0.000952] Bgs=[0.0065120 -0.0024968 0.0046338] tic0=[0.1200 0.0500 -0.0200] tic1=[0.1200 -0.0500 -0.0200] td=0.00000 track=137
[E2uls] flag=1 sh_t=43.808 new_t=43.808 dP=[0.0025 0.0090 0.0008] |dP|=0.0094 first_dt=-1.0000
time: 43.756000, t: -0.017591 0.096104 0.000473 q: 0.999933 -0.000687 -0.004933 -0.010425 
[T2depth] t=43.8560 id=4189 src=motion2 u=551.5 v=159.1 depth=1.0702 depth2=-1.0000 track=2 sf=9 flag=ok
[T2depth] t=43.8560 id=4192 src=motion2 u=96.1 v=78.6 depth=5.0000 depth2=-1.0000 track=2 sf=9 flag=init_neg
[T2depth] t=43.8560 id=4195 src=motion2 u=503.0 v=116.0 depth=5.0000 depth2=-1.0000 track=2 sf=9 flag=init_neg
[T2xcross] t=43.8560 id=4196 est=3.8956 svd=4.2795 rel=0.0897 track=2 sf=9
[T2depth] t=43.8560 id=4198 src=motion2 u=237.0 v=123.0 depth=5.0000 depth2=-1.0000 track=2 sf=9 flag=init_neg
[T2xcross] t=43.8560 id=4202 est=3.8964 svd=0.5800 rel=0.8511 track=2 sf=9
[T2depth] t=43.8560 id=4207 src=stereo u=509.8 v=56.1 depth=3.7988 depth2=-1.0000 track=1 sf=10 flag=ok
[T2depth] t=43.8560 id=4208 src=stereo u=328.5 v=78.6 depth=23.2991 depth2=-1.0000 track=1 sf=10 flag=ok
[T2depth] t=43.8560 id=4214 src=stereo u=42.0 v=11.0 depth=5.0000 depth2=-1.0000 track=1 sf=10 flag=init_neg
[T2gate] t=43.8560 tri=50 rej=0 xrej=0 init_replace=4 gate=0
[T2slv] t=43.8560 phase=1 init_cost=124.084 final_cost=123.529 iters=9 term=1 slv_ms=18.9
[T2diag] t=43.8560 P=[-0.0177 0.0956 0.0005] V=[0.0044 0.0051 0.0016] |Bas|=0.195380 |Bgs|=0.0056558 Bas=[-0.131657 -0.144356 -0.000952] Bgs=[0.0032687 -0.0015496 -0.0043477] tic0=[0.1200 0.0500 -0.0200] tic1=[0.1200 -0.0500 -0.0200] td=0.00000 track=138
[E2uls] flag=1 sh_t=43.920 new_t=43.920 dP=[0.0033 0.0113 -0.0002] |dP|=0.0118 first_dt=-1.0000
time: 43.856000, t: -0.017691 0.095648 0.000518 q: 0.999934 -0.000675 -0.004951 -0.010370 
[T2depth] t=43.9560 id=4204 src=motion2 u=140.4 v=219.9 depth=5.0000 depth2=-1.0000 track=2 sf=9 flag=init_neg
[T2depth] t=43.9560 id=4206 src=motion2 u=247.9 v=66.2 depth=5.0000 depth2=-1.0000 track=2 sf=9 flag=init_neg
[T2xcross] t=43.9560 id=4207 est=3.7988 svd=0.0890 rel=0.9766 track=2 sf=9
[T2depth] t=43.9560 id=4210 src=motion2 u=107.0 v=52.0 depth=0.1097 depth2=-1.0000 track=2 sf=9 flag=ok
[T2depth] t=43.9560 id=4219 src=stereo u=8.7 v=62.9 depth=28.7783 depth2=-1.0000 track=1 sf=10 flag=ok
[T2depth] t=43.9560 id=4226 src=stereo u=474.0 v=164.0 depth=3.7401 depth2=-1.0000 track=1 sf=10 flag=ok
[T2depth] t=43.9560 id=4227 src=stereo u=138.0 v=65.0 depth=5.0000 depth2=-1.0000 track=1 sf=10 flag=init_neg
[T2gate] t=43.9560 tri=47 rej=0 xrej=0 init_replace=3 gate=0
[T2slv] t=43.9560 phase=1 init_cost=125.293 final_cost=123.542 iters=7 term=0 slv_ms=16.4
[T2diag] t=43.9560 P=[-0.0177 0.0962 0.0005] V=[0.0043 0.0110 0.0005] |Bas|=0.195380 |Bgs|=0.0013088 Bas=[-0.131657 -0.144356 -0.000952] Bgs=[-0.0005304 -0.0010175 0.0006296] tic0=[0.1200 0.0500 -0.0200] tic1=[0.1200 -0.0500 -0.0200] td=0.00000 track=141
[E2uls] flag=1 sh_t=44.016 new_t=44.016 dP=[0.0026 0.0029 0.0003] |dP|=0.0038 first_dt=-1.0000
time: 43.956000, t: -0.017672 0.096169 0.000532 q: 0.999933 -0.000708 -0.004965 -0.010425 
[T2xcross] t=44.0560 id=4177 est=5.0000 svd=0.2566 rel=0.9487 track=2 sf=9
[T2xcross] t=44.0560 id=4210 est=0.1097 svd=0.2411 rel=0.5448 track=2 sf=9
[T2depth] t=44.0560 id=4221 src=motion2 u=535.2 v=88.8 depth=5.0000 depth2=-1.0000 track=2 sf=9 flag=init_neg
[T2depth] t=44.0560 id=4223 src=motion2 u=616.0 v=45.0 depth=5.0000 depth2=-1.0000 track=2 sf=9 flag=init_neg
[T2depth] t=44.0560 id=4224 src=motion2 u=225.0 v=210.0 depth=0.2040 depth2=-1.0000 track=2 sf=9 flag=ok
[T2depth] t=44.0560 id=4225 src=motion2 u=617.0 v=87.0 depth=0.3270 depth2=-1.0000 track=2 sf=9 flag=ok
[T2xcross] t=44.0560 id=4226 est=3.7401 svd=0.3142 rel=0.9160 track=2 sf=9
[T2depth] t=44.0560 id=4230 src=stereo u=303.0 v=85.3 depth=5.0000 depth2=-1.0000 track=1 sf=10 flag=init_neg
[T2depth] t=44.0560 id=4234 src=stereo u=12.0 v=47.0 depth=37.5666 depth2=-1.0000 track=1 sf=10 flag=ok
[T2gate] t=44.0560 tri=45 rej=0 xrej=0 init_replace=3 gate=0
[T2slv] t=44.0560 phase=1 init_cost=126.918 final_cost=123.447 iters=5 term=0 slv_ms=6.1
[T2diag] t=44.0560 P=[-0.0177 0.0944 0.0004] V=[0.0010 -0.0116 -0.0024] |Bas|=0.195380 |Bgs|=0.0019465 Bas=[-0.131657 -0.144356 -0.000952] Bgs=[-0.0012965 -0.0013549 0.0005218] tic0=[0.1200 0.0500 -0.0200] tic1=[0.1200 -0.0500 -0.0200] td=0.00000 track=140
[E2uls] flag=1 sh_t=44.088 new_t=44.088 dP=[0.0014 0.0054 0.0004] |dP|=0.0056 first_dt=-1.0000
time: 44.056000, t: -0.017736 0.094388 0.000351 q: 0.999935 -0.000653 -0.005003 -0.010218 
[T2depth] t=44.1560 id=4228 src=motion2 u=350.8 v=104.8 depth=5.0000 depth2=-1.0000 track=2 sf=9 flag=init_neg
[T2depth] t=44.1560 id=4229 src=motion2 u=442.0 v=71.9 depth=5.0000 depth2=-1.0000 track=2 sf=9 flag=init_neg
[T2xcross] t=44.1560 id=4230 est=5.0000 svd=0.0846 rel=0.9831 track=2 sf=9
[T2depth] t=44.1560 id=4232 src=motion2 u=559.6 v=54.8 depth=5.0000 depth2=-1.0000 track=2 sf=9 flag=init_neg
[T2depth] t=44.1560 id=4233 src=motion2 u=606.0 v=221.0 depth=5.0000 depth2=-1.0000 track=2 sf=9 flag=init_neg
[T2depth] t=44.1560 id=4236 src=motion2 u=356.0 v=193.0 depth=5.0000 depth2=-1.0000 track=2 sf=9 flag=init_neg
[T2depth] t=44.1560 id=4239 src=stereo u=73.4 v=114.0 depth=31.8710 depth2=-1.0000 track=1 sf=10 flag=ok
[T2depth] t=44.1560 id=4243 src=stereo u=274.7 v=130.5 depth=5.0000 depth2=-1.0000 track=1 sf=10 flag=init_neg
[T2depth] t=44.1560 id=4248 src=stereo u=488.0 v=73.0 depth=3.6278 depth2=-1.0000 track=1 sf=10 flag=ok
[T2gate] t=44.1560 tri=48 rej=0 xrej=0 init_replace=6 gate=0
[T2slv] t=44.1560 phase=1 init_cost=124.034 final_cost=123.267 iters=7 term=0 slv_ms=23.4
[T2diag] t=44.1560 P=[-0.0176 0.0944 0.0004] V=[0.0053 0.0071 0.0006] |Bas|=0.195380 |Bgs|=0.0026135 Bas=[-0.131657 -0.144356 -0.000952] Bgs=[-0.0011315 0.0021594 0.0009418] tic0=[0.1200 0.0500 -0.0200] tic1=[0.1200 -0.0500 -0.0200] td=0.00000 track=139
[E2uls] flag=1 sh_t=44.204 new_t=44.204 dP=[0.0015 -0.0002 -0.0006] |dP|=0.0017 first_dt=-1.0000
time: 44.156000, t: -0.017650 0.094411 0.000407 q: 0.999935 -0.000666 -0.004996 -0.010236 
[T2xcross] t=44.2560 id=4189 est=1.0702 svd=0.3939 rel=0.6320 track=2 sf=9
[T2depth] t=44.2560 id=4238 src=motion2 u=195.9 v=478.0 depth=5.0000 depth2=-1.0000 track=2 sf=9 flag=init_neg
[T2xcross] t=44.2560 id=4239 est=31.8710 svd=0.1032 rel=0.9968 track=2 sf=9
[T2depth] t=44.2560 id=4245 src=motion2 u=170.9 v=97.9 depth=5.0000 depth2=-1.0000 track=2 sf=9 flag=init_neg
[T2depth] t=44.2560 id=4249 src=motion2 u=550.0 v=101.0 depth=5.0000 depth2=-1.0000 track=2 sf=9 flag=init_neg
[T2depth] t=44.2560 id=4254 src=stereo u=43.7 v=198.1 depth=26.5347 depth2=-1.0000 track=1 sf=10 flag=ok
[T2depth] t=44.2560 id=4264 src=stereo u=252.0 v=94.0 depth=5.0000 depth2=-1.0000 track=1 sf=10 flag=init_neg
[T2gate] t=44.2560 tri=49 rej=0 xrej=0 init_replace=4 gate=0
[T2slv] t=44.2560 phase=1 init_cost=123.965 final_cost=123.581 iters=8 term=0 slv_ms=16.5
[T2diag] t=44.2560 P=[-0.0173 0.0978 0.0005] V=[0.0080 0.0439 0.0005] |Bas|=0.195380 |Bgs|=0.0081217 Bas=[-0.131657 -0.144356 -0.000952] Bgs=[0.0021223 0.0011350 0.0077569] tic0=[0.1200 0.0500 -0.0200] tic1=[0.1200 -0.0500 -0.0200] td=0.00000 track=138
[E2uls] flag=1 sh_t=44.304 new_t=44.304 dP=[0.0013 -0.0014 -0.0003] |dP|=0.0019 first_dt=-1.0000
time: 44.256000, t: -0.017291 0.097807 0.000478 q: 0.999931 -0.000757 -0.004979 -0.010621 
[T2xcross] t=44.3560 id=4195 est=5.0000 svd=2.4781 rel=0.5044 track=2 sf=9
[T2xcross] t=44.3560 id=4229 est=5.0000 svd=0.7970 rel=0.8406 track=2 sf=9
[T2xcross] t=44.3560 id=4248 est=3.6278 svd=0.3241 rel=0.9107 track=2 sf=9
[T2depth] t=44.3560 id=4257 src=motion2 u=318.4 v=128.3 depth=1.0269 depth2=-1.0000 track=2 sf=9 flag=ok
[T2depth] t=44.3560 id=4258 src=motion2 u=282.0 v=137.2 depth=5.0000 depth2=-1.0000 track=2 sf=9 flag=init_neg
[T2depth] t=44.3560 id=4259 src=motion2 u=343.0 v=101.0 depth=5.0000 depth2=-1.0000 track=2 sf=9 flag=init_neg
[T2depth] t=44.3560 id=4261 src=motion2 u=233.0 v=187.0 depth=0.5152 depth2=-1.0000 track=2 sf=9 flag=ok
[T2depth] t=44.3560 id=4265 src=stereo u=146.7 v=125.9 depth=30.8743 depth2=-1.0000 track=1 sf=10 flag=ok
[T2depth] t=44.3560 id=4268 src=stereo u=495.0 v=7.0 depth=3.2370 depth2=-1.0000 track=1 sf=10 flag=ok
[T2gate] t=44.3560 tri=46 rej=0 xrej=0 init_replace=2 gate=0
[T2slv] t=44.3560 phase=1 init_cost=125.547 final_cost=123.711 iters=8 term=0 slv_ms=10.0
[T2diag] t=44.3560 P=[-0.0177 0.0959 0.0004] V=[-0.0013 -0.0079 -0.0020] |Bas|=0.195380 |Bgs|=0.0049337 Bas=[-0.131657 -0.144356 -0.000952] Bgs=[-0.0003000 0.0020626 -0.0044718] tic0=[0.1200 0.0500 -0.0200] tic1=[0.1200 -0.0500 -0.0200] td=0.00000 track=143
[E2uls] flag=1 sh_t=44.392 new_t=44.392 dP=[0.0030 0.0123 0.0000] |dP|=0.0126 first_dt=-1.0000
time: 44.356000, t: -0.017724 0.095904 0.000386 q: 0.999933 -0.000701 -0.005017 -0.010395 
[T2xcross] t=44.4560 id=4265 est=30.8743 svd=0.0244 rel=0.9992 track=2 sf=9
[T2depth] t=44.4560 id=4266 src=motion2 u=106.3 v=99.2 depth=5.0000 depth2=-1.0000 track=2 sf=9 flag=init_neg
[T2depth] t=44.4560 id=4270 src=motion2 u=5.0 v=181.0 depth=5.0000 depth2=-1.0000 track=2 sf=9 flag=init_neg
[T2depth] t=44.4560 id=4276 src=stereo u=114.6 v=13.8 depth=5.0000 depth2=-1.0000 track=1 sf=10 flag=init_neg
[T2depth] t=44.4560 id=4285 src=stereo u=321.0 v=93.0 depth=45.5641 depth2=-1.0000 track=1 sf=10 flag=ok
[T2depth] t=44.4560 id=4288 src=stereo u=38.0 v=105.0 depth=5.0000 depth2=-1.0000 track=1 sf=10 flag=init_neg
[T2depth] t=44.4560 id=4291 src=stereo u=381.0 v=27.0 depth=4.5920 depth2=-1.0000 track=1 sf=10 flag=ok
[T2gate] t=44.4560 tri=48 rej=0 xrej=0 init_replace=4 gate=0
[T2slv] t=44.4560 phase=1 init_cost=123.859 final_cost=123.604 iters=6 term=0 slv_ms=13.6
[T2diag] t=44.4560 P=[-0.0173 0.0967 0.0003] V=[0.0066 0.0127 0.0001] |Bas|=0.195380 |Bgs|=0.0048915 Bas=[-0.131657 -0.144356 -0.000952] Bgs=[0.0037796 0.0009202 -0.0029656] tic0=[0.1200 0.0500 -0.0200] tic1=[0.1200 -0.0500 -0.0200] td=0.00000 track=136
[E2uls] flag=1 sh_t=44.496 new_t=44.496 dP=[0.0002 -0.0008 -0.0003] |dP|=0.0009 first_dt=-1.0000
time: 44.456000, t: -0.017275 0.096749 0.000318 q: 0.999932 -0.000719 -0.005020 -0.010505 
[T2depth] t=44.5560 id=4277 src=motion2 u=206.9 v=98.2 depth=5.0000 depth2=-1.0000 track=2 sf=9 flag=init_neg
[T2depth] t=44.5560 id=4282 src=motion2 u=522.9 v=24.8 depth=5.0000 depth2=-1.0000 track=2 sf=9 flag=init_neg
[T2depth] t=44.5560 id=4290 src=motion2 u=38.0 v=193.0 depth=0.3828 depth2=-1.0000 track=2 sf=9 flag=ok
[T2depth] t=44.5560 id=4296 src=stereo u=453.0 v=118.6 depth=3.8964 depth2=-1.0000 track=1 sf=10 flag=ok
[T2depth] t=44.5560 id=4297 src=stereo u=363.2 v=56.4 depth=3.9055 depth2=-1.0000 track=1 sf=10 flag=ok
[T2depth] t=44.5560 id=4298 src=stereo u=529.1 v=143.4 depth=18.9115 depth2=-1.0000 track=1 sf=10 flag=ok
[T2depth] t=44.5560 id=4300 src=stereo u=413.0 v=222.0 depth=3.9640 depth2=-1.0000 track=1 sf=10 flag=ok
[T2depth] t=44.5560 id=4303 src=stereo u=366.0 v=149.0 depth=4.1306 depth2=-1.0000 track=1 sf=10 flag=ok
[T2gate] t=44.5560 tri=52 rej=0 xrej=0 init_replace=2 gate=0
[T2slv] t=44.5560 phase=1 init_cost=125.077 final_cost=123.543 iters=7 term=0 slv_ms=11.0
[T2diag] t=44.5560 P=[-0.0175 0.0952 0.0003] V=[0.0012 -0.0070 0.0003] |Bas|=0.195380 |Bgs|=0.0068656 Bas=[-0.131657 -0.144356 -0.000952] Bgs=[0.0002800 0.0020283 -0.0065532] tic0=[0.1200 0.0500 -0.0200] tic1=[0.1200 -0.0500 -0.0200] td=0.00000 track=137
[E2uls] flag=1 sh_t=44.592 new_t=44.592 dP=[0.0026 0.0066 0.0002] |dP|=0.0071 first_dt=-1.0000
time: 44.556000, t: -0.017521 0.095153 0.000324 q: 0.999934 -0.000677 -0.005037 -0.010320 
[T2xcross] t=44.6600 id=4291 est=4.5920 svd=0.0326 rel=0.9929 track=2 sf=9
[T2depth] t=44.6600 id=4293 src=motion2 u=576.5 v=39.5 depth=5.0000 depth2=-1.0000 track=2 sf=9 flag=init_neg
[T2xcross] t=44.6600 id=4296 est=3.8964 svd=0.0331 rel=0.9915 track=2 sf=9
[T2xcross] t=44.6600 id=4300 est=3.9640 svd=0.0350 rel=0.9912 track=2 sf=9
[T2depth] t=44.6600 id=4302 src=motion2 u=342.0 v=188.0 depth=0.0236 depth2=-1.0000 track=2 sf=9 flag=ok
[T2depth] t=44.6600 id=4304 src=motion2 u=69.0 v=171.0 depth=0.0342 depth2=-1.0000 track=2 sf=9 flag=ok
[T2depth] t=44.6600 id=4305 src=motion2 u=249.0 v=203.0 depth=5.0000 depth2=-1.0000 track=2 sf=9 flag=init_neg
[T2depth] t=44.6600 id=4308 src=stereo u=276.0 v=102.7 depth=36.2545 depth2=-1.0000 track=1 sf=10 flag=ok
[T2gate] t=44.6600 tri=44 rej=0 xrej=0 init_replace=2 gate=0
[T2slv] t=44.6600 phase=1 init_cost=127.375 final_cost=123.853 iters=9 term=1 slv_ms=22.0
[T2diag] t=44.6600 P=[-0.0168 0.1003 0.0004] V=[0.0138 0.0565 0.0004] |Bas|=0.195380 |Bgs|=0.0145614 Bas=[-0.131657 -0.144356 -0.000952] Bgs=[0.0042373 0.0018370 0.0138096] tic0=[0.1200 0.0500 -0.0200] tic1=[0.1200 -0.0500 -0.0200] td=0.00000 track=143
[E2uls] flag=1 sh_t=44.708 new_t=44.708 dP=[0.0006 -0.0070 -0.0003] |dP|=0.0070 first_dt=-1.0000
time: 44.660000, t: -0.016828 0.100268 0.000376 q: 0.999928 -0.000820 -0.005010 -0.010902 
[T2xcross] t=44.7920 id=4303 est=4.1306 svd=4.8496 rel=0.1483 track=2 sf=9
[T2depth] t=44.7920 id=4310 src=motion2 u=122.0 v=245.0 depth=2.4863 depth2=-1.0000 track=2 sf=9 flag=ok
[T2depth] t=44.7920 id=4311 src=motion2 u=93.0 v=207.0 depth=1.9925 depth2=-1.0000 track=2 sf=9 flag=ok
[T2depth] t=44.7920 id=4312 src=motion2 u=542.0 v=136.0 depth=4.6220 depth2=-1.0000 track=2 sf=9 flag=ok
[T2depth] t=44.7920 id=4316 src=stereo u=591.3 v=140.1 depth=35.2692 depth2=-1.0000 track=1 sf=10 flag=ok
[T2depth] t=44.7920 id=4317 src=stereo u=67.5 v=150.1 depth=5.0000 depth2=-1.0000 track=1 sf=10 flag=init_neg
[T2depth] t=44.7920 id=4319 src=stereo u=37.6 v=61.6 depth=5.0000 depth2=-1.0000 track=1 sf=10 flag=init_neg
[T2depth] t=44.7920 id=4322 src=stereo u=265.0 v=173.0 depth=26.0669 depth2=-1.0000 track=1 sf=10 flag=ok
[T2depth] t=44.7920 id=4324 src=stereo u=513.0 v=201.0 depth=3.4877 depth2=-1.0000 track=1 sf=10 flag=ok
[T2depth] t=44.7920 id=4326 src=stereo u=163.0 v=56.0 depth=32.4793 depth2=-1.0000 track=1 sf=10 flag=ok
[T2depth] t=44.7920 id=4327 src=stereo u=387.0 v=87.0 depth=3.5893 depth2=-1.0000 track=1 sf=10 flag=ok
[T2gate] t=44.7920 tri=47 rej=0 xrej=0 init_replace=2 gate=0
[T2slv] t=44.7920 phase=1 init_cost=173.03 final_cost=170.161 iters=6 term=0 slv_ms=15.5
[T2diag] t=44.7920 P=[-0.0218 0.0984 0.0001] V=[-0.0033 0.0023 0.0013] |Bas|=0.195380 |Bgs|=0.0035737 Bas=[-0.131657 -0.144356 -0.000952] Bgs=[-0.0007122 -0.0000050 -0.0035020] tic0=[0.1200 0.0500 -0.0200] tic1=[0.1200 -0.0500 -0.0200] td=0.00000 track=138
[E2uls] flag=1 sh_t=44.832 new_t=44.832 dP=[0.0093 0.0167 0.0002] |dP|=0.0192 first_dt=-1.0000
time: 44.792000, t: -0.021849 0.098371 0.000090 q: 0.999935 -0.000436 -0.005268 -0.010066 
[T2xcross] t=44.8920 id=4277 est=5.0000 svd=0.0010 rel=0.9998 track=2 sf=9
[T2depth] t=44.8920 id=4325 src=motion2 u=135.0 v=31.0 depth=1.0496 depth2=-1.0000 track=2 sf=9 flag=ok
[T2xcross] t=44.8920 id=4327 est=3.5893 svd=0.1524 rel=0.9575 track=2 sf=9
[T2depth] t=44.8920 id=4328 src=motion2 u=604.0 v=42.0 depth=5.0000 depth2=-1.0000 track=2 sf=9 flag=init_neg
[T2gate] t=44.8920 tri=43 rej=0 xrej=0 init_replace=1 gate=0
[T2slv] t=44.8920 phase=1 init_cost=126.195 final_cost=123.435 iters=6 term=0 slv_ms=13.8
[T2diag] t=44.8920 P=[-0.0157 0.0999 0.0005] V=[0.0040 0.0034 0.0002] |Bas|=0.195380 |Bgs|=0.0020945 Bas=[-0.131657 -0.144356 -0.000952] Bgs=[-0.0017080 -0.0005055 -0.0011019] tic0=[0.1200 0.0500 -0.0200] tic1=[0.1200 -0.0500 -0.0200] td=0.00000 track=141
[E2uls] flag=1 sh_t=44.936 new_t=44.936 dP=[-0.0061 0.0013 -0.0000] |dP|=0.0062 first_dt=-1.0000
time: 44.892000, t: -0.015743 0.099857 0.000534 q: 0.999927 -0.000824 -0.005009 -0.010979 
[T2xcross] t=44.9920 id=3528 est=5.0000 svd=1.6451 rel=0.6710 track=2 sf=9
[T2xcross] t=44.9920 id=4324 est=3.4877 svd=0.5106 rel=0.8536 track=2 sf=9
[T2depth] t=44.9920 id=58 src=motion2 u=40.6 v=457.0 depth=1.0218 depth2=-1.0000 track=2 sf=9 flag=ok
[T2depth] t=44.9920 id=4331 src=motion2 u=328.8 v=100.2 depth=0.1178 depth2=-1.0000 track=2 sf=9 flag=ok
[T2depth] t=44.9920 id=4339 src=motion2 u=518.0 v=78.0 depth=5.0000 depth2=-1.0000 track=2 sf=9 flag=init_neg
[T2depth] t=44.9920 id=4341 src=stereo u=483.1 v=157.6 depth=4.4048 depth2=-1.0000 track=1 sf=10 flag=ok
[T2depth] t=44.9920 id=4343 src=stereo u=472.8 v=216.7 depth=3.2273 depth2=-1.0000 track=1 sf=10 flag=ok
[T2depth] t=44.9920 id=4349 src=stereo u=198.0 v=176.0 depth=5.0000 depth2=-1.0000 track=1 sf=10 flag=init_neg
[T2depth] t=44.9920 id=4350 src=stereo u=259.0 v=85.0 depth=5.0000 depth2=-1.0000 track=1 sf=10 flag=init_neg
[T2gate] t=44.9920 tri=49 rej=0 xrej=0 init_replace=3 gate=0
[T2slv] t=44.9920 phase=1 init_cost=124.182 final_cost=123.35 iters=8 term=0 slv_ms=12.4
[T2diag] t=44.9920 P=[-0.0160 0.0990 0.0005] V=[-0.0007 -0.0024 0.0000] |Bas|=0.195380 |Bgs|=0.0087617 Bas=[-0.131657 -0.144356 -0.000952] Bgs=[0.0011478 -0.0016514 -0.0085278] tic0=[0.1200 0.0500 -0.0200] tic1=[0.1200 -0.0500 -0.0200] td=0.00000 track=139
[E2uls] flag=1 sh_t=45.028 new_t=45.028 dP=[0.0017 0.0033 0.0001] |dP|=0.0037 first_dt=-1.0000
time: 44.992000, t: -0.016020 0.099021 0.000456 q: 0.999928 -0.000793 -0.005014 -0.010885 
[T2depth] t=45.0920 id=4340 src=motion2 u=306.0 v=147.6 depth=5.0000 depth2=-1.0000 track=2 sf=9 flag=init_neg
[T2depth] t=45.0920 id=4346 src=motion2 u=503.0 v=127.0 depth=5.0000 depth2=-1.0000 track=2 sf=9 flag=init_neg
[T2depth] t=45.0920 id=4347 src=motion2 u=343.0 v=263.0 depth=5.0000 depth2=-1.0000 track=2 sf=9 flag=init_neg
[T2depth] t=45.0920 id=4348 src=motion2 u=564.0 v=182.0 depth=5.0000 depth2=-1.0000 track=2 sf=9 flag=init_neg
[T2xcross] t=45.0920 id=4350 est=5.0000 svd=0.0161 rel=0.9968 track=2 sf=9
[T2depth] t=45.0920 id=4356 src=stereo u=584.5 v=148.5 depth=5.0000 depth2=-1.0000 track=1 sf=10 flag=init_neg
[T2depth] t=45.0920 id=4359 src=stereo u=499.0 v=20.0 depth=3.0445 depth2=-1.0000 track=1 sf=10 flag=ok
[T2depth] t=45.0920 id=4360 src=stereo u=93.0 v=164.0 depth=38.3936 depth2=-1.0000 track=1 sf=10 flag=ok
[T2gate] t=45.0920 tri=46 rej=0 xrej=0 init_replace=5 gate=0
[T2slv] t=45.0920 phase=1 init_cost=131.849 final_cost=123.294 iters=9 term=1 slv_ms=19.4
[T2diag] t=45.0920 P=[-0.0156 0.0993 0.0006] V=[0.0044 0.0084 -0.0002] |Bas|=0.195380 |Bgs|=0.0052983 Bas=[-0.131657 -0.144356 -0.000952] Bgs=[0.0027143 0.0010268 0.0044329] tic0=[0.1200 0.0500 -0.0200] tic1=[0.1200 -0.0500 -0.0200] td=0.00000 track=140
[E2uls] flag=1 sh_t=45.140 new_t=45.140 dP=[0.0003 0.0009 -0.0002] |dP|=0.0010 first_dt=-1.0000
time: 45.092000, t: -0.015620 0.099344 0.000587 q: 0.999928 -0.000806 -0.004973 -0.010927 
[T2xcross] t=45.1920 id=4347 est=5.0000 svd=3.7014 rel=0.2597 track=2 sf=9
[T2depth] t=45.1920 id=4352 src=motion2 u=553.4 v=23.9 depth=0.5325 depth2=-1.0000 track=2 sf=9 flag=ok
[T2depth] t=45.1920 id=4357 src=motion2 u=562.9 v=113.4 depth=0.1960 depth2=-1.0000 track=2 sf=9 flag=ok
[T2depth] t=45.1920 id=4358 src=motion2 u=216.0 v=48.0 depth=5.0000 depth2=-1.0000 track=2 sf=9 flag=init_neg
[T2depth] t=45.1920 id=4361 src=motion2 u=161.0 v=184.0 depth=5.0000 depth2=-1.0000 track=2 sf=9 flag=init_neg
[T2depth] t=45.1920 id=4362 src=motion2 u=223.0 v=159.0 depth=0.1864 depth2=-1.0000 track=2 sf=9 flag=ok
[T2depth] t=45.1920 id=4364 src=stereo u=10.3 v=140.8 depth=5.0000 depth2=-1.0000 track=1 sf=10 flag=init_neg
[T2depth] t=45.1920 id=4369 src=stereo u=313.0 v=43.0 depth=5.0000 depth2=-1.0000 track=1 sf=10 flag=init_neg
[T2depth] t=45.1920 id=4371 src=stereo u=94.0 v=31.0 depth=5.0000 depth2=-1.0000 track=1 sf=10 flag=init_neg
[T2depth] t=45.1920 id=4372 src=stereo u=103.0 v=108.0 depth=5.0000 depth2=-1.0000 track=1 sf=10 flag=init_neg
[T2depth] t=45.1920 id=4373 src=stereo u=165.0 v=82.0 depth=5.0000 depth2=-1.0000 track=1 sf=10 flag=init_neg
[T2gate] t=45.1920 tri=45 rej=0 xrej=0 init_replace=7 gate=0
[T2slv] t=45.1920 phase=1 init_cost=124.024 final_cost=123.275 iters=8 term=0 slv_ms=11.7
[T2diag] t=45.1920 P=[-0.0157 0.0985 0.0004] V=[0.0016 -0.0022 -0.0024] |Bas|=0.195380 |Bgs|=0.0044562 Bas=[-0.131657 -0.144356 -0.000952] Bgs=[0.0005907 0.0015670 -0.0041296] tic0=[0.1200 0.0500 -0.0200] tic1=[0.1200 -0.0500 -0.0200] td=0.00000 track=141
[E2uls] flag=1 sh_t=45.228 new_t=45.228 dP=[0.0015 0.0039 -0.0000] |dP|=0.0042 first_dt=-1.0000
time: 45.192000, t: -0.015746 0.098504 0.000433 q: 0.999929 -0.000775 -0.004991 -0.010831 
[T2depth] t=45.2920 id=4367 src=motion2 u=548.8 v=143.8 depth=5.0000 depth2=-1.0000 track=2 sf=9 flag=init_neg
[T2xcross] t=45.2920 id=4372 est=5.0000 svd=0.3162 rel=0.9368 track=2 sf=9
[T2xcross] t=45.2920 id=4373 est=5.0000 svd=0.0567 rel=0.9887 track=2 sf=9
[T2depth] t=45.2920 id=4375 src=motion2 u=492.0 v=44.0 depth=5.0000 depth2=-1.0000 track=2 sf=9 flag=init_neg
[T2depth] t=45.2920 id=4379 src=stereo u=442.0 v=73.1 depth=3.8984 depth2=-1.0000 track=1 sf=10 flag=ok
[T2depth] t=45.2920 id=4380 src=stereo u=223.0 v=125.0 depth=5.0000 depth2=-1.0000 track=1 sf=10 flag=init_neg
[T2gate] t=45.2920 tri=40 rej=0 xrej=0 init_replace=3 gate=0
[T2slv] t=45.2920 phase=1 init_cost=126.646 final_cost=123.187 iters=9 term=1 slv_ms=14.2
[T2diag] t=45.2920 P=[-0.0156 0.0988 0.0005] V=[0.0027 0.0102 0.0004] |Bas|=0.195380 |Bgs|=0.0046672 Bas=[-0.131657 -0.144356 -0.000952] Bgs=[0.0023092 0.0002144 0.0040502] tic0=[0.1200 0.0500 -0.0200] tic1=[0.1200 -0.0500 -0.0200] td=0.00000 track=143
[E2uls] flag=1 sh_t=45.332 new_t=45.332 dP=[0.0005 0.0009 -0.0008] |dP|=0.0013 first_dt=-1.0000
time: 45.292000, t: -0.015617 0.098776 0.000523 q: 0.999928 -0.000786 -0.004970 -0.010861 
[T2xcross] t=45.3920 id=4379 est=3.8984 svd=0.0219 rel=0.9944 track=2 sf=9
[T2depth] t=45.3920 id=4381 src=motion2 u=386.0 v=209.0 depth=5.0000 depth2=-1.0000 track=2 sf=9 flag=init_neg
[T2depth] t=45.3920 id=4384 src=motion2 u=258.0 v=42.0 depth=0.0287 depth2=-1.0000 track=2 sf=9 flag=ok
[T2depth] t=45.3920 id=4385 src=motion2 u=142.0 v=23.0 depth=5.0000 depth2=-1.0000 track=2 sf=9 flag=init_neg
[T2depth] t=45.3920 id=4391 src=stereo u=166.1 v=144.4 depth=24.8848 depth2=-1.0000 track=1 sf=10 flag=ok
[T2depth] t=45.3920 id=4396 src=stereo u=412.0 v=228.0 depth=3.4343 depth2=-1.0000 track=1 sf=10 flag=ok
[T2depth] t=45.3920 id=4401 src=stereo u=196.0 v=19.0 depth=20.4777 depth2=-1.0000 track=1 sf=10 flag=ok
[T2gate] t=45.3920 tri=46 rej=0 xrej=0 init_replace=2 gate=0
[T2slv] t=45.3920 phase=1 init_cost=123.472 final_cost=123.153 iters=8 term=0 slv_ms=14.9
[T2diag] t=45.3920 P=[-0.0157 0.0980 0.0005] V=[0.0018 -0.0007 0.0003] |Bas|=0.195380 |Bgs|=0.0036334 Bas=[-0.131657 -0.144356 -0.000952] Bgs=[0.0033140 0.0002341 -0.0014710] tic0=[0.1200 0.0500 -0.0200] tic1=[0.1200 -0.0500 -0.0200] td=0.00000 track=138
[E2uls] flag=1 sh_t=45.440 new_t=45.440 dP=[0.0012 0.0052 0.0003] |dP|=0.0053 first_dt=-1.0000
time: 45.392000, t: -0.015676 0.098038 0.000512 q: 0.999929 -0.000769 -0.004972 -0.010784 
[T2xcross] t=45.4920 id=4384 est=0.0287 svd=0.0758 rel=0.6219 track=2 sf=9
[T2depth] t=45.4920 id=4387 src=motion2 u=347.4 v=41.5 depth=0.0818 depth2=-1.0000 track=2 sf=9 flag=ok
[T2depth] t=45.4920 id=4393 src=motion2 u=41.3 v=36.6 depth=5.0000 depth2=-1.0000 track=2 sf=9 flag=init_neg
[T2xcross] t=45.4920 id=4396 est=3.4343 svd=0.0110 rel=0.9968 track=2 sf=9
[T2depth] t=45.4920 id=4400 src=motion2 u=96.0 v=207.0 depth=5.0000 depth2=-1.0000 track=2 sf=9 flag=init_neg
[T2depth] t=45.4920 id=4403 src=stereo u=213.1 v=118.2 depth=41.3252 depth2=-1.0000 track=1 sf=10 flag=ok
[T2depth] t=45.4920 id=4408 src=stereo u=383.3 v=31.6 depth=3.4337 depth2=-1.0000 track=1 sf=10 flag=ok
[T2depth] t=45.4920 id=4409 src=stereo u=559.3 v=82.3 depth=36.7110 depth2=-1.0000 track=1 sf=10 flag=ok
[T2depth] t=45.4920 id=4414 src=stereo u=417.0 v=185.0 depth=4.0868 depth2=-1.0000 track=1 sf=10 flag=ok
[T2gate] t=45.4920 tri=50 rej=0 xrej=0 init_replace=2 gate=0
[T2slv] t=45.4920 phase=1 init_cost=123.825 final_cost=123.423 iters=7 term=0 slv_ms=15.0
[T2diag] t=45.4920 P=[-0.0152 0.1007 0.0006] V=[0.0094 0.0336 0.0020] |Bas|=0.195380 |Bgs|=0.0060366 Bas=[-0.131657 -0.144356 -0.000952] Bgs=[0.0007191 -0.0015465 0.0057907] tic0=[0.1200 0.0500 -0.0200] tic1=[0.1200 -0.0500 -0.0200] td=0.00000 track=138
[E2uls] flag=1 sh_t=45.528 new_t=45.528 dP=[0.0002 -0.0020 -0.0000] |dP|=0.0020 first_dt=-1.0000
time: 45.492000, t: -0.015233 0.100726 0.000642 q: 0.999926 -0.000841 -0.004937 -0.011088 
[T2xcross] t=45.5920 id=4403 est=41.3252 svd=0.7238 rel=0.9825 track=2 sf=9
[T2depth] t=45.5920 id=4406 src=motion2 u=624.7 v=134.3 depth=2.5051 depth2=-1.0000 track=2 sf=9 flag=ok
[T2depth] t=45.5920 id=4407 src=motion2 u=474.5 v=134.3 depth=0.7731 depth2=-1.0000 track=2 sf=9 flag=ok
[T2depth] t=45.5920 id=4413 src=motion2 u=344.0 v=211.0 depth=3.8054 depth2=-1.0000 track=2 sf=9 flag=ok
[T2depth] t=45.5920 id=4416 src=motion2 u=613.0 v=83.0 depth=1.0580 depth2=-1.0000 track=2 sf=9 flag=ok
[T2depth] t=45.5920 id=4429 src=stereo u=482.0 v=94.0 depth=3.8402 depth2=-1.0000 track=1 sf=10 flag=ok
[T2depth] t=45.5920 id=4431 src=stereo u=17.0 v=95.0 depth=33.0097 depth2=-1.0000 track=1 sf=10 flag=ok
[T2depth] t=45.5920 id=4433 src=stereo u=301.0 v=80.0 depth=5.0000 depth2=-1.0000 track=1 sf=10 flag=init_neg
[T2depth] t=45.5920 id=4434 src=stereo u=410.0 v=118.0 depth=4.1123 depth2=-1.0000 track=1 sf=10 flag=ok
[T2gate] t=45.5920 tri=51 rej=0 xrej=0 init_replace=1 gate=0
[T2slv] t=45.5920 phase=1 init_cost=126.215 final_cost=123.865 iters=5 term=0 slv_ms=9.5
[T2diag] t=45.5920 P=[-0.0154 0.1029 0.0006] V=[0.0081 0.0275 -0.0010] |Bas|=0.195380 |Bgs|=0.0080493 Bas=[-0.131657 -0.144356 -0.000952] Bgs=[0.0028797 -0.0023885 0.0071270] tic0=[0.1200 0.0500 -0.0200] tic1=[0.1200 -0.0500 -0.0200] td=0.00000 track=136
[E2uls] flag=1 sh_t=45.636 new_t=45.636 dP=[0.0030 0.0053 0.0002] |dP|=0.0061 first_dt=-1.0000
time: 45.592000, t: -0.015377 0.102899 0.000647 q: 0.999923 -0.000883 -0.004942 -0.011324 
[T2depth] t=45.6920 id=4418 src=motion2 u=238.3 v=77.4 depth=5.0000 depth2=-1.0000 track=2 sf=9 flag=init_neg
[T2depth] t=45.6920 id=4422 src=motion2 u=458.7 v=71.3 depth=0.5107 depth2=-1.0000 track=2 sf=9 flag=ok
[T2depth] t=45.6920 id=4423 src=motion2 u=229.4 v=191.9 depth=5.0000 depth2=-1.0000 track=2 sf=9 flag=init_neg
[T2depth] t=45.6920 id=4425 src=motion2 u=139.0 v=102.0 depth=5.0000 depth2=-1.0000 track=2 sf=9 flag=init_neg
[T2xcross] t=45.6920 id=4429 est=3.8402 svd=0.8046 rel=0.7905 track=2 sf=9
[T2xcross] t=45.6920 id=4431 est=33.0097 svd=0.7622 rel=0.9769 track=2 sf=9
[T2depth] t=45.6920 id=4432 src=motion2 u=67.0 v=180.0 depth=5.0000 depth2=-1.0000 track=2 sf=9 flag=init_neg
[T2xcross] t=45.6920 id=4433 est=5.0000 svd=0.1866 rel=0.9627 track=2 sf=9
[T2depth] t=45.6920 id=4438 src=stereo u=511.3 v=183.1 depth=4.0535 depth2=-1.0000 track=1 sf=10 flag=ok
[T2depth] t=45.6920 id=4441 src=stereo u=384.2 v=13.7 depth=3.6462 depth2=-1.0000 track=1 sf=10 flag=ok
[T2depth] t=45.6920 id=4447 src=stereo u=396.0 v=205.0 depth=4.2678 depth2=-1.0000 track=1 sf=10 flag=ok
[T2gate] t=45.6920 tri=49 rej=0 xrej=0 init_replace=4 gate=0
[T2slv] t=45.6920 phase=1 init_cost=124.584 final_cost=124.11 iters=7 term=0 slv_ms=19.4
[T2diag] t=45.6920 P=[-0.0155 0.1042 0.0007] V=[0.0048 0.0236 0.0021] |Bas|=0.195380 |Bgs|=0.0065126 Bas=[-0.131657 -0.144356 -0.000952] Bgs=[0.0056659 -0.0001929 0.0032054] tic0=[0.1200 0.0500 -0.0200] tic1=[0.1200 -0.0500 -0.0200] td=0.00000 track=140
[E2uls] flag=1 sh_t=45.744 new_t=45.744 dP=[0.0028 0.0059 -0.0001] |dP|=0.0065 first_dt=-1.0000
time: 45.692000, t: -0.015454 0.104153 0.000744 q: 0.999922 -0.000919 -0.004935 -0.011459 
[T2depth] t=45.7920 id=4439 src=motion2 u=174.0 v=77.8 depth=0.0206 depth2=-1.0000 track=2 sf=9 flag=ok
[T2xcross] t=45.7920 id=4441 est=3.6462 svd=1.3354 rel=0.6337 track=2 sf=9
[T2depth] t=45.7920 id=4442 src=motion2 u=140.0 v=135.0 depth=5.0000 depth2=-1.0000 track=2 sf=9 flag=init_neg
[T2depth] t=45.7920 id=4444 src=motion2 u=58.0 v=213.0 depth=5.0000 depth2=-1.0000 track=2 sf=9 flag=init_neg
[T2depth] t=45.7920 id=4445 src=motion2 u=274.0 v=167.0 depth=5.0000 depth2=-1.0000 track=2 sf=9 flag=init_neg
[T2depth] t=45.7920 id=4446 src=motion2 u=561.0 v=10.0 depth=5.0000 depth2=-1.0000 track=2 sf=9 flag=init_neg
[T2depth] t=45.7920 id=4450 src=stereo u=211.2 v=151.8 depth=5.0000 depth2=-1.0000 track=1 sf=10 flag=init_neg
[T2depth] t=45.7920 id=4452 src=stereo u=198.0 v=20.0 depth=26.5859 depth2=-1.0000 track=1 sf=10 flag=ok
[T2gate] t=45.7920 tri=42 rej=0 xrej=0 init_replace=5 gate=0
[T2slv] t=45.7920 phase=1 init_cost=125.834 final_cost=123.941 iters=9 term=1 slv_ms=15.5
[T2diag] t=45.7920 P=[-0.0158 0.1008 0.0007] V=[-0.0009 -0.0240 0.0012] |Bas|=0.195380 |Bgs|=0.0114221 Bas=[-0.131657 -0.144356 -0.000952] Bgs=[-0.0036814 0.0053067 -0.0094207] tic0=[0.1200 0.0500 -0.0200] tic1=[0.1200 -0.0500 -0.0200] td=0.00000 track=144
[E2uls] flag=1 sh_t=45.860 new_t=45.860 dP=[0.0028 0.0145 0.0008] |dP|=0.0148 first_dt=-1.0000
time: 45.792000, t: -0.015762 0.100782 0.000699 q: 0.999926 -0.000837 -0.004961 -0.011068 
[T2xcross] t=45.8920 id=4422 est=0.5107 svd=0.0896 rel=0.8245 track=2 sf=9
[T2depth] t=45.8920 id=4448 src=motion2 u=358.5 v=66.3 depth=5.0000 depth2=-1.0000 track=2 sf=9 flag=init_neg
[T2xcross] t=45.8920 id=4452 est=26.5859 svd=0.6673 rel=0.9749 track=2 sf=9
[T2depth] t=45.8920 id=4453 src=motion2 u=183.0 v=203.0 depth=0.0946 depth2=-1.0000 track=2 sf=9 flag=ok
[T2depth] t=45.8920 id=4458 src=stereo u=318.3 v=18.3 depth=42.7346 depth2=-1.0000 track=1 sf=10 flag=ok
[T2depth] t=45.8920 id=4460 src=stereo u=426.2 v=61.8 depth=4.1995 depth2=-1.0000 track=1 sf=10 flag=ok
[T2depth] t=45.8920 id=4463 src=stereo u=95.0 v=134.0 depth=5.0000 depth2=-1.0000 track=1 sf=10 flag=init_neg
[T2depth] t=45.8920 id=4466 src=stereo u=353.0 v=155.0 depth=4.2938 depth2=-1.0000 track=1 sf=10 flag=ok
[T2gate] t=45.8920 tri=43 rej=0 xrej=0 init_replace=2 gate=0
[T2slv] t=45.8920 phase=1 init_cost=125.785 final_cost=123.804 iters=9 term=1 slv_ms=17.5
[T2diag] t=45.8920 P=[-0.0155 0.1020 0.0006] V=[0.0060 0.0156 -0.0013] |Bas|=0.195380 |Bgs|=0.0008108 Bas=[-0.131657 -0.144356 -0.000952] Bgs=[0.0008080 0.0000567 0.0000343] tic0=[0.1200 0.0500 -0.0200] tic1=[0.1200 -0.0500 -0.0200] td=0.00000 track=140
[E2uls] flag=1 sh_t=45.932 new_t=45.932 dP=[0.0001 -0.0042 0.0005] |dP|=0.0042 first_dt=-1.0000
time: 45.892000, t: -0.015453 0.101973 0.000552 q: 0.999924 -0.000877 -0.004974 -0.011222 
[T2xcross] t=45.9920 id=4406 est=2.5051 svd=0.0246 rel=0.9902 track=2 sf=9
[T2xcross] t=45.9920 id=4423 est=5.0000 svd=3.8769 rel=0.2246 track=2 sf=9
[T2xcross] t=45.9920 id=4439 est=0.0206 svd=0.1864 rel=0.8896 track=2 sf=9
[T2depth] t=45.9920 id=4457 src=motion2 u=313.6 v=145.1 depth=5.8106 depth2=-1.0000 track=2 sf=9 flag=ok
[T2depth] t=45.9920 id=4459 src=motion2 u=360.3 v=122.9 depth=0.6685 depth2=-1.0000 track=2 sf=9 flag=ok
[T2depth] t=45.9920 id=4461 src=motion2 u=314.0 v=55.0 depth=0.0600 depth2=-1.0000 track=2 sf=9 flag=ok
[T2depth] t=45.9920 id=4462 src=motion2 u=110.0 v=22.0 depth=0.2947 depth2=-1.0000 track=2 sf=9 flag=ok
[T2depth] t=45.9920 id=4465 src=motion2 u=498.0 v=148.0 depth=5.0000 depth2=-1.0000 track=2 sf=9 flag=init_neg
[T2depth] t=45.9920 id=4472 src=stereo u=75.0 v=183.0 depth=42.3827 depth2=-1.0000 track=1 sf=10 flag=ok
[T2depth] t=45.9920 id=4474 src=stereo u=473.0 v=98.0 depth=3.5848 depth2=-1.0000 track=1 sf=10 flag=ok
[T2depth] t=45.9920 id=4475 src=stereo u=307.0 v=106.0 depth=29.9721 depth2=-1.0000 track=1 sf=10 flag=ok
[T2depth] t=45.9920 id=4478 src=stereo u=367.0 v=30.0 depth=4.0292 depth2=-1.0000 track=1 sf=10 flag=ok
[T2gate] t=45.9920 tri=46 rej=0 xrej=0 init_replace=1 gate=0
[T2slv] t=45.9920 phase=1 init_cost=126.56 final_cost=124.322 iters=9 term=1 slv_ms=12.4
[T2diag] t=45.9920 P=[-0.0152 0.1065 0.0006] V=[0.0082 0.0530 -0.0009] |Bas|=0.195380 |Bgs|=0.0119883 Bas=[-0.131657 -0.144356 -0.000952] Bgs=[0.0050656 -0.0054296 0.0094116] tic0=[0.1200 0.0500 -0.0200] tic1=[0.1200 -0.0500 -0.0200] td=0.00000 track=139
[E2uls] flag=1 sh_t=46.044 new_t=46.044 dP=[0.0015 -0.0009 -0.0001] |dP|=0.0018 first_dt=-1.0000
time: 45.992000, t: -0.015211 0.106475 0.000628 q: 0.999919 -0.001000 -0.004960 -0.011721 
[T2xcross] t=46.0920 id=4461 est=0.0600 svd=0.1470 rel=0.5919 track=2 sf=9
[T2depth] t=46.0920 id=4468 src=motion2 u=621.1 v=216.1 depth=14.2383 depth2=-1.0000 track=2 sf=9 flag=ok
[T2depth] t=46.0920 id=4471 src=motion2 u=54.0 v=151.0 depth=1.1881 depth2=-1.0000 track=2 sf=9 flag=ok
[T2depth] t=46.0920 id=4473 src=motion2 u=38.0 v=62.0 depth=2.3177 depth2=-1.0000 track=2 sf=9 flag=ok
[T2xcross] t=46.0920 id=4478 est=4.0292 svd=1.4987 rel=0.6281 track=2 sf=9
[T2depth] t=46.0920 id=4479 src=motion2 u=119.0 v=120.0 depth=5.0000 depth2=-1.0000 track=2 sf=9 flag=init_neg
[T2depth] t=46.0920 id=4482 src=stereo u=595.3 v=130.3 depth=5.0000 depth2=-1.0000 track=1 sf=10 flag=init_neg
[T2depth] t=46.0920 id=4488 src=stereo u=364.0 v=200.0 depth=4.1368 depth2=-1.0000 track=1 sf=10 flag=ok
[T2gate] t=46.0920 tri=46 rej=0 xrej=0 init_replace=2 gate=0
[T2slv] t=46.0920 phase=1 init_cost=127.718 final_cost=124.738 iters=9 term=1 slv_ms=17.9
[T2diag] t=46.0920 P=[-0.0154 0.1065 0.0007] V=[0.0039 0.0085 0.0012] |Bas|=0.195380 |Bgs|=0.0006761 Bas=[-0.131657 -0.144356 -0.000952] Bgs=[-0.0001919 -0.0000200 0.0006480] tic0=[0.1200 0.0500 -0.0200] tic1=[0.1200 -0.0500 -0.0200] td=0.00000 track=140
[E2uls] flag=1 sh_t=46.144 new_t=46.144 dP=[0.0031 0.0131 -0.0003] |dP|=0.0135 first_dt=-1.0000
time: 46.092000, t: -0.015357 0.106547 0.000749 q: 0.999919 -0.001006 -0.004965 -0.011715 
[T2xcross] t=46.1920 id=58 est=1.0218 svd=0.0646 rel=0.9368 track=2 sf=9
[T2xcross] t=46.1920 id=4471 est=1.1881 svd=0.1328 rel=0.8882 track=2 sf=9
[T2depth] t=46.1920 id=4483 src=motion2 u=561.3 v=197.0 depth=0.1321 depth2=-1.0000 track=2 sf=9 flag=ok
[T2depth] t=46.1920 id=4484 src=motion2 u=552.8 v=136.7 depth=0.6293 depth2=-1.0000 track=2 sf=9 flag=ok
[T2depth] t=46.1920 id=4486 src=motion2 u=103.0 v=13.0 depth=0.0447 depth2=-1.0000 track=2 sf=9 flag=ok
[T2depth] t=46.1920 id=4487 src=motion2 u=134.0 v=167.0 depth=5.0000 depth2=-1.0000 track=2 sf=9 flag=init_neg
[T2depth] t=46.1920 id=4489 src=motion2 u=469.0 v=106.0 depth=5.0000 depth2=-1.0000 track=2 sf=9 flag=init_neg
[T2depth] t=46.1920 id=4491 src=stereo u=264.6 v=130.9 depth=40.0245 depth2=-1.0000 track=1 sf=10 flag=ok
[T2depth] t=46.1920 id=4492 src=stereo u=277.4 v=11.1 depth=5.0000 depth2=-1.0000 track=1 sf=10 flag=init_neg
[T2depth] t=46.1920 id=4493 src=stereo u=378.3 v=74.4 depth=4.5044 depth2=-1.0000 track=1 sf=10 flag=ok
[T2depth] t=46.1920 id=4497 src=stereo u=446.0 v=180.0 depth=3.7384 depth2=-1.0000 track=1 sf=10 flag=ok
[T2depth] t=46.1920 id=4504 src=stereo u=375.0 v=16.0 depth=4.2203 depth2=-1.0000 track=1 sf=10 flag=ok
[T2gate] t=46.1920 tri=51 rej=0 xrej=0 init_replace=3 gate=0
[T2slv] t=46.1920 phase=1 init_cost=193.407 final_cost=132.822 iters=9 term=1 slv_ms=19.8
[T2diag] t=46.1920 P=[0.0018 0.1135 -0.0099] V=[0.0600 0.1345 -0.0517] |Bas|=0.195380 |Bgs|=0.0769880 Bas=[-0.131657 -0.144356 -0.000952] Bgs=[-0.0323167 0.0571549 0.0402007] tic0=[0.1200 0.0500 -0.0200] tic1=[0.1200 -0.0500 -0.0200] td=0.00000 track=128
[E2uls] flag=1 sh_t=46.240 new_t=46.240 dP=[-0.0174 -0.0111 0.0200] |dP|=0.0287 first_dt=-1.0000
time: 46.192000, t: 0.001846 0.113481 -0.009917 q: 0.999879 0.001234 -0.008050 -0.013290 
[T2xcross] t=46.2920 id=31 est=40.1023 svd=0.0605 rel=0.9985 track=2 sf=9
[T2xcross] t=46.2920 id=4487 est=5.0000 svd=0.3585 rel=0.9283 track=2 sf=9
[T2xcross] t=46.2920 id=4491 est=40.0245 svd=0.8900 rel=0.9778 track=2 sf=9
[T2xcross] t=46.2920 id=4492 est=5.0000 svd=0.7784 rel=0.8443 track=2 sf=9
[T2xcross] t=46.2920 id=4493 est=4.5044 svd=0.1872 rel=0.9585 track=2 sf=9
[T2depth] t=46.2920 id=4495 src=motion2 u=225.1 v=57.3 depth=0.4397 depth2=-1.0000 track=2 sf=9 flag=ok
[T2depth] t=46.2920 id=4499 src=motion2 u=37.0 v=244.0 depth=0.2414 depth2=-1.0000 track=2 sf=9 flag=ok
[T2depth] t=46.2920 id=4525 src=stereo u=533.0 v=239.0 depth=2.4476 depth2=-1.0000 track=1 sf=10 flag=ok
[T2depth] t=46.2920 id=4526 src=stereo u=88.4 v=66.8 depth=5.0000 depth2=-1.0000 track=1 sf=10 flag=init_neg
[T2depth] t=46.2920 id=4529 src=stereo u=444.0 v=176.0 depth=3.8905 depth2=-1.0000 track=1 sf=10 flag=ok
[T2depth] t=46.2920 id=4549 src=stereo u=545.0 v=81.0 depth=5.0000 depth2=-1.0000 track=1 sf=10 flag=init_neg
[T2gate] t=46.2920 tri=72 rej=0 xrej=0 init_replace=2 gate=0
[T2slv] t=46.2920 phase=1 init_cost=786.608 final_cost=400.262 iters=9 term=1 slv_ms=11.3
[T2diag] t=46.2920 P=[0.1615 0.2265 -0.0385] V=[1.1119 1.1770 -0.0028] |Bas|=0.195380 |Bgs|=0.4369067 Bas=[-0.131657 -0.144356 -0.000952] Bgs=[0.0503446 0.3020642 0.3116250] tic0=[0.1200 0.0500 -0.0200] tic1=[0.1200 -0.0500 -0.0200] td=0.00000 track=99
[E2uls] flag=1 sh_t=46.344 new_t=46.344 dP=[-0.2036 -0.1504 0.0425] |dP|=0.2567 first_dt=-1.0000
time: 46.292000, t: 0.161460 0.226544 -0.038538 q: 0.999214 0.015622 -0.022357 -0.028753 
[T2xcross] t=46.3920 id=80 est=90.6854 svd=5.7418 rel=0.9367 track=2 sf=9
[T2depth] t=46.3920 id=4506 src=motion2 u=212.2 v=337.7 depth=3.0203 depth2=-1.0000 track=2 sf=9 flag=ok
[T2depth] t=46.3920 id=4507 src=motion2 u=121.3 v=359.9 depth=1.7099 depth2=-1.0000 track=2 sf=9 flag=ok
[T2depth] t=46.3920 id=4518 src=motion2 u=198.3 v=243.4 depth=0.8771 depth2=-1.0000 track=2 sf=9 flag=ok
[T2xcross] t=46.3920 id=4525 est=2.4476 svd=15.8030 rel=0.8451 track=2 sf=9
[T2xcross] t=46.3920 id=4526 est=5.0000 svd=1.9777 rel=0.6045 track=2 sf=9
[T2depth] t=46.3920 id=4527 src=motion2 u=257.0 v=356.0 depth=2.7395 depth2=-1.0000 track=2 sf=9 flag=ok
[T2depth] t=46.3920 id=4528 src=motion2 u=495.0 v=351.0 depth=5.2487 depth2=-1.0000 track=2 sf=9 flag=ok
[T2depth] t=46.3920 id=4530 src=motion2 u=394.0 v=237.0 depth=5.0000 depth2=-1.0000 track=2 sf=9 flag=init_neg
[T2depth] t=46.3920 id=4531 src=motion2 u=493.0 v=409.0 depth=3.1556 depth2=-1.0000 track=2 sf=9 flag=ok
[T2depth] t=46.3920 id=4534 src=motion2 u=552.0 v=341.0 depth=5.8237 depth2=-1.0000 track=2 sf=9 flag=ok
[T2depth] t=46.3920 id=4537 src=motion2 u=534.0 v=395.0 depth=3.5121 depth2=-1.0000 track=2 sf=9 flag=ok
[T2depth] t=46.3920 id=4541 src=motion2 u=203.0 v=393.0 depth=1.6546 depth2=-1.0000 track=2 sf=9 flag=ok
[T2depth] t=46.3920 id=4545 src=motion2 u=425.0 v=377.0 depth=3.1919 depth2=-1.0000 track=2 sf=9 flag=ok
[T2depth] t=46.3920 id=4547 src=motion2 u=226.0 v=268.0 depth=4.0499 depth2=-1.0000 track=2 sf=9 flag=ok
[T2depth] t=46.3920 id=1 src=stereo u=187.7 v=403.1 depth=5.0000 depth2=-1.0000 track=1 sf=10 flag=init_neg
[T2depth] t=46.3920 id=4556 src=stereo u=57.5 v=250.5 depth=1.2639 depth2=-1.0000 track=1 sf=10 flag=ok
[T2depth] t=46.3920 id=4557 src=stereo u=147.4 v=439.8 depth=109.8340 depth2=-1.0000 track=1 sf=10 flag=ok
[T2depth] t=46.3920 id=4561 src=stereo u=132.2 v=246.8 depth=1.8852 depth2=-1.0000 track=1 sf=10 flag=ok
[T2depth] t=46.3920 id=4562 src=stereo u=443.0 v=164.4 depth=3.8840 depth2=-1.0000 track=1 sf=10 flag=ok
[T2depth] t=46.3920 id=4563 src=stereo u=436.0 v=53.7 depth=3.8176 depth2=-1.0000 track=1 sf=10 flag=ok
[T2depth] t=46.3920 id=4582 src=stereo u=419.7 v=272.7 depth=1.6016 depth2=-1.0000 track=1 sf=10 flag=ok
[T2depth] t=46.3920 id=4589 src=stereo u=9.5 v=112.9 depth=37.2344 depth2=-1.0000 track=1 sf=10 flag=ok
[T2depth] t=46.3920 id=4599 src=stereo u=444.0 v=195.0 depth=3.8900 depth2=-1.0000 track=1 sf=10 flag=ok
[T2depth] t=46.3920 id=4603 src=stereo u=439.0 v=92.0 depth=3.8209 depth2=-1.0000 track=1 sf=10 flag=ok
[T2depth] t=46.3920 id=4611 src=stereo u=89.0 v=248.0 depth=1.3252 depth2=-1.0000 track=1 sf=10 flag=ok
[T2depth] t=46.3920 id=4618 src=stereo u=622.0 v=259.0 depth=0.8340 depth2=-1.0000 track=1 sf=10 flag=ok
[T2depth] t=46.3920 id=4624 src=stereo u=474.0 v=85.0 depth=3.6095 depth2=-1.0000 track=1 sf=10 flag=ok
[T2depth] t=46.3920 id=4626 src=stereo u=509.0 v=158.0 depth=3.5847 depth2=-1.0000 track=1 sf=10 flag=ok
[T2depth] t=46.3920 id=4628 src=stereo u=74.0 v=183.0 depth=5.0000 depth2=-1.0000 track=1 sf=10 flag=init_neg
[T2gate] t=46.3920 tri=138 rej=0 xrej=0 init_replace=3 gate=0
[T2slv] t=46.3920 phase=1 init_cost=680.207 final_cost=465.152 iters=9 term=1 slv_ms=13.6
[T2diag] t=46.3920 P=[0.5433 0.6045 -0.1272] V=[1.1084 0.8602 0.3294] |Bas|=0.195380 |Bgs|=0.5694838 Bas=[-0.131657 -0.144356 -0.000952] Bgs=[0.0901586 0.4118282 0.3828588] tic0=[0.1200 0.0500 -0.0200] tic1=[0.1200 -0.0500 -0.0200] td=0.00000 track=71
[E2uls] flag=1 sh_t=46.432 new_t=46.432 dP=[-0.2318 -0.2055 0.0909] |dP|=0.3228 first_dt=-1.0000
[31m[ERROR] [1790883553.536176144, 46.436000000]: vins_to_mavros gate: divergent odom (jump 0.54 m, 5.4 m/s) - vision_pose forwarding SUSPENDED (violation #1)[0m
time: 46.392000, t: 0.543319 0.604487 -0.127242 q: 0.994022 0.029880 -0.049978 -0.092357 
[T2xcross] t=46.4920 id=1 est=5.0000 svd=1.4229 rel=0.7154 track=2 sf=9
[T2depth] t=46.4920 id=4550 src=motion2 u=333.4 v=371.8 depth=2.0256 depth2=-1.0000 track=2 sf=9 flag=ok
[T2depth] t=46.4920 id=4551 src=motion2 u=9.3 v=344.0 depth=1.3487 depth2=-1.0000 track=2 sf=9 flag=ok
[T2depth] t=46.4920 id=4554 src=motion2 u=225.1 v=334.0 depth=2.8221 depth2=-1.0000 track=2 sf=9 flag=ok
[T2depth] t=46.4920 id=4555 src=motion2 u=86.5 v=332.2 depth=1.7377 depth2=-1.0000 track=2 sf=9 flag=ok
[T2depth] t=46.4920 id=4558 src=motion2 u=146.4 v=316.2 depth=2.2985 depth2=-1.0000 track=2 sf=9 flag=ok
[T2depth] t=46.4920 id=4559 src=motion2 u=440.7 v=122.5 depth=2.8986 depth2=-1.0000 track=2 sf=9 flag=ok
[T2depth] t=46.4920 id=4560 src=motion2 u=602.3 v=314.6 depth=3.9726 depth2=-1.0000 track=2 sf=9 flag=ok
[T2xcross] t=46.4920 id=4562 est=3.8840 svd=3.1147 rel=0.1981 track=2 sf=9
[T2depth] t=46.4920 id=4564 src=motion2 u=374.1 v=298.4 depth=1.5928 depth2=-1.0000 track=2 sf=9 flag=ok
[T2depth] t=46.4920 id=4566 src=motion2 u=486.0 v=321.5 depth=4.0234 depth2=-1.0000 track=2 sf=9 flag=ok
[T2depth] t=46.4920 id=4569 src=motion2 u=52.3 v=317.5 depth=1.6054 depth2=-1.0000 track=2 sf=9 flag=ok
[T2depth] t=46.4920 id=4575 src=motion2 u=412.3 v=228.9 depth=11.1044 depth2=-1.0000 track=2 sf=9 flag=ok
[T2depth] t=46.4920 id=4577 src=motion2 u=13.5 v=305.5 depth=1.2803 depth2=-1.0000 track=2 sf=9 flag=ok
[T2depth] t=46.4920 id=4579 src=motion2 u=87.5 v=296.2 depth=1.7119 depth2=-1.0000 track=2 sf=9 flag=ok
[T2depth] t=46.4920 id=4585 src=motion2 u=201.8 v=51.8 depth=1.7655 depth2=-1.0000 track=2 sf=9 flag=ok
[T2xcross] t=46.4920 id=4589 est=37.2344 svd=0.9174 rel=0.9754 track=2 sf=9
[T2depth] t=46.4920 id=4592 src=motion2 u=283.0 v=357.0 depth=2.3916 depth2=-1.0000 track=2 sf=9 flag=ok
[T2depth] t=46.4920 id=4595 src=motion2 u=405.0 v=336.0 depth=3.3630 depth2=-1.0000 track=2 sf=9 flag=ok
[T2depth] t=46.4920 id=4597 src=motion2 u=521.0 v=387.0 depth=2.2178 depth2=-1.0000 track=2 sf=9 flag=ok
[T2xcross] t=46.4920 id=4603 est=3.8209 svd=1.5455 rel=0.5955 track=2 sf=9
[T2depth] t=46.4920 id=4605 src=motion2 u=114.0 v=350.0 depth=1.7731 depth2=-1.0000 track=2 sf=9 flag=ok
[T2depth] t=46.4920 id=4607 src=motion2 u=246.0 v=361.0 depth=2.0813 depth2=-1.0000 track=2 sf=9 flag=ok
[T2depth] t=46.4920 id=4608 src=motion2 u=53.0 v=397.0 depth=1.1477 depth2=-1.0000 track=2 sf=9 flag=ok
[T2depth] t=46.4920 id=4610 src=motion2 u=347.0 v=345.0 depth=2.9641 depth2=-1.0000 track=2 sf=9 flag=ok
[T2depth] t=46.4920 id=4613 src=motion2 u=219.0 v=304.0 depth=2.9330 depth2=-1.0000 track=2 sf=9 flag=ok
[T2depth] t=46.4920 id=4615 src=motion2 u=34.0 v=271.0 depth=1.0050 depth2=-1.0000 track=2 sf=9 flag=ok
[T2depth] t=46.4920 id=4617 src=motion2 u=570.0 v=257.0 depth=4.1691 depth2=-1.0000 track=2 sf=9 flag=ok
[T2depth] t=46.4920 id=4621 src=motion2 u=335.0 v=112.0 depth=2.9821 depth2=-1.0000 track=2 sf=9 flag=ok
[T2xcross] t=46.4920 id=4624 est=3.6095 svd=0.6170 rel=0.8291 track=2 sf=9
[T2depth] t=46.4920 id=0 src=stereo u=446.7 v=215.2 depth=3.8812 depth2=-1.0000 track=1 sf=10 flag=ok
[T2depth] t=46.4920 id=44 src=stereo u=53.6 v=395.9 depth=5.0000 depth2=-1.0000 track=1 sf=10 flag=init_neg
[T2depth] t=46.4920 id=74 src=stereo u=421.5 v=402.3 depth=22.5561 depth2=-1.0000 track=1 sf=10 flag=ok
[T2depth] t=46.4920 id=4632 src=stereo u=513.8 v=355.0 depth=5.0000 depth2=-1.0000 track=1 sf=10 flag=init_neg
[T2depth] t=46.4920 id=4671 src=stereo u=438.0 v=1.0 depth=3.7592 depth2=-1.0000 track=1 sf=10 flag=ok
[T2depth] t=46.4920 id=4675 src=stereo u=580.0 v=377.0 depth=5.0000 depth2=-1.0000 track=1 sf=10 flag=init_neg
[T2depth] t=46.4920 id=4678 src=stereo u=471.0 v=313.0 depth=5.0000 depth2=-1.0000 track=1 sf=10 flag=init_neg
[T2depth] t=46.4920 id=4682 src=stereo u=276.0 v=230.0 depth=1.9533 depth2=-1.0000 track=1 sf=10 flag=ok
[T2depth] t=46.4920 id=4683 src=stereo u=440.0 v=86.0 depth=3.8158 depth2=-1.0000 track=1 sf=10 flag=ok
[T2depth] t=46.4920 id=4684 src=stereo u=93.0 v=244.0 depth=1.5279 depth2=-1.0000 track=1 sf=10 flag=ok
[T2depth] t=46.4920 id=4692 src=stereo u=264.0 v=274.0 depth=1.0938 depth2=-1.0000 track=1 sf=10 flag=ok
[T2depth] t=46.4920 id=4694 src=stereo u=421.0 v=272.0 depth=0.8860 depth2=-1.0000 track=1 sf=10 flag=ok
[T2depth] t=46.4920 id=4696 src=stereo u=587.0 v=223.0 depth=1.8593 depth2=-1.0000 track=1 sf=10 flag=ok
[T2depth] t=46.4920 id=4697 src=stereo u=632.0 v=233.0 depth=1.3651 depth2=-1.0000 track=1 sf=10 flag=ok
[T2depth] t=46.4920 id=4706 src=stereo u=106.0 v=281.0 depth=1.1139 depth2=-1.0000 track=1 sf=10 flag=ok
[T2depth] t=46.4920 id=4709 src=stereo u=492.0 v=77.0 depth=3.8912 depth2=-1.0000 track=1 sf=10 flag=ok
[T2depth] t=46.4920 id=4712 src=stereo u=496.0 v=42.0 depth=3.5074 depth2=-1.0000 track=1 sf=10 flag=ok
[T2depth] t=46.4920 id=4714 src=stereo u=593.0 v=121.0 depth=42.2210 depth2=-1.0000 track=1 sf=10 flag=ok
[T2gate] t=46.4920 tri=192 rej=0 xrej=0 init_replace=4 gate=0
[T2slv] t=46.4920 phase=1 init_cost=3087.79 final_cost=1425.08 iters=9 term=1 slv_ms=11.1
[T2diag] t=46.4920 P=[0.3974 0.1436 -0.0256] V=[1.8108 0.9274 0.1339] |Bas|=0.343885 |Bgs|=0.6240127 Bas=[-0.240289 -0.026562 -0.244566] Bgs=[0.1077427 0.5292138 0.3125959] tic0=[0.1200 0.0500 -0.0200] tic1=[0.1200 -0.0500 -0.0200] td=0.00000 track=65
[E2uls] flag=1 sh_t=46.540 new_t=46.540 dP=[0.2568 0.5775 -0.0271] |dP|=0.6326 first_dt=-1.0000
time: 46.492000, t: 0.397422 0.143627 -0.025641 q: 0.996927 0.050687 -0.058862 -0.010122 
[T2xcross] t=46.5920 id=0 est=3.8812 svd=3.2879 rel=0.1529 track=2 sf=9
[T2xcross] t=46.5920 id=44 est=5.0000 svd=1.0875 rel=0.7825 track=2 sf=9
[T2depth] t=46.5920 id=62 src=motion2 u=111.4 v=341.8 depth=1.2925 depth2=-1.0000 track=2 sf=9 flag=ok
[T2xcross] t=46.5920 id=74 est=22.5561 svd=3.3287 rel=0.8524 track=2 sf=9
[T2depth] t=46.5920 id=75 src=motion2 u=341.2 v=318.0 depth=7.6644 depth2=-1.0000 track=2 sf=9 flag=ok
[T2depth] t=46.5920 id=100 src=motion2 u=572.4 v=408.1 depth=3.6336 depth2=-1.0000 track=2 sf=9 flag=ok
[T2depth] t=46.5920 id=4631 src=motion2 u=324.2 v=346.5 depth=3.4855 depth2=-1.0000 track=2 sf=9 flag=ok
[T2xcross] t=46.5920 id=4632 est=5.0000 svd=12.4224 rel=0.5975 track=2 sf=9
[T2depth] t=46.5920 id=4633 src=motion2 u=435.3 v=371.1 depth=4.1982 depth2=-1.0000 track=2 sf=9 flag=ok
[T2depth] t=46.5920 id=4635 src=motion2 u=279.9 v=345.9 depth=2.9958 depth2=-1.0000 track=2 sf=9 flag=ok
[T2depth] t=46.5920 id=4636 src=motion2 u=168.0 v=418.1 depth=0.9892 depth2=-1.0000 track=2 sf=9 flag=ok
[T2depth] t=46.5920 id=4640 src=motion2 u=634.0 v=403.7 depth=4.8667 depth2=-1.0000 track=2 sf=9 flag=ok
[T2depth] t=46.5920 id=4641 src=motion2 u=513.6 v=318.4 depth=9.6571 depth2=-1.0000 track=2 sf=9 flag=ok
[T2depth] t=46.5920 id=4644 src=motion2 u=630.7 v=345.3 depth=9.1482 depth2=-1.0000 track=2 sf=9 flag=ok
[T2depth] t=46.5920 id=4645 src=motion2 u=371.0 v=340.4 depth=4.7488 depth2=-1.0000 track=2 sf=9 flag=ok
[T2depth] t=46.5920 id=4646 src=motion2 u=266.9 v=306.9 depth=5.7950 depth2=-1.0000 track=2 sf=9 flag=ok
[T2depth] t=46.5920 id=4647 src=motion2 u=610.6 v=305.7 depth=10.5089 depth2=-1.0000 track=2 sf=9 flag=ok
[T2depth] t=46.5920 id=4649 src=motion2 u=486.3 v=285.5 depth=8.8355 depth2=-1.0000 track=2 sf=9 flag=ok
[T2depth] t=46.5920 id=4650 src=motion2 u=576.9 v=311.5 depth=8.8988 depth2=-1.0000 track=2 sf=9 flag=ok
[T2depth] t=46.5920 id=4655 src=motion2 u=189.9 v=349.9 depth=1.6408 depth2=-1.0000 track=2 sf=9 flag=ok
[T2depth] t=46.5920 id=4657 src=motion2 u=4.7 v=251.3 depth=5.0000 depth2=-1.0000 track=2 sf=9 flag=init_neg
[T2depth] t=46.5920 id=4658 src=motion2 u=593.8 v=279.2 depth=2.3741 depth2=-1.0000 track=2 sf=9 flag=ok
[T2depth] t=46.5920 id=4661 src=motion2 u=333.6 v=224.9 depth=2.3030 depth2=-1.0000 track=2 sf=9 flag=ok
[T2depth] t=46.5920 id=4666 src=motion2 u=124.3 v=309.0 depth=1.2099 depth2=-1.0000 track=2 sf=9 flag=ok
[T2depth] t=46.5920 id=4667 src=motion2 u=349.6 v=278.5 depth=6.4770 depth2=-1.0000 track=2 sf=9 flag=ok
[T2depth] t=46.5920 id=4668 src=motion2 u=235.1 v=284.5 depth=3.1249 depth2=-1.0000 track=2 sf=9 flag=ok
[T2depth] t=46.5920 id=4670 src=motion2 u=147.8 v=288.8 depth=1.4708 depth2=-1.0000 track=2 sf=9 flag=ok
[T2depth] t=46.5920 id=4672 src=motion2 u=21.0 v=398.0 depth=1.1330 depth2=-1.0000 track=2 sf=9 flag=ok
[T2xcross] t=46.5920 id=4675 est=5.0000 svd=9.2088 rel=0.4570 track=2 sf=9
[T2xcross] t=46.5920 id=4678 est=5.0000 svd=11.1573 rel=0.5519 track=2 sf=9
[T2xcross] t=46.5920 id=4683 est=3.8158 svd=2.2647 rel=0.4065 track=2 sf=9
[T2depth] t=46.5920 id=4685 src=motion2 u=195.0 v=236.0 depth=0.7899 depth2=-1.0000 track=2 sf=9 flag=ok
[T2depth] t=46.5920 id=4687 src=motion2 u=54.0 v=247.0 depth=0.1009 depth2=-1.0000 track=2 sf=9 flag=ok
[T2depth] t=46.5920 id=4688 src=motion2 u=136.0 v=367.0 depth=1.1348 depth2=-1.0000 track=2 sf=9 flag=ok
[T2depth] t=46.5920 id=4690 src=motion2 u=59.0 v=295.0 depth=5.0000 depth2=-1.0000 track=2 sf=9 flag=init_neg
[T2xcross] t=46.5920 id=4696 est=1.8593 svd=7.9345 rel=0.7657 track=2 sf=9
[T2depth] t=46.5920 id=4698 src=motion2 u=237.0 v=92.0 depth=2.5671 depth2=-1.0000 track=2 sf=9 flag=ok
[T2depth] t=46.5920 id=4702 src=motion2 u=5.0 v=282.0 depth=5.0000 depth2=-1.0000 track=2 sf=9 flag=init_neg
[T2depth] t=46.5920 id=4703 src=motion2 u=41.0 v=37.0 depth=3.7434 depth2=-1.0000 track=2 sf=9 flag=ok
[T2xcross] t=46.5920 id=4714 est=42.2210 svd=5.5796 rel=0.8678 track=2 sf=9
[T2depth] t=46.5920 id=4752 src=stereo u=447.1 v=238.0 depth=1.7067 depth2=-1.0000 track=1 sf=10 flag=ok
[T2depth] t=46.5920 id=4756 src=stereo u=199.0 v=267.5 depth=1.5999 depth2=-1.0000 track=1 sf=10 flag=ok
[T2depth] t=46.5920 id=4759 src=stereo u=549.8 v=214.0 depth=2.7189 depth2=-1.0000 track=1 sf=10 flag=ok
[T2depth] t=46.5920 id=4760 src=stereo u=117.2 v=86.1 depth=41.6579 depth2=-1.0000 track=1 sf=10 flag=ok
[T2depth] t=46.5920 id=4784 src=stereo u=415.0 v=208.0 depth=6.6189 depth2=-1.0000 track=1 sf=10 flag=ok
[T2depth] t=46.5920 id=4787 src=stereo u=563.0 v=305.0 depth=5.0000 depth2=-1.0000 track=1 sf=10 flag=init_neg
[T2depth] t=46.5920 id=4789 src=stereo u=365.0 v=249.0 depth=1.6791 depth2=-1.0000 track=1 sf=10 flag=ok
[T2depth] t=46.5920 id=4790 src=stereo u=628.0 v=235.0 depth=1.2797 depth2=-1.0000 track=1 sf=10 flag=ok
[T2gate] t=46.5920 tri=219 rej=0 xrej=0 init_replace=4 gate=0
[T2slv] t=46.5920 phase=1 init_cost=1331.38 final_cost=528.563 iters=9 term=1 slv_ms=8.8
[T2diag] t=46.5920 P=[0.3126 0.2372 -0.3604] V=[0.3317 0.9273 -1.1972] |Bas|=0.705901 |Bgs|=0.7800075 Bas=[-0.348943 0.208415 -0.577146] Bgs=[0.1347804 0.7232591 0.2591182] tic0=[0.1200 0.0500 -0.0200] tic1=[0.1200 -0.0500 -0.0200] td=0.00000 track=68
[E2uls] flag=1 sh_t=46.636 new_t=46.636 dP=[0.3899 0.0216 0.4317] |dP|=0.5821 first_dt=-1.0000
time: 46.592000, t: 0.312597 0.237184 -0.360386 q: 0.994775 0.032207 -0.092483 -0.028865 
[T2depth] t=46.7280 id=61 src=motion2 u=550.2 v=391.6 depth=5.0000 depth2=-1.0000 track=2 sf=9 flag=init_neg
[T2depth] t=46.7280 id=63 src=motion2 u=441.6 v=365.8 depth=1.8647 depth2=-1.0000 track=2 sf=9 flag=ok
[T2depth] t=46.7280 id=67 src=motion2 u=242.0 v=393.3 depth=5.0000 depth2=-1.0000 track=2 sf=9 flag=init_neg
[T2depth] t=46.7280 id=4715 src=motion2 u=28.7 v=399.7 depth=5.0000 depth2=-1.0000 track=2 sf=9 flag=init_neg
[T2depth] t=46.7280 id=4723 src=motion2 u=246.1 v=359.2 depth=5.0000 depth2=-1.0000 track=2 sf=9 flag=init_neg
[T2depth] t=46.7280 id=4724 src=motion2 u=172.9 v=349.8 depth=5.0000 depth2=-1.0000 track=2 sf=9 flag=init_neg
[T2depth] t=46.7280 id=4725 src=motion2 u=16.0 v=367.3 depth=5.0000 depth2=-1.0000 track=2 sf=9 flag=init_neg
[T2depth] t=46.7280 id=4726 src=motion2 u=521.7 v=304.9 depth=5.0000 depth2=-1.0000 track=2 sf=9 flag=init_neg
[T2depth] t=46.7280 id=4731 src=motion2 u=184.3 v=314.9 depth=78.8271 depth2=-1.0000 track=2 sf=9 flag=ok
[T2depth] t=46.7280 id=4732 src=motion2 u=309.3 v=307.8 depth=1.5460 depth2=-1.0000 track=2 sf=9 flag=ok
[T2depth] t=46.7280 id=4734 src=motion2 u=211.6 v=395.8 depth=5.0000 depth2=-1.0000 track=2 sf=9 flag=init_neg
[T2depth] t=46.7280 id=4740 src=motion2 u=543.9 v=328.6 depth=5.0000 depth2=-1.0000 track=2 sf=9 flag=init_neg
[T2depth] t=46.7280 id=4745 src=motion2 u=594.2 v=293.2 depth=5.0000 depth2=-1.0000 track=2 sf=9 flag=init_neg
[T2depth] t=46.7280 id=4750 src=motion2 u=632.5 v=309.4 depth=5.0000 depth2=-1.0000 track=2 sf=9 flag=init_neg
[T2xcross] t=46.7280 id=4752 est=1.7067 svd=3.0856 rel=0.4469 track=2 sf=9
[T2depth] t=46.7280 id=4754 src=motion2 u=105.2 v=295.8 depth=8.1602 depth2=-1.0000 track=2 sf=9 flag=ok
[T2depth] t=46.7280 id=4755 src=motion2 u=541.1 v=254.1 depth=4.7447 depth2=-1.0000 track=2 sf=9 flag=ok
[T2xcross] t=46.7280 id=4756 est=1.5999 svd=4.2781 rel=0.6260 track=2 sf=9
[T2xcross] t=46.7280 id=4760 est=41.6579 svd=3.1261 rel=0.9250 track=2 sf=9
[T2depth] t=46.7280 id=4761 src=motion2 u=622.4 v=61.1 depth=1.9414 depth2=-1.0000 track=2 sf=9 flag=ok
[T2depth] t=46.7280 id=4762 src=motion2 u=242.6 v=142.3 depth=2.7203 depth2=-1.0000 track=2 sf=9 flag=ok
[T2depth] t=46.7280 id=4763 src=motion2 u=36.1 v=282.9 depth=3.5019 depth2=-1.0000 track=2 sf=9 flag=ok
[T2depth] t=46.7280 id=4773 src=motion2 u=36.0 v=324.0 depth=18.4038 depth2=-1.0000 track=2 sf=9 flag=ok
[T2depth] t=46.7280 id=4774 src=motion2 u=155.0 v=393.0 depth=5.0000 depth2=-1.0000 track=2 sf=9 flag=init_neg
[T2xcross] t=46.7280 id=4784 est=6.6189 svd=2.0011 rel=0.6977 track=2 sf=9
[T2xcross] t=46.7280 id=4790 est=1.2797 svd=2.8661 rel=0.5535 track=2 sf=9
[T2depth] t=46.7280 id=2053 src=stereo u=505.5 v=206.2 depth=2.8619 depth2=-1.0000 track=1 sf=10 flag=ok
[T2depth] t=46.7280 id=4809 src=stereo u=478.4 v=336.5 depth=2.5748 depth2=-1.0000 track=1 sf=10 flag=ok
[T2depth] t=46.7280 id=4821 src=stereo u=446.5 v=1.3 depth=3.7281 depth2=-1.0000 track=1 sf=10 flag=ok
[T2depth] t=46.7280 id=4826 src=stereo u=270.5 v=275.6 depth=1.3325 depth2=-1.0000 track=1 sf=10 flag=ok
[T2depth] t=46.7280 id=4832 src=stereo u=171.2 v=297.1 depth=1.2631 depth2=-1.0000 track=1 sf=10 flag=ok
[T2depth] t=46.7280 id=4833 src=stereo u=575.7 v=254.2 depth=1.2576 depth2=-1.0000 track=1 sf=10 flag=ok
[T2depth] t=46.7280 id=4836 src=stereo u=622.0 v=201.6 depth=2.6206 depth2=-1.0000 track=1 sf=10 flag=ok
[T2depth] t=46.7280 id=4838 src=stereo u=502.0 v=251.1 depth=1.4246 depth2=-1.0000 track=1 sf=10 flag=ok
[T2depth] t=46.7280 id=4840 src=stereo u=87.1 v=270.8 depth=2.0672 depth2=-1.0000 track=1 sf=10 flag=ok
[T2depth] t=46.7280 id=4842 src=stereo u=255.6 v=24.8 depth=22.8035 depth2=-1.0000 track=1 sf=10 flag=ok
[T2depth] t=46.7280 id=4874 src=stereo u=456.0 v=293.0 depth=0.9829 depth2=-1.0000 track=1 sf=10 flag=ok
[T2depth] t=46.7280 id=4880 src=stereo u=244.0 v=215.0 depth=3.2290 depth2=-1.0000 track=1 sf=10 flag=ok
[T2depth] t=46.7280 id=4883 src=stereo u=162.0 v=224.0 depth=8.2728 depth2=-1.0000 track=1 sf=10 flag=ok
[T2depth] t=46.7280 id=4885 src=stereo u=601.0 v=277.0 depth=0.9600 depth2=-1.0000 track=1 sf=10 flag=ok
[T2depth] t=46.7280 id=4886 src=stereo u=365.0 v=202.0 depth=6.6287 depth2=-1.0000 track=1 sf=10 flag=ok
[T2depth] t=46.7280 id=4887 src=stereo u=69.0 v=234.0 depth=8.5107 depth2=-1.0000 track=1 sf=10 flag=ok
[T2depth] t=46.7280 id=4888 src=stereo u=274.0 v=212.0 depth=7.7823 depth2=-1.0000 track=1 sf=10 flag=ok
[T2depth] t=46.7280 id=4890 src=stereo u=203.0 v=220.0 depth=3.2041 depth2=-1.0000 track=1 sf=10 flag=ok
[T2depth] t=46.7280 id=4892 src=stereo u=129.0 v=291.0 depth=1.4127 depth2=-1.0000 track=1 sf=10 flag=ok
[T2depth] t=46.7280 id=4893 src=stereo u=606.0 v=242.0 depth=1.3661 depth2=-1.0000 track=1 sf=10 flag=ok
[T2depth] t=46.7280 id=4894 src=stereo u=239.0 v=283.0 depth=1.3989 depth2=-1.0000 track=1 sf=10 flag=ok
[T2depth] t=46.7280 id=4896 src=stereo u=304.0 v=268.0 depth=1.5007 depth2=-1.0000 track=1 sf=10 flag=ok
[T2depth] t=46.7280 id=4897 src=stereo u=370.0 v=255.0 depth=1.6281 depth2=-1.0000 track=1 sf=10 flag=ok
[T2gate] t=46.7280 tri=261 rej=0 xrej=0 init_replace=12 gate=0
[T2slv] t=46.7280 phase=1 init_cost=1286.09 final_cost=444.325 iters=9 term=1 slv_ms=7.9
[T2diag] t=46.7280 P=[0.2727 0.2013 -0.7529] V=[-0.2185 0.4386 -1.6833] |Bas|=0.365153 |Bgs|=0.7547934 Bas=[-0.189026 0.233321 -0.207767] Bgs=[0.0874624 0.7333402 0.1558061] tic0=[0.1200 0.0500 -0.0200] tic1=[0.1200 -0.0500 -0.0200] td=0.00000 track=52
[E2uls] flag=1 sh_t=46.792 new_t=46.792 dP=[0.0651 0.2229 0.2497] |dP|=0.3410 first_dt=-1.0000
time: 46.728000, t: 0.272695 0.201342 -0.752944 q: 0.990350 0.034409 -0.133561 -0.013561 
[T2depth] t=46.8240 id=80 src=motion2 u=381.4 v=408.5 depth=3.5371 depth2=-1.0000 track=2 sf=9 flag=ok
[T2xcross] t=46.8240 id=2053 est=2.8619 svd=2.5432 rel=0.1114 track=2 sf=9
[T2depth] t=46.8240 id=3269 src=motion2 u=510.8 v=293.2 depth=5.0000 depth2=-1.0000 track=2 sf=9 flag=init_neg
[T2depth] t=46.8240 id=4487 src=motion2 u=130.5 v=166.6 depth=2.3112 depth2=-1.0000 track=2 sf=9 flag=ok
[T2depth] t=46.8240 id=4817 src=motion2 u=65.8 v=398.6 depth=5.0000 depth2=-1.0000 track=2 sf=9 flag=init_neg
[T2depth] t=46.8240 id=4822 src=motion2 u=410.7 v=269.7 depth=27.6740 depth2=-1.0000 track=2 sf=9 flag=ok
[T2depth] t=46.8240 id=4824 src=motion2 u=538.5 v=310.8 depth=5.0000 depth2=-1.0000 track=2 sf=9 flag=init_neg
[T2xcross] t=46.8240 id=4826 est=1.3325 svd=25.6053 rel=0.9480 track=2 sf=9
[T2depth] t=46.8240 id=4828 src=motion2 u=215.4 v=353.7 depth=5.0000 depth2=-1.0000 track=2 sf=9 flag=init_neg
[T2xcross] t=46.8240 id=4833 est=1.2576 svd=16.3457 rel=0.9231 track=2 sf=9
[T2depth] t=46.8240 id=4835 src=motion2 u=13.8 v=309.9 depth=92.9081 depth2=-1.0000 track=2 sf=9 flag=ok
[T2xcross] t=46.8240 id=4836 est=2.6206 svd=2.6056 rel=0.0058 track=2 sf=9
[T2xcross] t=46.8240 id=4838 est=1.4246 svd=8.1582 rel=0.8254 track=2 sf=9
[T2xcross] t=46.8240 id=4842 est=22.8035 svd=1.6094 rel=0.9294 track=2 sf=9
[T2depth] t=46.8240 id=4845 src=motion2 u=318.0 v=412.0 depth=6.0378 depth2=-1.0000 track=2 sf=9 flag=ok
[T2depth] t=46.8240 id=4847 src=motion2 u=275.0 v=421.0 depth=3.4568 depth2=-1.0000 track=2 sf=9 flag=ok
[T2depth] t=46.8240 id=4848 src=motion2 u=472.0 v=432.0 depth=4.0418 depth2=-1.0000 track=2 sf=9 flag=ok
[T2depth] t=46.8240 id=4856 src=motion2 u=407.0 v=310.0 depth=5.0000 depth2=-1.0000 track=2 sf=9 flag=init_neg
[T2depth] t=46.8240 id=4861 src=motion2 u=515.0 v=442.0 depth=12.1517 depth2=-1.0000 track=2 sf=9 flag=ok
[T2depth] t=46.8240 id=4864 src=motion2 u=200.0 v=392.0 depth=5.0000 depth2=-1.0000 track=2 sf=9 flag=init_neg
[T2depth] t=46.8240 id=4865 src=motion2 u=149.0 v=364.0 depth=5.0000 depth2=-1.0000 track=2 sf=9 flag=init_neg
[T2depth] t=46.8240 id=4867 src=motion2 u=96.0 v=389.0 depth=5.0000 depth2=-1.0000 track=2 sf=9 flag=init_neg
[T2depth] t=46.8240 id=4868 src=motion2 u=264.0 v=326.0 depth=5.0000 depth2=-1.0000 track=2 sf=9 flag=init_neg
[T2depth] t=46.8240 id=4869 src=motion2 u=231.0 v=319.0 depth=5.0000 depth2=-1.0000 track=2 sf=9 flag=init_neg
[T2depth] t=46.8240 id=4870 src=motion2 u=195.0 v=318.0 depth=5.0000 depth2=-1.0000 track=2 sf=9 flag=init_neg
[T2depth] t=46.8240 id=4873 src=motion2 u=437.0 v=320.0 depth=5.0000 depth2=-1.0000 track=2 sf=9 flag=init_neg
[T2depth] t=46.8240 id=4875 src=motion2 u=337.0 v=326.0 depth=5.0000 depth2=-1.0000 track=2 sf=9 flag=init_neg
[T2xcross] t=46.8240 id=4880 est=3.2290 svd=2.0742 rel=0.3576 track=2 sf=9
[T2xcross] t=46.8240 id=4883 est=8.2728 svd=1.7520 rel=0.7882 track=2 sf=9
[T2depth] t=46.8240 id=4891 src=motion2 u=476.0 v=268.0 depth=34.6901 depth2=-1.0000 track=2 sf=9 flag=ok
[T2xcross] t=46.8240 id=4892 est=1.4127 svd=28.1588 rel=0.9498 track=2 sf=9
[T2xcross] t=46.8240 id=4896 est=1.5007 svd=10.1049 rel=0.8515 track=2 sf=9
[T2xcross] t=46.8240 id=4897 est=1.6281 svd=6.7787 rel=0.7598 track=2 sf=9
[T2depth] t=46.8240 id=4559 src=stereo u=456.1 v=107.3 depth=3.5905 depth2=-1.0000 track=1 sf=10 flag=ok
[T2depth] t=46.8240 id=4603 src=stereo u=448.3 v=37.7 depth=3.5989 depth2=-1.0000 track=1 sf=10 flag=ok
[T2depth] t=46.8240 id=4918 src=stereo u=452.1 v=72.3 depth=3.5997 depth2=-1.0000 track=1 sf=10 flag=ok
[T2depth] t=46.8240 id=4923 src=stereo u=603.9 v=243.4 depth=1.4249 depth2=-1.0000 track=1 sf=10 flag=ok
[T2depth] t=46.8240 id=4929 src=stereo u=597.0 v=422.0 depth=5.0000 depth2=-1.0000 track=1 sf=10 flag=init_neg
[T2depth] t=46.8240 id=4932 src=stereo u=589.0 v=465.0 depth=5.0000 depth2=-1.0000 track=1 sf=10 flag=init_neg
[T2depth] t=46.8240 id=4947 src=stereo u=316.0 v=311.0 depth=1.1394 depth2=-1.0000 track=1 sf=10 flag=ok
[T2depth] t=46.8240 id=4951 src=stereo u=262.0 v=327.0 depth=5.8547 depth2=-1.0000 track=1 sf=10 flag=ok
[T2depth] t=46.8240 id=4957 src=stereo u=459.0 v=138.0 depth=3.6929 depth2=-1.0000 track=1 sf=10 flag=ok
[T2depth] t=46.8240 id=4959 src=stereo u=228.0 v=319.0 depth=1.1928 depth2=-1.0000 track=1 sf=10 flag=ok
[T2depth] t=46.8240 id=4960 src=stereo u=122.0 v=229.0 depth=8.3393 depth2=-1.0000 track=1 sf=10 flag=ok
[T2depth] t=46.8240 id=4963 src=stereo u=439.0 v=289.0 depth=1.1730 depth2=-1.0000 track=1 sf=10 flag=ok
[T2depth] t=46.8240 id=4964 src=stereo u=356.0 v=194.0 depth=8.3188 depth2=-1.0000 track=1 sf=10 flag=ok
[T2depth] t=46.8240 id=4965 src=stereo u=70.0 v=340.0 depth=1.2081 depth2=-1.0000 track=1 sf=10 flag=ok
[T2depth] t=46.8240 id=4966 src=stereo u=535.0 v=240.0 depth=1.6431 depth2=-1.0000 track=1 sf=10 flag=ok
[T2depth] t=46.8240 id=4967 src=stereo u=431.0 v=183.0 depth=8.0097 depth2=-1.0000 track=1 sf=10 flag=ok
[T2depth] t=46.8240 id=4968 src=stereo u=47.0 v=240.0 depth=8.6578 depth2=-1.0000 track=1 sf=10 flag=ok
[T2depth] t=46.8240 id=4969 src=stereo u=314.0 v=201.0 depth=7.3100 depth2=-1.0000 track=1 sf=10 flag=ok
[T2depth] t=46.8240 id=4970 src=stereo u=215.0 v=215.0 depth=3.8612 depth2=-1.0000 track=1 sf=10 flag=ok
[T2depth] t=46.8240 id=4971 src=stereo u=99.0 v=301.0 depth=1.6820 depth2=-1.0000 track=1 sf=10 flag=ok
[T2depth] t=46.8240 id=4973 src=stereo u=401.0 v=188.0 depth=7.9582 depth2=-1.0000 track=1 sf=10 flag=ok
[T2depth] t=46.8240 id=4974 src=stereo u=346.0 v=287.0 depth=1.3422 depth2=-1.0000 track=1 sf=10 flag=ok
[T2depth] t=46.8240 id=4975 src=stereo u=444.0 v=1.0 depth=3.6007 depth2=-1.0000 track=1 sf=10 flag=ok
[T2depth] t=46.8240 id=4976 src=stereo u=233.0 v=285.0 depth=1.6351 depth2=-1.0000 track=1 sf=10 flag=ok
[T2depth] t=46.8240 id=4977 src=stereo u=407.0 v=252.0 depth=1.7388 depth2=-1.0000 track=1 sf=10 flag=ok
[T2depth] t=46.8240 id=4978 src=stereo u=283.0 v=209.0 depth=7.1944 depth2=-1.0000 track=1 sf=10 flag=ok
[T2depth] t=46.8240 id=4979 src=stereo u=115.0 v=275.0 depth=2.3995 depth2=-1.0000 track=1 sf=10 flag=ok
[T2depth] t=46.8240 id=4981 src=stereo u=163.0 v=292.0 depth=1.6598 depth2=-1.0000 track=1 sf=10 flag=ok
[T2depth] t=46.8240 id=4982 src=stereo u=287.0 v=251.0 depth=2.2724 depth2=-1.0000 track=1 sf=10 flag=ok
[T2depth] t=46.8240 id=4983 src=stereo u=154.0 v=233.0 depth=3.9136 depth2=-1.0000 track=1 sf=10 flag=ok
[T2depth] t=46.8240 id=4984 src=stereo u=59.0 v=285.0 depth=2.2263 depth2=-1.0000 track=1 sf=10 flag=ok
[T2gate] t=46.8240 tri=289 rej=0 xrej=0 init_replace=15 gate=0
[T2slv] t=46.8240 phase=1 init_cost=1481.72 final_cost=447.397 iters=9 term=1 slv_ms=8.9
[T2diag] t=46.8240 P=[0.6166 0.1434 -0.8444] V=[0.2567 0.2900 -1.3487] |Bas|=0.300041 |Bgs|=0.7576674 Bas=[-0.276137 0.091723 0.073212] Bgs=[0.1022675 0.7299609 0.1753806] tic0=[0.1200 0.0500 -0.0200] tic1=[0.1200 -0.0500 -0.0200] td=0.00000 track=58
[E2uls] flag=1 sh_t=46.876 new_t=46.876 dP=[-0.4713 0.1064 -0.1186] |dP|=0.4975 first_dt=-1.0000
time: 46.824000, t: 0.616555 0.143373 -0.844430 q: 0.988470 0.031176 -0.147355 -0.015538 
[T2xcross] t=46.9560 id=566 est=96.5272 svd=0.0129 rel=0.9999 track=2 sf=0
[T2xcross] t=46.9560 id=4559 est=3.5905 svd=1.2249 rel=0.6589 track=2 sf=9
[T2depth] t=46.9560 id=4579 src=motion2 u=71.3 v=412.8 depth=5.0000 depth2=-1.0000 track=2 sf=9 flag=init_neg
[T2depth] t=46.9560 id=4613 src=motion2 u=278.8 v=387.4 depth=5.0000 depth2=-1.0000 track=2 sf=9 flag=init_neg
[T2depth] t=46.9560 id=4617 src=motion2 u=568.8 v=321.6 depth=5.0000 depth2=-1.0000 track=2 sf=9 flag=init_neg
[T2depth] t=46.9560 id=4909 src=motion2 u=476.2 v=342.4 depth=5.0000 depth2=-1.0000 track=2 sf=9 flag=init_neg
[T2depth] t=46.9560 id=4921 src=motion2 u=364.9 v=356.4 depth=5.0000 depth2=-1.0000 track=2 sf=9 flag=init_neg
[T2depth] t=46.9560 id=4922 src=motion2 u=2.6 v=304.0 depth=9.1933 depth2=-1.0000 track=2 sf=9 flag=ok
[T2depth] t=46.9560 id=4943 src=motion2 u=589.0 v=360.0 depth=5.0000 depth2=-1.0000 track=2 sf=9 flag=init_neg
[T2depth] t=46.9560 id=4944 src=motion2 u=114.0 v=381.0 depth=5.0000 depth2=-1.0000 track=2 sf=9 flag=init_neg
[T2depth] t=46.9560 id=4945 src=motion2 u=348.0 v=395.0 depth=5.0000 depth2=-1.0000 track=2 sf=9 flag=init_neg
[T2depth] t=46.9560 id=4952 src=motion2 u=244.0 v=403.0 depth=5.0000 depth2=-1.0000 track=2 sf=9 flag=init_neg
[T2depth] t=46.9560 id=4954 src=motion2 u=302.0 v=352.0 depth=5.0000 depth2=-1.0000 track=2 sf=9 flag=init_neg
[T2depth] t=46.9560 id=4955 src=motion2 u=306.0 v=401.0 depth=5.0000 depth2=-1.0000 track=2 sf=9 flag=init_neg
[T2depth] t=46.9560 id=4956 src=motion2 u=633.0 v=293.0 depth=5.0000 depth2=-1.0000 track=2 sf=9 flag=init_neg
[T2depth] t=46.9560 id=4962 src=motion2 u=77.0 v=236.0 depth=1.4122 depth2=-1.0000 track=2 sf=9 flag=ok
[T2xcross] t=46.9560 id=4966 est=1.6431 svd=3.0351 rel=0.4586 track=2 sf=9
[T2xcross] t=46.9560 id=4968 est=8.6578 svd=1.5887 rel=0.8165 track=2 sf=9
[T2xcross] t=46.9560 id=4977 est=1.7388 svd=12.1180 rel=0.8565 track=2 sf=9
[T2xcross] t=46.9560 id=4978 est=7.1944 svd=1.3937 rel=0.8063 track=2 sf=9
[T2xcross] t=46.9560 id=4979 est=2.3995 svd=4.5903 rel=0.4773 track=2 sf=9
[T2depth] t=46.9560 id=0 src=stereo u=461.7 v=119.9 depth=3.6136 depth2=-1.0000 track=1 sf=10 flag=ok
[T2depth] t=46.9560 id=4666 src=stereo u=91.9 v=467.3 depth=0.7660 depth2=-1.0000 track=1 sf=10 flag=ok
[T2depth] t=46.9560 id=4667 src=stereo u=349.5 v=337.6 depth=1.0235 depth2=-1.0000 track=1 sf=10 flag=ok
[T2depth] t=46.9560 id=4670 src=stereo u=123.8 v=390.0 depth=0.9980 depth2=-1.0000 track=1 sf=10 flag=ok
[T2depth] t=46.9560 id=4986 src=stereo u=354.4 v=478.4 depth=1.5051 depth2=-1.0000 track=1 sf=10 flag=ok
[T2depth] t=46.9560 id=4993 src=stereo u=68.9 v=431.3 depth=0.8873 depth2=-1.0000 track=1 sf=10 flag=ok
[T2depth] t=46.9560 id=5004 src=stereo u=366.5 v=292.1 depth=1.2708 depth2=-1.0000 track=1 sf=10 flag=ok
[T2depth] t=46.9560 id=5006 src=stereo u=335.3 v=288.4 depth=1.3468 depth2=-1.0000 track=1 sf=10 flag=ok
[T2depth] t=46.9560 id=5011 src=stereo u=133.2 v=354.7 depth=1.1455 depth2=-1.0000 track=1 sf=10 flag=ok
[T2depth] t=46.9560 id=5012 src=stereo u=456.4 v=279.3 depth=1.2439 depth2=-1.0000 track=1 sf=10 flag=ok
[T2depth] t=46.9560 id=5013 src=stereo u=88.9 v=338.3 depth=1.3427 depth2=-1.0000 track=1 sf=10 flag=ok
[T2depth] t=46.9560 id=5016 src=stereo u=259.3 v=258.7 depth=1.8276 depth2=-1.0000 track=1 sf=10 flag=ok
[T2depth] t=46.9560 id=5021 src=stereo u=528.5 v=259.7 depth=1.2708 depth2=-1.0000 track=1 sf=10 flag=ok
[T2depth] t=46.9560 id=5022 src=stereo u=321.6 v=248.8 depth=1.8103 depth2=-1.0000 track=1 sf=10 flag=ok
[T2depth] t=46.9560 id=5023 src=stereo u=164.5 v=273.9 depth=1.9096 depth2=-1.0000 track=1 sf=10 flag=ok
[T2depth] t=46.9560 id=5024 src=stereo u=459.0 v=81.7 depth=3.5760 depth2=-1.0000 track=1 sf=10 flag=ok
[T2depth] t=46.9560 id=5025 src=stereo u=601.4 v=276.8 depth=1.0883 depth2=-1.0000 track=1 sf=10 flag=ok
[T2depth] t=46.9560 id=5027 src=stereo u=123.4 v=185.0 depth=8.5715 depth2=-1.0000 track=1 sf=10 flag=ok
[T2depth] t=46.9560 id=5028 src=stereo u=566.9 v=228.9 depth=1.4419 depth2=-1.0000 track=1 sf=10 flag=ok
[T2depth] t=46.9560 id=5030 src=stereo u=624.8 v=188.4 depth=1.7891 depth2=-1.0000 track=1 sf=10 flag=ok
[T2depth] t=46.9560 id=5032 src=stereo u=582.4 v=191.9 depth=1.8469 depth2=-1.0000 track=1 sf=10 flag=ok
[T2depth] t=46.9560 id=5033 src=stereo u=362.8 v=139.0 depth=8.2198 depth2=-1.0000 track=1 sf=10 flag=ok
[T2depth] t=46.9560 id=5034 src=stereo u=197.1 v=256.5 depth=2.0476 depth2=-1.0000 track=1 sf=10 flag=ok
[T2depth] t=46.9560 id=5035 src=stereo u=408.6 v=189.7 depth=2.6488 depth2=-1.0000 track=1 sf=10 flag=ok
[T2depth] t=46.9560 id=5036 src=stereo u=282.0 v=227.1 depth=2.2501 depth2=-1.0000 track=1 sf=10 flag=ok
[T2depth] t=46.9560 id=5037 src=stereo u=472.7 v=185.2 depth=2.4260 depth2=-1.0000 track=1 sf=10 flag=ok
[T2depth] t=46.9560 id=5038 src=stereo u=345.0 v=211.0 depth=2.4410 depth2=-1.0000 track=1 sf=10 flag=ok
[T2depth] t=46.9560 id=5040 src=stereo u=134.3 v=284.1 depth=1.8296 depth2=-1.0000 track=1 sf=10 flag=ok
[T2depth] t=46.9560 id=5041 src=stereo u=310.3 v=211.6 depth=2.5870 depth2=-1.0000 track=1 sf=10 flag=ok
[T2depth] t=46.9560 id=5042 src=stereo u=439.5 v=190.9 depth=2.4483 depth2=-1.0000 track=1 sf=10 flag=ok
[T2depth] t=46.9560 id=5046 src=stereo u=125.0 v=457.0 depth=0.7730 depth2=-1.0000 track=1 sf=10 flag=ok
[T2depth] t=46.9560 id=5051 src=stereo u=383.0 v=327.0 depth=1.0571 depth2=-1.0000 track=1 sf=10 flag=ok
[T2depth] t=46.9560 id=5055 src=stereo u=636.0 v=282.0 depth=1.0306 depth2=-1.0000 track=1 sf=10 flag=ok
[T2depth] t=46.9560 id=5056 src=stereo u=553.0 v=321.0 depth=0.9344 depth2=-1.0000 track=1 sf=10 flag=ok
[T2depth] t=46.9560 id=5057 src=stereo u=522.0 v=328.0 depth=0.9332 depth2=-1.0000 track=1 sf=10 flag=ok
[T2depth] t=46.9560 id=5062 src=stereo u=634.0 v=245.0 depth=1.2409 depth2=-1.0000 track=1 sf=10 flag=ok
[T2depth] t=46.9560 id=5066 src=stereo u=413.0 v=318.0 depth=1.0573 depth2=-1.0000 track=1 sf=10 flag=ok
[T2depth] t=46.9560 id=5067 src=stereo u=492.0 v=283.0 depth=1.1596 depth2=-1.0000 track=1 sf=10 flag=ok
[T2depth] t=46.9560 id=5071 src=stereo u=514.0 v=228.0 depth=1.5568 depth2=-1.0000 track=1 sf=10 flag=ok
[T2depth] t=46.9560 id=5073 src=stereo u=221.0 v=299.0 depth=1.4456 depth2=-1.0000 track=1 sf=10 flag=ok
[T2depth] t=46.9560 id=5075 src=stereo u=84.0 v=273.0 depth=2.0994 depth2=-1.0000 track=1 sf=10 flag=ok
[T2depth] t=46.9560 id=5077 src=stereo u=217.0 v=168.0 depth=8.2526 depth2=-1.0000 track=1 sf=10 flag=ok
[T2depth] t=46.9560 id=5078 src=stereo u=468.0 v=155.0 depth=3.6161 depth2=-1.0000 track=1 sf=10 flag=ok
[T2depth] t=46.9560 id=5079 src=stereo u=452.0 v=19.0 depth=3.3296 depth2=-1.0000 track=1 sf=10 flag=ok
[T2depth] t=46.9560 id=5080 src=stereo u=54.0 v=281.0 depth=2.0760 depth2=-1.0000 track=1 sf=10 flag=ok
[T2depth] t=46.9560 id=5081 src=stereo u=489.0 v=211.0 depth=1.8525 depth2=-1.0000 track=1 sf=10 flag=ok
[T2depth] t=46.9560 id=5082 src=stereo u=162.0 v=177.0 depth=7.9469 depth2=-1.0000 track=1 sf=10 flag=ok
[T2depth] t=46.9560 id=5083 src=stereo u=227.0 v=250.0 depth=2.0179 depth2=-1.0000 track=1 sf=10 flag=ok
[T2depth] t=46.9560 id=5084 src=stereo u=414.0 v=129.0 depth=8.2176 depth2=-1.0000 track=1 sf=10 flag=ok
[T2depth] t=46.9560 id=5085 src=stereo u=328.0 v=146.0 depth=8.1849 depth2=-1.0000 track=1 sf=10 flag=ok
[T2depth] t=46.9560 id=5086 src=stereo u=82.0 v=303.0 depth=1.6872 depth2=-1.0000 track=1 sf=10 flag=ok
[T2depth] t=46.9560 id=5088 src=stereo u=200.0 v=221.0 depth=2.9058 depth2=-1.0000 track=1 sf=10 flag=ok
[T2gate] t=46.9560 tri=323 rej=0 xrej=0 init_replace=12 gate=0
[T2slv] t=46.9560 phase=1 init_cost=2025.9 final_cost=707.997 iters=9 term=1 slv_ms=7.3
[T2diag] t=46.9560 P=[0.4787 0.0915 -0.4688] V=[-0.7292 0.1300 0.0872] |Bas|=0.375927 |Bgs|=0.8425891 Bas=[-0.260132 -0.070120 -0.262175] Bgs=[0.1392641 0.7978756 0.2322851] tic0=[0.1200 0.0500 -0.0200] tic1=[0.1200 -0.0500 -0.0200] td=0.00000 track=60
[33m[WARN] [1790883554.133024387, 47.024000000]: cost gate: streak=5 over 10.0x short-window median, reboot[0m
[T2fail] t=46.9560 P=[0.4787 0.09146 -0.4688] V=[-0.7292 0.13 0.08725] |Bas|=0.3759 |Bgs|=0.8426 tic0=[0.1200 0.0500 -0.0200] td=0.00000 track=60
[33m[WARN] [1790883554.133055693, 47.024000000]: failure detection![0m
