[0m[INFO] [1790881433.240386855]: init begins[0m
vins stack guard: RLIMIT_STACK soft -> 512 MB
config_file: /home/uav/catkin_ws/src/VINS-Fusion/config/sim_stereo_t2gates/sim_stereo_imu_config.yaml
USE_IMU: 1
IMU_TOPIC: /mavros/imu/data_raw
T2_DEPTH_GATE: 0 min=0.150 max=30.000 xcheck_tol=0.30
T2 knobs: loss=0 cauchy=4.00 rejectF=0 chi2=0(m=5.0 conf=0.95) prior=0(cost=5000 dbas=0.050 share=0.50 cd=5 strat=1) cost_trace=0
REANCHOR_SMOOTH: 1 frames: 15
result path /home/uav/vins_output//vio.csv
[33m[WARN] [1790881433.244067963]:  fix extrinsic param [0m
camera number 2
[0m[INFO] [1790881433.244627536]: Synchronized sensors, fix time offset: 0[0m
[0m[INFO] [1790881433.244637126]: ROW: 480 COL: 640 [0m
 exitrinsic cam 0
 0  0  1
-1  0  0
 0 -1  0
 0.12  0.05 -0.02
 exitrinsic cam 1
 0  0  1
-1  0  0
 0 -1  0
 0.12 -0.05 -0.02
set g    0    0 9.81
[33m[WARN] [1790881433.245317722]: waiting for image and imu...[0m
[0m[INFO] [1790881433.244698130]: reading paramerter of camera /home/uav/catkin_ws/src/VINS-Fusion/config/sim_stereo_t2gates/left.yaml[0m
[0m[INFO] [1790881433.245156317]: reading paramerter of camera /home/uav/catkin_ws/src/VINS-Fusion/config/sim_stereo_t2gates/right.yaml[0m
MULTIPLE_THREAD is 1
init first imu pose
averge acc -0.017323 -0.040104 9.832448
init R0 
    0.999998 -7.18571e-06   0.00176176
           0     0.999992   0.00407866
 -0.00176178  -0.00407866      0.99999
[31m[ERROR] [1790881433.600909162, 9.200000000]: dt clamp: dt=10.06 imu_t=9.0640 prev=-1.0000 (domain split or IMU disorder?)[0m
[T2depth] t=9.1480 id=0 src=stereo u=445.0 v=241.0 depth=3.8986 depth2=-1.0000 track=1 sf=0 flag=ok
[T2depth] t=9.1480 id=12 src=stereo u=447.0 v=34.0 depth=3.9191 depth2=-1.0000 track=1 sf=0 flag=ok
[T2depth] t=9.1480 id=100 src=stereo u=381.0 v=277.0 depth=5.0000 depth2=-1.0000 track=1 sf=0 flag=init_neg
[T2depth] t=9.1480 id=109 src=stereo u=507.0 v=52.0 depth=3.5618 depth2=-1.0000 track=1 sf=0 flag=ok
[T2depth] t=9.1480 id=122 src=stereo u=437.0 v=79.0 depth=3.8743 depth2=-1.0000 track=1 sf=0 flag=ok
[T2depth] t=9.1480 id=128 src=stereo u=462.0 v=112.0 depth=3.9948 depth2=-1.0000 track=1 sf=0 flag=ok
[T2depth] t=9.1480 id=131 src=stereo u=117.0 v=57.0 depth=41.4958 depth2=-1.0000 track=1 sf=0 flag=ok
[T2depth] t=9.1480 id=138 src=stereo u=488.0 v=207.0 depth=4.1044 depth2=-1.0000 track=1 sf=0 flag=ok
[T2depth] t=9.1480 id=139 src=stereo u=414.0 v=222.0 depth=4.4237 depth2=-1.0000 track=1 sf=0 flag=ok
[T2depth] t=9.1480 id=141 src=stereo u=379.0 v=164.0 depth=4.0111 depth2=-1.0000 track=1 sf=0 flag=ok
[T2depth] t=9.1480 id=146 src=stereo u=474.0 v=156.0 depth=3.5159 depth2=-1.0000 track=1 sf=0 flag=ok
[T2depth] t=9.1480 id=147 src=stereo u=249.0 v=183.0 depth=5.0000 depth2=-1.0000 track=1 sf=0 flag=init_neg
[T2gate] t=9.1480 tri=150 rej=0 xrej=0 init_replace=2 gate=0
[T2xcross] t=9.2480 id=0 est=3.8986 svd=4.7333 rel=0.1763 track=2 sf=0
[T2depth] t=9.2480 id=1 src=motion2 u=192.0 v=340.0 depth=6.2530 depth2=-1.0000 track=2 sf=0 flag=ok
[T2depth] t=9.2480 id=2 src=motion2 u=224.0 v=347.0 depth=6.5851 depth2=-1.0000 track=2 sf=0 flag=ok
[T2depth] t=9.2480 id=3 src=motion2 u=617.0 v=372.0 depth=4.3037 depth2=-1.0000 track=2 sf=0 flag=ok
[T2depth] t=9.2480 id=4 src=motion2 u=385.8 v=387.0 depth=7.3407 depth2=-1.0000 track=2 sf=0 flag=ok
[T2depth] t=9.2480 id=5 src=motion2 u=263.9 v=362.0 depth=7.0599 depth2=-1.0000 track=2 sf=0 flag=ok
[T2depth] t=9.2480 id=6 src=motion2 u=4.0 v=374.0 depth=4.5761 depth2=-1.0000 track=2 sf=0 flag=ok
[T2depth] t=9.2480 id=7 src=motion2 u=317.0 v=357.0 depth=7.0424 depth2=-1.0000 track=2 sf=0 flag=ok
[T2depth] t=9.2480 id=8 src=motion2 u=158.0 v=342.0 depth=6.0379 depth2=-1.0000 track=2 sf=0 flag=ok
[T2depth] t=9.2480 id=9 src=motion2 u=117.0 v=360.0 depth=5.8246 depth2=-1.0000 track=2 sf=0 flag=ok
[T2depth] t=9.2480 id=10 src=motion2 u=352.1 v=346.0 depth=6.5782 depth2=-1.0000 track=2 sf=0 flag=ok
[T2depth] t=9.2480 id=11 src=motion2 u=398.9 v=342.0 depth=6.3622 depth2=-1.0000 track=2 sf=0 flag=ok
[T2xcross] t=9.2480 id=12 est=3.9191 svd=3.3617 rel=0.1422 track=2 sf=0
[T2depth] t=9.2480 id=13 src=motion2 u=540.3 v=375.1 depth=5.2635 depth2=-1.0000 track=2 sf=0 flag=ok
[T2depth] t=9.2480 id=14 src=motion2 u=88.1 v=386.0 depth=5.8073 depth2=-1.0000 track=2 sf=0 flag=ok
[T2depth] t=9.2480 id=15 src=motion2 u=203.0 v=388.0 depth=7.2300 depth2=-1.0000 track=2 sf=0 flag=ok
[T2depth] t=9.2480 id=16 src=motion2 u=292.0 v=374.0 depth=7.4149 depth2=-1.0000 track=2 sf=0 flag=ok
[T2depth] t=9.2480 id=17 src=motion2 u=50.8 v=411.1 depth=5.5840 depth2=-1.0000 track=2 sf=0 flag=ok
[T2depth] t=9.2480 id=18 src=motion2 u=142.0 v=394.0 depth=6.7507 depth2=-1.0000 track=2 sf=0 flag=ok
[T2depth] t=9.2480 id=19 src=motion2 u=455.8 v=349.0 depth=5.8637 depth2=-1.0000 track=2 sf=0 flag=ok
[T2depth] t=9.2480 id=20 src=motion2 u=44.0 v=348.0 depth=4.8176 depth2=-1.0000 track=2 sf=0 flag=ok
[T2depth] t=9.2480 id=21 src=motion2 u=580.1 v=365.0 depth=4.6311 depth2=-1.0000 track=2 sf=0 flag=ok
[T2depth] t=9.2480 id=22 src=motion2 u=465.0 v=4.0 depth=3.1793 depth2=-1.0000 track=2 sf=0 flag=ok
[T2depth] t=9.2480 id=23 src=motion2 u=505.2 v=361.0 depth=5.4864 depth2=-1.0000 track=2 sf=0 flag=ok
[T2depth] t=9.2480 id=24 src=motion2 u=567.9 v=409.0 depth=5.1789 depth2=-1.0000 track=2 sf=0 flag=ok
[T2depth] t=9.2480 id=25 src=motion2 u=454.9 v=383.0 depth=6.3750 depth2=-1.0000 track=2 sf=0 flag=ok
[T2depth] t=9.2480 id=27 src=motion2 u=268.4 v=403.1 depth=8.0574 depth2=-1.0000 track=2 sf=0 flag=ok
[T2depth] t=9.2480 id=28 src=motion2 u=6.0 v=342.0 depth=4.3608 depth2=-1.0000 track=2 sf=0 flag=ok
[T2depth] t=9.2480 id=29 src=motion2 u=200.5 v=449.9 depth=8.9156 depth2=-1.0000 track=2 sf=0 flag=ok
[T2depth] t=9.2480 id=30 src=motion2 u=637.2 v=346.0 depth=3.8992 depth2=-1.0000 track=2 sf=0 flag=ok
[T2depth] t=9.2480 id=31 src=motion2 u=522.9 v=323.0 depth=4.8408 depth2=-1.0000 track=2 sf=0 flag=ok
[T2depth] t=9.2480 id=32 src=motion2 u=433.9 v=406.9 depth=7.1302 depth2=-1.0000 track=2 sf=0 flag=ok
[T2depth] t=9.2480 id=33 src=motion2 u=326.1 v=411.9 depth=8.3008 depth2=-1.0000 track=2 sf=0 flag=ok
[T2depth] t=9.2480 id=34 src=motion2 u=89.1 v=320.0 depth=5.1390 depth2=-1.0000 track=2 sf=0 flag=ok
[T2depth] t=9.2480 id=35 src=motion2 u=225.4 v=468.0 depth=9.5787 depth2=-1.0000 track=2 sf=0 flag=ok
[T2depth] t=9.2480 id=36 src=motion2 u=482.6 v=394.1 depth=6.2407 depth2=-1.0000 track=2 sf=0 flag=ok
[T2depth] t=9.2480 id=37 src=motion2 u=262.9 v=450.0 depth=9.7002 depth2=-1.0000 track=2 sf=0 flag=ok
[T2depth] t=9.2480 id=38 src=motion2 u=120.1 v=420.0 depth=6.7993 depth2=-1.0000 track=2 sf=0 flag=ok
[T2depth] t=9.2480 id=39 src=motion2 u=614.4 v=451.2 depth=4.9582 depth2=-1.0000 track=2 sf=0 flag=ok
[T2depth] t=9.2480 id=40 src=motion2 u=619.0 v=320.0 depth=3.9423 depth2=-1.0000 track=2 sf=0 flag=ok
[T2depth] t=9.2480 id=41 src=motion2 u=236.9 v=378.0 depth=7.2603 depth2=-1.0000 track=2 sf=0 flag=ok
[T2depth] t=9.2480 id=42 src=motion2 u=312.9 v=310.0 depth=6.0849 depth2=-1.0000 track=2 sf=0 flag=ok
[T2depth] t=9.2480 id=43 src=motion2 u=71.0 v=435.0 depth=6.3976 depth2=-1.0000 track=2 sf=0 flag=ok
[T2depth] t=9.2480 id=44 src=motion2 u=610.1 v=410.0 depth=4.7118 depth2=-1.0000 track=2 sf=0 flag=ok
[T2depth] t=9.2480 id=45 src=motion2 u=350.0 v=390.0 depth=7.7407 depth2=-1.0000 track=2 sf=0 flag=ok
[T2depth] t=9.2480 id=46 src=motion2 u=163.5 v=463.4 depth=8.8630 depth2=-1.0000 track=2 sf=0 flag=ok
[T2depth] t=9.2480 id=47 src=motion2 u=73.9 v=353.0 depth=5.1937 depth2=-1.0000 track=2 sf=0 flag=ok
[T2depth] t=9.2480 id=48 src=motion2 u=461.3 v=294.0 depth=5.1955 depth2=-1.0000 track=2 sf=0 flag=ok
[T2depth] t=9.2480 id=49 src=motion2 u=59.9 v=310.0 depth=4.6412 depth2=-1.0000 track=2 sf=0 flag=ok
[T2depth] t=9.2480 id=50 src=motion2 u=526.1 v=411.0 depth=6.0114 depth2=-1.0000 track=2 sf=0 flag=ok
[T2depth] t=9.2480 id=51 src=motion2 u=12.2 v=422.9 depth=5.2774 depth2=-1.0000 track=2 sf=0 flag=ok
[T2depth] t=9.2480 id=52 src=motion2 u=40.5 v=454.9 depth=6.2689 depth2=-1.0000 track=2 sf=0 flag=ok
[T2depth] t=9.2480 id=53 src=motion2 u=511.1 v=438.2 depth=6.5615 depth2=-1.0000 track=2 sf=0 flag=ok
[T2depth] t=9.2480 id=54 src=motion2 u=211.0 v=316.0 depth=5.9780 depth2=-1.0000 track=2 sf=0 flag=ok
[T2depth] t=9.2480 id=55 src=motion2 u=287.5 v=334.0 depth=6.4921 depth2=-1.0000 track=2 sf=0 flag=ok
[T2depth] t=9.2480 id=56 src=motion2 u=385.4 v=432.9 depth=8.4704 depth2=-1.0000 track=2 sf=0 flag=ok
[T2depth] t=9.2480 id=57 src=motion2 u=381.0 v=316.0 depth=6.0769 depth2=-1.0000 track=2 sf=0 flag=ok
[T2depth] t=9.2480 id=58 src=motion2 u=225.3 v=430.0 depth=8.6932 depth2=-1.0000 track=2 sf=0 flag=ok
[T2depth] t=9.2480 id=59 src=motion2 u=580.2 v=453.8 depth=5.5575 depth2=-1.0000 track=2 sf=0 flag=ok
[T2depth] t=9.2480 id=60 src=motion2 u=143.9 v=313.0 depth=5.5517 depth2=-1.0000 track=2 sf=0 flag=ok
[T2depth] t=9.2480 id=61 src=motion2 u=192.0 v=418.1 depth=7.9335 depth2=-1.0000 track=2 sf=0 flag=ok
[T2depth] t=9.2480 id=62 src=motion2 u=256.0 v=317.0 depth=6.3945 depth2=-1.0000 track=2 sf=0 flag=ok
[T2depth] t=9.2480 id=63 src=motion2 u=567.2 v=307.0 depth=4.3971 depth2=-1.0000 track=2 sf=0 flag=ok
[T2depth] t=9.2480 id=64 src=motion2 u=120.0 v=286.0 depth=4.9499 depth2=-1.0000 track=2 sf=0 flag=ok
[T2depth] t=9.2480 id=65 src=motion2 u=88.6 v=463.1 depth=7.2916 depth2=-1.0000 track=2 sf=0 flag=ok
[T2depth] t=9.2480 id=66 src=motion2 u=477.7 v=474.8 depth=8.1964 depth2=-1.0000 track=2 sf=0 flag=ok
[T2depth] t=9.2480 id=67 src=motion2 u=174.1 v=307.0 depth=5.6669 depth2=-1.0000 track=2 sf=0 flag=ok
[T2depth] t=9.2480 id=68 src=motion2 u=353.8 v=291.0 depth=5.7841 depth2=-1.0000 track=2 sf=0 flag=ok
[T2depth] t=9.2480 id=69 src=motion2 u=273.8 v=290.0 depth=5.6554 depth2=-1.0000 track=2 sf=0 flag=ok
[T2depth] t=9.2480 id=70 src=motion2 u=484.5 v=323.0 depth=5.1478 depth2=-1.0000 track=2 sf=0 flag=ok
[T2depth] t=9.2480 id=71 src=motion2 u=395.9 v=463.5 depth=8.9770 depth2=-1.0000 track=2 sf=0 flag=ok
[T2depth] t=9.2480 id=72 src=motion2 u=538.5 v=472.0 depth=6.6347 depth2=-1.0000 track=2 sf=0 flag=ok
[T2depth] t=9.2480 id=73 src=motion2 u=444.8 v=435.9 depth=7.9372 depth2=-1.0000 track=2 sf=0 flag=ok
[T2depth] t=9.2480 id=74 src=motion2 u=550.7 v=335.0 depth=4.7682 depth2=-1.0000 track=2 sf=0 flag=ok
[T2depth] t=9.2480 id=75 src=motion2 u=120.4 v=456.0 depth=7.9529 depth2=-1.0000 track=2 sf=0 flag=ok
[T2depth] t=9.2480 id=76 src=motion2 u=434.0 v=324.0 depth=5.8371 depth2=-1.0000 track=2 sf=0 flag=ok
[T2depth] t=9.2480 id=77 src=motion2 u=41.9 v=380.0 depth=5.0934 depth2=-1.0000 track=2 sf=0 flag=ok
[T2depth] t=9.2480 id=78 src=motion2 u=176.2 v=371.0 depth=6.7380 depth2=-1.0000 track=2 sf=0 flag=ok
[T2depth] t=9.2480 id=79 src=motion2 u=350.5 v=444.2 depth=9.4480 depth2=-1.0000 track=2 sf=0 flag=ok
[T2depth] t=9.2480 id=80 src=motion2 u=151.6 v=429.0 depth=7.7075 depth2=-1.0000 track=2 sf=0 flag=ok
[T2depth] t=9.2480 id=81 src=motion2 u=18.0 v=292.0 depth=4.1640 depth2=-1.0000 track=2 sf=0 flag=ok
[T2depth] t=9.2480 id=82 src=motion2 u=633.4 v=293.1 depth=3.6257 depth2=-1.0000 track=2 sf=0 flag=ok
[T2depth] t=9.2480 id=83 src=motion2 u=417.8 v=381.0 depth=6.7882 depth2=-1.0000 track=2 sf=0 flag=ok
[T2depth] t=9.2480 id=84 src=motion2 u=408.7 v=289.0 depth=5.3719 depth2=-1.0000 track=2 sf=0 flag=ok
[T2depth] t=9.2480 id=85 src=motion2 u=305.2 v=435.7 depth=8.8841 depth2=-1.0000 track=2 sf=0 flag=ok
[T2depth] t=9.2480 id=86 src=motion2 u=521.0 v=292.0 depth=4.6442 depth2=-1.0000 track=2 sf=0 flag=ok
[T2depth] t=9.2480 id=87 src=motion2 u=87.9 v=290.0 depth=4.7298 depth2=-1.0000 track=2 sf=0 flag=ok
[T2depth] t=9.2480 id=88 src=motion2 u=281.6 v=475.5 depth=10.8894 depth2=-1.0000 track=2 sf=0 flag=ok
[T2depth] t=9.2480 id=89 src=motion2 u=434.9 v=467.3 depth=9.2440 depth2=-1.0000 track=2 sf=0 flag=ok
[T2depth] t=9.2480 id=91 src=motion2 u=283.8 v=242.0 depth=2.4169 depth2=-1.0000 track=2 sf=0 flag=ok
[T2depth] t=9.2480 id=92 src=motion2 u=551.0 v=436.0 depth=5.8044 depth2=-1.0000 track=2 sf=0 flag=ok
[T2depth] t=9.2480 id=93 src=motion2 u=638.0 v=425.0 depth=4.3664 depth2=-1.0000 track=2 sf=0 flag=ok
[T2depth] t=9.2480 id=94 src=motion2 u=598.0 v=298.0 depth=3.9191 depth2=-1.0000 track=2 sf=0 flag=ok
[T2depth] t=9.2480 id=95 src=motion2 u=10.0 v=459.0 depth=5.6277 depth2=-1.0000 track=2 sf=0 flag=ok
[T2depth] t=9.2480 id=96 src=motion2 u=588.0 v=331.0 depth=4.2487 depth2=-1.0000 track=2 sf=0 flag=ok
[T2depth] t=9.2480 id=97 src=motion2 u=631.0 v=478.0 depth=4.9942 depth2=-1.0000 track=2 sf=0 flag=ok
[T2depth] t=9.2480 id=98 src=motion2 u=51.0 v=281.0 depth=4.3825 depth2=-1.0000 track=2 sf=0 flag=ok
[T2depth] t=9.2480 id=99 src=motion2 u=302.0 v=279.0 depth=5.9775 depth2=-1.0000 track=2 sf=0 flag=ok
[T2xcross] t=9.2480 id=100 est=5.0000 svd=5.5796 rel=0.1039 track=2 sf=0
[T2depth] t=9.2480 id=101 src=motion2 u=326.0 v=463.0 depth=10.1783 depth2=-1.0000 track=2 sf=0 flag=ok
[T2depth] t=9.2480 id=103 src=motion2 u=393.0 v=245.0 depth=5.0491 depth2=-1.0000 track=2 sf=0 flag=ok
[T2depth] t=9.2480 id=104 src=motion2 u=201.0 v=244.0 depth=5.4594 depth2=-1.0000 track=2 sf=0 flag=ok
[T2depth] t=9.2480 id=105 src=motion2 u=254.0 v=266.0 depth=4.6225 depth2=-1.0000 track=2 sf=0 flag=ok
[T2depth] t=9.2480 id=106 src=motion2 u=560.0 v=254.0 depth=4.8791 depth2=-1.0000 track=2 sf=0 flag=ok
[T2depth] t=9.2480 id=107 src=motion2 u=62.0 v=477.0 depth=6.9254 depth2=-1.0000 track=2 sf=0 flag=ok
[T2depth] t=9.2480 id=108 src=motion2 u=198.0 v=288.0 depth=5.2718 depth2=-1.0000 track=2 sf=0 flag=ok
[T2depth] t=9.2480 id=110 src=motion2 u=112.0 v=244.0 depth=5.2725 depth2=-1.0000 track=2 sf=0 flag=ok
[T2depth] t=9.2480 id=111 src=motion2 u=601.0 v=174.0 depth=1.8438 depth2=-1.0000 track=2 sf=0 flag=ok
[T2depth] t=9.2480 id=112 src=motion2 u=480.0 v=427.0 depth=6.7922 depth2=-1.0000 track=2 sf=0 flag=ok
[T2depth] t=9.2480 id=113 src=motion2 u=39.0 v=244.0 depth=3.9363 depth2=-1.0000 track=2 sf=0 flag=ok
[T2depth] t=9.2480 id=114 src=motion2 u=166.0 v=264.0 depth=6.2831 depth2=-1.0000 track=2 sf=0 flag=ok
[T2depth] t=9.2480 id=119 src=motion2 u=270.0 v=40.0 depth=2.3266 depth2=-1.0000 track=2 sf=0 flag=ok
[T2depth] t=9.2480 id=120 src=motion2 u=624.0 v=76.0 depth=4.1755 depth2=-1.0000 track=2 sf=0 flag=ok
[T2depth] t=9.2480 id=123 src=motion2 u=163.0 v=192.0 depth=2.3806 depth2=-1.0000 track=2 sf=0 flag=ok
[T2depth] t=9.2480 id=124 src=motion2 u=475.0 v=255.0 depth=4.2233 depth2=-1.0000 track=2 sf=0 flag=ok
[T2depth] t=9.2480 id=125 src=motion2 u=600.0 v=478.0 depth=5.8028 depth2=-1.0000 track=2 sf=0 flag=ok
[T2depth] t=9.2480 id=126 src=motion2 u=302.0 v=115.0 depth=2.7960 depth2=-1.0000 track=2 sf=0 flag=ok
[T2depth] t=9.2480 id=127 src=motion2 u=351.0 v=259.0 depth=4.8348 depth2=-1.0000 track=2 sf=0 flag=ok
[T2xcross] t=9.2480 id=128 est=3.9948 svd=4.1768 rel=0.0436 track=2 sf=0
[T2depth] t=9.2480 id=130 src=motion2 u=228.0 v=287.0 depth=5.5384 depth2=-1.0000 track=2 sf=0 flag=ok
[T2depth] t=9.2480 id=134 src=motion2 u=230.0 v=66.0 depth=1.8312 depth2=-1.0000 track=2 sf=0 flag=ok
[T2depth] t=9.2480 id=135 src=motion2 u=610.0 v=250.0 depth=3.0152 depth2=-1.0000 track=2 sf=0 flag=ok
[T2xcross] t=9.2480 id=138 est=4.1044 svd=2.6656 rel=0.3506 track=2 sf=0
[T2xcross] t=9.2480 id=139 est=4.4237 svd=7.7812 rel=0.4315 track=2 sf=0
[T2depth] t=9.2480 id=140 src=motion2 u=381.0 v=54.0 depth=2.6626 depth2=-1.0000 track=2 sf=0 flag=ok
[T2depth] t=9.2480 id=143 src=motion2 u=146.0 v=44.0 depth=2.8466 depth2=-1.0000 track=2 sf=0 flag=ok
[T2depth] t=9.2480 id=144 src=motion2 u=48.0 v=170.0 depth=2.8135 depth2=-1.0000 track=2 sf=0 flag=ok
[T2xcross] t=9.2480 id=146 est=3.5159 svd=3.6376 rel=0.0335 track=2 sf=0
[T2xcross] t=9.2480 id=147 est=5.0000 svd=4.8115 rel=0.0377 track=2 sf=0
[T2depth] t=9.2480 id=152 src=stereo u=447.0 v=178.8 depth=3.8986 depth2=-1.0000 track=1 sf=1 flag=ok
[T2depth] t=9.2480 id=157 src=stereo u=374.3 v=197.8 depth=3.6916 depth2=-1.0000 track=1 sf=1 flag=ok
[T2depth] t=9.2480 id=171 src=stereo u=487.0 v=25.0 depth=3.8528 depth2=-1.0000 track=1 sf=1 flag=ok
[T2depth] t=9.2480 id=173 src=stereo u=582.0 v=105.0 depth=5.0000 depth2=-1.0000 track=1 sf=1 flag=init_neg
[T2depth] t=9.2480 id=174 src=stereo u=397.0 v=29.0 depth=3.6207 depth2=-1.0000 track=1 sf=1 flag=ok
[T2depth] t=9.2480 id=175 src=stereo u=84.0 v=18.0 depth=5.0000 depth2=-1.0000 track=1 sf=1 flag=init_neg
[T2gate] t=9.2480 tri=159 rej=0 xrej=0 init_replace=2 gate=0
[T2xcross] t=9.3480 id=152 est=3.8986 svd=3.9281 rel=0.0075 track=2 sf=1
[T2depth] t=9.3480 id=155 src=motion2 u=197.8 v=73.0 depth=4.3892 depth2=-1.0000 track=2 sf=1 flag=ok
[T2xcross] t=9.3480 id=157 est=3.6916 svd=1.5607 rel=0.5772 track=2 sf=1
[T2depth] t=9.3480 id=159 src=motion2 u=293.7 v=154.5 depth=2.9190 depth2=-1.0000 track=2 sf=1 flag=ok
[T2depth] t=9.3480 id=163 src=motion2 u=65.9 v=68.3 depth=2.3949 depth2=-1.0000 track=2 sf=1 flag=ok
[T2depth] t=9.3480 id=164 src=motion2 u=504.0 v=263.0 depth=4.0442 depth2=-1.0000 track=2 sf=1 flag=ok
[T2depth] t=9.3480 id=167 src=motion2 u=230.0 v=100.0 depth=1.3302 depth2=-1.0000 track=2 sf=1 flag=ok
[T2depth] t=9.3480 id=168 src=motion2 u=415.0 v=440.0 depth=8.2345 depth2=-1.0000 track=2 sf=1 flag=ok
[T2depth] t=9.3480 id=169 src=motion2 u=215.0 v=190.0 depth=4.0613 depth2=-1.0000 track=2 sf=1 flag=ok
[T2depth] t=9.3480 id=172 src=motion2 u=435.0 v=271.0 depth=5.0381 depth2=-1.0000 track=2 sf=1 flag=ok
[T2xcross] t=9.3480 id=174 est=3.6207 svd=1.5745 rel=0.5651 track=2 sf=1
[T2depth] t=9.3480 id=181 src=stereo u=123.0 v=120.3 depth=46.0261 depth2=-1.0000 track=1 sf=2 flag=ok
[T2gate] t=9.3480 tri=48 rej=0 xrej=0 init_replace=0 gate=0
[T2depth] t=9.4480 id=177 src=motion2 u=200.0 v=450.0 depth=8.8740 depth2=-1.0000 track=2 sf=2 flag=ok
[T2depth] t=9.4480 id=178 src=motion2 u=82.3 v=257.0 depth=4.7755 depth2=-1.0000 track=2 sf=2 flag=ok
[T2depth] t=9.4480 id=180 src=motion2 u=330.0 v=71.4 depth=2.0888 depth2=-1.0000 track=2 sf=2 flag=ok
[T2depth] t=9.4480 id=183 src=motion2 u=104.3 v=91.2 depth=1.8125 depth2=-1.0000 track=2 sf=2 flag=ok
[T2depth] t=9.4480 id=184 src=motion2 u=240.8 v=135.7 depth=1.2771 depth2=-1.0000 track=2 sf=2 flag=ok
[T2depth] t=9.4480 id=187 src=motion2 u=82.1 v=221.6 depth=1.8894 depth2=-1.0000 track=2 sf=2 flag=ok
[T2depth] t=9.4480 id=189 src=motion2 u=168.0 v=230.0 depth=5.0000 depth2=-1.0000 track=2 sf=2 flag=init_neg
[T2depth] t=9.4480 id=190 src=motion2 u=352.0 v=169.0 depth=5.0000 depth2=-1.0000 track=2 sf=2 flag=init_neg
[T2depth] t=9.4480 id=192 src=motion2 u=354.0 v=114.0 depth=5.0000 depth2=-1.0000 track=2 sf=2 flag=init_neg
[T2depth] t=9.4480 id=193 src=motion2 u=315.0 v=192.0 depth=5.0000 depth2=-1.0000 track=2 sf=2 flag=init_neg
[T2depth] t=9.4480 id=195 src=motion2 u=417.0 v=223.0 depth=0.8004 depth2=-1.0000 track=2 sf=2 flag=ok
[T2depth] t=9.4480 id=196 src=motion2 u=233.0 v=34.0 depth=1.3562 depth2=-1.0000 track=2 sf=2 flag=ok
[T2depth] t=9.4480 id=202 src=stereo u=422.4 v=55.3 depth=3.8595 depth2=-1.0000 track=1 sf=3 flag=ok
[T2depth] t=9.4480 id=203 src=stereo u=529.0 v=219.0 depth=3.7760 depth2=-1.0000 track=1 sf=3 flag=ok
[T2depth] t=9.4480 id=204 src=stereo u=405.0 v=100.0 depth=3.7138 depth2=-1.0000 track=1 sf=3 flag=ok
[T2depth] t=9.4480 id=206 src=stereo u=486.0 v=84.0 depth=3.9903 depth2=-1.0000 track=1 sf=3 flag=ok
[T2gate] t=9.4480 tri=49 rej=0 xrej=0 init_replace=4 gate=0
[T2depth] t=9.5480 id=197 src=motion2 u=507.9 v=471.0 depth=8.6070 depth2=-1.0000 track=2 sf=3 flag=ok
[T2depth] t=9.5480 id=201 src=motion2 u=573.5 v=56.8 depth=5.0000 depth2=-1.0000 track=2 sf=3 flag=init_neg
[T2depth] t=9.5480 id=205 src=motion2 u=371.0 v=223.0 depth=0.4345 depth2=-1.0000 track=2 sf=3 flag=ok
[T2depth] t=9.5480 id=207 src=motion2 u=550.0 v=138.0 depth=0.9449 depth2=-1.0000 track=2 sf=3 flag=ok
[T2depth] t=9.5480 id=208 src=motion2 u=580.0 v=209.0 depth=0.6688 depth2=-1.0000 track=2 sf=3 flag=ok
[T2depth] t=9.5480 id=210 src=stereo u=157.8 v=108.9 depth=36.3564 depth2=-1.0000 track=1 sf=4 flag=ok
[T2depth] t=9.5480 id=211 src=stereo u=406.8 v=166.4 depth=4.2736 depth2=-1.0000 track=1 sf=4 flag=ok
[T2depth] t=9.5480 id=214 src=stereo u=20.7 v=169.2 depth=24.3028 depth2=-1.0000 track=1 sf=4 flag=ok
[T2depth] t=9.5480 id=217 src=stereo u=455.0 v=70.0 depth=3.8975 depth2=-1.0000 track=1 sf=4 flag=ok
[T2depth] t=9.5480 id=218 src=stereo u=491.0 v=174.0 depth=4.6069 depth2=-1.0000 track=1 sf=4 flag=ok
[T2gate] t=9.5480 tri=45 rej=0 xrej=0 init_replace=1 gate=0
[T2xcross] t=9.6480 id=211 est=4.2736 svd=1.0196 rel=0.7614 track=2 sf=4
[T2xcross] t=9.6480 id=218 est=4.6069 svd=0.8285 rel=0.8202 track=2 sf=4
[T2depth] t=9.6480 id=221 src=motion2 u=609.0 v=196.0 depth=1.7789 depth2=-1.0000 track=2 sf=4 flag=ok
[T2depth] t=9.6480 id=222 src=motion2 u=254.0 v=225.0 depth=15.9147 depth2=-1.0000 track=2 sf=4 flag=ok
[T2depth] t=9.6480 id=226 src=stereo u=610.5 v=72.3 depth=5.0000 depth2=-1.0000 track=1 sf=5 flag=init_neg
[T2depth] t=9.6480 id=230 src=stereo u=495.2 v=12.5 depth=3.0300 depth2=-1.0000 track=1 sf=5 flag=ok
[T2depth] t=9.6480 id=232 src=stereo u=523.0 v=54.0 depth=3.3926 depth2=-1.0000 track=1 sf=5 flag=ok
[T2depth] t=9.6480 id=237 src=stereo u=295.0 v=190.0 depth=32.1055 depth2=-1.0000 track=1 sf=5 flag=ok
[T2gate] t=9.6480 tri=47 rej=0 xrej=0 init_replace=1 gate=0
[T2xcross] t=9.7480 id=0 est=3.8986 svd=4.8951 rel=0.2036 track=7 sf=0
[T2xcross] t=9.7480 id=12 est=3.9191 svd=3.4413 rel=0.1219 track=7 sf=0
[T2xcross] t=9.7480 id=100 est=5.0000 svd=5.7505 rel=0.1305 track=7 sf=0
[T2xcross] t=9.7480 id=128 est=3.9948 svd=2.8376 rel=0.2897 track=7 sf=0
[T2xcross] t=9.7480 id=138 est=4.1044 svd=2.9547 rel=0.2801 track=4 sf=0
[T2xcross] t=9.7480 id=139 est=4.4237 svd=7.7812 rel=0.4315 track=2 sf=0
[T2xcross] t=9.7480 id=146 est=3.5159 svd=3.1196 rel=0.1127 track=4 sf=0
[T2xcross] t=9.7480 id=147 est=5.0000 svd=3.8877 rel=0.2225 track=3 sf=0
[T2xcross] t=9.7480 id=206 est=3.9903 svd=58.9793 rel=0.9323 track=4 sf=3
[T2xcross] t=9.7480 id=226 est=5.0000 svd=1.0949 rel=0.7810 track=2 sf=5
[T2depth] t=9.7480 id=233 src=motion2 u=190.0 v=11.0 depth=5.0000 depth2=-1.0000 track=2 sf=5 flag=init_neg
[T2depth] t=9.7480 id=234 src=motion2 u=109.0 v=48.0 depth=5.0000 depth2=-1.0000 track=2 sf=5 flag=init_neg
[T2depth] t=9.7480 id=238 src=motion2 u=5.0 v=247.0 depth=0.5934 depth2=-1.0000 track=2 sf=5 flag=ok
[T2depth] t=9.7480 id=239 src=motion2 u=319.0 v=247.0 depth=2.6359 depth2=-1.0000 track=2 sf=5 flag=ok
[T2depth] t=9.7480 id=246 src=stereo u=79.0 v=208.0 depth=17.0666 depth2=-1.0000 track=1 sf=6 flag=ok
[T2gate] t=9.7480 tri=51 rej=0 xrej=0 init_replace=2 gate=0
[T2xcross] t=9.8480 id=152 est=3.8986 svd=4.0475 rel=0.0368 track=7 sf=1
[T2xcross] t=9.8480 id=157 est=3.6916 svd=1.5607 rel=0.5772 track=2 sf=1
[T2xcross] t=9.8480 id=174 est=3.6207 svd=1.3931 rel=0.6152 track=7 sf=1
[T2depth] t=9.8480 id=241 src=motion2 u=552.0 v=216.3 depth=5.0000 depth2=-1.0000 track=2 sf=6 flag=init_neg
[T2depth] t=9.8480 id=243 src=motion2 u=281.3 v=120.7 depth=5.0000 depth2=-1.0000 track=2 sf=6 flag=init_neg
[T2depth] t=9.8480 id=244 src=motion2 u=52.0 v=163.0 depth=5.0000 depth2=-1.0000 track=2 sf=6 flag=init_neg
[T2depth] t=9.8480 id=245 src=motion2 u=236.0 v=92.0 depth=0.2872 depth2=-1.0000 track=2 sf=6 flag=ok
[T2depth] t=9.8480 id=247 src=motion2 u=42.0 v=111.0 depth=5.0000 depth2=-1.0000 track=2 sf=6 flag=init_neg
[T2depth] t=9.8480 id=248 src=motion2 u=357.0 v=476.0 depth=7.9189 depth2=-1.0000 track=2 sf=6 flag=ok
[T2depth] t=9.8480 id=255 src=stereo u=31.0 v=71.0 depth=5.0000 depth2=-1.0000 track=1 sf=7 flag=init_neg
[T2depth] t=9.8480 id=258 src=stereo u=155.0 v=221.0 depth=9.3299 depth2=-1.0000 track=1 sf=7 flag=ok
[T2depth] t=9.8480 id=260 src=stereo u=357.0 v=79.0 depth=4.1056 depth2=-1.0000 track=1 sf=7 flag=ok
[T2depth] t=9.8480 id=263 src=stereo u=116.0 v=66.0 depth=5.0000 depth2=-1.0000 track=1 sf=7 flag=init_neg
[T2gate] t=9.8480 tri=56 rej=0 xrej=0 init_replace=6 gate=0
[T2xcross] t=9.9480 id=232 est=3.3926 svd=0.0152 rel=0.9955 track=4 sf=5
[T2depth] t=9.9480 id=250 src=motion2 u=120.3 v=168.5 depth=5.0000 depth2=-1.0000 track=2 sf=7 flag=init_neg
[T2depth] t=9.9480 id=256 src=motion2 u=9.0 v=145.0 depth=0.7400 depth2=-1.0000 track=2 sf=7 flag=ok
[T2xcross] t=9.9480 id=258 est=9.3299 svd=0.2460 rel=0.9736 track=2 sf=7
[T2depth] t=9.9480 id=262 src=motion2 u=562.0 v=71.0 depth=5.0000 depth2=-1.0000 track=2 sf=7 flag=init_neg
[T2depth] t=9.9480 id=273 src=stereo u=486.0 v=166.0 depth=3.6690 depth2=-1.0000 track=1 sf=8 flag=ok
[T2depth] t=9.9480 id=275 src=stereo u=241.0 v=199.0 depth=30.4612 depth2=-1.0000 track=1 sf=8 flag=ok
[T2depth] t=9.9480 id=276 src=stereo u=177.0 v=156.0 depth=5.0000 depth2=-1.0000 track=1 sf=8 flag=init_neg
[T2gate] t=9.9480 tri=57 rej=0 xrej=0 init_replace=3 gate=0
[T2depth] t=10.0480 id=264 src=motion2 u=598.1 v=149.1 depth=0.0419 depth2=-1.0000 track=2 sf=8 flag=ok
[T2depth] t=10.0480 id=266 src=motion2 u=311.4 v=144.2 depth=5.0000 depth2=-1.0000 track=2 sf=8 flag=init_neg
[T2depth] t=10.0480 id=270 src=motion2 u=199.0 v=129.0 depth=5.0000 depth2=-1.0000 track=2 sf=8 flag=init_neg
[T2depth] t=10.0480 id=272 src=motion2 u=75.0 v=207.0 depth=0.2508 depth2=-1.0000 track=2 sf=8 flag=ok
[T2xcross] t=10.0480 id=273 est=3.6690 svd=0.0788 rel=0.9785 track=2 sf=8
[T2depth] t=10.0480 id=274 src=motion2 u=254.0 v=137.0 depth=5.0000 depth2=-1.0000 track=2 sf=8 flag=init_neg
[T2xcross] t=10.0480 id=276 est=5.0000 svd=0.2948 rel=0.9410 track=2 sf=8
[T2depth] t=10.0480 id=282 src=stereo u=512.8 v=18.1 depth=3.4809 depth2=-1.0000 track=1 sf=9 flag=ok
[T2depth] t=10.0480 id=283 src=stereo u=386.0 v=12.0 depth=4.0575 depth2=-1.0000 track=1 sf=9 flag=ok
[T2depth] t=10.0480 id=286 src=stereo u=496.0 v=84.0 depth=3.7920 depth2=-1.0000 track=1 sf=9 flag=ok
[T2depth] t=10.0480 id=288 src=stereo u=514.0 v=137.0 depth=5.0000 depth2=-1.0000 track=1 sf=9 flag=init_neg
[T2depth] t=10.0480 id=289 src=stereo u=26.0 v=34.0 depth=43.8728 depth2=-1.0000 track=1 sf=9 flag=ok
[T2gate] t=10.0480 tri=62 rej=0 xrej=0 init_replace=4 gate=0
[T2xcross] t=10.1480 id=211 est=4.2736 svd=0.9243 rel=0.7837 track=3 sf=4
[T2xcross] t=10.1480 id=218 est=4.6[33m[WARN] [1790881434.581434813, 10.172000000]: T2SNAP pre AIF=11 fc=10 Vs: 0 0.00694 0.00972 0.0176 0.022 0.028 0.0335 0.0382 0.0451 0.0511 0.0538 Ps: 0 0.0284 0.00702 0.0135 0.00862 0.0111 0.0128 0.0113 0.0122 0.0125 0.00948[0m
[33m[WARN] [1790881434.581494886, 10.172000000]: gyroscope bias initial calibration  0.00133432 -0.00104908  0.00286964[0m
[33m[WARN] [1790881434.615772131, 10.208000000]: T2OPT post-solve vmax=0.01015 @i=10 init_cost=1.018e+05 final_cost=398 iters=9 term=1[0m
069 svd=0.8074 rel=0.8247 track=3 sf=4
[T2xcross] t=10.1480 id=255 est=5.0000 svd=0.0955 rel=0.9809 track=4 sf=7
[T2xcross] t=10.1480 id=275 est=30.4612 svd=0.1030 rel=0.9966 track=3 sf=8
[T2depth] t=10.1480 id=278 src=motion2 u=522.1 v=190.3 depth=5.0000 depth2=-1.0000 track=2 sf=9 flag=init_neg
[T2depth] t=10.1480 id=280 src=motion2 u=400.2 v=156.3 depth=1.9333 depth2=-1.0000 track=2 sf=9 flag=ok
[T2depth] t=10.1480 id=284 src=motion2 u=352.0 v=218.0 depth=5.0000 depth2=-1.0000 track=2 sf=9 flag=init_neg
[T2depth] t=10.1480 id=285 src=motion2 u=191.0 v=33.0 depth=0.4790 depth2=-1.0000 track=2 sf=9 flag=ok
[T2depth] t=10.1480 id=290 src=motion2 u=31.0 v=320.0 depth=5.9870 depth2=-1.0000 track=2 sf=9 flag=ok
[T2depth] t=10.1480 id=291 src=stereo u=514.8 v=247.0 depth=2.3011 depth2=-1.0000 track=1 sf=10 flag=ok
[T2depth] t=10.1480 id=293 src=stereo u=41.0 v=136.0 depth=5.0000 depth2=-1.0000 track=1 sf=10 flag=init_neg
[T2depth] t=10.1480 id=294 src=stereo u=554.2 v=171.4 depth=5.0000 depth2=-1.0000 track=1 sf=10 flag=init_neg
[T2gate] t=10.1480 tri=57 rej=0 xrej=0 init_replace=4 gate=0
[T2slv] t=10.1480 phase=0 init_cost=101750 final_cost=397.994 iters=9 term=1 slv_ms=30.6
[E2uls] flag=1 sh_t=10.204 new_t=10.204 dP=[0.0020 -0.0013 -0.0016] |dP|=0.0028 first_dt=-1.0000
[0m[INFO] [1790881434.616281550, 10.208000000]: Initialization finish![0m
time: 10.148000, t: -0.001582 0.001489 0.001176 q: 0.999998 -0.000802 -0.002076 -0.000139 
[T2depth] t=10.2480 id=4 src=motion2 u=385.8 v=387.0 depth=5.0000 depth2=-1.0000 track=11 sf=0 flag=init_neg
[T2depth] t=10.2480 id=10 src=motion2 u=352.1 v=346.0 depth=5.0000 depth2=-1.0000 track=11 sf=0 flag=init_neg
[T2depth] t=10.2480 id=11 src=motion2 u=398.9 v=342.0 depth=5.0000 depth2=-1.0000 track=11 sf=0 flag=init_neg
[T2depth] t=10.2480 id=13 src=motion2 u=540.3 v=375.1 depth=5.0000 depth2=-1.0000 track=11 sf=0 flag=init_neg
[T2depth] t=10.2480 id=19 src=motion2 u=455.8 v=349.0 depth=5.0000 depth2=-1.0000 track=11 sf=0 flag=init_neg
[T2depth] t=10.2480 id=23 src=motion2 u=505.2 v=361.0 depth=5.0000 depth2=-1.0000 track=11 sf=0 flag=init_neg
[T2depth] t=10.2480 id=24 src=motion2 u=567.9 v=409.0 depth=5.0000 depth2=-1.0000 track=11 sf=0 flag=init_neg
[T2depth] t=10.2480 id=25 src=motion2 u=454.9 v=383.0 depth=5.0000 depth2=-1.0000 track=11 sf=0 flag=init_neg
[T2depth] t=10.2480 id=32 src=motion2 u=433.9 v=406.9 depth=5.0000 depth2=-1.0000 track=11 sf=0 flag=init_neg
[T2depth] t=10.2480 id=33 src=motion2 u=326.1 v=411.9 depth=5.0000 depth2=-1.0000 track=11 sf=0 flag=init_neg
[T2depth] t=10.2480 id=36 src=motion2 u=482.6 v=394.1 depth=5.0000 depth2=-1.0000 track=11 sf=0 flag=init_neg
[T2depth] t=10.2480 id=37 src=motion2 u=262.9 v=450.0 depth=5.0000 depth2=-1.0000 track=11 sf=0 flag=init_neg
[T2depth] t=10.2480 id=38 src=motion2 u=120.1 v=420.0 depth=5.0000 depth2=-1.0000 track=11 sf=0 flag=init_neg
[T2depth] t=10.2480 id=39 src=motion2 u=614.4 v=451.2 depth=5.0000 depth2=-1.0000 track=11 sf=0 flag=init_neg
[T2depth] t=10.2480 id=44 src=motion2 u=610.1 v=410.0 depth=5.0000 depth2=-1.0000 track=11 sf=0 flag=init_neg
[T2depth] t=10.2480 id=45 src=motion2 u=350.0 v=390.0 depth=5.0000 depth2=-1.0000 track=11 sf=0 flag=init_neg
[T2depth] t=10.2480 id=48 src=motion2 u=461.3 v=294.0 depth=5.0000 depth2=-1.0000 track=11 sf=0 flag=init_neg
[T2depth] t=10.2480 id=50 src=motion2 u=526.1 v=411.0 depth=5.0000 depth2=-1.0000 track=11 sf=0 flag=init_neg
[T2depth] t=10.2480 id=53 src=motion2 u=511.1 v=438.2 depth=5.0000 depth2=-1.0000 track=11 sf=0 flag=init_neg
[T2depth] t=10.2480 id=56 src=motion2 u=385.4 v=432.9 depth=5.0000 depth2=-1.0000 track=11 sf=0 flag=init_neg
[T2depth] t=10.2480 id=57 src=motion2 u=381.0 v=316.0 depth=5.0000 depth2=-1.0000 track=11 sf=0 flag=init_neg
[T2depth] t=10.2480 id=59 src=motion2 u=580.2 v=453.8 depth=5.0000 depth2=-1.0000 track=11 sf=0 flag=init_neg
[T2depth] t=10.2480 id=66 src=motion2 u=477.7 v=474.8 depth=5.0000 depth2=-1.0000 track=11 sf=0 flag=init_neg
[T2depth] t=10.2480 id=70 src=motion2 u=484.5 v=323.0 depth=5.0000 depth2=-1.0000 track=11 sf=0 flag=init_neg
[T2depth] t=10.2480 id=71 src=motion2 u=395.9 v=463.5 depth=5.0000 depth2=-1.0000 track=11 sf=0 flag=init_neg
[T2depth] t=10.2480 id=72 src=motion2 u=538.5 v=472.0 depth=5.0000 depth2=-1.0000 track=11 sf=0 flag=init_neg
[T2depth] t=10.2480 id=73 src=motion2 u=444.8 v=435.9 depth=5.0000 depth2=-1.0000 track=11 sf=0 flag=init_neg
[T2depth] t=10.2480 id=76 src=motion2 u=434.0 v=324.0 depth=5.0000 depth2=-1.0000 track=11 sf=0 flag=init_neg
[T2depth] t=10.2480 id=79 src=motion2 u=350.5 v=444.2 depth=5.0000 depth2=-1.0000 track=11 sf=0 flag=init_neg
[T2depth] t=10.2480 id=83 src=motion2 u=417.8 v=381.0 depth=5.0000 depth2=-1.0000 track=11 sf=0 flag=init_neg
[T2depth] t=10.2480 id=84 src=motion2 u=408.7 v=289.0 depth=5.0000 depth2=-1.0000 track=11 sf=0 flag=init_neg
[T2depth] t=10.2480 id=85 src=motion2 u=305.2 v=435.7 depth=5.0000 depth2=-1.0000 track=11 sf=0 flag=init_neg
[T2depth] t=10.2480 id=88 src=motion2 u=281.6 v=475.5 depth=5.0000 depth2=-1.0000 track=11 sf=0 flag=init_neg
[T2depth] t=10.2480 id=89 src=motion2 u=434.9 v=467.3 depth=5.0000 depth2=-1.0000 track=11 sf=0 flag=init_neg
[T2depth] t=10.2480 id=92 src=motion2 u=551.0 v=436.0 depth=5.0000 depth2=-1.0000 track=11 sf=0 flag=init_neg
[T2depth] t=10.2480 id=93 src=motion2 u=638.0 v=425.0 depth=5.0000 depth2=-1.0000 track=11 sf=0 flag=init_neg
[T2depth] t=10.2480 id=97 src=motion2 u=631.0 v=478.0 depth=5.0000 depth2=-1.0000 track=11 sf=0 flag=init_neg
[T2depth] t=10.2480 id=99 src=motion2 u=302.0 v=279.0 depth=5.0000 depth2=-1.0000 track=11 sf=0 flag=init_neg
[T2depth] t=10.2480 id=100 src=stereo u=381.0 v=277.0 depth=5.0000 depth2=4.4527 track=11 sf=0 flag=init_neg
[T2depth] t=10.2480 id=101 src=motion2 u=326.0 v=463.0 depth=5.0000 depth2=-1.0000 track=11 sf=0 flag=init_neg
[T2depth] t=10.2480 id=110 src=motion2 u=112.0 v=244.0 depth=0.1281 depth2=-1.0000 track=11 sf=0 flag=ok
[T2depth] t=10.2480 id=112 src=motion2 u=480.0 v=427.0 depth=5.0000 depth2=-1.0000 track=11 sf=0 flag=init_neg
[T2depth] t=10.2480 id=113 src=motion2 u=39.0 v=244.0 depth=5.0000 depth2=-1.0000 track=11 sf=0 flag=init_neg
[T2depth] t=10.2480 id=124 src=motion2 u=475.0 v=255.0 depth=5.0000 depth2=-1.0000 track=11 sf=0 flag=init_neg
[T2depth] t=10.2480 id=125 src=motion2 u=600.0 v=478.0 depth=5.0000 depth2=-1.0000 track=11 sf=0 flag=init_neg
[T2depth] t=10.2480 id=155 src=motion2 u=197.8 v=73.0 depth=0.0223 depth2=-1.0000 track=5 sf=1 flag=ok
[T2depth] t=10.2480 id=168 src=motion2 u=415.0 v=440.0 depth=5.0000 depth2=-1.0000 track=10 sf=1 flag=init_neg
[T2depth] t=10.2480 id=169 src=motion2 u=215.0 v=190.0 depth=5.0000 depth2=-1.0000 track=6 sf=1 flag=init_neg
[T2depth] t=10.2480 id=177 src=motion2 u=200.0 v=450.0 depth=5.0000 depth2=-1.0000 track=9 sf=2 flag=init_neg
[T2depth] t=10.2480 id=189 src=motion2 u=168.0 v=230.0 depth=5.0000 depth2=-1.0000 track=4 sf=2 flag=init_neg
[T2depth] t=10.2480 id=192 src=motion2 u=354.0 v=114.0 depth=5.0000 depth2=-1.0000 track=7 sf=2 flag=init_neg
[T2depth] t=10.2480 id=197 src=motion2 u=507.9 v=471.0 depth=1.1566 depth2=-1.0000 track=8 sf=3 flag=ok
[T2xcross] t=10.2480 id=203 est=3.7760 svd=0.0493 rel=0.9870 track=2 sf=3
[T2xcross] t=10.2480 id=204 est=3.7138 svd=0.0118 rel=0.9968 track=3 sf=3
[T2xcross] t=10.2480 id=210 est=70.9921 svd=0.0396 rel=0.9994 track=4 sf=4
[T2xcross] t=10.2480 id=217 est=3.8739 svd=0.2067 rel=0.9467 track=7 sf=4
[T2depth] t=10.2480 id=222 src=motion2 u=254.0 v=225.0 depth=5.0000 depth2=-1.0000 track=4 sf=4 flag=init_neg
[T2depth] t=10.2480 id=241 src=motion2 u=552.0 v=216.3 depth=5.0000 depth2=-1.0000 track=5 sf=6 flag=init_neg
[T2depth] t=10.2480 id=244 src=motion2 u=52.0 v=163.0 depth=5.0000 depth2=-1.0000 track=5 sf=6 flag=init_neg
[T2xcross] t=10.2480 id=286 est=3.7920 svd=0.0741 rel=0.9805 track=2 sf=9
[T2xcross] t=10.2480 id=291 est=2.3011 svd=1.7002 rel=0.2612 track=2 sf=9
[T2depth] t=10.2480 id=292 src=motion2 u=340.5 v=44.0 depth=5.0000 depth2=-1.0000 track=2 sf=9 flag=init_neg
[T2xcross] t=10.2480 id=293 est=5.0000 svd=1.4795 rel=0.7041 track=2 sf=9
[T2depth] t=10.2480 id=295 src=motion2 u=10.0 v=138.0 depth=0.4058 depth2=-1.0000 track=2 sf=9 flag=ok
[T2depth] t=10.2480 id=300 src=stereo u=343.9 v=129.6 depth=5.0000 depth2=-1.0000 track=1 sf=10 flag=init_neg
[T2depth] t=10.2480 id=306 src=stereo u=534.0 v=95.0 depth=3.4371 depth2=-1.0000 track=1 sf=10 flag=ok
[T2gate] t=10.2480 tri=113 rej=0 xrej=0 init_replace=54 gate=0
[T2slv] t=10.2480 phase=1 init_cost=2005.9 final_cost=374.024 iters=9 term=1 slv_ms=28.6
[T2diag] t=10.2480 P=[-0.0010 0.0011 0.0004] V=[-0.0022 0.0018 0.0007] |Bas|=0.007092 |Bgs|=0.0024578 Bas=[0.000071 -0.000028 -0.007092] Bgs=[0.0018019 -0.0010693 0.0012848] tic0=[0.1200 0.0500 -0.0200] tic1=[0.1200 -0.0500 -0.0200] td=0.00000 track=140
[E2uls] flag=1 sh_t=10.304 new_t=10.304 dP=[-0.0022 -0.0004 0.0027] |dP|=0.0035 first_dt=-1.0000
[0m[INFO] [1790881434.713127700, 10.304000000]:  big delta_angle [0m
time: 10.248000, t: -0.000978 0.001061 0.000406 q: 0.999998 -0.000783 -0.001740 0.000040 
[T2depth] t=10.3200 id=296 src=motion2 u=577.1 v=164.3 depth=5.0000 depth2=-1.0000 track=2 sf=9 flag=init_neg
[T2depth] t=10.3200 id=297 src=motion2 u=343.2 v=162.3 depth=5.0000 depth2=-1.0000 track=2 sf=9 flag=init_neg
[T2depth] t=10.3200 id=303 src=motion2 u=290.0 v=185.0 depth=0.0220 depth2=-1.0000 track=2 sf=9 flag=ok
[T2depth] t=10.3200 id=304 src=motion2 u=158.0 v=175.0 depth=5.0000 depth2=-1.0000 track=2 sf=9 flag=init_neg
[T2depth] t=10.3200 id=314 src=stereo u=408.0 v=208.0 depth=4.3708 depth2=-1.0000 track=1 sf=10 flag=ok
[T2gate] t=10.3200 tri=170 rej=0 xrej=0 init_replace=3 gate=0
[T2slv] t=10.3200 phase=1 init_cost=115.814 final_cost=108.663 iters=9 term=1 slv_ms=5.2
[T2diag] t=10.3200 P=[-0.0062 -0.0009 0.0010] V=[-0.0130 -0.0029 0.0058] |Bas|=0.011075 |Bgs|=0.0020863 Bas=[0.000042 -0.000020 -0.011075] Bgs=[0.0014801 -0.0013113 0.0006651] tic0=[0.1200 0.0500 -0.0200] tic1=[0.1200 -0.0500 -0.0200] td=0.00000 track=34
[E2uls] flag=1 sh_t=10.360 new_t=10.360 dP=[0.0051 0.0019 -0.0005] |dP|=0.0055 first_dt=-1.0000
[T2depth] t=10.3200 id=69 src=shift u=-1 v=-1 depth=5.0000 depth2=-1.0000 track=10 sf=0 flag=init_neg
[T2depth] t=10.3200 id=81 src=shift u=-1 v=-1 depth=5.0000 depth2=-1.0000 track=10 sf=0 flag=init_neg
[T2depth] t=10.3200 id=87 src=shift u=-1 v=-1 depth=5.0000 depth2=-1.0000 track=10 sf=0 flag=init_neg
[T2depth] t=10.3200 id=124 src=shift u=-1 v=-1 depth=5.0000 depth2=-1.0000 track=10 sf=0 flag=init_neg
[T2depth] t=10.3200 id=130 src=shift u=-1 v=-1 depth=5.0000 depth2=-1.0000 track=10 sf=0 flag=init_neg
time: 10.320000, t: -0.006169 -0.000883 0.001047 q: 0.999998 -0.000599 -0.001961 0.000219 
[T2xcross] t=10.4480 id=114 est=1.8689 svd=0.3871 rel=0.7929 track=11 sf=0
[T2xcross] t=10.4480 id=285 est=0.4790 svd=0.1028 rel=0.7853 track=3 sf=8
[T2depth] t=10.4480 id=1 src=motion2 u=192.0 v=340.1 depth=5.0000 depth2=-1.0000 track=2 sf=9 flag=init_neg
[T2depth] t=10.4480 id=2 src=motion2 u=224.0 v=347.1 depth=5.0000 depth2=-1.0000 track=2 sf=9 flag=init_neg
[T2depth] t=10.4480 id=3 src=motion2 u=617.1 v=372.0 depth=5.0000 depth2=-1.0000 track=2 sf=9 flag=init_neg
[T2depth] t=10.4480 id=4 src=motion2 u=385.8 v=387.0 depth=5.0000 depth2=-1.0000 track=2 sf=9 flag=init_neg
[T2depth] t=10.4480 id=5 src=motion2 u=264.0 v=362.0 depth=5.0000 depth2=-1.0000 track=2 sf=9 flag=init_neg
[T2depth] t=10.4480 id=6 src=motion2 u=4.0 v=374.1 depth=0.4409 depth2=-1.0000 track=2 sf=9 flag=ok
[T2depth] t=10.4480 id=7 src=motion2 u=316.9 v=357.0 depth=5.0000 depth2=-1.0000 track=2 sf=9 flag=init_neg
[T2depth] t=10.4480 id=8 src=motion2 u=157.9 v=342.1 depth=5.0000 depth2=-1.0000 track=2 sf=9 flag=init_neg
[T2depth] t=10.4480 id=9 src=motion2 u=117.0 v=360.1 depth=0.1329 depth2=-1.0000 track=2 sf=9 flag=ok
[T2depth] t=10.4480 id=10 src=motion2 u=352.1 v=346.0 depth=5.0000 depth2=-1.0000 track=2 sf=9 flag=init_neg
[T2depth] t=10.4480 id=11 src=motion2 u=398.9 v=342.0 depth=5.0000 depth2=-1.0000 track=2 sf=9 flag=init_neg
[T2depth] t=10.4480 id=13 src=motion2 u=540.2 v=375.1 depth=5.0000 depth2=-1.0000 track=2 sf=9 flag=init_neg
[T2depth] t=10.4480 id=14 src=motion2 u=88.1 v=386.1 depth=0.1792 depth2=-1.0000 track=2 sf=9 flag=ok
[T2depth] t=10.4480 id=15 src=motion2 u=203.0 v=388.1 depth=5.0000 depth2=-1.0000 track=2 sf=9 flag=init_neg
[T2depth] t=10.4480 id=16 src=motion2 u=292.0 v=374.1 depth=5.0000 depth2=-1.0000 track=2 sf=9 flag=init_neg
[T2depth] t=10.4480 id=17 src=motion2 u=50.8 v=411.2 depth=0.2863 depth2=-1.0000 track=2 sf=9 flag=ok
[T2depth] t=10.4480 id=18 src=motion2 u=142.0 v=394.1 depth=5.0000 depth2=-1.0000 track=2 sf=9 flag=init_neg
[T2depth] t=10.4480 id=19 src=motion2 u=455.8 v=349.0 depth=5.0000 depth2=-1.0000 track=2 sf=9 flag=init_neg
[T2depth] t=10.4480 id=20 src=motion2 u=44.1 v=348.1 depth=0.3854 depth2=-1.0000 track=2 sf=9 flag=ok
[T2depth] t=10.4480 id=21 src=motion2 u=580.1 v=365.1 depth=5.0000 depth2=-1.0000 track=2 sf=9 flag=init_neg
[T2depth] t=10.4480 id=23 src=motion2 u=505.2 v=361.0 depth=5.0000 depth2=-1.0000 track=2 sf=9 flag=init_neg
[T2depth] t=10.4480 id=24 src=motion2 u=567.9 v=409.0 depth=5.0000 depth2=-1.0000 track=2 sf=9 flag=init_neg
[T2depth] t=10.4480 id=25 src=motion2 u=454.9 v=383.1 depth=5.0000 depth2=-1.0000 track=2 sf=9 flag=init_neg
[T2depth] t=10.4480 id=27 src=motion2 u=268.4 v=403.1 depth=5.0000 depth2=-1.0000 track=2 sf=9 flag=init_neg
[T2depth] t=10.4480 id=28 src=motion2 u=6.0 v=342.1 depth=0.5595 depth2=-1.0000 track=2 sf=9 flag=ok
[T2depth] t=10.4480 id=30 src=motion2 u=637.2 v=346.1 depth=5.0000 depth2=-1.0000 track=2 sf=9 flag=init_neg
[T2depth] t=10.4480 id=31 src=motion2 u=523.0 v=323.0 depth=5.0000 depth2=-1.0000 track=2 sf=9 flag=init_neg
[T2depth] t=10.4480 id=32 src=motion2 u=433.9 v=407.0 depth=5.0000 depth2=-1.0000 track=2 sf=9 flag=init_neg
[T2depth] t=10.4480 id=33 src=motion2 u=326.1 v=412.0 depth=5.0000 depth2=-1.0000 track=2 sf=9 flag=init_neg
[T2depth] t=10.4480 id=34 src=motion2 u=89.0 v=320.1 depth=0.2677 depth2=-1.0000 track=2 sf=9 flag=ok
[T2depth] t=10.4480 id=35 src=motion2 u=225.4 v=468.1 depth=5.0000 depth2=-1.0000 track=2 sf=9 flag=init_neg
[T2depth] t=10.4480 id=36 src=motion2 u=482.6 v=394.2 depth=5.0000 depth2=-1.0000 track=2 sf=9 flag=init_neg
[T2depth] t=10.4480 id=37 src=motion2 u=262.9 v=450.1 depth=5.0000 depth2=-1.0000 track=2 sf=9 flag=init_neg
[T2depth] t=10.4480 id=38 src=motion2 u=120.1 v=420.1 depth=0.0547 depth2=-1.0000 track=2 sf=9 flag=ok
[T2depth] t=10.4480 id=39 src=motion2 u=614.4 v=451.3 depth=5.0000 depth2=-1.0000 track=2 sf=9 flag=init_neg
[T2depth] t=10.4480 id=40 src=motion2 u=619.1 v=320.0 depth=5.0000 depth2=-1.0000 track=2 sf=9 flag=init_neg
[T2depth] t=10.4480 id=41 src=motion2 u=237.0 v=378.1 depth=5.0000 depth2=-1.0000 track=2 sf=9 flag=init_neg
[T2depth] t=10.4480 id=42 src=motion2 u=312.8 v=310.0 depth=5.0000 depth2=-1.0000 track=2 sf=9 flag=init_neg
[T2depth] t=10.4480 id=43 src=motion2 u=71.1 v=435.1 depth=0.2140 depth2=-1.0000 track=2 sf=9 flag=ok
[T2depth] t=10.4480 id=44 src=motion2 u=610.1 v=410.1 depth=5.0000 depth2=-1.0000 track=2 sf=9 flag=init_neg
[T2depth] t=10.4480 id=45 src=motion2 u=350.0 v=390.1 depth=5.0000 depth2=-1.0000 track=2 sf=9 flag=init_neg
[T2depth] t=10.4480 id=46 src=motion2 u=163.5 v=463.5 depth=5.0000 depth2=-1.0000 track=2 sf=9 flag=init_neg
[T2depth] t=10.4480 id=47 src=motion2 u=74.0 v=353.1 depth=0.2908 depth2=-1.0000 track=2 sf=9 flag=ok
[T2depth] t=10.4480 id=48 src=motion2 u=461.3 v=294.1 depth=5.0000 depth2=-1.0000 track=2 sf=9 flag=init_neg
[T2depth] t=10.4480 id=49 src=motion2 u=60.0 v=310.1 depth=0.4167 depth2=-1.0000 track=2 sf=9 flag=ok
[T2depth] t=10.4480 id=50 src=motion2 u=526.0 v=411.1 depth=5.0000 depth2=-1.0000 track=2 sf=9 flag=init_neg
[T2depth] t=10.4480 id=51 src=motion2 u=12.2 v=423.0 depth=0.4267 depth2=-1.0000 track=2 sf=9 flag=ok
[T2depth] t=10.4480 id=52 src=motion2 u=40.5 v=455.0 depth=0.2885 depth2=-1.0000 track=2 sf=9 flag=ok
[T2depth] t=10.4480 id=53 src=motion2 u=511.2 v=438.3 depth=5.0000 depth2=-1.0000 track=2 sf=9 flag=init_neg
[T2depth] t=10.4480 id=54 src=motion2 u=211.0 v=316.1 depth=5.0000 depth2=-1.0000 track=2 sf=9 flag=init_neg
[T2depth] t=10.4480 id=55 src=motion2 u=287.5 v=334.1 depth=5.0000 depth2=-1.0000 track=2 sf=9 flag=init_neg
[T2depth] t=10.4480 id=56 src=motion2 u=385.4 v=433.0 depth=5.0000 depth2=-1.0000 track=2 sf=9 flag=init_neg
[T2depth] t=10.4480 id=57 src=motion2 u=381.0 v=316.0 depth=5.0000 depth2=-1.0000 track=2 sf=9 flag=init_neg
[T2depth] t=10.4480 id=58 src=motion2 u=225.3 v=430.1 depth=5.0000 depth2=-1.0000 track=2 sf=9 flag=init_neg
[T2depth] t=10.4480 id=59 src=motion2 u=580.2 v=453.8 depth=5.0000 depth2=-1.0000 track=2 sf=9 flag=init_neg
[T2depth] t=10.4480 id=60 src=motion2 u=143.9 v=313.1 depth=0.1167 depth2=-1.0000 track=2 sf=9 flag=ok
[T2depth] t=10.4480 id=61 src=motion2 u=192.0 v=418.2 depth=5.0000 depth2=-1.0000 track=2 sf=9 flag=init_neg
[T2depth] t=10.4480 id=62 src=motion2 u=256.0 v=317.1 depth=5.0000 depth2=-1.0000 track=2 sf=9 flag=init_neg
[T2depth] t=10.4480 id=63 src=motion2 u=567.1 v=307.0 depth=5.0000 depth2=-1.0000 track=2 sf=9 flag=init_neg
[T2depth] t=10.4480 id=64 src=motion2 u=120.1 v=286.1 depth=0.2516 depth2=-1.0000 track=2 sf=9 flag=ok
[T2depth] t=10.4480 id=65 src=motion2 u=88.7 v=463.2 depth=0.1493 depth2=-1.0000 track=2 sf=9 flag=ok
[T2depth] t=10.4480 id=66 src=motion2 u=477.7 v=474.9 depth=5.0000 depth2=-1.0000 track=2 sf=9 flag=init_neg
[T2depth] t=10.4480 id=67 src=motion2 u=174.0 v=307.1 depth=5.0000 depth2=-1.0000 track=2 sf=9 flag=init_neg
[T2depth] t=10.4480 id=68 src=motion2 u=353.8 v=291.0 depth=5.0000 depth2=-1.0000 track=2 sf=9 flag=init_neg
[T2depth] t=10.4480 id=70 src=motion2 u=484.5 v=323.0 depth=5.0000 depth2=-1.0000 track=2 sf=9 flag=init_neg
[T2depth] t=10.4480 id=71 src=motion2 u=396.0 v=463.6 depth=5.0000 depth2=-1.0000 track=2 sf=9 flag=init_neg
[T2depth] t=10.4480 id=72 src=motion2 u=538.5 v=472.1 depth=5.0000 depth2=-1.0000 track=2 sf=9 flag=init_neg
[T2depth] t=10.4480 id=73 src=motion2 u=444.7 v=435.9 depth=5.0000 depth2=-1.0000 track=2 sf=9 flag=init_neg
[T2depth] t=10.4480 id=74 src=motion2 u=550.7 v=335.0 depth=5.0000 depth2=-1.0000 track=2 sf=9 flag=init_neg
[T2depth] t=10.4480 id=75 src=motion2 u=120.3 v=456.1 depth=0.0397 depth2=-1.0000 track=2 sf=9 flag=ok
[T2depth] t=10.4480 id=76 src=motion2 u=434.0 v=324.0 depth=5.0000 depth2=-1.0000 track=2 sf=9 flag=init_neg
[T2depth] t=10.4480 id=77 src=motion2 u=41.9 v=380.1 depth=0.2943 depth2=-1.0000 track=2 sf=9 flag=ok
[T2depth] t=10.4480 id=78 src=motion2 u=176.3 v=371.1 depth=5.0000 depth2=-1.0000 track=2 sf=9 flag=init_neg
[T2depth] t=10.4480 id=79 src=motion2 u=350.5 v=444.3 depth=5.0000 depth2=-1.0000 track=2 sf=9 flag=init_neg
[T2depth] t=10.4480 id=80 src=motion2 u=151.5 v=429.1 depth=5.0000 depth2=-1.0000 track=2 sf=9 flag=init_neg
[T2depth] t=10.4480 id=82 src=motion2 u=633.5 v=293.1 depth=5.0000 depth2=-1.0000 track=2 sf=9 flag=init_neg
[T2depth] t=10.4480 id=83 src=motion2 u=417.8 v=381.0 depth=5.0000 depth2=-1.0000 track=2 sf=9 flag=init_neg
[T2depth] t=10.4480 id=84 src=motion2 u=408.7 v=289.0 depth=5.0000 depth2=-1.0000 track=2 sf=9 flag=init_neg
[T2depth] t=10.4480 id=85 src=motion2 u=305.3 v=435.8 depth=5.0000 depth2=-1.0000 track=2 sf=9 flag=init_neg
[T2depth] t=10.4480 id=86 src=motion2 u=521.0 v=292.0 depth=5.0000 depth2=-1.0000 track=2 sf=9 flag=init_neg
[T2depth] t=10.4480 id=88 src=motion2 u=281.5 v=475.7 depth=5.0000 depth2=-1.0000 track=2 sf=9 flag=init_neg
[T2depth] t=10.4480 id=89 src=motion2 u=434.9 v=467.3 depth=5.0000 depth2=-1.0000 track=2 sf=9 flag=init_neg
[T2depth] t=10.4480 id=92 src=motion2 u=551.0 v=436.0 depth=5.0000 depth2=-1.0000 track=2 sf=9 flag=init_neg
[T2depth] t=10.4480 id=93 src=motion2 u=638.0 v=425.1 depth=5.0000 depth2=-1.0000 track=2 sf=9 flag=init_neg
[T2depth] t=10.4480 id=94 src=motion2 u=598.0 v=298.0 depth=5.0000 depth2=-1.0000 track=2 sf=9 flag=init_neg
[T2depth] t=10.4480 id=95 src=motion2 u=10.0 v=459.1 depth=0.3770 depth2=-1.0000 track=2 sf=9 flag=ok
[T2depth] t=10.4480 id=96 src=motion2 u=588.0 v=331.0 depth=5.0000 depth2=-1.0000 track=2 sf=9 flag=init_neg
[T2depth] t=10.4480 id=97 src=motion2 u=630.8 v=478.0 depth=5.0000 depth2=-1.0000 track=2 sf=9 flag=init_neg
[T2depth] t=10.4480 id=98 src=motion2 u=51.0 v=281.0 depth=0.4942 depth2=-1.0000 track=2 sf=9 flag=ok
[T2depth] t=10.4480 id=99 src=motion2 u=302.0 v=279.0 depth=5.0000 depth2=-1.0000 track=2 sf=9 flag=init_neg
[T2depth] t=10.4480 id=100 src=motion2 u=381.2 v=277.0 depth=5.0000 depth2=-1.0000 track=2 sf=9 flag=init_neg
[T2depth] t=10.4480 id=101 src=motion2 u=326.0 v=463.1 depth=5.0000 depth2=-1.0000 track=2 sf=9 flag=init_neg
[T2depth] t=10.4480 id=106 src=motion2 u=557.3 v=254.0 depth=5.0000 depth2=-1.0000 track=2 sf=9 flag=init_neg
[T2depth] t=10.4480 id=107 src=motion2 u=62.0 v=477.2 depth=0.2160 depth2=-1.0000 track=2 sf=9 flag=ok
[T2depth] t=10.4480 id=108 src=motion2 u=198.1 v=288.0 depth=5.0000 depth2=-1.0000 track=2 sf=9 flag=init_neg
[T2depth] t=10.4480 id=110 src=motion2 u=113.4 v=244.0 depth=0.3207 depth2=-1.0000 track=2 sf=9 flag=ok
[T2depth] t=10.4480 id=112 src=motion2 u=479.9 v=427.1 depth=5.0000 depth2=-1.0000 track=2 sf=9 flag=init_neg
[T2depth] t=10.4480 id=113 src=motion2 u=39.8 v=244.0 depth=0.4069 depth2=-1.0000 track=2 sf=9 flag=ok
[T2depth] t=10.4480 id=125 src=motion2 u=600.0 v=478.1 depth=5.0000 depth2=-1.0000 track=2 sf=9 flag=init_neg
[T2depth] t=10.4480 id=128 src=motion2 u=457.2 v=123.3 depth=0.3167 depth2=-1.0000 track=2 sf=9 flag=ok
[T2depth] t=10.4480 id=168 src=motion2 u=414.8 v=440.0 depth=5.0000 depth2=-1.0000 track=2 sf=9 flag=init_neg
[T2depth] t=10.4480 id=177 src=motion2 u=200.0 v=450.1 depth=5.0000 depth2=-1.0000 track=2 sf=9 flag=init_neg
[T2depth] t=10.4480 id=239 src=motion2 u=318.8 v=247.0 depth=5.0000 depth2=-1.0000 track=2 sf=9 flag=init_neg
[T2depth] t=10.4480 id=241 src=motion2 u=557.7 v=212.5 depth=5.0000 depth2=-1.0000 track=2 sf=9 flag=init_neg
[T2depth] t=10.4480 id=248 src=motion2 u=357.1 v=476.1 depth=5.0000 depth2=-1.0000 track=2 sf=9 flag=init_neg
[T2depth] t=10.4480 id=250 src=motion2 u=109.1 v=167.4 depth=0.3692 depth2=-1.0000 track=2 sf=9 flag=ok
[T2depth] t=10.4480 id=255 src=motion2 u=28.4 v=74.1 depth=0.0427 depth2=-1.0000 track=2 sf=9 flag=ok
[T2depth] t=10.4480 id=309 src=motion2 u=313.3 v=66.2 depth=5.0000 depth2=-1.0000 track=2 sf=9 flag=init_neg
[T2depth] t=10.4480 id=310 src=motion2 u=107.1 v=74.4 depth=5.0000 depth2=-1.0000 track=2 sf=9 flag=init_neg
[T2depth] t=10.4480 id=311 src=motion2 u=234.0 v=243.0 depth=1.1154 depth2=-1.0000 track=2 sf=9 flag=ok
[T2depth] t=10.4480 id=312 src=motion2 u=258.0 v=205.0 depth=5.0000 depth2=-1.0000 track=2 sf=9 flag=init_neg
[T2depth] t=10.4480 id=313 src=motion2 u=269.0 v=56.0 depth=5.0000 depth2=-1.0000 track=2 sf=9 flag=init_neg
[T2xcross] t=10.4480 id=314 est=4.3708 svd=0.2659 rel=0.9392 track=2 sf=9
[T2depth] t=10.4480 id=315 src=motion2 u=210.0 v=166.0 depth=5.0000 depth2=-1.0000 track=2 sf=9 flag=init_neg
[T2depth] t=10.4480 id=316 src=motion2 u=573.0 v=12.0 depth=5.0000 depth2=-1.0000 track=2 sf=9 flag=init_neg
[T2depth] t=10.4480 id=317 src=motion2 u=572.0 v=113.0 depth=5.0000 depth2=-1.0000 track=2 sf=9 flag=init_neg
[T2depth] t=10.4480 id=318 src=stereo u=479.4 v=209.4 depth=3.5312 depth2=-1.0000 track=1 sf=10 flag=ok
[T2depth] t=10.4480 id=321 src=stereo u=19.0 v=169.0 depth=5.0000 depth2=-1.0000 track=1 sf=10 flag=init_neg
[T2gate] t=10.4480 tri=158 rej=0 xrej=0 init_replace=89 gate=0
[T2slv] t=10.4480 phase=1 init_cost=119.876 final_cost=109.186 iters=9 term=1 slv_ms=15.2
[T2diag] t=10.4480 P=[-0.0172 -0.0023 0.0025] V=[-0.0287 -0.0035 0.0074] |Bas|=0.015524 |Bgs|=0.0023187 Bas=[-0.007883 -0.000375 -0.013368] Bgs=[0.0017389 -0.0015164 0.0002305] tic0=[0.1200 0.0500 -0.0200] tic1=[0.1200 -0.0500 -0.0200] td=0.00000 track=140
[E2uls] flag=1 sh_t=10.496 new_t=10.496 dP=[0.0096 0.0006 -0.0005] |dP|=0.0096 first_dt=-1.0000
time: 10.448000, t: -0.017187 -0.002330 0.002484 q: 0.999995 -0.000830 -0.002954 0.000090 
[T2xcross] t=10.5520 id=172 est=1.3068 svd=9.8284 rel=0.8670 track=11 sf=0
[T2depth] t=10.5520 id=69 src=motion2 u=273.9 v=290.1 depth=5.0000 depth2=-1.0000 track=2 sf=9 flag=init_neg
[T2depth] t=10.5520 id=81 src=motion2 u=18.2 v=292.1 depth=5.0000 depth2=-1.0000 track=2 sf=9 flag=init_neg
[T2depth] t=10.5520 id=87 src=motion2 u=88.0 v=290.1 depth=5.0000 depth2=-1.0000 track=2 sf=9 flag=init_neg
[T2depth] t=10.5520 id=124 src=motion2 u=475.6 v=255.0 depth=1.4764 depth2=-1.0000 track=2 sf=9 flag=ok
[T2depth] t=10.5520 id=130 src=motion2 u=228.0 v=287.0 depth=5.0000 depth2=-1.0000 track=2 sf=9 flag=init_neg
[T2xcross] t=10.5520 id=318 est=3.5312 svd=0.3968 rel=0.8876 track=2 sf=9
[T2depth] t=10.5520 id=320 src=motion2 u=257.0 v=126.0 depth=5.0000 depth2=-1.0000 track=2 sf=9 flag=init_neg
[T2depth] t=10.5520 id=322 src=motion2 u=156.0 v=96.0 depth=5.0000 depth2=-1.0000 track=2 sf=9 flag=init_neg
[T2depth] t=10.5520 id=217 src=stereo u=455.0 v=79.3 depth=3.8909 depth2=-1.0000 track=1 sf=10 flag=ok
[T2depth] t=10.5520 id=326 src=stereo u=381.0 v=142.0 depth=5.0000 depth2=-1.0000 track=1 sf=10 flag=init_neg
[T2depth] t=10.5520 id=328 src=stereo u=241.0 v=201.0 depth=29.7382 depth2=-1.0000 track=1 sf=10 flag=ok
[T2gate] t=10.5520 tri=44 rej=0 xrej=0 init_replace=7 gate=0
[T2slv] t=10.5520 phase=1 init_cost=179.489 final_cost=138.085 iters=9 term=1 slv_ms=24.2
[T2diag] t=10.5520 P=[-0.0184 -0.0035 0.0032] V=[-0.0244 -0.0055 0.0068] |Bas|=0.021926 |Bgs|=0.0021127 Bas=[-0.017826 -0.001981 -0.012612] Bgs=[0.0012272 -0.0017026 -0.0002422] tic0=[0.1200 0.0500 -0.0200] tic1=[0.1200 -0.0500 -0.0200] td=0.00000 track=140
[E2uls] flag=1 sh_t=10.608 new_t=10.608 dP=[-0.0037 0.0005 0.0006] |dP|=0.0038 first_dt=-1.0000
time: 10.552000, t: -0.018417 -0.003547 0.003216 q: 0.999995 -0.000374 -0.003174 0.000585 
[T2xcross] t=10.6840 id=178 est=1.2157 svd=1.2483 rel=0.0261 track=11 sf=0
[T2depth] t=10.6840 id=197 src=motion2 u=508.0 v=471.1 depth=14.8904 depth2=-1.0000 track=2 sf=9 flag=ok
[T2depth] t=10.6840 id=325 src=motion2 u=597.0 v=58.0 depth=5.0000 depth2=-1.0000 track=2 sf=9 flag=init_neg
[T2xcross] t=10.6840 id=328 est=29.7382 svd=0.3089 rel=0.9896 track=2 sf=9
[T2depth] t=10.6840 id=332 src=motion2 u=157.0 v=194.0 depth=5.0000 depth2=-1.0000 track=2 sf=9 flag=init_neg
[T2depth] t=10.6840 id=293 src=stereo u=38.2 v=141.0 depth=5.0000 depth2=-1.0000 track=1 sf=10 flag=init_neg
[T2depth] t=10.6840 id=335 src=stereo u=475.7 v=162.6 depth=4.4629 depth2=-1.0000 track=1 sf=10 flag=ok
[T2depth] t=10.6840 id=336 src=stereo u=498.1 v=30.6 depth=3.4336 depth2=-1.0000 track=1 sf=10 flag=ok
[T2depth] t=10.6840 id=340 src=stereo u=65.0 v=157.6 depth=5.0000 depth2=-1.0000 track=1 sf=10 flag=init_neg
[T2depth] t=10.6840 id=341 src=stereo u=440.0 v=198.6 depth=3.8936 depth2=-1.0000 track=1 sf=10 flag=ok
[T2depth] t=10.6840 id=343 src=stereo u=323.0 v=238.0 depth=5.0000 depth2=-1.0000 track=1 sf=10 flag=init_neg
[T2gate] t=10.6840 tri=44 rej=0 xrej=0 init_replace=5 gate=0
[T2slv] t=10.6840 phase=1 init_cost=1074.65 final_cost=126.441 iters=9 term=1 slv_ms=19.4
[T2diag] t=10.6840 P=[-0.0175 -0.0033 0.0011] V=[-0.0166 -0.0064 -0.0042] |Bas|=0.032426 |Bgs|=0.0020496 Bas=[-0.031768 -0.004490 -0.004699] Bgs=[0.0010737 -0.0017091 -0.0003566] tic0=[0.1200 0.0500 -0.0200] tic1=[0.1200 -0.0500 -0.0200] td=0.00000 track=137
[E2uls] flag=1 sh_t=10.764 new_t=10.764 dP=[-0.0071 -0.0027 0.0047] |dP|=0.0089 first_dt=-1.0000
time: 10.684000, t: -0.017472 -0.003322 0.001086 q: 0.999993 -0.000531 -0.003665 0.000685 
[T2xcross] t=10.7840 id=217 est=3.8909 svd=0.7229 rel=0.8142 track=2 sf=9
[T2depth] t=10.7840 id=288 src=motion2 u=525.7 v=141.4 depth=0.5080 depth2=-1.0000 track=2 sf=9 flag=ok
[T2xcross] t=10.7840 id=293 est=5.0000 svd=0.3308 rel=0.9338 track=2 sf=9
[T2depth] t=10.7840 id=333 src=motion2 u=91.1 v=137.7 depth=5.0000 depth2=-1.0000 track=2 sf=9 flag=init_neg
[T2depth] t=10.7840 id=337 src=motion2 u=164.9 v=74.1 depth=5.0000 depth2=-1.0000 track=2 sf=9 flag=init_neg
[T2depth] t=10.7840 id=339 src=motion2 u=625.8 v=31.7 depth=5.0000 depth2=-1.0000 track=2 sf=9 flag=init_neg
[T2xcross] t=10.7840 id=341 est=3.8936 svd=1.8994 rel=0.5122 track=2 sf=9
[T2depth] t=10.7840 id=344 src=motion2 u=239.0 v=21.0 depth=0.0921 depth2=-1.0000 track=2 sf=9 flag=ok
[T2depth] t=10.7840 id=345 src=motion2 u=366.0 v=213.0 depth=0.1216 depth2=-1.0000 track=2 sf=9 flag=ok
[T2depth] t=10.7840 id=100 src=stereo u=381.3 v=277.0 depth=5.0000 depth2=-1.0000 track=1 sf=10 flag=init_neg
[T2depth] t=10.7840 id=348 src=stereo u=462.0 v=115.0 depth=3.8035 depth2=-1.0000 track=1 sf=10 flag=ok
[T2depth] t=10.7840 id=350 src=stereo u=124.6 v=87.2 depth=5.0000 depth2=-1.0000 track=1 sf=10 flag=init_neg
[T2depth] t=10.7840 id=351 src=stereo u=210.0 v=151.0 depth=33.2594 depth2=-1.0000 track=1 sf=10 flag=ok
[T2depth] t=10.7840 id=353 src=stereo u=601.0 v=86.0 depth=44.0670 depth2=-1.0000 track=1 sf=10 flag=ok
[T2depth] t=10.7840 id=354 src=stereo u=543.0 v=54.0 depth=3.2003 depth2=-1.0000 track=1 sf=10 flag=ok
[T2depth] t=10.7840 id=355 src=stereo u=308.0 v=158.0 depth=5.0000 depth2=-1.0000 track=1 sf=10 flag=init_neg
[T2gate] t=10.7840 tri=73 rej=0 xrej=0 init_replace=6 gate=0
[T2slv] t=10.7840 phase=1 init_cost=140.985 final_cost=90.2072 iters=9 term=1 slv_ms=10.4
[T2diag] t=10.7840 P=[-0.0112 -0.0025 0.0015] V=[-0.0006 -0.0047 -0.0007] |Bas|=0.039975 |Bgs|=0.0019327 Bas=[-0.038960 -0.005627 -0.006961] Bgs=[0.0009441 -0.0016716 -0.0002226] tic0=[0.1200 0.0500 -0.0200] tic1=[0.1200 -0.0500 -0.0200] td=0.00000 track=108
[E2uls] flag=1 sh_t=10.820 new_t=10.820 dP=[-0.0091 -0.0016 -0.0012] |dP|=0.0093 first_dt=-1.0000
time: 10.784000, t: -0.011198 -0.002480 0.001474 q: 0.999994 -0.000503 -0.003374 0.000725 
[T2xcross] t=10.8840 id=345 est=0.1216 svd=0.0777 rel=0.3609 track=2 sf=9
[T2depth] t=10.8840 id=3 src=motion2 u=617.1 v=372.0 depth=5.0000 depth2=-1.0000 track=2 sf=9 flag=init_neg
[T2depth] t=10.8840 id=11 src=motion2 u=398.9 v=342.0 depth=5.0000 depth2=-1.0000 track=2 sf=9 flag=init_neg
[T2depth] t=10.8840 id=13 src=motion2 u=540.3 v=375.1 depth=327.3749 depth2=-1.0000 track=2 sf=9 flag=ok
[T2depth] t=10.8840 id=19 src=motion2 u=455.9 v=349.1 depth=5.0000 depth2=-1.0000 track=2 sf=9 flag=init_neg
[T2depth] t=10.8840 id=21 src=motion2 u=580.1 v=365.1 depth=5.0000 depth2=-1.0000 track=2 sf=9 flag=init_neg
[T2depth] t=10.8840 id=23 src=motion2 u=505.2 v=361.1 depth=5.0000 depth2=-1.0000 track=2 sf=9 flag=init_neg
[T2depth] t=10.8840 id=24 src=motion2 u=568.0 v=409.1 depth=5.0000 depth2=-1.0000 track=2 sf=9 flag=init_neg
[T2depth] t=10.8840 id=25 src=motion2 u=454.9 v=383.1 depth=5.0000 depth2=-1.0000 track=2 sf=9 flag=init_neg
[T2depth] t=10.8840 id=30 src=motion2 u=637.2 v=346.1 depth=5.0000 depth2=-1.0000 track=2 sf=9 flag=init_neg
[T2depth] t=10.8840 id=40 src=motion2 u=619.0 v=320.0 depth=5.0000 depth2=-1.0000 track=2 sf=9 flag=init_neg
[T2depth] t=10.8840 id=44 src=motion2 u=610.1 v=410.1 depth=5.0000 depth2=-1.0000 track=2 sf=9 flag=init_neg
[T2depth] t=10.8840 id=48 src=motion2 u=461.3 v=294.0 depth=313.2957 depth2=-1.0000 track=2 sf=9 flag=ok
[T2depth] t=10.8840 id=53 src=motion2 u=511.2 v=438.3 depth=5.0000 depth2=-1.0000 track=2 sf=9 flag=init_neg
[T2depth] t=10.8840 id=57 src=motion2 u=381.0 v=316.0 depth=5.0000 depth2=-1.0000 track=2 sf=9 flag=init_neg
[T2depth] t=10.8840 id=59 src=motion2 u=580.2 v=453.9 depth=5.0000 depth2=-1.0000 track=2 sf=9 flag=init_neg
[T2depth] t=10.8840 id=68 src=motion2 u=353.9 v=291.0 depth=5.0000 depth2=-1.0000 track=2 sf=9 flag=init_neg
[T2depth] t=10.8840 id=73 src=motion2 u=444.9 v=436.0 depth=3.1457 depth2=-1.0000 track=2 sf=9 flag=ok
[T2depth] t=10.8840 id=82 src=motion2 u=633.5 v=293.1 depth=5.0000 depth2=-1.0000 track=2 sf=9 flag=init_neg
[T2depth] t=10.8840 id=84 src=motion2 u=408.8 v=289.0 depth=5.0000 depth2=-1.0000 track=2 sf=9 flag=init_neg
[T2depth] t=10.8840 id=89 src=motion2 u=434.8 v=467.4 depth=5.0000 depth2=-1.0000 track=2 sf=9 flag=init_neg
[T2depth] t=10.8840 id=93 src=motion2 u=638.0 v=425.1 depth=5.0000 depth2=-1.0000 track=2 sf=9 flag=init_neg
[T2depth] t=10.8840 id=97 src=motion2 u=631.0 v=478.1 depth=16.2114 depth2=-1.0000 track=2 sf=9 flag=ok
[T2depth] t=10.8840 id=98 src=motion2 u=50.9 v=281.1 depth=5.0000 depth2=-1.0000 track=2 sf=9 flag=init_neg
[T2depth] t=10.8840 id=99 src=motion2 u=302.2 v=279.1 depth=5.1821 depth2=-1.0000 track=2 sf=9 flag=ok
[T2depth] t=10.8840 id=110 src=motion2 u=113.1 v=244.0 depth=0.5379 depth2=-1.0000 track=2 sf=9 flag=ok
[T2depth] t=10.8840 id=112 src=motion2 u=480.1 v=427.1 depth=5.0000 depth2=-1.0000 track=2 sf=9 flag=init_neg
[T2depth] t=10.8840 id=125 src=motion2 u=600.1 v=478.1 depth=5.0000 depth2=-1.0000 track=2 sf=9 flag=init_neg
[T2depth] t=10.8840 id=135 src=motion2 u=600.6 v=249.8 depth=5.0000 depth2=-1.0000 track=2 sf=9 flag=init_neg
[T2depth] t=10.8840 id=168 src=motion2 u=414.9 v=440.1 depth=5.5336 depth2=-1.0000 track=2 sf=9 flag=ok
[T2depth] t=10.8840 id=255 src=motion2 u=33.6 v=75.9 depth=5.0000 depth2=-1.0000 track=2 sf=9 flag=init_neg
[T2depth] t=10.8840 id=311 src=motion2 u=233.7 v=243.0 depth=0.8126 depth2=-1.0000 track=2 sf=9 flag=ok
[T2xcross] t=10.8840 id=348 est=3.8035 svd=0.0390 rel=0.9897 track=2 sf=9
[T2xcross] t=10.8840 id=351 est=33.2594 svd=0.0947 rel=0.9972 track=2 sf=9
[T2xcross] t=10.8840 id=353 est=44.0670 svd=0.0739 rel=0.9983 track=2 sf=9
[T2depth] t=10.8840 id=356 src=motion2 u=493.0 v=71.0 depth=5.0000 depth2=-1.0000 track=2 sf=9 flag=init_neg
[T2depth] t=10.8840 id=360 src=stereo u=511.8 v=30.2 depth=3.4521 depth2=-1.0000 track=1 sf=10 flag=ok
[T2depth] t=10.8840 id=361 src=stereo u=303.7 v=13.5 depth=16.2998 depth2=-1.0000 track=1 sf=10 flag=ok
[T2gate] t=10.8840 tri=79 rej=0 xrej=0 init_replace=24 gate=0
[T2slv] t=10.8840 phase=1 init_cost=81.2011 final_cost=80.3901 iters=9 term=1 slv_ms=9.6
[T2diag] t=10.8840 P=[-0.0104 -0.0018 0.0016] V=[-0.0036 -0.0028 -0.0001] |Bas|=0.046993 |Bgs|=0.0019175 Bas=[-0.046056 -0.006564 -0.006638] Bgs=[0.0009775 -0.0016459 -0.0001109] tic0=[0.1200 0.0500 -0.0200] tic1=[0.1200 -0.0500 -0.0200] td=0.00000 track=130
[E2uls] flag=1 sh_t=10.944 new_t=10.944 dP=[-0.0017 -0.0016 0.0000] |dP|=0.0023 first_dt=-1.0000
time: 10.884000, t: -0.010408 -0.001792 0.001586 q: 0.999993 -0.000557 -0.003682 0.000605 
[T2xcross] t=11.0160 id=100 est=5.0000 svd=0.2392 rel=0.9522 track=2 sf=9
[T2depth] t=11.0160 id=4 src=motion2 u=385.8 v=387.0 depth=5.0000 depth2=-1.0000 track=2 sf=9 flag=init_neg
[T2depth] t=11.0160 id=15 src=motion2 u=203.0 v=388.2 depth=5.0000 depth2=-1.0000 track=2 sf=9 flag=init_neg
[T2depth] t=11.0160 id=36 src=motion2 u=482.6 v=394.2 depth=5.0000 depth2=-1.0000 track=2 sf=9 flag=init_neg
[T2depth] t=11.0160 id=50 src=motion2 u=526.0 v=411.1 depth=5.0000 depth2=-1.0000 track=2 sf=9 flag=init_neg
[T2depth] t=11.0160 id=56 src=motion2 u=385.4 v=433.0 depth=5.0000 depth2=-1.0000 track=2 sf=9 flag=init_neg
[T2depth] t=11.0160 id=66 src=motion2 u=477.8 v=474.9 depth=5.0000 depth2=-1.0000 track=2 sf=9 flag=init_neg
[T2depth] t=11.0160 id=71 src=motion2 u=396.0 v=463.6 depth=5.0000 depth2=-1.0000 track=2 sf=9 flag=init_neg
[T2depth] t=11.0160 id=72 src=motion2 u=538.5 v=472.1 depth=5.0000 depth2=-1.0000 track=2 sf=9 flag=init_neg
[T2depth] t=11.0160 id=92 src=motion2 u=551.0 v=436.1 depth=5.0000 depth2=-1.0000 track=2 sf=9 flag=init_neg
[T2depth] t=11.0160 id=357 src=motion2 u=365.8 v=128.5 depth=5.0000 depth2=-1.0000 track=2 sf=9 flag=init_neg
[T2xcross] t=11.0160 id=360 est=3.4521 svd=0.1937 rel=0.9439 track=2 sf=9
[T2xcross] t=11.0160 id=361 est=16.2998 svd=0.0655 rel=0.9960 track=2 sf=9
[T2depth] t=11.0160 id=362 src=motion2 u=129.1 v=132.2 depth=5.0000 depth2=-1.0000 track=2 sf=9 flag=init_neg
[T2depth] t=11.0160 id=364 src=motion2 u=26.0 v=32.3 depth=0.0691 depth2=-1.0000 track=2 sf=9 flag=ok
[T2depth] t=11.0160 id=365 src=motion2 u=538.7 v=159.7 depth=5.0000 depth2=-1.0000 track=2 sf=9 flag=init_neg
[T2depth] t=11.0160 id=366 src=motion2 u=615.0 v=41.0 depth=0.5580 depth2=-1.0000 track=2 sf=9 flag=ok
[T2depth] t=11.0160 id=367 src=motion2 u=637.0 v=263.0 depth=5.0000 depth2=-1.0000 track=2 sf=9 flag=init_neg
[T2depth] t=11.0160 id=368 src=motion2 u=410.0 v=176.0 depth=0.0300 depth2=-1.0000 track=2 sf=9 flag=ok
[T2depth] t=11.0160 id=374 src=stereo u=448.0 v=154.4 depth=3.8974 depth2=-1.0000 track=1 sf=10 flag=ok
[T2depth] t=11.0160 id=375 src=stereo u=250.0 v=185.0 depth=31.9781 depth2=-1.0000 track=1 sf=10 flag=ok
[T2depth] t=11.0160 id=377 src=stereo u=299.0 v=59.0 depth=5.0000 depth2=-1.0000 track=1 sf=10 flag=init_neg
[T2gate] t=11.0160 tri=62 rej=0 xrej=0 init_replace=14 gate=0
[T2slv] t=11.0160 phase=1 init_cost=80.4784 final_cost=77.9663 iters=9 term=1 slv_ms=13.6
[T2diag] t=11.0160 P=[-0.0089 -0.0013 0.0016] V=[0.0012 -0.0036 0.0005] |Bas|=0.058429 |Bgs|=0.0018238 Bas=[-0.057500 -0.007190 -0.007483] Bgs=[0.0011070 -0.0014486 -0.0000491] tic0=[0.1200 0.0500 -0.0200] tic1=[0.1200 -0.0500 -0.0200] td=0.00000 track=130
[E2uls] flag=1 sh_t=11.072 new_t=11.072 dP=[-0.0022 -0.0019 -0.0002] |dP|=0.0029 first_dt=-1.0000
time: 11.016000, t: -0.008893 -0.001284 0.001594 q: 0.999992 -0.000665 -0.003961 0.000517 
[T2xcross] t=11.1480 id=321 est=5.0000 svd=0.0206 rel=0.9959 track=3 sf=8
[T2xcross] t=11.1480 id=362 est=5.0000 svd=0.0545 rel=0.9891 track=2 sf=9
[T2depth] t=11.1480 id=7 src=motion2 u=316.9 v=357.1 depth=0.4210 depth2=-1.0000 track=2 sf=9 flag=ok
[T2depth] t=11.1480 id=10 src=motion2 u=352.1 v=346.1 depth=0.4290 depth2=-1.0000 track=2 sf=9 flag=ok
[T2depth] t=11.1480 id=31 src=motion2 u=523.0 v=323.0 depth=0.4475 depth2=-1.0000 track=2 sf=9 flag=ok
[T2depth] t=11.1480 id=33 src=motion2 u=326.1 v=412.0 depth=0.4015 depth2=-1.0000 track=2 sf=9 flag=ok
[T2depth] t=11.1480 id=39 src=motion2 u=614.4 v=451.3 depth=0.5365 depth2=-1.0000 track=2 sf=9 flag=ok
[T2depth] t=11.1480 id=42 src=motion2 u=312.8 v=310.0 depth=0.4046 depth2=-1.0000 track=2 sf=9 flag=ok
[T2depth] t=11.1480 id=45 src=motion2 u=350.0 v=390.1 depth=0.4232 depth2=-1.0000 track=2 sf=9 flag=ok
[T2depth] t=11.1480 id=63 src=motion2 u=567.1 v=307.0 depth=0.3911 depth2=-1.0000 track=2 sf=9 flag=ok
[T2depth] t=11.1480 id=74 src=motion2 u=550.7 v=335.0 depth=0.4673 depth2=-1.0000 track=2 sf=9 flag=ok
[T2depth] t=11.1480 id=83 src=motion2 u=417.8 v=381.1 depth=0.5254 depth2=-1.0000 track=2 sf=9 flag=ok
[T2depth] t=11.1480 id=85 src=motion2 u=305.3 v=435.9 depth=0.3779 depth2=-1.0000 track=2 sf=9 flag=ok
[T2depth] t=11.1480 id=86 src=motion2 u=520.9 v=292.0 depth=0.4428 depth2=-1.0000 track=2 sf=9 flag=ok
[T2depth] t=11.1480 id=94 src=motion2 u=598.0 v=298.0 depth=0.3799 depth2=-1.0000 track=2 sf=9 flag=ok
[T2depth] t=11.1480 id=96 src=motion2 u=587.9 v=331.0 depth=0.4639 depth2=-1.0000 track=2 sf=9 flag=ok
[T2depth] t=11.1480 id=370 src=motion2 u=93.3 v=101.0 depth=0.0655 depth2=-1.0000 track=2 sf=9 flag=ok
[T2depth] t=11.1480 id=376 src=motion2 u=326.0 v=162.0 depth=0.0633 depth2=-1.0000 track=2 sf=9 flag=ok
[T2depth] t=11.1480 id=378 src=motion2 u=306.0 v=195.0 depth=0.0453 depth2=-1.0000 track=2 sf=9 flag=ok
[T2depth] t=11.1480 id=383 src=stereo u=448.0 v=159.1 depth=3.8871 depth2=-1.0000 track=1 sf=10 flag=ok
[T2depth] t=11.1480 id=388 src=stereo u=384.0 v=188.0 depth=3.8859 depth2=-1.0000 track=1 sf=10 flag=ok
[T2depth] t=11.1480 id=390 src=stereo u=393.0 v=30.0 depth=4.0206 depth2=-1.0000 track=1 sf=10 flag=ok
[T2gate] t=11.1480 tri=56 rej=0 xrej=0 init_replace=0 gate=0
[T2slv] t=11.1480 phase=1 init_cost=73.7236 final_cost=69.2258 iters=9 term=1 slv_ms=17.0
[T2diag] t=11.1480 P=[-0.0087 -0.0029 0.0037] V=[0.0032 -0.0059 0.0061] |Bas|=0.067691 |Bgs|=0.0019797 Bas=[-0.066630 -0.007212 -0.009510] Bgs=[0.0011111 -0.0016182 -0.0002564] tic0=[0.1200 0.0500 -0.0200] tic1=[0.1200 -0.0500 -0.0200] td=0.00000 track=135
[E2uls] flag=1 sh_t=11.204 new_t=11.204 dP=[0.0000 0.0011 -0.0020] |dP|=0.0022 first_dt=-1.0000
time: 11.148000, t: -0.008750 -0.002861 0.003681 q: 0.999991 -0.000843 -0.003937 0.001009 
[T2xcross] t=11.2480 id=356 est=5.0000 svd=0.1207 rel=0.9759 track=2 sf=9
[T2depth] t=11.2480 id=32 src=motion2 u=433.8 v=407.0 depth=5.0000 depth2=-1.0000 track=2 sf=9 flag=init_neg
[T2depth] t=11.2480 id=70 src=motion2 u=484.5 v=323.0 depth=5.0000 depth2=-1.0000 track=2 sf=9 flag=init_neg
[T2depth] t=11.2480 id=76 src=motion2 u=434.0 v=324.0 depth=5.0000 depth2=-1.0000 track=2 sf=9 flag=init_neg
[T2depth] t=11.2480 id=106 src=motion2 u=557.5 v=254.0 depth=5.0000 depth2=-1.0000 track=2 sf=9 flag=init_neg
[T2depth] t=11.2480 id=380 src=motion2 u=216.1 v=212.2 depth=5.0000 depth2=-1.0000 track=2 sf=9 flag=init_neg
[T2depth] t=11.2480 id=382 src=motion2 u=518.2 v=205.9 depth=5.0000 depth2=-1.0000 track=2 sf=9 flag=init_neg
[T2xcross] t=11.2480 id=383 est=3.8871 svd=3.8847 rel=0.0006 track=2 sf=9
[T2depth] t=11.2480 id=384 src=motion2 u=158.1 v=193.6 depth=5.0000 depth2=-1.0000 track=2 sf=9 flag=init_neg
[T2depth] t=11.2480 id=389 src=motion2 u=600.0 v=106.0 depth=5.0000 depth2=-1.0000 track=2 sf=9 flag=init_neg
[T2depth] t=11.2480 id=396 src=stereo u=73.2 v=26.0 depth=5.0000 depth2=-1.0000 track=1 sf=10 flag=init_neg
[T2depth] t=11.2480 id=407 src=stereo u=408.0 v=149.0 depth=3.6241 depth2=-1.0000 track=1 sf=10 flag=ok
[T2gate] t=11.2480 tri=46 rej=0 xrej=0 init_replace=9 gate=0
[T2slv] t=11.2480 phase=1 init_cost=98.2744 final_cost=76.0052 iters=9 term=1 slv_ms=20.1
[T2diag] t=11.2480 P=[-0.0079 -0.0038 0.0039] V=[0.0028 -0.0057 0.0035] |Bas|=0.074449 |Bgs|=0.0017399 Bas=[-0.073764 -0.007069 -0.007183] Bgs=[0.0008381 -0.0014939 -0.0003056] tic0=[0.1200 0.0500 -0.0200] tic1=[0.1200 -0.0500 -0.0200] td=0.00000 track=140
[E2uls] flag=1 sh_t=11.332 new_t=11.332 dP=[0.0003 -0.0001 0.0022] |dP|=0.0022 first_dt=-1.0000
time: 11.248000, t: -0.007892 -0.003772 0.003877 q: 0.999989 -0.000856 -0.004434 0.001086 
[T2xcross] t=11.3200 id=396 est=5.0000 svd=0.0378 rel=0.9924 track=2 sf=9
[T2depth] t=11.3200 id=397 src=motion2 u=152.4 v=33.3 depth=0.0007 depth2=-1.0000 track=2 sf=9 flag=ok
[T2depth] t=11.3200 id=404 src=motion2 u=266.0 v=205.0 depth=5.0000 depth2=-1.0000 track=2 sf=9 flag=init_neg
[T2depth] t=11.3200 id=405 src=motion2 u=43.0 v=191.0 depth=5.0000 depth2=-1.0000 track=2 sf=9 flag=init_neg
[T2depth] t=11.3200 id=406 src=motion2 u=39.0 v=92.0 depth=5.0000 depth2=-1.0000 track=2 sf=9 flag=init_neg
[T2xcross] t=11.3200 id=407 est=3.6241 svd=0.1131 rel=0.9688 track=2 sf=9
[T2depth] t=11.3200 id=415 src=stereo u=330.9 v=39.5 depth=5.0000 depth2=-1.0000 track=1 sf=10 flag=init_neg
[T2depth] t=11.3200 id=418 src=stereo u=611.0 v=78.0 depth=5.0000 depth2=-1.0000 track=1 sf=10 flag=init_neg
[T2depth] t=11.3200 id=419 src=stereo u=211.0 v=138.0 depth=26.7620 depth2=-1.0000 track=1 sf=10 flag=ok
[T2gate] t=11.3200 tri=45 rej=0 xrej=0 init_replace=5 gate=0
[T2slv] t=11.3200 phase=1 init_cost=77.2286 final_cost=74.9289 iters=9 term=1 slv_ms=7.2
[T2diag] t=11.3200 P=[-0.0075 -0.0035 0.0034] V=[0.0062 -0.0069 0.0044] |Bas|=0.076970 |Bgs|=0.0017134 Bas=[-0.076435 -0.007137 -0.005578] Bgs=[0.0007329 -0.0015400 -0.0001641] tic0=[0.1200 0.0500 -0.0200] tic1=[0.1200 -0.0500 -0.0200] td=0.00000 track=137
[E2uls] flag=1 sh_t=11.364 new_t=11.364 dP=[0.0003 -0.0009 0.0014] |dP|=0.0017 first_dt=-1.0000
time: 11.320000, t: -0.007548 -0.003534 0.003363 q: 0.999988 -0.000753 -0.004787 0.001119 
[T2depth] t=11.4200 id=108 src=motion2 u=198.0 v=288.1 depth=13.9948 depth2=-1.0000 track=2 sf=9 flag=ok
[T2depth] t=11.4200 id=113 src=motion2 u=41.8 v=244.0 depth=1.2268 depth2=-1.0000 track=2 sf=9 flag=ok
[T2depth] t=11.4200 id=412 src=motion2 u=176.9 v=101.9 depth=0.1408 depth2=-1.0000 track=2 sf=9 flag=ok
[T2xcross] t=11.4200 id=415 est=5.0000 svd=0.1640 rel=0.9672 track=2 sf=9
[T2depth] t=11.4200 id=417 src=motion2 u=92.0 v=144.0 depth=0.6772 depth2=-1.0000 track=2 sf=9 flag=ok
[T2xcross] t=11.4200 id=419 est=26.7620 svd=0.0074 rel=0.9997 track=2 sf=9
[T2depth] t=11.4200 id=422 src=motion2 u=303.0 v=23.0 depth=0.0630 depth2=-1.0000 track=2 sf=9 flag=ok
[T2depth] t=11.4200 id=424 src=stereo u=342.2 v=82.8 depth=5.0000 depth2=-1.0000 track=1 sf=10 flag=init_neg
[T2depth] t=11.4200 id=428 src=stereo u=205.2 v=100.1 depth=5.0000 depth2=-1.0000 track=1 sf=10 flag=init_neg
[T2depth] t=11.4200 id=435 src=stereo u=417.0 v=166.0 depth=3.4837 depth2=-1.0000 track=1 sf=10 flag=ok
[T2gate] t=11.4200 tri=45 rej=0 xrej=0 init_replace=2 gate=0
[T2slv] t=11.4200 phase=1 init_cost=74.3224 final_cost=71.8178 iters=8 term=0 slv_ms=9.5
[T2diag] t=11.4200 P=[-0.0081 -0.0030 0.0042] V=[0.0051 -0.0028 0.0024] |Bas|=0.084546 |Bgs|=0.0018712 Bas=[-0.083902 -0.007595 -0.007124] Bgs=[0.0008762 -0.0016519 -0.0000695] tic0=[0.1200 0.0500 -0.0200] tic1=[0.1200 -0.0500 -0.0200] td=0.00000 track=139
[E2uls] flag=1 sh_t=11.476 new_t=11.476 dP=[0.0015 -0.0022 -0.0008] |dP|=0.0028 first_dt=-1.0000
time: 11.420000, t: -0.008066 -0.003017 0.004152 q: 0.999987 -0.001186 -0.004936 0.000963 
[T2xcross] t=11.5480 id=15 est=5.0000 svd=3.2187 rel=0.3563 track=2 sf=9
[T2xcross] t=11.5480 id=382 est=5.0000 svd=0.0434 rel=0.9913 track=2 sf=9
[T2xcross] t=11.5480 id=397 est=0.0007 svd=0.0583 rel=0.9882 track=2 sf=9
[T2xcross] t=11.5480 id=412 est=0.1408 svd=0.1383 rel=0.0177 track=2 sf=9
[T2depth] t=11.5480 id=432 src=motion2 u=63.0 v=67.0 depth=5.0000 depth2=-1.0000 track=2 sf=9 flag=init_neg
[T2xcross] t=11.5480 id=435 est=3.4837 svd=0.0498 rel=0.9857 track=2 sf=9
[T2depth] t=11.5480 id=436 src=motion2 u=627.0 v=129.0 depth=5.0000 depth2=-1.0000 track=2 sf=9 flag=init_neg
[T2depth] t=11.5480 id=440 src=stereo u=444.0 v=110.0 depth=3.8893 depth2=-1.0000 track=1 sf=10 flag=ok
[T2depth] t=11.5480 id=443 src=stereo u=509.5 v=103.1 depth=4.2145 depth2=-1.0000 track=1 sf=10 flag=ok
[T2gate] t=11.5480 tri=43 rej=0 xrej=0 init_replace=2 gate=0
[T2slv] t=11.5480 phase=1 init_cost=73.7133 final_cost=72.9006 iters=9 term=1 slv_ms=5.5
[T2diag] t=11.5480 P=[-0.0080 -0.0035 0.0046] V=[0.0074 -0.0045 0.0038] |Bas|=0.087439 |Bgs|=0.0018490 Bas=[-0.086841 -0.007866 -0.006510] Bgs=[0.0008308 -0.0016477 -0.0001171] tic0=[0.1200 0.0500 -0.0200] tic1=[0.1200 -0.0500 -0.0200] td=0.00000 track=139
[E2uls] flag=1 sh_t=11.584 new_t=11.584 dP=[0.0011 -0.0002 0.0003] |dP|=0.0011 first_dt=-1.0000
time: 11.548000, t: -0.008009 -0.003509 0.004579 q: 0.999986 -0.001184 -0.005054 0.001182 
[T2depth] t=11.6480 id=437 src=motion2 u=255.5 v=265.0 depth=1.2209 depth2=-1.0000 track=2 sf=9 flag=ok
[T2xcross] t=11.6480 id=440 est=3.8893 svd=0.0061 rel=0.9984 track=2 sf=9
[T2depth] t=11.6480 id=441 src=motion2 u=626.4 v=12.0 depth=5.0000 depth2=-1.0000 track=2 sf=9 flag=init_neg
[T2depth] t=11.6480 id=444 src=motion2 u=338.8 v=159.8 depth=0.3529 depth2=-1.0000 track=2 sf=9 flag=ok
[T2depth] t=11.6480 id=446 src=motion2 u=80.0 v=117.0 depth=0.2103 depth2=-1.0000 track=2 sf=9 flag=ok
[T2depth] t=11.6480 id=447 src=motion2 u=220.0 v=198.0 depth=5.0000 depth2=-1.0000 track=2 sf=9 flag=init_neg
[T2depth] t=11.6480 id=448 src=motion2 u=597.0 v=52.0 depth=5.0000 depth2=-1.0000 track=2 sf=9 flag=init_neg
[T2depth] t=11.6480 id=450 src=stereo u=56.0 v=150.6 depth=33.8219 depth2=-1.0000 track=1 sf=10 flag=ok
[T2depth] t=11.6480 id=457 src=stereo u=373.0 v=48.0 depth=3.6282 depth2=-1.0000 track=1 sf=10 flag=ok
[T2depth] t=11.6480 id=458 src=stereo u=553.0 v=159.0 depth=5.0000 depth2=-1.0000 track=1 sf=10 flag=init_neg
[T2depth] t=11.6480 id=460 src=stereo u=117.0 v=27.0 depth=5.0000 depth2=-1.0000 track=1 sf=10 flag=init_neg
[T2gate] t=11.6480 tri=43 rej=0 xrej=0 init_replace=5 gate=0
[T2slv] t=11.6480 phase=1 init_cost=75.0664 final_cost=74.1711 iters=9 term=1 slv_ms=5.6
[T2diag] t=11.6480 P=[-0.0078 -0.0040 0.0048] V=[0.0107 -0.0049 0.0049] |Bas|=0.090404 |Bgs|=0.0017091 Bas=[-0.089791 -0.007772 -0.007069] Bgs=[0.0007425 -0.0015369 -0.0000875] tic0=[0.1200 0.0500 -0.0200] tic1=[0.1200 -0.0500 -0.0200] td=0.00000 track=140
[E2uls] flag=1 sh_t=11.684 new_t=11.684 dP=[0.0013 -0.0001 0.0002] |dP|=0.0013 first_dt=-1.0000
time: 11.648000, t: -0.007793 -0.003977 0.004809 q: 0.999986 -0.001003 -0.004987 0.001232 
[T2xcross] t=11.7480 id=450 est=33.8219 svd=0.3660 rel=0.9892 track=2 sf=9
[T2depth] t=11.7480 id=454 src=motion2 u=619.2 v=100.8 depth=5.0000 depth2=-1.0000 track=2 sf=9 flag=init_neg
[T2depth] t=11.7480 id=456 src=motion2 u=315.9 v=189.0 depth=5.0000 depth2=-1.0000 track=2 sf=9 flag=init_neg
[T2depth] t=11.7480 id=461 src=motion2 u=308.0 v=61.0 depth=0.0271 depth2=-1.0000 track=2 sf=9 flag=ok
[T2depth] t=11.7480 id=463 src=stereo u=511.9 v=154.5 depth=4.2023 depth2=-1.0000 track=1 sf=10 flag=ok
[T2depth] t=11.7480 id=464 src=stereo u=323.4 v=102.5 depth=42.7887 depth2=-1.0000 track=1 sf=10 flag=ok
[T2depth] t=11.7480 id=465 src=stereo u=164.1 v=197.6 depth=32.9411 depth2=-1.0000 track=1 sf=10 flag=ok
[T2depth] t=11.7480 id=470 src=stereo u=506.0 v=62.0 depth=4.1231 depth2=-1.0000 track=1 sf=10 flag=ok
[T2gate] t=11.7480 tri=38 rej=0 xrej=0 init_replace=2 gate=0
[T2slv] t=11.7480 phase=1 init_cost=78.5813 final_cost=76.2954 iters=9 term=1 slv_ms=12.1
[T2diag] t=11.7480 P=[-0.0082 -0.0042 0.0043] V=[0.0127 -0.0009 -0.0010] |Bas|=0.092963 |Bgs|=0.0016580 Bas=[-0.092481 -0.008223 -0.004676] Bgs=[0.0008093 -0.0014454 -0.0000684] tic0=[0.1200 0.0500 -0.0200] tic1=[0.1200 -0.0500 -0.0200] td=0.00000 track=142
[E2uls] flag=1 sh_t=11.796 new_t=11.796 dP=[0.0029 -0.0002 0.0016] |dP|=0.0033 first_dt=-1.0000
time: 11.748000, t: -0.008152 -0.004196 0.004304 q: 0.999984 -0.000884 -0.005431 0.001317 
[T2xcross] t=11.8480 id=343 est=5.0000 svd=0.0760 rel=0.9848 track=2 sf=9
[T2xcross] t=11.8480 id=456 est=5.0000 svd=0.0116 rel=0.9977 track=2 sf=9
[T2xcross] t=11.8480 id=457 est=3.6282 svd=0.1727 rel=0.9524 track=2 sf=9
[T2depth] t=11.8480 id=462 src=motion2 u=75.9 v=214.3 depth=0.1050 depth2=-1.0000 track=2 sf=9 flag=ok
[T2xcross] t=11.8480 id=463 est=4.2023 svd=0.0360 rel=0.9914 track=2 sf=9
[T2xcross] t=11.8480 id=464 est=42.7887 svd=0.0390 rel=0.9991 track=2 sf=9
[T2depth] t=11.8480 id=466 src=motion2 u=182.0 v=82.2 depth=0.0072 depth2=-1.0000 track=2 sf=9 flag=ok
[T2depth] t=11.8480 id=467 src=motion2 u=574.8 v=278.0 depth=0.9212 depth2=-1.0000 track=2 sf=9 flag=ok
[T2depth] t=11.8480 id=473 src=stereo u=223.0 v=68.0 depth=5.0000 depth2=-1.0000 track=1 sf=10 flag=init_neg
[T2depth] t=11.8480 id=476 src=stereo u=583.0 v=145.0 depth=5.0000 depth2=-1.0000 track=1 sf=10 flag=init_neg
[T2gate] t=11.8480 tri=36 rej=0 xrej=0 init_replace=2 gate=0
[T2slv] t=11.8480 phase=1 init_cost=85.3705 final_cost=82.1247 iters=9 term=1 slv_ms=9.4
[T2diag] t=11.8480 P=[-0.0080 -0.0041 0.0040] V=[0.0143 0.0047 -0.0001] |Bas|=0.095648 |Bgs|=0.0017248 Bas=[-0.095129 -0.008434 -0.005276] Bgs=[0.0009443 -0.0014269 -0.0002173] tic0=[0.1200 0.0500 -0.0200] tic1=[0.1200 -0.0500 -0.0200] td=0.00000 track=142
[E2uls] flag=1 sh_t=11.888 new_t=11.888 dP=[0.0019 -0.0003 0.0001] |dP|=0.0019 first_dt=-1.0000
time: 11.848000, t: -0.007988 -0.004079 0.004043 q: 0.999983 -0.000992 -0.005488 0.001382 
[T2xcross] t=11.9520 id=108 est=13.9948 svd=0.0540 rel=0.9961 track=2 sf=9
[T2depth] t=11.9520 id=471 src=motion2 u=159.1 v=134.4 depth=0.0499 depth2=-1.0000 track=2 sf=9 flag=ok
[T2depth] t=11.9520 id=481 src=stereo u=254.1 v=157.0 depth=25.5921 depth2=-1.0000 track=1 sf=10 flag=ok
[T2depth] t=11.9520 id=491 src=stereo u=533.0 v=219.0 depth=3.4670 depth2=-1.0000 track=1 sf=10 flag=ok
[T2depth] t=11.9520 id=493 src=stereo u=512.0 v=102.0 depth=4.2297 depth2=-1.0000 track=1 sf=10 flag=ok
[T2depth] t=11.9520 id=495 src=stereo u=486.0 v=218.0 depth=4.0559 depth2=-1.0000 track=1 sf=10 flag=ok
[T2depth] t=11.9520 id=496 src=stereo u=257.0 v=63.0 depth=5.0000 depth2=-1.0000 track=1 sf=10 flag=init_neg
[T2gate] t=11.9520 tri=46 rej=0 xrej=0 init_replace=1 gate=0
[T2slv] t=11.9520 phase=1 init_cost=83.6698 final_cost=82.1346 iters=9 term=1 slv_ms=6.2
[T2diag] t=11.9520 P=[-0.0075 -0.0042 0.0041] V=[0.0146 -0.0001 0.0059] |Bas|=0.096850 |Bgs|=0.0015228 Bas=[-0.096318 -0.008065 -0.006136] Bgs=[0.0007566 -0.0013094 -0.0001787] tic0=[0.1200 0.0500 -0.0200] tic1=[0.1200 -0.0500 -0.0200] td=0.00000 track=134
[E2uls] flag=1 sh_t=11.988 new_t=11.988 dP=[0.0017 0.0014 0.0002] |dP|=0.0022 first_dt=-1.0000
time: 11.952000, t: -0.007458 -0.004227 0.004051 q: 0.999984 -0.000917 -0.005413 0.001547 
[T2depth] t=12.0840 id=479 src=motion2 u=546.6 v=55.2 depth=0.0759 depth2=-1.0000 track=2 sf=9 flag=ok
[T2xcross] t=12.0840 id=481 est=25.5921 svd=0.0575 rel=0.9978 track=2 sf=9
[T2depth] t=12.0840 id=487 src=motion2 u=636.0 v=261.0 depth=5.0000 depth2=-1.0000 track=2 sf=9 flag=init_neg
[T2depth] t=12.0840 id=490 src=motion2 u=337.0 v=85.0 depth=0.0296 depth2=-1.0000 track=2 sf=9 flag=ok
[T2xcross] t=12.0840 id=491 est=3.4670 svd=0.1819 rel=0.9475 track=2 sf=9
[T2depth] t=12.0840 id=492 src=motion2 u=119.0 v=100.0 depth=0.0969 depth2=-1.0000 track=2 sf=9 flag=ok
[T2depth] t=12.0840 id=494 src=motion2 u=138.0 v=60.0 depth=5.0000 depth2=-1.0000 track=2 sf=9 flag=init_neg
[T2xcross] t=12.0840 id=496 est=5.0000 svd=0.0240 rel=0.9952 track=2 sf=9
[T2depth] t=12.0840 id=497 src=motion2 u=522.0 v=27.0 depth=5.0000 depth2=-1.0000 track=2 sf=9 flag=init_neg
[T2depth] t=12.0840 id=502 src=stereo u=173.0 v=22.4 depth=5.0000 depth2=-1.0000 track=1 sf=10 flag=init_neg
[T2depth] t=12.0840 id=503 src=stereo u=603.0 v=140.2 depth=35.1809 depth2=-1.0000 track=1 sf=10 flag=ok
[T2gate] t=12.0840 tri=42 rej=0 xrej=0 init_replace=4 gate=0
[T2slv] t=12.0840 phase=1 init_cost=79.0495 final_cost=76.5292 iters=9 term=1 slv_ms=6.8
[T2diag] t=12.0840 P=[-0.0078 -0.0032 0.0051] V=[0.0119 0.0053 0.0063] |Bas|=0.098872 |Bgs|=0.0015298 Bas=[-0.098395 -0.007921 -0.005600] Bgs=[0.0008677 -0.0012596 0.0000293] tic0=[0.1200 0.0500 -0.0200] tic1=[0.1200 -0.0500 -0.0200] td=0.00000 track=143
[E2uls] flag=1 sh_t=12.120 new_t=12.120 dP=[0.0032 -0.0011 0.0001] |dP|=0.0034 first_dt=-1.0000
time: 12.084000, t: -0.007834 -0.003168 0.005078 q: 0.999984 -0.001254 -0.005409 0.001217 
[T2xcross] t=12.1840 id=493 est=4.2297 svd=0.1253 rel=0.9704 track=2 sf=9
[T2xcross] t=12.1840 id=494 est=5.0000 svd=0.0152 rel=0.9970 track=2 sf=9
[T2xcross] t=12.1840 id=502 est=5.0000 svd=0.0303 rel=0.9939 track=2 sf=9
[T2depth] t=12.1840 id=504 src=motion2 u=629.2 v=189.3 depth=5.0000 depth2=-1.0000 track=2 sf=9 flag=init_neg
[T2depth] t=12.1840 id=505 src=motion2 u=210.0 v=178.0 depth=0.0828 depth2=-1.0000 track=2 sf=9 flag=ok
[T2depth] t=12.1840 id=507 src=motion2 u=91.0 v=166.0 depth=5.0000 depth2=-1.0000 track=2 sf=9 flag=init_neg
[T2depth] t=12.1840 id=508 src=motion2 u=69.0 v=18.0 depth=5.0000 depth2=-1.0000 track=2 sf=9 flag=init_neg
[T2depth] t=12.1840 id=515 src=stereo u=389.0 v=109.0 depth=3.9017 depth2=-1.0000 track=1 sf=10 flag=ok
[T2gate] t=12.1840 tri=36 rej=0 xrej=0 init_replace=3 gate=0
[T2slv] t=12.1840 phase=1 init_cost=81.6876 final_cost=78.5674 iters=9 term=1 slv_ms=7.4
[T2diag] t=12.1840 P=[-0.0088 -0.0042 0.0047] V=[0.0118 0.0000 0.0008] |Bas|=0.099935 |Bgs|=0.0013704 Bas=[-0.099528 -0.008093 -0.003942] Bgs=[0.0006867 -0.0011859 -0.0000060] tic0=[0.1200 0.0500 -0.0200] tic1=[0.1200 -0.0500 -0.0200] td=0.00000 track=143
[E2uls] flag=1 sh_t=12.216 new_t=12.216 dP=[0.0029 0.0021 0.0013] |dP|=0.0038 first_dt=-1.0000
time: 12.184000, t: -0.008817 -0.004249 0.004738 q: 0.999982 -0.001065 -0.005617 0.001540 
[T2xcross] t=12.2840 id=507 est=5.0000 svd=0.1310 rel=0.9738 track=2 sf=9
[T2depth] t=12.2840 id=509 src=motion2 u=32.3 v=44.1 depth=5.0000 depth2=-1.0000 track=2 sf=9 flag=init_neg
[T2depth] t=12.2840 id=517 src=stereo u=478.1 v=57.2 depth=3.6472 depth2=-1.0000 track=1 sf=10 flag=ok
[T2depth] t=12.2840 id=518 src=stereo u=516.2 v=55.2 depth=3.6206 depth2=-1.0000 track=1 sf=10 flag=ok
[T2depth] t=12.2840 id=520 src=stereo u=44.3 v=94.5 depth=5.0000 depth2=-1.0000 track=1 sf=10 flag=init_neg
[T2depth] t=12.2840 id=528 src=stereo u=170.0 v=182.0 depth=5.0000 depth2=-1.0000 track=1 sf=10 flag=init_neg
[T2gate] t=12.2840 tri=41 rej=0 xrej=0 init_replace=3 gate=0
[T2slv] t=12.2840 phase=1 init_cost=80.1742 final_cost=77.8732 iters=9 term=1 slv_ms=5.6
[T2diag] t=12.2840 P=[-0.0087 -0.0037 0.0042] V=[0.0123 0.0067 0.0006] |Bas|=0.101581 |Bgs|=0.0013470 Bas=[-0.101172 -0.008604 -0.002997] Bgs=[0.0006784 -0.0011617 0.0000677] tic0=[0.1200 0.0500 -0.0200] tic1=[0.1200 -0.0500 -0.0200] td=0.00000 track=139
[E2uls] flag=1 sh_t=12.344 new_t=12.344 dP=[0.0022 -0.0002 0.0012] |dP|=0.0026 first_dt=-1.0000
time: 12.284000, t: -0.008714 -0.003689 0.004190 q: 0.999981 -0.001096 -0.005821 0.001389 
[T2xcross] t=12.3880 id=518 est=3.6206 svd=1.0386 rel=0.7131 track=2 sf=9
[T2xcross] t=12.3880 id=520 est=5.0000 svd=0.0697 rel=0.9861 track=2 sf=9
[T2depth] t=12.3880 id=525 src=motion2 u=348.0 v=121.0 depth=5.0000 depth2=-1.0000 track=2 sf=9 flag=init_neg
[T2depth] t=12.3880 id=531 src=stereo u=131.6 v=9.6 depth=5.0000 depth2=-1.0000 track=1 sf=10 flag=init_neg
[T2depth] t=12.3880 id=532 src=stereo u=385.2 v=56.4 depth=3.7955 depth2=-1.0000 track=1 sf=10 flag=ok
[T2depth] t=12.3880 id=533 src=stereo u=247.4 v=170.3 depth=5.0000 depth2=-1.0000 track=1 sf=10 flag=init_neg
[T2depth] t=12.3880 id=539 src=stereo u=393.0 v=150.0 depth=3.8587 depth2=-1.0000 track=1 sf=10 flag=ok
[T2depth] t=12.3880 id=540 src=stereo u=545.0 v=115.0 depth=5.0000 depth2=-1.0000 track=1 sf=10 flag=init_neg
[T2gate] t=12.3880 tri=41 rej=0 xrej=0 init_replace=4 gate=0
[T2slv] t=12.3880 phase=1 init_cost=86.0176 final_cost=84.6438 iters=9 term=1 slv_ms=13.0
[T2diag] t=12.3880 P=[-0.0078 -0.0045 0.0040] V=[0.0153 0.0061 0.0008] |Bas|=0.104152 |Bgs|=0.0012578 Bas=[-0.103708 -0.008970 -0.003431] Bgs=[0.0005433 -0.0011246 -0.0001490] tic0=[0.1200 0.0500 -0.0200] tic1=[0.1200 -0.0500 -0.0200] td=0.00000 track=140
[E2uls] flag=1 sh_t=12.420 new_t=12.420 dP=[0.0010 0.0021 0.0001] |dP|=0.0023 first_dt=-1.0000
time: 12.388000, t: -0.007847 -0.004452 0.004040 q: 0.999981 -0.001011 -0.005918 0.001702 
[T2depth] t=12.4840 id=529 src=motion2 u=324.1 v=460.0 depth=1.9394 depth2=-1.0000 track=2 sf=9 flag=ok
[T2depth] t=12.4840 id=536 src=motion2 u=205.0 v=29.0 depth=0.0746 depth2=-1.0000 track=2 sf=9 flag=ok
[T2depth] t=12.4840 id=538 src=motion2 u=355.0 v=80.0 depth=5.0000 depth2=-1.0000 track=2 sf=9 flag=init_neg
[T2depth] t=12.4840 id=544 src=stereo u=405.4 v=184.1 depth=3.8951 depth2=-1.0000 track=1 sf=10 flag=ok
[T2gate] t=12.4840 tri=40 rej=0 xrej=0 init_replace=1 gate=0
[T2slv] t=12.4840 phase=1 init_cost=91.8741 final_cost=90.5067 iters=9 term=1 slv_ms=5.6
[T2diag] t=12.4840 P=[-0.0081 -0.0037 0.0037] V=[0.0153 0.0101 0.0007] |Bas|=0.105258 |Bgs|=0.0011977 Bas=[-0.104805 -0.009035 -0.003682] Bgs=[0.0005405 -0.0010564 -0.0001630] tic0=[0.1200 0.0500 -0.0200] tic1=[0.1200 -0.0500 -0.0200] td=0.00000 track=139
[E2uls] flag=1 sh_t=12.532 new_t=12.532 dP=[0.0030 0.0005 0.0004] |dP|=0.0031 first_dt=-1.0000
time: 12.484000, t: -0.008147 -0.003699 0.003704 q: 0.999980 -0.001183 -0.006015 0.001611 
[T2xcross] t=12.5840 id=503 est=35.1809 svd=0.7732 rel=0.9780 track=2 sf=9
[T2depth] t=12.5840 id=542 src=motion2 u=159.3 v=87.2 depth=0.0407 depth2=-1.0000 track=2 sf=9 flag=ok
[T2depth] t=12.5840 id=547 src=motion2 u=355.0 v=208.0 depth=5.0000 depth2=-1.0000 track=2 sf=9 flag=init_neg
[T2depth] t=12.5840 id=548 src=motion2 u=145.0 v=240.0 depth=1.7264 depth2=-1.0000 track=2 sf=9 flag=ok
[T2depth] t=12.5840 id=549 src=motion2 u=552.0 v=47.0 depth=1.0484 depth2=-1.0000 track=2 sf=9 flag=ok
[T2depth] t=12.5840 id=553 src=motion2 u=286.0 v=203.0 depth=0.1287 depth2=-1.0000 track=2 sf=9 flag=ok
[T2depth] t=12.5840 id=554 src=motion2 u=393.0 v=89.0 depth=0.0103 depth2=-1.0000 track=2 sf=9 flag=ok
[T2depth] t=12.5840 id=561 src=stereo u=37.0 v=195.0 depth=30.3765 depth2=-1.0000 track=1 sf=10 flag=ok
[T2gate] t=12.5840 tri=43 rej=0 xrej=0 init_replace=1 gate=0
[T2slv] t=12.5840 phase=1 init_cost=89.1175 final_cost=85.216 iters=9 term=1 slv_ms=4.8
[T2diag] t=12.5840 P=[-0.0085 -0.0035 0.0041] V=[0.0151 0.0065 0.0052] |Bas|=0.105577 |Bgs|=0.0010934 Bas=[-0.105148 -0.008387 -0.004478] Bgs=[0.0004579 -0.0009882 -0.0000961] tic0=[0.1200 0.0500 -0.0200] tic1=[0.1200 -0.0500 -0.0200] td=0.00000 track=141
[E2uls] flag=1 sh_t=12.612 new_t=12.612 dP=[0.0022 0.0017 -0.0003] |dP|=0.0028 first_dt=-1.0000
time: 12.584000, t: -0.008453 -0.003487 0.004074 q: 0.999982 -0.001055 -0.005763 0.001569 
[T2xcross] t=12.6840 id=554 est=0.0103 svd=0.0487 rel=0.7877 track=2 sf=9
[T2depth] t=12.6840 id=558 src=motion2 u=165.8 v=130.5 depth=0.0450 depth2=-1.0000 track=2 sf=9 flag=ok
[T2depth] t=12.6840 id=559 src=motion2 u=271.0 v=89.0 depth=0.0177 depth2=-1.0000 track=2 sf=9 flag=ok
[T2depth] t=12.6840 id=564 src=motion2 u=549.0 v=188.0 depth=0.3652 depth2=-1.0000 track=2 sf=9 flag=ok
[T2depth] t=12.6840 id=565 src=stereo u=487.7 v=81.9 depth=3.4347 depth2=-1.0000 track=1 sf=10 flag=ok
[T2depth] t=12.6840 id=575 src=stereo u=394.0 v=157.0 depth=3.8697 depth2=-1.0000 track=1 sf=10 flag=ok
[T2depth] t=12.6840 id=578 src=stereo u=43.0 v=33.0 depth=40.0714 depth2=-1.0000 track=1 sf=10 flag=ok
[T2depth] t=12.6840 id=582 src=stereo u=75.0 v=34.0 depth=5.0000 depth2=-1.0000 track=1 sf=10 flag=init_neg
[T2gate] t=12.6840 tri=46 rej=0 xrej=0 init_replace=1 gate=0
[T2slv] t=12.6840 phase=1 init_cost=87.5664 final_cost=84.0674 iters=9 term=1 slv_ms=6.1
[T2diag] t=12.6840 P=[-0.0087 -0.0038 0.0038] V=[0.0115 0.0048 -0.0015] |Bas|=0.106645 |Bgs|=0.0009984 Bas=[-0.106261 -0.008630 -0.002685] Bgs=[0.0004079 -0.0009060 -0.0000972] tic0=[0.1200 0.0500 -0.0200] tic1=[0.1200 -0.0500 -0.0200] td=0.00000 track=136
[E2uls] flag=1 sh_t=12.736 new_t=12.736 dP=[0.0027 0.0014 0.0016] |dP|=0.0034 first_dt=-1.0000
time: 12.684000, t: -0.008705 -0.003784 0.003753 q: 0.999980 -0.001049 -0.006021 0.001687 
[T2depth] t=12.7840 id=573 src=motion2 u=253.8 v=172.6 depth=5.0000 depth2=-1.0000 track=2 sf=9 flag=init_neg
[T2depth] t=12.7840 id=574 src=motion2 u=101.0 v=195.0 depth=5.0000 depth2=-1.0000 track=2 sf=9 flag=init_neg
[T2depth] t=12.7840 id=576 src=motion2 u=321.0 v=13.0 depth=5.0000 depth2=-1.0000 track=2 sf=9 flag=init_neg
[T2depth] t=12.7840 id=580 src=motion2 u=403.0 v=41.0 depth=5.0000 depth2=-1.0000 track=2 sf=9 flag=init_neg
[T2xcross] t=12.7840 id=582 est=5.0000 svd=0.1234 rel=0.9753 track=2 sf=9
[T2depth] t=12.7840 id=585 src=stereo u=399.9 v=198.7 depth=3.6425 depth2=-1.0000 track=1 sf=10 flag=ok
[T2depth] t=12.7840 id=587 src=stereo u=448.0 v=157.2 depth=3.8971 depth2=-1.0000 track=1 sf=10 flag=ok
[T2depth] t=12.7840 id=588 src=stereo u=394.1 v=10.4 depth=3.7545 depth2=-1.0000 track=1 sf=10 flag=ok
[T2depth] t=12.7840 id=595 src=stereo u=12.0 v=37.0 depth=5.0000 depth2=-1.0000 track=1 sf=10 flag=init_neg
[T2depth] t=12.7840 id=597 src=stereo u=478.0 v=45.0 depth=3.5637 depth2=-1.0000 track=1 sf=10 flag=ok
[T2depth] t=12.7840 id=598 src=stereo u=456.0 v=119.0 depth=3.8961 depth2=-1.0000 track=1 sf=10 flag=ok
[T2gate] t=12.7840 tri=49 rej=0 xrej=0 init_replace=5 gate=0
[T2slv] t=12.7840 phase=1 init_cost=90.6669 final_cost=86.8011 iters=9 term=1 slv_ms=11.3
[T2diag] t=12.7840 P=[-0.0089 -0.0041 0.0028] V=[0.0110 0.0029 -0.0034] |Bas|=0.108546 |Bgs|=0.0009384 Bas=[-0.108072 -0.010054 -0.001216] Bgs=[0.0002468 -0.0008978 -0.0001171] tic0=[0.1200 0.0500 -0.0200] tic1=[0.1200 -0.0500 -0.0200] td=0.00000 track=135
[E2uls] flag=1 sh_t=12.820 new_t=12.820 dP=[0.0018 0.0013 0.0013] |dP|=0.0026 first_dt=-1.0000
time: 12.784000, t: -0.008915 -0.004060 0.002794 q: 0.999977 -0.000867 -0.006440 0.001904 
[T2xcross] t=12.8840 id=564 est=0.3652 svd=0.0462 rel=0.8734 track=2 sf=9
[T2depth] t=12.8840 id=584 src=motion2 u=636.0 v=250.0 depth=4.2360 depth2=-1.0000 track=2 sf=9 flag=ok
[T2xcross] t=12.8840 id=587 est=3.8971 svd=0.0322 rel=0.9917 track=2 sf=9
[T2depth] t=12.8840 id=589 src=motion2 u=497.3 v=209.2 depth=5.0000 depth2=-1.0000 track=2 sf=9 flag=init_neg
[T2depth] t=12.8840 id=592 src=motion2 u=217.7 v=115.2 depth=0.1051 depth2=-1.0000 track=2 sf=9 flag=ok
[T2depth] t=12.8840 id=593 src=motion2 u=39.0 v=177.0 depth=0.0244 depth2=-1.0000 track=2 sf=9 flag=ok
[T2depth] t=12.8840 id=594 src=motion2 u=399.0 v=145.0 depth=0.1000 depth2=-1.0000 track=2 sf=9 flag=ok
[T2depth] t=12.8840 id=596 src=motion2 u=301.0 v=134.0 depth=5.0000 depth2=-1.0000 track=2 sf=9 flag=init_neg
[T2xcross] t=12.8840 id=597 est=3.5637 svd=0.2430 rel=0.9318 track=2 sf=9
[T2xcross] t=12.8840 id=598 est=3.8961 svd=0.0383 rel=0.9902 track=2 sf=9
[T2depth] t=12.8840 id=599 src=motion2 u=250.0 v=14.0 depth=0.0063 depth2=-1.0000 track=2 sf=9 flag=ok
[T2depth] t=12.8840 id=600 src=stereo u=150.1 v=24.6 depth=5.0000 depth2=-1.0000 track=1 sf=10 flag=init_neg
[T2depth] t=12.8840 id=604 src=stereo u=272.0 v=89.0 depth=29.3125 depth2=-1.0000 track=1 sf=10 flag=ok
[T2gate] t=12.8840 tri=40 rej=0 xrej=0 init_replace=3 gate=0
[T2slv] t=12.8840 phase=1 init_cost=89.5301 final_cost=87.6304 iters=9 term=1 slv_ms=5.9
[T2diag] t=12.8840 P=[-0.0086 -0.0041 0.0027] V=[0.0101 0.0005 0.0014] |Bas|=0.110187 |Bgs|=0.0009846 Bas=[-0.109600 -0.011317 -0.000972] Bgs=[0.0001887 -0.0009648 -0.0000546] tic0=[0.1200 0.0500 -0.0200] tic1=[0.1200 -0.0500 -0.0200] td=0.00000 track=143
[E2uls] flag=1 sh_t=12.940 new_t=12.940 dP=[0.0013 0.0006 0.0000] |dP|=0.0014 first_dt=-1.0000
time: 12.884000, t: -0.008598 -0.004147 0.002715 q: 0.999976 -0.000766 -0.006587 0.001904 
[T2xcross] t=12.9840 id=558 est=0.0450 svd=0.0166 rel=0.6306 track=2 sf=9
[T2depth] t=12.9840 id=601 src=motion2 u=390.0 v=72.5 depth=0.1151 depth2=-1.0000 track=2 sf=9 flag=ok
[T2depth] t=12.9840 id=602 src=motion2 u=129.8 v=49.9 depth=5.0000 depth2=-1.0000 track=2 sf=9 flag=init_neg
[T2depth] t=12.9840 id=605 src=motion2 u=545.0 v=221.0 depth=5.0000 depth2=-1.0000 track=2 sf=9 flag=init_neg
[T2depth] t=12.9840 id=606 src=motion2 u=189.0 v=204.0 depth=0.0005 depth2=-1.0000 track=2 sf=9 flag=ok
[T2gate] t=12.9840 tri=34 rej=0 xrej=0 init_replace=2 gate=0
[T2slv] t=12.9840 phase=1 init_cost=90.8895 final_cost=88.3208 iters=9 term=1 slv_ms=5.7
[T2diag] t=12.9840 P=[-0.0087 -0.0041 0.0025] V=[0.0114 0.0046 -0.0023] |Bas|=0.112196 |Bgs|=0.0010005 Bas=[-0.111440 -0.012997 -0.000366] Bgs=[0.0001796 -0.0009843 0.0000002] tic0=[0.1200 0.0500 -0.0200] tic1=[0.1200 -0.0500 -0.0200] td=0.00000 track=145
[E2uls] flag=1 sh_t=13.016 new_t=13.016 dP=[0.0016 0.0003 0.0003] |dP|=0.0016 first_dt=-1.0000
time: 12.984000, t: -0.008679 -0.004065 0.002494 q: 0.999975 -0.000580 -0.006764 0.001898 
[T2xcross] t=13.0840 id=573 est=5.0000 svd=0.0985 rel=0.9803 track=2 sf=9
[T2xcross] t=13.0840 id=576 est=5.0000 svd=0.1224 rel=0.9755 track=2 sf=9
[T2depth] t=13.0840 id=609 src=motion2 u=531.0 v=180.0 depth=0.1336 depth2=-1.0000 track=2 sf=9 flag=ok
[T2depth] t=13.0840 id=610 src=motion2 u=19.0 v=96.0 depth=5.0000 depth2=-1.0000 track=2 sf=9 flag=init_neg
[T2depth] t=13.0840 id=611 src=motion2 u=102.0 v=145.0 depth=5.0000 depth2=-1.0000 track=2 sf=9 flag=init_neg
[T2depth] t=13.0840 id=614 src=stereo u=491.4 v=170.3 depth=4.2270 depth2=-1.0000 track=1 sf=10 flag=ok
[T2depth] t=13.0840 id=618 src=stereo u=424.0 v=125.0 depth=34.5671 depth2=-1.0000 track=1 sf=10 flag=ok
[T2depth] t=13.0840 id=619 src=stereo u=498.0 v=65.0 depth=3.3961 depth2=-1.0000 track=1 sf=10 flag=ok
[T2gate] t=13.0840 tri=36 rej=0 xrej=0 init_replace=2 gate=0
[T2slv] t=13.0840 phase=1 init_cost=89.6486 final_cost=87.8404 iters=9 term=1 slv_ms=4.9
[T2diag] t=13.0840 P=[-0.0088 -0.0037 0.0026] V=[0.0108 0.0107 0.0001] |Bas|=0.114979 |Bgs|=0.0010278 Bas=[-0.113952 -0.015322 -0.000635] Bgs=[0.0002781 -0.0009895 -0.0000050] tic0=[0.1200 0.0500 -0.0200] tic1=[0.1200 -0.0500 -0.0200] td=0.00000 track=143
[E2uls] flag=1 sh_t=13.140 new_t=13.140 dP=[0.0022 0.0006 -0.0003] |dP|=0.0023 first_dt=-1.0000
time: 13.084000, t: -0.008817 -0.003683 0.002610 q: 0.999975 -0.000506 -0.006882 0.001704 
[T2xcross] t=13.1840 id=609 est=0.1336 svd=0.3443 rel=0.6121 track=2 sf=9
[T2xcross] t=13.1840 id=610 est=5.0000 svd=0.0901 rel=0.9820 track=2 sf=9
[T2depth] t=13.1840 id=613 src=motion2 u=551.3 v=89.0 depth=5.0000 depth2=-1.0000 track=2 sf=9 flag=init_neg
[T2xcross] t=13.1840 id=614 est=4.2270 svd=0.3025 rel=0.9284 track=2 sf=9
[T2depth] t=13.1840 id=615 src=motion2 u=331.2 v=208.2 depth=5.0000 depth2=-1.0000 track=2 sf=9 flag=init_neg
[T2depth] t=13.1840 id=617 src=motion2 u=24.0 v=20.0 depth=0.0909 depth2=-1.0000 track=2 sf=9 flag=ok
[T2depth] t=13.1840 id=623 src=stereo u=117.2 v=30.7 depth=39.2944 depth2=-1.0000 track=1 sf=10 flag=ok
[T2gate] t=13.1840 tri=36 rej=0 xrej=0 init_replace=2 gate=0
[T2slv] t=13.1840 phase=1 init_cost=156.948 final_cost=99.9989 iters=9 term=1 slv_ms=11.4
[T2diag] t=13.1840 P=[-0.0073 0.0006 0.0015] V=[0.0132 0.0130 0.0102] |Bas|=0.117229 |Bgs|=0.0008293 Bas=[-0.116323 -0.014268 -0.002838] Bgs=[0.0001831 -0.0006469 0.0004855] tic0=[0.1200 0.0500 -0.0200] tic1=[0.1200 -0.0500 -0.0200] td=0.00000 track=142
[E2uls] flag=1 sh_t=13.232 new_t=13.232 dP=[0.0003 -0.0021 0.0009] |dP|=0.0023 first_dt=-1.0000
time: 13.184000, t: -0.007302 0.000626 0.001475 q: 0.999973 -0.000405 -0.007244 0.000943 
[T2xcross] t=13.2840 id=618 est=34.5671 svd=1.9779 rel=0.9428 track=2 sf=9
[T2depth] t=13.2840 id=620 src=motion2 u=4.6 v=243.0 depth=0.0529 depth2=-1.0000 track=2 sf=9 flag=ok
[T2depth] t=13.2840 id=625 src=motion2 u=603.0 v=83.0 depth=5.0000 depth2=-1.0000 track=2 sf=9 flag=init_neg
[T2depth] t=13.2840 id=626 src=motion2 u=78.0 v=136.0 depth=5.0000 depth2=-1.0000 track=2 sf=9 flag=init_neg
[T2depth] t=13.2840 id=632 src=stereo u=405.1 v=16.4 depth=3.7342 depth2=-1.0000 track=1 sf=10 flag=ok
[T2depth] t=13.2840 id=633 src=stereo u=84.5 v=34.8 depth=34.2815 depth2=-1.0000 track=1 sf=10 flag=ok
[T2depth] t=13.2840 id=634 src=stereo u=362.3 v=48.8 depth=3.5852 depth2=-1.0000 track=1 sf=10 flag=ok
[T2depth] t=13.2840 id=635 src=stereo u=277.4 v=128.7 depth=41.6893 depth2=-1.0000 track=1 sf=10 flag=ok
[T2gate] t=13.2840 tri=79 rej=0 xrej=0 init_replace=2 gate=0
[T2slv] t=13.2840 phase=1 init_cost=90.0746 final_cost=87.9098 iters=9 term=1 slv_ms=10.8
[T2diag] t=13.2840 P=[-0.0076 0.0023 0.0058] V=[0.0204 0.0220 0.0136] |Bas|=0.119406 |Bgs|=0.0012049 Bas=[-0.118581 -0.013653 -0.003166] Bgs=[0.0004300 -0.0009354 0.0006260] tic0=[0.1200 0.0500 -0.0200] tic1=[0.1200 -0.0500 -0.0200] td=0.00000 track=102
[E2uls] flag=1 sh_t=13.340 new_t=13.340 dP=[0.0023 0.0000 -0.0027] |dP|=0.0035 first_dt=-1.0000
time: 13.284000, t: -0.007646 0.002294 0.005827 q: 0.999978 -0.000854 -0.006603 0.000760 
[T2xcross] t=13.3840 id=91 est=4.7602 svd=0.2223 rel=0.9533 track=11 sf=0
[T2depth] t=13.3840 id=1 src=motion2 u=192.0 v=340.2 depth=3.8961 depth2=-1.0000 track=2 sf=9 flag=ok
[T2depth] t=13.3840 id=2 src=motion2 u=224.0 v=347.2 depth=4.0925 depth2=-1.0000 track=2 sf=9 flag=ok
[T2depth] t=13.3840 id=5 src=motion2 u=264.0 v=362.2 depth=4.3147 depth2=-1.0000 track=2 sf=9 flag=ok
[T2depth] t=13.3840 id=8 src=motion2 u=158.0 v=342.2 depth=3.8658 depth2=-1.0000 track=2 sf=9 flag=ok
[T2depth] t=13.3840 id=9 src=motion2 u=117.0 v=360.3 depth=3.5145 depth2=-1.0000 track=2 sf=9 flag=ok
[T2depth] t=13.3840 id=14 src=motion2 u=88.2 v=386.3 depth=3.4726 depth2=-1.0000 track=2 sf=9 flag=ok
[T2depth] t=13.3840 id=16 src=motion2 u=292.0 v=374.2 depth=4.4920 depth2=-1.0000 track=2 sf=9 flag=ok
[T2depth] t=13.3840 id=17 src=motion2 u=50.8 v=411.4 depth=3.8611 depth2=-1.0000 track=2 sf=9 flag=ok
[T2depth] t=13.3840 id=18 src=motion2 u=142.0 v=394.3 depth=3.7137 depth2=-1.0000 track=2 sf=9 flag=ok
[T2depth] t=13.3840 id=20 src=motion2 u=44.1 v=348.3 depth=3.1101 depth2=-1.0000 track=2 sf=9 flag=ok
[T2depth] t=13.3840 id=27 src=motion2 u=268.4 v=403.3 depth=4.3355 depth2=-1.0000 track=2 sf=9 flag=ok
[T2depth] t=13.3840 id=28 src=motion2 u=6.0 v=342.3 depth=3.0889 depth2=-1.0000 track=2 sf=9 flag=ok
[T2depth] t=13.3840 id=34 src=motion2 u=88.9 v=320.3 depth=2.7540 depth2=-1.0000 track=2 sf=9 flag=ok
[T2depth] t=13.3840 id=35 src=motion2 u=225.5 v=468.3 depth=3.9958 depth2=-1.0000 track=2 sf=9 flag=ok
[T2depth] t=13.3840 id=37 src=motion2 u=262.9 v=450.4 depth=4.0878 depth2=-1.0000 track=2 sf=9 flag=ok
[T2depth] t=13.3840 id=38 src=motion2 u=120.1 v=420.4 depth=3.8517 depth2=-1.0000 track=2 sf=9 flag=ok
[T2depth] t=13.3840 id=41 src=motion2 u=236.9 v=378.2 depth=4.1888 depth2=-1.0000 track=2 sf=9 flag=ok
[T2depth] t=13.3840 id=46 src=motion2 u=163.5 v=463.8 depth=4.1650 depth2=-1.0000 track=2 sf=9 flag=ok
[T2depth] t=13.3840 id=47 src=motion2 u=74.1 v=353.3 depth=3.4312 depth2=-1.0000 track=2 sf=9 flag=ok
[T2depth] t=13.3840 id=49 src=motion2 u=60.1 v=310.2 depth=3.0232 depth2=-1.0000 track=2 sf=9 flag=ok
[T2depth] t=13.3840 id=51 src=motion2 u=12.0 v=423.4 depth=3.4966 depth2=-1.0000 track=2 sf=9 flag=ok
[T2depth] t=13.3840 id=54 src=motion2 u=211.0 v=316.2 depth=3.7118 depth2=-1.0000 track=2 sf=9 flag=ok
[T2depth] t=13.3840 id=55 src=motion2 u=287.5 v=334.2 depth=4.3124 depth2=-1.0000 track=2 sf=9 flag=ok
[T2depth] t=13.3840 id=58 src=motion2 u=225.3 v=430.3 depth=4.4574 depth2=-1.0000 track=2 sf=9 flag=ok
[T2depth] t=13.3840 id=60 src=motion2 u=144.0 v=313.2 depth=3.1431 depth2=-1.0000 track=2 sf=9 flag=ok
[T2depth] t=13.3840 id=61 src=motion2 u=192.0 v=418.4 depth=4.0750 depth2=-1.0000 track=2 sf=9 flag=ok
[T2depth] t=13.3840 id=62 src=motion2 u=256.0 v=317.2 depth=3.8957 depth2=-1.0000 track=2 sf=9 flag=ok
[T2depth] t=13.3840 id=64 src=motion2 u=120.1 v=286.2 depth=2.9013 depth2=-1.0000 track=2 sf=9 flag=ok
[T2depth] t=13.3840 id=65 src=motion2 u=88.6 v=463.5 depth=3.9918 depth2=-1.0000 track=2 sf=9 flag=ok
[T2depth] t=13.3840 id=67 src=motion2 u=174.0 v=307.2 depth=3.4816 depth2=-1.0000 track=2 sf=9 flag=ok
[T2depth] t=13.3840 id=77 src=motion2 u=41.9 v=380.4 depth=3.5813 depth2=-1.0000 track=2 sf=9 flag=ok
[T2depth] t=13.3840 id=78 src=motion2 u=176.3 v=371.3 depth=3.6322 depth2=-1.0000 track=2 sf=9 flag=ok
[T2depth] t=13.3840 id=79 src=motion2 u=350.3 v=444.6 depth=3.9013 depth2=-1.0000 track=2 sf=9 flag=ok
[T2depth] t=13.3840 id=80 src=motion2 u=151.5 v=429.3 depth=3.8795 depth2=-1.0000 track=2 sf=9 flag=ok
[T2depth] t=13.3840 id=88 src=motion2 u=281.6 v=475.9 depth=4.4433 depth2=-1.0000 track=2 sf=9 flag=ok
[T2depth] t=13.3840 id=177 src=motion2 u=200.1 v=450.4 depth=4.3779 depth2=-1.0000 track=2 sf=9 flag=ok
[T2depth] t=13.3840 id=248 src=motion2 u=356.6 v=476.3 depth=6.8157 depth2=-1.0000 track=2 sf=9 flag=ok
[T2depth] t=13.3840 id=629 src=motion2 u=61.0 v=477.1 depth=4.4874 depth2=-1.0000 track=2 sf=9 flag=ok
[T2xcross] t=13.3840 id=632 est=3.7342 svd=0.0810 rel=0.9783 track=2 sf=9
[T2xcross] t=13.3840 id=633 est=34.2815 svd=0.0979 rel=0.9971 track=2 sf=9
[T2depth] t=13.3840 id=637 src=motion2 u=626.0 v=119.0 depth=0.6290 depth2=-1.0000 track=2 sf=9 flag=ok
[T2depth] t=13.3840 id=639 src=motion2 u=172.0 v=76.0 depth=0.1287 depth2=-1.0000 track=2 sf=9 flag=ok
[T2depth] t=13.3840 id=640 src=motion2 u=21.0 v=95.0 depth=0.3992 depth2=-1.0000 track=2 sf=9 flag=ok
[T2depth] t=13.3840 id=643 src=stereo u=353.8 v=199.4 depth=4.7319 depth2=-1.0000 track=1 sf=10 flag=ok
[T2depth] t=13.3840 id=647 src=stereo u=492.9 v=134.3 depth=5.0000 depth2=-1.0000 track=1 sf=10 flag=init_neg
[T2gate] t=13.3840 tri=83 rej=0 xrej=0 init_replace=1 gate=0
[T2slv] t=13.3840 phase=1 init_cost=110.816 final_cost=96.7177 iters=9 term=1 slv_ms=8.8
[T2diag] t=13.3840 P=[-0.0145 0.0020 0.0021] V=[0.0039 0.0109 0.0072] |Bas|=0.120112 |Bgs|=0.0007231 Bas=[-0.119557 -0.011393 -0.001745] Bgs=[-0.0000244 -0.0005083 0.0005137] tic0=[0.1200 0.0500 -0.0200] tic1=[0.1200 -0.0500 -0.0200] td=0.00000 track=138
[E2uls] flag=1 sh_t=13.424 new_t=13.424 dP=[0.0109 0.0041 0.0058] |dP|=0.0130 first_dt=-1.0000
time: 13.384000, t: -0.014453 0.001974 0.002136 q: 0.999974 -0.000242 -0.007114 0.000803 
[T2xcross] t=13.4840 id=103 est=3.8892 svd=39.0669 rel=0.9004 track=11 sf=0
[T2depth] t=13.4840 id=642 src=motion2 u=416.8 v=64.8 depth=1.9117 depth2=-1.0000 track=2 sf=9 flag=ok
[T2xcross] t=13.4840 id=643 est=4.7319 svd=0.1095 rel=0.9769 track=2 sf=9
[T2depth] t=13.4840 id=645 src=motion2 u=244.4 v=117.9 depth=5.0000 depth2=-1.0000 track=2 sf=9 flag=init_neg
[T2depth] t=13.4840 id=648 src=motion2 u=90.3 v=201.9 depth=0.2846 depth2=-1.0000 track=2 sf=9 flag=ok
[T2depth] t=13.4840 id=649 src=motion2 u=131.6 v=60.1 depth=5.0000 depth2=-1.0000 track=2 sf=9 flag=init_neg
[T2depth] t=13.4840 id=651 src=motion2 u=135.0 v=155.0 depth=5.0000 depth2=-1.0000 track=2 sf=9 flag=init_neg
[T2depth] t=13.4840 id=654 src=motion2 u=188.0 v=193.0 depth=5.0000 depth2=-1.0000 track=2 sf=9 flag=init_neg
[T2depth] t=13.4840 id=659 src=stereo u=47.3 v=193.6 depth=41.6959 depth2=-1.0000 track=1 sf=10 flag=ok
[T2depth] t=13.4840 id=661 src=stereo u=200.0 v=28.0 depth=45.6736 depth2=-1.0000 track=1 sf=10 flag=ok
[T2depth] t=13.4840 id=664 src=stereo u=493.0 v=212.0 depth=3.7150 depth2=-1.0000 track=1 sf=10 flag=ok
[T2depth] t=13.4840 id=665 src=stereo u=494.0 v=26.0 depth=3.3286 depth2=-1.0000 track=1 sf=10 flag=ok
[T2gate] t=13.4840 tri=55 rej=0 xrej=0 init_replace=4 gate=0
[T2slv] t=13.4840 phase=1 init_cost=691.064 final_cost=115.267 iters=9 term=1 slv_ms=12.7
[T2diag] t=13.4840 P=[-0.0181 0.0003 0.0017] V=[0.0000 0.0013 0.0002] |Bas|=0.120383 |Bgs|=0.0005854 Bas=[-0.119693 -0.012869 -0.000226] Bgs=[-0.0000543 -0.0003973 0.0004265] tic0=[0.1200 0.0500 -0.0200] tic1=[0.1200 -0.0500 -0.0200] td=0.00000 track=130
[E2uls] flag=1 sh_t=13.544 new_t=13.544 dP=[0.0052 0.0033 0.0018] |dP|=0.0064 first_dt=-1.0000
time: 13.484000, t: -0.018065 0.000336 0.001709 q: 0.999973 -0.000238 -0.007195 0.001120 
[T2xcross] t=13.5840 id=651 est=5.0000 svd=0.0128 rel=0.9974 track=2 sf=9
[T2depth] t=13.5840 id=6 src=motion2 u=4.1 v=374.3 depth=5.0000 depth2=-1.0000 track=2 sf=9 flag=init_neg
[T2depth] t=13.5840 id=43 src=motion2 u=71.1 v=435.4 depth=5.0000 depth2=-1.0000 track=2 sf=9 flag=init_neg
[T2depth] t=13.5840 id=52 src=motion2 u=40.5 v=455.3 depth=5.0000 depth2=-1.0000 track=2 sf=9 flag=init_neg
[T2depth] t=13.5840 id=69 src=motion2 u=273.9 v=290.1 depth=5.0000 depth2=-1.0000 track=2 sf=9 flag=init_neg
[T2depth] t=13.5840 id=75 src=motion2 u=120.4 v=456.4 depth=5.0000 depth2=-1.0000 track=2 sf=9 flag=init_neg
[T2depth] t=13.5840 id=81 src=motion2 u=18.1 v=292.2 depth=5.0000 depth2=-1.0000 track=2 sf=9 flag=init_neg
[T2depth] t=13.5840 id=87 src=motion2 u=88.3 v=290.2 depth=5.0000 depth2=-1.0000 track=2 sf=9 flag=init_neg
[T2depth] t=13.5840 id=91 src=motion2 u=297.9 v=242.1 depth=5.0000 depth2=-1.0000 track=2 sf=9 flag=init_neg
[T2depth] t=13.5840 id=95 src=motion2 u=9.9 v=459.5 depth=5.0000 depth2=-1.0000 track=2 sf=9 flag=init_neg
[T2depth] t=13.5840 id=130 src=motion2 u=228.1 v=287.1 depth=5.0000 depth2=-1.0000 track=2 sf=9 flag=init_neg
[T2depth] t=13.5840 id=290 src=motion2 u=31.2 v=320.2 depth=5.0000 depth2=-1.0000 track=2 sf=9 flag=init_neg
[T2depth] t=13.5840 id=656 src=motion2 u=416.8 v=118.7 depth=0.0027 depth2=-1.0000 track=2 sf=9 flag=ok
[T2depth] t=13.5840 id=660 src=motion2 u=210.0 v=61.0 depth=0.0048 depth2=-1.0000 track=2 sf=9 flag=ok
[T2depth] t=13.5840 id=662 src=motion2 u=317.0 v=163.0 depth=0.0053 depth2=-1.0000 track=2 sf=9 flag=ok
[T2xcross] t=13.5840 id=664 est=3.7150 svd=0.0049 rel=0.9987 track=2 sf=9
[T2depth] t=13.5840 id=666 src=stereo u=400.4 v=178.1 depth=4.2827 depth2=-1.0000 track=1 sf=10 flag=ok
[T2depth] t=13.5840 id=673 src=stereo u=581.0 v=170.0 depth=23.3460 depth2=-1.0000 track=1 sf=10 flag=ok
[T2gate] t=13.5840 tri=56 rej=0 xrej=0 init_replace=11 gate=0
[T2slv] t=13.5840 phase=1 init_cost=99.7671 final_cost=96.9658 iters=9 term=1 slv_ms=9.3
[T2diag] t=13.5840 P=[-0.0172 0.0011 0.0021] V=[0.0094 0.0025 -0.0003] |Bas|=0.121063 |Bgs|=0.0006669 Bas=[-0.120238 -0.014118 -0.000071] Bgs=[-0.0000020 -0.0004700 0.0004731] tic0=[0.1200 0.0500 -0.0200] tic1=[0.1200 -0.0500 -0.0200] td=0.00000 track=135
[E2uls] flag=1 sh_t=13.620 new_t=13.620 dP=[-0.0006 -0.0009 -0.0004] |dP|=0.0012 first_dt=-1.0000
time: 13.584000, t: -0.017212 0.001138 0.002098 q: 0.999973 -0.000549 -0.007269 0.000959 
[T2xcross] t=13.6840 id=91 est=5.0000 svd=0.0736 rel=0.9853 track=2 sf=9
[T2xcross] t=13.6840 id=661 est=45.6736 svd=0.0691 rel=0.9985 track=2 sf=9
[T2depth] t=13.6840 id=15 src=motion2 u=203.0 v=388.3 depth=0.1552 depth2=-1.0000 track=2 sf=9 flag=ok
[T2depth] t=13.6840 id=100 src=motion2 u=381.2 v=277.0 depth=5.0000 depth2=-1.0000 track=2 sf=9 flag=init_neg
[T2depth] t=13.6840 id=104 src=motion2 u=202.5 v=244.0 depth=0.0268 depth2=-1.0000 track=2 sf=9 flag=ok
[T2depth] t=13.6840 id=106 src=motion2 u=546.3 v=253.8 depth=5.0000 depth2=-1.0000 track=2 sf=9 flag=init_neg
[T2depth] t=13.6840 id=135 src=motion2 u=601.3 v=249.8 depth=5.0000 depth2=-1.0000 track=2 sf=9 flag=init_neg
[T2depth] t=13.6840 id=467 src=motion2 u=574.5 v=277.9 depth=5.0000 depth2=-1.0000 track=2 sf=9 flag=init_neg
[T2depth] t=13.6840 id=605 src=motion2 u=540.1 v=216.4 depth=0.0246 depth2=-1.0000 track=2 sf=9 flag=ok
[T2depth] t=13.6840 id=667 src=motion2 u=268.1 v=259.0 depth=0.2560 depth2=-1.0000 track=2 sf=9 flag=ok
[T2depth] t=13.6840 id=669 src=motion2 u=129.8 v=115.9 depth=0.0083 depth2=-1.0000 track=2 sf=9 flag=ok
[T2depth] t=13.6840 id=670 src=motion2 u=627.4 v=173.3 depth=1.6784 depth2=-1.0000 track=2 sf=9 flag=ok
[T2depth] t=13.6840 id=671 src=motion2 u=78.0 v=90.0 depth=0.0010 depth2=-1.0000 track=2 sf=9 flag=ok
[T2depth] t=13.6840 id=672 src=motion2 u=90.0 v=162.0 depth=0.0681 depth2=-1.0000 track=2 sf=9 flag=ok
[T2depth] t=13.6840 id=674 src=stereo u=447.0 v=183.6 depth=3.8957 depth2=-1.0000 track=1 sf=10 flag=ok
[T2depth] t=13.6840 id=677 src=stereo u=244.1 v=94.2 depth=5.0000 depth2=-1.0000 track=1 sf=10 flag=init_neg
[T2depth] t=13.6840 id=678 src=stereo u=523.6 v=150.0 depth=3.6693 depth2=-1.0000 track=1 sf=10 flag=ok
[T2gate] t=13.6840 tri=47 rej=0 xrej=0 init_replace=5 gate=0
[T2slv] t=13.6840 phase=1 init_cost=107.591 final_cost=101.347 iters=8 term=0 slv_ms=14.6
[T2diag] t=13.6840 P=[-0.0171 -0.0008 0.0036] V=[0.0096 -0.0076 0.0010] |Bas|=0.117280 |Bgs|=0.0008266 Bas=[-0.116524 -0.013289 -0.000481] Bgs=[-0.0001082 -0.0006727 0.0004680] tic0=[0.1200 0.0500 -0.0200] tic1=[0.1200 -0.0500 -0.0200] td=0.00000 track=141
[E2uls] flag=1 sh_t=13.736 new_t=13.736 dP=[0.0016 0.0025 -0.0017] |dP|=0.0034 first_dt=-1.0000
time: 13.684000, t: -0.017078 -0.000768 0.003586 q: 0.999977 -0.000364 -0.006699 0.001242 
[T2xcross] t=13.7880 id=623 est=39.2944 svd=0.0599 rel=0.9985 track=2 sf=7
[T2xcross] t=13.7880 id=656 est=0.0027 svd=0.1539 rel=0.9826 track=2 sf=9
[T2depth] t=13.7880 id=311 src=motion2 u=234.6 v=243.0 depth=5.0000 depth2=-1.0000 track=2 sf=9 flag=init_neg
[T2depth] t=13.7880 id=675 src=motion2 u=13.7 v=254.0 depth=5.0000 depth2=-1.0000 track=2 sf=9 flag=init_neg
[T2depth] t=13.7880 id=676 src=motion2 u=76.4 v=13.6 depth=1.0343 depth2=-1.0000 track=2 sf=9 flag=ok
[T2xcross] t=13.7880 id=677 est=5.0000 svd=0.1719 rel=0.9656 track=2 sf=9
[T2depth] t=13.7880 id=679 src=motion2 u=23.0 v=115.0 depth=5.0000 depth2=-1.0000 track=2 sf=9 flag=init_neg
[T2depth] t=13.7880 id=681 src=motion2 u=298.0 v=170.0 depth=0.3901 depth2=-1.0000 track=2 sf=9 flag=ok
[T2depth] t=13.7880 id=587 src=stereo u=448.0 v=154.6 depth=3.8777 depth2=-1.0000 track=1 sf=10 flag=ok
[T2depth] t=13.7880 id=683 src=stereo u=277.7 v=100.8 depth=5.0000 depth2=-1.0000 track=1 sf=10 flag=init_neg
[T2gate] t=13.7880 tri=39 rej=0 xrej=0 init_replace=4 gate=0
[T2slv] t=13.7880 phase=1 init_cost=90.8854 final_cost=88.4622 iters=9 term=1 slv_ms=14.0
[T2diag] t=13.7880 P=[-0.0171 -0.0006 0.0041] V=[0.0088 -0.0015 0.0018] |Bas|=0.115038 |Bgs|=0.0008107 Bas=[-0.114330 -0.012724 -0.000751] Bgs=[-0.0000827 -0.0006408 0.0004896] tic0=[0.1200 0.0500 -0.0200] tic1=[0.1200 -0.0500 -0.0200] td=0.00000 track=142
[E2uls] flag=1 sh_t=13.832 new_t=13.832 dP=[0.0016 -0.0015 -0.0003] |dP|=0.0022 first_dt=-1.0000
time: 13.788000, t: -0.017071 -0.000576 0.004060 q: 0.999978 -0.000545 -0.006540 0.001075 
[T2xcross] t=13.8840 id=100 est=5.0000 svd=1.4393 rel=0.7121 track=2 sf=9
[T2xcross] t=13.8840 id=666 est=4.2827 svd=0.0013 rel=0.9997 track=2 sf=9
[T2xcross] t=13.8840 id=681 est=0.3901 svd=0.0519 rel=0.8669 track=2 sf=9
[T2xcross] t=13.8840 id=683 est=5.0000 svd=0.0055 rel=0.9989 track=2 sf=9
[T2depth] t=13.8840 id=687 src=motion2 u=521.0 v=48.0 depth=0.1305 depth2=-1.0000 track=2 sf=9 flag=ok
[T2depth] t=13.8840 id=703 src=stereo u=209.0 v=37.0 depth=30.4789 depth2=-1.0000 track=1 sf=10 flag=ok
[T2depth] t=13.8840 id=704 src=stereo u=395.0 v=20.0 depth=3.8139 depth2=-1.0000 track=1 sf=10 flag=ok
[T2depth] t=13.8840 id=705 src=stereo u=576.0 v=114.0 depth=40.6055 depth2=-1.0000 track=1 sf=10 flag=ok
[T2gate] t=13.8840 tri=44 rej=0 xrej=0 init_replace=0 gate=0
[T2slv] t=13.8840 phase=1 init_cost=87.4442 final_cost=85.235 iters=9 term=1 slv_ms=21.4
[T2diag] t=13.8840 P=[-0.0184 -0.0011 0.0035] V=[0.0055 -0.0064 0.0017] |Bas|=0.113694 |Bgs|=0.0007635 Bas=[-0.113019 -0.012365 -0.000410] Bgs=[-0.0001635 -0.0006104 0.0004286] tic0=[0.1200 0.0500 -0.0200] tic1=[0.1200 -0.0500 -0.0200] td=0.00000 track=137
[E2uls] flag=1 sh_t=13.936 new_t=13.936 dP=[0.0027 0.0003 0.0011] |dP|=0.0030 first_dt=-1.0000
time: 13.884000, t: -0.018404 -0.001146 0.003495 q: 0.999978 -0.000180 -0.006491 0.001383 
[T2xcross] t=13.9840 id=587 est=3.8777 svd=0.0327 rel=0.9916 track=2 sf=9
[T2depth] t=13.9840 id=693 src=motion2 u=566.1 v=174.0 depth=5.0000 depth2=-1.0000 track=2 sf=9 flag=init_neg
[T2depth] t=13.9840 id=696 src=motion2 u=153.0 v=25.0 depth=5.0000 depth2=-1.0000 track=2 sf=9 flag=init_neg
[T2depth] t=13.9840 id=698 src=motion2 u=203.0 v=113.0 depth=0.0758 depth2=-1.0000 track=2 sf=9 flag=ok
[T2depth] t=13.9840 id=699 src=motion2 u=521.0 v=109.0 depth=0.1162 depth2=-1.0000 track=2 sf=9 flag=ok
[T2depth] t=13.9840 id=700 src=motion2 u=33.0 v=64.0 depth=5.0000 depth2=-1.0000 track=2 sf=9 flag=init_neg
[T2depth] t=13.9840 id=701 src=motion2 u=410.0 v=92.0 depth=0.0640 depth2=-1.0000 track=2 sf=9 flag=ok
[T2xcross] t=13.9840 id=704 est=3.8139 svd=0.1622 rel=0.9575 track=2 sf=9
[T2xcross] t=13.9840 id=705 est=40.6055 svd=0.0232 rel=0.9994 track=2 sf=9
[T2depth] t=13.9840 id=712 src=stereo u=514.2 v=189.2 depth=3.4342 depth2=-1.0000 track=1 sf=10 flag=ok
[T2depth] t=13.9840 id=713 src=stereo u=290.1 v=60.3 depth=5.0000 depth2=-1.0000 track=1 sf=10 flag=init_neg
[T2depth] t=13.9840 id=714 src=stereo u=488.0 v=114.0 depth=4.1443 depth2=-1.0000 track=1 sf=10 flag=ok
[T2depth] t=13.9840 id=717 src=stereo u=285.0 v=133.0 depth=30.1140 depth2=-1.0000 track=1 sf=10 flag=ok
[T2depth] t=13.9840 id=718 src=stereo u=424.0 v=64.0 depth=4.1628 depth2=-1.0000 track=1 sf=10 flag=ok
[T2depth] t=13.9840 id=719 src=stereo u=447.0 v=99.0 depth=3.8896 depth2=-1.0000 track=1 sf=10 flag=ok
[T2gate] t=13.9840 tri=47 rej=0 xrej=0 init_replace=4 gate=0
[T2slv] t=13.9840 phase=1 init_cost=116.107 final_cost=85.9214 iters=5 term=0 slv_ms=9.5
[T2diag] t=13.9840 P=[-0.0179 -0.0019 0.0035] V=[0.0038 -0.0050 0.0008] |Bas|=0.111724 |Bgs|=0.0007553 Bas=[-0.111148 -0.011326 -0.000064] Bgs=[-0.0001467 -0.0005807 0.0004601] tic0=[0.1200 0.0500 -0.0200] tic1=[0.1200 -0.0500 -0.0200] td=0.00000 track=138
[E2uls] flag=1 sh_t=14.048 new_t=14.048 dP=[0.0006 -0.0002 0.0004] |dP|=0.0008 first_dt=-1.0000
time: 13.984000, t: -0.017864 -0.001856 0.003458 q: 0.999978 -0.000161 -0.006543 0.001468 
[T2depth] t=14.0840 id=708 src=motion2 u=573.0 v=274.0 depth=5.0000 depth2=-1.0000 track=2 sf=9 flag=init_neg
[T2depth] t=14.0840 id=709 src=motion2 u=119.5 v=61.1 depth=0.0687 depth2=-1.0000 track=2 sf=9 flag=ok
[T2xcross] t=14.0840 id=712 est=3.4342 svd=0.0699 rel=0.9796 track=2 sf=9
[T2xcross] t=14.0840 id=713 est=5.0000 svd=0.0684 rel=0.9863 track=2 sf=9
[T2depth] t=14.0840 id=715 src=motion2 u=505.0 v=61.0 depth=5.0000 depth2=-1.0000 track=2 sf=9 flag=init_neg
[T2xcross] t=14.0840 id=717 est=30.1140 svd=0.1725 rel=0.9943 track=2 sf=9
[T2depth] t=14.0840 id=720 src=motion2 u=183.0 v=208.0 depth=5.0000 depth2=-1.0000 track=2 sf=9 flag=init_neg
[T2depth] t=14.0840 id=721 src=motion2 u=345.0 v=183.0 depth=0.4054 depth2=-1.0000 track=2 sf=9 flag=ok
[T2depth] t=14.0840 id=727 src=stereo u=479.0 v=37.0 depth=4.1266 depth2=-1.0000 track=1 sf=10 flag=ok
[T2depth] t=14.0840 id=729 src=stereo u=133.0 v=97.0 depth=34.5558 depth2=-1.0000 track=1 sf=10 flag=ok
[T2depth] t=14.0840 id=730 src=stereo u=361.0 v=75.0 depth=3.1329 depth2=-1.0000 track=1 sf=10 flag=ok
[T2depth] t=14.0840 id=731 src=stereo u=486.0 v=227.0 depth=4.2705 depth2=-1.0000 track=1 sf=10 flag=ok
[T2gate] t=14.0840 tri=41 rej=0 xrej=0 init_replace=3 gate=0
[T2slv] t=14.0840 phase=1 init_cost=82.6374 final_cost=81.0327 iters=7 term=0 slv_ms=12.2
[T2diag] t=14.0840 P=[-0.0173 -0.0015 0.0033] V=[0.0064 -0.0007 -0.0015] |Bas|=0.110671 |Bgs|=0.0007798 Bas=[-0.110191 -0.010299 0.000061] Bgs=[-0.0001165 -0.0005852 0.0005021] tic0=[0.1200 0.0500 -0.0200] tic1=[0.1200 -0.0500 -0.0200] td=0.00000 track=140
[E2uls] flag=1 sh_t=14.132 new_t=14.132 dP=[0.0005 -0.0012 0.0001] |dP|=0.0013 first_dt=-1.0000
time: 14.084000, t: -0.017257 -0.001542 0.003288 q: 0.999978 -0.000498 -0.006500 0.001331 
[T2xcross] t=14.1840 id=699 est=0.1162 svd=0.1111 rel=0.0436 track=2 sf=9
[T2xcross] t=14.1840 id=715 est=5.0000 svd=0.1184 rel=0.9763 track=2 sf=9
[T2xcross] t=14.1840 id=719 est=3.8896 svd=0.1836 rel=0.9528 track=2 sf=9
[T2depth] t=14.1840 id=108 src=motion2 u=197.9 v=288.2 depth=5.0000 depth2=-1.0000 track=2 sf=9 flag=init_neg
[T2depth] t=14.1840 id=722 src=motion2 u=361.4 v=129.8 depth=5.0000 depth2=-1.0000 track=2 sf=9 flag=init_neg
[T2depth] t=14.1840 id=724 src=motion2 u=85.7 v=15.3 depth=0.1768 depth2=-1.0000 track=2 sf=9 flag=ok
[T2depth] t=14.1840 id=725 src=motion2 u=498.0 v=13.1 depth=0.0736 depth2=-1.0000 track=2 sf=9 flag=ok
[T2depth] t=14.1840 id=728 src=motion2 u=601.0 v=25.0 depth=0.0144 depth2=-1.0000 track=2 sf=9 flag=ok
[T2xcross] t=14.1840 id=730 est=3.1329 svd=0.0675 rel=0.9784 track=2 sf=9
[T2depth] t=14.1840 id=732 src=motion2 u=566.0 v=46.0 depth=5.0000 depth2=-1.0000 track=2 sf=9 flag=init_neg
[T2depth] t=14.1840 id=733 src=stereo u=420.0 v=178.6 depth=3.9530 depth2=-1.0000 track=1 sf=10 flag=ok
[T2depth] t=14.1840 id=738 src=stereo u=153.4 v=42.2 depth=5.0000 depth2=-1.0000 track=1 sf=10 flag=init_neg
[T2depth] t=14.1840 id=739 src=stereo u=328.4 v=149.0 depth=22.4343 depth2=-1.0000 track=1 sf=10 flag=ok
[T2depth] t=14.1840 id=743 src=stereo u=382.0 v=179.0 depth=3.9709 depth2=-1.0000 track=1 sf=10 flag=ok
[T2gate] t=14.1840 tri=43 rej=0 xrej=0 init_replace=4 gate=0
[T2slv] t=14.1840 phase=1 init_cost=131.454 final_cost=93.7812 iters=9 term=1 slv_ms=7.2
[T2diag] t=14.1840 P=[-0.0179 -0.0012 0.0032] V=[0.0073 -0.0012 -0.0014] |Bas|=0.110260 |Bgs|=0.0007343 Bas=[-0.109791 -0.010163 -0.000354] Bgs=[-0.0001141 -0.0005400 0.0004843] tic0=[0.1200 0.0500 -0.0200] tic1=[0.1200 -0.0500 -0.0200] td=0.00000 track=138
[E2uls] flag=1 sh_t=14.216 new_t=14.216 dP=[0.0017 -0.0006 -0.0004] |dP|=0.0018 first_dt=-1.0000
time: 14.184000, t: -0.017866 -0.001156 0.003163 q: 0.999978 -0.000381 -0.006467 0.001250 
[T2xcross] t=14.2840 id=732 est=5.0000 svd=0.0265 rel=0.9947 track=2 sf=9
[T2depth] t=14.2840 id=736 src=motion2 u=172.3 v=220.7 depth=0.1886 depth2=-1.0000 track=2 sf=9 flag=ok
[T2depth] t=14.2840 id=737 src=motion2 u=621.1 v=71.8 depth=5.0000 depth2=-1.0000 track=2 sf=9 flag=init_neg
[T2xcross] t=14.2840 id=739 est=22.4343 svd=0.0254 rel=0.9989 track=2 sf=9
[T2depth] t=14.2840 id=744 src=motion2 u=265.0 v=26.0 depth=5.0000 depth2=-1.0000 track=2 sf=9 flag=init_neg
[T2depth] t=14.2840 id=746 src=stereo u=606.2 v=138.9 depth=5.0000 depth2=-1.0000 track=1 sf=10 flag=init_neg
[T2depth] t=14.2840 id=747 src=stereo u=447.0 v=203.6 depth=3.8973 depth2=-1.0000 track=1 sf=10 flag=ok
[T2depth] t=14.2840 id=749 src=stereo u=35.7 v=83.2 depth=26.7484 depth2=-1.0000 track=1 sf=10 flag=ok
[T2depth] t=14.2840 id=753 src=stereo u=314.8 v=71.3 depth=5.0000 depth2=-1.0000 track=1 sf=10 flag=init_neg
[T2depth] t=14.2840 id=756 src=stereo u=406.0 v=216.0 depth=4.1998 depth2=-1.0000 track=1 sf=10 flag=ok
[T2depth] t=14.2840 id=757 src=stereo u=12.0 v=48.0 depth=5.0000 depth2=-1.0000 track=1 sf=10 flag=init_neg
[T2depth] t=14.2840 id=759 src=stereo u=509.0 v=68.0 depth=4.1871 depth2=-1.0000 track=1 sf=10 flag=ok
[T2depth] t=14.2840 id=762 src=stereo u=402.0 v=104.0 depth=3.5695 depth2=-1.0000 track=1 sf=10 flag=ok
[T2gate] t=14.2840 tri=49 rej=0 xrej=0 init_replace=5 gate=0
[T2slv] t=14.2840 phase=1 init_cost=84.3376 final_cost=82.2984 iters=9 term=1 slv_ms=11.4
[T2diag] t=14.2840 P=[-0.0182 -0.0008 0.0037] V=[0.0072 -0.0030 -0.0034] |Bas|=0.109126 |Bgs|=0.0007696 Bas=[-0.108706 -0.009561 -0.000337] Bgs=[-0.0001077 -0.0005577 0.0005193] tic0=[0.1200 0.0500 -0.0200] tic1=[0.1200 -0.0500 -0.0200] td=0.00000 track=134
[E2uls] flag=1 sh_t=14.328 new_t=14.328 dP=[0.0015 -0.0008 -0.0008] |dP|=0.0019 first_dt=-1.0000
time: 14.284000, t: -0.018168 -0.000843 0.003679 q: 0.999979 -0.000550 -0.006303 0.001210 
[T2depth] t=14.3840 id=36 src=motion2 u=482.5 v=394.3 depth=0.0974 depth2=-1.0000 track=2 sf=9 flag=ok
[T2xcross] t=14.3840 id=746 est=5.0000 svd=0.1587 rel=0.9683 track=2 sf=9
[T2xcross] t=14.3840 id=747 est=3.8973 svd=0.2618 rel=0.9328 track=2 sf=9
[T2xcross] t=14.3840 id=749 est=26.7484 svd=0.0668 rel=0.9975 track=2 sf=9
[T2depth] t=14.3840 id=750 src=motion2 u=131.0 v=191.5 depth=0.3820 depth2=-1.0000 track=2 sf=9 flag=ok
[T2depth] t=14.3840 id=752 src=motion2 u=57.8 v=197.8 depth=0.1535 depth2=-1.0000 track=2 sf=9 flag=ok
[T2depth] t=14.3840 id=755 src=motion2 u=33.0 v=243.0 depth=1.1303 depth2=-1.0000 track=2 sf=9 flag=ok
[T2xcross] t=14.3840 id=756 est=4.1998 svd=0.0553 rel=0.9868 track=2 sf=9
[T2xcross] t=14.3840 id=757 est=5.0000 svd=0.1577 rel=0.9685 track=2 sf=9
[T2xcross] t=14.3840 id=759 est=4.1871 svd=0.0084 rel=0.9980 track=2 sf=9
[T2depth] t=14.3840 id=760 src=motion2 u=379.0 v=6.0 depth=0.0820 depth2=-1.0000 track=2 sf=9 flag=ok
[T2xcross] t=14.3840 id=762 est=3.5695 svd=0.1733 rel=0.9515 track=2 sf=9
[T2depth] t=14.3840 id=768 src=stereo u=130.0 v=108.0 depth=35.1271 depth2=-1.0000 track=1 sf=10 flag=ok
[T2gate] t=14.3840 tri=41 rej=0 xrej=0 init_replace=0 gate=0
[T2slv] t=14.3840 phase=1 init_cost=84.7291 final_cost=83.7178 iters=6 term=0 slv_ms=9.9
[T2diag] t=14.3840 P=[-0.0183 -0.0009 0.0031] V=[0.0081 -0.0045 -0.0032] |Bas|=0.108966 |Bgs|=0.0007838 Bas=[-0.108627 -0.008585 0.000064] Bgs=[-0.0001503 -0.0005469 0.0005410] tic0=[0.1200 0.0500 -0.0200] tic1=[0.1200 -0.0500 -0.0200] td=0.00000 track=142
[E2uls] flag=1 sh_t=14.428 new_t=14.428 dP=[0.0014 -0.0004 0.0002] |dP|=0.0015 first_dt=-1.0000
time: 14.384000, t: -0.018265 -0.000880 0.003121 q: 0.999978 -0.000692 -0.006478 0.001277 
[T2depth] t=14.4840 id=765 src=motion2 u=356.3 v=28.9 depth=0.6712 depth2=-1.0000 track=2 sf=9 flag=ok
[T2depth] t=14.4840 id=766 src=motion2 u=244.0 v=118.0 depth=5.0000 depth2=-1.0000 track=2 sf=9 flag=init_neg
[T2xcross] t=14.4840 id=768 est=35.1271 svd=0.0509 rel=0.9986 track=2 sf=9
[T2depth] t=14.4840 id=769 src=motion2 u=514.0 v=258.0 depth=0.2054 depth2=-1.0000 track=2 sf=9 flag=ok
[T2depth] t=14.4840 id=771 src=motion2 u=569.0 v=162.0 depth=5.0000 depth2=-1.0000 track=2 sf=9 flag=init_neg
[T2depth] t=14.4840 id=777 src=stereo u=528.9 v=57.3 depth=3.6316 depth2=-1.0000 track=1 sf=10 flag=ok
[T2depth] t=14.4840 id=781 src=stereo u=266.3 v=141.8 depth=20.6893 depth2=-1.0000 track=1 sf=10 flag=ok
[T2depth] t=14.4840 id=784 src=stereo u=82.9 v=37.7 depth=42.1783 depth2=-1.0000 track=1 sf=10 flag=ok
[T2gate] t=14.4840 tri=45 rej=0 xrej=0 init_replace=2 gate=0
[T2slv] t=14.4840 phase=1 init_cost=121.592 final_cost=83.8934 iters=9 term=1 slv_ms=14.3
[T2diag] t=14.4840 P=[-0.0183 -0.0009 0.0032] V=[0.0095 -0.0037 -0.0013] |Bas|=0.108150 |Bgs|=0.0007825 Bas=[-0.107831 -0.008279 -0.000581] Bgs=[-0.0001674 -0.0005226 0.0005579] tic0=[0.1200 0.0500 -0.0200] tic1=[0.1200 -0.0500 -0.0200] td=0.00000 track=137
[E2uls] flag=1 sh_t=14.532 new_t=14.532 dP=[0.0015 -0.0009 -0.0009] |dP|=0.0019 first_dt=-1.0000
time: 14.484000, t: -0.018342 -0.000862 0.003210 q: 0.999979 -0.000895 -0.006337 0.001311 
[T2xcross] t=14.5840 id=36 est=0.0974 svd=0.3035 rel=0.6791 track=2 sf=9
[T2depth] t=14.5840 id=773 src=motion2 u=567.9 v=68.2 depth=5.0000 depth2=-1.0000 track=2 sf=9 flag=init_neg
[T2depth] t=14.5840 id=774 src=motion2 u=62.1 v=477.9 depth=5.0000 depth2=-1.0000 track=2 sf=9 flag=init_neg
[T2depth] t=14.5840 id=775 src=motion2 u=5.3 v=240.0 depth=5.0000 depth2=-1.0000 track=2 sf=9 flag=init_neg
[T2depth] t=14.5840 id=778 src=motion2 u=95.6 v=108.5 depth=5.0000 depth2=-1.0000 track=2 sf=9 flag=init_neg
[T2depth] t=14.5840 id=779 src=motion2 u=316.2 v=28.9 depth=0.1478 depth2=-1.0000 track=2 sf=9 flag=ok
[T2depth] t=14.5840 id=782 src=motion2 u=178.8 v=112.1 depth=5.0000 depth2=-1.0000 track=2 sf=9 flag=init_neg
[T2depth] t=14.5840 id=783 src=motion2 u=562.0 v=197.8 depth=5.0000 depth2=-1.0000 track=2 sf=9 flag=init_neg
[T2depth] t=14.5840 id=785 src=motion2 u=300.0 v=96.0 depth=0.1708 depth2=-1.0000 track=2 sf=9 flag=ok
[T2depth] t=14.5840 id=788 src=stereo u=67.9 v=216.4 depth=13.4084 depth2=-1.0000 track=1 sf=10 flag=ok
[T2depth] t=14.5840 id=789 src=stereo u=306.1 v=62.1 depth=5.0000 depth2=-1.0000 track=1 sf=10 flag=init_neg
[T2depth] t=14.5840 id=793 src=stereo u=401.0 v=172.0 depth=3.4593 depth2=-1.0000 track=1 sf=10 flag=ok
[T2gate] t=14.5840 tri=47 rej=0 xrej=0 init_replace=7 gate=0
[T2slv] t=14.5840 phase=1 init_cost=84.9521 final_cost=82.8902 iters=8 term=0 slv_ms=16.6
[T2diag] t=14.5840 P=[-0.0187 -0.0003 0.0042] V=[0.0107 0.0017 -0.0017] |Bas|=0.107848 |Bgs|=0.0007800 Bas=[-0.107550 -0.007987 -0.000737] Bgs=[-0.0001440 -0.0005346 0.0005494] tic0=[0.1200 0.0500 -0.0200] tic1=[0.1200 -0.0500 -0.0200] td=0.00000 track=138
[E2uls] flag=1 sh_t=14.644 new_t=14.644 dP=[0.0022 -0.0010 -0.0014] |dP|=0.0028 first_dt=-1.0000
time: 14.584000, t: -0.018674 -0.000333 0.004188 q: 0.999980 -0.000885 -0.006163 0.001132 
[T2xcross] t=14.6840 id=15 est=0.1552 svd=0.3164 rel=0.5094 track=2 sf=9
[T2depth] t=14.6840 id=84 src=motion2 u=409.0 v=289.1 depth=5.0000 depth2=-1.0000 track=2 sf=9 flag=init_neg
[T2xcross] t=14.6840 id=788 est=13.4084 svd=0.1107 rel=0.9917 track=2 sf=9
[T2depth] t=14.6840 id=794 src=motion2 u=599.0 v=41.0 depth=0.2753 depth2=-1.0000 track=2 sf=9 flag=ok
[T2depth] t=14.6840 id=795 src=motion2 u=365.0 v=158.0 depth=5.0000 depth2=-1.0000 track=2 sf=9 flag=init_neg
[T2depth] t=14.6840 id=797 src=stereo u=395.1 v=75.0 depth=3.5079 depth2=-1.0000 track=1 sf=10 flag=ok
[T2depth] t=14.6840 id=799 src=stereo u=212.3 v=172.5 depth=40.0712 depth2=-1.0000 track=1 sf=10 flag=ok
[T2depth] t=14.6840 id=801 src=stereo u=141.0 v=157.6 depth=5.0000 depth2=-1.0000 track=1 sf=10 flag=init_neg
[T2depth] t=14.6840 id=806 src=stereo u=516.0 v=224.0 depth=3.5821 depth2=-1.0000 track=1 sf=10 flag=ok
[T2depth] t=14.6840 id=811 src=stereo u=532.0 v=99.0 depth=3.8622 depth2=-1.0000 track=1 sf=10 flag=ok
[T2gate] t=14.6840 tri=47 rej=0 xrej=0 init_replace=3 gate=0
[T2slv] t=14.6840 phase=1 init_cost=108.61 final_cost=83.2232 iters=9 term=1 slv_ms=8.7
[T2diag] t=14.6840 P=[-0.0186 -0.0012 0.0044] V=[0.0103 -0.0029 0.0001] |Bas|=0.106179 |Bgs|=0.0006974 Bas=[-0.105922 -0.007319 -0.001001] Bgs=[-0.0002202 -0.0004616 0.0004741] tic0=[0.1200 0.0500 -0.0200] tic1=[0.1200 -0.0500 -0.0200] td=0.00000 track=137
[E2uls] flag=1 sh_t=14.712 new_t=14.712 dP=[0.0015 0.0014 -0.0005] |dP|=0.0022 first_dt=-1.0000
time: 14.684000, t: -0.018647 -0.001248 0.004425 q: 0.999981 -0.000508 -0.006056 0.001369 
[T2xcross] t=14.8160 id=799 est=40.0712 svd=0.0149 rel=0.9996 track=2 sf=9
[T2depth] t=14.8160 id=800 src=motion2 u=362.4 v=209.9 depth=0.1713 depth2=-1.0000 track=2 sf=9 flag=ok
[T2xcross] t=14.8160 id=801 est=5.0000 svd=0.0299 rel=0.9940 track=2 sf=9
[T2depth] t=14.8160 id=804 src=motion2 u=510.9 v=151.5 depth=0.0034 depth2=-1.0000 track=2 sf=9 flag=ok
[T2depth] t=14.8160 id=805 src=motion2 u=491.0 v=288.0 depth=5.0000 depth2=-1.0000 track=2 sf=9 flag=init_neg
[T2depth] t=14.8160 id=809 src=motion2 u=75.0 v=187.0 depth=0.1035 depth2=-1.0000 track=2 sf=9 flag=ok
[T2depth] t=14.8160 id=810 src=motion2 u=492.0 v=39.0 depth=5.0000 depth2=-1.0000 track=2 sf=9 flag=init_neg
[T2depth] t=14.8160 id=814 src=stereo u=573.5 v=51.2 depth=30.9957 depth2=-1.0000 track=1 sf=10 flag=ok
[T2depth] t=14.8160 id=819 src=stereo u=339.0 v=94.0 depth=39.6297 depth2=-1.0000 track=1 sf=10 flag=ok
[T2gate] t=14.8160 tri=41 rej=0 xrej=0 init_replace=2 gate=0
[T2slv] t=14.8160 phase=1 init_cost=84.2267 final_cost=83.015 iters=9 term=1 slv_ms=8.2
[T2diag] t=14.8160 P=[-0.0188 -0.0010 0.0041] V=[0.0061 0.0004 -0.0035] |Bas|=0.105417 |Bgs|=0.0006823 Bas=[-0.105226 -0.006328 -0.000502] Bgs=[-0.0002204 -0.0004254 0.0004858] tic0=[0.1200 0.0500 -0.0200] tic1=[0.1200 -0.0500 -0.0200] td=0.00000 track=142
[E2uls] flag=1 sh_t=14.872 new_t=14.872 dP=[0.0021 -0.0006 0.0005] |dP|=0.0022 first_dt=-1.0000
time: 14.816000, t: -0.018804 -0.001019 0.004103 q: 0.999980 -0.000802 -0.006128 0.001377 
[T2xcross] t=14.9200 id=797 est=3.5079 svd=0.1035 rel=0.9705 track=2 sf=9
[T2depth] t=14.9200 id=817 src=motion2 u=265.2 v=148.2 depth=0.0815 depth2=-1.0000 track=2 sf=9 flag=ok
[T2depth] t=14.9200 id=818 src=motion2 u=607.0 v=48.0 depth=5.0000 depth2=-1.0000 track=2 sf=9 flag=init_neg
[T2xcross] t=14.9200 id=819 est=39.6297 svd=0.1064 rel=0.9973 track=2 sf=9
[T2depth] t=14.9200 id=820 src=motion2 u=105.0 v=68.0 depth=0.3384 depth2=-1.0000 track=2 sf=9 flag=ok
[T2depth] t=14.9200 id=822 src=stereo u=33.7 v=163.8 depth=5.0000 depth2=-1.0000 track=1 sf=10 flag=init_neg
[T2depth] t=14.9200 id=825 src=stereo u=413.9 v=116.7 depth=3.8627 depth2=-1.0000 track=1 sf=10 flag=ok
[T2depth] t=14.9200 id=826 src=stereo u=223.0 v=90.0 depth=5.0000 depth2=-1.0000 track=1 sf=10 flag=init_neg
[T2depth] t=14.9200 id=829 src=stereo u=466.0 v=87.0 depth=3.6841 depth2=-1.0000 track=1 sf=10 flag=ok
[T2gate] t=14.9200 tri=38 rej=0 xrej=0 init_replace=3 gate=0
[T2slv] t=14.9200 phase=1 init_cost=86.4183 final_cost=83.84 iters=9 term=1 slv_ms=12.2
[T2diag] t=14.9200 P=[-0.0196 -0.0006 0.0050] V=[0.0058 -0.0011 -0.0035] |Bas|=0.104433 |Bgs|=0.0007413 Bas=[-0.104279 -0.005581 -0.000957] Bgs=[-0.0002234 -0.0004495 0.0005455] tic0=[0.1200 0.0500 -0.0200] tic1=[0.1200 -0.0500 -0.0200] td=0.00000 track=143
[E2uls] flag=1 sh_t=14.972 new_t=14.972 dP=[0.0019 0.0002 -0.0021] |dP|=0.0028 first_dt=-1.0000
time: 14.920000, t: -0.019553 -0.000597 0.005033 q: 0.999981 -0.000824 -0.005931 0.001379 
[T2xcross] t=15.0520 id=814 est=30.9957 svd=0.1126 rel=0.9964 track=2 sf=9
[T2xcross] t=15.0520 id=826 est=5.0000 svd=0.3979 rel=0.9204 track=2 sf=9
[T2depth] t=15.0520 id=828 src=motion2 u=601.0 v=16.0 depth=0.1705 depth2=-1.0000 track=2 sf=9 flag=ok
[T2depth] t=15.0520 id=831 src=stereo u=378.7 v=11.4 depth=3.3456 depth2=-1.0000 track=1 sf=10 flag=ok
[T2depth] t=15.0520 id=836 src=stereo u=417.0 v=164.0 depth=3.7115 depth2=-1.0000 track=1 sf=10 flag=ok
[T2depth] t=15.0520 id=837 src=stereo u=173.0 v=188.0 depth=5.0000 depth2=-1.0000 track=1 sf=10 flag=init_neg
[T2gate] t=15.0520 tri=39 rej=0 xrej=0 init_replace=1 gate=0
[T2slv] t=15.0520 phase=1 init_cost=87.6332 final_cost=85.0742 iters=5 term=0 slv_ms=15.0
[T2diag] t=15.0520 P=[-0.0193 0.0001 0.0046] V=[0.0108 0.0074 -0.0060] |Bas|=0.103462 |Bgs|=0.0007107 Bas=[-0.103329 -0.005068 -0.001299] Bgs=[-0.0001697 -0.0004466 0.0005262] tic0=[0.1200 0.0500 -0.0200] tic1=[0.1200 -0.0500 -0.0200] td=0.00000 track=139
[E2uls] flag=1 sh_t=15.096 new_t=15.096 dP=[0.0014 -0.0009 -0.0008] |dP|=0.0018 first_dt=-1.0000
time: 15.052000, t: -0.019338 0.000102 0.004570 q: 0.999982 -0.000873 -0.005882 0.001063 
[T2xcross] t=15.1840 id=795 est=5.0000 svd=0.1841 rel=0.9632 track=2 sf=9
[T2xcross] t=15.1840 id=811 est=3.8622 svd=1.3239 rel=0.6572 track=2 sf=9
[T2xcross] t=15.1840 id=820 est=0.3384 svd=0.2817 rel=0.1675 track=2 sf=9
[T2xcross] t=15.1840 id=825 est=3.8627 svd=0.5327 rel=0.8621 track=2 sf=9
[T2depth] t=15.1840 id=832 src=motion2 u=445.0 v=121.2 depth=14.3845 depth2=-1.0000 track=2 sf=9 flag=ok
[T2depth] t=15.1840 id=834 src=motion2 u=76.1 v=54.1 depth=5.0000 depth2=-1.0000 track=2 sf=9 flag=init_neg
[T2depth] t=15.1840 id=840 src=motion2 u=347.0 v=43.0 depth=0.2942 depth2=-1.0000 track=2 sf=9 flag=ok
[T2depth] t=15.1840 id=844 src=stereo u=273.9 v=49.2 depth=5.0000 depth2=-1.0000 track=1 sf=10 flag=init_neg
[T2depth] t=15.1840 id=850 src=stereo u=42.0 v=12.0 depth=25.5053 depth2=-1.0000 track=1 sf=10 flag=ok
[T2gate] t=15.1840 tri=41 rej=0 xrej=0 init_replace=2 gate=0
[T2slv] t=15.1840 phase=1 init_cost=93.8205 final_cost=86.8695 iters=9 term=1 slv_ms=12.8
[T2diag] t=15.1840 P=[-0.0198 -0.0003 0.0044] V=[0.0077 0.0018 -0.0021] |Bas|=0.099044 |Bgs|=0.0006595 Bas=[-0.098946 -0.004067 -0.001740] Bgs=[-0.0002350 -0.0003804 0.0004848] tic0=[0.1200 0.0500 -0.0200] tic1=[0.1200 -0.0500 -0.0200] td=0.00000 track=142
[E2uls] flag=1 sh_t=15.244 new_t=15.244 dP=[0.0036 0.0030 -0.0011] |dP|=0.0048 first_dt=-1.0000
time: 15.184000, t: -0.019816 -0.000343 0.004446 q: 0.999982 -0.000501 -0.005768 0.001274 
[T2depth] t=15.2840 id=843 src=motion2 u=335.4 v=202.8 depth=5.0000 depth2=-1.0000 track=2 sf=9 flag=init_neg
[T2depth] t=15.2840 id=849 src=motion2 u=144.0 v=26.0 depth=0.0506 depth2=-1.0000 track=2 sf=9 flag=ok
[T2xcross] t=15.2840 id=850 est=25.5053 svd=0.0706 rel=0.9972 track=2 sf=9
[T2depth] t=15.2840 id=852 src=stereo u=494.0 v=79.5 depth=4.1308 depth2=-1.0000 track=1 sf=10 flag=ok
[T2depth] t=15.2840 id=854 src=stereo u=98.6 v=34.9 depth=22.7005 depth2=-1.0000 track=1 sf=10 flag=ok
[T2depth] t=15.2840 id=856 src=stereo u=42.0 v=165.0 depth=32.8562 depth2=-1.0000 track=1 sf=10 flag=ok
[T2depth] t=15.2840 id=859 src=stereo u=577.0 v=194.0 depth=42.2564 depth2=-1.0000 track=1 sf=10 flag=ok
[T2gate] t=15.2840 tri=40 rej=0 xrej=0 init_replace=1 gate=0
[T2slv] t=15.2840 phase=1 init_cost=90.7923 final_cost=87.1213 iters=9 term=1 slv_ms=11.7
[T2diag] t=15.2840 P=[-0.0197 -0.0007 0.0035] V=[0.0080 -0.0006 -0.0101] |Bas|=0.098495 |Bgs|=0.0006708 Bas=[-0.098472 -0.002071 -0.000527] Bgs=[-0.0002452 -0.0003719 0.0005016] tic0=[0.1200 0.0500 -0.0200] tic1=[0.1200 -0.0500 -0.0200] td=0.00000 track=141
[E2uls] flag=1 sh_t=15.344 new_t=15.344 dP=[0.0015 0.0005 0.0010] |dP|=0.0019 first_dt=-1.0000
time: 15.284000, t: -0.019674 -0.000694 0.003477 q: 0.999981 -0.000710 -0.006032 0.001386 
[T2xcross] t=15.3840 id=108 est=5.0000 svd=2.8390 rel=0.4322 track=2 sf=9
[T2xcross] t=15.3840 id=856 est=32.8562 svd=0.1549 rel=0.9953 track=2 sf=9
[T2depth] t=15.3840 id=857 src=motion2 u=116.0 v=117.0 depth=0.2238 depth2=-1.0000 track=2 sf=9 flag=ok
[T2depth] t=15.3840 id=860 src=motion2 u=573.0 v=105.0 depth=5.0000 depth2=-1.0000 track=2 sf=9 flag=init_neg
[T2depth] t=15.3840 id=861 src=motion2 u=39.0 v=69.0 depth=5.0000 depth2=-1.0000 track=2 sf=9 flag=init_neg
[T2depth] t=15.3840 id=863 src=stereo u=159.6 v=121.9 depth=21.0988 depth2=-1.0000 track=1 sf=10 flag=ok
[T2depth] t=15.3840 id=867 src=stereo u=402.0 v=12.0 depth=4.1318 depth2=-1.0000 track=1 sf=10 flag=ok
[T2depth] t=15.3840 id=875 src=stereo u=603.0 v=94.0 depth=36.5678 depth2=-1.0000 track=1 sf=10 flag=ok
[T2gate] t=15.3840 tri=41 rej=0 xrej=0 init_replace=2 gate=0
[T2slv] t=15.3840 phase=1 init_cost=89.1108 final_cost=86.3792 iters=6 term=0 slv_ms=15.2
[T2diag] t=15.3840 P=[-0.0199 -0.0007 0.0032] V=[0.0067 -0.0001 -0.0067] |Bas|=0.097323 |Bgs|=0.0007056 Bas=[-0.097308 -0.001222 -0.001134] Bgs=[-0.0002517 -0.0003742 0.0005426] tic0=[0.1200 0.0500 -0.0200] tic1=[0.1200 -0.0500 -0.0200] td=0.00000 track=139
[E2uls] flag=1 sh_t=15.424 new_t=15.424 dP=[0.0013 0.0000 -0.0012] |dP|=0.0018 first_dt=-1.0000
time: 15.384000, t: -0.019873 -0.000750 0.003229 q: 0.999980 -0.000696 -0.006065 0.001418 
[T2xcross] t=15.5160 id=849 est=0.0506 svd=3.6045 rel=0.9860 track=2 sf=9
[T2depth] t=15.5160 id=862 src=motion2 u=163.1 v=188.9 depth=5.0000 depth2=-1.0000 track=2 sf=9 flag=init_neg
[T2xcross] t=15.5160 id=863 est=21.0988 svd=0.0516 rel=0.9976 track=2 sf=9
[T2depth] t=15.5160 id=868 src=motion2 u=296.5 v=120.0 depth=5.0000 depth2=-1.0000 track=2 sf=9 flag=init_neg
[T2depth] t=15.5160 id=871 src=motion2 u=34.0 v=37.0 depth=0.2108 depth2=-1.0000 track=2 sf=9 flag=ok
[T2depth] t=15.5160 id=872 src=motion2 u=114.0 v=194.0 depth=0.0882 depth2=-1.0000 track=2 sf=9 flag=ok
[T2depth] t=15.5160 id=873 src=motion2 u=453.0 v=85.0 depth=5.0000 depth2=-1.0000 track=2 sf=9 flag=init_neg
[T2depth] t=15.5160 id=886 src=stereo u=475.0 v=130.0 depth=5.0000 depth2=-1.0000 track=1 sf=10 flag=init_neg
[T2gate] t=15.5160 tri=42 rej=0 xrej=0 init_replace=4 gate=0
[T2slv] t=15.5160 phase=1 init_cost=88.9952 final_cost=86.2774 iters=9 term=1 slv_ms=10.2
[T2diag] t=15.5160 P=[-0.0202 -0.0011 0.0034] V=[0.0115 -0.0025 -0.0066] |Bas|=0.095872 |Bgs|=0.0007212 Bas=[-0.095861 -0.000390 -0.001380] Bgs=[-0.0002657 -0.0003733 0.0005569] tic0=[0.1200 0.0500 -0.0200] tic1=[0.1200 -0.0500 -0.0200] td=0.00000 track=141
[E2uls] flag=1 sh_t=15.568 new_t=15.568 dP=[0.0023 0.0001 -0.0014] |dP|=0.0027 first_dt=-1.0000
time: 15.516000, t: -0.020233 -0.001101 0.003357 q: 0.999981 -0.000652 -0.006001 0.001483 
[T2xcross] t=15.6520 id=875 est=36.5678 svd=0.2289 rel=0.9937 track=2 sf=9
[T2depth] t=15.6520 id=879 src=motion2 u=220.1 v=8.5 depth=0.0765 depth2=-1.0000 track=2 sf=9 flag=ok
[T2depth] t=15.6520 id=881 src=motion2 u=74.3 v=144.2 depth=0.9870 depth2=-1.0000 track=2 sf=9 flag=ok
[T2depth] t=15.6520 id=882 src=motion2 u=407.0 v=210.0 depth=0.0520 depth2=-1.0000 track=2 sf=9 flag=ok
[T2depth] t=15.6520 id=894 src=stereo u=479.2 v=162.3 depth=3.9123 depth2=-1.0000 track=1 sf=10 flag=ok
[T2depth] t=15.6520 id=896 src=stereo u=500.3 v=221.8 depth=3.9152 depth2=-1.0000 track=1 sf=10 flag=ok
[T2depth] t=15.6520 id=900 src=stereo u=528.3 v=188.4 depth=4.1121 depth2=-1.0000 track=1 sf=10 flag=ok
[T2depth] t=15.6520 id=903 src=stereo u=558.0 v=163.0 depth=5.0000 depth2=-1.0000 track=1 sf=10 flag=init_neg
[T2gate] t=15.6520 tri=49 rej=0 xrej=0 init_replace=1 gate=0
[T2slv] t=15.6520 phase=1 init_cost=87.4725 final_cost=86.4684 iters=9 term=1 slv_ms=4.4
[T2diag] t=15.6520 P=[-0.0193 -0.0006 0.0026] V=[0.0114 0.0019 -0.0020] |Bas|=0.095783 |Bgs|=0.0007165 Bas=[-0.095775 -0.000324 -0.001202] Bgs=[-0.0002520 -0.0003602 0.0005658] tic0=[0.1200 0.0500 -0.0200] tic1=[0.1200 -0.0500 -0.0200] td=0.00000 track=134
[E2uls] flag=1 sh_t=15.684 new_t=15.684 dP=[0.0012 -0.0010 0.0001] |dP|=0.0015 first_dt=-1.0000
time: 15.652000, t: -0.019296 -0.000634 0.002620 q: 0.999980 -0.000602 -0.006102 0.001320 
[T2depth] t=15.7880 id=887 src=motion2 u=450.0 v=381.0 depth=1.4409 depth2=-1.0000 track=2 sf=9 flag=ok
[T2depth] t=15.7880 id=895 src=motion2 u=339.8 v=186.8 depth=5.0000 depth2=-1.0000 track=2 sf=9 flag=init_neg
[T2xcross] t=15.7880 id=896 est=3.9152 svd=0.1289 rel=0.9671 track=2 sf=9
[T2depth] t=15.7880 id=899 src=motion2 u=217.1 v=181.7 depth=0.1586 depth2=-1.0000 track=2 sf=9 flag=ok
[T2depth] t=15.7880 id=902 src=motion2 u=309.0 v=36.0 depth=5.0000 depth2=-1.0000 track=2 sf=9 flag=init_neg
[T2depth] t=15.7880 id=904 src=motion2 u=65.0 v=102.0 depth=1.0875 depth2=-1.0000 track=2 sf=9 flag=ok
[T2depth] t=15.7880 id=908 src=stereo u=38.5 v=14.9 depth=42.8120 depth2=-1.0000 track=1 sf=10 flag=ok
[T2depth] t=15.7880 id=910 src=stereo u=360.0 v=221.8 depth=3.3126 depth2=-1.0000 track=1 sf=10 flag=ok
[T2depth] t=15.7880 id=919 src=stereo u=483.0 v=92.0 depth=3.5896 depth2=-1.0000 track=1 sf=10 flag=ok
[T2gate] t=15.7880 tri=48 rej=0 xrej=0 init_replace=2 gate=0
[T2slv] t=15.7880 phase=1 init_cost=87.0087 final_cost=85.7041 iters=9 term=1 slv_ms=9.7
[T2diag] t=15.7880 P=[-0.0199 -0.0006 0.0027] V=[0.0081 0.0026 -0.0023] |Bas|=0.095540 |Bgs|=0.0006932 Bas=[-0.095535 -0.000111 -0.000994] Bgs=[-0.0002244 -0.0003730 0.0005394] tic0=[0.1200 0.0500 -0.0200] tic1=[0.1200 -0.0500 -0.0200] td=0.00000 track=139
[E2uls] flag=1 sh_t=15.828 new_t=15.828 dP=[0.0025 -0.0001 -0.0004] |dP|=0.0025 first_dt=-1.0000
time: 15.788000, t: -0.019946 -0.000584 0.002678 q: 0.999980 -0.000785 -0.006147 0.001334 
[T2xcross] t=15.9160 id=859 est=42.2564 svd=0.2537 rel=0.9940 track=2 sf=9
[T2depth] t=15.9160 id=917 src=motion2 u=36.0 v=170.0 depth=0.2743 depth2=-1.0000 track=2 sf=9 flag=ok
[T2depth] t=15.9160 id=920 src=stereo u=267.9 v=8.4 depth=15.1922 depth2=-1.0000 track=1 sf=10 flag=ok
[T2depth] t=15.9160 id=921 src=stereo u=519.7 v=105.8 depth=3.9883 depth2=-1.0000 track=1 sf=10 flag=ok
[T2depth] t=15.9160 id=924 src=stereo u=462.1 v=215.3 depth=4.3173 depth2=-1.0000 track=1 sf=10 flag=ok
[T2gate] t=15.9160 tri=46 rej=0 xrej=0 init_replace=0 gate=0
[T2slv] t=15.9160 phase=1 init_cost=88.7715 final_cost=86.8237 iters=9 term=1 slv_ms=7.1
[T2diag] t=15.9160 P=[-0.0200 -0.0009 0.0033] V=[0.0087 -0.0042 0.0016] |Bas|=0.094933 |Bgs|=0.0006963 Bas=[-0.094920 -0.000103 -0.001593] Bgs=[-0.0002321 -0.0003708 0.0005417] tic0=[0.1200 0.0500 -0.0200] tic1=[0.1200 -0.0500 -0.0200] td=0.00000 track=137
[E2uls] flag=1 sh_t=15.944 new_t=15.944 dP=[0.0014 0.0004 -0.0010] |dP|=0.0018 first_dt=-1.0000
time: 15.916000, t: -0.019957 -0.000858 0.003315 q: 0.999981 -0.000586 -0.005908 0.001375 
[T2xcross] t=16.0480 id=769 est=0.2054 svd=0.0788 rel=0.6165 track=2 sf=9
[T2xcross] t=16.0480 id=873 est=5.0000 svd=0.1002 rel=0.9800 track=2 sf=9
[T2depth] t=16.0480 id=922 src=motion2 u=352.6 v=48.8 depth=0.0290 depth2=-1.0000 track=2 sf=9 flag=ok
[T2depth] t=16.0480 id=923 src=motion2 u=341.7 v=134.7 depth=5.0000 depth2=-1.0000 track=2 sf=9 flag=init_neg
[T2depth] t=16.0480 id=925 src=motion2 u=47.5 v=209.6 depth=0.2051 depth2=-1.0000 track=2 sf=9 flag=ok
[T2depth] t=16.0480 id=926 src=motion2 u=625.9 v=133.6 depth=0.0620 depth2=-1.0000 track=2 sf=9 flag=ok
[T2depth] t=16.0480 id=927 src=motion2 u=201.0 v=136.0 depth=0.2246 depth2=-1.0000 track=2 sf=9 flag=ok
[T2depth] t=16.0480 id=928 src=motion2 u=250.0 v=85.0 depth=5.0000 depth2=-1.0000 track=2 sf=9 flag=init_neg
[T2depth] t=16.0480 id=929 src=motion2 u=119.0 v=92.0 depth=5.0000 depth2=-1.0000 track=2 sf=9 flag=init_neg
[T2depth] t=16.0480 id=930 src=motion2 u=29.0 v=77.0 depth=0.0443 depth2=-1.0000 track=2 sf=9 flag=ok
[T2gate] t=16.0480 tri=43 rej=0 xrej=0 init_replace=3 gate=0
[T2slv] t=16.0480 phase=1 init_cost=89.6876 final_cost=88.4576 iters=9 term=1 slv_ms=5.8
[T2diag] t=16.0480 P=[-0.0198 -0.0002 0.0026] V=[0.0070 0.0032 -0.0032] |Bas|=0.095027 |Bgs|=0.0006507 Bas=[-0.095015 -0.000169 -0.001535] Bgs=[-0.0002108 -0.0003009 0.0005370] tic0=[0.1200 0.0500 -0.0200] tic1=[0.1200 -0.0500 -0.0200] td=0.00000 track=142
[E2uls] flag=1 sh_t=16.088 new_t=16.088 dP=[0.0015 -0.0015 0.0006] |dP|=0.0022 first_dt=-1.0000
time: 16.048000, t: -0.019843 -0.000229 0.002640 q: 0.999981 -0.000653 -0.006001 0.001335 
[T2xcross] t=16.1480 id=881 est=0.9870 svd=0.0235 rel=0.9762 track=2 sf=9
[T2xcross] t=16.1480 id=917 est=0.2743 svd=0.0955 rel=0.6520 track=2 sf=9
[T2depth] t=16.1480 id=933 src=motion2 u=303.9 v=97.1 depth=5.0000 depth2=-1.0000 track=2 sf=9 flag=init_neg
[T2depth] t=16.1480 id=934 src=motion2 u=599.1 v=478.1 depth=5.0000 depth2=-1.0000 track=2 sf=9 flag=init_neg
[T2depth] t=16.1480 id=935 src=motion2 u=294.2 v=209.0 depth=0.0580 depth2=-1.0000 track=2 sf=9 flag=ok
[T2depth] t=16.1480 id=940 src=motion2 u=624.0 v=200.0 depth=0.2076 depth2=-1.0000 track=2 sf=9 flag=ok
[T2depth] t=16.1480 id=941 src=motion2 u=403.0 v=150.0 depth=5.0000 depth2=-1.0000 track=2 sf=9 flag=init_neg
[T2depth] t=16.1480 id=942 src=stereo u=492.2 v=189.8 depth=3.9435 depth2=-1.0000 track=1 sf=10 flag=ok
[T2depth] t=16.1480 id=949 src=stereo u=487.0 v=68.0 depth=3.7425 depth2=-1.0000 track=1 sf=10 flag=ok
[T2depth] t=16.1480 id=950 src=stereo u=129.0 v=172.0 depth=5.0000 depth2=-1.0000 track=1 sf=10 flag=init_neg
[T2depth] t=16.1480 id=953 src=stereo u=445.0 v=187.0 depth=3.8989 depth2=-1.0000 track=1 sf=10 flag=ok
[T2gate] t=16.1480 tri=45 rej=0 xrej=0 init_replace=4 gate=0
[T2slv] t=16.1480 phase=1 init_cost=110.298 final_cost=89.9957 iters=9 term=1 slv_ms=5.0
[T2diag] t=16.1480 P=[-0.0208 -0.0002 0.0029] V=[0.0044 0.0036 -0.0092] |Bas|=0.094739 |Bgs|=0.0006478 Bas=[-0.094736 0.000206 -0.000633] Bgs=[-0.0002429 -0.0003148 0.0005114] tic0=[0.1200 0.0500 -0.0200] tic1=[0.1200 -0.0500 -0.0200] td=0.00000 track=138
[E2uls] flag=1 sh_t=16.172 new_t=16.172 dP=[0.0018 0.0006 -0.0004] |dP|=0.0020 first_dt=-1.0000
time: 16.148000, t: -0.020826 -0.000223 0.002902 q: 0.999980 -0.000455 -0.006231 0.001285 
[T2depth] t=16.2480 id=945 src=motion2 u=313.7 v=31.9 depth=5.0000 depth2=-1.0000 track=2 sf=9 flag=init_neg
[T2depth] t=16.2480 id=946 src=motion2 u=293.0 v=152.0 depth=0.2918 depth2=-1.0000 track=2 sf=9 flag=ok
[T2depth] t=16.2480 id=947 src=motion2 u=222.2 v=13.5 depth=0.1958 depth2=-1.0000 track=2 sf=9 flag=ok
[T2depth] t=16.2480 id=948 src=motion2 u=606.0 v=104.0 depth=5.0000 depth2=-1.0000 track=2 sf=9 flag=init_neg
[T2depth] t=16.2480 id=952 src=motion2 u=413.0 v=16.0 depth=0.0073 depth2=-1.0000 track=2 sf=9 flag=ok
[T2xcross] t=16.2480 id=953 est=3.8989 svd=0.2648 rel=0.9321 track=2 sf=9
[T2depth] t=16.2480 id=954 src=motion2 u=536.0 v=130.0 depth=5.0000 depth2=-1.0000 track=2 sf=9 flag=init_neg
[T2depth] t=16.2480 id=958 src=stereo u=359.6 v=20.1 depth=3.4977 depth2=-1.0000 track=1 sf=10 flag=ok
[T2depth] t=16.2480 id=963 src=stereo u=433.1 v=72.1 depth=4.2961 depth2=-1.0000 track=1 sf=10 flag=ok
[T2depth] t=16.2480 id=969 src=stereo u=486.0 v=42.0 depth=3.7014 depth2=-1.0000 track=1 sf=10 flag=ok
[T2gate] t=16.2480 tri=47 rej=0 xrej=0 init_replace=3 gate=0
[T2slv] t=16.2480 phase=1 init_cost=94.6818 final_cost=89.6046 iters=9 term=1 slv_ms=18.2
[T2diag] t=16.2480 P=[-0.0190 -0.0017 0.0022] V=[0.0065 -0.0040 -0.0031] |Bas|=0.092715 |Bgs|=0.0006263 Bas=[-0.092701 -0.000471 -0.001555] Bgs=[-0.0002922 -0.0003272 0.0004471] tic0=[0.1200 0.0500 -0.0200] tic1=[0.1200 -0.0500 -0.0200] td=0.00000 track=136
[E2uls] flag=1 sh_t=16.292 new_t=16.292 dP=[-0.0009 0.0024 -0.0008] |dP|=0.0027 first_dt=-1.0000
time: 16.248000, t: -0.018965 -0.001662 0.002218 q: 0.999980 -0.000055 -0.006123 0.001697 
[T2depth] t=16.3480 id=956 src=motion2 u=414.9 v=440.0 depth=2.6302 depth2=-1.0000 track=2 sf=9 flag=ok
[T2depth] t=16.3480 id=960 src=motion2 u=196.1 v=57.7 depth=5.0000 depth2=-1.0000 track=2 sf=9 flag=init_neg
[T2depth] t=16.3480 id=961 src=motion2 u=75.4 v=69.7 depth=0.1344 depth2=-1.0000 track=2 sf=9 flag=ok
[T2depth] t=16.3480 id=962 src=motion2 u=449.0 v=110.1 depth=0.7478 depth2=-1.0000 track=2 sf=9 flag=ok
[T2depth] t=16.3480 id=964 src=motion2 u=238.0 v=69.0 depth=0.0685 depth2=-1.0000 track=2 sf=9 flag=ok
[T2depth] t=16.3480 id=965 src=motion2 u=560.0 v=23.0 depth=5.0000 depth2=-1.0000 track=2 sf=9 flag=init_neg
[T2depth] t=16.3480 id=966 src=motion2 u=502.0 v=152.0 depth=1.0572 depth2=-1.0000 track=2 sf=9 flag=ok
[T2depth] t=16.3480 id=971 src=stereo u=393.4 v=47.8 depth=3.3234 depth2=-1.0000 track=1 sf=10 flag=ok
[T2depth] t=16.3480 id=975 src=stereo u=328.2 v=159.2 depth=31.2881 depth2=-1.0000 track=1 sf=10 flag=ok
[T2depth] t=16.3480 id=977 src=stereo u=135.5 v=65.9 depth=35.6814 depth2=-1.0000 track=1 sf=10 flag=ok
[T2depth] t=16.3480 id=978 src=stereo u=582.0 v=85.0 depth=24.9319 depth2=-1.0000 track=1 sf=10 flag=ok
[T2depth] t=16.3480 id=979 src=stereo u=361.0 v=214.0 depth=4.1649 depth2=-1.0000 track=1 sf=10 flag=ok
[T2gate] t=16.3480 tri=45 rej=0 xrej=0 init_replace=2 gate=0
[T2slv] t=16.3480 phase=1 init_cost=90.5459 final_cost=89.2677 iters=9 term=1 slv_ms=5.8
[T2diag] t=16.3480 P=[-0.0181 -0.0009 0.0019] V=[0.0084 -0.0007 -0.0044] |Bas|=0.092867 |Bgs|=0.0006311 Bas=[-0.092854 -0.000763 -0.001360] Bgs=[-0.0002309 -0.0003312 0.0004850] tic0=[0.1200 0.0500 -0.0200] tic1=[0.1200 -0.0500 -0.0200] td=0.00000 track=141
[E2uls] flag=1 sh_t=16.404 new_t=16.404 dP=[0.0003 -0.0020 -0.0001] |dP|=0.0020 first_dt=-1.0000
time: 16.348000, t: -0.018074 -0.000947 0.001924 q: 0.999980 -0.000092 -0.006177 0.001449 
[T2xcross] t=16.4480 id=948 est=5.0000 svd=0.1183 rel=0.9763 track=2 sf=9
[T2xcross] t=16.4480 id=971 est=3.3234 svd=0.1128 rel=0.9661 track=2 sf=9
[T2depth] t=16.4480 id=974 src=motion2 u=612.0 v=213.4 depth=0.0262 depth2=-1.0000 track=2 sf=9 flag=ok
[T2xcross] t=16.4480 id=975 est=31.2881 svd=0.0623 rel=0.9980 track=2 sf=9
[T2depth] t=16.4480 id=976 src=motion2 u=296.6 v=58.2 depth=5.0000 depth2=-1.0000 track=2 sf=9 flag=init_neg
[T2depth] t=16.4480 id=981 src=motion2 u=541.0 v=193.0 depth=5.0000 depth2=-1.0000 track=2 sf=9 flag=init_neg
[T2depth] t=16.4480 id=110 src=stereo u=119.8 v=244.0 depth=5.2155 depth2=-1.0000 track=1 sf=10 flag=ok
[T2depth] t=16.4480 id=986 src=stereo u=178.0 v=193.0 depth=44.7893 depth2=-1.0000 track=1 sf=10 flag=ok
[T2depth] t=16.4480 id=988 src=stereo u=367.0 v=109.0 depth=4.2010 depth2=-1.0000 track=1 sf=10 flag=ok
[T2gate] t=16.4480 tri=37 rej=0 xrej=0 init_replace=2 gate=0
[T2slv] t=16.4480 phase=1 init_cost=85.7194 final_cost=84.2737 iters=9 term=1 slv_ms=12.7
[T2diag] t=16.4480 P=[-0.0184 -0.0006 0.0019] V=[0.0115 0.0005 -0.0074] |Bas|=0.093389 |Bgs|=0.0006600 Bas=[-0.093350 -0.002489 -0.001018] Bgs=[-0.0001933 -0.0003677 0.0005128] tic0=[0.1200 0.0500 -0.0200] tic1=[0.1200 -0.0500 -0.0200] td=0.00000 track=142
[E2uls] flag=1 sh_t=16.488 new_t=16.488 dP=[0.0018 -0.0007 -0.0004] |dP|=0.0020 first_dt=-1.0000
time: 16.448000, t: -0.018421 -0.000625 0.001860 q: 0.999979 -0.000091 -0.006323 0.001205 
[T2xcross] t=16.5480 id=110 est=5.2155 svd=0.9305 rel=0.8216 track=2 sf=9
[T2depth] t=16.5480 id=982 src=motion2 u=267.9 v=169.0 depth=5.0000 depth2=-1.0000 track=2 sf=9 flag=init_neg
[T2depth] t=16.5480 id=985 src=motion2 u=38.2 v=245.0 depth=0.2490 depth2=-1.0000 track=2 sf=9 flag=ok
[T2depth] t=16.5480 id=990 src=stereo u=508.5 v=193.6 depth=3.8515 depth2=-1.0000 track=1 sf=10 flag=ok
[T2depth] t=16.5480 id=1000 src=stereo u=514.0 v=112.0 depth=3.9250 depth2=-1.0000 track=1 sf=10 flag=ok
[T2depth] t=16.5480 id=1001 src=stereo u=400.0 v=93.0 depth=3.6638 depth2=-1.0000 track=1 sf=10 flag=ok
[T2gate] t=16.5480 tri=41 rej=0 xrej=0 init_replace=1 gate=0
[T2slv] t=16.5480 phase=1 init_cost=88.2617 final_cost=85.5153 iters=9 term=1 slv_ms=5.8
[T2diag] t=16.5480 P=[-0.0182 -0.0009 0.0015] V=[0.0079 -0.0005 -0.0080] |Bas|=0.093440 |Bgs|=0.0006775 Bas=[-0.093383 -0.003150 -0.000919] Bgs=[-0.0002137 -0.0003954 0.0005069] tic0=[0.1200 0.0500 -0.0200] tic1=[0.1200 -0.0500 -0.0200] td=0.00000 track=139
[E2uls] flag=1 sh_t=16.580 new_t=16.580 dP=[0.0010 0.0007 -0.0006] |dP|=0.0014 first_dt=-1.0000
time: 16.548000, t: -0.018195 -0.000934 0.001511 q: 0.999978 0.000181 -0.006516 0.001262 
[T2xcross] t=16.6480 id=958 est=3.4977 svd=0.2305 rel=0.9341 track=2 sf=9
[T2xcross] t=16.6480 id=990 est=3.8515 svd=0.0011 rel=0.9997 track=2 sf=9
[T2depth] t=16.6480 id=992 src=motion2 u=129.9 v=41.2 depth=5.0000 depth2=-1.0000 track=2 sf=9 flag=init_neg
[T2depth] t=16.6480 id=993 src=motion2 u=13.3 v=156.5 depth=0.0399 depth2=-1.0000 track=2 sf=9 flag=ok
[T2depth] t=16.6480 id=994 src=motion2 u=79.0 v=152.0 depth=5.0000 depth2=-1.0000 track=2 sf=9 flag=init_neg
[T2depth] t=16.6480 id=997 src=motion2 u=185.0 v=160.0 depth=5.0000 depth2=-1.0000 track=2 sf=9 flag=init_neg
[T2depth] t=16.6480 id=998 src=motion2 u=66.0 v=58.0 depth=5.0000 depth2=-1.0000 track=2 sf=9 flag=init_neg
[T2depth] t=16.6480 id=1007 src=stereo u=214.7 v=65.3 depth=43.8407 depth2=-1.0000 track=1 sf=10 flag=ok
[T2depth] t=16.6480 id=1011 src=stereo u=478.0 v=35.0 depth=3.6310 depth2=-1.0000 track=1 sf=10 flag=ok
[T2depth] t=16.6480 id=1012 src=stereo u=310.0 v=68.0 depth=5.0000 depth2=-1.0000 track=1 sf=10 flag=init_neg
[T2gate] t=16.6480 tri=43 rej=0 xrej=0 init_replace=5 gate=0
[T2slv] t=16.6480 phase=1 init_cost=87.7589 final_cost=84.8891 iters=9 term=1 slv_ms=10.4
[T2diag] t=16.6480 P=[-0.0185 -0.0005 0.0018] V=[0.0059 0.0015 -0.0048] |Bas|=0.092716 |Bgs|=0.0006820 Bas=[-0.092606 -0.004243 -0.001522] Bgs=[-0.0001662 -0.0004391 0.0004946] tic0=[0.1200 0.0500 -0.0200] tic1=[0.1200 -0.0500 -0.0200] td=0.00000 track=140
[E2uls] flag=1 sh_t=16.692 new_t=16.692 dP=[0.0004 -0.0011 -0.0018] |dP|=0.0022 first_dt=-1.0000
time: 16.648000, t: -0.018503 -0.000485 0.001765 q: 0.999979 0.000070 -0.006432 0.001140 
[T2xcross] t=16.7520 id=965 est=5.0000 svd=0.0508 rel=0.9898 track=2 sf=9
[T2depth] t=16.7520 id=1005 src=motion2 u=576.8 v=87.8 depth=0.1369 depth2=-1.0000 track=2 sf=9 flag=ok
[T2depth] t=16.7520 id=1010 src=motion2 u=176.0 v=111.0 depth=5.0000 depth2=-1.0000 track=2 sf=9 flag=init_neg
[T2xcross] t=16.7520 id=1011 est=3.6310 svd=0.2870 rel=0.9209 track=2 sf=9
[T2depth] t=16.7520 id=1015 src=stereo u=299.0 v=193.6 depth=5.0000 depth2=-1.0000 track=1 sf=10 flag=init_neg
[T2depth] t=16.7520 id=1021 src=stereo u=472.0 v=90.0 depth=4.0876 depth2=-1.0000 track=1 sf=10 flag=ok
[T2gate] t=16.7520 tri=42 rej=0 xrej=0 init_replace=2 gate=0
[T2slv] t=16.7520 phase=1 init_cost=86.0562 final_cost=84.573 iters=9 term=1 slv_ms=14.1
[T2diag] t=16.7520 P=[-0.0185 -0.0005 0.0018] V=[0.0073 0.0024 -0.0020] |Bas|=0.091246 |Bgs|=0.0006498 Bas=[-0.091072 -0.005391 -0.001660] Bgs=[-0.0001399 -0.0004554 0.0004419] tic0=[0.1200 0.0500 -0.0200] tic1=[0.1200 -0.0500 -0.0200] td=0.00000 track=140
[E2uls] flag=1 sh_t=16.792 new_t=16.792 dP=[0.0009 -0.0001 -0.0005] |dP|=0.0010 first_dt=-1.0000
time: 16.752000, t: -0.018459 -0.000543 0.001833 q: 0.999979 0.000226 -0.006347 0.001127 
[T2xcross] t=16.8880 id=84 est=5.0000 svd=4.3762 rel=0.1248 track=2 sf=9
[T2depth] t=16.8880 id=1014 src=motion2 u=530.7 v=152.1 depth=0.0487 depth2=-1.0000 track=2 sf=9 flag=ok
[T2xcross] t=16.8880 id=1015 est=5.0000 svd=0.0019 rel=0.9996 track=2 sf=9
[T2depth] t=16.8880 id=1016 src=motion2 u=63.0 v=111.2 depth=5.0000 depth2=-1.0000 track=2 sf=9 flag=init_neg
[T2depth] t=16.8880 id=1018 src=motion2 u=225.2 v=186.6 depth=0.0109 depth2=-1.0000 track=2 sf=9 flag=ok
[T2depth] t=16.8880 id=1020 src=motion2 u=112.6 v=200.3 depth=5.0000 depth2=-1.0000 track=2 sf=9 flag=init_neg
[T2depth] t=16.8880 id=1022 src=motion2 u=547.0 v=116.0 depth=5.0000 depth2=-1.0000 track=2 sf=9 flag=init_neg
[T2depth] t=16.8880 id=1029 src=stereo u=65.0 v=168.0 depth=5.0000 depth2=-1.0000 track=1 sf=10 flag=init_neg
[T2depth] t=16.8880 id=1031 src=stereo u=524.0 v=197.0 depth=3.7710 depth2=-1.0000 track=1 sf=10 flag=ok
[T2depth] t=16.8880 id=1033 src=stereo u=420.0 v=121.0 depth=3.8474 depth2=-1.0000 track=1 sf=10 flag=ok
[T2gate] t=16.8880 tri=45 rej=0 xrej=0 init_replace=4 gate=0
[T2slv] t=16.8880 phase=1 init_cost=88.8173 final_cost=85.4026 iters=9 term=1 slv_ms=7.8
[T2diag] t=16.8880 P=[-0.0182 -0.0008 0.0013] V=[0.0060 -0.0002 -0.0030] |Bas|=0.090025 |Bgs|=0.0006164 Bas=[-0.089718 -0.007333 -0.001125] Bgs=[-0.0001593 -0.0004476 0.0003928] tic0=[0.1200 0.0500 -0.0200] tic1=[0.1200 -0.0500 -0.0200] td=0.00000 track=138
[E2uls] flag=1 sh_t=16.920 new_t=16.920 dP=[0.0016 0.0006 0.0006] |dP|=0.0018 first_dt=-1.0000
time: 16.888000, t: -0.018153 -0.000769 0.001346 q: 0.999979 0.000239 -0.006412 0.001214 
[T2xcross] t=16.9840 id=1016 est=5.0000 svd=0.0446 rel=0.9911 track=2 sf=9
[T2depth] t=16.9840 id=1032 src=motion2 u=610.0 v=87.0 depth=5.0000 depth2=-1.0000 track=2 sf=9 flag=init_neg
[T2xcross] t=16.9840 id=1033 est=3.8474 svd=0.1628 rel=0.9577 track=2 sf=9
[T2depth] t=16.9840 id=1034 src=motion2 u=187.0 v=27.0 depth=5.0000 depth2=-1.0000 track=2 sf=9 flag=init_neg
[T2depth] t=16.9840 id=1035 src=motion2 u=309.0 v=161.0 depth=0.0153 depth2=-1.0000 track=2 sf=9 flag=ok
[T2depth] t=16.9840 id=1040 src=stereo u=226.6 v=38.6 depth=32.9514 depth2=-1.0000 track=1 sf=10 flag=ok
[T2depth] t=16.9840 id=1043 src=stereo u=16.0 v=77.0 depth=37.1182 depth2=-1.0000 track=1 sf=10 flag=ok
[T2depth] t=16.9840 id=1046 src=stereo u=332.0 v=27.0 depth=5.0000 depth2=-1.0000 track=1 sf=10 flag=init_neg
[T2depth] t=16.9840 id=1048 src=stereo u=447.0 v=202.0 depth=3.8970 depth2=-1.0000 track=1 sf=10 flag=ok
[T2depth] t=16.9840 id=1051 src=stereo u=412.0 v=214.0 depth=4.2219 depth2=-1.0000 track=1 sf=10 flag=ok
[T2gate] t=16.9840 tri=49 rej=0 xrej=0 init_replace=3 gate=0
[T2slv] t=16.9840 phase=1 init_cost=87.8922 final_cost=86.7948 iters=9 term=1 slv_ms=6.3
[T2diag] t=16.9840 P=[-0.0176 -0.0007 0.0011] V=[0.0071 -0.0072 -0.0073] |Bas|=0.089884 |Bgs|=0.0006547 Bas=[-0.089528 -0.007919 -0.001072] Bgs=[-0.0001745 -0.0004737 0.0004169] tic0=[0.1200 0.0500 -0.0200] tic1=[0.1200 -0.0500 -0.0200] td=0.00000 track=135
[E2uls] flag=1 sh_t=17.056 new_t=17.056 dP=[0.0002 -0.0006 -0.0008] |dP|=0.0010 first_dt=-1.0000
time: 16.984000, t: -0.017633 -0.000694 0.001058 q: 0.999978 0.000325 -0.006536 0.001250 
[T2depth] t=17.0840 id=1036 src=motion2 u=446.0 v=64.1 depth=3.2377 depth2=-1.0000 track=2 sf=9 flag=ok
[T2depth] t=17.0840 id=1038 src=motion2 u=359.9 v=88.5 depth=5.0000 depth2=-1.0000 track=2 sf=9 flag=init_neg
[T2depth] t=17.0840 id=1039 src=motion2 u=65.1 v=211.7 depth=5.0000 depth2=-1.0000 track=2 sf=9 flag=init_neg
[T2xcross] t=17.0840 id=1040 est=32.9514 svd=0.0412 rel=0.9988 track=2 sf=9
[T2depth] t=17.0840 id=1041 src=motion2 u=118.0 v=35.0 depth=0.1855 depth2=-1.0000 track=2 sf=9 flag=ok
[T2depth] t=17.0840 id=1042 src=motion2 u=340.0 v=118.0 depth=5.0000 depth2=-1.0000 track=2 sf=9 flag=init_neg
[T2xcross] t=17.0840 id=1043 est=37.1182 svd=0.1996 rel=0.9946 track=2 sf=9
[T2depth] t=17.0840 id=1049 src=motion2 u=9.0 v=199.0 depth=0.0541 depth2=-1.0000 track=2 sf=9 flag=ok
[T2xcross] t=17.0840 id=1051 est=4.2219 svd=0.0606 rel=0.9856 track=2 sf=9
[T2depth] t=17.0840 id=1053 src=stereo u=328.6 v=75.1 depth=5.0000 depth2=-1.0000 track=1 sf=10 flag=init_neg
[T2depth] t=17.0840 id=1057 src=stereo u=391.3 v=160.6 depth=3.7395 depth2=-1.0000 track=1 sf=10 flag=ok
[T2depth] t=17.0840 id=1058 src=stereo u=17.2 v=115.4 depth=5.0000 depth2=-1.0000 track=1 sf=10 flag=init_neg
[T2depth] t=17.0840 id=1059 src=stereo u=476.8 v=135.3 depth=18.4058 depth2=-1.0000 track=1 sf=10 flag=ok
[T2depth] t=17.0840 id=1060 src=stereo u=407.0 v=99.0 depth=3.9554 depth2=-1.0000 track=1 sf=10 flag=ok
[T2depth] t=17.0840 id=1061 src=stereo u=404.0 v=33.0 depth=3.7720 depth2=-1.0000 track=1 sf=10 flag=ok
[T2depth] t=17.0840 id=1064 src=stereo u=111.0 v=98.0 depth=29.3931 depth2=-1.0000 track=1 sf=10 flag=ok
[T2depth] t=17.0840 id=1065 src=stereo u=366.0 v=220.0 depth=4.2753 depth2=-1.0000 track=1 sf=10 flag=ok
[T2depth] t=17.0840 id=1066 src=stereo u=480.0 v=210.0 depth=4.2336 depth2=-1.0000 track=1 sf=10 flag=ok
[T2depth] t=17.0840 id=1068 src=stereo u=512.0 v=10.0 depth=3.7075 depth2=-1.0000 track=1 sf=10 flag=ok
[T2gate] t=17.0840 tri=48 rej=0 xrej=0 init_replace=5 gate=0
[T2slv] t=17.0840 phase=1 init_cost=90.5792 final_cost=86.9994 iters=9 term=1 slv_ms=7.4
[T2diag] t=17.0840 P=[-0.0177 -0.0003 0.0011] V=[0.0123 -0.0024 -0.0044] |Bas|=0.089652 |Bgs|=0.0006835 Bas=[-0.089125 -0.009632 -0.001252] Bgs=[-0.0001339 -0.0005141 0.0004300] tic0=[0.1200 0.0500 -0.0200] tic1=[0.1200 -0.0500 -0.0200] td=0.00000 track=137
[E2uls] flag=1 sh_t=17.116 new_t=17.116 dP=[0.0012 -0.0019 -0.0011] |dP|=0.0025 first_dt=-1.0000
time: 17.084000, t: -0.017685 -0.000345 0.001105 q: 0.999978 0.000152 -0.006534 0.001078 
[T2depth] t=17.2200 id=1062 src=motion2 u=187.0 v=129.0 depth=0.1659 depth2=-1.0000 track=2 sf=9 flag=ok
[T2depth] t=17.2200 id=1063 src=motion2 u=265.0 v=132.0 depth=5.0000 depth2=-1.0000 track=2 sf=9 flag=init_neg
[T2depth] t=17.2200 id=1077 src=stereo u=101.0 v=140.0 depth=5.0000 depth2=-1.0000 track=1 sf=10 flag=init_neg
[T2depth] t=17.2200 id=1078 src=stereo u=592.0 v=134.0 depth=5.0000 depth2=-1.0000 track=1 sf=10 flag=init_neg
[T2gate] t=17.2200 tri=38 rej=0 xrej=0 init_replace=3 gate=0
[T2slv] t=17.2200 phase=1 init_cost=103.56 final_cost=100.59 iters=9 term=1 slv_ms=9.3
[T2diag] t=17.2200 P=[-0.0183 -0.0009 0.0014] V=[0.0113 -0.0090 -0.0017] |Bas|=0.088856 |Bgs|=0.0006861 Bas=[-0.088122 -0.011284 -0.001607] Bgs=[-0.0001618 -0.0005106 0.0004288] tic0=[0.1200 0.0500 -0.0200] tic1=[0.1200 -0.0500 -0.0200] td=0.00000 track=140
[E2uls] flag=1 sh_t=17.292 new_t=17.292 dP=[0.0037 -0.0001 -0.0015] |dP|=0.0040 first_dt=-1.0000
time: 17.220000, t: -0.018294 -0.000862 0.001427 q: 0.999979 0.000290 -0.006396 0.001324 
[T2xcross] t=17.3480 id=1048 est=3.8970 svd=0.0864 rel=0.9778 track=2 sf=9
[T2xcross] t=17.3480 id=1060 est=3.9554 svd=0.1303 rel=0.9671 track=2 sf=9
[T2xcross] t=17.3480 id=1061 est=3.7720 svd=0.2326 rel=0.9383 track=2 sf=9
[T2depth] t=17.3480 id=1071 src=motion2 u=212.1 v=97.9 depth=5.0000 depth2=-1.0000 track=2 sf=9 flag=init_neg
[T2depth] t=17.3480 id=1073 src=motion2 u=626.0 v=55.0 depth=0.0968 depth2=-1.0000 track=2 sf=9 flag=ok
[T2depth] t=17.3480 id=1074 src=motion2 u=151.0 v=56.0 depth=2.2787 depth2=-1.0000 track=2 sf=9 flag=ok
[T2depth] t=17.3480 id=1075 src=motion2 u=296.0 v=199.0 depth=5.0000 depth2=-1.0000 track=2 sf=9 flag=init_neg
[T2depth] t=17.3480 id=1076 src=motion2 u=628.0 v=163.0 depth=5.0000 depth2=-1.0000 track=2 sf=9 flag=init_neg
[T2depth] t=17.3480 id=1079 src=motion2 u=295.0 v=63.0 depth=0.2171 depth2=-1.0000 track=2 sf=9 flag=ok
[T2depth] t=17.3480 id=1081 src=stereo u=372.4 v=66.8 depth=3.6514 depth2=-1.0000 track=1 sf=10 flag=ok
[T2depth] t=17.3480 id=1087 src=stereo u=483.0 v=82.0 depth=3.8015 depth2=-1.0000 track=1 sf=10 flag=ok
[T2depth] t=17.3480 id=1088 src=stereo u=522.0 v=12.0 depth=3.4853 depth2=-1.0000 track=1 sf=10 flag=ok
[T2gate] t=17.3480 tri=40 rej=0 xrej=0 init_replace=3 gate=0
[T2slv] t=17.3480 phase=1 init_cost=103.674 final_cost=102.028 iters=9 term=1 slv_ms=4.8
[T2diag] t=17.3480 P=[-0.0173 -0.0001 0.0010] V=[0.0106 -0.0010 -0.0070] |Bas|=0.088759 |Bgs|=0.0007014 Bas=[-0.087947 -0.011917 -0.001211] Bgs=[-0.0001357 -0.0005063 0.0004660] tic0=[0.1200 0.0500 -0.0200] tic1=[0.1200 -0.0500 -0.0200] td=0.00000 track=143
[E2uls] flag=1 sh_t=17.380 new_t=17.380 dP=[0.0012 -0.0021 0.0002] |dP|=0.0024 first_dt=-1.0000
time: 17.348000, t: -0.017349 -0.000059 0.001013 q: 0.999978 0.000310 -0.006477 0.001076 
[T2xcross] t=17.4480 id=1058 est=5.0000 svd=0.3285 rel=0.9343 track=2 sf=9
[T2xcross] t=17.4480 id=1075 est=5.0000 svd=0.1604 rel=0.9679 track=2 sf=9
[T2depth] t=17.4480 id=1080 src=motion2 u=134.9 v=155.0 depth=5.0000 depth2=-1.0000 track=2 sf=9 flag=init_neg
[T2depth] t=17.4480 id=1085 src=motion2 u=35.5 v=148.9 depth=0.1787 depth2=-1.0000 track=2 sf=9 flag=ok
[T2xcross] t=17.4480 id=1087 est=3.8015 svd=0.5284 rel=0.8610 track=2 sf=9
[T2xcross] t=17.4480 id=1088 est=3.4853 svd=0.3700 rel=0.8938 track=2 sf=9
[T2gate] t=17.4480 tri=38 rej=0 xrej=0 init_replace=1 gate=0
[T2slv] t=17.4480 phase=1 init_cost=91.4775 final_cost=88.1588 iters=9 term=1 slv_ms=4.4
[T2diag] t=17.4480 P=[-0.0182 0.0001 0.0013] V=[0.0129 -0.0044 -0.0066] |Bas|=0.088603 |Bgs|=0.0007291 Bas=[-0.087669 -0.012752 -0.001426] Bgs=[-0.0001359 -0.0005294 0.0004826] tic0=[0.1200 0.0500 -0.0200] tic1=[0.1200 -0.0500 -0.0200] td=0.00000 track=141
[E2uls] flag=1 sh_t=17.476 new_t=17.476 dP=[0.0021 -0.0002 -0.0013] |dP|=0.0025 first_dt=-1.0000
time: 17.448000, t: -0.018185 0.000090 0.001267 q: 0.999979 0.000288 -0.006471 0.000988 
[T2depth] t=17.5480 id=98 src=motion2 u=51.8 v=281.3 depth=5.0000 depth2=-1.0000 track=2 sf=9 flag=init_neg
[T2depth] t=17.5480 id=1089 src=motion2 u=238.3 v=241.0 depth=5.0000 depth2=-1.0000 track=2 sf=9 flag=init_neg
[T2depth] t=17.5480 id=1090 src=motion2 u=109.7 v=82.2 depth=5.0000 depth2=-1.0000 track=2 sf=9 flag=init_neg
[T2depth] t=17.5480 id=1093 src=motion2 u=178.3 v=219.2 depth=5.0000 depth2=-1.0000 track=2 sf=9 flag=init_neg
[T2depth] t=17.5480 id=1097 src=motion2 u=556.0 v=187.0 depth=0.3175 depth2=-1.0000 track=2 sf=9 flag=ok
[T2depth] t=17.5480 id=1100 src=stereo u=283.0 v=136.3 depth=27.8540 depth2=-1.0000 track=1 sf=10 flag=ok
[T2depth] t=17.5480 id=1101 src=stereo u=135.6 v=23.1 depth=40.0838 depth2=-1.0000 track=1 sf=10 flag=ok
[T2depth] t=17.5480 id=1103 src=stereo u=388.3 v=124.6 depth=28.8487 depth2=-1.0000 track=1 sf=10 flag=ok
[T2depth] t=17.5480 id=1105 src=stereo u=93.4 v=40.7 depth=29.9562 depth2=-1.0000 track=1 sf=10 flag=ok
[T2depth] t=17.5480 id=1106 src=stereo u=126.2 v=116.4 depth=29.3846 depth2=-1.0000 track=1 sf=10 flag=ok
[T2gate] t=17.5480 tri=46 rej=0 xrej=0 init_replace=4 gate=0
[T2slv] t=17.5480 phase=1 init_cost=92.8597 final_cost=88.9858 iters=9 term=1 slv_ms=7.2
[T2diag] t=17.5480 P=[-0.0175 -0.0002 0.0015] V=[0.0140 -0.0053 -0.0037] |Bas|=0.088176 |Bgs|=0.0006943 Bas=[-0.087179 -0.013052 -0.002138] Bgs=[-0.0001317 -0.0005077 0.0004549] tic0=[0.1200 0.0500 -0.0200] tic1=[0.1200 -0.0500 -0.0200] td=0.00000 track=138
[E2uls] flag=1 sh_t=17.588 new_t=17.588 dP=[0.0011 -0.0007 -0.0017] |dP|=0.0022 first_dt=-1.0000
time: 17.548000, t: -0.017529 -0.000203 0.001495 q: 0.999980 0.000408 -0.006236 0.001011 
[T2xcross] t=17.6480 id=1074 est=2.2787 svd=0.2207 rel=0.9031 track=2 sf=9
[T2depth] t=17.6480 id=1099 src=motion2 u=317.3 v=206.3 depth=0.0258 depth2=-1.0000 track=2 sf=9 flag=ok
[T2depth] t=17.6480 id=1107 src=motion2 u=238.7 v=180.5 depth=0.7700 depth2=-1.0000 track=2 sf=9 flag=ok
[T2depth] t=17.6480 id=1108 src=motion2 u=220.0 v=112.0 depth=5.0000 depth2=-1.0000 track=2 sf=9 flag=init_neg
[T2depth] t=17.6480 id=1111 src=motion2 u=335.0 v=17.0 depth=0.0994 depth2=-1.0000 track=2 sf=9 flag=ok
[T2depth] t=17.6480 id=1112 src=stereo u=490.5 v=75.0 depth=3.5503 depth2=-1.0000 track=1 sf=10 flag=ok
[T2depth] t=17.6480 id=1114 src=stereo u=354.2 v=205.5 depth=4.1427 depth2=-1.0000 track=1 sf=10 flag=ok
[T2depth] t=17.6480 id=1115 src=stereo u=368.1 v=34.3 depth=3.8932 depth2=-1.0000 track=1 sf=10 flag=ok
[T2depth] t=17.6480 id=1121 src=stereo u=584.0 v=73.0 depth=5.0000 depth2=-1.0000 track=1 sf=10 flag=init_neg
[T2depth] t=17.6480 id=1122 src=stereo u=172.0 v=135.0 depth=39.1282 depth2=-1.0000 track=1 sf=10 flag=ok
[T2gate] t=17.6480 tri=43 rej=0 xrej=0 init_replace=2 gate=0
[T2slv] t=17.6480 phase=1 init_cost=92.8231 final_cost=87.9899 iters=9 term=1 slv_ms=8.6
[T2diag] t=17.6480 P=[-0.0183 0.0004 0.0018] V=[0.0109 -0.0019 -0.0021] |Bas|=0.087481 |Bgs|=0.0006634 Bas=[-0.086344 -0.013833 -0.002510] Bgs=[-0.0000969 -0.0004662 0.0004618] tic0=[0.1200 0.0500 -0.0200] tic1=[0.1200 -0.0500 -0.0200] td=0.00000 track=139
[E2uls] flag=1 sh_t=17.696 new_t=17.696 dP=[0.0031 -0.0017 -0.0010] |dP|=0.0036 first_dt=-1.0000
time: 17.648000, t: -0.018310 0.000435 0.001751 q: 0.999981 0.000132 -0.006098 0.000926 
[T2depth] t=17.7480 id=1113 src=motion2 u=447.0 v=118.9 depth=5.0000 depth2=-1.0000 track=2 sf=9 flag=init_neg
[T2depth] t=17.7480 id=1118 src=motion2 u=576.0 v=5.0 depth=0.0488 depth2=-1.0000 track=2 sf=9 flag=ok
[T2depth] t=17.7480 id=1119 src=motion2 u=355.0 v=124.0 depth=5.0000 depth2=-1.0000 track=2 sf=9 flag=init_neg
[T2depth] t=17.7480 id=1120 src=motion2 u=282.0 v=213.0 depth=0.0297 depth2=-1.0000 track=2 sf=9 flag=ok
[T2xcross] t=17.7480 id=1122 est=39.1282 svd=0.0556 rel=0.9986 track=2 sf=9
[T2depth] t=17.7480 id=1124 src=stereo u=508.3 v=252.0 depth=1.7716 depth2=-1.0000 track=1 sf=10 flag=ok
[T2depth] t=17.7480 id=1125 src=stereo u=557.9 v=95.4 depth=5.0000 depth2=-1.0000 track=1 sf=10 flag=init_neg
[T2depth] t=17.7480 id=1126 src=stereo u=313.4 v=127.3 depth=37.5010 depth2=-1.0000 track=1 sf=10 flag=ok
[T2depth] t=17.7480 id=1131 src=stereo u=424.0 v=9.0 depth=3.7481 depth2=-1.0000 track=1 sf=10 flag=ok
[T2gate] t=17.7480 tri=41 rej=0 xrej=0 init_replace=3 gate=0
[T2slv] t=17.7480 phase=1 init_cost=89.2455 final_cost=87.5276 iters=9 term=1 slv_ms=12.4
[T2diag] t=17.7480 P=[-0.0175 -0.0003 0.0018] V=[0.0119 -0.0051 -0.0072] |Bas|=0.086946 |Bgs|=0.0006566 Bas=[-0.085603 -0.015100 -0.001939] Bgs=[-0.0001447 -0.0004629 0.0004427] tic0=[0.1200 0.0500 -0.0200] tic1=[0.1200 -0.0500 -0.0200] td=0.00000 track=140
[E2uls] flag=1 sh_t=17.804 new_t=17.804 dP=[0.0009 0.0005 -0.0003] |dP|=0.0011 first_dt=-1.0000
time: 17.748000, t: -0.017500 -0.000335 0.001789 q: 0.999981 0.000211 -0.006043 0.001057 
[T2xcross] t=17.8480 id=1085 est=0.1787 svd=0.0851 rel=0.5241 track=2 sf=9
[T2depth] t=17.8480 id=1135 src=stereo u=508.5 v=101.3 depth=4.2607 depth2=-1.0000 track=1 sf=10 flag=ok
[T2depth] t=17.8480 id=1144 src=stereo u=219.0 v=46.0 depth=5.0000 depth2=-1.0000 track=1 sf=10 flag=init_neg
[T2gate] t=17.8480 tri=45 rej=0 xrej=0 init_replace=1 gate=0
[T2slv] t=17.8480 phase=1 init_cost=92.2683 final_cost=88.6569 iters=9 term=1 slv_ms=12.3
[T2diag] t=17.8480 P=[-0.0169 0.0006 0.0019] V=[0.0143 0.0013 -0.0055] |Bas|=0.086613 |Bgs|=0.0006607 Bas=[-0.085060 -0.016121 -0.002581] Bgs=[-0.0001079 -0.0004655 0.0004563] tic0=[0.1200 0.0500 -0.0200] tic1=[0.1200 -0.0500 -0.0200] td=0.00000 track=136
[E2uls] flag=1 sh_t=17.888 new_t=17.888 dP=[0.0014 -0.0022 -0.0016] |dP|=0.0030 first_dt=-1.0000
time: 17.848000, t: -0.016939 0.000570 0.001883 q: 0.999982 -0.000045 -0.005900 0.000800 
[T2xcross] t=17.9480 id=1020 est=5.0000 svd=0.2884 rel=0.9423 track=2 sf=9
[T2xcross] t=17.9480 id=1124 est=1.7716 svd=2.4870 rel=0.2876 track=2 sf=9
[T2depth] t=17.9480 id=1141 src=motion2 u=49.2 v=38.1 depth=0.3660 depth2=-1.0000 track=2 sf=9 flag=ok
[T2depth] t=17.9480 id=1143 src=motion2 u=506.7 v=10.1 depth=0.0173 depth2=-1.0000 track=2 sf=9 flag=ok
[T2depth] t=17.9480 id=1145 src=motion2 u=497.0 v=201.0 depth=5.0000 depth2=-1.0000 track=2 sf=9 flag=init_neg
[T2depth] t=17.9480 id=1146 src=motion2 u=187.0 v=27.0 depth=0.0350 depth2=-1.0000 track=2 sf=9 flag=ok
[T2depth] t=17.9480 id=1147 src=motion2 u=322.0 v=172.0 depth=5.0000 depth2=-1.0000 track=2 sf=9 flag=init_neg
[T2depth] t=17.9480 id=1148 src=motion2 u=82.0 v=109.0 depth=0.3549 depth2=-1.0000 track=2 sf=9 flag=ok
[T2depth] t=17.9480 id=1149 src=motion2 u=627.0 v=96.0 depth=5.0000 depth2=-1.0000 track=2 sf=9 flag=init_neg
[T2depth] t=17.9480 id=1157 src=stereo u=538.0 v=10.0 depth=3.9542 depth2=-1.0000 track=1 sf=10 flag=ok
[T2gate] t=17.9480 tri=49 rej=0 xrej=0 init_replace=3 gate=0
[T2slv] t=17.9480 phase=1 init_cost=90.2647 final_cost=88.7366 iters=9 term=1 slv_ms=5.7
[T2diag] t=17.9480 P=[-0.0182 0.0003 0.0018] V=[0.0125 -0.0021 -0.0064] |Bas|=0.086436 |Bgs|=0.0006236 Bas=[-0.084830 -0.016420 -0.002344] Bgs=[-0.0001567 -0.0004549 0.0003968] tic0=[0.1200 0.0500 -0.0200] tic1=[0.1200 -0.0500 -0.0200] td=0.00000 track=138
[E2uls] flag=1 sh_t=17.984 new_t=17.984 dP=[0.0032 0.0003 -0.0004] |dP|=0.0033 first_dt=-1.0000
time: 17.948000, t: -0.018172 0.000325 0.001811 q: 0.999982 -0.000087 -0.005881 0.000899 
[T2depth] t=18.0480 id=1152 src=motion2 u=601.8 v=216.6 depth=5.0000 depth2=-1.0000 track=2 sf=9 flag=init_neg
[T2depth] t=18.0480 id=1156 src=motion2 u=567.0 v=72.0 depth=5.0000 depth2=-1.0000 track=2 sf=9 flag=init_neg
[T2xcross] t=18.0480 id=1157 est=3.9542 svd=0.3831 rel=0.9031 track=2 sf=9
[T2depth] t=18.0480 id=1158 src=motion2 u=251.0 v=116.0 depth=0.0069 depth2=-1.0000 track=2 sf=9 flag=ok
[T2depth] t=18.0480 id=1159 src=motion2 u=275.0 v=202.0 depth=5.0000 depth2=-1.0000 track=2 sf=9 flag=init_neg
[T2depth] t=18.0480 id=1160 src=motion2 u=56.0 v=193.0 depth=0.4687 depth2=-1.0000 track=2 sf=9 flag=ok
[T2depth] t=18.0480 id=1165 src=motion2 u=618.0 v=162.0 depth=0.0985 depth2=-1.0000 track=2 sf=9 flag=ok
[T2depth] t=18.0480 id=1173 src=stereo u=61.0 v=115.0 depth=44.9161 depth2=-1.0000 track=1 sf=10 flag=ok
[T2depth] t=18.0480 id=1176 src=stereo u=378.0 v=50.0 depth=3.4533 depth2=-1.0000 track=1 sf=10 flag=ok
[T2depth] t=18.0480 id=1180 src=stereo u=361.0 v=11.0 depth=3.6903 depth2=-1.0000 track=1 sf=10 flag=ok
[T2gate] t=18.0480 tri=47 rej=0 xrej=0 init_replace=3 gate=0
[T2slv] t=18.0480 phase=1 init_cost=89.6866 final_cost=87.2777 iters=9 term=1 slv_ms=7.9
[T2diag] t=18.0480 P=[-0.0183 0.0005 0.0021] V=[0.0144 -0.0068 -0.0035] |Bas|=0.085935 |Bgs|=0.0006133 Bas=[-0.084283 -0.016559 -0.002651] Bgs=[-0.0001714 -0.0004395 0.0003920] tic0=[0.1200 0.0500 -0.0200] tic1=[0.1200 -0.0500 -0.0200] td=0.00000 track=139
[E2uls] flag=1 sh_t=18.096 new_t=18.096 dP=[0.0023 -0.0002 -0.0013] |dP|=0.0027 first_dt=-1.0000
time: 18.048000, t: -0.018331 0.000455 0.002068 q: 0.999983 0.000041 -0.005811 0.000855 
[T2depth] t=18.1480 id=1178 src=motion2 u=23.0 v=153.0 depth=5.0000 depth2=-1.0000 track=2 sf=9 flag=init_neg
[T2depth] t=18.1480 id=1182 src=motion2 u=305.0 v=83.0 depth=5.0000 depth2=-1.0000 track=2 sf=9 flag=init_neg
[T2depth] t=18.1480 id=1188 src=stereo u=144.4 v=179.3 depth=42.3150 depth2=-1.0000 track=1 sf=10 flag=ok
[T2depth] t=18.1480 id=1191 src=stereo u=289.2 v=10.5 depth=35.7811 depth2=-1.0000 track=1 sf=10 flag=ok
[T2depth] t=18.1480 id=1198 src=stereo u=50.0 v=192.0 depth=46.5914 depth2=-1.0000 track=1 sf=10 flag=ok
[T2depth] t=18.1480 id=1199 src=stereo u=493.0 v=62.0 depth=4.2865 depth2=-1.0000 track=1 sf=10 flag=ok
[T2gate] t=18.1480 tri=47 rej=0 xrej=0 init_replace=2 gate=0
[T2slv] t=18.1480 phase=1 init_cost=87.2302 final_cost=85.6998 iters=9 term=1 slv_ms=4.2
[T2diag] t=18.1480 P=[-0.0177 0.0006 0.0021] V=[0.0141 -0.0058 -0.0064] |Bas|=0.085308 |Bgs|=0.0006092 Bas=[-0.083634 -0.016661 -0.002279] Bgs=[-0.0001607 -0.0004405 0.0003889] tic0=[0.1200 0.0500 -0.0200] tic1=[0.1200 -0.0500 -0.0200] td=0.00000 track=136
[E2uls] flag=1 sh_t=18.180 new_t=18.180 dP=[0.0014 -0.0010 -0.0004] |dP|=0.0018 first_dt=-1.0000
time: 18.148000, t: -0.017651 0.000577 0.002083 q: 0.999983 0.000197 -0.005825 0.000826 
[T2depth] t=18.2480 id=1184 src=motion2 u=582.8 v=43.5 depth=0.8357 depth2=-1.0000 track=2 sf=9 flag=ok
[T2depth] t=18.2480 id=1185 src=motion2 u=631.6 v=247.0 depth=7.5660 depth2=-1.0000 track=2 sf=9 flag=ok
[T2depth] t=18.2480 id=1186 src=motion2 u=11.2 v=101.2 depth=5.0000 depth2=-1.0000 track=2 sf=9 flag=init_neg
[T2depth] t=18.2480 id=1193 src=motion2 u=119.0 v=133.0 depth=5.0000 depth2=-1.0000 track=2 sf=9 flag=init_neg
[T2depth] t=18.2480 id=1194 src=motion2 u=196.0 v=143.0 depth=0.2390 depth2=-1.0000 track=2 sf=9 flag=ok
[T2depth] t=18.2480 id=1201 src=stereo u=567.7 v=172.4 depth=5.0000 depth2=-1.0000 track=1 sf=10 flag=init_neg
[T2depth] t=18.2480 id=1204 src=stereo u=516.9 v=99.6 depth=3.9532 depth2=-1.0000 track=1 sf=10 flag=ok
[T2depth] t=18.2480 id=1206 src=stereo u=517.0 v=67.0 depth=3.4008 depth2=-1.0000 track=1 sf=10 flag=ok
[T2depth] t=18.2480 id=1208 src=stereo u=11.0 v=188.0 depth=26.3259 depth2=-1.0000 track=1 sf=10 flag=ok
[T2gate] t=18.2480 tri=45 rej=0 xrej=0 init_replace=3 gate=0
[T2slv] t=18.2480 phase=1 init_cost=90.9852 final_cost=87.8984 iters=9 term=1 slv_ms=13.9
[T2diag] t=18.2480 P=[-0.0183 0.0002 0.0024] V=[0.0150 -0.0076 -0.0027] |Bas|=0.083530 |Bgs|=0.0005949 Bas=[-0.081732 -0.016998 -0.002869] Bgs=[-0.0001687 -0.0004239 0.0003817] tic0=[0.1200 0.0500 -0.0200] tic1=[0.1200 -0.0500 -0.0200] td=0.00000 track=140
[E2uls] flag=1 sh_t=18.284 new_t=18.284 dP=[0.0029 -0.0002 -0.0015] |dP|=0.0033 first_dt=-1.0000
time: 18.248000, t: -0.018275 0.000181 0.002368 q: 0.999984 0.000183 -0.005584 0.000922 
[T2xcross] t=18.3480 id=1036 est=3.2377 svd=8.8372 rel=0.6336 track=2 sf=9
[T2xcross] t=18.3480 id=1194 est=0.2390 svd=0.0666 rel=0.7212 track=2 sf=9
[T2depth] t=18.3480 id=1200 src=motion2 u=529.3 v=170.2 depth=0.1805 depth2=-1.0000 track=2 sf=9 flag=ok
[T2depth] t=18.3480 id=1202 src=motion2 u=317.6 v=205.7 depth=0.0397 depth2=-1.0000 track=2 sf=9 flag=ok
[T2xcross] t=18.3480 id=1206 est=3.4008 svd=0.2074 rel=0.9390 track=2 sf=9
[T2depth] t=18.3480 id=1207 src=motion2 u=75.0 v=159.0 depth=5.0000 depth2=-1.0000 track=2 sf=9 flag=init_neg
[T2depth] t=18.3480 id=1210 src=motion2 u=304.0 v=137.0 depth=5.0000 depth2=-1.0000 track=2 sf=9 flag=init_neg
[T2depth] t=18.3480 id=1212 src=stereo u=427.3 v=175.3 depth=4.0099 depth2=-1.0000 track=1 sf=10 flag=ok
[T2depth] t=18.3480 id=1218 src=stereo u=120.0 v=99.0 depth=36.9290 depth2=-1.0000 track=1 sf=10 flag=ok
[T2gate] t=18.3480 tri=38 rej=0 xrej=0 init_replace=2 gate=0
[T2slv] t=18.3480 phase=1 init_cost=91.01 final_cost=88.6528 iters=9 term=1 slv_ms=4.7
[T2diag] t=18.3480 P=[-0.0180 0.0011 0.0018] V=[0.0137 -0.0015 -0.0081] |Bas|=0.083180 |Bgs|=0.0005889 Bas=[-0.081356 -0.017186 -0.002194] Bgs=[-0.0001330 -0.0004180 0.0003929] tic0=[0.1200 0.0500 -0.0200] tic1=[0.1200 -0.0500 -0.0200] td=0.00000 track=143
[E2uls] flag=1 sh_t=18.384 new_t=18.384 dP=[0.0020 -0.0026 0.0004] |dP|=0.0033 first_dt=-1.0000
time: 18.348000, t: -0.018001 0.001081 0.001834 q: 0.999984 -0.000185 -0.005640 0.000722 
[T2xcross] t=18.4480 id=1178 est=5.0000 svd=0.3252 rel=0.9350 track=2 sf=9
[T2xcross] t=18.4480 id=1212 est=4.0099 svd=0.1950 rel=0.9514 track=2 sf=9
[T2depth] t=18.4480 id=1214 src=motion2 u=267.3 v=15.5 depth=5.0000 depth2=-1.0000 track=2 sf=9 flag=init_neg
[T2depth] t=18.4480 id=1216 src=motion2 u=601.0 v=94.0 depth=1.3566 depth2=-1.0000 track=2 sf=9 flag=ok
[T2depth] t=18.4480 id=1217 src=motion2 u=172.0 v=10.0 depth=5.0000 depth2=-1.0000 track=2 sf=9 flag=init_neg
[T2xcross] t=18.4480 id=1218 est=36.9290 svd=0.2163 rel=0.9941 track=2 sf=9
[T2depth] t=18.4480 id=1222 src=stereo u=397.9 v=214.3 depth=4.1589 depth2=-1.0000 track=1 sf=10 flag=ok
[T2depth] t=18.4480 id=1227 src=stereo u=402.0 v=54.0 depth=4.1930 depth2=-1.0000 track=1 sf=10 flag=ok
[T2gate] t=18.4480 tri=40 rej=0 xrej=0 init_replace=2 gate=0
[T2slv] t=18.4480 phase=1 init_cost=90.9796 final_cost=86.8331 iters=9 term=1 slv_ms=7.2
[T2diag] t=18.4480 P=[-0.0188 0.0020 0.0023] V=[0.0130 -0.0104 -0.0044] |Bas|=0.081995 |Bgs|=0.0006010 Bas=[-0.080189 -0.016909 -0.002643] Bgs=[-0.0001307 -0.0003910 0.0004374] tic0=[0.1200 0.0500 -0.0200] tic1=[0.1200 -0.0500 -0.0200] td=0.00000 track=140
[E2uls] flag=1 sh_t=18.480 new_t=18.480 dP=[0.0030 -0.0011 -0.0016] |dP|=0.0035 first_dt=-1.0000
time: 18.448000, t: -0.018784 0.002003 0.002255 q: 0.999984 0.000129 -0.005661 0.000568 
[T2xcross] t=18.5480 id=1186 est=5.0000 svd=2.0020 rel=0.5996 track=2 sf=9
[T2depth] t=18.5480 id=1221 src=motion2 u=118.1 v=166.3 depth=0.2802 depth2=-1.0000 track=2 sf=9 flag=ok
[T2xcross] t=18.5480 id=1222 est=4.1589 svd=0.0192 rel=0.9954 track=2 sf=9
[T2depth] t=18.5480 id=1224 src=motion2 u=78.1 v=172.4 depth=0.0911 depth2=-1.0000 track=2 sf=9 flag=ok
[T2depth] t=18.5480 id=1226 src=motion2 u=364.0 v=55.0 depth=5.0000 depth2=-1.0000 track=2 sf=9 flag=init_neg
[T2depth] t=18.5480 id=1228 src=motion2 u=310.0 v=60.0 depth=5.0000 depth2=-1.0000 track=2 sf=9 flag=init_neg
[T2depth] t=18.5480 id=1231 src=motion2 u=34.0 v=213.0 depth=5.0000 depth2=-1.0000 track=2 sf=9 flag=init_neg
[T2depth] t=18.5480 id=1234 src=stereo u=484.2 v=207.6 depth=4.7900 depth2=-1.0000 track=1 sf=10 flag=ok
[T2depth] t=18.5480 id=1241 src=stereo u=311.0 v=198.0 depth=5.0000 depth2=-1.0000 track=1 sf=10 flag=init_neg
[T2gate] t=18.5480 tri=44 rej=0 xrej=0 init_replace=4 gate=0
[T2slv] t=18.5480 phase=1 init_cost=89.7852 final_cost=86.776 iters=9 term=1 slv_ms=15.0
[T2diag] t=18.5480 P=[-0.0185 0.0003 0.0030] V=[0.0114 -0.0155 0.0043] |Bas|=0.078242 |Bgs|=0.0005852 Bas=[-0.076546 -0.015915 -0.003025] Bgs=[-0.0001396 -0.0003848 0.0004181] tic0=[0.1200 0.0500 -0.0200] tic1=[0.1200 -0.0500 -0.0200] td=0.00000 track=139
[E2uls] flag=1 sh_t=18.616 new_t=18.616 dP=[0.0018 0.0002 -0.0009] |dP|=0.0020 first_dt=-1.0000
time: 18.548000, t: -0.018531 0.000266 0.002976 q: 0.999986 0.000451 -0.005240 0.000922 
[T2depth] t=18.6480 id=1237 src=motion2 u=102.0 v=318.0 depth=5.0000 depth2=-1.0000 track=2 sf=9 flag=init_neg
[T2depth] t=18.6480 id=1238 src=motion2 u=55.0 v=93.0 depth=5.0000 depth2=-1.0000 track=2 sf=9 flag=init_neg
[T2depth] t=18.6480 id=1239 src=motion2 u=103.0 v=125.0 depth=5.0000 depth2=-1.0000 track=2 sf=9 flag=init_neg
[T2depth] t=18.6480 id=1240 src=motion2 u=461.0 v=140.0 depth=0.1210 depth2=-1.0000 track=2 sf=9 flag=ok
[T2depth] t=18.6480 id=1244 src=motion2 u=415.0 v=132.0 depth=5.0000 depth2=-1.0000 track=2 sf=9 flag=init_neg
[T2depth] t=18.6480 id=1250 src=stereo u=340.4 v=87.2 depth=39.8708 depth2=-1.0000 track=1 sf=10 flag=ok
[T2depth] t=18.6480 id=1254 src=stereo u=418.0 v=186.0 depth=3.5908 depth2=-1.0000 track=1 sf=10 flag=ok
[T2depth] t=18.6480 id=1258 src=stereo u=607.0 v=170.0 depth=5.0000 depth2=-1.0000 track=1 sf=10 flag=init_neg
[T2gate] t=18.6480 tri=44 rej=0 xrej=0 init_replace=5 gate=0
[T2slv] t=18.6480 phase=1 init_cost=91.1708 final_cost=87.3843 iters=9 term=1 slv_ms=14.4
[T2diag] t=18.6480 P=[-0.0185 -0.0007 0.0025] V=[0.0083 -0.0071 -0.0035] |Bas|=0.077657 |Bgs|=0.0005382 Bas=[-0.075920 -0.016194 -0.002145] Bgs=[-0.0001027 -0.0003633 0.0003835] tic0=[0.1200 0.0500 -0.0200] tic1=[0.1200 -0.0500 -0.0200] td=0.00000 track=140
[E2uls] flag=1 sh_t=18.700 new_t=18.700 dP=[0.0017 -0.0022 0.0017] |dP|=0.0033 first_dt=-1.0000
time: 18.648000, t: -0.018459 -0.000735 0.002491 q: 0.999985 0.000410 -0.005331 0.001075 
[T2xcross] t=18.7480 id=1227 est=4.1930 svd=0.0384 rel=0.9908 track=2 sf=9
[T2depth] t=18.7480 id=1247 src=motion2 u=184.5 v=143.9 depth=5.0000 depth2=-1.0000 track=2 sf=9 flag=init_neg
[T2depth] t=18.7480 id=1252 src=motion2 u=558.0 v=131.0 depth=0.1062 depth2=-1.0000 track=2 sf=9 flag=ok
[T2depth] t=18.7480 id=1253 src=motion2 u=221.0 v=190.0 depth=5.0000 depth2=-1.0000 track=2 sf=9 flag=init_neg
[T2depth] t=18.7480 id=1255 src=motion2 u=604.0 v=8.0 depth=0.0016 depth2=-1.0000 track=2 sf=9 flag=ok
[T2depth] t=18.7480 id=1263 src=stereo u=381.0 v=277.0 depth=5.0000 depth2=-1.0000 track=1 sf=10 flag=init_neg
[T2depth] t=18.7480 id=1264 src=stereo u=402.0 v=176.0 depth=4.1258 depth2=-1.0000 track=1 sf=10 flag=ok
[T2depth] t=18.7480 id=1265 src=stereo u=42.0 v=64.0 depth=27.4230 depth2=-1.0000 track=1 sf=10 flag=ok
[T2depth] t=18.7480 id=1268 src=stereo u=287.0 v=158.0 depth=5.0000 depth2=-1.0000 track=1 sf=10 flag=init_neg
[T2depth] t=18.7480 id=1269 src=stereo u=353.0 v=148.0 depth=4.3092 depth2=-1.0000 track=1 sf=10 flag=ok
[T2gate] t=18.7480 tri=42 rej=0 xrej=0 init_replace=4 gate=0
[T2slv] t=18.7480 phase=1 init_cost=103.896 final_cost=103.057 iters=9 term=1 slv_ms=3.8
[T2diag] t=18.7480 P=[-0.0185 0.0001 0.0018] V=[0.0065 0.0000 -0.0037] |Bas|=0.077700 |Bgs|=0.0005396 Bas=[-0.075914 -0.016435 -0.002030] Bgs=[-0.0000583 -0.0003647 0.0003933] tic0=[0.1200 0.0500 -0.0200] tic1=[0.1200 -0.0500 -0.0200] td=0.00000 track=140
[E2uls] flag=1 sh_t=18.776 new_t=18.776 dP=[0.0010 -0.0019 0.0004] |dP|=0.0022 first_dt=-1.0000
time: 18.748000, t: -0.018539 0.000071 0.001765 q: 0.999985 0.000228 -0.005436 0.000983 
[T2depth] t=18.8480 id=1260 src=motion2 u=248.5 v=134.1 depth=5.0000 depth2=-1.0000 track=2 sf=9 flag=init_neg
[T2xcross] t=18.8480 id=1263 est=5.0000 svd=0.0816 rel=0.9837 track=2 sf=9
[T2depth] t=18.8480 id=1270 src=motion2 u=144.0 v=106.0 depth=0.0079 depth2=-1.0000 track=2 sf=9 flag=ok
[T2depth] t=18.8480 id=1273 src=stereo u=112.4 v=135.2 depth=36.5676 depth2=-1.0000 track=1 sf=10 flag=ok
[T2depth] t=18.8480 id=1274 src=stereo u=146.4 v=47.0 depth=30.7377 depth2=-1.0000 track=1 sf=10 flag=ok
[T2depth] t=18.8480 id=1279 src=stereo u=147.0 v=139.0 depth=45.2740 depth2=-1.0000 track=1 sf=10 flag=ok
[T2gate] t=18.8480 tri=39 rej=0 xrej=0 init_replace=1 gate=0
[T2slv] t=18.8480 phase=1 init_cost=103.415 final_cost=102.053 iters=9 term=1 slv_ms=12.0
[T2diag] t=18.8480 P=[-0.0191 0.0005 0.0024] V=[0.0112 -0.0008 -0.0055] |Bas|=0.076599 |Bgs|=0.0005464 Bas=[-0.074707 -0.016806 -0.001946] Bgs=[-0.0000432 -0.0003919 0.0003783] tic0=[0.1200 0.0500 -0.0200] tic1=[0.1200 -0.0500 -0.0200] td=0.00000 track=141
[E2uls] flag=1 sh_t=18.896 new_t=18.896 dP=[0.0015 -0.0005 -0.0010] |dP|=0.0019 first_dt=-1.0000
time: 18.848000, t: -0.019125 0.000456 0.002442 q: 0.999985 0.000371 -0.005369 0.000810 
[T2xcross] t=18.9480 id=1224 est=0.0911 svd=0.0456 rel=0.4996 track=2 sf=9
[T2xcross] t=18.9480 id=1252 est=0.1062 svd=0.2082 rel=0.4899 track=2 sf=9
[T2xcross] t=18.9480 id=1265 est=27.4230 svd=0.0807 rel=0.9971 track=2 sf=9
[T2depth] t=18.9480 id=1272 src=motion2 u=219.3 v=26.4 depth=0.3842 depth2=-1.0000 track=2 sf=9 flag=ok
[T2xcross] t=18.9480 id=1273 est=36.5676 svd=0.1260 rel=0.9966 track=2 sf=9
[T2depth] t=18.9480 id=1275 src=motion2 u=580.1 v=151.1 depth=5.0000 depth2=-1.0000 track=2 sf=9 flag=init_neg
[T2depth] t=18.9480 id=1276 src=motion2 u=134.0 v=11.0 depth=5.0000 depth2=-1.0000 track=2 sf=9 flag=init_neg
[T2depth] t=18.9480 id=1280 src=motion2 u=56.0 v=26.0 depth=0.7750 depth2=-1.0000 track=2 sf=9 flag=ok
[T2depth] t=18.9480 id=1281 src=stereo u=251.6 v=15.6 depth=5.0000 depth2=-1.0000 track=1 sf=10 flag=init_neg
[T2depth] t=18.9480 id=1284 src=stereo u=481.7 v=68.1 depth=3.8173 depth2=-1.0000 track=1 sf=10 flag=ok
[T2depth] t=18.9480 id=1285 src=stereo u=364.0 v=162.0 depth=4.6122 depth2=-1.0000 track=1 sf=10 flag=ok
[T2gate] t=18.9480 tri=37 rej=0 xrej=0 init_replace=3 gate=0
[T2slv] t=18.9480 phase=1 init_cost=90.0237 final_cost=88.4029 iters=9 term=1 slv_ms=10.0
[T2diag] t=18.9480 P=[-0.0170 -0.0002 0.0022] V=[0.0110 -0.0037 -0.0066] |Bas|=0.077035 |Bgs|=0.0005554 Bas=[-0.074994 -0.017519 -0.001806] Bgs=[-0.0000638 -0.0004037 0.0003761] tic0=[0.1200 0.0500 -0.0200] tic1=[0.1200 -0.0500 -0.0200] td=0.00000 track=144
[E2uls] flag=1 sh_t=18.984 new_t=18.984 dP=[-0.0008 0.0008 -0.0003] |dP|=0.0012 first_dt=-1.0000
time: 18.948000, t: -0.016983 -0.000206 0.002221 q: 0.999985 0.000312 -0.005392 0.000818 
[T2xcross] t=19.0520 id=1260 est=5.0000 svd=0.1081 rel=0.9784 track=2 sf=9
[T2xcross] t=19.0520 id=1281 est=5.0000 svd=1.1807 rel=0.7639 track=2 sf=9
[T2depth] t=19.0520 id=1288 src=stereo u=403.9 v=169.8 depth=3.4967 depth2=-1.0000 track=1 sf=10 flag=ok
[T2depth] t=19.0520 id=1290 src=stereo u=253.2 v=168.7 depth=5.0000 depth2=-1.0000 track=1 sf=10 flag=init_neg
[T2depth] t=19.0520 id=1291 src=stereo u=294.7 v=159.2 depth=5.0000 depth2=-1.0000 track=1 sf=10 flag=init_neg
[T2depth] t=19.0520 id=1292 src=stereo u=294.4 v=33.7 depth=40.4337 depth2=-1.0000 track=1 sf=10 flag=ok
[T2depth] t=19.0520 id=1293 src=stereo u=136.2 v=143.3 depth=40.2691 depth2=-1.0000 track=1 sf=10 flag=ok
[T2gate] t=19.0520 tri=38 rej=0 xrej=0 init_replace=2 gate=0
[T2slv] t=19.0520 phase=1 init_cost=90.7106 final_cost=88.4196 iters=9 term=1 slv_ms=11.4
[T2diag] t=19.0520 P=[-0.0168 0.0002 0.0021] V=[0.0101 0.0019 -0.0011] |Bas|=0.076657 |Bgs|=0.0005418 Bas=[-0.074487 -0.017932 -0.002552] Bgs=[-0.0000618 -0.0003815 0.0003797] tic0=[0.1200 0.0500 -0.0200] tic1=[0.1200 -0.0500 -0.0200] td=0.00000 track=140
[E2uls] flag=1 sh_t=19.088 new_t=19.088 dP=[0.0018 -0.0009 -0.0011] |dP|=0.0023 first_dt=-1.0000
time: 19.052000, t: -0.016832 0.000156 0.002050 q: 0.999986 0.000139 -0.005259 0.000696 
[T2xcross] t=19.1840 id=106 est=5.0000 svd=0.6201 rel=0.8760 track=2 sf=9
[T2xcross] t=19.1840 id=1292 est=40.4337 svd=0.2422 rel=0.9940 track=2 sf=9
[T2depth] t=19.1840 id=1294 src=motion2 u=383.4 v=62.5 depth=5.0000 depth2=-1.0000 track=2 sf=9 flag=init_neg
[T2depth] t=19.1840 id=1295 src=motion2 u=571.1 v=28.5 depth=0.3624 depth2=-1.0000 track=2 sf=9 flag=ok
[T2depth] t=19.1840 id=1296 src=motion2 u=426.0 v=140.0 depth=5.0000 depth2=-1.0000 track=2 sf=9 flag=init_neg
[T2depth] t=19.1840 id=1297 src=motion2 u=7.0 v=154.0 depth=5.0000 depth2=-1.0000 track=2 sf=9 flag=init_neg
[T2depth] t=19.1840 id=1300 src=stereo u=40.4 v=103.3 depth=35.8518 depth2=-1.0000 track=1 sf=10 flag=ok
[T2depth] t=19.1840 id=1302 src=stereo u=362.6 v=98.8 depth=3.9625 depth2=-1.0000 track=1 sf=10 flag=ok
[T2depth] t=19.1840 id=1304 src=stereo u=516.0 v=40.0 depth=3.1236 depth2=-1.0000 track=1 sf=10 flag=ok
[T2gate] t=19.1840 tri=37 rej=0 xrej=0 init_replace=3 gate=0
[T2slv] t=19.1840 phase=1 init_cost=90.9033 final_cost=89.0143 iters=9 term=1 slv_ms=10.1
[T2diag] t=19.1840 P=[-0.0166 0.0002 0.0020] V=[0.0098 0.0011 -0.0039] |Bas|=0.076370 |Bgs|=0.0005259 Bas=[-0.074158 -0.018099 -0.002332] Bgs=[-0.0000826 -0.0003692 0.0003653] tic0=[0.1200 0.0500 -0.0200] tic1=[0.1200 -0.0500 -0.0200] td=0.00000 track=143
[E2uls] flag=1 sh_t=19.240 new_t=19.240 dP=[0.0022 0.0010 0.0001] |dP|=0.0025 first_dt=-1.0000
time: 19.184000, t: -0.016635 0.000245 0.001976 q: 0.999986 0.000169 -0.005314 0.000653 
[T2xcross] t=19.2840 id=775 est=5.0000 svd=0.7228 rel=0.8554 track=2 sf=9
[T2xcross] t=19.2840 id=1247 est=5.0000 svd=0.0848 rel=0.9830 track=2 sf=9
[T2xcross] t=19.2840 id=1288 est=3.4967 svd=0.2686 rel=0.9232 track=2 sf=9
[T2depth] t=19.2840 id=1301 src=motion2 u=268.1 v=202.9 depth=5.0000 depth2=-1.0000 track=2 sf=9 flag=init_neg
[T2depth] t=19.2840 id=1303 src=motion2 u=241.0 v=63.0 depth=5.0000 depth2=-1.0000 track=2 sf=9 flag=init_neg
[T2depth] t=19.2840 id=1306 src=stereo u=493.3 v=161.7 depth=3.4304 depth2=-1.0000 track=1 sf=10 flag=ok
[T2depth] t=19.2840 id=1314 src=stereo u=515.0 v=187.0 depth=3.9138 depth2=-1.0000 track=1 sf=10 flag=ok
[T2gate] t=19.2840 tri=38 rej=0 xrej=0 init_replace=2 gate=0
[T2slv] t=19.2840 phase=1 init_cost=93.2284 final_cost=89.0399 iters=9 term=1 slv_ms=11.5
[T2diag] t=19.2840 P=[-0.0172 -0.0006 0.0019] V=[0.0079 -0.0081 0.0001] |Bas|=0.077125 |Bgs|=0.0005017 Bas=[-0.075121 -0.017315 -0.002292] Bgs=[-0.0001244 -0.0003523 0.0003349] tic0=[0.1200 0.0500 -0.0200] tic1=[0.1200 -0.0500 -0.0200] td=0.00000 track=141
[E2uls] flag=1 sh_t=19.312 new_t=19.312 dP=[0.0022 0.0016 -0.0001] |dP|=0.0027 first_dt=-1.0000
time: 19.284000, t: -0.017178 -0.000593 0.001903 q: 0.999984 0.000564 -0.005462 0.000968 
[T2depth] t=19.3880 id=1313 src=motion2 u=242.0 v=13.0 depth=5.0000 depth2=-1.0000 track=2 sf=9 flag=init_neg
[T2depth] t=19.3880 id=1316 src=motion2 u=259.0 v=120.0 depth=0.2238 depth2=-1.0000 track=2 sf=9 flag=ok
[T2depth] t=19.3880 id=1317 src=motion2 u=591.0 v=65.0 depth=0.1426 depth2=-1.0000 track=2 sf=9 flag=ok
[T2depth] t=19.3880 id=1318 src=motion2 u=21.0 v=205.0 depth=0.2503 depth2=-1.0000 track=2 sf=9 flag=ok
[T2gate] t=19.3880 tri=41 rej=0 xrej=0 init_replace=1 gate=0
[T2slv] t=19.3880 phase=1 init_cost=91.7662 final_cost=89.9699 iters=9 term=1 slv_ms=7.4
[T2diag] t=19.3880 P=[-0.0174 0.0000 0.0020] V=[0.0063 -0.0034 0.0007] |Bas|=0.077036 |Bgs|=0.0005024 Bas=[-0.074997 -0.017415 -0.002591] Bgs=[-0.0000844 -0.0003467 0.0003538] tic0=[0.1200 0.0500 -0.0200] tic1=[0.1200 -0.0500 -0.0200] td=0.00000 track=141
[E2uls] flag=1 sh_t=19.420 new_t=19.420 dP=[0.0010 -0.0022 -0.0004] |dP|=0.0024 first_dt=-1.0000
time: 19.388000, t: -0.017420 0.000011 0.002005 q: 0.999986 0.000442 -0.005272 0.000909 
[T2xcross] t=19.4840 id=1240 est=0.1210 svd=0.0021 rel=0.9829 track=2 sf=9
[T2depth] t=19.4840 id=1320 src=motion2 u=96.2 v=56.2 depth=5.0000 depth2=-1.0000 track=2 sf=9 flag=init_neg
[T2depth] t=19.4840 id=1321 src=motion2 u=349.0 v=184.7 depth=0.4247 depth2=-1.0000 track=2 sf=9 flag=ok
[T2depth] t=19.4840 id=1323 src=motion2 u=369.3 v=152.1 depth=5.0000 depth2=-1.0000 track=2 sf=9 flag=init_neg
[T2depth] t=19.4840 id=1324 src=motion2 u=489.7 v=59.5 depth=5.0000 depth2=-1.0000 track=2 sf=9 flag=init_neg
[T2depth] t=19.4840 id=1325 src=motion2 u=366.0 v=44.0 depth=0.1830 depth2=-1.0000 track=2 sf=9 flag=ok
[T2depth] t=19.4840 id=1326 src=motion2 u=544.0 v=191.0 depth=0.0072 depth2=-1.0000 track=2 sf=9 flag=ok
[T2depth] t=19.4840 id=1327 src=motion2 u=113.0 v=24.0 depth=5.0000 depth2=-1.0000 track=2 sf=9 flag=init_neg
[T2depth] t=19.4840 id=1335 src=stereo u=610.0 v=150.0 depth=5.0000 depth2=-1.0000 track=1 sf=10 flag=init_neg
[T2depth] t=19.4840 id=1342 src=stereo u=108.0 v=142.0 depth=5.0000 depth2=-1.0000 track=1 sf=10 flag=init_neg
[T2gate] t=19.4840 tri=45 rej=0 xrej=0 init_replace=6 gate=0
[T2slv] t=19.4840 phase=1 init_cost=93.4109 final_cost=90.9265 iters=9 term=1 slv_ms=10.0
[T2diag] t=19.4840 P=[-0.0180 0.0001 0.0022] V=[0.0087 0.0029 -0.0050] |Bas|=0.075655 |Bgs|=0.0004885 Bas=[-0.073494 -0.017832 -0.002078] Bgs=[-0.0000680 -0.0003573 0.0003262] tic0=[0.1200 0.0500 -0.0200] tic1=[0.1200 -0.0500 -0.0200] td=0.00000 track=139
[E2uls] flag=1 sh_t=19.544 new_t=19.544 dP=[0.0016 -0.0010 0.0001] |dP|=0.0019 first_dt=-1.0000
time: 19.484000, t: -0.017974 0.000120 0.002167 q: 0.999986 0.000168 -0.005190 0.000809 
[T2xcross] t=19.5840 id=1324 est=5.0000 svd=0.0021 rel=0.9996 track=2 sf=9
[T2depth] t=19.5840 id=1330 src=motion2 u=368.1 v=89.0 depth=0.0249 depth2=-1.0000 track=2 sf=9 flag=ok
[T2depth] t=19.5840 id=1336 src=motion2 u=68.0 v=17.0 depth=0.3507 depth2=-1.0000 track=2 sf=9 flag=ok
[T2depth] t=19.5840 id=1338 src=motion2 u=84.0 v=188.0 depth=5.0000 depth2=-1.0000 track=2 sf=9 flag=init_neg
[T2depth] t=19.5840 id=1339 src=motion2 u=67.0 v=157.0 depth=5.0000 depth2=-1.0000 track=2 sf=9 flag=init_neg
[T2depth] t=19.5840 id=1340 src=motion2 u=612.0 v=216.0 depth=0.3046 depth2=-1.0000 track=2 sf=9 flag=ok
[T2depth] t=19.5840 id=1344 src=stereo u=236.2 v=226.2 depth=0.7361 depth2=-1.0000 track=1 sf=10 flag=ok
[T2depth] t=19.5840 id=1347 src=stereo u=412.3 v=61.2 depth=3.4807 depth2=-1.0000 track=1 sf=10 flag=ok
[T2depth] t=19.5840 id=1350 src=stereo u=308.0 v=107.0 depth=5.0000 depth2=-1.0000 track=1 sf=10 flag=init_neg
[T2depth] t=19.5840 id=1353 src=stereo u=276.0 v=40.0 depth=5.0000 depth2=-1.0000 track=1 sf=10 flag=init_neg
[T2gate] t=19.5840 tri=43 rej=0 xrej=0 init_replace=4 gate=0
[T2slv] t=19.5840 phase=1 init_cost=94.0168 final_cost=91.5629 iters=5 term=0 slv_ms=6.0
[T2diag] t=19.5840 P=[-0.0180 -0.0002 0.0021] V=[0.0100 -0.0026 -0.0051] |Bas|=0.075125 |Bgs|=0.0004852 Bas=[-0.072995 -0.017635 -0.002119] Bgs=[-0.0001110 -0.0003603 0.0003054] tic0=[0.1200 0.0500 -0.0200] tic1=[0.1200 -0.0500 -0.0200] td=0.00000 track=141
[E2uls] flag=1 sh_t=19.616 new_t=19.616 dP=[0.0015 0.0013 -0.0007] |dP|=0.0021 first_dt=-1.0000
time: 19.584000, t: -0.018015 -0.000238 0.002076 q: 0.999986 0.000216 -0.005251 0.000922 
[T2xcross] t=19.6840 id=1336 est=0.3507 svd=0.2981 rel=0.1500 track=2 sf=9
[T2depth] t=19.6840 id=1355 src=stereo u=22.5 v=197.2 depth=46.2692 depth2=-1.0000 track=1 sf=10 flag=ok
[T2depth] t=19.6840 id=1366 src=stereo u=386.0 v=181.0 depth=3.5602 depth2=-1.0000 track=1 sf=10 flag=ok
[T2depth] t=19.6840 id=1371 src=stereo u=512.0 v=213.0 depth=4.9860 depth2=-1.0000 track=1 sf=10 flag=ok
[T2gate] t=19.6840 tri=45 rej=0 xrej=0 init_replace=0 gate=0
[T2slv] t=19.6840 phase=1 init_cost=94.2998 final_cost=92.8112 iters=9 term=1 slv_ms=7.6
[T2diag] t=19.6840 P=[-0.0172 0.0003 0.0017] V=[0.0108 0.0033 -0.0073] |Bas|=0.075062 |Bgs|=0.0004912 Bas=[-0.072904 -0.017755 -0.002007] Bgs=[-0.0000998 -0.0003759 0.0003001] tic0=[0.1200 0.0500 -0.0200] tic1=[0.1200 -0.0500 -0.0200] td=0.00000 track=135
[E2uls] flag=1 sh_t=19.724 new_t=19.724 dP=[0.0004 -0.0010 -0.0002] |dP|=0.0011 first_dt=-1.0000
time: 19.684000, t: -0.017187 0.000269 0.001697 q: 0.999986 0.000064 -0.005299 0.000705 
[T2depth] t=19.7840 id=1356 src=motion2 u=628.7 v=261.0 depth=0.8416 depth2=-1.0000 track=2 sf=9 flag=ok
[T2depth] t=19.7840 id=1360 src=motion2 u=615.0 v=80.1 depth=0.0445 depth2=-1.0000 track=2 sf=9 flag=ok
[T2depth] t=19.7840 id=1362 src=motion2 u=88.0 v=122.0 depth=5.0000 depth2=-1.0000 track=2 sf=9 flag=init_neg
[T2depth] t=19.7840 id=1364 src=motion2 u=211.0 v=115.0 depth=5.0000 depth2=-1.0000 track=2 sf=9 flag=init_neg
[T2depth] t=19.7840 id=1365 src=motion2 u=582.0 v=25.0 depth=5.0000 depth2=-1.0000 track=2 sf=9 flag=init_neg
[T2depth] t=19.7840 id=1367 src=motion2 u=545.0 v=17.0 depth=0.7483 depth2=-1.0000 track=2 sf=9 flag=ok
[T2depth] t=19.7840 id=1369 src=motion2 u=92.0 v=197.0 depth=5.0000 depth2=-1.0000 track=2 sf=9 flag=init_neg
[T2depth] t=19.7840 id=1370 src=motion2 u=286.0 v=9.0 depth=0.1718 depth2=-1.0000 track=2 sf=9 flag=ok
[T2depth] t=19.7840 id=1373 src=motion2 u=592.0 v=179.0 depth=5.0000 depth2=-1.0000 track=2 sf=9 flag=init_neg
[T2depth] t=19.7840 id=1380 src=stereo u=150.0 v=49.0 depth=5.0000 depth2=-1.0000 track=1 sf=10 flag=init_neg
[T2depth] t=19.7840 id=1383 src=stereo u=385.0 v=85.0 depth=3.4935 depth2=-1.0000 track=1 sf=10 flag=ok
[T2gate] t=19.7840 tri=46 rej=0 xrej=0 init_replace=6 gate=0
[T2slv] t=19.7840 phase=1 init_cost=95.2242 final_cost=92.8282 iters=9 term=1 slv_ms=12.9
[T2diag] t=19.7840 P=[-0.0175 0.0005 0.0022] V=[0.0127 -0.0029 -0.0030] |Bas|=0.073758 |Bgs|=0.0004925 Bas=[-0.071623 -0.017451 -0.002427] Bgs=[-0.0001156 -0.0003780 0.0002938] tic0=[0.1200 0.0500 -0.0200] tic1=[0.1200 -0.0500 -0.0200] td=0.00000 track=141
[E2uls] flag=1 sh_t=19.828 new_t=19.828 dP=[0.0017 0.0003 -0.0018] |dP|=0.0025 first_dt=-1.0000
time: 19.784000, t: -0.017459 0.000502 0.002186 q: 0.999987 0.000127 -0.005148 0.000675 
[T2xcross] t=19.8840 id=1364 est=5.0000 svd=0.2244 rel=0.9551 track=2 sf=9
[T2depth] t=19.8840 id=1376 src=motion2 u=303.5 v=52.1 depth=0.1219 depth2=-1.0000 track=2 sf=9 flag=ok
[T2xcross] t=19.8840 id=1380 est=5.0000 svd=0.1092 rel=0.9782 track=2 sf=9
[T2depth] t=19.8840 id=1381 src=motion2 u=567.0 v=147.0 depth=5.0000 depth2=-1.0000 track=2 sf=9 flag=init_neg
[T2depth] t=19.8840 id=1382 src=motion2 u=339.0 v=65.0 depth=5.0000 depth2=-1.0000 track=2 sf=9 flag=init_neg
[T2xcross] t=19.8840 id=1383 est=3.4935 svd=0.0996 rel=0.9715 track=2 sf=9
[T2depth] t=19.8840 id=1384 src=motion2 u=253.0 v=211.0 depth=5.0000 depth2=-1.0000 track=2 sf=9 flag=init_neg
[T2depth] t=19.8840 id=1385 src=stereo u=389.0 v=185.9 depth=4.0312 depth2=-1.0000 track=1 sf=10 flag=ok
[T2gate] t=19.8840 tri=42 rej=0 xrej=0 init_replace=3 gate=0
[T2slv] t=19.8840 phase=1 init_cost=94.4783 final_cost=92.7816 iters=9 term=1 slv_ms=9.4
[T2diag] t=19.8840 P=[-0.0181 -0.0005 0.0021] V=[0.0019 -0.0090 -0.0055] |Bas|=0.072815 |Bgs|=0.0004857 Bas=[-0.070764 -0.016983 -0.002455] Bgs=[-0.0001482 -0.0003721 0.0002747] tic0=[0.1200 0.0500 -0.0200] tic1=[0.1200 -0.0500 -0.0200] td=0.00000 track=140
[E2uls] flag=1 sh_t=19.940 new_t=19.940 dP=[0.0015 0.0007 -0.0007] |dP|=0.0018 first_dt=-1.0000
time: 19.884000, t: -0.018055 -0.000465 0.002096 q: 0.999986 0.000258 -0.005167 0.001011 
[T2depth] t=19.9840 id=1389 src=motion2 u=193.0 v=61.4 depth=0.1915 depth2=-1.0000 track=2 sf=9 flag=ok
[T2depth] t=19.9840 id=1391 src=motion2 u=333.5 v=23.1 depth=0.1979 depth2=-1.0000 track=2 sf=9 flag=ok
[T2depth] t=19.9840 id=1392 src=motion2 u=304.0 v=201.0 depth=0.1844 depth2=-1.0000 track=2 sf=9 flag=ok
[T2depth] t=19.9840 id=1393 src=motion2 u=66.0 v=152.0 depth=0.2787 depth2=-1.0000 track=2 sf=9 flag=ok
[T2depth] t=19.9840 id=1395 src=motion2 u=541.0 v=52.0 depth=0.1453 depth2=-1.0000 track=2 sf=9 flag=ok
[T2depth] t=19.9840 id=1408 src=stereo u=476.0 v=157.0 depth=3.6508 depth2=-1.0000 track=1 sf=10 flag=ok
[T2depth] t=19.9840 id=1409 src=stereo u=561.0 v=93.0 depth=5.0000 depth2=-1.0000 track=1 sf=10 flag=init_neg
[T2depth] t=19.9840 id=1410 src=stereo u=121.0 v=167.0 depth=26.8245 depth2=-1.0000 track=1 sf=10 flag=ok
[T2depth] t=19.9840 id=1411 src=stereo u=172.0 v=33.0 depth=5.0000 depth2=-1.0000 track=1 sf=10 flag=init_neg
[T2gate] t=19.9840 tri=45 rej=0 xrej=0 init_replace=2 gate=0
[T2slv] t=19.9840 phase=1 init_cost=99.4967 final_cost=94.0745 iters=9 term=1 slv_ms=12.1
[T2diag] t=19.9840 P=[-0.0180 0.0001 0.0024] V=[0.0046 -0.0015 -0.0013] |Bas|=0.069950 |Bgs|=0.0004976 Bas=[-0.067736 -0.017208 -0.002936] Bgs=[-0.0001113 -0.0003847 0.0002953] tic0=[0.1200 0.0500 -0.0200] tic1=[0.1200 -0.0500 -0.0200] td=0.00000 track=139
[E2uls] flag=1 sh_t=20.032 new_t=20.032 dP=[-0.0004 -0.0028 -0.0012] |dP|=0.0031 first_dt=-1.0000
time: 19.984000, t: -0.017958 0.000069 0.002390 q: 0.999988 0.000093 -0.004841 0.000834 
[T2xcross] t=20.0840 id=1395 est=0.1453 svd=0.0792 rel=0.4549 track=2 sf=9
[T2depth] t=20.0840 id=1396 src=motion2 u=631.9 v=478.0 depth=5.0000 depth2=-1.0000 track=2 sf=9 flag=init_neg
[T2depth] t=20.0840 id=1397 src=motion2 u=157.0 v=135.3 depth=5.0000 depth2=-1.0000 track=2 sf=9 flag=init_neg
[T2depth] t=20.0840 id=1404 src=motion2 u=289.3 v=136.9 depth=5.0000 depth2=-1.0000 track=2 sf=9 flag=init_neg
[T2depth] t=20.0840 id=1405 src=motion2 u=24.0 v=61.0 depth=0.3281 depth2=-1.0000 track=2 sf=9 flag=ok
[T2depth] t=20.0840 id=1407 src=motion2 u=611.0 v=115.0 depth=0.0026 depth2=-1.0000 track=2 sf=9 flag=ok
[T2xcross] t=20.0840 id=1409 est=5.0000 svd=0.0103 rel=0.9979 track=2 sf=9
[T2depth] t=20.0840 id=1416 src=stereo u=428.0 v=5.0 depth=3.4783 depth2=-1.0000 track=1 sf=10 flag=ok
[T2depth] t=20.0840 id=1418 src=stereo u=405.0 v=147.0 depth=3.5265 depth2=-1.0000 track=1 sf=10 flag=ok
[T2depth] t=20.0840 id=1419 src=stereo u=177.0 v=32.0 depth=5.0000 depth2=-1.0000 track=1 sf=10 flag=init_neg
[T2depth] t=20.0840 id=1420 src=stereo u=322.0 v=135.0 depth=46.0342 depth2=-1.0000 track=1 sf=10 flag=ok
[T2gate] t=20.0840 tri=42 rej=0 xrej=0 init_replace=4 gate=0
[T2slv] t=20.0840 phase=1 init_cost=96.3611 final_cost=95.2429 iters=9 term=1 slv_ms=13.5
[T2diag] t=20.0840 P=[-0.0178 0.0004 0.0023] V=[0.0048 -0.0021 -0.0041] |Bas|=0.069007 |Bgs|=0.0004995 Bas=[-0.066701 -0.017502 -0.002595] Bgs=[-0.0001074 -0.0003838 0.0003011] tic0=[0.1200 0.0500 -0.0200] tic1=[0.1200 -0.0500 -0.0200] td=0.00000 track=140
[E2uls] flag=1 sh_t=20.120 new_t=20.120 dP=[0.0006 -0.0008 0.0002] |dP|=0.0011 first_dt=-1.0000
time: 20.084000, t: -0.017783 0.000362 0.002325 q: 0.999988 -0.000055 -0.004818 0.000768 
[T2xcross] t=20.1880 id=1407 est=0.0026 svd=0.0966 rel=0.9734 track=2 sf=9
[T2depth] t=20.1880 id=1412 src=motion2 u=444.0 v=137.9 depth=0.1762 depth2=-1.0000 track=2 sf=9 flag=ok
[T2depth] t=20.1880 id=1414 src=motion2 u=385.3 v=7.7 depth=5.0000 depth2=-1.0000 track=2 sf=9 flag=init_neg
[T2depth] t=20.1880 id=1417 src=motion2 u=237.0 v=131.0 depth=5.0000 depth2=-1.0000 track=2 sf=9 flag=init_neg
[T2xcross] t=20.1880 id=1418 est=3.5265 svd=0.0132 rel=0.9963 track=2 sf=9
[T2depth] t=20.1880 id=1421 src=motion2 u=63.0 v=59.0 depth=5.0000 depth2=-1.0000 track=2 sf=9 flag=init_neg
[T2depth] t=20.1880 id=1431 src=stereo u=237.0 v=99.0 depth=5.0000 depth2=-1.0000 track=1 sf=10 flag=init_neg
[T2depth] t=20.1880 id=1432 src=stereo u=162.0 v=190.0 depth=5.0000 depth2=-1.0000 track=1 sf=10 flag=init_neg
[T2depth] t=20.1880 id=1433 src=stereo u=252.0 v=73.0 depth=5.0000 depth2=-1.0000 track=1 sf=10 flag=init_neg
[T2gate] t=20.1880 tri=42 rej=0 xrej=0 init_replace=6 gate=0
[T2slv] t=20.1880 phase=1 init_cost=98.3355 final_cost=96.4229 iters=9 term=1 slv_ms=6.0
[T2diag] t=20.1880 P=[-0.0179 0.0000 0.0019] V=[0.0003 -0.0106 -0.0089] |Bas|=0.069201 |Bgs|=0.0005275 Bas=[-0.066901 -0.017564 -0.002133] Bgs=[-0.0001423 -0.0003918 0.0003232] tic0=[0.1200 0.0500 -0.0200] tic1=[0.1200 -0.0500 -0.0200] td=0.00000 track=139
[E2uls] flag=1 sh_t=20.244 new_t=20.244 dP=[0.0008 0.0002 0.0002] |dP|=0.0009 first_dt=-1.0000
time: 20.188000, t: -0.017930 0.000004 0.001862 q: 0.999987 -0.000040 -0.005044 0.000922 
[T2xcross] t=20.2880 id=1420 est=46.0342 svd=0.1975 rel=0.9957 track=2 sf=9
[T2depth] t=20.2880 id=1424 src=motion2 u=214.9 v=40.2 depth=5.0000 depth2=-1.0000 track=2 sf=9 flag=init_neg
[T2depth] t=20.2880 id=1426 src=motion2 u=510.1 v=138.2 depth=5.0000 depth2=-1.0000 track=2 sf=9 flag=init_neg
[T2depth] t=20.2880 id=1428 src=motion2 u=15.0 v=145.4 depth=18.3245 depth2=-1.0000 track=2 sf=9 flag=ok
[T2xcross] t=20.2880 id=1431 est=5.0000 svd=0.1681 rel=0.9664 track=2 sf=9
[T2xcross] t=20.2880 id=1432 est=5.0000 svd=0.1704 rel=0.9659 track=2 sf=9
[T2depth] t=20.2880 id=1435 src=motion2 u=230.0 v=206.0 depth=5.0000 depth2=-1.0000 track=2 sf=9 flag=init_neg
[T2depth] t=20.2880 id=1436 src=motion2 u=222.0 v=168.0 depth=0.2753 depth2=-1.0000 track=2 sf=9 flag=ok
[T2depth] t=20.2880 id=1439 src=stereo u=299.5 v=86.1 depth=5.0000 depth2=-1.0000 track=1 sf=10 flag=init_neg
[T2depth] t=20.2880 id=1445 src=stereo u=378.0 v=201.0 depth=3.3001 depth2=-1.0000 track=1 sf=10 flag=ok
[T2depth] t=20.2880 id=1447 src=stereo u=422.0 v=180.0 depth=4.2889 depth2=-1.0000 track=1 sf=10 flag=ok
[T2depth] t=20.2880 id=1450 src=stereo u=368.0 v=53.0 depth=3.9799 depth2=-1.0000 track=1 sf=10 flag=ok
[T2gate] t=20.2880 tri=42 rej=0 xrej=0 init_replace=4 gate=0
[T2slv] t=20.2880 phase=1 init_cost=100.74 final_cost=98.4475 iters=9 term=1 slv_ms=11.7
[T2diag] t=20.2880 P=[-0.0163 -0.0004 0.0018] V=[0.0079 -0.0153 -0.0050] |Bas|=0.070352 |Bgs|=0.0006040 Bas=[-0.068057 -0.017661 -0.002399] Bgs=[-0.0001642 -0.0004109 0.0004112] tic0=[0.1200 0.0500 -0.0200] tic1=[0.1200 -0.0500 -0.0200] td=0.00000 track=141
[E2uls] flag=1 sh_t=20.344 new_t=20.344 dP=[-0.0015 -0.0005 -0.0013] |dP|=0.0021 first_dt=-1.0000
time: 20.288000, t: -0.016287 -0.000426 0.001796 q: 0.999987 0.000041 -0.005079 0.000867 
[T2xcross] t=20.3840 id=1436 est=0.2753 svd=0.5649 rel=0.5126 track=2 sf=9
[T2depth] t=20.3840 id=1446 src=motion2 u=417.0 v=69.0 depth=5.0000 depth2=-1.0000 track=2 sf=9 flag=init_neg
[T2depth] t=20.3840 id=1451 src=stereo u=302.1 v=27.6 depth=38.0064 depth2=-1.0000 track=1 sf=10 flag=ok
[T2depth] t=20.3840 id=1452 src=stereo u=282.2 v=162.9 depth=5.0000 depth2=-1.0000 track=1 sf=10 flag=init_neg
[T2depth] t=20.3840 id=1453 src=stereo u=181.7 v=57.5 depth=21.2292 depth2=-1.0000 track=1 sf=10 flag=ok
[T2depth] t=20.3840 id=1460 src=stereo u=391.0 v=203.0 depth=3.9724 depth2=-1.0000 track=1 sf=10 flag=ok
[T2gate] t=20.3840 tri=39 rej=0 xrej=0 init_replace=2 gate=0
[T2slv] t=20.3840 phase=1 init_cost=109.712 final_cost=105.289 iters=9 term=1 slv_ms=12.9
[T2diag] t=20.3840 P=[-0.0174 -0.0003 0.0020] V=[0.0009 0.0000 0.0059] |Bas|=0.068227 |Bgs|=0.0005728 Bas=[-0.066001 -0.017015 -0.003061] Bgs=[-0.0001350 -0.0003930 0.0003943] tic0=[0.1200 0.0500 -0.0200] tic1=[0.1200 -0.0500 -0.0200] td=0.00000 track=141
[E2uls] flag=1 sh_t=20.452 new_t=20.452 dP=[0.0028 -0.0034 -0.0011] |dP|=0.0046 first_dt=-1.0000
time: 20.384000, t: -0.017362 -0.000289 0.001993 q: 0.999988 -0.000072 -0.004880 0.000916 
[T2xcross] t=20.4840 id=1451 est=38.0064 svd=0.0418 rel=0.9989 track=2 sf=9
[T2xcross] t=20.4840 id=1452 est=5.0000 svd=0.1272 rel=0.9746 track=2 sf=9
[T2depth] t=20.4840 id=1454 src=motion2 u=41.7 v=114.4 depth=0.0361 depth2=-1.0000 track=2 sf=9 flag=ok
[T2depth] t=20.4840 id=1456 src=motion2 u=498.1 v=42.5 depth=5.0000 depth2=-1.0000 track=2 sf=9 flag=init_neg
[T2depth] t=20.4840 id=1458 src=motion2 u=31.0 v=320.0 depth=5.0000 depth2=-1.0000 track=2 sf=9 flag=init_neg
[T2depth] t=20.4840 id=1459 src=motion2 u=601.0 v=184.0 depth=5.0000 depth2=-1.0000 track=2 sf=9 flag=init_neg
[T2depth] t=20.4840 id=1461 src=motion2 u=352.0 v=156.0 depth=0.2682 depth2=-1.0000 track=2 sf=9 flag=ok
[T2depth] t=20.4840 id=1462 src=stereo u=338.6 v=63.8 depth=36.7402 depth2=-1.0000 track=1 sf=10 flag=ok
[T2depth] t=20.4840 id=1473 src=stereo u=541.0 v=65.0 depth=3.3899 depth2=-1.0000 track=1 sf=10 flag=ok
[T2gate] t=20.4840 tri=43 rej=0 xrej=0 init_replace=3 gate=0
[T2slv] t=20.4840 phase=1 init_cost=106.565 final_cost=103.311 iters=9 term=1 slv_ms=4.1
[T2diag] t=20.4840 P=[-0.0181 -0.0005 0.0020] V=[0.0027 -0.0026 -0.0022] |Bas|=0.068508 |Bgs|=0.0005585 Bas=[-0.066242 -0.017334 -0.002212] Bgs=[-0.0001421 -0.0003944 0.0003689] tic0=[0.1200 0.0500 -0.0200] tic1=[0.1200 -0.0500 -0.0200] td=0.00000 track=137
[E2uls] flag=1 sh_t=20.512 new_t=20.512 dP=[0.0007 0.0001 0.0011] |dP|=0.0013 first_dt=-1.0000
time: 20.484000, t: -0.018071 -0.000459 0.002016 q: 0.999987 -0.000010 -0.004948 0.001082 
[T2xcross] t=20.5840 id=1459 est=5.0000 svd=0.0186 rel=0.9963 track=2 sf=9
[T2depth] t=20.5840 id=1470 src=motion2 u=219.0 v=140.7 depth=5.0000 depth2=-1.0000 track=2 sf=9 flag=init_neg
[T2depth] t=20.5840 id=1471 src=motion2 u=607.0 v=114.0 depth=5.0000 depth2=-1.0000 track=2 sf=9 flag=init_neg
[T2depth] t=20.5840 id=1475 src=motion2 u=547.0 v=164.0 depth=0.0388 depth2=-1.0000 track=2 sf=9 flag=ok
[T2depth] t=20.5840 id=1476 src=motion2 u=624.0 v=155.0 depth=5.0000 depth2=-1.0000 track=2 sf=9 flag=init_neg
[T2depth] t=20.5840 id=1477 src=motion2 u=184.0 v=167.0 depth=5.0000 depth2=-1.0000 track=2 sf=9 flag=init_neg
[T2depth] t=20.5840 id=1480 src=stereo u=409.7 v=143.6 depth=33.3493 depth2=-1.0000 track=1 sf=10 flag=ok
[T2depth] t=20.5840 id=1481 src=stereo u=398.8 v=194.7 depth=3.0577 depth2=-1.0000 track=1 sf=10 flag=ok
[T2depth] t=20.5840 id=1486 src=stereo u=602.0 v=60.0 depth=5.0000 depth2=-1.0000 track=1 sf=10 flag=init_neg
[T2depth] t=20.5840 id=1488 src=stereo u=575.0 v=140.0 depth=5.0000 depth2=-1.0000 track=1 sf=10 flag=init_neg
[T2depth] t=20.5840 id=1489 src=stereo u=481.0 v=31.0 depth=4.6894 depth2=-1.0000 track=1 sf=10 flag=ok
[T2gate] t=20.5840 tri=46 rej=0 xrej=0 init_replace=6 gate=0
[T2slv] t=20.5840 phase=1 init_cost=99.0135 final_cost=97.8436 iters=9 term=1 slv_ms=7.0
[T2diag] t=20.5840 P=[-0.0177 0.0001 0.0020] V=[0.0030 -0.0003 -0.0033] |Bas|=0.069126 |Bgs|=0.0005802 Bas=[-0.066733 -0.017913 -0.002072] Bgs=[-0.0001369 -0.0004100 0.0003871] tic0=[0.1200 0.0500 -0.0200] tic1=[0.1200 -0.0500 -0.0200] td=0.00000 track=140
[E2uls] flag=1 sh_t=20.616 new_t=20.616 dP=[-0.0002 -0.0009 -0.0001] |dP|=0.0009 first_dt=-1.0000
time: 20.584000, t: -0.017745 0.000050 0.001979 q: 0.999987 -0.000307 -0.004916 0.000909 
[T2depth] t=20.6840 id=1479 src=motion2 u=541.7 v=128.5 depth=5.0000 depth2=-1.0000 track=2 sf=9 flag=init_neg
[T2xcross] t=20.6840 id=1481 est=3.0577 svd=0.1631 rel=0.9467 track=2 sf=9
[T2depth] t=20.6840 id=1483 src=motion2 u=65.6 v=31.0 depth=5.0000 depth2=-1.0000 track=2 sf=9 flag=init_neg
[T2depth] t=20.6840 id=1484 src=motion2 u=46.1 v=167.0 depth=0.1434 depth2=-1.0000 track=2 sf=9 flag=ok
[T2depth] t=20.6840 id=1485 src=motion2 u=146.0 v=182.0 depth=5.0000 depth2=-1.0000 track=2 sf=9 flag=init_neg
[T2depth] t=20.6840 id=1487 src=motion2 u=274.0 v=16.0 depth=0.1221 depth2=-1.0000 track=2 sf=9 flag=ok
[T2depth] t=20.6840 id=1491 src=stereo u=459.7 v=160.8 depth=3.5760 depth2=-1.0000 track=1 sf=10 flag=ok
[T2depth] t=20.6840 id=1492 src=stereo u=179.4 v=12.8 depth=5.0000 depth2=-1.0000 track=1 sf=10 flag=init_neg
[T2depth] t=20.6840 id=1495 src=stereo u=393.0 v=21.0 depth=3.6333 depth2=-1.0000 track=1 sf=10 flag=ok
[T2depth] t=20.6840 id=1496 src=stereo u=486.0 v=108.0 depth=3.5859 depth2=-1.0000 track=1 sf=10 flag=ok
[T2gate] t=20.6840 tri=36 rej=0 xrej=0 init_replace=4 gate=0
[T2slv] t=20.6840 phase=1 init_cost=99.927 final_cost=98.736 iters=9 term=1 slv_ms=3.4
[T2diag] t=20.6840 P=[-0.0182 -0.0005 0.0022] V=[0.0034 -0.0050 0.0000] |Bas|=0.068944 |Bgs|=0.0005866 Bas=[-0.066492 -0.018048 -0.002521] Bgs=[-0.0001768 -0.0004103 0.0003801] tic0=[0.1200 0.0500 -0.0200] tic1=[0.1200 -0.0500 -0.0200] td=0.00000 track=144
[E2uls] flag=1 sh_t=20.708 new_t=20.708 dP=[0.0006 0.0005 -0.0009] |dP|=0.0012 first_dt=-1.0000
time: 20.684000, t: -0.018231 -0.000483 0.002175 q: 0.999988 -0.000337 -0.004817 0.001080 
[T2xcross] t=20.7840 id=1477 est=5.0000 svd=0.0771 rel=0.9846 track=2 sf=9
[T2xcross] t=20.7840 id=1479 est=5.0000 svd=0.0594 rel=0.9881 track=2 sf=9
[T2xcross] t=20.7840 id=1487 est=0.1221 svd=0.3492 rel=0.6502 track=2 sf=9
[T2depth] t=20.7840 id=1490 src=motion2 u=556.1 v=21.4 depth=5.0000 depth2=-1.0000 track=2 sf=9 flag=init_neg
[T2depth] t=20.7840 id=1494 src=motion2 u=558.0 v=210.0 depth=5.0000 depth2=-1.0000 track=2 sf=9 flag=init_neg
[T2xcross] t=20.7840 id=1495 est=3.6333 svd=0.0287 rel=0.9921 track=2 sf=9
[T2xcross] t=20.7840 id=1496 est=3.5859 svd=0.0959 rel=0.9732 track=2 sf=9
[T2depth] t=20.7840 id=1504 src=stereo u=92.0 v=209.0 depth=19.8238 depth2=-1.0000 track=1 sf=10 flag=ok
[T2depth] t=20.7840 id=1506 src=stereo u=396.0 v=154.0 depth=3.8607 depth2=-1.0000 track=1 sf=10 flag=ok
[T2gate] t=20.7840 tri=37 rej=0 xrej=0 init_replace=2 gate=0
[T2slv] t=20.7840 phase=1 init_cost=104.004 final_cost=100.441 iters=9 term=1 slv_ms=5.9
[T2diag] t=20.7840 P=[-0.0173 0.0003 0.0019] V=[0.0058 0.0015 -0.0008] |Bas|=0.068959 |Bgs|=0.0005931 Bas=[-0.066475 -0.018200 -0.002286] Bgs=[-0.0001411 -0.0004133 0.0004013] tic0=[0.1200 0.0500 -0.0200] tic1=[0.1200 -0.0500 -0.0200] td=0.00000 track=140
[E2uls] flag=1 sh_t=20.828 new_t=20.828 dP=[-0.0004 -0.0018 0.0005] |dP|=0.0019 first_dt=-1.0000
time: 20.784000, t: -0.017299 0.000286 0.001912 q: 0.999988 -0.000616 -0.004862 0.000764 
[T2xcross] t=20.8840 id=1483 est=5.0000 svd=0.0626 rel=0.9875 track=2 sf=9
[T2xcross] t=20.8840 id=1489 est=4.6894 svd=0.0463 rel=0.9901 track=2 sf=9
[T2depth] t=20.8840 id=1500 src=motion2 u=627.1 v=215.9 depth=5.0000 depth2=-1.0000 track=2 sf=9 flag=init_neg
[T2xcross] t=20.8840 id=1504 est=19.8238 svd=0.0155 rel=0.9992 track=2 sf=9
[T2depth] t=20.8840 id=1513 src=stereo u=336.1 v=96.2 depth=31.2937 depth2=-1.0000 track=1 sf=10 flag=ok
[T2depth] t=20.8840 id=1516 src=stereo u=506.7 v=211.2 depth=3.8416 depth2=-1.0000 track=1 sf=10 flag=ok
[T2depth] t=20.8840 id=1520 src=stereo u=106.4 v=156.6 depth=5.0000 depth2=-1.0000 track=1 sf=10 flag=init_neg
[T2depth] t=20.8840 id=1524 src=stereo u=279.2 v=111.2 depth=30.0504 depth2=-1.0000 track=1 sf=10 flag=ok
[T2gate] t=20.8840 tri=50 rej=0 xrej=0 init_replace=2 gate=0
[T2slv] t=20.8840 phase=1 init_cost=104.589 final_cost=102.657 iters=9 term=1 slv_ms=6.1
[T2diag] t=20.8840 P=[-0.0167 0.0001 0.0021] V=[0.0068 -0.0000 -0.0015] |Bas|=0.069256 |Bgs|=0.0005940 Bas=[-0.066636 -0.018735 -0.002243] Bgs=[-0.0001599 -0.0004299 0.0003775] tic0=[0.1200 0.0500 -0.0200] tic1=[0.1200 -0.0500 -0.0200] td=0.00000 track=133
[E2uls] flag=1 sh_t=20.916 new_t=20.916 dP=[-0.0002 0.0006 -0.0001] |dP|=0.0006 first_dt=-1.0000
time: 20.884000, t: -0.016682 0.000075 0.002132 q: 0.999988 -0.000345 -0.004771 0.000695 
[T2depth] t=21.0160 id=1509 src=motion2 u=545.8 v=223.2 depth=5.0000 depth2=-1.0000 track=2 sf=9 flag=init_neg
[T2depth] t=21.0160 id=1514 src=motion2 u=59.1 v=98.4 depth=5.0000 depth2=-1.0000 track=2 sf=9 flag=init_neg
[T2depth] t=21.0160 id=1515 src=motion2 u=246.8 v=117.8 depth=0.0946 depth2=-1.0000 track=2 sf=9 flag=ok
[T2depth] t=21.0160 id=1521 src=motion2 u=307.8 v=140.9 depth=0.0374 depth2=-1.0000 track=2 sf=9 flag=ok
[T2depth] t=21.0160 id=1522 src=motion2 u=177.9 v=56.3 depth=5.0000 depth2=-1.0000 track=2 sf=9 flag=init_neg
[T2depth] t=21.0160 id=1525 src=motion2 u=619.0 v=159.0 depth=0.1637 depth2=-1.0000 track=2 sf=9 flag=ok
[T2depth] t=21.0160 id=1527 src=motion2 u=128.0 v=202.0 depth=5.0000 depth2=-1.0000 track=2 sf=9 flag=init_neg
[T2depth] t=21.0160 id=1530 src=motion2 u=16.0 v=100.0 depth=0.1294 depth2=-1.0000 track=2 sf=9 flag=ok
[T2depth] t=21.0160 id=1535 src=stereo u=449.0 v=165.0 depth=3.8967 depth2=-1.0000 track=1 sf=10 flag=ok
[T2depth] t=21.0160 id=1537 src=stereo u=108.0 v=29.0 depth=25.5949 depth2=-1.0000 track=1 sf=10 flag=ok
[T2gate] t=21.0160 tri=46 rej=0 xrej=0 init_replace=4 gate=0
[T2slv] t=21.0160 phase=1 init_cost=103.779 final_cost=102.466 iters=9 term=1 slv_ms=4.3
[T2diag] t=21.0160 P=[-0.0164 0.0003 0.0016] V=[0.0010 0.0050 -0.0029] |Bas|=0.069911 |Bgs|=0.0005700 Bas=[-0.067195 -0.019179 -0.002145] Bgs=[-0.0001545 -0.0004124 0.0003619] tic0=[0.1200 0.0500 -0.0200] tic1=[0.1200 -0.0500 -0.0200] td=0.00000 track=142
[E2uls] flag=1 sh_t=21.076 new_t=21.076 dP=[0.0020 0.0002 0.0006] |dP|=0.0021 first_dt=-1.0000
time: 21.016000, t: -0.016411 0.000343 0.001632 q: 0.999988 -0.000380 -0.004948 0.000560 
[T2xcross] t=21.1480 id=1492 est=5.0000 svd=0.0647 rel=0.9871 track=2 sf=9
[T2depth] t=21.1480 id=1534 src=motion2 u=578.0 v=148.0 depth=5.0000 depth2=-1.0000 track=2 sf=9 flag=init_neg
[T2xcross] t=21.1480 id=1535 est=3.8967 svd=0.0883 rel=0.9773 track=2 sf=9
[T2depth] t=21.1480 id=1536 src=motion2 u=505.0 v=139.0 depth=5.0000 depth2=-1.0000 track=2 sf=9 flag=init_neg
[T2xcross] t=21.1480 id=1537 est=25.5949 svd=0.0387 rel=0.9985 track=2 sf=9
[T2depth] t=21.1480 id=1542 src=stereo u=293.7 v=9.6 depth=5.0000 depth2=-1.0000 track=1 sf=10 flag=init_neg
[T2depth] t=21.1480 id=1548 src=stereo u=321.2 v=46.8 depth=44.6802 depth2=-1.0000 track=1 sf=10 flag=ok
[T2depth] t=21.1480 id=1554 src=stereo u=513.0 v=40.0 depth=4.2231 depth2=-1.0000 track=1 sf=10 flag=ok
[T2gate] t=21.1480 tri=42 rej=0 xrej=0 init_replace=3 gate=0
[T2slv] t=21.1480 phase=1 init_cost=101.721 final_cost=100.21 iters=9 term=1 slv_ms=6.2
[T2diag] t=21.1480 P=[-0.0174 0.0001 0.0021] V=[0.0016 -0.0007 0.0003] |Bas|=0.070116 |Bgs|=0.0005475 Bas=[-0.067354 -0.019353 -0.002245] Bgs=[-0.0001587 -0.0004202 0.0003131] tic0=[0.1200 0.0500 -0.0200] tic1=[0.1200 -0.0500 -0.0200] td=0.00000 track=139
[E2uls] flag=1 sh_t=21.208 new_t=21.208 dP=[0.0011 0.0013 -0.0006] |dP|=0.0018 first_dt=-1.0000
time: 21.148000, t: -0.017364 0.000148 0.002143 q: 0.999987 -0.000051 -0.004969 0.000675 
[T2xcross] t=21.2480 id=1527 est=5.0000 svd=0.0332 rel=0.9934 track=2 sf=9
[T2xcross] t=21.2480 id=1542 est=5.0000 svd=0.0393 rel=0.9921 track=2 sf=9
[T2depth] t=21.2480 id=1546 src=motion2 u=231.9 v=145.9 depth=5.0000 depth2=-1.0000 track=2 sf=9 flag=init_neg
[T2depth] t=21.2480 id=1547 src=motion2 u=592.0 v=176.5 depth=5.0000 depth2=-1.0000 track=2 sf=9 flag=init_neg
[T2depth] t=21.2480 id=1556 src=stereo u=22.3 v=44.9 depth=44.4911 depth2=-1.0000 track=1 sf=10 flag=ok
[T2depth] t=21.2480 id=1559 src=stereo u=571.2 v=111.6 depth=18.8734 depth2=-1.0000 track=1 sf=10 flag=ok
[T2depth] t=21.2480 id=1562 src=stereo u=383.0 v=13.0 depth=3.8273 depth2=-1.0000 track=1 sf=10 flag=ok
[T2depth] t=21.2480 id=1565 src=stereo u=262.0 v=8.0 depth=5.0000 depth2=-1.0000 track=1 sf=10 flag=init_neg
[T2depth] t=21.2480 id=1568 src=stereo u=324.0 v=122.0 depth=21.3481 depth2=-1.0000 track=1 sf=10 flag=ok
[T2gate] t=21.2480 tri=47 rej=0 xrej=0 init_replace=3 gate=0
[T2slv] t=21.2480 phase=1 init_cost=102.883 final_cost=101.356 iters=9 term=1 slv_ms=14.5
[T2diag] t=21.2480 P=[-0.0163 -0.0001 0.0017] V=[0.0018 -0.0014 -0.0046] |Bas|=0.076859 |Bgs|=0.0005463 Bas=[-0.073082 -0.023733 -0.001739] Bgs=[-0.0001499 -0.0004249 0.0003090] tic0=[0.1200 0.0500 -0.0200] tic1=[0.1200 -0.0500 -0.0200] td=0.00000 track=136
[E2uls] flag=1 sh_t=21.304 new_t=21.304 dP=[-0.0011 0.0007 0.0009] |dP|=0.0015 first_dt=-1.0000
time: 21.248000, t: -0.016334 -0.000129 0.001715 q: 0.999985 0.000354 -0.005400 0.000653 
[T2xcross] t=21.3200 id=1556 est=44.4911 svd=0.1511 rel=0.9966 track=2 sf=9
[T2depth] t=21.3200 id=1558 src=motion2 u=403.8 v=55.8 depth=0.0774 depth2=-1.0000 track=2 sf=9 flag=ok
[T2depth] t=21.3200 id=1560 src=motion2 u=50.7 v=191.2 depth=5.0000 depth2=-1.0000 track=2 sf=9 flag=init_neg
[T2depth] t=21.3200 id=1564 src=motion2 u=523.0 v=157.0 depth=5.0000 depth2=-1.0000 track=2 sf=9 flag=init_neg
[T2xcross] t=21.3200 id=1568 est=21.3481 svd=0.0630 rel=0.9970 track=2 sf=9
[T2depth] t=21.3200 id=1570 src=motion2 u=12.0 v=139.0 depth=5.0000 depth2=-1.0000 track=2 sf=9 flag=init_neg
[T2depth] t=21.3200 id=1576 src=stereo u=371.2 v=58.7 depth=3.8688 depth2=-1.0000 track=1 sf=10 flag=ok
[T2depth] t=21.3200 id=1578 src=stereo u=535.0 v=223.0 depth=4.1315 depth2=-1.0000 track=1 sf=10 flag=ok
[T2depth] t=21.3200 id=1580 src=stereo u=53.0 v=152.0 depth=5.0000 depth2=-1.0000 track=1 sf=10 flag=init_neg
[T2depth] t=21.3200 id=1585 src=stereo u=278.0 v=177.0 depth=22.1504 depth2=-1.0000 track=1 sf=10 flag=ok
[T2gate] t=21.3200 tri=49 rej=0 xrej=0 init_replace=4 gate=0
[T2slv] t=21.3200 phase=1 init_cost=102.432 final_cost=101.773 iters=9 term=1 slv_ms=12.5
[T2diag] t=21.3200 P=[-0.0166 -0.0002 0.0014] V=[-0.0030 0.0008 -0.0028] |Bas|=0.078184 |Bgs|=0.0005412 Bas=[-0.074240 -0.024436 -0.002027] Bgs=[-0.0001507 -0.0004242 0.0003004] tic0=[0.1200 0.0500 -0.0200] tic1=[0.1200 -0.0500 -0.0200] td=0.00000 track=135
[E2uls] flag=1 sh_t=21.364 new_t=21.364 dP=[0.0008 -0.0002 -0.0003] |dP|=0.0009 first_dt=-1.0000
time: 21.320000, t: -0.016599 -0.000176 0.001353 q: 0.999984 0.000237 -0.005539 0.000740 
[T2depth] t=21.4480 id=1571 src=motion2 u=159.6 v=191.1 depth=5.0000 depth2=-1.0000 track=2 sf=9 flag=init_neg
[T2depth] t=21.4480 id=1575 src=motion2 u=504.6 v=66.7 depth=5.0000 depth2=-1.0000 track=2 sf=9 flag=init_neg
[T2depth] t=21.4480 id=1577 src=motion2 u=364.0 v=209.0 depth=5.0000 depth2=-1.0000 track=2 sf=9 flag=init_neg
[T2depth] t=21.4480 id=1579 src=motion2 u=546.0 v=110.0 depth=0.0043 depth2=-1.0000 track=2 sf=9 flag=ok
[T2depth] t=21.4480 id=1581 src=motion2 u=542.0 v=188.0 depth=5.0000 depth2=-1.0000 track=2 sf=9 flag=init_neg
[T2depth] t=21.4480 id=1582 src=motion2 u=607.0 v=137.0 depth=5.0000 depth2=-1.0000 track=2 sf=9 flag=init_neg
[T2depth] t=21.4480 id=1587 src=motion2 u=175.0 v=91.0 depth=0.0114 depth2=-1.0000 track=2 sf=9 flag=ok
[T2depth] t=21.4480 id=1592 src=stereo u=377.6 v=159.9 depth=3.8530 depth2=-1.0000 track=1 sf=10 flag=ok
[T2depth] t=21.4480 id=1595 src=stereo u=514.0 v=94.0 depth=3.8190 depth2=-1.0000 track=1 sf=10 flag=ok
[T2depth] t=21.4480 id=1596 src=stereo u=271.0 v=119.0 depth=5.0000 depth2=-1.0000 track=1 sf=10 flag=init_neg
[T2depth] t=21.4480 id=1597 src=stereo u=328.0 v=48.0 depth=5.0000 depth2=-1.0000 track=1 sf=10 flag=init_neg
[T2depth] t=21.4480 id=1599 src=stereo u=246.0 v=61.0 depth=5.0000 depth2=-1.0000 track=1 sf=10 flag=init_neg
[T2depth] t=21.4480 id=1601 src=stereo u=473.0 v=80.0 depth=3.6922 depth2=-1.0000 track=1 sf=10 flag=ok
[T2gate] t=21.4480 tri=47 rej=0 xrej=0 init_replace=8 gate=0
[T2slv] t=21.4480 phase=1 init_cost=102.53 final_cost=100.369 iters=9 term=1 slv_ms=10.6
[T2diag] t=21.4480 P=[-0.0178 -0.0004 0.0022] V=[0.0025 0.0007 0.0033] |Bas|=0.076915 |Bgs|=0.0005297 Bas=[-0.072939 -0.024296 -0.002375] Bgs=[-0.0001647 -0.0004303 0.0002613] tic0=[0.1200 0.0500 -0.0200] tic1=[0.1200 -0.0500 -0.0200] td=0.00000 track=139
[E2uls] flag=1 sh_t=21.496 new_t=21.496 dP=[0.0007 0.0002 -0.0012] |dP|=0.0014 first_dt=-1.0000
time: 21.448000, t: -0.017848 -0.000390 0.002151 q: 0.999986 0.000276 -0.005216 0.000941 
[T2xcross] t=21.5480 id=1547 est=5.0000 svd=0.0165 rel=0.9967 track=2 sf=9
[T2xcross] t=21.5480 id=1564 est=5.0000 svd=0.0530 rel=0.9894 track=2 sf=9
[T2depth] t=21.5480 id=1589 src=motion2 u=566.3 v=28.9 depth=0.0374 depth2=-1.0000 track=2 sf=9 flag=ok
[T2depth] t=21.5480 id=1605 src=stereo u=280.7 v=19.7 depth=28.4924 depth2=-1.0000 track=1 sf=10 flag=ok
[T2depth] t=21.5480 id=1607 src=stereo u=277.0 v=83.0 depth=42.4928 depth2=-1.0000 track=1 sf=10 flag=ok
[T2gate] t=21.5480 tri=41 rej=0 xrej=0 init_replace=0 gate=0
[T2slv] t=21.5480 phase=1 init_cost=101.801 final_cost=100.856 iters=9 term=1 slv_ms=6.0
[T2diag] t=21.5480 P=[-0.0181 -0.0004 0.0023] V=[0.0003 0.0035 0.0037] |Bas|=0.076625 |Bgs|=0.0005011 Bas=[-0.072603 -0.024379 -0.002410] Bgs=[-0.0001597 -0.0004119 0.0002365] tic0=[0.1200 0.0500 -0.0200] tic1=[0.1200 -0.0500 -0.0200] td=0.00000 track=139
[E2uls] flag=1 sh_t=21.580 new_t=21.580 dP=[0.0005 0.0000 0.0001] |dP|=0.0005 first_dt=-1.0000
time: 21.548000, t: -0.018104 -0.000421 0.002302 q: 0.999986 0.000350 -0.005147 0.000920 
[T2depth] t=21.6480 id=1602 src=motion2 u=636.0 v=396.0 depth=0.0677 depth2=-1.0000 track=2 sf=9 flag=ok
[T2depth] t=21.6480 id=1603 src=motion2 u=175.9 v=143.6 depth=0.0086 depth2=-1.0000 track=2 sf=9 flag=ok
[T2depth] t=21.6480 id=1608 src=motion2 u=93.0 v=25.0 depth=0.0700 depth2=-1.0000 track=2 sf=9 flag=ok
[T2depth] t=21.6480 id=1612 src=motion2 u=227.0 v=51.0 depth=0.0148 depth2=-1.0000 track=2 sf=9 flag=ok
[T2depth] t=21.6480 id=1613 src=motion2 u=78.0 v=86.0 depth=0.0853 depth2=-1.0000 track=2 sf=9 flag=ok
[T2depth] t=21.6480 id=1616 src=stereo u=305.7 v=171.3 depth=5.0000 depth2=-1.0000 track=1 sf=10 flag=init_neg
[T2depth] t=21.6480 id=1618 src=stereo u=536.0 v=19.2 depth=3.8679 depth2=-1.0000 track=1 sf=10 flag=ok
[T2depth] t=21.6480 id=1622 src=stereo u=156.0 v=188.3 depth=5.0000 depth2=-1.0000 track=1 sf=10 flag=init_neg
[T2depth] t=21.6480 id=1624 src=stereo u=480.0 v=117.0 depth=4.5171 depth2=-1.0000 track=1 sf=10 flag=ok
[T2depth] t=21.6480 id=1627 src=stereo u=454.0 v=72.0 depth=3.8965 depth2=-1.0000 track=1 sf=10 flag=ok
[T2depth] t=21.6480 id=1628 src=stereo u=393.0 v=116.0 depth=3.4784 depth2=-1.0000 track=1 sf=10 flag=ok
[T2depth] t=21.6480 id=1629 src=stereo u=129.0 v=128.0 depth=25.7116 depth2=-1.0000 track=1 sf=10 flag=ok
[T2depth] t=21.6480 id=1630 src=stereo u=461.0 v=207.0 depth=3.6895 depth2=-1.0000 track=1 sf=10 flag=ok
[T2depth] t=21.6480 id=1631 src=stereo u=337.0 v=39.0 depth=31.5128 depth2=-1.0000 track=1 sf=10 flag=ok
[T2gate] t=21.6480 tri=48 rej=0 xrej=0 init_replace=2 gate=0
[T2slv] t=21.6480 phase=1 init_cost=105.637 final_cost=103.287 iters=9 term=1 slv_ms=16.1
[T2diag] t=21.6480 P=[-0.0170 -0.0002 0.0029] V=[0.0003 0.0009 0.0037] |Bas|=0.075637 |Bgs|=0.0005071 Bas=[-0.071556 -0.024357 -0.002727] Bgs=[-0.0001574 -0.0004038 0.0002633] tic0=[0.1200 0.0500 -0.0200] tic1=[0.1200 -0.0500 -0.0200] td=0.00000 track=136
[E2uls] flag=1 sh_t=21.704 new_t=21.704 dP=[-0.0015 0.0008 -0.0007] |dP|=0.0019 first_dt=-1.0000
time: 21.648000, t: -0.017011 -0.000239 0.002902 q: 0.999988 0.000342 -0.004885 0.000755 
[T2xcross] t=21.7480 id=1587 est=0.0114 svd=0.0651 rel=0.8248 track=2 sf=9
[T2xcross] t=21.7480 id=1595 est=3.8190 svd=0.0043 rel=0.9989 track=2 sf=9
[T2depth] t=21.7480 id=1617 src=motion2 u=79.8 v=139.0 depth=5.0000 depth2=-1.0000 track=2 sf=9 flag=init_neg
[T2xcross] t=21.7480 id=1622 est=5.0000 svd=0.0472 rel=0.9906 track=2 sf=9
[T2depth] t=21.7480 id=1623 src=motion2 u=593.8 v=76.8 depth=0.0102 depth2=-1.0000 track=2 sf=9 flag=ok
[T2xcross] t=21.7480 id=1627 est=3.8965 svd=0.0750 rel=0.9807 track=2 sf=9
[T2xcross] t=21.7480 id=1628 est=3.4784 svd=0.1189 rel=0.9658 track=2 sf=9
[T2xcross] t=21.7480 id=1631 est=31.5128 svd=0.0327 rel=0.9990 track=2 sf=9
[T2depth] t=21.7480 id=1632 src=motion2 u=571.0 v=139.0 depth=0.0220 depth2=-1.0000 track=2 sf=9 flag=ok
[T2depth] t=21.7480 id=1634 src=stereo u=374.1 v=210.9 depth=4.0119 depth2=-1.0000 track=1 sf=10 flag=ok
[T2depth] t=21.7480 id=1639 src=stereo u=391.0 v=23.0 depth=3.5707 depth2=-1.0000 track=1 sf=10 flag=ok
[T2gate] t=21.7480 tri=36 rej=0 xrej=0 init_replace=1 gate=0
[T2slv] t=21.7480 phase=1 init_cost=107.14 final_cost=105.57 iters=9 term=1 slv_ms=17.7
[T2diag] t=21.7480 P=[-0.0147 0.0014 0.0024] V=[-0.0076 0.0013 0.0019] |Bas|=0.077446 |Bgs|=0.0005351 Bas=[-0.073676 -0.023745 -0.002442] Bgs=[-0.0001362 -0.0003738 0.0003577] tic0=[0.1200 0.0500 -0.0200] tic1=[0.1200 -0.0500 -0.0200] td=0.00000 track=144
[E2uls] flag=1 sh_t=21.812 new_t=21.812 dP=[-0.0017 -0.0016 0.0012] |dP|=0.0026 first_dt=-1.0000
time: 21.748000, t: -0.014676 0.001389 0.002384 q: 0.999987 0.000146 -0.005123 0.000246 
[T2depth] t=21.8480 id=1636 src=motion2 u=546.0 v=97.0 depth=0.1395 depth2=-1.0000 track=2 sf=9 flag=ok
[T2depth] t=21.8480 id=1644 src=stereo u=323.9 v=168.3 depth=30.2835 depth2=-1.0000 track=1 sf=10 flag=ok
[T2depth] t=21.8480 id=1645 src=stereo u=256.0 v=182.0 depth=5.0000 depth2=-1.0000 track=1 sf=10 flag=init_neg
[T2depth] t=21.8480 id=1649 src=stereo u=229.0 v=150.0 depth=42.2230 depth2=-1.0000 track=1 sf=10 flag=ok
[T2gate] t=21.8480 tri=39 rej=0 xrej=0 init_replace=1 gate=0
[T2slv] t=21.8480 phase=1 init_cost=106.923 final_cost=105.306 iters=9 term=1 slv_ms=14.5
[T2diag] t=21.8480 P=[-0.0116 0.0039 0.0011] V=[-0.0153 -0.0015 -0.0093] |Bas|=0.083439 |Bgs|=0.0005929 Bas=[-0.080488 -0.021916 -0.001857] Bgs=[-0.0001434 -0.0003536 0.0004538] tic0=[0.1200 0.0500 -0.0200] tic1=[0.1200 -0.0500 -0.0200] td=0.00000 track=140
[E2uls] flag=1 sh_t=21.904 new_t=21.904 dP=[-0.0036 -0.0022 0.0015] |dP|=0.0045 first_dt=-1.0000
time: 21.848000, t: -0.011645 0.003897 0.001070 q: 0.999983 -0.000085 -0.005845 -0.000179 
[T2xcross] t=21.9480 id=1634 est=4.0119 svd=0.3366 rel=0.9161 track=2 sf=9
[T2depth] t=21.9480 id=1640 src=motion2 u=631.3 v=186.8 depth=1.1110 depth2=-1.0000 track=2 sf=9 flag=ok
[T2depth] t=21.9480 id=1641 src=motion2 u=604.1 v=208.0 depth=5.0000 depth2=-1.0000 track=2 sf=9 flag=init_neg
[T2depth] t=21.9480 id=1643 src=motion2 u=491.1 v=221.8 depth=0.0557 depth2=-1.0000 track=2 sf=9 flag=ok
[T2depth] t=21.9480 id=1647 src=motion2 u=359.0 v=95.0 depth=0.0230 depth2=-1.0000 track=2 sf=9 flag=ok
[T2xcross] t=21.9480 id=1649 est=42.2230 svd=0.0910 rel=0.9978 track=2 sf=9
[T2depth] t=21.9480 id=1657 src=stereo u=411.0 v=173.0 depth=3.9215 depth2=-1.0000 track=1 sf=10 flag=ok
[T2gate] t=21.9480 tri=46 rej=0 xrej=0 init_replace=1 gate=0
[T2slv] t=21.9480 phase=1 init_cost=108.771 final_cost=105.836 iters=9 term=1 slv_ms=17.4
[T2diag] t=21.9480 P=[-0.0110 0.0049 0.0011] V=[-0.0003 0.0080 -0.0109] |Bas|=0.086819 |Bgs|=0.0006380 Bas=[-0.083875 -0.022347 -0.001764] Bgs=[-0.0001394 -0.0004081 0.0004702] tic0=[0.1200 0.0500 -0.0200] tic1=[0.1200 -0.0500 -0.0200] td=0.00000 track=136
[E2uls] flag=1 sh_t=21.992 new_t=21.992 dP=[-0.0035 -0.0016 -0.0011] |dP|=0.0040 first_dt=-1.0000
time: 21.948000, t: -0.010950 0.004887 0.001079 q: 0.999982 -0.000389 -0.005942 -0.000472 
[T2depth] t=22.0480 id=1652 src=motion2 u=74.0 v=189.9 depth=0.0801 depth2=-1.0000 track=2 sf=9 flag=ok
[T2depth] t=22.0480 id=1655 src=motion2 u=127.0 v=109.0 depth=5.0000 depth2=-1.0000 track=2 sf=9 flag=init_neg
[T2depth] t=22.0480 id=1656 src=motion2 u=208.0 v=111.0 depth=0.1742 depth2=-1.0000 track=2 sf=9 flag=ok
[T2depth] t=22.0480 id=1659 src=motion2 u=161.0 v=25.0 depth=5.0000 depth2=-1.0000 track=2 sf=9 flag=init_neg
[T2depth] t=22.0480 id=1660 src=motion2 u=304.0 v=24.0 depth=0.1125 depth2=-1.0000 track=2 sf=9 flag=ok
[T2depth] t=22.0480 id=1665 src=motion2 u=497.0 v=5.0 depth=5.0000 depth2=-1.0000 track=2 sf=9 flag=init_neg
[T2depth] t=22.0480 id=1666 src=motion2 u=511.0 v=140.0 depth=5.0000 depth2=-1.0000 track=2 sf=9 flag=init_neg
[T2depth] t=22.0480 id=1668 src=stereo u=122.9 v=150.6 depth=5.0000 depth2=-1.0000 track=1 sf=10 flag=init_neg
[T2depth] t=22.0480 id=1679 src=stereo u=491.0 v=166.0 depth=4.2178 depth2=-1.0000 track=1 sf=10 flag=ok
[T2gate] t=22.0480 tri=48 rej=0 xrej=0 init_replace=5 gate=0
[T2slv] t=22.0480 phase=1 init_cost=110.409 final_cost=106.354 iters=9 term=1 slv_ms=10.2
[T2diag] t=22.0480 P=[-0.0109 0.0050 0.0022] V=[0.0033 0.0104 0.0045] |Bas|=0.083806 |Bgs|=0.0006229 Bas=[-0.081237 -0.020385 -0.002888] Bgs=[-0.0001409 -0.0004256 0.0004324] tic0=[0.1200 0.0500 -0.0200] tic1=[0.1200 -0.0500 -0.0200] td=0.00000 track=140
[E2uls] flag=1 sh_t=22.096 new_t=22.096 dP=[-0.0007 0.0015 -0.0033] |dP|=0.0037 first_dt=-1.0000
time: 22.048000, t: -0.010853 0.004967 0.002179 q: 0.999984 -0.000329 -0.005527 -0.000589 
[T2xcross] t=22.1480 id=1643 est=0.0557 svd=0.1661 rel=0.6644 track=2 sf=9
[T2xcross] t=22.1480 id=1652 est=0.0801 svd=0.0476 rel=0.4063 track=2 sf=9
[T2xcross] t=22.1480 id=1668 est=5.0000 svd=0.0059 rel=0.9988 track=2 sf=9
[T2depth] t=22.1480 id=1669 src=motion2 u=217.0 v=52.6 depth=5.0000 depth2=-1.0000 track=2 sf=9 flag=init_neg
[T2depth] t=22.1480 id=1673 src=motion2 u=612.0 v=74.0 depth=5.0000 depth2=-1.0000 track=2 sf=9 flag=init_neg
[T2depth] t=22.1480 id=1675 src=motion2 u=538.0 v=51.0 depth=5.0000 depth2=-1.0000 track=2 sf=9 flag=init_neg
[T2depth] t=22.1480 id=1680 src=motion2 u=528.0 v=181.0 depth=3.4579 depth2=-1.0000 track=2 sf=9 flag=ok
[T2depth] t=22.1480 id=1683 src=stereo u=564.0 v=69.1 depth=5.0000 depth2=-1.0000 track=1 sf=10 flag=init_neg
[T2depth] t=22.1480 id=1686 src=stereo u=484.9 v=58.0 depth=3.9082 depth2=-1.0000 track=1 sf=10 flag=ok
[T2depth] t=22.1480 id=1687 src=stereo u=426.3 v=153.7 depth=3.4075 depth2=-1.0000 track=1 sf=10 flag=ok
[T2depth] t=22.1480 id=1691 src=stereo u=445.0 v=207.0 depth=3.8939 depth2=-1.0000 track=1 sf=10 flag=ok
[T2gate] t=22.1480 tri=45 rej=0 xrej=0 init_replace=4 gate=0
[T2slv] t=22.1480 phase=1 init_cost=106.046 final_cost=103.015 iters=9 term=1 slv_ms=15.3
[T2diag] t=22.1480 P=[-0.0135 0.0048 0.0023] V=[-0.0081 0.0004 0.0034] |Bas|=0.080024 |Bgs|=0.0005729 Bas=[-0.078313 -0.016198 -0.002939] Bgs=[-0.0001577 -0.0003859 0.0003930] tic0=[0.1200 0.0500 -0.0200] tic1=[0.1200 -0.0500 -0.0200] td=0.00000 track=138
[E2uls] flag=1 sh_t=22.200 new_t=22.200 dP=[0.0044 0.0024 0.0003] |dP|=0.0050 first_dt=-1.0000
time: 22.148000, t: -0.013532 0.004792 0.002343 q: 0.999985 -0.000436 -0.005434 -0.000276 
[T2depth] t=22.2480 id=1682 src=motion2 u=14.3 v=30.1 depth=6.3560 depth2=-1.0000 track=2 sf=9 flag=ok
[T2depth] t=22.2480 id=1688 src=motion2 u=295.0 v=106.0 depth=5.0000 depth2=-1.0000 track=2 sf=9 flag=init_neg
[T2depth] t=22.2480 id=1692 src=motion2 u=597.0 v=187.0 depth=5.0000 depth2=-1.0000 track=2 sf=9 flag=init_neg
[T2depth] t=22.2480 id=1693 src=motion2 u=282.0 v=218.0 depth=5.0000 depth2=-1.0000 track=2 sf=9 flag=init_neg
[T2depth] t=22.2480 id=1696 src=stereo u=49.8 v=165.4 depth=5.0000 depth2=-1.0000 track=1 sf=10 flag=init_neg
[T2depth] t=22.2480 id=1699 src=stereo u=402.5 v=7.9 depth=3.8778 depth2=-1.0000 track=1 sf=10 flag=ok
[T2depth] t=22.2480 id=1701 src=stereo u=250.2 v=125.6 depth=33.0359 depth2=-1.0000 track=1 sf=10 flag=ok
[T2depth] t=22.2480 id=1705 src=stereo u=518.0 v=105.0 depth=3.8127 depth2=-1.0000 track=1 sf=10 flag=ok
[T2depth] t=22.2480 id=1707 src=stereo u=411.0 v=193.0 depth=3.5940 depth2=-1.0000 track=1 sf=10 flag=ok
[T2gate] t=22.2480 tri=48 rej=0 xrej=0 init_replace=4 gate=0
[T2slv] t=22.2480 phase=1 init_cost=104.772 final_cost=103.285 iters=9 term=1 slv_ms=16.4
[T2diag] t=22.2480 P=[-0.0136 0.0040 0.0018] V=[-0.0005 0.0003 -0.0060] |Bas|=0.081203 |Bgs|=0.0005777 Bas=[-0.079433 -0.016729 -0.002095] Bgs=[-0.0001624 -0.0003976 0.0003864] tic0=[0.1200 0.0500 -0.0200] tic1=[0.1200 -0.0500 -0.0200] td=0.00000 track=135
[E2uls] flag=1 sh_t=22.288 new_t=22.288 dP=[-0.0012 0.0008 0.0015] |dP|=0.0020 first_dt=-1.0000
time: 22.248000, t: -0.013556 0.004035 0.001846 q: 0.999984 -0.000561 -0.005547 -0.000267 
[T2xcross] t=22.3480 id=1691 est=3.8939 svd=0.1129 rel=0.9710 track=2 sf=9
[T2depth] t=22.3480 id=1694 src=motion2 u=150.1 v=243.0 depth=0.0027 depth2=-1.0000 track=2 sf=9 flag=ok
[T2depth] t=22.3480 id=1695 src=motion2 u=127.9 v=37.7 depth=0.1507 depth2=-1.0000 track=2 sf=9 flag=ok
[T2depth] t=22.3480 id=1698 src=motion2 u=36.1 v=128.4 depth=5.0000 depth2=-1.0000 track=2 sf=9 flag=init_neg
[T2depth] t=22.3480 id=1704 src=motion2 u=541.0 v=246.0 depth=5.0000 depth2=-1.0000 track=2 sf=9 flag=init_neg
[T2xcross] t=22.3480 id=1707 est=3.5940 svd=0.6954 rel=0.8065 track=2 sf=9
[T2depth] t=22.3480 id=1708 src=motion2 u=16.0 v=102.0 depth=0.0635 depth2=-1.0000 track=2 sf=9 flag=ok
[T2depth] t=22.3480 id=1719 src=stereo u=324.0 v=86.0 depth=5.0000 depth2=-1.0000 track=1 sf=10 flag=init_neg
[T2depth] t=22.3480 id=1720 src=stereo u=401.0 v=97.0 depth=3.6762 depth2=-1.0000 track=1 sf=10 flag=ok
[T2gate] t=22.3480 tri=47 rej=0 xrej=0 init_replace=3 gate=0
[T2slv] t=22.3480 phase=1 init_cost=107.054 final_cost=104.181 iters=9 term=1 slv_ms=16.4
[T2diag] t=22.3480 P=[-0.0118 0.0038 0.0022] V=[-0.0030 -0.0030 0.0048] |Bas|=0.078499 |Bgs|=0.0005903 Bas=[-0.077296 -0.013367 -0.002967] Bgs=[-0.0001776 -0.0003892 0.0004067] tic0=[0.1200 0.0500 -0.0200] tic1=[0.1200 -0.0500 -0.0200] td=0.00000 track=138
[E2uls] flag=1 sh_t=22.404 new_t=22.404 dP=[-0.0015 0.0006 -0.0023] |dP|=0.0028 first_dt=-1.0000
time: 22.348000, t: -0.011771 0.003820 0.002190 q: 0.999986 -0.000741 -0.005307 -0.000292 
[T2xcross] t=22.4520 id=1698 est=5.0000 svd=0.1205 rel=0.9759 track=2 sf=9
[T2depth] t=22.4520 id=1714 src=motion2 u=620.0 v=13.0 depth=0.0229 depth2=-1.0000 track=2 sf=9 flag=ok
[T2depth] t=22.4520 id=1715 src=motion2 u=353.0 v=110.0 depth=5.0000 depth2=-1.0000 track=2 sf=9 flag=init_neg
[T2depth] t=22.4520 id=1717 src=motion2 u=217.0 v=206.0 depth=0.0159 depth2=-1.0000 track=2 sf=9 flag=ok
[T2xcross] t=22.4520 id=1719 est=5.0000 svd=0.0470 rel=0.9906 track=2 sf=9
[T2xcross] t=22.4520 id=1720 est=3.6762 svd=0.1745 rel=0.9525 track=2 sf=9
[T2depth] t=22.4520 id=1722 src=motion2 u=141.0 v=192.0 depth=5.0000 depth2=-1.0000 track=2 sf=9 flag=init_neg
[T2depth] t=22.4520 id=1724 src=motion2 u=366.0 v=82.0 depth=0.5422 depth2=-1.0000 track=2 sf=9 flag=ok
[T2depth] t=22.4520 id=1727 src=stereo u=271.1 v=165.2 depth=5.0000 depth2=-1.0000 track=1 sf=10 flag=init_neg
[T2depth] t=22.4520 id=1734 src=stereo u=511.1 v=256.0 depth=1.6934 depth2=-1.0000 track=1 sf=10 flag=ok
[T2depth] t=22.4520 id=1737 src=stereo u=580.0 v=82.0 depth=5.0000 depth2=-1.0000 track=1 sf=10 flag=init_neg
[T2depth] t=22.4520 id=1738 src=stereo u=43.0 v=164.0 depth=5.0000 depth2=-1.0000 track=1 sf=10 flag=init_neg
[T2depth] t=22.4520 id=1741 src=stereo u=492.0 v=163.0 depth=3.9820 depth2=-1.0000 track=1 sf=10 flag=ok
[T2gate] t=22.4520 tri=47 rej=0 xrej=0 init_replace=5 gate=0
[T2slv] t=22.4520 phase=1 init_cost=103.166 final_cost=101.76 iters=9 term=1 slv_ms=5.7
[T2diag] t=22.4520 P=[-0.0140 0.0040 0.0030] V=[-0.0072 -0.0004 0.0089] |Bas|=0.075585 |Bgs|=0.0005856 Bas=[-0.074859 -0.009952 -0.003193] Bgs=[-0.0001820 -0.0003689 0.0004168] tic0=[0.1200 0.0500 -0.0200] tic1=[0.1200 -0.0500 -0.0200] td=0.00000 track=138
[E2uls] flag=1 sh_t=22.496 new_t=22.496 dP=[0.0022 -0.0001 -0.0002] |dP|=0.0022 first_dt=-1.0000
time: 22.452000, t: -0.013951 0.003951 0.002967 q: 0.999987 -0.000952 -0.004981 -0.000189 
[T2xcross] t=22.5840 id=1724 est=0.5422 svd=0.1309 rel=0.7585 track=2 sf=9
[T2xcross] t=22.5840 id=1727 est=5.0000 svd=0.2442 rel=0.9512 track=2 sf=9
[T2depth] t=22.5840 id=1731 src=motion2 u=545.0 v=174.7 depth=0.9149 depth2=-1.0000 track=2 sf=9 flag=ok
[T2depth] t=22.5840 id=1732 src=motion2 u=333.1 v=208.5 depth=0.2113 depth2=-1.0000 track=2 sf=9 flag=ok
[T2xcross] t=22.5840 id=1734 est=1.6934 svd=0.6469 rel=0.6180 track=2 sf=9
[T2depth] t=22.5840 id=1736 src=motion2 u=137.0 v=56.0 depth=0.1130 depth2=-1.0000 track=2 sf=9 flag=ok
[T2depth] t=22.5840 id=1739 src=motion2 u=521.0 v=84.0 depth=5.0000 depth2=-1.0000 track=2 sf=9 flag=init_neg
[T2depth] t=22.5840 id=1740 src=motion2 u=215.0 v=27.0 depth=0.3518 depth2=-1.0000 track=2 sf=9 flag=ok
[T2depth] t=22.5840 id=1742 src=stereo u=271.1 v=51.4 depth=45.6393 depth2=-1.0000 track=1 sf=10 flag=ok
[T2gate] t=22.5840 tri=42 rej=0 xrej=0 init_replace=1 gate=0
[T2slv] t=22.5840 phase=1 init_cost=102.791 final_cost=101.826 iters=9 term=1 slv_ms=5.4
[T2diag] t=22.5840 P=[-0.0142 0.0038 0.0038] V=[-0.0011 0.0005 0.0070] |Bas|=0.074976 |Bgs|=0.0005962 Bas=[-0.074393 -0.008904 -0.002799] Bgs=[-0.0001946 -0.0003623 0.0004316] tic0=[0.1200 0.0500 -0.0200] tic1=[0.1200 -0.0500 -0.0200] td=0.00000 track=140
[E2uls] flag=1 sh_t=22.612 new_t=22.612 dP=[-0.0009 0.0007 0.0010] |dP|=0.0015 first_dt=-1.0000
time: 22.584000, t: -0.014204 0.003790 0.003785 q: 0.999988 -0.001068 -0.004744 -0.000169 
[T2xcross] t=22.6840 id=1704 est=5.0000 svd=0.1849 rel=0.9630 track=2 sf=9
[T2xcross] t=22.6840 id=1738 est=5.0000 svd=0.0033 rel=0.9993 track=2 sf=9
[T2depth] t=22.6840 id=1744 src=motion2 u=109.3 v=208.3 depth=0.0962 depth2=-1.0000 track=2 sf=9 flag=ok
[T2depth] t=22.6840 id=1746 src=motion2 u=445.0 v=147.0 depth=5.0000 depth2=-1.0000 track=2 sf=9 flag=init_neg
[T2depth] t=22.6840 id=1748 src=motion2 u=72.0 v=114.0 depth=5.0000 depth2=-1.0000 track=2 sf=9 flag=init_neg
[T2depth] t=22.6840 id=1750 src=motion2 u=97.0 v=43.0 depth=0.0021 depth2=-1.0000 track=2 sf=9 flag=ok
[T2depth] t=22.6840 id=1751 src=motion2 u=177.0 v=160.0 depth=0.0547 depth2=-1.0000 track=2 sf=9 flag=ok
[T2depth] t=22.6840 id=1754 src=stereo u=589.1 v=161.0 depth=28.3589 depth2=-1.0000 track=1 sf=10 flag=ok
[T2depth] t=22.6840 id=1756 src=stereo u=210.3 v=126.4 depth=5.0000 depth2=-1.0000 track=1 sf=10 flag=init_neg
[T2depth] t=22.6840 id=1760 src=stereo u=485.0 v=164.0 depth=3.9014 depth2=-1.0000 track=1 sf=10 flag=ok
[T2depth] t=22.6840 id=1763 src=stereo u=99.0 v=90.0 depth=24.0293 depth2=-1.0000 track=1 sf=10 flag=ok
[T2depth] t=22.6840 id=1764 src=stereo u=295.0 v=120.0 depth=5.0000 depth2=-1.0000 track=1 sf=10 flag=init_neg
[T2gate] t=22.6840 tri=44 rej=0 xrej=0 init_replace=4 gate=0
[T2slv] t=22.6840 phase=1 init_cost=102.236 final_cost=101.458 iters=9 term=1 slv_ms=11.0
[T2diag] t=22.6840 P=[-0.0148 0.0040 0.0035] V=[-0.0126 0.0018 0.0059] |Bas|=0.073969 |Bgs|=0.0005811 Bas=[-0.073594 -0.006906 -0.002772] Bgs=[-0.0001964 -0.0003266 0.0004386] tic0=[0.1200 0.0500 -0.0200] tic1=[0.1200 -0.0500 -0.0200] td=0.00000 track=140
[E2uls] flag=1 sh_t=22.736 new_t=22.736 dP=[0.0013 -0.0004 0.0013] |dP|=0.0019 first_dt=-1.0000
time: 22.684000, t: -0.014826 0.003976 0.003530 q: 0.999988 -0.001152 -0.004762 -0.000173 
[T2xcross] t=22.8200 id=985 est=0.2490 svd=5.3375 rel=0.9533 track=2 sf=9
[T2depth] t=22.8200 id=1758 src=motion2 u=114.0 v=152.0 depth=5.0000 depth2=-1.0000 track=2 sf=9 flag=init_neg
[T2depth] t=22.8200 id=1762 src=motion2 u=213.0 v=168.0 depth=5.0000 depth2=-1.0000 track=2 sf=9 flag=init_neg
[T2xcross] t=22.8200 id=1764 est=5.0000 svd=0.3388 rel=0.9322 track=2 sf=9
[T2depth] t=22.8200 id=1769 src=stereo u=375.0 v=4.0 depth=3.5551 depth2=-1.0000 track=1 sf=10 flag=ok
[T2depth] t=22.8200 id=1770 src=stereo u=501.0 v=105.0 depth=4.1524 depth2=-1.0000 track=1 sf=10 flag=ok
[T2depth] t=22.8200 id=1772 src=stereo u=410.0 v=11.0 depth=3.8910 depth2=-1.0000 track=1 sf=10 flag=ok
[T2gate] t=22.8200 tri=41 rej=0 xrej=0 init_replace=2 gate=0
[T2slv] t=22.8200 phase=1 init_cost=100.864 final_cost=99.6675 iters=9 term=1 slv_ms=11.9
[T2diag] t=22.8200 P=[-0.0177 0.0023 0.0041] V=[-0.0097 0.0014 0.0049] |Bas|=0.070861 |Bgs|=0.0005453 Bas=[-0.070581 -0.005732 -0.002619] Bgs=[-0.0002118 -0.0003311 0.0003779] tic0=[0.1200 0.0500 -0.0200] tic1=[0.1200 -0.0500 -0.0200] td=0.00000 track=139
[E2uls] flag=1 sh_t=22.888 new_t=22.888 dP=[-0.0006 0.0022 0.0010] |dP|=0.0025 first_dt=-1.0000
time: 22.820000, t: -0.017671 0.002296 0.004078 q: 0.999989 -0.001097 -0.004461 0.000264 
[T2depth] t=22.9200 id=1767 src=motion2 u=538.9 v=58.2 depth=0.0594 depth2=-1.0000 track=2 sf=9 flag=ok
[T2depth] t=22.9200 id=1768 src=motion2 u=607.0 v=157.0 depth=1.6808 depth2=-1.0000 track=2 sf=9 flag=ok
[T2depth] t=22.9200 id=1771 src=motion2 u=134.0 v=92.0 depth=3.8575 depth2=-1.0000 track=2 sf=9 flag=ok
[T2xcross] t=22.9200 id=1772 est=3.8910 svd=0.0601 rel=0.9845 track=2 sf=9
[T2depth] t=22.9200 id=1773 src=motion2 u=406.0 v=128.0 depth=0.1755 depth2=-1.0000 track=2 sf=9 flag=ok
[T2depth] t=22.9200 id=1774 src=motion2 u=626.0 v=77.0 depth=5.0000 depth2=-1.0000 track=2 sf=9 flag=init_neg
[T2depth] t=22.9200 id=1777 src=motion2 u=139.0 v=6.0 depth=0.0943 depth2=-1.0000 track=2 sf=9 flag=ok
[T2depth] t=22.9200 id=1783 src=stereo u=539.9 v=204.7 depth=3.5709 depth2=-1.0000 track=1 sf=10 flag=ok
[T2depth] t=22.9200 id=1786 src=stereo u=385.0 v=50.0 depth=3.2692 depth2=-1.0000 track=1 sf=10 flag=ok
[T2depth] t=22.9200 id=1787 src=stereo u=210.0 v=42.0 depth=5.0000 depth2=-1.0000 track=1 sf=10 flag=init_neg
[T2gate] t=22.9200 tri=44 rej=0 xrej=0 init_replace=2 gate=0
[T2slv] t=22.9200 phase=1 init_cost=103.438 final_cost=101.815 iters=9 term=1 slv_ms=13.4
[T2diag] t=22.9200 P=[-0.0161 0.0019 0.0034] V=[-0.0083 0.0031 0.0020] |Bas|=0.072464 |Bgs|=0.0005432 Bas=[-0.071788 -0.009560 -0.002462] Bgs=[-0.0002038 -0.0003218 0.0003872] tic0=[0.1200 0.0500 -0.0200] tic1=[0.1200 -0.0500 -0.0200] td=0.00000 track=139
[E2uls] flag=1 sh_t=22.988 new_t=22.988 dP=[-0.0034 0.0005 0.0014] |dP|=0.0037 first_dt=-1.0000
time: 22.920000, t: -0.016107 0.001903 0.003408 q: 0.999989 -0.000989 -0.004545 0.000116 
[T2depth] t=23.0200 id=1778 src=motion2 u=65.9 v=133.5 depth=5.0000 depth2=-1.0000 track=2 sf=9 flag=init_neg
[T2depth] t=23.0200 id=1779 src=motion2 u=306.0 v=54.3 depth=0.2493 depth2=-1.0000 track=2 sf=9 flag=ok
[T2depth] t=23.0200 id=1780 src=motion2 u=264.5 v=227.1 depth=5.0000 depth2=-1.0000 track=2 sf=9 flag=init_neg
[T2depth] t=23.0200 id=1785 src=motion2 u=42.0 v=88.0 depth=0.1972 depth2=-1.0000 track=2 sf=9 flag=ok
[T2xcross] t=23.0200 id=1786 est=3.2692 svd=0.0200 rel=0.9939 track=2 sf=9
[T2depth] t=23.0200 id=1788 src=motion2 u=139.0 v=166.0 depth=5.0000 depth2=-1.0000 track=2 sf=9 flag=init_neg
[T2depth] t=23.0200 id=1790 src=motion2 u=117.0 v=245.0 depth=5.0000 depth2=-1.0000 track=2 sf=9 flag=init_neg
[T2depth] t=23.0200 id=1791 src=motion2 u=269.0 v=137.0 depth=5.0000 depth2=-1.0000 track=2 sf=9 flag=init_neg
[T2depth] t=23.0200 id=1792 src=stereo u=165.0 v=73.3 depth=38.3554 depth2=-1.0000 track=1 sf=10 flag=ok
[T2depth] t=23.0200 id=1794 src=stereo u=117.2 v=53.0 depth=5.0000 depth2=-1.0000 track=1 sf=10 flag=init_neg
[T2depth] t=23.0200 id=1795 src=stereo u=388.6 v=209.3 depth=4.0882 depth2=-1.0000 track=1 sf=10 flag=ok
[T2depth] t=23.0200 id=1796 src=stereo u=414.3 v=187.1 depth=3.6457 depth2=-1.0000 track=1 sf=10 flag=ok
[T2gate] t=23.0200 tri=42 rej=0 xrej=0 init_replace=6 gate=0
[T2slv] t=23.0200 phase=1 init_cost=106.999 final_cost=104.227 iters=9 term=1 slv_ms=11.2
[T2diag] t=23.0200 P=[-0.0139 0.0030 0.0032] V=[-0.0227 -0.0016 0.0042] |Bas|=0.074947 |Bgs|=0.0005847 Bas=[-0.074491 -0.007819 -0.002632] Bgs=[-0.0002120 -0.0002945 0.0004585] tic0=[0.1200 0.0500 -0.0200] tic1=[0.1200 -0.0500 -0.0200] td=0.00000 track=141
[E2uls] flag=1 sh_t=23.076 new_t=23.076 dP=[-0.0029 0.0003 0.0001] |dP|=0.0029 first_dt=-1.0000
time: 23.020000, t: -0.013891 0.002997 0.003222 q: 0.999988 -0.001030 -0.004849 -0.000110 
[T2depth] t=23.1480 id=1793 src=motion2 u=313.1 v=125.9 depth=5.0000 depth2=-1.0000 track=2 sf=9 flag=init_neg
[T2depth] t=23.1480 id=1798 src=motion2 u=583.0 v=130.0 depth=5.0000 depth2=-1.0000 track=2 sf=9 flag=init_neg
[T2depth] t=23.1480 id=1799 src=motion2 u=510.0 v=134.0 depth=0.1979 depth2=-1.0000 track=2 sf=9 flag=ok
[T2depth] t=23.1480 id=1800 src=motion2 u=358.0 v=85.0 depth=1.8244 depth2=-1.0000 track=2 sf=9 flag=ok
[T2depth] t=23.1480 id=1813 src=stereo u=276.0 v=148.0 depth=27.5804 depth2=-1.0000 track=1 sf=10 flag=ok
[T2gate] t=23.1480 tri=43 rej=0 xrej=0 init_replace=2 gate=0
[T2slv] t=23.1480 phase=1 init_cost=105.259 final_cost=103.231 iters=5 term=0 slv_ms=6.4
[T2diag] t=23.1480 P=[-0.0163 0.0029 0.0041] V=[-0.0161 0.0043 0.0063] |Bas|=0.073437 |Bgs|=0.0005799 Bas=[-0.073178 -0.005463 -0.002848] Bgs=[-0.0002091 -0.0003055 0.0004464] tic0=[0.1200 0.0500 -0.0200] tic1=[0.1200 -0.0500 -0.0200] td=0.00000 track=137
[E2uls] flag=1 sh_t=23.180 new_t=23.180 dP=[-0.0011 0.0001 -0.0005] |dP|=0.0012 first_dt=-1.0000
time: 23.148000, t: -0.016252 0.002883 0.004074 q: 0.999989 -0.001029 -0.004626 0.000056 
[T2xcross] t=23.2480 id=1798 est=5.0000 svd=0.2343 rel=0.9531 track=2 sf=9
[T2depth] t=23.2480 id=1804 src=motion2 u=528.6 v=81.2 depth=5.0000 depth2=-1.0000 track=2 sf=9 flag=init_neg
[T2depth] t=23.2480 id=1809 src=motion2 u=29.0 v=322.0 depth=5.0000 depth2=-1.0000 track=2 sf=9 flag=init_neg
[T2depth] t=23.2480 id=1814 src=motion2 u=217.0 v=119.0 depth=0.0185 depth2=-1.0000 track=2 sf=9 flag=ok
[T2depth] t=23.2480 id=1815 src=motion2 u=553.0 v=113.0 depth=5.0000 depth2=-1.0000 track=2 sf=9 flag=init_neg
[T2depth] t=23.2480 id=1816 src=motion2 u=240.0 v=209.0 depth=5.0000 depth2=-1.0000 track=2 sf=9 flag=init_neg
[T2depth] t=23.2480 id=1817 src=motion2 u=338.0 v=159.0 depth=0.1427 depth2=-1.0000 track=2 sf=9 flag=ok
[T2depth] t=23.2480 id=1818 src=motion2 u=155.0 v=234.0 depth=5.0000 depth2=-1.0000 track=2 sf=9 flag=init_neg
[T2depth] t=23.2480 id=1822 src=stereo u=150.5 v=196.2 depth=45.2691 depth2=-1.0000 track=1 sf=10 flag=ok
[T2depth] t=23.2480 id=1827 src=stereo u=231.3 v=162.0 depth=45.7673 depth2=-1.0000 track=1 sf=10 flag=ok
[T2depth] t=23.2480 id=1829 src=stereo u=552.0 v=29.0 depth=5.0000 depth2=-1.0000 track=1 sf=10 flag=init_neg
[T2depth] t=23.2480 id=1835 src=stereo u=356.0 v=189.0 depth=4.2072 depth2=-1.0000 track=1 sf=10 flag=ok
[T2gate] t=23.2480 tri=50 rej=0 xrej=0 init_replace=6 gate=0
[T2slv] t=23.2480 phase=1 init_cost=101.026 final_cost=98.9727 iters=9 term=1 slv_ms=15.3
[T2diag] t=23.2480 P=[-0.0190 0.0007 0.0045] V=[-0.0200 -0.0023 0.0039] |Bas|=0.070859 |Bgs|=0.0005380 Bas=[-0.070793 -0.001249 -0.002777] Bgs=[-0.0002366 -0.0003046 0.0003750] tic0=[0.1200 0.0500 -0.0200] tic1=[0.1200 -0.0500 -0.0200] td=0.00000 track=137
[E2uls] flag=1 sh_t=23.304 new_t=23.304 dP=[0.0001 0.0035 0.0003] |dP|=0.0035 first_dt=-1.0000
time: 23.248000, t: -0.018995 0.000691 0.004492 q: 0.999989 -0.000984 -0.004517 0.000792 
[T2xcross] t=23.3480 id=1790 est=5.0000 svd=2.5741 rel=0.4852 track=2 sf=9
[T2depth] t=23.3480 id=1820 src=motion2 u=620.8 v=76.9 depth=1.1081 depth2=-1.0000 track=2 sf=9 flag=ok
[T2depth] t=23.3480 id=1821 src=motion2 u=282.6 v=215.7 depth=5.0000 depth2=-1.0000 track=2 sf=9 flag=init_neg
[T2depth] t=23.3480 id=1826 src=motion2 u=145.1 v=265.0 depth=5.0000 depth2=-1.0000 track=2 sf=9 flag=init_neg
[T2xcross] t=23.3480 id=1827 est=45.7673 svd=0.0185 rel=0.9996 track=2 sf=9
[T2depth] t=23.3480 id=1828 src=motion2 u=82.0 v=36.0 depth=5.0000 depth2=-1.0000 track=2 sf=9 flag=init_neg
[T2depth] t=23.3480 id=1830 src=motion2 u=531.0 v=141.0 depth=0.4267 depth2=-1.0000 track=2 sf=9 flag=ok
[T2depth] t=23.3480 id=1837 src=stereo u=384.8 v=95.4 depth=4.4151 depth2=-1.0000 track=1 sf=10 flag=ok
[T2depth] t=23.3480 id=1845 src=stereo u=263.0 v=66.0 depth=5.0000 depth2=-1.0000 track=1 sf=10 flag=init_neg
[T2gate] t=23.3480 tri=46 rej=0 xrej=0 init_replace=4 gate=0
[T2slv] t=23.3480 phase=1 init_cost=102.276 final_cost=99.871 iters=9 term=1 slv_ms=18.7
[T2diag] t=23.3480 P=[-0.0188 0.0004 0.0043] V=[-0.0113 0.0006 0.0012] |Bas|=0.068574 |Bgs|=0.0005398 Bas=[-0.068509 -0.001106 -0.002773] Bgs=[-0.0002256 -0.0003115 0.0003788] tic0=[0.1200 0.0500 -0.0200] tic1=[0.1200 -0.0500 -0.0200] td=0.00000 track=138
[E2uls] flag=1 sh_t=23.412 new_t=23.412 dP=[-0.0036 -0.0005 0.0006] |dP|=0.0037 first_dt=-1.0000
time: 23.348000, t: -0.018775 0.000370 0.004329 q: 0.999990 -0.000995 -0.004334 0.000793 
[T2xcross] t=23.4480 id=1804 est=5.0000 svd=0.0833 rel=0.9833 track=2 sf=9
[T2xcross] t=23.4480 id=1835 est=4.2072 svd=0.0181 rel=0.9957 track=2 sf=9
[T2xcross] t=23.4480 id=1837 est=4.4151 svd=0.0334 rel=0.9924 track=2 sf=9
[T2depth] t=23.4480 id=1843 src=motion2 u=9.1 v=123.2 depth=5.0000 depth2=-1.0000 track=2 sf=9 flag=init_neg
[T2depth] t=23.4480 id=1846 src=motion2 u=232.0 v=86.0 depth=5.0000 depth2=-1.0000 track=2 sf=9 flag=init_neg
[T2depth] t=23.4480 id=1851 src=motion2 u=31.0 v=208.0 depth=0.1397 depth2=-1.0000 track=2 sf=9 flag=ok
[T2depth] t=23.4480 id=1853 src=stereo u=151.9 v=50.4 depth=5.0000 depth2=-1.0000 track=1 sf=10 flag=init_neg
[T2depth] t=23.4480 id=1861 src=stereo u=515.0 v=200.0 depth=3.5679 depth2=-1.0000 track=1 sf=10 flag=ok
[T2depth] t=23.4480 id=1865 src=stereo u=464.0 v=195.0 depth=3.7296 depth2=-1.0000 track=1 sf=10 flag=ok
[T2gate] t=23.4480 tri=48 rej=0 xrej=0 init_replace=3 gate=0
[T2slv] t=23.4480 phase=1 init_cost=100.925 final_cost=97.8977 iters=9 term=1 slv_ms=10.4
[T2diag] t=23.4480 P=[-0.0193 -0.0014 0.0036] V=[-0.0001 -0.0021 0.0015] |Bas|=0.068574 |Bgs|=0.0049486 Bas=[-0.068509 -0.001106 -0.002773] Bgs=[-0.0012526 -0.0033229 0.0034464] tic0=[0.1200 0.0500 -0.0200] tic1=[0.1200 -0.0500 -0.0200] td=0.00000 track=137
[E2uls] flag=1 sh_t=23.496 new_t=23.496 dP=[-0.0014 0.0021 0.0009] |dP|=0.0027 first_dt=-1.0000
time: 23.448000, t: -0.019263 -0.001372 0.003618 q: 0.999989 0.000045 -0.004486 0.001187 
[T2xcross] t=23.5480 id=1846 est=5.0000 svd=0.0259 rel=0.9948 track=2 sf=9
[T2depth] t=23.5480 id=1852 src=motion2 u=586.8 v=166.7 depth=5.0000 depth2=-1.0000 track=2 sf=9 flag=init_neg
[T2depth] t=23.5480 id=1859 src=motion2 u=397.0 v=136.0 depth=0.0140 depth2=-1.0000 track=2 sf=9 flag=ok
[T2depth] t=23.5480 id=1860 src=motion2 u=56.0 v=244.0 depth=5.0000 depth2=-1.0000 track=2 sf=9 flag=init_neg
[T2depth] t=23.5480 id=1862 src=motion2 u=352.0 v=22.0 depth=0.0098 depth2=-1.0000 track=2 sf=9 flag=ok
[T2depth] t=23.5480 id=1863 src=motion2 u=593.0 v=24.0 depth=5.0000 depth2=-1.0000 track=2 sf=9 flag=init_neg
[T2xcross] t=23.5480 id=1865 est=3.7296 svd=0.0749 rel=0.9799 track=2 sf=9
[T2depth] t=23.5480 id=1867 src=motion2 u=257.0 v=20.0 depth=5.0000 depth2=-1.0000 track=2 sf=9 flag=init_neg
[T2depth] t=23.5480 id=1868 src=stereo u=100.6 v=133.3 depth=5.0000 depth2=-1.0000 track=1 sf=10 flag=init_neg
[T2depth] t=23.5480 id=1869 src=stereo u=27.2 v=176.7 depth=42.6435 depth2=-1.0000 track=1 sf=10 flag=ok
[T2depth] t=23.5480 id=1871 src=stereo u=414.7 v=35.2 depth=3.9703 depth2=-1.0000 track=1 sf=10 flag=ok
[T2depth] t=23.5480 id=1873 src=stereo u=473.0 v=78.0 depth=3.6502 depth2=-1.0000 track=1 sf=10 flag=ok
[T2gate] t=23.5480 tri=45 rej=0 xrej=0 init_replace=5 gate=0
[T2slv] t=23.5480 phase=1 init_cost=99.5822 final_cost=97.6467 iters=9 term=1 slv_ms=7.3
[T2diag] t=23.5480 P=[-0.0189 -0.0008 0.0036] V=[0.0020 0.0014 -0.0027] |Bas|=0.068574 |Bgs|=0.0038602 Bas=[-0.068509 -0.001106 -0.002773] Bgs=[0.0012694 -0.0036454 0.0000165] tic0=[0.1200 0.0500 -0.0200] tic1=[0.1200 -0.0500 -0.0200] td=0.00000 track=140
[E2uls] flag=1 sh_t=23.608 new_t=23.608 dP=[-0.0003 -0.0011 -0.0000] |dP|=0.0012 first_dt=-1.0000
time: 23.548000, t: -0.018888 -0.000785 0.003553 q: 0.999990 -0.000150 -0.004456 0.000990 
[T2depth] t=23.6480 id=1870 src=motion2 u=294.3 v=107.7 depth=0.0366 depth2=-1.0000 track=2 sf=9 flag=ok
[T2depth] t=23.6480 id=1872 src=motion2 u=277.0 v=81.0 depth=0.0693 depth2=-1.0000 track=2 sf=9 flag=ok
[T2depth] t=23.6480 id=1877 src=motion2 u=615.0 v=191.0 depth=5.0000 depth2=-1.0000 track=2 sf=9 flag=init_neg
[T2depth] t=23.6480 id=1879 src=stereo u=85.9 v=91.6 depth=32.7732 depth2=-1.0000 track=1 sf=10 flag=ok
[T2depth] t=23.6480 id=1887 src=stereo u=180.0 v=146.0 depth=31.6744 depth2=-1.0000 track=1 sf=10 flag=ok
[T2depth] t=23.6480 id=1890 src=stereo u=22.0 v=107.0 depth=5.0000 depth2=-1.0000 track=1 sf=10 flag=init_neg
[T2gate] t=23.6480 tri=44 rej=0 xrej=0 init_replace=2 gate=0
[T2slv] t=23.6480 phase=1 init_cost=117.533 final_cost=111.716 iters=9 term=1 slv_ms=11.6
[T2diag] t=23.6480 P=[-0.0200 -0.0008 0.0044] V=[-0.0052 0.0035 0.0035] |Bas|=0.068574 |Bgs|=0.0059886 Bas=[-0.068509 -0.001106 -0.002773] Bgs=[-0.0016966 0.0026711 -0.0050843] tic0=[0.1200 0.0500 -0.0200] tic1=[0.1200 -0.0500 -0.0200] td=0.00000 track=137
[E2uls] flag=1 sh_t=23.696 new_t=23.696 dP=[0.0019 0.0004 -0.0017] |dP|=0.0026 first_dt=-1.0000
time: 23.648000, t: -0.019958 -0.000785 0.004368 q: 0.999990 -0.000226 -0.004319 0.001157 
[T2depth] t=23.7480 id=1884 src=motion2 u=239.2 v=229.1 depth=0.3246 depth2=-1.0000 track=2 sf=9 flag=ok
[T2depth] t=23.7480 id=1893 src=stereo u=587.7 v=215.2 depth=0.9393 depth2=-1.0000 track=1 sf=10 flag=ok
[T2depth] t=23.7480 id=1894 src=stereo u=365.7 v=105.5 depth=4.1577 depth2=-1.0000 track=1 sf=10 flag=ok
[T2gate] t=23.7480 tri=52 rej=0 xrej=0 init_replace=0 gate=0
[T2slv] t=23.7480 phase=1 init_cost=93.1393 final_cost=86.0751 iters=9 term=1 slv_ms=13.6
[T2diag] t=23.7480 P=[-0.0172 0.0000 0.0041] V=[0.0046 -0.0009 -0.0010] |Bas|=0.068574 |Bgs|=0.0033712 Bas=[-0.068509 -0.001106 -0.002773] Bgs=[-0.0009731 -0.0025901 0.0019260] tic0=[0.1200 0.0500 -0.0200] tic1=[0.1200 -0.0500 -0.0200] td=0.00000 track=133
[E2uls] flag=1 sh_t=23.788 new_t=23.788 dP=[-0.0032 -0.0005 0.0009] |dP|=0.0034 first_dt=-1.0000
time: 23.748000, t: -0.017198 0.000038 0.004097 q: 0.999990 -0.000458 -0.004354 0.000590 
[T2xcross] t=23.8480 id=1859 est=0.0140 svd=0.0317 rel=0.5575 track=2 sf=9
[T2depth] t=23.8480 id=114 src=motion2 u=175.1 v=264.3 depth=5.0000 depth2=-1.0000 track=2 sf=9 flag=init_neg
[T2depth] t=23.8480 id=1899 src=motion2 u=283.0 v=209.0 depth=0.0427 depth2=-1.0000 track=2 sf=9 flag=ok
[T2depth] t=23.8480 id=1901 src=motion2 u=549.0 v=94.0 depth=5.0000 depth2=-1.0000 track=2 sf=9 flag=init_neg
[T2depth] t=23.8480 id=1902 src=motion2 u=14.0 v=182.0 depth=0.0481 depth2=-1.0000 track=2 sf=9 flag=ok
[T2depth] t=23.8480 id=1903 src=motion2 u=284.0 v=172.0 depth=5.0000 depth2=-1.0000 track=2 sf=9 flag=init_neg
[T2depth] t=23.8480 id=1904 src=motion2 u=389.0 v=212.0 depth=0.0101 depth2=-1.0000 track=2 sf=9 flag=ok
[T2depth] t=23.8480 id=1905 src=motion2 u=276.0 v=112.0 depth=0.0476 depth2=-1.0000 track=2 sf=9 flag=ok
[T2depth] t=23.8480 id=1909 src=motion2 u=510.0 v=95.0 depth=0.0374 depth2=-1.0000 track=2 sf=9 flag=ok
[T2depth] t=23.8480 id=1911 src=stereo u=335.5 v=104.2 depth=19.4775 depth2=-1.0000 track=1 sf=10 flag=ok
[T2depth] t=23.8480 id=1922 src=stereo u=372.0 v=72.0 depth=4.2231 depth2=-1.0000 track=1 sf=10 flag=ok
[T2gate] t=23.8480 tri=49 rej=0 xrej=0 init_replace=3 gate=0
[T2slv] t=23.8480 phase=1 init_cost=92.2423 final_cost=90.231 iters=9 term=1 slv_ms=10.1
[T2diag] t=23.8480 P=[-0.0127 0.0023 0.0024] V=[0.0129 0.0041 -0.0054] |Bas|=0.068574 |Bgs|=0.0099957 Bas=[-0.068509 -0.001106 -0.002773] Bgs=[-0.0014736 -0.0027953 0.0094831] tic0=[0.1200 0.0500 -0.0200] tic1=[0.1200 -0.0500 -0.0200] td=0.00000 track=141
[E2uls] flag=1 sh_t=23.924 new_t=23.924 dP=[-0.0041 -0.0029 0.0016] |dP|=0.0053 first_dt=-1.0000
time: 23.848000, t: -0.012670 0.002281 0.002442 q: 0.999989 -0.000966 -0.004654 -0.000372 
[T2xcross] t=23.9480 id=1893 est=0.9393 svd=0.3157 rel=0.6639 track=2 sf=9
[T2xcross] t=23.9480 id=1911 est=19.4775 svd=0.2593 rel=0.9867 track=2 sf=9
[T2depth] t=23.9480 id=1914 src=motion2 u=616.3 v=7.1 depth=5.0000 depth2=-1.0000 track=2 sf=9 flag=init_neg
[T2xcross] t=23.9480 id=1922 est=4.2231 svd=0.3572 rel=0.9154 track=2 sf=9
[T2depth] t=23.9480 id=1923 src=stereo u=555.8 v=21.0 depth=5.0000 depth2=-1.0000 track=1 sf=10 flag=init_neg
[T2depth] t=23.9480 id=1928 src=stereo u=494.1 v=162.6 depth=3.4761 depth2=-1.0000 track=1 sf=10 flag=ok
[T2depth] t=23.9480 id=1933 src=stereo u=444.0 v=85.0 depth=3.8860 depth2=-1.0000 track=1 sf=10 flag=ok
[T2depth] t=23.9480 id=1938 src=stereo u=452.0 v=198.0 depth=3.8996 depth2=-1.0000 track=1 sf=10 flag=ok
[T2depth] t=23.9480 id=1939 src=stereo u=394.0 v=43.0 depth=4.0529 depth2=-1.0000 track=1 sf=10 flag=ok
[T2gate] t=23.9480 tri=45 rej=0 xrej=0 init_replace=2 gate=0
[T2slv] t=23.9480 phase=1 init_cost=100.857 final_cost=90.5182 iters=9 term=1 slv_ms=12.0
[T2diag] t=23.9480 P=[-0.0130 0.0034 0.0027] V=[-0.0283 -0.0042 0.0123] |Bas|=0.068574 |Bgs|=0.0115812 Bas=[-0.068509 -0.001106 -0.002773] Bgs=[-0.0031492 0.0040754 -0.0103730] tic0=[0.1200 0.0500 -0.0200] tic1=[0.1200 -0.0500 -0.0200] td=0.00000 track=137
[E2uls] flag=1 sh_t=23.988 new_t=23.988 dP=[0.0038 -0.0002 -0.0016] |dP|=0.0041 first_dt=-1.0000
time: 23.948000, t: -0.013006 0.003372 0.002717 q: 0.999987 -0.000962 -0.004967 -0.000357 
[T2xcross] t=24.0480 id=1923 est=5.0000 svd=0.0501 rel=0.9900 track=2 sf=9
[T2depth] t=24.0480 id=1924 src=motion2 u=89.7 v=217.0 depth=0.2475 depth2=-1.0000 track=2 sf=9 flag=ok
[T2depth] t=24.0480 id=1926 src=motion2 u=72.2 v=140.4 depth=0.1443 depth2=-1.0000 track=2 sf=9 flag=ok
[T2depth] t=24.0480 id=1932 src=motion2 u=125.0 v=120.0 depth=0.3998 depth2=-1.0000 track=2 sf=9 flag=ok
[T2depth] t=24.0480 id=1934 src=motion2 u=507.0 v=8.0 depth=5.0000 depth2=-1.0000 track=2 sf=9 flag=init_neg
[T2depth] t=24.0480 id=1942 src=stereo u=230.4 v=96.9 depth=15.6499 depth2=-1.0000 track=1 sf=10 flag=ok
[T2depth] t=24.0480 id=1945 src=stereo u=585.0 v=96.0 depth=5.0000 depth2=-1.0000 track=1 sf=10 flag=init_neg
[T2depth] t=24.0480 id=1947 src=stereo u=356.0 v=167.0 depth=4.2700 depth2=-1.0000 track=1 sf=10 flag=ok
[T2gate] t=24.0480 tri=42 rej=0 xrej=0 init_replace=2 gate=0
[T2slv] t=24.0480 phase=1 init_cost=94.9811 final_cost=86.61 iters=9 term=1 slv_ms=21.5
[T2diag] t=24.0480 P=[-0.0142 0.0035 0.0026] V=[0.0015 -0.0070 -0.0083] |Bas|=0.068574 |Bgs|=0.0012203 Bas=[-0.068509 -0.001106 -0.002773] Bgs=[0.0009219 0.0006726 -0.0004324] tic0=[0.1200 0.0500 -0.0200] tic1=[0.1200 -0.0500 -0.0200] td=0.00000 track=141
[E2uls] flag=1 sh_t=24.096 new_t=24.096 dP=[-0.0038 -0.0005 0.0034] |dP|=0.0052 first_dt=-1.0000
time: 24.048000, t: -0.014247 0.003492 0.002621 q: 0.999987 -0.000973 -0.004991 -0.000332 
[T2xcross] t=24.1480 id=114 est=5.0000 svd=1.2425 rel=0.7515 track=2 sf=9
[T2xcross] t=24.1480 id=1932 est=0.3998 svd=0.3177 rel=0.2055 track=2 sf=9
[T2xcross] t=24.1480 id=1933 est=3.8860 svd=0.6342 rel=0.8368 track=2 sf=9
[T2depth] t=24.1480 id=1940 src=motion2 u=91.3 v=14.7 depth=5.0000 depth2=-1.0000 track=2 sf=9 flag=init_neg
[T2depth] t=24.1480 id=1941 src=motion2 u=255.4 v=24.6 depth=5.0000 depth2=-1.0000 track=2 sf=9 flag=init_neg
[T2xcross] t=24.1480 id=1942 est=15.6499 svd=0.1040 rel=0.9934 track=2 sf=9
[T2depth] t=24.1480 id=1944 src=motion2 u=621.0 v=149.0 depth=5.0000 depth2=-1.0000 track=2 sf=9 flag=init_neg
[T2xcross] t=24.1480 id=1945 est=5.0000 svd=0.2571 rel=0.9486 track=2 sf=9
[T2xcross] t=24.1480 id=1947 est=4.2700 svd=0.1758 rel=0.9588 track=2 sf=9
[T2depth] t=24.1480 id=1948 src=motion2 u=255.0 v=166.0 depth=5.0000 depth2=-1.0000 track=2 sf=9 flag=init_neg
[T2gate] t=24.1480 tri=41 rej=0 xrej=0 init_replace=4 gate=0
[T2slv] t=24.1480 phase=1 init_cost=86.6296 final_cost=86.2683 iters=5 term=0 slv_ms=19.1
[T2diag] t=24.1480 P=[-0.0140 0.0030 0.0023] V=[-0.0027 -0.0045 0.0003] |Bas|=0.068574 |Bgs|=0.0037245 Bas=[-0.068509 -0.001106 -0.002773] Bgs=[-0.0035075 -0.0009385 0.0008298] tic0=[0.1200 0.0500 -0.0200] tic1=[0.1200 -0.0500 -0.0200] td=0.00000 track=140
[E2uls] flag=1 sh_t=24.204 new_t=24.204 dP=[-0.0002 -0.0007 -0.0016] |dP|=0.0017 first_dt=-1.0000
time: 24.148000, t: -0.014006 0.002953 0.002269 q: 0.999987 -0.000969 -0.004998 -0.000266 
[T2depth] t=24.2480 id=1951 src=motion2 u=554.2 v=167.5 depth=0.0748 depth2=-1.0000 track=2 sf=9 flag=ok
[T2depth] t=24.2480 id=1954 src=motion2 u=13.0 v=243.0 depth=5.0000 depth2=-1.0000 track=2 sf=9 flag=init_neg
[T2depth] t=24.2480 id=1956 src=motion2 u=578.0 v=140.0 depth=0.1078 depth2=-1.0000 track=2 sf=9 flag=ok
[T2depth] t=24.2480 id=1957 src=motion2 u=302.0 v=93.0 depth=5.0000 depth2=-1.0000 track=2 sf=9 flag=init_neg
[T2depth] t=24.2480 id=1958 src=motion2 u=206.0 v=173.0 depth=5.0000 depth2=-1.0000 track=2 sf=9 flag=init_neg
[T2depth] t=24.2480 id=1959 src=motion2 u=420.0 v=177.0 depth=0.0292 depth2=-1.0000 track=2 sf=9 flag=ok
[T2depth] t=24.2480 id=1963 src=stereo u=126.5 v=199.7 depth=41.9739 depth2=-1.0000 track=1 sf=10 flag=ok
[T2gate] t=24.2480 tri=42 rej=0 xrej=0 init_replace=3 gate=0
[T2slv] t=24.2480 phase=1 init_cost=88.2883 final_cost=85.8878 iters=9 term=1 slv_ms=16.6
[T2diag] t=24.2480 P=[-0.0143 0.0025 0.0026] V=[0.0004 0.0025 -0.0015] |Bas|=0.068574 |Bgs|=0.0032318 Bas=[-0.068509 -0.001106 -0.002773] Bgs=[0.0006851 0.0031582 -0.0000322] tic0=[0.1200 0.0500 -0.0200] tic1=[0.1200 -0.0500 -0.0200] td=0.00000 track=143
[E2uls] flag=1 sh_t=24.312 new_t=24.312 dP=[-0.0006 -0.0010 -0.0006] |dP|=0.0013 first_dt=-1.0000
time: 24.248000, t: -0.014255 0.002535 0.002622 q: 0.999988 -0.001053 -0.004815 -0.000221 
[T2xcross] t=24.3240 id=1860 est=5.0000 svd=0.0406 rel=0.9919 track=2 sf=9
[T2xcross] t=24.3240 id=1940 est=5.0000 svd=0.0095 rel=0.9981 track=2 sf=9
[T2depth] t=24.3240 id=1960 src=motion2 u=631.3 v=189.8 depth=5.0000 depth2=-1.0000 track=2 sf=9 flag=init_neg
[T2depth] t=24.3240 id=1961 src=motion2 u=355.2 v=29.8 depth=0.0297 depth2=-1.0000 track=2 sf=9 flag=ok
[T2xcross] t=24.3240 id=1963 est=41.9739 svd=0.0067 rel=0.9998 track=2 sf=9
[T2depth] t=24.3240 id=1964 src=motion2 u=249.0 v=122.7 depth=0.0145 depth2=-1.0000 track=2 sf=9 flag=ok
[T2depth] t=24.3240 id=1965 src=motion2 u=100.0 v=151.0 depth=5.0000 depth2=-1.0000 track=2 sf=9 flag=init_neg
[T2depth] t=24.3240 id=1968 src=stereo u=421.4 v=207.7 depth=4.1757 depth2=-1.0000 track=1 sf=10 flag=ok
[T2depth] t=24.3240 id=1970 src=stereo u=520.5 v=44.8 depth=4.1588 depth2=-1.0000 track=1 sf=10 flag=ok
[T2depth] t=24.3240 id=1971 src=stereo u=589.0 v=36.0 depth=22.3760 depth2=-1.0000 track=1 sf=10 flag=ok
[T2gate] t=24.3240 tri=38 rej=0 xrej=0 init_replace=2 gate=0
[T2slv] t=24.3240 phase=1 init_cost=85.9499 final_cost=85.2904 iters=9 term=1 slv_ms=10.4
[T2diag] t=24.3240 P=[-0.0148 0.0025 0.0033] V=[-0.0035 -0.0008 0.0039] |Bas|=0.068574 |Bgs|=0.0038941 Bas=[-0.068509 -0.001106 -0.002773] Bgs=[-0.0006096 -0.0025963 -0.0028375] tic0=[0.1200 0.0500 -0.0200] tic1=[0.1200 -0.0500 -0.0200] td=0.00000 track=143
[E2uls] flag=1 sh_t=24.380 new_t=24.380 dP=[0.0008 0.0002 -0.0009] |dP|=0.0012 first_dt=-1.0000
time: 24.324000, t: -0.014826 0.002472 0.003322 q: 0.999988 -0.001020 -0.004738 -0.000166 
[T2depth] t=24.4480 id=1967 src=motion2 u=207.0 v=35.0 depth=5.0000 depth2=-1.0000 track=2 sf=9 flag=init_neg
[T2xcross] t=24.4480 id=1970 est=4.1588 svd=0.0924 rel=0.9778 track=2 sf=9
[T2xcross] t=24.4480 id=1971 est=22.3760 svd=0.1130 rel=0.9950 track=2 sf=9
[T2depth] t=24.4480 id=1972 src=motion2 u=508.0 v=149.0 depth=5.0000 depth2=-1.0000 track=2 sf=9 flag=init_neg
[T2depth] t=24.4480 id=1973 src=motion2 u=281.0 v=158.0 depth=0.0611 depth2=-1.0000 track=2 sf=9 flag=ok
[T2depth] t=24.4480 id=1976 src=stereo u=145.3 v=19.9 depth=5.0000 depth2=-1.0000 track=1 sf=10 flag=init_neg
[T2gate] t=24.4480 tri=37 rej=0 xrej=0 init_replace=3 gate=0
[T2slv] t=24.4480 phase=1 init_cost=89.3716 final_cost=85.5933 iters=9 term=1 slv_ms=13.9
[T2diag] t=24.4480 P=[-0.0151 0.0016 0.0032] V=[0.0026 -0.0012 -0.0005] |Bas|=0.068574 |Bgs|=0.0053281 Bas=[-0.068509 -0.001106 -0.002773] Bgs=[-0.0010374 -0.0029969 0.0042814] tic0=[0.1200 0.0500 -0.0200] tic1=[0.1200 -0.0500 -0.0200] td=0.00000 track=142
[E2uls] flag=1 sh_t=24.492 new_t=24.492 dP=[-0.0003 0.0008 0.0013] |dP|=0.0016 first_dt=-1.0000
time: 24.448000, t: -0.015135 0.001568 0.003220 q: 0.999988 -0.000937 -0.004739 -0.000032 
[T2xcross] t=24.5480 id=1938 est=3.8996 svd=0.0133 rel=0.9966 track=2 sf=9
[T2depth] t=24.5480 id=1975 src=motion2 u=66.7 v=88.2 depth=5.0000 depth2=-1.0000 track=2 sf=9 flag=init_neg
[T2xcross] t=24.5480 id=1976 est=5.0000 svd=0.0229 rel=0.9954 track=2 sf=9
[T2depth] t=24.5480 id=1979 src=motion2 u=263.0 v=88.0 depth=5.0000 depth2=-1.0000 track=2 sf=9 flag=init_neg
[T2depth] t=24.5480 id=1982 src=motion2 u=555.0 v=38.0 depth=5.0000 depth2=-1.0000 track=2 sf=9 flag=init_neg
[T2depth] t=24.5480 id=1984 src=motion2 u=194.0 v=157.0 depth=0.1337 depth2=-1.0000 track=2 sf=9 flag=ok
[T2depth] t=24.5480 id=1987 src=stereo u=109.4 v=185.3 depth=21.6328 depth2=-1.0000 track=1 sf=10 flag=ok
[T2depth] t=24.5480 id=1988 src=stereo u=524.1 v=15.3 depth=4.1975 depth2=-1.0000 track=1 sf=10 flag=ok
[T2depth] t=24.5480 id=1991 src=stereo u=507.0 v=96.6 depth=3.5134 depth2=-1.0000 track=1 sf=10 flag=ok
[T2depth] t=24.5480 id=1994 src=stereo u=382.0 v=119.0 depth=3.8288 depth2=-1.0000 track=1 sf=10 flag=ok
[T2gate] t=24.5480 tri=41 rej=0 xrej=0 init_replace=3 gate=0
[T2slv] t=24.5480 phase=1 init_cost=88.9051 final_cost=85.8501 iters=9 term=1 slv_ms=13.9
[T2diag] t=24.5480 P=[-0.0156 0.0009 0.0031] V=[0.0002 0.0015 -0.0001] |Bas|=0.068574 |Bgs|=0.0032185 Bas=[-0.068509 -0.001106 -0.002773] Bgs=[0.0023378 0.0015385 -0.0015894] tic0=[0.1200 0.0500 -0.0200] tic1=[0.1200 -0.0500 -0.0200] td=0.00000 track=141
[E2uls] flag=1 sh_t=24.592 new_t=24.592 dP=[0.0009 0.0004 -0.0000] |dP|=0.0010 first_dt=-1.0000
time: 24.548000, t: -0.015626 0.000916 0.003091 q: 0.999989 -0.000879 -0.004703 0.000092 
[T2depth] t=24.6480 id=1989 src=motion2 u=141.1 v=121.8 depth=5.0000 depth2=-1.0000 track=2 sf=9 flag=init_neg
[T2xcross] t=24.6480 id=1991 est=3.5134 svd=0.0320 rel=0.9909 track=2 sf=9
[T2depth] t=24.6480 id=1992 src=motion2 u=214.0 v=66.0 depth=5.0000 depth2=-1.0000 track=2 sf=9 flag=init_neg
[T2depth] t=24.6480 id=1998 src=stereo u=27.2 v=67.1 depth=5.0000 depth2=-1.0000 track=1 sf=10 flag=init_neg
[T2depth] t=24.6480 id=1999 src=stereo u=251.2 v=200.7 depth=22.9305 depth2=-1.0000 track=1 sf=10 flag=ok
[T2depth] t=24.6480 id=2001 src=stereo u=254.0 v=15.0 depth=31.4310 depth2=-1.0000 track=1 sf=10 flag=ok
[T2depth] t=24.6480 id=2003 src=stereo u=223.0 v=14.0 depth=5.0000 depth2=-1.0000 track=1 sf=10 flag=init_neg
[T2gate] t=24.6480 tri=40 rej=0 xrej=0 init_replace=4 gate=0
[T2slv] t=24.6480 phase=1 init_cost=86.2208 final_cost=85.8533 iters=9 term=1 slv_ms=14.6
[T2diag] t=24.6480 P=[-0.0159 0.0006 0.0031] V=[0.0015 -0.0006 -0.0005] |Bas|=0.068574 |Bgs|=0.0021717 Bas=[-0.068509 -0.001106 -0.002773] Bgs=[-0.0014499 0.0009741 0.0012905] tic0=[0.1200 0.0500 -0.0200] tic1=[0.1200 -0.0500 -0.0200] td=0.00000 track=140
[E2uls] flag=1 sh_t=24.696 new_t=24.696 dP=[0.0006 0.0001 -0.0002] |dP|=0.0006 first_dt=-1.0000
time: 24.648000, t: -0.015923 0.000580 0.003143 q: 0.999989 -0.000738 -0.004733 0.000158 
[T2xcross] t=24.7520 id=1989 est=5.0000 svd=0.0042 rel=0.9992 track=2 sf=9
[T2depth] t=24.7520 id=1995 src=motion2 u=13.2 v=207.6 depth=0.5072 depth2=-1.0000 track=2 sf=9 flag=ok
[T2xcross] t=24.7520 id=1998 est=5.0000 svd=0.0099 rel=0.9980 track=2 sf=9
[T2xcross] t=24.7520 id=1999 est=22.9305 svd=0.0188 rel=0.9992 track=2 sf=9
[T2depth] t=24.7520 id=2000 src=motion2 u=177.0 v=190.0 depth=5.0000 depth2=-1.0000 track=2 sf=9 flag=init_neg
[T2depth] t=24.7520 id=2004 src=motion2 u=432.0 v=151.0 depth=0.0244 depth2=-1.0000 track=2 sf=9 flag=ok
[T2depth] t=24.7520 id=2005 src=motion2 u=343.0 v=41.0 depth=0.0141 depth2=-1.0000 track=2 sf=9 flag=ok
[T2depth] t=24.7520 id=2011 src=stereo u=57.0 v=83.0 depth=46.1337 depth2=-1.0000 track=1 sf=10 flag=ok
[T2depth] t=24.7520 id=2012 src=stereo u=535.0 v=95.0 depth=3.8256 depth2=-1.0000 track=1 sf=10 flag=ok
[T2gate] t=24.7520 tri=38 rej=0 xrej=0 init_replace=1 gate=0
[T2slv] t=24.7520 phase=1 init_cost=86.2372 final_cost=85.2326 iters=9 term=1 slv_ms=19.9
[T2diag] t=24.7520 P=[-0.0158 0.0005 0.0031] V=[0.0015 -0.0013 -0.0002] |Bas|=0.068574 |Bgs|=0.0050249 Bas=[-0.068509 -0.001106 -0.002773] Bgs=[-0.0005893 0.0004400 0.0049708] tic0=[0.1200 0.0500 -0.0200] tic1=[0.1200 -0.0500 -0.0200] td=0.00000 track=143
[E2uls] flag=1 sh_t=24.804 new_t=24.804 dP=[0.0004 -0.0001 0.0002] |dP|=0.0005 first_dt=-1.0000
time: 24.752000, t: -0.015756 0.000461 0.003072 q: 0.999988 -0.000660 -0.004822 0.000182 
[T2depth] t=24.8880 id=2007 src=motion2 u=391.0 v=188.0 depth=0.0330 depth2=-1.0000 track=2 sf=9 flag=ok
[T2depth] t=24.8880 id=2009 src=motion2 u=262.9 v=129.0 depth=0.1104 depth2=-1.0000 track=2 sf=9 flag=ok
[T2depth] t=24.8880 id=2017 src=stereo u=147.1 v=22.5 depth=33.8353 depth2=-1.0000 track=1 sf=10 flag=ok
[T2depth] t=24.8880 id=2020 src=stereo u=569.0 v=117.0 depth=25.1470 depth2=-1.0000 track=1 sf=10 flag=ok
[T2depth] t=24.8880 id=2021 src=stereo u=11.0 v=174.0 depth=5.0000 depth2=-1.0000 track=1 sf=10 flag=init_neg
[T2depth] t=24.8880 id=2026 src=stereo u=500.0 v=171.0 depth=3.8024 depth2=-1.0000 track=1 sf=10 flag=ok
[T2gate] t=24.8880 tri=42 rej=0 xrej=0 init_replace=1 gate=0
[T2slv] t=24.8880 phase=1 init_cost=87.7747 final_cost=85.3379 iters=9 term=1 slv_ms=23.2
[T2diag] t=24.8880 P=[-0.0156 0.0007 0.0031] V=[-0.0009 0.0001 0.0002] |Bas|=0.068574 |Bgs|=0.0021260 Bas=[-0.068509 -0.001106 -0.002773] Bgs=[-0.0003089 -0.0020972 0.0001612] tic0=[0.1200 0.0500 -0.0200] tic1=[0.1200 -0.0500 -0.0200] td=0.00000 track=138
[E2uls] flag=1 sh_t=24.936 new_t=24.936 dP=[0.0002 -0.0004 -0.0001] |dP|=0.0005 first_dt=-1.0000
time: 24.888000, t: -0.015613 0.000685 0.003108 q: 0.999988 -0.000623 -0.004847 0.000139 
[T2depth] t=24.9840 id=2014 src=motion2 u=624.3 v=193.9 depth=0.0236 depth2=-1.0000 track=2 sf=9 flag=ok
[T2depth] t=24.9840 id=2019 src=motion2 u=361.3 v=167.8 depth=5.0000 depth2=-1.0000 track=2 sf=9 flag=init_neg
[T2xcross] t=24.9840 id=2020 est=25.1470 svd=0.0574 rel=0.9977 track=2 sf=9
[T2depth] t=24.9840 id=2023 src=motion2 u=99.0 v=64.0 depth=0.0417 depth2=-1.0000 track=2 sf=9 flag=ok
[T2depth] t=24.9840 id=2029 src=stereo u=228.0 v=32.0 depth=5.0000 depth2=-1.0000 track=1 sf=10 flag=init_neg
[T2depth] t=24.9840 id=2033 src=stereo u=411.0 v=186.0 depth=3.8512 depth2=-1.0000 track=1 sf=10 flag=ok
[T2depth] t=24.9840 id=2036 src=stereo u=507.0 v=73.0 depth=4.3776 depth2=-1.0000 track=1 sf=10 flag=ok
[T2depth] t=24.9840 id=2037 src=stereo u=178.0 v=53.0 depth=27.7694 depth2=-1.0000 track=1 sf=10 flag=ok
[T2gate] t=24.9840 tri=44 rej=0 xrej=0 init_replace=2 gate=0
[T2slv] t=24.9840 phase=1 init_cost=90.1085 final_cost=86.4928 iters=9 term=1 slv_ms=9.5
[T2diag] t=24.9840 P=[-0.0163 0.0005 0.0034] V=[-0.0022 -0.0011 0.0033] |Bas|=0.068574 |Bgs|=0.0096914 Bas=[-0.068509 -0.001106 -0.002773] Bgs=[0.0001222 -0.0093476 0.0025555] tic0=[0.1200 0.0500 -0.0200] tic1=[0.1200 -0.0500 -0.0200] td=0.00000 track=139
[E2uls] flag=1 sh_t=25.044 new_t=25.044 dP=[0.0007 0.0008 0.0002] |dP|=0.0011 first_dt=-1.0000
time: 24.984000, t: -0.016293 0.000502 0.003431 q: 0.999988 -0.000515 -0.004785 0.000280 
[T2xcross] t=25.0840 id=2019 est=5.0000 svd=0.0176 rel=0.9965 track=2 sf=9
[T2depth] t=25.0840 id=2032 src=motion2 u=185.0 v=140.0 depth=5.0000 depth2=-1.0000 track=2 sf=9 flag=init_neg
[T2xcross] t=25.0840 id=2033 est=3.8512 svd=0.0637 rel=0.9834 track=2 sf=9
[T2depth] t=25.0840 id=2034 src=motion2 u=612.0 v=14.0 depth=5.0000 depth2=-1.0000 track=2 sf=9 flag=init_neg
[T2xcross] t=25.0840 id=2037 est=27.7694 svd=0.0841 rel=0.9970 track=2 sf=9
[T2depth] t=25.0840 id=2042 src=stereo u=150.7 v=88.0 depth=33.2968 depth2=-1.0000 track=1 sf=10 flag=ok
[T2depth] t=25.0840 id=2047 src=stereo u=475.0 v=101.0 depth=4.4868 depth2=-1.0000 track=1 sf=10 flag=ok
[T2depth] t=25.0840 id=2051 src=stereo u=364.0 v=91.0 depth=4.2091 depth2=-1.0000 track=1 sf=10 flag=ok
[T2gate] t=25.0840 tri=42 rej=0 xrej=0 init_replace=2 gate=0
[T2slv] t=25.0840 phase=1 init_cost=92.6684 final_cost=86.2709 iters=9 term=1 slv_ms=13.8
[T2diag] t=25.0840 P=[-0.0161 0.0005 0.0034] V=[0.0021 0.0020 -0.0027] |Bas|=0.068574 |Bgs|=0.0088419 Bas=[-0.068509 -0.001106 -0.002773] Bgs=[-0.0000749 0.0055868 0.0068529] tic0=[0.1200 0.0500 -0.0200] tic1=[0.1200 -0.0500 -0.0200] td=0.00000 track=140
[E2uls] flag=1 sh_t=25.120 new_t=25.120 dP=[-0.0005 0.0003 0.0008] |dP|=0.0010 first_dt=-1.0000
time: 25.084000, t: -0.016118 0.000493 0.003358 q: 0.999988 -0.000473 -0.004824 0.000230 
[T2xcross] t=25.1840 id=2036 est=4.3776 svd=0.0490 rel=0.9888 track=2 sf=9
[T2depth] t=25.1840 id=2045 src=motion2 u=526.7 v=129.8 depth=0.0181 depth2=-1.0000 track=2 sf=9 flag=ok
[T2depth] t=25.1840 id=2046 src=motion2 u=573.0 v=109.0 depth=0.0401 depth2=-1.0000 track=2 sf=9 flag=ok
[T2xcross] t=25.1840 id=2051 est=4.2091 svd=0.0033 rel=0.9992 track=2 sf=9
[T2depth] t=25.1840 id=2059 src=stereo u=337.9 v=52.5 depth=5.0000 depth2=-1.0000 track=1 sf=10 flag=init_neg
[T2depth] t=25.1840 id=2062 src=stereo u=374.0 v=24.0 depth=3.6686 depth2=-1.0000 track=1 sf=10 flag=ok
[T2depth] t=25.1840 id=2064 src=stereo u=342.0 v=10.0 depth=37.8260 depth2=-1.0000 track=1 sf=10 flag=ok
[T2gate] t=25.1840 tri=48 rej=0 xrej=0 init_replace=1 gate=0
[T2slv] t=25.1840 phase=1 init_cost=94.5333 final_cost=90.516 iters=9 term=1 slv_ms=10.0
[T2diag] t=25.1840 P=[-0.0109 0.0024 0.0015] V=[0.0222 0.0084 -0.0053] |Bas|=0.068574 |Bgs|=0.0077544 Bas=[-0.068509 -0.001106 -0.002773] Bgs=[-0.0000444 -0.0003577 0.0077460] tic0=[0.1200 0.0500 -0.0200] tic1=[0.1200 -0.0500 -0.0200] td=0.00000 track=134
[E2uls] flag=1 sh_t=25.244 new_t=25.244 dP=[-0.0067 -0.0019 0.0020] |dP|=0.0072 first_dt=-1.0000
time: 25.184000, t: -0.010940 0.002374 0.001535 q: 0.999986 -0.000733 -0.005195 -0.000574 
[T2xcross] t=25.3160 id=2046 est=0.0401 svd=2.7852 rel=0.9856 track=2 sf=9
[T2depth] t=25.3160 id=2052 src=motion2 u=48.7 v=194.6 depth=0.0043 depth2=-1.0000 track=2 sf=9 flag=ok
[T2depth] t=25.3160 id=2057 src=motion2 u=567.7 v=147.9 depth=5.0000 depth2=-1.0000 track=2 sf=9 flag=init_neg
[T2depth] t=25.3160 id=2058 src=motion2 u=325.0 v=212.9 depth=0.2915 depth2=-1.0000 track=2 sf=9 flag=ok
[T2xcross] t=25.3160 id=2059 est=5.0000 svd=0.4088 rel=0.9182 track=2 sf=9
[T2depth] t=25.3160 id=2060 src=motion2 u=228.0 v=75.0 depth=5.0000 depth2=-1.0000 track=2 sf=9 flag=init_neg
[T2xcross] t=25.3160 id=2062 est=3.6686 svd=0.0118 rel=0.9968 track=2 sf=9
[T2depth] t=25.3160 id=2063 src=motion2 u=621.0 v=182.0 depth=0.0521 depth2=-1.0000 track=2 sf=9 flag=ok
[T2xcross] t=25.3160 id=2064 est=37.8260 svd=0.4912 rel=0.9870 track=2 sf=9
[T2depth] t=25.3160 id=2065 src=motion2 u=295.0 v=143.0 depth=0.2706 depth2=-1.0000 track=2 sf=9 flag=ok
[T2depth] t=25.3160 id=2066 src=motion2 u=605.0 v=135.0 depth=5.0000 depth2=-1.0000 track=2 sf=9 flag=init_neg
[T2depth] t=25.3160 id=2068 src=motion2 u=110.0 v=132.0 depth=5.0000 depth2=-1.0000 track=2 sf=9 flag=init_neg
[T2depth] t=25.3160 id=2069 src=motion2 u=257.0 v=56.0 depth=5.0000 depth2=-1.0000 track=2 sf=9 flag=init_neg
[T2depth] t=25.3160 id=2070 src=motion2 u=15.0 v=130.0 depth=2.3726 depth2=-1.0000 track=2 sf=9 flag=ok
[T2depth] t=25.3160 id=2077 src=stereo u=199.0 v=62.0 depth=28.4613 depth2=-1.0000 track=1 sf=10 flag=ok
[T2gate] t=25.3160 tri=45 rej=0 xrej=0 init_replace=5 gate=0
[T2slv] t=25.3160 phase=1 init_cost=93.3988 final_cost=90.886 iters=9 term=1 slv_ms=10.8
[T2diag] t=25.3160 P=[-0.0132 0.0015 0.0021] V=[-0.0179 -0.0050 0.0056] |Bas|=0.068574 |Bgs|=0.0060174 Bas=[-0.068509 -0.001106 -0.002773] Bgs=[0.0015906 -0.0001269 -0.0058020] tic0=[0.1200 0.0500 -0.0200] tic1=[0.1200 -0.0500 -0.0200] td=0.00000 track=143
[E2uls] flag=1 sh_t=25.376 new_t=25.376 dP=[0.0084 0.0040 -0.0020] |dP|=0.0095 first_dt=-1.0000
time: 25.316000, t: -0.013161 0.001536 0.002066 q: 0.999986 -0.000633 -0.005210 -0.000119 
[T2xcross] t=25.4480 id=135 est=5.0000 svd=2.3523 rel=0.5295 track=2 sf=9
[T2xcross] t=25.4480 id=2045 est=0.0181 svd=0.3804 rel=0.9523 track=2 sf=9
[T2xcross] t=25.4480 id=2057 est=5.0000 svd=0.4352 rel=0.9130 track=2 sf=9
[T2depth] t=25.4480 id=2072 src=motion2 u=42.1 v=60.4 depth=0.6158 depth2=-1.0000 track=2 sf=9 flag=ok
[T2depth] t=25.4480 id=2076 src=motion2 u=114.0 v=331.0 depth=5.0000 depth2=-1.0000 track=2 sf=9 flag=init_neg
[T2xcross] t=25.4480 id=2077 est=28.4613 svd=0.2597 rel=0.9909 track=2 sf=9
[T2depth] t=25.4480 id=2078 src=motion2 u=104.0 v=186.0 depth=5.0000 depth2=-1.0000 track=2 sf=9 flag=init_neg
[T2depth] t=25.4480 id=2080 src=stereo u=193.3 v=120.8 depth=5.0000 depth2=-1.0000 track=1 sf=10 flag=init_neg
[T2depth] t=25.4480 id=2085 src=stereo u=387.2 v=116.7 depth=3.8827 depth2=-1.0000 track=1 sf=10 flag=ok
[T2depth] t=25.4480 id=2090 src=stereo u=367.0 v=23.0 depth=3.8725 depth2=-1.0000 track=1 sf=10 flag=ok
[T2depth] t=25.4480 id=2092 src=stereo u=84.0 v=13.0 depth=5.0000 depth2=-1.0000 track=1 sf=10 flag=init_neg
[T2gate] t=25.4480 tri=42 rej=0 xrej=0 init_replace=4 gate=0
[T2slv] t=25.4480 phase=1 init_cost=87.8148 final_cost=86.6627 iters=9 term=1 slv_ms=10.6
[T2diag] t=25.4480 P=[-0.0153 0.0010 0.0030] V=[-0.0007 -0.0000 -0.0004] |Bas|=0.068574 |Bgs|=0.0010418 Bas=[-0.068509 -0.001106 -0.002773] Bgs=[-0.0001938 -0.0007301 0.0007175] tic0=[0.1200 0.0500 -0.0200] tic1=[0.1200 -0.0500 -0.0200] td=0.00000 track=139
[E2uls] flag=1 sh_t=25.516 new_t=25.516 dP=[-0.0033 0.0001 0.0003] |dP|=0.0033 first_dt=-1.0000
time: 25.448000, t: -0.015333 0.001002 0.003016 q: 0.999988 -0.000647 -0.004839 0.000068 
[T2xcross] t=25.5200 id=2078 est=5.0000 svd=0.0132 rel=0.9974 track=2 sf=9
[T2xcross] t=25.5200 id=2080 est=5.0000 svd=0.0105 rel=0.9979 track=2 sf=9
[T2depth] t=25.5200 id=2081 src=motion2 u=200.3 v=156.4 depth=5.0000 depth2=-1.0000 track=2 sf=9 flag=init_neg
[T2depth] t=25.5200 id=2082 src=motion2 u=513.6 v=178.8 depth=5.0000 depth2=-1.0000 track=2 sf=9 flag=init_neg
[T2depth] t=25.5200 id=2087 src=motion2 u=275.0 v=28.0 depth=0.0320 depth2=-1.0000 track=2 sf=9 flag=ok
[T2depth] t=25.5200 id=2089 src=motion2 u=243.0 v=149.0 depth=5.0000 depth2=-1.0000 track=2 sf=9 flag=init_neg
[T2xcross] t=25.5200 id=2090 est=3.8725 svd=0.0178 rel=0.9954 track=2 sf=9
[T2xcross] t=25.5200 id=2092 est=5.0000 svd=0.0274 rel=0.9945 track=2 sf=9
[T2depth] t=25.5200 id=2093 src=motion2 u=73.0 v=69.0 depth=0.0183 depth2=-1.0000 track=2 sf=9 flag=ok
[T2depth] t=25.5200 id=2096 src=stereo u=593.4 v=99.4 depth=5.0000 depth2=-1.0000 track=1 sf=10 flag=init_neg
[T2depth] t=25.5200 id=2099 src=stereo u=159.0 v=30.0 depth=36.2795 depth2=-1.0000 track=1 sf=10 flag=ok
[T2depth] t=25.5200 id=2100 src=stereo u=383.0 v=211.0 depth=3.9975 depth2=-1.0000 track=1 sf=10 flag=ok
[T2gate] t=25.5200 tri=38 rej=0 xrej=0 init_replace=4 gate=0
[T2slv] t=25.5200 phase=1 init_cost=87.0981 final_cost=86.6611 iters=9 term=1 slv_ms=12.7
[T2diag] t=25.5200 P=[-0.0158 0.0012 0.0037] V=[-0.0023 0.0037 0.0009] |Bas|=0.068574 |Bgs|=0.0025296 Bas=[-0.068509 -0.001106 -0.002773] Bgs=[-0.0018290 -0.0005528 -0.0016578] tic0=[0.1200 0.0500 -0.0200] tic1=[0.1200 -0.0500 -0.0200] td=0.00000 track=144
[E2uls] flag=1 sh_t=25.556 new_t=25.556 dP=[0.0005 0.0001 -0.0009] |dP|=0.0010 first_dt=-1.0000
time: 25.520000, t: -0.015804 0.001174 0.003702 q: 0.999988 -0.000643 -0.004771 0.000101 
[T2xcross] t=25.6480 id=2072 est=0.6158 svd=0.1134 rel=0.8159 track=2 sf=9
[T2depth] t=25.6480 id=2094 src=motion2 u=242.8 v=244.0 depth=5.0000 depth2=-1.0000 track=2 sf=9 flag=init_neg
[T2depth] t=25.6480 id=2103 src=stereo u=476.6 v=67.0 depth=3.3916 depth2=-1.0000 track=1 sf=10 flag=ok
[T2depth] t=25.6480 id=2105 src=stereo u=476.0 v=126.0 depth=35.7060 depth2=-1.0000 track=1 sf=10 flag=ok
[T2depth] t=25.6480 id=2109 src=stereo u=446.0 v=78.0 depth=3.8973 depth2=-1.0000 track=1 sf=10 flag=ok
[T2depth] t=25.6480 id=2111 src=stereo u=280.0 v=177.0 depth=5.0000 depth2=-1.0000 track=1 sf=10 flag=init_neg
[T2depth] t=25.6480 id=2112 src=stereo u=339.0 v=105.0 depth=5.0000 depth2=-1.0000 track=1 sf=10 flag=init_neg
[T2depth] t=25.6480 id=2113 src=stereo u=56.0 v=111.0 depth=5.0000 depth2=-1.0000 track=1 sf=10 flag=init_neg
[T2gate] t=25.6480 tri=40 rej=0 xrej=0 init_replace=4 gate=0
[T2slv] t=25.6480 phase=1 init_cost=88.4755 final_cost=86.9812 iters=9 term=1 slv_ms=21.6
[T2diag] t=25.6480 P=[-0.0159 0.0013 0.0044] V=[0.0006 -0.0033 0.0020] |Bas|=0.068574 |Bgs|=0.0008231 Bas=[-0.068509 -0.001106 -0.002773] Bgs=[-0.0008111 -0.0001202 -0.0000720] tic0=[0.1200 0.0500 -0.0200] tic1=[0.1200 -0.0500 -0.0200] td=0.00000 track=138
[E2uls] flag=1 sh_t=25.696 new_t=25.696 dP=[-0.0001 0.0007 -0.0006] |dP|=0.0009 first_dt=-1.0000
time: 25.648000, t: -0.015930 0.001313 0.004426 q: 0.999988 -0.000602 -0.004769 0.000143 
[T2xcross] t=25.7480 id=2103 est=3.3916 svd=0.0344 rel=0.9898 track=2 sf=9
[T2depth] t=25.7480 id=2104 src=motion2 u=296.7 v=138.7 depth=0.0275 depth2=-1.0000 track=2 sf=9 flag=ok
[T2depth] t=25.7480 id=2106 src=motion2 u=270.6 v=214.4 depth=0.0312 depth2=-1.0000 track=2 sf=9 flag=ok
[T2depth] t=25.7480 id=2108 src=motion2 u=254.3 v=81.2 depth=5.0000 depth2=-1.0000 track=2 sf=9 flag=init_neg
[T2depth] t=25.7480 id=2110 src=motion2 u=252.0 v=119.0 depth=0.0211 depth2=-1.0000 track=2 sf=9 flag=ok
[T2depth] t=25.7480 id=2117 src=stereo u=591.7 v=149.5 depth=5.0000 depth2=-1.0000 track=1 sf=10 flag=init_neg
[T2depth] t=25.7480 id=2118 src=stereo u=380.0 v=204.0 depth=3.8526 depth2=-1.0000 track=1 sf=10 flag=ok
[T2depth] t=25.7480 id=2120 src=stereo u=363.0 v=157.0 depth=3.7259 depth2=-1.0000 track=1 sf=10 flag=ok
[T2depth] t=25.7480 id=2128 src=stereo u=280.0 v=98.0 depth=38.8771 depth2=-1.0000 track=1 sf=10 flag=ok
[T2gate] t=25.7480 tri=45 rej=0 xrej=0 init_replace=2 gate=0
[T2slv] t=25.7480 phase=1 init_cost=89.8161 final_cost=88.2313 iters=9 term=1 slv_ms=9.0
[T2diag] t=25.7480 P=[-0.0161 0.0006 0.0038] V=[0.0031 0.0025 -0.0013] |Bas|=0.068574 |Bgs|=0.0049686 Bas=[-0.068509 -0.001106 -0.002773] Bgs=[0.0009414 0.0041359 -0.0025874] tic0=[0.1200 0.0500 -0.0200] tic1=[0.1200 -0.0500 -0.0200] td=0.00000 track=136
[E2uls] flag=1 sh_t=25.780 new_t=25.780 dP=[0.0003 0.0004 0.0008] |dP|=0.0009 first_dt=-1.0000
time: 25.748000, t: -0.016064 0.000605 0.003771 q: 0.999988 -0.000549 -0.004848 0.000270 
[T2xcross] t=25.8480 id=2109 est=3.8973 svd=0.2678 rel=0.9313 track=2 sf=9
[T2depth] t=25.8480 id=2123 src=motion2 u=553.0 v=279.0 depth=1.3520 depth2=-1.0000 track=2 sf=9 flag=ok
[T2depth] t=25.8480 id=2124 src=motion2 u=139.0 v=60.0 depth=5.0000 depth2=-1.0000 track=2 sf=9 flag=init_neg
[T2depth] t=25.8480 id=2125 src=motion2 u=361.0 v=32.0 depth=5.0000 depth2=-1.0000 track=2 sf=9 flag=init_neg
[T2depth] t=25.8480 id=2127 src=motion2 u=476.0 v=176.0 depth=0.0332 depth2=-1.0000 track=2 sf=9 flag=ok
[T2depth] t=25.8480 id=2135 src=stereo u=56.7 v=107.5 depth=5.0000 depth2=-1.0000 track=1 sf=10 flag=init_neg
[T2depth] t=25.8480 id=2139 src=stereo u=288.0 v=64.0 depth=37.1404 depth2=-1.0000 track=1 sf=10 flag=ok
[T2depth] t=25.8480 id=2141 src=stereo u=91.0 v=171.0 depth=26.7824 depth2=-1.0000 track=1 sf=10 flag=ok
[T2gate] t=25.8480 tri=49 rej=0 xrej=0 init_replace=3 gate=0
[T2slv] t=25.8480 phase=1 init_cost=92.7969 final_cost=91.4757 iters=9 term=1 slv_ms=9.0
[T2diag] t=25.8480 P=[-0.0109 0.0025 0.0019] V=[0.0159 0.0076 -0.0017] |Bas|=0.068574 |Bgs|=0.0042671 Bas=[-0.068509 -0.001106 -0.002773] Bgs=[-0.0000185 0.0008851 0.0041743] tic0=[0.1200 0.0500 -0.0200] tic1=[0.1200 -0.0500 -0.0200] td=0.00000 track=136
[E2uls] flag=1 sh_t=25.880 new_t=25.880 dP=[-0.0054 -0.0016 0.0018] |dP|=0.0059 first_dt=-1.0000
time: 25.848000, t: -0.010900 0.002541 0.001895 q: 0.999986 -0.000730 -0.005284 -0.000575 
[T2xcross] t=25.9480 id=2125 est=5.0000 svd=1.4902 rel=0.7020 track=2 sf=9
[T2xcross] t=25.9480 id=2127 est=0.0332 svd=0.3503 rel=0.9053 track=2 sf=9
[T2depth] t=25.9480 id=2132 src=motion2 u=210.7 v=187.9 depth=0.1510 depth2=-1.0000 track=2 sf=9 flag=ok
[T2depth] t=25.9480 id=2133 src=motion2 u=10.0 v=252.0 depth=5.0000 depth2=-1.0000 track=2 sf=9 flag=init_neg
[T2xcross] t=25.9480 id=2135 est=5.0000 svd=0.0433 rel=0.9913 track=2 sf=9
[T2depth] t=25.9480 id=2140 src=motion2 u=123.0 v=163.0 depth=5.0000 depth2=-1.0000 track=2 sf=9 flag=init_neg
[T2depth] t=25.9480 id=2143 src=motion2 u=630.0 v=160.0 depth=0.2215 depth2=-1.0000 track=2 sf=9 flag=ok
[T2depth] t=25.9480 id=2146 src=stereo u=330.7 v=141.5 depth=26.9546 depth2=-1.0000 track=1 sf=10 flag=ok
[T2depth] t=25.9480 id=2152 src=stereo u=332.0 v=92.0 depth=5.0000 depth2=-1.0000 track=1 sf=10 flag=init_neg
[T2depth] t=25.9480 id=2154 src=stereo u=484.0 v=34.0 depth=3.7283 depth2=-1.0000 track=1 sf=10 flag=ok
[T2gate] t=25.9480 tri=46 rej=0 xrej=0 init_replace=3 gate=0
[T2slv] t=25.9480 phase=1 init_cost=93.067 final_cost=92.0022 iters=9 term=1 slv_ms=19.1
[T2diag] t=25.9480 P=[-0.0123 0.0023 0.0020] V=[-0.0179 -0.0046 0.0021] |Bas|=0.068574 |Bgs|=0.0087944 Bas=[-0.068509 -0.001106 -0.002773] Bgs=[-0.0042966 0.0013393 -0.0075556] tic0=[0.1200 0.0500 -0.0200] tic1=[0.1200 -0.0500 -0.0200] td=0.00000 track=140
[E2uls] flag=1 sh_t=25.988 new_t=25.988 dP=[0.0049 0.0020 -0.0003] |dP|=0.0053 first_dt=-1.0000
time: 25.948000, t: -0.012279 0.002289 0.002002 q: 0.999985 -0.000737 -0.005387 -0.000282 
[T2xcross] t=26.0480 id=1818 est=5.0000 svd=0.0490 rel=0.9902 track=2 sf=9
[T2xcross] t=26.0480 id=2132 est=0.1510 svd=0.0509 rel=0.6626 track=2 sf=9
[T2xcross] t=26.0480 id=2146 est=26.9546 svd=0.0648 rel=0.9976 track=2 sf=9
[T2depth] t=26.0480 id=2148 src=motion2 u=582.3 v=14.0 depth=65.7777 depth2=-1.0000 track=2 sf=9 flag=ok
[T2depth] t=26.0480 id=2149 src=motion2 u=350.2 v=214.0 depth=5.0000 depth2=-1.0000 track=2 sf=9 flag=init_neg
[T2depth] t=26.0480 id=2151 src=motion2 u=558.0 v=105.0 depth=5.0000 depth2=-1.0000 track=2 sf=9 flag=init_neg
[T2depth] t=26.0480 id=2156 src=motion2 u=80.0 v=200.0 depth=0.1489 depth2=-1.0000 track=2 sf=9 flag=ok
[T2depth] t=26.0480 id=2161 src=stereo u=451.0 v=197.5 depth=3.8956 depth2=-1.0000 track=1 sf=10 flag=ok
[T2depth] t=26.0480 id=2162 src=stereo u=533.0 v=213.0 depth=3.4676 depth2=-1.0000 track=1 sf=10 flag=ok
[T2depth] t=26.0480 id=2163 src=stereo u=514.0 v=34.0 depth=3.6019 depth2=-1.0000 track=1 sf=10 flag=ok
[T2depth] t=26.0480 id=2167 src=stereo u=499.0 v=93.0 depth=3.7976 depth2=-1.0000 track=1 sf=10 flag=ok
[T2gate] t=26.0480 tri=41 rej=0 xrej=0 init_replace=2 gate=0
[T2slv] t=26.0480 phase=1 init_cost=92.6829 final_cost=89.8269 iters=9 term=1 slv_ms=16.4
[T2diag] t=26.0480 P=[-0.0147 0.0014 0.0029] V=[-0.0006 -0.0020 -0.0004] |Bas|=0.068574 |Bgs|=0.0068284 Bas=[-0.068509 -0.001106 -0.002773] Bgs=[0.0008138 0.0066777 -0.0011717] tic0=[0.1200 0.0500 -0.0200] tic1=[0.1200 -0.0500 -0.0200] td=0.00000 track=141
[E2uls] flag=1 sh_t=26.100 new_t=26.100 dP=[-0.0009 -0.0002 -0.0004] |dP|=0.0010 first_dt=-1.0000
time: 26.048000, t: -0.014655 0.001378 0.002857 q: 0.999987 -0.000758 -0.004974 -0.000027 
[T2xcross] t=26.1480 id=2140 est=5.0000 svd=0.0386 rel=0.9923 track=2 sf=9
[T2depth] t=26.1480 id=2166 src=motion2 u=314.0 v=185.0 depth=0.0451 depth2=-1.0000 track=2 sf=9 flag=ok
[T2depth] t=26.1480 id=2171 src=stereo u=417.3 v=17.8 depth=4.8793 depth2=-1.0000 track=1 sf=10 flag=ok
[T2depth] t=26.1480 id=2175 src=stereo u=528.0 v=126.0 depth=5.0000 depth2=-1.0000 track=1 sf=10 flag=init_neg
[T2gate] t=26.1480 tri=41 rej=0 xrej=0 init_replace=1 gate=0
[T2slv] t=26.1480 phase=1 init_cost=92.0607 final_cost=89.822 iters=9 term=1 slv_ms=20.9
[T2diag] t=26.1480 P=[-0.0162 0.0003 0.0032] V=[0.0015 0.0008 -0.0006] |Bas|=0.068574 |Bgs|=0.0035789 Bas=[-0.068509 -0.001106 -0.002773] Bgs=[-0.0021836 0.0019192 -0.0020874] tic0=[0.1200 0.0500 -0.0200] tic1=[0.1200 -0.0500 -0.0200] td=0.00000 track=139
[E2uls] flag=1 sh_t=26.204 new_t=26.204 dP=[0.0014 0.0006 -0.0002] |dP|=0.0015 first_dt=-1.0000
time: 26.148000, t: -0.016246 0.000259 0.003238 q: 0.999988 -0.000575 -0.004839 0.000251 
[T2xcross] t=26.2480 id=2161 est=3.8956 svd=0.2901 rel=0.9255 track=2 sf=9
[T2depth] t=26.2480 id=2172 src=motion2 u=419.8 v=97.9 depth=5.0000 depth2=-1.0000 track=2 sf=9 flag=init_neg
[T2depth] t=26.2480 id=2173 src=motion2 u=399.6 v=49.2 depth=0.0125 depth2=-1.0000 track=2 sf=9 flag=ok
[T2depth] t=26.2480 id=2174 src=motion2 u=341.0 v=96.0 depth=0.0099 depth2=-1.0000 track=2 sf=9 flag=ok
[T2xcross] t=26.2480 id=2175 est=5.0000 svd=0.0223 rel=0.9955 track=2 sf=9
[T2depth] t=26.2480 id=2176 src=motion2 u=604.0 v=193.0 depth=0.0221 depth2=-1.0000 track=2 sf=9 flag=ok
[T2depth] t=26.2480 id=2177 src=motion2 u=234.0 v=186.0 depth=0.0029 depth2=-1.0000 track=2 sf=9 flag=ok
[T2depth] t=26.2480 id=2179 src=motion2 u=279.0 v=117.0 depth=0.0019 depth2=-1.0000 track=2 sf=9 flag=ok
[T2depth] t=26.2480 id=2180 src=motion2 u=25.0 v=81.0 depth=5.0000 depth2=-1.0000 track=2 sf=9 flag=init_neg
[T2depth] t=26.2480 id=2183 src=stereo u=83.8 v=103.1 depth=24.2610 depth2=-1.0000 track=1 sf=10 flag=ok
[T2depth] t=26.2480 id=2185 src=stereo u=242.8 v=53.1 depth=5.0000 depth2=-1.0000 track=1 sf=10 flag=init_neg
[T2gate] t=26.2480 tri=44 rej=0 xrej=0 init_replace=3 gate=0
[T2slv] t=26.2480 phase=1 init_cost=89.5688 final_cost=89.1801 iters=9 term=1 slv_ms=13.9
[T2diag] t=26.2480 P=[-0.0178 -0.0007 0.0040] V=[-0.0001 -0.0017 0.0003] |Bas|=0.068574 |Bgs|=0.0063545 Bas=[-0.068509 -0.001106 -0.002773] Bgs=[-0.0022234 0.0043554 -0.0040579] tic0=[0.1200 0.0500 -0.0200] tic1=[0.1200 -0.0500 -0.0200] td=0.00000 track=140
[E2uls] flag=1 sh_t=26.308 new_t=26.308 dP=[0.0024 0.0012 -0.0005] |dP|=0.0027 first_dt=-1.0000
time: 26.248000, t: -0.017810 -0.000715 0.003957 q: 0.999988 -0.000009 -0.004943 0.000722 
[T2xcross] t=26.3480 id=2173 est=0.0125 svd=0.0222 rel=0.4346 track=2 sf=9
[T2depth] t=26.3480 id=2182 src=motion2 u=200.5 v=79.9 depth=5.0000 depth2=-1.0000 track=2 sf=9 flag=init_neg
[T2depth] t=26.3480 id=2184 src=motion2 u=55.7 v=199.1 depth=5.0000 depth2=-1.0000 track=2 sf=9 flag=init_neg
[T2depth] t=26.3480 id=2187 src=motion2 u=151.0 v=282.0 depth=0.9689 depth2=-1.0000 track=2 sf=9 flag=ok
[T2depth] t=26.3480 id=2191 src=motion2 u=329.0 v=120.0 depth=0.0288 depth2=-1.0000 track=2 sf=9 flag=ok
[T2depth] t=26.3480 id=2192 src=stereo u=134.3 v=31.5 depth=37.9061 depth2=-1.0000 track=1 sf=10 flag=ok
[T2gate] t=26.3480 tri=43 rej=0 xrej=0 init_replace=2 gate=0
[T2slv] t=26.3480 phase=1 init_cost=93.0677 final_cost=91.6674 iters=9 term=1 slv_ms=15.8
[T2diag] t=26.3480 P=[-0.0114 0.0022 0.0021] V=[0.0217 0.0065 -0.0047] |Bas|=0.068574 |Bgs|=0.0063996 Bas=[-0.068509 -0.001106 -0.002773] Bgs=[0.0012860 0.0054088 0.0031695] tic0=[0.1200 0.0500 -0.0200] tic1=[0.1200 -0.0500 -0.0200] td=0.00000 track=140
[E2uls] flag=1 sh_t=26.404 new_t=26.404 dP=[-0.0077 -0.0039 0.0027] |dP|=0.0090 first_dt=-1.0000
time: 26.348000, t: -0.011420 0.002185 0.002128 q: 0.999986 -0.000726 -0.005244 -0.000517 
[T2xcross] t=26.4480 id=2172 est=5.0000 svd=1.1096 rel=0.7781 track=2 sf=9
[T2depth] t=26.4480 id=2194 src=motion2 u=480.0 v=67.1 depth=5.0000 depth2=-1.0000 track=2 sf=9 flag=init_neg
[T2depth] t=26.4480 id=2204 src=motion2 u=540.0 v=44.0 depth=0.3549 depth2=-1.0000 track=2 sf=9 flag=ok
[T2depth] t=26.4480 id=2207 src=stereo u=368.2 v=126.0 depth=5.0000 depth2=-1.0000 track=1 sf=10 flag=init_neg
[T2depth] t=26.4480 id=2208 src=stereo u=128.0 v=12.0 depth=37.7862 depth2=-1.0000 track=1 sf=10 flag=ok
[T2depth] t=26.4480 id=2212 src=stereo u=505.0 v=20.0 depth=2.9878 depth2=-1.0000 track=1 sf=10 flag=ok
[T2gate] t=26.4480 tri=45 rej=0 xrej=0 init_replace=2 gate=0
[T2slv] t=26.4480 phase=1 init_cost=95.1847 final_cost=92.322 iters=9 term=1 slv_ms=17.1
[T2diag] t=26.4480 P=[-0.0127 0.0016 0.0021] V=[-0.0208 -0.0074 0.0053] |Bas|=0.068574 |Bgs|=0.0090370 Bas=[-0.068509 -0.001106 -0.002773] Bgs=[-0.0018258 -0.0000095 -0.0088507] tic0=[0.1200 0.0500 -0.0200] tic1=[0.1200 -0.0500 -0.0200] td=0.00000 track=139
[E2uls] flag=1 sh_t=26.492 new_t=26.492 dP=[0.0059 0.0022 -0.0010] |dP|=0.0064 first_dt=-1.0000
time: 26.448000, t: -0.012725 0.001605 0.002058 q: 0.999986 -0.000635 -0.005321 -0.000168 
[T2xcross] t=26.5480 id=2117 est=5.0000 svd=0.7560 rel=0.8488 track=2 sf=9
[T2xcross] t=26.5480 id=2204 est=0.3549 svd=0.2921 rel=0.1771 track=2 sf=9
[T2xcross] t=26.5480 id=2207 est=5.0000 svd=0.2650 rel=0.9470 track=2 sf=9
[T2depth] t=26.5480 id=2210 src=motion2 u=568.0 v=65.0 depth=0.3260 depth2=-1.0000 track=2 sf=9 flag=ok
[T2depth] t=26.5480 id=2211 src=motion2 u=328.0 v=45.0 depth=5.0000 depth2=-1.0000 track=2 sf=9 flag=init_neg
[T2xcross] t=26.5480 id=2212 est=2.9878 svd=0.3140 rel=0.8949 track=2 sf=9
[T2depth] t=26.5480 id=2213 src=motion2 u=171.0 v=8.0 depth=0.3114 depth2=-1.0000 track=2 sf=9 flag=ok
[T2depth] t=26.5480 id=2214 src=motion2 u=564.0 v=204.0 depth=5.0000 depth2=-1.0000 track=2 sf=9 flag=init_neg
[T2depth] t=26.5480 id=2215 src=motion2 u=324.0 v=86.0 depth=5.0000 depth2=-1.0000 track=2 sf=9 flag=init_neg
[T2depth] t=26.5480 id=2216 src=stereo u=416.5 v=178.2 depth=3.8626 depth2=-1.0000 track=1 sf=10 flag=ok
[T2depth] t=26.5480 id=2226 src=stereo u=115.0 v=92.0 depth=39.1924 depth2=-1.0000 track=1 sf=10 flag=ok
[T2depth] t=26.5480 id=2227 src=stereo u=512.0 v=192.0 depth=4.6387 depth2=-1.0000 track=1 sf=10 flag=ok
[T2gate] t=26.5480 tri=42 rej=0 xrej=0 init_replace=3 gate=0
[T2slv] t=26.5480 phase=1 init_cost=91.1365 final_cost=89.8045 iters=9 term=1 slv_ms=15.4
[T2diag] t=26.5480 P=[-0.0163 0.0003 0.0034] V=[-0.0033 0.0003 -0.0010] |Bas|=0.068574 |Bgs|=0.0019494 Bas=[-0.068509 -0.001106 -0.002773] Bgs=[0.0015509 0.0011764 0.0001039] tic0=[0.1200 0.0500 -0.0200] tic1=[0.1200 -0.0500 -0.0200] td=0.00000 track=141
[E2uls] flag=1 sh_t=26.588 new_t=26.588 dP=[-0.0006 0.0002 -0.0005] |dP|=0.0008 first_dt=-1.0000
time: 26.548000, t: -0.016281 0.000267 0.003393 q: 0.999988 -0.000456 -0.004856 0.000302 
[T2xcross] t=26.6480 id=2216 est=3.8626 svd=0.0253 rel=0.9935 track=2 sf=9
[T2depth] t=26.6480 id=2218 src=motion2 u=514.6 v=79.3 depth=5.0000 depth2=-1.0000 track=2 sf=9 flag=init_neg
[T2depth] t=26.6480 id=2220 src=motion2 u=626.7 v=217.8 depth=0.0756 depth2=-1.0000 track=2 sf=9 flag=ok
[T2depth] t=26.6480 id=2222 src=motion2 u=16.0 v=16.0 depth=5.0000 depth2=-1.0000 track=2 sf=9 flag=init_neg
[T2depth] t=26.6480 id=2223 src=motion2 u=624.0 v=127.0 depth=5.0000 depth2=-1.0000 track=2 sf=9 flag=init_neg
[T2depth] t=26.6480 id=2225 src=motion2 u=286.0 v=184.0 depth=0.0468 depth2=-1.0000 track=2 sf=9 flag=ok
[T2depth] t=26.6480 id=2233 src=stereo u=359.9 v=14.6 depth=3.2661 depth2=-1.0000 track=1 sf=10 flag=ok
[T2depth] t=26.6480 id=2235 src=stereo u=416.7 v=9.1 depth=3.7569 depth2=-1.0000 track=1 sf=10 flag=ok
[T2depth] t=26.6480 id=2237 src=stereo u=353.0 v=171.0 depth=4.3296 depth2=-1.0000 track=1 sf=10 flag=ok
[T2gate] t=26.6480 tri=42 rej=0 xrej=0 init_replace=3 gate=0
[T2slv] t=26.6480 phase=1 init_cost=91.4919 final_cost=89.6082 iters=9 term=1 slv_ms=18.3
[T2diag] t=26.6480 P=[-0.0179 -0.0010 0.0034] V=[0.0008 -0.0009 0.0013] |Bas|=0.068574 |Bgs|=0.0035391 Bas=[-0.068509 -0.001106 -0.002773] Bgs=[-0.0027347 0.0016873 -0.0014833] tic0=[0.1200 0.0500 -0.0200] tic1=[0.1200 -0.0500 -0.0200] td=0.00000 track=139
[E2uls] flag=1 sh_t=26.708 new_t=26.708 dP=[0.0004 0.0010 0.0003] |dP|=0.0011 first_dt=-1.0000
time: 26.648000, t: -0.017937 -0.000988 0.003438 q: 0.999987 0.000226 -0.004989 0.000812 
[T2xcross] t=26.7480 id=2218 est=5.0000 svd=0.1397 rel=0.9721 track=2 sf=9
[T2depth] t=26.7480 id=2229 src=motion2 u=348.6 v=78.7 depth=5.0000 depth2=-1.0000 track=2 sf=9 flag=init_neg
[T2depth] t=26.7480 id=2231 src=motion2 u=128.3 v=199.6 depth=0.0918 depth2=-1.0000 track=2 sf=9 flag=ok
[T2xcross] t=26.7480 id=2237 est=4.3296 svd=0.7804 rel=0.8198 track=2 sf=9
[T2depth] t=26.7480 id=2238 src=motion2 u=624.0 v=52.0 depth=0.0413 depth2=-1.0000 track=2 sf=9 flag=ok
[T2depth] t=26.7480 id=2239 src=motion2 u=170.0 v=19.0 depth=5.0000 depth2=-1.0000 track=2 sf=9 flag=init_neg
[T2depth] t=26.7480 id=2240 src=motion2 u=115.0 v=68.0 depth=5.0000 depth2=-1.0000 track=2 sf=9 flag=init_neg
[T2depth] t=26.7480 id=2245 src=stereo u=412.6 v=203.0 depth=3.5043 depth2=-1.0000 track=1 sf=10 flag=ok
[T2depth] t=26.7480 id=2248 src=stereo u=509.2 v=140.8 depth=5.0000 depth2=-1.0000 track=1 sf=10 flag=init_neg
[T2depth] t=26.7480 id=2249 src=stereo u=431.9 v=164.0 depth=3.9432 depth2=-1.0000 track=1 sf=10 flag=ok
[T2depth] t=26.7480 id=2251 src=stereo u=374.0 v=39.0 depth=3.7683 depth2=-1.0000 track=1 sf=10 flag=ok
[T2depth] t=26.7480 id=2253 src=stereo u=55.0 v=208.0 depth=14.1345 depth2=-1.0000 track=1 sf=10 flag=ok
[T2gate] t=26.7480 tri=46 rej=0 xrej=0 init_replace=4 gate=0
[T2slv] t=26.7480 phase=1 init_cost=91.3086 final_cost=89.8776 iters=9 term=1 slv_ms=8.9
[T2diag] t=26.7480 P=[-0.0180 -0.0010 0.0034] V=[-0.0006 -0.0008 0.0010] |Bas|=0.068574 |Bgs|=0.0037727 Bas=[-0.068509 -0.001106 -0.002773] Bgs=[-0.0027028 0.0020302 -0.0016752] tic0=[0.1200 0.0500 -0.0200] tic1=[0.1200 -0.0500 -0.0200] td=0.00000 track=137
[E2uls] flag=1 sh_t=26.804 new_t=26.804 dP=[-0.0004 -0.0005 0.0009] |dP|=0.0011 first_dt=-1.0000
time: 26.748000, t: -0.018014 -0.001050 0.003394 q: 0.999987 0.000309 -0.005034 0.000854 
[T2xcross] t=26.8480 id=2231 est=0.0918 svd=0.0063 rel=0.9309 track=2 sf=9
[T2depth] t=26.8480 id=2241 src=motion2 u=45.9 v=243.0 depth=0.0037 depth2=-1.0000 track=2 sf=9 flag=ok
[T2depth] t=26.8480 id=2243 src=motion2 u=302.5 v=40.7 depth=0.0189 depth2=-1.0000 track=2 sf=9 flag=ok
[T2xcross] t=26.8480 id=2245 est=3.5043 svd=0.0245 rel=0.9930 track=2 sf=9
[T2xcross] t=26.8480 id=2249 est=3.9432 svd=0.0166 rel=0.9958 track=2 sf=9
[T2xcross] t=26.8480 id=2253 est=14.1345 svd=0.0172 rel=0.9988 track=2 sf=9
[T2depth] t=26.8480 id=2254 src=motion2 u=141.0 v=108.0 depth=5.0000 depth2=-1.0000 track=2 sf=9 flag=init_neg
[T2depth] t=26.8480 id=2255 src=motion2 u=562.0 v=27.0 depth=5.0000 depth2=-1.0000 track=2 sf=9 flag=init_neg
[T2depth] t=26.8480 id=2256 src=motion2 u=227.0 v=120.0 depth=0.0136 depth2=-1.0000 track=2 sf=9 flag=ok
[T2gate] t=26.8480 tri=39 rej=0 xrej=0 init_replace=2 gate=0
[T2slv] t=26.8480 phase=1 init_cost=91.5845 final_cost=89.9355 iters=9 term=1 slv_ms=5.8
[T2diag] t=26.8480 P=[-0.0181 -0.0012 0.0036] V=[-0.0015 -0.0015 0.0008] |Bas|=0.068574 |Bgs|=0.0068338 Bas=[-0.068509 -0.001106 -0.002773] Bgs=[-0.0041249 0.0003303 0.0054384] tic0=[0.1200 0.0500 -0.0200] tic1=[0.1200 -0.0500 -0.0200] td=0.00000 track=144
[E2uls] flag=1 sh_t=26.880 new_t=26.880 dP=[-0.0002 -0.0003 -0.0002] |dP|=0.0004 first_dt=-1.0000
time: 26.848000, t: -0.018077 -0.001199 0.003574 q: 0.999987 0.000409 -0.005015 0.000923 
[T2depth] t=26.9480 id=2259 src=motion2 u=367.0 v=220.2 depth=5.0000 depth2=-1.0000 track=2 sf=9 flag=init_neg
[T2depth] t=26.9480 id=2262 src=motion2 u=100.0 v=117.0 depth=5.0000 depth2=-1.0000 track=2 sf=9 flag=init_neg
[T2depth] t=26.9480 id=2263 src=motion2 u=163.0 v=230.0 depth=5.0000 depth2=-1.0000 track=2 sf=9 flag=init_neg
[T2depth] t=26.9480 id=2265 src=stereo u=196.0 v=194.9 depth=5.0000 depth2=-1.0000 track=1 sf=10 flag=init_neg
[T2gate] t=26.9480 tri=40 rej=0 xrej=0 init_replace=4 gate=0
[T2slv] t=26.9480 phase=1 init_cost=94.8241 final_cost=89.9053 iters=9 term=1 slv_ms=9.6
[T2diag] t=26.9480 P=[-0.0182 -0.0012 0.0034] V=[-0.0012 -0.0031 -0.0003] |Bas|=0.068574 |Bgs|=0.0046728 Bas=[-0.068509 -0.001106 -0.002773] Bgs=[-0.0000766 -0.0042795 0.0018748] tic0=[0.1200 0.0500 -0.0200] tic1=[0.1200 -0.0500 -0.0200] td=0.00000 track=141
[E2uls] flag=1 sh_t=26.992 new_t=26.992 dP=[-0.0006 -0.0013 0.0004] |dP|=0.0015 first_dt=-1.0000
time: 26.948000, t: -0.018180 -0.001245 0.003415 q: 0.999987 0.000484 -0.005051 0.000878 
[T2depth] t=27.0480 id=2264 src=motion2 u=325.3 v=71.9 depth=0.1831 depth2=-1.0000 track=2 sf=9 flag=ok
[T2depth] t=27.0480 id=2267 src=motion2 u=265.6 v=192.0 depth=0.0251 depth2=-1.0000 track=2 sf=9 flag=ok
[T2depth] t=27.0480 id=2269 src=motion2 u=596.1 v=72.5 depth=5.0000 depth2=-1.0000 track=2 sf=9 flag=init_neg
[T2depth] t=27.0480 id=2271 src=motion2 u=544.0 v=115.0 depth=0.2489 depth2=-1.0000 track=2 sf=9 flag=ok
[T2depth] t=27.0480 id=2282 src=stereo u=319.0 v=36.0 depth=37.4976 depth2=-1.0000 track=1 sf=10 flag=ok
[T2depth] t=27.0480 id=2284 src=stereo u=25.0 v=7.0 depth=30.0028 depth2=-1.0000 track=1 sf=10 flag=ok
[T2gate] t=27.0480 tri=45 rej=0 xrej=0 init_replace=1 gate=0
[T2slv] t=27.0480 phase=1 init_cost=98.7011 final_cost=90.1684 iters=9 term=1 slv_ms=5.5
[T2diag] t=27.0480 P=[-0.0183 -0.0014 0.0033] V=[-0.0005 -0.0018 0.0000] |Bas|=0.068574 |Bgs|=0.0016827 Bas=[-0.068509 -0.001106 -0.002773] Bgs=[0.0000806 0.0016679 -0.0002071] tic0=[0.1200 0.0500 -0.0200] tic1=[0.1200 -0.0500 -0.0200] td=0.00000 track=138
[E2uls] flag=1 sh_t=27.076 new_t=27.076 dP=[-0.0003 -0.0007 -0.0001] |dP|=0.0008 first_dt=-1.0000
time: 27.048000, t: -0.018305 -0.001418 0.003348 q: 0.999987 0.000536 -0.005055 0.000925 
[T2depth] t=27.1480 id=2276 src=motion2 u=496.3 v=220.1 depth=0.0270 depth2=-1.0000 track=2 sf=9 flag=ok
[T2depth] t=27.1480 id=2277 src=motion2 u=312.3 v=169.2 depth=0.1226 depth2=-1.0000 track=2 sf=9 flag=ok
[T2depth] t=27.1480 id=2278 src=motion2 u=625.4 v=259.0 depth=5.0000 depth2=-1.0000 track=2 sf=9 flag=init_neg
[T2depth] t=27.1480 id=2280 src=motion2 u=188.0 v=118.6 depth=5.0000 depth2=-1.0000 track=2 sf=9 flag=init_neg
[T2depth] t=27.1480 id=2283 src=motion2 u=226.0 v=186.0 depth=0.0455 depth2=-1.0000 track=2 sf=9 flag=ok
[T2xcross] t=27.1480 id=2284 est=30.0028 svd=0.1036 rel=0.9965 track=2 sf=9
[T2depth] t=27.1480 id=2288 src=stereo u=37.6 v=38.5 depth=5.0000 depth2=-1.0000 track=1 sf=10 flag=init_neg
[T2depth] t=27.1480 id=2290 src=stereo u=374.9 v=206.4 depth=4.4648 depth2=-1.0000 track=1 sf=10 flag=ok
[T2depth] t=27.1480 id=2294 src=stereo u=224.0 v=41.0 depth=5.0000 depth2=-1.0000 track=1 sf=10 flag=init_neg
[T2depth] t=27.1480 id=2296 src=stereo u=120.0 v=32.0 depth=5.0000 depth2=-1.0000 track=1 sf=10 flag=init_neg
[T2depth] t=27.1480 id=2299 src=stereo u=485.0 v=181.0 depth=3.6253 depth2=-1.0000 track=1 sf=10 flag=ok
[T2gate] t=27.1480 tri=47 rej=0 xrej=0 init_replace=5 gate=0
[T2slv] t=27.1480 phase=1 init_cost=92.6759 final_cost=90.0812 iters=9 term=1 slv_ms=5.1
[T2diag] t=27.1480 P=[-0.0184 -0.0015 0.0035] V=[-0.0007 -0.0020 0.0008] |Bas|=0.068574 |Bgs|=0.0025262 Bas=[-0.068509 -0.001106 -0.002773] Bgs=[-0.0007333 -0.0020270 -0.0013173] tic0=[0.1200 0.0500 -0.0200] tic1=[0.1200 -0.0500 -0.0200] td=0.00000 track=138
[E2uls] flag=1 sh_t=27.176 new_t=27.176 dP=[0.0002 -0.0006 -0.0001] |dP|=0.0006 first_dt=-1.0000
time: 27.148000, t: -0.018444 -0.001508 0.003542 q: 0.999986 0.000666 -0.005174 0.000963 
[T2xcross] t=27.2480 id=2283 est=0.0455 svd=0.0313 rel=0.3114 track=2 sf=9
[T2depth] t=27.2480 id=2293 src=motion2 u=591.0 v=93.0 depth=5.0000 depth2=-1.0000 track=2 sf=9 flag=init_neg
[T2depth] t=27.2480 id=2303 src=stereo u=415.0 v=80.6 depth=3.8817 depth2=-1.0000 track=1 sf=10 flag=ok
[T2depth] t=27.2480 id=2304 src=stereo u=83.2 v=61.7 depth=5.0000 depth2=-1.0000 track=1 sf=10 flag=init_neg
[T2depth] t=27.2480 id=2306 src=stereo u=507.2 v=9.9 depth=3.4783 depth2=-1.0000 track=1 sf=10 flag=ok
[T2depth] t=27.2480 id=2310 src=stereo u=619.0 v=194.0 depth=37.9878 depth2=-1.0000 track=1 sf=10 flag=ok
[T2depth] t=27.2480 id=2313 src=stereo u=396.0 v=150.0 depth=4.5277 depth2=-1.0000 track=1 sf=10 flag=ok
[T2gate] t=27.2480 tri=48 rej=0 xrej=0 init_replace=2 gate=0
[T2slv] t=27.2480 phase=1 init_cost=91.166 final_cost=90.1719 iters=9 term=1 slv_ms=10.1
[T2diag] t=27.2480 P=[-0.0185 -0.0013 0.0047] V=[0.0005 -0.0006 0.0011] |Bas|=0.068574 |Bgs|=0.0028362 Bas=[-0.068509 -0.001106 -0.002773] Bgs=[-0.0026569 0.0006711 0.0007308] tic0=[0.1200 0.0500 -0.0200] tic1=[0.1200 -0.0500 -0.0200] td=0.00000 track=134
[E2uls] flag=1 sh_t=27.292 new_t=27.292 dP=[-0.0001 -0.0007 -0.0011] |dP|=0.0013 first_dt=-1.0000
time: 27.248000, t: -0.018507 -0.001337 0.004743 q: 0.999987 0.000520 -0.004995 0.000931 
[T2xcross] t=27.3520 id=2299 est=3.6253 svd=0.0113 rel=0.9969 track=2 sf=9
[T2depth] t=27.3520 id=2302 src=motion2 u=529.8 v=168.2 depth=0.0200 depth2=-1.0000 track=2 sf=9 flag=ok
[T2xcross] t=27.3520 id=2304 est=5.0000 svd=0.0166 rel=0.9967 track=2 sf=9
[T2depth] t=27.3520 id=2305 src=motion2 u=47.2 v=107.8 depth=0.0058 depth2=-1.0000 track=2 sf=9 flag=ok
[T2xcross] t=27.3520 id=2306 est=3.4783 svd=0.0108 rel=0.9969 track=2 sf=9
[T2depth] t=27.3520 id=2307 src=motion2 u=251.6 v=121.8 depth=5.0000 depth2=-1.0000 track=2 sf=9 flag=init_neg
[T2xcross] t=27.3520 id=2310 est=37.9878 svd=0.0109 rel=0.9997 track=2 sf=9
[T2depth] t=27.3520 id=2311 src=motion2 u=343.0 v=19.0 depth=0.0217 depth2=-1.0000 track=2 sf=9 flag=ok
[T2depth] t=27.3520 id=2312 src=motion2 u=172.0 v=183.0 depth=5.0000 depth2=-1.0000 track=2 sf=9 flag=init_neg
[T2xcross] t=27.3520 id=2313 est=4.5277 svd=0.0027 rel=0.9994 track=2 sf=9
[T2depth] t=27.3520 id=2314 src=motion2 u=56.0 v=10.0 depth=0.0045 depth2=-1.0000 track=2 sf=9 flag=ok
[T2depth] t=27.3520 id=2315 src=motion2 u=317.0 v=55.0 depth=0.0186 depth2=-1.0000 track=2 sf=9 flag=ok
[T2depth] t=27.3520 id=2317 src=motion2 u=399.0 v=26.0 depth=0.0165 depth2=-1.0000 track=2 sf=9 flag=ok
[T2depth] t=27.3520 id=2322 src=stereo u=275.0 v=71.0 depth=23.5160 depth2=-1.0000 track=1 sf=10 flag=ok
[T2gate] t=27.3520 tri=41 rej=0 xrej=0 init_replace=2 gate=0
[T2slv] t=27.3520 phase=1 init_cost=93.262 final_cost=92.7254 iters=9 term=1 slv_ms=21.5
[T2diag] t=27.3520 P=[-0.0163 -0.0008 0.0045] V=[0.0117 -0.0004 -0.0073] |Bas|=0.068574 |Bgs|=0.0044632 Bas=[-0.068509 -0.001106 -0.002773] Bgs=[-0.0003444 0.0025876 0.0036203] tic0=[0.1200 0.0500 -0.0200] tic1=[0.1200 -0.0500 -0.0200] td=0.00000 track=145
[E2uls] flag=1 sh_t=27.396 new_t=27.396 dP=[-0.0028 -0.0006 0.0007] |dP|=0.0029 first_dt=-1.0000
time: 27.352000, t: -0.016257 -0.000790 0.004473 q: 0.999987 0.000153 -0.004974 0.000573 
[T2xcross] t=27.4840 id=2303 est=3.8817 svd=2.5899 rel=0.3328 track=2 sf=9
[T2depth] t=27.4840 id=2319 src=motion2 u=308.8 v=114.5 depth=5.0000 depth2=-1.0000 track=2 sf=9 flag=init_neg
[T2depth] t=27.4840 id=2321 src=motion2 u=244.0 v=49.0 depth=0.6889 depth2=-1.0000 track=2 sf=9 flag=ok
[T2xcross] t=27.4840 id=2322 est=23.5160 svd=0.2433 rel=0.9897 track=2 sf=9
[T2depth] t=27.4840 id=2331 src=stereo u=511.0 v=36.0 depth=4.1114 depth2=-1.0000 track=1 sf=10 flag=ok
[T2depth] t=27.4840 id=2332 src=stereo u=485.0 v=60.0 depth=4.0814 depth2=-1.0000 track=1 sf=10 flag=ok
[T2depth] t=27.4840 id=2333 src=stereo u=357.0 v=231.0 depth=3.8001 depth2=-1.0000 track=1 sf=10 flag=ok
[T2depth] t=27.4840 id=2338 src=stereo u=303.0 v=196.0 depth=35.6300 depth2=-1.0000 track=1 sf=10 flag=ok
[T2gate] t=27.4840 tri=42 rej=0 xrej=0 init_replace=1 gate=0
[T2slv] t=27.4840 phase=1 init_cost=96.2878 final_cost=94.0745 iters=9 term=1 slv_ms=29.3
[T2diag] t=27.4840 P=[-0.0093 0.0021 0.0014] V=[0.0041 0.0031 -0.0026] |Bas|=0.068574 |Bgs|=0.0052806 Bas=[-0.068509 -0.001106 -0.002773] Bgs=[0.0038150 -0.0008933 0.0035401] tic0=[0.1200 0.0500 -0.0200] tic1=[0.1200 -0.0500 -0.0200] td=0.00000 track=137
[E2uls] flag=1 sh_t=27.540 new_t=27.540 dP=[-0.0051 -0.0032 0.0012] |dP|=0.0061 first_dt=-1.0000
time: 27.484000, t: -0.009346 0.002145 0.001436 q: 0.999984 -0.000461 -0.005541 -0.000619 
[T2xcross] t=27.5840 id=2302 est=0.0200 svd=0.1245 rel=0.8391 track=2 sf=9
[T2xcross] t=27.5840 id=2319 est=5.0000 svd=0.1507 rel=0.9699 track=2 sf=9
[T2depth] t=27.5840 id=2328 src=motion2 u=156.3 v=131.6 depth=5.0000 depth2=-1.0000 track=2 sf=9 flag=init_neg
[T2depth] t=27.5840 id=2330 src=motion2 u=224.0 v=77.0 depth=5.0000 depth2=-1.0000 track=2 sf=9 flag=init_neg
[T2xcross] t=27.5840 id=2333 est=3.8001 svd=0.2479 rel=0.9348 track=2 sf=9
[T2depth] t=27.5840 id=2336 src=motion2 u=621.0 v=118.0 depth=0.1357 depth2=-1.0000 track=2 sf=9 flag=ok
[T2depth] t=27.5840 id=2339 src=stereo u=120.1 v=128.2 depth=5.0000 depth2=-1.0000 track=1 sf=10 flag=init_neg
[T2depth] t=27.5840 id=2340 src=stereo u=445.0 v=182.8 depth=3.8977 depth2=-1.0000 track=1 sf=10 flag=ok
[T2depth] t=27.5840 id=2343 src=stereo u=263.0 v=18.0 depth=38.2044 depth2=-1.0000 track=1 sf=10 flag=ok
[T2depth] t=27.5840 id=2346 src=stereo u=160.0 v=175.0 depth=5.0000 depth2=-1.0000 track=1 sf=10 flag=init_neg
[T2gate] t=27.5840 tri=42 rej=0 xrej=0 init_replace=4 gate=0
[T2slv] t=27.5840 phase=1 init_cost=95.878 final_cost=94.0915 iters=9 term=1 slv_ms=11.6
[T2diag] t=27.5840 P=[-0.0128 0.0013 0.0022] V=[-0.0182 -0.0077 0.0047] |Bas|=0.068574 |Bgs|=0.0055222 Bas=[-0.068509 -0.001106 -0.002773] Bgs=[-0.0050502 -0.0022002 -0.0003867] tic0=[0.1200 0.0500 -0.0200] tic1=[0.1200 -0.0500 -0.0200] td=0.00000 track=142
[E2uls] flag=1 sh_t=27.636 new_t=27.636 dP=[0.0049 0.0018 -0.0017] |dP|=0.0055 first_dt=-1.0000
time: 27.584000, t: -0.012785 0.001305 0.002180 q: 0.999986 -0.000528 -0.005318 -0.000181 
[T2xcross] t=27.6840 id=2276 est=0.0270 svd=0.4922 rel=0.9452 track=2 sf=9
[T2depth] t=27.6840 id=2342 src=motion2 u=354.7 v=151.6 depth=5.0000 depth2=-1.0000 track=2 sf=9 flag=init_neg
[T2xcross] t=27.6840 id=2343 est=38.2044 svd=3.5853 rel=0.9062 track=2 sf=9
[T2depth] t=27.6840 id=2344 src=motion2 u=609.0 v=146.0 depth=0.2735 depth2=-1.0000 track=2 sf=9 flag=ok
[T2depth] t=27.6840 id=2351 src=stereo u=446.0 v=71.0 depth=3.8907 depth2=-1.0000 track=1 sf=10 flag=ok
[T2depth] t=27.6840 id=2354 src=stereo u=378.0 v=195.0 depth=3.6431 depth2=-1.0000 track=1 sf=10 flag=ok
[T2depth] t=27.6840 id=2357 src=stereo u=379.0 v=11.0 depth=3.9402 depth2=-1.0000 track=1 sf=10 flag=ok
[T2depth] t=27.6840 id=2358 src=stereo u=387.0 v=60.0 depth=3.6227 depth2=-1.0000 track=1 sf=10 flag=ok
[T2gate] t=27.6840 tri=40 rej=0 xrej=0 init_replace=1 gate=0
[T2slv] t=27.6840 phase=1 init_cost=95.5954 final_cost=91.2794 iters=9 term=1 slv_ms=15.6
[T2diag] t=27.6840 P=[-0.0165 0.0003 0.0039] V=[-0.0039 -0.0014 0.0002] |Bas|=0.068574 |Bgs|=0.0039083 Bas=[-0.068509 -0.001106 -0.002773] Bgs=[-0.0018540 -0.0014961 -0.0030983] tic0=[0.1200 0.0500 -0.0200] tic1=[0.1200 -0.0500 -0.0200] td=0.00000 track=139
[E2uls] flag=1 sh_t=27.736 new_t=27.736 dP=[-0.0002 -0.0006 -0.0008] |dP|=0.0010 first_dt=-1.0000
time: 27.684000, t: -0.016464 0.000289 0.003853 q: 0.999988 -0.000310 -0.004916 0.000341 
[T2depth] t=27.7840 id=2348 src=motion2 u=119.4 v=100.6 depth=5.0000 depth2=-1.0000 track=2 sf=9 flag=init_neg
[T2depth] t=27.7840 id=2349 src=motion2 u=284.8 v=203.3 depth=0.0005 depth2=-1.0000 track=2 sf=9 flag=ok
[T2xcross] t=27.7840 id=2351 est=3.8907 svd=0.1184 rel=0.9696 track=2 sf=9
[T2depth] t=27.7840 id=2353 src=motion2 u=216.0 v=147.0 depth=0.0160 depth2=-1.0000 track=2 sf=9 flag=ok
[T2depth] t=27.7840 id=2355 src=motion2 u=540.0 v=21.0 depth=5.0000 depth2=-1.0000 track=2 sf=9 flag=init_neg
[T2xcross] t=27.7840 id=2358 est=3.6227 svd=0.0291 rel=0.9920 track=2 sf=9
[T2depth] t=27.7840 id=2360 src=stereo u=485.6 v=93.1 depth=4.5850 depth2=-1.0000 track=1 sf=10 flag=ok
[T2depth] t=27.7840 id=2361 src=stereo u=69.3 v=142.5 depth=5.0000 depth2=-1.0000 track=1 sf=10 flag=init_neg
[T2depth] t=27.7840 id=2364 src=stereo u=77.8 v=51.4 depth=5.0000 depth2=-1.0000 track=1 sf=10 flag=init_neg
[T2gate] t=27.7840 tri=42 rej=0 xrej=0 init_replace=4 gate=0
[T2slv] t=27.7840 phase=1 init_cost=92.2119 final_cost=91.202 iters=9 term=1 slv_ms=9.2
[T2diag] t=27.7840 P=[-0.0178 -0.0008 0.0042] V=[0.0019 0.0000 0.0017] |Bas|=0.068574 |Bgs|=0.0025067 Bas=[-0.068509 -0.001106 -0.002773] Bgs=[0.0008047 -0.0005618 -0.0023066] tic0=[0.1200 0.0500 -0.0200] tic1=[0.1200 -0.0500 -0.0200] td=0.00000 track=140
[E2uls] flag=1 sh_t=27.836 new_t=27.836 dP=[0.0001 0.0007 0.0000] |dP|=0.0007 first_dt=-1.0000
time: 27.784000, t: -0.017754 -0.000811 0.004158 q: 0.999988 0.000184 -0.004940 0.000700 
[T2xcross] t=27.8840 id=2076 est=5.0000 svd=1.3446 rel=0.7311 track=2 sf=9
[T2xcross] t=27.8840 id=2342 est=5.0000 svd=0.1539 rel=0.9692 track=2 sf=9
[T2xcross] t=27.8840 id=2348 est=5.0000 svd=0.0142 rel=0.9972 track=2 sf=9
[T2xcross] t=27.8840 id=2361 est=5.0000 svd=0.1140 rel=0.9772 track=2 sf=9
[T2depth] t=27.8840 id=2365 src=motion2 u=322.0 v=37.0 depth=0.0094 depth2=-1.0000 track=2 sf=9 flag=ok
[T2depth] t=27.8840 id=2368 src=motion2 u=25.0 v=72.0 depth=0.0021 depth2=-1.0000 track=2 sf=9 flag=ok
[T2depth] t=27.8840 id=2370 src=motion2 u=345.0 v=181.0 depth=0.0301 depth2=-1.0000 track=2 sf=9 flag=ok
[T2depth] t=27.8840 id=2377 src=stereo u=218.0 v=39.0 depth=5.0000 depth2=-1.0000 track=1 sf=10 flag=init_neg
[T2gate] t=27.8840 tri=39 rej=0 xrej=0 init_replace=1 gate=0
[T2slv] t=27.8840 phase=1 init_cost=95.6661 final_cost=93.9678 iters=9 term=1 slv_ms=13.3
[T2diag] t=27.8840 P=[-0.0170 -0.0011 0.0037] V=[0.0040 -0.0002 -0.0032] |Bas|=0.068574 |Bgs|=0.0046213 Bas=[-0.068509 -0.001106 -0.002773] Bgs=[-0.0039767 -0.0011959 0.0020279] tic0=[0.1200 0.0500 -0.0200] tic1=[0.1200 -0.0500 -0.0200] td=0.00000 track=143
[E2uls] flag=1 sh_t=27.928 new_t=27.928 dP=[-0.0009 0.0000 0.0009] |dP|=0.0013 first_dt=-1.0000
time: 27.884000, t: -0.016973 -0.001101 0.003691 q: 0.999987 0.000200 -0.005098 0.000666 
[T2xcross] t=27.9840 id=2340 est=3.8977 svd=0.1273 rel=0.9673 track=2 sf=9
[T2xcross] t=27.9840 id=2360 est=4.5850 svd=0.4148 rel=0.9095 track=2 sf=9
[T2depth] t=27.9840 id=2376 src=motion2 u=605.2 v=223.9 depth=5.0000 depth2=-1.0000 track=2 sf=9 flag=init_neg
[T2depth] t=27.9840 id=2379 src=motion2 u=624.0 v=110.0 depth=0.0491 depth2=-1.0000 track=2 sf=9 flag=ok
[T2depth] t=27.9840 id=2380 src=motion2 u=549.0 v=92.0 depth=0.0743 depth2=-1.0000 track=2 sf=9 flag=ok
[T2depth] t=27.9840 id=2382 src=stereo u=155.9 v=57.7 depth=5.0000 depth2=-1.0000 track=1 sf=10 flag=init_neg
[T2depth] t=27.9840 id=2385 src=stereo u=195.2 v=28.8 depth=5.0000 depth2=-1.0000 track=1 sf=10 flag=init_neg
[T2depth] t=27.9840 id=2387 src=stereo u=208.6 v=180.1 depth=21.6737 depth2=-1.0000 track=1 sf=10 flag=ok
[T2depth] t=27.9840 id=2391 src=stereo u=88.9 v=215.2 depth=7.8838 depth2=-1.0000 track=1 sf=10 flag=ok
[T2gate] t=27.9840 tri=42 rej=0 xrej=0 init_replace=3 gate=0
[T2slv] t=27.9840 phase=1 init_cost=96.3725 final_cost=95.0163 iters=9 term=1 slv_ms=6.3
[T2diag] t=27.9840 P=[-0.0140 0.0005 0.0044] V=[-0.0004 -0.0014 -0.0004] |Bas|=0.068574 |Bgs|=0.0038790 Bas=[-0.068509 -0.001106 -0.002773] Bgs=[-0.0033489 -0.0009591 0.0017063] tic0=[0.1200 0.0500 -0.0200] tic1=[0.1200 -0.0500 -0.0200] td=0.00000 track=139
[E2uls] flag=1 sh_t=28.020 new_t=28.020 dP=[-0.0026 -0.0020 -0.0013] |dP|=0.0035 first_dt=-1.0000
time: 27.984000, t: -0.013988 0.000462 0.004422 q: 0.999988 -0.000345 -0.004934 0.000174 
[T2depth] t=28.0840 id=2383 src=motion2 u=587.2 v=114.8 depth=5.0000 depth2=-1.0000 track=2 sf=9 flag=init_neg
[T2depth] t=28.0840 id=2386 src=motion2 u=317.4 v=93.5 depth=5.0000 depth2=-1.0000 track=2 sf=9 flag=init_neg
[T2xcross] t=28.0840 id=2387 est=21.6737 svd=0.0255 rel=0.9988 track=2 sf=9
[T2depth] t=28.0840 id=2389 src=motion2 u=91.3 v=62.9 depth=5.0000 depth2=-1.0000 track=2 sf=9 flag=init_neg
[T2depth] t=28.0840 id=2390 src=motion2 u=581.5 v=60.4 depth=5.0000 depth2=-1.0000 track=2 sf=9 flag=init_neg
[T2depth] t=28.0840 id=2392 src=motion2 u=42.0 v=23.0 depth=0.0537 depth2=-1.0000 track=2 sf=9 flag=ok
[T2depth] t=28.0840 id=2393 src=motion2 u=283.0 v=77.0 depth=0.0652 depth2=-1.0000 track=2 sf=9 flag=ok
[T2depth] t=28.0840 id=2399 src=stereo u=381.0 v=277.0 depth=5.0000 depth2=-1.0000 track=1 sf=10 flag=init_neg
[T2depth] t=28.0840 id=2406 src=stereo u=91.0 v=197.0 depth=32.9031 depth2=-1.0000 track=1 sf=10 flag=ok
[T2gate] t=28.0840 tri=43 rej=0 xrej=0 init_replace=5 gate=0
[T2slv] t=28.0840 phase=1 init_cost=99.3506 final_cost=94.9796 iters=9 term=1 slv_ms=17.0
[T2diag] t=28.0840 P=[-0.0087 0.0028 0.0016] V=[0.0124 0.0071 -0.0043] |Bas|=0.068574 |Bgs|=0.0065692 Bas=[-0.068509 -0.001106 -0.002773] Bgs=[0.0044450 -0.0010935 0.0047117] tic0=[0.1200 0.0500 -0.0200] tic1=[0.1200 -0.0500 -0.0200] td=0.00000 track=139
[E2uls] flag=1 sh_t=28.144 new_t=28.144 dP=[-0.0058 -0.0028 0.0026] |dP|=0.0070 first_dt=-1.0000
time: 28.084000, t: -0.008707 0.002808 0.001649 q: 0.999984 -0.000470 -0.005623 -0.000650 
[T2xcross] t=28.1840 id=2386 est=5.0000 svd=0.3182 rel=0.9364 track=2 sf=9
[T2depth] t=28.1840 id=2398 src=motion2 u=352.8 v=79.8 depth=0.0704 depth2=-1.0000 track=2 sf=9 flag=ok
[T2xcross] t=28.1840 id=2399 est=5.0000 svd=2.0522 rel=0.5896 track=2 sf=9
[T2depth] t=28.1840 id=2400 src=motion2 u=310.0 v=13.0 depth=5.0000 depth2=-1.0000 track=2 sf=9 flag=init_neg
[T2depth] t=28.1840 id=2401 src=motion2 u=244.0 v=239.0 depth=5.0000 depth2=-1.0000 track=2 sf=9 flag=init_neg
[T2depth] t=28.1840 id=2402 src=motion2 u=19.0 v=134.0 depth=5.0000 depth2=-1.0000 track=2 sf=9 flag=init_neg
[T2depth] t=28.1840 id=2404 src=motion2 u=507.0 v=179.0 depth=5.0000 depth2=-1.0000 track=2 sf=9 flag=init_neg
[T2depth] t=28.1840 id=2412 src=stereo u=42.6 v=198.4 depth=5.0000 depth2=-1.0000 track=1 sf=10 flag=init_neg
[T2depth] t=28.1840 id=2417 src=stereo u=381.0 v=208.0 depth=4.6556 depth2=-1.0000 track=1 sf=10 flag=ok
[T2depth] t=28.1840 id=2420 src=stereo u=253.0 v=181.0 depth=5.0000 depth2=-1.0000 track=1 sf=10 flag=init_neg
[T2gate] t=28.1840 tri=45 rej=0 xrej=0 init_replace=6 gate=0
[T2slv] t=28.1840 phase=1 init_cost=95.6166 final_cost=94.5838 iters=9 term=1 slv_ms=18.0
[T2diag] t=28.1840 P=[-0.0118 0.0025 0.0024] V=[-0.0270 -0.0087 0.0079] |Bas|=0.068574 |Bgs|=0.0087741 Bas=[-0.068509 -0.001106 -0.002773] Bgs=[0.0034815 0.0013687 -0.0079366] tic0=[0.1200 0.0500 -0.0200] tic1=[0.1200 -0.0500 -0.0200] td=0.00000 track=139
[E2uls] flag=1 sh_t=28.224 new_t=28.224 dP=[0.0068 0.0019 -0.0012] |dP|=0.0072 first_dt=-1.0000
time: 28.184000, t: -0.011762 0.002456 0.002392 q: 0.999984 -0.000551 -0.005589 -0.000293 
[T2xcross] t=28.2840 id=2404 est=5.0000 svd=0.4925 rel=0.9015 track=2 sf=9
[T2depth] t=28.2840 id=2411 src=motion2 u=115.4 v=87.4 depth=5.0000 depth2=-1.0000 track=2 sf=9 flag=init_neg
[T2xcross] t=28.2840 id=2412 est=5.0000 svd=0.1756 rel=0.9649 track=2 sf=9
[T2depth] t=28.2840 id=2418 src=motion2 u=549.0 v=211.0 depth=5.0000 depth2=-1.0000 track=2 sf=9 flag=init_neg
[T2depth] t=28.2840 id=2419 src=motion2 u=106.0 v=13.0 depth=0.5370 depth2=-1.0000 track=2 sf=9 flag=ok
[T2depth] t=28.2840 id=2422 src=stereo u=197.7 v=79.6 depth=5.0000 depth2=-1.0000 track=1 sf=10 flag=init_neg
[T2depth] t=28.2840 id=2423 src=stereo u=377.8 v=120.4 depth=3.9879 depth2=-1.0000 track=1 sf=10 flag=ok
[T2depth] t=28.2840 id=2424 src=stereo u=519.9 v=139.1 depth=25.5674 depth2=-1.0000 track=1 sf=10 flag=ok
[T2depth] t=28.2840 id=2426 src=stereo u=136.0 v=151.0 depth=5.0000 depth2=-1.0000 track=1 sf=10 flag=init_neg
[T2depth] t=28.2840 id=2428 src=stereo u=552.0 v=88.0 depth=5.0000 depth2=-1.0000 track=1 sf=10 flag=init_neg
[T2gate] t=28.2840 tri=44 rej=0 xrej=0 init_replace=5 gate=0
[T2slv] t=28.2840 phase=1 init_cost=94.4699 final_cost=93.0614 iters=9 term=1 slv_ms=25.0
[T2diag] t=28.2840 P=[-0.0139 0.0021 0.0036] V=[-0.0028 -0.0006 0.0002] |Bas|=0.068574 |Bgs|=0.0027407 Bas=[-0.068509 -0.001106 -0.002773] Bgs=[-0.0014618 0.0009124 0.0021312] tic0=[0.1200 0.0500 -0.0200] tic1=[0.1200 -0.0500 -0.0200] td=0.00000 track=139
[E2uls] flag=1 sh_t=28.332 new_t=28.332 dP=[-0.0038 -0.0015 0.0007] |dP|=0.0042 first_dt=-1.0000
time: 28.284000, t: -0.013923 0.002125 0.003568 q: 0.999987 -0.000680 -0.005130 -0.000187 
[T2xcross] t=28.3840 id=52 est=5.0000 svd=0.1765 rel=0.9647 track=2 sf=9
[T2xcross] t=28.3840 id=2417 est=4.6556 svd=0.0587 rel=0.9874 track=2 sf=9
[T2xcross] t=28.3840 id=2423 est=3.9879 svd=0.0389 rel=0.9902 track=2 sf=9
[T2depth] t=28.3840 id=2425 src=motion2 u=207.9 v=27.4 depth=5.0000 depth2=-1.0000 track=2 sf=9 flag=init_neg
[T2depth] t=28.3840 id=2427 src=motion2 u=17.0 v=16.0 depth=0.0779 depth2=-1.0000 track=2 sf=9 flag=ok
[T2xcross] t=28.3840 id=2428 est=5.0000 svd=0.0030 rel=0.9994 track=2 sf=9
[T2depth] t=28.3840 id=2429 src=motion2 u=19.0 v=51.0 depth=0.0069 depth2=-1.0000 track=2 sf=9 flag=ok
[T2depth] t=28.3840 id=2430 src=motion2 u=99.0 v=112.0 depth=0.0314 depth2=-1.0000 track=2 sf=9 flag=ok
[T2depth] t=28.3840 id=2432 src=stereo u=316.8 v=99.6 depth=5.0000 depth2=-1.0000 track=1 sf=10 flag=init_neg
[T2depth] t=28.3840 id=2438 src=stereo u=543.0 v=18.0 depth=3.4611 depth2=-1.0000 track=1 sf=10 flag=ok
[T2depth] t=28.3840 id=2444 src=stereo u=385.0 v=174.0 depth=4.3582 depth2=-1.0000 track=1 sf=10 flag=ok
[T2gate] t=28.3840 tri=43 rej=0 xrej=0 init_replace=2 gate=0
[T2slv] t=28.3840 phase=1 init_cost=95.0589 final_cost=94.1968 iters=9 term=1 slv_ms=12.3
[T2diag] t=28.3840 P=[-0.0144 0.0013 0.0030] V=[0.0028 0.0001 -0.0015] |Bas|=0.068574 |Bgs|=0.0029854 Bas=[-0.068509 -0.001106 -0.002773] Bgs=[0.0029232 0.0005302 0.0002945] tic0=[0.1200 0.0500 -0.0200] tic1=[0.1200 -0.0500 -0.0200] td=0.00000 track=138
[E2uls] flag=1 sh_t=28.436 new_t=28.436 dP=[-0.0002 0.0007 0.0006] |dP|=0.0010 first_dt=-1.0000
time: 28.384000, t: -0.014412 0.001278 0.003042 q: 0.999987 -0.000698 -0.005073 -0.000099 
[T2depth] t=28.4840 id=2434 src=motion2 u=494.5 v=20.0 depth=5.0000 depth2=-1.0000 track=2 sf=9 flag=init_neg
[T2depth] t=28.4840 id=2435 src=motion2 u=547.2 v=196.4 depth=5.0000 depth2=-1.0000 track=2 sf=9 flag=init_neg
[T2xcross] t=28.4840 id=2438 est=3.4611 svd=0.0077 rel=0.9978 track=2 sf=9
[T2depth] t=28.4840 id=2439 src=motion2 u=424.0 v=86.0 depth=0.0630 depth2=-1.0000 track=2 sf=9 flag=ok
[T2depth] t=28.4840 id=2441 src=motion2 u=128.0 v=162.0 depth=5.0000 depth2=-1.0000 track=2 sf=9 flag=init_neg
[T2depth] t=28.4840 id=2442 src=motion2 u=161.0 v=140.0 depth=5.0000 depth2=-1.0000 track=2 sf=9 flag=init_neg
[T2depth] t=28.4840 id=2445 src=stereo u=192.9 v=15.9 depth=20.4392 depth2=-1.0000 track=1 sf=10 flag=ok
[T2depth] t=28.4840 id=2446 src=stereo u=579.0 v=39.9 depth=5.0000 depth2=-1.0000 track=1 sf=10 flag=init_neg
[T2depth] t=28.4840 id=2447 src=stereo u=106.6 v=124.9 depth=5.0000 depth2=-1.0000 track=1 sf=10 flag=init_neg
[T2depth] t=28.4840 id=2448 src=stereo u=517.3 v=73.3 depth=3.6533 depth2=-1.0000 track=1 sf=10 flag=ok
[T2depth] t=28.4840 id=2450 src=stereo u=206.2 v=186.7 depth=22.3185 depth2=-1.0000 track=1 sf=10 flag=ok
[T2depth] t=28.4840 id=2451 src=stereo u=492.9 v=224.6 depth=3.6119 depth2=-1.0000 track=1 sf=10 flag=ok
[T2depth] t=28.4840 id=2454 src=stereo u=469.0 v=165.0 depth=3.9672 depth2=-1.0000 track=1 sf=10 flag=ok
[T2gate] t=28.4840 tri=47 rej=0 xrej=0 init_replace=6 gate=0
[T2slv] t=28.4840 phase=1 init_cost=95.0036 final_cost=94.2729 iters=9 term=1 slv_ms=7.4
[T2diag] t=28.4840 P=[-0.0146 0.0013 0.0031] V=[-0.0036 -0.0001 0.0007] |Bas|=0.068574 |Bgs|=0.0022449 Bas=[-0.068509 -0.001106 -0.002773] Bgs=[0.0009923 0.0015886 0.0012375] tic0=[0.1200 0.0500 -0.0200] tic1=[0.1200 -0.0500 -0.0200] td=0.00000 track=137
[E2uls] flag=1 sh_t=28.520 new_t=28.520 dP=[0.0009 0.0003 -0.0005] |dP|=0.0011 first_dt=-1.0000
time: 28.484000, t: -0.014602 0.001287 0.003080 q: 0.999987 -0.000729 -0.005057 -0.000075 
[T2xcross] t=28.5840 id=2446 est=5.0000 svd=0.0559 rel=0.9888 track=2 sf=9
[T2depth] t=28.5840 id=2456 src=motion2 u=109.0 v=37.0 depth=0.0480 depth2=-1.0000 track=2 sf=9 flag=ok
[T2depth] t=28.5840 id=2459 src=stereo u=512.3 v=165.0 depth=3.6423 depth2=-1.0000 track=1 sf=10 flag=ok
[T2depth] t=28.5840 id=2462 src=stereo u=448.0 v=94.7 depth=3.8982 depth2=-1.0000 track=1 sf=10 flag=ok
[T2depth] t=28.5840 id=2465 src=stereo u=463.0 v=61.0 depth=3.9902 depth2=-1.0000 track=1 sf=10 flag=ok
[T2depth] t=28.5840 id=2466 src=stereo u=332.0 v=71.0 depth=5.0000 depth2=-1.0000 track=1 sf=10 flag=init_neg
[T2depth] t=28.5840 id=2467 src=stereo u=250.0 v=132.0 depth=42.2218 depth2=-1.0000 track=1 sf=10 flag=ok
[T2depth] t=28.5840 id=2468 src=stereo u=446.0 v=203.0 depth=3.8957 depth2=-1.0000 track=1 sf=10 flag=ok
[T2depth] t=28.5840 id=2470 src=stereo u=386.0 v=13.0 depth=3.6365 depth2=-1.0000 track=1 sf=10 flag=ok
[T2depth] t=28.5840 id=2473 src=stereo u=360.0 v=36.0 depth=3.4179 depth2=-1.0000 track=1 sf=10 flag=ok
[T2gate] t=28.5840 tri=46 rej=0 xrej=0 init_replace=1 gate=0
[T2slv] t=28.5840 phase=1 init_cost=94.5403 final_cost=93.9758 iters=9 term=1 slv_ms=15.2
[T2diag] t=28.5840 P=[-0.0139 0.0016 0.0028] V=[0.0029 0.0018 -0.0018] |Bas|=0.068574 |Bgs|=0.0028296 Bas=[-0.068509 -0.001106 -0.002773] Bgs=[0.0006247 0.0004717 0.0027191] tic0=[0.1200 0.0500 -0.0200] tic1=[0.1200 -0.0500 -0.0200] td=0.00000 track=135
[E2uls] flag=1 sh_t=28.664 new_t=28.664 dP=[-0.0023 -0.0002 -0.0007] |dP|=0.0024 first_dt=-1.0000
time: 28.584000, t: -0.013900 0.001619 0.002850 q: 0.999987 -0.000769 -0.005012 -0.000218 
[T2xcross] t=28.6840 id=2434 est=5.0000 svd=0.0357 rel=0.9929 track=2 sf=9
[T2depth] t=28.6840 id=2460 src=motion2 u=78.0 v=84.5 depth=5.0000 depth2=-1.0000 track=2 sf=9 flag=init_neg
[T2depth] t=28.6840 id=2461 src=motion2 u=291.3 v=216.0 depth=5.0000 depth2=-1.0000 track=2 sf=9 flag=init_neg
[T2xcross] t=28.6840 id=2462 est=3.8982 svd=0.2383 rel=0.9389 track=2 sf=9
[T2depth] t=28.6840 id=2464 src=motion2 u=551.3 v=135.9 depth=5.0000 depth2=-1.0000 track=2 sf=9 flag=init_neg
[T2xcross] t=28.6840 id=2467 est=42.2218 svd=0.0391 rel=0.9991 track=2 sf=9
[T2depth] t=28.6840 id=2469 src=motion2 u=293.0 v=88.0 depth=0.1301 depth2=-1.0000 track=2 sf=9 flag=ok
[T2xcross] t=28.6840 id=2470 est=3.6365 svd=0.0824 rel=0.9773 track=2 sf=9
[T2depth] t=28.6840 id=2472 src=motion2 u=626.0 v=84.0 depth=5.0000 depth2=-1.0000 track=2 sf=9 flag=init_neg
[T2xcross] t=28.6840 id=2473 est=3.4179 svd=0.0100 rel=0.9971 track=2 sf=9
[T2depth] t=28.6840 id=2475 src=stereo u=586.1 v=72.8 depth=5.0000 depth2=-1.0000 track=1 sf=10 flag=init_neg
[T2depth] t=28.6840 id=2476 src=stereo u=572.4 v=214.2 depth=1.0689 depth2=-1.0000 track=1 sf=10 flag=ok
[T2gate] t=28.6840 tri=40 rej=0 xrej=0 init_replace=5 gate=0
[T2slv] t=28.6840 phase=1 init_cost=97.3033 final_cost=94.4233 iters=6 term=0 slv_ms=9.5
[T2diag] t=28.6840 P=[-0.0140 0.0015 0.0025] V=[-0.0006 0.0013 -0.0004] |Bas|=0.068574 |Bgs|=0.0048627 Bas=[-0.068509 -0.001106 -0.002773] Bgs=[-0.0007810 0.0012367 -0.0046375] tic0=[0.1200 0.0500 -0.0200] tic1=[0.1200 -0.0500 -0.0200] td=0.00000 track=142
[E2uls] flag=1 sh_t=28.716 new_t=28.716 dP=[0.0003 0.0004 -0.0003] |dP|=0.0006 first_dt=-1.0000
time: 28.684000, t: -0.013992 0.001546 0.002528 q: 0.999987 -0.000807 -0.004964 -0.000211 
[T2depth] t=28.7840 id=2474 src=motion2 u=350.7 v=100.3 depth=0.0139 depth2=-1.0000 track=2 sf=9 flag=ok
[T2xcross] t=28.7840 id=2475 est=5.0000 svd=0.0164 rel=0.9967 track=2 sf=9
[T2depth] t=28.7840 id=2478 src=motion2 u=406.9 v=156.1 depth=5.0000 depth2=-1.0000 track=2 sf=9 flag=init_neg
[T2depth] t=28.7840 id=2480 src=motion2 u=522.0 v=224.0 depth=0.0122 depth2=-1.0000 track=2 sf=9 flag=ok
[T2depth] t=28.7840 id=2485 src=stereo u=480.3 v=153.8 depth=4.0420 depth2=-1.0000 track=1 sf=10 flag=ok
[T2depth] t=28.7840 id=2489 src=stereo u=465.0 v=61.0 depth=3.4793 depth2=-1.0000 track=1 sf=10 flag=ok
[T2gate] t=28.7840 tri=39 rej=0 xrej=0 init_replace=1 gate=0
[T2slv] t=28.7840 phase=1 init_cost=98.281 final_cost=94.9721 iters=9 term=1 slv_ms=16.0
[T2diag] t=28.7840 P=[-0.0106 0.0025 0.0018] V=[0.0109 0.0042 -0.0013] |Bas|=0.068574 |Bgs|=0.0072396 Bas=[-0.068509 -0.001106 -0.002773] Bgs=[-0.0022195 -0.0043802 0.0053198] tic0=[0.1200 0.0500 -0.0200] tic1=[0.1200 -0.0500 -0.0200] td=0.00000 track=142
[E2uls] flag=1 sh_t=28.840 new_t=28.840 dP=[-0.0046 -0.0008 0.0006] |dP|=0.0048 first_dt=-1.0000
time: 28.784000, t: -0.010605 0.002498 0.001769 q: 0.999986 -0.000661 -0.005270 -0.000623 
[T2depth] t=28.8840 id=2487 src=motion2 u=146.0 v=101.0 depth=5.0000 depth2=-1.0000 track=2 sf=9 flag=init_neg
[T2depth] t=28.8840 id=2488 src=motion2 u=207.0 v=7.0 depth=5.0000 depth2=-1.0000 track=2 sf=9 flag=init_neg
[T2xcross] t=28.8840 id=2489 est=3.4793 svd=0.2513 rel=0.9278 track=2 sf=9
[T2depth] t=28.8840 id=2491 src=motion2 u=238.0 v=19.0 depth=0.1228 depth2=-1.0000 track=2 sf=9 flag=ok
[T2depth] t=28.8840 id=2497 src=stereo u=148.6 v=11.3 depth=21.0470 depth2=-1.0000 track=1 sf=10 flag=ok
[T2depth] t=28.8840 id=2502 src=stereo u=429.0 v=5.0 depth=4.5461 depth2=-1.0000 track=1 sf=10 flag=ok
[T2depth] t=28.8840 id=2505 src=stereo u=519.0 v=47.0 depth=3.6404 depth2=-1.0000 track=1 sf=10 flag=ok
[T2depth] t=28.8840 id=2506 src=stereo u=366.0 v=71.0 depth=4.1494 depth2=-1.0000 track=1 sf=10 flag=ok
[T2gate] t=28.8840 tri=42 rej=0 xrej=0 init_replace=2 gate=0
[T2slv] t=28.8840 phase=1 init_cost=96.8066 final_cost=95.7303 iters=9 term=1 slv_ms=13.5
[T2diag] t=28.8840 P=[-0.0092 0.0026 0.0013] V=[0.0085 0.0035 -0.0015] |Bas|=0.068574 |Bgs|=0.0043195 Bas=[-0.068509 -0.001106 -0.002773] Bgs=[-0.0027546 0.0009088 0.0032006] tic0=[0.1200 0.0500 -0.0200] tic1=[0.1200 -0.0500 -0.0200] td=0.00000 track=139
[E2uls] flag=1 sh_t=28.944 new_t=28.944 dP=[-0.0000 0.0005 0.0007] |dP|=0.0009 first_dt=-1.0000
time: 28.884000, t: -0.009238 0.002633 0.001279 q: 0.999985 -0.000608 -0.005458 -0.000685 
[T2depth] t=28.9840 id=2494 src=motion2 u=48.6 v=165.2 depth=5.0000 depth2=-1.0000 track=2 sf=9 flag=init_neg
[T2depth] t=28.9840 id=2495 src=motion2 u=572.8 v=142.4 depth=0.2132 depth2=-1.0000 track=2 sf=9 flag=ok
[T2depth] t=28.9840 id=2496 src=motion2 u=405.7 v=201.2 depth=0.1368 depth2=-1.0000 track=2 sf=9 flag=ok
[T2xcross] t=28.9840 id=2497 est=21.0470 svd=0.0027 rel=0.9999 track=2 sf=9
[T2depth] t=28.9840 id=2498 src=motion2 u=556.2 v=181.1 depth=5.0000 depth2=-1.0000 track=2 sf=9 flag=init_neg
[T2depth] t=28.9840 id=2504 src=motion2 u=134.0 v=215.0 depth=5.0000 depth2=-1.0000 track=2 sf=9 flag=init_neg
[T2xcross] t=28.9840 id=2505 est=3.6404 svd=0.0619 rel=0.9830 track=2 sf=9
[T2depth] t=28.9840 id=2507 src=stereo u=35.4 v=195.4 depth=5.0000 depth2=-1.0000 track=1 sf=10 flag=init_neg
[T2depth] t=28.9840 id=2508 src=stereo u=312.9 v=167.9 depth=28.8195 depth2=-1.0000 track=1 sf=10 flag=ok
[T2depth] t=28.9840 id=2516 src=stereo u=529.0 v=18.0 depth=4.1210 depth2=-1.0000 track=1 sf=10 flag=ok
[T2depth] t=28.9840 id=2518 src=stereo u=161.0 v=196.0 depth=5.0000 depth2=-1.0000 track=1 sf=10 flag=init_neg
[T2gate] t=28.9840 tri=44 rej=0 xrej=0 init_replace=5 gate=0
[T2slv] t=28.9840 phase=1 init_cost=96.5083 final_cost=95.4456 iters=6 term=0 slv_ms=12.3
[T2diag] t=28.9840 P=[-0.0116 0.0024 0.0019] V=[-0.0199 -0.0030 0.0048] |Bas|=0.068574 |Bgs|=0.0075739 Bas=[-0.068509 -0.001106 -0.002773] Bgs=[0.0023981 0.0023550 -0.0067873] tic0=[0.1200 0.0500 -0.0200] tic1=[0.1200 -0.0500 -0.0200] td=0.00000 track=138
[E2uls] flag=1 sh_t=29.036 new_t=29.036 dP=[0.0047 0.0010 -0.0009] |dP|=0.0049 first_dt=-1.0000
time: 28.984000, t: -0.011607 0.002396 0.001930 q: 0.999985 -0.000705 -0.005361 -0.000414 
[T2xcross] t=29.0880 id=2468 est=3.8957 svd=0.7364 rel=0.8110 track=2 sf=9
[T2xcross] t=29.0880 id=2507 est=5.0000 svd=0.2769 rel=0.9446 track=2 sf=9
[T2depth] t=29.0880 id=2509 src=motion2 u=345.5 v=102.0 depth=4.3110 depth2=-1.0000 track=2 sf=9 flag=ok
[T2depth] t=29.0880 id=2510 src=motion2 u=194.7 v=175.6 depth=0.7284 depth2=-1.0000 track=2 sf=9 flag=ok
[T2depth] t=29.0880 id=2514 src=motion2 u=48.0 v=251.0 depth=7.7012 depth2=-1.0000 track=2 sf=9 flag=ok
[T2depth] t=29.0880 id=2515 src=motion2 u=365.0 v=140.0 depth=5.0000 depth2=-1.0000 track=2 sf=9 flag=init_neg
[T2depth] t=29.0880 id=2519 src=motion2 u=480.0 v=151.0 depth=5.0000 depth2=-1.0000 track=2 sf=9 flag=init_neg
[T2depth] t=29.0880 id=2521 src=motion2 u=264.0 v=143.0 depth=5.0000 depth2=-1.0000 track=2 sf=9 flag=init_neg
[T2depth] t=29.0880 id=2526 src=stereo u=402.9 v=26.0 depth=3.8303 depth2=-1.0000 track=1 sf=10 flag=ok
[T2depth] t=29.0880 id=2528 src=stereo u=114.0 v=129.0 depth=5.0000 depth2=-1.0000 track=1 sf=10 flag=init_neg
[T2depth] t=29.0880 id=2529 src=stereo u=490.0 v=218.0 depth=4.5090 depth2=-1.0000 track=1 sf=10 flag=ok
[T2depth] t=29.0880 id=2531 src=stereo u=119.0 v=47.0 depth=22.8453 depth2=-1.0000 track=1 sf=10 flag=ok
[T2depth] t=29.0880 id=2532 src=stereo u=312.0 v=126.0 depth=33.1042 depth2=-1.0000 track=1 sf=10 flag=ok
[T2depth] t=29.0880 id=2533 src=stereo u=14.0 v=147.0 depth=5.0000 depth2=-1.0000 track=1 sf=10 flag=init_neg
[T2gate] t=29.0880 tri=43 rej=0 xrej=0 init_replace=5 gate=0
[T2slv] t=29.0880 phase=1 init_cost=97.8753 final_cost=95.0383 iters=9 term=1 slv_ms=10.2
[T2diag] t=29.0880 P=[-0.0137 0.0022 0.0025] V=[-0.0010 -0.0023 0.0021] |Bas|=0.068574 |Bgs|=0.0056127 Bas=[-0.068509 -0.001106 -0.002773] Bgs=[-0.0005463 -0.0020590 -0.0051927] tic0=[0.1200 0.0500 -0.0200] tic1=[0.1200 -0.0500 -0.0200] td=0.00000 track=140
[E2uls] flag=1 sh_t=29.144 new_t=29.144 dP=[-0.0018 -0.0003 0.0009] |dP|=0.0020 first_dt=-1.0000
time: 29.088000, t: -0.013685 0.002168 0.002483 q: 0.999987 -0.000699 -0.005079 -0.000228 
[T2xcross] t=29.1840 id=667 est=0.2560 svd=0.1821 rel=0.2885 track=2 sf=9
[T2xcross] t=29.1840 id=2508 est=28.8195 svd=0.0153 rel=0.9995 track=2 sf=9
[T2depth] t=29.1840 id=2522 src=motion2 u=522.0 v=324.0 depth=0.3393 depth2=-1.0000 track=2 sf=9 flag=ok
[T2depth] t=29.1840 id=2523 src=motion2 u=245.8 v=99.8 depth=5.0000 depth2=-1.0000 track=2 sf=9 flag=init_neg
[T2xcross] t=29.1840 id=2526 est=3.8303 svd=0.0350 rel=0.9909 track=2 sf=9
[T2depth] t=29.1840 id=2530 src=motion2 u=507.0 v=128.0 depth=0.0876 depth2=-1.0000 track=2 sf=9 flag=ok
[T2xcross] t=29.1840 id=2531 est=22.8453 svd=0.0234 rel=0.9990 track=2 sf=9
[T2depth] t=29.1840 id=2543 src=stereo u=143.0 v=121.0 depth=5.0000 depth2=-1.0000 track=1 sf=10 flag=init_neg
[T2depth] t=29.1840 id=2544 src=stereo u=311.0 v=26.0 depth=41.0408 depth2=-1.0000 track=1 sf=10 flag=ok
[T2gate] t=29.1840 tri=39 rej=0 xrej=0 init_replace=2 gate=0
[T2slv] t=29.1840 phase=1 init_cost=96.786 final_cost=95.433 iters=9 term=1 slv_ms=12.3
[T2diag] t=29.1840 P=[-0.0136 0.0020 0.0022] V=[0.0069 0.0029 0.0019] |Bas|=0.068574 |Bgs|=0.0048412 Bas=[-0.068509 -0.001106 -0.002773] Bgs=[0.0037410 0.0018827 0.0024284] tic0=[0.1200 0.0500 -0.0200] tic1=[0.1200 -0.0500 -0.0200] td=0.00000 track=140
[E2uls] flag=1 sh_t=29.236 new_t=29.236 dP=[-0.0005 -0.0005 0.0008] |dP|=0.0010 first_dt=-1.0000
time: 29.184000, t: -0.013562 0.002024 0.002194 q: 0.999988 -0.000844 -0.004910 -0.000284 
[T2depth] t=29.2840 id=2534 src=motion2 u=162.8 v=149.5 depth=5.0000 depth2=-1.0000 track=2 sf=9 flag=init_neg
[T2depth] t=29.2840 id=2538 src=motion2 u=612.6 v=223.8 depth=0.0270 depth2=-1.0000 track=2 sf=9 flag=ok
[T2depth] t=29.2840 id=2539 src=motion2 u=139.0 v=170.0 depth=5.0000 depth2=-1.0000 track=2 sf=9 flag=init_neg
[T2depth] t=29.2840 id=2540 src=motion2 u=577.0 v=203.0 depth=5.0000 depth2=-1.0000 track=2 sf=9 flag=init_neg
[T2depth] t=29.2840 id=2541 src=motion2 u=553.0 v=160.0 depth=5.0000 depth2=-1.0000 track=2 sf=9 flag=init_neg
[T2depth] t=29.2840 id=2545 src=motion2 u=227.0 v=148.0 depth=5.0000 depth2=-1.0000 track=2 sf=9 flag=init_neg
[T2depth] t=29.2840 id=2550 src=stereo u=594.4 v=130.9 depth=5.0000 depth2=-1.0000 track=1 sf=10 flag=init_neg
[T2depth] t=29.2840 id=2552 src=stereo u=361.0 v=26.0 depth=3.7887 depth2=-1.0000 track=1 sf=10 flag=ok
[T2gate] t=29.2840 tri=39 rej=0 xrej=0 init_replace=6 gate=0
[T2slv] t=29.2840 phase=1 init_cost=97.332 final_cost=94.6462 iters=9 term=1 slv_ms=8.8
[T2diag] t=29.2840 P=[-0.0130 0.0022 0.0023] V=[-0.0036 0.0004 0.0001] |Bas|=0.068574 |Bgs|=0.0055354 Bas=[-0.068509 -0.001106 -0.002773] Bgs=[-0.0038559 0.0021438 0.0033432] tic0=[0.1200 0.0500 -0.0200] tic1=[0.1200 -0.0500 -0.0200] td=0.00000 track=144
[E2uls] flag=1 sh_t=29.344 new_t=29.344 dP=[0.0008 0.0010 0.0003] |dP|=0.0013 first_dt=-1.0000
time: 29.284000, t: -0.012965 0.002189 0.002255 q: 0.999987 -0.000894 -0.004916 -0.000340 
[T2xcross] t=29.3840 id=2532 est=33.1042 svd=0.0463 rel=0.9986 track=2 sf=9
[T2depth] t=29.3840 id=2548 src=motion2 u=602.6 v=56.4 depth=0.0212 depth2=-1.0000 track=2 sf=9 flag=ok
[T2depth] t=29.3840 id=2549 src=motion2 u=167.0 v=41.6 depth=5.0000 depth2=-1.0000 track=2 sf=9 flag=init_neg
[T2xcross] t=29.3840 id=2550 est=5.0000 svd=0.4250 rel=0.9150 track=2 sf=9
[T2depth] t=29.3840 id=2555 src=stereo u=31.0 v=133.6 depth=5.0000 depth2=-1.0000 track=1 sf=10 flag=init_neg
[T2depth] t=29.3840 id=2561 src=stereo u=579.0 v=184.0 depth=44.8174 depth2=-1.0000 track=1 sf=10 flag=ok
[T2depth] t=29.3840 id=2565 src=stereo u=406.0 v=70.0 depth=3.9743 depth2=-1.0000 track=1 sf=10 flag=ok
[T2gate] t=29.3840 tri=41 rej=0 xrej=0 init_replace=2 gate=0
[T2slv] t=29.3840 phase=1 init_cost=96.4529 final_cost=95.5751 iters=9 term=1 slv_ms=14.1
[T2diag] t=29.3840 P=[-0.0108 0.0027 0.0017] V=[0.0098 0.0052 0.0004] |Bas|=0.068574 |Bgs|=0.0079074 Bas=[-0.068509 -0.001106 -0.002773] Bgs=[0.0038597 0.0005531 0.0068792] tic0=[0.1200 0.0500 -0.0200] tic1=[0.1200 -0.0500 -0.0200] td=0.00000 track=138
[E2uls] flag=1 sh_t=29.440 new_t=29.440 dP=[-0.0043 -0.0006 0.0014] |dP|=0.0046 first_dt=-1.0000
time: 29.384000, t: -0.010753 0.002721 0.001722 q: 0.999987 -0.000813 -0.005039 -0.000639 
[T2depth] t=29.4840 id=2557 src=motion2 u=260.3 v=20.3 depth=5.0000 depth2=-1.0000 track=2 sf=9 flag=init_neg
[T2xcross] t=29.4840 id=2561 est=44.8174 svd=0.0824 rel=0.9982 track=2 sf=9
[T2depth] t=29.4840 id=2568 src=stereo u=68.6 v=146.7 depth=30.3838 depth2=-1.0000 track=1 sf=10 flag=ok
[T2depth] t=29.4840 id=2576 src=stereo u=396.7 v=96.3 depth=3.5090 depth2=-1.0000 track=1 sf=10 flag=ok
[T2depth] t=29.4840 id=2579 src=stereo u=255.0 v=112.0 depth=44.0014 depth2=-1.0000 track=1 sf=10 flag=ok
[T2depth] t=29.4840 id=2585 src=stereo u=497.0 v=144.0 depth=5.0000 depth2=-1.0000 track=1 sf=10 flag=init_neg
[T2gate] t=29.4840 tri=51 rej=0 xrej=0 init_replace=2 gate=0
[T2slv] t=29.4840 phase=1 init_cost=97.1406 final_cost=96.3187 iters=9 term=1 slv_ms=11.5
[T2diag] t=29.4840 P=[-0.0116 0.0023 0.0018] V=[-0.0074 -0.0019 0.0021] |Bas|=0.068574 |Bgs|=0.0067338 Bas=[-0.068509 -0.001106 -0.002773] Bgs=[0.0051478 0.0017389 -0.0039774] tic0=[0.1200 0.0500 -0.0200] tic1=[0.1200 -0.0500 -0.0200] td=0.00000 track=133
[E2uls] flag=1 sh_t=29.532 new_t=29.532 dP=[0.0030 0.0015 -0.0001] |dP|=0.0033 first_dt=-1.0000
time: 29.484000, t: -0.011650 0.002341 0.001816 q: 0.999987 -0.000903 -0.004969 -0.000423 
[T2depth] t=29.5880 id=2573 src=motion2 u=255.8 v=78.1 depth=0.0063 depth2=-1.0000 track=2 sf=9 flag=ok
[T2depth] t=29.5880 id=2574 src=motion2 u=27.4 v=224.2 depth=0.0621 depth2=-1.0000 track=2 sf=9 flag=ok
[T2xcross] t=29.5880 id=2576 est=3.5090 svd=0.0151 rel=0.9957 track=2 sf=9
[T2depth] t=29.5880 id=2581 src=motion2 u=144.0 v=171.0 depth=0.0820 depth2=-1.0000 track=2 sf=9 flag=ok
[T2depth] t=29.5880 id=2582 src=motion2 u=298.0 v=203.0 depth=5.0000 depth2=-1.0000 track=2 sf=9 flag=init_neg
[T2depth] t=29.5880 id=2586 src=motion2 u=405.0 v=64.0 depth=0.1314 depth2=-1.0000 track=2 sf=9 flag=ok
[T2depth] t=29.5880 id=2587 src=motion2 u=147.0 v=13.0 depth=0.0191 depth2=-1.0000 track=2 sf=9 flag=ok
[T2depth] t=29.5880 id=2588 src=stereo u=118.8 v=96.3 depth=5.0000 depth2=-1.0000 track=1 sf=10 flag=init_neg
[T2depth] t=29.5880 id=2599 src=stereo u=369.0 v=127.0 depth=5.0000 depth2=-1.0000 track=1 sf=10 flag=init_neg
[T2gate] t=29.5880 tri=48 rej=0 xrej=0 init_replace=3 gate=0
[T2slv] t=29.5880 phase=1 init_cost=96.2668 final_cost=95.6587 iters=9 term=1 slv_ms=11.6
[T2diag] t=29.5880 P=[-0.0126 0.0023 0.0021] V=[0.0013 0.0011 0.0003] |Bas|=0.068574 |Bgs|=0.0025009 Bas=[-0.068509 -0.001106 -0.002773] Bgs=[0.0005715 0.0012902 -0.0020647] tic0=[0.1200 0.0500 -0.0200] tic1=[0.1200 -0.0500 -0.0200] td=0.00000 track=140
[E2uls] flag=1 sh_t=29.652 new_t=29.652 dP=[-0.0009 -0.0004 -0.0002] |dP|=0.0010 first_dt=-1.0000
time: 29.588000, t: -0.012552 0.002266 0.002133 q: 0.999988 -0.001009 -0.004758 -0.000384 
[T2xcross] t=29.6840 id=2573 est=0.0063 svd=0.0128 rel=0.5045 track=2 sf=9
[T2xcross] t=29.6840 id=2588 est=5.0000 svd=0.0164 rel=0.9967 track=2 sf=9
[T2depth] t=29.6840 id=2589 src=motion2 u=411.9 v=142.9 depth=0.0083 depth2=-1.0000 track=2 sf=9 flag=ok
[T2depth] t=29.6840 id=2591 src=motion2 u=170.7 v=139.2 depth=5.0000 depth2=-1.0000 track=2 sf=9 flag=init_neg
[T2depth] t=29.6840 id=2594 src=motion2 u=603.6 v=84.0 depth=0.0153 depth2=-1.0000 track=2 sf=9 flag=ok
[T2depth] t=29.6840 id=2607 src=stereo u=301.2 v=41.7 depth=5.0000 depth2=-1.0000 track=1 sf=10 flag=init_neg
[T2depth] t=29.6840 id=2614 src=stereo u=506.0 v=184.0 depth=3.7526 depth2=-1.0000 track=1 sf=10 flag=ok
[T2gate] t=29.6840 tri=44 rej=0 xrej=0 init_replace=2 gate=0
[T2slv] t=29.6840 phase=1 init_cost=97.5273 final_cost=96.1076 iters=8 term=0 slv_ms=16.1
[T2diag] t=29.6840 P=[-0.0104 0.0026 0.0015] V=[0.0064 0.0031 -0.0023] |Bas|=0.068574 |Bgs|=0.0057888 Bas=[-0.068509 -0.001106 -0.002773] Bgs=[-0.0031544 -0.0006855 0.0048052] tic0=[0.1200 0.0500 -0.0200] tic1=[0.1200 -0.0500 -0.0200] td=0.00000 track=139
[E2uls] flag=1 sh_t=29.732 new_t=29.732 dP=[-0.0028 -0.0002 0.0005] |dP|=0.0028 first_dt=-1.0000
time: 29.684000, t: -0.010377 0.002624 0.001529 q: 0.999987 -0.000861 -0.004971 -0.000627 
[T2depth] t=29.8160 id=2601 src=motion2 u=229.1 v=147.1 depth=0.1281 depth2=-1.0000 track=2 sf=9 flag=ok
[T2depth] t=29.8160 id=2602 src=motion2 u=167.9 v=215.1 depth=5.0000 depth2=-1.0000 track=2 sf=9 flag=init_neg
[T2depth] t=29.8160 id=2604 src=motion2 u=559.7 v=79.4 depth=0.2379 depth2=-1.0000 track=2 sf=9 flag=ok
[T2xcross] t=29.8160 id=2607 est=5.0000 svd=0.1447 rel=0.9711 track=2 sf=9
[T2depth] t=29.8160 id=2608 src=motion2 u=298.0 v=209.0 depth=5.0000 depth2=-1.0000 track=2 sf=9 flag=init_neg
[T2depth] t=29.8160 id=2609 src=motion2 u=616.0 v=197.0 depth=0.2376 depth2=-1.0000 track=2 sf=9 flag=ok
[T2depth] t=29.8160 id=2610 src=motion2 u=45.0 v=217.0 depth=0.0773 depth2=-1.0000 track=2 sf=9 flag=ok
[T2depth] t=29.8160 id=2612 src=motion2 u=16.0 v=192.0 depth=0.1451 depth2=-1.0000 track=2 sf=9 flag=ok
[T2depth] t=29.8160 id=2613 src=motion2 u=323.0 v=179.0 depth=0.0304 depth2=-1.0000 track=2 sf=9 flag=ok
[T2gate] t=29.8160 tri=38 rej=0 xrej=0 init_replace=2 gate=0
[T2slv] t=29.8160 phase=1 init_cost=99.3268 final_cost=95.7293 iters=9 term=1 slv_ms=19.9
[T2diag] t=29.8160 P=[-0.0105 0.0024 0.0018] V=[-0.0019 0.0013 -0.0005] |Bas|=0.068574 |Bgs|=0.0038339 Bas=[-0.068509 -0.001106 -0.002773] Bgs=[-0.0008297 0.0027185 0.0025729] tic0=[0.1200 0.0500 -0.0200] tic1=[0.1200 -0.0500 -0.0200] td=0.00000 track=146
[E2uls] flag=1 sh_t=29.892 new_t=29.892 dP=[0.0021 0.0017 -0.0021] |dP|=0.0034 first_dt=-1.0000
time: 29.816000, t: -0.010491 0.002415 0.001834 q: 0.999987 -0.000819 -0.005071 -0.000528 
[T2xcross] t=29.9480 id=2599 est=5.0000 svd=0.0334 rel=0.9933 track=2 sf=9
[T2depth] t=29.9480 id=2615 src=motion2 u=494.0 v=54.2 depth=5.0000 depth2=-1.0000 track=2 sf=9 flag=init_neg
[T2depth] t=29.9480 id=2616 src=motion2 u=300.0 v=72.0 depth=0.0455 depth2=-1.0000 track=2 sf=9 flag=ok
[T2depth] t=29.9480 id=2618 src=motion2 u=283.9 v=135.4 depth=0.0032 depth2=-1.0000 track=2 sf=9 flag=ok
[T2depth] t=29.9480 id=2619 src=motion2 u=211.0 v=71.0 depth=0.0073 depth2=-1.0000 track=2 sf=9 flag=ok
[T2depth] t=29.9480 id=2620 src=stereo u=54.4 v=58.7 depth=5.0000 depth2=-1.0000 track=1 sf=10 flag=init_neg
[T2depth] t=29.9480 id=2626 src=stereo u=250.0 v=153.0 depth=20.8961 depth2=-1.0000 track=1 sf=10 flag=ok
[T2gate] t=29.9480 tri=38 rej=0 xrej=0 init_replace=2 gate=0
[T2slv] t=29.9480 phase=1 init_cost=96.1149 final_cost=95.6977 iters=9 term=1 slv_ms=19.4
[T2diag] t=29.9480 P=[-0.0105 0.0024 0.0018] V=[0.0008 0.0009 -0.0016] |Bas|=0.068574 |Bgs|=0.0005582 Bas=[-0.068509 -0.001106 -0.002773] Bgs=[-0.0001491 0.0005071 -0.0001794] tic0=[0.1200 0.0500 -0.0200] tic1=[0.1200 -0.0500 -0.0200] td=0.00000 track=141
[E2uls] flag=1 sh_t=29.988 new_t=29.988 dP=[-0.0003 0.0003 -0.0005] |dP|=0.0007 first_dt=-1.0000
time: 29.948000, t: -0.010505 0.002443 0.001837 q: 0.999986 -0.000836 -0.005114 -0.000541 
[T2depth] t=30.0480 id=2622 src=motion2 u=183.2 v=174.8 depth=0.0022 depth2=-1.0000 track=2 sf=9 flag=ok
[T2depth] t=30.0480 id=2623 src=motion2 u=514.0 v=104.0 depth=0.0340 depth2=-1.0000 track=2 sf=9 flag=ok
[T2depth] t=30.0480 id=2624 src=motion2 u=34.0 v=200.0 depth=0.0257 depth2=-1.0000 track=2 sf=9 flag=ok
[T2depth] t=30.0480 id=2625 src=motion2 u=112.0 v=150.0 depth=0.0036 depth2=-1.0000 track=2 sf=9 flag=ok
[T2xcross] t=30.0480 id=2626 est=20.8961 svd=0.0506 rel=0.9976 track=2 sf=9
[T2depth] t=30.0480 id=2627 src=motion2 u=368.0 v=168.0 depth=0.1160 depth2=-1.0000 track=2 sf=9 flag=ok
[T2depth] t=30.0480 id=2629 src=motion2 u=544.0 v=16.0 depth=5.0000 depth2=-1.0000 track=2 sf=9 flag=init_neg
[T2depth] t=30.0480 id=2632 src=stereo u=184.4 v=54.0 depth=44.2870 depth2=-1.0000 track=1 sf=10 flag=ok
[T2gate] t=30.0480 tri=37 rej=0 xrej=0 init_replace=1 gate=0
[T2slv] t=30.0480 phase=1 init_cost=96.3987 final_cost=96.11 iters=8 term=0 slv_ms=8.7
[T2diag] t=30.0480 P=[-0.0119 0.0022 0.0023] V=[-0.0106 -0.0061 0.0041] |Bas|=0.068574 |Bgs|=0.0044234 Bas=[-0.068509 -0.001106 -0.002773] Bgs=[0.0005936 -0.0019597 -0.0039209] tic0=[0.1200 0.0500 -0.0200] tic1=[0.1200 -0.0500 -0.0200] td=0.00000 track=145
[E2uls] flag=1 sh_t=30.080 new_t=30.080 dP=[0.0020 0.0001 -0.0009] |dP|=0.0022 first_dt=-1.0000
time: 30.048000, t: -0.011918 0.002219 0.002343 q: 0.999987 -0.000912 -0.005018 -0.000379 
[T2xcross] t=30.1480 id=2615 est=5.0000 svd=0.0918 rel=0.9816 track=2 sf=9
[T2depth] t=30.1480 id=2630 src=motion2 u=631.9 v=477.0 depth=2.0076 depth2=-1.0000 track=2 sf=9 flag=ok
[T2xcross] t=30.1480 id=2632 est=44.2870 svd=0.1357 rel=0.9969 track=2 sf=9
[T2depth] t=30.1480 id=2633 src=motion2 u=135.2 v=15.9 depth=0.9015 depth2=-1.0000 track=2 sf=9 flag=ok
[T2depth] t=30.1480 id=2634 src=motion2 u=593.0 v=174.0 depth=0.2714 depth2=-1.0000 track=2 sf=9 flag=ok
[T2gate] t=30.1480 tri=34 rej=0 xrej=0 init_replace=0 gate=0
[T2slv] t=30.1480 phase=1 init_cost=97.3007 final_cost=96.3763 iters=9 term=1 slv_ms=9.1
[T2diag] t=30.1480 P=[-0.0102 0.0028 0.0018] V=[0.0137 0.0043 -0.0034] |Bas|=0.068574 |Bgs|=0.0085597 Bas=[-0.068509 -0.001106 -0.002773] Bgs=[-0.0029745 0.0022211 0.0077128] tic0=[0.1200 0.0500 -0.0200] tic1=[0.1200 -0.0500 -0.0200] td=0.00000 track=145
[E2uls] flag=1 sh_t=30.184 new_t=30.184 dP=[-0.0041 -0.0013 0.0017] |dP|=0.0046 first_dt=-1.0000
time: 30.148000, t: -0.010236 0.002765 0.001821 q: 0.999986 -0.000885 -0.005088 -0.000646 
[T2xcross] t=30.2480 id=2604 est=0.2379 svd=0.2903 rel=0.1804 track=2 sf=9
[T2xcross] t=30.2480 id=2629 est=5.0000 svd=0.1176 rel=0.9765 track=2 sf=9
[T2depth] t=30.2480 id=2635 src=motion2 u=508.0 v=109.7 depth=5.0000 depth2=-1.0000 track=2 sf=9 flag=init_neg
[T2depth] t=30.2480 id=2640 src=motion2 u=576.0 v=218.0 depth=0.3028 depth2=-1.0000 track=2 sf=9 flag=ok
[T2depth] t=30.2480 id=2641 src=stereo u=290.6 v=94.5 depth=5.0000 depth2=-1.0000 track=1 sf=10 flag=init_neg
[T2gate] t=30.2480 tri=38 rej=0 xrej=0 init_replace=2 gate=0
[T2slv] t=30.2480 phase=1 init_cost=97.1834 final_cost=96.7039 iters=9 term=1 slv_ms=20.8
[T2diag] t=30.2480 P=[-0.0090 0.0027 0.0011] V=[0.0071 0.0049 -0.0012] |Bas|=0.068574 |Bgs|=0.0044188 Bas=[-0.068509 -0.001106 -0.002773] Bgs=[-0.0013046 0.0003772 0.0042049] tic0=[0.1200 0.0500 -0.0200] tic1=[0.1200 -0.0500 -0.0200] td=0.00000 track=142
[E2uls] flag=1 sh_t=30.296 new_t=30.296 dP=[0.0012 0.0016 0.0001] |dP|=0.0020 first_dt=-1.0000
time: 30.248000, t: -0.009025 0.002741 0.001128 q: 0.999985 -0.000793 -0.005301 -0.000643 
[T2xcross] t=30.3480 id=2635 est=5.0000 svd=0.2446 rel=0.9511 track=2 sf=9
[T2xcross] t=30.3480 id=2641 est=5.0000 svd=0.1164 rel=0.9767 track=2 sf=9
[T2depth] t=30.3480 id=2643 src=motion2 u=482.6 v=193.9 depth=0.1393 depth2=-1.0000 track=2 sf=9 flag=ok
[T2depth] t=30.3480 id=2645 src=motion2 u=338.4 v=45.9 depth=5.0000 depth2=-1.0000 track=2 sf=9 flag=init_neg
[T2depth] t=30.3480 id=2646 src=motion2 u=329.0 v=179.0 depth=5.0000 depth2=-1.0000 track=2 sf=9 flag=init_neg
[T2depth] t=30.3480 id=2647 src=motion2 u=629.0 v=21.0 depth=0.4076 depth2=-1.0000 track=2 sf=9 flag=ok
[T2depth] t=30.3480 id=2649 src=motion2 u=262.0 v=188.0 depth=5.0000 depth2=-1.0000 track=2 sf=9 flag=init_neg
[T2depth] t=30.3480 id=2650 src=motion2 u=518.0 v=168.0 depth=0.3890 depth2=-1.0000 track=2 sf=9 flag=ok
[T2depth] t=30.3480 id=2651 src=stereo u=279.3 v=24.6 depth=5.0000 depth2=-1.0000 track=1 sf=10 flag=init_neg
[T2gate] t=30.3480 tri=39 rej=0 xrej=0 init_replace=4 gate=0
[T2slv] t=30.3480 phase=1 init_cost=97.7897 final_cost=96.0527 iters=7 term=0 slv_ms=12.5
[T2diag] t=30.3480 P=[-0.0112 0.0022 0.0016] V=[-0.0212 -0.0070 0.0016] |Bas|=0.068574 |Bgs|=0.0038670 Bas=[-0.068509 -0.001106 -0.002773] Bgs=[0.0011103 0.0002475 -0.0036959] tic0=[0.1200 0.0500 -0.0200] tic1=[0.1200 -0.0500 -0.0200] td=0.00000 track=143
[E2uls] flag=1 sh_t=30.392 new_t=30.392 dP=[0.0049 0.0019 -0.0013] |dP|=0.0054 first_dt=-1.0000
time: 30.348000, t: -0.011182 0.002169 0.001650 q: 0.999986 -0.000749 -0.005268 -0.000341 
[T2xcross] t=30.4480 id=2649 est=5.0000 svd=0.1772 rel=0.9646 track=2 sf=9
[T2depth] t=30.4480 id=2654 src=motion2 u=62.0 v=97.6 depth=5.0000 depth2=-1.0000 track=2 sf=9 flag=init_neg
[T2depth] t=30.4480 id=2656 src=motion2 u=387.0 v=23.0 depth=5.0000 depth2=-1.0000 track=2 sf=9 flag=init_neg
[T2depth] t=30.4480 id=2657 src=motion2 u=249.0 v=12.0 depth=0.1768 depth2=-1.0000 track=2 sf=9 flag=ok
[T2depth] t=30.4480 id=2659 src=stereo u=423.0 v=55.6 depth=3.6326 depth2=-1.0000 track=1 sf=10 flag=ok
[T2depth] t=30.4480 id=2661 src=stereo u=412.7 v=208.7 depth=3.9788 depth2=-1.0000 track=1 sf=10 flag=ok
[T2depth] t=30.4480 id=2664 src=stereo u=415.1 v=154.5 depth=3.0021 depth2=-1.0000 track=1 sf=10 flag=ok
[T2depth] t=30.4480 id=2667 src=stereo u=170.0 v=107.0 depth=5.0000 depth2=-1.0000 track=1 sf=10 flag=init_neg
[T2gate] t=30.4480 tri=41 rej=0 xrej=0 init_replace=3 gate=0
[T2slv] t=30.4480 phase=1 init_cost=99.1683 final_cost=96.1844 iters=7 term=0 slv_ms=17.2
[T2diag] t=30.4480 P=[-0.0100 0.0026 0.0016] V=[0.0163 0.0033 -0.0028] |Bas|=0.068574 |Bgs|=0.0032458 Bas=[-0.068509 -0.001106 -0.002773] Bgs=[0.0013082 0.0010123 0.0027926] tic0=[0.1200 0.0500 -0.0200] tic1=[0.1200 -0.0500 -0.0200] td=0.00000 track=140
[E2uls] flag=1 sh_t=30.508 new_t=30.508 dP=[-0.0063 -0.0025 0.0009] |dP|=0.0068 first_dt=-1.0000
time: 30.448000, t: -0.010035 0.002586 0.001586 q: 0.999986 -0.000886 -0.005136 -0.000620 
[T2xcross] t=30.5480 id=2650 est=0.3890 svd=0.3206 rel=0.1757 track=2 sf=9
[T2depth] t=30.5480 id=2663 src=motion2 u=450.0 v=194.5 depth=11.9824 depth2=-1.0000 track=2 sf=9 flag=ok
[T2depth] t=30.5480 id=2666 src=motion2 u=54.0 v=219.0 depth=5.0000 depth2=-1.0000 track=2 sf=9 flag=init_neg
[T2xcross] t=30.5480 id=2667 est=5.0000 svd=0.5687 rel=0.8863 track=2 sf=9
[T2depth] t=30.5480 id=2668 src=motion2 u=128.0 v=4.0 depth=5.0000 depth2=-1.0000 track=2 sf=9 flag=init_neg
[T2depth] t=30.5480 id=2671 src=stereo u=358.2 v=75.0 depth=3.7046 depth2=-1.0000 track=1 sf=10 flag=ok
[T2depth] t=30.5480 id=2672 src=stereo u=574.3 v=180.5 depth=5.0000 depth2=-1.0000 track=1 sf=10 flag=init_neg
[T2gate] t=30.5480 tri=42 rej=0 xrej=0 init_replace=3 gate=0
[T2slv] t=30.5480 phase=1 init_cost=96.9045 final_cost=96.0274 iters=9 term=1 slv_ms=7.0
[T2diag] t=30.5480 P=[-0.0113 0.0022 0.0020] V=[-0.0085 0.0013 0.0031] |Bas|=0.068574 |Bgs|=0.0031106 Bas=[-0.068509 -0.001106 -0.002773] Bgs=[0.0003773 0.0023208 -0.0020364] tic0=[0.1200 0.0500 -0.0200] tic1=[0.1200 -0.0500 -0.0200] td=0.00000 track=139
[E2uls] flag=1 sh_t=30.580 new_t=30.580 dP=[0.0041 0.0014 -0.0008] |dP|=0.0044 first_dt=-1.0000
time: 30.548000, t: -0.011344 0.002239 0.001981 q: 0.999987 -0.001039 -0.004991 -0.000470 
[T2xcross] t=30.6480 id=2663 est=11.9824 svd=0.0752 rel=0.9937 track=2 sf=9
[T2depth] t=30.6480 id=2669 src=motion2 u=64.1 v=11.0 depth=1.6231 depth2=-1.0000 track=2 sf=9 flag=ok
[T2xcross] t=30.6480 id=2671 est=3.7046 svd=0.1507 rel=0.9593 track=2 sf=9
[T2depth] t=30.6480 id=2675 src=motion2 u=548.7 v=230.8 depth=0.1174 depth2=-1.0000 track=2 sf=9 flag=ok
[T2depth] t=30.6480 id=2679 src=motion2 u=613.0 v=196.0 depth=0.1539 depth2=-1.0000 track=2 sf=9 flag=ok
[T2depth] t=30.6480 id=2681 src=motion2 u=36.0 v=126.0 depth=0.1833 depth2=-1.0000 track=2 sf=9 flag=ok
[T2depth] t=30.6480 id=2683 src=stereo u=42.1 v=193.6 depth=32.0392 depth2=-1.0000 track=1 sf=10 flag=ok
[T2depth] t=30.6480 id=2685 src=stereo u=161.2 v=186.8 depth=5.0000 depth2=-1.0000 track=1 sf=10 flag=init_neg
[T2depth] t=30.6480 id=2689 src=stereo u=497.0 v=94.0 depth=3.9782 depth2=-1.0000 track=1 sf=10 flag=ok
[T2depth] t=30.6480 id=2693 src=stereo u=391.0 v=18.0 depth=3.8966 depth2=-1.0000 track=1 sf=10 flag=ok
[T2gate] t=30.6480 tri=44 rej=0 xrej=0 init_replace=1 gate=0
[T2slv] t=30.6480 phase=1 init_cost=95.5204 final_cost=94.6743 iters=5 term=0 slv_ms=9.2
[T2diag] t=30.6480 P=[-0.0117 0.0022 0.0022] V=[0.0004 0.0019 -0.0003] |Bas|=0.068574 |Bgs|=0.0033061 Bas=[-0.068509 -0.001106 -0.002773] Bgs=[0.0004600 0.0032378 0.0004849] tic0=[0.1200 0.0500 -0.0200] tic1=[0.1200 -0.0500 -0.0200] td=0.00000 track=140
[E2uls] flag=1 sh_t=30.700 new_t=30.700 dP=[-0.0013 0.0011 0.0004] |dP|=0.0018 first_dt=-1.0000
time: 30.648000, t: -0.011692 0.002215 0.002222 q: 0.999987 -0.000941 -0.004973 -0.000484 
[T2xcross] t=30.7480 id=2681 est=0.1833 svd=0.0716 rel=0.6095 track=2 sf=9
[T2depth] t=30.7480 id=2682 src=motion2 u=602.9 v=36.3 depth=5.0000 depth2=-1.0000 track=2 sf=9 flag=init_neg
[T2depth] t=30.7480 id=2688 src=motion2 u=562.0 v=99.0 depth=5.0000 depth2=-1.0000 track=2 sf=9 flag=init_neg
[T2xcross] t=30.7480 id=2689 est=3.9782 svd=0.2146 rel=0.9460 track=2 sf=9
[T2depth] t=30.7480 id=2690 src=motion2 u=69.0 v=178.0 depth=5.0000 depth2=-1.0000 track=2 sf=9 flag=init_neg
[T2depth] t=30.7480 id=2697 src=stereo u=309.9 v=40.5 depth=27.6080 depth2=-1.0000 track=1 sf=10 flag=ok
[T2depth] t=30.7480 id=2699 src=stereo u=264.1 v=133.4 depth=5.0000 depth2=-1.0000 track=1 sf=10 flag=init_neg
[T2gate] t=30.7480 tri=40 rej=0 xrej=0 init_replace=4 gate=0
[T2slv] t=30.7480 phase=1 init_cost=95.1 final_cost=94.7214 iters=5 term=0 slv_ms=6.0
[T2diag] t=30.7480 P=[-0.0117 0.0023 0.0023] V=[-0.0032 -0.0013 -0.0001] |Bas|=0.068574 |Bgs|=0.0020609 Bas=[-0.068509 -0.001106 -0.002773] Bgs=[0.0003916 0.0019089 -0.0006707] tic0=[0.1200 0.0500 -0.0200] tic1=[0.1200 -0.0500 -0.0200] td=0.00000 track=141
[E2uls] flag=1 sh_t=30.776 new_t=30.776 dP=[-0.0001 0.0004 -0.0002] |dP|=0.0005 first_dt=-1.0000
time: 30.748000, t: -0.011654 0.002350 0.002301 q: 0.999987 -0.001037 -0.004919 -0.000443 
[T2depth] t=30.8480 id=2694 src=motion2 u=77.3 v=61.9 depth=5.0000 depth2=-1.0000 track=2 sf=9 flag=init_neg
[T2xcross] t=30.8480 id=2697 est=27.6080 svd=0.0227 rel=0.9992 track=2 sf=9
[T2depth] t=30.8480 id=2704 src=motion2 u=404.0 v=144.0 depth=0.0531 depth2=-1.0000 track=2 sf=9 flag=ok
[T2depth] t=30.8480 id=2706 src=stereo u=535.4 v=64.0 depth=3.8723 depth2=-1.0000 track=1 sf=10 flag=ok
[T2depth] t=30.8480 id=2707 src=stereo u=565.9 v=114.5 depth=22.0805 depth2=-1.0000 track=1 sf=10 flag=ok
[T2depth] t=30.8480 id=2712 src=stereo u=347.0 v=119.0 depth=37.6739 depth2=-1.0000 track=1 sf=10 flag=ok
[T2depth] t=30.8480 id=2715 src=stereo u=532.0 v=114.0 depth=3.7789 depth2=-1.0000 track=1 sf=10 flag=ok
[T2gate] t=30.8480 tri=42 rej=0 xrej=0 init_replace=1 gate=0
[T2slv] t=30.8480 phase=1 init_cost=97.2982 final_cost=94.6553 iters=7 term=0 slv_ms=13.5
[T2diag] t=30.8480 P=[-0.0132 0.0019 0.0024] V=[0.0013 0.0001 -0.0012] |Bas|=0.068574 |Bgs|=0.0050342 Bas=[-0.068509 -0.001106 -0.002773] Bgs=[-0.0025195 -0.0038751 -0.0019948] tic0=[0.1200 0.0500 -0.0200] tic1=[0.1200 -0.0500 -0.0200] td=0.00000 track=140
[E2uls] flag=1 sh_t=30.924 new_t=30.924 dP=[-0.0002 -0.0001 0.0003] |dP|=0.0004 first_dt=-1.0000
time: 30.848000, t: -0.013209 0.001907 0.002394 q: 0.999988 -0.001107 -0.004680 -0.000348 
[T2depth] t=30.9480 id=2713 src=motion2 u=271.0 v=85.0 depth=5.0000 depth2=-1.0000 track=2 sf=9 flag=init_neg
[T2depth] t=30.9480 id=2714 src=motion2 u=633.0 v=478.0 depth=0.0619 depth2=-1.0000 track=2 sf=9 flag=ok
[T2depth] t=30.9480 id=2716 src=motion2 u=46.0 v=95.0 depth=0.0088 depth2=-1.0000 track=2 sf=9 flag=ok
[T2depth] t=30.9480 id=2717 src=motion2 u=485.0 v=124.0 depth=0.0026 depth2=-1.0000 track=2 sf=9 flag=ok
[T2depth] t=30.9480 id=2718 src=motion2 u=372.0 v=191.0 depth=5.0000 depth2=-1.0000 track=2 sf=9 flag=init_neg
[T2depth] t=30.9480 id=2723 src=stereo u=387.0 v=48.0 depth=3.4306 depth2=-1.0000 track=1 sf=10 flag=ok
[T2depth] t=30.9480 id=2730 src=stereo u=58.0 v=65.0 depth=5.0000 depth2=-1.0000 track=1 sf=10 flag=init_neg
[T2depth] t=30.9480 id=2731 src=stereo u=32.0 v=171.0 depth=5.0000 depth2=-1.0000 track=1 sf=10 flag=init_neg
[T2gate] t=30.9480 tri=41 rej=0 xrej=0 init_replace=4 gate=0
[T2slv] t=30.9480 phase=1 init_cost=95.2831 final_cost=94.7175 iters=5 term=0 slv_ms=12.0
[T2diag] t=30.9480 P=[-0.0134 0.0018 0.0023] V=[0.0011 0.0007 -0.0012] |Bas|=0.068574 |Bgs|=0.0038288 Bas=[-0.068509 -0.001106 -0.002773] Bgs=[0.0005934 -0.0017607 -0.0033477] tic0=[0.1200 0.0500 -0.0200] tic1=[0.1200 -0.0500 -0.0200] td=0.00000 track=140
[E2uls] flag=1 sh_t=30.996 new_t=30.996 dP=[0.0001 0.0001 0.0001] |dP|=0.0002 first_dt=-1.0000
time: 30.948000, t: -0.013395 0.001786 0.002340 q: 0.999989 -0.001077 -0.004644 -0.000323 
[T2xcross] t=31.0480 id=2713 est=5.0000 svd=0.0123 rel=0.9975 track=2 sf=9
[T2depth] t=31.0480 id=2722 src=motion2 u=248.9 v=198.6 depth=0.0103 depth2=-1.0000 track=2 sf=9 flag=ok
[T2depth] t=31.0480 id=2724 src=motion2 u=75.8 v=6.9 depth=5.0000 depth2=-1.0000 track=2 sf=9 flag=init_neg
[T2depth] t=31.0480 id=2725 src=motion2 u=30.0 v=35.0 depth=0.0000 depth2=-1.0000 track=2 sf=9 flag=ok
[T2depth] t=31.0480 id=2726 src=motion2 u=605.0 v=42.0 depth=0.0714 depth2=-1.0000 track=2 sf=9 flag=ok
[T2depth] t=31.0480 id=2728 src=motion2 u=570.0 v=49.0 depth=5.0000 depth2=-1.0000 track=2 sf=9 flag=init_neg
[T2depth] t=31.0480 id=2729 src=motion2 u=184.0 v=114.0 depth=5.0000 depth2=-1.0000 track=2 sf=9 flag=init_neg
[T2depth] t=31.0480 id=2733 src=stereo u=502.4 v=19.5 depth=3.2699 depth2=-1.0000 track=1 sf=10 flag=ok
[T2depth] t=31.0480 id=2735 src=stereo u=254.2 v=55.2 depth=40.7710 depth2=-1.0000 track=1 sf=10 flag=ok
[T2depth] t=31.0480 id=2738 src=stereo u=307.0 v=69.0 depth=5.0000 depth2=-1.0000 track=1 sf=10 flag=init_neg
[T2depth] t=31.0480 id=2739 src=stereo u=278.0 v=186.0 depth=34.8557 depth2=-1.0000 track=1 sf=10 flag=ok
[T2gate] t=31.0480 tri=40 rej=0 xrej=0 init_replace=4 gate=0
[T2slv] t=31.0480 phase=1 init_cost=96.84 final_cost=95.5255 iters=9 term=1 slv_ms=8.6
[T2diag] t=31.0480 P=[-0.0133 0.0017 0.0023] V=[0.0009 0.0013 0.0006] |Bas|=0.068574 |Bgs|=0.0044707 Bas=[-0.068509 -0.001106 -0.002773] Bgs=[-0.0043205 0.0011268 0.0002267] tic0=[0.1200 0.0500 -0.0200] tic1=[0.1200 -0.0500 -0.0200] td=0.00000 track=142
[E2uls] flag=1 sh_t=31.080 new_t=31.080 dP=[0.0003 0.0004 0.0001] |dP|=0.0005 first_dt=-1.0000
time: 31.048000, t: -0.013292 0.001718 0.002255 q: 0.999988 -0.000887 -0.004735 -0.000333 
[T2xcross] t=31.1480 id=2643 est=0.1393 svd=0.0263 rel=0.8112 track=2 sf=9
[T2xcross] t=31.1480 id=2672 est=5.0000 svd=0.0516 rel=0.9897 track=2 sf=9
[T2xcross] t=31.1480 id=2735 est=40.7710 svd=0.0233 rel=0.9994 track=2 sf=9
[T2depth] t=31.1480 id=2736 src=motion2 u=121.4 v=166.0 depth=5.0000 depth2=-1.0000 track=2 sf=9 flag=init_neg
[T2depth] t=31.1480 id=2740 src=motion2 u=6.0 v=198.0 depth=5.0000 depth2=-1.0000 track=2 sf=9 flag=init_neg
[T2depth] t=31.1480 id=2741 src=motion2 u=581.0 v=10.0 depth=5.0000 depth2=-1.0000 track=2 sf=9 flag=init_neg
[T2depth] t=31.1480 id=2742 src=motion2 u=177.0 v=196.0 depth=0.0261 depth2=-1.0000 track=2 sf=9 flag=ok
[T2depth] t=31.1480 id=2745 src=stereo u=459.2 v=66.8 depth=4.3426 depth2=-1.0000 track=1 sf=10 flag=ok
[T2depth] t=31.1480 id=2747 src=stereo u=335.3 v=104.2 depth=27.8916 depth2=-1.0000 track=1 sf=10 flag=ok
[T2depth] t=31.1480 id=2755 src=stereo u=253.0 v=153.0 depth=5.0000 depth2=-1.0000 track=1 sf=10 flag=init_neg
[T2depth] t=31.1480 id=2756 src=stereo u=533.0 v=60.0 depth=3.3606 depth2=-1.0000 track=1 sf=10 flag=ok
[T2gate] t=31.1480 tri=41 rej=0 xrej=0 init_replace=4 gate=0
[T2slv] t=31.1480 phase=1 init_cost=97.9737 final_cost=95.8904 iters=7 term=0 slv_ms=8.2
[T2diag] t=31.1480 P=[-0.0130 0.0015 0.0016] V=[-0.0007 -0.0004 -0.0090] |Bas|=0.068574 |Bgs|=0.0080996 Bas=[-0.068509 -0.001106 -0.002773] Bgs=[-0.0061730 0.0047751 -0.0021671] tic0=[0.1200 0.0500 -0.0200] tic1=[0.1200 -0.0500 -0.0200] td=0.00000 track=138
[E2uls] flag=1 sh_t=31.180 new_t=31.180 dP=[0.0002 0.0007 0.0007] |dP|=0.0011 first_dt=-1.0000
time: 31.148000, t: -0.012997 0.001545 0.001650 q: 0.999987 -0.000718 -0.004979 -0.000329 
[T2depth] t=31.2520 id=2744 src=motion2 u=619.0 v=76.6 depth=0.0762 depth2=-1.0000 track=2 sf=9 flag=ok
[T2depth] t=31.2520 id=2749 src=motion2 u=446.0 v=122.0 depth=5.0000 depth2=-1.0000 track=2 sf=9 flag=init_neg
[T2depth] t=31.2520 id=2750 src=motion2 u=287.0 v=186.0 depth=5.0000 depth2=-1.0000 track=2 sf=9 flag=init_neg
[T2depth] t=31.2520 id=2752 src=motion2 u=75.0 v=68.0 depth=0.2524 depth2=-1.0000 track=2 sf=9 flag=ok
[T2xcross] t=31.2520 id=2755 est=5.0000 svd=0.3107 rel=0.9379 track=2 sf=9
[T2depth] t=31.2520 id=2760 src=stereo u=407.4 v=149.2 depth=3.7495 depth2=-1.0000 track=1 sf=10 flag=ok
[T2depth] t=31.2520 id=2761 src=stereo u=511.2 v=194.5 depth=4.3908 depth2=-1.0000 track=1 sf=10 flag=ok
[T2depth] t=31.2520 id=2762 src=stereo u=397.8 v=199.9 depth=3.8707 depth2=-1.0000 track=1 sf=10 flag=ok
[T2depth] t=31.2520 id=2763 src=stereo u=142.0 v=64.0 depth=5.0000 depth2=-1.0000 track=1 sf=10 flag=init_neg
[T2depth] t=31.2520 id=2764 src=stereo u=628.0 v=176.0 depth=15.9639 depth2=-1.0000 track=1 sf=10 flag=ok
[T2depth] t=31.2520 id=2765 src=stereo u=399.0 v=11.0 depth=4.1240 depth2=-1.0000 track=1 sf=10 flag=ok
[T2gate] t=31.2520 tri=47 rej=0 xrej=0 init_replace=3 gate=0
[T2slv] t=31.2520 phase=1 init_cost=100.16 final_cost=95.1343 iters=9 term=1 slv_ms=14.1
[T2diag] t=31.2520 P=[-0.0124 0.0016 0.0014] V=[0.0071 0.0032 -0.0034] |Bas|=0.068574 |Bgs|=0.0080800 Bas=[-0.068509 -0.001106 -0.002773] Bgs=[-0.0057421 0.0056789 -0.0002557] tic0=[0.1200 0.0500 -0.0200] tic1=[0.1200 -0.0500 -0.0200] td=0.00000 track=136
[E2uls] flag=1 sh_t=31.288 new_t=31.288 dP=[-0.0008 0.0003 -0.0022] |dP|=0.0024 first_dt=-1.0000
time: 31.252000, t: -0.012364 0.001641 0.001422 q: 0.999986 -0.000549 -0.005300 -0.000434 
[T2xcross] t=31.3520 id=2738 est=5.0000 svd=0.2341 rel=0.9532 track=2 sf=9
[T2depth] t=31.3520 id=2757 src=motion2 u=310.3 v=141.1 depth=5.0000 depth2=-1.0000 track=2 sf=9 flag=init_neg
[T2depth] t=31.3520 id=2758 src=motion2 u=149.0 v=111.0 depth=0.0334 depth2=-1.0000 track=2 sf=9 flag=ok
[T2xcross] t=31.3520 id=2762 est=3.8707 svd=0.1083 rel=0.9720 track=2 sf=9
[T2xcross] t=31.3520 id=2765 est=4.1240 svd=0.3685 rel=0.9107 track=2 sf=9
[T2depth] t=31.3520 id=2768 src=motion2 u=541.0 v=218.0 depth=0.0116 depth2=-1.0000 track=2 sf=9 flag=ok
[T2depth] t=31.3520 id=2769 src=motion2 u=208.0 v=243.0 depth=0.0149 depth2=-1.0000 track=2 sf=9 flag=ok
[T2depth] t=31.3520 id=2774 src=stereo u=262.3 v=21.7 depth=18.2349 depth2=-1.0000 track=1 sf=10 flag=ok
[T2depth] t=31.3520 id=2778 src=stereo u=490.6 v=93.8 depth=3.6836 depth2=-1.0000 track=1 sf=10 flag=ok
[T2depth] t=31.3520 id=2781 src=stereo u=414.0 v=48.0 depth=3.3705 depth2=-1.0000 track=1 sf=10 flag=ok
[T2gate] t=31.3520 tri=45 rej=0 xrej=0 init_replace=1 gate=0
[T2slv] t=31.3520 phase=1 init_cost=98.7059 final_cost=95.4611 iters=9 term=1 slv_ms=13.8
[T2diag] t=31.3520 P=[-0.0129 0.0014 0.0014] V=[-0.0084 -0.0026 0.0001] |Bas|=0.068574 |Bgs|=0.0032104 Bas=[-0.068509 -0.001106 -0.002773] Bgs=[0.0001497 -0.0022481 -0.0022869] tic0=[0.1200 0.0500 -0.0200] tic1=[0.1200 -0.0500 -0.0200] td=0.00000 track=138
[E2uls] flag=1 sh_t=31.408 new_t=31.408 dP=[0.0018 0.0011 -0.0009] |dP|=0.0023 first_dt=-1.0000
time: 31.352000, t: -0.012898 0.001373 0.001407 q: 0.999985 -0.000431 -0.005426 -0.000283 
[T2xcross] t=31.4840 id=2761 est=4.3908 svd=0.0319 rel=0.9927 track=2 sf=9
[T2depth] t=31.4840 id=2772 src=motion2 u=141.5 v=169.5 depth=0.0286 depth2=-1.0000 track=2 sf=9 flag=ok
[T2depth] t=31.4840 id=2773 src=motion2 u=536.5 v=108.2 depth=5.0000 depth2=-1.0000 track=2 sf=9 flag=init_neg
[T2xcross] t=31.4840 id=2774 est=18.2349 svd=0.0630 rel=0.9965 track=2 sf=9
[T2depth] t=31.4840 id=2777 src=motion2 u=38.3 v=30.9 depth=0.0488 depth2=-1.0000 track=2 sf=9 flag=ok
[T2xcross] t=31.4840 id=2778 est=3.6836 svd=0.0168 rel=0.9954 track=2 sf=9
[T2depth] t=31.4840 id=2779 src=motion2 u=52.0 v=144.0 depth=0.0062 depth2=-1.0000 track=2 sf=9 flag=ok
[T2depth] t=31.4840 id=2780 src=motion2 u=446.0 v=160.0 depth=5.0000 depth2=-1.0000 track=2 sf=9 flag=init_neg
[T2depth] t=31.4840 id=2791 src=stereo u=534.0 v=151.0 depth=5.0000 depth2=-1.0000 track=1 sf=10 flag=init_neg
[T2depth] t=31.4840 id=2792 src=stereo u=359.0 v=179.0 depth=3.3947 depth2=-1.0000 track=1 sf=10 flag=ok
[T2gate] t=31.4840 tri=43 rej=0 xrej=0 init_replace=3 gate=0
[T2slv] t=31.4840 phase=1 init_cost=103.139 final_cost=96.2351 iters=9 term=1 slv_ms=7.3
[T2diag] t=31.4840 P=[-0.0127 0.0015 0.0012] V=[-0.0005 0.0009 -0.0006] |Bas|=0.068574 |Bgs|=0.0047199 Bas=[-0.068509 -0.001106 -0.002773] Bgs=[-0.0001946 0.0043719 -0.0017682] tic0=[0.1200 0.0500 -0.0200] tic1=[0.1200 -0.0500 -0.0200] td=0.00000 track=141
[E2uls] flag=1 sh_t=31.536 new_t=31.536 dP=[-0.0029 -0.0008 -0.0001] |dP|=0.0030 first_dt=-1.0000
time: 31.484000, t: -0.012657 0.001528 0.001178 q: 0.999985 -0.000437 -0.005433 -0.000329 
[T2xcross] t=31.5840 id=2750 est=5.0000 svd=0.0001 rel=1.0000 track=2 sf=9
[T2xcross] t=31.5840 id=2768 est=0.0116 svd=0.0224 rel=0.4822 track=2 sf=9
[T2depth] t=31.5840 id=2789 src=motion2 u=18.3 v=125.2 depth=0.0419 depth2=-1.0000 track=2 sf=9 flag=ok
[T2depth] t=31.5840 id=2793 src=motion2 u=537.0 v=36.0 depth=5.0000 depth2=-1.0000 track=2 sf=9 flag=init_neg
[T2depth] t=31.5840 id=2796 src=stereo u=480.1 v=212.5 depth=4.3861 depth2=-1.0000 track=1 sf=10 flag=ok
[T2depth] t=31.5840 id=2805 src=stereo u=88.0 v=144.0 depth=32.4460 depth2=-1.0000 track=1 sf=10 flag=ok
[T2depth] t=31.5840 id=2809 src=stereo u=287.0 v=22.0 depth=38.1822 depth2=-1.0000 track=1 sf=10 flag=ok
[T2depth] t=31.5840 id=2811 src=stereo u=60.0 v=250.0 depth=2.0815 depth2=-1.0000 track=1 sf=10 flag=ok
[T2depth] t=31.5840 id=2813 src=stereo u=390.0 v=171.0 depth=4.4644 depth2=-1.0000 track=1 sf=10 flag=ok
[T2gate] t=31.5840 tri=48 rej=0 xrej=0 init_replace=1 gate=0
[T2slv] t=31.5840 phase=1 init_cost=96.8518 final_cost=95.4579 iters=8 term=0 slv_ms=11.8
[T2diag] t=31.5840 P=[-0.0140 0.0015 0.0019] V=[-0.0146 -0.0049 0.0034] |Bas|=0.068574 |Bgs|=0.0064071 Bas=[-0.068509 -0.001106 -0.002773] Bgs=[-0.0015635 -0.0031546 -0.0053530] tic0=[0.1200 0.0500 -0.0200] tic1=[0.1200 -0.0500 -0.0200] td=0.00000 track=134
[E2uls] flag=1 sh_t=31.636 new_t=31.636 dP=[0.0012 0.0002 -0.0014] |dP|=0.0019 first_dt=-1.0000
time: 31.584000, t: -0.013967 0.001484 0.001884 q: 0.999985 -0.000440 -0.005368 -0.000153 
[T2xcross] t=31.6840 id=2793 est=5.0000 svd=1.1776 rel=0.7645 track=2 sf=9
[T2xcross] t=31.6840 id=2796 est=4.3861 svd=0.1108 rel=0.9747 track=2 sf=9
[T2depth] t=31.6840 id=2797 src=motion2 u=479.8 v=142.2 depth=0.1971 depth2=-1.0000 track=2 sf=9 flag=ok
[T2depth] t=31.6840 id=2799 src=motion2 u=128.9 v=57.8 depth=5.0000 depth2=-1.0000 track=2 sf=9 flag=init_neg
[T2depth] t=31.6840 id=2800 src=motion2 u=176.0 v=195.0 depth=5.0000 depth2=-1.0000 track=2 sf=9 flag=init_neg
[T2depth] t=31.6840 id=2804 src=motion2 u=349.4 v=68.2 depth=5.0000 depth2=-1.0000 track=2 sf=9 flag=init_neg
[T2xcross] t=31.6840 id=2805 est=32.4460 svd=0.0849 rel=0.9974 track=2 sf=9
[T2depth] t=31.6840 id=2806 src=motion2 u=39.0 v=223.0 depth=5.0000 depth2=-1.0000 track=2 sf=9 flag=init_neg
[T2depth] t=31.6840 id=2808 src=motion2 u=522.0 v=136.0 depth=5.0000 depth2=-1.0000 track=2 sf=9 flag=init_neg
[T2xcross] t=31.6840 id=2809 est=38.1822 svd=0.1970 rel=0.9948 track=2 sf=9
[T2depth] t=31.6840 id=2810 src=motion2 u=220.0 v=49.0 depth=5.0000 depth2=-1.0000 track=2 sf=9 flag=init_neg
[T2xcross] t=31.6840 id=2813 est=4.4644 svd=2.0559 rel=0.5395 track=2 sf=9
[T2depth] t=31.6840 id=2823 src=stereo u=182.0 v=45.0 depth=38.7833 depth2=-1.0000 track=1 sf=10 flag=ok
[T2gate] t=31.6840 tri=45 rej=0 xrej=0 init_replace=6 gate=0
[T2slv] t=31.6840 phase=1 init_cost=95.8889 final_cost=94.3491 iters=9 term=1 slv_ms=20.7
[T2diag] t=31.6840 P=[-0.0133 0.0020 0.0020] V=[0.0050 0.0009 -0.0001] |Bas|=0.068574 |Bgs|=0.0072145 Bas=[-0.068509 -0.001106 -0.002773] Bgs=[0.0011207 -0.0012795 0.0070111] tic0=[0.1200 0.0500 -0.0200] tic1=[0.1200 -0.0500 -0.0200] td=0.00000 track=141
[E2uls] flag=1 sh_t=31.732 new_t=31.732 dP=[-0.0039 -0.0020 0.0010] |dP|=0.0045 first_dt=-1.0000
time: 31.684000, t: -0.013317 0.001966 0.001957 q: 0.999985 -0.000445 -0.005399 -0.000350 
[T2xcross] t=31.7840 id=2780 est=5.0000 svd=0.0226 rel=0.9955 track=2 sf=9
[T2depth] t=31.7840 id=2817 src=motion2 u=181.1 v=224.5 depth=0.1304 depth2=-1.0000 track=2 sf=9 flag=ok
[T2depth] t=31.7840 id=2819 src=motion2 u=375.0 v=111.0 depth=5.0000 depth2=-1.0000 track=2 sf=9 flag=init_neg
[T2depth] t=31.7840 id=2821 src=motion2 u=230.0 v=208.0 depth=0.0087 depth2=-1.0000 track=2 sf=9 flag=ok
[T2depth] t=31.7840 id=2824 src=motion2 u=607.0 v=121.0 depth=0.0153 depth2=-1.0000 track=2 sf=9 flag=ok
[T2depth] t=31.7840 id=2828 src=stereo u=300.6 v=53.9 depth=21.1374 depth2=-1.0000 track=1 sf=10 flag=ok
[T2depth] t=31.7840 id=2833 src=stereo u=521.2 v=166.3 depth=4.4649 depth2=-1.0000 track=1 sf=10 flag=ok
[T2depth] t=31.7840 id=2834 src=stereo u=195.7 v=25.2 depth=24.0685 depth2=-1.0000 track=1 sf=10 flag=ok
[T2depth] t=31.7840 id=2840 src=stereo u=70.0 v=11.0 depth=5.0000 depth2=-1.0000 track=1 sf=10 flag=init_neg
[T2gate] t=31.7840 tri=46 rej=0 xrej=0 init_replace=2 gate=0
[T2slv] t=31.7840 phase=1 init_cost=99.6031 final_cost=95.6632 iters=9 term=1 slv_ms=13.9
[T2diag] t=31.7840 P=[-0.0126 0.0018 0.0014] V=[0.0088 0.0013 -0.0026] |Bas|=0.068574 |Bgs|=0.0054333 Bas=[-0.068509 -0.001106 -0.002773] Bgs=[-0.0017241 0.0039551 0.0033023] tic0=[0.1200 0.0500 -0.0200] tic1=[0.1200 -0.0500 -0.0200] td=0.00000 track=137
[E2uls] flag=1 sh_t=31.860 new_t=31.860 dP=[0.0002 -0.0009 0.0009] |dP|=0.0013 first_dt=-1.0000
time: 31.784000, t: -0.012591 0.001784 0.001442 q: 0.999985 -0.000465 -0.005455 -0.000423 
[T2depth] t=31.9160 id=2825 src=motion2 u=53.7 v=170.3 depth=5.0000 depth2=-1.0000 track=2 sf=9 flag=init_neg
[T2xcross] t=31.9160 id=2834 est=24.0685 svd=0.0552 rel=0.9977 track=2 sf=9
[T2depth] t=31.9160 id=2835 src=motion2 u=258.5 v=128.3 depth=5.0000 depth2=-1.0000 track=2 sf=9 flag=init_neg
[T2depth] t=31.9160 id=2836 src=motion2 u=92.0 v=187.0 depth=0.0907 depth2=-1.0000 track=2 sf=9 flag=ok
[T2depth] t=31.9160 id=2838 src=motion2 u=167.0 v=150.0 depth=0.0601 depth2=-1.0000 track=2 sf=9 flag=ok
[T2depth] t=31.9160 id=2841 src=stereo u=18.3 v=49.9 depth=32.1970 depth2=-1.0000 track=1 sf=10 flag=ok
[T2depth] t=31.9160 id=2845 src=stereo u=434.8 v=90.8 depth=3.7843 depth2=-1.0000 track=1 sf=10 flag=ok
[T2depth] t=31.9160 id=2847 src=stereo u=421.0 v=17.0 depth=3.9982 depth2=-1.0000 track=1 sf=10 flag=ok
[T2gate] t=31.9160 tri=46 rej=0 xrej=0 init_replace=2 gate=0
[T2slv] t=31.9160 phase=1 init_cost=98.9143 final_cost=96.1353 iters=9 term=1 slv_ms=11.4
[T2diag] t=31.9160 P=[-0.0129 0.0016 0.0015] V=[-0.0034 0.0002 0.0024] |Bas|=0.068574 |Bgs|=0.0052683 Bas=[-0.068509 -0.001106 -0.002773] Bgs=[-0.0039530 -0.0018213 -0.0029683] tic0=[0.1200 0.0500 -0.0200] tic1=[0.1200 -0.0500 -0.0200] td=0.00000 track=138
[E2uls] flag=1 sh_t=31.948 new_t=31.948 dP=[0.0021 0.0003 -0.0007] |dP|=0.0022 first_dt=-1.0000
time: 31.916000, t: -0.012923 0.001594 0.001540 q: 0.999985 -0.000411 -0.005488 -0.000327 
[T2depth] t=32.0480 id=2844 src=motion2 u=555.4 v=246.0 depth=16.8822 depth2=-1.0000 track=2 sf=9 flag=ok
[T2xcross] t=32.0480 id=2845 est=3.7843 svd=0.0655 rel=0.9827 track=2 sf=9
[T2depth] t=32.0480 id=2852 src=motion2 u=373.0 v=144.0 depth=5.0000 depth2=-1.0000 track=2 sf=9 flag=init_neg
[T2depth] t=32.0480 id=2853 src=motion2 u=258.0 v=84.0 depth=0.0108 depth2=-1.0000 track=2 sf=9 flag=ok
[T2depth] t=32.0480 id=2863 src=stereo u=95.4 v=89.1 depth=5.0000 depth2=-1.0000 track=1 sf=10 flag=init_neg
[T2depth] t=32.0480 id=2869 src=stereo u=586.0 v=215.0 depth=1.0300 depth2=-1.0000 track=1 sf=10 flag=ok
[T2depth] t=32.0480 id=2872 src=stereo u=375.0 v=43.0 depth=4.4116 depth2=-1.0000 track=1 sf=10 flag=ok
[T2depth] t=32.0480 id=2874 src=stereo u=333.0 v=221.0 depth=1.9558 depth2=-1.0000 track=1 sf=10 flag=ok
[T2gate] t=32.0480 tri=48 rej=0 xrej=0 init_replace=2 gate=0
[T2slv] t=32.0480 phase=1 init_cost=96.2304 final_cost=95.8186 iters=9 term=1 slv_ms=10.9
[T2diag] t=32.0480 P=[-0.0115 0.0021 0.0011] V=[0.0095 0.0020 -0.0057] |Bas|=0.068574 |Bgs|=0.0035849 Bas=[-0.068509 -0.001106 -0.002773] Bgs=[0.0016908 -0.0028828 0.0012970] tic0=[0.1200 0.0500 -0.0200] tic1=[0.1200 -0.0500 -0.0200] td=0.00000 track=136
[E2uls] flag=1 sh_t=32.100 new_t=32.100 dP=[-0.0025 -0.0015 0.0006] |dP|=0.0030 first_dt=-1.0000
time: 32.048000, t: -0.011516 0.002104 0.001059 q: 0.999984 -0.000413 -0.005563 -0.000517 
[T2xcross] t=32.1480 id=2800 est=5.0000 svd=0.3987 rel=0.9203 track=2 sf=9
[T2xcross] t=32.1480 id=2840 est=5.0000 svd=0.4502 rel=0.9100 track=2 sf=9
[T2depth] t=32.1480 id=2855 src=motion2 u=98.3 v=53.9 depth=0.3522 depth2=-1.0000 track=2 sf=9 flag=ok
[T2depth] t=32.1480 id=2856 src=motion2 u=186.2 v=127.9 depth=5.0000 depth2=-1.0000 track=2 sf=9 flag=init_neg
[T2depth] t=32.1480 id=2857 src=motion2 u=550.4 v=205.7 depth=0.2421 depth2=-1.0000 track=2 sf=9 flag=ok
[T2depth] t=32.1480 id=2862 src=motion2 u=503.4 v=72.2 depth=0.4900 depth2=-1.0000 track=2 sf=9 flag=ok
[T2depth] t=32.1480 id=2866 src=motion2 u=332.3 v=101.3 depth=0.2091 depth2=-1.0000 track=2 sf=9 flag=ok
[T2depth] t=32.1480 id=2871 src=motion2 u=359.0 v=71.0 depth=5.0000 depth2=-1.0000 track=2 sf=9 flag=init_neg
[T2depth] t=32.1480 id=2878 src=stereo u=143.3 v=180.8 depth=5.0000 depth2=-1.0000 track=1 sf=10 flag=init_neg
[T2depth] t=32.1480 id=2880 src=stereo u=56.5 v=245.0 depth=2.9313 depth2=-1.0000 track=1 sf=10 flag=ok
[T2depth] t=32.1480 id=2882 src=stereo u=365.0 v=32.0 depth=3.6802 depth2=-1.0000 track=1 sf=10 flag=ok
[T2depth] t=32.1480 id=2883 src=stereo u=301.0 v=193.0 depth=5.0000 depth2=-1.0000 track=1 sf=10 flag=init_neg
[T2depth] t=32.1480 id=2884 src=stereo u=52.0 v=171.0 depth=36.5789 depth2=-1.0000 track=1 sf=10 flag=ok
[T2depth] t=32.1480 id=2886 src=stereo u=521.0 v=29.0 depth=4.1456 depth2=-1.0000 track=1 sf=10 flag=ok
[T2depth] t=32.1480 id=2888 src=stereo u=227.0 v=46.0 depth=24.5855 depth2=-1.0000 track=1 sf=10 flag=ok
[T2gate] t=32.1480 tri=46 rej=0 xrej=0 init_replace=4 gate=0
[T2slv] t=32.1480 phase=1 init_cost=99.4232 final_cost=95.9737 iters=9 term=1 slv_ms=14.1
[T2diag] t=32.1480 P=[-0.0113 0.0021 0.0010] V=[-0.0025 -0.0006 0.0015] |Bas|=0.068574 |Bgs|=0.0046846 Bas=[-0.068509 -0.001106 -0.002773] Bgs=[-0.0032656 0.0033581 0.0000714] tic0=[0.1200 0.0500 -0.0200] tic1=[0.1200 -0.0500 -0.0200] td=0.00000 track=139
[E2uls] flag=1 sh_t=32.220 new_t=32.220 dP=[0.0014 -0.0001 -0.0021] |dP|=0.0025 first_dt=-1.0000
time: 32.148000, t: -0.011311 0.002098 0.001028 q: 0.999984 -0.000375 -0.005668 -0.000483 
[T2depth] t=32.2480 id=2876 src=motion2 u=257.1 v=161.3 depth=0.0124 depth2=-1.0000 track=2 sf=9 flag=ok
[T2xcross] t=32.2480 id=2882 est=3.6802 svd=0.0685 rel=0.9814 track=2 sf=9
[T2xcross] t=32.2480 id=2884 est=36.5789 svd=0.0548 rel=0.9985 track=2 sf=9
[T2depth] t=32.2480 id=2887 src=motion2 u=589.0 v=163.0 depth=0.0534 depth2=-1.0000 track=2 sf=9 flag=ok
[T2depth] t=32.2480 id=2895 src=stereo u=530.0 v=156.0 depth=4.0117 depth2=-1.0000 track=1 sf=10 flag=ok
[T2depth] t=32.2480 id=2897 src=stereo u=205.0 v=21.0 depth=5.0000 depth2=-1.0000 track=1 sf=10 flag=init_neg
[T2depth] t=32.2480 id=2899 src=stereo u=524.0 v=21.0 depth=4.3149 depth2=-1.0000 track=1 sf=10 flag=ok
[T2gate] t=32.2480 tri=39 rej=0 xrej=0 init_replace=1 gate=0
[T2slv] t=32.2480 phase=1 init_cost=98.1689 final_cost=96.3344 iters=9 term=1 slv_ms=17.9
[T2diag] t=32.2480 P=[-0.0117 0.0020 0.0010] V=[-0.0036 -0.0018 -0.0008] |Bas|=0.068574 |Bgs|=0.0054595 Bas=[-0.068509 -0.001106 -0.002773] Bgs=[0.0026602 0.0003213 0.0047567] tic0=[0.1200 0.0500 -0.0200] tic1=[0.1200 -0.0500 -0.0200] td=0.00000 track=140
[E2uls] flag=1 sh_t=32.300 new_t=32.300 dP=[-0.0006 0.0000 -0.0001] |dP|=0.0007 first_dt=-1.0000
time: 32.248000, t: -0.011656 0.001967 0.000987 q: 0.999983 -0.000361 -0.005724 -0.000451 
[T2xcross] t=32.3480 id=2836 est=0.0907 svd=0.0318 rel=0.6498 track=2 sf=9
[T2depth] t=32.3480 id=2889 src=motion2 u=148.9 v=68.2 depth=0.0049 depth2=-1.0000 track=2 sf=9 flag=ok
[T2depth] t=32.3480 id=2890 src=motion2 u=88.0 v=45.0 depth=0.0185 depth2=-1.0000 track=2 sf=9 flag=ok
[T2depth] t=32.3480 id=2892 src=motion2 u=151.0 v=282.0 depth=5.0000 depth2=-1.0000 track=2 sf=9 flag=init_neg
[T2depth] t=32.3480 id=2894 src=motion2 u=54.0 v=45.9 depth=5.0000 depth2=-1.0000 track=2 sf=9 flag=init_neg
[T2xcross] t=32.3480 id=2895 est=4.0117 svd=0.0324 rel=0.9919 track=2 sf=9
[T2depth] t=32.3480 id=2896 src=motion2 u=384.0 v=79.0 depth=5.0000 depth2=-1.0000 track=2 sf=9 flag=init_neg
[T2depth] t=32.3480 id=2898 src=motion2 u=176.0 v=92.0 depth=5.0000 depth2=-1.0000 track=2 sf=9 flag=init_neg
[T2depth] t=32.3480 id=2900 src=motion2 u=598.0 v=69.0 depth=5.0000 depth2=-1.0000 track=2 sf=9 flag=init_neg
[T2depth] t=32.3480 id=2904 src=stereo u=11.2 v=187.1 depth=23.1895 depth2=-1.0000 track=1 sf=10 flag=ok
[T2depth] t=32.3480 id=2909 src=stereo u=142.0 v=101.0 depth=32.6444 depth2=-1.0000 track=1 sf=10 flag=ok
[T2depth] t=32.3480 id=2910 src=stereo u=413.0 v=224.0 depth=3.4337 depth2=-1.0000 track=1 sf=10 flag=ok
[T2gate] t=32.3480 tri=39 rej=0 xrej=0 init_replace=5 gate=0
[T2slv] t=32.3480 phase=1 init_cost=98.8705 final_cost=96.8199 iters=9 term=1 slv_ms=11.0
[T2diag] t=32.3480 P=[-0.0121 0.0016 0.0010] V=[-0.0036 -0.0004 0.0011] |Bas|=0.068574 |Bgs|=0.0038508 Bas=[-0.068509 -0.001106 -0.002773] Bgs=[-0.0035958 0.0013006 0.0004555] tic0=[0.1200 0.0500 -0.0200] tic1=[0.1200 -0.0500 -0.0200] td=0.00000 track=143
[E2uls] flag=1 sh_t=32.416 new_t=32.416 dP=[-0.0007 -0.0000 -0.0005] |dP|=0.0009 first_dt=-1.0000
time: 32.348000, t: -0.012110 0.001644 0.000992 q: 0.999984 -0.000363 -0.005676 -0.000389 
[T2xcross] t=32.4480 id=2889 est=0.0049 svd=0.1550 rel=0.9682 track=2 sf=9
[T2xcross] t=32.4480 id=2896 est=5.0000 svd=0.0449 rel=0.9910 track=2 sf=9
[T2depth] t=32.4480 id=2902 src=motion2 u=440.0 v=160.8 depth=5.0000 depth2=-1.0000 track=2 sf=9 flag=init_neg
[T2depth] t=32.4480 id=2908 src=motion2 u=41.0 v=15.0 depth=0.0561 depth2=-1.0000 track=2 sf=9 flag=ok
[T2xcross] t=32.4480 id=2909 est=32.6444 svd=0.0125 rel=0.9996 track=2 sf=9
[T2depth] t=32.4480 id=2920 src=stereo u=522.0 v=198.0 depth=3.9979 depth2=-1.0000 track=1 sf=10 flag=ok
[T2depth] t=32.4480 id=2921 src=stereo u=513.0 v=54.0 depth=3.5119 depth2=-1.0000 track=1 sf=10 flag=ok
[T2gate] t=32.4480 tri=40 rej=0 xrej=0 init_replace=1 gate=0
[T2slv] t=32.4480 phase=1 init_cost=97.066 final_cost=96.152 iters=9 term=1 slv_ms=14.2
[T2diag] t=32.4480 P=[-0.0140 0.0014 0.0018] V=[-0.0189 -0.0075 0.0041] |Bas|=0.068574 |Bgs|=0.0085042 Bas=[-0.068509 -0.001106 -0.002773] Bgs=[-0.0004012 -0.0036527 -0.0076693] tic0=[0.1200 0.0500 -0.0200] tic1=[0.1200 -0.0500 -0.0200] td=0.00000 track=139
[E2uls] flag=1 sh_t=32.496 new_t=32.496 dP=[0.0017 -0.0000 -0.0010] |dP|=0.0020 first_dt=-1.0000
time: 32.448000, t: -0.013968 0.001393 0.001816 q: 0.999985 -0.000421 -0.005521 -0.000135 
[T2depth] t=32.5480 id=2911 src=motion2 u=477.0 v=131.0 depth=0.3349 depth2=-1.0000 track=2 sf=9 flag=ok
[T2depth] t=32.5480 id=2912 src=motion2 u=162.9 v=42.4 depth=5.0000 depth2=-1.0000 track=2 sf=9 flag=init_neg
[T2depth] t=32.5480 id=2916 src=motion2 u=593.0 v=36.0 depth=0.3134 depth2=-1.0000 track=2 sf=9 flag=ok
[T2depth] t=32.5480 id=2917 src=motion2 u=19.0 v=216.0 depth=0.0653 depth2=-1.0000 track=2 sf=9 flag=ok
[T2depth] t=32.5480 id=2918 src=motion2 u=319.0 v=177.0 depth=0.1173 depth2=-1.0000 track=2 sf=9 flag=ok
[T2depth] t=32.5480 id=2919 src=motion2 u=235.0 v=197.0 depth=0.1268 depth2=-1.0000 track=2 sf=9 flag=ok
[T2depth] t=32.5480 id=2922 src=motion2 u=532.0 v=122.0 depth=0.1951 depth2=-1.0000 track=2 sf=9 flag=ok
[T2depth] t=32.5480 id=2931 src=stereo u=482.0 v=50.0 depth=4.1313 depth2=-1.0000 track=1 sf=10 flag=ok
[T2depth] t=32.5480 id=2932 src=stereo u=119.0 v=58.0 depth=5.0000 depth2=-1.0000 track=1 sf=10 flag=init_neg
[T2gate] t=32.5480 tri=43 rej=0 xrej=0 init_replace=2 gate=0
[T2slv] t=32.5480 phase=1 init_cost=98.9335 final_cost=96.0428 iters=9 term=1 slv_ms=16.2
[T2diag] t=32.5480 P=[-0.0125 0.0023 0.0016] V=[0.0123 0.0027 -0.0038] |Bas|=0.068574 |Bgs|=0.0108371 Bas=[-0.068509 -0.001106 -0.002773] Bgs=[-0.0002501 0.0015445 0.0107235] tic0=[0.1200 0.0500 -0.0200] tic1=[0.1200 -0.0500 -0.0200] td=0.00000 track=141
[E2uls] flag=1 sh_t=32.628 new_t=32.628 dP=[-0.0075 -0.0034 0.0017] |dP|=0.0084 first_dt=-1.0000
time: 32.548000, t: -0.012464 0.002322 0.001610 q: 0.999984 -0.000435 -0.005540 -0.000491 
[T2depth] t=32.6200 id=2923 src=motion2 u=27.0 v=119.7 depth=0.4007 depth2=-1.0000 track=2 sf=9 flag=ok
[T2depth] t=32.6200 id=2924 src=motion2 u=407.7 v=184.5 depth=0.0879 depth2=-1.0000 track=2 sf=9 flag=ok
[T2depth] t=32.6200 id=2926 src=motion2 u=313.5 v=108.0 depth=0.0692 depth2=-1.0000 track=2 sf=9 flag=ok
[T2depth] t=32.6200 id=2927 src=motion2 u=96.0 v=143.6 depth=5.0000 depth2=-1.0000 track=2 sf=9 flag=init_neg
[T2xcross] t=32.6200 id=2931 est=4.1313 svd=0.0859 rel=0.9792 track=2 sf=9
[T2depth] t=32.6200 id=2935 src=stereo u=317.8 v=184.6 depth=22.6957 depth2=-1.0000 track=1 sf=10 flag=ok
[T2depth] t=32.6200 id=2936 src=stereo u=136.5 v=88.0 depth=29.0971 depth2=-1.0000 track=1 sf=10 flag=ok
[T2depth] t=32.6200 id=2943 src=stereo u=408.0 v=20.0 depth=3.5873 depth2=-1.0000 track=1 sf=10 flag=ok
[T2gate] t=32.6200 tri=44 rej=0 xrej=0 init_replace=1 gate=0
[T2slv] t=32.6200 phase=1 init_cost=97.8632 final_cost=96.8604 iters=9 term=1 slv_ms=12.2
[T2diag] t=32.6200 P=[-0.0131 0.0021 0.0014] V=[-0.0067 -0.0006 -0.0006] |Bas|=0.068574 |Bgs|=0.0043780 Bas=[-0.068509 -0.001106 -0.002773] Bgs=[0.0033093 -0.0023943 0.0015758] tic0=[0.1200 0.0500 -0.0200] tic1=[0.1200 -0.0500 -0.0200] td=0.00000 track=138
[E2uls] flag=1 sh_t=32.668 new_t=32.668 dP=[0.0029 0.0007 -0.0003] |dP|=0.0030 first_dt=-1.0000
time: 32.620000, t: -0.013101 0.002096 0.001436 q: 0.999985 -0.000494 -0.005498 -0.000388 
[T2xcross] t=32.7520 id=2935 est=22.6957 svd=0.0021 rel=0.9999 track=2 sf=9
[T2depth] t=32.7520 id=2937 src=motion2 u=288.4 v=168.5 depth=0.0037 depth2=-1.0000 track=2 sf=9 flag=ok
[T2depth] t=32.7520 id=2940 src=motion2 u=481.2 v=133.6 depth=0.2897 depth2=-1.0000 track=2 sf=9 flag=ok
[T2depth] t=32.7520 id=2941 src=motion2 u=501.0 v=222.1 depth=0.0140 depth2=-1.0000 track=2 sf=9 flag=ok
[T2depth] t=32.7520 id=2945 src=motion2 u=388.0 v=112.0 depth=5.0000 depth2=-1.0000 track=2 sf=9 flag=init_neg
[T2depth] t=32.7520 id=2946 src=motion2 u=53.0 v=45.0 depth=5.0000 depth2=-1.0000 track=2 sf=9 flag=init_neg
[T2depth] t=32.7520 id=2953 src=stereo u=396.0 v=70.0 depth=4.0247 depth2=-1.0000 track=1 sf=10 flag=ok
[T2gate] t=32.7520 tri=44 rej=0 xrej=0 init_replace=2 gate=0
[T2slv] t=32.7520 phase=1 init_cost=98.2596 final_cost=97.1535 iters=9 term=1 slv_ms=9.9
[T2diag] t=32.7520 P=[-0.0121 0.0021 0.0011] V=[0.0091 0.0025 -0.0022] |Bas|=0.068574 |Bgs|=0.0068207 Bas=[-0.068509 -0.001106 -0.002773] Bgs=[0.0007267 -0.0012537 0.0066650] tic0=[0.1200 0.0500 -0.0200] tic1=[0.1200 -0.0500 -0.0200] td=0.00000 track=140
[E2uls] flag=1 sh_t=32.784 new_t=32.784 dP=[-0.0027 -0.0003 0.0002] |dP|=0.0027 first_dt=-1.0000
time: 32.752000, t: -0.012128 0.002145 0.001086 q: 0.999985 -0.000463 -0.005481 -0.000508 
[T2xcross] t=32.8840 id=2945 est=5.0000 svd=0.3576 rel=0.9285 track=2 sf=9
[T2depth] t=32.8840 id=2947 src=motion2 u=531.3 v=29.9 depth=5.0000 depth2=-1.0000 track=2 sf=9 flag=init_neg
[T2depth] t=32.8840 id=2949 src=motion2 u=589.4 v=248.0 depth=19.8621 depth2=-1.0000 track=2 sf=9 flag=ok
[T2depth] t=32.8840 id=2952 src=motion2 u=240.8 v=101.2 depth=5.0000 depth2=-1.0000 track=2 sf=9 flag=init_neg
[T2depth] t=32.8840 id=2954 src=motion2 u=238.0 v=43.0 depth=5.0000 depth2=-1.0000 track=2 sf=9 flag=init_neg
[T2depth] t=32.8840 id=2955 src=motion2 u=193.0 v=109.0 depth=0.0346 depth2=-1.0000 track=2 sf=9 flag=ok
[T2depth] t=32.8840 id=2956 src=motion2 u=264.0 v=195.0 depth=5.0000 depth2=-1.0000 track=2 sf=9 flag=init_neg
[T2depth] t=32.8840 id=2958 src=motion2 u=376.0 v=212.0 depth=0.1870 depth2=-1.0000 track=2 sf=9 flag=ok
[T2depth] t=32.8840 id=2959 src=motion2 u=219.0 v=172.0 depth=0.2825 depth2=-1.0000 track=2 sf=9 flag=ok
[T2depth] t=32.8840 id=2969 src=stereo u=540.0 v=63.0 depth=3.8128 depth2=-1.0000 track=1 sf=10 flag=ok
[T2gate] t=32.8840 tri=43 rej=0 xrej=0 init_replace=4 gate=0
[T2slv] t=32.8840 phase=1 init_cost=101.043 final_cost=97.5991 iters=9 term=1 slv_ms=8.7
[T2diag] t=32.8840 P=[-0.0114 0.0020 0.0011] V=[0.0052 0.0021 -0.0013] |Bas|=0.068574 |Bgs|=0.0003867 Bas=[-0.068509 -0.001106 -0.002773] Bgs=[0.0002426 0.0002385 0.0001839] tic0=[0.1200 0.0500 -0.0200] tic1=[0.1200 -0.0500 -0.0200] td=0.00000 track=141
[E2uls] flag=1 sh_t=32.928 new_t=32.928 dP=[0.0007 0.0005 -0.0006] |dP|=0.0010 first_dt=-1.0000
time: 32.884000, t: -0.011360 0.001987 0.001115 q: 0.999984 -0.000456 -0.005534 -0.000554 
[T2depth] t=32.9840 id=2960 src=motion2 u=118.9 v=192.0 depth=0.0580 depth2=-1.0000 track=2 sf=9 flag=ok
[T2depth] t=32.9840 id=2965 src=motion2 u=227.2 v=208.7 depth=5.0000 depth2=-1.0000 track=2 sf=9 flag=init_neg
[T2depth] t=32.9840 id=2966 src=motion2 u=86.3 v=23.9 depth=5.0000 depth2=-1.0000 track=2 sf=9 flag=init_neg
[T2depth] t=32.9840 id=2970 src=stereo u=419.9 v=54.2 depth=4.2374 depth2=-1.0000 track=1 sf=10 flag=ok
[T2depth] t=32.9840 id=2972 src=stereo u=444.0 v=181.4 depth=3.8958 depth2=-1.0000 track=1 sf=10 flag=ok
[T2depth] t=32.9840 id=2979 src=stereo u=396.0 v=159.0 depth=4.2445 depth2=-1.0000 track=1 sf=10 flag=ok
[T2depth] t=32.9840 id=2982 src=stereo u=444.0 v=92.0 depth=3.8703 depth2=-1.0000 track=1 sf=10 flag=ok
[T2depth] t=32.9840 id=2983 src=stereo u=31.0 v=182.0 depth=38.7449 depth2=-1.0000 track=1 sf=10 flag=ok
[T2gate] t=32.9840 tri=46 rej=0 xrej=0 init_replace=2 gate=0
[T2slv] t=32.9840 phase=1 init_cost=97.5545 final_cost=96.821 iters=9 term=1 slv_ms=8.5
[T2diag] t=32.9840 P=[-0.0131 0.0017 0.0016] V=[-0.0156 -0.0045 0.0036] |Bas|=0.068574 |Bgs|=0.0051873 Bas=[-0.068509 -0.001106 -0.002773] Bgs=[0.0021608 0.0018562 -0.0043352] tic0=[0.1200 0.0500 -0.0200] tic1=[0.1200 -0.0500 -0.0200] td=0.00000 track=137
[E2uls] flag=1 sh_t=33.044 new_t=33.044 dP=[0.0029 0.0003 -0.0010] |dP|=0.0031 first_dt=-1.0000
time: 32.984000, t: -0.013150 0.001699 0.001575 q: 0.999985 -0.000495 -0.005442 -0.000290 
[T2xcross] t=33.0840 id=2972 est=3.8958 svd=4.9540 rel=0.2136 track=2 sf=9
[T2depth] t=33.0840 id=2973 src=motion2 u=310.9 v=12.7 depth=0.2457 depth2=-1.0000 track=2 sf=9 flag=ok
[T2depth] t=33.0840 id=2975 src=motion2 u=28.0 v=145.7 depth=0.1064 depth2=-1.0000 track=2 sf=9 flag=ok
[T2depth] t=33.0840 id=2978 src=motion2 u=596.0 v=212.0 depth=5.0000 depth2=-1.0000 track=2 sf=9 flag=init_neg
[T2xcross] t=33.0840 id=2979 est=4.2445 svd=0.0376 rel=0.9912 track=2 sf=9
[T2depth] t=33.0840 id=2980 src=motion2 u=581.0 v=17.0 depth=5.0000 depth2=-1.0000 track=2 sf=9 flag=init_neg
[T2depth] t=33.0840 id=2981 src=motion2 u=610.0 v=52.0 depth=5.0000 depth2=-1.0000 track=2 sf=9 flag=init_neg
[T2xcross] t=33.0840 id=2982 est=3.8703 svd=1.0117 rel=0.7386 track=2 sf=9
[T2depth] t=33.0840 id=2987 src=stereo u=100.1 v=157.5 depth=37.8284 depth2=-1.0000 track=1 sf=10 flag=ok
[T2depth] t=33.0840 id=2988 src=stereo u=87.8 v=54.5 depth=20.6303 depth2=-1.0000 track=1 sf=10 flag=ok
[T2depth] t=33.0840 id=2989 src=stereo u=310.8 v=82.1 depth=32.5895 depth2=-1.0000 track=1 sf=10 flag=ok
[T2depth] t=33.0840 id=2993 src=stereo u=510.0 v=13.0 depth=3.2657 depth2=-1.0000 track=1 sf=10 flag=ok
[T2gate] t=33.0840 tri=44 rej=0 xrej=0 init_replace=3 gate=0
[T2slv] t=33.0840 phase=1 init_cost=98.1971 final_cost=95.9474 iters=9 term=1 slv_ms=10.7
[T2diag] t=33.0840 P=[-0.0121 0.0019 0.0011] V=[0.0110 0.0015 -0.0039] |Bas|=0.068574 |Bgs|=0.0051910 Bas=[-0.068509 -0.001106 -0.002773] Bgs=[-0.0000685 0.0037716 0.0035661] tic0=[0.1200 0.0500 -0.0200] tic1=[0.1200 -0.0500 -0.0200] td=0.00000 track=139
[E2uls] flag=1 sh_t=33.120 new_t=33.120 dP=[-0.0045 -0.0016 0.0011] |dP|=0.0048 first_dt=-1.0000
time: 33.084000, t: -0.012082 0.001889 0.001146 q: 0.999985 -0.000491 -0.005403 -0.000516 
[T2xcross] t=33.1840 id=2949 est=19.8621 svd=1.8889 rel=0.9049 track=2 sf=9
[T2xcross] t=33.1840 id=2955 est=0.0346 svd=0.0144 rel=0.5826 track=2 sf=9
[T2xcross] t=33.1840 id=2989 est=32.5895 svd=0.2368 rel=0.9927 track=2 sf=9
[T2depth] t=33.1840 id=2990 src=motion2 u=45.0 v=11.0 depth=0.0629 depth2=-1.0000 track=2 sf=9 flag=ok
[T2depth] t=33.1840 id=2991 src=motion2 u=18.0 v=113.0 depth=5.0000 depth2=-1.0000 track=2 sf=9 flag=init_neg
[T2depth] t=33.1840 id=2992 src=motion2 u=349.0 v=152.0 depth=0.1434 depth2=-1.0000 track=2 sf=9 flag=ok
[T2xcross] t=33.1840 id=2993 est=3.2657 svd=0.0846 rel=0.9741 track=2 sf=9
[T2depth] t=33.1840 id=2995 src=motion2 u=549.0 v=50.0 depth=5.0000 depth2=-1.0000 track=2 sf=9 flag=init_neg
[T2depth] t=33.1840 id=2996 src=motion2 u=75.0 v=225.0 depth=5.0000 depth2=-1.0000 track=2 sf=9 flag=init_neg
[T2depth] t=33.1840 id=2998 src=stereo u=557.8 v=128.2 depth=33.3125 depth2=-1.0000 track=1 sf=10 flag=ok
[T2depth] t=33.1840 id=3002 src=stereo u=174.0 v=161.0 depth=40.1326 depth2=-1.0000 track=1 sf=10 flag=ok
[T2gate] t=33.1840 tri=38 rej=0 xrej=0 init_replace=3 gate=0
[T2slv] t=33.1840 phase=1 init_cost=97.0252 final_cost=96.2006 iters=9 term=1 slv_ms=14.9
[T2diag] t=33.1840 P=[-0.0126 0.0014 0.0013] V=[-0.0009 -0.0009 0.0003] |Bas|=0.068574 |Bgs|=0.0038765 Bas=[-0.068509 -0.001106 -0.002773] Bgs=[-0.0002079 0.0034974 0.0016591] tic0=[0.1200 0.0500 -0.0200] tic1=[0.1200 -0.0500 -0.0200] td=0.00000 track=144
[E2uls] flag=1 sh_t=33.228 new_t=33.228 dP=[0.0029 0.0010 -0.0010] |dP|=0.0033 first_dt=-1.0000
time: 33.184000, t: -0.012617 0.001395 0.001339 q: 0.999985 -0.000451 -0.005389 -0.000378 
[T2xcross] t=33.2840 id=2953 est=4.0247 svd=0.0345 rel=0.9914 track=2 sf=9
[T2depth] t=33.2840 id=3000 src=motion2 u=139.7 v=123.1 depth=0.0099 depth2=-1.0000 track=2 sf=9 flag=ok
[T2depth] t=33.2840 id=3010 src=stereo u=119.4 v=80.2 depth=18.9624 depth2=-1.0000 track=1 sf=10 flag=ok
[T2gate] t=33.2840 tri=42 rej=0 xrej=0 init_replace=0 gate=0
[T2slv] t=33.2840 phase=1 init_cost=100.395 final_cost=96.8221 iters=7 term=0 slv_ms=8.1
[T2diag] t=33.2840 P=[-0.0129 0.0014 0.0016] V=[0.0011 0.0009 -0.0010] |Bas|=0.068574 |Bgs|=0.0077451 Bas=[-0.068509 -0.001106 -0.002773] Bgs=[-0.0027759 -0.0049194 0.0052991] tic0=[0.1200 0.0500 -0.0200] tic1=[0.1200 -0.0500 -0.0200] td=0.00000 track=137
[E2uls] flag=1 sh_t=33.340 new_t=33.340 dP=[0.0002 0.0002 -0.0005] |dP|=0.0006 first_dt=-1.0000
time: 33.284000, t: -0.012930 0.001440 0.001560 q: 0.999986 -0.000504 -0.005266 -0.000433 
[T2xcross] t=33.3880 id=2278 est=5.0000 svd=0.0146 rel=0.9971 track=2 sf=9
[T2depth] t=33.3880 id=3004 src=motion2 u=237.9 v=242.0 depth=5.0000 depth2=-1.0000 track=2 sf=9 flag=init_neg
[T2depth] t=33.3880 id=3005 src=motion2 u=32.2 v=109.1 depth=5.0000 depth2=-1.0000 track=2 sf=9 flag=init_neg
[T2depth] t=33.3880 id=3007 src=motion2 u=196.2 v=83.3 depth=0.0802 depth2=-1.0000 track=2 sf=9 flag=ok
[T2depth] t=33.3880 id=3012 src=motion2 u=234.0 v=136.0 depth=5.0000 depth2=-1.0000 track=2 sf=9 flag=init_neg
[T2depth] t=33.3880 id=3013 src=motion2 u=298.0 v=200.0 depth=0.0125 depth2=-1.0000 track=2 sf=9 flag=ok
[T2depth] t=33.3880 id=3015 src=motion2 u=62.0 v=246.0 depth=5.0000 depth2=-1.0000 track=2 sf=9 flag=init_neg
[T2depth] t=33.3880 id=3016 src=motion2 u=190.0 v=215.0 depth=0.0345 depth2=-1.0000 track=2 sf=9 flag=ok
[T2depth] t=33.3880 id=3018 src=stereo u=396.7 v=119.5 depth=3.3375 depth2=-1.0000 track=1 sf=10 flag=ok
[T2depth] t=33.3880 id=3020 src=stereo u=420.6 v=184.0 depth=4.3467 depth2=-1.0000 track=1 sf=10 flag=ok
[T2depth] t=33.3880 id=3024 src=stereo u=484.0 v=138.0 depth=30.9032 depth2=-1.0000 track=1 sf=10 flag=ok
[T2gate] t=33.3880 tri=45 rej=0 xrej=0 init_replace=4 gate=0
[T2slv] t=33.3880 phase=1 init_cost=103.934 final_cost=97.1469 iters=9 term=1 slv_ms=12.7
[T2diag] t=33.3880 P=[-0.0131 0.0017 0.0017] V=[-0.0056 0.0015 0.0015] |Bas|=0.068574 |Bgs|=0.0054357 Bas=[-0.068509 -0.001106 -0.002773] Bgs=[0.0027854 0.0046613 -0.0002458] tic0=[0.1200 0.0500 -0.0200] tic1=[0.1200 -0.0500 -0.0200] td=0.00000 track=142
[E2uls] flag=1 sh_t=33.428 new_t=33.428 dP=[0.0005 0.0001 -0.0004] |dP|=0.0007 first_dt=-1.0000
time: 33.388000, t: -0.013068 0.001708 0.001716 q: 0.999986 -0.000471 -0.005297 -0.000400 
[T2xcross] t=33.4880 id=2988 est=20.6303 svd=0.1438 rel=0.9930 track=2 sf=9
[T2xcross] t=33.4880 id=3018 est=3.3375 svd=0.0144 rel=0.9957 track=2 sf=9
[T2depth] t=33.4880 id=3019 src=motion2 u=588.4 v=147.6 depth=0.0376 depth2=-1.0000 track=2 sf=9 flag=ok
[T2xcross] t=33.4880 id=3020 est=4.3467 svd=0.0070 rel=0.9984 track=2 sf=9
[T2depth] t=33.4880 id=3022 src=motion2 u=30.0 v=153.0 depth=5.0000 depth2=-1.0000 track=2 sf=9 flag=init_neg
[T2depth] t=33.4880 id=3023 src=motion2 u=329.0 v=32.0 depth=0.8332 depth2=-1.0000 track=2 sf=9 flag=ok
[T2depth] t=33.4880 id=3025 src=motion2 u=391.0 v=28.0 depth=0.0258 depth2=-1.0000 track=2 sf=9 flag=ok
[T2depth] t=33.4880 id=3030 src=stereo u=574.0 v=32.0 depth=28.2162 depth2=-1.0000 track=1 sf=10 flag=ok
[T2depth] t=33.4880 id=3033 src=stereo u=157.0 v=7.0 depth=5.0000 depth2=-1.0000 track=1 sf=10 flag=init_neg
[T2gate] t=33.4880 tri=36 rej=0 xrej=0 init_replace=2 gate=0
[T2slv] t=33.4880 phase=1 init_cost=99.7608 final_cost=96.8949 iters=5 term=0 slv_ms=9.6
[T2diag] t=33.4880 P=[-0.0117 0.0020 0.0014] V=[0.0109 0.0022 -0.0031] |Bas|=0.068574 |Bgs|=0.0043723 Bas=[-0.068509 -0.001106 -0.002773] Bgs=[-0.0010223 -0.0017451 0.0038764] tic0=[0.1200 0.0500 -0.0200] tic1=[0.1200 -0.0500 -0.0200] td=0.00000 track=144
[E2uls] flag=1 sh_t=33.532 new_t=33.532 dP=[-0.0026 0.0000 0.0006] |dP|=0.0027 first_dt=-1.0000
time: 33.488000, t: -0.011747 0.001998 0.001388 q: 0.999985 -0.000415 -0.005429 -0.000536 
[T2depth] t=33.5840 id=3026 src=motion2 u=50.2 v=62.2 depth=0.0718 depth2=-1.0000 track=2 sf=9 flag=ok
[T2depth] t=33.5840 id=3042 src=stereo u=483.0 v=104.0 depth=3.7164 depth2=-1.0000 track=1 sf=10 flag=ok
[T2gate] t=33.5840 tri=39 rej=0 xrej=0 init_replace=0 gate=0
[T2slv] t=33.5840 phase=1 init_cost=99.297 final_cost=97.3715 iters=9 term=1 slv_ms=9.4
[T2diag] t=33.5840 P=[-0.0116 0.0020 0.0014] V=[0.0003 -0.0005 -0.0001] |Bas|=0.068574 |Bgs|=0.0056299 Bas=[-0.068509 -0.001106 -0.002773] Bgs=[0.0023365 -0.0005076 -0.0050969] tic0=[0.1200 0.0500 -0.0200] tic1=[0.1200 -0.0500 -0.0200] td=0.00000 track=140
[E2uls] flag=1 sh_t=33.640 new_t=33.640 dP=[0.0022 0.0001 -0.0009] |dP|=0.0024 first_dt=-1.0000
time: 33.584000, t: -0.011610 0.002030 0.001428 q: 0.999985 -0.000401 -0.005509 -0.000550 
[T2xcross] t=33.6840 id=3012 est=5.0000 svd=0.0521 rel=0.9896 track=2 sf=9
[T2depth] t=33.6840 id=3035 src=motion2 u=352.7 v=116.2 depth=0.0035 depth2=-1.0000 track=2 sf=9 flag=ok
[T2depth] t=33.6840 id=3036 src=motion2 u=130.7 v=14.8 depth=5.0000 depth2=-1.0000 track=2 sf=9 flag=init_neg
[T2depth] t=33.6840 id=3037 src=motion2 u=304.6 v=97.5 depth=5.0000 depth2=-1.0000 track=2 sf=9 flag=init_neg
[T2depth] t=33.6840 id=3040 src=motion2 u=177.8 v=218.1 depth=0.0296 depth2=-1.0000 track=2 sf=9 flag=ok
[T2depth] t=33.6840 id=3048 src=stereo u=264.1 v=60.7 depth=5.0000 depth2=-1.0000 track=1 sf=10 flag=init_neg
[T2depth] t=33.6840 id=3054 src=stereo u=42.0 v=122.0 depth=25.5980 depth2=-1.0000 track=1 sf=10 flag=ok
[T2depth] t=33.6840 id=3058 src=stereo u=63.0 v=45.0 depth=46.0063 depth2=-1.0000 track=1 sf=10 flag=ok
[T2depth] t=33.6840 id=3060 src=stereo u=501.0 v=33.0 depth=3.3115 depth2=-1.0000 track=1 sf=10 flag=ok
[T2gate] t=33.6840 tri=45 rej=0 xrej=0 init_replace=3 gate=0
[T2slv] t=33.6840 phase=1 init_cost=98.9487 final_cost=98.0223 iters=5 term=0 slv_ms=17.3
[T2diag] t=33.6840 P=[-0.0112 0.0021 0.0011] V=[0.0022 0.0017 -0.0015] |Bas|=0.068574 |Bgs|=0.0044307 Bas=[-0.068509 -0.001106 -0.002773] Bgs=[0.0008159 0.0024756 -0.0035828] tic0=[0.1200 0.0500 -0.0200] tic1=[0.1200 -0.0500 -0.0200] td=0.00000 track=139
[E2uls] flag=1 sh_t=33.732 new_t=33.732 dP=[-0.0004 -0.0005 -0.0001] |dP|=0.0006 first_dt=-1.0000
time: 33.684000, t: -0.011242 0.002102 0.001149 q: 0.999984 -0.000422 -0.005525 -0.000555 
[T2depth] t=33.7840 id=3052 src=motion2 u=462.7 v=168.6 depth=5.0000 depth2=-1.0000 track=2 sf=9 flag=init_neg
[T2depth] t=33.7840 id=3053 src=motion2 u=112.5 v=197.8 depth=5.0000 depth2=-1.0000 track=2 sf=9 flag=init_neg
[T2depth] t=33.7840 id=3056 src=motion2 u=579.0 v=39.0 depth=5.0000 depth2=-1.0000 track=2 sf=9 flag=init_neg
[T2depth] t=33.7840 id=3057 src=motion2 u=83.0 v=82.0 depth=5.0000 depth2=-1.0000 track=2 sf=9 flag=init_neg
[T2xcross] t=33.7840 id=3060 est=3.3115 svd=0.0927 rel=0.9720 track=2 sf=9
[T2depth] t=33.7840 id=3064 src=stereo u=364.8 v=168.8 depth=3.7427 depth2=-1.0000 track=1 sf=10 flag=ok
[T2depth] t=33.7840 id=3066 src=stereo u=360.2 v=34.5 depth=3.2460 depth2=-1.0000 track=1 sf=10 flag=ok
[T2gate] t=33.7840 tri=41 rej=0 xrej=0 init_replace=4 gate=0
[T2slv] t=33.7840 phase=1 init_cost=99.2408 final_cost=98.35 iters=9 term=1 slv_ms=6.5
[T2diag] t=33.7840 P=[-0.0115 0.0019 0.0010] V=[-0.0018 -0.0016 -0.0020] |Bas|=0.068574 |Bgs|=0.0049699 Bas=[-0.068509 -0.001106 -0.002773] Bgs=[-0.0036940 0.0010495 -0.0031547] tic0=[0.1200 0.0500 -0.0200] tic1=[0.1200 -0.0500 -0.0200] td=0.00000 track=141
[E2uls] flag=1 sh_t=33.836 new_t=33.836 dP=[0.0014 0.0007 -0.0007] |dP|=0.0017 first_dt=-1.0000
time: 33.784000, t: -0.011466 0.001919 0.000951 q: 0.999984 -0.000342 -0.005583 -0.000490 
[T2xcross] t=33.8840 id=3025 est=0.0258 svd=0.0458 rel=0.4375 track=2 sf=9
[T2depth] t=33.8840 id=3063 src=motion2 u=554.9 v=71.6 depth=5.0000 depth2=-1.0000 track=2 sf=9 flag=init_neg
[T2depth] t=33.8840 id=3068 src=motion2 u=279.0 v=13.0 depth=0.0445 depth2=-1.0000 track=2 sf=9 flag=ok
[T2depth] t=33.8840 id=3069 src=motion2 u=284.0 v=153.0 depth=5.0000 depth2=-1.0000 track=2 sf=9 flag=init_neg
[T2depth] t=33.8840 id=3071 src=motion2 u=143.0 v=135.0 depth=5.0000 depth2=-1.0000 track=2 sf=9 flag=init_neg
[T2depth] t=33.8840 id=3075 src=stereo u=525.9 v=91.0 depth=3.8998 depth2=-1.0000 track=1 sf=10 flag=ok
[T2depth] t=33.8840 id=3082 src=stereo u=50.0 v=81.0 depth=5.0000 depth2=-1.0000 track=1 sf=10 flag=init_neg
[T2depth] t=33.8840 id=3083 src=stereo u=329.0 v=59.0 depth=5.0000 depth2=-1.0000 track=1 sf=10 flag=init_neg
[T2gate] t=33.8840 tri=44 rej=0 xrej=0 init_replace=5 gate=0
[T2slv] t=33.8840 phase=1 init_cost=101.752 final_cost=98.57 iters=8 term=0 slv_ms=14.7
[T2diag] t=33.8840 P=[-0.0112 0.0020 0.0010] V=[0.0027 0.0017 -0.0030] |Bas|=0.068574 |Bgs|=0.0062315 Bas=[-0.068509 -0.001106 -0.002773] Bgs=[0.0035559 0.0022160 0.0046125] tic0=[0.1200 0.0500 -0.0200] tic1=[0.1200 -0.0500 -0.0200] td=0.00000 track=138
[E2uls] flag=1 sh_t=33.936 new_t=33.936 dP=[-0.0010 -0.0005 -0.0009] |dP|=0.0015 first_dt=-1.0000
time: 33.884000, t: -0.011211 0.002024 0.000965 q: 0.999985 -0.000422 -0.005519 -0.000567 
[T2xcross] t=33.9840 id=3010 est=18.9624 svd=0.0590 rel=0.9969 track=2 sf=9
[T2xcross] t=33.9840 id=3024 est=30.9032 svd=0.0268 rel=0.9991 track=2 sf=9
[T2depth] t=33.9840 id=3072 src=motion2 u=33.2 v=166.6 depth=0.0201 depth2=-1.0000 track=2 sf=9 flag=ok
[T2depth] t=33.9840 id=3073 src=motion2 u=28.9 v=213.0 depth=0.0626 depth2=-1.0000 track=2 sf=9 flag=ok
[T2depth] t=33.9840 id=3074 src=motion2 u=568.0 v=201.7 depth=0.0057 depth2=-1.0000 track=2 sf=9 flag=ok
[T2xcross] t=33.9840 id=3075 est=3.8998 svd=0.0018 rel=0.9995 track=2 sf=9
[T2depth] t=33.9840 id=3077 src=motion2 u=331.9 v=159.0 depth=5.0000 depth2=-1.0000 track=2 sf=9 flag=init_neg
[T2depth] t=33.9840 id=3084 src=motion2 u=164.0 v=14.0 depth=0.0370 depth2=-1.0000 track=2 sf=9 flag=ok
[T2depth] t=33.9840 id=3093 src=stereo u=240.0 v=150.0 depth=5.0000 depth2=-1.0000 track=1 sf=10 flag=init_neg
[T2gate] t=33.9840 tri=43 rej=0 xrej=0 init_replace=2 gate=0
[T2slv] t=33.9840 phase=1 init_cost=102.211 final_cost=98.5581 iters=9 term=1 slv_ms=14.0
[T2diag] t=33.9840 P=[-0.0127 0.0018 0.0014] V=[-0.0120 -0.0026 0.0044] |Bas|=0.068574 |Bgs|=0.0093397 Bas=[-0.068509 -0.001106 -0.002773] Bgs=[-0.0020269 -0.0002341 -0.0091141] tic0=[0.1200 0.0500 -0.0200] tic1=[0.1200 -0.0500 -0.0200] td=0.00000 track=141
[E2uls] flag=1 sh_t=34.040 new_t=34.040 dP=[0.0021 0.0008 -0.0009] |dP|=0.0024 first_dt=-1.0000
time: 33.984000, t: -0.012666 0.001847 0.001385 q: 0.999985 -0.000508 -0.005381 -0.000371 
[T2xcross] t=34.0840 id=3063 est=5.0000 svd=0.3192 rel=0.9362 track=2 sf=9
[T2depth] t=34.0840 id=3085 src=motion2 u=2.3 v=267.0 depth=5.0000 depth2=-1.0000 track=2 sf=9 flag=init_neg
[T2depth] t=34.0840 id=3086 src=motion2 u=387.5 v=144.0 depth=5.0000 depth2=-1.0000 track=2 sf=9 flag=init_neg
[T2depth] t=34.0840 id=3087 src=motion2 u=305.1 v=57.2 depth=5.0000 depth2=-1.0000 track=2 sf=9 flag=init_neg
[T2depth] t=34.0840 id=3089 src=motion2 u=338.5 v=47.0 depth=5.0000 depth2=-1.0000 track=2 sf=9 flag=init_neg
[T2depth] t=34.0840 id=3090 src=motion2 u=145.0 v=47.0 depth=5.0000 depth2=-1.0000 track=2 sf=9 flag=init_neg
[T2depth] t=34.0840 id=3091 src=motion2 u=521.0 v=153.0 depth=0.2279 depth2=-1.0000 track=2 sf=9 flag=ok
[T2depth] t=34.0840 id=3094 src=motion2 u=61.0 v=36.0 depth=5.0000 depth2=-1.0000 track=2 sf=9 flag=init_neg
[T2depth] t=34.0840 id=3099 src=stereo u=79.2 v=82.9 depth=25.4841 depth2=-1.0000 track=1 sf=10 flag=ok
[T2depth] t=34.0840 id=3100 src=stereo u=528.0 v=48.0 depth=4.1802 depth2=-1.0000 track=1 sf=10 flag=ok
[T2gate] t=34.0840 tri=41 rej=0 xrej=0 init_replace=6 gate=0
[T2slv] t=34.0840 phase=1 init_cost=99.4029 final_cost=97.8691 iters=7 term=0 slv_ms=14.2
[T2diag] t=34.0840 P=[-0.0116 0.0021 0.0013] V=[0.0095 0.0008 -0.0015] |Bas|=0.068574 |Bgs|=0.0053375 Bas=[-0.068509 -0.001106 -0.002773] Bgs=[-0.0027715 0.0004485 0.0045394] tic0=[0.1200 0.0500 -0.0200] tic1=[0.1200 -0.0500 -0.0200] td=0.00000 track=142
[E2uls] flag=1 sh_t=34.132 new_t=34.132 dP=[-0.0046 -0.0012 0.0010] |dP|=0.0049 first_dt=-1.0000
time: 34.084000, t: -0.011553 0.002134 0.001315 q: 0.999985 -0.000488 -0.005367 -0.000589 
[T2depth] t=34.1840 id=3095 src=motion2 u=300.0 v=167.4 depth=5.0000 depth2=-1.0000 track=2 sf=9 flag=init_neg
[T2xcross] t=34.1840 id=3099 est=25.4841 svd=0.0870 rel=0.9966 track=2 sf=9
[T2depth] t=34.1840 id=3101 src=motion2 u=51.0 v=185.0 depth=0.0429 depth2=-1.0000 track=2 sf=9 flag=ok
[T2depth] t=34.1840 id=3104 src=motion2 u=590.0 v=217.0 depth=5.0000 depth2=-1.0000 track=2 sf=9 flag=init_neg
[T2depth] t=34.1840 id=3105 src=motion2 u=187.0 v=112.0 depth=0.0396 depth2=-1.0000 track=2 sf=9 flag=ok
[T2depth] t=34.1840 id=3113 src=stereo u=508.0 v=203.0 depth=3.9966 depth2=-1.0000 track=1 sf=10 flag=ok
[T2depth] t=34.1840 id=3118 src=stereo u=505.0 v=14.0 depth=3.2029 depth2=-1.0000 track=1 sf=10 flag=ok
[T2gate] t=34.1840 tri=40 rej=0 xrej=0 init_replace=2 gate=0
[T2slv] t=34.1840 phase=1 init_cost=112.475 final_cost=111.471 iters=3 term=0 slv_ms=6.1
[T2diag] t=34.1840 P=[-0.0119 0.0019 0.0014] V=[-0.0036 -0.0028 0.0014] |Bas|=0.068574 |Bgs|=0.0029664 Bas=[-0.068509 -0.001106 -0.002773] Bgs=[-0.0014470 -0.0003002 0.0025722] tic0=[0.1200 0.0500 -0.0200] tic1=[0.1200 -0.0500 -0.0200] td=0.00000 track=141
[E2uls] flag=1 sh_t=34.228 new_t=34.228 dP=[0.0017 0.0003 -0.0001] |dP|=0.0017 first_dt=-1.0000
time: 34.184000, t: -0.011889 0.001884 0.001388 q: 0.999985 -0.000466 -0.005376 -0.000570 
[T2depth] t=34.2840 id=3111 src=motion2 u=139.2 v=211.5 depth=0.0148 depth2=-1.0000 track=2 sf=9 flag=ok
[T2depth] t=34.2840 id=3112 src=motion2 u=555.0 v=115.0 depth=0.0494 depth2=-1.0000 track=2 sf=9 flag=ok
[T2depth] t=34.2840 id=3114 src=motion2 u=416.0 v=117.0 depth=5.0000 depth2=-1.0000 track=2 sf=9 flag=init_neg
[T2depth] t=34.2840 id=3115 src=motion2 u=382.0 v=107.0 depth=5.0000 depth2=-1.0000 track=2 sf=9 flag=init_neg
[T2depth] t=34.2840 id=3122 src=stereo u=19.6 v=130.0 depth=5.0000 depth2=-1.0000 track=1 sf=10 flag=init_neg
[T2depth] t=34.2840 id=3124 src=stereo u=597.6 v=155.9 depth=5.0000 depth2=-1.0000 track=1 sf=10 flag=init_neg
[T2gate] t=34.2840 tri=45 rej=0 xrej=0 init_replace=4 gate=0
[T2slv] t=34.2840 phase=1 init_cost=88.8046 final_cost=86.5272 iters=9 term=1 slv_ms=9.2
[T2diag] t=34.2840 P=[-0.0123 0.0026 0.0014] V=[-0.0020 0.0008 0.0025] |Bas|=0.068574 |Bgs|=0.0049908 Bas=[-0.068509 -0.001106 -0.002773] Bgs=[-0.0008033 0.0043115 0.0023820] tic0=[0.1200 0.0500 -0.0200] tic1=[0.1200 -0.0500 -0.0200] td=0.00000 track=137
[E2uls] flag=1 sh_t=34.324 new_t=34.324 dP=[-0.0001 -0.0009 0.0002] |dP|=0.0010 first_dt=-1.0000
time: 34.284000, t: -0.012348 0.002596 0.001386 q: 0.999986 -0.000445 -0.005271 -0.000386 
[T2xcross] t=34.3840 id=3113 est=3.9966 svd=0.0642 rel=0.9839 track=2 sf=9
[T2depth] t=34.3840 id=127 src=motion2 u=346.5 v=259.1 depth=5.0000 depth2=-1.0000 track=2 sf=9 flag=init_neg
[T2depth] t=34.3840 id=3125 src=motion2 u=539.5 v=148.3 depth=0.0967 depth2=-1.0000 track=2 sf=9 flag=ok
[T2depth] t=34.3840 id=3127 src=motion2 u=183.0 v=53.0 depth=5.0000 depth2=-1.0000 track=2 sf=9 flag=init_neg
[T2depth] t=34.3840 id=3128 src=motion2 u=392.0 v=199.0 depth=0.0917 depth2=-1.0000 track=2 sf=9 flag=ok
[T2depth] t=34.3840 id=3129 src=motion2 u=57.0 v=53.0 depth=0.0340 depth2=-1.0000 track=2 sf=9 flag=ok
[T2depth] t=34.3840 id=3130 src=motion2 u=82.0 v=113.0 depth=5.0000 depth2=-1.0000 track=2 sf=9 flag=init_neg
[T2depth] t=34.3840 id=3131 src=motion2 u=91.0 v=166.0 depth=0.0395 depth2=-1.0000 track=2 sf=9 flag=ok
[T2depth] t=34.3840 id=3139 src=stereo u=360.0 v=95.0 depth=3.2812 depth2=-1.0000 track=1 sf=10 flag=ok
[T2depth] t=34.3840 id=3141 src=stereo u=536.0 v=8.0 depth=4.1428 depth2=-1.0000 track=1 sf=10 flag=ok
[T2depth] t=34.3840 id=3142 src=stereo u=467.0 v=204.0 depth=4.2894 depth2=-1.0000 track=1 sf=10 flag=ok
[T2gate] t=34.3840 tri=47 rej=0 xrej=0 init_replace=3 gate=0
[T2slv] t=34.3840 phase=1 init_cost=86.8571 final_cost=86.5603 iters=9 term=1 slv_ms=10.8
[T2diag] t=34.3840 P=[-0.0122 0.0028 0.0015] V=[-0.0004 0.0006 0.0012] |Bas|=0.068574 |Bgs|=0.0054480 Bas=[-0.068509 -0.001106 -0.002773] Bgs=[0.0001662 0.0049752 0.0022138] tic0=[0.1200 0.0500 -0.0200] tic1=[0.1200 -0.0500 -0.0200] td=0.00000 track=139
[E2uls] flag=1 sh_t=34.444 new_t=34.444 dP=[-0.0004 0.0004 0.0007] |dP|=0.0009 first_dt=-1.0000
time: 34.384000, t: -0.012246 0.002780 0.001492 q: 0.999986 -0.000457 -0.005258 -0.000418 
[T2depth] t=34.4840 id=3133 src=motion2 u=517.0 v=60.5 depth=5.0000 depth2=-1.0000 track=2 sf=9 flag=init_neg
[T2depth] t=34.4840 id=3135 src=motion2 u=225.9 v=75.7 depth=5.0000 depth2=-1.0000 track=2 sf=9 flag=init_neg
[T2depth] t=34.4840 id=3140 src=motion2 u=11.0 v=160.0 depth=5.0000 depth2=-1.0000 track=2 sf=9 flag=init_neg
[T2depth] t=34.4840 id=3144 src=motion2 u=137.0 v=189.0 depth=5.0000 depth2=-1.0000 track=2 sf=9 flag=init_neg
[T2depth] t=34.4840 id=3145 src=motion2 u=130.0 v=66.0 depth=5.0000 depth2=-1.0000 track=2 sf=9 flag=init_neg
[T2depth] t=34.4840 id=3147 src=stereo u=303.5 v=169.1 depth=5.0000 depth2=-1.0000 track=1 sf=10 flag=init_neg
[T2depth] t=34.4840 id=3150 src=stereo u=234.2 v=126.2 depth=28.8692 depth2=-1.0000 track=1 sf=10 flag=ok
[T2depth] t=34.4840 id=3156 src=stereo u=518.0 v=111.0 depth=3.7726 depth2=-1.0000 track=1 sf=10 flag=ok
[T2gate] t=34.4840 tri=42 rej=0 xrej=0 init_replace=6 gate=0
[T2slv] t=34.4840 phase=1 init_cost=92.5433 final_cost=86.4977 iters=9 term=1 slv_ms=13.1
[T2diag] t=34.4840 P=[-0.0131 0.0036 0.0019] V=[-0.0151 -0.0034 0.0061] |Bas|=0.068574 |Bgs|=0.0091163 Bas=[-0.068509 -0.001106 -0.002773] Bgs=[0.0005083 -0.0034805 -0.0084104] tic0=[0.1200 0.0500 -0.0200] tic1=[0.1200 -0.0500 -0.0200] td=0.00000 track=141
[E2uls] flag=1 sh_t=34.540 new_t=34.540 dP=[0.0015 -0.0008 0.0003] |dP|=0.0017 first_dt=-1.0000
time: 34.484000, t: -0.013135 0.003636 0.001904 q: 0.999986 -0.000528 -0.005220 -0.000391 
[T2xcross] t=34.5840 id=3101 est=0.0429 svd=0.0148 rel=0.6546 track=2 sf=9
[T2xcross] t=34.5840 id=3140 est=5.0000 svd=1.0164 rel=0.7967 track=2 sf=9
[T2depth] t=34.5840 id=3149 src=motion2 u=35.8 v=91.0 depth=0.0215 depth2=-1.0000 track=2 sf=9 flag=ok
[T2depth] t=34.5840 id=3152 src=motion2 u=614.0 v=209.0 depth=0.1134 depth2=-1.0000 track=2 sf=9 flag=ok
[T2depth] t=34.5840 id=3155 src=motion2 u=185.0 v=209.0 depth=5.0000 depth2=-1.0000 track=2 sf=9 flag=init_neg
[T2depth] t=34.5840 id=3159 src=stereo u=344.1 v=24.5 depth=41.4727 depth2=-1.0000 track=1 sf=10 flag=ok
[T2depth] t=34.5840 id=3165 src=stereo u=378.0 v=21.0 depth=4.4218 depth2=-1.0000 track=1 sf=10 flag=ok
[T2depth] t=34.5840 id=3168 src=stereo u=498.0 v=67.0 depth=3.7088 depth2=-1.0000 track=1 sf=10 flag=ok
[T2gate] t=34.5840 tri=41 rej=0 xrej=0 init_replace=1 gate=0
[T2slv] t=34.5840 phase=1 init_cost=87.5065 final_cost=86.4846 iters=9 term=1 slv_ms=12.2
[T2diag] t=34.5840 P=[-0.0135 0.0037 0.0021] V=[-0.0039 -0.0029 0.0009] |Bas|=0.068574 |Bgs|=0.0028170 Bas=[-0.068509 -0.001106 -0.002773] Bgs=[0.0004033 -0.0014910 -0.0023557] tic0=[0.1200 0.0500 -0.0200] tic1=[0.1200 -0.0500 -0.0200] td=0.00000 track=140
[E2uls] flag=1 sh_t=34.636 new_t=34.636 dP=[-0.0031 -0.0006 0.0010] |dP|=0.0033 first_dt=-1.0000
time: 34.584000, t: -0.013463 0.003685 0.002097 q: 0.999987 -0.000573 -0.005105 -0.000392 
[T2xcross] t=34.6840 id=3159 est=41.4727 svd=0.0843 rel=0.9980 track=2 sf=9
[T2depth] t=34.6840 id=3163 src=motion2 u=78.5 v=40.9 depth=0.0281 depth2=-1.0000 track=2 sf=9 flag=ok
[T2depth] t=34.6840 id=3164 src=motion2 u=585.0 v=191.0 depth=5.0000 depth2=-1.0000 track=2 sf=9 flag=init_neg
[T2depth] t=34.6840 id=3166 src=motion2 u=140.0 v=47.0 depth=0.0080 depth2=-1.0000 track=2 sf=9 flag=ok
[T2depth] t=34.6840 id=3167 src=motion2 u=65.0 v=219.0 depth=5.0000 depth2=-1.0000 track=2 sf=9 flag=init_neg
[T2depth] t=34.6840 id=3177 src=stereo u=514.0 v=98.0 depth=3.7934 depth2=-1.0000 track=1 sf=10 flag=ok
[T2depth] t=34.6840 id=3182 src=stereo u=484.0 v=157.0 depth=3.6126 depth2=-1.0000 track=1 sf=10 flag=ok
[T2gate] t=34.6840 tri=43 rej=0 xrej=0 init_replace=2 gate=0
[T2slv] t=34.6840 phase=1 init_cost=87.9337 final_cost=87.0268 iters=9 term=1 slv_ms=14.9
[T2diag] t=34.6840 P=[-0.0137 0.0028 0.0018] V=[-0.0016 0.0029 -0.0011] |Bas|=0.068574 |Bgs|=0.0009857 Bas=[-0.068509 -0.001106 -0.002773] Bgs=[0.0001857 0.0007673 0.0005903] tic0=[0.1200 0.0500 -0.0200] tic1=[0.1200 -0.0500 -0.0200] td=0.00000 track=139
[E2uls] flag=1 sh_t=34.728 new_t=34.728 dP=[-0.0012 0.0004 0.0000] |dP|=0.0012 first_dt=-1.0000
time: 34.684000, t: -0.013730 0.002814 0.001834 q: 0.999988 -0.000699 -0.004825 -0.000299 
[T2xcross] t=34.7840 id=3131 est=0.0395 svd=0.2192 rel=0.8197 track=2 sf=9
[T2depth] t=34.7840 id=3172 src=motion2 u=187.4 v=177.9 depth=0.0913 depth2=-1.0000 track=2 sf=9 flag=ok
[T2depth] t=34.7840 id=3175 src=motion2 u=344.0 v=153.0 depth=5.0000 depth2=-1.0000 track=2 sf=9 flag=init_neg
[T2depth] t=34.7840 id=3176 src=motion2 u=20.0 v=22.0 depth=5.0000 depth2=-1.0000 track=2 sf=9 flag=init_neg
[T2xcross] t=34.7840 id=3177 est=3.7934 svd=0.1645 rel=0.9566 track=2 sf=9
[T2depth] t=34.7840 id=3180 src=motion2 u=35.0 v=54.0 depth=0.1770 depth2=-1.0000 track=2 sf=9 flag=ok
[T2depth] t=34.7840 id=3181 src=motion2 u=413.0 v=68.0 depth=5.0000 depth2=-1.0000 track=2 sf=9 flag=init_neg
[T2depth] t=34.7840 id=3183 src=motion2 u=325.0 v=58.0 depth=0.0197 depth2=-1.0000 track=2 sf=9 flag=ok
[T2depth] t=34.7840 id=3185 src=stereo u=376.5 v=29.1 depth=4.2052 depth2=-1.0000 track=1 sf=10 flag=ok
[T2depth] t=34.7840 id=3186 src=stereo u=484.5 v=36.3 depth=3.9363 depth2=-1.0000 track=1 sf=10 flag=ok
[T2depth] t=34.7840 id=3187 src=stereo u=394.0 v=181.8 depth=3.6859 depth2=-1.0000 track=1 sf=10 flag=ok
[T2depth] t=34.7840 id=3188 src=stereo u=278.1 v=174.1 depth=42.3286 depth2=-1.0000 track=1 sf=10 flag=ok
[T2gate] t=34.7840 tri=43 rej=0 xrej=0 init_replace=3 gate=0
[T2slv] t=34.7840 phase=1 init_cost=88.4983 final_cost=86.9375 iters=9 term=1 slv_ms=9.4
[T2diag] t=34.7840 P=[-0.0132 0.0027 0.0017] V=[0.0055 -0.0004 -0.0005] |Bas|=0.068574 |Bgs|=0.0084543 Bas=[-0.068509 -0.001106 -0.002773] Bgs=[-0.0059589 -0.0016314 0.0057710] tic0=[0.1200 0.0500 -0.0200] tic1=[0.1200 -0.0500 -0.0200] td=0.00000 track=141
[E2uls] flag=1 sh_t=34.820 new_t=34.820 dP=[-0.0011 0.0006 -0.0004] |dP|=0.0013 first_dt=-1.0000
time: 34.784000, t: -0.013229 0.002729 0.001742 q: 0.999988 -0.000698 -0.004783 -0.000322 
[T2xcross] t=34.8840 id=3176 est=5.0000 svd=0.0614 rel=0.9877 track=2 sf=9
[T2depth] t=34.8840 id=3189 src=motion2 u=209.9 v=20.0 depth=5.0000 depth2=-1.0000 track=2 sf=9 flag=init_neg
[T2depth] t=34.8840 id=3191 src=motion2 u=315.0 v=201.0 depth=5.0000 depth2=-1.0000 track=2 sf=9 flag=init_neg
[T2depth] t=34.8840 id=3195 src=stereo u=185.0 v=54.2 depth=5.0000 depth2=-1.0000 track=1 sf=10 flag=init_neg
[T2depth] t=34.8840 id=3196 src=stereo u=588.1 v=113.5 depth=5.0000 depth2=-1.0000 track=1 sf=10 flag=init_neg
[T2depth] t=34.8840 id=3204 src=stereo u=260.0 v=150.0 depth=33.6411 depth2=-1.0000 track=1 sf=10 flag=ok
[T2gate] t=34.8840 tri=41 rej=0 xrej=0 init_replace=4 gate=0
[T2slv] t=34.8840 phase=1 init_cost=88.256 final_cost=86.6976 iters=9 term=1 slv_ms=13.4
[T2diag] t=34.8840 P=[-0.0140 0.0026 0.0019] V=[-0.0058 0.0006 0.0011] |Bas|=0.068574 |Bgs|=0.0027946 Bas=[-0.068509 -0.001106 -0.002773] Bgs=[0.0022900 -0.0014825 -0.0006065] tic0=[0.1200 0.0500 -0.0200] tic1=[0.1200 -0.0500 -0.0200] td=0.00000 track=139
[E2uls] flag=1 sh_t=34.924 new_t=34.924 dP=[0.0018 -0.0003 -0.0005] |dP|=0.0019 first_dt=-1.0000
time: 34.884000, t: -0.013971 0.002580 0.001910 q: 0.999989 -0.000724 -0.004663 -0.000217 
[T2depth] t=34.9840 id=3193 src=motion2 u=448.0 v=174.8 depth=0.0571 depth2=-1.0000 track=2 sf=9 flag=ok
[T2depth] t=34.9840 id=3194 src=motion2 u=127.2 v=69.7 depth=0.0517 depth2=-1.0000 track=2 sf=9 flag=ok
[T2xcross] t=34.9840 id=3196 est=5.0000 svd=0.0408 rel=0.9918 track=2 sf=9
[T2depth] t=34.9840 id=3201 src=motion2 u=501.0 v=165.0 depth=0.0720 depth2=-1.0000 track=2 sf=9 flag=ok
[T2depth] t=34.9840 id=3202 src=motion2 u=51.0 v=111.0 depth=5.0000 depth2=-1.0000 track=2 sf=9 flag=init_neg
[T2xcross] t=34.9840 id=3204 est=33.6411 svd=0.0656 rel=0.9981 track=2 sf=9
[T2depth] t=34.9840 id=3209 src=stereo u=369.2 v=73.6 depth=3.6365 depth2=-1.0000 track=1 sf=10 flag=ok
[T2gate] t=34.9840 tri=40 rej=0 xrej=0 init_replace=1 gate=0
[T2slv] t=34.9840 phase=1 init_cost=87.7301 final_cost=86.712 iters=9 term=1 slv_ms=14.8
[T2diag] t=34.9840 P=[-0.0144 0.0021 0.0018] V=[0.0008 0.0015 -0.0015] |Bas|=0.068574 |Bgs|=0.0051528 Bas=[-0.068509 -0.001106 -0.002773] Bgs=[0.0001532 -0.0004276 0.0051327] tic0=[0.1200 0.0500 -0.0200] tic1=[0.1200 -0.0500 -0.0200] td=0.00000 track=143
[E2uls] flag=1 sh_t=35.028 new_t=35.028 dP=[-0.0007 0.0007 0.0005] |dP|=0.0012 first_dt=-1.0000
time: 34.984000, t: -0.014398 0.002111 0.001779 q: 0.999989 -0.000722 -0.004551 -0.000160 
[T2depth] t=35.0840 id=3206 src=motion2 u=350.2 v=200.8 depth=0.0333 depth2=-1.0000 track=2 sf=9 flag=ok
[T2depth] t=35.0840 id=3207 src=motion2 u=15.7 v=63.8 depth=0.0126 depth2=-1.0000 track=2 sf=9 flag=ok
[T2xcross] t=35.0840 id=3209 est=3.6365 svd=0.0323 rel=0.9911 track=2 sf=9
[T2depth] t=35.0840 id=3211 src=motion2 u=62.0 v=243.0 depth=0.0306 depth2=-1.0000 track=2 sf=9 flag=ok
[T2depth] t=35.0840 id=3213 src=motion2 u=162.0 v=225.0 depth=5.0000 depth2=-1.0000 track=2 sf=9 flag=init_neg
[T2depth] t=35.0840 id=3216 src=stereo u=415.2 v=166.6 depth=4.4679 depth2=-1.0000 track=1 sf=10 flag=ok
[T2depth] t=35.0840 id=3219 src=stereo u=544.0 v=155.0 depth=43.4179 depth2=-1.0000 track=1 sf=10 flag=ok
[T2depth] t=35.0840 id=3220 src=stereo u=215.0 v=176.0 depth=5.0000 depth2=-1.0000 track=1 sf=10 flag=init_neg
[T2depth] t=35.0840 id=3222 src=stereo u=408.0 v=116.0 depth=4.1163 depth2=-1.0000 track=1 sf=10 flag=ok
[T2gate] t=35.0840 tri=39 rej=0 xrej=0 init_replace=2 gate=0
[T2slv] t=35.0840 phase=1 init_cost=88.2719 final_cost=86.5466 iters=9 term=1 slv_ms=6.7
[T2diag] t=35.0840 P=[-0.0130 0.0026 0.0017] V=[0.0097 0.0039 -0.0015] |Bas|=0.068574 |Bgs|=0.0047410 Bas=[-0.068509 -0.001106 -0.002773] Bgs=[-0.0005093 -0.0033056 0.0033603] tic0=[0.1200 0.0500 -0.0200] tic1=[0.1200 -0.0500 -0.0200] td=0.00000 track=142
[E2uls] flag=1 sh_t=35.132 new_t=35.132 dP=[-0.0017 -0.0003 0.0002] |dP|=0.0018 first_dt=-1.0000
time: 35.084000, t: -0.013009 0.002633 0.001669 q: 0.999989 -0.000787 -0.004600 -0.000449 
[T2xcross] t=35.1840 id=127 est=5.0000 svd=0.3691 rel=0.9262 track=2 sf=9
[T2xcross] t=35.1840 id=3181 est=5.0000 svd=0.0525 rel=0.9895 track=2 sf=9
[T2depth] t=35.1840 id=3224 src=stereo u=242.7 v=153.0 depth=26.2975 depth2=-1.0000 track=1 sf=10 flag=ok
[T2depth] t=35.1840 id=3232 src=stereo u=561.0 v=195.0 depth=5.0000 depth2=-1.0000 track=1 sf=10 flag=init_neg
[T2depth] t=35.1840 id=3235 src=stereo u=216.0 v=202.0 depth=26.6778 depth2=-1.0000 track=1 sf=10 flag=ok
[T2depth] t=35.1840 id=3236 src=stereo u=484.0 v=181.0 depth=4.3952 depth2=-1.0000 track=1 sf=10 flag=ok
[T2depth] t=35.1840 id=3239 src=stereo u=99.0 v=62.0 depth=40.2358 depth2=-1.0000 track=1 sf=10 flag=ok
[T2gate] t=35.1840 tri=43 rej=0 xrej=0 init_replace=1 gate=0
[T2slv] t=35.1840 phase=1 init_cost=88.6599 final_cost=86.9755 iters=9 term=1 slv_ms=13.9
[T2diag] t=35.1840 P=[-0.0136 0.0021 0.0017] V=[-0.0039 -0.0017 0.0022] |Bas|=0.068574 |Bgs|=0.0063249 Bas=[-0.068509 -0.001106 -0.002773] Bgs=[0.0018143 -0.0060446 -0.0004185] tic0=[0.1200 0.0500 -0.0200] tic1=[0.1200 -0.0500 -0.0200] td=0.00000 track=136
[E2uls] flag=1 sh_t=35.228 new_t=35.228 dP=[0.0022 0.0013 -0.0004] |dP|=0.0026 first_dt=-1.0000
time: 35.184000, t: -0.013576 0.002108 0.001722 q: 0.999989 -0.000721 -0.004530 -0.000304 
[T2depth] t=35.2840 id=3223 src=motion2 u=39.4 v=161.2 depth=5.0000 depth2=-1.0000 track=2 sf=9 flag=init_neg
[T2depth] t=35.2840 id=3228 src=motion2 u=190.8 v=66.3 depth=0.0671 depth2=-1.0000 track=2 sf=9 flag=ok
[T2xcross] t=35.2840 id=3232 est=5.0000 svd=0.2059 rel=0.9588 track=2 sf=9
[T2depth] t=35.2840 id=3233 src=motion2 u=58.0 v=52.0 depth=5.0000 depth2=-1.0000 track=2 sf=9 flag=init_neg
[T2depth] t=35.2840 id=3234 src=motion2 u=543.0 v=144.0 depth=0.1264 depth2=-1.0000 track=2 sf=9 flag=ok
[T2depth] t=35.2840 id=3237 src=motion2 u=118.0 v=131.0 depth=5.0000 depth2=-1.0000 track=2 sf=9 flag=init_neg
[T2depth] t=35.2840 id=3240 src=stereo u=358.1 v=175.2 depth=3.9664 depth2=-1.0000 track=1 sf=10 flag=ok
[T2depth] t=35.2840 id=3244 src=stereo u=471.0 v=218.0 depth=3.8509 depth2=-1.0000 track=1 sf=10 flag=ok
[T2depth] t=35.2840 id=3246 src=stereo u=388.0 v=159.0 depth=4.0146 depth2=-1.0000 track=1 sf=10 flag=ok
[T2depth] t=35.2840 id=3247 src=stereo u=621.0 v=69.0 depth=28.4324 depth2=-1.0000 track=1 sf=10 flag=ok
[T2gate] t=35.2840 tri=41 rej=0 xrej=0 init_replace=3 gate=0
[T2slv] t=35.2840 phase=1 init_cost=90.3825 final_cost=87.0039 iters=9 term=1 slv_ms=5.8
[T2diag] t=35.2840 P=[-0.0145 0.0018 0.0018] V=[-0.0033 -0.0018 0.0025] |Bas|=0.068574 |Bgs|=0.0059072 Bas=[-0.068509 -0.001106 -0.002773] Bgs=[0.0007756 0.0007722 -0.0058049] tic0=[0.1200 0.0500 -0.0200] tic1=[0.1200 -0.0500 -0.0200] td=0.00000 track=143
[E2uls] flag=1 sh_t=35.336 new_t=35.336 dP=[0.0005 -0.0000 0.0005] |dP|=0.0007 first_dt=-1.0000
time: 35.284000, t: -0.014509 0.001803 0.001824 q: 0.999990 -0.000692 -0.004505 -0.000133 
[T2depth] t=35.3840 id=3242 src=motion2 u=194.1 v=155.9 depth=5.0000 depth2=-1.0000 track=2 sf=9 flag=init_neg
[T2xcross] t=35.3840 id=3244 est=3.8509 svd=0.0040 rel=0.9990 track=2 sf=9
[T2depth] t=35.3840 id=3245 src=motion2 u=271.0 v=13.0 depth=0.1063 depth2=-1.0000 track=2 sf=9 flag=ok
[T2depth] t=35.3840 id=3254 src=stereo u=205.0 v=110.0 depth=20.2463 depth2=-1.0000 track=1 sf=10 flag=ok
[T2gate] t=35.3840 tri=38 rej=0 xrej=0 init_replace=1 gate=0
[T2slv] t=35.3840 phase=1 init_cost=89.4228 final_cost=86.8118 iters=8 term=0 slv_ms=12.1
[T2diag] t=35.3840 P=[-0.0152 0.0016 0.0019] V=[-0.0010 0.0014 0.0007] |Bas|=0.068574 |Bgs|=0.0041840 Bas=[-0.068509 -0.001106 -0.002773] Bgs=[0.0008952 0.0033879 0.0022862] tic0=[0.1200 0.0500 -0.0200] tic1=[0.1200 -0.0500 -0.0200] td=0.00000 track=140
[E2uls] flag=1 sh_t=35.432 new_t=35.432 dP=[0.0004 0.0002 0.0007] |dP|=0.0008 first_dt=-1.0000
time: 35.384000, t: -0.015228 0.001593 0.001872 q: 0.999990 -0.000597 -0.004409 -0.000031 
[T2depth] t=35.4840 id=3250 src=motion2 u=160.6 v=69.8 depth=5.0000 depth2=-1.0000 track=2 sf=9 flag=init_neg
[T2depth] t=35.4840 id=3258 src=motion2 u=630.0 v=126.0 depth=5.0000 depth2=-1.0000 track=2 sf=9 flag=init_neg
[T2depth] t=35.4840 id=3261 src=stereo u=313.7 v=100.6 depth=5.0000 depth2=-1.0000 track=1 sf=10 flag=init_neg
[T2depth] t=35.4840 id=3262 src=stereo u=231.4 v=79.9 depth=5.0000 depth2=-1.0000 track=1 sf=10 flag=init_neg
[T2depth] t=35.4840 id=3264 src=stereo u=378.0 v=40.9 depth=3.4144 depth2=-1.0000 track=1 sf=10 flag=ok
[T2depth] t=35.4840 id=3267 src=stereo u=61.3 v=38.5 depth=5.0000 depth2=-1.0000 track=1 sf=10 flag=init_neg
[T2depth] t=35.4840 id=3268 src=stereo u=403.4 v=93.4 depth=4.0251 depth2=-1.0000 track=1 sf=10 flag=ok
[T2depth] t=35.4840 id=3270 src=stereo u=531.0 v=157.0 depth=3.5405 depth2=-1.0000 track=1 sf=10 flag=ok
[T2depth] t=35.4840 id=3272 src=stereo u=63.0 v=242.0 depth=3.0189 depth2=-1.0000 track=1 sf=10 flag=ok
[T2depth] t=35.4840 id=3276 src=stereo u=113.0 v=66.0 depth=5.0000 depth2=-1.0000 track=1 sf=10 flag=init_neg
[T2gate] t=35.4840 tri=51 rej=0 xrej=0 init_replace=6 gate=0
[T2slv] t=35.4840 phase=1 init_cost=88.8958 final_cost=86.5655 iters=9 term=1 slv_ms=8.1
[T2diag] t=35.4840 P=[-0.0152 0.0016 0.0018] V=[0.0015 -0.0006 -0.0010] |Bas|=0.068574 |Bgs|=0.0009485 Bas=[-0.068509 -0.001106 -0.002773] Bgs=[-0.0005669 -0.0003014 0.0006981] tic0=[0.1200 0.0500 -0.0200] tic1=[0.1200 -0.0500 -0.0200] td=0.00000 track=133
[E2uls] flag=1 sh_t=35.532 new_t=35.532 dP=[-0.0002 0.0001 0.0004] |dP|=0.0005 first_dt=-1.0000
time: 35.484000, t: -0.015180 0.001621 0.001795 q: 0.999990 -0.000624 -0.004439 -0.000067 
[T2xcross] t=35.5840 id=3262 est=5.0000 svd=0.0256 rel=0.9949 track=2 sf=9
[T2depth] t=35.5840 id=3266 src=motion2 u=486.1 v=66.0 depth=0.0188 depth2=-1.0000 track=2 sf=9 flag=ok
[T2xcross] t=35.5840 id=3268 est=4.0251 svd=0.0378 rel=0.9906 track=2 sf=9
[T2depth] t=35.5840 id=3271 src=motion2 u=525.0 v=53.0 depth=5.0000 depth2=-1.0000 track=2 sf=9 flag=init_neg
[T2xcross] t=35.5840 id=3272 est=3.0189 svd=0.5642 rel=0.8131 track=2 sf=9
[T2depth] t=35.5840 id=3273 src=motion2 u=401.0 v=209.0 depth=5.0000 depth2=-1.0000 track=2 sf=9 flag=init_neg
[T2depth] t=35.5840 id=3275 src=motion2 u=30.0 v=75.0 depth=0.0694 depth2=-1.0000 track=2 sf=9 flag=ok
[T2depth] t=35.5840 id=3277 src=motion2 u=56.0 v=190.0 depth=0.0065 depth2=-1.0000 track=2 sf=9 flag=ok
[T2depth] t=35.5840 id=3278 src=motion2 u=5.0 v=23.0 depth=5.0000 depth2=-1.0000 track=2 sf=9 flag=init_neg
[T2depth] t=35.5840 id=3279 src=motion2 u=632.0 v=62.0 depth=5.0000 depth2=-1.0000 track=2 sf=9 flag=init_neg
[T2depth] t=35.5840 id=3280 src=motion2 u=207.0 v=150.0 depth=5.0000 depth2=-1.0000 track=2 sf=9 flag=init_neg
[T2depth] t=35.5840 id=3284 src=stereo u=137.0 v=100.0 depth=5.0000 depth2=-1.0000 track=1 sf=10 flag=init_neg
[T2depth] t=35.5840 id=3285 src=stereo u=4.0 v=231.0 depth=5.0000 depth2=-1.0000 track=1 sf=10 flag=init_neg
[T2depth] t=35.5840 id=3286 src=stereo u=49.0 v=50.0 depth=18.7094 depth2=-1.0000 track=1 sf=10 flag=ok
[T2depth] t=35.5840 id=3287 src=stereo u=245.0 v=108.0 depth=36.9637 depth2=-1.0000 track=1 sf=10 flag=ok
[T2gate] t=35.5840 tri=41 rej=0 xrej=0 init_replace=7 gate=0
[T2slv] t=35.5840 phase=1 init_cost=86.8599 final_cost=86.4477 iters=9 term=1 slv_ms=7.8
[T2diag] t=35.5840 P=[-0.0149 0.0016 0.0018] V=[-0.0004 0.0013 -0.0008] |Bas|=0.068574 |Bgs|=0.0027750 Bas=[-0.068509 -0.001106 -0.002773] Bgs=[0.0020122 -0.0019076 0.0001131] tic0=[0.1200 0.0500 -0.0200] tic1=[0.1200 -0.0500 -0.0200] td=0.00000 track=143
[E2uls] flag=1 sh_t=35.628 new_t=35.628 dP=[-0.0000 -0.0003 -0.0004] |dP|=0.0004 first_dt=-1.0000
time: 35.584000, t: -0.014918 0.001649 0.001832 q: 0.999990 -0.000667 -0.004351 -0.000173 
[T2xcross] t=35.6840 id=3266 est=0.0188 svd=0.0295 rel=0.3620 track=2 sf=9
[T2xcross] t=35.6840 id=3271 est=5.0000 svd=0.0090 rel=0.9982 track=2 sf=9
[T2xcross] t=35.6840 id=3275 est=0.0694 svd=0.0228 rel=0.6715 track=2 sf=9
[T2depth] t=35.6840 id=3281 src=motion2 u=145.2 v=186.5 depth=0.0196 depth2=-1.0000 track=2 sf=9 flag=ok
[T2depth] t=35.6840 id=3282 src=motion2 u=101.7 v=16.9 depth=5.0000 depth2=-1.0000 track=2 sf=9 flag=init_neg
[T2depth] t=35.6840 id=3283 src=motion2 u=361.0 v=90.6 depth=5.0000 depth2=-1.0000 track=2 sf=9 flag=init_neg
[T2xcross] t=35.6840 id=3285 est=5.0000 svd=0.0233 rel=0.9953 track=2 sf=9
[T2depth] t=35.6840 id=3288 src=stereo u=43.4 v=144.3 depth=17.4940 depth2=-1.0000 track=1 sf=10 flag=ok
[T2depth] t=35.6840 id=3290 src=stereo u=553.6 v=34.7 depth=5.0000 depth2=-1.0000 track=1 sf=10 flag=init_neg
[T2depth] t=35.6840 id=3295 src=stereo u=200.0 v=159.0 depth=27.4174 depth2=-1.0000 track=1 sf=10 flag=ok
[T2depth] t=35.6840 id=3298 src=stereo u=7.0 v=175.0 depth=5.0000 depth2=-1.0000 track=1 sf=10 flag=init_neg
[T2gate] t=35.6840 tri=38 rej=0 xrej=0 init_replace=4 gate=0
[T2slv] t=35.6840 phase=1 init_cost=87.2525 final_cost=86.6405 iters=9 term=1 slv_ms=5.3
[T2diag] t=35.6840 P=[-0.0140 0.0018 0.0017] V=[0.0015 0.0004 -0.0002] |Bas|=0.068574 |Bgs|=0.0031780 Bas=[-0.068509 -0.001106 -0.002773] Bgs=[-0.0014956 -0.0018306 0.0021241] tic0=[0.1200 0.0500 -0.0200] tic1=[0.1200 -0.0500 -0.0200] td=0.00000 track=140
[E2uls] flag=1 sh_t=35.716 new_t=35.716 dP=[-0.0009 -0.0001 0.0002] |dP|=0.0009 first_dt=-1.0000
time: 35.684000, t: -0.014018 0.001827 0.001674 q: 0.999990 -0.000675 -0.004500 -0.000312 
[T2xcross] t=35.7840 id=3288 est=17.4940 svd=0.0265 rel=0.9985 track=2 sf=9
[T2depth] t=35.7840 id=3292 src=motion2 u=375.4 v=42.0 depth=5.0000 depth2=-1.0000 track=2 sf=9 flag=init_neg
[T2xcross] t=35.7840 id=3295 est=27.4174 svd=0.0087 rel=0.9997 track=2 sf=9
[T2depth] t=35.7840 id=3296 src=motion2 u=94.0 v=157.0 depth=0.0709 depth2=-1.0000 track=2 sf=9 flag=ok
[T2depth] t=35.7840 id=3302 src=stereo u=520.9 v=100.9 depth=4.8421 depth2=-1.0000 track=1 sf=10 flag=ok
[T2depth] t=35.7840 id=3304 src=stereo u=486.0 v=183.6 depth=3.9215 depth2=-1.0000 track=1 sf=10 flag=ok
[T2depth] t=35.7840 id=3312 src=stereo u=408.0 v=46.0 depth=4.6417 depth2=-1.0000 track=1 sf=10 flag=ok
[T2gate] t=35.7840 tri=43 rej=0 xrej=0 init_replace=1 gate=0
[T2slv] t=35.7840 phase=1 init_cost=158.956 final_cost=104.927 iters=9 term=1 slv_ms=6.0
[T2diag] t=35.7840 P=[-0.0141 0.0005 0.0005] V=[-0.0025 -0.0006 -0.0027] |Bas|=0.068574 |Bgs|=0.0030839 Bas=[-0.068509 -0.001106 -0.002773] Bgs=[-0.0013633 0.0026799 0.0006855] tic0=[0.1200 0.0500 -0.0200] tic1=[0.1200 -0.0500 -0.0200] td=0.00000 track=138
[E2uls] flag=1 sh_t=35.832 new_t=35.832 dP=[0.0009 0.0010 0.0017] |dP|=0.0021 first_dt=-1.0000
time: 35.784000, t: -0.014129 0.000506 0.000530 q: 0.999986 -0.000117 -0.005272 0.000318 
[T2xcross] t=35.8840 id=3292 est=5.0000 svd=0.1327 rel=0.9735 track=2 sf=9
[T2depth] t=35.8840 id=3299 src=motion2 u=324.2 v=22.8 depth=5.0000 depth2=-1.0000 track=2 sf=9 flag=init_neg
[T2depth] t=35.8840 id=3300 src=motion2 u=410.9 v=77.3 depth=5.0000 depth2=-1.0000 track=2 sf=9 flag=init_neg
[T2depth] t=35.8840 id=3301 src=motion2 u=154.9 v=151.5 depth=5.0000 depth2=-1.0000 track=2 sf=9 flag=init_neg
[T2xcross] t=35.8840 id=3302 est=4.8421 svd=0.0331 rel=0.9932 track=2 sf=9
[T2depth] t=35.8840 id=3303 src=motion2 u=271.0 v=115.6 depth=5.0000 depth2=-1.0000 track=2 sf=9 flag=init_neg
[T2xcross] t=35.8840 id=3304 est=3.9215 svd=0.0351 rel=0.9910 track=2 sf=9
[T2depth] t=35.8840 id=3309 src=motion2 u=421.0 v=9.0 depth=0.0398 depth2=-1.0000 track=2 sf=9 flag=ok
[T2xcross] t=35.8840 id=3312 est=4.6417 svd=0.0911 rel=0.9804 track=2 sf=9
[T2depth] t=35.8840 id=3313 src=motion2 u=6.0 v=41.0 depth=5.0000 depth2=-1.0000 track=2 sf=9 flag=init_neg
[T2depth] t=35.8840 id=3319 src=stereo u=508.0 v=211.0 depth=4.1679 depth2=-1.0000 track=1 sf=10 flag=ok
[T2gate] t=35.8840 tri=43 rej=0 xrej=0 init_replace=5 gate=0
[T2slv] t=35.8840 phase=1 init_cost=91.6637 final_cost=87.1544 iters=9 term=1 slv_ms=6.4
[T2diag] t=35.8840 P=[-0.0132 0.0011 -0.0001] V=[0.0004 -0.0057 -0.0041] |Bas|=0.068574 |Bgs|=0.0032735 Bas=[-0.068509 -0.001106 -0.002773] Bgs=[-0.0027131 0.0014802 0.0010790] tic0=[0.1200 0.0500 -0.0200] tic1=[0.1200 -0.0500 -0.0200] td=0.00000 track=141
[E2uls] flag=1 sh_t=35.936 new_t=35.936 dP=[-0.0014 -0.0013 0.0003] |dP|=0.0019 first_dt=-1.0000
time: 35.884000, t: -0.013244 0.001054 -0.000123 q: 0.999985 -0.000073 -0.005381 0.000203 
[T2depth] t=35.9840 id=74 src=motion2 u=550.5 v=335.3 depth=5.0000 depth2=-1.0000 track=2 sf=9 flag=init_neg
[T2depth] t=35.9840 id=3314 src=motion2 u=415.6 v=146.8 depth=5.0000 depth2=-1.0000 track=2 sf=9 flag=init_neg
[T2depth] t=35.9840 id=3315 src=motion2 u=204.3 v=118.7 depth=0.0948 depth2=-1.0000 track=2 sf=9 flag=ok
[T2depth] t=35.9840 id=3320 src=motion2 u=291.0 v=57.0 depth=0.0723 depth2=-1.0000 track=2 sf=9 flag=ok
[T2depth] t=35.9840 id=3321 src=motion2 u=21.0 v=92.0 depth=0.3797 depth2=-1.0000 track=2 sf=9 flag=ok
[T2depth] t=35.9840 id=3326 src=stereo u=260.2 v=40.8 depth=43.7461 depth2=-1.0000 track=1 sf=10 flag=ok
[T2depth] t=35.9840 id=3331 src=stereo u=275.0 v=164.0 depth=34.7992 depth2=-1.0000 track=1 sf=10 flag=ok
[T2gate] t=35.9840 tri=42 rej=0 xrej=0 init_replace=2 gate=0
[T2slv] t=35.9840 phase=1 init_cost=90.1433 final_cost=85.809 iters=9 term=1 slv_ms=12.7
[T2diag] t=35.9840 P=[-0.0175 0.0034 -0.0013] V=[-0.0377 0.0099 0.0001] |Bas|=0.068574 |Bgs|=0.0028749 Bas=[-0.068509 -0.001106 -0.002773] Bgs=[0.0016149 0.0010188 -0.0021492] tic0=[0.1200 0.0500 -0.0200] tic1=[0.1200 -0.0500 -0.0200] td=0.00000 track=141
[E2uls] flag=1 sh_t=36.032 new_t=36.032 dP=[0.0063 -0.0044 0.0002] |dP|=0.0077 first_dt=-1.0000
time: 35.984000, t: -0.017454 0.003372 -0.001297 q: 0.999983 0.000110 -0.005796 0.000184 
[T2xcross] t=36.0840 id=3321 est=0.3797 svd=0.4493 rel=0.1550 track=2 sf=9
[T2depth] t=36.0840 id=3324 src=motion2 u=226.8 v=183.5 depth=0.8286 depth2=-1.0000 track=2 sf=9 flag=ok
[T2depth] t=36.0840 id=3325 src=motion2 u=160.8 v=64.5 depth=5.0000 depth2=-1.0000 track=2 sf=9 flag=init_neg
[T2depth] t=36.0840 id=3327 src=motion2 u=125.0 v=200.0 depth=0.4189 depth2=-1.0000 track=2 sf=9 flag=ok
[T2depth] t=36.0840 id=3328 src=motion2 u=603.0 v=23.0 depth=1.5275 depth2=-1.0000 track=2 sf=9 flag=ok
[T2depth] t=36.0840 id=3329 src=motion2 u=415.0 v=441.0 depth=6.6670 depth2=-1.0000 track=2 sf=9 flag=ok
[T2depth] t=36.0840 id=3337 src=stereo u=353.0 v=205.0 depth=4.6988 depth2=-1.0000 track=1 sf=10 flag=ok
[T2depth] t=36.0840 id=3339 src=stereo u=28.0 v=198.0 depth=5.0000 depth2=-1.0000 track=1 sf=10 flag=init_neg
[T2gate] t=36.0840 tri=38 rej=0 xrej=0 init_replace=2 gate=0
[T2slv] t=36.0840 phase=1 init_cost=89.888 final_cost=85.9255 iters=9 term=1 slv_ms=17.6
[T2diag] t=36.0840 P=[-0.0145 -0.0005 -0.0017] V=[0.1641 -0.0609 -0.0143] |Bas|=0.068574 |Bgs|=0.0024264 Bas=[-0.068509 -0.001106 -0.002773] Bgs=[0.0012389 0.0018953 0.0008721] tic0=[0.1200 0.0500 -0.0200] tic1=[0.1200 -0.0500 -0.0200] td=0.00000 track=144
[E2uls] flag=1 sh_t=36.140 new_t=36.140 dP=[-0.0199 0.0095 0.0011] |dP|=0.0221 first_dt=-1.0000
time: 36.084000, t: -0.014494 -0.000515 -0.001686 q: 0.999982 0.000085 -0.005988 0.000543 
[T2xcross] t=36.2160 id=3299 est=5.0000 svd=5.0818 rel=0.0161 track=2 sf=9
[T2xcross] t=36.2160 id=3315 est=0.0948 svd=139.0754 rel=0.9993 track=2 sf=9
[T2depth] t=36.2160 id=3338 src=motion2 u=589.0 v=157.0 depth=5.0000 depth2=-1.0000 track=2 sf=9 flag=init_neg
[T2xcross] t=36.2160 id=3339 est=5.0000 svd=11.2530 rel=0.5557 track=2 sf=9
[T2depth] t=36.2160 id=3340 src=motion2 u=344.0 v=147.0 depth=5.0647 depth2=-1.0000 track=2 sf=9 flag=ok
[T2depth] t=36.2160 id=3344 src=stereo u=498.9 v=168.1 depth=3.5850 depth2=-1.0000 track=1 sf=10 flag=ok
[T2depth] t=36.2160 id=3348 src=stereo u=98.0 v=161.0 depth=27.4618 depth2=-1.0000 track=1 sf=10 flag=ok
[T2gate] t=36.2160 tri=60 rej=0 xrej=0 init_replace=1 gate=0
[T2slv] t=36.2160 phase=1 init_cost=99.6346 final_cost=85.9229 iters=9 term=1 slv_ms=11.4
[T2diag] t=36.2160 P=[-0.0233 -0.0009 0.0001] V=[-0.0498 0.0072 0.0016] |Bas|=0.068574 |Bgs|=0.0040809 Bas=[-0.068509 -0.001106 -0.002773] Bgs=[0.0019153 -0.0029458 0.0020754] tic0=[0.1200 0.0500 -0.0200] tic1=[0.1200 -0.0500 -0.0200] td=0.00000 track=119
[E2uls] flag=1 sh_t=36.272 new_t=36.272 dP=[0.0505 -0.0150 -0.0050] |dP|=0.0529 first_dt=-1.0000
time: 36.216000, t: -0.023334 -0.000920 0.000115 q: 0.999982 -0.000037 -0.006031 0.000669 
[T2xcross] t=36.3480 id=233 est=5.0009 svd=0.0663 rel=0.9868 track=2 sf=0
[T2xcross] t=36.3480 id=3314 est=5.0000 svd=0.1739 rel=0.9652 track=2 sf=8
[T2depth] t=36.3480 id=3 src=motion2 u=617.1 v=372.6 depth=5.0000 depth2=-1.0000 track=2 sf=9 flag=init_neg
[T2depth] t=36.3480 id=24 src=motion2 u=567.9 v=409.9 depth=5.0000 depth2=-1.0000 track=2 sf=9 flag=init_neg
[T2depth] t=36.3480 id=32 src=motion2 u=433.8 v=408.0 depth=5.0000 depth2=-1.0000 track=2 sf=9 flag=init_neg
[T2depth] t=36.3480 id=39 src=motion2 u=614.3 v=452.4 depth=5.0000 depth2=-1.0000 track=2 sf=9 flag=init_neg
[T2depth] t=36.3480 id=44 src=motion2 u=610.1 v=410.9 depth=5.0000 depth2=-1.0000 track=2 sf=9 flag=init_neg
[T2depth] t=36.3480 id=50 src=motion2 u=525.9 v=412.0 depth=5.0000 depth2=-1.0000 track=2 sf=9 flag=init_neg
[T2depth] t=36.3480 id=53 src=motion2 u=511.3 v=439.5 depth=5.0000 depth2=-1.0000 track=2 sf=9 flag=init_neg
[T2depth] t=36.3480 id=56 src=motion2 u=385.4 v=434.4 depth=5.0000 depth2=-1.0000 track=2 sf=9 flag=init_neg
[T2depth] t=36.3480 id=59 src=motion2 u=580.3 v=455.1 depth=5.0000 depth2=-1.0000 track=2 sf=9 flag=init_neg
[T2depth] t=36.3480 id=66 src=motion2 u=477.7 v=476.5 depth=5.0000 depth2=-1.0000 track=2 sf=9 flag=init_neg
[T2depth] t=36.3480 id=71 src=motion2 u=395.5 v=465.0 depth=5.0000 depth2=-1.0000 track=2 sf=9 flag=init_neg
[T2depth] t=36.3480 id=72 src=motion2 u=538.6 v=473.5 depth=5.0000 depth2=-1.0000 track=2 sf=9 flag=init_neg
[T2depth] t=36.3480 id=73 src=motion2 u=445.1 v=437.3 depth=5.0000 depth2=-1.0000 track=2 sf=9 flag=init_neg
[T2depth] t=36.3480 id=83 src=motion2 u=417.7 v=381.9 depth=5.0000 depth2=-1.0000 track=2 sf=9 flag=init_neg
[T2depth] t=36.3480 id=85 src=motion2 u=305.2 v=437.3 depth=5.0000 depth2=-1.0000 track=2 sf=9 flag=init_neg
[T2depth] t=36.3480 id=89 src=motion2 u=434.7 v=469.0 depth=5.0000 depth2=-1.0000 track=2 sf=9 flag=init_neg
[T2depth] t=36.3480 id=92 src=motion2 u=551.1 v=437.2 depth=5.0000 depth2=-1.0000 track=2 sf=9 flag=init_neg
[T2depth] t=36.3480 id=93 src=motion2 u=638.0 v=425.9 depth=5.0000 depth2=-1.0000 track=2 sf=9 flag=init_neg
[T2depth] t=36.3480 id=112 src=motion2 u=480.3 v=428.3 depth=5.0000 depth2=-1.0000 track=2 sf=9 flag=init_neg
[T2depth] t=36.3480 id=197 src=motion2 u=508.1 v=472.5 depth=5.0000 depth2=-1.0000 track=2 sf=9 flag=init_neg
[T2depth] t=36.3480 id=529 src=motion2 u=324.1 v=461.4 depth=5.0000 depth2=-1.0000 track=2 sf=9 flag=init_neg
[T2depth] t=36.3480 id=3347 src=motion2 u=357.0 v=53.0 depth=5.0000 depth2=-1.0000 track=2 sf=9 flag=init_neg
[T2xcross] t=36.3480 id=3348 est=27.4618 svd=0.4147 rel=0.9849 track=2 sf=9
[T2depth] t=36.3480 id=3349 src=motion2 u=87.0 v=92.0 depth=0.7425 depth2=-1.0000 track=2 sf=9 flag=ok
[T2depth] t=36.3480 id=3351 src=motion2 u=58.0 v=186.0 depth=5.0000 depth2=-1.0000 track=2 sf=9 flag=init_neg
[T2depth] t=36.3480 id=3357 src=stereo u=276.8 v=171.8 depth=5.0000 depth2=-1.0000 track=1 sf=10 flag=init_neg
[T2depth] t=36.3480 id=3360 src=stereo u=416.0 v=207.0 depth=3.7557 depth2=-1.0000 track=1 sf=10 flag=ok
[T2depth] t=36.3480 id=3361 src=stereo u=82.0 v=33.0 depth=5.0000 depth2=-1.0000 track=1 sf=10 flag=init_neg
[T2depth] t=36.3480 id=3362 src=stereo u=359.0 v=200.0 depth=3.8038 depth2=-1.0000 track=1 sf=10 flag=ok
[T2gate] t=36.3480 tri=73 rej=0 xrej=0 init_replace=25 gate=0
[T2slv] t=36.3480 phase=1 init_cost=103.374 final_cost=84.0991 iters=9 term=1 slv_ms=18.2
[T2diag] t=36.3480 P=[-0.0237 0.0016 0.0013] V=[0.0059 0.0023 0.0075] |Bas|=0.203826 |Bgs|=0.0024667 Bas=[-0.191010 -0.020234 -0.068197] Bgs=[-0.0000993 -0.0011035 0.0022039] tic0=[0.1200 0.0500 -0.0200] tic1=[0.1200 -0.0500 -0.0200] td=0.00000 track=129
[E2uls] flag=1 sh_t=36.416 new_t=36.416 dP=[-0.0144 -0.0013 -0.0024] |dP|=0.0147 first_dt=-1.0000
time: 36.348000, t: -0.023714 0.001618 0.001341 q: 0.999989 0.000046 -0.004760 0.000395 
[T2depth] t=36.4480 id=4 src=motion2 u=385.8 v=388.0 depth=52.2574 depth2=-1.0000 track=2 sf=9 flag=ok
[T2depth] t=36.4480 id=13 src=motion2 u=540.3 v=375.7 depth=7.8522 depth2=-1.0000 track=2 sf=9 flag=ok
[T2depth] t=36.4480 id=19 src=motion2 u=455.8 v=349.6 depth=10.1580 depth2=-1.0000 track=2 sf=9 flag=ok
[T2depth] t=36.4480 id=21 src=motion2 u=580.1 v=365.6 depth=10.0116 depth2=-1.0000 track=2 sf=9 flag=ok
[T2depth] t=36.4480 id=23 src=motion2 u=505.2 v=361.7 depth=10.2968 depth2=-1.0000 track=2 sf=9 flag=ok
[T2depth] t=36.4480 id=30 src=motion2 u=637.4 v=346.4 depth=5.1724 depth2=-1.0000 track=2 sf=9 flag=ok
[T2depth] t=36.4480 id=33 src=motion2 u=326.3 v=413.3 depth=5.0000 depth2=-1.0000 track=2 sf=9 flag=init_neg
[T2depth] t=36.4480 id=45 src=motion2 u=350.0 v=391.1 depth=96.1025 depth2=-1.0000 track=2 sf=9 flag=ok
[T2depth] t=36.4480 id=82 src=motion2 u=633.9 v=293.1 depth=10.9353 depth2=-1.0000 track=2 sf=9 flag=ok
[T2depth] t=36.4480 id=94 src=motion2 u=598.3 v=298.1 depth=8.6762 depth2=-1.0000 track=2 sf=9 flag=ok
[T2depth] t=36.4480 id=124 src=motion2 u=477.1 v=254.9 depth=32.5333 depth2=-1.0000 track=2 sf=9 flag=ok
[T2depth] t=36.4480 id=3353 src=motion2 u=544.6 v=84.1 depth=0.5926 depth2=-1.0000 track=2 sf=9 flag=ok
[T2depth] t=36.4480 id=3356 src=motion2 u=148.5 v=193.6 depth=0.1482 depth2=-1.0000 track=2 sf=9 flag=ok
[T2depth] t=36.4480 id=3359 src=motion2 u=28.0 v=153.0 depth=0.1519 depth2=-1.0000 track=2 sf=9 flag=ok
[T2xcross] t=36.4480 id=3361 est=5.0000 svd=0.1150 rel=0.9770 track=2 sf=9
[T2depth] t=36.4480 id=3363 src=motion2 u=234.0 v=154.0 depth=5.0000 depth2=-1.0000 track=2 sf=9 flag=init_neg
[T2depth] t=36.4480 id=3367 src=stereo u=391.1 v=77.0 depth=3.9565 depth2=-1.0000 track=1 sf=10 flag=ok
[T2gate] t=36.4480 tri=65 rej=0 xrej=0 init_replace=2 gate=0
[T2slv] t=36.4480 phase=1 init_cost=84.3604 final_cost=81.7335 iters=9 term=1 slv_ms=13.7
[T2diag] t=36.4480 P=[-0.0348 0.0043 0.0015] V=[-0.0546 0.0357 -0.0017] |Bas|=0.118464 |Bgs|=0.0037602 Bas=[-0.027101 -0.115289 -0.002755] Bgs=[-0.0023749 -0.0020675 0.0020554] tic0=[0.1200 0.0500 -0.0200] tic1=[0.1200 -0.0500 -0.0200] td=0.00000 track=125
[E2uls] flag=1 sh_t=36.488 new_t=36.488 dP=[0.0167 -0.0037 0.0023] |dP|=0.0173 first_dt=-1.0000
time: 36.448000, t: -0.034759 0.004251 0.001466 q: 0.999978 -0.000941 -0.006571 0.000440 
[T2xcross] t=36.5480 id=3356 est=0.1482 svd=1.4489 rel=0.8977 track=2 sf=9
[T2depth] t=36.5480 id=11 src=motion2 u=398.8 v=342.7 depth=5.0000 depth2=-1.0000 track=2 sf=9 flag=init_neg
[T2depth] t=36.5480 id=35 src=motion2 u=225.4 v=469.9 depth=5.0000 depth2=-1.0000 track=2 sf=9 flag=init_neg
[T2depth] t=36.5480 id=37 src=motion2 u=262.9 v=451.7 depth=5.0000 depth2=-1.0000 track=2 sf=9 flag=init_neg
[T2depth] t=36.5480 id=40 src=motion2 u=618.6 v=320.2 depth=5.0000 depth2=-1.0000 track=2 sf=9 flag=init_neg
[T2depth] t=36.5480 id=63 src=motion2 u=566.8 v=307.1 depth=5.0000 depth2=-1.0000 track=2 sf=9 flag=init_neg
[T2depth] t=36.5480 id=70 src=motion2 u=484.6 v=323.4 depth=5.0000 depth2=-1.0000 track=2 sf=9 flag=init_neg
[T2depth] t=36.5480 id=76 src=motion2 u=434.2 v=324.4 depth=5.0000 depth2=-1.0000 track=2 sf=9 flag=init_neg
[T2depth] t=36.5480 id=79 src=motion2 u=350.1 v=445.8 depth=5.0000 depth2=-1.0000 track=2 sf=9 flag=init_neg
[T2depth] t=36.5480 id=86 src=motion2 u=520.9 v=292.1 depth=5.0000 depth2=-1.0000 track=2 sf=9 flag=init_neg
[T2depth] t=36.5480 id=88 src=motion2 u=281.1 v=477.8 depth=5.0000 depth2=-1.0000 track=2 sf=9 flag=init_neg
[T2depth] t=36.5480 id=96 src=motion2 u=587.7 v=331.3 depth=5.0000 depth2=-1.0000 track=2 sf=9 flag=init_neg
[T2depth] t=36.5480 id=248 src=motion2 u=356.8 v=478.2 depth=5.0000 depth2=-1.0000 track=2 sf=9 flag=init_neg
[T2depth] t=36.5480 id=3368 src=motion2 u=566.5 v=52.1 depth=0.2402 depth2=-1.0000 track=2 sf=9 flag=ok
[T2depth] t=36.5480 id=3369 src=motion2 u=141.3 v=65.6 depth=3.2333 depth2=-1.0000 track=2 sf=9 flag=ok
[T2depth] t=36.5480 id=3376 src=motion2 u=164.0 v=44.0 depth=6.8063 depth2=-1.0000 track=2 sf=9 flag=ok
[T2depth] t=36.5480 id=3377 src=motion2 u=620.0 v=80.0 depth=0.1856 depth2=-1.0000 track=2 sf=9 flag=ok
[T2depth] t=36.5480 id=3378 src=motion2 u=213.0 v=45.0 depth=1.0489 depth2=-1.0000 track=2 sf=9 flag=ok
[T2depth] t=36.5480 id=3379 src=motion2 u=311.0 v=16.0 depth=1.6290 depth2=-1.0000 track=2 sf=9 flag=ok
[T2depth] t=36.5480 id=3382 src=stereo u=113.1 v=213.7 depth=20.0030 depth2=-1.0000 track=1 sf=10 flag=ok
[T2depth] t=36.5480 id=3389 src=stereo u=487.0 v=74.0 depth=4.3291 depth2=-1.0000 track=1 sf=10 flag=ok
[T2depth] t=36.5480 id=3390 src=stereo u=71.0 v=98.0 depth=5.0000 depth2=-1.0000 track=1 sf=10 flag=init_neg
[T2depth] t=36.5480 id=3393 src=stereo u=187.0 v=171.0 depth=5.0000 depth2=-1.0000 track=1 sf=10 flag=init_neg
[T2gate] t=36.5480 tri=76 rej=0 xrej=0 init_replace=14 gate=0
[T2slv] t=36.5480 phase=1 init_cost=80.537 final_cost=77.5648 iters=9 term=1 slv_ms=11.3
[T2diag] t=36.5480 P=[-0.0381 0.0040 0.0030] V=[-0.0024 -0.0002 0.0095] |Bas|=0.243255 |Bgs|=0.0032353 Bas=[-0.235078 0.041992 -0.046348] Bgs=[-0.0022961 -0.0020014 0.0010907] tic0=[0.1200 0.0500 -0.0200] tic1=[0.1200 -0.0500 -0.0200] td=0.00000 track=121
[E2uls] flag=1 sh_t=36.604 new_t=36.604 dP=[-0.0098 0.0108 -0.0030] |dP|=0.0149 first_dt=-1.0000
time: 36.548000, t: -0.038118 0.004030 0.003043 q: 0.999989 0.000679 -0.004632 0.000564 
[T2depth] t=36.6480 id=5 src=motion2 u=264.0 v=363.0 depth=5.0000 depth2=-1.0000 track=2 sf=9 flag=init_neg
[T2depth] t=36.6480 id=7 src=motion2 u=317.0 v=357.9 depth=43.5251 depth2=-1.0000 track=2 sf=9 flag=ok
[T2depth] t=36.6480 id=10 src=motion2 u=352.1 v=346.7 depth=24.7407 depth2=-1.0000 track=2 sf=9 flag=ok
[T2depth] t=36.6480 id=16 src=motion2 u=292.0 v=375.1 depth=86.7745 depth2=-1.0000 track=2 sf=9 flag=ok
[T2depth] t=36.6480 id=17 src=motion2 u=50.8 v=412.8 depth=5.0000 depth2=-1.0000 track=2 sf=9 flag=init_neg
[T2depth] t=36.6480 id=18 src=motion2 u=142.1 v=395.5 depth=5.0000 depth2=-1.0000 track=2 sf=9 flag=init_neg
[T2depth] t=36.6480 id=27 src=motion2 u=268.4 v=404.4 depth=5.0000 depth2=-1.0000 track=2 sf=9 flag=init_neg
[T2depth] t=36.6480 id=38 src=motion2 u=120.1 v=421.7 depth=5.0000 depth2=-1.0000 track=2 sf=9 flag=init_neg
[T2depth] t=36.6480 id=41 src=motion2 u=236.9 v=379.2 depth=5.0000 depth2=-1.0000 track=2 sf=9 flag=init_neg
[T2depth] t=36.6480 id=42 src=motion2 u=312.8 v=310.5 depth=17.3328 depth2=-1.0000 track=2 sf=9 flag=ok
[T2depth] t=36.6480 id=46 src=motion2 u=163.5 v=465.4 depth=5.0000 depth2=-1.0000 track=2 sf=9 flag=init_neg
[T2depth] t=36.6480 id=48 src=motion2 u=461.4 v=294.3 depth=8.0174 depth2=-1.0000 track=2 sf=9 flag=ok
[T2depth] t=36.6480 id=57 src=motion2 u=381.0 v=316.5 depth=13.8944 depth2=-1.0000 track=2 sf=9 flag=ok
[T2depth] t=36.6480 id=58 src=motion2 u=225.2 v=431.6 depth=120.6865 depth2=-1.0000 track=2 sf=9 flag=ok
[T2depth] t=36.6480 id=61 src=motion2 u=192.0 v=419.6 depth=5.0000 depth2=-1.0000 track=2 sf=9 flag=init_neg
[T2depth] t=36.6480 id=65 src=motion2 u=88.9 v=465.1 depth=5.0000 depth2=-1.0000 track=2 sf=9 flag=init_neg
[T2depth] t=36.6480 id=80 src=motion2 u=151.7 v=430.7 depth=5.0000 depth2=-1.0000 track=2 sf=9 flag=init_neg
[T2depth] t=36.6480 id=177 src=motion2 u=200.1 v=451.8 depth=5.0000 depth2=-1.0000 track=2 sf=9 flag=init_neg
[T2xcross] t=36.6480 id=3382 est=20.0030 svd=0.1494 rel=0.9925 track=2 sf=9
[T2depth] t=36.6480 id=3398 src=stereo u=108.3 v=106.3 depth=21.9752 depth2=-1.0000 track=1 sf=10 flag=ok
[T2depth] t=36.6480 id=3401 src=stereo u=513.0 v=9.5 depth=4.2659 depth2=-1.0000 track=1 sf=10 flag=ok
[T2depth] t=36.6480 id=3403 src=stereo u=273.5 v=159.7 depth=5.0000 depth2=-1.0000 track=1 sf=10 flag=init_neg
[T2depth] t=36.6480 id=3405 src=stereo u=615.8 v=145.0 depth=5.0000 depth2=-1.0000 track=1 sf=10 flag=init_neg
[T2depth] t=36.6480 id=3407 src=stereo u=490.0 v=75.0 depth=3.6037 depth2=-1.0000 track=1 sf=10 flag=ok
[T2depth] t=36.6480 id=3408 src=stereo u=411.0 v=28.0 depth=4.3146 depth2=-1.0000 track=1 sf=10 flag=ok
[T2depth] t=36.6480 id=3410 src=stereo u=138.0 v=177.0 depth=5.0000 depth2=-1.0000 track=1 sf=10 flag=init_neg
[T2depth] t=36.6480 id=3411 src=stereo u=48.0 v=161.0 depth=23.8244 depth2=-1.0000 track=1 sf=10 flag=ok
[T2depth] t=36.6480 id=3412 src=stereo u=437.0 v=212.0 depth=3.8932 depth2=-1.0000 track=1 sf=10 flag=ok
[T2gate] t=36.6480 tri=81 rej=0 xrej=0 init_replace=14 gate=0
[T2slv] t=36.6480 phase=1 init_cost=2872.63 final_cost=2872.63 iters=9 term=1 slv_ms=4.7
[T2diag] t=36.6480 P=[-0.0375 0.0035 0.0041] V=[0.0130 -0.0093 0.0130] |Bas|=0.243255 |Bgs|=0.0032353 Bas=[-0.235078 0.041992 -0.046348] Bgs=[-0.0022961 -0.0020014 0.0010907] tic0=[0.1200 0.0500 -0.0200] tic1=[0.1200 -0.0500 -0.0200] td=0.00000 track=120
[E2uls] flag=1 sh_t=36.700 new_t=36.700 dP=[0.0013 -0.0007 0.0007] |dP|=0.0016 first_dt=-1.0000
time: 36.648000, t: -0.037497 0.003520 0.004093 q: 0.999989 0.000821 -0.004591 0.000472 
[T2depth] t=36.7480 id=1 src=motion2 u=192.0 v=341.0 depth=1022.8922 depth2=-1.0000 track=2 sf=9 flag=ok
[T2depth] t=36.7480 id=2 src=motion2 u=224.0 v=348.0 depth=50.4515 depth2=-1.0000 track=2 sf=9 flag=ok
[T2depth] t=36.7480 id=8 src=motion2 u=158.0 v=343.0 depth=5.0000 depth2=-1.0000 track=2 sf=9 flag=init_neg
[T2depth] t=36.7480 id=9 src=motion2 u=117.1 v=361.3 depth=5.0000 depth2=-1.0000 track=2 sf=9 flag=init_neg
[T2depth] t=36.7480 id=14 src=motion2 u=88.2 v=387.5 depth=5.0000 depth2=-1.0000 track=2 sf=9 flag=init_neg
[T2depth] t=36.7480 id=51 src=motion2 u=12.2 v=424.8 depth=5.0000 depth2=-1.0000 track=2 sf=9 flag=init_neg
[T2depth] t=36.7480 id=54 src=motion2 u=211.0 v=316.8 depth=5.0000 depth2=-1.0000 track=2 sf=9 flag=init_neg
[T2depth] t=36.7480 id=55 src=motion2 u=287.5 v=334.8 depth=24.1685 depth2=-1.0000 track=2 sf=9 flag=ok
[T2depth] t=36.7480 id=62 src=motion2 u=256.1 v=317.7 depth=136.7984 depth2=-1.0000 track=2 sf=9 flag=ok
[T2depth] t=36.7480 id=68 src=motion2 u=353.9 v=291.4 depth=22.0482 depth2=-1.0000 track=2 sf=9 flag=ok
[T2depth] t=36.7480 id=77 src=motion2 u=41.9 v=381.6 depth=5.0000 depth2=-1.0000 track=2 sf=9 flag=init_neg
[T2depth] t=36.7480 id=78 src=motion2 u=176.2 v=372.3 depth=5.0000 depth2=-1.0000 track=2 sf=9 flag=init_neg
[T2depth] t=36.7480 id=99 src=motion2 u=302.1 v=279.4 depth=7.6803 depth2=-1.0000 track=2 sf=9 flag=ok
[T2xcross] t=36.7480 id=3398 est=21.9752 svd=0.3950 rel=0.9820 track=2 sf=9
[T2depth] t=36.7480 id=3399 src=motion2 u=175.3 v=231.0 depth=1.6113 depth2=-1.0000 track=2 sf=9 flag=ok
[T2depth] t=36.7480 id=3400 src=motion2 u=326.7 v=185.6 depth=5.0000 depth2=-1.0000 track=2 sf=9 flag=init_neg
[T2xcross] t=36.7480 id=3403 est=5.0000 svd=0.9670 rel=0.8066 track=2 sf=9
[T2depth] t=36.7480 id=3404 src=motion2 u=175.2 v=97.7 depth=5.0000 depth2=-1.0000 track=2 sf=9 flag=init_neg
[T2xcross] t=36.7480 id=3407 est=3.6037 svd=0.0703 rel=0.9805 track=2 sf=9
[T2depth] t=36.7480 id=3409 src=motion2 u=497.0 v=206.0 depth=0.4350 depth2=-1.0000 track=2 sf=9 flag=ok
[T2xcross] t=36.7480 id=3411 est=23.8244 svd=0.1567 rel=0.9934 track=2 sf=9
[T2depth] t=36.7480 id=108 src=stereo u=198.2 v=288.6 depth=5.0000 depth2=-1.0000 track=1 sf=10 flag=init_neg
[T2depth] t=36.7480 id=1790 src=stereo u=128.9 v=245.1 depth=3.0938 depth2=-1.0000 track=1 sf=10 flag=ok
[T2depth] t=36.7480 id=2278 src=stereo u=621.6 v=259.0 depth=1.2649 depth2=-1.0000 track=1 sf=10 flag=ok
[T2depth] t=36.7480 id=2399 src=stereo u=381.3 v=277.0 depth=5.0000 depth2=-1.0000 track=1 sf=10 flag=init_neg
[T2depth] t=36.7480 id=3285 src=stereo u=12.0 v=231.1 depth=5.0000 depth2=-1.0000 track=1 sf=10 flag=init_neg
[T2depth] t=36.7480 id=3417 src=stereo u=520.3 v=64.5 depth=4.0517 depth2=-1.0000 track=1 sf=10 flag=ok
[T2depth] t=36.7480 id=3418 src=stereo u=492.8 v=124.1 depth=5.0000 depth2=-1.0000 track=1 sf=10 flag=init_neg
[T2gate] t=36.7480 tri=75 rej=0 xrej=0 init_replace=13 gate=0
[T2slv] t=36.7480 phase=1 init_cost=142.793 final_cost=87.8762 iters=9 term=1 slv_ms=13.0
[T2diag] t=36.7480 P=[-0.0319 -0.0010 0.0038] V=[0.0248 -0.0167 0.0075] |Bas|=0.210428 |Bgs|=0.0018640 Bas=[-0.204274 0.040163 -0.030640] Bgs=[0.0011758 -0.0003539 -0.0014024] tic0=[0.1200 0.0500 -0.0200] tic1=[0.1200 -0.0500 -0.0200] td=0.00000 track=122
[E2uls] flag=1 sh_t=36.792 new_t=36.792 dP=[-0.0010 0.0023 0.0030] |dP|=0.0039 first_dt=-1.0000
time: 36.748000, t: -0.031918 -0.000951 0.003776 q: 0.999985 0.000023 -0.005365 0.001011 
[T2depth] t=36.8200 id=15 src=motion2 u=203.0 v=389.4 depth=6.4060 depth2=-1.0000 track=2 sf=9 flag=ok
[T2depth] t=36.8200 id=36 src=motion2 u=482.5 v=395.1 depth=5.0000 depth2=-1.0000 track=2 sf=9 flag=init_neg
[T2depth] t=36.8200 id=103 src=motion2 u=385.8 v=244.9 depth=1.5475 depth2=-1.0000 track=2 sf=9 flag=ok
[T2xcross] t=36.8200 id=108 est=5.0000 svd=4.2506 rel=0.1499 track=2 sf=9
[T2depth] t=36.8200 id=667 src=motion2 u=268.0 v=259.2 depth=2.2456 depth2=-1.0000 track=2 sf=9 flag=ok
[T2xcross] t=36.8200 id=2399 est=5.0000 svd=5.6712 rel=0.1184 track=2 sf=9
[T2depth] t=36.8200 id=2522 src=motion2 u=522.0 v=324.0 depth=5.0000 depth2=-1.0000 track=2 sf=9 flag=init_neg
[T2depth] t=36.8200 id=2714 src=motion2 u=633.4 v=478.1 depth=5.0000 depth2=-1.0000 track=2 sf=9 flag=init_neg
[T2depth] t=36.8200 id=2769 src=motion2 u=210.4 v=243.0 depth=2.4102 depth2=-1.0000 track=2 sf=9 flag=ok
[T2depth] t=36.8200 id=3193 src=motion2 u=448.0 v=185.5 depth=0.0730 depth2=-1.0000 track=2 sf=9 flag=ok
[T2xcross] t=36.8200 id=3285 est=5.0000 svd=0.5885 rel=0.8823 track=2 sf=9
[T2depth] t=36.8200 id=3416 src=motion2 u=571.4 v=84.3 depth=0.0355 depth2=-1.0000 track=2 sf=9 flag=ok
[T2xcross] t=36.8200 id=3418 est=5.0000 svd=0.1052 rel=0.9790 track=2 sf=9
[T2depth] t=36.8200 id=3422 src=motion2 u=413.9 v=132.7 depth=5.0000 depth2=-1.0000 track=2 sf=9 flag=init_neg
[T2depth] t=36.8200 id=3423 src=motion2 u=65.7 v=54.6 depth=0.3485 depth2=-1.0000 track=2 sf=9 flag=ok
[T2depth] t=36.8200 id=3424 src=motion2 u=162.8 v=29.3 depth=5.0000 depth2=-1.0000 track=2 sf=9 flag=init_neg
[T2depth] t=36.8200 id=3425 src=motion2 u=108.0 v=74.4 depth=0.3461 depth2=-1.0000 track=2 sf=9 flag=ok
[T2depth] t=36.8200 id=3429 src=motion2 u=109.0 v=178.0 depth=5.0000 depth2=-1.0000 track=2 sf=9 flag=init_neg
[T2depth] t=36.8200 id=3434 src=stereo u=485.3 v=28.4 depth=4.0359 depth2=-1.0000 track=1 sf=10 flag=ok
[T2depth] t=36.8200 id=3438 src=stereo u=394.0 v=26.0 depth=3.5085 depth2=-1.0000 track=1 sf=10 flag=ok
[T2gate] t=36.8200 tri=77 rej=0 xrej=0 init_replace=6 gate=0
[T2slv] t=36.8200 phase=1 init_cost=97.5748 final_cost=93.0412 iters=9 term=1 slv_ms=16.9
[T2diag] t=36.8200 P=[-0.0298 -0.0012 0.0029] V=[0.0308 -0.0193 0.0006] |Bas|=0.186625 |Bgs|=0.0020846 Bas=[-0.181333 0.039057 -0.020542] Bgs=[0.0014708 0.0003455 -0.0014363] tic0=[0.1200 0.0500 -0.0200] tic1=[0.1200 -0.0500 -0.0200] td=0.00000 track=121
[E2uls] flag=1 sh_t=36.864 new_t=36.864 dP=[0.0024 -0.0022 0.0022] |dP|=0.0039 first_dt=-1.0000
time: 36.820000, t: -0.029808 -0.001244 0.002909 q: 0.999983 -0.000255 -0.005743 0.001151 
[T2depth] t=36.9520 id=6 src=motion2 u=4.2 v=375.5 depth=5.0000 depth2=-1.0000 track=2 sf=9 flag=init_neg
[T2depth] t=36.9520 id=20 src=motion2 u=44.4 v=349.2 depth=5.0000 depth2=-1.0000 track=2 sf=9 flag=init_neg
[T2depth] t=36.9520 id=28 src=motion2 u=6.4 v=343.3 depth=5.0000 depth2=-1.0000 track=2 sf=9 flag=init_neg
[T2depth] t=36.9520 id=43 src=motion2 u=71.1 v=436.9 depth=5.0000 depth2=-1.0000 track=2 sf=9 flag=init_neg
[T2depth] t=36.9520 id=47 src=motion2 u=74.3 v=354.3 depth=5.0000 depth2=-1.0000 track=2 sf=9 flag=init_neg
[T2depth] t=36.9520 id=52 src=motion2 u=40.5 v=457.0 depth=5.0000 depth2=-1.0000 track=2 sf=9 flag=init_neg
[T2depth] t=36.9520 id=60 src=motion2 u=144.2 v=313.8 depth=5.0000 depth2=-1.0000 track=2 sf=9 flag=init_neg
[T2depth] t=36.9520 id=67 src=motion2 u=174.3 v=307.7 depth=5.0000 depth2=-1.0000 track=2 sf=9 flag=init_neg
[T2depth] t=36.9520 id=69 src=motion2 u=273.9 v=290.5 depth=5.0000 depth2=-1.0000 track=2 sf=9 flag=init_neg
[T2depth] t=36.9520 id=75 src=motion2 u=120.3 v=458.1 depth=5.0000 depth2=-1.0000 track=2 sf=9 flag=init_neg
[T2depth] t=36.9520 id=81 src=motion2 u=18.8 v=292.7 depth=5.0000 depth2=-1.0000 track=2 sf=9 flag=init_neg
[T2depth] t=36.9520 id=87 src=motion2 u=88.6 v=290.7 depth=5.0000 depth2=-1.0000 track=2 sf=9 flag=init_neg
[T2depth] t=36.9520 id=95 src=motion2 u=9.7 v=461.2 depth=5.0000 depth2=-1.0000 track=2 sf=9 flag=init_neg
[T2depth] t=36.9520 id=98 src=motion2 u=51.4 v=281.6 depth=5.0000 depth2=-1.0000 track=2 sf=9 flag=init_neg
[T2depth] t=36.9520 id=114 src=motion2 u=177.4 v=264.3 depth=5.0000 depth2=-1.0000 track=2 sf=9 flag=init_neg
[T2depth] t=36.9520 id=130 src=motion2 u=228.5 v=287.5 depth=5.0000 depth2=-1.0000 track=2 sf=9 flag=init_neg
[T2depth] t=36.9520 id=1809 src=motion2 u=29.5 v=322.3 depth=5.0000 depth2=-1.0000 track=2 sf=9 flag=init_neg
[T2depth] t=36.9520 id=2076 src=motion2 u=114.0 v=331.2 depth=5.0000 depth2=-1.0000 track=2 sf=9 flag=init_neg
[T2depth] t=36.9520 id=3085 src=motion2 u=3.6 v=267.1 depth=19.5221 depth2=-1.0000 track=2 sf=9 flag=ok
[T2depth] t=36.9520 id=3431 src=motion2 u=575.0 v=148.4 depth=5.0000 depth2=-1.0000 track=2 sf=9 flag=init_neg
[T2depth] t=36.9520 id=3436 src=motion2 u=38.7 v=216.6 depth=5.0000 depth2=-1.0000 track=2 sf=9 flag=init_neg
[T2xcross] t=36.9520 id=3438 est=3.5085 svd=1.3599 rel=0.6124 track=2 sf=9
[T2depth] t=36.9520 id=3440 src=motion2 u=271.0 v=102.0 depth=5.0000 depth2=-1.0000 track=2 sf=9 flag=init_neg
[T2depth] t=36.9520 id=3444 src=stereo u=395.1 v=84.4 depth=3.6658 depth2=-1.0000 track=1 sf=10 flag=ok
[T2depth] t=36.9520 id=3446 src=stereo u=190.3 v=130.0 depth=5.0000 depth2=-1.0000 track=1 sf=10 flag=init_neg
[T2depth] t=36.9520 id=3451 src=stereo u=362.0 v=161.0 depth=3.7205 depth2=-1.0000 track=1 sf=10 flag=ok
[T2gate] t=36.9520 tri=67 rej=0 xrej=0 init_replace=22 gate=0
[T2slv] t=36.9520 phase=1 init_cost=85.715 final_cost=79.3248 iters=9 term=1 slv_ms=28.1
[T2diag] t=36.9520 P=[-0.0316 -0.0013 0.0029] V=[0.0147 -0.0081 0.0027] |Bas|=0.150319 |Bgs|=0.0019652 Bas=[-0.147619 0.020861 -0.019220] Bgs=[0.0010047 -0.0002333 -0.0016728] tic0=[0.1200 0.0500 -0.0200] tic1=[0.1200 -0.0500 -0.0200] td=0.00000 track=137
[E2uls] flag=1 sh_t=37.020 new_t=37.020 dP=[0.0118 -0.0055 0.0005] |dP|=0.0130 first_dt=-1.0000
time: 36.952000, t: -0.031598 -0.001329 0.002914 q: 0.999980 -0.000748 -0.006193 0.001122 
[T2xcross] t=37.0840 id=2278 est=1.2649 svd=3.2464 rel=0.6104 track=2 sf=9
[T2xcross] t=37.0840 id=114 est=5.0000 svd=5.5351 rel=0.0967 track=2 sf=9
[T2xcross] t=37.0840 id=2076 est=5.0000 svd=5.3792 rel=0.0705 track=2 sf=9
[T2xcross] t=37.0840 id=3440 est=5.0000 svd=0.3875 rel=0.9225 track=2 sf=9
[T2depth] t=37.0840 id=124 src=motion2 u=477.2 v=254.9 depth=5.0000 depth2=-1.0000 track=2 sf=9 flag=init_neg
[T2depth] t=37.0840 id=2749 src=motion2 u=446.0 v=147.4 depth=0.4266 depth2=-1.0000 track=2 sf=9 flag=ok
[T2depth] t=37.0840 id=3445 src=motion2 u=508.4 v=36.3 depth=0.1359 depth2=-1.0000 track=2 sf=9 flag=ok
[T2xcross] t=37.0840 id=3446 est=5.0000 svd=0.4023 rel=0.9195 track=2 sf=9
[T2depth] t=37.0840 id=3448 src=motion2 u=9.9 v=59.5 depth=0.8743 depth2=-1.0000 track=2 sf=9 flag=ok
[T2depth] t=37.0840 id=3452 src=motion2 u=312.0 v=195.0 depth=0.1499 depth2=-1.0000 track=2 sf=9 flag=ok
[T2depth] t=37.0840 id=3453 src=motion2 u=217.0 v=22.0 depth=5.0000 depth2=-1.0000 track=2 sf=9 flag=init_neg
[T2depth] t=37.0840 id=3454 src=motion2 u=40.0 v=17.0 depth=0.2589 depth2=-1.0000 track=2 sf=9 flag=ok
[T2depth] t=37.0840 id=3455 src=motion2 u=325.0 v=105.0 depth=0.1073 depth2=-1.0000 track=2 sf=9 flag=ok
[T2depth] t=37.0840 id=3462 src=stereo u=397.0 v=69.0 depth=3.3836 depth2=-1.0000 track=1 sf=10 flag=ok
[T2depth] t=37.0840 id=3466 src=stereo u=310.0 v=52.0 depth=27.1785 depth2=-1.0000 track=1 sf=10 flag=ok
[T2gate] t=37.0840 tri=49 rej=0 xrej=0 init_replace=2 gate=0
[T2slv] t=37.0840 phase=1 init_cost=82.2876 final_cost=77.6494 iters=9 term=1 slv_ms=12.3
[T2diag] t=37.0840 P=[-0.0320 0.0015 0.0026] V=[0.0140 0.0021 0.0009] |Bas|=0.129148 |Bgs|=0.0009072 Bas=[-0.127742 0.012940 -0.013927] Bgs=[0.0005528 -0.0007112 -0.0001079] tic0=[0.1200 0.0500 -0.0200] tic1=[0.1200 -0.0500 -0.0200] td=0.00000 track=138
[E2uls] flag=1 sh_t=37.120 new_t=37.120 dP=[0.0041 -0.0043 0.0011] |dP|=0.0060 first_dt=-1.0000
time: 37.084000, t: -0.031996 0.001486 0.002571 q: 0.999982 -0.000778 -0.005948 0.000850 
[T2xcross] t=37.1840 id=3193 est=0.0730 svd=0.0323 rel=0.5574 track=2 sf=9
[T2depth] t=37.1840 id=127 src=motion2 u=349.7 v=259.1 depth=5.0000 depth2=-1.0000 track=2 sf=9 flag=init_neg
[T2depth] t=37.1840 id=3457 src=motion2 u=589.4 v=255.0 depth=5.0000 depth2=-1.0000 track=2 sf=9 flag=init_neg
[T2depth] t=37.1840 id=3458 src=motion2 u=355.2 v=226.9 depth=5.0000 depth2=-1.0000 track=2 sf=9 flag=init_neg
[T2depth] t=37.1840 id=3460 src=motion2 u=618.7 v=130.9 depth=0.0616 depth2=-1.0000 track=2 sf=9 flag=ok
[T2xcross] t=37.1840 id=3466 est=27.1785 svd=0.3651 rel=0.9866 track=2 sf=9
[T2depth] t=37.1840 id=3468 src=stereo u=87.1 v=102.5 depth=5.0000 depth2=-1.0000 track=1 sf=10 flag=init_neg
[T2depth] t=37.1840 id=3473 src=stereo u=366.3 v=168.6 depth=3.5348 depth2=-1.0000 track=1 sf=10 flag=ok
[T2depth] t=37.1840 id=3481 src=stereo u=507.0 v=219.0 depth=3.4669 depth2=-1.0000 track=1 sf=10 flag=ok
[T2depth] t=37.1840 id=3482 src=stereo u=484.0 v=139.0 depth=27.9726 depth2=-1.0000 track=1 sf=10 flag=ok
[T2depth] t=37.1840 id=3484 src=stereo u=214.0 v=174.0 depth=30.4831 depth2=-1.0000 track=1 sf=10 flag=ok
[T2depth] t=37.1840 id=3485 src=stereo u=117.0 v=35.0 depth=37.6130 depth2=-1.0000 track=1 sf=10 flag=ok
[T2gate] t=37.1840 tri=96 rej=0 xrej=0 init_replace=4 gate=0
[T2slv] t=37.1840 phase=1 init_cost=78.1609 final_cost=76.8418 iters=9 term=1 slv_ms=6.8
[T2diag] t=37.1840 P=[-0.0324 0.0012 0.0028] V=[0.0104 -0.0011 0.0026] |Bas|=0.119924 |Bgs|=0.0010412 Bas=[-0.118755 0.011227 -0.012366] Bgs=[0.0000458 -0.0010064 -0.0002627] tic0=[0.1200 0.0500 -0.0200] tic1=[0.1200 -0.0500 -0.0200] td=0.00000 track=91
[E2uls] flag=1 sh_t=37.220 new_t=37.220 dP=[0.0023 0.0004 0.0003] |dP|=0.0024 first_dt=-1.0000
time: 37.184000, t: -0.032434 0.001160 0.002756 q: 0.999983 -0.000720 -0.005661 0.001034 
[T2xcross] t=37.2840 id=3455 est=0.1073 svd=0.0052 rel=0.9517 track=2 sf=8
[T2depth] t=37.2840 id=3 src=motion2 u=617.0 v=372.6 depth=5.0000 depth2=-1.0000 track=2 sf=9 flag=init_neg
[T2depth] t=37.2840 id=4 src=motion2 u=385.8 v=388.0 depth=5.0000 depth2=-1.0000 track=2 sf=9 flag=init_neg
[T2depth] t=37.2840 id=11 src=motion2 u=398.9 v=342.7 depth=5.0000 depth2=-1.0000 track=2 sf=9 flag=init_neg
[T2depth] t=37.2840 id=13 src=motion2 u=540.3 v=375.8 depth=5.0000 depth2=-1.0000 track=2 sf=9 flag=init_neg
[T2depth] t=37.2840 id=19 src=motion2 u=455.9 v=349.7 depth=5.0000 depth2=-1.0000 track=2 sf=9 flag=init_neg
[T2depth] t=37.2840 id=21 src=motion2 u=580.1 v=365.6 depth=5.0000 depth2=-1.0000 track=2 sf=9 flag=init_neg
[T2depth] t=37.2840 id=23 src=motion2 u=505.2 v=361.7 depth=5.0000 depth2=-1.0000 track=2 sf=9 flag=init_neg
[T2depth] t=37.2840 id=24 src=motion2 u=567.9 v=409.9 depth=5.0000 depth2=-1.0000 track=2 sf=9 flag=init_neg
[T2depth] t=37.2840 id=30 src=motion2 u=637.4 v=346.4 depth=5.0000 depth2=-1.0000 track=2 sf=9 flag=init_neg
[T2depth] t=37.2840 id=32 src=motion2 u=433.8 v=408.1 depth=5.0000 depth2=-1.0000 track=2 sf=9 flag=init_neg
[T2depth] t=37.2840 id=33 src=motion2 u=326.3 v=413.3 depth=5.0000 depth2=-1.0000 track=2 sf=9 flag=init_neg
[T2depth] t=37.2840 id=35 src=motion2 u=225.3 v=470.0 depth=14.7475 depth2=-1.0000 track=2 sf=9 flag=ok
[T2depth] t=37.2840 id=37 src=motion2 u=262.9 v=451.8 depth=5.0000 depth2=-1.0000 track=2 sf=9 flag=init_neg
[T2depth] t=37.2840 id=39 src=motion2 u=614.4 v=452.5 depth=5.0000 depth2=-1.0000 track=2 sf=9 flag=init_neg
[T2depth] t=37.2840 id=40 src=motion2 u=618.6 v=320.2 depth=5.0000 depth2=-1.0000 track=2 sf=9 flag=init_neg
[T2depth] t=37.2840 id=44 src=motion2 u=610.1 v=411.0 depth=5.0000 depth2=-1.0000 track=2 sf=9 flag=init_neg
[T2depth] t=37.2840 id=45 src=motion2 u=350.0 v=391.2 depth=5.0000 depth2=-1.0000 track=2 sf=9 flag=init_neg
[T2depth] t=37.2840 id=50 src=motion2 u=525.8 v=412.1 depth=5.0000 depth2=-1.0000 track=2 sf=9 flag=init_neg
[T2depth] t=37.2840 id=53 src=motion2 u=511.2 v=439.5 depth=5.0000 depth2=-1.0000 track=2 sf=9 flag=init_neg
[T2depth] t=37.2840 id=56 src=motion2 u=385.5 v=434.4 depth=5.0000 depth2=-1.0000 track=2 sf=9 flag=init_neg
[T2depth] t=37.2840 id=59 src=motion2 u=580.3 v=455.1 depth=5.0000 depth2=-1.0000 track=2 sf=9 flag=init_neg
[T2depth] t=37.2840 id=63 src=motion2 u=566.7 v=307.1 depth=5.0000 depth2=-1.0000 track=2 sf=9 flag=init_neg
[T2depth] t=37.2840 id=66 src=motion2 u=477.8 v=476.6 depth=5.0000 depth2=-1.0000 track=2 sf=9 flag=init_neg
[T2depth] t=37.2840 id=70 src=motion2 u=484.6 v=323.4 depth=5.0000 depth2=-1.0000 track=2 sf=9 flag=init_neg
[T2depth] t=37.2840 id=71 src=motion2 u=395.5 v=465.0 depth=5.0000 depth2=-1.0000 track=2 sf=9 flag=init_neg
[T2depth] t=37.2840 id=72 src=motion2 u=538.8 v=473.6 depth=5.0000 depth2=-1.0000 track=2 sf=9 flag=init_neg
[T2depth] t=37.2840 id=73 src=motion2 u=445.0 v=437.3 depth=5.0000 depth2=-1.0000 track=2 sf=9 flag=init_neg
[T2depth] t=37.2840 id=76 src=motion2 u=434.2 v=324.5 depth=5.0000 depth2=-1.0000 track=2 sf=9 flag=init_neg
[T2depth] t=37.2840 id=79 src=motion2 u=349.9 v=445.8 depth=5.0000 depth2=-1.0000 track=2 sf=9 flag=init_neg
[T2depth] t=37.2840 id=82 src=motion2 u=633.8 v=293.1 depth=5.0000 depth2=-1.0000 track=2 sf=9 flag=init_neg
[T2depth] t=37.2840 id=83 src=motion2 u=417.7 v=382.0 depth=5.0000 depth2=-1.0000 track=2 sf=9 flag=init_neg
[T2depth] t=37.2840 id=84 src=motion2 u=408.6 v=289.2 depth=5.0000 depth2=-1.0000 track=2 sf=9 flag=init_neg
[T2depth] t=37.2840 id=85 src=motion2 u=305.2 v=437.3 depth=28.7763 depth2=-1.0000 track=2 sf=9 flag=ok
[T2depth] t=37.2840 id=86 src=motion2 u=520.9 v=292.1 depth=5.0000 depth2=-1.0000 track=2 sf=9 flag=init_neg
[T2depth] t=37.2840 id=88 src=motion2 u=281.1 v=477.8 depth=5.0000 depth2=-1.0000 track=2 sf=9 flag=init_neg
[T2depth] t=37.2840 id=89 src=motion2 u=434.7 v=469.0 depth=5.0000 depth2=-1.0000 track=2 sf=9 flag=init_neg
[T2depth] t=37.2840 id=92 src=motion2 u=551.1 v=437.2 depth=5.0000 depth2=-1.0000 track=2 sf=9 flag=init_neg
[T2depth] t=37.2840 id=93 src=motion2 u=638.0 v=426.0 depth=5.0000 depth2=-1.0000 track=2 sf=9 flag=init_neg
[T2depth] t=37.2840 id=94 src=motion2 u=598.2 v=298.1 depth=5.0000 depth2=-1.0000 track=2 sf=9 flag=init_neg
[T2depth] t=37.2840 id=96 src=motion2 u=587.7 v=331.3 depth=5.0000 depth2=-1.0000 track=2 sf=9 flag=init_neg
[T2depth] t=37.2840 id=112 src=motion2 u=480.4 v=428.4 depth=5.0000 depth2=-1.0000 track=2 sf=9 flag=init_neg
[T2depth] t=37.2840 id=197 src=motion2 u=508.1 v=472.6 depth=5.0000 depth2=-1.0000 track=2 sf=9 flag=init_neg
[T2depth] t=37.2840 id=248 src=motion2 u=356.8 v=478.4 depth=5.0000 depth2=-1.0000 track=2 sf=9 flag=init_neg
[T2depth] t=37.2840 id=529 src=motion2 u=324.1 v=461.5 depth=19.8223 depth2=-1.0000 track=2 sf=9 flag=ok
[T2depth] t=37.2840 id=3469 src=motion2 u=223.3 v=88.0 depth=0.0149 depth2=-1.0000 track=2 sf=9 flag=ok
[T2xcross] t=37.2840 id=3473 est=3.5348 svd=0.0171 rel=0.9952 track=2 sf=9
[T2depth] t=37.2840 id=3474 src=motion2 u=415.0 v=441.0 depth=5.0000 depth2=-1.0000 track=2 sf=9 flag=init_neg
[T2depth] t=37.2840 id=3477 src=motion2 u=49.0 v=182.0 depth=0.2258 depth2=-1.0000 track=2 sf=9 flag=ok
[T2depth] t=37.2840 id=3480 src=motion2 u=339.0 v=27.0 depth=5.0000 depth2=-1.0000 track=2 sf=9 flag=init_neg
[T2depth] t=37.2840 id=3483 src=motion2 u=288.0 v=91.0 depth=5.0000 depth2=-1.0000 track=2 sf=9 flag=init_neg
[T2depth] t=37.2840 id=3491 src=stereo u=163.0 v=198.0 depth=35.4709 depth2=-1.0000 track=1 sf=10 flag=ok
[T2depth] t=37.2840 id=3496 src=stereo u=448.0 v=103.0 depth=3.8972 depth2=-1.0000 track=1 sf=10 flag=ok
[T2depth] t=37.2840 id=3498 src=stereo u=94.0 v=159.0 depth=5.0000 depth2=-1.0000 track=1 sf=10 flag=init_neg
[T2depth] t=37.2840 id=3503 src=stereo u=332.0 v=120.0 depth=18.9040 depth2=-1.0000 track=1 sf=10 flag=ok
[T2gate] t=37.2840 tri=97 rej=0 xrej=0 init_replace=45 gate=0
[T2slv] t=37.2840 phase=1 init_cost=108.563 final_cost=79.9229 iters=9 term=1 slv_ms=10.2
[T2diag] t=37.2840 P=[-0.0298 0.0014 0.0028] V=[0.0104 -0.0020 0.0020] |Bas|=0.109202 |Bgs|=0.0012907 Bas=[-0.108293 0.008842 -0.010934] Bgs=[-0.0002338 -0.0011913 0.0004383] tic0=[0.1200 0.0500 -0.0200] tic1=[0.1200 -0.0500 -0.0200] td=0.00000 track=136
[E2uls] flag=1 sh_t=37.328 new_t=37.328 dP=[-0.0009 -0.0008 0.0006] |dP|=0.0013 first_dt=-1.0000
time: 37.284000, t: -0.029841 0.001444 0.002779 q: 0.999985 -0.000658 -0.005348 0.000941 
[T2depth] t=37.3840 id=3494 src=motion2 u=486.4 v=31.2 depth=0.1009 depth2=-1.0000 track=2 sf=9 flag=ok
[T2xcross] t=37.3840 id=3496 est=3.8972 svd=0.0750 rel=0.9808 track=2 sf=9
[T2xcross] t=37.3840 id=3498 est=5.0000 svd=0.3390 rel=0.9322 track=2 sf=9
[T2depth] t=37.3840 id=3499 src=motion2 u=578.0 v=140.0 depth=0.0465 depth2=-1.0000 track=2 sf=9 flag=ok
[T2depth] t=37.3840 id=3501 src=motion2 u=91.0 v=123.0 depth=0.1263 depth2=-1.0000 track=2 sf=9 flag=ok
[T2depth] t=37.3840 id=3502 src=motion2 u=331.0 v=217.0 depth=5.0000 depth2=-1.0000 track=2 sf=9 flag=init_neg
[T2xcross] t=37.3840 id=3503 est=18.9040 svd=0.0825 rel=0.9956 track=2 sf=9
[T2depth] t=37.3840 id=3520 src=stereo u=493.0 v=178.0 depth=4.2266 depth2=-1.0000 track=1 sf=10 flag=ok
[T2depth] t=37.3840 id=3524 src=stereo u=178.0 v=43.0 depth=5.0000 depth2=-1.0000 track=1 sf=10 flag=init_neg
[T2gate] t=37.3840 tri=72 rej=0 xrej=0 init_replace=2 gate=0
[T2slv] t=37.3840 phase=1 init_cost=80.5338 final_cost=79.1338 iters=9 term=1 slv_ms=5.7
[T2diag] t=37.3840 P=[-0.0296 0.0010 0.0029] V=[0.0114 -0.0032 0.0017] |Bas|=0.101327 |Bgs|=0.0014194 Bas=[-0.100639 0.007993 -0.008666] Bgs=[-0.0002948 -0.0013301 0.0003981] tic0=[0.1200 0.0500 -0.0200] tic1=[0.1200 -0.0500 -0.0200] td=0.00000 track=118
[E2uls] flag=1 sh_t=37.436 new_t=37.436 dP=[0.0020 -0.0002 0.0006] |dP|=0.0021 first_dt=-1.0000
time: 37.384000, t: -0.029584 0.001045 0.002943 q: 0.999986 -0.000540 -0.005150 0.000957 
[T2depth] t=37.4840 id=5 src=motion2 u=264.0 v=363.0 depth=5.0000 depth2=-1.0000 track=2 sf=9 flag=init_neg
[T2depth] t=37.4840 id=7 src=motion2 u=317.0 v=357.9 depth=5.0000 depth2=-1.0000 track=2 sf=9 flag=init_neg
[T2depth] t=37.4840 id=10 src=motion2 u=352.2 v=346.7 depth=5.0000 depth2=-1.0000 track=2 sf=9 flag=init_neg
[T2depth] t=37.4840 id=16 src=motion2 u=292.1 v=375.1 depth=5.0000 depth2=-1.0000 track=2 sf=9 flag=init_neg
[T2depth] t=37.4840 id=41 src=motion2 u=236.9 v=379.2 depth=5.0000 depth2=-1.0000 track=2 sf=9 flag=init_neg
[T2depth] t=37.4840 id=42 src=motion2 u=312.8 v=310.5 depth=5.0000 depth2=-1.0000 track=2 sf=9 flag=init_neg
[T2depth] t=37.4840 id=48 src=motion2 u=461.3 v=294.3 depth=5.0000 depth2=-1.0000 track=2 sf=9 flag=init_neg
[T2depth] t=37.4840 id=55 src=motion2 u=287.5 v=334.8 depth=5.0000 depth2=-1.0000 track=2 sf=9 flag=init_neg
[T2depth] t=37.4840 id=57 src=motion2 u=380.9 v=316.5 depth=5.0000 depth2=-1.0000 track=2 sf=9 flag=init_neg
[T2depth] t=37.4840 id=58 src=motion2 u=225.3 v=431.7 depth=5.0000 depth2=-1.0000 track=2 sf=9 flag=init_neg
[T2depth] t=37.4840 id=61 src=motion2 u=192.0 v=419.7 depth=5.0000 depth2=-1.0000 track=2 sf=9 flag=init_neg
[T2depth] t=37.4840 id=68 src=motion2 u=353.9 v=291.4 depth=5.0000 depth2=-1.0000 track=2 sf=9 flag=init_neg
[T2depth] t=37.4840 id=74 src=motion2 u=550.6 v=335.3 depth=5.0000 depth2=-1.0000 track=2 sf=9 flag=init_neg
[T2depth] t=37.4840 id=805 src=motion2 u=491.1 v=288.1 depth=5.0000 depth2=-1.0000 track=2 sf=9 flag=init_neg
[T2depth] t=37.4840 id=887 src=motion2 u=450.0 v=381.7 depth=5.0000 depth2=-1.0000 track=2 sf=9 flag=init_neg
[T2depth] t=37.4840 id=2123 src=motion2 u=552.0 v=279.0 depth=5.0000 depth2=-1.0000 track=2 sf=9 flag=init_neg
[T2depth] t=37.4840 id=3506 src=motion2 u=191.5 v=93.1 depth=0.0146 depth2=-1.0000 track=2 sf=9 flag=ok
[T2depth] t=37.4840 id=3513 src=motion2 u=148.0 v=101.9 depth=5.0000 depth2=-1.0000 track=2 sf=9 flag=init_neg
[T2depth] t=37.4840 id=3517 src=motion2 u=583.0 v=52.0 depth=0.0108 depth2=-1.0000 track=2 sf=9 flag=ok
[T2depth] t=37.4840 id=3518 src=motion2 u=521.0 v=99.0 depth=5.0000 depth2=-1.0000 track=2 sf=9 flag=init_neg
[T2depth] t=37.4840 id=3522 src=motion2 u=570.0 v=112.0 depth=0.0124 depth2=-1.0000 track=2 sf=9 flag=ok
[T2depth] t=37.4840 id=3523 src=motion2 u=574.0 v=14.0 depth=0.0561 depth2=-1.0000 track=2 sf=9 flag=ok
[T2depth] t=37.4840 id=3525 src=motion2 u=536.0 v=10.0 depth=5.0000 depth2=-1.0000 track=2 sf=9 flag=init_neg
[T2depth] t=37.4840 id=3534 src=stereo u=264.0 v=187.0 depth=43.8096 depth2=-1.0000 track=1 sf=10 flag=ok
[T2depth] t=37.4840 id=3537 src=stereo u=57.0 v=166.0 depth=27.1225 depth2=-1.0000 track=1 sf=10 flag=ok
[T2gate] t=37.4840 tri=75 rej=0 xrej=0 init_replace=19 gate=0
[T2slv] t=37.4840 phase=1 init_cost=322.031 final_cost=115.393 iters=9 term=1 slv_ms=11.1
[T2diag] t=37.4840 P=[-0.0306 0.0010 0.0027] V=[0.0051 -0.0022 0.0025] |Bas|=0.091193 |Bgs|=0.0014842 Bas=[-0.090812 0.004864 -0.006753] Bgs=[-0.0004051 -0.0013342 0.0005086] tic0=[0.1200 0.0500 -0.0200] tic1=[0.1200 -0.0500 -0.0200] td=0.00000 track=137
[E2uls] flag=1 sh_t=37.528 new_t=37.528 dP=[0.0032 -0.0010 0.0009] |dP|=0.0034 first_dt=-1.0000
time: 37.484000, t: -0.030631 0.001027 0.002745 q: 0.999986 -0.000760 -0.005167 0.000880 
[T2xcross] t=37.5840 id=3506 est=0.0146 svd=0.0351 rel=0.5839 track=2 sf=9
[T2xcross] t=37.5840 id=3520 est=4.2266 svd=0.0477 rel=0.9887 track=2 sf=9
[T2depth] t=37.5840 id=3528 src=motion2 u=242.8 v=127.9 depth=5.0000 depth2=-1.0000 track=2 sf=9 flag=init_neg
[T2depth] t=37.5840 id=3529 src=motion2 u=551.3 v=248.0 depth=0.6056 depth2=-1.0000 track=2 sf=9 flag=ok
[T2depth] t=37.5840 id=3531 src=motion2 u=292.3 v=128.7 depth=5.0000 depth2=-1.0000 track=2 sf=9 flag=init_neg
[T2xcross] t=37.5840 id=3534 est=43.8096 svd=0.0675 rel=0.9985 track=2 sf=9
[T2xcross] t=37.5840 id=3537 est=27.1225 svd=0.0052 rel=0.9998 track=2 sf=9
[T2depth] t=37.5840 id=3538 src=motion2 u=87.0 v=220.0 depth=5.0000 depth2=-1.0000 track=2 sf=9 flag=init_neg
[T2depth] t=37.5840 id=3541 src=motion2 u=532.0 v=164.0 depth=0.0085 depth2=-1.0000 track=2 sf=9 flag=ok
[T2depth] t=37.5840 id=108 src=stereo u=198.3 v=288.6 depth=5.0000 depth2=-1.0000 track=1 sf=10 flag=init_neg
[T2depth] t=37.5840 id=2749 src=stereo u=446.0 v=149.5 depth=3.8106 depth2=-1.0000 track=1 sf=10 flag=ok
[T2depth] t=37.5840 id=3542 src=stereo u=444.0 v=203.4 depth=3.8975 depth2=-1.0000 track=1 sf=10 flag=ok
[T2depth] t=37.5840 id=3543 src=stereo u=387.8 v=82.4 depth=3.8746 depth2=-1.0000 track=1 sf=10 flag=ok
[T2depth] t=37.5840 id=3544 src=stereo u=142.4 v=48.9 depth=5.0000 depth2=-1.0000 track=1 sf=10 flag=init_neg
[T2depth] t=37.5840 id=3545 src=stereo u=148.2 v=182.4 depth=5.0000 depth2=-1.0000 track=1 sf=10 flag=init_neg
[T2depth] t=37.5840 id=3547 src=stereo u=381.0 v=277.0 depth=5.0000 depth2=-1.0000 track=1 sf=10 flag=init_neg
[T2depth] t=37.5840 id=3551 src=stereo u=201.0 v=123.0 depth=34.5798 depth2=-1.0000 track=1 sf=10 flag=ok
[T2gate] t=37.5840 tri=87 rej=0 xrej=0 init_replace=7 gate=0
[T2slv] t=37.5840 phase=1 init_cost=103.899 final_cost=82.8702 iters=9 term=1 slv_ms=9.5
[T2diag] t=37.5840 P=[-0.0320 0.0014 0.0025] V=[0.0000 0.0005 0.0032] |Bas|=0.075882 |Bgs|=0.0013772 Bas=[-0.075579 0.002214 -0.006408] Bgs=[-0.0005248 -0.0011746 0.0004915] tic0=[0.1200 0.0500 -0.0200] tic1=[0.1200 -0.0500 -0.0200] td=0.00000 track=106
[E2uls] flag=1 sh_t=37.616 new_t=37.616 dP=[0.0023 -0.0006 0.0006] |dP|=0.0025 first_dt=-1.0000
time: 37.584000, t: -0.031996 0.001448 0.002515 q: 0.999989 -0.000468 -0.004630 0.000890 
[T2depth] t=37.6840 id=1 src=motion2 u=192.0 v=341.0 depth=0.9858 depth2=-1.0000 track=2 sf=9 flag=ok
[T2depth] t=37.6840 id=2 src=motion2 u=224.0 v=348.0 depth=0.6760 depth2=-1.0000 track=2 sf=9 flag=ok
[T2depth] t=37.6840 id=8 src=motion2 u=158.0 v=343.0 depth=0.8904 depth2=-1.0000 track=2 sf=9 flag=ok
[T2depth] t=37.6840 id=9 src=motion2 u=117.0 v=361.4 depth=0.5482 depth2=-1.0000 track=2 sf=9 flag=ok
[T2depth] t=37.6840 id=14 src=motion2 u=88.2 v=387.5 depth=0.5568 depth2=-1.0000 track=2 sf=9 flag=ok
[T2depth] t=37.6840 id=15 src=motion2 u=203.0 v=389.5 depth=0.5050 depth2=-1.0000 track=2 sf=9 flag=ok
[T2depth] t=37.6840 id=17 src=motion2 u=50.8 v=412.9 depth=0.6964 depth2=-1.0000 track=2 sf=9 flag=ok
[T2depth] t=37.6840 id=18 src=motion2 u=142.1 v=395.5 depth=0.4247 depth2=-1.0000 track=2 sf=9 flag=ok
[T2depth] t=37.6840 id=27 src=motion2 u=268.4 v=404.5 depth=0.6933 depth2=-1.0000 track=2 sf=9 flag=ok
[T2depth] t=37.6840 id=36 src=motion2 u=482.5 v=395.1 depth=0.5941 depth2=-1.0000 track=2 sf=9 flag=ok
[T2depth] t=37.6840 id=38 src=motion2 u=120.1 v=421.8 depth=0.3406 depth2=-1.0000 track=2 sf=9 flag=ok
[T2depth] t=37.6840 id=46 src=motion2 u=163.6 v=465.5 depth=0.5268 depth2=-1.0000 track=2 sf=9 flag=ok
[T2depth] t=37.6840 id=47 src=motion2 u=74.4 v=354.3 depth=0.4050 depth2=-1.0000 track=2 sf=9 flag=ok
[T2depth] t=37.6840 id=51 src=motion2 u=12.1 v=424.9 depth=0.2760 depth2=-1.0000 track=2 sf=9 flag=ok
[T2depth] t=37.6840 id=52 src=motion2 u=40.6 v=457.1 depth=0.1648 depth2=-1.0000 track=2 sf=9 flag=ok
[T2depth] t=37.6840 id=54 src=motion2 u=211.0 v=316.8 depth=0.9918 depth2=-1.0000 track=2 sf=9 flag=ok
[T2depth] t=37.6840 id=62 src=motion2 u=256.1 v=317.7 depth=0.7240 depth2=-1.0000 track=2 sf=9 flag=ok
[T2depth] t=37.6840 id=65 src=motion2 u=89.0 v=465.3 depth=3.8897 depth2=-1.0000 track=2 sf=9 flag=ok
[T2depth] t=37.6840 id=75 src=motion2 u=120.3 v=458.2 depth=0.1147 depth2=-1.0000 track=2 sf=9 flag=ok
[T2depth] t=37.6840 id=77 src=motion2 u=42.0 v=381.7 depth=0.5058 depth2=-1.0000 track=2 sf=9 flag=ok
[T2depth] t=37.6840 id=78 src=motion2 u=176.2 v=372.3 depth=0.9617 depth2=-1.0000 track=2 sf=9 flag=ok
[T2depth] t=37.6840 id=80 src=motion2 u=151.7 v=430.8 depth=0.6784 depth2=-1.0000 track=2 sf=9 flag=ok
[T2depth] t=37.6840 id=95 src=motion2 u=9.6 v=461.3 depth=0.5728 depth2=-1.0000 track=2 sf=9 flag=ok
[T2xcross] t=37.6840 id=108 est=5.0000 svd=0.8815 rel=0.8237 track=2 sf=9
[T2depth] t=37.6840 id=124 src=motion2 u=477.5 v=254.9 depth=0.4148 depth2=-1.0000 track=2 sf=9 flag=ok
[T2depth] t=37.6840 id=177 src=motion2 u=200.1 v=451.8 depth=0.4214 depth2=-1.0000 track=2 sf=9 flag=ok
[T2depth] t=37.6840 id=1809 src=motion2 u=29.4 v=322.4 depth=0.1779 depth2=-1.0000 track=2 sf=9 flag=ok
[T2depth] t=37.6840 id=2278 src=motion2 u=623.1 v=259.0 depth=0.1423 depth2=-1.0000 track=2 sf=9 flag=ok
[T2depth] t=37.6840 id=2522 src=motion2 u=522.0 v=324.1 depth=0.4573 depth2=-1.0000 track=2 sf=9 flag=ok
[T2depth] t=37.6840 id=2714 src=motion2 u=633.4 v=478.2 depth=0.1858 depth2=-1.0000 track=2 sf=9 flag=ok
[T2xcross] t=37.6840 id=2749 est=3.8106 svd=0.1653 rel=0.9566 track=2 sf=9
[T2depth] t=37.6840 id=2769 src=motion2 u=212.7 v=243.0 depth=4.6160 depth2=-1.0000 track=2 sf=9 flag=ok
[T2xcross] t=37.6840 id=3542 est=3.8975 svd=0.1283 rel=0.9671 track=2 sf=9
[T2xcross] t=37.6840 id=3544 est=5.0000 svd=0.4421 rel=0.9116 track=2 sf=9
[T2depth] t=37.6840 id=3546 src=motion2 u=130.6 v=126.1 depth=0.2418 depth2=-1.0000 track=2 sf=9 flag=ok
[T2xcross] t=37.6840 id=3547 est=5.0000 svd=1.5226 rel=0.6955 track=2 sf=9
[T2depth] t=37.6840 id=3548 src=motion2 u=591.0 v=56.0 depth=5.0000 depth2=-1.0000 track=2 sf=9 flag=init_neg
[T2depth] t=37.6840 id=3549 src=motion2 u=415.0 v=441.0 depth=1.1033 depth2=-1.0000 track=2 sf=9 flag=ok
[T2xcross] t=37.6840 id=3551 est=34.5798 svd=0.0824 rel=0.9976 track=2 sf=9
[T2depth] t=37.6840 id=3552 src=motion2 u=338.0 v=181.0 depth=0.0100 depth2=-1.0000 track=2 sf=9 flag=ok
[T2depth] t=37.6840 id=3555 src=stereo u=263.7 v=71.6 depth=31.4684 depth2=-1.0000 track=1 sf=10 flag=ok
[T2depth] t=37.6840 id=3556 src=stereo u=11.0 v=44.0 depth=37.0926 depth2=-1.0000 track=1 sf=10 flag=ok
[T2depth] t=37.6840 id=3558 src=stereo u=48.0 v=146.0 depth=46.3633 depth2=-1.0000 track=1 sf=10 flag=ok
[T2depth] t=37.6840 id=3559 src=stereo u=405.0 v=44.0 depth=3.8405 depth2=-1.0000 track=1 sf=10 flag=ok
[T2depth] t=37.6840 id=3561 src=stereo u=192.0 v=58.0 depth=5.0000 depth2=-1.0000 track=1 sf=10 flag=init_neg
[T2gate] t=37.6840 tri=99 rej=0 xrej=0 init_replace=2 gate=0
[T2slv] t=37.6840 phase=1 init_cost=102.386 final_cost=99.286 iters=9 term=1 slv_ms=8.8
[T2diag] t=37.6840 P=[-0.0325 0.0010 0.0027] V=[-0.0017 -0.0023 0.0052] |Bas|=0.063275 |Bgs|=0.0012405 Bas=[-0.062921 0.000440 -0.006674] Bgs=[-0.0005201 -0.0010341 0.0004459] tic0=[0.1200 0.0500 -0.0200] tic1=[0.1200 -0.0500 -0.0200] td=0.00000 track=125
[E2uls] flag=1 sh_t=37.716 new_t=37.716 dP=[0.0006 0.0003 0.0004] |dP|=0.0008 first_dt=-1.0000
time: 37.684000, t: -0.032536 0.001019 0.002711 q: 0.999991 -0.000224 -0.004083 0.001039 
[T2depth] t=37.7840 id=6 src=motion2 u=4.2 v=375.6 depth=4.3562 depth2=-1.0000 track=2 sf=9 flag=ok
[T2depth] t=37.7840 id=20 src=motion2 u=44.4 v=349.3 depth=5.6941 depth2=-1.0000 track=2 sf=9 flag=ok
[T2depth] t=37.7840 id=28 src=motion2 u=6.4 v=343.3 depth=7.9799 depth2=-1.0000 track=2 sf=9 flag=ok
[T2depth] t=37.7840 id=43 src=motion2 u=71.1 v=436.9 depth=31.5388 depth2=-1.0000 track=2 sf=9 flag=ok
[T2depth] t=37.7840 id=60 src=motion2 u=144.3 v=313.8 depth=68.2037 depth2=-1.0000 track=2 sf=9 flag=ok
[T2depth] t=37.7840 id=67 src=motion2 u=174.3 v=307.8 depth=5.0000 depth2=-1.0000 track=2 sf=9 flag=init_neg
[T2depth] t=37.7840 id=69 src=motion2 u=273.8 v=290.5 depth=5.0000 depth2=-1.0000 track=2 sf=9 flag=init_neg
[T2depth] t=37.7840 id=81 src=motion2 u=18.7 v=292.7 depth=7.8556 depth2=-1.0000 track=2 sf=9 flag=ok
[T2depth] t=37.7840 id=87 src=motion2 u=88.6 v=290.7 depth=6.1810 depth2=-1.0000 track=2 sf=9 flag=ok
[T2depth] t=37.7840 id=98 src=motion2 u=51.7 v=281.6 depth=14.5631 depth2=-1.0000 track=2 sf=9 flag=ok
[T2depth] t=37.7840 id=103 src=motion2 u=385.5 v=244.9 depth=5.0000 depth2=-1.0000 track=2 sf=9 flag=init_neg
[T2depth] t=37.7840 id=114 src=motion2 u=177.1 v=264.3 depth=5.0000 depth2=-1.0000 track=2 sf=9 flag=init_neg
[T2depth] t=37.7840 id=130 src=motion2 u=228.6 v=287.5 depth=31.7142 depth2=-1.0000 track=2 sf=9 flag=ok
[T2depth] t=37.7840 id=667 src=motion2 u=267.5 v=259.2 depth=5.0000 depth2=-1.0000 track=2 sf=9 flag=init_neg
[T2depth] t=37.7840 id=2076 src=motion2 u=114.0 v=331.3 depth=14.0378 depth2=-1.0000 track=2 sf=9 flag=ok
[T2depth] t=37.7840 id=3085 src=motion2 u=3.4 v=267.1 depth=1.5102 depth2=-1.0000 track=2 sf=9 flag=ok
[T2depth] t=37.7840 id=3553 src=motion2 u=249.2 v=233.0 depth=5.0000 depth2=-1.0000 track=2 sf=9 flag=init_neg
[T2xcross] t=37.7840 id=3555 est=31.4684 svd=0.0506 rel=0.9984 track=2 sf=9
[T2xcross] t=37.7840 id=3558 est=46.3633 svd=0.2336 rel=0.9950 track=2 sf=9
[T2depth] t=37.7840 id=3560 src=motion2 u=619.0 v=111.0 depth=5.0000 depth2=-1.0000 track=2 sf=9 flag=init_neg
[T2xcross] t=37.7840 id=3561 est=5.0000 svd=0.0052 rel=0.9990 track=2 sf=9
[T2depth] t=37.7840 id=3503 src=stereo u=334.1 v=122.0 depth=22.9524 depth2=-1.0000 track=1 sf=10 flag=ok
[T2depth] t=37.7840 id=3563 src=stereo u=400.7 v=9.6 depth=3.5458 depth2=-1.0000 track=1 sf=10 flag=ok
[T2depth] t=37.7840 id=3565 src=stereo u=385.8 v=215.0 depth=3.6600 depth2=-1.0000 track=1 sf=10 flag=ok
[T2depth] t=37.7840 id=3574 src=stereo u=61.0 v=37.0 depth=5.0000 depth2=-1.0000 track=1 sf=10 flag=init_neg
[T2gate] t=37.7840 tri=69 rej=0 xrej=0 init_replace=8 gate=0
[T2slv] t=37.7840 phase=1 init_cost=89.6078 final_cost=87.9937 iters=9 term=1 slv_ms=7.2
[T2diag] t=37.7840 P=[-0.0326 0.0011 0.0028] V=[-0.0048 -0.0028 0.0045] |Bas|=0.058410 |Bgs|=0.0013399 Bas=[-0.058133 -0.000220 -0.005673] Bgs=[-0.0004628 -0.0010411 0.0007052] tic0=[0.1200 0.0500 -0.0200] tic1=[0.1200 -0.0500 -0.0200] td=0.00000 track=139
[E2uls] flag=1 sh_t=37.844 new_t=37.844 dP=[-0.0003 -0.0007 0.0007] |dP|=0.0010 first_dt=-1.0000
time: 37.784000, t: -0.032563 0.001137 0.002812 q: 0.999992 -0.000304 -0.003903 0.000964 
[T2xcross] t=37.8840 id=3546 est=0.2418 svd=0.1217 rel=0.4967 track=2 sf=9
[T2xcross] t=37.8840 id=3503 est=22.9524 svd=0.2785 rel=0.9879 track=2 sf=9
[T2depth] t=37.8840 id=3564 src=motion2 u=150.9 v=281.0 depth=7.0316 depth2=-1.0000 track=2 sf=9 flag=ok
[T2depth] t=37.8840 id=3566 src=motion2 u=502.6 v=124.2 depth=0.0280 depth2=-1.0000 track=2 sf=9 flag=ok
[T2depth] t=37.8840 id=3570 src=motion2 u=293.0 v=151.0 depth=5.0000 depth2=-1.0000 track=2 sf=9 flag=init_neg
[T2depth] t=37.8840 id=3573 src=motion2 u=194.0 v=159.0 depth=0.1965 depth2=-1.0000 track=2 sf=9 flag=ok
[T2xcross] t=37.8840 id=3574 est=5.0000 svd=0.2062 rel=0.9588 track=2 sf=9
[T2depth] t=37.8840 id=3577 src=stereo u=534.1 v=103.1 depth=3.2214 depth2=-1.0000 track=1 sf=10 flag=ok
[T2depth] t=37.8840 id=3588 src=stereo u=492.0 v=32.0 depth=3.8279 depth2=-1.0000 track=1 sf=10 flag=ok
[T2gate] t=37.8840 tri=58 rej=0 xrej=0 init_replace=1 gate=0
[T2slv] t=37.8840 phase=1 init_cost=104.108 final_cost=100.017 iters=9 term=1 slv_ms=11.5
[T2diag] t=37.8840 P=[-0.0309 -0.0000 0.0032] V=[0.0024 -0.0094 0.0103] |Bas|=0.052024 |Bgs|=0.0014488 Bas=[-0.051721 -0.000532 -0.005582] Bgs=[-0.0003309 -0.0010454 0.0009468] tic0=[0.1200 0.0500 -0.0200] tic1=[0.1200 -0.0500 -0.0200] td=0.00000 track=137
[E2uls] flag=1 sh_t=37.932 new_t=37.932 dP=[-0.0023 0.0005 0.0008] |dP|=0.0025 first_dt=-1.0000
time: 37.884000, t: -0.030880 -0.000015 0.003156 q: 0.999994 -0.000528 -0.003267 0.000715 
[T2xcross] t=37.9840 id=114 est=5.0000 svd=1.8721 rel=0.6256 track=2 sf=9
[T2depth] t=37.9840 id=3575 src=motion2 u=636.1 v=396.0 depth=29.7273 depth2=-1.0000 track=2 sf=9 flag=ok
[T2depth] t=37.9840 id=3579 src=motion2 u=261.6 v=22.8 depth=5.0000 depth2=-1.0000 track=2 sf=9 flag=init_neg
[T2depth] t=37.9840 id=3580 src=motion2 u=205.9 v=244.0 depth=2.7241 depth2=-1.0000 track=2 sf=9 flag=ok
[T2depth] t=37.9840 id=3581 src=motion2 u=571.8 v=196.5 depth=5.0000 depth2=-1.0000 track=2 sf=9 flag=init_neg
[T2depth] t=37.9840 id=3582 src=motion2 u=589.6 v=128.5 depth=5.0000 depth2=-1.0000 track=2 sf=9 flag=init_neg
[T2depth] t=37.9840 id=3583 src=motion2 u=379.0 v=139.2 depth=0.3239 depth2=-1.0000 track=2 sf=9 flag=ok
[T2depth] t=37.9840 id=3584 src=motion2 u=14.0 v=125.0 depth=0.5400 depth2=-1.0000 track=2 sf=9 flag=ok
[T2depth] t=37.9840 id=3585 src=motion2 u=391.0 v=106.0 depth=5.0000 depth2=-1.0000 track=2 sf=9 flag=init_neg
[T2depth] t=37.9840 id=3586 src=motion2 u=422.0 v=58.0 depth=0.0018 depth2=-1.0000 track=2 sf=9 flag=ok
[T2depth] t=37.9840 id=3587 src=motion2 u=322.0 v=40.0 depth=0.7481 depth2=-1.0000 track=2 sf=9 flag=ok
[T2depth] t=37.9840 id=3496 src=stereo u=448.0 v=105.3 depth=3.8857 depth2=-1.0000 track=1 sf=10 flag=ok
[T2depth] t=37.9840 id=3590 src=stereo u=520.5 v=37.9 depth=3.5240 depth2=-1.0000 track=1 sf=10 flag=ok
[T2depth] t=37.9840 id=3591 src=stereo u=111.9 v=162.6 depth=5.0000 depth2=-1.0000 track=1 sf=10 flag=init_neg
[T2depth] t=37.9840 id=3593 src=stereo u=471.9 v=141.5 depth=5.0000 depth2=-1.0000 track=1 sf=10 flag=init_neg
[T2depth] t=37.9840 id=3600 src=stereo u=31.0 v=94.0 depth=26.6934 depth2=-1.0000 track=1 sf=10 flag=ok
[T2gate] t=37.9840 tri=105 rej=0 xrej=0 init_replace=6 gate=0
[T2slv] t=37.9840 phase=1 init_cost=87.9887 final_cost=85.8432 iters=9 term=1 slv_ms=3.7
[T2diag] t=37.9840 P=[-0.0288 -0.0019 0.0037] V=[0.0039 -0.0094 0.0101] |Bas|=0.047745 |Bgs|=0.0014339 Bas=[-0.047494 -0.001241 -0.004730] Bgs=[-0.0003300 -0.0010545 0.0009139] tic0=[0.1200 0.0500 -0.0200] tic1=[0.1200 -0.0500 -0.0200] td=0.00000 track=94
[E2uls] flag=1 sh_t=38.036 new_t=38.036 dP=[-0.0016 0.0006 0.0014] |dP|=0.0022 first_dt=-1.0000
time: 37.984000, t: -0.028802 -0.001935 0.003684 q: 0.999996 -0.000496 -0.002844 0.000688 
[T2xcross] t=38.0840 id=36 est=0.5941 svd=30.1022 rel=0.9803 track=3 sf=8
[T2xcross] t=38.0840 id=2076 est=14.0378 svd=29.6328 rel=0.5263 track=3 sf=8
[T2depth] t=38.0840 id=3 src=motion2 u=617.0 v=372.5 depth=50.4610 depth2=-1.0000 track=2 sf=9 flag=ok
[T2depth] t=38.0840 id=4 src=motion2 u=385.8 v=387.8 depth=27.9032 depth2=-1.0000 track=2 sf=9 flag=ok
[T2depth] t=38.0840 id=11 src=motion2 u=398.8 v=342.5 depth=18.1220 depth2=-1.0000 track=2 sf=9 flag=ok
[T2depth] t=38.0840 id=13 src=motion2 u=540.2 v=375.6 depth=18.5717 depth2=-1.0000 track=2 sf=9 flag=ok
[T2depth] t=38.0840 id=19 src=motion2 u=455.9 v=349.5 depth=15.3834 depth2=-1.0000 track=2 sf=9 flag=ok
[T2depth] t=38.0840 id=21 src=motion2 u=580.1 v=365.5 depth=24.4365 depth2=-1.0000 track=2 sf=9 flag=ok
[T2depth] t=38.0840 id=23 src=motion2 u=505.2 v=361.5 depth=19.3761 depth2=-1.0000 track=2 sf=9 flag=ok
[T2depth] t=38.0840 id=24 src=motion2 u=567.9 v=409.7 depth=30.5750 depth2=-1.0000 track=2 sf=9 flag=ok
[T2depth] t=38.0840 id=30 src=motion2 u=637.4 v=346.3 depth=37.0927 depth2=-1.0000 track=2 sf=9 flag=ok
[T2depth] t=38.0840 id=32 src=motion2 u=433.8 v=407.7 depth=18.4512 depth2=-1.0000 track=2 sf=9 flag=ok
[T2depth] t=38.0840 id=33 src=motion2 u=326.3 v=412.9 depth=12.8317 depth2=-1.0000 track=2 sf=9 flag=ok
[T2depth] t=38.0840 id=35 src=motion2 u=225.4 v=469.4 depth=15.4345 depth2=-1.0000 track=2 sf=9 flag=ok
[T2depth] t=38.0840 id=37 src=motion2 u=262.9 v=451.3 depth=18.5232 depth2=-1.0000 track=2 sf=9 flag=ok
[T2depth] t=38.0840 id=39 src=motion2 u=614.4 v=452.1 depth=28.5036 depth2=-1.0000 track=2 sf=9 flag=ok
[T2depth] t=38.0840 id=40 src=motion2 u=618.7 v=320.1 depth=20.7048 depth2=-1.0000 track=2 sf=9 flag=ok
[T2depth] t=38.0840 id=44 src=motion2 u=610.1 v=410.7 depth=28.9546 depth2=-1.0000 track=2 sf=9 flag=ok
[T2depth] t=38.0840 id=45 src=motion2 u=350.0 v=390.8 depth=14.2406 depth2=-1.0000 track=2 sf=9 flag=ok
[T2depth] t=38.0840 id=50 src=motion2 u=525.9 v=411.7 depth=35.7490 depth2=-1.0000 track=2 sf=9 flag=ok
[T2depth] t=38.0840 id=53 src=motion2 u=511.2 v=439.2 depth=26.6456 depth2=-1.0000 track=2 sf=9 flag=ok
[T2depth] t=38.0840 id=56 src=motion2 u=385.5 v=434.0 depth=5.0000 depth2=-1.0000 track=2 sf=9 flag=init_neg
[T2depth] t=38.0840 id=59 src=motion2 u=580.3 v=454.7 depth=25.9980 depth2=-1.0000 track=2 sf=9 flag=ok
[T2depth] t=38.0840 id=63 src=motion2 u=566.9 v=307.1 depth=36.0688 depth2=-1.0000 track=2 sf=9 flag=ok
[T2depth] t=38.0840 id=66 src=motion2 u=477.7 v=476.1 depth=10.3834 depth2=-1.0000 track=2 sf=9 flag=ok
[T2depth] t=38.0840 id=70 src=motion2 u=484.6 v=323.3 depth=16.9531 depth2=-1.0000 track=2 sf=9 flag=ok
[T2depth] t=38.0840 id=71 src=motion2 u=395.4 v=464.6 depth=33.5078 depth2=-1.0000 track=2 sf=9 flag=ok
[T2depth] t=38.0840 id=72 src=motion2 u=538.7 v=473.2 depth=45.7099 depth2=-1.0000 track=2 sf=9 flag=ok
[T2depth] t=38.0840 id=73 src=motion2 u=444.9 v=436.9 depth=11.7200 depth2=-1.0000 track=2 sf=9 flag=ok
[T2depth] t=38.0840 id=76 src=motion2 u=434.1 v=324.3 depth=11.5819 depth2=-1.0000 track=2 sf=9 flag=ok
[T2depth] t=38.0840 id=79 src=motion2 u=350.0 v=445.4 depth=17.3807 depth2=-1.0000 track=2 sf=9 flag=ok
[T2depth] t=38.0840 id=82 src=motion2 u=633.8 v=293.1 depth=31.7627 depth2=-1.0000 track=2 sf=9 flag=ok
[T2depth] t=38.0840 id=83 src=motion2 u=417.7 v=381.7 depth=23.1290 depth2=-1.0000 track=2 sf=9 flag=ok
[T2depth] t=38.0840 id=84 src=motion2 u=408.7 v=289.1 depth=5.9277 depth2=-1.0000 track=2 sf=9 flag=ok
[T2depth] t=38.0840 id=85 src=motion2 u=305.1 v=436.9 depth=17.5959 depth2=-1.0000 track=2 sf=9 flag=ok
[T2depth] t=38.0840 id=86 src=motion2 u=520.9 v=292.1 depth=8.4387 depth2=-1.0000 track=2 sf=9 flag=ok
[T2depth] t=38.0840 id=88 src=motion2 u=281.0 v=477.4 depth=19.8302 depth2=-1.0000 track=2 sf=9 flag=ok
[T2depth] t=38.0840 id=89 src=motion2 u=434.7 v=468.6 depth=12.8509 depth2=-1.0000 track=2 sf=9 flag=ok
[T2depth] t=38.0840 id=92 src=motion2 u=551.1 v=436.9 depth=31.8238 depth2=-1.0000 track=2 sf=9 flag=ok
[T2depth] t=38.0840 id=93 src=motion2 u=638.0 v=425.7 depth=21.5309 depth2=-1.0000 track=2 sf=9 flag=ok
[T2depth] t=38.0840 id=94 src=motion2 u=598.2 v=298.1 depth=55.3595 depth2=-1.0000 track=2 sf=9 flag=ok
[T2depth] t=38.0840 id=96 src=motion2 u=587.7 v=331.2 depth=24.1339 depth2=-1.0000 track=2 sf=9 flag=ok
[T2depth] t=38.0840 id=99 src=motion2 u=302.3 v=279.3 depth=4.3525 depth2=-1.0000 track=2 sf=9 flag=ok
[T2depth] t=38.0840 id=112 src=motion2 u=480.4 v=428.1 depth=25.8547 depth2=-1.0000 track=2 sf=9 flag=ok
[T2depth] t=38.0840 id=197 src=motion2 u=508.0 v=472.2 depth=28.4457 depth2=-1.0000 track=2 sf=9 flag=ok
[T2depth] t=38.0840 id=529 src=motion2 u=324.2 v=461.0 depth=15.4938 depth2=-1.0000 track=2 sf=9 flag=ok
[T2xcross] t=38.0840 id=3496 est=3.8857 svd=0.2784 rel=0.9283 track=2 sf=9
[T2xcross] t=38.0840 id=3591 est=5.0000 svd=0.0690 rel=0.9862 track=2 sf=9
[T2depth] t=38.0840 id=3592 src=motion2 u=149.1 v=196.7 depth=5.0000 depth2=-1.0000 track=2 sf=9 flag=init_neg
[T2depth] t=38.0840 id=3596 src=motion2 u=468.0 v=204.0 depth=0.0326 depth2=-1.0000 track=2 sf=9 flag=ok
[T2depth] t=38.0840 id=3597 src=motion2 u=348.0 v=70.0 depth=0.1488 depth2=-1.0000 track=2 sf=9 flag=ok
[T2depth] t=38.0840 id=3598 src=motion2 u=3.0 v=209.0 depth=0.2182 depth2=-1.0000 track=2 sf=9 flag=ok
[T2depth] t=38.0840 id=3612 src=stereo u=393.0 v=193.0 depth=3.3903 depth2=-1.0000 track=1 sf=10 flag=ok
[T2gate] t=38.0840 tri=102 rej=0 xrej=0 init_replace=2 gate=0
[T2slv] t=38.0840 phase=1 init_cost=95.9095 final_cost=88.2996 iters=9 term=1 slv_ms=17.1
[T2diag] t=38.0840 P=[-0.0290 -0.0013 0.0044] V=[0.0085 -0.0053 0.0096] |Bas|=0.037879 |Bgs|=0.0013641 Bas=[-0.036380 -0.009918 -0.003603] Bgs=[-0.0001103 -0.0010509 0.0008626] tic0=[0.1200 0.0500 -0.0200] tic1=[0.1200 -0.0500 -0.0200] td=0.00000 track=137
[E2uls] flag=1 sh_t=38.132 new_t=38.132 dP=[0.0013 -0.0023 0.0010] |dP|=0.0029 first_dt=-1.0000
time: 38.084000, t: -0.029012 -0.001315 0.004422 q: 0.999997 -0.000296 -0.002280 0.000855 
[T2depth] t=38.1880 id=3609 src=motion2 u=630.8 v=11.8 depth=5.0000 depth2=-1.0000 track=2 sf=9 flag=init_neg
[T2depth] t=38.1880 id=3611 src=motion2 u=626.0 v=74.0 depth=5.0000 depth2=-1.0000 track=2 sf=9 flag=init_neg
[T2xcross] t=38.1880 id=3612 est=3.3903 svd=0.1978 rel=0.9416 track=2 sf=9
[T2depth] t=38.1880 id=3614 src=motion2 u=355.0 v=126.0 depth=0.1866 depth2=-1.0000 track=2 sf=9 flag=ok
[T2depth] t=38.1880 id=3616 src=motion2 u=277.0 v=69.0 depth=5.0000 depth2=-1.0000 track=2 sf=9 flag=init_neg
[T2depth] t=38.1880 id=3617 src=motion2 u=553.0 v=119.0 depth=5.0000 depth2=-1.0000 track=2 sf=9 flag=init_neg
[T2depth] t=38.1880 id=3618 src=motion2 u=285.0 v=29.0 depth=0.1837 depth2=-1.0000 track=2 sf=9 flag=ok
[T2depth] t=38.1880 id=3621 src=stereo u=538.9 v=63.7 depth=3.3283 depth2=-1.0000 track=1 sf=10 flag=ok
[T2depth] t=38.1880 id=3624 src=stereo u=535.0 v=218.0 depth=4.0277 depth2=-1.0000 track=1 sf=10 flag=ok
[T2depth] t=38.1880 id=3631 src=stereo u=561.0 v=151.0 depth=26.9659 depth2=-1.0000 track=1 sf=10 flag=ok
[T2gate] t=38.1880 tri=66 rej=0 xrej=0 init_replace=4 gate=0
[T2slv] t=38.1880 phase=1 init_cost=64936.5 final_cost=205.835 iters=9 term=1 slv_ms=14.2
[T2diag] t=38.1880 P=[-0.0309 0.0003 0.0041] V=[0.0020 -0.0036 0.0049] |Bas|=0.029703 |Bgs|=0.0012542 Bas=[-0.023407 -0.018283 0.000270] Bgs=[-0.0001252 -0.0009058 0.0008584] tic0=[0.1200 0.0500 -0.0200] tic1=[0.1200 -0.0500 -0.0200] td=0.00000 track=133
[E2uls] flag=1 sh_t=38.240 new_t=38.240 dP=[0.0036 -0.0030 0.0024] |dP|=0.0053 first_dt=-1.0000
time: 38.188000, t: -0.030862 0.000342 0.004112 q: 0.999998 0.000092 -0.001909 0.000928 
[T2depth] t=38.2840 id=16 src=motion2 u=292.0 v=374.8 depth=11.6017 depth2=-1.0000 track=2 sf=9 flag=ok
[T2depth] t=38.2840 id=58 src=motion2 u=225.2 v=431.2 depth=5.6012 depth2=-1.0000 track=2 sf=9 flag=ok
[T2depth] t=38.2840 id=61 src=motion2 u=192.0 v=419.3 depth=8.8613 depth2=-1.0000 track=2 sf=9 flag=ok
[T2depth] t=38.2840 id=805 src=motion2 u=491.3 v=288.1 depth=3.2757 depth2=-1.0000 track=2 sf=9 flag=ok
[T2depth] t=38.2840 id=887 src=motion2 u=450.0 v=381.4 depth=6.4123 depth2=-1.0000 track=2 sf=9 flag=ok
[T2depth] t=38.2840 id=3620 src=motion2 u=480.0 v=130.3 depth=5.0000 depth2=-1.0000 track=2 sf=9 flag=init_neg
[T2depth] t=38.2840 id=3623 src=motion2 u=346.0 v=178.0 depth=5.0000 depth2=-1.0000 track=2 sf=9 flag=init_neg
[T2depth] t=38.2840 id=3625 src=motion2 u=564.0 v=196.0 depth=0.0704 depth2=-1.0000 track=2 sf=9 flag=ok
[T2depth] t=38.2840 id=36 src=stereo u=482.5 v=394.8 depth=5.0000 depth2=-1.0000 track=1 sf=10 flag=init_neg
[T2depth] t=38.2840 id=80 src=stereo u=151.7 v=430.3 depth=5.0000 depth2=-1.0000 track=1 sf=10 flag=init_neg
[T2depth] t=38.2840 id=3547 src=stereo u=381.3 v=277.0 depth=5.0000 depth2=-1.0000 track=1 sf=10 flag=init_neg
[T2depth] t=38.2840 id=3641 src=stereo u=327.3 v=100.8 depth=21.5129 depth2=-1.0000 track=1 sf=10 flag=ok
[T2depth] t=38.2840 id=3642 src=stereo u=500.0 v=97.4 depth=3.9034 depth2=-1.0000 track=1 sf=10 flag=ok
[T2depth] t=38.2840 id=3645 src=stereo u=212.0 v=130.0 depth=5.0000 depth2=-1.0000 track=1 sf=10 flag=init_neg
[T2depth] t=38.2840 id=3647 src=stereo u=212.0 v=77.0 depth=5.0000 depth2=-1.0000 track=1 sf=10 flag=init_neg
[T2depth] t=38.2840 id=3648 src=stereo u=540.0 v=26.0 depth=3.5070 depth2=-1.0000 track=1 sf=10 flag=ok
[T2depth] t=38.2840 id=3650 src=stereo u=410.0 v=185.0 depth=3.6237 depth2=-1.0000 track=1 sf=10 flag=ok
[T2gate] t=38.2840 tri=93 rej=0 xrej=0 init_replace=7 gate=0
[T2slv] t=38.2840 phase=1 init_cost=100.312 final_cost=95.3852 iters=9 term=1 slv_ms=20.4
[T2diag] t=38.2840 P=[-0.0302 0.0018 0.0044] V=[0.0055 0.0013 0.0052] |Bas|=0.032953 |Bgs|=0.0014598 Bas=[-0.002346 -0.032851 0.001115] Bgs=[-0.0000283 -0.0010438 0.0010202] tic0=[0.1200 0.0500 -0.0200] tic1=[0.1200 -0.0500 -0.0200] td=0.00000 track=108
[E2uls] flag=1 sh_t=38.324 new_t=38.324 dP=[-0.0003 -0.0021 0.0006] |dP|=0.0022 first_dt=-1.0000
time: 38.284000, t: -0.030213 0.001781 0.004397 q: 0.999999 0.000794 -0.000662 0.000814 
[T2xcross] t=38.3840 id=3624 est=4.0277 svd=0.1387 rel=0.9656 track=2 sf=9
[T2depth] t=38.3840 id=5 src=motion2 u=264.1 v=362.7 depth=5.0000 depth2=-1.0000 track=2 sf=9 flag=init_neg
[T2depth] t=38.3840 id=7 src=motion2 u=317.0 v=357.7 depth=5.0000 depth2=-1.0000 track=2 sf=9 flag=init_neg
[T2depth] t=38.3840 id=8 src=motion2 u=158.2 v=342.7 depth=5.0000 depth2=-1.0000 track=2 sf=9 flag=init_neg
[T2depth] t=38.3840 id=10 src=motion2 u=352.2 v=346.5 depth=5.0000 depth2=-1.0000 track=2 sf=9 flag=init_neg
[T2depth] t=38.3840 id=15 src=motion2 u=203.1 v=389.1 depth=5.0000 depth2=-1.0000 track=2 sf=9 flag=init_neg
[T2depth] t=38.3840 id=20 src=motion2 u=44.3 v=348.8 depth=5.0000 depth2=-1.0000 track=2 sf=9 flag=init_neg
[T2depth] t=38.3840 id=41 src=motion2 u=236.9 v=378.9 depth=5.0000 depth2=-1.0000 track=2 sf=9 flag=init_neg
[T2depth] t=38.3840 id=54 src=motion2 u=211.1 v=316.6 depth=5.0000 depth2=-1.0000 track=2 sf=9 flag=init_neg
[T2depth] t=38.3840 id=57 src=motion2 u=381.0 v=316.4 depth=5.0000 depth2=-1.0000 track=2 sf=9 flag=init_neg
[T2depth] t=38.3840 id=65 src=motion2 u=89.0 v=464.6 depth=5.0000 depth2=-1.0000 track=2 sf=9 flag=init_neg
[T2depth] t=38.3840 id=67 src=motion2 u=174.3 v=307.5 depth=5.0000 depth2=-1.0000 track=2 sf=9 flag=init_neg
[T2depth] t=38.3840 id=68 src=motion2 u=354.1 v=291.3 depth=5.0000 depth2=-1.0000 track=2 sf=9 flag=init_neg
[T2depth] t=38.3840 id=69 src=motion2 u=273.8 v=290.4 depth=5.0000 depth2=-1.0000 track=2 sf=9 flag=init_neg
[T2depth] t=38.3840 id=98 src=motion2 u=51.7 v=281.4 depth=5.0000 depth2=-1.0000 track=2 sf=9 flag=init_neg
[T2depth] t=38.3840 id=108 src=motion2 u=198.3 v=288.4 depth=5.0000 depth2=-1.0000 track=2 sf=9 flag=init_neg
[T2depth] t=38.3840 id=124 src=motion2 u=476.5 v=255.0 depth=5.0000 depth2=-1.0000 track=2 sf=9 flag=init_neg
[T2depth] t=38.3840 id=130 src=motion2 u=228.5 v=287.4 depth=5.0000 depth2=-1.0000 track=2 sf=9 flag=init_neg
[T2depth] t=38.3840 id=2076 src=motion2 u=114.1 v=331.0 depth=5.0000 depth2=-1.0000 track=2 sf=9 flag=init_neg
[T2depth] t=38.3840 id=2522 src=motion2 u=522.0 v=323.9 depth=5.0000 depth2=-1.0000 track=2 sf=9 flag=init_neg
[T2depth] t=38.3840 id=3553 src=motion2 u=247.7 v=233.0 depth=5.0000 depth2=-1.0000 track=2 sf=9 flag=init_neg
[T2depth] t=38.3840 id=3575 src=motion2 u=636.0 v=396.0 depth=5.0000 depth2=-1.0000 track=2 sf=9 flag=init_neg
[T2depth] t=38.3840 id=3632 src=motion2 u=593.8 v=162.9 depth=5.0000 depth2=-1.0000 track=2 sf=9 flag=init_neg
[T2depth] t=38.3840 id=3634 src=motion2 u=56.5 v=75.6 depth=0.1335 depth2=-1.0000 track=2 sf=9 flag=ok
[T2depth] t=38.3840 id=3635 src=motion2 u=79.5 v=170.0 depth=5.0000 depth2=-1.0000 track=2 sf=9 flag=init_neg
[T2depth] t=38.3840 id=3638 src=motion2 u=222.9 v=178.4 depth=0.0503 depth2=-1.0000 track=2 sf=9 flag=ok
[T2depth] t=38.3840 id=3639 src=motion2 u=248.2 v=30.7 depth=5.0000 depth2=-1.0000 track=2 sf=9 flag=init_neg
[T2depth] t=38.3840 id=3643 src=motion2 u=446.0 v=127.0 depth=5.0000 depth2=-1.0000 track=2 sf=9 flag=init_neg
[T2xcross] t=38.3840 id=3645 est=5.0000 svd=0.0642 rel=0.9872 track=2 sf=9
[T2depth] t=38.3840 id=3646 src=motion2 u=126.0 v=188.0 depth=5.0000 depth2=-1.0000 track=2 sf=9 flag=init_neg
[T2xcross] t=38.3840 id=3647 est=5.0000 svd=0.0697 rel=0.9861 track=2 sf=9
[T2depth] t=38.3840 id=3649 src=motion2 u=422.0 v=147.0 depth=0.0914 depth2=-1.0000 track=2 sf=9 flag=ok
[T2xcross] t=38.3840 id=3650 est=3.6237 svd=0.0164 rel=0.9955 track=2 sf=9
[T2depth] t=38.3840 id=3652 src=motion2 u=93.0 v=120.0 depth=5.0000 depth2=-1.0000 track=2 sf=9 flag=init_neg
[T2depth] t=38.3840 id=3654 src=stereo u=407.3 v=96.8 depth=4.1992 depth2=-1.0000 track=1 sf=10 flag=ok
[T2depth] t=38.3840 id=3658 src=stereo u=448.0 v=66.0 depth=3.8896 depth2=-1.0000 track=1 sf=10 flag=ok
[T2depth] t=38.3840 id=3662 src=stereo u=556.0 v=43.0 depth=5.0000 depth2=-1.0000 track=1 sf=10 flag=init_neg
[T2depth] t=38.3840 id=3663 src=stereo u=387.0 v=29.0 depth=3.2968 depth2=-1.0000 track=1 sf=10 flag=ok
[T2gate] t=38.3840 tri=80 rej=0 xrej=0 init_replace=28 gate=0
[T2slv] t=38.3840 phase=1 init_cost=454.61 final_cost=104.161 iters=9 term=1 slv_ms=9.4
[T2diag] t=38.3840 P=[-0.0302 -0.0002 0.0044] V=[0.0085 -0.0052 0.0033] |Bas|=0.053749 |Bgs|=0.0013317 Bas=[0.018426 -0.050424 0.002602] Bgs=[0.0000019 -0.0010520 0.0008166] tic0=[0.1200 0.0500 -0.0200] tic1=[0.1200 -0.0500 -0.0200] td=0.00000 track=140
[E2uls] flag=1 sh_t=38.444 new_t=38.444 dP=[0.0016 0.0020 0.0010] |dP|=0.0027 first_dt=-1.0000
time: 38.384000, t: -0.030175 -0.000214 0.004410 q: 0.999998 0.001780 0.000168 0.000879 
[T2depth] t=38.4840 id=2278 src=motion2 u=620.0 v=258.9 depth=0.3365 depth2=-1.0000 track=2 sf=9 flag=ok
[T2xcross] t=38.4840 id=3654 est=4.1992 svd=0.0138 rel=0.9967 track=2 sf=9
[T2depth] t=38.4840 id=3655 src=motion2 u=223.8 v=213.1 depth=5.0000 depth2=-1.0000 track=2 sf=9 flag=init_neg
[T2depth] t=38.4840 id=3657 src=motion2 u=149.6 v=11.1 depth=5.0000 depth2=-1.0000 track=2 sf=9 flag=init_neg
[T2depth] t=38.4840 id=3661 src=motion2 u=151.0 v=119.0 depth=5.0000 depth2=-1.0000 track=2 sf=9 flag=init_neg
[T2depth] t=38.4840 id=3671 src=stereo u=361.0 v=39.0 depth=3.8319 depth2=-1.0000 track=1 sf=10 flag=ok
[T2gate] t=38.4840 tri=58 rej=0 xrej=0 init_replace=3 gate=0
[T2slv] t=38.4840 phase=1 init_cost=140.341 final_cost=136.043 iters=9 term=1 slv_ms=11.9
[T2diag] t=38.4840 P=[-0.0315 0.0006 0.0039] V=[0.0055 -0.0001 -0.0029] |Bas|=0.081950 |Bgs|=0.0013746 Bas=[0.040788 -0.070975 0.003826] Bgs=[0.0001012 -0.0011329 0.0007719] tic0=[0.1200 0.0500 -0.0200] tic1=[0.1200 -0.0500 -0.0200] td=0.00000 track=135
[E2uls] flag=1 sh_t=38.544 new_t=38.544 dP=[0.0031 -0.0021 0.0007] |dP|=0.0039 first_dt=-1.0000
time: 38.484000, t: -0.031501 0.000613 0.003907 q: 0.999995 0.002828 0.001248 0.000774 
[T2xcross] t=38.5840 id=2278 est=0.3365 svd=0.0236 rel=0.9298 track=2 sf=9
[T2xcross] t=38.5840 id=3657 est=5.0000 svd=0.0911 rel=0.9818 track=2 sf=9
[T2xcross] t=38.5840 id=3658 est=3.8896 svd=0.1086 rel=0.9721 track=2 sf=9
[T2depth] t=38.5840 id=2 src=motion2 u=224.0 v=347.7 depth=5.0000 depth2=-1.0000 track=2 sf=9 flag=init_neg
[T2depth] t=38.5840 id=6 src=motion2 u=4.2 v=375.2 depth=14.8828 depth2=-1.0000 track=2 sf=9 flag=ok
[T2depth] t=38.5840 id=38 src=motion2 u=120.2 v=421.3 depth=5.0000 depth2=-1.0000 track=2 sf=9 flag=init_neg
[T2depth] t=38.5840 id=47 src=motion2 u=74.3 v=353.9 depth=5.0000 depth2=-1.0000 track=2 sf=9 flag=init_neg
[T2depth] t=38.5840 id=3668 src=motion2 u=22.0 v=20.0 depth=5.0000 depth2=-1.0000 track=2 sf=9 flag=init_neg
[T2depth] t=38.5840 id=3670 src=motion2 u=415.0 v=433.0 depth=5.0000 depth2=-1.0000 track=2 sf=9 flag=init_neg
[T2depth] t=38.5840 id=3677 src=stereo u=437.0 v=210.0 depth=3.8965 depth2=-1.0000 track=1 sf=10 flag=ok
[T2depth] t=38.5840 id=3679 src=stereo u=374.1 v=171.5 depth=3.7209 depth2=-1.0000 track=1 sf=10 flag=ok
[T2depth] t=38.5840 id=3684 src=stereo u=319.0 v=111.0 depth=5.0000 depth2=-1.0000 track=1 sf=10 flag=init_neg
[T2depth] t=38.5840 id=3686 src=stereo u=520.0 v=98.0 depth=3.3034 depth2=-1.0000 track=1 sf=10 flag=ok
[T2depth] t=38.5840 id=3692 src=stereo u=201.0 v=60.0 depth=5.0000 depth2=-1.0000 track=1 sf=10 flag=init_neg
[T2gate] t=38.5840 tri=90 rej=0 xrej=0 init_replace=7 gate=0
[T2slv] t=38.5840 phase=1 init_cost=105.947 final_cost=103.001 iters=9 term=1 slv_ms=12.8
[T2diag] t=38.5840 P=[-0.0341 0.0021 0.0045] V=[0.0003 -0.0008 -0.0020] |Bas|=0.111731 |Bgs|=0.0014142 Bas=[0.063049 -0.092180 0.003383] Bgs=[0.0001165 -0.0011422 0.0008258] tic0=[0.1200 0.0500 -0.0200] tic1=[0.1200 -0.0500 -0.0200] td=0.00000 track=111
[E2uls] flag=1 sh_t=38.636 new_t=38.636 dP=[0.0036 -0.0018 -0.0011] |dP|=0.0042 first_dt=-1.0000
time: 38.584000, t: -0.034066 0.002065 0.004470 q: 0.999988 0.004200 0.002445 0.000607 
[T2xcross] t=38.6840 id=3513 est=5.0000 svd=0.0080 rel=0.9984 track=3 sf=5
[T2xcross] t=38.6840 id=3671 est=3.8319 svd=0.0141 rel=0.9963 track=2 sf=8
[T2depth] t=38.6840 id=1 src=motion2 u=192.1 v=340.7 depth=5.0000 depth2=-1.0000 track=2 sf=9 flag=init_neg
[T2depth] t=38.6840 id=9 src=motion2 u=117.0 v=361.0 depth=5.0000 depth2=-1.0000 track=2 sf=9 flag=init_neg
[T2depth] t=38.6840 id=14 src=motion2 u=88.2 v=387.1 depth=5.0000 depth2=-1.0000 track=2 sf=9 flag=init_neg
[T2depth] t=38.6840 id=17 src=motion2 u=50.9 v=412.4 depth=5.0000 depth2=-1.0000 track=2 sf=9 flag=init_neg
[T2depth] t=38.6840 id=18 src=motion2 u=142.1 v=395.2 depth=5.0000 depth2=-1.0000 track=2 sf=9 flag=init_neg
[T2depth] t=38.6840 id=27 src=motion2 u=268.3 v=404.1 depth=5.0000 depth2=-1.0000 track=2 sf=9 flag=init_neg
[T2depth] t=38.6840 id=28 src=motion2 u=6.4 v=342.9 depth=5.0000 depth2=-1.0000 track=2 sf=9 flag=init_neg
[T2depth] t=38.6840 id=43 src=motion2 u=71.1 v=436.4 depth=5.0000 depth2=-1.0000 track=2 sf=9 flag=init_neg
[T2depth] t=38.6840 id=46 src=motion2 u=163.6 v=464.9 depth=5.0000 depth2=-1.0000 track=2 sf=9 flag=init_neg
[T2depth] t=38.6840 id=51 src=motion2 u=12.1 v=424.4 depth=5.0000 depth2=-1.0000 track=2 sf=9 flag=init_neg
[T2depth] t=38.6840 id=52 src=motion2 u=40.5 v=456.5 depth=5.0000 depth2=-1.0000 track=2 sf=9 flag=init_neg
[T2depth] t=38.6840 id=60 src=motion2 u=144.3 v=313.6 depth=5.0000 depth2=-1.0000 track=2 sf=9 flag=init_neg
[T2depth] t=38.6840 id=62 src=motion2 u=256.0 v=317.6 depth=5.0000 depth2=-1.0000 track=2 sf=9 flag=init_neg
[T2depth] t=38.6840 id=74 src=motion2 u=550.6 v=335.3 depth=0.1273 depth2=-1.0000 track=2 sf=9 flag=ok
[T2depth] t=38.6840 id=75 src=motion2 u=120.3 v=457.6 depth=5.0000 depth2=-1.0000 track=2 sf=9 flag=init_neg
[T2depth] t=38.6840 id=77 src=motion2 u=42.0 v=381.3 depth=5.0000 depth2=-1.0000 track=2 sf=9 flag=init_neg
[T2depth] t=38.6840 id=78 src=motion2 u=176.2 v=371.9 depth=5.0000 depth2=-1.0000 track=2 sf=9 flag=init_neg
[T2depth] t=38.6840 id=81 src=motion2 u=18.6 v=292.6 depth=5.0000 depth2=-1.0000 track=2 sf=9 flag=init_neg
[T2depth] t=38.6840 id=87 src=motion2 u=88.4 v=290.5 depth=5.0000 depth2=-1.0000 track=2 sf=9 flag=init_neg
[T2depth] t=38.6840 id=95 src=motion2 u=9.5 v=460.7 depth=5.0000 depth2=-1.0000 track=2 sf=9 flag=init_neg
[T2depth] t=38.6840 id=177 src=motion2 u=200.0 v=451.4 depth=5.0000 depth2=-1.0000 track=2 sf=9 flag=init_neg
[T2depth] t=38.6840 id=667 src=motion2 u=267.9 v=259.1 depth=5.0000 depth2=-1.0000 track=2 sf=9 flag=init_neg
[T2depth] t=38.6840 id=1790 src=motion2 u=126.3 v=245.0 depth=5.0000 depth2=-1.0000 track=2 sf=9 flag=init_neg
[T2depth] t=38.6840 id=1809 src=motion2 u=29.5 v=322.1 depth=5.0000 depth2=-1.0000 track=2 sf=9 flag=init_neg
[T2xcross] t=38.6840 id=3677 est=3.8965 svd=0.1486 rel=0.9619 track=2 sf=9
[T2depth] t=38.6840 id=3681 src=motion2 u=318.8 v=199.5 depth=5.0000 depth2=-1.0000 track=2 sf=9 flag=init_neg
[T2xcross] t=38.6840 id=3684 est=5.0000 svd=0.0291 rel=0.9942 track=2 sf=9
[T2depth] t=38.6840 id=3685 src=motion2 u=75.0 v=172.0 depth=0.0593 depth2=-1.0000 track=2 sf=9 flag=ok
[T2depth] t=38.6840 id=3689 src=motion2 u=565.0 v=208.0 depth=0.0272 depth2=-1.0000 track=2 sf=9 flag=ok
[T2depth] t=38.6840 id=3690 src=motion2 u=513.0 v=211.0 depth=0.1575 depth2=-1.0000 track=2 sf=9 flag=ok
[T2depth] t=38.6840 id=3696 src=stereo u=197.6 v=28.9 depth=5.0000 depth2=-1.0000 track=1 sf=10 flag=init_neg
[T2depth] t=38.6840 id=3697 src=stereo u=435.0 v=158.5 depth=3.8134 depth2=-1.0000 track=1 sf=10 flag=ok
[T2depth] t=38.6840 id=3698 src=stereo u=436.0 v=77.3 depth=3.8940 depth2=-1.0000 track=1 sf=10 flag=ok
[T2gate] t=38.6840 tri=92 rej=0 xrej=0 init_replace=25 gate=0
[T2slv] t=38.6840 phase=1 init_cost=165.087 final_cost=127.69 iters=9 term=1 slv_ms=4.3
[T2diag] t=38.6840 P=[-0.0306 -0.0001 0.0038] V=[0.0024 -0.0002 -0.0007] |Bas|=0.114518 |Bgs|=0.0011702 Bas=[0.063919 -0.095004 0.001736] Bgs=[0.0000740 -0.0010299 0.0005506] tic0=[0.1200 0.0500 -0.0200] tic1=[0.1200 -0.0500 -0.0200] td=0.00000 track=134
[E2uls] flag=1 sh_t=38.740 new_t=38.740 dP=[-0.0031 0.0020 -0.0001] |dP|=0.0037 first_dt=-1.0000
time: 38.684000, t: -0.030640 -0.000147 0.003771 q: 0.999989 0.004062 0.002325 0.000834 
[T2xcross] t=38.7840 id=36 est=5.0000 svd=0.4890 rel=0.9022 track=3 sf=8
[T2xcross] t=38.7840 id=3547 est=5.0000 svd=0.4330 rel=0.9134 track=3 sf=8
[T2xcross] t=38.7840 id=3553 est=5.0000 svd=0.0109 rel=0.9978 track=3 sf=8
[T2xcross] t=38.7840 id=1790 est=5.0000 svd=0.0031 rel=0.9994 track=2 sf=9
[T2depth] t=38.7840 id=3580 src=motion2 u=205.4 v=244.0 depth=5.0000 depth2=-1.0000 track=2 sf=9 flag=init_neg
[T2depth] t=38.7840 id=3693 src=motion2 u=446.0 v=125.9 depth=5.0000 depth2=-1.0000 track=2 sf=9 flag=init_neg
[T2depth] t=38.7840 id=3694 src=motion2 u=492.1 v=73.6 depth=0.0324 depth2=-1.0000 track=2 sf=9 flag=ok
[T2xcross] t=38.7840 id=3698 est=3.8940 svd=0.0640 rel=0.9836 track=2 sf=9
[T2depth] t=38.7840 id=3700 src=motion2 u=30.9 v=59.8 depth=0.0766 depth2=-1.0000 track=2 sf=9 flag=ok
[T2depth] t=38.7840 id=3703 src=motion2 u=29.0 v=169.0 depth=5.0000 depth2=-1.0000 track=2 sf=9 flag=init_neg
[T2depth] t=38.7840 id=3704 src=motion2 u=255.0 v=155.0 depth=5.0000 depth2=-1.0000 track=2 sf=9 flag=init_neg
[T2depth] t=38.7840 id=3705 src=motion2 u=168.0 v=185.0 depth=5.0000 depth2=-1.0000 track=2 sf=9 flag=init_neg
[T2depth] t=38.7840 id=3710 src=stereo u=549.6 v=137.2 depth=5.0000 depth2=-1.0000 track=1 sf=10 flag=init_neg
[T2depth] t=38.7840 id=3717 src=stereo u=515.0 v=97.0 depth=4.6651 depth2=-1.0000 track=1 sf=10 flag=ok
[T2depth] t=38.7840 id=3722 src=stereo u=344.0 v=39.0 depth=20.8027 depth2=-1.0000 track=1 sf=10 flag=ok
[T2gate] t=38.7840 tri=77 rej=0 xrej=0 init_replace=6 gate=0
[T2slv] t=38.7840 phase=1 init_cost=116.128 final_cost=109.383 iters=9 term=1 slv_ms=7.0
[T2diag] t=38.7840 P=[-0.0304 -0.0003 0.0039] V=[0.0034 -0.0005 0.0007] |Bas|=0.116163 |Bgs|=0.0011282 Bas=[0.064012 -0.096933 0.000563] Bgs=[-0.0000560 -0.0010295 0.0004580] tic0=[0.1200 0.0500 -0.0200] tic1=[0.1200 -0.0500 -0.0200] td=0.00000 track=128
[E2uls] flag=1 sh_t=38.828 new_t=38.828 dP=[0.0002 0.0004 -0.0007] |dP|=0.0008 first_dt=-1.0000
time: 38.784000, t: -0.030353 -0.000307 0.003919 q: 0.999988 0.004220 0.002355 0.000829 
[T2xcross] t=38.8840 id=3697 est=3.8134 svd=0.0253 rel=0.9934 track=2 sf=9
[T2depth] t=38.8840 id=33 src=motion2 u=326.2 v=413.0 depth=0.9803 depth2=-1.0000 track=2 sf=9 flag=ok
[T2depth] t=38.8840 id=35 src=motion2 u=225.4 v=469.5 depth=3.1626 depth2=-1.0000 track=2 sf=9 flag=ok
[T2depth] t=38.8840 id=37 src=motion2 u=262.9 v=451.4 depth=1.7582 depth2=-1.0000 track=2 sf=9 flag=ok
[T2depth] t=38.8840 id=50 src=motion2 u=525.9 v=411.8 depth=0.4795 depth2=-1.0000 track=2 sf=9 flag=ok
[T2depth] t=38.8840 id=79 src=motion2 u=349.8 v=445.5 depth=0.9231 depth2=-1.0000 track=2 sf=9 flag=ok
[T2depth] t=38.8840 id=85 src=motion2 u=305.2 v=436.9 depth=1.1232 depth2=-1.0000 track=2 sf=9 flag=ok
[T2depth] t=38.8840 id=88 src=motion2 u=281.0 v=477.4 depth=4.4104 depth2=-1.0000 track=2 sf=9 flag=ok
[T2depth] t=38.8840 id=99 src=motion2 u=302.2 v=279.3 depth=5.0000 depth2=-1.0000 track=2 sf=9 flag=init_neg
[T2depth] t=38.8840 id=529 src=motion2 u=324.2 v=461.0 depth=0.8937 depth2=-1.0000 track=2 sf=9 flag=ok
[T2depth] t=38.8840 id=3712 src=motion2 u=586.8 v=65.7 depth=0.0404 depth2=-1.0000 track=2 sf=9 flag=ok
[T2depth] t=38.8840 id=3713 src=motion2 u=499.7 v=213.3 depth=5.0000 depth2=-1.0000 track=2 sf=9 flag=init_neg
[T2depth] t=38.8840 id=3714 src=motion2 u=113.0 v=191.0 depth=0.0444 depth2=-1.0000 track=2 sf=9 flag=ok
[T2depth] t=38.8840 id=3716 src=motion2 u=6.0 v=264.0 depth=0.3971 depth2=-1.0000 track=2 sf=9 flag=ok
[T2depth] t=38.8840 id=3719 src=motion2 u=390.0 v=22.0 depth=5.0000 depth2=-1.0000 track=2 sf=9 flag=init_neg
[T2depth] t=38.8840 id=3724 src=stereo u=389.0 v=151.4 depth=4.3831 depth2=-1.0000 track=1 sf=10 flag=ok
[T2depth] t=38.8840 id=3726 src=stereo u=240.6 v=56.0 depth=5.0000 depth2=-1.0000 track=1 sf=10 flag=init_neg
[T2depth] t=38.8840 id=3728 src=stereo u=567.0 v=147.0 depth=31.0421 depth2=-1.0000 track=1 sf=10 flag=ok
[T2depth] t=38.8840 id=3729 src=stereo u=501.0 v=113.0 depth=4.1539 depth2=-1.0000 track=1 sf=10 flag=ok
[T2depth] t=38.8840 id=3731 src=stereo u=82.0 v=115.0 depth=21.1105 depth2=-1.0000 track=1 sf=10 flag=ok
[T2depth] t=38.8840 id=3734 src=stereo u=58.0 v=92.0 depth=5.0000 depth2=-1.0000 track=1 sf=10 flag=init_neg
[T2gate] t=38.8840 tri=74 rej=0 xrej=0 init_replace=5 gate=0
[T2slv] t=38.8840 phase=1 init_cost=925.396 final_cost=128.322 iters=9 term=1 slv_ms=17.0
[T2diag] t=38.8840 P=[-0.0306 0.0013 0.0032] V=[0.0017 0.0013 0.0018] |Bas|=0.127148 |Bgs|=0.0011368 Bas=[0.063176 -0.110341 0.000599] Bgs=[-0.0000099 -0.0009168 0.0006722] tic0=[0.1200 0.0500 -0.0200] tic1=[0.1200 -0.0500 -0.0200] td=0.00000 track=137
[E2uls] flag=1 sh_t=38.936 new_t=38.936 dP=[0.0011 -0.0020 0.0008] |dP|=0.0024 first_dt=-1.0000
time: 38.884000, t: -0.030597 0.001259 0.003218 q: 0.999985 0.005061 0.002203 0.000432 
[T2xcross] t=38.9840 id=3367 est=3.8992 svd=0.0007 rel=0.9998 track=2 sf=1
[T2xcross] t=38.9840 id=3694 est=0.0324 svd=0.0167 rel=0.4859 track=2 sf=9
[T2depth] t=38.9840 id=3725 src=motion2 u=317.2 v=15.7 depth=5.0000 depth2=-1.0000 track=2 sf=9 flag=init_neg
[T2depth] t=38.9840 id=3727 src=motion2 u=53.0 v=218.0 depth=0.0097 depth2=-1.0000 track=2 sf=9 flag=ok
[T2xcross] t=38.9840 id=3729 est=4.1539 svd=0.0126 rel=0.9970 track=2 sf=9
[T2depth] t=38.9840 id=3733 src=motion2 u=165.0 v=47.0 depth=0.0130 depth2=-1.0000 track=2 sf=9 flag=ok
[T2depth] t=38.9840 id=3735 src=motion2 u=617.0 v=87.0 depth=5.0000 depth2=-1.0000 track=2 sf=9 flag=init_neg
[T2gate] t=38.9840 tri=59 rej=0 xrej=0 init_replace=2 gate=0
[T2slv] t=38.9840 phase=1 init_cost=117.299 final_cost=110.531 iters=9 term=1 slv_ms=6.0
[T2diag] t=38.9840 P=[-0.0309 0.0015 0.0034] V=[0.0000 0.0010 0.0015] |Bas|=0.130032 |Bgs|=0.0011572 Bas=[0.063323 -0.113571 0.000310] Bgs=[0.0001559 -0.0009139 0.0006926] tic0=[0.1200 0.0500 -0.0200] tic1=[0.1200 -0.0500 -0.0200] td=0.00000 track=140
[E2uls] flag=1 sh_t=39.052 new_t=39.052 dP=[0.0008 -0.0006 -0.0004] |dP|=0.0011 first_dt=-1.0000
time: 38.984000, t: -0.030860 0.001521 0.003406 q: 0.999984 0.005106 0.002285 0.000365 
[T2xcross] t=39.0840 id=3714 est=0.0444 svd=0.0054 rel=0.8791 track=2 sf=9
[T2depth] t=39.0840 id=42 src=motion2 u=312.8 v=310.4 depth=0.0372 depth2=-1.0000 track=2 sf=9 flag=ok
[T2depth] t=39.0840 id=48 src=motion2 u=461.4 v=294.2 depth=0.1038 depth2=-1.0000 track=2 sf=9 flag=ok
[T2depth] t=39.0840 id=55 src=motion2 u=287.5 v=334.6 depth=0.0416 depth2=-1.0000 track=2 sf=9 flag=ok
[T2depth] t=39.0840 id=3597 src=motion2 u=338.8 v=76.2 depth=5.0000 depth2=-1.0000 track=2 sf=9 flag=init_neg
[T2depth] t=39.0840 id=3736 src=motion2 u=298.3 v=65.1 depth=5.0000 depth2=-1.0000 track=2 sf=9 flag=init_neg
[T2depth] t=39.0840 id=3742 src=motion2 u=566.0 v=79.0 depth=5.0000 depth2=-1.0000 track=2 sf=9 flag=init_neg
[T2depth] t=39.0840 id=3743 src=stereo u=388.1 v=88.5 depth=3.8944 depth2=-1.0000 track=1 sf=10 flag=ok
[T2depth] t=39.0840 id=3745 src=stereo u=20.1 v=189.6 depth=5.0000 depth2=-1.0000 track=1 sf=10 flag=init_neg
[T2depth] t=39.0840 id=3747 src=stereo u=414.0 v=246.0 depth=2.4404 depth2=-1.0000 track=1 sf=10 flag=ok
[T2depth] t=39.0840 id=3751 src=stereo u=261.0 v=22.0 depth=32.9942 depth2=-1.0000 track=1 sf=10 flag=ok
[T2gate] t=39.0840 tri=62 rej=0 xrej=0 init_replace=4 gate=0
[T2slv] t=39.0840 phase=1 init_cost=158.042 final_cost=113.619 iters=9 term=1 slv_ms=5.7
[T2diag] t=39.0840 P=[-0.0311 0.0018 0.0033] V=[0.0015 0.0032 -0.0003] |Bas|=0.133530 |Bgs|=0.0010645 Bas=[0.064385 -0.116982 -0.000064] Bgs=[0.0002576 -0.0008339 0.0006095] tic0=[0.1200 0.0500 -0.0200] tic1=[0.1200 -0.0500 -0.0200] td=0.00000 track=140
[E2uls] flag=1 sh_t=39.116 new_t=39.116 dP=[0.0004 -0.0003 -0.0000] |dP|=0.0005 first_dt=-1.0000
time: 39.084000, t: -0.031065 0.001783 0.003331 q: 0.999984 0.005206 0.002340 0.000340 
[T2xcross] t=39.1840 id=3713 est=5.0000 svd=0.0279 rel=0.9944 track=2 sf=9
[T2xcross] t=39.1840 id=3719 est=5.0000 svd=0.0991 rel=0.9802 track=2 sf=9
[T2xcross] t=39.1840 id=3725 est=5.0000 svd=0.0006 rel=0.9999 track=2 sf=9
[T2depth] t=39.1840 id=3746 src=motion2 u=109.9 v=153.8 depth=0.0181 depth2=-1.0000 track=2 sf=9 flag=ok
[T2depth] t=39.1840 id=3749 src=motion2 u=341.0 v=42.0 depth=0.0054 depth2=-1.0000 track=2 sf=9 flag=ok
[T2depth] t=39.1840 id=3752 src=motion2 u=557.0 v=23.0 depth=5.0000 depth2=-1.0000 track=2 sf=9 flag=init_neg
[T2depth] t=39.1840 id=3753 src=motion2 u=160.0 v=157.0 depth=5.0000 depth2=-1.0000 track=2 sf=9 flag=init_neg
[T2depth] t=39.1840 id=3755 src=stereo u=305.2 v=195.7 depth=44.3245 depth2=-1.0000 track=1 sf=10 flag=ok
[T2depth] t=39.1840 id=3756 src=stereo u=471.1 v=182.9 depth=3.4803 depth2=-1.0000 track=1 sf=10 flag=ok
[T2depth] t=39.1840 id=3758 src=stereo u=196.8 v=93.0 depth=44.4172 depth2=-1.0000 track=1 sf=10 flag=ok
[T2depth] t=39.1840 id=3761 src=stereo u=149.2 v=6.1 depth=23.1341 depth2=-1.0000 track=1 sf=10 flag=ok
[T2gate] t=39.1840 tri=61 rej=0 xrej=0 init_replace=2 gate=0
[T2slv] t=39.1840 phase=1 init_cost=114.007 final_cost=110.98 iters=9 term=1 slv_ms=7.0
[T2diag] t=39.1840 P=[-0.0301 0.0014 0.0026] V=[0.0013 0.0009 0.0009] |Bas|=0.142796 |Bgs|=0.0009339 Bas=[0.066701 -0.126259 0.000440] Bgs=[0.0002808 -0.0007145 0.0005319] tic0=[0.1200 0.0500 -0.0200] tic1=[0.1200 -0.0500 -0.0200] td=0.00000 track=137
[E2uls] flag=1 sh_t=39.232 new_t=39.232 dP=[-0.0004 0.0006 0.0010] |dP|=0.0013 first_dt=-1.0000
time: 39.184000, t: -0.030131 0.001407 0.002642 q: 0.999982 0.005581 0.002153 0.000451 
[T2xcross] t=39.2840 id=3733 est=0.0130 svd=0.0961 rel=0.8645 track=2 sf=9
[T2xcross] t=39.2840 id=3746 est=0.0181 svd=0.0243 rel=0.2541 track=2 sf=9
[T2depth] t=39.2840 id=84 src=motion2 u=408.6 v=289.2 depth=0.0756 depth2=-1.0000 track=2 sf=9 flag=ok
[T2xcross] t=39.2840 id=3755 est=44.3245 svd=0.1153 rel=0.9974 track=2 sf=9
[T2depth] t=39.2840 id=3762 src=motion2 u=227.1 v=126.4 depth=5.0000 depth2=-1.0000 track=2 sf=9 flag=init_neg
[T2depth] t=39.2840 id=3764 src=motion2 u=619.0 v=20.0 depth=0.0222 depth2=-1.0000 track=2 sf=9 flag=ok
[T2depth] t=39.2840 id=3767 src=motion2 u=374.0 v=142.0 depth=5.0000 depth2=-1.0000 track=2 sf=9 flag=init_neg
[T2depth] t=39.2840 id=3770 src=stereo u=129.5 v=72.3 depth=5.0000 depth2=-1.0000 track=1 sf=10 flag=init_neg
[T2gate] t=39.2840 tri=64 rej=0 xrej=0 init_replace=3 gate=0
[T2slv] t=39.2840 phase=1 init_cost=123.637 final_cost=111.56 iters=9 term=1 slv_ms=12.9
[T2diag] t=39.2840 P=[-0.0299 0.0013 0.0027] V=[0.0038 0.0038 0.0011] |Bas|=0.157287 |Bgs|=0.0008697 Bas=[0.071927 -0.139874 0.000975] Bgs=[0.0002831 -0.0007039 0.0004253] tic0=[0.1200 0.0500 -0.0200] tic1=[0.1200 -0.0500 -0.0200] td=0.00000 track=137
[E2uls] flag=1 sh_t=39.328 new_t=39.328 dP=[0.0003 0.0001 0.0004] |dP|=0.0005 first_dt=-1.0000
time: 39.284000, t: -0.029937 0.001283 0.002682 q: 0.999978 0.006161 0.002502 0.000405 
[T2xcross] t=39.4160 id=3747 est=2.4404 svd=1.0029 rel=0.5890 track=2 sf=9
[T2xcross] t=39.4160 id=3753 est=5.0000 svd=0.1323 rel=0.9735 track=2 sf=9
[T2depth] t=39.4160 id=103 src=motion2 u=383.8 v=244.9 depth=3.2535 depth2=-1.0000 track=2 sf=9 flag=ok
[T2depth] t=39.4160 id=3772 src=motion2 u=350.1 v=477.1 depth=1.9840 depth2=-1.0000 track=2 sf=9 flag=ok
[T2depth] t=39.4160 id=3777 src=motion2 u=473.0 v=145.0 depth=0.1666 depth2=-1.0000 track=2 sf=9 flag=ok
[T2depth] t=39.4160 id=3778 src=motion2 u=45.0 v=145.0 depth=0.1973 depth2=-1.0000 track=2 sf=9 flag=ok
[T2depth] t=39.4160 id=3787 src=stereo u=22.3 v=173.8 depth=15.0702 depth2=-1.0000 track=1 sf=10 flag=ok
[T2gate] t=39.4160 tri=68 rej=0 xrej=0 init_replace=0 gate=0
[T2slv] t=39.4160 phase=1 init_cost=116.722 final_cost=112.045 iters=9 term=1 slv_ms=14.2
[T2diag] t=39.4160 P=[-0.0299 0.0012 0.0026] V=[0.0026 0.0033 -0.0000] |Bas|=0.174284 |Bgs|=0.0007506 Bas=[0.077290 -0.156194 0.002123] Bgs=[0.0002502 -0.0006532 0.0002724] tic0=[0.1200 0.0500 -0.0200] tic1=[0.1200 -0.0500 -0.0200] td=0.00000 track=136
[E2uls] flag=1 sh_t=39.492 new_t=39.492 dP=[0.0011 0.0017 0.0008] |dP|=0.0022 first_dt=-1.0000
time: 39.416000, t: -0.029863 0.001208 0.002621 q: 0.999971 0.007113 0.002716 0.000460 
[T2xcross] t=39.5520 id=3777 est=0.1666 svd=5.2066 rel=0.9680 track=2 sf=9
[T2depth] t=39.5520 id=3782 src=motion2 u=50.4 v=72.8 depth=0.0759 depth2=-1.0000 track=2 sf=9 flag=ok
[T2depth] t=39.5520 id=3786 src=motion2 u=200.9 v=65.2 depth=5.0000 depth2=-1.0000 track=2 sf=9 flag=init_neg
[T2xcross] t=39.5520 id=3787 est=15.0702 svd=0.0492 rel=0.9967 track=2 sf=9
[T2depth] t=39.5520 id=3789 src=motion2 u=339.9 v=227.4 depth=5.0000 depth2=-1.0000 track=2 sf=9 flag=init_neg
[T2depth] t=39.5520 id=3805 src=stereo u=201.0 v=120.0 depth=5.0000 depth2=-1.0000 track=1 sf=10 flag=init_neg
[T2gate] t=39.5520 tri=66 rej=0 xrej=0 init_replace=3 gate=0
[T2slv] t=39.5520 phase=1 init_cost=119.763 final_cost=113.082 iters=9 term=1 slv_ms=11.2
[T2diag] t=39.5520 P=[-0.0298 0.0013 0.0026] V=[0.0011 0.0035 0.0008] |Bas|=0.178368 |Bgs|=0.0007533 Bas=[0.078037 -0.160373 0.002431] Bgs=[0.0002295 -0.0006673 0.0002637] tic0=[0.1200 0.0500 -0.0200] tic1=[0.1200 -0.0500 -0.0200] td=0.00000 track=139
[E2uls] flag=1 sh_t=39.592 new_t=39.592 dP=[0.0007 0.0010 0.0002] |dP|=0.0012 first_dt=-1.0000
time: 39.552000, t: -0.029805 0.001338 0.002578 q: 0.999969 0.007441 0.002631 0.000526 
[T2depth] t=39.6840 id=3797 src=motion2 u=414.9 v=441.0 depth=0.8277 depth2=-1.0000 track=2 sf=9 flag=ok
[T2depth] t=39.6840 id=3798 src=motion2 u=18.8 v=75.9 depth=0.1223 depth2=-1.0000 track=2 sf=9 flag=ok
[T2depth] t=39.6840 id=3803 src=motion2 u=551.0 v=236.0 depth=0.1050 depth2=-1.0000 track=2 sf=9 flag=ok
[T2depth] t=39.6840 id=3804 src=motion2 u=505.0 v=7.0 depth=0.1361 depth2=-1.0000 track=2 sf=9 flag=ok
[T2depth] t=39.6840 id=3806 src=motion2 u=562.0 v=207.0 depth=0.1640 depth2=-1.0000 track=2 sf=9 flag=ok
[T2depth] t=39.6840 id=3807 src=motion2 u=107.0 v=204.0 depth=5.0000 depth2=-1.0000 track=2 sf=9 flag=init_neg
[T2depth] t=39.6840 id=3810 src=stereo u=462.1 v=99.3 depth=3.5617 depth2=-1.0000 track=1 sf=10 flag=ok
[T2depth] t=39.6840 id=3817 src=stereo u=423.0 v=109.0 depth=4.1499 depth2=-1.0000 track=1 sf=10 flag=ok
[T2depth] t=39.6840 id=3818 src=stereo u=516.0 v=99.0 depth=3.5276 depth2=-1.0000 track=1 sf=10 flag=ok
[T2depth] t=39.6840 id=3819 src=stereo u=497.0 v=46.0 depth=3.9281 depth2=-1.0000 track=1 sf=10 flag=ok
[T2gate] t=39.6840 tri=65 rej=0 xrej=0 init_replace=1 gate=0
[T2slv] t=39.6840 phase=1 init_cost=118.788 final_cost=114.948 iters=9 term=1 slv_ms=5.4
[T2diag] t=39.6840 P=[-0.0298 0.0018 0.0029] V=[0.0025 0.0065 0.0044] |Bas|=0.182252 |Bgs|=0.0008523 Bas=[0.078184 -0.164607 0.002734] Bgs=[0.0001482 -0.0007961 0.0002657] tic0=[0.1200 0.0500 -0.0200] tic1=[0.1200 -0.0500 -0.0200] td=0.00000 track=137
[E2uls] flag=1 sh_t=39.716 new_t=39.716 dP=[0.0002 0.0007 0.0002] |dP|=0.0007 first_dt=-1.0000
time: 39.684000, t: -0.029791 0.001768 0.002866 q: 0.999969 0.007485 0.002604 0.000405 
[T2depth] t=39.7840 id=3809 src=motion2 u=37.9 v=243.0 depth=0.2152 depth2=-1.0000 track=2 sf=9 flag=ok
[T2depth] t=39.7840 id=3811 src=motion2 u=508.2 v=130.9 depth=0.3841 depth2=-1.0000 track=2 sf=9 flag=ok
[T2depth] t=39.7840 id=3813 src=motion2 u=239.6 v=105.8 depth=5.0000 depth2=-1.0000 track=2 sf=9 flag=init_neg
[T2depth] t=39.7840 id=3816 src=motion2 u=604.7 v=123.7 depth=5.0000 depth2=-1.0000 track=2 sf=9 flag=init_neg
[T2xcross] t=39.7840 id=3817 est=4.1499 svd=0.0188 rel=0.9955 track=2 sf=9
[T2depth] t=39.7840 id=3820 src=motion2 u=347.0 v=49.0 depth=5.0000 depth2=-1.0000 track=2 sf=9 flag=init_neg
[T2depth] t=39.7840 id=3822 src=motion2 u=540.0 v=75.0 depth=0.1415 depth2=-1.0000 track=2 sf=9 flag=ok
[T2depth] t=39.7840 id=3824 src=stereo u=143.6 v=22.8 depth=39.2298 depth2=-1.0000 track=1 sf=10 flag=ok
[T2gate] t=39.7840 tri=60 rej=0 xrej=0 init_replace=3 gate=0
[T2slv] t=39.7840 phase=1 init_cost=121.483 final_cost=117.77 iters=9 term=1 slv_ms=4.4
[T2diag] t=39.7840 P=[-0.0298 0.0014 0.0040] V=[0.0048 0.0046 0.0061] |Bas|=0.185614 |Bgs|=0.0009824 Bas=[0.077896 -0.168466 0.002074] Bgs=[0.0000248 -0.0009599 0.0002074] tic0=[0.1200 0.0500 -0.0200] tic1=[0.1200 -0.0500 -0.0200] td=0.00000 track=141
[E2uls] flag=1 sh_t=39.844 new_t=39.844 dP=[0.0002 0.0021 -0.0005] |dP|=0.0022 first_dt=-1.0000
time: 39.784000, t: -0.029757 0.001414 0.004026 q: 0.999966 0.007669 0.002917 0.000544 
[T2xcross] t=39.8840 id=3810 est=3.5617 svd=0.2485 rel=0.9302 track=2 sf=9
[T2xcross] t=39.8840 id=3813 est=5.0000 svd=0.0840 rel=0.9832 track=2 sf=9
[T2depth] t=39.8840 id=3823 src=motion2 u=539.2 v=41.0 depth=0.0989 depth2=-1.0000 track=2 sf=9 flag=ok
[T2depth] t=39.8840 id=3832 src=motion2 u=28.0 v=38.0 depth=0.2009 depth2=-1.0000 track=2 sf=9 flag=ok
[T2gate] t=39.8840 tri=62 rej=0 xrej=0 init_replace=0 gate=0
[T2slv] t=39.8840 phase=1 init_cost=135.637 final_cost=123.871 iters=9 term=1 slv_ms=13.4
[T2diag] t=39.8840 P=[-0.0285 -0.0002 0.0041] V=[0.0059 0.0020 0.0021] |Bas|=0.190699 |Bgs|=0.0009943 Bas=[0.075905 -0.174908 0.003413] Bgs=[-0.0001446 -0.0009777 0.0001090] tic0=[0.1200 0.0500 -0.0200] tic1=[0.1200 -0.0500 -0.0200] td=0.00000 track=138
[E2uls] flag=1 sh_t=39.924 new_t=39.924 dP=[-0.0005 0.0026 0.0010] |dP|=0.0029 first_dt=-1.0000
time: 39.884000, t: -0.028532 -0.000187 0.004101 q: 0.999963 0.008120 0.002783 0.000851 
[T2depth] t=39.9840 id=3836 src=motion2 u=214.0 v=209.6 depth=0.0013 depth2=-1.0000 track=2 sf=9 flag=ok
[T2depth] t=39.9840 id=3837 src=motion2 u=381.5 v=165.1 depth=5.0000 depth2=-1.0000 track=2 sf=9 flag=init_neg
[T2depth] t=39.9840 id=3843 src=motion2 u=76.9 v=226.5 depth=5.0000 depth2=-1.0000 track=2 sf=9 flag=init_neg
[T2depth] t=39.9840 id=3844 src=motion2 u=473.7 v=153.2 depth=0.1553 depth2=-1.0000 track=2 sf=9 flag=ok
[T2depth] t=39.9840 id=3845 src=motion2 u=151.2 v=282.0 depth=5.0000 depth2=-1.0000 track=2 sf=9 flag=init_neg
[T2depth] t=39.9840 id=3846 src=motion2 u=588.0 v=157.0 depth=5.0000 depth2=-1.0000 track=2 sf=9 flag=init_neg
[T2depth] t=39.9840 id=3847 src=motion2 u=422.0 v=208.0 depth=0.0219 depth2=-1.0000 track=2 sf=9 flag=ok
[T2depth] t=39.9840 id=3849 src=stereo u=61.0 v=66.9 depth=5.0000 depth2=-1.0000 track=1 sf=10 flag=init_neg
[T2depth] t=39.9840 id=3856 src=stereo u=381.0 v=277.0 depth=5.0000 depth2=-1.0000 track=1 sf=10 flag=init_neg
[T2depth] t=39.9840 id=3857 src=stereo u=310.0 v=67.0 depth=5.0000 depth2=-1.0000 track=1 sf=10 flag=init_neg
[T2gate] t=39.9840 tri=64 rej=0 xrej=0 init_replace=7 gate=0
[T2slv] t=39.9840 phase=1 init_cost=128.874 final_cost=124.002 iters=9 term=1 slv_ms=11.2
[T2diag] t=39.9840 P=[-0.0281 -0.0018 0.0040] V=[0.0092 0.0040 0.0030] |Bas|=0.199649 |Bgs|=0.0009915 Bas=[0.072918 -0.185837 0.002669] Bgs=[-0.0000788 -0.0009878 0.0000316] tic0=[0.1200 0.0500 -0.0200] tic1=[0.1200 -0.0500 -0.0200] td=0.00000 track=140
[E2uls] flag=1 sh_t=40.036 new_t=40.036 dP=[0.0006 0.0020 -0.0001] |dP|=0.0021 first_dt=-1.0000
time: 39.984000, t: -0.028110 -0.001832 0.004032 q: 0.999959 0.008651 0.002458 0.001190 
[T2depth] t=40.1160 id=49 src=motion2 u=60.7 v=310.7 depth=1.3023 depth2=-1.0000 track=2 sf=9 flag=ok
[T2depth] t=40.1160 id=3848 src=motion2 u=172.6 v=194.4 depth=0.1366 depth2=-1.0000 track=2 sf=9 flag=ok
[T2xcross] t=40.1160 id=3849 est=5.0000 svd=0.0470 rel=0.9906 track=2 sf=9
[T2depth] t=40.1160 id=3852 src=motion2 u=42.1 v=183.6 depth=0.0098 depth2=-1.0000 track=2 sf=9 flag=ok
[T2xcross] t=40.1160 id=3856 est=5.0000 svd=3.2578 rel=0.3484 track=2 sf=9
[T2depth] t=40.1160 id=3865 src=stereo u=407.0 v=149.0 depth=3.9606 depth2=-1.0000 track=1 sf=10 flag=ok
[T2depth] t=40.1160 id=3868 src=stereo u=65.0 v=159.0 depth=29.9603 depth2=-1.0000 track=1 sf=10 flag=ok
[T2depth] t=40.1160 id=3873 src=stereo u=424.0 v=216.0 depth=4.1504 depth2=-1.0000 track=1 sf=10 flag=ok
[T2gate] t=40.1160 tri=61 rej=0 xrej=0 init_replace=0 gate=0
[T2slv] t=40.1160 phase=1 init_cost=123.924 final_cost=119.254 iters=9 term=1 slv_ms=18.6
[T2diag] t=40.1160 P=[-0.0278 -0.0012 0.0045] V=[0.0117 0.0083 0.0052] |Bas|=0.213600 |Bgs|=0.0010183 Bas=[0.074014 -0.200353 0.002299] Bgs=[-0.0000269 -0.0010142 0.0000872] tic0=[0.1200 0.0500 -0.0200] tic1=[0.1200 -0.0500 -0.0200] td=0.00000 track=138
[E2uls] flag=1 sh_t=40.160 new_t=40.160 dP=[0.0014 0.0004 -0.0001] |dP|=0.0014 first_dt=-1.0000
time: 40.116000, t: -0.027750 -0.001169 0.004509 q: 0.999951 0.009464 0.002792 0.001112 
[T2xcross] t=40.2480 id=3823 est=0.0989 svd=0.5852 rel=0.8311 track=2 sf=9
[T2depth] t=40.2480 id=3863 src=motion2 u=155.0 v=83.0 depth=0.0296 depth2=-1.0000 track=2 sf=9 flag=ok
[T2depth] t=40.2480 id=3867 src=motion2 u=344.0 v=216.0 depth=0.3389 depth2=-1.0000 track=2 sf=9 flag=ok
[T2xcross] t=40.2480 id=3868 est=29.9603 svd=0.1397 rel=0.9953 track=2 sf=9
[T2depth] t=40.2480 id=3870 src=motion2 u=130.0 v=123.0 depth=5.0000 depth2=-1.0000 track=2 sf=9 flag=init_neg
[T2depth] t=40.2480 id=3877 src=stereo u=39.6 v=13.9 depth=20.9250 depth2=-1.0000 track=1 sf=10 flag=ok
[T2depth] t=40.2480 id=3880 src=stereo u=198.9 v=113.5 depth=40.6567 depth2=-1.0000 track=1 sf=10 flag=ok
[T2depth] t=40.2480 id=3881 src=stereo u=474.8 v=202.2 depth=3.5496 depth2=-1.0000 track=1 sf=10 flag=ok
[T2gate] t=40.2480 tri=64 rej=0 xrej=0 init_replace=1 gate=0
[T2slv] t=40.2480 phase=1 init_cost=122.725 final_cost=119.613 iters=9 term=1 slv_ms=19.7
[T2diag] t=40.2480 P=[-0.0276 -0.0003 0.0048] V=[0.0110 0.0050 0.0063] |Bas|=0.224728 |Bgs|=0.0009568 Bas=[0.071219 -0.213129 0.002499] Bgs=[-0.0000125 -0.0009426 0.0001640] tic0=[0.1200 0.0500 -0.0200] tic1=[0.1200 -0.0500 -0.0200] td=0.00000 track=137
[E2uls] flag=1 sh_t=40.300 new_t=40.300 dP=[0.0024 0.0008 0.0009] |dP|=0.0027 first_dt=-1.0000
time: 40.248000, t: -0.027606 -0.000334 0.004801 q: 0.999944 0.010156 0.002705 0.001011 
[T2xcross] t=40.3520 id=3846 est=5.0000 svd=0.2612 rel=0.9478 track=2 sf=9
[T2depth] t=40.3520 id=3875 src=motion2 u=620.4 v=210.0 depth=0.1616 depth2=-1.0000 track=2 sf=9 flag=ok
[T2depth] t=40.3520 id=3876 src=motion2 u=491.9 v=70.3 depth=0.1814 depth2=-1.0000 track=2 sf=9 flag=ok
[T2xcross] t=40.3520 id=3877 est=20.9250 svd=0.1043 rel=0.9950 track=2 sf=9
[T2depth] t=40.3520 id=3883 src=motion2 u=97.0 v=25.0 depth=5.0000 depth2=-1.0000 track=2 sf=9 flag=init_neg
[T2depth] t=40.3520 id=3884 src=motion2 u=370.0 v=144.0 depth=0.0572 depth2=-1.0000 track=2 sf=9 flag=ok
[T2depth] t=40.3520 id=3885 src=motion2 u=293.0 v=57.0 depth=5.0000 depth2=-1.0000 track=2 sf=9 flag=init_neg
[T2depth] t=40.3520 id=3888 src=motion2 u=220.0 v=217.0 depth=5.0000 depth2=-1.0000 track=2 sf=9 flag=init_neg
[T2depth] t=40.3520 id=3892 src=stereo u=328.9 v=165.4 depth=22.8552 depth2=-1.0000 track=1 sf=10 flag=ok
[T2depth] t=40.3520 id=3902 src=stereo u=93.0 v=115.0 depth=39.7501 depth2=-1.0000 track=1 sf=10 flag=ok
[T2depth] t=40.3520 id=3904 src=stereo u=9.0 v=65.0 depth=30.6380 depth2=-1.0000 track=1 sf=10 flag=ok
[T2gate] t=40.3520 tri=64 rej=0 xrej=0 init_replace=3 gate=0
[T2slv] t=40.3520 phase=1 init_cost=123.728 final_cost=119.983 iters=9 term=1 slv_ms=21.3
[T2diag] t=40.3520 P=[-0.0275 -0.0002 0.0049] V=[0.0057 0.0064 0.0074] |Bas|=0.234697 |Bgs|=0.0009397 Bas=[0.066423 -0.225072 0.003608] Bgs=[-0.0000179 -0.0009137 0.0002186] tic0=[0.1200 0.0500 -0.0200] tic1=[0.1200 -0.0500 -0.0200] td=0.00000 track=138
[E2uls] flag=1 sh_t=40.420 new_t=40.420 dP=[0.0015 0.0010 0.0018] |dP|=0.0026 first_dt=-1.0000
time: 40.352000, t: -0.027500 -0.000232 0.004852 q: 0.999938 0.010817 0.002386 0.000925 
[T2depth] t=40.4840 id=3893 src=motion2 u=180.1 v=203.3 depth=0.2646 depth2=-1.0000 track=2 sf=9 flag=ok
[T2depth] t=40.4840 id=3894 src=motion2 u=175.3 v=260.0 depth=0.2587 depth2=-1.0000 track=2 sf=9 flag=ok
[T2depth] t=40.4840 id=3896 src=motion2 u=102.2 v=179.9 depth=5.0000 depth2=-1.0000 track=2 sf=9 flag=init_neg
[T2depth] t=40.4840 id=3897 src=motion2 u=331.5 v=54.6 depth=0.1069 depth2=-1.0000 track=2 sf=9 flag=ok
[T2depth] t=40.4840 id=3898 src=motion2 u=524.7 v=101.2 depth=0.1489 depth2=-1.0000 track=2 sf=9 flag=ok
[T2depth] t=40.4840 id=3915 src=stereo u=628.0 v=148.0 depth=16.4262 depth2=-1.0000 track=1 sf=10 flag=ok
[T2gate] t=40.4840 tri=60 rej=0 xrej=0 init_replace=1 gate=0
[T2slv] t=40.4840 phase=1 init_cost=125.903 final_cost=120.593 iters=9 term=1 slv_ms=18.2
[T2diag] t=40.4840 P=[-0.0280 -0.0008 0.0045] V=[-0.0003 -0.0023 0.0046] |Bas|=0.243333 |Bgs|=0.0009529 Bas=[0.060051 -0.235760 0.004714] Bgs=[-0.0000784 -0.0009122 0.0002641] tic0=[0.1200 0.0500 -0.0200] tic1=[0.1200 -0.0500 -0.0200] td=0.00000 track=141
[E2uls] flag=1 sh_t=40.524 new_t=40.524 dP=[0.0013 0.0013 0.0017] |dP|=0.0025 first_dt=-1.0000
time: 40.484000, t: -0.027987 -0.000778 0.004513 q: 0.999933 0.011406 0.001971 0.000973 
[T2xcross] t=40.5840 id=3876 est=0.1814 svd=0.0195 rel=0.8928 track=2 sf=9
[T2xcross] t=40.5840 id=3896 est=5.0000 svd=0.0201 rel=0.9960 track=2 sf=9
[T2xcross] t=40.5840 id=3902 est=39.7501 svd=0.0443 rel=0.9989 track=2 sf=9
[T2depth] t=40.5840 id=3907 src=motion2 u=403.1 v=10.9 depth=0.0265 depth2=-1.0000 track=2 sf=9 flag=ok
[T2depth] t=40.5840 id=3914 src=motion2 u=611.0 v=87.0 depth=0.0439 depth2=-1.0000 track=2 sf=9 flag=ok
[T2xcross] t=40.5840 id=3915 est=16.4262 svd=0.0317 rel=0.9981 track=2 sf=9
[T2depth] t=40.5840 id=3916 src=stereo u=381.1 v=277.0 depth=5.0000 depth2=-1.0000 track=1 sf=10 flag=init_neg
[T2depth] t=40.5840 id=3923 src=stereo u=410.2 v=185.6 depth=3.6723 depth2=-1.0000 track=1 sf=10 flag=ok
[T2depth] t=40.5840 id=3929 src=stereo u=447.0 v=184.0 depth=3.8916 depth2=-1.0000 track=1 sf=10 flag=ok
[T2gate] t=40.5840 tri=63 rej=0 xrej=0 init_replace=1 gate=0
[T2slv] t=40.5840 phase=1 init_cost=120.173 final_cost=118.205 iters=9 term=1 slv_ms=12.3
[T2diag] t=40.5840 P=[-0.0277 -0.0010 0.0050] V=[0.0061 0.0000 0.0042] |Bas|=0.253059 |Bgs|=0.0009796 Bas=[0.057774 -0.246346 0.003855] Bgs=[-0.0000244 -0.0009247 0.0003224] tic0=[0.1200 0.0500 -0.0200] tic1=[0.1200 -0.0500 -0.0200] td=0.00000 track=137
[E2uls] flag=1 sh_t=40.632 new_t=40.632 dP=[0.0001 -0.0003 -0.0005] |dP|=0.0006 first_dt=-1.0000
time: 40.584000, t: -0.027659 -0.000981 0.005049 q: 0.999926 0.011987 0.001997 0.001025 
[T2depth] t=40.6840 id=3919 src=motion2 u=61.7 v=105.8 depth=0.7386 depth2=-1.0000 track=2 sf=9 flag=ok
[T2depth] t=40.6840 id=3921 src=motion2 u=262.5 v=77.2 depth=0.0096 depth2=-1.0000 track=2 sf=9 flag=ok
[T2depth] t=40.6840 id=3922 src=motion2 u=532.6 v=70.1 depth=0.1047 depth2=-1.0000 track=2 sf=9 flag=ok
[T2xcross] t=40.6840 id=3923 est=3.6723 svd=0.0682 rel=0.9814 track=2 sf=9
[T2depth] t=40.6840 id=3925 src=motion2 u=569.0 v=216.0 depth=5.0000 depth2=-1.0000 track=2 sf=9 flag=init_neg
[T2depth] t=40.6840 id=3927 src=motion2 u=336.0 v=167.0 depth=5.0000 depth2=-1.0000 track=2 sf=9 flag=init_neg
[T2depth] t=40.6840 id=3928 src=motion2 u=43.0 v=154.0 depth=5.0000 depth2=-1.0000 track=2 sf=9 flag=init_neg
[T2depth] t=40.6840 id=3938 src=stereo u=622.0 v=200.0 depth=5.0000 depth2=-1.0000 track=1 sf=10 flag=init_neg
[T2depth] t=40.6840 id=3941 src=stereo u=381.0 v=78.0 depth=4.4512 depth2=-1.0000 track=1 sf=10 flag=ok
[T2gate] t=40.6840 tri=65 rej=0 xrej=0 init_replace=4 gate=0
[T2slv] t=40.6840 phase=1 init_cost=119.956 final_cost=115.319 iters=9 term=1 slv_ms=16.7
[T2diag] t=40.6840 P=[-0.0274 -0.0005 0.0047] V=[0.0075 0.0007 0.0033] |Bas|=0.262547 |Bgs|=0.0009945 Bas=[0.055821 -0.256503 0.004636] Bgs=[0.0000493 -0.0009114 0.0003948] tic0=[0.1200 0.0500 -0.0200] tic1=[0.1200 -0.0500 -0.0200] td=0.00000 track=137
[E2uls] flag=1 sh_t=40.732 new_t=40.732 dP=[0.0012 -0.0008 0.0009] |dP|=0.0017 first_dt=-1.0000
time: 40.684000, t: -0.027385 -0.000500 0.004750 q: 0.999920 0.012458 0.001823 0.000928 
[T2xcross] t=40.7840 id=3929 est=3.8916 svd=0.1000 rel=0.9743 track=2 sf=9
[T2depth] t=40.7840 id=3934 src=motion2 u=157.9 v=36.6 depth=0.0034 depth2=-1.0000 track=2 sf=9 flag=ok
[T2depth] t=40.7840 id=3943 src=motion2 u=140.0 v=69.0 depth=5.0000 depth2=-1.0000 track=2 sf=9 flag=init_neg
[T2depth] t=40.7840 id=3946 src=stereo u=309.4 v=116.0 depth=5.0000 depth2=-1.0000 track=1 sf=10 flag=init_neg
[T2depth] t=40.7840 id=3947 src=stereo u=516.0 v=144.6 depth=5.0000 depth2=-1.0000 track=1 sf=10 flag=init_neg
[T2depth] t=40.7840 id=3949 src=stereo u=409.6 v=62.8 depth=3.8983 depth2=-1.0000 track=1 sf=10 flag=ok
[T2depth] t=40.7840 id=3950 src=stereo u=406.1 v=119.3 depth=3.6627 depth2=-1.0000 track=1 sf=10 flag=ok
[T2depth] t=40.7840 id=3952 src=stereo u=226.5 v=117.1 depth=5.0000 depth2=-1.0000 track=1 sf=10 flag=init_neg
[T2depth] t=40.7840 id=3954 src=stereo u=410.4 v=175.0 depth=4.4087 depth2=-1.0000 track=1 sf=10 flag=ok
[T2depth] t=40.7840 id=3955 src=stereo u=382.0 v=153.0 depth=3.4486 depth2=-1.0000 track=1 sf=10 flag=ok
[T2depth] t=40.7840 id=3956 src=stereo u=444.0 v=85.0 depth=3.8898 depth2=-1.0000 track=1 sf=10 flag=ok
[T2depth] t=40.7840 id=3959 src=stereo u=58.0 v=58.0 depth=5.0000 depth2=-1.0000 track=1 sf=10 flag=init_neg
[T2depth] t=40.7840 id=3961 src=stereo u=520.0 v=78.0 depth=4.0243 depth2=-1.0000 track=1 sf=10 flag=ok
[T2depth] t=40.7840 id=3965 src=stereo u=284.0 v=152.0 depth=32.7550 depth2=-1.0000 track=1 sf=10 flag=ok
[T2depth] t=40.7840 id=3966 src=stereo u=480.0 v=221.0 depth=3.9390 depth2=-1.0000 track=1 sf=10 flag=ok
[T2gate] t=40.7840 tri=75 rej=0 xrej=0 init_replace=5 gate=0
[T2slv] t=40.7840 phase=1 init_cost=122.533 final_cost=120.178 iters=9 term=1 slv_ms=19.7
[T2diag] t=40.7840 P=[-0.0284 -0.0006 0.0043] V=[0.0054 0.0000 0.0007] |Bas|=0.271049 |Bgs|=0.0009956 Bas=[0.053922 -0.265587 0.004894] Bgs=[0.0000397 -0.0009075 0.0004076] tic0=[0.1200 0.0500 -0.0200] tic1=[0.1200 -0.0500 -0.0200] td=0.00000 track=128
[E2uls] flag=1 sh_t=40.828 new_t=40.828 dP=[0.0025 0.0002 0.0005] |dP|=0.0025 first_dt=-1.0000
time: 40.784000, t: -0.028431 -0.000613 0.004316 q: 0.999913 0.013074 0.001566 0.000928 
[T2xcross] t=40.8840 id=3941 est=4.4512 svd=0.1414 rel=0.9682 track=2 sf=9
[T2depth] t=40.8840 id=3957 src=motion2 u=106.0 v=60.0 depth=5.0000 depth2=-1.0000 track=2 sf=9 flag=init_neg
[T2xcross] t=40.8840 id=3959 est=5.0000 svd=0.0277 rel=0.9945 track=2 sf=9
[T2depth] t=40.8840 id=3960 src=motion2 u=604.0 v=204.0 depth=0.0197 depth2=-1.0000 track=2 sf=9 flag=ok
[T2depth] t=40.8840 id=3967 src=motion2 u=39.0 v=86.0 depth=0.1225 depth2=-1.0000 track=2 sf=9 flag=ok
[T2depth] t=40.8840 id=3971 src=stereo u=494.2 v=202.8 depth=4.2897 depth2=-1.0000 track=1 sf=10 flag=ok
[T2depth] t=40.8840 id=3974 src=stereo u=49.8 v=194.8 depth=5.0000 depth2=-1.0000 track=1 sf=10 flag=init_neg
[T2depth] t=40.8840 id=3980 src=stereo u=211.0 v=23.0 depth=5.0000 depth2=-1.0000 track=1 sf=10 flag=init_neg
[T2depth] t=40.8840 id=3981 src=stereo u=477.0 v=103.0 depth=3.8677 depth2=-1.0000 track=1 sf=10 flag=ok
[T2depth] t=40.8840 id=3985 src=stereo u=167.0 v=111.0 depth=5.0000 depth2=-1.0000 track=1 sf=10 flag=init_neg
[T2depth] t=40.8840 id=3989 src=stereo u=413.0 v=206.0 depth=3.7678 depth2=-1.0000 track=1 sf=10 flag=ok
[T2gate] t=40.8840 tri=70 rej=0 xrej=0 init_replace=4 gate=0
[T2slv] t=40.8840 phase=1 init_cost=121.313 final_cost=118.999 iters=9 term=1 slv_ms=9.0
[T2diag] t=40.8840 P=[-0.0288 -0.0006 0.0049] V=[0.0120 0.0019 0.0054] |Bas|=0.281974 |Bgs|=0.0009624 Bas=[0.057365 -0.276050 0.003882] Bgs=[0.0001008 -0.0008939 0.0003420] tic0=[0.1200 0.0500 -0.0200] tic1=[0.1200 -0.0500 -0.0200] td=0.00000 track=132
[E2uls] flag=1 sh_t=40.912 new_t=40.912 dP=[0.0013 -0.0003 -0.0008] |dP|=0.0015 first_dt=-1.0000
time: 40.884000, t: -0.028775 -0.000622 0.004893 q: 0.999906 0.013484 0.002097 0.000984 
[T2xcross] t=40.9840 id=3971 est=4.2897 svd=0.0540 rel=0.9874 track=2 sf=9
[T2depth] t=40.9840 id=3982 src=motion2 u=7.0 v=263.0 depth=5.0000 depth2=-1.0000 track=2 sf=9 flag=init_neg
[T2depth] t=40.9840 id=3983 src=motion2 u=198.0 v=100.0 depth=5.0000 depth2=-1.0000 track=2 sf=9 flag=init_neg
[T2depth] t=40.9840 id=3988 src=motion2 u=129.0 v=165.0 depth=5.0000 depth2=-1.0000 track=2 sf=9 flag=init_neg
[T2depth] t=40.9840 id=3991 src=motion2 u=274.0 v=36.0 depth=0.0300 depth2=-1.0000 track=2 sf=9 flag=ok
[T2depth] t=40.9840 id=3992 src=stereo u=546.1 v=14.2 depth=3.5117 depth2=-1.0000 track=1 sf=10 flag=ok
[T2depth] t=40.9840 id=3997 src=stereo u=404.4 v=168.0 depth=3.6860 depth2=-1.0000 track=1 sf=10 flag=ok
[T2gate] t=40.9840 tri=67 rej=0 xrej=0 init_replace=3 gate=0
[T2slv] t=40.9840 phase=1 init_cost=117.526 final_cost=114.971 iters=9 term=1 slv_ms=13.0
[T2diag] t=40.9840 P=[-0.0280 -0.0010 0.0052] V=[0.0090 -0.0043 0.0050] |Bas|=0.291901 |Bgs|=0.0008903 Bas=[0.058259 -0.285995 0.004365] Bgs=[0.0000768 -0.0008074 0.0003672] tic0=[0.1200 0.0500 -0.0200] tic1=[0.1200 -0.0500 -0.0200] td=0.00000 track=137
[E2uls] flag=1 sh_t=41.048 new_t=41.048 dP=[0.0015 0.0011 0.0008] |dP|=0.0020 first_dt=-1.0000
time: 40.984000, t: -0.027994 -0.001036 0.005220 q: 0.999898 0.014045 0.002245 0.001068 
[T2xcross] t=41.0840 id=3956 est=3.8898 svd=0.0416 rel=0.9893 track=2 sf=9
[T2depth] t=41.0840 id=3993 src=motion2 u=72.1 v=116.0 depth=5.0000 depth2=-1.0000 track=2 sf=9 flag=init_neg
[T2depth] t=41.0840 id=4003 src=motion2 u=268.0 v=226.0 depth=5.0000 depth2=-1.0000 track=2 sf=9 flag=init_neg
[T2depth] t=41.0840 id=4004 src=motion2 u=111.0 v=16.0 depth=5.0000 depth2=-1.0000 track=2 sf=9 flag=init_neg
[T2depth] t=41.0840 id=4006 src=motion2 u=568.0 v=219.0 depth=0.1523 depth2=-1.0000 track=2 sf=9 flag=ok
[T2depth] t=41.0840 id=4007 src=motion2 u=227.0 v=202.0 depth=5.0000 depth2=-1.0000 track=2 sf=9 flag=init_neg
[T2depth] t=41.0840 id=4018 src=stereo u=161.0 v=183.0 depth=5.0000 depth2=-1.0000 track=1 sf=10 flag=init_neg
[T2depth] t=41.0840 id=4021 src=stereo u=583.0 v=77.0 depth=37.2636 depth2=-1.0000 track=1 sf=10 flag=ok
[T2gate] t=41.0840 tri=62 rej=0 xrej=0 init_replace=5 gate=0
[T2slv] t=41.0840 phase=1 init_cost=117.933 final_cost=115.84 iters=9 term=1 slv_ms=16.2
[T2diag] t=41.0840 P=[-0.0272 -0.0009 0.0052] V=[0.0101 0.0044 0.0018] |Bas|=0.303114 |Bgs|=0.0008800 Bas=[0.061325 -0.296791 0.005740] Bgs=[0.0001426 -0.0007917 0.0003567] tic0=[0.1200 0.0500 -0.0200] tic1=[0.1200 -0.0500 -0.0200] td=0.00000 track=141
[E2uls] flag=1 sh_t=41.128 new_t=41.128 dP=[0.0008 -0.0009 0.0011] |dP|=0.0016 first_dt=-1.0000
time: 41.084000, t: -0.027248 -0.000878 0.005247 q: 0.999892 0.014460 0.002316 0.000862 
[T2xcross] t=41.1840 id=3980 est=5.0000 svd=0.0539 rel=0.9892 track=2 sf=9
[T2depth] t=41.1840 id=4012 src=motion2 u=623.1 v=161.7 depth=0.2201 depth2=-1.0000 track=2 sf=9 flag=ok
[T2depth] t=41.1840 id=4016 src=motion2 u=594.0 v=39.0 depth=5.0000 depth2=-1.0000 track=2 sf=9 flag=init_neg
[T2xcross] t=41.1840 id=4018 est=5.0000 svd=0.0314 rel=0.9937 track=2 sf=9
[T2depth] t=41.1840 id=4020 src=motion2 u=55.0 v=143.0 depth=0.1288 depth2=-1.0000 track=2 sf=9 flag=ok
[T2depth] t=41.1840 id=4027 src=stereo u=63.0 v=67.3 depth=5.0000 depth2=-1.0000 track=1 sf=10 flag=init_neg
[T2depth] t=41.1840 id=4029 src=stereo u=448.0 v=81.0 depth=3.8932 depth2=-1.0000 track=1 sf=10 flag=ok
[T2depth] t=41.1840 id=4030 src=stereo u=509.0 v=21.0 depth=3.2656 depth2=-1.0000 track=1 sf=10 flag=ok
[T2gate] t=41.1840 tri=57 rej=0 xrej=0 init_replace=2 gate=0
[T2slv] t=41.1840 phase=1 init_cost=128.258 final_cost=126.636 iters=9 term=1 slv_ms=16.2
[T2diag] t=41.1840 P=[-0.0275 -0.0018 0.0054] V=[0.0099 0.0024 0.0045] |Bas|=0.314544 |Bgs|=0.0008058 Bas=[0.067211 -0.307228 0.005618] Bgs=[0.0001345 -0.0007696 0.0001976] tic0=[0.1200 0.0500 -0.0200] tic1=[0.1200 -0.0500 -0.0200] td=0.00000 track=142
[E2uls] flag=1 sh_t=41.256 new_t=41.256 dP=[0.0023 0.0015 -0.0001] |dP|=0.0028 first_dt=-1.0000
time: 41.184000, t: -0.027513 -0.001773 0.005365 q: 0.999882 0.015105 0.002627 0.000995 
[T2depth] t=41.2840 id=4025 src=motion2 u=100.2 v=217.8 depth=5.0000 depth2=-1.0000 track=2 sf=9 flag=init_neg
[T2depth] t=41.2840 id=4026 src=motion2 u=556.9 v=177.4 depth=0.0278 depth2=-1.0000 track=2 sf=9 flag=ok
[T2xcross] t=41.2840 id=4027 est=5.0000 svd=0.0302 rel=0.9940 track=2 sf=9
[T2depth] t=41.2840 id=4028 src=motion2 u=108.0 v=91.0 depth=5.0000 depth2=-1.0000 track=2 sf=9 flag=init_neg
[T2xcross] t=41.2840 id=4029 est=3.8932 svd=0.0615 rel=0.9842 track=2 sf=9
[T2xcross] t=41.2840 id=4030 est=3.2656 svd=0.1993 rel=0.9390 track=2 sf=9
[T2depth] t=41.2840 id=4031 src=motion2 u=115.0 v=182.0 depth=5.0000 depth2=-1.0000 track=2 sf=9 flag=init_neg
[T2depth] t=41.2840 id=4032 src=stereo u=245.5 v=171.2 depth=40.5454 depth2=-1.0000 track=1 sf=10 flag=ok
[T2depth] t=41.2840 id=4034 src=stereo u=397.9 v=181.9 depth=4.0045 depth2=-1.0000 track=1 sf=10 flag=ok
[T2depth] t=41.2840 id=4036 src=stereo u=534.6 v=80.8 depth=3.4544 depth2=-1.0000 track=1 sf=10 flag=ok
[T2depth] t=41.2840 id=4037 src=stereo u=531.3 v=193.8 depth=3.6529 depth2=-1.0000 track=1 sf=10 flag=ok
[T2depth] t=41.2840 id=4039 src=stereo u=514.0 v=161.1 depth=4.1063 depth2=-1.0000 track=1 sf=10 flag=ok
[T2depth] t=41.2840 id=4041 src=stereo u=414.0 v=233.0 depth=3.8979 depth2=-1.0000 track=1 sf=10 flag=ok
[T2gate] t=41.2840 tri=60 rej=0 xrej=0 init_replace=3 gate=0
[T2slv] t=41.2840 phase=1 init_cost=104.073 final_cost=102.013 iters=9 term=1 slv_ms=15.1
[T2diag] t=41.2840 P=[-0.0260 -0.0010 0.0055] V=[0.0118 0.0033 0.0017] |Bas|=0.324671 |Bgs|=0.0008318 Bas=[0.065595 -0.317909 0.006488] Bgs=[0.0002101 -0.0007852 0.0001767] tic0=[0.1200 0.0500 -0.0200] tic1=[0.1200 -0.0500 -0.0200] td=0.00000 track=137
[E2uls] flag=1 sh_t=41.328 new_t=41.328 dP=[0.0002 -0.0002 0.0006] |dP|=0.0007 first_dt=-1.0000
time: 41.284000, t: -0.026008 -0.001032 0.005462 q: 0.999874 0.015665 0.002404 0.000911 
[T2xcross] t=41.3840 id=3974 est=5.0000 svd=0.1145 rel=0.9771 track=2 sf=9
[T2depth] t=41.3840 id=3457 src=motion2 u=576.9 v=254.9 depth=5.0000 depth2=-1.0000 track=2 sf=9 flag=init_neg
[T2depth] t=41.3840 id=4033 src=motion2 u=318.9 v=45.2 depth=5.0000 depth2=-1.0000 track=2 sf=9 flag=init_neg
[T2depth] t=41.3840 id=4035 src=motion2 u=296.1 v=148.0 depth=5.0000 depth2=-1.0000 track=2 sf=9 flag=init_neg
[T2xcross] t=41.3840 id=4036 est=3.4544 svd=0.1698 rel=0.9508 track=2 sf=9
[T2depth] t=41.3840 id=4042 src=motion2 u=228.0 v=93.0 depth=5.0000 depth2=-1.0000 track=2 sf=9 flag=init_neg
[T2depth] t=41.3840 id=4044 src=motion2 u=491.0 v=122.0 depth=5.0000 depth2=-1.0000 track=2 sf=9 flag=init_neg
[T2depth] t=41.3840 id=4045 src=stereo u=381.0 v=277.0 depth=5.0000 depth2=-1.0000 track=1 sf=10 flag=init_neg
[T2depth] t=41.3840 id=4053 src=stereo u=378.0 v=150.0 depth=3.4995 depth2=-1.0000 track=1 sf=10 flag=ok
[T2depth] t=41.3840 id=4055 src=stereo u=121.0 v=35.0 depth=5.0000 depth2=-1.0000 track=1 sf=10 flag=init_neg
[T2gate] t=41.3840 tri=59 rej=0 xrej=0 init_replace=7 gate=0
[T2slv] t=41.3840 phase=1 init_cost=103.159 final_cost=101.643 iters=9 term=1 slv_ms=9.5
[T2diag] t=41.3840 P=[-0.0254 -0.0011 0.0060] V=[0.0153 0.0058 0.0056] |Bas|=0.334043 |Bgs|=0.0008364 Bas=[0.065092 -0.327581 0.006197] Bgs=[0.0002282 -0.0007883 0.0001612] tic0=[0.1200 0.0500 -0.0200] tic1=[0.1200 -0.0500 -0.0200] td=0.00000 track=140
[E2uls] flag=1 sh_t=41.444 new_t=41.444 dP=[0.0019 0.0009 -0.0005] |dP|=0.0022 first_dt=-1.0000
time: 41.384000, t: -0.025442 -0.001057 0.005960 q: 0.999865 0.016220 0.002460 0.000919 
[T2xcross] t=41.4840 id=3693 est=5.0000 svd=7.2415 rel=0.3095 track=2 sf=9
[T2xcross] t=41.4840 id=3992 est=3.5117 svd=0.3954 rel=0.8874 track=2 sf=9
[T2xcross] t=41.4840 id=4042 est=5.0000 svd=0.0087 rel=0.9983 track=2 sf=9
[T2depth] t=41.4840 id=4050 src=motion2 u=360.0 v=24.0 depth=0.1184 depth2=-1.0000 track=2 sf=9 flag=ok
[T2depth] t=41.4840 id=4052 src=motion2 u=572.0 v=224.0 depth=1.3331 depth2=-1.0000 track=2 sf=9 flag=ok
[T2xcross] t=41.4840 id=4053 est=3.4995 svd=0.1330 rel=0.9620 track=2 sf=9
[T2depth] t=41.4840 id=4056 src=motion2 u=210.0 v=152.0 depth=0.0217 depth2=-1.0000 track=2 sf=9 flag=ok
[T2depth] t=41.4840 id=4063 src=stereo u=529.0 v=66.0 depth=3.8407 depth2=-1.0000 track=1 sf=10 flag=ok
[T2gate] t=41.4840 tri=58 rej=0 xrej=0 init_replace=0 gate=0
[T2slv] t=41.4840 phase=1 init_cost=104.789 final_cost=102.496 iters=9 term=1 slv_ms=8.4
[T2diag] t=41.4840 P=[-0.0249 -0.0010 0.0059] V=[0.0147 0.0033 -0.0003] |Bas|=0.341790 |Bgs|=0.0008388 Bas=[0.061746 -0.336092 0.007034] Bgs=[0.0002283 -0.0007896 0.0001675] tic0=[0.1200 0.0500 -0.0200] tic1=[0.1200 -0.0500 -0.0200] td=0.00000 track=141
[E2uls] flag=1 sh_t=41.520 new_t=41.520 dP=[0.0019 0.0008 0.0006] |dP|=0.0021 first_dt=-1.0000
time: 41.484000, t: -0.024910 -0.000993 0.005901 q: 0.999857 0.016777 0.002100 0.000867 
[T2xcross] t=41.5840 id=4041 est=3.8979 svd=0.5932 rel=0.8478 track=2 sf=9
[T2xcross] t=41.5840 id=4055 est=5.0000 svd=0.1127 rel=0.9775 track=2 sf=9
[T2depth] t=41.5840 id=4057 src=motion2 u=629.8 v=45.6 depth=0.2176 depth2=-1.0000 track=2 sf=9 flag=ok
[T2depth] t=41.5840 id=4058 src=motion2 u=339.1 v=178.3 depth=5.0000 depth2=-1.0000 track=2 sf=9 flag=init_neg
[T2depth] t=41.5840 id=4059 src=motion2 u=152.9 v=79.3 depth=0.5638 depth2=-1.0000 track=2 sf=9 flag=ok
[T2depth] t=41.5840 id=4061 src=motion2 u=271.0 v=210.0 depth=0.0686 depth2=-1.0000 track=2 sf=9 flag=ok
[T2depth] t=41.5840 id=4062 src=motion2 u=513.0 v=27.0 depth=0.0968 depth2=-1.0000 track=2 sf=9 flag=ok
[T2xcross] t=41.5840 id=4063 est=3.8407 svd=0.4605 rel=0.8801 track=2 sf=9
[T2depth] t=41.5840 id=4064 src=motion2 u=359.0 v=81.0 depth=5.0000 depth2=-1.0000 track=2 sf=9 flag=init_neg
[T2depth] t=41.5840 id=4066 src=motion2 u=415.0 v=441.0 depth=5.0000 depth2=-1.0000 track=2 sf=9 flag=init_neg
[T2depth] t=41.5840 id=4070 src=stereo u=499.2 v=90.2 depth=3.5397 depth2=-1.0000 track=1 sf=10 flag=ok
[T2depth] t=41.5840 id=4071 src=stereo u=276.4 v=27.0 depth=5.0000 depth2=-1.0000 track=1 sf=10 flag=init_neg
[T2gate] t=41.5840 tri=58 rej=0 xrej=0 init_replace=4 gate=0
[T2slv] t=41.5840 phase=1 init_cost=105.151 final_cost=102.749 iters=9 term=1 slv_ms=21.1
[T2diag] t=41.5840 P=[-0.0244 -0.0010 0.0060] V=[0.0165 0.0036 -0.0014] |Bas|=0.349241 |Bgs|=0.0008587 Bas=[0.059302 -0.344104 0.006726] Bgs=[0.0002374 -0.0008038 0.0001869] tic0=[0.1200 0.0500 -0.0200] tic1=[0.1200 -0.0500 -0.0200] td=0.00000 track=142
[E2uls] flag=1 sh_t=41.640 new_t=41.640 dP=[0.0025 0.0006 -0.0008] |dP|=0.0027 first_dt=-1.0000
time: 41.584000, t: -0.024439 -0.001019 0.006049 q: 0.999850 0.017178 0.002011 0.000901 
[T2xcross] t=41.6840 id=4016 est=5.0000 svd=0.1474 rel=0.9705 track=2 sf=9
[T2xcross] t=41.6840 id=4045 est=5.0000 svd=7.3024 rel=0.3153 track=2 sf=9
[T2depth] t=41.6840 id=4067 src=motion2 u=110.0 v=107.7 depth=0.0379 depth2=-1.0000 track=2 sf=9 flag=ok
[T2depth] t=41.6840 id=4073 src=motion2 u=29.0 v=134.0 depth=0.0812 depth2=-1.0000 track=2 sf=9 flag=ok
[T2depth] t=41.6840 id=4075 src=motion2 u=320.0 v=41.0 depth=3.2516 depth2=-1.0000 track=2 sf=9 flag=ok
[T2depth] t=41.6840 id=4079 src=stereo u=539.4 v=125.8 depth=40.8566 depth2=-1.0000 track=1 sf=10 flag=ok
[T2depth] t=41.6840 id=4085 src=stereo u=512.0 v=107.0 depth=3.8123 depth2=-1.0000 track=1 sf=10 flag=ok
[T2depth] t=41.6840 id=4088 src=stereo u=167.0 v=178.0 depth=5.0000 depth2=-1.0000 track=1 sf=10 flag=init_neg
[T2depth] t=41.6840 id=4089 src=stereo u=247.0 v=177.0 depth=5.0000 depth2=-1.0000 track=1 sf=10 flag=init_neg
[T2gate] t=41.6840 tri=61 rej=0 xrej=0 init_replace=2 gate=0
[T2slv] t=41.6840 phase=1 init_cost=108.033 final_cost=103.087 iters=9 term=1 slv_ms=12.9
[T2diag] t=41.6840 P=[-0.0250 -0.0010 0.0055] V=[0.0195 0.0001 -0.0010] |Bas|=0.356535 |Bgs|=0.0008556 Bas=[0.058361 -0.351659 0.006848] Bgs=[0.0002585 -0.0007888 0.0002075] tic0=[0.1200 0.0500 -0.0200] tic1=[0.1200 -0.0500 -0.0200] td=0.00000 track=137
[E2uls] flag=1 sh_t=41.724 new_t=41.724 dP=[0.0036 0.0003 0.0002] |dP|=0.0036 first_dt=-1.0000
time: 41.684000, t: -0.025012 -0.001035 0.005522 q: 0.999844 0.017554 0.001953 0.000956 
[T2depth] t=41.7880 id=4077 src=motion2 u=20.5 v=190.2 depth=5.0000 depth2=-1.0000 track=2 sf=9 flag=init_neg
[T2depth] t=41.7880 id=4082 src=motion2 u=371.1 v=160.3 depth=5.0000 depth2=-1.0000 track=2 sf=9 flag=init_neg
[T2depth] t=41.7880 id=4083 src=motion2 u=199.6 v=207.9 depth=5.0000 depth2=-1.0000 track=2 sf=9 flag=init_neg
[T2depth] t=41.7880 id=4084 src=motion2 u=239.0 v=242.0 depth=1.7859 depth2=-1.0000 track=2 sf=9 flag=ok
[T2depth] t=41.7880 id=4086 src=motion2 u=492.0 v=52.0 depth=0.1593 depth2=-1.0000 track=2 sf=9 flag=ok
[T2depth] t=41.7880 id=4087 src=motion2 u=306.0 v=128.0 depth=5.0000 depth2=-1.0000 track=2 sf=9 flag=init_neg
[T2depth] t=41.7880 id=4095 src=stereo u=434.7 v=104.4 depth=3.9832 depth2=-1.0000 track=1 sf=10 flag=ok
[T2depth] t=41.7880 id=4098 src=stereo u=493.0 v=182.0 depth=3.6383 depth2=-1.0000 track=1 sf=10 flag=ok
[T2gate] t=41.7880 tri=62 rej=0 xrej=0 init_replace=4 gate=0
[T2slv] t=41.7880 phase=1 init_cost=106.085 final_cost=103.072 iters=9 term=1 slv_ms=12.2
[T2diag] t=41.7880 P=[-0.0250 -0.0009 0.0056] V=[0.0160 0.0014 0.0006] |Bas|=0.363014 |Bgs|=0.0008568 Bas=[0.056354 -0.358546 0.006927] Bgs=[0.0002543 -0.0007743 0.0002644] tic0=[0.1200 0.0500 -0.0200] tic1=[0.1200 -0.0500 -0.0200] td=0.00000 track=139
[E2uls] flag=1 sh_t=41.824 new_t=41.824 dP=[0.0027 0.0002 -0.0002] |dP|=0.0027 first_dt=-1.0000
time: 41.788000, t: -0.024972 -0.000919 0.005559 q: 0.999837 0.017965 0.001811 0.000908 
[T2xcross] t=41.8840 id=4077 est=5.0000 svd=0.4827 rel=0.9035 track=2 sf=9
[T2depth] t=41.8840 id=4093 src=motion2 u=270.8 v=204.6 depth=0.0383 depth2=-1.0000 track=2 sf=9 flag=ok
[T2xcross] t=41.8840 id=4098 est=3.6383 svd=0.1307 rel=0.9641 track=2 sf=9
[T2depth] t=41.8840 id=4101 src=motion2 u=112.0 v=194.0 depth=0.1234 depth2=-1.0000 track=2 sf=9 flag=ok
[T2depth] t=41.8840 id=4106 src=stereo u=278.1 v=165.0 depth=27.8240 depth2=-1.0000 track=1 sf=10 flag=ok
[T2depth] t=41.8840 id=4113 src=stereo u=536.0 v=59.0 depth=3.9225 depth2=-1.0000 track=1 sf=10 flag=ok
[T2depth] t=41.8840 id=4116 src=stereo u=232.0 v=10.0 depth=5.0000 depth2=-1.0000 track=1 sf=10 flag=init_neg
[T2gate] t=41.8840 tri=63 rej=0 xrej=0 init_replace=1 gate=0
[T2slv] t=41.8840 phase=1 init_cost=104.631 final_cost=102.556 iters=9 term=1 slv_ms=16.1
[T2diag] t=41.8840 P=[-0.0247 -0.0010 0.0058] V=[0.0146 0.0045 -0.0022] |Bas|=0.368964 |Bgs|=0.0008841 Bas=[0.053805 -0.364942 0.007529] Bgs=[0.0002714 -0.0007986 0.0002650] tic0=[0.1200 0.0500 -0.0200] tic1=[0.1200 -0.0500 -0.0200] td=0.00000 track=138
[E2uls] flag=1 sh_t=41.924 new_t=41.924 dP=[0.0015 -0.0001 -0.0002] |dP|=0.0015 first_dt=-1.0000
time: 41.884000, t: -0.024706 -0.000993 0.005833 q: 0.999834 0.018149 0.001668 0.000862 
[T2xcross] t=41.9880 id=4050 est=0.1184 svd=0.2631 rel=0.5502 track=2 sf=9
[T2xcross] t=41.9880 id=4087 est=5.0000 svd=0.5857 rel=0.8829 track=2 sf=9
[T2depth] t=41.9880 id=4104 src=motion2 u=630.2 v=59.6 depth=5.0000 depth2=-1.0000 track=2 sf=9 flag=init_neg
[T2xcross] t=41.9880 id=4106 est=27.8240 svd=0.0555 rel=0.9980 track=2 sf=9
[T2depth] t=41.9880 id=4109 src=motion2 u=24.3 v=244.0 depth=5.0000 depth2=-1.0000 track=2 sf=9 flag=init_neg
[T2depth] t=41.9880 id=4111 src=motion2 u=274.1 v=66.1 depth=5.0000 depth2=-1.0000 track=2 sf=9 flag=init_neg
[T2depth] t=41.9880 id=4114 src=motion2 u=613.0 v=153.0 depth=0.2947 depth2=-1.0000 track=2 sf=9 flag=ok
[T2depth] t=41.9880 id=4115 src=motion2 u=220.0 v=105.0 depth=0.0971 depth2=-1.0000 track=2 sf=9 flag=ok
[T2xcross] t=41.9880 id=4116 est=5.0000 svd=0.3038 rel=0.9392 track=2 sf=9
[T2depth] t=41.9880 id=4118 src=motion2 u=38.0 v=17.0 depth=5.0000 depth2=-1.0000 track=2 sf=9 flag=init_neg
[T2depth] t=41.9880 id=4125 src=stereo u=564.0 v=121.0 depth=30.7382 depth2=-1.0000 track=1 sf=10 flag=ok
[T2gate] t=41.9880 tri=58 rej=0 xrej=0 init_replace=4 gate=0
[T2slv] t=41.9880 phase=1 init_cost=104.764 final_cost=103.135 iters=9 term=1 slv_ms=22.2
[T2diag] t=41.9880 P=[-0.0248 -0.0012 0.0060] V=[0.0165 0.0075 0.0012] |Bas|=0.377154 |Bgs|=0.0008720 Bas=[0.055326 -0.373006 0.007148] Bgs=[0.0002742 -0.0007998 0.0002137] tic0=[0.1200 0.0500 -0.0200] tic1=[0.1200 -0.0500 -0.0200] td=0.00000 track=143
[E2uls] flag=1 sh_t=42.040 new_t=42.040 dP=[0.0023 0.0013 -0.0008] |dP|=0.0028 first_dt=-1.0000
time: 41.988000, t: -0.024792 -0.001202 0.006006 q: 0.999825 0.018574 0.001895 0.000885 
[T2depth] t=42.0840 id=4119 src=motion2 u=478.2 v=107.9 depth=0.0658 depth2=-1.0000 track=2 sf=9 flag=ok
[T2depth] t=42.0840 id=4120 src=motion2 u=268.4 v=106.4 depth=5.0000 depth2=-1.0000 track=2 sf=9 flag=init_neg
[T2depth] t=42.0840 id=4123 src=motion2 u=415.0 v=441.0 depth=5.0000 depth2=-1.0000 track=2 sf=9 flag=init_neg
[T2xcross] t=42.0840 id=4125 est=30.7382 svd=1.2767 rel=0.9585 track=2 sf=9
[T2depth] t=42.0840 id=4127 src=motion2 u=536.0 v=81.0 depth=0.1064 depth2=-1.0000 track=2 sf=9 flag=ok
[T2depth] t=42.0840 id=4132 src=stereo u=192.3 v=9.5 depth=23.5235 depth2=-1.0000 track=1 sf=10 flag=ok
[T2gate] t=42.0840 tri=57 rej=0 xrej=0 init_replace=2 gate=0
[T2slv] t=42.0840 phase=1 init_cost=110.299 final_cost=104.926 iters=9 term=1 slv_ms=10.2
[T2diag] t=42.0840 P=[-0.0263 -0.0015 0.0049] V=[0.0093 0.0012 -0.0051] |Bas|=0.381417 |Bgs|=0.0008058 Bas=[0.051895 -0.377781 0.008229] Bgs=[0.0002303 -0.0007412 0.0002166] tic0=[0.1200 0.0500 -0.0200] tic1=[0.1200 -0.0500 -0.0200] td=0.00000 track=141
[E2uls] flag=1 sh_t=42.120 new_t=42.120 dP=[0.0041 0.0018 0.0014] |dP|=0.0047 first_dt=-1.0000
time: 42.084000, t: -0.026272 -0.001530 0.004854 q: 0.999821 0.018843 0.001439 0.001083 
[T2xcross] t=42.1840 id=4101 est=0.1234 svd=0.1174 rel=0.0489 track=2 sf=9
[T2depth] t=42.1840 id=4129 src=motion2 u=76.6 v=100.7 depth=5.0000 depth2=-1.0000 track=2 sf=9 flag=init_neg
[T2depth] t=42.1840 id=4134 src=motion2 u=414.0 v=252.0 depth=5.0000 depth2=-1.0000 track=2 sf=9 flag=init_neg
[T2depth] t=42.1840 id=4135 src=motion2 u=323.0 v=10.0 depth=5.0000 depth2=-1.0000 track=2 sf=9 flag=init_neg
[T2depth] t=42.1840 id=4143 src=stereo u=522.9 v=206.0 depth=4.1799 depth2=-1.0000 track=1 sf=10 flag=ok
[T2gate] t=42.1840 tri=60 rej=0 xrej=0 init_replace=3 gate=0
[T2slv] t=42.1840 phase=1 init_cost=108.178 final_cost=105.382 iters=9 term=1 slv_ms=9.7
[T2diag] t=42.1840 P=[-0.0272 -0.0029 0.0043] V=[0.0126 0.0024 -0.0037] |Bas|=0.391395 |Bgs|=0.0007626 Bas=[0.057890 -0.387021 0.007321] Bgs=[0.0002340 -0.0007127 0.0001372] tic0=[0.1200 0.0500 -0.0200] tic1=[0.1200 -0.0500 -0.0200] td=0.00000 track=140
[E2uls] flag=1 sh_t=42.236 new_t=42.236 dP=[0.0024 0.0013 -0.0014] |dP|=0.0031 first_dt=-1.0000
time: 42.184000, t: -0.027248 -0.002876 0.004336 q: 0.999807 0.019511 0.001866 0.001239 
[T2xcross] t=42.2880 id=4120 est=5.0000 svd=0.0810 rel=0.9838 track=2 sf=9
[T2depth] t=42.2880 id=4142 src=motion2 u=61.4 v=153.7 depth=0.1151 depth2=-1.0000 track=2 sf=9 flag=ok
[T2xcross] t=42.2880 id=4143 est=4.1799 svd=0.1072 rel=0.9743 track=2 sf=9
[T2depth] t=42.2880 id=4146 src=motion2 u=409.0 v=54.0 depth=5.0000 depth2=-1.0000 track=2 sf=9 flag=init_neg
[T2depth] t=42.2880 id=4148 src=motion2 u=327.0 v=98.0 depth=0.3178 depth2=-1.0000 track=2 sf=9 flag=ok
[T2depth] t=42.2880 id=4149 src=motion2 u=607.0 v=203.0 depth=0.1203 depth2=-1.0000 track=2 sf=9 flag=ok
[T2depth] t=42.2880 id=4154 src=stereo u=311.2 v=156.8 depth=5.0000 depth2=-1.0000 track=1 sf=10 flag=init_neg
[T2depth] t=42.2880 id=4155 src=stereo u=492.2 v=128.2 depth=5.0000 depth2=-1.0000 track=1 sf=10 flag=init_neg
[T2depth] t=42.2880 id=4162 src=stereo u=410.0 v=95.0 depth=3.9366 depth2=-1.0000 track=1 sf=10 flag=ok
[T2depth] t=42.2880 id=4163 src=stereo u=105.0 v=118.0 depth=27.6143 depth2=-1.0000 track=1 sf=10 flag=ok
[T2depth] t=42.2880 id=4167 src=stereo u=402.0 v=156.0 depth=4.0531 depth2=-1.0000 track=1 sf=10 flag=ok
[T2gate] t=42.2880 tri=64 rej=0 xrej=0 init_replace=3 gate=0
[T2slv] t=42.2880 phase=1 init_cost=108.572 final_cost=106.202 iters=9 term=1 slv_ms=15.8
[T2diag] t=42.2880 P=[-0.0272 -0.0028 0.0044] V=[0.0127 0.0094 -0.0026] |Bas|=0.403804 |Bgs|=0.0007432 Bas=[0.068308 -0.397912 0.007647] Bgs=[0.0002908 -0.0006815 0.0000581] tic0=[0.1200 0.0500 -0.0200] tic1=[0.1200 -0.0500 -0.0200] td=0.00000 track=137
[E2uls] flag=1 sh_t=42.352 new_t=42.352 dP=[0.0024 -0.0002 -0.0009] |dP|=0.0026 first_dt=-1.0000
time: 42.288000, t: -0.027169 -0.002750 0.004403 q: 0.999797 0.019949 0.002479 0.001152 
[T2xcross] t=42.3840 id=3894 est=0.2587 svd=1.9117 rel=0.8647 track=2 sf=9
[T2xcross] t=42.3840 id=4142 est=0.1151 svd=0.0716 rel=0.3779 track=2 sf=9
[T2xcross] t=42.3840 id=4146 est=5.0000 svd=0.5073 rel=0.8985 track=2 sf=9
[T2depth] t=42.3840 id=4156 src=motion2 u=560.4 v=33.8 depth=5.0000 depth2=-1.0000 track=2 sf=9 flag=init_neg
[T2depth] t=42.3840 id=4161 src=motion2 u=379.2 v=76.7 depth=5.0000 depth2=-1.0000 track=2 sf=9 flag=init_neg
[T2depth] t=42.3840 id=4165 src=motion2 u=542.0 v=97.0 depth=5.0000 depth2=-1.0000 track=2 sf=9 flag=init_neg
[T2depth] t=42.3840 id=4166 src=motion2 u=81.0 v=58.0 depth=0.1152 depth2=-1.0000 track=2 sf=9 flag=ok
[T2depth] t=42.3840 id=4168 src=motion2 u=216.0 v=8.0 depth=5.0000 depth2=-1.0000 track=2 sf=9 flag=init_neg
[T2depth] t=42.3840 id=1734 src=stereo u=526.9 v=256.1 depth=1.9991 depth2=-1.0000 track=1 sf=10 flag=ok
[T2depth] t=42.3840 id=4173 src=stereo u=376.0 v=15.0 depth=3.7190 depth2=-1.0000 track=1 sf=10 flag=ok
[T2gate] t=42.3840 tri=57 rej=0 xrej=0 init_replace=4 gate=0
[T2slv] t=42.3840 phase=1 init_cost=89.4556 final_cost=86.4013 iters=9 term=1 slv_ms=13.5
[T2diag] t=42.3840 P=[-0.0273 -0.0035 0.0037] V=[0.0094 0.0008 -0.0086] |Bas|=0.411934 |Bgs|=0.0006701 Bas=[0.071645 -0.405560 0.008831] Bgs=[0.0002362 -0.0006268 0.0000193] tic0=[0.1200 0.0500 -0.0200] tic1=[0.1200 -0.0500 -0.0200] td=0.00000 track=143
[E2uls] flag=1 sh_t=42.432 new_t=42.432 dP=[0.0026 0.0025 0.0004] |dP|=0.0036 first_dt=-1.0000
time: 42.384000, t: -0.027309 -0.003491 0.003689 q: 0.999786 0.020525 0.002372 0.001314 
[T2xcross] t=42.4840 id=84 est=0.0756 svd=1.6798 rel=0.9550 track=2 sf=9
[T2xcross] t=42.4840 id=1734 est=1.9991 svd=2.1823 rel=0.0840 track=2 sf=9
[T2depth] t=42.4840 id=4170 src=motion2 u=499.0 v=101.0 depth=1.2582 depth2=-1.0000 track=2 sf=9 flag=ok
[T2depth] t=42.4840 id=4172 src=motion2 u=37.0 v=130.0 depth=0.0002 depth2=-1.0000 track=2 sf=9 flag=ok
[T2depth] t=42.4840 id=4174 src=motion2 u=317.0 v=209.0 depth=0.0389 depth2=-1.0000 track=2 sf=9 flag=ok
[T2depth] t=42.4840 id=4178 src=stereo u=169.8 v=159.2 depth=5.0000 depth2=-1.0000 track=1 sf=10 flag=init_neg
[T2depth] t=42.4840 id=4185 src=stereo u=447.0 v=110.0 depth=3.8982 depth2=-1.0000 track=1 sf=10 flag=ok
[T2depth] t=42.4840 id=4187 src=stereo u=580.0 v=97.0 depth=38.5505 depth2=-1.0000 track=1 sf=10 flag=ok
[T2gate] t=42.4840 tri=58 rej=0 xrej=0 init_replace=1 gate=0
[T2slv] t=42.4840 phase=1 init_cost=88.3277 final_cost=86.4016 iters=7 term=0 slv_ms=14.5
[T2diag] t=42.4840 P=[-0.0273 -0.0044 0.0030] V=[0.0095 0.0008 -0.0127] |Bas|=0.415304 |Bgs|=0.0006865 Bas=[0.072374 -0.408841 0.009418] Bgs=[0.0001944 -0.0006584 -0.0000022] tic0=[0.1200 0.0500 -0.0200] tic1=[0.1200 -0.0500 -0.0200] td=0.00000 track=139
[E2uls] flag=1 sh_t=42.528 new_t=42.528 dP=[0.0013 0.0011 -0.0005] |dP|=0.0018 first_dt=-1.0000
time: 42.484000, t: -0.027349 -0.004426 0.003003 q: 0.999785 0.020567 0.002240 0.001490 
[T2depth] t=42.5840 id=4176 src=motion2 u=616.3 v=19.2 depth=0.3384 depth2=-1.0000 track=2 sf=9 flag=ok
[T2depth] t=42.5840 id=4177 src=motion2 u=596.2 v=135.2 depth=0.0723 depth2=-1.0000 track=2 sf=9 flag=ok
[T2xcross] t=42.5840 id=4178 est=5.0000 svd=0.0520 rel=0.9896 track=2 sf=9
[T2depth] t=42.5840 id=4179 src=motion2 u=228.5 v=113.6 depth=5.0000 depth2=-1.0000 track=2 sf=9 flag=init_neg
[T2depth] t=42.5840 id=4180 src=motion2 u=512.7 v=43.7 depth=0.2398 depth2=-1.0000 track=2 sf=9 flag=ok
[T2depth] t=42.5840 id=4182 src=motion2 u=129.0 v=43.0 depth=5.0000 depth2=-1.0000 track=2 sf=9 flag=init_neg
[T2depth] t=42.5840 id=4183 src=motion2 u=363.0 v=125.0 depth=0.0736 depth2=-1.0000 track=2 sf=9 flag=ok
[T2depth] t=42.5840 id=4186 src=motion2 u=257.0 v=64.0 depth=5.0000 depth2=-1.0000 track=2 sf=9 flag=init_neg
[T2xcross] t=42.5840 id=4187 est=38.5505 svd=0.0736 rel=0.9981 track=2 sf=9
[T2depth] t=42.5840 id=4195 src=stereo u=408.0 v=45.0 depth=4.3895 depth2=-1.0000 track=1 sf=10 flag=ok
[T2gate] t=42.5840 tri=57 rej=0 xrej=0 init_replace=3 gate=0
[T2slv] t=42.5840 phase=1 init_cost=91.4699 final_cost=86.8124 iters=9 term=1 slv_ms=15.7
[T2diag] t=42.5840 P=[-0.0273 -0.0033 0.0043] V=[0.0131 0.0018 0.0010] |Bas|=0.428781 |Bgs|=0.0007169 Bas=[0.083250 -0.420548 0.007869] Bgs=[0.0002262 -0.0006801 0.0000170] tic0=[0.1200 0.0500 -0.0200] tic1=[0.1200 -0.0500 -0.0200] td=0.00000 track=143
[E2uls] flag=1 sh_t=42.640 new_t=42.640 dP=[0.0007 -0.0020 -0.0039] |dP|=0.0044 first_dt=-1.0000
time: 42.584000, t: -0.027331 -0.003286 0.004259 q: 0.999772 0.021058 0.003239 0.001279 
[T2xcross] t=42.6840 id=4170 est=1.2582 svd=0.1551 rel=0.8767 track=2 sf=9
[T2xcross] t=42.6840 id=4182 est=5.0000 svd=0.0585 rel=0.9883 track=2 sf=9
[T2depth] t=42.6840 id=4188 src=motion2 u=80.9 v=220.8 depth=5.0000 depth2=-1.0000 track=2 sf=9 flag=init_neg
[T2depth] t=42.6840 id=4190 src=motion2 u=129.0 v=156.4 depth=5.0000 depth2=-1.0000 track=2 sf=9 flag=init_neg
[T2depth] t=42.6840 id=4194 src=motion2 u=71.0 v=185.0 depth=0.0306 depth2=-1.0000 track=2 sf=9 flag=ok
[T2depth] t=42.6840 id=4197 src=stereo u=200.8 v=87.9 depth=5.0000 depth2=-1.0000 track=1 sf=10 flag=init_neg
[T2depth] t=42.6840 id=4202 src=stereo u=471.8 v=191.4 depth=3.9738 depth2=-1.0000 track=1 sf=10 flag=ok
[T2depth] t=42.6840 id=4205 src=stereo u=293.0 v=29.0 depth=5.0000 depth2=-1.0000 track=1 sf=10 flag=init_neg
[T2depth] t=42.6840 id=4211 src=stereo u=92.0 v=113.0 depth=5.0000 depth2=-1.0000 track=1 sf=10 flag=init_neg
[T2gate] t=42.6840 tri=62 rej=0 xrej=0 init_replace=5 gate=0
[T2slv] t=42.6840 phase=1 init_cost=88.2941 final_cost=85.8323 iters=9 term=1 slv_ms=8.1
[T2diag] t=42.6840 P=[-0.0276 -0.0031 0.0038] V=[0.0060 -0.0046 -0.0051] |Bas|=0.436090 |Bgs|=0.0006485 Bas=[0.085537 -0.427515 0.009434] Bgs=[0.0001810 -0.0006199 0.0000593] tic0=[0.1200 0.0500 -0.0200] tic1=[0.1200 -0.0500 -0.0200] td=0.00000 track=136
[E2uls] flag=1 sh_t=42.716 new_t=42.716 dP=[0.0022 0.0002 0.0010] |dP|=0.0024 first_dt=-1.0000
time: 42.684000, t: -0.027624 -0.003109 0.003792 q: 0.999767 0.021318 0.003172 0.001302 
[T2depth] t=42.7840 id=4196 src=motion2 u=438.1 v=271.0 depth=5.0000 depth2=-1.0000 track=2 sf=9 flag=init_neg
[T2depth] t=42.7840 id=4199 src=motion2 u=186.3 v=15.5 depth=0.1078 depth2=-1.0000 track=2 sf=9 flag=ok
[T2depth] t=42.7840 id=4200 src=motion2 u=61.2 v=51.8 depth=5.0000 depth2=-1.0000 track=2 sf=9 flag=init_neg
[T2depth] t=42.7840 id=4203 src=motion2 u=339.1 v=155.8 depth=5.0000 depth2=-1.0000 track=2 sf=9 flag=init_neg
[T2depth] t=42.7840 id=4207 src=motion2 u=206.0 v=118.0 depth=3.8849 depth2=-1.0000 track=2 sf=9 flag=ok
[T2depth] t=42.7840 id=4215 src=stereo u=82.8 v=21.9 depth=5.0000 depth2=-1.0000 track=1 sf=10 flag=init_neg
[T2depth] t=42.7840 id=4223 src=stereo u=387.0 v=109.0 depth=3.7729 depth2=-1.0000 track=1 sf=10 flag=ok
[T2gate] t=42.7840 tri=64 rej=0 xrej=0 init_replace=4 gate=0
[T2slv] t=42.7840 phase=1 init_cost=86.6961 final_cost=85.4699 iters=9 term=1 slv_ms=19.8
[T2diag] t=42.7840 P=[-0.0266 -0.0029 0.0046] V=[0.0095 -0.0002 -0.0029] |Bas|=0.444356 |Bgs|=0.0006803 Bas=[0.089285 -0.435186 0.009660] Bgs=[0.0001896 -0.0006466 0.0000937] tic0=[0.1200 0.0500 -0.0200] tic1=[0.1200 -0.0500 -0.0200] td=0.00000 track=138
[E2uls] flag=1 sh_t=42.828 new_t=42.828 dP=[-0.0002 -0.0007 -0.0014] |dP|=0.0016 first_dt=-1.0000
time: 42.784000, t: -0.026626 -0.002946 0.004563 q: 0.999759 0.021636 0.003446 0.001160 
[T2depth] t=42.8840 id=4216 src=motion2 u=130.2 v=80.0 depth=0.0328 depth2=-1.0000 track=2 sf=9 flag=ok
[T2depth] t=42.8840 id=4218 src=motion2 u=158.1 v=217.6 depth=0.1407 depth2=-1.0000 track=2 sf=9 flag=ok
[T2depth] t=42.8840 id=4219 src=motion2 u=567.3 v=66.3 depth=0.2842 depth2=-1.0000 track=2 sf=9 flag=ok
[T2depth] t=42.8840 id=4222 src=motion2 u=610.0 v=105.0 depth=5.0000 depth2=-1.0000 track=2 sf=9 flag=init_neg
[T2depth] t=42.8840 id=4224 src=motion2 u=167.0 v=141.0 depth=5.0000 depth2=-1.0000 track=2 sf=9 flag=init_neg
[T2depth] t=42.8840 id=4232 src=stereo u=393.9 v=192.2 depth=3.6334 depth2=-1.0000 track=1 sf=10 flag=ok
[T2depth] t=42.8840 id=4233 src=stereo u=140.0 v=13.1 depth=5.0000 depth2=-1.0000 track=1 sf=10 flag=init_neg
[T2depth] t=42.8840 id=4237 src=stereo u=221.0 v=176.0 depth=25.3225 depth2=-1.0000 track=1 sf=10 flag=ok
[T2gate] t=42.8840 tri=65 rej=0 xrej=0 init_replace=3 gate=0
[T2slv] t=42.8840 phase=1 init_cost=87.5482 final_cost=85.9203 iters=9 term=1 slv_ms=10.0
[T2diag] t=42.8840 P=[-0.0272 -0.0040 0.0040] V=[0.0071 -0.0041 -0.0019] |Bas|=0.450218 |Bgs|=0.0006372 Bas=[0.089627 -0.441092 0.010043] Bgs=[0.0001573 -0.0006137 0.0000676] tic0=[0.1200 0.0500 -0.0200] tic1=[0.1200 -0.0500 -0.0200] td=0.00000 track=137
[E2uls] flag=1 sh_t=42.940 new_t=42.940 dP=[0.0024 0.0016 0.0006] |dP|=0.0029 first_dt=-1.0000
time: 42.884000, t: -0.027228 -0.003999 0.003983 q: 0.999746 0.022271 0.003328 0.001345 
[T2depth] t=42.9840 id=4228 src=motion2 u=301.3 v=19.6 depth=5.0000 depth2=-1.0000 track=2 sf=9 flag=init_neg
[T2depth] t=42.9840 id=4229 src=motion2 u=503.7 v=144.4 depth=0.0634 depth2=-1.0000 track=2 sf=9 flag=ok
[T2depth] t=42.9840 id=4231 src=motion2 u=314.8 v=121.3 depth=0.0373 depth2=-1.0000 track=2 sf=9 flag=ok
[T2depth] t=42.9840 id=4236 src=motion2 u=216.0 v=140.0 depth=0.0257 depth2=-1.0000 track=2 sf=9 flag=ok
[T2depth] t=42.9840 id=4239 src=motion2 u=357.0 v=13.0 depth=0.1380 depth2=-1.0000 track=2 sf=9 flag=ok
[T2depth] t=42.9840 id=4252 src=stereo u=404.0 v=200.0 depth=4.3150 depth2=-1.0000 track=1 sf=10 flag=ok
[T2depth] t=42.9840 id=4253 src=stereo u=494.0 v=227.0 depth=3.6336 depth2=-1.0000 track=1 sf=10 flag=ok
[T2gate] t=42.9840 tri=64 rej=0 xrej=0 init_replace=1 gate=0
[T2slv] t=42.9840 phase=1 init_cost=87.2728 final_cost=85.9404 iters=9 term=1 slv_ms=14.2
[T2diag] t=42.9840 P=[-0.0273 -0.0044 0.0041] V=[0.0085 0.0030 0.0021] |Bas|=0.460309 |Bgs|=0.0006174 Bas=[0.095306 -0.450220 0.010172] Bgs=[0.0001887 -0.0005870 0.0000320] tic0=[0.1200 0.0500 -0.0200] tic1=[0.1200 -0.0500 -0.0200] td=0.00000 track=138
[E2uls] flag=1 sh_t=43.024 new_t=43.024 dP=[0.0012 -0.0004 -0.0003] |dP|=0.0012 first_dt=-1.0000
time: 42.984000, t: -0.027341 -0.004428 0.004144 q: 0.999742 0.022348 0.003801 0.001458 
[T2xcross] t=43.0840 id=4196 est=5.0000 svd=0.5149 rel=0.8970 track=2 sf=9
[T2xcross] t=43.0840 id=4224 est=5.0000 svd=0.0172 rel=0.9966 track=2 sf=9
[T2depth] t=43.0840 id=4244 src=motion2 u=76.0 v=117.0 depth=0.0365 depth2=-1.0000 track=2 sf=9 flag=ok
[T2depth] t=43.0840 id=4247 src=motion2 u=106.0 v=147.0 depth=5.0000 depth2=-1.0000 track=2 sf=9 flag=init_neg
[T2depth] t=43.0840 id=4248 src=motion2 u=632.0 v=209.0 depth=0.2297 depth2=-1.0000 track=2 sf=9 flag=ok
[T2depth] t=43.0840 id=4251 src=motion2 u=549.0 v=221.0 depth=5.0000 depth2=-1.0000 track=2 sf=9 flag=init_neg
[T2depth] t=43.0840 id=4254 src=motion2 u=271.0 v=12.0 depth=5.0000 depth2=-1.0000 track=2 sf=9 flag=init_neg
[T2depth] t=43.0840 id=4255 src=motion2 u=408.0 v=63.0 depth=0.0145 depth2=-1.0000 track=2 sf=9 flag=ok
[T2depth] t=43.0840 id=4260 src=stereo u=245.3 v=156.8 depth=39.4544 depth2=-1.0000 track=1 sf=10 flag=ok
[T2depth] t=43.0840 id=4266 src=stereo u=501.0 v=106.0 depth=3.5445 depth2=-1.0000 track=1 sf=10 flag=ok
[T2gate] t=43.0840 tri=64 rej=0 xrej=0 init_replace=3 gate=0
[T2slv] t=43.0840 phase=1 init_cost=88.0828 final_cost=86.0301 iters=9 term=1 slv_ms=10.7
[T2diag] t=43.0840 P=[-0.0270 -0.0037 0.0051] V=[0.0052 -0.0029 0.0054] |Bas|=0.470314 |Bgs|=0.0005768 Bas=[0.100783 -0.459275 0.010210] Bgs=[0.0001328 -0.0005540 0.0000904] tic0=[0.1200 0.0500 -0.0200] tic1=[0.1200 -0.0500 -0.0200] td=0.00000 track=138
[E2uls] flag=1 sh_t=43.136 new_t=43.136 dP=[0.0011 0.0000 -0.0007] |dP|=0.0013 first_dt=-1.0000
time: 43.084000, t: -0.027029 -0.003728 0.005138 q: 0.999728 0.022860 0.004329 0.001372 
[T2xcross] t=43.1840 id=3457 est=5.0000 svd=0.5470 rel=0.8906 track=2 sf=9
[T2xcross] t=43.1840 id=4134 est=5.0000 svd=0.4532 rel=0.9094 track=2 sf=9
[T2depth] t=43.1840 id=4263 src=motion2 u=428.0 v=5.4 depth=5.0000 depth2=-1.0000 track=2 sf=9 flag=init_neg
[T2depth] t=43.1840 id=4265 src=motion2 u=336.0 v=164.0 depth=5.0000 depth2=-1.0000 track=2 sf=9 flag=init_neg
[T2xcross] t=43.1840 id=4266 est=3.5445 svd=0.0593 rel=0.9833 track=2 sf=9
[T2depth] t=43.1840 id=4267 src=motion2 u=330.0 v=66.0 depth=5.0000 depth2=-1.0000 track=2 sf=9 flag=init_neg
[T2depth] t=43.1840 id=4271 src=stereo u=583.6 v=43.7 depth=5.0000 depth2=-1.0000 track=1 sf=10 flag=init_neg
[T2depth] t=43.1840 id=4273 src=stereo u=118.7 v=152.7 depth=5.0000 depth2=-1.0000 track=1 sf=10 flag=init_neg
[T2depth] t=43.1840 id=4277 src=stereo u=521.9 v=146.4 depth=30.3547 depth2=-1.0000 track=1 sf=10 flag=ok
[T2depth] t=43.1840 id=4278 src=stereo u=481.6 v=219.1 depth=4.4975 depth2=-1.0000 track=1 sf=10 flag=ok
[T2depth] t=43.1840 id=4283 src=stereo u=484.0 v=55.0 depth=4.3615 depth2=-1.0000 track=1 sf=10 flag=ok
[T2depth] t=43.1840 id=4284 src=stereo u=375.0 v=183.0 depth=4.3635 depth2=-1.0000 track=1 sf=10 flag=ok
[T2gate] t=43.1840 tri=67 rej=0 xrej=0 init_replace=5 gate=0
[T2slv] t=43.1840 phase=1 init_cost=87.8034 final_cost=86.0519 iters=9 term=1 slv_ms=14.5
[T2diag] t=43.1840 P=[-0.0260 -0.0025 0.0062] V=[0.0098 0.0048 0.0047] |Bas|=0.481563 |Bgs|=0.0005944 Bas=[0.106372 -0.469546 0.010682] Bgs=[0.0001824 -0.0005479 0.0001411] tic0=[0.1200 0.0500 -0.0200] tic1=[0.1200 -0.0500 -0.0200] td=0.00000 track=135
[E2uls] flag=1 sh_t=43.232 new_t=43.232 dP=[-0.0001 -0.0018 -0.0004] |dP|=0.0018 first_dt=-1.0000
time: 43.184000, t: -0.026014 -0.002471 0.006192 q: 0.999712 0.023489 0.004819 0.001051 
[T2xcross] t=43.2840 id=4273 est=5.0000 svd=0.0355 rel=0.9929 track=2 sf=9
[T2depth] t=43.2840 id=4276 src=motion2 u=594.8 v=147.1 depth=5.0000 depth2=-1.0000 track=2 sf=9 flag=init_neg
[T2xcross] t=43.2840 id=4278 est=4.4975 svd=0.1296 rel=0.9712 track=2 sf=9
[T2depth] t=43.2840 id=4279 src=motion2 u=201.0 v=54.0 depth=0.0489 depth2=-1.0000 track=2 sf=9 flag=ok
[T2depth] t=43.2840 id=4285 src=motion2 u=286.0 v=215.0 depth=0.1691 depth2=-1.0000 track=2 sf=9 flag=ok
[T2depth] t=43.2840 id=4291 src=stereo u=361.7 v=29.6 depth=3.5126 depth2=-1.0000 track=1 sf=10 flag=ok
[T2depth] t=43.2840 id=4297 src=stereo u=184.9 v=162.2 depth=5.0000 depth2=-1.0000 track=1 sf=10 flag=init_neg
[T2depth] t=43.2840 id=4303 src=stereo u=514.0 v=15.0 depth=3.7977 depth2=-1.0000 track=1 sf=10 flag=ok
[T2gate] t=43.2840 tri=67 rej=0 xrej=0 init_replace=2 gate=0
[T2slv] t=43.2840 phase=1 init_cost=87.4655 final_cost=86.2472 iters=9 term=1 slv_ms=8.5
[T2diag] t=43.2840 P=[-0.0261 -0.0027 0.0062] V=[0.0052 0.0065 0.0032] |Bas|=0.488951 |Bgs|=0.0005607 Bas=[0.105659 -0.477258 0.011599] Bgs=[0.0002199 -0.0005084 0.0000867] tic0=[0.1200 0.0500 -0.0200] tic1=[0.1200 -0.0500 -0.0200] td=0.00000 track=134
[E2uls] flag=1 sh_t=43.344 new_t=43.344 dP=[0.0018 0.0010 0.0013] |dP|=0.0024 first_dt=-1.0000
time: 43.284000, t: -0.026097 -0.002688 0.006151 q: 0.999702 0.023923 0.004711 0.001123 
[T2depth] t=43.3840 id=4289 src=motion2 u=13.4 v=35.3 depth=0.1053 depth2=-1.0000 track=2 sf=9 flag=ok
[T2depth] t=43.3840 id=4290 src=motion2 u=604.8 v=16.3 depth=0.0391 depth2=-1.0000 track=2 sf=9 flag=ok
[T2depth] t=43.3840 id=4292 src=motion2 u=287.3 v=41.2 depth=0.0335 depth2=-1.0000 track=2 sf=9 flag=ok
[T2depth] t=43.3840 id=4295 src=motion2 u=532.5 v=187.1 depth=1.3772 depth2=-1.0000 track=2 sf=9 flag=ok
[T2depth] t=43.3840 id=4298 src=motion2 u=103.0 v=10.0 depth=0.0703 depth2=-1.0000 track=2 sf=9 flag=ok
[T2depth] t=43.3840 id=4300 src=motion2 u=132.0 v=67.0 depth=0.0652 depth2=-1.0000 track=2 sf=9 flag=ok
[T2depth] t=43.3840 id=4301 src=motion2 u=581.0 v=262.0 depth=0.3702 depth2=-1.0000 track=2 sf=9 flag=ok
[T2depth] t=43.3840 id=4304 src=motion2 u=142.0 v=181.0 depth=5.0000 depth2=-1.0000 track=2 sf=9 flag=init_neg
[T2depth] t=43.3840 id=4307 src=motion2 u=582.0 v=186.0 depth=5.0000 depth2=-1.0000 track=2 sf=9 flag=init_neg
[T2depth] t=43.3840 id=4312 src=stereo u=527.0 v=54.7 depth=3.8148 depth2=-1.0000 track=1 sf=10 flag=ok
[T2gate] t=43.3840 tri=65 rej=0 xrej=0 init_replace=2 gate=0
[T2slv] t=43.3840 phase=1 init_cost=87.8484 final_cost=86.4002 iters=9 term=1 slv_ms=10.7
[T2diag] t=43.3840 P=[-0.0256 -0.0020 0.0061] V=[0.0049 0.0085 -0.0012] |Bas|=0.491302 |Bgs|=0.0005908 Bas=[0.098865 -0.481086 0.012629] Bgs=[0.0002412 -0.0005339 0.0000767] tic0=[0.1200 0.0500 -0.0200] tic1=[0.1200 -0.0500 -0.0200] td=0.00000 track=140
[E2uls] flag=1 sh_t=43.440 new_t=43.440 dP=[-0.0001 0.0001 0.0014] |dP|=0.0014 first_dt=-1.0000
time: 43.384000, t: -0.025609 -0.002039 0.006068 q: 0.999699 0.024143 0.004203 0.000937 
[T2xcross] t=43.4840 id=4289 est=0.1053 svd=0.0233 rel=0.7790 track=2 sf=9
[T2depth] t=43.4840 id=4314 src=motion2 u=397.4 v=113.8 depth=5.0000 depth2=-1.0000 track=2 sf=9 flag=init_neg
[T2depth] t=43.4840 id=4316 src=motion2 u=184.0 v=193.0 depth=5.0000 depth2=-1.0000 track=2 sf=9 flag=init_neg
[T2depth] t=43.4840 id=4317 src=motion2 u=37.0 v=84.0 depth=5.0000 depth2=-1.0000 track=2 sf=9 flag=init_neg
[T2depth] t=43.4840 id=4318 src=motion2 u=610.0 v=69.0 depth=5.0000 depth2=-1.0000 track=2 sf=9 flag=init_neg
[T2depth] t=43.4840 id=4319 src=motion2 u=240.0 v=181.0 depth=0.3157 depth2=-1.0000 track=2 sf=9 flag=ok
[T2depth] t=43.4840 id=4320 src=motion2 u=420.0 v=205.0 depth=0.1926 depth2=-1.0000 track=2 sf=9 flag=ok
[T2depth] t=43.4840 id=4324 src=stereo u=584.2 v=117.8 depth=5.0000 depth2=-1.0000 track=1 sf=10 flag=init_neg
[T2depth] t=43.4840 id=4329 src=stereo u=582.1 v=217.1 depth=0.9983 depth2=-1.0000 track=1 sf=10 flag=ok
[T2gate] t=43.4840 tri=62 rej=0 xrej=0 init_replace=5 gate=0
[T2slv] t=43.4840 phase=1 init_cost=87.6689 final_cost=86.5124 iters=9 term=1 slv_ms=12.3
[T2diag] t=43.4840 P=[-0.0253 -0.0020 0.0066] V=[0.0022 0.0041 0.0046] |Bas|=0.495240 |Bgs|=0.0006169 Bas=[0.093470 -0.486185 0.012276] Bgs=[0.0002598 -0.0005568 0.0000543] tic0=[0.1200 0.0500 -0.0200] tic1=[0.1200 -0.0500 -0.0200] td=0.00000 track=139
[E2uls] flag=1 sh_t=43.520 new_t=43.520 dP=[-0.0002 0.0009 -0.0006] |dP|=0.0011 first_dt=-1.0000
time: 43.484000, t: -0.025283 -0.002020 0.006557 q: 0.999688 0.024637 0.003984 0.000948 
[T2xcross] t=43.5840 id=667 est=5.0000 svd=0.0586 rel=0.9883 track=2 sf=9
[T2depth] t=43.5840 id=4325 src=motion2 u=283.1 v=137.4 depth=5.0000 depth2=-1.0000 track=2 sf=9 flag=init_neg
[T2depth] t=43.5840 id=4326 src=motion2 u=590.3 v=44.7 depth=5.0000 depth2=-1.0000 track=2 sf=9 flag=init_neg
[T2depth] t=43.5840 id=4328 src=motion2 u=117.4 v=209.1 depth=5.0000 depth2=-1.0000 track=2 sf=9 flag=init_neg
[T2depth] t=43.5840 id=4330 src=motion2 u=95.0 v=172.0 depth=5.0000 depth2=-1.0000 track=2 sf=9 flag=init_neg
[T2depth] t=43.5840 id=4331 src=motion2 u=145.0 v=192.0 depth=5.0000 depth2=-1.0000 track=2 sf=9 flag=init_neg
[T2depth] t=43.5840 id=4332 src=stereo u=530.9 v=252.0 depth=2.1616 depth2=-1.0000 track=1 sf=10 flag=ok
[T2depth] t=43.5840 id=4336 src=stereo u=328.1 v=104.0 depth=5.0000 depth2=-1.0000 track=1 sf=10 flag=init_neg
[T2depth] t=43.5840 id=4338 src=stereo u=445.0 v=191.0 depth=3.8983 depth2=-1.0000 track=1 sf=10 flag=ok
[T2depth] t=43.5840 id=4339 src=stereo u=384.0 v=173.7 depth=3.8157 depth2=-1.0000 track=1 sf=10 flag=ok
[T2gate] t=43.5840 tri=61 rej=0 xrej=0 init_replace=6 gate=0
[T2slv] t=43.5840 phase=1 init_cost=88.0123 final_cost=86.677 iters=9 term=1 slv_ms=10.6
[T2diag] t=43.5840 P=[-0.0257 -0.0016 0.0062] V=[0.0023 0.0031 0.0019] |Bas|=0.495936 |Bgs|=0.0006466 Bas=[0.083346 -0.488716 0.012760] Bgs=[0.0003093 -0.0005650 0.0000571] tic0=[0.1200 0.0500 -0.0200] tic1=[0.1200 -0.0500 -0.0200] td=0.00000 track=140
[E2uls] flag=1 sh_t=43.648 new_t=43.648 dP=[0.0011 -0.0001 0.0013] |dP|=0.0017 first_dt=-1.0000
time: 43.584000, t: -0.025678 -0.001650 0.006240 q: 0.999683 0.024920 0.003347 0.000884 
[T2xcross] t=43.6840 id=4324 est=5.0000 svd=0.1126 rel=0.9775 track=2 sf=9
[T2xcross] t=43.6840 id=4332 est=2.1616 svd=0.8785 rel=0.5936 track=2 sf=9
[T2depth] t=43.6840 id=4333 src=motion2 u=61.2 v=239.0 depth=0.3123 depth2=-1.0000 track=2 sf=9 flag=ok
[T2xcross] t=43.6840 id=4338 est=3.8983 svd=1.1719 rel=0.6994 track=2 sf=9
[T2xcross] t=43.6840 id=4339 est=3.8157 svd=0.1600 rel=0.9581 track=2 sf=9
[T2depth] t=43.6840 id=4340 src=motion2 u=616.0 v=143.0 depth=0.6560 depth2=-1.0000 track=2 sf=9 flag=ok
[T2depth] t=43.6840 id=4341 src=motion2 u=609.0 v=231.0 depth=0.2160 depth2=-1.0000 track=2 sf=9 flag=ok
[T2depth] t=43.6840 id=4342 src=motion2 u=25.0 v=187.0 depth=0.0068 depth2=-1.0000 track=2 sf=9 flag=ok
[T2depth] t=43.6840 id=4343 src=motion2 u=325.0 v=65.0 depth=0.0452 depth2=-1.0000 track=2 sf=9 flag=ok
[T2depth] t=43.6840 id=4345 src=stereo u=392.8 v=23.4 depth=4.3138 depth2=-1.0000 track=1 sf=10 flag=ok
[T2depth] t=43.6840 id=4348 src=stereo u=520.8 v=178.1 depth=4.1495 depth2=-1.0000 track=1 sf=10 flag=ok
[T2depth] t=43.6840 id=4349 src=stereo u=145.0 v=154.0 depth=35.9279 depth2=-1.0000 track=1 sf=10 flag=ok
[T2depth] t=43.6840 id=4350 src=stereo u=82.0 v=72.0 depth=5.0000 depth2=-1.0000 track=1 sf=10 flag=init_neg
[T2depth] t=43.6840 id=4351 src=stereo u=612.0 v=95.0 depth=34.7096 depth2=-1.0000 track=1 sf=10 flag=ok
[T2gate] t=43.6840 tri=57 rej=0 xrej=0 init_replace=1 gate=0
[T2slv] t=43.6840 phase=1 init_cost=87.7779 final_cost=86.7168 iters=9 term=1 slv_ms=11.7
[T2diag] t=43.6840 P=[-0.0255 -0.0016 0.0065] V=[0.0075 0.0050 0.0047] |Bas|=0.499394 |Bgs|=0.0006647 Bas=[0.077060 -0.493253 0.012549] Bgs=[0.0003324 -0.0005742 0.0000405] tic0=[0.1200 0.0500 -0.0200] tic1=[0.1200 -0.0500 -0.0200] td=0.00000 track=141
[E2uls] flag=1 sh_t=43.724 new_t=43.724 dP=[0.0003 0.0005 -0.0002] |dP|=0.0007 first_dt=-1.0000
time: 43.684000, t: -0.025505 -0.001634 0.006514 q: 0.999680 0.025070 0.003154 0.000888 
[T2xcross] t=43.7840 id=4342 est=0.0068 svd=0.0158 rel=0.5679 track=2 sf=9
[T2xcross] t=43.7840 id=4345 est=4.3138 svd=0.0746 rel=0.9827 track=2 sf=9
[T2depth] t=43.7840 id=4346 src=motion2 u=193.1 v=152.0 depth=0.0348 depth2=-1.0000 track=2 sf=9 flag=ok
[T2depth] t=43.7840 id=4347 src=motion2 u=557.1 v=213.4 depth=5.0000 depth2=-1.0000 track=2 sf=9 flag=init_neg
[T2depth] t=43.7840 id=4358 src=stereo u=415.9 v=106.2 depth=3.5644 depth2=-1.0000 track=1 sf=10 flag=ok
[T2gate] t=43.7840 tri=56 rej=0 xrej=0 init_replace=1 gate=0
[T2slv] t=43.7840 phase=1 init_cost=88.4602 final_cost=86.944 iters=9 term=1 slv_ms=10.3
[T2diag] t=43.7840 P=[-0.0253 -0.0020 0.0067] V=[0.0046 -0.0015 0.0046] |Bas|=0.500789 |Bgs|=0.0006446 Bas=[0.068794 -0.495877 0.012769] Bgs=[0.0003275 -0.0005539 0.0000387] tic0=[0.1200 0.0500 -0.0200] tic1=[0.1200 -0.0500 -0.0200] td=0.00000 track=140
[E2uls] flag=1 sh_t=43.848 new_t=43.848 dP=[0.0013 0.0008 0.0007] |dP|=0.0017 first_dt=-1.0000
time: 43.784000, t: -0.025255 -0.001951 0.006661 q: 0.999676 0.025272 0.002701 0.000992 
[T2xcross] t=43.9160 id=4318 est=5.0000 svd=0.0087 rel=0.9983 track=2 sf=9
[T2depth] t=43.9160 id=4360 src=motion2 u=104.0 v=159.0 depth=0.0366 depth2=-1.0000 track=2 sf=9 flag=ok
[T2depth] t=43.9160 id=4362 src=motion2 u=202.0 v=83.0 depth=0.0058 depth2=-1.0000 track=2 sf=9 flag=ok
[T2depth] t=43.9160 id=4364 src=motion2 u=544.0 v=165.0 depth=5.0000 depth2=-1.0000 track=2 sf=9 flag=init_neg
[T2depth] t=43.9160 id=4365 src=motion2 u=531.0 v=102.0 depth=0.0887 depth2=-1.0000 track=2 sf=9 flag=ok
[T2depth] t=43.9160 id=4370 src=stereo u=466.5 v=172.5 depth=3.7942 depth2=-1.0000 track=1 sf=10 flag=ok
[T2depth] t=43.9160 id=4371 src=stereo u=74.3 v=10.2 depth=29.5155 depth2=-1.0000 track=1 sf=10 flag=ok
[T2depth] t=43.9160 id=4378 src=stereo u=471.0 v=66.0 depth=3.7127 depth2=-1.0000 track=1 sf=10 flag=ok
[T2gate] t=43.9160 tri=63 rej=0 xrej=0 init_replace=1 gate=0
[T2slv] t=43.9160 phase=1 init_cost=88.2973 final_cost=86.622 iters=9 term=1 slv_ms=15.6
[T2diag] t=43.9160 P=[-0.0257 -0.0019 0.0061] V=[0.0056 -0.0009 0.0005] |Bas|=0.498389 |Bgs|=0.0006410 Bas=[0.056836 -0.494961 0.013209] Bgs=[0.0003290 -0.0005466 0.0000614] tic0=[0.1200 0.0500 -0.0200] tic1=[0.1200 -0.0500 -0.0200] td=0.00000 track=138
[E2uls] flag=1 sh_t=43.976 new_t=43.976 dP=[0.0022 -0.0007 0.0013] |dP|=0.0026 first_dt=-1.0000
time: 43.916000, t: -0.025705 -0.001865 0.006137 q: 0.999682 0.025122 0.002019 0.000991 
[T2xcross] t=44.0520 id=4358 est=3.5644 svd=0.1748 rel=0.9510 track=2 sf=9
[T2depth] t=44.0520 id=4367 src=motion2 u=255.1 v=34.4 depth=0.1092 depth2=-1.0000 track=2 sf=9 flag=ok
[T2depth] t=44.0520 id=4369 src=motion2 u=327.2 v=163.2 depth=0.4164 depth2=-1.0000 track=2 sf=9 flag=ok
[T2depth] t=44.0520 id=4372 src=motion2 u=86.0 v=211.0 depth=0.0486 depth2=-1.0000 track=2 sf=9 flag=ok
[T2depth] t=44.0520 id=4373 src=motion2 u=213.0 v=140.0 depth=0.0475 depth2=-1.0000 track=2 sf=9 flag=ok
[T2depth] t=44.0520 id=4374 src=motion2 u=555.0 v=35.0 depth=0.3402 depth2=-1.0000 track=2 sf=9 flag=ok
[T2depth] t=44.0520 id=4380 src=stereo u=459.7 v=93.6 depth=4.3153 depth2=-1.0000 track=1 sf=10 flag=ok
[T2depth] t=44.0520 id=4384 src=stereo u=368.0 v=98.9 depth=3.4777 depth2=-1.0000 track=1 sf=10 flag=ok
[T2depth] t=44.0520 id=4387 src=stereo u=160.1 v=201.3 depth=9.7587 depth2=-1.0000 track=1 sf=10 flag=ok
[T2depth] t=44.0520 id=4390 src=stereo u=164.0 v=69.0 depth=41.1913 depth2=-1.0000 track=1 sf=10 flag=ok
[T2depth] t=44.0520 id=4391 src=stereo u=362.0 v=50.0 depth=3.8974 depth2=-1.0000 track=1 sf=10 flag=ok
[T2depth] t=44.0520 id=4392 src=stereo u=34.0 v=179.0 depth=31.9799 depth2=-1.0000 track=1 sf=10 flag=ok
[T2depth] t=44.0520 id=4393 src=stereo u=572.0 v=214.0 depth=1.0576 depth2=-1.0000 track=1 sf=10 flag=ok
[T2depth] t=44.0520 id=4394 src=stereo u=110.0 v=185.0 depth=5.0000 depth2=-1.0000 track=1 sf=10 flag=init_neg
[T2gate] t=44.0520 tri=65 rej=0 xrej=0 init_replace=1 gate=0
[T2slv] t=44.0520 phase=1 init_cost=88.3978 final_cost=86.6407 iters=7 term=0 slv_ms=10.9
[T2diag] t=44.0520 P=[-0.0262 -0.0022 0.0058] V=[0.0060 -0.0036 0.0013] |Bas|=0.499799 |Bgs|=0.0006182 Bas=[0.053836 -0.496730 0.012621] Bgs=[0.0003183 -0.0005239 0.0000801] tic0=[0.1200 0.0500 -0.0200] tic1=[0.1200 -0.0500 -0.0200] td=0.00000 track=136
[E2uls] flag=1 sh_t=44.116 new_t=44.116 dP=[0.0022 0.0003 -0.0008] |dP|=0.0023 first_dt=-1.0000
time: 44.052000, t: -0.026158 -0.002224 0.005818 q: 0.999680 0.025190 0.001967 0.001091 
[T2xcross] t=44.1880 id=4362 est=0.0058 svd=0.0672 rel=0.9135 track=2 sf=9
[T2xcross] t=44.1880 id=4374 est=0.3402 svd=0.0543 rel=0.8403 track=2 sf=9
[T2depth] t=44.1880 id=4379 src=motion2 u=65.7 v=93.2 depth=5.0000 depth2=-1.0000 track=2 sf=9 flag=init_neg
[T2depth] t=44.1880 id=4385 src=motion2 u=172.0 v=141.7 depth=5.0000 depth2=-1.0000 track=2 sf=9 flag=init_neg
[T2depth] t=44.1880 id=4386 src=motion2 u=570.3 v=169.3 depth=5.0000 depth2=-1.0000 track=2 sf=9 flag=init_neg
[T2xcross] t=44.1880 id=4387 est=9.7587 svd=0.0128 rel=0.9987 track=2 sf=9
[T2depth] t=44.1880 id=4388 src=motion2 u=299.5 v=201.2 depth=0.1574 depth2=-1.0000 track=2 sf=9 flag=ok
[T2xcross] t=44.1880 id=4391 est=3.8974 svd=0.0556 rel=0.9857 track=2 sf=9
[T2xcross] t=44.1880 id=4392 est=31.9799 svd=0.6924 rel=0.9783 track=2 sf=9
[T2xcross] t=44.1880 id=4393 est=1.0576 svd=0.0121 rel=0.9886 track=2 sf=9
[T2xcross] t=44.1880 id=4394 est=5.0000 svd=0.0469 rel=0.9906 track=2 sf=9
[T2depth] t=44.1880 id=4398 src=stereo u=493.2 v=86.2 depth=3.7125 depth2=-1.0000 track=1 sf=10 flag=ok
[T2depth] t=44.1880 id=4399 src=stereo u=477.0 v=131.0 depth=5.0000 depth2=-1.0000 track=1 sf=10 flag=init_neg
[T2depth] t=44.1880 id=4400 src=stereo u=445.0 v=101.0 depth=3.8965 depth2=-1.0000 track=1 sf=10 flag=ok
[T2depth] t=44.1880 id=4401 src=stereo u=412.0 v=194.0 depth=4.0602 depth2=-1.0000 track=1 sf=10 flag=ok
[T2depth] t=44.1880 id=4402 src=stereo u=535.0 v=181.0 depth=4.0394 depth2=-1.0000 track=1 sf=10 flag=ok
[T2depth] t=44.1880 id=4405 src=stereo u=433.0 v=70.0 depth=3.7338 depth2=-1.0000 track=1 sf=10 flag=ok
[T2gate] t=44.1880 tri=59 rej=0 xrej=0 init_replace=4 gate=0
[T2slv] t=44.1880 phase=1 init_cost=87.8237 final_cost=86.4488 iters=9 term=1 slv_ms=20.6
[T2diag] t=44.1880 P=[-0.0255 -0.0017 0.0063] V=[0.0089 0.0042 0.0024] |Bas|=0.506292 |Bgs|=0.0006170 Bas=[0.056834 -0.502935 0.012554] Bgs=[0.0003460 -0.0005031 0.0000887] tic0=[0.1200 0.0500 -0.0200] tic1=[0.1200 -0.0500 -0.0200] td=0.00000 track=139
[E2uls] flag=1 sh_t=44.236 new_t=44.236 dP=[0.0008 -0.0014 -0.0006] |dP|=0.0017 first_dt=-1.0000
time: 44.188000, t: -0.025502 -0.001668 0.006294 q: 0.999673 0.025450 0.002201 0.000929 
[T2xcross] t=44.2880 id=4385 est=5.0000 svd=0.0317 rel=0.9937 track=2 sf=9
[T2xcross] t=44.2880 id=4388 est=0.1574 svd=0.0253 rel=0.8395 track=2 sf=9
[T2depth] t=44.2880 id=4395 src=motion2 u=314.0 v=64.4 depth=5.0000 depth2=-1.0000 track=2 sf=9 flag=init_neg
[T2depth] t=44.2880 id=4396 src=motion2 u=589.2 v=39.1 depth=0.0274 depth2=-1.0000 track=2 sf=9 flag=ok
[T2xcross] t=44.2880 id=4401 est=4.0602 svd=0.0770 rel=0.9810 track=2 sf=9
[T2xcross] t=44.2880 id=4402 est=4.0394 svd=0.0088 rel=0.9978 track=2 sf=9
[T2depth] t=44.2880 id=4403 src=motion2 u=334.0 v=179.0 depth=0.0431 depth2=-1.0000 track=2 sf=9 flag=ok
[T2xcross] t=44.2880 id=4405 est=3.7338 svd=0.0731 rel=0.9804 track=2 sf=9
[T2depth] t=44.2880 id=4412 src=stereo u=546.5 v=83.8 depth=3.5338 depth2=-1.0000 track=1 sf=10 flag=ok
[T2depth] t=44.2880 id=4413 src=stereo u=382.0 v=213.0 depth=4.3265 depth2=-1.0000 track=1 sf=10 flag=ok
[T2depth] t=44.2880 id=4416 src=stereo u=455.0 v=115.0 depth=3.8933 depth2=-1.0000 track=1 sf=10 flag=ok
[T2depth] t=44.2880 id=4418 src=stereo u=34.0 v=43.0 depth=5.0000 depth2=-1.0000 track=1 sf=10 flag=init_neg
[T2gate] t=44.2880 tri=58 rej=0 xrej=0 init_replace=2 gate=0
[T2slv] t=44.2880 phase=1 init_cost=87.7565 final_cost=86.284 iters=9 term=1 slv_ms=9.8
[T2diag] t=44.2880 P=[-0.0254 -0.0014 0.0066] V=[0.0124 0.0082 0.0032] |Bas|=0.512993 |Bgs|=0.0006173 Bas=[0.060532 -0.509241 0.013078] Bgs=[0.0003675 -0.0004949 0.0000329] tic0=[0.1200 0.0500 -0.0200] tic1=[0.1200 -0.0500 -0.0200] td=0.00000 track=139
[E2uls] flag=1 sh_t=44.340 new_t=44.340 dP=[0.0018 -0.0003 0.0004] |dP|=0.0018 first_dt=-1.0000
time: 44.288000, t: -0.025422 -0.001445 0.006607 q: 0.999666 0.025697 0.002464 0.000886 
[T2depth] t=44.3840 id=4406 src=motion2 u=103.1 v=79.9 depth=0.0284 depth2=-1.0000 track=2 sf=9 flag=ok
[T2depth] t=44.3840 id=4415 src=motion2 u=233.0 v=154.0 depth=0.1641 depth2=-1.0000 track=2 sf=9 flag=ok
[T2depth] t=44.3840 id=4417 src=motion2 u=352.0 v=23.0 depth=0.0126 depth2=-1.0000 track=2 sf=9 flag=ok
[T2depth] t=44.3840 id=4420 src=stereo u=503.3 v=177.0 depth=3.7179 depth2=-1.0000 track=1 sf=10 flag=ok
[T2depth] t=44.3840 id=4422 src=stereo u=421.1 v=73.2 depth=4.4345 depth2=-1.0000 track=1 sf=10 flag=ok
[T2depth] t=44.3840 id=4425 src=stereo u=122.1 v=116.1 depth=24.1052 depth2=-1.0000 track=1 sf=10 flag=ok
[T2depth] t=44.3840 id=4432 src=stereo u=94.0 v=44.0 depth=5.0000 depth2=-1.0000 track=1 sf=10 flag=init_neg
[T2gate] t=44.3840 tri=62 rej=0 xrej=0 init_replace=1 gate=0
[T2slv] t=44.3840 phase=1 init_cost=87.9714 final_cost=86.3953 iters=9 term=1 slv_ms=13.8
[T2diag] t=44.3840 P=[-0.0252 -0.0015 0.0069] V=[0.0150 0.0029 0.0048] |Bas|=0.521470 |Bgs|=0.0005731 Bas=[0.063185 -0.517459 0.013216] Bgs=[0.0003410 -0.0004606 0.0000055] tic0=[0.1200 0.0500 -0.0200] tic1=[0.1200 -0.0500 -0.0200] td=0.00000 track=137
[E2uls] flag=1 sh_t=44.424 new_t=44.424 dP=[0.0022 0.0014 -0.0000] |dP|=0.0026 first_dt=-1.0000
time: 44.384000, t: -0.025234 -0.001461 0.006912 q: 0.999653 0.026191 0.002734 0.000886 
[T2depth] t=44.4840 id=4421 src=motion2 u=609.7 v=207.6 depth=0.6981 depth2=-1.0000 track=2 sf=9 flag=ok
[T2depth] t=44.4840 id=4423 src=motion2 u=572.0 v=221.5 depth=5.0000 depth2=-1.0000 track=2 sf=9 flag=init_neg
[T2depth] t=44.4840 id=4424 src=motion2 u=345.7 v=146.8 depth=0.1104 depth2=-1.0000 track=2 sf=9 flag=ok
[T2depth] t=44.4840 id=4427 src=motion2 u=246.0 v=74.8 depth=0.0354 depth2=-1.0000 track=2 sf=9 flag=ok
[T2depth] t=44.4840 id=4430 src=motion2 u=533.0 v=131.0 depth=0.4125 depth2=-1.0000 track=2 sf=9 flag=ok
[T2depth] t=44.4840 id=4431 src=motion2 u=123.0 v=30.0 depth=0.2420 depth2=-1.0000 track=2 sf=9 flag=ok
[T2depth] t=44.4840 id=4433 src=motion2 u=489.0 v=140.0 depth=5.0000 depth2=-1.0000 track=2 sf=9 flag=init_neg
[T2depth] t=44.4840 id=4440 src=stereo u=286.0 v=137.0 depth=41.9260 depth2=-1.0000 track=1 sf=10 flag=ok
[T2depth] t=44.4840 id=4442 src=stereo u=391.0 v=96.0 depth=4.3820 depth2=-1.0000 track=1 sf=10 flag=ok
[T2depth] t=44.4840 id=4445 src=stereo u=460.0 v=84.0 depth=3.3997 depth2=-1.0000 track=1 sf=10 flag=ok
[T2gate] t=44.4840 tri=61 rej=0 xrej=0 init_replace=2 gate=0
[T2slv] t=44.4840 phase=1 init_cost=88.8186 final_cost=86.626 iters=9 term=1 slv_ms=9.4
[T2diag] t=44.4840 P=[-0.0251 -0.0017 0.0066] V=[0.0105 -0.0045 -0.0013] |Bas|=0.522969 |Bgs|=0.0005210 Bas=[0.057246 -0.519642 0.013836] Bgs=[0.0003123 -0.0004168 0.0000140] tic0=[0.1200 0.0500 -0.0200] tic1=[0.1200 -0.0500 -0.0200] td=0.00000 track=140
[E2uls] flag=1 sh_t=44.540 new_t=44.540 dP=[0.0031 0.0008 0.0012] |dP|=0.0034 first_dt=-1.0000
time: 44.484000, t: -0.025142 -0.001746 0.006563 q: 0.999650 0.026327 0.002298 0.000956 
[T2xcross] t=44.5840 id=4416 est=3.8933 svd=0.1684 rel=0.9567 track=2 sf=9
[T2xcross] t=44.5840 id=4420 est=3.7179 svd=0.1420 rel=0.9618 track=2 sf=9
[T2xcross] t=44.5840 id=4433 est=5.0000 svd=0.0030 rel=0.9994 track=2 sf=9
[T2depth] t=44.5840 id=4438 src=motion2 u=383.5 v=33.8 depth=0.0040 depth2=-1.0000 track=2 sf=9 flag=ok
[T2xcross] t=44.5840 id=4440 est=41.9260 svd=0.3222 rel=0.9923 track=2 sf=9
[T2depth] t=44.5840 id=4441 src=motion2 u=332.0 v=36.0 depth=0.0373 depth2=-1.0000 track=2 sf=9 flag=ok
[T2xcross] t=44.5840 id=4442 est=4.3820 svd=0.0967 rel=0.9779 track=2 sf=9
[T2depth] t=44.5840 id=4443 src=motion2 u=564.0 v=164.0 depth=5.0000 depth2=-1.0000 track=2 sf=9 flag=init_neg
[T2depth] t=44.5840 id=4444 src=motion2 u=494.0 v=57.0 depth=5.0000 depth2=-1.0000 track=2 sf=9 flag=init_neg
[T2depth] t=44.5840 id=4447 src=stereo u=399.5 v=157.0 depth=3.4792 depth2=-1.0000 track=1 sf=10 flag=ok
[T2depth] t=44.5840 id=4451 src=stereo u=376.0 v=205.0 depth=3.6264 depth2=-1.0000 track=1 sf=10 flag=ok
[T2gate] t=44.5840 tri=59 rej=0 xrej=0 init_replace=2 gate=0
[T2slv] t=44.5840 phase=1 init_cost=87.6979 final_cost=86.5247 iters=7 term=0 slv_ms=10.4
[T2diag] t=44.5840 P=[-0.0252 -0.0017 0.0065] V=[0.0102 -0.0009 -0.0002] |Bas|=0.525754 |Bgs|=0.0005262 Bas=[0.057057 -0.522466 0.013850] Bgs=[0.0003238 -0.0004147 0.0000116] tic0=[0.1200 0.0500 -0.0200] tic1=[0.1200 -0.0500 -0.0200] td=0.00000 track=140
[E2uls] flag=1 sh_t=44.636 new_t=44.636 dP=[0.0015 -0.0007 -0.0003] |dP|=0.0017 first_dt=-1.0000
time: 44.584000, t: -0.025247 -0.001717 0.006492 q: 0.999648 0.026430 0.002318 0.000929 
[T2xcross] t=44.6840 id=4427 est=0.0354 svd=0.3732 rel=0.9051 track=2 sf=9
[T2depth] t=44.6840 id=4446 src=motion2 u=100.5 v=178.4 depth=5.0000 depth2=-1.0000 track=2 sf=9 flag=init_neg
[T2xcross] t=44.6840 id=4447 est=3.4792 svd=0.0776 rel=0.9777 track=2 sf=9
[T2depth] t=44.6840 id=4448 src=motion2 u=52.8 v=189.5 depth=0.0086 depth2=-1.0000 track=2 sf=9 flag=ok
[T2depth] t=44.6840 id=4450 src=motion2 u=289.1 v=31.8 depth=0.1468 depth2=-1.0000 track=2 sf=9 flag=ok
[T2depth] t=44.6840 id=4456 src=motion2 u=349.0 v=77.0 depth=5.0000 depth2=-1.0000 track=2 sf=9 flag=init_neg
[T2depth] t=44.6840 id=4461 src=stereo u=247.3 v=31.9 depth=38.0179 depth2=-1.0000 track=1 sf=10 flag=ok
[T2depth] t=44.6840 id=4463 src=stereo u=459.5 v=179.1 depth=4.0292 depth2=-1.0000 track=1 sf=10 flag=ok
[T2depth] t=44.6840 id=4470 src=stereo u=414.0 v=75.0 depth=3.9123 depth2=-1.0000 track=1 sf=10 flag=ok
[T2depth] t=44.6840 id=4471 src=stereo u=206.0 v=190.0 depth=5.0000 depth2=-1.0000 track=1 sf=10 flag=init_neg
[T2depth] t=44.6840 id=4472 src=stereo u=540.0 v=53.0 depth=3.2744 depth2=-1.0000 track=1 sf=10 flag=ok
[T2gate] t=44.6840 tri=64 rej=0 xrej=0 init_replace=3 gate=0
[T2slv] t=44.6840 phase=1 init_cost=92.0291 final_cost=89.0328 iters=9 term=1 slv_ms=11.7
[T2diag] t=44.6840 P=[-0.0239 -0.0016 0.0067] V=[0.0095 -0.0003 -0.0088] |Bas|=0.520119 |Bgs|=0.0005247 Bas=[0.048126 -0.517687 0.014402] Bgs=[0.0002897 -0.0004367 0.0000266] tic0=[0.1200 0.0500 -0.0200] tic1=[0.1200 -0.0500 -0.0200] td=0.00000 track=136
[E2uls] flag=1 sh_t=44.724 new_t=44.724 dP=[0.0001 -0.0000 0.0001] |dP|=0.0001 first_dt=-1.0000
time: 44.684000, t: -0.023906 -0.001578 0.006674 q: 0.999657 0.026110 0.001758 0.000796 
[T2xcross] t=44.7840 id=4406 est=0.0284 svd=0.0831 rel=0.6587 track=2 sf=9
[T2xcross] t=44.7840 id=4451 est=3.6264 svd=0.3113 rel=0.9142 track=2 sf=9
[T2depth] t=44.7840 id=4457 src=motion2 u=446.0 v=121.1 depth=5.0000 depth2=-1.0000 track=2 sf=9 flag=init_neg
[T2depth] t=44.7840 id=4458 src=motion2 u=25.8 v=6.8 depth=0.8275 depth2=-1.0000 track=2 sf=9 flag=ok
[T2depth] t=44.7840 id=4462 src=motion2 u=220.1 v=254.0 depth=6.6833 depth2=-1.0000 track=2 sf=9 flag=ok
[T2depth] t=44.7840 id=4467 src=motion2 u=204.7 v=113.3 depth=0.6048 depth2=-1.0000 track=2 sf=9 flag=ok
[T2depth] t=44.7840 id=4468 src=motion2 u=210.3 v=12.2 depth=5.0000 depth2=-1.0000 track=2 sf=9 flag=init_neg
[T2xcross] t=44.7840 id=4472 est=3.2744 svd=0.2609 rel=0.9203 track=2 sf=9
[T2depth] t=44.7840 id=4477 src=stereo u=571.8 v=183.6 depth=5.0000 depth2=-1.0000 track=1 sf=10 flag=init_neg
[T2depth] t=44.7840 id=4478 src=stereo u=276.2 v=66.3 depth=36.3142 depth2=-1.0000 track=1 sf=10 flag=ok
[T2depth] t=44.7840 id=4483 src=stereo u=459.0 v=214.0 depth=3.7920 depth2=-1.0000 track=1 sf=10 flag=ok
[T2depth] t=44.7840 id=4488 src=stereo u=381.0 v=48.0 depth=3.8428 depth2=-1.0000 track=1 sf=10 flag=ok
[T2depth] t=44.7840 id=4490 src=stereo u=605.0 v=196.0 depth=19.0531 depth2=-1.0000 track=1 sf=10 flag=ok
[T2gate] t=44.7840 tri=67 rej=0 xrej=0 init_replace=3 gate=0
[T2slv] t=44.7840 phase=1 init_cost=91.9937 final_cost=89.3021 iters=9 term=1 slv_ms=15.2
[T2diag] t=44.7840 P=[-0.0197 -0.0025 0.0089] V=[0.0189 -0.0018 0.0030] |Bas|=0.525740 |Bgs|=0.0005568 Bas=[0.054397 -0.522744 0.013490] Bgs=[0.0002919 -0.0004742 -0.0000008] tic0=[0.1200 0.0500 -0.0200] tic1=[0.1200 -0.0500 -0.0200] td=0.00000 track=134
[E2uls] flag=1 sh_t=44.860 new_t=44.860 dP=[-0.0032 0.0004 -0.0047] |dP|=0.0057 first_dt=-1.0000
time: 44.784000, t: -0.019726 -0.002515 0.008901 q: 0.999646 0.026499 0.002183 0.000708 
[T2depth] t=44.8840 id=4480 src=motion2 u=414.7 v=249.0 depth=1.7909 depth2=-1.0000 track=2 sf=9 flag=ok
[T2depth] t=44.8840 id=4481 src=motion2 u=41.0 v=44.0 depth=5.0000 depth2=-1.0000 track=2 sf=9 flag=init_neg
[T2depth] t=44.8840 id=4482 src=motion2 u=127.0 v=112.0 depth=5.0000 depth2=-1.0000 track=2 sf=9 flag=init_neg
[T2depth] t=44.8840 id=4486 src=motion2 u=175.0 v=184.0 depth=0.1327 depth2=-1.0000 track=2 sf=9 flag=ok
[T2xcross] t=44.8840 id=4488 est=3.8428 svd=0.0211 rel=0.9945 track=2 sf=9
[T2depth] t=44.8840 id=4489 src=motion2 u=187.0 v=229.0 depth=0.0278 depth2=-1.0000 track=2 sf=9 flag=ok
[T2depth] t=44.8840 id=4494 src=stereo u=609.7 v=64.5 depth=5.0000 depth2=-1.0000 track=1 sf=10 flag=init_neg
[T2depth] t=44.8840 id=4503 src=stereo u=317.0 v=89.0 depth=41.5425 depth2=-1.0000 track=1 sf=10 flag=ok
[T2depth] t=44.8840 id=4507 src=stereo u=394.0 v=180.0 depth=3.7409 depth2=-1.0000 track=1 sf=10 flag=ok
[T2gate] t=44.8840 tri=65 rej=0 xrej=0 init_replace=3 gate=0
[T2slv] t=44.8840 phase=1 init_cost=91.5494 final_cost=90.0718 iters=7 term=0 slv_ms=10.1
[T2diag] t=44.8840 P=[-0.0199 -0.0026 0.0088] V=[0.0150 -0.0109 0.0003] |Bas|=0.528535 |Bgs|=0.0005345 Bas=[0.055681 -0.525419 0.013563] Bgs=[0.0002766 -0.0004573 0.0000102] tic0=[0.1200 0.0500 -0.0200] tic1=[0.1200 -0.0500 -0.0200] td=0.00000 track=138
[E2uls] flag=1 sh_t=44.924 new_t=44.924 dP=[0.0029 -0.0002 0.0003] |dP|=0.0029 first_dt=-1.0000
time: 44.884000, t: -0.019870 -0.002647 0.008799 q: 0.999639 0.026763 0.002237 0.000780 
[T2depth] t=44.9840 id=4500 src=motion2 u=319.0 v=166.0 depth=0.4460 depth2=-1.0000 track=2 sf=9 flag=ok
[T2depth] t=44.9840 id=4501 src=motion2 u=272.0 v=137.0 depth=5.0000 depth2=-1.0000 track=2 sf=9 flag=init_neg
[T2depth] t=44.9840 id=4502 src=motion2 u=499.0 v=15.0 depth=5.0000 depth2=-1.0000 track=2 sf=9 flag=init_neg
[T2depth] t=44.9840 id=4504 src=motion2 u=527.0 v=153.0 depth=0.0119 depth2=-1.0000 track=2 sf=9 flag=ok
[T2depth] t=44.9840 id=4505 src=motion2 u=323.0 v=56.0 depth=0.1354 depth2=-1.0000 track=2 sf=9 flag=ok
[T2depth] t=44.9840 id=4510 src=stereo u=122.7 v=188.4 depth=5.0000 depth2=-1.0000 track=1 sf=10 flag=init_neg
[T2depth] t=44.9840 id=4511 src=stereo u=479.9 v=157.4 depth=3.6806 depth2=-1.0000 track=1 sf=10 flag=ok
[T2depth] t=44.9840 id=4516 src=stereo u=381.0 v=277.0 depth=5.0000 depth2=-1.0000 track=1 sf=10 flag=init_neg
[T2depth] t=44.9840 id=4518 src=stereo u=448.0 v=179.0 depth=3.8976 depth2=-1.0000 track=1 sf=10 flag=ok
[T2depth] t=44.9840 id=4522 src=stereo u=236.0 v=12.0 depth=5.0000 depth2=-1.0000 track=1 sf=10 flag=init_neg
[T2depth] t=44.9840 id=4523 src=stereo u=37.0 v=127.0 depth=45.5512 depth2=-1.0000 track=1 sf=10 flag=ok
[T2gate] t=44.9840 tri=63 rej=0 xrej=0 init_replace=5 gate=0
[T2slv] t=44.9840 phase=1 init_cost=91.9147 final_cost=90.1656 iters=9 term=1 slv_ms=12.1
[T2diag] t=44.9840 P=[-0.0194 -0.0028 0.0091] V=[0.0173 -0.0067 0.0012] |Bas|=0.537499 |Bgs|=0.0005594 Bas=[0.064978 -0.533378 0.013814] Bgs=[0.0003238 -0.0004560 -0.0000068] tic0=[0.1200 0.0500 -0.0200] tic1=[0.1200 -0.0500 -0.0200] td=0.00000 track=138
[E2uls] flag=1 sh_t=45.040 new_t=45.040 dP=[0.0016 -0.0027 -0.0008] |dP|=0.0033 first_dt=-1.0000
time: 44.984000, t: -0.019425 -0.002819 0.009126 q: 0.999631 0.027010 0.002829 0.000741 
[T2xcross] t=45.0840 id=4501 est=5.0000 svd=0.0903 rel=0.9819 track=2 sf=9
[T2xcross] t=45.0840 id=4502 est=5.0000 svd=0.0675 rel=0.9865 track=2 sf=9
[T2depth] t=45.0840 id=4509 src=motion2 u=504.2 v=80.5 depth=0.0671 depth2=-1.0000 track=2 sf=9 flag=ok
[T2xcross] t=45.0840 id=4510 est=5.0000 svd=0.1364 rel=0.9727 track=2 sf=9
[T2xcross] t=45.0840 id=4511 est=3.6806 svd=0.0424 rel=0.9885 track=2 sf=9
[T2depth] t=45.0840 id=4514 src=motion2 u=74.1 v=104.4 depth=0.0524 depth2=-1.0000 track=2 sf=9 flag=ok
[T2depth] t=45.0840 id=4520 src=motion2 u=25.0 v=46.0 depth=0.6049 depth2=-1.0000 track=2 sf=9 flag=ok
[T2depth] t=45.0840 id=4521 src=motion2 u=188.0 v=19.0 depth=0.3567 depth2=-1.0000 track=2 sf=9 flag=ok
[T2xcross] t=45.0840 id=4523 est=45.5512 svd=0.3768 rel=0.9917 track=2 sf=9
[T2depth] t=45.0840 id=4525 src=stereo u=522.3 v=48.4 depth=4.3022 depth2=-1.0000 track=1 sf=10 flag=ok
[T2gate] t=45.0840 tri=56 rej=0 xrej=0 init_replace=0 gate=0
[T2slv] t=45.0840 phase=1 init_cost=91.6315 final_cost=89.7885 iters=7 term=0 slv_ms=8.8
[T2diag] t=45.0840 P=[-0.0204 -0.0030 0.0086] V=[0.0098 -0.0148 -0.0033] |Bas|=0.539845 |Bgs|=0.0005279 Bas=[0.066138 -0.535593 0.014117] Bgs=[0.0003051 -0.0004300 0.0000270] tic0=[0.1200 0.0500 -0.0200] tic1=[0.1200 -0.0500 -0.0200] td=0.00000 track=142
[E2uls] flag=1 sh_t=45.120 new_t=45.120 dP=[0.0034 -0.0008 0.0005] |dP|=0.0036 first_dt=-1.0000
time: 45.084000, t: -0.020439 -0.002996 0.008574 q: 0.999622 0.027324 0.002787 0.000863 
[T2depth] t=45.1840 id=4524 src=motion2 u=331.2 v=17.7 depth=1.2225 depth2=-1.0000 track=2 sf=9 flag=ok
[T2xcross] t=45.1840 id=4525 est=4.3022 svd=0.5852 rel=0.8640 track=2 sf=9
[T2depth] t=45.1840 id=4527 src=motion2 u=331.8 v=152.4 depth=0.0183 depth2=-1.0000 track=2 sf=9 flag=ok
[T2depth] t=45.1840 id=4528 src=motion2 u=344.3 v=226.1 depth=5.0000 depth2=-1.0000 track=2 sf=9 flag=init_neg
[T2depth] t=45.1840 id=4529 src=motion2 u=240.9 v=89.1 depth=5.0000 depth2=-1.0000 track=2 sf=9 flag=init_neg
[T2depth] t=45.1840 id=4530 src=motion2 u=152.0 v=211.0 depth=5.0000 depth2=-1.0000 track=2 sf=9 flag=init_neg
[T2depth] t=45.1840 id=4532 src=motion2 u=145.0 v=70.0 depth=5.0000 depth2=-1.0000 track=2 sf=9 flag=init_neg
[T2depth] t=45.1840 id=4539 src=stereo u=357.6 v=32.3 depth=3.6581 depth2=-1.0000 track=1 sf=10 flag=ok
[T2depth] t=45.1840 id=4543 src=stereo u=488.0 v=215.0 depth=3.8791 depth2=-1.0000 track=1 sf=10 flag=ok
[T2depth] t=45.1840 id=4545 src=stereo u=374.0 v=194.0 depth=3.6752 depth2=-1.0000 track=1 sf=10 flag=ok
[T2gate] t=45.1840 tri=60 rej=0 xrej=0 init_replace=4 gate=0
[T2slv] t=45.1840 phase=1 init_cost=91.6067 final_cost=89.7517 iters=9 term=1 slv_ms=8.7
[T2diag] t=45.1840 P=[-0.0194 -0.0030 0.0090] V=[0.0135 -0.0080 -0.0000] |Bas|=0.547279 |Bgs|=0.0005709 Bas=[0.069820 -0.542615 0.014415] Bgs=[0.0003680 -0.0004339 0.0000465] tic0=[0.1200 0.0500 -0.0200] tic1=[0.1200 -0.0500 -0.0200] td=0.00000 track=139
[E2uls] flag=1 sh_t=45.244 new_t=45.244 dP=[0.0003 -0.0034 -0.0008] |dP|=0.0036 first_dt=-1.0000
time: 45.184000, t: -0.019382 -0.002997 0.009019 q: 0.999612 0.027682 0.002970 0.000774 
[T2xcross] t=45.2840 id=4518 est=3.8976 svd=0.0144 rel=0.9963 track=2 sf=9
[T2depth] t=45.2840 id=4533 src=motion2 u=219.9 v=45.3 depth=5.0000 depth2=-1.0000 track=2 sf=9 flag=init_neg
[T2depth] t=45.2840 id=4534 src=motion2 u=621.7 v=134.7 depth=5.0000 depth2=-1.0000 track=2 sf=9 flag=init_neg
[T2depth] t=45.2840 id=4547 src=stereo u=389.6 v=177.0 depth=4.2921 depth2=-1.0000 track=1 sf=10 flag=ok
[T2depth] t=45.2840 id=4550 src=stereo u=55.4 v=30.5 depth=5.0000 depth2=-1.0000 track=1 sf=10 flag=init_neg
[T2depth] t=45.2840 id=4552 src=stereo u=484.7 v=207.9 depth=3.9825 depth2=-1.0000 track=1 sf=10 flag=ok
[T2depth] t=45.2840 id=4556 src=stereo u=466.0 v=58.0 depth=3.9391 depth2=-1.0000 track=1 sf=10 flag=ok
[T2depth] t=45.2840 id=4561 src=stereo u=512.0 v=101.0 depth=3.4104 depth2=-1.0000 track=1 sf=10 flag=ok
[T2gate] t=45.2840 tri=67 rej=0 xrej=0 init_replace=3 gate=0
[T2slv] t=45.2840 phase=1 init_cost=91.7839 final_cost=90.3956 iters=9 term=1 slv_ms=10.3
[T2diag] t=45.2840 P=[-0.0184 -0.0032 0.0095] V=[0.0147 -0.0040 0.0006] |Bas|=0.555123 |Bgs|=0.0005888 Bas=[0.074092 -0.549956 0.014851] Bgs=[0.0004018 -0.0004293 0.0000301] tic0=[0.1200 0.0500 -0.0200] tic1=[0.1200 -0.0500 -0.0200] td=0.00000 track=133
[E2uls] flag=1 sh_t=45.320 new_t=45.320 dP=[0.0009 -0.0012 -0.0005] |dP|=0.0016 first_dt=-1.0000
time: 45.284000, t: -0.018360 -0.003238 0.009519 q: 0.999604 0.027926 0.003239 0.000762 
[T2depth] t=45.3840 id=4553 src=motion2 u=288.0 v=179.0 depth=5.0000 depth2=-1.0000 track=2 sf=9 flag=init_neg
[T2depth] t=45.3840 id=4555 src=motion2 u=609.0 v=208.0 depth=5.0000 depth2=-1.0000 track=2 sf=9 flag=init_neg
[T2xcross] t=45.3840 id=4556 est=3.9391 svd=0.1721 rel=0.9563 track=2 sf=9
[T2depth] t=45.3840 id=4558 src=motion2 u=302.0 v=131.0 depth=5.0000 depth2=-1.0000 track=2 sf=9 flag=init_neg
[T2depth] t=45.3840 id=4560 src=motion2 u=178.0 v=55.0 depth=0.0935 depth2=-1.0000 track=2 sf=9 flag=ok
[T2depth] t=45.3840 id=4562 src=motion2 u=95.0 v=97.0 depth=0.1268 depth2=-1.0000 track=2 sf=9 flag=ok
[T2depth] t=45.3840 id=4563 src=motion2 u=240.0 v=125.0 depth=5.0000 depth2=-1.0000 track=2 sf=9 flag=init_neg
[T2depth] t=45.3840 id=4568 src=stereo u=364.8 v=93.4 depth=3.5899 depth2=-1.0000 track=1 sf=10 flag=ok
[T2depth] t=45.3840 id=4573 src=stereo u=106.0 v=202.0 depth=12.6786 depth2=-1.0000 track=1 sf=10 flag=ok
[T2depth] t=45.3840 id=4574 src=stereo u=532.0 v=180.0 depth=3.5101 depth2=-1.0000 track=1 sf=10 flag=ok
[T2depth] t=45.3840 id=4576 src=stereo u=510.0 v=17.0 depth=3.4619 depth2=-1.0000 track=1 sf=10 flag=ok
[T2depth] t=45.3840 id=4580 src=stereo u=228.0 v=90.0 depth=30.3033 depth2=-1.0000 track=1 sf=10 flag=ok
[T2gate] t=45.3840 tri=69 rej=0 xrej=0 init_replace=4 gate=0
[T2slv] t=45.3840 phase=1 init_cost=91.7236 final_cost=90.3717 iters=9 term=1 slv_ms=22.7
[T2diag] t=45.3840 P=[-0.0190 -0.0031 0.0091] V=[0.0126 -0.0083 -0.0039] |Bas|=0.558703 |Bgs|=0.0005750 Bas=[0.073203 -0.553678 0.015183] Bgs=[0.0003964 -0.0004146 0.0000399] tic0=[0.1200 0.0500 -0.0200] tic1=[0.1200 -0.0500 -0.0200] td=0.00000 track=135
[E2uls] flag=1 sh_t=45.428 new_t=45.428 dP=[0.0032 -0.0006 0.0004] |dP|=0.0033 first_dt=-1.0000
time: 45.384000, t: -0.019014 -0.003141 0.009075 q: 0.999594 0.028300 0.003087 0.000790 
[T2depth] t=45.4880 id=4565 src=motion2 u=609.9 v=161.1 depth=0.0875 depth2=-1.0000 track=2 sf=9 flag=ok
[T2depth] t=45.4880 id=4566 src=motion2 u=361.3 v=199.8 depth=5.0000 depth2=-1.0000 track=2 sf=9 flag=init_neg
[T2depth] t=45.4880 id=4570 src=motion2 u=550.4 v=63.7 depth=5.0000 depth2=-1.0000 track=2 sf=9 flag=init_neg
[T2xcross] t=45.4880 id=4573 est=12.6786 svd=1.7921 rel=0.8586 track=2 sf=9
[T2depth] t=45.4880 id=4578 src=motion2 u=18.0 v=212.0 depth=0.0840 depth2=-1.0000 track=2 sf=9 flag=ok
[T2depth] t=45.4880 id=4579 src=motion2 u=269.0 v=12.0 depth=5.0000 depth2=-1.0000 track=2 sf=9 flag=init_neg
[T2xcross] t=45.4880 id=4580 est=30.3033 svd=0.0722 rel=0.9976 track=2 sf=9
[T2depth] t=45.4880 id=4581 src=motion2 u=32.0 v=51.0 depth=0.0599 depth2=-1.0000 track=2 sf=9 flag=ok
[T2depth] t=45.4880 id=4587 src=stereo u=589.3 v=30.9 depth=34.2722 depth2=-1.0000 track=1 sf=10 flag=ok
[T2depth] t=45.4880 id=4590 src=stereo u=145.0 v=9.1 depth=5.0000 depth2=-1.0000 track=1 sf=10 flag=init_neg
[T2depth] t=45.4880 id=4592 src=stereo u=323.0 v=19.0 depth=37.7441 depth2=-1.0000 track=1 sf=10 flag=ok
[T2gate] t=45.4880 tri=65 rej=0 xrej=0 init_replace=4 gate=0
[T2slv] t=45.4880 phase=1 init_cost=91.932 final_cost=90.3933 iters=9 term=1 slv_ms=11.8
[T2diag] t=45.4880 P=[-0.0189 -0.0030 0.0091] V=[0.0162 -0.0065 0.0018] |Bas|=0.565625 |Bgs|=0.0005914 Bas=[0.076271 -0.560251 0.015271] Bgs=[0.0004189 -0.0004135 0.0000580] tic0=[0.1200 0.0500 -0.0200] tic1=[0.1200 -0.0500 -0.0200] td=0.00000 track=137
[E2uls] flag=1 sh_t=45.536 new_t=45.536 dP=[0.0021 -0.0016 -0.0005] |dP|=0.0027 first_dt=-1.0000
time: 45.488000, t: -0.018928 -0.002980 0.009114 q: 0.999582 0.028731 0.003282 0.000721 
[T2depth] t=45.5840 id=4582 src=motion2 u=120.5 v=117.2 depth=5.0000 depth2=-1.0000 track=2 sf=9 flag=init_neg
[T2depth] t=45.5840 id=4584 src=motion2 u=39.5 v=91.3 depth=0.1914 depth2=-1.0000 track=2 sf=9 flag=ok
[T2depth] t=45.5840 id=4585 src=motion2 u=347.6 v=112.8 depth=0.0355 depth2=-1.0000 track=2 sf=9 flag=ok
[T2depth] t=45.5840 id=4588 src=motion2 u=107.1 v=26.0 depth=5.0000 depth2=-1.0000 track=2 sf=9 flag=init_neg
[T2depth] t=45.5840 id=4593 src=motion2 u=595.0 v=228.0 depth=0.0485 depth2=-1.0000 track=2 sf=9 flag=ok
[T2depth] t=45.5840 id=4594 src=motion2 u=219.0 v=164.0 depth=0.0186 depth2=-1.0000 track=2 sf=9 flag=ok
[T2depth] t=45.5840 id=4598 src=stereo u=545.0 v=186.0 depth=25.6152 depth2=-1.0000 track=1 sf=10 flag=ok
[T2depth] t=45.5840 id=4603 src=stereo u=376.5 v=33.8 depth=3.4061 depth2=-1.0000 track=1 sf=10 flag=ok
[T2depth] t=45.5840 id=4604 src=stereo u=46.0 v=192.0 depth=27.7465 depth2=-1.0000 track=1 sf=10 flag=ok
[T2gate] t=45.5840 tri=62 rej=0 xrej=0 init_replace=2 gate=0
[T2slv] t=45.5840 phase=1 init_cost=92.2251 final_cost=90.6729 iters=9 term=1 slv_ms=21.0
[T2diag] t=45.5840 P=[-0.0190 -0.0028 0.0094] V=[0.0177 -0.0039 0.0043] |Bas|=0.576099 |Bgs|=0.0005959 Bas=[0.082714 -0.569912 0.015762] Bgs=[0.0004384 -0.0003996 0.0000575] tic0=[0.1200 0.0500 -0.0200] tic1=[0.1200 -0.0500 -0.0200] td=0.00000 track=140
[E2uls] flag=1 sh_t=45.636 new_t=45.636 dP=[0.0024 -0.0016 0.0001] |dP|=0.0029 first_dt=-1.0000
time: 45.584000, t: -0.018984 -0.002772 0.009355 q: 0.999567 0.029182 0.003767 0.000660 
[T2xcross] t=45.6840 id=4592 est=37.7441 svd=0.1321 rel=0.9965 track=2 sf=9
[T2depth] t=45.6840 id=4605 src=motion2 u=66.0 v=217.0 depth=0.7002 depth2=-1.0000 track=2 sf=9 flag=ok
[T2depth] t=45.6840 id=4608 src=motion2 u=301.0 v=145.0 depth=0.0117 depth2=-1.0000 track=2 sf=9 flag=ok
[T2depth] t=45.6840 id=4609 src=motion2 u=574.0 v=26.0 depth=5.0000 depth2=-1.0000 track=2 sf=9 flag=init_neg
[T2depth] t=45.6840 id=4610 src=stereo u=369.2 v=20.3 depth=3.2941 depth2=-1.0000 track=1 sf=10 flag=ok
[T2depth] t=45.6840 id=4615 src=stereo u=485.9 v=111.1 depth=4.5613 depth2=-1.0000 track=1 sf=10 flag=ok
[T2depth] t=45.6840 id=4616 src=stereo u=565.2 v=116.8 depth=5.0000 depth2=-1.0000 track=1 sf=10 flag=init_neg
[T2gate] t=45.6840 tri=61 rej=0 xrej=0 init_replace=2 gate=0
[T2slv] t=45.6840 phase=1 init_cost=92.1931 final_cost=90.7474 iters=7 term=0 slv_ms=8.5
[T2diag] t=45.6840 P=[-0.0189 -0.0028 0.0093] V=[0.0180 -0.0036 -0.0005] |Bas|=0.580389 |Bgs|=0.0005940 Bas=[0.083032 -0.574181 0.016531] Bgs=[0.0004508 -0.0003859 0.0000267] tic0=[0.1200 0.0500 -0.0200] tic1=[0.1200 -0.0500 -0.0200] td=0.00000 track=138
[E2uls] flag=1 sh_t=45.736 new_t=45.736 dP=[0.0030 -0.0010 0.0011] |dP|=0.0033 first_dt=-1.0000
time: 45.684000, t: -0.018936 -0.002804 0.009250 q: 0.999564 0.029275 0.003720 0.000635 
[T2xcross] t=45.7840 id=4594 est=0.0186 svd=0.1204 rel=0.8452 track=2 sf=9
[T2xcross] t=45.7840 id=4610 est=3.2941 svd=0.1504 rel=0.9544 track=2 sf=9
[T2depth] t=45.7840 id=4612 src=motion2 u=175.1 v=210.0 depth=0.0886 depth2=-1.0000 track=2 sf=9 flag=ok
[T2depth] t=45.7840 id=4619 src=motion2 u=269.0 v=224.0 depth=5.0000 depth2=-1.0000 track=2 sf=9 flag=init_neg
[T2depth] t=45.7840 id=4621 src=motion2 u=4.0 v=257.0 depth=5.0000 depth2=-1.0000 track=2 sf=9 flag=init_neg
[T2depth] t=45.7840 id=4622 src=motion2 u=68.0 v=137.0 depth=5.0000 depth2=-1.0000 track=2 sf=9 flag=init_neg
[T2depth] t=45.7840 id=4623 src=motion2 u=242.0 v=191.0 depth=5.0000 depth2=-1.0000 track=2 sf=9 flag=init_neg
[T2depth] t=45.7840 id=4628 src=stereo u=416.5 v=10.5 depth=3.7105 depth2=-1.0000 track=1 sf=10 flag=ok
[T2depth] t=45.7840 id=4631 src=stereo u=531.0 v=63.0 depth=3.8480 depth2=-1.0000 track=1 sf=10 flag=ok
[T2depth] t=45.7840 id=4634 src=stereo u=506.0 v=214.0 depth=3.9111 depth2=-1.0000 track=1 sf=10 flag=ok
[T2depth] t=45.7840 id=4635 src=stereo u=476.0 v=63.0 depth=4.1001 depth2=-1.0000 track=1 sf=10 flag=ok
[T2gate] t=45.7840 tri=62 rej=0 xrej=0 init_replace=4 gate=0
[T2slv] t=45.7840 phase=1 init_cost=92.3758 final_cost=90.8125 iters=9 term=1 slv_ms=20.1
[T2diag] t=45.7840 P=[-0.0190 -0.0030 0.0090] V=[0.0150 -0.0080 -0.0033] |Bas|=0.578839 |Bgs|=0.0005892 Bas=[0.076611 -0.573504 0.016706] Bgs=[0.0004403 -0.0003913 0.0000139] tic0=[0.1200 0.0500 -0.0200] tic1=[0.1200 -0.0500 -0.0200] td=0.00000 track=139
[E2uls] flag=1 sh_t=45.836 new_t=45.836 dP=[0.0029 -0.0003 0.0005] |dP|=0.0030 first_dt=-1.0000
time: 45.784000, t: -0.018986 -0.002996 0.009024 q: 0.999563 0.029357 0.003236 0.000701 
[T2depth] t=45.8840 id=4624 src=motion2 u=607.6 v=26.2 depth=5.0000 depth2=-1.0000 track=2 sf=9 flag=init_neg
[T2depth] t=45.8840 id=4625 src=motion2 u=328.5 v=156.8 depth=0.8670 depth2=-1.0000 track=2 sf=9 flag=ok
[T2depth] t=45.8840 id=4630 src=motion2 u=494.0 v=185.0 depth=0.0130 depth2=-1.0000 track=2 sf=9 flag=ok
[T2depth] t=45.8840 id=4632 src=motion2 u=408.0 v=202.0 depth=5.0000 depth2=-1.0000 track=2 sf=9 flag=init_neg
[T2xcross] t=45.8840 id=4635 est=4.1001 svd=0.5605 rel=0.8633 track=2 sf=9
[T2depth] t=45.8840 id=4638 src=stereo u=474.5 v=116.9 depth=3.4270 depth2=-1.0000 track=1 sf=10 flag=ok
[T2depth] t=45.8840 id=4640 src=stereo u=391.0 v=32.2 depth=3.8162 depth2=-1.0000 track=1 sf=10 flag=ok
[T2depth] t=45.8840 id=4641 src=stereo u=405.7 v=85.0 depth=4.5206 depth2=-1.0000 track=1 sf=10 flag=ok
[T2gate] t=45.8840 tri=62 rej=0 xrej=0 init_replace=2 gate=0
[T2slv] t=45.8840 phase=1 init_cost=105.815 final_cost=91.9527 iters=9 term=1 slv_ms=21.4
[T2diag] t=45.8840 P=[-0.0219 -0.0020 0.0075] V=[0.0180 -0.0083 0.0002] |Bas|=0.583238 |Bgs|=0.0006051 Bas=[0.080816 -0.577371 0.016685] Bgs=[0.0004515 -0.0004027 0.0000098] tic0=[0.1200 0.0500 -0.0200] tic1=[0.1200 -0.0500 -0.0200] td=0.00000 track=137
[E2uls] flag=1 sh_t=45.932 new_t=45.932 dP=[0.0053 -0.0025 0.0010] |dP|=0.0059 first_dt=-1.0000
time: 45.884000, t: -0.021922 -0.002023 0.007452 q: 0.999558 0.029521 0.003577 0.000696 
[T2xcross] t=45.9840 id=4566 est=5.0000 svd=0.1508 rel=0.9698 track=2 sf=9
[T2depth] t=45.9840 id=4637 src=motion2 u=611.6 v=163.0 depth=5.0000 depth2=-1.0000 track=2 sf=9 flag=init_neg
[T2depth] t=45.9840 id=4644 src=motion2 u=414.0 v=9.0 depth=5.0000 depth2=-1.0000 track=2 sf=9 flag=init_neg
[T2depth] t=45.9840 id=4647 src=motion2 u=558.0 v=165.0 depth=5.0000 depth2=-1.0000 track=2 sf=9 flag=init_neg
[T2depth] t=45.9840 id=4649 src=motion2 u=67.0 v=199.0 depth=5.0000 depth2=-1.0000 track=2 sf=9 flag=init_neg
[T2depth] t=45.9840 id=4657 src=stereo u=401.9 v=217.3 depth=4.0612 depth2=-1.0000 track=1 sf=10 flag=ok
[T2depth] t=45.9840 id=4662 src=stereo u=334.0 v=27.0 depth=24.3853 depth2=-1.0000 track=1 sf=10 flag=ok
[T2depth] t=45.9840 id=4666 src=stereo u=367.0 v=155.0 depth=3.5217 depth2=-1.0000 track=1 sf=10 flag=ok
[T2gate] t=45.9840 tri=68 rej=0 xrej=0 init_replace=4 gate=0
[T2slv] t=45.9840 phase=1 init_cost=93.8294 final_cost=92.2348 iters=9 term=1 slv_ms=11.6
[T2diag] t=45.9840 P=[-0.0218 -0.0021 0.0074] V=[0.0196 -0.0072 0.0007] |Bas|=0.588422 |Bgs|=0.0006146 Bas=[0.087380 -0.581651 0.016933] Bgs=[0.0004670 -0.0003996 -0.0000054] tic0=[0.1200 0.0500 -0.0200] tic1=[0.1200 -0.0500 -0.0200] td=0.00000 track=134
[E2uls] flag=1 sh_t=46.032 new_t=46.032 dP=[0.0031 -0.0016 -0.0000] |dP|=0.0035 first_dt=-1.0000
time: 45.984000, t: -0.021820 -0.002061 0.007439 q: 0.999550 0.029727 0.003844 0.000659 
[T2depth] t=46.0840 id=4651 src=motion2 u=568.9 v=135.7 depth=0.1628 depth2=-1.0000 track=2 sf=9 flag=ok
[T2depth] t=46.0840 id=4652 src=motion2 u=290.9 v=116.2 depth=5.0000 depth2=-1.0000 track=2 sf=9 flag=init_neg
[T2depth] t=46.0840 id=4655 src=motion2 u=198.5 v=66.0 depth=0.1933 depth2=-1.0000 track=2 sf=9 flag=ok
[T2xcross] t=46.0840 id=4657 est=4.0612 svd=0.0802 rel=0.9803 track=2 sf=9
[T2depth] t=46.0840 id=4659 src=motion2 u=79.4 v=96.0 depth=0.4203 depth2=-1.0000 track=2 sf=9 flag=ok
[T2depth] t=46.0840 id=4660 src=motion2 u=20.6 v=106.5 depth=0.0878 depth2=-1.0000 track=2 sf=9 flag=ok
[T2depth] t=46.0840 id=4661 src=motion2 u=518.0 v=119.0 depth=0.1167 depth2=-1.0000 track=2 sf=9 flag=ok
[T2depth] t=46.0840 id=4664 src=motion2 u=605.0 v=30.0 depth=0.0998 depth2=-1.0000 track=2 sf=9 flag=ok
[T2depth] t=46.0840 id=4665 src=motion2 u=30.0 v=69.0 depth=1.2140 depth2=-1.0000 track=2 sf=9 flag=ok
[T2xcross] t=46.0840 id=4666 est=3.5217 svd=0.0259 rel=0.9927 track=2 sf=9
[T2depth] t=46.0840 id=4668 src=stereo u=381.0 v=277.0 depth=5.0000 depth2=-1.0000 track=1 sf=10 flag=init_neg
[T2depth] t=46.0840 id=4670 src=stereo u=246.0 v=78.0 depth=5.0000 depth2=-1.0000 track=1 sf=10 flag=init_neg
[T2depth] t=46.0840 id=4672 src=stereo u=502.0 v=33.0 depth=3.5175 depth2=-1.0000 track=1 sf=10 flag=ok
[T2depth] t=46.0840 id=4674 src=stereo u=325.0 v=112.0 depth=5.0000 depth2=-1.0000 track=1 sf=10 flag=init_neg
[T2depth] t=46.0840 id=4675 src=stereo u=168.0 v=188.0 depth=5.0000 depth2=-1.0000 track=1 sf=10 flag=init_neg
[T2gate] t=46.0840 tri=64 rej=0 xrej=0 init_replace=5 gate=0
[T2slv] t=46.0840 phase=1 init_cost=94.1955 final_cost=90.9645 iters=9 term=1 slv_ms=13.0
[T2diag] t=46.0840 P=[-0.0184 -0.0032 0.0092] V=[0.0240 -0.0043 -0.0004] |Bas|=0.586064 |Bgs|=0.0006308 Bas=[0.082125 -0.580029 0.017108] Bgs=[0.0004801 -0.0004078 -0.0000346] tic0=[0.1200 0.0500 -0.0200] tic1=[0.1200 -0.0500 -0.0200] td=0.00000 track=141
[E2uls] flag=1 sh_t=46.128 new_t=46.128 dP=[0.0001 0.0002 -0.0014] |dP|=0.0015 first_dt=-1.0000
time: 46.084000, t: -0.018444 -0.003156 0.009169 q: 0.999553 0.029681 0.003452 0.000700 
[T2xcross] t=46.1840 id=4480 est=1.7909 svd=0.0315 rel=0.9824 track=2 sf=9
[T2xcross] t=46.1840 id=4625 est=0.8670 svd=0.2808 rel=0.6761 track=2 sf=9
[T2xcross] t=46.1840 id=4665 est=1.2140 svd=0.2678 rel=0.7794 track=2 sf=9
[T2xcross] t=46.1840 id=4668 est=5.0000 svd=1.6132 rel=0.6774 track=2 sf=9
[T2depth] t=46.1840 id=4671 src=motion2 u=183.0 v=151.0 depth=5.0000 depth2=-1.0000 track=2 sf=9 flag=init_neg
[T2xcross] t=46.1840 id=4672 est=3.5175 svd=0.6098 rel=0.8266 track=2 sf=9
[T2depth] t=46.1840 id=4676 src=motion2 u=609.0 v=115.0 depth=5.0000 depth2=-1.0000 track=2 sf=9 flag=init_neg
[T2depth] t=46.1840 id=4677 src=motion2 u=538.0 v=203.0 depth=0.1321 depth2=-1.0000 track=2 sf=9 flag=ok
[T2depth] t=46.1840 id=4678 src=stereo u=238.7 v=48.5 depth=5.0000 depth2=-1.0000 track=1 sf=10 flag=init_neg
[T2depth] t=46.1840 id=4684 src=stereo u=301.6 v=52.0 depth=40.7711 depth2=-1.0000 track=1 sf=10 flag=ok
[T2depth] t=46.1840 id=4686 src=stereo u=11.3 v=11.6 depth=30.2606 depth2=-1.0000 track=1 sf=10 flag=ok
[T2gate] t=46.1840 tri=59 rej=0 xrej=0 init_replace=3 gate=0
[T2slv] t=46.1840 phase=1 init_cost=92.8518 final_cost=91.0469 iters=9 term=1 slv_ms=19.5
[T2diag] t=46.1840 P=[-0.0183 -0.0034 0.0092] V=[0.0278 -0.0119 -0.0002] |Bas|=0.585386 |Bgs|=0.0006266 Bas=[0.079641 -0.579703 0.016678] Bgs=[0.0004708 -0.0004123 -0.0000314] tic0=[0.1200 0.0500 -0.0200] tic1=[0.1200 -0.0500 -0.0200] td=0.00000 track=137
[E2uls] flag=1 sh_t=46.224 new_t=46.224 dP=[0.0038 -0.0004 -0.0007] |dP|=0.0039 first_dt=-1.0000
time: 46.184000, t: -0.018256 -0.003376 0.009192 q: 0.999550 0.029806 0.003313 0.000747 
[T2depth] t=46.2840 id=4685 src=motion2 u=503.8 v=221.2 depth=0.0466 depth2=-1.0000 track=2 sf=9 flag=ok
[T2depth] t=46.2840 id=4690 src=motion2 u=373.0 v=57.0 depth=5.0000 depth2=-1.0000 track=2 sf=9 flag=init_neg
[T2depth] t=46.2840 id=4692 src=motion2 u=73.0 v=160.0 depth=5.0000 depth2=-1.0000 track=2 sf=9 flag=init_neg
[T2depth] t=46.2840 id=4694 src=motion2 u=354.0 v=91.0 depth=5.0000 depth2=-1.0000 track=2 sf=9 flag=init_neg
[T2gate] t=46.2840 tri=63 rej=0 xrej=0 init_replace=3 gate=0
[T2slv] t=46.2840 phase=1 init_cost=93.6753 final_cost=91.6156 iters=9 term=1 slv_ms=12.2
[T2diag] t=46.2840 P=[-0.0182 -0.0035 0.0090] V=[0.0281 -0.0143 -0.0029] |Bas|=0.582590 |Bgs|=0.0006115 Bas=[0.078000 -0.577110 0.016457] Bgs=[0.0004577 -0.0004056 -0.0000027] tic0=[0.1200 0.0500 -0.0200] tic1=[0.1200 -0.0500 -0.0200] td=0.00000 track=139
[E2uls] flag=1 sh_t=46.352 new_t=46.352 dP=[0.0054 -0.0023 -0.0004] |dP|=0.0059 first_dt=-1.0000
time: 46.284000, t: -0.018205 -0.003455 0.009030 q: 0.999557 0.029594 0.003212 0.000742 
[T2xcross] t=46.3840 id=4676 est=5.0000 svd=0.0846 rel=0.9831 track=2 sf=9
[T2xcross] t=46.3840 id=4686 est=30.2606 svd=1.0781 rel=0.9644 track=2 sf=9
[T2depth] t=46.3840 id=4706 src=motion2 u=594.0 v=68.0 depth=1.1415 depth2=-1.0000 track=2 sf=9 flag=ok
[T2depth] t=46.3840 id=4708 src=motion2 u=51.0 v=39.0 depth=5.0000 depth2=-1.0000 track=2 sf=9 flag=init_neg
[T2depth] t=46.3840 id=4709 src=motion2 u=575.0 v=101.0 depth=0.1568 depth2=-1.0000 track=2 sf=9 flag=ok
[T2depth] t=46.3840 id=4711 src=stereo u=143.4 v=28.2 depth=5.0000 depth2=-1.0000 track=1 sf=10 flag=init_neg
[T2depth] t=46.3840 id=4713 src=stereo u=132.8 v=101.4 depth=5.0000 depth2=-1.0000 track=1 sf=10 flag=init_neg
[T2depth] t=46.3840 id=4714 src=stereo u=259.9 v=116.4 depth=21.1089 depth2=-1.0000 track=1 sf=10 flag=ok
[T2depth] t=46.3840 id=4715 src=stereo u=437.0 v=82.0 depth=3.8933 depth2=-1.0000 track=1 sf=10 flag=ok
[T2depth] t=46.3840 id=4719 src=stereo u=319.0 v=53.0 depth=36.9990 depth2=-1.0000 track=1 sf=10 flag=ok
[T2gate] t=46.3840 tri=67 rej=0 xrej=0 init_replace=3 gate=0
[T2slv] t=46.3840 phase=1 init_cost=93.8448 final_cost=91.4633 iters=9 term=1 slv_ms=14.0
[T2diag] t=46.3840 P=[-0.0178 -0.0038 0.0090] V=[0.0290 -0.0136 -0.0060] |Bas|=0.576615 |Bgs|=0.0006307 Bas=[0.074785 -0.571510 0.016374] Bgs=[0.0004677 -0.0004231 -0.0000066] tic0=[0.1200 0.0500 -0.0200] tic1=[0.1200 -0.0500 -0.0200] td=0.00000 track=136
[E2uls] flag=1 sh_t=46.440 new_t=46.440 dP=[0.0038 -0.0026 -0.0004] |dP|=0.0046 first_dt=-1.0000
time: 46.384000, t: -0.017807 -0.003848 0.008952 q: 0.999570 0.029157 0.002953 0.000784 
[T2depth] t=46.4840 id=4710 src=motion2 u=497.1 v=167.6 depth=5.0000 depth2=-1.0000 track=2 sf=9 flag=init_neg
[T2depth] t=46.4840 id=4712 src=motion2 u=294.8 v=116.6 depth=5.0000 depth2=-1.0000 track=2 sf=9 flag=init_neg
[T2depth] t=46.4840 id=4717 src=motion2 u=413.0 v=180.6 depth=5.0000 depth2=-1.0000 track=2 sf=9 flag=init_neg
[T2depth] t=46.4840 id=4718 src=motion2 u=296.0 v=164.0 depth=0.8081 depth2=-1.0000 track=2 sf=9 flag=ok
[T2depth] t=46.4840 id=4723 src=motion2 u=415.0 v=441.0 depth=11.0490 depth2=-1.0000 track=2 sf=9 flag=ok
[T2depth] t=46.4840 id=4726 src=stereo u=292.5 v=50.1 depth=14.9740 depth2=-1.0000 track=1 sf=10 flag=ok
[T2depth] t=46.4840 id=4733 src=stereo u=501.2 v=204.0 depth=3.8595 depth2=-1.0000 track=1 sf=10 flag=ok
[T2depth] t=46.4840 id=4734 src=stereo u=359.0 v=127.0 depth=30.0716 depth2=-1.0000 track=1 sf=10 flag=ok
[T2gate] t=46.4840 tri=64 rej=0 xrej=0 init_replace=3 gate=0
[T2slv] t=46.4840 phase=1 init_cost=101.393 final_cost=98.4948 iters=9 term=1 slv_ms=10.9
[T2diag] t=46.4840 P=[-0.0173 -0.0042 0.0092] V=[0.0342 -0.0159 -0.0037] |Bas|=0.574956 |Bgs|=0.0006406 Bas=[0.078107 -0.569401 0.015978] Bgs=[0.0004590 -0.0004469 -0.0000018] tic0=[0.1200 0.0500 -0.0200] tic1=[0.1200 -0.0500 -0.0200] td=0.00000 track=137
[E2uls] flag=1 sh_t=46.524 new_t=46.524 dP=[0.0035 -0.0016 -0.0012] |dP|=0.0040 first_dt=-1.0000
time: 46.484000, t: -0.017309 -0.004235 0.009178 q: 0.999571 0.029104 0.003187 0.000782 
[T2depth] t=46.5840 id=4724 src=motion2 u=11.8 v=171.2 depth=5.0000 depth2=-1.0000 track=2 sf=9 flag=init_neg
[T2depth] t=46.5840 id=4728 src=motion2 u=570.0 v=135.7 depth=5.0000 depth2=-1.0000 track=2 sf=9 flag=init_neg
[T2depth] t=46.5840 id=4735 src=motion2 u=330.0 v=98.0 depth=5.0000 depth2=-1.0000 track=2 sf=9 flag=init_neg
[T2depth] t=46.5840 id=4736 src=motion2 u=146.0 v=29.0 depth=5.0000 depth2=-1.0000 track=2 sf=9 flag=init_neg
[T2depth] t=46.5840 id=4738 src=motion2 u=113.0 v=66.0 depth=5.0000 depth2=-1.0000 track=2 sf=9 flag=init_neg
[T2depth] t=46.5840 id=4745 src=stereo u=269.0 v=27.0 depth=26.6472 depth2=-1.0000 track=1 sf=10 flag=ok
[T2depth] t=46.5840 id=4746 src=stereo u=422.0 v=189.0 depth=4.0186 depth2=-1.0000 track=1 sf=10 flag=ok
[T2gate] t=46.5840 tri=61 rej=0 xrej=0 init_replace=5 gate=0
[T2slv] t=46.5840 phase=1 init_cost=100.797 final_cost=98.2862 iters=9 term=1 slv_ms=11.0
[T2diag] t=46.5840 P=[-0.0173 -0.0048 0.0092] V=[0.0377 -0.0119 -0.0013] |Bas|=0.578370 |Bgs|=0.0006645 Bas=[0.089050 -0.571246 0.016115] Bgs=[0.0004848 -0.0004531 -0.0000360] tic0=[0.1200 0.0500 -0.0200] tic1=[0.1200 -0.0500 -0.0200] td=0.00000 track=141
[E2uls] flag=1 sh_t=46.640 new_t=46.640 dP=[0.0054 -0.0028 -0.0003] |dP|=0.0061 first_dt=-1.0000
time: 46.584000, t: -0.017304 -0.004788 0.009190 q: 0.999574 0.028893 0.003906 0.000890 
[T2xcross] t=46.6840 id=4733 est=3.8595 svd=0.0297 rel=0.9923 track=2 sf=9
[T2xcross] t=46.6840 id=4735 est=5.0000 svd=0.1566 rel=0.9687 track=2 sf=9
[T2depth] t=46.6840 id=4741 src=motion2 u=551.3 v=206.1 depth=0.0210 depth2=-1.0000 track=2 sf=9 flag=ok
[T2depth] t=46.6840 id=4743 src=motion2 u=282.0 v=147.0 depth=5.0000 depth2=-1.0000 track=2 sf=9 flag=init_neg
[T2depth] t=46.6840 id=4747 src=motion2 u=162.0 v=179.0 depth=5.0000 depth2=-1.0000 track=2 sf=9 flag=init_neg
[T2depth] t=46.6840 id=4749 src=motion2 u=540.0 v=91.0 depth=0.2029 depth2=-1.0000 track=2 sf=9 flag=ok
[T2depth] t=46.6840 id=4753 src=stereo u=508.2 v=129.4 depth=24.0085 depth2=-1.0000 track=1 sf=10 flag=ok
[T2depth] t=46.6840 id=4762 src=stereo u=189.0 v=165.0 depth=39.4007 depth2=-1.0000 track=1 sf=10 flag=ok
[T2gate] t=46.6840 tri=61 rej=0 xrej=0 init_replace=2 gate=0
[T2slv] t=46.6840 phase=1 init_cost=97.9126 final_cost=91.5013 iters=9 term=1 slv_ms=14.3
[T2diag] t=46.6840 P=[-0.0170 -0.0047 0.0093] V=[0.0358 -0.0179 -0.0013] |Bas|=0.575700 |Bgs|=0.0006256 Bas=[0.091096 -0.568215 0.016218] Bgs=[0.0004514 -0.0004320 -0.0000315] tic0=[0.1200 0.0500 -0.0200] tic1=[0.1200 -0.0500 -0.0200] td=0.00000 track=138
[E2uls] flag=1 sh_t=46.744 new_t=46.744 dP=[0.0060 -0.0021 0.0001] |dP|=0.0063 first_dt=-1.0000
time: 46.684000, t: -0.016974 -0.004652 0.009285 q: 0.999579 0.028747 0.003869 0.000844 
[T2depth] t=46.7840 id=4750 src=motion2 u=183.7 v=213.7 depth=5.0000 depth2=-1.0000 track=2 sf=9 flag=init_neg
[T2depth] t=46.7840 id=4751 src=motion2 u=239.3 v=219.6 depth=1.6515 depth2=-1.0000 track=2 sf=9 flag=ok
[T2xcross] t=46.7840 id=4753 est=24.0085 svd=0.1794 rel=0.9925 track=2 sf=9
[T2depth] t=46.7840 id=4767 src=stereo u=493.3 v=17.3 depth=3.5058 depth2=-1.0000 track=1 sf=10 flag=ok
[T2depth] t=46.7840 id=4778 src=stereo u=466.0 v=66.0 depth=3.9323 depth2=-1.0000 track=1 sf=10 flag=ok
[T2depth] t=46.7840 id=4779 src=stereo u=222.0 v=16.0 depth=5.0000 depth2=-1.0000 track=1 sf=10 flag=init_neg
[T2gate] t=46.7840 tri=67 rej=0 xrej=0 init_replace=2 gate=0
[T2slv] t=46.7840 phase=1 init_cost=94.5265 final_cost=91.7495 iters=9 term=1 slv_ms=12.0
[T2diag] t=46.7840 P=[-0.0167 -0.0049 0.0092] V=[0.0367 -0.0176 -0.0059] |Bas|=0.568896 |Bgs|=0.0006345 Bas=[0.090060 -0.561495 0.015959] Bgs=[0.0004498 -0.0004456 -0.0000399] tic0=[0.1200 0.0500 -0.0200] tic1=[0.1200 -0.0500 -0.0200] td=0.00000 track=135
[E2uls] flag=1 sh_t=46.836 new_t=46.836 dP=[0.0049 -0.0025 -0.0004] |dP|=0.0055 first_dt=-1.0000
time: 46.784000, t: -0.016651 -0.004901 0.009217 q: 0.999589 0.028406 0.003678 0.000883 
[T2depth] t=46.8840 id=4763 src=motion2 u=368.6 v=74.5 depth=0.5606 depth2=-1.0000 track=2 sf=9 flag=ok
[T2depth] t=46.8840 id=4769 src=motion2 u=22.8 v=174.0 depth=1.0681 depth2=-1.0000 track=2 sf=9 flag=ok
[T2depth] t=46.8840 id=4772 src=motion2 u=81.0 v=211.0 depth=2.9211 depth2=-1.0000 track=2 sf=9 flag=ok
[T2depth] t=46.8840 id=4774 src=motion2 u=504.0 v=59.0 depth=5.0000 depth2=-1.0000 track=2 sf=9 flag=init_neg
[T2depth] t=46.8840 id=4783 src=stereo u=184.4 v=20.0 depth=5.0000 depth2=-1.0000 track=1 sf=10 flag=init_neg
[T2depth] t=46.8840 id=4792 src=stereo u=282.0 v=83.0 depth=41.9195 depth2=-1.0000 track=1 sf=10 flag=ok
[T2depth] t=46.8840 id=4793 src=stereo u=332.0 v=178.0 depth=21.9078 depth2=-1.0000 track=1 sf=10 flag=ok
[T2depth] t=46.8840 id=4794 src=stereo u=111.0 v=49.0 depth=5.0000 depth2=-1.0000 track=1 sf=10 flag=init_neg
[T2depth] t=46.8840 id=4795 src=stereo u=174.0 v=173.0 depth=33.0844 depth2=-1.0000 track=1 sf=10 flag=ok
[T2depth] t=46.8840 id=4796 src=stereo u=514.0 v=168.0 depth=3.3118 depth2=-1.0000 track=1 sf=10 flag=ok
[T2gate] t=46.8840 tri=67 rej=0 xrej=0 init_replace=3 gate=0
[T2slv] t=46.8840 phase=1 init_cost=107.295 final_cost=92.5861 iters=9 term=1 slv_ms=13.3
[T2diag] t=46.8840 P=[-0.0189 -0.0053 0.0060] V=[0.0432 -0.0163 -0.0025] |Bas|=0.578147 |Bgs|=0.0006302 Bas=[0.102928 -0.568676 0.016374] Bgs=[0.0004671 -0.0004145 -0.0000847] tic0=[0.1200 0.0500 -0.0200] tic1=[0.1200 -0.0500 -0.0200] td=0.00000 track=137
[E2uls] flag=1 sh_t=46.924 new_t=46.924 dP=[0.0077 -0.0022 0.0023] |dP|=0.0083 first_dt=-1.0000
time: 46.884000, t: -0.018887 -0.005322 0.005999 q: 0.999578 0.028705 0.004440 0.000982 
[T2xcross] t=47.0160 id=4743 est=5.0000 svd=1.0989 rel=0.7802 track=2 sf=9
[T2xcross] t=47.0160 id=4774 est=5.0000 svd=1.0883 rel=0.7823 track=2 sf=9
[T2depth] t=47.0160 id=4781 src=motion2 u=124.8 v=18.7 depth=5.0000 depth2=-1.0000 track=2 sf=9 flag=init_neg
[T2depth] t=47.0160 id=4786 src=motion2 u=166.3 v=137.9 depth=5.0000 depth2=-1.0000 track=2 sf=9 flag=init_neg
[T2depth] t=47.0160 id=4788 src=motion2 u=190.0 v=98.4 depth=5.0000 depth2=-1.0000 track=2 sf=9 flag=init_neg
[T2depth] t=47.0160 id=4790 src=motion2 u=12.0 v=246.0 depth=6.6602 depth2=-1.0000 track=2 sf=9 flag=ok
[T2depth] t=47.0160 id=4791 src=motion2 u=32.0 v=137.0 depth=5.0000 depth2=-1.0000 track=2 sf=9 flag=init_neg
[T2depth] t=47.0160 id=4802 src=stereo u=582.5 v=87.8 depth=23.9474 depth2=-1.0000 track=1 sf=10 flag=ok
[T2depth] t=47.0160 id=4803 src=stereo u=320.0 v=86.0 depth=36.7429 depth2=-1.0000 track=1 sf=10 flag=ok
[T2depth] t=47.0160 id=4804 src=stereo u=216.0 v=69.0 depth=5.0000 depth2=-1.0000 track=1 sf=10 flag=init_neg
[T2depth] t=47.0160 id=4809 src=stereo u=409.0 v=119.0 depth=3.6919 depth2=-1.0000 track=1 sf=10 flag=ok
[T2gate] t=47.0160 tri=59 rej=0 xrej=0 init_replace=5 gate=0
[T2slv] t=47.0160 phase=1 init_cost=95.2632 final_cost=90.0191 iters=9 term=1 slv_ms=23.2
[T2diag] t=47.0160 P=[-0.0080 -0.0025 -0.0002] V=[0.0150 -0.0160 -0.0025] |Bas|=0.585138 |Bgs|=0.0004753 Bas=[0.119166 -0.572624 0.016961] Bgs=[0.0004127 -0.0002354 -0.0000118] tic0=[0.1200 0.0500 -0.0200] tic1=[0.1200 -0.0500 -0.0200] td=0.00000 track=140
[E2uls] flag=1 sh_t=47.064 new_t=47.064 dP=[-0.0013 -0.0057 0.0060] |dP|=0.0084 first_dt=-1.0000
time: 47.016000, t: -0.007965 -0.002529 -0.000180 q: 0.999567 0.029056 0.004557 0.000510 
[T2xcross] t=47.1200 id=4796 est=3.3118 svd=0.0453 rel=0.9863 track=2 sf=9
[T2depth] t=47.1200 id=4798 src=motion2 u=413.9 v=167.8 depth=0.0952 depth2=-1.0000 track=2 sf=9 flag=ok
[T2xcross] t=47.1200 id=4802 est=23.9474 svd=0.0591 rel=0.9975 track=2 sf=9
[T2depth] t=47.1200 id=4806 src=motion2 u=514.0 v=105.0 depth=5.0000 depth2=-1.0000 track=2 sf=9 flag=init_neg
[T2depth] t=47.1200 id=4808 src=motion2 u=339.0 v=28.0 depth=0.3592 depth2=-1.0000 track=2 sf=9 flag=ok
[T2depth] t=47.1200 id=4811 src=stereo u=310.2 v=57.2 depth=36.7642 depth2=-1.0000 track=1 sf=10 flag=ok
[T2depth] t=47.1200 id=4815 src=stereo u=59.9 v=184.5 depth=20.1294 depth2=-1.0000 track=1 sf=10 flag=ok
[T2depth] t=47.1200 id=4816 src=stereo u=233.0 v=96.0 depth=5.0000 depth2=-1.0000 track=1 sf=10 flag=init_neg
[T2gate] t=47.1200 tri=68 rej=0 xrej=0 init_replace=2 gate=0
[T2slv] t=47.1200 phase=1 init_cost=88.6754 final_cost=86.0944 iters=9 term=1 slv_ms=8.9
[T2diag] t=47.1200 P=[-0.0087 -0.0020 0.0014] V=[0.0193 -0.0158 0.0027] |Bas|=0.600433 |Bgs|=0.0005122 Bas=[0.141554 -0.583246 0.017511] Bgs=[0.0004364 -0.0002681 0.0000033] tic0=[0.1200 0.0500 -0.0200] tic1=[0.1200 -0.0500 -0.0200] td=0.00000 track=130
[E2uls] flag=1 sh_t=47.180 new_t=47.180 dP=[0.0028 -0.0037 -0.0022] |dP|=0.0051 first_dt=-1.0000
time: 47.120000, t: -0.008683 -0.002017 0.001388 q: 0.999545 0.029542 0.006032 0.000412 
[T2depth] t=47.2480 id=4 src=motion2 u=385.8 v=387.9 depth=5.1354 depth2=-1.0000 track=2 sf=9 flag=ok
[T2depth] t=47.2480 id=11 src=motion2 u=398.8 v=342.5 depth=4.9620 depth2=-1.0000 track=2 sf=9 flag=ok
[T2depth] t=47.2480 id=22 src=motion2 u=462.2 v=7.9 depth=44.1452 depth2=-1.0000 track=2 sf=9 flag=ok
[T2depth] t=47.2480 id=32 src=motion2 u=433.9 v=407.9 depth=3.4900 depth2=-1.0000 track=2 sf=9 flag=ok
[T2depth] t=47.2480 id=45 src=motion2 u=350.1 v=391.0 depth=5.3337 depth2=-1.0000 track=2 sf=9 flag=ok
[T2depth] t=47.2480 id=56 src=motion2 u=385.5 v=434.2 depth=5.0401 depth2=-1.0000 track=2 sf=9 flag=ok
[T2depth] t=47.2480 id=64 src=motion2 u=120.5 v=286.5 depth=13.5948 depth2=-1.0000 track=2 sf=9 flag=ok
[T2depth] t=47.2480 id=71 src=motion2 u=395.7 v=464.8 depth=4.7369 depth2=-1.0000 track=2 sf=9 flag=ok
[T2depth] t=47.2480 id=76 src=motion2 u=434.1 v=324.4 depth=5.1103 depth2=-1.0000 track=2 sf=9 flag=ok
[T2depth] t=47.2480 id=83 src=motion2 u=417.7 v=381.8 depth=4.3602 depth2=-1.0000 track=2 sf=9 flag=ok
[T2depth] t=47.2480 id=89 src=motion2 u=434.7 v=468.8 depth=5.1044 depth2=-1.0000 track=2 sf=9 flag=ok
[T2xcross] t=47.2480 id=4811 est=36.7642 svd=1.7957 rel=0.9512 track=2 sf=9
[T2depth] t=47.2480 id=4813 src=motion2 u=334.0 v=120.9 depth=0.1474 depth2=-1.0000 track=2 sf=9 flag=ok
[T2xcross] t=47.2480 id=4816 est=5.0000 svd=6.3491 rel=0.2125 track=2 sf=9
[T2depth] t=47.2480 id=4818 src=motion2 u=550.0 v=36.0 depth=5.0000 depth2=-1.0000 track=2 sf=9 flag=init_neg
[T2depth] t=47.2480 id=4826 src=stereo u=450.0 v=87.0 depth=3.8719 depth2=-1.0000 track=1 sf=10 flag=ok
[T2depth] t=47.2480 id=4827 src=stereo u=539.0 v=4.0 depth=3.0948 depth2=-1.0000 track=1 sf=10 flag=ok
[T2depth] t=47.2480 id=4829 src=stereo u=421.0 v=188.0 depth=3.8796 depth2=-1.0000 track=1 sf=10 flag=ok
[T2gate] t=47.2480 tri=71 rej=0 xrej=0 init_replace=1 gate=0
[T2slv] t=47.2480 phase=1 init_cost=384.734 final_cost=142.713 iters=9 term=1 slv_ms=15.9
[T2diag] t=47.2480 P=[-0.0189 -0.0047 0.0013] V=[0.0013 0.0020 -0.0011] |Bas|=0.596645 |Bgs|=0.0005686 Bas=[0.155932 -0.575640 0.017572] Bgs=[0.0005148 -0.0002296 -0.0000743] tic0=[0.1200 0.0500 -0.0200] tic1=[0.1200 -0.0500 -0.0200] td=0.00000 track=139
[E2uls] flag=1 sh_t=47.320 new_t=47.320 dP=[0.0162 -0.0021 0.0000] |dP|=0.0163 first_dt=-1.0000
time: 47.248000, t: -0.018935 -0.004699 0.001278 q: 0.999566 0.028674 0.006761 0.000938 
[T2xcross] t=47.3480 id=4788 est=5.0000 svd=0.0627 rel=0.9875 track=2 sf=8
[T2depth] t=47.3480 id=4822 src=motion2 u=229.4 v=131.3 depth=5.0000 depth2=-1.0000 track=2 sf=9 flag=init_neg
[T2depth] t=47.3480 id=4823 src=motion2 u=613.8 v=221.9 depth=5.0000 depth2=-1.0000 track=2 sf=9 flag=init_neg
[T2depth] t=47.3480 id=4830 src=motion2 u=362.0 v=144.0 depth=5.0000 depth2=-1.0000 track=2 sf=9 flag=init_neg
[T2depth] t=47.3480 id=108 src=stereo u=198.2 v=288.5 depth=5.0000 depth2=-1.0000 track=1 sf=10 flag=init_neg
[T2depth] t=47.3480 id=2076 src=stereo u=114.1 v=331.1 depth=5.0000 depth2=-1.0000 track=1 sf=10 flag=init_neg
[T2depth] t=47.3480 id=4837 src=stereo u=333.2 v=158.9 depth=5.0000 depth2=-1.0000 track=1 sf=10 flag=init_neg
[T2depth] t=47.3480 id=4841 src=stereo u=524.0 v=7.0 depth=3.3478 depth2=-1.0000 track=1 sf=10 flag=ok
[T2gate] t=47.3480 tri=113 rej=0 xrej=0 init_replace=6 gate=0
[T2slv] t=47.3480 phase=1 init_cost=93.1155 final_cost=90.4301 iters=9 term=1 slv_ms=6.9
[T2diag] t=47.3480 P=[-0.0187 -0.0063 0.0027] V=[0.0014 -0.0041 0.0019] |Bas|=0.596906 |Bgs|=0.0005467 Bas=[0.173298 -0.570943 0.016984] Bgs=[0.0004867 -0.0002350 -0.0000825] tic0=[0.1200 0.0500 -0.0200] tic1=[0.1200 -0.0500 -0.0200] td=0.00000 track=88
[E2uls] flag=1 sh_t=47.384 new_t=47.384 dP=[0.0002 0.0019 -0.0021] |dP|=0.0029 first_dt=-1.0000
time: 47.348000, t: -0.018703 -0.006282 0.002677 q: 0.999562 0.028505 0.007858 0.001079 
[T2xcross] t=47.4480 id=4826 est=3.8719 svd=0.0608 rel=0.9843 track=3 sf=8
[T2xcross] t=47.4480 id=4829 est=3.8796 svd=0.0839 rel=0.9784 track=2 sf=8
[T2depth] t=47.4480 id=2 src=motion2 u=224.0 v=347.8 depth=1.2542 depth2=-1.0000 track=2 sf=9 flag=ok
[T2depth] t=47.4480 id=5 src=motion2 u=264.0 v=362.8 depth=0.9213 depth2=-1.0000 track=2 sf=9 flag=ok
[T2depth] t=47.4480 id=6 src=motion2 u=4.2 v=375.3 depth=1.4409 depth2=-1.0000 track=2 sf=9 flag=ok
[T2depth] t=47.4480 id=7 src=motion2 u=316.9 v=357.7 depth=0.9218 depth2=-1.0000 track=2 sf=9 flag=ok
[T2depth] t=47.4480 id=8 src=motion2 u=158.2 v=342.8 depth=1.0940 depth2=-1.0000 track=2 sf=9 flag=ok
[T2depth] t=47.4480 id=10 src=motion2 u=352.2 v=346.6 depth=0.8639 depth2=-1.0000 track=2 sf=9 flag=ok
[T2depth] t=47.4480 id=13 src=motion2 u=540.2 v=375.7 depth=0.4736 depth2=-1.0000 track=2 sf=9 flag=ok
[T2depth] t=47.4480 id=15 src=motion2 u=203.0 v=389.2 depth=0.9921 depth2=-1.0000 track=2 sf=9 flag=ok
[T2depth] t=47.4480 id=16 src=motion2 u=292.0 v=374.9 depth=0.8340 depth2=-1.0000 track=2 sf=9 flag=ok
[T2depth] t=47.4480 id=19 src=motion2 u=455.9 v=349.6 depth=0.6775 depth2=-1.0000 track=2 sf=9 flag=ok
[T2depth] t=47.4480 id=20 src=motion2 u=44.4 v=349.0 depth=1.4309 depth2=-1.0000 track=2 sf=9 flag=ok
[T2depth] t=47.4480 id=21 src=motion2 u=580.2 v=365.6 depth=0.6193 depth2=-1.0000 track=2 sf=9 flag=ok
[T2depth] t=47.4480 id=23 src=motion2 u=505.2 v=361.6 depth=0.6462 depth2=-1.0000 track=2 sf=9 flag=ok
[T2depth] t=47.4480 id=24 src=motion2 u=567.9 v=409.8 depth=0.5776 depth2=-1.0000 track=2 sf=9 flag=ok
[T2depth] t=47.4480 id=36 src=motion2 u=482.5 v=394.9 depth=0.6042 depth2=-1.0000 track=2 sf=9 flag=ok
[T2depth] t=47.4480 id=38 src=motion2 u=120.2 v=421.5 depth=1.0355 depth2=-1.0000 track=2 sf=9 flag=ok
[T2depth] t=47.4480 id=39 src=motion2 u=614.4 v=452.3 depth=0.4502 depth2=-1.0000 track=2 sf=9 flag=ok
[T2depth] t=47.4480 id=40 src=motion2 u=618.7 v=320.2 depth=0.5015 depth2=-1.0000 track=2 sf=9 flag=ok
[T2depth] t=47.4480 id=41 src=motion2 u=237.0 v=379.0 depth=1.3542 depth2=-1.0000 track=2 sf=9 flag=ok
[T2depth] t=47.4480 id=44 src=motion2 u=610.1 v=410.8 depth=0.5853 depth2=-1.0000 track=2 sf=9 flag=ok
[T2depth] t=47.4480 id=47 src=motion2 u=74.4 v=354.1 depth=1.5027 depth2=-1.0000 track=2 sf=9 flag=ok
[T2depth] t=47.4480 id=53 src=motion2 u=511.3 v=439.3 depth=0.6177 depth2=-1.0000 track=2 sf=9 flag=ok
[T2depth] t=47.4480 id=54 src=motion2 u=211.0 v=316.6 depth=1.2469 depth2=-1.0000 track=2 sf=9 flag=ok
[T2depth] t=47.4480 id=57 src=motion2 u=380.9 v=316.5 depth=0.7381 depth2=-1.0000 track=2 sf=9 flag=ok
[T2depth] t=47.4480 id=58 src=motion2 u=225.2 v=431.4 depth=1.0716 depth2=-1.0000 track=2 sf=9 flag=ok
[T2depth] t=47.4480 id=59 src=motion2 u=580.2 v=454.9 depth=0.4017 depth2=-1.0000 track=2 sf=9 flag=ok
[T2depth] t=47.4480 id=61 src=motion2 u=192.1 v=419.4 depth=0.9561 depth2=-1.0000 track=2 sf=9 flag=ok
[T2depth] t=47.4480 id=63 src=motion2 u=566.8 v=307.1 depth=0.6381 depth2=-1.0000 track=2 sf=9 flag=ok
[T2depth] t=47.4480 id=65 src=motion2 u=89.1 v=464.8 depth=0.9644 depth2=-1.0000 track=2 sf=9 flag=ok
[T2depth] t=47.4480 id=66 src=motion2 u=477.8 v=476.4 depth=0.6478 depth2=-1.0000 track=2 sf=9 flag=ok
[T2depth] t=47.4480 id=67 src=motion2 u=174.2 v=307.6 depth=2.8197 depth2=-1.0000 track=2 sf=9 flag=ok
[T2depth] t=47.4480 id=68 src=motion2 u=354.2 v=291.3 depth=0.8166 depth2=-1.0000 track=2 sf=9 flag=ok
[T2depth] t=47.4480 id=69 src=motion2 u=274.0 v=290.4 depth=0.7727 depth2=-1.0000 track=2 sf=9 flag=ok
[T2depth] t=47.4480 id=70 src=motion2 u=484.5 v=323.3 depth=0.4009 depth2=-1.0000 track=2 sf=9 flag=ok
[T2depth] t=47.4480 id=72 src=motion2 u=538.9 v=473.4 depth=0.7536 depth2=-1.0000 track=2 sf=9 flag=ok
[T2depth] t=47.4480 id=73 src=motion2 u=445.1 v=437.2 depth=0.4777 depth2=-1.0000 track=2 sf=9 flag=ok
[T2depth] t=47.4480 id=80 src=motion2 u=151.7 v=430.5 depth=1.1641 depth2=-1.0000 track=2 sf=9 flag=ok
[T2depth] t=47.4480 id=86 src=motion2 u=520.8 v=292.1 depth=0.5800 depth2=-1.0000 track=2 sf=9 flag=ok
[T2depth] t=47.4480 id=92 src=motion2 u=551.2 v=437.0 depth=0.5380 depth2=-1.0000 track=2 sf=9 flag=ok
[T2depth] t=47.4480 id=96 src=motion2 u=587.7 v=331.3 depth=0.5820 depth2=-1.0000 track=2 sf=9 flag=ok
[T2depth] t=47.4480 id=98 src=motion2 u=52.0 v=281.5 depth=1.4072 depth2=-1.0000 track=2 sf=9 flag=ok
[T2xcross] t=47.4480 id=108 est=5.0000 svd=1.0724 rel=0.7855 track=2 sf=9
[T2depth] t=47.4480 id=112 src=motion2 u=480.5 v=428.3 depth=0.8861 depth2=-1.0000 track=2 sf=9 flag=ok
[T2depth] t=47.4480 id=130 src=motion2 u=228.8 v=287.4 depth=5.0000 depth2=-1.0000 track=2 sf=9 flag=init_neg
[T2depth] t=47.4480 id=197 src=motion2 u=508.1 v=472.4 depth=0.6262 depth2=-1.0000 track=2 sf=9 flag=ok
[T2depth] t=47.4480 id=805 src=motion2 u=491.2 v=288.1 depth=0.5174 depth2=-1.0000 track=2 sf=9 flag=ok
[T2depth] t=47.4480 id=887 src=motion2 u=450.1 v=381.5 depth=0.5891 depth2=-1.0000 track=2 sf=9 flag=ok
[T2xcross] t=47.4480 id=2076 est=5.0000 svd=1.2230 rel=0.7554 track=2 sf=9
[T2depth] t=47.4480 id=2123 src=motion2 u=551.9 v=279.0 depth=0.5519 depth2=-1.0000 track=2 sf=9 flag=ok
[T2depth] t=47.4480 id=2522 src=motion2 u=522.0 v=324.0 depth=0.5376 depth2=-1.0000 track=2 sf=9 flag=ok
[T2depth] t=47.4480 id=4831 src=motion2 u=608.5 v=27.0 depth=0.0022 depth2=-1.0000 track=2 sf=9 flag=ok
[T2depth] t=47.4480 id=4832 src=motion2 u=150.1 v=26.7 depth=0.0692 depth2=-1.0000 track=2 sf=9 flag=ok
[T2depth] t=47.4480 id=4834 src=motion2 u=352.1 v=104.4 depth=0.0125 depth2=-1.0000 track=2 sf=9 flag=ok
[T2depth] t=47.4480 id=4838 src=motion2 u=477.3 v=197.8 depth=0.0105 depth2=-1.0000 track=2 sf=9 flag=ok
[T2depth] t=47.4480 id=4839 src=motion2 u=280.9 v=12.4 depth=0.0290 depth2=-1.0000 track=2 sf=9 flag=ok
[T2xcross] t=47.4480 id=4841 est=3.3478 svd=0.0165 rel=0.9951 track=2 sf=9
[T2depth] t=47.4480 id=4842 src=motion2 u=92.0 v=50.0 depth=0.0271 depth2=-1.0000 track=2 sf=9 flag=ok
[T2depth] t=47.4480 id=4844 src=stereo u=283.9 v=175.8 depth=24.4282 depth2=-1.0000 track=1 sf=10 flag=ok
[T2depth] t=47.4480 id=4849 src=stereo u=376.0 v=43.0 depth=3.9325 depth2=-1.0000 track=1 sf=10 flag=ok
[T2depth] t=47.4480 id=4856 src=stereo u=305.0 v=199.0 depth=35.3912 depth2=-1.0000 track=1 sf=10 flag=ok
[T2gate] t=47.4480 tri=111 rej=0 xrej=0 init_replace=1 gate=0
[T2slv] t=47.4480 phase=1 init_cost=771.357 final_cost=138.138 iters=9 term=1 slv_ms=18.5
[T2diag] t=47.4480 P=[-0.0184 -0.0055 0.0031] V=[0.0044 -0.0000 0.0020] |Bas|=0.597878 |Bgs|=0.0005584 Bas=[0.177604 -0.570637 0.016972] Bgs=[0.0005008 -0.0002394 -0.0000603] tic0=[0.1200 0.0500 -0.0200] tic1=[0.1200 -0.0500 -0.0200] td=0.00000 track=139
[E2uls] flag=1 sh_t=47.504 new_t=47.504 dP=[-0.0002 -0.0011 -0.0003] |dP|=0.0011 first_dt=-1.0000
time: 47.448000, t: -0.018391 -0.005527 0.003104 q: 0.999562 0.028442 0.008182 0.000947 
[T2xcross] t=47.5480 id=4839 est=0.0290 svd=0.0064 rel=0.7804 track=2 sf=9
[T2depth] t=47.5480 id=4846 src=motion2 u=12.4 v=22.8 depth=5.0000 depth2=-1.0000 track=2 sf=9 flag=init_neg
[T2depth] t=47.5480 id=4850 src=motion2 u=135.0 v=129.0 depth=0.0725 depth2=-1.0000 track=2 sf=9 flag=ok
[T2depth] t=47.5480 id=4851 src=motion2 u=37.0 v=198.0 depth=0.0588 depth2=-1.0000 track=2 sf=9 flag=ok
[T2depth] t=47.5480 id=4853 src=motion2 u=569.0 v=133.0 depth=0.0352 depth2=-1.0000 track=2 sf=9 flag=ok
[T2depth] t=47.5480 id=4854 src=motion2 u=79.0 v=154.0 depth=0.0379 depth2=-1.0000 track=2 sf=9 flag=ok
[T2depth] t=47.5480 id=4518 src=stereo u=448.0 v=166.7 depth=3.8484 depth2=-1.0000 track=1 sf=10 flag=ok
[T2depth] t=47.5480 id=4866 src=stereo u=414.0 v=86.0 depth=4.0309 depth2=-1.0000 track=1 sf=10 flag=ok
[T2gate] t=47.5480 tri=63 rej=0 xrej=0 init_replace=1 gate=0
[T2slv] t=47.5480 phase=1 init_cost=109.758 final_cost=107.49 iters=9 term=1 slv_ms=9.4
[T2diag] t=47.5480 P=[-0.0192 -0.0060 0.0033] V=[0.0023 0.0001 0.0026] |Bas|=0.599732 |Bgs|=0.0005439 Bas=[0.184648 -0.570343 0.017112] Bgs=[0.0004822 -0.0002425 -0.0000676] tic0=[0.1200 0.0500 -0.0200] tic1=[0.1200 -0.0500 -0.0200] td=0.00000 track=137
[E2uls] flag=1 sh_t=47.584 new_t=47.584 dP=[0.0015 0.0007 0.0001] |dP|=0.0017 first_dt=-1.0000
time: 47.548000, t: -0.019173 -0.005955 0.003303 q: 0.999562 0.028328 0.008461 0.000962 
[T2depth] t=47.6480 id=84 src=motion2 u=408.4 v=289.2 depth=5.0000 depth2=-1.0000 track=2 sf=9 flag=init_neg
[T2depth] t=47.6480 id=4109 src=motion2 u=52.2 v=243.8 depth=5.0000 depth2=-1.0000 track=2 sf=9 flag=init_neg
[T2depth] t=47.6480 id=4857 src=motion2 u=219.3 v=213.3 depth=0.0373 depth2=-1.0000 track=2 sf=9 flag=ok
[T2depth] t=47.6480 id=4859 src=motion2 u=572.7 v=50.3 depth=0.1390 depth2=-1.0000 track=2 sf=9 flag=ok
[T2depth] t=47.6480 id=4860 src=motion2 u=620.0 v=64.2 depth=5.0000 depth2=-1.0000 track=2 sf=9 flag=init_neg
[T2depth] t=47.6480 id=4861 src=motion2 u=151.4 v=100.1 depth=0.0338 depth2=-1.0000 track=2 sf=9 flag=ok
[T2depth] t=47.6480 id=4862 src=motion2 u=244.7 v=99.5 depth=5.0000 depth2=-1.0000 track=2 sf=9 flag=init_neg
[T2depth] t=47.6480 id=4865 src=motion2 u=142.0 v=180.0 depth=0.0010 depth2=-1.0000 track=2 sf=9 flag=ok
[T2depth] t=47.6480 id=4867 src=motion2 u=211.0 v=53.0 depth=0.0312 depth2=-1.0000 track=2 sf=9 flag=ok
[T2depth] t=47.6480 id=4868 src=stereo u=444.0 v=208.9 depth=3.8975 depth2=-1.0000 track=1 sf=10 flag=ok
[T2depth] t=47.6480 id=4876 src=stereo u=338.0 v=225.0 depth=1.7526 depth2=-1.0000 track=1 sf=10 flag=ok
[T2depth] t=47.6480 id=4878 src=stereo u=477.0 v=51.0 depth=3.9211 depth2=-1.0000 track=1 sf=10 flag=ok
[T2gate] t=47.6480 tri=63 rej=0 xrej=0 init_replace=4 gate=0
[T2slv] t=47.6480 phase=1 init_cost=98.8935 final_cost=97.2512 iters=9 term=1 slv_ms=19.7
[T2diag] t=47.6480 P=[-0.0188 -0.0054 0.0030] V=[-0.0002 0.0031 0.0017] |Bas|=0.601669 |Bgs|=0.0005442 Bas=[0.189077 -0.570927 0.017265] Bgs=[0.0004849 -0.0002399 -0.0000598] tic0=[0.1200 0.0500 -0.0200] tic1=[0.1200 -0.0500 -0.0200] td=0.00000 track=140
[E2uls] flag=1 sh_t=47.716 new_t=47.716 dP=[0.0002 0.0001 0.0006] |dP|=0.0006 first_dt=-1.0000
time: 47.648000, t: -0.018773 -0.005427 0.002963 q: 0.999558 0.028451 0.008591 0.000904 
[T2xcross] t=47.7480 id=36 est=0.6042 svd=2.7736 rel=0.7822 track=2 sf=9
[T2xcross] t=47.7480 id=4866 est=4.0309 svd=0.1012 rel=0.9749 track=2 sf=9
[T2depth] t=47.7480 id=4871 src=motion2 u=232.9 v=173.0 depth=0.0204 depth2=-1.0000 track=2 sf=9 flag=ok
[T2depth] t=47.7480 id=4873 src=motion2 u=10.8 v=94.9 depth=0.0478 depth2=-1.0000 track=2 sf=9 flag=ok
[T2depth] t=47.7480 id=4875 src=motion2 u=607.0 v=123.0 depth=0.0885 depth2=-1.0000 track=2 sf=9 flag=ok
[T2depth] t=47.7480 id=4877 src=motion2 u=116.0 v=18.0 depth=0.0390 depth2=-1.0000 track=2 sf=9 flag=ok
[T2depth] t=47.7480 id=4887 src=stereo u=506.9 v=225.6 depth=3.8761 depth2=-1.0000 track=1 sf=10 flag=ok
[T2gate] t=47.7480 tri=62 rej=0 xrej=0 init_replace=0 gate=0
[T2slv] t=47.7480 phase=1 init_cost=171.21 final_cost=102.71 iters=9 term=1 slv_ms=9.2
[T2diag] t=47.7480 P=[-0.0195 -0.0057 0.0033] V=[0.0025 0.0044 0.0034] |Bas|=0.603602 |Bgs|=0.0005401 Bas=[0.195332 -0.570857 0.017389] Bgs=[0.0004882 -0.0002210 -0.0000669] tic0=[0.1200 0.0500 -0.0200] tic1=[0.1200 -0.0500 -0.0200] td=0.00000 track=137
[E2uls] flag=1 sh_t=47.808 new_t=47.808 dP=[0.0013 0.0011 0.0002] |dP|=0.0017 first_dt=-1.0000
time: 47.748000, t: -0.019500 -0.005692 0.003279 q: 0.999548 0.028744 0.008823 0.000824 
[T2depth] t=47.8480 id=4880 src=motion2 u=332.1 v=114.3 depth=5.0000 depth2=-1.0000 track=2 sf=9 flag=init_neg
[T2depth] t=47.8480 id=4882 src=motion2 u=580.0 v=81.3 depth=5.0000 depth2=-1.0000 track=2 sf=9 flag=init_neg
[T2depth] t=47.8480 id=4883 src=motion2 u=44.4 v=39.9 depth=5.0000 depth2=-1.0000 track=2 sf=9 flag=init_neg
[T2depth] t=47.8480 id=4884 src=motion2 u=534.0 v=52.8 depth=0.2123 depth2=-1.0000 track=2 sf=9 flag=ok
[T2depth] t=47.8480 id=4885 src=motion2 u=483.8 v=158.2 depth=0.1315 depth2=-1.0000 track=2 sf=9 flag=ok
[T2depth] t=47.8480 id=4888 src=motion2 u=299.0 v=126.0 depth=0.0038 depth2=-1.0000 track=2 sf=9 flag=ok
[T2depth] t=47.8480 id=4895 src=stereo u=608.3 v=140.4 depth=40.0928 depth2=-1.0000 track=1 sf=10 flag=ok
[T2depth] t=47.8480 id=4897 src=stereo u=201.8 v=99.7 depth=21.2661 depth2=-1.0000 track=1 sf=10 flag=ok
[T2depth] t=47.8480 id=4902 src=stereo u=88.0 v=144.0 depth=5.0000 depth2=-1.0000 track=1 sf=10 flag=init_neg
[T2depth] t=47.8480 id=4909 src=stereo u=161.0 v=62.0 depth=24.1520 depth2=-1.0000 track=1 sf=10 flag=ok
[T2gate] t=47.8480 tri=67 rej=0 xrej=0 init_replace=4 gate=0
[T2slv] t=47.8480 phase=1 init_cost=127.431 final_cost=103.077 iters=9 term=1 slv_ms=14.2
[T2diag] t=47.8480 P=[-0.0193 -0.0062 0.0025] V=[0.0009 0.0024 0.0050] |Bas|=0.603329 |Bgs|=0.0005562 Bas=[0.196878 -0.570030 0.017646] Bgs=[0.0005028 -0.0002178 -0.0000956] tic0=[0.1200 0.0500 -0.0200] tic1=[0.1200 -0.0500 -0.0200] td=0.00000 track=137
[E2uls] flag=1 sh_t=47.896 new_t=47.896 dP=[0.0000 0.0011 0.0019] |dP|=0.0021 first_dt=-1.0000
time: 47.848000, t: -0.019262 -0.006201 0.002494 q: 0.999547 0.028754 0.008894 0.000933 
[T2xcross] t=47.9480 id=4868 est=3.8975 svd=1.6787 rel=0.5693 track=2 sf=9
[T2depth] t=47.9480 id=4901 src=motion2 u=37.2 v=214.7 depth=0.1142 depth2=-1.0000 track=2 sf=9 flag=ok
[T2depth] t=47.9480 id=4905 src=motion2 u=313.0 v=169.0 depth=0.0568 depth2=-1.0000 track=2 sf=9 flag=ok
[T2depth] t=47.9480 id=4907 src=motion2 u=367.0 v=56.0 depth=5.0000 depth2=-1.0000 track=2 sf=9 flag=init_neg
[T2depth] t=47.9480 id=4908 src=motion2 u=87.0 v=30.0 depth=5.0000 depth2=-1.0000 track=2 sf=9 flag=init_neg
[T2xcross] t=47.9480 id=4909 est=24.1520 svd=0.1206 rel=0.9950 track=2 sf=9
[T2depth] t=47.9480 id=4910 src=motion2 u=24.0 v=157.0 depth=0.1841 depth2=-1.0000 track=2 sf=9 flag=ok
[T2depth] t=47.9480 id=4911 src=stereo u=365.5 v=185.1 depth=4.0717 depth2=-1.0000 track=1 sf=10 flag=ok
[T2depth] t=47.9480 id=4926 src=stereo u=605.0 v=152.0 depth=27.9133 depth2=-1.0000 track=1 sf=10 flag=ok
[T2gate] t=47.9480 tri=67 rej=0 xrej=0 init_replace=2 gate=0
[T2slv] t=47.9480 phase=1 init_cost=101.868 final_cost=97.8461 iters=9 term=1 slv_ms=27.3
[T2diag] t=47.9480 P=[-0.0191 -0.0066 0.0019] V=[-0.0006 0.0010 0.0048] |Bas|=0.607811 |Bgs|=0.0005515 Bas=[0.196124 -0.575010 0.018267] Bgs=[0.0004937 -0.0002202 -0.0001092] tic0=[0.1200 0.0500 -0.0200] tic1=[0.1200 -0.0500 -0.0200] td=0.00000 track=134
[E2uls] flag=1 sh_t=48.000 new_t=48.000 dP=[0.0002 0.0007 0.0018] |dP|=0.0019 first_dt=-1.0000
time: 47.948000, t: -0.019144 -0.006614 0.001863 q: 0.999541 0.029033 0.008552 0.000930 
[T2xcross] t=48.0480 id=4887 est=3.8761 svd=0.0324 rel=0.9916 track=2 sf=9
[T2xcross] t=48.0480 id=4908 est=5.0000 svd=0.0182 rel=0.9964 track=2 sf=9
[T2depth] t=48.0480 id=4457 src=motion2 u=446.0 v=137.2 depth=1.4540 depth2=-1.0000 track=2 sf=9 flag=ok
[T2depth] t=48.0480 id=4914 src=motion2 u=621.2 v=206.1 depth=5.0000 depth2=-1.0000 track=2 sf=9 flag=init_neg
[T2depth] t=48.0480 id=4915 src=motion2 u=575.1 v=197.0 depth=5.0000 depth2=-1.0000 track=2 sf=9 flag=init_neg
[T2depth] t=48.0480 id=4916 src=motion2 u=237.2 v=71.4 depth=5.0000 depth2=-1.0000 track=2 sf=9 flag=init_neg
[T2depth] t=48.0480 id=4920 src=motion2 u=252.7 v=157.8 depth=5.0000 depth2=-1.0000 track=2 sf=9 flag=init_neg
[T2depth] t=48.0480 id=4922 src=motion2 u=371.0 v=125.0 depth=5.0000 depth2=-1.0000 track=2 sf=9 flag=init_neg
[T2depth] t=48.0480 id=4923 src=motion2 u=291.0 v=140.0 depth=0.1477 depth2=-1.0000 track=2 sf=9 flag=ok
[T2xcross] t=48.0480 id=4926 est=27.9133 svd=0.1540 rel=0.9945 track=2 sf=9
[T2depth] t=48.0480 id=4929 src=stereo u=409.9 v=103.9 depth=3.6820 depth2=-1.0000 track=1 sf=10 flag=ok
[T2depth] t=48.0480 id=4931 src=stereo u=406.4 v=180.7 depth=4.0207 depth2=-1.0000 track=1 sf=10 flag=ok
[T2depth] t=48.0480 id=4938 src=stereo u=528.0 v=158.0 depth=4.3991 depth2=-1.0000 track=1 sf=10 flag=ok
[T2gate] t=48.0480 tri=68 rej=0 xrej=0 init_replace=5 gate=0
[T2slv] t=48.0480 phase=1 init_cost=105.896 final_cost=96.9416 iters=6 term=0 slv_ms=10.3
[T2diag] t=48.0480 P=[-0.0195 -0.0066 0.0022] V=[-0.0006 -0.0005 0.0087] |Bas|=0.606448 |Bgs|=0.0005574 Bas=[0.192287 -0.574875 0.018008] Bgs=[0.0004945 -0.0002280 -0.0001189] tic0=[0.1200 0.0500 -0.0200] tic1=[0.1200 -0.0500 -0.0200] td=0.00000 track=138
[E2uls] flag=1 sh_t=48.088 new_t=48.088 dP=[0.0003 -0.0001 0.0004] |dP|=0.0005 first_dt=-1.0000
time: 48.048000, t: -0.019504 -0.006602 0.002167 q: 0.999543 0.028966 0.008601 0.000976 
[T2xcross] t=48.1480 id=4907 est=5.0000 svd=0.4802 rel=0.9040 track=2 sf=9
[T2xcross] t=48.1480 id=4914 est=5.0000 svd=0.2671 rel=0.9466 track=2 sf=9
[T2depth] t=48.1480 id=4790 src=motion2 u=13.0 v=246.0 depth=2.8622 depth2=-1.0000 track=2 sf=9 flag=ok
[T2depth] t=48.1480 id=4936 src=motion2 u=117.0 v=90.0 depth=5.0000 depth2=-1.0000 track=2 sf=9 flag=init_neg
[T2depth] t=48.1480 id=4940 src=motion2 u=490.0 v=283.0 depth=6.9851 depth2=-1.0000 track=2 sf=9 flag=ok
[T2depth] t=48.1480 id=4941 src=motion2 u=45.0 v=65.0 depth=5.0000 depth2=-1.0000 track=2 sf=9 flag=init_neg
[T2depth] t=48.1480 id=4942 src=motion2 u=21.0 v=86.0 depth=0.0760 depth2=-1.0000 track=2 sf=9 flag=ok
[T2depth] t=48.1480 id=4950 src=stereo u=187.0 v=89.0 depth=29.0159 depth2=-1.0000 track=1 sf=10 flag=ok
[T2depth] t=48.1480 id=4953 src=stereo u=95.0 v=131.0 depth=24.0082 depth2=-1.0000 track=1 sf=10 flag=ok
[T2depth] t=48.1480 id=4954 src=stereo u=499.0 v=186.0 depth=3.6542 depth2=-1.0000 track=1 sf=10 flag=ok
[T2depth] t=48.1480 id=4956 src=stereo u=148.0 v=43.0 depth=5.0000 depth2=-1.0000 track=1 sf=10 flag=init_neg
[T2gate] t=48.1480 tri=62 rej=0 xrej=0 init_replace=3 gate=0
[T2slv] t=48.1480 phase=1 init_cost=99.595 final_cost=97.5254 iters=9 term=1 slv_ms=12.4
[T2diag] t=48.1480 P=[-0.0199 -0.0071 0.0026] V=[0.0020 -0.0003 0.0096] |Bas|=0.611074 |Bgs|=0.0005513 Bas=[0.193657 -0.579281 0.018468] Bgs=[0.0004860 -0.0002227 -0.0001346] tic0=[0.1200 0.0500 -0.0200] tic1=[0.1200 -0.0500 -0.0200] td=0.00000 track=139
[E2uls] flag=1 sh_t=48.204 new_t=48.204 dP=[0.0009 0.0007 0.0011] |dP|=0.0016 first_dt=-1.0000
time: 48.148000, t: -0.019898 -0.007132 0.002591 q: 0.999537 0.029140 0.008722 0.001081 
[T2xcross] t=48.2480 id=4920 est=5.0000 svd=0.3707 rel=0.9259 track=2 sf=9
[T2depth] t=48.2480 id=4947 src=motion2 u=310.6 v=19.5 depth=5.0000 depth2=-1.0000 track=2 sf=9 flag=init_neg
[T2depth] t=48.2480 id=4948 src=motion2 u=58.0 v=243.0 depth=5.0000 depth2=-1.0000 track=2 sf=9 flag=init_neg
[T2depth] t=48.2480 id=4951 src=motion2 u=584.0 v=76.0 depth=0.1771 depth2=-1.0000 track=2 sf=9 flag=ok
[T2depth] t=48.2480 id=4955 src=motion2 u=158.0 v=14.0 depth=5.0000 depth2=-1.0000 track=2 sf=9 flag=init_neg
[T2depth] t=48.2480 id=4957 src=stereo u=397.9 v=178.0 depth=4.1156 depth2=-1.0000 track=1 sf=10 flag=ok
[T2depth] t=48.2480 id=4963 src=stereo u=416.0 v=116.0 depth=4.1161 depth2=-1.0000 track=1 sf=10 flag=ok
[T2depth] t=48.2480 id=4964 src=stereo u=341.0 v=29.0 depth=5.0000 depth2=-1.0000 track=1 sf=10 flag=init_neg
[T2gate] t=48.2480 tri=61 rej=0 xrej=0 init_replace=4 gate=0
[T2slv] t=48.2480 phase=1 init_cost=100.934 final_cost=97.9669 iters=9 term=1 slv_ms=10.5
[T2diag] t=48.2480 P=[-0.0190 -0.0062 0.0027] V=[0.0051 0.0006 0.0062] |Bas|=0.617183 |Bgs|=0.0005493 Bas=[0.195762 -0.585004 0.019036] Bgs=[0.0004916 -0.0002149 -0.0001177] tic0=[0.1200 0.0500 -0.0200] tic1=[0.1200 -0.0500 -0.0200] td=0.00000 track=138
[E2uls] flag=1 sh_t=48.308 new_t=48.308 dP=[0.0004 -0.0013 0.0014] |dP|=0.0019 first_dt=-1.0000
time: 48.248000, t: -0.019018 -0.006219 0.002728 q: 0.999530 0.029366 0.008807 0.000874 
[T2xcross] t=48.3480 id=4947 est=5.0000 svd=0.0413 rel=0.9917 track=2 sf=9
[T2depth] t=48.3480 id=4960 src=motion2 u=337.9 v=175.6 depth=5.0000 depth2=-1.0000 track=2 sf=9 flag=init_neg
[T2depth] t=48.3480 id=4961 src=motion2 u=393.7 v=19.1 depth=1.5217 depth2=-1.0000 track=2 sf=9 flag=ok
[T2depth] t=48.3480 id=4966 src=motion2 u=219.0 v=104.0 depth=0.6501 depth2=-1.0000 track=2 sf=9 flag=ok
[T2depth] t=48.3480 id=4968 src=motion2 u=182.0 v=207.0 depth=5.0000 depth2=-1.0000 track=2 sf=9 flag=init_neg
[T2depth] t=48.3480 id=4975 src=stereo u=406.6 v=161.1 depth=3.8034 depth2=-1.0000 track=1 sf=10 flag=ok
[T2depth] t=48.3480 id=4981 src=stereo u=219.0 v=20.0 depth=24.2611 depth2=-1.0000 track=1 sf=10 flag=ok
[T2depth] t=48.3480 id=4983 src=stereo u=597.0 v=193.0 depth=5.0000 depth2=-1.0000 track=1 sf=10 flag=init_neg
[T2depth] t=48.3480 id=4985 src=stereo u=261.0 v=188.0 depth=5.0000 depth2=-1.0000 track=1 sf=10 flag=init_neg
[T2depth] t=48.3480 id=4988 src=stereo u=548.0 v=132.0 depth=20.2916 depth2=-1.0000 track=1 sf=10 flag=ok
[T2depth] t=48.3480 id=4989 src=stereo u=324.0 v=71.0 depth=23.7678 depth2=-1.0000 track=1 sf=10 flag=ok
[T2gate] t=48.3480 tri=64 rej=0 xrej=0 init_replace=4 gate=0
[T2slv] t=48.3480 phase=1 init_cost=107.459 final_cost=98.4606 iters=9 term=1 slv_ms=9.6
[T2diag] t=48.3480 P=[-0.0183 -0.0066 0.0016] V=[0.0071 -0.0043 0.0016] |Bas|=0.625986 |Bgs|=0.0005164 Bas=[0.205151 -0.591078 0.019937] Bgs=[0.0004618 -0.0001999 -0.0001159] tic0=[0.1200 0.0500 -0.0200] tic1=[0.1200 -0.0500 -0.0200] td=0.00000 track=137
[E2uls] flag=1 sh_t=48.384 new_t=48.384 dP=[0.0004 0.0006 0.0021] |dP|=0.0022 first_dt=-1.0000
time: 48.348000, t: -0.018253 -0.006623 0.001604 q: 0.999518 0.029719 0.008878 0.000999 
[T2xcross] t=48.4480 id=4956 est=5.0000 svd=0.2757 rel=0.9449 track=2 sf=9
[T2depth] t=48.4480 id=4974 src=motion2 u=508.8 v=149.5 depth=0.0262 depth2=-1.0000 track=2 sf=9 flag=ok
[T2depth] t=48.4480 id=4982 src=motion2 u=282.0 v=211.0 depth=5.0000 depth2=-1.0000 track=2 sf=9 flag=init_neg
[T2xcross] t=48.4480 id=4983 est=5.0000 svd=0.0411 rel=0.9918 track=2 sf=9
[T2depth] t=48.4480 id=4987 src=motion2 u=300.0 v=106.0 depth=0.0457 depth2=-1.0000 track=2 sf=9 flag=ok
[T2depth] t=48.4480 id=4995 src=stereo u=564.5 v=182.2 depth=5.0000 depth2=-1.0000 track=1 sf=10 flag=init_neg
[T2depth] t=48.4480 id=4999 src=stereo u=51.0 v=235.0 depth=10.7946 depth2=-1.0000 track=1 sf=10 flag=ok
[T2depth] t=48.4480 id=5001 src=stereo u=12.0 v=71.0 depth=40.8682 depth2=-1.0000 track=1 sf=10 flag=ok
[T2depth] t=48.4480 id=5004 src=stereo u=590.0 v=143.0 depth=5.0000 depth2=-1.0000 track=1 sf=10 flag=init_neg
[T2gate] t=48.4480 tri=66 rej=0 xrej=0 init_replace=3 gate=0
[T2slv] t=48.4480 phase=1 init_cost=99.9973 final_cost=97.2366 iters=9 term=1 slv_ms=15.8
[T2diag] t=48.4480 P=[-0.0184 -0.0075 0.0016] V=[0.0076 -0.0092 0.0064] |Bas|=0.627015 |Bgs|=0.0005011 Bas=[0.209614 -0.590608 0.019814] Bgs=[0.0004459 -0.0002104 -0.0000893] tic0=[0.1200 0.0500 -0.0200] tic1=[0.1200 -0.0500 -0.0200] td=0.00000 track=133
[E2uls] flag=1 sh_t=48.492 new_t=48.492 dP=[0.0011 -0.0000 0.0003] |dP|=0.0012 first_dt=-1.0000
time: 48.448000, t: -0.018381 -0.007480 0.001614 q: 0.999514 0.029776 0.009207 0.001128 
[T2xcross] t=48.5520 id=15 est=0.9921 svd=12.4635 rel=0.9204 track=2 sf=9
[T2xcross] t=48.5520 id=4961 est=1.5217 svd=0.0818 rel=0.9462 track=2 sf=9
[T2depth] t=48.5520 id=103 src=motion2 u=384.4 v=244.9 depth=4.4943 depth2=-1.0000 track=2 sf=9 flag=ok
[T2depth] t=48.5520 id=4991 src=motion2 u=406.5 v=133.1 depth=0.2270 depth2=-1.0000 track=2 sf=9 flag=ok
[T2depth] t=48.5520 id=4994 src=motion2 u=357.1 v=41.6 depth=0.1688 depth2=-1.0000 track=2 sf=9 flag=ok
[T2depth] t=48.5520 id=4996 src=motion2 u=160.9 v=194.5 depth=5.0000 depth2=-1.0000 track=2 sf=9 flag=init_neg
[T2depth] t=48.5520 id=4997 src=motion2 u=612.7 v=58.7 depth=0.1069 depth2=-1.0000 track=2 sf=9 flag=ok
[T2depth] t=48.5520 id=5000 src=motion2 u=121.0 v=155.0 depth=5.0000 depth2=-1.0000 track=2 sf=9 flag=init_neg
[T2depth] t=48.5520 id=5002 src=motion2 u=549.0 v=39.0 depth=5.0000 depth2=-1.0000 track=2 sf=9 flag=init_neg
[T2depth] t=48.5520 id=5003 src=motion2 u=297.0 v=53.0 depth=5.0000 depth2=-1.0000 track=2 sf=9 flag=init_neg
[T2xcross] t=48.5520 id=5004 est=5.0000 svd=0.2709 rel=0.9458 track=2 sf=9
[T2depth] t=48.5520 id=5006 src=motion2 u=102.0 v=192.0 depth=5.0000 depth2=-1.0000 track=2 sf=9 flag=init_neg
[T2depth] t=48.5520 id=5011 src=stereo u=314.1 v=125.1 depth=24.4087 depth2=-1.0000 track=1 sf=10 flag=ok
[T2depth] t=48.5520 id=5013 src=stereo u=518.3 v=210.7 depth=3.7014 depth2=-1.0000 track=1 sf=10 flag=ok
[T2depth] t=48.5520 id=5014 src=stereo u=454.0 v=182.7 depth=3.8977 depth2=-1.0000 track=1 sf=10 flag=ok
[T2gate] t=48.5520 tri=65 rej=0 xrej=0 init_replace=5 gate=0
[T2slv] t=48.5520 phase=1 init_cost=100.184 final_cost=97.0105 iters=9 term=1 slv_ms=16.1
[T2diag] t=48.5520 P=[-0.0186 -0.0064 0.0019] V=[0.0040 -0.0036 0.0049] |Bas|=0.626300 |Bgs|=0.0005121 Bas=[0.204712 -0.591568 0.019800] Bgs=[0.0004653 -0.0002024 -0.0000695] tic0=[0.1200 0.0500 -0.0200] tic1=[0.1200 -0.0500 -0.0200] td=0.00000 track=140
[E2uls] flag=1 sh_t=48.596 new_t=48.596 dP=[0.0013 -0.0031 0.0005] |dP|=0.0034 first_dt=-1.0000
time: 48.552000, t: -0.018611 -0.006406 0.001936 q: 0.999518 0.029674 0.009061 0.000970 
[T2depth] t=48.6840 id=3894 src=motion2 u=175.0 v=260.1 depth=5.0000 depth2=-1.0000 track=2 sf=9 flag=init_neg
[T2depth] t=48.6840 id=5007 src=motion2 u=87.3 v=59.4 depth=0.1735 depth2=-1.0000 track=2 sf=9 flag=ok
[T2xcross] t=48.6840 id=5011 est=24.4087 svd=0.0789 rel=0.9968 track=2 sf=9
[T2depth] t=48.6840 id=5012 src=motion2 u=209.8 v=175.4 depth=1.3616 depth2=-1.0000 track=2 sf=9 flag=ok
[T2depth] t=48.6840 id=5016 src=motion2 u=267.0 v=105.0 depth=0.0929 depth2=-1.0000 track=2 sf=9 flag=ok
[T2depth] t=48.6840 id=5018 src=stereo u=381.1 v=275.0 depth=5.0000 depth2=-1.0000 track=1 sf=10 flag=init_neg
[T2depth] t=48.6840 id=5024 src=stereo u=409.0 v=216.0 depth=4.5403 depth2=-1.0000 track=1 sf=10 flag=ok
[T2depth] t=48.6840 id=5028 src=stereo u=361.0 v=190.0 depth=3.4429 depth2=-1.0000 track=1 sf=10 flag=ok
[T2gate] t=48.6840 tri=61 rej=0 xrej=0 init_replace=2 gate=0
[T2slv] t=48.6840 phase=1 init_cost=99.9148 final_cost=96.3791 iters=9 term=1 slv_ms=21.3
[T2diag] t=48.6840 P=[-0.0182 -0.0057 0.0017] V=[0.0008 -0.0057 0.0007] |Bas|=0.630666 |Bgs|=0.0005218 Bas=[0.202349 -0.596978 0.020294] Bgs=[0.0004790 -0.0001949 -0.0000700] tic0=[0.1200 0.0500 -0.0200] tic1=[0.1200 -0.0500 -0.0200] td=0.00000 track=138
[E2uls] flag=1 sh_t=48.736 new_t=48.736 dP=[0.0006 -0.0019 0.0012] |dP|=0.0023 first_dt=-1.0000
time: 48.684000, t: -0.018190 -0.005664 0.001710 q: 0.999510 0.030002 0.008887 0.000929 
[T2xcross] t=48.8160 id=5014 est=3.8977 svd=0.0211 rel=0.9946 track=2 sf=9
[T2xcross] t=48.8160 id=5018 est=5.0000 svd=5.1038 rel=0.0203 track=2 sf=9
[T2depth] t=48.8160 id=5019 src=motion2 u=608.9 v=216.2 depth=5.0000 depth2=-1.0000 track=2 sf=9 flag=init_neg
[T2depth] t=48.8160 id=5023 src=motion2 u=186.0 v=54.0 depth=0.1064 depth2=-1.0000 track=2 sf=9 flag=ok
[T2xcross] t=48.8160 id=5024 est=4.5403 svd=0.0465 rel=0.9898 track=2 sf=9
[T2depth] t=48.8160 id=5038 src=stereo u=312.8 v=49.5 depth=32.8742 depth2=-1.0000 track=1 sf=10 flag=ok
[T2depth] t=48.8160 id=5039 src=stereo u=531.8 v=29.0 depth=3.4963 depth2=-1.0000 track=1 sf=10 flag=ok
[T2depth] t=48.8160 id=5041 src=stereo u=296.0 v=144.0 depth=5.0000 depth2=-1.0000 track=1 sf=10 flag=init_neg
[T2depth] t=48.8160 id=5043 src=stereo u=173.0 v=113.0 depth=28.3255 depth2=-1.0000 track=1 sf=10 flag=ok
[T2gate] t=48.8160 tri=65 rej=0 xrej=0 init_replace=2 gate=0
[T2slv] t=48.8160 phase=1 init_cost=105.97 final_cost=97.5593 iters=9 term=1 slv_ms=5.3
[T2diag] t=48.8160 P=[-0.0174 -0.0053 0.0017] V=[0.0049 -0.0002 0.0025] |Bas|=0.631325 |Bgs|=0.0005324 Bas=[0.201701 -0.597892 0.020308] Bgs=[0.0004912 -0.0001899 -0.0000782] tic0=[0.1200 0.0500 -0.0200] tic1=[0.1200 -0.0500 -0.0200] td=0.00000 track=136
[E2uls] flag=1 sh_t=48.852 new_t=48.852 dP=[-0.0000 -0.0013 0.0002] |dP|=0.0014 first_dt=-1.0000
time: 48.816000, t: -0.017379 -0.005260 0.001697 q: 0.999513 0.029909 0.008834 0.000770 
[T2depth] t=48.9480 id=5040 src=motion2 u=321.4 v=161.3 depth=5.0000 depth2=-1.0000 track=2 sf=9 flag=init_neg
[T2depth] t=48.9480 id=5044 src=motion2 u=113.0 v=206.0 depth=5.0000 depth2=-1.0000 track=2 sf=9 flag=init_neg
[T2depth] t=48.9480 id=5045 src=motion2 u=69.0 v=108.0 depth=0.0177 depth2=-1.0000 track=2 sf=9 flag=ok
[T2depth] t=48.9480 id=5046 src=motion2 u=499.0 v=30.0 depth=0.1132 depth2=-1.0000 track=2 sf=9 flag=ok
[T2depth] t=48.9480 id=5047 src=motion2 u=417.0 v=65.0 depth=5.0000 depth2=-1.0000 track=2 sf=9 flag=init_neg
[T2depth] t=48.9480 id=5051 src=stereo u=396.1 v=184.2 depth=4.1879 depth2=-1.0000 track=1 sf=10 flag=ok
[T2depth] t=48.9480 id=5055 src=stereo u=624.0 v=141.0 depth=40.7841 depth2=-1.0000 track=1 sf=10 flag=ok
[T2depth] t=48.9480 id=5057 src=stereo u=83.0 v=143.0 depth=5.0000 depth2=-1.0000 track=1 sf=10 flag=init_neg
[T2gate] t=48.9480 tri=62 rej=0 xrej=0 init_replace=4 gate=0
[T2slv] t=48.9480 phase=1 init_cost=105.903 final_cost=105.302 iters=9 term=1 slv_ms=5.4
[T2diag] t=48.9480 P=[-0.0190 -0.0051 0.0015] V=[0.0010 -0.0010 0.0005] |Bas|=0.630363 |Bgs|=0.0005228 Bas=[0.199670 -0.597566 0.020123] Bgs=[0.0004777 -0.0001798 -0.0001131] tic0=[0.1200 0.0500 -0.0200] tic1=[0.1200 -0.0500 -0.0200] td=0.00000 track=140
[E2uls] flag=1 sh_t=49.008 new_t=49.008 dP=[0.0025 0.0005 0.0002] |dP|=0.0025 first_dt=-1.0000
time: 48.948000, t: -0.019017 -0.005054 0.001466 q: 0.999514 0.029899 0.008734 0.000869 
[T2xcross] t=49.0480 id=4999 est=10.7946 svd=0.5065 rel=0.9531 track=2 sf=9
[T2depth] t=49.0480 id=3 src=motion2 u=617.1 v=372.6 depth=1.0026 depth2=-1.0000 track=2 sf=9 flag=ok
[T2xcross] t=49.0480 id=5051 est=4.1879 svd=0.0148 rel=0.9965 track=2 sf=9
[T2depth] t=49.0480 id=5058 src=motion2 u=532.0 v=106.0 depth=0.0658 depth2=-1.0000 track=2 sf=9 flag=ok
[T2depth] t=49.0480 id=5059 src=motion2 u=164.0 v=217.0 depth=0.0079 depth2=-1.0000 track=2 sf=9 flag=ok
[T2depth] t=49.0480 id=5060 src=motion2 u=12.0 v=7.0 depth=0.0083 depth2=-1.0000 track=2 sf=9 flag=ok
[T2depth] t=49.0480 id=5062 src=stereo u=510.7 v=131.3 depth=5.0000 depth2=-1.0000 track=1 sf=10 flag=init_neg
[T2depth] t=49.0480 id=5069 src=stereo u=615.0 v=64.0 depth=18.2848 depth2=-1.0000 track=1 sf=10 flag=ok
[T2gate] t=49.0480 tri=61 rej=0 xrej=0 init_replace=1 gate=0
[T2slv] t=49.0480 phase=1 init_cost=105.582 final_cost=99.517 iters=9 term=1 slv_ms=4.9
[T2diag] t=49.0480 P=[-0.0195 -0.0055 0.0020] V=[0.0028 -0.0034 0.0017] |Bas|=0.631006 |Bgs|=0.0005204 Bas=[0.198862 -0.598513 0.020124] Bgs=[0.0004755 -0.0001799 -0.0001110] tic0=[0.1200 0.0500 -0.0200] tic1=[0.1200 -0.0500 -0.0200] td=0.00000 track=138
[E2uls] flag=1 sh_t=49.084 new_t=49.084 dP=[0.0007 0.0007 -0.0004] |dP|=0.0010 first_dt=-1.0000
time: 49.048000, t: -0.019506 -0.005492 0.001974 q: 0.999512 0.029946 0.008801 0.000938 
[T2depth] t=49.1480 id=30 src=motion2 u=637.6 v=346.3 depth=5.0000 depth2=-1.0000 track=2 sf=9 flag=init_neg
[T2depth] t=49.1480 id=93 src=motion2 u=638.0 v=425.9 depth=5.0000 depth2=-1.0000 track=2 sf=9 flag=init_neg
[T2xcross] t=49.1480 id=5062 est=5.0000 svd=0.0050 rel=0.9990 track=2 sf=9
[T2depth] t=49.1480 id=5063 src=motion2 u=136.5 v=129.8 depth=0.0006 depth2=-1.0000 track=2 sf=9 flag=ok
[T2depth] t=49.1480 id=5064 src=motion2 u=120.6 v=173.6 depth=0.0305 depth2=-1.0000 track=2 sf=9 flag=ok
[T2depth] t=49.1480 id=5065 src=motion2 u=54.3 v=165.8 depth=5.0000 depth2=-1.0000 track=2 sf=9 flag=init_neg
[T2xcross] t=49.1480 id=5069 est=18.2848 svd=0.0143 rel=0.9992 track=2 sf=9
[T2depth] t=49.1480 id=5071 src=motion2 u=546.0 v=223.0 depth=0.0271 depth2=-1.0000 track=2 sf=9 flag=ok
[T2depth] t=49.1480 id=5077 src=stereo u=570.6 v=33.7 depth=5.0000 depth2=-1.0000 track=1 sf=10 flag=init_neg
[T2depth] t=49.1480 id=5078 src=stereo u=359.7 v=134.0 depth=32.2012 depth2=-1.0000 track=1 sf=10 flag=ok
[T2depth] t=49.1480 id=5079 src=stereo u=533.3 v=42.7 depth=3.8721 depth2=-1.0000 track=1 sf=10 flag=ok
[T2depth] t=49.1480 id=5085 src=stereo u=216.0 v=143.0 depth=5.0000 depth2=-1.0000 track=1 sf=10 flag=init_neg
[T2gate] t=49.1480 tri=67 rej=0 xrej=0 init_replace=5 gate=0
[T2slv] t=49.1480 phase=1 init_cost=101.508 final_cost=98.8601 iters=9 term=1 slv_ms=8.9
[T2diag] t=49.1480 P=[-0.0198 -0.0056 0.0020] V=[0.0052 -0.0019 -0.0019] |Bas|=0.638729 |Bgs|=0.0005239 Bas=[0.197513 -0.607069 0.020737] Bgs=[0.0004767 -0.0001862 -0.0001123] tic0=[0.1200 0.0500 -0.0200] tic1=[0.1200 -0.0500 -0.0200] td=0.00000 track=135
[E2uls] flag=1 sh_t=49.184 new_t=49.184 dP=[0.0011 -0.0000 0.0001] |dP|=0.0011 first_dt=-1.0000
time: 49.148000, t: -0.019785 -0.005648 0.002021 q: 0.999501 0.030323 0.008760 0.000991 
[T2xcross] t=49.2480 id=5063 est=0.0006 svd=0.0242 rel=0.9753 track=2 sf=9
[T2depth] t=49.2480 id=94 src=motion2 u=598.3 v=298.1 depth=5.0000 depth2=-1.0000 track=2 sf=9 flag=init_neg
[T2depth] t=49.2480 id=4301 src=motion2 u=578.5 v=261.9 depth=5.0000 depth2=-1.0000 track=2 sf=9 flag=init_neg
[T2depth] t=49.2480 id=5072 src=motion2 u=301.6 v=178.2 depth=5.0000 depth2=-1.0000 track=2 sf=9 flag=init_neg
[T2depth] t=49.2480 id=5076 src=motion2 u=591.0 v=199.8 depth=0.0959 depth2=-1.0000 track=2 sf=9 flag=ok
[T2depth] t=49.2480 id=5080 src=motion2 u=51.9 v=132.4 depth=0.0082 depth2=-1.0000 track=2 sf=9 flag=ok
[T2depth] t=49.2480 id=5083 src=motion2 u=140.0 v=61.0 depth=5.0000 depth2=-1.0000 track=2 sf=9 flag=init_neg
[T2depth] t=49.2480 id=5084 src=motion2 u=614.0 v=21.0 depth=5.0000 depth2=-1.0000 track=2 sf=9 flag=init_neg
[T2depth] t=49.2480 id=5087 src=stereo u=364.2 v=46.8 depth=4.7348 depth2=-1.0000 track=1 sf=10 flag=ok
[T2depth] t=49.2480 id=5088 src=stereo u=399.8 v=218.4 depth=3.9206 depth2=-1.0000 track=1 sf=10 flag=ok
[T2depth] t=49.2480 id=5089 src=stereo u=574.9 v=114.5 depth=30.1119 depth2=-1.0000 track=1 sf=10 flag=ok
[T2depth] t=49.2480 id=5090 src=stereo u=396.5 v=86.3 depth=3.5661 depth2=-1.0000 track=1 sf=10 flag=ok
[T2depth] t=49.2480 id=5091 src=stereo u=100.6 v=140.3 depth=5.0000 depth2=-1.0000 track=1 sf=10 flag=init_neg
[T2gate] t=49.2480 tri=65 rej=0 xrej=0 init_replace=6 gate=0
[T2slv] t=49.2480 phase=1 init_cost=100.116 final_cost=98.5311 iters=9 term=1 slv_ms=13.4
[T2diag] t=49.2480 P=[-0.0195 -0.0054 0.0021] V=[0.0073 -0.0027 -0.0008] |Bas|=0.642630 |Bgs|=0.0005223 Bas=[0.194514 -0.612130 0.020834] Bgs=[0.0004819 -0.0001785 -0.0000933] tic0=[0.1200 0.0500 -0.0200] tic1=[0.1200 -0.0500 -0.0200] td=0.00000 track=138
[E2uls] flag=1 sh_t=49.296 new_t=49.296 dP=[0.0009 -0.0002 -0.0005] |dP|=0.0011 first_dt=-1.0000
time: 49.248000, t: -0.019480 -0.005387 0.002095 q: 0.999488 0.030761 0.008733 0.000977 
[T2xcross] t=49.3480 id=5079 est=3.8721 svd=0.0767 rel=0.9802 track=2 sf=9
[T2xcross] t=49.3480 id=5085 est=5.0000 svd=0.0579 rel=0.9884 track=2 sf=9
[T2xcross] t=49.3480 id=5090 est=3.5661 svd=0.0199 rel=0.9944 track=2 sf=9
[T2depth] t=49.3480 id=5094 src=motion2 u=165.4 v=153.8 depth=0.0515 depth2=-1.0000 track=2 sf=9 flag=ok
[T2depth] t=49.3480 id=5097 src=motion2 u=585.0 v=6.0 depth=5.0000 depth2=-1.0000 track=2 sf=9 flag=init_neg
[T2depth] t=49.3480 id=5099 src=motion2 u=551.0 v=72.0 depth=5.0000 depth2=-1.0000 track=2 sf=9 flag=init_neg
[T2depth] t=49.3480 id=5100 src=stereo u=29.6 v=4.0 depth=29.0433 depth2=-1.0000 track=1 sf=10 flag=ok
[T2depth] t=49.3480 id=5101 src=stereo u=281.8 v=150.4 depth=35.7290 depth2=-1.0000 track=1 sf=10 flag=ok
[T2depth] t=49.3480 id=5108 src=stereo u=279.0 v=41.0 depth=5.0000 depth2=-1.0000 track=1 sf=10 flag=init_neg
[T2depth] t=49.3480 id=5114 src=stereo u=260.0 v=77.0 depth=5.0000 depth2=-1.0000 track=1 sf=10 flag=init_neg
[T2gate] t=49.3480 tri=62 rej=0 xrej=0 init_replace=4 gate=0
[T2slv] t=49.3480 phase=1 init_cost=102.296 final_cost=98.6826 iters=9 term=1 slv_ms=5.1
[T2diag] t=49.3480 P=[-0.0191 -0.0049 0.0019] V=[0.0063 0.0001 -0.0022] |Bas|=0.645318 |Bgs|=0.0005316 Bas=[0.194547 -0.614927 0.021244] Bgs=[0.0004969 -0.0001732 -0.0000755] tic0=[0.1200 0.0500 -0.0200] tic1=[0.1200 -0.0500 -0.0200] td=0.00000 track=137
[E2uls] flag=1 sh_t=49.380 new_t=49.380 dP=[0.0007 -0.0009 0.0002] |dP|=0.0012 first_dt=-1.0000
time: 49.348000, t: -0.019118 -0.004854 0.001937 q: 0.999490 0.030736 0.008578 0.000878 
[T2xcross] t=49.4480 id=5101 est=35.7290 svd=0.0287 rel=0.9992 track=2 sf=9
[T2depth] t=49.4480 id=5102 src=motion2 u=621.1 v=101.0 depth=5.0000 depth2=-1.0000 track=2 sf=9 flag=init_neg
[T2depth] t=49.4480 id=5104 src=motion2 u=243.1 v=231.0 depth=5.0000 depth2=-1.0000 track=2 sf=9 flag=init_neg
[T2depth] t=49.4480 id=5110 src=motion2 u=95.0 v=178.0 depth=5.0000 depth2=-1.0000 track=2 sf=9 flag=init_neg
[T2depth] t=49.4480 id=5111 src=motion2 u=551.0 v=15.0 depth=5.0000 depth2=-1.0000 track=2 sf=9 flag=init_neg
[T2depth] t=49.4480 id=5112 src=motion2 u=174.0 v=250.0 depth=5.0000 depth2=-1.0000 track=2 sf=9 flag=init_neg
[T2depth] t=49.4480 id=5113 src=motion2 u=87.0 v=95.0 depth=5.0000 depth2=-1.0000 track=2 sf=9 flag=init_neg
[T2depth] t=49.4480 id=5117 src=stereo u=24.0 v=159.1 depth=29.9371 depth2=-1.0000 track=1 sf=10 flag=ok
[T2depth] t=49.4480 id=5124 src=stereo u=588.0 v=56.0 depth=5.0000 depth2=-1.0000 track=1 sf=10 flag=init_neg
[T2gate] t=49.4480 tri=61 rej=0 xrej=0 init_replace=7 gate=0
[T2slv] t=49.4480 phase=1 init_cost=101.789 final_cost=99.0951 iters=9 term=1 slv_ms=13.4
[T2diag] t=49.4480 P=[-0.0193 -0.0052 0.0021] V=[0.0015 -0.0005 -0.0001] |Bas|=0.645533 |Bgs|=0.0005234 Bas=[0.189561 -0.616721 0.020865] Bgs=[0.0004881 -0.0001686 -0.0000856] tic0=[0.1200 0.0500 -0.0200] tic1=[0.1200 -0.0500 -0.0200] td=0.00000 track=140
[E2uls] flag=1 sh_t=49.492 new_t=49.492 dP=[0.0005 0.0006 -0.0011] |dP|=0.0014 first_dt=-1.0000
time: 49.448000, t: -0.019335 -0.005213 0.002051 q: 0.999485 0.030922 0.008474 0.001045 
[T2xcross] t=49.5480 id=5111 est=5.0000 svd=0.0638 rel=0.9872 track=2 sf=9
[T2depth] t=49.5480 id=5119 src=motion2 u=42.7 v=75.4 depth=5.0000 depth2=-1.0000 track=2 sf=9 flag=init_neg
[T2depth] t=49.5480 id=5120 src=motion2 u=270.0 v=214.0 depth=5.0000 depth2=-1.0000 track=2 sf=9 flag=init_neg
[T2depth] t=49.5480 id=5122 src=motion2 u=199.0 v=57.0 depth=5.0000 depth2=-1.0000 track=2 sf=9 flag=init_neg
[T2depth] t=49.5480 id=5123 src=motion2 u=626.0 v=226.0 depth=5.0000 depth2=-1.0000 track=2 sf=9 flag=init_neg
[T2xcross] t=49.5480 id=5124 est=5.0000 svd=0.0410 rel=0.9918 track=2 sf=9
[T2depth] t=49.5480 id=5125 src=motion2 u=610.0 v=186.0 depth=5.0000 depth2=-1.0000 track=2 sf=9 flag=init_neg
[T2depth] t=49.5480 id=5128 src=stereo u=507.4 v=182.0 depth=3.5181 depth2=-1.0000 track=1 sf=10 flag=ok
[T2depth] t=49.5480 id=5136 src=stereo u=447.0 v=191.0 depth=3.8982 depth2=-1.0000 track=1 sf=10 flag=ok
[T2gate] t=49.5480 tri=60 rej=0 xrej=0 init_replace=5 gate=0
[T2slv] t=49.5480 phase=1 init_cost=101.93 final_cost=100.023 iters=5 term=0 slv_ms=5.4
[T2diag] t=49.5480 P=[-0.0193 -0.0055 0.0023] V=[0.0006 -0.0010 0.0000] |Bas|=0.644832 |Bgs|=0.0005201 Bas=[0.187475 -0.616630 0.020724] Bgs=[0.0004889 -0.0001548 -0.0000870] tic0=[0.1200 0.0500 -0.0200] tic1=[0.1200 -0.0500 -0.0200] td=0.00000 track=140
[E2uls] flag=1 sh_t=49.580 new_t=49.580 dP=[0.0000 0.0003 -0.0004] |dP|=0.0005 first_dt=-1.0000
time: 49.548000, t: -0.019265 -0.005525 0.002263 q: 0.999483 0.031005 0.008457 0.001066 
[T2xcross] t=49.6480 id=5122 est=5.0000 svd=0.0154 rel=0.9969 track=2 sf=9
[T2depth] t=49.6480 id=5130 src=motion2 u=546.4 v=152.9 depth=0.0054 depth2=-1.0000 track=2 sf=9 flag=ok
[T2depth] t=49.6480 id=5131 src=motion2 u=122.8 v=207.8 depth=5.0000 depth2=-1.0000 track=2 sf=9 flag=init_neg
[T2depth] t=49.6480 id=5135 src=motion2 u=237.6 v=93.3 depth=5.0000 depth2=-1.0000 track=2 sf=9 flag=init_neg
[T2depth] t=49.6480 id=5138 src=motion2 u=292.0 v=28.0 depth=5.0000 depth2=-1.0000 track=2 sf=9 flag=init_neg
[T2depth] t=49.6480 id=5145 src=stereo u=396.9 v=21.5 depth=4.4440 depth2=-1.0000 track=1 sf=10 flag=ok
[T2depth] t=49.6480 id=5146 src=stereo u=110.7 v=95.3 depth=5.0000 depth2=-1.0000 track=1 sf=10 flag=init_neg
[T2depth] t=49.6480 id=5147 src=stereo u=468.6 v=213.3 depth=3.3862 depth2=-1.0000 track=1 sf=10 flag=ok
[T2depth] t=49.6480 id=5154 src=stereo u=66.0 v=185.0 depth=5.0000 depth2=-1.0000 track=1 sf=10 flag=init_neg
[T2gate] t=49.6480 tri=63 rej=0 xrej=0 init_replace=5 gate=0
[T2slv] t=49.6480 phase=1 init_cost=105.383 final_cost=101.59 iters=9 term=1 slv_ms=10.9
[T2diag] t=49.6480 P=[-0.0184 -0.0048 0.0020] V=[-0.0014 0.0046 -0.0054] |Bas|=0.646332 |Bgs|=0.0005267 Bas=[0.187466 -0.618186 0.021128] Bgs=[0.0004980 -0.0001518 -0.0000800] tic0=[0.1200 0.0500 -0.0200] tic1=[0.1200 -0.0500 -0.0200] td=0.00000 track=137
[E2uls] flag=1 sh_t=49.688 new_t=49.688 dP=[-0.0009 -0.0007 0.0004] |dP|=0.0012 first_dt=-1.0000
time: 49.648000, t: -0.018386 -0.004834 0.002008 q: 0.999484 0.031019 0.008294 0.000883 
[T2depth] t=49.7480 id=5144 src=motion2 u=97.5 v=131.9 depth=0.2184 depth2=-1.0000 track=2 sf=9 flag=ok
[T2depth] t=49.7480 id=5149 src=motion2 u=472.0 v=121.0 depth=0.1269 depth2=-1.0000 track=2 sf=9 flag=ok
[T2depth] t=49.7480 id=5150 src=motion2 u=407.0 v=143.0 depth=5.0000 depth2=-1.0000 track=2 sf=9 flag=init_neg
[T2depth] t=49.7480 id=5151 src=motion2 u=228.0 v=203.0 depth=0.1420 depth2=-1.0000 track=2 sf=9 flag=ok
[T2depth] t=49.7480 id=5152 src=motion2 u=568.0 v=223.0 depth=5.0000 depth2=-1.0000 track=2 sf=9 flag=init_neg
[T2depth] t=49.7480 id=5156 src=motion2 u=341.0 v=159.0 depth=5.0000 depth2=-1.0000 track=2 sf=9 flag=init_neg
[T2depth] t=49.7480 id=5162 src=stereo u=331.0 v=127.0 depth=5.0000 depth2=-1.0000 track=1 sf=10 flag=init_neg
[T2depth] t=49.7480 id=5164 src=stereo u=399.0 v=205.0 depth=4.1273 depth2=-1.0000 track=1 sf=10 flag=ok
[T2depth] t=49.7480 id=5165 src=stereo u=99.0 v=26.0 depth=31.7223 depth2=-1.0000 track=1 sf=10 flag=ok
[T2gate] t=49.7480 tri=61 rej=0 xrej=0 init_replace=4 gate=0
[T2slv] t=49.7480 phase=1 init_cost=105.859 final_cost=102.767 iters=9 term=1 slv_ms=14.7
[T2diag] t=49.7480 P=[-0.0176 -0.0039 0.0023] V=[-0.0002 0.0041 -0.0023] |Bas|=0.644483 |Bgs|=0.0005287 Bas=[0.187245 -0.616335 0.020690] Bgs=[0.0004983 -0.0001633 -0.0000673] tic0=[0.1200 0.0500 -0.0200] tic1=[0.1200 -0.0500 -0.0200] td=0.00000 track=140
[E2uls] flag=1 sh_t=49.796 new_t=49.796 dP=[-0.0015 0.0001 -0.0016] |dP|=0.0022 first_dt=-1.0000
time: 49.748000, t: -0.017604 -0.003926 0.002326 q: 0.999489 0.030810 0.008428 0.000706 
[T2xcross] t=49.8480 id=5146 est=5.0000 svd=0.0961 rel=0.9808 track=2 sf=9
[T2depth] t=49.8480 id=5157 src=motion2 u=415.0 v=441.0 depth=5.0000 depth2=-1.0000 track=2 sf=9 flag=init_neg
[T2depth] t=49.8480 id=5158 src=motion2 u=472.6 v=219.9 depth=0.0329 depth2=-1.0000 track=2 sf=9 flag=ok
[T2depth] t=49.8480 id=5160 src=motion2 u=168.0 v=39.0 depth=5.0000 depth2=-1.0000 track=2 sf=9 flag=init_neg
[T2depth] t=49.8480 id=5163 src=motion2 u=109.0 v=62.0 depth=0.0834 depth2=-1.0000 track=2 sf=9 flag=ok
[T2xcross] t=49.8480 id=5164 est=4.1273 svd=0.0941 rel=0.9772 track=2 sf=9
[T2depth] t=49.8480 id=5166 src=motion2 u=561.0 v=179.0 depth=0.1426 depth2=-1.0000 track=2 sf=9 flag=ok
[T2depth] t=49.8480 id=5171 src=stereo u=74.9 v=9.8 depth=28.0790 depth2=-1.0000 track=1 sf=10 flag=ok
[T2depth] t=49.8480 id=5172 src=stereo u=353.5 v=151.4 depth=4.4768 depth2=-1.0000 track=1 sf=10 flag=ok
[T2depth] t=49.8480 id=5175 src=stereo u=72.0 v=184.0 depth=35.3409 depth2=-1.0000 track=1 sf=10 flag=ok
[T2depth] t=49.8480 id=5176 src=stereo u=36.0 v=137.0 depth=41.7302 depth2=-1.0000 track=1 sf=10 flag=ok
[T2depth] t=49.8480 id=5179 src=stereo u=581.0 v=109.0 depth=34.8378 depth2=-1.0000 track=1 sf=10 flag=ok
[T2gate] t=49.8480 tri=59 rej=0 xrej=0 init_replace=2 gate=0
[T2slv] t=49.8480 phase=1 init_cost=180.65 final_cost=105.927 iters=9 term=1 slv_ms=7.3
[T2diag] t=49.8480 P=[-0.0177 -0.0027 0.0018] V=[-0.0047 0.0028 -0.0044] |Bas|=0.643191 |Bgs|=0.0004884 Bas=[0.188590 -0.614574 0.020674] Bgs=[0.0004698 -0.0001247 -0.0000475] tic0=[0.1200 0.0500 -0.0200] tic1=[0.1200 -0.0500 -0.0200] td=0.00000 track=140
[E2uls] flag=1 sh_t=49.896 new_t=49.896 dP=[0.0004 -0.0005 0.0001] |dP|=0.0007 first_dt=-1.0000
time: 49.848000, t: -0.017719 -0.002666 0.001830 q: 0.999489 0.030903 0.008188 0.000520 
[T2depth] t=49.9480 id=5170 src=motion2 u=351.4 v=87.9 depth=5.0000 depth2=-1.0000 track=2 sf=9 flag=init_neg
[T2xcross] t=49.9480 id=5175 est=35.3409 svd=0.2298 rel=0.9935 track=2 sf=9
[T2depth] t=49.9480 id=5177 src=motion2 u=322.0 v=73.0 depth=5.0000 depth2=-1.0000 track=2 sf=9 flag=init_neg
[T2depth] t=49.9480 id=5178 src=motion2 u=314.0 v=16.0 depth=0.2294 depth2=-1.0000 track=2 sf=9 flag=ok
[T2depth] t=49.9480 id=5188 src=stereo u=414.0 v=249.0 depth=2.7760 depth2=-1.0000 track=1 sf=10 flag=ok
[T2gate] t=49.9480 tri=60 rej=0 xrej=0 init_replace=2 gate=0
[T2slv] t=49.9480 phase=1 init_cost=106.722 final_cost=103.13 iters=9 term=1 slv_ms=8.9
[T2diag] t=49.9480 P=[-0.0167 -0.0016 0.0027] V=[0.0020 0.0049 -0.0009] |Bas|=0.641216 |Bgs|=0.0005345 Bas=[0.192567 -0.611281 0.020301] Bgs=[0.0005107 -0.0001562 -0.0000216] tic0=[0.1200 0.0500 -0.0200] tic1=[0.1200 -0.0500 -0.0200] td=0.00000 track=137
[E2uls] flag=1 sh_t=49.984 new_t=49.984 dP=[-0.0017 -0.0011 -0.0014] |dP|=0.0025 first_dt=-1.0000
time: 49.948000, t: -0.016728 -0.001614 0.002709 q: 0.999498 0.030431 0.008829 0.000243 
[T2xcross] t=50.0480 id=5177 est=5.0000 svd=0.0433 rel=0.9913 track=2 sf=9
[T2xcross] t=50.0480 id=5179 est=34.8378 svd=0.0612 rel=0.9982 track=2 sf=9
[T2depth] t=50.0480 id=667 src=motion2 u=263.9 v=259.2 depth=0.3007 depth2=-1.0000 track=2 sf=9 flag=ok
[T2depth] t=50.0480 id=4462 src=motion2 u=220.6 v=254.1 depth=0.7260 depth2=-1.0000 track=2 sf=9 flag=ok
[T2depth] t=50.0480 id=5181 src=motion2 u=265.9 v=7.9 depth=0.1924 depth2=-1.0000 track=2 sf=9 flag=ok
[T2depth] t=50.0480 id=5182 src=motion2 u=387.9 v=112.2 depth=0.5107 depth2=-1.0000 track=2 sf=9 flag=ok
[T2depth] t=50.0480 id=5185 src=motion2 u=204.0 v=5.0 depth=5.0000 depth2=-1.0000 track=2 sf=9 flag=init_neg
[T2depth] t=50.0480 id=5187 src=motion2 u=417.0 v=77.0 depth=0.1744 depth2=-1.0000 track=2 sf=9 flag=ok
[T2xcross] t=50.0480 id=5188 est=2.7760 svd=1.0073 rel=0.6371 track=2 sf=9
[T2depth] t=50.0480 id=5189 src=motion2 u=37.0 v=208.0 depth=0.1251 depth2=-1.0000 track=2 sf=9 flag=ok
[T2depth] t=50.0480 id=5191 src=motion2 u=611.0 v=11.0 depth=5.0000 depth2=-1.0000 track=2 sf=9 flag=init_neg
[T2depth] t=50.0480 id=5192 src=motion2 u=85.0 v=53.0 depth=0.1909 depth2=-1.0000 track=2 sf=9 flag=ok
[T2depth] t=50.0480 id=5197 src=stereo u=505.0 v=38.0 depth=3.8220 depth2=-1.0000 track=1 sf=10 flag=ok
[T2gate] t=50.0480 tri=61 rej=0 xrej=0 init_replace=2 gate=0
[T2slv] t=50.0480 phase=1 init_cost=104.009 final_cost=102.267 iters=9 term=1 slv_ms=12.3
[T2diag] t=50.0480 P=[-0.0170 -0.0015 0.0029] V=[0.0032 0.0065 -0.0018] |Bas|=0.641890 |Bgs|=0.0005388 Bas=[0.195160 -0.611162 0.020399] Bgs=[0.0005191 -0.0001400 -0.0000357] tic0=[0.1200 0.0500 -0.0200] tic1=[0.1200 -0.0500 -0.0200] td=0.00000 track=143
[E2uls] flag=1 sh_t=50.088 new_t=50.088 dP=[0.0010 0.0009 -0.0001] |dP|=0.0013 first_dt=-1.0000
time: 50.048000, t: -0.016959 -0.001512 0.002898 q: 0.999493 0.030538 0.009038 0.000186 
[T2xcross] t=50.1480 id=5136 est=3.8982 svd=2.0037 rel=0.4860 track=2 sf=9
[T2depth] t=50.1480 id=5196 src=motion2 u=37.3 v=40.5 depth=5.0000 depth2=-1.0000 track=2 sf=9 flag=init_neg
[T2depth] t=50.1480 id=5199 src=motion2 u=120.0 v=107.0 depth=0.0592 depth2=-1.0000 track=2 sf=9 flag=ok
[T2depth] t=50.1480 id=5209 src=stereo u=247.0 v=187.0 depth=25.1879 depth2=-1.0000 track=1 sf=10 flag=ok
[T2depth] t=50.1480 id=5210 src=stereo u=132.0 v=80.0 depth=5.0000 depth2=-1.0000 track=1 sf=10 flag=init_neg
[T2depth] t=50.1480 id=5213 src=stereo u=544.0 v=63.0 depth=3.3240 depth2=-1.0000 track=1 sf=10 flag=ok
[T2depth] t=50.1480 id=5216 src=stereo u=617.0 v=87.0 depth=5.0000 depth2=-1.0000 track=1 sf=10 flag=init_neg
[T2depth] t=50.1480 id=5217 src=stereo u=523.0 v=108.0 depth=3.5469 depth2=-1.0000 track=1 sf=10 flag=ok
[T2gate] t=50.1480 tri=63 rej=0 xrej=0 init_replace=3 gate=0
[T2slv] t=50.1480 phase=1 init_cost=168.169 final_cost=106.028 iters=9 term=1 slv_ms=9.2
[T2diag] t=50.1480 P=[-0.0199 -0.0029 0.0011] V=[-0.0033 0.0011 -0.0042] |Bas|=0.621449 |Bgs|=0.0004824 Bas=[0.182515 -0.593733 0.019193] Bgs=[0.0004617 -0.0000631 -0.0001250] tic0=[0.1200 0.0500 -0.0200] tic1=[0.1200 -0.0500 -0.0200] td=0.00000 track=135
[E2uls] flag=1 sh_t=50.184 new_t=50.184 dP=[0.0040 0.0027 0.0016] |dP|=0.0051 first_dt=-1.0000
time: 50.148000, t: -0.019949 -0.002852 0.001135 q: 0.999516 0.030089 0.007842 0.000780 
[T2xcross] t=50.2480 id=5182 est=0.5107 svd=0.0600 rel=0.8825 track=2 sf=9
[T2depth] t=50.2480 id=5206 src=motion2 u=293.8 v=39.1 depth=5.0000 depth2=-1.0000 track=2 sf=9 flag=init_neg
[T2depth] t=50.2480 id=5207 src=motion2 u=37.3 v=118.8 depth=0.1428 depth2=-1.0000 track=2 sf=9 flag=ok
[T2xcross] t=50.2480 id=5209 est=25.1879 svd=0.0383 rel=0.9985 track=2 sf=9
[T2xcross] t=50.2480 id=5210 est=5.0000 svd=0.2442 rel=0.9512 track=2 sf=9
[T2depth] t=50.2480 id=5215 src=motion2 u=414.0 v=218.0 depth=5.0000 depth2=-1.0000 track=2 sf=9 flag=init_neg
[T2xcross] t=50.2480 id=5217 est=3.5469 svd=0.1287 rel=0.9637 track=2 sf=9
[T2depth] t=50.2480 id=5237 src=stereo u=41.0 v=50.0 depth=28.3787 depth2=-1.0000 track=1 sf=10 flag=ok
[T2depth] t=50.2480 id=5238 src=stereo u=208.0 v=200.0 depth=40.9560 depth2=-1.0000 track=1 sf=10 flag=ok
[T2gate] t=50.2480 tri=100 rej=0 xrej=0 init_replace=2 gate=0
[T2slv] t=50.2480 phase=1 init_cost=105.271 final_cost=100.178 iters=9 term=1 slv_ms=7.3
[T2diag] t=50.2480 P=[-0.0197 0.0017 0.0037] V=[0.0054 0.0120 -0.0071] |Bas|=0.613744 |Bgs|=0.0005199 Bas=[0.183135 -0.585484 0.018734] Bgs=[0.0005027 -0.0001296 -0.0000282] tic0=[0.1200 0.0500 -0.0200] tic1=[0.1200 -0.0500 -0.0200] td=0.00000 track=102
[E2uls] flag=1 sh_t=50.288 new_t=50.288 dP=[-0.0011 -0.0042 -0.0033] |dP|=0.0055 first_dt=-1.0000
time: 50.248000, t: -0.019732 0.001734 0.003682 q: 0.999533 0.029315 0.008594 0.000064 
[T2depth] t=50.3480 id=1 src=motion2 u=192.0 v=341.0 depth=12.7231 depth2=-1.0000 track=2 sf=9 flag=ok
[T2depth] t=50.3480 id=9 src=motion2 u=117.1 v=361.3 depth=12.0401 depth2=-1.0000 track=2 sf=9 flag=ok
[T2depth] t=50.3480 id=14 src=motion2 u=88.3 v=387.5 depth=10.4810 depth2=-1.0000 track=2 sf=9 flag=ok
[T2depth] t=50.3480 id=17 src=motion2 u=50.8 v=412.8 depth=8.4910 depth2=-1.0000 track=2 sf=9 flag=ok
[T2depth] t=50.3480 id=18 src=motion2 u=142.1 v=395.5 depth=9.4206 depth2=-1.0000 track=2 sf=9 flag=ok
[T2depth] t=50.3480 id=27 src=motion2 u=268.4 v=404.4 depth=8.5647 depth2=-1.0000 track=2 sf=9 flag=ok
[T2depth] t=50.3480 id=28 src=motion2 u=6.5 v=343.2 depth=8.1818 depth2=-1.0000 track=2 sf=9 flag=ok
[T2depth] t=50.3480 id=33 src=motion2 u=326.3 v=413.3 depth=8.4639 depth2=-1.0000 track=2 sf=9 flag=ok
[T2depth] t=50.3480 id=35 src=motion2 u=225.3 v=470.0 depth=7.2526 depth2=-1.0000 track=2 sf=9 flag=ok
[T2depth] t=50.3480 id=37 src=motion2 u=262.9 v=451.7 depth=9.5693 depth2=-1.0000 track=2 sf=9 flag=ok
[T2depth] t=50.3480 id=42 src=motion2 u=312.8 v=310.5 depth=7.7806 depth2=-1.0000 track=2 sf=9 flag=ok
[T2depth] t=50.3480 id=43 src=motion2 u=71.1 v=436.8 depth=5.5090 depth2=-1.0000 track=2 sf=9 flag=ok
[T2depth] t=50.3480 id=46 src=motion2 u=163.6 v=465.4 depth=10.4726 depth2=-1.0000 track=2 sf=9 flag=ok
[T2depth] t=50.3480 id=49 src=motion2 u=60.9 v=310.9 depth=15.9813 depth2=-1.0000 track=2 sf=9 flag=ok
[T2depth] t=50.3480 id=50 src=motion2 u=525.9 v=412.0 depth=21.1371 depth2=-1.0000 track=2 sf=9 flag=ok
[T2depth] t=50.3480 id=51 src=motion2 u=12.3 v=424.8 depth=9.9484 depth2=-1.0000 track=2 sf=9 flag=ok
[T2depth] t=50.3480 id=52 src=motion2 u=40.6 v=457.0 depth=7.1420 depth2=-1.0000 track=2 sf=9 flag=ok
[T2depth] t=50.3480 id=55 src=motion2 u=287.5 v=334.8 depth=13.5347 depth2=-1.0000 track=2 sf=9 flag=ok
[T2depth] t=50.3480 id=60 src=motion2 u=144.2 v=313.8 depth=9.5531 depth2=-1.0000 track=2 sf=9 flag=ok
[T2depth] t=50.3480 id=62 src=motion2 u=256.1 v=317.7 depth=9.2047 depth2=-1.0000 track=2 sf=9 flag=ok
[T2depth] t=50.3480 id=75 src=motion2 u=120.4 v=458.1 depth=5.2069 depth2=-1.0000 track=2 sf=9 flag=ok
[T2depth] t=50.3480 id=77 src=motion2 u=42.1 v=381.6 depth=10.3681 depth2=-1.0000 track=2 sf=9 flag=ok
[T2depth] t=50.3480 id=78 src=motion2 u=176.2 v=372.3 depth=6.2173 depth2=-1.0000 track=2 sf=9 flag=ok
[T2depth] t=50.3480 id=79 src=motion2 u=350.0 v=445.8 depth=13.5757 depth2=-1.0000 track=2 sf=9 flag=ok
[T2depth] t=50.3480 id=85 src=motion2 u=305.3 v=437.3 depth=9.3942 depth2=-1.0000 track=2 sf=9 flag=ok
[T2depth] t=50.3480 id=87 src=motion2 u=88.7 v=290.6 depth=16.0405 depth2=-1.0000 track=2 sf=9 flag=ok
[T2depth] t=50.3480 id=88 src=motion2 u=280.7 v=478.0 depth=26.5791 depth2=-1.0000 track=2 sf=9 flag=ok
[T2depth] t=50.3480 id=95 src=motion2 u=9.3 v=461.3 depth=7.7588 depth2=-1.0000 track=2 sf=9 flag=ok
[T2depth] t=50.3480 id=99 src=motion2 u=302.5 v=279.4 depth=5.0000 depth2=-1.0000 track=2 sf=9 flag=init_neg
[T2depth] t=50.3480 id=177 src=motion2 u=200.1 v=451.8 depth=6.4402 depth2=-1.0000 track=2 sf=9 flag=ok
[T2depth] t=50.3480 id=529 src=motion2 u=324.3 v=461.5 depth=5.0000 depth2=-1.0000 track=2 sf=9 flag=init_neg
[T2depth] t=50.3480 id=1809 src=motion2 u=29.9 v=322.3 depth=12.6227 depth2=-1.0000 track=2 sf=9 flag=ok
[T2depth] t=50.3480 id=3772 src=motion2 u=350.5 v=477.8 depth=3.9023 depth2=-1.0000 track=2 sf=9 flag=ok
[T2depth] t=50.3480 id=5220 src=motion2 u=588.0 v=35.7 depth=5.0000 depth2=-1.0000 track=2 sf=9 flag=init_neg
[T2depth] t=50.3480 id=5221 src=motion2 u=317.7 v=210.3 depth=0.1577 depth2=-1.0000 track=2 sf=9 flag=ok
[T2depth] t=50.3480 id=5229 src=motion2 u=247.8 v=96.3 depth=0.0956 depth2=-1.0000 track=2 sf=9 flag=ok
[T2depth] t=50.3480 id=5233 src=motion2 u=403.4 v=16.3 depth=0.5664 depth2=-1.0000 track=2 sf=9 flag=ok
[T2depth] t=50.3480 id=5234 src=motion2 u=57.0 v=245.0 depth=5.0000 depth2=-1.0000 track=2 sf=9 flag=init_neg
[T2xcross] t=50.3480 id=5238 est=40.9560 svd=0.3703 rel=0.9910 track=2 sf=9
[T2depth] t=50.3480 id=5242 src=stereo u=575.2 v=70.0 depth=5.0000 depth2=-1.0000 track=1 sf=10 flag=init_neg
[T2depth] t=50.3480 id=5247 src=stereo u=383.2 v=51.9 depth=3.8307 depth2=-1.0000 track=1 sf=10 flag=ok
[T2depth] t=50.3480 id=5248 src=stereo u=189.0 v=47.0 depth=23.9574 depth2=-1.0000 track=1 sf=10 flag=ok
[T2gate] t=50.3480 tri=104 rej=0 xrej=0 init_replace=5 gate=0
[T2slv] t=50.3480 phase=1 init_cost=117.393 final_cost=109.717 iters=9 term=1 slv_ms=8.6
[T2diag] t=50.3480 P=[-0.0202 0.0010 0.0019] V=[-0.0033 0.0068 -0.0046] |Bas|=0.603228 |Bgs|=0.0004903 Bas=[0.181232 -0.575083 0.017842] Bgs=[0.0004804 -0.0000650 -0.0000730] tic0=[0.1200 0.0500 -0.0200] tic1=[0.1200 -0.0500 -0.0200] td=0.00000 track=137
[E2uls] flag=1 sh_t=50.384 new_t=50.384 dP=[0.0015 0.0027 0.0006] |dP|=0.0031 first_dt=-1.0000
time: 50.348000, t: -0.020187 0.001044 0.001868 q: 0.999553 0.028821 0.007954 0.000383 
[T2depth] t=50.4480 id=5241 src=motion2 u=314.0 v=91.8 depth=5.0000 depth2=-1.0000 track=2 sf=9 flag=init_neg
[T2xcross] t=50.4480 id=5242 est=5.0000 svd=0.0057 rel=0.9989 track=2 sf=9
[T2depth] t=50.4480 id=5243 src=motion2 u=108.7 v=141.7 depth=0.0978 depth2=-1.0000 track=2 sf=9 flag=ok
[T2depth] t=50.4480 id=5246 src=motion2 u=320.5 v=127.3 depth=5.0000 depth2=-1.0000 track=2 sf=9 flag=init_neg
[T2xcross] t=50.4480 id=5247 est=3.8307 svd=0.0857 rel=0.9776 track=2 sf=9
[T2depth] t=50.4480 id=5249 src=motion2 u=630.0 v=37.0 depth=0.2603 depth2=-1.0000 track=2 sf=9 flag=ok
[T2depth] t=50.4480 id=5250 src=motion2 u=80.0 v=73.0 depth=5.0000 depth2=-1.0000 track=2 sf=9 flag=init_neg
[T2depth] t=50.4480 id=5251 src=motion2 u=619.0 v=188.0 depth=0.0345 depth2=-1.0000 track=2 sf=9 flag=ok
[T2depth] t=50.4480 id=5252 src=motion2 u=338.0 v=51.0 depth=5.0000 depth2=-1.0000 track=2 sf=9 flag=init_neg
[T2depth] t=50.4480 id=5253 src=motion2 u=14.0 v=104.0 depth=0.0183 depth2=-1.0000 track=2 sf=9 flag=ok
[T2depth] t=50.4480 id=5254 src=motion2 u=246.0 v=55.0 depth=0.0561 depth2=-1.0000 track=2 sf=9 flag=ok
[T2depth] t=50.4480 id=5255 src=motion2 u=185.0 v=101.0 depth=5.0000 depth2=-1.0000 track=2 sf=9 flag=init_neg
[T2depth] t=50.4480 id=5256 src=stereo u=5.1 v=195.8 depth=41.4937 depth2=-1.0000 track=1 sf=10 flag=ok
[T2depth] t=50.4480 id=5259 src=stereo u=244.0 v=7.0 depth=25.2320 depth2=-1.0000 track=1 sf=10 flag=ok
[T2depth] t=50.4480 id=5262 src=stereo u=410.0 v=166.0 depth=3.7572 depth2=-1.0000 track=1 sf=10 flag=ok
[T2gate] t=50.4480 tri=67 rej=0 xrej=0 init_replace=5 gate=0
[T2slv] t=50.4480 phase=1 init_cost=473.55 final_cost=152.106 iters=9 term=1 slv_ms=14.7
[T2diag] t=50.4480 P=[-0.0202 0.0011 0.0015] V=[-0.0015 0.0010 -0.0058] |Bas|=0.595743 |Bgs|=0.0004758 Bas=[0.177155 -0.568534 0.017174] Bgs=[0.0004660 -0.0000637 -0.0000719] tic0=[0.1200 0.0500 -0.0200] tic1=[0.1200 -0.0500 -0.0200] td=0.00000 track=140
[E2uls] flag=1 sh_t=50.492 new_t=50.492 dP=[-0.0005 0.0011 -0.0008] |dP|=0.0014 first_dt=-1.0000
time: 50.448000, t: -0.020228 0.001141 0.001487 q: 0.999561 0.028643 0.007528 0.000402 
[T2xcross] t=50.5520 id=5248 est=23.9574 svd=0.0530 rel=0.9978 track=2 sf=9
[T2depth] t=50.5520 id=71 src=motion2 u=395.7 v=465.1 depth=1.7855 depth2=-1.0000 track=2 sf=9 flag=ok
[T2depth] t=50.5520 id=89 src=motion2 u=434.6 v=469.1 depth=3.2825 depth2=-1.0000 track=2 sf=9 flag=ok
[T2depth] t=50.5520 id=124 src=motion2 u=476.0 v=254.9 depth=6.1623 depth2=-1.0000 track=2 sf=9 flag=ok
[T2depth] t=50.5520 id=5258 src=motion2 u=118.0 v=175.8 depth=0.0794 depth2=-1.0000 track=2 sf=9 flag=ok
[T2depth] t=50.5520 id=5260 src=motion2 u=385.0 v=86.0 depth=5.0000 depth2=-1.0000 track=2 sf=9 flag=init_neg
[T2depth] t=50.5520 id=5261 src=motion2 u=33.0 v=171.0 depth=5.0000 depth2=-1.0000 track=2 sf=9 flag=init_neg
[T2depth] t=50.5520 id=15 src=stereo u=203.0 v=389.4 depth=5.0000 depth2=-1.0000 track=1 sf=10 flag=init_neg
[T2depth] t=50.5520 id=108 src=stereo u=198.2 v=288.6 depth=5.0000 depth2=-1.0000 track=1 sf=10 flag=init_neg
[T2depth] t=50.5520 id=5018 src=stereo u=380.7 v=275.0 depth=5.0000 depth2=-1.0000 track=1 sf=10 flag=init_neg
[T2depth] t=50.5520 id=5264 src=stereo u=169.8 v=159.8 depth=5.0000 depth2=-1.0000 track=1 sf=10 flag=init_neg
[T2depth] t=50.5520 id=5270 src=stereo u=429.5 v=86.2 depth=3.8191 depth2=-1.0000 track=1 sf=10 flag=ok
[T2depth] t=50.5520 id=5277 src=stereo u=502.0 v=18.0 depth=3.5895 depth2=-1.0000 track=1 sf=10 flag=ok
[T2gate] t=50.5520 tri=79 rej=0 xrej=0 init_replace=6 gate=0
[T2slv] t=50.5520 phase=1 init_cost=142.72 final_cost=137.712 iters=9 term=1 slv_ms=13.8
[T2diag] t=50.5520 P=[-0.0210 0.0014 0.0010] V=[-0.0040 -0.0003 -0.0059] |Bas|=0.587658 |Bgs|=0.0004769 Bas=[0.170642 -0.562092 0.016613] Bgs=[0.0004694 -0.0000660 -0.0000529] tic0=[0.1200 0.0500 -0.0200] tic1=[0.1200 -0.0500 -0.0200] td=0.00000 track=125
[E2uls] flag=1 sh_t=50.588 new_t=50.588 dP=[0.0002 -0.0004 -0.0004] |dP|=0.0006 first_dt=-1.0000
time: 50.552000, t: -0.021002 0.001430 0.001034 q: 0.999575 0.028276 0.007137 0.000463 
[T2depth] t=50.6840 id=4 src=motion2 u=385.8 v=388.0 depth=5.0000 depth2=-1.0000 track=2 sf=9 flag=init_neg
[T2depth] t=50.6840 id=11 src=motion2 u=398.8 v=342.7 depth=5.0000 depth2=-1.0000 track=2 sf=9 flag=init_neg
[T2depth] t=50.6840 id=32 src=motion2 u=433.8 v=408.1 depth=5.0000 depth2=-1.0000 track=2 sf=9 flag=init_neg
[T2depth] t=50.6840 id=45 src=motion2 u=350.1 v=391.2 depth=5.0000 depth2=-1.0000 track=2 sf=9 flag=init_neg
[T2depth] t=50.6840 id=56 src=motion2 u=385.5 v=434.5 depth=5.0000 depth2=-1.0000 track=2 sf=9 flag=init_neg
[T2depth] t=50.6840 id=76 src=motion2 u=434.0 v=324.5 depth=5.0000 depth2=-1.0000 track=2 sf=9 flag=init_neg
[T2depth] t=50.6840 id=83 src=motion2 u=417.7 v=382.0 depth=5.0000 depth2=-1.0000 track=2 sf=9 flag=init_neg
[T2depth] t=50.6840 id=84 src=motion2 u=408.5 v=289.2 depth=5.0000 depth2=-1.0000 track=2 sf=9 flag=init_neg
[T2depth] t=50.6840 id=2076 src=motion2 u=114.1 v=331.2 depth=5.0000 depth2=-1.0000 track=2 sf=9 flag=init_neg
[T2depth] t=50.6840 id=4462 src=motion2 u=220.1 v=254.1 depth=5.0000 depth2=-1.0000 track=2 sf=9 flag=init_neg
[T2xcross] t=50.6840 id=5264 est=5.0000 svd=0.0899 rel=0.9820 track=2 sf=9
[T2depth] t=50.6840 id=5266 src=motion2 u=88.7 v=224.8 depth=0.1637 depth2=-1.0000 track=2 sf=9 flag=ok
[T2depth] t=50.6840 id=5269 src=motion2 u=249.2 v=222.0 depth=0.0510 depth2=-1.0000 track=2 sf=9 flag=ok
[T2depth] t=50.6840 id=5272 src=motion2 u=126.0 v=48.0 depth=0.0730 depth2=-1.0000 track=2 sf=9 flag=ok
[T2depth] t=50.6840 id=5273 src=motion2 u=254.0 v=68.0 depth=5.0000 depth2=-1.0000 track=2 sf=9 flag=init_neg
[T2depth] t=50.6840 id=5274 src=motion2 u=294.0 v=184.0 depth=0.0753 depth2=-1.0000 track=2 sf=9 flag=ok
[T2depth] t=50.6840 id=5276 src=motion2 u=283.0 v=217.0 depth=5.0000 depth2=-1.0000 track=2 sf=9 flag=init_neg
[T2depth] t=50.6840 id=5279 src=stereo u=60.3 v=93.3 depth=5.0000 depth2=-1.0000 track=1 sf=10 flag=init_neg
[T2depth] t=50.6840 id=5283 src=stereo u=374.0 v=180.0 depth=3.7712 depth2=-1.0000 track=1 sf=10 flag=ok
[T2gate] t=50.6840 tri=78 rej=0 xrej=0 init_replace=13 gate=0
[T2slv] t=50.6840 phase=1 init_cost=120.706 final_cost=116.093 iters=5 term=0 slv_ms=9.4
[T2diag] t=50.6840 P=[-0.0231 0.0013 0.0010] V=[-0.0135 0.0002 -0.0034] |Bas|=0.582861 |Bgs|=0.0004819 Bas=[0.165991 -0.558494 0.016104] Bgs=[0.0004745 -0.0000615 -0.0000575] tic0=[0.1200 0.0500 -0.0200] tic1=[0.1200 -0.0500 -0.0200] td=0.00000 track=138
[E2uls] flag=1 sh_t=50.740 new_t=50.740 dP=[0.0004 -0.0002 -0.0012] |dP|=0.0013 first_dt=-1.0000
time: 50.684000, t: -0.023067 0.001309 0.000996 q: 0.999579 0.028141 0.006980 0.000577 
[T2xcross] t=50.7840 id=5243 est=0.0978 svd=0.3385 rel=0.7110 track=2 sf=9
[T2xcross] t=50.7840 id=5018 est=5.0000 svd=1.8037 rel=0.6393 track=2 sf=9
[T2depth] t=50.7840 id=22 src=motion2 u=462.1 v=7.9 depth=5.3226 depth2=-1.0000 track=2 sf=9 flag=ok
[T2depth] t=50.7840 id=5206 src=motion2 u=289.1 v=34.7 depth=5.0000 depth2=-1.0000 track=2 sf=9 flag=init_neg
[T2depth] t=50.7840 id=5278 src=motion2 u=124.6 v=100.1 depth=0.0720 depth2=-1.0000 track=2 sf=9 flag=ok
[T2depth] t=50.7840 id=5280 src=motion2 u=545.1 v=102.7 depth=0.8519 depth2=-1.0000 track=2 sf=9 flag=ok
[T2depth] t=50.7840 id=5281 src=motion2 u=65.0 v=141.6 depth=5.0000 depth2=-1.0000 track=2 sf=9 flag=init_neg
[T2depth] t=50.7840 id=5282 src=motion2 u=415.0 v=441.0 depth=1.9797 depth2=-1.0000 track=2 sf=9 flag=ok
[T2depth] t=50.7840 id=5286 src=motion2 u=50.0 v=13.0 depth=5.0000 depth2=-1.0000 track=2 sf=9 flag=init_neg
[T2depth] t=50.7840 id=5287 src=stereo u=444.0 v=92.4 depth=3.8960 depth2=-1.0000 track=1 sf=10 flag=ok
[T2depth] t=50.7840 id=5295 src=stereo u=419.0 v=226.0 depth=3.8675 depth2=-1.0000 track=1 sf=10 flag=ok
[T2depth] t=50.7840 id=5297 src=stereo u=299.0 v=122.0 depth=39.0256 depth2=-1.0000 track=1 sf=10 flag=ok
[T2depth] t=50.7840 id=5300 src=stereo u=270.0 v=113.0 depth=39.9737 depth2=-1.0000 track=1 sf=10 flag=ok
[T2gate] t=50.7840 tri=80 rej=0 xrej=0 init_replace=3 gate=0
[T2slv] t=50.7840 phase=1 init_cost=116.751 final_cost=115.288 iters=4 term=0 slv_ms=5.5
[T2diag] t=50.7840 P=[-0.0234 0.0014 0.0012] V=[-0.0133 -0.0042 -0.0015] |Bas|=0.579852 |Bgs|=0.0004840 Bas=[0.163589 -0.556070 0.015903] Bgs=[0.0004792 -0.0000514 -0.0000447] tic0=[0.1200 0.0500 -0.0200] tic1=[0.1200 -0.0500 -0.0200] td=0.00000 track=127
[E2uls] flag=1 sh_t=50.816 new_t=50.816 dP=[-0.0015 -0.0003 -0.0005] |dP|=0.0016 first_dt=-1.0000
time: 50.784000, t: -0.023450 0.001405 0.001190 q: 0.999583 0.028090 0.006732 0.000651 
[T2xcross] t=50.8840 id=4457 est=3.8409 svd=0.1479 rel=0.9615 track=4 sf=7
[T2xcross] t=50.8840 id=5255 est=5.0000 svd=0.0140 rel=0.9972 track=2 sf=9
[T2xcross] t=50.8840 id=108 est=5.0000 svd=1.8423 rel=0.6315 track=2 sf=9
[T2depth] t=50.8840 id=2 src=motion2 u=224.0 v=348.0 depth=1.9637 depth2=-1.0000 track=2 sf=9 flag=ok
[T2depth] t=50.8840 id=6 src=motion2 u=4.2 v=375.5 depth=5.0000 depth2=-1.0000 track=2 sf=9 flag=init_neg
[T2depth] t=50.8840 id=8 src=motion2 u=158.1 v=343.0 depth=5.0000 depth2=-1.0000 track=2 sf=9 flag=init_neg
[T2depth] t=50.8840 id=38 src=motion2 u=120.2 v=421.8 depth=5.0000 depth2=-1.0000 track=2 sf=9 flag=init_neg
[T2depth] t=50.8840 id=47 src=motion2 u=74.5 v=354.3 depth=5.0000 depth2=-1.0000 track=2 sf=9 flag=init_neg
[T2depth] t=50.8840 id=64 src=motion2 u=120.6 v=286.6 depth=5.0000 depth2=-1.0000 track=2 sf=9 flag=init_neg
[T2depth] t=50.8840 id=67 src=motion2 u=174.2 v=307.7 depth=2.5279 depth2=-1.0000 track=2 sf=9 flag=ok
[T2depth] t=50.8840 id=80 src=motion2 u=151.8 v=430.8 depth=5.0000 depth2=-1.0000 track=2 sf=9 flag=init_neg
[T2depth] t=50.8840 id=98 src=motion2 u=51.5 v=281.6 depth=5.0000 depth2=-1.0000 track=2 sf=9 flag=init_neg
[T2depth] t=50.8840 id=130 src=motion2 u=228.8 v=287.5 depth=0.6238 depth2=-1.0000 track=2 sf=9 flag=ok
[T2xcross] t=50.8840 id=5287 est=3.8960 svd=0.0759 rel=0.9805 track=2 sf=9
[T2depth] t=50.8840 id=5289 src=motion2 u=355.7 v=207.7 depth=0.1124 depth2=-1.0000 track=2 sf=9 flag=ok
[T2depth] t=50.8840 id=5296 src=motion2 u=207.0 v=210.0 depth=5.0000 depth2=-1.0000 track=2 sf=9 flag=init_neg
[T2depth] t=50.8840 id=5299 src=motion2 u=40.0 v=92.0 depth=5.0000 depth2=-1.0000 track=2 sf=9 flag=init_neg
[T2depth] t=50.8840 id=5301 src=motion2 u=411.0 v=8.0 depth=0.0564 depth2=-1.0000 track=2 sf=9 flag=ok
[T2depth] t=50.8840 id=5311 src=stereo u=491.0 v=161.0 depth=4.1029 depth2=-1.0000 track=1 sf=10 flag=ok
[T2depth] t=50.8840 id=5319 src=stereo u=110.0 v=172.0 depth=34.4238 depth2=-1.0000 track=1 sf=10 flag=ok
[T2depth] t=50.8840 id=5321 src=stereo u=512.0 v=190.0 depth=4.3859 depth2=-1.0000 track=1 sf=10 flag=ok
[T2gate] t=50.8840 tri=84 rej=0 xrej=0 init_replace=9 gate=0
[T2slv] t=50.8840 phase=1 init_cost=123.02 final_cost=121.332 iters=5 term=0 slv_ms=12.6
[T2diag] t=50.8840 P=[-0.0244 0.0009 0.0011] V=[-0.0119 -0.0069 -0.0008] |Bas|=0.576773 |Bgs|=0.0004791 Bas=[0.161341 -0.553524 0.015713] Bgs=[0.0004753 -0.0000495 -0.0000347] tic0=[0.1200 0.0500 -0.0200] tic1=[0.1200 -0.0500 -0.0200] td=0.00000 track=132
[E2uls] flag=1 sh_t=50.924 new_t=50.924 dP=[-0.0006 -0.0002 -0.0002] |dP|=0.0006 first_dt=-1.0000
time: 50.884000, t: -0.024376 0.000917 0.001143 q: 0.999591 0.027813 0.006560 0.000788 
[T2xcross] t=50.9840 id=2076 est=5.0000 svd=0.7784 rel=0.8443 track=2 sf=9
[T2xcross] t=50.9840 id=5289 est=0.1124 svd=0.1395 rel=0.1938 track=2 sf=9
[T2depth] t=50.9840 id=54 src=motion2 u=211.1 v=316.8 depth=1.0495 depth2=-1.0000 track=2 sf=9 flag=ok
[T2depth] t=50.9840 id=5302 src=motion2 u=45.3 v=35.5 depth=5.0000 depth2=-1.0000 track=2 sf=9 flag=init_neg
[T2depth] t=50.9840 id=5303 src=motion2 u=143.3 v=82.3 depth=5.0000 depth2=-1.0000 track=2 sf=9 flag=init_neg
[T2depth] t=50.9840 id=5305 src=motion2 u=123.3 v=15.3 depth=0.0749 depth2=-1.0000 track=2 sf=9 flag=ok
[T2depth] t=50.9840 id=5306 src=motion2 u=76.8 v=219.5 depth=5.0000 depth2=-1.0000 track=2 sf=9 flag=init_neg
[T2depth] t=50.9840 id=5308 src=motion2 u=74.4 v=81.3 depth=5.0000 depth2=-1.0000 track=2 sf=9 flag=init_neg
[T2xcross] t=50.9840 id=5311 est=4.1029 svd=0.0833 rel=0.9797 track=2 sf=9
[T2depth] t=50.9840 id=5313 src=motion2 u=498.0 v=46.0 depth=0.5076 depth2=-1.0000 track=2 sf=9 flag=ok
[T2xcross] t=50.9840 id=5319 est=34.4238 svd=0.0006 rel=1.0000 track=2 sf=9
[T2xcross] t=50.9840 id=5321 est=4.3859 svd=0.5002 rel=0.8860 track=2 sf=9
[T2depth] t=50.9840 id=5327 src=stereo u=144.0 v=54.0 depth=5.0000 depth2=-1.0000 track=1 sf=10 flag=init_neg
[T2depth] t=50.9840 id=5329 src=stereo u=179.0 v=189.0 depth=37.2161 depth2=-1.0000 track=1 sf=10 flag=ok
[T2depth] t=50.9840 id=5330 src=stereo u=508.0 v=78.0 depth=4.4182 depth2=-1.0000 track=1 sf=10 flag=ok
[T2depth] t=50.9840 id=5333 src=stereo u=571.0 v=3.0 depth=41.4335 depth2=-1.0000 track=1 sf=10 flag=ok
[T2gate] t=50.9840 tri=74 rej=0 xrej=0 init_replace=5 gate=0
[T2slv] t=50.9840 phase=1 init_cost=112.911 final_cost=111.924 iters=7 term=0 slv_ms=11.5
[T2diag] t=50.9840 P=[-0.0237 0.0004 0.0011] V=[-0.0061 -0.0066 -0.0031] |Bas|=0.574218 |Bgs|=0.0004848 Bas=[0.160209 -0.551195 0.015587] Bgs=[0.0004795 -0.0000683 -0.0000206] tic0=[0.1200 0.0500 -0.0200] tic1=[0.1200 -0.0500 -0.0200] td=0.00000 track=138
[E2uls] flag=1 sh_t=51.040 new_t=51.040 dP=[-0.0025 -0.0005 -0.0002] |dP|=0.0025 first_dt=-1.0000
time: 50.984000, t: -0.023671 0.000373 0.001098 q: 0.999592 0.027786 0.006502 0.000839 
[T2depth] t=51.1160 id=81 src=motion2 u=19.3 v=292.7 depth=0.6516 depth2=-1.0000 track=2 sf=9 flag=ok
[T2depth] t=51.1160 id=4457 src=motion2 u=446.0 v=149.4 depth=0.1644 depth2=-1.0000 track=2 sf=9 flag=ok
[T2depth] t=51.1160 id=5322 src=motion2 u=317.6 v=177.2 depth=0.1571 depth2=-1.0000 track=2 sf=9 flag=ok
[T2depth] t=51.1160 id=5323 src=motion2 u=580.3 v=37.3 depth=0.0902 depth2=-1.0000 track=2 sf=9 flag=ok
[T2xcross] t=51.1160 id=5329 est=37.2161 svd=0.1916 rel=0.9949 track=2 sf=9
[T2depth] t=51.1160 id=5334 src=motion2 u=295.0 v=24.0 depth=0.0170 depth2=-1.0000 track=2 sf=9 flag=ok
[T2depth] t=51.1160 id=5341 src=stereo u=448.0 v=206.0 depth=3.8946 depth2=-1.0000 track=1 sf=10 flag=ok
[T2gate] t=51.1160 tri=66 rej=0 xrej=0 init_replace=0 gate=0
[T2slv] t=51.1160 phase=1 init_cost=111.023 final_cost=109.986 iters=7 term=0 slv_ms=10.6
[T2diag] t=51.1160 P=[-0.0237 0.0000 0.0012] V=[-0.0048 -0.0062 -0.0001] |Bas|=0.571537 |Bgs|=0.0004944 Bas=[0.156952 -0.549351 0.015331] Bgs=[0.0004888 -0.0000736 -0.0000079] tic0=[0.1200 0.0500 -0.0200] tic1=[0.1200 -0.0500 -0.0200] td=0.00000 track=139
[E2uls] flag=1 sh_t=51.180 new_t=51.180 dP=[-0.0014 -0.0014 -0.0002] |dP|=0.0020 first_dt=-1.0000
time: 51.116000, t: -0.023706 0.000031 0.001152 q: 0.999597 0.027659 0.006390 0.000866 
[T2xcross] t=51.2480 id=5330 est=4.4182 svd=0.2060 rel=0.9534 track=2 sf=9
[T2depth] t=51.2480 id=5335 src=motion2 u=132.0 v=31.0 depth=5.0000 depth2=-1.0000 track=2 sf=9 flag=init_neg
[T2depth] t=51.2480 id=5340 src=motion2 u=341.0 v=124.0 depth=0.0921 depth2=-1.0000 track=2 sf=9 flag=ok
[T2depth] t=51.2480 id=5344 src=motion2 u=599.0 v=189.0 depth=1.5354 depth2=-1.0000 track=2 sf=9 flag=ok
[T2depth] t=51.2480 id=5345 src=motion2 u=204.0 v=144.0 depth=5.0000 depth2=-1.0000 track=2 sf=9 flag=init_neg
[T2depth] t=51.2480 id=5347 src=motion2 u=608.0 v=55.0 depth=0.1972 depth2=-1.0000 track=2 sf=9 flag=ok
[T2depth] t=51.2480 id=5350 src=stereo u=504.4 v=220.3 depth=3.8298 depth2=-1.0000 track=1 sf=10 flag=ok
[T2depth] t=51.2480 id=5352 src=stereo u=181.9 v=19.7 depth=5.0000 depth2=-1.0000 track=1 sf=10 flag=init_neg
[T2depth] t=51.2480 id=5356 src=stereo u=479.0 v=71.0 depth=4.2228 depth2=-1.0000 track=1 sf=10 flag=ok
[T2depth] t=51.2480 id=5359 src=stereo u=529.0 v=29.0 depth=3.7134 depth2=-1.0000 track=1 sf=10 flag=ok
[T2gate] t=51.2480 tri=67 rej=0 xrej=0 init_replace=3 gate=0
[T2slv] t=51.2480 phase=1 init_cost=112.474 final_cost=110.821 iters=8 term=0 slv_ms=9.1
[T2diag] t=51.2480 P=[-0.0233 -0.0004 0.0009] V=[-0.0057 -0.0066 -0.0012] |Bas|=0.572153 |Bgs|=0.0004917 Bas=[0.158618 -0.549505 0.015614] Bgs=[0.0004849 -0.0000818 0.0000023] tic0=[0.1200 0.0500 -0.0200] tic1=[0.1200 -0.0500 -0.0200] td=0.00000 track=140
[E2uls] flag=1 sh_t=51.280 new_t=51.280 dP=[-0.0014 -0.0005 0.0007] |dP|=0.0016 first_dt=-1.0000
time: 51.248000, t: -0.023319 -0.000425 0.000850 q: 0.999595 0.027741 0.006271 0.000955 
[T2xcross] t=51.3480 id=5308 est=5.0000 svd=3.7394 rel=0.2521 track=2 sf=9
[T2depth] t=51.3480 id=5354 src=motion2 u=17.0 v=39.0 depth=5.0000 depth2=-1.0000 track=2 sf=9 flag=init_neg
[T2depth] t=51.3480 id=5355 src=motion2 u=240.0 v=30.0 depth=0.0067 depth2=-1.0000 track=2 sf=9 flag=ok
[T2depth] t=51.3480 id=5357 src=motion2 u=276.0 v=40.0 depth=0.3002 depth2=-1.0000 track=2 sf=9 flag=ok
[T2depth] t=51.3480 id=5369 src=stereo u=557.5 v=94.1 depth=42.8237 depth2=-1.0000 track=1 sf=10 flag=ok
[T2depth] t=51.3480 id=5370 src=stereo u=221.8 v=111.5 depth=31.9444 depth2=-1.0000 track=1 sf=10 flag=ok
[T2gate] t=51.3480 tri=67 rej=0 xrej=0 init_replace=1 gate=0
[T2slv] t=51.3480 phase=1 init_cost=112.235 final_cost=110.938 iters=6 term=0 slv_ms=11.9
[T2diag] t=51.3480 P=[-0.0235 -0.0009 0.0010] V=[-0.0064 -0.0097 0.0026] |Bas|=0.570637 |Bgs|=0.0004992 Bas=[0.156218 -0.548624 0.015309] Bgs=[0.0004918 -0.0000852 0.0000071] tic0=[0.1200 0.0500 -0.0200] tic1=[0.1200 -0.0500 -0.0200] td=0.00000 track=136
[E2uls] flag=1 sh_t=51.392 new_t=51.392 dP=[-0.0009 -0.0011 -0.0003] |dP|=0.0014 first_dt=-1.0000
time: 51.348000, t: -0.023450 -0.000874 0.000965 q: 0.999595 0.027754 0.006283 0.000953 
[T2xcross] t=51.4480 id=5354 est=5.0000 svd=0.1015 rel=0.9797 track=2 sf=9
[T2xcross] t=51.4480 id=5359 est=3.7134 svd=0.0539 rel=0.9855 track=2 sf=9
[T2depth] t=51.4480 id=5362 src=motion2 u=43.0 v=350.0 depth=0.7725 depth2=-1.0000 track=2 sf=9 flag=ok
[T2depth] t=51.4480 id=5363 src=motion2 u=43.3 v=109.9 depth=0.1768 depth2=-1.0000 track=2 sf=9 flag=ok
[T2depth] t=51.4480 id=5365 src=motion2 u=503.8 v=160.4 depth=0.2424 depth2=-1.0000 track=2 sf=9 flag=ok
[T2depth] t=51.4480 id=5367 src=motion2 u=609.5 v=105.1 depth=5.0000 depth2=-1.0000 track=2 sf=9 flag=init_neg
[T2xcross] t=51.4480 id=5369 est=42.8237 svd=9.1089 rel=0.7873 track=2 sf=9
[T2depth] t=51.4480 id=5371 src=motion2 u=280.0 v=165.0 depth=5.0000 depth2=-1.0000 track=2 sf=9 flag=init_neg
[T2depth] t=51.4480 id=5375 src=motion2 u=35.0 v=209.0 depth=0.1344 depth2=-1.0000 track=2 sf=9 flag=ok
[T2depth] t=51.4480 id=5377 src=motion2 u=215.0 v=145.0 depth=5.0000 depth2=-1.0000 track=2 sf=9 flag=init_neg
[T2depth] t=51.4480 id=5378 src=motion2 u=544.0 v=218.0 depth=5.0000 depth2=-1.0000 track=2 sf=9 flag=init_neg
[T2depth] t=51.4480 id=5381 src=stereo u=321.3 v=82.6 depth=45.3045 depth2=-1.0000 track=1 sf=10 flag=ok
[T2depth] t=51.4480 id=5383 src=stereo u=515.1 v=105.9 depth=3.3447 depth2=-1.0000 track=1 sf=10 flag=ok
[T2depth] t=51.4480 id=5389 src=stereo u=523.0 v=75.0 depth=3.2860 depth2=-1.0000 track=1 sf=10 flag=ok
[T2depth] t=51.4480 id=5392 src=stereo u=164.0 v=47.0 depth=5.0000 depth2=-1.0000 track=1 sf=10 flag=init_neg
[T2depth] t=51.4480 id=5393 src=stereo u=452.0 v=179.0 depth=3.8856 depth2=-1.0000 track=1 sf=10 flag=ok
[T2gate] t=51.4480 tri=71 rej=0 xrej=0 init_replace=5 gate=0
[T2slv] t=51.4480 phase=1 init_cost=158.197 final_cost=126.526 iters=9 term=1 slv_ms=15.0
[T2diag] t=51.4480 P=[-0.0222 -0.0016 0.0013] V=[-0.0051 -0.0101 -0.0156] |Bas|=0.569613 |Bgs|=0.0004899 Bas=[0.159230 -0.546687 0.015443] Bgs=[0.0004763 -0.0001112 0.0000279] tic0=[0.1200 0.0500 -0.0200] tic1=[0.1200 -0.0500 -0.0200] td=0.00000 track=138
[E2uls] flag=1 sh_t=51.496 new_t=51.496 dP=[-0.0025 -0.0013 0.0010] |dP|=0.0030 first_dt=-1.0000
time: 51.448000, t: -0.022214 -0.001591 0.001255 q: 0.999597 0.027600 0.006565 0.000906 
[T2xcross] t=51.5480 id=15 est=5.0000 svd=5.5619 rel=0.1010 track=2 sf=9
[T2depth] t=51.5480 id=5386 src=motion2 u=190.0 v=104.0 depth=0.2049 depth2=-1.0000 track=2 sf=9 flag=ok
[T2depth] t=51.5480 id=5387 src=motion2 u=83.0 v=57.0 depth=5.0000 depth2=-1.0000 track=2 sf=9 flag=init_neg
[T2depth] t=51.5480 id=5391 src=motion2 u=478.0 v=125.0 depth=0.3111 depth2=-1.0000 track=2 sf=9 flag=ok
[T2xcross] t=51.5480 id=5393 est=3.8856 svd=3.9442 rel=0.0149 track=2 sf=9
[T2depth] t=51.5480 id=36 src=stereo u=482.5 v=394.8 depth=5.0000 depth2=-1.0000 track=1 sf=10 flag=init_neg
[T2depth] t=51.5480 id=5402 src=stereo u=380.0 v=110.0 depth=4.2023 depth2=-1.0000 track=1 sf=10 flag=ok
[T2gate] t=51.5480 tri=64 rej=0 xrej=0 init_replace=2 gate=0
[T2slv] t=51.5480 phase=1 init_cost=120.042 final_cost=114.563 iters=9 term=1 slv_ms=15.3
[T2diag] t=51.5480 P=[-0.0239 -0.0057 0.0012] V=[-0.0069 -0.0193 0.0050] |Bas|=0.571377 |Bgs|=0.0004752 Bas=[0.155440 -0.549613 0.015383] Bgs=[0.0004600 -0.0001166 -0.0000251] tic0=[0.1200 0.0500 -0.0200] tic1=[0.1200 -0.0500 -0.0200] td=0.00000 track=140
[E2uls] flag=1 sh_t=51.588 new_t=51.588 dP=[0.0012 0.0016 0.0001] |dP|=0.0020 first_dt=-1.0000
time: 51.548000, t: -0.023949 -0.005739 0.001234 q: 0.999595 0.027674 0.006504 0.001490 
[T2xcross] t=51.6480 id=5363 est=0.1768 svd=0.1077 rel=0.3907 track=2 sf=9
[T2xcross] t=51.6480 id=5365 est=0.2424 svd=0.2626 rel=0.0769 track=2 sf=9
[T2depth] t=51.6480 id=5398 src=motion2 u=340.8 v=180.9 depth=0.5733 depth2=-1.0000 track=2 sf=9 flag=ok
[T2depth] t=51.6480 id=5400 src=motion2 u=133.0 v=161.0 depth=5.0000 depth2=-1.0000 track=2 sf=9 flag=init_neg
[T2depth] t=51.6480 id=5401 src=motion2 u=346.0 v=44.0 depth=5.0000 depth2=-1.0000 track=2 sf=9 flag=init_neg
[T2xcross] t=51.6480 id=5402 est=4.2023 svd=0.0488 rel=0.9884 track=2 sf=9
[T2depth] t=51.6480 id=5403 src=motion2 u=103.0 v=195.0 depth=5.0000 depth2=-1.0000 track=2 sf=9 flag=init_neg
[T2depth] t=51.6480 id=5405 src=motion2 u=224.0 v=4.0 depth=0.2728 depth2=-1.0000 track=2 sf=9 flag=ok
[T2depth] t=51.6480 id=5414 src=stereo u=421.0 v=213.0 depth=4.0016 depth2=-1.0000 track=1 sf=10 flag=ok
[T2gate] t=51.6480 tri=65 rej=0 xrej=0 init_replace=3 gate=0
[T2slv] t=51.6480 phase=1 init_cost=126.775 final_cost=105.856 iters=9 term=1 slv_ms=16.4
[T2diag] t=51.6480 P=[-0.0229 -0.0053 0.0013] V=[-0.0099 -0.0103 0.0034] |Bas|=0.576452 |Bgs|=0.0004854 Bas=[0.154202 -0.555220 0.015782] Bgs=[0.0004680 -0.0001261 -0.0000258] tic0=[0.1200 0.0500 -0.0200] tic1=[0.1200 -0.0500 -0.0200] td=0.00000 track=140
[E2uls] flag=1 sh_t=51.708 new_t=51.708 dP=[-0.0028 -0.0038 0.0009] |dP|=0.0048 first_dt=-1.0000
time: 51.648000, t: -0.022893 -0.005318 0.001302 q: 0.999592 0.027783 0.006501 0.001521 
[T2xcross] t=51.7480 id=5387 est=5.0000 svd=0.0617 rel=0.9877 track=2 sf=9
[T2xcross] t=51.7480 id=5400 est=5.0000 svd=0.0896 rel=0.9821 track=2 sf=9
[T2depth] t=51.7480 id=4332 src=motion2 u=523.8 v=252.0 depth=12.5785 depth2=-1.0000 track=2 sf=9 flag=ok
[T2depth] t=51.7480 id=5408 src=motion2 u=388.0 v=11.6 depth=0.5956 depth2=-1.0000 track=2 sf=9 flag=ok
[T2depth] t=51.7480 id=5411 src=motion2 u=162.0 v=6.6 depth=5.0000 depth2=-1.0000 track=2 sf=9 flag=init_neg
[T2depth] t=51.7480 id=5413 src=motion2 u=84.0 v=21.0 depth=5.0000 depth2=-1.0000 track=2 sf=9 flag=init_neg
[T2depth] t=51.7480 id=5415 src=motion2 u=63.0 v=141.0 depth=0.1476 depth2=-1.0000 track=2 sf=9 flag=ok
[T2depth] t=51.7480 id=5424 src=stereo u=519.0 v=141.0 depth=5.0000 depth2=-1.0000 track=1 sf=10 flag=init_neg
[T2depth] t=51.7480 id=5425 src=stereo u=152.0 v=62.0 depth=5.0000 depth2=-1.0000 track=1 sf=10 flag=init_neg
[T2depth] t=51.7480 id=5428 src=stereo u=509.0 v=59.0 depth=4.0600 depth2=-1.0000 track=1 sf=10 flag=ok
[T2depth] t=51.7480 id=5429 src=stereo u=496.0 v=101.0 depth=4.0231 depth2=-1.0000 track=1 sf=10 flag=ok
[T2depth] t=51.7480 id=5430 src=stereo u=477.0 v=220.0 depth=4.1613 depth2=-1.0000 track=1 sf=10 flag=ok
[T2gate] t=51.7480 tri=68 rej=0 xrej=0 init_replace=4 gate=0
[T2slv] t=51.7480 phase=1 init_cost=112.787 final_cost=106.399 iters=9 term=1 slv_ms=13.0
[T2diag] t=51.7480 P=[-0.0230 -0.0049 0.0013] V=[-0.0099 -0.0121 0.0039] |Bas|=0.581356 |Bgs|=0.0004780 Bas=[0.157027 -0.559514 0.016181] Bgs=[0.0004583 -0.0001345 -0.0000191] tic0=[0.1200 0.0500 -0.0200] tic1=[0.1200 -0.0500 -0.0200] td=0.00000 track=138
[E2uls] flag=1 sh_t=51.812 new_t=51.812 dP=[-0.0017 -0.0022 0.0007] |dP|=0.0029 first_dt=-1.0000
time: 51.748000, t: -0.022951 -0.004926 0.001276 q: 0.999586 0.027973 0.006570 0.001485 
[T2depth] t=51.8480 id=5418 src=motion2 u=302.3 v=117.2 depth=0.2655 depth2=-1.0000 track=2 sf=9 flag=ok
[T2depth] t=51.8480 id=5420 src=motion2 u=630.1 v=18.3 depth=5.0000 depth2=-1.0000 track=2 sf=9 flag=init_neg
[T2depth] t=51.8480 id=5427 src=motion2 u=146.0 v=104.0 depth=0.5707 depth2=-1.0000 track=2 sf=9 flag=ok
[T2depth] t=51.8480 id=5431 src=motion2 u=236.0 v=227.0 depth=0.0905 depth2=-1.0000 track=2 sf=9 flag=ok
[T2depth] t=51.8480 id=5433 src=stereo u=565.1 v=70.3 depth=5.0000 depth2=-1.0000 track=1 sf=10 flag=init_neg
[T2depth] t=51.8480 id=5437 src=stereo u=493.4 v=166.1 depth=3.9706 depth2=-1.0000 track=1 sf=10 flag=ok
[T2depth] t=51.8480 id=5439 src=stereo u=71.4 v=98.9 depth=5.0000 depth2=-1.0000 track=1 sf=10 flag=init_neg
[T2depth] t=51.8480 id=5445 src=stereo u=87.0 v=16.0 depth=34.8889 depth2=-1.0000 track=1 sf=10 flag=ok
[T2depth] t=51.8480 id=5449 src=stereo u=416.0 v=101.0 depth=3.8553 depth2=-1.0000 track=1 sf=10 flag=ok
[T2gate] t=51.8480 tri=69 rej=0 xrej=0 init_replace=3 gate=0
[T2slv] t=51.8480 phase=1 init_cost=109.191 final_cost=104.34 iters=8 term=0 slv_ms=8.8
[T2diag] t=51.8480 P=[-0.0239 -0.0051 0.0015] V=[-0.0062 -0.0136 0.0019] |Bas|=0.581761 |Bgs|=0.0004705 Bas=[0.157251 -0.559877 0.016022] Bgs=[0.0004509 -0.0001328 -0.0000222] tic0=[0.1200 0.0500 -0.0200] tic1=[0.1200 -0.0500 -0.0200] td=0.00000 track=135
[E2uls] flag=1 sh_t=51.876 new_t=51.876 dP=[-0.0002 -0.0016 -0.0001] |dP|=0.0016 first_dt=-1.0000
time: 51.848000, t: -0.023857 -0.005110 0.001465 q: 0.999585 0.027985 0.006699 0.001471 
[T2xcross] t=51.9480 id=4332 est=12.5785 svd=7.2779 rel=0.4214 track=2 sf=9
[T2depth] t=51.9480 id=4790 src=motion2 u=19.6 v=245.9 depth=5.0000 depth2=-1.0000 track=2 sf=9 flag=init_neg
[T2depth] t=51.9480 id=5432 src=motion2 u=446.0 v=125.0 depth=5.0000 depth2=-1.0000 track=2 sf=9 flag=init_neg
[T2xcross] t=51.9480 id=5433 est=5.0000 svd=0.2110 rel=0.9578 track=2 sf=9
[T2depth] t=51.9480 id=5434 src=motion2 u=537.0 v=47.6 depth=5.0000 depth2=-1.0000 track=2 sf=9 flag=init_neg
[T2depth] t=51.9480 id=5435 src=motion2 u=77.8 v=216.9 depth=0.2591 depth2=-1.0000 track=2 sf=9 flag=ok
[T2xcross] t=51.9480 id=5437 est=3.9706 svd=0.0885 rel=0.9777 track=2 sf=9
[T2depth] t=51.9480 id=5438 src=motion2 u=535.2 v=172.8 depth=0.2586 depth2=-1.0000 track=2 sf=9 flag=ok
[T2depth] t=51.9480 id=5446 src=motion2 u=233.0 v=16.0 depth=0.2654 depth2=-1.0000 track=2 sf=9 flag=ok
[T2depth] t=51.9480 id=5447 src=motion2 u=336.0 v=120.0 depth=5.0000 depth2=-1.0000 track=2 sf=9 flag=init_neg
[T2depth] t=51.9480 id=5448 src=motion2 u=217.0 v=128.0 depth=0.1473 depth2=-1.0000 track=2 sf=9 flag=ok
[T2depth] t=51.9480 id=5455 src=stereo u=189.0 v=186.0 depth=5.0000 depth2=-1.0000 track=1 sf=10 flag=init_neg
[T2depth] t=51.9480 id=5457 src=stereo u=459.0 v=157.0 depth=4.2807 depth2=-1.0000 track=1 sf=10 flag=ok
[T2depth] t=51.9480 id=5459 src=stereo u=379.0 v=158.0 depth=3.8336 depth2=-1.0000 track=1 sf=10 flag=ok
[T2depth] t=51.9480 id=5461 src=stereo u=67.0 v=101.0 depth=24.4185 depth2=-1.0000 track=1 sf=10 flag=ok
[T2gate] t=51.9480 tri=70 rej=0 xrej=0 init_replace=5 gate=0
[T2slv] t=51.9480 phase=1 init_cost=113.062 final_cost=105.562 iters=8 term=0 slv_ms=28.9
[T2diag] t=51.9480 P=[-0.0229 -0.0038 0.0018] V=[-0.0069 -0.0095 0.0045] |Bas|=0.578301 |Bgs|=0.0004885 Bas=[0.152464 -0.557621 0.015654] Bgs=[0.0004726 -0.0001220 -0.0000194] tic0=[0.1200 0.0500 -0.0200] tic1=[0.1200 -0.0500 -0.0200] td=0.00000 track=137
[E2uls] flag=1 sh_t=52.004 new_t=52.004 dP=[-0.0022 -0.0042 -0.0003] |dP|=0.0047 first_dt=-1.0000
time: 51.948000, t: -0.022928 -0.003825 0.001830 q: 0.999587 0.027936 0.006610 0.001331 
[T2xcross] t=52.0480 id=5427 est=0.5707 svd=0.5535 rel=0.0302 track=2 sf=9
[T2xcross] t=52.0480 id=5434 est=5.0000 svd=0.3163 rel=0.9367 track=2 sf=9
[T2xcross] t=52.0480 id=5438 est=0.2586 svd=0.3418 rel=0.2435 track=2 sf=9
[T2depth] t=52.0480 id=5451 src=motion2 u=197.8 v=47.3 depth=0.0987 depth2=-1.0000 track=2 sf=9 flag=ok
[T2depth] t=52.0480 id=5452 src=motion2 u=610.3 v=149.2 depth=5.0000 depth2=-1.0000 track=2 sf=9 flag=init_neg
[T2depth] t=52.0480 id=5453 src=motion2 u=289.4 v=17.5 depth=5.0000 depth2=-1.0000 track=2 sf=9 flag=init_neg
[T2depth] t=52.0480 id=5462 src=motion2 u=12.0 v=79.0 depth=5.0000 depth2=-1.0000 track=2 sf=9 flag=init_neg
[T2depth] t=52.0480 id=5463 src=motion2 u=93.0 v=9.0 depth=5.0000 depth2=-1.0000 track=2 sf=9 flag=init_neg
[T2depth] t=52.0480 id=5464 src=stereo u=383.2 v=141.7 depth=5.0000 depth2=-1.0000 track=1 sf=10 flag=init_neg
[T2depth] t=52.0480 id=5470 src=stereo u=378.0 v=23.7 depth=3.5252 depth2=-1.0000 track=1 sf=10 flag=ok
[T2depth] t=52.0480 id=5472 src=stereo u=525.4 v=12.8 depth=3.6005 depth2=-1.0000 track=1 sf=10 flag=ok
[T2depth] t=52.0480 id=5474 src=stereo u=382.0 v=103.0 depth=3.9022 depth2=-1.0000 track=1 sf=10 flag=ok
[T2gate] t=52.0480 tri=68 rej=0 xrej=0 init_replace=5 gate=0
[T2slv] t=52.0480 phase=1 init_cost=128.124 final_cost=105.178 iters=9 term=1 slv_ms=12.7
[T2diag] t=52.0480 P=[-0.0216 -0.0038 0.0018] V=[-0.0075 -0.0096 0.0039] |Bas|=0.575478 |Bgs|=0.0004983 Bas=[0.146615 -0.556272 0.015484] Bgs=[0.0004873 -0.0001013 -0.0000238] tic0=[0.1200 0.0500 -0.0200] tic1=[0.1200 -0.0500 -0.0200] td=0.00000 track=138
[E2uls] flag=1 sh_t=52.084 new_t=52.084 dP=[-0.0023 -0.0015 0.0006] |dP|=0.0028 first_dt=-1.0000
time: 52.048000, t: -0.021607 -0.003824 0.001827 q: 0.999594 0.027732 0.006391 0.001361 
[T2xcross] t=52.1520 id=5451 est=0.0987 svd=0.0847 rel=0.1418 track=2 sf=9
[T2depth] t=52.1520 id=5465 src=motion2 u=173.1 v=148.1 depth=0.2558 depth2=-1.0000 track=2 sf=9 flag=ok
[T2depth] t=52.1520 id=5466 src=motion2 u=181.8 v=95.4 depth=0.2551 depth2=-1.0000 track=2 sf=9 flag=ok
[T2depth] t=52.1520 id=5467 src=motion2 u=198.8 v=226.8 depth=5.0000 depth2=-1.0000 track=2 sf=9 flag=init_neg
[T2depth] t=52.1520 id=5471 src=motion2 u=527.2 v=109.5 depth=0.0018 depth2=-1.0000 track=2 sf=9 flag=ok
[T2depth] t=52.1520 id=5473 src=motion2 u=563.0 v=22.0 depth=0.2284 depth2=-1.0000 track=2 sf=9 flag=ok
[T2depth] t=52.1520 id=5477 src=stereo u=372.5 v=215.2 depth=4.1447 depth2=-1.0000 track=1 sf=10 flag=ok
[T2depth] t=52.1520 id=5478 src=stereo u=75.6 v=181.1 depth=15.1509 depth2=-1.0000 track=1 sf=10 flag=ok
[T2depth] t=52.1520 id=5481 src=stereo u=247.5 v=106.9 depth=5.0000 depth2=-1.0000 track=1 sf=10 flag=init_neg
[T2depth] t=52.1520 id=5488 src=stereo u=17.0 v=81.0 depth=36.6103 depth2=-1.0000 track=1 sf=10 flag=ok
[T2gate] t=52.1520 tri=67 rej=0 xrej=0 init_replace=2 gate=0
[T2slv] t=52.1520 phase=1 init_cost=111.674 final_cost=106.035 iters=9 term=1 slv_ms=15.5
[T2diag] t=52.1520 P=[-0.0216 -0.0034 0.0020] V=[-0.0060 -0.0049 0.0049] |Bas|=0.574517 |Bgs|=0.0004984 Bas=[0.143528 -0.556083 0.015546] Bgs=[0.0004886 -0.0000940 -0.0000287] tic0=[0.1200 0.0500 -0.0200] tic1=[0.1200 -0.0500 -0.0200] td=0.00000 track=138
[E2uls] flag=1 sh_t=52.232 new_t=52.232 dP=[-0.0016 -0.0020 0.0012] |dP|=0.0028 first_dt=-1.0000
time: 52.152000, t: -0.021558 -0.003361 0.002049 q: 0.999600 0.027538 0.006279 0.001223 
[T2xcross] t=52.2840 id=36 est=5.0000 svd=3.6548 rel=0.2690 track=2 sf=9
[T2xcross] t=52.2840 id=5432 est=5.0000 svd=3.7325 rel=0.2535 track=2 sf=9
[T2xcross] t=52.2840 id=5464 est=5.0000 svd=0.1402 rel=0.9720 track=2 sf=9
[T2xcross] t=52.2840 id=5465 est=0.2558 svd=0.1696 rel=0.3369 track=2 sf=9
[T2xcross] t=52.2840 id=5466 est=0.2551 svd=0.2732 rel=0.0660 track=2 sf=9
[T2xcross] t=52.2840 id=5472 est=3.6005 svd=0.3431 rel=0.9047 track=2 sf=9
[T2xcross] t=52.2840 id=5478 est=15.1509 svd=0.2986 rel=0.9803 track=2 sf=9
[T2depth] t=52.2840 id=5482 src=motion2 u=114.8 v=165.1 depth=5.0000 depth2=-1.0000 track=2 sf=9 flag=init_neg
[T2depth] t=52.2840 id=5483 src=motion2 u=415.0 v=441.0 depth=2.0973 depth2=-1.0000 track=2 sf=9 flag=ok
[T2depth] t=52.2840 id=5484 src=motion2 u=285.0 v=57.0 depth=0.2682 depth2=-1.0000 track=2 sf=9 flag=ok
[T2depth] t=52.2840 id=5485 src=motion2 u=47.0 v=57.0 depth=0.1338 depth2=-1.0000 track=2 sf=9 flag=ok
[T2depth] t=52.2840 id=5486 src=motion2 u=75.0 v=105.0 depth=0.1292 depth2=-1.0000 track=2 sf=9 flag=ok
[T2depth] t=52.2840 id=5487 src=motion2 u=413.0 v=168.0 depth=5.0000 depth2=-1.0000 track=2 sf=9 flag=init_neg
[T2depth] t=52.2840 id=5490 src=motion2 u=116.0 v=88.0 depth=5.0000 depth2=-1.0000 track=2 sf=9 flag=init_neg
[T2depth] t=52.2840 id=5491 src=stereo u=528.9 v=188.4 depth=3.9349 depth2=-1.0000 track=1 sf=10 flag=ok
[T2depth] t=52.2840 id=5492 src=stereo u=401.6 v=87.2 depth=3.4390 depth2=-1.0000 track=1 sf=10 flag=ok
[T2depth] t=52.2840 id=5495 src=stereo u=383.0 v=197.0 depth=4.1386 depth2=-1.0000 track=1 sf=10 flag=ok
[T2gate] t=52.2840 tri=65 rej=0 xrej=0 init_replace=3 gate=0
[T2slv] t=52.2840 phase=1 init_cost=145.178 final_cost=109.358 iters=9 term=1 slv_ms=7.5
[T2diag] t=52.2840 P=[-0.0231 -0.0022 0.0031] V=[-0.0103 -0.0045 0.0076] |Bas|=0.574406 |Bgs|=0.0004839 Bas=[0.148920 -0.554548 0.015566] Bgs=[0.0004749 -0.0000927 -0.0000064] tic0=[0.1200 0.0500 -0.0200] tic1=[0.1200 -0.0500 -0.0200] td=0.00000 track=140
[E2uls] flag=1 sh_t=52.312 new_t=52.312 dP=[0.0002 -0.0016 -0.0001] |dP|=0.0016 first_dt=-1.0000
time: 52.284000, t: -0.023085 -0.002219 0.003146 q: 0.999601 0.027420 0.006718 0.001095 
[T2xcross] t=52.3840 id=5491 est=3.9349 svd=0.8689 rel=0.7792 track=2 sf=9
[T2xcross] t=52.3840 id=5492 est=3.4390 svd=0.0772 rel=0.9776 track=2 sf=9
[T2depth] t=52.3840 id=5494 src=motion2 u=559.6 v=168.0 depth=0.1233 depth2=-1.0000 track=2 sf=9 flag=ok
[T2depth] t=52.3840 id=5496 src=motion2 u=239.0 v=208.0 depth=0.0744 depth2=-1.0000 track=2 sf=9 flag=ok
[T2depth] t=52.3840 id=5499 src=motion2 u=11.0 v=163.0 depth=5.0000 depth2=-1.0000 track=2 sf=9 flag=init_neg
[T2depth] t=52.3840 id=5501 src=motion2 u=162.0 v=11.0 depth=0.3249 depth2=-1.0000 track=2 sf=9 flag=ok
[T2depth] t=52.3840 id=5507 src=stereo u=416.0 v=249.0 depth=2.7952 depth2=-1.0000 track=1 sf=10 flag=ok
[T2depth] t=52.3840 id=5509 src=stereo u=424.0 v=171.0 depth=3.9892 depth2=-1.0000 track=1 sf=10 flag=ok
[T2depth] t=52.3840 id=5510 src=stereo u=63.0 v=105.0 depth=23.7644 depth2=-1.0000 track=1 sf=10 flag=ok
[T2depth] t=52.3840 id=5515 src=stereo u=580.0 v=223.0 depth=5.0000 depth2=-1.0000 track=1 sf=10 flag=init_neg
[T2depth] t=52.3840 id=5516 src=stereo u=54.0 v=178.0 depth=27.0700 depth2=-1.0000 track=1 sf=10 flag=ok
[T2gate] t=52.3840 tri=68 rej=0 xrej=0 init_replace=2 gate=0
[T2slv] t=52.3840 phase=1 init_cost=117.943 final_cost=109.02 iters=9 term=1 slv_ms=6.0
[T2diag] t=52.3840 P=[-0.0226 -0.0019 0.0031] V=[-0.0076 -0.0052 0.0046] |Bas|=0.573436 |Bgs|=0.0004789 Bas=[0.149522 -0.553380 0.015575] Bgs=[0.0004719 -0.0000819 0.0000013] tic0=[0.1200 0.0500 -0.0200] tic1=[0.1200 -0.0500 -0.0200] td=0.00000 track=136
[E2uls] flag=1 sh_t=52.432 new_t=52.432 dP=[-0.0017 -0.0012 0.0012] |dP|=0.0024 first_dt=-1.0000
time: 52.384000, t: -0.022587 -0.001880 0.003054 q: 0.999600 0.027452 0.006762 0.001020 
[T2depth] t=52.4840 id=5505 src=motion2 u=109.5 v=212.2 depth=5.0000 depth2=-1.0000 track=2 sf=9 flag=init_neg
[T2xcross] t=52.4840 id=5510 est=23.7644 svd=0.1205 rel=0.9949 track=2 sf=9
[T2depth] t=52.4840 id=5512 src=motion2 u=271.0 v=153.0 depth=0.0532 depth2=-1.0000 track=2 sf=9 flag=ok
[T2depth] t=52.4840 id=5513 src=motion2 u=335.0 v=30.0 depth=5.0000 depth2=-1.0000 track=2 sf=9 flag=init_neg
[T2depth] t=52.4840 id=5517 src=motion2 u=512.0 v=123.0 depth=5.0000 depth2=-1.0000 track=2 sf=9 flag=init_neg
[T2depth] t=52.4840 id=5527 src=stereo u=330.0 v=131.0 depth=5.0000 depth2=-1.0000 track=1 sf=10 flag=init_neg
[T2depth] t=52.4840 id=5529 src=stereo u=24.0 v=117.0 depth=5.0000 depth2=-1.0000 track=1 sf=10 flag=init_neg
[T2depth] t=52.4840 id=5530 src=stereo u=42.0 v=52.0 depth=5.0000 depth2=-1.0000 track=1 sf=10 flag=init_neg
[T2gate] t=52.4840 tri=68 rej=0 xrej=0 init_replace=6 gate=0
[T2slv] t=52.4840 phase=1 init_cost=111.244 final_cost=108.228 iters=9 term=1 slv_ms=7.3
[T2diag] t=52.4840 P=[-0.0219 -0.0016 0.0032] V=[-0.0049 -0.0060 0.0071] |Bas|=0.571796 |Bgs|=0.0004840 Bas=[0.148930 -0.551846 0.015391] Bgs=[0.0004787 -0.0000715 -0.0000021] tic0=[0.1200 0.0500 -0.0200] tic1=[0.1200 -0.0500 -0.0200] td=0.00000 track=138
[E2uls] flag=1 sh_t=52.544 new_t=52.544 dP=[-0.0017 -0.0015 0.0005] |dP|=0.0024 first_dt=-1.0000
time: 52.484000, t: -0.021906 -0.001602 0.003233 q: 0.999604 0.027290 0.006813 0.000918 
[T2xcross] t=52.5840 id=5515 est=5.0000 svd=0.1499 rel=0.9700 track=2 sf=9
[T2depth] t=52.5840 id=5521 src=motion2 u=157.2 v=188.3 depth=5.0000 depth2=-1.0000 track=2 sf=9 flag=init_neg
[T2depth] t=52.5840 id=5522 src=motion2 u=83.3 v=135.4 depth=0.0526 depth2=-1.0000 track=2 sf=9 flag=ok
[T2depth] t=52.5840 id=5524 src=motion2 u=244.0 v=9.0 depth=0.0503 depth2=-1.0000 track=2 sf=9 flag=ok
[T2depth] t=52.5840 id=5526 src=motion2 u=23.0 v=171.0 depth=5.0000 depth2=-1.0000 track=2 sf=9 flag=init_neg
[T2depth] t=52.5840 id=5528 src=motion2 u=242.0 v=65.0 depth=5.0000 depth2=-1.0000 track=2 sf=9 flag=init_neg
[T2depth] t=52.5840 id=5531 src=motion2 u=384.0 v=109.0 depth=5.0000 depth2=-1.0000 track=2 sf=9 flag=init_neg
[T2depth] t=52.5840 id=5533 src=stereo u=214.0 v=45.4 depth=17.9035 depth2=-1.0000 track=1 sf=10 flag=ok
[T2depth] t=52.5840 id=5535 src=stereo u=438.0 v=190.1 depth=3.8945 depth2=-1.0000 track=1 sf=10 flag=ok
[T2depth] t=52.5840 id=5537 src=stereo u=480.4 v=219.5 depth=3.2236 depth2=-1.0000 track=1 sf=10 flag=ok
[T2depth] t=52.5840 id=5538 src=stereo u=115.1 v=72.9 depth=5.0000 depth2=-1.0000 track=1 sf=10 flag=init_neg
[T2gate] t=52.5840 tri=65 rej=0 xrej=0 init_replace=5 gate=0
[T2slv] t=52.5840 phase=1 init_cost=112.077 final_cost=108.335 iters=9 term=1 slv_ms=16.2
[T2diag] t=52.5840 P=[-0.0227 -0.0020 0.0027] V=[-0.0073 -0.0064 0.0020] |Bas|=0.573071 |Bgs|=0.0004832 Bas=[0.153211 -0.551986 0.015759] Bgs=[0.0004785 -0.0000659 -0.0000126] tic0=[0.1200 0.0500 -0.0200] tic1=[0.1200 -0.0500 -0.0200] td=0.00000 track=141
[E2uls] flag=1 sh_t=52.628 new_t=52.628 dP=[0.0001 -0.0002 0.0017] |dP|=0.0017 first_dt=-1.0000
time: 52.584000, t: -0.022730 -0.001952 0.002692 q: 0.999599 0.027493 0.006760 0.000895 
[T2xcross] t=52.7160 id=5457 est=4.2807 svd=0.0420 rel=0.9902 track=2 sf=9
[T2xcross] t=52.7160 id=5505 est=5.0000 svd=0.0032 rel=0.9994 track=2 sf=9
[T2depth] t=52.7160 id=5532 src=motion2 u=546.0 v=84.9 depth=0.2560 depth2=-1.0000 track=2 sf=9 flag=ok
[T2xcross] t=52.7160 id=5533 est=17.9035 svd=0.1301 rel=0.9927 track=2 sf=9
[T2xcross] t=52.7160 id=5535 est=3.8945 svd=4.0125 rel=0.0294 track=2 sf=9
[T2xcross] t=52.7160 id=5538 est=5.0000 svd=0.0259 rel=0.9948 track=2 sf=9
[T2depth] t=52.7160 id=5539 src=motion2 u=581.0 v=18.0 depth=0.1716 depth2=-1.0000 track=2 sf=9 flag=ok
[T2depth] t=52.7160 id=5540 src=motion2 u=256.0 v=119.0 depth=5.0000 depth2=-1.0000 track=2 sf=9 flag=init_neg
[T2depth] t=52.7160 id=5541 src=motion2 u=594.0 v=67.0 depth=5.0000 depth2=-1.0000 track=2 sf=9 flag=init_neg
[T2depth] t=52.7160 id=5545 src=stereo u=285.1 v=180.2 depth=39.0567 depth2=-1.0000 track=1 sf=10 flag=ok
[T2depth] t=52.7160 id=5548 src=stereo u=123.0 v=24.0 depth=5.0000 depth2=-1.0000 track=1 sf=10 flag=init_neg
[T2depth] t=52.7160 id=5549 src=stereo u=371.0 v=209.0 depth=3.8069 depth2=-1.0000 track=1 sf=10 flag=ok
[T2gate] t=52.7160 tri=60 rej=0 xrej=0 init_replace=3 gate=0
[T2slv] t=52.7160 phase=1 init_cost=109.379 final_cost=103.54 iters=9 term=1 slv_ms=15.9
[T2diag] t=52.7160 P=[-0.0223 -0.0028 0.0025] V=[-0.0090 -0.0073 0.0038] |Bas|=0.571365 |Bgs|=0.0004823 Bas=[0.156675 -0.549243 0.015579] Bgs=[0.0004765 -0.0000706 -0.0000256] tic0=[0.1200 0.0500 -0.0200] tic1=[0.1200 -0.0500 -0.0200] td=0.00000 track=142
[E2uls] flag=1 sh_t=52.792 new_t=52.792 dP=[-0.0028 -0.0005 0.0005] |dP|=0.0029 first_dt=-1.0000
time: 52.716000, t: -0.022297 -0.002753 0.002488 q: 0.999604 0.027215 0.007009 0.001210 
[T2xcross] t=52.8480 id=5507 est=2.7952 svd=0.8751 rel=0.6869 track=2 sf=9
[T2xcross] t=52.8480 id=5526 est=5.0000 svd=0.1152 rel=0.9770 track=2 sf=9
[T2depth] t=52.8480 id=5112 src=motion2 u=177.8 v=249.9 depth=5.0000 depth2=-1.0000 track=2 sf=9 flag=init_neg
[T2depth] t=52.8480 id=5543 src=motion2 u=398.2 v=164.4 depth=5.0000 depth2=-1.0000 track=2 sf=9 flag=init_neg
[T2depth] t=52.8480 id=5546 src=motion2 u=166.0 v=118.5 depth=5.0000 depth2=-1.0000 track=2 sf=9 flag=init_neg
[T2depth] t=52.8480 id=5547 src=motion2 u=584.2 v=130.2 depth=5.0000 depth2=-1.0000 track=2 sf=9 flag=init_neg
[T2xcross] t=52.8480 id=5548 est=5.0000 svd=0.1583 rel=0.9683 track=2 sf=9
[T2depth] t=52.8480 id=5553 src=stereo u=387.4 v=104.2 depth=3.6430 depth2=-1.0000 track=1 sf=10 flag=ok
[T2depth] t=52.8480 id=5554 src=stereo u=525.0 v=21.0 depth=4.1229 depth2=-1.0000 track=1 sf=10 flag=ok
[T2depth] t=52.8480 id=5555 src=stereo u=515.0 v=100.0 depth=3.4785 depth2=-1.0000 track=1 sf=10 flag=ok
[T2depth] t=52.8480 id=5556 src=stereo u=428.0 v=105.0 depth=4.1917 depth2=-1.0000 track=1 sf=10 flag=ok
[T2gate] t=52.8480 tri=59 rej=0 xrej=0 init_replace=4 gate=0
[T2slv] t=52.8480 phase=1 init_cost=104.243 final_cost=101.822 iters=5 term=0 slv_ms=11.7
[T2diag] t=52.8480 P=[-0.0213 -0.0020 0.0026] V=[-0.0058 -0.0040 0.0024] |Bas|=0.570267 |Bgs|=0.0004763 Bas=[0.156197 -0.548240 0.015517] Bgs=[0.0004709 -0.0000713 -0.0000059] tic0=[0.1200 0.0500 -0.0200] tic1=[0.1200 -0.0500 -0.0200] td=0.00000 track=143
[E2uls] flag=1 sh_t=52.888 new_t=52.888 dP=[-0.0026 -0.0019 0.0004] |dP|=0.0033 first_dt=-1.0000
time: 52.848000, t: -0.021251 -0.001975 0.002594 q: 0.999608 0.027080 0.007055 0.001120 
[T2xcross] t=52.9480 id=5512 est=0.0532 svd=0.0320 rel=0.3999 track=2 sf=9
[T2xcross] t=52.9480 id=5546 est=5.0000 svd=0.0545 rel=0.9891 track=2 sf=9
[T2depth] t=52.9480 id=5551 src=motion2 u=230.2 v=105.8 depth=0.0561 depth2=-1.0000 track=2 sf=9 flag=ok
[T2depth] t=52.9480 id=5568 src=stereo u=440.0 v=67.5 depth=3.8983 depth2=-1.0000 track=1 sf=10 flag=ok
[T2depth] t=52.9480 id=5576 src=stereo u=378.0 v=46.0 depth=3.9425 depth2=-1.0000 track=1 sf=10 flag=ok
[T2gate] t=52.9480 tri=65 rej=0 xrej=0 init_replace=0 gate=0
[T2slv] t=52.9480 phase=1 init_cost=103.546 final_cost=101.75 iters=9 term=1 slv_ms=13.9
[T2diag] t=52.9480 P=[-0.0205 -0.0018 0.0028] V=[-0.0064 -0.0055 0.0048] |Bas|=0.565635 |Bgs|=0.0004747 Bas=[0.153329 -0.544249 0.015042] Bgs=[0.0004703 -0.0000649 -0.0000038] tic0=[0.1200 0.0500 -0.0200] tic1=[0.1200 -0.0500 -0.0200] td=0.00000 track=135
[E2uls] flag=1 sh_t=53.000 new_t=53.000 dP=[-0.0020 -0.0008 -0.0001] |dP|=0.0021 first_dt=-1.0000
time: 52.948000, t: -0.020468 -0.001838 0.002797 q: 0.999612 0.026939 0.007040 0.001118 
[T2xcross] t=53.0480 id=5547 est=5.0000 svd=0.2394 rel=0.9521 track=2 sf=9
[T2depth] t=53.0480 id=5559 src=motion2 u=249.1 v=18.5 depth=0.0593 depth2=-1.0000 track=2 sf=9 flag=ok
[T2depth] t=53.0480 id=5561 src=motion2 u=559.3 v=106.8 depth=5.0000 depth2=-1.0000 track=2 sf=9 flag=init_neg
[T2depth] t=53.0480 id=5564 src=motion2 u=9.5 v=48.9 depth=5.0000 depth2=-1.0000 track=2 sf=9 flag=init_neg
[T2xcross] t=53.0480 id=5568 est=3.8983 svd=0.1499 rel=0.9616 track=2 sf=9
[T2depth] t=53.0480 id=5569 src=motion2 u=289.0 v=57.0 depth=5.0000 depth2=-1.0000 track=2 sf=9 flag=init_neg
[T2depth] t=53.0480 id=5587 src=stereo u=485.0 v=111.0 depth=3.6716 depth2=-1.0000 track=1 sf=10 flag=ok
[T2depth] t=53.0480 id=5590 src=stereo u=373.0 v=96.0 depth=3.9707 depth2=-1.0000 track=1 sf=10 flag=ok
[T2depth] t=53.0480 id=5592 src=stereo u=556.0 v=14.0 depth=5.0000 depth2=-1.0000 track=1 sf=10 flag=init_neg
[T2gate] t=53.0480 tri=76 rej=0 xrej=0 init_replace=4 gate=0
[T2slv] t=53.0480 phase=1 init_cost=105.228 final_cost=101.795 iters=5 term=0 slv_ms=5.7
[T2diag] t=53.0480 P=[-0.0204 -0.0017 0.0025] V=[-0.0085 -0.0053 0.0021] |Bas|=0.565808 |Bgs|=0.0004826 Bas=[0.154267 -0.544158 0.015232] Bgs=[0.0004798 -0.0000519 -0.0000003] tic0=[0.1200 0.0500 -0.0200] tic1=[0.1200 -0.0500 -0.0200] td=0.00000 track=134
[E2uls] flag=1 sh_t=53.076 new_t=53.076 dP=[-0.0008 -0.0006 0.0011] |dP|=0.0015 first_dt=-1.0000
time: 53.048000, t: -0.020356 -0.001747 0.002528 q: 0.999605 0.027216 0.006956 0.001150 
[T2xcross] t=53.1480 id=5551 est=0.0561 svd=0.0802 rel=0.3001 track=2 sf=9
[T2depth] t=53.1480 id=5583 src=motion2 u=411.9 v=89.8 depth=0.0823 depth2=-1.0000 track=2 sf=9 flag=ok
[T2depth] t=53.1480 id=5586 src=motion2 u=352.3 v=41.7 depth=0.0802 depth2=-1.0000 track=2 sf=9 flag=ok
[T2depth] t=53.1480 id=5598 src=stereo u=514.1 v=30.7 depth=4.1795 depth2=-1.0000 track=1 sf=10 flag=ok
[T2depth] t=53.1480 id=5599 src=stereo u=25.4 v=147.3 depth=17.7125 depth2=-1.0000 track=1 sf=10 flag=ok
[T2depth] t=53.1480 id=5600 src=stereo u=489.3 v=159.5 depth=3.6554 depth2=-1.0000 track=1 sf=10 flag=ok
[T2depth] t=53.1480 id=5605 src=stereo u=426.0 v=190.0 depth=3.7077 depth2=-1.0000 track=1 sf=10 flag=ok
[T2depth] t=53.1480 id=5606 src=stereo u=623.0 v=178.0 depth=36.0932 depth2=-1.0000 track=1 sf=10 flag=ok
[T2depth] t=53.1480 id=5608 src=stereo u=324.0 v=181.0 depth=5.0000 depth2=-1.0000 track=1 sf=10 flag=init_neg
[T2depth] t=53.1480 id=5609 src=stereo u=514.0 v=212.0 depth=3.4492 depth2=-1.0000 track=1 sf=10 flag=ok
[T2depth] t=53.1480 id=5611 src=stereo u=416.0 v=34.0 depth=4.3524 depth2=-1.0000 track=1 sf=10 flag=ok
[T2gate] t=53.1480 tri=80 rej=0 xrej=0 init_replace=1 gate=0
[T2slv] t=53.1480 phase=1 init_cost=105.695 final_cost=102.206 iters=6 term=0 slv_ms=6.8
[T2diag] t=53.1480 P=[-0.0197 -0.0013 0.0027] V=[-0.0027 0.0028 0.0054] |Bas|=0.562944 |Bgs|=0.0005036 Bas=[0.152253 -0.541757 0.014984] Bgs=[0.0005006 -0.0000546 -0.0000092] tic0=[0.1200 0.0500 -0.0200] tic1=[0.1200 -0.0500 -0.0200] td=0.00000 track=130
[E2uls] flag=1 sh_t=53.180 new_t=53.180 dP=[-0.0017 -0.0015 0.0001] |dP|=0.0023 first_dt=-1.0000
time: 53.148000, t: -0.019696 -0.001296 0.002744 q: 0.999615 0.026822 0.006994 0.000980 
[T2depth] t=53.2480 id=5595 src=motion2 u=268.1 v=171.5 depth=5.0000 depth2=-1.0000 track=2 sf=9 flag=init_neg
[T2xcross] t=53.2480 id=5599 est=17.7125 svd=0.0856 rel=0.9952 track=2 sf=9
[T2depth] t=53.2480 id=5602 src=motion2 u=252.1 v=211.6 depth=5.0000 depth2=-1.0000 track=2 sf=9 flag=init_neg
[T2depth] t=53.2480 id=5603 src=motion2 u=607.0 v=18.7 depth=5.0000 depth2=-1.0000 track=2 sf=9 flag=init_neg
[T2depth] t=53.2480 id=5604 src=motion2 u=164.9 v=74.5 depth=0.0357 depth2=-1.0000 track=2 sf=9 flag=ok
[T2xcross] t=53.2480 id=5608 est=5.0000 svd=0.0494 rel=0.9901 track=2 sf=9
[T2xcross] t=53.2480 id=5609 est=3.4492 svd=0.0944 rel=0.9726 track=2 sf=9
[T2depth] t=53.2480 id=5610 src=motion2 u=368.0 v=199.0 depth=0.0660 depth2=-1.0000 track=2 sf=9 flag=ok
[T2depth] t=53.2480 id=5615 src=motion2 u=350.0 v=83.0 depth=5.0000 depth2=-1.0000 track=2 sf=9 flag=init_neg
[T2depth] t=53.2480 id=5618 src=stereo u=575.1 v=197.2 depth=5.0000 depth2=-1.0000 track=1 sf=10 flag=init_neg
[T2depth] t=53.2480 id=5625 src=stereo u=69.0 v=59.0 depth=5.0000 depth2=-1.0000 track=1 sf=10 flag=init_neg
[T2depth] t=53.2480 id=5628 src=stereo u=215.0 v=30.0 depth=5.0000 depth2=-1.0000 track=1 sf=10 flag=init_neg
[T2depth] t=53.2480 id=5629 src=stereo u=399.0 v=79.0 depth=4.0510 depth2=-1.0000 track=1 sf=10 flag=ok
[T2gate] t=53.2480 tri=71 rej=0 xrej=0 init_replace=7 gate=0
[T2slv] t=53.2480 phase=1 init_cost=103.752 final_cost=101.944 iters=4 term=0 slv_ms=4.6
[T2diag] t=53.2480 P=[-0.0194 -0.0014 0.0028] V=[-0.0051 0.0032 0.0052] |Bas|=0.562379 |Bgs|=0.0004962 Bas=[0.151899 -0.541269 0.015001] Bgs=[0.0004936 -0.0000437 -0.0000264] tic0=[0.1200 0.0500 -0.0200] tic1=[0.1200 -0.0500 -0.0200] td=0.00000 track=138
[E2uls] flag=1 sh_t=53.272 new_t=53.272 dP=[-0.0006 0.0005 0.0008] |dP|=0.0011 first_dt=-1.0000
time: 53.248000, t: -0.019422 -0.001365 0.002771 q: 0.999617 0.026747 0.006994 0.000958 
[T2depth] t=53.3480 id=5619 src=motion2 u=139.2 v=213.4 depth=0.2059 depth2=-1.0000 track=2 sf=9 flag=ok
[T2depth] t=53.3480 id=5621 src=motion2 u=15.3 v=21.4 depth=5.0000 depth2=-1.0000 track=2 sf=9 flag=init_neg
[T2depth] t=53.3480 id=5622 src=motion2 u=69.1 v=90.6 depth=0.0856 depth2=-1.0000 track=2 sf=9 flag=ok
[T2depth] t=53.3480 id=5624 src=motion2 u=241.8 v=53.5 depth=5.0000 depth2=-1.0000 track=2 sf=9 flag=init_neg
[T2depth] t=53.3480 id=5626 src=motion2 u=152.0 v=126.0 depth=5.0000 depth2=-1.0000 track=2 sf=9 flag=init_neg
[T2depth] t=53.3480 id=5627 src=motion2 u=14.0 v=98.0 depth=5.0000 depth2=-1.0000 track=2 sf=9 flag=init_neg
[T2depth] t=53.3480 id=5630 src=motion2 u=195.0 v=92.0 depth=0.0617 depth2=-1.0000 track=2 sf=9 flag=ok
[T2depth] t=53.3480 id=5633 src=stereo u=81.0 v=192.9 depth=31.7447 depth2=-1.0000 track=1 sf=10 flag=ok
[T2depth] t=53.3480 id=5635 src=stereo u=410.0 v=111.0 depth=3.4656 depth2=-1.0000 track=1 sf=10 flag=ok
[T2depth] t=53.3480 id=5636 src=stereo u=447.0 v=208.0 depth=3.8891 depth2=-1.0000 track=1 sf=10 flag=ok
[T2depth] t=53.3480 id=5637 src=stereo u=586.0 v=72.0 depth=5.0000 depth2=-1.0000 track=1 sf=10 flag=init_neg
[T2gate] t=53.3480 tri=66 rej=0 xrej=0 init_replace=5 gate=0
[T2slv] t=53.3480 phase=1 init_cost=105.609 final_cost=102.366 iters=9 term=1 slv_ms=9.3
[T2diag] t=53.3480 P=[-0.0197 -0.0013 0.0024] V=[-0.0038 -0.0017 0.0007] |Bas|=0.569891 |Bgs|=0.0004794 Bas=[0.157506 -0.547462 0.015887] Bgs=[0.0004767 -0.0000426 -0.0000275] tic0=[0.1200 0.0500 -0.0200] tic1=[0.1200 -0.0500 -0.0200] td=0.00000 track=139
[E2uls] flag=1 sh_t=53.380 new_t=53.380 dP=[-0.0001 0.0006 0.0017] |dP|=0.0018 first_dt=-1.0000
time: 53.348000, t: -0.019657 -0.001319 0.002414 q: 0.999607 0.027107 0.007050 0.000967 
[T2depth] t=53.4200 id=5631 src=motion2 u=492.9 v=139.1 depth=0.0056 depth2=-1.0000 track=2 sf=9 flag=ok
[T2depth] t=53.4200 id=5632 src=motion2 u=538.9 v=161.2 depth=0.0385 depth2=-1.0000 track=2 sf=9 flag=ok
[T2xcross] t=53.4200 id=5633 est=31.7447 svd=0.0160 rel=0.9995 track=2 sf=9
[T2depth] t=53.4200 id=5634 src=motion2 u=162.1 v=189.8 depth=0.0141 depth2=-1.0000 track=2 sf=9 flag=ok
[T2xcross] t=53.4200 id=5635 est=3.4656 svd=0.0013 rel=0.9996 track=2 sf=9
[T2depth] t=53.4200 id=5640 src=motion2 u=169.0 v=150.0 depth=0.0631 depth2=-1.0000 track=2 sf=9 flag=ok
[T2depth] t=53.4200 id=5641 src=motion2 u=13.0 v=145.0 depth=5.0000 depth2=-1.0000 track=2 sf=9 flag=init_neg
[T2depth] t=53.4200 id=5644 src=stereo u=384.1 v=140.5 depth=5.0000 depth2=-1.0000 track=1 sf=10 flag=init_neg
[T2depth] t=53.4200 id=5645 src=stereo u=554.8 v=221.2 depth=5.0000 depth2=-1.0000 track=1 sf=10 flag=init_neg
[T2depth] t=53.4200 id=5647 src=stereo u=540.2 v=31.4 depth=3.5701 depth2=-1.0000 track=1 sf=10 flag=ok
[T2depth] t=53.4200 id=5648 src=stereo u=123.3 v=46.8 depth=40.3567 depth2=-1.0000 track=1 sf=10 flag=ok
[T2depth] t=53.4200 id=5651 src=stereo u=184.0 v=113.0 depth=5.0000 depth2=-1.0000 track=1 sf=10 flag=init_neg
[T2gate] t=53.4200 tri=64 rej=0 xrej=0 init_replace=4 gate=0
[T2slv] t=53.4200 phase=1 init_cost=109.476 final_cost=102.064 iters=6 term=0 slv_ms=10.2
[T2diag] t=53.4200 P=[-0.0194 -0.0014 0.0025] V=[-0.0024 -0.0029 0.0054] |Bas|=0.569146 |Bgs|=0.0004779 Bas=[0.157314 -0.546752 0.015543] Bgs=[0.0004741 -0.0000526 -0.0000282] tic0=[0.1200 0.0500 -0.0200] tic1=[0.1200 -0.0500 -0.0200] td=0.00000 track=140
[E2uls] flag=1 sh_t=53.460 new_t=53.460 dP=[-0.0009 -0.0001 -0.0003] |dP|=0.0009 first_dt=-1.0000
time: 53.420000, t: -0.019409 -0.001395 0.002538 q: 0.999607 0.027082 0.007158 0.000915 
[T2xcross] t=53.5480 id=5632 est=0.0385 svd=0.2663 rel=0.8556 track=2 sf=9
[T2xcross] t=53.5480 id=5636 est=3.8891 svd=0.5067 rel=0.8697 track=2 sf=9
[T2depth] t=53.5480 id=5655 src=stereo u=328.9 v=108.1 depth=25.7825 depth2=-1.0000 track=1 sf=10 flag=ok
[T2depth] t=53.5480 id=5656 src=stereo u=559.0 v=59.7 depth=24.3150 depth2=-1.0000 track=1 sf=10 flag=ok
[T2depth] t=53.5480 id=5669 src=stereo u=569.0 v=252.0 depth=1.0873 depth2=-1.0000 track=1 sf=10 flag=ok
[T2gate] t=53.5480 tri=68 rej=0 xrej=0 init_replace=0 gate=0
[T2slv] t=53.5480 phase=1 init_cost=104.082 final_cost=102.638 iters=9 term=1 slv_ms=17.1
[T2diag] t=53.5480 P=[-0.0193 -0.0010 0.0029] V=[-0.0011 0.0019 0.0047] |Bas|=0.568340 |Bgs|=0.0004670 Bas=[0.155679 -0.546381 0.015570] Bgs=[0.0004629 -0.0000549 -0.0000284] tic0=[0.1200 0.0500 -0.0200] tic1=[0.1200 -0.0500 -0.0200] td=0.00000 track=134
[E2uls] flag=1 sh_t=53.596 new_t=53.596 dP=[-0.0002 -0.0002 0.0007] |dP|=0.0008 first_dt=-1.0000
time: 53.548000, t: -0.019265 -0.001047 0.002867 q: 0.999616 0.026752 0.007203 0.000883 
[T2xcross] t=53.6480 id=5656 est=24.3150 svd=0.0110 rel=0.9995 track=2 sf=9
[T2depth] t=53.6480 id=5657 src=motion2 u=248.6 v=145.6 depth=0.1644 depth2=-1.0000 track=2 sf=9 flag=ok
[T2depth] t=53.6480 id=5661 src=motion2 u=36.0 v=197.0 depth=5.0000 depth2=-1.0000 track=2 sf=9 flag=init_neg
[T2depth] t=53.6480 id=5663 src=motion2 u=96.0 v=225.0 depth=0.1720 depth2=-1.0000 track=2 sf=9 flag=ok
[T2depth] t=53.6480 id=5664 src=motion2 u=196.0 v=48.0 depth=5.0000 depth2=-1.0000 track=2 sf=9 flag=init_neg
[T2depth] t=53.6480 id=5666 src=motion2 u=243.0 v=78.0 depth=0.1706 depth2=-1.0000 track=2 sf=9 flag=ok
[T2depth] t=53.6480 id=5667 src=motion2 u=497.0 v=224.0 depth=5.0000 depth2=-1.0000 track=2 sf=9 flag=init_neg
[T2depth] t=53.6480 id=5673 src=stereo u=410.1 v=19.6 depth=4.1514 depth2=-1.0000 track=1 sf=10 flag=ok
[T2depth] t=53.6480 id=5674 src=stereo u=384.4 v=37.2 depth=4.1198 depth2=-1.0000 track=1 sf=10 flag=ok
[T2depth] t=53.6480 id=5680 src=stereo u=26.8 v=135.4 depth=5.0000 depth2=-1.0000 track=1 sf=10 flag=init_neg
[T2depth] t=53.6480 id=5684 src=stereo u=299.0 v=59.0 depth=33.8557 depth2=-1.0000 track=1 sf=10 flag=ok
[T2gate] t=53.6480 tri=72 rej=0 xrej=0 init_replace=4 gate=0
[T2slv] t=53.6480 phase=1 init_cost=104.511 final_cost=103.162 iters=9 term=1 slv_ms=6.2
[T2diag] t=53.6480 P=[-0.0194 -0.0017 0.0030] V=[-0.0042 -0.0051 0.0027] |Bas|=0.567224 |Bgs|=0.0004423 Bas=[0.156047 -0.545120 0.015387] Bgs=[0.0004386 -0.0000469 -0.0000319] tic0=[0.1200 0.0500 -0.0200] tic1=[0.1200 -0.0500 -0.0200] td=0.00000 track=138
[E2uls] flag=1 sh_t=53.680 new_t=53.680 dP=[-0.0001 0.0013 0.0001] |dP|=0.0014 first_dt=-1.0000
time: 53.648000, t: -0.019364 -0.001686 0.002999 q: 0.999615 0.026752 0.007285 0.000994 
[T2xcross] t=53.7480 id=80 est=5.0000 svd=13.7102 rel=0.6353 track=2 sf=9
[T2xcross] t=53.7480 id=5666 est=0.1706 svd=0.0772 rel=0.5474 track=2 sf=9
[T2depth] t=53.7480 id=5672 src=motion2 u=3.8 v=259.0 depth=1.7375 depth2=-1.0000 track=2 sf=9 flag=ok
[T2depth] t=53.7480 id=5676 src=motion2 u=339.6 v=223.6 depth=5.0000 depth2=-1.0000 track=2 sf=9 flag=init_neg
[T2depth] t=53.7480 id=5678 src=motion2 u=353.8 v=23.4 depth=5.0000 depth2=-1.0000 track=2 sf=9 flag=init_neg
[T2depth] t=53.7480 id=5681 src=motion2 u=594.0 v=195.0 depth=5.0000 depth2=-1.0000 track=2 sf=9 flag=init_neg
[T2depth] t=53.7480 id=5682 src=motion2 u=264.0 v=49.0 depth=0.0048 depth2=-1.0000 track=2 sf=9 flag=ok
[T2xcross] t=53.7480 id=5684 est=33.8557 svd=0.0381 rel=0.9989 track=2 sf=9
[T2depth] t=53.7480 id=5686 src=stereo u=385.2 v=69.5 depth=3.3733 depth2=-1.0000 track=1 sf=10 flag=ok
[T2depth] t=53.7480 id=5690 src=stereo u=46.5 v=160.2 depth=5.0000 depth2=-1.0000 track=1 sf=10 flag=init_neg
[T2depth] t=53.7480 id=5693 src=stereo u=305.0 v=164.0 depth=5.0000 depth2=-1.0000 track=1 sf=10 flag=init_neg
[T2depth] t=53.7480 id=5694 src=stereo u=500.0 v=26.0 depth=3.7204 depth2=-1.0000 track=1 sf=10 flag=ok
[T2depth] t=53.7480 id=5695 src=stereo u=513.0 v=82.0 depth=3.6279 depth2=-1.0000 track=1 sf=10 flag=ok
[T2depth] t=53.7480 id=5696 src=stereo u=217.0 v=8.0 depth=5.0000 depth2=-1.0000 track=1 sf=10 flag=init_neg
[T2gate] t=53.7480 tri=67 rej=0 xrej=0 init_replace=6 gate=0
[T2slv] t=53.7480 phase=1 init_cost=104.465 final_cost=103.019 iters=9 term=1 slv_ms=7.8
[T2diag] t=53.7480 P=[-0.0194 -0.0013 0.0032] V=[-0.0010 0.0026 0.0037] |Bas|=0.565860 |Bgs|=0.0004493 Bas=[0.155296 -0.543922 0.015150] Bgs=[0.0004463 -0.0000395 -0.0000330] tic0=[0.1200 0.0500 -0.0200] tic1=[0.1200 -0.0500 -0.0200] td=0.00000 track=138
[E2uls] flag=1 sh_t=53.788 new_t=53.788 dP=[-0.0001 -0.0015 0.0001] |dP|=0.0015 first_dt=-1.0000
time: 53.748000, t: -0.019426 -0.001264 0.003176 q: 0.999617 0.026668 0.007300 0.000925 
[T2depth] t=53.8200 id=5687 src=motion2 u=131.2 v=207.7 depth=0.0432 depth2=-1.0000 track=2 sf=9 flag=ok
[T2depth] t=53.8200 id=5689 src=motion2 u=210.5 v=166.8 depth=0.0387 depth2=-1.0000 track=2 sf=9 flag=ok
[T2depth] t=53.8200 id=5692 src=motion2 u=415.0 v=441.0 depth=5.0000 depth2=-1.0000 track=2 sf=9 flag=init_neg
[T2xcross] t=53.8200 id=5694 est=3.7204 svd=0.0630 rel=0.9831 track=2 sf=9
[T2depth] t=53.8200 id=5697 src=motion2 u=527.0 v=199.0 depth=0.1445 depth2=-1.0000 track=2 sf=9 flag=ok
[T2depth] t=53.8200 id=5699 src=motion2 u=29.0 v=117.0 depth=5.0000 depth2=-1.0000 track=2 sf=9 flag=init_neg
[T2depth] t=53.8200 id=5701 src=stereo u=473.0 v=199.5 depth=3.6754 depth2=-1.0000 track=1 sf=10 flag=ok
[T2depth] t=53.8200 id=5708 src=stereo u=442.0 v=184.0 depth=3.8874 depth2=-1.0000 track=1 sf=10 flag=ok
[T2gate] t=53.8200 tri=62 rej=0 xrej=0 init_replace=2 gate=0
[T2slv] t=53.8200 phase=1 init_cost=104.065 final_cost=102.398 iters=9 term=1 slv_ms=12.7
[T2diag] t=53.8200 P=[-0.0194 -0.0008 0.0033] V=[0.0035 0.0043 0.0020] |Bas|=0.566912 |Bgs|=0.0004613 Bas=[0.156009 -0.544804 0.015455] Bgs=[0.0004563 -0.0000483 -0.0000481] tic0=[0.1200 0.0500 -0.0200] tic1=[0.1200 -0.0500 -0.0200] td=0.00000 track=141
[E2uls] flag=1 sh_t=53.884 new_t=53.884 dP=[0.0003 -0.0002 0.0009] |dP|=0.0010 first_dt=-1.0000
time: 53.820000, t: -0.019427 -0.000839 0.003317 q: 0.999617 0.026679 0.007309 0.000805 
[T2depth] t=53.9480 id=5702 src=motion2 u=545.2 v=125.3 depth=5.0000 depth2=-1.0000 track=2 sf=9 flag=init_neg
[T2depth] t=53.9480 id=5703 src=motion2 u=345.0 v=179.5 depth=0.0093 depth2=-1.0000 track=2 sf=9 flag=ok
[T2xcross] t=53.9480 id=5708 est=3.8874 svd=0.0388 rel=0.9900 track=2 sf=9
[T2depth] t=53.9480 id=5709 src=motion2 u=607.0 v=72.0 depth=0.1328 depth2=-1.0000 track=2 sf=9 flag=ok
[T2depth] t=53.9480 id=5713 src=stereo u=376.0 v=137.1 depth=45.0834 depth2=-1.0000 track=1 sf=10 flag=ok
[T2depth] t=53.9480 id=5714 src=stereo u=129.7 v=112.4 depth=29.1784 depth2=-1.0000 track=1 sf=10 flag=ok
[T2depth] t=53.9480 id=5722 src=stereo u=95.0 v=30.0 depth=45.5771 depth2=-1.0000 track=1 sf=10 flag=ok
[T2gate] t=53.9480 tri=66 rej=0 xrej=0 init_replace=1 gate=0
[T2slv] t=53.9480 phase=1 init_cost=103.779 final_cost=102.407 iters=9 term=1 slv_ms=7.4
[T2diag] t=53.9480 P=[-0.0196 -0.0009 0.0033] V=[0.0024 0.0009 0.0050] |Bas|=0.567612 |Bgs|=0.0004579 Bas=[0.158185 -0.544907 0.015430] Bgs=[0.0004526 -0.0000373 -0.0000586] tic0=[0.1200 0.0500 -0.0200] tic1=[0.1200 -0.0500 -0.0200] td=0.00000 track=138
[E2uls] flag=1 sh_t=53.980 new_t=53.980 dP=[0.0011 0.0013 0.0004] |dP|=0.0018 first_dt=-1.0000
time: 53.948000, t: -0.019551 -0.000893 0.003326 q: 0.999609 0.026948 0.007410 0.000867 
[T2depth] t=54.0480 id=5711 src=motion2 u=408.8 v=131.2 depth=5.0000 depth2=-1.0000 track=2 sf=9 flag=init_neg
[T2depth] t=54.0480 id=5712 src=motion2 u=540.9 v=78.5 depth=0.1277 depth2=-1.0000 track=2 sf=9 flag=ok
[T2depth] t=54.0480 id=5716 src=motion2 u=372.9 v=210.2 depth=5.0000 depth2=-1.0000 track=2 sf=9 flag=init_neg
[T2depth] t=54.0480 id=5717 src=motion2 u=140.7 v=172.2 depth=0.0660 depth2=-1.0000 track=2 sf=9 flag=ok
[T2depth] t=54.0480 id=5719 src=motion2 u=231.0 v=34.0 depth=0.0685 depth2=-1.0000 track=2 sf=9 flag=ok
[T2depth] t=54.0480 id=5721 src=motion2 u=485.0 v=148.0 depth=0.0308 depth2=-1.0000 track=2 sf=9 flag=ok
[T2depth] t=54.0480 id=5723 src=motion2 u=277.0 v=219.0 depth=0.1864 depth2=-1.0000 track=2 sf=9 flag=ok
[T2depth] t=54.0480 id=5724 src=stereo u=504.3 v=227.2 depth=3.3551 depth2=-1.0000 track=1 sf=10 flag=ok
[T2depth] t=54.0480 id=5728 src=stereo u=373.0 v=14.0 depth=4.6549 depth2=-1.0000 track=1 sf=10 flag=ok
[T2gate] t=54.0480 tri=66 rej=0 xrej=0 init_replace=2 gate=0
[T2slv] t=54.0480 phase=1 init_cost=104.764 final_cost=103.333 iters=9 term=1 slv_ms=8.1
[T2diag] t=54.0480 P=[-0.0199 -0.0006 0.0034] V=[0.0038 0.0047 0.0021] |Bas|=0.568317 |Bgs|=0.0004666 Bas=[0.158773 -0.545464 0.015613] Bgs=[0.0004592 -0.0000370 -0.0000739] tic0=[0.1200 0.0500 -0.0200] tic1=[0.1200 -0.0500 -0.0200] td=0.00000 track=140
[E2uls] flag=1 sh_t=54.096 new_t=54.096 dP=[0.0009 -0.0003 0.0009] |dP|=0.0014 first_dt=-1.0000
time: 54.048000, t: -0.019870 -0.000598 0.003407 q: 0.999616 0.026683 0.007434 0.000799 
[T2xcross] t=54.1480 id=5701 est=3.6754 svd=0.0233 rel=0.9937 track=2 sf=9
[T2xcross] t=54.1480 id=5714 est=29.1784 svd=0.1375 rel=0.9953 track=2 sf=9
[T2xcross] t=54.1480 id=5717 est=0.0660 svd=0.0249 rel=0.6234 track=2 sf=9
[T2xcross] t=54.1480 id=5724 est=3.3551 svd=0.0937 rel=0.9721 track=2 sf=9
[T2depth] t=54.1480 id=5725 src=motion2 u=16.0 v=71.5 depth=0.2301 depth2=-1.0000 track=2 sf=9 flag=ok
[T2depth] t=54.1480 id=5729 src=motion2 u=69.0 v=147.0 depth=0.1305 depth2=-1.0000 track=2 sf=9 flag=ok
[T2depth] t=54.1480 id=5730 src=motion2 u=33.0 v=146.0 depth=5.0000 depth2=-1.0000 track=2 sf=9 flag=init_neg
[T2depth] t=54.1480 id=5732 src=motion2 u=291.0 v=29.0 depth=5.0000 depth2=-1.0000 track=2 sf=9 flag=init_neg
[T2depth] t=54.1480 id=5733 src=motion2 u=242.0 v=204.0 depth=5.0000 depth2=-1.0000 track=2 sf=9 flag=init_neg
[T2depth] t=54.1480 id=5734 src=stereo u=386.2 v=106.7 depth=3.9251 depth2=-1.0000 track=1 sf=10 flag=ok
[T2depth] t=54.1480 id=5735 src=stereo u=315.9 v=168.9 depth=39.9731 depth2=-1.0000 track=1 sf=10 flag=ok
[T2depth] t=54.1480 id=5740 src=stereo u=79.1 v=86.0 depth=5.0000 depth2=-1.0000 track=1 sf=10 flag=init_neg
[T2gate] t=54.1480 tri=66 rej=0 xrej=0 init_replace=4 gate=0
[T2slv] t=54.1480 phase=1 init_cost=105.239 final_cost=103.902 iters=9 term=1 slv_ms=6.8
[T2diag] t=54.1480 P=[-0.0201 -0.0008 0.0034] V=[0.0038 0.0043 0.0040] |Bas|=0.569032 |Bgs|=0.0004597 Bas=[0.159478 -0.546002 0.015673] Bgs=[0.0004500 -0.0000382 -0.0000858] tic0=[0.1200 0.0500 -0.0200] tic1=[0.1200 -0.0500 -0.0200] td=0.00000 track=139
[E2uls] flag=1 sh_t=54.184 new_t=54.184 dP=[0.0009 0.0012 0.0004] |dP|=0.0016 first_dt=-1.0000
time: 54.148000, t: -0.020130 -0.000800 0.003425 q: 0.999612 0.026812 0.007445 0.000829 
[T2xcross] t=54.2480 id=5734 est=3.9251 svd=0.2026 rel=0.9484 track=2 sf=9
[T2depth] t=54.2480 id=5736 src=motion2 u=258.5 v=18.1 depth=5.0000 depth2=-1.0000 track=2 sf=9 flag=init_neg
[T2depth] t=54.2480 id=5737 src=motion2 u=609.2 v=155.2 depth=5.0000 depth2=-1.0000 track=2 sf=9 flag=init_neg
[T2depth] t=54.2480 id=5739 src=motion2 u=407.0 v=176.5 depth=5.0000 depth2=-1.0000 track=2 sf=9 flag=init_neg
[T2xcross] t=54.2480 id=5740 est=5.0000 svd=0.0324 rel=0.9935 track=2 sf=9
[T2depth] t=54.2480 id=5741 src=motion2 u=620.4 v=78.6 depth=0.1266 depth2=-1.0000 track=2 sf=9 flag=ok
[T2depth] t=54.2480 id=5746 src=stereo u=305.9 v=60.3 depth=5.0000 depth2=-1.0000 track=1 sf=10 flag=init_neg
[T2depth] t=54.2480 id=5747 src=stereo u=582.1 v=201.5 depth=25.0685 depth2=-1.0000 track=1 sf=10 flag=ok
[T2depth] t=54.2480 id=5751 src=stereo u=386.0 v=68.0 depth=3.6226 depth2=-1.0000 track=1 sf=10 flag=ok
[T2gate] t=54.2480 tri=64 rej=0 xrej=0 init_replace=4 gate=0
[T2slv] t=54.2480 phase=1 init_cost=105.35 final_cost=103.951 iters=9 term=1 slv_ms=4.3
[T2diag] t=54.2480 P=[-0.0205 -0.0009 0.0034] V=[0.0064 0.0025 0.0037] |Bas|=0.569639 |Bgs|=0.0004501 Bas=[0.160436 -0.546354 0.015694] Bgs=[0.0004402 -0.0000346 -0.0000873] tic0=[0.1200 0.0500 -0.0200] tic1=[0.1200 -0.0500 -0.0200] td=0.00000 track=141
[E2uls] flag=1 sh_t=54.272 new_t=54.272 dP=[0.0011 0.0008 0.0004] |dP|=0.0015 first_dt=-1.0000
time: 54.248000, t: -0.020452 -0.000927 0.003369 q: 0.999612 0.026807 0.007455 0.000880 
[T2xcross] t=54.3480 id=5732 est=5.0000 svd=0.0466 rel=0.9907 track=2 sf=9
[T2depth] t=54.3480 id=39 src=motion2 u=614.4 v=452.3 depth=5.0000 depth2=-1.0000 track=2 sf=9 flag=init_neg
[T2depth] t=54.3480 id=66 src=motion2 u=477.7 v=476.4 depth=5.0000 depth2=-1.0000 track=2 sf=9 flag=init_neg
[T2xcross] t=54.3480 id=5746 est=5.0000 svd=0.1560 rel=0.9688 track=2 sf=9
[T2depth] t=54.3480 id=5750 src=motion2 u=236.0 v=61.0 depth=5.0000 depth2=-1.0000 track=2 sf=9 flag=init_neg
[T2depth] t=54.3480 id=5752 src=motion2 u=252.0 v=230.0 depth=5.0000 depth2=-1.0000 track=2 sf=9 flag=init_neg
[T2depth] t=54.3480 id=5754 src=motion2 u=267.0 v=115.0 depth=0.0036 depth2=-1.0000 track=2 sf=9 flag=ok
[T2depth] t=54.3480 id=5764 src=stereo u=335.0 v=135.0 depth=44.2220 depth2=-1.0000 track=1 sf=10 flag=ok
[T2gate] t=54.3480 tri=63 rej=0 xrej=0 init_replace=4 gate=0
[T2slv] t=54.3480 phase=1 init_cost=107.896 final_cost=103.94 iters=9 term=1 slv_ms=22.0
[T2diag] t=54.3480 P=[-0.0225 -0.0008 0.0025] V=[0.0016 0.0040 0.0036] |Bas|=0.570712 |Bgs|=0.0004447 Bas=[0.163055 -0.546693 0.015884] Bgs=[0.0004358 -0.0000236 -0.0000852] tic0=[0.1200 0.0500 -0.0200] tic1=[0.1200 -0.0500 -0.0200] td=0.00000 track=140
[E2uls] flag=1 sh_t=54.396 new_t=54.396 dP=[0.0031 0.0006 0.0017] |dP|=0.0036 first_dt=-1.0000
time: 54.348000, t: -0.022505 -0.000844 0.002528 q: 0.999608 0.027015 0.007337 0.000885 
[T2depth] t=54.4480 id=197 src=motion2 u=508.2 v=472.4 depth=15.0058 depth2=-1.0000 track=2 sf=9 flag=ok
[T2depth] t=54.4480 id=5762 src=motion2 u=8.0 v=254.0 depth=5.0000 depth2=-1.0000 track=2 sf=9 flag=init_neg
[T2depth] t=54.4480 id=5767 src=motion2 u=592.0 v=77.0 depth=5.0000 depth2=-1.0000 track=2 sf=9 flag=init_neg
[T2depth] t=54.4480 id=5769 src=stereo u=508.3 v=191.2 depth=3.0722 depth2=-1.0000 track=1 sf=10 flag=ok
[T2depth] t=54.4480 id=5776 src=stereo u=399.0 v=38.0 depth=4.4795 depth2=-1.0000 track=1 sf=10 flag=ok
[T2depth] t=54.4480 id=5779 src=stereo u=28.0 v=182.0 depth=28.3778 depth2=-1.0000 track=1 sf=10 flag=ok
[T2gate] t=54.4480 tri=74 rej=0 xrej=0 init_replace=2 gate=0
[T2slv] t=54.4480 phase=1 init_cost=105.016 final_cost=103.603 iters=9 term=1 slv_ms=9.2
[T2diag] t=54.4480 P=[-0.0236 -0.0009 0.0026] V=[0.0031 0.0060 0.0070] |Bas|=0.569199 |Bgs|=0.0004472 Bas=[0.164182 -0.544781 0.015679] Bgs=[0.0004368 -0.0000313 -0.0000905] tic0=[0.1200 0.0500 -0.0200] tic1=[0.1200 -0.0500 -0.0200] td=0.00000 track=132
[E2uls] flag=1 sh_t=54.484 new_t=54.484 dP=[0.0011 0.0008 0.0004] |dP|=0.0014 first_dt=-1.0000
time: 54.448000, t: -0.023590 -0.000904 0.002648 q: 0.999611 0.026887 0.007390 0.000924 
[T2depth] t=54.5480 id=5 src=motion2 u=264.0 v=362.8 depth=1.6691 depth2=-1.0000 track=2 sf=9 flag=ok
[T2depth] t=54.5480 id=41 src=motion2 u=237.1 v=379.0 depth=1.8082 depth2=-1.0000 track=2 sf=9 flag=ok
[T2depth] t=54.5480 id=58 src=motion2 u=225.2 v=431.5 depth=1.6747 depth2=-1.0000 track=2 sf=9 flag=ok
[T2depth] t=54.5480 id=61 src=motion2 u=192.1 v=419.4 depth=1.5837 depth2=-1.0000 track=2 sf=9 flag=ok
[T2depth] t=54.5480 id=65 src=motion2 u=89.0 v=464.8 depth=1.5346 depth2=-1.0000 track=2 sf=9 flag=ok
[T2depth] t=54.5480 id=5772 src=motion2 u=71.1 v=48.4 depth=0.0602 depth2=-1.0000 track=2 sf=9 flag=ok
[T2depth] t=54.5480 id=5773 src=motion2 u=94.0 v=144.0 depth=0.1505 depth2=-1.0000 track=2 sf=9 flag=ok
[T2xcross] t=54.5480 id=5776 est=4.4795 svd=0.0031 rel=0.9993 track=2 sf=9
[T2depth] t=54.5480 id=5778 src=motion2 u=618.0 v=207.0 depth=5.0000 depth2=-1.0000 track=2 sf=9 flag=init_neg
[T2depth] t=54.5480 id=5780 src=motion2 u=198.0 v=173.0 depth=5.0000 depth2=-1.0000 track=2 sf=9 flag=init_neg
[T2gate] t=54.5480 tri=76 rej=0 xrej=0 init_replace=2 gate=0
[T2slv] t=54.5480 phase=1 init_cost=104.288 final_cost=103.347 iters=9 term=1 slv_ms=8.4
[T2diag] t=54.5480 P=[-0.0235 -0.0009 0.0032] V=[0.0043 0.0102 0.0114] |Bas|=0.567228 |Bgs|=0.0004505 Bas=[0.164783 -0.542545 0.015464] Bgs=[0.0004370 -0.0000287 -0.0001053] tic0=[0.1200 0.0500 -0.0200] tic1=[0.1200 -0.0500 -0.0200] td=0.00000 track=136
[E2uls] flag=1 sh_t=54.584 new_t=54.584 dP=[0.0001 0.0008 0.0006] |dP|=0.0010 first_dt=-1.0000
time: 54.548000, t: -0.023456 -0.000859 0.003236 q: 0.999615 0.026652 0.007634 0.000926 
[T2depth] t=54.6480 id=5782 src=motion2 u=316.9 v=165.4 depth=0.5481 depth2=-1.0000 track=2 sf=9 flag=ok
[T2depth] t=54.6480 id=5785 src=motion2 u=277.8 v=178.2 depth=5.0000 depth2=-1.0000 track=2 sf=9 flag=init_neg
[T2depth] t=54.6480 id=5788 src=motion2 u=50.1 v=211.9 depth=0.2415 depth2=-1.0000 track=2 sf=9 flag=ok
[T2depth] t=54.6480 id=5789 src=motion2 u=356.0 v=44.0 depth=0.4295 depth2=-1.0000 track=2 sf=9 flag=ok
[T2depth] t=54.6480 id=5790 src=motion2 u=531.0 v=132.0 depth=0.3476 depth2=-1.0000 track=2 sf=9 flag=ok
[T2depth] t=54.6480 id=5792 src=motion2 u=403.0 v=186.0 depth=0.2373 depth2=-1.0000 track=2 sf=9 flag=ok
[T2depth] t=54.6480 id=5793 src=motion2 u=195.0 v=136.0 depth=0.5722 depth2=-1.0000 track=2 sf=9 flag=ok
[T2depth] t=54.6480 id=5794 src=motion2 u=18.0 v=122.0 depth=0.0725 depth2=-1.0000 track=2 sf=9 flag=ok
[T2depth] t=54.6480 id=5801 src=stereo u=451.0 v=73.1 depth=3.8986 depth2=-1.0000 track=1 sf=10 flag=ok
[T2depth] t=54.6480 id=5804 src=stereo u=531.5 v=192.9 depth=3.6971 depth2=-1.0000 track=1 sf=10 flag=ok
[T2depth] t=54.6480 id=5806 src=stereo u=224.0 v=115.0 depth=5.0000 depth2=-1.0000 track=1 sf=10 flag=init_neg
[T2gate] t=54.6480 tri=70 rej=0 xrej=0 init_replace=2 gate=0
[T2slv] t=54.6480 phase=1 init_cost=108.505 final_cost=104.704 iters=9 term=1 slv_ms=13.4
[T2diag] t=54.6480 P=[-0.0238 -0.0005 0.0027] V=[0.0007 0.0074 0.0055] |Bas|=0.570267 |Bgs|=0.0004371 Bas=[0.166228 -0.545266 0.016057] Bgs=[0.0004253 -0.0000259 -0.0000976] tic0=[0.1200 0.0500 -0.0200] tic1=[0.1200 -0.0500 -0.0200] td=0.00000 track=141
[E2uls] flag=1 sh_t=54.692 new_t=54.692 dP=[0.0010 0.0015 0.0025] |dP|=0.0031 first_dt=-1.0000
time: 54.648000, t: -0.023776 -0.000473 0.002679 q: 0.999610 0.026880 0.007458 0.000871 
[T2depth] t=54.7480 id=5797 src=motion2 u=516.0 v=87.3 depth=5.0000 depth2=-1.0000 track=2 sf=9 flag=init_neg
[T2depth] t=54.7480 id=5803 src=motion2 u=619.5 v=54.8 depth=0.4925 depth2=-1.0000 track=2 sf=9 flag=ok
[T2depth] t=54.7480 id=5807 src=motion2 u=202.0 v=205.0 depth=0.2474 depth2=-1.0000 track=2 sf=9 flag=ok
[T2depth] t=54.7480 id=5809 src=stereo u=519.0 v=14.0 depth=3.9874 depth2=-1.0000 track=1 sf=10 flag=ok
[T2gate] t=54.7480 tri=66 rej=0 xrej=0 init_replace=1 gate=0
[T2slv] t=54.7480 phase=1 init_cost=107.115 final_cost=104.787 iters=6 term=0 slv_ms=13.8
[T2diag] t=54.7480 P=[-0.0234 -0.0007 0.0026] V=[0.0040 0.0045 0.0066] |Bas|=0.568977 |Bgs|=0.0004269 Bas=[0.165793 -0.544058 0.015775] Bgs=[0.0004148 -0.0000341 -0.0000947] tic0=[0.1200 0.0500 -0.0200] tic1=[0.1200 -0.0500 -0.0200] td=0.00000 track=137
[E2uls] flag=1 sh_t=54.788 new_t=54.788 dP=[-0.0002 0.0015 0.0003] |dP|=0.0016 first_dt=-1.0000
time: 54.748000, t: -0.023369 -0.000719 0.002589 q: 0.999613 0.026782 0.007509 0.000974 
[T2xcross] t=54.8480 id=5772 est=0.0602 svd=0.0824 rel=0.2697 track=2 sf=9
[T2xcross] t=54.8480 id=5780 est=5.0000 svd=0.2009 rel=0.9598 track=2 sf=9
[T2depth] t=54.8480 id=7 src=motion2 u=317.0 v=357.8 depth=21.2967 depth2=-1.0000 track=2 sf=9 flag=ok
[T2depth] t=54.8480 id=16 src=motion2 u=292.0 v=375.0 depth=5.7091 depth2=-1.0000 track=2 sf=9 flag=ok
[T2depth] t=54.8480 id=69 src=motion2 u=274.0 v=290.4 depth=5.9379 depth2=-1.0000 track=2 sf=9 flag=ok
[T2depth] t=54.8480 id=5808 src=motion2 u=610.8 v=155.9 depth=0.1362 depth2=-1.0000 track=2 sf=9 flag=ok
[T2xcross] t=54.8480 id=5809 est=3.9874 svd=0.0294 rel=0.9926 track=2 sf=9
[T2depth] t=54.8480 id=5810 src=motion2 u=195.0 v=8.0 depth=0.0160 depth2=-1.0000 track=2 sf=9 flag=ok
[T2depth] t=54.8480 id=5811 src=motion2 u=584.0 v=269.0 depth=5.0000 depth2=-1.0000 track=2 sf=9 flag=init_neg
[T2depth] t=54.8480 id=5812 src=motion2 u=390.0 v=71.0 depth=5.0000 depth2=-1.0000 track=2 sf=9 flag=init_neg
[T2depth] t=54.8480 id=5814 src=motion2 u=446.0 v=173.0 depth=5.0000 depth2=-1.0000 track=2 sf=9 flag=init_neg
[T2depth] t=54.8480 id=5815 src=motion2 u=337.0 v=230.0 depth=0.0928 depth2=-1.0000 track=2 sf=9 flag=ok
[T2depth] t=54.8480 id=5817 src=motion2 u=153.0 v=118.0 depth=5.0000 depth2=-1.0000 track=2 sf=9 flag=init_neg
[T2depth] t=54.8480 id=5823 src=stereo u=225.5 v=80.8 depth=5.0000 depth2=-1.0000 track=1 sf=10 flag=init_neg
[T2depth] t=54.8480 id=5824 src=stereo u=491.0 v=166.0 depth=3.6733 depth2=-1.0000 track=1 sf=10 flag=ok
[T2depth] t=54.8480 id=5825 src=stereo u=242.0 v=130.0 depth=5.0000 depth2=-1.0000 track=1 sf=10 flag=init_neg
[T2gate] t=54.8480 tri=67 rej=0 xrej=0 init_replace=6 gate=0
[T2slv] t=54.8480 phase=1 init_cost=106.35 final_cost=104.566 iters=7 term=0 slv_ms=14.5
[T2diag] t=54.8480 P=[-0.0232 -0.0008 0.0028] V=[0.0055 -0.0014 0.0078] |Bas|=0.569464 |Bgs|=0.0004148 Bas=[0.165829 -0.544556 0.015780] Bgs=[0.0004050 -0.0000354 -0.0000826] tic0=[0.1200 0.0500 -0.0200] tic1=[0.1200 -0.0500 -0.0200] td=0.00000 track=142
[E2uls] flag=1 sh_t=54.912 new_t=54.912 dP=[0.0009 0.0005 0.0007] |dP|=0.0013 first_dt=-1.0000
time: 54.848000, t: -0.023188 -0.000819 0.002833 q: 0.999617 0.026606 0.007576 0.001053 
[T2xcross] t=54.9480 id=5812 est=5.0000 svd=0.1059 rel=0.9788 track=2 sf=9
[T2depth] t=54.9480 id=5819 src=motion2 u=542.2 v=160.7 depth=0.0929 depth2=-1.0000 track=2 sf=9 flag=ok
[T2depth] t=54.9480 id=5822 src=motion2 u=511.0 v=53.3 depth=5.0000 depth2=-1.0000 track=2 sf=9 flag=init_neg
[T2xcross] t=54.9480 id=5823 est=5.0000 svd=0.1150 rel=0.9770 track=2 sf=9
[T2depth] t=54.9480 id=5826 src=motion2 u=279.0 v=74.0 depth=5.0000 depth2=-1.0000 track=2 sf=9 flag=init_neg
[T2depth] t=54.9480 id=5827 src=motion2 u=56.0 v=161.0 depth=0.4929 depth2=-1.0000 track=2 sf=9 flag=ok
[T2depth] t=54.9480 id=5829 src=stereo u=590.0 v=222.0 depth=5.0000 depth2=-1.0000 track=1 sf=10 flag=init_neg
[T2gate] t=54.9480 tri=56 rej=0 xrej=0 init_replace=3 gate=0
[T2slv] t=54.9480 phase=1 init_cost=107.46 final_cost=104.534 iters=9 term=1 slv_ms=14.4
[T2diag] t=54.9480 P=[-0.0226 -0.0008 0.0026] V=[0.0095 0.0025 0.0007] |Bas|=0.576306 |Bgs|=0.0004045 Bas=[0.165391 -0.551818 0.016462] Bgs=[0.0003961 -0.0000468 -0.0000674] tic0=[0.1200 0.0500 -0.0200] tic1=[0.1200 -0.0500 -0.0200] td=0.00000 track=146
[E2uls] flag=1 sh_t=54.996 new_t=54.996 dP=[0.0004 0.0000 0.0015] |dP|=0.0016 first_dt=-1.0000
time: 54.948000, t: -0.022641 -0.000755 0.002598 q: 0.999608 0.026970 0.007458 0.000980 
[T2xcross] t=55.0480 id=5824 est=3.6733 svd=0.0356 rel=0.9903 track=2 sf=9
[T2xcross] t=55.0480 id=5829 est=5.0000 svd=0.0894 rel=0.9821 track=2 sf=9
[T2depth] t=55.0480 id=5833 src=stereo u=430.3 v=108.5 depth=3.2442 depth2=-1.0000 track=1 sf=10 flag=ok
[T2depth] t=55.0480 id=5837 src=stereo u=376.6 v=192.2 depth=3.7514 depth2=-1.0000 track=1 sf=10 flag=ok
[T2depth] t=55.0480 id=5840 src=stereo u=324.7 v=93.8 depth=5.0000 depth2=-1.0000 track=1 sf=10 flag=init_neg
[T2depth] t=55.0480 id=5846 src=stereo u=489.0 v=24.0 depth=3.6979 depth2=-1.0000 track=1 sf=10 flag=ok
[T2gate] t=55.0480 tri=61 rej=0 xrej=0 init_replace=1 gate=0
[T2slv] t=55.0480 phase=1 init_cost=106.027 final_cost=104.263 iters=9 term=1 slv_ms=14.8
[T2diag] t=55.0480 P=[-0.0219 -0.0006 0.0029] V=[0.0151 0.0112 0.0083] |Bas|=0.576363 |Bgs|=0.0004225 Bas=[0.164457 -0.552165 0.016153] Bgs=[0.0004078 -0.0000565 -0.0000950] tic0=[0.1200 0.0500 -0.0200] tic1=[0.1200 -0.0500 -0.0200] td=0.00000 track=139
[E2uls] flag=1 sh_t=55.084 new_t=55.084 dP=[0.0006 -0.0001 -0.0003] |dP|=0.0007 first_dt=-1.0000
time: 55.048000, t: -0.021919 -0.000617 0.002909 q: 0.999605 0.027062 0.007534 0.000828 
[T2xcross] t=55.1480 id=5785 est=5.0000 svd=0.0575 rel=0.9885 track=2 sf=9
[T2xcross] t=55.1480 id=5810 est=0.0160 svd=0.0228 rel=0.3007 track=2 sf=9
[T2depth] t=55.1480 id=5841 src=motion2 u=599.0 v=121.0 depth=5.0000 depth2=-1.0000 track=2 sf=9 flag=init_neg
[T2depth] t=55.1480 id=5843 src=motion2 u=334.0 v=147.0 depth=0.1360 depth2=-1.0000 track=2 sf=9 flag=ok
[T2depth] t=55.1480 id=5844 src=motion2 u=24.0 v=106.0 depth=0.0204 depth2=-1.0000 track=2 sf=9 flag=ok
[T2depth] t=55.1480 id=5845 src=motion2 u=91.0 v=195.0 depth=0.1682 depth2=-1.0000 track=2 sf=9 flag=ok
[T2depth] t=55.1480 id=5847 src=stereo u=475.0 v=89.5 depth=4.2548 depth2=-1.0000 track=1 sf=10 flag=ok
[T2depth] t=55.1480 id=5852 src=stereo u=454.0 v=186.2 depth=3.8900 depth2=-1.0000 track=1 sf=10 flag=ok
[T2depth] t=55.1480 id=5855 src=stereo u=596.0 v=172.0 depth=5.0000 depth2=-1.0000 track=1 sf=10 flag=init_neg
[T2depth] t=55.1480 id=5861 src=stereo u=418.0 v=109.0 depth=4.1060 depth2=-1.0000 track=1 sf=10 flag=ok
[T2depth] t=55.1480 id=5862 src=stereo u=118.0 v=55.0 depth=26.3271 depth2=-1.0000 track=1 sf=10 flag=ok
[T2gate] t=55.1480 tri=68 rej=0 xrej=0 init_replace=2 gate=0
[T2slv] t=55.1480 phase=1 init_cost=106.176 final_cost=104.587 iters=9 term=1 slv_ms=10.1
[T2diag] t=55.1480 P=[-0.0218 -0.0007 0.0031] V=[0.0148 0.0047 0.0087] |Bas|=0.575357 |Bgs|=0.0004247 Bas=[0.166243 -0.550585 0.015987] Bgs=[0.0004091 -0.0000385 -0.0001075] tic0=[0.1200 0.0500 -0.0200] tic1=[0.1200 -0.0500 -0.0200] td=0.00000 track=136
[E2uls] flag=1 sh_t=55.212 new_t=55.212 dP=[0.0032 0.0023 0.0009] |dP|=0.0040 first_dt=-1.0000
time: 55.148000, t: -0.021752 -0.000728 0.003067 q: 0.999601 0.027146 0.007689 0.000914 
[T2depth] t=55.2480 id=5850 src=motion2 u=354.0 v=194.0 depth=5.0000 depth2=-1.0000 track=2 sf=9 flag=init_neg
[T2depth] t=55.2480 id=5851 src=motion2 u=563.0 v=247.0 depth=5.0000 depth2=-1.0000 track=2 sf=9 flag=init_neg
[T2xcross] t=55.2480 id=5852 est=3.8900 svd=9.8565 rel=0.6053 track=2 sf=9
[T2depth] t=55.2480 id=5857 src=motion2 u=196.0 v=180.0 depth=0.0584 depth2=-1.0000 track=2 sf=9 flag=ok
[T2depth] t=55.2480 id=5860 src=motion2 u=93.0 v=79.0 depth=0.3343 depth2=-1.0000 track=2 sf=9 flag=ok
[T2depth] t=55.2480 id=5864 src=stereo u=206.9 v=84.5 depth=5.0000 depth2=-1.0000 track=1 sf=10 flag=init_neg
[T2depth] t=55.2480 id=5868 src=stereo u=375.0 v=176.0 depth=4.1866 depth2=-1.0000 track=1 sf=10 flag=ok
[T2gate] t=55.2480 tri=66 rej=0 xrej=0 init_replace=3 gate=0
[T2slv] t=55.2480 phase=1 init_cost=107.076 final_cost=105.398 iters=9 term=1 slv_ms=8.9
[T2diag] t=55.2480 P=[-0.0217 -0.0007 0.0031] V=[0.0074 0.0045 0.0071] |Bas|=0.575214 |Bgs|=0.0004217 Bas=[0.168233 -0.549827 0.016081] Bgs=[0.0004091 -0.0000198 -0.0001005] tic0=[0.1200 0.0500 -0.0200] tic1=[0.1200 -0.0500 -0.0200] td=0.00000 track=140
[E2uls] flag=1 sh_t=55.284 new_t=55.284 dP=[0.0022 0.0009 0.0012] |dP|=0.0027 first_dt=-1.0000
time: 55.248000, t: -0.021706 -0.000656 0.003069 q: 0.999603 0.027055 0.007773 0.000905 
[T2xcross] t=55.3480 id=5847 est=4.2548 svd=0.0156 rel=0.9963 track=2 sf=9
[T2xcross] t=55.3480 id=5861 est=4.1060 svd=0.0978 rel=0.9762 track=2 sf=9
[T2xcross] t=55.3480 id=5862 est=26.3271 svd=0.0256 rel=0.9990 track=2 sf=9
[T2xcross] t=55.3480 id=5864 est=5.0000 svd=0.0449 rel=0.9910 track=2 sf=9
[T2depth] t=55.3480 id=5873 src=motion2 u=149.0 v=24.0 depth=5.0000 depth2=-1.0000 track=2 sf=9 flag=init_neg
[T2depth] t=55.3480 id=5876 src=stereo u=444.0 v=81.5 depth=3.8955 depth2=-1.0000 track=1 sf=10 flag=ok
[T2depth] t=55.3480 id=5878 src=stereo u=483.3 v=198.3 depth=3.4490 depth2=-1.0000 track=1 sf=10 flag=ok
[T2depth] t=55.3480 id=5879 src=stereo u=316.3 v=118.2 depth=5.0000 depth2=-1.0000 track=1 sf=10 flag=init_neg
[T2depth] t=55.3480 id=5880 src=stereo u=157.7 v=102.9 depth=45.9472 depth2=-1.0000 track=1 sf=10 flag=ok
[T2gate] t=55.3480 tri=68 rej=0 xrej=0 init_replace=2 gate=0
[T2slv] t=55.3480 phase=1 init_cost=106.216 final_cost=105.103 iters=9 term=1 slv_ms=13.6
[T2diag] t=55.3480 P=[-0.0222 -0.0005 0.0033] V=[0.0080 0.0088 0.0060] |Bas|=0.573134 |Bgs|=0.0004300 Bas=[0.169980 -0.547117 0.015888] Bgs=[0.0004159 -0.0000109 -0.0001084] tic0=[0.1200 0.0500 -0.0200] tic1=[0.1200 -0.0500 -0.0200] td=0.00000 track=137
[E2uls] flag=1 sh_t=55.400 new_t=55.400 dP=[0.0018 0.0002 0.0005] |dP|=0.0019 first_dt=-1.0000
time: 55.348000, t: -0.022187 -0.000512 0.003270 q: 0.999607 0.026855 0.007943 0.000880 
[T2xcross] t=55.4480 id=5822 est=5.0000 svd=0.3961 rel=0.9208 track=2 sf=9
[T2depth] t=55.4480 id=5877 src=motion2 u=343.3 v=92.2 depth=5.0000 depth2=-1.0000 track=2 sf=9 flag=init_neg
[T2xcross] t=55.4480 id=5878 est=3.4490 svd=2.0733 rel=0.3989 track=2 sf=9
[T2xcross] t=55.4480 id=5879 est=5.0000 svd=0.1117 rel=0.9777 track=2 sf=9
[T2depth] t=55.4480 id=5883 src=motion2 u=107.0 v=186.0 depth=0.0647 depth2=-1.0000 track=2 sf=9 flag=ok
[T2depth] t=55.4480 id=5884 src=motion2 u=168.0 v=139.0 depth=5.0000 depth2=-1.0000 track=2 sf=9 flag=init_neg
[T2depth] t=55.4480 id=5890 src=stereo u=593.8 v=223.1 depth=5.0000 depth2=-1.0000 track=1 sf=10 flag=init_neg
[T2depth] t=55.4480 id=5892 src=stereo u=184.0 v=55.5 depth=32.1083 depth2=-1.0000 track=1 sf=10 flag=ok
[T2depth] t=55.4480 id=5898 src=stereo u=537.0 v=136.0 depth=36.2980 depth2=-1.0000 track=1 sf=10 flag=ok
[T2depth] t=55.4480 id=5901 src=stereo u=179.0 v=107.0 depth=37.5268 depth2=-1.0000 track=1 sf=10 flag=ok
[T2depth] t=55.4480 id=5903 src=stereo u=20.0 v=68.0 depth=42.5868 depth2=-1.0000 track=1 sf=10 flag=ok
[T2gate] t=55.4480 tri=69 rej=0 xrej=0 init_replace=3 gate=0
[T2slv] t=55.4480 phase=1 init_cost=187.953 final_cost=186.231 iters=9 term=1 slv_ms=10.5
[T2diag] t=55.4480 P=[-0.0230 0.0002 0.0033] V=[0.0045 0.0099 0.0036] |Bas|=0.571525 |Bgs|=0.0004385 Bas=[0.170515 -0.545269 0.015750] Bgs=[0.0004250 0.0000052 -0.0001079] tic0=[0.1200 0.0500 -0.0200] tic1=[0.1200 -0.0500 -0.0200] td=0.00000 track=137
[E2uls] flag=1 sh_t=55.500 new_t=55.500 dP=[0.0025 0.0001 0.0005] |dP|=0.0025 first_dt=-1.0000
time: 55.448000, t: -0.022950 0.000161 0.003339 q: 0.999607 0.026869 0.007970 0.000851 
[T2xcross] t=55.5480 id=5876 est=3.8955 svd=1.7879 rel=0.5410 track=2 sf=9
[T2depth] t=55.5480 id=5897 src=motion2 u=173.0 v=242.0 depth=5.0000 depth2=-1.0000 track=2 sf=9 flag=init_neg
[T2depth] t=55.5480 id=5899 src=motion2 u=344.0 v=197.0 depth=5.0000 depth2=-1.0000 track=2 sf=9 flag=init_neg
[T2depth] t=55.5480 id=5900 src=motion2 u=604.0 v=13.0 depth=5.0000 depth2=-1.0000 track=2 sf=9 flag=init_neg
[T2depth] t=55.5480 id=5905 src=stereo u=494.1 v=22.3 depth=3.2430 depth2=-1.0000 track=1 sf=10 flag=ok
[T2depth] t=55.5480 id=5911 src=stereo u=144.8 v=23.8 depth=5.0000 depth2=-1.0000 track=1 sf=10 flag=init_neg
[T2depth] t=55.5480 id=5915 src=stereo u=498.0 v=159.0 depth=3.6100 depth2=-1.0000 track=1 sf=10 flag=ok
[T2gate] t=55.5480 tri=68 rej=0 xrej=0 init_replace=4 gate=0
[T2slv] t=55.5480 phase=1 init_cost=105.077 final_cost=102.249 iters=9 term=1 slv_ms=10.1
[T2diag] t=55.5480 P=[-0.0210 -0.0011 0.0031] V=[0.0078 0.0062 0.0030] |Bas|=0.569806 |Bgs|=0.0004433 Bas=[0.172345 -0.542889 0.015729] Bgs=[0.0004273 0.0000092 -0.0001174] tic0=[0.1200 0.0500 -0.0200] tic1=[0.1200 -0.0500 -0.0200] td=0.00000 track=137
[E2uls] flag=1 sh_t=55.584 new_t=55.584 dP=[-0.0011 0.0025 0.0008] |dP|=0.0029 first_dt=-1.0000
time: 55.548000, t: -0.020995 -0.001113 0.003077 q: 0.999612 0.026668 0.008048 0.000849 
[T2depth] t=55.6480 id=667 src=motion2 u=267.4 v=259.2 depth=1.1108 depth2=-1.0000 track=2 sf=9 flag=ok
[T2depth] t=55.6480 id=5907 src=motion2 u=16.2 v=99.1 depth=5.0000 depth2=-1.0000 track=2 sf=9 flag=init_neg
[T2depth] t=55.6480 id=5913 src=motion2 u=307.0 v=52.0 depth=0.2046 depth2=-1.0000 track=2 sf=9 flag=ok
[T2depth] t=55.6480 id=5914 src=motion2 u=179.0 v=24.0 depth=0.2040 depth2=-1.0000 track=2 sf=9 flag=ok
[T2depth] t=55.6480 id=5916 src=motion2 u=126.0 v=60.0 depth=0.1268 depth2=-1.0000 track=2 sf=9 flag=ok
[T2depth] t=55.6480 id=5917 src=motion2 u=497.0 v=111.0 depth=0.0681 depth2=-1.0000 track=2 sf=9 flag=ok
[T2depth] t=55.6480 id=5918 src=motion2 u=44.0 v=29.0 depth=0.1126 depth2=-1.0000 track=2 sf=9 flag=ok
[T2depth] t=55.6480 id=5921 src=stereo u=288.8 v=205.1 depth=1.0348 depth2=-1.0000 track=1 sf=10 flag=ok
[T2depth] t=55.6480 id=5933 src=stereo u=414.0 v=153.0 depth=3.9067 depth2=-1.0000 track=1 sf=10 flag=ok
[T2gate] t=55.6480 tri=69 rej=0 xrej=0 init_replace=1 gate=0
[T2slv] t=55.6480 phase=1 init_cost=102.825 final_cost=101.822 iters=9 term=1 slv_ms=10.4
[T2diag] t=55.6480 P=[-0.0209 -0.0012 0.0032] V=[0.0088 0.0117 0.0043] |Bas|=0.567585 |Bgs|=0.0004471 Bas=[0.173721 -0.540123 0.015517] Bgs=[0.0004276 0.0000155 -0.0001297] tic0=[0.1200 0.0500 -0.0200] tic1=[0.1200 -0.0500 -0.0200] td=0.00000 track=138
[E2uls] flag=1 sh_t=55.696 new_t=55.696 dP=[0.0015 0.0015 0.0003] |dP|=0.0021 first_dt=-1.0000
time: 55.648000, t: -0.020901 -0.001197 0.003247 q: 0.999614 0.026533 0.008180 0.000859 
[T2xcross] t=55.7520 id=5918 est=0.1126 svd=0.1623 rel=0.3067 track=2 sf=9
[T2depth] t=55.7520 id=5919 src=motion2 u=612.8 v=97.4 depth=5.0000 depth2=-1.0000 track=2 sf=9 flag=init_neg
[T2xcross] t=55.7520 id=5921 est=1.0348 svd=0.3036 rel=0.7066 track=2 sf=9
[T2depth] t=55.7520 id=5923 src=motion2 u=194.0 v=189.8 depth=0.6505 depth2=-1.0000 track=2 sf=9 flag=ok
[T2depth] t=55.7520 id=5924 src=motion2 u=356.0 v=201.0 depth=5.0000 depth2=-1.0000 track=2 sf=9 flag=init_neg
[T2depth] t=55.7520 id=5926 src=motion2 u=556.6 v=65.2 depth=0.4659 depth2=-1.0000 track=2 sf=9 flag=ok
[T2depth] t=55.7520 id=5927 src=motion2 u=326.9 v=19.2 depth=0.2582 depth2=-1.0000 track=2 sf=9 flag=ok
[T2depth] t=55.7520 id=5928 src=motion2 u=56.5 v=194.2 depth=5.0000 depth2=-1.0000 track=2 sf=9 flag=init_neg
[T2depth] t=55.7520 id=5934 src=motion2 u=48.0 v=68.0 depth=5.0000 depth2=-1.0000 track=2 sf=9 flag=init_neg
[T2depth] t=55.7520 id=5941 src=stereo u=533.0 v=29.0 depth=3.3408 depth2=-1.0000 track=1 sf=10 flag=ok
[T2depth] t=55.7520 id=5942 src=stereo u=511.0 v=177.0 depth=3.8891 depth2=-1.0000 track=1 sf=10 flag=ok
[T2depth] t=55.7520 id=5945 src=stereo u=490.0 v=41.0 depth=3.6813 depth2=-1.0000 track=1 sf=10 flag=ok
[T2gate] t=55.7520 tri=66 rej=0 xrej=0 init_replace=4 gate=0
[T2slv] t=55.7520 phase=1 init_cost=104.408 final_cost=101.677 iters=7 term=0 slv_ms=7.5
[T2diag] t=55.7520 P=[-0.0208 -0.0009 0.0029] V=[0.0066 0.0068 0.0016] |Bas|=0.568222 |Bgs|=0.0004340 Bas=[0.174795 -0.540439 0.015749] Bgs=[0.0004187 0.0000229 -0.0001117] tic0=[0.1200 0.0500 -0.0200] tic1=[0.1200 -0.0500 -0.0200] td=0.00000 track=141
[E2uls] flag=1 sh_t=55.784 new_t=55.784 dP=[0.0010 0.0018 0.0011] |dP|=0.0023 first_dt=-1.0000
time: 55.752000, t: -0.020750 -0.000869 0.002946 q: 0.999611 0.026694 0.008070 0.000865 
[T2xcross] t=55.8840 id=5917 est=0.0681 svd=0.1655 rel=0.5885 track=2 sf=9
[T2xcross] t=55.8840 id=5924 est=5.0000 svd=0.0056 rel=0.9989 track=2 sf=9
[T2depth] t=55.8840 id=5939 src=motion2 u=236.2 v=186.2 depth=5.0000 depth2=-1.0000 track=2 sf=9 flag=init_neg
[T2depth] t=55.8840 id=5940 src=motion2 u=607.0 v=205.0 depth=0.0042 depth2=-1.0000 track=2 sf=9 flag=ok
[T2xcross] t=55.8840 id=5941 est=3.3408 svd=0.1370 rel=0.9590 track=2 sf=9
[T2xcross] t=55.8840 id=5942 est=3.8891 svd=0.2156 rel=0.9446 track=2 sf=9
[T2depth] t=55.8840 id=5943 src=motion2 u=80.0 v=62.0 depth=0.0097 depth2=-1.0000 track=2 sf=9 flag=ok
[T2depth] t=55.8840 id=5951 src=stereo u=129.0 v=185.0 depth=5.0000 depth2=-1.0000 track=1 sf=10 flag=init_neg
[T2gate] t=55.8840 tri=65 rej=0 xrej=0 init_replace=2 gate=0
[T2slv] t=55.8840 phase=1 init_cost=101.731 final_cost=100.384 iters=7 term=0 slv_ms=19.6
[T2diag] t=55.8840 P=[-0.0213 -0.0003 0.0029] V=[0.0073 0.0103 0.0028] |Bas|=0.569230 |Bgs|=0.0004455 Bas=[0.175789 -0.541176 0.015808] Bgs=[0.0004274 0.0000176 -0.0001245] tic0=[0.1200 0.0500 -0.0200] tic1=[0.1200 -0.0500 -0.0200] td=0.00000 track=138
[E2uls] flag=1 sh_t=55.932 new_t=55.932 dP=[0.0019 0.0000 0.0003] |dP|=0.0020 first_dt=-1.0000
time: 55.884000, t: -0.021270 -0.000317 0.002915 q: 0.999609 0.026745 0.008109 0.000732 
[T2depth] t=55.9840 id=72 src=motion2 u=538.9 v=473.6 depth=13.3493 depth2=-1.0000 track=2 sf=9 flag=ok
[T2depth] t=55.9840 id=73 src=motion2 u=445.0 v=437.3 depth=4.1909 depth2=-1.0000 track=2 sf=9 flag=ok
[T2depth] t=55.9840 id=5946 src=motion2 u=104.9 v=212.6 depth=0.0285 depth2=-1.0000 track=2 sf=9 flag=ok
[T2depth] t=55.9840 id=5948 src=motion2 u=225.0 v=124.0 depth=5.0000 depth2=-1.0000 track=2 sf=9 flag=init_neg
[T2depth] t=55.9840 id=5950 src=motion2 u=600.6 v=48.8 depth=0.2135 depth2=-1.0000 track=2 sf=9 flag=ok
[T2depth] t=55.9840 id=5952 src=motion2 u=581.0 v=108.0 depth=5.0000 depth2=-1.0000 track=2 sf=9 flag=init_neg
[T2depth] t=55.9840 id=5953 src=motion2 u=144.0 v=86.0 depth=5.0000 depth2=-1.0000 track=2 sf=9 flag=init_neg
[T2depth] t=55.9840 id=5954 src=motion2 u=273.0 v=38.0 depth=5.0000 depth2=-1.0000 track=2 sf=9 flag=init_neg
[T2depth] t=55.9840 id=5955 src=motion2 u=326.0 v=203.0 depth=0.1973 depth2=-1.0000 track=2 sf=9 flag=ok
[T2depth] t=55.9840 id=5963 src=stereo u=455.0 v=87.0 depth=3.8987 depth2=-1.0000 track=1 sf=10 flag=ok
[T2gate] t=55.9840 tri=65 rej=0 xrej=0 init_replace=4 gate=0
[T2slv] t=55.9840 phase=1 init_cost=106.82 final_cost=100.334 iters=8 term=0 slv_ms=11.7
[T2diag] t=55.9840 P=[-0.0222 -0.0004 0.0027] V=[0.0106 0.0075 0.0015] |Bas|=0.566231 |Bgs|=0.0004446 Bas=[0.174131 -0.538566 0.015566] Bgs=[0.0004235 0.0000243 -0.0001331] tic0=[0.1200 0.0500 -0.0200] tic1=[0.1200 -0.0500 -0.0200] td=0.00000 track=143
[E2uls] flag=1 sh_t=56.012 new_t=56.012 dP=[0.0021 0.0014 0.0003] |dP|=0.0025 first_dt=-1.0000
time: 55.984000, t: -0.022197 -0.000366 0.002692 q: 0.999616 0.026506 0.008072 0.000829 
[T2xcross] t=56.1160 id=5939 est=5.0000 svd=0.0873 rel=0.9825 track=2 sf=9
[T2depth] t=56.1160 id=5960 src=motion2 u=621.4 v=124.8 depth=5.0000 depth2=-1.0000 track=2 sf=9 flag=init_neg
[T2xcross] t=56.1160 id=5963 est=3.8987 svd=0.1150 rel=0.9705 track=2 sf=9
[T2depth] t=56.1160 id=5964 src=stereo u=20.6 v=134.1 depth=35.8699 depth2=-1.0000 track=1 sf=10 flag=ok
[T2depth] t=56.1160 id=5971 src=stereo u=61.0 v=143.0 depth=36.8729 depth2=-1.0000 track=1 sf=10 flag=ok
[T2depth] t=56.1160 id=5973 src=stereo u=586.0 v=193.0 depth=24.1441 depth2=-1.0000 track=1 sf=10 flag=ok
[T2depth] t=56.1160 id=5977 src=stereo u=199.0 v=159.0 depth=5.0000 depth2=-1.0000 track=1 sf=10 flag=init_neg
[T2gate] t=56.1160 tri=65 rej=0 xrej=0 init_replace=2 gate=0
[T2slv] t=56.1160 phase=1 init_cost=104.121 final_cost=101.339 iters=8 term=0 slv_ms=18.9
[T2diag] t=56.1160 P=[-0.0211 -0.0006 0.0033] V=[0.0036 0.0002 0.0100] |Bas|=0.554822 |Bgs|=0.0004384 Bas=[0.173247 -0.526879 0.014527] Bgs=[0.0004154 0.0000460 -0.0001325] tic0=[0.1200 0.0500 -0.0200] tic1=[0.1200 -0.0500 -0.0200] td=0.00000 track=138
[E2uls] flag=1 sh_t=56.160 new_t=56.160 dP=[0.0005 0.0018 -0.0007] |dP|=0.0020 first_dt=-1.0000
time: 56.116000, t: -0.021096 -0.000585 0.003346 q: 0.999628 0.025968 0.008266 0.000904 
[T2xcross] t=56.2480 id=5928 est=5.0000 svd=0.0670 rel=0.9866 track=2 sf=9
[T2xcross] t=56.2480 id=5953 est=5.0000 svd=0.3762 rel=0.9248 track=2 sf=9
[T2depth] t=56.2480 id=5965 src=motion2 u=325.1 v=58.1 depth=0.0787 depth2=-1.0000 track=2 sf=9 flag=ok
[T2depth] t=56.2480 id=5967 src=motion2 u=563.1 v=30.8 depth=5.0000 depth2=-1.0000 track=2 sf=9 flag=init_neg
[T2depth] t=56.2480 id=5970 src=motion2 u=176.0 v=122.0 depth=0.6355 depth2=-1.0000 track=2 sf=9 flag=ok
[T2depth] t=56.2480 id=5974 src=motion2 u=282.0 v=106.0 depth=5.0000 depth2=-1.0000 track=2 sf=9 flag=init_neg
[T2depth] t=56.2480 id=5976 src=motion2 u=558.0 v=172.0 depth=0.2290 depth2=-1.0000 track=2 sf=9 flag=ok
[T2depth] t=56.2480 id=5985 src=stereo u=424.0 v=84.0 depth=4.0963 depth2=-1.0000 track=1 sf=10 flag=ok
[T2gate] t=56.2480 tri=63 rej=0 xrej=0 init_replace=2 gate=0
[T2slv] t=56.2480 phase=1 init_cost=103.786 final_cost=101.04 iters=9 term=1 slv_ms=18.0
[T2diag] t=56.2480 P=[-0.0212 0.0002 0.0035] V=[0.0020 0.0114 -0.0001] |Bas|=0.561743 |Bgs|=0.0004499 Bas=[0.174337 -0.533782 0.015457] Bgs=[0.0004242 0.0000467 -0.0001425] tic0=[0.1200 0.0500 -0.0200] tic1=[0.1200 -0.0500 -0.0200] td=0.00000 track=142
[E2uls] flag=1 sh_t=56.296 new_t=56.296 dP=[0.0007 -0.0011 0.0024] |dP|=0.0027 first_dt=-1.0000
time: 56.248000, t: -0.021245 0.000226 0.003451 q: 0.999628 0.025981 0.008257 0.000729 
[T2depth] t=56.3480 id=5980 src=motion2 u=196.8 v=60.9 depth=0.1734 depth2=-1.0000 track=2 sf=9 flag=ok
[T2depth] t=56.3480 id=5984 src=motion2 u=207.0 v=214.0 depth=0.3135 depth2=-1.0000 track=2 sf=9 flag=ok
[T2depth] t=56.3480 id=5986 src=motion2 u=502.0 v=36.0 depth=7.4880 depth2=-1.0000 track=2 sf=9 flag=ok
[T2depth] t=56.3480 id=5991 src=stereo u=84.2 v=7.9 depth=39.9917 depth2=-1.0000 track=1 sf=10 flag=ok
[T2depth] t=56.3480 id=5993 src=stereo u=397.9 v=208.2 depth=4.1178 depth2=-1.0000 track=1 sf=10 flag=ok
[T2depth] t=56.3480 id=5997 src=stereo u=410.0 v=38.3 depth=3.9749 depth2=-1.0000 track=1 sf=10 flag=ok
[T2depth] t=56.3480 id=6002 src=stereo u=363.0 v=162.0 depth=4.2570 depth2=-1.0000 track=1 sf=10 flag=ok
[T2gate] t=56.3480 tri=68 rej=0 xrej=0 init_replace=0 gate=0
[T2slv] t=56.3480 phase=1 init_cost=102.605 final_cost=101.385 iters=9 term=1 slv_ms=3.4
[T2diag] t=56.3480 P=[-0.0223 0.0003 0.0040] V=[0.0042 0.0114 0.0062] |Bas|=0.561478 |Bgs|=0.0004622 Bas=[0.174625 -0.533418 0.015138] Bgs=[0.0004250 0.0000504 -0.0001746] tic0=[0.1200 0.0500 -0.0200] tic1=[0.1200 -0.0500 -0.0200] td=0.00000 track=136
[E2uls] flag=1 sh_t=56.400 new_t=56.400 dP=[0.0014 0.0019 -0.0008] |dP|=0.0025 first_dt=-1.0000
time: 56.348000, t: -0.022285 0.000316 0.004036 q: 0.999621 0.026220 0.008405 0.000748 
[T2depth] t=56.4480 id=5992 src=motion2 u=271.3 v=164.9 depth=5.0000 depth2=-1.0000 track=2 sf=9 flag=init_neg
[T2xcross] t=56.4480 id=5993 est=4.1178 svd=0.0334 rel=0.9919 track=2 sf=9
[T2xcross] t=56.4480 id=5997 est=3.9749 svd=0.2638 rel=0.9336 track=2 sf=9
[T2depth] t=56.4480 id=6000 src=motion2 u=260.0 v=98.0 depth=0.1076 depth2=-1.0000 track=2 sf=9 flag=ok
[T2depth] t=56.4480 id=6004 src=motion2 u=343.0 v=200.0 depth=5.0000 depth2=-1.0000 track=2 sf=9 flag=init_neg
[T2depth] t=56.4480 id=6007 src=stereo u=494.8 v=171.7 depth=3.9381 depth2=-1.0000 track=1 sf=10 flag=ok
[T2depth] t=56.4480 id=6008 src=stereo u=52.1 v=81.4 depth=23.3207 depth2=-1.0000 track=1 sf=10 flag=ok
[T2depth] t=56.4480 id=6013 src=stereo u=275.8 v=22.6 depth=5.0000 depth2=-1.0000 track=1 sf=10 flag=init_neg
[T2depth] t=56.4480 id=6015 src=stereo u=165.0 v=52.5 depth=22.6681 depth2=-1.0000 track=1 sf=10 flag=ok
[T2depth] t=56.4480 id=6016 src=stereo u=549.0 v=159.0 depth=27.8134 depth2=-1.0000 track=1 sf=10 flag=ok
[T2depth] t=56.4480 id=6018 src=stereo u=333.0 v=71.0 depth=35.6148 depth2=-1.0000 track=1 sf=10 flag=ok
[T2depth] t=56.4480 id=6019 src=stereo u=465.0 v=213.0 depth=3.9353 depth2=-1.0000 track=1 sf=10 flag=ok
[T2gate] t=56.4480 tri=73 rej=0 xrej=0 init_replace=3 gate=0
[T2slv] t=56.4480 phase=1 init_cost=108.858 final_cost=101.375 iters=9 term=1 slv_ms=10.1
[T2diag] t=56.4480 P=[-0.0228 0.0009 0.0035] V=[-0.0028 0.0142 0.0035] |Bas|=0.561077 |Bgs|=0.0004620 Bas=[0.174036 -0.533183 0.015325] Bgs=[0.0004180 0.0000709 -0.0001835] tic0=[0.1200 0.0500 -0.0200] tic1=[0.1200 -0.0500 -0.0200] td=0.00000 track=134
[E2uls] flag=1 sh_t=56.504 new_t=56.504 dP=[0.0016 0.0021 0.0020] |dP|=0.0033 first_dt=-1.0000
time: 56.448000, t: -0.022811 0.000893 0.003508 q: 0.999624 0.026131 0.008260 0.000682 
[T2depth] t=56.5480 id=6005 src=motion2 u=601.8 v=181.3 depth=0.2233 depth2=-1.0000 track=2 sf=9 flag=ok
[T2depth] t=56.5480 id=6006 src=motion2 u=85.9 v=44.4 depth=5.0000 depth2=-1.0000 track=2 sf=9 flag=init_neg
[T2xcross] t=56.5480 id=6007 est=3.9381 svd=0.1814 rel=0.9540 track=2 sf=9
[T2depth] t=56.5480 id=6012 src=motion2 u=150.8 v=210.8 depth=5.0000 depth2=-1.0000 track=2 sf=9 flag=init_neg
[T2depth] t=56.5480 id=6017 src=motion2 u=258.0 v=201.0 depth=0.1814 depth2=-1.0000 track=2 sf=9 flag=ok
[T2depth] t=56.5480 id=6021 src=motion2 u=357.0 v=10.0 depth=0.1271 depth2=-1.0000 track=2 sf=9 flag=ok
[T2depth] t=56.5480 id=6025 src=stereo u=520.3 v=73.3 depth=4.4335 depth2=-1.0000 track=1 sf=10 flag=ok
[T2depth] t=56.5480 id=6031 src=stereo u=390.0 v=189.0 depth=3.9631 depth2=-1.0000 track=1 sf=10 flag=ok
[T2depth] t=56.5480 id=6035 src=stereo u=70.0 v=208.0 depth=7.4768 depth2=-1.0000 track=1 sf=10 flag=ok
[T2gate] t=56.5480 tri=71 rej=0 xrej=0 init_replace=2 gate=0
[T2slv] t=56.5480 phase=1 init_cost=103.603 final_cost=102.253 iters=9 term=1 slv_ms=6.3
[T2diag] t=56.5480 P=[-0.0232 0.0007 0.0035] V=[-0.0052 0.0081 0.0081] |Bas|=0.560143 |Bgs|=0.0004648 Bas=[0.173554 -0.532361 0.015190] Bgs=[0.0004131 0.0000839 -0.0001957] tic0=[0.1200 0.0500 -0.0200] tic1=[0.1200 -0.0500 -0.0200] td=0.00000 track=135
[E2uls] flag=1 sh_t=56.592 new_t=56.592 dP=[0.0003 0.0026 0.0007] |dP|=0.0027 first_dt=-1.0000
time: 56.548000, t: -0.023219 0.000729 0.003505 q: 0.999621 0.026266 0.008260 0.000729 
[T2xcross] t=56.6480 id=6018 est=35.6148 svd=0.2578 rel=0.9928 track=3 sf=8
[T2depth] t=56.6480 id=103 src=motion2 u=382.6 v=244.9 depth=1.4686 depth2=-1.0000 track=2 sf=9 flag=ok
[T2depth] t=56.6480 id=6022 src=motion2 u=553.0 v=129.4 depth=0.0734 depth2=-1.0000 track=2 sf=9 flag=ok
[T2xcross] t=56.6480 id=6025 est=4.4335 svd=0.2621 rel=0.9409 track=2 sf=9
[T2depth] t=56.6480 id=6026 src=motion2 u=556.4 v=53.2 depth=0.5438 depth2=-1.0000 track=2 sf=9 flag=ok
[T2depth] t=56.6480 id=6027 src=motion2 u=578.8 v=200.8 depth=5.0000 depth2=-1.0000 track=2 sf=9 flag=init_neg
[T2depth] t=56.6480 id=6030 src=motion2 u=411.0 v=63.0 depth=5.0000 depth2=-1.0000 track=2 sf=9 flag=init_neg
[T2depth] t=56.6480 id=6032 src=motion2 u=317.0 v=17.0 depth=5.0000 depth2=-1.0000 track=2 sf=9 flag=init_neg
[T2depth] t=56.6480 id=6033 src=motion2 u=290.0 v=139.0 depth=2.7069 depth2=-1.0000 track=2 sf=9 flag=ok
[T2depth] t=56.6480 id=6034 src=motion2 u=397.0 v=122.0 depth=5.0000 depth2=-1.0000 track=2 sf=9 flag=init_neg
[T2depth] t=56.6480 id=6036 src=motion2 u=168.0 v=91.0 depth=5.0000 depth2=-1.0000 track=2 sf=9 flag=init_neg
[T2depth] t=56.6480 id=6038 src=motion2 u=311.0 v=209.0 depth=5.0000 depth2=-1.0000 track=2 sf=9 flag=init_neg
[T2depth] t=56.6480 id=6043 src=stereo u=10.0 v=28.0 depth=32.5848 depth2=-1.0000 track=1 sf=10 flag=ok
[T2depth] t=56.6480 id=6044 src=stereo u=468.0 v=57.0 depth=4.0405 depth2=-1.0000 track=1 sf=10 flag=ok
[T2gate] t=56.6480 tri=64 rej=0 xrej=0 init_replace=6 gate=0
[T2slv] t=56.6480 phase=1 init_cost=112.248 final_cost=105.388 iters=9 term=1 slv_ms=17.0
[T2diag] t=56.6480 P=[-0.0249 0.0003 0.0025] V=[-0.0063 0.0027 0.0064] |Bas|=0.551051 |Bgs|=0.0004691 Bas=[0.170138 -0.523920 0.014772] Bgs=[0.0003999 0.0001241 -0.0002115] tic0=[0.1200 0.0500 -0.0200] tic1=[0.1200 -0.0500 -0.0200] td=0.00000 track=143
[E2uls] flag=1 sh_t=56.716 new_t=56.716 dP=[0.0015 0.0023 0.0023] |dP|=0.0036 first_dt=-1.0000
time: 56.648000, t: -0.024928 0.000346 0.002457 q: 0.999627 0.026160 0.007859 0.000668 
[T2xcross] t=56.7200 id=6022 est=0.0734 svd=0.0646 rel=0.1199 track=2 sf=9
[T2depth] t=56.7200 id=6042 src=motion2 u=107.0 v=195.0 depth=5.0000 depth2=-1.0000 track=2 sf=9 flag=init_neg
[T2depth] t=56.7200 id=6045 src=motion2 u=337.0 v=187.0 depth=0.0658 depth2=-1.0000 track=2 sf=9 flag=ok
[T2depth] t=56.7200 id=6050 src=stereo u=413.1 v=11.3 depth=3.6364 depth2=-1.0000 track=1 sf=10 flag=ok
[T2depth] t=56.7200 id=6051 src=stereo u=346.6 v=137.0 depth=21.1012 depth2=-1.0000 track=1 sf=10 flag=ok
[T2depth] t=56.7200 id=6057 src=stereo u=401.0 v=199.0 depth=3.9951 depth2=-1.0000 track=1 sf=10 flag=ok
[T2gate] t=56.7200 tri=80 rej=0 xrej=0 init_replace=1 gate=0
[T2slv] t=56.7200 phase=1 init_cost=106.341 final_cost=105.203 iters=8 term=0 slv_ms=14.2
[T2diag] t=56.7200 P=[-0.0254 0.0005 0.0025] V=[-0.0038 0.0041 0.0019] |Bas|=0.545750 |Bgs|=0.0004770 Bas=[0.167705 -0.519139 0.014584] Bgs=[0.0004063 0.0001203 -0.0002190] tic0=[0.1200 0.0500 -0.0200] tic1=[0.1200 -0.0500 -0.0200] td=0.00000 track=120
[E2uls] flag=1 sh_t=56.760 new_t=56.760 dP=[-0.0000 0.0002 0.0005] |dP|=0.0005 first_dt=-1.0000
time: 56.720000, t: -0.025379 0.000533 0.002466 q: 0.999637 0.025835 0.007673 0.000659 
[T2depth] t=56.8520 id=1 src=motion2 u=192.1 v=341.0 depth=5.0000 depth2=-1.0000 track=2 sf=9 flag=init_neg
[T2depth] t=56.8520 id=9 src=motion2 u=117.1 v=361.3 depth=5.0000 depth2=-1.0000 track=2 sf=9 flag=init_neg
[T2depth] t=56.8520 id=10 src=motion2 u=352.2 v=346.7 depth=5.0000 depth2=-1.0000 track=2 sf=9 flag=init_neg
[T2depth] t=56.8520 id=14 src=motion2 u=88.3 v=387.4 depth=5.0000 depth2=-1.0000 track=2 sf=9 flag=init_neg
[T2depth] t=56.8520 id=17 src=motion2 u=50.8 v=412.8 depth=5.0000 depth2=-1.0000 track=2 sf=9 flag=init_neg
[T2depth] t=56.8520 id=18 src=motion2 u=142.1 v=395.5 depth=5.0000 depth2=-1.0000 track=2 sf=9 flag=init_neg
[T2depth] t=56.8520 id=28 src=motion2 u=6.6 v=343.2 depth=5.0000 depth2=-1.0000 track=2 sf=9 flag=init_neg
[T2depth] t=56.8520 id=43 src=motion2 u=71.2 v=436.8 depth=5.0000 depth2=-1.0000 track=2 sf=9 flag=init_neg
[T2depth] t=56.8520 id=46 src=motion2 u=163.6 v=465.4 depth=5.0000 depth2=-1.0000 track=2 sf=9 flag=init_neg
[T2depth] t=56.8520 id=49 src=motion2 u=60.9 v=310.8 depth=5.0000 depth2=-1.0000 track=2 sf=9 flag=init_neg
[T2depth] t=56.8520 id=51 src=motion2 u=12.3 v=424.8 depth=5.0000 depth2=-1.0000 track=2 sf=9 flag=init_neg
[T2depth] t=56.8520 id=52 src=motion2 u=40.6 v=457.0 depth=5.0000 depth2=-1.0000 track=2 sf=9 flag=init_neg
[T2depth] t=56.8520 id=57 src=motion2 u=380.9 v=316.5 depth=5.0000 depth2=-1.0000 track=2 sf=9 flag=init_neg
[T2depth] t=56.8520 id=60 src=motion2 u=144.2 v=313.7 depth=5.0000 depth2=-1.0000 track=2 sf=9 flag=init_neg
[T2depth] t=56.8520 id=68 src=motion2 u=354.0 v=291.4 depth=5.0000 depth2=-1.0000 track=2 sf=9 flag=init_neg
[T2depth] t=56.8520 id=77 src=motion2 u=42.2 v=381.5 depth=5.0000 depth2=-1.0000 track=2 sf=9 flag=init_neg
[T2depth] t=56.8520 id=78 src=motion2 u=176.3 v=372.3 depth=5.0000 depth2=-1.0000 track=2 sf=9 flag=init_neg
[T2depth] t=56.8520 id=87 src=motion2 u=88.8 v=290.6 depth=5.0000 depth2=-1.0000 track=2 sf=9 flag=init_neg
[T2depth] t=56.8520 id=95 src=motion2 u=9.1 v=461.2 depth=5.0000 depth2=-1.0000 track=2 sf=9 flag=init_neg
[T2depth] t=56.8520 id=6048 src=motion2 u=585.8 v=32.6 depth=5.0000 depth2=-1.0000 track=2 sf=9 flag=init_neg
[T2depth] t=56.8520 id=6049 src=motion2 u=482.0 v=138.9 depth=0.0741 depth2=-1.0000 track=2 sf=9 flag=ok
[T2depth] t=56.8520 id=6054 src=motion2 u=261.0 v=139.0 depth=0.5881 depth2=-1.0000 track=2 sf=9 flag=ok
[T2depth] t=56.8520 id=6055 src=motion2 u=316.0 v=40.0 depth=5.0000 depth2=-1.0000 track=2 sf=9 flag=init_neg
[T2depth] t=56.8520 id=6060 src=stereo u=151.1 v=56.1 depth=5.0000 depth2=-1.0000 track=1 sf=10 flag=init_neg
[T2depth] t=56.8520 id=6070 src=stereo u=514.0 v=164.0 depth=3.3837 depth2=-1.0000 track=1 sf=10 flag=ok
[T2gate] t=56.8520 tri=108 rej=0 xrej=0 init_replace=22 gate=0
[T2slv] t=56.8520 phase=1 init_cost=105.709 final_cost=104.116 iters=4 term=0 slv_ms=6.0
[T2diag] t=56.8520 P=[-0.0247 0.0005 0.0021] V=[0.0010 0.0022 -0.0035] |Bas|=0.544051 |Bgs|=0.0004701 Bas=[0.166444 -0.517761 0.014562] Bgs=[0.0004053 0.0001125 -0.0002101] tic0=[0.1200 0.0500 -0.0200] tic1=[0.1200 -0.0500 -0.0200] td=0.00000 track=114
[E2uls] flag=1 sh_t=56.884 new_t=56.884 dP=[-0.0011 0.0011 0.0003] |dP|=0.0016 first_dt=-1.0000
time: 56.852000, t: -0.024689 0.000453 0.002103 q: 0.999637 0.025840 0.007559 0.000718 
[T2depth] t=56.9840 id=19 src=motion2 u=455.8 v=349.7 depth=5.0000 depth2=-1.0000 track=2 sf=9 flag=init_neg
[T2depth] t=56.9840 id=21 src=motion2 u=580.1 v=365.7 depth=5.0000 depth2=-1.0000 track=2 sf=9 flag=init_neg
[T2depth] t=56.9840 id=23 src=motion2 u=505.2 v=361.7 depth=5.0000 depth2=-1.0000 track=2 sf=9 flag=init_neg
[T2depth] t=56.9840 id=24 src=motion2 u=567.9 v=409.9 depth=5.0000 depth2=-1.0000 track=2 sf=9 flag=init_neg
[T2depth] t=56.9840 id=27 src=motion2 u=268.4 v=404.4 depth=5.0000 depth2=-1.0000 track=2 sf=9 flag=init_neg
[T2depth] t=56.9840 id=30 src=motion2 u=637.6 v=346.3 depth=5.0000 depth2=-1.0000 track=2 sf=9 flag=init_neg
[T2depth] t=56.9840 id=35 src=motion2 u=225.4 v=469.9 depth=5.0000 depth2=-1.0000 track=2 sf=9 flag=init_neg
[T2depth] t=56.9840 id=37 src=motion2 u=262.9 v=451.7 depth=5.0000 depth2=-1.0000 track=2 sf=9 flag=init_neg
[T2depth] t=56.9840 id=44 src=motion2 u=610.1 v=410.9 depth=5.0000 depth2=-1.0000 track=2 sf=9 flag=init_neg
[T2depth] t=56.9840 id=53 src=motion2 u=511.2 v=439.5 depth=5.0000 depth2=-1.0000 track=2 sf=9 flag=init_neg
[T2depth] t=56.9840 id=59 src=motion2 u=580.3 v=455.1 depth=5.0000 depth2=-1.0000 track=2 sf=9 flag=init_neg
[T2depth] t=56.9840 id=75 src=motion2 u=120.4 v=458.1 depth=5.0000 depth2=-1.0000 track=2 sf=9 flag=init_neg
[T2depth] t=56.9840 id=86 src=motion2 u=521.0 v=292.1 depth=5.0000 depth2=-1.0000 track=2 sf=9 flag=init_neg
[T2depth] t=56.9840 id=88 src=motion2 u=280.5 v=478.1 depth=5.0000 depth2=-1.0000 track=2 sf=9 flag=init_neg
[T2depth] t=56.9840 id=92 src=motion2 u=551.2 v=437.2 depth=5.0000 depth2=-1.0000 track=2 sf=9 flag=init_neg
[T2depth] t=56.9840 id=99 src=motion2 u=302.8 v=279.4 depth=5.0000 depth2=-1.0000 track=2 sf=9 flag=init_neg
[T2depth] t=56.9840 id=177 src=motion2 u=200.1 v=451.8 depth=5.0000 depth2=-1.0000 track=2 sf=9 flag=init_neg
[T2depth] t=56.9840 id=887 src=motion2 u=450.0 v=381.6 depth=5.0000 depth2=-1.0000 track=2 sf=9 flag=init_neg
[T2depth] t=56.9840 id=3772 src=motion2 u=350.8 v=477.9 depth=5.0000 depth2=-1.0000 track=2 sf=9 flag=init_neg
[T2depth] t=56.9840 id=6062 src=motion2 u=619.4 v=207.6 depth=5.0000 depth2=-1.0000 track=2 sf=9 flag=init_neg
[T2depth] t=56.9840 id=6064 src=motion2 u=191.1 v=141.1 depth=5.0000 depth2=-1.0000 track=2 sf=9 flag=init_neg
[T2depth] t=56.9840 id=6069 src=motion2 u=316.0 v=465.0 depth=5.0000 depth2=-1.0000 track=2 sf=9 flag=init_neg
[T2xcross] t=56.9840 id=6070 est=3.3837 svd=0.1377 rel=0.9593 track=2 sf=9
[T2depth] t=56.9840 id=6071 src=motion2 u=614.0 v=79.0 depth=5.0000 depth2=-1.0000 track=2 sf=9 flag=init_neg
[T2depth] t=56.9840 id=6072 src=motion2 u=71.0 v=199.0 depth=0.0240 depth2=-1.0000 track=2 sf=9 flag=ok
[T2depth] t=56.9840 id=6073 src=motion2 u=147.0 v=122.0 depth=0.0528 depth2=-1.0000 track=2 sf=9 flag=ok
[T2depth] t=56.9840 id=6074 src=motion2 u=76.0 v=90.0 depth=0.2043 depth2=-1.0000 track=2 sf=9 flag=ok
[T2depth] t=56.9840 id=6077 src=motion2 u=418.0 v=80.0 depth=0.2054 depth2=-1.0000 track=2 sf=9 flag=ok
[T2depth] t=56.9840 id=6080 src=stereo u=13.2 v=184.5 depth=5.0000 depth2=-1.0000 track=1 sf=10 flag=init_neg
[T2depth] t=56.9840 id=6084 src=stereo u=475.9 v=95.6 depth=4.2554 depth2=-1.0000 track=1 sf=10 flag=ok
[T2depth] t=56.9840 id=6086 src=stereo u=324.4 v=43.6 depth=5.0000 depth2=-1.0000 track=1 sf=10 flag=init_neg
[T2depth] t=56.9840 id=6090 src=stereo u=616.0 v=175.0 depth=5.0000 depth2=-1.0000 track=1 sf=10 flag=init_neg
[T2depth] t=56.9840 id=6095 src=stereo u=362.0 v=75.0 depth=3.3455 depth2=-1.0000 track=1 sf=10 flag=ok
[T2gate] t=56.9840 tri=102 rej=0 xrej=0 init_replace=26 gate=0
[T2slv] t=56.9840 phase=1 init_cost=282.625 final_cost=137.753 iters=9 term=1 slv_ms=14.9
[T2diag] t=56.9840 P=[-0.0223 0.0020 0.0017] V=[0.0017 0.0013 0.0008] |Bas|=0.540723 |Bgs|=0.0004636 Bas=[0.161428 -0.515868 0.014247] Bgs=[0.0004140 0.0001177 -0.0001724] tic0=[0.1200 0.0500 -0.0200] tic1=[0.1200 -0.0500 -0.0200] td=0.00000 track=125
[E2uls] flag=1 sh_t=57.044 new_t=57.044 dP=[-0.0028 -0.0006 -0.0005] |dP|=0.0029 first_dt=-1.0000
time: 56.984000, t: -0.022267 0.002013 0.001653 q: 0.999645 0.025618 0.007345 0.000528 
[T2xcross] t=57.0840 id=6077 est=0.2054 svd=0.0041 rel=0.9802 track=2 sf=9
[T2depth] t=57.0840 id=3 src=motion2 u=617.0 v=372.6 depth=476.1141 depth2=-1.0000 track=2 sf=9 flag=ok
[T2depth] t=57.0840 id=13 src=motion2 u=540.2 v=375.8 depth=5.0000 depth2=-1.0000 track=2 sf=9 flag=init_neg
[T2depth] t=57.0840 id=55 src=motion2 u=287.5 v=334.8 depth=1.8008 depth2=-1.0000 track=2 sf=9 flag=ok
[T2depth] t=57.0840 id=63 src=motion2 u=566.8 v=307.1 depth=5.0000 depth2=-1.0000 track=2 sf=9 flag=init_neg
[T2depth] t=57.0840 id=85 src=motion2 u=305.3 v=437.3 depth=1.7885 depth2=-1.0000 track=2 sf=9 flag=ok
[T2depth] t=57.0840 id=93 src=motion2 u=637.9 v=426.0 depth=7.3324 depth2=-1.0000 track=2 sf=9 flag=ok
[T2depth] t=57.0840 id=96 src=motion2 u=587.6 v=331.3 depth=5.0000 depth2=-1.0000 track=2 sf=9 flag=init_neg
[T2depth] t=57.0840 id=112 src=motion2 u=480.4 v=428.4 depth=1.8915 depth2=-1.0000 track=2 sf=9 flag=ok
[T2depth] t=57.0840 id=2123 src=motion2 u=552.0 v=279.0 depth=29.8146 depth2=-1.0000 track=2 sf=9 flag=ok
[T2depth] t=57.0840 id=2522 src=motion2 u=522.0 v=324.0 depth=5.0000 depth2=-1.0000 track=2 sf=9 flag=init_neg
[T2depth] t=57.0840 id=6083 src=motion2 u=303.6 v=133.7 depth=5.0000 depth2=-1.0000 track=2 sf=9 flag=init_neg
[T2xcross] t=57.0840 id=6086 est=5.0000 svd=0.0188 rel=0.9962 track=2 sf=9
[T2depth] t=57.0840 id=6092 src=motion2 u=294.0 v=90.0 depth=0.0391 depth2=-1.0000 track=2 sf=9 flag=ok
[T2xcross] t=57.0840 id=6095 est=3.3455 svd=0.0020 rel=0.9994 track=2 sf=9
[T2depth] t=57.0840 id=6098 src=motion2 u=145.0 v=70.0 depth=0.0047 depth2=-1.0000 track=2 sf=9 flag=ok
[T2depth] t=57.0840 id=5018 src=stereo u=380.6 v=275.0 depth=5.0000 depth2=-1.0000 track=1 sf=10 flag=init_neg
[T2depth] t=57.0840 id=6102 src=stereo u=43.1 v=70.2 depth=5.0000 depth2=-1.0000 track=1 sf=10 flag=init_neg
[T2depth] t=57.0840 id=6104 src=stereo u=136.4 v=180.1 depth=20.9350 depth2=-1.0000 track=1 sf=10 flag=ok
[T2gate] t=57.0840 tri=98 rej=0 xrej=0 init_replace=7 gate=0
[T2slv] t=57.0840 phase=1 init_cost=122.767 final_cost=121.619 iters=9 term=1 slv_ms=19.1
[T2diag] t=57.0840 P=[-0.0228 0.0022 0.0018] V=[0.0004 0.0001 0.0021] |Bas|=0.536774 |Bgs|=0.0004574 Bas=[0.157690 -0.512896 0.014070] Bgs=[0.0004094 0.0001243 -0.0001617] tic0=[0.1200 0.0500 -0.0200] tic1=[0.1200 -0.0500 -0.0200] td=0.00000 track=115
[E2uls] flag=1 sh_t=57.124 new_t=57.124 dP=[0.0008 0.0000 0.0002] |dP|=0.0008 first_dt=-1.0000
time: 57.084000, t: -0.022759 0.002158 0.001795 q: 0.999650 0.025453 0.007138 0.000478 
[T2depth] t=57.2200 id=4 src=motion2 u=385.8 v=388.0 depth=1.2295 depth2=-1.0000 track=2 sf=9 flag=ok
[T2depth] t=57.2200 id=32 src=motion2 u=433.9 v=408.1 depth=1.4457 depth2=-1.0000 track=2 sf=9 flag=ok
[T2depth] t=57.2200 id=36 src=motion2 u=482.5 v=395.1 depth=1.2585 depth2=-1.0000 track=2 sf=9 flag=ok
[T2depth] t=57.2200 id=39 src=motion2 u=614.5 v=452.5 depth=1.2769 depth2=-1.0000 track=2 sf=9 flag=ok
[T2depth] t=57.2200 id=42 src=motion2 u=312.8 v=310.5 depth=1.5967 depth2=-1.0000 track=2 sf=9 flag=ok
[T2depth] t=57.2200 id=45 src=motion2 u=350.1 v=391.2 depth=1.3335 depth2=-1.0000 track=2 sf=9 flag=ok
[T2depth] t=57.2200 id=56 src=motion2 u=385.5 v=434.4 depth=0.9511 depth2=-1.0000 track=2 sf=9 flag=ok
[T2depth] t=57.2200 id=58 src=motion2 u=225.2 v=431.6 depth=1.3964 depth2=-1.0000 track=2 sf=9 flag=ok
[T2depth] t=57.2200 id=61 src=motion2 u=192.0 v=419.6 depth=1.1541 depth2=-1.0000 track=2 sf=9 flag=ok
[T2depth] t=57.2200 id=62 src=motion2 u=256.1 v=317.7 depth=1.6067 depth2=-1.0000 track=2 sf=9 flag=ok
[T2depth] t=57.2200 id=66 src=motion2 u=477.7 v=476.6 depth=0.9580 depth2=-1.0000 track=2 sf=9 flag=ok
[T2depth] t=57.2200 id=70 src=motion2 u=484.5 v=323.4 depth=1.5627 depth2=-1.0000 track=2 sf=9 flag=ok
[T2depth] t=57.2200 id=71 src=motion2 u=395.5 v=465.1 depth=1.7645 depth2=-1.0000 track=2 sf=9 flag=ok
[T2depth] t=57.2200 id=72 src=motion2 u=538.8 v=473.7 depth=0.9654 depth2=-1.0000 track=2 sf=9 flag=ok
[T2depth] t=57.2200 id=73 src=motion2 u=445.0 v=437.3 depth=1.2112 depth2=-1.0000 track=2 sf=9 flag=ok
[T2depth] t=57.2200 id=83 src=motion2 u=417.7 v=382.0 depth=1.1538 depth2=-1.0000 track=2 sf=9 flag=ok
[T2depth] t=57.2200 id=89 src=motion2 u=434.7 v=469.1 depth=0.9454 depth2=-1.0000 track=2 sf=9 flag=ok
[T2depth] t=57.2200 id=108 src=motion2 u=198.3 v=288.6 depth=1.2228 depth2=-1.0000 track=2 sf=9 flag=ok
[T2depth] t=57.2200 id=130 src=motion2 u=228.9 v=287.5 depth=1.3185 depth2=-1.0000 track=2 sf=9 flag=ok
[T2depth] t=57.2200 id=197 src=motion2 u=508.2 v=472.6 depth=1.0240 depth2=-1.0000 track=2 sf=9 flag=ok
[T2depth] t=57.2200 id=2076 src=motion2 u=114.0 v=331.2 depth=1.0679 depth2=-1.0000 track=2 sf=9 flag=ok
[T2depth] t=57.2200 id=4940 src=motion2 u=489.8 v=283.0 depth=1.4206 depth2=-1.0000 track=2 sf=9 flag=ok
[T2xcross] t=57.2200 id=5018 est=5.0000 svd=1.3920 rel=0.7216 track=2 sf=9
[T2depth] t=57.2200 id=5811 src=motion2 u=584.1 v=268.9 depth=3.8274 depth2=-1.0000 track=2 sf=9 flag=ok
[T2depth] t=57.2200 id=5851 src=motion2 u=557.2 v=246.9 depth=5.0000 depth2=-1.0000 track=2 sf=9 flag=init_neg
[T2depth] t=57.2200 id=5897 src=motion2 u=173.7 v=242.0 depth=0.9433 depth2=-1.0000 track=2 sf=9 flag=ok
[T2depth] t=57.2200 id=6101 src=motion2 u=63.2 v=121.6 depth=5.0000 depth2=-1.0000 track=2 sf=9 flag=init_neg
[T2depth] t=57.2200 id=6106 src=motion2 u=594.8 v=20.8 depth=5.0000 depth2=-1.0000 track=2 sf=9 flag=init_neg
[T2depth] t=57.2200 id=6108 src=motion2 u=58.0 v=174.0 depth=0.0524 depth2=-1.0000 track=2 sf=9 flag=ok
[T2depth] t=57.2200 id=6110 src=motion2 u=493.0 v=48.0 depth=0.1308 depth2=-1.0000 track=2 sf=9 flag=ok
[T2depth] t=57.2200 id=6112 src=stereo u=132.0 v=149.0 depth=5.0000 depth2=-1.0000 track=1 sf=10 flag=init_neg
[T2depth] t=57.2200 id=6113 src=stereo u=330.8 v=156.3 depth=5.0000 depth2=-1.0000 track=1 sf=10 flag=init_neg
[T2depth] t=57.2200 id=6115 src=stereo u=534.1 v=46.7 depth=3.2703 depth2=-1.0000 track=1 sf=10 flag=ok
[T2depth] t=57.2200 id=6121 src=stereo u=179.0 v=19.0 depth=31.6992 depth2=-1.0000 track=1 sf=10 flag=ok
[T2depth] t=57.2200 id=6124 src=stereo u=290.0 v=175.0 depth=5.0000 depth2=-1.0000 track=1 sf=10 flag=init_neg
[T2depth] t=57.2200 id=6126 src=stereo u=489.0 v=95.0 depth=3.3325 depth2=-1.0000 track=1 sf=10 flag=ok
[T2gate] t=57.2200 tri=89 rej=0 xrej=0 init_replace=6 gate=0
[T2slv] t=57.2200 phase=1 init_cost=127.374 final_cost=126.4 iters=9 term=1 slv_ms=11.9
[T2diag] t=57.2200 P=[-0.0227 0.0025 0.0019] V=[0.0006 0.0009 0.0028] |Bas|=0.534633 |Bgs|=0.0004571 Bas=[0.156533 -0.511012 0.013989] Bgs=[0.0004071 0.0001316 -0.0001610] tic0=[0.1200 0.0500 -0.0200] tic1=[0.1200 -0.0500 -0.0200] td=0.00000 track=136
[E2uls] flag=1 sh_t=57.268 new_t=57.268 dP=[0.0001 -0.0001 0.0005] |dP|=0.0005 first_dt=-1.0000
time: 57.220000, t: -0.022733 0.002507 0.001939 q: 0.999653 0.025352 0.007127 0.000381 
[T2xcross] t=57.3480 id=108 est=1.2228 svd=15.9692 rel=0.9234 track=2 sf=9
[T2depth] t=57.3480 id=33 src=motion2 u=326.3 v=413.3 depth=2.2683 depth2=-1.0000 track=2 sf=9 flag=ok
[T2depth] t=57.3480 id=6120 src=motion2 u=116.0 v=215.0 depth=5.0000 depth2=-1.0000 track=2 sf=9 flag=init_neg
[T2depth] t=57.3480 id=6122 src=motion2 u=377.0 v=17.0 depth=5.0000 depth2=-1.0000 track=2 sf=9 flag=init_neg
[T2depth] t=57.3480 id=6125 src=motion2 u=364.0 v=162.0 depth=0.1544 depth2=-1.0000 track=2 sf=9 flag=ok
[T2xcross] t=57.3480 id=6126 est=3.3325 svd=0.0808 rel=0.9757 track=2 sf=9
[T2depth] t=57.3480 id=5432 src=stereo u=446.0 v=147.7 depth=3.8548 depth2=-1.0000 track=1 sf=10 flag=ok
[T2depth] t=57.3480 id=6129 src=stereo u=398.2 v=119.3 depth=4.1609 depth2=-1.0000 track=1 sf=10 flag=ok
[T2depth] t=57.3480 id=6132 src=stereo u=424.0 v=12.0 depth=3.7908 depth2=-1.0000 track=1 sf=10 flag=ok
[T2depth] t=57.3480 id=6133 src=stereo u=161.0 v=46.0 depth=38.1782 depth2=-1.0000 track=1 sf=10 flag=ok
[T2depth] t=57.3480 id=6134 src=stereo u=591.0 v=56.0 depth=38.7898 depth2=-1.0000 track=1 sf=10 flag=ok
[T2depth] t=57.3480 id=6138 src=stereo u=27.0 v=154.0 depth=5.0000 depth2=-1.0000 track=1 sf=10 flag=init_neg
[T2depth] t=57.3480 id=6140 src=stereo u=523.0 v=218.0 depth=4.0972 depth2=-1.0000 track=1 sf=10 flag=ok
[T2gate] t=57.3480 tri=65 rej=0 xrej=0 init_replace=3 gate=0
[T2slv] t=57.3480 phase=1 init_cost=134.822 final_cost=121.806 iters=8 term=0 slv_ms=9.6
[T2diag] t=57.3480 P=[-0.0233 0.0023 0.0020] V=[-0.0039 0.0011 0.0022] |Bas|=0.531101 |Bgs|=0.0004547 Bas=[0.154466 -0.507954 0.013822] Bgs=[0.0003998 0.0001409 -0.0001645] tic0=[0.1200 0.0500 -0.0200] tic1=[0.1200 -0.0500 -0.0200] td=0.00000 track=136
[E2uls] flag=1 sh_t=57.380 new_t=57.380 dP=[0.0004 0.0007 0.0005] |dP|=0.0010 first_dt=-1.0000
time: 57.348000, t: -0.023277 0.002276 0.002007 q: 0.999656 0.025260 0.007075 0.000481 
[T2depth] t=57.4200 id=40 src=motion2 u=618.6 v=320.2 depth=5.0000 depth2=-1.0000 track=2 sf=9 flag=init_neg
[T2depth] t=57.4200 id=65 src=motion2 u=88.9 v=465.2 depth=0.0468 depth2=-1.0000 track=2 sf=9 flag=ok
[T2depth] t=57.4200 id=6127 src=motion2 u=223.7 v=30.3 depth=0.1370 depth2=-1.0000 track=2 sf=9 flag=ok
[T2xcross] t=57.4200 id=6132 est=3.7908 svd=0.0586 rel=0.9845 track=2 sf=9
[T2xcross] t=57.4200 id=6133 est=38.1782 svd=0.0721 rel=0.9981 track=2 sf=9
[T2depth] t=57.4200 id=6142 src=stereo u=488.5 v=166.1 depth=4.0670 depth2=-1.0000 track=1 sf=10 flag=ok
[T2depth] t=57.4200 id=6143 src=stereo u=396.8 v=156.3 depth=3.4306 depth2=-1.0000 track=1 sf=10 flag=ok
[T2depth] t=57.4200 id=6147 src=stereo u=188.1 v=150.5 depth=5.0000 depth2=-1.0000 track=1 sf=10 flag=init_neg
[T2depth] t=57.4200 id=6151 src=stereo u=299.0 v=70.0 depth=5.0000 depth2=-1.0000 track=1 sf=10 flag=init_neg
[T2depth] t=57.4200 id=6152 src=stereo u=225.0 v=77.0 depth=5.0000 depth2=-1.0000 track=1 sf=10 flag=init_neg
[T2depth] t=57.4200 id=6153 src=stereo u=354.0 v=224.0 depth=4.4511 depth2=-1.0000 track=1 sf=10 flag=ok
[T2gate] t=57.4200 tri=64 rej=0 xrej=0 init_replace=4 gate=0
[T2slv] t=57.4200 phase=1 init_cost=118.595 final_cost=117.316 iters=8 term=0 slv_ms=12.1
[T2diag] t=57.4200 P=[-0.0240 0.0021 0.0020] V=[-0.0013 -0.0002 0.0025] |Bas|=0.529169 |Bgs|=0.0004592 Bas=[0.153451 -0.506245 0.013727] Bgs=[0.0004020 0.0001426 -0.0001700] tic0=[0.1200 0.0500 -0.0200] tic1=[0.1200 -0.0500 -0.0200] td=0.00000 track=136
[E2uls] flag=1 sh_t=57.456 new_t=57.456 dP=[0.0005 0.0001 0.0003] |dP|=0.0006 first_dt=-1.0000
time: 57.420000, t: -0.023994 0.002143 0.001979 q: 0.999660 0.025127 0.006956 0.000413 
[T2xcross] t=57.5520 id=5897 est=0.9433 svd=0.0035 rel=0.9963 track=2 sf=9
[T2xcross] t=57.5520 id=6120 est=5.0000 svd=0.0536 rel=0.9893 track=2 sf=9
[T2depth] t=57.5520 id=15 src=motion2 u=203.0 v=389.4 depth=5.0000 depth2=-1.0000 track=2 sf=9 flag=init_neg
[T2depth] t=57.5520 id=38 src=motion2 u=120.1 v=421.8 depth=5.0000 depth2=-1.0000 track=2 sf=9 flag=init_neg
[T2depth] t=57.5520 id=80 src=motion2 u=151.8 v=430.8 depth=5.0000 depth2=-1.0000 track=2 sf=9 flag=init_neg
[T2depth] t=57.5520 id=6144 src=motion2 u=595.3 v=211.9 depth=0.0060 depth2=-1.0000 track=2 sf=9 flag=ok
[T2depth] t=57.5520 id=6149 src=motion2 u=99.0 v=169.0 depth=5.0000 depth2=-1.0000 track=2 sf=9 flag=init_neg
[T2depth] t=57.5520 id=6150 src=motion2 u=61.0 v=115.0 depth=0.0099 depth2=-1.0000 track=2 sf=9 flag=ok
[T2xcross] t=57.5520 id=6151 est=5.0000 svd=0.0423 rel=0.9915 track=2 sf=9
[T2depth] t=57.5520 id=6154 src=stereo u=364.8 v=12.3 depth=3.9357 depth2=-1.0000 track=1 sf=10 flag=ok
[T2gate] t=57.5520 tri=61 rej=0 xrej=0 init_replace=4 gate=0
[T2slv] t=57.5520 phase=1 init_cost=118.455 final_cost=116.335 iters=7 term=0 slv_ms=10.5
[T2diag] t=57.5520 P=[-0.0238 0.0025 0.0020] V=[0.0014 0.0020 0.0020] |Bas|=0.528163 |Bgs|=0.0004637 Bas=[0.153330 -0.505231 0.013715] Bgs=[0.0004021 0.0001389 -0.0001846] tic0=[0.1200 0.0500 -0.0200] tic1=[0.1200 -0.0500 -0.0200] td=0.00000 track=140
[E2uls] flag=1 sh_t=57.584 new_t=57.584 dP=[-0.0003 -0.0004 0.0004] |dP|=0.0006 first_dt=-1.0000
time: 57.552000, t: -0.023814 0.002529 0.001993 q: 0.999664 0.024987 0.006917 0.000284 
[T2xcross] t=57.6840 id=2076 est=1.0679 svd=0.5874 rel=0.4500 track=2 sf=9
[T2xcross] t=57.6840 id=6110 est=0.1308 svd=0.0042 rel=0.9682 track=2 sf=9
[T2xcross] t=57.6840 id=5432 est=3.8548 svd=0.7393 rel=0.8082 track=2 sf=9
[T2xcross] t=57.6840 id=6144 est=0.0060 svd=0.0102 rel=0.4107 track=2 sf=9
[T2xcross] t=57.6840 id=6154 est=3.9357 svd=0.0326 rel=0.9917 track=2 sf=9
[T2depth] t=57.6840 id=6156 src=motion2 u=123.0 v=144.0 depth=0.0065 depth2=-1.0000 track=2 sf=9 flag=ok
[T2depth] t=57.6840 id=6157 src=motion2 u=124.0 v=18.7 depth=0.0041 depth2=-1.0000 track=2 sf=9 flag=ok
[T2depth] t=57.6840 id=6159 src=motion2 u=22.0 v=132.0 depth=5.0000 depth2=-1.0000 track=2 sf=9 flag=init_neg
[T2depth] t=57.6840 id=6160 src=motion2 u=209.0 v=36.0 depth=0.0055 depth2=-1.0000 track=2 sf=9 flag=ok
[T2depth] t=57.6840 id=6161 src=motion2 u=183.0 v=210.0 depth=5.0000 depth2=-1.0000 track=2 sf=9 flag=init_neg
[T2depth] t=57.6840 id=6163 src=motion2 u=120.0 v=77.0 depth=5.0000 depth2=-1.0000 track=2 sf=9 flag=init_neg
[T2depth] t=57.6840 id=6166 src=stereo u=408.3 v=210.7 depth=3.6202 depth2=-1.0000 track=1 sf=10 flag=ok
[T2depth] t=57.6840 id=6173 src=stereo u=491.0 v=198.0 depth=4.0534 depth2=-1.0000 track=1 sf=10 flag=ok
[T2depth] t=57.6840 id=6174 src=stereo u=395.0 v=63.0 depth=3.7915 depth2=-1.0000 track=1 sf=10 flag=ok
[T2depth] t=57.6840 id=6175 src=stereo u=373.0 v=182.0 depth=4.0678 depth2=-1.0000 track=1 sf=10 flag=ok
[T2depth] t=57.6840 id=6176 src=stereo u=258.0 v=130.0 depth=5.0000 depth2=-1.0000 track=1 sf=10 flag=init_neg
[T2gate] t=57.6840 tri=62 rej=0 xrej=0 init_replace=4 gate=0
[T2slv] t=57.6840 phase=1 init_cost=117.626 final_cost=115.6 iters=6 term=0 slv_ms=13.7
[T2diag] t=57.6840 P=[-0.0232 0.0030 0.0021] V=[0.0047 -0.0006 0.0035] |Bas|=0.527582 |Bgs|=0.0004649 Bas=[0.152786 -0.504790 0.013668] Bgs=[0.0003970 0.0001420 -0.0001959] tic0=[0.1200 0.0500 -0.0200] tic1=[0.1200 -0.0500 -0.0200] td=0.00000 track=140
[E2uls] flag=1 sh_t=57.724 new_t=57.724 dP=[0.0002 -0.0003 0.0003] |dP|=0.0005 first_dt=-1.0000
time: 57.684000, t: -0.023211 0.003043 0.002070 q: 0.999664 0.024962 0.006969 0.000250 
[T2xcross] t=57.7840 id=6152 est=5.0000 svd=0.0814 rel=0.9837 track=2 sf=9
[T2depth] t=57.7840 id=6168 src=motion2 u=205.2 v=120.1 depth=5.0000 depth2=-1.0000 track=2 sf=9 flag=init_neg
[T2depth] t=57.7840 id=6169 src=motion2 u=552.3 v=205.7 depth=0.0454 depth2=-1.0000 track=2 sf=9 flag=ok
[T2depth] t=57.7840 id=6171 src=motion2 u=79.0 v=86.0 depth=5.0000 depth2=-1.0000 track=2 sf=9 flag=init_neg
[T2depth] t=57.7840 id=6172 src=motion2 u=401.0 v=32.0 depth=0.0208 depth2=-1.0000 track=2 sf=9 flag=ok
[T2xcross] t=57.7840 id=6175 est=4.0678 svd=0.0414 rel=0.9898 track=2 sf=9
[T2depth] t=57.7840 id=6182 src=stereo u=559.9 v=117.5 depth=28.4493 depth2=-1.0000 track=1 sf=10 flag=ok
[T2depth] t=57.7840 id=6187 src=stereo u=241.0 v=8.0 depth=5.0000 depth2=-1.0000 track=1 sf=10 flag=init_neg
[T2gate] t=57.7840 tri=59 rej=0 xrej=0 init_replace=3 gate=0
[T2slv] t=57.7840 phase=1 init_cost=116.871 final_cost=115.432 iters=9 term=1 slv_ms=9.9
[T2diag] t=57.7840 P=[-0.0230 0.0033 0.0025] V=[0.0050 -0.0012 0.0036] |Bas|=0.532782 |Bgs|=0.0004601 Bas=[0.149313 -0.511243 0.013900] Bgs=[0.0003881 0.0001474 -0.0001983] tic0=[0.1200 0.0500 -0.0200] tic1=[0.1200 -0.0500 -0.0200] td=0.00000 track=139
[E2uls] flag=1 sh_t=57.844 new_t=57.844 dP=[0.0008 -0.0003 -0.0001] |dP|=0.0009 first_dt=-1.0000
time: 57.784000, t: -0.022964 0.003318 0.002470 q: 0.999658 0.025207 0.006945 0.000207 
[T2depth] t=57.8840 id=74 src=motion2 u=550.5 v=335.3 depth=0.5408 depth2=-1.0000 track=2 sf=9 flag=ok
[T2depth] t=57.8840 id=6179 src=motion2 u=60.8 v=182.1 depth=0.1623 depth2=-1.0000 track=2 sf=9 flag=ok
[T2depth] t=57.8840 id=6183 src=motion2 u=502.5 v=197.0 depth=0.0503 depth2=-1.0000 track=2 sf=9 flag=ok
[T2depth] t=57.8840 id=6188 src=motion2 u=444.0 v=66.0 depth=5.0000 depth2=-1.0000 track=2 sf=9 flag=init_neg
[T2depth] t=57.8840 id=6194 src=stereo u=309.8 v=186.7 depth=5.0000 depth2=-1.0000 track=1 sf=10 flag=init_neg
[T2depth] t=57.8840 id=6196 src=stereo u=87.1 v=196.8 depth=17.7382 depth2=-1.0000 track=1 sf=10 flag=ok
[T2depth] t=57.8840 id=6201 src=stereo u=392.0 v=63.0 depth=3.4977 depth2=-1.0000 track=1 sf=10 flag=ok
[T2gate] t=57.8840 tri=64 rej=0 xrej=0 init_replace=2 gate=0
[T2slv] t=57.8840 phase=1 init_cost=119.136 final_cost=117.197 iters=9 term=1 slv_ms=9.9
[T2diag] t=57.8840 P=[-0.0228 0.0035 0.0026] V=[0.0044 -0.0011 0.0021] |Bas|=0.540110 |Bgs|=0.0004622 Bas=[0.147113 -0.519492 0.014288] Bgs=[0.0003852 0.0001568 -0.0002018] tic0=[0.1200 0.0500 -0.0200] tic1=[0.1200 -0.0500 -0.0200] td=0.00000 track=138
[E2uls] flag=1 sh_t=57.920 new_t=57.920 dP=[0.0006 -0.0006 0.0002] |dP|=0.0009 first_dt=-1.0000
time: 57.884000, t: -0.022813 0.003533 0.002589 q: 0.999652 0.025452 0.006861 0.000149 
[T2xcross] t=57.9840 id=6183 est=0.0503 svd=0.0241 rel=0.5211 track=2 sf=9
[T2depth] t=57.9840 id=6189 src=motion2 u=620.1 v=216.1 depth=0.0310 depth2=-1.0000 track=2 sf=9 flag=ok
[T2depth] t=57.9840 id=6191 src=motion2 u=120.4 v=164.1 depth=5.0000 depth2=-1.0000 track=2 sf=9 flag=init_neg
[T2depth] t=57.9840 id=6193 src=motion2 u=187.5 v=130.4 depth=5.0000 depth2=-1.0000 track=2 sf=9 flag=init_neg
[T2xcross] t=57.9840 id=6194 est=5.0000 svd=0.1600 rel=0.9680 track=2 sf=9
[T2depth] t=57.9840 id=6195 src=motion2 u=240.5 v=216.4 depth=0.0700 depth2=-1.0000 track=2 sf=9 flag=ok
[T2xcross] t=57.9840 id=6196 est=17.7382 svd=0.0147 rel=0.9992 track=2 sf=9
[T2depth] t=57.9840 id=6198 src=motion2 u=48.0 v=82.0 depth=5.0000 depth2=-1.0000 track=2 sf=9 flag=init_neg
[T2depth] t=57.9840 id=6206 src=stereo u=588.0 v=119.0 depth=5.0000 depth2=-1.0000 track=1 sf=10 flag=init_neg
[T2depth] t=57.9840 id=6207 src=stereo u=176.0 v=180.0 depth=35.0109 depth2=-1.0000 track=1 sf=10 flag=ok
[T2depth] t=57.9840 id=6212 src=stereo u=572.0 v=42.0 depth=31.1160 depth2=-1.0000 track=1 sf=10 flag=ok
[T2gate] t=57.9840 tri=60 rej=0 xrej=0 init_replace=4 gate=0
[T2slv] t=57.9840 phase=1 init_cost=150.135 final_cost=122.017 iters=9 term=1 slv_ms=20.9
[T2diag] t=57.9840 P=[-0.0239 0.0036 0.0024] V=[0.0018 -0.0009 -0.0021] |Bas|=0.547391 |Bgs|=0.0004628 Bas=[0.147578 -0.526914 0.014820] Bgs=[0.0003780 0.0001552 -0.0002172] tic0=[0.1200 0.0500 -0.0200] tic1=[0.1200 -0.0500 -0.0200] td=0.00000 track=142
[E2uls] flag=1 sh_t=58.032 new_t=58.032 dP=[0.0016 0.0002 0.0005] |dP|=0.0017 first_dt=-1.0000
time: 57.984000, t: -0.023888 0.003553 0.002356 q: 0.999638 0.026052 0.006670 0.000159 
[T2xcross] t=58.0840 id=6187 est=5.0000 svd=0.0037 rel=0.9993 track=2 sf=9
[T2xcross] t=58.0840 id=6201 est=3.4977 svd=0.0676 rel=0.9807 track=2 sf=9
[T2depth] t=58.0840 id=6203 src=motion2 u=341.8 v=82.7 depth=5.0000 depth2=-1.0000 track=2 sf=9 flag=init_neg
[T2depth] t=58.0840 id=6209 src=motion2 u=213.0 v=200.0 depth=0.0660 depth2=-1.0000 track=2 sf=9 flag=ok
[T2depth] t=58.0840 id=6210 src=motion2 u=34.0 v=149.0 depth=0.0295 depth2=-1.0000 track=2 sf=9 flag=ok
[T2depth] t=58.0840 id=6211 src=motion2 u=536.0 v=135.0 depth=0.0544 depth2=-1.0000 track=2 sf=9 flag=ok
[T2depth] t=58.0840 id=6214 src=stereo u=160.7 v=23.7 depth=37.1615 depth2=-1.0000 track=1 sf=10 flag=ok
[T2depth] t=58.0840 id=6222 src=stereo u=536.0 v=60.0 depth=3.5510 depth2=-1.0000 track=1 sf=10 flag=ok
[T2depth] t=58.0840 id=6223 src=stereo u=398.0 v=157.0 depth=4.1096 depth2=-1.0000 track=1 sf=10 flag=ok
[T2depth] t=58.0840 id=6226 src=stereo u=471.0 v=174.0 depth=3.9192 depth2=-1.0000 track=1 sf=10 flag=ok
[T2gate] t=58.0840 tri=58 rej=0 xrej=0 init_replace=1 gate=0
[T2slv] t=58.0840 phase=1 init_cost=116.005 final_cost=115.112 iters=9 term=1 slv_ms=11.6
[T2diag] t=58.0840 P=[-0.0241 0.0037 0.0023] V=[0.0026 0.0011 -0.0005] |Bas|=0.551068 |Bgs|=0.0004663 Bas=[0.146773 -0.530953 0.014927] Bgs=[0.0003799 0.0001518 -0.0002239] tic0=[0.1200 0.0500 -0.0200] tic1=[0.1200 -0.0500 -0.0200] td=0.00000 track=140
[E2uls] flag=1 sh_t=58.128 new_t=58.128 dP=[0.0004 0.0000 -0.0004] |dP|=0.0005 first_dt=-1.0000
time: 58.084000, t: -0.024056 0.003723 0.002252 q: 0.999632 0.026293 0.006671 0.000239 
[T2xcross] t=58.1840 id=6188 est=5.0000 svd=0.0376 rel=0.9925 track=2 sf=9
[T2depth] t=58.1840 id=6217 src=motion2 u=137.7 v=61.9 depth=5.0000 depth2=-1.0000 track=2 sf=9 flag=init_neg
[T2depth] t=58.1840 id=6224 src=motion2 u=212.0 v=109.0 depth=5.0000 depth2=-1.0000 track=2 sf=9 flag=init_neg
[T2depth] t=58.1840 id=6227 src=stereo u=162.8 v=133.0 depth=45.0903 depth2=-1.0000 track=1 sf=10 flag=ok
[T2depth] t=58.1840 id=6236 src=stereo u=537.0 v=34.0 depth=3.8950 depth2=-1.0000 track=1 sf=10 flag=ok
[T2depth] t=58.1840 id=6238 src=stereo u=426.0 v=112.0 depth=3.9039 depth2=-1.0000 track=1 sf=10 flag=ok
[T2gate] t=58.1840 tri=62 rej=0 xrej=0 init_replace=2 gate=0
[T2slv] t=58.1840 phase=1 init_cost=120.229 final_cost=117.574 iters=9 term=1 slv_ms=14.7
[T2diag] t=58.1840 P=[-0.0232 0.0039 0.0024] V=[0.0034 0.0020 0.0034] |Bas|=0.553641 |Bgs|=0.0004719 Bas=[0.144099 -0.534349 0.015003] Bgs=[0.0003839 0.0001603 -0.0002227] tic0=[0.1200 0.0500 -0.0200] tic1=[0.1200 -0.0500 -0.0200] td=0.00000 track=137
[E2uls] flag=1 sh_t=58.228 new_t=58.228 dP=[-0.0003 -0.0002 -0.0000] |dP|=0.0003 first_dt=-1.0000
time: 58.184000, t: -0.023160 0.003937 0.002360 q: 0.999628 0.026443 0.006674 0.000147 
[T2xcross] t=58.2840 id=6227 est=45.0903 svd=0.0060 rel=0.9999 track=2 sf=9
[T2depth] t=58.2840 id=6229 src=motion2 u=558.2 v=206.3 depth=5.0000 depth2=-1.0000 track=2 sf=9 flag=init_neg
[T2depth] t=58.2840 id=6230 src=motion2 u=414.0 v=247.0 depth=0.6198 depth2=-1.0000 track=2 sf=9 flag=ok
[T2depth] t=58.2840 id=6231 src=motion2 u=319.5 v=120.9 depth=5.0000 depth2=-1.0000 track=2 sf=9 flag=init_neg
[T2depth] t=58.2840 id=6232 src=motion2 u=251.5 v=78.9 depth=0.0285 depth2=-1.0000 track=2 sf=9 flag=ok
[T2depth] t=58.2840 id=6235 src=motion2 u=363.2 v=53.9 depth=0.0439 depth2=-1.0000 track=2 sf=9 flag=ok
[T2xcross] t=58.2840 id=6238 est=3.9039 svd=0.0583 rel=0.9851 track=2 sf=9
[T2depth] t=58.2840 id=6239 src=motion2 u=500.0 v=157.0 depth=5.0000 depth2=-1.0000 track=2 sf=9 flag=init_neg
[T2depth] t=58.2840 id=6240 src=motion2 u=480.0 v=102.0 depth=5.0000 depth2=-1.0000 track=2 sf=9 flag=init_neg
[T2depth] t=58.2840 id=6247 src=stereo u=462.6 v=173.5 depth=4.3555 depth2=-1.0000 track=1 sf=10 flag=ok
[T2depth] t=58.2840 id=6248 src=stereo u=577.7 v=155.0 depth=5.0000 depth2=-1.0000 track=1 sf=10 flag=init_neg
[T2depth] t=58.2840 id=6250 src=stereo u=512.0 v=39.0 depth=3.3723 depth2=-1.0000 track=1 sf=10 flag=ok
[T2depth] t=58.2840 id=6251 src=stereo u=136.0 v=50.0 depth=26.9904 depth2=-1.0000 track=1 sf=10 flag=ok
[T2depth] t=58.2840 id=6252 src=stereo u=334.0 v=35.0 depth=40.0408 depth2=-1.0000 track=1 sf=10 flag=ok
[T2depth] t=58.2840 id=6254 src=stereo u=616.0 v=103.0 depth=25.9772 depth2=-1.0000 track=1 sf=10 flag=ok
[T2gate] t=58.2840 tri=64 rej=0 xrej=0 init_replace=5 gate=0
[T2slv] t=58.2840 phase=1 init_cost=126.3 final_cost=123.296 iters=9 term=1 slv_ms=14.6
[T2diag] t=58.2840 P=[-0.0224 0.0028 0.0025] V=[0.0072 0.0003 -0.0044] |Bas|=0.555686 |Bgs|=0.0004672 Bas=[0.140075 -0.537529 0.015096] Bgs=[0.0003680 0.0001637 -0.0002368] tic0=[0.1200 0.0500 -0.0200] tic1=[0.1200 -0.0500 -0.0200] td=0.00000 track=139
[E2uls] flag=1 sh_t=58.352 new_t=58.352 dP=[0.0001 0.0026 -0.0004] |dP|=0.0027 first_dt=-1.0000
time: 58.284000, t: -0.022428 0.002772 0.002455 q: 0.999632 0.026308 0.006598 0.000185 
[T2xcross] t=58.3840 id=36 est=1.2585 svd=2.1702 rel=0.4201 track=2 sf=9
[T2xcross] t=58.3840 id=6235 est=0.0439 svd=0.1115 rel=0.6059 track=2 sf=9
[T2depth] t=58.3840 id=6242 src=motion2 u=166.8 v=243.0 depth=5.0000 depth2=-1.0000 track=2 sf=9 flag=init_neg
[T2depth] t=58.3840 id=6243 src=motion2 u=478.8 v=69.2 depth=5.0000 depth2=-1.0000 track=2 sf=9 flag=init_neg
[T2xcross] t=58.3840 id=6248 est=5.0000 svd=0.2221 rel=0.9556 track=2 sf=9
[T2xcross] t=58.3840 id=6250 est=3.3723 svd=0.2917 rel=0.9135 track=2 sf=9
[T2depth] t=58.3840 id=6253 src=motion2 u=135.0 v=167.0 depth=0.0479 depth2=-1.0000 track=2 sf=9 flag=ok
[T2xcross] t=58.3840 id=6254 est=25.9772 svd=0.1505 rel=0.9942 track=2 sf=9
[T2depth] t=58.3840 id=6259 src=stereo u=454.0 v=204.0 depth=3.8971 depth2=-1.0000 track=1 sf=10 flag=ok
[T2depth] t=58.3840 id=6260 src=stereo u=511.0 v=69.0 depth=3.8831 depth2=-1.0000 track=1 sf=10 flag=ok
[T2depth] t=58.3840 id=6262 src=stereo u=590.0 v=189.0 depth=5.0000 depth2=-1.0000 track=1 sf=10 flag=init_neg
[T2depth] t=58.3840 id=6264 src=stereo u=11.0 v=57.0 depth=5.0000 depth2=-1.0000 track=1 sf=10 flag=init_neg
[T2depth] t=58.3840 id=6265 src=stereo u=487.0 v=204.0 depth=3.2026 depth2=-1.0000 track=1 sf=10 flag=ok
[T2depth] t=58.3840 id=6266 src=stereo u=83.0 v=26.0 depth=23.8813 depth2=-1.0000 track=1 sf=10 flag=ok
[T2gate] t=58.3840 tri=58 rej=0 xrej=0 init_replace=4 gate=0
[T2slv] t=58.3840 phase=1 init_cost=128.095 final_cost=124.92 iters=9 term=1 slv_ms=5.2
[T2diag] t=58.3840 P=[-0.0216 0.0029 0.0025] V=[0.0055 0.0064 -0.0019] |Bas|=0.556187 |Bgs|=0.0004609 Bas=[0.139536 -0.538188 0.015058] Bgs=[0.0003584 0.0001677 -0.0002363] tic0=[0.1200 0.0500 -0.0200] tic1=[0.1200 -0.0500 -0.0200] td=0.00000 track=140
[E2uls] flag=1 sh_t=58.408 new_t=58.408 dP=[0.0000 0.0001 -0.0005] |dP|=0.0005 first_dt=-1.0000
time: 58.384000, t: -0.021581 0.002903 0.002502 q: 0.999631 0.026339 0.006589 0.000148 
[T2depth] t=58.4840 id=6257 src=motion2 u=167.4 v=189.0 depth=5.0000 depth2=-1.0000 track=2 sf=9 flag=init_neg
[T2depth] t=58.4840 id=6261 src=motion2 u=619.0 v=12.0 depth=5.0000 depth2=-1.0000 track=2 sf=9 flag=init_neg
[T2depth] t=58.4840 id=6263 src=motion2 u=603.0 v=53.0 depth=0.9956 depth2=-1.0000 track=2 sf=9 flag=ok
[T2depth] t=58.4840 id=6267 src=stereo u=238.2 v=155.6 depth=18.6206 depth2=-1.0000 track=1 sf=10 flag=ok
[T2depth] t=58.4840 id=6269 src=stereo u=414.2 v=20.6 depth=4.0097 depth2=-1.0000 track=1 sf=10 flag=ok
[T2depth] t=58.4840 id=6270 src=stereo u=480.0 v=100.6 depth=3.6196 depth2=-1.0000 track=1 sf=10 flag=ok
[T2depth] t=58.4840 id=6273 src=stereo u=410.0 v=170.0 depth=3.5430 depth2=-1.0000 track=1 sf=10 flag=ok
[T2depth] t=58.4840 id=6275 src=stereo u=491.0 v=224.0 depth=3.7179 depth2=-1.0000 track=1 sf=10 flag=ok
[T2gate] t=58.4840 tri=57 rej=0 xrej=0 init_replace=2 gate=0
[T2slv] t=58.4840 phase=1 init_cost=133.616 final_cost=126.929 iters=9 term=1 slv_ms=3.3
[T2diag] t=58.4840 P=[-0.0209 0.0029 0.0027] V=[0.0094 0.0008 -0.0045] |Bas|=0.556366 |Bgs|=0.0004561 Bas=[0.139247 -0.538448 0.015083] Bgs=[0.0003536 0.0001617 -0.0002386] tic0=[0.1200 0.0500 -0.0200] tic1=[0.1200 -0.0500 -0.0200] td=0.00000 track=140
[E2uls] flag=1 sh_t=58.536 new_t=58.536 dP=[0.0005 0.0012 -0.0009] |dP|=0.0016 first_dt=-1.0000
time: 58.484000, t: -0.020881 0.002903 0.002702 q: 0.999630 0.026383 0.006613 0.000418 
[T2xcross] t=58.5840 id=6230 est=0.6198 svd=2.3005 rel=0.7306 track=2 sf=9
[T2depth] t=58.5840 id=4790 src=motion2 u=53.6 v=245.7 depth=5.0000 depth2=-1.0000 track=2 sf=9 flag=init_neg
[T2xcross] t=58.5840 id=6267 est=18.6206 svd=0.1279 rel=0.9931 track=2 sf=9
[T2depth] t=58.5840 id=6268 src=motion2 u=170.7 v=62.7 depth=0.3073 depth2=-1.0000 track=2 sf=9 flag=ok
[T2depth] t=58.5840 id=6271 src=motion2 u=335.3 v=9.3 depth=5.0000 depth2=-1.0000 track=2 sf=9 flag=init_neg
[T2depth] t=58.5840 id=6279 src=stereo u=279.0 v=186.0 depth=5.0000 depth2=-1.0000 track=1 sf=10 flag=init_neg
[T2depth] t=58.5840 id=6281 src=stereo u=233.0 v=61.0 depth=5.0000 depth2=-1.0000 track=1 sf=10 flag=init_neg
[T2depth] t=58.5840 id=6284 src=stereo u=74.0 v=62.0 depth=41.4643 depth2=-1.0000 track=1 sf=10 flag=ok
[T2gate] t=58.5840 tri=56 rej=0 xrej=0 init_replace=4 gate=0
[T2slv] t=58.5840 phase=1 init_cost=129.238 final_cost=126.784 iters=9 term=1 slv_ms=14.0
[T2diag] t=58.5840 P=[-0.0200 0.0014 0.0029] V=[0.0150 0.0034 -0.0048] |Bas|=0.553046 |Bgs|=0.0004649 Bas=[0.137501 -0.535474 0.014880] Bgs=[0.0003518 0.0001641 -0.0002559] tic0=[0.1200 0.0500 -0.0200] tic1=[0.1200 -0.0500 -0.0200] td=0.00000 track=142
[E2uls] flag=1 sh_t=58.624 new_t=58.624 dP=[0.0008 0.0017 -0.0011] |dP|=0.0022 first_dt=-1.0000
time: 58.584000, t: -0.020006 0.001426 0.002937 q: 0.999629 0.026410 0.006594 0.000568 
[T2depth] t=58.6840 id=6278 src=motion2 u=30.7 v=56.7 depth=5.0000 depth2=-1.0000 track=2 sf=9 flag=init_neg
[T2xcross] t=58.6840 id=6279 est=5.0000 svd=0.1299 rel=0.9740 track=2 sf=9
[T2depth] t=58.6840 id=6280 src=motion2 u=446.0 v=122.0 depth=5.0000 depth2=-1.0000 track=2 sf=9 flag=init_neg
[T2depth] t=58.6840 id=6282 src=motion2 u=609.0 v=216.0 depth=5.0000 depth2=-1.0000 track=2 sf=9 flag=init_neg
[T2depth] t=58.6840 id=4332 src=stereo u=526.5 v=252.0 depth=2.0881 depth2=-1.0000 track=1 sf=10 flag=ok
[T2depth] t=58.6840 id=6286 src=stereo u=359.9 v=22.1 depth=3.5306 depth2=-1.0000 track=1 sf=10 flag=ok
[T2depth] t=58.6840 id=6287 src=stereo u=408.6 v=74.8 depth=3.2613 depth2=-1.0000 track=1 sf=10 flag=ok
[T2depth] t=58.6840 id=6288 src=stereo u=312.4 v=171.8 depth=5.0000 depth2=-1.0000 track=1 sf=10 flag=init_neg
[T2depth] t=58.6840 id=6290 src=stereo u=111.2 v=90.5 depth=42.9312 depth2=-1.0000 track=1 sf=10 flag=ok
[T2depth] t=58.6840 id=6294 src=stereo u=13.0 v=161.4 depth=5.0000 depth2=-1.0000 track=1 sf=10 flag=init_neg
[T2depth] t=58.6840 id=6295 src=stereo u=381.0 v=277.0 depth=5.0000 depth2=-1.0000 track=1 sf=10 flag=init_neg
[T2depth] t=58.6840 id=6296 src=stereo u=188.0 v=98.0 depth=5.0000 depth2=-1.0000 track=1 sf=10 flag=init_neg
[T2gate] t=58.6840 tri=59 rej=0 xrej=0 init_replace=7 gate=0
[T2slv] t=58.6840 phase=1 init_cost=120.866 final_cost=117.703 iters=9 term=1 slv_ms=21.5
[T2diag] t=58.6840 P=[-0.0214 0.0021 0.0026] V=[0.0140 0.0067 -0.0069] |Bas|=0.548219 |Bgs|=0.0004705 Bas=[0.136708 -0.530700 0.014578] Bgs=[0.0003600 0.0001673 -0.0002526] tic0=[0.1200 0.0500 -0.0200] tic1=[0.1200 -0.0500 -0.0200] td=0.00000 track=139
[E2uls] flag=1 sh_t=58.736 new_t=58.736 dP=[0.0041 0.0000 -0.0010] |dP|=0.0042 first_dt=-1.0000
time: 58.684000, t: -0.021368 0.002088 0.002579 q: 0.999637 0.026155 0.006502 0.000339 
[T2xcross] t=58.7840 id=6259 est=3.8971 svd=0.8255 rel=0.7882 track=3 sf=8
[T2xcross] t=58.7840 id=6269 est=4.0097 svd=0.0399 rel=0.9900 track=3 sf=8
[T2xcross] t=58.7840 id=4332 est=2.0881 svd=5.0149 rel=0.5836 track=2 sf=9
[T2xcross] t=58.7840 id=6286 est=3.5306 svd=0.4603 rel=0.8696 track=2 sf=9
[T2xcross] t=58.7840 id=6287 est=3.2613 svd=0.1770 rel=0.9457 track=2 sf=9
[T2xcross] t=58.7840 id=6288 est=5.0000 svd=0.0064 rel=0.9987 track=2 sf=9
[T2depth] t=58.7840 id=6291 src=motion2 u=560.0 v=240.0 depth=0.6783 depth2=-1.0000 track=2 sf=9 flag=ok
[T2depth] t=58.7840 id=6293 src=motion2 u=135.8 v=14.9 depth=2.9171 depth2=-1.0000 track=2 sf=9 flag=ok
[T2depth] t=58.7840 id=6299 src=stereo u=388.8 v=43.5 depth=3.4497 depth2=-1.0000 track=1 sf=10 flag=ok
[T2depth] t=58.7840 id=6302 src=stereo u=444.0 v=157.0 depth=3.8475 depth2=-1.0000 track=1 sf=10 flag=ok
[T2gate] t=58.7840 tri=53 rej=0 xrej=0 init_replace=0 gate=0
[T2slv] t=58.7840 phase=1 init_cost=128.759 final_cost=123.464 iters=9 term=1 slv_ms=9.0
[T2diag] t=58.7840 P=[-0.0208 0.0015 0.0013] V=[0.0084 0.0048 -0.0071] |Bas|=0.545798 |Bgs|=0.0004769 Bas=[0.135157 -0.528604 0.014354] Bgs=[0.0003435 0.0001932 -0.0002685] tic0=[0.1200 0.0500 -0.0200] tic1=[0.1200 -0.0500 -0.0200] td=0.00000 track=144
[E2uls] flag=1 sh_t=58.832 new_t=58.832 dP=[0.0022 0.0022 -0.0001] |dP|=0.0032 first_dt=-1.0000
time: 58.784000, t: -0.020842 0.001461 0.001283 q: 0.999635 0.026347 0.006016 0.000557 
[T2xcross] t=58.8840 id=6302 est=3.8475 svd=0.3098 rel=0.9195 track=2 sf=9
[T2depth] t=58.8840 id=6306 src=stereo u=28.0 v=172.3 depth=45.7919 depth2=-1.0000 track=1 sf=10 flag=ok
[T2depth] t=58.8840 id=6311 src=stereo u=145.7 v=209.5 depth=5.0000 depth2=-1.0000 track=1 sf=10 flag=init_neg
[T2depth] t=58.8840 id=6314 src=stereo u=491.0 v=168.0 depth=3.6412 depth2=-1.0000 track=1 sf=10 flag=ok
[T2depth] t=58.8840 id=6317 src=stereo u=322.0 v=86.0 depth=5.0000 depth2=-1.0000 track=1 sf=10 flag=init_neg
[T2depth] t=58.8840 id=6318 src=stereo u=403.0 v=216.0 depth=3.7589 depth2=-1.0000 track=1 sf=10 flag=ok
[T2gate] t=58.8840 tri=63 rej=0 xrej=0 init_replace=2 gate=0
[T2slv] t=58.8840 phase=1 init_cost=173.927 final_cost=124.07 iters=9 term=1 slv_ms=5.9
[T2diag] t=58.8840 P=[-0.0214 0.0017 0.0013] V=[0.0061 0.0043 -0.0056] |Bas|=0.543251 |Bgs|=0.0004783 Bas=[0.133368 -0.526438 0.014074] Bgs=[0.0003487 0.0001908 -0.0002661] tic0=[0.1200 0.0500 -0.0200] tic1=[0.1200 -0.0500 -0.0200] td=0.00000 track=135
[E2uls] flag=1 sh_t=58.944 new_t=58.944 dP=[0.0023 0.0007 -0.0013] |dP|=0.0027 first_dt=-1.0000
time: 58.884000, t: -0.021426 0.001693 0.001291 q: 0.999635 0.026329 0.005982 0.000590 
[T2depth] t=58.9840 id=43 src=motion2 u=71.2 v=436.4 depth=0.2429 depth2=-1.0000 track=2 sf=9 flag=ok
[T2depth] t=58.9840 id=46 src=motion2 u=163.6 v=464.9 depth=5.0000 depth2=-1.0000 track=2 sf=9 flag=init_neg
[T2depth] t=58.9840 id=95 src=motion2 u=9.2 v=460.7 depth=0.2738 depth2=-1.0000 track=2 sf=9 flag=ok
[T2depth] t=58.9840 id=6308 src=motion2 u=349.2 v=184.5 depth=5.0000 depth2=-1.0000 track=2 sf=9 flag=init_neg
[T2xcross] t=58.9840 id=6311 est=5.0000 svd=0.0354 rel=0.9929 track=2 sf=9
[T2depth] t=58.9840 id=6312 src=motion2 u=55.0 v=45.0 depth=0.1287 depth2=-1.0000 track=2 sf=9 flag=ok
[T2depth] t=58.9840 id=6316 src=motion2 u=19.0 v=223.0 depth=5.0000 depth2=-1.0000 track=2 sf=9 flag=init_neg
[T2depth] t=58.9840 id=6320 src=stereo u=82.3 v=25.2 depth=28.5904 depth2=-1.0000 track=1 sf=10 flag=ok
[T2gate] t=58.9840 tri=68 rej=0 xrej=0 init_replace=3 gate=0
[T2slv] t=58.9840 phase=1 init_cost=143.819 final_cost=139.897 iters=9 term=1 slv_ms=10.5
[T2diag] t=58.9840 P=[-0.0214 0.0015 0.0012] V=[0.0069 -0.0018 -0.0000] |Bas|=0.526333 |Bgs|=0.0004800 Bas=[0.125796 -0.510911 0.013067] Bgs=[0.0003550 0.0001973 -0.0002558] tic0=[0.1200 0.0500 -0.0200] tic1=[0.1200 -0.0500 -0.0200] td=0.00000 track=136
[E2uls] flag=1 sh_t=59.044 new_t=59.044 dP=[0.0019 0.0009 -0.0006] |dP|=0.0022 first_dt=-1.0000
time: 58.984000, t: -0.021429 0.001512 0.001241 q: 0.999653 0.025765 0.005512 0.000607 
[T2xcross] t=59.1160 id=6295 est=5.0000 svd=0.1064 rel=0.9787 track=2 sf=9
[T2depth] t=59.1160 id=57 src=motion2 u=380.9 v=316.4 depth=5.0000 depth2=-1.0000 track=2 sf=9 flag=init_neg
[T2depth] t=59.1160 id=84 src=motion2 u=408.6 v=289.2 depth=0.1987 depth2=-1.0000 track=2 sf=9 flag=ok
[T2depth] t=59.1160 id=6319 src=motion2 u=169.0 v=136.0 depth=0.5497 depth2=-1.0000 track=2 sf=9 flag=ok
[T2depth] t=59.1160 id=6321 src=motion2 u=261.1 v=52.0 depth=5.0000 depth2=-1.0000 track=2 sf=9 flag=init_neg
[T2depth] t=59.1160 id=6323 src=motion2 u=93.4 v=86.2 depth=5.0000 depth2=-1.0000 track=2 sf=9 flag=init_neg
[T2depth] t=59.1160 id=6324 src=motion2 u=552.6 v=32.7 depth=5.0000 depth2=-1.0000 track=2 sf=9 flag=init_neg
[T2depth] t=59.1160 id=6325 src=motion2 u=599.0 v=119.0 depth=0.0259 depth2=-1.0000 track=2 sf=9 flag=ok
[T2depth] t=59.1160 id=6327 src=motion2 u=626.0 v=225.0 depth=5.0000 depth2=-1.0000 track=2 sf=9 flag=init_neg
[T2depth] t=59.1160 id=6328 src=motion2 u=46.0 v=104.0 depth=0.1216 depth2=-1.0000 track=2 sf=9 flag=ok
[T2depth] t=59.1160 id=6329 src=motion2 u=514.0 v=64.0 depth=0.0398 depth2=-1.0000 track=2 sf=9 flag=ok
[T2depth] t=59.1160 id=6330 src=motion2 u=333.0 v=90.0 depth=0.0342 depth2=-1.0000 track=2 sf=9 flag=ok
[T2depth] t=59.1160 id=6334 src=stereo u=369.9 v=151.5 depth=3.2839 depth2=-1.0000 track=1 sf=10 flag=ok
[T2depth] t=59.1160 id=6335 src=stereo u=411.7 v=172.6 depth=4.1872 depth2=-1.0000 track=1 sf=10 flag=ok
[T2depth] t=59.1160 id=6338 src=stereo u=485.0 v=195.0 depth=3.4690 depth2=-1.0000 track=1 sf=10 flag=ok
[T2gate] t=59.1160 tri=70 rej=0 xrej=0 init_replace=5 gate=0
[T2slv] t=59.1160 phase=1 init_cost=121.666 final_cost=117.809 iters=9 term=1 slv_ms=8.2
[T2diag] t=59.1160 P=[-0.0209 0.0017 0.0012] V=[0.0030 0.0030 -0.0040] |Bas|=0.520462 |Bgs|=0.0004833 Bas=[0.123846 -0.505351 0.012759] Bgs=[0.0003628 0.0001954 -0.0002525] tic0=[0.1200 0.0500 -0.0200] tic1=[0.1200 -0.0500 -0.0200] td=0.00000 track=137
[E2uls] flag=1 sh_t=59.184 new_t=59.184 dP=[0.0011 -0.0004 -0.0005] |dP|=0.0013 first_dt=-1.0000
time: 59.116000, t: -0.020900 0.001748 0.001163 q: 0.999663 0.025407 0.005315 0.000421 
[T2xcross] t=59.2480 id=6316 est=5.0000 svd=0.0873 rel=0.9825 track=2 sf=9
[T2depth] t=59.2480 id=10 src=motion2 u=352.1 v=346.6 depth=5.0000 depth2=-1.0000 track=2 sf=9 flag=init_neg
[T2depth] t=59.2480 id=11 src=motion2 u=398.8 v=342.5 depth=5.0000 depth2=-1.0000 track=2 sf=9 flag=init_neg
[T2depth] t=59.2480 id=68 src=motion2 u=354.0 v=291.3 depth=5.0000 depth2=-1.0000 track=2 sf=9 flag=init_neg
[T2depth] t=59.2480 id=76 src=motion2 u=434.0 v=324.4 depth=5.0000 depth2=-1.0000 track=2 sf=9 flag=init_neg
[T2depth] t=59.2480 id=94 src=motion2 u=598.2 v=298.1 depth=5.0000 depth2=-1.0000 track=2 sf=9 flag=init_neg
[T2depth] t=59.2480 id=1790 src=motion2 u=132.1 v=245.0 depth=5.0000 depth2=-1.0000 track=2 sf=9 flag=init_neg
[T2depth] t=59.2480 id=6333 src=motion2 u=238.3 v=218.6 depth=0.1911 depth2=-1.0000 track=2 sf=9 flag=ok
[T2xcross] t=59.2480 id=6335 est=4.1872 svd=0.3609 rel=0.9138 track=2 sf=9
[T2depth] t=59.2480 id=6336 src=motion2 u=566.8 v=200.4 depth=0.2566 depth2=-1.0000 track=2 sf=9 flag=ok
[T2depth] t=59.2480 id=6337 src=motion2 u=35.0 v=151.0 depth=0.2382 depth2=-1.0000 track=2 sf=9 flag=ok
[T2depth] t=59.2480 id=6339 src=stereo u=396.2 v=210.9 depth=3.4161 depth2=-1.0000 track=1 sf=10 flag=ok
[T2gate] t=59.2480 tri=59 rej=0 xrej=0 init_replace=6 gate=0
[T2slv] t=59.2480 phase=1 init_cost=119.867 final_cost=117.562 iters=9 term=1 slv_ms=12.3
[T2diag] t=59.2480 P=[-0.0210 0.0016 0.0012] V=[0.0019 -0.0004 -0.0009] |Bas|=0.513323 |Bgs|=0.0004840 Bas=[0.120281 -0.498883 0.012210] Bgs=[0.0003601 0.0001974 -0.0002562] tic0=[0.1200 0.0500 -0.0200] tic1=[0.1200 -0.0500 -0.0200] td=0.00000 track=145
[E2uls] flag=1 sh_t=59.288 new_t=59.288 dP=[0.0007 0.0009 -0.0010] |dP|=0.0015 first_dt=-1.0000
time: 59.248000, t: -0.020970 0.001577 0.001199 q: 0.999669 0.025189 0.005138 0.000468 
[T2xcross] t=59.3480 id=84 est=0.1987 svd=0.5851 rel=0.6605 track=2 sf=9
[T2xcross] t=59.3480 id=6336 est=0.2566 svd=0.0281 rel=0.8906 track=2 sf=9
[T2depth] t=59.3480 id=6341 src=motion2 u=543.3 v=125.0 depth=5.0000 depth2=-1.0000 track=2 sf=9 flag=init_neg
[T2depth] t=59.3480 id=6344 src=motion2 u=6.0 v=53.0 depth=5.0000 depth2=-1.0000 track=2 sf=9 flag=init_neg
[T2depth] t=59.3480 id=6345 src=motion2 u=81.0 v=177.0 depth=0.0508 depth2=-1.0000 track=2 sf=9 flag=ok
[T2depth] t=59.3480 id=6351 src=stereo u=535.7 v=214.4 depth=4.8044 depth2=-1.0000 track=1 sf=10 flag=ok
[T2depth] t=59.3480 id=6356 src=stereo u=418.0 v=13.0 depth=3.8528 depth2=-1.0000 track=1 sf=10 flag=ok
[T2gate] t=59.3480 tri=56 rej=0 xrej=0 init_replace=2 gate=0
[T2slv] t=59.3480 phase=1 init_cost=117.713 final_cost=116.811 iters=9 term=1 slv_ms=7.9
[T2diag] t=59.3480 P=[-0.0211 0.0017 0.0012] V=[0.0020 0.0005 -0.0018] |Bas|=0.510084 |Bgs|=0.0004876 Bas=[0.119014 -0.495859 0.012046] Bgs=[0.0003633 0.0001975 -0.0002584] tic0=[0.1200 0.0500 -0.0200] tic1=[0.1200 -0.0500 -0.0200] td=0.00000 track=142
[E2uls] flag=1 sh_t=59.400 new_t=59.400 dP=[0.0005 0.0001 -0.0003] |dP|=0.0006 first_dt=-1.0000
time: 59.348000, t: -0.021109 0.001652 0.001163 q: 0.999673 0.025078 0.005012 0.000456 
[T2xcross] t=59.4480 id=6329 est=0.0398 svd=0.1677 rel=0.7627 track=2 sf=9
[T2xcross] t=59.4480 id=6351 est=4.8044 svd=0.2780 rel=0.9421 track=2 sf=9
[T2depth] t=59.4480 id=6352 src=motion2 u=446.0 v=129.0 depth=5.0000 depth2=-1.0000 track=2 sf=9 flag=init_neg
[T2depth] t=59.4480 id=6353 src=motion2 u=400.0 v=139.0 depth=0.0465 depth2=-1.0000 track=2 sf=9 flag=ok
[T2depth] t=59.4480 id=6355 src=motion2 u=577.0 v=152.0 depth=0.0511 depth2=-1.0000 track=2 sf=9 flag=ok
[T2xcross] t=59.4480 id=6356 est=3.8528 svd=0.0157 rel=0.9959 track=2 sf=9
[T2depth] t=59.4480 id=6361 src=stereo u=559.2 v=15.7 depth=26.6137 depth2=-1.0000 track=1 sf=10 flag=ok
[T2depth] t=59.4480 id=6363 src=stereo u=379.0 v=54.0 depth=3.4977 depth2=-1.0000 track=1 sf=10 flag=ok
[T2depth] t=59.4480 id=6365 src=stereo u=115.0 v=113.0 depth=5.0000 depth2=-1.0000 track=1 sf=10 flag=init_neg
[T2depth] t=59.4480 id=6366 src=stereo u=433.0 v=179.0 depth=4.0960 depth2=-1.0000 track=1 sf=10 flag=ok
[T2gate] t=59.4480 tri=59 rej=0 xrej=0 init_replace=2 gate=0
[T2slv] t=59.4480 phase=1 init_cost=117.896 final_cost=116.857 iters=9 term=1 slv_ms=5.7
[T2diag] t=59.4480 P=[-0.0213 0.0018 0.0009] V=[0.0020 0.0028 -0.0037] |Bas|=0.505136 |Bgs|=0.0004875 Bas=[0.116946 -0.491271 0.011779] Bgs=[0.0003653 0.0001903 -0.0002607] tic0=[0.1200 0.0500 -0.0200] tic1=[0.1200 -0.0500 -0.0200] td=0.00000 track=141
[E2uls] flag=1 sh_t=59.480 new_t=59.480 dP=[0.0006 -0.0000 -0.0003] |dP|=0.0006 first_dt=-1.0000
time: 59.448000, t: -0.021253 0.001767 0.000930 q: 0.999681 0.024803 0.004726 0.000368 
[T2xcross] t=59.5480 id=6345 est=0.0508 svd=0.0733 rel=0.3076 track=2 sf=9
[T2depth] t=59.5480 id=6360 src=motion2 u=183.5 v=62.7 depth=5.0000 depth2=-1.0000 track=2 sf=9 flag=init_neg
[T2xcross] t=59.5480 id=6363 est=3.4977 svd=0.1164 rel=0.9667 track=2 sf=9
[T2depth] t=59.5480 id=6364 src=motion2 u=352.0 v=26.0 depth=5.0000 depth2=-1.0000 track=2 sf=9 flag=init_neg
[T2xcross] t=59.5480 id=6365 est=5.0000 svd=0.0620 rel=0.9876 track=2 sf=9
[T2depth] t=59.5480 id=6373 src=stereo u=124.0 v=45.0 depth=29.2053 depth2=-1.0000 track=1 sf=10 flag=ok
[T2gate] t=59.5480 tri=62 rej=0 xrej=0 init_replace=2 gate=0
[T2slv] t=59.5480 phase=1 init_cost=120.596 final_cost=118.036 iters=9 term=1 slv_ms=4.9
[T2diag] t=59.5480 P=[-0.0214 0.0019 0.0010] V=[0.0039 0.0016 -0.0006] |Bas|=0.502344 |Bgs|=0.0004916 Bas=[0.115050 -0.488856 0.011529] Bgs=[0.0003649 0.0001866 -0.0002714] tic0=[0.1200 0.0500 -0.0200] tic1=[0.1200 -0.0500 -0.0200] td=0.00000 track=137
[E2uls] flag=1 sh_t=59.584 new_t=59.584 dP=[0.0006 -0.0001 -0.0006] |dP|=0.0008 first_dt=-1.0000
time: 59.548000, t: -0.021397 0.001867 0.000956 q: 0.999686 0.024623 0.004710 0.000248 
[T2xcross] t=59.6480 id=6373 est=29.2053 svd=0.0075 rel=0.9997 track=2 sf=9
[T2depth] t=59.6480 id=6375 src=motion2 u=243.0 v=220.0 depth=0.0031 depth2=-1.0000 track=2 sf=9 flag=ok
[T2depth] t=59.6480 id=6376 src=motion2 u=335.0 v=163.0 depth=5.0000 depth2=-1.0000 track=2 sf=9 flag=init_neg
[T2depth] t=59.6480 id=6378 src=motion2 u=580.0 v=31.0 depth=0.0248 depth2=-1.0000 track=2 sf=9 flag=ok
[T2depth] t=59.6480 id=6380 src=motion2 u=418.0 v=103.0 depth=5.0000 depth2=-1.0000 track=2 sf=9 flag=init_neg
[T2depth] t=59.6480 id=6381 src=motion2 u=595.0 v=80.0 depth=0.0251 depth2=-1.0000 track=2 sf=9 flag=ok
[T2depth] t=59.6480 id=6383 src=stereo u=369.2 v=104.3 depth=3.9133 depth2=-1.0000 track=1 sf=10 flag=ok
[T2depth] t=59.6480 id=6385 src=stereo u=488.4 v=198.7 depth=4.3713 depth2=-1.0000 track=1 sf=10 flag=ok
[T2depth] t=59.6480 id=6386 src=stereo u=222.5 v=178.2 depth=40.7422 depth2=-1.0000 track=1 sf=10 flag=ok
[T2depth] t=59.6480 id=6393 src=stereo u=231.0 v=98.0 depth=5.0000 depth2=-1.0000 track=1 sf=10 flag=init_neg
[T2depth] t=59.6480 id=6395 src=stereo u=531.0 v=89.0 depth=3.4362 depth2=-1.0000 track=1 sf=10 flag=ok
[T2gate] t=59.6480 tri=70 rej=0 xrej=0 init_replace=3 gate=0
[T2slv] t=59.6480 phase=1 init_cost=122.131 final_cost=120.332 iters=9 term=1 slv_ms=7.7
[T2diag] t=59.6480 P=[-0.0221 0.0017 0.0009] V=[0.0016 -0.0003 -0.0016] |Bas|=0.499869 |Bgs|=0.0004940 Bas=[0.113741 -0.486623 0.011419] Bgs=[0.0003612 0.0001873 -0.0002801] tic0=[0.1200 0.0500 -0.0200] tic1=[0.1200 -0.0500 -0.0200] td=0.00000 track=136
[E2uls] flag=1 sh_t=59.684 new_t=59.684 dP=[0.0011 0.0003 -0.0000] |dP|=0.0011 first_dt=-1.0000
time: 59.648000, t: -0.022060 0.001670 0.000895 q: 0.999692 0.024390 0.004598 0.000267 
[T2depth] t=59.7480 id=6384 src=motion2 u=228.3 v=135.4 depth=0.0828 depth2=-1.0000 track=2 sf=9 flag=ok
[T2depth] t=59.7480 id=6389 src=motion2 u=276.0 v=227.0 depth=5.0000 depth2=-1.0000 track=2 sf=9 flag=init_neg
[T2depth] t=59.7480 id=6394 src=motion2 u=40.0 v=31.0 depth=0.0547 depth2=-1.0000 track=2 sf=9 flag=ok
[T2depth] t=59.7480 id=6397 src=motion2 u=548.0 v=187.0 depth=5.0000 depth2=-1.0000 track=2 sf=9 flag=init_neg
[T2depth] t=59.7480 id=6402 src=stereo u=392.8 v=169.6 depth=3.5457 depth2=-1.0000 track=1 sf=10 flag=ok
[T2depth] t=59.7480 id=6412 src=stereo u=89.0 v=136.0 depth=20.4481 depth2=-1.0000 track=1 sf=10 flag=ok
[T2gate] t=59.7480 tri=68 rej=0 xrej=0 init_replace=2 gate=0
[T2slv] t=59.7480 phase=1 init_cost=122.956 final_cost=120.613 iters=9 term=1 slv_ms=8.2
[T2diag] t=59.7480 P=[-0.0226 0.0012 0.0011] V=[-0.0000 -0.0000 0.0008] |Bas|=0.498489 |Bgs|=0.0005042 Bas=[0.112680 -0.485457 0.011213] Bgs=[0.0003551 0.0001940 -0.0003007] tic0=[0.1200 0.0500 -0.0200] tic1=[0.1200 -0.0500 -0.0200] td=0.00000 track=135
[E2uls] flag=1 sh_t=59.812 new_t=59.812 dP=[0.0005 0.0001 -0.0007] |dP|=0.0008 first_dt=-1.0000
time: 59.748000, t: -0.022598 0.001225 0.001089 q: 0.999693 0.024305 0.004701 0.000415 
[T2xcross] t=59.8480 id=6397 est=5.0000 svd=0.0096 rel=0.9981 track=2 sf=9
[T2depth] t=59.8480 id=6400 src=motion2 u=147.8 v=189.7 depth=0.0171 depth2=-1.0000 track=2 sf=9 flag=ok
[T2depth] t=59.8480 id=6401 src=motion2 u=279.9 v=156.6 depth=5.0000 depth2=-1.0000 track=2 sf=9 flag=init_neg
[T2depth] t=59.8480 id=6408 src=motion2 u=130.0 v=151.0 depth=0.0773 depth2=-1.0000 track=2 sf=9 flag=ok
[T2depth] t=59.8480 id=6409 src=motion2 u=182.0 v=51.0 depth=0.0091 depth2=-1.0000 track=2 sf=9 flag=ok
[T2depth] t=59.8480 id=6411 src=motion2 u=34.0 v=198.0 depth=5.0000 depth2=-1.0000 track=2 sf=9 flag=init_neg
[T2xcross] t=59.8480 id=6412 est=20.4481 svd=0.0133 rel=0.9993 track=2 sf=9
[T2depth] t=59.8480 id=6413 src=motion2 u=520.0 v=7.0 depth=0.0243 depth2=-1.0000 track=2 sf=9 flag=ok
[T2depth] t=59.8480 id=6414 src=motion2 u=111.0 v=112.0 depth=0.0376 depth2=-1.0000 track=2 sf=9 flag=ok
[T2depth] t=59.8480 id=6416 src=motion2 u=462.0 v=165.0 depth=5.0000 depth2=-1.0000 track=2 sf=9 flag=init_neg
[T2depth] t=59.8480 id=6417 src=motion2 u=149.0 v=74.0 depth=0.0549 depth2=-1.0000 track=2 sf=9 flag=ok
[T2depth] t=59.8480 id=6418 src=stereo u=517.0 v=195.0 depth=4.0862 depth2=-1.0000 track=1 sf=10 flag=ok
[T2depth] t=59.8480 id=6422 src=stereo u=558.4 v=94.9 depth=40.5432 depth2=-1.0000 track=1 sf=10 flag=ok
[T2depth] t=59.8480 id=6426 src=stereo u=96.0 v=7.0 depth=5.0000 depth2=-1.0000 track=1 sf=10 flag=init_neg
[T2gate] t=59.8480 tri=67 rej=0 xrej=0 init_replace=4 gate=0
[T2slv] t=59.8480 phase=1 init_cost=119.45 final_cost=117.876 iters=9 term=1 slv_ms=6.5
[T2diag] t=59.8480 P=[-0.0221 0.0012 0.0012] V=[-0.0025 -0.0061 0.0019] |Bas|=0.495729 |Bgs|=0.0005013 Bas=[0.110837 -0.483052 0.011077] Bgs=[0.0003518 0.0001998 -0.0002959] tic0=[0.1200 0.0500 -0.0200] tic1=[0.1200 -0.0500 -0.0200] td=0.00000 track=140
[E2uls] flag=1 sh_t=59.896 new_t=59.896 dP=[-0.0005 -0.0003 0.0003] |dP|=0.0006 first_dt=-1.0000
time: 59.848000, t: -0.022127 0.001171 0.001233 q: 0.999697 0.024188 0.004624 0.000552 
[T2xcross] t=59.9520 id=6411 est=5.0000 svd=0.0350 rel=0.9930 track=2 sf=9
[T2depth] t=59.9520 id=6419 src=motion2 u=363.3 v=74.4 depth=0.1295 depth2=-1.0000 track=2 sf=9 flag=ok
[T2depth] t=59.9520 id=6424 src=motion2 u=231.0 v=162.0 depth=0.0582 depth2=-1.0000 track=2 sf=9 flag=ok
[T2depth] t=59.9520 id=6428 src=motion2 u=275.0 v=22.0 depth=0.0116 depth2=-1.0000 track=2 sf=9 flag=ok
[T2depth] t=59.9520 id=6429 src=stereo u=517.2 v=152.8 depth=4.1045 depth2=-1.0000 track=1 sf=10 flag=ok
[T2depth] t=59.9520 id=6437 src=stereo u=50.6 v=116.0 depth=30.8157 depth2=-1.0000 track=1 sf=10 flag=ok
[T2depth] t=59.9520 id=6438 src=stereo u=198.0 v=91.0 depth=5.0000 depth2=-1.0000 track=1 sf=10 flag=init_neg
[T2depth] t=59.9520 id=6439 src=stereo u=606.0 v=97.0 depth=33.6028 depth2=-1.0000 track=1 sf=10 flag=ok
[T2depth] t=59.9520 id=6440 src=stereo u=531.0 v=209.0 depth=3.4414 depth2=-1.0000 track=1 sf=10 flag=ok
[T2depth] t=59.9520 id=6445 src=stereo u=328.0 v=156.0 depth=5.0000 depth2=-1.0000 track=1 sf=10 flag=init_neg
[T2depth] t=59.9520 id=6446 src=stereo u=522.0 v=93.0 depth=3.5191 depth2=-1.0000 track=1 sf=10 flag=ok
[T2gate] t=59.9520 tri=66 rej=0 xrej=0 init_replace=2 gate=0
[T2slv] t=59.9520 phase=1 init_cost=120.781 final_cost=116.842 iters=9 term=1 slv_ms=4.9
[T2diag] t=59.9520 P=[-0.0223 0.0008 0.0014] V=[-0.0012 -0.0059 0.0035] |Bas|=0.492903 |Bgs|=0.0005046 Bas=[0.110031 -0.480337 0.011078] Bgs=[0.0003569 0.0002025 -0.0002937] tic0=[0.1200 0.0500 -0.0200] tic1=[0.1200 -0.0500 -0.0200] td=0.00000 track=135
[E2uls] flag=1 sh_t=60.008 new_t=60.008 dP=[-0.0001 -0.0012 0.0009] |dP|=0.0015 first_dt=-1.0000
time: 59.952000, t: -0.022279 0.000822 0.001351 q: 0.999699 0.024098 0.004613 0.000637 
[T2xcross] t=60.0840 id=6429 est=4.1045 svd=0.0201 rel=0.9951 track=2 sf=9
[T2depth] t=60.0840 id=6430 src=motion2 u=486.7 v=115.9 depth=0.1376 depth2=-1.0000 track=2 sf=9 flag=ok
[T2depth] t=60.0840 id=6435 src=motion2 u=80.3 v=31.0 depth=5.0000 depth2=-1.0000 track=2 sf=9 flag=init_neg
[T2depth] t=60.0840 id=6436 src=motion2 u=446.0 v=165.7 depth=0.0381 depth2=-1.0000 track=2 sf=9 flag=ok
[T2xcross] t=60.0840 id=6437 est=30.8157 svd=0.1032 rel=0.9967 track=2 sf=9
[T2xcross] t=60.0840 id=6439 est=33.6028 svd=0.1207 rel=0.9964 track=2 sf=9
[T2depth] t=60.0840 id=6442 src=motion2 u=27.0 v=71.0 depth=5.0000 depth2=-1.0000 track=2 sf=9 flag=init_neg
[T2xcross] t=60.0840 id=6446 est=3.5191 svd=0.0311 rel=0.9912 track=2 sf=9
[T2depth] t=60.0840 id=6447 src=motion2 u=630.0 v=45.0 depth=5.0000 depth2=-1.0000 track=2 sf=9 flag=init_neg
[T2depth] t=60.0840 id=6451 src=stereo u=92.6 v=186.6 depth=32.0488 depth2=-1.0000 track=1 sf=10 flag=ok
[T2depth] t=60.0840 id=6455 src=stereo u=577.0 v=50.0 depth=5.0000 depth2=-1.0000 track=1 sf=10 flag=init_neg
[T2depth] t=60.0840 id=6456 src=stereo u=489.0 v=214.0 depth=4.0991 depth2=-1.0000 track=1 sf=10 flag=ok
[T2gate] t=60.0840 tri=62 rej=0 xrej=0 init_replace=4 gate=0
[T2slv] t=60.0840 phase=1 init_cost=129.323 final_cost=119.233 iters=9 term=1 slv_ms=6.8
[T2diag] t=60.0840 P=[-0.0225 0.0007 0.0015] V=[-0.0032 -0.0058 0.0010] |Bas|=0.489819 |Bgs|=0.0005223 Bas=[0.109911 -0.477203 0.010919] Bgs=[0.0003674 0.0002041 -0.0003101] tic0=[0.1200 0.0500 -0.0200] tic1=[0.1200 -0.0500 -0.0200] td=0.00000 track=140
[E2uls] flag=1 sh_t=60.140 new_t=60.140 dP=[0.0000 -0.0023 0.0003] |dP|=0.0024 first_dt=-1.0000
