[0m[INFO] [1790620372.586922052]: init begins[0m
vins stack guard: RLIMIT_STACK soft -> 512 MB
config_file: /home/uav/catkin_ws/src/VINS-Fusion/config/sim_stereo/d1_replay_smooth2.yaml
USE_IMU: 1
IMU_TOPIC: /mavros/imu/data_raw
REANCHOR_SMOOTH: 1 frames: 15
result path /home/uav/vins_output//vio.csv
[33m[WARN] [1790620372.591385795]:  Optimize extrinsic param around initial guess![0m
camera number 2
[0m[INFO] [1790620372.591859855]: Synchronized sensors, fix time offset: 0[0m
[0m[INFO] [1790620372.591875326]: ROW: 480 COL: 640 [0m
 exitrinsic cam 0
 0  0  1
-1  0  0
 0 -1  0
0.12 0.05 0.03
 exitrinsic cam 1
 0  0  1
-1  0  0
 0 -1  0
 0.12 -0.05  0.03
set g    0    0 9.81
[33m[WARN] [1790620372.592224314]: waiting for image and imu...[0m
[0m[INFO] [1790620372.591983227]: reading paramerter of camera /home/uav/catkin_ws/src/VINS-Fusion/config/sim_stereo/left.yaml[0m
[0m[INFO] [1790620372.592124033]: reading paramerter of camera /home/uav/catkin_ws/src/VINS-Fusion/config/sim_stereo/right.yaml[0m
MULTIPLE_THREAD is 1
init first imu pose
averge acc 0.054369 -0.101487 9.915083
init R0 
   0.999985 5.61199e-05 -0.00548278
          0    0.999948   0.0102351
 0.00548307   -0.010235    0.999933
[31m[ERROR] [1790620372.907704208, 233.916000000]: dt clamp: dt=234.9 imu_t=233.8840 prev=-1.0000 (domain split or IMU disorder?)[0m
[33m[WARN] [1790620373.926259005, 234.936000000]: T2SNAP pre AIF=11 fc=10 Vs: 0 0.0072 0.0123 0.0184 0.0231 0.0275 0.0328 0.0388 0.0407 0.0425 0.0448 Ps: 0 0.000335 0.00131 0.00281 0.00488 0.00725 0.0102 0.0138 0.0166 0.0223 0.0279[0m
[33m[WARN] [1790620373.926330792, 234.936000000]: gyroscope bias initial calibration -1.31221e-11  3.77631e-12 -1.57976e-12[0m
[33m[WARN] [1790620373.931001603, 234.940000000]: T2OPT post-solve vmax=0.1895 @i=10 init_cost=18.7 final_cost=3.28 iters=9 term=1[0m
feature tracking not enough, please slowly move you device! 
feature tracking not enough, please slowly move you device! 
pnp failed ! 
feature tracking not enough, please slowly move you device! 
feature tracking not enough, please slowly move you device! 
feature tracking not enough, please slowly move you device! 
feature tracking not enough, please slowly move you device! 
feature tracking not enough, please slowly move you device! 
feature tracking not enough, please slowly move you device! 
feature tracking not enough, please slowly move you device! 
[T2slv] t=234.9160 phase=0 init_cost=18.6969 final_cost=3.28041 iters=9 term=1 slv_ms=2.3
[0m[INFO] [1790620373.931447756, 234.940000000]: Initialization finish![0m
time: 234.916000, t: 0.052854 0.084012 0.014534 q: 0.999906 -0.009159 0.005346 -0.008729 
[T2slv] t=235.0160 phase=1 init_cost=10.5604 final_cost=2.90757 iters=9 term=1 slv_ms=2.9
[T2diag] t=235.0160 P=[0.1295 -0.0783 0.1030] V=[0.5776 -0.2209 0.0601] |Bas|=0.004776 |Bgs|=0.0199110 tic0=[0.1200 0.0500 0.0300] tic1=[0.1200 -0.0500 0.0300] td=0.00000 track=3
[0m[INFO] [1790620374.032300067, 235.040000000]:  big delta_angle [0m
time: 235.016000, t: 0.129490 -0.078291 0.103049 q: 0.999095 0.009003 0.040986 -0.007009 
[T2slv] t=235.1160 phase=1 init_cost=2.37914 final_cost=1.46047 iters=9 term=1 slv_ms=2.0
[T2diag] t=235.1160 P=[0.1933 -0.1029 0.1101] V=[0.6561 -0.2340 0.0572] |Bas|=0.004853 |Bgs|=0.0193188 tic0=[1.0233 3.1685 -1.5735] tic1=[-0.6030 2.6822 -0.4208] td=0.00000 track=1
[0m[INFO] [1790620374.134869963, 235.144000000]:  little feature 1[0m
time: 235.116000, t: 0.193270 -0.102860 0.110113 q: 0.999171 0.007016 0.039394 -0.007510 
[T2slv] t=235.2160 phase=1 init_cost=1.45746 final_cost=1.02166 iters=9 term=1 slv_ms=1.6
[T2diag] t=235.2160 P=[0.2661 -0.1294 0.1175] V=[0.7237 -0.2324 0.0606] |Bas|=0.004976 |Bgs|=0.0184658 tic0=[1.9540 7.0341 -3.7658] tic1=[-1.7692 6.0278 -1.1363] td=0.00000 track=1
[0m[INFO] [1790620374.232630147, 235.240000000]:  little feature 1[0m
time: 235.216000, t: 0.266062 -0.129374 0.117476 q: 0.999268 0.004086 0.037250 -0.007736 
[T2slv] t=235.3160 phase=1 init_cost=1.02118 final_cost=0.821793 iters=9 term=1 slv_ms=1.8
[T2diag] t=235.3160 P=[0.3447 -0.1547 0.1248] V=[0.7781 -0.2216 0.0597] |Bas|=0.005107 |Bgs|=0.0176708 tic0=[2.4971 10.1277 -5.7718] tic1=[-3.0133 8.6939 -1.8876] td=0.00000 track=0
[0m[INFO] [1790620374.328792360, 235.340000000]:  little feature 0[0m
time: 235.316000, t: 0.344741 -0.154655 0.124797 q: 0.999352 0.001260 0.035072 -0.007976 
[T2slv] t=235.4160 phase=1 init_cost=0.821288 final_cost=0.67438 iters=9 term=1 slv_ms=2.9
[T2diag] t=235.4160 P=[0.4284 -0.1776 0.1318] V=[0.8314 -0.2071 0.0582] |Bas|=0.005252 |Bgs|=0.0169210 tic0=[2.6949 12.5337 -7.6313] tic1=[-4.3504 10.7406 -2.6839] td=0.00000 track=1
[0m[INFO] [1790620374.434102946, 235.444000000]:  little feature 1[0m
time: 235.416000, t: 0.428420 -0.177628 0.131817 q: 0.999437 -0.001680 0.032459 -0.008309 
[T2slv] t=235.5160 phase=1 init_cost=0.673764 final_cost=0.567291 iters=9 term=1 slv_ms=2.8
[T2diag] t=235.5160 P=[0.5159 -0.1973 0.1389] V=[0.8770 -0.1832 0.0609] |Bas|=0.005417 |Bgs|=0.0162068 tic0=[2.5909 14.3089 -9.3712] tic1=[-5.7692 12.2092 -3.5163] td=0.00000 track=3
time: 235.516000, t: 0.515928 -0.197259 0.138898 q: 0.999517 -0.004536 0.029523 -0.008627 
[T2slv] t=235.6160 phase=1 init_cost=0.56667 final_cost=0.49307 iters=9 term=1 slv_ms=1.5
[T2diag] t=235.6160 P=[0.6058 -0.2127 0.1460] V=[0.9132 -0.1570 0.0575] |Bas|=0.005604 |Bgs|=0.0155556 tic0=[2.2630 15.5438 -10.9930] tic1=[-7.2126 13.1777 -4.3521] td=0.00000 track=4
time: 235.616000, t: 0.605833 -0.212705 0.145988 q: 0.999580 -0.006826 0.026693 -0.009015 
[T2slv] t=235.7160 phase=1 init_cost=0.492589 final_cost=0.453804 iters=9 term=1 slv_ms=2.1
[T2diag] t=235.7160 P=[0.7044 -0.2288 0.1525] V=[0.9547 -0.1380 0.0561] |Bas|=0.005752 |Bgs|=0.0151450 tic0=[1.8190 15.9573 -12.0361] tic1=[-8.3427 13.4587 -4.9993] td=0.00000 track=1
[0m[INFO] [1790620374.729895677, 235.736000000]:  little feature 1[0m
time: 235.716000, t: 0.704441 -0.228757 0.152459 q: 0.999627 -0.008450 0.024348 -0.009049 
[T2slv] t=235.8160 phase=1 init_cost=0.453173 final_cost=0.4243 iters=9 term=1 slv_ms=1.8
[T2diag] t=235.8160 P=[0.8060 -0.2416 0.1589] V=[0.9926 -0.1105 0.0571] |Bas|=0.005916 |Bgs|=0.0147629 tic0=[1.2823 16.1440 -13.0547] tic1=[-9.5272 13.5301 -5.6729] td=0.00000 track=2
time: 235.816000, t: 0.805964 -0.241620 0.158878 q: 0.999670 -0.010338 0.021728 -0.008999 
[T2slv] t=235.9480 phase=1 init_cost=0.423643 final_cost=0.405346 iters=9 term=1 slv_ms=1.4
[T2diag] t=235.9480 P=[0.9416 -0.2524 0.1669] V=[1.0368 -0.0751 0.0538] |Bas|=0.006107 |Bgs|=0.0143984 tic0=[0.6673 16.1010 -14.0278] tic1=[-10.7256 13.3893 -6.3491] td=0.00000 track=3
time: 235.948000, t: 0.941630 -0.252381 0.166868 q: 0.999719 -0.011689 0.018517 -0.009115 
[T2slv] t=236.0520 phase=1 init_cost=0.404887 final_cost=0.393846 iters=9 term=1 slv_ms=1.5
[T2diag] t=236.0520 P=[1.0533 -0.2571 0.1731] V=[1.0643 -0.0459 0.0527] |Bas|=0.006337 |Bgs|=0.0140495 tic0=[-0.0161 15.8208 -14.9544] tic1=[-11.9314 13.0278 -7.0237] td=0.00000 track=0
[0m[INFO] [1790620375.080002243, 236.076000000]:  little feature 0[0m
time: 236.052000, t: 1.053253 -0.257059 0.173057 q: 0.999755 -0.012549 0.015574 -0.009506 
[T2slv] t=236.1800 phase=1 init_cost=0.393626 final_cost=0.389284 iters=9 term=1 slv_ms=3.2
[T2diag] t=236.1800 P=[1.1925 -0.2514 0.1808] V=[1.0703 0.0034 0.0513] |Bas|=0.007111 |Bgs|=0.0133376 tic0=[-1.7700 14.3405 -16.7002] tic1=[-14.4562 11.4365 -8.4149] td=0.00000 track=0
[0m[INFO] [1790620375.225628667, 236.224000000]:  little feature 0[0m
time: 236.180000, t: 1.192545 -0.251364 0.180798 q: 0.999800 -0.013988 0.010270 -0.009947 
[T2slv] t=236.2520 phase=1 init_cost=0.390898 final_cost=0.382031 iters=9 term=1 slv_ms=2.5
[T2diag] t=236.2520 P=[1.2711 -0.2453 0.1844] V=[1.0828 0.0244 0.0496] |Bas|=0.007601 |Bgs|=0.0130820 tic0=[-2.3107 13.6008 -17.0171] tic1=[-15.0066 10.6919 -8.7040] td=0.00000 track=5
time: 236.252000, t: 1.271119 -0.245304 0.184420 q: 0.999806 -0.013695 0.009654 -0.010326 
[T2slv] t=236.3800 phase=1 init_cost=0.382939 final_cost=0.381289 iters=9 term=1 slv_ms=1.8
[T2diag] t=236.3800 P=[1.4121 -0.2349 0.1907] V=[1.1136 0.0504 0.0462] |Bas|=0.008096 |Bgs|=0.0128775 tic0=[-2.5920 13.2068 -17.1174] tic1=[-15.1796 10.2922 -8.7921] td=0.00000 track=2
time: 236.380000, t: 1.412133 -0.234889 0.190654 q: 0.999813 -0.013304 0.009106 -0.010665 
[T2slv] t=236.4800 phase=1 init_cost=0.382267 final_cost=0.379848 iters=9 term=1 slv_ms=2.4
[T2diag] t=236.4800 P=[1.5255 -0.2111 0.1954] V=[1.1471 0.0808 0.0431] |Bas|=0.009610 |Bgs|=0.0125862 tic0=[-3.0515 12.4078 -16.9962] tic1=[-15.1298 9.5125 -8.7602] td=0.00000 track=1
[0m[INFO] [1790620375.506510360, 236.504000000]:  little feature 1[0m
time: 236.480000, t: 1.525548 -0.211076 0.195368 q: 0.999830 -0.011543 0.009366 -0.010875 
[T2slv] t=236.5800 phase=1 init_cost=0.388039 final_cost=0.374726 iters=9 term=1 slv_ms=4.9
[T2diag] t=236.5800 P=[1.6418 -0.1556 0.2012] V=[1.1954 0.1071 0.0397] |Bas|=0.013668 |Bgs|=0.0155045 tic0=[-3.6696 10.6595 -16.1167] tic1=[-14.4138 7.9102 -8.3847] td=0.00000 track=0
[0m[INFO] [1790620375.608927348, 236.608000000]:  little feature 0[0m
time: 236.580000, t: 1.641838 -0.155625 0.201236 q: 0.999845 -0.006412 0.011086 -0.012060 
[T2slv] t=236.6800 phase=1 init_cost=0.421277 final_cost=0.369092 iters=9 term=1 slv_ms=3.7
[T2diag] t=236.6800 P=[1.7615 -0.0997 0.2070] V=[1.2437 0.1231 0.0378] |Bas|=0.017706 |Bgs|=0.0221017 tic0=[-3.9193 9.4750 -15.2215] tic1=[-13.5916 6.8678 -7.9565] td=0.00000 track=2
time: 236.680000, t: 1.761462 -0.099718 0.207000 q: 0.999821 -0.000869 0.013183 -0.013546 
[T2slv] t=236.7800 phase=1 init_cost=0.400361 final_cost=0.364252 iters=9 term=1 slv_ms=3.9
[T2diag] t=236.7800 P=[1.8844 -0.0435 0.2123] V=[1.2911 0.1209 0.0350] |Bas|=0.021740 |Bgs|=0.0300811 tic0=[-3.9793 8.6037 -14.3195] tic1=[-12.6928 6.1309 -7.4888] td=0.00000 track=7
time: 236.780000, t: 1.884366 -0.043455 0.212279 q: 0.999761 0.005353 0.014925 -0.015019 
[T2slv] t=236.8800 phase=1 init_cost=59.1745 final_cost=10.907 iters=9 term=1 slv_ms=1.8
[T2diag] t=236.8800 P=[2.0152 -0.0296 0.2139] V=[1.3280 0.1012 0.0310] |Bas|=0.021835 |Bgs|=0.0325795 tic0=[-6.1927 6.3238 -17.4669] tic1=[-15.8229 3.3554 -9.2139] td=0.00000 track=1
[0m[INFO] [1790620375.910833921, 236.908000000]:  little feature 1[0m
time: 236.880000, t: 2.015212 -0.029625 0.213871 q: 0.999756 0.007368 0.014079 -0.015319 
[T2slv] t=236.9800 phase=1 init_cost=2.68612 final_cost=1.14818 iters=9 term=1 slv_ms=1.9
[T2diag] t=236.9800 P=[2.1494 -0.0148 0.2172] V=[1.3695 0.0743 0.0281] |Bas|=0.022328 |Bgs|=0.0332075 tic0=[-5.2969 7.1722 -15.0321] tic1=[-13.5835 4.5993 -7.9473] td=0.00000 track=2
time: 236.980000, t: 2.149397 -0.014811 0.217222 q: 0.999717 0.009920 0.014719 -0.015862 
[T2slv] t=237.0800 phase=1 init_cost=1.14854 final_cost=0.362433 iters=9 term=1 slv_ms=1.4
[T2diag] t=237.0800 P=[2.2876 -0.0027 0.2204] V=[1.4083 0.0543 0.0215] |Bas|=0.022839 |Bgs|=0.0341064 tic0=[-4.9520 7.2019 -14.4069] tic1=[-12.9358 4.7215 -7.6013] td=0.00000 track=1
[0m[INFO] [1790620376.111090666, 237.100000000]:  little feature 1[0m
time: 237.080000, t: 2.287550 -0.002722 0.220365 q: 0.999679 0.011686 0.015112 -0.016620 
[T2slv] t=237.1800 phase=1 init_cost=4.75436 final_cost=2.89952 iters=9 term=1 slv_ms=1.5
[T2diag] t=237.1800 P=[2.4306 0.0011 0.2269] V=[1.4431 0.0284 0.0222] |Bas|=0.023266 |Bgs|=0.0346657 tic0=[-4.6897 8.3301 -15.9315] tic1=[-14.1056 5.5839 -8.3146] td=0.00000 track=2
time: 237.180000, t: 2.430632 0.001112 0.226853 q: 0.999651 0.013123 0.014560 -0.017715 
[T2slv] t=237.2800 phase=1 init_cost=2.89946 final_cost=1.12325 iters=9 term=1 slv_ms=2.2
[T2diag] t=237.2800 P=[2.5780 0.0041 0.2328] V=[1.4635 -0.0051 0.0225] |Bas|=0.023612 |Bgs|=0.0357696 tic0=[-4.2957 9.1330 -16.9772] tic1=[-14.9486 6.2185 -8.8012] td=0.00000 track=0
[0m[INFO] [1790620376.314195955, 237.312000000]:  little feature 0[0m
time: 237.280000, t: 2.578034 0.004115 0.232751 q: 0.999618 0.015171 0.013112 -0.019030 
[T2slv] t=237.3800 phase=1 init_cost=1.12258 final_cost=0.529166 iters=9 term=1 slv_ms=3.0
[T2diag] t=237.3800 P=[2.7266 0.0128 0.2438] V=[1.4848 -0.0882 0.0248] |Bas|=0.024644 |Bgs|=0.0434551 tic0=[-1.6436 11.3101 -18.0569] tic1=[-14.5199 8.0387 -8.5654] td=0.00000 track=1
[0m[INFO] [1790620376.411434876, 237.404000000]:  little feature 1[0m
time: 237.380000, t: 2.726604 0.012815 0.243786 q: 0.999400 0.023885 0.012391 -0.021816 
[T2slv] t=237.4800 phase=1 init_cost=0.527134 final_cost=0.459551 iters=9 term=1 slv_ms=3.6
[T2diag] t=237.4800 P=[2.8786 0.0193 0.2563] V=[1.5414 -0.1884 0.0240] |Bas|=0.026015 |Bgs|=0.0531015 tic0=[-2.0990 8.1958 -16.7211] tic1=[-13.4823 5.1936 -8.0685] td=0.00000 track=2
time: 237.480000, t: 2.878566 0.019293 0.256281 q: 0.999026 0.034169 0.015249 -0.023385 
[T2slv] t=237.5800 phase=1 init_cost=0.464235 final_cost=0.394012 iters=9 term=1 slv_ms=4.6
[T2diag] t=237.5800 P=[3.0393 0.0143 0.2670] V=[1.6067 -0.2902 0.0231] |Bas|=0.027188 |Bgs|=0.0600570 tic0=[-2.4973 5.1938 -13.6615] tic1=[-11.2054 2.7789 -6.8941] td=0.00000 track=1
[0m[INFO] [1790620376.633116453, 237.624000000]:  little feature 1[0m
time: 237.580000, t: 3.039275 0.014276 0.266996 q: 0.998626 0.042633 0.018172 -0.024457 
[T2slv] t=237.6800 phase=1 init_cost=0.403832 final_cost=0.370747 iters=9 term=1 slv_ms=2.4
[T2diag] t=237.6800 P=[3.2057 -0.0090 0.2738] V=[1.6584 -0.3921 0.0133] |Bas|=0.027915 |Bgs|=0.0634967 tic0=[-2.6496 4.7857 -12.7880] tic1=[-10.5099 2.5272 -6.5343] td=0.00000 track=1
[0m[INFO] [1790620376.728373296, 237.720000000]:  little feature 1[0m
time: 237.680000, t: 3.205689 -0.009018 0.273783 q: 0.998324 0.048477 0.018873 -0.025369 
[T2slv] t=237.7800 phase=1 init_cost=0.373161 final_cost=0.360966 iters=9 term=1 slv_ms=3.3
[T2diag] t=237.7800 P=[3.3842 -0.0307 0.2863] V=[1.7179 -0.5175 0.0088] |Bas|=0.029795 |Bgs|=0.0696761 tic0=[-2.8881 6.1638 -13.8613] tic1=[-11.1992 3.6682 -6.9193] td=0.00000 track=1
[0m[INFO] [1790620376.812192916, 237.804000000]:  little feature 1[0m
time: 237.780000, t: 3.384219 -0.030731 0.286336 q: 0.997804 0.056835 0.020272 -0.027319 
[T2slv] t=237.8800 phase=1 init_cost=0.373981 final_cost=0.358461 iters=9 term=1 slv_ms=4.6
[T2diag] t=237.8800 P=[3.5669 -0.0692 0.2937] V=[1.7799 -0.6412 -0.0050] |Bas|=0.031401 |Bgs|=0.0731621 tic0=[-2.8473 7.1822 -14.4569] tic1=[-11.5281 4.5499 -7.1036] td=0.00000 track=1
[0m[INFO] [1790620376.926742095, 237.920000000]:  little feature 1[0m
time: 237.880000, t: 3.566870 -0.069247 0.293683 q: 0.997351 0.063293 0.021271 -0.028862 
[T2slv] t=237.9800 phase=1 init_cost=0.367681 final_cost=0.356031 iters=9 term=1 slv_ms=6.4
[T2diag] t=237.9800 P=[3.7655 -0.1048 0.3006] V=[1.8535 -0.7574 -0.0140] |Bas|=0.034817 |Bgs|=0.0763137 tic0=[-2.5074 8.2816 -14.8207] tic1=[-11.5716 5.5441 -7.1369] td=0.00000 track=4
time: 237.980000, t: 3.765528 -0.104808 0.300580 q: 0.996865 0.069550 0.022433 -0.030332 
[T2slv] t=238.0800 phase=1 init_cost=0.391388 final_cost=0.355284 iters=9 term=1 slv_ms=4.1
[T2diag] t=238.0800 P=[3.9683 -0.1641 0.3006] V=[1.9185 -0.8765 -0.0245] |Bas|=0.037763 |Bgs|=0.0766332 tic0=[-2.3696 8.5426 -14.7764] tic1=[-11.4627 5.8014 -7.0799] td=0.00000 track=1
[0m[INFO] [1790620377.125491803, 238.120000000]:  little feature 1[0m
time: 238.080000, t: 3.968303 -0.164071 0.300562 q: 0.996564 0.073339 0.022628 -0.031136 
[T2slv] t=238.1800 phase=1 init_cost=0.371449 final_cost=0.355809 iters=9 term=1 slv_ms=4.8
[T2diag] t=238.1800 P=[4.1768 -0.2374 0.2971] V=[1.9834 -0.9952 -0.0437] |Bas|=0.040530 |Bgs|=0.0763876 tic0=[-2.2823 8.6398 -14.6591] tic1=[-11.3313 5.9134 -7.0091] td=0.00000 track=1
[0m[INFO] [1790620377.212006702, 238.208000000]:  little feature 1[0m
time: 238.180000, t: 4.176753 -0.237365 0.297103 q: 0.996305 0.076454 0.022550 -0.031968 
[T2slv] t=238.2800 phase=1 init_cost=0.364427 final_cost=0.352373 iters=9 term=1 slv_ms=4.7
[T2diag] t=238.2800 P=[4.3923 -0.3218 0.2905] V=[2.0460 -1.1220 -0.0659] |Bas|=0.043265 |Bgs|=0.0760289 tic0=[-2.2052 8.7088 -14.5298] tic1=[-11.1966 6.0000 -6.9362] td=0.00000 track=0
[0m[INFO] [1790620377.317236112, 238.312000000]:  little feature 0[0m
time: 238.280000, t: 4.392263 -0.321787 0.290546 q: 0.996012 0.079957 0.022058 -0.032868 
[T2slv] t=238.3800 phase=1 init_cost=0.363041 final_cost=0.350712 iters=9 term=1 slv_ms=5.7
[T2diag] t=238.3800 P=[4.6141 -0.4186 0.2809] V=[2.1047 -1.2568 -0.0866] |Bas|=0.045937 |Bgs|=0.0756698 tic0=[-2.1351 8.7670 -14.4027] tic1=[-11.0663 6.0758 -6.8654] td=0.00000 track=4
time: 238.380000, t: 4.614114 -0.418574 0.280947 q: 0.995745 0.082831 0.021812 -0.033974 
[T2slv] t=238.4800 phase=1 init_cost=0.363282 final_cost=0.350574 iters=9 term=1 slv_ms=7.2
[T2diag] t=238.4800 P=[4.8424 -0.5281 0.2686] V=[2.1646 -1.3962 -0.1109] |Bas|=0.048553 |Bgs|=0.0753250 tic0=[-2.0697 8.8183 -14.2789] tic1=[-10.9401 6.1444 -6.7968] td=0.00000 track=0
[0m[INFO] [1790620377.525310085, 238.520000000]:  little feature 0[0m
time: 238.480000, t: 4.842402 -0.528135 0.268552 q: 0.995473 0.085790 0.021647 -0.034706 
[T2slv] t=238.5800 phase=1 init_cost=0.363684 final_cost=0.350654 iters=9 term=1 slv_ms=8.8
[T2diag] t=238.5800 P=[5.0772 -0.6511 0.2530] V=[2.2262 -1.5392 -0.1375] |Bas|=0.051126 |Bgs|=0.0749940 tic0=[-2.0069 8.8635 -14.1589] tic1=[-10.8176 6.2065 -6.7302] td=0.00000 track=2
time: 238.580000, t: 5.077169 -0.651093 0.252972 q: 0.995232 0.088231 0.021609 -0.035509 
[T2slv] t=238.6800 phase=1 init_cost=0.363428 final_cost=0.350375 iters=9 term=1 slv_ms=4.6
[T2diag] t=238.6800 P=[5.3193 -0.7872 0.2341] V=[2.2871 -1.6843 -0.1629] |Bas|=0.053672 |Bgs|=0.0746776 tic0=[-1.9500 8.9046 -14.0409] tic1=[-10.6984 6.2640 -6.6652] td=0.00000 track=1
[0m[INFO] [1790620377.709582596, 238.704000000]:  little feature 1[0m
time: 238.680000, t: 5.319317 -0.787194 0.234065 q: 0.994971 0.090845 0.021495 -0.036306 
[T2slv] t=238.7800 phase=1 init_cost=0.362665 final_cost=0.349147 iters=9 term=1 slv_ms=3.8
[T2diag] t=238.7800 P=[5.5686 -0.9367 0.2119] V=[2.3512 -1.8327 -0.1916] |Bas|=0.056209 |Bgs|=0.0743688 tic0=[-1.8953 8.9398 -13.9244] tic1=[-10.5810 6.3157 -6.6013] td=0.00000 track=2
time: 238.780000, t: 5.568632 -0.936733 0.211852 q: 0.994693 0.093424 0.021543 -0.037338 
[T2slv] t=238.8800 phase=1 init_cost=0.360021 final_cost=0.346197 iters=9 term=1 slv_ms=9.3
[T2diag] t=238.8800 P=[5.8252 -1.1004 0.1862] V=[2.4101 -1.9846 -0.2219] |Bas|=0.058714 |Bgs|=0.0740753 tic0=[-1.8460 8.9694 -13.8101] tic1=[-10.4667 6.3615 -6.5391] td=0.00000 track=4
time: 238.880000, t: 5.825241 -1.100370 0.186165 q: 0.994410 0.095977 0.021481 -0.038422 
[T2slv] t=238.9800 phase=1 init_cost=0.362583 final_cost=0.348582 iters=9 term=1 slv_ms=6.3
[T2diag] t=238.9800 P=[6.0889 -1.2790 0.1567] V=[2.4718 -2.1449 -0.2534] |Bas|=0.061171 |Bgs|=0.0737964 tic0=[-1.8003 8.9935 -13.6987] tic1=[-10.3559 6.4015 -6.4788] td=0.00000 track=0
[0m[INFO] [1790620378.039620301, 239.016000000]:  little feature 0[0m
time: 238.980000, t: 6.088869 -1.278996 0.156745 q: 0.994104 0.098786 0.021573 -0.039154 
[T2slv] t=239.0520 phase=1 init_cost=0.358939 final_cost=0.34516 iters=9 term=1 slv_ms=5.4
[T2diag] t=239.0520 P=[6.2874 -1.4119 0.1332] V=[2.5279 -2.2539 -0.2780] |Bas|=0.063426 |Bgs|=0.0735553 tic0=[-1.7531 9.0231 -13.5933] tic1=[-10.2504 6.4463 -6.4215] td=0.00000 track=2
time: 239.052000, t: 6.287365 -1.411911 0.133243 q: 0.993884 0.100684 0.021757 -0.039802 
[T2slv] t=239.1800 phase=1 init_cost=0.357658 final_cost=0.345271 iters=9 term=1 slv_ms=3.9
[T2diag] t=239.1800 P=[6.6357 -1.6877 0.0889] V=[2.6048 -2.4776 -0.3232] |Bas|=0.065692 |Bgs|=0.0732758 tic0=[-1.7180 9.0287 -13.4890] tic1=[-10.1510 6.4675 -6.3673] td=0.00000 track=4
time: 239.180000, t: 6.635680 -1.687708 0.088929 q: 0.993503 0.104076 0.021390 -0.040768 
[T2slv] t=239.2800 phase=1 init_cost=0.358663 final_cost=0.346592 iters=9 term=1 slv_ms=5.0
[T2diag] t=239.2800 P=[6.9200 -1.9171 0.0485] V=[2.6683 -2.6514 -0.3576] |Bas|=0.067862 |Bgs|=0.0730486 tic0=[-1.6856 9.0354 -13.3928] tic1=[-10.0578 6.4885 -6.3166] td=0.00000 track=5
time: 239.280000, t: 6.919952 -1.917086 0.048500 q: 0.993156 0.106939 0.021232 -0.041895 
[T2slv] t=239.3800 phase=1 init_cost=1.30297 final_cost=0.585358 iters=9 term=1 slv_ms=2.0
[T2diag] t=239.3800 P=[7.1823 -2.2029 0.0055] V=[2.7016 -2.8547 -0.3908] |Bas|=0.067518 |Bgs|=0.0714682 tic0=[-5.5681 6.8390 -13.3102] tic1=[-11.5535 4.4753 -7.0738] td=0.00000 track=3
time: 239.380000, t: 7.182301 -2.202878 0.005474 q: 0.993042 0.108146 0.020309 -0.041949 
[T2slv] t=239.4800 phase=1 init_cost=1568.3 final_cost=719.545 iters=9 term=1 slv_ms=2.3
[T2diag] t=239.4800 P=[7.4865 -2.4990 -0.0662] V=[2.8025 -2.8594 -0.4144] |Bas|=0.063717 |Bgs|=0.0533517 tic0=[-1.9488 0.4439 -5.8743] tic1=[24.5310 0.9522 -12.6027] td=0.00000 track=1
[0m[INFO] [1790620378.553648778, 239.516000000]:  little feature 1[0m
time: 239.480000, t: 7.486489 -2.498961 -0.066213 q: 0.995178 0.086223 0.022771 -0.040836 
[T2slv] t=239.5800 phase=1 init_cost=564.433 final_cost=9.69521 iters=9 term=1 slv_ms=4.0
[T2diag] t=239.5800 P=[7.7737 -2.7844 -0.0992] V=[2.8387 -3.0806 -0.4382] |Bas|=0.065630 |Bgs|=0.0580711 tic0=[-5.6047 3.0334 -13.3351] tic1=[17.3588 2.3426 -16.3945] td=0.00000 track=2
time: 239.580000, t: 7.773686 -2.784373 -0.099209 q: 0.994318 0.095553 0.020973 -0.041969 
[T2slv] t=239.6800 phase=1 init_cost=9.70546 final_cost=0.577882 iters=9 term=1 slv_ms=1.9
[T2diag] t=239.6800 P=[8.0398 -3.1195 -0.1411] V=[2.8519 -3.3339 -0.4698] |Bas|=0.066811 |Bgs|=0.0617762 tic0=[-6.0864 3.7428 -13.5522] tic1=[17.2062 2.9916 -16.4978] td=0.00000 track=2
time: 239.680000, t: 8.039753 -3.119468 -0.141105 q: 0.993470 0.103823 0.019859 -0.042930 
[T2slv] t=239.7800 phase=1 init_cost=0.578119 final_cost=0.572814 iters=9 term=1 slv_ms=4.0
[T2diag] t=239.7800 P=[8.2430 -3.5418 -0.1956] V=[2.7917 -3.6929 -0.5223] |Bas|=0.068763 |Bgs|=0.0670029 tic0=[-5.9862 5.1264 -13.6345] tic1=[17.4712 4.2928 -16.3877] td=0.00000 track=2
time: 239.780000, t: 8.243040 -3.541842 -0.195650 q: 0.992125 0.115582 0.018857 -0.044423 
[T2slv] t=239.8800 phase=1 init_cost=0.582321 final_cost=0.573792 iters=9 term=1 slv_ms=8.3
[T2diag] t=239.8800 P=[8.4622 -3.9790 -0.2589] V=[2.7556 -3.9905 -0.5694] |Bas|=0.069787 |Bgs|=0.0674985 tic0=[-6.0621 5.3747 -13.7620] tic1=[17.3746 4.5129 -16.4407] td=0.00000 track=4
time: 239.880000, t: 8.462181 -3.978955 -0.258929 q: 0.991554 0.120087 0.018562 -0.045342 
[T2slv] t=239.9800 phase=1 init_cost=11.3708 final_cost=8.9928 iters=9 term=1 slv_ms=5.4
[T2diag] t=239.9800 P=[8.7493 -4.3806 -0.3150] V=[2.8255 -4.1571 -0.5879] |Bas|=0.069887 |Bgs|=0.0624188 tic0=[-3.4429 4.6857 -12.3022] tic1=[19.0283 4.1053 -15.5589] td=0.00000 track=3
time: 239.980000, t: 8.749276 -4.380619 -0.315015 q: 0.991997 0.115606 0.021165 -0.046139 
[T2slv] t=240.0800 phase=1 init_cost=0.837869 final_cost=0.642716 iters=9 term=1 slv_ms=2.4
[T2diag] t=240.0800 P=[9.0274 -4.8126 -0.3781] V=[2.8380 -4.4101 -0.6294] |Bas|=0.070020 |Bgs|=0.0638063 tic0=[-6.1947 4.3615 -13.8270] tic1=[17.0607 3.5395 -16.5860] td=0.00000 track=1
[0m[INFO] [1790620379.147571354, 240.116000000]:  little feature 1[0m
time: 240.080000, t: 9.027425 -4.812559 -0.378125 q: 0.991418 0.120616 0.018863 -0.046764 
[T2slv] t=240.1800 phase=1 init_cost=63.8534 final_cost=13.6566 iters=9 term=1 slv_ms=4.1
[T2diag] t=240.1800 P=[9.3986 -5.2072 -0.4473] V=[2.9904 -4.4570 -0.6436] |Bas|=0.069809 |Bgs|=0.0538679 tic0=[-3.7452 0.8293 -10.4995] tic1=[16.0107 0.1544 -13.0398] td=0.00000 track=4
time: 240.180000, t: 9.398607 -5.207209 -0.447324 q: 0.992851 0.107967 0.021535 -0.046117 
[T2slv] t=240.2800 phase=1 init_cost=5.07534 final_cost=0.836992 iters=9 term=1 slv_ms=3.0
[T2diag] t=240.2800 P=[9.7288 -5.6399 -0.5129] V=[3.0392 -4.6988 -0.6807] |Bas|=0.070379 |Bgs|=0.0577453 tic0=[-6.2711 2.3960 -13.5975] tic1=[13.0306 1.1536 -14.6182] td=0.00000 track=2
time: 240.280000, t: 9.728751 -5.639880 -0.512947 q: 0.991941 0.116167 0.019062 -0.046855 
[T2slv] t=240.3800 phase=1 init_cost=0.798285 final_cost=0.519835 iters=9 term=1 slv_ms=1.5
[T2diag] t=240.3800 P=[10.0549 -6.1046 -0.5831] V=[3.0890 -4.9415 -0.7242] |Bas|=0.070787 |Bgs|=0.0598621 tic0=[-6.3137 3.0150 -13.7494] tic1=[13.0273 1.7181 -14.6337] td=0.00000 track=2
time: 240.380000, t: 10.054946 -6.104558 -0.583149 q: 0.991169 0.122269 0.018543 -0.047858 
[T2slv] t=240.4800 phase=1 init_cost=0.521311 final_cost=0.51629 iters=9 term=1 slv_ms=2.5
[T2diag] t=240.4800 P=[10.4017 -6.5778 -0.6636] V=[3.1545 -5.2066 -0.7861] |Bas|=0.071787 |Bgs|=0.0640158 tic0=[-5.6601 4.5016 -13.7646] tic1=[13.5013 3.1256 -14.4160] td=0.00000 track=3
time: 240.480000, t: 10.401726 -6.577822 -0.663559 q: 0.989871 0.131843 0.018831 -0.049173 
[T2slv] t=240.5800 phase=1 init_cost=0.517266 final_cost=0.51594 iters=9 term=1 slv_ms=3.8
[T2diag] t=240.5800 P=[10.7399 -7.0866 -0.7623] V=[3.2105 -5.4657 -0.8537] |Bas|=0.072695 |Bgs|=0.0657668 tic0=[-5.4753 5.0129 -13.7531] tic1=[13.6940 3.6089 -14.3275] td=0.00000 track=3
time: 240.580000, t: 10.739932 -7.086560 -0.762260 q: 0.988976 0.137829 0.019646 -0.050433 
[T2slv] t=240.6800 phase=1 init_cost=0.517645 final_cost=0.515725 iters=9 term=1 slv_ms=4.4
[T2diag] t=240.6800 P=[11.0831 -7.6238 -0.8672] V=[3.2642 -5.7189 -0.9211] |Bas|=0.073473 |Bgs|=0.0661012 tic0=[-5.5017 5.0095 -13.7656] tic1=[13.7063 3.5989 -14.3231] td=0.00000 track=3
time: 240.680000, t: 11.083096 -7.623758 -0.867220 q: 0.988440 0.141103 0.020146 -0.051672 
[T2slv] t=240.7800 phase=1 init_cost=0.517514 final_cost=0.515521 iters=9 term=1 slv_ms=8.0
[T2diag] t=240.7800 P=[11.4356 -8.1846 -0.9788] V=[3.3239 -5.9711 -0.9916] |Bas|=0.074323 |Bgs|=0.0662725 tic0=[-5.5330 4.9574 -13.7862] tic1=[13.7000 3.5414 -14.3274] td=0.00000 track=2
time: 240.780000, t: 11.435611 -8.184639 -0.978845 q: 0.987972 0.143893 0.020037 -0.052964 
[T2slv] t=240.8800 phase=1 init_cost=573.518 final_cost=333.937 iters=9 term=1 slv_ms=2.8
[T2diag] t=240.8800 P=[11.5771 -8.9274 -1.0658] V=[3.2365 -6.1181 -0.9540] |Bas|=0.075165 |Bgs|=0.0476450 tic0=[-2.7619 -0.7505 -8.9641] tic1=[5.8174 -2.6689 -6.5480] td=0.00000 track=3
time: 240.880000, t: 11.577109 -8.927447 -1.065809 q: 0.991672 0.114248 0.026578 -0.053176 
[T2slv] t=240.9840 phase=1 init_cost=54.898 final_cost=9.44669 iters=9 term=1 slv_ms=1.9
[T2diag] t=240.9840 P=[12.0256 -9.5094 -1.1680] V=[3.3245 -6.3896 -1.0199] |Bas|=0.075683 |Bgs|=0.0544076 tic0=[-6.6244 1.2059 -14.0061] tic1=[1.1278 -1.6138 -9.0458] td=0.00000 track=3
time: 240.984000, t: 12.025625 -9.509358 -1.168030 q: 0.990060 0.128600 0.019289 -0.053578 
[T2slv] t=241.1160 phase=1 init_cost=11.6847 final_cost=3.5666 iters=9 term=1 slv_ms=1.5
[T2diag] t=241.1160 P=[12.3738 -10.4294 -1.3472] V=[3.2529 -6.7486 -1.1079] |Bas|=0.073146 |Bgs|=0.0519240 tic0=[-11.5076 -7.6028 -9.5013] tic1=[2.8346 -9.4055 -8.0862] td=0.00000 track=3
time: 241.116000, t: 12.373815 -10.429381 -1.347185 q: 0.990231 0.128345 0.015760 -0.052161 
[T2slv] t=241.2200 phase=1 init_cost=3.64696 final_cost=1.59097 iters=9 term=1 slv_ms=2.3
[T2diag] t=241.2200 P=[12.8091 -11.0946 -1.4981] V=[3.3637 -6.9619 -1.1863] |Bas|=0.072279 |Bgs|=0.0519158 tic0=[-13.2716 -8.8695 -10.7711] tic1=[1.3105 -10.8569 -8.8708] td=0.00000 track=1
[0m[INFO] [1790620380.279214361, 241.248000000]:  little feature 1[0m
time: 241.220000, t: 12.809094 -11.094586 -1.498128 q: 0.989965 0.130489 0.014029 -0.052391 
[T2slv] t=241.3160 phase=1 init_cost=1.64993 final_cost=1.56279 iters=9 term=1 slv_ms=2.6
[T2diag] t=241.3160 P=[13.2348 -11.7197 -1.6337] V=[3.4937 -7.1481 -1.2430] |Bas|=0.072125 |Bgs|=0.0517623 tic0=[-13.8646 -8.9951 -11.0876] tic1=[0.8257 -11.0167 -9.1177] td=0.00000 track=6
time: 241.316000, t: 13.234770 -11.719693 -1.633701 q: 0.989735 0.131675 0.015168 -0.053447 
[T2slv] t=241.4160 phase=1 init_cost=1.63805 final_cost=1.55757 iters=9 term=1 slv_ms=1.9
[T2diag] t=241.4160 P=[13.7180 -12.3738 -1.7817] V=[3.6645 -7.3357 -1.3101] |Bas|=0.072055 |Bgs|=0.0521018 tic0=[-13.3931 -8.4681 -11.8110] tic1=[0.4638 -10.6407 -9.3160] td=0.00000 track=4
time: 241.416000, t: 13.718008 -12.373791 -1.781706 q: 0.989264 0.134260 0.017174 -0.055106 
[T2slv] t=241.5160 phase=1 init_cost=482.136 final_cost=52.8161 iters=9 term=1 slv_ms=12.2
[T2diag] t=241.5160 P=[14.3111 -13.0004 -1.9719] V=[4.1257 -7.5852 -1.4406] |Bas|=0.062693 |Bgs|=0.0664218 tic0=[-5.2456 8.5812 -17.9753] tic1=[40.0253 9.8972 -30.0930] td=0.00000 track=5
time: 241.516000, t: 14.311104 -13.000399 -1.971876 q: 0.986000 0.145001 0.043516 -0.069889 
[T2slv] t=241.6160 phase=1 init_cost=3.34896 final_cost=2.6209 iters=9 term=1 slv_ms=1.5
[T2diag] t=241.6160 P=[14.5671 -13.8687 -2.1211] V=[4.0042 -7.9374 -1.4862] |Bas|=0.061955 |Bgs|=0.0621412 tic0=[-7.2204 4.0092 -14.7171] tic1=[41.5962 6.0736 -29.2106] td=0.00000 track=3
time: 241.616000, t: 14.567140 -13.868689 -2.121134 q: 0.986313 0.144480 0.039629 -0.068867 
[T2slv] t=241.7160 phase=1 init_cost=2.95549 final_cost=2.31904 iters=9 term=1 slv_ms=1.5
[T2diag] t=241.7160 P=[15.0060 -14.6619 -2.2888] V=[4.0408 -8.1535 -1.5380] |Bas|=0.060329 |Bgs|=0.0558014 tic0=[-9.1587 -4.4631 -12.0649] tic1=[42.8496 -1.7796 -28.4865] td=0.00000 track=4
time: 241.716000, t: 15.006018 -14.661919 -2.288785 q: 0.987249 0.141406 0.032635 -0.065407 
[T2slv] t=241.8160 phase=1 init_cost=2.32737 final_cost=1.54114 iters=9 term=1 slv_ms=3.0
[T2diag] t=241.8160 P=[15.7774 -15.2848 -2.4544] V=[4.4409 -8.2609 -1.6068] |Bas|=0.062160 |Bgs|=0.0568460 tic0=[-7.5906 -4.1069 -14.1353] tic1=[42.0493 -1.8936 -28.9355] td=0.00000 track=4
time: 241.816000, t: 15.777406 -15.284793 -2.454441 q: 0.986526 0.146295 0.032056 -0.065847 
[T2slv] t=241.9160 phase=1 init_cost=1.84979 final_cost=1.35346 iters=9 term=1 slv_ms=6.8
[T2diag] t=241.9160 P=[16.7203 -15.8085 -2.6670] V=[5.0175 -8.2635 -1.7136] |Bas|=0.068225 |Bgs|=0.0587663 tic0=[-5.7167 -2.9858 -14.3548] tic1=[42.6699 -0.8940 -28.6374] td=0.00000 track=3
time: 241.916000, t: 16.720277 -15.808484 -2.666974 q: 0.985605 0.150383 0.037207 -0.067707 
[T2slv] t=242.0160 phase=1 init_cost=1.63486 final_cost=1.23533 iters=9 term=1 slv_ms=5.0
[T2diag] t=242.0160 P=[17.3932 -16.5350 -2.8884] V=[5.2575 -8.4688 -1.8243] |Bas|=0.074506 |Bgs|=0.0600687 tic0=[-4.6247 -2.1286 -13.9974] tic1=[43.4668 -0.0332 -28.2374] td=0.00000 track=5
time: 242.016000, t: 17.393229 -16.535040 -2.888398 q: 0.984677 0.155112 0.039193 -0.069391 
[T2slv] t=242.1160 phase=1 init_cost=536.997 final_cost=128.398 iters=9 term=1 slv_ms=1.7
[T2diag] t=242.1160 P=[18.2348 -17.1764 -3.0495] V=[5.6286 -8.5368 -1.8534] |Bas|=0.080287 |Bgs|=0.0584953 tic0=[-5.8928 -2.7385 -13.9124] tic1=[19.0021 -3.2166 -17.6414] td=0.00000 track=7
[31m[ERROR] [1790620381.378349538, 242.236000000]: dt clamp: dt=-226.3 imu_t=15.9080 prev=242.1160 (domain split or IMU disorder?)[0m
time: 242.116000, t: 18.234761 -17.176401 -3.049465 q: 0.984614 0.155870 0.038194 -0.069151 
[T2slv] t=242.2160 phase=1 init_cost=8.49015 final_cost=1.96748 iters=9 term=1 slv_ms=2.0
[T2diag] t=242.2160 P=[18.3640 -18.1891 -3.2194] V=[5.2415 -9.0788 -1.9134] |Bas|=0.081960 |Bgs|=0.0583243 tic0=[-8.6929 -4.0519 -15.6300] tic1=[16.9808 -4.8207 -18.7026] td=0.00000 track=4
[33m[WARN] [1790620381.434614447, 242.292000000]: numerical unstable in preintegration[0m
time: 242.216000, t: 18.364034 -18.189094 -3.219354 q: 0.984090 0.160638 0.030877 -0.069340 
[T2slv] t=15.9080 phase=1 init_cost=3.13719e+22 final_cost=3.13719e+22 iters=9 term=1 slv_ms=1.9
[T2diag] t=15.9080 P=[18.4060 -18.2618 -3.2347] V=[5.2453 -9.1040 -1.9192] |Bas|=0.081960 |Bgs|=0.0583243 tic0=[-8.6929 -4.0519 -15.6300] tic1=[16.9808 -4.8207 -18.7026] td=0.00000 track=0
[33m[WARN] [1790620381.468810077, 15.989780496]: numerical unstable in preintegration[0m
[0m[INFO] [1790620381.439746392, 242.296000000]:  little feature 0[0m
time: 15.908000, t: 18.405981 -18.261825 -3.234684 q: 0.984044 0.160894 0.030833 -0.069431 
[T2slv] t=242.2800 phase=1 init_cost=3.13724e+22 final_cost=3.13724e+22 iters=1 term=0 slv_ms=1.2
[T2diag] t=242.2800 P=[18.6794 -18.7395 -3.3354] V=[5.2710 -9.2682 -1.9535] |Bas|=0.081960 |Bgs|=0.0583243 tic0=[-8.6929 -4.0519 -15.6300] tic1=[16.9808 -4.8207 -18.7026] td=0.00000 track=0
[33m[WARN] [1790620381.509374467, 242.368000000]: numerical unstable in preintegration[0m
[33m[WARN] [1790620381.509510860, 242.368000000]: numerical unstable in preintegration[0m
[0m[INFO] [1790620381.469919565, 242.328000000]:  little feature 0[0m
time: 242.280000, t: 18.679409 -18.739505 -3.335410 q: 0.983752 0.162416 0.030737 -0.070060 
[T2slv] t=16.0080 phase=1 init_cost=3.64973e+31 final_cost=3.64973e+31 iters=1 term=0 slv_ms=0.9
[T2diag] t=16.0080 P=[18.7216 -18.8138 -3.3511] V=[5.2748 -9.2939 -1.9588] |Bas|=0.081960 |Bgs|=0.0583243 tic0=[-8.6929 -4.0519 -15.6300] tic1=[16.9808 -4.8207 -18.7026] td=0.00000 track=0
WARNING: Logging before InitGoogleLogging() is written to STDERR
W0929 02:33:01.554688 54547 residual_block.cc:131] 

Error in evaluating the ResidualBlock.

There are two possible reasons. Either the CostFunction did not evaluate and fill all    
residual and jacobians that were requested or there was a non-finite value (nan/infinite)
generated during the or jacobian computation. 

Residual Block size: 4 parameter blocks x 15 residuals

For each parameter block, the value of the parameters are printed in the first column   
and the value of the jacobian under the corresponding residual. If a ParameterBlock was 
held constant then the corresponding jacobian is printed as 'Not Computed'. If an entry 
of the Jacobian/residual array was requested but was not written to by user code, it is 
indicated by 'Uninitialized'. This is an error. Residuals or Jacobian values evaluating 
to Inf or NaN is also an error.  

Residuals:             -nan         -nan         -nan         -nan         -nan         -nan         -nan         -nan         -nan         -nan         -nan         -nan         -nan         -nan         -nan 

Parameter Block 0, size: 7

     18.7216 |         -nan         -nan         -nan         -nan         -nan         -nan         -nan         -nan         -nan         -nan         -nan         -nan         -nan         -nan         -nan 
    -18.8138 |         -nan         -nan         -nan         -nan         -nan         -nan         -nan         -nan         -nan         -nan         -nan         -nan         -nan         -nan         -nan 
    -3.35106 |         -nan         -nan         -nan         -nan         -nan         -nan         -nan         -nan         -nan         -nan         -nan         -nan         -nan         -nan         -nan 
      0.1627 |         -nan         -nan         -nan         -nan         -nan         -nan         -nan         -nan         -nan         -nan         -nan         -nan         -nan         -nan         -nan 
   0.0307468 |         -nan         -nan         -nan         -nan         -nan         -nan         -nan         -nan         -nan         -nan         -nan         -nan         -nan         -nan         -nan 
   -0.070131 |         -nan         -nan         -nan         -nan         -nan         -nan         -nan         -nan         -nan         -nan         -nan         -nan         -nan         -nan         -nan 
      0.9837 |         -nan         -nan         -nan         -nan         -nan         -nan         -nan         -nan         -nan         -nan         -nan         -nan         -nan         -nan         -nan 

Parameter Block 1, size: 9

     5.27482 |         -nan         -nan         -nan         -nan         -nan         -nan         -nan         -nan         -nan         -nan         -nan         -nan         -nan         -nan         -nan 
     -9.2939 |         -nan         -nan         -nan         -nan         -nan         -nan         -nan         -nan         -nan         -nan         -nan         -nan         -nan         -nan         -nan 
    -1.95879 |         -nan         -nan         -nan         -nan         -nan         -nan         -nan         -nan         -nan         -nan         -nan         -nan         -nan         -nan         -nan 
  -0.0105504 |         -nan         -nan         -nan         -nan         -nan         -nan         -nan         -nan         -nan         -nan         -nan         -nan         -nan         -nan         -nan 
  0.00148667 |         -nan         -nan         -nan         -nan         -nan         -nan         -nan         -nan         -nan         -nan         -nan         -nan         -nan         -nan         -nan 
   0.0812644 |         -nan         -nan         -nan         -nan         -nan         -nan         -nan         -nan         -nan         -nan         -nan         -nan         -nan         -nan         -nan 
  -0.0553172 |         -nan         -nan         -nan         -nan         -nan         -nan         -nan         -nan         -nan         -nan         -nan         -nan         -nan         -nan         -nan 
 -0.00173518 |         -nan         -nan         -nan         -nan         -nan         -nan         -nan         -nan         -nan         -nan         -nan         -nan         -nan         -nan         -nan 
   0.0184043 |         -nan         -nan         -nan         -nan         -nan         -nan         -nan         -nan         -nan         -nan         -nan         -nan         -nan         -nan         -nan 

Parameter Block 2, size: 7

     18.7216 |         -nan         -nan         -nan         -nan         -nan         -nan         -nan         -nan         -nan         -nan         -nan         -nan         -nan         -nan         -nan 
    -18.8138 |         -nan         -nan         -nan         -nan         -nan         -nan         -nan         -nan         -nan         -nan         -nan         -nan         -nan         -nan         -nan 
    -3.35106 |         -nan         -nan         -nan         -nan         -nan         -nan         -nan         -nan         -nan         -nan         -nan         -nan         -nan         -nan         -nan 
      0.1627 |         -nan         -nan         -nan         -nan         -nan         -nan         -nan         -nan         -nan         -nan         -nan         -nan         -nan         -nan         -nan 
   0.0307468 |         -nan         -nan         -nan         -nan         -nan         -nan         -nan         -nan         -nan         -nan         -nan         -nan         -nan         -nan         -nan 
   -0.070131 |         -nan         -nan         -nan         -nan         -nan         -nan         -nan         -nan         -nan         -nan         -nan         -nan         -nan         -nan         -nan 
      0.9837 |         -nan         -nan         -nan         -nan         -nan         -nan         -nan         -nan         -nan         -nan         -nan         -nan         -nan         -nan         -nan 

Parameter Block 3, size: 9

     5.27482 |         -nan         -nan         -nan         -nan         -nan         -nan         -nan         -nan         -nan         -nan         -nan         -nan         -nan         -nan         -nan 
     -9.2939 |         -nan         -nan         -nan         -nan         -nan         -nan         -nan         -nan         -nan         -nan         -nan         -nan         -nan         -nan         -nan 
    -1.95879 |         -nan         -nan         -nan         -nan         -nan         -nan         -nan         -nan         -nan         -nan         -nan         -nan         -nan         -nan         -nan 
  -0.0105504 |         -nan         -nan         -nan         -nan         -nan         -nan         -nan         -nan         -nan         -nan         -nan         -nan         -nan         -nan         -nan 
  0.00148667 |         -nan         -nan         -nan         -nan         -nan         -nan         -nan         -nan         -nan         -nan         -nan         -nan         -nan         -nan         -nan 
   0.0812644 |         -nan         -nan         -nan         -nan         -nan         -nan         -nan         -nan         -nan         -nan         -nan         -nan         -nan         -nan         -nan 
  -0.0553172 |         -nan         -nan         -nan         -nan         -nan         -nan         -nan         -nan         -nan         -nan         -nan         -nan         -nan         -nan         -nan 
 -0.00173518 |         -nan         -nan         -nan         -nan         -nan         -nan         -nan         -nan         -nan         -nan         -nan         -nan         -nan         -nan         -nan 
   0.0184043 |         -nan         -nan         -nan         -nan         -nan         -nan         -nan         -nan         -nan         -nan         -nan         -nan         -nan         -nan         -nan 


E0929 02:33:01.554764 54547 trust_region_minimizer.cc:72] Terminating: Residual and Jacobian evaluation failed.
[0m[INFO] [1790620381.510480757, 242.368000000]:  little feature 0[0m
time: 16.008000, t: 18.721592 -18.813753 -3.351059 q: 0.983700 0.162700 0.030747 -0.070131 
[T2slv] t=16.0480 phase=1 init_cost=-1 final_cost=-1 iters=0 term=2 slv_ms=0.3
[T2diag] t=16.0480 P=[18.7216 -18.8138 -3.3511] V=[5.2748 -9.2939 -1.9588] |Bas|=0.081960 |Bgs|=0.0583243 tic0=[-8.6929 -4.0519 -15.6300] tic1=[16.9808 -4.8207 -18.7026] td=0.00000 track=0
W0929 02:33:01.608533 54547 residual_block.cc:131] 

Error in evaluating the ResidualBlock.

There are two possible reasons. Either the CostFunction did not evaluate and fill all    
residual and jacobians that were requested or there was a non-finite value (nan/infinite)
generated during the or jacobian computation. 

Residual Block size: 4 parameter blocks x 15 residuals

For each parameter block, the value of the parameters are printed in the first column   
and the value of the jacobian under the corresponding residual. If a ParameterBlock was 
held constant then the corresponding jacobian is printed as 'Not Computed'. If an entry 
of the Jacobian/residual array was requested but was not written to by user code, it is 
indicated by 'Uninitialized'. This is an error. Residuals or Jacobian values evaluating 
to Inf or NaN is also an error.  

Residuals:             -nan         -nan         -nan         -nan         -nan         -nan         -nan         -nan         -nan         -nan         -nan         -nan         -nan         -nan         -nan 

Parameter Block 0, size: 7

     18.7216 |         -nan         -nan         -nan         -nan         -nan         -nan         -nan         -nan         -nan         -nan         -nan         -nan         -nan         -nan         -nan 
    -18.8138 |         -nan         -nan         -nan         -nan         -nan         -nan         -nan         -nan         -nan         -nan         -nan         -nan         -nan         -nan         -nan 
    -3.35106 |         -nan         -nan         -nan         -nan         -nan         -nan         -nan         -nan         -nan         -nan         -nan         -nan         -nan         -nan         -nan 
      0.1627 |         -nan         -nan         -nan         -nan         -nan         -nan         -nan         -nan         -nan         -nan         -nan         -nan         -nan         -nan         -nan 
   0.0307468 |         -nan         -nan         -nan         -nan         -nan         -nan         -nan         -nan         -nan         -nan         -nan         -nan         -nan         -nan         -nan 
   -0.070131 |         -nan         -nan         -nan         -nan         -nan         -nan         -nan         -nan         -nan         -nan         -nan         -nan         -nan         -nan         -nan 
      0.9837 |         -nan         -nan         -nan         -nan         -nan         -nan         -nan         -nan         -nan         -nan         -nan         -nan         -nan         -nan         -nan 

Parameter Block 1, size: 9

     5.27482 |         -nan         -nan         -nan         -nan         -nan         -nan         -nan         -nan         -nan         -nan         -nan         -nan         -nan         -nan         -nan 
     -9.2939 |         -nan         -nan         -nan         -nan         -nan         -nan         -nan         -nan         -nan         -nan         -nan         -nan         -nan         -nan         -nan 
    -1.95879 |         -nan         -nan         -nan         -nan         -nan         -nan         -nan         -nan         -nan         -nan         -nan         -nan         -nan         -nan         -nan 
  -0.0105504 |         -nan         -nan         -nan         -nan         -nan         -nan         -nan         -nan         -nan         -nan         -nan         -nan         -nan         -nan         -nan 
  0.00148667 |         -nan         -nan         -nan         -nan         -nan         -nan         -nan         -nan         -nan         -nan         -nan         -nan         -nan         -nan         -nan 
   0.0812644 |         -nan         -nan         -nan         -nan         -nan         -nan         -nan         -nan         -nan         -nan         -nan         -nan         -nan         -nan         -nan 
  -0.0553172 |         -nan         -nan         -nan         -nan         -nan         -nan         -nan         -nan         -nan         -nan         -nan         -nan         -nan         -nan         -nan 
 -0.00173518 |         -nan         -nan         -nan         -nan         -nan         -nan         -nan         -nan         -nan         -nan         -nan         -nan         -nan         -nan         -nan 
   0.0184043 |         -nan         -nan         -nan         -nan         -nan         -nan         -nan         -nan         -nan         -nan         -nan         -nan         -nan         -nan         -nan 

Parameter Block 2, size: 7

     18.7216 |         -nan         -nan         -nan         -nan         -nan         -nan         -nan         -nan         -nan         -nan         -nan         -nan         -nan         -nan         -nan 
    -18.8138 |         -nan         -nan         -nan         -nan         -nan         -nan         -nan         -nan         -nan         -nan         -nan         -nan         -nan         -nan         -nan 
    -3.35106 |         -nan         -nan         -nan         -nan         -nan         -nan         -nan         -nan         -nan         -nan         -nan         -nan         -nan         -nan         -nan 
      0.1627 |         -nan         -nan         -nan         -nan         -nan         -nan         -nan         -nan         -nan         -nan         -nan         -nan         -nan         -nan         -nan 
   0.0307468 |         -nan         -nan         -nan         -nan         -nan         -nan         -nan         -nan         -nan         -nan         -nan         -nan         -nan         -nan         -nan 
   -0.070131 |         -nan         -nan         -nan         -nan         -nan         -nan         -nan         -nan         -nan         -nan         -nan         -nan         -nan         -nan         -nan 
      0.9837 |         -nan         -nan         -nan         -nan         -nan         -nan         -nan         -nan         -nan         -nan         -nan         -nan         -nan         -nan         -nan 

Parameter Block 3, size: 9

     5.27482 |         -nan         -nan         -nan         -nan         -nan         -nan         -nan         -nan         -nan         -nan         -nan         -nan         -nan         -nan         -nan 
     -9.2939 |         -nan         -nan         -nan         -nan         -nan         -nan         -nan         -nan         -nan         -nan         -nan         -nan         -nan         -nan         -nan 
    -1.95879 |         -nan         -nan         -nan         -nan         -nan         -nan         -nan         -nan         -nan         -nan         -nan         -nan         -nan         -nan         -nan 
  -0.0105504 |         -nan         -nan         -nan         -nan         -nan         -nan         -nan         -nan         -nan         -nan         -nan         -nan         -nan         -nan         -nan 
  0.00148667 |         -nan         -nan         -nan         -nan         -nan         -nan         -nan         -nan         -nan         -nan         -nan         -nan         -nan         -nan         -nan 
   0.0812644 |         -nan         -nan         -nan         -nan         -nan         -nan         -nan         -nan         -nan         -nan         -nan         -nan         -nan         -nan         -nan 
  -0.0553172 |         -nan         -nan         -nan         -nan         -nan         -nan         -nan         -nan         -nan         -nan         -nan         -nan         -nan         -nan         -nan 
 -0.00173518 |         -nan         -nan         -nan         -nan         -nan         -nan         -nan         -nan         -nan         -nan         -nan         -nan         -nan         -nan         -nan 
   0.0184043 |         -nan         -nan         -nan         -nan         -nan         -nan         -nan         -nan         -nan         -nan         -nan         -nan         -nan         -nan         -nan 


E0929 02:33:01.608563 54547 trust_region_minimizer.cc:72] Terminating: Residual and Jacobian evaluation failed.
[0m[INFO] [1790620381.555115122, 242.416000000]:  little feature 0[0m
time: 16.048000, t: 18.721592 -18.813753 -3.351059 q: 0.983700 0.162700 0.030747 -0.070131 
[T2slv] t=16.1080 phase=1 init_cost=-1 final_cost=-1 iters=0 term=2 slv_ms=0.3
[T2diag] t=16.1080 P=[18.7216 -18.8138 -3.3511] V=[5.2748 -9.2939 -1.9588] |Bas|=0.081960 |Bgs|=0.0583243 tic0=[-8.6929 -4.0519 -15.6300] tic1=[16.9808 -4.8207 -18.7026] td=0.00000 track=0
[33m[WARN] [1790620381.665933368, 242.524000000]: numerical unstable in preintegration[0m
W0929 02:33:01.666059 54547 residual_block.cc:131] 

Error in evaluating the ResidualBlock.

There are two possible reasons. Either the CostFunction did not evaluate and fill all    
residual and jacobians that were requested or there was a non-finite value (nan/infinite)
generated during the or jacobian computation. 

Residual Block size: 4 parameter blocks x 15 residuals

For each parameter block, the value of the parameters are printed in the first column   
and the value of the jacobian under the corresponding residual. If a ParameterBlock was 
held constant then the corresponding jacobian is printed as 'Not Computed'. If an entry 
of the Jacobian/residual array was requested but was not written to by user code, it is 
indicated by 'Uninitialized'. This is an error. Residuals or Jacobian values evaluating 
to Inf or NaN is also an error.  

Residuals:             -nan         -nan         -nan         -nan         -nan         -nan         -nan         -nan         -nan         -nan         -nan         -nan         -nan         -nan         -nan 

Parameter Block 0, size: 7

     18.7216 |         -nan         -nan         -nan         -nan         -nan         -nan         -nan         -nan         -nan         -nan         -nan         -nan         -nan         -nan         -nan 
    -18.8138 |         -nan         -nan         -nan         -nan         -nan         -nan         -nan         -nan         -nan         -nan         -nan         -nan         -nan         -nan         -nan 
    -3.35106 |         -nan         -nan         -nan         -nan         -nan         -nan         -nan         -nan         -nan         -nan         -nan         -nan         -nan         -nan         -nan 
      0.1627 |         -nan         -nan         -nan         -nan         -nan         -nan         -nan         -nan         -nan         -nan         -nan         -nan         -nan         -nan         -nan 
   0.0307468 |         -nan         -nan         -nan         -nan         -nan         -nan         -nan         -nan         -nan         -nan         -nan         -nan         -nan         -nan         -nan 
   -0.070131 |         -nan         -nan         -nan         -nan         -nan         -nan         -nan         -nan         -nan         -nan         -nan         -nan         -nan         -nan         -nan 
      0.9837 |         -nan         -nan         -nan         -nan         -nan         -nan         -nan         -nan         -nan         -nan         -nan         -nan         -nan         -nan         -nan 

Parameter Block 1, size: 9

     5.27482 |         -nan         -nan         -nan         -nan         -nan         -nan         -nan         -nan         -nan         -nan         -nan         -nan         -nan         -nan         -nan 
     -9.2939 |         -nan         -nan         -nan         -nan         -nan         -nan         -nan         -nan         -nan         -nan         -nan         -nan         -nan         -nan         -nan 
    -1.95879 |         -nan         -nan         -nan         -nan         -nan         -nan         -nan         -nan         -nan         -nan         -nan         -nan         -nan         -nan         -nan 
  -0.0105504 |         -nan         -nan         -nan         -nan         -nan         -nan         -nan         -nan         -nan         -nan         -nan         -nan         -nan         -nan         -nan 
  0.00148667 |         -nan         -nan         -nan         -nan         -nan         -nan         -nan         -nan         -nan         -nan         -nan         -nan         -nan         -nan         -nan 
   0.0812644 |         -nan         -nan         -nan         -nan         -nan         -nan         -nan         -nan         -nan         -nan         -nan         -nan         -nan         -nan         -nan 
  -0.0553172 |         -nan         -nan         -nan         -nan         -nan         -nan         -nan         -nan         -nan         -nan         -nan         -nan         -nan         -nan         -nan 
 -0.00173518 |         -nan         -nan         -nan         -nan         -nan         -nan         -nan         -nan         -nan         -nan         -nan         -nan         -nan         -nan         -nan 
   0.0184043 |         -nan         -nan         -nan         -nan         -nan         -nan         -nan         -nan         -nan         -nan         -nan         -nan         -nan         -nan         -nan 

Parameter Block 2, size: 7

     18.7216 |         -nan         -nan         -nan         -nan         -nan         -nan         -nan         -nan         -nan         -nan         -nan         -nan         -nan         -nan         -nan 
    -18.8138 |         -nan         -nan         -nan         -nan         -nan         -nan         -nan         -nan         -nan         -nan         -nan         -nan         -nan         -nan         -nan 
    -3.35106 |         -nan         -nan         -nan         -nan         -nan         -nan         -nan         -nan         -nan         -nan         -nan         -nan         -nan         -nan         -nan 
      0.1627 |         -nan         -nan         -nan         -nan         -nan         -nan         -nan         -nan         -nan         -nan         -nan         -nan         -nan         -nan         -nan 
   0.0307468 |         -nan         -nan         -nan         -nan         -nan         -nan         -nan         -nan         -nan         -nan         -nan         -nan         -nan         -nan         -nan 
   -0.070131 |         -nan         -nan         -nan         -nan         -nan         -nan         -nan         -nan         -nan         -nan         -nan         -nan         -nan         -nan         -nan 
      0.9837 |         -nan         -nan         -nan         -nan         -nan         -nan         -nan         -nan         -nan         -nan         -nan         -nan         -nan         -nan         -nan 

Parameter Block 3, size: 9

     5.27482 |         -nan         -nan         -nan         -nan         -nan         -nan         -nan         -nan         -nan         -nan         -nan         -nan         -nan         -nan         -nan 
     -9.2939 |         -nan         -nan         -nan         -nan         -nan         -nan         -nan         -nan         -nan         -nan         -nan         -nan         -nan         -nan         -nan 
    -1.95879 |         -nan         -nan         -nan         -nan         -nan         -nan         -nan         -nan         -nan         -nan         -nan         -nan         -nan         -nan         -nan 
  -0.0105504 |         -nan         -nan         -nan         -nan         -nan         -nan         -nan         -nan         -nan         -nan         -nan         -nan         -nan         -nan         -nan 
  0.00148667 |         -nan         -nan         -nan         -nan         -nan         -nan         -nan         -nan         -nan         -nan         -nan         -nan         -nan         -nan         -nan 
   0.0812644 |         -nan         -nan         -nan         -nan         -nan         -nan         -nan         -nan         -nan         -nan         -nan         -nan         -nan         -nan         -nan 
  -0.0553172 |         -nan         -nan         -nan         -nan         -nan         -nan         -nan         -nan         -nan         -nan         -nan         -nan         -nan         -nan         -nan 
 -0.00173518 |         -nan         -nan         -nan         -nan         -nan         -nan         -nan         -nan         -nan         -nan         -nan         -nan         -nan         -nan         -nan 
   0.0184043 |         -nan         -nan         -nan         -nan         -nan         -nan         -nan         -nan         -nan         -nan         -nan         -nan         -nan         -nan         -nan 


E0929 02:33:01.666085 54547 trust_region_minimizer.cc:72] Terminating: Residual and Jacobian evaluation failed.
[0m[INFO] [1790620381.609094227, 242.468000000]:  little feature 0[0m
time: 16.108000, t: 18.721592 -18.813753 -3.351059 q: 0.983700 0.162700 0.030747 -0.070131 
[T2slv] t=242.4800 phase=1 init_cost=-1 final_cost=-1 iters=0 term=2 slv_ms=0.4
[T2diag] t=242.4800 P=[19.1119 -19.5083 -3.4974] V=[5.3055 -9.5316 -2.0081] |Bas|=0.081960 |Bgs|=0.0583243 tic0=[-8.6929 -4.0519 -15.6300] tic1=[16.9808 -4.8207 -18.7026] td=0.00000 track=0
[33m[WARN] [1790620381.716635153, 242.576000000]: numerical unstable in preintegration[0m
[33m[WARN] [1790620381.716711481, 242.576000000]: numerical unstable in preintegration[0m
[33m[WARN] [1790620381.716752095, 242.576000000]: numerical unstable in preintegration[0m
W0929 02:33:01.716922 54547 residual_block.cc:131] 

Error in evaluating the ResidualBlock.

There are two possible reasons. Either the CostFunction did not evaluate and fill all    
residual and jacobians that were requested or there was a non-finite value (nan/infinite)
generated during the or jacobian computation. 

Residual Block size: 4 parameter blocks x 15 residuals

For each parameter block, the value of the parameters are printed in the first column   
and the value of the jacobian under the corresponding residual. If a ParameterBlock was 
held constant then the corresponding jacobian is printed as 'Not Computed'. If an entry 
of the Jacobian/residual array was requested but was not written to by user code, it is 
indicated by 'Uninitialized'. This is an error. Residuals or Jacobian values evaluating 
to Inf or NaN is also an error.  

Residuals:             -nan         -nan         -nan         -nan         -nan         -nan         -nan         -nan         -nan         -nan         -nan         -nan         -nan         -nan         -nan 

Parameter Block 0, size: 7

     18.7216 |         -nan         -nan         -nan         -nan         -nan         -nan         -nan         -nan         -nan         -nan         -nan         -nan         -nan         -nan         -nan 
    -18.8138 |         -nan         -nan         -nan         -nan         -nan         -nan         -nan         -nan         -nan         -nan         -nan         -nan         -nan         -nan         -nan 
    -3.35106 |         -nan         -nan         -nan         -nan         -nan         -nan         -nan         -nan         -nan         -nan         -nan         -nan         -nan         -nan         -nan 
      0.1627 |         -nan         -nan         -nan         -nan         -nan         -nan         -nan         -nan         -nan         -nan         -nan         -nan         -nan         -nan         -nan 
   0.0307468 |         -nan         -nan         -nan         -nan         -nan         -nan         -nan         -nan         -nan         -nan         -nan         -nan         -nan         -nan         -nan 
   -0.070131 |         -nan         -nan         -nan         -nan         -nan         -nan         -nan         -nan         -nan         -nan         -nan         -nan         -nan         -nan         -nan 
      0.9837 |         -nan         -nan         -nan         -nan         -nan         -nan         -nan         -nan         -nan         -nan         -nan         -nan         -nan         -nan         -nan 

Parameter Block 1, size: 9

     5.27482 |         -nan         -nan         -nan         -nan         -nan         -nan         -nan         -nan         -nan         -nan         -nan         -nan         -nan         -nan         -nan 
     -9.2939 |         -nan         -nan         -nan         -nan         -nan         -nan         -nan         -nan         -nan         -nan         -nan         -nan         -nan         -nan         -nan 
    -1.95879 |         -nan         -nan         -nan         -nan         -nan         -nan         -nan         -nan         -nan         -nan         -nan         -nan         -nan         -nan         -nan 
  -0.0105504 |         -nan         -nan         -nan         -nan         -nan         -nan         -nan         -nan         -nan         -nan         -nan         -nan         -nan         -nan         -nan 
  0.00148667 |         -nan         -nan         -nan         -nan         -nan         -nan         -nan         -nan         -nan         -nan         -nan         -nan         -nan         -nan         -nan 
   0.0812644 |         -nan         -nan         -nan         -nan         -nan         -nan         -nan         -nan         -nan         -nan         -nan         -nan         -nan         -nan         -nan 
  -0.0553172 |         -nan         -nan         -nan         -nan         -nan         -nan         -nan         -nan         -nan         -nan         -nan         -nan         -nan         -nan         -nan 
 -0.00173518 |         -nan         -nan         -nan         -nan         -nan         -nan         -nan         -nan         -nan         -nan         -nan         -nan         -nan         -nan         -nan 
   0.0184043 |         -nan         -nan         -nan         -nan         -nan         -nan         -nan         -nan         -nan         -nan         -nan         -nan         -nan         -nan         -nan 

Parameter Block 2, size: 7

     18.7216 |         -nan         -nan         -nan         -nan         -nan         -nan         -nan         -nan         -nan         -nan         -nan         -nan         -nan         -nan         -nan 
    -18.8138 |         -nan         -nan         -nan         -nan         -nan         -nan         -nan         -nan         -nan         -nan         -nan         -nan         -nan         -nan         -nan 
    -3.35106 |         -nan         -nan         -nan         -nan         -nan         -nan         -nan         -nan         -nan         -nan         -nan         -nan         -nan         -nan         -nan 
      0.1627 |         -nan         -nan         -nan         -nan         -nan         -nan         -nan         -nan         -nan         -nan         -nan         -nan         -nan         -nan         -nan 
   0.0307468 |         -nan         -nan         -nan         -nan         -nan         -nan         -nan         -nan         -nan         -nan         -nan         -nan         -nan         -nan         -nan 
   -0.070131 |         -nan         -nan         -nan         -nan         -nan         -nan         -nan         -nan         -nan         -nan         -nan         -nan         -nan         -nan         -nan 
      0.9837 |         -nan         -nan         -nan         -nan         -nan         -nan         -nan         -nan         -nan         -nan         -nan         -nan         -nan         -nan         -nan 

Parameter Block 3, size: 9

     5.27482 |         -nan         -nan         -nan         -nan         -nan         -nan         -nan         -nan         -nan         -nan         -nan         -nan         -nan         -nan         -nan 
     -9.2939 |         -nan         -nan         -nan         -nan         -nan         -nan         -nan         -nan         -nan         -nan         -nan         -nan         -nan         -nan         -nan 
    -1.95879 |         -nan         -nan         -nan         -nan         -nan         -nan         -nan         -nan         -nan         -nan         -nan         -nan         -nan         -nan         -nan 
  -0.0105504 |         -nan         -nan         -nan         -nan         -nan         -nan         -nan         -nan         -nan         -nan         -nan         -nan         -nan         -nan         -nan 
  0.00148667 |         -nan         -nan         -nan         -nan         -nan         -nan         -nan         -nan         -nan         -nan         -nan         -nan         -nan         -nan         -nan 
   0.0812644 |         -nan         -nan         -nan         -nan         -nan         -nan         -nan         -nan         -nan         -nan         -nan         -nan         -nan         -nan         -nan 
  -0.0553172 |         -nan         -nan         -nan         -nan         -nan         -nan         -nan         -nan         -nan         -nan         -nan         -nan         -nan         -nan         -nan 
 -0.00173518 |         -nan         -nan         -nan         -nan         -nan         -nan         -nan         -nan         -nan         -nan         -nan         -nan         -nan         -nan         -nan 
   0.0184043 |         -nan         -nan         -nan         -nan         -nan         -nan         -nan         -nan         -nan         -nan         -nan         -nan         -nan         -nan         -nan 


E0929 02:33:01.716949 54547 trust_region_minimizer.cc:72] Terminating: Residual and Jacobian evaluation failed.
[0m[INFO] [1790620381.666400800, 242.524000000]:  little feature 0[0m
time: 242.480000, t: 19.111934 -19.508281 -3.497403 q: 0.983290 0.164906 0.030842 -0.070675 
[T2slv] t=16.2080 phase=1 init_cost=-1 final_cost=-1 iters=0 term=2 slv_ms=0.4
[T2diag] t=16.2080 P=[19.1332 -19.5464 -3.5054] V=[5.3072 -9.5445 -2.0105] |Bas|=0.081960 |Bgs|=0.0583243 tic0=[-8.6929 -4.0519 -15.6300] tic1=[16.9808 -4.8207 -18.7026] td=0.00000 track=0
[33m[WARN] [1790620381.775848713, 16.297273333]: numerical unstable in preintegration[0m
W0929 02:33:01.775978 54547 residual_block.cc:131] 

Error in evaluating the ResidualBlock.

There are two possible reasons. Either the CostFunction did not evaluate and fill all    
residual and jacobians that were requested or there was a non-finite value (nan/infinite)
generated during the or jacobian computation. 

Residual Block size: 4 parameter blocks x 15 residuals

For each parameter block, the value of the parameters are printed in the first column   
and the value of the jacobian under the corresponding residual. If a ParameterBlock was 
held constant then the corresponding jacobian is printed as 'Not Computed'. If an entry 
of the Jacobian/residual array was requested but was not written to by user code, it is 
indicated by 'Uninitialized'. This is an error. Residuals or Jacobian values evaluating 
to Inf or NaN is also an error.  

Residuals:             -nan         -nan         -nan         -nan         -nan         -nan         -nan         -nan         -nan         -nan         -nan         -nan         -nan         -nan         -nan 

Parameter Block 0, size: 7

     18.7216 |         -nan         -nan         -nan         -nan         -nan         -nan         -nan         -nan         -nan         -nan         -nan         -nan         -nan         -nan         -nan 
    -18.8138 |         -nan         -nan         -nan         -nan         -nan         -nan         -nan         -nan         -nan         -nan         -nan         -nan         -nan         -nan         -nan 
    -3.35106 |         -nan         -nan         -nan         -nan         -nan         -nan         -nan         -nan         -nan         -nan         -nan         -nan         -nan         -nan         -nan 
      0.1627 |         -nan         -nan         -nan         -nan         -nan         -nan         -nan         -nan         -nan         -nan         -nan         -nan         -nan         -nan         -nan 
   0.0307468 |         -nan         -nan         -nan         -nan         -nan         -nan         -nan         -nan         -nan         -nan         -nan         -nan         -nan         -nan         -nan 
   -0.070131 |         -nan         -nan         -nan         -nan         -nan         -nan         -nan         -nan         -nan         -nan         -nan         -nan         -nan         -nan         -nan 
      0.9837 |         -nan         -nan         -nan         -nan         -nan         -nan         -nan         -nan         -nan         -nan         -nan         -nan         -nan         -nan         -nan 

Parameter Block 1, size: 9

     5.27482 |         -nan         -nan         -nan         -nan         -nan         -nan         -nan         -nan         -nan         -nan         -nan         -nan         -nan         -nan         -nan 
     -9.2939 |         -nan         -nan         -nan         -nan         -nan         -nan         -nan         -nan         -nan         -nan         -nan         -nan         -nan         -nan         -nan 
    -1.95879 |         -nan         -nan         -nan         -nan         -nan         -nan         -nan         -nan         -nan         -nan         -nan         -nan         -nan         -nan         -nan 
  -0.0105504 |         -nan         -nan         -nan         -nan         -nan         -nan         -nan         -nan         -nan         -nan         -nan         -nan         -nan         -nan         -nan 
  0.00148667 |         -nan         -nan         -nan         -nan         -nan         -nan         -nan         -nan         -nan         -nan         -nan         -nan         -nan         -nan         -nan 
   0.0812644 |         -nan         -nan         -nan         -nan         -nan         -nan         -nan         -nan         -nan         -nan         -nan         -nan         -nan         -nan         -nan 
  -0.0553172 |         -nan         -nan         -nan         -nan         -nan         -nan         -nan         -nan         -nan         -nan         -nan         -nan         -nan         -nan         -nan 
 -0.00173518 |         -nan         -nan         -nan         -nan         -nan         -nan         -nan         -nan         -nan         -nan         -nan         -nan         -nan         -nan         -nan 
   0.0184043 |         -nan         -nan         -nan         -nan         -nan         -nan         -nan         -nan         -nan         -nan         -nan         -nan         -nan         -nan         -nan 

Parameter Block 2, size: 7

     18.7216 |         -nan         -nan         -nan         -nan         -nan         -nan         -nan         -nan         -nan         -nan         -nan         -nan         -nan         -nan         -nan 
    -18.8138 |         -nan         -nan         -nan         -nan         -nan         -nan         -nan         -nan         -nan         -nan         -nan         -nan         -nan         -nan         -nan 
    -3.35106 |         -nan         -nan         -nan         -nan         -nan         -nan         -nan         -nan         -nan         -nan         -nan         -nan         -nan         -nan         -nan 
      0.1627 |         -nan         -nan         -nan         -nan         -nan         -nan         -nan         -nan         -nan         -nan         -nan         -nan         -nan         -nan         -nan 
   0.0307468 |         -nan         -nan         -nan         -nan         -nan         -nan         -nan         -nan         -nan         -nan         -nan         -nan         -nan         -nan         -nan 
   -0.070131 |         -nan         -nan         -nan         -nan         -nan         -nan         -nan         -nan         -nan         -nan         -nan         -nan         -nan         -nan         -nan 
      0.9837 |         -nan         -nan         -nan         -nan         -nan         -nan         -nan         -nan         -nan         -nan         -nan         -nan         -nan         -nan         -nan 

Parameter Block 3, size: 9

     5.27482 |         -nan         -nan         -nan         -nan         -nan         -nan         -nan         -nan         -nan         -nan         -nan         -nan         -nan         -nan         -nan 
     -9.2939 |         -nan         -nan         -nan         -nan         -nan         -nan         -nan         -nan         -nan         -nan         -nan         -nan         -nan         -nan         -nan 
    -1.95879 |         -nan         -nan         -nan         -nan         -nan         -nan         -nan         -nan         -nan         -nan         -nan         -nan         -nan         -nan         -nan 
  -0.0105504 |         -nan         -nan         -nan         -nan         -nan         -nan         -nan         -nan         -nan         -nan         -nan         -nan         -nan         -nan         -nan 
  0.00148667 |         -nan         -nan         -nan         -nan         -nan         -nan         -nan         -nan         -nan         -nan         -nan         -nan         -nan         -nan         -nan 
   0.0812644 |         -nan         -nan         -nan         -nan         -nan         -nan         -nan         -nan         -nan         -nan         -nan         -nan         -nan         -nan         -nan 
  -0.0553172 |         -nan         -nan         -nan         -nan         -nan         -nan         -nan         -nan         -nan         -nan         -nan         -nan         -nan         -nan         -nan 
 -0.00173518 |         -nan         -nan         -nan         -nan         -nan         -nan         -nan         -nan         -nan         -nan         -nan         -nan         -nan         -nan         -nan 
   0.0184043 |         -nan         -nan         -nan         -nan         -nan         -nan         -nan         -nan         -nan         -nan         -nan         -nan         -nan         -nan         -nan 


E0929 02:33:01.776018 54547 trust_region_minimizer.cc:72] Terminating: Residual and Jacobian evaluation failed.
[0m[INFO] [1790620381.717361578, 242.576000000]:  little feature 0[0m
time: 16.208000, t: 19.133159 -19.546433 -3.505440 q: 0.983273 0.164998 0.030837 -0.070701 
[T2slv] t=242.5800 phase=1 init_cost=-1 final_cost=-1 iters=0 term=2 slv_ms=0.4
[T2diag] t=242.5800 P=[19.3196 -19.8833 -3.5763] V=[5.3243 -9.6596 -2.0328] |Bas|=0.081960 |Bgs|=0.0583243 tic0=[-8.6929 -4.0519 -15.6300] tic1=[16.9808 -4.8207 -18.7026] td=0.00000 track=0
[33m[WARN] [1790620381.823398984, 242.680000000]: numerical unstable in preintegration[0m
[33m[WARN] [1790620381.823469404, 242.680000000]: numerical unstable in preintegration[0m
[33m[WARN] [1790620381.823532394, 242.680000000]: numerical unstable in preintegration[0m
W0929 02:33:01.823658 54547 residual_block.cc:131] 

Error in evaluating the ResidualBlock.

There are two possible reasons. Either the CostFunction did not evaluate and fill all    
residual and jacobians that were requested or there was a non-finite value (nan/infinite)
generated during the or jacobian computation. 

Residual Block size: 4 parameter blocks x 15 residuals

For each parameter block, the value of the parameters are printed in the first column   
and the value of the jacobian under the corresponding residual. If a ParameterBlock was 
held constant then the corresponding jacobian is printed as 'Not Computed'. If an entry 
of the Jacobian/residual array was requested but was not written to by user code, it is 
indicated by 'Uninitialized'. This is an error. Residuals or Jacobian values evaluating 
to Inf or NaN is also an error.  

Residuals:             -nan         -nan         -nan         -nan         -nan         -nan         -nan         -nan         -nan         -nan         -nan         -nan         -nan         -nan         -nan 

Parameter Block 0, size: 7

     18.7216 |         -nan         -nan         -nan         -nan         -nan         -nan         -nan         -nan         -nan         -nan         -nan         -nan         -nan         -nan         -nan 
    -18.8138 |         -nan         -nan         -nan         -nan         -nan         -nan         -nan         -nan         -nan         -nan         -nan         -nan         -nan         -nan         -nan 
    -3.35106 |         -nan         -nan         -nan         -nan         -nan         -nan         -nan         -nan         -nan         -nan         -nan         -nan         -nan         -nan         -nan 
      0.1627 |         -nan         -nan         -nan         -nan         -nan         -nan         -nan         -nan         -nan         -nan         -nan         -nan         -nan         -nan         -nan 
   0.0307468 |         -nan         -nan         -nan         -nan         -nan         -nan         -nan         -nan         -nan         -nan         -nan         -nan         -nan         -nan         -nan 
   -0.070131 |         -nan         -nan         -nan         -nan         -nan         -nan         -nan         -nan         -nan         -nan         -nan         -nan         -nan         -nan         -nan 
      0.9837 |         -nan         -nan         -nan         -nan         -nan         -nan         -nan         -nan         -nan         -nan         -nan         -nan         -nan         -nan         -nan 

Parameter Block 1, size: 9

     5.27482 |         -nan         -nan         -nan         -nan         -nan         -nan         -nan         -nan         -nan         -nan         -nan         -nan         -nan         -nan         -nan 
     -9.2939 |         -nan         -nan         -nan         -nan         -nan         -nan         -nan         -nan         -nan         -nan         -nan         -nan         -nan         -nan         -nan 
    -1.95879 |         -nan         -nan         -nan         -nan         -nan         -nan         -nan         -nan         -nan         -nan         -nan         -nan         -nan         -nan         -nan 
  -0.0105504 |         -nan         -nan         -nan         -nan         -nan         -nan         -nan         -nan         -nan         -nan         -nan         -nan         -nan         -nan         -nan 
  0.00148667 |         -nan         -nan         -nan         -nan         -nan         -nan         -nan         -nan         -nan         -nan         -nan         -nan         -nan         -nan         -nan 
   0.0812644 |         -nan         -nan         -nan         -nan         -nan         -nan         -nan         -nan         -nan         -nan         -nan         -nan         -nan         -nan         -nan 
  -0.0553172 |         -nan         -nan         -nan         -nan         -nan         -nan         -nan         -nan         -nan         -nan         -nan         -nan         -nan         -nan         -nan 
 -0.00173518 |         -nan         -nan         -nan         -nan         -nan         -nan         -nan         -nan         -nan         -nan         -nan         -nan         -nan         -nan         -nan 
   0.0184043 |         -nan         -nan         -nan         -nan         -nan         -nan         -nan         -nan         -nan         -nan         -nan         -nan         -nan         -nan         -nan 

Parameter Block 2, size: 7

     18.7216 |         -nan         -nan         -nan         -nan         -nan         -nan         -nan         -nan         -nan         -nan         -nan         -nan         -nan         -nan         -nan 
    -18.8138 |         -nan         -nan         -nan         -nan         -nan         -nan         -nan         -nan         -nan         -nan         -nan         -nan         -nan         -nan         -nan 
    -3.35106 |         -nan         -nan         -nan         -nan         -nan         -nan         -nan         -nan         -nan         -nan         -nan         -nan         -nan         -nan         -nan 
      0.1627 |         -nan         -nan         -nan         -nan         -nan         -nan         -nan         -nan         -nan         -nan         -nan         -nan         -nan         -nan         -nan 
   0.0307468 |         -nan         -nan         -nan         -nan         -nan         -nan         -nan         -nan         -nan         -nan         -nan         -nan         -nan         -nan         -nan 
   -0.070131 |         -nan         -nan         -nan         -nan         -nan         -nan         -nan         -nan         -nan         -nan         -nan         -nan         -nan         -nan         -nan 
      0.9837 |         -nan         -nan         -nan         -nan         -nan         -nan         -nan         -nan         -nan         -nan         -nan         -nan         -nan         -nan         -nan 

Parameter Block 3, size: 9

     5.27482 |         -nan         -nan         -nan         -nan         -nan         -nan         -nan         -nan         -nan         -nan         -nan         -nan         -nan         -nan         -nan 
     -9.2939 |         -nan         -nan         -nan         -nan         -nan         -nan         -nan         -nan         -nan         -nan         -nan         -nan         -nan         -nan         -nan 
    -1.95879 |         -nan         -nan         -nan         -nan         -nan         -nan         -nan         -nan         -nan         -nan         -nan         -nan         -nan         -nan         -nan 
  -0.0105504 |         -nan         -nan         -nan         -nan         -nan         -nan         -nan         -nan         -nan         -nan         -nan         -nan         -nan         -nan         -nan 
  0.00148667 |         -nan         -nan         -nan         -nan         -nan         -nan         -nan         -nan         -nan         -nan         -nan         -nan         -nan         -nan         -nan 
   0.0812644 |         -nan         -nan         -nan         -nan         -nan         -nan         -nan         -nan         -nan         -nan         -nan         -nan         -nan         -nan         -nan 
  -0.0553172 |         -nan         -nan         -nan         -nan         -nan         -nan         -nan         -nan         -nan         -nan         -nan         -nan         -nan         -nan         -nan 
 -0.00173518 |         -nan         -nan         -nan         -nan         -nan         -nan         -nan         -nan         -nan         -nan         -nan         -nan         -nan         -nan         -nan 
   0.0184043 |         -nan         -nan         -nan         -nan         -nan         -nan         -nan         -nan         -nan         -nan         -nan         -nan         -nan         -nan         -nan 


E0929 02:33:01.823689 54547 trust_region_minimizer.cc:72] Terminating: Residual and Jacobian evaluation failed.
[0m[INFO] [1790620381.776469379, 16.297273333]:  little feature 0[0m
time: 242.580000, t: 19.319625 -19.883262 -3.576345 q: 0.983086 0.165933 0.030869 -0.071106 
[T2slv] t=16.3080 phase=1 init_cost=-1 final_cost=-1 iters=0 term=2 slv_ms=0.4
[T2diag] t=16.3080 P=[19.3622 -19.9606 -3.5926] V=[5.3282 -9.6852 -2.0379] |Bas|=0.081960 |Bgs|=0.0583243 tic0=[-8.6929 -4.0519 -15.6300] tic1=[16.9808 -4.8207 -18.7026] td=0.00000 track=0
[33m[WARN] [1790620381.863885724, 242.720000000]: numerical unstable in preintegration[0m
W0929 02:33:01.864149 54547 residual_block.cc:131] 

Error in evaluating the ResidualBlock.

There are two possible reasons. Either the CostFunction did not evaluate and fill all    
residual and jacobians that were requested or there was a non-finite value (nan/infinite)
generated during the or jacobian computation. 

Residual Block size: 4 parameter blocks x 15 residuals

For each parameter block, the value of the parameters are printed in the first column   
and the value of the jacobian under the corresponding residual. If a ParameterBlock was 
held constant then the corresponding jacobian is printed as 'Not Computed'. If an entry 
of the Jacobian/residual array was requested but was not written to by user code, it is 
indicated by 'Uninitialized'. This is an error. Residuals or Jacobian values evaluating 
to Inf or NaN is also an error.  

Residuals:             -nan         -nan         -nan         -nan         -nan         -nan         -nan         -nan         -nan         -nan         -nan         -nan         -nan         -nan         -nan 

Parameter Block 0, size: 7

     18.7216 |         -nan         -nan         -nan         -nan         -nan         -nan         -nan         -nan         -nan         -nan         -nan         -nan         -nan         -nan         -nan 
    -18.8138 |         -nan         -nan         -nan         -nan         -nan         -nan         -nan         -nan         -nan         -nan         -nan         -nan         -nan         -nan         -nan 
    -3.35106 |         -nan         -nan         -nan         -nan         -nan         -nan         -nan         -nan         -nan         -nan         -nan         -nan         -nan         -nan         -nan 
      0.1627 |         -nan         -nan         -nan         -nan         -nan         -nan         -nan         -nan         -nan         -nan         -nan         -nan         -nan         -nan         -nan 
   0.0307468 |         -nan         -nan         -nan         -nan         -nan         -nan         -nan         -nan         -nan         -nan         -nan         -nan         -nan         -nan         -nan 
   -0.070131 |         -nan         -nan         -nan         -nan         -nan         -nan         -nan         -nan         -nan         -nan         -nan         -nan         -nan         -nan         -nan 
      0.9837 |         -nan         -nan         -nan         -nan         -nan         -nan         -nan         -nan         -nan         -nan         -nan         -nan         -nan         -nan         -nan 

Parameter Block 1, size: 9

     5.27482 |         -nan         -nan         -nan         -nan         -nan         -nan         -nan         -nan         -nan         -nan         -nan         -nan         -nan         -nan         -nan 
     -9.2939 |         -nan         -nan         -nan         -nan         -nan         -nan         -nan         -nan         -nan         -nan         -nan         -nan         -nan         -nan         -nan 
    -1.95879 |         -nan         -nan         -nan         -nan         -nan         -nan         -nan         -nan         -nan         -nan         -nan         -nan         -nan         -nan         -nan 
  -0.0105504 |         -nan         -nan         -nan         -nan         -nan         -nan         -nan         -nan         -nan         -nan         -nan         -nan         -nan         -nan         -nan 
  0.00148667 |         -nan         -nan         -nan         -nan         -nan         -nan         -nan         -nan         -nan         -nan         -nan         -nan         -nan         -nan         -nan 
   0.0812644 |         -nan         -nan         -nan         -nan         -nan         -nan         -nan         -nan         -nan         -nan         -nan         -nan         -nan         -nan         -nan 
  -0.0553172 |         -nan         -nan         -nan         -nan         -nan         -nan         -nan         -nan         -nan         -nan         -nan         -nan         -nan         -nan         -nan 
 -0.00173518 |         -nan         -nan         -nan         -nan         -nan         -nan         -nan         -nan         -nan         -nan         -nan         -nan         -nan         -nan         -nan 
   0.0184043 |         -nan         -nan         -nan         -nan         -nan         -nan         -nan         -nan         -nan         -nan         -nan         -nan         -nan         -nan         -nan 

Parameter Block 2, size: 7

     18.7216 |         -nan         -nan         -nan         -nan         -nan         -nan         -nan         -nan         -nan         -nan         -nan         -nan         -nan         -nan         -nan 
    -18.8138 |         -nan         -nan         -nan         -nan         -nan         -nan         -nan         -nan         -nan         -nan         -nan         -nan         -nan         -nan         -nan 
    -3.35106 |         -nan         -nan         -nan         -nan         -nan         -nan         -nan         -nan         -nan         -nan         -nan         -nan         -nan         -nan         -nan 
      0.1627 |         -nan         -nan         -nan         -nan         -nan         -nan         -nan         -nan         -nan         -nan         -nan         -nan         -nan         -nan         -nan 
   0.0307468 |         -nan         -nan         -nan         -nan         -nan         -nan         -nan         -nan         -nan         -nan         -nan         -nan         -nan         -nan         -nan 
   -0.070131 |         -nan         -nan         -nan         -nan         -nan         -nan         -nan         -nan         -nan         -nan         -nan         -nan         -nan         -nan         -nan 
      0.9837 |         -nan         -nan         -nan         -nan         -nan         -nan         -nan         -nan         -nan         -nan         -nan         -nan         -nan         -nan         -nan 

Parameter Block 3, size: 9

     5.27482 |         -nan         -nan         -nan         -nan         -nan         -nan         -nan         -nan         -nan         -nan         -nan         -nan         -nan         -nan         -nan 
     -9.2939 |         -nan         -nan         -nan         -nan         -nan         -nan         -nan         -nan         -nan         -nan         -nan         -nan         -nan         -nan         -nan 
    -1.95879 |         -nan         -nan         -nan         -nan         -nan         -nan         -nan         -nan         -nan         -nan         -nan         -nan         -nan         -nan         -nan 
  -0.0105504 |         -nan         -nan         -nan         -nan         -nan         -nan         -nan         -nan         -nan         -nan         -nan         -nan         -nan         -nan         -nan 
  0.00148667 |         -nan         -nan         -nan         -nan         -nan         -nan         -nan         -nan         -nan         -nan         -nan         -nan         -nan         -nan         -nan 
   0.0812644 |         -nan         -nan         -nan         -nan         -nan         -nan         -nan         -nan         -nan         -nan         -nan         -nan         -nan         -nan         -nan 
  -0.0553172 |         -nan         -nan         -nan         -nan         -nan         -nan         -nan         -nan         -nan         -nan         -nan         -nan         -nan         -nan         -nan 
 -0.00173518 |         -nan         -nan         -nan         -nan         -nan         -nan         -nan         -nan         -nan         -nan         -nan         -nan         -nan         -nan         -nan 
   0.0184043 |         -nan         -nan         -nan         -nan         -nan         -nan         -nan         -nan         -nan         -nan         -nan         -nan         -nan         -nan         -nan 


E0929 02:33:01.864187 54547 trust_region_minimizer.cc:72] Terminating: Residual and Jacobian evaluation failed.
[0m[INFO] [1790620381.824085143, 242.680000000]:  little feature 0[0m
time: 16.308000, t: 19.362235 -19.960641 -3.592628 q: 0.983039 0.166172 0.030892 -0.071182 
[T2slv] t=242.6840 phase=1 init_cost=-1 final_cost=-1 iters=0 term=2 slv_ms=0.5
[33m[WARN] [1790620381.864336751, 242.720000000]: numerical unstable in preintegration[0m
[T2diag] t=242.6840 P=[19.4859 -20.1861 -3.6401] V=[5.3379 -9.7612 -2.0529] |Bas|=0.081960 |Bgs|=0.0583243 tic0=[-8.6929 -4.0519 -15.6300] tic1=[16.9808 -4.8207 -18.7026] td=0.00000 track=0
[33m[WARN] [1790620381.924794126, 242.780000000]: numerical unstable in preintegration[0m
W0929 02:33:01.924924 54547 residual_block.cc:131] 

Error in evaluating the ResidualBlock.

There are two possible reasons. Either the CostFunction did not evaluate and fill all    
residual and jacobians that were requested or there was a non-finite value (nan/infinite)
generated during the or jacobian computation. 

Residual Block size: 4 parameter blocks x 15 residuals

For each parameter block, the value of the parameters are printed in the first column   
and the value of the jacobian under the corresponding residual. If a ParameterBlock was 
held constant then the corresponding jacobian is printed as 'Not Computed'. If an entry 
of the Jacobian/residual array was requested but was not written to by user code, it is 
indicated by 'Uninitialized'. This is an error. Residuals or Jacobian values evaluating 
to Inf or NaN is also an error.  

Residuals:             -nan         -nan         -nan         -nan         -nan         -nan         -nan         -nan         -nan         -nan         -nan         -nan         -nan         -nan         -nan 

Parameter Block 0, size: 7

     18.7216 |         -nan         -nan         -nan         -nan         -nan         -nan         -nan         -nan         -nan         -nan         -nan         -nan         -nan         -nan         -nan 
    -18.8138 |         -nan         -nan         -nan         -nan         -nan         -nan         -nan         -nan         -nan         -nan         -nan         -nan         -nan         -nan         -nan 
    -3.35106 |         -nan         -nan         -nan         -nan         -nan         -nan         -nan         -nan         -nan         -nan         -nan         -nan         -nan         -nan         -nan 
      0.1627 |         -nan         -nan         -nan         -nan         -nan         -nan         -nan         -nan         -nan         -nan         -nan         -nan         -nan         -nan         -nan 
   0.0307468 |         -nan         -nan         -nan         -nan         -nan         -nan         -nan         -nan         -nan         -nan         -nan         -nan         -nan         -nan         -nan 
   -0.070131 |         -nan         -nan         -nan         -nan         -nan         -nan         -nan         -nan         -nan         -nan         -nan         -nan         -nan         -nan         -nan 
      0.9837 |         -nan         -nan         -nan         -nan         -nan         -nan         -nan         -nan         -nan         -nan         -nan         -nan         -nan         -nan         -nan 

Parameter Block 1, size: 9

     5.27482 |         -nan         -nan         -nan         -nan         -nan         -nan         -nan         -nan         -nan         -nan         -nan         -nan         -nan         -nan         -nan 
     -9.2939 |         -nan         -nan         -nan         -nan         -nan         -nan         -nan         -nan         -nan         -nan         -nan         -nan         -nan         -nan         -nan 
    -1.95879 |         -nan         -nan         -nan         -nan         -nan         -nan         -nan         -nan         -nan         -nan         -nan         -nan         -nan         -nan         -nan 
  -0.0105504 |         -nan         -nan         -nan         -nan         -nan         -nan         -nan         -nan         -nan         -nan         -nan         -nan         -nan         -nan         -nan 
  0.00148667 |         -nan         -nan         -nan         -nan         -nan         -nan         -nan         -nan         -nan         -nan         -nan         -nan         -nan         -nan         -nan 
   0.0812644 |         -nan         -nan         -nan         -nan         -nan         -nan         -nan         -nan         -nan         -nan         -nan         -nan         -nan         -nan         -nan 
  -0.0553172 |         -nan         -nan         -nan         -nan         -nan         -nan         -nan         -nan         -nan         -nan         -nan         -nan         -nan         -nan         -nan 
 -0.00173518 |         -nan         -nan         -nan         -nan         -nan         -nan         -nan         -nan         -nan         -nan         -nan         -nan         -nan         -nan         -nan 
   0.0184043 |         -nan         -nan         -nan         -nan         -nan         -nan         -nan         -nan         -nan         -nan         -nan         -nan         -nan         -nan         -nan 

Parameter Block 2, size: 7

     18.7216 |         -nan         -nan         -nan         -nan         -nan         -nan         -nan         -nan         -nan         -nan         -nan         -nan         -nan         -nan         -nan 
    -18.8138 |         -nan         -nan         -nan         -nan         -nan         -nan         -nan         -nan         -nan         -nan         -nan         -nan         -nan         -nan         -nan 
    -3.35106 |         -nan         -nan         -nan         -nan         -nan         -nan         -nan         -nan         -nan         -nan         -nan         -nan         -nan         -nan         -nan 
      0.1627 |         -nan         -nan         -nan         -nan         -nan         -nan         -nan         -nan         -nan         -nan         -nan         -nan         -nan         -nan         -nan 
   0.0307468 |         -nan         -nan         -nan         -nan         -nan         -nan         -nan         -nan         -nan         -nan         -nan         -nan         -nan         -nan         -nan 
   -0.070131 |         -nan         -nan         -nan         -nan         -nan         -nan         -nan         -nan         -nan         -nan         -nan         -nan         -nan         -nan         -nan 
      0.9837 |         -nan         -nan         -nan         -nan         -nan         -nan         -nan         -nan         -nan         -nan         -nan         -nan         -nan         -nan         -nan 

Parameter Block 3, size: 9

     5.27482 |         -nan         -nan         -nan         -nan         -nan         -nan         -nan         -nan         -nan         -nan         -nan         -nan         -nan         -nan         -nan 
     -9.2939 |         -nan         -nan         -nan         -nan         -nan         -nan         -nan         -nan         -nan         -nan         -nan         -nan         -nan         -nan         -nan 
    -1.95879 |         -nan         -nan         -nan         -nan         -nan         -nan         -nan         -nan         -nan         -nan         -nan         -nan         -nan         -nan         -nan 
  -0.0105504 |         -nan         -nan         -nan         -nan         -nan         -nan         -nan         -nan         -nan         -nan         -nan         -nan         -nan         -nan         -nan 
  0.00148667 |         -nan         -nan         -nan         -nan         -nan         -nan         -nan         -nan         -nan         -nan         -nan         -nan         -nan         -nan         -nan 
   0.0812644 |         -nan         -nan         -nan         -nan         -nan         -nan         -nan         -nan         -nan         -nan         -nan         -nan         -nan         -nan         -nan 
  -0.0553172 |         -nan         -nan         -nan         -nan         -nan         -nan         -nan         -nan         -nan         -nan         -nan         -nan         -nan         -nan         -nan 
 -0.00173518 |         -nan         -nan         -nan         -nan         -nan         -nan         -nan         -nan         -nan         -nan         -nan         -nan         -nan         -nan         -nan 
   0.0184043 |         -nan         -nan         -nan         -nan         -nan         -nan         -nan         -nan         -nan         -nan         -nan         -nan         -nan         -nan         -nan 


E0929 02:33:01.924948 54547 trust_region_minimizer.cc:72] Terminating: Residual and Jacobian evaluation failed.
[0m[INFO] [1790620381.864669481, 242.720000000]:  little feature 0[0m
time: 242.684000, t: 19.485887 -20.186070 -3.640051 q: 0.982909 0.166828 0.030965 -0.071407 
[T2slv] t=242.7480 phase=1 init_cost=-1 final_cost=-1 iters=0 term=2 slv_ms=0.3
[T2diag] t=242.7480 P=[19.5927 -20.3820 -3.6812] V=[5.3460 -9.8276 -2.0648] |Bas|=0.081960 |Bgs|=0.0583243 tic0=[-8.6929 -4.0519 -15.6300] tic1=[16.9808 -4.8207 -18.7026] td=0.00000 track=0
