line,t,Px,track,rest
422,10.208,[-0.0001,129,P=[-0.0001 0.0014 -0.0005] V=[0.0147 0.0146 -0.0049] |Bas|=0.000000 |Bgs|=0.0016826 Bas=[0.000000 0.000000 0.000000] Bgs=[0.0011978 -0.0010285 0.0005818] tic0=[
448,10.308,[0.0014,116,P=[0.0014 0.0030 -0.0011] V=[0.0156 0.0150 -0.0039] |Bas|=0.000000 |Bgs|=0.0016826 Bas=[0.000000 0.000000 0.000000] Bgs=[0.0011978 -0.0010285 0.0005818] tic0=[0
481,10.408,[0.0029,127,P=[0.0029 0.0044 -0.0015] V=[0.0164 0.0137 -0.0045] |Bas|=0.000000 |Bgs|=0.0016826 Bas=[0.000000 0.000000 0.000000] Bgs=[0.0011978 -0.0010285 0.0005818] tic0=[0
504,10.508,[0.0046,128,P=[0.0046 0.0059 -0.0021] V=[0.0205 0.0148 -0.0069] |Bas|=0.000000 |Bgs|=0.0016826 Bas=[0.000000 0.000000 0.000000] Bgs=[0.0011978 -0.0010285 0.0005818] tic0=[0
526,10.608,[0.0068,125,P=[0.0068 0.0074 -0.0027] V=[0.0238 0.0143 -0.0070] |Bas|=0.000000 |Bgs|=0.0016826 Bas=[0.000000 0.000000 0.000000] Bgs=[0.0011978 -0.0010285 0.0005818] tic0=[0
554,10.708,[0.0094,123,P=[0.0094 0.0087 -0.0033] V=[0.0273 0.0126 -0.0078] |Bas|=0.000000 |Bgs|=0.0016826 Bas=[0.000000 0.000000 0.000000] Bgs=[0.0011978 -0.0010285 0.0005818] tic0=[0
577,10.808,[0.0123,129,P=[0.0123 0.0101 -0.0042] V=[0.0323 0.0138 -0.0087] |Bas|=0.000000 |Bgs|=0.0016826 Bas=[0.000000 0.000000 0.000000] Bgs=[0.0011978 -0.0010285 0.0005818] tic0=[0
603,10.908,[0.0154,132,P=[0.0154 0.0116 -0.0050] V=[0.0292 0.0144 -0.0080] |Bas|=0.000000 |Bgs|=0.0016826 Bas=[0.000000 0.000000 0.000000] Bgs=[0.0011978 -0.0010285 0.0005818] tic0=[0
627,11.012,[0.0186,122,P=[0.0186 0.0130 -0.0058] V=[0.0324 0.0124 -0.0107] |Bas|=0.000000 |Bgs|=0.0016826 Bas=[0.000000 0.000000 0.000000] Bgs=[0.0011978 -0.0010285 0.0005818] tic0=[0
651,11.144,[0.0232,122,P=[0.0232 0.0146 -0.0074] V=[0.0367 0.0123 -0.0121] |Bas|=0.000000 |Bgs|=0.0016826 Bas=[0.000000 0.000000 0.000000] Bgs=[0.0011978 -0.0010285 0.0005818] tic0=[0
678,11.248,[0.0271,119,P=[0.0271 0.0159 -0.0085] V=[0.0388 0.0132 -0.0101] |Bas|=0.000000 |Bgs|=0.0016826 Bas=[0.000000 0.000000 0.000000] Bgs=[0.0011978 -0.0010285 0.0005818] tic0=[0
705,11.344,[0.0312,122,P=[0.0312 0.0172 -0.0093] V=[0.0440 0.0138 -0.0059] |Bas|=0.000000 |Bgs|=0.0016826 Bas=[0.000000 0.000000 0.000000] Bgs=[0.0011978 -0.0010285 0.0005818] tic0=[0
732,11.444,[0.0356,128,P=[0.0356 0.0186 -0.0102] V=[0.0449 0.0130 -0.0110] |Bas|=0.000000 |Bgs|=0.0016826 Bas=[0.000000 0.000000 0.000000] Bgs=[0.0011978 -0.0010285 0.0005818] tic0=[0
822,11.544,[0.0402,121,P=[0.0402 0.0198 -0.0113] V=[0.0484 0.0135 -0.0093] |Bas|=0.000000 |Bgs|=0.0016826 Bas=[0.000000 0.000000 0.000000] Bgs=[0.0011978 -0.0010285 0.0005818] tic0=[0
908,11.644,[0.0453,124,P=[0.0453 0.0212 -0.0122] V=[0.0536 0.0131 -0.0094] |Bas|=0.000000 |Bgs|=0.0016826 Bas=[0.000000 0.000000 0.000000] Bgs=[0.0011978 -0.0010285 0.0005818] tic0=[0
992,11.744,[0.0510,107,P=[0.0510 0.0228 -0.0132] V=[0.0595 0.0204 -0.0099] |Bas|=0.000000 |Bgs|=0.0016826 Bas=[0.000000 0.000000 0.000000] Bgs=[0.0011978 -0.0010285 0.0005818] tic0=[0
1092,11.844,[0.0572,115,P=[0.0572 0.0249 -0.0142] V=[0.0649 0.0202 -0.0103] |Bas|=0.000000 |Bgs|=0.0016826 Bas=[0.000000 0.000000 0.000000] Bgs=[0.0011978 -0.0010285 0.0005818] tic0=[0
1182,11.944,[0.0638,123,P=[0.0638 0.0272 -0.0152] V=[0.0673 0.0238 -0.0100] |Bas|=0.000000 |Bgs|=0.0016826 Bas=[0.000000 0.000000 0.000000] Bgs=[0.0011978 -0.0010285 0.0005818] tic0=[0
1274,12.044,[0.0706,125,P=[0.0706 0.0298 -0.0163] V=[0.0681 0.0279 -0.0112] |Bas|=0.000000 |Bgs|=0.0016826 Bas=[0.000000 0.000000 0.000000] Bgs=[0.0011978 -0.0010285 0.0005818] tic0=[0
1360,12.144,[0.0778,122,P=[0.0778 0.0327 -0.0172] V=[0.0761 0.0308 -0.0107] |Bas|=0.000000 |Bgs|=0.0016826 Bas=[0.000000 0.000000 0.000000] Bgs=[0.0011978 -0.0010285 0.0005818] tic0=[0
1445,12.244,[0.0854,131,P=[0.0854 0.0360 -0.0182] V=[0.0785 0.0352 -0.0083] |Bas|=0.000000 |Bgs|=0.0016826 Bas=[0.000000 0.000000 0.000000] Bgs=[0.0011978 -0.0010285 0.0005818] tic0=[0
1533,12.344,[0.0935,131,P=[0.0935 0.0398 -0.0191] V=[0.0810 0.0415 -0.0086] |Bas|=0.000000 |Bgs|=0.0016826 Bas=[0.000000 0.000000 0.000000] Bgs=[0.0011978 -0.0010285 0.0005818] tic0=[0
1614,12.444,[0.1021,128,P=[0.1021 0.0441 -0.0201] V=[0.0896 0.0454 -0.0111] |Bas|=0.000000 |Bgs|=0.0016826 Bas=[0.000000 0.000000 0.000000] Bgs=[0.0011978 -0.0010285 0.0005818] tic0=[0
1696,12.544,[0.1113,126,P=[0.1113 0.0489 -0.0211] V=[0.0950 0.0514 -0.0112] |Bas|=0.000000 |Bgs|=0.0016826 Bas=[0.000000 0.000000 0.000000] Bgs=[0.0011978 -0.0010285 0.0005818] tic0=[0
1782,12.644,[0.1210,124,P=[0.1210 0.0542 -0.0222] V=[0.0985 0.0548 -0.0097] |Bas|=0.000000 |Bgs|=0.0016826 Bas=[0.000000 0.000000 0.000000] Bgs=[0.0011978 -0.0010285 0.0005818] tic0=[0
1862,12.744,[0.1309,124,P=[0.1309 0.0598 -0.0231] V=[0.0998 0.0586 -0.0082] |Bas|=0.000000 |Bgs|=0.0016826 Bas=[0.000000 0.000000 0.000000] Bgs=[0.0011978 -0.0010285 0.0005818] tic0=[0
1941,12.844,[0.1412,126,P=[0.1412 0.0659 -0.0238] V=[0.1040 0.0632 -0.0064] |Bas|=0.000000 |Bgs|=0.0016826 Bas=[0.000000 0.000000 0.000000] Bgs=[0.0011978 -0.0010285 0.0005818] tic0=[0
2036,12.944,[0.1518,100,P=[0.1518 0.0721 -0.0242] V=[0.1080 0.0644 -0.0027] |Bas|=0.000000 |Bgs|=0.0016826 Bas=[0.000000 0.000000 0.000000] Bgs=[0.0011978 -0.0010285 0.0005818] tic0=[0
2142,13.044,[0.1628,120,P=[0.1628 0.0789 -0.0246] V=[0.1143 0.0700 -0.0044] |Bas|=0.000000 |Bgs|=0.0016826 Bas=[0.000000 0.000000 0.000000] Bgs=[0.0011978 -0.0010285 0.0005818] tic0=[0
2250,13.144,[0.1744,120,P=[0.1744 0.0862 -0.0248] V=[0.1171 0.0780 -0.0020] |Bas|=0.000000 |Bgs|=0.0016826 Bas=[0.000000 0.000000 0.000000] Bgs=[0.0011978 -0.0010285 0.0005818] tic0=[0
2340,13.244,[0.1863,116,P=[0.1863 0.0944 -0.0251] V=[0.1215 0.0838 -0.0022] |Bas|=0.000000 |Bgs|=0.0016826 Bas=[0.000000 0.000000 0.000000] Bgs=[0.0011978 -0.0010285 0.0005818] tic0=[0
2431,13.344,[0.1988,130,P=[0.1988 0.1031 -0.0251] V=[0.1276 0.0914 0.0002] |Bas|=0.000000 |Bgs|=0.0016826 Bas=[0.000000 0.000000 0.000000] Bgs=[0.0011978 -0.0010285 0.0005818] tic0=[0.
2509,13.444,[0.2120,119,P=[0.2120 0.1125 -0.0251] V=[0.1368 0.0943 -0.0011] |Bas|=0.000000 |Bgs|=0.0016826 Bas=[0.000000 0.000000 0.000000] Bgs=[0.0011978 -0.0010285 0.0005818] tic0=[0
2589,13.544,[0.2261,113,P=[0.2261 0.1219 -0.0251] V=[0.1442 0.0962 0.0001] |Bas|=0.000000 |Bgs|=0.0016826 Bas=[0.000000 0.000000 0.000000] Bgs=[0.0011978 -0.0010285 0.0005818] tic0=[0.
2705,13.644,[0.2410,94,P=[0.2410 0.1316 -0.0251] V=[0.1550 0.0994 -0.0016] |Bas|=0.000000 |Bgs|=0.0016826 Bas=[0.000000 0.000000 0.000000] Bgs=[0.0011978 -0.0010285 0.0005818] tic0=[0
2800,13.744,[0.2567,118,P=[0.2567 0.1415 -0.0252] V=[0.1593 0.1020 -0.0004] |Bas|=0.000000 |Bgs|=0.0016826 Bas=[0.000000 0.000000 0.000000] Bgs=[0.0011978 -0.0010285 0.0005818] tic0=[0
3203,15.044,[0.0005,127,P=[0.0005 0.0037 -0.0009] V=[0.0043 0.0330 -0.0102] |Bas|=0.000000 |Bgs|=0.0011632 Bas=[0.000000 0.000000 0.000000] Bgs=[-0.0009308 -0.0004093 -0.0005650] tic0=
3226,15.144,[0.0012,112,P=[0.0012 0.0073 -0.0019] V=[0.0073 0.0380 -0.0114] |Bas|=0.000000 |Bgs|=0.0011632 Bas=[0.000000 0.000000 0.000000] Bgs=[-0.0009308 -0.0004093 -0.0005650] tic0=
3260,15.244,[0.0019,121,P=[0.0019 0.0112 -0.0031] V=[0.0082 0.0398 -0.0134] |Bas|=0.000000 |Bgs|=0.0011632 Bas=[0.000000 0.000000 0.000000] Bgs=[-0.0009308 -0.0004093 -0.0005650] tic0=
3293,15.344,[0.0028,100,P=[0.0028 0.0153 -0.0044] V=[0.0091 0.0423 -0.0128] |Bas|=0.000000 |Bgs|=0.0011632 Bas=[0.000000 0.000000 0.000000] Bgs=[-0.0009308 -0.0004093 -0.0005650] tic0=
3345,15.448,[0.0035,97,P=[0.0035 0.0198 -0.0058] V=[0.0058 0.0440 -0.0150] |Bas|=0.000000 |Bgs|=0.0011632 Bas=[0.000000 0.000000 0.000000] Bgs=[-0.0009308 -0.0004093 -0.0005650] tic0=
3451,15.544,[0.0042,115,P=[0.0042 0.0241 -0.0073] V=[0.0085 0.0450 -0.0171] |Bas|=0.000000 |Bgs|=0.0011632 Bas=[0.000000 0.000000 0.000000] Bgs=[-0.0009308 -0.0004093 -0.0005650] tic0=
3536,15.644,[0.0051,121,P=[0.0051 0.0288 -0.0089] V=[0.0116 0.0495 -0.0118] |Bas|=0.000000 |Bgs|=0.0011632 Bas=[0.000000 0.000000 0.000000] Bgs=[-0.0009308 -0.0004093 -0.0005650] tic0=
3636,15.744,[0.0061,115,P=[0.0061 0.0336 -0.0101] V=[0.0071 0.0473 -0.0140] |Bas|=0.000000 |Bgs|=0.0011632 Bas=[0.000000 0.000000 0.000000] Bgs=[-0.0009308 -0.0004093 -0.0005650] tic0=
3732,15.844,[0.0067,124,P=[0.0067 0.0385 -0.0114] V=[0.0064 0.0497 -0.0104] |Bas|=0.000000 |Bgs|=0.0011632 Bas=[0.000000 0.000000 0.000000] Bgs=[-0.0009308 -0.0004093 -0.0005650] tic0=
3820,15.948,[0.0073,135,P=[0.0073 0.0436 -0.0125] V=[0.0058 0.0475 -0.0121] |Bas|=0.000000 |Bgs|=0.0011632 Bas=[0.000000 0.000000 0.000000] Bgs=[-0.0009308 -0.0004093 -0.0005650] tic0=
4224,17.208,[-0.0016,136,P=[-0.0016 -0.0030 -0.0007] V=[-0.0077 -0.0313 -0.0079] |Bas|=0.000000 |Bgs|=0.0027124 Bas=[0.000000 0.000000 0.000000] Bgs=[0.0009577 -0.0023094 -0.0010518] ti
4244,17.308,[-0.0021,115,P=[-0.0021 -0.0062 -0.0014] V=[-0.0040 -0.0317 -0.0059] |Bas|=0.000000 |Bgs|=0.0027124 Bas=[0.000000 0.000000 0.000000] Bgs=[0.0009577 -0.0023094 -0.0010518] ti
4282,17.408,[-0.0027,121,P=[-0.0027 -0.0094 -0.0023] V=[-0.0064 -0.0312 -0.0112] |Bas|=0.000000 |Bgs|=0.0027124 Bas=[0.000000 0.000000 0.000000] Bgs=[0.0009577 -0.0023094 -0.0010518] ti
4316,17.508,[-0.0033,130,P=[-0.0033 -0.0127 -0.0036] V=[-0.0042 -0.0350 -0.0141] |Bas|=0.000000 |Bgs|=0.0027124 Bas=[0.000000 0.000000 0.000000] Bgs=[0.0009577 -0.0023094 -0.0010518] ti
4337,17.608,[-0.0037,111,P=[-0.0037 -0.0163 -0.0052] V=[-0.0036 -0.0385 -0.0178] |Bas|=0.000000 |Bgs|=0.0027124 Bas=[0.000000 0.000000 0.000000] Bgs=[0.0009577 -0.0023094 -0.0010518] ti
4370,17.708,[-0.0039,118,P=[-0.0039 -0.0202 -0.0070] V=[-0.0026 -0.0398 -0.0178] |Bas|=0.000000 |Bgs|=0.0027124 Bas=[0.000000 0.000000 0.000000] Bgs=[0.0009577 -0.0023094 -0.0010518] ti
4406,17.808,[-0.0040,122,P=[-0.0040 -0.0242 -0.0090] V=[0.0004 -0.0403 -0.0220] |Bas|=0.000000 |Bgs|=0.0027124 Bas=[0.000000 0.000000 0.000000] Bgs=[0.0009577 -0.0023094 -0.0010518] tic
4482,17.912,[-0.0037,122,P=[-0.0037 -0.0286 -0.0112] V=[0.0047 -0.0451 -0.0214] |Bas|=0.000000 |Bgs|=0.0027124 Bas=[0.000000 0.000000 0.000000] Bgs=[0.0009577 -0.0023094 -0.0010518] tic
4569,18.044,[-0.0030,119,P=[-0.0030 -0.0345 -0.0142] V=[0.0087 -0.0440 -0.0241] |Bas|=0.000000 |Bgs|=0.0027124 Bas=[0.000000 0.000000 0.000000] Bgs=[0.0009577 -0.0023094 -0.0010518] tic
4664,18.144,[-0.0021,114,P=[-0.0021 -0.0392 -0.0165] V=[0.0121 -0.0463 -0.0230] |Bas|=0.000000 |Bgs|=0.0027124 Bas=[0.000000 0.000000 0.000000] Bgs=[0.0009577 -0.0023094 -0.0010518] tic
4761,18.244,[-0.0007,121,P=[-0.0007 -0.0438 -0.0189] V=[0.0150 -0.0451 -0.0243] |Bas|=0.000000 |Bgs|=0.0027124 Bas=[0.000000 0.000000 0.000000] Bgs=[0.0009577 -0.0023094 -0.0010518] tic
4850,18.344,[0.0009,126,P=[0.0009 -0.0483 -0.0213] V=[0.0165 -0.0469 -0.0242] |Bas|=0.000000 |Bgs|=0.0027124 Bas=[0.000000 0.000000 0.000000] Bgs=[0.0009577 -0.0023094 -0.0010518] tic0
4938,18.444,[0.0031,124,P=[0.0031 -0.0532 -0.0235] V=[0.0252 -0.0499 -0.0235] |Bas|=0.000000 |Bgs|=0.0027124 Bas=[0.000000 0.000000 0.000000] Bgs=[0.0009577 -0.0023094 -0.0010518] tic0
5029,18.544,[0.0057,120,P=[0.0057 -0.0582 -0.0257] V=[0.0259 -0.0511 -0.0182] |Bas|=0.000000 |Bgs|=0.0027124 Bas=[0.000000 0.000000 0.000000] Bgs=[0.0009577 -0.0023094 -0.0010518] tic0
5116,18.676,[0.0096,121,P=[0.0096 -0.0651 -0.0280] V=[0.0319 -0.0544 -0.0179] |Bas|=0.000000 |Bgs|=0.0027124 Bas=[0.000000 0.000000 0.000000] Bgs=[0.0009577 -0.0023094 -0.0010518] tic0
5206,18.808,[0.0140,122,P=[0.0140 -0.0724 -0.0303] V=[0.0358 -0.0554 -0.0159] |Bas|=0.000000 |Bgs|=0.0027124 Bas=[0.000000 0.000000 0.000000] Bgs=[0.0009577 -0.0023094 -0.0010518] tic0
5299,18.908,[0.0179,123,P=[0.0179 -0.0781 -0.0320] V=[0.0405 -0.0565 -0.0175] |Bas|=0.000000 |Bgs|=0.0027124 Bas=[0.000000 0.000000 0.000000] Bgs=[0.0009577 -0.0023094 -0.0010518] tic0
5387,19.008,[0.0221,124,P=[0.0221 -0.0836 -0.0338] V=[0.0436 -0.0550 -0.0178] |Bas|=0.000000 |Bgs|=0.0027124 Bas=[0.000000 0.000000 0.000000] Bgs=[0.0009577 -0.0023094 -0.0010518] tic0
5780,20.308,[-0.0013,128,P=[-0.0013 -0.0035 -0.0012] V=[-0.0155 -0.0245 -0.0059] |Bas|=0.000000 |Bgs|=0.0004268 Bas=[0.000000 0.000000 0.000000] Bgs=[0.0000813 -0.0003682 -0.0002000] ti
5801,20.408,[-0.0028,101,P=[-0.0028 -0.0059 -0.0017] V=[-0.0157 -0.0245 -0.0035] |Bas|=0.000000 |Bgs|=0.0004268 Bas=[0.000000 0.000000 0.000000] Bgs=[0.0000813 -0.0003682 -0.0002000] ti
5842,20.48,[-0.0039,124,P=[-0.0039 -0.0078 -0.0019] V=[-0.0175 -0.0279 -0.0009] |Bas|=0.000000 |Bgs|=0.0004268 Bas=[0.000000 0.000000 0.000000] Bgs=[0.0000813 -0.0003682 -0.0002000] ti
5870,20.608,[-0.0062,126,P=[-0.0062 -0.0115 -0.0020] V=[-0.0189 -0.0307 -0.0022] |Bas|=0.000000 |Bgs|=0.0004268 Bas=[0.000000 0.000000 0.000000] Bgs=[0.0000813 -0.0003682 -0.0002000] ti
5895,20.708,[-0.0082,123,P=[-0.0082 -0.0147 -0.0023] V=[-0.0210 -0.0328 -0.0047] |Bas|=0.000000 |Bgs|=0.0004268 Bas=[0.000000 0.000000 0.000000] Bgs=[0.0000813 -0.0003682 -0.0002000] ti
5917,20.808,[-0.0103,129,P=[-0.0103 -0.0179 -0.0029] V=[-0.0196 -0.0332 -0.0041] |Bas|=0.000000 |Bgs|=0.0004268 Bas=[0.000000 0.000000 0.000000] Bgs=[0.0000813 -0.0003682 -0.0002000] ti
5935,20.908,[-0.0124,123,P=[-0.0124 -0.0213 -0.0032] V=[-0.0216 -0.0341 -0.0040] |Bas|=0.000000 |Bgs|=0.0004268 Bas=[0.000000 0.000000 0.000000] Bgs=[0.0000813 -0.0003682 -0.0002000] ti
5954,21.008,[-0.0144,127,P=[-0.0144 -0.0246 -0.0035] V=[-0.0189 -0.0335 -0.0039] |Bas|=0.000000 |Bgs|=0.0004268 Bas=[0.000000 0.000000 0.000000] Bgs=[0.0000813 -0.0003682 -0.0002000] ti
5984,21.108,[-0.0163,130,P=[-0.0163 -0.0279 -0.0039] V=[-0.0199 -0.0329 -0.0035] |Bas|=0.000000 |Bgs|=0.0004268 Bas=[0.000000 0.000000 0.000000] Bgs=[0.0000813 -0.0003682 -0.0002000] ti
6006,21.208,[-0.0183,120,P=[-0.0183 -0.0314 -0.0042] V=[-0.0199 -0.0357 -0.0023] |Bas|=0.000000 |Bgs|=0.0004268 Bas=[0.000000 0.000000 0.000000] Bgs=[0.0000813 -0.0003682 -0.0002000] ti
6034,21.28,[-0.0199,120,P=[-0.0199 -0.0339 -0.0044] V=[-0.0238 -0.0338 -0.0041] |Bas|=0.000000 |Bgs|=0.0004268 Bas=[0.000000 0.000000 0.000000] Bgs=[0.0000813 -0.0003682 -0.0002000] ti
6059,21.38,[-0.0223,125,P=[-0.0223 -0.0373 -0.0048] V=[-0.0247 -0.0366 -0.0026] |Bas|=0.000000 |Bgs|=0.0004268 Bas=[0.000000 0.000000 0.000000] Bgs=[0.0000813 -0.0003682 -0.0002000] ti
6078,21.512,[-0.0256,133,P=[-0.0256 -0.0421 -0.0052] V=[-0.0262 -0.0357 -0.0034] |Bas|=0.000000 |Bgs|=0.0004268 Bas=[0.000000 0.000000 0.000000] Bgs=[0.0000813 -0.0003682 -0.0002000] ti
6158,21.644,[-0.0291,130,P=[-0.0291 -0.0468 -0.0058] V=[-0.0280 -0.0345 -0.0063] |Bas|=0.000000 |Bgs|=0.0004268 Bas=[0.000000 0.000000 0.000000] Bgs=[0.0000813 -0.0003682 -0.0002000] ti
6240,21.744,[-0.0319,128,P=[-0.0319 -0.0503 -0.0064] V=[-0.0280 -0.0352 -0.0054] |Bas|=0.000000 |Bgs|=0.0004268 Bas=[0.000000 0.000000 0.000000] Bgs=[0.0000813 -0.0003682 -0.0002000] ti
6335,21.844,[-0.0346,104,P=[-0.0346 -0.0539 -0.0071] V=[-0.0244 -0.0373 -0.0099] |Bas|=0.000000 |Bgs|=0.0004268 Bas=[0.000000 0.000000 0.000000] Bgs=[0.0000813 -0.0003682 -0.0002000] ti
6437,21.944,[-0.0372,128,P=[-0.0372 -0.0577 -0.0082] V=[-0.0251 -0.0375 -0.0133] |Bas|=0.000000 |Bgs|=0.0004268 Bas=[0.000000 0.000000 0.000000] Bgs=[0.0000813 -0.0003682 -0.0002000] ti
6523,22.044,[-0.0397,134,P=[-0.0397 -0.0614 -0.0094] V=[-0.0273 -0.0360 -0.0118] |Bas|=0.000000 |Bgs|=0.0004268 Bas=[0.000000 0.000000 0.000000] Bgs=[0.0000813 -0.0003682 -0.0002000] ti
6927,23.244,[-0.0030,130,P=[-0.0030 -0.0008 -0.0003] V=[-0.0422 -0.0082 -0.0024] |Bas|=0.000000 |Bgs|=0.0024899 Bas=[0.000000 0.000000 0.000000] Bgs=[-0.0016486 0.0015893 0.0009776] tic
6945,23.344,[-0.0074,113,P=[-0.0074 -0.0017 -0.0006] V=[-0.0465 -0.0098 -0.0034] |Bas|=0.000000 |Bgs|=0.0024899 Bas=[0.000000 0.000000 0.000000] Bgs=[-0.0016486 0.0015893 0.0009776] tic
6979,23.444,[-0.0122,120,P=[-0.0122 -0.0028 -0.0011] V=[-0.0491 -0.0113 -0.0033] |Bas|=0.000000 |Bgs|=0.0024899 Bas=[0.000000 0.000000 0.000000] Bgs=[-0.0016486 0.0015893 0.0009776] tic
7003,23.544,[-0.0172,118,P=[-0.0172 -0.0041 -0.0014] V=[-0.0520 -0.0131 -0.0052] |Bas|=0.000000 |Bgs|=0.0024899 Bas=[0.000000 0.000000 0.000000] Bgs=[-0.0016486 0.0015893 0.0009776] tic
7037,23.644,[-0.0226,120,P=[-0.0226 -0.0055 -0.0020] V=[-0.0563 -0.0125 -0.0079] |Bas|=0.000000 |Bgs|=0.0024899 Bas=[0.000000 0.000000 0.000000] Bgs=[-0.0016486 0.0015893 0.0009776] tic
7066,23.744,[-0.0284,119,P=[-0.0284 -0.0068 -0.0028] V=[-0.0571 -0.0133 -0.0077] |Bas|=0.000000 |Bgs|=0.0024899 Bas=[0.000000 0.000000 0.000000] Bgs=[-0.0016486 0.0015893 0.0009776] tic
7093,23.848,[-0.0345,128,P=[-0.0345 -0.0083 -0.0037] V=[-0.0607 -0.0154 -0.0098] |Bas|=0.000000 |Bgs|=0.0024899 Bas=[0.000000 0.000000 0.000000] Bgs=[-0.0016486 0.0015893 0.0009776] tic
7119,23.944,[-0.0407,124,P=[-0.0407 -0.0098 -0.0048] V=[-0.0675 -0.0170 -0.0115] |Bas|=0.000000 |Bgs|=0.0024899 Bas=[0.000000 0.000000 0.000000] Bgs=[-0.0016486 0.0015893 0.0009776] tic
7143,24.044,[-0.0475,125,P=[-0.0475 -0.0115 -0.0057] V=[-0.0690 -0.0183 -0.0075] |Bas|=0.000000 |Bgs|=0.0024899 Bas=[0.000000 0.000000 0.000000] Bgs=[-0.0016486 0.0015893 0.0009776] tic
7169,24.176,[-0.0569,125,P=[-0.0569 -0.0142 -0.0069] V=[-0.0751 -0.0232 -0.0107] |Bas|=0.000000 |Bgs|=0.0024899 Bas=[0.000000 0.000000 0.000000] Bgs=[-0.0016486 0.0015893 0.0009776] tic
7189,24.308,[-0.0675,125,P=[-0.0675 -0.0175 -0.0086] V=[-0.0850 -0.0278 -0.0124] |Bas|=0.000000 |Bgs|=0.0024899 Bas=[0.000000 0.000000 0.000000] Bgs=[-0.0016486 0.0015893 0.0009776] tic
7274,24.408,[-0.0763,123,P=[-0.0763 -0.0204 -0.0098] V=[-0.0896 -0.0300 -0.0125] |Bas|=0.000000 |Bgs|=0.0024899 Bas=[0.000000 0.000000 0.000000] Bgs=[-0.0016486 0.0015893 0.0009776] tic
7359,24.508,[-0.0855,123,P=[-0.0855 -0.0235 -0.0109] V=[-0.0953 -0.0320 -0.0094] |Bas|=0.000000 |Bgs|=0.0024899 Bas=[0.000000 0.000000 0.000000] Bgs=[-0.0016486 0.0015893 0.0009776] tic
7453,24.608,[-0.0953,109,P=[-0.0953 -0.0268 -0.0119] V=[-0.1009 -0.0356 -0.0108] |Bas|=0.000000 |Bgs|=0.0024899 Bas=[0.000000 0.000000 0.000000] Bgs=[-0.0016486 0.0015893 0.0009776] tic
7550,24.708,[-0.1057,121,P=[-0.1057 -0.0306 -0.0130] V=[-0.1054 -0.0405 -0.0106] |Bas|=0.000000 |Bgs|=0.0024899 Bas=[0.000000 0.000000 0.000000] Bgs=[-0.0016486 0.0015893 0.0009776] tic
7643,24.808,[-0.1165,121,P=[-0.1165 -0.0348 -0.0141] V=[-0.1100 -0.0428 -0.0128] |Bas|=0.000000 |Bgs|=0.0024899 Bas=[0.000000 0.000000 0.000000] Bgs=[-0.0016486 0.0015893 0.0009776] tic
7730,24.908,[-0.1278,131,P=[-0.1278 -0.0395 -0.0153] V=[-0.1167 -0.0478 -0.0120] |Bas|=0.000000 |Bgs|=0.0024899 Bas=[0.000000 0.000000 0.000000] Bgs=[-0.0016486 0.0015893 0.0009776] tic
7809,25.008,[-0.1398,121,P=[-0.1398 -0.0443 -0.0163] V=[-0.1229 -0.0498 -0.0083] |Bas|=0.000000 |Bgs|=0.0024899 Bas=[0.000000 0.000000 0.000000] Bgs=[-0.0016486 0.0015893 0.0009776] tic
8206,26.208,[0.0005,129,P=[0.0005 -0.0007 -0.0003] V=[0.0078 -0.0096 0.0001] |Bas|=0.000000 |Bgs|=0.0026977 Bas=[0.000000 0.000000 0.000000] Bgs=[-0.0022941 0.0009952 -0.0010122] tic0=
8227,26.308,[0.0015,120,P=[0.0015 -0.0018 -0.0004] V=[0.0112 -0.0130 -0.0004] |Bas|=0.000000 |Bgs|=0.0026977 Bas=[0.000000 0.000000 0.000000] Bgs=[-0.0022941 0.0009952 -0.0010122] tic0
8251,26.408,[0.0027,126,P=[0.0027 -0.0033 -0.0003] V=[0.0117 -0.0169 0.0022] |Bas|=0.000000 |Bgs|=0.0026977 Bas=[0.000000 0.000000 0.000000] Bgs=[-0.0022941 0.0009952 -0.0010122] tic0=
8278,26.508,[0.0041,131,P=[0.0041 -0.0052 -0.0000] V=[0.0156 -0.0200 0.0017] |Bas|=0.000000 |Bgs|=0.0026977 Bas=[0.000000 0.000000 0.000000] Bgs=[-0.0022941 0.0009952 -0.0010122] tic0=
8304,26.608,[0.0055,125,P=[0.0055 -0.0075 0.0000] V=[0.0133 -0.0257 0.0003] |Bas|=0.000000 |Bgs|=0.0026977 Bas=[0.000000 0.000000 0.000000] Bgs=[-0.0022941 0.0009952 -0.0010122] tic0=[
8320,26.708,[0.0069,125,P=[0.0069 -0.0104 0.0003] V=[0.0129 -0.0314 0.0047] |Bas|=0.000000 |Bgs|=0.0026977 Bas=[0.000000 0.000000 0.000000] Bgs=[-0.0022941 0.0009952 -0.0010122] tic0=[
8348,26.808,[0.0083,117,P=[0.0083 -0.0138 0.0007] V=[0.0147 -0.0357 0.0025] |Bas|=0.000000 |Bgs|=0.0026977 Bas=[0.000000 0.000000 0.000000] Bgs=[-0.0022941 0.0009952 -0.0010122] tic0=[
8381,26.912,[0.0098,123,P=[0.0098 -0.0177 0.0011] V=[0.0136 -0.0431 0.0042] |Bas|=0.000000 |Bgs|=0.0026977 Bas=[0.000000 0.000000 0.000000] Bgs=[-0.0022941 0.0009952 -0.0010122] tic0=[
8408,27.044,[0.0115,119,P=[0.0115 -0.0240 0.0015] V=[0.0107 -0.0528 0.0026] |Bas|=0.000000 |Bgs|=0.0026977 Bas=[0.000000 0.000000 0.000000] Bgs=[-0.0022941 0.0009952 -0.0010122] tic0=[
8438,27.144,[0.0129,121,P=[0.0129 -0.0295 0.0017] V=[0.0160 -0.0589 0.0026] |Bas|=0.000000 |Bgs|=0.0026977 Bas=[0.000000 0.000000 0.000000] Bgs=[-0.0022941 0.0009952 -0.0010122] tic0=[
8524,27.276,[0.0151,126,P=[0.0151 -0.0377 0.0022] V=[0.0180 -0.0640 0.0040] |Bas|=0.000000 |Bgs|=0.0026977 Bas=[0.000000 0.000000 0.000000] Bgs=[-0.0022941 0.0009952 -0.0010122] tic0=[
8613,27.408,[0.0175,111,P=[0.0175 -0.0464 0.0027] V=[0.0186 -0.0685 0.0027] |Bas|=0.000000 |Bgs|=0.0026977 Bas=[0.000000 0.000000 0.000000] Bgs=[-0.0022941 0.0009952 -0.0010122] tic0=[
8716,27.508,[0.0192,113,P=[0.0192 -0.0536 0.0029] V=[0.0165 -0.0748 0.0025] |Bas|=0.000000 |Bgs|=0.0026977 Bas=[0.000000 0.000000 0.000000] Bgs=[-0.0022941 0.0009952 -0.0010122] tic0=[
8813,27.58,[0.0204,124,P=[0.0204 -0.0591 0.0031] V=[0.0169 -0.0800 0.0037] |Bas|=0.000000 |Bgs|=0.0026977 Bas=[0.000000 0.000000 0.000000] Bgs=[-0.0022941 0.0009952 -0.0010122] tic0=[
8901,27.708,[0.0226,121,P=[0.0226 -0.0698 0.0033] V=[0.0172 -0.0871 0.0003] |Bas|=0.000000 |Bgs|=0.0026977 Bas=[0.000000 0.000000 0.000000] Bgs=[-0.0022941 0.0009952 -0.0010122] tic0=[
8985,27.808,[0.0242,121,P=[0.0242 -0.0788 0.0035] V=[0.0164 -0.0929 0.0029] |Bas|=0.000000 |Bgs|=0.0026977 Bas=[0.000000 0.000000 0.000000] Bgs=[-0.0022941 0.0009952 -0.0010122] tic0=[
9372,29.144,[0.0020,126,P=[0.0020 0.0022 -0.0005] V=[0.0211 0.0222 -0.0060] |Bas|=0.000000 |Bgs|=0.0008636 Bas=[0.000000 0.000000 0.000000] Bgs=[0.0007244 -0.0000145 -0.0004700] tic0=[
9392,29.244,[0.0043,107,P=[0.0043 0.0046 -0.0010] V=[0.0244 0.0255 -0.0057] |Bas|=0.000000 |Bgs|=0.0008636 Bas=[0.000000 0.000000 0.000000] Bgs=[0.0007244 -0.0000145 -0.0004700] tic0=[
9426,29.348,[0.0070,120,P=[0.0070 0.0074 -0.0016] V=[0.0245 0.0297 -0.0056] |Bas|=0.000000 |Bgs|=0.0008636 Bas=[0.000000 0.000000 0.000000] Bgs=[0.0007244 -0.0000145 -0.0004700] tic0=[
9458,29.444,[0.0093,119,P=[0.0093 0.0104 -0.0020] V=[0.0244 0.0319 -0.0019] |Bas|=0.000000 |Bgs|=0.0008636 Bas=[0.000000 0.000000 0.000000] Bgs=[0.0007244 -0.0000145 -0.0004700] tic0=[
9484,29.544,[0.0119,103,P=[0.0119 0.0137 -0.0020] V=[0.0274 0.0341 -0.0019] |Bas|=0.000000 |Bgs|=0.0008636 Bas=[0.000000 0.000000 0.000000] Bgs=[0.0007244 -0.0000145 -0.0004700] tic0=[
9526,29.644,[0.0149,130,P=[0.0149 0.0172 -0.0023] V=[0.0303 0.0354 -0.0029] |Bas|=0.000000 |Bgs|=0.0008636 Bas=[0.000000 0.000000 0.000000] Bgs=[0.0007244 -0.0000145 -0.0004700] tic0=[
9604,29.748,[0.0180,125,P=[0.0180 0.0211 -0.0026] V=[0.0297 0.0399 -0.0045] |Bas|=0.000000 |Bgs|=0.0008636 Bas=[0.000000 0.000000 0.000000] Bgs=[0.0007244 -0.0000145 -0.0004700] tic0=[
9688,29.844,[0.0209,124,P=[0.0209 0.0251 -0.0032] V=[0.0332 0.0442 -0.0074] |Bas|=0.000000 |Bgs|=0.0008636 Bas=[0.000000 0.000000 0.000000] Bgs=[0.0007244 -0.0000145 -0.0004700] tic0=[
9783,29.944,[0.0244,109,P=[0.0244 0.0297 -0.0041] V=[0.0378 0.0482 -0.0108] |Bas|=0.000000 |Bgs|=0.0008636 Bas=[0.000000 0.000000 0.000000] Bgs=[0.0007244 -0.0000145 -0.0004700] tic0=[
9877,30.044,[0.0284,125,P=[0.0284 0.0346 -0.0051] V=[0.0432 0.0485 -0.0090] |Bas|=0.000000 |Bgs|=0.0008636 Bas=[0.000000 0.000000 0.000000] Bgs=[0.0007244 -0.0000145 -0.0004700] tic0=[
9965,30.148,[0.0331,124,P=[0.0331 0.0396 -0.0059] V=[0.0454 0.0500 -0.0070] |Bas|=0.000000 |Bgs|=0.0008636 Bas=[0.000000 0.000000 0.000000] Bgs=[0.0007244 -0.0000145 -0.0004700] tic0=[
10052,30.244,[0.0376,129,P=[0.0376 0.0447 -0.0066] V=[0.0474 0.0573 -0.0068] |Bas|=0.000000 |Bgs|=0.0008636 Bas=[0.000000 0.000000 0.000000] Bgs=[0.0007244 -0.0000145 -0.0004700] tic0=[
10132,30.344,[0.0427,126,P=[0.0427 0.0509 -0.0074] V=[0.0554 0.0641 -0.0109] |Bas|=0.000000 |Bgs|=0.0008636 Bas=[0.000000 0.000000 0.000000] Bgs=[0.0007244 -0.0000145 -0.0004700] tic0=[
10215,30.444,[0.0484,117,P=[0.0484 0.0572 -0.0084] V=[0.0583 0.0622 -0.0101] |Bas|=0.000000 |Bgs|=0.0008636 Bas=[0.000000 0.000000 0.000000] Bgs=[0.0007244 -0.0000145 -0.0004700] tic0=[
10307,30.544,[0.0545,129,P=[0.0545 0.0637 -0.0093] V=[0.0632 0.0680 -0.0091] |Bas|=0.000000 |Bgs|=0.0008636 Bas=[0.000000 0.000000 0.000000] Bgs=[0.0007244 -0.0000145 -0.0004700] tic0=[
10400,30.644,[0.0610,116,P=[0.0610 0.0708 -0.0102] V=[0.0647 0.0749 -0.0072] |Bas|=0.000000 |Bgs|=0.0008636 Bas=[0.000000 0.000000 0.000000] Bgs=[0.0007244 -0.0000145 -0.0004700] tic0=[
10487,30.744,[0.0677,116,P=[0.0677 0.0787 -0.0110] V=[0.0689 0.0798 -0.0066] |Bas|=0.000000 |Bgs|=0.0008636 Bas=[0.000000 0.000000 0.000000] Bgs=[0.0007244 -0.0000145 -0.0004700] tic0=[
10896,32.008,[-0.0001,132,P=[-0.0001 0.0016 -0.0007] V=[0.0015 0.0159 -0.0007] |Bas|=0.000000 |Bgs|=0.0027749 Bas=[0.000000 0.000000 0.000000] Bgs=[-0.0016510 0.0017458 -0.0013879] tic0=
10917,32.108,[0.0002,117,P=[0.0002 0.0031 -0.0010] V=[0.0032 0.0142 -0.0045] |Bas|=0.000000 |Bgs|=0.0027749 Bas=[0.000000 0.000000 0.000000] Bgs=[-0.0016510 0.0017458 -0.0013879] tic0=[
10943,32.208,[0.0003,124,P=[0.0003 0.0045 -0.0015] V=[-0.0017 0.0158 -0.0060] |Bas|=0.000000 |Bgs|=0.0027749 Bas=[0.000000 0.000000 0.000000] Bgs=[-0.0016510 0.0017458 -0.0013879] tic0=
10973,32.308,[-0.0000,117,P=[-0.0000 0.0061 -0.0022] V=[-0.0039 0.0173 -0.0079] |Bas|=0.000000 |Bgs|=0.0027749 Bas=[0.000000 0.000000 0.000000] Bgs=[-0.0016510 0.0017458 -0.0013879] tic0
11005,32.408,[-0.0005,115,P=[-0.0005 0.0078 -0.0029] V=[-0.0066 0.0158 -0.0086] |Bas|=0.000000 |Bgs|=0.0027749 Bas=[0.000000 0.000000 0.000000] Bgs=[-0.0016510 0.0017458 -0.0013879] tic0
11037,32.508,[-0.0014,114,P=[-0.0014 0.0094 -0.0039] V=[-0.0099 0.0170 -0.0101] |Bas|=0.000000 |Bgs|=0.0027749 Bas=[0.000000 0.000000 0.000000] Bgs=[-0.0016510 0.0017458 -0.0013879] tic0
11071,32.608,[-0.0025,119,P=[-0.0025 0.0109 -0.0050] V=[-0.0110 0.0152 -0.0100] |Bas|=0.000000 |Bgs|=0.0027749 Bas=[0.000000 0.000000 0.000000] Bgs=[-0.0016510 0.0017458 -0.0013879] tic0
11159,32.684,[-0.0033,127,P=[-0.0033 0.0121 -0.0058] V=[-0.0132 0.0150 -0.0110] |Bas|=0.000000 |Bgs|=0.0027749 Bas=[0.000000 0.000000 0.000000] Bgs=[-0.0016510 0.0017458 -0.0013879] tic0
11247,32.784,[-0.0046,118,P=[-0.0046 0.0135 -0.0069] V=[-0.0125 0.0145 -0.0119] |Bas|=0.000000 |Bgs|=0.0027749 Bas=[0.000000 0.000000 0.000000] Bgs=[-0.0016510 0.0017458 -0.0013879] tic0
11340,32.884,[-0.0061,118,P=[-0.0061 0.0150 -0.0082] V=[-0.0174 0.0158 -0.0123] |Bas|=0.000000 |Bgs|=0.0027749 Bas=[0.000000 0.000000 0.000000] Bgs=[-0.0016510 0.0017458 -0.0013879] tic0
11427,32.984,[-0.0079,125,P=[-0.0079 0.0164 -0.0095] V=[-0.0209 0.0120 -0.0138] |Bas|=0.000000 |Bgs|=0.0027749 Bas=[0.000000 0.000000 0.000000] Bgs=[-0.0016510 0.0017458 -0.0013879] tic0
11515,33.084,[-0.0102,127,P=[-0.0102 0.0174 -0.0109] V=[-0.0241 0.0073 -0.0153] |Bas|=0.000000 |Bgs|=0.0027749 Bas=[0.000000 0.000000 0.000000] Bgs=[-0.0016510 0.0017458 -0.0013879] tic0
11902,34.34,[-0.0025,128,P=[-0.0025 -0.0007 -0.0012] V=[-0.0316 -0.0076 -0.0115] |Bas|=0.000000 |Bgs|=0.0007818 Bas=[0.000000 0.000000 0.000000] Bgs=[-0.0006877 -0.0002362 0.0002872] ti
11928,34.44,[-0.0057,121,P=[-0.0057 -0.0016 -0.0023] V=[-0.0314 -0.0103 -0.0120] |Bas|=0.000000 |Bgs|=0.0007818 Bas=[0.000000 0.000000 0.000000] Bgs=[-0.0006877 -0.0002362 0.0002872] ti
11952,34.54,[-0.0090,122,P=[-0.0090 -0.0028 -0.0033] V=[-0.0355 -0.0153 -0.0084] |Bas|=0.000000 |Bgs|=0.0007818 Bas=[0.000000 0.000000 0.000000] Bgs=[-0.0006877 -0.0002362 0.0002872] ti
11977,34.64,[-0.0128,123,P=[-0.0128 -0.0045 -0.0042] V=[-0.0402 -0.0172 -0.0102] |Bas|=0.000000 |Bgs|=0.0007818 Bas=[0.000000 0.000000 0.000000] Bgs=[-0.0006877 -0.0002362 0.0002872] ti
12001,34.74,[-0.0170,121,P=[-0.0170 -0.0063 -0.0053] V=[-0.0449 -0.0197 -0.0136] |Bas|=0.000000 |Bgs|=0.0007818 Bas=[0.000000 0.000000 0.000000] Bgs=[-0.0006877 -0.0002362 0.0002872] ti
12035,34.84,[-0.0216,125,P=[-0.0216 -0.0085 -0.0067] V=[-0.0456 -0.0242 -0.0137] |Bas|=0.000000 |Bgs|=0.0007818 Bas=[0.000000 0.000000 0.000000] Bgs=[-0.0006877 -0.0002362 0.0002872] ti
12062,34.94,[-0.0264,115,P=[-0.0264 -0.0109 -0.0081] V=[-0.0496 -0.0253 -0.0131] |Bas|=0.000000 |Bgs|=0.0007818 Bas=[0.000000 0.000000 0.000000] Bgs=[-0.0006877 -0.0002362 0.0002872] ti
12099,35.04,[-0.0314,127,P=[-0.0314 -0.0135 -0.0095] V=[-0.0516 -0.0272 -0.0141] |Bas|=0.000000 |Bgs|=0.0007818 Bas=[0.000000 0.000000 0.000000] Bgs=[-0.0006877 -0.0002362 0.0002872] ti
12125,35.14,[-0.0368,118,P=[-0.0368 -0.0163 -0.0108] V=[-0.0559 -0.0287 -0.0125] |Bas|=0.000000 |Bgs|=0.0007818 Bas=[0.000000 0.000000 0.000000] Bgs=[-0.0006877 -0.0002362 0.0002872] ti
12218,35.24,[-0.0427,126,P=[-0.0427 -0.0194 -0.0120] V=[-0.0620 -0.0326 -0.0126] |Bas|=0.000000 |Bgs|=0.0007818 Bas=[0.000000 0.000000 0.000000] Bgs=[-0.0006877 -0.0002362 0.0002872] ti
12298,35.34,[-0.0491,121,P=[-0.0491 -0.0228 -0.0131] V=[-0.0633 -0.0345 -0.0093] |Bas|=0.000000 |Bgs|=0.0007818 Bas=[0.000000 0.000000 0.000000] Bgs=[-0.0006877 -0.0002362 0.0002872] ti
12390,35.44,[-0.0556,117,P=[-0.0556 -0.0263 -0.0140] V=[-0.0671 -0.0355 -0.0087] |Bas|=0.000000 |Bgs|=0.0007818 Bas=[0.000000 0.000000 0.000000] Bgs=[-0.0006877 -0.0002362 0.0002872] ti
12476,35.544,[-0.0626,120,P=[-0.0626 -0.0303 -0.0151] V=[-0.0693 -0.0411 -0.0115] |Bas|=0.000000 |Bgs|=0.0007818 Bas=[0.000000 0.000000 0.000000] Bgs=[-0.0006877 -0.0002362 0.0002872] ti
12572,35.64,[-0.0695,125,P=[-0.0695 -0.0344 -0.0162] V=[-0.0733 -0.0440 -0.0122] |Bas|=0.000000 |Bgs|=0.0007818 Bas=[0.000000 0.000000 0.000000] Bgs=[-0.0006877 -0.0002362 0.0002872] ti
12657,35.74,[-0.0771,131,P=[-0.0771 -0.0391 -0.0174] V=[-0.0772 -0.0491 -0.0102] |Bas|=0.000000 |Bgs|=0.0007818 Bas=[0.000000 0.000000 0.000000] Bgs=[-0.0006877 -0.0002362 0.0002872] ti
12738,35.844,[-0.0852,132,P=[-0.0852 -0.0445 -0.0183] V=[-0.0801 -0.0553 -0.0079] |Bas|=0.000000 |Bgs|=0.0007818 Bas=[0.000000 0.000000 0.000000] Bgs=[-0.0006877 -0.0002362 0.0002872] ti
12813,35.976,[-0.0959,127,P=[-0.0959 -0.0524 -0.0196] V=[-0.0829 -0.0637 -0.0098] |Bas|=0.000000 |Bgs|=0.0007818 Bas=[0.000000 0.000000 0.000000] Bgs=[-0.0006877 -0.0002362 0.0002872] ti
12895,36.104,[-0.1067,130,P=[-0.1067 -0.0608 -0.0209] V=[-0.0855 -0.0668 -0.0115] |Bas|=0.000000 |Bgs|=0.0007818 Bas=[0.000000 0.000000 0.000000] Bgs=[-0.0006877 -0.0002362 0.0002872] ti
13287,37.308,[-0.0002,132,P=[-0.0002 0.0025 -0.0012] V=[-0.0012 0.0290 -0.0130] |Bas|=0.000000 |Bgs|=0.0010270 Bas=[0.000000 0.000000 0.000000] Bgs=[-0.0003590 -0.0007625 -0.0005868] tic
13308,37.44,[-0.0001,108,P=[-0.0001 0.0065 -0.0032] V=[0.0009 0.0317 -0.0154] |Bas|=0.000000 |Bgs|=0.0010270 Bas=[0.000000 0.000000 0.000000] Bgs=[-0.0003590 -0.0007625 -0.0005868] tic0
13344,37.54,[-0.0001,113,P=[-0.0001 0.0098 -0.0046] V=[0.0001 0.0336 -0.0128] |Bas|=0.000000 |Bgs|=0.0010270 Bas=[0.000000 0.000000 0.000000] Bgs=[-0.0003590 -0.0007625 -0.0005868] tic0
13376,37.64,[-0.0001,100,P=[-0.0001 0.0133 -0.0059] V=[0.0013 0.0373 -0.0129] |Bas|=0.000000 |Bgs|=0.0010270 Bas=[0.000000 0.000000 0.000000] Bgs=[-0.0003590 -0.0007625 -0.0005868] tic0
13423,37.74,[0.0000,112,P=[0.0000 0.0172 -0.0071] V=[0.0017 0.0388 -0.0121] |Bas|=0.000000 |Bgs|=0.0010270 Bas=[0.000000 0.000000 0.000000] Bgs=[-0.0003590 -0.0007625 -0.0005868] tic0=
13516,37.84,[0.0000,115,P=[0.0000 0.0212 -0.0084] V=[-0.0006 0.0416 -0.0127] |Bas|=0.000000 |Bgs|=0.0010270 Bas=[0.000000 0.000000 0.000000] Bgs=[-0.0003590 -0.0007625 -0.0005868] tic0
13606,37.94,[0.0001,114,P=[0.0001 0.0254 -0.0097] V=[0.0020 0.0436 -0.0130] |Bas|=0.000000 |Bgs|=0.0010270 Bas=[0.000000 0.000000 0.000000] Bgs=[-0.0003590 -0.0007625 -0.0005868] tic0=
13703,38.04,[0.0001,116,P=[0.0001 0.0299 -0.0110] V=[0.0018 0.0468 -0.0115] |Bas|=0.000000 |Bgs|=0.0010270 Bas=[0.000000 0.000000 0.000000] Bgs=[-0.0003590 -0.0007625 -0.0005868] tic0=
13795,38.172,[0.0003,128,P=[0.0003 0.0364 -0.0125] V=[0.0024 0.0517 -0.0110] |Bas|=0.000000 |Bgs|=0.0010270 Bas=[0.000000 0.000000 0.000000] Bgs=[-0.0003590 -0.0007625 -0.0005868] tic0=
13880,38.272,[0.0005,125,P=[0.0005 0.0417 -0.0134] V=[0.0024 0.0533 -0.0070] |Bas|=0.000000 |Bgs|=0.0010270 Bas=[0.000000 0.000000 0.000000] Bgs=[-0.0003590 -0.0007625 -0.0005868] tic0=
13972,38.372,[0.0010,132,P=[0.0010 0.0472 -0.0140] V=[0.0069 0.0551 -0.0040] |Bas|=0.000000 |Bgs|=0.0010270 Bas=[0.000000 0.000000 0.000000] Bgs=[-0.0003590 -0.0007625 -0.0005868] tic0=
14059,38.504,[0.0020,124,P=[0.0020 0.0545 -0.0148] V=[0.0079 0.0586 -0.0096] |Bas|=0.000000 |Bgs|=0.0010270 Bas=[0.000000 0.000000 0.000000] Bgs=[-0.0003590 -0.0007625 -0.0005868] tic0=
14141,38.604,[0.0027,134,P=[0.0027 0.0605 -0.0158] V=[0.0068 0.0600 -0.0096] |Bas|=0.000000 |Bgs|=0.0010270 Bas=[0.000000 0.000000 0.000000] Bgs=[-0.0003590 -0.0007625 -0.0005868] tic0=
14224,38.704,[0.0036,103,P=[0.0036 0.0666 -0.0168] V=[0.0078 0.0619 -0.0115] |Bas|=0.000000 |Bgs|=0.0010270 Bas=[0.000000 0.000000 0.000000] Bgs=[-0.0003590 -0.0007625 -0.0005868] tic0=
14612,39.94,[-0.0042,130,P=[-0.0042 0.0017 0.0011] V=[-0.0422 0.0159 0.0095] |Bas|=0.000000 |Bgs|=0.0008043 Bas=[0.000000 0.000000 0.000000] Bgs=[0.0004201 -0.0006734 -0.0001302] tic0=[
14633,40.04,[-0.0086,116,P=[-0.0086 0.0034 0.0019] V=[-0.0471 0.0189 0.0069] |Bas|=0.000000 |Bgs|=0.0008043 Bas=[0.000000 0.000000 0.000000] Bgs=[0.0004201 -0.0006734 -0.0001302] tic0=[
14667,40.14,[-0.0133,112,P=[-0.0133 0.0056 0.0026] V=[-0.0488 0.0241 0.0079] |Bas|=0.000000 |Bgs|=0.0008043 Bas=[0.000000 0.000000 0.000000] Bgs=[0.0004201 -0.0006734 -0.0001302] tic0=[
14703,40.24,[-0.0184,118,P=[-0.0184 0.0080 0.0034] V=[-0.0498 0.0230 0.0077] |Bas|=0.000000 |Bgs|=0.0008043 Bas=[0.000000 0.000000 0.000000] Bgs=[0.0004201 -0.0006734 -0.0001302] tic0=[
14732,40.34,[-0.0236,125,P=[-0.0236 0.0106 0.0043] V=[-0.0571 0.0273 0.0114] |Bas|=0.000000 |Bgs|=0.0008043 Bas=[0.000000 0.000000 0.000000] Bgs=[0.0004201 -0.0006734 -0.0001302] tic0=[
14759,40.44,[-0.0295,121,P=[-0.0295 0.0132 0.0054] V=[-0.0620 0.0266 0.0122] |Bas|=0.000000 |Bgs|=0.0008043 Bas=[0.000000 0.000000 0.000000] Bgs=[0.0004201 -0.0006734 -0.0001302] tic0=[
14784,40.54,[-0.0362,128,P=[-0.0362 0.0157 0.0068] V=[-0.0692 0.0238 0.0139] |Bas|=0.000000 |Bgs|=0.0008043 Bas=[0.000000 0.000000 0.000000] Bgs=[0.0004201 -0.0006734 -0.0001302] tic0=[
14812,40.672,[-0.0454,127,P=[-0.0454 0.0191 0.0083] V=[-0.0700 0.0250 0.0108] |Bas|=0.000000 |Bgs|=0.0008043 Bas=[0.000000 0.000000 0.000000] Bgs=[0.0004201 -0.0006734 -0.0001302] tic0=[
14829,40.804,[-0.0549,125,P=[-0.0549 0.0224 0.0096] V=[-0.0736 0.0260 0.0084] |Bas|=0.000000 |Bgs|=0.0008043 Bas=[0.000000 0.000000 0.000000] Bgs=[0.0004201 -0.0006734 -0.0001302] tic0=[
14855,40.904,[-0.0624,124,P=[-0.0624 0.0250 0.0104] V=[-0.0758 0.0269 0.0075] |Bas|=0.000000 |Bgs|=0.0008043 Bas=[0.000000 0.000000 0.000000] Bgs=[0.0004201 -0.0006734 -0.0001302] tic0=[
14879,41.004,[-0.0702,131,P=[-0.0702 0.0276 0.0112] V=[-0.0803 0.0259 0.0087] |Bas|=0.000000 |Bgs|=0.0008043 Bas=[0.000000 0.000000 0.000000] Bgs=[0.0004201 -0.0006734 -0.0001302] tic0=[
14898,41.104,[-0.0784,122,P=[-0.0784 0.0304 0.0121] V=[-0.0826 0.0284 0.0101] |Bas|=0.000000 |Bgs|=0.0008043 Bas=[0.000000 0.000000 0.000000] Bgs=[0.0004201 -0.0006734 -0.0001302] tic0=[
14921,41.176,[-0.0844,131,P=[-0.0844 0.0325 0.0129] V=[-0.0851 0.0299 0.0101] |Bas|=0.000000 |Bgs|=0.0008043 Bas=[0.000000 0.000000 0.000000] Bgs=[0.0004201 -0.0006734 -0.0001302] tic0=[
14999,41.304,[-0.0955,126,P=[-0.0955 0.0362 0.0142] V=[-0.0869 0.0305 0.0113] |Bas|=0.000000 |Bgs|=0.0008043 Bas=[0.000000 0.000000 0.000000] Bgs=[0.0004201 -0.0006734 -0.0001302] tic0=[
15079,41.404,[-0.1042,120,P=[-0.1042 0.0394 0.0154] V=[-0.0879 0.0341 0.0109] |Bas|=0.000000 |Bgs|=0.0008043 Bas=[0.000000 0.000000 0.000000] Bgs=[0.0004201 -0.0006734 -0.0001302] tic0=[
15177,41.504,[-0.1131,110,P=[-0.1131 0.0428 0.0163] V=[-0.0920 0.0352 0.0089] |Bas|=0.000000 |Bgs|=0.0008043 Bas=[0.000000 0.000000 0.000000] Bgs=[0.0004201 -0.0006734 -0.0001302] tic0=[
15268,41.604,[-0.1224,127,P=[-0.1224 0.0465 0.0171] V=[-0.0929 0.0378 0.0054] |Bas|=0.000000 |Bgs|=0.0008043 Bas=[0.000000 0.000000 0.000000] Bgs=[0.0004201 -0.0006734 -0.0001302] tic0=[
15349,41.708,[-0.1318,130,P=[-0.1318 0.0503 0.0177] V=[-0.0917 0.0362 0.0066] |Bas|=0.000000 |Bgs|=0.0008043 Bas=[0.000000 0.000000 0.000000] Bgs=[0.0004201 -0.0006734 -0.0001302] tic0=[
15723,43.016,[0.0066,128,P=[0.0066 -0.0169 -0.0012] V=[0.0523 -0.1277 -0.0092] |Bas|=0.000000 |Bgs|=0.0006421 Bas=[0.000000 0.000000 0.000000] Bgs=[0.0005510 0.0000940 0.0003160] tic0=[
15764,43.116,[0.0119,29,P=[0.0119 -0.0297 -0.0021] V=[0.0535 -0.1281 -0.0090] |Bas|=0.000000 |Bgs|=0.0006421 Bas=[0.000000 0.000000 0.000000] Bgs=[0.0005510 0.0000940 0.0003160] tic0=[
15942,43.216,[0.0175,132,P=[0.0175 -0.0425 -0.0030] V=[0.0599 -0.1253 -0.0095] |Bas|=0.000000 |Bgs|=0.0006421 Bas=[0.000000 0.000000 0.000000] Bgs=[0.0005510 0.0000940 0.0003160] tic0=[
16034,43.316,[0.0237,123,P=[0.0237 -0.0551 -0.0038] V=[0.0631 -0.1256 -0.0064] |Bas|=0.000000 |Bgs|=0.0006421 Bas=[0.000000 0.000000 0.000000] Bgs=[0.0005510 0.0000940 0.0003160] tic0=[
16143,43.416,[0.0302,121,P=[0.0302 -0.0678 -0.0045] V=[0.0659 -0.1267 -0.0046] |Bas|=0.000000 |Bgs|=0.0006421 Bas=[0.000000 0.000000 0.000000] Bgs=[0.0005510 0.0000940 0.0003160] tic0=[
16262,43.516,[0.0367,95,P=[0.0367 -0.0806 -0.0048] V=[0.0649 -0.1302 -0.0028] |Bas|=0.000000 |Bgs|=0.0006421 Bas=[0.000000 0.000000 0.000000] Bgs=[0.0005510 0.0000940 0.0003160] tic0=[
16395,43.616,[0.0434,98,P=[0.0434 -0.0938 -0.0051] V=[0.0691 -0.1329 -0.0034] |Bas|=0.000000 |Bgs|=0.0006421 Bas=[0.000000 0.000000 0.000000] Bgs=[0.0005510 0.0000940 0.0003160] tic0=[
16535,43.716,[0.0505,119,P=[0.0505 -0.1071 -0.0054] V=[0.0730 -0.1336 -0.0032] |Bas|=0.000000 |Bgs|=0.0006421 Bas=[0.000000 0.000000 0.000000] Bgs=[0.0005510 0.0000940 0.0003160] tic0=[
16640,43.816,[0.0581,121,P=[0.0581 -0.1206 -0.0057] V=[0.0783 -0.1385 -0.0008] |Bas|=0.000000 |Bgs|=0.0006421 Bas=[0.000000 0.000000 0.000000] Bgs=[0.0005510 0.0000940 0.0003160] tic0=[
16758,43.916,[0.0660,96,P=[0.0660 -0.1346 -0.0060] V=[0.0822 -0.1396 -0.0029] |Bas|=0.000000 |Bgs|=0.0006421 Bas=[0.000000 0.000000 0.000000] Bgs=[0.0005510 0.0000940 0.0003160] tic0=[
16873,44.016,[0.0746,122,P=[0.0746 -0.1487 -0.0064] V=[0.0877 -0.1424 -0.0065] |Bas|=0.000000 |Bgs|=0.0006421 Bas=[0.000000 0.000000 0.000000] Bgs=[0.0005510 0.0000940 0.0003160] tic0=[
16967,44.116,[0.0835,107,P=[0.0835 -0.1627 -0.0070] V=[0.0918 -0.1408 -0.0066] |Bas|=0.000000 |Bgs|=0.0006421 Bas=[0.000000 0.000000 0.000000] Bgs=[0.0005510 0.0000940 0.0003160] tic0=[
17070,44.216,[0.0929,119,P=[0.0929 -0.1767 -0.0081] V=[0.0962 -0.1383 -0.0161] |Bas|=0.000000 |Bgs|=0.0006421 Bas=[0.000000 0.000000 0.000000] Bgs=[0.0005510 0.0000940 0.0003160] tic0=[
17166,44.316,[0.1027,118,P=[0.1027 -0.1908 -0.0096] V=[0.1009 -0.1420 -0.0140] |Bas|=0.000000 |Bgs|=0.0006421 Bas=[0.000000 0.000000 0.000000] Bgs=[0.0005510 0.0000940 0.0003160] tic0=[
17262,44.416,[0.1132,123,P=[0.1132 -0.2051 -0.0110] V=[0.1088 -0.1425 -0.0160] |Bas|=0.000000 |Bgs|=0.0006421 Bas=[0.000000 0.000000 0.000000] Bgs=[0.0005510 0.0000940 0.0003160] tic0=[
17353,44.516,[0.1244,131,P=[0.1244 -0.2196 -0.0127] V=[0.1150 -0.1476 -0.0175] |Bas|=0.000000 |Bgs|=0.0006421 Bas=[0.000000 0.000000 0.000000] Bgs=[0.0005510 0.0000940 0.0003160] tic0=[
17455,44.616,[0.1360,102,P=[0.1360 -0.2344 -0.0144] V=[0.1180 -0.1487 -0.0160] |Bas|=0.000000 |Bgs|=0.0006421 Bas=[0.000000 0.000000 0.000000] Bgs=[0.0005510 0.0000940 0.0003160] tic0=[
17558,44.716,[0.1479,132,P=[0.1479 -0.2493 -0.0160] V=[0.1205 -0.1503 -0.0156] |Bas|=0.000000 |Bgs|=0.0006421 Bas=[0.000000 0.000000 0.000000] Bgs=[0.0005510 0.0000940 0.0003160] tic0=[
17972,45.98,[-0.0021,127,P=[-0.0021 0.0019 -0.0005] V=[-0.0127 0.0134 -0.0036] |Bas|=0.000000 |Bgs|=0.0021878 Bas=[0.000000 0.000000 0.000000] Bgs=[0.0020796 0.0004899 0.0004710] tic0=[
17996,46.08,[-0.0033,123,P=[-0.0033 0.0035 -0.0006] V=[-0.0111 0.0198 -0.0007] |Bas|=0.000000 |Bgs|=0.0021878 Bas=[0.000000 0.000000 0.000000] Bgs=[0.0020796 0.0004899 0.0004710] tic0=[
18025,46.18,[-0.0044,124,P=[-0.0044 0.0056 -0.0008] V=[-0.0094 0.0204 -0.0033] |Bas|=0.000000 |Bgs|=0.0021878 Bas=[0.000000 0.000000 0.000000] Bgs=[0.0020796 0.0004899 0.0004710] tic0=[
18049,46.28,[-0.0051,134,P=[-0.0051 0.0078 -0.0013] V=[-0.0071 0.0241 -0.0077] |Bas|=0.000000 |Bgs|=0.0021878 Bas=[0.000000 0.000000 0.000000] Bgs=[0.0020796 0.0004899 0.0004710] tic0=[
18069,46.38,[-0.0059,132,P=[-0.0059 0.0102 -0.0021] V=[-0.0102 0.0247 -0.0081] |Bas|=0.000000 |Bgs|=0.0021878 Bas=[0.000000 0.000000 0.000000] Bgs=[0.0020796 0.0004899 0.0004710] tic0=[
18090,46.484,[-0.0072,126,P=[-0.0072 0.0131 -0.0029] V=[-0.0123 0.0305 -0.0082] |Bas|=0.000000 |Bgs|=0.0021878 Bas=[0.000000 0.000000 0.000000] Bgs=[0.0020796 0.0004899 0.0004710] tic0=[
18114,46.616,[-0.0091,123,P=[-0.0091 0.0173 -0.0040] V=[-0.0167 0.0339 -0.0076] |Bas|=0.000000 |Bgs|=0.0021878 Bas=[0.000000 0.000000 0.000000] Bgs=[0.0020796 0.0004899 0.0004710] tic0=[
18138,46.716,[-0.0107,122,P=[-0.0107 0.0208 -0.0046] V=[-0.0166 0.0364 -0.0060] |Bas|=0.000000 |Bgs|=0.0021878 Bas=[0.000000 0.000000 0.000000] Bgs=[0.0020796 0.0004899 0.0004710] tic0=[
18166,46.816,[-0.0124,122,P=[-0.0124 0.0246 -0.0054] V=[-0.0160 0.0420 -0.0106] |Bas|=0.000000 |Bgs|=0.0021878 Bas=[0.000000 0.000000 0.000000] Bgs=[0.0020796 0.0004899 0.0004710] tic0=[
18187,46.916,[-0.0140,115,P=[-0.0140 0.0292 -0.0064] V=[-0.0158 0.0484 -0.0083] |Bas|=0.000000 |Bgs|=0.0021878 Bas=[0.000000 0.000000 0.000000] Bgs=[0.0020796 0.0004899 0.0004710] tic0=[
18225,47.016,[-0.0156,130,P=[-0.0156 0.0344 -0.0072] V=[-0.0151 0.0565 -0.0072] |Bas|=0.000000 |Bgs|=0.0021878 Bas=[0.000000 0.000000 0.000000] Bgs=[0.0020796 0.0004899 0.0004710] tic0=[
18250,47.116,[-0.0173,127,P=[-0.0173 0.0403 -0.0077] V=[-0.0196 0.0605 -0.0036] |Bas|=0.000000 |Bgs|=0.0021878 Bas=[0.000000 0.000000 0.000000] Bgs=[0.0020796 0.0004899 0.0004710] tic0=[
18270,47.216,[-0.0193,120,P=[-0.0193 0.0464 -0.0082] V=[-0.0200 0.0641 -0.0053] |Bas|=0.000000 |Bgs|=0.0021878 Bas=[0.000000 0.000000 0.000000] Bgs=[0.0020796 0.0004899 0.0004710] tic0=[
18296,47.316,[-0.0212,121,P=[-0.0212 0.0531 -0.0090] V=[-0.0175 0.0685 -0.0102] |Bas|=0.000000 |Bgs|=0.0021878 Bas=[0.000000 0.000000 0.000000] Bgs=[0.0020796 0.0004899 0.0004710] tic0=[
18324,47.416,[-0.0231,126,P=[-0.0231 0.0602 -0.0101] V=[-0.0188 0.0748 -0.0119] |Bas|=0.000000 |Bgs|=0.0021878 Bas=[0.000000 0.000000 0.000000] Bgs=[0.0020796 0.0004899 0.0004710] tic0=[
18346,47.516,[-0.0251,121,P=[-0.0251 0.0682 -0.0112] V=[-0.0208 0.0832 -0.0113] |Bas|=0.000000 |Bgs|=0.0021878 Bas=[0.000000 0.000000 0.000000] Bgs=[0.0020796 0.0004899 0.0004710] tic0=[
18433,47.616,[-0.0273,131,P=[-0.0273 0.0769 -0.0123] V=[-0.0239 0.0927 -0.0120] |Bas|=0.000000 |Bgs|=0.0021878 Bas=[0.000000 0.000000 0.000000] Bgs=[0.0020796 0.0004899 0.0004710] tic0=[
18511,47.716,[-0.0298,117,P=[-0.0298 0.0865 -0.0136] V=[-0.0237 0.1007 -0.0126] |Bas|=0.000000 |Bgs|=0.0021878 Bas=[0.000000 0.000000 0.000000] Bgs=[0.0020796 0.0004899 0.0004710] tic0=[
18623,47.816,[-0.0321,99,P=[-0.0321 0.0970 -0.0146] V=[-0.0244 0.1103 -0.0087] |Bas|=0.000000 |Bgs|=0.0021878 Bas=[0.000000 0.000000 0.000000] Bgs=[0.0020796 0.0004899 0.0004710] tic0=[
18719,47.916,[-0.0347,124,P=[-0.0347 0.1082 -0.0152] V=[-0.0271 0.1150 -0.0060] |Bas|=0.000000 |Bgs|=0.0021878 Bas=[0.000000 0.000000 0.000000] Bgs=[0.0020796 0.0004899 0.0004710] tic0=[
18817,48.016,[-0.0375,116,P=[-0.0375 0.1200 -0.0157] V=[-0.0289 0.1204 -0.0057] |Bas|=0.000000 |Bgs|=0.0021878 Bas=[0.000000 0.000000 0.000000] Bgs=[0.0020796 0.0004899 0.0004710] tic0=[
18908,48.116,[-0.0407,120,P=[-0.0407 0.1322 -0.0159] V=[-0.0333 0.1259 -0.0007] |Bas|=0.000000 |Bgs|=0.0021878 Bas=[0.000000 0.000000 0.000000] Bgs=[0.0020796 0.0004899 0.0004710] tic0=[
19000,48.216,[-0.0438,130,P=[-0.0438 0.1451 -0.0158] V=[-0.0291 0.1325 0.0004] |Bas|=0.000000 |Bgs|=0.0021878 Bas=[0.000000 0.000000 0.000000] Bgs=[0.0020796 0.0004899 0.0004710] tic0=[0
19083,48.316,[-0.0466,118,P=[-0.0466 0.1586 -0.0158] V=[-0.0273 0.1381 0.0009] |Bas|=0.000000 |Bgs|=0.0021878 Bas=[0.000000 0.000000 0.000000] Bgs=[0.0020796 0.0004899 0.0004710] tic0=[0
19175,48.416,[-0.0494,130,P=[-0.0494 0.1727 -0.0157] V=[-0.0276 0.1439 -0.0004] |Bas|=0.000000 |Bgs|=0.0021878 Bas=[0.000000 0.000000 0.000000] Bgs=[0.0020796 0.0004899 0.0004710] tic0=[
19276,48.52,[-0.0524,93,P=[-0.0524 0.1880 -0.0155] V=[-0.0304 0.1490 0.0033] |Bas|=0.000000 |Bgs|=0.0021878 Bas=[0.000000 0.000000 0.000000] Bgs=[0.0020796 0.0004899 0.0004710] tic0=[0
19386,48.616,[-0.0553,117,P=[-0.0553 0.2026 -0.0153] V=[-0.0312 0.1555 0.0003] |Bas|=0.000000 |Bgs|=0.0021878 Bas=[0.000000 0.000000 0.000000] Bgs=[0.0020796 0.0004899 0.0004710] tic0=[0
19485,48.716,[-0.0587,120,P=[-0.0587 0.2184 -0.0152] V=[-0.0346 0.1605 -0.0001] |Bas|=0.000000 |Bgs|=0.0021878 Bas=[0.000000 0.000000 0.000000] Bgs=[0.0020796 0.0004899 0.0004710] tic0=[
19584,48.816,[-0.0620,123,P=[-0.0620 0.2349 -0.0151] V=[-0.0322 0.1689 0.0020] |Bas|=0.000000 |Bgs|=0.0021878 Bas=[0.000000 0.000000 0.000000] Bgs=[0.0020796 0.0004899 0.0004710] tic0=[0
19676,48.916,[-0.0654,123,P=[-0.0654 0.2522 -0.0151] V=[-0.0360 0.1775 -0.0030] |Bas|=0.000000 |Bgs|=0.0021878 Bas=[0.000000 0.000000 0.000000] Bgs=[0.0020796 0.0004899 0.0004710] tic0=[
19771,49.016,[-0.0691,129,P=[-0.0691 0.2704 -0.0154] V=[-0.0387 0.1863 -0.0008] |Bas|=0.000000 |Bgs|=0.0021878 Bas=[0.000000 0.000000 0.000000] Bgs=[0.0020796 0.0004899 0.0004710] tic0=[
19874,49.116,[-0.0729,126,P=[-0.0729 0.2894 -0.0155] V=[-0.0365 0.1958 -0.0030] |Bas|=0.000000 |Bgs|=0.0021878 Bas=[0.000000 0.000000 0.000000] Bgs=[0.0020796 0.0004899 0.0004710] tic0=[
19967,49.22,[-0.0766,113,P=[-0.0766 0.3101 -0.0159] V=[-0.0355 0.2047 -0.0051] |Bas|=0.000000 |Bgs|=0.0021878 Bas=[0.000000 0.000000 0.000000] Bgs=[0.0020796 0.0004899 0.0004710] tic0=[
20081,49.316,[-0.0800,125,P=[-0.0800 0.3301 -0.0164] V=[-0.0349 0.2128 -0.0038] |Bas|=0.000000 |Bgs|=0.0021878 Bas=[0.000000 0.000000 0.000000] Bgs=[0.0020796 0.0004899 0.0004710] tic0=[
20197,49.416,[-0.0838,92,P=[-0.0838 0.3516 -0.0167] V=[-0.0408 0.2191 -0.0052] |Bas|=0.000000 |Bgs|=0.0021878 Bas=[0.000000 0.000000 0.000000] Bgs=[0.0020796 0.0004899 0.0004710] tic0=[
20328,49.516,[-0.0881,123,P=[-0.0881 0.3742 -0.0173] V=[-0.0447 0.2300 -0.0059] |Bas|=0.000000 |Bgs|=0.0021878 Bas=[0.000000 0.000000 0.000000] Bgs=[0.0020796 0.0004899 0.0004710] tic0=[
20450,49.616,[-0.0928,129,P=[-0.0928 0.3976 -0.0179] V=[-0.0472 0.2387 -0.0055] |Bas|=0.000000 |Bgs|=0.0021878 Bas=[0.000000 0.000000 0.000000] Bgs=[0.0020796 0.0004899 0.0004710] tic0=[
20564,49.756,[-0.0998,124,P=[-0.0998 0.4322 -0.0191] V=[-0.0531 0.2543 -0.0100] |Bas|=0.000000 |Bgs|=0.0021878 Bas=[0.000000 0.000000 0.000000] Bgs=[0.0020796 0.0004899 0.0004710] tic0=[
20681,49.852,[-0.1050,131,P=[-0.1050 0.4570 -0.0202] V=[-0.0544 0.2608 -0.0115] |Bas|=0.000000 |Bgs|=0.0021878 Bas=[0.000000 0.000000 0.000000] Bgs=[0.0020796 0.0004899 0.0004710] tic0=[
21086,51.116,[-0.0001,128,P=[-0.0001 0.0017 -0.0013] V=[-0.0012 0.0175 -0.0120] |Bas|=0.000000 |Bgs|=0.0014004 Bas=[0.000000 0.000000 0.000000] Bgs=[0.0001416 -0.0006918 0.0012094] tic0=
21113,51.216,[-0.0001,111,P=[-0.0001 0.0034 -0.0026] V=[0.0006 0.0184 -0.0133] |Bas|=0.000000 |Bgs|=0.0014004 Bas=[0.000000 0.000000 0.000000] Bgs=[0.0001416 -0.0006918 0.0012094] tic0=[
21148,51.316,[-0.0000,121,P=[-0.0000 0.0054 -0.0038] V=[0.0010 0.0190 -0.0121] |Bas|=0.000000 |Bgs|=0.0014004 Bas=[0.000000 0.000000 0.000000] Bgs=[0.0001416 -0.0006918 0.0012094] tic0=[
21178,51.416,[0.0001,123,P=[0.0001 0.0072 -0.0050] V=[0.0008 0.0165 -0.0119] |Bas|=0.000000 |Bgs|=0.0014004 Bas=[0.000000 0.000000 0.000000] Bgs=[0.0001416 -0.0006918 0.0012094] tic0=[0
21208,51.516,[0.0001,123,P=[0.0001 0.0089 -0.0063] V=[-0.0003 0.0170 -0.0129] |Bas|=0.000000 |Bgs|=0.0014004 Bas=[0.000000 0.000000 0.000000] Bgs=[0.0001416 -0.0006918 0.0012094] tic0=[
21235,51.616,[0.0001,113,P=[0.0001 0.0105 -0.0077] V=[-0.0003 0.0158 -0.0141] |Bas|=0.000000 |Bgs|=0.0014004 Bas=[0.000000 0.000000 0.000000] Bgs=[0.0001416 -0.0006918 0.0012094] tic0=[
21270,51.716,[-0.0002,116,P=[-0.0002 0.0124 -0.0089] V=[-0.0035 0.0196 -0.0100] |Bas|=0.000000 |Bgs|=0.0014004 Bas=[0.000000 0.000000 0.000000] Bgs=[0.0001416 -0.0006918 0.0012094] tic0=
21303,51.816,[-0.0006,125,P=[-0.0006 0.0144 -0.0100] V=[-0.0033 0.0202 -0.0121] |Bas|=0.000000 |Bgs|=0.0014004 Bas=[0.000000 0.000000 0.000000] Bgs=[0.0001416 -0.0006918 0.0012094] tic0=
21385,51.916,[-0.0008,123,P=[-0.0008 0.0164 -0.0114] V=[-0.0022 0.0217 -0.0156] |Bas|=0.000000 |Bgs|=0.0014004 Bas=[0.000000 0.000000 0.000000] Bgs=[0.0001416 -0.0006918 0.0012094] tic0=
21468,52.02,[-0.0009,114,P=[-0.0009 0.0185 -0.0130] V=[-0.0011 0.0185 -0.0152] |Bas|=0.000000 |Bgs|=0.0014004 Bas=[0.000000 0.000000 0.000000] Bgs=[0.0001416 -0.0006918 0.0012094] tic0=
21576,52.152,[-0.0008,118,P=[-0.0008 0.0211 -0.0149] V=[0.0026 0.0218 -0.0128] |Bas|=0.000000 |Bgs|=0.0014004 Bas=[0.000000 0.000000 0.000000] Bgs=[0.0001416 -0.0006918 0.0012094] tic0=[
21668,52.252,[-0.0005,122,P=[-0.0005 0.0236 -0.0160] V=[0.0030 0.0276 -0.0106] |Bas|=0.000000 |Bgs|=0.0014004 Bas=[0.000000 0.000000 0.000000] Bgs=[0.0001416 -0.0006918 0.0012094] tic0=[
21756,52.352,[-0.0003,133,P=[-0.0003 0.0264 -0.0170] V=[0.0036 0.0286 -0.0104] |Bas|=0.000000 |Bgs|=0.0014004 Bas=[0.000000 0.000000 0.000000] Bgs=[0.0001416 -0.0006918 0.0012094] tic0=[
22150,53.616,[-0.0009,126,P=[-0.0009 0.0028 0.0002] V=[-0.0105 0.0296 0.0038] |Bas|=0.000000 |Bgs|=0.0008839 Bas=[0.000000 0.000000 0.000000] Bgs=[0.0000281 0.0005242 -0.0007112] tic0=[0
22169,53.716,[-0.0022,106,P=[-0.0022 0.0058 0.0002] V=[-0.0143 0.0300 -0.0021] |Bas|=0.000000 |Bgs|=0.0008839 Bas=[0.000000 0.000000 0.000000] Bgs=[0.0000281 0.0005242 -0.0007112] tic0=[
22208,53.816,[-0.0037,119,P=[-0.0037 0.0088 0.0000] V=[-0.0136 0.0292 0.0005] |Bas|=0.000000 |Bgs|=0.0008839 Bas=[0.000000 0.000000 0.000000] Bgs=[0.0000281 0.0005242 -0.0007112] tic0=[0
22240,53.916,[-0.0049,109,P=[-0.0049 0.0121 0.0001] V=[-0.0127 0.0329 0.0016] |Bas|=0.000000 |Bgs|=0.0008839 Bas=[0.000000 0.000000 0.000000] Bgs=[0.0000281 0.0005242 -0.0007112] tic0=[0
22280,54.016,[-0.0063,101,P=[-0.0063 0.0154 0.0003] V=[-0.0149 0.0348 0.0026] |Bas|=0.000000 |Bgs|=0.0008839 Bas=[0.000000 0.000000 0.000000] Bgs=[0.0000281 0.0005242 -0.0007112] tic0=[0
22393,54.088,[-0.0075,124,P=[-0.0075 0.0179 0.0004] V=[-0.0167 0.0352 0.0004] |Bas|=0.000000 |Bgs|=0.0008839 Bas=[0.000000 0.000000 0.000000] Bgs=[0.0000281 0.0005242 -0.0007112] tic0=[0
22475,54.216,[-0.0097,111,P=[-0.0097 0.0226 0.0006] V=[-0.0169 0.0390 0.0015] |Bas|=0.000000 |Bgs|=0.0008839 Bas=[0.000000 0.000000 0.000000] Bgs=[0.0000281 0.0005242 -0.0007112] tic0=[0
22580,54.316,[-0.0114,125,P=[-0.0114 0.0266 0.0008] V=[-0.0174 0.0411 0.0027] |Bas|=0.000000 |Bgs|=0.0008839 Bas=[0.000000 0.000000 0.000000] Bgs=[0.0000281 0.0005242 -0.0007112] tic0=[0
22670,54.416,[-0.0135,122,P=[-0.0135 0.0311 0.0012] V=[-0.0232 0.0462 0.0046] |Bas|=0.000000 |Bgs|=0.0008839 Bas=[0.000000 0.000000 0.000000] Bgs=[0.0000281 0.0005242 -0.0007112] tic0=[0
22763,54.516,[-0.0158,131,P=[-0.0158 0.0359 0.0018] V=[-0.0261 0.0502 0.0092] |Bas|=0.000000 |Bgs|=0.0008839 Bas=[0.000000 0.000000 0.000000] Bgs=[0.0000281 0.0005242 -0.0007112] tic0=[0
22850,54.616,[-0.0186,126,P=[-0.0186 0.0411 0.0028] V=[-0.0294 0.0518 0.0114] |Bas|=0.000000 |Bgs|=0.0008839 Bas=[0.000000 0.000000 0.000000] Bgs=[0.0000281 0.0005242 -0.0007112] tic0=[0
22941,54.716,[-0.0216,122,P=[-0.0216 0.0464 0.0038] V=[-0.0301 0.0561 0.0070] |Bas|=0.000000 |Bgs|=0.0008839 Bas=[0.000000 0.000000 0.000000] Bgs=[0.0000281 0.0005242 -0.0007112] tic0=[0
23029,54.816,[-0.0248,116,P=[-0.0248 0.0520 0.0045] V=[-0.0324 0.0536 0.0069] |Bas|=0.000000 |Bgs|=0.0008839 Bas=[0.000000 0.000000 0.000000] Bgs=[0.0000281 0.0005242 -0.0007112] tic0=[0
23123,54.916,[-0.0280,111,P=[-0.0280 0.0573 0.0053] V=[-0.0315 0.0539 0.0085] |Bas|=0.000000 |Bgs|=0.0008839 Bas=[0.000000 0.000000 0.000000] Bgs=[0.0000281 0.0005242 -0.0007112] tic0=[0
23214,54.988,[-0.0303,128,P=[-0.0303 0.0612 0.0058] V=[-0.0326 0.0563 0.0062] |Bas|=0.000000 |Bgs|=0.0008839 Bas=[0.000000 0.000000 0.000000] Bgs=[0.0000281 0.0005242 -0.0007112] tic0=[0
23311,55.116,[-0.0346,105,P=[-0.0346 0.0687 0.0068] V=[-0.0337 0.0588 0.0076] |Bas|=0.000000 |Bgs|=0.0008839 Bas=[0.000000 0.000000 0.000000] Bgs=[0.0000281 0.0005242 -0.0007112] tic0=[0
23417,55.216,[-0.0380,128,P=[-0.0380 0.0747 0.0076] V=[-0.0353 0.0605 0.0092] |Bas|=0.000000 |Bgs|=0.0008839 Bas=[0.000000 0.000000 0.000000] Bgs=[0.0000281 0.0005242 -0.0007112] tic0=[0
23496,55.316,[-0.0418,123,P=[-0.0418 0.0808 0.0085] V=[-0.0393 0.0624 0.0070] |Bas|=0.000000 |Bgs|=0.0008839 Bas=[0.000000 0.000000 0.000000] Bgs=[0.0000281 0.0005242 -0.0007112] tic0=[0
23874,56.552,[-0.0013,131,P=[-0.0013 0.0011 -0.0001] V=[-0.0119 0.0145 -0.0008] |Bas|=0.000000 |Bgs|=0.0038140 Bas=[0.000000 0.000000 0.000000] Bgs=[0.0008737 0.0019388 -0.0031662] tic0=
23898,56.656,[-0.0027,118,P=[-0.0027 0.0028 -0.0001] V=[-0.0141 0.0169 -0.0005] |Bas|=0.000000 |Bgs|=0.0038140 Bas=[0.000000 0.000000 0.000000] Bgs=[0.0008737 0.0019388 -0.0031662] tic0=
23933,56.756,[-0.0040,120,P=[-0.0040 0.0046 -0.0003] V=[-0.0133 0.0204 -0.0033] |Bas|=0.000000 |Bgs|=0.0038140 Bas=[0.000000 0.000000 0.000000] Bgs=[0.0008737 0.0019388 -0.0031662] tic0=
23962,56.852,[-0.0053,121,P=[-0.0053 0.0066 -0.0008] V=[-0.0143 0.0221 -0.0061] |Bas|=0.000000 |Bgs|=0.0038140 Bas=[0.000000 0.000000 0.000000] Bgs=[0.0008737 0.0019388 -0.0031662] tic0=
23990,56.952,[-0.0070,125,P=[-0.0070 0.0091 -0.0014] V=[-0.0188 0.0246 -0.0061] |Bas|=0.000000 |Bgs|=0.0038140 Bas=[0.000000 0.000000 0.000000] Bgs=[0.0008737 0.0019388 -0.0031662] tic0=
24018,57.052,[-0.0090,118,P=[-0.0090 0.0117 -0.0018] V=[-0.0232 0.0269 -0.0026] |Bas|=0.000000 |Bgs|=0.0038140 Bas=[0.000000 0.000000 0.000000] Bgs=[0.0008737 0.0019388 -0.0031662] tic0=
24050,57.152,[-0.0113,122,P=[-0.0113 0.0144 -0.0019] V=[-0.0225 0.0286 0.0001] |Bas|=0.000000 |Bgs|=0.0038140 Bas=[0.000000 0.000000 0.000000] Bgs=[0.0008737 0.0019388 -0.0031662] tic0=[
24140,57.252,[-0.0137,132,P=[-0.0137 0.0175 -0.0020] V=[-0.0247 0.0317 -0.0008] |Bas|=0.000000 |Bgs|=0.0038140 Bas=[0.000000 0.000000 0.000000] Bgs=[0.0008737 0.0019388 -0.0031662] tic0=
24220,57.352,[-0.0164,121,P=[-0.0164 0.0209 -0.0021] V=[-0.0278 0.0366 -0.0006] |Bas|=0.000000 |Bgs|=0.0038140 Bas=[0.000000 0.000000 0.000000] Bgs=[0.0008737 0.0019388 -0.0031662] tic0=
24320,57.452,[-0.0192,116,P=[-0.0192 0.0245 -0.0021] V=[-0.0282 0.0360 -0.0007] |Bas|=0.000000 |Bgs|=0.0038140 Bas=[0.000000 0.000000 0.000000] Bgs=[0.0008737 0.0019388 -0.0031662] tic0=
24411,57.552,[-0.0221,127,P=[-0.0221 0.0283 -0.0021] V=[-0.0307 0.0402 -0.0001] |Bas|=0.000000 |Bgs|=0.0038140 Bas=[0.000000 0.000000 0.000000] Bgs=[0.0008737 0.0019388 -0.0031662] tic0=
24505,57.652,[-0.0252,127,P=[-0.0252 0.0324 -0.0021] V=[-0.0314 0.0411 -0.0004] |Bas|=0.000000 |Bgs|=0.0038140 Bas=[0.000000 0.000000 0.000000] Bgs=[0.0008737 0.0019388 -0.0031662] tic0=
24905,58.884,[-0.0007,132,P=[-0.0007 -0.0019 0.0002] V=[0.0063 -0.0202 -0.0019] |Bas|=0.000000 |Bgs|=0.0013947 Bas=[0.000000 0.000000 0.000000] Bgs=[0.0009788 -0.0001764 -0.0009777] tic0
24928,59.016,[0.0003,116,P=[0.0003 -0.0048 0.0000] V=[0.0108 -0.0250 0.0010] |Bas|=0.000000 |Bgs|=0.0013947 Bas=[0.000000 0.000000 0.000000] Bgs=[0.0009788 -0.0001764 -0.0009777] tic0=[
24956,59.116,[0.0014,129,P=[0.0014 -0.0072 0.0001] V=[0.0110 -0.0241 -0.0009] |Bas|=0.000000 |Bgs|=0.0013947 Bas=[0.000000 0.000000 0.000000] Bgs=[0.0009788 -0.0001764 -0.0009777] tic0=
24978,59.216,[0.0025,125,P=[0.0025 -0.0097 -0.0002] V=[0.0105 -0.0260 -0.0030] |Bas|=0.000000 |Bgs|=0.0013947 Bas=[0.000000 0.000000 0.000000] Bgs=[0.0009788 -0.0001764 -0.0009777] tic0
25003,59.316,[0.0037,122,P=[0.0037 -0.0124 -0.0004] V=[0.0129 -0.0275 -0.0035] |Bas|=0.000000 |Bgs|=0.0013947 Bas=[0.000000 0.000000 0.000000] Bgs=[0.0009788 -0.0001764 -0.0009777] tic0
25030,59.416,[0.0051,119,P=[0.0051 -0.0153 -0.0008] V=[0.0143 -0.0293 -0.0060] |Bas|=0.000000 |Bgs|=0.0013947 Bas=[0.000000 0.000000 0.000000] Bgs=[0.0009788 -0.0001764 -0.0009777] tic0
25060,59.516,[0.0068,125,P=[0.0068 -0.0182 -0.0015] V=[0.0181 -0.0305 -0.0061] |Bas|=0.000000 |Bgs|=0.0013947 Bas=[0.000000 0.000000 0.000000] Bgs=[0.0009788 -0.0001764 -0.0009777] tic0
25086,59.616,[0.0087,123,P=[0.0087 -0.0214 -0.0020] V=[0.0198 -0.0341 -0.0044] |Bas|=0.000000 |Bgs|=0.0013947 Bas=[0.000000 0.000000 0.000000] Bgs=[0.0009788 -0.0001764 -0.0009777] tic0
25116,59.716,[0.0107,127,P=[0.0107 -0.0248 -0.0025] V=[0.0184 -0.0360 -0.0054] |Bas|=0.000000 |Bgs|=0.0013947 Bas=[0.000000 0.000000 0.000000] Bgs=[0.0009788 -0.0001764 -0.0009777] tic0
25141,59.816,[0.0125,121,P=[0.0125 -0.0285 -0.0031] V=[0.0174 -0.0384 -0.0072] |Bas|=0.000000 |Bgs|=0.0013947 Bas=[0.000000 0.000000 0.000000] Bgs=[0.0009788 -0.0001764 -0.0009777] tic0
25174,59.916,[0.0142,128,P=[0.0142 -0.0324 -0.0038] V=[0.0187 -0.0410 -0.0039] |Bas|=0.000000 |Bgs|=0.0013947 Bas=[0.000000 0.000000 0.000000] Bgs=[0.0009788 -0.0001764 -0.0009777] tic0
25201,60.016,[0.0161,124,P=[0.0161 -0.0366 -0.0041] V=[0.0173 -0.0439 -0.0033] |Bas|=0.000000 |Bgs|=0.0013947 Bas=[0.000000 0.000000 0.000000] Bgs=[0.0009788 -0.0001764 -0.0009777] tic0
25227,60.116,[0.0179,124,P=[0.0179 -0.0411 -0.0045] V=[0.0198 -0.0485 -0.0037] |Bas|=0.000000 |Bgs|=0.0013947 Bas=[0.000000 0.000000 0.000000] Bgs=[0.0009788 -0.0001764 -0.0009777] tic0
25310,60.216,[0.0200,129,P=[0.0200 -0.0459 -0.0048] V=[0.0205 -0.0467 -0.0029] |Bas|=0.000000 |Bgs|=0.0013947 Bas=[0.000000 0.000000 0.000000] Bgs=[0.0009788 -0.0001764 -0.0009777] tic0
25394,60.288,[0.0215,126,P=[0.0215 -0.0493 -0.0051] V=[0.0231 -0.0456 -0.0052] |Bas|=0.000000 |Bgs|=0.0013947 Bas=[0.000000 0.000000 0.000000] Bgs=[0.0009788 -0.0001764 -0.0009777] tic0
25490,60.416,[0.0249,102,P=[0.0249 -0.0555 -0.0059] V=[0.0301 -0.0503 -0.0040] |Bas|=0.000000 |Bgs|=0.0013947 Bas=[0.000000 0.000000 0.000000] Bgs=[0.0009788 -0.0001764 -0.0009777] tic0
25591,60.516,[0.0280,120,P=[0.0280 -0.0606 -0.0063] V=[0.0314 -0.0526 -0.0048] |Bas|=0.000000 |Bgs|=0.0013947 Bas=[0.000000 0.000000 0.000000] Bgs=[0.0009788 -0.0001764 -0.0009777] tic0
25685,60.616,[0.0312,132,P=[0.0312 -0.0658 -0.0068] V=[0.0337 -0.0510 -0.0061] |Bas|=0.000000 |Bgs|=0.0013947 Bas=[0.000000 0.000000 0.000000] Bgs=[0.0009788 -0.0001764 -0.0009777] tic0
26068,61.816,[0.0050,131,P=[0.0050 0.0031 -0.0006] V=[0.0521 0.0307 -0.0061] |Bas|=0.000000 |Bgs|=0.0020744 Bas=[0.000000 0.000000 0.000000] Bgs=[-0.0009929 0.0014546 0.0010960] tic0=[0
26089,61.916,[0.0106,117,P=[0.0106 0.0063 -0.0011] V=[0.0588 0.0328 -0.0064] |Bas|=0.000000 |Bgs|=0.0020744 Bas=[0.000000 0.000000 0.000000] Bgs=[-0.0009929 0.0014546 0.0010960] tic0=[0
26118,62.016,[0.0167,121,P=[0.0167 0.0097 -0.0019] V=[0.0611 0.0365 -0.0102] |Bas|=0.000000 |Bgs|=0.0020744 Bas=[0.000000 0.000000 0.000000] Bgs=[-0.0009929 0.0014546 0.0010960] tic0=[0
26149,62.116,[0.0229,115,P=[0.0229 0.0135 -0.0030] V=[0.0619 0.0397 -0.0132] |Bas|=0.000000 |Bgs|=0.0020744 Bas=[0.000000 0.000000 0.000000] Bgs=[-0.0009929 0.0014546 0.0010960] tic0=[0
26188,62.216,[0.0293,121,P=[0.0293 0.0178 -0.0043] V=[0.0662 0.0450 -0.0131] |Bas|=0.000000 |Bgs|=0.0020744 Bas=[0.000000 0.000000 0.000000] Bgs=[-0.0009929 0.0014546 0.0010960] tic0=[0
26214,62.316,[0.0359,123,P=[0.0359 0.0224 -0.0056] V=[0.0681 0.0490 -0.0140] |Bas|=0.000000 |Bgs|=0.0020744 Bas=[0.000000 0.000000 0.000000] Bgs=[-0.0009929 0.0014546 0.0010960] tic0=[0
26246,62.416,[0.0430,124,P=[0.0430 0.0276 -0.0072] V=[0.0722 0.0551 -0.0173] |Bas|=0.000000 |Bgs|=0.0020744 Bas=[0.000000 0.000000 0.000000] Bgs=[-0.0009929 0.0014546 0.0010960] tic0=[0
26330,62.496,[0.0487,122,P=[0.0487 0.0321 -0.0085] V=[0.0720 0.0582 -0.0159] |Bas|=0.000000 |Bgs|=0.0020744 Bas=[0.000000 0.000000 0.000000] Bgs=[-0.0009929 0.0014546 0.0010960] tic0=[0
26415,62.596,[0.0559,123,P=[0.0559 0.0380 -0.0102] V=[0.0732 0.0598 -0.0182] |Bas|=0.000000 |Bgs|=0.0020744 Bas=[0.000000 0.000000 0.000000] Bgs=[-0.0009929 0.0014546 0.0010960] tic0=[0
26503,62.7,[0.0637,112,P=[0.0637 0.0444 -0.0122] V=[0.0772 0.0613 -0.0192] |Bas|=0.000000 |Bgs|=0.0020744 Bas=[0.000000 0.000000 0.000000] Bgs=[-0.0009929 0.0014546 0.0010960] tic0=[0
26598,62.8,[0.0716,116,P=[0.0716 0.0508 -0.0142] V=[0.0800 0.0671 -0.0193] |Bas|=0.000000 |Bgs|=0.0020744 Bas=[0.000000 0.000000 0.000000] Bgs=[-0.0009929 0.0014546 0.0010960] tic0=[0
26689,62.9,[0.0798,120,P=[0.0798 0.0577 -0.0161] V=[0.0820 0.0712 -0.0183] |Bas|=0.000000 |Bgs|=0.0020744 Bas=[0.000000 0.000000 0.000000] Bgs=[-0.0009929 0.0014546 0.0010960] tic0=[0
26771,63.0,[0.0882,118,P=[0.0882 0.0650 -0.0179] V=[0.0857 0.0748 -0.0182] |Bas|=0.000000 |Bgs|=0.0020744 Bas=[0.000000 0.000000 0.000000] Bgs=[-0.0009929 0.0014546 0.0010960] tic0=[0
26862,63.1,[0.0969,124,P=[0.0969 0.0726 -0.0197] V=[0.0880 0.0771 -0.0181] |Bas|=0.000000 |Bgs|=0.0020744 Bas=[0.000000 0.000000 0.000000] Bgs=[-0.0009929 0.0014546 0.0010960] tic0=[0
26946,63.204,[0.1062,126,P=[0.1062 0.0810 -0.0217] V=[0.0917 0.0822 -0.0184] |Bas|=0.000000 |Bgs|=0.0020744 Bas=[0.000000 0.000000 0.000000] Bgs=[-0.0009929 0.0014546 0.0010960] tic0=[0
27028,63.3,[0.1150,127,P=[0.1150 0.0889 -0.0235] V=[0.0932 0.0844 -0.0196] |Bas|=0.000000 |Bgs|=0.0020744 Bas=[0.000000 0.000000 0.000000] Bgs=[-0.0009929 0.0014546 0.0010960] tic0=[0
27112,63.4,[0.1246,129,P=[0.1246 0.0977 -0.0254] V=[0.0962 0.0891 -0.0170] |Bas|=0.000000 |Bgs|=0.0020744 Bas=[0.000000 0.000000 0.000000] Bgs=[-0.0009929 0.0014546 0.0010960] tic0=[0
27190,63.5,[0.1340,124,P=[0.1340 0.1067 -0.0269] V=[0.0917 0.0927 -0.0145] |Bas|=0.000000 |Bgs|=0.0020744 Bas=[0.000000 0.000000 0.000000] Bgs=[-0.0009929 0.0014546 0.0010960] tic0=[0
27595,64.7,[-0.0021,124,P=[-0.0021 0.0021 -0.0001] V=[-0.0189 0.0246 -0.0019] |Bas|=0.000000 |Bgs|=0.0007222 Bas=[0.000000 0.000000 0.000000] Bgs=[-0.0001628 -0.0005907 -0.0003822] tic
27614,64.804,[-0.0041,116,P=[-0.0041 0.0046 -0.0002] V=[-0.0205 0.0243 -0.0015] |Bas|=0.000000 |Bgs|=0.0007222 Bas=[0.000000 0.000000 0.000000] Bgs=[-0.0001628 -0.0005907 -0.0003822] tic
27646,64.9,[-0.0062,113,P=[-0.0062 0.0070 -0.0004] V=[-0.0225 0.0263 -0.0030] |Bas|=0.000000 |Bgs|=0.0007222 Bas=[0.000000 0.000000 0.000000] Bgs=[-0.0001628 -0.0005907 -0.0003822] tic
27685,65.0,[-0.0086,116,P=[-0.0086 0.0098 -0.0008] V=[-0.0252 0.0293 -0.0053] |Bas|=0.000000 |Bgs|=0.0007222 Bas=[0.000000 0.000000 0.000000] Bgs=[-0.0001628 -0.0005907 -0.0003822] tic
27719,65.1,[-0.0112,123,P=[-0.0112 0.0130 -0.0013] V=[-0.0263 0.0347 -0.0041] |Bas|=0.000000 |Bgs|=0.0007222 Bas=[0.000000 0.000000 0.000000] Bgs=[-0.0001628 -0.0005907 -0.0003822] tic
27750,65.2,[-0.0139,126,P=[-0.0139 0.0164 -0.0017] V=[-0.0282 0.0341 -0.0040] |Bas|=0.000000 |Bgs|=0.0007222 Bas=[0.000000 0.000000 0.000000] Bgs=[-0.0001628 -0.0005907 -0.0003822] tic
27780,65.3,[-0.0168,117,P=[-0.0168 0.0201 -0.0021] V=[-0.0298 0.0402 -0.0035] |Bas|=0.000000 |Bgs|=0.0007222 Bas=[0.000000 0.000000 0.000000] Bgs=[-0.0001628 -0.0005907 -0.0003822] tic
27865,65.4,[-0.0200,124,P=[-0.0200 0.0244 -0.0024] V=[-0.0312 0.0446 -0.0036] |Bas|=0.000000 |Bgs|=0.0007222 Bas=[0.000000 0.000000 0.000000] Bgs=[-0.0001628 -0.0005907 -0.0003822] tic
27946,65.5,[-0.0230,121,P=[-0.0230 0.0291 -0.0029] V=[-0.0310 0.0491 -0.0058] |Bas|=0.000000 |Bgs|=0.0007222 Bas=[0.000000 0.000000 0.000000] Bgs=[-0.0001628 -0.0005907 -0.0003822] tic
28045,65.6,[-0.0263,102,P=[-0.0263 0.0342 -0.0035] V=[-0.0344 0.0534 -0.0083] |Bas|=0.000000 |Bgs|=0.0007222 Bas=[0.000000 0.000000 0.000000] Bgs=[-0.0001628 -0.0005907 -0.0003822] tic
28145,65.732,[-0.0311,124,P=[-0.0311 0.0415 -0.0050] V=[-0.0367 0.0573 -0.0115] |Bas|=0.000000 |Bgs|=0.0007222 Bas=[0.000000 0.000000 0.000000] Bgs=[-0.0001628 -0.0005907 -0.0003822] tic
28238,65.864,[-0.0359,128,P=[-0.0359 0.0494 -0.0064] V=[-0.0396 0.0613 -0.0107] |Bas|=0.000000 |Bgs|=0.0007222 Bas=[0.000000 0.000000 0.000000] Bgs=[-0.0001628 -0.0005907 -0.0003822] tic
28633,67.064,[-0.0012,130,P=[-0.0012 0.0039 -0.0005] V=[-0.0098 0.0413 -0.0045] |Bas|=0.000000 |Bgs|=0.0029089 Bas=[0.000000 0.000000 0.000000] Bgs=[0.0005656 0.0026653 -0.0010189] tic0=
28655,67.136,[-0.0019,116,P=[-0.0019 0.0071 -0.0009] V=[-0.0092 0.0456 -0.0059] |Bas|=0.000000 |Bgs|=0.0029089 Bas=[0.000000 0.000000 0.000000] Bgs=[0.0005656 0.0026653 -0.0010189] tic0=
28688,67.264,[-0.0030,114,P=[-0.0030 0.0133 -0.0016] V=[-0.0078 0.0524 -0.0053] |Bas|=0.000000 |Bgs|=0.0029089 Bas=[0.000000 0.000000 0.000000] Bgs=[0.0005656 0.0026653 -0.0010189] tic0=
28723,67.364,[-0.0036,115,P=[-0.0036 0.0189 -0.0020] V=[-0.0038 0.0580 -0.0037] |Bas|=0.000000 |Bgs|=0.0029089 Bas=[0.000000 0.000000 0.000000] Bgs=[0.0005656 0.0026653 -0.0010189] tic0=
28762,67.464,[-0.0040,119,P=[-0.0040 0.0250 -0.0023] V=[-0.0038 0.0650 -0.0018] |Bas|=0.000000 |Bgs|=0.0029089 Bas=[0.000000 0.000000 0.000000] Bgs=[0.0005656 0.0026653 -0.0010189] tic0=
28799,67.564,[-0.0045,119,P=[-0.0045 0.0318 -0.0026] V=[-0.0055 0.0700 -0.0030] |Bas|=0.000000 |Bgs|=0.0029089 Bas=[0.000000 0.000000 0.000000] Bgs=[0.0005656 0.0026653 -0.0010189] tic0=
28883,67.664,[-0.0052,125,P=[-0.0052 0.0388 -0.0028] V=[-0.0070 0.0724 -0.0014] |Bas|=0.000000 |Bgs|=0.0029089 Bas=[0.000000 0.000000 0.000000] Bgs=[0.0005656 0.0026653 -0.0010189] tic0=
28967,67.764,[-0.0058,111,P=[-0.0058 0.0463 -0.0026] V=[-0.0080 0.0778 0.0051] |Bas|=0.000000 |Bgs|=0.0029089 Bas=[0.000000 0.000000 0.000000] Bgs=[0.0005656 0.0026653 -0.0010189] tic0=[
29073,67.836,[-0.0064,120,P=[-0.0064 0.0521 -0.0022] V=[-0.0088 0.0818 0.0057] |Bas|=0.000000 |Bgs|=0.0029089 Bas=[0.000000 0.000000 0.000000] Bgs=[0.0005656 0.0026653 -0.0010189] tic0=[
29160,67.964,[-0.0076,126,P=[-0.0076 0.0627 -0.0015] V=[-0.0109 0.0839 0.0054] |Bas|=0.000000 |Bgs|=0.0029089 Bas=[0.000000 0.000000 0.000000] Bgs=[0.0005656 0.0026653 -0.0010189] tic0=[
29245,68.036,[-0.0085,123,P=[-0.0085 0.0689 -0.0012] V=[-0.0136 0.0873 0.0056] |Bas|=0.000000 |Bgs|=0.0029089 Bas=[0.000000 0.000000 0.000000] Bgs=[0.0005656 0.0026653 -0.0010189] tic0=[
29335,68.168,[-0.0108,121,P=[-0.0108 0.0807 -0.0008] V=[-0.0184 0.0922 0.0005] |Bas|=0.000000 |Bgs|=0.0029089 Bas=[0.000000 0.000000 0.000000] Bgs=[0.0005656 0.0026653 -0.0010189] tic0=[
29432,68.28,[-0.0133,121,P=[-0.0133 0.0912 -0.0009] V=[-0.0262 0.0959 -0.0016] |Bas|=0.000000 |Bgs|=0.0029089 Bas=[0.000000 0.000000 0.000000] Bgs=[0.0005656 0.0026653 -0.0010189] tic0=
29515,68.412,[-0.0172,125,P=[-0.0172 0.1042 -0.0012] V=[-0.0316 0.1006 0.0003] |Bas|=0.000000 |Bgs|=0.0029089 Bas=[0.000000 0.000000 0.000000] Bgs=[0.0005656 0.0026653 -0.0010189] tic0=[
29597,68.544,[-0.0217,110,P=[-0.0217 0.1179 -0.0011] V=[-0.0378 0.1091 0.0018] |Bas|=0.000000 |Bgs|=0.0029089 Bas=[0.000000 0.000000 0.000000] Bgs=[0.0005656 0.0026653 -0.0010189] tic0=[
29703,68.676,[-0.0271,104,P=[-0.0271 0.1327 -0.0011] V=[-0.0452 0.1161 -0.0009] |Bas|=0.000000 |Bgs|=0.0029089 Bas=[0.000000 0.000000 0.000000] Bgs=[0.0005656 0.0026653 -0.0010189] tic0=
29810,68.776,[-0.0320,117,P=[-0.0320 0.1447 -0.0012] V=[-0.0529 0.1248 -0.0015] |Bas|=0.000000 |Bgs|=0.0029089 Bas=[0.000000 0.000000 0.000000] Bgs=[0.0005656 0.0026653 -0.0010189] tic0=
29903,68.876,[-0.0375,128,P=[-0.0375 0.1575 -0.0015] V=[-0.0571 0.1311 -0.0041] |Bas|=0.000000 |Bgs|=0.0029089 Bas=[0.000000 0.000000 0.000000] Bgs=[0.0005656 0.0026653 -0.0010189] tic0=
30282,70.212,[0.0012,123,P=[0.0012 0.0034 -0.0014] V=[0.0135 0.0338 -0.0147] |Bas|=0.000000 |Bgs|=0.0015523 Bas=[0.000000 0.000000 0.000000] Bgs=[-0.0004091 -0.0013051 -0.0007341] tic0=
30316,70.312,[0.0026,123,P=[0.0026 0.0069 -0.0030] V=[0.0158 0.0375 -0.0155] |Bas|=0.000000 |Bgs|=0.0015523 Bas=[0.000000 0.000000 0.000000] Bgs=[-0.0004091 -0.0013051 -0.0007341] tic0=
30343,70.412,[0.0041,123,P=[0.0041 0.0109 -0.0045] V=[0.0165 0.0395 -0.0142] |Bas|=0.000000 |Bgs|=0.0015523 Bas=[0.000000 0.000000 0.000000] Bgs=[-0.0004091 -0.0013051 -0.0007341] tic0=
30373,70.512,[0.0060,129,P=[0.0060 0.0150 -0.0060] V=[0.0194 0.0419 -0.0151] |Bas|=0.000000 |Bgs|=0.0015523 Bas=[0.000000 0.000000 0.000000] Bgs=[-0.0004091 -0.0013051 -0.0007341] tic0=
30396,70.612,[0.0079,121,P=[0.0079 0.0195 -0.0076] V=[0.0185 0.0466 -0.0158] |Bas|=0.000000 |Bgs|=0.0015523 Bas=[0.000000 0.000000 0.000000] Bgs=[-0.0004091 -0.0013051 -0.0007341] tic0=
30430,70.712,[0.0096,120,P=[0.0096 0.0243 -0.0093] V=[0.0147 0.0495 -0.0173] |Bas|=0.000000 |Bgs|=0.0015523 Bas=[0.000000 0.000000 0.000000] Bgs=[-0.0004091 -0.0013051 -0.0007341] tic0=
30460,70.812,[0.0112,120,P=[0.0112 0.0294 -0.0111] V=[0.0159 0.0528 -0.0172] |Bas|=0.000000 |Bgs|=0.0015523 Bas=[0.000000 0.000000 0.000000] Bgs=[-0.0004091 -0.0013051 -0.0007341] tic0=
30486,70.916,[0.0127,126,P=[0.0127 0.0349 -0.0129] V=[0.0142 0.0535 -0.0186] |Bas|=0.000000 |Bgs|=0.0015523 Bas=[0.000000 0.000000 0.000000] Bgs=[-0.0004091 -0.0013051 -0.0007341] tic0=
30513,71.012,[0.0138,124,P=[0.0138 0.0400 -0.0147] V=[0.0113 0.0556 -0.0189] |Bas|=0.000000 |Bgs|=0.0015523 Bas=[0.000000 0.000000 0.000000] Bgs=[-0.0004091 -0.0013051 -0.0007341] tic0=
30590,71.112,[0.0152,129,P=[0.0152 0.0459 -0.0167] V=[0.0159 0.0626 -0.0213] |Bas|=0.000000 |Bgs|=0.0015523 Bas=[0.000000 0.000000 0.000000] Bgs=[-0.0004091 -0.0013051 -0.0007341] tic0=
30675,71.212,[0.0169,120,P=[0.0169 0.0523 -0.0189] V=[0.0186 0.0649 -0.0221] |Bas|=0.000000 |Bgs|=0.0015523 Bas=[0.000000 0.000000 0.000000] Bgs=[-0.0004091 -0.0013051 -0.0007341] tic0=
30766,71.312,[0.0188,113,P=[0.0188 0.0589 -0.0210] V=[0.0206 0.0675 -0.0195] |Bas|=0.000000 |Bgs|=0.0015523 Bas=[0.000000 0.000000 0.000000] Bgs=[-0.0004091 -0.0013051 -0.0007341] tic0=
30856,71.416,[0.0208,124,P=[0.0208 0.0660 -0.0233] V=[0.0168 0.0703 -0.0223] |Bas|=0.000000 |Bgs|=0.0015523 Bas=[0.000000 0.000000 0.000000] Bgs=[-0.0004091 -0.0013051 -0.0007341] tic0=
30940,71.516,[0.0225,122,P=[0.0225 0.0731 -0.0256] V=[0.0175 0.0707 -0.0248] |Bas|=0.000000 |Bgs|=0.0015523 Bas=[0.000000 0.000000 0.000000] Bgs=[-0.0004091 -0.0013051 -0.0007341] tic0=
31322,72.712,[0.0014,127,P=[0.0014 0.0033 0.0006] V=[0.0170 0.0365 0.0007] |Bas|=0.000000 |Bgs|=0.0023141 Bas=[0.000000 0.000000 0.000000] Bgs=[0.0020475 -0.0010439 0.0002703] tic0=[0.1
31343,72.844,[0.0041,111,P=[0.0041 0.0085 0.0003] V=[0.0240 0.0431 -0.0027] |Bas|=0.000000 |Bgs|=0.0023141 Bas=[0.000000 0.000000 0.000000] Bgs=[0.0020475 -0.0010439 0.0002703] tic0=[0.
31377,72.976,[0.0073,118,P=[0.0073 0.0144 -0.0002] V=[0.0245 0.0476 -0.0062] |Bas|=0.000000 |Bgs|=0.0023141 Bas=[0.000000 0.000000 0.000000] Bgs=[0.0020475 -0.0010439 0.0002703] tic0=[0
31414,73.076,[0.0097,103,P=[0.0097 0.0193 -0.0010] V=[0.0244 0.0501 -0.0079] |Bas|=0.000000 |Bgs|=0.0023141 Bas=[0.000000 0.000000 0.000000] Bgs=[0.0020475 -0.0010439 0.0002703] tic0=[0
31524,73.176,[0.0124,120,P=[0.0124 0.0245 -0.0019] V=[0.0266 0.0534 -0.0122] |Bas|=0.000000 |Bgs|=0.0023141 Bas=[0.000000 0.000000 0.000000] Bgs=[0.0020475 -0.0010439 0.0002703] tic0=[0
31614,73.248,[0.0144,107,P=[0.0144 0.0285 -0.0028] V=[0.0294 0.0585 -0.0124] |Bas|=0.000000 |Bgs|=0.0023141 Bas=[0.000000 0.000000 0.000000] Bgs=[0.0020475 -0.0010439 0.0002703] tic0=[0
31719,73.376,[0.0185,115,P=[0.0185 0.0362 -0.0044] V=[0.0318 0.0627 -0.0121] |Bas|=0.000000 |Bgs|=0.0023141 Bas=[0.000000 0.000000 0.000000] Bgs=[0.0020475 -0.0010439 0.0002703] tic0=[0
31810,73.476,[0.0220,132,P=[0.0220 0.0427 -0.0057] V=[0.0372 0.0663 -0.0129] |Bas|=0.000000 |Bgs|=0.0023141 Bas=[0.000000 0.000000 0.000000] Bgs=[0.0020475 -0.0010439 0.0002703] tic0=[0
31889,73.576,[0.0259,120,P=[0.0259 0.0495 -0.0070] V=[0.0401 0.0705 -0.0120] |Bas|=0.000000 |Bgs|=0.0023141 Bas=[0.000000 0.000000 0.000000] Bgs=[0.0020475 -0.0010439 0.0002703] tic0=[0
31972,73.676,[0.0301,135,P=[0.0301 0.0567 -0.0081] V=[0.0449 0.0745 -0.0123] |Bas|=0.000000 |Bgs|=0.0023141 Bas=[0.000000 0.000000 0.000000] Bgs=[0.0020475 -0.0010439 0.0002703] tic0=[0
32049,73.78,[0.0349,123,P=[0.0349 0.0646 -0.0094] V=[0.0488 0.0782 -0.0116] |Bas|=0.000000 |Bgs|=0.0023141 Bas=[0.000000 0.000000 0.000000] Bgs=[0.0020475 -0.0010439 0.0002703] tic0=[0
32137,73.916,[0.0422,125,P=[0.0422 0.0759 -0.0110] V=[0.0580 0.0876 -0.0126] |Bas|=0.000000 |Bgs|=0.0023141 Bas=[0.000000 0.000000 0.000000] Bgs=[0.0020475 -0.0010439 0.0002703] tic0=[0
32217,74.012,[0.0479,122,P=[0.0479 0.0846 -0.0122] V=[0.0608 0.0955 -0.0124] |Bas|=0.000000 |Bgs|=0.0023141 Bas=[0.000000 0.000000 0.000000] Bgs=[0.0020475 -0.0010439 0.0002703] tic0=[0
32306,74.116,[0.0543,123,P=[0.0543 0.0949 -0.0134] V=[0.0616 0.1015 -0.0113] |Bas|=0.000000 |Bgs|=0.0023141 Bas=[0.000000 0.000000 0.000000] Bgs=[0.0020475 -0.0010439 0.0002703] tic0=[0
32386,74.212,[0.0604,126,P=[0.0604 0.1051 -0.0145] V=[0.0660 0.1093 -0.0139] |Bas|=0.000000 |Bgs|=0.0023141 Bas=[0.000000 0.000000 0.000000] Bgs=[0.0020475 -0.0010439 0.0002703] tic0=[0
32478,74.312,[0.0672,111,P=[0.0672 0.1165 -0.0159] V=[0.0688 0.1184 -0.0133] |Bas|=0.000000 |Bgs|=0.0023141 Bas=[0.000000 0.000000 0.000000] Bgs=[0.0020475 -0.0010439 0.0002703] tic0=[0
32576,74.416,[0.0746,127,P=[0.0746 0.1291 -0.0172] V=[0.0756 0.1248 -0.0141] |Bas|=0.000000 |Bgs|=0.0023141 Bas=[0.000000 0.000000 0.000000] Bgs=[0.0020475 -0.0010439 0.0002703] tic0=[0
32673,74.516,[0.0825,103,P=[0.0825 0.1419 -0.0187] V=[0.0814 0.1339 -0.0171] |Bas|=0.000000 |Bgs|=0.0023141 Bas=[0.000000 0.000000 0.000000] Bgs=[0.0020475 -0.0010439 0.0002703] tic0=[0
33039,75.776,[0.0250,133,P=[0.0250 0.0138 -0.0034] V=[0.2580 0.1427 -0.0364] |Bas|=0.000000 |Bgs|=0.0021333 Bas=[0.000000 0.000000 0.000000] Bgs=[-0.0012636 -0.0000185 0.0017187] tic0=[
33070,75.876,[0.0509,30,P=[0.0509 0.0285 -0.0072] V=[0.2605 0.1491 -0.0376] |Bas|=0.000000 |Bgs|=0.0021333 Bas=[0.000000 0.000000 0.000000] Bgs=[-0.0012636 -0.0000185 0.0017187] tic0=[
33187,75.948,[0.0698,138,P=[0.0698 0.0393 -0.0099] V=[0.2633 0.1507 -0.0385] |Bas|=0.000000 |Bgs|=0.0021333 Bas=[0.000000 0.000000 0.000000] Bgs=[-0.0012636 -0.0000185 0.0017187] tic0=[
33204,76.076,[0.1040,119,P=[0.1040 0.0587 -0.0154] V=[0.2696 0.1524 -0.0436] |Bas|=0.000000 |Bgs|=0.0021333 Bas=[0.000000 0.000000 0.000000] Bgs=[-0.0012636 -0.0000185 0.0017187] tic0=[
33233,76.176,[0.1309,124,P=[0.1309 0.0741 -0.0198] V=[0.2703 0.1563 -0.0433] |Bas|=0.000000 |Bgs|=0.0021333 Bas=[0.000000 0.000000 0.000000] Bgs=[-0.0012636 -0.0000185 0.0017187] tic0=[
33271,76.276,[0.1580,85,P=[0.1580 0.0899 -0.0242] V=[0.2719 0.1589 -0.0455] |Bas|=0.000000 |Bgs|=0.0021333 Bas=[0.000000 0.000000 0.000000] Bgs=[-0.0012636 -0.0000185 0.0017187] tic0=[
33329,76.348,[0.1776,127,P=[0.1776 0.1015 -0.0276] V=[0.2731 0.1624 -0.0486] |Bas|=0.000000 |Bgs|=0.0021333 Bas=[0.000000 0.000000 0.000000] Bgs=[-0.0012636 -0.0000185 0.0017187] tic0=[
33357,76.448,[0.2049,122,P=[0.2049 0.1177 -0.0324] V=[0.2716 0.1613 -0.0492] |Bas|=0.000000 |Bgs|=0.0021333 Bas=[0.000000 0.000000 0.000000] Bgs=[-0.0012636 -0.0000185 0.0017187] tic0=[
33387,76.576,[0.2398,127,P=[0.2398 0.1385 -0.0388] V=[0.2745 0.1633 -0.0499] |Bas|=0.000000 |Bgs|=0.0021333 Bas=[0.000000 0.000000 0.000000] Bgs=[-0.0012636 -0.0000185 0.0017187] tic0=[
33412,76.676,[0.2673,131,P=[0.2673 0.1549 -0.0437] V=[0.2767 0.1651 -0.0503] |Bas|=0.000000 |Bgs|=0.0021333 Bas=[0.000000 0.000000 0.000000] Bgs=[-0.0012636 -0.0000185 0.0017187] tic0=[
33515,76.776,[0.2951,124,P=[0.2951 0.1716 -0.0490] V=[0.2781 0.1700 -0.0546] |Bas|=0.000000 |Bgs|=0.0021333 Bas=[0.000000 0.000000 0.000000] Bgs=[-0.0012636 -0.0000185 0.0017187] tic0=[
33625,76.876,[0.3230,117,P=[0.3230 0.1887 -0.0544] V=[0.2785 0.1736 -0.0528] |Bas|=0.000000 |Bgs|=0.0021333 Bas=[0.000000 0.000000 0.000000] Bgs=[-0.0012636 -0.0000185 0.0017187] tic0=[
33730,76.976,[0.3509,130,P=[0.3509 0.2063 -0.0598] V=[0.2787 0.1765 -0.0527] |Bas|=0.000000 |Bgs|=0.0021333 Bas=[0.000000 0.000000 0.000000] Bgs=[-0.0012636 -0.0000185 0.0017187] tic0=[
33841,77.076,[0.3786,92,P=[0.3786 0.2240 -0.0650] V=[0.2755 0.1779 -0.0536] |Bas|=0.000000 |Bgs|=0.0021333 Bas=[0.000000 0.000000 0.000000] Bgs=[-0.0012636 -0.0000185 0.0017187] tic0=[
33966,77.176,[0.4062,136,P=[0.4062 0.2421 -0.0705] V=[0.2759 0.1832 -0.0556] |Bas|=0.000000 |Bgs|=0.0021333 Bas=[0.000000 0.000000 0.000000] Bgs=[-0.0012636 -0.0000185 0.0017187] tic0=[
34355,78.376,[-0.0002,135,P=[-0.0002 0.0034 0.0008] V=[-0.0037 0.0372 0.0062] |Bas|=0.000000 |Bgs|=0.0030907 Bas=[0.000000 0.000000 0.000000] Bgs=[0.0027960 -0.0004132 -0.0012507] tic0=[
34377,78.476,[-0.0006,116,P=[-0.0006 0.0073 0.0014] V=[-0.0047 0.0418 0.0046] |Bas|=0.000000 |Bgs|=0.0030907 Bas=[0.000000 0.000000 0.000000] Bgs=[0.0027960 -0.0004132 -0.0012507] tic0=[
34407,78.576,[-0.0012,107,P=[-0.0012 0.0119 0.0017] V=[-0.0073 0.0485 0.0032] |Bas|=0.000000 |Bgs|=0.0030907 Bas=[0.000000 0.000000 0.000000] Bgs=[0.0027960 -0.0004132 -0.0012507] tic0=[
34449,78.676,[-0.0019,107,P=[-0.0019 0.0168 0.0020] V=[-0.0069 0.0497 0.0022] |Bas|=0.000000 |Bgs|=0.0030907 Bas=[0.000000 0.000000 0.000000] Bgs=[0.0027960 -0.0004132 -0.0012507] tic0=[
34493,78.776,[-0.0026,125,P=[-0.0026 0.0222 0.0023] V=[-0.0073 0.0579 0.0041] |Bas|=0.000000 |Bgs|=0.0030907 Bas=[0.000000 0.000000 0.000000] Bgs=[0.0027960 -0.0004132 -0.0012507] tic0=[
34571,78.876,[-0.0034,123,P=[-0.0034 0.0282 0.0026] V=[-0.0088 0.0637 0.0034] |Bas|=0.000000 |Bgs|=0.0030907 Bas=[0.000000 0.000000 0.000000] Bgs=[0.0027960 -0.0004132 -0.0012507] tic0=[
34661,78.948,[-0.0041,118,P=[-0.0041 0.0330 0.0029] V=[-0.0086 0.0699 0.0056] |Bas|=0.000000 |Bgs|=0.0030907 Bas=[0.000000 0.000000 0.000000] Bgs=[0.0027960 -0.0004132 -0.0012507] tic0=[
34753,79.076,[-0.0052,110,P=[-0.0052 0.0424 0.0034] V=[-0.0105 0.0780 0.0031] |Bas|=0.000000 |Bgs|=0.0030907 Bas=[0.000000 0.000000 0.000000] Bgs=[0.0027960 -0.0004132 -0.0012507] tic0=[
34849,79.18,[-0.0065,128,P=[-0.0065 0.0510 0.0038] V=[-0.0129 0.0864 0.0018] |Bas|=0.000000 |Bgs|=0.0030907 Bas=[0.000000 0.000000 0.000000] Bgs=[0.0027960 -0.0004132 -0.0012507] tic0=[
34929,79.312,[-0.0083,133,P=[-0.0083 0.0633 0.0039] V=[-0.0127 0.1020 0.0019] |Bas|=0.000000 |Bgs|=0.0030907 Bas=[0.000000 0.000000 0.000000] Bgs=[0.0027960 -0.0004132 -0.0012507] tic0=[
35017,79.424,[-0.0096,104,P=[-0.0096 0.0752 0.0040] V=[-0.0111 0.1111 -0.0004] |Bas|=0.000000 |Bgs|=0.0030907 Bas=[0.000000 0.000000 0.000000] Bgs=[0.0027960 -0.0004132 -0.0012507] tic0=
35120,79.52,[-0.0107,120,P=[-0.0107 0.0862 0.0041] V=[-0.0107 0.1181 0.0002] |Bas|=0.000000 |Bgs|=0.0030907 Bas=[0.000000 0.000000 0.000000] Bgs=[0.0027960 -0.0004132 -0.0012507] tic0=[
35206,79.628,[-0.0118,106,P=[-0.0118 0.0994 0.0040] V=[-0.0076 0.1265 -0.0011] |Bas|=0.000000 |Bgs|=0.0030907 Bas=[0.000000 0.000000 0.000000] Bgs=[0.0027960 -0.0004132 -0.0012507] tic0=
35313,79.728,[-0.0127,98,P=[-0.0127 0.1126 0.0038] V=[-0.0092 0.1368 -0.0015] |Bas|=0.000000 |Bgs|=0.0030907 Bas=[0.000000 0.000000 0.000000] Bgs=[0.0027960 -0.0004132 -0.0012507] tic0=
35414,79.832,[-0.0139,119,P=[-0.0139 0.1274 0.0037] V=[-0.0116 0.1489 -0.0011] |Bas|=0.000000 |Bgs|=0.0030907 Bas=[0.000000 0.000000 0.000000] Bgs=[0.0027960 -0.0004132 -0.0012507] tic0=
35501,79.928,[-0.0150,124,P=[-0.0150 0.1419 0.0037] V=[-0.0127 0.1533 -0.0005] |Bas|=0.000000 |Bgs|=0.0030907 Bas=[0.000000 0.000000 0.000000] Bgs=[0.0027960 -0.0004132 -0.0012507] tic0=
35589,80.028,[-0.0161,122,P=[-0.0161 0.1577 0.0035] V=[-0.0102 0.1642 -0.0030] |Bas|=0.000000 |Bgs|=0.0030907 Bas=[0.000000 0.000000 0.000000] Bgs=[0.0027960 -0.0004132 -0.0012507] tic0=
35683,80.128,[-0.0171,109,P=[-0.0171 0.1746 0.0031] V=[-0.0108 0.1750 -0.0043] |Bas|=0.000000 |Bgs|=0.0030907 Bas=[0.000000 0.000000 0.000000] Bgs=[0.0027960 -0.0004132 -0.0012507] tic0=
36109,81.328,[-0.0015,131,P=[-0.0015 -0.0026 0.0002] V=[-0.0152 -0.0266 0.0028] |Bas|=0.000000 |Bgs|=0.0023415 Bas=[0.000000 0.000000 0.000000] Bgs=[-0.0005266 0.0020784 -0.0009412] tic0
36131,81.428,[-0.0029,112,P=[-0.0029 -0.0054 0.0003] V=[-0.0143 -0.0289 0.0007] |Bas|=0.000000 |Bgs|=0.0023415 Bas=[0.000000 0.000000 0.000000] Bgs=[-0.0005266 0.0020784 -0.0009412] tic0
36172,81.528,[-0.0046,128,P=[-0.0046 -0.0082 0.0003] V=[-0.0190 -0.0286 -0.0009] |Bas|=0.000000 |Bgs|=0.0023415 Bas=[0.000000 0.000000 0.000000] Bgs=[-0.0005266 0.0020784 -0.0009412] tic
36195,81.628,[-0.0064,113,P=[-0.0064 -0.0112 0.0001] V=[-0.0180 -0.0312 -0.0020] |Bas|=0.000000 |Bgs|=0.0023415 Bas=[0.000000 0.000000 0.000000] Bgs=[-0.0005266 0.0020784 -0.0009412] tic
36233,81.728,[-0.0083,119,P=[-0.0083 -0.0144 -0.0002] V=[-0.0184 -0.0325 -0.0045] |Bas|=0.000000 |Bgs|=0.0023415 Bas=[0.000000 0.000000 0.000000] Bgs=[-0.0005266 0.0020784 -0.0009412] ti
36262,81.828,[-0.0102,113,P=[-0.0102 -0.0176 -0.0010] V=[-0.0212 -0.0311 -0.0094] |Bas|=0.000000 |Bgs|=0.0023415 Bas=[0.000000 0.000000 0.000000] Bgs=[-0.0005266 0.0020784 -0.0009412] ti
36295,81.932,[-0.0125,120,P=[-0.0125 -0.0209 -0.0019] V=[-0.0229 -0.0334 -0.0078] |Bas|=0.000000 |Bgs|=0.0023415 Bas=[0.000000 0.000000 0.000000] Bgs=[-0.0005266 0.0020784 -0.0009412] ti
36382,82.028,[-0.0148,119,P=[-0.0148 -0.0243 -0.0027] V=[-0.0239 -0.0357 -0.0082] |Bas|=0.000000 |Bgs|=0.0023415 Bas=[0.000000 0.000000 0.000000] Bgs=[-0.0005266 0.0020784 -0.0009412] ti
36465,82.128,[-0.0173,116,P=[-0.0173 -0.0278 -0.0038] V=[-0.0282 -0.0355 -0.0108] |Bas|=0.000000 |Bgs|=0.0023415 Bas=[0.000000 0.000000 0.000000] Bgs=[-0.0005266 0.0020784 -0.0009412] ti
36562,82.228,[-0.0202,114,P=[-0.0202 -0.0315 -0.0051] V=[-0.0304 -0.0382 -0.0137] |Bas|=0.000000 |Bgs|=0.0023415 Bas=[0.000000 0.000000 0.000000] Bgs=[-0.0005266 0.0020784 -0.0009412] ti
36660,82.328,[-0.0234,127,P=[-0.0234 -0.0352 -0.0065] V=[-0.0327 -0.0350 -0.0151] |Bas|=0.000000 |Bgs|=0.0023415 Bas=[0.000000 0.000000 0.000000] Bgs=[-0.0005266 0.0020784 -0.0009412] ti
36748,82.428,[-0.0269,131,P=[-0.0269 -0.0387 -0.0082] V=[-0.0376 -0.0349 -0.0183] |Bas|=0.000000 |Bgs|=0.0023415 Bas=[0.000000 0.000000 0.000000] Bgs=[-0.0005266 0.0020784 -0.0009412] ti
37119,83.628,[0.0021,128,P=[0.0021 0.0011 -0.0008] V=[0.0235 0.0135 -0.0086] |Bas|=0.000000 |Bgs|=0.0009661 Bas=[0.000000 0.000000 0.000000] Bgs=[0.0006680 -0.0006559 -0.0002388] tic0=[
37145,83.728,[0.0046,120,P=[0.0046 0.0025 -0.0017] V=[0.0273 0.0166 -0.0093] |Bas|=0.000000 |Bgs|=0.0009661 Bas=[0.000000 0.000000 0.000000] Bgs=[0.0006680 -0.0006559 -0.0002388] tic0=[
37173,83.828,[0.0075,116,P=[0.0075 0.0044 -0.0026] V=[0.0311 0.0189 -0.0078] |Bas|=0.000000 |Bgs|=0.0009661 Bas=[0.000000 0.000000 0.000000] Bgs=[0.0006680 -0.0006559 -0.0002388] tic0=[
37206,83.96,[0.0120,124,P=[0.0120 0.0074 -0.0036] V=[0.0366 0.0276 -0.0085] |Bas|=0.000000 |Bgs|=0.0009661 Bas=[0.000000 0.000000 0.000000] Bgs=[0.0006680 -0.0006559 -0.0002388] tic0=[
37235,84.092,[0.0171,116,P=[0.0171 0.0113 -0.0048] V=[0.0387 0.0336 -0.0083] |Bas|=0.000000 |Bgs|=0.0009661 Bas=[0.000000 0.000000 0.000000] Bgs=[0.0006680 -0.0006559 -0.0002388] tic0=[
37266,84.192,[0.0211,116,P=[0.0211 0.0148 -0.0055] V=[0.0417 0.0355 -0.0059] |Bas|=0.000000 |Bgs|=0.0009661 Bas=[0.000000 0.000000 0.000000] Bgs=[0.0006680 -0.0006559 -0.0002388] tic0=[
37299,84.292,[0.0255,125,P=[0.0255 0.0184 -0.0061] V=[0.0468 0.0377 -0.0054] |Bas|=0.000000 |Bgs|=0.0009661 Bas=[0.000000 0.000000 0.000000] Bgs=[0.0006680 -0.0006559 -0.0002388] tic0=[
37326,84.392,[0.0307,130,P=[0.0307 0.0224 -0.0068] V=[0.0545 0.0422 -0.0072] |Bas|=0.000000 |Bgs|=0.0009661 Bas=[0.000000 0.000000 0.000000] Bgs=[0.0006680 -0.0006559 -0.0002388] tic0=[
37352,84.492,[0.0364,123,P=[0.0364 0.0267 -0.0073] V=[0.0604 0.0452 -0.0049] |Bas|=0.000000 |Bgs|=0.0009661 Bas=[0.000000 0.000000 0.000000] Bgs=[0.0006680 -0.0006559 -0.0002388] tic0=[
37437,84.596,[0.0431,127,P=[0.0431 0.0316 -0.0077] V=[0.0664 0.0489 -0.0032] |Bas|=0.000000 |Bgs|=0.0009661 Bas=[0.000000 0.000000 0.000000] Bgs=[0.0006680 -0.0006559 -0.0002388] tic0=[
37520,84.728,[0.0522,125,P=[0.0522 0.0383 -0.0086] V=[0.0737 0.0519 -0.0084] |Bas|=0.000000 |Bgs|=0.0009661 Bas=[0.000000 0.000000 0.000000] Bgs=[0.0006680 -0.0006559 -0.0002388] tic0=[
37617,84.832,[0.0602,109,P=[0.0602 0.0438 -0.0094] V=[0.0788 0.0546 -0.0088] |Bas|=0.000000 |Bgs|=0.0009661 Bas=[0.000000 0.000000 0.000000] Bgs=[0.0006680 -0.0006559 -0.0002388] tic0=[
37711,84.928,[0.0680,118,P=[0.0680 0.0490 -0.0104] V=[0.0817 0.0534 -0.0080] |Bas|=0.000000 |Bgs|=0.0009661 Bas=[0.000000 0.000000 0.000000] Bgs=[0.0006680 -0.0006559 -0.0002388] tic0=[
37795,85.028,[0.0762,118,P=[0.0762 0.0544 -0.0112] V=[0.0857 0.0576 -0.0095] |Bas|=0.000000 |Bgs|=0.0009661 Bas=[0.000000 0.000000 0.000000] Bgs=[0.0006680 -0.0006559 -0.0002388] tic0=[
37886,85.128,[0.0851,119,P=[0.0851 0.0604 -0.0122] V=[0.0909 0.0623 -0.0112] |Bas|=0.000000 |Bgs|=0.0009661 Bas=[0.000000 0.000000 0.000000] Bgs=[0.0006680 -0.0006559 -0.0002388] tic0=[
37977,85.228,[0.0943,115,P=[0.0943 0.0668 -0.0132] V=[0.0947 0.0655 -0.0094] |Bas|=0.000000 |Bgs|=0.0009661 Bas=[0.000000 0.000000 0.000000] Bgs=[0.0006680 -0.0006559 -0.0002388] tic0=[
38067,85.328,[0.1040,116,P=[0.1040 0.0735 -0.0143] V=[0.0971 0.0702 -0.0118] |Bas|=0.000000 |Bgs|=0.0009661 Bas=[0.000000 0.000000 0.000000] Bgs=[0.0006680 -0.0006559 -0.0002388] tic0=[
38156,85.428,[0.1139,123,P=[0.1139 0.0808 -0.0154] V=[0.1010 0.0754 -0.0089] |Bas|=0.000000 |Bgs|=0.0009661 Bas=[0.000000 0.000000 0.000000] Bgs=[0.0006680 -0.0006559 -0.0002388] tic0=[
38562,86.692,[0.0031,127,P=[0.0031 0.0006 -0.0009] V=[0.0340 0.0023 -0.0106] |Bas|=0.000000 |Bgs|=0.0019901 Bas=[0.000000 0.000000 0.000000] Bgs=[0.0003210 0.0003560 0.0019316] tic0=[0.
38585,86.796,[0.0067,121,P=[0.0067 0.0012 -0.0020] V=[0.0357 0.0065 -0.0114] |Bas|=0.000000 |Bgs|=0.0019901 Bas=[0.000000 0.000000 0.000000] Bgs=[0.0003210 0.0003560 0.0019316] tic0=[0.
38612,86.896,[0.0104,130,P=[0.0104 0.0018 -0.0031] V=[0.0372 0.0074 -0.0100] |Bas|=0.000000 |Bgs|=0.0019901 Bas=[0.000000 0.000000 0.000000] Bgs=[0.0003210 0.0003560 0.0019316] tic0=[0.
38638,87.028,[0.0155,124,P=[0.0155 0.0033 -0.0046] V=[0.0402 0.0140 -0.0145] |Bas|=0.000000 |Bgs|=0.0019901 Bas=[0.000000 0.000000 0.000000] Bgs=[0.0003210 0.0003560 0.0019316] tic0=[0.
38664,87.132,[0.0195,118,P=[0.0195 0.0051 -0.0063] V=[0.0397 0.0212 -0.0142] |Bas|=0.000000 |Bgs|=0.0019901 Bas=[0.000000 0.000000 0.000000] Bgs=[0.0003210 0.0003560 0.0019316] tic0=[0.
38692,87.228,[0.0235,130,P=[0.0235 0.0074 -0.0077] V=[0.0433 0.0253 -0.0159] |Bas|=0.000000 |Bgs|=0.0019901 Bas=[0.000000 0.000000 0.000000] Bgs=[0.0003210 0.0003560 0.0019316] tic0=[0.
38715,87.332,[0.0282,130,P=[0.0282 0.0105 -0.0094] V=[0.0462 0.0334 -0.0156] |Bas|=0.000000 |Bgs|=0.0019901 Bas=[0.000000 0.000000 0.000000] Bgs=[0.0003210 0.0003560 0.0019316] tic0=[0.
38733,87.428,[0.0327,118,P=[0.0327 0.0138 -0.0108] V=[0.0491 0.0363 -0.0147] |Bas|=0.000000 |Bgs|=0.0019901 Bas=[0.000000 0.000000 0.000000] Bgs=[0.0003210 0.0003560 0.0019316] tic0=[0.
38769,87.528,[0.0378,119,P=[0.0378 0.0177 -0.0123] V=[0.0510 0.0409 -0.0146] |Bas|=0.000000 |Bgs|=0.0019901 Bas=[0.000000 0.000000 0.000000] Bgs=[0.0003210 0.0003560 0.0019316] tic0=[0.
38804,87.632,[0.0433,128,P=[0.0433 0.0221 -0.0136] V=[0.0530 0.0450 -0.0112] |Bas|=0.000000 |Bgs|=0.0019901 Bas=[0.000000 0.000000 0.000000] Bgs=[0.0003210 0.0003560 0.0019316] tic0=[0.
38893,87.728,[0.0485,115,P=[0.0485 0.0265 -0.0146] V=[0.0549 0.0470 -0.0100] |Bas|=0.000000 |Bgs|=0.0019901 Bas=[0.000000 0.000000 0.000000] Bgs=[0.0003210 0.0003560 0.0019316] tic0=[0.
38984,87.828,[0.0541,116,P=[0.0541 0.0314 -0.0157] V=[0.0557 0.0503 -0.0112] |Bas|=0.000000 |Bgs|=0.0019901 Bas=[0.000000 0.000000 0.000000] Bgs=[0.0003210 0.0003560 0.0019316] tic0=[0.
39086,87.928,[0.0597,116,P=[0.0597 0.0366 -0.0168] V=[0.0576 0.0525 -0.0111] |Bas|=0.000000 |Bgs|=0.0019901 Bas=[0.000000 0.000000 0.000000] Bgs=[0.0003210 0.0003560 0.0019316] tic0=[0.
39183,88.028,[0.0657,127,P=[0.0657 0.0420 -0.0181] V=[0.0615 0.0549 -0.0141] |Bas|=0.000000 |Bgs|=0.0019901 Bas=[0.000000 0.000000 0.000000] Bgs=[0.0003210 0.0003560 0.0019316] tic0=[0.
39264,88.128,[0.0719,123,P=[0.0719 0.0476 -0.0195] V=[0.0622 0.0586 -0.0141] |Bas|=0.000000 |Bgs|=0.0019901 Bas=[0.000000 0.000000 0.000000] Bgs=[0.0003210 0.0003560 0.0019316] tic0=[0.
39660,89.332,[-0.0018,130,P=[-0.0018 -0.0007 -0.0001] V=[-0.0129 -0.0021 -0.0032] |Bas|=0.000000 |Bgs|=0.0017331 Bas=[0.000000 0.000000 0.000000] Bgs=[0.0012430 -0.0010704 -0.0005596] ti
39686,89.436,[-0.0030,123,P=[-0.0030 -0.0007 -0.0004] V=[-0.0112 0.0019 -0.0029] |Bas|=0.000000 |Bgs|=0.0017331 Bas=[0.000000 0.000000 0.000000] Bgs=[0.0012430 -0.0010704 -0.0005596] tic
39710,89.568,[-0.0043,125,P=[-0.0043 -0.0004 -0.0009] V=[-0.0107 0.0058 -0.0049] |Bas|=0.000000 |Bgs|=0.0017331 Bas=[0.000000 0.000000 0.000000] Bgs=[0.0012430 -0.0010704 -0.0005596] tic
39734,89.668,[-0.0055,119,P=[-0.0055 0.0003 -0.0012] V=[-0.0116 0.0049 -0.0023] |Bas|=0.000000 |Bgs|=0.0017331 Bas=[0.000000 0.000000 0.000000] Bgs=[0.0012430 -0.0010704 -0.0005596] tic0
39764,89.768,[-0.0065,127,P=[-0.0065 0.0008 -0.0015] V=[-0.0094 0.0057 -0.0021] |Bas|=0.000000 |Bgs|=0.0017331 Bas=[0.000000 0.000000 0.000000] Bgs=[0.0012430 -0.0010704 -0.0005596] tic0
39782,89.868,[-0.0073,127,P=[-0.0073 0.0013 -0.0017] V=[-0.0085 0.0063 -0.0026] |Bas|=0.000000 |Bgs|=0.0017331 Bas=[0.000000 0.000000 0.000000] Bgs=[0.0012430 -0.0010704 -0.0005596] tic0
39804,89.968,[-0.0081,123,P=[-0.0081 0.0019 -0.0020] V=[-0.0087 0.0062 -0.0034] |Bas|=0.000000 |Bgs|=0.0017331 Bas=[0.000000 0.000000 0.000000] Bgs=[0.0012430 -0.0010704 -0.0005596] tic0
39831,90.068,[-0.0089,121,P=[-0.0089 0.0027 -0.0024] V=[-0.0062 0.0085 -0.0050] |Bas|=0.000000 |Bgs|=0.0017331 Bas=[0.000000 0.000000 0.000000] Bgs=[0.0012430 -0.0010704 -0.0005596] tic0
39862,90.168,[-0.0093,120,P=[-0.0093 0.0036 -0.0027] V=[-0.0027 0.0123 -0.0036] |Bas|=0.000000 |Bgs|=0.0017331 Bas=[0.000000 0.000000 0.000000] Bgs=[0.0012430 -0.0010704 -0.0005596] tic0
39892,90.268,[-0.0095,130,P=[-0.0095 0.0049 -0.0031] V=[0.0010 0.0160 -0.0021] |Bas|=0.000000 |Bgs|=0.0017331 Bas=[0.000000 0.000000 0.000000] Bgs=[0.0012430 -0.0010704 -0.0005596] tic0=
39917,90.4,[-0.0092,126,P=[-0.0092 0.0074 -0.0033] V=[0.0044 0.0213 -0.0026] |Bas|=0.000000 |Bgs|=0.0017331 Bas=[0.000000 0.000000 0.000000] Bgs=[0.0012430 -0.0010704 -0.0005596] tic0=
39943,90.504,[-0.0086,135,P=[-0.0086 0.0098 -0.0036] V=[0.0078 0.0253 -0.0028] |Bas|=0.000000 |Bgs|=0.0017331 Bas=[0.000000 0.000000 0.000000] Bgs=[0.0012430 -0.0010704 -0.0005596] tic0=
39965,90.632,[-0.0075,123,P=[-0.0075 0.0132 -0.0040] V=[0.0103 0.0305 -0.0034] |Bas|=0.000000 |Bgs|=0.0017331 Bas=[0.000000 0.000000 0.000000] Bgs=[0.0012430 -0.0010704 -0.0005596] tic0=
40047,90.732,[-0.0062,123,P=[-0.0062 0.0164 -0.0042] V=[0.0143 0.0329 -0.0023] |Bas|=0.000000 |Bgs|=0.0017331 Bas=[0.000000 0.000000 0.000000] Bgs=[0.0012430 -0.0010704 -0.0005596] tic0=
40138,90.832,[-0.0046,109,P=[-0.0046 0.0199 -0.0046] V=[0.0164 0.0380 -0.0042] |Bas|=0.000000 |Bgs|=0.0017331 Bas=[0.000000 0.000000 0.000000] Bgs=[0.0012430 -0.0010704 -0.0005596] tic0=
40248,90.932,[-0.0029,110,P=[-0.0029 0.0238 -0.0051] V=[0.0199 0.0392 -0.0061] |Bas|=0.000000 |Bgs|=0.0017331 Bas=[0.000000 0.000000 0.000000] Bgs=[0.0012430 -0.0010704 -0.0005596] tic0=
40356,91.032,[-0.0007,116,P=[-0.0007 0.0280 -0.0059] V=[0.0222 0.0436 -0.0101] |Bas|=0.000000 |Bgs|=0.0017331 Bas=[0.000000 0.000000 0.000000] Bgs=[0.0012430 -0.0010704 -0.0005596] tic0=
40444,91.132,[0.0016,122,P=[0.0016 0.0324 -0.0069] V=[0.0257 0.0442 -0.0088] |Bas|=0.000000 |Bgs|=0.0017331 Bas=[0.000000 0.000000 0.000000] Bgs=[0.0012430 -0.0010704 -0.0005596] tic0=[
40857,92.332,[-0.0028,125,P=[-0.0028 0.0025 0.0012] V=[-0.0289 0.0219 0.0101] |Bas|=0.000000 |Bgs|=0.0014472 Bas=[0.000000 0.000000 0.000000] Bgs=[-0.0010439 -0.0007905 -0.0006163] tic0=
40880,92.432,[-0.0056,118,P=[-0.0056 0.0047 0.0021] V=[-0.0281 0.0212 0.0104] |Bas|=0.000000 |Bgs|=0.0014472 Bas=[0.000000 0.000000 0.000000] Bgs=[-0.0010439 -0.0007905 -0.0006163] tic0=
40915,92.532,[-0.0083,115,P=[-0.0083 0.0069 0.0032] V=[-0.0260 0.0230 0.0114] |Bas|=0.000000 |Bgs|=0.0014472 Bas=[0.000000 0.000000 0.000000] Bgs=[-0.0010439 -0.0007905 -0.0006163] tic0=
40953,92.632,[-0.0109,121,P=[-0.0109 0.0092 0.0043] V=[-0.0284 0.0248 0.0143] |Bas|=0.000000 |Bgs|=0.0014472 Bas=[0.000000 0.000000 0.000000] Bgs=[-0.0010439 -0.0007905 -0.0006163] tic0=
40980,92.736,[-0.0139,118,P=[-0.0139 0.0117 0.0056] V=[-0.0285 0.0222 0.0116] |Bas|=0.000000 |Bgs|=0.0014472 Bas=[0.000000 0.000000 0.000000] Bgs=[-0.0010439 -0.0007905 -0.0006163] tic0=
41020,92.868,[-0.0177,118,P=[-0.0177 0.0148 0.0070] V=[-0.0310 0.0268 0.0088] |Bas|=0.000000 |Bgs|=0.0014472 Bas=[0.000000 0.000000 0.000000] Bgs=[-0.0010439 -0.0007905 -0.0006163] tic0=
41106,93.0,[-0.0215,120,P=[-0.0215 0.0188 0.0080] V=[-0.0276 0.0338 0.0070] |Bas|=0.000000 |Bgs|=0.0014472 Bas=[0.000000 0.000000 0.000000] Bgs=[-0.0010439 -0.0007905 -0.0006163] tic0=
41192,93.132,[-0.0254,110,P=[-0.0254 0.0234 0.0092] V=[-0.0321 0.0362 0.0111] |Bas|=0.000000 |Bgs|=0.0014472 Bas=[0.000000 0.000000 0.000000] Bgs=[-0.0010439 -0.0007905 -0.0006163] tic0=
41290,93.232,[-0.0289,113,P=[-0.0289 0.0270 0.0104] V=[-0.0375 0.0358 0.0123] |Bas|=0.000000 |Bgs|=0.0014472 Bas=[0.000000 0.000000 0.000000] Bgs=[-0.0010439 -0.0007905 -0.0006163] tic0=
41383,93.332,[-0.0329,116,P=[-0.0329 0.0305 0.0116] V=[-0.0407 0.0334 0.0121] |Bas|=0.000000 |Bgs|=0.0014472 Bas=[0.000000 0.000000 0.000000] Bgs=[-0.0010439 -0.0007905 -0.0006163] tic0=
41474,93.432,[-0.0372,123,P=[-0.0372 0.0341 0.0128] V=[-0.0464 0.0371 0.0121] |Bas|=0.000000 |Bgs|=0.0014472 Bas=[0.000000 0.000000 0.000000] Bgs=[-0.0010439 -0.0007905 -0.0006163] tic0=
41570,93.532,[-0.0418,122,P=[-0.0418 0.0381 0.0141] V=[-0.0471 0.0417 0.0142] |Bas|=0.000000 |Bgs|=0.0014472 Bas=[0.000000 0.000000 0.000000] Bgs=[-0.0010439 -0.0007905 -0.0006163] tic0=
41658,93.632,[-0.0467,123,P=[-0.0467 0.0423 0.0156] V=[-0.0502 0.0423 0.0124] |Bas|=0.000000 |Bgs|=0.0014472 Bas=[0.000000 0.000000 0.000000] Bgs=[-0.0010439 -0.0007905 -0.0006163] tic0=
41743,93.732,[-0.0519,114,P=[-0.0519 0.0465 0.0170] V=[-0.0521 0.0403 0.0170] |Bas|=0.000000 |Bgs|=0.0014472 Bas=[0.000000 0.000000 0.000000] Bgs=[-0.0010439 -0.0007905 -0.0006163] tic0=
41846,93.832,[-0.0573,114,P=[-0.0573 0.0507 0.0186] V=[-0.0539 0.0449 0.0154] |Bas|=0.000000 |Bgs|=0.0014472 Bas=[0.000000 0.000000 0.000000] Bgs=[-0.0010439 -0.0007905 -0.0006163] tic0=
41940,93.932,[-0.0627,117,P=[-0.0627 0.0554 0.0201] V=[-0.0538 0.0487 0.0149] |Bas|=0.000000 |Bgs|=0.0014472 Bas=[0.000000 0.000000 0.000000] Bgs=[-0.0010439 -0.0007905 -0.0006163] tic0=
42028,94.032,[-0.0682,127,P=[-0.0682 0.0605 0.0216] V=[-0.0566 0.0525 0.0166] |Bas|=0.000000 |Bgs|=0.0014472 Bas=[0.000000 0.000000 0.000000] Bgs=[-0.0010439 -0.0007905 -0.0006163] tic0=
42108,94.132,[-0.0739,120,P=[-0.0739 0.0659 0.0234] V=[-0.0584 0.0554 0.0180] |Bas|=0.000000 |Bgs|=0.0014472 Bas=[0.000000 0.000000 0.000000] Bgs=[-0.0010439 -0.0007905 -0.0006163] tic0=
42487,95.432,[0.0160,131,P=[0.0160 -0.0034 -0.0005] V=[0.1364 -0.0253 -0.0066] |Bas|=0.000000 |Bgs|=0.0016420 Bas=[0.000000 0.000000 0.000000] Bgs=[-0.0015682 -0.0001365 -0.0004674] tic
42506,95.532,[0.0302,100,P=[0.0302 -0.0061 -0.0013] V=[0.1461 -0.0274 -0.0096] |Bas|=0.000000 |Bgs|=0.0016420 Bas=[0.000000 0.000000 0.000000] Bgs=[-0.0015682 -0.0001365 -0.0004674] tic
42556,95.632,[0.0454,124,P=[0.0454 -0.0089 -0.0023] V=[0.1602 -0.0273 -0.0104] |Bas|=0.000000 |Bgs|=0.0016420 Bas=[0.000000 0.000000 0.000000] Bgs=[-0.0015682 -0.0001365 -0.0004674] tic
42586,95.732,[0.0618,119,P=[0.0618 -0.0118 -0.0031] V=[0.1676 -0.0292 -0.0093] |Bas|=0.000000 |Bgs|=0.0016420 Bas=[0.000000 0.000000 0.000000] Bgs=[-0.0015682 -0.0001365 -0.0004674] tic
42617,95.832,[0.0790,125,P=[0.0790 -0.0148 -0.0040] V=[0.1773 -0.0331 -0.0089] |Bas|=0.000000 |Bgs|=0.0016420 Bas=[0.000000 0.000000 0.000000] Bgs=[-0.0015682 -0.0001365 -0.0004674] tic
42647,95.932,[0.0973,125,P=[0.0973 -0.0182 -0.0048] V=[0.1873 -0.0343 -0.0090] |Bas|=0.000000 |Bgs|=0.0016420 Bas=[0.000000 0.000000 0.000000] Bgs=[-0.0015682 -0.0001365 -0.0004674] tic
42671,96.032,[0.1165,123,P=[0.1165 -0.0220 -0.0056] V=[0.1958 -0.0411 -0.0069] |Bas|=0.000000 |Bgs|=0.0016420 Bas=[0.000000 0.000000 0.000000] Bgs=[-0.0015682 -0.0001365 -0.0004674] tic
42706,96.132,[0.1365,126,P=[0.1365 -0.0261 -0.0064] V=[0.2058 -0.0422 -0.0097] |Bas|=0.000000 |Bgs|=0.0016420 Bas=[0.000000 0.000000 0.000000] Bgs=[-0.0015682 -0.0001365 -0.0004674] tic
42788,96.204,[0.1516,124,P=[0.1516 -0.0292 -0.0070] V=[0.2127 -0.0441 -0.0071] |Bas|=0.000000 |Bgs|=0.0016420 Bas=[0.000000 0.000000 0.000000] Bgs=[-0.0015682 -0.0001365 -0.0004674] tic
42868,96.332,[0.1795,107,P=[0.1795 -0.0350 -0.0079] V=[0.2241 -0.0450 -0.0069] |Bas|=0.000000 |Bgs|=0.0016420 Bas=[0.000000 0.000000 0.000000] Bgs=[-0.0015682 -0.0001365 -0.0004674] tic
42976,96.432,[0.2024,107,P=[0.2024 -0.0397 -0.0087] V=[0.2337 -0.0486 -0.0068] |Bas|=0.000000 |Bgs|=0.0016420 Bas=[0.000000 0.000000 0.000000] Bgs=[-0.0015682 -0.0001365 -0.0004674] tic
43078,96.536,[0.2275,118,P=[0.2275 -0.0448 -0.0094] V=[0.2476 -0.0470 -0.0082] |Bas|=0.000000 |Bgs|=0.0016420 Bas=[0.000000 0.000000 0.000000] Bgs=[-0.0015682 -0.0001365 -0.0004674] tic
43170,96.668,[0.2612,120,P=[0.2612 -0.0514 -0.0105] V=[0.2642 -0.0527 -0.0071] |Bas|=0.000000 |Bgs|=0.0016420 Bas=[0.000000 0.000000 0.000000] Bgs=[-0.0015682 -0.0001365 -0.0004674] tic
43903,98.968,[0.0043,128,P=[0.0043 0.0024 0.0015] V=[0.0327 0.0093 0.0084] |Bas|=0.000000 |Bgs|=0.0056954 Bas=[0.000000 0.000000 0.000000] Bgs=[0.0049688 -0.0023194 0.0015392] tic0=[0.1
43927,99.068,[0.0079,120,P=[0.0079 0.0034 0.0022] V=[0.0388 0.0111 0.0055] |Bas|=0.000000 |Bgs|=0.0056954 Bas=[0.000000 0.000000 0.000000] Bgs=[0.0049688 -0.0023194 0.0015392] tic0=[0.1
43957,99.172,[0.0120,126,P=[0.0120 0.0048 0.0029] V=[0.0423 0.0163 0.0053] |Bas|=0.000000 |Bgs|=0.0056954 Bas=[0.000000 0.000000 0.000000] Bgs=[0.0049688 -0.0023194 0.0015392] tic0=[0.1
43980,99.268,[0.0161,119,P=[0.0161 0.0066 0.0033] V=[0.0460 0.0230 0.0029] |Bas|=0.000000 |Bgs|=0.0056954 Bas=[0.000000 0.000000 0.000000] Bgs=[0.0049688 -0.0023194 0.0015392] tic0=[0.1
44011,99.368,[0.0209,111,P=[0.0209 0.0091 0.0036] V=[0.0486 0.0233 0.0029] |Bas|=0.000000 |Bgs|=0.0056954 Bas=[0.000000 0.000000 0.000000] Bgs=[0.0049688 -0.0023194 0.0015392] tic0=[0.1
44045,99.468,[0.0257,115,P=[0.0257 0.0115 0.0038] V=[0.0500 0.0247 0.0015] |Bas|=0.000000 |Bgs|=0.0056954 Bas=[0.000000 0.000000 0.000000] Bgs=[0.0049688 -0.0023194 0.0015392] tic0=[0.1
44079,99.568,[0.0308,106,P=[0.0308 0.0143 0.0040] V=[0.0531 0.0313 0.0021] |Bas|=0.000000 |Bgs|=0.0056954 Bas=[0.000000 0.000000 0.000000] Bgs=[0.0049688 -0.0023194 0.0015392] tic0=[0.1
44173,99.668,[0.0362,112,P=[0.0362 0.0176 0.0043] V=[0.0542 0.0360 0.0021] |Bas|=0.000000 |Bgs|=0.0056954 Bas=[0.000000 0.000000 0.000000] Bgs=[0.0049688 -0.0023194 0.0015392] tic0=[0.1
44269,99.768,[0.0419,125,P=[0.0419 0.0215 0.0044] V=[0.0597 0.0408 -0.0004] |Bas|=0.000000 |Bgs|=0.0056954 Bas=[0.000000 0.000000 0.000000] Bgs=[0.0049688 -0.0023194 0.0015392] tic0=[0.
44362,99.868,[0.0481,115,P=[0.0481 0.0261 0.0044] V=[0.0649 0.0504 0.0000] |Bas|=0.000000 |Bgs|=0.0056954 Bas=[0.000000 0.000000 0.000000] Bgs=[0.0049688 -0.0023194 0.0015392] tic0=[0.1
44455,99.968,[0.0548,128,P=[0.0548 0.0315 0.0045] V=[0.0697 0.0595 0.0020] |Bas|=0.000000 |Bgs|=0.0056954 Bas=[0.000000 0.000000 0.000000] Bgs=[0.0049688 -0.0023194 0.0015392] tic0=[0.1
44546,100.068,[0.0620,130,P=[0.0620 0.0381 0.0047] V=[0.0748 0.0708 0.0007] |Bas|=0.000000 |Bgs|=0.0056954 Bas=[0.000000 0.000000 0.000000] Bgs=[0.0049688 -0.0023194 0.0015392] tic0=[0.1
44629,100.168,[0.0697,125,P=[0.0697 0.0457 0.0049] V=[0.0796 0.0804 0.0035] |Bas|=0.000000 |Bgs|=0.0056954 Bas=[0.000000 0.000000 0.000000] Bgs=[0.0049688 -0.0023194 0.0015392] tic0=[0.1
44718,100.268,[0.0779,124,P=[0.0779 0.0542 0.0053] V=[0.0852 0.0903 0.0038] |Bas|=0.000000 |Bgs|=0.0056954 Bas=[0.000000 0.000000 0.000000] Bgs=[0.0049688 -0.0023194 0.0015392] tic0=[0.1
44807,100.368,[0.0867,127,P=[0.0867 0.0641 0.0056] V=[0.0916 0.1053 0.0049] |Bas|=0.000000 |Bgs|=0.0056954 Bas=[0.000000 0.000000 0.000000] Bgs=[0.0049688 -0.0023194 0.0015392] tic0=[0.1
44889,100.444,[0.0938,125,P=[0.0938 0.0723 0.0059] V=[0.0958 0.1109 0.0034] |Bas|=0.000000 |Bgs|=0.0056954 Bas=[0.000000 0.000000 0.000000] Bgs=[0.0049688 -0.0023194 0.0015392] tic0=[0.1
44976,100.544,[0.1038,109,P=[0.1038 0.0841 0.0061] V=[0.1048 0.1239 -0.0018] |Bas|=0.000000 |Bgs|=0.0056954 Bas=[0.000000 0.000000 0.000000] Bgs=[0.0049688 -0.0023194 0.0015392] tic0=[0.
45080,100.648,[0.1149,123,P=[0.1149 0.0976 0.0058] V=[0.1095 0.1363 -0.0012] |Bas|=0.000000 |Bgs|=0.0056954 Bas=[0.000000 0.000000 0.000000] Bgs=[0.0049688 -0.0023194 0.0015392] tic0=[0.
45470,101.908,[-0.0040,127,P=[-0.0040 -0.0029 -0.0005] V=[-0.0298 -0.0331 -0.0034] |Bas|=0.000000 |Bgs|=0.0015928 Bas=[0.000000 0.000000 0.000000] Bgs=[-0.0009799 -0.0005775 0.0011150] ti
45491,102.008,[-0.0072,113,P=[-0.0072 -0.0064 -0.0009] V=[-0.0339 -0.0372 -0.0037] |Bas|=0.000000 |Bgs|=0.0015928 Bas=[0.000000 0.000000 0.000000] Bgs=[-0.0009799 -0.0005775 0.0011150] ti
45523,102.112,[-0.0108,120,P=[-0.0108 -0.0106 -0.0014] V=[-0.0354 -0.0412 -0.0062] |Bas|=0.000000 |Bgs|=0.0015928 Bas=[0.000000 0.000000 0.000000] Bgs=[-0.0009799 -0.0005775 0.0011150] ti
45556,102.244,[-0.0157,125,P=[-0.0157 -0.0160 -0.0023] V=[-0.0378 -0.0421 -0.0067] |Bas|=0.000000 |Bgs|=0.0015928 Bas=[0.000000 0.000000 0.000000] Bgs=[-0.0009799 -0.0005775 0.0011150] ti
45586,102.344,[-0.0196,106,P=[-0.0196 -0.0205 -0.0028] V=[-0.0408 -0.0456 -0.0052] |Bas|=0.000000 |Bgs|=0.0015928 Bas=[0.000000 0.000000 0.000000] Bgs=[-0.0009799 -0.0005775 0.0011150] ti
45691,102.444,[-0.0238,109,P=[-0.0238 -0.0251 -0.0032] V=[-0.0429 -0.0475 -0.0022] |Bas|=0.000000 |Bgs|=0.0015928 Bas=[0.000000 0.000000 0.000000] Bgs=[-0.0009799 -0.0005775 0.0011150] ti
45790,102.544,[-0.0283,121,P=[-0.0283 -0.0300 -0.0034] V=[-0.0465 -0.0516 -0.0015] |Bas|=0.000000 |Bgs|=0.0015928 Bas=[0.000000 0.000000 0.000000] Bgs=[-0.0009799 -0.0005775 0.0011150] ti
45878,102.644,[-0.0332,117,P=[-0.0332 -0.0353 -0.0037] V=[-0.0491 -0.0548 -0.0023] |Bas|=0.000000 |Bgs|=0.0015928 Bas=[0.000000 0.000000 0.000000] Bgs=[-0.0009799 -0.0005775 0.0011150] ti
45972,102.748,[-0.0386,121,P=[-0.0386 -0.0412 -0.0040] V=[-0.0533 -0.0592 -0.0047] |Bas|=0.000000 |Bgs|=0.0015928 Bas=[0.000000 0.000000 0.000000] Bgs=[-0.0009799 -0.0005775 0.0011150] ti
46058,102.844,[-0.0438,124,P=[-0.0438 -0.0470 -0.0044] V=[-0.0560 -0.0638 -0.0026] |Bas|=0.000000 |Bgs|=0.0015928 Bas=[0.000000 0.000000 0.000000] Bgs=[-0.0009799 -0.0005775 0.0011150] ti
46153,102.944,[-0.0497,114,P=[-0.0497 -0.0535 -0.0046] V=[-0.0605 -0.0652 -0.0007] |Bas|=0.000000 |Bgs|=0.0015928 Bas=[0.000000 0.000000 0.000000] Bgs=[-0.0009799 -0.0005775 0.0011150] ti
46243,103.044,[-0.0560,124,P=[-0.0560 -0.0603 -0.0045] V=[-0.0641 -0.0678 0.0001] |Bas|=0.000000 |Bgs|=0.0015928 Bas=[0.000000 0.000000 0.000000] Bgs=[-0.0009799 -0.0005775 0.0011150] tic
46617,104.244,[-0.0051,124,P=[-0.0051 0.0031 -0.0009] V=[-0.0554 0.0326 -0.0054] |Bas|=0.000000 |Bgs|=0.0017439 Bas=[0.000000 0.000000 0.000000] Bgs=[0.0015983 -0.0001151 0.0006879] tic0=
46645,104.344,[-0.0108,73,P=[-0.0108 0.0064 -0.0013] V=[-0.0576 0.0334 -0.0054] |Bas|=0.000000 |Bgs|=0.0017439 Bas=[0.000000 0.000000 0.000000] Bgs=[0.0015983 -0.0001151 0.0006879] tic0=
46776,104.444,[-0.0170,114,P=[-0.0170 0.0099 -0.0019] V=[-0.0640 0.0345 -0.0058] |Bas|=0.000000 |Bgs|=0.0017439 Bas=[0.000000 0.000000 0.000000] Bgs=[0.0015983 -0.0001151 0.0006879] tic0=
46867,104.544,[-0.0235,96,P=[-0.0235 0.0132 -0.0024] V=[-0.0662 0.0327 -0.0039] |Bas|=0.000000 |Bgs|=0.0017439 Bas=[0.000000 0.000000 0.000000] Bgs=[0.0015983 -0.0001151 0.0006879] tic0=
46981,104.644,[-0.0301,121,P=[-0.0301 0.0166 -0.0028] V=[-0.0662 0.0371 -0.0042] |Bas|=0.000000 |Bgs|=0.0017439 Bas=[0.000000 0.000000 0.000000] Bgs=[0.0015983 -0.0001151 0.0006879] tic0=
47064,104.744,[-0.0367,115,P=[-0.0367 0.0205 -0.0031] V=[-0.0648 0.0406 -0.0038] |Bas|=0.000000 |Bgs|=0.0017439 Bas=[0.000000 0.000000 0.000000] Bgs=[0.0015983 -0.0001151 0.0006879] tic0=
47152,104.848,[-0.0435,117,P=[-0.0435 0.0248 -0.0034] V=[-0.0650 0.0412 -0.0012] |Bas|=0.000000 |Bgs|=0.0017439 Bas=[0.000000 0.000000 0.000000] Bgs=[0.0015983 -0.0001151 0.0006879] tic0=
47237,104.944,[-0.0498,128,P=[-0.0498 0.0288 -0.0036] V=[-0.0659 0.0413 -0.0011] |Bas|=0.000000 |Bgs|=0.0017439 Bas=[0.000000 0.000000 0.000000] Bgs=[0.0015983 -0.0001151 0.0006879] tic0=
47317,105.048,[-0.0567,128,P=[-0.0567 0.0334 -0.0038] V=[-0.0663 0.0466 -0.0016] |Bas|=0.000000 |Bgs|=0.0017439 Bas=[0.000000 0.000000 0.000000] Bgs=[0.0015983 -0.0001151 0.0006879] tic0=
47403,105.144,[-0.0632,119,P=[-0.0632 0.0378 -0.0035] V=[-0.0687 0.0468 0.0084] |Bas|=0.000000 |Bgs|=0.0017439 Bas=[0.000000 0.000000 0.000000] Bgs=[0.0015983 -0.0001151 0.0006879] tic0=[
47494,105.244,[-0.0703,124,P=[-0.0703 0.0424 -0.0028] V=[-0.0729 0.0446 0.0073] |Bas|=0.000000 |Bgs|=0.0017439 Bas=[0.000000 0.000000 0.000000] Bgs=[0.0015983 -0.0001151 0.0006879] tic0=[
47585,105.344,[-0.0777,126,P=[-0.0777 0.0468 -0.0021] V=[-0.0732 0.0443 0.0067] |Bas|=0.000000 |Bgs|=0.0017439 Bas=[0.000000 0.000000 0.000000] Bgs=[0.0015983 -0.0001151 0.0006879] tic0=[
47677,105.444,[-0.0852,128,P=[-0.0852 0.0512 -0.0013] V=[-0.0766 0.0456 0.0085] |Bas|=0.000000 |Bgs|=0.0017439 Bas=[0.000000 0.000000 0.000000] Bgs=[0.0015983 -0.0001151 0.0006879] tic0=[
47770,105.544,[-0.0928,126,P=[-0.0928 0.0558 -0.0004] V=[-0.0764 0.0459 0.0093] |Bas|=0.000000 |Bgs|=0.0017439 Bas=[0.000000 0.000000 0.000000] Bgs=[0.0015983 -0.0001151 0.0006879] tic0=[
47873,105.644,[-0.1006,112,P=[-0.1006 0.0604 0.0004] V=[-0.0782 0.0462 0.0058] |Bas|=0.000000 |Bgs|=0.0017439 Bas=[0.000000 0.000000 0.000000] Bgs=[0.0015983 -0.0001151 0.0006879] tic0=[0
47978,105.744,[-0.1081,119,P=[-0.1081 0.0652 0.0008] V=[-0.0735 0.0487 0.0020] |Bas|=0.000000 |Bgs|=0.0017439 Bas=[0.000000 0.000000 0.000000] Bgs=[0.0015983 -0.0001151 0.0006879] tic0=[0
48353,106.944,[0.0019,123,P=[0.0019 0.0054 -0.0012] V=[0.0109 0.0476 -0.0122] |Bas|=0.000000 |Bgs|=0.0014424 Bas=[0.000000 0.000000 0.000000] Bgs=[0.0007646 -0.0003844 0.0011611] tic0=[0
48380,107.044,[0.0030,56,P=[0.0030 0.0101 -0.0025] V=[0.0100 0.0486 -0.0138] |Bas|=0.000000 |Bgs|=0.0014424 Bas=[0.000000 0.000000 0.000000] Bgs=[0.0007646 -0.0003844 0.0011611] tic0=[0
48524,107.144,[0.0037,106,P=[0.0037 0.0148 -0.0039] V=[0.0056 0.0461 -0.0142] |Bas|=0.000000 |Bgs|=0.0014424 Bas=[0.000000 0.000000 0.000000] Bgs=[0.0007646 -0.0003844 0.0011611] tic0=[0
48629,107.248,[0.0042,117,P=[0.0042 0.0197 -0.0054] V=[0.0052 0.0461 -0.0123] |Bas|=0.000000 |Bgs|=0.0014424 Bas=[0.000000 0.000000 0.000000] Bgs=[0.0007646 -0.0003844 0.0011611] tic0=[0
48717,107.344,[0.0046,131,P=[0.0046 0.0239 -0.0067] V=[0.0034 0.0428 -0.0132] |Bas|=0.000000 |Bgs|=0.0014424 Bas=[0.000000 0.000000 0.000000] Bgs=[0.0007646 -0.0003844 0.0011611] tic0=[0
48808,107.444,[0.0048,116,P=[0.0048 0.0281 -0.0078] V=[0.0008 0.0420 -0.0091] |Bas|=0.000000 |Bgs|=0.0014424 Bas=[0.000000 0.000000 0.000000] Bgs=[0.0007646 -0.0003844 0.0011611] tic0=[0
48903,107.548,[0.0046,124,P=[0.0046 0.0324 -0.0087] V=[-0.0020 0.0396 -0.0073] |Bas|=0.000000 |Bgs|=0.0014424 Bas=[0.000000 0.000000 0.000000] Bgs=[0.0007646 -0.0003844 0.0011611] tic0=[
48990,107.644,[0.0044,130,P=[0.0044 0.0361 -0.0092] V=[-0.0032 0.0381 -0.0042] |Bas|=0.000000 |Bgs|=0.0014424 Bas=[0.000000 0.000000 0.000000] Bgs=[0.0007646 -0.0003844 0.0011611] tic0=[
49069,107.744,[0.0040,122,P=[0.0040 0.0398 -0.0097] V=[-0.0021 0.0369 -0.0035] |Bas|=0.000000 |Bgs|=0.0014424 Bas=[0.000000 0.000000 0.000000] Bgs=[0.0007646 -0.0003844 0.0011611] tic0=[
49437,109.044,[0.0077,123,P=[0.0077 0.0049 -0.0002] V=[0.0786 0.0530 -0.0011] |Bas|=0.000000 |Bgs|=0.0026209 Bas=[0.000000 0.000000 0.000000] Bgs=[0.0019563 0.0011678 0.0012954] tic0=[0.
49470,109.144,[0.0160,67,P=[0.0160 0.0105 -0.0003] V=[0.0844 0.0603 -0.0022] |Bas|=0.000000 |Bgs|=0.0026209 Bas=[0.000000 0.000000 0.000000] Bgs=[0.0019563 0.0011678 0.0012954] tic0=[0.
49608,109.244,[0.0245,127,P=[0.0245 0.0170 -0.0004] V=[0.0841 0.0694 0.0012] |Bas|=0.000000 |Bgs|=0.0026209 Bas=[0.000000 0.000000 0.000000] Bgs=[0.0019563 0.0011678 0.0012954] tic0=[0.1
49685,109.344,[0.0329,124,P=[0.0329 0.0241 -0.0002] V=[0.0846 0.0715 0.0012] |Bas|=0.000000 |Bgs|=0.0026209 Bas=[0.000000 0.000000 0.000000] Bgs=[0.0019563 0.0011678 0.0012954] tic0=[0.1
49775,109.444,[0.0417,106,P=[0.0417 0.0314 -0.0002] V=[0.0902 0.0737 -0.0015] |Bas|=0.000000 |Bgs|=0.0026209 Bas=[0.000000 0.000000 0.000000] Bgs=[0.0019563 0.0011678 0.0012954] tic0=[0.
49884,109.544,[0.0509,127,P=[0.0509 0.0389 -0.0007] V=[0.0946 0.0773 -0.0064] |Bas|=0.000000 |Bgs|=0.0026209 Bas=[0.000000 0.000000 0.000000] Bgs=[0.0019563 0.0011678 0.0012954] tic0=[0.
49980,109.644,[0.0605,116,P=[0.0605 0.0470 -0.0013] V=[0.0991 0.0833 -0.0055] |Bas|=0.000000 |Bgs|=0.0026209 Bas=[0.000000 0.000000 0.000000] Bgs=[0.0019563 0.0011678 0.0012954] tic0=[0.
50384,110.944,[-0.0017,121,P=[-0.0017 0.0006 0.0002] V=[-0.0163 0.0077 0.0016] |Bas|=0.000000 |Bgs|=0.0019955 Bas=[0.000000 0.000000 0.000000] Bgs=[0.0017150 -0.0009025 -0.0004756] tic0=[
50408,111.044,[-0.0032,124,P=[-0.0032 0.0013 0.0003] V=[-0.0126 0.0053 0.0009] |Bas|=0.000000 |Bgs|=0.0019955 Bas=[0.000000 0.000000 0.000000] Bgs=[0.0017150 -0.0009025 -0.0004756] tic0=[
50435,111.176,[-0.0047,131,P=[-0.0047 0.0024 0.0005] V=[-0.0106 0.0106 0.0006] |Bas|=0.000000 |Bgs|=0.0019955 Bas=[0.000000 0.000000 0.000000] Bgs=[0.0017150 -0.0009025 -0.0004756] tic0=[
50451,111.308,[-0.0062,129,P=[-0.0062 0.0041 0.0007] V=[-0.0109 0.0158 0.0025] |Bas|=0.000000 |Bgs|=0.0019955 Bas=[0.000000 0.000000 0.000000] Bgs=[0.0017150 -0.0009025 -0.0004756] tic0=[
50472,111.38,[-0.0072,120,P=[-0.0072 0.0053 0.0010] V=[-0.0150 0.0157 0.0040] |Bas|=0.000000 |Bgs|=0.0019955 Bas=[0.000000 0.000000 0.000000] Bgs=[0.0017150 -0.0009025 -0.0004756] tic0=[
50497,111.508,[-0.0090,118,P=[-0.0090 0.0073 0.0016] V=[-0.0129 0.0182 0.0054] |Bas|=0.000000 |Bgs|=0.0019955 Bas=[0.000000 0.000000 0.000000] Bgs=[0.0017150 -0.0009025 -0.0004756] tic0=[
50525,111.608,[-0.0104,123,P=[-0.0104 0.0092 0.0020] V=[-0.0157 0.0202 0.0039] |Bas|=0.000000 |Bgs|=0.0019955 Bas=[0.000000 0.000000 0.000000] Bgs=[0.0017150 -0.0009025 -0.0004756] tic0=[
50549,111.708,[-0.0120,129,P=[-0.0120 0.0114 0.0024] V=[-0.0151 0.0249 0.0046] |Bas|=0.000000 |Bgs|=0.0019955 Bas=[0.000000 0.000000 0.000000] Bgs=[0.0017150 -0.0009025 -0.0004756] tic0=[
50579,111.808,[-0.0136,118,P=[-0.0136 0.0138 0.0027] V=[-0.0159 0.0234 0.0030] |Bas|=0.000000 |Bgs|=0.0019955 Bas=[0.000000 0.000000 0.000000] Bgs=[0.0017150 -0.0009025 -0.0004756] tic0=[
50610,111.908,[-0.0151,129,P=[-0.0151 0.0162 0.0030] V=[-0.0147 0.0256 0.0034] |Bas|=0.000000 |Bgs|=0.0019955 Bas=[0.000000 0.000000 0.000000] Bgs=[0.0017150 -0.0009025 -0.0004756] tic0=[
50636,112.008,[-0.0167,120,P=[-0.0167 0.0189 0.0033] V=[-0.0152 0.0271 0.0037] |Bas|=0.000000 |Bgs|=0.0019955 Bas=[0.000000 0.000000 0.000000] Bgs=[0.0017150 -0.0009025 -0.0004756] tic0=[
50667,112.108,[-0.0182,125,P=[-0.0182 0.0216 0.0038] V=[-0.0154 0.0265 0.0067] |Bas|=0.000000 |Bgs|=0.0019955 Bas=[0.000000 0.000000 0.000000] Bgs=[0.0017150 -0.0009025 -0.0004756] tic0=[
50688,112.208,[-0.0199,122,P=[-0.0199 0.0242 0.0043] V=[-0.0187 0.0276 0.0038] |Bas|=0.000000 |Bgs|=0.0019955 Bas=[0.000000 0.000000 0.000000] Bgs=[0.0017150 -0.0009025 -0.0004756] tic0=[
50719,112.308,[-0.0216,126,P=[-0.0216 0.0273 0.0047] V=[-0.0158 0.0332 0.0046] |Bas|=0.000000 |Bgs|=0.0019955 Bas=[0.000000 0.000000 0.000000] Bgs=[0.0017150 -0.0009025 -0.0004756] tic0=[
50800,112.408,[-0.0230,129,P=[-0.0230 0.0307 0.0053] V=[-0.0126 0.0345 0.0076] |Bas|=0.000000 |Bgs|=0.0019955 Bas=[0.000000 0.000000 0.000000] Bgs=[0.0017150 -0.0009025 -0.0004756] tic0=[
50884,112.508,[-0.0244,125,P=[-0.0244 0.0343 0.0061] V=[-0.0166 0.0365 0.0075] |Bas|=0.000000 |Bgs|=0.0019955 Bas=[0.000000 0.000000 0.000000] Bgs=[0.0017150 -0.0009025 -0.0004756] tic0=[
50966,112.58,[-0.0256,131,P=[-0.0256 0.0369 0.0066] V=[-0.0158 0.0377 0.0058] |Bas|=0.000000 |Bgs|=0.0019955 Bas=[0.000000 0.000000 0.000000] Bgs=[0.0017150 -0.0009025 -0.0004756] tic0=[
51052,112.712,[-0.0273,108,P=[-0.0273 0.0424 0.0071] V=[-0.0126 0.0456 0.0055] |Bas|=0.000000 |Bgs|=0.0019955 Bas=[0.000000 0.000000 0.000000] Bgs=[0.0017150 -0.0009025 -0.0004756] tic0=[
51148,112.844,[-0.0290,119,P=[-0.0290 0.0487 0.0079] V=[-0.0129 0.0487 0.0037] |Bas|=0.000000 |Bgs|=0.0019955 Bas=[0.000000 0.000000 0.000000] Bgs=[0.0017150 -0.0009025 -0.0004756] tic0=[
51239,112.944,[-0.0303,120,P=[-0.0303 0.0536 0.0083] V=[-0.0112 0.0504 0.0050] |Bas|=0.000000 |Bgs|=0.0019955 Bas=[0.000000 0.000000 0.000000] Bgs=[0.0017150 -0.0009025 -0.0004756] tic0=[
51325,113.044,[-0.0312,126,P=[-0.0312 0.0586 0.0088] V=[-0.0075 0.0501 0.0047] |Bas|=0.000000 |Bgs|=0.0019955 Bas=[0.000000 0.000000 0.000000] Bgs=[0.0017150 -0.0009025 -0.0004756] tic0=[
51407,113.144,[-0.0321,129,P=[-0.0321 0.0640 0.0092] V=[-0.0078 0.0573 0.0055] |Bas|=0.000000 |Bgs|=0.0019955 Bas=[0.000000 0.000000 0.000000] Bgs=[0.0017150 -0.0009025 -0.0004756] tic0=[
51486,113.276,[-0.0329,120,P=[-0.0329 0.0717 0.0098] V=[-0.0049 0.0603 0.0030] |Bas|=0.000000 |Bgs|=0.0019955 Bas=[0.000000 0.000000 0.000000] Bgs=[0.0017150 -0.0009025 -0.0004756] tic0=[
51572,113.408,[-0.0335,122,P=[-0.0335 0.0798 0.0099] V=[-0.0053 0.0623 0.0012] |Bas|=0.000000 |Bgs|=0.0019955 Bas=[0.000000 0.000000 0.000000] Bgs=[0.0017150 -0.0009025 -0.0004756] tic0=[
51659,113.508,[-0.0341,120,P=[-0.0341 0.0862 0.0101] V=[-0.0064 0.0646 0.0007] |Bas|=0.000000 |Bgs|=0.0019955 Bas=[0.000000 0.000000 0.000000] Bgs=[0.0017150 -0.0009025 -0.0004756] tic0=[
51746,113.588,[-0.0344,119,P=[-0.0344 0.0915 0.0100] V=[-0.0045 0.0672 -0.0019] |Bas|=0.000000 |Bgs|=0.0019955 Bas=[0.000000 0.000000 0.000000] Bgs=[0.0017150 -0.0009025 -0.0004756] tic0=
51839,113.688,[-0.0349,123,P=[-0.0349 0.0981 0.0099] V=[-0.0056 0.0676 -0.0022] |Bas|=0.000000 |Bgs|=0.0019955 Bas=[0.000000 0.000000 0.000000] Bgs=[0.0017150 -0.0009025 -0.0004756] tic0=
51921,113.788,[-0.0352,119,P=[-0.0352 0.1049 0.0097] V=[-0.0023 0.0687 -0.0026] |Bas|=0.000000 |Bgs|=0.0019955 Bas=[0.000000 0.000000 0.000000] Bgs=[0.0017150 -0.0009025 -0.0004756] tic0=
52023,113.888,[-0.0355,107,P=[-0.0355 0.1118 0.0092] V=[-0.0026 0.0715 -0.0049] |Bas|=0.000000 |Bgs|=0.0019955 Bas=[0.000000 0.000000 0.000000] Bgs=[0.0017150 -0.0009025 -0.0004756] tic0=
52118,113.988,[-0.0357,120,P=[-0.0357 0.1191 0.0084] V=[-0.0031 0.0731 -0.0118] |Bas|=0.000000 |Bgs|=0.0019955 Bas=[0.000000 0.000000 0.000000] Bgs=[0.0017150 -0.0009025 -0.0004756] tic0=
52215,114.12,[-0.0360,126,P=[-0.0360 0.1288 0.0068] V=[0.0004 0.0752 -0.0135] |Bas|=0.000000 |Bgs|=0.0019955 Bas=[0.000000 0.000000 0.000000] Bgs=[0.0017150 -0.0009025 -0.0004756] tic0=[
52302,114.252,[-0.0359,120,P=[-0.0359 0.1389 0.0049] V=[0.0031 0.0776 -0.0141] |Bas|=0.000000 |Bgs|=0.0019955 Bas=[0.000000 0.000000 0.000000] Bgs=[0.0017150 -0.0009025 -0.0004756] tic0=[
52394,114.352,[-0.0355,125,P=[-0.0355 0.1469 0.0036] V=[0.0048 0.0835 -0.0122] |Bas|=0.000000 |Bgs|=0.0019955 Bas=[0.000000 0.000000 0.000000] Bgs=[0.0017150 -0.0009025 -0.0004756] tic0=[
52476,114.424,[-0.0351,116,P=[-0.0351 0.1531 0.0028] V=[0.0041 0.0881 -0.0106] |Bas|=0.000000 |Bgs|=0.0019955 Bas=[0.000000 0.000000 0.000000] Bgs=[0.0017150 -0.0009025 -0.0004756] tic0=[
52564,114.552,[-0.0345,127,P=[-0.0345 0.1647 0.0014] V=[0.0079 0.0956 -0.0128] |Bas|=0.000000 |Bgs|=0.0019955 Bas=[0.000000 0.000000 0.000000] Bgs=[0.0017150 -0.0009025 -0.0004756] tic0=[
52657,114.652,[-0.0334,109,P=[-0.0334 0.1743 0.0003] V=[0.0137 0.0980 -0.0098] |Bas|=0.000000 |Bgs|=0.0019955 Bas=[0.000000 0.000000 0.000000] Bgs=[0.0017150 -0.0009025 -0.0004756] tic0=[
52752,114.752,[-0.0317,122,P=[-0.0317 0.1842 -0.0008] V=[0.0185 0.1012 -0.0106] |Bas|=0.000000 |Bgs|=0.0019955 Bas=[0.000000 0.000000 0.000000] Bgs=[0.0017150 -0.0009025 -0.0004756] tic0=
53125,115.988,[-0.0016,131,P=[-0.0016 0.0051 -0.0006] V=[-0.0190 0.0549 -0.0050] |Bas|=0.000000 |Bgs|=0.0021710 Bas=[0.000000 0.000000 0.000000] Bgs=[-0.0015188 0.0013244 0.0008077] tic0=
53151,116.088,[-0.0036,114,P=[-0.0036 0.0106 -0.0009] V=[-0.0198 0.0571 -0.0014] |Bas|=0.000000 |Bgs|=0.0021710 Bas=[0.000000 0.000000 0.000000] Bgs=[-0.0015188 0.0013244 0.0008077] tic0=
53184,116.192,[-0.0056,127,P=[-0.0056 0.0169 -0.0009] V=[-0.0179 0.0631 -0.0002] |Bas|=0.000000 |Bgs|=0.0021710 Bas=[0.000000 0.000000 0.000000] Bgs=[-0.0015188 0.0013244 0.0008077] tic0=
53214,116.288,[-0.0073,130,P=[-0.0073 0.0230 -0.0009] V=[-0.0185 0.0645 -0.0018] |Bas|=0.000000 |Bgs|=0.0021710 Bas=[0.000000 0.000000 0.000000] Bgs=[-0.0015188 0.0013244 0.0008077] tic0=
53240,116.388,[-0.0094,117,P=[-0.0094 0.0296 -0.0012] V=[-0.0215 0.0675 -0.0048] |Bas|=0.000000 |Bgs|=0.0021710 Bas=[0.000000 0.000000 0.000000] Bgs=[-0.0015188 0.0013244 0.0008077] tic0=
53269,116.488,[-0.0118,118,P=[-0.0118 0.0366 -0.0018] V=[-0.0281 0.0728 -0.0071] |Bas|=0.000000 |Bgs|=0.0021710 Bas=[0.000000 0.000000 0.000000] Bgs=[-0.0015188 0.0013244 0.0008077] tic0=
53300,116.588,[-0.0147,113,P=[-0.0147 0.0442 -0.0026] V=[-0.0294 0.0798 -0.0103] |Bas|=0.000000 |Bgs|=0.0021710 Bas=[0.000000 0.000000 0.000000] Bgs=[-0.0015188 0.0013244 0.0008077] tic0=
53398,116.696,[-0.0181,122,P=[-0.0181 0.0531 -0.0036] V=[-0.0314 0.0826 -0.0067] |Bas|=0.000000 |Bgs|=0.0021710 Bas=[0.000000 0.000000 0.000000] Bgs=[-0.0015188 0.0013244 0.0008077] tic0=
53480,116.796,[-0.0214,129,P=[-0.0214 0.0614 -0.0040] V=[-0.0342 0.0849 -0.0046] |Bas|=0.000000 |Bgs|=0.0021710 Bas=[0.000000 0.000000 0.000000] Bgs=[-0.0015188 0.0013244 0.0008077] tic0=
53578,116.896,[-0.0253,115,P=[-0.0253 0.0699 -0.0046] V=[-0.0417 0.0865 -0.0064] |Bas|=0.000000 |Bgs|=0.0021710 Bas=[0.000000 0.000000 0.000000] Bgs=[-0.0015188 0.0013244 0.0008077] tic0=
53665,117.028,[-0.0310,129,P=[-0.0310 0.0816 -0.0056] V=[-0.0468 0.0914 -0.0069] |Bas|=0.000000 |Bgs|=0.0021710 Bas=[0.000000 0.000000 0.000000] Bgs=[-0.0015188 0.0013244 0.0008077] tic0=
53743,117.16,[-0.0375,125,P=[-0.0375 0.0941 -0.0065] V=[-0.0516 0.0967 -0.0083] |Bas|=0.000000 |Bgs|=0.0021710 Bas=[0.000000 0.000000 0.000000] Bgs=[-0.0015188 0.0013244 0.0008077] tic0=
54102,118.396,[0.0002,127,P=[0.0002 0.0007 -0.0001] V=[-0.0006 0.0078 0.0025] |Bas|=0.000000 |Bgs|=0.0005636 Bas=[0.000000 0.000000 0.000000] Bgs=[0.0004412 0.0003488 0.0000354] tic0=[0.
54131,118.496,[0.0001,107,P=[0.0001 0.0017 -0.0001] V=[-0.0024 0.0115 0.0029] |Bas|=0.000000 |Bgs|=0.0005636 Bas=[0.000000 0.000000 0.000000] Bgs=[0.0004412 0.0003488 0.0000354] tic0=[0.
54165,118.596,[-0.0003,126,P=[-0.0003 0.0030 0.0001] V=[-0.0041 0.0163 0.0012] |Bas|=0.000000 |Bgs|=0.0005636 Bas=[0.000000 0.000000 0.000000] Bgs=[0.0004412 0.0003488 0.0000354] tic0=[0.
54187,118.696,[-0.0008,121,P=[-0.0008 0.0048 0.0001] V=[-0.0033 0.0187 -0.0000] |Bas|=0.000000 |Bgs|=0.0005636 Bas=[0.000000 0.000000 0.000000] Bgs=[0.0004412 0.0003488 0.0000354] tic0=[0
54218,118.796,[-0.0011,123,P=[-0.0011 0.0068 0.0001] V=[-0.0025 0.0200 0.0006] |Bas|=0.000000 |Bgs|=0.0005636 Bas=[0.000000 0.000000 0.000000] Bgs=[0.0004412 0.0003488 0.0000354] tic0=[0.
54241,118.896,[-0.0014,120,P=[-0.0014 0.0088 0.0002] V=[-0.0038 0.0205 0.0017] |Bas|=0.000000 |Bgs|=0.0005636 Bas=[0.000000 0.000000 0.000000] Bgs=[0.0004412 0.0003488 0.0000354] tic0=[0.
54267,119.028,[-0.0023,128,P=[-0.0023 0.0116 0.0004] V=[-0.0086 0.0214 -0.0002] |Bas|=0.000000 |Bgs|=0.0005636 Bas=[0.000000 0.000000 0.000000] Bgs=[0.0004412 0.0003488 0.0000354] tic0=[0
54284,119.16,[-0.0033,125,P=[-0.0033 0.0141 0.0007] V=[-0.0068 0.0179 0.0033] |Bas|=0.000000 |Bgs|=0.0005636 Bas=[0.000000 0.000000 0.000000] Bgs=[0.0004412 0.0003488 0.0000354] tic0=[0.
54309,119.26,[-0.0040,118,P=[-0.0040 0.0161 0.0011] V=[-0.0082 0.0198 0.0036] |Bas|=0.000000 |Bgs|=0.0005636 Bas=[0.000000 0.000000 0.000000] Bgs=[0.0004412 0.0003488 0.0000354] tic0=[0.
54342,119.368,[-0.0053,126,P=[-0.0053 0.0183 0.0018] V=[-0.0149 0.0218 0.0058] |Bas|=0.000000 |Bgs|=0.0005636 Bas=[0.000000 0.000000 0.000000] Bgs=[0.0004412 0.0003488 0.0000354] tic0=[0.
54366,119.444,[-0.0064,128,P=[-0.0064 0.0200 0.0022] V=[-0.0144 0.0233 0.0037] |Bas|=0.000000 |Bgs|=0.0005636 Bas=[0.000000 0.000000 0.000000] Bgs=[0.0004412 0.0003488 0.0000354] tic0=[0.
54390,119.544,[-0.0078,126,P=[-0.0078 0.0224 0.0027] V=[-0.0159 0.0251 0.0068] |Bas|=0.000000 |Bgs|=0.0005636 Bas=[0.000000 0.000000 0.000000] Bgs=[0.0004412 0.0003488 0.0000354] tic0=[0.
54470,119.644,[-0.0095,130,P=[-0.0095 0.0252 0.0036] V=[-0.0173 0.0303 0.0112] |Bas|=0.000000 |Bgs|=0.0005636 Bas=[0.000000 0.000000 0.000000] Bgs=[0.0004412 0.0003488 0.0000354] tic0=[0.
54553,119.744,[-0.0114,120,P=[-0.0114 0.0285 0.0049] V=[-0.0187 0.0344 0.0137] |Bas|=0.000000 |Bgs|=0.0005636 Bas=[0.000000 0.000000 0.000000] Bgs=[0.0004412 0.0003488 0.0000354] tic0=[0.
54642,119.844,[-0.0133,110,P=[-0.0133 0.0320 0.0060] V=[-0.0203 0.0345 0.0092] |Bas|=0.000000 |Bgs|=0.0005636 Bas=[0.000000 0.000000 0.000000] Bgs=[0.0004412 0.0003488 0.0000354] tic0=[0.
54738,119.944,[-0.0155,126,P=[-0.0155 0.0355 0.0068] V=[-0.0225 0.0371 0.0078] |Bas|=0.000000 |Bgs|=0.0005636 Bas=[0.000000 0.000000 0.000000] Bgs=[0.0004412 0.0003488 0.0000354] tic0=[0.
54819,120.044,[-0.0181,127,P=[-0.0181 0.0393 0.0076] V=[-0.0276 0.0404 0.0057] |Bas|=0.000000 |Bgs|=0.0005636 Bas=[0.000000 0.000000 0.000000] Bgs=[0.0004412 0.0003488 0.0000354] tic0=[0.
54907,120.148,[-0.0209,129,P=[-0.0209 0.0436 0.0080] V=[-0.0276 0.0434 0.0015] |Bas|=0.000000 |Bgs|=0.0005636 Bas=[0.000000 0.000000 0.000000] Bgs=[0.0004412 0.0003488 0.0000354] tic0=[0.
55283,121.344,[0.0021,125,P=[0.0021 0.0008 0.0002] V=[0.0236 0.0077 0.0014] |Bas|=0.000000 |Bgs|=0.0004200 Bas=[0.000000 0.000000 0.000000] Bgs=[0.0003811 -0.0001381 0.0001100] tic0=[0.1
55307,121.444,[0.0044,125,P=[0.0044 0.0016 0.0003] V=[0.0238 0.0096 0.0012] |Bas|=0.000000 |Bgs|=0.0004200 Bas=[0.000000 0.000000 0.000000] Bgs=[0.0003811 -0.0001381 0.0001100] tic0=[0.1
55330,121.544,[0.0067,126,P=[0.0067 0.0026 0.0004] V=[0.0233 0.0098 0.0008] |Bas|=0.000000 |Bgs|=0.0004200 Bas=[0.000000 0.000000 0.000000] Bgs=[0.0003811 -0.0001381 0.0001100] tic0=[0.1
55353,121.648,[0.0092,123,P=[0.0092 0.0038 0.0006] V=[0.0262 0.0138 0.0030] |Bas|=0.000000 |Bgs|=0.0004200 Bas=[0.000000 0.000000 0.000000] Bgs=[0.0003811 -0.0001381 0.0001100] tic0=[0.1
55380,121.744,[0.0117,127,P=[0.0117 0.0052 0.0011] V=[0.0267 0.0145 0.0067] |Bas|=0.000000 |Bgs|=0.0004200 Bas=[0.000000 0.000000 0.000000] Bgs=[0.0003811 -0.0001381 0.0001100] tic0=[0.1
55403,121.844,[0.0143,134,P=[0.0143 0.0068 0.0015] V=[0.0266 0.0163 0.0052] |Bas|=0.000000 |Bgs|=0.0004200 Bas=[0.000000 0.000000 0.000000] Bgs=[0.0003811 -0.0001381 0.0001100] tic0=[0.1
55419,121.944,[0.0171,127,P=[0.0171 0.0085 0.0020] V=[0.0304 0.0168 0.0048] |Bas|=0.000000 |Bgs|=0.0004200 Bas=[0.000000 0.000000 0.000000] Bgs=[0.0003811 -0.0001381 0.0001100] tic0=[0.1
55449,122.044,[0.0202,121,P=[0.0202 0.0103 0.0025] V=[0.0295 0.0178 0.0040] |Bas|=0.000000 |Bgs|=0.0004200 Bas=[0.000000 0.000000 0.000000] Bgs=[0.0003811 -0.0001381 0.0001100] tic0=[0.1
55475,122.148,[0.0234,126,P=[0.0234 0.0123 0.0028] V=[0.0301 0.0175 0.0012] |Bas|=0.000000 |Bgs|=0.0004200 Bas=[0.000000 0.000000 0.000000] Bgs=[0.0003811 -0.0001381 0.0001100] tic0=[0.1
55499,122.244,[0.0263,124,P=[0.0263 0.0139 0.0029] V=[0.0308 0.0146 0.0008] |Bas|=0.000000 |Bgs|=0.0004200 Bas=[0.000000 0.000000 0.000000] Bgs=[0.0003811 -0.0001381 0.0001100] tic0=[0.1
55527,122.344,[0.0293,129,P=[0.0293 0.0155 0.0031] V=[0.0297 0.0170 0.0019] |Bas|=0.000000 |Bgs|=0.0004200 Bas=[0.000000 0.000000 0.000000] Bgs=[0.0003811 -0.0001381 0.0001100] tic0=[0.1
55606,122.444,[0.0323,124,P=[0.0323 0.0173 0.0032] V=[0.0291 0.0185 -0.0004] |Bas|=0.000000 |Bgs|=0.0004200 Bas=[0.000000 0.000000 0.000000] Bgs=[0.0003811 -0.0001381 0.0001100] tic0=[0.
55689,122.544,[0.0353,113,P=[0.0353 0.0191 0.0032] V=[0.0299 0.0177 -0.0002] |Bas|=0.000000 |Bgs|=0.0004200 Bas=[0.000000 0.000000 0.000000] Bgs=[0.0003811 -0.0001381 0.0001100] tic0=[0.
55788,122.644,[0.0384,109,P=[0.0384 0.0211 0.0033] V=[0.0320 0.0239 0.0006] |Bas|=0.000000 |Bgs|=0.0004200 Bas=[0.000000 0.000000 0.000000] Bgs=[0.0003811 -0.0001381 0.0001100] tic0=[0.1
55888,122.744,[0.0418,125,P=[0.0418 0.0239 0.0032] V=[0.0361 0.0301 -0.0021] |Bas|=0.000000 |Bgs|=0.0004200 Bas=[0.000000 0.000000 0.000000] Bgs=[0.0003811 -0.0001381 0.0001100] tic0=[0.
55979,122.844,[0.0454,134,P=[0.0454 0.0268 0.0029] V=[0.0367 0.0289 -0.0045] |Bas|=0.000000 |Bgs|=0.0004200 Bas=[0.000000 0.000000 0.000000] Bgs=[0.0003811 -0.0001381 0.0001100] tic0=[0.
56060,122.944,[0.0493,129,P=[0.0493 0.0300 0.0024] V=[0.0396 0.0317 -0.0040] |Bas|=0.000000 |Bgs|=0.0004200 Bas=[0.000000 0.000000 0.000000] Bgs=[0.0003811 -0.0001381 0.0001100] tic0=[0.
56427,124.144,[0.0007,132,P=[0.0007 0.0031 0.0000] V=[0.0103 0.0315 -0.0045] |Bas|=0.000000 |Bgs|=0.0026946 Bas=[0.000000 0.000000 0.000000] Bgs=[0.0021216 -0.0000520 0.0016604] tic0=[0.
56446,124.244,[0.0021,119,P=[0.0021 0.0063 -0.0005] V=[0.0177 0.0343 -0.0048] |Bas|=0.000000 |Bgs|=0.0026946 Bas=[0.000000 0.000000 0.000000] Bgs=[0.0021216 -0.0000520 0.0016604] tic0=[0
56473,124.344,[0.0038,118,P=[0.0038 0.0099 -0.0012] V=[0.0166 0.0348 -0.0084] |Bas|=0.000000 |Bgs|=0.0026946 Bas=[0.000000 0.000000 0.000000] Bgs=[0.0021216 -0.0000520 0.0016604] tic0=[0
56504,124.444,[0.0055,108,P=[0.0055 0.0133 -0.0023] V=[0.0187 0.0353 -0.0128] |Bas|=0.000000 |Bgs|=0.0026946 Bas=[0.000000 0.000000 0.000000] Bgs=[0.0021216 -0.0000520 0.0016604] tic0=[0
56546,124.544,[0.0074,115,P=[0.0074 0.0169 -0.0037] V=[0.0188 0.0379 -0.0151] |Bas|=0.000000 |Bgs|=0.0026946 Bas=[0.000000 0.000000 0.000000] Bgs=[0.0021216 -0.0000520 0.0016604] tic0=[0
56583,124.644,[0.0094,122,P=[0.0094 0.0209 -0.0051] V=[0.0203 0.0426 -0.0150] |Bas|=0.000000 |Bgs|=0.0026946 Bas=[0.000000 0.000000 0.000000] Bgs=[0.0021216 -0.0000520 0.0016604] tic0=[0
56613,124.744,[0.0115,126,P=[0.0115 0.0253 -0.0066] V=[0.0239 0.0487 -0.0140] |Bas|=0.000000 |Bgs|=0.0026946 Bas=[0.000000 0.000000 0.000000] Bgs=[0.0021216 -0.0000520 0.0016604] tic0=[0
56697,124.844,[0.0140,132,P=[0.0140 0.0305 -0.0079] V=[0.0255 0.0557 -0.0121] |Bas|=0.000000 |Bgs|=0.0026946 Bas=[0.000000 0.000000 0.000000] Bgs=[0.0021216 -0.0000520 0.0016604] tic0=[0
56782,124.944,[0.0167,125,P=[0.0167 0.0363 -0.0093] V=[0.0298 0.0595 -0.0148] |Bas|=0.000000 |Bgs|=0.0026946 Bas=[0.000000 0.000000 0.000000] Bgs=[0.0021216 -0.0000520 0.0016604] tic0=[0
56872,125.044,[0.0200,114,P=[0.0200 0.0425 -0.0108] V=[0.0346 0.0642 -0.0152] |Bas|=0.000000 |Bgs|=0.0026946 Bas=[0.000000 0.000000 0.000000] Bgs=[0.0021216 -0.0000520 0.0016604] tic0=[0
56970,125.144,[0.0236,128,P=[0.0236 0.0492 -0.0123] V=[0.0376 0.0666 -0.0137] |Bas|=0.000000 |Bgs|=0.0026946 Bas=[0.000000 0.000000 0.000000] Bgs=[0.0021216 -0.0000520 0.0016604] tic0=[0
57056,125.248,[0.0275,121,P=[0.0275 0.0566 -0.0142] V=[0.0383 0.0760 -0.0214] |Bas|=0.000000 |Bgs|=0.0026946 Bas=[0.000000 0.000000 0.000000] Bgs=[0.0021216 -0.0000520 0.0016604] tic0=[0
57152,125.344,[0.0313,128,P=[0.0313 0.0641 -0.0162] V=[0.0397 0.0797 -0.0209] |Bas|=0.000000 |Bgs|=0.0026946 Bas=[0.000000 0.000000 0.000000] Bgs=[0.0021216 -0.0000520 0.0016604] tic0=[0
57238,125.444,[0.0354,131,P=[0.0354 0.0725 -0.0184] V=[0.0442 0.0873 -0.0230] |Bas|=0.000000 |Bgs|=0.0026946 Bas=[0.000000 0.000000 0.000000] Bgs=[0.0021216 -0.0000520 0.0016604] tic0=[0
57318,125.544,[0.0404,129,P=[0.0404 0.0816 -0.0210] V=[0.0538 0.0948 -0.0276] |Bas|=0.000000 |Bgs|=0.0026946 Bas=[0.000000 0.000000 0.000000] Bgs=[0.0021216 -0.0000520 0.0016604] tic0=[0
57409,125.644,[0.0458,120,P=[0.0458 0.0915 -0.0239] V=[0.0544 0.1037 -0.0297] |Bas|=0.000000 |Bgs|=0.0026946 Bas=[0.000000 0.000000 0.000000] Bgs=[0.0021216 -0.0000520 0.0016604] tic0=[0
57500,125.744,[0.0515,124,P=[0.0515 0.1022 -0.0269] V=[0.0605 0.1085 -0.0315] |Bas|=0.000000 |Bgs|=0.0026946 Bas=[0.000000 0.000000 0.000000] Bgs=[0.0021216 -0.0000520 0.0016604] tic0=[0
57866,126.944,[0.0002,131,P=[0.0002 -0.0043 0.0002] V=[0.0023 -0.0466 0.0025] |Bas|=0.000000 |Bgs|=0.0015442 Bas=[0.000000 0.000000 0.000000] Bgs=[0.0006401 0.0009045 -0.0010755] tic0=[0
57886,127.048,[0.0006,113,P=[0.0006 -0.0095 0.0004] V=[0.0066 -0.0526 0.0013] |Bas|=0.000000 |Bgs|=0.0015442 Bas=[0.000000 0.000000 0.000000] Bgs=[0.0006401 0.0009045 -0.0010755] tic0=[0
57916,127.144,[0.0014,103,P=[0.0014 -0.0147 0.0006] V=[0.0111 -0.0550 0.0012] |Bas|=0.000000 |Bgs|=0.0015442 Bas=[0.000000 0.000000 0.000000] Bgs=[0.0006401 0.0009045 -0.0010755] tic0=[0
57962,127.244,[0.0023,106,P=[0.0023 -0.0203 0.0007] V=[0.0067 -0.0585 -0.0006] |Bas|=0.000000 |Bgs|=0.0015442 Bas=[0.000000 0.000000 0.000000] Bgs=[0.0006401 0.0009045 -0.0010755] tic0=[
58007,127.344,[0.0029,124,P=[0.0029 -0.0262 0.0007] V=[0.0056 -0.0599 -0.0007] |Bas|=0.000000 |Bgs|=0.0015442 Bas=[0.000000 0.000000 0.000000] Bgs=[0.0006401 0.0009045 -0.0010755] tic0=[
58089,127.444,[0.0035,121,P=[0.0035 -0.0325 0.0006] V=[0.0082 -0.0645 0.0005] |Bas|=0.000000 |Bgs|=0.0015442 Bas=[0.000000 0.000000 0.000000] Bgs=[0.0006401 0.0009045 -0.0010755] tic0=[0
58178,127.548,[0.0044,118,P=[0.0044 -0.0394 0.0004] V=[0.0097 -0.0686 -0.0033] |Bas|=0.000000 |Bgs|=0.0015442 Bas=[0.000000 0.000000 0.000000] Bgs=[0.0006401 0.0009045 -0.0010755] tic0=[
58278,127.644,[0.0052,118,P=[0.0052 -0.0462 0.0002] V=[0.0080 -0.0740 -0.0015] |Bas|=0.000000 |Bgs|=0.0015442 Bas=[0.000000 0.000000 0.000000] Bgs=[0.0006401 0.0009045 -0.0010755] tic0=[
58366,127.744,[0.0060,129,P=[0.0060 -0.0535 0.0001] V=[0.0078 -0.0724 -0.0007] |Bas|=0.000000 |Bgs|=0.0015442 Bas=[0.000000 0.000000 0.000000] Bgs=[0.0006401 0.0009045 -0.0010755] tic0=[
58449,127.844,[0.0068,132,P=[0.0068 -0.0609 0.0000] V=[0.0061 -0.0745 -0.0006] |Bas|=0.000000 |Bgs|=0.0015442 Bas=[0.000000 0.000000 0.000000] Bgs=[0.0006401 0.0009045 -0.0010755] tic0=[
58534,127.944,[0.0074,125,P=[0.0074 -0.0686 -0.0001] V=[0.0067 -0.0788 -0.0023] |Bas|=0.000000 |Bgs|=0.0015442 Bas=[0.000000 0.000000 0.000000] Bgs=[0.0006401 0.0009045 -0.0010755] tic0=
58630,128.044,[0.0080,117,P=[0.0080 -0.0767 -0.0004] V=[0.0049 -0.0847 -0.0027] |Bas|=0.000000 |Bgs|=0.0015442 Bas=[0.000000 0.000000 0.000000] Bgs=[0.0006401 0.0009045 -0.0010755] tic0=
58721,128.144,[0.0084,119,P=[0.0084 -0.0854 -0.0005] V=[0.0034 -0.0904 -0.0010] |Bas|=0.000000 |Bgs|=0.0015442 Bas=[0.000000 0.000000 0.000000] Bgs=[0.0006401 0.0009045 -0.0010755] tic0=
59096,129.344,[0.0030,130,P=[0.0030 0.0033 -0.0007] V=[0.0334 0.0327 -0.0066] |Bas|=0.000000 |Bgs|=0.0010273 Bas=[0.000000 0.000000 0.000000] Bgs=[-0.0007670 0.0006489 -0.0002145] tic0=[
59121,129.444,[0.0065,114,P=[0.0065 0.0070 -0.0015] V=[0.0368 0.0399 -0.0105] |Bas|=0.000000 |Bgs|=0.0010273 Bas=[0.000000 0.000000 0.000000] Bgs=[-0.0007670 0.0006489 -0.0002145] tic0=[
59151,129.544,[0.0103,128,P=[0.0103 0.0113 -0.0026] V=[0.0401 0.0479 -0.0121] |Bas|=0.000000 |Bgs|=0.0010273 Bas=[0.000000 0.000000 0.000000] Bgs=[-0.0007670 0.0006489 -0.0002145] tic0=[
59172,129.644,[0.0145,118,P=[0.0145 0.0164 -0.0038] V=[0.0413 0.0512 -0.0126] |Bas|=0.000000 |Bgs|=0.0010273 Bas=[0.000000 0.000000 0.000000] Bgs=[-0.0007670 0.0006489 -0.0002145] tic0=[
59200,129.744,[0.0187,121,P=[0.0187 0.0217 -0.0050] V=[0.0431 0.0569 -0.0114] |Bas|=0.000000 |Bgs|=0.0010273 Bas=[0.000000 0.000000 0.000000] Bgs=[-0.0007670 0.0006489 -0.0002145] tic0=[
59231,129.844,[0.0231,112,P=[0.0231 0.0275 -0.0060] V=[0.0453 0.0589 -0.0096] |Bas|=0.000000 |Bgs|=0.0010273 Bas=[0.000000 0.000000 0.000000] Bgs=[-0.0007670 0.0006489 -0.0002145] tic0=[
59270,129.944,[0.0281,121,P=[0.0281 0.0336 -0.0072] V=[0.0523 0.0607 -0.0133] |Bas|=0.000000 |Bgs|=0.0010273 Bas=[0.000000 0.000000 0.000000] Bgs=[-0.0007670 0.0006489 -0.0002145] tic0=[
59359,130.044,[0.0335,115,P=[0.0335 0.0398 -0.0085] V=[0.0552 0.0636 -0.0136] |Bas|=0.000000 |Bgs|=0.0010273 Bas=[0.000000 0.000000 0.000000] Bgs=[-0.0007670 0.0006489 -0.0002145] tic0=[
59454,130.144,[0.0391,118,P=[0.0391 0.0463 -0.0097] V=[0.0566 0.0641 -0.0123] |Bas|=0.000000 |Bgs|=0.0010273 Bas=[0.000000 0.000000 0.000000] Bgs=[-0.0007670 0.0006489 -0.0002145] tic0=[
59548,130.244,[0.0452,117,P=[0.0452 0.0527 -0.0109] V=[0.0641 0.0636 -0.0119] |Bas|=0.000000 |Bgs|=0.0010273 Bas=[0.000000 0.000000 0.000000] Bgs=[-0.0007670 0.0006489 -0.0002145] tic0=[
59636,130.348,[0.0520,132,P=[0.0520 0.0595 -0.0121] V=[0.0664 0.0682 -0.0123] |Bas|=0.000000 |Bgs|=0.0010273 Bas=[0.000000 0.000000 0.000000] Bgs=[-0.0007670 0.0006489 -0.0002145] tic0=[
59726,130.444,[0.0585,126,P=[0.0585 0.0660 -0.0134] V=[0.0686 0.0703 -0.0148] |Bas|=0.000000 |Bgs|=0.0010273 Bas=[0.000000 0.000000 0.000000] Bgs=[-0.0007670 0.0006489 -0.0002145] tic0=[
59808,130.544,[0.0655,126,P=[0.0655 0.0731 -0.0149] V=[0.0720 0.0711 -0.0129] |Bas|=0.000000 |Bgs|=0.0010273 Bas=[0.000000 0.000000 0.000000] Bgs=[-0.0007670 0.0006489 -0.0002145] tic0=[
59898,130.644,[0.0730,126,P=[0.0730 0.0802 -0.0163] V=[0.0770 0.0705 -0.0166] |Bas|=0.000000 |Bgs|=0.0010273 Bas=[0.000000 0.000000 0.000000] Bgs=[-0.0007670 0.0006489 -0.0002145] tic0=[
59983,130.744,[0.0807,120,P=[0.0807 0.0875 -0.0181] V=[0.0779 0.0736 -0.0169] |Bas|=0.000000 |Bgs|=0.0010273 Bas=[0.000000 0.000000 0.000000] Bgs=[-0.0007670 0.0006489 -0.0002145] tic0=[
60379,131.952,[-0.0034,131,P=[-0.0034 -0.0028 -0.0005] V=[-0.0315 -0.0244 -0.0073] |Bas|=0.000000 |Bgs|=0.0002226 Bas=[0.000000 0.000000 0.000000] Bgs=[0.0001904 0.0001143 0.0000150] tic0
60406,132.052,[-0.0068,121,P=[-0.0068 -0.0052 -0.0017] V=[-0.0352 -0.0261 -0.0125] |Bas|=0.000000 |Bgs|=0.0002226 Bas=[0.000000 0.000000 0.000000] Bgs=[0.0001904 0.0001143 0.0000150] tic0
60435,132.152,[-0.0106,128,P=[-0.0106 -0.0078 -0.0030] V=[-0.0402 -0.0276 -0.0148] |Bas|=0.000000 |Bgs|=0.0002226 Bas=[0.000000 0.000000 0.000000] Bgs=[0.0001904 0.0001143 0.0000150] tic0
60457,132.252,[-0.0148,114,P=[-0.0148 -0.0105 -0.0044] V=[-0.0438 -0.0248 -0.0140] |Bas|=0.000000 |Bgs|=0.0002226 Bas=[0.000000 0.000000 0.000000] Bgs=[0.0001904 0.0001143 0.0000150] tic0
60496,132.352,[-0.0195,113,P=[-0.0195 -0.0128 -0.0059] V=[-0.0493 -0.0233 -0.0168] |Bas|=0.000000 |Bgs|=0.0002226 Bas=[0.000000 0.000000 0.000000] Bgs=[0.0001904 0.0001143 0.0000150] tic0
60533,132.456,[-0.0249,116,P=[-0.0249 -0.0152 -0.0077] V=[-0.0548 -0.0241 -0.0188] |Bas|=0.000000 |Bgs|=0.0002226 Bas=[0.000000 0.000000 0.000000] Bgs=[0.0001904 0.0001143 0.0000150] tic0
60571,132.552,[-0.0303,116,P=[-0.0303 -0.0175 -0.0096] V=[-0.0581 -0.0227 -0.0209] |Bas|=0.000000 |Bgs|=0.0002226 Bas=[0.000000 0.000000 0.000000] Bgs=[0.0001904 0.0001143 0.0000150] tic0
60654,132.652,[-0.0364,124,P=[-0.0364 -0.0197 -0.0116] V=[-0.0646 -0.0210 -0.0195] |Bas|=0.000000 |Bgs|=0.0002226 Bas=[0.000000 0.000000 0.000000] Bgs=[0.0001904 0.0001143 0.0000150] tic0
60739,132.756,[-0.0434,126,P=[-0.0434 -0.0220 -0.0136] V=[-0.0712 -0.0241 -0.0190] |Bas|=0.000000 |Bgs|=0.0002226 Bas=[0.000000 0.000000 0.000000] Bgs=[0.0001904 0.0001143 0.0000150] tic0
60833,132.896,[-0.0537,116,P=[-0.0537 -0.0256 -0.0163] V=[-0.0779 -0.0242 -0.0202] |Bas|=0.000000 |Bgs|=0.0002226 Bas=[0.000000 0.000000 0.000000] Bgs=[0.0001904 0.0001143 0.0000150] tic0
60925,132.988,[-0.0609,121,P=[-0.0609 -0.0276 -0.0182] V=[-0.0807 -0.0218 -0.0200] |Bas|=0.000000 |Bgs|=0.0002226 Bas=[0.000000 0.000000 0.000000] Bgs=[0.0001904 0.0001143 0.0000150] tic0
61017,133.1,[-0.0701,121,P=[-0.0701 -0.0301 -0.0204] V=[-0.0831 -0.0236 -0.0179] |Bas|=0.000000 |Bgs|=0.0002226 Bas=[0.000000 0.000000 0.000000] Bgs=[0.0001904 0.0001143 0.0000150] tic0
61108,133.188,[-0.0775,121,P=[-0.0775 -0.0322 -0.0221] V=[-0.0838 -0.0234 -0.0202] |Bas|=0.000000 |Bgs|=0.0002226 Bas=[0.000000 0.000000 0.000000] Bgs=[0.0001904 0.0001143 0.0000150] tic0
61198,133.288,[-0.0861,130,P=[-0.0861 -0.0344 -0.0241] V=[-0.0880 -0.0212 -0.0182] |Bas|=0.000000 |Bgs|=0.0002226 Bas=[0.000000 0.000000 0.000000] Bgs=[0.0001904 0.0001143 0.0000150] tic0
61284,133.404,[-0.0966,126,P=[-0.0966 -0.0370 -0.0262] V=[-0.0931 -0.0239 -0.0190] |Bas|=0.000000 |Bgs|=0.0002226 Bas=[0.000000 0.000000 0.000000] Bgs=[0.0001904 0.0001143 0.0000150] tic0
61653,134.652,[-0.0002,130,P=[-0.0002 0.0019 -0.0002] V=[0.0052 0.0205 -0.0038] |Bas|=0.000000 |Bgs|=0.0003737 Bas=[0.000000 0.000000 0.000000] Bgs=[-0.0003520 0.0001046 -0.0000693] tic0=
61681,134.752,[0.0004,106,P=[0.0004 0.0039 -0.0007] V=[0.0071 0.0207 -0.0052] |Bas|=0.000000 |Bgs|=0.0003737 Bas=[0.000000 0.000000 0.000000] Bgs=[-0.0003520 0.0001046 -0.0000693] tic0=[
61724,134.852,[0.0013,119,P=[0.0013 0.0061 -0.0011] V=[0.0105 0.0228 -0.0045] |Bas|=0.000000 |Bgs|=0.0003737 Bas=[0.000000 0.000000 0.000000] Bgs=[-0.0003520 0.0001046 -0.0000693] tic0=[
61742,134.952,[0.0024,118,P=[0.0024 0.0085 -0.0017] V=[0.0105 0.0245 -0.0064] |Bas|=0.000000 |Bgs|=0.0003737 Bas=[0.000000 0.000000 0.000000] Bgs=[-0.0003520 0.0001046 -0.0000693] tic0=[
61779,135.052,[0.0034,119,P=[0.0034 0.0110 -0.0024] V=[0.0104 0.0251 -0.0069] |Bas|=0.000000 |Bgs|=0.0003737 Bas=[0.000000 0.000000 0.000000] Bgs=[-0.0003520 0.0001046 -0.0000693] tic0=[
61809,135.156,[0.0042,114,P=[0.0042 0.0138 -0.0031] V=[0.0065 0.0298 -0.0059] |Bas|=0.000000 |Bgs|=0.0003737 Bas=[0.000000 0.000000 0.000000] Bgs=[-0.0003520 0.0001046 -0.0000693] tic0=[
61845,135.252,[0.0048,125,P=[0.0048 0.0167 -0.0037] V=[0.0038 0.0312 -0.0070] |Bas|=0.000000 |Bgs|=0.0003737 Bas=[0.000000 0.000000 0.000000] Bgs=[-0.0003520 0.0001046 -0.0000693] tic0=[
61872,135.352,[0.0052,127,P=[0.0052 0.0201 -0.0046] V=[0.0057 0.0352 -0.0100] |Bas|=0.000000 |Bgs|=0.0003737 Bas=[0.000000 0.000000 0.000000] Bgs=[-0.0003520 0.0001046 -0.0000693] tic0=[
61896,135.452,[0.0059,126,P=[0.0059 0.0238 -0.0055] V=[0.0080 0.0378 -0.0081] |Bas|=0.000000 |Bgs|=0.0003737 Bas=[0.000000 0.000000 0.000000] Bgs=[-0.0003520 0.0001046 -0.0000693] tic0=[
61981,135.552,[0.0068,127,P=[0.0068 0.0280 -0.0062] V=[0.0109 0.0452 -0.0040] |Bas|=0.000000 |Bgs|=0.0003737 Bas=[0.000000 0.000000 0.000000] Bgs=[-0.0003520 0.0001046 -0.0000693] tic0=[
62063,135.652,[0.0080,118,P=[0.0080 0.0325 -0.0065] V=[0.0135 0.0450 -0.0034] |Bas|=0.000000 |Bgs|=0.0003737 Bas=[0.000000 0.000000 0.000000] Bgs=[-0.0003520 0.0001046 -0.0000693] tic0=[
62157,135.752,[0.0092,110,P=[0.0092 0.0373 -0.0067] V=[0.0117 0.0514 -0.0008] |Bas|=0.000000 |Bgs|=0.0003737 Bas=[0.000000 0.000000 0.000000] Bgs=[-0.0003520 0.0001046 -0.0000693] tic0=[
62259,135.852,[0.0104,125,P=[0.0104 0.0428 -0.0068] V=[0.0142 0.0564 -0.0020] |Bas|=0.000000 |Bgs|=0.0003737 Bas=[0.000000 0.000000 0.000000] Bgs=[-0.0003520 0.0001046 -0.0000693] tic0=[
62343,135.952,[0.0119,126,P=[0.0119 0.0486 -0.0069] V=[0.0160 0.0613 -0.0025] |Bas|=0.000000 |Bgs|=0.0003737 Bas=[0.000000 0.000000 0.000000] Bgs=[-0.0003520 0.0001046 -0.0000693] tic0=[
62434,136.052,[0.0135,129,P=[0.0135 0.0551 -0.0072] V=[0.0167 0.0684 -0.0044] |Bas|=0.000000 |Bgs|=0.0003737 Bas=[0.000000 0.000000 0.000000] Bgs=[-0.0003520 0.0001046 -0.0000693] tic0=[
62822,137.252,[-0.0018,125,P=[-0.0018 -0.0028 0.0005] V=[-0.0212 -0.0274 0.0023] |Bas|=0.000000 |Bgs|=0.0017142 Bas=[0.000000 0.000000 0.000000] Bgs=[0.0011886 -0.0001786 -0.0012222] tic0
62846,137.352,[-0.0043,118,P=[-0.0043 -0.0055 0.0007] V=[-0.0282 -0.0273 0.0036] |Bas|=0.000000 |Bgs|=0.0017142 Bas=[0.000000 0.000000 0.000000] Bgs=[0.0011886 -0.0001786 -0.0012222] tic0
62878,137.452,[-0.0073,121,P=[-0.0073 -0.0082 0.0010] V=[-0.0311 -0.0265 0.0021] |Bas|=0.000000 |Bgs|=0.0017142 Bas=[0.000000 0.000000 0.000000] Bgs=[0.0011886 -0.0001786 -0.0012222] tic0
62904,137.552,[-0.0106,119,P=[-0.0106 -0.0108 0.0011] V=[-0.0364 -0.0271 0.0011] |Bas|=0.000000 |Bgs|=0.0017142 Bas=[0.000000 0.000000 0.000000] Bgs=[0.0011886 -0.0001786 -0.0012222] tic0
62931,137.652,[-0.0143,123,P=[-0.0143 -0.0136 0.0012] V=[-0.0376 -0.0258 0.0014] |Bas|=0.000000 |Bgs|=0.0017142 Bas=[0.000000 0.000000 0.000000] Bgs=[0.0011886 -0.0001786 -0.0012222] tic0
62957,137.752,[-0.0183,119,P=[-0.0183 -0.0161 0.0013] V=[-0.0384 -0.0237 0.0011] |Bas|=0.000000 |Bgs|=0.0017142 Bas=[0.000000 0.000000 0.000000] Bgs=[0.0011886 -0.0001786 -0.0012222] tic0
62989,137.852,[-0.0222,116,P=[-0.0222 -0.0185 0.0017] V=[-0.0405 -0.0250 0.0063] |Bas|=0.000000 |Bgs|=0.0017142 Bas=[0.000000 0.000000 0.000000] Bgs=[0.0011886 -0.0001786 -0.0012222] tic0
63021,137.952,[-0.0265,116,P=[-0.0265 -0.0212 0.0025] V=[-0.0443 -0.0276 0.0085] |Bas|=0.000000 |Bgs|=0.0017142 Bas=[0.000000 0.000000 0.000000] Bgs=[0.0011886 -0.0001786 -0.0012222] tic0
63050,138.024,[-0.0297,113,P=[-0.0297 -0.0232 0.0031] V=[-0.0447 -0.0294 0.0099] |Bas|=0.000000 |Bgs|=0.0017142 Bas=[0.000000 0.000000 0.000000] Bgs=[0.0011886 -0.0001786 -0.0012222] tic0
63139,138.136,[-0.0347,120,P=[-0.0347 -0.0265 0.0041] V=[-0.0439 -0.0302 0.0070] |Bas|=0.000000 |Bgs|=0.0017142 Bas=[0.000000 0.000000 0.000000] Bgs=[0.0011886 -0.0001786 -0.0012222] tic0
63225,138.228,[-0.0390,120,P=[-0.0390 -0.0292 0.0047] V=[-0.0492 -0.0284 0.0062] |Bas|=0.000000 |Bgs|=0.0017142 Bas=[0.000000 0.000000 0.000000] Bgs=[0.0011886 -0.0001786 -0.0012222] tic0
63322,138.328,[-0.0439,116,P=[-0.0439 -0.0323 0.0054] V=[-0.0489 -0.0301 0.0079] |Bas|=0.000000 |Bgs|=0.0017142 Bas=[0.000000 0.000000 0.000000] Bgs=[0.0011886 -0.0001786 -0.0012222] tic0
63416,138.408,[-0.0478,128,P=[-0.0478 -0.0346 0.0060] V=[-0.0511 -0.0271 0.0066] |Bas|=0.000000 |Bgs|=0.0017142 Bas=[0.000000 0.000000 0.000000] Bgs=[0.0011886 -0.0001786 -0.0012222] tic0
63498,138.512,[-0.0532,125,P=[-0.0532 -0.0373 0.0066] V=[-0.0539 -0.0255 0.0046] |Bas|=0.000000 |Bgs|=0.0017142 Bas=[0.000000 0.000000 0.000000] Bgs=[0.0011886 -0.0001786 -0.0012222] tic0
63582,138.6,[-0.0582,121,P=[-0.0582 -0.0396 0.0070] V=[-0.0577 -0.0271 0.0040] |Bas|=0.000000 |Bgs|=0.0017142 Bas=[0.000000 0.000000 0.000000] Bgs=[0.0011886 -0.0001786 -0.0012222] tic0
63669,138.7,[-0.0641,124,P=[-0.0641 -0.0423 0.0073] V=[-0.0596 -0.0274 0.0029] |Bas|=0.000000 |Bgs|=0.0017142 Bas=[0.000000 0.000000 0.000000] Bgs=[0.0011886 -0.0001786 -0.0012222] tic0
63759,138.804,[-0.0701,130,P=[-0.0701 -0.0450 0.0078] V=[-0.0568 -0.0289 0.0153] |Bas|=0.000000 |Bgs|=0.0017142 Bas=[0.000000 0.000000 0.000000] Bgs=[0.0011886 -0.0001786 -0.0012222] tic0
64172,140.008,[-0.0007,122,P=[-0.0007 0.0016 0.0001] V=[-0.0095 0.0176 0.0005] |Bas|=0.000000 |Bgs|=0.0014092 Bas=[0.000000 0.000000 0.000000] Bgs=[0.0004751 -0.0007506 0.0010940] tic0=[0
64194,140.108,[-0.0017,114,P=[-0.0017 0.0034 0.0001] V=[-0.0111 0.0190 0.0011] |Bas|=0.000000 |Bgs|=0.0014092 Bas=[0.000000 0.000000 0.000000] Bgs=[0.0004751 -0.0007506 0.0010940] tic0=[0
64227,140.216,[-0.0029,128,P=[-0.0029 0.0055 0.0004] V=[-0.0113 0.0203 0.0053] |Bas|=0.000000 |Bgs|=0.0014092 Bas=[0.000000 0.000000 0.000000] Bgs=[0.0004751 -0.0007506 0.0010940] tic0=[0
64255,140.3,[-0.0038,120,P=[-0.0038 0.0073 0.0009] V=[-0.0114 0.0202 0.0054] |Bas|=0.000000 |Bgs|=0.0014092 Bas=[0.000000 0.000000 0.000000] Bgs=[0.0004751 -0.0007506 0.0010940] tic0=[0
64288,140.408,[-0.0051,121,P=[-0.0051 0.0099 0.0016] V=[-0.0128 0.0261 0.0048] |Bas|=0.000000 |Bgs|=0.0014092 Bas=[0.000000 0.000000 0.000000] Bgs=[0.0004751 -0.0007506 0.0010940] tic0=[0
64311,140.504,[-0.0063,118,P=[-0.0063 0.0125 0.0020] V=[-0.0137 0.0301 0.0032] |Bas|=0.000000 |Bgs|=0.0014092 Bas=[0.000000 0.000000 0.000000] Bgs=[0.0004751 -0.0007506 0.0010940] tic0=[0
64341,140.608,[-0.0077,111,P=[-0.0077 0.0157 0.0023] V=[-0.0153 0.0300 0.0020] |Bas|=0.000000 |Bgs|=0.0014092 Bas=[0.000000 0.000000 0.000000] Bgs=[0.0004751 -0.0007506 0.0010940] tic0=[0
64376,140.7,[-0.0089,119,P=[-0.0089 0.0185 0.0024] V=[-0.0120 0.0298 -0.0001] |Bas|=0.000000 |Bgs|=0.0014092 Bas=[0.000000 0.000000 0.000000] Bgs=[0.0004751 -0.0007506 0.0010940] tic0=[
64409,140.804,[-0.0103,117,P=[-0.0103 0.0216 0.0024] V=[-0.0138 0.0317 -0.0021] |Bas|=0.000000 |Bgs|=0.0014092 Bas=[0.000000 0.000000 0.000000] Bgs=[0.0004751 -0.0007506 0.0010940] tic0=[
64491,140.908,[-0.0116,120,P=[-0.0116 0.0251 0.0022] V=[-0.0105 0.0338 0.0001] |Bas|=0.000000 |Bgs|=0.0014092 Bas=[0.000000 0.000000 0.000000] Bgs=[0.0004751 -0.0007506 0.0010940] tic0=[0
64580,141.008,[-0.0127,116,P=[-0.0127 0.0283 0.0021] V=[-0.0125 0.0320 -0.0020] |Bas|=0.000000 |Bgs|=0.0014092 Bas=[0.000000 0.000000 0.000000] Bgs=[0.0004751 -0.0007506 0.0010940] tic0=[
64677,141.116,[-0.0141,112,P=[-0.0141 0.0318 0.0017] V=[-0.0130 0.0328 -0.0046] |Bas|=0.000000 |Bgs|=0.0014092 Bas=[0.000000 0.000000 0.000000] Bgs=[0.0004751 -0.0007506 0.0010940] tic0=[
64778,141.208,[-0.0153,125,P=[-0.0153 0.0349 0.0013] V=[-0.0132 0.0358 -0.0050] |Bas|=0.000000 |Bgs|=0.0014092 Bas=[0.000000 0.000000 0.000000] Bgs=[0.0004751 -0.0007506 0.0010940] tic0=[
64869,141.308,[-0.0167,119,P=[-0.0167 0.0387 0.0007] V=[-0.0130 0.0389 -0.0066] |Bas|=0.000000 |Bgs|=0.0014092 Bas=[0.000000 0.000000 0.000000] Bgs=[0.0004751 -0.0007506 0.0010940] tic0=[
64960,141.412,[-0.0180,125,P=[-0.0180 0.0430 -0.0000] V=[-0.0119 0.0440 -0.0066] |Bas|=0.000000 |Bgs|=0.0014092 Bas=[0.000000 0.000000 0.000000] Bgs=[0.0004751 -0.0007506 0.0010940] tic0=
65375,142.608,[0.0024,128,P=[0.0024 0.0038 -0.0010] V=[0.0243 0.0380 -0.0100] |Bas|=0.000000 |Bgs|=0.0011296 Bas=[0.000000 0.000000 0.000000] Bgs=[0.0009194 -0.0004273 -0.0004981] tic0=[
65396,142.732,[0.0055,108,P=[0.0055 0.0087 -0.0022] V=[0.0257 0.0416 -0.0099] |Bas|=0.000000 |Bgs|=0.0011296 Bas=[0.000000 0.000000 0.000000] Bgs=[0.0009194 -0.0004273 -0.0004981] tic0=[
65430,142.864,[0.0090,116,P=[0.0090 0.0146 -0.0033] V=[0.0276 0.0474 -0.0079] |Bas|=0.000000 |Bgs|=0.0011296 Bas=[0.000000 0.000000 0.000000] Bgs=[0.0009194 -0.0004273 -0.0004981] tic0=[
65454,142.964,[0.0117,112,P=[0.0117 0.0197 -0.0042] V=[0.0269 0.0534 -0.0097] |Bas|=0.000000 |Bgs|=0.0011296 Bas=[0.000000 0.000000 0.000000] Bgs=[0.0009194 -0.0004273 -0.0004981] tic0=[
65487,143.064,[0.0146,118,P=[0.0146 0.0251 -0.0054] V=[0.0309 0.0538 -0.0147] |Bas|=0.000000 |Bgs|=0.0011296 Bas=[0.000000 0.000000 0.000000] Bgs=[0.0009194 -0.0004273 -0.0004981] tic0=[
65521,143.164,[0.0179,118,P=[0.0179 0.0307 -0.0067] V=[0.0342 0.0602 -0.0131] |Bas|=0.000000 |Bgs|=0.0011296 Bas=[0.000000 0.000000 0.000000] Bgs=[0.0009194 -0.0004273 -0.0004981] tic0=[
65550,143.264,[0.0214,120,P=[0.0214 0.0370 -0.0080] V=[0.0365 0.0656 -0.0130] |Bas|=0.000000 |Bgs|=0.0011296 Bas=[0.000000 0.000000 0.000000] Bgs=[0.0009194 -0.0004273 -0.0004981] tic0=[
65573,143.364,[0.0251,121,P=[0.0251 0.0438 -0.0092] V=[0.0378 0.0699 -0.0123] |Bas|=0.000000 |Bgs|=0.0011296 Bas=[0.000000 0.000000 0.000000] Bgs=[0.0009194 -0.0004273 -0.0004981] tic0=[
65656,143.464,[0.0291,128,P=[0.0291 0.0511 -0.0104] V=[0.0409 0.0759 -0.0121] |Bas|=0.000000 |Bgs|=0.0011296 Bas=[0.000000 0.000000 0.000000] Bgs=[0.0009194 -0.0004273 -0.0004981] tic0=[
65731,143.564,[0.0332,116,P=[0.0332 0.0590 -0.0117] V=[0.0424 0.0827 -0.0138] |Bas|=0.000000 |Bgs|=0.0011296 Bas=[0.000000 0.000000 0.000000] Bgs=[0.0009194 -0.0004273 -0.0004981] tic0=[
65837,143.664,[0.0375,103,P=[0.0375 0.0675 -0.0130] V=[0.0454 0.0872 -0.0136] |Bas|=0.000000 |Bgs|=0.0011296 Bas=[0.000000 0.000000 0.000000] Bgs=[0.0009194 -0.0004273 -0.0004981] tic0=[
65927,143.764,[0.0423,124,P=[0.0423 0.0763 -0.0144] V=[0.0513 0.0878 -0.0153] |Bas|=0.000000 |Bgs|=0.0011296 Bas=[0.000000 0.000000 0.000000] Bgs=[0.0009194 -0.0004273 -0.0004981] tic0=[
66012,143.864,[0.0475,123,P=[0.0475 0.0853 -0.0162] V=[0.0528 0.0928 -0.0205] |Bas|=0.000000 |Bgs|=0.0011296 Bas=[0.000000 0.000000 0.000000] Bgs=[0.0009194 -0.0004273 -0.0004981] tic0=[
66099,143.964,[0.0530,112,P=[0.0530 0.0949 -0.0180] V=[0.0560 0.1008 -0.0192] |Bas|=0.000000 |Bgs|=0.0011296 Bas=[0.000000 0.000000 0.000000] Bgs=[0.0009194 -0.0004273 -0.0004981] tic0=[
66192,144.064,[0.0587,126,P=[0.0587 0.1053 -0.0199] V=[0.0590 0.1052 -0.0195] |Bas|=0.000000 |Bgs|=0.0011296 Bas=[0.000000 0.000000 0.000000] Bgs=[0.0009194 -0.0004273 -0.0004981] tic0=[
66278,144.164,[0.0644,115,P=[0.0644 0.1161 -0.0219] V=[0.0562 0.1110 -0.0201] |Bas|=0.000000 |Bgs|=0.0011296 Bas=[0.000000 0.000000 0.000000] Bgs=[0.0009194 -0.0004273 -0.0004981] tic0=[
66372,144.264,[0.0700,128,P=[0.0700 0.1275 -0.0239] V=[0.0560 0.1145 -0.0203] |Bas|=0.000000 |Bgs|=0.0011296 Bas=[0.000000 0.000000 0.000000] Bgs=[0.0009194 -0.0004273 -0.0004981] tic0=[
66746,145.412,[-0.0002,133,P=[-0.0002 0.0068 -0.0017] V=[0.0003 0.0668 -0.0169] |Bas|=0.000000 |Bgs|=0.0011644 Bas=[0.000000 0.000000 0.000000] Bgs=[-0.0005185 0.0008575 -0.0005929] tic0=
66770,145.504,[-0.0002,98,P=[-0.0002 0.0131 -0.0034] V=[-0.0014 0.0701 -0.0189] |Bas|=0.000000 |Bgs|=0.0011644 Bas=[0.000000 0.000000 0.000000] Bgs=[-0.0005185 0.0008575 -0.0005929] tic0
66869,145.6,[-0.0005,92,P=[-0.0005 0.0200 -0.0053] V=[-0.0058 0.0742 -0.0199] |Bas|=0.000000 |Bgs|=0.0011644 Bas=[0.000000 0.000000 0.000000] Bgs=[-0.0005185 0.0008575 -0.0005929] tic0
66986,145.712,[-0.0013,106,P=[-0.0013 0.0288 -0.0075] V=[-0.0088 0.0810 -0.0205] |Bas|=0.000000 |Bgs|=0.0011644 Bas=[0.000000 0.000000 0.000000] Bgs=[-0.0005185 0.0008575 -0.0005929] tic0
67088,145.812,[-0.0023,120,P=[-0.0023 0.0373 -0.0096] V=[-0.0117 0.0890 -0.0220] |Bas|=0.000000 |Bgs|=0.0011644 Bas=[0.000000 0.000000 0.000000] Bgs=[-0.0005185 0.0008575 -0.0005929] tic0
67174,145.904,[-0.0034,115,P=[-0.0034 0.0457 -0.0117] V=[-0.0135 0.0910 -0.0242] |Bas|=0.000000 |Bgs|=0.0011644 Bas=[0.000000 0.000000 0.000000] Bgs=[-0.0005185 0.0008575 -0.0005929] tic0
67257,146.012,[-0.0048,120,P=[-0.0048 0.0559 -0.0141] V=[-0.0116 0.0979 -0.0238] |Bas|=0.000000 |Bgs|=0.0011644 Bas=[0.000000 0.000000 0.000000] Bgs=[-0.0005185 0.0008575 -0.0005929] tic0
67348,146.104,[-0.0061,119,P=[-0.0061 0.0651 -0.0164] V=[-0.0154 0.1025 -0.0243] |Bas|=0.000000 |Bgs|=0.0011644 Bas=[0.000000 0.000000 0.000000] Bgs=[-0.0005185 0.0008575 -0.0005929] tic0
67439,146.208,[-0.0079,122,P=[-0.0079 0.0761 -0.0189] V=[-0.0174 0.1077 -0.0230] |Bas|=0.000000 |Bgs|=0.0011644 Bas=[0.000000 0.000000 0.000000] Bgs=[-0.0005185 0.0008575 -0.0005929] tic0
67527,146.304,[-0.0096,127,P=[-0.0096 0.0867 -0.0211] V=[-0.0184 0.1147 -0.0229] |Bas|=0.000000 |Bgs|=0.0011644 Bas=[0.000000 0.000000 0.000000] Bgs=[-0.0005185 0.0008575 -0.0005929] tic0
67613,146.404,[-0.0115,122,P=[-0.0115 0.0986 -0.0235] V=[-0.0202 0.1212 -0.0250] |Bas|=0.000000 |Bgs|=0.0011644 Bas=[0.000000 0.000000 0.000000] Bgs=[-0.0005185 0.0008575 -0.0005929] tic0
67698,146.504,[-0.0135,128,P=[-0.0135 0.1109 -0.0260] V=[-0.0209 0.1270 -0.0246] |Bas|=0.000000 |Bgs|=0.0011644 Bas=[0.000000 0.000000 0.000000] Bgs=[-0.0005185 0.0008575 -0.0005929] tic0
67788,146.608,[-0.0158,94,P=[-0.0158 0.1242 -0.0283] V=[-0.0206 0.1279 -0.0216] |Bas|=0.000000 |Bgs|=0.0011644 Bas=[0.000000 0.000000 0.000000] Bgs=[-0.0005185 0.0008575 -0.0005929] tic0
67904,146.7,[-0.0178,128,P=[-0.0178 0.1361 -0.0303] V=[-0.0233 0.1320 -0.0197] |Bas|=0.000000 |Bgs|=0.0011644 Bas=[0.000000 0.000000 0.000000] Bgs=[-0.0005185 0.0008575 -0.0005929] tic0
68277,147.9,[0.0016,137,P=[0.0016 0.0083 -0.0002] V=[0.0160 0.0841 -0.0037] |Bas|=0.000000 |Bgs|=0.0014719 Bas=[0.000000 0.000000 0.000000] Bgs=[-0.0008439 0.0004042 -0.0011362] tic0=[
68298,148.004,[0.0034,108,P=[0.0034 0.0173 -0.0006] V=[0.0194 0.0890 -0.0018] |Bas|=0.000000 |Bgs|=0.0014719 Bas=[0.000000 0.000000 0.000000] Bgs=[-0.0008439 0.0004042 -0.0011362] tic0=[
68334,148.1,[0.0053,81,P=[0.0053 0.0260 -0.0006] V=[0.0226 0.0936 -0.0004] |Bas|=0.000000 |Bgs|=0.0014719 Bas=[0.000000 0.000000 0.000000] Bgs=[-0.0008439 0.0004042 -0.0011362] tic0=[
68461,148.2,[0.0075,108,P=[0.0075 0.0354 -0.0008] V=[0.0229 0.0945 -0.0020] |Bas|=0.000000 |Bgs|=0.0014719 Bas=[0.000000 0.000000 0.000000] Bgs=[-0.0008439 0.0004042 -0.0011362] tic0=[
68556,148.3,[0.0099,116,P=[0.0099 0.0451 -0.0008] V=[0.0255 0.0994 0.0012] |Bas|=0.000000 |Bgs|=0.0014719 Bas=[0.000000 0.000000 0.000000] Bgs=[-0.0008439 0.0004042 -0.0011362] tic0=[0
68645,148.4,[0.0124,117,P=[0.0124 0.0553 -0.0006] V=[0.0280 0.1027 0.0008] |Bas|=0.000000 |Bgs|=0.0014719 Bas=[0.000000 0.000000 0.000000] Bgs=[-0.0008439 0.0004042 -0.0011362] tic0=[0
68737,148.5,[0.0154,130,P=[0.0154 0.0657 -0.0004] V=[0.0318 0.1060 0.0035] |Bas|=0.000000 |Bgs|=0.0014719 Bas=[0.000000 0.000000 0.000000] Bgs=[-0.0008439 0.0004042 -0.0011362] tic0=[0
68823,148.6,[0.0187,115,P=[0.0187 0.0767 0.0001] V=[0.0352 0.1124 0.0063] |Bas|=0.000000 |Bgs|=0.0014719 Bas=[0.000000 0.000000 0.000000] Bgs=[-0.0008439 0.0004042 -0.0011362] tic0=[0.
68917,148.7,[0.0221,105,P=[0.0221 0.0880 0.0008] V=[0.0333 0.1142 0.0075] |Bas|=0.000000 |Bgs|=0.0014719 Bas=[0.000000 0.000000 0.000000] Bgs=[-0.0008439 0.0004042 -0.0011362] tic0=[0.
69012,148.8,[0.0255,128,P=[0.0255 0.0997 0.0014] V=[0.0346 0.1179 0.0045] |Bas|=0.000000 |Bgs|=0.0014719 Bas=[0.000000 0.000000 0.000000] Bgs=[-0.0008439 0.0004042 -0.0011362] tic0=[0.
69094,148.9,[0.0289,103,P=[0.0289 0.1116 0.0019] V=[0.0339 0.1224 0.0050] |Bas|=0.000000 |Bgs|=0.0014719 Bas=[0.000000 0.000000 0.000000] Bgs=[-0.0008439 0.0004042 -0.0011362] tic0=[0.
69493,150.1,[-0.0079,127,P=[-0.0079 -0.0051 0.0009] V=[-0.0340 -0.0497 -0.0002] |Bas|=0.000000 |Bgs|=0.0022713 Bas=[0.000000 0.000000 0.000000] Bgs=[0.0010972 -0.0001637 -0.0019819] tic
69513,150.2,[-0.0116,115,P=[-0.0116 -0.0103 0.0007] V=[-0.0389 -0.0549 -0.0028] |Bas|=0.000000 |Bgs|=0.0022713 Bas=[0.000000 0.000000 0.000000] Bgs=[0.0010972 -0.0001637 -0.0019819] tic
69552,150.3,[-0.0154,126,P=[-0.0154 -0.0159 0.0003] V=[-0.0371 -0.0582 -0.0051] |Bas|=0.000000 |Bgs|=0.0022713 Bas=[0.000000 0.000000 0.000000] Bgs=[0.0010972 -0.0001637 -0.0019819] tic
69577,150.432,[-0.0203,126,P=[-0.0203 -0.0241 -0.0003] V=[-0.0386 -0.0655 -0.0036] |Bas|=0.000000 |Bgs|=0.0022713 Bas=[0.000000 0.000000 0.000000] Bgs=[0.0010972 -0.0001637 -0.0019819] ti
69599,150.544,[-0.0248,125,P=[-0.0248 -0.0318 -0.0006] V=[-0.0403 -0.0705 -0.0024] |Bas|=0.000000 |Bgs|=0.0022713 Bas=[0.000000 0.000000 0.000000] Bgs=[0.0010972 -0.0001637 -0.0019819] ti
69626,150.664,[-0.0296,122,P=[-0.0296 -0.0403 -0.0008] V=[-0.0408 -0.0726 -0.0003] |Bas|=0.000000 |Bgs|=0.0022713 Bas=[0.000000 0.000000 0.000000] Bgs=[0.0010972 -0.0001637 -0.0019819] ti
69661,150.764,[-0.0339,124,P=[-0.0339 -0.0479 -0.0009] V=[-0.0446 -0.0779 -0.0025] |Bas|=0.000000 |Bgs|=0.0022713 Bas=[0.000000 0.000000 0.000000] Bgs=[0.0010972 -0.0001637 -0.0019819] ti
69694,150.864,[-0.0385,125,P=[-0.0385 -0.0559 -0.0010] V=[-0.0487 -0.0810 0.0006] |Bas|=0.000000 |Bgs|=0.0022713 Bas=[0.000000 0.000000 0.000000] Bgs=[0.0010972 -0.0001637 -0.0019819] tic
69718,150.964,[-0.0435,122,P=[-0.0435 -0.0642 -0.0009] V=[-0.0492 -0.0858 0.0030] |Bas|=0.000000 |Bgs|=0.0022713 Bas=[0.000000 0.000000 0.000000] Bgs=[0.0010972 -0.0001637 -0.0019819] tic
69740,151.036,[-0.0472,126,P=[-0.0472 -0.0704 -0.0007] V=[-0.0544 -0.0849 0.0029] |Bas|=0.000000 |Bgs|=0.0022713 Bas=[0.000000 0.000000 0.000000] Bgs=[0.0010972 -0.0001637 -0.0019819] tic
69822,151.164,[-0.0545,121,P=[-0.0545 -0.0817 -0.0003] V=[-0.0598 -0.0928 0.0019] |Bas|=0.000000 |Bgs|=0.0022713 Bas=[0.000000 0.000000 0.000000] Bgs=[0.0010972 -0.0001637 -0.0019819] tic
69907,151.264,[-0.0605,124,P=[-0.0605 -0.0909 -0.0002] V=[-0.0632 -0.0922 -0.0004] |Bas|=0.000000 |Bgs|=0.0022713 Bas=[0.000000 0.000000 0.000000] Bgs=[0.0010972 -0.0001637 -0.0019819] ti
70002,151.368,[-0.0672,112,P=[-0.0672 -0.1007 -0.0002] V=[-0.0671 -0.0943 0.0008] |Bas|=0.000000 |Bgs|=0.0022713 Bas=[0.000000 0.000000 0.000000] Bgs=[0.0010972 -0.0001637 -0.0019819] tic
70095,151.504,[-0.0769,124,P=[-0.0769 -0.1134 -0.0001] V=[-0.0735 -0.0940 0.0006] |Bas|=0.000000 |Bgs|=0.0022713 Bas=[0.000000 0.000000 0.000000] Bgs=[0.0010972 -0.0001637 -0.0019819] tic
70182,151.6,[-0.0843,121,P=[-0.0843 -0.1225 -0.0001] V=[-0.0812 -0.0982 0.0008] |Bas|=0.000000 |Bgs|=0.0022713 Bas=[0.000000 0.000000 0.000000] Bgs=[0.0010972 -0.0001637 -0.0019819] tic
70575,152.8,[0.0043,124,P=[0.0043 0.0014 0.0008] V=[0.0673 0.0239 0.0028] |Bas|=0.000000 |Bgs|=0.0008501 Bas=[0.000000 0.000000 0.000000] Bgs=[-0.0008205 -0.0001010 0.0001980] tic0=[0.
70603,152.9,[0.0113,114,P=[0.0113 0.0038 0.0014] V=[0.0743 0.0252 0.0055] |Bas|=0.000000 |Bgs|=0.0008501 Bas=[0.000000 0.000000 0.000000] Bgs=[-0.0008205 -0.0001010 0.0001980] tic0=[0.
70637,153.0,[0.0191,126,P=[0.0191 0.0064 0.0020] V=[0.0814 0.0279 0.0057] |Bas|=0.000000 |Bgs|=0.0008501 Bas=[0.000000 0.000000 0.000000] Bgs=[-0.0008205 -0.0001010 0.0001980] tic0=[0.
70659,153.1,[0.0275,127,P=[0.0275 0.0093 0.0023] V=[0.0869 0.0300 0.0027] |Bas|=0.000000 |Bgs|=0.0008501 Bas=[0.000000 0.000000 0.000000] Bgs=[-0.0008205 -0.0001010 0.0001980] tic0=[0.
70688,153.2,[0.0366,129,P=[0.0366 0.0122 0.0026] V=[0.0956 0.0293 0.0016] |Bas|=0.000000 |Bgs|=0.0008501 Bas=[0.000000 0.000000 0.000000] Bgs=[-0.0008205 -0.0001010 0.0001980] tic0=[0.
70709,153.3,[0.0467,129,P=[0.0467 0.0153 0.0027] V=[0.1044 0.0326 0.0001] |Bas|=0.000000 |Bgs|=0.0008501 Bas=[0.000000 0.000000 0.000000] Bgs=[-0.0008205 -0.0001010 0.0001980] tic0=[0.
70730,153.408,[0.0585,116,P=[0.0585 0.0190 0.0027] V=[0.1123 0.0355 0.0005] |Bas|=0.000000 |Bgs|=0.0008501 Bas=[0.000000 0.000000 0.000000] Bgs=[-0.0008205 -0.0001010 0.0001980] tic0=[0.
70768,153.504,[0.0695,119,P=[0.0695 0.0226 0.0027] V=[0.1186 0.0366 -0.0018] |Bas|=0.000000 |Bgs|=0.0008501 Bas=[0.000000 0.000000 0.000000] Bgs=[-0.0008205 -0.0001010 0.0001980] tic0=[0
70800,153.612,[0.0826,129,P=[0.0826 0.0269 0.0025] V=[0.1253 0.0419 -0.0000] |Bas|=0.000000 |Bgs|=0.0008501 Bas=[0.000000 0.000000 0.000000] Bgs=[-0.0008205 -0.0001010 0.0001980] tic0=[0
70882,153.736,[0.0985,131,P=[0.0985 0.0318 0.0023] V=[0.1299 0.0391 -0.0023] |Bas|=0.000000 |Bgs|=0.0008501 Bas=[0.000000 0.000000 0.000000] Bgs=[-0.0008205 -0.0001010 0.0001980] tic0=[0
70958,153.868,[0.1161,134,P=[0.1161 0.0372 0.0019] V=[0.1396 0.0430 -0.0046] |Bas|=0.000000 |Bgs|=0.0008501 Bas=[0.000000 0.000000 0.000000] Bgs=[-0.0008205 -0.0001010 0.0001980] tic0=[0
71053,153.968,[0.1306,95,P=[0.1306 0.0416 0.0013] V=[0.1490 0.0431 -0.0079] |Bas|=0.000000 |Bgs|=0.0008501 Bas=[0.000000 0.000000 0.000000] Bgs=[-0.0008205 -0.0001010 0.0001980] tic0=[0
71154,154.068,[0.1458,123,P=[0.1458 0.0459 0.0006] V=[0.1561 0.0434 -0.0061] |Bas|=0.000000 |Bgs|=0.0008501 Bas=[0.000000 0.000000 0.000000] Bgs=[-0.0008205 -0.0001010 0.0001980] tic0=[0
71243,154.168,[0.1618,112,P=[0.1618 0.0502 0.0000] V=[0.1638 0.0427 -0.0057] |Bas|=0.000000 |Bgs|=0.0008501 Bas=[0.000000 0.000000 0.000000] Bgs=[-0.0008205 -0.0001010 0.0001980] tic0=[0
71337,154.268,[0.1784,122,P=[0.1784 0.0544 -0.0004] V=[0.1691 0.0421 -0.0067] |Bas|=0.000000 |Bgs|=0.0008501 Bas=[0.000000 0.000000 0.000000] Bgs=[-0.0008205 -0.0001010 0.0001980] tic0=[
71425,154.376,[0.1970,123,P=[0.1970 0.0589 -0.0012] V=[0.1766 0.0425 -0.0075] |Bas|=0.000000 |Bgs|=0.0008501 Bas=[0.000000 0.000000 0.000000] Bgs=[-0.0008205 -0.0001010 0.0001980] tic0=[
71509,154.516,[0.2223,122,P=[0.2223 0.0651 -0.0024] V=[0.1855 0.0426 -0.0106] |Bas|=0.000000 |Bgs|=0.0008501 Bas=[0.000000 0.000000 0.000000] Bgs=[-0.0008205 -0.0001010 0.0001980] tic0=[
71598,154.608,[0.2395,124,P=[0.2395 0.0688 -0.0033] V=[0.1896 0.0400 -0.0096] |Bas|=0.000000 |Bgs|=0.0008501 Bas=[0.000000 0.000000 0.000000] Bgs=[-0.0008205 -0.0001010 0.0001980] tic0=[
71988,155.82,[-0.0011,123,P=[-0.0011 0.0005 -0.0009] V=[-0.0101 0.0064 -0.0079] |Bas|=0.000000 |Bgs|=0.0010888 Bas=[0.000000 0.000000 0.000000] Bgs=[0.0009574 -0.0001030 -0.0005081] tic0
72014,155.924,[-0.0023,120,P=[-0.0023 0.0013 -0.0018] V=[-0.0119 0.0073 -0.0083] |Bas|=0.000000 |Bgs|=0.0010888 Bas=[0.000000 0.000000 0.000000] Bgs=[0.0009574 -0.0001030 -0.0005081] tic0
72040,156.012,[-0.0035,130,P=[-0.0035 0.0020 -0.0026] V=[-0.0130 0.0099 -0.0095] |Bas|=0.000000 |Bgs|=0.0010888 Bas=[0.000000 0.000000 0.000000] Bgs=[0.0009574 -0.0001030 -0.0005081] tic0
72066,156.112,[-0.0049,128,P=[-0.0049 0.0029 -0.0036] V=[-0.0143 0.0082 -0.0094] |Bas|=0.000000 |Bgs|=0.0010888 Bas=[0.000000 0.000000 0.000000] Bgs=[0.0009574 -0.0001030 -0.0005081] tic0
72088,156.224,[-0.0066,120,P=[-0.0066 0.0040 -0.0047] V=[-0.0176 0.0112 -0.0108] |Bas|=0.000000 |Bgs|=0.0010888 Bas=[0.000000 0.000000 0.000000] Bgs=[0.0009574 -0.0001030 -0.0005081] tic0
72109,156.312,[-0.0081,120,P=[-0.0081 0.0051 -0.0056] V=[-0.0158 0.0130 -0.0099] |Bas|=0.000000 |Bgs|=0.0010888 Bas=[0.000000 0.000000 0.000000] Bgs=[0.0009574 -0.0001030 -0.0005081] tic0
72137,156.416,[-0.0098,119,P=[-0.0098 0.0064 -0.0066] V=[-0.0169 0.0127 -0.0113] |Bas|=0.000000 |Bgs|=0.0010888 Bas=[0.000000 0.000000 0.000000] Bgs=[0.0009574 -0.0001030 -0.0005081] tic0
72168,156.504,[-0.0116,117,P=[-0.0116 0.0072 -0.0077] V=[-0.0236 0.0080 -0.0121] |Bas|=0.000000 |Bgs|=0.0010888 Bas=[0.000000 0.000000 0.000000] Bgs=[0.0009574 -0.0001030 -0.0005081] tic0
72203,156.604,[-0.0140,117,P=[-0.0140 0.0080 -0.0089] V=[-0.0261 0.0074 -0.0133] |Bas|=0.000000 |Bgs|=0.0010888 Bas=[0.000000 0.000000 0.000000] Bgs=[0.0009574 -0.0001030 -0.0005081] tic0
72296,156.708,[-0.0170,124,P=[-0.0170 0.0088 -0.0103] V=[-0.0301 0.0078 -0.0115] |Bas|=0.000000 |Bgs|=0.0010888 Bas=[0.000000 0.000000 0.000000] Bgs=[0.0009574 -0.0001030 -0.0005081] tic0
72383,156.824,[-0.0205,117,P=[-0.0205 0.0095 -0.0114] V=[-0.0312 0.0062 -0.0103] |Bas|=0.000000 |Bgs|=0.0010888 Bas=[0.000000 0.000000 0.000000] Bgs=[0.0009574 -0.0001030 -0.0005081] tic0
72478,156.908,[-0.0232,110,P=[-0.0232 0.0101 -0.0122] V=[-0.0340 0.0070 -0.0108] |Bas|=0.000000 |Bgs|=0.0010888 Bas=[0.000000 0.000000 0.000000] Bgs=[0.0009574 -0.0001030 -0.0005081] tic0
72580,157.024,[-0.0274,130,P=[-0.0274 0.0108 -0.0134] V=[-0.0383 0.0068 -0.0087] |Bas|=0.000000 |Bgs|=0.0010888 Bas=[0.000000 0.000000 0.000000] Bgs=[0.0009574 -0.0001030 -0.0005081] tic0
72660,157.12,[-0.0314,128,P=[-0.0314 0.0117 -0.0144] V=[-0.0447 0.0095 -0.0103] |Bas|=0.000000 |Bgs|=0.0010888 Bas=[0.000000 0.000000 0.000000] Bgs=[0.0009574 -0.0001030 -0.0005081] tic0
73063,158.32,[0.0039,129,P=[0.0039 -0.0002 -0.0008] V=[0.0399 -0.0001 -0.0097] |Bas|=0.000000 |Bgs|=0.0007607 Bas=[0.000000 0.000000 0.000000] Bgs=[0.0005667 0.0000126 -0.0005073] tic0=
73088,158.412,[0.0077,120,P=[0.0077 -0.0002 -0.0018] V=[0.0447 -0.0007 -0.0121] |Bas|=0.000000 |Bgs|=0.0007607 Bas=[0.000000 0.000000 0.000000] Bgs=[0.0005667 0.0000126 -0.0005073] tic0=
73118,158.512,[0.0124,122,P=[0.0124 -0.0003 -0.0029] V=[0.0483 -0.0019 -0.0104] |Bas|=0.000000 |Bgs|=0.0007607 Bas=[0.000000 0.000000 0.000000] Bgs=[0.0005667 0.0000126 -0.0005073] tic0=
73138,158.612,[0.0175,123,P=[0.0175 -0.0005 -0.0040] V=[0.0524 -0.0013 -0.0111] |Bas|=0.000000 |Bgs|=0.0007607 Bas=[0.000000 0.000000 0.000000] Bgs=[0.0005667 0.0000126 -0.0005073] tic0=
73169,158.708,[0.0227,113,P=[0.0227 -0.0004 -0.0050] V=[0.0546 0.0018 -0.0098] |Bas|=0.000000 |Bgs|=0.0007607 Bas=[0.000000 0.000000 0.000000] Bgs=[0.0005667 0.0000126 -0.0005073] tic0=[
73205,158.816,[0.0288,119,P=[0.0288 0.0000 -0.0059] V=[0.0593 0.0057 -0.0078] |Bas|=0.000000 |Bgs|=0.0007607 Bas=[0.000000 0.000000 0.000000] Bgs=[0.0005667 0.0000126 -0.0005073] tic0=[0
73239,158.92,[0.0348,122,P=[0.0348 0.0005 -0.0068] V=[0.0599 0.0047 -0.0091] |Bas|=0.000000 |Bgs|=0.0007607 Bas=[0.000000 0.000000 0.000000] Bgs=[0.0005667 0.0000126 -0.0005073] tic0=[0
73269,159.012,[0.0403,126,P=[0.0403 0.0010 -0.0077] V=[0.0584 0.0062 -0.0090] |Bas|=0.000000 |Bgs|=0.0007607 Bas=[0.000000 0.000000 0.000000] Bgs=[0.0005667 0.0000126 -0.0005073] tic0=[0
73293,159.112,[0.0462,124,P=[0.0462 0.0019 -0.0086] V=[0.0592 0.0104 -0.0086] |Bas|=0.000000 |Bgs|=0.0007607 Bas=[0.000000 0.000000 0.000000] Bgs=[0.0005667 0.0000126 -0.0005073] tic0=[0
73317,159.216,[0.0527,123,P=[0.0527 0.0030 -0.0093] V=[0.0645 0.0109 -0.0079] |Bas|=0.000000 |Bgs|=0.0007607 Bas=[0.000000 0.000000 0.000000] Bgs=[0.0005667 0.0000126 -0.0005073] tic0=[0
73340,159.32,[0.0595,123,P=[0.0595 0.0042 -0.0105] V=[0.0673 0.0130 -0.0126] |Bas|=0.000000 |Bgs|=0.0007607 Bas=[0.000000 0.000000 0.000000] Bgs=[0.0005667 0.0000126 -0.0005073] tic0=[0
73422,159.408,[0.0655,132,P=[0.0655 0.0054 -0.0116] V=[0.0678 0.0153 -0.0135] |Bas|=0.000000 |Bgs|=0.0007607 Bas=[0.000000 0.000000 0.000000] Bgs=[0.0005667 0.0000126 -0.0005073] tic0=[0
73502,159.508,[0.0723,120,P=[0.0723 0.0069 -0.0130] V=[0.0676 0.0156 -0.0150] |Bas|=0.000000 |Bgs|=0.0007607 Bas=[0.000000 0.000000 0.000000] Bgs=[0.0005667 0.0000126 -0.0005073] tic0=[0
73589,159.608,[0.0791,113,P=[0.0791 0.0086 -0.0144] V=[0.0694 0.0161 -0.0147] |Bas|=0.000000 |Bgs|=0.0007607 Bas=[0.000000 0.000000 0.000000] Bgs=[0.0005667 0.0000126 -0.0005073] tic0=[0
73680,159.708,[0.0862,124,P=[0.0862 0.0103 -0.0158] V=[0.0710 0.0187 -0.0125] |Bas|=0.000000 |Bgs|=0.0007607 Bas=[0.000000 0.000000 0.000000] Bgs=[0.0005667 0.0000126 -0.0005073] tic0=[0
73764,159.808,[0.0935,128,P=[0.0935 0.0120 -0.0170] V=[0.0736 0.0163 -0.0113] |Bas|=0.000000 |Bgs|=0.0007607 Bas=[0.000000 0.000000 0.000000] Bgs=[0.0005667 0.0000126 -0.0005073] tic0=[0
73842,159.908,[0.1010,126,P=[0.1010 0.0139 -0.0182] V=[0.0784 0.0202 -0.0117] |Bas|=0.000000 |Bgs|=0.0007607 Bas=[0.000000 0.000000 0.000000] Bgs=[0.0005667 0.0000126 -0.0005073] tic0=[0
73927,160.008,[0.1091,120,P=[0.1091 0.0159 -0.0195] V=[0.0826 0.0190 -0.0148] |Bas|=0.000000 |Bgs|=0.0007607 Bas=[0.000000 0.000000 0.000000] Bgs=[0.0005667 0.0000126 -0.0005073] tic0=[0
74309,161.176,[0.0583,121,P=[0.0583 0.0404 -0.0012] V=[0.0042 0.0753 -0.0083] |Bas|=0.000000 |Bgs|=0.0878618 Bas=[0.000000 0.000000 0.000000] Bgs=[0.0753701 -0.0324509 0.0314005] tic0=[0
74354,161.308,[0.0621,65,P=[0.0621 0.0572 -0.0024] V=[0.0543 0.1823 -0.0129] |Bas|=0.000000 |Bgs|=0.0878618 Bas=[0.000000 0.000000 0.000000] Bgs=[0.0753701 -0.0324509 0.0314005] tic0=[0
74492,161.408,[0.0695,126,P=[0.0695 0.0797 -0.0040] V=[0.0939 0.2698 -0.0195] |Bas|=0.000000 |Bgs|=0.0878618 Bas=[0.000000 0.000000 0.000000] Bgs=[0.0753701 -0.0324509 0.0314005] tic0=[0
74580,161.508,[0.0810,110,P=[0.0810 0.1115 -0.0061] V=[0.1371 0.3682 -0.0228] |Bas|=0.000000 |Bgs|=0.0878618 Bas=[0.000000 0.000000 0.000000] Bgs=[0.0753701 -0.0324509 0.0314005] tic0=[0
74675,161.608,[0.0968,104,P=[0.0968 0.1534 -0.0087] V=[0.1817 0.4708 -0.0296] |Bas|=0.000000 |Bgs|=0.0878618 Bas=[0.000000 0.000000 0.000000] Bgs=[0.0753701 -0.0324509 0.0314005] tic0=[0
74782,161.712,[0.1188,79,P=[0.1188 0.2082 -0.0123] V=[0.2386 0.5872 -0.0398] |Bas|=0.000000 |Bgs|=0.0878618 Bas=[0.000000 0.000000 0.000000] Bgs=[0.0753701 -0.0324509 0.0314005] tic0=[0
74911,161.808,[0.1441,117,P=[0.1441 0.2702 -0.0165] V=[0.2894 0.7038 -0.0497] |Bas|=0.000000 |Bgs|=0.0878618 Bas=[0.000000 0.000000 0.000000] Bgs=[0.0753701 -0.0324509 0.0314005] tic0=[0
75020,161.908,[0.1760,120,P=[0.1760 0.3465 -0.0219] V=[0.3483 0.8249 -0.0584] |Bas|=0.000000 |Bgs|=0.0878618 Bas=[0.000000 0.000000 0.000000] Bgs=[0.0753701 -0.0324509 0.0314005] tic0=[0
75128,162.008,[0.2137,106,P=[0.2137 0.4355 -0.0282] V=[0.4072 0.9571 -0.0678] |Bas|=0.000000 |Bgs|=0.0878618 Bas=[0.000000 0.000000 0.000000] Bgs=[0.0753701 -0.0324509 0.0314005] tic0=[0
75254,162.108,[0.2577,79,P=[0.2577 0.5382 -0.0355] V=[0.4738 1.0967 -0.0798] |Bas|=0.000000 |Bgs|=0.0878618 Bas=[0.000000 0.000000 0.000000] Bgs=[0.0753701 -0.0324509 0.0314005] tic0=[0
75401,162.208,[0.3085,121,P=[0.3085 0.6552 -0.0441] V=[0.5423 1.2431 -0.0938] |Bas|=0.000000 |Bgs|=0.0878618 Bas=[0.000000 0.000000 0.000000] Bgs=[0.0753701 -0.0324509 0.0314005] tic0=[0
75523,162.308,[0.3664,119,P=[0.3664 0.7872 -0.0542] V=[0.6162 1.3989 -0.1076] |Bas|=0.000000 |Bgs|=0.0878618 Bas=[0.000000 0.000000 0.000000] Bgs=[0.0753701 -0.0324509 0.0314005] tic0=[0
75645,162.408,[0.4318,105,P=[0.4318 0.9349 -0.0658] V=[0.6929 1.5582 -0.1249] |Bas|=0.000000 |Bgs|=0.0878618 Bas=[0.000000 0.000000 0.000000] Bgs=[0.0753701 -0.0324509 0.0314005] tic0=[0
75771,162.508,[0.5050,117,P=[0.5050 1.0993 -0.0793] V=[0.7709 1.7293 -0.1434] |Bas|=0.000000 |Bgs|=0.0878618 Bas=[0.000000 0.000000 0.000000] Bgs=[0.0753701 -0.0324509 0.0314005] tic0=[0
75903,162.608,[0.5861,80,P=[0.5861 1.2809 -0.0944] V=[0.8537 1.9046 -0.1622] |Bas|=0.000000 |Bgs|=0.0878618 Bas=[0.000000 0.000000 0.000000] Bgs=[0.0753701 -0.0324509 0.0314005] tic0=[0
76049,162.708,[0.6757,120,P=[0.6757 1.4804 -0.1116] V=[0.9408 2.0865 -0.1830] |Bas|=0.000000 |Bgs|=0.0878618 Bas=[0.000000 0.000000 0.000000] Bgs=[0.0753701 -0.0324509 0.0314005] tic0=[0
76435,164.008,[-0.0021,122,P=[-0.0021 0.0046 0.0001] V=[-0.0213 0.0494 0.0013] |Bas|=0.000000 |Bgs|=0.0018339 Bas=[0.000000 0.000000 0.000000] Bgs=[-0.0010468 0.0003090 -0.0014738] tic0=[
76455,164.108,[-0.0041,102,P=[-0.0041 0.0096 0.0002] V=[-0.0214 0.0509 0.0002] |Bas|=0.000000 |Bgs|=0.0018339 Bas=[0.000000 0.000000 0.000000] Bgs=[-0.0010468 0.0003090 -0.0014738] tic0=[
76501,164.208,[-0.0065,109,P=[-0.0065 0.0151 0.0001] V=[-0.0254 0.0559 -0.0030] |Bas|=0.000000 |Bgs|=0.0018339 Bas=[0.000000 0.000000 0.000000] Bgs=[-0.0010468 0.0003090 -0.0014738] tic0=
76540,164.308,[-0.0092,113,P=[-0.0092 0.0210 -0.0005] V=[-0.0285 0.0620 -0.0058] |Bas|=0.000000 |Bgs|=0.0018339 Bas=[0.000000 0.000000 0.000000] Bgs=[-0.0010468 0.0003090 -0.0014738] tic0
76578,164.408,[-0.0123,123,P=[-0.0123 0.0274 -0.0011] V=[-0.0323 0.0673 -0.0072] |Bas|=0.000000 |Bgs|=0.0018339 Bas=[0.000000 0.000000 0.000000] Bgs=[-0.0010468 0.0003090 -0.0014738] tic0
76607,164.508,[-0.0156,127,P=[-0.0156 0.0343 -0.0019] V=[-0.0336 0.0710 -0.0063] |Bas|=0.000000 |Bgs|=0.0018339 Bas=[0.000000 0.000000 0.000000] Bgs=[-0.0010468 0.0003090 -0.0014738] tic0
76633,164.608,[-0.0190,121,P=[-0.0190 0.0416 -0.0025] V=[-0.0348 0.0739 -0.0045] |Bas|=0.000000 |Bgs|=0.0018339 Bas=[0.000000 0.000000 0.000000] Bgs=[-0.0010468 0.0003090 -0.0014738] tic0
76716,164.708,[-0.0226,130,P=[-0.0226 0.0491 -0.0031] V=[-0.0358 0.0773 -0.0082] |Bas|=0.000000 |Bgs|=0.0018339 Bas=[0.000000 0.000000 0.000000] Bgs=[-0.0010468 0.0003090 -0.0014738] tic0
76795,164.808,[-0.0263,127,P=[-0.0263 0.0570 -0.0039] V=[-0.0375 0.0796 -0.0067] |Bas|=0.000000 |Bgs|=0.0018339 Bas=[0.000000 0.000000 0.000000] Bgs=[-0.0010468 0.0003090 -0.0014738] tic0
76896,164.908,[-0.0300,115,P=[-0.0300 0.0652 -0.0044] V=[-0.0389 0.0836 -0.0043] |Bas|=0.000000 |Bgs|=0.0018339 Bas=[0.000000 0.000000 0.000000] Bgs=[-0.0010468 0.0003090 -0.0014738] tic0
76984,165.008,[-0.0339,125,P=[-0.0339 0.0737 -0.0047] V=[-0.0409 0.0862 -0.0033] |Bas|=0.000000 |Bgs|=0.0018339 Bas=[0.000000 0.000000 0.000000] Bgs=[-0.0010468 0.0003090 -0.0014738] tic0
77074,165.108,[-0.0382,118,P=[-0.0382 0.0826 -0.0050] V=[-0.0461 0.0925 -0.0027] |Bas|=0.000000 |Bgs|=0.0018339 Bas=[0.000000 0.000000 0.000000] Bgs=[-0.0010468 0.0003090 -0.0014738] tic0
77480,166.372,[0.0015,130,P=[0.0015 -0.0051 -0.0002] V=[0.0117 -0.0477 -0.0013] |Bas|=0.000000 |Bgs|=0.0019759 Bas=[0.000000 0.000000 0.000000] Bgs=[0.0005876 0.0013227 -0.0013451] tic0=
77499,166.472,[0.0026,117,P=[0.0026 -0.0102 0.0000] V=[0.0122 -0.0523 0.0039] |Bas|=0.000000 |Bgs|=0.0019759 Bas=[0.000000 0.000000 0.000000] Bgs=[0.0005876 0.0013227 -0.0013451] tic0=[0
77536,166.544,[0.0035,118,P=[0.0035 -0.0142 0.0002] V=[0.0120 -0.0588 0.0007] |Bas|=0.000000 |Bgs|=0.0019759 Bas=[0.000000 0.000000 0.000000] Bgs=[0.0005876 0.0013227 -0.0013451] tic0=[0
77564,166.644,[0.0046,119,P=[0.0046 -0.0202 0.0000] V=[0.0107 -0.0618 -0.0028] |Bas|=0.000000 |Bgs|=0.0019759 Bas=[0.000000 0.000000 0.000000] Bgs=[0.0005876 0.0013227 -0.0013451] tic0=[
77596,166.72,[0.0053,124,P=[0.0053 -0.0251 -0.0003] V=[0.0093 -0.0685 -0.0047] |Bas|=0.000000 |Bgs|=0.0019759 Bas=[0.000000 0.000000 0.000000] Bgs=[0.0005876 0.0013227 -0.0013451] tic0=
77625,166.844,[0.0064,117,P=[0.0064 -0.0341 -0.0008] V=[0.0079 -0.0765 -0.0021] |Bas|=0.000000 |Bgs|=0.0019759 Bas=[0.000000 0.000000 0.000000] Bgs=[0.0005876 0.0013227 -0.0013451] tic0=
77654,166.92,[0.0070,126,P=[0.0070 -0.0400 -0.0008] V=[0.0056 -0.0797 0.0006] |Bas|=0.000000 |Bgs|=0.0019759 Bas=[0.000000 0.000000 0.000000] Bgs=[0.0005876 0.0013227 -0.0013451] tic0=[
77683,167.036,[0.0075,121,P=[0.0075 -0.0495 -0.0008] V=[0.0027 -0.0831 -0.0011] |Bas|=0.000000 |Bgs|=0.0019759 Bas=[0.000000 0.000000 0.000000] Bgs=[0.0005876 0.0013227 -0.0013451] tic0=
77766,167.144,[0.0077,121,P=[0.0077 -0.0588 -0.0009] V=[-0.0003 -0.0882 -0.0009] |Bas|=0.000000 |Bgs|=0.0019759 Bas=[0.000000 0.000000 0.000000] Bgs=[0.0005876 0.0013227 -0.0013451] tic0
77852,167.22,[0.0078,123,P=[0.0078 -0.0656 -0.0008] V=[0.0027 -0.0927 0.0021] |Bas|=0.000000 |Bgs|=0.0019759 Bas=[0.000000 0.000000 0.000000] Bgs=[0.0005876 0.0013227 -0.0013451] tic0=[
77949,167.324,[0.0080,114,P=[0.0080 -0.0752 -0.0009] V=[0.0016 -0.0921 -0.0020] |Bas|=0.000000 |Bgs|=0.0019759 Bas=[0.000000 0.000000 0.000000] Bgs=[0.0005876 0.0013227 -0.0013451] tic0=
78042,167.416,[0.0083,126,P=[0.0083 -0.0840 -0.0010] V=[0.0053 -0.1003 0.0004] |Bas|=0.000000 |Bgs|=0.0019759 Bas=[0.000000 0.000000 0.000000] Bgs=[0.0005876 0.0013227 -0.0013451] tic0=[
78126,167.516,[0.0088,128,P=[0.0088 -0.0942 -0.0009] V=[0.0051 -0.1031 0.0020] |Bas|=0.000000 |Bgs|=0.0019759 Bas=[0.000000 0.000000 0.000000] Bgs=[0.0005876 0.0013227 -0.0013451] tic0=[
78210,167.632,[0.0093,114,P=[0.0093 -0.1065 -0.0006] V=[0.0020 -0.1110 0.0020] |Bas|=0.000000 |Bgs|=0.0019759 Bas=[0.000000 0.000000 0.000000] Bgs=[0.0005876 0.0013227 -0.0013451] tic0=[
78306,167.72,[0.0094,116,P=[0.0094 -0.1164 -0.0006] V=[-0.0016 -0.1145 -0.0017] |Bas|=0.000000 |Bgs|=0.0019759 Bas=[0.000000 0.000000 0.000000] Bgs=[0.0005876 0.0013227 -0.0013451] tic0
78401,167.82,[0.0091,117,P=[0.0091 -0.1281 -0.0009] V=[-0.0047 -0.1184 -0.0018] |Bas|=0.000000 |Bgs|=0.0019759 Bas=[0.000000 0.000000 0.000000] Bgs=[0.0005876 0.0013227 -0.0013451] tic0
78490,167.924,[0.0085,106,P=[0.0085 -0.1407 -0.0012] V=[-0.0070 -0.1226 -0.0021] |Bas|=0.000000 |Bgs|=0.0019759 Bas=[0.000000 0.000000 0.000000] Bgs=[0.0005876 0.0013227 -0.0013451] tic0
78598,168.02,[0.0076,115,P=[0.0076 -0.1526 -0.0015] V=[-0.0101 -0.1280 -0.0057] |Bas|=0.000000 |Bgs|=0.0019759 Bas=[0.000000 0.000000 0.000000] Bgs=[0.0005876 0.0013227 -0.0013451] tic0
79004,169.22,[0.0013,127,P=[0.0013 -0.0005 -0.0007] V=[0.0211 -0.0068 -0.0097] |Bas|=0.000000 |Bgs|=0.0013395 Bas=[0.000000 0.000000 0.000000] Bgs=[0.0012627 -0.0001035 0.0004349] tic0=
79025,169.328,[0.0036,127,P=[0.0036 -0.0010 -0.0019] V=[0.0219 -0.0040 -0.0121] |Bas|=0.000000 |Bgs|=0.0013395 Bas=[0.000000 0.000000 0.000000] Bgs=[0.0012627 -0.0001035 0.0004349] tic0=
79051,169.416,[0.0054,130,P=[0.0054 -0.0016 -0.0030] V=[0.0210 -0.0087 -0.0129] |Bas|=0.000000 |Bgs|=0.0013395 Bas=[0.000000 0.000000 0.000000] Bgs=[0.0012627 -0.0001035 0.0004349] tic0=
79070,169.516,[0.0076,132,P=[0.0076 -0.0025 -0.0044] V=[0.0228 -0.0077 -0.0118] |Bas|=0.000000 |Bgs|=0.0013395 Bas=[0.000000 0.000000 0.000000] Bgs=[0.0012627 -0.0001035 0.0004349] tic0=
79091,169.628,[0.0103,130,P=[0.0103 -0.0035 -0.0059] V=[0.0262 -0.0090 -0.0141] |Bas|=0.000000 |Bgs|=0.0013395 Bas=[0.000000 0.000000 0.000000] Bgs=[0.0012627 -0.0001035 0.0004349] tic0=
79118,169.724,[0.0129,127,P=[0.0129 -0.0042 -0.0074] V=[0.0279 -0.0066 -0.0167] |Bas|=0.000000 |Bgs|=0.0013395 Bas=[0.000000 0.000000 0.000000] Bgs=[0.0012627 -0.0001035 0.0004349] tic0=
79148,169.832,[0.0159,123,P=[0.0159 -0.0048 -0.0092] V=[0.0280 -0.0039 -0.0167] |Bas|=0.000000 |Bgs|=0.0013395 Bas=[0.000000 0.000000 0.000000] Bgs=[0.0012627 -0.0001035 0.0004349] tic0=
79172,169.92,[0.0184,125,P=[0.0184 -0.0051 -0.0107] V=[0.0267 -0.0049 -0.0157] |Bas|=0.000000 |Bgs|=0.0013395 Bas=[0.000000 0.000000 0.000000] Bgs=[0.0012627 -0.0001035 0.0004349] tic0=
79198,170.032,[0.0214,122,P=[0.0214 -0.0055 -0.0124] V=[0.0266 -0.0032 -0.0160] |Bas|=0.000000 |Bgs|=0.0013395 Bas=[0.000000 0.000000 0.000000] Bgs=[0.0012627 -0.0001035 0.0004349] tic0=
79222,170.124,[0.0238,131,P=[0.0238 -0.0058 -0.0139] V=[0.0266 -0.0019 -0.0173] |Bas|=0.000000 |Bgs|=0.0013395 Bas=[0.000000 0.000000 0.000000] Bgs=[0.0012627 -0.0001035 0.0004349] tic0=
79242,170.224,[0.0265,121,P=[0.0265 -0.0060 -0.0155] V=[0.0272 -0.0043 -0.0166] |Bas|=0.000000 |Bgs|=0.0013395 Bas=[0.000000 0.000000 0.000000] Bgs=[0.0012627 -0.0001035 0.0004349] tic0=
79264,170.32,[0.0290,126,P=[0.0290 -0.0063 -0.0169] V=[0.0277 -0.0016 -0.0152] |Bas|=0.000000 |Bgs|=0.0013395 Bas=[0.000000 0.000000 0.000000] Bgs=[0.0012627 -0.0001035 0.0004349] tic0=
79288,170.424,[0.0320,125,P=[0.0320 -0.0064 -0.0183] V=[0.0272 -0.0008 -0.0127] |Bas|=0.000000 |Bgs|=0.0013395 Bas=[0.000000 0.000000 0.000000] Bgs=[0.0012627 -0.0001035 0.0004349] tic0=
79315,170.524,[0.0347,125,P=[0.0347 -0.0063 -0.0196] V=[0.0274 0.0011 -0.0127] |Bas|=0.000000 |Bgs|=0.0013395 Bas=[0.000000 0.000000 0.000000] Bgs=[0.0012627 -0.0001035 0.0004349] tic0=[
79338,170.616,[0.0372,131,P=[0.0372 -0.0061 -0.0208] V=[0.0257 0.0028 -0.0129] |Bas|=0.000000 |Bgs|=0.0013395 Bas=[0.000000 0.000000 0.000000] Bgs=[0.0012627 -0.0001035 0.0004349] tic0=[
79361,170.724,[0.0401,131,P=[0.0401 -0.0056 -0.0221] V=[0.0274 0.0061 -0.0105] |Bas|=0.000000 |Bgs|=0.0013395 Bas=[0.000000 0.000000 0.000000] Bgs=[0.0012627 -0.0001035 0.0004349] tic0=[
79378,170.828,[0.0430,124,P=[0.0430 -0.0050 -0.0231] V=[0.0281 0.0066 -0.0084] |Bas|=0.000000 |Bgs|=0.0013395 Bas=[0.000000 0.000000 0.000000] Bgs=[0.0012627 -0.0001035 0.0004349] tic0=[
79398,170.928,[0.0459,122,P=[0.0459 -0.0040 -0.0238] V=[0.0286 0.0122 -0.0069] |Bas|=0.000000 |Bgs|=0.0013395 Bas=[0.000000 0.000000 0.000000] Bgs=[0.0012627 -0.0001035 0.0004349] tic0=[
79424,171.032,[0.0487,128,P=[0.0487 -0.0025 -0.0245] V=[0.0275 0.0172 -0.0087] |Bas|=0.000000 |Bgs|=0.0013395 Bas=[0.000000 0.000000 0.000000] Bgs=[0.0012627 -0.0001035 0.0004349] tic0=[
79452,171.124,[0.0512,124,P=[0.0512 -0.0006 -0.0254] V=[0.0250 0.0234 -0.0092] |Bas|=0.000000 |Bgs|=0.0013395 Bas=[0.000000 0.000000 0.000000] Bgs=[0.0012627 -0.0001035 0.0004349] tic0=[
79473,171.228,[0.0537,128,P=[0.0537 0.0020 -0.0266] V=[0.0250 0.0275 -0.0147] |Bas|=0.000000 |Bgs|=0.0013395 Bas=[0.000000 0.000000 0.000000] Bgs=[0.0012627 -0.0001035 0.0004349] tic0=[0
79497,171.336,[0.0562,122,P=[0.0562 0.0051 -0.0283] V=[0.0215 0.0312 -0.0157] |Bas|=0.000000 |Bgs|=0.0013395 Bas=[0.000000 0.000000 0.000000] Bgs=[0.0012627 -0.0001035 0.0004349] tic0=[0
79526,171.452,[0.0586,123,P=[0.0586 0.0087 -0.0301] V=[0.0201 0.0327 -0.0157] |Bas|=0.000000 |Bgs|=0.0013395 Bas=[0.000000 0.000000 0.000000] Bgs=[0.0012627 -0.0001035 0.0004349] tic0=[0
79548,171.584,[0.0613,117,P=[0.0613 0.0133 -0.0320] V=[0.0213 0.0371 -0.0145] |Bas|=0.000000 |Bgs|=0.0013395 Bas=[0.000000 0.000000 0.000000] Bgs=[0.0012627 -0.0001035 0.0004349] tic0=[0
79573,171.684,[0.0635,125,P=[0.0635 0.0174 -0.0334] V=[0.0223 0.0446 -0.0137] |Bas|=0.000000 |Bgs|=0.0013395 Bas=[0.000000 0.000000 0.000000] Bgs=[0.0012627 -0.0001035 0.0004349] tic0=[0
79599,171.784,[0.0657,124,P=[0.0657 0.0220 -0.0347] V=[0.0212 0.0474 -0.0147] |Bas|=0.000000 |Bgs|=0.0013395 Bas=[0.000000 0.000000 0.000000] Bgs=[0.0012627 -0.0001035 0.0004349] tic0=[0
79621,171.884,[0.0677,123,P=[0.0677 0.0269 -0.0363] V=[0.0203 0.0502 -0.0164] |Bas|=0.000000 |Bgs|=0.0013395 Bas=[0.000000 0.000000 0.000000] Bgs=[0.0012627 -0.0001035 0.0004349] tic0=[0
79649,171.984,[0.0697,127,P=[0.0697 0.0323 -0.0380] V=[0.0192 0.0571 -0.0170] |Bas|=0.000000 |Bgs|=0.0013395 Bas=[0.000000 0.000000 0.000000] Bgs=[0.0012627 -0.0001035 0.0004349] tic0=[0
79675,172.084,[0.0717,128,P=[0.0717 0.0381 -0.0395] V=[0.0206 0.0606 -0.0157] |Bas|=0.000000 |Bgs|=0.0013395 Bas=[0.000000 0.000000 0.000000] Bgs=[0.0012627 -0.0001035 0.0004349] tic0=[0
79700,172.184,[0.0736,122,P=[0.0736 0.0443 -0.0411] V=[0.0188 0.0642 -0.0135] |Bas|=0.000000 |Bgs|=0.0013395 Bas=[0.000000 0.000000 0.000000] Bgs=[0.0012627 -0.0001035 0.0004349] tic0=[0
79729,172.284,[0.0755,124,P=[0.0755 0.0510 -0.0423] V=[0.0194 0.0681 -0.0098] |Bas|=0.000000 |Bgs|=0.0013395 Bas=[0.000000 0.000000 0.000000] Bgs=[0.0012627 -0.0001035 0.0004349] tic0=[0
79754,172.384,[0.0774,126,P=[0.0774 0.0581 -0.0430] V=[0.0182 0.0733 -0.0027] |Bas|=0.000000 |Bgs|=0.0013395 Bas=[0.000000 0.000000 0.000000] Bgs=[0.0012627 -0.0001035 0.0004349] tic0=[0
79775,172.484,[0.0791,120,P=[0.0791 0.0658 -0.0435] V=[0.0163 0.0804 -0.0048] |Bas|=0.000000 |Bgs|=0.0013395 Bas=[0.000000 0.000000 0.000000] Bgs=[0.0012627 -0.0001035 0.0004349] tic0=[0
79804,172.584,[0.0808,127,P=[0.0808 0.0740 -0.0437] V=[0.0168 0.0845 -0.0007] |Bas|=0.000000 |Bgs|=0.0013395 Bas=[0.000000 0.000000 0.000000] Bgs=[0.0012627 -0.0001035 0.0004349] tic0=[0
79825,172.716,[0.0833,124,P=[0.0833 0.0855 -0.0436] V=[0.0194 0.0904 0.0020] |Bas|=0.000000 |Bgs|=0.0013395 Bas=[0.000000 0.000000 0.000000] Bgs=[0.0012627 -0.0001035 0.0004349] tic0=[0.
79913,172.852,[0.0858,126,P=[0.0858 0.0984 -0.0435] V=[0.0170 0.1008 -0.0010] |Bas|=0.000000 |Bgs|=0.0013395 Bas=[0.000000 0.000000 0.000000] Bgs=[0.0012627 -0.0001035 0.0004349] tic0=[0
79994,172.96,[0.0878,120,P=[0.0878 0.1097 -0.0437] V=[0.0216 0.1100 -0.0046] |Bas|=0.000000 |Bgs|=0.0013395 Bas=[0.000000 0.000000 0.000000] Bgs=[0.0012627 -0.0001035 0.0004349] tic0=[0
80090,173.06,[0.0900,86,P=[0.0900 0.1210 -0.0443] V=[0.0220 0.1177 -0.0078] |Bas|=0.000000 |Bgs|=0.0013395 Bas=[0.000000 0.000000 0.000000] Bgs=[0.0012627 -0.0001035 0.0004349] tic0=[0
80201,173.184,[0.0928,119,P=[0.0928 0.1362 -0.0450] V=[0.0203 0.1265 -0.0037] |Bas|=0.000000 |Bgs|=0.0013395 Bas=[0.000000 0.000000 0.000000] Bgs=[0.0012627 -0.0001035 0.0004349] tic0=[0
80292,173.284,[0.0948,107,P=[0.0948 0.1493 -0.0453] V=[0.0192 0.1370 -0.0024] |Bas|=0.000000 |Bgs|=0.0013395 Bas=[0.000000 0.000000 0.000000] Bgs=[0.0012627 -0.0001035 0.0004349] tic0=[0
80395,173.388,[0.0967,122,P=[0.0967 0.1641 -0.0456] V=[0.0194 0.1462 -0.0017] |Bas|=0.000000 |Bgs|=0.0013395 Bas=[0.000000 0.000000 0.000000] Bgs=[0.0012627 -0.0001035 0.0004349] tic0=[0
80476,173.496,[0.0989,115,P=[0.0989 0.1804 -0.0458] V=[0.0192 0.1565 -0.0011] |Bas|=0.000000 |Bgs|=0.0013395 Bas=[0.000000 0.000000 0.000000] Bgs=[0.0012627 -0.0001035 0.0004349] tic0=[0
80579,173.596,[0.1007,102,P=[0.1007 0.1963 -0.0460] V=[0.0196 0.1641 -0.0027] |Bas|=0.000000 |Bgs|=0.0013395 Bas=[0.000000 0.000000 0.000000] Bgs=[0.0012627 -0.0001035 0.0004349] tic0=[0
80680,173.696,[0.1026,114,P=[0.1026 0.2131 -0.0464] V=[0.0180 0.1717 -0.0052] |Bas|=0.000000 |Bgs|=0.0013395 Bas=[0.000000 0.000000 0.000000] Bgs=[0.0012627 -0.0001035 0.0004349] tic0=[0
80769,173.796,[0.1041,122,P=[0.1041 0.2306 -0.0469] V=[0.0146 0.1785 -0.0031] |Bas|=0.000000 |Bgs|=0.0013395 Bas=[0.000000 0.000000 0.000000] Bgs=[0.0012627 -0.0001035 0.0004349] tic0=[0
80860,173.9,[0.1058,111,P=[0.1058 0.2496 -0.0472] V=[0.0146 0.1877 -0.0020] |Bas|=0.000000 |Bgs|=0.0013395 Bas=[0.000000 0.000000 0.000000] Bgs=[0.0012627 -0.0001035 0.0004349] tic0=[0
80955,173.996,[0.1072,125,P=[0.1072 0.2681 -0.0476] V=[0.0140 0.1953 -0.0035] |Bas|=0.000000 |Bgs|=0.0013395 Bas=[0.000000 0.000000 0.000000] Bgs=[0.0012627 -0.0001035 0.0004349] tic0=[0
81041,174.096,[0.1083,127,P=[0.1083 0.2880 -0.0479] V=[0.0112 0.2015 -0.0055] |Bas|=0.000000 |Bgs|=0.0013395 Bas=[0.000000 0.000000 0.000000] Bgs=[0.0012627 -0.0001035 0.0004349] tic0=[0
81124,174.2,[0.1094,118,P=[0.1094 0.3097 -0.0486] V=[0.0088 0.2170 -0.0061] |Bas|=0.000000 |Bgs|=0.0013395 Bas=[0.000000 0.000000 0.000000] Bgs=[0.0012627 -0.0001035 0.0004349] tic0=[0
81220,174.3,[0.1102,124,P=[0.1102 0.3319 -0.0493] V=[0.0091 0.2257 -0.0080] |Bas|=0.000000 |Bgs|=0.0013395 Bas=[0.000000 0.000000 0.000000] Bgs=[0.0012627 -0.0001035 0.0004349] tic0=[0
81322,174.396,[0.1111,103,P=[0.1111 0.3539 -0.0501] V=[0.0069 0.2336 -0.0094] |Bas|=0.000000 |Bgs|=0.0013395 Bas=[0.000000 0.000000 0.000000] Bgs=[0.0012627 -0.0001035 0.0004349] tic0=[0
81433,174.496,[0.1117,132,P=[0.1117 0.3778 -0.0513] V=[0.0051 0.2433 -0.0157] |Bas|=0.000000 |Bgs|=0.0013395 Bas=[0.000000 0.000000 0.000000] Bgs=[0.0012627 -0.0001035 0.0004349] tic0=[0
81528,174.596,[0.1122,112,P=[0.1122 0.4026 -0.0530] V=[0.0047 0.2530 -0.0164] |Bas|=0.000000 |Bgs|=0.0013395 Bas=[0.000000 0.000000 0.000000] Bgs=[0.0012627 -0.0001035 0.0004349] tic0=[0
81636,174.7,[0.1127,121,P=[0.1127 0.4293 -0.0548] V=[0.0045 0.2605 -0.0178] |Bas|=0.000000 |Bgs|=0.0013395 Bas=[0.000000 0.000000 0.000000] Bgs=[0.0012627 -0.0001035 0.0004349] tic0=[0
81737,174.796,[0.1131,122,P=[0.1131 0.4546 -0.0565] V=[0.0044 0.2670 -0.0184] |Bas|=0.000000 |Bgs|=0.0013395 Bas=[0.000000 0.000000 0.000000] Bgs=[0.0012627 -0.0001035 0.0004349] tic0=[0
81835,174.896,[0.1135,125,P=[0.1135 0.4819 -0.0585] V=[0.0045 0.2788 -0.0201] |Bas|=0.000000 |Bgs|=0.0013395 Bas=[0.000000 0.000000 0.000000] Bgs=[0.0012627 -0.0001035 0.0004349] tic0=[0
81931,174.996,[0.1140,115,P=[0.1140 0.5102 -0.0605] V=[0.0066 0.2883 -0.0198] |Bas|=0.000000 |Bgs|=0.0013395 Bas=[0.000000 0.000000 0.000000] Bgs=[0.0012627 -0.0001035 0.0004349] tic0=[0
82017,175.096,[0.1146,126,P=[0.1146 0.5394 -0.0623] V=[0.0067 0.2941 -0.0160] |Bas|=0.000000 |Bgs|=0.0013395 Bas=[0.000000 0.000000 0.000000] Bgs=[0.0012627 -0.0001035 0.0004349] tic0=[0
82397,176.272,[0.0045,123,P=[0.0045 -0.0010 0.0005] V=[0.0372 -0.0083 -0.0020] |Bas|=0.000000 |Bgs|=0.0018919 Bas=[0.000000 0.000000 0.000000] Bgs=[0.0013117 -0.0007638 0.0011294] tic0=[
82425,176.344,[0.0073,113,P=[0.0073 -0.0016 0.0004] V=[0.0398 -0.0075 -0.0021] |Bas|=0.000000 |Bgs|=0.0018919 Bas=[0.000000 0.000000 0.000000] Bgs=[0.0013117 -0.0007638 0.0011294] tic0=[
82462,176.452,[0.0118,119,P=[0.0118 -0.0023 -0.0000] V=[0.0450 -0.0058 -0.0047] |Bas|=0.000000 |Bgs|=0.0018919 Bas=[0.000000 0.000000 0.000000] Bgs=[0.0013117 -0.0007638 0.0011294] tic0=
82486,176.572,[0.0178,116,P=[0.0178 -0.0030 -0.0005] V=[0.0525 -0.0061 -0.0054] |Bas|=0.000000 |Bgs|=0.0018919 Bas=[0.000000 0.000000 0.000000] Bgs=[0.0013117 -0.0007638 0.0011294] tic0=
82522,176.644,[0.0216,127,P=[0.0216 -0.0034 -0.0010] V=[0.0532 -0.0068 -0.0085] |Bas|=0.000000 |Bgs|=0.0018919 Bas=[0.000000 0.000000 0.000000] Bgs=[0.0013117 -0.0007638 0.0011294] tic0=
82545,176.752,[0.0276,122,P=[0.0276 -0.0043 -0.0020] V=[0.0581 -0.0091 -0.0093] |Bas|=0.000000 |Bgs|=0.0018919 Bas=[0.000000 0.000000 0.000000] Bgs=[0.0013117 -0.0007638 0.0011294] tic0=
82573,176.876,[0.0354,121,P=[0.0354 -0.0054 -0.0032] V=[0.0681 -0.0082 -0.0102] |Bas|=0.000000 |Bgs|=0.0018919 Bas=[0.000000 0.000000 0.000000] Bgs=[0.0013117 -0.0007638 0.0011294] tic0=
82598,177.008,[0.0446,131,P=[0.0446 -0.0067 -0.0047] V=[0.0701 -0.0107 -0.0131] |Bas|=0.000000 |Bgs|=0.0018919 Bas=[0.000000 0.000000 0.000000] Bgs=[0.0013117 -0.0007638 0.0011294] tic0=
82622,177.108,[0.0518,111,P=[0.0518 -0.0078 -0.0062] V=[0.0732 -0.0095 -0.0164] |Bas|=0.000000 |Bgs|=0.0018919 Bas=[0.000000 0.000000 0.000000] Bgs=[0.0013117 -0.0007638 0.0011294] tic0=
82713,177.208,[0.0594,113,P=[0.0594 -0.0088 -0.0077] V=[0.0765 -0.0117 -0.0143] |Bas|=0.000000 |Bgs|=0.0018919 Bas=[0.000000 0.000000 0.000000] Bgs=[0.0013117 -0.0007638 0.0011294] tic0=
82807,177.308,[0.0670,107,P=[0.0670 -0.0101 -0.0091] V=[0.0787 -0.0121 -0.0151] |Bas|=0.000000 |Bgs|=0.0018919 Bas=[0.000000 0.000000 0.000000] Bgs=[0.0013117 -0.0007638 0.0011294] tic0=
82912,177.408,[0.0749,117,P=[0.0749 -0.0111 -0.0106] V=[0.0815 -0.0105 -0.0140] |Bas|=0.000000 |Bgs|=0.0018919 Bas=[0.000000 0.000000 0.000000] Bgs=[0.0013117 -0.0007638 0.0011294] tic0=
83005,177.512,[0.0837,123,P=[0.0837 -0.0123 -0.0120] V=[0.0852 -0.0115 -0.0121] |Bas|=0.000000 |Bgs|=0.0018919 Bas=[0.000000 0.000000 0.000000] Bgs=[0.0013117 -0.0007638 0.0011294] tic0=
83090,177.608,[0.0920,129,P=[0.0920 -0.0133 -0.0131] V=[0.0873 -0.0097 -0.0128] |Bas|=0.000000 |Bgs|=0.0018919 Bas=[0.000000 0.000000 0.000000] Bgs=[0.0013117 -0.0007638 0.0011294] tic0=
83470,178.808,[-0.0029,127,P=[-0.0029 0.0009 0.0005] V=[-0.0258 0.0057 0.0051] |Bas|=0.000000 |Bgs|=0.0019200 Bas=[0.000000 0.000000 0.000000] Bgs=[0.0017221 0.0006361 0.0005622] tic0=[0.
83497,178.908,[-0.0055,116,P=[-0.0055 0.0015 0.0009] V=[-0.0298 0.0047 0.0027] |Bas|=0.000000 |Bgs|=0.0019200 Bas=[0.000000 0.000000 0.000000] Bgs=[0.0017221 0.0006361 0.0005622] tic0=[0.
83527,179.008,[-0.0087,125,P=[-0.0087 0.0020 0.0013] V=[-0.0344 0.0059 0.0041] |Bas|=0.000000 |Bgs|=0.0019200 Bas=[0.000000 0.000000 0.000000] Bgs=[0.0017221 0.0006361 0.0005622] tic0=[0.
83554,179.108,[-0.0122,124,P=[-0.0122 0.0026 0.0015] V=[-0.0357 0.0071 0.0025] |Bas|=0.000000 |Bgs|=0.0019200 Bas=[0.000000 0.000000 0.000000] Bgs=[0.0017221 0.0006361 0.0005622] tic0=[0.
83579,179.208,[-0.0157,122,P=[-0.0157 0.0034 0.0015] V=[-0.0357 0.0090 -0.0010] |Bas|=0.000000 |Bgs|=0.0019200 Bas=[0.000000 0.000000 0.000000] Bgs=[0.0017221 0.0006361 0.0005622] tic0=[0
83606,179.308,[-0.0193,122,P=[-0.0193 0.0045 0.0015] V=[-0.0378 0.0137 -0.0006] |Bas|=0.000000 |Bgs|=0.0019200 Bas=[0.000000 0.000000 0.000000] Bgs=[0.0017221 0.0006361 0.0005622] tic0=[0
83634,179.408,[-0.0234,123,P=[-0.0234 0.0059 0.0014] V=[-0.0426 0.0144 0.0002] |Bas|=0.000000 |Bgs|=0.0019200 Bas=[0.000000 0.000000 0.000000] Bgs=[0.0017221 0.0006361 0.0005622] tic0=[0.
83659,179.54,[-0.0292,123,P=[-0.0292 0.0081 0.0010] V=[-0.0462 0.0198 -0.0049] |Bas|=0.000000 |Bgs|=0.0019200 Bas=[0.000000 0.000000 0.000000] Bgs=[0.0017221 0.0006361 0.0005622] tic0=[0
83686,179.652,[-0.0348,108,P=[-0.0348 0.0105 0.0005] V=[-0.0533 0.0230 -0.0038] |Bas|=0.000000 |Bgs|=0.0019200 Bas=[0.000000 0.000000 0.000000] Bgs=[0.0017221 0.0006361 0.0005622] tic0=[0
83720,179.744,[-0.0400,124,P=[-0.0400 0.0128 0.0001] V=[-0.0570 0.0248 -0.0045] |Bas|=0.000000 |Bgs|=0.0019200 Bas=[0.000000 0.000000 0.000000] Bgs=[0.0017221 0.0006361 0.0005622] tic0=[0
83750,179.852,[-0.0466,121,P=[-0.0466 0.0156 -0.0005] V=[-0.0657 0.0269 -0.0046] |Bas|=0.000000 |Bgs|=0.0019200 Bas=[0.000000 0.000000 0.000000] Bgs=[0.0017221 0.0006361 0.0005622] tic0=[
83774,179.944,[-0.0528,120,P=[-0.0528 0.0182 -0.0009] V=[-0.0684 0.0284 -0.0054] |Bas|=0.000000 |Bgs|=0.0019200 Bas=[0.000000 0.000000 0.000000] Bgs=[0.0017221 0.0006361 0.0005622] tic0=[
83804,180.056,[-0.0606,128,P=[-0.0606 0.0217 -0.0017] V=[-0.0717 0.0342 -0.0086] |Bas|=0.000000 |Bgs|=0.0019200 Bas=[0.000000 0.000000 0.000000] Bgs=[0.0017221 0.0006361 0.0005622] tic0=[
83830,180.144,[-0.0671,124,P=[-0.0671 0.0248 -0.0026] V=[-0.0763 0.0362 -0.0098] |Bas|=0.000000 |Bgs|=0.0019200 Bas=[0.000000 0.000000 0.000000] Bgs=[0.0017221 0.0006361 0.0005622] tic0=[
83911,180.272,[-0.0768,132,P=[-0.0768 0.0297 -0.0043] V=[-0.0777 0.0413 -0.0162] |Bas|=0.000000 |Bgs|=0.0019200 Bas=[0.000000 0.000000 0.000000] Bgs=[0.0017221 0.0006361 0.0005622] tic0=[
83985,180.372,[-0.0849,119,P=[-0.0849 0.0341 -0.0059] V=[-0.0847 0.0451 -0.0158] |Bas|=0.000000 |Bgs|=0.0019200 Bas=[0.000000 0.000000 0.000000] Bgs=[0.0017221 0.0006361 0.0005622] tic0=[
84084,180.476,[-0.0940,109,P=[-0.0940 0.0387 -0.0076] V=[-0.0886 0.0446 -0.0188] |Bas|=0.000000 |Bgs|=0.0019200 Bas=[0.000000 0.000000 0.000000] Bgs=[0.0017221 0.0006361 0.0005622] tic0=[
84174,180.608,[-0.1059,132,P=[-0.1059 0.0448 -0.0102] V=[-0.0924 0.0470 -0.0205] |Bas|=0.000000 |Bgs|=0.0019200 Bas=[0.000000 0.000000 0.000000] Bgs=[0.0017221 0.0006361 0.0005622] tic0=[
84261,180.74,[-0.1182,123,P=[-0.1182 0.0510 -0.0128] V=[-0.0969 0.0485 -0.0192] |Bas|=0.000000 |Bgs|=0.0019200 Bas=[0.000000 0.000000 0.000000] Bgs=[0.0017221 0.0006361 0.0005622] tic0=[
84347,180.856,[-0.1298,121,P=[-0.1298 0.0569 -0.0152] V=[-0.1008 0.0556 -0.0212] |Bas|=0.000000 |Bgs|=0.0019200 Bas=[0.000000 0.000000 0.000000] Bgs=[0.0017221 0.0006361 0.0005622] tic0=[
84440,180.972,[-0.1417,125,P=[-0.1417 0.0637 -0.0179] V=[-0.1055 0.0614 -0.0225] |Bas|=0.000000 |Bgs|=0.0019200 Bas=[0.000000 0.000000 0.000000] Bgs=[0.0017221 0.0006361 0.0005622] tic0=[
84527,181.048,[-0.1498,119,P=[-0.1498 0.0686 -0.0198] V=[-0.1083 0.0678 -0.0256] |Bas|=0.000000 |Bgs|=0.0019200 Bas=[0.000000 0.000000 0.000000] Bgs=[0.0017221 0.0006361 0.0005622] tic0=[
84613,181.144,[-0.1604,129,P=[-0.1604 0.0755 -0.0223] V=[-0.1126 0.0730 -0.0264] |Bas|=0.000000 |Bgs|=0.0019200 Bas=[0.000000 0.000000 0.000000] Bgs=[0.0017221 0.0006361 0.0005622] tic0=[
84703,181.248,[-0.1723,116,P=[-0.1723 0.0834 -0.0252] V=[-0.1165 0.0790 -0.0297] |Bas|=0.000000 |Bgs|=0.0019200 Bas=[0.000000 0.000000 0.000000] Bgs=[0.0017221 0.0006361 0.0005622] tic0=[
84791,181.372,[-0.1873,122,P=[-0.1873 0.0936 -0.0287] V=[-0.1251 0.0856 -0.0273] |Bas|=0.000000 |Bgs|=0.0019200 Bas=[0.000000 0.000000 0.000000] Bgs=[0.0017221 0.0006361 0.0005622] tic0=[
84891,181.472,[-0.1999,97,P=[-0.1999 0.1026 -0.0315] V=[-0.1282 0.0942 -0.0272] |Bas|=0.000000 |Bgs|=0.0019200 Bas=[0.000000 0.000000 0.000000] Bgs=[0.0017221 0.0006361 0.0005622] tic0=[
84986,181.58,[-0.2138,120,P=[-0.2138 0.1132 -0.0346] V=[-0.1282 0.1010 -0.0299] |Bas|=0.000000 |Bgs|=0.0019200 Bas=[0.000000 0.000000 0.000000] Bgs=[0.0017221 0.0006361 0.0005622] tic0=[
85077,181.676,[-0.2263,104,P=[-0.2263 0.1233 -0.0374] V=[-0.1335 0.1096 -0.0280] |Bas|=0.000000 |Bgs|=0.0019200 Bas=[0.000000 0.000000 0.000000] Bgs=[0.0017221 0.0006361 0.0005622] tic0=[
85170,181.776,[-0.2397,122,P=[-0.2397 0.1343 -0.0402] V=[-0.1343 0.1106 -0.0272] |Bas|=0.000000 |Bgs|=0.0019200 Bas=[0.000000 0.000000 0.000000] Bgs=[0.0017221 0.0006361 0.0005622] tic0=[
85267,181.876,[-0.2532,116,P=[-0.2532 0.1457 -0.0428] V=[-0.1371 0.1181 -0.0259] |Bas|=0.000000 |Bgs|=0.0019200 Bas=[0.000000 0.000000 0.000000] Bgs=[0.0017221 0.0006361 0.0005622] tic0=[
85357,181.976,[-0.2673,132,P=[-0.2673 0.1578 -0.0454] V=[-0.1441 0.1233 -0.0263] |Bas|=0.000000 |Bgs|=0.0019200 Bas=[0.000000 0.000000 0.000000] Bgs=[0.0017221 0.0006361 0.0005622] tic0=[
85452,182.076,[-0.2819,107,P=[-0.2819 0.1707 -0.0481] V=[-0.1487 0.1320 -0.0264] |Bas|=0.000000 |Bgs|=0.0019200 Bas=[0.000000 0.000000 0.000000] Bgs=[0.0017221 0.0006361 0.0005622] tic0=[
85547,182.152,[-0.2932,121,P=[-0.2932 0.1808 -0.0500] V=[-0.1497 0.1358 -0.0247] |Bas|=0.000000 |Bgs|=0.0019200 Bas=[0.000000 0.000000 0.000000] Bgs=[0.0017221 0.0006361 0.0005622] tic0=[
85646,182.276,[-0.3121,129,P=[-0.3121 0.1981 -0.0535] V=[-0.1555 0.1438 -0.0290] |Bas|=0.000000 |Bgs|=0.0019200 Bas=[0.000000 0.000000 0.000000] Bgs=[0.0017221 0.0006361 0.0005622] tic0=[
85728,182.348,[-0.3236,112,P=[-0.3236 0.2087 -0.0555] V=[-0.1622 0.1506 -0.0288] |Bas|=0.000000 |Bgs|=0.0019200 Bas=[0.000000 0.000000 0.000000] Bgs=[0.0017221 0.0006361 0.0005622] tic0=[
85837,182.46,[-0.3420,132,P=[-0.3420 0.2260 -0.0589] V=[-0.1671 0.1585 -0.0294] |Bas|=0.000000 |Bgs|=0.0019200 Bas=[0.000000 0.000000 0.000000] Bgs=[0.0017221 0.0006361 0.0005622] tic0=[
85940,182.576,[-0.3614,103,P=[-0.3614 0.2450 -0.0623] V=[-0.1678 0.1709 -0.0306] |Bas|=0.000000 |Bgs|=0.0019200 Bas=[0.000000 0.000000 0.000000] Bgs=[0.0017221 0.0006361 0.0005622] tic0=[
86704,184.956,[0.0011,124,P=[0.0011 0.0007 0.0005] V=[0.0136 0.0039 0.0015] |Bas|=0.000000 |Bgs|=0.0005853 Bas=[0.000000 0.000000 0.000000] Bgs=[0.0001035 0.0003908 -0.0004232] tic0=[0.1
86726,185.064,[0.0026,114,P=[0.0026 0.0013 0.0007] V=[0.0143 0.0040 -0.0007] |Bas|=0.000000 |Bgs|=0.0005853 Bas=[0.000000 0.000000 0.000000] Bgs=[0.0001035 0.0003908 -0.0004232] tic0=[0.
86762,185.164,[0.0040,128,P=[0.0040 0.0017 0.0007] V=[0.0135 0.0051 0.0021] |Bas|=0.000000 |Bgs|=0.0005853 Bas=[0.000000 0.000000 0.000000] Bgs=[0.0001035 0.0003908 -0.0004232] tic0=[0.1
86785,185.256,[0.0052,123,P=[0.0052 0.0023 0.0008] V=[0.0119 0.0070 0.0014] |Bas|=0.000000 |Bgs|=0.0005853 Bas=[0.000000 0.000000 0.000000] Bgs=[0.0001035 0.0003908 -0.0004232] tic0=[0.1
86810,185.36,[0.0067,125,P=[0.0067 0.0033 0.0009] V=[0.0153 0.0106 0.0011] |Bas|=0.000000 |Bgs|=0.0005853 Bas=[0.000000 0.000000 0.000000] Bgs=[0.0001035 0.0003908 -0.0004232] tic0=[0.1
86838,185.46,[0.0082,122,P=[0.0082 0.0045 0.0007] V=[0.0149 0.0144 -0.0037] |Bas|=0.000000 |Bgs|=0.0005853 Bas=[0.000000 0.000000 0.000000] Bgs=[0.0001035 0.0003908 -0.0004232] tic0=[0.
86862,185.556,[0.0097,127,P=[0.0097 0.0058 0.0004] V=[0.0173 0.0122 -0.0037] |Bas|=0.000000 |Bgs|=0.0005853 Bas=[0.000000 0.000000 0.000000] Bgs=[0.0001035 0.0003908 -0.0004232] tic0=[0.
86881,185.66,[0.0115,125,P=[0.0115 0.0073 0.0000] V=[0.0186 0.0157 -0.0053] |Bas|=0.000000 |Bgs|=0.0005853 Bas=[0.000000 0.000000 0.000000] Bgs=[0.0001035 0.0003908 -0.0004232] tic0=[0.
86907,185.764,[0.0133,125,P=[0.0133 0.0090 -0.0007] V=[0.0165 0.0167 -0.0062] |Bas|=0.000000 |Bgs|=0.0005853 Bas=[0.000000 0.000000 0.000000] Bgs=[0.0001035 0.0003908 -0.0004232] tic0=[0
86937,185.888,[0.0158,119,P=[0.0158 0.0108 -0.0016] V=[0.0207 0.0159 -0.0062] |Bas|=0.000000 |Bgs|=0.0005853 Bas=[0.000000 0.000000 0.000000] Bgs=[0.0001035 0.0003908 -0.0004232] tic0=[0
86964,185.988,[0.0180,122,P=[0.0180 0.0128 -0.0022] V=[0.0213 0.0227 -0.0053] |Bas|=0.000000 |Bgs|=0.0005853 Bas=[0.000000 0.000000 0.000000] Bgs=[0.0001035 0.0003908 -0.0004232] tic0=[0
86989,186.092,[0.0205,124,P=[0.0205 0.0152 -0.0029] V=[0.0253 0.0252 -0.0071] |Bas|=0.000000 |Bgs|=0.0005853 Bas=[0.000000 0.000000 0.000000] Bgs=[0.0001035 0.0003908 -0.0004232] tic0=[0
87074,186.188,[0.0225,124,P=[0.0225 0.0179 -0.0036] V=[0.0185 0.0304 -0.0073] |Bas|=0.000000 |Bgs|=0.0005853 Bas=[0.000000 0.000000 0.000000] Bgs=[0.0001035 0.0003908 -0.0004232] tic0=[0
87163,186.288,[0.0243,104,P=[0.0243 0.0211 -0.0042] V=[0.0187 0.0346 -0.0050] |Bas|=0.000000 |Bgs|=0.0005853 Bas=[0.000000 0.000000 0.000000] Bgs=[0.0001035 0.0003908 -0.0004232] tic0=[0
87264,186.388,[0.0263,110,P=[0.0263 0.0246 -0.0046] V=[0.0191 0.0381 -0.0029] |Bas|=0.000000 |Bgs|=0.0005853 Bas=[0.000000 0.000000 0.000000] Bgs=[0.0001035 0.0003908 -0.0004232] tic0=[0
87356,186.488,[0.0283,120,P=[0.0283 0.0285 -0.0049] V=[0.0204 0.0401 -0.0043] |Bas|=0.000000 |Bgs|=0.0005853 Bas=[0.000000 0.000000 0.000000] Bgs=[0.0001035 0.0003908 -0.0004232] tic0=[0
87444,186.56,[0.0298,120,P=[0.0298 0.0316 -0.0053] V=[0.0228 0.0457 -0.0050] |Bas|=0.000000 |Bgs|=0.0005853 Bas=[0.000000 0.000000 0.000000] Bgs=[0.0001035 0.0003908 -0.0004232] tic0=[0
87812,187.924,[0.0002,129,P=[0.0002 0.0012 0.0001] V=[0.0005 0.0142 0.0028] |Bas|=0.000000 |Bgs|=0.0062949 Bas=[0.000000 0.000000 0.000000] Bgs=[-0.0006992 0.0037340 0.0050194] tic0=[0.1
87842,188.024,[0.0002,72,P=[0.0002 0.0027 0.0004] V=[0.0004 0.0162 0.0014] |Bas|=0.000000 |Bgs|=0.0062949 Bas=[0.000000 0.000000 0.000000] Bgs=[-0.0006992 0.0037340 0.0050194] tic0=[0.1
87977,188.124,[0.0002,98,P=[0.0002 0.0042 0.0005] V=[0.0002 0.0160 0.0029] |Bas|=0.000000 |Bgs|=0.0062949 Bas=[0.000000 0.000000 0.000000] Bgs=[-0.0006992 0.0037340 0.0050194] tic0=[0.1
88090,188.224,[0.0003,116,P=[0.0003 0.0059 0.0007] V=[0.0022 0.0163 0.0023] |Bas|=0.000000 |Bgs|=0.0062949 Bas=[0.000000 0.000000 0.000000] Bgs=[-0.0006992 0.0037340 0.0050194] tic0=[0.1
88180,188.328,[0.0004,127,P=[0.0004 0.0075 0.0010] V=[0.0002 0.0139 0.0028] |Bas|=0.000000 |Bgs|=0.0062949 Bas=[0.000000 0.000000 0.000000] Bgs=[-0.0006992 0.0037340 0.0050194] tic0=[0.1
88261,188.424,[0.0002,126,P=[0.0002 0.0087 0.0013] V=[-0.0032 0.0115 0.0022] |Bas|=0.000000 |Bgs|=0.0062949 Bas=[0.000000 0.000000 0.000000] Bgs=[-0.0006992 0.0037340 0.0050194] tic0=[0.
88347,188.524,[-0.0003,123,P=[-0.0003 0.0099 0.0014] V=[-0.0067 0.0114 0.0017] |Bas|=0.000000 |Bgs|=0.0062949 Bas=[0.000000 0.000000 0.000000] Bgs=[-0.0006992 0.0037340 0.0050194] tic0=[0
88426,188.624,[-0.0010,127,P=[-0.0010 0.0110 0.0016] V=[-0.0090 0.0103 0.0022] |Bas|=0.000000 |Bgs|=0.0062949 Bas=[0.000000 0.000000 0.000000] Bgs=[-0.0006992 0.0037340 0.0050194] tic0=[0
88509,188.724,[-0.0021,126,P=[-0.0021 0.0119 0.0018] V=[-0.0132 0.0093 0.0023] |Bas|=0.000000 |Bgs|=0.0062949 Bas=[0.000000 0.000000 0.000000] Bgs=[-0.0006992 0.0037340 0.0050194] tic0=[0
88589,188.828,[-0.0036,125,P=[-0.0036 0.0128 0.0021] V=[-0.0165 0.0081 0.0040] |Bas|=0.000000 |Bgs|=0.0062949 Bas=[0.000000 0.000000 0.000000] Bgs=[-0.0006992 0.0037340 0.0050194] tic0=[0
88677,188.924,[-0.0053,121,P=[-0.0053 0.0136 0.0022] V=[-0.0185 0.0087 0.0004] |Bas|=0.000000 |Bgs|=0.0062949 Bas=[0.000000 0.000000 0.000000] Bgs=[-0.0006992 0.0037340 0.0050194] tic0=[0
88761,189.024,[-0.0074,123,P=[-0.0074 0.0144 0.0021] V=[-0.0240 0.0079 -0.0001] |Bas|=0.000000 |Bgs|=0.0062949 Bas=[0.000000 0.000000 0.000000] Bgs=[-0.0006992 0.0037340 0.0050194] tic0=[
88842,189.124,[-0.0100,126,P=[-0.0100 0.0151 0.0021] V=[-0.0275 0.0075 -0.0007] |Bas|=0.000000 |Bgs|=0.0062949 Bas=[0.000000 0.000000 0.000000] Bgs=[-0.0006992 0.0037340 0.0050194] tic0=[
88924,189.224,[-0.0130,127,P=[-0.0130 0.0159 0.0018] V=[-0.0323 0.0089 -0.0021] |Bas|=0.000000 |Bgs|=0.0062949 Bas=[0.000000 0.000000 0.000000] Bgs=[-0.0006992 0.0037340 0.0050194] tic0=[
89003,189.324,[-0.0166,132,P=[-0.0166 0.0168 0.0016] V=[-0.0392 0.0090 -0.0023] |Bas|=0.000000 |Bgs|=0.0062949 Bas=[0.000000 0.000000 0.000000] Bgs=[-0.0006992 0.0037340 0.0050194] tic0=[
89083,189.424,[-0.0208,115,P=[-0.0208 0.0178 0.0014] V=[-0.0455 0.0100 -0.0021] |Bas|=0.000000 |Bgs|=0.0062949 Bas=[0.000000 0.000000 0.000000] Bgs=[-0.0006992 0.0037340 0.0050194] tic0=[
89171,189.524,[-0.0259,124,P=[-0.0259 0.0188 0.0009] V=[-0.0546 0.0097 -0.0046] |Bas|=0.000000 |Bgs|=0.0062949 Bas=[0.000000 0.000000 0.000000] Bgs=[-0.0006992 0.0037340 0.0050194] tic0=[
89257,189.624,[-0.0317,116,P=[-0.0317 0.0197 0.0005] V=[-0.0618 0.0074 -0.0043] |Bas|=0.000000 |Bgs|=0.0062949 Bas=[0.000000 0.000000 0.000000] Bgs=[-0.0006992 0.0037340 0.0050194] tic0=[
89644,190.868,[0.0127,123,P=[0.0127 0.0015 -0.0021] V=[0.1157 0.0143 -0.0180] |Bas|=0.000000 |Bgs|=0.0120686 Bas=[0.000000 0.000000 0.000000] Bgs=[-0.0015016 -0.0091669 0.0077048] tic0=[
89673,190.968,[0.0245,117,P=[0.0245 0.0033 -0.0039] V=[0.1197 0.0226 -0.0188] |Bas|=0.000000 |Bgs|=0.0120686 Bas=[0.000000 0.000000 0.000000] Bgs=[-0.0015016 -0.0091669 0.0077048] tic0=[
89709,191.072,[0.0371,118,P=[0.0371 0.0060 -0.0061] V=[0.1228 0.0297 -0.0231] |Bas|=0.000000 |Bgs|=0.0120686 Bas=[0.000000 0.000000 0.000000] Bgs=[-0.0015016 -0.0091669 0.0077048] tic0=[
89744,191.16,[0.0481,105,P=[0.0481 0.0088 -0.0081] V=[0.1267 0.0335 -0.0227] |Bas|=0.000000 |Bgs|=0.0120686 Bas=[0.000000 0.000000 0.000000] Bgs=[-0.0015016 -0.0091669 0.0077048] tic0=[
89782,191.26,[0.0610,114,P=[0.0610 0.0123 -0.0104] V=[0.1331 0.0359 -0.0221] |Bas|=0.000000 |Bgs|=0.0120686 Bas=[0.000000 0.000000 0.000000] Bgs=[-0.0015016 -0.0091669 0.0077048] tic0=[
89875,191.36,[0.0747,128,P=[0.0747 0.0159 -0.0126] V=[0.1387 0.0367 -0.0224] |Bas|=0.000000 |Bgs|=0.0120686 Bas=[0.000000 0.000000 0.000000] Bgs=[-0.0015016 -0.0091669 0.0077048] tic0=[
89964,191.46,[0.0889,117,P=[0.0889 0.0198 -0.0150] V=[0.1460 0.0399 -0.0247] |Bas|=0.000000 |Bgs|=0.0120686 Bas=[0.000000 0.000000 0.000000] Bgs=[-0.0015016 -0.0091669 0.0077048] tic0=[
90064,191.56,[0.1039,113,P=[0.1039 0.0240 -0.0175] V=[0.1555 0.0440 -0.0275] |Bas|=0.000000 |Bgs|=0.0120686 Bas=[0.000000 0.000000 0.000000] Bgs=[-0.0015016 -0.0091669 0.0077048] tic0=[
90163,191.668,[0.1211,131,P=[0.1211 0.0291 -0.0205] V=[0.1649 0.0494 -0.0282] |Bas|=0.000000 |Bgs|=0.0120686 Bas=[0.000000 0.000000 0.000000] Bgs=[-0.0015016 -0.0091669 0.0077048] tic0=[
90244,191.744,[0.1338,121,P=[0.1338 0.0330 -0.0227] V=[0.1708 0.0529 -0.0293] |Bas|=0.000000 |Bgs|=0.0120686 Bas=[0.000000 0.000000 0.000000] Bgs=[-0.0015016 -0.0091669 0.0077048] tic0=[
90634,193.004,[0.0033,130,P=[0.0033 -0.0051 -0.0011] V=[0.0289 -0.0361 -0.0082] |Bas|=0.000000 |Bgs|=0.0011139 Bas=[0.000000 0.000000 0.000000] Bgs=[-0.0010103 0.0000351 -0.0004679] tic0
90655,193.104,[0.0061,117,P=[0.0061 -0.0088 -0.0022] V=[0.0283 -0.0384 -0.0119] |Bas|=0.000000 |Bgs|=0.0011139 Bas=[0.000000 0.000000 0.000000] Bgs=[-0.0010103 0.0000351 -0.0004679] tic0
90692,193.204,[0.0089,119,P=[0.0089 -0.0128 -0.0034] V=[0.0283 -0.0416 -0.0106] |Bas|=0.000000 |Bgs|=0.0011139 Bas=[0.000000 0.000000 0.000000] Bgs=[-0.0010103 0.0000351 -0.0004679] tic0
90725,193.304,[0.0118,116,P=[0.0118 -0.0172 -0.0045] V=[0.0286 -0.0459 -0.0131] |Bas|=0.000000 |Bgs|=0.0011139 Bas=[0.000000 0.000000 0.000000] Bgs=[-0.0010103 0.0000351 -0.0004679] tic0
90758,193.404,[0.0147,109,P=[0.0147 -0.0221 -0.0059] V=[0.0288 -0.0512 -0.0152] |Bas|=0.000000 |Bgs|=0.0011139 Bas=[0.000000 0.000000 0.000000] Bgs=[-0.0010103 0.0000351 -0.0004679] tic0
90802,193.504,[0.0176,116,P=[0.0176 -0.0275 -0.0074] V=[0.0286 -0.0559 -0.0163] |Bas|=0.000000 |Bgs|=0.0011139 Bas=[0.000000 0.000000 0.000000] Bgs=[-0.0010103 0.0000351 -0.0004679] tic0
90890,193.604,[0.0204,118,P=[0.0204 -0.0333 -0.0091] V=[0.0290 -0.0589 -0.0179] |Bas|=0.000000 |Bgs|=0.0011139 Bas=[0.000000 0.000000 0.000000] Bgs=[-0.0010103 0.0000351 -0.0004679] tic0
90980,193.704,[0.0234,122,P=[0.0234 -0.0394 -0.0110] V=[0.0297 -0.0648 -0.0197] |Bas|=0.000000 |Bgs|=0.0011139 Bas=[0.000000 0.000000 0.000000] Bgs=[-0.0010103 0.0000351 -0.0004679] tic0
91071,193.804,[0.0264,109,P=[0.0264 -0.0461 -0.0129] V=[0.0289 -0.0688 -0.0198] |Bas|=0.000000 |Bgs|=0.0011139 Bas=[0.000000 0.000000 0.000000] Bgs=[-0.0010103 0.0000351 -0.0004679] tic0
91165,193.904,[0.0291,118,P=[0.0291 -0.0532 -0.0151] V=[0.0253 -0.0755 -0.0237] |Bas|=0.000000 |Bgs|=0.0011139 Bas=[0.000000 0.000000 0.000000] Bgs=[-0.0010103 0.0000351 -0.0004679] tic0
91258,194.004,[0.0319,128,P=[0.0319 -0.0613 -0.0173] V=[0.0308 -0.0835 -0.0208] |Bas|=0.000000 |Bgs|=0.0011139 Bas=[0.000000 0.000000 0.000000] Bgs=[-0.0010103 0.0000351 -0.0004679] tic0
91347,194.104,[0.0350,122,P=[0.0350 -0.0700 -0.0195] V=[0.0305 -0.0888 -0.0227] |Bas|=0.000000 |Bgs|=0.0011139 Bas=[0.000000 0.000000 0.000000] Bgs=[-0.0010103 0.0000351 -0.0004679] tic0
91442,194.204,[0.0381,130,P=[0.0381 -0.0790 -0.0218] V=[0.0312 -0.0931 -0.0244] |Bas|=0.000000 |Bgs|=0.0011139 Bas=[0.000000 0.000000 0.000000] Bgs=[-0.0010103 0.0000351 -0.0004679] tic0
91528,194.304,[0.0412,128,P=[0.0412 -0.0884 -0.0244] V=[0.0280 -0.0970 -0.0274] |Bas|=0.000000 |Bgs|=0.0011139 Bas=[0.000000 0.000000 0.000000] Bgs=[-0.0010103 0.0000351 -0.0004679] tic0
91617,194.404,[0.0440,129,P=[0.0440 -0.0982 -0.0271] V=[0.0265 -0.0992 -0.0291] |Bas|=0.000000 |Bgs|=0.0011139 Bas=[0.000000 0.000000 0.000000] Bgs=[-0.0010103 0.0000351 -0.0004679] tic0
91695,194.504,[0.0466,122,P=[0.0466 -0.1082 -0.0301] V=[0.0255 -0.1010 -0.0310] |Bas|=0.000000 |Bgs|=0.0011139 Bas=[0.000000 0.000000 0.000000] Bgs=[-0.0010103 0.0000351 -0.0004679] tic0
91778,194.604,[0.0493,105,P=[0.0493 -0.1185 -0.0333] V=[0.0273 -0.1049 -0.0312] |Bas|=0.000000 |Bgs|=0.0011139 Bas=[0.000000 0.000000 0.000000] Bgs=[-0.0010103 0.0000351 -0.0004679] tic0
91884,194.708,[0.0520,131,P=[0.0520 -0.1296 -0.0364] V=[0.0271 -0.1086 -0.0313] |Bas|=0.000000 |Bgs|=0.0011139 Bas=[0.000000 0.000000 0.000000] Bgs=[-0.0010103 0.0000351 -0.0004679] tic0
92276,195.868,[0.0046,130,P=[0.0046 0.0037 0.0009] V=[0.0485 0.0367 -0.0003] |Bas|=0.000000 |Bgs|=0.0038041 Bas=[0.000000 0.000000 0.000000] Bgs=[0.0033900 -0.0013816 -0.0010344] tic0=[0
92298,195.948,[0.0086,108,P=[0.0086 0.0069 0.0007] V=[0.0516 0.0425 -0.0023] |Bas|=0.000000 |Bgs|=0.0038041 Bas=[0.000000 0.000000 0.000000] Bgs=[0.0033900 -0.0013816 -0.0010344] tic0=[0
92333,196.056,[0.0146,119,P=[0.0146 0.0117 0.0003] V=[0.0568 0.0466 -0.0060] |Bas|=0.000000 |Bgs|=0.0038041 Bas=[0.000000 0.000000 0.000000] Bgs=[0.0033900 -0.0013816 -0.0010344] tic0=[0
92360,196.144,[0.0198,107,P=[0.0198 0.0158 -0.0003] V=[0.0630 0.0485 -0.0062] |Bas|=0.000000 |Bgs|=0.0038041 Bas=[0.000000 0.000000 0.000000] Bgs=[0.0033900 -0.0013816 -0.0010344] tic0=[
92399,196.252,[0.0269,98,P=[0.0269 0.0213 -0.0010] V=[0.0678 0.0561 -0.0093] |Bas|=0.000000 |Bgs|=0.0038041 Bas=[0.000000 0.000000 0.000000] Bgs=[0.0033900 -0.0013816 -0.0010344] tic0=[
92508,196.368,[0.0349,108,P=[0.0349 0.0280 -0.0021] V=[0.0705 0.0605 -0.0094] |Bas|=0.000000 |Bgs|=0.0038041 Bas=[0.000000 0.000000 0.000000] Bgs=[0.0033900 -0.0013816 -0.0010344] tic0=[
92605,196.468,[0.0422,120,P=[0.0422 0.0345 -0.0032] V=[0.0770 0.0700 -0.0119] |Bas|=0.000000 |Bgs|=0.0038041 Bas=[0.000000 0.000000 0.000000] Bgs=[0.0033900 -0.0013816 -0.0010344] tic0=[
92697,196.568,[0.0502,116,P=[0.0502 0.0418 -0.0043] V=[0.0814 0.0792 -0.0104] |Bas|=0.000000 |Bgs|=0.0038041 Bas=[0.000000 0.000000 0.000000] Bgs=[0.0033900 -0.0013816 -0.0010344] tic0=[
92792,196.64,[0.0562,122,P=[0.0562 0.0477 -0.0051] V=[0.0851 0.0832 -0.0105] |Bas|=0.000000 |Bgs|=0.0038041 Bas=[0.000000 0.000000 0.000000] Bgs=[0.0033900 -0.0013816 -0.0010344] tic0=[
92883,196.748,[0.0658,132,P=[0.0658 0.0572 -0.0062] V=[0.0917 0.0933 -0.0090] |Bas|=0.000000 |Bgs|=0.0038041 Bas=[0.000000 0.000000 0.000000] Bgs=[0.0033900 -0.0013816 -0.0010344] tic0=[
92966,196.844,[0.0748,129,P=[0.0748 0.0665 -0.0069] V=[0.0975 0.1004 -0.0055] |Bas|=0.000000 |Bgs|=0.0038041 Bas=[0.000000 0.000000 0.000000] Bgs=[0.0033900 -0.0013816 -0.0010344] tic0=[
93356,198.048,[-0.0035,127,P=[-0.0035 0.0023 0.0005] V=[-0.0365 0.0209 0.0036] |Bas|=0.000000 |Bgs|=0.0027946 Bas=[0.000000 0.000000 0.000000] Bgs=[0.0025306 -0.0004278 -0.0011060] tic0=[
93376,198.152,[-0.0076,115,P=[-0.0076 0.0046 0.0007] V=[-0.0419 0.0227 0.0028] |Bas|=0.000000 |Bgs|=0.0027946 Bas=[0.000000 0.000000 0.000000] Bgs=[0.0025306 -0.0004278 -0.0011060] tic0=[
93413,198.24,[-0.0113,126,P=[-0.0113 0.0067 0.0009] V=[-0.0431 0.0258 0.0013] |Bas|=0.000000 |Bgs|=0.0027946 Bas=[0.000000 0.000000 0.000000] Bgs=[0.0025306 -0.0004278 -0.0011060] tic0=[
93444,198.348,[-0.0160,117,P=[-0.0160 0.0097 0.0011] V=[-0.0449 0.0302 0.0011] |Bas|=0.000000 |Bgs|=0.0027946 Bas=[0.000000 0.000000 0.000000] Bgs=[0.0025306 -0.0004278 -0.0011060] tic0=[
93470,198.448,[-0.0205,119,P=[-0.0205 0.0129 0.0013] V=[-0.0469 0.0320 0.0024] |Bas|=0.000000 |Bgs|=0.0027946 Bas=[0.000000 0.000000 0.000000] Bgs=[0.0025306 -0.0004278 -0.0011060] tic0=[
93504,198.544,[-0.0250,120,P=[-0.0250 0.0161 0.0016] V=[-0.0486 0.0358 0.0008] |Bas|=0.000000 |Bgs|=0.0027946 Bas=[0.000000 0.000000 0.000000] Bgs=[0.0025306 -0.0004278 -0.0011060] tic0=[
93534,198.668,[-0.0313,122,P=[-0.0313 0.0205 0.0015] V=[-0.0525 0.0363 -0.0022] |Bas|=0.000000 |Bgs|=0.0027946 Bas=[0.000000 0.000000 0.000000] Bgs=[0.0025306 -0.0004278 -0.0011060] tic0=
93568,198.768,[-0.0367,112,P=[-0.0367 0.0244 0.0013] V=[-0.0545 0.0400 -0.0000] |Bas|=0.000000 |Bgs|=0.0027946 Bas=[0.000000 0.000000 0.000000] Bgs=[0.0025306 -0.0004278 -0.0011060] tic0=
93658,198.88,[-0.0430,124,P=[-0.0430 0.0289 0.0011] V=[-0.0565 0.0398 -0.0034] |Bas|=0.000000 |Bgs|=0.0027946 Bas=[0.000000 0.000000 0.000000] Bgs=[0.0025306 -0.0004278 -0.0011060] tic0=
93744,199.004,[-0.0504,121,P=[-0.0504 0.0340 0.0007] V=[-0.0633 0.0428 -0.0048] |Bas|=0.000000 |Bgs|=0.0027946 Bas=[0.000000 0.000000 0.000000] Bgs=[0.0025306 -0.0004278 -0.0011060] tic0=
93837,199.104,[-0.0568,121,P=[-0.0568 0.0385 0.0001] V=[-0.0657 0.0478 -0.0064] |Bas|=0.000000 |Bgs|=0.0027946 Bas=[0.000000 0.000000 0.000000] Bgs=[0.0025306 -0.0004278 -0.0011060] tic0=
93918,199.208,[-0.0636,117,P=[-0.0636 0.0436 -0.0006] V=[-0.0667 0.0508 -0.0068] |Bas|=0.000000 |Bgs|=0.0027946 Bas=[0.000000 0.000000 0.000000] Bgs=[0.0025306 -0.0004278 -0.0011060] tic0
94005,199.336,[-0.0722,124,P=[-0.0722 0.0508 -0.0012] V=[-0.0679 0.0603 -0.0027] |Bas|=0.000000 |Bgs|=0.0027946 Bas=[0.000000 0.000000 0.000000] Bgs=[0.0025306 -0.0004278 -0.0011060] tic0
94095,199.468,[-0.0808,119,P=[-0.0808 0.0593 -0.0022] V=[-0.0647 0.0702 -0.0165] |Bas|=0.000000 |Bgs|=0.0027946 Bas=[0.000000 0.000000 0.000000] Bgs=[0.0025306 -0.0004278 -0.0011060] tic0
94185,199.568,[-0.0873,107,P=[-0.0873 0.0666 -0.0039] V=[-0.0645 0.0739 -0.0178] |Bas|=0.000000 |Bgs|=0.0027946 Bas=[0.000000 0.000000 0.000000] Bgs=[0.0025306 -0.0004278 -0.0011060] tic0
94281,199.676,[-0.0945,122,P=[-0.0945 0.0749 -0.0058] V=[-0.0678 0.0805 -0.0178] |Bas|=0.000000 |Bgs|=0.0027946 Bas=[0.000000 0.000000 0.000000] Bgs=[0.0025306 -0.0004278 -0.0011060] tic0
94372,199.808,[-0.1035,115,P=[-0.1035 0.0861 -0.0080] V=[-0.0664 0.0879 -0.0168] |Bas|=0.000000 |Bgs|=0.0027946 Bas=[0.000000 0.000000 0.000000] Bgs=[0.0025306 -0.0004278 -0.0011060] tic0
94772,201.036,[0.0084,126,P=[0.0084 0.0061 0.0010] V=[0.0865 0.0634 0.0105] |Bas|=0.000000 |Bgs|=0.0016919 Bas=[0.000000 0.000000 0.000000] Bgs=[0.0014126 -0.0001344 0.0009214] tic0=[0.1
94799,201.168,[0.0202,110,P=[0.0202 0.0147 0.0024] V=[0.0940 0.0705 0.0090] |Bas|=0.000000 |Bgs|=0.0016919 Bas=[0.000000 0.000000 0.000000] Bgs=[0.0014126 -0.0001344 0.0009214] tic0=[0.1
94840,201.268,[0.0300,85,P=[0.0300 0.0221 0.0034] V=[0.1005 0.0780 0.0097] |Bas|=0.000000 |Bgs|=0.0016919 Bas=[0.000000 0.000000 0.000000] Bgs=[0.0014126 -0.0001344 0.0009214] tic0=[0.1
94967,201.34,[0.0374,111,P=[0.0374 0.0279 0.0041] V=[0.1038 0.0828 0.0090] |Bas|=0.000000 |Bgs|=0.0016919 Bas=[0.000000 0.000000 0.000000] Bgs=[0.0014126 -0.0001344 0.0009214] tic0=[0.1
95066,201.44,[0.0481,121,P=[0.0481 0.0365 0.0050] V=[0.1116 0.0888 0.0082] |Bas|=0.000000 |Bgs|=0.0016919 Bas=[0.000000 0.000000 0.000000] Bgs=[0.0014126 -0.0001344 0.0009214] tic0=[0.1
95155,201.568,[0.0630,118,P=[0.0630 0.0485 0.0062] V=[0.1198 0.1008 0.0105] |Bas|=0.000000 |Bgs|=0.0016919 Bas=[0.000000 0.000000 0.000000] Bgs=[0.0014126 -0.0001344 0.0009214] tic0=[0.1
95243,201.668,[0.0753,125,P=[0.0753 0.0588 0.0075] V=[0.1269 0.1089 0.0132] |Bas|=0.000000 |Bgs|=0.0016919 Bas=[0.000000 0.000000 0.000000] Bgs=[0.0014126 -0.0001344 0.0009214] tic0=[0.1
95326,201.768,[0.0883,114,P=[0.0883 0.0701 0.0087] V=[0.1317 0.1173 0.0099] |Bas|=0.000000 |Bgs|=0.0016919 Bas=[0.000000 0.000000 0.000000] Bgs=[0.0014126 -0.0001344 0.0009214] tic0=[0.1
95426,201.868,[0.1018,122,P=[0.1018 0.0823 0.0098] V=[0.1391 0.1267 0.0120] |Bas|=0.000000 |Bgs|=0.0016919 Bas=[0.000000 0.000000 0.000000] Bgs=[0.0014126 -0.0001344 0.0009214] tic0=[0.1
95515,201.976,[0.1173,123,P=[0.1173 0.0965 0.0112] V=[0.1468 0.1351 0.0148] |Bas|=0.000000 |Bgs|=0.0016919 Bas=[0.000000 0.000000 0.000000] Bgs=[0.0014126 -0.0001344 0.0009214] tic0=[0.1
95602,202.084,[0.1335,125,P=[0.1335 0.1111 0.0130] V=[0.1510 0.1376 0.0157] |Bas|=0.000000 |Bgs|=0.0016919 Bas=[0.000000 0.000000 0.000000] Bgs=[0.0014126 -0.0001344 0.0009214] tic0=[0.1
95698,202.204,[0.1521,114,P=[0.1521 0.1283 0.0149] V=[0.1595 0.1485 0.0154] |Bas|=0.000000 |Bgs|=0.0016919 Bas=[0.000000 0.000000 0.000000] Bgs=[0.0014126 -0.0001344 0.0009214] tic0=[0.1
95790,202.336,[0.1738,123,P=[0.1738 0.1483 0.0170] V=[0.1684 0.1545 0.0169] |Bas|=0.000000 |Bgs|=0.0016919 Bas=[0.000000 0.000000 0.000000] Bgs=[0.0014126 -0.0001344 0.0009214] tic0=[0.1
95889,202.44,[0.1915,92,P=[0.1915 0.1649 0.0189] V=[0.1728 0.1642 0.0177] |Bas|=0.000000 |Bgs|=0.0016919 Bas=[0.000000 0.000000 0.000000] Bgs=[0.0014126 -0.0001344 0.0009214] tic0=[0.1
96288,203.764,[-0.0011,127,P=[-0.0011 0.0013 -0.0000] V=[-0.0193 0.0157 0.0069] |Bas|=0.000000 |Bgs|=0.0016415 Bas=[0.000000 0.000000 0.000000] Bgs=[-0.0003728 0.0015535 0.0003768] tic0=[
96310,203.86,[-0.0031,113,P=[-0.0031 0.0028 0.0007] V=[-0.0201 0.0152 0.0080] |Bas|=0.000000 |Bgs|=0.0016415 Bas=[0.000000 0.000000 0.000000] Bgs=[-0.0003728 0.0015535 0.0003768] tic0=[0
96338,203.956,[-0.0052,127,P=[-0.0052 0.0042 0.0014] V=[-0.0228 0.0150 0.0078] |Bas|=0.000000 |Bgs|=0.0016415 Bas=[0.000000 0.000000 0.000000] Bgs=[-0.0003728 0.0015535 0.0003768] tic0=[0
96357,204.056,[-0.0079,134,P=[-0.0079 0.0057 0.0023] V=[-0.0293 0.0152 0.0096] |Bas|=0.000000 |Bgs|=0.0016415 Bas=[0.000000 0.000000 0.000000] Bgs=[-0.0003728 0.0015535 0.0003768] tic0=[0
96374,204.164,[-0.0110,121,P=[-0.0110 0.0075 0.0033] V=[-0.0303 0.0173 0.0097] |Bas|=0.000000 |Bgs|=0.0016415 Bas=[0.000000 0.000000 0.000000] Bgs=[-0.0003728 0.0015535 0.0003768] tic0=[0
96396,204.26,[-0.0142,123,P=[-0.0142 0.0091 0.0043] V=[-0.0332 0.0162 0.0105] |Bas|=0.000000 |Bgs|=0.0016415 Bas=[0.000000 0.000000 0.000000] Bgs=[-0.0003728 0.0015535 0.0003768] tic0=[0
96423,204.364,[-0.0179,118,P=[-0.0179 0.0108 0.0053] V=[-0.0386 0.0155 0.0102] |Bas|=0.000000 |Bgs|=0.0016415 Bas=[0.000000 0.000000 0.000000] Bgs=[-0.0003728 0.0015535 0.0003768] tic0=[0
96449,204.456,[-0.0215,121,P=[-0.0215 0.0123 0.0062] V=[-0.0397 0.0168 0.0093] |Bas|=0.000000 |Bgs|=0.0016415 Bas=[0.000000 0.000000 0.000000] Bgs=[-0.0003728 0.0015535 0.0003768] tic0=[0
96472,204.552,[-0.0255,119,P=[-0.0255 0.0139 0.0073] V=[-0.0436 0.0183 0.0121] |Bas|=0.000000 |Bgs|=0.0016415 Bas=[0.000000 0.000000 0.000000] Bgs=[-0.0003728 0.0015535 0.0003768] tic0=[0
96503,204.652,[-0.0299,119,P=[-0.0299 0.0159 0.0086] V=[-0.0456 0.0214 0.0132] |Bas|=0.000000 |Bgs|=0.0016415 Bas=[0.000000 0.000000 0.000000] Bgs=[-0.0003728 0.0015535 0.0003768] tic0=[0
96530,204.764,[-0.0352,113,P=[-0.0352 0.0185 0.0101] V=[-0.0495 0.0230 0.0113] |Bas|=0.000000 |Bgs|=0.0016415 Bas=[0.000000 0.000000 0.000000] Bgs=[-0.0003728 0.0015535 0.0003768] tic0=[0
96564,204.852,[-0.0396,120,P=[-0.0396 0.0205 0.0112] V=[-0.0511 0.0226 0.0136] |Bas|=0.000000 |Bgs|=0.0016415 Bas=[0.000000 0.000000 0.000000] Bgs=[-0.0003728 0.0015535 0.0003768] tic0=[0
96596,204.96,[-0.0455,128,P=[-0.0455 0.0230 0.0127] V=[-0.0576 0.0255 0.0123] |Bas|=0.000000 |Bgs|=0.0016415 Bas=[0.000000 0.000000 0.000000] Bgs=[-0.0003728 0.0015535 0.0003768] tic0=[0
96614,205.064,[-0.0518,118,P=[-0.0518 0.0257 0.0139] V=[-0.0623 0.0256 0.0114] |Bas|=0.000000 |Bgs|=0.0016415 Bas=[0.000000 0.000000 0.000000] Bgs=[-0.0003728 0.0015535 0.0003768] tic0=[0
96700,205.152,[-0.0575,125,P=[-0.0575 0.0280 0.0149] V=[-0.0683 0.0271 0.0109] |Bas|=0.000000 |Bgs|=0.0016415 Bas=[0.000000 0.000000 0.000000] Bgs=[-0.0003728 0.0015535 0.0003768] tic0=[0
96782,205.276,[-0.0665,121,P=[-0.0665 0.0315 0.0163] V=[-0.0769 0.0303 0.0118] |Bas|=0.000000 |Bgs|=0.0016415 Bas=[0.000000 0.000000 0.000000] Bgs=[-0.0003728 0.0015535 0.0003768] tic0=[0
96872,205.352,[-0.0726,117,P=[-0.0726 0.0339 0.0170] V=[-0.0797 0.0328 0.0089] |Bas|=0.000000 |Bgs|=0.0016415 Bas=[0.000000 0.000000 0.000000] Bgs=[-0.0003728 0.0015535 0.0003768] tic0=[0
96960,205.452,[-0.0808,125,P=[-0.0808 0.0373 0.0181] V=[-0.0870 0.0370 0.0128] |Bas|=0.000000 |Bgs|=0.0016415 Bas=[0.000000 0.000000 0.000000] Bgs=[-0.0003728 0.0015535 0.0003768] tic0=[0
97049,205.552,[-0.0897,121,P=[-0.0897 0.0412 0.0194] V=[-0.0909 0.0412 0.0129] |Bas|=0.000000 |Bgs|=0.0016415 Bas=[0.000000 0.000000 0.000000] Bgs=[-0.0003728 0.0015535 0.0003768] tic0=[0
97138,205.664,[-0.0999,129,P=[-0.0999 0.0459 0.0209] V=[-0.0929 0.0427 0.0138] |Bas|=0.000000 |Bgs|=0.0016415 Bas=[0.000000 0.000000 0.000000] Bgs=[-0.0003728 0.0015535 0.0003768] tic0=[0
97222,205.756,[-0.1088,125,P=[-0.1088 0.0499 0.0224] V=[-0.0996 0.0450 0.0177] |Bas|=0.000000 |Bgs|=0.0016415 Bas=[0.000000 0.000000 0.000000] Bgs=[-0.0003728 0.0015535 0.0003768] tic0=[0
97307,205.86,[-0.1192,127,P=[-0.1192 0.0548 0.0242] V=[-0.1016 0.0489 0.0168] |Bas|=0.000000 |Bgs|=0.0016415 Bas=[0.000000 0.000000 0.000000] Bgs=[-0.0003728 0.0015535 0.0003768] tic0=[0
97388,205.96,[-0.1296,126,P=[-0.1296 0.0597 0.0258] V=[-0.1048 0.0492 0.0141] |Bas|=0.000000 |Bgs|=0.0016415 Bas=[0.000000 0.000000 0.000000] Bgs=[-0.0003728 0.0015535 0.0003768] tic0=[0
97470,206.06,[-0.1403,125,P=[-0.1403 0.0648 0.0272] V=[-0.1075 0.0507 0.0142] |Bas|=0.000000 |Bgs|=0.0016415 Bas=[0.000000 0.000000 0.000000] Bgs=[-0.0003728 0.0015535 0.0003768] tic0=[0
97551,206.16,[-0.1514,120,P=[-0.1514 0.0700 0.0285] V=[-0.1149 0.0499 0.0226] |Bas|=0.000000 |Bgs|=0.0016415 Bas=[0.000000 0.000000 0.000000] Bgs=[-0.0003728 0.0015535 0.0003768] tic0=[0
97632,206.26,[-0.1632,119,P=[-0.1632 0.0754 0.0307] V=[-0.1216 0.0587 0.0205] |Bas|=0.000000 |Bgs|=0.0016415 Bas=[0.000000 0.000000 0.000000] Bgs=[-0.0003728 0.0015535 0.0003768] tic0=[0
97724,206.364,[-0.1762,128,P=[-0.1762 0.0816 0.0328] V=[-0.1298 0.0613 0.0179] |Bas|=0.000000 |Bgs|=0.0016415 Bas=[0.000000 0.000000 0.000000] Bgs=[-0.0003728 0.0015535 0.0003768] tic0=[0
97803,206.46,[-0.1889,120,P=[-0.1889 0.0878 0.0346] V=[-0.1346 0.0640 0.0200] |Bas|=0.000000 |Bgs|=0.0016415 Bas=[0.000000 0.000000 0.000000] Bgs=[-0.0003728 0.0015535 0.0003768] tic0=[0
97884,206.56,[-0.2028,118,P=[-0.2028 0.0942 0.0365] V=[-0.1415 0.0656 0.0173] |Bas|=0.000000 |Bgs|=0.0016415 Bas=[0.000000 0.000000 0.000000] Bgs=[-0.0003728 0.0015535 0.0003768] tic0=[0
97970,206.652,[-0.2161,126,P=[-0.2161 0.1003 0.0378] V=[-0.1495 0.0662 0.0140] |Bas|=0.000000 |Bgs|=0.0016415 Bas=[0.000000 0.000000 0.000000] Bgs=[-0.0003728 0.0015535 0.0003768] tic0=[0
98053,206.764,[-0.2333,116,P=[-0.2333 0.1078 0.0396] V=[-0.1582 0.0689 0.0164] |Bas|=0.000000 |Bgs|=0.0016415 Bas=[0.000000 0.000000 0.000000] Bgs=[-0.0003728 0.0015535 0.0003768] tic0=[0
98157,206.852,[-0.2474,110,P=[-0.2474 0.1139 0.0411] V=[-0.1623 0.0713 0.0171] |Bas|=0.000000 |Bgs|=0.0016415 Bas=[0.000000 0.000000 0.000000] Bgs=[-0.0003728 0.0015535 0.0003768] tic0=[0
98260,206.96,[-0.2653,117,P=[-0.2653 0.1219 0.0428] V=[-0.1693 0.0734 0.0140] |Bas|=0.000000 |Bgs|=0.0016415 Bas=[0.000000 0.000000 0.000000] Bgs=[-0.0003728 0.0015535 0.0003768] tic0=[0
98356,207.06,[-0.2826,124,P=[-0.2826 0.1294 0.0441] V=[-0.1770 0.0785 0.0137] |Bas|=0.000000 |Bgs|=0.0016415 Bas=[0.000000 0.000000 0.000000] Bgs=[-0.0003728 0.0015535 0.0003768] tic0=[0
98452,207.156,[-0.3000,128,P=[-0.3000 0.1371 0.0454] V=[-0.1840 0.0830 0.0143] |Bas|=0.000000 |Bgs|=0.0016415 Bas=[0.000000 0.000000 0.000000] Bgs=[-0.0003728 0.0015535 0.0003768] tic0=[0
98537,207.268,[-0.3209,129,P=[-0.3209 0.1465 0.0472] V=[-0.1910 0.0842 0.0176] |Bas|=0.000000 |Bgs|=0.0016415 Bas=[0.000000 0.000000 0.000000] Bgs=[-0.0003728 0.0015535 0.0003768] tic0=[0
98615,207.356,[-0.3381,127,P=[-0.3381 0.1542 0.0487] V=[-0.1996 0.0890 0.0165] |Bas|=0.000000 |Bgs|=0.0016415 Bas=[0.000000 0.000000 0.000000] Bgs=[-0.0003728 0.0015535 0.0003768] tic0=[0
99021,208.568,[-0.0011,126,P=[-0.0011 -0.0047 -0.0003] V=[-0.0075 -0.0492 -0.0041] |Bas|=0.000000 |Bgs|=0.0007253 Bas=[0.000000 0.000000 0.000000] Bgs=[0.0003838 0.0005193 0.0003304] tic0
99044,208.688,[-0.0020,116,P=[-0.0020 -0.0111 -0.0008] V=[-0.0063 -0.0581 -0.0064] |Bas|=0.000000 |Bgs|=0.0007253 Bas=[0.000000 0.000000 0.000000] Bgs=[0.0003838 0.0005193 0.0003304] tic0
99074,208.82,[-0.0029,104,P=[-0.0029 -0.0194 -0.0017] V=[-0.0062 -0.0657 -0.0072] |Bas|=0.000000 |Bgs|=0.0007253 Bas=[0.000000 0.000000 0.000000] Bgs=[0.0003838 0.0005193 0.0003304] tic0
99115,208.92,[-0.0034,107,P=[-0.0034 -0.0261 -0.0027] V=[-0.0039 -0.0690 -0.0120] |Bas|=0.000000 |Bgs|=0.0007253 Bas=[0.000000 0.000000 0.000000] Bgs=[0.0003838 0.0005193 0.0003304] tic0
99154,209.02,[-0.0039,103,P=[-0.0039 -0.0334 -0.0037] V=[-0.0062 -0.0750 -0.0078] |Bas|=0.000000 |Bgs|=0.0007253 Bas=[0.000000 0.000000 0.000000] Bgs=[0.0003838 0.0005193 0.0003304] tic0
99251,209.12,[-0.0045,125,P=[-0.0045 -0.0410 -0.0045] V=[-0.0077 -0.0790 -0.0076] |Bas|=0.000000 |Bgs|=0.0007253 Bas=[0.000000 0.000000 0.000000] Bgs=[0.0003838 0.0005193 0.0003304] tic0
99331,209.22,[-0.0052,115,P=[-0.0052 -0.0493 -0.0051] V=[-0.0083 -0.0864 -0.0051] |Bas|=0.000000 |Bgs|=0.0007253 Bas=[0.000000 0.000000 0.000000] Bgs=[0.0003838 0.0005193 0.0003304] tic0
99434,209.32,[-0.0060,111,P=[-0.0060 -0.0582 -0.0055] V=[-0.0065 -0.0924 -0.0052] |Bas|=0.000000 |Bgs|=0.0007253 Bas=[0.000000 0.000000 0.000000] Bgs=[0.0003838 0.0005193 0.0003304] tic0
99527,209.42,[-0.0065,129,P=[-0.0065 -0.0678 -0.0059] V=[-0.0055 -0.0978 -0.0023] |Bas|=0.000000 |Bgs|=0.0007253 Bas=[0.000000 0.000000 0.000000] Bgs=[0.0003838 0.0005193 0.0003304] tic0
99613,209.552,[-0.0072,117,P=[-0.0072 -0.0812 -0.0062] V=[-0.0026 -0.1051 -0.0007] |Bas|=0.000000 |Bgs|=0.0007253 Bas=[0.000000 0.000000 0.000000] Bgs=[0.0003838 0.0005193 0.0003304] tic0
100005,210.792,[0.0006,129,P=[0.0006 -0.0002 0.0002] V=[0.0111 0.0033 0.0013] |Bas|=0.000000 |Bgs|=0.0020002 Bas=[0.000000 0.000000 0.000000] Bgs=[-0.0009566 -0.0010628 -0.0013987] tic0=[
100030,210.896,[0.0018,117,P=[0.0018 0.0003 0.0004] V=[0.0107 0.0061 0.0025] |Bas|=0.000000 |Bgs|=0.0020002 Bas=[0.000000 0.000000 0.000000] Bgs=[-0.0009566 -0.0010628 -0.0013987] tic0=[0
100060,211.02,[0.0034,125,P=[0.0034 0.0010 0.0007] V=[0.0147 0.0026 0.0033] |Bas|=0.000000 |Bgs|=0.0020002 Bas=[0.000000 0.000000 0.000000] Bgs=[-0.0009566 -0.0010628 -0.0013987] tic0=[0
100088,211.152,[0.0052,128,P=[0.0052 0.0013 0.0014] V=[0.0144 0.0034 0.0062] |Bas|=0.000000 |Bgs|=0.0020002 Bas=[0.000000 0.000000 0.000000] Bgs=[-0.0009566 -0.0010628 -0.0013987] tic0=[0
100111,211.252,[0.0068,121,P=[0.0068 0.0017 0.0019] V=[0.0183 0.0052 0.0053] |Bas|=0.000000 |Bgs|=0.0020002 Bas=[0.000000 0.000000 0.000000] Bgs=[-0.0009566 -0.0010628 -0.0013987] tic0=[0
100134,211.352,[0.0087,121,P=[0.0087 0.0024 0.0022] V=[0.0185 0.0076 0.0019] |Bas|=0.000000 |Bgs|=0.0020002 Bas=[0.000000 0.000000 0.000000] Bgs=[-0.0009566 -0.0010628 -0.0013987] tic0=[0
100166,211.452,[0.0107,121,P=[0.0107 0.0034 0.0025] V=[0.0213 0.0104 0.0021] |Bas|=0.000000 |Bgs|=0.0020002 Bas=[0.000000 0.000000 0.000000] Bgs=[-0.0009566 -0.0010628 -0.0013987] tic0=[0
100195,211.532,[0.0125,120,P=[0.0125 0.0043 0.0025] V=[0.0223 0.0111 0.0005] |Bas|=0.000000 |Bgs|=0.0020002 Bas=[0.000000 0.000000 0.000000] Bgs=[-0.0009566 -0.0010628 -0.0013987] tic0=[0
100224,211.612,[0.0143,111,P=[0.0143 0.0052 0.0026] V=[0.0217 0.0129 -0.0001] |Bas|=0.000000 |Bgs|=0.0020002 Bas=[0.000000 0.000000 0.000000] Bgs=[-0.0009566 -0.0010628 -0.0013987] tic0=[
100262,211.74,[0.0173,120,P=[0.0173 0.0069 0.0024] V=[0.0237 0.0134 -0.0040] |Bas|=0.000000 |Bgs|=0.0020002 Bas=[0.000000 0.000000 0.000000] Bgs=[-0.0009566 -0.0010628 -0.0013987] tic0=[
100344,211.84,[0.0198,118,P=[0.0198 0.0081 0.0019] V=[0.0269 0.0126 -0.0046] |Bas|=0.000000 |Bgs|=0.0020002 Bas=[0.000000 0.000000 0.000000] Bgs=[-0.0009566 -0.0010628 -0.0013987] tic0=[
100432,211.94,[0.0225,110,P=[0.0225 0.0095 0.0013] V=[0.0290 0.0162 -0.0067] |Bas|=0.000000 |Bgs|=0.0020002 Bas=[0.000000 0.000000 0.000000] Bgs=[-0.0009566 -0.0010628 -0.0013987] tic0=[
100533,212.044,[0.0257,109,P=[0.0257 0.0111 0.0006] V=[0.0321 0.0144 -0.0076] |Bas|=0.000000 |Bgs|=0.0020002 Bas=[0.000000 0.000000 0.000000] Bgs=[-0.0009566 -0.0010628 -0.0013987] tic0=[
100628,212.14,[0.0291,131,P=[0.0291 0.0124 -0.0001] V=[0.0383 0.0138 -0.0062] |Bas|=0.000000 |Bgs|=0.0020002 Bas=[0.000000 0.000000 0.000000] Bgs=[-0.0009566 -0.0010628 -0.0013987] tic0=
100711,212.24,[0.0332,123,P=[0.0332 0.0139 -0.0010] V=[0.0449 0.0176 -0.0107] |Bas|=0.000000 |Bgs|=0.0020002 Bas=[0.000000 0.000000 0.000000] Bgs=[-0.0009566 -0.0010628 -0.0013987] tic0=
100798,212.34,[0.0380,129,P=[0.0380 0.0157 -0.0020] V=[0.0491 0.0165 -0.0090] |Bas|=0.000000 |Bgs|=0.0020002 Bas=[0.000000 0.000000 0.000000] Bgs=[-0.0009566 -0.0010628 -0.0013987] tic0=
100876,212.44,[0.0431,123,P=[0.0431 0.0174 -0.0029] V=[0.0519 0.0178 -0.0116] |Bas|=0.000000 |Bgs|=0.0020002 Bas=[0.000000 0.000000 0.000000] Bgs=[-0.0009566 -0.0010628 -0.0013987] tic0=
100966,212.54,[0.0486,116,P=[0.0486 0.0192 -0.0040] V=[0.0548 0.0191 -0.0109] |Bas|=0.000000 |Bgs|=0.0020002 Bas=[0.000000 0.000000 0.000000] Bgs=[-0.0009566 -0.0010628 -0.0013987] tic0=
101358,213.712,[0.0018,121,P=[0.0018 0.0055 -0.0025] V=[0.0146 0.0538 -0.0223] |Bas|=0.000000 |Bgs|=0.0018152 Bas=[0.000000 0.000000 0.000000] Bgs=[-0.0014408 0.0009241 0.0006044] tic0=[0
101385,213.788,[0.0030,112,P=[0.0030 0.0098 -0.0042] V=[0.0157 0.0576 -0.0216] |Bas|=0.000000 |Bgs|=0.0018152 Bas=[0.000000 0.000000 0.000000] Bgs=[-0.0014408 0.0009241 0.0006044] tic0=[0
101420,213.896,[0.0049,103,P=[0.0049 0.0163 -0.0067] V=[0.0187 0.0626 -0.0257] |Bas|=0.000000 |Bgs|=0.0018152 Bas=[0.000000 0.000000 0.000000] Bgs=[-0.0014408 0.0009241 0.0006044] tic0=[0
101466,213.992,[0.0068,104,P=[0.0068 0.0223 -0.0091] V=[0.0205 0.0638 -0.0247] |Bas|=0.000000 |Bgs|=0.0018152 Bas=[0.000000 0.000000 0.000000] Bgs=[-0.0014408 0.0009241 0.0006044] tic0=[0
101570,214.116,[0.0093,107,P=[0.0093 0.0306 -0.0123] V=[0.0190 0.0700 -0.0275] |Bas|=0.000000 |Bgs|=0.0018152 Bas=[0.000000 0.000000 0.000000] Bgs=[-0.0014408 0.0009241 0.0006044] tic0=[0
101674,214.252,[0.0116,119,P=[0.0116 0.0403 -0.0159] V=[0.0154 0.0713 -0.0260] |Bas|=0.000000 |Bgs|=0.0018152 Bas=[0.000000 0.000000 0.000000] Bgs=[-0.0014408 0.0009241 0.0006044] tic0=[0
101759,214.352,[0.0131,111,P=[0.0131 0.0476 -0.0185] V=[0.0140 0.0726 -0.0252] |Bas|=0.000000 |Bgs|=0.0018152 Bas=[0.000000 0.000000 0.000000] Bgs=[-0.0014408 0.0009241 0.0006044] tic0=[0
101855,214.448,[0.0143,130,P=[0.0143 0.0546 -0.0208] V=[0.0126 0.0731 -0.0240] |Bas|=0.000000 |Bgs|=0.0018152 Bas=[0.000000 0.000000 0.000000] Bgs=[-0.0014408 0.0009241 0.0006044] tic0=[0
101933,214.548,[0.0155,123,P=[0.0155 0.0620 -0.0233] V=[0.0119 0.0748 -0.0244] |Bas|=0.000000 |Bgs|=0.0018152 Bas=[0.000000 0.000000 0.000000] Bgs=[-0.0014408 0.0009241 0.0006044] tic0=[0
102017,214.652,[0.0166,117,P=[0.0166 0.0698 -0.0258] V=[0.0098 0.0761 -0.0253] |Bas|=0.000000 |Bgs|=0.0018152 Bas=[0.000000 0.000000 0.000000] Bgs=[-0.0014408 0.0009241 0.0006044] tic0=[0
102115,214.748,[0.0177,127,P=[0.0177 0.0772 -0.0281] V=[0.0131 0.0778 -0.0242] |Bas|=0.000000 |Bgs|=0.0018152 Bas=[0.000000 0.000000 0.000000] Bgs=[-0.0014408 0.0009241 0.0006044] tic0=[0
102213,214.848,[0.0189,106,P=[0.0189 0.0852 -0.0306] V=[0.0115 0.0818 -0.0265] |Bas|=0.000000 |Bgs|=0.0018152 Bas=[0.000000 0.000000 0.000000] Bgs=[-0.0014408 0.0009241 0.0006044] tic0=[0
102305,214.948,[0.0199,119,P=[0.0199 0.0935 -0.0333] V=[0.0090 0.0841 -0.0275] |Bas|=0.000000 |Bgs|=0.0018152 Bas=[0.000000 0.000000 0.000000] Bgs=[-0.0014408 0.0009241 0.0006044] tic0=[0
102392,215.048,[0.0207,130,P=[0.0207 0.1019 -0.0361] V=[0.0056 0.0850 -0.0283] |Bas|=0.000000 |Bgs|=0.0018152 Bas=[0.000000 0.000000 0.000000] Bgs=[-0.0014408 0.0009241 0.0006044] tic0=[0
102478,215.148,[0.0212,133,P=[0.0212 0.1102 -0.0389] V=[0.0052 0.0803 -0.0282] |Bas|=0.000000 |Bgs|=0.0018152 Bas=[0.000000 0.000000 0.000000] Bgs=[-0.0014408 0.0009241 0.0006044] tic0=[0
102877,216.348,[0.0000,131,P=[0.0000 0.0062 0.0003] V=[0.0030 0.0644 -0.0019] |Bas|=0.000000 |Bgs|=0.0016095 Bas=[0.000000 0.000000 0.000000] Bgs=[-0.0002005 -0.0000869 0.0015946] tic0=[0
102890,216.448,[0.0001,113,P=[0.0001 0.0127 -0.0000] V=[-0.0006 0.0671 -0.0029] |Bas|=0.000000 |Bgs|=0.0016095 Bas=[0.000000 0.000000 0.000000] Bgs=[-0.0002005 -0.0000869 0.0015946] tic0=
102928,216.548,[0.0002,90,P=[0.0002 0.0197 -0.0002] V=[0.0013 0.0718 0.0005] |Bas|=0.000000 |Bgs|=0.0016095 Bas=[0.000000 0.000000 0.000000] Bgs=[-0.0002005 -0.0000869 0.0015946] tic0=[0
103049,216.648,[0.0004,106,P=[0.0004 0.0272 -0.0001] V=[0.0023 0.0791 0.0023] |Bas|=0.000000 |Bgs|=0.0016095 Bas=[0.000000 0.000000 0.000000] Bgs=[-0.0002005 -0.0000869 0.0015946] tic0=[0
103148,216.748,[0.0007,112,P=[0.0007 0.0353 0.0001] V=[0.0031 0.0840 0.0013] |Bas|=0.000000 |Bgs|=0.0016095 Bas=[0.000000 0.000000 0.000000] Bgs=[-0.0002005 -0.0000869 0.0015946] tic0=[0.
103245,216.848,[0.0008,120,P=[0.0008 0.0441 0.0000] V=[0.0007 0.0900 -0.0024] |Bas|=0.000000 |Bgs|=0.0016095 Bas=[0.000000 0.000000 0.000000] Bgs=[-0.0002005 -0.0000869 0.0015946] tic0=[0
103340,216.952,[0.0007,119,P=[0.0007 0.0536 -0.0002] V=[-0.0017 0.0942 -0.0023] |Bas|=0.000000 |Bgs|=0.0016095 Bas=[0.000000 0.000000 0.000000] Bgs=[-0.0002005 -0.0000869 0.0015946] tic0=
103435,217.048,[0.0004,123,P=[0.0004 0.0628 -0.0004] V=[-0.0036 0.0966 -0.0010] |Bas|=0.000000 |Bgs|=0.0016095 Bas=[0.000000 0.000000 0.000000] Bgs=[-0.0002005 -0.0000869 0.0015946] tic0=
103519,217.148,[-0.0002,129,P=[-0.0002 0.0725 -0.0005] V=[-0.0074 0.0984 -0.0002] |Bas|=0.000000 |Bgs|=0.0016095 Bas=[0.000000 0.000000 0.000000] Bgs=[-0.0002005 -0.0000869 0.0015946] tic0
103602,217.252,[-0.0009,122,P=[-0.0009 0.0829 -0.0008] V=[-0.0084 0.1021 -0.0032] |Bas|=0.000000 |Bgs|=0.0016095 Bas=[0.000000 0.000000 0.000000] Bgs=[-0.0002005 -0.0000869 0.0015946] tic0
103693,217.348,[-0.0018,114,P=[-0.0018 0.0928 -0.0010] V=[-0.0081 0.1059 -0.0023] |Bas|=0.000000 |Bgs|=0.0016095 Bas=[0.000000 0.000000 0.000000] Bgs=[-0.0002005 -0.0000869 0.0015946] tic0
103787,217.448,[-0.0026,123,P=[-0.0026 0.1036 -0.0014] V=[-0.0076 0.1082 -0.0042] |Bas|=0.000000 |Bgs|=0.0016095 Bas=[0.000000 0.000000 0.000000] Bgs=[-0.0002005 -0.0000869 0.0015946] tic0
104179,218.628,[0.0030,127,P=[0.0030 0.0001 -0.0011] V=[0.0272 -0.0043 -0.0135] |Bas|=0.000000 |Bgs|=0.0018930 Bas=[0.000000 0.000000 0.000000] Bgs=[0.0015705 -0.0000263 0.0010564] tic0=[
104202,218.728,[0.0059,115,P=[0.0059 -0.0004 -0.0026] V=[0.0291 -0.0030 -0.0148] |Bas|=0.000000 |Bgs|=0.0018930 Bas=[0.000000 0.000000 0.000000] Bgs=[0.0015705 -0.0000263 0.0010564] tic0=
104237,218.876,[0.0101,124,P=[0.0101 -0.0010 -0.0051] V=[0.0296 -0.0055 -0.0178] |Bas|=0.000000 |Bgs|=0.0018930 Bas=[0.000000 0.000000 0.000000] Bgs=[0.0015705 -0.0000263 0.0010564] tic0=
104262,218.992,[0.0137,113,P=[0.0137 -0.0015 -0.0072] V=[0.0324 -0.0050 -0.0190] |Bas|=0.000000 |Bgs|=0.0018930 Bas=[0.000000 0.000000 0.000000] Bgs=[0.0015705 -0.0000263 0.0010564] tic0=
104301,219.068,[0.0163,122,P=[0.0163 -0.0019 -0.0086] V=[0.0366 -0.0050 -0.0177] |Bas|=0.000000 |Bgs|=0.0018930 Bas=[0.000000 0.000000 0.000000] Bgs=[0.0015705 -0.0000263 0.0010564] tic0=
104329,219.18,[0.0205,115,P=[0.0205 -0.0026 -0.0110] V=[0.0378 -0.0064 -0.0234] |Bas|=0.000000 |Bgs|=0.0018930 Bas=[0.000000 0.000000 0.000000] Bgs=[0.0015705 -0.0000263 0.0010564] tic0=
104358,219.264,[0.0238,134,P=[0.0238 -0.0031 -0.0129] V=[0.0409 -0.0067 -0.0208] |Bas|=0.000000 |Bgs|=0.0018930 Bas=[0.000000 0.000000 0.000000] Bgs=[0.0015705 -0.0000263 0.0010564] tic0=
104383,219.372,[0.0284,122,P=[0.0284 -0.0040 -0.0150] V=[0.0443 -0.0082 -0.0184] |Bas|=0.000000 |Bgs|=0.0018930 Bas=[0.000000 0.000000 0.000000] Bgs=[0.0015705 -0.0000263 0.0010564] tic0=
104404,219.468,[0.0331,117,P=[0.0331 -0.0046 -0.0168] V=[0.0521 -0.0046 -0.0173] |Bas|=0.000000 |Bgs|=0.0018930 Bas=[0.000000 0.000000 0.000000] Bgs=[0.0015705 -0.0000263 0.0010564] tic0=
104492,219.592,[0.0399,117,P=[0.0399 -0.0054 -0.0190] V=[0.0575 -0.0059 -0.0174] |Bas|=0.000000 |Bgs|=0.0018930 Bas=[0.000000 0.000000 0.000000] Bgs=[0.0015705 -0.0000263 0.0010564] tic0=
104579,219.692,[0.0458,108,P=[0.0458 -0.0060 -0.0207] V=[0.0608 -0.0083 -0.0149] |Bas|=0.000000 |Bgs|=0.0018930 Bas=[0.000000 0.000000 0.000000] Bgs=[0.0015705 -0.0000263 0.0010564] tic0=
104689,219.764,[0.0503,100,P=[0.0503 -0.0066 -0.0218] V=[0.0640 -0.0061 -0.0160] |Bas|=0.000000 |Bgs|=0.0018930 Bas=[0.000000 0.000000 0.000000] Bgs=[0.0015705 -0.0000263 0.0010564] tic0=
104793,219.876,[0.0577,125,P=[0.0577 -0.0071 -0.0237] V=[0.0680 -0.0030 -0.0187] |Bas|=0.000000 |Bgs|=0.0018930 Bas=[0.000000 0.000000 0.000000] Bgs=[0.0015705 -0.0000263 0.0010564] tic0=
104886,219.964,[0.0638,128,P=[0.0638 -0.0073 -0.0254] V=[0.0701 -0.0018 -0.0209] |Bas|=0.000000 |Bgs|=0.0018930 Bas=[0.000000 0.000000 0.000000] Bgs=[0.0015705 -0.0000263 0.0010564] tic0=
105285,221.204,[0.0021,121,P=[0.0021 0.0004 -0.0015] V=[0.0226 0.0029 -0.0078] |Bas|=0.000000 |Bgs|=0.0028143 Bas=[0.000000 0.000000 0.000000] Bgs=[-0.0014896 0.0013751 -0.0019521] tic0=[
105313,221.336,[0.0052,121,P=[0.0052 0.0009 -0.0023] V=[0.0259 0.0040 -0.0057] |Bas|=0.000000 |Bgs|=0.0028143 Bas=[0.000000 0.000000 0.000000] Bgs=[-0.0014896 0.0013751 -0.0019521] tic0=[
105339,221.44,[0.0079,129,P=[0.0079 0.0013 -0.0028] V=[0.0243 0.0037 -0.0049] |Bas|=0.000000 |Bgs|=0.0028143 Bas=[0.000000 0.000000 0.000000] Bgs=[-0.0014896 0.0013751 -0.0019521] tic0=[
105355,221.536,[0.0101,122,P=[0.0101 0.0016 -0.0033] V=[0.0242 0.0023 -0.0058] |Bas|=0.000000 |Bgs|=0.0028143 Bas=[0.000000 0.000000 0.000000] Bgs=[-0.0014896 0.0013751 -0.0019521] tic0=[
105382,221.636,[0.0125,128,P=[0.0125 0.0017 -0.0038] V=[0.0250 0.0014 -0.0038] |Bas|=0.000000 |Bgs|=0.0028143 Bas=[0.000000 0.000000 0.000000] Bgs=[-0.0014896 0.0013751 -0.0019521] tic0=[
105405,221.736,[0.0150,127,P=[0.0150 0.0018 -0.0042] V=[0.0232 0.0014 -0.0054] |Bas|=0.000000 |Bgs|=0.0028143 Bas=[0.000000 0.000000 0.000000] Bgs=[-0.0014896 0.0013751 -0.0019521] tic0=[
105427,221.836,[0.0173,129,P=[0.0173 0.0018 -0.0047] V=[0.0239 -0.0013 -0.0040] |Bas|=0.000000 |Bgs|=0.0028143 Bas=[0.000000 0.000000 0.000000] Bgs=[-0.0014896 0.0013751 -0.0019521] tic0=
105448,221.936,[0.0199,121,P=[0.0199 0.0018 -0.0053] V=[0.0292 0.0003 -0.0076] |Bas|=0.000000 |Bgs|=0.0028143 Bas=[0.000000 0.000000 0.000000] Bgs=[-0.0014896 0.0013751 -0.0019521] tic0=[
105470,222.036,[0.0229,127,P=[0.0229 0.0018 -0.0060] V=[0.0312 -0.0009 -0.0055] |Bas|=0.000000 |Bgs|=0.0028143 Bas=[0.000000 0.000000 0.000000] Bgs=[-0.0014896 0.0013751 -0.0019521] tic0=
105491,222.136,[0.0260,133,P=[0.0260 0.0016 -0.0066] V=[0.0297 -0.0019 -0.0064] |Bas|=0.000000 |Bgs|=0.0028143 Bas=[0.000000 0.000000 0.000000] Bgs=[-0.0014896 0.0013751 -0.0019521] tic0=
105517,222.236,[0.0290,122,P=[0.0290 0.0012 -0.0073] V=[0.0300 -0.0048 -0.0071] |Bas|=0.000000 |Bgs|=0.0028143 Bas=[0.000000 0.000000 0.000000] Bgs=[-0.0014896 0.0013751 -0.0019521] tic0=
105544,222.336,[0.0321,130,P=[0.0321 0.0007 -0.0079] V=[0.0317 -0.0067 -0.0054] |Bas|=0.000000 |Bgs|=0.0028143 Bas=[0.000000 0.000000 0.000000] Bgs=[-0.0014896 0.0013751 -0.0019521] tic0=
105566,222.408,[0.0343,125,P=[0.0343 0.0001 -0.0082] V=[0.0310 -0.0074 -0.0045] |Bas|=0.000000 |Bgs|=0.0028143 Bas=[0.000000 0.000000 0.000000] Bgs=[-0.0014896 0.0013751 -0.0019521] tic0=
105589,222.536,[0.0384,128,P=[0.0384 -0.0011 -0.0086] V=[0.0330 -0.0110 -0.0049] |Bas|=0.000000 |Bgs|=0.0028143 Bas=[0.000000 0.000000 0.000000] Bgs=[-0.0014896 0.0013751 -0.0019521] tic0
105615,222.636,[0.0418,124,P=[0.0418 -0.0022 -0.0094] V=[0.0349 -0.0133 -0.0089] |Bas|=0.000000 |Bgs|=0.0028143 Bas=[0.000000 0.000000 0.000000] Bgs=[-0.0014896 0.0013751 -0.0019521] tic0
105642,222.736,[0.0452,126,P=[0.0452 -0.0037 -0.0104] V=[0.0329 -0.0142 -0.0102] |Bas|=0.000000 |Bgs|=0.0028143 Bas=[0.000000 0.000000 0.000000] Bgs=[-0.0014896 0.0013751 -0.0019521] tic0
105665,222.84,[0.0485,121,P=[0.0485 -0.0054 -0.0117] V=[0.0317 -0.0193 -0.0139] |Bas|=0.000000 |Bgs|=0.0028143 Bas=[0.000000 0.000000 0.000000] Bgs=[-0.0014896 0.0013751 -0.0019521] tic0
105692,222.936,[0.0517,129,P=[0.0517 -0.0073 -0.0131] V=[0.0344 -0.0202 -0.0154] |Bas|=0.000000 |Bgs|=0.0028143 Bas=[0.000000 0.000000 0.000000] Bgs=[-0.0014896 0.0013751 -0.0019521] tic0
105715,223.036,[0.0553,123,P=[0.0553 -0.0093 -0.0147] V=[0.0360 -0.0208 -0.0166] |Bas|=0.000000 |Bgs|=0.0028143 Bas=[0.000000 0.000000 0.000000] Bgs=[-0.0014896 0.0013751 -0.0019521] tic0
105740,223.136,[0.0589,127,P=[0.0589 -0.0115 -0.0165] V=[0.0394 -0.0245 -0.0191] |Bas|=0.000000 |Bgs|=0.0028143 Bas=[0.000000 0.000000 0.000000] Bgs=[-0.0014896 0.0013751 -0.0019521] tic0
105763,223.236,[0.0629,133,P=[0.0629 -0.0141 -0.0184] V=[0.0391 -0.0261 -0.0206] |Bas|=0.000000 |Bgs|=0.0028143 Bas=[0.000000 0.000000 0.000000] Bgs=[-0.0014896 0.0013751 -0.0019521] tic0
105784,223.34,[0.0671,118,P=[0.0671 -0.0170 -0.0208] V=[0.0403 -0.0273 -0.0231] |Bas|=0.000000 |Bgs|=0.0028143 Bas=[0.000000 0.000000 0.000000] Bgs=[-0.0014896 0.0013751 -0.0019521] tic0
105806,223.436,[0.0709,121,P=[0.0709 -0.0196 -0.0230] V=[0.0378 -0.0286 -0.0215] |Bas|=0.000000 |Bgs|=0.0028143 Bas=[0.000000 0.000000 0.000000] Bgs=[-0.0014896 0.0013751 -0.0019521] tic0
105836,223.536,[0.0748,118,P=[0.0748 -0.0227 -0.0251] V=[0.0393 -0.0317 -0.0204] |Bas|=0.000000 |Bgs|=0.0028143 Bas=[0.000000 0.000000 0.000000] Bgs=[-0.0014896 0.0013751 -0.0019521] tic0
105870,223.636,[0.0788,116,P=[0.0788 -0.0260 -0.0271] V=[0.0419 -0.0350 -0.0204] |Bas|=0.000000 |Bgs|=0.0028143 Bas=[0.000000 0.000000 0.000000] Bgs=[-0.0014896 0.0013751 -0.0019521] tic0
105961,223.74,[0.0833,125,P=[0.0833 -0.0299 -0.0292] V=[0.0434 -0.0396 -0.0199] |Bas|=0.000000 |Bgs|=0.0028143 Bas=[0.000000 0.000000 0.000000] Bgs=[-0.0014896 0.0013751 -0.0019521] tic0
106038,223.84,[0.0875,123,P=[0.0875 -0.0341 -0.0313] V=[0.0409 -0.0428 -0.0225] |Bas|=0.000000 |Bgs|=0.0028143 Bas=[0.000000 0.000000 0.000000] Bgs=[-0.0014896 0.0013751 -0.0019521] tic0
106135,223.94,[0.0915,99,P=[0.0915 -0.0387 -0.0335] V=[0.0391 -0.0501 -0.0220] |Bas|=0.000000 |Bgs|=0.0028143 Bas=[0.000000 0.000000 0.000000] Bgs=[-0.0014896 0.0013751 -0.0019521] tic0
106242,224.044,[0.0956,123,P=[0.0956 -0.0443 -0.0359] V=[0.0383 -0.0552 -0.0238] |Bas|=0.000000 |Bgs|=0.0028143 Bas=[0.000000 0.000000 0.000000] Bgs=[-0.0014896 0.0013751 -0.0019521] tic0
106330,224.14,[0.0994,116,P=[0.0994 -0.0496 -0.0384] V=[0.0415 -0.0553 -0.0279] |Bas|=0.000000 |Bgs|=0.0028143 Bas=[0.000000 0.000000 0.000000] Bgs=[-0.0014896 0.0013751 -0.0019521] tic0
106418,224.24,[0.1035,129,P=[0.1035 -0.0555 -0.0414] V=[0.0417 -0.0637 -0.0337] |Bas|=0.000000 |Bgs|=0.0028143 Bas=[0.000000 0.000000 0.000000] Bgs=[-0.0014896 0.0013751 -0.0019521] tic0
106506,224.34,[0.1075,129,P=[0.1075 -0.0622 -0.0448] V=[0.0385 -0.0688 -0.0336] |Bas|=0.000000 |Bgs|=0.0028143 Bas=[0.000000 0.000000 0.000000] Bgs=[-0.0014896 0.0013751 -0.0019521] tic0
106590,224.44,[0.1114,123,P=[0.1114 -0.0692 -0.0479] V=[0.0387 -0.0704 -0.0309] |Bas|=0.000000 |Bgs|=0.0028143 Bas=[0.000000 0.000000 0.000000] Bgs=[-0.0014896 0.0013751 -0.0019521] tic0
106678,224.54,[0.1153,126,P=[0.1153 -0.0764 -0.0510] V=[0.0386 -0.0736 -0.0314] |Bas|=0.000000 |Bgs|=0.0028143 Bas=[0.000000 0.000000 0.000000] Bgs=[-0.0014896 0.0013751 -0.0019521] tic0
106761,224.64,[0.1192,128,P=[0.1192 -0.0841 -0.0541] V=[0.0397 -0.0811 -0.0303] |Bas|=0.000000 |Bgs|=0.0028143 Bas=[0.000000 0.000000 0.000000] Bgs=[-0.0014896 0.0013751 -0.0019521] tic0
106842,224.74,[0.1232,110,P=[0.1232 -0.0925 -0.0570] V=[0.0403 -0.0867 -0.0275] |Bas|=0.000000 |Bgs|=0.0028143 Bas=[0.000000 0.000000 0.000000] Bgs=[-0.0014896 0.0013751 -0.0019521] tic0
106945,224.84,[0.1272,127,P=[0.1272 -0.1015 -0.0598] V=[0.0395 -0.0939 -0.0272] |Bas|=0.000000 |Bgs|=0.0028143 Bas=[0.000000 0.000000 0.000000] Bgs=[-0.0014896 0.0013751 -0.0019521] tic0
107037,224.94,[0.1311,103,P=[0.1311 -0.1112 -0.0624] V=[0.0382 -0.1006 -0.0266] |Bas|=0.000000 |Bgs|=0.0028143 Bas=[0.000000 0.000000 0.000000] Bgs=[-0.0014896 0.0013751 -0.0019521] tic0
107134,225.04,[0.1351,115,P=[0.1351 -0.1212 -0.0651] V=[0.0423 -0.1000 -0.0291] |Bas|=0.000000 |Bgs|=0.0028143 Bas=[0.000000 0.000000 0.000000] Bgs=[-0.0014896 0.0013751 -0.0019521] tic0
107222,225.14,[0.1394,122,P=[0.1394 -0.1316 -0.0680] V=[0.0419 -0.1087 -0.0289] |Bas|=0.000000 |Bgs|=0.0028143 Bas=[0.000000 0.000000 0.000000] Bgs=[-0.0014896 0.0013751 -0.0019521] tic0
107305,225.244,[0.1435,126,P=[0.1435 -0.1433 -0.0709] V=[0.0389 -0.1160 -0.0284] |Bas|=0.000000 |Bgs|=0.0028143 Bas=[0.000000 0.000000 0.000000] Bgs=[-0.0014896 0.0013751 -0.0019521] tic0
107388,225.34,[0.1472,127,P=[0.1472 -0.1550 -0.0737] V=[0.0384 -0.1254 -0.0302] |Bas|=0.000000 |Bgs|=0.0028143 Bas=[0.000000 0.000000 0.000000] Bgs=[-0.0014896 0.0013751 -0.0019521] tic0
107474,225.44,[0.1509,118,P=[0.1509 -0.1679 -0.0768] V=[0.0357 -0.1328 -0.0319] |Bas|=0.000000 |Bgs|=0.0028143 Bas=[0.000000 0.000000 0.000000] Bgs=[-0.0014896 0.0013751 -0.0019521] tic0
107571,225.54,[0.1545,111,P=[0.1545 -0.1816 -0.0800] V=[0.0385 -0.1414 -0.0318] |Bas|=0.000000 |Bgs|=0.0028143 Bas=[0.000000 0.000000 0.000000] Bgs=[-0.0014896 0.0013751 -0.0019521] tic0
107669,225.64,[0.1583,124,P=[0.1583 -0.1960 -0.0831] V=[0.0380 -0.1462 -0.0313] |Bas|=0.000000 |Bgs|=0.0028143 Bas=[0.000000 0.000000 0.000000] Bgs=[-0.0014896 0.0013751 -0.0019521] tic0
107759,225.744,[0.1622,121,P=[0.1622 -0.2115 -0.0862] V=[0.0372 -0.1538 -0.0278] |Bas|=0.000000 |Bgs|=0.0028143 Bas=[0.000000 0.000000 0.000000] Bgs=[-0.0014896 0.0013751 -0.0019521] tic0
107845,225.84,[0.1656,124,P=[0.1656 -0.2268 -0.0887] V=[0.0330 -0.1639 -0.0228] |Bas|=0.000000 |Bgs|=0.0028143 Bas=[0.000000 0.000000 0.000000] Bgs=[-0.0014896 0.0013751 -0.0019521] tic0
107934,225.94,[0.1689,118,P=[0.1689 -0.2433 -0.0909] V=[0.0308 -0.1700 -0.0224] |Bas|=0.000000 |Bgs|=0.0028143 Bas=[0.000000 0.000000 0.000000] Bgs=[-0.0014896 0.0013751 -0.0019521] tic0
108585,227.176,[-0.3322,44,P=[-0.3322 0.5596 0.3962] V=[-0.9779 2.5795 0.4796] |Bas|=0.000000 |Bgs|=0.0528367 Bas=[0.000000 0.000000 0.000000] Bgs=[-0.0385535 0.0271528 -0.0238342] tic0=[
109664,230.652,[-0.0027,122,P=[-0.0027 -0.0020 -0.0022] V=[-0.0386 -0.0248 -0.0176] |Bas|=0.000000 |Bgs|=0.0010586 Bas=[0.000000 0.000000 0.000000] Bgs=[0.0000865 -0.0008262 0.0006563] tic
109697,230.752,[-0.0069,110,P=[-0.0069 -0.0046 -0.0041] V=[-0.0439 -0.0291 -0.0206] |Bas|=0.000000 |Bgs|=0.0010586 Bas=[0.000000 0.000000 0.000000] Bgs=[0.0000865 -0.0008262 0.0006563] tic
109731,230.852,[-0.0114,111,P=[-0.0114 -0.0078 -0.0060] V=[-0.0460 -0.0335 -0.0186] |Bas|=0.000000 |Bgs|=0.0010586 Bas=[0.000000 0.000000 0.000000] Bgs=[0.0000865 -0.0008262 0.0006563] tic
109766,230.952,[-0.0162,122,P=[-0.0162 -0.0115 -0.0079] V=[-0.0505 -0.0405 -0.0193] |Bas|=0.000000 |Bgs|=0.0010586 Bas=[0.000000 0.000000 0.000000] Bgs=[0.0000865 -0.0008262 0.0006563] tic
109790,231.052,[-0.0215,106,P=[-0.0215 -0.0157 -0.0097] V=[-0.0521 -0.0437 -0.0178] |Bas|=0.000000 |Bgs|=0.0010586 Bas=[0.000000 0.000000 0.000000] Bgs=[0.0000865 -0.0008262 0.0006563] tic
109833,231.132,[-0.0259,108,P=[-0.0259 -0.0194 -0.0112] V=[-0.0552 -0.0473 -0.0169] |Bas|=0.000000 |Bgs|=0.0010586 Bas=[0.000000 0.000000 0.000000] Bgs=[0.0000865 -0.0008262 0.0006563] tic
109930,231.22,[-0.0308,100,P=[-0.0308 -0.0237 -0.0126] V=[-0.0567 -0.0513 -0.0160] |Bas|=0.000000 |Bgs|=0.0010586 Bas=[0.000000 0.000000 0.000000] Bgs=[0.0000865 -0.0008262 0.0006563] tic
110031,231.352,[-0.0389,101,P=[-0.0389 -0.0304 -0.0146] V=[-0.0644 -0.0513 -0.0157] |Bas|=0.000000 |Bgs|=0.0010586 Bas=[0.000000 0.000000 0.000000] Bgs=[0.0000865 -0.0008262 0.0006563] tic
110139,231.504,[-0.0492,109,P=[-0.0492 -0.0383 -0.0170] V=[-0.0719 -0.0545 -0.0162] |Bas|=0.000000 |Bgs|=0.0010586 Bas=[0.000000 0.000000 0.000000] Bgs=[0.0000865 -0.0008262 0.0006563] tic
110228,231.616,[-0.0575,118,P=[-0.0575 -0.0447 -0.0186] V=[-0.0764 -0.0604 -0.0142] |Bas|=0.000000 |Bgs|=0.0010586 Bas=[0.000000 0.000000 0.000000] Bgs=[0.0000865 -0.0008262 0.0006563] tic
110317,231.728,[-0.0665,110,P=[-0.0665 -0.0518 -0.0205] V=[-0.0837 -0.0661 -0.0175] |Bas|=0.000000 |Bgs|=0.0010586 Bas=[0.000000 0.000000 0.000000] Bgs=[0.0000865 -0.0008262 0.0006563] tic
110716,232.952,[0.0000,122,P=[0.0000 -0.0006 -0.0003] V=[0.0118 0.0005 -0.0060] |Bas|=0.000000 |Bgs|=0.0019087 Bas=[0.000000 0.000000 0.000000] Bgs=[0.0008358 0.0010801 0.0013334] tic0=[0
110742,233.052,[0.0014,113,P=[0.0014 -0.0004 -0.0009] V=[0.0149 0.0022 -0.0061] |Bas|=0.000000 |Bgs|=0.0019087 Bas=[0.000000 0.000000 0.000000] Bgs=[0.0008358 0.0010801 0.0013334] tic0=[0
110768,233.152,[0.0029,122,P=[0.0029 -0.0003 -0.0015] V=[0.0167 -0.0001 -0.0085] |Bas|=0.000000 |Bgs|=0.0019087 Bas=[0.000000 0.000000 0.000000] Bgs=[0.0008358 0.0010801 0.0013334] tic0=[
110798,233.252,[0.0046,126,P=[0.0046 -0.0003 -0.0024] V=[0.0166 0.0003 -0.0090] |Bas|=0.000000 |Bgs|=0.0019087 Bas=[0.000000 0.000000 0.000000] Bgs=[0.0008358 0.0010801 0.0013334] tic0=[0
110819,233.352,[0.0064,125,P=[0.0064 -0.0002 -0.0034] V=[0.0190 0.0004 -0.0111] |Bas|=0.000000 |Bgs|=0.0019087 Bas=[0.000000 0.000000 0.000000] Bgs=[0.0008358 0.0010801 0.0013334] tic0=[0
110838,233.456,[0.0085,122,P=[0.0085 0.0001 -0.0048] V=[0.0232 0.0031 -0.0127] |Bas|=0.000000 |Bgs|=0.0019087 Bas=[0.000000 0.000000 0.000000] Bgs=[0.0008358 0.0010801 0.0013334] tic0=[0.
110864,233.592,[0.0119,124,P=[0.0119 0.0004 -0.0063] V=[0.0279 0.0009 -0.0081] |Bas|=0.000000 |Bgs|=0.0019087 Bas=[0.000000 0.000000 0.000000] Bgs=[0.0008358 0.0010801 0.0013334] tic0=[0.
110891,233.692,[0.0147,121,P=[0.0147 0.0005 -0.0071] V=[0.0289 0.0023 -0.0086] |Bas|=0.000000 |Bgs|=0.0019087 Bas=[0.000000 0.000000 0.000000] Bgs=[0.0008358 0.0010801 0.0013334] tic0=[0.
110922,233.788,[0.0176,122,P=[0.0176 0.0007 -0.0081] V=[0.0310 0.0012 -0.0124] |Bas|=0.000000 |Bgs|=0.0019087 Bas=[0.000000 0.000000 0.000000] Bgs=[0.0008358 0.0010801 0.0013334] tic0=[0.
110947,233.892,[0.0210,118,P=[0.0210 0.0008 -0.0095] V=[0.0333 0.0017 -0.0124] |Bas|=0.000000 |Bgs|=0.0019087 Bas=[0.000000 0.000000 0.000000] Bgs=[0.0008358 0.0010801 0.0013334] tic0=[0.
110975,233.996,[0.0247,117,P=[0.0247 0.0009 -0.0108] V=[0.0396 0.0004 -0.0121] |Bas|=0.000000 |Bgs|=0.0019087 Bas=[0.000000 0.000000 0.000000] Bgs=[0.0008358 0.0010801 0.0013334] tic0=[0.
111004,234.096,[0.0291,118,P=[0.0291 0.0011 -0.0119] V=[0.0446 0.0006 -0.0115] |Bas|=0.000000 |Bgs|=0.0019087 Bas=[0.000000 0.000000 0.000000] Bgs=[0.0008358 0.0010801 0.0013334] tic0=[0.
111027,234.188,[0.0332,124,P=[0.0332 0.0010 -0.0129] V=[0.0462 -0.0025 -0.0105] |Bas|=0.000000 |Bgs|=0.0019087 Bas=[0.000000 0.000000 0.000000] Bgs=[0.0008358 0.0010801 0.0013334] tic0=[0
111057,234.312,[0.0392,122,P=[0.0392 0.0007 -0.0145] V=[0.0514 -0.0010 -0.0150] |Bas|=0.000000 |Bgs|=0.0019087 Bas=[0.000000 0.000000 0.000000] Bgs=[0.0008358 0.0010801 0.0013334] tic0=[0
111082,234.416,[0.0449,121,P=[0.0449 0.0006 -0.0159] V=[0.0595 -0.0009 -0.0113] |Bas|=0.000000 |Bgs|=0.0019087 Bas=[0.000000 0.000000 0.000000] Bgs=[0.0008358 0.0010801 0.0013334] tic0=[0
111113,234.496,[0.0497,128,P=[0.0497 0.0004 -0.0168] V=[0.0611 -0.0037 -0.0137] |Bas|=0.000000 |Bgs|=0.0019087 Bas=[0.000000 0.000000 0.000000] Bgs=[0.0008358 0.0010801 0.0013334] tic0=[0
111136,234.596,[0.0562,113,P=[0.0562 -0.0000 -0.0182] V=[0.0672 -0.0049 -0.0126] |Bas|=0.000000 |Bgs|=0.0019087 Bas=[0.000000 0.000000 0.000000] Bgs=[0.0008358 0.0010801 0.0013334] tic0=[
111170,234.696,[0.0631,125,P=[0.0631 -0.0005 -0.0195] V=[0.0695 -0.0062 -0.0168] |Bas|=0.000000 |Bgs|=0.0019087 Bas=[0.000000 0.000000 0.000000] Bgs=[0.0008358 0.0010801 0.0013334] tic0=[
111193,234.82,[0.0721,118,P=[0.0721 -0.0012 -0.0218] V=[0.0764 -0.0042 -0.0212] |Bas|=0.000000 |Bgs|=0.0019087 Bas=[0.000000 0.000000 0.000000] Bgs=[0.0008358 0.0010801 0.0013334] tic0=[
111224,234.952,[0.0828,126,P=[0.0828 -0.0016 -0.0246] V=[0.0835 -0.0031 -0.0216] |Bas|=0.000000 |Bgs|=0.0019087 Bas=[0.000000 0.000000 0.000000] Bgs=[0.0008358 0.0010801 0.0013334] tic0=[
111311,235.052,[0.0914,116,P=[0.0914 -0.0019 -0.0267] V=[0.0888 -0.0040 -0.0208] |Bas|=0.000000 |Bgs|=0.0019087 Bas=[0.000000 0.000000 0.000000] Bgs=[0.0008358 0.0010801 0.0013334] tic0=[
111399,235.152,[0.1005,107,P=[0.1005 -0.0022 -0.0287] V=[0.0936 0.0002 -0.0197] |Bas|=0.000000 |Bgs|=0.0019087 Bas=[0.000000 0.000000 0.000000] Bgs=[0.0008358 0.0010801 0.0013334] tic0=[0
111504,235.284,[0.1131,106,P=[0.1131 -0.0023 -0.0314] V=[0.0969 -0.0034 -0.0221] |Bas|=0.000000 |Bgs|=0.0019087 Bas=[0.000000 0.000000 0.000000] Bgs=[0.0008358 0.0010801 0.0013334] tic0=[
111597,235.396,[0.1242,118,P=[0.1242 -0.0028 -0.0338] V=[0.1035 -0.0036 -0.0209] |Bas|=0.000000 |Bgs|=0.0019087 Bas=[0.000000 0.000000 0.000000] Bgs=[0.0008358 0.0010801 0.0013334] tic0=[
111694,235.5,[0.1353,124,P=[0.1353 -0.0031 -0.0361] V=[0.1094 -0.0041 -0.0230] |Bas|=0.000000 |Bgs|=0.0019087 Bas=[0.000000 0.000000 0.000000] Bgs=[0.0008358 0.0010801 0.0013334] tic0=[
111775,235.616,[0.1482,120,P=[0.1482 -0.0036 -0.0388] V=[0.1129 -0.0034 -0.0224] |Bas|=0.000000 |Bgs|=0.0019087 Bas=[0.000000 0.000000 0.000000] Bgs=[0.0008358 0.0010801 0.0013334] tic0=[
111859,235.716,[0.1598,114,P=[0.1598 -0.0038 -0.0409] V=[0.1197 -0.0002 -0.0207] |Bas|=0.000000 |Bgs|=0.0019087 Bas=[0.000000 0.000000 0.000000] Bgs=[0.0008358 0.0010801 0.0013334] tic0=[
111945,235.788,[0.1685,117,P=[0.1685 -0.0037 -0.0425] V=[0.1232 0.0021 -0.0233] |Bas|=0.000000 |Bgs|=0.0019087 Bas=[0.000000 0.000000 0.000000] Bgs=[0.0008358 0.0010801 0.0013334] tic0=[0
112033,235.888,[0.1814,116,P=[0.1814 -0.0036 -0.0448] V=[0.1326 0.0006 -0.0241] |Bas|=0.000000 |Bgs|=0.0019087 Bas=[0.000000 0.000000 0.000000] Bgs=[0.0008358 0.0010801 0.0013334] tic0=[0
112135,235.984,[0.1944,100,P=[0.1944 -0.0035 -0.0471] V=[0.1392 0.0025 -0.0251] |Bas|=0.000000 |Bgs|=0.0019087 Bas=[0.000000 0.000000 0.000000] Bgs=[0.0008358 0.0010801 0.0013334] tic0=[0
112243,236.084,[0.2087,125,P=[0.2087 -0.0031 -0.0497] V=[0.1467 0.0044 -0.0256] |Bas|=0.000000 |Bgs|=0.0019087 Bas=[0.000000 0.000000 0.000000] Bgs=[0.0008358 0.0010801 0.0013334] tic0=[0
112331,236.188,[0.2243,129,P=[0.2243 -0.0024 -0.0524] V=[0.1516 0.0079 -0.0253] |Bas|=0.000000 |Bgs|=0.0019087 Bas=[0.000000 0.000000 0.000000] Bgs=[0.0008358 0.0010801 0.0013334] tic0=[0
112418,236.292,[0.2403,119,P=[0.2403 -0.0015 -0.0550] V=[0.1557 0.0099 -0.0246] |Bas|=0.000000 |Bgs|=0.0019087 Bas=[0.000000 0.000000 0.000000] Bgs=[0.0008358 0.0010801 0.0013334] tic0=[0
112507,236.388,[0.2555,114,P=[0.2555 -0.0002 -0.0575] V=[0.1610 0.0163 -0.0256] |Bas|=0.000000 |Bgs|=0.0019087 Bas=[0.000000 0.000000 0.000000] Bgs=[0.0008358 0.0010801 0.0013334] tic0=[0
112595,236.496,[0.2732,112,P=[0.2732 0.0016 -0.0602] V=[0.1657 0.0152 -0.0242] |Bas|=0.000000 |Bgs|=0.0019087 Bas=[0.000000 0.000000 0.000000] Bgs=[0.0008358 0.0010801 0.0013334] tic0=[0.
112688,236.604,[0.2914,124,P=[0.2914 0.0034 -0.0628] V=[0.1724 0.0180 -0.0233] |Bas|=0.000000 |Bgs|=0.0019087 Bas=[0.000000 0.000000 0.000000] Bgs=[0.0008358 0.0010801 0.0013334] tic0=[0.
112788,236.716,[0.3111,106,P=[0.3111 0.0054 -0.0654] V=[0.1769 0.0197 -0.0238] |Bas|=0.000000 |Bgs|=0.0019087 Bas=[0.000000 0.000000 0.000000] Bgs=[0.0008358 0.0010801 0.0013334] tic0=[0.
112888,236.788,[0.3240,114,P=[0.3240 0.0070 -0.0671] V=[0.1810 0.0218 -0.0249] |Bas|=0.000000 |Bgs|=0.0019087 Bas=[0.000000 0.000000 0.000000] Bgs=[0.0008358 0.0010801 0.0013334] tic0=[0.
112983,236.92,[0.3485,121,P=[0.3485 0.0103 -0.0704] V=[0.1916 0.0273 -0.0251] |Bas|=0.000000 |Bgs|=0.0019087 Bas=[0.000000 0.000000 0.000000] Bgs=[0.0008358 0.0010801 0.0013334] tic0=[0.
113069,237.052,[0.3742,110,P=[0.3742 0.0141 -0.0738] V=[0.1955 0.0286 -0.0264] |Bas|=0.000000 |Bgs|=0.0019087 Bas=[0.000000 0.000000 0.000000] Bgs=[0.0008358 0.0010801 0.0013334] tic0=[0.
113160,237.152,[0.3941,122,P=[0.3941 0.0170 -0.0764] V=[0.2030 0.0305 -0.0252] |Bas|=0.000000 |Bgs|=0.0019087 Bas=[0.000000 0.000000 0.000000] Bgs=[0.0008358 0.0010801 0.0013334] tic0=[0.
113248,237.252,[0.4147,111,P=[0.4147 0.0204 -0.0789] V=[0.2076 0.0353 -0.0261] |Bas|=0.000000 |Bgs|=0.0019087 Bas=[0.000000 0.000000 0.000000] Bgs=[0.0008358 0.0010801 0.0013334] tic0=[0.
113341,237.404,[0.4464,121,P=[0.4464 0.0263 -0.0830] V=[0.2106 0.0405 -0.0274] |Bas|=0.000000 |Bgs|=0.0019087 Bas=[0.000000 0.000000 0.000000] Bgs=[0.0008358 0.0010801 0.0013334] tic0=[0.
113737,238.692,[-0.0036,123,P=[-0.0036 0.0008 -0.0014] V=[-0.0278 0.0055 -0.0124] |Bas|=0.000000 |Bgs|=0.0019826 Bas=[0.000000 0.000000 0.000000] Bgs=[-0.0006195 -0.0010019 -0.0015948] tic
113760,238.82,[-0.0074,107,P=[-0.0074 0.0013 -0.0031] V=[-0.0324 0.0039 -0.0149] |Bas|=0.000000 |Bgs|=0.0019826 Bas=[0.000000 0.000000 0.000000] Bgs=[-0.0006195 -0.0010019 -0.0015948] tic
113797,238.924,[-0.0112,123,P=[-0.0112 0.0017 -0.0045] V=[-0.0375 0.0031 -0.0123] |Bas|=0.000000 |Bgs|=0.0019826 Bas=[0.000000 0.000000 0.000000] Bgs=[-0.0006195 -0.0010019 -0.0015948] tic
113818,239.02,[-0.0150,121,P=[-0.0150 0.0021 -0.0058] V=[-0.0411 0.0050 -0.0139] |Bas|=0.000000 |Bgs|=0.0019826 Bas=[0.000000 0.000000 0.000000] Bgs=[-0.0006195 -0.0010019 -0.0015948] tic
113851,239.12,[-0.0189,128,P=[-0.0189 0.0025 -0.0071] V=[-0.0394 0.0029 -0.0126] |Bas|=0.000000 |Bgs|=0.0019826 Bas=[0.000000 0.000000 0.000000] Bgs=[-0.0006195 -0.0010019 -0.0015948] tic
113880,239.216,[-0.0229,124,P=[-0.0229 0.0026 -0.0083] V=[-0.0417 -0.0011 -0.0105] |Bas|=0.000000 |Bgs|=0.0019826 Bas=[0.000000 0.000000 0.000000] Bgs=[-0.0006195 -0.0010019 -0.0015948] ti
113902,239.32,[-0.0275,120,P=[-0.0275 0.0024 -0.0094] V=[-0.0462 -0.0029 -0.0118] |Bas|=0.000000 |Bgs|=0.0019826 Bas=[0.000000 0.000000 0.000000] Bgs=[-0.0006195 -0.0010019 -0.0015948] ti
113928,239.452,[-0.0335,123,P=[-0.0335 0.0017 -0.0111] V=[-0.0464 -0.0079 -0.0118] |Bas|=0.000000 |Bgs|=0.0019826 Bas=[0.000000 0.000000 0.000000] Bgs=[-0.0006195 -0.0010019 -0.0015948] ti
113951,239.552,[-0.0383,114,P=[-0.0383 0.0011 -0.0121] V=[-0.0476 -0.0070 -0.0111] |Bas|=0.000000 |Bgs|=0.0019826 Bas=[0.000000 0.000000 0.000000] Bgs=[-0.0006195 -0.0010019 -0.0015948] ti
113980,239.652,[-0.0431,114,P=[-0.0431 0.0000 -0.0132] V=[-0.0478 -0.0142 -0.0101] |Bas|=0.000000 |Bgs|=0.0019826 Bas=[0.000000 0.000000 0.000000] Bgs=[-0.0006195 -0.0010019 -0.0015948] ti
114013,239.752,[-0.0481,118,P=[-0.0481 -0.0016 -0.0143] V=[-0.0536 -0.0176 -0.0111] |Bas|=0.000000 |Bgs|=0.0019826 Bas=[0.000000 0.000000 0.000000] Bgs=[-0.0006195 -0.0010019 -0.0015948] t
114041,239.852,[-0.0536,123,P=[-0.0536 -0.0035 -0.0153] V=[-0.0579 -0.0207 -0.0117] |Bas|=0.000000 |Bgs|=0.0019826 Bas=[0.000000 0.000000 0.000000] Bgs=[-0.0006195 -0.0010019 -0.0015948] t
114064,239.952,[-0.0596,115,P=[-0.0596 -0.0058 -0.0163] V=[-0.0606 -0.0237 -0.0082] |Bas|=0.000000 |Bgs|=0.0019826 Bas=[0.000000 0.000000 0.000000] Bgs=[-0.0006195 -0.0010019 -0.0015948] t
114148,240.052,[-0.0657,122,P=[-0.0657 -0.0084 -0.0173] V=[-0.0609 -0.0288 -0.0114] |Bas|=0.000000 |Bgs|=0.0019826 Bas=[0.000000 0.000000 0.000000] Bgs=[-0.0006195 -0.0010019 -0.0015948] t
114237,240.152,[-0.0719,117,P=[-0.0719 -0.0114 -0.0185] V=[-0.0634 -0.0313 -0.0123] |Bas|=0.000000 |Bgs|=0.0019826 Bas=[0.000000 0.000000 0.000000] Bgs=[-0.0006195 -0.0010019 -0.0015948] t
114338,240.224,[-0.0766,110,P=[-0.0766 -0.0137 -0.0193] V=[-0.0641 -0.0345 -0.0115] |Bas|=0.000000 |Bgs|=0.0019826 Bas=[0.000000 0.000000 0.000000] Bgs=[-0.0006195 -0.0010019 -0.0015948] t
114432,240.356,[-0.0853,113,P=[-0.0853 -0.0186 -0.0213] V=[-0.0688 -0.0403 -0.0183] |Bas|=0.000000 |Bgs|=0.0019826 Bas=[0.000000 0.000000 0.000000] Bgs=[-0.0006195 -0.0010019 -0.0015948] t
114520,240.484,[-0.0944,121,P=[-0.0944 -0.0242 -0.0236] V=[-0.0743 -0.0460 -0.0185] |Bas|=0.000000 |Bgs|=0.0019826 Bas=[0.000000 0.000000 0.000000] Bgs=[-0.0006195 -0.0010019 -0.0015948] t
114932,241.724,[0.0030,125,P=[0.0030 0.0041 -0.0011] V=[0.0325 0.0383 -0.0155] |Bas|=0.000000 |Bgs|=0.0005655 Bas=[0.000000 0.000000 0.000000] Bgs=[0.0005445 -0.0001484 -0.0000366] tic0=[
114958,241.82,[0.0065,110,P=[0.0065 0.0080 -0.0025] V=[0.0392 0.0415 -0.0137] |Bas|=0.000000 |Bgs|=0.0005655 Bas=[0.000000 0.000000 0.000000] Bgs=[0.0005445 -0.0001484 -0.0000366] tic0=[
114995,241.952,[0.0121,114,P=[0.0121 0.0136 -0.0044] V=[0.0458 0.0437 -0.0161] |Bas|=0.000000 |Bgs|=0.0005655 Bas=[0.000000 0.000000 0.000000] Bgs=[0.0005445 -0.0001484 -0.0000366] tic0=[
115034,242.052,[0.0170,111,P=[0.0170 0.0178 -0.0061] V=[0.0526 0.0419 -0.0172] |Bas|=0.000000 |Bgs|=0.0005655 Bas=[0.000000 0.000000 0.000000] Bgs=[0.0005445 -0.0001484 -0.0000366] tic0=[
115071,242.152,[0.0225,120,P=[0.0225 0.0220 -0.0082] V=[0.0576 0.0418 -0.0235] |Bas|=0.000000 |Bgs|=0.0005655 Bas=[0.000000 0.000000 0.000000] Bgs=[0.0005445 -0.0001484 -0.0000366] tic0=[
115156,242.252,[0.0284,105,P=[0.0284 0.0261 -0.0107] V=[0.0632 0.0433 -0.0260] |Bas|=0.000000 |Bgs|=0.0005655 Bas=[0.000000 0.000000 0.000000] Bgs=[0.0005445 -0.0001484 -0.0000366] tic0=[
115248,242.356,[0.0355,104,P=[0.0355 0.0305 -0.0135] V=[0.0700 0.0424 -0.0292] |Bas|=0.000000 |Bgs|=0.0005655 Bas=[0.000000 0.000000 0.000000] Bgs=[0.0005445 -0.0001484 -0.0000366] tic0=[
115364,242.484,[0.0447,110,P=[0.0447 0.0360 -0.0173] V=[0.0748 0.0440 -0.0302] |Bas|=0.000000 |Bgs|=0.0005655 Bas=[0.000000 0.000000 0.000000] Bgs=[0.0005445 -0.0001484 -0.0000366] tic0=[
115457,242.572,[0.0514,114,P=[0.0514 0.0399 -0.0200] V=[0.0780 0.0446 -0.0311] |Bas|=0.000000 |Bgs|=0.0005655 Bas=[0.000000 0.000000 0.000000] Bgs=[0.0005445 -0.0001484 -0.0000366] tic0=[
115549,242.652,[0.0578,126,P=[0.0578 0.0434 -0.0225] V=[0.0813 0.0433 -0.0307] |Bas|=0.000000 |Bgs|=0.0005655 Bas=[0.000000 0.000000 0.000000] Bgs=[0.0005445 -0.0001484 -0.0000366] tic0=[
115642,242.756,[0.0665,114,P=[0.0665 0.0480 -0.0258] V=[0.0856 0.0459 -0.0349] |Bas|=0.000000 |Bgs|=0.0005655 Bas=[0.000000 0.000000 0.000000] Bgs=[0.0005445 -0.0001484 -0.0000366] tic0=[
115739,242.852,[0.0751,120,P=[0.0751 0.0528 -0.0295] V=[0.0906 0.0514 -0.0370] |Bas|=0.000000 |Bgs|=0.0005655 Bas=[0.000000 0.000000 0.000000] Bgs=[0.0005445 -0.0001484 -0.0000366] tic0=[
115823,242.952,[0.0843,115,P=[0.0843 0.0582 -0.0332] V=[0.0921 0.0571 -0.0393] |Bas|=0.000000 |Bgs|=0.0005655 Bas=[0.000000 0.000000 0.000000] Bgs=[0.0005445 -0.0001484 -0.0000366] tic0=[
115927,243.088,[0.0973,105,P=[0.0973 0.0665 -0.0387] V=[0.0992 0.0622 -0.0425] |Bas|=0.000000 |Bgs|=0.0005655 Bas=[0.000000 0.000000 0.000000] Bgs=[0.0005445 -0.0001484 -0.0000366] tic0=[
116025,243.22,[0.1104,117,P=[0.1104 0.0746 -0.0444] V=[0.1020 0.0624 -0.0425] |Bas|=0.000000 |Bgs|=0.0005655 Bas=[0.000000 0.000000 0.000000] Bgs=[0.0005445 -0.0001484 -0.0000366] tic0=[
116110,243.32,[0.1207,119,P=[0.1207 0.0811 -0.0487] V=[0.1046 0.0662 -0.0438] |Bas|=0.000000 |Bgs|=0.0005655 Bas=[0.000000 0.000000 0.000000] Bgs=[0.0005445 -0.0001484 -0.0000366] tic0=[
116198,243.452,[0.1346,119,P=[0.1346 0.0899 -0.0544] V=[0.1037 0.0655 -0.0421] |Bas|=0.000000 |Bgs|=0.0005655 Bas=[0.000000 0.000000 0.000000] Bgs=[0.0005445 -0.0001484 -0.0000366] tic0=[
116278,243.584,[0.1487,127,P=[0.1487 0.0984 -0.0602] V=[0.1100 0.0638 -0.0459] |Bas|=0.000000 |Bgs|=0.0005655 Bas=[0.000000 0.000000 0.000000] Bgs=[0.0005445 -0.0001484 -0.0000366] tic0=[
116662,244.852,[-0.0057,128,P=[-0.0057 -0.0048 -0.0018] V=[-0.0438 -0.0432 -0.0100] |Bas|=0.000000 |Bgs|=0.0057757 Bas=[0.000000 0.000000 0.000000] Bgs=[0.0056322 -0.0005840 -0.0011384] ti
116687,244.984,[-0.0119,89,P=[-0.0119 -0.0106 -0.0030] V=[-0.0490 -0.0458 -0.0105] |Bas|=0.000000 |Bgs|=0.0057757 Bas=[0.000000 0.000000 0.000000] Bgs=[0.0056322 -0.0005840 -0.0011384] ti
116799,245.084,[-0.0168,91,P=[-0.0168 -0.0153 -0.0040] V=[-0.0505 -0.0492 -0.0099] |Bas|=0.000000 |Bgs|=0.0057757 Bas=[0.000000 0.000000 0.000000] Bgs=[0.0056322 -0.0005840 -0.0011384] ti
116913,245.228,[-0.0244,114,P=[-0.0244 -0.0229 -0.0056] V=[-0.0533 -0.0540 -0.0107] |Bas|=0.000000 |Bgs|=0.0057757 Bas=[0.000000 0.000000 0.000000] Bgs=[0.0056322 -0.0005840 -0.0011384] ti
117006,245.32,[-0.0294,117,P=[-0.0294 -0.0279 -0.0067] V=[-0.0550 -0.0542 -0.0146] |Bas|=0.000000 |Bgs|=0.0057757 Bas=[0.000000 0.000000 0.000000] Bgs=[0.0056322 -0.0005840 -0.0011384] ti
117097,245.424,[-0.0353,117,P=[-0.0353 -0.0334 -0.0081] V=[-0.0581 -0.0517 -0.0144] |Bas|=0.000000 |Bgs|=0.0057757 Bas=[0.000000 0.000000 0.000000] Bgs=[0.0056322 -0.0005840 -0.0011384] ti
117189,245.552,[-0.0427,121,P=[-0.0427 -0.0396 -0.0098] V=[-0.0583 -0.0456 -0.0118] |Bas|=0.000000 |Bgs|=0.0057757 Bas=[0.000000 0.000000 0.000000] Bgs=[0.0056322 -0.0005840 -0.0011384] ti
117279,245.652,[-0.0486,89,P=[-0.0486 -0.0438 -0.0110] V=[-0.0591 -0.0412 -0.0094] |Bas|=0.000000 |Bgs|=0.0057757 Bas=[0.000000 0.000000 0.000000] Bgs=[0.0056322 -0.0005840 -0.0011384] ti
117398,245.752,[-0.0545,124,P=[-0.0545 -0.0477 -0.0121] V=[-0.0602 -0.0365 -0.0111] |Bas|=0.000000 |Bgs|=0.0057757 Bas=[0.000000 0.000000 0.000000] Bgs=[0.0056322 -0.0005840 -0.0011384] ti
117493,245.852,[-0.0605,109,P=[-0.0605 -0.0511 -0.0132] V=[-0.0595 -0.0312 -0.0114] |Bas|=0.000000 |Bgs|=0.0057757 Bas=[0.000000 0.000000 0.000000] Bgs=[0.0056322 -0.0005840 -0.0011384] ti
117901,247.136,[0.0063,127,P=[0.0063 0.0028 -0.0016] V=[0.0666 0.0345 -0.0176] |Bas|=0.000000 |Bgs|=0.0030618 Bas=[0.000000 0.000000 0.000000] Bgs=[0.0022824 -0.0018100 0.0009429] tic0=[0
117925,247.252,[0.0146,100,P=[0.0146 0.0072 -0.0037] V=[0.0756 0.0378 -0.0187] |Bas|=0.000000 |Bgs|=0.0030618 Bas=[0.000000 0.000000 0.000000] Bgs=[0.0022824 -0.0018100 0.0009429] tic0=[0
117972,247.352,[0.0223,109,P=[0.0223 0.0111 -0.0056] V=[0.0798 0.0408 -0.0178] |Bas|=0.000000 |Bgs|=0.0030618 Bas=[0.000000 0.000000 0.000000] Bgs=[0.0022824 -0.0018100 0.0009429] tic0=[0
118009,247.484,[0.0334,114,P=[0.0334 0.0169 -0.0080] V=[0.0862 0.0461 -0.0181] |Bas|=0.000000 |Bgs|=0.0030618 Bas=[0.000000 0.000000 0.000000] Bgs=[0.0022824 -0.0018100 0.0009429] tic0=[0
118099,247.592,[0.0430,123,P=[0.0430 0.0221 -0.0100] V=[0.0904 0.0501 -0.0184] |Bas|=0.000000 |Bgs|=0.0030618 Bas=[0.000000 0.000000 0.000000] Bgs=[0.0022824 -0.0018100 0.0009429] tic0=[0
118190,247.732,[0.0560,112,P=[0.0560 0.0295 -0.0127] V=[0.0962 0.0542 -0.0214] |Bas|=0.000000 |Bgs|=0.0030618 Bas=[0.000000 0.000000 0.000000] Bgs=[0.0022824 -0.0018100 0.0009429] tic0=[0
118293,247.852,[0.0677,101,P=[0.0677 0.0363 -0.0153] V=[0.1011 0.0582 -0.0223] |Bas|=0.000000 |Bgs|=0.0030618 Bas=[0.000000 0.000000 0.000000] Bgs=[0.0022824 -0.0018100 0.0009429] tic0=[0
118394,247.984,[0.0817,109,P=[0.0817 0.0446 -0.0182] V=[0.1091 0.0681 -0.0230] |Bas|=0.000000 |Bgs|=0.0030618 Bas=[0.000000 0.000000 0.000000] Bgs=[0.0022824 -0.0018100 0.0009429] tic0=[0
118489,248.084,[0.0932,109,P=[0.0932 0.0517 -0.0206] V=[0.1183 0.0745 -0.0246] |Bas|=0.000000 |Bgs|=0.0030618 Bas=[0.000000 0.000000 0.000000] Bgs=[0.0022824 -0.0018100 0.0009429] tic0=[0
118582,248.184,[0.1053,112,P=[0.1053 0.0595 -0.0233] V=[0.1233 0.0807 -0.0276] |Bas|=0.000000 |Bgs|=0.0030618 Bas=[0.000000 0.000000 0.000000] Bgs=[0.0022824 -0.0018100 0.0009429] tic0=[0
118674,248.284,[0.1180,117,P=[0.1180 0.0676 -0.0260] V=[0.1275 0.0843 -0.0275] |Bas|=0.000000 |Bgs|=0.0030618 Bas=[0.000000 0.000000 0.000000] Bgs=[0.0022824 -0.0018100 0.0009429] tic0=[0
118762,248.416,[0.1351,101,P=[0.1351 0.0790 -0.0298] V=[0.1320 0.0894 -0.0282] |Bas|=0.000000 |Bgs|=0.0030618 Bas=[0.000000 0.000000 0.000000] Bgs=[0.0022824 -0.0018100 0.0009429] tic0=[0
118864,248.516,[0.1485,118,P=[0.1485 0.0883 -0.0326] V=[0.1365 0.0954 -0.0299] |Bas|=0.000000 |Bgs|=0.0030618 Bas=[0.000000 0.000000 0.000000] Bgs=[0.0022824 -0.0018100 0.0009429] tic0=[0
118947,248.624,[0.1633,118,P=[0.1633 0.0992 -0.0360] V=[0.1379 0.1083 -0.0331] |Bas|=0.000000 |Bgs|=0.0030618 Bas=[0.000000 0.000000 0.000000] Bgs=[0.0022824 -0.0018100 0.0009429] tic0=[0
119038,248.752,[0.1813,102,P=[0.1813 0.1142 -0.0400] V=[0.1434 0.1229 -0.0295] |Bas|=0.000000 |Bgs|=0.0030618 Bas=[0.000000 0.000000 0.000000] Bgs=[0.0022824 -0.0018100 0.0009429] tic0=[0
119428,250.116,[-0.0045,120,P=[-0.0045 -0.0033 -0.0034] V=[-0.0343 -0.0354 -0.0296] |Bas|=0.000000 |Bgs|=0.0015630 Bas=[0.000000 0.000000 0.000000] Bgs=[-0.0001718 0.0007775 -0.0013449] ti
119453,250.216,[-0.0083,101,P=[-0.0083 -0.0071 -0.0065] V=[-0.0386 -0.0406 -0.0309] |Bas|=0.000000 |Bgs|=0.0015630 Bas=[0.000000 0.000000 0.000000] Bgs=[-0.0001718 0.0007775 -0.0013449] ti
119486,250.324,[-0.0127,108,P=[-0.0127 -0.0116 -0.0097] V=[-0.0437 -0.0423 -0.0283] |Bas|=0.000000 |Bgs|=0.0015630 Bas=[0.000000 0.000000 0.000000] Bgs=[-0.0001718 0.0007775 -0.0013449] ti
119526,250.44,[-0.0179,94,P=[-0.0179 -0.0165 -0.0130] V=[-0.0442 -0.0434 -0.0306] |Bas|=0.000000 |Bgs|=0.0015630 Bas=[0.000000 0.000000 0.000000] Bgs=[-0.0001718 0.0007775 -0.0013449] ti
119639,250.552,[-0.0230,110,P=[-0.0230 -0.0217 -0.0164] V=[-0.0475 -0.0483 -0.0296] |Bas|=0.000000 |Bgs|=0.0015630 Bas=[0.000000 0.000000 0.000000] Bgs=[-0.0001718 0.0007775 -0.0013449] ti
119740,250.684,[-0.0294,105,P=[-0.0294 -0.0287 -0.0204] V=[-0.0508 -0.0573 -0.0321] |Bas|=0.000000 |Bgs|=0.0015630 Bas=[0.000000 0.000000 0.000000] Bgs=[-0.0001718 0.0007775 -0.0013449] ti
119838,250.784,[-0.0348,113,P=[-0.0348 -0.0346 -0.0238] V=[-0.0549 -0.0614 -0.0345] |Bas|=0.000000 |Bgs|=0.0015630 Bas=[0.000000 0.000000 0.000000] Bgs=[-0.0001718 0.0007775 -0.0013449] ti
119928,250.884,[-0.0402,112,P=[-0.0402 -0.0409 -0.0272] V=[-0.0529 -0.0639 -0.0342] |Bas|=0.000000 |Bgs|=0.0015630 Bas=[0.000000 0.000000 0.000000] Bgs=[-0.0001718 0.0007775 -0.0013449] ti
120020,250.988,[-0.0457,118,P=[-0.0457 -0.0475 -0.0307] V=[-0.0527 -0.0642 -0.0342] |Bas|=0.000000 |Bgs|=0.0015630 Bas=[0.000000 0.000000 0.000000] Bgs=[-0.0001718 0.0007775 -0.0013449] ti
120114,251.116,[-0.0523,105,P=[-0.0523 -0.0559 -0.0354] V=[-0.0534 -0.0664 -0.0398] |Bas|=0.000000 |Bgs|=0.0015630 Bas=[0.000000 0.000000 0.000000] Bgs=[-0.0001718 0.0007775 -0.0013449] ti
120217,251.22,[-0.0578,114,P=[-0.0578 -0.0627 -0.0396] V=[-0.0533 -0.0666 -0.0400] |Bas|=0.000000 |Bgs|=0.0015630 Bas=[0.000000 0.000000 0.000000] Bgs=[-0.0001718 0.0007775 -0.0013449] ti
120327,251.352,[-0.0651,105,P=[-0.0651 -0.0721 -0.0450] V=[-0.0577 -0.0740 -0.0397] |Bas|=0.000000 |Bgs|=0.0015630 Bas=[0.000000 0.000000 0.000000] Bgs=[-0.0001718 0.0007775 -0.0013449] ti
120742,252.632,[0.0050,115,P=[0.0050 0.0212 -0.0035] V=[0.0466 0.2039 -0.0323] |Bas|=0.000000 |Bgs|=0.1084791 Bas=[0.000000 0.000000 0.000000] Bgs=[-0.0161469 -0.0477512 -0.0960563] tic0=
120780,252.752,[0.0102,35,P=[0.0102 0.0456 -0.0076] V=[0.0398 0.2029 -0.0344] |Bas|=0.000000 |Bgs|=0.1084791 Bas=[0.000000 0.000000 0.000000] Bgs=[-0.0161469 -0.0477512 -0.0960563] tic0=
120892,252.832,[0.0131,120,P=[0.0131 0.0617 -0.0104] V=[0.0299 0.1992 -0.0347] |Bas|=0.000000 |Bgs|=0.1084791 Bas=[0.000000 0.000000 0.000000] Bgs=[-0.0161469 -0.0477512 -0.0960563] tic0=
120923,252.92,[0.0151,118,P=[0.0151 0.0788 -0.0135] V=[0.0158 0.1913 -0.0368] |Bas|=0.000000 |Bgs|=0.1084791 Bas=[0.000000 0.000000 0.000000] Bgs=[-0.0161469 -0.0477512 -0.0960563] tic0=
120947,253.052,[0.0156,109,P=[0.0156 0.1033 -0.0188] V=[-0.0117 0.1812 -0.0429] |Bas|=0.000000 |Bgs|=0.1084791 Bas=[0.000000 0.000000 0.000000] Bgs=[-0.0161469 -0.0477512 -0.0960563] tic0
120995,253.152,[0.0131,92,P=[0.0131 0.1210 -0.0232] V=[-0.0374 0.1714 -0.0450] |Bas|=0.000000 |Bgs|=0.1084791 Bas=[0.000000 0.000000 0.000000] Bgs=[-0.0161469 -0.0477512 -0.0960563] tic0
121049,253.252,[0.0077,105,P=[0.0077 0.1375 -0.0277] V=[-0.0725 0.1590 -0.0474] |Bas|=0.000000 |Bgs|=0.1084791 Bas=[0.000000 0.000000 0.000000] Bgs=[-0.0161469 -0.0477512 -0.0960563] tic0
121094,253.384,[-0.0052,114,P=[-0.0052 0.1576 -0.0342] V=[-0.1255 0.1440 -0.0501] |Bas|=0.000000 |Bgs|=0.1084791 Bas=[0.000000 0.000000 0.000000] Bgs=[-0.0161469 -0.0477512 -0.0960563] tic
121207,253.484,[-0.0199,97,P=[-0.0199 0.1711 -0.0393] V=[-0.1672 0.1275 -0.0527] |Bas|=0.000000 |Bgs|=0.1084791 Bas=[0.000000 0.000000 0.000000] Bgs=[-0.0161469 -0.0477512 -0.0960563] tic
121330,253.584,[-0.0390,108,P=[-0.0390 0.1830 -0.0447] V=[-0.2139 0.1114 -0.0545] |Bas|=0.000000 |Bgs|=0.1084791 Bas=[0.000000 0.000000 0.000000] Bgs=[-0.0161469 -0.0477512 -0.0960563] tic
121442,253.684,[-0.0630,108,P=[-0.0630 0.1933 -0.0503] V=[-0.2662 0.0954 -0.0556] |Bas|=0.000000 |Bgs|=0.1084791 Bas=[0.000000 0.000000 0.000000] Bgs=[-0.0161469 -0.0477512 -0.0960563] tic
121537,253.784,[-0.0923,118,P=[-0.0923 0.2022 -0.0561] V=[-0.3209 0.0810 -0.0615] |Bas|=0.000000 |Bgs|=0.1084791 Bas=[0.000000 0.000000 0.000000] Bgs=[-0.0161469 -0.0477512 -0.0960563] tic
121630,253.884,[-0.1271,108,P=[-0.1271 0.2095 -0.0624] V=[-0.3778 0.0637 -0.0640] |Bas|=0.000000 |Bgs|=0.1084791 Bas=[0.000000 0.000000 0.000000] Bgs=[-0.0161469 -0.0477512 -0.0960563] tic
121733,253.956,[-0.1560,80,P=[-0.1560 0.2135 -0.0671] V=[-0.4257 0.0489 -0.0676] |Bas|=0.000000 |Bgs|=0.1084791 Bas=[0.000000 0.000000 0.000000] Bgs=[-0.0161469 -0.0477512 -0.0960563] tic
121851,254.052,[-0.2001,120,P=[-0.2001 0.2172 -0.0737] V=[-0.4933 0.0301 -0.0674] |Bas|=0.000000 |Bgs|=0.1084791 Bas=[0.000000 0.000000 0.000000] Bgs=[-0.0161469 -0.0477512 -0.0960563] tic
122244,255.484,[0.0035,120,P=[0.0035 -0.0005 -0.0004] V=[0.0410 -0.0056 -0.0074] |Bas|=0.000000 |Bgs|=0.0022175 Bas=[0.000000 0.000000 0.000000] Bgs=[-0.0015050 0.0015729 -0.0004217] tic0
122278,255.584,[0.0076,119,P=[0.0076 -0.0013 -0.0011] V=[0.0437 -0.0109 -0.0075] |Bas|=0.000000 |Bgs|=0.0022175 Bas=[0.000000 0.000000 0.000000] Bgs=[-0.0015050 0.0015729 -0.0004217] tic0
122301,255.684,[0.0121,113,P=[0.0121 -0.0027 -0.0022] V=[0.0455 -0.0148 -0.0115] |Bas|=0.000000 |Bgs|=0.0022175 Bas=[0.000000 0.000000 0.000000] Bgs=[-0.0015050 0.0015729 -0.0004217] tic0
122331,255.784,[0.0170,119,P=[0.0170 -0.0044 -0.0035] V=[0.0510 -0.0190 -0.0165] |Bas|=0.000000 |Bgs|=0.0022175 Bas=[0.000000 0.000000 0.000000] Bgs=[-0.0015050 0.0015729 -0.0004217] tic0
122360,255.884,[0.0226,118,P=[0.0226 -0.0065 -0.0052] V=[0.0589 -0.0219 -0.0153] |Bas|=0.000000 |Bgs|=0.0022175 Bas=[0.000000 0.000000 0.000000] Bgs=[-0.0015050 0.0015729 -0.0004217] tic0
122396,255.988,[0.0288,119,P=[0.0288 -0.0088 -0.0067] V=[0.0600 -0.0226 -0.0128] |Bas|=0.000000 |Bgs|=0.0022175 Bas=[0.000000 0.000000 0.000000] Bgs=[-0.0015050 0.0015729 -0.0004217] tic0
122425,256.088,[0.0349,116,P=[0.0349 -0.0111 -0.0079] V=[0.0646 -0.0239 -0.0100] |Bas|=0.000000 |Bgs|=0.0022175 Bas=[0.000000 0.000000 0.000000] Bgs=[-0.0015050 0.0015729 -0.0004217] tic0
122457,256.184,[0.0416,116,P=[0.0416 -0.0135 -0.0088] V=[0.0735 -0.0261 -0.0086] |Bas|=0.000000 |Bgs|=0.0022175 Bas=[0.000000 0.000000 0.000000] Bgs=[-0.0015050 0.0015729 -0.0004217] tic0
122487,256.288,[0.0494,119,P=[0.0494 -0.0162 -0.0098] V=[0.0768 -0.0273 -0.0096] |Bas|=0.000000 |Bgs|=0.0022175 Bas=[0.000000 0.000000 0.000000] Bgs=[-0.0015050 0.0015729 -0.0004217] tic0
122513,256.384,[0.0569,117,P=[0.0569 -0.0189 -0.0107] V=[0.0813 -0.0287 -0.0093] |Bas|=0.000000 |Bgs|=0.0022175 Bas=[0.000000 0.000000 0.000000] Bgs=[-0.0015050 0.0015729 -0.0004217] tic0
122596,256.484,[0.0655,123,P=[0.0655 -0.0218 -0.0115] V=[0.0904 -0.0289 -0.0076] |Bas|=0.000000 |Bgs|=0.0022175 Bas=[0.000000 0.000000 0.000000] Bgs=[-0.0015050 0.0015729 -0.0004217] tic0
122684,256.62,[0.0783,112,P=[0.0783 -0.0263 -0.0122] V=[0.0989 -0.0352 -0.0033] |Bas|=0.000000 |Bgs|=0.0022175 Bas=[0.000000 0.000000 0.000000] Bgs=[-0.0015050 0.0015729 -0.0004217] tic0
122778,256.752,[0.0917,99,P=[0.0917 -0.0311 -0.0125] V=[0.1040 -0.0378 -0.0004] |Bas|=0.000000 |Bgs|=0.0022175 Bas=[0.000000 0.000000 0.000000] Bgs=[-0.0015050 0.0015729 -0.0004217] tic0
122877,256.852,[0.1025,111,P=[0.1025 -0.0350 -0.0126] V=[0.1119 -0.0385 -0.0016] |Bas|=0.000000 |Bgs|=0.0022175 Bas=[0.000000 0.000000 0.000000] Bgs=[-0.0015050 0.0015729 -0.0004217] tic0
122977,256.952,[0.1140,107,P=[0.1140 -0.0391 -0.0128] V=[0.1167 -0.0427 -0.0034] |Bas|=0.000000 |Bgs|=0.0022175 Bas=[0.000000 0.000000 0.000000] Bgs=[-0.0015050 0.0015729 -0.0004217] tic0
123079,257.084,[0.1300,121,P=[0.1300 -0.0450 -0.0134] V=[0.1260 -0.0475 -0.0068] |Bas|=0.000000 |Bgs|=0.0022175 Bas=[0.000000 0.000000 0.000000] Bgs=[-0.0015050 0.0015729 -0.0004217] tic0
123488,258.384,[0.0020,126,P=[0.0020 -0.0002 -0.0014] V=[0.0263 0.0088 -0.0132] |Bas|=0.000000 |Bgs|=0.0008711 Bas=[0.000000 0.000000 0.000000] Bgs=[-0.0000909 -0.0008405 0.0002104] tic0=
123512,258.488,[0.0048,111,P=[0.0048 0.0008 -0.0028] V=[0.0278 0.0111 -0.0130] |Bas|=0.000000 |Bgs|=0.0008711 Bas=[0.000000 0.000000 0.000000] Bgs=[-0.0000909 -0.0008405 0.0002104] tic0=[
123542,258.616,[0.0085,128,P=[0.0085 0.0025 -0.0044] V=[0.0311 0.0165 -0.0147] |Bas|=0.000000 |Bgs|=0.0008711 Bas=[0.000000 0.000000 0.000000] Bgs=[-0.0000909 -0.0008405 0.0002104] tic0=[
123567,258.72,[0.0119,118,P=[0.0119 0.0041 -0.0059] V=[0.0354 0.0151 -0.0146] |Bas|=0.000000 |Bgs|=0.0008711 Bas=[0.000000 0.000000 0.000000] Bgs=[-0.0000909 -0.0008405 0.0002104] tic0=[
123597,258.852,[0.0168,119,P=[0.0168 0.0064 -0.0079] V=[0.0394 0.0208 -0.0178] |Bas|=0.000000 |Bgs|=0.0008711 Bas=[0.000000 0.000000 0.000000] Bgs=[-0.0000909 -0.0008405 0.0002104] tic0=[
123627,258.952,[0.0210,124,P=[0.0210 0.0085 -0.0096] V=[0.0426 0.0228 -0.0154] |Bas|=0.000000 |Bgs|=0.0008711 Bas=[0.000000 0.000000 0.000000] Bgs=[-0.0000909 -0.0008405 0.0002104] tic0=[
123655,259.052,[0.0253,114,P=[0.0253 0.0109 -0.0113] V=[0.0459 0.0249 -0.0172] |Bas|=0.000000 |Bgs|=0.0008711 Bas=[0.000000 0.000000 0.000000] Bgs=[-0.0000909 -0.0008405 0.0002104] tic0=[
123688,259.152,[0.0297,112,P=[0.0297 0.0135 -0.0130] V=[0.0441 0.0288 -0.0174] |Bas|=0.000000 |Bgs|=0.0008711 Bas=[0.000000 0.000000 0.000000] Bgs=[-0.0000909 -0.0008405 0.0002104] tic0=[
123780,259.252,[0.0341,121,P=[0.0341 0.0165 -0.0147] V=[0.0432 0.0287 -0.0176] |Bas|=0.000000 |Bgs|=0.0008711 Bas=[0.000000 0.000000 0.000000] Bgs=[-0.0000909 -0.0008405 0.0002104] tic0=[
123874,259.384,[0.0399,111,P=[0.0399 0.0204 -0.0171] V=[0.0439 0.0294 -0.0181] |Bas|=0.000000 |Bgs|=0.0008711 Bas=[0.000000 0.000000 0.000000] Bgs=[-0.0000909 -0.0008405 0.0002104] tic0=[
123978,259.52,[0.0458,93,P=[0.0458 0.0244 -0.0193] V=[0.0418 0.0292 -0.0162] |Bas|=0.000000 |Bgs|=0.0008711 Bas=[0.000000 0.000000 0.000000] Bgs=[-0.0000909 -0.0008405 0.0002104] tic0=[
124078,259.652,[0.0510,118,P=[0.0510 0.0285 -0.0219] V=[0.0380 0.0316 -0.0227] |Bas|=0.000000 |Bgs|=0.0008711 Bas=[0.000000 0.000000 0.000000] Bgs=[-0.0000909 -0.0008405 0.0002104] tic0=[
124160,259.756,[0.0548,116,P=[0.0548 0.0316 -0.0243] V=[0.0357 0.0290 -0.0249] |Bas|=0.000000 |Bgs|=0.0008711 Bas=[0.000000 0.000000 0.000000] Bgs=[-0.0000909 -0.0008405 0.0002104] tic0=[
124255,259.852,[0.0582,118,P=[0.0582 0.0347 -0.0267] V=[0.0355 0.0347 -0.0259] |Bas|=0.000000 |Bgs|=0.0008711 Bas=[0.000000 0.000000 0.000000] Bgs=[-0.0000909 -0.0008405 0.0002104] tic0=[
124344,259.952,[0.0618,112,P=[0.0618 0.0383 -0.0293] V=[0.0357 0.0362 -0.0246] |Bas|=0.000000 |Bgs|=0.0008711 Bas=[0.000000 0.000000 0.000000] Bgs=[-0.0000909 -0.0008405 0.0002104] tic0=[
124432,260.052,[0.0655,122,P=[0.0655 0.0419 -0.0318] V=[0.0382 0.0363 -0.0274] |Bas|=0.000000 |Bgs|=0.0008711 Bas=[0.000000 0.000000 0.000000] Bgs=[-0.0000909 -0.0008405 0.0002104] tic0=[
124523,260.128,[0.0684,126,P=[0.0684 0.0447 -0.0340] V=[0.0388 0.0375 -0.0292] |Bas|=0.000000 |Bgs|=0.0008711 Bas=[0.000000 0.000000 0.000000] Bgs=[-0.0000909 -0.0008405 0.0002104] tic0=[
124918,261.452,[-0.0019,120,P=[-0.0019 -0.0033 -0.0006] V=[-0.0186 -0.0320 -0.0055] |Bas|=0.000000 |Bgs|=0.0016592 Bas=[0.000000 0.000000 0.000000] Bgs=[-0.0002782 0.0007345 -0.0014616] ti
124946,261.584,[-0.0044,94,P=[-0.0044 -0.0080 -0.0012] V=[-0.0180 -0.0403 -0.0045] |Bas|=0.000000 |Bgs|=0.0016592 Bas=[0.000000 0.000000 0.000000] Bgs=[-0.0002782 0.0007345 -0.0014616] ti
125054,261.724,[-0.0068,103,P=[-0.0068 -0.0142 -0.0019] V=[-0.0182 -0.0460 -0.0078] |Bas|=0.000000 |Bgs|=0.0016592 Bas=[0.000000 0.000000 0.000000] Bgs=[-0.0002782 0.0007345 -0.0014616] ti
125156,261.832,[-0.0090,109,P=[-0.0090 -0.0193 -0.0030] V=[-0.0217 -0.0485 -0.0086] |Bas|=0.000000 |Bgs|=0.0016592 Bas=[0.000000 0.000000 0.000000] Bgs=[-0.0002782 0.0007345 -0.0014616] ti
125252,261.952,[-0.0117,126,P=[-0.0117 -0.0255 -0.0042] V=[-0.0263 -0.0531 -0.0103] |Bas|=0.000000 |Bgs|=0.0016592 Bas=[0.000000 0.000000 0.000000] Bgs=[-0.0002782 0.0007345 -0.0014616] ti
125330,262.052,[-0.0145,111,P=[-0.0145 -0.0311 -0.0052] V=[-0.0287 -0.0577 -0.0118] |Bas|=0.000000 |Bgs|=0.0016592 Bas=[0.000000 0.000000 0.000000] Bgs=[-0.0002782 0.0007345 -0.0014616] ti
125426,262.152,[-0.0175,106,P=[-0.0175 -0.0373 -0.0063] V=[-0.0313 -0.0645 -0.0102] |Bas|=0.000000 |Bgs|=0.0016592 Bas=[0.000000 0.000000 0.000000] Bgs=[-0.0002782 0.0007345 -0.0014616] ti
125522,262.256,[-0.0208,123,P=[-0.0208 -0.0443 -0.0076] V=[-0.0325 -0.0704 -0.0132] |Bas|=0.000000 |Bgs|=0.0016592 Bas=[0.000000 0.000000 0.000000] Bgs=[-0.0002782 0.0007345 -0.0014616] ti
125604,262.352,[-0.0239,113,P=[-0.0239 -0.0513 -0.0087] V=[-0.0339 -0.0744 -0.0122] |Bas|=0.000000 |Bgs|=0.0016592 Bas=[0.000000 0.000000 0.000000] Bgs=[-0.0002782 0.0007345 -0.0014616] ti
125693,262.452,[-0.0273,110,P=[-0.0273 -0.0589 -0.0101] V=[-0.0320 -0.0762 -0.0154] |Bas|=0.000000 |Bgs|=0.0016592 Bas=[0.000000 0.000000 0.000000] Bgs=[-0.0002782 0.0007345 -0.0014616] ti
125790,262.584,[-0.0316,117,P=[-0.0316 -0.0693 -0.0122] V=[-0.0341 -0.0806 -0.0179] |Bas|=0.000000 |Bgs|=0.0016592 Bas=[0.000000 0.000000 0.000000] Bgs=[-0.0002782 0.0007345 -0.0014616] ti
125884,262.684,[-0.0350,98,P=[-0.0350 -0.0772 -0.0139] V=[-0.0350 -0.0808 -0.0170] |Bas|=0.000000 |Bgs|=0.0016592 Bas=[0.000000 0.000000 0.000000] Bgs=[-0.0002782 0.0007345 -0.0014616] ti
125991,262.788,[-0.0386,127,P=[-0.0386 -0.0859 -0.0158] V=[-0.0338 -0.0859 -0.0199] |Bas|=0.000000 |Bgs|=0.0016592 Bas=[0.000000 0.000000 0.000000] Bgs=[-0.0002782 0.0007345 -0.0014616] ti
126077,262.916,[-0.0427,109,P=[-0.0427 -0.0970 -0.0187] V=[-0.0293 -0.0878 -0.0238] |Bas|=0.000000 |Bgs|=0.0016592 Bas=[0.000000 0.000000 0.000000] Bgs=[-0.0002782 0.0007345 -0.0014616] ti
126494,264.224,[-0.0134,125,P=[-0.0134 0.0034 -0.0021] V=[-0.1041 0.0254 -0.0139] |Bas|=0.000000 |Bgs|=0.0017764 Bas=[0.000000 0.000000 0.000000] Bgs=[0.0012438 -0.0011669 -0.0004970] tic0
126515,264.34,[-0.0262,94,P=[-0.0262 0.0064 -0.0039] V=[-0.1151 0.0261 -0.0171] |Bas|=0.000000 |Bgs|=0.0017764 Bas=[0.000000 0.000000 0.000000] Bgs=[0.0012438 -0.0011669 -0.0004970] tic0
126621,264.452,[-0.0395,97,P=[-0.0395 0.0095 -0.0059] V=[-0.1246 0.0287 -0.0174] |Bas|=0.000000 |Bgs|=0.0017764 Bas=[0.000000 0.000000 0.000000] Bgs=[0.0012438 -0.0011669 -0.0004970] tic0
126729,264.532,[-0.0498,110,P=[-0.0498 0.0119 -0.0073] V=[-0.1323 0.0302 -0.0183] |Bas|=0.000000 |Bgs|=0.0017764 Bas=[0.000000 0.000000 0.000000] Bgs=[0.0012438 -0.0011669 -0.0004970] tic0
126826,264.632,[-0.0634,99,P=[-0.0634 0.0152 -0.0092] V=[-0.1427 0.0379 -0.0181] |Bas|=0.000000 |Bgs|=0.0017764 Bas=[0.000000 0.000000 0.000000] Bgs=[0.0012438 -0.0011669 -0.0004970] tic0
126931,264.72,[-0.0762,110,P=[-0.0762 0.0188 -0.0107] V=[-0.1505 0.0433 -0.0174] |Bas|=0.000000 |Bgs|=0.0017764 Bas=[0.000000 0.000000 0.000000] Bgs=[0.0012438 -0.0011669 -0.0004970] tic0
127031,264.82,[-0.0917,120,P=[-0.0917 0.0235 -0.0125] V=[-0.1584 0.0502 -0.0175] |Bas|=0.000000 |Bgs|=0.0017764 Bas=[0.000000 0.000000 0.000000] Bgs=[0.0012438 -0.0011669 -0.0004970] tic0
127124,264.928,[-0.1091,125,P=[-0.1091 0.0292 -0.0145] V=[-0.1646 0.0525 -0.0214] |Bas|=0.000000 |Bgs|=0.0017764 Bas=[0.000000 0.000000 0.000000] Bgs=[0.0012438 -0.0011669 -0.0004970] tic0
127211,265.028,[-0.1261,114,P=[-0.1261 0.0347 -0.0169] V=[-0.1727 0.0588 -0.0251] |Bas|=0.000000 |Bgs|=0.0017764 Bas=[0.000000 0.000000 0.000000] Bgs=[0.0012438 -0.0011669 -0.0004970] tic0
127307,265.152,[-0.1483,124,P=[-0.1483 0.0425 -0.0202] V=[-0.1856 0.0631 -0.0285] |Bas|=0.000000 |Bgs|=0.0017764 Bas=[0.000000 0.000000 0.000000] Bgs=[0.0012438 -0.0011669 -0.0004970] tic0
127399,265.252,[-0.1672,118,P=[-0.1672 0.0490 -0.0232] V=[-0.1932 0.0674 -0.0316] |Bas|=0.000000 |Bgs|=0.0017764 Bas=[0.000000 0.000000 0.000000] Bgs=[0.0012438 -0.0011669 -0.0004970] tic0
127795,266.516,[-0.0041,123,P=[-0.0041 -0.0018 -0.0011] V=[-0.0392 -0.0283 -0.0085] |Bas|=0.000000 |Bgs|=0.0023980 Bas=[0.000000 0.000000 0.000000] Bgs=[-0.0015778 -0.0016122 -0.0008137] t
127821,266.62,[-0.0085,113,P=[-0.0085 -0.0050 -0.0019] V=[-0.0450 -0.0326 -0.0073] |Bas|=0.000000 |Bgs|=0.0023980 Bas=[0.000000 0.000000 0.000000] Bgs=[-0.0015778 -0.0016122 -0.0008137] t
127857,266.752,[-0.0146,109,P=[-0.0146 -0.0097 -0.0028] V=[-0.0471 -0.0358 -0.0056] |Bas|=0.000000 |Bgs|=0.0023980 Bas=[0.000000 0.000000 0.000000] Bgs=[-0.0015778 -0.0016122 -0.0008137] t
127900,266.856,[-0.0196,112,P=[-0.0196 -0.0137 -0.0033] V=[-0.0518 -0.0441 -0.0034] |Bas|=0.000000 |Bgs|=0.0023980 Bas=[0.000000 0.000000 0.000000] Bgs=[-0.0015778 -0.0016122 -0.0008137] t
127936,266.956,[-0.0249,94,P=[-0.0249 -0.0186 -0.0038] V=[-0.0536 -0.0516 -0.0088] |Bas|=0.000000 |Bgs|=0.0023980 Bas=[0.000000 0.000000 0.000000] Bgs=[-0.0015778 -0.0016122 -0.0008137] t
128047,267.052,[-0.0302,120,P=[-0.0302 -0.0236 -0.0048] V=[-0.0572 -0.0560 -0.0117] |Bas|=0.000000 |Bgs|=0.0023980 Bas=[0.000000 0.000000 0.000000] Bgs=[-0.0015778 -0.0016122 -0.0008137] t
128136,267.184,[-0.0382,112,P=[-0.0382 -0.0314 -0.0062] V=[-0.0635 -0.0608 -0.0119] |Bas|=0.000000 |Bgs|=0.0023980 Bas=[0.000000 0.000000 0.000000] Bgs=[-0.0015778 -0.0016122 -0.0008137] t
128236,267.284,[-0.0447,111,P=[-0.0447 -0.0379 -0.0074] V=[-0.0662 -0.0696 -0.0110] |Bas|=0.000000 |Bgs|=0.0023980 Bas=[0.000000 0.000000 0.000000] Bgs=[-0.0015778 -0.0016122 -0.0008137] t
128334,267.42,[-0.0543,123,P=[-0.0543 -0.0477 -0.0087] V=[-0.0726 -0.0750 -0.0081] |Bas|=0.000000 |Bgs|=0.0023980 Bas=[0.000000 0.000000 0.000000] Bgs=[-0.0015778 -0.0016122 -0.0008137] t
128430,267.552,[-0.0645,104,P=[-0.0645 -0.0582 -0.0100] V=[-0.0818 -0.0837 -0.0099] |Bas|=0.000000 |Bgs|=0.0023980 Bas=[0.000000 0.000000 0.000000] Bgs=[-0.0015778 -0.0016122 -0.0008137] t
128540,267.652,[-0.0731,111,P=[-0.0731 -0.0668 -0.0107] V=[-0.0877 -0.0881 -0.0073] |Bas|=0.000000 |Bgs|=0.0023980 Bas=[0.000000 0.000000 0.000000] Bgs=[-0.0015778 -0.0016122 -0.0008137] t
128653,267.784,[-0.0854,100,P=[-0.0854 -0.0786 -0.0116] V=[-0.0981 -0.0943 -0.0054] |Bas|=0.000000 |Bgs|=0.0023980 Bas=[0.000000 0.000000 0.000000] Bgs=[-0.0015778 -0.0016122 -0.0008137] t
128765,267.928,[-0.1000,121,P=[-0.1000 -0.0929 -0.0123] V=[-0.1055 -0.1054 -0.0037] |Bas|=0.000000 |Bgs|=0.0023980 Bas=[0.000000 0.000000 0.000000] Bgs=[-0.0015778 -0.0016122 -0.0008137] t
128875,268.028,[-0.1107,109,P=[-0.1107 -0.1038 -0.0125] V=[-0.1070 -0.1124 -0.0006] |Bas|=0.000000 |Bgs|=0.0023980 Bas=[0.000000 0.000000 0.000000] Bgs=[-0.0015778 -0.0016122 -0.0008137] t
129263,269.384,[0.0008,124,P=[0.0008 0.0046 -0.0007] V=[0.0060 0.0474 -0.0057] |Bas|=0.000000 |Bgs|=0.0024570 Bas=[0.000000 0.000000 0.000000] Bgs=[0.0023617 -0.0002968 -0.0006095] tic0=[
129283,269.484,[0.0014,94,P=[0.0014 0.0095 -0.0013] V=[0.0031 0.0522 -0.0056] |Bas|=0.000000 |Bgs|=0.0024570 Bas=[0.000000 0.000000 0.000000] Bgs=[0.0023617 -0.0002968 -0.0006095] tic0=[
129394,269.6,[0.0020,123,P=[0.0020 0.0159 -0.0020] V=[0.0083 0.0574 -0.0065] |Bas|=0.000000 |Bgs|=0.0024570 Bas=[0.000000 0.000000 0.000000] Bgs=[0.0023617 -0.0002968 -0.0006095] tic0=[
129488,269.688,[0.0028,110,P=[0.0028 0.0210 -0.0028] V=[0.0114 0.0598 -0.0098] |Bas|=0.000000 |Bgs|=0.0024570 Bas=[0.000000 0.000000 0.000000] Bgs=[0.0023617 -0.0002968 -0.0006095] tic0=[
129583,269.82,[0.0045,111,P=[0.0045 0.0292 -0.0041] V=[0.0127 0.0643 -0.0106] |Bas|=0.000000 |Bgs|=0.0024570 Bas=[0.000000 0.000000 0.000000] Bgs=[0.0023617 -0.0002968 -0.0006095] tic0=[
129678,269.952,[0.0061,124,P=[0.0061 0.0380 -0.0052] V=[0.0145 0.0694 -0.0072] |Bas|=0.000000 |Bgs|=0.0024570 Bas=[0.000000 0.000000 0.000000] Bgs=[0.0023617 -0.0002968 -0.0006095] tic0=[
129769,270.052,[0.0077,116,P=[0.0077 0.0454 -0.0059] V=[0.0152 0.0760 -0.0061] |Bas|=0.000000 |Bgs|=0.0024570 Bas=[0.000000 0.000000 0.000000] Bgs=[0.0023617 -0.0002968 -0.0006095] tic0=[
129876,270.184,[0.0095,110,P=[0.0095 0.0557 -0.0068] V=[0.0134 0.0805 -0.0077] |Bas|=0.000000 |Bgs|=0.0024570 Bas=[0.000000 0.000000 0.000000] Bgs=[0.0023617 -0.0002968 -0.0006095] tic0=[
129970,270.292,[0.0110,124,P=[0.0110 0.0647 -0.0075] V=[0.0137 0.0872 -0.0081] |Bas|=0.000000 |Bgs|=0.0024570 Bas=[0.000000 0.000000 0.000000] Bgs=[0.0023617 -0.0002968 -0.0006095] tic0=[
130060,270.384,[0.0123,128,P=[0.0123 0.0729 -0.0084] V=[0.0149 0.0900 -0.0098] |Bas|=0.000000 |Bgs|=0.0024570 Bas=[0.000000 0.000000 0.000000] Bgs=[0.0023617 -0.0002968 -0.0006095] tic0=[
130147,270.52,[0.0142,115,P=[0.0142 0.0855 -0.0099] V=[0.0152 0.0962 -0.0109] |Bas|=0.000000 |Bgs|=0.0024570 Bas=[0.000000 0.000000 0.000000] Bgs=[0.0023617 -0.0002968 -0.0006095] tic0=[
130240,270.636,[0.0160,119,P=[0.0160 0.0970 -0.0113] V=[0.0170 0.1024 -0.0131] |Bas|=0.000000 |Bgs|=0.0024570 Bas=[0.000000 0.000000 0.000000] Bgs=[0.0023617 -0.0002968 -0.0006095] tic0=[
130327,270.752,[0.0181,117,P=[0.0181 0.1093 -0.0126] V=[0.0205 0.1111 -0.0132] |Bas|=0.000000 |Bgs|=0.0024570 Bas=[0.000000 0.000000 0.000000] Bgs=[0.0023617 -0.0002968 -0.0006095] tic0=[
130410,270.884,[0.0210,123,P=[0.0210 0.1246 -0.0147] V=[0.0218 0.1200 -0.0145] |Bas|=0.000000 |Bgs|=0.0024570 Bas=[0.000000 0.000000 0.000000] Bgs=[0.0023617 -0.0002968 -0.0006095] tic0=[
130795,272.236,[-0.0047,128,P=[-0.0047 0.0058 -0.0003] V=[-0.0399 0.0486 -0.0030] |Bas|=0.000000 |Bgs|=0.0017048 Bas=[0.000000 0.000000 0.000000] Bgs=[0.0013720 0.0009902 -0.0002083] tic0=
130827,272.32,[-0.0082,86,P=[-0.0082 0.0100 -0.0006] V=[-0.0438 0.0529 -0.0041] |Bas|=0.000000 |Bgs|=0.0017048 Bas=[0.000000 0.000000 0.000000] Bgs=[0.0013720 0.0009902 -0.0002083] tic0=
130939,272.416,[-0.0125,109,P=[-0.0125 0.0152 -0.0009] V=[-0.0465 0.0565 -0.0029] |Bas|=0.000000 |Bgs|=0.0017048 Bas=[0.000000 0.000000 0.000000] Bgs=[0.0013720 0.0009902 -0.0002083] tic0=
131038,272.516,[-0.0174,112,P=[-0.0174 0.0212 -0.0012] V=[-0.0499 0.0622 -0.0019] |Bas|=0.000000 |Bgs|=0.0017048 Bas=[0.000000 0.000000 0.000000] Bgs=[0.0013720 0.0009902 -0.0002083] tic0=
131126,272.616,[-0.0224,117,P=[-0.0224 0.0274 -0.0015] V=[-0.0514 0.0613 -0.0038] |Bas|=0.000000 |Bgs|=0.0017048 Bas=[0.000000 0.000000 0.000000] Bgs=[0.0013720 0.0009902 -0.0002083] tic0=
131217,272.716,[-0.0278,120,P=[-0.0278 0.0337 -0.0018] V=[-0.0572 0.0639 -0.0016] |Bas|=0.000000 |Bgs|=0.0017048 Bas=[0.000000 0.000000 0.000000] Bgs=[0.0013720 0.0009902 -0.0002083] tic0=
131313,272.828,[-0.0343,115,P=[-0.0343 0.0410 -0.0020] V=[-0.0575 0.0664 -0.0014] |Bas|=0.000000 |Bgs|=0.0017048 Bas=[0.000000 0.000000 0.000000] Bgs=[0.0013720 0.0009902 -0.0002083] tic0=
131400,272.952,[-0.0417,123,P=[-0.0417 0.0494 -0.0022] V=[-0.0615 0.0698 -0.0020] |Bas|=0.000000 |Bgs|=0.0017048 Bas=[0.000000 0.000000 0.000000] Bgs=[0.0013720 0.0009902 -0.0002083] tic0=
131497,273.056,[-0.0483,125,P=[-0.0483 0.0570 -0.0026] V=[-0.0650 0.0737 -0.0049] |Bas|=0.000000 |Bgs|=0.0017048 Bas=[0.000000 0.000000 0.000000] Bgs=[0.0013720 0.0009902 -0.0002083] tic0=
131583,273.152,[-0.0548,117,P=[-0.0548 0.0644 -0.0030] V=[-0.0710 0.0791 -0.0055] |Bas|=0.000000 |Bgs|=0.0017048 Bas=[0.000000 0.000000 0.000000] Bgs=[0.0013720 0.0009902 -0.0002083] tic0=
131673,273.252,[-0.0622,121,P=[-0.0622 0.0724 -0.0036] V=[-0.0763 0.0835 -0.0060] |Bas|=0.000000 |Bgs|=0.0017048 Bas=[0.000000 0.000000 0.000000] Bgs=[0.0013720 0.0009902 -0.0002083] tic0=
132066,274.624,[-0.0102,124,P=[-0.0102 -0.0003 0.0006] V=[-0.0940 0.0068 0.0027] |Bas|=0.000000 |Bgs|=0.0015540 Bas=[0.000000 0.000000 0.000000] Bgs=[-0.0011312 -0.0001225 0.0010585] tic0=
132089,274.752,[-0.0232,112,P=[-0.0232 0.0005 0.0010] V=[-0.1102 0.0052 0.0041] |Bas|=0.000000 |Bgs|=0.0015540 Bas=[0.000000 0.000000 0.000000] Bgs=[-0.0011312 -0.0001225 0.0010585] tic0=[
132117,274.852,[-0.0347,100,P=[-0.0347 0.0009 0.0015] V=[-0.1214 0.0038 0.0048] |Bas|=0.000000 |Bgs|=0.0015540 Bas=[0.000000 0.000000 0.000000] Bgs=[-0.0011312 -0.0001225 0.0010585] tic0=[
132159,274.952,[-0.0472,122,P=[-0.0472 0.0012 0.0018] V=[-0.1282 0.0039 0.0010] |Bas|=0.000000 |Bgs|=0.0015540 Bas=[0.000000 0.000000 0.000000] Bgs=[-0.0011312 -0.0001225 0.0010585] tic0=[
132185,275.052,[-0.0604,110,P=[-0.0604 0.0018 0.0018] V=[-0.1357 0.0080 -0.0016] |Bas|=0.000000 |Bgs|=0.0015540 Bas=[0.000000 0.000000 0.000000] Bgs=[-0.0011312 -0.0001225 0.0010585] tic0=
132219,275.152,[-0.0742,115,P=[-0.0742 0.0025 0.0016] V=[-0.1402 0.0076 -0.0034] |Bas|=0.000000 |Bgs|=0.0015540 Bas=[0.000000 0.000000 0.000000] Bgs=[-0.0011312 -0.0001225 0.0010585] tic0=
132310,275.252,[-0.0885,125,P=[-0.0885 0.0032 0.0010] V=[-0.1464 0.0075 -0.0078] |Bas|=0.000000 |Bgs|=0.0015540 Bas=[0.000000 0.000000 0.000000] Bgs=[-0.0011312 -0.0001225 0.0010585] tic0=
132397,275.352,[-0.1034,111,P=[-0.1034 0.0040 0.0001] V=[-0.1508 0.0082 -0.0090] |Bas|=0.000000 |Bgs|=0.0015540 Bas=[0.000000 0.000000 0.000000] Bgs=[-0.0011312 -0.0001225 0.0010585] tic0=
132498,275.484,[-0.1240,106,P=[-0.1240 0.0052 -0.0013] V=[-0.1608 0.0097 -0.0133] |Bas|=0.000000 |Bgs|=0.0015540 Bas=[0.000000 0.000000 0.000000] Bgs=[-0.0011312 -0.0001225 0.0010585] tic0
132605,275.584,[-0.1404,124,P=[-0.1404 0.0061 -0.0026] V=[-0.1678 0.0108 -0.0123] |Bas|=0.000000 |Bgs|=0.0015540 Bas=[0.000000 0.000000 0.000000] Bgs=[-0.0011312 -0.0001225 0.0010585] tic0
132689,275.684,[-0.1574,112,P=[-0.1574 0.0073 -0.0038] V=[-0.1729 0.0122 -0.0142] |Bas|=0.000000 |Bgs|=0.0015540 Bas=[0.000000 0.000000 0.000000] Bgs=[-0.0011312 -0.0001225 0.0010585] tic0
132782,275.784,[-0.1749,115,P=[-0.1749 0.0085 -0.0051] V=[-0.1783 0.0117 -0.0145] |Bas|=0.000000 |Bgs|=0.0015540 Bas=[0.000000 0.000000 0.000000] Bgs=[-0.0011312 -0.0001225 0.0010585] tic0
132864,275.884,[-0.1929,114,P=[-0.1929 0.0098 -0.0065] V=[-0.1809 0.0116 -0.0134] |Bas|=0.000000 |Bgs|=0.0015540 Bas=[0.000000 0.000000 0.000000] Bgs=[-0.0011312 -0.0001225 0.0010585] tic0
132966,275.984,[-0.2113,102,P=[-0.2113 0.0108 -0.0077] V=[-0.1878 0.0098 -0.0121] |Bas|=0.000000 |Bgs|=0.0015540 Bas=[0.000000 0.000000 0.000000] Bgs=[-0.0011312 -0.0001225 0.0010585] tic0
133354,277.352,[0.0027,131,P=[0.0027 -0.0046 -0.0004] V=[0.0254 -0.0523 -0.0086] |Bas|=0.000000 |Bgs|=0.0048200 Bas=[0.000000 0.000000 0.000000] Bgs=[-0.0004553 -0.0003245 -0.0047875] tic
133375,277.484,[0.0064,104,P=[0.0064 -0.0120 -0.0019] V=[0.0301 -0.0592 -0.0126] |Bas|=0.000000 |Bgs|=0.0048200 Bas=[0.000000 0.000000 0.000000] Bgs=[-0.0004553 -0.0003245 -0.0047875] tic
133414,277.584,[0.0095,99,P=[0.0095 -0.0181 -0.0033] V=[0.0319 -0.0634 -0.0143] |Bas|=0.000000 |Bgs|=0.0048200 Bas=[0.000000 0.000000 0.000000] Bgs=[-0.0004553 -0.0003245 -0.0047875] tic
133524,277.732,[0.0142,81,P=[0.0142 -0.0279 -0.0055] V=[0.0313 -0.0684 -0.0140] |Bas|=0.000000 |Bgs|=0.0048200 Bas=[0.000000 0.000000 0.000000] Bgs=[-0.0004553 -0.0003245 -0.0047875] tic
133645,277.856,[0.0182,117,P=[0.0182 -0.0367 -0.0075] V=[0.0326 -0.0758 -0.0161] |Bas|=0.000000 |Bgs|=0.0048200 Bas=[0.000000 0.000000 0.000000] Bgs=[-0.0004553 -0.0003245 -0.0047875] tic
133737,277.952,[0.0213,120,P=[0.0213 -0.0444 -0.0091] V=[0.0328 -0.0850 -0.0166] |Bas|=0.000000 |Bgs|=0.0048200 Bas=[0.000000 0.000000 0.000000] Bgs=[-0.0004553 -0.0003245 -0.0047875] tic
133827,278.052,[0.0249,115,P=[0.0249 -0.0533 -0.0107] V=[0.0374 -0.0931 -0.0173] |Bas|=0.000000 |Bgs|=0.0048200 Bas=[0.000000 0.000000 0.000000] Bgs=[-0.0004553 -0.0003245 -0.0047875] tic
133913,278.156,[0.0288,120,P=[0.0288 -0.0631 -0.0124] V=[0.0402 -0.0936 -0.0154] |Bas|=0.000000 |Bgs|=0.0048200 Bas=[0.000000 0.000000 0.000000] Bgs=[-0.0004553 -0.0003245 -0.0047875] tic
134004,278.284,[0.0339,77,P=[0.0339 -0.0754 -0.0146] V=[0.0400 -0.0990 -0.0208] |Bas|=0.000000 |Bgs|=0.0048200 Bas=[0.000000 0.000000 0.000000] Bgs=[-0.0004553 -0.0003245 -0.0047875] tic
134129,278.42,[0.0395,123,P=[0.0395 -0.0899 -0.0175] V=[0.0404 -0.1126 -0.0202] |Bas|=0.000000 |Bgs|=0.0048200 Bas=[0.000000 0.000000 0.000000] Bgs=[-0.0004553 -0.0003245 -0.0047875] tic
134231,278.52,[0.0437,109,P=[0.0437 -0.1014 -0.0196] V=[0.0414 -0.1204 -0.0211] |Bas|=0.000000 |Bgs|=0.0048200 Bas=[0.000000 0.000000 0.000000] Bgs=[-0.0004553 -0.0003245 -0.0047875] tic
134341,278.636,[0.0485,107,P=[0.0485 -0.1159 -0.0221] V=[0.0415 -0.1281 -0.0216] |Bas|=0.000000 |Bgs|=0.0048200 Bas=[0.000000 0.000000 0.000000] Bgs=[-0.0004553 -0.0003245 -0.0047875] tic
134460,278.756,[0.0532,96,P=[0.0532 -0.1320 -0.0248] V=[0.0399 -0.1386 -0.0213] |Bas|=0.000000 |Bgs|=0.0048200 Bas=[0.000000 0.000000 0.000000] Bgs=[-0.0004553 -0.0003245 -0.0047875] tic
134585,278.856,[0.0574,105,P=[0.0574 -0.1463 -0.0271] V=[0.0431 -0.1463 -0.0230] |Bas|=0.000000 |Bgs|=0.0048200 Bas=[0.000000 0.000000 0.000000] Bgs=[-0.0004553 -0.0003245 -0.0047875] tic
134714,278.952,[0.0616,119,P=[0.0616 -0.1605 -0.0293] V=[0.0430 -0.1517 -0.0226] |Bas|=0.000000 |Bgs|=0.0048200 Bas=[0.000000 0.000000 0.000000] Bgs=[-0.0004553 -0.0003245 -0.0047875] tic
135104,280.084,[-0.0030,128,P=[-0.0030 0.0000 -0.0003] V=[-0.0309 -0.0046 -0.0007] |Bas|=0.000000 |Bgs|=0.0020880 Bas=[0.000000 0.000000 0.000000] Bgs=[0.0007636 0.0004016 -0.0019014] tic0
135126,280.184,[-0.0062,102,P=[-0.0062 -0.0006 -0.0006] V=[-0.0333 -0.0073 -0.0051] |Bas|=0.000000 |Bgs|=0.0020880 Bas=[0.000000 0.000000 0.000000] Bgs=[0.0007636 0.0004016 -0.0019014] tic
135162,280.284,[-0.0097,117,P=[-0.0097 -0.0015 -0.0010] V=[-0.0362 -0.0079 -0.0040] |Bas|=0.000000 |Bgs|=0.0020880 Bas=[0.000000 0.000000 0.000000] Bgs=[0.0007636 0.0004016 -0.0019014] tic
135188,280.388,[-0.0137,118,P=[-0.0137 -0.0023 -0.0015] V=[-0.0403 -0.0087 -0.0060] |Bas|=0.000000 |Bgs|=0.0020880 Bas=[0.000000 0.000000 0.000000] Bgs=[0.0007636 0.0004016 -0.0019014] tic
135216,280.484,[-0.0175,120,P=[-0.0175 -0.0031 -0.0024] V=[-0.0414 -0.0062 -0.0128] |Bas|=0.000000 |Bgs|=0.0020880 Bas=[0.000000 0.000000 0.000000] Bgs=[0.0007636 0.0004016 -0.0019014] tic
135249,280.584,[-0.0217,112,P=[-0.0217 -0.0036 -0.0036] V=[-0.0434 -0.0050 -0.0120] |Bas|=0.000000 |Bgs|=0.0020880 Bas=[0.000000 0.000000 0.000000] Bgs=[0.0007636 0.0004016 -0.0019014] tic
135286,280.72,[-0.0276,108,P=[-0.0276 -0.0043 -0.0057] V=[-0.0429 -0.0038 -0.0174] |Bas|=0.000000 |Bgs|=0.0020880 Bas=[0.000000 0.000000 0.000000] Bgs=[0.0007636 0.0004016 -0.0019014] tic
135378,280.832,[-0.0325,119,P=[-0.0325 -0.0047 -0.0079] V=[-0.0456 -0.0019 -0.0205] |Bas|=0.000000 |Bgs|=0.0020880 Bas=[0.000000 0.000000 0.000000] Bgs=[0.0007636 0.0004016 -0.0019014] tic
135466,280.952,[-0.0381,107,P=[-0.0381 -0.0049 -0.0104] V=[-0.0486 -0.0006 -0.0203] |Bas|=0.000000 |Bgs|=0.0020880 Bas=[0.000000 0.000000 0.000000] Bgs=[0.0007636 0.0004016 -0.0019014] tic
135578,281.084,[-0.0450,96,P=[-0.0450 -0.0047 -0.0132] V=[-0.0539 0.0006 -0.0227] |Bas|=0.000000 |Bgs|=0.0020880 Bas=[0.000000 0.000000 0.000000] Bgs=[0.0007636 0.0004016 -0.0019014] tic0
135685,281.184,[-0.0505,128,P=[-0.0505 -0.0049 -0.0154] V=[-0.0564 -0.0017 -0.0213] |Bas|=0.000000 |Bgs|=0.0020880 Bas=[0.000000 0.000000 0.000000] Bgs=[0.0007636 0.0004016 -0.0019014] tic
135773,281.284,[-0.0563,121,P=[-0.0563 -0.0050 -0.0177] V=[-0.0602 -0.0016 -0.0247] |Bas|=0.000000 |Bgs|=0.0020880 Bas=[0.000000 0.000000 0.000000] Bgs=[0.0007636 0.0004016 -0.0019014] tic
136165,282.588,[-0.0057,124,P=[-0.0057 0.0058 -0.0017] V=[-0.0633 0.0511 -0.0133] |Bas|=0.000000 |Bgs|=0.0041928 Bas=[0.000000 0.000000 0.000000] Bgs=[-0.0027195 -0.0023796 -0.0021262] tic
136193,282.684,[-0.0119,100,P=[-0.0119 0.0107 -0.0029] V=[-0.0677 0.0538 -0.0131] |Bas|=0.000000 |Bgs|=0.0041928 Bas=[0.000000 0.000000 0.000000] Bgs=[-0.0027195 -0.0023796 -0.0021262] tic
136235,282.756,[-0.0169,114,P=[-0.0169 0.0147 -0.0037] V=[-0.0708 0.0574 -0.0110] |Bas|=0.000000 |Bgs|=0.0041928 Bas=[0.000000 0.000000 0.000000] Bgs=[-0.0027195 -0.0023796 -0.0021262] tic
136273,282.856,[-0.0244,111,P=[-0.0244 0.0208 -0.0048] V=[-0.0780 0.0624 -0.0104] |Bas|=0.000000 |Bgs|=0.0041928 Bas=[0.000000 0.000000 0.000000] Bgs=[-0.0027195 -0.0023796 -0.0021262] tic
136304,282.984,[-0.0349,110,P=[-0.0349 0.0289 -0.0060] V=[-0.0890 0.0648 -0.0104] |Bas|=0.000000 |Bgs|=0.0041928 Bas=[0.000000 0.000000 0.000000] Bgs=[-0.0027195 -0.0023796 -0.0021262] tic
136400,283.088,[-0.0446,120,P=[-0.0446 0.0358 -0.0071] V=[-0.0974 0.0654 -0.0086] |Bas|=0.000000 |Bgs|=0.0041928 Bas=[0.000000 0.000000 0.000000] Bgs=[-0.0027195 -0.0023796 -0.0021262] tic
136490,283.22,[-0.0584,109,P=[-0.0584 0.0445 -0.0083] V=[-0.1111 0.0672 -0.0096] |Bas|=0.000000 |Bgs|=0.0041928 Bas=[0.000000 0.000000 0.000000] Bgs=[-0.0027195 -0.0023796 -0.0021262] tic
136597,283.316,[-0.0696,94,P=[-0.0696 0.0510 -0.0095] V=[-0.1211 0.0704 -0.0138] |Bas|=0.000000 |Bgs|=0.0041928 Bas=[0.000000 0.000000 0.000000] Bgs=[-0.0027195 -0.0023796 -0.0021262] tic
136700,283.416,[-0.0823,117,P=[-0.0823 0.0583 -0.0109] V=[-0.1336 0.0745 -0.0143] |Bas|=0.000000 |Bgs|=0.0041928 Bas=[0.000000 0.000000 0.000000] Bgs=[-0.0027195 -0.0023796 -0.0021262] tic
136798,283.516,[-0.0961,111,P=[-0.0961 0.0658 -0.0124] V=[-0.1425 0.0750 -0.0142] |Bas|=0.000000 |Bgs|=0.0041928 Bas=[0.000000 0.000000 0.000000] Bgs=[-0.0027195 -0.0023796 -0.0021262] tic
136887,283.628,[-0.1127,125,P=[-0.1127 0.0742 -0.0144] V=[-0.1535 0.0763 -0.0196] |Bas|=0.000000 |Bgs|=0.0041928 Bas=[0.000000 0.000000 0.000000] Bgs=[-0.0027195 -0.0023796 -0.0021262] tic
136974,283.724,[-0.1281,111,P=[-0.1281 0.0814 -0.0164] V=[-0.1680 0.0750 -0.0226] |Bas|=0.000000 |Bgs|=0.0041928 Bas=[0.000000 0.000000 0.000000] Bgs=[-0.0027195 -0.0023796 -0.0021262] tic
137072,283.836,[-0.1475,125,P=[-0.1475 0.0897 -0.0188] V=[-0.1783 0.0744 -0.0197] |Bas|=0.000000 |Bgs|=0.0041928 Bas=[0.000000 0.000000 0.000000] Bgs=[-0.0027195 -0.0023796 -0.0021262] tic
137157,283.92,[-0.1628,119,P=[-0.1628 0.0960 -0.0204] V=[-0.1889 0.0729 -0.0197] |Bas|=0.000000 |Bgs|=0.0041928 Bas=[0.000000 0.000000 0.000000] Bgs=[-0.0027195 -0.0023796 -0.0021262] tic
137258,284.024,[-0.1830,104,P=[-0.1830 0.1035 -0.0226] V=[-0.1973 0.0721 -0.0229] |Bas|=0.000000 |Bgs|=0.0041928 Bas=[0.000000 0.000000 0.000000] Bgs=[-0.0027195 -0.0023796 -0.0021262] tic
137363,284.152,[-0.2090,120,P=[-0.2090 0.1128 -0.0256] V=[-0.2096 0.0734 -0.0231] |Bas|=0.000000 |Bgs|=0.0041928 Bas=[0.000000 0.000000 0.000000] Bgs=[-0.0027195 -0.0023796 -0.0021262] tic
137454,284.252,[-0.2306,118,P=[-0.2306 0.1200 -0.0278] V=[-0.2209 0.0715 -0.0223] |Bas|=0.000000 |Bgs|=0.0041928 Bas=[0.000000 0.000000 0.000000] Bgs=[-0.0027195 -0.0023796 -0.0021262] tic
137554,284.352,[-0.2531,123,P=[-0.2531 0.1274 -0.0301] V=[-0.2293 0.0742 -0.0217] |Bas|=0.000000 |Bgs|=0.0041928 Bas=[0.000000 0.000000 0.000000] Bgs=[-0.0027195 -0.0023796 -0.0021262] tic
137935,285.784,[-0.0030,128,P=[-0.0030 -0.0047 -0.0009] V=[-0.0200 -0.0380 -0.0082] |Bas|=0.000000 |Bgs|=0.0026183 Bas=[0.000000 0.000000 0.000000] Bgs=[-0.0021412 -0.0006531 -0.0013581] t
137962,285.916,[-0.0058,109,P=[-0.0058 -0.0102 -0.0020] V=[-0.0218 -0.0444 -0.0085] |Bas|=0.000000 |Bgs|=0.0026183 Bas=[0.000000 0.000000 0.000000] Bgs=[-0.0021412 -0.0006531 -0.0013581] t
138002,286.016,[-0.0079,110,P=[-0.0079 -0.0145 -0.0030] V=[-0.0209 -0.0462 -0.0108] |Bas|=0.000000 |Bgs|=0.0026183 Bas=[0.000000 0.000000 0.000000] Bgs=[-0.0021412 -0.0006531 -0.0013581] t
138038,286.116,[-0.0101,108,P=[-0.0101 -0.0194 -0.0041] V=[-0.0220 -0.0506 -0.0132] |Bas|=0.000000 |Bgs|=0.0026183 Bas=[0.000000 0.000000 0.000000] Bgs=[-0.0021412 -0.0006531 -0.0013581] t
138077,286.22,[-0.0125,114,P=[-0.0125 -0.0249 -0.0054] V=[-0.0239 -0.0553 -0.0125] |Bas|=0.000000 |Bgs|=0.0026183 Bas=[0.000000 0.000000 0.000000] Bgs=[-0.0021412 -0.0006531 -0.0013581] t
138110,286.352,[-0.0155,109,P=[-0.0155 -0.0327 -0.0068] V=[-0.0212 -0.0616 -0.0122] |Bas|=0.000000 |Bgs|=0.0026183 Bas=[0.000000 0.000000 0.000000] Bgs=[-0.0021412 -0.0006531 -0.0013581] t
138206,286.484,[-0.0186,111,P=[-0.0186 -0.0410 -0.0084] V=[-0.0250 -0.0660 -0.0114] |Bas|=0.000000 |Bgs|=0.0026183 Bas=[0.000000 0.000000 0.000000] Bgs=[-0.0021412 -0.0006531 -0.0013581] t
138303,286.624,[-0.0225,113,P=[-0.0225 -0.0508 -0.0100] V=[-0.0291 -0.0742 -0.0097] |Bas|=0.000000 |Bgs|=0.0026183 Bas=[0.000000 0.000000 0.000000] Bgs=[-0.0021412 -0.0006531 -0.0013581] t
138401,286.724,[-0.0255,101,P=[-0.0255 -0.0585 -0.0109] V=[-0.0312 -0.0803 -0.0096] |Bas|=0.000000 |Bgs|=0.0026183 Bas=[0.000000 0.000000 0.000000] Bgs=[-0.0021412 -0.0006531 -0.0013581] t
138500,286.82,[-0.0286,117,P=[-0.0286 -0.0663 -0.0118] V=[-0.0334 -0.0822 -0.0091] |Bas|=0.000000 |Bgs|=0.0026183 Bas=[0.000000 0.000000 0.000000] Bgs=[-0.0021412 -0.0006531 -0.0013581] t
138588,286.936,[-0.0326,111,P=[-0.0326 -0.0764 -0.0129] V=[-0.0346 -0.0902 -0.0125] |Bas|=0.000000 |Bgs|=0.0026183 Bas=[0.000000 0.000000 0.000000] Bgs=[-0.0021412 -0.0006531 -0.0013581] t
139005,288.252,[0.0110,122,P=[0.0110 0.0189 -0.0031] V=[0.0950 0.1518 -0.0279] |Bas|=0.000000 |Bgs|=0.0487334 Bas=[0.000000 0.000000 0.000000] Bgs=[-0.0228062 -0.0137109 -0.0408269] tic0=
139043,288.384,[0.0239,29,P=[0.0239 0.0391 -0.0068] V=[0.0988 0.1518 -0.0265] |Bas|=0.000000 |Bgs|=0.0487334 Bas=[0.000000 0.000000 0.000000] Bgs=[-0.0228062 -0.0137109 -0.0408269] tic0=
139241,288.528,[0.0380,125,P=[0.0380 0.0605 -0.0107] V=[0.0988 0.1432 -0.0297] |Bas|=0.000000 |Bgs|=0.0487334 Bas=[0.000000 0.000000 0.000000] Bgs=[-0.0228062 -0.0137109 -0.0408269] tic0=
139348,288.652,[0.0502,120,P=[0.0502 0.0775 -0.0144] V=[0.0973 0.1302 -0.0305] |Bas|=0.000000 |Bgs|=0.0487334 Bas=[0.000000 0.000000 0.000000] Bgs=[-0.0228062 -0.0137109 -0.0408269] tic0=
139459,288.752,[0.0599,119,P=[0.0599 0.0902 -0.0175] V=[0.0972 0.1228 -0.0308] |Bas|=0.000000 |Bgs|=0.0487334 Bas=[0.000000 0.000000 0.000000] Bgs=[-0.0228062 -0.0137109 -0.0408269] tic0=
139592,288.884,[0.0722,99,P=[0.0722 0.1056 -0.0215] V=[0.0895 0.1110 -0.0299] |Bas|=0.000000 |Bgs|=0.0487334 Bas=[0.000000 0.000000 0.000000] Bgs=[-0.0228062 -0.0137109 -0.0408269] tic0=
139720,288.984,[0.0809,118,P=[0.0809 0.1160 -0.0244] V=[0.0839 0.0949 -0.0291] |Bas|=0.000000 |Bgs|=0.0487334 Bas=[0.000000 0.000000 0.000000] Bgs=[-0.0228062 -0.0137109 -0.0408269] tic0=
140099,290.32,[-0.0132,123,P=[-0.0132 -0.0018 -0.0015] V=[-0.1490 -0.0233 -0.0111] |Bas|=0.000000 |Bgs|=0.0017172 Bas=[0.000000 0.000000 0.000000] Bgs=[0.0015935 -0.0002703 0.0005800] tic
140123,290.428,[-0.0300,109,P=[-0.0300 -0.0046 -0.0027] V=[-0.1618 -0.0263 -0.0124] |Bas|=0.000000 |Bgs|=0.0017172 Bas=[0.000000 0.000000 0.000000] Bgs=[0.0015935 -0.0002703 0.0005800] tic
140163,290.52,[-0.0453,114,P=[-0.0453 -0.0070 -0.0039] V=[-0.1695 -0.0269 -0.0128] |Bas|=0.000000 |Bgs|=0.0017172 Bas=[0.000000 0.000000 0.000000] Bgs=[0.0015935 -0.0002703 0.0005800] tic
140193,290.636,[-0.0655,115,P=[-0.0655 -0.0102 -0.0054] V=[-0.1802 -0.0292 -0.0121] |Bas|=0.000000 |Bgs|=0.0017172 Bas=[0.000000 0.000000 0.000000] Bgs=[0.0015935 -0.0002703 0.0005800] tic
140225,290.752,[-0.0871,114,P=[-0.0871 -0.0138 -0.0067] V=[-0.1916 -0.0306 -0.0119] |Bas|=0.000000 |Bgs|=0.0017172 Bas=[0.000000 0.000000 0.000000] Bgs=[0.0015935 -0.0002703 0.0005800] tic
140256,290.884,[-0.1134,114,P=[-0.1134 -0.0178 -0.0082] V=[-0.2075 -0.0330 -0.0134] |Bas|=0.000000 |Bgs|=0.0017172 Bas=[0.000000 0.000000 0.000000] Bgs=[0.0015935 -0.0002703 0.0005800] tic
140283,291.016,[-0.1416,116,P=[-0.1416 -0.0223 -0.0100] V=[-0.2223 -0.0357 -0.0143] |Bas|=0.000000 |Bgs|=0.0017172 Bas=[0.000000 0.000000 0.000000] Bgs=[0.0015935 -0.0002703 0.0005800] tic
140370,291.128,[-0.1673,116,P=[-0.1673 -0.0262 -0.0117] V=[-0.2370 -0.0341 -0.0177] |Bas|=0.000000 |Bgs|=0.0017172 Bas=[0.000000 0.000000 0.000000] Bgs=[0.0015935 -0.0002703 0.0005800] tic
140457,291.252,[-0.1976,108,P=[-0.1976 -0.0306 -0.0139] V=[-0.2529 -0.0371 -0.0185] |Bas|=0.000000 |Bgs|=0.0017172 Bas=[0.000000 0.000000 0.000000] Bgs=[0.0015935 -0.0002703 0.0005800] tic
140571,291.352,[-0.2233,106,P=[-0.2233 -0.0344 -0.0160] V=[-0.2604 -0.0372 -0.0212] |Bas|=0.000000 |Bgs|=0.0017172 Bas=[0.000000 0.000000 0.000000] Bgs=[0.0015935 -0.0002703 0.0005800] tic
140661,291.452,[-0.2500,117,P=[-0.2500 -0.0380 -0.0183] V=[-0.2722 -0.0344 -0.0260] |Bas|=0.000000 |Bgs|=0.0017172 Bas=[0.000000 0.000000 0.000000] Bgs=[0.0015935 -0.0002703 0.0005800] tic
140753,291.552,[-0.2777,107,P=[-0.2777 -0.0414 -0.0208] V=[-0.2833 -0.0329 -0.0253] |Bas|=0.000000 |Bgs|=0.0017172 Bas=[0.000000 0.000000 0.000000] Bgs=[0.0015935 -0.0002703 0.0005800] tic
140858,291.652,[-0.3065,111,P=[-0.3065 -0.0446 -0.0234] V=[-0.2951 -0.0318 -0.0253] |Bas|=0.000000 |Bgs|=0.0017172 Bas=[0.000000 0.000000 0.000000] Bgs=[0.0015935 -0.0002703 0.0005800] tic
140958,291.784,[-0.3466,106,P=[-0.3466 -0.0489 -0.0266] V=[-0.3126 -0.0319 -0.0250] |Bas|=0.000000 |Bgs|=0.0017172 Bas=[0.000000 0.000000 0.000000] Bgs=[0.0015935 -0.0002703 0.0005800] tic
141062,291.888,[-0.3798,128,P=[-0.3798 -0.0522 -0.0292] V=[-0.3246 -0.0325 -0.0244] |Bas|=0.000000 |Bgs|=0.0017172 Bas=[0.000000 0.000000 0.000000] Bgs=[0.0015935 -0.0002703 0.0005800] tic
141160,292.02,[-0.4234,103,P=[-0.4234 -0.0566 -0.0327] V=[-0.3368 -0.0336 -0.0289] |Bas|=0.000000 |Bgs|=0.0017172 Bas=[0.000000 0.000000 0.000000] Bgs=[0.0015935 -0.0002703 0.0005800] tic
141274,292.136,[-0.4631,114,P=[-0.4631 -0.0605 -0.0363] V=[-0.3495 -0.0325 -0.0334] |Bas|=0.000000 |Bgs|=0.0017172 Bas=[0.000000 0.000000 0.000000] Bgs=[0.0015935 -0.0002703 0.0005800] tic
141377,292.252,[-0.5048,108,P=[-0.5048 -0.0642 -0.0403] V=[-0.3665 -0.0330 -0.0358] |Bas|=0.000000 |Bgs|=0.0017172 Bas=[0.000000 0.000000 0.000000] Bgs=[0.0015935 -0.0002703 0.0005800] tic
141776,293.584,[-0.0077,128,P=[-0.0077 -0.0017 -0.0026] V=[-0.0565 -0.0103 -0.0249] |Bas|=0.000000 |Bgs|=0.0007749 Bas=[0.000000 0.000000 0.000000] Bgs=[0.0005350 0.0000967 0.0005522] tic0
141801,293.684,[-0.0135,105,P=[-0.0135 -0.0029 -0.0052] V=[-0.0603 -0.0163 -0.0273] |Bas|=0.000000 |Bgs|=0.0007749 Bas=[0.000000 0.000000 0.000000] Bgs=[0.0005350 0.0000967 0.0005522] tic0
141838,293.784,[-0.0198,106,P=[-0.0198 -0.0047 -0.0080] V=[-0.0667 -0.0187 -0.0272] |Bas|=0.000000 |Bgs|=0.0007749 Bas=[0.000000 0.000000 0.000000] Bgs=[0.0005350 0.0000967 0.0005522] tic0
141881,293.884,[-0.0269,124,P=[-0.0269 -0.0068 -0.0107] V=[-0.0747 -0.0246 -0.0250] |Bas|=0.000000 |Bgs|=0.0007749 Bas=[0.000000 0.000000 0.000000] Bgs=[0.0005350 0.0000967 0.0005522] tic0
141913,293.988,[-0.0349,120,P=[-0.0349 -0.0094 -0.0135] V=[-0.0801 -0.0264 -0.0281] |Bas|=0.000000 |Bgs|=0.0007749 Bas=[0.000000 0.000000 0.000000] Bgs=[0.0005350 0.0000967 0.0005522] tic0
141938,294.084,[-0.0428,120,P=[-0.0428 -0.0121 -0.0163] V=[-0.0857 -0.0290 -0.0309] |Bas|=0.000000 |Bgs|=0.0007749 Bas=[0.000000 0.000000 0.000000] Bgs=[0.0005350 0.0000967 0.0005522] tic0
142026,294.192,[-0.0522,126,P=[-0.0522 -0.0154 -0.0196] V=[-0.0877 -0.0323 -0.0308] |Bas|=0.000000 |Bgs|=0.0007749 Bas=[0.000000 0.000000 0.000000] Bgs=[0.0005350 0.0000967 0.0005522] tic0
142105,294.316,[-0.0634,121,P=[-0.0634 -0.0195 -0.0236] V=[-0.0945 -0.0334 -0.0310] |Bas|=0.000000 |Bgs|=0.0007749 Bas=[0.000000 0.000000 0.000000] Bgs=[0.0005350 0.0000967 0.0005522] tic0
142201,294.388,[-0.0703,108,P=[-0.0703 -0.0218 -0.0258] V=[-0.0981 -0.0333 -0.0319] |Bas|=0.000000 |Bgs|=0.0007749 Bas=[0.000000 0.000000 0.000000] Bgs=[0.0005350 0.0000967 0.0005522] tic0
142296,294.484,[-0.0799,126,P=[-0.0799 -0.0252 -0.0287] V=[-0.0994 -0.0360 -0.0289] |Bas|=0.000000 |Bgs|=0.0007749 Bas=[0.000000 0.000000 0.000000] Bgs=[0.0005350 0.0000967 0.0005522] tic0
142382,294.62,[-0.0939,117,P=[-0.0939 -0.0303 -0.0330] V=[-0.1072 -0.0401 -0.0322] |Bas|=0.000000 |Bgs|=0.0007749 Bas=[0.000000 0.000000 0.000000] Bgs=[0.0005350 0.0000967 0.0005522] tic0
142478,294.724,[-0.1052,116,P=[-0.1052 -0.0344 -0.0364] V=[-0.1110 -0.0412 -0.0334] |Bas|=0.000000 |Bgs|=0.0007749 Bas=[0.000000 0.000000 0.000000] Bgs=[0.0005350 0.0000967 0.0005522] tic0
142864,295.988,[0.0003,123,P=[0.0003 -0.0016 -0.0020] V=[0.0003 -0.0119 -0.0078] |Bas|=0.000000 |Bgs|=0.0014514 Bas=[0.000000 0.000000 0.000000] Bgs=[-0.0007829 -0.0001026 0.0012178] tic0
142889,296.12,[0.0002,105,P=[0.0002 -0.0031 -0.0029] V=[-0.0011 -0.0113 -0.0084] |Bas|=0.000000 |Bgs|=0.0014514 Bas=[0.000000 0.000000 0.000000] Bgs=[-0.0007829 -0.0001026 0.0012178] tic
142929,296.216,[0.0003,118,P=[0.0003 -0.0042 -0.0039] V=[0.0014 -0.0121 -0.0100] |Bas|=0.000000 |Bgs|=0.0014514 Bas=[0.000000 0.000000 0.000000] Bgs=[-0.0007829 -0.0001026 0.0012178] tic0
142959,296.316,[0.0006,119,P=[0.0006 -0.0055 -0.0048] V=[0.0035 -0.0139 -0.0101] |Bas|=0.000000 |Bgs|=0.0014514 Bas=[0.000000 0.000000 0.000000] Bgs=[-0.0007829 -0.0001026 0.0012178] tic0
142983,296.42,[0.0010,122,P=[0.0010 -0.0067 -0.0059] V=[0.0057 -0.0102 -0.0097] |Bas|=0.000000 |Bgs|=0.0014514 Bas=[0.000000 0.000000 0.000000] Bgs=[-0.0007829 -0.0001026 0.0012178] tic0
143006,296.532,[0.0014,123,P=[0.0014 -0.0078 -0.0069] V=[0.0035 -0.0099 -0.0069] |Bas|=0.000000 |Bgs|=0.0014514 Bas=[0.000000 0.000000 0.000000] Bgs=[-0.0007829 -0.0001026 0.0012178] tic0
143034,296.656,[0.0019,126,P=[0.0019 -0.0090 -0.0078] V=[0.0057 -0.0099 -0.0065] |Bas|=0.000000 |Bgs|=0.0014514 Bas=[0.000000 0.000000 0.000000] Bgs=[-0.0007829 -0.0001026 0.0012178] tic0
143055,296.784,[0.0026,123,P=[0.0026 -0.0102 -0.0085] V=[0.0044 -0.0108 -0.0074] |Bas|=0.000000 |Bgs|=0.0014514 Bas=[0.000000 0.000000 0.000000] Bgs=[-0.0007829 -0.0001026 0.0012178] tic0
143086,296.884,[0.0029,119,P=[0.0029 -0.0113 -0.0095] V=[0.0046 -0.0096 -0.0120] |Bas|=0.000000 |Bgs|=0.0014514 Bas=[0.000000 0.000000 0.000000] Bgs=[-0.0007829 -0.0001026 0.0012178] tic0
143109,297.024,[0.0036,125,P=[0.0036 -0.0130 -0.0111] V=[0.0048 -0.0137 -0.0113] |Bas|=0.000000 |Bgs|=0.0014514 Bas=[0.000000 0.000000 0.000000] Bgs=[-0.0007829 -0.0001026 0.0012178] tic0
143132,297.152,[0.0043,111,P=[0.0043 -0.0148 -0.0122] V=[0.0065 -0.0151 -0.0070] |Bas|=0.000000 |Bgs|=0.0014514 Bas=[0.000000 0.000000 0.000000] Bgs=[-0.0007829 -0.0001026 0.0012178] tic0
143162,297.252,[0.0050,112,P=[0.0050 -0.0163 -0.0131] V=[0.0077 -0.0177 -0.0107] |Bas|=0.000000 |Bgs|=0.0014514 Bas=[0.000000 0.000000 0.000000] Bgs=[-0.0007829 -0.0001026 0.0012178] tic0
143254,297.384,[0.0062,118,P=[0.0062 -0.0185 -0.0147] V=[0.0118 -0.0176 -0.0124] |Bas|=0.000000 |Bgs|=0.0014514 Bas=[0.000000 0.000000 0.000000] Bgs=[-0.0007829 -0.0001026 0.0012178] tic0
143343,297.484,[0.0073,101,P=[0.0073 -0.0203 -0.0161] V=[0.0124 -0.0174 -0.0146] |Bas|=0.000000 |Bgs|=0.0014514 Bas=[0.000000 0.000000 0.000000] Bgs=[-0.0007829 -0.0001026 0.0012178] tic0
143459,297.584,[0.0088,101,P=[0.0088 -0.0219 -0.0173] V=[0.0157 -0.0174 -0.0109] |Bas|=0.000000 |Bgs|=0.0014514 Bas=[0.000000 0.000000 0.000000] Bgs=[-0.0007829 -0.0001026 0.0012178] tic0
143568,297.684,[0.0104,115,P=[0.0104 -0.0237 -0.0184] V=[0.0154 -0.0205 -0.0106] |Bas|=0.000000 |Bgs|=0.0014514 Bas=[0.000000 0.000000 0.000000] Bgs=[-0.0007829 -0.0001026 0.0012178] tic0
143668,297.784,[0.0119,116,P=[0.0119 -0.0261 -0.0195] V=[0.0162 -0.0245 -0.0120] |Bas|=0.000000 |Bgs|=0.0014514 Bas=[0.000000 0.000000 0.000000] Bgs=[-0.0007829 -0.0001026 0.0012178] tic0
144090,298.984,[-0.0007,128,P=[-0.0007 -0.0029 0.0001] V=[-0.0059 -0.0298 -0.0045] |Bas|=0.000000 |Bgs|=0.0015937 Bas=[0.000000 0.000000 0.000000] Bgs=[-0.0014996 0.0005273 0.0001130] tic0
144110,299.056,[-0.0011,111,P=[-0.0011 -0.0048 -0.0001] V=[-0.0051 -0.0253 -0.0022] |Bas|=0.000000 |Bgs|=0.0015937 Bas=[0.000000 0.000000 0.000000] Bgs=[-0.0014996 0.0005273 0.0001130] tic
144141,299.184,[-0.0014,121,P=[-0.0014 -0.0081 -0.0002] V=[-0.0003 -0.0285 -0.0005] |Bas|=0.000000 |Bgs|=0.0015937 Bas=[0.000000 0.000000 0.000000] Bgs=[-0.0014996 0.0005273 0.0001130] tic
144173,299.284,[-0.0015,121,P=[-0.0015 -0.0112 -0.0005] V=[-0.0035 -0.0330 -0.0042] |Bas|=0.000000 |Bgs|=0.0015937 Bas=[0.000000 0.000000 0.000000] Bgs=[-0.0014996 0.0005273 0.0001130] tic
144201,299.384,[-0.0019,117,P=[-0.0019 -0.0147 -0.0009] V=[-0.0039 -0.0366 -0.0032] |Bas|=0.000000 |Bgs|=0.0015937 Bas=[0.000000 0.000000 0.000000] Bgs=[-0.0014996 0.0005273 0.0001130] tic
144233,299.484,[-0.0023,107,P=[-0.0023 -0.0182 -0.0012] V=[-0.0039 -0.0347 -0.0016] |Bas|=0.000000 |Bgs|=0.0015937 Bas=[0.000000 0.000000 0.000000] Bgs=[-0.0014996 0.0005273 0.0001130] tic
144270,299.584,[-0.0028,111,P=[-0.0028 -0.0220 -0.0013] V=[-0.0066 -0.0400 -0.0019] |Bas|=0.000000 |Bgs|=0.0015937 Bas=[0.000000 0.000000 0.000000] Bgs=[-0.0014996 0.0005273 0.0001130] tic
144360,299.736,[-0.0037,117,P=[-0.0037 -0.0288 -0.0014] V=[-0.0052 -0.0475 0.0007] |Bas|=0.000000 |Bgs|=0.0015937 Bas=[0.000000 0.000000 0.000000] Bgs=[-0.0014996 0.0005273 0.0001130] tic0
144455,299.852,[-0.0039,98,P=[-0.0039 -0.0347 -0.0015] V=[0.0013 -0.0545 -0.0016] |Bas|=0.000000 |Bgs|=0.0015937 Bas=[0.000000 0.000000 0.000000] Bgs=[-0.0014996 0.0005273 0.0001130] tic0
144562,299.984,[-0.0038,104,P=[-0.0038 -0.0425 -0.0017] V=[0.0025 -0.0617 -0.0008] |Bas|=0.000000 |Bgs|=0.0015937 Bas=[0.000000 0.000000 0.000000] Bgs=[-0.0014996 0.0005273 0.0001130] tic0
144657,300.088,[-0.0034,113,P=[-0.0034 -0.0491 -0.0018] V=[0.0063 -0.0664 -0.0011] |Bas|=0.000000 |Bgs|=0.0015937 Bas=[0.000000 0.000000 0.000000] Bgs=[-0.0014996 0.0005273 0.0001130] tic0
144758,300.228,[-0.0023,128,P=[-0.0023 -0.0585 -0.0023] V=[0.0109 -0.0676 -0.0050] |Bas|=0.000000 |Bgs|=0.0015937 Bas=[0.000000 0.000000 0.000000] Bgs=[-0.0014996 0.0005273 0.0001130] tic0
144837,300.352,[-0.0010,123,P=[-0.0010 -0.0670 -0.0032] V=[0.0102 -0.0687 -0.0072] |Bas|=0.000000 |Bgs|=0.0015937 Bas=[0.000000 0.000000 0.000000] Bgs=[-0.0014996 0.0005273 0.0001130] tic0
144927,300.452,[0.0002,113,P=[0.0002 -0.0739 -0.0038] V=[0.0134 -0.0691 -0.0042] |Bas|=0.000000 |Bgs|=0.0015937 Bas=[0.000000 0.000000 0.000000] Bgs=[-0.0014996 0.0005273 0.0001130] tic0=
145016,300.552,[0.0016,113,P=[0.0016 -0.0810 -0.0042] V=[0.0129 -0.0724 -0.0039] |Bas|=0.000000 |Bgs|=0.0015937 Bas=[0.000000 0.000000 0.000000] Bgs=[-0.0014996 0.0005273 0.0001130] tic0=
145130,300.652,[0.0030,96,P=[0.0030 -0.0885 -0.0045] V=[0.0141 -0.0786 -0.0025] |Bas|=0.000000 |Bgs|=0.0015937 Bas=[0.000000 0.000000 0.000000] Bgs=[-0.0014996 0.0005273 0.0001130] tic0=
145233,300.752,[0.0044,123,P=[0.0044 -0.0965 -0.0048] V=[0.0147 -0.0806 -0.0024] |Bas|=0.000000 |Bgs|=0.0015937 Bas=[0.000000 0.000000 0.000000] Bgs=[-0.0014996 0.0005273 0.0001130] tic0=
145316,300.828,[0.0057,119,P=[0.0057 -0.1028 -0.0051] V=[0.0160 -0.0843 -0.0041] |Bas|=0.000000 |Bgs|=0.0015937 Bas=[0.000000 0.000000 0.000000] Bgs=[-0.0014996 0.0005273 0.0001130] tic0=
145714,302.12,[0.0035,125,P=[0.0035 -0.0580 -0.0176] V=[0.0291 -0.5562 -0.1685] |Bas|=0.000000 |Bgs|=0.0816130 Bas=[0.000000 0.000000 0.000000] Bgs=[0.0445704 -0.0652728 -0.0203376] tic0
145750,302.244,[0.0058,34,P=[0.0058 -0.1263 -0.0387] V=[0.0090 -0.5453 -0.1703] |Bas|=0.000000 |Bgs|=0.0816130 Bas=[0.000000 0.000000 0.000000] Bgs=[0.0445704 -0.0652728 -0.0203376] tic0
145939,302.352,[0.0054,127,P=[0.0054 -0.1844 -0.0572] V=[-0.0167 -0.5308 -0.1711] |Bas|=0.000000 |Bgs|=0.0816130 Bas=[0.000000 0.000000 0.000000] Bgs=[0.0445704 -0.0652728 -0.0203376] tic
146051,302.484,[0.0006,117,P=[0.0006 -0.2532 -0.0800] V=[-0.0553 -0.5075 -0.1764] |Bas|=0.000000 |Bgs|=0.0816130 Bas=[0.000000 0.000000 0.000000] Bgs=[0.0445704 -0.0652728 -0.0203376] tic
146164,302.616,[-0.0098,121,P=[-0.0098 -0.3179 -0.1034] V=[-0.1029 -0.4727 -0.1774] |Bas|=0.000000 |Bgs|=0.0816130 Bas=[0.000000 0.000000 0.000000] Bgs=[0.0445704 -0.0652728 -0.0203376] ti
146295,302.724,[-0.0233,40,P=[-0.0233 -0.3673 -0.1226] V=[-0.1495 -0.4407 -0.1795] |Bas|=0.000000 |Bgs|=0.0816130 Bas=[0.000000 0.000000 0.000000] Bgs=[0.0445704 -0.0652728 -0.0203376] ti
146482,302.852,[-0.0467,123,P=[-0.0467 -0.4206 -0.1459] V=[-0.2172 -0.3912 -0.1846] |Bas|=0.000000 |Bgs|=0.0816130 Bas=[0.000000 0.000000 0.000000] Bgs=[0.0445704 -0.0652728 -0.0203376] ti
146588,302.984,[-0.0805,125,P=[-0.0805 -0.4686 -0.1705] V=[-0.2975 -0.3353 -0.1881] |Bas|=0.000000 |Bgs|=0.0816130 Bas=[0.000000 0.000000 0.000000] Bgs=[0.0445704 -0.0652728 -0.0203376] ti
146676,303.084,[-0.1136,111,P=[-0.1136 -0.4999 -0.1894] V=[-0.3658 -0.2899 -0.1914] |Bas|=0.000000 |Bgs|=0.0816130 Bas=[0.000000 0.000000 0.000000] Bgs=[0.0445704 -0.0652728 -0.0203376] ti
146793,303.184,[-0.1538,43,P=[-0.1538 -0.5263 -0.2089] V=[-0.4402 -0.2369 -0.1972] |Bas|=0.000000 |Bgs|=0.0816130 Bas=[0.000000 0.000000 0.000000] Bgs=[0.0445704 -0.0652728 -0.0203376] ti
146964,303.288,[-0.2039,127,P=[-0.2039 -0.5481 -0.2297] V=[-0.5242 -0.1786 -0.2033] |Bas|=0.000000 |Bgs|=0.0816130 Bas=[0.000000 0.000000 0.000000] Bgs=[0.0445704 -0.0652728 -0.0203376] ti
147054,303.428,[-0.2857,115,P=[-0.2857 -0.5670 -0.2590] V=[-0.6469 -0.0909 -0.2151] |Bas|=0.000000 |Bgs|=0.0816130 Bas=[0.000000 0.000000 0.000000] Bgs=[0.0445704 -0.0652728 -0.0203376] ti
147456,304.784,[-0.0015,130,P=[-0.0015 -0.0024 -0.0006] V=[-0.0081 -0.0134 -0.0074] |Bas|=0.000000 |Bgs|=0.0019548 Bas=[0.000000 0.000000 0.000000] Bgs=[0.0011410 0.0015293 0.0004250] tic0
147476,304.888,[-0.0025,104,P=[-0.0025 -0.0037 -0.0011] V=[-0.0076 -0.0108 -0.0026] |Bas|=0.000000 |Bgs|=0.0019548 Bas=[0.000000 0.000000 0.000000] Bgs=[0.0011410 0.0015293 0.0004250] tic0
147511,304.988,[-0.0032,125,P=[-0.0032 -0.0049 -0.0013] V=[-0.0085 -0.0139 -0.0027] |Bas|=0.000000 |Bgs|=0.0019548 Bas=[0.000000 0.000000 0.000000] Bgs=[0.0011410 0.0015293 0.0004250] tic0
147531,305.124,[-0.0041,120,P=[-0.0041 -0.0071 -0.0018] V=[-0.0045 -0.0169 -0.0030] |Bas|=0.000000 |Bgs|=0.0019548 Bas=[0.000000 0.000000 0.000000] Bgs=[0.0011410 0.0015293 0.0004250] tic0
147557,305.236,[-0.0043,118,P=[-0.0043 -0.0091 -0.0022] V=[-0.0001 -0.0178 -0.0025] |Bas|=0.000000 |Bgs|=0.0019548 Bas=[0.000000 0.000000 0.000000] Bgs=[0.0011410 0.0015293 0.0004250] tic0
147585,305.352,[-0.0043,114,P=[-0.0043 -0.0111 -0.0022] V=[0.0014 -0.0171 -0.0006] |Bas|=0.000000 |Bgs|=0.0019548 Bas=[0.000000 0.000000 0.000000] Bgs=[0.0011410 0.0015293 0.0004250] tic0=
147618,305.424,[-0.0042,121,P=[-0.0042 -0.0123 -0.0022] V=[0.0014 -0.0156 0.0010] |Bas|=0.000000 |Bgs|=0.0019548 Bas=[0.000000 0.000000 0.000000] Bgs=[0.0011410 0.0015293 0.0004250] tic0=[
147643,305.532,[-0.0040,120,P=[-0.0040 -0.0142 -0.0020] V=[0.0029 -0.0160 0.0016] |Bas|=0.000000 |Bgs|=0.0019548 Bas=[0.000000 0.000000 0.000000] Bgs=[0.0011410 0.0015293 0.0004250] tic0=[
147672,305.62,[-0.0036,123,P=[-0.0036 -0.0155 -0.0021] V=[0.0035 -0.0153 -0.0021] |Bas|=0.000000 |Bgs|=0.0019548 Bas=[0.000000 0.000000 0.000000] Bgs=[0.0011410 0.0015293 0.0004250] tic0=
147703,305.752,[-0.0031,119,P=[-0.0031 -0.0174 -0.0020] V=[0.0041 -0.0142 0.0005] |Bas|=0.000000 |Bgs|=0.0019548 Bas=[0.000000 0.000000 0.000000] Bgs=[0.0011410 0.0015293 0.0004250] tic0=[
147731,305.884,[-0.0023,125,P=[-0.0023 -0.0188 -0.0025] V=[0.0097 -0.0116 -0.0061] |Bas|=0.000000 |Bgs|=0.0019548 Bas=[0.000000 0.000000 0.000000] Bgs=[0.0011410 0.0015293 0.0004250] tic0=
147755,305.984,[-0.0013,130,P=[-0.0013 -0.0199 -0.0032] V=[0.0126 -0.0079 -0.0075] |Bas|=0.000000 |Bgs|=0.0019548 Bas=[0.000000 0.000000 0.000000] Bgs=[0.0011410 0.0015293 0.0004250] tic0=
147778,306.084,[-0.0001,123,P=[-0.0001 -0.0206 -0.0039] V=[0.0117 -0.0057 -0.0072] |Bas|=0.000000 |Bgs|=0.0019548 Bas=[0.000000 0.000000 0.000000] Bgs=[0.0011410 0.0015293 0.0004250] tic0=
147803,306.228,[0.0015,122,P=[0.0015 -0.0213 -0.0048] V=[0.0127 -0.0040 -0.0068] |Bas|=0.000000 |Bgs|=0.0019548 Bas=[0.000000 0.000000 0.000000] Bgs=[0.0011410 0.0015293 0.0004250] tic0=[
147887,306.352,[0.0030,124,P=[0.0030 -0.0219 -0.0059] V=[0.0133 -0.0042 -0.0110] |Bas|=0.000000 |Bgs|=0.0019548 Bas=[0.000000 0.000000 0.000000] Bgs=[0.0011410 0.0015293 0.0004250] tic0=[
147970,306.452,[0.0046,108,P=[0.0046 -0.0223 -0.0071] V=[0.0177 -0.0032 -0.0119] |Bas|=0.000000 |Bgs|=0.0019548 Bas=[0.000000 0.000000 0.000000] Bgs=[0.0011410 0.0015293 0.0004250] tic0=[
148070,306.552,[0.0065,107,P=[0.0065 -0.0226 -0.0083] V=[0.0203 -0.0022 -0.0105] |Bas|=0.000000 |Bgs|=0.0019548 Bas=[0.000000 0.000000 0.000000] Bgs=[0.0011410 0.0015293 0.0004250] tic0=[
148167,306.652,[0.0087,120,P=[0.0087 -0.0226 -0.0094] V=[0.0236 0.0023 -0.0126] |Bas|=0.000000 |Bgs|=0.0019548 Bas=[0.000000 0.000000 0.000000] Bgs=[0.0011410 0.0015293 0.0004250] tic0=[0
148252,306.784,[0.0123,123,P=[0.0123 -0.0223 -0.0110] V=[0.0324 0.0011 -0.0112] |Bas|=0.000000 |Bgs|=0.0019548 Bas=[0.000000 0.000000 0.000000] Bgs=[0.0011410 0.0015293 0.0004250] tic0=[0
148333,306.884,[0.0158,126,P=[0.0158 -0.0220 -0.0122] V=[0.0384 0.0037 -0.0149] |Bas|=0.000000 |Bgs|=0.0019548 Bas=[0.000000 0.000000 0.000000] Bgs=[0.0011410 0.0015293 0.0004250] tic0=[0
148424,306.988,[0.0201,118,P=[0.0201 -0.0216 -0.0137] V=[0.0445 0.0058 -0.0144] |Bas|=0.000000 |Bgs|=0.0019548 Bas=[0.000000 0.000000 0.000000] Bgs=[0.0011410 0.0015293 0.0004250] tic0=[0
148507,307.116,[0.0262,127,P=[0.0262 -0.0208 -0.0157] V=[0.0501 0.0072 -0.0164] |Bas|=0.000000 |Bgs|=0.0019548 Bas=[0.000000 0.000000 0.000000] Bgs=[0.0011410 0.0015293 0.0004250] tic0=[0
148590,307.216,[0.0314,124,P=[0.0314 -0.0200 -0.0173] V=[0.0522 0.0087 -0.0163] |Bas|=0.000000 |Bgs|=0.0019548 Bas=[0.000000 0.000000 0.000000] Bgs=[0.0011410 0.0015293 0.0004250] tic0=[0
148670,307.324,[0.0374,127,P=[0.0374 -0.0190 -0.0193] V=[0.0568 0.0089 -0.0187] |Bas|=0.000000 |Bgs|=0.0019548 Bas=[0.000000 0.000000 0.000000] Bgs=[0.0011410 0.0015293 0.0004250] tic0=[0
148755,307.436,[0.0442,122,P=[0.0442 -0.0179 -0.0216] V=[0.0653 0.0099 -0.0221] |Bas|=0.000000 |Bgs|=0.0019548 Bas=[0.000000 0.000000 0.000000] Bgs=[0.0011410 0.0015293 0.0004250] tic0=[0
148837,307.552,[0.0523,116,P=[0.0523 -0.0166 -0.0242] V=[0.0737 0.0114 -0.0211] |Bas|=0.000000 |Bgs|=0.0019548 Bas=[0.000000 0.000000 0.000000] Bgs=[0.0011410 0.0015293 0.0004250] tic0=[0
148922,307.652,[0.0597,116,P=[0.0597 -0.0153 -0.0264] V=[0.0774 0.0159 -0.0220] |Bas|=0.000000 |Bgs|=0.0019548 Bas=[0.000000 0.000000 0.000000] Bgs=[0.0011410 0.0015293 0.0004250] tic0=[0
149027,307.752,[0.0678,101,P=[0.0678 -0.0136 -0.0285] V=[0.0854 0.0197 -0.0212] |Bas|=0.000000 |Bgs|=0.0019548 Bas=[0.000000 0.000000 0.000000] Bgs=[0.0011410 0.0015293 0.0004250] tic0=[0
149131,307.884,[0.0795,115,P=[0.0795 -0.0106 -0.0316] V=[0.0942 0.0230 -0.0265] |Bas|=0.000000 |Bgs|=0.0019548 Bas=[0.000000 0.000000 0.000000] Bgs=[0.0011410 0.0015293 0.0004250] tic0=[0
149227,307.984,[0.0893,127,P=[0.0893 -0.0083 -0.0343] V=[0.1026 0.0233 -0.0277] |Bas|=0.000000 |Bgs|=0.0019548 Bas=[0.000000 0.000000 0.000000] Bgs=[0.0011410 0.0015293 0.0004250] tic0=[0
149312,308.084,[0.1000,125,P=[0.1000 -0.0057 -0.0372] V=[0.1108 0.0268 -0.0303] |Bas|=0.000000 |Bgs|=0.0019548 Bas=[0.000000 0.000000 0.000000] Bgs=[0.0011410 0.0015293 0.0004250] tic0=[0
149396,308.184,[0.1114,125,P=[0.1114 -0.0026 -0.0402] V=[0.1179 0.0343 -0.0297] |Bas|=0.000000 |Bgs|=0.0019548 Bas=[0.000000 0.000000 0.000000] Bgs=[0.0011410 0.0015293 0.0004250] tic0=[0
149474,308.288,[0.1240,118,P=[0.1240 0.0010 -0.0432] V=[0.1246 0.0351 -0.0305] |Bas|=0.000000 |Bgs|=0.0019548 Bas=[0.000000 0.000000 0.000000] Bgs=[0.0011410 0.0015293 0.0004250] tic0=[0.
149574,308.416,[0.1407,106,P=[0.1407 0.0056 -0.0473] V=[0.1360 0.0358 -0.0304] |Bas|=0.000000 |Bgs|=0.0019548 Bas=[0.000000 0.000000 0.000000] Bgs=[0.0011410 0.0015293 0.0004250] tic0=[0.
149677,308.516,[0.1546,124,P=[0.1546 0.0092 -0.0502] V=[0.1434 0.0356 -0.0286] |Bas|=0.000000 |Bgs|=0.0019548 Bas=[0.000000 0.000000 0.000000] Bgs=[0.0011410 0.0015293 0.0004250] tic0=[0.
149762,308.62,[0.1698,116,P=[0.1698 0.0130 -0.0532] V=[0.1484 0.0373 -0.0294] |Bas|=0.000000 |Bgs|=0.0019548 Bas=[0.000000 0.000000 0.000000] Bgs=[0.0011410 0.0015293 0.0004250] tic0=[0.
149849,308.744,[0.1887,123,P=[0.1887 0.0178 -0.0570] V=[0.1576 0.0402 -0.0291] |Bas|=0.000000 |Bgs|=0.0019548 Bas=[0.000000 0.000000 0.000000] Bgs=[0.0011410 0.0015293 0.0004250] tic0=[0.
150232,310.052,[-0.0015,128,P=[-0.0015 -0.0038 -0.0001] V=[-0.0079 -0.0370 -0.0006] |Bas|=0.000000 |Bgs|=0.0034546 Bas=[0.000000 0.000000 0.000000] Bgs=[0.0010465 -0.0023714 -0.0022837] ti
150256,310.188,[-0.0026,100,P=[-0.0026 -0.0092 0.0000] V=[-0.0091 -0.0417 0.0020] |Bas|=0.000000 |Bgs|=0.0034546 Bas=[0.000000 0.000000 0.000000] Bgs=[0.0010465 -0.0023714 -0.0022837] tic0
150297,310.284,[-0.0036,96,P=[-0.0036 -0.0133 0.0003] V=[-0.0119 -0.0450 0.0016] |Bas|=0.000000 |Bgs|=0.0034546 Bas=[0.000000 0.000000 0.000000] Bgs=[0.0010465 -0.0023714 -0.0022837] tic0
150405,310.384,[-0.0048,111,P=[-0.0048 -0.0180 0.0004] V=[-0.0133 -0.0488 0.0005] |Bas|=0.000000 |Bgs|=0.0034546 Bas=[0.000000 0.000000 0.000000] Bgs=[0.0010465 -0.0023714 -0.0022837] tic0
150500,310.524,[-0.0069,109,P=[-0.0069 -0.0251 0.0004] V=[-0.0147 -0.0527 -0.0006] |Bas|=0.000000 |Bgs|=0.0034546 Bas=[0.000000 0.000000 0.000000] Bgs=[0.0010465 -0.0023714 -0.0022837] tic
150607,310.62,[-0.0085,107,P=[-0.0085 -0.0301 0.0005] V=[-0.0168 -0.0539 0.0007] |Bas|=0.000000 |Bgs|=0.0034546 Bas=[0.000000 0.000000 0.000000] Bgs=[0.0010465 -0.0023714 -0.0022837] tic0
150695,310.752,[-0.0107,115,P=[-0.0107 -0.0372 0.0005] V=[-0.0165 -0.0535 -0.0004] |Bas|=0.000000 |Bgs|=0.0034546 Bas=[0.000000 0.000000 0.000000] Bgs=[0.0010465 -0.0023714 -0.0022837] tic
150791,310.852,[-0.0125,120,P=[-0.0125 -0.0426 0.0004] V=[-0.0192 -0.0539 -0.0026] |Bas|=0.000000 |Bgs|=0.0034546 Bas=[0.000000 0.000000 0.000000] Bgs=[0.0010465 -0.0023714 -0.0022837] tic
151191,312.116,[0.0051,123,P=[0.0051 0.0001 -0.0012] V=[0.0410 0.0030 -0.0091] |Bas|=0.000000 |Bgs|=0.0004807 Bas=[0.000000 0.000000 0.000000] Bgs=[0.0001577 0.0003093 -0.0003325] tic0=[0
151217,312.224,[0.0099,106,P=[0.0099 0.0004 -0.0022] V=[0.0470 0.0002 -0.0107] |Bas|=0.000000 |Bgs|=0.0004807 Bas=[0.000000 0.000000 0.000000] Bgs=[0.0001577 0.0003093 -0.0003325] tic0=[0
151252,312.336,[0.0156,99,P=[0.0156 0.0004 -0.0034] V=[0.0548 0.0017 -0.0113] |Bas|=0.000000 |Bgs|=0.0004807 Bas=[0.000000 0.000000 0.000000] Bgs=[0.0001577 0.0003093 -0.0003325] tic0=[0
151356,312.452,[0.0221,119,P=[0.0221 0.0010 -0.0050] V=[0.0595 0.0076 -0.0177] |Bas|=0.000000 |Bgs|=0.0004807 Bas=[0.000000 0.000000 0.000000] Bgs=[0.0001577 0.0003093 -0.0003325] tic0=[0
151441,312.532,[0.0271,107,P=[0.0271 0.0016 -0.0065] V=[0.0658 0.0071 -0.0178] |Bas|=0.000000 |Bgs|=0.0004807 Bas=[0.000000 0.000000 0.000000] Bgs=[0.0001577 0.0003093 -0.0003325] tic0=[0
151539,312.652,[0.0356,126,P=[0.0356 0.0025 -0.0084] V=[0.0735 0.0102 -0.0147] |Bas|=0.000000 |Bgs|=0.0004807 Bas=[0.000000 0.000000 0.000000] Bgs=[0.0001577 0.0003093 -0.0003325] tic0=[0
151626,312.784,[0.0454,124,P=[0.0454 0.0040 -0.0105] V=[0.0779 0.0112 -0.0174] |Bas|=0.000000 |Bgs|=0.0004807 Bas=[0.000000 0.000000 0.000000] Bgs=[0.0001577 0.0003093 -0.0003325] tic0=[0
151707,312.916,[0.0563,117,P=[0.0563 0.0052 -0.0128] V=[0.0851 0.0085 -0.0157] |Bas|=0.000000 |Bgs|=0.0004807 Bas=[0.000000 0.000000 0.000000] Bgs=[0.0001577 0.0003093 -0.0003325] tic0=[0
152115,314.216,[-0.0026,123,P=[-0.0026 0.0008 0.0007] V=[-0.0214 0.0044 0.0056] |Bas|=0.000000 |Bgs|=0.0030053 Bas=[0.000000 0.000000 0.000000] Bgs=[0.0030051 0.0000357 0.0000019] tic0=[0.
152143,314.332,[-0.0055,113,P=[-0.0055 0.0013 0.0012] V=[-0.0265 0.0046 0.0028] |Bas|=0.000000 |Bgs|=0.0030053 Bas=[0.000000 0.000000 0.000000] Bgs=[0.0030051 0.0000357 0.0000019] tic0=[0.
152176,314.452,[-0.0088,129,P=[-0.0088 0.0022 0.0014] V=[-0.0294 0.0077 0.0019] |Bas|=0.000000 |Bgs|=0.0030053 Bas=[0.000000 0.000000 0.000000] Bgs=[0.0030051 0.0000357 0.0000019] tic0=[0.
152197,314.556,[-0.0118,127,P=[-0.0118 0.0028 0.0018] V=[-0.0299 0.0062 0.0045] |Bas|=0.000000 |Bgs|=0.0030053 Bas=[0.000000 0.000000 0.000000] Bgs=[0.0030051 0.0000357 0.0000019] tic0=[0.
152224,314.652,[-0.0148,122,P=[-0.0148 0.0035 0.0022] V=[-0.0322 0.0083 0.0052] |Bas|=0.000000 |Bgs|=0.0030053 Bas=[0.000000 0.000000 0.000000] Bgs=[0.0030051 0.0000357 0.0000019] tic0=[0.
152251,314.784,[-0.0195,124,P=[-0.0195 0.0048 0.0028] V=[-0.0403 0.0117 0.0020] |Bas|=0.000000 |Bgs|=0.0030053 Bas=[0.000000 0.000000 0.000000] Bgs=[0.0030051 0.0000357 0.0000019] tic0=[0.
152275,314.932,[-0.0257,108,P=[-0.0257 0.0067 0.0032] V=[-0.0439 0.0152 0.0030] |Bas|=0.000000 |Bgs|=0.0030053 Bas=[0.000000 0.000000 0.000000] Bgs=[0.0030051 0.0000357 0.0000019] tic0=[0.
152311,315.052,[-0.0309,115,P=[-0.0309 0.0087 0.0033] V=[-0.0430 0.0174 -0.0002] |Bas|=0.000000 |Bgs|=0.0030053 Bas=[0.000000 0.000000 0.000000] Bgs=[0.0030051 0.0000357 0.0000019] tic0=[0
152398,315.156,[-0.0351,119,P=[-0.0351 0.0106 0.0032] V=[-0.0400 0.0190 -0.0009] |Bas|=0.000000 |Bgs|=0.0030053 Bas=[0.000000 0.000000 0.000000] Bgs=[0.0030051 0.0000357 0.0000019] tic0=[0
152483,315.252,[-0.0390,110,P=[-0.0390 0.0126 0.0030] V=[-0.0417 0.0227 -0.0021] |Bas|=0.000000 |Bgs|=0.0030053 Bas=[0.000000 0.000000 0.000000] Bgs=[0.0030051 0.0000357 0.0000019] tic0=[0
152585,315.384,[-0.0448,116,P=[-0.0448 0.0159 0.0024] V=[-0.0449 0.0283 -0.0045] |Bas|=0.000000 |Bgs|=0.0030053 Bas=[0.000000 0.000000 0.000000] Bgs=[0.0030051 0.0000357 0.0000019] tic0=[0
152677,315.516,[-0.0507,114,P=[-0.0507 0.0196 0.0016] V=[-0.0460 0.0268 -0.0078] |Bas|=0.000000 |Bgs|=0.0030053 Bas=[0.000000 0.000000 0.000000] Bgs=[0.0030051 0.0000357 0.0000019] tic0=[0
152770,315.616,[-0.0556,120,P=[-0.0556 0.0227 0.0010] V=[-0.0511 0.0348 -0.0069] |Bas|=0.000000 |Bgs|=0.0030053 Bas=[0.000000 0.000000 0.000000] Bgs=[0.0030051 0.0000357 0.0000019] tic0=[0
152864,315.716,[-0.0609,121,P=[-0.0609 0.0263 0.0003] V=[-0.0539 0.0378 -0.0060] |Bas|=0.000000 |Bgs|=0.0030053 Bas=[0.000000 0.000000 0.000000] Bgs=[0.0030051 0.0000357 0.0000019] tic0=[0
152955,315.816,[-0.0663,122,P=[-0.0663 0.0300 -0.0002] V=[-0.0554 0.0384 -0.0050] |Bas|=0.000000 |Bgs|=0.0030053 Bas=[0.000000 0.000000 0.000000] Bgs=[0.0030051 0.0000357 0.0000019] tic0=[
153038,315.916,[-0.0721,115,P=[-0.0721 0.0344 -0.0007] V=[-0.0593 0.0486 -0.0034] |Bas|=0.000000 |Bgs|=0.0030053 Bas=[0.000000 0.000000 0.000000] Bgs=[0.0030051 0.0000357 0.0000019] tic0=[
153128,316.016,[-0.0781,120,P=[-0.0781 0.0394 -0.0009] V=[-0.0610 0.0523 -0.0024] |Bas|=0.000000 |Bgs|=0.0030053 Bas=[0.000000 0.000000 0.000000] Bgs=[0.0030051 0.0000357 0.0000019] tic0=[
153214,316.116,[-0.0842,126,P=[-0.0842 0.0448 -0.0012] V=[-0.0608 0.0557 -0.0032] |Bas|=0.000000 |Bgs|=0.0030053 Bas=[0.000000 0.000000 0.000000] Bgs=[0.0030051 0.0000357 0.0000019] tic0=[
153613,317.484,[-0.0037,125,P=[-0.0037 0.0005 -0.0003] V=[-0.0312 0.0030 0.0009] |Bas|=0.000000 |Bgs|=0.0008052 Bas=[0.000000 0.000000 0.000000] Bgs=[0.0002957 -0.0005371 -0.0005221] tic0=
153636,317.592,[-0.0073,116,P=[-0.0073 0.0009 -0.0003] V=[-0.0352 0.0035 -0.0004] |Bas|=0.000000 |Bgs|=0.0008052 Bas=[0.000000 0.000000 0.000000] Bgs=[0.0002957 -0.0005371 -0.0005221] tic0
153666,317.72,[-0.0123,120,P=[-0.0123 0.0013 -0.0003] V=[-0.0421 0.0041 -0.0007] |Bas|=0.000000 |Bgs|=0.0008052 Bas=[0.000000 0.000000 0.000000] Bgs=[0.0002957 -0.0005371 -0.0005221] tic0
153703,317.852,[-0.0182,120,P=[-0.0182 0.0017 -0.0006] V=[-0.0473 0.0028 -0.0035] |Bas|=0.000000 |Bgs|=0.0008052 Bas=[0.000000 0.000000 0.000000] Bgs=[0.0002957 -0.0005371 -0.0005221] tic0
153728,317.952,[-0.0230,125,P=[-0.0230 0.0018 -0.0009] V=[-0.0499 0.0010 -0.0019] |Bas|=0.000000 |Bgs|=0.0008052 Bas=[0.000000 0.000000 0.000000] Bgs=[0.0002957 -0.0005371 -0.0005221] tic0
153752,318.084,[-0.0301,128,P=[-0.0301 0.0022 -0.0014] V=[-0.0558 0.0036 -0.0073] |Bas|=0.000000 |Bgs|=0.0008052 Bas=[0.000000 0.000000 0.000000] Bgs=[0.0002957 -0.0005371 -0.0005221] tic0
153776,318.184,[-0.0358,128,P=[-0.0358 0.0026 -0.0022] V=[-0.0582 0.0050 -0.0082] |Bas|=0.000000 |Bgs|=0.0008052 Bas=[0.000000 0.000000 0.000000] Bgs=[0.0002957 -0.0005371 -0.0005221] tic0
153800,318.284,[-0.0418,118,P=[-0.0418 0.0032 -0.0030] V=[-0.0623 0.0064 -0.0072] |Bas|=0.000000 |Bgs|=0.0008052 Bas=[0.000000 0.000000 0.000000] Bgs=[0.0002957 -0.0005371 -0.0005221] tic0
153835,318.384,[-0.0481,126,P=[-0.0481 0.0039 -0.0037] V=[-0.0636 0.0080 -0.0080] |Bas|=0.000000 |Bgs|=0.0008052 Bas=[0.000000 0.000000 0.000000] Bgs=[0.0002957 -0.0005371 -0.0005221] tic0
153857,318.484,[-0.0545,123,P=[-0.0545 0.0048 -0.0043] V=[-0.0651 0.0102 -0.0057] |Bas|=0.000000 |Bgs|=0.0008052 Bas=[0.000000 0.000000 0.000000] Bgs=[0.0002957 -0.0005371 -0.0005221] tic0
153879,318.616,[-0.0635,118,P=[-0.0635 0.0062 -0.0052] V=[-0.0706 0.0110 -0.0079] |Bas|=0.000000 |Bgs|=0.0008052 Bas=[0.000000 0.000000 0.000000] Bgs=[0.0002957 -0.0005371 -0.0005221] tic0
153913,318.72,[-0.0713,120,P=[-0.0713 0.0074 -0.0061] V=[-0.0780 0.0118 -0.0100] |Bas|=0.000000 |Bgs|=0.0008052 Bas=[0.000000 0.000000 0.000000] Bgs=[0.0002957 -0.0005371 -0.0005221] tic0
153999,318.852,[-0.0817,119,P=[-0.0817 0.0089 -0.0072] V=[-0.0806 0.0115 -0.0075] |Bas|=0.000000 |Bgs|=0.0008052 Bas=[0.000000 0.000000 0.000000] Bgs=[0.0002957 -0.0005371 -0.0005221] tic0
154086,318.984,[-0.0924,126,P=[-0.0924 0.0104 -0.0084] V=[-0.0804 0.0113 -0.0090] |Bas|=0.000000 |Bgs|=0.0008052 Bas=[0.000000 0.000000 0.000000] Bgs=[0.0002957 -0.0005371 -0.0005221] tic0
154178,319.084,[-0.1006,106,P=[-0.1006 0.0115 -0.0093] V=[-0.0826 0.0106 -0.0084] |Bas|=0.000000 |Bgs|=0.0008052 Bas=[0.000000 0.000000 0.000000] Bgs=[0.0002957 -0.0005371 -0.0005221] tic0
154279,319.22,[-0.1122,119,P=[-0.1122 0.0131 -0.0104] V=[-0.0873 0.0118 -0.0067] |Bas|=0.000000 |Bgs|=0.0008052 Bas=[0.000000 0.000000 0.000000] Bgs=[0.0002957 -0.0005371 -0.0005221] tic0
154368,319.324,[-0.1214,109,P=[-0.1214 0.0144 -0.0111] V=[-0.0901 0.0118 -0.0078] |Bas|=0.000000 |Bgs|=0.0008052 Bas=[0.000000 0.000000 0.000000] Bgs=[0.0002957 -0.0005371 -0.0005221] tic0
154755,320.652,[-0.0055,128,P=[-0.0055 -0.0033 -0.0002] V=[-0.0584 -0.0347 -0.0029] |Bas|=0.000000 |Bgs|=0.0014588 Bas=[0.000000 0.000000 0.000000] Bgs=[-0.0007888 0.0007650 0.0009595] tic
154779,320.784,[-0.0138,85,P=[-0.0138 -0.0080 -0.0003] V=[-0.0686 -0.0389 0.0001] |Bas|=0.000000 |Bgs|=0.0014588 Bas=[0.000000 0.000000 0.000000] Bgs=[-0.0007888 0.0007650 0.0009595] tic0
154891,320.916,[-0.0235,128,P=[-0.0235 -0.0134 -0.0002] V=[-0.0784 -0.0433 -0.0002] |Bas|=0.000000 |Bgs|=0.0014588 Bas=[0.000000 0.000000 0.000000] Bgs=[-0.0007888 0.0007650 0.0009595] tic
154972,320.988,[-0.0294,118,P=[-0.0294 -0.0167 -0.0002] V=[-0.0853 -0.0466 0.0010] |Bas|=0.000000 |Bgs|=0.0014588 Bas=[0.000000 0.000000 0.000000] Bgs=[-0.0007888 0.0007650 0.0009595] tic0
155063,321.116,[-0.0405,124,P=[-0.0405 -0.0230 -0.0003] V=[-0.0902 -0.0502 -0.0014] |Bas|=0.000000 |Bgs|=0.0014588 Bas=[0.000000 0.000000 0.000000] Bgs=[-0.0007888 0.0007650 0.0009595] tic
155154,321.22,[-0.0500,125,P=[-0.0500 -0.0284 -0.0004] V=[-0.0927 -0.0530 -0.0020] |Bas|=0.000000 |Bgs|=0.0014588 Bas=[0.000000 0.000000 0.000000] Bgs=[-0.0007888 0.0007650 0.0009595] tic
155235,321.332,[-0.0606,124,P=[-0.0606 -0.0346 -0.0004] V=[-0.0946 -0.0583 -0.0002] |Bas|=0.000000 |Bgs|=0.0014588 Bas=[0.000000 0.000000 0.000000] Bgs=[-0.0007888 0.0007650 0.0009595] tic
155319,321.42,[-0.0693,117,P=[-0.0693 -0.0398 -0.0004] V=[-0.1005 -0.0604 -0.0000] |Bas|=0.000000 |Bgs|=0.0014588 Bas=[0.000000 0.000000 0.000000] Bgs=[-0.0007888 0.0007650 0.0009595] tic
155412,321.552,[-0.0825,120,P=[-0.0825 -0.0479 -0.0004] V=[-0.1010 -0.0605 0.0011] |Bas|=0.000000 |Bgs|=0.0014588 Bas=[0.000000 0.000000 0.000000] Bgs=[-0.0007888 0.0007650 0.0009595] tic0
155506,321.684,[-0.0962,105,P=[-0.0962 -0.0561 -0.0002] V=[-0.1066 -0.0619 0.0017] |Bas|=0.000000 |Bgs|=0.0014588 Bas=[0.000000 0.000000 0.000000] Bgs=[-0.0007888 0.0007650 0.0009595] tic0
155604,321.816,[-0.1106,119,P=[-0.1106 -0.0643 -0.0001] V=[-0.1117 -0.0622 -0.0013] |Bas|=0.000000 |Bgs|=0.0014588 Bas=[0.000000 0.000000 0.000000] Bgs=[-0.0007888 0.0007650 0.0009595] tic
155702,321.916,[-0.1221,115,P=[-0.1221 -0.0707 -0.0005] V=[-0.1182 -0.0655 -0.0054] |Bas|=0.000000 |Bgs|=0.0014588 Bas=[0.000000 0.000000 0.000000] Bgs=[-0.0007888 0.0007650 0.0009595] tic
155796,322.016,[-0.1342,117,P=[-0.1342 -0.0774 -0.0011] V=[-0.1228 -0.0685 -0.0048] |Bas|=0.000000 |Bgs|=0.0014588 Bas=[0.000000 0.000000 0.000000] Bgs=[-0.0007888 0.0007650 0.0009595] tic
155882,322.116,[-0.1467,117,P=[-0.1467 -0.0845 -0.0016] V=[-0.1279 -0.0722 -0.0062] |Bas|=0.000000 |Bgs|=0.0014588 Bas=[0.000000 0.000000 0.000000] Bgs=[-0.0007888 0.0007650 0.0009595] tic
155966,322.216,[-0.1598,124,P=[-0.1598 -0.0917 -0.0022] V=[-0.1321 -0.0728 -0.0071] |Bas|=0.000000 |Bgs|=0.0014588 Bas=[0.000000 0.000000 0.000000] Bgs=[-0.0007888 0.0007650 0.0009595] tic
156061,322.316,[-0.1731,100,P=[-0.1731 -0.0992 -0.0030] V=[-0.1352 -0.0758 -0.0070] |Bas|=0.000000 |Bgs|=0.0014588 Bas=[0.000000 0.000000 0.000000] Bgs=[-0.0007888 0.0007650 0.0009595] tic
156174,322.416,[-0.1871,119,P=[-0.1871 -0.1068 -0.0036] V=[-0.1447 -0.0767 -0.0058] |Bas|=0.000000 |Bgs|=0.0014588 Bas=[0.000000 0.000000 0.000000] Bgs=[-0.0007888 0.0007650 0.0009595] tic
156261,322.516,[-0.2017,124,P=[-0.2017 -0.1146 -0.0043] V=[-0.1483 -0.0795 -0.0069] |Bas|=0.000000 |Bgs|=0.0014588 Bas=[0.000000 0.000000 0.000000] Bgs=[-0.0007888 0.0007650 0.0009595] tic
156656,323.888,[-0.0026,123,P=[-0.0026 -0.0055 -0.0012] V=[-0.0318 -0.0671 -0.0084] |Bas|=0.000000 |Bgs|=0.0015206 Bas=[0.000000 0.000000 0.000000] Bgs=[-0.0005017 -0.0010184 -0.0010117] t
156687,324.016,[-0.0067,101,P=[-0.0067 -0.0144 -0.0025] V=[-0.0329 -0.0728 -0.0121] |Bas|=0.000000 |Bgs|=0.0015206 Bas=[0.000000 0.000000 0.000000] Bgs=[-0.0005017 -0.0010184 -0.0010117] t
156730,324.116,[-0.0103,98,P=[-0.0103 -0.0220 -0.0038] V=[-0.0360 -0.0781 -0.0146] |Bas|=0.000000 |Bgs|=0.0015206 Bas=[0.000000 0.000000 0.000000] Bgs=[-0.0005017 -0.0010184 -0.0010117] t
156832,324.216,[-0.0138,89,P=[-0.0138 -0.0302 -0.0054] V=[-0.0366 -0.0855 -0.0178] |Bas|=0.000000 |Bgs|=0.0015206 Bas=[0.000000 0.000000 0.000000] Bgs=[-0.0005017 -0.0010184 -0.0010117] t
156963,324.316,[-0.0178,116,P=[-0.0178 -0.0390 -0.0071] V=[-0.0433 -0.0924 -0.0159] |Bas|=0.000000 |Bgs|=0.0015206 Bas=[0.000000 0.000000 0.000000] Bgs=[-0.0005017 -0.0010184 -0.0010117] t
157049,324.416,[-0.0224,113,P=[-0.0224 -0.0484 -0.0089] V=[-0.0483 -0.0971 -0.0203] |Bas|=0.000000 |Bgs|=0.0015206 Bas=[0.000000 0.000000 0.000000] Bgs=[-0.0005017 -0.0010184 -0.0010117] t
157152,324.54,[-0.0283,124,P=[-0.0283 -0.0609 -0.0116] V=[-0.0485 -0.1056 -0.0239] |Bas|=0.000000 |Bgs|=0.0015206 Bas=[0.000000 0.000000 0.000000] Bgs=[-0.0005017 -0.0010184 -0.0010117] t
157230,324.652,[-0.0339,119,P=[-0.0339 -0.0731 -0.0143] V=[-0.0508 -0.1116 -0.0259] |Bas|=0.000000 |Bgs|=0.0015206 Bas=[0.000000 0.000000 0.000000] Bgs=[-0.0005017 -0.0010184 -0.0010117] t
157620,325.984,[0.1183,119,P=[0.1183 0.0402 -0.0901] V=[0.9064 0.3041 -0.6840] |Bas|=0.000000 |Bgs|=0.2638855 Bas=[0.000000 0.000000 0.000000] Bgs=[-0.0872130 0.1747544 0.1774552] tic0=[0
157656,326.084,[0.2102,26,P=[0.2102 0.0702 -0.1587] V=[0.9352 0.2956 -0.6871] |Bas|=0.000000 |Bgs|=0.2638855 Bas=[0.000000 0.000000 0.000000] Bgs=[-0.0872130 0.1747544 0.1774552] tic0=[0
157836,326.228,[0.3496,122,P=[0.3496 0.1109 -0.2581] V=[1.0089 0.2668 -0.6932] |Bas|=0.000000 |Bgs|=0.2638855 Bas=[0.000000 0.000000 0.000000] Bgs=[-0.0872130 0.1747544 0.1774552] tic0=[0
157949,326.352,[0.4804,119,P=[0.4804 0.1420 -0.3443] V=[1.1049 0.2311 -0.6972] |Bas|=0.000000 |Bgs|=0.2638855 Bas=[0.000000 0.000000 0.000000] Bgs=[-0.0872130 0.1747544 0.1774552] tic0=[0
158062,326.484,[0.6347,112,P=[0.6347 0.1692 -0.4369] V=[1.2371 0.1779 -0.7080] |Bas|=0.000000 |Bgs|=0.2638855 Bas=[0.000000 0.000000 0.000000] Bgs=[-0.0872130 0.1747544 0.1774552] tic0=[0
158194,326.628,[0.8254,30,P=[0.8254 0.1902 -0.5400] V=[1.4170 0.1099 -0.7242] |Bas|=0.000000 |Bgs|=0.2638855 Bas=[0.000000 0.000000 0.000000] Bgs=[-0.0872130 0.1747544 0.1774552] tic0=[0
158380,326.752,[1.0120,127,P=[1.0120 0.1998 -0.6307] V=[1.5962 0.0438 -0.7407] |Bas|=0.000000 |Bgs|=0.2638855 Bas=[0.000000 0.000000 0.000000] Bgs=[-0.0872130 0.1747544 0.1774552] tic0=[0
158778,328.052,[-0.0005,126,P=[-0.0005 -0.0003 -0.0004] V=[-0.0039 -0.0020 -0.0063] |Bas|=0.000000 |Bgs|=0.0008730 Bas=[0.000000 0.000000 0.000000] Bgs=[0.0006615 0.0005055 -0.0002630] tic
158804,328.152,[-0.0008,110,P=[-0.0008 -0.0007 -0.0010] V=[-0.0037 -0.0038 -0.0076] |Bas|=0.000000 |Bgs|=0.0008730 Bas=[0.000000 0.000000 0.000000] Bgs=[0.0006615 0.0005055 -0.0002630] tic
158842,328.284,[-0.0017,120,P=[-0.0017 -0.0011 -0.0021] V=[-0.0082 -0.0028 -0.0100] |Bas|=0.000000 |Bgs|=0.0008730 Bas=[0.000000 0.000000 0.000000] Bgs=[0.0006615 0.0005055 -0.0002630] tic
158867,328.42,[-0.0030,125,P=[-0.0030 -0.0015 -0.0037] V=[-0.0113 -0.0016 -0.0110] |Bas|=0.000000 |Bgs|=0.0008730 Bas=[0.000000 0.000000 0.000000] Bgs=[0.0006615 0.0005055 -0.0002630] tic
158893,328.552,[-0.0048,123,P=[-0.0048 -0.0017 -0.0053] V=[-0.0158 -0.0003 -0.0133] |Bas|=0.000000 |Bgs|=0.0008730 Bas=[0.000000 0.000000 0.000000] Bgs=[0.0006615 0.0005055 -0.0002630] tic
158918,328.684,[-0.0067,125,P=[-0.0067 -0.0018 -0.0072] V=[-0.0138 -0.0010 -0.0161] |Bas|=0.000000 |Bgs|=0.0008730 Bas=[0.000000 0.000000 0.000000] Bgs=[0.0006615 0.0005055 -0.0002630] tic
158944,328.784,[-0.0081,122,P=[-0.0081 -0.0019 -0.0087] V=[-0.0138 -0.0012 -0.0136] |Bas|=0.000000 |Bgs|=0.0008730 Bas=[0.000000 0.000000 0.000000] Bgs=[0.0006615 0.0005055 -0.0002630] tic
158976,328.884,[-0.0096,120,P=[-0.0096 -0.0020 -0.0099] V=[-0.0165 -0.0004 -0.0113] |Bas|=0.000000 |Bgs|=0.0008730 Bas=[0.000000 0.000000 0.000000] Bgs=[0.0006615 0.0005055 -0.0002630] tic
159006,329.024,[-0.0120,120,P=[-0.0120 -0.0021 -0.0113] V=[-0.0180 -0.0005 -0.0106] |Bas|=0.000000 |Bgs|=0.0008730 Bas=[0.000000 0.000000 0.000000] Bgs=[0.0006615 0.0005055 -0.0002630] tic
159033,329.132,[-0.0139,124,P=[-0.0139 -0.0022 -0.0126] V=[-0.0167 -0.0016 -0.0120] |Bas|=0.000000 |Bgs|=0.0008730 Bas=[0.000000 0.000000 0.000000] Bgs=[0.0006615 0.0005055 -0.0002630] tic
159055,329.22,[-0.0154,124,P=[-0.0154 -0.0023 -0.0137] V=[-0.0190 -0.0007 -0.0133] |Bas|=0.000000 |Bgs|=0.0008730 Bas=[0.000000 0.000000 0.000000] Bgs=[0.0006615 0.0005055 -0.0002630] tic
159080,329.332,[-0.0178,126,P=[-0.0178 -0.0027 -0.0151] V=[-0.0237 -0.0056 -0.0124] |Bas|=0.000000 |Bgs|=0.0008730 Bas=[0.000000 0.000000 0.000000] Bgs=[0.0006615 0.0005055 -0.0002630] tic
159108,329.42,[-0.0199,125,P=[-0.0199 -0.0031 -0.0160] V=[-0.0257 -0.0042 -0.0108] |Bas|=0.000000 |Bgs|=0.0008730 Bas=[0.000000 0.000000 0.000000] Bgs=[0.0006615 0.0005055 -0.0002630] tic
159133,329.528,[-0.0228,116,P=[-0.0228 -0.0034 -0.0175] V=[-0.0271 -0.0049 -0.0161] |Bas|=0.000000 |Bgs|=0.0008730 Bas=[0.000000 0.000000 0.000000] Bgs=[0.0006615 0.0005055 -0.0002630] tic
159166,329.632,[-0.0257,127,P=[-0.0257 -0.0041 -0.0191] V=[-0.0302 -0.0072 -0.0144] |Bas|=0.000000 |Bgs|=0.0008730 Bas=[0.000000 0.000000 0.000000] Bgs=[0.0006615 0.0005055 -0.0002630] tic
159185,329.752,[-0.0296,127,P=[-0.0296 -0.0050 -0.0209] V=[-0.0347 -0.0083 -0.0149] |Bas|=0.000000 |Bgs|=0.0008730 Bas=[0.000000 0.000000 0.000000] Bgs=[0.0006615 0.0005055 -0.0002630] tic
159209,329.836,[-0.0326,125,P=[-0.0326 -0.0056 -0.0221] V=[-0.0371 -0.0058 -0.0137] |Bas|=0.000000 |Bgs|=0.0008730 Bas=[0.000000 0.000000 0.000000] Bgs=[0.0006615 0.0005055 -0.0002630] tic
159292,329.956,[-0.0375,122,P=[-0.0375 -0.0062 -0.0233] V=[-0.0445 -0.0069 -0.0085] |Bas|=0.000000 |Bgs|=0.0008730 Bas=[0.000000 0.000000 0.000000] Bgs=[0.0006615 0.0005055 -0.0002630] tic
159375,330.052,[-0.0417,117,P=[-0.0417 -0.0069 -0.0242] V=[-0.0443 -0.0075 -0.0084] |Bas|=0.000000 |Bgs|=0.0008730 Bas=[0.000000 0.000000 0.000000] Bgs=[0.0006615 0.0005055 -0.0002630] tic
159474,330.152,[-0.0463,116,P=[-0.0463 -0.0078 -0.0250] V=[-0.0474 -0.0089 -0.0086] |Bas|=0.000000 |Bgs|=0.0008730 Bas=[0.000000 0.000000 0.000000] Bgs=[0.0006615 0.0005055 -0.0002630] tic
159564,330.252,[-0.0513,121,P=[-0.0513 -0.0086 -0.0258] V=[-0.0518 -0.0079 -0.0082] |Bas|=0.000000 |Bgs|=0.0008730 Bas=[0.000000 0.000000 0.000000] Bgs=[0.0006615 0.0005055 -0.0002630] tic
159653,330.352,[-0.0565,118,P=[-0.0565 -0.0094 -0.0267] V=[-0.0510 -0.0083 -0.0078] |Bas|=0.000000 |Bgs|=0.0008730 Bas=[0.000000 0.000000 0.000000] Bgs=[0.0006615 0.0005055 -0.0002630] tic
159746,330.424,[-0.0602,117,P=[-0.0602 -0.0100 -0.0273] V=[-0.0502 -0.0100 -0.0082] |Bas|=0.000000 |Bgs|=0.0008730 Bas=[0.000000 0.000000 0.000000] Bgs=[0.0006615 0.0005055 -0.0002630] tic
159828,330.52,[-0.0649,124,P=[-0.0649 -0.0110 -0.0281] V=[-0.0495 -0.0086 -0.0089] |Bas|=0.000000 |Bgs|=0.0008730 Bas=[0.000000 0.000000 0.000000] Bgs=[0.0006615 0.0005055 -0.0002630] tic
159909,330.616,[-0.0697,120,P=[-0.0697 -0.0118 -0.0290] V=[-0.0498 -0.0083 -0.0103] |Bas|=0.000000 |Bgs|=0.0008730 Bas=[0.000000 0.000000 0.000000] Bgs=[0.0006615 0.0005055 -0.0002630] tic
159994,330.716,[-0.0746,132,P=[-0.0746 -0.0124 -0.0301] V=[-0.0471 -0.0049 -0.0115] |Bas|=0.000000 |Bgs|=0.0008730 Bas=[0.000000 0.000000 0.000000] Bgs=[0.0006615 0.0005055 -0.0002630] tic
160077,330.816,[-0.0794,125,P=[-0.0794 -0.0128 -0.0313] V=[-0.0475 -0.0039 -0.0107] |Bas|=0.000000 |Bgs|=0.0008730 Bas=[0.000000 0.000000 0.000000] Bgs=[0.0006615 0.0005055 -0.0002630] tic
160160,330.92,[-0.0843,122,P=[-0.0843 -0.0133 -0.0326] V=[-0.0466 -0.0040 -0.0124] |Bas|=0.000000 |Bgs|=0.0008730 Bas=[0.000000 0.000000 0.000000] Bgs=[0.0006615 0.0005055 -0.0002630] tic
160248,331.02,[-0.0891,130,P=[-0.0891 -0.0136 -0.0338] V=[-0.0488 -0.0031 -0.0129] |Bas|=0.000000 |Bgs|=0.0008730 Bas=[0.000000 0.000000 0.000000] Bgs=[0.0006615 0.0005055 -0.0002630] tic
160326,331.152,[-0.0953,122,P=[-0.0953 -0.0137 -0.0354] V=[-0.0474 -0.0021 -0.0108] |Bas|=0.000000 |Bgs|=0.0008730 Bas=[0.000000 0.000000 0.000000] Bgs=[0.0006615 0.0005055 -0.0002630] tic
160415,331.252,[-0.1000,126,P=[-0.1000 -0.0139 -0.0368] V=[-0.0475 -0.0044 -0.0161] |Bas|=0.000000 |Bgs|=0.0008730 Bas=[0.000000 0.000000 0.000000] Bgs=[0.0006615 0.0005055 -0.0002630] tic
160494,331.388,[-0.1066,125,P=[-0.1066 -0.0145 -0.0391] V=[-0.0481 -0.0052 -0.0170] |Bas|=0.000000 |Bgs|=0.0008730 Bas=[0.000000 0.000000 0.000000] Bgs=[0.0006615 0.0005055 -0.0002630] tic
160571,331.488,[-0.1114,109,P=[-0.1114 -0.0148 -0.0407] V=[-0.0466 -0.0008 -0.0155] |Bas|=0.000000 |Bgs|=0.0008730 Bas=[0.000000 0.000000 0.000000] Bgs=[0.0006615 0.0005055 -0.0002630] tic
160682,331.584,[-0.1158,92,P=[-0.1158 -0.0149 -0.0423] V=[-0.0453 0.0001 -0.0169] |Bas|=0.000000 |Bgs|=0.0008730 Bas=[0.000000 0.000000 0.000000] Bgs=[0.0006615 0.0005055 -0.0002630] tic0
160789,331.724,[-0.1220,114,P=[-0.1220 -0.0143 -0.0443] V=[-0.0447 0.0043 -0.0141] |Bas|=0.000000 |Bgs|=0.0008730 Bas=[0.000000 0.000000 0.000000] Bgs=[0.0006615 0.0005055 -0.0002630] tic0
160878,331.832,[-0.1267,125,P=[-0.1267 -0.0140 -0.0460] V=[-0.0424 0.0019 -0.0164] |Bas|=0.000000 |Bgs|=0.0008730 Bas=[0.000000 0.000000 0.000000] Bgs=[0.0006615 0.0005055 -0.0002630] tic0
160968,331.92,[-0.1307,129,P=[-0.1307 -0.0136 -0.0474] V=[-0.0468 0.0066 -0.0171] |Bas|=0.000000 |Bgs|=0.0008730 Bas=[0.000000 0.000000 0.000000] Bgs=[0.0006615 0.0005055 -0.0002630] tic0
161053,332.036,[-0.1358,123,P=[-0.1358 -0.0126 -0.0497] V=[-0.0434 0.0101 -0.0217] |Bas|=0.000000 |Bgs|=0.0008730 Bas=[0.000000 0.000000 0.000000] Bgs=[0.0006615 0.0005055 -0.0002630] tic0
161145,332.12,[-0.1394,122,P=[-0.1394 -0.0117 -0.0516] V=[-0.0443 0.0116 -0.0220] |Bas|=0.000000 |Bgs|=0.0008730 Bas=[0.000000 0.000000 0.000000] Bgs=[0.0006615 0.0005055 -0.0002630] tic0
161234,332.224,[-0.1441,120,P=[-0.1441 -0.0105 -0.0540] V=[-0.0457 0.0129 -0.0242] |Bas|=0.000000 |Bgs|=0.0008730 Bas=[0.000000 0.000000 0.000000] Bgs=[0.0006615 0.0005055 -0.0002630] tic0
161624,333.452,[0.0015,126,P=[0.0015 0.0042 -0.0012] V=[0.0132 0.0423 -0.0092] |Bas|=0.000000 |Bgs|=0.0018827 Bas=[0.000000 0.000000 0.000000] Bgs=[0.0017267 0.0005945 0.0004577] tic0=[0.
161652,333.552,[0.0029,109,P=[0.0029 0.0084 -0.0024] V=[0.0141 0.0442 -0.0136] |Bas|=0.000000 |Bgs|=0.0018827 Bas=[0.000000 0.000000 0.000000] Bgs=[0.0017267 0.0005945 0.0004577] tic0=[0.
161687,333.652,[0.0044,126,P=[0.0044 0.0129 -0.0038] V=[0.0170 0.0482 -0.0147] |Bas|=0.000000 |Bgs|=0.0018827 Bas=[0.000000 0.000000 0.000000] Bgs=[0.0017267 0.0005945 0.0004577] tic0=[0.
161714,333.752,[0.0061,104,P=[0.0061 0.0180 -0.0053] V=[0.0180 0.0527 -0.0170] |Bas|=0.000000 |Bgs|=0.0018827 Bas=[0.000000 0.000000 0.000000] Bgs=[0.0017267 0.0005945 0.0004577] tic0=[0.
161756,333.852,[0.0081,97,P=[0.0081 0.0236 -0.0071] V=[0.0198 0.0608 -0.0173] |Bas|=0.000000 |Bgs|=0.0018827 Bas=[0.000000 0.000000 0.000000] Bgs=[0.0017267 0.0005945 0.0004577] tic0=[0.
161861,333.952,[0.0099,104,P=[0.0099 0.0299 -0.0087] V=[0.0170 0.0656 -0.0149] |Bas|=0.000000 |Bgs|=0.0018827 Bas=[0.000000 0.000000 0.000000] Bgs=[0.0017267 0.0005945 0.0004577] tic0=[0.
161965,334.084,[0.0120,116,P=[0.0120 0.0389 -0.0109] V=[0.0150 0.0703 -0.0181] |Bas|=0.000000 |Bgs|=0.0018827 Bas=[0.000000 0.000000 0.000000] Bgs=[0.0017267 0.0005945 0.0004577] tic0=[0.
162061,334.184,[0.0133,110,P=[0.0133 0.0460 -0.0127] V=[0.0134 0.0747 -0.0182] |Bas|=0.000000 |Bgs|=0.0018827 Bas=[0.000000 0.000000 0.000000] Bgs=[0.0017267 0.0005945 0.0004577] tic0=[0.
162150,334.284,[0.0149,121,P=[0.0149 0.0539 -0.0146] V=[0.0179 0.0840 -0.0181] |Bas|=0.000000 |Bgs|=0.0018827 Bas=[0.000000 0.000000 0.000000] Bgs=[0.0017267 0.0005945 0.0004577] tic0=[0.
162238,334.384,[0.0166,121,P=[0.0166 0.0626 -0.0167] V=[0.0156 0.0904 -0.0216] |Bas|=0.000000 |Bgs|=0.0018827 Bas=[0.000000 0.000000 0.000000] Bgs=[0.0017267 0.0005945 0.0004577] tic0=[0.
162645,335.628,[-0.0001,127,P=[-0.0001 -0.0009 -0.0004] V=[-0.0137 -0.0138 -0.0070] |Bas|=0.000000 |Bgs|=0.0011651 Bas=[0.000000 0.000000 0.000000] Bgs=[-0.0001220 -0.0007287 0.0009009] ti
162668,335.752,[-0.0017,113,P=[-0.0017 -0.0024 -0.0013] V=[-0.0123 -0.0118 -0.0086] |Bas|=0.000000 |Bgs|=0.0011651 Bas=[0.000000 0.000000 0.000000] Bgs=[-0.0001220 -0.0007287 0.0009009] ti
162702,335.884,[-0.0032,124,P=[-0.0032 -0.0040 -0.0026] V=[-0.0099 -0.0123 -0.0102] |Bas|=0.000000 |Bgs|=0.0011651 Bas=[0.000000 0.000000 0.000000] Bgs=[-0.0001220 -0.0007287 0.0009009] ti
162730,335.988,[-0.0042,121,P=[-0.0042 -0.0054 -0.0036] V=[-0.0109 -0.0127 -0.0072] |Bas|=0.000000 |Bgs|=0.0011651 Bas=[0.000000 0.000000 0.000000] Bgs=[-0.0001220 -0.0007287 0.0009009] ti
162755,336.124,[-0.0056,123,P=[-0.0056 -0.0074 -0.0048] V=[-0.0096 -0.0138 -0.0099] |Bas|=0.000000 |Bgs|=0.0011651 Bas=[0.000000 0.000000 0.000000] Bgs=[-0.0001220 -0.0007287 0.0009009] ti
162777,336.228,[-0.0066,126,P=[-0.0066 -0.0087 -0.0060] V=[-0.0101 -0.0114 -0.0114] |Bas|=0.000000 |Bgs|=0.0011651 Bas=[0.000000 0.000000 0.000000] Bgs=[-0.0001220 -0.0007287 0.0009009] ti
162801,336.324,[-0.0076,125,P=[-0.0076 -0.0099 -0.0072] V=[-0.0130 -0.0128 -0.0122] |Bas|=0.000000 |Bgs|=0.0011651 Bas=[0.000000 0.000000 0.000000] Bgs=[-0.0001220 -0.0007287 0.0009009] ti
162825,336.432,[-0.0092,122,P=[-0.0092 -0.0113 -0.0087] V=[-0.0138 -0.0124 -0.0152] |Bas|=0.000000 |Bgs|=0.0011651 Bas=[0.000000 0.000000 0.000000] Bgs=[-0.0001220 -0.0007287 0.0009009] ti
162853,336.524,[-0.0106,130,P=[-0.0106 -0.0123 -0.0101] V=[-0.0167 -0.0093 -0.0151] |Bas|=0.000000 |Bgs|=0.0011651 Bas=[0.000000 0.000000 0.000000] Bgs=[-0.0001220 -0.0007287 0.0009009] ti
162875,336.628,[-0.0123,118,P=[-0.0123 -0.0132 -0.0117] V=[-0.0170 -0.0097 -0.0153] |Bas|=0.000000 |Bgs|=0.0011651 Bas=[0.000000 0.000000 0.000000] Bgs=[-0.0001220 -0.0007287 0.0009009] ti
162904,336.752,[-0.0146,123,P=[-0.0146 -0.0142 -0.0137] V=[-0.0191 -0.0076 -0.0179] |Bas|=0.000000 |Bgs|=0.0011651 Bas=[0.000000 0.000000 0.000000] Bgs=[-0.0001220 -0.0007287 0.0009009] ti
162926,336.884,[-0.0172,121,P=[-0.0172 -0.0153 -0.0163] V=[-0.0204 -0.0073 -0.0199] |Bas|=0.000000 |Bgs|=0.0011651 Bas=[0.000000 0.000000 0.000000] Bgs=[-0.0001220 -0.0007287 0.0009009] ti
162950,336.984,[-0.0194,122,P=[-0.0194 -0.0161 -0.0183] V=[-0.0239 -0.0093 -0.0201] |Bas|=0.000000 |Bgs|=0.0011651 Bas=[0.000000 0.000000 0.000000] Bgs=[-0.0001220 -0.0007287 0.0009009] ti
162978,337.084,[-0.0218,130,P=[-0.0218 -0.0169 -0.0204] V=[-0.0242 -0.0074 -0.0222] |Bas|=0.000000 |Bgs|=0.0011651 Bas=[0.000000 0.000000 0.000000] Bgs=[-0.0001220 -0.0007287 0.0009009] ti
162998,337.184,[-0.0243,123,P=[-0.0243 -0.0173 -0.0226] V=[-0.0241 -0.0035 -0.0219] |Bas|=0.000000 |Bgs|=0.0011651 Bas=[0.000000 0.000000 0.000000] Bgs=[-0.0001220 -0.0007287 0.0009009] ti
163078,337.284,[-0.0265,118,P=[-0.0265 -0.0176 -0.0247] V=[-0.0224 -0.0028 -0.0189] |Bas|=0.000000 |Bgs|=0.0011651 Bas=[0.000000 0.000000 0.000000] Bgs=[-0.0001220 -0.0007287 0.0009009] ti
163167,337.432,[-0.0301,124,P=[-0.0301 -0.0180 -0.0277] V=[-0.0262 -0.0058 -0.0214] |Bas|=0.000000 |Bgs|=0.0011651 Bas=[0.000000 0.000000 0.000000] Bgs=[-0.0001220 -0.0007287 0.0009009] ti
163254,337.524,[-0.0326,96,P=[-0.0326 -0.0187 -0.0297] V=[-0.0277 -0.0078 -0.0219] |Bas|=0.000000 |Bgs|=0.0011651 Bas=[0.000000 0.000000 0.000000] Bgs=[-0.0001220 -0.0007287 0.0009009] ti
163365,337.656,[-0.0362,126,P=[-0.0362 -0.0198 -0.0330] V=[-0.0271 -0.0093 -0.0240] |Bas|=0.000000 |Bgs|=0.0011651 Bas=[0.000000 0.000000 0.000000] Bgs=[-0.0001220 -0.0007287 0.0009009] ti
163452,337.784,[-0.0395,117,P=[-0.0395 -0.0211 -0.0361] V=[-0.0256 -0.0113 -0.0245] |Bas|=0.000000 |Bgs|=0.0011651 Bas=[0.000000 0.000000 0.000000] Bgs=[-0.0001220 -0.0007287 0.0009009] ti
163544,337.924,[-0.0431,121,P=[-0.0431 -0.0227 -0.0395] V=[-0.0247 -0.0118 -0.0257] |Bas|=0.000000 |Bgs|=0.0011651 Bas=[0.000000 0.000000 0.000000] Bgs=[-0.0001220 -0.0007287 0.0009009] ti
163632,338.056,[-0.0463,123,P=[-0.0463 -0.0243 -0.0429] V=[-0.0228 -0.0131 -0.0265] |Bas|=0.000000 |Bgs|=0.0011651 Bas=[0.000000 0.000000 0.000000] Bgs=[-0.0001220 -0.0007287 0.0009009] ti
163721,338.152,[-0.0485,123,P=[-0.0485 -0.0258 -0.0456] V=[-0.0216 -0.0185 -0.0279] |Bas|=0.000000 |Bgs|=0.0011651 Bas=[0.000000 0.000000 0.000000] Bgs=[-0.0001220 -0.0007287 0.0009009] ti
163812,338.224,[-0.0501,122,P=[-0.0501 -0.0273 -0.0476] V=[-0.0217 -0.0209 -0.0280] |Bas|=0.000000 |Bgs|=0.0011651 Bas=[0.000000 0.000000 0.000000] Bgs=[-0.0001220 -0.0007287 0.0009009] ti
163906,338.328,[-0.0524,127,P=[-0.0524 -0.0293 -0.0506] V=[-0.0221 -0.0186 -0.0307] |Bas|=0.000000 |Bgs|=0.0011651 Bas=[0.000000 0.000000 0.000000] Bgs=[-0.0001220 -0.0007287 0.0009009] ti
163989,338.42,[-0.0544,115,P=[-0.0544 -0.0310 -0.0535] V=[-0.0223 -0.0187 -0.0317] |Bas|=0.000000 |Bgs|=0.0011651 Bas=[0.000000 0.000000 0.000000] Bgs=[-0.0001220 -0.0007287 0.0009009] ti
164083,338.52,[-0.0565,126,P=[-0.0565 -0.0329 -0.0568] V=[-0.0188 -0.0194 -0.0348] |Bas|=0.000000 |Bgs|=0.0011651 Bas=[0.000000 0.000000 0.000000] Bgs=[-0.0001220 -0.0007287 0.0009009] ti
164166,338.62,[-0.0583,124,P=[-0.0583 -0.0349 -0.0604] V=[-0.0190 -0.0214 -0.0351] |Bas|=0.000000 |Bgs|=0.0011651 Bas=[0.000000 0.000000 0.000000] Bgs=[-0.0001220 -0.0007287 0.0009009] ti
164247,338.752,[-0.0608,98,P=[-0.0608 -0.0376 -0.0651] V=[-0.0195 -0.0205 -0.0358] |Bas|=0.000000 |Bgs|=0.0011651 Bas=[0.000000 0.000000 0.000000] Bgs=[-0.0001220 -0.0007287 0.0009009] ti
164349,338.852,[-0.0627,129,P=[-0.0627 -0.0395 -0.0687] V=[-0.0166 -0.0201 -0.0377] |Bas|=0.000000 |Bgs|=0.0011651 Bas=[0.000000 0.000000 0.000000] Bgs=[-0.0001220 -0.0007287 0.0009009] ti
164438,338.952,[-0.0644,99,P=[-0.0644 -0.0417 -0.0727] V=[-0.0173 -0.0215 -0.0402] |Bas|=0.000000 |Bgs|=0.0011651 Bas=[0.000000 0.000000 0.000000] Bgs=[-0.0001220 -0.0007287 0.0009009] ti
164537,339.052,[-0.0661,115,P=[-0.0661 -0.0437 -0.0767] V=[-0.0161 -0.0176 -0.0391] |Bas|=0.000000 |Bgs|=0.0011651 Bas=[0.000000 0.000000 0.000000] Bgs=[-0.0001220 -0.0007287 0.0009009] ti
164623,339.184,[-0.0684,118,P=[-0.0684 -0.0463 -0.0820] V=[-0.0159 -0.0207 -0.0434] |Bas|=0.000000 |Bgs|=0.0011651 Bas=[0.000000 0.000000 0.000000] Bgs=[-0.0001220 -0.0007287 0.0009009] ti
164709,339.316,[-0.0705,126,P=[-0.0705 -0.0489 -0.0878] V=[-0.0169 -0.0196 -0.0459] |Bas|=0.000000 |Bgs|=0.0011651 Bas=[0.000000 0.000000 0.000000] Bgs=[-0.0001220 -0.0007287 0.0009009] ti
164802,339.416,[-0.0722,118,P=[-0.0722 -0.0509 -0.0924] V=[-0.0180 -0.0204 -0.0475] |Bas|=0.000000 |Bgs|=0.0011651 Bas=[0.000000 0.000000 0.000000] Bgs=[-0.0001220 -0.0007287 0.0009009] ti
164890,339.516,[-0.0738,124,P=[-0.0738 -0.0530 -0.0972] V=[-0.0137 -0.0210 -0.0474] |Bas|=0.000000 |Bgs|=0.0011651 Bas=[0.000000 0.000000 0.000000] Bgs=[-0.0001220 -0.0007287 0.0009009] ti
