[0m[INFO] [1790711922.308258319]: init begins[0m
vins stack guard: RLIMIT_STACK soft -> 512 MB
config_file: /home/uav/catkin_ws/src/VINS-Fusion/config/sim_stereo/e2_debug_smooth.yaml
USE_IMU: 1
IMU_TOPIC: /mavros/imu/data_raw
T2_DEPTH_GATE: 0 min=0.150 max=30.000 xcheck_tol=0.30
T2 knobs: loss=0 cauchy=4.00 rejectF=0 chi2=0(m=5.0 conf=0.95) prior=0(cost=5000 dbas=0.050 share=0.50 cd=5 strat=1) cost_trace=0
REANCHOR_SMOOTH: 1 frames: 15
result path /home/uav/vins_output//vio.csv
[33m[WARN] [1790711922.312330843]:  fix extrinsic param [0m
camera number 2
[0m[INFO] [1790711922.312872709]: Synchronized sensors, fix time offset: 0[0m
[0m[INFO] [1790711922.312881769]: ROW: 480 COL: 640 [0m
 exitrinsic cam 0
 0  0  1
-1  0  0
 0 -1  0
 0.12  0.05 -0.02
 exitrinsic cam 1
 0  0  1
-1  0  0
 0 -1  0
 0.12 -0.05 -0.02
set g    0    0 9.81
[33m[WARN] [1790711922.313104216]: waiting for image and imu...[0m
[0m[INFO] [1790711922.312941133]: reading paramerter of camera /home/uav/catkin_ws/src/VINS-Fusion/config/sim_stereo/left.yaml[0m
[0m[INFO] [1790711922.313034436]: reading paramerter of camera /home/uav/catkin_ws/src/VINS-Fusion/config/sim_stereo/right.yaml[0m
MULTIPLE_THREAD is 1
init first imu pose
averge acc 0.118265 -0.026173 9.732606
init R0 
   0.999926 3.26749e-05  -0.0121504
          0    0.999996  0.00268919
  0.0121505 -0.00268899    0.999923
[31m[ERROR] [1790711928.900803458, 15.956663995]: dt clamp: dt=16.91 imu_t=15.9080 prev=-1.0000 (domain split or IMU disorder?)[0m
[T2depth] t=15.9080 id=0 src=stereo u=445.0 v=242.0 depth=3.8989 depth2=-1.0000 track=1 sf=0 flag=ok
[T2depth] t=15.9080 id=24 src=stereo u=446.0 v=36.0 depth=3.9082 depth2=-1.0000 track=1 sf=0 flag=ok
[T2depth] t=15.9080 id=31 src=stereo u=263.0 v=404.0 depth=5.0000 depth2=-1.0000 track=1 sf=0 flag=init_neg
[T2depth] t=15.9080 id=74 src=stereo u=294.0 v=411.0 depth=5.0000 depth2=-1.0000 track=1 sf=0 flag=init_neg
[T2depth] t=15.9080 id=95 src=stereo u=491.0 v=296.0 depth=4.3299 depth2=-1.0000 track=1 sf=0 flag=ok
[T2gate] t=15.9080 tri=120 rej=0 xrej=0 init_replace=2 gate=0
[T2xcross] t=16.0080 id=0 est=3.8989 svd=4.2091 rel=0.0737 track=2 sf=0
[T2depth] t=16.0080 id=1 src=motion2 u=467.0 v=1.0 depth=3.8842 depth2=-1.0000 track=2 sf=0 flag=ok
[T2depth] t=16.0080 id=2 src=motion2 u=191.0 v=340.0 depth=2.9674 depth2=-1.0000 track=2 sf=0 flag=ok
[T2depth] t=16.0080 id=3 src=motion2 u=159.0 v=342.0 depth=3.4504 depth2=-1.0000 track=2 sf=0 flag=ok
[T2depth] t=16.0080 id=4 src=motion2 u=225.0 v=347.0 depth=3.7867 depth2=-1.0000 track=2 sf=0 flag=ok
[T2depth] t=16.0080 id=5 src=motion2 u=617.0 v=372.0 depth=4.1542 depth2=-1.0000 track=2 sf=0 flag=ok
[T2depth] t=16.0080 id=6 src=motion2 u=3.0 v=375.0 depth=2.3080 depth2=-1.0000 track=2 sf=0 flag=ok
[T2depth] t=16.0080 id=7 src=motion2 u=309.0 v=349.0 depth=4.2016 depth2=-1.0000 track=2 sf=0 flag=ok
[T2depth] t=16.0080 id=8 src=motion2 u=256.0 v=334.0 depth=3.5198 depth2=-1.0000 track=2 sf=0 flag=ok
[T2depth] t=16.0080 id=9 src=motion2 u=399.0 v=343.0 depth=4.2506 depth2=-1.0000 track=2 sf=0 flag=ok
[T2depth] t=16.0080 id=10 src=motion2 u=264.0 v=363.0 depth=3.9597 depth2=-1.0000 track=2 sf=0 flag=ok
[T2depth] t=16.0080 id=11 src=motion2 u=116.0 v=361.0 depth=2.3925 depth2=-1.0000 track=2 sf=0 flag=ok
[T2depth] t=16.0080 id=12 src=motion2 u=386.0 v=387.0 depth=4.9997 depth2=-1.0000 track=2 sf=0 flag=ok
[T2depth] t=16.0080 id=13 src=motion2 u=292.0 v=375.0 depth=4.3374 depth2=-1.0000 track=2 sf=0 flag=ok
[T2depth] t=16.0080 id=14 src=motion2 u=352.0 v=346.0 depth=4.4714 depth2=-1.0000 track=2 sf=0 flag=ok
[T2depth] t=16.0080 id=15 src=motion2 u=555.0 v=356.0 depth=3.9267 depth2=-1.0000 track=2 sf=0 flag=ok
[T2depth] t=16.0080 id=16 src=motion2 u=52.0 v=411.0 depth=2.9221 depth2=-1.0000 track=2 sf=0 flag=ok
[T2depth] t=16.0080 id=17 src=motion2 u=89.0 v=386.0 depth=2.2061 depth2=-1.0000 track=2 sf=0 flag=ok
[T2depth] t=16.0080 id=18 src=motion2 u=559.0 v=387.0 depth=4.0238 depth2=-1.0000 track=2 sf=0 flag=ok
[T2depth] t=16.0080 id=19 src=motion2 u=456.0 v=349.0 depth=3.3991 depth2=-1.0000 track=2 sf=0 flag=ok
[T2depth] t=16.0080 id=20 src=motion2 u=203.0 v=388.0 depth=3.4104 depth2=-1.0000 track=2 sf=0 flag=ok
[T2depth] t=16.0080 id=21 src=motion2 u=142.0 v=394.0 depth=3.0995 depth2=-1.0000 track=2 sf=0 flag=ok
[T2depth] t=16.0080 id=22 src=motion2 u=505.0 v=361.0 depth=3.9182 depth2=-1.0000 track=2 sf=0 flag=ok
[T2depth] t=16.0080 id=23 src=motion2 u=45.0 v=348.0 depth=2.4270 depth2=-1.0000 track=2 sf=0 flag=ok
[T2xcross] t=16.0080 id=24 est=3.9082 svd=3.9472 rel=0.0099 track=2 sf=0
[T2depth] t=16.0080 id=25 src=motion2 u=356.0 v=386.0 depth=4.3014 depth2=-1.0000 track=2 sf=0 flag=ok
[T2depth] t=16.0080 id=26 src=motion2 u=127.0 v=420.0 depth=4.2585 depth2=-1.0000 track=2 sf=0 flag=ok
[T2depth] t=16.0080 id=27 src=motion2 u=5.0 v=342.0 depth=1.7136 depth2=-1.0000 track=2 sf=0 flag=ok
[T2depth] t=16.0080 id=28 src=motion2 u=475.0 v=380.0 depth=4.0482 depth2=-1.0000 track=2 sf=0 flag=ok
[T2depth] t=16.0080 id=29 src=motion2 u=637.0 v=347.0 depth=3.8782 depth2=-1.0000 track=2 sf=0 flag=ok
[T2depth] t=16.0080 id=30 src=motion2 u=89.0 v=320.0 depth=2.2354 depth2=-1.0000 track=2 sf=0 flag=ok
[T2xcross] t=16.0080 id=31 est=5.0000 svd=4.4596 rel=0.1081 track=2 sf=0
[T2depth] t=16.0080 id=32 src=motion2 u=198.0 v=446.0 depth=3.8933 depth2=-1.0000 track=2 sf=0 flag=ok
[T2depth] t=16.0080 id=33 src=motion2 u=55.0 v=318.0 depth=1.9923 depth2=-1.0000 track=2 sf=0 flag=ok
[T2depth] t=16.0080 id=34 src=motion2 u=318.0 v=311.0 depth=4.8290 depth2=-1.0000 track=2 sf=0 flag=ok
[T2depth] t=16.0080 id=35 src=motion2 u=226.0 v=468.0 depth=4.1654 depth2=-1.0000 track=2 sf=0 flag=ok
[T2depth] t=16.0080 id=36 src=motion2 u=609.0 v=410.0 depth=3.7487 depth2=-1.0000 track=2 sf=0 flag=ok
[T2depth] t=16.0080 id=37 src=motion2 u=71.0 v=435.0 depth=2.4403 depth2=-1.0000 track=2 sf=0 flag=ok
[T2depth] t=16.0080 id=38 src=motion2 u=523.0 v=323.0 depth=3.6843 depth2=-1.0000 track=2 sf=0 flag=ok
[T2depth] t=16.0080 id=39 src=motion2 u=619.0 v=320.0 depth=4.1550 depth2=-1.0000 track=2 sf=0 flag=ok
[T2depth] t=16.0080 id=41 src=motion2 u=434.0 v=407.0 depth=4.7965 depth2=-1.0000 track=2 sf=0 flag=ok
[T2depth] t=16.0080 id=42 src=motion2 u=329.0 v=413.0 depth=4.0700 depth2=-1.0000 track=2 sf=0 flag=ok
[T2depth] t=16.0080 id=43 src=motion2 u=163.0 v=464.0 depth=3.4656 depth2=-1.0000 track=2 sf=0 flag=ok
[T2depth] t=16.0080 id=44 src=motion2 u=615.0 v=452.0 depth=4.3800 depth2=-1.0000 track=2 sf=0 flag=ok
[T2depth] t=16.0080 id=45 src=motion2 u=237.0 v=378.0 depth=3.6740 depth2=-1.0000 track=2 sf=0 flag=ok
[T2depth] t=16.0080 id=46 src=motion2 u=511.0 v=439.0 depth=3.4372 depth2=-1.0000 track=2 sf=0 flag=ok
[T2depth] t=16.0080 id=47 src=motion2 u=386.0 v=433.0 depth=3.6520 depth2=-1.0000 track=2 sf=0 flag=ok
[T2depth] t=16.0080 id=48 src=motion2 u=471.0 v=320.0 depth=5.1942 depth2=-1.0000 track=2 sf=0 flag=ok
[T2depth] t=16.0080 id=49 src=motion2 u=229.0 v=431.0 depth=4.8450 depth2=-1.0000 track=2 sf=0 flag=ok
[T2depth] t=16.0080 id=50 src=motion2 u=40.0 v=456.0 depth=2.1131 depth2=-1.0000 track=2 sf=0 flag=ok
[T2depth] t=16.0080 id=51 src=motion2 u=380.0 v=316.0 depth=3.5803 depth2=-1.0000 track=2 sf=0 flag=ok
[T2depth] t=16.0080 id=52 src=motion2 u=11.0 v=424.0 depth=1.7883 depth2=-1.0000 track=2 sf=0 flag=ok
[T2depth] t=16.0080 id=53 src=motion2 u=285.0 v=316.0 depth=4.5015 depth2=-1.0000 track=2 sf=0 flag=ok
[T2depth] t=16.0080 id=54 src=motion2 u=588.0 v=363.0 depth=3.7342 depth2=-1.0000 track=2 sf=0 flag=ok
[T2depth] t=16.0080 id=55 src=motion2 u=519.0 v=389.0 depth=4.9344 depth2=-1.0000 track=2 sf=0 flag=ok
[T2depth] t=16.0080 id=56 src=motion2 u=211.0 v=316.0 depth=3.0708 depth2=-1.0000 track=2 sf=0 flag=ok
[T2depth] t=16.0080 id=57 src=motion2 u=578.0 v=459.0 depth=3.4990 depth2=-1.0000 track=2 sf=0 flag=ok
[T2depth] t=16.0080 id=58 src=motion2 u=102.0 v=437.0 depth=2.9659 depth2=-1.0000 track=2 sf=0 flag=ok
[T2depth] t=16.0080 id=59 src=motion2 u=182.0 v=412.0 depth=3.7331 depth2=-1.0000 track=2 sf=0 flag=ok
[T2depth] t=16.0080 id=60 src=motion2 u=143.0 v=313.0 depth=3.2071 depth2=-1.0000 track=2 sf=0 flag=ok
[T2depth] t=16.0080 id=61 src=motion2 u=579.0 v=427.0 depth=4.0575 depth2=-1.0000 track=2 sf=0 flag=ok
[T2depth] t=16.0080 id=62 src=motion2 u=453.0 v=294.0 depth=3.8524 depth2=-1.0000 track=2 sf=0 flag=ok
[T2depth] t=16.0080 id=63 src=motion2 u=429.0 v=335.0 depth=5.3082 depth2=-1.0000 track=2 sf=0 flag=ok
[T2depth] t=16.0080 id=64 src=motion2 u=567.0 v=307.0 depth=4.6234 depth2=-1.0000 track=2 sf=0 flag=ok
[T2depth] t=16.0080 id=65 src=motion2 u=256.0 v=299.0 depth=4.7523 depth2=-1.0000 track=2 sf=0 flag=ok
[T2depth] t=16.0080 id=66 src=motion2 u=79.0 v=353.0 depth=2.5560 depth2=-1.0000 track=2 sf=0 flag=ok
[T2depth] t=16.0080 id=67 src=motion2 u=88.0 v=464.0 depth=3.3099 depth2=-1.0000 track=2 sf=0 flag=ok
[T2depth] t=16.0080 id=68 src=motion2 u=172.0 v=294.0 depth=3.1040 depth2=-1.0000 track=2 sf=0 flag=ok
[T2depth] t=16.0080 id=69 src=motion2 u=478.0 v=476.0 depth=3.1179 depth2=-1.0000 track=2 sf=0 flag=ok
[T2depth] t=16.0080 id=70 src=motion2 u=326.0 v=375.0 depth=4.2490 depth2=-1.0000 track=2 sf=0 flag=ok
[T2depth] t=16.0080 id=71 src=motion2 u=464.0 v=413.0 depth=4.3721 depth2=-1.0000 track=2 sf=0 flag=ok
[T2depth] t=16.0080 id=72 src=motion2 u=42.0 v=380.0 depth=2.4425 depth2=-1.0000 track=2 sf=0 flag=ok
[T2depth] t=16.0080 id=73 src=motion2 u=121.0 v=286.0 depth=4.3371 depth2=-1.0000 track=2 sf=0 flag=ok
[T2xcross] t=16.0080 id=74 est=5.0000 svd=5.9748 rel=0.1632 track=2 sf=0
[T2depth] t=16.0080 id=75 src=motion2 u=416.0 v=467.0 depth=4.6424 depth2=-1.0000 track=2 sf=0 flag=ok
[T2depth] t=16.0080 id=76 src=motion2 u=354.0 v=291.0 depth=3.9512 depth2=-1.0000 track=2 sf=0 flag=ok
[T2depth] t=16.0080 id=78 src=motion2 u=289.0 v=453.0 depth=4.4978 depth2=-1.0000 track=2 sf=0 flag=ok
[T2depth] t=16.0080 id=79 src=motion2 u=174.0 v=377.0 depth=4.0155 depth2=-1.0000 track=2 sf=0 flag=ok
[T2depth] t=16.0080 id=80 src=motion2 u=350.0 v=446.0 depth=5.5079 depth2=-1.0000 track=2 sf=0 flag=ok
[T2depth] t=16.0080 id=81 src=motion2 u=428.0 v=367.0 depth=6.2038 depth2=-1.0000 track=2 sf=0 flag=ok
[T2depth] t=16.0080 id=82 src=motion2 u=635.0 v=293.0 depth=3.2398 depth2=-1.0000 track=2 sf=0 flag=ok
[T2depth] t=16.0080 id=83 src=motion2 u=413.0 v=289.0 depth=5.0840 depth2=-1.0000 track=2 sf=0 flag=ok
[T2depth] t=16.0080 id=84 src=motion2 u=521.0 v=292.0 depth=4.2731 depth2=-1.0000 track=2 sf=0 flag=ok
[T2depth] t=16.0080 id=85 src=motion2 u=509.0 v=472.0 depth=4.1869 depth2=-1.0000 track=2 sf=0 flag=ok
[T2depth] t=16.0080 id=86 src=motion2 u=539.0 v=426.0 depth=3.8959 depth2=-1.0000 track=2 sf=0 flag=ok
[T2depth] t=16.0080 id=87 src=motion2 u=11.0 v=309.0 depth=1.7984 depth2=-1.0000 track=2 sf=0 flag=ok
[T2depth] t=16.0080 id=88 src=motion2 u=638.0 v=426.0 depth=3.6623 depth2=-1.0000 track=2 sf=0 flag=ok
[T2depth] t=16.0080 id=89 src=motion2 u=76.0 v=243.0 depth=0.0304 depth2=-1.0000 track=2 sf=0 flag=ok
[T2depth] t=16.0080 id=90 src=motion2 u=447.0 v=446.0 depth=6.1670 depth2=-1.0000 track=2 sf=0 flag=ok
[T2depth] t=16.0080 id=91 src=motion2 u=156.0 v=430.0 depth=3.3391 depth2=-1.0000 track=2 sf=0 flag=ok
[T2depth] t=16.0080 id=92 src=motion2 u=261.0 v=468.0 depth=3.3717 depth2=-1.0000 track=2 sf=0 flag=ok
[T2depth] t=16.0080 id=93 src=motion2 u=544.0 v=456.0 depth=3.9051 depth2=-1.0000 track=2 sf=0 flag=ok
[T2depth] t=16.0080 id=94 src=motion2 u=42.0 v=290.0 depth=1.5027 depth2=-1.0000 track=2 sf=0 flag=ok
[T2xcross] t=16.0080 id=95 est=4.3299 svd=4.0648 rel=0.0612 track=2 sf=0
[T2depth] t=16.0080 id=96 src=motion2 u=310.0 v=242.0 depth=4.2301 depth2=-1.0000 track=2 sf=0 flag=ok
[T2depth] t=16.0080 id=97 src=motion2 u=325.0 v=464.0 depth=4.5875 depth2=-1.0000 track=2 sf=0 flag=ok
[T2depth] t=16.0080 id=98 src=motion2 u=589.0 v=331.0 depth=4.4996 depth2=-1.0000 track=2 sf=0 flag=ok
[T2depth] t=16.0080 id=99 src=motion2 u=592.0 v=279.0 depth=5.5616 depth2=-1.0000 track=2 sf=0 flag=ok
[T2depth] t=16.0080 id=100 src=motion2 u=15.0 v=476.0 depth=4.7454 depth2=-1.0000 track=2 sf=0 flag=ok
[T2depth] t=16.0080 id=101 src=motion2 u=204.0 v=281.0 depth=3.1432 depth2=-1.0000 track=2 sf=0 flag=ok
[T2depth] t=16.0080 id=102 src=motion2 u=385.0 v=277.0 depth=4.1414 depth2=-1.0000 track=2 sf=0 flag=ok
[T2depth] t=16.0080 id=103 src=motion2 u=16.0 v=274.0 depth=1.6314 depth2=-1.0000 track=2 sf=0 flag=ok
[T2depth] t=16.0080 id=104 src=motion2 u=286.0 v=275.0 depth=3.6709 depth2=-1.0000 track=2 sf=0 flag=ok
[T2depth] t=16.0080 id=105 src=motion2 u=125.0 v=478.0 depth=2.1372 depth2=-1.0000 track=2 sf=0 flag=ok
[T2depth] t=16.0080 id=106 src=motion2 u=157.0 v=245.0 depth=3.1934 depth2=-1.0000 track=2 sf=0 flag=ok
[T2depth] t=16.0080 id=108 src=motion2 u=236.0 v=276.0 depth=1.9991 depth2=-1.0000 track=2 sf=0 flag=ok
[T2depth] t=16.0080 id=109 src=motion2 u=76.0 v=289.0 depth=1.7447 depth2=-1.0000 track=2 sf=0 flag=ok
[T2depth] t=16.0080 id=110 src=motion2 u=375.0 v=468.0 depth=8.1733 depth2=-1.0000 track=2 sf=0 flag=ok
[T2depth] t=16.0080 id=111 src=motion2 u=263.0 v=437.0 depth=3.2990 depth2=-1.0000 track=2 sf=0 flag=ok
[T2depth] t=16.0080 id=112 src=motion2 u=256.0 v=244.0 depth=1.3770 depth2=-1.0000 track=2 sf=0 flag=ok
[T2depth] t=16.0080 id=117 src=motion2 u=551.0 v=279.0 depth=3.9272 depth2=-1.0000 track=2 sf=0 flag=ok
[T2depth] t=16.0080 id=118 src=motion2 u=322.0 v=279.0 depth=3.0442 depth2=-1.0000 track=2 sf=0 flag=ok
[T2depth] t=16.0080 id=119 src=motion2 u=415.0 v=249.0 depth=2.3403 depth2=-1.0000 track=2 sf=0 flag=ok
[T2depth] t=16.0080 id=120 src=motion2 u=497.0 v=412.0 depth=3.6141 depth2=-1.0000 track=2 sf=0 flag=ok
[T2gate] t=16.0080 tri=125 rej=0 xrej=0 init_replace=0 gate=0
[T2depth] t=16.1080 id=128 src=motion2 u=197.0 v=478.0 depth=2.0403 d[33m[WARN] [1790711929.879557315, 16.939944161]: T2SNAP pre AIF=11 fc=10 Vs: 0 0.00703 0.00634 0.00543 0.00745 0.0119 0.0166 0.02 0.0249 0.0254 0.0309 Ps: 0 0.000244 0.000424 0.000377 0.000539 0.000757 0.000661 0.000833 0.000836 0.000973 0.000663[0m
[33m[WARN] [1790711929.879637114, 16.939944161]: gyroscope bias initial calibration -0.00065809 -0.00199563 0.000232788[0m
[33m[WARN] [1790711929.893635943, 16.950115428]: T2OPT post-solve vmax=0.008901 @i=0 init_cost=1756 final_cost=441.3 iters=9 term=1[0m
epth2=-1.0000 track=2 sf=1 flag=ok
[T2depth] t=16.1080 id=130 src=motion2 u=479.0 v=441.0 depth=4.8892 depth2=-1.0000 track=2 sf=1 flag=ok
[T2gate] t=16.1080 tri=24 rej=0 xrej=0 init_replace=0 gate=0
[T2gate] t=16.2080 tri=30 rej=0 xrej=0 init_replace=0 gate=0
[T2gate] t=16.3080 tri=38 rej=0 xrej=0 init_replace=0 gate=0
[T2gate] t=16.4080 tri=48 rej=0 xrej=0 init_replace=0 gate=0
[T2xcross] t=16.5080 id=0 est=3.8989 svd=4.9461 rel=0.2117 track=7 sf=0
[T2xcross] t=16.5080 id=24 est=3.9082 svd=4.9080 rel=0.2037 track=7 sf=0
[T2xcross] t=16.5080 id=31 est=5.0000 svd=4.7682 rel=0.0464 track=7 sf=0
[T2xcross] t=16.5080 id=74 est=5.0000 svd=4.7100 rel=0.0580 track=7 sf=0
[T2xcross] t=16.5080 id=95 est=4.3299 svd=3.4535 rel=0.2024 track=7 sf=0
[T2depth] t=16.5080 id=203 src=motion2 u=638.0 v=476.0 depth=1.3648 depth2=-1.0000 track=2 sf=5 flag=ok
[T2gate] t=16.5080 tri=57 rej=0 xrej=0 init_replace=0 gate=0
[T2gate] t=16.5800 tri=64 rej=0 xrej=0 init_replace=0 gate=0
[T2gate] t=16.7080 tri=73 rej=0 xrej=0 init_replace=0 gate=0
[T2depth] t=16.8080 id=256 src=motion2 u=468.0 v=266.0 depth=3.8821 depth2=-1.0000 track=2 sf=8 flag=ok
[T2gate] t=16.8080 tri=82 rej=0 xrej=0 init_replace=0 gate=0
[T2depth] t=16.9080 id=267 src=motion2 u=446.0 v=69.0 depth=4.6764 depth2=-1.0000 track=2 sf=9 flag=ok
[T2gate] t=16.9080 tri=90 rej=0 xrej=0 init_replace=0 gate=0
[T2slv] t=16.9080 phase=0 init_cost=1755.85 final_cost=441.269 iters=9 term=1 slv_ms=11.3
[E2uls] flag=1 sh_t=16.956 new_t=16.956 dP=[0.0000 -0.0009 0.0001] |dP|=0.0009 first_dt=-1.0000
[0m[INFO] [1790711929.894037945, 16.950115428]: Initialization finish![0m
time: 16.908000, t: 0.000216 0.000752 -0.000054 q: 0.999968 -0.002606 -0.007593 -0.000011 
[T2depth] t=16.9800 id=5 src=motion2 u=617.0 v=372.0 depth=9.9852 depth2=-1.0000 track=11 sf=0 flag=ok
[T2depth] t=16.9800 id=9 src=motion2 u=399.0 v=343.0 depth=8.8020 depth2=-1.0000 track=11 sf=0 flag=ok
[T2depth] t=16.9800 id=12 src=motion2 u=386.0 v=387.0 depth=10.8639 depth2=-1.0000 track=11 sf=0 flag=ok
[T2depth] t=16.9800 id=13 src=motion2 u=292.0 v=375.0 depth=9.1945 depth2=-1.0000 track=11 sf=0 flag=ok
[T2depth] t=16.9800 id=14 src=motion2 u=352.0 v=346.0 depth=9.3229 depth2=-1.0000 track=11 sf=0 flag=ok
[T2depth] t=16.9800 id=15 src=motion2 u=555.0 v=356.0 depth=9.0670 depth2=-1.0000 track=11 sf=0 flag=ok
[T2depth] t=16.9800 id=17 src=motion2 u=89.0 v=386.0 depth=9.9681 depth2=-1.0000 track=11 sf=0 flag=ok
[T2depth] t=16.9800 id=18 src=motion2 u=559.0 v=387.0 depth=9.1675 depth2=-1.0000 track=11 sf=0 flag=ok
[T2depth] t=16.9800 id=19 src=motion2 u=456.0 v=349.0 depth=7.1064 depth2=-1.0000 track=11 sf=0 flag=ok
[T2depth] t=16.9800 id=22 src=motion2 u=505.0 v=361.0 depth=8.6307 depth2=-1.0000 track=11 sf=0 flag=ok
[T2depth] t=16.9800 id=25 src=motion2 u=356.0 v=386.0 depth=9.1785 depth2=-1.0000 track=11 sf=0 flag=ok
[T2depth] t=16.9800 id=28 src=motion2 u=475.0 v=380.0 depth=8.7859 depth2=-1.0000 track=11 sf=0 flag=ok
[T2depth] t=16.9800 id=29 src=motion2 u=637.0 v=347.0 depth=9.6127 depth2=-1.0000 track=11 sf=0 flag=ok
[T2depth] t=16.9800 id=31 src=stereo u=263.0 v=404.0 depth=5.0000 depth2=-1.0000 track=11 sf=0 flag=init_neg
[T2depth] t=16.9800 id=34 src=motion2 u=318.0 v=311.0 depth=9.3111 depth2=-1.0000 track=11 sf=0 flag=ok
[T2depth] t=16.9800 id=36 src=motion2 u=609.0 v=410.0 depth=8.6733 depth2=-1.0000 track=11 sf=0 flag=ok
[T2depth] t=16.9800 id=38 src=motion2 u=523.0 v=323.0 depth=8.2634 depth2=-1.0000 track=11 sf=0 flag=ok
[T2depth] t=16.9800 id=39 src=motion2 u=619.0 v=320.0 depth=10.4581 depth2=-1.0000 track=11 sf=0 flag=ok
[T2depth] t=16.9800 id=41 src=motion2 u=434.0 v=407.0 depth=10.1767 depth2=-1.0000 track=11 sf=0 flag=ok
[T2depth] t=16.9800 id=44 src=motion2 u=615.0 v=452.0 depth=9.8152 depth2=-1.0000 track=11 sf=0 flag=ok
[T2depth] t=16.9800 id=45 src=motion2 u=237.0 v=378.0 depth=6.8072 depth2=-1.0000 track=11 sf=0 flag=ok
[T2depth] t=16.9800 id=46 src=motion2 u=511.0 v=439.0 depth=7.1470 depth2=-1.0000 track=11 sf=0 flag=ok
[T2depth] t=16.9800 id=47 src=motion2 u=386.0 v=433.0 depth=7.4607 depth2=-1.0000 track=11 sf=0 flag=ok
[T2depth] t=16.9800 id=48 src=motion2 u=471.0 v=320.0 depth=11.7464 depth2=-1.0000 track=11 sf=0 flag=ok
[T2depth] t=16.9800 id=49 src=motion2 u=229.0 v=431.0 depth=13.1186 depth2=-1.0000 track=11 sf=0 flag=ok
[T2depth] t=16.9800 id=53 src=motion2 u=285.0 v=316.0 depth=8.1994 depth2=-1.0000 track=11 sf=0 flag=ok
[T2depth] t=16.9800 id=54 src=motion2 u=588.0 v=363.0 depth=8.7893 depth2=-1.0000 track=11 sf=0 flag=ok
[T2depth] t=16.9800 id=55 src=motion2 u=519.0 v=389.0 depth=11.3033 depth2=-1.0000 track=11 sf=0 flag=ok
[T2depth] t=16.9800 id=57 src=motion2 u=578.0 v=459.0 depth=7.7252 depth2=-1.0000 track=11 sf=0 flag=ok
[T2depth] t=16.9800 id=61 src=motion2 u=579.0 v=427.0 depth=9.1249 depth2=-1.0000 track=11 sf=0 flag=ok
[T2depth] t=16.9800 id=62 src=motion2 u=453.0 v=294.0 depth=8.0871 depth2=-1.0000 track=11 sf=0 flag=ok
[T2depth] t=16.9800 id=63 src=motion2 u=429.0 v=335.0 depth=11.5426 depth2=-1.0000 track=11 sf=0 flag=ok
[T2depth] t=16.9800 id=64 src=motion2 u=567.0 v=307.0 depth=11.3277 depth2=-1.0000 track=11 sf=0 flag=ok
[T2depth] t=16.9800 id=69 src=motion2 u=478.0 v=476.0 depth=6.5939 depth2=-1.0000 track=11 sf=0 flag=ok
[T2depth] t=16.9800 id=70 src=motion2 u=326.0 v=375.0 depth=8.5898 depth2=-1.0000 track=11 sf=0 flag=ok
[T2depth] t=16.9800 id=71 src=motion2 u=464.0 v=413.0 depth=9.4231 depth2=-1.0000 track=11 sf=0 flag=ok
[T2depth] t=16.9800 id=74 src=stereo u=294.0 v=411.0 depth=5.0000 depth2=-1.0000 track=11 sf=0 flag=init_neg
[T2depth] t=16.9800 id=75 src=motion2 u=416.0 v=467.0 depth=9.5698 depth2=-1.0000 track=11 sf=0 flag=ok
[T2depth] t=16.9800 id=76 src=motion2 u=354.0 v=291.0 depth=7.4164 depth2=-1.0000 track=11 sf=0 flag=ok
[T2depth] t=16.9800 id=78 src=motion2 u=289.0 v=453.0 depth=10.6276 depth2=-1.0000 track=11 sf=0 flag=ok
[T2depth] t=16.9800 id=80 src=motion2 u=350.0 v=446.0 depth=12.1408 depth2=-1.0000 track=11 sf=0 flag=ok
[T2depth] t=16.9800 id=81 src=motion2 u=428.0 v=367.0 depth=13.8312 depth2=-1.0000 track=11 sf=0 flag=ok
[T2depth] t=16.9800 id=82 src=motion2 u=635.0 v=293.0 depth=8.1570 depth2=-1.0000 track=11 sf=0 flag=ok
[T2depth] t=16.9800 id=83 src=motion2 u=413.0 v=289.0 depth=10.7157 depth2=-1.0000 track=11 sf=0 flag=ok
[T2depth] t=16.9800 id=84 src=motion2 u=521.0 v=292.0 depth=9.8885 depth2=-1.0000 track=11 sf=0 flag=ok
[T2depth] t=16.9800 id=85 src=motion2 u=509.0 v=472.0 depth=8.9141 depth2=-1.0000 track=11 sf=0 flag=ok
[T2depth] t=16.9800 id=86 src=motion2 u=539.0 v=426.0 depth=8.7615 depth2=-1.0000 track=11 sf=0 flag=ok
[T2depth] t=16.9800 id=88 src=motion2 u=638.0 v=426.0 depth=8.5432 depth2=-1.0000 track=11 sf=0 flag=ok
[T2depth] t=16.9800 id=90 src=motion2 u=447.0 v=446.0 depth=13.6813 depth2=-1.0000 track=11 sf=0 flag=ok
[T2depth] t=16.9800 id=93 src=motion2 u=544.0 v=456.0 depth=8.6123 depth2=-1.0000 track=11 sf=0 flag=ok
[T2depth] t=16.9800 id=97 src=motion2 u=325.0 v=464.0 depth=10.4878 depth2=-1.0000 track=11 sf=0 flag=ok
[T2depth] t=16.9800 id=98 src=motion2 u=589.0 v=331.0 depth=11.0354 depth2=-1.0000 track=11 sf=0 flag=ok
[T2depth] t=16.9800 id=99 src=motion2 u=592.0 v=279.0 depth=14.8293 depth2=-1.0000 track=11 sf=0 flag=ok
[T2depth] t=16.9800 id=104 src=motion2 u=286.0 v=275.0 depth=5.9416 depth2=-1.0000 track=11 sf=0 flag=ok
[T2depth] t=16.9800 id=110 src=motion2 u=375.0 v=468.0 depth=21.2158 depth2=-1.0000 track=11 sf=0 flag=ok
[T2depth] t=16.9800 id=117 src=motion2 u=551.0 v=279.0 depth=9.3055 depth2=-1.0000 track=11 sf=0 flag=ok
[T2depth] t=16.9800 id=119 src=motion2 u=415.0 v=249.0 depth=4.3309 depth2=-1.0000 track=11 sf=0 flag=ok
[T2depth] t=16.9800 id=120 src=motion2 u=497.0 v=412.0 depth=7.8147 depth2=-1.0000 track=11 sf=0 flag=ok
[T2depth] t=16.9800 id=130 src=motion2 u=479.0 v=441.0 depth=453.2797 depth2=-1.0000 track=10 sf=1 flag=ok
[T2depth] t=16.9800 id=292 src=motion2 u=61.0 v=248.0 depth=5.0000 depth2=-1.0000 track=2 sf=9 flag=init_neg
[T2gate] t=16.9800 tri=148 rej=0 xrej=0 init_replace=3 gate=0
[T2slv] t=16.9800 phase=1 init_cost=610.235 final_cost=489.749 iters=9 term=1 slv_ms=10.5
[T2diag] t=16.9800 P=[-0.0007 0.0003 -0.0005] V=[-0.0026 0.0010 -0.0053] |Bas|=0.002202 |Bgs|=0.0018594 tic0=[0.1200 0.0500 -0.0200] tic1=[0.1200 -0.0500 -0.0200] td=0.00000 track=120
[E2uls] flag=1 sh_t=17.020 new_t=17.020 dP=[0.0009 0.0006 0.0003] |dP|=0.0011 first_dt=-1.0000
[0m[INFO] [1790711929.957732785, 17.020770196]:  big delta_angle [0m
time: 16.980000, t: -0.000750 0.000282 -0.000468 q: 0.999969 -0.002633 -0.007424 0.000029 
[T2depth] t=17.1080 id=31 src=stereo u=263.0 v=404.1 depth=5.0000 depth2=-1.0000 track=1 sf=10 flag=init_neg
[T2depth] t=17.1080 id=74 src=stereo u=294.0 v=411.1 depth=5.0000 depth2=-1.0000 track=1 sf=10 flag=init_neg
[T2gate] t=17.1080 tri=199 rej=0 xrej=0 init_replace=2 gate=0
[T2slv] t=17.1080 phase=1 init_cost=11.6128 final_cost=7.37602 iters=9 term=1 slv_ms=2.4
[T2diag] t=17.1080 P=[0.0024 0.0064 0.0023] V=[-0.0141 0.0050 0.0033] |Bas|=0.012872 |Bgs|=0.0025644 tic0=[0.1200 0.0500 -0.0200] tic1=[0.1200 -0.0500 -0.0200] td=0.00000 track=9
[E2uls] flag=1 sh_t=17.132 new_t=17.132 dP=[-0.0032 -0.0059 -0.0038] |dP|=0.0077 first_dt=-1.0000
time: 17.108000, t: 0.002397 0.006350 0.002281 q: 0.999960 -0.002953 -0.008335 -0.000923 
[T2depth] t=17.2080 id=2 src=motion2 u=191.0 v=340.1 depth=2.6203 depth2=-1.0000 track=2 sf=9 flag=ok
[T2depth] t=17.2080 id=3 src=motion2 u=159.0 v=342.1 depth=2.8160 depth2=-1.0000 track=2 sf=9 flag=ok
[T2depth] t=17.2080 id=4 src=motion2 u=225.0 v=347.1 depth=2.3879 depth2=-1.0000 track=2 sf=9 flag=ok
[T2depth] t=17.2080 id=5 src=motion2 u=617.0 v=372.0 depth=5.0000 depth2=-1.0000 track=2 sf=9 flag=init_neg
[T2depth] t=17.2080 id=6 src=motion2 u=3.0 v=375.1 depth=3.6219 depth2=-1.0000 track=2 sf=9 flag=ok
[T2depth] t=17.2080 id=7 src=motion2 u=309.0 v=349.1 depth=1.6379 depth2=-1.0000 track=2 sf=9 flag=ok
[T2depth] t=17.2080 id=8 src=motion2 u=256.0 v=334.1 depth=2.0904 depth2=-1.0000 track=2 sf=9 flag=ok
[T2depth] t=17.2080 id=9 src=motion2 u=399.0 v=343.1 depth=0.8241 depth2=-1.0000 track=2 sf=9 flag=ok
[T2depth] t=17.2080 id=10 src=motion2 u=264.0 v=363.1 depth=2.0018 depth2=-1.0000 track=2 sf=9 flag=ok
[T2depth] t=17.2080 id=11 src=motion2 u=116.0 v=361.1 depth=3.0799 depth2=-1.0000 track=2 sf=9 flag=ok
[T2depth] t=17.2080 id=12 src=motion2 u=386.0 v=387.1 depth=0.9347 depth2=-1.0000 track=2 sf=9 flag=ok
[T2depth] t=17.2080 id=13 src=motion2 u=292.0 v=375.1 depth=1.8068 depth2=-1.0000 track=2 sf=9 flag=ok
[T2depth] t=17.2080 id=14 src=motion2 u=352.0 v=346.1 depth=1.2527 depth2=-1.0000 track=2 sf=9 flag=ok
[T2depth] t=17.2080 id=15 src=motion2 u=555.0 v=356.0 depth=5.0000 depth2=-1.0000 track=2 sf=9 flag=init_neg
[T2depth] t=17.2080 id=16 src=motion2 u=52.0 v=411.1 depth=3.4984 depth2=-1.0000 track=2 sf=9 flag=ok
[T2depth] t=17.2080 id=17 src=motion2 u=89.0 v=386.1 depth=3.3525 depth2=-1.0000 track=2 sf=9 flag=ok
[T2depth] t=17.2080 id=18 src=motion2 u=559.0 v=387.1 depth=5.0000 depth2=-1.0000 track=2 sf=9 flag=init_neg
[T2depth] t=17.2080 id=19 src=motion2 u=456.0 v=349.1 depth=0.3067 depth2=-1.0000 track=2 sf=9 flag=ok
[T2depth] t=17.2080 id=20 src=motion2 u=203.0 v=388.1 depth=2.5691 depth2=-1.0000 track=2 sf=9 flag=ok
[T2depth] t=17.2080 id=21 src=motion2 u=142.0 v=394.1 depth=2.9820 depth2=-1.0000 track=2 sf=9 flag=ok
[T2depth] t=17.2080 id=22 src=motion2 u=505.0 v=361.1 depth=5.0000 depth2=-1.0000 track=2 sf=9 flag=init_neg
[T2depth] t=17.2080 id=23 src=motion2 u=45.0 v=348.1 depth=3.2441 depth2=-1.0000 track=2 sf=9 flag=ok
[T2depth] t=17.2080 id=25 src=motion2 u=356.0 v=386.1 depth=1.2314 depth2=-1.0000 track=2 sf=9 flag=ok
[T2depth] t=17.2080 id=26 src=motion2 u=127.0 v=420.1 depth=3.0772 depth2=-1.0000 track=2 sf=9 flag=ok
[T2depth] t=17.2080 id=27 src=motion2 u=5.1 v=342.1 depth=3.3358 depth2=-1.0000 track=2 sf=9 flag=ok
[T2depth] t=17.2080 id=28 src=motion2 u=475.0 v=380.1 depth=0.1510 depth2=-1.0000 track=2 sf=9 flag=ok
[T2depth] t=17.2080 id=29 src=motion2 u=637.0 v=347.0 depth=5.0000 depth2=-1.0000 track=2 sf=9 flag=init_neg
[T2depth] t=17.2080 id=30 src=motion2 u=89.1 v=320.1 depth=2.9428 depth2=-1.0000 track=2 sf=9 flag=ok
[T2xcross] t=17.2080 id=31 est=5.0000 svd=2.1632 rel=0.5674 track=2 sf=9
[T2depth] t=17.2080 id=32 src=motion2 u=198.0 v=446.1 depth=2.8444 depth2=-1.0000 track=2 sf=9 flag=ok
[T2depth] t=17.2080 id=33 src=motion2 u=55.1 v=318.1 depth=3.3404 depth2=-1.0000 track=2 sf=9 flag=ok
[T2depth] t=17.2080 id=34 src=motion2 u=318.0 v=311.0 depth=1.6874 depth2=-1.0000 track=2 sf=9 flag=ok
[T2depth] t=17.2080 id=35 src=motion2 u=226.0 v=468.1 depth=2.7682 depth2=-1.0000 track=2 sf=9 flag=ok
[T2depth] t=17.2080 id=36 src=motion2 u=609.0 v=410.1 depth=5.0000 depth2=-1.0000 track=2 sf=9 flag=init_neg
[T2depth] t=17.2080 id=37 src=motion2 u=71.0 v=435.1 depth=3.3506 depth2=-1.0000 track=2 sf=9 flag=ok
[T2depth] t=17.2080 id=38 src=motion2 u=523.0 v=323.0 depth=5.0000 depth2=-1.0000 track=2 sf=9 flag=init_neg
[T2depth] t=17.2080 id=39 src=motion2 u=619.0 v=320.0 depth=5.0000 depth2=-1.0000 track=2 sf=9 flag=init_neg
[T2depth] t=17.2080 id=41 src=motion2 u=434.0 v=407.1 depth=0.5791 depth2=-1.0000 track=2 sf=9 flag=ok
[T2depth] t=17.2080 id=42 src=motion2 u=329.0 v=413.1 depth=1.5921 depth2=-1.0000 track=2 sf=9 flag=ok
[T2depth] t=17.2080 id=43 src=motion2 u=163.0 v=464.1 depth=3.2998 depth2=-1.0000 track=2 sf=9 flag=ok
[T2depth] t=17.2080 id=44 src=motion2 u=615.0 v=452.1 depth=5.0000 depth2=-1.0000 track=2 sf=9 flag=init_neg
[T2depth] t=17.2080 id=45 src=motion2 u=237.0 v=378.1 depth=2.3990 depth2=-1.0000 track=2 sf=9 flag=ok
[T2depth] t=17.2080 id=46 src=motion2 u=511.0 v=439.1 depth=5.0000 depth2=-1.0000 track=2 sf=9 flag=init_neg
[T2depth] t=17.2080 id=47 src=motion2 u=386.0 v=433.1 depth=1.2571 depth2=-1.0000 track=2 sf=9 flag=ok
[T2depth] t=17.2080 id=48 src=motion2 u=471.0 v=320.0 depth=0.2383 depth2=-1.0000 track=2 sf=9 flag=ok
[T2depth] t=17.2080 id=49 src=motion2 u=229.0 v=431.1 depth=2.5676 depth2=-1.0000 track=2 sf=9 flag=ok
[T2depth] t=17.2080 id=50 src=motion2 u=40.0 v=456.1 depth=3.8994 depth2=-1.0000 track=2 sf=9 flag=ok
[T2depth] t=17.2080 id=51 src=motion2 u=380.0 v=316.0 depth=1.1029 depth2=-1.0000 track=2 sf=9 flag=ok
[T2depth] t=17.2080 id=52 src=motion2 u=11.0 v=424.1 depth=3.3398 depth2=-1.0000 track=2 sf=9 flag=ok
[T2depth] t=17.2080 id=53 src=motion2 u=285.0 v=316.0 depth=1.9081 depth2=-1.0000 track=2 sf=9 flag=ok
[T2depth] t=17.2080 id=54 src=motion2 u=588.0 v=363.0 depth=5.0000 depth2=-1.0000 track=2 sf=9 flag=init_neg
[T2depth] t=17.2080 id=55 src=motion2 u=519.0 v=389.1 depth=5.0000 depth2=-1.0000 track=2 sf=9 flag=init_neg
[T2depth] t=17.2080 id=56 src=motion2 u=211.0 v=316.1 depth=2.5513 depth2=-1.0000 track=2 sf=9 flag=ok
[T2depth] t=17.2080 id=57 src=motion2 u=578.0 v=459.1 depth=5.0000 depth2=-1.0000 track=2 sf=9 flag=init_neg
[T2depth] t=17.2080 id=58 src=motion2 u=102.0 v=437.1 depth=3.4701 depth2=-1.0000 track=2 sf=9 flag=ok
[T2depth] t=17.2080 id=59 src=motion2 u=182.0 v=412.1 depth=2.6999 depth2=-1.0000 track=2 sf=9 flag=ok
[T2depth] t=17.2080 id=60 src=motion2 u=143.0 v=313.1 depth=3.0420 depth2=-1.0000 track=2 sf=9 flag=ok
[T2depth] t=17.2080 id=61 src=motion2 u=579.0 v=427.1 depth=5.0000 depth2=-1.0000 track=2 sf=9 flag=init_neg
[T2depth] t=17.2080 id=62 src=motion2 u=453.0 v=294.0 depth=0.4924 depth2=-1.0000 track=2 sf=9 flag=ok
[T2depth] t=17.2080 id=63 src=motion2 u=429.0 v=335.1 depth=0.5595 depth2=-1.0000 track=2 sf=9 flag=ok
[T2depth] t=17.2080 id=64 src=motion2 u=567.0 v=307.0 depth=5.0000 depth2=-1.0000 track=2 sf=9 flag=init_neg
[T2depth] t=17.2080 id=65 src=motion2 u=256.0 v=299.0 depth=2.1591 depth2=-1.0000 track=2 sf=9 flag=ok
[T2depth] t=17.2080 id=66 src=motion2 u=79.1 v=353.1 depth=3.1819 depth2=-1.0000 track=2 sf=9 flag=ok
[T2depth] t=17.2080 id=67 src=motion2 u=88.0 v=464.1 depth=3.3387 depth2=-1.0000 track=2 sf=9 flag=ok
[T2depth] t=17.2080 id=68 src=motion2 u=172.0 v=294.1 depth=2.6752 depth2=-1.0000 track=2 sf=9 flag=ok
[T2depth] t=17.2080 id=69 src=motion2 u=478.0 v=476.1 depth=5.0000 depth2=-1.0000 track=2 sf=9 flag=init_neg
[T2depth] t=17.2080 id=70 src=motion2 u=326.0 v=375.1 depth=1.4901 depth2=-1.0000 track=2 sf=9 flag=ok
[T2depth] t=17.2080 id=71 src=motion2 u=464.0 v=413.1 depth=0.2633 depth2=-1.0000 track=2 sf=9 flag=ok
[T2depth] t=17.2080 id=72 src=motion2 u=42.0 v=380.1 depth=3.3557 depth2=-1.0000 track=2 sf=9 flag=ok
[T2depth] t=17.2080 id=73 src=motion2 u=121.1 v=286.1 depth=3.1197 depth2=-1.0000 track=2 sf=9 flag=ok
[T2xcross] t=17.2080 id=74 est=5.0000 svd=2.0332 rel=0.5934 track=2 sf=9
[T2depth] t=17.2080 id=75 src=motion2 u=416.0 v=467.1 depth=1.6535 depth2=-1.0000 track=2 sf=9 flag=ok
[T2depth] t=17.2080 id=76 src=motion2 u=354.0 v=291.0 depth=1.4064 depth2=-1.0000 track=2 sf=9 flag=ok
[T2depth] t=17.2080 id=78 src=motion2 u=289.0 v=453.1 depth=2.2951 depth2=-1.0000 track=2 sf=9 flag=ok
[T2depth] t=17.2080 id=79 src=motion2 u=174.0 v=377.1 depth=2.7413 depth2=-1.0000 track=2 sf=9 flag=ok
[T2depth] t=17.2080 id=80 src=motion2 u=350.0 v=446.1 depth=1.5923 depth2=-1.0000 track=2 sf=9 flag=ok
[T2depth] t=17.2080 id=81 src=motion2 u=428.0 v=367.1 depth=0.5303 depth2=-1.0000 track=2 sf=9 flag=ok
[T2depth] t=17.2080 id=82 src=motion2 u=635.0 v=293.0 depth=5.0000 depth2=-1.0000 track=2 sf=9 flag=init_neg
[T2depth] t=17.2080 id=83 src=motion2 u=413.0 v=289.0 depth=0.8896 depth2=-1.0000 track=2 sf=9 flag=ok
[T2depth] t=17.2080 id=84 src=motion2 u=521.0 v=292.0 depth=5.0000 depth2=-1.0000 track=2 sf=9 flag=init_neg
[T2depth] t=17.2080 id=85 src=motion2 u=509.0 v=472.1 depth=5.0000 depth2=-1.0000 track=2 sf=9 flag=init_neg
[T2depth] t=17.2080 id=86 src=motion2 u=539.0 v=426.1 depth=5.0000 depth2=-1.0000 track=2 sf=9 flag=init_neg
[T2depth] t=17.2080 id=87 src=motion2 u=11.1 v=309.1 depth=3.3884 depth2=-1.0000 track=2 sf=9 flag=ok
[T2depth] t=17.2080 id=88 src=motion2 u=638.0 v=426.1 depth=5.0000 depth2=-1.0000 track=2 sf=9 flag=init_neg
[T2depth] t=17.2080 id=89 src=motion2 u=92.5 v=243.0 depth=0.2607 depth2=-1.0000 track=2 sf=9 flag=ok
[T2depth] t=17.2080 id=90 src=motion2 u=447.0 v=446.1 depth=0.8563 depth2=-1.0000 track=2 sf=9 flag=ok
[T2depth] t=17.2080 id=91 src=motion2 u=156.0 v=430.1 depth=3.0416 depth2=-1.0000 track=2 sf=9 flag=ok
[T2depth] t=17.2080 id=92 src=motion2 u=261.0 v=468.1 depth=2.5754 depth2=-1.0000 track=2 sf=9 flag=ok
[T2depth] t=17.2080 id=93 src=motion2 u=544.0 v=456.1 depth=5.0000 depth2=-1.0000 track=2 sf=9 flag=init_neg
[T2depth] t=17.2080 id=94 src=motion2 u=42.1 v=290.0 depth=3.2838 depth2=-1.0000 track=2 sf=9 flag=ok
[T2depth] t=17.2080 id=97 src=motion2 u=325.0 v=464.1 depth=1.9606 depth2=-1.0000 track=2 sf=9 flag=ok
[T2depth] t=17.2080 id=98 src=motion2 u=589.0 v=331.0 depth=5.0000 depth2=-1.0000 track=2 sf=9 flag=init_neg
[T2depth] t=17.2080 id=99 src=motion2 u=592.0 v=279.0 depth=5.0000 depth2=-1.0000 track=2 sf=9 flag=init_neg
[T2depth] t=17.2080 id=100 src=motion2 u=15.1 v=476.1 depth=3.8891 depth2=-1.0000 track=2 sf=9 flag=ok
[T2depth] t=17.2080 id=101 src=motion2 u=204.0 v=281.0 depth=2.5349 depth2=-1.0000 track=2 sf=9 flag=ok
[T2depth] t=17.2080 id=103 src=motion2 u=16.2 v=274.0 depth=3.2985 depth2=-1.0000 track=2 sf=9 flag=ok
[T2depth] t=17.2080 id=104 src=motion2 u=286.0 v=275.0 depth=1.9598 depth2=-1.0000 track=2 sf=9 flag=ok
[T2depth] t=17.2080 id=105 src=motion2 u=125.2 v=478.1 depth=3.1355 depth2=-1.0000 track=2 sf=9 flag=ok
[T2depth] t=17.2080 id=108 src=motion2 u=236.0 v=276.0 depth=2.3119 depth2=-1.0000 track=2 sf=9 flag=ok
[T2depth] t=17.2080 id=109 src=motion2 u=76.2 v=289.0 depth=2.9750 depth2=-1.0000 track=2 sf=9 flag=ok
[T2depth] t=17.2080 id=110 src=motion2 u=375.0 v=468.1 depth=1.6093 depth2=-1.0000 track=2 sf=9 flag=ok
[T2depth] t=17.2080 id=111 src=motion2 u=263.0 v=437.1 depth=2.1949 depth2=-1.0000 track=2 sf=9 flag=ok
[T2depth] t=17.2080 id=117 src=motion2 u=551.0 v=279.0 depth=5.0000 depth2=-1.0000 track=2 sf=9 flag=init_neg
[T2depth] t=17.2080 id=118 src=motion2 u=322.0 v=279.0 depth=1.8323 depth2=-1.0000 track=2 sf=9 flag=ok
[T2depth] t=17.2080 id=119 src=motion2 u=415.0 v=249.0 depth=11.2753 depth2=-1.0000 track=2 sf=9 flag=ok
[T2depth] t=17.2080 id=120 src=motion2 u=497.0 v=412.1 depth=5.0000 depth2=-1.0000 track=2 sf=9 flag=init_neg
[T2depth] t=17.2080 id=128 src=motion2 u=197.0 v=478.1 depth=2.7770 depth2=-1.0000 track=2 sf=9 flag=ok
[T2depth] t=17.2080 id=130 src=motion2 u=479.0 v=441.1 depth=0.1793 depth2=-1.0000 track=2 sf=9 flag=ok
[T2depth] t=17.2080 id=203 src=motion2 u=638.0 v=476.0 depth=5.0000 depth2=-1.0000 track=2 sf=9 flag=init_neg
[T2depth] t=17.2080 id=313 src=motion2 u=249.0 v=248.0 depth=1.8809 depth2=-1.0000 track=2 sf=9 flag=ok
[T2depth] t=17.2080 id=326 src=motion2 u=61.0 v=248.0 depth=2.2885 depth2=-1.0000 track=2 sf=9 flag=ok
[T2gate] t=17.2080 tri=198 rej=0 xrej=0 init_replace=27 gate=0
[T2slv] t=17.2080 phase=1 init_cost=7.77989 final_cost=6.654 iters=9 term=1 slv_ms=2.3
[T2diag] t=17.2080 P=[0.0195 0.0170 -0.0005] V=[0.0032 0.0134 0.0009] |Bas|=0.014807 |Bgs|=0.0041016 tic0=[0.1200 0.0500 -0.0200] tic1=[0.1200 -0.0500 -0.0200] td=0.00000 track=120
[E2uls] flag=1 sh_t=17.236 new_t=17.236 dP=[-0.0195 -0.0101 0.0032] |dP|=0.0222 first_dt=-1.0000
time: 17.208000, t: 0.019488 0.017012 -0.000533 q: 0.999958 -0.003039 -0.008193 -0.002667 
[T2depth] t=17.3080 id=332 src=motion2 u=620.0 v=266.0 depth=1.2204 depth2=-1.0000 track=2 sf=9 flag=ok
[T2gate] t=17.3080 tri=91 rej=0 xrej=0 init_replace=0 gate=0
[T2slv] t=17.3080 phase=1 init_cost=13.7383 final_cost=13.1839 iters=9 term=1 slv_ms=9.4
[T2diag] t=17.3080 P=[0.0229 0.0237 -0.0008] V=[0.0050 0.0168 0.0037] |Bas|=0.015449 |Bgs|=0.0049918 tic0=[0.1200 0.0500 -0.0200] tic1=[0.1200 -0.0500 -0.0200] td=0.00000 track=120
[E2uls] flag=1 sh_t=17.348 new_t=17.348 dP=[-0.0034 -0.0052 0.0005] |dP|=0.0062 first_dt=-1.0000
time: 17.308000, t: 0.022943 0.023694 -0.000758 q: 0.999955 -0.003135 -0.008148 -0.003629 
[T2depth] t=17.4080 id=347 src=motion2 u=65.1 v=245.0 depth=1.7264 depth2=-1.0000 track=2 sf=9 flag=ok
[T2gate] t=17.4080 tri=89 rej=0 xrej=0 init_replace=0 gate=0
[T2slv] t=17.4080 phase=1 init_cost=333.042 final_cost=170.428 iters=9 term=1 slv_ms=8.5
[T2diag] t=17.4080 P=[0.0151 0.0112 -0.0023] V=[-0.0054 0.0063 -0.0004] |Bas|=0.010815 |Bgs|=0.0021834 tic0=[0.1200 0.0500 -0.0200] tic1=[0.1200 -0.0500 -0.0200] td=0.00000 track=121
[E2uls] flag=1 sh_t=17.440 new_t=17.440 dP=[0.0088 0.0152 0.0021] |dP|=0.0177 first_dt=-1.0000
time: 17.408000, t: 0.015060 0.011212 -0.002285 q: 0.999958 -0.002931 -0.008502 -0.001868 
[T2depth] t=17.5080 id=31 src=stereo u=263.0 v=404.1 depth=5.0000 depth2=-1.0000 track=1 sf=10 flag=init_neg
[T2depth] t=17.5080 id=74 src=stereo u=294.0 v=411.1 depth=5.0000 depth2=-1.0000 track=1 sf=10 flag=init_neg
[T2gate] t=17.5080 tri=91 rej=0 xrej=0 init_replace=2 gate=0
[T2slv] t=17.5080 phase=1 init_cost=24.499 final_cost=23.8193 iters=9 term=1 slv_ms=3.9
[T2diag] t=17.5080 P=[0.0152 0.0139 -0.0023] V=[-0.0068 0.0070 0.0015] |Bas|=0.010710 |Bgs|=0.0024816 tic0=[0.1200 0.0500 -0.0200] tic1=[0.1200 -0.0500 -0.0200] td=0.00000 track=118
[E2uls] flag=1 sh_t=17.540 new_t=17.540 dP=[-0.0008 -0.0019 0.0001] |dP|=0.0021 first_dt=-1.0000
time: 17.508000, t: 0.015172 0.013860 -0.002257 q: 0.999956 -0.002917 -0.008593 -0.002346 
[T2depth] t=17.6080 id=376 src=motion2 u=66.1 v=244.0 depth=5.6764 depth2=-1.0000 track=2 sf=9 flag=ok
[T2gate] t=17.6080 tri=89 rej=0 xrej=0 init_replace=0 gate=0
[T2slv] t=17.6080 phase=1 init_cost=28.7498 final_cost=25.992 iters=9 term=1 slv_ms=8.6
[T2diag] t=17.6080 P=[0.0180 0.0231 -0.0009] V=[-0.0024 0.0171 0.0033] |Bas|=0.012984 |Bgs|=0.0035865 tic0=[0.1200 0.0500 -0.0200] tic1=[0.1200 -0.0500 -0.0200] td=0.00000 track=121
[E2uls] flag=1 sh_t=17.644 new_t=17.644 dP=[-0.0040 -0.0082 -0.0013] |dP|=0.0092 first_dt=-1.0000
time: 17.608000, t: 0.018048 0.023050 -0.000899 q: 0.999957 -0.003022 -0.008095 -0.003370 
[T2xcross] t=17.7080 id=31 est=5.0000 svd=3.2881 rel=0.3424 track=2 sf=9
[T2xcross] t=17.7080 id=74 est=5.0000 svd=3.2161 rel=0.3568 track=2 sf=9
[T2gate] t=17.7080 tri=87 rej=0 xrej=0 init_replace=0 gate=0
[T2slv] t=17.7080 phase=1 init_cost=28.1555 final_cost=27.0337 iters=9 term=1 slv_ms=13.2
[T2diag] t=17.7080 P=[0.0193 0.0270 -0.0011] V=[-0.0054 0.0194 0.0017] |Bas|=0.011322 |Bgs|=0.0038073 tic0=[0.1200 0.0500 -0.0200] tic1=[0.1200 -0.0500 -0.0200] td=0.00000 track=121
[E2uls] flag=1 sh_t=17.748 new_t=17.748 dP=[-0.0018 -0.0020 0.0011] |dP|=0.0029 first_dt=-1.0000
time: 17.708000, t: 0.019251 0.027028 -0.001117 q: 0.999954 -0.003253 -0.008186 -0.003773 
[T2gate] t=17.8080 tri=88 rej=0 xrej=0 init_replace=0 gate=0
[T2slv] t=17.8080 phase=1 init_cost=23.3462 final_cost=22.142 iters=9 term=1 slv_ms=14.5
[T2diag] t=17.8080 P=[0.0185 0.0205 -0.0009] V=[0.0013 0.0062 0.0028] |Bas|=0.010565 |Bgs|=0.0027942 tic0=[0.1200 0.0500 -0.0200] tic1=[0.1200 -0.0500 -0.0200] td=0.00000 track=119
[E2uls] flag=1 sh_t=17.860 new_t=17.860 dP=[-0.0004 0.0095 0.0004] |dP|=0.0095 first_dt=-1.0000
time: 17.808000, t: 0.018464 0.020452 -0.000875 q: 0.999961 -0.002840 -0.007808 -0.003046 
[T2depth] t=17.9080 id=267 src=motion2 u=446.0 v=77.0 depth=0.1148 depth2=-1.0000 track=2 sf=9 flag=ok
[T2gate] t=17.9080 tri=89 rej=0 xrej=0 init_replace=0 gate=0
[T2slv] t=17.9080 phase=1 init_cost=45.7078 final_cost=22.9904 iters=9 term=1 slv_ms=7.9
[T2diag] t=17.9080 P=[0.0161 0.0121 -0.0009] V=[-0.0052 0.0009 0.0032] |Bas|=0.007932 |Bgs|=0.0017326 tic0=[0.1200 0.0500 -0.0200] tic1=[0.1200 -0.0500 -0.0200] td=0.00000 track=120
[E2uls] flag=1 sh_t=17.940 new_t=17.940 dP=[0.0023 0.0093 0.0008] |dP|=0.0096 first_dt=-1.0000
time: 17.908000, t: 0.016136 0.012115 -0.000922 q: 0.999964 -0.002529 -0.007827 -0.002079 
[T2gate] t=18.0080 tri=88 rej=0 xrej=0 init_replace=0 gate=0
[T2slv] t=18.0080 phase=1 init_cost=25.8575 final_cost=22.8449 iters=9 term=1 slv_ms=15.3
[T2diag] t=18.0080 P=[0.0159 0.0118 -0.0007] V=[-0.0031 -0.0008 0.0031] |Bas|=0.006422 |Bgs|=0.0016936 tic0=[0.1200 0.0500 -0.0200] tic1=[0.1200 -0.0500 -0.0200] td=0.00000 track=119
[E2uls] flag=1 sh_t=18.052 new_t=18.052 dP=[-0.0006 0.0002 0.0007] |dP|=0.0009 first_dt=-1.0000
time: 18.008000, t: 0.015885 0.011817 -0.000700 q: 0.999964 -0.002596 -0.007802 -0.001969 
[T2gate] t=18.0800 tri=90 rej=0 xrej=0 init_replace=0 gate=0
[T2slv] t=18.0800 phase=1 init_cost=81.7914 final_cost=37.015 iters=9 term=1 slv_ms=8.2
[T2diag] t=18.0800 P=[0.0131 0.0091 -0.0010] V=[-0.0064 -0.0015 0.0013] |Bas|=0.005210 |Bgs|=0.0011242 tic0=[0.1200 0.0500 -0.0200] tic1=[0.1200 -0.0500 -0.0200] td=0.00000 track=119
[E2uls] flag=1 sh_t=18.116 new_t=18.116 dP=[0.0025 0.0024 0.0009] |dP|=0.0036 first_dt=-1.0000
time: 18.080000, t: 0.013135 0.009102 -0.001047 q: 0.999964 -0.002703 -0.007898 -0.001393 
[T2depth] t=18.2080 id=17 src=stereo u=89.0 v=386.2 depth=5.0000 depth2=-1.0000 track=1 sf=10 flag=init_neg
[T2gate] t=18.2080 tri=93 rej=0 xrej=0 init_replace=1 gate=0
[T2slv] t=18.2080 phase=1 init_cost=30.8334 final_cost=25.1629 iters=9 term=1 slv_ms=5.3
[T2diag] t=18.2080 P=[0.0152 0.0131 -0.0005] V=[-0.0040 0.0042 0.0023] |Bas|=0.005139 |Bgs|=0.0016558 tic0=[0.1200 0.0500 -0.0200] tic1=[0.1200 -0.0500 -0.0200] td=0.00000 track=118
[E2uls] flag=1 sh_t=18.240 new_t=18.240 dP=[-0.0037 -0.0045 -0.0002] |dP|=0.0058 first_dt=-1.0000
time: 18.208000, t: 0.015225 0.013135 -0.000461 q: 0.999963 -0.003002 -0.007722 -0.002148 
[T2xcross] t=18.3080 id=17 est=5.0000 svd=1.0266 rel=0.7947 track=2 sf=9
[T2gate] t=18.3080 tri=92 rej=0 xrej=0 init_replace=0 gate=0
[T2slv] t=18.3080 phase=1 init_cost=28.1957 final_cost=24.3216 iters=9 term=1 slv_ms=6.0
[T2diag] t=18.3080 P=[0.0151 0.0136 -0.0004] V=[-0.0046 0.0052 -0.0006] |Bas|=0.004806 |Bgs|=0.0016294 tic0=[0.1200 0.0500 -0.0200] tic1=[0.1200 -0.0500 -0.0200] td=0.00000 track=119
[E2uls] flag=1 sh_t=18.336 new_t=18.336 dP=[-0.0007 0.0002 0.0000] |dP|=0.0008 first_dt=-1.0000
time: 18.308000, t: 0.015134 0.013633 -0.000398 q: 0.999963 -0.003104 -0.007774 -0.002167 
[T2gate] t=18.4080 tri=92 rej=0 xrej=0 init_replace=0 gate=0
[T2slv] t=18.4080 phase=1 init_cost=24.8761 final_cost=23.1579 iters=9 term=1 slv_ms=7.6
[T2diag] t=18.4080 P=[0.0156 0.0175 -0.0002] V=[-0.0024 0.0082 0.0048] |Bas|=0.006910 |Bgs|=0.0018289 tic0=[0.1200 0.0500 -0.0200] tic1=[0.1200 -0.0500 -0.0200] td=0.00000 track=119
[E2uls] flag=1 sh_t=18.440 new_t=18.440 dP=[-0.0011 -0.0029 -0.0006] |dP|=0.0032 first_dt=-1.0000
time: 18.408000, t: 0.015575 0.017495 -0.000184 q: 0.999963 -0.003317 -0.007579 -0.002495 
[T2gate] t=18.5080 tri=92 rej=0 xrej=0 init_replace=0 gate=0
[T2slv] t=18.5080 phase=1 init_cost=24.155 final_cost=22.8031 iters=9 term=1 slv_ms=7.2
[T2diag] t=18.5080 P=[0.0158 0.0167 -0.0007] V=[-0.0017 0.0060 -0.0003] |Bas|=0.006658 |Bgs|=0.0016866 tic0=[0.1200 0.0500 -0.0200] tic1=[0.1200 -0.0500 -0.0200] td=0.00000 track=119
[E2uls] flag=1 sh_t=18.544 new_t=18.544 dP=[-0.0003 0.0022 0.0009] |dP|=0.0024 first_dt=-1.0000
time: 18.508000, t: 0.015798 0.016719 -0.000706 q: 0.999963 -0.003100 -0.007685 -0.002414 
[T2gate] t=18.6120 tri=91 rej=0 xrej=0 init_replace=0 gate=0
[T2slv] t=18.6120 phase=1 init_cost=25.1128 final_cost=23.791 iters=9 term=1 slv_ms=6.3
[T2diag] t=18.6120 P=[0.0155 0.0168 -0.0006] V=[0.0018 0.0099 -0.0008] |Bas|=0.006098 |Bgs|=0.0015902 tic0=[0.1200 0.0500 -0.0200] tic1=[0.1200 -0.0500 -0.0200] td=0.00000 track=119
[E2uls] flag=1 sh_t=18.648 new_t=18.648 dP=[-0.0001 0.0014 0.0000] |dP|=0.0014 first_dt=-1.0000
time: 18.612000, t: 0.015530 0.016771 -0.000610 q: 0.999963 -0.003115 -0.007675 -0.002518 
[T2gate] t=18.7480 tri=92 rej=0 xrej=0 init_replace=0 gate=0
[T2slv] t=18.7480 phase=1 init_cost=24.7952 final_cost=23.3996 iters=9 term=1 slv_ms=11.5
[T2diag] t=18.7480 P=[0.0149 0.0158 -0.0006] V=[-0.0004 0.0041 0.0001] |Bas|=0.007364 |Bgs|=0.0013726 tic0=[0.1200 0.0500 -0.0200] tic1=[0.1200 -0.0500 -0.0200] td=0.00000 track=118
[E2uls] flag=1 sh_t=18.792 new_t=18.792 dP=[0.0010 0.0029 0.0000] |dP|=0.0031 first_dt=-1.0000
time: 18.748000, t: 0.014933 0.015838 -0.000598 q: 0.999963 -0.002955 -0.007781 -0.002253 
[T2depth] t=18.8440 id=572 src=motion2 u=13.0 v=275.0 depth=1.2677 depth2=-1.0000 track=2 sf=9 flag=ok
[T2depth] t=18.8440 id=574 src=motion2 u=33.0 v=246.0 depth=1.0487 depth2=-1.0000 track=2 sf=9 flag=ok
[T2gate] t=18.8440 tri=92 rej=0 xrej=0 init_replace=0 gate=0
[T2slv] t=18.8440 phase=1 init_cost=24.3449 final_cost=23.1794 iters=9 term=1 slv_ms=6.0
[T2diag] t=18.8440 P=[0.0154 0.0170 -0.0007] V=[-0.0022 0.0087 0.0005] |Bas|=0.007883 |Bgs|=0.0014104 tic0=[0.1200 0.0500 -0.0200] tic1=[0.1200 -0.0500 -0.0200] td=0.00000 track=120
[E2uls] flag=1 sh_t=18.880 new_t=18.880 dP=[-0.0008 -0.0007 0.0001] |dP|=0.0010 first_dt=-1.0000
time: 18.844000, t: 0.015356 0.017042 -0.000674 q: 0.999962 -0.003130 -0.007752 -0.002452 
[T2gate] t=18.9480 tri=94 rej=0 xrej=0 init_replace=0 gate=0
[T2slv] t=18.9480 phase=1 init_cost=25.3135 final_cost=23.6233 iters=9 term=1 slv_ms=7.1
[T2diag] t=18.9480 P=[0.0151 0.0168 -0.0008] V=[-0.0005 0.0066 -0.0031] |Bas|=0.008785 |Bgs|=0.0013322 tic0=[0.1200 0.0500 -0.0200] tic1=[0.1200 -0.0500 -0.0200] td=0.00000 track=117
[E2uls] flag=1 sh_t=18.984 new_t=18.984 dP=[0.0000 0.0020 0.0002] |dP|=0.0020 first_dt=-1.0000
time: 18.948000, t: 0.015051 0.016769 -0.000843 q: 0.999961 -0.003124 -0.007951 -0.002401 
[T2depth] t=19.0440 id=598 src=motion2 u=169.0 v=245.0 depth=0.9978 depth2=-1.0000 track=2 sf=9 flag=ok
[T2depth] t=19.0440 id=600 src=motion2 u=249.0 v=248.0 depth=1.1738 depth2=-1.0000 track=2 sf=9 flag=ok
[T2depth] t=19.0440 id=608 src=motion2 u=150.0 v=273.0 depth=1.2415 depth2=-1.0000 track=2 sf=9 flag=ok
[T2gate] t=19.0440 tri=95 rej=0 xrej=0 init_replace=0 gate=0
[T2slv] t=19.0440 phase=1 init_cost=24.4758 final_cost=23.1155 iters=9 term=1 slv_ms=4.2
[T2diag] t=19.0440 P=[0.0159 0.0183 -0.0009] V=[-0.0007 0.0114 -0.0017] |Bas|=0.008958 |Bgs|=0.0013993 tic0=[0.1200 0.0500 -0.0200] tic1=[0.1200 -0.0500 -0.0200] td=0.00000 track=120
[E2uls] flag=1 sh_t=19.072 new_t=19.072 dP=[-0.0010 -0.0007 -0.0002] |dP|=0.0012 first_dt=-1.0000
time: 19.044000, t: 0.015872 0.018257 -0.000850 q: 0.999959 -0.003223 -0.008000 -0.002646 
[T2gate] t=19.1440 tri=93 rej=0 xrej=0 init_replace=0 gate=0
[T2slv] t=19.1440 phase=1 init_cost=23.9964 final_cost=22.7876 iters=9 term=1 slv_ms=5.2
[T2diag] t=19.1440 P=[0.0158 0.0219 -0.0008] V=[-0.0019 0.0115 -0.0012] |Bas|=0.009777 |Bgs|=0.0015478 tic0=[0.1200 0.0500 -0.0200] tic1=[0.1200 -0.0500 -0.0200] td=0.00000 track=120
[E2uls] flag=1 sh_t=19.164 new_t=19.164 dP=[-0.0003 -0.0021 -0.0003] |dP|=0.0021 first_dt=-1.0000
time: 19.144000, t: 0.015783 0.021893 -0.000755 q: 0.999958 -0.003267 -0.008069 -0.003022 
[T2depth] t=19.2440 id=639 src=motion2 u=621.0 v=266.0 depth=84.7021 depth2=-1.0000 track=2 sf=9 flag=ok
[T2depth] t=19.2440 id=653 src=motion2 u=94.0 v=264.0 depth=231.1563 depth2=-1.0000 track=2 sf=9 flag=ok
[T2gate] t=19.2440 tri=92 rej=0 xrej=0 init_replace=0 gate=0
[T2slv] t=19.2440 phase=1 init_cost=25.9453 final_cost=23.5215 iters=9 term=1 slv_ms=5.3
[T2diag] t=19.2440 P=[0.0147 0.0168 -0.0007] V=[-0.0046 0.0040 -0.0002] |Bas|=0.012632 |Bgs|=0.0011865 tic0=[0.1200 0.0500 -0.0200] tic1=[0.1200 -0.0500 -0.0200] td=0.00000 track=122
[E2uls] flag=1 sh_t=19.272 new_t=19.272 dP=[0.0004 0.0070 -0.0003] |dP|=0.0070 first_dt=-1.0000
time: 19.244000, t: 0.014723 0.016799 -0.000749 q: 0.999960 -0.002913 -0.008089 -0.002373 
[T2gate] t=19.3440 tri=90 rej=0 xrej=0 init_replace=0 gate=0
[T2slv] t=19.3440 phase=1 init_cost=27.4149 final_cost=24.0898 iters=9 term=1 slv_ms=5.4
[T2diag] t=19.3440 P=[0.0147 0.0178 -0.0009] V=[-0.0145 -0.0013 -0.0002] |Bas|=0.015335 |Bgs|=0.0013103 tic0=[0.1200 0.0500 -0.0200] tic1=[0.1200 -0.0500 -0.0200] td=0.00000 track=122
[E2uls] flag=1 sh_t=19.376 new_t=19.376 dP=[-0.0013 -0.0003 0.0001] |dP|=0.0013 first_dt=-1.0000
time: 19.344000, t: 0.014725 0.017812 -0.000873 q: 0.999958 -0.002845 -0.008353 -0.002401 
[T2gate] t=19.4440 tri=90 rej=0 xrej=0 init_replace=0 gate=0
[T2slv] t=19.4440 phase=1 init_cost=26.5942 final_cost=23.8928 iters=9 term=1 slv_ms=4.9
[T2diag] t=19.4440 P=[0.0147 0.0171 -0.0007] V=[-0.0089 -0.0019 0.0042] |Bas|=0.018032 |Bgs|=0.0012659 tic0=[0.1200 0.0500 -0.0200] tic1=[0.1200 -0.0500 -0.0200] td=0.00000 track=122
[E2uls] flag=1 sh_t=19.472 new_t=19.472 dP=[-0.0020 0.0004 -0.0001] |dP|=0.0020 first_dt=-1.0000
time: 19.444000, t: 0.014741 0.017074 -0.000749 q: 0.999959 -0.002782 -0.008272 -0.002389 
[T2gate] t=19.5440 tri=90 rej=0 xrej=0 init_replace=0 gate=0
[T2slv] t=19.5440 phase=1 init_cost=25.8018 final_cost=23.3368 iters=9 term=1 slv_ms=7.1
[T2diag] t=19.5440 P=[0.0150 0.0187 -0.0010] V=[-0.0163 -0.0010 -0.0032] |Bas|=0.021366 |Bgs|=0.0014555 tic0=[0.1200 0.0500 -0.0200] tic1=[0.1200 -0.0500 -0.0200] td=0.00000 track=122
[E2uls] flag=1 sh_t=19.572 new_t=19.572 dP=[-0.0014 -0.0019 0.0009] |dP|=0.0025 first_dt=-1.0000
time: 19.544000, t: 0.014994 0.018664 -0.001004 q: 0.999954 -0.002822 -0.008765 -0.002594 
[T2gate] t=19.6440 tri=90 rej=0 xrej=0 init_replace=0 gate=0
[T2slv] t=19.6440 phase=1 init_cost=27.4193 final_cost=23.7976 iters=9 term=1 slv_ms=7.4
[T2diag] t=19.6440 P=[0.0153 0.0197 -0.0009] V=[-0.0167 -0.0040 0.0001] |Bas|=0.026442 |Bgs|=0.0016669 tic0=[0.1200 0.0500 -0.0200] tic1=[0.1200 -0.0500 -0.0200] td=0.00000 track=122
[E2uls] flag=1 sh_t=19.680 new_t=19.680 dP=[-0.0029 -0.0012 -0.0007] |dP|=0.0032 first_dt=-1.0000
time: 19.644000, t: 0.015311 0.019669 -0.000865 q: 0.999953 -0.002692 -0.008966 -0.002654 
[T2gate] t=19.7440 tri=89 rej=0 xrej=0 init_replace=0 gate=0
[T2slv] t=19.7440 phase=1 init_cost=26.8724 final_cost=23.6543 iters=9 term=1 slv_ms=5.5
[T2diag] t=19.7440 P=[0.0158 0.0191 -0.0008] V=[-0.0108 -0.0026 0.0032] |Bas|=0.030636 |Bgs|=0.0017098 tic0=[0.1200 0.0500 -0.0200] tic1=[0.1200 -0.0500 -0.0200] td=0.00000 track=122
[E2uls] flag=1 sh_t=19.772 new_t=19.772 dP=[-0.0025 0.0005 0.0001] |dP|=0.0025 first_dt=-1.0000
time: 19.744000, t: 0.015800 0.019060 -0.000761 q: 0.999953 -0.002497 -0.009016 -0.002618 
[T2gate] t=19.8440 tri=88 rej=0 xrej=0 init_replace=0 gate=0
[T2slv] t=19.8440 phase=1 init_cost=26.4196 final_cost=23.0119 iters=9 term=1 slv_ms=5.4
[T2diag] t=19.8440 P=[0.0167 0.0211 -0.0007] V=[-0.0109 0.0032 0.0039] |Bas|=0.032311 |Bgs|=0.0017520 tic0=[0.1200 0.0500 -0.0200] tic1=[0.1200 -0.0500 -0.0200] td=0.00000 track=122
[E2uls] flag=1 sh_t=19.872 new_t=19.872 dP=[-0.0024 -0.0028 0.0009] |dP|=0.0038 first_dt=-1.0000
time: 19.844000, t: 0.016661 0.021130 -0.000673 q: 0.999951 -0.002536 -0.009052 -0.002977 
[T2gate] t=19.9440 tri=88 rej=0 xrej=0 init_replace=0 gate=0
[T2slv] t=19.9440 phase=1 init_cost=230.057 final_cost=33.903 iters=9 term=1 slv_ms=11.0
[T2diag] t=19.9440 P=[0.0081 -0.0686 0.0019] V=[-0.0134 -0.0374 0.0071] |Bas|=0.039198 |Bgs|=0.0038898 tic0=[0.1200 0.0500 -0.0200] tic1=[0.1200 -0.0500 -0.0200] td=0.00000 track=121
[E2uls] flag=1 sh_t=19.976 new_t=19.976 dP=[0.0069 0.0916 -0.0020] |dP|=0.0919 first_dt=-1.0000
time: 19.944000, t: 0.008148 -0.068612 0.001933 q: 0.999931 -0.001251 -0.009364 0.006948 
[T2gate] t=20.0440 tri=89 rej=0 xrej=0 init_replace=0 gate=0
[T2slv] t=20.0440 phase=1 init_cost=39.1176 final_cost=22.6107 iters=9 term=1 slv_ms=5.9
[T2diag] t=20.0440 P=[0.0188 0.0201 0.0007] V=[-0.0204 0.0075 0.0066] |Bas|=0.038219 |Bgs|=0.0016748 tic0=[0.1200 0.0500 -0.0200] tic1=[0.1200 -0.0500 -0.0200] td=0.00000 track=120
[E2uls] flag=1 sh_t=20.080 new_t=20.080 dP=[-0.0127 -0.0960 0.0019] |dP|=0.0969 first_dt=-1.0000
time: 20.044000, t: 0.018804 0.020123 0.000669 q: 0.999947 -0.003010 -0.009374 -0.002866 
[T2depth] t=20.1440 id=791 src=stereo u=135.0 v=243.0 depth=8.4577 depth2=-1.0000 track=1 sf=10 flag=ok
[T2gate] t=20.1440 tri=90 rej=0 xrej=0 init_replace=0 gate=0
[T2slv] t=20.1440 phase=1 init_cost=24.1697 final_cost=22.137 iters=9 term=1 slv_ms=10.5
[T2diag] t=20.1440 P=[0.0190 0.0129 -0.0008] V=[-0.0192 0.0038 0.0025] |Bas|=0.033857 |Bgs|=0.0012975 tic0=[0.1200 0.0500 -0.0200] tic1=[0.1200 -0.0500 -0.0200] td=0.00000 track=120
[E2uls] flag=1 sh_t=20.180 new_t=20.180 dP=[-0.0029 0.0086 0.0024] |dP|=0.0094 first_dt=-1.0000
time: 20.144000, t: 0.018987 0.012898 -0.000799 q: 0.999952 -0.002670 -0.009222 -0.002100 
[T2xcross] t=20.2440 id=791 est=8.4577 svd=2.3617 rel=0.7208 track=2 sf=9
[T2gate] t=20.2440 tri=89 rej=0 xrej=0 init_replace=0 gate=0
[T2slv] t=20.2440 phase=1 init_cost=25.2063 final_cost=22.5559 iters=9 term=1 slv_ms=11.8
[T2diag] t=20.2440 P=[0.0190 0.0122 -0.0005] V=[-0.0191 0.0015 0.0093] |Bas|=0.033538 |Bgs|=0.0012007 tic0=[0.1200 0.0500 -0.0200] tic1=[0.1200 -0.0500 -0.0200] td=0.00000 track=120
[E2uls] flag=1 sh_t=20.280 new_t=20.280 dP=[-0.0029 0.0015 0.0001] |dP|=0.0032 first_dt=-1.0000
time: 20.244000, t: 0.018991 0.012175 -0.000515 q: 0.999955 -0.002348 -0.008935 -0.002063 
[T2depth] t=20.3760 id=806 src=motion2 u=44.2 v=245.0 depth=2.3766 depth2=-1.0000 track=2 sf=9 flag=ok
[T2depth] t=20.3760 id=815 src=motion2 u=77.0 v=250.0 depth=3.4507 depth2=-1.0000 track=2 sf=9 flag=ok
[T2gate] t=20.3760 tri=89 rej=0 xrej=0 init_replace=0 gate=0
[T2slv] t=20.3760 phase=1 init_cost=27.0584 final_cost=22.4784 iters=9 term=1 slv_ms=12.7
[T2diag] t=20.3760 P=[0.0188 0.0160 -0.0000] V=[-0.0160 0.0104 0.0024] |Bas|=0.031998 |Bgs|=0.0012626 tic0=[0.1200 0.0500 -0.0200] tic1=[0.1200 -0.0500 -0.0200] td=0.00000 track=122
[E2uls] flag=1 sh_t=20.416 new_t=20.416 dP=[-0.0032 -0.0034 0.0016] |dP|=0.0049 first_dt=-1.0000
time: 20.376000, t: 0.018827 0.015978 -0.000024 q: 0.999958 -0.002149 -0.008553 -0.002484 
[T2gate] t=20.5080 tri=88 rej=0 xrej=0 init_replace=0 gate=0
[T2slv] t=20.5080 phase=1 init_cost=26.4576 final_cost=22.9575 iters=9 term=1 slv_ms=12.3
[T2diag] t=20.5080 P=[0.0186 0.0140 -0.0010] V=[-0.0164 0.0124 -0.0009] |Bas|=0.035191 |Bgs|=0.0010755 tic0=[0.1200 0.0500 -0.0200] tic1=[0.1200 -0.0500 -0.0200] td=0.00000 track=122
[E2uls] flag=1 sh_t=20.552 new_t=20.552 dP=[-0.0029 0.0041 0.0017] |dP|=0.0053 first_dt=-1.0000
time: 20.508000, t: 0.018556 0.013989 -0.000969 q: 0.999961 -0.001419 -0.008370 -0.002313 
[T2gate] t=20.6120 tri=88 rej=0 xrej=0 init_replace=0 gate=0
[T2slv] t=20.6120 phase=1 init_cost=25.6612 final_cost=22.2319 iters=9 term=1 slv_ms=7.2
[T2diag] t=20.6120 P=[0.0177 0.0117 -0.0010] V=[-0.0179 0.0023 0.0066] |Bas|=0.039383 |Bgs|=0.0009292 tic0=[0.1200 0.0500 -0.0200] tic1=[0.1200 -0.0500 -0.0200] td=0.00000 track=122
[E2uls] flag=1 sh_t=20.648 new_t=20.648 dP=[-0.0019 0.0044 -0.0003] |dP|=0.0048 first_dt=-1.0000
time: 20.612000, t: 0.017749 0.011739 -0.000992 q: 0.999961 -0.001040 -0.008579 -0.001898 
[T2gate] t=20.7440 tri=88 rej=0 xrej=0 init_replace=0 gate=0
[T2slv] t=20.7440 phase=1 init_cost=24.6703 final_cost=22.7078 iters=9 term=1 slv_ms=7.8
[T2diag] t=20.7440 P=[0.0169 0.0115 -0.0012] V=[-0.0182 0.0024 0.0010] |Bas|=0.045423 |Bgs|=0.0008966 tic0=[0.1200 0.0500 -0.0200] tic1=[0.1200 -0.0500 -0.0200] td=0.00000 track=122
[E2uls] flag=1 sh_t=20.784 new_t=20.784 dP=[-0.0030 0.0007 0.0011] |dP|=0.0032 first_dt=-1.0000
time: 20.744000, t: 0.016938 0.011521 -0.001198 q: 0.999959 -0.000872 -0.008874 -0.001839 
[T2gate] t=20.8440 tri=88 rej=0 xrej=0 init_replace=0 gate=0
[T2slv] t=20.8440 phase=1 init_cost=25.2568 final_cost=22.6022 iters=9 term=1 slv_ms=5.6
[T2diag] t=20.8440 P=[0.0179 0.0136 -0.0003] V=[-0.0141 0.0115 0.0115] |Bas|=0.048757 |Bgs|=0.0009499 tic0=[0.1200 0.0500 -0.0200] tic1=[0.1200 -0.0500 -0.0200] td=0.00000 track=121
[E2uls] flag=1 sh_t=20.872 new_t=20.872 dP=[-0.0033 -0.0018 -0.0009] |dP|=0.0039 first_dt=-1.0000
time: 20.844000, t: 0.017931 0.013556 -0.000308 q: 0.999960 -0.001034 -0.008670 -0.002116 
[T2gate] t=20.9440 tri=90 rej=0 xrej=0 init_replace=0 gate=0
[T2slv] t=20.9440 phase=1 init_cost=23.9123 final_cost=22.5329 iters=9 term=1 slv_ms=5.0
[T2diag] t=20.9440 P=[0.0182 0.0161 -0.0004] V=[-0.0175 0.0132 0.0083] |Bas|=0.051776 |Bgs|=0.0009442 tic0=[0.1200 0.0500 -0.0200] tic1=[0.1200 -0.0500 -0.0200] td=0.00000 track=120
[E2uls] flag=1 sh_t=20.968 new_t=20.968 dP=[-0.0023 -0.0009 0.0014] |dP|=0.0028 first_dt=-1.0000
time: 20.944000, t: 0.018237 0.016051 -0.000358 q: 0.999959 -0.000766 -0.008677 -0.002457 
[T2depth] t=21.0440 id=901 src=motion2 u=45.0 v=245.0 depth=6.1304 depth2=-1.0000 track=2 sf=9 flag=ok
[T2gate] t=21.0440 tri=91 rej=0 xrej=0 init_replace=0 gate=0
[T2slv] t=21.0440 phase=1 init_cost=27.9889 final_cost=23.4803 iters=9 term=1 slv_ms=9.5
[T2diag] t=21.0440 P=[0.0175 0.0132 -0.0001] V=[-0.0177 0.0063 0.0122] |Bas|=0.066611 |Bgs|=0.0007948 tic0=[0.1200 0.0500 -0.0200] tic1=[0.1200 -0.0500 -0.0200] td=0.00000 track=121
[E2uls] flag=1 sh_t=21.080 new_t=21.080 dP=[-0.0020 0.0051 0.0002] |dP|=0.0054 first_dt=-1.0000
time: 21.044000, t: 0.017485 0.013230 -0.000124 q: 0.999958 -0.000088 -0.008966 -0.002079 
[T2gate] t=21.1200 tri=91 rej=0 xrej=0 init_replace=0 gate=0
[T2slv] t=21.1200 phase=1 init_cost=24.7993 final_cost=22.9642 iters=9 term=1 slv_ms=5.2
[T2diag] t=21.1200 P=[0.0178 0.0144 -0.0007] V=[-0.0262 0.0068 0.0084] |Bas|=0.071758 |Bgs|=0.0007553 tic0=[0.1200 0.0500 -0.0200] tic1=[0.1200 -0.0500 -0.0200] td=0.00000 track=120
[E2uls] flag=1 sh_t=21.152 new_t=21.152 dP=[-0.0020 -0.0005 0.0022] |dP|=0.0030 first_dt=-1.0000
time: 21.120000, t: 0.017819 0.014357 -0.000725 q: 0.999955 0.000105 -0.009293 -0.002147 
[T2depth] t=21.2200 id=939 src=motion2 u=194.0 v=478.0 depth=6.2287 depth2=-1.0000 track=2 sf=9 flag=ok
[T2gate] t=21.2200 tri=91 rej=0 xrej=0 init_replace=0 gate=0
[T2slv] t=21.2200 phase=1 init_cost=24.9871 final_cost=22.9537 iters=9 term=1 slv_ms=5.2
[T2diag] t=21.2200 P=[0.0174 0.0139 -0.0011] V=[-0.0236 0.0041 -0.0022] |Bas|=0.077570 |Bgs|=0.0007600 tic0=[0.1200 0.0500 -0.0200] tic1=[0.1200 -0.0500 -0.0200] td=0.00000 track=121
[E2uls] flag=1 sh_t=21.256 new_t=21.256 dP=[-0.0031 0.0014 0.0014] |dP|=0.0037 first_dt=-1.0000
time: 21.220000, t: 0.017383 0.013870 -0.001075 q: 0.999952 0.000302 -0.009614 -0.002074 
[T2xcross] t=21.3200 id=815 est=3.4507 svd=5.0680 rel=0.3191 track=2 sf=9
[T2gate] t=21.3200 tri=90 rej=0 xrej=0 init_replace=0 gate=0
[T2slv] t=21.3200 phase=1 init_cost=24.6788 final_cost=22.7778 iters=9 term=1 slv_ms=5.3
[T2diag] t=21.3200 P=[0.0180 0.0149 -0.0009] V=[-0.0203 0.0070 -0.0012] |Bas|=0.081665 |Bgs|=0.0008366 tic0=[0.1200 0.0500 -0.0200] tic1=[0.1200 -0.0500 -0.0200] td=0.00000 track=121
[E2uls] flag=1 sh_t=21.352 new_t=21.352 dP=[-0.0040 -0.0005 -0.0009] |dP|=0.0041 first_dt=-1.0000
time: 21.320000, t: 0.017989 0.014895 -0.000939 q: 0.999951 0.000297 -0.009637 -0.002237 
[T2gate] t=21.4200 tri=90 rej=0 xrej=0 init_replace=0 gate=0
[T2slv] t=21.4200 phase=1 init_cost=24.2813 final_cost=22.7105 iters=9 term=1 slv_ms=6.9
[T2diag] t=21.4200 P=[0.0183 0.0156 -0.0007] V=[-0.0191 0.0093 0.0024] |Bas|=0.085559 |Bgs|=0.0008682 tic0=[0.1200 0.0500 -0.0200] tic1=[0.1200 -0.0500 -0.0200] td=0.00000 track=121
[E2uls] flag=1 sh_t=21.452 new_t=21.452 dP=[-0.0032 0.0003 -0.0003] |dP|=0.0033 first_dt=-1.0000
time: 21.420000, t: 0.018335 0.015635 -0.000722 q: 0.999951 0.000546 -0.009560 -0.002372 
[T2gate] t=21.5200 tri=90 rej=0 xrej=0 init_replace=0 gate=0
[T2slv] t=21.5200 phase=1 init_cost=27.8165 final_cost=23.7732 iters=9 term=1 slv_ms=9.0
[T2diag] t=21.5200 P=[0.0183 0.0152 -0.0000] V=[-0.0150 0.0077 0.0086] |Bas|=0.098040 |Bgs|=0.0008045 tic0=[0.1200 0.0500 -0.0200] tic1=[0.1200 -0.0500 -0.0200] td=0.00000 track=121
[E2uls] flag=1 sh_t=21.556 new_t=21.556 dP=[-0.0028 0.0018 -0.0008] |dP|=0.0034 first_dt=-1.0000
time: 21.520000, t: 0.018308 0.015239 -0.000016 q: 0.999952 0.001270 -0.009409 -0.002367 
[T2gate] t=21.6200 tri=90 rej=0 xrej=0 init_replace=0 gate=0
[T2slv] t=21.6200 phase=1 init_cost=25.1043 final_cost=22.989 iters=9 term=1 slv_ms=9.5
[T2diag] t=21.6200 P=[0.0181 0.0149 -0.0009] V=[-0.0203 0.0045 -0.0006] |Bas|=0.112572 |Bgs|=0.0007456 tic0=[0.1200 0.0500 -0.0200] tic1=[0.1200 -0.0500 -0.0200] td=0.00000 track=121
[E2uls] flag=1 sh_t=21.664 new_t=21.664 dP=[-0.0017 0.0013 0.0027] |dP|=0.0035 first_dt=-1.0000
time: 21.620000, t: 0.018105 0.014904 -0.000881 q: 0.999947 0.002034 -0.009873 -0.002245 
[T2gate] t=21.7200 tri=90 rej=0 xrej=0 init_replace=0 gate=0
[T2slv] t=21.7200 phase=1 init_cost=28.0305 final_cost=23.7216 iters=9 term=1 slv_ms=6.3
[T2diag] t=21.7200 P=[0.0180 0.0141 -0.0004] V=[-0.0175 -0.0020 0.0072] |Bas|=0.122406 |Bgs|=0.0007715 tic0=[0.1200 0.0500 -0.0200] tic1=[0.1200 -0.0500 -0.0200] td=0.00000 track=121
[E2uls] flag=1 sh_t=21.752 new_t=21.752 dP=[-0.0028 0.0016 -0.0010] |dP|=0.0034 first_dt=-1.0000
time: 21.720000, t: 0.017985 0.014104 -0.000427 q: 0.999946 0.002362 -0.009912 -0.002092 
[T2depth] t=21.8200 id=1020 src=motion2 u=392.2 v=244.0 depth=1.0711 depth2=-1.0000 track=2 sf=9 flag=ok
[T2gate] t=21.8200 tri=89 rej=0 xrej=0 init_replace=0 gate=0
[T2slv] t=21.8200 phase=1 init_cost=26.5414 final_cost=23.8827 iters=9 term=1 slv_ms=5.3
[T2diag] t=21.8200 P=[0.0179 0.0123 -0.0004] V=[-0.0172 -0.0038 0.0068] |Bas|=0.131868 |Bgs|=0.0007584 tic0=[0.1200 0.0500 -0.0200] tic1=[0.1200 -0.0500 -0.0200] td=0.00000 track=122
[E2uls] flag=1 sh_t=21.848 new_t=21.848 dP=[-0.0021 0.0017 0.0009] |dP|=0.0028 first_dt=-1.0000
time: 21.820000, t: 0.017950 0.012349 -0.000416 q: 0.999944 0.002959 -0.010016 -0.001944 
[T2gate] t=21.9200 tri=88 rej=0 xrej=0 init_replace=0 gate=0
[T2slv] t=21.9200 phase=1 init_cost=27.7015 final_cost=24.4173 iters=9 term=1 slv_ms=5.4
[T2diag] t=21.9200 P=[0.0187 0.0149 0.0003] V=[-0.0171 0.0056 0.0133] |Bas|=0.140934 |Bgs|=0.0007799 tic0=[0.1200 0.0500 -0.0200] tic1=[0.1200 -0.0500 -0.0200] td=0.00000 track=122
[E2uls] flag=1 sh_t=21.952 new_t=21.952 dP=[-0.0031 -0.0028 0.0005] |dP|=0.0042 first_dt=-1.0000
time: 21.920000, t: 0.018698 0.014869 0.000257 q: 0.999944 0.003152 -0.009874 -0.002246 
[T2gate] t=22.0200 tri=87 rej=0 xrej=0 init_replace=0 gate=0
[T2slv] t=22.0200 phase=1 init_cost=29.0152 final_cost=24.5347 iters=9 term=1 slv_ms=5.7
[T2diag] t=22.0200 P=[0.0184 0.0132 -0.0001] V=[-0.0229 -0.0054 0.0113] |Bas|=0.150020 |Bgs|=0.0008113 tic0=[0.1200 0.0500 -0.0200] tic1=[0.1200 -0.0500 -0.0200] td=0.00000 track=122
[E2uls] flag=1 sh_t=22.056 new_t=22.056 dP=[-0.0017 0.0031 0.0023] |dP|=0.0042 first_dt=-1.0000
time: 22.020000, t: 0.018387 0.013242 -0.000053 q: 0.999940 0.003766 -0.010121 -0.002018 
[T2gate] t=22.1200 tri=86 rej=0 xrej=0 init_replace=0 gate=0
[T2slv] t=22.1200 phase=1 init_cost=26.1419 final_cost=23.959 iters=9 term=1 slv_ms=6.4
[T2diag] t=22.1200 P=[0.0187 0.0143 -0.0007] V=[-0.0268 -0.0020 0.0024] |Bas|=0.166267 |Bgs|=0.0008153 tic0=[0.1200 0.0500 -0.0200] tic1=[0.1200 -0.0500 -0.0200] td=0.00000 track=122
[E2uls] flag=1 sh_t=22.144 new_t=22.144 dP=[-0.0030 -0.0019 0.0023] |dP|=0.0043 first_dt=-1.0000
time: 22.120000, t: 0.018736 0.014282 -0.000686 q: 0.999931 0.004578 -0.010636 -0.002095 
[T2gate] t=22.2200 tri=86 rej=0 xrej=0 init_replace=0 gate=0
[T2slv] t=22.2200 phase=1 init_cost=31.6881 final_cost=26.1484 iters=9 term=1 slv_ms=7.0
[T2diag] t=22.2200 P=[0.0138 0.0104 -0.0010] V=[-0.0284 -0.0041 0.0055] |Bas|=0.186967 |Bgs|=0.0008046 tic0=[0.1200 0.0500 -0.0200] tic1=[0.1200 -0.0500 -0.0200] td=0.00000 track=122
[E2uls] flag=1 sh_t=22.252 new_t=22.252 dP=[0.0011 0.0038 0.0008] |dP|=0.0041 first_dt=-1.0000
time: 22.220000, t: 0.013754 0.010361 -0.001037 q: 0.999922 0.005661 -0.011050 -0.001593 
[T2gate] t=22.3200 tri=87 rej=0 xrej=0 init_replace=0 gate=0
[T2slv] t=22.3200 phase=1 init_cost=30.0065 final_cost=27.5745 iters=9 term=1 slv_ms=7.1
[T2diag] t=22.3200 P=[0.0119 0.0096 -0.0012] V=[-0.0307 -0.0005 0.0016] |Bas|=0.201436 |Bgs|=0.0008032 tic0=[0.1200 0.0500 -0.0200] tic1=[0.1200 -0.0500 -0.0200] td=0.00000 track=122
[E2uls] flag=1 sh_t=22.352 new_t=22.352 dP=[-0.0022 0.0001 0.0009] |dP|=0.0024 first_dt=-1.0000
time: 22.320000, t: 0.011928 0.009566 -0.001230 q: 0.999916 0.006485 -0.011103 -0.001439 
[T2gate] t=22.4240 tri=88 rej=0 xrej=0 init_replace=0 gate=0
[T2slv] t=22.4240 phase=1 init_cost=34.4355 final_cost=28.2367 iters=9 term=1 slv_ms=7.2
[T2diag] t=22.4240 P=[0.0115 0.0087 -0.0014] V=[-0.0329 -0.0115 0.0022] |Bas|=0.220191 |Bgs|=0.0008463 tic0=[0.1200 0.0500 -0.0200] tic1=[0.1200 -0.0500 -0.0200] td=0.00000 track=122
[E2uls] flag=1 sh_t=22.452 new_t=22.452 dP=[-0.0039 0.0015 0.0002] |dP|=0.0042 first_dt=-1.0000
time: 22.424000, t: 0.011511 0.008665 -0.001409 q: 0.999903 0.007441 -0.011679 -0.001205 
[T2gate] t=22.5200 tri=88 rej=0 xrej=0 init_replace=0 gate=0
[T2slv] t=22.5200 phase=1 init_cost=29.9852 final_cost=26.6996 iters=9 term=1 slv_ms=10.5
[T2diag] t=22.5200 P=[0.0019 0.0062 -0.0018] V=[-0.0426 -0.0033 -0.0019] |Bas|=0.244693 |Bgs|=0.0008715 tic0=[0.1200 0.0500 -0.0200] tic1=[0.1200 -0.0500 -0.0200] td=0.00000 track=122
[E2uls] flag=1 sh_t=22.552 new_t=22.552 dP=[0.0061 0.0009 0.0008] |dP|=0.0062 first_dt=-1.0000
time: 22.520000, t: 0.001899 0.006244 -0.001757 q: 0.999887 0.008725 -0.012199 -0.000712 
[T2gate] t=22.6200 tri=126 rej=0 xrej=0 init_replace=0 gate=0
[T2slv] t=22.6200 phase=1 init_cost=29.2184 final_cost=27.1234 iters=9 term=1 slv_ms=4.9
[T2diag] t=22.6200 P=[-0.0002 0.0072 -0.0018] V=[-0.0467 -0.0006 -0.0020] |Bas|=0.248471 |Bgs|=0.0008483 tic0=[0.1200 0.0500 -0.0200] tic1=[0.1200 -0.0500 -0.0200] td=0.00000 track=84
[E2uls] flag=1 sh_t=22.648 new_t=22.648 dP=[-0.0036 -0.0015 -0.0003] |dP|=0.0039 first_dt=-1.0000
time: 22.620000, t: -0.000184 0.007185 -0.001755 q: 0.999885 0.009032 -0.012128 -0.000598 
[T2depth] t=22.7200 id=5 src=motion2 u=616.9 v=372.2 depth=5.0000 depth2=-1.0000 track=2 sf=9 flag=init_neg
[T2depth] t=22.7200 id=12 src=motion2 u=386.0 v=387.4 depth=34.6293 depth2=-1.0000 track=2 sf=9 flag=ok
[T2depth] t=22.7200 id=18 src=motion2 u=559.0 v=387.3 depth=317.5273 depth2=-1.0000 track=2 sf=9 flag=ok
[T2depth] t=22.7200 id=25 src=motion2 u=356.0 v=386.4 depth=30.4385 depth2=-1.0000 track=2 sf=9 flag=ok
[T2depth] t=22.7200 id=28 src=motion2 u=475.0 v=380.3 depth=97.6207 depth2=-1.0000 track=2 sf=9 flag=ok
[T2depth] t=22.7200 id=32 src=motion2 u=198.0 v=446.6 depth=28.7292 depth2=-1.0000 track=2 sf=9 flag=ok
[T2depth] t=22.7200 id=35 src=motion2 u=226.1 v=468.6 depth=29.0089 depth2=-1.0000 track=2 sf=9 flag=ok
[T2depth] t=22.7200 id=36 src=motion2 u=609.0 v=410.3 depth=5.0000 depth2=-1.0000 track=2 sf=9 flag=init_neg
[T2depth] t=22.7200 id=41 src=motion2 u=434.0 v=407.4 depth=51.8491 depth2=-1.0000 track=2 sf=9 flag=ok
[T2depth] t=22.7200 id=42 src=motion2 u=329.0 v=413.4 depth=25.5275 depth2=-1.0000 track=2 sf=9 flag=ok
[T2depth] t=22.7200 id=43 src=motion2 u=163.0 v=464.7 depth=28.5506 depth2=-1.0000 track=2 sf=9 flag=ok
[T2depth] t=22.7200 id=44 src=motion2 u=615.0 v=452.4 depth=256.9327 depth2=-1.0000 track=2 sf=9 flag=ok
[T2depth] t=22.7200 id=45 src=motion2 u=236.9 v=378.4 depth=20.8385 depth2=-1.0000 track=2 sf=9 flag=ok
[T2depth] t=22.7200 id=46 src=motion2 u=511.0 v=439.4 depth=165.4536 depth2=-1.0000 track=2 sf=9 flag=ok
[T2depth] t=22.7200 id=47 src=motion2 u=386.0 v=433.4 depth=40.8241 depth2=-1.0000 track=2 sf=9 flag=ok
[T2depth] t=22.7200 id=49 src=motion2 u=229.0 v=431.5 depth=24.0034 depth2=-1.0000 track=2 sf=9 flag=ok
[T2depth] t=22.7200 id=54 src=motion2 u=588.0 v=363.2 depth=5.0000 depth2=-1.0000 track=2 sf=9 flag=init_neg
[T2depth] t=22.7200 id=55 src=motion2 u=519.0 v=389.3 depth=192.3716 depth2=-1.0000 track=2 sf=9 flag=ok
[T2depth] t=22.7200 id=57 src=motion2 u=578.0 v=459.4 depth=228.3183 depth2=-1.0000 track=2 sf=9 flag=ok
[T2depth] t=22.7200 id=61 src=motion2 u=579.0 v=427.4 depth=251.8075 depth2=-1.0000 track=2 sf=9 flag=ok
[T2depth] t=22.7200 id=67 src=motion2 u=88.0 v=464.7 depth=30.6599 depth2=-1.0000 track=2 sf=9 flag=ok
[T2depth] t=22.7200 id=69 src=motion2 u=478.0 v=476.5 depth=118.7692 depth2=-1.0000 track=2 sf=9 flag=ok
[T2depth] t=22.7200 id=71 src=motion2 u=464.0 v=413.4 depth=68.7412 depth2=-1.0000 track=2 sf=9 flag=ok
[T2depth] t=22.7200 id=75 src=motion2 u=416.0 v=467.6 depth=43.3464 depth2=-1.0000 track=2 sf=9 flag=ok
[T2depth] t=22.7200 id=78 src=motion2 u=289.0 v=453.5 depth=31.5236 depth2=-1.0000 track=2 sf=9 flag=ok
[T2depth] t=22.7200 id=80 src=motion2 u=350.0 v=446.5 depth=44.8632 depth2=-1.0000 track=2 sf=9 flag=ok
[T2depth] t=22.7200 id=82 src=motion2 u=635.0 v=293.0 depth=5.0000 depth2=-1.0000 track=2 sf=9 flag=init_neg
[T2depth] t=22.7200 id=85 src=motion2 u=509.0 v=472.5 depth=74.2543 depth2=-1.0000 track=2 sf=9 flag=ok
[T2depth] t=22.7200 id=86 src=motion2 u=539.0 v=426.4 depth=206.8050 depth2=-1.0000 track=2 sf=9 flag=ok
[T2depth] t=22.7200 id=88 src=motion2 u=638.0 v=426.3 depth=236.9366 depth2=-1.0000 track=2 sf=9 flag=ok
[T2depth] t=22.7200 id=90 src=motion2 u=447.0 v=446.5 depth=91.8543 depth2=-1.0000 track=2 sf=9 flag=ok
[T2depth] t=22.7200 id=92 src=motion2 u=261.0 v=468.6 depth=27.0572 depth2=-1.0000 track=2 sf=9 flag=ok
[T2depth] t=22.7200 id=93 src=motion2 u=544.0 v=456.4 depth=88.3628 depth2=-1.0000 track=2 sf=9 flag=ok
[T2depth] t=22.7200 id=97 src=motion2 u=325.0 v=464.6 depth=33.6968 depth2=-1.0000 track=2 sf=9 flag=ok
[T2depth] t=22.7200 id=110 src=motion2 u=375.0 v=468.6 depth=40.2865 depth2=-1.0000 track=2 sf=9 flag=ok
[T2depth] t=22.7200 id=111 src=motion2 u=263.0 v=437.5 depth=25.7684 depth2=-1.0000 track=2 sf=9 flag=ok
[T2depth] t=22.7200 id=120 src=motion2 u=497.0 v=412.4 depth=135.4320 depth2=-1.0000 track=2 sf=9 flag=ok
[T2depth] t=22.7200 id=130 src=motion2 u=479.0 v=441.4 depth=132.9488 depth2=-1.0000 track=2 sf=9 flag=ok
[T2gate] t=22.7200 tri=149 rej=0 xrej=0 init_replace=4 gate=0
[T2slv] t=22.7200 phase=1 init_cost=39.7812 final_cost=35.5219 iters=9 term=1 slv_ms=5.1
[T2diag] t=22.7200 P=[-0.0021 0.0054 -0.0018] V=[-0.0444 0.0000 -0.0032] |Bas|=0.255573 |Bgs|=0.0008013 tic0=[0.1200 0.0500 -0.0200] tic1=[0.1200 -0.0500 -0.0200] td=0.00000 track=98
[E2uls] flag=1 sh_t=22.748 new_t=22.748 dP=[-0.0045 0.0016 -0.0004] |dP|=0.0048 first_dt=-1.0000
time: 22.720000, t: -0.002094 0.005405 -0.001811 q: 0.999882 0.009346 -0.012164 -0.000531 
[T2depth] t=22.8200 id=2 src=motion2 u=191.0 v=340.3 depth=5.0000 depth2=-1.0000 track=2 sf=9 flag=init_neg
[T2depth] t=22.8200 id=4 src=motion2 u=225.0 v=347.3 depth=5.0000 depth2=-1.0000 track=2 sf=9 flag=init_neg
[T2depth] t=22.8200 id=6 src=motion2 u=2.9 v=375.5 depth=5.0000 depth2=-1.0000 track=2 sf=9 flag=init_neg
[T2depth] t=22.8200 id=7 src=motion2 u=309.0 v=349.3 depth=5.0000 depth2=-1.0000 track=2 sf=9 flag=init_neg
[T2depth] t=22.8200 id=8 src=motion2 u=256.0 v=334.3 depth=5.0000 depth2=-1.0000 track=2 sf=9 flag=init_neg
[T2depth] t=22.8200 id=9 src=motion2 u=399.0 v=343.3 depth=19.5231 depth2=-1.0000 track=2 sf=9 flag=ok
[T2depth] t=22.8200 id=10 src=motion2 u=264.1 v=363.3 depth=5.0000 depth2=-1.0000 track=2 sf=9 flag=init_neg
[T2depth] t=22.8200 id=13 src=motion2 u=292.0 v=375.4 depth=5.0000 depth2=-1.0000 track=2 sf=9 flag=init_neg
[T2depth] t=22.8200 id=14 src=motion2 u=352.0 v=346.3 depth=675.9433 depth2=-1.0000 track=2 sf=9 flag=ok
[T2depth] t=22.8200 id=16 src=motion2 u=52.0 v=411.6 depth=5.0000 depth2=-1.0000 track=2 sf=9 flag=init_neg
[T2depth] t=22.8200 id=19 src=motion2 u=456.0 v=349.3 depth=17.6799 depth2=-1.0000 track=2 sf=9 flag=ok
[T2depth] t=22.8200 id=21 src=motion2 u=142.0 v=394.5 depth=5.0000 depth2=-1.0000 track=2 sf=9 flag=init_neg
[T2depth] t=22.8200 id=22 src=motion2 u=505.0 v=361.3 depth=16.5657 depth2=-1.0000 track=2 sf=9 flag=ok
[T2depth] t=22.8200 id=26 src=motion2 u=127.0 v=420.6 depth=5.0000 depth2=-1.0000 track=2 sf=9 flag=init_neg
[T2depth] t=22.8200 id=27 src=motion2 u=5.1 v=342.4 depth=5.0000 depth2=-1.0000 track=2 sf=9 flag=init_neg
[T2depth] t=22.8200 id=37 src=motion2 u=71.0 v=435.6 depth=5.0000 depth2=-1.0000 track=2 sf=9 flag=init_neg
[T2depth] t=22.8200 id=50 src=motion2 u=40.0 v=456.7 depth=5.0000 depth2=-1.0000 track=2 sf=9 flag=init_neg
[T2depth] t=22.8200 id=52 src=motion2 u=11.0 v=424.6 depth=5.0000 depth2=-1.0000 track=2 sf=9 flag=init_neg
[T2depth] t=22.8200 id=58 src=motion2 u=102.0 v=437.6 depth=5.0000 depth2=-1.0000 track=2 sf=9 flag=init_neg
[T2depth] t=22.8200 id=59 src=motion2 u=182.0 v=412.5 depth=5.0000 depth2=-1.0000 track=2 sf=9 flag=init_neg
[T2depth] t=22.8200 id=70 src=motion2 u=326.0 v=375.4 depth=5.0000 depth2=-1.0000 track=2 sf=9 flag=init_neg
[T2depth] t=22.8200 id=79 src=motion2 u=174.0 v=377.4 depth=5.0000 depth2=-1.0000 track=2 sf=9 flag=init_neg
[T2depth] t=22.8200 id=81 src=motion2 u=428.0 v=367.3 depth=22.7463 depth2=-1.0000 track=2 sf=9 flag=ok
[T2depth] t=22.8200 id=91 src=motion2 u=156.0 v=430.6 depth=5.0000 depth2=-1.0000 track=2 sf=9 flag=init_neg
[T2gate] t=22.8200 tri=124 rej=0 xrej=0 init_replace=19 gate=0
[T2slv] t=22.8200 phase=1 init_cost=35.8981 final_cost=35.4201 iters=9 term=1 slv_ms=8.6
[T2diag] t=22.8200 P=[-0.0042 0.0054 -0.0019] V=[-0.0401 0.0004 -0.0010] |Bas|=0.283667 |Bgs|=0.0007808 tic0=[0.1200 0.0500 -0.0200] tic1=[0.1200 -0.0500 -0.0200] td=0.00000 track=109
[E2uls] flag=1 sh_t=22.856 new_t=22.856 dP=[-0.0041 -0.0001 -0.0003] |dP|=0.0041 first_dt=-1.0000
time: 22.820000, t: -0.004175 0.005350 -0.001864 q: 0.999866 0.010761 -0.012348 -0.000392 
[T2depth] t=22.9520 id=3 src=motion2 u=159.1 v=342.3 depth=4.2151 depth2=-1.0000 track=2 sf=9 flag=ok
[T2depth] t=22.9520 id=11 src=motion2 u=116.1 v=361.4 depth=5.4148 depth2=-1.0000 track=2 sf=9 flag=ok
[T2depth] t=22.9520 id=20 src=motion2 u=203.1 v=388.4 depth=2.9486 depth2=-1.0000 track=2 sf=9 flag=ok
[T2depth] t=22.9520 id=23 src=motion2 u=45.1 v=348.4 depth=8.4511 depth2=-1.0000 track=2 sf=9 flag=ok
[T2depth] t=22.9520 id=34 src=motion2 u=318.0 v=311.2 depth=0.9406 depth2=-1.0000 track=2 sf=9 flag=ok
[T2depth] t=22.9520 id=53 src=motion2 u=285.0 v=316.2 depth=1.0573 depth2=-1.0000 track=2 sf=9 flag=ok
[T2depth] t=22.9520 id=56 src=motion2 u=211.1 v=316.3 depth=2.5035 depth2=-1.0000 track=2 sf=9 flag=ok
[T2depth] t=22.9520 id=60 src=motion2 u=143.1 v=313.3 depth=5.4790 depth2=-1.0000 track=2 sf=9 flag=ok
[T2depth] t=22.9520 id=66 src=motion2 u=79.2 v=353.4 depth=7.1234 depth2=-1.0000 track=2 sf=9 flag=ok
[T2depth] t=22.9520 id=72 src=motion2 u=42.1 v=380.5 depth=7.2448 depth2=-1.0000 track=2 sf=9 flag=ok
[T2depth] t=22.9520 id=100 src=motion2 u=15.3 v=476.7 depth=6.6512 depth2=-1.0000 track=2 sf=9 flag=ok
[T2depth] t=22.9520 id=101 src=motion2 u=204.1 v=281.2 depth=3.6248 depth2=-1.0000 track=2 sf=9 flag=ok
[T2depth] t=22.9520 id=118 src=motion2 u=322.0 v=279.1 depth=0.4327 depth2=-1.0000 track=2 sf=9 flag=ok
[T2gate] t=22.9520 tri=104 rej=0 xrej=0 init_replace=0 gate=0
[T2slv] t=22.9520 phase=1 init_cost=284.948 final_cost=192.386 iters=9 term=1 slv_ms=8.2
[T2diag] t=22.9520 P=[-0.0032 0.0056 -0.0018] V=[-0.0294 0.0005 -0.0027] |Bas|=0.333485 |Bgs|=0.0007666 tic0=[0.1200 0.0500 -0.0200] tic1=[0.1200 -0.0500 -0.0200] td=0.00000 track=117
[E2uls] flag=1 sh_t=22.992 new_t=22.992 dP=[-0.0079 -0.0003 -0.0002] |dP|=0.0079 first_dt=-1.0000
time: 22.952000, t: -0.003185 0.005558 -0.001755 q: 0.999829 0.013581 -0.012576 -0.000552 
[T2depth] t=23.0840 id=33 src=motion2 u=55.3 v=318.3 depth=15.1143 depth2=-1.0000 track=2 sf=9 flag=ok
[T2depth] t=23.0840 id=65 src=motion2 u=256.1 v=299.2 depth=5.0000 depth2=-1.0000 track=2 sf=9 flag=init_neg
[T2depth] t=23.0840 id=68 src=motion2 u=172.2 v=294.2 depth=10.6817 depth2=-1.0000 track=2 sf=9 flag=ok
[T2depth] t=23.0840 id=73 src=motion2 u=121.2 v=286.2 depth=11.5695 depth2=-1.0000 track=2 sf=9 flag=ok
[T2depth] t=23.0840 id=104 src=motion2 u=286.0 v=275.1 depth=5.0000 depth2=-1.0000 track=2 sf=9 flag=init_neg
[T2depth] t=23.0840 id=1182 src=motion2 u=2.0 v=243.0 depth=0.4836 depth2=-1.0000 track=2 sf=9 flag=ok
[T2depth] t=23.0840 id=31 src=stereo u=263.0 v=404.5 depth=5.0000 depth2=-1.0000 track=1 sf=10 flag=init_neg
[T2depth] t=23.0840 id=74 src=stereo u=294.0 v=411.5 depth=5.0000 depth2=-1.0000 track=1 sf=10 flag=init_neg
[T2depth] t=23.0840 id=600 src=stereo u=249.5 v=248.0 depth=3.4055 depth2=-1.0000 track=1 sf=10 flag=ok
[T2gate] t=23.0840 tri=100 rej=0 xrej=0 init_replace=4 gate=0
[T2slv] t=23.0840 phase=1 init_cost=47.6696 final_cost=45.2541 iters=9 term=1 slv_ms=9.8
[T2diag] t=23.0840 P=[0.0058 0.0064 -0.0014] V=[-0.0037 0.0022 -0.0004] |Bas|=0.427495 |Bgs|=0.0008082 tic0=[0.1200 0.0500 -0.0200] tic1=[0.1200 -0.0500 -0.0200] td=0.00000 track=113
[E2uls] flag=1 sh_t=23.120 new_t=23.120 dP=[-0.0150 -0.0004 -0.0007] |dP|=0.0150 first_dt=-1.0000
time: 23.084000, t: 0.005821 0.006422 -0.001441 q: 0.999758 0.018409 -0.012004 -0.000787 
[T2depth] t=23.1840 id=17 src=motion2 u=89.0 v=386.5 depth=5.0000 depth2=-1.0000 track=2 sf=9 flag=init_neg
[T2depth] t=23.1840 id=572 src=motion2 u=13.6 v=275.1 depth=5.0000 depth2=-1.0000 track=2 sf=9 flag=init_neg
[T2depth] t=23.1840 id=598 src=motion2 u=170.5 v=245.0 depth=0.1701 depth2=-1.0000 track=2 sf=9 flag=ok
[T2depth] t=23.1840 id=608 src=motion2 u=150.1 v=273.2 depth=5.0000 depth2=-1.0000 track=2 sf=9 flag=init_neg
[T2depth] t=23.1840 id=939 src=motion2 u=194.0 v=478.2 depth=5.0000 depth2=-1.0000 track=2 sf=9 flag=init_neg
[T2depth] t=23.1840 id=1195 src=motion2 u=133.0 v=474.0 depth=5.0000 depth2=-1.0000 track=2 sf=9 flag=init_neg
[T2gate] t=23.1840 tri=99 rej=0 xrej=0 init_replace=5 gate=0
[T2slv] t=23.1840 phase=1 init_cost=58.2657 final_cost=55.4097 iters=9 term=1 slv_ms=12.9
[T2diag] t=23.1840 P=[0.0069 0.0065 -0.0015] V=[-0.0014 0.0022 -0.0018] |Bas|=0.529604 |Bgs|=0.0008118 tic0=[0.1200 0.0500 -0.0200] tic1=[0.1200 -0.0500 -0.0200] td=0.00000 track=113
[E2uls] flag=1 sh_t=23.224 new_t=23.224 dP=[-0.0014 0.0005 -0.0000] |dP|=0.0015 first_dt=-1.0000
time: 23.184000, t: 0.006943 0.006453 -0.001473 q: 0.999646 0.023822 -0.011792 -0.000663 
[T2depth] t=23.2840 id=15 src=motion2 u=555.0 v=356.2 depth=7.6553 depth2=-1.0000 track=2 sf=9 flag=ok
[T2depth] t=23.2840 id=29 src=motion2 u=636.9 v=347.2 depth=4.2170 depth2=-1.0000 track=2 sf=9 flag=ok
[T2depth] t=23.2840 id=38 src=motion2 u=523.0 v=323.2 depth=10.0141 depth2=-1.0000 track=2 sf=9 flag=ok
[T2depth] t=23.2840 id=48 src=motion2 u=471.0 v=320.2 depth=15.2427 depth2=-1.0000 track=2 sf=9 flag=ok
[T2depth] t=23.2840 id=62 src=motion2 u=453.0 v=294.1 depth=161.9550 depth2=-1.0000 track=2 sf=9 flag=ok
[T2depth] t=23.2840 id=63 src=motion2 u=428.9 v=335.2 depth=28.6388 depth2=-1.0000 track=2 sf=9 flag=ok
[T2depth] t=23.2840 id=99 src=motion2 u=592.0 v=279.0 depth=4.7190 depth2=-1.0000 track=2 sf=9 flag=ok
[T2depth] t=23.2840 id=117 src=motion2 u=551.0 v=279.0 depth=7.5229 depth2=-1.0000 track=2 sf=9 flag=ok
[T2depth] t=23.2840 id=1020 src=motion2 u=391.8 v=244.0 depth=5.0000 depth2=-1.0000 track=2 sf=9 flag=init_neg
[T2gate] t=23.2840 tri=94 rej=0 xrej=0 init_replace=1 gate=0
[T2slv] t=23.2840 phase=1 init_cost=83.973 final_cost=74.2455 iters=9 term=1 slv_ms=13.5
[T2diag] t=23.2840 P=[0.0054 0.0067 -0.0015] V=[-0.0055 0.0009 -0.0009] |Bas|=0.622251 |Bgs|=0.0008198 tic0=[0.1200 0.0500 -0.0200] tic1=[0.1200 -0.0500 -0.0200] td=0.00000 track=121
[E2uls] flag=1 sh_t=23.328 new_t=23.328 dP=[0.0011 0.0002 -0.0004] |dP|=0.0012 first_dt=-1.0000
time: 23.284000, t: 0.005369 0.006685 -0.001516 q: 0.999526 0.028635 -0.011289 -0.000630 
[T2depth] t=23.3560 id=39 src=motion2 u=618.9 v=320.1 depth=5.0000 depth2=-1.0000 track=2 sf=9 flag=init_neg
[T2depth] t=23.3560 id=111 src=stereo u=263.0 v=437.6 depth=5.0000 depth2=-1.0000 track=1 sf=10 flag=init_neg
[T2gate] t=23.3560 tri=86 rej=0 xrej=0 init_replace=2 gate=0
[T2slv] t=23.3560 phase=1 init_cost=67.0262 final_cost=57.0005 iters=9 term=1 slv_ms=10.7
[T2diag] t=23.3560 P=[0.0045 0.0071 -0.0014] V=[-0.0060 0.0018 0.0005] |Bas|=0.695036 |Bgs|=0.0008320 tic0=[0.1200 0.0500 -0.0200] tic1=[0.1200 -0.0500 -0.0200] td=0.00000 track=121
[E2uls] flag=1 sh_t=23.392 new_t=23.392 dP=[0.0004 -0.0004 -0.0001] |dP|=0.0006 first_dt=-1.0000
time: 23.356000, t: 0.004475 0.007067 -0.001408 q: 0.999418 0.032314 -0.010910 -0.000635 
[T2gate] t=23.4840 tri=90 rej=0 xrej=0 init_replace=0 gate=0
[T2slv] t=23.4840 phase=1 init_cost=57.9311 final_cost=56.524 iters=9 term=1 slv_ms=11.3
[T2diag] t=23.4840 P=[0.0048 0.0069 -0.0013] V=[-0.0025 0.0001 0.0007] |Bas|=0.755384 |Bgs|=0.0008396 tic0=[0.1200 0.0500 -0.0200] tic1=[0.1200 -0.0500 -0.0200] td=0.00000 track=116
[E2uls] flag=1 sh_t=23.516 new_t=23.516 dP=[-0.0010 0.0006 0.0002] |dP|=0.0012 first_dt=-1.0000
time: 23.484000, t: 0.004826 0.006945 -0.001252 q: 0.999308 0.035579 -0.010817 -0.000540 
[T2depth] t=23.5840 id=2 src=motion2 u=191.0 v=340.4 depth=5.0000 depth2=-1.0000 track=2 sf=9 flag=init_neg
[T2depth] t=23.5840 id=16 src=motion2 u=52.0 v=411.6 depth=0.1049 depth2=-1.0000 track=2 sf=9 flag=ok
[T2depth] t=23.5840 id=21 src=motion2 u=142.0 v=394.5 depth=5.0000 depth2=-1.0000 track=2 sf=9 flag=init_neg
[T2depth] t=23.5840 id=27 src=motion2 u=5.1 v=342.5 depth=0.4963 depth2=-1.0000 track=2 sf=9 flag=ok
[T2depth] t=23.5840 id=35 src=motion2 u=226.0 v=468.7 depth=5.0000 depth2=-1.0000 track=2 sf=9 flag=init_neg
[T2depth] t=23.5840 id=37 src=motion2 u=71.0 v=435.7 depth=5.0000 depth2=-1.0000 track=2 sf=9 flag=init_neg
[T2gate] t=23.5840 tri=113 rej=0 xrej=0 init_replace=4 gate=0
[T2slv] t=23.5840 phase=1 init_cost=56.829 final_cost=55.6396 iters=9 term=1 slv_ms=11.7
[T2diag] t=23.5840 P=[0.0054 0.0069 -0.0012] V=[-0.0029 -0.0006 -0.0005] |Bas|=0.795419 |Bgs|=0.0008259 tic0=[0.1200 0.0500 -0.0200] tic1=[0.1200 -0.0500 -0.0200] td=0.00000 track=98
[E2uls] flag=1 sh_t=23.624 new_t=23.624 dP=[-0.0014 -0.0002 0.0000] |dP|=0.0014 first_dt=-1.0000
time: 23.584000, t: 0.005431 0.006912 -0.001222 q: 0.999237 0.037517 -0.010820 -0.000574 
[T2depth] t=23.6840 id=4 src=motion2 u=225.0 v=347.4 depth=5.0000 depth2=-1.0000 track=2 sf=9 flag=init_neg
[T2depth] t=23.6840 id=7 src=motion2 u=309.0 v=349.3 depth=5.0000 depth2=-1.0000 track=2 sf=9 flag=init_neg
[T2depth] t=23.6840 id=8 src=motion2 u=256.0 v=334.3 depth=5.0000 depth2=-1.0000 track=2 sf=9 flag=init_neg
[T2depth] t=23.6840 id=10 src=motion2 u=264.0 v=363.4 depth=5.0000 depth2=-1.0000 track=2 sf=9 flag=init_neg
[T2depth] t=23.6840 id=13 src=motion2 u=292.0 v=375.4 depth=5.0000 depth2=-1.0000 track=2 sf=9 flag=init_neg
[T2depth] t=23.6840 id=26 src=motion2 u=127.0 v=420.6 depth=5.0000 depth2=-1.0000 track=2 sf=9 flag=init_neg
[T2depth] t=23.6840 id=32 src=motion2 u=198.0 v=446.7 depth=5.0000 depth2=-1.0000 track=2 sf=9 flag=init_neg
[T2depth] t=23.6840 id=42 src=motion2 u=329.0 v=413.5 depth=5.0000 depth2=-1.0000 track=2 sf=9 flag=init_neg
[T2depth] t=23.6840 id=43 src=motion2 u=163.0 v=464.7 depth=5.0000 depth2=-1.0000 track=2 sf=9 flag=init_neg
[T2depth] t=23.6840 id=45 src=motion2 u=236.9 v=378.5 depth=5.0000 depth2=-1.0000 track=2 sf=9 flag=init_neg
[T2depth] t=23.6840 id=47 src=motion2 u=386.0 v=433.5 depth=5.0000 depth2=-1.0000 track=2 sf=9 flag=init_neg
[T2depth] t=23.6840 id=49 src=motion2 u=229.0 v=431.6 depth=5.0000 depth2=-1.0000 track=2 sf=9 flag=init_neg
[T2depth] t=23.6840 id=50 src=motion2 u=40.0 v=456.8 depth=5.0000 depth2=-1.0000 track=2 sf=9 flag=init_neg
[T2depth] t=23.6840 id=52 src=motion2 u=11.1 v=424.7 depth=5.0000 depth2=-1.0000 track=2 sf=9 flag=init_neg
[T2depth] t=23.6840 id=58 src=motion2 u=102.0 v=437.7 depth=5.0000 depth2=-1.0000 track=2 sf=9 flag=init_neg
[T2depth] t=23.6840 id=59 src=motion2 u=182.0 v=412.6 depth=5.0000 depth2=-1.0000 track=2 sf=9 flag=init_neg
[T2depth] t=23.6840 id=67 src=motion2 u=88.0 v=464.8 depth=5.0000 depth2=-1.0000 track=2 sf=9 flag=init_neg
[T2depth] t=23.6840 id=75 src=motion2 u=416.0 v=467.6 depth=5.0000 depth2=-1.0000 track=2 sf=9 flag=init_neg
[T2depth] t=23.6840 id=78 src=motion2 u=289.0 v=453.6 depth=5.0000 depth2=-1.0000 track=2 sf=9 flag=init_neg
[T2depth] t=23.6840 id=79 src=motion2 u=173.9 v=377.5 depth=5.0000 depth2=-1.0000 track=2 sf=9 flag=init_neg
[T2depth] t=23.6840 id=80 src=motion2 u=350.0 v=446.6 depth=5.0000 depth2=-1.0000 track=2 sf=9 flag=init_neg
[T2depth] t=23.6840 id=91 src=motion2 u=156.1 v=430.6 depth=5.0000 depth2=-1.0000 track=2 sf=9 flag=init_neg
[T2depth] t=23.6840 id=92 src=motion2 u=261.0 v=468.7 depth=5.0000 depth2=-1.0000 track=2 sf=9 flag=init_neg
[T2depth] t=23.6840 id=110 src=motion2 u=375.0 v=468.6 depth=5.0000 depth2=-1.0000 track=2 sf=9 flag=init_neg
[T2gate] t=23.6840 tri=106 rej=0 xrej=0 init_replace=24 gate=0
[T2slv] t=23.6840 phase=1 init_cost=57.594 final_cost=55.6256 iters=9 term=1 slv_ms=11.1
[T2diag] t=23.6840 P=[0.0051 0.0068 -0.0013] V=[-0.0063 0.0009 -0.0004] |Bas|=0.825472 |Bgs|=0.0008213 tic0=[0.1200 0.0500 -0.0200] tic1=[0.1200 -0.0500 -0.0200] td=0.00000 track=122
[E2uls] flag=1 sh_t=23.716 new_t=23.716 dP=[-0.0002 -0.0000 -0.0001] |dP|=0.0002 first_dt=-1.0000
time: 23.684000, t: 0.005067 0.006826 -0.001300 q: 0.999176 0.039065 -0.011002 -0.000519 
[T2xcross] t=23.7560 id=31 est=5.0000 svd=0.2525 rel=0.9495 track=2 sf=9
[T2xcross] t=23.7560 id=74 est=5.0000 svd=0.2408 rel=0.9518 track=2 sf=9
[T2gate] t=23.7560 tri=113 rej=0 xrej=0 init_replace=0 gate=0
[T2slv] t=23.7560 phase=1 init_cost=76.6933 final_cost=55.1272 iters=9 term=1 slv_ms=3.5
[T2diag] t=23.7560 P=[0.0030 0.0076 -0.0013] V=[-0.0076 0.0006 0.0005] |Bas|=0.830337 |Bgs|=0.0008202 tic0=[0.1200 0.0500 -0.0200] tic1=[0.1200 -0.0500 -0.0200] td=0.00000 track=92
[E2uls] flag=1 sh_t=23.792 new_t=23.792 dP=[0.0014 -0.0006 -0.0001] |dP|=0.0015 first_dt=-1.0000
time: 23.756000, t: 0.003011 0.007590 -0.001273 q: 0.999165 0.039306 -0.011179 -0.000594 
[T2depth] t=23.8840 id=5 src=motion2 u=616.9 v=372.3 depth=1.2948 depth2=-1.0000 track=2 sf=9 flag=ok
[T2depth] t=23.8840 id=9 src=motion2 u=399.0 v=343.3 depth=0.4070 depth2=-1.0000 track=2 sf=9 flag=ok
[T2depth] t=23.8840 id=12 src=motion2 u=386.0 v=387.4 depth=0.6379 depth2=-1.0000 track=2 sf=9 flag=ok
[T2depth] t=23.8840 id=14 src=motion2 u=352.0 v=346.3 depth=0.3889 depth2=-1.0000 track=2 sf=9 flag=ok
[T2depth] t=23.8840 id=18 src=motion2 u=559.0 v=387.3 depth=1.0517 depth2=-1.0000 track=2 sf=9 flag=ok
[T2depth] t=23.8840 id=19 src=motion2 u=456.0 v=349.3 depth=0.5584 depth2=-1.0000 track=2 sf=9 flag=ok
[T2depth] t=23.8840 id=22 src=motion2 u=505.0 v=361.3 depth=0.7476 depth2=-1.0000 track=2 sf=9 flag=ok
[T2depth] t=23.8840 id=25 src=motion2 u=356.0 v=386.5 depth=0.6561 depth2=-1.0000 track=2 sf=9 flag=ok
[T2depth] t=23.8840 id=28 src=motion2 u=475.0 v=380.4 depth=0.7183 depth2=-1.0000 track=2 sf=9 flag=ok
[T2depth] t=23.8840 id=36 src=motion2 u=609.0 v=410.4 depth=1.2356 depth2=-1.0000 track=2 sf=9 flag=ok
[T2depth] t=23.8840 id=41 src=motion2 u=434.0 v=407.4 depth=0.7802 depth2=-1.0000 track=2 sf=9 flag=ok
[T2depth] t=23.8840 id=44 src=motion2 u=615.0 v=452.5 depth=1.3521 depth2=-1.0000 track=2 sf=9 flag=ok
[T2depth] t=23.8840 id=46 src=motion2 u=511.0 v=439.5 depth=1.0033 depth2=-1.0000 track=2 sf=9 flag=ok
[T2depth] t=23.8840 id=54 src=motion2 u=588.0 v=363.2 depth=1.1510 depth2=-1.0000 track=2 sf=9 flag=ok
[T2depth] t=23.8840 id=55 src=motion2 u=519.0 v=389.4 depth=0.8667 depth2=-1.0000 track=2 sf=9 flag=ok
[T2depth] t=23.8840 id=57 src=motion2 u=578.0 v=459.5 depth=1.2110 depth2=-1.0000 track=2 sf=9 flag=ok
[T2depth] t=23.8840 id=61 src=motion2 u=579.0 v=427.4 depth=1.1368 depth2=-1.0000 track=2 sf=9 flag=ok
[T2depth] t=23.8840 id=69 src=motion2 u=478.0 v=476.6 depth=1.0384 depth2=-1.0000 track=2 sf=9 flag=ok
[T2depth] t=23.8840 id=70 src=motion2 u=326.0 v=375.4 depth=0.6444 depth2=-1.0000 track=2 sf=9 flag=ok
[T2depth] t=23.8840 id=71 src=motion2 u=464.0 v=413.4 depth=0.8230 depth2=-1.0000 track=2 sf=9 flag=ok
[T2depth] t=23.8840 id=81 src=motion2 u=428.0 v=367.3 depth=0.5682 depth2=-1.0000 track=2 sf=9 flag=ok
[T2depth] t=23.8840 id=82 src=motion2 u=635.0 v=293.0 depth=1.5898 depth2=-1.0000 track=2 sf=9 flag=ok
[T2depth] t=23.8840 id=85 src=motion2 u=509.0 v=472.6 depth=1.1010 depth2=-1.0000 track=2 sf=9 flag=ok
[T2depth] t=23.8840 id=86 src=motion2 u=539.0 v=426.4 depth=1.0244 depth2=-1.0000 track=2 sf=9 flag=ok
[T2depth] t=23.8840 id=88 src=motion2 u=638.0 v=426.4 depth=1.3097 depth2=-1.0000 track=2 sf=9 flag=ok
[T2depth] t=23.8840 id=90 src=motion2 u=447.0 v=446.5 depth=0.9472 depth2=-1.0000 track=2 sf=9 flag=ok
[T2depth] t=23.8840 id=93 src=motion2 u=544.0 v=456.5 depth=1.0694 depth2=-1.0000 track=2 sf=9 flag=ok
[T2depth] t=23.8840 id=97 src=motion2 u=325.0 v=464.7 depth=1.1094 depth2=-1.0000 track=2 sf=9 flag=ok
[T2depth] t=23.8840 id=120 src=motion2 u=497.0 v=412.4 depth=0.9108 depth2=-1.0000 track=2 sf=9 flag=ok
[T2depth] t=23.8840 id=130 src=motion2 u=479.0 v=441.5 depth=0.9873 depth2=-1.0000 track=2 sf=9 flag=ok
[T2depth] t=23.8840 id=1290 src=motion2 u=360.0 v=418.0 depth=0.8031 depth2=-1.0000 track=2 sf=9 flag=ok
[T2depth] t=23.8840 id=1310 src=stereo u=62.0 v=249.0 depth=2.5800 depth2=-1.0000 track=1 sf=10 flag=ok
[T2gate] t=23.8840 tri=111 rej=0 xrej=0 init_replace=0 gate=0
[T2slv] t=23.8840 phase=1 init_cost=89.4798 final_cost=68.2315 iters=9 term=1 slv_ms=10.8
[T2diag] t=23.8840 P=[0.0051 0.0070 -0.0016] V=[-0.0044 0.0010 0.0012] |Bas|=0.840762 |Bgs|=0.0008382 tic0=[0.1200 0.0500 -0.0200] tic1=[0.1200 -0.0500 -0.0200] td=0.00000 track=122
[E2uls] flag=1 sh_t=23.928 new_t=23.928 dP=[-0.0039 0.0009 0.0005] |dP|=0.0041 first_dt=-1.0000
time: 23.884000, t: 0.005110 0.006972 -0.001597 q: 0.999135 0.039829 -0.011969 -0.000502 
[T2xcross] t=23.9840 id=1310 est=2.5800 svd=0.8576 rel=0.6676 track=2 sf=9
[T2gate] t=23.9840 tri=80 rej=0 xrej=0 init_replace=0 gate=0
[T2slv] t=23.9840 phase=1 init_cost=69.3085 final_cost=67.5982 iters=9 term=1 slv_ms=10.6
[T2diag] t=23.9840 P=[0.0053 0.0068 -0.0015] V=[-0.0028 0.0005 -0.0007] |Bas|=0.845147 |Bgs|=0.0008460 tic0=[0.1200 0.0500 -0.0200] tic1=[0.1200 -0.0500 -0.0200] td=0.00000 track=122
[E2uls] flag=1 sh_t=24.020 new_t=24.020 dP=[-0.0009 0.0005 0.0001] |dP|=0.0011 first_dt=-1.0000
time: 23.984000, t: 0.005270 0.006786 -0.001543 q: 0.999122 0.040006 -0.012428 -0.000572 
[T2depth] t=24.0840 id=118 src=motion2 u=321.9 v=279.1 depth=0.2808 depth2=-1.0000 track=2 sf=9 flag=ok
[T2gate] t=24.0840 tri=80 rej=0 xrej=0 init_replace=0 gate=0
[T2slv] t=24.0840 phase=1 init_cost=69.1707 final_cost=67.6102 iters=9 term=1 slv_ms=10.7
[T2diag] t=24.0840 P=[0.0060 0.0062 -0.0016] V=[0.0008 -0.0013 0.0010] |Bas|=0.842820 |Bgs|=0.0008418 tic0=[0.1200 0.0500 -0.0200] tic1=[0.1200 -0.0500 -0.0200] td=0.00000 track=123
[E2uls] flag=1 sh_t=24.116 new_t=24.116 dP=[-0.0012 0.0004 0.0001] |dP|=0.0012 first_dt=-1.0000
time: 24.084000, t: 0.005954 0.006198 -0.001617 q: 0.999124 0.039800 -0.012951 -0.000402 
[T2gate] t=24.1560 tri=80 rej=0 xrej=0 init_replace=0 gate=0
[T2slv] t=24.1560 phase=1 init_cost=71.0825 final_cost=67.7618 iters=9 term=1 slv_ms=5.6
[T2diag] t=24.1560 P=[0.0060 0.0063 -0.0016] V=[-0.0022 -0.0003 -0.0009] |Bas|=0.843144 |Bgs|=0.0008463 tic0=[0.1200 0.0500 -0.0200] tic1=[0.1200 -0.0500 -0.0200] td=0.00000 track=122
[E2uls] flag=1 sh_t=24.184 new_t=24.184 dP=[0.0001 -0.0003 0.0002] |dP|=0.0004 first_dt=-1.0000
time: 24.156000, t: 0.005967 0.006328 -0.001612 q: 0.999121 0.039804 -0.013129 -0.000348 
[T2depth] t=24.2880 id=1342 src=motion2 u=64.0 v=249.0 depth=0.4085 depth2=-1.0000 track=2 sf=9 flag=ok
[T2gate] t=24.2880 tri=84 rej=0 xrej=0 init_replace=0 gate=0
[T2slv] t=24.2880 phase=1 init_cost=71.2199 final_cost=67.9181 iters=9 term=1 slv_ms=10.4
[T2diag] t=24.2880 P=[0.0063 0.0061 -0.0016] V=[-0.0011 -0.0002 0.0005] |Bas|=0.844536 |Bgs|=0.0008396 tic0=[0.1200 0.0500 -0.0200] tic1=[0.1200 -0.0500 -0.0200] td=0.00000 track=119
[E2uls] flag=1 sh_t=24.328 new_t=24.328 dP=[-0.0010 0.0004 -0.0002] |dP|=0.0011 first_dt=-1.0000
time: 24.288000, t: 0.006334 0.006060 -0.001628 q: 0.999115 0.039808 -0.013615 -0.000394 
[T2depth] t=24.4200 id=3 src=motion2 u=159.1 v=342.4 depth=5.0000 depth2=-1.0000 track=2 sf=9 flag=init_neg
[T2depth] t=24.4200 id=11 src=motion2 u=116.0 v=361.5 depth=5.0000 depth2=-1.0000 track=2 sf=9 flag=init_neg
[T2depth] t=24.4200 id=20 src=motion2 u=203.1 v=388.5 depth=5.0000 depth2=-1.0000 track=2 sf=9 flag=init_neg
[T2depth] t=24.4200 id=72 src=motion2 u=42.1 v=380.6 depth=5.0000 depth2=-1.0000 track=2 sf=9 flag=init_neg
[T2gate] t=24.4200 tri=86 rej=0 xrej=0 init_replace=4 gate=0
[T2slv] t=24.4200 phase=1 init_cost=391.565 final_cost=283.621 iters=9 term=1 slv_ms=12.8
[T2diag] t=24.4200 P=[0.0067 0.0061 -0.0017] V=[-0.0019 0.0008 0.0017] |Bas|=0.840694 |Bgs|=0.0008223 tic0=[0.1200 0.0500 -0.0200] tic1=[0.1200 -0.0500 -0.0200] td=0.00000 track=118
[E2uls] flag=1 sh_t=24.464 new_t=24.464 dP=[-0.0008 0.0002 0.0011] |dP|=0.0014 first_dt=-1.0000
time: 24.420000, t: 0.006691 0.006094 -0.001735 q: 0.999122 0.039572 -0.013739 -0.000451 
[T2depth] t=24.5200 id=33 src=motion2 u=55.3 v=318.4 depth=5.0000 depth2=-1.0000 track=2 sf=9 flag=init_neg
[T2depth] t=24.5200 id=34 src=motion2 u=318.0 v=311.3 depth=5.0000 depth2=-1.0000 track=2 sf=9 flag=init_neg
[T2depth] t=24.5200 id=66 src=motion2 u=79.2 v=353.5 depth=5.0000 depth2=-1.0000 track=2 sf=9 flag=init_neg
[T2depth] t=24.5200 id=100 src=motion2 u=15.3 v=476.9 depth=5.0000 depth2=-1.0000 track=2 sf=9 flag=init_neg
[T2depth] t=24.5200 id=1374 src=motion2 u=63.0 v=249.0 depth=5.0000 depth2=-1.0000 track=2 sf=9 flag=init_neg
[T2depth] t=24.5200 id=31 src=stereo u=263.0 v=404.6 depth=5.0000 depth2=-1.0000 track=1 sf=10 flag=init_neg
[T2depth] t=24.5200 id=74 src=stereo u=294.0 v=411.6 depth=5.0000 depth2=-1.0000 track=1 sf=10 flag=init_neg
[T2depth] t=24.5200 id=111 src=stereo u=263.0 v=437.7 depth=5.0000 depth2=-1.0000 track=1 sf=10 flag=init_neg
[T2gate] t=24.5200 tri=87 rej=0 xrej=0 init_replace=8 gate=0
[T2slv] t=24.5200 phase=1 init_cost=92.789 final_cost=82.6505 iters=5 term=0 slv_ms=7.5
[T2diag] t=24.5200 P=[0.0064 0.0064 -0.0016] V=[-0.0031 0.0006 0.0010] |Bas|=0.838186 |Bgs|=0.0008261 tic0=[0.1200 0.0500 -0.0200] tic1=[0.1200 -0.0500 -0.0200] td=0.00000 track=120
[E2uls] flag=1 sh_t=24.552 new_t=24.552 dP=[-0.0003 0.0001 0.0001] |dP|=0.0003 first_dt=-1.0000
time: 24.520000, t: 0.006367 0.006378 -0.001602 q: 0.999126 0.039635 -0.013273 -0.000429 
[T2xcross] t=24.6200 id=31 est=5.0000 svd=0.1695 rel=0.9661 track=2 sf=9
[T2xcross] t=24.6200 id=74 est=5.0000 svd=0.1289 rel=0.9742 track=2 sf=9
[T2xcross] t=24.6200 id=111 est=5.0000 svd=0.1898 rel=0.9620 track=2 sf=9
[T2gate] t=24.6200 tri=77 rej=0 xrej=0 init_replace=0 gate=0
[T2slv] t=24.6200 phase=1 init_cost=87.1372 final_cost=82.378 iters=9 term=1 slv_ms=8.9
[T2diag] t=24.6200 P=[0.0065 0.0063 -0.0016] V=[-0.0018 0.0009 -0.0007] |Bas|=0.828934 |Bgs|=0.0008270 tic0=[0.1200 0.0500 -0.0200] tic1=[0.1200 -0.0500 -0.0200] td=0.00000 track=119
[E2uls] flag=1 sh_t=24.652 new_t=24.652 dP=[-0.0009 0.0003 0.0002] |dP|=0.0010 first_dt=-1.0000
time: 24.620000, t: 0.006539 0.006267 -0.001645 q: 0.999153 0.039007 -0.013085 -0.000553 
[T2depth] t=24.7520 id=608 src=motion2 u=150.0 v=273.2 depth=5.0000 depth2=-1.0000 track=2 sf=9 flag=init_neg
[T2depth] t=24.7520 id=1020 src=motion2 u=391.4 v=244.0 depth=5.0000 depth2=-1.0000 track=2 sf=9 flag=init_neg
[T2depth] t=24.7520 id=1405 src=motion2 u=355.0 v=383.0 depth=5.0000 depth2=-1.0000 track=2 sf=9 flag=init_neg
[T2gate] t=24.7520 tri=77 rej=0 xrej=0 init_replace=3 gate=0
[T2slv] t=24.7520 phase=1 init_cost=93.0428 final_cost=82.4487 iters=9 term=1 slv_ms=9.6
[T2diag] t=24.7520 P=[0.0063 0.0064 -0.0016] V=[-0.0017 -0.0001 -0.0007] |Bas|=0.822020 |Bgs|=0.0008452 tic0=[0.1200 0.0500 -0.0200] tic1=[0.1200 -0.0500 -0.0200] td=0.00000 track=122
[E2uls] flag=1 sh_t=24.800 new_t=24.800 dP=[-0.0005 0.0008 -0.0001] |dP|=0.0009 first_dt=-1.0000
time: 24.752000, t: 0.006342 0.006397 -0.001622 q: 0.999162 0.038907 -0.012707 -0.000458 
[T2gate] t=24.8520 tri=80 rej=0 xrej=0 init_replace=0 gate=0
[T2slv] t=24.8520 phase=1 init_cost=86.0043 final_cost=82.2061 iters=9 term=1 slv_ms=8.3
[T2diag] t=24.8520 P=[0.0061 0.0066 -0.0016] V=[-0.0026 0.0002 0.0002] |Bas|=0.816717 |Bgs|=0.0008273 tic0=[0.1200 0.0500 -0.0200] tic1=[0.1200 -0.0500 -0.0200] td=0.00000 track=122
[E2uls] flag=1 sh_t=24.896 new_t=24.896 dP=[-0.0004 0.0003 0.0000] |dP|=0.0005 first_dt=-1.0000
time: 24.852000, t: 0.006143 0.006617 -0.001623 q: 0.999170 0.038806 -0.012369 -0.000598 
[T2gate] t=24.9840 tri=81 rej=0 xrej=0 init_replace=0 gate=0
[T2slv] t=24.9840 phase=1 init_cost=88.497 final_cost=81.7182 iters=9 term=1 slv_ms=5.1
[T2diag] t=24.9840 P=[0.0061 0.0068 -0.0016] V=[-0.0011 0.0017 -0.0012] |Bas|=0.813185 |Bgs|=0.0008209 tic0=[0.1200 0.0500 -0.0200] tic1=[0.1200 -0.0500 -0.0200] td=0.00000 track=122
[E2uls] flag=1 sh_t=25.016 new_t=25.016 dP=[-0.0004 0.0004 0.0001] |dP|=0.0006 first_dt=-1.0000
time: 24.984000, t: 0.006067 0.006765 -0.001609 q: 0.999182 0.038552 -0.012202 -0.000648 
[T2depth] t=25.0840 id=1442 src=motion2 u=98.0 v=266.0 depth=0.0030 depth2=-1.0000 track=2 sf=9 flag=ok
[T2gate] t=25.0840 tri=80 rej=0 xrej=0 init_replace=0 gate=0
[T2slv] t=25.0840 phase=1 init_cost=83.8855 final_cost=80.9033 iters=9 term=1 slv_ms=7.5
[T2diag] t=25.0840 P=[0.0072 0.0062 -0.0016] V=[-0.0013 -0.0005 0.0010] |Bas|=0.806974 |Bgs|=0.0008094 tic0=[0.1200 0.0500 -0.0200] tic1=[0.1200 -0.0500 -0.0200] td=0.00000 track=123
[E2uls] flag=1 sh_t=25.120 new_t=25.120 dP=[-0.0014 0.0007 -0.0001] |dP|=0.0016 first_dt=-1.0000
time: 25.084000, t: 0.007239 0.006179 -0.001605 q: 0.999195 0.038282 -0.011975 -0.000659 
[T2gate] t=25.1840 tri=81 rej=0 xrej=0 init_replace=0 gate=0
[T2slv] t=25.1840 phase=1 init_cost=85.3068 final_cost=81.0732 iters=9 term=1 slv_ms=6.1
[T2diag] t=25.1840 P=[0.0070 0.0063 -0.0016] V=[-0.0008 0.0023 -0.0002] |Bas|=0.800710 |Bgs|=0.0007866 tic0=[0.1200 0.0500 -0.0200] tic1=[0.1200 -0.0500 -0.0200] td=0.00000 track=122
[E2uls] flag=1 sh_t=25.216 new_t=25.216 dP=[-0.0001 0.0001 0.0002] |dP|=0.0003 first_dt=-1.0000
time: 25.184000, t: 0.007013 0.006330 -0.001622 q: 0.999206 0.038040 -0.011812 -0.000750 
[T2depth] t=25.2840 id=99 src=motion2 u=592.0 v=279.0 depth=0.5497 depth2=-1.0000 track=2 sf=9 flag=ok
[T2depth] t=25.2840 id=1477 src=motion2 u=416.0 v=437.0 depth=0.5865 depth2=-1.0000 track=2 sf=9 flag=ok
[T2gate] t=25.2840 tri=84 rej=0 xrej=0 init_replace=0 gate=0
[T2slv] t=25.2840 phase=1 init_cost=89.1905 final_cost=80.8485 iters=9 term=1 slv_ms=7.8
[T2diag] t=25.2840 P=[0.0067 0.0064 -0.0016] V=[-0.0036 0.0013 0.0010] |Bas|=0.787473 |Bgs|=0.0007875 tic0=[0.1200 0.0500 -0.0200] tic1=[0.1200 -0.0500 -0.0200] td=0.00000 track=121
[E2uls] flag=1 sh_t=25.320 new_t=25.320 dP=[-0.0001 0.0006 0.0002] |dP|=0.0006 first_dt=-1.0000
time: 25.284000, t: 0.006747 0.006367 -0.001605 q: 0.999236 0.037337 -0.011513 -0.000719 
[T2depth] t=25.3840 id=29 src=motion2 u=636.9 v=347.2 depth=5.0000 depth2=-1.0000 track=2 sf=9 flag=init_neg
[T2depth] t=25.3840 id=39 src=motion2 u=618.9 v=320.1 depth=5.0000 depth2=-1.0000 track=2 sf=9 flag=init_neg
[T2depth] t=25.3840 id=117 src=motion2 u=551.0 v=279.0 depth=0.0119 depth2=-1.0000 track=2 sf=9 flag=ok
[T2gate] t=25.3840 tri=78 rej=0 xrej=0 init_replace=2 gate=0
[T2slv] t=25.3840 phase=1 init_cost=88.8241 final_cost=81.982 iters=9 term=1 slv_ms=5.4
[T2diag] t=25.3840 P=[0.0063 0.0066 -0.0016] V=[0.0000 0.0006 0.0012] |Bas|=0.782042 |Bgs|=0.0008134 tic0=[0.1200 0.0500 -0.0200] tic1=[0.1200 -0.0500 -0.0200] td=0.00000 track=121
[E2uls] flag=1 sh_t=25.416 new_t=25.416 dP=[-0.0000 0.0001 0.0001] |dP|=0.0002 first_dt=-1.0000
time: 25.384000, t: 0.006342 0.006556 -0.001569 q: 0.999249 0.037042 -0.011345 -0.000771 
[T2depth] t=25.4840 id=15 src=motion2 u=555.0 v=356.3 depth=5.0000 depth2=-1.0000 track=2 sf=9 flag=init_neg
[T2depth] t=25.4840 id=38 src=motion2 u=523.0 v=323.2 depth=5.0000 depth2=-1.0000 track=2 sf=9 flag=init_neg
[T2gate] t=25.4840 tri=70 rej=0 xrej=0 init_replace=2 gate=0
[T2slv] t=25.4840 phase=1 init_cost=85.1944 final_cost=81.5172 iters=9 term=1 slv_ms=5.7
[T2diag] t=25.4840 P=[0.0068 0.0062 -0.0016] V=[-0.0001 -0.0009 -0.0000] |Bas|=0.769985 |Bgs|=0.0008162 tic0=[0.1200 0.0500 -0.0200] tic1=[0.1200 -0.0500 -0.0200] td=0.00000 track=123
[E2uls] flag=1 sh_t=25.528 new_t=25.528 dP=[-0.0004 0.0005 -0.0000] |dP|=0.0007 first_dt=-1.0000
time: 25.484000, t: 0.006820 0.006218 -0.001624 q: 0.999268 0.036575 -0.011195 -0.000631 
[T2gate] t=25.5840 tri=72 rej=0 xrej=0 init_replace=0 gate=0
[T2slv] t=25.5840 phase=1 init_cost=85.2036 final_cost=81.863 iters=9 term=1 slv_ms=6.7
[T2diag] t=25.5840 P=[0.0071 0.0060 -0.0016] V=[-0.0015 -0.0004 0.0021] |Bas|=0.757053 |Bgs|=0.0008074 tic0=[0.1200 0.0500 -0.0200] tic1=[0.1200 -0.0500 -0.0200] td=0.00000 track=119
[E2uls] flag=1 sh_t=25.624 new_t=25.624 dP=[-0.0005 0.0001 -0.0001] |dP|=0.0005 first_dt=-1.0000
time: 25.584000, t: 0.007098 0.006042 -0.001620 q: 0.999294 0.035890 -0.011055 -0.000751 
[T2depth] t=25.6840 id=47 src=motion2 u=386.0 v=433.6 depth=0.0608 depth2=-1.0000 track=2 sf=9 flag=ok
[T2depth] t=25.6840 id=75 src=motion2 u=416.0 v=467.8 depth=0.0549 depth2=-1.0000 track=2 sf=9 flag=ok
[T2depth] t=25.6840 id=80 src=motion2 u=350.0 v=446.7 depth=0.0636 depth2=-1.0000 track=2 sf=9 flag=ok
[T2depth] t=25.6840 id=110 src=motion2 u=375.0 v=468.8 depth=0.0579 depth2=-1.0000 track=2 sf=9 flag=ok
[T2depth] t=25.6840 id=1514 src=motion2 u=127.0 v=244.0 depth=0.0205 depth2=-1.0000 track=2 sf=9 flag=ok
[T2gate] t=25.6840 tri=74 rej=0 xrej=0 init_replace=0 gate=0
[T2slv] t=25.6840 phase=1 init_cost=89.546 final_cost=82.9955 iters=9 term=1 slv_ms=7.1
[T2diag] t=25.6840 P=[0.0068 0.0062 -0.0016] V=[-0.0011 0.0011 0.0008] |Bas|=0.746143 |Bgs|=0.0008113 tic0=[0.1200 0.0500 -0.0200] tic1=[0.1200 -0.0500 -0.0200] td=0.00000 track=121
[E2uls] flag=1 sh_t=25.720 new_t=25.720 dP=[0.0003 -0.0001 0.0003] |dP|=0.0004 first_dt=-1.0000
time: 25.684000, t: 0.006848 0.006158 -0.001630 q: 0.999315 0.035346 -0.010962 -0.000822 
[T2depth] t=25.7840 id=48 src=motion2 u=471.0 v=320.2 depth=0.3845 depth2=-1.0000 track=2 sf=9 flag=ok
[T2depth] t=25.7840 id=78 src=motion2 u=289.0 v=453.8 depth=0.4830 depth2=-1.0000 track=2 sf=9 flag=ok
[T2depth] t=25.7840 id=92 src=motion2 u=261.0 v=468.9 depth=0.4986 depth2=-1.0000 track=2 sf=9 flag=ok
[T2gate] t=25.7840 tri=70 rej=0 xrej=0 init_replace=0 gate=0
[T2slv] t=25.7840 phase=1 init_cost=121.038 final_cost=90.948 iters=9 term=1 slv_ms=6.2
[T2diag] t=25.7840 P=[0.0064 0.0062 -0.0016] V=[-0.0024 0.0012 0.0030] |Bas|=0.739756 |Bgs|=0.0008167 tic0=[0.1200 0.0500 -0.0200] tic1=[0.1200 -0.0500 -0.0200] td=0.00000 track=123
[E2uls] flag=1 sh_t=25.820 new_t=25.820 dP=[0.0004 0.0002 0.0006] |dP|=0.0007 first_dt=-1.0000
time: 25.784000, t: 0.006441 0.006212 -0.001606 q: 0.999322 0.035149 -0.010899 -0.000802 
[T2depth] t=25.8840 id=1521 src=motion2 u=127.0 v=244.0 depth=5.0000 depth2=-1.0000 track=2 sf=9 flag=init_neg
[T2gate] t=25.8840 tri=68 rej=0 xrej=0 init_replace=1 gate=0
[T2slv] t=25.8840 phase=1 init_cost=98.3442 final_cost=84.8915 iters=9 term=1 slv_ms=6.1
[T2diag] t=25.8840 P=[0.0067 0.0062 -0.0017] V=[0.0010 0.0005 -0.0010] |Bas|=0.729897 |Bgs|=0.0007936 tic0=[0.1200 0.0500 -0.0200] tic1=[0.1200 -0.0500 -0.0200] td=0.00000 track=123
[E2uls] flag=1 sh_t=25.920 new_t=25.920 dP=[-0.0006 0.0002 0.0006] |dP|=0.0009 first_dt=-1.0000
time: 25.884000, t: 0.006732 0.006175 -0.001660 q: 0.999340 0.034653 -0.010881 -0.000792 
[T2depth] t=25.9840 id=23 src=motion2 u=45.2 v=348.6 depth=5.0000 depth2=-1.0000 track=2 sf=9 flag=init_neg
[T2gate] t=25.9840 tri=71 rej=0 xrej=0 init_replace=1 gate=0
[T2slv] t=25.9840 phase=1 init_cost=93.3592 final_cost=84.6797 iters=9 term=1 slv_ms=5.7
[T2diag] t=25.9840 P=[0.0070 0.0061 -0.0017] V=[-0.0024 0.0000 -0.0018] |Bas|=0.717914 |Bgs|=0.0007840 tic0=[0.1200 0.0500 -0.0200] tic1=[0.1200 -0.0500 -0.0200] td=0.00000 track=120
[E2uls] flag=1 sh_t=26.012 new_t=26.012 dP=[-0.0003 0.0003 -0.0004] |dP|=0.0006 first_dt=-1.0000
time: 25.984000, t: 0.006955 0.006069 -0.001652 q: 0.999361 0.034158 -0.010533 -0.000737 
[T2depth] t=26.0840 id=35 src=motion2 u=226.0 v=468.9 depth=5.0000 depth2=-1.0000 track=2 sf=9 flag=init_neg
[T2depth] t=26.0840 id=42 src=motion2 u=329.0 v=413.6 depth=5.0000 depth2=-1.0000 track=2 sf=9 flag=init_neg
[T2depth] t=26.0840 id=62 src=motion2 u=453.1 v=294.1 depth=5.0000 depth2=-1.0000 track=2 sf=9 flag=init_neg
[T2depth] t=26.0840 id=63 src=motion2 u=428.9 v=335.3 depth=5.0000 depth2=-1.0000 track=2 sf=9 flag=init_neg
[T2gate] t=26.0840 tri=71 rej=0 xrej=0 init_replace=4 gate=0
[T2slv] t=26.0840 phase=1 init_cost=100.503 final_cost=85.4529 iters=9 term=1 slv_ms=7.6
[T2diag] t=26.0840 P=[0.0067 0.0062 -0.0016] V=[-0.0039 0.0008 0.0037] |Bas|=0.701037 |Bgs|=0.0008031 tic0=[0.1200 0.0500 -0.0200] tic1=[0.1200 -0.0500 -0.0200] td=0.00000 track=123
[E2uls] flag=1 sh_t=26.120 new_t=26.120 dP=[-0.0002 -0.0006 0.0000] |dP|=0.0006 first_dt=-1.0000
time: 26.084000, t: 0.006708 0.006153 -0.001622 q: 0.999399 0.033037 -0.010436 -0.000903 
[T2gate] t=26.1880 tri=69 rej=0 xrej=0 init_replace=0 gate=0
[T2slv] t=26.1880 phase=1 init_cost=101.755 final_cost=86.9516 iters=9 term=1 slv_ms=6.5
[T2diag] t=26.1880 P=[0.0069 0.0060 -0.0017] V=[0.0001 -0.0000 -0.0024] |Bas|=0.690395 |Bgs|=0.0008323 tic0=[0.1200 0.0500 -0.0200] tic1=[0.1200 -0.0500 -0.0200] td=0.00000 track=121
[E2uls] flag=1 sh_t=26.224 new_t=26.224 dP=[-0.0010 0.0004 0.0005] |dP|=0.0012 first_dt=-1.0000
time: 26.188000, t: 0.006895 0.006017 -0.001654 q: 0.999412 0.032654 -0.010407 -0.000774 
[T2depth] t=26.2840 id=639 src=motion2 u=621.3 v=265.9 depth=0.0838 depth2=-1.0000 track=2 sf=9 flag=ok
[T2depth] t=26.2840 id=1528 src=motion2 u=90.1 v=245.0 depth=5.0000 depth2=-1.0000 track=2 sf=9 flag=init_neg
[T2gate] t=26.2840 tri=68 rej=0 xrej=0 init_replace=1 gate=0
[T2slv] t=26.2840 phase=1 init_cost=92.2621 final_cost=85.4523 iters=9 term=1 slv_ms=5.2
[T2diag] t=26.2840 P=[0.0069 0.0059 -0.0017] V=[-0.0022 -0.0016 0.0004] |Bas|=0.681548 |Bgs|=0.0008289 tic0=[0.1200 0.0500 -0.0200] tic1=[0.1200 -0.0500 -0.0200] td=0.00000 track=123
[E2uls] flag=1 sh_t=26.320 new_t=26.320 dP=[-0.0003 0.0000 -0.0002] |dP|=0.0004 first_dt=-1.0000
time: 26.284000, t: 0.006887 0.005943 -0.001681 q: 0.999429 0.032086 -0.010532 -0.000615 
[T2xcross] t=26.3840 id=1521 est=5.0000 svd=4.3430 rel=0.1314 track=2 sf=9
[T2gate] t=26.3840 tri=67 rej=0 xrej=0 init_replace=0 gate=0
[T2slv] t=26.3840 phase=1 init_cost=100.574 final_cost=83.7467 iters=9 term=1 slv_ms=9.5
[T2diag] t=26.3840 P=[0.0072 0.0058 -0.0017] V=[-0.0011 -0.0022 -0.0012] |Bas|=0.672733 |Bgs|=0.0008105 tic0=[0.1200 0.0500 -0.0200] tic1=[0.1200 -0.0500 -0.0200] td=0.00000 track=122
[E2uls] flag=1 sh_t=26.424 new_t=26.424 dP=[-0.0012 -0.0008 0.0000] |dP|=0.0014 first_dt=-1.0000
time: 26.384000, t: 0.007188 0.005787 -0.001685 q: 0.999443 0.031648 -0.010556 -0.000697 
[T2depth] t=26.4840 id=43 src=motion2 u=163.0 v=465.0 depth=2.4032 depth2=-1.0000 track=2 sf=9 flag=ok
[T2gate] t=26.4840 tri=68 rej=0 xrej=0 init_replace=0 gate=0
[T2slv] t=26.4840 phase=1 init_cost=94.2234 final_cost=83.7489 iters=9 term=1 slv_ms=5.5
[T2diag] t=26.4840 P=[0.0066 0.0061 -0.0017] V=[0.0003 0.0007 -0.0007] |Bas|=0.670329 |Bgs|=0.0007946 tic0=[0.1200 0.0500 -0.0200] tic1=[0.1200 -0.0500 -0.0200] td=0.00000 track=122
[E2uls] flag=1 sh_t=26.520 new_t=26.520 dP=[0.0001 -0.0007 -0.0003] |dP|=0.0008 first_dt=-1.0000
time: 26.484000, t: 0.006583 0.006085 -0.001674 q: 0.999448 0.031485 -0.010595 -0.000777 
[T2depth] t=26.5880 id=1535 src=motion2 u=127.1 v=244.0 depth=5.0000 depth2=-1.0000 track=2 sf=9 flag=init_neg
[T2gate] t=26.5880 tri=69 rej=0 xrej=0 init_replace=1 gate=0
[T2slv] t=26.5880 phase=1 init_cost=89.8145 final_cost=83.6882 iters=9 term=1 slv_ms=4.9
[T2diag] t=26.5880 P=[0.0070 0.0059 -0.0017] V=[-0.0018 0.0002 0.0010] |Bas|=0.667878 |Bgs|=0.0007974 tic0=[0.1200 0.0500 -0.0200] tic1=[0.1200 -0.0500 -0.0200] td=0.00000 track=122
[E2uls] flag=1 sh_t=26.616 new_t=26.616 dP=[-0.0003 0.0001 -0.0000] |dP|=0.0003 first_dt=-1.0000
time: 26.588000, t: 0.006950 0.005918 -0.001669 q: 0.999454 0.031251 -0.010658 -0.000769 
[T2depth] t=26.7200 id=32 src=motion2 u=198.0 v=446.9 depth=5.0000 depth2=-1.0000 track=2 sf=9 flag=init_neg
[T2gate] t=26.7200 tri=68 rej=0 xrej=0 init_replace=1 gate=0
[T2slv] t=26.7200 phase=1 init_cost=107.768 final_cost=83.5925 iters=9 term=1 slv_ms=4.5
[T2diag] t=26.7200 P=[0.0072 0.0058 -0.0017] V=[0.0016 0.0018 0.0000] |Bas|=0.665213 |Bgs|=0.0007946 tic0=[0.1200 0.0500 -0.0200] tic1=[0.1200 -0.0500 -0.0200] td=0.00000 track=123
[E2uls] flag=1 sh_t=26.752 new_t=26.752 dP=[-0.0003 0.0006 0.0005] |dP|=0.0009 first_dt=-1.0000
time: 26.720000, t: 0.007204 0.005767 -0.001710 q: 0.999453 0.031254 -0.010756 -0.000644 
[T2gate] t=26.8200 tri=66 rej=0 xrej=0 init_replace=0 gate=0
[T2slv] t=26.8200 phase=1 init_cost=89.4166 final_cost=83.1427 iters=9 term=1 slv_ms=6.0
[T2diag] t=26.8200 P=[0.0072 0.0057 -0.0017] V=[-0.0028 0.0014 -0.0003] |Bas|=0.661968 |Bgs|=0.0008021 tic0=[0.1200 0.0500 -0.0200] tic1=[0.1200 -0.0500 -0.0200] td=0.00000 track=122
[E2uls] flag=1 sh_t=26.836 new_t=26.836 dP=[0.0000 0.0003 -0.0001] |dP|=0.0003 first_dt=-1.0000
time: 26.820000, t: 0.007240 0.005739 -0.001680 q: 0.999462 0.030970 -0.010747 -0.000773 
[T2gate] t=26.9200 tri=66 rej=0 xrej=0 init_replace=0 gate=0
[T2slv] t=26.9200 phase=1 init_cost=99.3106 final_cost=83.9006 iters=9 term=1 slv_ms=7.8
[T2diag] t=26.9200 P=[0.0070 0.0058 -0.0017] V=[-0.0027 -0.0005 -0.0005] |Bas|=0.658789 |Bgs|=0.0007852 tic0=[0.1200 0.0500 -0.0200] tic1=[0.1200 -0.0500 -0.0200] td=0.00000 track=122
[E2uls] flag=1 sh_t=26.960 new_t=26.960 dP=[-0.0006 0.0002 0.0002] |dP|=0.0007 first_dt=-1.0000
time: 26.920000, t: 0.007017 0.005760 -0.001730 q: 0.999458 0.031084 -0.010797 -0.000563 
[T2xcross] t=27.0520 id=1535 est=5.0000 svd=0.0850 rel=0.9830 track=2 sf=9
[T2gate] t=27.0520 tri=69 rej=0 xrej=0 init_replace=0 gate=0
[T2slv] t=27.0520 phase=1 init_cost=89.6702 final_cost=82.4333 iters=9 term=1 slv_ms=7.1
[T2diag] t=27.0520 P=[0.0068 0.0058 -0.0017] V=[-0.0010 0.0001 -0.0018] |Bas|=0.659505 |Bgs|=0.0007519 tic0=[0.1200 0.0500 -0.0200] tic1=[0.1200 -0.0500 -0.0200] td=0.00000 track=119
[E2uls] flag=1 sh_t=27.088 new_t=27.088 dP=[-0.0003 -0.0002 -0.0002] |dP|=0.0004 first_dt=-1.0000
time: 27.052000, t: 0.006808 0.005772 -0.001735 q: 0.999462 0.030936 -0.010897 -0.000690 
[T2depth] t=27.1840 id=49 src=motion2 u=229.0 v=431.9 depth=5.0000 depth2=-1.0000 track=2 sf=9 flag=init_neg
[T2depth] t=27.1840 id=67 src=motion2 u=88.0 v=465.1 depth=5.0000 depth2=-1.0000 track=2 sf=9 flag=init_neg
[T2depth] t=27.1840 id=91 src=motion2 u=156.0 v=430.9 depth=5.0000 depth2=-1.0000 track=2 sf=9 flag=init_neg
[T2gate] t=27.1840 tri=70 rej=0 xrej=0 init_replace=3 gate=0
[T2slv] t=27.1840 phase=1 init_cost=87.7784 final_cost=81.3228 iters=9 term=1 slv_ms=6.4
[T2diag] t=27.1840 P=[0.0069 0.0057 -0.0017] V=[-0.0005 -0.0004 0.0017] |Bas|=0.662144 |Bgs|=0.0007667 tic0=[0.1200 0.0500 -0.0200] tic1=[0.1200 -0.0500 -0.0200] td=0.00000 track=122
[E2uls] flag=1 sh_t=27.216 new_t=27.216 dP=[-0.0007 0.0000 -0.0001] |dP|=0.0007 first_dt=-1.0000
time: 27.184000, t: 0.006909 0.005748 -0.001688 q: 0.999458 0.031107 -0.010739 -0.000702 
[T2gate] t=27.2840 tri=71 rej=0 xrej=0 init_replace=0 gate=0
[T2slv] t=27.2840 phase=1 init_cost=92.0428 final_cost=80.9755 iters=9 term=1 slv_ms=4.1
[T2diag] t=27.2840 P=[0.0066 0.0058 -0.0017] V=[-0.0022 0.0005 0.0011] |Bas|=0.663284 |Bgs|=0.0007894 tic0=[0.1200 0.0500 -0.0200] tic1=[0.1200 -0.0500 -0.0200] td=0.00000 track=119
[E2uls] flag=1 sh_t=27.320 new_t=27.320 dP=[0.0002 -0.0003 0.0003] |dP|=0.0005 first_dt=-1.0000
time: 27.284000, t: 0.006566 0.005847 -0.001709 q: 0.999459 0.031012 -0.010891 -0.000699 
[T2depth] t=27.3840 id=21 src=motion2 u=142.0 v=394.8 depth=5.0000 depth2=-1.0000 track=2 sf=9 flag=init_neg
[T2depth] t=27.3840 id=26 src=motion2 u=127.0 v=420.9 depth=5.0000 depth2=-1.0000 track=2 sf=9 flag=init_neg
[T2depth] t=27.3840 id=59 src=motion2 u=182.0 v=412.9 depth=5.0000 depth2=-1.0000 track=2 sf=9 flag=init_neg
[T2gate] t=27.3840 tri=81 rej=0 xrej=0 init_replace=3 gate=0
[T2slv] t=27.3840 phase=1 init_cost=89.6344 final_cost=80.5701 iters=9 term=1 slv_ms=11.1
[T2diag] t=27.3840 P=[0.0066 0.0058 -0.0017] V=[-0.0007 0.0003 -0.0005] |Bas|=0.668155 |Bgs|=0.0008018 tic0=[0.1200 0.0500 -0.0200] tic1=[0.1200 -0.0500 -0.0200] td=0.00000 track=113
[E2uls] flag=1 sh_t=27.424 new_t=27.424 dP=[-0.0006 -0.0000 0.0001] |dP|=0.0006 first_dt=-1.0000
time: 27.384000, t: 0.006633 0.005781 -0.001691 q: 0.999449 0.031234 -0.011181 -0.000613 
[T2depth] t=27.4840 id=2 src=motion2 u=190.9 v=340.5 depth=1.0915 depth2=-1.0000 track=2 sf=9 flag=ok
[T2depth] t=27.4840 id=7 src=motion2 u=308.9 v=349.5 depth=1.4184 depth2=-1.0000 track=2 sf=9 flag=ok
[T2depth] t=27.4840 id=10 src=motion2 u=264.0 v=363.6 depth=1.1856 depth2=-1.0000 track=2 sf=9 flag=ok
[T2depth] t=27.4840 id=13 src=motion2 u=292.0 v=375.6 depth=1.4785 depth2=-1.0000 track=2 sf=9 flag=ok
[T2depth] t=27.4840 id=16 src=motion2 u=52.0 v=412.0 depth=0.7820 depth2=-1.0000 track=2 sf=9 flag=ok
[T2depth] t=27.4840 id=37 src=motion2 u=71.1 v=436.0 depth=0.8716 depth2=-1.0000 track=2 sf=9 flag=ok
[T2depth] t=27.4840 id=45 src=motion2 u=236.9 v=378.7 depth=1.1883 depth2=-1.0000 track=2 sf=9 flag=ok
[T2depth] t=27.4840 id=50 src=motion2 u=40.0 v=457.2 depth=0.8626 depth2=-1.0000 track=2 sf=9 flag=ok
[T2depth] t=27.4840 id=58 src=motion2 u=102.0 v=438.0 depth=0.9181 depth2=-1.0000 track=2 sf=9 flag=ok
[T2gate] t=27.4840 tri=79 rej=0 xrej=0 init_replace=0 gate=0
[T2slv] t=27.4840 phase=1 init_cost=95.2285 final_cost=80.8503 iters=9 term=1 slv_ms=12.2
[T2diag] t=27.4840 P=[0.0070 0.0057 -0.0017] V=[0.0010 0.0027 -0.0020] |Bas|=0.672752 |Bgs|=0.0007876 tic0=[0.1200 0.0500 -0.0200] tic1=[0.1200 -0.0500 -0.0200] td=0.00000 track=122
[E2uls] flag=1 sh_t=27.528 new_t=27.528 dP=[-0.0003 0.0004 -0.0004] |dP|=0.0007 first_dt=-1.0000
time: 27.484000, t: 0.006981 0.005700 -0.001721 q: 0.999438 0.031553 -0.011324 -0.000617 
[T2gate] t=27.5840 tri=73 rej=0 xrej=0 init_replace=0 gate=0
[T2slv] t=27.5840 phase=1 init_cost=98.0387 final_cost=81.2562 iters=9 term=1 slv_ms=9.5
[T2diag] t=27.5840 P=[0.0072 0.0057 -0.0017] V=[0.0008 -0.0007 0.0025] |Bas|=0.674825 |Bgs|=0.0007569 tic0=[0.1200 0.0500 -0.0200] tic1=[0.1200 -0.0500 -0.0200] td=0.00000 track=120
[E2uls] flag=1 sh_t=27.624 new_t=27.624 dP=[0.0003 0.0005 0.0004] |dP|=0.0007 first_dt=-1.0000
time: 27.584000, t: 0.007202 0.005656 -0.001724 q: 0.999430 0.031851 -0.011193 -0.000631 
[T2depth] t=27.6840 id=1574 src=motion2 u=61.0 v=243.0 depth=0.1250 depth2=-1.0000 track=2 sf=9 flag=ok
[T2depth] t=27.6840 id=1577 src=motion2 u=127.0 v=244.0 depth=0.9580 depth2=-1.0000 track=2 sf=9 flag=ok
[T2gate] t=27.6840 tri=69 rej=0 xrej=0 init_replace=0 gate=0
[T2slv] t=27.6840 phase=1 init_cost=119.021 final_cost=101.659 iters=9 term=1 slv_ms=6.7
[T2diag] t=27.6840 P=[0.0086 0.0053 -0.0016] V=[-0.0024 0.0006 -0.0009] |Bas|=0.673770 |Bgs|=0.0007103 tic0=[0.1200 0.0500 -0.0200] tic1=[0.1200 -0.0500 -0.0200] td=0.00000 track=122
[E2uls] flag=1 sh_t=27.716 new_t=27.716 dP=[-0.0016 -0.0001 0.0005] |dP|=0.0017 first_dt=-1.0000
time: 27.684000, t: 0.008562 0.005317 -0.001628 q: 0.999437 0.031710 -0.010947 -0.000532 
[T2gate] t=27.7840 tri=100 rej=0 xrej=0 init_replace=0 gate=0
[T2slv] t=27.7840 phase=1 init_cost=105.472 final_cost=93.0307 iters=9 term=1 slv_ms=5.0
[T2diag] t=27.7840 P=[0.0076 0.0058 -0.0017] V=[-0.0003 0.0011 -0.0018] |Bas|=0.672636 |Bgs|=0.0007062 tic0=[0.1200 0.0500 -0.0200] tic1=[0.1200 -0.0500 -0.0200] td=0.00000 track=88
[E2uls] flag=1 sh_t=27.824 new_t=27.824 dP=[0.0005 -0.0004 -0.0001] |dP|=0.0007 first_dt=-1.0000
time: 27.784000, t: 0.007629 0.005789 -0.001664 q: 0.999435 0.031869 -0.010699 -0.000639 
[T2depth] t=27.8840 id=5 src=motion2 u=616.9 v=372.4 depth=107.6519 depth2=-1.0000 track=2 sf=9 flag=ok
[T2depth] t=27.8840 id=8 src=motion2 u=256.0 v=334.5 depth=5.0000 depth2=-1.0000 track=2 sf=9 flag=init_neg
[T2depth] t=27.8840 id=9 src=motion2 u=399.0 v=343.4 depth=5.0000 depth2=-1.0000 track=2 sf=9 flag=init_neg
[T2depth] t=27.8840 id=12 src=motion2 u=386.0 v=387.6 depth=5.0000 depth2=-1.0000 track=2 sf=9 flag=init_neg
[T2depth] t=27.8840 id=14 src=motion2 u=352.0 v=346.4 depth=5.0000 depth2=-1.0000 track=2 sf=9 flag=init_neg
[T2depth] t=27.8840 id=18 src=motion2 u=559.0 v=387.5 depth=52.8331 depth2=-1.0000 track=2 sf=9 flag=ok
[T2depth] t=27.8840 id=19 src=motion2 u=455.9 v=349.4 depth=5.0000 depth2=-1.0000 track=2 sf=9 flag=init_neg
[T2depth] t=27.8840 id=22 src=motion2 u=505.0 v=361.4 depth=5.0000 depth2=-1.0000 track=2 sf=9 flag=init_neg
[T2depth] t=27.8840 id=28 src=motion2 u=475.0 v=380.5 depth=5.0000 depth2=-1.0000 track=2 sf=9 flag=init_neg
[T2depth] t=27.8840 id=36 src=motion2 u=609.1 v=410.5 depth=192.6158 depth2=-1.0000 track=2 sf=9 flag=ok
[T2depth] t=27.8840 id=41 src=motion2 u=433.9 v=407.7 depth=5.0000 depth2=-1.0000 track=2 sf=9 flag=init_neg
[T2depth] t=27.8840 id=44 src=motion2 u=615.0 v=452.7 depth=5.0000 depth2=-1.0000 track=2 sf=9 flag=init_neg
[T2depth] t=27.8840 id=46 src=motion2 u=511.0 v=439.7 depth=5.0000 depth2=-1.0000 track=2 sf=9 flag=init_neg
[T2depth] t=27.8840 id=52 src=motion2 u=11.1 v=425.1 depth=5.0000 depth2=-1.0000 track=2 sf=9 flag=init_neg
[T2depth] t=27.8840 id=54 src=motion2 u=588.0 v=363.4 depth=84.3244 depth2=-1.0000 track=2 sf=9 flag=ok
[T2depth] t=27.8840 id=55 src=motion2 u=519.0 v=389.5 depth=5.0000 depth2=-1.0000 track=2 sf=9 flag=init_neg
[T2depth] t=27.8840 id=56 src=motion2 u=211.1 v=316.4 depth=5.0000 depth2=-1.0000 track=2 sf=9 flag=init_neg
[T2depth] t=27.8840 id=57 src=motion2 u=578.0 v=459.8 depth=311.7963 depth2=-1.0000 track=2 sf=9 flag=ok
[T2depth] t=27.8840 id=61 src=motion2 u=579.0 v=427.6 depth=5.0000 depth2=-1.0000 track=2 sf=9 flag=init_neg
[T2depth] t=27.8840 id=69 src=motion2 u=478.0 v=476.9 depth=5.0000 depth2=-1.0000 track=2 sf=9 flag=init_neg
[T2depth] t=27.8840 id=70 src=motion2 u=326.0 v=375.6 depth=5.0000 depth2=-1.0000 track=2 sf=9 flag=init_neg
[T2depth] t=27.8840 id=71 src=motion2 u=464.1 v=413.6 depth=5.0000 depth2=-1.0000 track=2 sf=9 flag=init_neg
[T2depth] t=27.8840 id=79 src=motion2 u=174.0 v=377.7 depth=5.0000 depth2=-1.0000 track=2 sf=9 flag=init_neg
[T2depth] t=27.8840 id=81 src=motion2 u=428.0 v=367.5 depth=5.0000 depth2=-1.0000 track=2 sf=9 flag=init_neg
[T2depth] t=27.8840 id=82 src=motion2 u=635.0 v=293.0 depth=5.0000 depth2=-1.0000 track=2 sf=9 flag=init_neg
[T2depth] t=27.8840 id=85 src=motion2 u=509.1 v=472.9 depth=5.0000 depth2=-1.0000 track=2 sf=9 flag=init_neg
[T2depth] t=27.8840 id=86 src=motion2 u=539.0 v=426.6 depth=28.2438 depth2=-1.0000 track=2 sf=9 flag=ok
[T2depth] t=27.8840 id=88 src=motion2 u=638.0 v=426.6 depth=5.0000 depth2=-1.0000 track=2 sf=9 flag=init_neg
[T2depth] t=27.8840 id=90 src=motion2 u=447.0 v=446.8 depth=5.0000 depth2=-1.0000 track=2 sf=9 flag=init_neg
[T2depth] t=27.8840 id=93 src=motion2 u=544.0 v=456.8 depth=5.0000 depth2=-1.0000 track=2 sf=9 flag=init_neg
[T2depth] t=27.8840 id=97 src=motion2 u=325.0 v=465.0 depth=5.0000 depth2=-1.0000 track=2 sf=9 flag=init_neg
[T2depth] t=27.8840 id=120 src=motion2 u=497.1 v=412.6 depth=5.0000 depth2=-1.0000 track=2 sf=9 flag=init_neg
[T2depth] t=27.8840 id=130 src=motion2 u=479.0 v=441.8 depth=5.0000 depth2=-1.0000 track=2 sf=9 flag=init_neg
[T2depth] t=27.8840 id=1290 src=motion2 u=360.0 v=418.3 depth=5.0000 depth2=-1.0000 track=2 sf=9 flag=init_neg
[T2gate] t=27.8840 tri=96 rej=0 xrej=0 init_replace=28 gate=0
[T2slv] t=27.8840 phase=1 init_cost=339.906 final_cost=249.343 iters=9 term=1 slv_ms=10.6
[T2diag] t=27.8840 P=[0.0105 0.0058 -0.0016] V=[-0.0020 -0.0002 0.0001] |Bas|=0.670228 |Bgs|=0.0006791 tic0=[0.1200 0.0500 -0.0200] tic1=[0.1200 -0.0500 -0.0200] td=0.00000 track=121
[E2uls] flag=1 sh_t=27.936 new_t=27.936 dP=[-0.0027 0.0006 -0.0009] |dP|=0.0029 first_dt=-1.0000
time: 27.884000, t: 0.010542 0.005837 -0.001592 q: 0.999442 0.031673 -0.010589 -0.000759 
[T2depth] t=27.9840 id=31 src=stereo u=263.0 v=404.8 depth=5.0000 depth2=-1.0000 track=1 sf=10 flag=init_neg
[T2depth] t=27.9840 id=74 src=stereo u=294.0 v=411.8 depth=5.0000 depth2=-1.0000 track=1 sf=10 flag=init_neg
[T2gate] t=27.9840 tri=115 rej=0 xrej=0 init_replace=2 gate=0
[T2slv] t=27.9840 phase=1 init_cost=113.055 final_cost=102.443 iters=9 term=1 slv_ms=5.5
[T2diag] t=27.9840 P=[0.0104 0.0055 -0.0016] V=[-0.0015 -0.0001 -0.0014] |Bas|=0.668948 |Bgs|=0.0007229 tic0=[0.1200 0.0500 -0.0200] tic1=[0.1200 -0.0500 -0.0200] td=0.00000 track=69
[E2uls] flag=1 sh_t=28.028 new_t=28.028 dP=[-0.0006 0.0005 -0.0007] |dP|=0.0011 first_dt=-1.0000
[T2depth] t=27.9840 id=83 src=shift u=-1 v=-1 depth=5.0000 depth2=-1.0000 track=10 sf=0 flag=init_neg
time: 27.984000, t: 0.010430 0.005511 -0.001610 q: 0.999441 0.031741 -0.010436 -0.000592 
[T2depth] t=28.0840 id=2 src=motion2 u=190.9 v=340.6 depth=5.0000 depth2=-1.0000 track=2 sf=9 flag=init_neg
[T2depth] t=28.0840 id=3 src=motion2 u=159.0 v=342.6 depth=5.0000 depth2=-1.0000 track=2 sf=9 flag=init_neg
[T2depth] t=28.0840 id=7 src=motion2 u=308.9 v=349.5 depth=5.0000 depth2=-1.0000 track=2 sf=9 flag=init_neg
[T2depth] t=28.0840 id=10 src=motion2 u=264.0 v=363.6 depth=5.0000 depth2=-1.0000 track=2 sf=9 flag=init_neg
[T2depth] t=28.0840 id=11 src=motion2 u=116.1 v=361.7 depth=5.0000 depth2=-1.0000 track=2 sf=9 flag=init_neg
[T2depth] t=28.0840 id=13 src=motion2 u=292.0 v=375.6 depth=5.0000 depth2=-1.0000 track=2 sf=9 flag=init_neg
[T2depth] t=28.0840 id=15 src=motion2 u=555.0 v=356.3 depth=5.0000 depth2=-1.0000 track=2 sf=9 flag=init_neg
[T2depth] t=28.0840 id=16 src=motion2 u=52.0 v=412.0 depth=5.0000 depth2=-1.0000 track=2 sf=9 flag=init_neg
[T2depth] t=28.0840 id=17 src=motion2 u=89.0 v=386.8 depth=5.0000 depth2=-1.0000 track=2 sf=9 flag=init_neg
[T2depth] t=28.0840 id=20 src=motion2 u=203.0 v=388.8 depth=5.0000 depth2=-1.0000 track=2 sf=9 flag=init_neg
[T2depth] t=28.0840 id=21 src=motion2 u=142.0 v=394.8 depth=5.0000 depth2=-1.0000 track=2 sf=9 flag=init_neg
[T2depth] t=28.0840 id=23 src=motion2 u=45.2 v=348.7 depth=5.0000 depth2=-1.0000 track=2 sf=9 flag=init_neg
[T2depth] t=28.0840 id=26 src=motion2 u=127.0 v=421.0 depth=5.0000 depth2=-1.0000 track=2 sf=9 flag=init_neg
[T2depth] t=28.0840 id=29 src=motion2 u=636.9 v=347.2 depth=5.0000 depth2=-1.0000 track=2 sf=9 flag=init_neg
[T2depth] t=28.0840 id=32 src=motion2 u=198.0 v=447.0 depth=5.0000 depth2=-1.0000 track=2 sf=9 flag=init_neg
[T2depth] t=28.0840 id=33 src=motion2 u=55.3 v=318.5 depth=5.0000 depth2=-1.0000 track=2 sf=9 flag=init_neg
[T2depth] t=28.0840 id=34 src=motion2 u=318.0 v=311.3 depth=5.0000 depth2=-1.0000 track=2 sf=9 flag=init_neg
[T2depth] t=28.0840 id=35 src=motion2 u=226.0 v=469.1 depth=5.0000 depth2=-1.0000 track=2 sf=9 flag=init_neg
[T2depth] t=28.0840 id=37 src=motion2 u=71.1 v=436.1 depth=5.0000 depth2=-1.0000 track=2 sf=9 flag=init_neg
[T2depth] t=28.0840 id=38 src=motion2 u=523.0 v=323.3 depth=5.0000 depth2=-1.0000 track=2 sf=9 flag=init_neg
[T2depth] t=28.0840 id=39 src=motion2 u=618.9 v=320.1 depth=5.0000 depth2=-1.0000 track=2 sf=9 flag=init_neg
[T2depth] t=28.0840 id=42 src=motion2 u=329.0 v=413.8 depth=5.0000 depth2=-1.0000 track=2 sf=9 flag=init_neg
[T2depth] t=28.0840 id=43 src=motion2 u=163.0 v=465.2 depth=5.0000 depth2=-1.0000 track=2 sf=9 flag=init_neg
[T2depth] t=28.0840 id=45 src=motion2 u=236.9 v=378.7 depth=5.0000 depth2=-1.0000 track=2 sf=9 flag=init_neg
[T2depth] t=28.0840 id=47 src=motion2 u=386.0 v=433.8 depth=5.0000 depth2=-1.0000 track=2 sf=9 flag=init_neg
[T2depth] t=28.0840 id=48 src=motion2 u=471.0 v=320.3 depth=5.0000 depth2=-1.0000 track=2 sf=9 flag=init_neg
[T2depth] t=28.0840 id=49 src=motion2 u=229.0 v=432.0 depth=5.0000 depth2=-1.0000 track=2 sf=9 flag=init_neg
[T2depth] t=28.0840 id=50 src=motion2 u=40.0 v=457.2 depth=5.0000 depth2=-1.0000 track=2 sf=9 flag=init_neg
[T2depth] t=28.0840 id=58 src=motion2 u=102.0 v=438.1 depth=5.0000 depth2=-1.0000 track=2 sf=9 flag=init_neg
[T2depth] t=28.0840 id=59 src=motion2 u=182.0 v=412.9 depth=5.0000 depth2=-1.0000 track=2 sf=9 flag=init_neg
[T2depth] t=28.0840 id=62 src=motion2 u=453.0 v=294.2 depth=5.0000 depth2=-1.0000 track=2 sf=9 flag=init_neg
[T2depth] t=28.0840 id=63 src=motion2 u=428.9 v=335.4 depth=5.0000 depth2=-1.0000 track=2 sf=9 flag=init_neg
[T2depth] t=28.0840 id=66 src=motion2 u=79.2 v=353.7 depth=5.0000 depth2=-1.0000 track=2 sf=9 flag=init_neg
[T2depth] t=28.0840 id=67 src=motion2 u=88.0 v=465.2 depth=5.0000 depth2=-1.0000 track=2 sf=9 flag=init_neg
[T2depth] t=28.0840 id=72 src=motion2 u=42.0 v=380.9 depth=5.0000 depth2=-1.0000 track=2 sf=9 flag=init_neg
[T2depth] t=28.0840 id=75 src=motion2 u=416.0 v=468.0 depth=5.0000 depth2=-1.0000 track=2 sf=9 flag=init_neg
[T2depth] t=28.0840 id=78 src=motion2 u=289.0 v=454.0 depth=5.0000 depth2=-1.0000 track=2 sf=9 flag=init_neg
[T2depth] t=28.0840 id=80 src=motion2 u=350.0 v=446.9 depth=5.0000 depth2=-1.0000 track=2 sf=9 flag=init_neg
[T2depth] t=28.0840 id=91 src=motion2 u=156.0 v=431.0 depth=5.0000 depth2=-1.0000 track=2 sf=9 flag=init_neg
[T2depth] t=28.0840 id=92 src=motion2 u=261.0 v=469.1 depth=5.0000 depth2=-1.0000 track=2 sf=9 flag=init_neg
[T2depth] t=28.0840 id=99 src=motion2 u=592.0 v=279.0 depth=5.0000 depth2=-1.0000 track=2 sf=9 flag=init_neg
[T2depth] t=28.0840 id=100 src=motion2 u=15.4 v=477.3 depth=5.0000 depth2=-1.0000 track=2 sf=9 flag=init_neg
[T2depth] t=28.0840 id=110 src=motion2 u=374.9 v=469.0 depth=5.0000 depth2=-1.0000 track=2 sf=9 flag=init_neg
[T2depth] t=28.0840 id=111 src=motion2 u=263.0 v=438.0 depth=5.0000 depth2=-1.0000 track=2 sf=9 flag=init_neg
[T2depth] t=28.0840 id=117 src=motion2 u=551.0 v=279.0 depth=5.0000 depth2=-1.0000 track=2 sf=9 flag=init_neg
[T2depth] t=28.0840 id=203 src=motion2 u=637.4 v=476.6 depth=5.0000 depth2=-1.0000 track=2 sf=9 flag=init_neg
[T2depth] t=28.0840 id=608 src=motion2 u=150.1 v=273.3 depth=5.0000 depth2=-1.0000 track=2 sf=9 flag=init_neg
[T2depth] t=28.0840 id=1020 src=motion2 u=390.4 v=244.0 depth=5.0000 depth2=-1.0000 track=2 sf=9 flag=init_neg
[T2depth] t=28.0840 id=1477 src=motion2 u=416.0 v=437.2 depth=5.0000 depth2=-1.0000 track=2 sf=9 flag=init_neg
[T2gate] t=28.0840 tri=116 rej=0 xrej=0 init_replace=49 gate=0
[T2slv] t=28.0840 phase=1 init_cost=133.643 final_cost=113.382 iters=9 term=1 slv_ms=3.6
[T2diag] t=28.0840 P=[0.0107 0.0058 -0.0016] V=[-0.0029 0.0015 0.0009] |Bas|=0.668589 |Bgs|=0.0006940 tic0=[0.1200 0.0500 -0.0200] tic1=[0.1200 -0.0500 -0.0200] td=0.00000 track=114
[E2uls] flag=1 sh_t=28.120 new_t=28.120 dP=[-0.0006 -0.0002 -0.0006] |dP|=0.0009 first_dt=-1.0000
[T2depth] t=28.0840 id=51 src=shift u=-1 v=-1 depth=5.0000 depth2=-1.0000 track=10 sf=0 flag=init_neg
time: 28.084000, t: 0.010692 0.005760 -0.001609 q: 0.999448 0.031555 -0.010314 -0.000857 
[T2xcross] t=28.1840 id=1 est=3.2316 svd=5.3771 rel=0.3990 track=11 sf=0
[T2xcross] t=28.1840 id=31 est=5.0000 svd=0.3851 rel=0.9230 track=3 sf=8
[T2xcross] t=28.1840 id=74 est=5.0000 svd=0.3606 rel=0.9279 track=3 sf=8
[T2depth] t=28.1840 id=4 src=motion2 u=225.0 v=347.6 depth=0.8606 depth2=-1.0000 track=2 sf=9 flag=ok
[T2depth] t=28.1840 id=60 src=motion2 u=143.1 v=313.4 depth=1.0237 depth2=-1.0000 track=2 sf=9 flag=ok
[T2depth] t=28.1840 id=65 src=motion2 u=256.2 v=299.3 depth=0.8302 depth2=-1.0000 track=2 sf=9 flag=ok
[T2depth] t=28.1840 id=83 src=motion2 u=412.8 v=289.2 depth=0.4760 depth2=-1.0000 track=2 sf=9 flag=ok
[T2depth] t=28.1840 id=101 src=motion2 u=204.1 v=281.3 depth=0.8988 depth2=-1.0000 track=2 sf=9 flag=ok
[T2depth] t=28.1840 id=118 src=motion2 u=321.8 v=279.2 depth=0.6411 depth2=-1.0000 track=2 sf=9 flag=ok
[T2depth] t=28.1840 id=1617 src=motion2 u=5.0 v=244.0 depth=0.6431 depth2=-1.0000 track=2 sf=9 flag=ok
[T2gate] t=28.1840 tri=64 rej=0 xrej=0 init_replace=0 gate=0
[T2slv] t=28.1840 phase=1 init_cost=133.138 final_cost=119.797 iters=9 term=1 slv_ms=5.3
[T2diag] t=28.1840 P=[0.0114 0.0056 -0.0016] V=[-0.0011 0.0001 -0.0005] |Bas|=0.665849 |Bgs|=0.0006756 tic0=[0.1200 0.0500 -0.0200] tic1=[0.1200 -0.0500 -0.0200] td=0.00000 track=120
[E2uls] flag=1 sh_t=28.224 new_t=28.224 dP=[-0.0014 0.0007 -0.0001] |dP|=0.0016 first_dt=-1.0000
time: 28.184000, t: 0.011359 0.005617 -0.001568 q: 0.999455 0.031331 -0.010392 -0.000931 
[T2depth] t=28.2880 id=51 src=motion2 u=380.0 v=316.3 depth=0.1478 depth2=-1.0000 track=2 sf=9 flag=ok
[T2gate] t=28.2880 tri=76 rej=0 xrej=0 init_replace=0 gate=0
[T2slv] t=28.2880 phase=1 init_cost=121.699 final_cost=118.059 iters=9 term=1 slv_ms=3.6
[T2diag] t=28.2880 P=[0.0115 0.0056 -0.0015] V=[-0.0016 0.0003 0.0018] |Bas|=0.664788 |Bgs|=0.0006777 tic0=[0.1200 0.0500 -0.0200] tic1=[0.1200 -0.0500 -0.0200] td=0.00000 track=102
[E2uls] flag=1 sh_t=28.308 new_t=28.308 dP=[-0.0004 0.0001 0.0000] |dP|=0.0004 first_dt=-1.0000
time: 28.288000, t: 0.011490 0.005567 -0.001548 q: 0.999461 0.031147 -0.010323 -0.000862 
[T2depth] t=28.3920 id=5 src=motion2 u=616.9 v=372.4 depth=0.5701 depth2=-1.0000 track=2 sf=9 flag=ok
[T2depth] t=28.3920 id=18 src=motion2 u=559.0 v=387.5 depth=0.5187 depth2=-1.0000 track=2 sf=9 flag=ok
[T2depth] t=28.3920 id=22 src=motion2 u=505.0 v=361.4 depth=0.5838 depth2=-1.0000 track=2 sf=9 flag=ok
[T2depth] t=28.3920 id=30 src=motion2 u=89.4 v=320.5 depth=3.4727 depth2=-1.0000 track=2 sf=9 flag=ok
[T2depth] t=28.3920 id=36 src=motion2 u=609.1 v=410.6 depth=0.4558 depth2=-1.0000 track=2 sf=9 flag=ok
[T2depth] t=28.3920 id=44 src=motion2 u=615.0 v=452.7 depth=0.3565 depth2=-1.0000 track=2 sf=9 flag=ok
[T2depth] t=28.3920 id=46 src=motion2 u=511.0 v=439.8 depth=0.3878 depth2=-1.0000 track=2 sf=9 flag=ok
[T2depth] t=28.3920 id=54 src=motion2 u=588.0 v=363.4 depth=0.5806 depth2=-1.0000 track=2 sf=9 flag=ok
[T2depth] t=28.3920 id=55 src=motion2 u=519.0 v=389.5 depth=0.5184 depth2=-1.0000 track=2 sf=9 flag=ok
[T2depth] t=28.3920 id=57 src=motion2 u=578.0 v=459.8 depth=0.3402 depth2=-1.0000 track=2 sf=9 flag=ok
[T2depth] t=28.3920 id=61 src=motion2 u=578.9 v=427.6 depth=0.3828 depth2=-1.0000 track=2 sf=9 flag=ok
[T2depth] t=28.3920 id=76 src=motion2 u=354.0 v=291.2 depth=0.9626 depth2=-1.0000 track=2 sf=9 flag=ok
[T2depth] t=28.3920 id=82 src=motion2 u=635.0 v=293.0 depth=0.7943 depth2=-1.0000 track=2 sf=9 flag=ok
[T2depth] t=28.3920 id=85 src=motion2 u=509.1 v=472.9 depth=0.3111 depth2=-1.0000 track=2 sf=9 flag=ok
[T2depth] t=28.3920 id=86 src=motion2 u=539.0 v=426.7 depth=0.4243 depth2=-1.0000 track=2 sf=9 flag=ok
[T2depth] t=28.3920 id=88 src=motion2 u=638.0 v=426.6 depth=0.4346 depth2=-1.0000 track=2 sf=9 flag=ok
[T2depth] t=28.3920 id=93 src=motion2 u=544.0 v=456.8 depth=0.3199 depth2=-1.0000 track=2 sf=9 flag=ok
[T2depth] t=28.3920 id=102 src=motion2 u=385.0 v=277.1 depth=0.9353 depth2=-1.0000 track=2 sf=9 flag=ok
[T2depth] t=28.3920 id=120 src=motion2 u=497.1 v=412.7 depth=0.4669 depth2=-1.0000 track=2 sf=9 flag=ok
[T2gate] t=28.3920 tri=76 rej=0 xrej=0 init_replace=0 gate=0
[T2slv] t=28.3920 phase=1 init_cost=143.886 final_cost=121.307 iters=9 term=1 slv_ms=5.0
[T2diag] t=28.3920 P=[0.0115 0.0056 -0.0016] V=[0.0001 0.0000 -0.0010] |Bas|=0.660279 |Bgs|=0.0006845 tic0=[0.1200 0.0500 -0.0200] tic1=[0.1200 -0.0500 -0.0200] td=0.00000 track=119
[E2uls] flag=1 sh_t=28.428 new_t=28.428 dP=[-0.0006 0.0001 0.0006] |dP|=0.0008 first_dt=-1.0000
time: 28.392000, t: 0.011510 0.005583 -0.001556 q: 0.999466 0.031060 -0.010150 -0.000890 
[T2depth] t=28.4920 id=28 src=motion2 u=475.0 v=380.5 depth=5.0000 depth2=-1.0000 track=2 sf=9 flag=init_neg
[T2depth] t=28.4920 id=69 src=motion2 u=478.1 v=477.0 depth=5.0000 depth2=-1.0000 track=2 sf=9 flag=init_neg
[T2depth] t=28.4920 id=1643 src=motion2 u=55.0 v=246.0 depth=5.0000 depth2=-1.0000 track=2 sf=9 flag=init_neg
[T2gate] t=28.4920 tri=62 rej=0 xrej=0 init_replace=3 gate=0
[T2slv] t=28.4920 phase=1 init_cost=128.22 final_cost=119.563 iters=9 term=1 slv_ms=4.2
[T2diag] t=28.4920 P=[0.0119 0.0055 -0.0016] V=[0.0017 -0.0003 -0.0007] |Bas|=0.656905 |Bgs|=0.0006725 tic0=[0.1200 0.0500 -0.0200] tic1=[0.1200 -0.0500 -0.0200] td=0.00000 track=115
[E2uls] flag=1 sh_t=28.524 new_t=28.524 dP=[-0.0001 0.0001 0.0002] |dP|=0.0002 first_dt=-1.0000
time: 28.492000, t: 0.011905 0.005479 -0.001584 q: 0.999468 0.030936 -0.010303 -0.000999 
[T2depth] t=28.5640 id=19 src=motion2 u=455.9 v=349.4 depth=5.0000 depth2=-1.0000 track=2 sf=9 flag=init_neg
[T2depth] t=28.5640 id=41 src=motion2 u=434.0 v=407.7 depth=5.0000 depth2=-1.0000 track=2 sf=9 flag=init_neg
[T2depth] t=28.5640 id=71 src=motion2 u=464.0 v=413.7 depth=5.0000 depth2=-1.0000 track=2 sf=9 flag=init_neg
[T2depth] t=28.5640 id=81 src=motion2 u=428.0 v=367.5 depth=5.0000 depth2=-1.0000 track=2 sf=9 flag=init_neg
[T2depth] t=28.5640 id=90 src=motion2 u=447.0 v=446.9 depth=5.0000 depth2=-1.0000 track=2 sf=9 flag=init_neg
[T2depth] t=28.5640 id=94 src=motion2 u=42.6 v=290.5 depth=5.0000 depth2=-1.0000 track=2 sf=9 flag=init_neg
[T2depth] t=28.5640 id=130 src=motion2 u=479.0 v=441.8 depth=5.0000 depth2=-1.0000 track=2 sf=9 flag=init_neg
[T2gate] t=28.5640 tri=53 rej=0 xrej=0 init_replace=7 gate=0
[T2slv] t=28.5640 phase=1 init_cost=353.834 final_cost=269.613 iters=9 term=1 slv_ms=9.5
[T2diag] t=28.5640 P=[0.0120 0.0054 -0.0016] V=[-0.0002 0.0006 0.0014] |Bas|=0.650807 |Bgs|=0.0006777 tic0=[0.1200 0.0500 -0.0200] tic1=[0.1200 -0.0500 -0.0200] td=0.00000 track=122
[E2uls] flag=1 sh_t=28.604 new_t=28.604 dP=[0.0002 -0.0001 -0.0002] |dP|=0.0003 first_dt=-1.0000
time: 28.564000, t: 0.012038 0.005410 -0.001579 q: 0.999478 0.030637 -0.010264 -0.000835 
[T2depth] t=28.6920 id=31 src=stereo u=263.0 v=404.8 depth=5.0000 depth2=-1.0000 track=1 sf=10 flag=init_neg
[T2depth] t=28.6920 id=74 src=stereo u=294.0 v=411.9 depth=5.0000 depth2=-1.0000 track=1 sf=10 flag=init_neg
[T2gate] t=28.6920 tri=57 rej=0 xrej=0 init_replace=2 gate=0
[T2slv] t=28.6920 phase=1 init_cost=207.713 final_cost=122.927 iters=8 term=0 slv_ms=10.3
[T2diag] t=28.6920 P=[0.0122 0.0053 -0.0015] V=[-0.0014 0.0016 0.0001] |Bas|=0.641581 |Bgs|=0.0006999 tic0=[0.1200 0.0500 -0.0200] tic1=[0.1200 -0.0500 -0.0200] td=0.00000 track=113
[E2uls] flag=1 sh_t=28.732 new_t=28.732 dP=[-0.0001 0.0006 0.0003] |dP|=0.0006 first_dt=-1.0000
time: 28.692000, t: 0.012250 0.005326 -0.001541 q: 0.999497 0.029972 -0.010386 -0.000686 
[T2depth] t=28.7920 id=15 src=motion2 u=555.0 v=356.4 depth=5.0000 depth2=-1.0000 track=2 sf=9 flag=init_neg
[T2depth] t=28.7920 id=29 src=motion2 u=636.9 v=347.3 depth=5.0000 depth2=-1.0000 track=2 sf=9 flag=init_neg
[T2depth] t=28.7920 id=38 src=motion2 u=523.0 v=323.3 depth=5.0000 depth2=-1.0000 track=2 sf=9 flag=init_neg
[T2depth] t=28.7920 id=39 src=motion2 u=618.9 v=320.1 depth=5.0000 depth2=-1.0000 track=2 sf=9 flag=init_neg
[T2depth] t=28.7920 id=99 src=motion2 u=592.0 v=279.0 depth=5.0000 depth2=-1.0000 track=2 sf=9 flag=init_neg
[T2depth] t=28.7920 id=117 src=motion2 u=551.1 v=279.0 depth=5.0000 depth2=-1.0000 track=2 sf=9 flag=init_neg
[T2depth] t=28.7920 id=203 src=motion2 u=637.3 v=476.6 depth=5.0000 depth2=-1.0000 track=2 sf=9 flag=init_neg
[T2gate] t=28.7920 tri=57 rej=0 xrej=0 init_replace=7 gate=0
[T2slv] t=28.7920 phase=1 init_cost=239.842 final_cost=123.897 iters=9 term=1 slv_ms=6.1
[T2diag] t=28.7920 P=[0.0120 0.0054 -0.0016] V=[-0.0017 0.0001 0.0025] |Bas|=0.638692 |Bgs|=0.0007158 tic0=[0.1200 0.0500 -0.0200] tic1=[0.1200 -0.0500 -0.0200] td=0.00000 track=122
[E2uls] flag=1 sh_t=28.820 new_t=28.820 dP=[-0.0002 0.0004 0.0003] |dP|=0.0005 first_dt=-1.0000
time: 28.792000, t: 0.011973 0.005411 -0.001565 q: 0.999496 0.030047 -0.010237 -0.000719 
[T2xcross] t=28.8920 id=31 est=5.0000 svd=1.0889 rel=0.7822 track=2 sf=9
[T2xcross] t=28.8920 id=74 est=5.0000 svd=0.9836 rel=0.8033 track=2 sf=9
[T2gate] t=28.8920 tri=48 rej=0 xrej=0 init_replace=0 gate=0
[T2slv] t=28.8920 phase=1 init_cost=211.434 final_cost=122.947 iters=9 term=1 slv_ms=11.9
[T2diag] t=28.8920 P=[0.0120 0.0054 -0.0016] V=[0.0010 -0.0005 0.0002] |Bas|=0.632862 |Bgs|=0.0007056 tic0=[0.1200 0.0500 -0.0200] tic1=[0.1200 -0.0500 -0.0200] td=0.00000 track=122
[E2uls] flag=1 sh_t=28.932 new_t=28.932 dP=[-0.0005 -0.0000 0.0008] |dP|=0.0009 first_dt=-1.0000
time: 28.892000, t: 0.012038 0.005377 -0.001555 q: 0.999505 0.029848 -0.009943 -0.000716 
[T2gate] t=28.9920 tri=51 rej=0 xrej=0 init_replace=0 gate=0
[T2slv] t=28.9920 phase=1 init_cost=147.242 final_cost=122.906 iters=9 term=1 slv_ms=8.0
[T2diag] t=28.9920 P=[0.0121 0.0054 -0.0016] V=[-0.0011 0.0009 -0.0012] |Bas|=0.631746 |Bgs|=0.0006987 tic0=[0.1200 0.0500 -0.0200] tic1=[0.1200 -0.0500 -0.0200] td=0.00000 track=118
[E2uls] flag=1 sh_t=29.028 new_t=29.028 dP=[0.0001 -0.0002 -0.0001] |dP|=0.0002 first_dt=-1.0000
time: 28.992000, t: 0.012073 0.005396 -0.001574 q: 0.999505 0.029796 -0.010081 -0.000842 
[T2depth] t=29.0960 id=75 src=motion2 u=416.0 v=468.1 depth=2.8959 depth2=-1.0000 track=2 sf=9 flag=ok
[T2depth] t=29.0960 id=97 src=motion2 u=325.0 v=465.1 depth=3.0966 depth2=-1.0000 track=2 sf=9 flag=ok
[T2depth] t=29.0960 id=1020 src=motion2 u=390.3 v=244.0 depth=1.6526 depth2=-1.0000 track=2 sf=9 flag=ok
[T2depth] t=29.0960 id=1290 src=motion2 u=360.0 v=418.3 depth=2.7812 depth2=-1.0000 track=2 sf=9 flag=ok
[T2gate] t=29.0960 tri=53 rej=0 xrej=0 init_replace=0 gate=0
[T2slv] t=29.0960 phase=1 init_cost=154.944 final_cost=127.762 iters=9 term=1 slv_ms=5.1
[T2diag] t=29.0960 P=[0.0116 0.0055 -0.0016] V=[-0.0049 0.0017 -0.0011] |Bas|=0.631302 |Bgs|=0.0006940 tic0=[0.1200 0.0500 -0.0200] tic1=[0.1200 -0.0500 -0.0200] td=0.00000 track=119
[E2uls] flag=1 sh_t=29.128 new_t=29.128 dP=[-0.0002 0.0002 -0.0003] |dP|=0.0004 first_dt=-1.0000
time: 29.096000, t: 0.011586 0.005507 -0.001643 q: 0.999503 0.029848 -0.010139 -0.000819 
[T2depth] t=29.2280 id=12 src=motion2 u=386.0 v=387.6 depth=5.0000 depth2=-1.0000 track=2 sf=9 flag=init_neg
[T2depth] t=29.2280 id=48 src=motion2 u=471.0 v=320.3 depth=5.0000 depth2=-1.0000 track=2 sf=9 flag=init_neg
[T2depth] t=29.2280 id=110 src=motion2 u=374.9 v=469.1 depth=5.0000 depth2=-1.0000 track=2 sf=9 flag=init_neg
[T2gate] t=29.2280 tri=49 rej=0 xrej=0 init_replace=3 gate=0
[T2slv] t=29.2280 phase=1 init_cost=201.193 final_cost=161.376 iters=9 term=1 slv_ms=3.5
[T2diag] t=29.2280 P=[0.0105 0.0059 -0.0018] V=[-0.0045 0.0054 -0.0034] |Bas|=0.631118 |Bgs|=0.0006968 tic0=[0.1200 0.0500 -0.0200] tic1=[0.1200 -0.0500 -0.0200] td=0.00000 track=121
[E2uls] flag=1 sh_t=29.260 new_t=29.260 dP=[0.0001 0.0004 -0.0003] |dP|=0.0005 first_dt=-1.0000
time: 29.228000, t: 0.010457 0.005869 -0.001814 q: 0.999503 0.029921 -0.009890 -0.000716 
[T2depth] t=29.3280 id=1477 src=motion2 u=416.0 v=437.3 depth=5.0000 depth2=-1.0000 track=2 sf=9 flag=init_neg
[T2gate] t=29.3280 tri=66 rej=0 xrej=0 init_replace=1 gate=0
[T2slv] t=29.3280 phase=1 init_cost=176.358 final_cost=124.019 iters=9 term=1 slv_ms=8.1
[T2diag] t=29.3280 P=[0.0116 0.0055 -0.0016] V=[-0.0011 0.0001 -0.0021] |Bas|=0.627206 |Bgs|=0.0007215 tic0=[0.1200 0.0500 -0.0200] tic1=[0.1200 -0.0500 -0.0200] td=0.00000 track=102
[E2uls] flag=1 sh_t=29.364 new_t=29.364 dP=[-0.0017 0.0012 -0.0010] |dP|=0.0023 first_dt=-1.0000
time: 29.328000, t: 0.011621 0.005506 -0.001586 q: 0.999509 0.029806 -0.009587 -0.000815 
[T2depth] t=29.4280 id=8 src=motion2 u=256.0 v=334.5 depth=0.0773 depth2=-1.0000 track=2 sf=9 flag=ok
[T2depth] t=29.4280 id=9 src=motion2 u=399.0 v=343.5 depth=0.0961 depth2=-1.0000 track=2 sf=9 flag=ok
[T2depth] t=29.4280 id=14 src=motion2 u=352.0 v=346.5 depth=0.0912 depth2=-1.0000 track=2 sf=9 flag=ok
[T2depth] t=29.4280 id=27 src=motion2 u=5.2 v=342.8 depth=0.0483 depth2=-1.0000 track=2 sf=9 flag=ok
[T2depth] t=29.4280 id=32 src=motion2 u=198.0 v=447.2 depth=0.0855 depth2=-1.0000 track=2 sf=9 flag=ok
[T2depth] t=29.4280 id=35 src=motion2 u=226.0 v=469.3 depth=0.0854 depth2=-1.0000 track=2 sf=9 flag=ok
[T2depth] t=29.4280 id=42 src=motion2 u=329.0 v=413.9 depth=0.0937 depth2=-1.0000 track=2 sf=9 flag=ok
[T2depth] t=29.4280 id=43 src=motion2 u=163.0 v=465.3 depth=0.0762 depth2=-1.0000 track=2 sf=9 flag=ok
[T2depth] t=29.4280 id=47 src=motion2 u=386.0 v=433.9 depth=0.1224 depth2=-1.0000 track=2 sf=9 flag=ok
[T2depth] t=29.4280 id=52 src=motion2 u=11.1 v=425.2 depth=0.0604 depth2=-1.0000 track=2 sf=9 flag=ok
[T2depth] t=29.4280 id=56 src=motion2 u=211.1 v=316.5 depth=0.0598 depth2=-1.0000 track=2 sf=9 flag=ok
[T2depth] t=29.4280 id=68 src=motion2 u=172.2 v=294.4 depth=0.0563 depth2=-1.0000 track=2 sf=9 flag=ok
[T2depth] t=29.4280 id=70 src=motion2 u=326.0 v=375.7 depth=0.0928 depth2=-1.0000 track=2 sf=9 flag=ok
[T2depth] t=29.4280 id=78 src=motion2 u=289.0 v=454.1 depth=0.1006 depth2=-1.0000 track=2 sf=9 flag=ok
[T2depth] t=29.4280 id=79 src=motion2 u=174.0 v=377.8 depth=0.0574 depth2=-1.0000 track=2 sf=9 flag=ok
[T2depth] t=29.4280 id=80 src=motion2 u=350.0 v=447.0 depth=0.1042 depth2=-1.0000 track=2 sf=9 flag=ok
[T2depth] t=29.4280 id=84 src=motion2 u=520.9 v=292.1 depth=0.0715 depth2=-1.0000 track=2 sf=9 flag=ok
[T2depth] t=29.4280 id=92 src=motion2 u=261.0 v=469.2 depth=0.0928 depth2=-1.0000 track=2 sf=9 flag=ok
[T2depth] t=29.4280 id=98 src=motion2 u=588.9 v=331.2 depth=0.0967 depth2=-1.0000 track=2 sf=9 flag=ok
[T2depth] t=29.4280 id=598 src=motion2 u=201.9 v=245.1 depth=0.0393 depth2=-1.0000 track=2 sf=9 flag=ok
[T2gate] t=29.4280 tri=68 rej=0 xrej=0 init_replace=0 gate=0
[T2slv] t=29.4280 phase=1 init_cost=130.989 final_cost=123.397 iters=9 term=1 slv_ms=8.9
[T2diag] t=29.4280 P=[0.0118 0.0055 -0.0016] V=[0.0002 -0.0015 0.0001] |Bas|=0.626801 |Bgs|=0.0007029 tic0=[0.1200 0.0500 -0.0200] tic1=[0.1200 -0.0500 -0.0200] td=0.00000 track=120
[E2uls] flag=1 sh_t=29.456 new_t=29.456 dP=[-0.0002 -0.0003 -0.0001] |dP|=0.0004 first_dt=-1.0000
time: 29.428000, t: 0.011766 0.005473 -0.001600 q: 0.999509 0.029759 -0.009780 -0.000849 
[T2depth] t=29.5280 id=62 src=motion2 u=453.0 v=294.2 depth=0.3100 depth2=-1.0000 track=2 sf=9 flag=ok
[T2depth] t=29.5280 id=63 src=motion2 u=428.9 v=335.4 depth=0.3382 depth2=-1.0000 track=2 sf=9 flag=ok
[T2gate] t=29.5280 tri=50 rej=0 xrej=0 init_replace=0 gate=0
[T2slv] t=29.5280 phase=1 init_cost=142.663 final_cost=123.412 iters=9 term=1 slv_ms=9.9
[T2diag] t=29.5280 P=[0.0120 0.0054 -0.0015] V=[0.0003 -0.0013 0.0022] |Bas|=0.626469 |Bgs|=0.0007022 tic0=[0.1200 0.0500 -0.0200] tic1=[0.1200 -0.0500 -0.0200] td=0.00000 track=121
[E2uls] flag=1 sh_t=29.564 new_t=29.564 dP=[-0.0002 -0.0004 0.0002] |dP|=0.0005 first_dt=-1.0000
time: 29.528000, t: 0.011960 0.005379 -0.001536 q: 0.999514 0.029591 -0.009780 -0.000643 
[T2depth] t=29.6280 id=1686 src=motion2 u=285.0 v=245.0 depth=1.0919 depth2=-1.0000 track=2 sf=9 flag=ok
[T2gate] t=29.6280 tri=48 rej=0 xrej=0 init_replace=0 gate=0
[T2slv] t=29.6280 phase=1 init_cost=142.766 final_cost=123.158 iters=9 term=1 slv_ms=8.6
[T2diag] t=29.6280 P=[0.0118 0.0054 -0.0016] V=[-0.0014 0.0037 0.0000] |Bas|=0.624781 |Bgs|=0.0007293 tic0=[0.1200 0.0500 -0.0200] tic1=[0.1200 -0.0500 -0.0200] td=0.00000 track=122
[E2uls] flag=1 sh_t=29.656 new_t=29.656 dP=[0.0001 0.0002 0.0003] |dP|=0.0004 first_dt=-1.0000
time: 29.628000, t: 0.011777 0.005445 -0.001558 q: 0.999515 0.029562 -0.009789 -0.000724 
[T2depth] t=29.7280 id=1698 src=stereo u=56.0 v=245.0 depth=2.9395 depth2=-1.0000 track=1 sf=10 flag=ok
[T2gate] t=29.7280 tri=57 rej=0 xrej=0 init_replace=0 gate=0
[T2slv] t=29.7280 phase=1 init_cost=187.699 final_cost=123.636 iters=9 term=1 slv_ms=8.2
[T2diag] t=29.7280 P=[0.0118 0.0054 -0.0016] V=[0.0019 0.0001 -0.0025] |Bas|=0.625178 |Bgs|=0.0007448 tic0=[0.1200 0.0500 -0.0200] tic1=[0.1200 -0.0500 -0.0200] td=0.00000 track=113
[E2uls] flag=1 sh_t=29.764 new_t=29.764 dP=[0.0001 0.0011 -0.0001] |dP|=0.0011 first_dt=-1.0000
time: 29.728000, t: 0.011801 0.005417 -0.001577 q: 0.999511 0.029741 -0.009583 -0.000649 
[T2depth] t=29.8280 id=13 src=motion2 u=292.0 v=375.7 depth=5.0000 depth2=-1.0000 track=2 sf=9 flag=init_neg
[T2depth] t=29.8280 id=20 src=motion2 u=203.0 v=388.9 depth=5.0000 depth2=-1.0000 track=2 sf=9 flag=init_neg
[T2depth] t=29.8280 id=26 src=motion2 u=127.0 v=421.2 depth=5.0000 depth2=-1.0000 track=2 sf=9 flag=init_neg
[T2depth] t=29.8280 id=49 src=motion2 u=229.0 v=432.1 depth=5.0000 depth2=-1.0000 track=2 sf=9 flag=init_neg
[T2depth] t=29.8280 id=58 src=motion2 u=102.0 v=438.3 depth=5.0000 depth2=-1.0000 track=2 sf=9 flag=init_neg
[T2depth] t=29.8280 id=59 src=motion2 u=182.0 v=413.0 depth=5.0000 depth2=-1.0000 track=2 sf=9 flag=init_neg
[T2depth] t=29.8280 id=67 src=motion2 u=88.0 v=465.4 depth=5.0000 depth2=-1.0000 track=2 sf=9 flag=init_neg
[T2depth] t=29.8280 id=91 src=motion2 u=156.1 v=431.2 depth=5.0000 depth2=-1.0000 track=2 sf=9 flag=init_neg
[T2depth] t=29.8280 id=111 src=motion2 u=263.1 v=438.1 depth=5.0000 depth2=-1.0000 track=2 sf=9 flag=init_neg
[T2gate] t=29.8280 tri=57 rej=0 xrej=0 init_replace=9 gate=0
[T2slv] t=29.8280 phase=1 init_cost=280.091 final_cost=144.663 iters=9 term=1 slv_ms=12.0
[T2diag] t=29.8280 P=[0.0118 0.0055 -0.0016] V=[-0.0003 -0.0015 0.0009] |Bas|=0.622241 |Bgs|=0.0007206 tic0=[0.1200 0.0500 -0.0200] tic1=[0.1200 -0.0500 -0.0200] td=0.00000 track=117
[E2uls] flag=1 sh_t=29.868 new_t=29.868 dP=[0.0001 -0.0004 -0.0004] |dP|=0.0006 first_dt=-1.0000
time: 29.828000, t: 0.011793 0.005457 -0.001606 q: 0.999519 0.029462 -0.009642 -0.000811 
[T2depth] t=29.9280 id=7 src=motion2 u=308.9 v=349.5 depth=0.4715 depth2=-1.0000 track=2 sf=9 flag=ok
[T2depth] t=29.9280 id=10 src=motion2 u=264.0 v=363.7 depth=0.4322 depth2=-1.0000 track=2 sf=9 flag=ok
[T2depth] t=29.9280 id=37 src=motion2 u=71.1 v=436.3 depth=0.3040 depth2=-1.0000 track=2 sf=9 flag=ok
[T2depth] t=29.9280 id=45 src=motion2 u=236.9 v=378.8 depth=0.4234 depth2=-1.0000 track=2 sf=9 flag=ok
[T2depth] t=29.9280 id=50 src=motion2 u=40.0 v=457.4 depth=0.2870 depth2=-1.0000 track=2 sf=9 flag=ok
[T2gate] t=29.9280 tri=66 rej=0 xrej=0 init_replace=0 gate=0
[T2slv] t=29.9280 phase=1 init_cost=146.965 final_cost=130.659 iters=9 term=1 slv_ms=9.9
[T2diag] t=29.9280 P=[0.0119 0.0054 -0.0016] V=[-0.0010 0.0016 0.0011] |Bas|=0.622070 |Bgs|=0.0007626 tic0=[0.1200 0.0500 -0.0200] tic1=[0.1200 -0.0500 -0.0200] td=0.00000 track=104
[E2uls] flag=1 sh_t=29.960 new_t=29.960 dP=[-0.0000 0.0000 0.0004] |dP|=0.0004 first_dt=-1.0000
time: 29.928000, t: 0.011885 0.005391 -0.001564 q: 0.999520 0.029419 -0.009641 -0.000625 
[T2depth] t=30.0280 id=4 src=motion2 u=225.1 v=347.6 depth=2.9848 depth2=-1.0000 track=2 sf=9 flag=ok
[T2depth] t=30.0280 id=30 src=motion2 u=89.4 v=320.6 depth=2.4818 depth2=-1.0000 track=2 sf=9 flag=ok
[T2depth] t=30.0280 id=46 src=motion2 u=511.0 v=439.9 depth=3.6651 depth2=-1.0000 track=2 sf=9 flag=ok
[T2depth] t=30.0280 id=51 src=motion2 u=380.0 v=316.4 depth=5.1986 depth2=-1.0000 track=2 sf=9 flag=ok
[T2depth] t=30.0280 id=60 src=motion2 u=143.1 v=313.5 depth=2.5709 depth2=-1.0000 track=2 sf=9 flag=ok
[T2depth] t=30.0280 id=65 src=motion2 u=256.1 v=299.4 depth=3.9090 depth2=-1.0000 track=2 sf=9 flag=ok
[T2depth] t=30.0280 id=69 src=motion2 u=478.1 v=477.1 depth=7.9708 depth2=-1.0000 track=2 sf=9 flag=ok
[T2depth] t=30.0280 id=76 src=motion2 u=353.9 v=291.2 depth=11.9783 depth2=-1.0000 track=2 sf=9 flag=ok
[T2depth] t=30.0280 id=83 src=motion2 u=412.8 v=289.2 depth=5.3047 depth2=-1.0000 track=2 sf=9 flag=ok
[T2depth] t=30.0280 id=85 src=motion2 u=509.1 v=473.0 depth=3.5408 depth2=-1.0000 track=2 sf=9 flag=ok
[T2depth] t=30.0280 id=93 src=motion2 u=544.0 v=456.9 depth=5.0539 depth2=-1.0000 track=2 sf=9 flag=ok
[T2depth] t=30.0280 id=101 src=motion2 u=204.1 v=281.3 depth=3.3033 depth2=-1.0000 track=2 sf=9 flag=ok
[T2depth] t=30.0280 id=102 src=motion2 u=385.0 v=277.1 depth=10.9564 depth2=-1.0000 track=2 sf=9 flag=ok
[T2depth] t=30.0280 id=118 src=motion2 u=321.8 v=279.2 depth=4.7181 depth2=-1.0000 track=2 sf=9 flag=ok
[T2depth] t=30.0280 id=120 src=motion2 u=497.0 v=412.8 depth=3.0136 depth2=-1.0000 track=2 sf=9 flag=ok
[T2depth] t=30.0280 id=256 src=motion2 u=468.1 v=266.0 depth=4.5599 depth2=-1.0000 track=2 sf=9 flag=ok
[T2depth] t=30.0280 id=1705 src=motion2 u=10.1 v=244.0 depth=0.6373 depth2=-1.0000 track=2 sf=9 flag=ok
[T2gate] t=30.0280 tri=61 rej=0 xrej=0 init_replace=0 gate=0
[T2slv] t=30.0280 phase=1 init_cost=206.366 final_cost=130.612 iters=9 term=1 slv_ms=11.2
[T2diag] t=30.0280 P=[0.0119 0.0054 -0.0016] V=[-0.0016 0.0027 -0.0001] |Bas|=0.621049 |Bgs|=0.0007805 tic0=[0.1200 0.0500 -0.0200] tic1=[0.1200 -0.0500 -0.0200] td=0.00000 track=121
[E2uls] flag=1 sh_t=30.064 new_t=30.064 dP=[-0.0003 0.0006 0.0006] |dP|=0.0009 first_dt=-1.0000
time: 30.028000, t: 0.011873 0.005418 -0.001599 q: 0.999518 0.029461 -0.009716 -0.000740 
[T2gate] t=30.1600 tri=45 rej=0 xrej=0 init_replace=0 gate=0
[T2slv] t=30.1600 phase=1 init_cost=214.441 final_cost=129.944 iters=9 term=1 slv_ms=11.0
[T2diag] t=30.1600 P=[0.0119 0.0054 -0.0016] V=[-0.0023 -0.0009 0.0000] |Bas|=0.620115 |Bgs|=0.0007813 tic0=[0.1200 0.0500 -0.0200] tic1=[0.1200 -0.0500 -0.0200] td=0.00000 track=120
[E2uls] flag=1 sh_t=30.204 new_t=30.204 dP=[-0.0005 0.0007 0.0001] |dP|=0.0009 first_dt=-1.0000
time: 30.160000, t: 0.011871 0.005406 -0.001585 q: 0.999518 0.029553 -0.009527 -0.000706 
[T2depth] t=30.2640 id=1723 src=motion2 u=11.0 v=244.0 depth=5.0000 depth2=-1.0000 track=2 sf=9 flag=init_neg
[T2gate] t=30.2640 tri=45 rej=0 xrej=0 init_replace=1 gate=0
[T2slv] t=30.2640 phase=1 init_cost=226.236 final_cost=129.682 iters=9 term=1 slv_ms=9.5
[T2diag] t=30.2640 P=[0.0119 0.0054 -0.0016] V=[-0.0015 -0.0023 0.0003] |Bas|=0.617133 |Bgs|=0.0007738 tic0=[0.1200 0.0500 -0.0200] tic1=[0.1200 -0.0500 -0.0200] td=0.00000 track=121
[E2uls] flag=1 sh_t=30.292 new_t=30.292 dP=[-0.0007 -0.0004 0.0000] |dP|=0.0008 first_dt=-1.0000
time: 30.264000, t: 0.011866 0.005435 -0.001581 q: 0.999524 0.029316 -0.009627 -0.000816 
[T2depth] t=30.3920 id=1730 src=motion2 u=286.0 v=243.0 depth=5.0000 depth2=-1.0000 track=2 sf=9 flag=init_neg
[T2gate] t=30.3920 tri=43 rej=0 xrej=0 init_replace=1 gate=0
[T2slv] t=30.3920 phase=1 init_cost=248.414 final_cost=157.591 iters=9 term=1 slv_ms=3.7
[T2diag] t=30.3920 P=[0.0119 0.0055 -0.0016] V=[-0.0002 0.0001 -0.0019] |Bas|=0.616751 |Bgs|=0.0007508 tic0=[0.1200 0.0500 -0.0200] tic1=[0.1200 -0.0500 -0.0200] td=0.00000 track=121
[E2uls] flag=1 sh_t=30.428 new_t=30.428 dP=[-0.0006 -0.0005 0.0004] |dP|=0.0009 first_dt=-1.0000
time: 30.392000, t: 0.011877 0.005506 -0.001620 q: 0.999526 0.029194 -0.009727 -0.000835 
[T2gate] t=30.4920 tri=46 rej=0 xrej=0 init_replace=0 gate=0
[T2slv] t=30.4920 phase=1 init_cost=170.056 final_cost=129.843 iters=9 term=1 slv_ms=7.8
[T2diag] t=30.4920 P=[0.0119 0.0054 -0.0016] V=[0.0016 0.0004 0.0001] |Bas|=0.615316 |Bgs|=0.0007699 tic0=[0.1200 0.0500 -0.0200] tic1=[0.1200 -0.0500 -0.0200] td=0.00000 track=119
[E2uls] flag=1 sh_t=30.532 new_t=30.532 dP=[0.0003 0.0005 0.0000] |dP|=0.0006 first_dt=-1.0000
time: 30.492000, t: 0.011868 0.005426 -0.001583 q: 0.999529 0.029054 -0.009844 -0.000733 
[T2depth] t=30.5920 id=1755 src=stereo u=62.0 v=249.0 depth=2.5662 depth2=-1.0000 track=1 sf=10 flag=ok
[T2gate] t=30.5920 tri=51 rej=0 xrej=0 init_replace=0 gate=0
[T2slv] t=30.5920 phase=1 init_cost=162.748 final_cost=130.198 iters=9 term=1 slv_ms=6.2
[T2diag] t=30.5920 P=[0.0121 0.0054 -0.0016] V=[0.0002 0.0012 0.0024] |Bas|=0.615834 |Bgs|=0.0007809 tic0=[0.1200 0.0500 -0.0200] tic1=[0.1200 -0.0500 -0.0200] td=0.00000 track=116
[E2uls] flag=1 sh_t=30.628 new_t=30.628 dP=[0.0000 0.0004 0.0003] |dP|=0.0005 first_dt=-1.0000
time: 30.592000, t: 0.012062 0.005414 -0.001608 q: 0.999537 0.028722 -0.009980 -0.000909 
[T2xcross] t=30.6920 id=111 est=5.0000 svd=0.6180 rel=0.8764 track=2 sf=9
[T2depth] t=30.6920 id=1746 src=motion2 u=11.3 v=243.9 depth=0.0139 depth2=-1.0000 track=2 sf=9 flag=ok
[T2depth] t=30.6920 id=1750 src=motion2 u=446.0 v=122.0 depth=0.0815 depth2=-1.0000 track=2 sf=9 flag=ok
[T2depth] t=30.6920 id=1751 src=motion2 u=355.0 v=383.0 depth=0.5593 depth2=-1.0000 track=2 sf=9 flag=ok
[T2depth] t=30.6920 id=1752 src=motion2 u=167.0 v=243.0 depth=0.0984 depth2=-1.0000 track=2 sf=9 flag=ok
[T2xcross] t=30.6920 id=1755 est=2.5662 svd=0.3796 rel=0.8521 track=2 sf=9
[T2gate] t=30.6920 tri=52 rej=0 xrej=0 init_replace=0 gate=0
[T2slv] t=30.6920 phase=1 init_cost=161.673 final_cost=130.09 iters=7 term=0 slv_ms=9.7
[T2diag] t=30.6920 P=[0.0121 0.0054 -0.0015] V=[0.0006 -0.0002 0.0005] |Bas|=0.617850 |Bgs|=0.0007849 tic0=[0.1200 0.0500 -0.0200] tic1=[0.1200 -0.0500 -0.0200] td=0.00000 track=121
[E2uls] flag=1 sh_t=30.732 new_t=30.732 dP=[0.0003 0.0003 0.0004] |dP|=0.0006 first_dt=-1.0000
time: 30.692000, t: 0.012065 0.005372 -0.001548 q: 0.999531 0.029045 -0.009707 -0.000812 
[T2gate] t=30.7640 tri=54 rej=0 xrej=0 init_replace=0 gate=0
[T2slv] t=30.7640 phase=1 init_cost=142.189 final_cost=130.199 iters=8 term=0 slv_ms=9.7
[T2diag] t=30.7640 P=[0.0121 0.0054 -0.0016] V=[-0.0017 0.0009 -0.0009] |Bas|=0.618950 |Bgs|=0.0007796 tic0=[0.1200 0.0500 -0.0200] tic1=[0.1200 -0.0500 -0.0200] td=0.00000 track=121
[E2uls] flag=1 sh_t=30.804 new_t=30.804 dP=[-0.0002 0.0003 0.0001] |dP|=0.0003 first_dt=-1.0000
time: 30.764000, t: 0.012100 0.005365 -0.001610 q: 0.999529 0.029021 -0.009917 -0.000806 
[T2gate] t=30.8920 tri=55 rej=0 xrej=0 init_replace=0 gate=0
[T2slv] t=30.8920 phase=1 init_cost=202.471 final_cost=130.295 iters=9 term=1 slv_ms=11.4
[T2diag] t=30.8920 P=[0.0120 0.0054 -0.0015] V=[-0.0020 0.0016 0.0003] |Bas|=0.616661 |Bgs|=0.0007932 tic0=[0.1200 0.0500 -0.0200] tic1=[0.1200 -0.0500 -0.0200] td=0.00000 track=120
[E2uls] flag=1 sh_t=30.936 new_t=30.936 dP=[-0.0009 0.0002 -0.0006] |dP|=0.0011 first_dt=-1.0000
time: 30.892000, t: 0.012017 0.005434 -0.001540 q: 0.999535 0.028884 -0.009738 -0.000943 
[T2gate] t=30.9920 tri=56 rej=0 xrej=0 init_replace=0 gate=0
[T2slv] t=30.9920 phase=1 init_cost=166.899 final_cost=130.735 iters=9 term=1 slv_ms=10.8
[T2diag] t=30.9920 P=[0.0120 0.0054 -0.0016] V=[-0.0008 -0.0000 -0.0018] |Bas|=0.613691 |Bgs|=0.0008059 tic0=[0.1200 0.0500 -0.0200] tic1=[0.1200 -0.0500 -0.0200] td=0.00000 track=120
[E2uls] flag=1 sh_t=31.044 new_t=31.044 dP=[-0.0008 0.0000 -0.0002] |dP|=0.0008 first_dt=-1.0000
time: 30.992000, t: 0.012036 0.005418 -0.001574 q: 0.999537 0.028763 -0.009898 -0.000906 
[T2depth] t=31.0920 id=1815 src=motion2 u=63.0 v=249.0 depth=0.0446 depth2=-1.0000 track=2 sf=9 flag=ok
[T2gate] t=31.0920 tri=56 rej=0 xrej=0 init_replace=0 gate=0
[T2slv] t=31.0920 phase=1 init_cost=157.111 final_cost=130.584 iters=9 term=1 slv_ms=10.2
[T2diag] t=31.0920 P=[0.0121 0.0053 -0.0016] V=[-0.0002 -0.0007 0.0011] |Bas|=0.613958 |Bgs|=0.0007864 tic0=[0.1200 0.0500 -0.0200] tic1=[0.1200 -0.0500 -0.0200] td=0.00000 track=121
[E2uls] flag=1 sh_t=31.136 new_t=31.136 dP=[-0.0003 -0.0004 0.0000] |dP|=0.0005 first_dt=-1.0000
time: 31.092000, t: 0.012096 0.005345 -0.001597 q: 0.999534 0.028883 -0.009898 -0.000747 
[T2gate] t=31.1920 tri=57 rej=0 xrej=0 init_replace=0 gate=0
[T2slv] t=31.1920 phase=1 init_cost=210.444 final_cost=130.537 iters=9 term=1 slv_ms=10.9
[T2diag] t=31.1920 P=[0.0121 0.0054 -0.0015] V=[-0.0003 -0.0027 0.0003] |Bas|=0.614920 |Bgs|=0.0007904 tic0=[0.1200 0.0500 -0.0200] tic1=[0.1200 -0.0500 -0.0200] td=0.00000 track=121
[E2uls] flag=1 sh_t=31.232 new_t=31.232 dP=[0.0001 -0.0009 0.0002] |dP|=0.0010 first_dt=-1.0000
time: 31.192000, t: 0.012107 0.005370 -0.001536 q: 0.999539 0.028713 -0.009782 -0.000823 
[T2depth] t=31.2920 id=1854 src=motion2 u=620.0 v=266.0 depth=5.0000 depth2=-1.0000 track=2 sf=9 flag=init_neg
[T2gate] t=31.2920 tri=56 rej=0 xrej=0 init_replace=1 gate=0
[T2slv] t=31.2920 phase=1 init_cost=163.304 final_cost=130.912 iters=9 term=1 slv_ms=10.1
[T2diag] t=31.2920 P=[0.0121 0.0053 -0.0016] V=[-0.0002 0.0011 0.0001] |Bas|=0.615345 |Bgs|=0.0008025 tic0=[0.1200 0.0500 -0.0200] tic1=[0.1200 -0.0500 -0.0200] td=0.00000 track=121
[E2uls] flag=1 sh_t=31.332 new_t=31.332 dP=[0.0001 -0.0004 0.0001] |dP|=0.0004 first_dt=-1.0000
time: 31.292000, t: 0.012117 0.005347 -0.001586 q: 0.999537 0.028709 -0.010034 -0.000811 
[T2gate] t=31.3920 tri=56 rej=0 xrej=0 init_replace=0 gate=0
[T2slv] t=31.3920 phase=1 init_cost=140.217 final_cost=130.58 iters=9 term=1 slv_ms=12.2
[T2diag] t=31.3920 P=[0.0120 0.0054 -0.0016] V=[-0.0013 0.0005 -0.0000] |Bas|=0.617085 |Bgs|=0.0007921 tic0=[0.1200 0.0500 -0.0200] tic1=[0.1200 -0.0500 -0.0200] td=0.00000 track=120
[E2uls] flag=1 sh_t=31.440 new_t=31.440 dP=[0.0000 0.0002 0.0003] |dP|=0.0003 first_dt=-1.0000
time: 31.392000, t: 0.012044 0.005394 -0.001603 q: 0.999535 0.028760 -0.010130 -0.000821 
[T2depth] t=31.4960 id=34 src=motion2 u=318.0 v=311.3 depth=5.0000 depth2=-1.0000 track=2 sf=9 flag=init_neg
[T2depth] t=31.4960 id=1889 src=motion2 u=147.0 v=271.0 depth=5.0000 depth2=-1.0000 track=2 sf=9 flag=init_neg
[T2gate] t=31.4960 tri=55 rej=0 xrej=0 init_replace=2 gate=0
[T2slv] t=31.4960 phase=1 init_cost=157.299 final_cost=130.271 iters=9 term=1 slv_ms=11.0
[T2diag] t=31.4960 P=[0.0121 0.0054 -0.0016] V=[0.0009 -0.0013 -0.0011] |Bas|=0.616718 |Bgs|=0.0007918 tic0=[0.1200 0.0500 -0.0200] tic1=[0.1200 -0.0500 -0.0200] td=0.00000 track=122
[E2uls] flag=1 sh_t=31.532 new_t=31.532 dP=[-0.0000 -0.0001 -0.0003] |dP|=0.0004 first_dt=-1.0000
time: 31.496000, t: 0.012053 0.005372 -0.001581 q: 0.999536 0.028721 -0.010106 -0.000738 
[T2gate] t=31.6320 tri=53 rej=0 xrej=0 init_replace=0 gate=0
[T2slv] t=31.6320 phase=1 init_cost=227.486 final_cost=129.649 iters=9 term=1 slv_ms=10.9
[T2diag] t=31.6320 P=[0.0120 0.0054 -0.0016] V=[-0.0020 0.0023 -0.0025] |Bas|=0.614443 |Bgs|=0.0007777 tic0=[0.1200 0.0500 -0.0200] tic1=[0.1200 -0.0500 -0.0200] td=0.00000 track=122
[E2uls] flag=1 sh_t=31.676 new_t=31.676 dP=[-0.0005 0.0001 -0.0008] |dP|=0.0009 first_dt=-1.0000
time: 31.632000, t: 0.012036 0.005379 -0.001590 q: 0.999534 0.028798 -0.010067 -0.000761 
[T2depth] t=31.7280 id=1918 src=motion2 u=95.0 v=247.0 depth=6.2287 depth2=-1.0000 track=2 sf=9 flag=ok
[T2gate] t=31.7280 tri=53 rej=0 xrej=0 init_replace=0 gate=0
[T2slv] t=31.7280 phase=1 init_cost=196.56 final_cost=129.323 iters=8 term=0 slv_ms=8.7
[T2diag] t=31.7280 P=[0.0121 0.0054 -0.0016] V=[0.0002 0.0011 0.0008] |Bas|=0.613443 |Bgs|=0.0007808 tic0=[0.1200 0.0500 -0.0200] tic1=[0.1200 -0.0500 -0.0200] td=0.00000 track=123
[E2uls] flag=1 sh_t=31.764 new_t=31.764 dP=[-0.0005 0.0006 -0.0003] |dP|=0.0008 first_dt=-1.0000
time: 31.728000, t: 0.012060 0.005375 -0.001595 q: 0.999539 0.028644 -0.010039 -0.000776 
[T2gate] t=31.8280 tri=54 rej=0 xrej=0 init_replace=0 gate=0
[T2slv] t=31.8280 phase=1 init_cost=132.482 final_cost=129.27 iters=9 term=1 slv_ms=4.8
[T2diag] t=31.8280 P=[0.0120 0.0054 -0.0016] V=[-0.0013 -0.0013 -0.0013] |Bas|=0.614211 |Bgs|=0.0007761 tic0=[0.1200 0.0500 -0.0200] tic1=[0.1200 -0.0500 -0.0200] td=0.00000 track=122
[E2uls] flag=1 sh_t=31.860 new_t=31.860 dP=[-0.0002 -0.0000 -0.0001] |dP|=0.0003 first_dt=-1.0000
time: 31.828000, t: 0.012031 0.005391 -0.001615 q: 0.999536 0.028731 -0.010118 -0.000793 
[T2gate] t=31.9280 tri=55 rej=0 xrej=0 init_replace=0 gate=0
[T2slv] t=31.9280 phase=1 init_cost=177.379 final_cost=129.146 iters=6 term=0 slv_ms=7.5
[T2diag] t=31.9280 P=[0.0121 0.0053 -0.0016] V=[0.0010 -0.0008 -0.0015] |Bas|=0.614461 |Bgs|=0.0007697 tic0=[0.1200 0.0500 -0.0200] tic1=[0.1200 -0.0500 -0.0200] td=0.00000 track=122
[E2uls] flag=1 sh_t=31.964 new_t=31.964 dP=[-0.0004 -0.0001 -0.0004] |dP|=0.0006 first_dt=-1.0000
time: 31.928000, t: 0.012068 0.005348 -0.001613 q: 0.999537 0.028691 -0.010087 -0.000697 
[T2gate] t=32.0280 tri=54 rej=0 xrej=0 init_replace=0 gate=0
[T2slv] t=32.0280 phase=1 init_cost=132.491 final_cost=129.218 iters=7 term=0 slv_ms=8.0
[T2diag] t=32.0280 P=[0.0121 0.0053 -0.0016] V=[0.0008 -0.0001 -0.0002] |Bas|=0.615426 |Bgs|=0.0007672 tic0=[0.1200 0.0500 -0.0200] tic1=[0.1200 -0.0500 -0.0200] td=0.00000 track=122
[E2uls] flag=1 sh_t=32.060 new_t=32.060 dP=[-0.0001 -0.0001 -0.0001] |dP|=0.0001 first_dt=-1.0000
time: 32.028000, t: 0.012078 0.005329 -0.001634 q: 0.999535 0.028770 -0.010117 -0.000659 
[T2gate] t=32.1280 tri=49 rej=0 xrej=0 init_replace=0 gate=0
[T2slv] t=32.1280 phase=1 init_cost=135.293 final_cost=128.895 iters=4 term=0 slv_ms=4.6
[T2diag] t=32.1280 P=[0.0121 0.0053 -0.0016] V=[0.0014 -0.0008 -0.0007] |Bas|=0.615707 |Bgs|=0.0007541 tic0=[0.1200 0.0500 -0.0200] tic1=[0.1200 -0.0500 -0.0200] td=0.00000 track=121
[E2uls] flag=1 sh_t=32.160 new_t=32.160 dP=[-0.0000 0.0001 -0.0001] |dP|=0.0002 first_dt=-1.0000
time: 32.128000, t: 0.012052 0.005337 -0.001626 q: 0.999533 0.028852 -0.010084 -0.000643 
[T2depth] t=32.2280 id=1987 src=motion2 u=88.0 v=245.0 depth=5.0000 depth2=-1.0000 track=2 sf=9 flag=init_neg
[T2gate] t=32.2280 tri=43 rej=0 xrej=0 init_replace=1 gate=0
[T2slv] t=32.2280 phase=1 init_cost=136.634 final_cost=128.989 iters=5 term=0 slv_ms=6.2
[T2diag] t=32.2280 P=[0.0120 0.0054 -0.0016] V=[0.0001 -0.0002 -0.0002] |Bas|=0.616380 |Bgs|=0.0007426 tic0=[0.1200 0.0500 -0.0200] tic1=[0.1200 -0.0500 -0.0200] td=0.00000 track=122
[E2uls] flag=1 sh_t=32.260 new_t=32.260 dP=[0.0001 0.0001 -0.0001] |dP|=0.0002 first_dt=-1.0000
time: 32.228000, t: 0.012038 0.005402 -0.001626 q: 0.999533 0.028842 -0.010087 -0.000862 
[T2depth] t=32.3280 id=1998 src=motion2 u=127.0 v=244.0 depth=0.2172 depth2=-1.0000 track=2 sf=9 flag=ok
[T2gate] t=32.3280 tri=41 rej=0 xrej=0 init_replace=0 gate=0
[T2slv] t=32.3280 phase=1 init_cost=290.643 final_cost=135.243 iters=9 term=1 slv_ms=9.6
[T2diag] t=32.3280 P=[0.0120 0.0054 -0.0016] V=[-0.0011 0.0007 0.0007] |Bas|=0.615324 |Bgs|=0.0007541 tic0=[0.1200 0.0500 -0.0200] tic1=[0.1200 -0.0500 -0.0200] td=0.00000 track=123
[E2uls] flag=1 sh_t=32.364 new_t=32.364 dP=[-0.0004 0.0001 0.0001] |dP|=0.0004 first_dt=-1.0000
time: 32.328000, t: 0.012041 0.005391 -0.001586 q: 0.999533 0.028882 -0.009954 -0.000818 
[T2depth] t=32.4280 id=23 src=stereo u=45.3 v=348.6 depth=5.0000 depth2=-1.0000 track=1 sf=10 flag=init_neg
[T2gate] t=32.4280 tri=41 rej=0 xrej=0 init_replace=1 gate=0
[T2slv] t=32.4280 phase=1 init_cost=146.837 final_cost=129.125 iters=9 term=1 slv_ms=8.6
[T2diag] t=32.4280 P=[0.0121 0.0054 -0.0016] V=[-0.0006 -0.0015 0.0000] |Bas|=0.613034 |Bgs|=0.0007491 tic0=[0.1200 0.0500 -0.0200] tic1=[0.1200 -0.0500 -0.0200] td=0.00000 track=122
[E2uls] flag=1 sh_t=32.460 new_t=32.460 dP=[-0.0005 -0.0002 0.0001] |dP|=0.0005 first_dt=-1.0000
time: 32.428000, t: 0.012060 0.005371 -0.001596 q: 0.999535 0.028835 -0.009926 -0.000798 
[T2xcross] t=32.5280 id=23 est=5.0000 svd=1.4304 rel=0.7139 track=2 sf=9
[T2gate] t=32.5280 tri=36 rej=0 xrej=0 init_replace=0 gate=0
[T2slv] t=32.5280 phase=1 init_cost=432.215 final_cost=281.485 iters=9 term=1 slv_ms=7.2
[T2diag] t=32.5280 P=[0.0115 0.0053 -0.0016] V=[-0.0023 -0.0006 0.0001] |Bas|=0.612371 |Bgs|=0.0007513 tic0=[0.1200 0.0500 -0.0200] tic1=[0.1200 -0.0500 -0.0200] td=0.00000 track=122
[E2uls] flag=1 sh_t=32.564 new_t=32.564 dP=[0.0003 -0.0005 -0.0002] |dP|=0.0006 first_dt=-1.0000
time: 32.528000, t: 0.011486 0.005296 -0.001608 q: 0.999537 0.028862 -0.009654 -0.000739 
[T2depth] t=32.6280 id=2005 src=motion2 u=127.0 v=244.0 depth=5.0000 depth2=-1.0000 track=2 sf=9 flag=init_neg
[T2depth] t=32.6280 id=31 src=stereo u=263.0 v=404.7 depth=5.0000 depth2=-1.0000 track=1 sf=10 flag=init_neg
[T2depth] t=32.6280 id=74 src=stereo u=294.0 v=411.7 depth=5.0000 depth2=-1.0000 track=1 sf=10 flag=init_neg
[T2gate] t=32.6280 tri=40 rej=0 xrej=0 init_replace=3 gate=0
[T2slv] t=32.6280 phase=1 init_cost=138.125 final_cost=135.04 iters=9 term=1 slv_ms=11.8
[T2diag] t=32.6280 P=[0.0119 0.0053 -0.0016] V=[0.0022 0.0015 -0.0014] |Bas|=0.607806 |Bgs|=0.0007315 tic0=[0.1200 0.0500 -0.0200] tic1=[0.1200 -0.0500 -0.0200] td=0.00000 track=119
[E2uls] flag=1 sh_t=32.668 new_t=32.668 dP=[-0.0003 0.0005 -0.0002] |dP|=0.0006 first_dt=-1.0000
time: 32.628000, t: 0.011893 0.005267 -0.001603 q: 0.999540 0.028575 -0.010139 -0.000669 
[T2depth] t=32.7280 id=27 src=motion2 u=5.2 v=342.6 depth=5.0000 depth2=-1.0000 track=2 sf=9 flag=init_neg
[T2depth] t=32.7280 id=39 src=motion2 u=618.9 v=320.1 depth=5.0000 depth2=-1.0000 track=2 sf=9 flag=init_neg
[T2gate] t=32.7280 tri=47 rej=0 xrej=0 init_replace=2 gate=0
[T2slv] t=32.7280 phase=1 init_cost=150.985 final_cost=136.46 iters=9 term=1 slv_ms=9.4
[T2diag] t=32.7280 P=[0.0116 0.0052 -0.0017] V=[0.0011 -0.0008 -0.0008] |Bas|=0.609432 |Bgs|=0.0007089 tic0=[0.1200 0.0500 -0.0200] tic1=[0.1200 -0.0500 -0.0200] td=0.00000 track=113
[E2uls] flag=1 sh_t=32.764 new_t=32.764 dP=[0.0005 0.0006 -0.0002] |dP|=0.0008 first_dt=-1.0000
time: 32.728000, t: 0.011575 0.005235 -0.001698 q: 0.999536 0.028783 -0.009969 -0.000619 
[T2depth] t=32.8280 id=15 src=motion2 u=555.0 v=356.3 depth=5.0000 depth2=-1.0000 track=2 sf=9 flag=init_neg
[T2depth] t=32.8280 id=19 src=motion2 u=456.0 v=349.3 depth=5.0000 depth2=-1.0000 track=2 sf=9 flag=init_neg
[T2depth] t=32.8280 id=29 src=motion2 u=636.9 v=347.2 depth=5.0000 depth2=-1.0000 track=2 sf=9 flag=init_neg
[T2depth] t=32.8280 id=38 src=motion2 u=523.0 v=323.2 depth=5.0000 depth2=-1.0000 track=2 sf=9 flag=init_neg
[T2depth] t=32.8280 id=62 src=motion2 u=453.0 v=294.1 depth=5.0000 depth2=-1.0000 track=2 sf=9 flag=init_neg
[T2depth] t=32.8280 id=81 src=motion2 u=428.0 v=367.4 depth=5.0000 depth2=-1.0000 track=2 sf=9 flag=init_neg
[T2depth] t=32.8280 id=84 src=motion2 u=520.9 v=292.1 depth=5.0000 depth2=-1.0000 track=2 sf=9 flag=init_neg
[T2depth] t=32.8280 id=98 src=motion2 u=588.9 v=331.2 depth=5.0000 depth2=-1.0000 track=2 sf=9 flag=init_neg
[T2depth] t=32.8280 id=99 src=motion2 u=592.0 v=279.0 depth=5.0000 depth2=-1.0000 track=2 sf=9 flag=init_neg
[T2depth] t=32.8280 id=203 src=motion2 u=637.4 v=476.5 depth=5.0000 depth2=-1.0000 track=2 sf=9 flag=init_neg
[T2gate] t=32.8280 tri=46 rej=0 xrej=0 init_replace=10 gate=0
[T2slv] t=32.8280 phase=1 init_cost=140.305 final_cost=136.272 iters=9 term=1 slv_ms=3.6
[T2diag] t=32.8280 P=[0.0113 0.0053 -0.0016] V=[0.0001 0.0001 0.0008] |Bas|=0.609033 |Bgs|=0.0006982 tic0=[0.1200 0.0500 -0.0200] tic1=[0.1200 -0.0500 -0.0200] td=0.00000 track=122
[E2uls] flag=1 sh_t=32.860 new_t=32.860 dP=[0.0002 -0.0002 -0.0003] |dP|=0.0004 first_dt=-1.0000
time: 32.828000, t: 0.011286 0.005286 -0.001610 q: 0.999539 0.028763 -0.009692 -0.000718 
[T2depth] t=32.9280 id=2011 src=motion2 u=45.0 v=243.0 depth=5.0000 depth2=-1.0000 track=2 sf=9 flag=init_neg
[T2gate] t=32.9280 tri=37 rej=0 xrej=0 init_replace=1 gate=0
[T2slv] t=32.9280 phase=1 init_cost=137.826 final_cost=135.396 iters=9 term=1 slv_ms=7.6
[T2diag] t=32.9280 P=[0.0115 0.0053 -0.0016] V=[0.0019 0.0016 0.0014] |Bas|=0.608968 |Bgs|=0.0006982 tic0=[0.1200 0.0500 -0.0200] tic1=[0.1200 -0.0500 -0.0200] td=0.00000 track=122
[E2uls] flag=1 sh_t=32.964 new_t=32.964 dP=[0.0001 -0.0001 0.0003] |dP|=0.0003 first_dt=-1.0000
time: 32.928000, t: 0.011531 0.005297 -0.001639 q: 0.999540 0.028652 -0.009941 -0.000712 
[T2xcross] t=33.0280 id=31 est=5.0000 svd=0.0240 rel=0.9952 track=2 sf=9
[T2xcross] t=33.0280 id=74 est=5.0000 svd=0.0618 rel=0.9876 track=2 sf=9
[T2depth] t=33.0280 id=117 src=motion2 u=551.0 v=279.0 depth=0.0812 depth2=-1.0000 track=2 sf=9 flag=ok
[T2gate] t=33.0280 tri=36 rej=0 xrej=0 init_replace=0 gate=0
[T2slv] t=33.0280 phase=1 init_cost=137.339 final_cost=135.173 iters=9 term=1 slv_ms=9.5
[T2diag] t=33.0280 P=[0.0117 0.0053 -0.0016] V=[0.0033 -0.0019 0.0010] |Bas|=0.608002 |Bgs|=0.0006922 tic0=[0.1200 0.0500 -0.0200] tic1=[0.1200 -0.0500 -0.0200] td=0.00000 track=123
[E2uls] flag=1 sh_t=33.068 new_t=33.068 dP=[0.0000 -0.0002 -0.0000] |dP|=0.0002 first_dt=-1.0000
time: 33.028000, t: 0.011685 0.005320 -0.001600 q: 0.999539 0.028670 -0.009969 -0.000781 
[T2gate] t=33.1280 tri=37 rej=0 xrej=0 init_replace=0 gate=0
[T2slv] t=33.1280 phase=1 init_cost=140.171 final_cost=135.063 iters=6 term=0 slv_ms=8.4
[T2diag] t=33.1280 P=[0.0118 0.0053 -0.0016] V=[0.0034 0.0003 0.0001] |Bas|=0.606363 |Bgs|=0.0007028 tic0=[0.1200 0.0500 -0.0200] tic1=[0.1200 -0.0500 -0.0200] td=0.00000 track=121
[E2uls] flag=1 sh_t=33.164 new_t=33.164 dP=[0.0004 -0.0002 -0.0001] |dP|=0.0004 first_dt=-1.0000
time: 33.128000, t: 0.011833 0.005307 -0.001579 q: 0.999542 0.028498 -0.010111 -0.000767 
[T2depth] t=33.2280 id=68 src=motion2 u=172.2 v=294.3 depth=5.0000 depth2=-1.0000 track=2 sf=9 flag=init_neg
[T2depth] t=33.2280 id=2018 src=motion2 u=127.0 v=244.0 depth=5.0000 depth2=-1.0000 track=2 sf=9 flag=init_neg
[T2gate] t=33.2280 tri=37 rej=0 xrej=0 init_replace=2 gate=0
[T2slv] t=33.2280 phase=1 init_cost=144.507 final_cost=135.406 iters=8 term=0 slv_ms=11.3
[T2diag] t=33.2280 P=[0.0119 0.0053 -0.0016] V=[0.0039 0.0014 -0.0011] |Bas|=0.604772 |Bgs|=0.0007434 tic0=[0.1200 0.0500 -0.0200] tic1=[0.1200 -0.0500 -0.0200] td=0.00000 track=123
[E2uls] flag=1 sh_t=33.268 new_t=33.268 dP=[0.0007 0.0005 -0.0004] |dP|=0.0009 first_dt=-1.0000
time: 33.228000, t: 0.011882 0.005304 -0.001563 q: 0.999547 0.028350 -0.010080 -0.000730 
[T2gate] t=33.3280 tri=35 rej=0 xrej=0 init_replace=0 gate=0
[T2slv] t=33.3280 phase=1 init_cost=143.704 final_cost=135.546 iters=9 term=1 slv_ms=9.8
[T2diag] t=33.3280 P=[0.0117 0.0053 -0.0016] V=[0.0004 0.0004 -0.0000] |Bas|=0.605525 |Bgs|=0.0007617 tic0=[0.1200 0.0500 -0.0200] tic1=[0.1200 -0.0500 -0.0200] td=0.00000 track=123
[E2uls] flag=1 sh_t=33.364 new_t=33.364 dP=[0.0006 0.0004 -0.0002] |dP|=0.0008 first_dt=-1.0000
time: 33.328000, t: 0.011712 0.005313 -0.001618 q: 0.999544 0.028476 -0.010007 -0.000765 
[T2gate] t=33.4280 tri=35 rej=0 xrej=0 init_replace=0 gate=0
[T2slv] t=33.4280 phase=1 init_cost=224.661 final_cost=138.956 iters=9 term=1 slv_ms=12.9
[T2diag] t=33.4280 P=[0.0117 0.0053 -0.0016] V=[0.0014 0.0010 0.0010] |Bas|=0.604936 |Bgs|=0.0007503 tic0=[0.1200 0.0500 -0.0200] tic1=[0.1200 -0.0500 -0.0200] td=0.00000 track=123
[E2uls] flag=1 sh_t=33.464 new_t=33.464 dP=[-0.0001 -0.0001 0.0002] |dP|=0.0003 first_dt=-1.0000
time: 33.428000, t: 0.011708 0.005341 -0.001573 q: 0.999549 0.028376 -0.009820 -0.000741 
[T2gate] t=33.5280 tri=37 rej=0 xrej=0 init_replace=0 gate=0
[T2slv] t=33.5280 phase=1 init_cost=141.643 final_cost=138.789 iters=9 term=1 slv_ms=8.3
[T2diag] t=33.5280 P=[0.0117 0.0053 -0.0016] V=[-0.0032 -0.0012 0.0003] |Bas|=0.604753 |Bgs|=0.0007640 tic0=[0.1200 0.0500 -0.0200] tic1=[0.1200 -0.0500 -0.0200] td=0.00000 track=121
[E2uls] flag=1 sh_t=33.564 new_t=33.564 dP=[-0.0000 -0.0001 0.0004] |dP|=0.0004 first_dt=-1.0000
time: 33.528000, t: 0.011671 0.005251 -0.001599 q: 0.999549 0.028264 -0.010092 -0.000587 
[T2depth] t=33.6280 id=6 src=motion2 u=3.1 v=375.8 depth=5.0000 depth2=-1.0000 track=2 sf=9 flag=init_neg
[T2depth] t=33.6280 id=52 src=motion2 u=11.1 v=425.0 depth=5.0000 depth2=-1.0000 track=2 sf=9 flag=init_neg
[T2gate] t=33.6280 tri=37 rej=0 xrej=0 init_replace=2 gate=0
[T2slv] t=33.6280 phase=1 init_cost=146.866 final_cost=135.298 iters=7 term=0 slv_ms=9.0
[T2diag] t=33.6280 P=[0.0117 0.0053 -0.0016] V=[-0.0018 -0.0015 -0.0003] |Bas|=0.604024 |Bgs|=0.0007725 tic0=[0.1200 0.0500 -0.0200] tic1=[0.1200 -0.0500 -0.0200] td=0.00000 track=123
[E2uls] flag=1 sh_t=33.660 new_t=33.660 dP=[-0.0006 -0.0004 0.0005] |dP|=0.0009 first_dt=-1.0000
time: 33.628000, t: 0.011668 0.005251 -0.001610 q: 0.999547 0.028264 -0.010328 -0.000620 
[T2gate] t=33.7320 tri=36 rej=0 xrej=0 init_replace=0 gate=0
[T2slv] t=33.7320 phase=1 init_cost=143.633 final_cost=137.059 iters=9 term=1 slv_ms=4.6
[T2diag] t=33.7320 P=[0.0116 0.0053 -0.0016] V=[-0.0028 0.0018 0.0018] |Bas|=0.602775 |Bgs|=0.0007987 tic0=[0.1200 0.0500 -0.0200] tic1=[0.1200 -0.0500 -0.0200] td=0.00000 track=123
[E2uls] flag=1 sh_t=33.756 new_t=33.756 dP=[-0.0004 0.0000 0.0000] |dP|=0.0004 first_dt=-1.0000
time: 33.732000, t: 0.011624 0.005271 -0.001553 q: 0.999551 0.028174 -0.010166 -0.000625 
[T2depth] t=33.8280 id=2032 src=motion2 u=23.0 v=244.0 depth=0.0357 depth2=-1.0000 track=2 sf=9 flag=ok
[T2gate] t=33.8280 tri=38 rej=0 xrej=0 init_replace=0 gate=0
[T2slv] t=33.8280 phase=1 init_cost=147.241 final_cost=136.087 iters=9 term=1 slv_ms=11.1
[T2diag] t=33.8280 P=[0.0116 0.0053 -0.0016] V=[-0.0011 0.0004 -0.0016] |Bas|=0.602430 |Bgs|=0.0007942 tic0=[0.1200 0.0500 -0.0200] tic1=[0.1200 -0.0500 -0.0200] td=0.00000 track=122
[E2uls] flag=1 sh_t=33.868 new_t=33.868 dP=[-0.0001 0.0003 0.0007] |dP|=0.0007 first_dt=-1.0000
time: 33.828000, t: 0.011621 0.005304 -0.001636 q: 0.999542 0.028472 -0.010225 -0.000793 
[T2depth] t=33.9600 id=8 src=motion2 u=256.0 v=334.4 depth=5.0000 depth2=-1.0000 track=2 sf=9 flag=init_neg
[T2depth] t=33.9600 id=56 src=motion2 u=211.1 v=316.4 depth=5.0000 depth2=-1.0000 track=2 sf=9 flag=init_neg
[T2gate] t=33.9600 tri=37 rej=0 xrej=0 init_replace=2 gate=0
[T2slv] t=33.9600 phase=1 init_cost=145.161 final_cost=135.178 iters=9 term=1 slv_ms=10.3
[T2diag] t=33.9600 P=[0.0117 0.0053 -0.0016] V=[-0.0027 -0.0007 0.0014] |Bas|=0.603602 |Bgs|=0.0007538 tic0=[0.1200 0.0500 -0.0200] tic1=[0.1200 -0.0500 -0.0200] td=0.00000 track=124
[E2uls] flag=1 sh_t=33.996 new_t=33.996 dP=[-0.0006 -0.0003 0.0003] |dP|=0.0007 first_dt=-1.0000
time: 33.960000, t: 0.011699 0.005339 -0.001631 q: 0.999544 0.028361 -0.010379 -0.000802 
[T2gate] t=34.0960 tri=37 rej=0 xrej=0 init_replace=0 gate=0
[T2slv] t=34.0960 phase=1 init_cost=142.026 final_cost=135.227 iters=9 term=1 slv_ms=11.9
[T2diag] t=34.0960 P=[0.0116 0.0053 -0.0016] V=[-0.0035 0.0016 -0.0021] |Bas|=0.601990 |Bgs|=0.0007565 tic0=[0.1200 0.0500 -0.0200] tic1=[0.1200 -0.0500 -0.0200] td=0.00000 track=123
[E2uls] flag=1 sh_t=34.132 new_t=34.132 dP=[-0.0011 0.0003 -0.0002] |dP|=0.0012 first_dt=-1.0000
time: 34.096000, t: 0.011623 0.005347 -0.001589 q: 0.999548 0.028308 -0.010131 -0.000789 
[T2depth] t=34.1960 id=2040 src=motion2 u=25.0 v=244.0 depth=5.0000 depth2=-1.0000 track=2 sf=9 flag=init_neg
[T2gate] t=34.1960 tri=39 rej=0 xrej=0 init_replace=1 gate=0
[T2slv] t=34.1960 phase=1 init_cost=145.791 final_cost=135.647 iters=9 term=1 slv_ms=11.0
[T2diag] t=34.1960 P=[0.0113 0.0053 -0.0016] V=[-0.0034 -0.0015 -0.0004] |Bas|=0.601647 |Bgs|=0.0007721 tic0=[0.1200 0.0500 -0.0200] tic1=[0.1200 -0.0500 -0.0200] td=0.00000 track=122
[E2uls] flag=1 sh_t=34.236 new_t=34.236 dP=[-0.0002 0.0003 -0.0005] |dP|=0.0006 first_dt=-1.0000
time: 34.196000, t: 0.011297 0.005270 -0.001640 q: 0.999553 0.028101 -0.010221 -0.000642 
[T2depth] t=34.2960 id=9 src=motion2 u=399.0 v=343.4 depth=1.8674 depth2=-1.0000 track=2 sf=9 flag=ok
[T2gate] t=34.2960 tri=39 rej=0 xrej=0 init_replace=0 gate=0
[T2slv] t=34.2960 phase=1 init_cost=141.118 final_cost=134.902 iters=9 term=1 slv_ms=4.6
[T2diag] t=34.2960 P=[0.0115 0.0053 -0.0016] V=[-0.0030 0.0009 -0.0001] |Bas|=0.602591 |Bgs|=0.0007620 tic0=[0.1200 0.0500 -0.0200] tic1=[0.1200 -0.0500 -0.0200] td=0.00000 track=122
[E2uls] flag=1 sh_t=34.324 new_t=34.324 dP=[-0.0008 -0.0004 -0.0000] |dP|=0.0009 first_dt=-1.0000
time: 34.296000, t: 0.011484 0.005319 -0.001646 q: 0.999547 0.028288 -0.010277 -0.000728 
[T2gate] t=34.4280 tri=40 rej=0 xrej=0 init_replace=0 gate=0
[T2slv] t=34.4280 phase=1 init_cost=143.978 final_cost=135.016 iters=4 term=0 slv_ms=6.4
[T2diag] t=34.4280 P=[0.0115 0.0053 -0.0017] V=[-0.0019 -0.0002 -0.0009] |Bas|=0.604057 |Bgs|=0.0007401 tic0=[0.1200 0.0500 -0.0200] tic1=[0.1200 -0.0500 -0.0200] td=0.00000 track=121
[E2uls] flag=1 sh_t=34.460 new_t=34.460 dP=[-0.0005 0.0003 0.0001] |dP|=0.0006 first_dt=-1.0000
time: 34.428000, t: 0.011466 0.005294 -0.001651 q: 0.999544 0.028363 -0.010322 -0.000632 
[T2depth] t=34.5280 id=2053 src=motion2 u=128.2 v=244.0 depth=5.0000 depth2=-1.0000 track=2 sf=9 flag=init_neg
[T2gate] t=34.5280 tri=40 rej=0 xrej=0 init_replace=1 gate=0
[T2slv] t=34.5280 phase=1 init_cost=138.322 final_cost=135.087 iters=9 term=1 slv_ms=6.1
[T2diag] t=34.5280 P=[0.0115 0.0053 -0.0017] V=[-0.0021 0.0008 -0.0001] |Bas|=0.606004 |Bgs|=0.0007283 tic0=[0.1200 0.0500 -0.0200] tic1=[0.1200 -0.0500 -0.0200] td=0.00000 track=122
[E2uls] flag=1 sh_t=34.564 new_t=34.564 dP=[-0.0004 -0.0000 0.0001] |dP|=0.0004 first_dt=-1.0000
time: 34.528000, t: 0.011536 0.005314 -0.001673 q: 0.999541 0.028419 -0.010505 -0.000799 
[T2gate] t=34.6280 tri=40 rej=0 xrej=0 init_replace=0 gate=0
[T2slv] t=34.6280 phase=1 init_cost=137.768 final_cost=134.566 iters=9 term=1 slv_ms=5.9
[T2diag] t=34.6280 P=[0.0116 0.0053 -0.0017] V=[-0.0012 -0.0006 -0.0010] |Bas|=0.606997 |Bgs|=0.0006975 tic0=[0.1200 0.0500 -0.0200] tic1=[0.1200 -0.0500 -0.0200] td=0.00000 track=120
[E2uls] flag=1 sh_t=34.660 new_t=34.660 dP=[-0.0008 -0.0001 -0.0000] |dP|=0.0008 first_dt=-1.0000
time: 34.628000, t: 0.011581 0.005324 -0.001683 q: 0.999535 0.028577 -0.010582 -0.000774 
[T2depth] t=34.7280 id=2066 src=motion2 u=128.0 v=243.0 depth=5.0000 depth2=-1.0000 track=2 sf=9 flag=init_neg
[T2gate] t=34.7280 tri=40 rej=0 xrej=0 init_replace=1 gate=0
[T2slv] t=34.7280 phase=1 init_cost=136.646 final_cost=134.383 iters=9 term=1 slv_ms=10.8
[T2diag] t=34.7280 P=[0.0116 0.0053 -0.0016] V=[0.0020 0.0015 0.0019] |Bas|=0.608070 |Bgs|=0.0006732 tic0=[0.1200 0.0500 -0.0200] tic1=[0.1200 -0.0500 -0.0200] td=0.00000 track=121
[E2uls] flag=1 sh_t=34.760 new_t=34.760 dP=[-0.0001 -0.0000 0.0001] |dP|=0.0001 first_dt=-1.0000
time: 34.728000, t: 0.011551 0.005338 -0.001636 q: 0.999536 0.028662 -0.010274 -0.000756 
[T2depth] t=34.8280 id=2075 src=motion2 u=234.0 v=276.0 depth=5.0000 depth2=-1.0000 track=2 sf=9 flag=init_neg
[T2gate] t=34.8280 tri=39 rej=0 xrej=0 init_replace=1 gate=0
[T2slv] t=34.8280 phase=1 init_cost=149.243 final_cost=135.284 iters=9 term=1 slv_ms=9.0
[T2diag] t=34.8280 P=[0.0116 0.0053 -0.0016] V=[0.0011 -0.0008 0.0013] |Bas|=0.607621 |Bgs|=0.0006856 tic0=[0.1200 0.0500 -0.0200] tic1=[0.1200 -0.0500 -0.0200] td=0.00000 track=121
[E2uls] flag=1 sh_t=34.860 new_t=34.860 dP=[0.0002 0.0005 0.0005] |dP|=0.0007 first_dt=-1.0000
time: 34.828000, t: 0.011574 0.005300 -0.001634 q: 0.999537 0.028701 -0.010030 -0.000661 
[T2depth] t=34.9280 id=2077 src=motion2 u=5.1 v=244.0 depth=5.0000 depth2=-1.0000 track=2 sf=9 flag=init_neg
[T2gate] t=34.9280 tri=39 rej=0 xrej=0 init_replace=1 gate=0
[T2slv] t=34.9280 phase=1 init_cost=142.395 final_cost=134.867 iters=8 term=0 slv_ms=10.1
[T2diag] t=34.9280 P=[0.0115 0.0053 -0.0016] V=[-0.0006 -0.0007 -0.0003] |Bas|=0.606540 |Bgs|=0.0006836 tic0=[0.1200 0.0500 -0.0200] tic1=[0.1200 -0.0500 -0.0200] td=0.00000 track=121
[E2uls] flag=1 sh_t=34.964 new_t=34.964 dP=[0.0001 -0.0006 0.0001] |dP|=0.0006 first_dt=-1.0000
time: 34.928000, t: 0.011479 0.005335 -0.001647 q: 0.999539 0.028604 -0.010193 -0.000758 
[T2gate] t=35.0600 tri=39 rej=0 xrej=0 init_replace=0 gate=0
[T2slv] t=35.0600 phase=1 init_cost=139.627 final_cost=135.346 iters=9 term=1 slv_ms=7.8
[T2diag] t=35.0600 P=[0.0114 0.0053 -0.0017] V=[-0.0033 -0.0010 -0.0014] |Bas|=0.607331 |Bgs|=0.0006590 tic0=[0.1200 0.0500 -0.0200] tic1=[0.1200 -0.0500 -0.0200] td=0.00000 track=120
[E2uls] flag=1 sh_t=35.092 new_t=35.092 dP=[-0.0004 -0.0002 0.0000] |dP|=0.0005 first_dt=-1.0000
time: 35.060000, t: 0.011438 0.005312 -0.001715 q: 0.999535 0.028636 -0.010430 -0.000714 
[T2gate] t=35.1960 tri=39 rej=0 xrej=0 init_replace=0 gate=0
[T2slv] t=35.1960 phase=1 init_cost=143.54 final_cost=134.892 iters=9 term=1 slv_ms=8.4
[T2diag] t=35.1960 P=[0.0115 0.0054 -0.0017] V=[0.0012 -0.0010 0.0011] |Bas|=0.609685 |Bgs|=0.0006446 tic0=[0.1200 0.0500 -0.0200] tic1=[0.1200 -0.0500 -0.0200] td=0.00000 track=120
[E2uls] flag=1 sh_t=35.236 new_t=35.236 dP=[-0.0006 -0.0005 0.0002] |dP|=0.0009 first_dt=-1.0000
time: 35.196000, t: 0.011477 0.005361 -0.001659 q: 0.999536 0.028674 -0.010261 -0.000733 
[T2gate] t=35.2960 tri=39 rej=0 xrej=0 init_replace=0 gate=0
[T2slv] t=35.2960 phase=1 init_cost=140.584 final_cost=134.893 iters=9 term=1 slv_ms=4.6
[T2diag] t=35.2960 P=[0.0115 0.0053 -0.0016] V=[0.0014 -0.0022 -0.0008] |Bas|=0.610299 |Bgs|=0.0006594 tic0=[0.1200 0.0500 -0.0200] tic1=[0.1200 -0.0500 -0.0200] td=0.00000 track=120
[E2uls] flag=1 sh_t=35.332 new_t=35.332 dP=[0.0004 -0.0005 0.0000] |dP|=0.0006 first_dt=-1.0000
time: 35.296000, t: 0.011476 0.005347 -0.001629 q: 0.999538 0.028604 -0.010235 -0.000720 
[T2gate] t=35.4280 tri=40 rej=0 xrej=0 init_replace=0 gate=0
[T2slv] t=35.4280 phase=1 init_cost=146.193 final_cost=134.733 iters=9 term=1 slv_ms=6.9
[T2diag] t=35.4280 P=[0.0113 0.0053 -0.0016] V=[0.0016 0.0010 -0.0011] |Bas|=0.611298 |Bgs|=0.0006679 tic0=[0.1200 0.0500 -0.0200] tic1=[0.1200 -0.0500 -0.0200] td=0.00000 track=120
[E2uls] flag=1 sh_t=35.456 new_t=35.456 dP=[0.0007 -0.0005 -0.0002] |dP|=0.0009 first_dt=-1.0000
time: 35.428000, t: 0.011330 0.005346 -0.001644 q: 0.999536 0.028637 -0.010344 -0.000714 
[T2gate] t=35.5280 tri=40 rej=0 xrej=0 init_replace=0 gate=0
[T2slv] t=35.5280 phase=1 init_cost=140.374 final_cost=134.778 iters=8 term=0 slv_ms=10.8
[T2diag] t=35.5280 P=[0.0114 0.0053 -0.0017] V=[0.0002 0.0010 0.0011] |Bas|=0.612460 |Bgs|=0.0006527 tic0=[0.1200 0.0500 -0.0200] tic1=[0.1200 -0.0500 -0.0200] td=0.00000 track=120
[E2uls] flag=1 sh_t=35.560 new_t=35.560 dP=[0.0001 0.0004 -0.0000] |dP|=0.0004 first_dt=-1.0000
time: 35.528000, t: 0.011411 0.005349 -0.001684 q: 0.999528 0.028893 -0.010375 -0.000716 
[T2gate] t=35.6280 tri=38 rej=0 xrej=0 init_replace=0 gate=0
[T2slv] t=35.6280 phase=1 init_cost=142.695 final_cost=134.997 iters=9 term=1 slv_ms=8.7
[T2diag] t=35.6280 P=[0.0114 0.0053 -0.0017] V=[-0.0014 -0.0017 -0.0022] |Bas|=0.613313 |Bgs|=0.0006301 tic0=[0.1200 0.0500 -0.0200] tic1=[0.1200 -0.0500 -0.0200] td=0.00000 track=120
[E2uls] flag=1 sh_t=35.660 new_t=35.660 dP=[-0.0003 0.0000 0.0003] |dP|=0.0004 first_dt=-1.0000
time: 35.628000, t: 0.011400 0.005336 -0.001682 q: 0.999529 0.028904 -0.010278 -0.000714 
[T2gate] t=35.7280 tri=37 rej=0 xrej=0 init_replace=0 gate=0
[T2slv] t=35.7280 phase=1 init_cost=146.355 final_cost=134.938 iters=9 term=1 slv_ms=11.0
[T2diag] t=35.7280 P=[0.0114 0.0053 -0.0017] V=[-0.0001 0.0002 -0.0001] |Bas|=0.611165 |Bgs|=0.0006291 tic0=[0.1200 0.0500 -0.0200] tic1=[0.1200 -0.0500 -0.0200] td=0.00000 track=120
[E2uls] flag=1 sh_t=35.764 new_t=35.764 dP=[-0.0006 -0.0001 -0.0008] |dP|=0.0010 first_dt=-1.0000
time: 35.728000, t: 0.011395 0.005344 -0.001656 q: 0.999533 0.028773 -0.010270 -0.000688 
[T2gate] t=35.8280 tri=37 rej=0 xrej=0 init_replace=0 gate=0
[T2slv] t=35.8280 phase=1 init_cost=136.779 final_cost=135.173 iters=9 term=1 slv_ms=5.7
[T2diag] t=35.8280 P=[0.0114 0.0053 -0.0017] V=[-0.0001 -0.0007 0.0010] |Bas|=0.611860 |Bgs|=0.0006273 tic0=[0.1200 0.0500 -0.0200] tic1=[0.1200 -0.0500 -0.0200] td=0.00000 track=120
[E2uls] flag=1 sh_t=35.852 new_t=35.852 dP=[0.0001 -0.0001 -0.0000] |dP|=0.0002 first_dt=-1.0000
time: 35.828000, t: 0.011413 0.005340 -0.001686 q: 0.999531 0.028813 -0.010376 -0.000670 
[T2gate] t=35.9280 tri=37 rej=0 xrej=0 init_replace=0 gate=0
[T2slv] t=35.9280 phase=1 init_cost=138.118 final_cost=135.329 iters=5 term=0 slv_ms=6.2
[T2diag] t=35.9280 P=[0.0114 0.0054 -0.0017] V=[0.0002 0.0024 -0.0011] |Bas|=0.612416 |Bgs|=0.0006092 tic0=[0.1200 0.0500 -0.0200] tic1=[0.1200 -0.0500 -0.0200] td=0.00000 track=120
[E2uls] flag=1 sh_t=35.956 new_t=35.956 dP=[-0.0001 -0.0000 -0.0000] |dP|=0.0001 first_dt=-1.0000
time: 35.928000, t: 0.011359 0.005368 -0.001677 q: 0.999528 0.028909 -0.010326 -0.000800 
[T2gate] t=36.0280 tri=36 rej=0 xrej=0 init_replace=0 gate=0
[T2slv] t=36.0280 phase=1 init_cost=144.624 final_cost=135.257 iters=6 term=0 slv_ms=7.6
[T2diag] t=36.0280 P=[0.0114 0.0053 -0.0017] V=[-0.0014 -0.0009 -0.0006] |Bas|=0.612563 |Bgs|=0.0006006 tic0=[0.1200 0.0500 -0.0200] tic1=[0.1200 -0.0500 -0.0200] td=0.00000 track=120
[E2uls] flag=1 sh_t=36.056 new_t=36.056 dP=[-0.0002 0.0005 -0.0003] |dP|=0.0006 first_dt=-1.0000
time: 36.028000, t: 0.011361 0.005346 -0.001694 q: 0.999528 0.028939 -0.010273 -0.000723 
[T2gate] t=36.1280 tri=37 rej=0 xrej=0 init_replace=0 gate=0
[T2slv] t=36.1280 phase=1 init_cost=142.471 final_cost=135.919 iters=9 term=1 slv_ms=10.9
[T2diag] t=36.1280 P=[0.0115 0.0054 -0.0017] V=[0.0008 0.0007 -0.0000] |Bas|=0.609600 |Bgs|=0.0005792 tic0=[0.1200 0.0500 -0.0200] tic1=[0.1200 -0.0500 -0.0200] td=0.00000 track=120
[E2uls] flag=1 sh_t=36.164 new_t=36.164 dP=[-0.0006 -0.0002 -0.0002] |dP|=0.0006 first_dt=-1.0000
time: 36.128000, t: 0.011455 0.005384 -0.001655 q: 0.999531 0.028886 -0.010105 -0.000870 
[T2gate] t=36.2280 tri=39 rej=0 xrej=0 init_replace=0 gate=0
[T2slv] t=36.2280 phase=1 init_cost=137.945 final_cost=135.341 iters=5 term=0 slv_ms=6.0
[T2diag] t=36.2280 P=[0.0113 0.0054 -0.0017] V=[0.0015 0.0009 -0.0028] |Bas|=0.609134 |Bgs|=0.0005610 tic0=[0.1200 0.0500 -0.0200] tic1=[0.1200 -0.0500 -0.0200] td=0.00000 track=120
[E2uls] flag=1 sh_t=36.260 new_t=36.260 dP=[0.0005 0.0002 -0.0000] |dP|=0.0005 first_dt=-1.0000
time: 36.228000, t: 0.011341 0.005351 -0.001708 q: 0.999530 0.028901 -0.010214 -0.000769 
[T2depth] t=36.3320 id=2142 src=motion2 u=285.0 v=245.0 depth=0.7215 depth2=-1.0000 track=2 sf=9 flag=ok
[T2gate] t=36.3320 tri=37 rej=0 xrej=0 init_replace=0 gate=0
[T2slv] t=36.3320 phase=1 init_cost=142.403 final_cost=135.465 iters=9 term=1 slv_ms=6.9
[T2diag] t=36.3320 P=[0.0113 0.0054 -0.0017] V=[-0.0021 0.0007 0.0006] |Bas|=0.610570 |Bgs|=0.0005438 tic0=[0.1200 0.0500 -0.0200] tic1=[0.1200 -0.0500 -0.0200] td=0.00000 track=121
[E2uls] flag=1 sh_t=36.364 new_t=36.364 dP=[-0.0002 0.0001 -0.0004] |dP|=0.0005 first_dt=-1.0000
time: 36.332000, t: 0.011339 0.005396 -0.001707 q: 0.999528 0.028941 -0.010220 -0.000876 
[T2depth] t=36.4280 id=2150 src=stereo u=56.1 v=245.0 depth=2.9487 depth2=-1.0000 track=1 sf=10 flag=ok
[T2gate] t=36.4280 tri=38 rej=0 xrej=0 init_replace=0 gate=0
[T2slv] t=36.4280 phase=1 init_cost=140.738 final_cost=135.208 iters=9 term=1 slv_ms=5.1
[T2diag] t=36.4280 P=[0.0113 0.0054 -0.0017] V=[0.0002 0.0018 -0.0004] |Bas|=0.611389 |Bgs|=0.0005359 tic0=[0.1200 0.0500 -0.0200] tic1=[0.1200 -0.0500 -0.0200] td=0.00000 track=120
[E2uls] flag=1 sh_t=36.460 new_t=36.460 dP=[-0.0003 0.0005 0.0001] |dP|=0.0006 first_dt=-1.0000
time: 36.428000, t: 0.011316 0.005392 -0.001708 q: 0.999528 0.028981 -0.010203 -0.000834 
[T2depth] t=36.5280 id=2151 src=motion2 u=9.0 v=244.0 depth=5.0000 depth2=-1.0000 track=2 sf=9 flag=init_neg
[T2gate] t=36.5280 tri=39 rej=0 xrej=0 init_replace=1 gate=0
[T2slv] t=36.5280 phase=1 init_cost=149.889 final_cost=135.68 iters=6 term=0 slv_ms=7.7
[T2diag] t=36.5280 P=[0.0113 0.0054 -0.0017] V=[-0.0039 0.0001 0.0008] |Bas|=0.615449 |Bgs|=0.0005491 tic0=[0.1200 0.0500 -0.0200] tic1=[0.1200 -0.0500 -0.0200] td=0.00000 track=121
[E2uls] flag=1 sh_t=36.556 new_t=36.556 dP=[-0.0001 0.0007 0.0001] |dP|=0.0007 first_dt=-1.0000
time: 36.528000, t: 0.011259 0.005366 -0.001730 q: 0.999524 0.029081 -0.010230 -0.000740 
[T2gate] t=36.6280 tri=38 rej=0 xrej=0 init_replace=0 gate=0
[T2slv] t=36.6280 phase=1 init_cost=139.866 final_cost=135.371 iters=9 term=1 slv_ms=5.5
[T2diag] t=36.6280 P=[0.0114 0.0053 -0.0017] V=[-0.0018 -0.0036 -0.0008] |Bas|=0.617029 |Bgs|=0.0005807 tic0=[0.1200 0.0500 -0.0200] tic1=[0.1200 -0.0500 -0.0200] td=0.00000 track=121
[E2uls] flag=1 sh_t=36.668 new_t=36.668 dP=[-0.0014 -0.0001 0.0001] |dP|=0.0014 first_dt=-1.0000
time: 36.628000, t: 0.011409 0.005310 -0.001707 q: 0.999524 0.029067 -0.010315 -0.000646 
[T2gate] t=36.7280 tri=38 rej=0 xrej=0 init_replace=0 gate=0
[T2slv] t=36.7280 phase=1 init_cost=142.224 final_cost=134.477 iters=4 term=0 slv_ms=5.7
[T2diag] t=36.7280 P=[0.0111 0.0054 -0.0017] V=[0.0003 0.0001 -0.0002] |Bas|=0.618989 |Bgs|=0.0006012 tic0=[0.1200 0.0500 -0.0200] tic1=[0.1200 -0.0500 -0.0200] td=0.00000 track=120
[E2uls] flag=1 sh_t=36.776 new_t=36.776 dP=[-0.0002 -0.0005 -0.0003] |dP|=0.0006 first_dt=-1.0000
time: 36.728000, t: 0.011099 0.005369 -0.001687 q: 0.999520 0.029205 -0.010318 -0.000716 
[T2gate] t=36.8280 tri=40 rej=0 xrej=0 init_replace=0 gate=0
[T2slv] t=36.8280 phase=1 init_cost=135.951 final_cost=134.6 iters=9 term=1 slv_ms=5.4
[T2diag] t=36.8280 P=[0.0111 0.0054 -0.0017] V=[-0.0009 -0.0001 0.0011] |Bas|=0.620212 |Bgs|=0.0005978 tic0=[0.1200 0.0500 -0.0200] tic1=[0.1200 -0.0500 -0.0200] td=0.00000 track=120
[E2uls] flag=1 sh_t=36.860 new_t=36.860 dP=[-0.0000 -0.0001 0.0002] |dP|=0.0002 first_dt=-1.0000
time: 36.828000, t: 0.011104 0.005407 -0.001700 q: 0.999517 0.029269 -0.010369 -0.000771 
[T2gate] t=36.9280 tri=40 rej=0 xrej=0 init_replace=0 gate=0
[T2slv] t=36.9280 phase=1 init_cost=138.178 final_cost=134.525 iters=9 term=1 slv_ms=6.0
[T2diag] t=36.9280 P=[0.0112 0.0054 -0.0017] V=[-0.0004 0.0010 0.0005] |Bas|=0.620363 |Bgs|=0.0005931 tic0=[0.1200 0.0500 -0.0200] tic1=[0.1200 -0.0500 -0.0200] td=0.00000 track=120
[E2uls] flag=1 sh_t=36.956 new_t=36.956 dP=[-0.0005 -0.0001 0.0003] |dP|=0.0006 first_dt=-1.0000
time: 36.928000, t: 0.011158 0.005394 -0.001683 q: 0.999518 0.029264 -0.010320 -0.000753 
[T2gate] t=37.0280 tri=38 rej=0 xrej=0 init_replace=0 gate=0
[T2slv] t=37.0280 phase=1 init_cost=210.742 final_cost=139.044 iters=9 term=1 slv_ms=5.0
[T2diag] t=37.0280 P=[0.0105 0.0054 -0.0017] V=[0.0008 0.0004 0.0003] |Bas|=0.620026 |Bgs|=0.0005635 tic0=[0.1200 0.0500 -0.0200] tic1=[0.1200 -0.0500 -0.0200] td=0.00000 track=120
[E2uls] flag=1 sh_t=37.052 new_t=37.052 dP=[0.0005 0.0003 0.0001] |dP|=0.0006 first_dt=-1.0000
time: 37.028000, t: 0.010501 0.005401 -0.001669 q: 0.999521 0.029253 -0.010047 -0.000587 
[T2gate] t=37.1280 tri=38 rej=0 xrej=0 init_replace=0 gate=0
[T2slv] t=37.1280 phase=1 init_cost=143.568 final_cost=139.791 iters=7 term=0 slv_ms=9.0
[T2diag] t=37.1280 P=[0.0107 0.0053 -0.0017] V=[-0.0027 -0.0009 -0.0001] |Bas|=0.619744 |Bgs|=0.0005608 tic0=[0.1200 0.0500 -0.0200] tic1=[0.1200 -0.0500 -0.0200] td=0.00000 track=120
[E2uls] flag=1 sh_t=37.164 new_t=37.164 dP=[-0.0004 0.0003 0.0003] |dP|=0.0006 first_dt=-1.0000
time: 37.128000, t: 0.010740 0.005286 -0.001717 q: 0.999523 0.029228 -0.009971 -0.000544 
[T2gate] t=37.2280 tri=38 rej=0 xrej=0 init_replace=0 gate=0
[T2slv] t=37.2280 phase=1 init_cost=138.013 final_cost=135.866 iters=9 term=1 slv_ms=6.6
[T2diag] t=37.2280 P=[0.0112 0.0054 -0.0017] V=[-0.0026 0.0009 -0.0001] |Bas|=0.618640 |Bgs|=0.0005981 tic0=[0.1200 0.0500 -0.0200] tic1=[0.1200 -0.0500 -0.0200] td=0.00000 track=120
[E2uls] flag=1 sh_t=37.260 new_t=37.260 dP=[-0.0013 0.0003 -0.0011] |dP|=0.0017 first_dt=-1.0000
time: 37.228000, t: 0.011161 0.005386 -0.001693 q: 0.999525 0.029103 -0.010131 -0.000768 
[T2gate] t=37.3280 tri=48 rej=0 xrej=0 init_replace=0 gate=0
[T2slv] t=37.3280 phase=1 init_cost=184.05 final_cost=136.468 iters=9 term=1 slv_ms=9.4
[T2diag] t=37.3280 P=[0.0111 0.0052 -0.0016] V=[-0.0038 0.0000 -0.0011] |Bas|=0.622559 |Bgs|=0.0006372 tic0=[0.1200 0.0500 -0.0200] tic1=[0.1200 -0.0500 -0.0200] td=0.00000 track=116
[E2uls] flag=1 sh_t=37.364 new_t=37.364 dP=[-0.0003 0.0014 -0.0027] |dP|=0.0030 first_dt=-1.0000
time: 37.328000, t: 0.011079 0.005200 -0.001619 q: 0.999523 0.029072 -0.010432 -0.000635 
[T2depth] t=37.4280 id=2196 src=motion2 u=446.0 v=122.0 depth=0.0491 depth2=-1.0000 track=2 sf=9 flag=ok
[T2depth] t=37.4280 id=2197 src=motion2 u=355.0 v=383.0 depth=0.8855 depth2=-1.0000 track=2 sf=9 flag=ok
[T2depth] t=37.4280 id=2198 src=motion2 u=16.1 v=243.0 depth=0.1354 depth2=-1.0000 track=2 sf=9 flag=ok
[T2depth] t=37.4280 id=2199 src=motion2 u=166.3 v=243.0 depth=0.0809 depth2=-1.0000 track=2 sf=9 flag=ok
[T2depth] t=37.4280 id=2220 src=stereo u=63.0 v=249.0 depth=2.5962 depth2=-1.0000 track=1 sf=10 flag=ok
[T2gate] t=37.4280 tri=55 rej=0 xrej=0 init_replace=0 gate=0
[T2slv] t=37.4280 phase=1 init_cost=139.124 final_cost=136.371 iters=5 term=0 slv_ms=6.8
[T2diag] t=37.4280 P=[0.0109 0.0052 -0.0016] V=[-0.0002 0.0001 0.0006] |Bas|=0.621191 |Bgs|=0.0006406 tic0=[0.1200 0.0500 -0.0200] tic1=[0.1200 -0.0500 -0.0200] td=0.00000 track=120
[E2uls] flag=1 sh_t=37.460 new_t=37.460 dP=[-0.0008 0.0001 -0.0001] |dP|=0.0008 first_dt=-1.0000
time: 37.428000, t: 0.010857 0.005204 -0.001643 q: 0.999519 0.029099 -0.010704 -0.000631 
[T2gate] t=37.5280 tri=49 rej=0 xrej=0 init_replace=0 gate=0
[T2slv] t=37.5280 phase=1 init_cost=142.491 final_cost=136.615 iters=4 term=0 slv_ms=6.2
[T2diag] t=37.5280 P=[0.0110 0.0052 -0.0016] V=[-0.0018 -0.0007 0.0002] |Bas|=0.620739 |Bgs|=0.0006510 tic0=[0.1200 0.0500 -0.0200] tic1=[0.1200 -0.0500 -0.0200] td=0.00000 track=121
[E2uls] flag=1 sh_t=37.564 new_t=37.564 dP=[-0.0003 0.0003 0.0002] |dP|=0.0005 first_dt=-1.0000
time: 37.528000, t: 0.010987 0.005182 -0.001611 q: 0.999523 0.028979 -0.010693 -0.000527 
[T2gate] t=37.6280 tri=50 rej=0 xrej=0 init_replace=0 gate=0
[T2slv] t=37.6280 phase=1 init_cost=142.529 final_cost=136.277 iters=9 term=1 slv_ms=10.8
[T2diag] t=37.6280 P=[0.0109 0.0052 -0.0016] V=[-0.0031 -0.0004 0.0014] |Bas|=0.617462 |Bgs|=0.0006533 tic0=[0.1200 0.0500 -0.0200] tic1=[0.1200 -0.0500 -0.0200] td=0.00000 track=120
[E2uls] flag=1 sh_t=37.660 new_t=37.660 dP=[-0.0004 -0.0001 0.0005] |dP|=0.0007 first_dt=-1.0000
time: 37.628000, t: 0.010903 0.005221 -0.001624 q: 0.999524 0.028932 -0.010660 -0.000667 
[T2depth] t=37.7280 id=2263 src=stereo u=63.0 v=249.0 depth=2.5967 depth2=-1.0000 track=1 sf=10 flag=ok
[T2gate] t=37.7280 tri=52 rej=0 xrej=0 init_replace=0 gate=0
[T2slv] t=37.7280 phase=1 init_cost=145.13 final_cost=136.178 iters=9 term=1 slv_ms=10.9
[T2diag] t=37.7280 P=[0.0109 0.0052 -0.0016] V=[0.0012 -0.0008 0.0015] |Bas|=0.616018 |Bgs|=0.0006437 tic0=[0.1200 0.0500 -0.0200] tic1=[0.1200 -0.0500 -0.0200] td=0.00000 track=120
[E2uls] flag=1 sh_t=37.764 new_t=37.764 dP=[-0.0002 -0.0002 0.0007] |dP|=0.0007 first_dt=-1.0000
time: 37.728000, t: 0.010906 0.005211 -0.001630 q: 0.999528 0.028834 -0.010588 -0.000636 
[T2gate] t=37.8600 tri=52 rej=0 xrej=0 init_replace=0 gate=0
[T2slv] t=37.8600 phase=1 init_cost=149.59 final_cost=136.599 iters=9 term=1 slv_ms=7.6
[T2diag] t=37.8600 P=[0.0110 0.0052 -0.0017] V=[-0.0013 0.0012 -0.0031] |Bas|=0.617820 |Bgs|=0.0006217 tic0=[0.1200 0.0500 -0.0200] tic1=[0.1200 -0.0500 -0.0200] td=0.00000 track=121
[E2uls] flag=1 sh_t=37.908 new_t=37.908 dP=[0.0000 -0.0005 0.0000] |dP|=0.0005 first_dt=-1.0000
time: 37.860000, t: 0.011024 0.005239 -0.001668 q: 0.999520 0.029078 -0.010669 -0.000735 
[T2depth] t=37.9320 id=2294 src=motion2 u=620.0 v=266.0 depth=5.0000 depth2=-1.0000 track=2 sf=9 flag=init_neg
[T2gate] t=37.9320 tri=52 rej=0 xrej=0 init_replace=1 gate=0
[T2slv] t=37.9320 phase=1 init_cost=146.173 final_cost=136.911 iters=9 term=1 slv_ms=8.4
[T2diag] t=37.9320 P=[0.0110 0.0052 -0.0017] V=[-0.0006 -0.0001 -0.0008] |Bas|=0.620888 |Bgs|=0.0005898 tic0=[0.1200 0.0500 -0.0200] tic1=[0.1200 -0.0500 -0.0200] td=0.00000 track=121
[E2uls] flag=1 sh_t=37.972 new_t=37.972 dP=[-0.0003 0.0002 -0.0006] |dP|=0.0007 first_dt=-1.0000
time: 37.932000, t: 0.010981 0.005220 -0.001658 q: 0.999514 0.029376 -0.010378 -0.000683 
[T2gate] t=38.0280 tri=50 rej=0 xrej=0 init_replace=0 gate=0
[T2slv] t=38.0280 phase=1 init_cost=140.728 final_cost=136.916 iters=4 term=0 slv_ms=5.0
[T2diag] t=38.0280 P=[0.0111 0.0052 -0.0016] V=[0.0007 0.0006 0.0008] |Bas|=0.620419 |Bgs|=0.0005721 tic0=[0.1200 0.0500 -0.0200] tic1=[0.1200 -0.0500 -0.0200] td=0.00000 track=121
[E2uls] flag=1 sh_t=38.060 new_t=38.060 dP=[-0.0004 -0.0002 -0.0001] |dP|=0.0005 first_dt=-1.0000
time: 38.028000, t: 0.011146 0.005238 -0.001633 q: 0.999518 0.029261 -0.010355 -0.000723 
[T2gate] t=38.1280 tri=50 rej=0 xrej=0 init_replace=0 gate=0
[T2slv] t=38.1280 phase=1 init_cost=141.785 final_cost=137.295 iters=4 term=0 slv_ms=5.1
[T2diag] t=38.1280 P=[0.0111 0.0053 -0.0017] V=[-0.0031 0.0014 -0.0029] |Bas|=0.619842 |Bgs|=0.0005528 tic0=[0.1200 0.0500 -0.0200] tic1=[0.1200 -0.0500 -0.0200] td=0.00000 track=121
[E2uls] flag=1 sh_t=38.156 new_t=38.156 dP=[0.0000 0.0000 0.0001] |dP|=0.0001 first_dt=-1.0000
time: 38.128000, t: 0.011080 0.005278 -0.001655 q: 0.999516 0.029294 -0.010437 -0.000863 
[T2depth] t=38.2280 id=2339 src=motion2 u=147.0 v=271.0 depth=1.1008 depth2=-1.0000 track=2 sf=9 flag=ok
[T2gate] t=38.2280 tri=50 rej=0 xrej=0 init_replace=0 gate=0
[T2slv] t=38.2280 phase=1 init_cost=149.993 final_cost=137.265 iters=7 term=0 slv_ms=9.5
[T2diag] t=38.2280 P=[0.0110 0.0052 -0.0017] V=[0.0000 0.0004 -0.0004] |Bas|=0.621737 |Bgs|=0.0005275 tic0=[0.1200 0.0500 -0.0200] tic1=[0.1200 -0.0500 -0.0200] td=0.00000 track=122
[E2uls] flag=1 sh_t=38.268 new_t=38.268 dP=[-0.0002 0.0007 -0.0003] |dP|=0.0008 first_dt=-1.0000
time: 38.228000, t: 0.010965 0.005241 -0.001687 q: 0.999511 0.029569 -0.010156 -0.000775 
[T2gate] t=38.3600 tri=50 rej=0 xrej=0 init_replace=0 gate=0
[T2slv] t=38.3600 phase=1 init_cost=142.123 final_cost=137.784 iters=6 term=0 slv_ms=9.7
[T2diag] t=38.3600 P=[0.0113 0.0053 -0.0017] V=[-0.0019 -0.0024 0.0003] |Bas|=0.619831 |Bgs|=0.0004886 tic0=[0.1200 0.0500 -0.0200] tic1=[0.1200 -0.0500 -0.0200] td=0.00000 track=122
[E2uls] flag=1 sh_t=38.404 new_t=38.404 dP=[-0.0008 -0.0001 0.0001] |dP|=0.0008 first_dt=-1.0000
time: 38.360000, t: 0.011291 0.005250 -0.001657 q: 0.999511 0.029589 -0.010044 -0.000806 
[T2depth] t=38.4920 id=2367 src=motion2 u=98.0 v=266.0 depth=5.0000 depth2=-1.0000 track=2 sf=9 flag=init_neg
[T2gate] t=38.4920 tri=49 rej=0 xrej=0 init_replace=1 gate=0
[T2slv] t=38.4920 phase=1 init_cost=151.216 final_cost=137.788 iters=9 term=1 slv_ms=11.9
[T2diag] t=38.4920 P=[0.0113 0.0053 -0.0017] V=[0.0008 0.0012 -0.0023] |Bas|=0.615541 |Bgs|=0.0004567 tic0=[0.1200 0.0500 -0.0200] tic1=[0.1200 -0.0500 -0.0200] td=0.00000 track=123
[E2uls] flag=1 sh_t=38.528 new_t=38.528 dP=[-0.0002 -0.0005 -0.0004] |dP|=0.0007 first_dt=-1.0000
time: 38.492000, t: 0.011310 0.005284 -0.001654 q: 0.999519 0.029301 -0.010106 -0.000841 
[T2gate] t=38.5920 tri=47 rej=0 xrej=0 init_replace=0 gate=0
[T2slv] t=38.5920 phase=1 init_cost=141.563 final_cost=137.983 iters=9 term=1 slv_ms=5.9
[T2diag] t=38.5920 P=[0.0112 0.0053 -0.0017] V=[-0.0022 -0.0003 0.0019] |Bas|=0.616571 |Bgs|=0.0004484 tic0=[0.1200 0.0500 -0.0200] tic1=[0.1200 -0.0500 -0.0200] td=0.00000 track=123
[E2uls] flag=1 sh_t=38.628 new_t=38.628 dP=[0.0003 -0.0001 -0.0001] |dP|=0.0004 first_dt=-1.0000
time: 38.592000, t: 0.011221 0.005252 -0.001691 q: 0.999516 0.029374 -0.010230 -0.000803 
[T2gate] t=38.6920 tri=47 rej=0 xrej=0 init_replace=0 gate=0
[T2slv] t=38.6920 phase=1 init_cost=148.702 final_cost=138.167 iters=9 term=1 slv_ms=14.3
[T2diag] t=38.6920 P=[0.0112 0.0053 -0.0017] V=[0.0017 0.0000 -0.0000] |Bas|=0.616895 |Bgs|=0.0004237 tic0=[0.1200 0.0500 -0.0200] tic1=[0.1200 -0.0500 -0.0200] td=0.00000 track=123
[E2uls] flag=1 sh_t=38.740 new_t=38.740 dP=[-0.0004 -0.0002 0.0005] |dP|=0.0007 first_dt=-1.0000
time: 38.692000, t: 0.011244 0.005300 -0.001659 q: 0.999516 0.029456 -0.009966 -0.000897 
[T2gate] t=38.7920 tri=47 rej=0 xrej=0 init_replace=0 gate=0
[T2slv] t=38.7920 phase=1 init_cost=148.435 final_cost=138.182 iters=9 term=1 slv_ms=11.4
[T2diag] t=38.7920 P=[0.0111 0.0053 -0.0017] V=[-0.0031 0.0001 -0.0001] |Bas|=0.616309 |Bgs|=0.0004014 tic0=[0.1200 0.0500 -0.0200] tic1=[0.1200 -0.0500 -0.0200] td=0.00000 track=123
[E2uls] flag=1 sh_t=38.836 new_t=38.836 dP=[0.0003 0.0004 0.0004] |dP|=0.0007 first_dt=-1.0000
time: 38.792000, t: 0.011077 0.005284 -0.001670 q: 0.999518 0.029469 -0.009707 -0.000922 
[T2gate] t=38.8920 tri=44 rej=0 xrej=0 init_replace=0 gate=0
[T2slv] t=38.8920 phase=1 init_cost=142.778 final_cost=138.181 iters=9 term=1 slv_ms=7.7
[T2diag] t=38.8920 P=[0.0109 0.0053 -0.0017] V=[0.0001 0.0000 -0.0003] |Bas|=0.614930 |Bgs|=0.0003864 tic0=[0.1200 0.0500 -0.0200] tic1=[0.1200 -0.0500 -0.0200] td=0.00000 track=120
[E2uls] flag=1 sh_t=38.928 new_t=38.928 dP=[-0.0003 0.0003 0.0000] |dP|=0.0004 first_dt=-1.0000
time: 38.892000, t: 0.010919 0.005264 -0.001669 q: 0.999521 0.029398 -0.009663 -0.000877 
[T2depth] t=38.9960 id=48 src=motion2 u=471.0 v=320.2 depth=5.0000 depth2=-1.0000 track=2 sf=9 flag=init_neg
[T2depth] t=38.9960 id=63 src=motion2 u=428.9 v=335.3 depth=5.0000 depth2=-1.0000 track=2 sf=9 flag=init_neg
[T2gate] t=38.9960 tri=40 rej=0 xrej=0 init_replace=2 gate=0
[T2slv] t=38.9960 phase=1 init_cost=151.556 final_cost=139.221 iters=7 term=0 slv_ms=11.4
[T2diag] t=38.9960 P=[0.0111 0.0053 -0.0017] V=[-0.0018 -0.0000 0.0012] |Bas|=0.613472 |Bgs|=0.0003841 tic0=[0.1200 0.0500 -0.0200] tic1=[0.1200 -0.0500 -0.0200] td=0.00000 track=121
[E2uls] flag=1 sh_t=39.036 new_t=39.036 dP=[-0.0010 0.0002 0.0006] |dP|=0.0011 first_dt=-1.0000
time: 38.996000, t: 0.011079 0.005252 -0.001711 q: 0.999521 0.029407 -0.009622 -0.000773 
[T2depth] t=39.1280 id=2444 src=motion2 u=88.1 v=245.0 depth=0.6635 depth2=-1.0000 track=2 sf=9 flag=ok
[T2gate] t=39.1280 tri=38 rej=0 xrej=0 init_replace=0 gate=0
[T2slv] t=39.1280 phase=1 init_cost=156.448 final_cost=138.901 iters=4 term=0 slv_ms=6.4
[T2diag] t=39.1280 P=[0.0110 0.0053 -0.0017] V=[-0.0007 0.0014 0.0008] |Bas|=0.614095 |Bgs|=0.0004105 tic0=[0.1200 0.0500 -0.0200] tic1=[0.1200 -0.0500 -0.0200] td=0.00000 track=122
[E2uls] flag=1 sh_t=39.164 new_t=39.164 dP=[-0.0005 0.0002 0.0007] |dP|=0.0009 first_dt=-1.0000
time: 39.128000, t: 0.011006 0.005328 -0.001656 q: 0.999529 0.029133 -0.009548 -0.000942 
[T2depth] t=39.2280 id=2447 src=motion2 u=127.0 v=244.0 depth=0.8728 depth2=-1.0000 track=2 sf=9 flag=ok
[T2gate] t=39.2280 tri=36 rej=0 xrej=0 init_replace=0 gate=0
[T2slv] t=39.2280 phase=1 init_cost=146.041 final_cost=137.621 iters=9 term=1 slv_ms=5.8
[T2diag] t=39.2280 P=[0.0108 0.0053 -0.0017] V=[-0.0022 0.0017 0.0006] |Bas|=0.615210 |Bgs|=0.0004314 tic0=[0.1200 0.0500 -0.0200] tic1=[0.1200 -0.0500 -0.0200] td=0.00000 track=123
[E2uls] flag=1 sh_t=39.260 new_t=39.260 dP=[-0.0001 0.0005 0.0002] |dP|=0.0005 first_dt=-1.0000
time: 39.228000, t: 0.010840 0.005298 -0.001677 q: 0.999524 0.029322 -0.009535 -0.000854 
[T2gate] t=39.3280 tri=35 rej=0 xrej=0 init_replace=0 gate=0
[T2slv] t=39.3280 phase=1 init_cost=146.952 final_cost=138.459 iters=9 term=1 slv_ms=6.1
[T2diag] t=39.3280 P=[0.0108 0.0053 -0.0017] V=[-0.0019 -0.0018 -0.0020] |Bas|=0.617425 |Bgs|=0.0004491 tic0=[0.1200 0.0500 -0.0200] tic1=[0.1200 -0.0500 -0.0200] td=0.00000 track=123
[E2uls] flag=1 sh_t=39.356 new_t=39.356 dP=[-0.0002 0.0002 0.0001] |dP|=0.0004 first_dt=-1.0000
time: 39.328000, t: 0.010844 0.005256 -0.001716 q: 0.999521 0.029401 -0.009648 -0.000728 
[T2gate] t=39.4280 tri=35 rej=0 xrej=0 init_replace=0 gate=0
[T2slv] t=39.4280 phase=1 init_cost=149.131 final_cost=138.269 iters=9 term=1 slv_ms=7.0
[T2diag] t=39.4280 P=[0.0112 0.0052 -0.0017] V=[-0.0013 -0.0002 -0.0001] |Bas|=0.620358 |Bgs|=0.0004698 tic0=[0.1200 0.0500 -0.0200] tic1=[0.1200 -0.0500 -0.0200] td=0.00000 track=123
[E2uls] flag=1 sh_t=39.460 new_t=39.460 dP=[-0.0007 0.0001 -0.0006] |dP|=0.0009 first_dt=-1.0000
time: 39.428000, t: 0.011215 0.005240 -0.001671 q: 0.999515 0.029566 -0.009731 -0.000751 
[T2gate] t=39.5600 tri=35 rej=0 xrej=0 init_replace=0 gate=0
[T2slv] t=39.5600 phase=1 init_cost=147.631 final_cost=138.31 iters=9 term=1 slv_ms=5.5
[T2diag] t=39.5600 P=[0.0111 0.0053 -0.0017] V=[0.0006 0.0011 0.0008] |Bas|=0.619096 |Bgs|=0.0004537 tic0=[0.1200 0.0500 -0.0200] tic1=[0.1200 -0.0500 -0.0200] td=0.00000 track=123
[E2uls] flag=1 sh_t=39.592 new_t=39.592 dP=[0.0002 0.0003 0.0001] |dP|=0.0004 first_dt=-1.0000
time: 39.560000, t: 0.011112 0.005278 -0.001659 q: 0.999515 0.029564 -0.009702 -0.000829 
[T2xcross] t=39.6920 id=2447 est=0.8728 svd=1.4458 rel=0.3963 track=2 sf=9
[T2gate] t=39.6920 tri=35 rej=0 xrej=0 init_replace=0 gate=0
[T2slv] t=39.6920 phase=1 init_cost=144.497 final_cost=138.031 iters=8 term=0 slv_ms=13.4
[T2diag] t=39.6920 P=[0.0113 0.0053 -0.0017] V=[-0.0019 -0.0003 0.0021] |Bas|=0.615055 |Bgs|=0.0004455 tic0=[0.1200 0.0500 -0.0200] tic1=[0.1200 -0.0500 -0.0200] td=0.00000 track=123
[E2uls] flag=1 sh_t=39.728 new_t=39.728 dP=[0.0001 0.0000 0.0005] |dP|=0.0005 first_dt=-1.0000
time: 39.692000, t: 0.011273 0.005270 -0.001663 q: 0.999523 0.029288 -0.009806 -0.000787 
[T2gate] t=39.7640 tri=35 rej=0 xrej=0 init_replace=0 gate=0
[T2slv] t=39.7640 phase=1 init_cost=150.853 final_cost=138.126 iters=9 term=1 slv_ms=6.1
[T2diag] t=39.7640 P=[0.0102 0.0053 -0.0017] V=[-0.0041 -0.0006 0.0004] |Bas|=0.613051 |Bgs|=0.0004439 tic0=[0.1200 0.0500 -0.0200] tic1=[0.1200 -0.0500 -0.0200] td=0.00000 track=123
[E2uls] flag=1 sh_t=39.792 new_t=39.792 dP=[0.0006 0.0000 0.0006] |dP|=0.0008 first_dt=-1.0000
time: 39.764000, t: 0.010250 0.005303 -0.001690 q: 0.999526 0.029283 -0.009464 -0.000851 
[T2gate] t=39.8920 tri=35 rej=0 xrej=0 init_replace=0 gate=0
[T2slv] t=39.8920 phase=1 init_cost=143.835 final_cost=138.242 iters=9 term=1 slv_ms=11.3
[T2diag] t=39.8920 P=[0.0110 0.0053 -0.0017] V=[-0.0034 -0.0032 0.0018] |Bas|=0.608685 |Bgs|=0.0004379 tic0=[0.1200 0.0500 -0.0200] tic1=[0.1200 -0.0500 -0.0200] td=0.00000 track=123
[E2uls] flag=1 sh_t=39.936 new_t=39.936 dP=[-0.0021 -0.0005 0.0003] |dP|=0.0022 first_dt=-1.0000
time: 39.892000, t: 0.011042 0.005267 -0.001672 q: 0.999535 0.029023 -0.009366 -0.000796 
[T2gate] t=39.9920 tri=35 rej=0 xrej=0 init_replace=0 gate=0
[T2slv] t=39.9920 phase=1 init_cost=149.226 final_cost=138.824 iters=6 term=0 slv_ms=10.0
[T2diag] t=39.9920 P=[0.0112 0.0052 -0.0017] V=[0.0019 -0.0012 -0.0033] |Bas|=0.606046 |Bgs|=0.0004390 tic0=[0.1200 0.0500 -0.0200] tic1=[0.1200 -0.0500 -0.0200] td=0.00000 track=123
[E2uls] flag=1 sh_t=40.036 new_t=40.036 dP=[-0.0003 -0.0006 -0.0000] |dP|=0.0007 first_dt=-1.0000
time: 39.992000, t: 0.011212 0.005249 -0.001679 q: 0.999535 0.028961 -0.009546 -0.000747 
[T2gate] t=40.0920 tri=35 rej=0 xrej=0 init_replace=0 gate=0
[T2slv] t=40.0920 phase=1 init_cost=152.034 final_cost=138.721 iters=9 term=1 slv_ms=7.1
[T2diag] t=40.0920 P=[0.0110 0.0053 -0.0017] V=[-0.0013 -0.0014 0.0001] |Bas|=0.607261 |Bgs|=0.0004320 tic0=[0.1200 0.0500 -0.0200] tic1=[0.1200 -0.0500 -0.0200] td=0.00000 track=123
[E2uls] flag=1 sh_t=40.128 new_t=40.128 dP=[0.0007 -0.0005 -0.0004] |dP|=0.0009 first_dt=-1.0000
time: 40.092000, t: 0.011027 0.005305 -0.001690 q: 0.999532 0.029001 -0.009708 -0.000835 
[T2gate] t=40.1920 tri=35 rej=0 xrej=0 init_replace=0 gate=0
[T2slv] t=40.1920 phase=1 init_cost=147.013 final_cost=138.882 iters=9 term=1 slv_ms=12.0
[T2diag] t=40.1920 P=[0.0109 0.0053 -0.0017] V=[-0.0017 -0.0005 -0.0011] |Bas|=0.611514 |Bgs|=0.0004302 tic0=[0.1200 0.0500 -0.0200] tic1=[0.1200 -0.0500 -0.0200] td=0.00000 track=123
[E2uls] flag=1 sh_t=40.228 new_t=40.228 dP=[-0.0001 -0.0003 -0.0004] |dP|=0.0005 first_dt=-1.0000
time: 40.192000, t: 0.010931 0.005291 -0.001700 q: 0.999526 0.029282 -0.009442 -0.000848 
[T2gate] t=40.2920 tri=35 rej=0 xrej=0 init_replace=0 gate=0
[T2slv] t=40.2920 phase=1 init_cost=151.488 final_cost=139.158 iters=9 term=1 slv_ms=7.8
[T2diag] t=40.2920 P=[0.0112 0.0053 -0.0016] V=[0.0020 -0.0015 0.0004] |Bas|=0.610780 |Bgs|=0.0004109 tic0=[0.1200 0.0500 -0.0200] tic1=[0.1200 -0.0500 -0.0200] td=0.00000 track=123
[E2uls] flag=1 sh_t=40.328 new_t=40.328 dP=[-0.0004 -0.0003 -0.0005] |dP|=0.0007 first_dt=-1.0000
time: 40.292000, t: 0.011226 0.005324 -0.001638 q: 0.999531 0.029110 -0.009509 -0.000897 
[T2gate] t=40.3960 tri=36 rej=0 xrej=0 init_replace=0 gate=0
[T2slv] t=40.3960 phase=1 init_cost=148.203 final_cost=138.842 iters=9 term=1 slv_ms=5.7
[T2diag] t=40.3960 P=[0.0113 0.0053 -0.0016] V=[-0.0021 -0.0009 0.0013] |Bas|=0.606377 |Bgs|=0.0003968 tic0=[0.1200 0.0500 -0.0200] tic1=[0.1200 -0.0500 -0.0200] td=0.00000 track=123
[E2uls] flag=1 sh_t=40.428 new_t=40.428 dP=[-0.0001 -0.0003 0.0002] |dP|=0.0004 first_dt=-1.0000
time: 40.396000, t: 0.011348 0.005266 -0.001646 q: 0.999534 0.028933 -0.009659 -0.000812 
[T2gate] t=40.5280 tri=37 rej=0 xrej=0 init_replace=0 gate=0
[T2slv] t=40.5280 phase=1 init_cost=166.136 final_cost=138.639 iters=9 term=1 slv_ms=12.5
[T2diag] t=40.5280 P=[0.0104 0.0053 -0.0017] V=[-0.0021 -0.0006 0.0014] |Bas|=0.601553 |Bgs|=0.0003724 tic0=[0.1200 0.0500 -0.0200] tic1=[0.1200 -0.0500 -0.0200] td=0.00000 track=123
[E2uls] flag=1 sh_t=40.572 new_t=40.572 dP=[0.0005 -0.0002 0.0009] |dP|=0.0010 first_dt=-1.0000
time: 40.528000, t: 0.010393 0.005341 -0.001689 q: 0.999541 0.028823 -0.009269 -0.001031 
[T2gate] t=40.6280 tri=40 rej=0 xrej=0 init_replace=0 gate=0
[T2slv] t=40.6280 phase=1 init_cost=146.405 final_cost=137.748 iters=9 term=1 slv_ms=10.9
[T2diag] t=40.6280 P=[0.0102 0.0054 -0.0017] V=[-0.0041 -0.0006 -0.0004] |Bas|=0.603370 |Bgs|=0.0003447 tic0=[0.1200 0.0500 -0.0200] tic1=[0.1200 -0.0500 -0.0200] td=0.00000 track=120
[E2uls] flag=1 sh_t=40.672 new_t=40.672 dP=[-0.0005 -0.0003 0.0002] |dP|=0.0006 first_dt=-1.0000
time: 40.628000, t: 0.010208 0.005364 -0.001685 q: 0.999540 0.028958 -0.008940 -0.000961 
[T2depth] t=40.7280 id=54 src=motion2 u=588.0 v=363.3 depth=5.0000 depth2=-1.0000 track=2 sf=9 flag=init_neg
[T2depth] t=40.7280 id=71 src=motion2 u=464.0 v=413.6 depth=5.0000 depth2=-1.0000 track=2 sf=9 flag=init_neg
[T2depth] t=40.7280 id=130 src=motion2 u=479.0 v=441.7 depth=5.0000 depth2=-1.0000 track=2 sf=9 flag=init_neg
[T2gate] t=40.7280 tri=41 rej=0 xrej=0 init_replace=3 gate=0
[T2slv] t=40.7280 phase=1 init_cost=140.822 final_cost=138.135 iters=8 term=0 slv_ms=10.9
[T2diag] t=40.7280 P=[0.0101 0.0054 -0.0017] V=[-0.0040 0.0012 0.0005] |Bas|=0.605512 |Bgs|=0.0003186 tic0=[0.1200 0.0500 -0.0200] tic1=[0.1200 -0.0500 -0.0200] td=0.00000 track=123
[E2uls] flag=1 sh_t=40.776 new_t=40.776 dP=[-0.0001 0.0002 0.0000] |dP|=0.0002 first_dt=-1.0000
time: 40.728000, t: 0.010132 0.005357 -0.001696 q: 0.999535 0.029168 -0.008822 -0.001050 
[T2gate] t=40.8280 tri=52 rej=0 xrej=0 init_replace=0 gate=0
[T2slv] t=40.8280 phase=1 init_cost=146.684 final_cost=138.386 iters=9 term=1 slv_ms=5.5
[T2diag] t=40.8280 P=[0.0104 0.0053 -0.0017] V=[-0.0013 -0.0007 -0.0022] |Bas|=0.607336 |Bgs|=0.0003217 tic0=[0.1200 0.0500 -0.0200] tic1=[0.1200 -0.0500 -0.0200] td=0.00000 track=110
[E2uls] flag=1 sh_t=40.864 new_t=40.864 dP=[-0.0007 0.0006 0.0001] |dP|=0.0009 first_dt=-1.0000
time: 40.828000, t: 0.010380 0.005302 -0.001711 q: 0.999527 0.029461 -0.008765 -0.000937 
[T2depth] t=40.9280 id=5 src=motion2 u=616.9 v=372.4 depth=0.8961 depth2=-1.0000 track=2 sf=9 flag=ok
[T2depth] t=40.9280 id=12 src=motion2 u=386.0 v=387.6 depth=0.8204 depth2=-1.0000 track=2 sf=9 flag=ok
[T2depth] t=40.9280 id=18 src=motion2 u=559.0 v=387.5 depth=0.8598 depth2=-1.0000 track=2 sf=9 flag=ok
[T2depth] t=40.9280 id=22 src=motion2 u=504.9 v=361.4 depth=0.8288 depth2=-1.0000 track=2 sf=9 flag=ok
[T2depth] t=40.9280 id=36 src=motion2 u=609.1 v=410.5 depth=0.9309 depth2=-1.0000 track=2 sf=9 flag=ok
[T2depth] t=40.9280 id=41 src=motion2 u=433.9 v=407.6 depth=0.8382 depth2=-1.0000 track=2 sf=9 flag=ok
[T2depth] t=40.9280 id=44 src=motion2 u=615.0 v=452.7 depth=0.8962 depth2=-1.0000 track=2 sf=9 flag=ok
[T2depth] t=40.9280 id=55 src=motion2 u=519.0 v=389.5 depth=0.8279 depth2=-1.0000 track=2 sf=9 flag=ok
[T2depth] t=40.9280 id=57 src=motion2 u=578.0 v=459.7 depth=0.8776 depth2=-1.0000 track=2 sf=9 flag=ok
[T2depth] t=40.9280 id=61 src=motion2 u=579.0 v=427.6 depth=0.8780 depth2=-1.0000 track=2 sf=9 flag=ok
[T2depth] t=40.9280 id=82 src=motion2 u=635.0 v=293.0 depth=0.9146 depth2=-1.0000 track=2 sf=9 flag=ok
[T2depth] t=40.9280 id=88 src=motion2 u=638.0 v=426.5 depth=0.8797 depth2=-1.0000 track=2 sf=9 flag=ok
[T2depth] t=40.9280 id=2488 src=motion2 u=127.0 v=244.0 depth=0.6914 depth2=-1.0000 track=2 sf=9 flag=ok
[T2gate] t=40.9280 tri=54 rej=0 xrej=0 init_replace=0 gate=0
[T2slv] t=40.9280 phase=1 init_cost=144.047 final_cost=139.267 iters=9 term=1 slv_ms=6.4
[T2diag] t=40.9280 P=[0.0111 0.0053 -0.0017] V=[-0.0001 0.0005 -0.0003] |Bas|=0.608092 |Bgs|=0.0003172 tic0=[0.1200 0.0500 -0.0200] tic1=[0.1200 -0.0500 -0.0200] td=0.00000 track=119
[E2uls] flag=1 sh_t=40.960 new_t=40.960 dP=[-0.0010 0.0000 -0.0004] |dP|=0.0011 first_dt=-1.0000
time: 40.928000, t: 0.011053 0.005310 -0.001707 q: 0.999527 0.029402 -0.009020 -0.000909 
[T2depth] t=41.0280 id=14 src=motion2 u=352.0 v=346.4 depth=0.1575 depth2=-1.0000 track=2 sf=9 flag=ok
[T2depth] t=41.0280 id=90 src=motion2 u=447.0 v=446.8 depth=0.0615 depth2=-1.0000 track=2 sf=9 flag=ok
[T2depth] t=41.0280 id=1477 src=motion2 u=416.0 v=437.2 depth=0.0823 depth2=-1.0000 track=2 sf=9 flag=ok
[T2gate] t=41.0280 tri=41 rej=0 xrej=0 init_replace=0 gate=0
[T2slv] t=41.0280 phase=1 init_cost=149.4 final_cost=139.496 iters=9 term=1 slv_ms=6.3
[T2diag] t=41.0280 P=[0.0114 0.0053 -0.0017] V=[0.0020 -0.0019 -0.0007] |Bas|=0.609878 |Bgs|=0.0003347 tic0=[0.1200 0.0500 -0.0200] tic1=[0.1200 -0.0500 -0.0200] td=0.00000 track=122
[E2uls] flag=1 sh_t=41.060 new_t=41.060 dP=[-0.0000 -0.0001 -0.0004] |dP|=0.0004 first_dt=-1.0000
time: 41.028000, t: 0.011394 0.005267 -0.001707 q: 0.999521 0.029488 -0.009330 -0.000841 
[T2gate] t=41.1320 tri=38 rej=0 xrej=0 init_replace=0 gate=0
[T2slv] t=41.1320 phase=1 init_cost=161.694 final_cost=140.231 iters=9 term=1 slv_ms=4.5
[T2diag] t=41.1320 P=[0.0107 0.0053 -0.0017] V=[-0.0027 0.0001 0.0016] |Bas|=0.609416 |Bgs|=0.0003292 tic0=[0.1200 0.0500 -0.0200] tic1=[0.1200 -0.0500 -0.0200] td=0.00000 track=122
[E2uls] flag=1 sh_t=41.160 new_t=41.160 dP=[0.0013 -0.0005 0.0002] |dP|=0.0014 first_dt=-1.0000
time: 41.132000, t: 0.010656 0.005276 -0.001674 q: 0.999525 0.029345 -0.009386 -0.000915 
[T2gate] t=41.2280 tri=38 rej=0 xrej=0 init_replace=0 gate=0
[T2slv] t=41.2280 phase=1 init_cost=152.225 final_cost=139.439 iters=9 term=1 slv_ms=5.1
[T2diag] t=41.2280 P=[0.0107 0.0053 -0.0017] V=[-0.0020 -0.0021 -0.0002] |Bas|=0.608786 |Bgs|=0.0003428 tic0=[0.1200 0.0500 -0.0200] tic1=[0.1200 -0.0500 -0.0200] td=0.00000 track=121
[E2uls] flag=1 sh_t=41.256 new_t=41.256 dP=[-0.0008 0.0001 0.0004] |dP|=0.0009 first_dt=-1.0000
time: 41.228000, t: 0.010742 0.005315 -0.001730 q: 0.999524 0.029466 -0.009146 -0.000850 
[T2depth] t=41.3280 id=2514 src=motion2 u=128.0 v=244.0 depth=5.0000 depth2=-1.0000 track=2 sf=9 flag=init_neg
[T2gate] t=41.3280 tri=38 rej=0 xrej=0 init_replace=1 gate=0
[T2slv] t=41.3280 phase=1 init_cost=147.16 final_cost=139.35 iters=9 term=1 slv_ms=7.3
[T2diag] t=41.3280 P=[0.0112 0.0053 -0.0017] V=[-0.0019 0.0003 0.0004] |Bas|=0.607100 |Bgs|=0.0003480 tic0=[0.1200 0.0500 -0.0200] tic1=[0.1200 -0.0500 -0.0200] td=0.00000 track=122
[E2uls] flag=1 sh_t=41.368 new_t=41.368 dP=[-0.0016 -0.0004 -0.0002] |dP|=0.0016 first_dt=-1.0000
time: 41.328000, t: 0.011158 0.005309 -0.001664 q: 0.999531 0.029268 -0.008987 -0.000876 
[T2gate] t=41.4280 tri=38 rej=0 xrej=0 init_replace=0 gate=0
[T2slv] t=41.4280 phase=1 init_cost=148.561 final_cost=139.076 iters=7 term=0 slv_ms=8.4
[T2diag] t=41.4280 P=[0.0108 0.0053 -0.0017] V=[-0.0013 0.0016 0.0003] |Bas|=0.606098 |Bgs|=0.0003502 tic0=[0.1200 0.0500 -0.0200] tic1=[0.1200 -0.0500 -0.0200] td=0.00000 track=121
[E2uls] flag=1 sh_t=41.460 new_t=41.460 dP=[0.0003 0.0004 0.0000] |dP|=0.0004 first_dt=-1.0000
time: 41.428000, t: 0.010783 0.005341 -0.001706 q: 0.999531 0.029232 -0.009028 -0.000943 
[T2gate] t=41.5280 tri=39 rej=0 xrej=0 init_replace=0 gate=0
[T2slv] t=41.5280 phase=1 init_cost=144.939 final_cost=138.922 iters=9 term=1 slv_ms=5.0
[T2diag] t=41.5280 P=[0.0109 0.0053 -0.0017] V=[-0.0012 -0.0001 -0.0025] |Bas|=0.607338 |Bgs|=0.0003551 tic0=[0.1200 0.0500 -0.0200] tic1=[0.1200 -0.0500 -0.0200] td=0.00000 track=120
[E2uls] flag=1 sh_t=41.552 new_t=41.552 dP=[-0.0003 0.0002 -0.0003] |dP|=0.0005 first_dt=-1.0000
time: 41.528000, t: 0.010930 0.005329 -0.001699 q: 0.999529 0.029275 -0.009113 -0.000921 
[T2depth] t=41.6280 id=2526 src=motion2 u=5.1 v=244.0 depth=0.2371 depth2=-1.0000 track=2 sf=9 flag=ok
[T2gate] t=41.6280 tri=38 rej=0 xrej=0 init_replace=0 gate=0
[T2slv] t=41.6280 phase=1 init_cost=155.606 final_cost=139.107 iters=9 term=1 slv_ms=7.1
[T2diag] t=41.6280 P=[0.0109 0.0053 -0.0017] V=[-0.0020 -0.0001 -0.0007] |Bas|=0.610635 |Bgs|=0.0003443 tic0=[0.1200 0.0500 -0.0200] tic1=[0.1200 -0.0500 -0.0200] td=0.00000 track=121
[E2uls] flag=1 sh_t=41.656 new_t=41.656 dP=[-0.0003 -0.0001 -0.0007] |dP|=0.0008 first_dt=-1.0000
time: 41.628000, t: 0.010867 0.005341 -0.001701 q: 0.999520 0.029538 -0.009307 -0.000957 
[T2gate] t=41.7280 tri=39 rej=0 xrej=0 init_replace=0 gate=0
[T2slv] t=41.7280 phase=1 init_cost=143.47 final_cost=139.189 iters=9 term=1 slv_ms=4.7
[T2diag] t=41.7280 P=[0.0109 0.0053 -0.0017] V=[0.0007 0.0011 0.0007] |Bas|=0.610515 |Bgs|=0.0003281 tic0=[0.1200 0.0500 -0.0200] tic1=[0.1200 -0.0500 -0.0200] td=0.00000 track=120
[E2uls] flag=1 sh_t=41.768 new_t=41.768 dP=[-0.0002 0.0002 -0.0001] |dP|=0.0003 first_dt=-1.0000
time: 41.728000, t: 0.010930 0.005328 -0.001680 q: 0.999523 0.029438 -0.009284 -0.000919 
[T2gate] t=41.8280 tri=40 rej=0 xrej=0 init_replace=0 gate=0
[T2slv] t=41.8280 phase=1 init_cost=146.194 final_cost=139.239 iters=4 term=0 slv_ms=5.4
[T2diag] t=41.8280 P=[0.0109 0.0053 -0.0017] V=[-0.0008 -0.0011 -0.0014] |Bas|=0.610481 |Bgs|=0.0003412 tic0=[0.1200 0.0500 -0.0200] tic1=[0.1200 -0.0500 -0.0200] td=0.00000 track=120
[E2uls] flag=1 sh_t=41.860 new_t=41.860 dP=[0.0002 0.0002 0.0001] |dP|=0.0003 first_dt=-1.0000
time: 41.828000, t: 0.010936 0.005314 -0.001732 q: 0.999521 0.029472 -0.009439 -0.000872 
[T2depth] t=41.9280 id=2542 src=motion2 u=55.1 v=246.0 depth=5.0000 depth2=-1.0000 track=2 sf=9 flag=init_neg
[T2gate] t=41.9280 tri=38 rej=0 xrej=0 init_replace=1 gate=0
[T2slv] t=41.9280 phase=1 init_cost=150.502 final_cost=139.212 iters=9 term=1 slv_ms=5.9
[T2diag] t=41.9280 P=[0.0109 0.0053 -0.0017] V=[-0.0017 -0.0005 0.0006] |Bas|=0.612092 |Bgs|=0.0003479 tic0=[0.1200 0.0500 -0.0200] tic1=[0.1200 -0.0500 -0.0200] td=0.00000 track=121
[E2uls] flag=1 sh_t=41.960 new_t=41.960 dP=[-0.0005 0.0001 -0.0004] |dP|=0.0006 first_dt=-1.0000
time: 41.928000, t: 0.010940 0.005321 -0.001678 q: 0.999521 0.029494 -0.009360 -0.000879 
[T2gate] t=42.0280 tri=38 rej=0 xrej=0 init_replace=0 gate=0
[T2slv] t=42.0280 phase=1 init_cost=153.317 final_cost=138.96 iters=9 term=1 slv_ms=5.3
[T2diag] t=42.0280 P=[0.0107 0.0054 -0.0017] V=[-0.0038 -0.0003 0.0009] |Bas|=0.610783 |Bgs|=0.0003299 tic0=[0.1200 0.0500 -0.0200] tic1=[0.1200 -0.0500 -0.0200] td=0.00000 track=121
[E2uls] flag=1 sh_t=42.056 new_t=42.056 dP=[-0.0002 -0.0006 0.0001] |dP|=0.0006 first_dt=-1.0000
time: 42.028000, t: 0.010746 0.005384 -0.001688 q: 0.999524 0.029344 -0.009503 -0.000974 
[T2xcross] t=42.1280 id=2542 est=5.0000 svd=0.2257 rel=0.9549 track=2 sf=9
[T2gate] t=42.1280 tri=39 rej=0 xrej=0 init_replace=0 gate=0
[T2slv] t=42.1280 phase=1 init_cost=143.097 final_cost=138.727 iters=9 term=1 slv_ms=8.6
[T2diag] t=42.1280 P=[0.0107 0.0053 -0.0017] V=[-0.0002 -0.0007 0.0010] |Bas|=0.607933 |Bgs|=0.0003230 tic0=[0.1200 0.0500 -0.0200] tic1=[0.1200 -0.0500 -0.0200] td=0.00000 track=121
[E2uls] flag=1 sh_t=42.160 new_t=42.160 dP=[-0.0003 0.0001 0.0003] |dP|=0.0004 first_dt=-1.0000
time: 42.128000, t: 0.010744 0.005320 -0.001661 q: 0.999531 0.029138 -0.009337 -0.000806 
[T2gate] t=42.2280 tri=38 rej=0 xrej=0 init_replace=0 gate=0
[T2slv] t=42.2280 phase=1 init_cost=147.5 final_cost=138.587 iters=9 term=1 slv_ms=9.2
[T2diag] t=42.2280 P=[0.0106 0.0054 -0.0017] V=[-0.0016 0.0010 0.0004] |Bas|=0.604329 |Bgs|=0.0003279 tic0=[0.1200 0.0500 -0.0200] tic1=[0.1200 -0.0500 -0.0200] td=0.00000 track=121
[E2uls] flag=1 sh_t=42.264 new_t=42.264 dP=[0.0001 0.0001 0.0004] |dP|=0.0004 first_dt=-1.0000
time: 42.228000, t: 0.010599 0.005353 -0.001711 q: 0.999533 0.029091 -0.009328 -0.000856 
[T2gate] t=42.3600 tri=37 rej=0 xrej=0 init_replace=0 gate=0
[T2slv] t=42.3600 phase=1 init_cost=148.925 final_cost=139.102 iters=9 term=1 slv_ms=5.0
[T2diag] t=42.3600 P=[0.0107 0.0054 -0.0017] V=[-0.0006 -0.0000 0.0017] |Bas|=0.603341 |Bgs|=0.0003336 tic0=[0.1200 0.0500 -0.0200] tic1=[0.1200 -0.0500 -0.0200] td=0.00000 track=121
[E2uls] flag=1 sh_t=42.392 new_t=42.392 dP=[-0.0004 0.0004 0.0002] |dP|=0.0006 first_dt=-1.0000
time: 42.360000, t: 0.010674 0.005353 -0.001657 q: 0.999537 0.029008 -0.009096 -0.000784 
[T2gate] t=42.4920 tri=37 rej=0 xrej=0 init_replace=0 gate=0
[T2slv] t=42.4920 phase=1 init_cost=142.594 final_cost=133.912 iters=9 term=1 slv_ms=4.9
[T2diag] t=42.4920 P=[0.0108 0.0053 -0.0017] V=[-0.0032 -0.0006 0.0002] |Bas|=0.603341 |Bgs|=0.0060205 tic0=[0.1200 0.0500 -0.0200] tic1=[0.1200 -0.0500 -0.0200] td=0.00000 track=120
[E2uls] flag=1 sh_t=42.528 new_t=42.528 dP=[-0.0000 -0.0001 0.0005] |dP|=0.0005 first_dt=-1.0000
time: 42.492000, t: 0.010750 0.005323 -0.001674 q: 0.999535 0.028714 -0.010265 -0.000723 
[T2depth] t=42.5920 id=75 src=motion2 u=416.1 v=468.1 depth=5.0000 depth2=-1.0000 track=2 sf=9 flag=init_neg
[T2gate] t=42.5920 tri=37 rej=0 xrej=0 init_replace=1 gate=0
[T2slv] t=42.5920 phase=1 init_cost=138.723 final_cost=133.853 iters=9 term=1 slv_ms=4.1
[T2diag] t=42.5920 P=[0.0107 0.0053 -0.0017] V=[0.0006 0.0026 -0.0005] |Bas|=0.603341 |Bgs|=0.0070885 tic0=[0.1200 0.0500 -0.0200] tic1=[0.1200 -0.0500 -0.0200] td=0.00000 track=120
[E2uls] flag=1 sh_t=42.628 new_t=42.628 dP=[-0.0008 -0.0000 0.0000] |dP|=0.0008 first_dt=-1.0000
time: 42.592000, t: 0.010711 0.005342 -0.001668 q: 0.999533 0.028708 -0.010475 -0.000720 
[T2depth] t=42.6920 id=2570 src=motion2 u=132.0 v=476.0 depth=5.0000 depth2=-1.0000 track=2 sf=9 flag=init_neg
[T2gate] t=42.6920 tri=36 rej=0 xrej=0 init_replace=1 gate=0
[T2slv] t=42.6920 phase=1 init_cost=144.133 final_cost=133.648 iters=9 term=1 slv_ms=5.0
[T2diag] t=42.6920 P=[0.0108 0.0054 -0.0017] V=[-0.0020 0.0007 0.0016] |Bas|=0.603341 |Bgs|=0.0022154 tic0=[0.1200 0.0500 -0.0200] tic1=[0.1200 -0.0500 -0.0200] td=0.00000 track=121
[E2uls] flag=1 sh_t=42.724 new_t=42.724 dP=[-0.0004 0.0005 0.0002] |dP|=0.0007 first_dt=-1.0000
time: 42.692000, t: 0.010753 0.005359 -0.001665 q: 0.999532 0.028716 -0.010564 -0.000728 
[T2gate] t=42.7920 tri=37 rej=0 xrej=0 init_replace=0 gate=0
[T2slv] t=42.7920 phase=1 init_cost=145.7 final_cost=133.681 iters=4 term=0 slv_ms=4.5
[T2diag] t=42.7920 P=[0.0106 0.0053 -0.0017] V=[-0.0025 -0.0003 0.0011] |Bas|=0.603341 |Bgs|=0.0070317 tic0=[0.1200 0.0500 -0.0200] tic1=[0.1200 -0.0500 -0.0200] td=0.00000 track=120
[E2uls] flag=1 sh_t=42.824 new_t=42.824 dP=[-0.0009 -0.0000 0.0006] |dP|=0.0011 first_dt=-1.0000
time: 42.792000, t: 0.010587 0.005331 -0.001670 q: 0.999531 0.028728 -0.010566 -0.000717 
[T2gate] t=42.8920 tri=39 rej=0 xrej=0 init_replace=0 gate=0
[T2slv] t=42.8920 phase=1 init_cost=140.598 final_cost=133.692 iters=9 term=1 slv_ms=5.7
[T2diag] t=42.8920 P=[0.0106 0.0053 -0.0017] V=[-0.0038 -0.0008 0.0000] |Bas|=0.603341 |Bgs|=0.0056222 tic0=[0.1200 0.0500 -0.0200] tic1=[0.1200 -0.0500 -0.0200] td=0.00000 track=120
[E2uls] flag=1 sh_t=42.928 new_t=42.928 dP=[-0.0013 -0.0004 0.0004] |dP|=0.0014 first_dt=-1.0000
time: 42.892000, t: 0.010586 0.005345 -0.001670 q: 0.999531 0.028733 -0.010562 -0.000721 
[T2gate] t=42.9960 tri=39 rej=0 xrej=0 init_replace=0 gate=0
[T2slv] t=42.9960 phase=1 init_cost=141.229 final_cost=133.607 iters=9 term=1 slv_ms=6.4
[T2diag] t=42.9960 P=[0.0106 0.0054 -0.0017] V=[-0.0010 -0.0005 0.0002] |Bas|=0.603341 |Bgs|=0.0053940 tic0=[0.1200 0.0500 -0.0200] tic1=[0.1200 -0.0500 -0.0200] td=0.00000 track=120
[E2uls] flag=1 sh_t=43.032 new_t=43.032 dP=[-0.0012 -0.0003 0.0001] |dP|=0.0012 first_dt=-1.0000
time: 42.996000, t: 0.010622 0.005365 -0.001669 q: 0.999531 0.028748 -0.010556 -0.000726 
[T2gate] t=43.1280 tri=40 rej=0 xrej=0 init_replace=0 gate=0
[T2slv] t=43.1280 phase=1 init_cost=139.773 final_cost=133.551 iters=9 term=1 slv_ms=6.2
[T2diag] t=43.1280 P=[0.0106 0.0054 -0.0017] V=[-0.0015 0.0001 -0.0013] |Bas|=0.603341 |Bgs|=0.0018197 tic0=[0.1200 0.0500 -0.0200] tic1=[0.1200 -0.0500 -0.0200] td=0.00000 track=120
[E2uls] flag=1 sh_t=43.160 new_t=43.160 dP=[-0.0005 0.0001 -0.0000] |dP|=0.0005 first_dt=-1.0000
time: 43.128000, t: 0.010604 0.005363 -0.001671 q: 0.999530 0.028759 -0.010551 -0.000729 
[T2gate] t=43.2280 tri=42 rej=0 xrej=0 init_replace=0 gate=0
[T2slv] t=43.2280 phase=1 init_cost=139.319 final_cost=133.55 iters=9 term=1 slv_ms=5.6
[T2diag] t=43.2280 P=[0.0106 0.0054 -0.0017] V=[-0.0034 -0.0022 -0.0004] |Bas|=0.603341 |Bgs|=0.0040913 tic0=[0.1200 0.0500 -0.0200] tic1=[0.1200 -0.0500 -0.0200] td=0.00000 track=119
[E2uls] flag=1 sh_t=43.264 new_t=43.264 dP=[-0.0007 -0.0005 0.0000] |dP|=0.0008 first_dt=-1.0000
time: 43.228000, t: 0.010577 0.005363 -0.001672 q: 0.999530 0.028770 -0.010542 -0.000730 
[T2depth] t=43.3280 id=2604 src=motion2 u=21.0 v=242.0 depth=0.0083 depth2=-1.0000 track=2 sf=9 flag=ok
[T2gate] t=43.3280 tri=41 rej=0 xrej=0 init_replace=0 gate=0
[T2slv] t=43.3280 phase=1 init_cost=138.556 final_cost=133.076 iters=6 term=0 slv_ms=7.5
[T2diag] t=43.3280 P=[0.0104 0.0054 -0.0017] V=[-0.0000 0.0009 0.0010] |Bas|=0.603341 |Bgs|=0.0040211 tic0=[0.1200 0.0500 -0.0200] tic1=[0.1200 -0.0500 -0.0200] td=0.00000 track=120
[E2uls] flag=1 sh_t=43.360 new_t=43.360 dP=[-0.0004 -0.0002 -0.0001] |dP|=0.0004 first_dt=-1.0000
time: 43.328000, t: 0.010409 0.005380 -0.001665 q: 0.999527 0.028924 -0.010408 -0.000749 
wait for imu ... 
wait for imu ... 
wait for imu ... 
wait for imu ... 
wait for imu ... 
wait for imu ... 
wait for imu ... 
wait for imu ... 
wait for imu ... 
wait for imu ... 
wait for imu ... 
wait for imu ... 
wait for imu ... 
wait for imu ... 
wait for imu ... 
wait for imu ... 
wait for imu ... 
[T2gate] t=43.4280 tri=40 rej=0 xrej=0 init_replace=0 gate=0
[T2slv] t=43.4280 phase=1 init_cost=134.519 final_cost=132.59 iters=4 term=0 slv_ms=7.6
[T2diag] t=43.4280 P=[0.0102 0.0054 -0.0017] V=[-0.0025 0.0015 -0.0009] |Bas|=0.603341 |Bgs|=0.0024698 tic0=[0.1200 0.0500 -0.0200] tic1=[0.1200 -0.0500 -0.0200] td=0.00000 track=119
[E2uls] flag=1 sh_t=43.544 new_t=43.544 dP=[0.0003 -0.0001 -0.0005] |dP|=0.0006 first_dt=-1.0000
[33m[WARN] [1790711956.493644554, 43.551914707]: numerical unstable in preintegration[0m
time: 43.428000, t: 0.010231 0.005382 -0.001663 q: 0.999527 0.028969 -0.010334 -0.000747 
[T2gate] t=43.5280 tri=41 rej=0 xrej=0 init_replace=0 gate=0
[T2slv] t=43.5280 phase=1 init_cost=1.25044e+21 final_cost=1.25044e+21 iters=1 term=0 slv_ms=2.0
[T2diag] t=43.5280 P=[0.0095 0.0056 -0.0015] V=[-0.0118 0.0023 0.0037] |Bas|=0.603341 |Bgs|=0.0024698 tic0=[0.1200 0.0500 -0.0200] tic1=[0.1200 -0.0500 -0.0200] td=0.00000 track=119
[E2uls] flag=1 sh_t=43.552 new_t=43.552 dP=[-0.0001 0.0000 -0.0000] |dP|=0.0001 first_dt=-1.0000
time: 43.528000, t: 0.009461 0.005583 -0.001514 q: 0.999512 0.029207 -0.011058 -0.000755 
[T2depth] t=43.6280 id=2624 src=motion2 u=11.0 v=244.0 depth=0.8091 depth2=-1.0000 track=2 sf=9 flag=ok
[T2gate] t=43.6280 tri=40 rej=0 xrej=0 init_replace=0 gate=0
[T2slv] t=43.6280 phase=1 init_cost=175.797 final_cost=133.146 iters=9 term=1 slv_ms=8.6
[T2diag] t=43.6280 P=[0.0104 0.0054 -0.0017] V=[-0.0007 -0.0021 0.0003] |Bas|=0.603341 |Bgs|=0.0056885 tic0=[0.1200 0.0500 -0.0200] tic1=[0.1200 -0.0500 -0.0200] td=0.00000 track=120
[E2uls] flag=1 sh_t=43.664 new_t=43.664 dP=[-0.0034 0.0004 0.0006] |dP|=0.0035 first_dt=-1.0000
time: 43.628000, t: 0.010376 0.005377 -0.001670 q: 0.999526 0.028964 -0.010375 -0.000749 
[T2depth] t=43.7280 id=2631 src=motion2 u=286.0 v=243.0 depth=0.2875 depth2=-1.0000 track=2 sf=9 flag=ok
[T2gate] t=43.7280 tri=38 rej=0 xrej=0 init_replace=0 gate=0
[T2slv] t=43.7280 phase=1 init_cost=137.74 final_cost=132.608 iters=4 term=0 slv_ms=5.4
[T2diag] t=43.7280 P=[0.0102 0.0054 -0.0017] V=[0.0002 0.0010 0.0016] |Bas|=0.603341 |Bgs|=0.0024366 tic0=[0.1200 0.0500 -0.0200] tic1=[0.1200 -0.0500 -0.0200] td=0.00000 track=120
[E2uls] flag=1 sh_t=43.756 new_t=43.756 dP=[-0.0002 -0.0004 0.0002] |dP|=0.0005 first_dt=-1.0000
time: 43.728000, t: 0.010210 0.005381 -0.001667 q: 0.999526 0.028991 -0.010334 -0.000747 
[T2gate] t=43.8280 tri=40 rej=0 xrej=0 init_replace=0 gate=0
[T2slv] t=43.8280 phase=1 init_cost=134.558 final_cost=133.199 iters=5 term=0 slv_ms=5.3
[T2diag] t=43.8280 P=[0.0103 0.0053 -0.0017] V=[-0.0006 -0.0020 -0.0012] |Bas|=0.603341 |Bgs|=0.0060903 tic0=[0.1200 0.0500 -0.0200] tic1=[0.1200 -0.0500 -0.0200] td=0.00000 track=118
[E2uls] flag=1 sh_t=43.864 new_t=43.864 dP=[-0.0000 0.0001 -0.0000] |dP|=0.0001 first_dt=-1.0000
time: 43.828000, t: 0.010261 0.005280 -0.001683 q: 0.999529 0.028834 -0.010490 -0.000714 
[T2depth] t=43.9280 id=80 src=motion2 u=350.0 v=447.1 depth=0.1060 depth2=-1.0000 track=2 sf=9 flag=ok
[T2gate] t=43.9280 tri=38 rej=0 xrej=0 init_replace=0 gate=0
[T2slv] t=43.9280 phase=1 init_cost=180.981 final_cost=157.729 iters=9 term=1 slv_ms=6.1
[T2diag] t=43.9280 P=[0.0107 0.0053 -0.0017] V=[0.0004 0.0019 0.0001] |Bas|=0.624493 |Bgs|=0.0024080 tic0=[0.1200 0.0500 -0.0200] tic1=[0.1200 -0.0500 -0.0200] td=0.00000 track=119
[E2uls] flag=1 sh_t=43.960 new_t=43.960 dP=[-0.0009 -0.0006 -0.0000] |dP|=0.0011 first_dt=-1.0000
time: 43.928000, t: 0.010672 0.005327 -0.001713 q: 0.999547 0.028253 -0.010349 -0.000716 
[T2depth] t=44.0280 id=111 src=stereo u=263.1 v=437.7 depth=5.0000 depth2=-1.0000 track=1 sf=10 flag=init_neg
[T2gate] t=44.0280 tri=66 rej=0 xrej=0 init_replace=1 gate=0
[T2slv] t=44.0280 phase=1 init_cost=204.547 final_cost=140.262 iters=9 term=1 slv_ms=9.1
[T2diag] t=44.0280 P=[0.0108 0.0052 -0.0017] V=[-0.0026 -0.0006 0.0044] |Bas|=0.643993 |Bgs|=0.0015119 tic0=[0.1200 0.0500 -0.0200] tic1=[0.1200 -0.0500 -0.0200] td=0.00000 track=98
[E2uls] flag=1 sh_t=44.064 new_t=44.064 dP=[-0.0005 -0.0003 0.0033] |dP|=0.0034 first_dt=-1.0000
time: 44.028000, t: 0.010750 0.005245 -0.001677 q: 0.999540 0.028367 -0.010729 -0.000671 
[T2depth] t=44.1600 id=10 src=motion2 u=264.0 v=363.4 depth=0.9460 depth2=-1.0000 track=2 sf=9 flag=ok
[T2depth] t=44.1600 id=13 src=motion2 u=292.0 v=375.5 depth=0.8785 depth2=-1.0000 track=2 sf=9 flag=ok
[T2depth] t=44.1600 id=20 src=motion2 u=203.1 v=388.6 depth=1.1587 depth2=-1.0000 track=2 sf=9 flag=ok
[T2depth] t=44.1600 id=26 src=motion2 u=127.0 v=420.7 depth=1.4000 depth2=-1.0000 track=2 sf=9 flag=ok
[T2depth] t=44.1600 id=37 src=motion2 u=71.1 v=435.8 depth=1.6404 depth2=-1.0000 track=2 sf=9 flag=ok
[T2depth] t=44.1600 id=45 src=motion2 u=236.9 v=378.5 depth=1.0612 depth2=-1.0000 track=2 sf=9 flag=ok
[T2depth] t=44.1600 id=46 src=motion2 u=511.0 v=439.6 depth=1.9964 depth2=-1.0000 track=2 sf=9 flag=ok
[T2depth] t=44.1600 id=49 src=motion2 u=229.0 v=431.7 depth=1.2087 depth2=-1.0000 track=2 sf=9 flag=ok
[T2depth] t=44.1600 id=50 src=motion2 u=40.0 v=456.9 depth=1.4488 depth2=-1.0000 track=2 sf=9 flag=ok
[T2depth] t=44.1600 id=58 src=motion2 u=102.0 v=437.8 depth=1.4959 depth2=-1.0000 track=2 sf=9 flag=ok
[T2depth] t=44.1600 id=59 src=motion2 u=182.0 v=412.7 depth=1.3019 depth2=-1.0000 track=2 sf=9 flag=ok
[T2depth] t=44.1600 id=67 src=motion2 u=88.0 v=464.9 depth=1.3989 depth2=-1.0000 track=2 sf=9 flag=ok
[T2depth] t=44.1600 id=69 src=motion2 u=478.0 v=476.7 depth=1.8282 depth2=-1.0000 track=2 sf=9 flag=ok
[T2depth] t=44.1600 id=85 src=motion2 u=509.1 v=472.7 depth=2.1806 depth2=-1.0000 track=2 sf=9 flag=ok
[T2depth] t=44.1600 id=91 src=motion2 u=156.1 v=430.7 depth=1.5119 depth2=-1.0000 track=2 sf=9 flag=ok
[T2depth] t=44.1600 id=93 src=motion2 u=544.0 v=456.6 depth=2.9363 depth2=-1.0000 track=2 sf=9 flag=ok
[T2xcross] t=44.1600 id=111 est=5.0000 svd=1.1979 rel=0.7604 track=2 sf=9
[T2depth] t=44.1600 id=120 src=motion2 u=497.1 v=412.5 depth=1.7247 depth2=-1.0000 track=2 sf=9 flag=ok
[T2depth] t=44.1600 id=2653 src=motion2 u=446.0 v=127.0 depth=0.0369 depth2=-1.0000 track=2 sf=9 flag=ok
[T2depth] t=44.1600 id=2654 src=motion2 u=355.0 v=383.0 depth=0.8329 depth2=-1.0000 track=2 sf=9 flag=ok
[T2depth] t=44.1600 id=2655 src=motion2 u=30.1 v=243.0 depth=0.1598 depth2=-1.0000 track=2 sf=9 flag=ok
[T2depth] t=44.1600 id=2656 src=motion2 u=173.0 v=243.0 depth=0.1670 depth2=-1.0000 track=2 sf=9 flag=ok
[T2depth] t=44.1600 id=2662 src=motion2 u=98.0 v=266.0 depth=1.4327 depth2=-1.0000 track=2 sf=9 flag=ok
[T2depth] t=44.1600 id=2665 src=motion2 u=149.0 v=273.0 depth=1.2566 depth2=-1.0000 track=2 sf=9 flag=ok
[T2depth] t=44.1600 id=2668 src=motion2 u=416.0 v=252.0 depth=0.0292 depth2=-1.0000 track=2 sf=9 flag=ok
[T2gate] t=44.1600 tri=71 rej=0 xrej=0 init_replace=0 gate=0
[T2slv] t=44.1600 phase=1 init_cost=146.243 final_cost=141.505 iters=9 term=1 slv_ms=7.6
[T2diag] t=44.1600 P=[0.0106 0.0052 -0.0017] V=[-0.0008 0.0009 -0.0058] |Bas|=0.643446 |Bgs|=0.0020278 tic0=[0.1200 0.0500 -0.0200] tic1=[0.1200 -0.0500 -0.0200] td=0.00000 track=122
[E2uls] flag=1 sh_t=44.200 new_t=44.200 dP=[-0.0010 0.0002 -0.0004] |dP|=0.0011 first_dt=-1.0000
time: 44.160000, t: 0.010583 0.005245 -0.001666 q: 0.999542 0.028378 -0.010512 -0.000694 
[T2depth] t=44.2920 id=7 src=motion2 u=308.9 v=349.3 depth=5.0000 depth2=-1.0000 track=2 sf=9 flag=init_neg
[T2depth] t=44.2920 id=2674 src=motion2 u=621.0 v=266.0 depth=5.0000 depth2=-1.0000 track=2 sf=9 flag=init_neg
[T2gate] t=44.2920 tri=48 rej=0 xrej=0 init_replace=2 gate=0
[T2slv] t=44.2920 phase=1 init_cost=207.526 final_cost=141.724 iters=9 term=1 slv_ms=10.9
[T2diag] t=44.2920 P=[0.0106 0.0052 -0.0017] V=[0.0005 -0.0012 -0.0053] |Bas|=0.631679 |Bgs|=0.0015810 tic0=[0.1200 0.0500 -0.0200] tic1=[0.1200 -0.0500 -0.0200] td=0.00000 track=124
[E2uls] flag=1 sh_t=44.328 new_t=44.328 dP=[0.0000 0.0004 -0.0029] |dP|=0.0030 first_dt=-1.0000
time: 44.292000, t: 0.010591 0.005221 -0.001655 q: 0.999539 0.028443 -0.010583 -0.000612 
[T2gate] t=44.3920 tri=46 rej=0 xrej=0 init_replace=0 gate=0
[T2slv] t=44.3920 phase=1 init_cost=175.509 final_cost=141.469 iters=4 term=0 slv_ms=5.5
[T2diag] t=44.3920 P=[0.0105 0.0052 -0.0017] V=[0.0005 0.0005 -0.0019] |Bas|=0.636013 |Bgs|=0.0013663 tic0=[0.1200 0.0500 -0.0200] tic1=[0.1200 -0.0500 -0.0200] td=0.00000 track=123
[E2uls] flag=1 sh_t=44.424 new_t=44.424 dP=[0.0000 -0.0003 -0.0015] |dP|=0.0015 first_dt=-1.0000
time: 44.392000, t: 0.010546 0.005243 -0.001652 q: 0.999543 0.028326 -0.010578 -0.000687 
[T2depth] t=44.4920 id=2711 src=motion2 u=416.0 v=252.0 depth=5.0000 depth2=-1.0000 track=2 sf=9 flag=init_neg
[T2gate] t=44.4920 tri=45 rej=0 xrej=0 init_replace=1 gate=0
[T2slv] t=44.4920 phase=1 init_cost=162.08 final_cost=141.883 iters=4 term=0 slv_ms=5.9
[T2diag] t=44.4920 P=[0.0106 0.0052 -0.0017] V=[0.0004 0.0009 -0.0017] |Bas|=0.631388 |Bgs|=0.0011415 tic0=[0.1200 0.0500 -0.0200] tic1=[0.1200 -0.0500 -0.0200] td=0.00000 track=124
[E2uls] flag=1 sh_t=44.524 new_t=44.524 dP=[-0.0002 0.0004 -0.0008] |dP|=0.0009 first_dt=-1.0000
time: 44.492000, t: 0.010636 0.005210 -0.001665 q: 0.999538 0.028496 -0.010574 -0.000576 
[T2gate] t=44.5960 tri=46 rej=0 xrej=0 init_replace=0 gate=0
[T2slv] t=44.5960 phase=1 init_cost=148.746 final_cost=141.468 iters=9 term=1 slv_ms=11.0
[T2diag] t=44.5960 P=[0.0105 0.0053 -0.0017] V=[0.0018 0.0005 -0.0006] |Bas|=0.625087 |Bgs|=0.0014784 tic0=[0.1200 0.0500 -0.0200] tic1=[0.1200 -0.0500 -0.0200] td=0.00000 track=123
[E2uls] flag=1 sh_t=44.636 new_t=44.636 dP=[0.0003 0.0003 -0.0002] |dP|=0.0005 first_dt=-1.0000
time: 44.596000, t: 0.010524 0.005264 -0.001684 q: 0.999536 0.028511 -0.010653 -0.000696 
[T2depth] t=44.7280 id=2752 src=motion2 u=416.0 v=252.0 depth=5.0000 depth2=-1.0000 track=2 sf=9 flag=init_neg
[T2gate] t=44.7280 tri=41 rej=0 xrej=0 init_replace=1 gate=0
[T2slv] t=44.7280 phase=1 init_cost=153.744 final_cost=141.502 iters=9 term=1 slv_ms=12.5
[T2diag] t=44.7280 P=[0.0105 0.0053 -0.0016] V=[-0.0002 0.0013 -0.0006] |Bas|=0.619867 |Bgs|=0.0015500 tic0=[0.1200 0.0500 -0.0200] tic1=[0.1200 -0.0500 -0.0200] td=0.00000 track=122
[E2uls] flag=1 sh_t=44.768 new_t=44.768 dP=[0.0006 0.0005 -0.0006] |dP|=0.0010 first_dt=-1.0000
time: 44.728000, t: 0.010484 0.005251 -0.001647 q: 0.999541 0.028371 -0.010572 -0.000700 
[T2depth] t=44.8280 id=2755 src=motion2 u=127.0 v=244.0 depth=0.3562 depth2=-1.0000 track=2 sf=9 flag=ok
[T2depth] t=44.8280 id=2757 src=motion2 u=88.0 v=245.0 depth=0.4351 depth2=-1.0000 track=2 sf=9 flag=ok
[T2gate] t=44.8280 tri=33 rej=0 xrej=0 init_replace=0 gate=0
[T2slv] t=44.8280 phase=1 init_cost=150.955 final_cost=141.707 iters=9 term=1 slv_ms=9.9
[T2diag] t=44.8280 P=[0.0105 0.0052 -0.0017] V=[0.0019 0.0003 0.0005] |Bas|=0.615875 |Bgs|=0.0015738 tic0=[0.1200 0.0500 -0.0200] tic1=[0.1200 -0.0500 -0.0200] td=0.00000 track=124
[E2uls] flag=1 sh_t=44.864 new_t=44.864 dP=[0.0005 0.0005 -0.0003] |dP|=0.0007 first_dt=-1.0000
time: 44.828000, t: 0.010518 0.005246 -0.001698 q: 0.999537 0.028455 -0.010717 -0.000626 
[T2gate] t=44.9280 tri=32 rej=0 xrej=0 init_replace=0 gate=0
[T2slv] t=44.9280 phase=1 init_cost=151.97 final_cost=141.324 iters=9 term=1 slv_ms=9.1
[T2diag] t=44.9280 P=[0.0105 0.0053 -0.0017] V=[-0.0004 0.0005 0.0003] |Bas|=0.609190 |Bgs|=0.0017539 tic0=[0.1200 0.0500 -0.0200] tic1=[0.1200 -0.0500 -0.0200] td=0.00000 track=123
[E2uls] flag=1 sh_t=44.960 new_t=44.960 dP=[0.0004 0.0004 0.0003] |dP|=0.0007 first_dt=-1.0000
time: 44.928000, t: 0.010498 0.005275 -0.001660 q: 0.999538 0.028468 -0.010576 -0.000705 
[T2depth] t=45.0600 id=2761 src=motion2 u=127.0 v=244.0 depth=0.2244 depth2=-1.0000 track=2 sf=9 flag=ok
[T2gate] t=45.0600 tri=32 rej=0 xrej=0 init_replace=0 gate=0
[T2slv] t=45.0600 phase=1 init_cost=147.756 final_cost=141.664 iters=9 term=1 slv_ms=5.7
[T2diag] t=45.0600 P=[0.0105 0.0052 -0.0016] V=[0.0011 -0.0012 0.0002] |Bas|=0.608431 |Bgs|=0.0016214 tic0=[0.1200 0.0500 -0.0200] tic1=[0.1200 -0.0500 -0.0200] td=0.00000 track=124
[E2uls] flag=1 sh_t=45.096 new_t=45.096 dP=[0.0002 0.0001 0.0003] |dP|=0.0004 first_dt=-1.0000
time: 45.060000, t: 0.010508 0.005238 -0.001637 q: 0.999543 0.028323 -0.010531 -0.000641 
[T2gate] t=45.1920 tri=31 rej=0 xrej=0 init_replace=0 gate=0
[T2slv] t=45.1920 phase=1 init_cost=147.79 final_cost=141.485 iters=9 term=1 slv_ms=7.3
[T2diag] t=45.1920 P=[0.0105 0.0053 -0.0017] V=[-0.0006 0.0003 -0.0018] |Bas|=0.610524 |Bgs|=0.0014888 tic0=[0.1200 0.0500 -0.0200] tic1=[0.1200 -0.0500 -0.0200] td=0.00000 track=123
[E2uls] flag=1 sh_t=45.232 new_t=45.232 dP=[0.0005 -0.0002 0.0002] |dP|=0.0006 first_dt=-1.0000
time: 45.192000, t: 0.010477 0.005268 -0.001691 q: 0.999539 0.028392 -0.010712 -0.000705 
[T2gate] t=45.2920 tri=31 rej=0 xrej=0 init_replace=0 gate=0
[T2slv] t=45.2920 phase=1 init_cost=146.222 final_cost=141.357 iters=3 term=0 slv_ms=5.2
[T2diag] t=45.2920 P=[0.0105 0.0053 -0.0017] V=[0.0007 -0.0009 -0.0011] |Bas|=0.609528 |Bgs|=0.0015413 tic0=[0.1200 0.0500 -0.0200] tic1=[0.1200 -0.0500 -0.0200] td=0.00000 track=123
[E2uls] flag=1 sh_t=45.328 new_t=45.328 dP=[-0.0001 0.0001 -0.0003] |dP|=0.0003 first_dt=-1.0000
time: 45.292000, t: 0.010498 0.005276 -0.001655 q: 0.999539 0.028451 -0.010564 -0.000712 
[T2gate] t=45.3640 tri=31 rej=0 xrej=0 init_replace=0 gate=0
[T2slv] t=45.3640 phase=1 init_cost=148.265 final_cost=141.28 iters=4 term=0 slv_ms=5.2
[T2diag] t=45.3640 P=[0.0105 0.0053 -0.0017] V=[-0.0006 -0.0013 -0.0011] |Bas|=0.610415 |Bgs|=0.0015648 tic0=[0.1200 0.0500 -0.0200] tic1=[0.1200 -0.0500 -0.0200] td=0.00000 track=123
[E2uls] flag=1 sh_t=45.400 new_t=45.400 dP=[0.0004 -0.0002 -0.0003] |dP|=0.0005 first_dt=-1.0000
time: 45.364000, t: 0.010457 0.005281 -0.001677 q: 0.999540 0.028380 -0.010668 -0.000720 
[T2gate] t=45.4960 tri=31 rej=0 xrej=0 init_replace=0 gate=0
[T2slv] t=45.4960 phase=1 init_cost=153.325 final_cost=141.632 iters=6 term=0 slv_ms=7.8
[T2diag] t=45.4960 P=[0.0104 0.0053 -0.0017] V=[-0.0011 0.0018 -0.0015] |Bas|=0.609061 |Bgs|=0.0015803 tic0=[0.1200 0.0500 -0.0200] tic1=[0.1200 -0.0500 -0.0200] td=0.00000 track=123
[E2uls] flag=1 sh_t=45.528 new_t=45.528 dP=[0.0004 0.0003 0.0003] |dP|=0.0006 first_dt=-1.0000
time: 45.496000, t: 0.010370 0.005284 -0.001713 q: 0.999537 0.028434 -0.010762 -0.000738 
[T2gate] t=45.6280 tri=32 rej=0 xrej=0 init_replace=0 gate=0
[T2slv] t=45.6280 phase=1 init_cost=157.792 final_cost=141.463 iters=9 term=1 slv_ms=12.4
[T2diag] t=45.6280 P=[0.0104 0.0052 -0.0017] V=[0.0043 -0.0008 -0.0006] |Bas|=0.605514 |Bgs|=0.0017134 tic0=[0.1200 0.0500 -0.0200] tic1=[0.1200 -0.0500 -0.0200] td=0.00000 track=122
[E2uls] flag=1 sh_t=45.672 new_t=45.672 dP=[0.0004 0.0004 -0.0009] |dP|=0.0011 first_dt=-1.0000
time: 45.628000, t: 0.010443 0.005246 -0.001686 q: 0.999536 0.028527 -0.010637 -0.000619 
[T2depth] t=45.7600 id=2774 src=motion2 u=127.0 v=244.0 depth=5.0000 depth2=-1.0000 track=2 sf=9 flag=init_neg
[T2gate] t=45.7600 tri=32 rej=0 xrej=0 init_replace=1 gate=0
[T2slv] t=45.7600 phase=1 init_cost=157.283 final_cost=141.426 iters=5 term=0 slv_ms=8.3
[T2diag] t=45.7600 P=[0.0104 0.0053 -0.0017] V=[-0.0018 -0.0010 -0.0006] |Bas|=0.607728 |Bgs|=0.0015636 tic0=[0.1200 0.0500 -0.0200] tic1=[0.1200 -0.0500 -0.0200] td=0.00000 track=123
[E2uls] flag=1 sh_t=45.792 new_t=45.792 dP=[0.0007 -0.0004 -0.0006] |dP|=0.0010 first_dt=-1.0000
time: 45.760000, t: 0.010412 0.005298 -0.001682 q: 0.999544 0.028205 -0.010744 -0.000669 
[T2gate] t=45.8920 tri=31 rej=0 xrej=0 init_replace=0 gate=0
[T2slv] t=45.8920 phase=1 init_cost=146.88 final_cost=141.213 iters=3 term=0 slv_ms=4.3
[T2diag] t=45.8920 P=[0.0104 0.0053 -0.0017] V=[-0.0008 0.0009 0.0000] |Bas|=0.610031 |Bgs|=0.0013137 tic0=[0.1200 0.0500 -0.0200] tic1=[0.1200 -0.0500 -0.0200] td=0.00000 track=123
[E2uls] flag=1 sh_t=45.924 new_t=45.924 dP=[-0.0006 0.0003 0.0001] |dP|=0.0007 first_dt=-1.0000
time: 45.892000, t: 0.010375 0.005267 -0.001670 q: 0.999542 0.028325 -0.010620 -0.000657 
[T2gate] t=45.9960 tri=31 rej=0 xrej=0 init_replace=0 gate=0
[T2slv] t=45.9960 phase=1 init_cost=145.042 final_cost=141.405 iters=9 term=1 slv_ms=4.4
[T2diag] t=45.9960 P=[0.0104 0.0053 -0.0017] V=[-0.0009 0.0000 0.0005] |Bas|=0.612341 |Bgs|=0.0010974 tic0=[0.1200 0.0500 -0.0200] tic1=[0.1200 -0.0500 -0.0200] td=0.00000 track=123
[E2uls] flag=1 sh_t=46.028 new_t=46.028 dP=[-0.0004 0.0002 0.0000] |dP|=0.0004 first_dt=-1.0000
time: 45.996000, t: 0.010392 0.005283 -0.001652 q: 0.999545 0.028257 -0.010556 -0.000717 
[T2gate] t=46.0920 tri=31 rej=0 xrej=0 init_replace=0 gate=0
[T2slv] t=46.0920 phase=1 init_cost=149.387 final_cost=141.198 iters=9 term=1 slv_ms=7.2
[T2diag] t=46.0920 P=[0.0104 0.0053 -0.0017] V=[0.0003 0.0001 0.0003] |Bas|=0.615446 |Bgs|=0.0009277 tic0=[0.1200 0.0500 -0.0200] tic1=[0.1200 -0.0500 -0.0200] td=0.00000 track=123
[E2uls] flag=1 sh_t=46.124 new_t=46.124 dP=[-0.0000 -0.0000 0.0004] |dP|=0.0004 first_dt=-1.0000
time: 46.092000, t: 0.010379 0.005269 -0.001682 q: 0.999541 0.028339 -0.010645 -0.000680 
[T2xcross] t=46.1960 id=2774 est=5.0000 svd=0.4968 rel=0.9006 track=2 sf=9
[T2gate] t=46.1960 tri=31 rej=0 xrej=0 init_replace=0 gate=0
[T2slv] t=46.1960 phase=1 init_cost=144.71 final_cost=141.301 iters=9 term=1 slv_ms=5.4
[T2diag] t=46.1960 P=[0.0103 0.0053 -0.0017] V=[0.0011 0.0017 -0.0023] |Bas|=0.616295 |Bgs|=0.0008919 tic0=[0.1200 0.0500 -0.0200] tic1=[0.1200 -0.0500 -0.0200] td=0.00000 track=123
[E2uls] flag=1 sh_t=46.228 new_t=46.228 dP=[0.0001 0.0002 -0.0002] |dP|=0.0003 first_dt=-1.0000
time: 46.196000, t: 0.010312 0.005275 -0.001704 q: 0.999539 0.028382 -0.010723 -0.000701 
[T2gate] t=46.3280 tri=31 rej=0 xrej=0 init_replace=0 gate=0
[T2slv] t=46.3280 phase=1 init_cost=157.349 final_cost=141.576 iters=4 term=0 slv_ms=6.2
[T2diag] t=46.3280 P=[0.0104 0.0053 -0.0016] V=[0.0020 0.0020 0.0020] |Bas|=0.614612 |Bgs|=0.0008453 tic0=[0.1200 0.0500 -0.0200] tic1=[0.1200 -0.0500 -0.0200] td=0.00000 track=123
[E2uls] flag=1 sh_t=46.356 new_t=46.356 dP=[0.0003 0.0008 -0.0001] |dP|=0.0008 first_dt=-1.0000
time: 46.328000, t: 0.010422 0.005305 -0.001648 q: 0.999539 0.028449 -0.010539 -0.000725 
[T2gate] t=46.4320 tri=32 rej=0 xrej=0 init_replace=0 gate=0
[T2slv] t=46.4320 phase=1 init_cost=158.605 final_cost=140.896 iters=5 term=0 slv_ms=7.8
[T2diag] t=46.4320 P=[0.0102 0.0053 -0.0017] V=[-0.0016 0.0002 0.0015] |Bas|=0.612775 |Bgs|=0.0007981 tic0=[0.1200 0.0500 -0.0200] tic1=[0.1200 -0.0500 -0.0200] td=0.00000 track=123
[E2uls] flag=1 sh_t=46.472 new_t=46.472 dP=[0.0007 0.0007 0.0018] |dP|=0.0020 first_dt=-1.0000
time: 46.432000, t: 0.010213 0.005284 -0.001703 q: 0.999537 0.028487 -0.010699 -0.000717 
[T2depth] t=46.5320 id=2806 src=stereo u=143.0 v=231.0 depth=5.0000 depth2=-1.0000 track=1 sf=10 flag=init_neg
[T2depth] t=46.5320 id=2807 src=stereo u=198.0 v=231.0 depth=5.0000 depth2=-1.0000 track=1 sf=10 flag=init_neg
[T2gate] t=46.5320 tri=53 rej=0 xrej=0 init_replace=2 gate=0
[T2slv] t=46.5320 phase=1 init_cost=301.458 final_cost=192.4 iters=9 term=1 slv_ms=4.6
[T2diag] t=46.5320 P=[0.0124 0.0044 0.0021] V=[0.0152 -0.0218 0.1112] |Bas|=0.610540 |Bgs|=0.0007769 tic0=[0.1200 0.0500 -0.0200] tic1=[0.1200 -0.0500 -0.0200] td=0.00000 track=107
[E2uls] flag=1 sh_t=46.560 new_t=46.560 dP=[-0.0000 -0.0005 0.0061] |dP|=0.0061 first_dt=-1.0000
time: 46.532000, t: 0.012379 0.004440 0.002070 q: 0.999574 0.029159 -0.001022 0.000352 
[T2depth] t=46.6280 id=2796 src=motion2 u=290.4 v=231.0 depth=0.0823 depth2=-1.0000 track=2 sf=9 flag=ok
[T2xcross] t=46.6280 id=2806 est=5.0000 svd=0.9365 rel=0.8127 track=2 sf=9
[T2depth] t=46.6280 id=2811 src=motion2 u=488.0 v=282.0 depth=0.4195 depth2=-1.0000 track=2 sf=9 flag=ok
[T2depth] t=46.6280 id=2830 src=stereo u=357.2 v=203.6 depth=1.3564 depth2=-1.0000 track=1 sf=10 flag=ok
[T2depth] t=46.6280 id=2851 src=stereo u=82.3 v=237.8 depth=1.0566 depth2=-1.0000 track=1 sf=10 flag=ok
[T2depth] t=46.6280 id=2852 src=stereo u=437.8 v=240.4 depth=1.2860 depth2=-1.0000 track=1 sf=10 flag=ok
[T2depth] t=46.6280 id=2862 src=stereo u=184.0 v=208.0 depth=3.4566 depth2=-1.0000 track=1 sf=10 flag=ok
[T2depth] t=46.6280 id=2867 src=stereo u=406.0 v=203.0 depth=3.2482 depth2=-1.0000 track=1 sf=10 flag=ok
[T2depth] t=46.6280 id=2868 src=stereo u=99.0 v=211.0 depth=1.0684 depth2=-1.0000 track=1 sf=10 flag=ok
[T2gate] t=46.6280 tri=105 rej=0 xrej=0 init_replace=0 gate=0
[T2slv] t=46.6280 phase=1 init_cost=1855.01 final_cost=593.867 iters=9 term=1 slv_ms=6.7
[T2diag] t=46.6280 P=[0.0160 0.0025 0.0118] V=[0.0569 -0.0322 0.1594] |Bas|=0.646643 |Bgs|=0.0020047 tic0=[0.1200 0.0500 -0.0200] tic1=[0.1200 -0.0500 -0.0200] td=0.00000 track=80
[E2uls] flag=1 sh_t=46.664 new_t=46.664 dP=[0.0034 -0.0037 0.0165] |dP|=0.0173 first_dt=-1.0000
time: 46.628000, t: 0.015990 0.002531 0.011845 q: 0.998796 0.040927 0.026969 0.001970 
[T2depth] t=46.7280 id=4 src=motion2 u=225.1 v=346.0 depth=0.1491 depth2=-1.0000 track=2 sf=9 flag=ok
[T2depth] t=46.7280 id=73 src=motion2 u=121.8 v=268.4 depth=0.3040 depth2=-1.0000 track=2 sf=9 flag=ok
[T2depth] t=46.7280 id=94 src=motion2 u=44.6 v=274.9 depth=0.3072 depth2=-1.0000 track=2 sf=9 flag=ok
[T2depth] t=46.7280 id=101 src=motion2 u=203.6 v=260.9 depth=0.3264 depth2=-1.0000 track=2 sf=9 flag=ok
[T2depth] t=46.7280 id=104 src=motion2 u=284.8 v=249.1 depth=0.1470 depth2=-1.0000 track=2 sf=9 flag=ok
[T2depth] t=46.7280 id=109 src=motion2 u=77.7 v=274.0 depth=0.2865 depth2=-1.0000 track=2 sf=9 flag=ok
[T2depth] t=46.7280 id=256 src=motion2 u=468.8 v=234.6 depth=0.4192 depth2=-1.0000 track=2 sf=9 flag=ok
[T2depth] t=46.7280 id=2823 src=motion2 u=120.0 v=332.1 depth=0.1637 depth2=-1.0000 track=2 sf=9 flag=ok
[T2depth] t=46.7280 id=2824 src=motion2 u=350.8 v=401.8 depth=0.1041 depth2=-1.0000 track=2 sf=9 flag=ok
[T2depth] t=46.7280 id=2826 src=motion2 u=173.1 v=310.5 depth=0.1928 depth2=-1.0000 track=2 sf=9 flag=ok
[T2depth] t=46.7280 id=2831 src=motion2 u=318.6 v=204.7 depth=0.8354 depth2=-1.0000 track=2 sf=9 flag=ok
[T2depth] t=46.7280 id=2834 src=motion2 u=412.1 v=297.3 depth=0.2072 depth2=-1.0000 track=2 sf=9 flag=ok
[T2depth] t=46.7280 id=2835 src=motion2 u=202.1 v=368.6 depth=0.1251 depth2=-1.0000 track=2 sf=9 flag=ok
[T2depth] t=46.7280 id=2841 src=motion2 u=349.5 v=305.8 depth=0.1840 depth2=-1.0000 track=2 sf=9 flag=ok
[T2depth] t=46.7280 id=2846 src=motion2 u=591.8 v=393.1 depth=0.1064 depth2=-1.0000 track=2 sf=9 flag=ok
[T2xcross] t=46.7280 id=2851 est=1.0566 svd=0.5366 rel=0.4922 track=2 sf=9
[T2depth] t=46.7280 id=2854 src=motion2 u=493.0 v=330.0 depth=0.1568 depth2=-1.0000 track=2 sf=9 flag=ok
[T2depth] t=46.7280 id=2856 src=motion2 u=387.0 v=366.0 depth=0.1259 depth2=-1.0000 track=2 sf=9 flag=ok
[T2depth] t=46.7280 id=2859 src=motion2 u=447.0 v=114.0 depth=5.0000 depth2=-1.0000 track=2 sf=9 flag=init_neg
[T2depth] t=46.7280 id=2861 src=motion2 u=552.0 v=318.0 depth=0.1683 depth2=-1.0000 track=2 sf=9 flag=ok
[T2xcross] t=46.7280 id=2862 est=3.4566 svd=1.9172 rel=0.4454 track=2 sf=9
[T2depth] t=46.7280 id=2872 src=motion2 u=444.0 v=393.0 depth=0.1074 depth2=-1.0000 track=2 sf=9 flag=ok
[T2depth] t=46.7280 id=2873 src=motion2 u=600.0 v=278.0 depth=0.2350 depth2=-1.0000 track=2 sf=9 flag=ok
[T2depth] t=46.7280 id=2880 src=motion2 u=508.0 v=236.0 depth=0.3869 depth2=-1.0000 track=2 sf=9 flag=ok
[T2depth] t=46.7280 id=2 src=stereo u=180.5 v=374.5 depth=5.0000 depth2=-1.0000 track=1 sf=10 flag=init_neg
[T2depth] t=46.7280 id=2906 src=stereo u=61.8 v=201.7 depth=1.5993 depth2=-1.0000 track=1 sf=10 flag=ok
[T2depth] t=46.7280 id=2911 src=stereo u=110.2 v=198.9 depth=1.9670 depth2=-1.0000 track=1 sf=10 flag=ok
[T2depth] t=46.7280 id=2933 src=stereo u=47.0 v=369.0 depth=5.0000 depth2=-1.0000 track=1 sf=10 flag=init_neg
[T2depth] t=46.7280 id=2947 src=stereo u=490.0 v=193.0 depth=2.8196 depth2=-1.0000 track=1 sf=10 flag=ok
[T2depth] t=46.7280 id=2951 src=stereo u=619.0 v=218.0 depth=0.8709 depth2=-1.0000 track=1 sf=10 flag=ok
[T2gate] t=46.7280 tri=150 rej=0 xrej=0 init_replace=3 gate=0
[T2slv] t=46.7280 phase=1 init_cost=2296.48 final_cost=324.969 iters=9 term=1 slv_ms=9.5
[T2diag] t=46.7280 P=[0.0318 -0.0047 0.0486] V=[0.1784 -0.0770 0.2807] |Bas|=0.643709 |Bgs|=0.0030172 tic0=[0.1200 0.0500 -0.0200] tic1=[0.1200 -0.0500 -0.0200] td=0.00000 track=72
[E2uls] flag=1 sh_t=46.764 new_t=46.764 dP=[0.0006 -0.0003 -0.0132] |dP|=0.0132 first_dt=-1.0000
time: 46.728000, t: 0.031774 -0.004711 0.048615 q: 0.997415 0.050020 0.051542 0.002073 
[T2depth] t=46.8600 id=2881 src=motion2 u=280.8 v=358.9 depth=0.2447 depth2=-1.0000 track=2 sf=9 flag=ok
[T2depth] t=46.8600 id=2882 src=motion2 u=282.8 v=287.1 depth=0.4083 depth2=-1.0000 track=2 sf=9 flag=ok
[T2depth] t=46.8600 id=2891 src=motion2 u=363.4 v=291.6 depth=0.3725 depth2=-1.0000 track=2 sf=9 flag=ok
[T2depth] t=46.8600 id=2898 src=motion2 u=407.8 v=267.9 depth=0.4477 depth2=-1.0000 track=2 sf=9 flag=ok
[T2depth] t=46.8600 id=2901 src=motion2 u=95.9 v=307.2 depth=0.3745 depth2=-1.0000 track=2 sf=9 flag=ok
[T2depth] t=46.8600 id=2905 src=motion2 u=489.0 v=290.5 depth=0.3306 depth2=-1.0000 track=2 sf=9 flag=ok
[T2depth] t=46.8600 id=2931 src=motion2 u=407.2 v=228.9 depth=0.7240 depth2=-1.0000 track=2 sf=9 flag=ok
[T2depth] t=46.8600 id=2936 src=motion2 u=444.0 v=310.0 depth=0.3228 depth2=-1.0000 track=2 sf=9 flag=ok
[T2depth] t=46.8600 id=2949 src=motion2 u=567.0 v=223.0 depth=0.6948 depth2=-1.0000 track=2 sf=9 flag=ok
[T2xcross] t=46.8600 id=2951 est=0.8709 svd=0.6842 rel=0.2143 track=2 sf=9
[T2depth] t=46.8600 id=2959 src=stereo u=431.0 v=434.2 depth=23.1338 depth2=-1.0000 track=1 sf=10 flag=ok
[T2depth] t=46.8600 id=3003 src=stereo u=106.0 v=365.2 depth=8.5167 depth2=-1.0000 track=1 sf=10 flag=ok
[T2depth] t=46.8600 id=3021 src=stereo u=399.2 v=196.9 depth=8.0942 depth2=-1.0000 track=1 sf=10 flag=ok
[T2depth] t=46.8600 id=3038 src=stereo u=541.0 v=305.0 depth=3.2347 depth2=-1.0000 track=1 sf=10 flag=ok
[T2depth] t=46.8600 id=3052 src=stereo u=621.0 v=299.0 depth=0.6358 depth2=-1.0000 track=1 sf=10 flag=ok
[T2depth] t=46.8600 id=3063 src=stereo u=425.0 v=357.0 depth=2.8269 depth2=-1.0000 track=1 sf=10 flag=ok
[T2depth] t=46.8600 id=3067 src=stereo u=204.0 v=300.0 depth=5.0000 depth2=-1.0000 track=1 sf=10 flag=init_neg
[T2depth] t=46.8600 id=3081 src=stereo u=445.0 v=123.0 depth=3.6791 depth2=-1.0000 track=1 sf=10 flag=ok
[T2depth] t=46.8600 id=3090 src=stereo u=164.0 v=204.0 depth=3.8171 depth2=-1.0000 track=1 sf=10 flag=ok
[T2depth] t=46.8600 id=3092 src=stereo u=360.0 v=197.0 depth=4.0827 depth2=-1.0000 track=1 sf=10 flag=ok
[T2depth] t=46.8600 id=3095 src=stereo u=239.0 v=201.0 depth=5.4825 depth2=-1.0000 track=1 sf=10 flag=ok
[T2depth] t=46.8600 id=3100 src=stereo u=121.0 v=262.0 depth=0.9618 depth2=-1.0000 track=1 sf=10 flag=ok
[T2gate] t=46.8600 tri=218 rej=0 xrej=0 init_replace=1 gate=0
[T2slv] t=46.8600 phase=1 init_cost=358.485 final_cost=308.907 iters=9 term=1 slv_ms=9.7
[T2diag] t=46.8600 P=[0.0700 -0.0212 0.0956] V=[0.3310 -0.1274 0.2891] |Bas|=0.780308 |Bgs|=0.0031235 tic0=[0.1200 0.0500 -0.0200] tic1=[0.1200 -0.0500 -0.0200] td=0.00000 track=28
[E2uls] flag=1 sh_t=46.904 new_t=46.904 dP=[0.0085 -0.0014 -0.0034] |dP|=0.0092 first_dt=-1.0000
time: 46.860000, t: 0.069996 -0.021158 0.095614 q: 0.996817 0.054135 0.058508 0.001128 
[T2depth] t=46.9920 id=84 src=motion2 u=519.0 v=332.5 depth=0.4874 depth2=-1.0000 track=2 sf=9 flag=ok
[T2depth] t=46.9920 id=2985 src=motion2 u=472.5 v=278.3 depth=0.7617 depth2=-1.0000 track=2 sf=9 flag=ok
[T2depth] t=46.9920 id=2989 src=motion2 u=391.9 v=357.4 depth=0.4206 depth2=-1.0000 track=2 sf=9 flag=ok
[T2depth] t=46.9920 id=2993 src=motion2 u=476.8 v=316.9 depth=0.5611 depth2=-1.0000 track=2 sf=9 flag=ok
[T2depth] t=46.9920 id=2999 src=motion2 u=86.0 v=289.6 depth=0.7949 depth2=-1.0000 track=2 sf=9 flag=ok
[T2depth] t=46.9920 id=3015 src=motion2 u=169.3 v=279.8 depth=0.8543 depth2=-1.0000 track=2 sf=9 flag=ok
[T2depth] t=46.9920 id=3017 src=motion2 u=203.5 v=344.5 depth=0.3177 depth2=-1.0000 track=2 sf=9 flag=ok
[T2depth] t=46.9920 id=3027 src=motion2 u=357.3 v=256.0 depth=0.9734 depth2=-1.0000 track=2 sf=9 flag=ok
[T2depth] t=46.9920 id=3033 src=motion2 u=602.0 v=359.0 depth=5.0000 depth2=-1.0000 track=2 sf=9 flag=init_neg
[T2depth] t=46.9920 id=3071 src=motion2 u=175.0 v=428.0 depth=5.0000 depth2=-1.0000 track=2 sf=9 flag=init_neg
[T2depth] t=46.9920 id=3074 src=motion2 u=533.0 v=276.0 depth=0.7614 depth2=-1.0000 track=2 sf=9 flag=ok
[T2depth] t=46.9920 id=3079 src=motion2 u=599.0 v=273.0 depth=0.7808 depth2=-1.0000 track=2 sf=9 flag=ok
[T2depth] t=46.9920 id=3087 src=motion2 u=185.0 v=254.0 depth=1.0795 depth2=-1.0000 track=2 sf=9 flag=ok
[T2depth] t=46.9920 id=3091 src=motion2 u=470.0 v=248.0 depth=1.1537 depth2=-1.0000 track=2 sf=9 flag=ok
[T2depth] t=46.9920 id=3096 src=motion2 u=515.0 v=250.0 depth=1.0047 depth2=-1.0000 track=2 sf=9 flag=ok
[T2depth] t=46.9920 id=3099 src=motion2 u=152.0 v=255.0 depth=1.1938 depth2=-1.0000 track=2 sf=9 flag=ok
[T2xcross] t=46.9920 id=3100 est=0.9618 svd=0.9866 rel=0.0251 track=2 sf=9
[T2depth] t=46.9920 id=3156 src=stereo u=316.0 v=330.5 depth=5.0000 depth2=-1.0000 track=1 sf=10 flag=init_neg
[T2depth] t=46.9920 id=3165 src=stereo u=147.1 v=235.2 depth=7.9761 depth2=-1.0000 track=1 sf=10 flag=ok
[T2depth] t=46.9920 id=3167 src=stereo u=302.2 v=297.8 depth=1.0852 depth2=-1.0000 track=1 sf=10 flag=ok
[T2depth] t=46.9920 id=3174 src=stereo u=448.0 v=30.0 depth=3.7444 depth2=-1.0000 track=1 sf=10 flag=ok
[T2depth] t=46.9920 id=3217 src=stereo u=445.0 v=194.0 depth=3.2527 depth2=-1.0000 track=1 sf=10 flag=ok
[T2depth] t=46.9920 id=3220 src=stereo u=446.0 v=155.0 depth=3.6387 depth2=-1.0000 track=1 sf=10 flag=ok
[T2depth] t=46.9920 id=3221 src=stereo u=447.0 v=76.0 depth=3.7414 depth2=-1.0000 track=1 sf=10 flag=ok
[T2depth] t=46.9920 id=3224 src=stereo u=99.0 v=235.0 depth=7.3419 depth2=-1.0000 track=1 sf=10 flag=ok
[T2depth] t=46.9920 id=3226 src=stereo u=595.0 v=294.0 depth=1.1673 depth2=-1.0000 track=1 sf=10 flag=ok
[T2depth] t=46.9920 id=3230 src=stereo u=395.0 v=237.0 depth=8.0381 depth2=-1.0000 track=1 sf=10 flag=ok
[T2gate] t=46.9920 tri=275 rej=0 xrej=0 init_replace=3 gate=0
[T2slv] t=46.9920 phase=1 init_cost=569.606 final_cost=279.751 iters=9 term=1 slv_ms=11.0
[T2diag] t=46.9920 P=[0.1187 -0.0406 0.1265] V=[0.3976 -0.1374 0.1615] |Bas|=0.822921 |Bgs|=0.0030779 tic0=[0.1200 0.0500 -0.0200] tic1=[0.1200 -0.0500 -0.0200] td=0.00000 track=26
[E2uls] flag=1 sh_t=47.040 new_t=47.040 dP=[0.0202 -0.0035 0.0029] |dP|=0.0207 first_dt=-1.0000
time: 46.992000, t: 0.118721 -0.040561 0.126463 q: 0.999039 0.037489 0.022691 -0.000492 
[T2depth] t=47.0920 id=2075 src=motion2 u=252.7 v=317.4 depth=1.0672 depth2=-1.0000 track=2 sf=9 flag=ok
[T2depth] t=47.0920 id=3117 src=motion2 u=173.8 v=364.3 depth=0.6743 depth2=-1.0000 track=2 sf=9 flag=ok
[T2depth] t=47.0920 id=3140 src=motion2 u=219.2 v=347.5 depth=0.7815 depth2=-1.0000 track=2 sf=9 flag=ok
[T2depth] t=47.0920 id=3142 src=motion2 u=248.2 v=367.0 depth=0.6984 depth2=-1.0000 track=2 sf=9 flag=ok
[T2depth] t=47.0920 id=3152 src=motion2 u=206.8 v=315.6 depth=1.0627 depth2=-1.0000 track=2 sf=9 flag=ok
[T2depth] t=47.0920 id=3155 src=motion2 u=60.3 v=446.2 depth=5.0000 depth2=-1.0000 track=2 sf=9 flag=init_neg
[T2xcross] t=47.0920 id=3156 est=5.0000 svd=0.9937 rel=0.8013 track=2 sf=9
[T2xcross] t=47.0920 id=3167 est=1.0852 svd=1.4627 rel=0.2581 track=2 sf=9
[T2depth] t=47.0920 id=3168 src=motion2 u=420.0 v=296.7 depth=1.6491 depth2=-1.0000 track=2 sf=9 flag=ok
[T2depth] t=47.0920 id=3172 src=motion2 u=201.0 v=410.0 depth=0.5197 depth2=-1.0000 track=2 sf=9 flag=ok
[T2depth] t=47.0920 id=3175 src=motion2 u=312.0 v=408.0 depth=5.0000 depth2=-1.0000 track=2 sf=9 flag=init_neg
[T2depth] t=47.0920 id=3180 src=motion2 u=437.0 v=415.0 depth=5.0000 depth2=-1.0000 track=2 sf=9 flag=init_neg
[T2depth] t=47.0920 id=3184 src=motion2 u=505.0 v=363.0 depth=0.7724 depth2=-1.0000 track=2 sf=9 flag=ok
[T2depth] t=47.0920 id=3192 src=motion2 u=351.0 v=388.0 depth=5.0000 depth2=-1.0000 track=2 sf=9 flag=init_neg
[T2depth] t=47.0920 id=3193 src=motion2 u=504.0 v=399.0 depth=0.5901 depth2=-1.0000 track=2 sf=9 flag=ok
[T2depth] t=47.0920 id=3200 src=motion2 u=88.0 v=363.0 depth=0.6635 depth2=-1.0000 track=2 sf=9 flag=ok
[T2depth] t=47.0920 id=3201 src=motion2 u=270.0 v=391.0 depth=5.0000 depth2=-1.0000 track=2 sf=9 flag=init_neg
[T2depth] t=47.0920 id=3205 src=motion2 u=350.0 v=352.0 depth=0.0320 depth2=-1.0000 track=2 sf=9 flag=ok
[T2depth] t=47.0920 id=3206 src=motion2 u=208.0 v=375.0 depth=0.6440 depth2=-1.0000 track=2 sf=9 flag=ok
[T2depth] t=47.0920 id=3211 src=motion2 u=437.0 v=334.0 depth=0.9823 depth2=-1.0000 track=2 sf=9 flag=ok
[T2depth] t=47.0920 id=3216 src=motion2 u=490.0 v=329.0 depth=1.0776 depth2=-1.0000 track=2 sf=9 flag=ok
[T2depth] t=47.0920 id=3219 src=motion2 u=277.0 v=339.0 depth=0.9036 depth2=-1.0000 track=2 sf=9 flag=ok
[T2xcross] t=47.0920 id=3220 est=3.6387 svd=0.1577 rel=0.9567 track=2 sf=9
[T2depth] t=47.0920 id=3223 src=motion2 u=183.0 v=335.0 depth=0.8745 depth2=-1.0000 track=2 sf=9 flag=ok
[T2xcross] t=47.0920 id=3226 est=1.1673 svd=1.6231 rel=0.2808 track=2 sf=9
[T2depth] t=47.0920 id=3227 src=motion2 u=15.0 v=235.0 depth=5.7765 depth2=-1.0000 track=2 sf=9 flag=ok
[T2xcross] t=47.0920 id=3230 est=8.0381 svd=16.1905 rel=0.5035 track=2 sf=9
[T2depth] t=47.0920 id=3232 src=motion2 u=351.0 v=237.0 depth=1.3756 depth2=-1.0000 track=2 sf=9 flag=ok
[T2depth] t=47.0920 id=3260 src=stereo u=88.3 v=258.2 depth=7.4449 depth2=-1.0000 track=1 sf=10 flag=ok
[T2depth] t=47.0920 id=3263 src=stereo u=470.0 v=289.1 depth=3.0175 depth2=-1.0000 track=1 sf=10 flag=ok
[T2depth] t=47.0920 id=3265 src=stereo u=206.8 v=319.2 depth=1.2228 depth2=-1.0000 track=1 sf=10 flag=ok
[T2depth] t=47.0920 id=3266 src=stereo u=562.1 v=333.0 depth=1.2123 depth2=-1.0000 track=1 sf=10 flag=ok
[T2depth] t=47.0920 id=3279 src=stereo u=451.0 v=411.0 depth=3.8434 depth2=-1.0000 track=1 sf=10 flag=ok
[T2depth] t=47.0920 id=3280 src=stereo u=339.0 v=478.0 depth=5.0000 depth2=-1.0000 track=1 sf=10 flag=init_neg
[T2depth] t=47.0920 id=3294 src=stereo u=447.0 v=208.0 depth=3.7426 depth2=-1.0000 track=1 sf=10 flag=ok
[T2depth] t=47.0920 id=3295 src=stereo u=447.0 v=177.0 depth=3.7192 depth2=-1.0000 track=1 sf=10 flag=ok
[T2depth] t=47.0920 id=3296 src=stereo u=448.0 v=137.0 depth=3.7022 depth2=-1.0000 track=1 sf=10 flag=ok
[T2depth] t=47.0920 id=3297 src=stereo u=449.0 v=98.0 depth=3.7518 depth2=-1.0000 track=1 sf=10 flag=ok
[T2depth] t=47.0920 id=3302 src=stereo u=152.0 v=261.0 depth=7.7823 depth2=-1.0000 track=1 sf=10 flag=ok
[T2depth] t=47.0920 id=3305 src=stereo u=258.0 v=264.0 depth=7.6819 depth2=-1.0000 track=1 sf=10 flag=ok
[T2depth] t=47.0920 id=3307 src=stereo u=56.0 v=257.0 depth=7.6779 depth2=-1.0000 track=1 sf=10 flag=ok
[T2depth] t=47.0920 id=3308 src=stereo u=518.0 v=326.0 depth=1.2807 depth2=-1.0000 track=1 sf=10 flag=ok
[T2gate] t=47.0920 tri=302 rej=0 xrej=0 init_replace=6 gate=0
[T2slv] t=47.0920 phase=1 init_cost=265.508 final_cost=213.231 iters=9 term=1 slv_ms=8.4
[T2diag] t=47.0920 P=[0.1567 -0.0513 0.1317] V=[0.3925 -0.1072 0.0464] |Bas|=0.792582 |Bgs|=0.0030287 tic0=[0.1200 0.0500 -0.0200] tic1=[0.1200 -0.0500 -0.0200] td=0.00000 track=41
[E2uls] flag=1 sh_t=47.128 new_t=47.128 dP=[0.0139 -0.0048 0.0071] |dP|=0.0164 first_dt=-1.0000
time: 47.092000, t: 0.156665 -0.051300 0.131656 q: 0.999673 0.022014 -0.013020 -0.000794 
[T2xcross] t=47.1640 id=3174 est=3.7444 svd=1.1159 rel=0.7020 track=3 sf=8
[T2depth] t=47.1640 id=2873 src=motion2 u=565.8 v=438.4 depth=0.7361 depth2=-1.0000 track=2 sf=9 flag=ok
[T2depth] t=47.1640 id=3247 src=motion2 u=42.7 v=343.3 depth=1.1359 depth2=-1.0000 track=2 sf=9 flag=ok
[T2depth] t=47.1640 id=3255 src=motion2 u=247.1 v=324.2 depth=1.9251 depth2=-1.0000 track=2 sf=9 flag=ok
[T2depth] t=47.1640 id=3261 src=motion2 u=334.7 v=322.5 depth=3.4109 depth2=-1.0000 track=2 sf=9 flag=ok
[T2depth] t=47.1640 id=3264 src=motion2 u=366.6 v=327.4 depth=4.0634 depth2=-1.0000 track=2 sf=9 flag=ok
[T2xcross] t=47.1640 id=3265 est=1.2228 svd=1.8132 rel=0.3256 track=2 sf=9
[T2xcross] t=47.1640 id=3266 est=1.2123 svd=2.1234 rel=0.4291 track=2 sf=9
[T2depth] t=47.1640 id=3268 src=motion2 u=81.0 v=433.0 depth=0.5797 depth2=-1.0000 track=2 sf=9 flag=ok
[T2depth] t=47.1640 id=3271 src=motion2 u=404.0 v=442.0 depth=0.7800 depth2=-1.0000 track=2 sf=9 flag=ok
[T2depth] t=47.1640 id=3274 src=motion2 u=115.0 v=431.0 depth=0.6063 depth2=-1.0000 track=2 sf=9 flag=ok
[T2depth] t=47.1640 id=3275 src=motion2 u=28.0 v=379.0 depth=0.8110 depth2=-1.0000 track=2 sf=9 flag=ok
[T2depth] t=47.1640 id=3276 src=motion2 u=320.0 v=421.0 depth=0.7907 depth2=-1.0000 track=2 sf=9 flag=ok
[T2depth] t=47.1640 id=3278 src=motion2 u=339.0 v=395.0 depth=1.0526 depth2=-1.0000 track=2 sf=9 flag=ok
[T2xcross] t=47.1640 id=3279 est=3.8434 svd=1.0128 rel=0.7365 track=2 sf=9
[T2depth] t=47.1640 id=3284 src=motion2 u=546.0 v=403.0 depth=0.9809 depth2=-1.0000 track=2 sf=9 flag=ok
[T2depth] t=47.1640 id=3286 src=motion2 u=257.0 v=436.0 depth=0.6798 depth2=-1.0000 track=2 sf=9 flag=ok
[T2depth] t=47.1640 id=3287 src=motion2 u=87.0 v=381.0 depth=0.8384 depth2=-1.0000 track=2 sf=9 flag=ok
[T2depth] t=47.1640 id=3289 src=motion2 u=612.0 v=439.0 depth=0.6850 depth2=-1.0000 track=2 sf=9 flag=ok
[T2depth] t=47.1640 id=3290 src=motion2 u=115.0 v=363.0 depth=0.9418 depth2=-1.0000 track=2 sf=9 flag=ok
[T2depth] t=47.1640 id=3291 src=motion2 u=594.0 v=411.0 depth=0.8932 depth2=-1.0000 track=2 sf=9 flag=ok
[T2xcross] t=47.1640 id=3294 est=3.7426 svd=0.5286 rel=0.8588 track=2 sf=9
[T2xcross] t=47.1640 id=3295 est=3.7192 svd=0.0022 rel=0.9994 track=2 sf=9
[T2xcross] t=47.1640 id=3297 est=3.7518 svd=13.3077 rel=0.7181 track=2 sf=9
[T2depth] t=47.1640 id=3300 src=motion2 u=368.0 v=385.0 depth=1.2487 depth2=-1.0000 track=2 sf=9 flag=ok
[T2depth] t=47.1640 id=3301 src=motion2 u=202.0 v=262.0 depth=87.3375 depth2=-1.0000 track=2 sf=9 flag=ok
[T2depth] t=47.1640 id=3304 src=motion2 u=550.0 v=371.0 depth=1.2031 depth2=-1.0000 track=2 sf=9 flag=ok
[T2xcross] t=47.1640 id=3305 est=7.6819 svd=2.8335 rel=0.6311 track=2 sf=9
[T2depth] t=47.1640 id=3306 src=motion2 u=295.0 v=266.0 depth=5.0000 depth2=-1.0000 track=2 sf=9 flag=init_neg
[T2xcross] t=47.1640 id=3308 est=1.2807 svd=2.5564 rel=0.4990 track=2 sf=9
[T2depth] t=47.1640 id=2931 src=stereo u=388.7 v=387.5 depth=0.7397 depth2=-1.0000 track=1 sf=10 flag=ok
[T2depth] t=47.1640 id=3309 src=stereo u=499.3 v=23.0 depth=2.8922 depth2=-1.0000 track=1 sf=10 flag=ok
[T2depth] t=47.1640 id=3323 src=stereo u=482.1 v=434.9 depth=1.2341 depth2=-1.0000 track=1 sf=10 flag=ok
[T2depth] t=47.1640 id=3324 src=stereo u=623.8 v=28.5 depth=24.0534 depth2=-1.0000 track=1 sf=10 flag=ok
[T2depth] t=47.1640 id=3335 src=stereo u=434.0 v=467.0 depth=4.1413 depth2=-1.0000 track=1 sf=10 flag=ok
[T2depth] t=47.1640 id=3337 src=stereo u=471.0 v=62.0 depth=3.4485 depth2=-1.0000 track=1 sf=10 flag=ok
[T2depth] t=47.1640 id=3342 src=stereo u=555.0 v=25.0 depth=2.8365 depth2=-1.0000 track=1 sf=10 flag=ok
[T2depth] t=47.1640 id=3343 src=stereo u=52.0 v=269.0 depth=5.1849 depth2=-1.0000 track=1 sf=10 flag=ok
[T2depth] t=47.1640 id=3346 src=stereo u=455.0 v=349.0 depth=1.2464 depth2=-1.0000 track=1 sf=10 flag=ok
[T2depth] t=47.1640 id=3348 src=stereo u=487.0 v=350.0 depth=1.2577 depth2=-1.0000 track=1 sf=10 flag=ok
[T2gate] t=47.1640 tri=287 rej=0 xrej=0 init_replace=1 gate=0
[T2slv] t=47.1640 phase=1 init_cost=544.151 final_cost=401.04 iters=9 term=1 slv_ms=9.8
[T2diag] t=47.1640 P=[0.1850 -0.0573 0.1304] V=[0.3667 -0.0728 -0.0201] |Bas|=0.771046 |Bgs|=0.0030629 tic0=[0.1200 0.0500 -0.0200] tic1=[0.1200 -0.0500 -0.0200] td=0.00000 track=64
[E2uls] flag=1 sh_t=47.200 new_t=47.200 dP=[0.0089 -0.0020 0.0014] |dP|=0.0093 first_dt=-1.0000
time: 47.164000, t: 0.185015 -0.057277 0.130432 q: 0.999272 0.011573 -0.036346 -0.000668 
[T2xcross] t=47.2920 id=3260 est=7.4449 svd=2.0291 rel=0.7275 track=3 sf=8
[T2xcross] t=47.2920 id=3309 est=2.8922 svd=1.3215 rel=0.5431 track=2 sf=9
[T2depth] t=47.2920 id=3318 src=motion2 u=215.4 v=410.5 depth=1.1117 depth2=-1.0000 track=2 sf=9 flag=ok
[T2depth] t=47.2920 id=3319 src=motion2 u=279.5 v=428.0 depth=1.8683 depth2=-1.0000 track=2 sf=9 flag=ok
[T2depth] t=47.2920 id=3321 src=motion2 u=618.9 v=394.9 depth=0.9464 depth2=-1.0000 track=2 sf=9 flag=ok
[T2depth] t=47.2920 id=3322 src=motion2 u=262.6 v=376.5 depth=1.3714 depth2=-1.0000 track=2 sf=9 flag=ok
[T2xcross] t=47.2920 id=3323 est=1.2341 svd=1.1665 rel=0.0548 track=2 sf=9
[T2depth] t=47.2920 id=3328 src=motion2 u=141.9 v=274.9 depth=0.9053 depth2=-1.0000 track=2 sf=9 flag=ok
[T2depth] t=47.2920 id=3331 src=motion2 u=40.3 v=389.1 depth=0.9578 depth2=-1.0000 track=2 sf=9 flag=ok
[T2depth] t=47.2920 id=3341 src=motion2 u=521.0 v=424.0 depth=0.9201 depth2=-1.0000 track=2 sf=9 flag=ok
[T2xcross] t=47.2920 id=3342 est=2.8365 svd=1.5128 rel=0.4667 track=2 sf=9
[T2depth] t=47.2920 id=3344 src=motion2 u=244.0 v=437.0 depth=1.0875 depth2=-1.0000 track=2 sf=9 flag=ok
[T2depth] t=47.2920 id=3347 src=motion2 u=52.0 v=326.0 depth=1.7019 depth2=-1.0000 track=2 sf=9 flag=ok
[T2xcross] t=47.2920 id=3348 est=1.2577 svd=0.5390 rel=0.5714 track=2 sf=9
[T2depth] t=47.2920 id=3357 src=stereo u=451.5 v=225.9 depth=3.7215 depth2=-1.0000 track=1 sf=10 flag=ok
[T2depth] t=47.2920 id=3358 src=stereo u=455.0 v=150.2 depth=3.7645 depth2=-1.0000 track=1 sf=10 flag=ok
[T2depth] t=47.2920 id=3367 src=stereo u=386.5 v=334.7 depth=1.7148 depth2=-1.0000 track=1 sf=10 flag=ok
[T2depth] t=47.2920 id=3373 src=stereo u=449.0 v=264.0 depth=3.4850 depth2=-1.0000 track=1 sf=10 flag=ok
[T2depth] t=47.2920 id=3376 src=stereo u=174.0 v=283.0 depth=3.6394 depth2=-1.0000 track=1 sf=10 flag=ok
[T2depth] t=47.2920 id=3377 src=stereo u=41.0 v=273.0 depth=5.4810 depth2=-1.0000 track=1 sf=10 flag=ok
[T2depth] t=47.2920 id=3379 src=stereo u=120.0 v=332.0 depth=1.2158 depth2=-1.0000 track=1 sf=10 flag=ok
[T2gate] t=47.2920 tri=285 rej=0 xrej=0 init_replace=0 gate=0
[T2slv] t=47.2920 phase=1 init_cost=2054.27 final_cost=963.195 iters=9 term=1 slv_ms=14.1
[T2diag] t=47.2920 P=[0.2114 -0.0568 0.0969] V=[0.2271 0.0143 -0.0746] |Bas|=0.864551 |Bgs|=0.0024766 tic0=[0.1200 0.0500 -0.0200] tic1=[0.1200 -0.0500 -0.0200] td=0.00000 track=64
[E2uls] flag=1 sh_t=47.344 new_t=47.344 dP=[0.0235 -0.0029 0.0358] |dP|=0.0430 first_dt=-1.0000
time: 47.292000, t: 0.211444 -0.056809 0.096885 q: 0.998024 0.004995 -0.062627 0.000630 
[T2xcross] t=47.3920 id=3263 est=3.0175 svd=1.5796 rel=0.4765 track=4 sf=7
[T2xcross] t=47.3920 id=2931 est=0.7397 svd=0.6285 rel=0.1504 track=3 sf=8
[T2xcross] t=47.3920 id=3324 est=24.0534 svd=3.3510 rel=0.8607 track=3 sf=8
[T2xcross] t=47.3920 id=3346 est=1.2464 svd=1.0403 rel=0.1654 track=3 sf=8
[T2depth] t=47.3920 id=3003 src=motion2 u=68.3 v=435.5 depth=0.0803 depth2=-1.0000 track=2 sf=9 flag=ok
[T2depth] t=47.3920 id=3087 src=motion2 u=130.3 v=360.7 depth=5.0000 depth2=-1.0000 track=2 sf=9 flag=init_neg
[T2depth] t=47.3920 id=3096 src=motion2 u=531.8 v=402.7 depth=0.8074 depth2=-1.0000 track=2 sf=9 flag=ok
[T2depth] t=47.3920 id=3099 src=motion2 u=99.1 v=356.1 depth=5.0000 depth2=-1.0000 track=2 sf=9 flag=init_neg
[T2depth] t=47.3920 id=3100 src=motion2 u=48.1 v=364.9 depth=5.0000 depth2=-1.0000 track=2 sf=9 flag=init_neg
[T2depth] t=47.3920 id=3349 src=motion2 u=100.0 v=417.4 depth=5.0000 depth2=-1.0000 track=2 sf=9 flag=init_neg
[T2depth] t=47.3920 id=3350 src=motion2 u=337.4 v=468.3 depth=0.2555 depth2=-1.0000 track=2 sf=9 flag=ok
[T2depth] t=47.3920 id=3352 src=motion2 u=482.4 v=63.7 depth=1.1192 depth2=-1.0000 track=2 sf=9 flag=ok
[T2depth] t=47.3920 id=3354 src=motion2 u=135.1 v=438.1 depth=0.0114 depth2=-1.0000 track=2 sf=9 flag=ok
[T2depth] t=47.3920 id=3355 src=motion2 u=34.0 v=441.9 depth=0.1794 depth2=-1.0000 track=2 sf=9 flag=ok
[T2xcross] t=47.3920 id=3357 est=3.7215 svd=2.9738 rel=0.2009 track=2 sf=9
[T2xcross] t=47.3920 id=3358 est=3.7645 svd=4.5735 rel=0.1769 track=2 sf=9
[T2depth] t=47.3920 id=3360 src=motion2 u=2.8 v=271.0 depth=5.0000 depth2=-1.0000 track=2 sf=9 flag=init_neg
[T2depth] t=47.3920 id=3363 src=motion2 u=5.5 v=332.6 depth=13.1001 depth2=-1.0000 track=2 sf=9 flag=ok
[T2depth] t=47.3920 id=3364 src=motion2 u=154.8 v=331.3 depth=5.0000 depth2=-1.0000 track=2 sf=9 flag=init_neg
[T2depth] t=47.3920 id=3365 src=motion2 u=593.4 v=335.0 depth=1.2088 depth2=-1.0000 track=2 sf=9 flag=ok
[T2depth] t=47.3920 id=3366 src=motion2 u=75.1 v=327.9 depth=5.0000 depth2=-1.0000 track=2 sf=9 flag=init_neg
[T2xcross] t=47.3920 id=3367 est=1.7148 svd=1.7975 rel=0.0460 track=2 sf=9
[T2depth] t=47.3920 id=3368 src=motion2 u=411.0 v=477.0 depth=0.3311 depth2=-1.0000 track=2 sf=9 flag=ok
[T2depth] t=47.3920 id=3369 src=motion2 u=265.0 v=474.0 depth=0.1704 depth2=-1.0000 track=2 sf=9 flag=ok
[T2depth] t=47.3920 id=3371 src=motion2 u=469.0 v=422.0 depth=0.5633 depth2=-1.0000 track=2 sf=9 flag=ok
[T2depth] t=47.3920 id=3372 src=motion2 u=172.0 v=477.0 depth=0.0914 depth2=-1.0000 track=2 sf=9 flag=ok
[T2depth] t=47.3920 id=3374 src=motion2 u=587.0 v=478.0 depth=0.4720 depth2=-1.0000 track=2 sf=9 flag=ok
[T2depth] t=47.3920 id=3375 src=motion2 u=443.0 v=392.0 depth=0.7892 depth2=-1.0000 track=2 sf=9 flag=ok
[T2depth] t=47.3920 id=3378 src=motion2 u=504.0 v=392.0 depth=0.8291 depth2=-1.0000 track=2 sf=9 flag=ok
[T2depth] t=47.3920 id=3232 src=stereo u=350.6 v=285.7 depth=1.1370 depth2=-1.0000 track=1 sf=10 flag=ok
[T2depth] t=47.3920 id=3382 src=stereo u=166.3 v=273.0 depth=4.0023 depth2=-1.0000 track=1 sf=10 flag=ok
[T2depth] t=47.3920 id=3384 src=stereo u=560.5 v=338.5 depth=1.6941 depth2=-1.0000 track=1 sf=10 flag=ok
[T2depth] t=47.3920 id=3387 src=stereo u=420.0 v=309.2 depth=3.1005 depth2=-1.0000 track=1 sf=10 flag=ok
[T2depth] t=47.3920 id=3391 src=stereo u=45.0 v=264.0 depth=5.8249 depth2=-1.0000 track=1 sf=10 flag=ok
[T2depth] t=47.3920 id=3393 src=stereo u=515.0 v=319.0 depth=2.5761 depth2=-1.0000 track=1 sf=10 flag=ok
[T2depth] t=47.3920 id=3394 src=stereo u=284.0 v=314.0 depth=1.7954 depth2=-1.0000 track=1 sf=10 flag=ok
[T2depth] t=47.3920 id=3395 src=stereo u=184.0 v=306.0 depth=1.7992 depth2=-1.0000 track=1 sf=10 flag=ok
[T2depth] t=47.3920 id=3397 src=stereo u=320.0 v=299.0 depth=3.9896 depth2=-1.0000 track=1 sf=10 flag=ok
[T2depth] t=47.3920 id=3398 src=stereo u=357.0 v=322.0 depth=1.5206 depth2=-1.0000 track=1 sf=10 flag=ok
[T2gate] t=47.3920 tri=293 rej=0 xrej=0 init_replace=7 gate=0
[T2slv] t=47.3920 phase=1 init_cost=854.155 final_cost=673.979 iters=9 term=1 slv_ms=11.2
[T2diag] t=47.3920 P=[0.2174 -0.0471 0.1001] V=[0.1064 0.0928 0.0755] |Bas|=0.863002 |Bgs|=0.0030959 tic0=[0.1200 0.0500 -0.0200] tic1=[0.1200 -0.0500 -0.0200] td=0.00000 track=81
[E2uls] flag=1 sh_t=47.424 new_t=47.424 dP=[0.0146 -0.0020 -0.0009] |dP|=0.0148 first_dt=-1.0000
time: 47.392000, t: 0.217399 -0.047089 0.100094 q: 0.998535 0.003995 -0.053932 0.001556 
[T2xcross] t=47.4960 id=3379 est=1.2158 svd=0.8651 rel=0.2884 track=3 sf=8
[T2depth] t=47.4960 id=2949 src=motion2 u=609.1 v=415.2 depth=0.5594 depth2=-1.0000 track=2 sf=9 flag=ok
[T2depth] t=47.4960 id=3140 src=motion2 u=174.8 v=423.4 depth=0.3842 depth2=-1.0000 track=2 sf=9 flag=ok
[T2depth] t=47.4960 id=3142 src=motion2 u=202.9 v=458.8 depth=0.3218 depth2=-1.0000 track=2 sf=9 flag=ok
[T2depth] t=47.4960 id=3156 src=motion2 u=298.2 v=403.5 depth=0.4836 depth2=-1.0000 track=2 sf=9 flag=ok
[T2depth] t=47.4960 id=3192 src=motion2 u=376.3 v=461.5 depth=0.3473 depth2=-1.0000 track=2 sf=9 flag=ok
[T2depth] t=47.4960 id=3205 src=motion2 u=417.1 v=442.0 depth=0.3997 depth2=-1.0000 track=2 sf=9 flag=ok
[T2depth] t=47.4960 id=3219 src=motion2 u=249.6 v=414.1 depth=0.4255 depth2=-1.0000 track=2 sf=9 flag=ok
[T2depth] t=47.4960 id=3230 src=motion2 u=385.0 v=287.8 depth=5.5977 depth2=-1.0000 track=2 sf=9 flag=ok
[T2depth] t=47.4960 id=3381 src=motion2 u=5.1 v=432.1 depth=0.3318 depth2=-1.0000 track=2 sf=9 flag=ok
[T2xcross] t=47.4960 id=3382 est=4.0023 svd=1.4428 rel=0.6395 track=2 sf=9
[T2depth] t=47.4960 id=3383 src=motion2 u=223.3 v=317.7 depth=1.1740 depth2=-1.0000 track=2 sf=9 flag=ok
[T2xcross] t=47.4960 id=3384 est=1.6941 svd=1.4359 rel=0.1525 track=2 sf=9
[T2depth] t=47.4960 id=3385 src=motion2 u=631.5 v=327.9 depth=3.7629 depth2=-1.0000 track=2 sf=9 flag=ok
[T2xcross] t=47.4960 id=3387 est=3.1005 svd=1.9443 rel=0.3729 track=2 sf=9
[T2xcross] t=47.4960 id=3394 est=1.7954 svd=1.3346 rel=0.2566 track=2 sf=9
[T2xcross] t=47.4960 id=3395 est=1.7992 svd=1.2705 rel=0.2939 track=2 sf=9
[T2xcross] t=47.4960 id=3398 est=1.5206 svd=1.4008 rel=0.0788 track=2 sf=9
[T2depth] t=47.4960 id=3260 src=stereo u=80.6 v=255.0 depth=2.3815 depth2=-1.0000 track=1 sf=10 flag=ok
[T2depth] t=47.4960 id=3263 src=stereo u=476.2 v=296.3 depth=2.9582 depth2=-1.0000 track=1 sf=10 flag=ok
[T2depth] t=47.4960 id=3305 src=stereo u=248.4 v=263.8 depth=7.5996 depth2=-1.0000 track=1 sf=10 flag=ok
[T2depth] t=47.4960 id=3403 src=stereo u=313.1 v=268.0 depth=7.8381 depth2=-1.0000 track=1 sf=10 flag=ok
[T2depth] t=47.4960 id=3405 src=stereo u=280.0 v=265.7 depth=8.2969 depth2=-1.0000 track=1 sf=10 flag=ok
[T2depth] t=47.4960 id=3408 src=stereo u=461.0 v=69.0 depth=3.7304 depth2=-1.0000 track=1 sf=10 flag=ok
[T2depth] t=47.4960 id=3417 src=stereo u=154.0 v=478.0 depth=2.5534 depth2=-1.0000 track=1 sf=10 flag=ok
[T2depth] t=47.4960 id=3422 src=stereo u=453.0 v=234.0 depth=3.6697 depth2=-1.0000 track=1 sf=10 flag=ok
[T2depth] t=47.4960 id=3426 src=stereo u=213.0 v=263.0 depth=7.7291 depth2=-1.0000 track=1 sf=10 flag=ok
[T2depth] t=47.4960 id=3427 src=stereo u=402.0 v=358.0 depth=2.5959 depth2=-1.0000 track=1 sf=10 flag=ok
[T2depth] t=47.4960 id=3428 src=stereo u=14.0 v=252.0 depth=8.2964 depth2=-1.0000 track=1 sf=10 flag=ok
[T2depth] t=47.4960 id=3429 src=stereo u=111.0 v=257.0 depth=8.2704 depth2=-1.0000 track=1 sf=10 flag=ok
[T2gate] t=47.4960 tri=293 rej=0 xrej=0 init_replace=0 gate=0
[T2slv] t=47.4960 phase=1 init_cost=729.434 final_cost=538.692 iters=9 term=1 slv_ms=12.0
[T2diag] t=47.4960 P=[0.2075 -0.0306 0.1317] V=[-0.0011 0.1507 0.3388] |Bas|=0.711046 |Bgs|=0.0031853 tic0=[0.1200 0.0500 -0.0200] tic1=[0.1200 -0.0500 -0.0200] td=0.00000 track=75
[E2uls] flag=1 sh_t=47.536 new_t=47.536 dP=[0.0173 0.0031 0.0028] |dP|=0.0178 first_dt=-1.0000
time: 47.496000, t: 0.207529 -0.030598 0.131732 q: 0.998821 -0.001952 -0.048454 0.002318 
[T2xcross] t=47.6320 id=3373 est=3.4850 svd=0.8646 rel=0.7519 track=2 sf=7
[T2xcross] t=47.6320 id=3232 est=1.1370 svd=6.3630 rel=0.8213 track=3 sf=8
[T2xcross] t=47.6320 id=3263 est=2.9582 svd=2.3269 rel=0.2134 track=2 sf=9
[T2depth] t=47.6320 id=3290 src=motion2 u=98.7 v=387.1 depth=0.6203 depth2=-1.0000 track=2 sf=9 flag=ok
[T2depth] t=47.6320 id=3295 src=motion2 u=456.5 v=152.1 depth=2.6949 depth2=-1.0000 track=2 sf=9 flag=ok
[T2xcross] t=47.6320 id=3305 est=7.5996 svd=5.8565 rel=0.2294 track=2 sf=9
[T2xcross] t=47.6320 id=3408 est=3.7304 svd=2.9835 rel=0.2002 track=2 sf=9
[T2depth] t=47.6320 id=3411 src=motion2 u=485.0 v=35.0 depth=1.9027 depth2=-1.0000 track=2 sf=9 flag=ok
[T2depth] t=47.6320 id=3415 src=motion2 u=9.0 v=415.0 depth=0.4983 depth2=-1.0000 track=2 sf=9 flag=ok
[T2depth] t=47.6320 id=3416 src=motion2 u=130.0 v=383.0 depth=0.6252 depth2=-1.0000 track=2 sf=9 flag=ok
[T2depth] t=47.6320 id=3418 src=motion2 u=487.0 v=428.0 depth=0.5329 depth2=-1.0000 track=2 sf=9 flag=ok
[T2depth] t=47.6320 id=3420 src=motion2 u=4.0 v=381.0 depth=0.6154 depth2=-1.0000 track=2 sf=9 flag=ok
[T2xcross] t=47.6320 id=3422 est=3.6697 svd=34.5017 rel=0.8936 track=2 sf=9
[T2xcross] t=47.6320 id=3426 est=7.7291 svd=5.4342 rel=0.2969 track=2 sf=9
[T2xcross] t=47.6320 id=3428 est=8.2964 svd=0.4996 rel=0.9398 track=2 sf=9
[T2xcross] t=47.6320 id=3429 est=8.2704 svd=5.0886 rel=0.3847 track=2 sf=9
[T2depth] t=47.6320 id=3430 src=motion2 u=173.0 v=348.0 depth=0.8906 depth2=-1.0000 track=2 sf=9 flag=ok
[T2depth] t=47.6320 id=3450 src=stereo u=320.2 v=332.2 depth=1.3857 depth2=-1.0000 track=1 sf=10 flag=ok
[T2depth] t=47.6320 id=3461 src=stereo u=398.0 v=381.0 depth=0.8980 depth2=-1.0000 track=1 sf=10 flag=ok
[T2depth] t=47.6320 id=3471 src=stereo u=308.0 v=257.0 depth=7.8750 depth2=-1.0000 track=1 sf=10 flag=ok
[T2depth] t=47.6320 id=3473 src=stereo u=423.0 v=260.0 depth=8.0995 depth2=-1.0000 track=1 sf=10 flag=ok
[T2depth] t=47.6320 id=3474 src=stereo u=633.0 v=337.0 depth=1.3996 depth2=-1.0000 track=1 sf=10 flag=ok
[T2depth] t=47.6320 id=3475 src=stereo u=148.0 v=250.0 depth=7.6668 depth2=-1.0000 track=1 sf=10 flag=ok
[T2depth] t=47.6320 id=3476 src=stereo u=383.0 v=259.0 depth=7.4708 depth2=-1.0000 track=1 sf=10 flag=ok
[T2depth] t=47.6320 id=3477 src=stereo u=265.0 v=322.0 depth=1.4365 depth2=-1.0000 track=1 sf=10 flag=ok
[T2depth] t=47.6320 id=3479 src=stereo u=205.0 v=439.0 depth=5.7860 depth2=-1.0000 track=1 sf=10 flag=ok
[T2depth] t=47.6320 id=3480 src=stereo u=457.0 v=322.0 depth=1.5516 depth2=-1.0000 track=1 sf=10 flag=ok
[T2gate] t=47.6320 tri=308 rej=0 xrej=0 init_replace=0 gate=0
[T2slv] t=47.6320 phase=1 init_cost=808.474 final_cost=525.944 iters=9 term=1 slv_ms=11.9
[T2diag] t=47.6320 P=[0.1963 -0.0032 0.1993] V=[-0.0459 0.2059 0.5440] |Bas|=0.626324 |Bgs|=0.0033828 tic0=[0.1200 0.0500 -0.0200] tic1=[0.1200 -0.0500 -0.0200] td=0.00000 track=66
[E2uls] flag=1 sh_t=47.672 new_t=47.672 dP=[0.0069 0.0057 0.0153] |dP|=0.0177 first_dt=-1.0000
time: 47.632000, t: 0.196339 -0.003188 0.199255 q: 0.999302 -0.006512 -0.036744 0.001564 
[T2xcross] t=47.7280 id=2796 est=0.0793 svd=1.0268 rel=0.9228 track=2 sf=0
[T2depth] t=47.7280 id=3264 src=motion2 u=385.9 v=351.4 depth=1.1425 depth2=-1.0000 track=2 sf=9 flag=ok
[T2depth] t=47.7280 id=3435 src=motion2 u=232.8 v=428.4 depth=0.6388 depth2=-1.0000 track=2 sf=9 flag=ok
[T2depth] t=47.7280 id=3440 src=motion2 u=367.5 v=436.5 depth=0.6551 depth2=-1.0000 track=2 sf=9 flag=ok
[T2depth] t=47.7280 id=3441 src=motion2 u=238.4 v=374.9 depth=0.9084 depth2=-1.0000 track=2 sf=9 flag=ok
[T2depth] t=47.7280 id=3443 src=motion2 u=338.1 v=386.9 depth=0.8561 depth2=-1.0000 track=2 sf=9 flag=ok
[T2depth] t=47.7280 id=3449 src=motion2 u=429.4 v=335.4 depth=1.3845 depth2=-1.0000 track=2 sf=9 flag=ok
[T2xcross] t=47.7280 id=3450 est=1.3857 svd=1.4171 rel=0.0222 track=2 sf=9
[T2depth] t=47.7280 id=3459 src=motion2 u=272.0 v=354.0 depth=1.0896 depth2=-1.0000 track=2 sf=9 flag=ok
[T2xcross] t=47.7280 id=3461 est=0.8980 svd=0.9179 rel=0.0217 track=2 sf=9
[T2depth] t=47.7280 id=3462 src=motion2 u=621.0 v=383.0 depth=0.9457 depth2=-1.0000 track=2 sf=9 flag=ok
[T2depth] t=47.7280 id=3463 src=motion2 u=32.0 v=356.0 depth=0.9917 depth2=-1.0000 track=2 sf=9 flag=ok
[T2depth] t=47.7280 id=3466 src=motion2 u=507.0 v=422.0 depth=0.7226 depth2=-1.0000 track=2 sf=9 flag=ok
[T2depth] t=47.7280 id=3468 src=motion2 u=7.0 v=377.0 depth=0.8377 depth2=-1.0000 track=2 sf=9 flag=ok
[T2depth] t=47.7280 id=3469 src=motion2 u=6.0 v=337.0 depth=1.1533 depth2=-1.0000 track=2 sf=9 flag=ok
[T2depth] t=47.7280 id=3470 src=motion2 u=454.0 v=425.0 depth=0.7074 depth2=-1.0000 track=2 sf=9 flag=ok
[T2xcross] t=47.7280 id=3473 est=8.0995 svd=15.4327 rel=0.4752 track=2 sf=9
[T2xcross] t=47.7280 id=3474 est=1.3996 svd=1.3964 rel=0.0023 track=2 sf=9
[T2xcross] t=47.7280 id=3476 est=7.4708 svd=14.4724 rel=0.4838 track=2 sf=9
[T2xcross] t=47.7280 id=3480 est=1.5516 svd=1.6140 rel=0.0386 track=2 sf=9
[T2depth] t=47.7280 id=3494 src=stereo u=524.6 v=326.2 depth=1.6283 depth2=-1.0000 track=1 sf=10 flag=ok
[T2depth] t=47.7280 id=3496 src=stereo u=102.3 v=244.5 depth=8.4194 depth2=-1.0000 track=1 sf=10 flag=ok
[T2depth] t=47.7280 id=3503 src=stereo u=606.5 v=325.6 depth=1.6941 depth2=-1.0000 track=1 sf=10 flag=ok
[T2depth] t=47.7280 id=3505 src=stereo u=344.8 v=252.0 depth=7.9216 depth2=-1.0000 track=1 sf=10 flag=ok
[T2depth] t=47.7280 id=3517 src=stereo u=457.0 v=218.0 depth=3.6681 depth2=-1.0000 track=1 sf=10 flag=ok
[T2depth] t=47.7280 id=3519 src=stereo u=105.0 v=312.0 depth=1.6795 depth2=-1.0000 track=1 sf=10 flag=ok
[T2depth] t=47.7280 id=3520 src=stereo u=172.0 v=246.0 depth=7.9124 depth2=-1.0000 track=1 sf=10 flag=ok
[T2depth] t=47.7280 id=3521 src=stereo u=137.0 v=245.0 depth=7.9245 depth2=-1.0000 track=1 sf=10 flag=ok
[T2depth] t=47.7280 id=3522 src=stereo u=204.0 v=247.0 depth=8.3721 depth2=-1.0000 track=1 sf=10 flag=ok
[T2depth] t=47.7280 id=3523 src=stereo u=297.0 v=343.0 depth=1.3235 depth2=-1.0000 track=1 sf=10 flag=ok
[T2depth] t=47.7280 id=3524 src=stereo u=29.0 v=242.0 depth=8.0501 depth2=-1.0000 track=1 sf=10 flag=ok
[T2depth] t=47.7280 id=3525 src=stereo u=334.0 v=296.0 depth=2.2651 depth2=-1.0000 track=1 sf=10 flag=ok
[T2depth] t=47.7280 id=3526 src=stereo u=493.0 v=324.0 depth=1.6594 depth2=-1.0000 track=1 sf=10 flag=ok
[T2depth] t=47.7280 id=3527 src=stereo u=86.0 v=287.0 depth=2.2903 depth2=-1.0000 track=1 sf=10 flag=ok
[T2depth] t=47.7280 id=3528 src=stereo u=431.0 v=301.0 depth=2.1323 depth2=-1.0000 track=1 sf=10 flag=ok
[T2gate] t=47.7280 tri=312 rej=0 xrej=0 init_replace=0 gate=0
[T2slv] t=47.7280 phase=1 init_cost=664.522 final_cost=572.484 iters=9 term=1 slv_ms=11.2
[T2diag] t=47.7280 P=[0.1937 0.0194 0.2567] V=[-0.0445 0.2362 0.6205] |Bas|=0.582024 |Bgs|=0.0035293 tic0=[0.1200 0.0500 -0.0200] tic1=[0.1200 -0.0500 -0.0200] td=0.00000 track=66
[E2uls] flag=1 sh_t=47.768 new_t=47.768 dP=[-0.0029 0.0077 0.0260] |dP|=0.0272 first_dt=-1.0000
time: 47.728000, t: 0.193675 0.019372 0.256719 q: 0.999601 -0.006502 -0.027474 0.000737 
[T2depth] t=47.8280 id=3099 src=motion2 u=137.7 v=384.5 depth=0.9106 depth2=-1.0000 track=2 sf=9 flag=ok
[T2depth] t=47.8280 id=3358 src=motion2 u=461.0 v=98.4 depth=3.3286 depth2=-1.0000 track=2 sf=9 flag=ok
[T2depth] t=47.8280 id=3491 src=motion2 u=545.7 v=409.1 depth=0.8522 depth2=-1.0000 track=2 sf=9 flag=ok
[T2depth] t=47.8280 id=3492 src=motion2 u=605.8 v=424.7 depth=0.7929 depth2=-1.0000 track=2 sf=9 flag=ok
[T2depth] t=47.8280 id=3493 src=motion2 u=102.6 v=439.2 depth=0.6823 depth2=-1.0000 track=2 sf=9 flag=ok
[T2xcross] t=47.8280 id=3494 est=1.6283 svd=1.6044 rel=0.0147 track=2 sf=9
[T2depth] t=47.8280 id=3495 src=motion2 u=107.4 v=379.4 depth=0.9378 depth2=-1.0000 track=2 sf=9 flag=ok
[T2depth] t=47.8280 id=3497 src=motion2 u=56.5 v=314.4 depth=1.6279 depth2=-1.0000 track=2 sf=9 flag=ok
[T2depth] t=47.8280 id=3501 src=motion2 u=579.2 v=391.9 depth=0.9383 depth2=-1.0000 track=2 sf=9 flag=ok
[T2xcross] t=47.8280 id=3503 est=1.6941 svd=1.7177 rel=0.0137 track=2 sf=9
[T2xcross] t=47.8280 id=3505 est=7.9216 svd=6.4427 rel=0.1867 track=2 sf=9
[T2depth] t=47.8280 id=3506 src=motion2 u=12.6 v=314.5 depth=1.5787 depth2=-1.0000 track=2 sf=9 flag=ok
[T2depth] t=47.8280 id=3511 src=motion2 u=142.0 v=414.0 depth=0.7617 depth2=-1.0000 track=2 sf=9 flag=ok
[T2depth] t=47.8280 id=3512 src=motion2 u=187.0 v=414.0 depth=0.7759 depth2=-1.0000 track=2 sf=9 flag=ok
[T2depth] t=47.8280 id=3516 src=motion2 u=256.0 v=354.0 depth=1.1386 depth2=-1.0000 track=2 sf=9 flag=ok
[T2xcross] t=47.8280 id=3517 est=3.6681 svd=33.5450 rel=0.8907 track=2 sf=9
[T2depth] t=47.8280 id=3518 src=motion2 u=75.0 v=374.0 depth=0.9492 depth2=-1.0000 track=2 sf=9 flag=ok
[T2xcross] t=47.8280 id=3519 est=1.6795 svd=1.6633 rel=0.0097 track=2 sf=9
[T2xcross] t=47.8280 id=3521 est=7.9245 svd=4.0923 rel=0.4836 track=2 sf=9
[T2xcross] t=47.8280 id=3522 est=8.3721 svd=6.7475 rel=0.1940 track=2 sf=9
[T2xcross] t=47.8280 id=3523 est=1.3235 svd=1.2909 rel=0.0247 track=2 sf=9
[T2xcross] t=47.8280 id=3524 est=8.0501 svd=5.0827 rel=0.3686 track=2 sf=9
[T2xcross] t=47.8280 id=3525 est=2.2651 svd=2.1186 rel=0.0647 track=2 sf=9
[T2xcross] t=47.8280 id=3527 est=2.2903 svd=2.2298 rel=0.0264 track=2 sf=9
[T2xcross] t=47.8280 id=3528 est=2.1323 svd=2.1340 rel=0.0008 track=2 sf=9
[T2depth] t=47.8280 id=0 src=stereo u=456.5 v=251.5 depth=3.6720 depth2=-1.0000 track=1 sf=10 flag=ok
[T2depth] t=47.8280 id=3261 src=stereo u=369.2 v=374.5 depth=1.1914 depth2=-1.0000 track=1 sf=10 flag=ok
[T2depth] t=47.8280 id=3545 src=stereo u=450.7 v=434.7 depth=0.8431 depth2=-1.0000 track=1 sf=10 flag=ok
[T2depth] t=47.8280 id=3547 src=stereo u=538.7 v=404.7 depth=1.0164 depth2=-1.0000 track=1 sf=10 flag=ok
[T2depth] t=47.8280 id=3551 src=stereo u=145.4 v=328.4 depth=1.6777 depth2=-1.0000 track=1 sf=10 flag=ok
[T2depth] t=47.8280 id=3553 src=stereo u=85.4 v=242.2 depth=7.9534 depth2=-1.0000 track=1 sf=10 flag=ok
[T2depth] t=47.8280 id=3554 src=stereo u=251.3 v=300.1 depth=2.3893 depth2=-1.0000 track=1 sf=10 flag=ok
[T2depth] t=47.8280 id=3555 src=stereo u=506.9 v=407.0 depth=0.9883 depth2=-1.0000 track=1 sf=10 flag=ok
[T2depth] t=47.8280 id=3565 src=stereo u=637.0 v=373.0 depth=1.2502 depth2=-1.0000 track=1 sf=10 flag=ok
[T2depth] t=47.8280 id=3566 src=stereo u=43.0 v=350.0 depth=1.3148 depth2=-1.0000 track=1 sf=10 flag=ok
[T2depth] t=47.8280 id=3569 src=stereo u=308.0 v=248.0 depth=8.3499 depth2=-1.0000 track=1 sf=10 flag=ok
[T2depth] t=47.8280 id=3570 src=stereo u=500.0 v=332.0 depth=1.7621 depth2=-1.0000 track=1 sf=10 flag=ok
[T2depth] t=47.8280 id=3571 src=stereo u=534.0 v=306.0 depth=2.3779 depth2=-1.0000 track=1 sf=10 flag=ok
[T2depth] t=47.8280 id=3572 src=stereo u=51.0 v=287.0 depth=2.5405 depth2=-1.0000 track=1 sf=10 flag=ok
[T2depth] t=47.8280 id=3573 src=stereo u=285.0 v=295.0 depth=2.4648 depth2=-1.0000 track=1 sf=10 flag=ok
[T2gate] t=47.8280 tri=290 rej=0 xrej=0 init_replace=0 gate=0
[T2slv] t=47.8280 phase=1 init_cost=603.156 final_cost=567.396 iters=9 term=1 slv_ms=12.1
[T2diag] t=47.8280 P=[0.1917 0.0449 0.3227] V=[-0.0245 0.2557 0.6736] |Bas|=0.565676 |Bgs|=0.0035260 tic0=[0.1200 0.0500 -0.0200] tic1=[0.1200 -0.0500 -0.0200] td=0.00000 track=72
[E2uls] flag=1 sh_t=47.860 new_t=47.860 dP=[-0.0020 0.0057 0.0185] |dP|=0.0195 first_dt=-1.0000
time: 47.828000, t: 0.191726 0.044944 0.322684 q: 0.999792 -0.004868 -0.019828 0.000065 
[T2xcross] t=47.9320 id=0 est=3.6720 svd=6.0815 rel=0.3962 track=2 sf=9
[T2xcross] t=47.9320 id=3261 est=1.1914 svd=1.1828 rel=0.0072 track=2 sf=9
[T2depth] t=47.9320 id=3385 src=motion2 u=632.3 v=302.4 depth=2.5234 depth2=-1.0000 track=2 sf=9 flag=ok
[T2depth] t=47.9320 id=3533 src=motion2 u=223.6 v=416.4 depth=0.9117 depth2=-1.0000 track=2 sf=9 flag=ok
[T2depth] t=47.9320 id=3536 src=motion2 u=6.4 v=427.8 depth=0.8376 depth2=-1.0000 track=2 sf=9 flag=ok
[T2depth] t=47.9320 id=3537 src=motion2 u=292.9 v=428.9 depth=0.8573 depth2=-1.0000 track=2 sf=9 flag=ok
[T2depth] t=47.9320 id=3539 src=motion2 u=434.7 v=392.3 depth=1.0594 depth2=-1.0000 track=2 sf=9 flag=ok
[T2depth] t=47.9320 id=3541 src=motion2 u=202.1 v=393.0 depth=1.0170 depth2=-1.0000 track=2 sf=9 flag=ok
[T2depth] t=47.9320 id=3543 src=motion2 u=388.5 v=415.0 depth=0.9153 depth2=-1.0000 track=2 sf=9 flag=ok
[T2xcross] t=47.9320 id=3545 est=0.8431 svd=0.8453 rel=0.0026 track=2 sf=9
[T2xcross] t=47.9320 id=3547 est=1.0164 svd=1.0004 rel=0.0157 track=2 sf=9
[T2xcross] t=47.9320 id=3551 est=1.6777 svd=1.6130 rel=0.0386 track=2 sf=9
[T2xcross] t=47.9320 id=3554 est=2.3893 svd=2.3149 rel=0.0311 track=2 sf=9
[T2xcross] t=47.9320 id=3555 est=0.9883 svd=0.9710 rel=0.0175 track=2 sf=9
[T2depth] t=47.9320 id=3557 src=motion2 u=619.0 v=422.0 depth=0.9214 depth2=-1.0000 track=2 sf=9 flag=ok
[T2depth] t=47.9320 id=3564 src=motion2 u=504.0 v=6.0 depth=4.0577 depth2=-1.0000 track=2 sf=9 flag=ok
[T2xcross] t=47.9320 id=3566 est=1.3148 svd=1.3024 rel=0.0094 track=2 sf=9
[T2depth] t=47.9320 id=3567 src=motion2 u=3.0 v=397.0 depth=0.9838 depth2=-1.0000 track=2 sf=9 flag=ok
[T2xcross] t=47.9320 id=3569 est=8.3499 svd=5.7545 rel=0.3108 track=2 sf=9
[T2xcross] t=47.9320 id=3570 est=1.7621 svd=1.7055 rel=0.0321 track=2 sf=9
[T2xcross] t=47.9320 id=3571 est=2.3779 svd=2.5437 rel=0.0652 track=2 sf=9
[T2xcross] t=47.9320 id=3572 est=2.5405 svd=2.5105 rel=0.0118 track=2 sf=9
[T2xcross] t=47.9320 id=3573 est=2.4648 svd=2.3924 rel=0.0294 track=2 sf=9
[T2depth] t=47.9320 id=3398 src=stereo u=381.7 v=343.3 depth=1.8040 depth2=-1.0000 track=1 sf=10 flag=ok
[T2depth] t=47.9320 id=3578 src=stereo u=460.1 v=286.4 depth=3.6728 depth2=-1.0000 track=1 sf=10 flag=ok
[T2depth] t=47.9320 id=3580 src=stereo u=399.4 v=375.2 depth=1.4075 depth2=-1.0000 track=1 sf=10 flag=ok
[T2depth] t=47.9320 id=3584 src=stereo u=461.0 v=214.0 depth=3.6671 depth2=-1.0000 track=1 sf=10 flag=ok
[T2depth] t=47.9320 id=3585 src=stereo u=597.8 v=381.9 depth=1.3759 depth2=-1.0000 track=1 sf=10 flag=ok
[T2depth] t=47.9320 id=3586 src=stereo u=289.4 v=364.9 depth=1.4691 depth2=-1.0000 track=1 sf=10 flag=ok
[T2depth] t=47.9320 id=3587 src=stereo u=88.4 v=246.2 depth=7.9969 depth2=-1.0000 track=1 sf=10 flag=ok
[T2depth] t=47.9320 id=3591 src=stereo u=185.2 v=249.0 depth=8.0367 depth2=-1.0000 track=1 sf=10 flag=ok
[T2depth] t=47.9320 id=3594 src=stereo u=187.8 v=299.1 depth=2.6984 depth2=-1.0000 track=1 sf=10 flag=ok
[T2depth] t=47.9320 id=3595 src=stereo u=410.8 v=308.0 depth=2.5684 depth2=-1.0000 track=1 sf=10 flag=ok
[T2depth] t=47.9320 id=3596 src=stereo u=597.3 v=312.4 depth=2.5373 depth2=-1.0000 track=1 sf=10 flag=ok
[T2depth] t=47.9320 id=3597 src=stereo u=143.0 v=306.8 depth=2.4470 depth2=-1.0000 track=1 sf=10 flag=ok
[T2depth] t=47.9320 id=3598 src=stereo u=375.9 v=311.3 depth=2.4984 depth2=-1.0000 track=1 sf=10 flag=ok
[T2depth] t=47.9320 id=3601 src=stereo u=22.8 v=277.4 depth=3.7986 depth2=-1.0000 track=1 sf=10 flag=ok
[T2depth] t=47.9320 id=3603 src=stereo u=508.0 v=478.0 depth=0.8489 depth2=-1.0000 track=1 sf=10 flag=ok
[T2depth] t=47.9320 id=3604 src=stereo u=95.0 v=464.0 depth=0.8518 depth2=-1.0000 track=1 sf=10 flag=ok
[T2depth] t=47.9320 id=3605 src=stereo u=253.0 v=478.0 depth=0.8331 depth2=-1.0000 track=1 sf=10 flag=ok
[T2depth] t=47.9320 id=3607 src=stereo u=347.0 v=470.0 depth=0.8670 depth2=-1.0000 track=1 sf=10 flag=ok
[T2depth] t=47.9320 id=3608 src=stereo u=227.0 v=369.0 depth=1.4203 depth2=-1.0000 track=1 sf=10 flag=ok
[T2depth] t=47.9320 id=3609 src=stereo u=336.0 v=410.0 depth=1.1234 depth2=-1.0000 track=1 sf=10 flag=ok
[T2depth] t=47.9320 id=3610 src=stereo u=148.0 v=413.0 depth=1.0768 depth2=-1.0000 track=1 sf=10 flag=ok
[T2depth] t=47.9320 id=3612 src=stereo u=604.0 v=477.0 depth=0.8684 depth2=-1.0000 track=1 sf=10 flag=ok
[T2depth] t=47.9320 id=3613 src=stereo u=339.0 v=350.0 depth=1.6833 depth2=-1.0000 track=1 sf=10 flag=ok
[T2depth] t=47.9320 id=3614 src=stereo u=584.0 v=421.0 depth=1.0869 depth2=-1.0000 track=1 sf=10 flag=ok
[T2depth] t=47.9320 id=3617 src=stereo u=183.0 v=351.0 depth=1.6042 depth2=-1.0000 track=1 sf=10 flag=ok
[T2depth] t=47.9320 id=3618 src=stereo u=262.0 v=431.0 depth=1.0001 depth2=-1.0000 track=1 sf=10 flag=ok
[T2depth] t=47.9320 id=3619 src=stereo u=345.0 v=252.0 depth=8.7576 depth2=-1.0000 track=1 sf=10 flag=ok
[T2depth] t=47.9320 id=3620 src=stereo u=470.0 v=327.0 depth=2.0795 depth2=-1.0000 track=1 sf=10 flag=ok
[T2depth] t=47.9320 id=3621 src=stereo u=224.0 v=299.0 depth=2.7256 depth2=-1.0000 track=1 sf=10 flag=ok
[T2gate] t=47.9320 tri=255 rej=0 xrej=0 init_replace=0 gate=0
[T2slv] t=47.9320 phase=1 init_cost=667.673 final_cost=630.831 iters=9 term=1 slv_ms=13.4
[T2diag] t=47.9320 P=[0.1914 0.0744 0.3955] V=[0.0040 0.2738 0.7079] |Bas|=0.555986 |Bgs|=0.0035191 tic0=[0.1200 0.0500 -0.0200] tic1=[0.1200 -0.0500 -0.0200] td=0.00000 track=78
[E2uls] flag=1 sh_t=47.968 new_t=47.968 dP=[-0.0005 0.0059 0.0220] |dP|=0.0228 first_dt=-1.0000
time: 47.932000, t: 0.191448 0.074427 0.395497 q: 0.999840 -0.003467 -0.017541 -0.000969 
[T2xcross] t=48.0280 id=3091 est=0.9616 svd=0.9677 rel=0.0063 track=10 sf=0
[T2xcross] t=48.0280 id=3398 est=1.8040 svd=1.7129 rel=0.0505 track=2 sf=9
[T2depth] t=48.0280 id=3576 src=motion2 u=6.4 v=378.8 depth=1.2171 depth2=-1.0000 track=2 sf=9 flag=ok
[T2xcross] t=48.0280 id=3578 est=3.6728 svd=3.1797 rel=0.1343 track=2 sf=9
[T2xcross] t=48.0280 id=3580 est=1.4075 svd=1.3469 rel=0.0430 track=2 sf=9
[T2depth] t=48.0280 id=3581 src=motion2 u=183.5 v=414.4 depth=1.0325 depth2=-1.0000 track=2 sf=9 flag=ok
[T2xcross] t=48.0280 id=3585 est=1.3759 svd=1.3328 rel=0.0313 track=2 sf=9
[T2xcross] t=48.0280 id=3586 est=1.4691 svd=1.3983 rel=0.0481 track=2 sf=9
[T2xcross] t=48.0280 id=3591 est=8.0367 svd=5.3454 rel=0.3349 track=2 sf=9
[T2depth] t=48.0280 id=3593 src=motion2 u=7.4 v=323.3 depth=1.8085 depth2=-1.0000 track=2 sf=9 flag=ok
[T2xcross] t=48.0280 id=3594 est=2.6984 svd=2.4196 rel=0.1033 track=2 sf=9
[T2xcross] t=48.0280 id=3595 est=2.5684 svd=2.3504 rel=0.0849 track=2 sf=9
[T2xcross] t=48.0280 id=3596 est=2.5373 svd=2.5084 rel=0.0114 track=2 sf=9
[T2xcross] t=48.0280 id=3597 est=2.4470 svd=2.1644 rel=0.1155 track=2 sf=9
[T2xcross] t=48.0280 id=3598 est=2.4984 svd=2.2355 rel=0.1052 track=2 sf=9
[T2xcross] t=48.0280 id=3601 est=3.7986 svd=2.9729 rel=0.2174 track=2 sf=9
[T2xcross] t=48.0280 id=3608 est=1.4203 svd=1.3485 rel=0.0506 track=2 sf=9
[T2xcross] t=48.0280 id=3609 est=1.1234 svd=1.0697 rel=0.0478 track=2 sf=9
[T2xcross] t=48.0280 id=3610 est=1.0768 svd=1.0328 rel=0.0409 track=2 sf=9
[T2xcross] t=48.0280 id=3613 est=1.6833 svd=1.5558 rel=0.0757 track=2 sf=9
[T2xcross] t=48.0280 id=3614 est=1.0869 svd=1.0539 rel=0.0303 track=2 sf=9
[T2xcross] t=48.0280 id=3617 est=1.6042 svd=1.4934 rel=0.0691 track=2 sf=9
[T2xcross] t=48.0280 id=3618 est=1.0001 svd=0.9736 rel=0.0265 track=2 sf=9
[T2xcross] t=48.0280 id=3619 est=8.7576 svd=6.0021 rel=0.3146 track=2 sf=9
[T2xcross] t=48.0280 id=3620 est=2.0795 svd=1.9389 rel=0.0676 track=2 sf=9
[T2xcross] t=48.0280 id=3621 est=2.7256 svd=2.4206 rel=0.1119 track=2 sf=9
[T2depth] t=48.0280 id=3263 src=stereo u=499.4 v=316.7 depth=2.8931 depth2=-1.0000 track=1 sf=10 flag=ok
[T2depth] t=48.0280 id=3449 src=stereo u=462.8 v=412.4 depth=1.3420 depth2=-1.0000 track=1 sf=10 flag=ok
[T2depth] t=48.0280 id=3473 src=stereo u=422.4 v=261.7 depth=7.5723 depth2=-1.0000 track=1 sf=10 flag=ok
[T2depth] t=48.0280 id=3622 src=stereo u=522.7 v=17.2 depth=2.7356 depth2=-1.0000 track=1 sf=10 flag=ok
[T2depth] t=48.0280 id=3630 src=stereo u=465.5 v=163.0 depth=3.6531 depth2=-1.0000 track=1 sf=10 flag=ok
[T2depth] t=48.0280 id=3632 src=stereo u=464.0 v=223.0 depth=3.6735 depth2=-1.0000 track=1 sf=10 flag=ok
[T2depth] t=48.0280 id=3633 src=stereo u=483.5 v=437.2 depth=1.1717 depth2=-1.0000 track=1 sf=10 flag=ok
[T2depth] t=48.0280 id=3634 src=stereo u=560.0 v=17.0 depth=2.5988 depth2=-1.0000 track=1 sf=10 flag=ok
[T2depth] t=48.0280 id=3637 src=stereo u=377.6 v=260.8 depth=7.7431 depth2=-1.0000 track=1 sf=10 flag=ok
[T2depth] t=48.0280 id=3639 src=stereo u=566.1 v=352.8 depth=2.0162 depth2=-1.0000 track=1 sf=10 flag=ok
[T2depth] t=48.0280 id=3640 src=stereo u=222.2 v=259.5 depth=7.9712 depth2=-1.0000 track=1 sf=10 flag=ok
[T2depth] t=48.0280 id=3642 src=stereo u=113.4 v=258.0 depth=8.0905 depth2=-1.0000 track=1 sf=10 flag=ok
[T2depth] t=48.0280 id=3643 src=stereo u=361.0 v=477.0 depth=0.9889 depth2=-1.0000 track=1 sf=10 flag=ok
[T2depth] t=48.0280 id=3644 src=stereo u=401.0 v=475.0 depth=1.0045 depth2=-1.0000 track=1 sf=10 flag=ok
[T2depth] t=48.0280 id=3645 src=stereo u=637.0 v=474.0 depth=1.0192 depth2=-1.0000 track=1 sf=10 flag=ok
[T2depth] t=48.0280 id=3647 src=stereo u=515.0 v=402.0 depth=1.4361 depth2=-1.0000 track=1 sf=10 flag=ok
[T2depth] t=48.0280 id=3652 src=stereo u=103.0 v=394.0 depth=1.4605 depth2=-1.0000 track=1 sf=10 flag=ok
[T2depth] t=48.0280 id=3653 src=stereo u=437.0 v=477.0 depth=1.0021 depth2=-1.0000 track=1 sf=10 flag=ok
[T2depth] t=48.0280 id=3654 src=stereo u=456.0 v=373.0 depth=1.6950 depth2=-1.0000 track=1 sf=10 flag=ok
[T2depth] t=48.0280 id=3655 src=stereo u=285.0 v=260.0 depth=7.5598 depth2=-1.0000 track=1 sf=10 flag=ok
[T2depth] t=48.0280 id=3656 src=stereo u=70.0 v=258.0 depth=7.3523 depth2=-1.0000 track=1 sf=10 flag=ok
[T2depth] t=48.0280 id=3657 src=stereo u=178.0 v=348.0 depth=2.0353 depth2=-1.0000 track=1 sf=10 flag=ok
[T2depth] t=48.0280 id=3658 src=stereo u=47.0 v=348.0 depth=2.0344 depth2=-1.0000 track=1 sf=10 flag=ok
[T2depth] t=48.0280 id=3659 src=stereo u=338.0 v=306.0 depth=3.1004 depth2=-1.0000 track=1 sf=10 flag=ok
[T2gate] t=48.0280 tri=178 rej=0 xrej=0 init_replace=0 gate=0
[T2slv] t=48.0280 phase=1 init_cost=650.304 final_cost=612.453 iters=9 term=1 slv_ms=14.5
[T2diag] t=48.0280 P=[0.1956 0.1031 0.4650] V=[0.0325 0.2838 0.7354] |Bas|=0.505393 |Bgs|=0.0034724 tic0=[0.1200 0.0500 -0.0200] tic1=[0.1200 -0.0500 -0.0200] td=0.00000 track=73
[E2uls] flag=1 sh_t=48.072 new_t=48.072 dP=[-0.0017 0.0086 0.0284] |dP|=0.0297 first_dt=-1.0000
time: 48.028000, t: 0.195605 0.103144 0.465005 q: 0.999802 -0.002612 -0.019664 -0.001576 
[T2xcross] t=48.1320 id=3263 est=2.8931 svd=2.5880 rel=0.1055 track=2 sf=9
[T2xcross] t=48.1320 id=3449 est=1.3420 svd=1.3637 rel=0.0159 track=2 sf=9
[T2xcross] t=48.1320 id=3622 est=2.7356 svd=2.6064 rel=0.0472 track=2 sf=9
[T2xcross] t=48.1320 id=3637 est=7.7431 svd=7.5580 rel=0.0239 track=2 sf=9
[T2xcross] t=48.1320 id=3639 est=2.0162 svd=2.0155 rel=0.0003 track=2 sf=9
[T2xcross] t=48.1320 id=3640 est=7.9712 svd=7.3473 rel=0.0783 track=2 sf=9
[T2xcross] t=48.1320 id=3642 est=8.0905 svd=6.7223 rel=0.1691 track=2 sf=9
[T2depth] t=48.1320 id=3646 src=motion2 u=1.0 v=378.0 depth=1.5968 depth2=-1.0000 track=2 sf=9 flag=ok
[T2xcross] t=48.1320 id=3647 est=1.4361 svd=1.4437 rel=0.0053 track=2 sf=9
[T2xcross] t=48.1320 id=3652 est=1.4605 svd=1.4647 rel=0.0028 track=2 sf=9
[T2xcross] t=48.1320 id=3654 est=1.6950 svd=1.7014 rel=0.0037 track=2 sf=9
[T2xcross] t=48.1320 id=3655 est=7.5598 svd=6.9714 rel=0.0778 track=2 sf=9
[T2xcross] t=48.1320 id=3657 est=2.0353 svd=2.0402 rel=0.0024 track=2 sf=9
[T2xcross] t=48.1320 id=3658 est=2.0344 svd=2.0041 rel=0.0149 track=2 sf=9
[T2xcross] t=48.1320 id=3659 est=3.1004 svd=3.0484 rel=0.0168 track=2 sf=9
[T2depth] t=48.1320 id=3524 src=stereo u=41.9 v=280.5 depth=7.5008 depth2=-1.0000 track=1 sf=10 flag=ok
[T2depth] t=48.1320 id=3664 src=stereo u=392.4 v=433.4 depth=1.4761 depth2=-1.0000 track=1 sf=10 flag=ok
[T2depth] t=48.1320 id=3666 src=stereo u=587.6 v=429.8 depth=1.5313 depth2=-1.0000 track=1 sf=10 flag=ok
[T2depth] t=48.1320 id=3667 src=stereo u=449.8 v=464.0 depth=1.2559 depth2=-1.0000 track=1 sf=10 flag=ok
[T2depth] t=48.1320 id=3668 src=stereo u=277.2 v=456.5 depth=1.2979 depth2=-1.0000 track=1 sf=10 flag=ok
[T2depth] t=48.1320 id=3673 src=stereo u=295.6 v=390.3 depth=1.9010 depth2=-1.0000 track=1 sf=10 flag=ok
[T2depth] t=48.1320 id=3675 src=stereo u=522.2 v=373.6 depth=2.1773 depth2=-1.0000 track=1 sf=10 flag=ok
[T2depth] t=48.1320 id=3676 src=stereo u=125.9 v=332.8 depth=3.1722 depth2=-1.0000 track=1 sf=10 flag=ok
[T2depth] t=48.1320 id=3677 src=stereo u=25.8 v=356.0 depth=2.4330 depth2=-1.0000 track=1 sf=10 flag=ok
[T2depth] t=48.1320 id=3678 src=stereo u=412.1 v=281.0 depth=7.3618 depth2=-1.0000 track=1 sf=10 flag=ok
[T2depth] t=48.1320 id=3679 src=stereo u=172.0 v=331.8 depth=3.1841 depth2=-1.0000 track=1 sf=10 flag=ok
[T2depth] t=48.1320 id=3680 src=stereo u=405.0 v=472.0 depth=1.2293 depth2=-1.0000 track=1 sf=10 flag=ok
[T2depth] t=48.1320 id=3681 src=stereo u=249.0 v=477.0 depth=1.2075 depth2=-1.0000 track=1 sf=10 flag=ok
[T2depth] t=48.1320 id=3682 src=stereo u=504.0 v=478.0 depth=1.2103 depth2=-1.0000 track=1 sf=10 flag=ok
[T2depth] t=48.1320 id=3683 src=stereo u=310.0 v=474.0 depth=1.2179 depth2=-1.0000 track=1 sf=10 flag=ok
[T2depth] t=48.1320 id=3684 src=stereo u=142.0 v=439.0 depth=1.4461 depth2=-1.0000 track=1 sf=10 flag=ok
[T2depth] t=48.1320 id=3685 src=stereo u=628.0 v=478.0 depth=1.2102 depth2=-1.0000 track=1 sf=10 flag=ok
[T2depth] t=48.1320 id=3686 src=stereo u=535.0 v=477.0 depth=1.2168 depth2=-1.0000 track=1 sf=10 flag=ok
[T2depth] t=48.1320 id=3688 src=stereo u=467.0 v=156.0 depth=3.6696 depth2=-1.0000 track=1 sf=10 flag=ok
[T2depth] t=48.1320 id=3689 src=stereo u=636.0 v=392.0 depth=1.8753 depth2=-1.0000 track=1 sf=10 flag=ok
[T2depth] t=48.1320 id=3690 src=stereo u=593.0 v=44.0 depth=2.5989 depth2=-1.0000 track=1 sf=10 flag=ok
[T2depth] t=48.1320 id=3691 src=stereo u=329.0 v=368.0 depth=2.2623 depth2=-1.0000 track=1 sf=10 flag=ok
[T2depth] t=48.1320 id=3692 src=stereo u=155.0 v=281.0 depth=8.1828 depth2=-1.0000 track=1 sf=10 flag=ok
[T2depth] t=48.1320 id=3693 src=stereo u=281.0 v=326.0 depth=3.4414 depth2=-1.0000 track=1 sf=10 flag=ok
[T2depth] t=48.1320 id=3695 src=stereo u=90.0 v=328.0 depth=3.3250 depth2=-1.0000 track=1 sf=10 flag=ok
[T2depth] t=48.1320 id=3696 src=stereo u=89.0 v=291.0 depth=6.4066 depth2=-1.0000 track=1 sf=10 flag=ok
[T2depth] t=48.1320 id=3697 src=stereo u=328.0 v=305.0 depth=4.8200 depth2=-1.0000 track=1 sf=10 flag=ok
[T2depth] t=48.1320 id=3698 src=stereo u=404.0 v=329.0 depth=3.2180 depth2=-1.0000 track=1 sf=10 flag=ok
[T2depth] t=48.1320 id=3699 src=stereo u=222.0 v=315.0 depth=4.0041 depth2=-1.0000 track=1 sf=10 flag=ok
[T2gate] t=48.1320 tri=133 rej=0 xrej=0 init_replace=0 gate=0
[T2slv] t=48.1320 phase=1 init_cost=627.479 final_cost=583.744 iters=9 term=1 slv_ms=16.7
[T2diag] t=48.1320 P=[0.1988 0.1341 0.5432] V=[0.0362 0.2764 0.7562] |Bas|=0.485160 |Bgs|=0.0036102 tic0=[0.1200 0.0500 -0.0200] tic1=[0.1200 -0.0500 -0.0200] td=0.00000 track=65
[E2uls] flag=1 sh_t=48.176 new_t=48.176 dP=[0.0020 0.0085 0.0302] |dP|=0.0314 first_dt=-1.0000
time: 48.132000, t: 0.198803 0.134068 0.543194 q: 0.999427 0.004089 -0.033554 -0.001724 
[T2xcross] t=48.2320 id=3524 est=7.5008 svd=7.0651 rel=0.0581 track=2 sf=9
[T2xcross] t=48.2320 id=3664 est=1.4761 svd=1.5887 rel=0.0709 track=2 sf=9
[T2xcross] t=48.2320 id=3666 est=1.5313 svd=1.6238 rel=0.0570 track=2 sf=9
[T2xcross] t=48.2320 id=3673 est=1.9010 svd=2.0724 rel=0.0827 track=2 sf=9
[T2xcross] t=48.2320 id=3675 est=2.1773 svd=2.4019 rel=0.0935 track=2 sf=9
[T2xcross] t=48.2320 id=3676 est=3.1722 svd=3.5645 rel=0.1100 track=2 sf=9
[T2xcross] t=48.2320 id=3677 est=2.4330 svd=2.7385 rel=0.1116 track=2 sf=9
[T2xcross] t=48.2320 id=3678 est=7.3618 svd=9.7573 rel=0.2455 track=2 sf=9
[T2xcross] t=48.2320 id=3679 est=3.1841 svd=3.4020 rel=0.0640 track=2 sf=9
[T2xcross] t=48.2320 id=3690 est=2.5989 svd=4.2201 rel=0.3842 track=2 sf=9
[T2xcross] t=48.2320 id=3692 est=8.1828 svd=10.9701 rel=0.2541 track=2 sf=9
[T2xcross] t=48.2320 id=3693 est=3.4414 svd=3.7888 rel=0.0917 track=2 sf=9
[T2xcross] t=48.2320 id=3695 est=3.3250 svd=3.8022 rel=0.1255 track=2 sf=9
[T2xcross] t=48.2320 id=3696 est=6.4066 svd=6.8329 rel=0.0624 track=2 sf=9
[T2xcross] t=48.2320 id=3697 est=4.8200 svd=5.3069 rel=0.0917 track=2 sf=9
[T2xcross] t=48.2320 id=3698 est=3.2180 svd=3.5591 rel=0.0958 track=2 sf=9
[T2xcross] t=48.2320 id=3699 est=4.0041 svd=4.4962 rel=0.1095 track=2 sf=9
[T2depth] t=48.2320 id=0 src=stereo u=472.2 v=293.6 depth=3.6370 depth2=-1.0000 track=1 sf=10 flag=ok
[T2depth] t=48.2320 id=3394 src=stereo u=335.7 v=434.0 depth=1.7656 depth2=-1.0000 track=1 sf=10 flag=ok
[T2depth] t=48.2320 id=3707 src=stereo u=113.2 v=432.7 depth=1.8269 depth2=-1.0000 track=1 sf=10 flag=ok
[T2depth] t=48.2320 id=3709 src=stereo u=163.3 v=428.3 depth=1.8527 depth2=-1.0000 track=1 sf=10 flag=ok
[T2depth] t=48.2320 id=3712 src=stereo u=470.1 v=185.5 depth=3.6492 depth2=-1.0000 track=1 sf=10 flag=ok
[T2depth] t=48.2320 id=3717 src=stereo u=337.6 v=401.7 depth=2.2102 depth2=-1.0000 track=1 sf=10 flag=ok
[T2depth] t=48.2320 id=3718 src=stereo u=268.0 v=429.6 depth=1.8160 depth2=-1.0000 track=1 sf=10 flag=ok
[T2depth] t=48.2320 id=3719 src=stereo u=384.7 v=295.0 depth=8.6216 depth2=-1.0000 track=1 sf=10 flag=ok
[T2depth] t=48.2320 id=3721 src=stereo u=437.2 v=411.7 depth=2.0273 depth2=-1.0000 track=1 sf=10 flag=ok
[T2depth] t=48.2320 id=3722 src=stereo u=485.7 v=374.6 depth=2.5984 depth2=-1.0000 track=1 sf=10 flag=ok
[T2depth] t=48.2320 id=3723 src=stereo u=381.7 v=327.6 depth=4.4916 depth2=-1.0000 track=1 sf=10 flag=ok
[T2depth] t=48.2320 id=3725 src=stereo u=441.8 v=324.2 depth=4.7503 depth2=-1.0000 track=1 sf=10 flag=ok
[T2depth] t=48.2320 id=3726 src=stereo u=254.9 v=317.9 depth=5.5657 depth2=-1.0000 track=1 sf=10 flag=ok
[T2depth] t=48.2320 id=3727 src=stereo u=67.0 v=332.6 depth=4.6220 depth2=-1.0000 track=1 sf=10 flag=ok
[T2depth] t=48.2320 id=3729 src=stereo u=241.0 v=475.0 depth=1.4776 depth2=-1.0000 track=1 sf=10 flag=ok
[T2depth] t=48.2320 id=3730 src=stereo u=448.0 v=477.0 depth=1.4386 depth2=-1.0000 track=1 sf=10 flag=ok
[T2depth] t=48.2320 id=3731 src=stereo u=555.0 v=470.0 depth=1.4596 depth2=-1.0000 track=1 sf=10 flag=ok
[T2depth] t=48.2320 id=3732 src=stereo u=125.0 v=478.0 depth=1.4916 depth2=-1.0000 track=1 sf=10 flag=ok
[T2depth] t=48.2320 id=3733 src=stereo u=356.0 v=477.0 depth=1.4565 depth2=-1.0000 track=1 sf=10 flag=ok
[T2depth] t=48.2320 id=3734 src=stereo u=482.0 v=478.0 depth=1.4365 depth2=-1.0000 track=1 sf=10 flag=ok
[T2depth] t=48.2320 id=3736 src=stereo u=472.0 v=240.0 depth=3.6698 depth2=-1.0000 track=1 sf=10 flag=ok
[T2depth] t=48.2320 id=3737 src=stereo u=469.0 v=154.0 depth=3.6382 depth2=-1.0000 track=1 sf=10 flag=ok
[T2depth] t=48.2320 id=3739 src=stereo u=157.0 v=478.0 depth=1.4772 depth2=-1.0000 track=1 sf=10 flag=ok
[T2depth] t=48.2320 id=3740 src=stereo u=629.0 v=405.0 depth=2.0537 depth2=-1.0000 track=1 sf=10 flag=ok
[T2depth] t=48.2320 id=3741 src=stereo u=324.0 v=297.0 depth=8.4513 depth2=-1.0000 track=1 sf=10 flag=ok
[T2depth] t=48.2320 id=3742 src=stereo u=120.0 v=301.0 depth=7.5825 depth2=-1.0000 track=1 sf=10 flag=ok
[T2depth] t=48.2320 id=3743 src=stereo u=382.0 v=361.0 depth=3.0693 depth2=-1.0000 track=1 sf=10 flag=ok
[T2depth] t=48.2320 id=3744 src=stereo u=220.0 v=405.0 depth=2.1641 depth2=-1.0000 track=1 sf=10 flag=ok
[T2depth] t=48.2320 id=3745 src=stereo u=590.0 v=377.0 depth=2.4515 depth2=-1.0000 track=1 sf=10 flag=ok
[T2depth] t=48.2320 id=3746 src=stereo u=320.0 v=359.0 depth=3.0786 depth2=-1.0000 track=1 sf=10 flag=ok
[T2gate] t=48.2320 tri=116 rej=0 xrej=0 init_replace=0 gate=0
[T2slv] t=48.2320 phase=1 init_cost=655.375 final_cost=595.7 iters=9 term=1 slv_ms=11.1
[T2diag] t=48.2320 P=[0.1955 0.1608 0.6171] V=[-0.0046 0.2568 0.7472] |Bas|=0.510372 |Bgs|=0.0036372 tic0=[0.1200 0.0500 -0.0200] tic1=[0.1200 -0.0500 -0.0200] td=0.00000 track=62
[E2uls] flag=1 sh_t=48.264 new_t=48.264 dP=[0.0066 0.0077 0.0270] |dP|=0.0288 first_dt=-1.0000
time: 48.232000, t: 0.195491 0.160775 0.617120 q: 0.998678 0.012983 -0.049711 -0.001394 
[T2xcross] t=48.3280 id=3255 est=1.0980 svd=1.0203 rel=0.0707 track=3 sf=0
[T2xcross] t=48.3280 id=0 est=3.6370 svd=8.7492 rel=0.5843 track=2 sf=9
[T2xcross] t=48.3280 id=3394 est=1.7656 svd=1.9148 rel=0.0779 track=2 sf=9
[T2xcross] t=48.3280 id=3707 est=1.8269 svd=1.9682 rel=0.0718 track=2 sf=9
[T2xcross] t=48.3280 id=3709 est=1.8527 svd=2.0028 rel=0.0750 track=2 sf=9
[T2xcross] t=48.3280 id=3712 est=3.6492 svd=2.6204 rel=0.2819 track=2 sf=9
[T2xcross] t=48.3280 id=3717 est=2.2102 svd=2.3914 rel=0.0758 track=2 sf=9
[T2xcross] t=48.3280 id=3718 est=1.8160 svd=2.0044 rel=0.0940 track=2 sf=9
[T2xcross] t=48.3280 id=3721 est=2.0273 svd=2.1905 rel=0.0745 track=2 sf=9
[T2xcross] t=48.3280 id=3722 est=2.5984 svd=2.7973 rel=0.0711 track=2 sf=9
[T2xcross] t=48.3280 id=3723 est=4.4916 svd=5.1765 rel=0.1323 track=2 sf=9
[T2depth] t=48.3280 id=3724 src=motion2 u=4.4 v=316.9 depth=8.5019 depth2=-1.0000 track=2 sf=9 flag=ok
[T2xcross] t=48.3280 id=3725 est=4.7503 svd=5.2043 rel=0.0872 track=2 sf=9
[T2xcross] t=48.3280 id=3726 est=5.5657 svd=6.0112 rel=0.0741 track=2 sf=9
[T2xcross] t=48.3280 id=3727 est=4.6220 svd=5.1331 rel=0.0996 track=2 sf=9
[T2depth] t=48.3280 id=3728 src=motion2 u=4.1 v=369.7 depth=3.3309 depth2=-1.0000 track=2 sf=9 flag=ok
[T2xcross] t=48.3280 id=3742 est=7.5825 svd=9.3525 rel=0.1892 track=2 sf=9
[T2xcross] t=48.3280 id=3743 est=3.0693 svd=3.4217 rel=0.1030 track=2 sf=9
[T2xcross] t=48.3280 id=3744 est=2.1641 svd=2.3417 rel=0.0758 track=2 sf=9
[T2xcross] t=48.3280 id=3745 est=2.4515 svd=2.7898 rel=0.1213 track=2 sf=9
[T2xcross] t=48.3280 id=3746 est=3.0786 svd=3.4269 rel=0.1016 track=2 sf=9
[T2depth] t=48.3280 id=3749 src=stereo u=474.3 v=270.8 depth=3.6503 depth2=-1.0000 track=1 sf=10 flag=ok
[T2depth] t=48.3280 id=3759 src=stereo u=569.8 v=441.5 depth=1.8959 depth2=-1.0000 track=1 sf=10 flag=ok
[T2depth] t=48.3280 id=3760 src=stereo u=397.4 v=446.1 depth=1.9003 depth2=-1.0000 track=1 sf=10 flag=ok
[T2depth] t=48.3280 id=3764 src=stereo u=391.0 v=478.0 depth=1.6646 depth2=-1.0000 track=1 sf=10 flag=ok
[T2depth] t=48.3280 id=3765 src=stereo u=196.0 v=476.0 depth=1.7283 depth2=-1.0000 track=1 sf=10 flag=ok
[T2depth] t=48.3280 id=3766 src=stereo u=90.0 v=478.0 depth=1.7489 depth2=-1.0000 track=1 sf=10 flag=ok
[T2depth] t=48.3280 id=3769 src=stereo u=523.0 v=459.0 depth=1.7500 depth2=-1.0000 track=1 sf=10 flag=ok
[T2depth] t=48.3280 id=3770 src=stereo u=608.0 v=85.0 depth=2.7005 depth2=-1.0000 track=1 sf=10 flag=ok
[T2depth] t=48.3280 id=3772 src=stereo u=143.0 v=443.0 depth=2.0267 depth2=-1.0000 track=1 sf=10 flag=ok
[T2depth] t=48.3280 id=3773 src=stereo u=632.0 v=424.0 depth=2.0613 depth2=-1.0000 track=1 sf=10 flag=ok
[T2depth] t=48.3280 id=3774 src=stereo u=325.0 v=312.0 depth=7.7629 depth2=-1.0000 track=1 sf=10 flag=ok
[T2depth] t=48.3280 id=3775 src=stereo u=180.0 v=349.0 depth=4.5612 depth2=-1.0000 track=1 sf=10 flag=ok
[T2gate] t=48.3280 tri=95 rej=0 xrej=0 init_replace=0 gate=0
[T2slv] t=48.3280 phase=1 init_cost=703.913 final_cost=605.706 iters=9 term=1 slv_ms=10.3
[T2diag] t=48.3280 P=[0.1859 0.1836 0.6853] V=[-0.0706 0.2200 0.7203] |Bas|=0.552632 |Bgs|=0.0035914 tic0=[0.1200 0.0500 -0.0200] tic1=[0.1200 -0.0500 -0.0200] td=0.00000 track=70
[E2uls] flag=1 sh_t=48.356 new_t=48.356 dP=[0.0057 0.0061 0.0244] |dP|=0.0258 first_dt=-1.0000
[T2depth] t=48.3280 id=3354 src=shift u=-1 v=-1 depth=5.0000 depth2=-1.0000 track=2 sf=0 flag=init_neg
time: 48.328000, t: 0.185872 0.183573 0.685314 q: 0.997908 0.019398 -0.061669 -0.000781 
[T2xcross] t=48.4280 id=3355 est=0.1680 svd=0.4261 rel=0.6057 track=2 sf=0
[T2xcross] t=48.4280 id=3749 est=3.6503 svd=27.3299 rel=0.8664 track=2 sf=9
[T2xcross] t=48.4280 id=3759 est=1.8959 svd=1.9843 rel=0.0446 track=2 sf=9
[T2xcross] t=48.4280 id=3760 est=1.9003 svd=2.0030 rel=0.0513 track=2 sf=9
[T2depth] t=48.4280 id=3763 src=motion2 u=5.0 v=434.6 depth=2.4218 depth2=-1.0000 track=2 sf=9 flag=ok
[T2xcross] t=48.4280 id=3775 est=4.5612 svd=4.9395 rel=0.0766 track=2 sf=9
[T2depth] t=48.4280 id=3785 src=stereo u=475.0 v=201.8 depth=3.6542 depth2=-1.0000 track=1 sf=10 flag=ok
[T2depth] t=48.4280 id=3787 src=stereo u=204.1 v=446.5 depth=2.2337 depth2=-1.0000 track=1 sf=10 flag=ok
[T2depth] t=48.4280 id=3788 src=stereo u=228.6 v=320.5 depth=8.3426 depth2=-1.0000 track=1 sf=10 flag=ok
[T2depth] t=48.4280 id=3789 src=stereo u=329.8 v=316.2 depth=7.9607 depth2=-1.0000 track=1 sf=10 flag=ok
[T2depth] t=48.4280 id=3790 src=stereo u=452.5 v=386.4 depth=3.1761 depth2=-1.0000 track=1 sf=10 flag=ok
[T2depth] t=48.4280 id=3791 src=stereo u=136.1 v=361.8 depth=4.5057 depth2=-1.0000 track=1 sf=10 flag=ok
[T2depth] t=48.4280 id=3793 src=stereo u=375.0 v=471.0 depth=1.9007 depth2=-1.0000 track=1 sf=10 flag=ok
[T2depth] t=48.4280 id=3794 src=stereo u=269.0 v=476.0 depth=1.9121 depth2=-1.0000 track=1 sf=10 flag=ok
[T2depth] t=48.4280 id=3795 src=stereo u=483.0 v=470.0 depth=1.8675 depth2=-1.0000 track=1 sf=10 flag=ok
[T2depth] t=48.4280 id=3796 src=stereo u=170.0 v=477.0 depth=1.9357 depth2=-1.0000 track=1 sf=10 flag=ok
[T2depth] t=48.4280 id=3797 src=stereo u=533.0 v=476.0 depth=1.8170 depth2=-1.0000 track=1 sf=10 flag=ok
[T2depth] t=48.4280 id=3798 src=stereo u=105.0 v=477.0 depth=1.9740 depth2=-1.0000 track=1 sf=10 flag=ok
[T2depth] t=48.4280 id=3799 src=stereo u=216.0 v=478.0 depth=1.9142 depth2=-1.0000 track=1 sf=10 flag=ok
[T2depth] t=48.4280 id=3800 src=stereo u=138.0 v=476.0 depth=1.9508 depth2=-1.0000 track=1 sf=10 flag=ok
[T2depth] t=48.4280 id=3801 src=stereo u=482.0 v=340.0 depth=3.6166 depth2=-1.0000 track=1 sf=10 flag=ok
[T2depth] t=48.4280 id=3802 src=stereo u=633.0 v=474.0 depth=1.7984 depth2=-1.0000 track=1 sf=10 flag=ok
[T2depth] t=48.4280 id=3804 src=stereo u=37.0 v=474.0 depth=1.9947 depth2=-1.0000 track=1 sf=10 flag=ok
[T2depth] t=48.4280 id=3805 src=stereo u=127.0 v=324.0 depth=8.3850 depth2=-1.0000 track=1 sf=10 flag=ok
[T2depth] t=48.4280 id=3806 src=stereo u=69.0 v=401.0 depth=3.1419 depth2=-1.0000 track=1 sf=10 flag=ok
[T2depth] t=48.4280 id=3807 src=stereo u=390.0 v=323.0 depth=7.8072 depth2=-1.0000 track=1 sf=10 flag=ok
[T2gate] t=48.4280 tri=103 rej=0 xrej=0 init_replace=0 gate=0
[T2slv] t=48.4280 phase=1 init_cost=761.45 final_cost=679.695 iters=9 term=1 slv_ms=12.6
[T2diag] t=48.4280 P=[0.1688 0.2025 0.7542] V=[-0.1488 0.1706 0.7061] |Bas|=0.569442 |Bgs|=0.0035665 tic0=[0.1200 0.0500 -0.0200] tic1=[0.1200 -0.0500 -0.0200] td=0.00000 track=59
[E2uls] flag=1 sh_t=48.472 new_t=48.472 dP=[0.0009 0.0072 0.0355] |dP|=0.0363 first_dt=-1.0000
time: 48.428000, t: 0.168775 0.202539 0.754166 q: 0.997471 0.023099 -0.067223 -0.000058 
[T2xcross] t=48.5600 id=3366 est=1.2086 svd=1.2161 rel=0.0061 track=7 sf=0
[T2xcross] t=48.5600 id=3219 est=0.4253 svd=0.5559 rel=0.2349 track=2 sf=0
[T2xcross] t=48.5600 id=3383 est=1.5781 svd=1.5868 rel=0.0055 track=8 sf=0
[T2xcross] t=48.5600 id=3785 est=3.6542 svd=3.9469 rel=0.0742 track=2 sf=9
[T2depth] t=48.5600 id=3786 src=motion2 u=622.0 v=99.0 depth=2.7847 depth2=-1.0000 track=2 sf=9 flag=ok
[T2xcross] t=48.5600 id=3787 est=2.2337 svd=2.3039 rel=0.0305 track=2 sf=9
[T2xcross] t=48.5600 id=3788 est=8.3426 svd=8.6638 rel=0.0371 track=2 sf=9
[T2xcross] t=48.5600 id=3790 est=3.1761 svd=3.2478 rel=0.0221 track=2 sf=9
[T2xcross] t=48.5600 id=3791 est=4.5057 svd=4.8553 rel=0.0720 track=2 sf=9
[T2depth] t=48.5600 id=3792 src=motion2 u=3.6 v=379.7 depth=4.0517 depth2=-1.0000 track=2 sf=9 flag=ok
[T2xcross] t=48.5600 id=3801 est=3.6166 svd=5.1117 rel=0.2925 track=2 sf=9
[T2depth] t=48.5600 id=3803 src=motion2 u=502.0 v=123.0 depth=2.6940 depth2=-1.0000 track=2 sf=9 flag=ok
[T2xcross] t=48.5600 id=3805 est=8.3850 svd=9.7728 rel=0.1420 track=2 sf=9
[T2xcross] t=48.5600 id=3806 est=3.1419 svd=3.2720 rel=0.0398 track=2 sf=9
[T2xcross] t=48.5600 id=3807 est=7.8072 svd=8.5234 rel=0.0840 track=2 sf=9
[T2depth] t=48.5600 id=3263 src=stereo u=538.2 v=415.3 depth=2.7803 depth2=-1.0000 track=1 sf=10 flag=ok
[T2depth] t=48.5600 id=3524 src=stereo u=57.3 v=333.0 depth=8.4563 depth2=-1.0000 track=1 sf=10 flag=ok
[T2depth] t=48.5600 id=3690 src=stereo u=578.8 v=116.2 depth=2.7519 depth2=-1.0000 track=1 sf=10 flag=ok
[T2depth] t=48.5600 id=3811 src=stereo u=354.1 v=431.8 depth=2.6242 depth2=-1.0000 track=1 sf=10 flag=ok
[T2depth] t=48.5600 id=3816 src=stereo u=122.8 v=433.7 depth=2.7814 depth2=-1.0000 track=1 sf=10 flag=ok
[T2depth] t=48.5600 id=3817 src=stereo u=265.8 v=395.0 depth=3.5272 depth2=-1.0000 track=1 sf=10 flag=ok
[T2depth] t=48.5600 id=3818 src=stereo u=608.9 v=426.5 depth=2.4951 depth2=-1.0000 track=1 sf=10 flag=ok
[T2depth] t=48.5600 id=3819 src=stereo u=421.0 v=352.2 depth=5.1148 depth2=-1.0000 track=1 sf=10 flag=ok
[T2depth] t=48.5600 id=3820 src=stereo u=319.0 v=477.0 depth=2.0987 depth2=-1.0000 track=1 sf=10 flag=ok
[T2depth] t=48.5600 id=3821 src=stereo u=428.0 v=477.0 depth=2.0522 depth2=-1.0000 track=1 sf=10 flag=ok
[T2depth] t=48.5600 id=3822 src=stereo u=582.0 v=469.0 depth=2.0232 depth2=-1.0000 track=1 sf=10 flag=ok
[T2depth] t=48.5600 id=3823 src=stereo u=300.0 v=428.0 depth=2.7368 depth2=-1.0000 track=1 sf=10 flag=ok
[T2depth] t=48.5600 id=3824 src=stereo u=632.0 v=447.0 depth=2.2250 depth2=-1.0000 track=1 sf=10 flag=ok
[T2depth] t=48.5600 id=3825 src=stereo u=100.0 v=476.0 depth=2.2016 depth2=-1.0000 track=1 sf=10 flag=ok
[T2depth] t=48.5600 id=3827 src=stereo u=70.0 v=476.0 depth=2.2327 depth2=-1.0000 track=1 sf=10 flag=ok
[T2depth] t=48.5600 id=3828 src=stereo u=159.0 v=478.0 depth=2.1795 depth2=-1.0000 track=1 sf=10 flag=ok
[T2depth] t=48.5600 id=3829 src=stereo u=333.0 v=321.0 depth=8.5721 depth2=-1.0000 track=1 sf=10 flag=ok
[T2depth] t=48.5600 id=3830 src=stereo u=326.0 v=411.0 depth=2.9895 depth2=-1.0000 track=1 sf=10 flag=ok
[T2depth] t=48.5600 id=3831 src=stereo u=217.0 v=352.0 depth=5.6561 depth2=-1.0000 track=1 sf=10 flag=ok
[T2depth] t=48.5600 id=3832 src=stereo u=300.0 v=362.0 depth=4.4860 depth2=-1.0000 track=1 sf=10 flag=ok
[T2gate] t=48.5600 tri=98 rej=0 xrej=0 init_replace=0 gate=0
[T2slv] t=48.5600 phase=1 init_cost=692.632 final_cost=627.469 iters=9 term=1 slv_ms=21.6
[T2diag] t=48.5600 P=[0.1424 0.2234 0.8430] V=[-0.2371 0.1060 0.6879] |Bas|=0.526075 |Bgs|=0.0035277 tic0=[0.1200 0.0500 -0.0200] tic1=[0.1200 -0.0500 -0.0200] td=0.00000 track=61
[E2uls] flag=1 sh_t=48.608 new_t=48.608 dP=[-0.0098 0.0004 0.0351] |dP|=0.0365 first_dt=-1.0000
time: 48.560000, t: 0.142351 0.223443 0.843005 q: 0.997540 0.023726 -0.065968 -0.000191 
[T2xcross] t=48.6920 id=3364 est=1.3283 svd=1.3314 rel=0.0023 track=6 sf=0
[T2xcross] t=48.6920 id=3263 est=2.7803 svd=2.9371 rel=0.0534 track=2 sf=9
[T2xcross] t=48.6920 id=3690 est=2.7519 svd=2.8104 rel=0.0208 track=2 sf=9
[T2xcross] t=48.6920 id=3811 est=2.6242 svd=2.9591 rel=0.1132 track=2 sf=9
[T2xcross] t=48.6920 id=3816 est=2.7814 svd=3.2921 rel=0.1551 track=2 sf=9
[T2xcross] t=48.6920 id=3817 est=3.5272 svd=4.2508 rel=0.1702 track=2 sf=9
[T2xcross] t=48.6920 id=3818 est=2.4951 svd=2.6983 rel=0.0753 track=2 sf=9
[T2xcross] t=48.6920 id=3819 est=5.1148 svd=5.8465 rel=0.1252 track=2 sf=9
[T2xcross] t=48.6920 id=3823 est=2.7368 svd=3.1498 rel=0.1311 track=2 sf=9
[T2xcross] t=48.6920 id=3824 est=2.2250 svd=2.3807 rel=0.0654 track=2 sf=9
[T2xcross] t=48.6920 id=3830 est=2.9895 svd=3.4424 rel=0.1316 track=2 sf=9
[T2xcross] t=48.6920 id=3831 est=5.6561 svd=7.4259 rel=0.2383 track=2 sf=9
[T2xcross] t=48.6920 id=3832 est=4.4860 svd=5.6399 rel=0.2046 track=2 sf=9
[T2depth] t=48.6920 id=0 src=stereo u=481.2 v=311.3 depth=3.6778 depth2=-1.0000 track=1 sf=10 flag=ok
[T2depth] t=48.6920 id=3619 src=stereo u=363.0 v=315.2 depth=8.5868 depth2=-1.0000 track=1 sf=10 flag=ok
[T2depth] t=48.6920 id=3655 src=stereo u=301.1 v=316.8 depth=8.4048 depth2=-1.0000 track=1 sf=10 flag=ok
[T2depth] t=48.6920 id=3696 src=stereo u=105.4 v=341.9 depth=6.2886 depth2=-1.0000 track=1 sf=10 flag=ok
[T2depth] t=48.6920 id=3833 src=stereo u=433.0 v=477.7 depth=2.1525 depth2=-1.0000 track=1 sf=10 flag=ok
[T2depth] t=48.6920 id=3834 src=stereo u=95.8 v=474.5 depth=2.2584 depth2=-1.0000 track=1 sf=10 flag=ok
[T2depth] t=48.6920 id=3835 src=stereo u=207.6 v=473.5 depth=2.2284 depth2=-1.0000 track=1 sf=10 flag=ok
[T2depth] t=48.6920 id=3837 src=stereo u=130.0 v=322.2 depth=8.2226 depth2=-1.0000 track=1 sf=10 flag=ok
[T2depth] t=48.6920 id=3838 src=stereo u=269.8 v=317.5 depth=8.1071 depth2=-1.0000 track=1 sf=10 flag=ok
[T2depth] t=48.6920 id=3839 src=stereo u=333.5 v=316.0 depth=8.4128 depth2=-1.0000 track=1 sf=10 flag=ok
[T2depth] t=48.6920 id=3840 src=stereo u=46.4 v=366.4 depth=4.6896 depth2=-1.0000 track=1 sf=10 flag=ok
[T2depth] t=48.6920 id=3841 src=stereo u=324.0 v=476.0 depth=2.1853 depth2=-1.0000 track=1 sf=10 flag=ok
[T2depth] t=48.6920 id=3842 src=stereo u=589.0 v=470.0 depth=2.1212 depth2=-1.0000 track=1 sf=10 flag=ok
[T2depth] t=48.6920 id=3843 src=stereo u=479.0 v=228.0 depth=3.7365 depth2=-1.0000 track=1 sf=10 flag=ok
[T2depth] t=48.6920 id=3844 src=stereo u=163.0 v=478.0 depth=2.2346 depth2=-1.0000 track=1 sf=10 flag=ok
[T2depth] t=48.6920 id=3845 src=stereo u=477.0 v=198.0 depth=3.7384 depth2=-1.0000 track=1 sf=10 flag=ok
[T2depth] t=48.6920 id=3847 src=stereo u=55.0 v=325.0 depth=8.4523 depth2=-1.0000 track=1 sf=10 flag=ok
[T2gate] t=48.6920 tri=80 rej=0 xrej=0 init_replace=0 gate=0
[T2slv] t=48.6920 phase=1 init_cost=687.809 final_cost=588.747 iters=9 term=1 slv_ms=24.3
[T2diag] t=48.6920 P=[0.1100 0.2391 0.9152] V=[-0.2869 0.0553 0.4694] |Bas|=0.430857 |Bgs|=0.0034543 tic0=[0.1200 0.0500 -0.0200] tic1=[0.1200 -0.0500 -0.0200] td=0.00000 track=63
[E2uls] flag=1 sh_t=48.744 new_t=48.744 dP=[-0.0155 -0.0041 0.0264] |dP|=0.0309 first_dt=-1.0000
time: 48.692000, t: 0.109984 0.239086 0.915194 q: 0.998452 0.016551 -0.053096 -0.000934 
[T2xcross] t=48.7920 id=3168 est=0.9933 svd=0.9899 rel=0.0034 track=4 sf=0
[T2xcross] t=48.7920 id=3087 est=0.9133 svd=0.9095 rel=0.0042 track=3 sf=0
[T2xcross] t=48.7920 id=3295 est=4.4699 svd=5.0563 rel=0.1160 track=3 sf=0
[T2xcross] t=48.7920 id=0 est=3.6778 svd=8.8166 rel=0.5829 track=2 sf=9
[T2xcross] t=48.7920 id=3619 est=8.5868 svd=8.2337 rel=0.0411 track=2 sf=9
[T2xcross] t=48.7920 id=3655 est=8.4048 svd=7.8585 rel=0.0650 track=2 sf=9
[T2xcross] t=48.7920 id=3696 est=6.2886 svd=5.6379 rel=0.1035 track=2 sf=9
[T2xcross] t=48.7920 id=3833 est=2.1525 svd=1.9534 rel=0.0925 track=2 sf=9
[T2xcross] t=48.7920 id=3834 est=2.2584 svd=2.0414 rel=0.0961 track=2 sf=9
[T2xcross] t=48.7920 id=3835 est=2.2284 svd=1.9941 rel=0.1052 track=2 sf=9
[T2xcross] t=48.7920 id=3838 est=8.1071 svd=7.8699 rel=0.0293 track=2 sf=9
[T2xcross] t=48.7920 id=3840 est=4.6896 svd=4.3065 rel=0.0817 track=2 sf=9
[T2xcross] t=48.7920 id=3841 est=2.1853 svd=1.9769 rel=0.0954 track=2 sf=9
[T2xcross] t=48.7920 id=3842 est=2.1212 svd=2.1568 rel=0.0165 track=2 sf=9
[T2depth] t=48.7920 id=3846 src=motion2 u=3.0 v=446.0 depth=2.4585 depth2=-1.0000 track=2 sf=9 flag=ok
[T2xcross] t=48.7920 id=3847 est=8.4523 svd=5.5401 rel=0.3446 track=2 sf=9
[T2depth] t=48.7920 id=3571 src=stereo u=568.5 v=440.0 depth=2.4861 depth2=-1.0000 track=1 sf=10 flag=ok
[T2depth] t=48.7920 id=3749 src=stereo u=477.6 v=261.0 depth=3.7413 depth2=-1.0000 track=1 sf=10 flag=ok
[T2depth] t=48.7920 id=3848 src=stereo u=60.4 v=470.9 depth=2.2479 depth2=-1.0000 track=1 sf=10 flag=ok
[T2depth] t=48.7920 id=3849 src=stereo u=165.0 v=471.7 depth=2.2336 depth2=-1.0000 track=1 sf=10 flag=ok
[T2depth] t=48.7920 id=3851 src=stereo u=368.5 v=430.4 depth=2.6965 depth2=-1.0000 track=1 sf=10 flag=ok
[T2depth] t=48.7920 id=3853 src=stereo u=627.0 v=124.7 depth=13.1700 depth2=-1.0000 track=1 sf=10 flag=ok
[T2depth] t=48.7920 id=3854 src=stereo u=130.4 v=312.7 depth=8.1641 depth2=-1.0000 track=1 sf=10 flag=ok
[T2depth] t=48.7920 id=3855 src=stereo u=331.2 v=315.2 depth=7.8939 depth2=-1.0000 track=1 sf=10 flag=ok
[T2depth] t=48.7920 id=3856 src=stereo u=450.3 v=317.1 depth=7.0733 depth2=-1.0000 track=1 sf=10 flag=ok
[T2depth] t=48.7920 id=3857 src=stereo u=395.1 v=325.0 depth=6.6179 depth2=-1.0000 track=1 sf=10 flag=ok
[T2depth] t=48.7920 id=3870 src=stereo u=273.0 v=478.0 depth=2.1715 depth2=-1.0000 track=1 sf=10 flag=ok
[T2depth] t=48.7920 id=3871 src=stereo u=479.0 v=231.0 depth=3.7411 depth2=-1.0000 track=1 sf=10 flag=ok
[T2depth] t=48.7920 id=3872 src=stereo u=478.0 v=197.0 depth=3.7259 depth2=-1.0000 track=1 sf=10 flag=ok
[T2depth] t=48.7920 id=3873 src=stereo u=568.0 v=125.0 depth=2.7512 depth2=-1.0000 track=1 sf=10 flag=ok
[T2depth] t=48.7920 id=3874 src=stereo u=634.0 v=425.0 depth=2.6237 depth2=-1.0000 track=1 sf=10 flag=ok
[T2depth] t=48.7920 id=3875 src=stereo u=230.0 v=310.0 depth=8.8159 depth2=-1.0000 track=1 sf=10 flag=ok
[T2depth] t=48.7920 id=3876 src=stereo u=159.0 v=430.0 depth=2.7540 depth2=-1.0000 track=1 sf=10 flag=ok
[T2gate] t=48.7920 tri=64 rej=0 xrej=0 init_replace=0 gate=0
[T2slv] t=48.7920 phase=1 init_cost=564.54 final_cost=530.241 iters=9 term=1 slv_ms=14.2
[T2diag] t=48.7920 P=[0.0810 0.2441 0.9524] V=[-0.3080 0.0277 0.3123] |Bas|=0.428798 |Bgs|=0.0034043 tic0=[0.1200 0.0500 -0.0200] tic1=[0.1200 -0.0500 -0.0200] td=0.00000 track=69
[E2uls] flag=1 sh_t=48.832 new_t=48.832 dP=[-0.0109 -0.0011 0.0100] |dP|=0.0148 first_dt=-1.0000
time: 48.792000, t: 0.081019 0.244097 0.952422 q: 0.999015 0.010458 -0.043107 -0.001327 
[T2xcross] t=48.8920 id=3571 est=2.4861 svd=2.2901 rel=0.0788 track=2 sf=9
[T2xcross] t=48.8920 id=3749 est=3.7413 svd=12.2991 rel=0.6958 track=2 sf=9
[T2xcross] t=48.8920 id=3849 est=2.2336 svd=1.6971 rel=0.2402 track=2 sf=9
[T2xcross] t=48.8920 id=3851 est=2.6965 svd=1.8107 rel=0.3285 track=2 sf=9
[T2xcross] t=48.8920 id=3856 est=7.0733 svd=4.2096 rel=0.4049 track=2 sf=9
[T2xcross] t=48.8920 id=3870 est=2.1715 svd=1.3442 rel=0.3810 track=2 sf=9
[T2xcross] t=48.8920 id=3874 est=2.6237 svd=2.4790 rel=0.0551 track=2 sf=9
[T2depth] t=48.8920 id=3877 src=stereo u=351.6 v=469.2 depth=2.1901 depth2=-1.0000 track=1 sf=10 flag=ok
[T2depth] t=48.8920 id=3878 src=stereo u=609.2 v=470.7 depth=2.1597 depth2=-1.0000 track=1 sf=10 flag=ok
[T2depth] t=48.8920 id=3879 src=stereo u=571.6 v=474.5 depth=2.1487 depth2=-1.0000 track=1 sf=10 flag=ok
[T2depth] t=48.8920 id=3881 src=stereo u=390.6 v=397.8 depth=3.1608 depth2=-1.0000 track=1 sf=10 flag=ok
[T2depth] t=48.8920 id=3883 src=stereo u=585.0 v=126.0 depth=2.7517 depth2=-1.0000 track=1 sf=10 flag=ok
[T2depth] t=48.8920 id=3886 src=stereo u=240.8 v=302.7 depth=8.6115 depth2=-1.0000 track=1 sf=10 flag=ok
[T2depth] t=48.8920 id=3888 src=stereo u=327.6 v=315.4 depth=6.9851 depth2=-1.0000 track=1 sf=10 flag=ok
[T2depth] t=48.8920 id=3889 src=stereo u=319.0 v=472.0 depth=2.1833 depth2=-1.0000 track=1 sf=10 flag=ok
[T2depth] t=48.8920 id=3890 src=stereo u=70.0 v=464.0 depth=2.2629 depth2=-1.0000 track=1 sf=10 flag=ok
[T2depth] t=48.8920 id=3891 src=stereo u=465.0 v=407.0 depth=3.0277 depth2=-1.0000 track=1 sf=10 flag=ok
[T2depth] t=48.8920 id=3892 src=stereo u=617.0 v=125.0 depth=2.7517 depth2=-1.0000 track=1 sf=10 flag=ok
[T2depth] t=48.8920 id=3893 src=stereo u=599.0 v=438.0 depth=2.5092 depth2=-1.0000 track=1 sf=10 flag=ok
[T2depth] t=48.8920 id=3894 src=stereo u=635.0 v=455.0 depth=2.2974 depth2=-1.0000 track=1 sf=10 flag=ok
[T2depth] t=48.8920 id=3895 src=stereo u=79.0 v=305.0 depth=7.8750 depth2=-1.0000 track=1 sf=10 flag=ok
[T2depth] t=48.8920 id=3897 src=stereo u=389.0 v=313.0 depth=7.3971 depth2=-1.0000 track=1 sf=10 flag=ok
[T2depth] t=48.8920 id=3898 src=stereo u=136.0 v=320.0 depth=6.7918 depth2=-1.0000 track=1 sf=10 flag=ok
[T2depth] t=48.8920 id=3899 src=stereo u=44.0 v=307.0 depth=8.3005 depth2=-1.0000 track=1 sf=10 flag=ok
[T2gate] t=48.8920 tri=66 rej=0 xrej=0 init_replace=0 gate=0
[T2slv] t=48.8920 phase=1 init_cost=548.351 final_cost=524.231 iters=9 term=1 slv_ms=13.4
[T2diag] t=48.8920 P=[0.0499 0.2468 0.9814] V=[-0.3139 0.0099 0.2040] |Bas|=0.436372 |Bgs|=0.0033873 tic0=[0.1200 0.0500 -0.0200] tic1=[0.1200 -0.0500 -0.0200] td=0.00000 track=65
[E2uls] flag=1 sh_t=48.932 new_t=48.932 dP=[-0.0128 -0.0011 0.0010] |dP|=0.0129 first_dt=-1.0000
time: 48.892000, t: 0.049868 0.246810 0.981370 q: 0.999367 0.005888 -0.035046 -0.001577 
[T2xcross] t=48.9920 id=3877 est=2.1901 svd=0.3166 rel=0.8554 track=2 sf=9
[T2xcross] t=48.9920 id=3878 est=2.1597 svd=2.9553 rel=0.2692 track=2 sf=9
[T2xcross] t=48.9920 id=3879 est=2.1487 svd=3.0115 rel=0.2865 track=2 sf=9
[T2depth] t=48.9920 id=3880 src=motion2 u=4.9 v=470.1 depth=2.0981 depth2=-1.0000 track=2 sf=9 flag=ok
[T2xcross] t=48.9920 id=3886 est=8.6115 svd=6.8415 rel=0.2055 track=2 sf=9
[T2xcross] t=48.9920 id=3889 est=2.1833 svd=0.2307 rel=0.8944 track=2 sf=9
[T2xcross] t=48.9920 id=3890 est=2.2629 svd=2.0126 rel=0.1106 track=2 sf=9
[T2xcross] t=48.9920 id=3891 est=3.0277 svd=3.2606 rel=0.0714 track=2 sf=9
[T2xcross] t=48.9920 id=3893 est=2.5092 svd=3.2493 rel=0.2278 track=2 sf=9
[T2xcross] t=48.9920 id=3894 est=2.2974 svd=3.1723 rel=0.2758 track=2 sf=9
[T2xcross] t=48.9920 id=3897 est=7.3971 svd=5.8881 rel=0.2040 track=2 sf=9
[T2xcross] t=48.9920 id=3899 est=8.3005 svd=3.3945 rel=0.5911 track=2 sf=9
[T2depth] t=48.9920 id=3900 src=stereo u=126.5 v=470.3 depth=2.1659 depth2=-1.0000 track=1 sf=10 flag=ok
[T2depth] t=48.9920 id=3901 src=stereo u=162.0 v=472.5 depth=2.1600 depth2=-1.0000 track=1 sf=10 flag=ok
[T2depth] t=48.9920 id=3903 src=stereo u=125.9 v=409.9 depth=2.9662 depth2=-1.0000 track=1 sf=10 flag=ok
[T2depth] t=48.9920 id=3904 src=stereo u=199.2 v=299.5 depth=7.8897 depth2=-1.0000 track=1 sf=10 flag=ok
[T2depth] t=48.9920 id=3905 src=stereo u=72.5 v=316.0 depth=6.7616 depth2=-1.0000 track=1 sf=10 flag=ok
[T2depth] t=48.9920 id=3907 src=stereo u=414.0 v=335.5 depth=5.2568 depth2=-1.0000 track=1 sf=10 flag=ok
[T2depth] t=48.9920 id=3908 src=stereo u=327.5 v=310.1 depth=7.1332 depth2=-1.0000 track=1 sf=10 flag=ok
[T2depth] t=48.9920 id=3910 src=stereo u=458.0 v=478.0 depth=2.1353 depth2=-1.0000 track=1 sf=10 flag=ok
[T2depth] t=48.9920 id=3911 src=stereo u=391.0 v=477.0 depth=2.1414 depth2=-1.0000 track=1 sf=10 flag=ok
[T2depth] t=48.9920 id=3912 src=stereo u=96.0 v=476.0 depth=2.1572 depth2=-1.0000 track=1 sf=10 flag=ok
[T2depth] t=48.9920 id=3913 src=stereo u=389.0 v=394.0 depth=3.1938 depth2=-1.0000 track=1 sf=10 flag=ok
[T2depth] t=48.9920 id=3915 src=stereo u=293.0 v=410.0 depth=2.9425 depth2=-1.0000 track=1 sf=10 flag=ok
[T2depth] t=48.9920 id=3916 src=stereo u=51.0 v=477.0 depth=2.1358 depth2=-1.0000 track=1 sf=10 flag=ok
[T2depth] t=48.9920 id=3918 src=stereo u=161.0 v=416.0 depth=2.8335 depth2=-1.0000 track=1 sf=10 flag=ok
[T2depth] t=48.9920 id=3919 src=stereo u=132.0 v=300.0 depth=7.8594 depth2=-1.0000 track=1 sf=10 flag=ok
[T2gate] t=48.9920 tri=66 rej=0 xrej=0 init_replace=0 gate=0
[T2slv] t=48.9920 phase=1 init_cost=546.397 final_cost=517.051 iters=8 term=0 slv_ms=13.7
[T2diag] t=48.9920 P=[0.0195 0.2491 1.0011] V=[-0.3025 0.0040 0.1172] |Bas|=0.450816 |Bgs|=0.0033502 tic0=[0.1200 0.0500 -0.0200] tic1=[0.1200 -0.0500 -0.0200] td=0.00000 track=72
[E2uls] flag=1 sh_t=49.032 new_t=49.032 dP=[-0.0128 -0.0023 -0.0024] |dP|=0.0132 first_dt=-1.0000
time: 48.992000, t: 0.019538 0.249051 1.001119 q: 0.999562 0.002523 -0.029416 -0.002082 
[T2xcross] t=49.0920 id=3347 est=1.2373 svd=1.2305 rel=0.0055 track=4 sf=0
[T2xcross] t=49.0920 id=3100 est=0.8181 svd=0.8241 rel=0.0073 track=2 sf=0
[T2xcross] t=49.0920 id=3443 est=0.8550 svd=0.8577 rel=0.0031 track=2 sf=0
[T2xcross] t=49.0920 id=3358 est=3.3174 svd=3.1440 rel=0.0523 track=2 sf=0
[T2xcross] t=49.0920 id=3491 est=0.8587 svd=0.8761 rel=0.0199 track=2 sf=0
[T2xcross] t=49.0920 id=3495 est=0.9422 svd=0.9734 rel=0.0321 track=2 sf=0
[T2xcross] t=49.0920 id=3497 est=1.6597 svd=1.6612 rel=0.0009 track=5 sf=0
[T2xcross] t=49.0920 id=3501 est=0.9449 svd=0.9652 rel=0.0211 track=2 sf=0
[T2xcross] t=49.0920 id=3516 est=1.1644 svd=1.1653 rel=0.0007 track=3 sf=0
[T2xcross] t=49.0920 id=3518 est=0.9534 svd=0.9792 rel=0.0264 track=2 sf=0
[T2xcross] t=49.0920 id=3901 est=2.1600 svd=1.8995 rel=0.1206 track=2 sf=9
[T2xcross] t=49.0920 id=3904 est=7.8897 svd=3.2591 rel=0.5869 track=2 sf=9
[T2xcross] t=49.0920 id=3905 est=6.7616 svd=8.5306 rel=0.2074 track=2 sf=9
[T2depth] t=49.0920 id=3906 src=motion2 u=3.6 v=388.6 depth=3.0196 depth2=-1.0000 track=2 sf=9 flag=ok
[T2xcross] t=49.0920 id=3907 est=5.2568 svd=19.6835 rel=0.7329 track=2 sf=9
[T2xcross] t=49.0920 id=3908 est=7.1332 svd=3.0239 rel=0.5761 track=2 sf=9
[T2xcross] t=49.0920 id=3910 est=2.1353 svd=4.1242 rel=0.4823 track=2 sf=9
[T2xcross] t=49.0920 id=3911 est=2.1414 svd=4.9479 rel=0.5672 track=2 sf=9
[T2depth] t=49.0920 id=3914 src=motion2 u=8.0 v=420.0 depth=2.6106 depth2=-1.0000 track=2 sf=9 flag=ok
[T2xcross] t=49.0920 id=3915 est=2.9425 svd=2.8674 rel=0.0255 track=2 sf=9
[T2xcross] t=49.0920 id=3919 est=7.8594 svd=4.8489 rel=0.3830 track=2 sf=9
[T2depth] t=49.0920 id=3920 src=stereo u=52.2 v=471.1 depth=2.1344 depth2=-1.0000 track=1 sf=10 flag=ok
[T2depth] t=49.0920 id=3921 src=stereo u=193.7 v=472.5 depth=2.1170 depth2=-1.0000 track=1 sf=10 flag=ok
[T2depth] t=49.0920 id=3923 src=stereo u=449.6 v=390.6 depth=3.2201 depth2=-1.0000 track=1 sf=10 flag=ok
[T2depth] t=49.0920 id=3924 src=stereo u=132.0 v=405.2 depth=2.9694 depth2=-1.0000 track=1 sf=10 flag=ok
[T2depth] t=49.0920 id=3926 src=stereo u=386.0 v=395.3 depth=3.1776 depth2=-1.0000 track=1 sf=10 flag=ok
[T2depth] t=49.0920 id=3928 src=stereo u=117.0 v=476.0 depth=2.1107 depth2=-1.0000 track=1 sf=10 flag=ok
[T2depth] t=49.0920 id=3929 src=stereo u=244.0 v=477.0 depth=2.1134 depth2=-1.0000 track=1 sf=10 flag=ok
[T2depth] t=49.0920 id=3931 src=stereo u=275.0 v=473.0 depth=2.1428 depth2=-1.0000 track=1 sf=10 flag=ok
[T2depth] t=49.0920 id=3932 src=stereo u=631.0 v=467.0 depth=2.1875 depth2=-1.0000 track=1 sf=10 flag=ok
[T2depth] t=49.0920 id=3933 src=stereo u=107.0 v=447.0 depth=2.3427 depth2=-1.0000 track=1 sf=10 flag=ok
[T2depth] t=49.0920 id=3936 src=stereo u=476.0 v=205.0 depth=3.7308 depth2=-1.0000 track=1 sf=10 flag=ok
[T2depth] t=49.0920 id=3937 src=stereo u=594.0 v=126.0 depth=2.9236 depth2=-1.0000 track=1 sf=10 flag=ok
[T2depth] t=49.0920 id=3938 src=stereo u=212.0 v=448.0 depth=2.3408 depth2=-1.0000 track=1 sf=10 flag=ok
[T2depth] t=49.0920 id=3939 src=stereo u=322.0 v=390.0 depth=3.2165 depth2=-1.0000 track=1 sf=10 flag=ok
[T2gate] t=49.0920 tri=56 rej=0 xrej=0 init_replace=0 gate=0
[T2slv] t=49.0920 phase=1 init_cost=564.344 final_cost=538.889 iters=9 term=1 slv_ms=24.7
[T2diag] t=49.0920 P=[-0.0047 0.2566 1.0108] V=[-0.2832 0.0145 0.0451] |Bas|=0.410396 |Bgs|=0.0033072 tic0=[0.1200 0.0500 -0.0200] tic1=[0.1200 -0.0500 -0.0200] td=0.00000 track=76
[E2uls] flag=1 sh_t=49.152 new_t=49.152 dP=[-0.0206 -0.0083 -0.0044] |dP|=0.0226 first_dt=-1.0000
time: 49.092000, t: -0.004690 0.256585 1.010778 q: 0.999730 -0.002778 -0.022901 -0.002734 
[T2xcross] t=49.1640 id=3920 est=2.1344 svd=2.1277 rel=0.0031 track=2 sf=9
[T2xcross] t=49.1640 id=3921 est=2.1170 svd=2.3559 rel=0.1014 track=2 sf=9
[T2xcross] t=49.1640 id=3923 est=3.2201 svd=10.3397 rel=0.6886 track=2 sf=9
[T2xcross] t=49.1640 id=3926 est=3.1776 svd=12.1240 rel=0.7379 track=2 sf=9
[T2xcross] t=49.1640 id=3928 est=2.1107 svd=2.2054 rel=0.0429 track=2 sf=9
[T2xcross] t=49.1640 id=3929 est=2.1134 svd=2.7613 rel=0.2346 track=2 sf=9
[T2xcross] t=49.1640 id=3931 est=2.1428 svd=2.7525 rel=0.2215 track=2 sf=9
[T2xcross] t=49.1640 id=3932 est=2.1875 svd=3.1622 rel=0.3082 track=2 sf=9
[T2depth] t=49.1640 id=3934 src=motion2 u=5.0 v=448.0 depth=2.3120 depth2=-1.0000 track=2 sf=9 flag=ok
[T2xcross] t=49.1640 id=3936 est=3.7308 svd=0.1585 rel=0.9575 track=2 sf=9
[T2depth] t=49.1640 id=3941 src=stereo u=85.0 v=475.4 depth=2.0959 depth2=-1.0000 track=1 sf=10 flag=ok
[T2depth] t=49.1640 id=3942 src=stereo u=353.7 v=416.4 depth=2.8002 depth2=-1.0000 track=1 sf=10 flag=ok
[T2depth] t=49.1640 id=3944 src=stereo u=108.8 v=441.7 depth=2.3782 depth2=-1.0000 track=1 sf=10 flag=ok
[T2depth] t=49.1640 id=3945 src=stereo u=39.8 v=392.0 depth=3.1581 depth2=-1.0000 track=1 sf=10 flag=ok
[T2depth] t=49.1640 id=3946 src=stereo u=321.9 v=387.5 depth=3.2430 depth2=-1.0000 track=1 sf=10 flag=ok
[T2depth] t=49.1640 id=3948 src=stereo u=410.7 v=324.1 depth=5.6677 depth2=-1.0000 track=1 sf=10 flag=ok
[T2depth] t=49.1640 id=3956 src=stereo u=383.0 v=469.0 depth=2.1434 depth2=-1.0000 track=1 sf=10 flag=ok
[T2depth] t=49.1640 id=3957 src=stereo u=524.0 v=477.0 depth=2.1068 depth2=-1.0000 track=1 sf=10 flag=ok
[T2depth] t=49.1640 id=3959 src=stereo u=133.0 v=292.0 depth=7.9339 depth2=-1.0000 track=1 sf=10 flag=ok
[T2gate] t=49.1640 tri=50 rej=0 xrej=0 init_replace=0 gate=0
[T2slv] t=49.1640 phase=1 init_cost=559.604 final_cost=541.981 iters=9 term=1 slv_ms=18.6
[T2diag] t=49.1640 P=[-0.0244 0.2604 1.0151] V=[-0.2648 0.0208 0.0036] |Bas|=0.409799 |Bgs|=0.0032833 tic0=[0.1200 0.0500 -0.0200] tic1=[0.1200 -0.0500 -0.0200] td=0.00000 track=81
[E2uls] flag=1 sh_t=49.208 new_t=49.208 dP=[-0.0102 -0.0026 -0.0050] |dP|=0.0117 first_dt=-1.0000
time: 49.164000, t: -0.024421 0.260372 1.015099 q: 0.999778 -0.004999 -0.020252 -0.002945 
[T2xcross] t=49.2920 id=3264 est=1.1186 svd=1.1128 rel=0.0052 track=2 sf=0
[T2xcross] t=49.2920 id=3459 est=1.0670 svd=1.0499 rel=0.0161 track=2 sf=0
[T2xcross] t=49.2920 id=3539 est=1.0602 svd=1.0757 rel=0.0145 track=2 sf=0
[T2xcross] t=49.2920 id=3541 est=1.0166 svd=1.0140 rel=0.0025 track=2 sf=0
[T2xcross] t=49.2920 id=3941 est=2.0959 svd=1.9723 rel=0.0590 track=2 sf=9
[T2xcross] t=49.2920 id=3942 est=2.8002 svd=2.9270 rel=0.0433 track=2 sf=9
[T2xcross] t=49.2920 id=3945 est=3.1581 svd=2.7849 rel=0.1182 track=2 sf=9
[T2xcross] t=49.2920 id=3946 est=3.2430 svd=3.1587 rel=0.0260 track=2 sf=9
[T2xcross] t=49.2920 id=3957 est=2.1068 svd=2.4078 rel=0.1250 track=2 sf=9
[T2depth] t=49.2920 id=3958 src=motion2 u=2.0 v=380.0 depth=2.9217 depth2=-1.0000 track=2 sf=9 flag=ok
[T2depth] t=49.2920 id=3960 src=stereo u=458.1 v=464.8 depth=2.1659 depth2=-1.0000 track=1 sf=10 flag=ok
[T2depth] t=49.2920 id=3961 src=stereo u=332.2 v=473.5 depth=2.0757 depth2=-1.0000 track=1 sf=10 flag=ok
[T2depth] t=49.2920 id=3962 src=stereo u=427.4 v=473.8 depth=2.0984 depth2=-1.0000 track=1 sf=10 flag=ok
[T2depth] t=49.2920 id=3964 src=stereo u=578.4 v=123.7 depth=2.9227 depth2=-1.0000 track=1 sf=10 flag=ok
[T2depth] t=49.2920 id=3965 src=stereo u=635.1 v=427.0 depth=2.6077 depth2=-1.0000 track=1 sf=10 flag=ok
[T2depth] t=49.2920 id=3966 src=stereo u=246.0 v=464.0 depth=2.1367 depth2=-1.0000 track=1 sf=10 flag=ok
[T2depth] t=49.2920 id=3967 src=stereo u=192.0 v=477.0 depth=2.0488 depth2=-1.0000 track=1 sf=10 flag=ok
[T2depth] t=49.2920 id=3968 src=stereo u=370.0 v=471.0 depth=2.1057 depth2=-1.0000 track=1 sf=10 flag=ok
[T2depth] t=49.2920 id=3969 src=stereo u=149.0 v=476.0 depth=2.0417 depth2=-1.0000 track=1 sf=10 flag=ok
[T2depth] t=49.2920 id=3971 src=stereo u=488.0 v=475.0 depth=2.0930 depth2=-1.0000 track=1 sf=10 flag=ok
[T2depth] t=49.2920 id=3972 src=stereo u=215.0 v=449.0 depth=2.2650 depth2=-1.0000 track=1 sf=10 flag=ok
[T2depth] t=49.2920 id=3973 src=stereo u=385.0 v=387.0 depth=3.2218 depth2=-1.0000 track=1 sf=10 flag=ok
[T2gate] t=49.2920 tri=44 rej=0 xrej=0 init_replace=0 gate=0
[T2slv] t=49.2920 phase=1 init_cost=621.979 final_cost=576.609 iters=9 term=1 slv_ms=25.7
[T2diag] t=49.2920 P=[-0.0516 0.2677 1.0123] V=[-0.2243 0.0355 -0.0617] |Bas|=0.370516 |Bgs|=0.0032368 tic0=[0.1200 0.0500 -0.0200] tic1=[0.1200 -0.0500 -0.0200] td=0.00000 track=81
[E2uls] flag=1 sh_t=49.352 new_t=49.352 dP=[-0.0160 -0.0041 -0.0084] |dP|=0.0185 first_dt=-1.0000
time: 49.292000, t: -0.051599 0.267667 1.012289 q: 0.999849 -0.009248 -0.014427 -0.002763 
[T2xcross] t=49.3920 id=3964 est=2.9227 svd=0.2825 rel=0.9033 track=2 sf=9
[T2xcross] t=49.3920 id=3965 est=2.6077 svd=3.3147 rel=0.2133 track=2 sf=9
[T2xcross] t=49.3920 id=3967 est=2.0488 svd=1.9780 rel=0.0346 track=2 sf=9
[T2xcross] t=49.3920 id=3968 est=2.1057 svd=2.1438 rel=0.0178 track=2 sf=9
[T2depth] t=49.3920 id=3970 src=motion2 u=20.0 v=478.0 depth=1.8192 depth2=-1.0000 track=2 sf=9 flag=ok
[T2xcross] t=49.3920 id=3971 est=2.0930 svd=2.3046 rel=0.0918 track=2 sf=9
[T2xcross] t=49.3920 id=3972 est=2.2650 svd=2.1745 rel=0.0399 track=2 sf=9
[T2xcross] t=49.3920 id=3973 est=3.2218 svd=3.6063 rel=0.1066 track=2 sf=9
[T2depth] t=49.3920 id=3974 src=stereo u=244.3 v=472.7 depth=2.0362 depth2=-1.0000 track=1 sf=10 flag=ok
[T2depth] t=49.3920 id=3975 src=stereo u=332.5 v=466.0 depth=2.0749 depth2=-1.0000 track=1 sf=10 flag=ok
[T2depth] t=49.3920 id=3976 src=stereo u=58.5 v=448.8 depth=2.2084 depth2=-1.0000 track=1 sf=10 flag=ok
[T2depth] t=49.3920 id=3977 src=stereo u=519.1 v=473.2 depth=2.0754 depth2=-1.0000 track=1 sf=10 flag=ok
[T2depth] t=49.3920 id=3978 src=stereo u=299.8 v=471.8 depth=2.0398 depth2=-1.0000 track=1 sf=10 flag=ok
[T2depth] t=49.3920 id=3979 src=stereo u=571.5 v=473.3 depth=2.0745 depth2=-1.0000 track=1 sf=10 flag=ok
[T2depth] t=49.3920 id=3981 src=stereo u=155.0 v=474.0 depth=2.0098 depth2=-1.0000 track=1 sf=10 flag=ok
[T2depth] t=49.3920 id=3982 src=stereo u=437.0 v=472.0 depth=2.0484 depth2=-1.0000 track=1 sf=10 flag=ok
[T2depth] t=49.3920 id=3983 src=stereo u=403.0 v=478.0 depth=2.0312 depth2=-1.0000 track=1 sf=10 flag=ok
[T2depth] t=49.3920 id=3984 src=stereo u=72.0 v=478.0 depth=1.9850 depth2=-1.0000 track=1 sf=10 flag=ok
[T2depth] t=49.3920 id=3985 src=stereo u=605.0 v=477.0 depth=2.0616 depth2=-1.0000 track=1 sf=10 flag=ok
[T2depth] t=49.3920 id=3986 src=stereo u=579.0 v=414.0 depth=2.7337 depth2=-1.0000 track=1 sf=10 flag=ok
[T2depth] t=49.3920 id=3987 src=stereo u=638.0 v=476.0 depth=2.0645 depth2=-1.0000 track=1 sf=10 flag=ok
[T2depth] t=49.3920 id=3988 src=stereo u=343.0 v=284.0 depth=8.8966 depth2=-1.0000 track=1 sf=10 flag=ok
[T2depth] t=49.3920 id=3989 src=stereo u=90.0 v=369.0 depth=3.3462 depth2=-1.0000 track=1 sf=10 flag=ok
[T2depth] t=49.3920 id=3990 src=stereo u=446.0 v=375.0 depth=3.3807 depth2=-1.0000 track=1 sf=10 flag=ok
[T2gate] t=49.3920 tri=46 rej=0 xrej=0 init_replace=0 gate=0
[T2slv] t=49.3920 phase=1 init_cost=600.119 final_cost=580.393 iters=9 term=1 slv_ms=18.6
[T2diag] t=49.3920 P=[-0.0740 0.2754 1.0044] V=[-0.1927 0.0548 -0.1073] |Bas|=0.364440 |Bgs|=0.0031508 tic0=[0.1200 0.0500 -0.0200] tic1=[0.1200 -0.0500 -0.0200] td=0.00000 track=77
[E2uls] flag=1 sh_t=49.440 new_t=49.440 dP=[-0.0058 -0.0020 -0.0082] |dP|=0.0102 first_dt=-1.0000
time: 49.392000, t: -0.073957 0.275434 1.004365 q: 0.999877 -0.010972 -0.010816 -0.002792 
[T2xcross] t=49.4920 id=3970 est=1.8192 svd=1.9876 rel=0.0847 track=2 sf=9
[T2xcross] t=49.4920 id=3974 est=2.0362 svd=2.0340 rel=0.0011 track=2 sf=9
[T2xcross] t=49.4920 id=3976 est=2.2084 svd=2.2206 rel=0.0055 track=2 sf=9
[T2xcross] t=49.4920 id=3977 est=2.0754 svd=2.1124 rel=0.0175 track=2 sf=9
[T2xcross] t=49.4920 id=3979 est=2.0745 svd=2.1170 rel=0.0201 track=2 sf=9
[T2xcross] t=49.4920 id=3981 est=2.0098 svd=1.9886 rel=0.0106 track=2 sf=9
[T2xcross] t=49.4920 id=3982 est=2.0484 svd=2.1266 rel=0.0368 track=2 sf=9
[T2xcross] t=49.4920 id=3983 est=2.0312 svd=2.0881 rel=0.0272 track=2 sf=9
[T2xcross] t=49.4920 id=3984 est=1.9850 svd=1.9177 rel=0.0339 track=2 sf=9
[T2xcross] t=49.4920 id=3986 est=2.7337 svd=2.9169 rel=0.0628 track=2 sf=9
[T2xcross] t=49.4920 id=3987 est=2.0645 svd=2.2888 rel=0.0980 track=2 sf=9
[T2xcross] t=49.4920 id=3989 est=3.3462 svd=3.4073 rel=0.0179 track=2 sf=9
[T2xcross] t=49.4920 id=3990 est=3.3807 svd=3.7126 rel=0.0894 track=2 sf=9
[T2depth] t=49.4920 id=3991 src=stereo u=299.4 v=469.5 depth=2.0098 depth2=-1.0000 track=1 sf=10 flag=ok
[T2depth] t=49.4920 id=3992 src=stereo u=602.4 v=469.7 depth=2.0477 depth2=-1.0000 track=1 sf=10 flag=ok
[T2depth] t=49.4920 id=3993 src=stereo u=111.8 v=470.4 depth=1.9749 depth2=-1.0000 track=1 sf=10 flag=ok
[T2depth] t=49.4920 id=3994 src=stereo u=51.5 v=408.6 depth=2.6123 depth2=-1.0000 track=1 sf=10 flag=ok
[T2depth] t=49.4920 id=3995 src=stereo u=343.3 v=280.7 depth=7.8840 depth2=-1.0000 track=1 sf=10 flag=ok
[T2depth] t=49.4920 id=3999 src=stereo u=345.0 v=475.0 depth=1.9881 depth2=-1.0000 track=1 sf=10 flag=ok
[T2depth] t=49.4920 id=4001 src=stereo u=98.0 v=430.0 depth=2.3444 depth2=-1.0000 track=1 sf=10 flag=ok
[T2depth] t=49.4920 id=4003 src=stereo u=88.0 v=276.0 depth=8.8545 depth2=-1.0000 track=1 sf=10 flag=ok
[T2depth] t=49.4920 id=4004 src=stereo u=329.0 v=356.0 depth=3.7343 depth2=-1.0000 track=1 sf=10 flag=ok
[T2gate] t=49.4920 tri=41 rej=0 xrej=0 init_replace=0 gate=0
[T2slv] t=49.4920 phase=1 init_cost=602.038 final_cost=585.158 iters=9 term=1 slv_ms=20.0
[T2diag] t=49.4920 P=[-0.0941 0.2836 0.9922] V=[-0.1587 0.0690 -0.1475] |Bas|=0.359584 |Bgs|=0.0030238 tic0=[0.1200 0.0500 -0.0200] tic1=[0.1200 -0.0500 -0.0200] td=0.00000 track=86
[E2uls] flag=1 sh_t=49.544 new_t=49.544 dP=[-0.0025 0.0009 -0.0100] |dP|=0.0103 first_dt=-1.0000
time: 49.492000, t: -0.094120 0.283569 0.992199 q: 0.999897 -0.012043 -0.007450 -0.002349 
[T2xcross] t=49.5920 id=3991 est=2.0098 svd=1.9356 rel=0.0369 track=2 sf=9
[T2xcross] t=49.5920 id=3992 est=2.0477 svd=2.0348 rel=0.0063 track=2 sf=9
[T2xcross] t=49.5920 id=3993 est=1.9749 svd=1.9400 rel=0.0177 track=2 sf=9
[T2xcross] t=49.5920 id=3995 est=7.8840 svd=5.4934 rel=0.3032 track=2 sf=9
[T2depth] t=49.5920 id=3997 src=motion2 u=4.5 v=363.4 depth=3.1777 depth2=-1.0000 track=2 sf=9 flag=ok
[T2xcross] t=49.5920 id=3999 est=1.9881 svd=1.9853 rel=0.0014 track=2 sf=9
[T2depth] t=49.5920 id=4000 src=motion2 u=2.0 v=444.0 depth=2.1243 depth2=-1.0000 track=2 sf=9 flag=ok
[T2xcross] t=49.5920 id=4001 est=2.3444 svd=2.2664 rel=0.0333 track=2 sf=9
[T2depth] t=49.5920 id=4002 src=motion2 u=4.0 v=478.0 depth=1.8950 depth2=-1.0000 track=2 sf=9 flag=ok
[T2xcross] t=49.5920 id=4003 est=8.8545 svd=10.5963 rel=0.1644 track=2 sf=9
[T2depth] t=49.5920 id=4007 src=stereo u=329.1 v=363.3 depth=3.3477 depth2=-1.0000 track=1 sf=10 flag=ok
[T2depth] t=49.5920 id=4009 src=stereo u=551.0 v=471.0 depth=1.9729 depth2=-1.0000 track=1 sf=10 flag=ok
[T2depth] t=49.5920 id=4010 src=stereo u=272.0 v=477.0 depth=1.9164 depth2=-1.0000 track=1 sf=10 flag=ok
[T2depth] t=49.5920 id=4011 src=stereo u=467.0 v=473.0 depth=1.9662 depth2=-1.0000 track=1 sf=10 flag=ok
[T2depth] t=49.5920 id=4012 src=stereo u=637.0 v=472.0 depth=1.9756 depth2=-1.0000 track=1 sf=10 flag=ok
[T2depth] t=49.5920 id=4013 src=stereo u=218.0 v=477.0 depth=1.9172 depth2=-1.0000 track=1 sf=10 flag=ok
[T2depth] t=49.5920 id=4014 src=stereo u=477.0 v=204.0 depth=3.8655 depth2=-1.0000 track=1 sf=10 flag=ok
[T2depth] t=49.5920 id=4015 src=stereo u=577.0 v=399.0 depth=2.8059 depth2=-1.0000 track=1 sf=10 flag=ok
[T2depth] t=49.5920 id=4016 src=stereo u=104.0 v=325.0 depth=4.4829 depth2=-1.0000 track=1 sf=10 flag=ok
[T2depth] t=49.5920 id=4017 src=stereo u=444.0 v=362.0 depth=3.4942 depth2=-1.0000 track=1 sf=10 flag=ok
[T2depth] t=49.5920 id=4018 src=stereo u=74.0 v=305.0 depth=5.6285 depth2=-1.0000 track=1 sf=10 flag=ok
[T2gate] t=49.5920 tri=40 rej=0 xrej=0 init_replace=0 gate=0
[T2slv] t=49.5920 phase=1 init_cost=681.055 final_cost=602.345 iters=9 term=1 slv_ms=18.8
[T2diag] t=49.5920 P=[-0.1086 0.2911 0.9735] V=[-0.1149 0.0843 -0.1844] |Bas|=0.390402 |Bgs|=0.0028449 tic0=[0.1200 0.0500 -0.0200] tic1=[0.1200 -0.0500 -0.0200] td=0.00000 track=87
[E2uls] flag=1 sh_t=49.636 new_t=49.636 dP=[-0.0032 0.0036 -0.0069] |dP|=0.0084 first_dt=-1.0000
time: 49.592000, t: -0.108584 0.291140 0.973497 q: 0.999920 -0.010687 -0.006500 -0.001932 
[T2depth] t=49.6920 id=4005 src=motion2 u=637.3 v=394.6 depth=3.1434 depth2=-1.0000 track=2 sf=9 flag=ok
[T2xcross] t=49.6920 id=4007 est=3.3477 svd=3.7678 rel=0.1115 track=2 sf=9
[T2depth] t=49.6920 id=4008 src=motion2 u=3.0 v=327.1 depth=5.1962 depth2=-1.0000 track=2 sf=9 flag=ok
[T2xcross] t=49.6920 id=4009 est=1.9729 svd=2.0492 rel=0.0372 track=2 sf=9
[T2xcross] t=49.6920 id=4010 est=1.9164 svd=2.0499 rel=0.0651 track=2 sf=9
[T2xcross] t=49.6920 id=4012 est=1.9756 svd=2.0397 rel=0.0314 track=2 sf=9
[T2xcross] t=49.6920 id=4014 est=3.8655 svd=7.3770 rel=0.4760 track=2 sf=9
[T2xcross] t=49.6920 id=4015 est=2.8059 svd=3.0437 rel=0.0781 track=2 sf=9
[T2xcross] t=49.6920 id=4017 est=3.4942 svd=3.9080 rel=0.1059 track=2 sf=9
[T2xcross] t=49.6920 id=4018 est=5.6285 svd=7.4257 rel=0.2420 track=2 sf=9
[T2depth] t=49.6920 id=3937 src=stereo u=617.6 v=106.3 depth=3.1181 depth2=-1.0000 track=1 sf=10 flag=ok
[T2depth] t=49.6920 id=4019 src=stereo u=138.0 v=463.7 depth=1.9275 depth2=-1.0000 track=1 sf=10 flag=ok
[T2depth] t=49.6920 id=4020 src=stereo u=603.2 v=471.6 depth=1.9160 depth2=-1.0000 track=1 sf=10 flag=ok
[T2depth] t=49.6920 id=4021 src=stereo u=191.8 v=472.5 depth=1.8759 depth2=-1.0000 track=1 sf=10 flag=ok
[T2depth] t=49.6920 id=4022 src=stereo u=458.7 v=472.0 depth=1.9188 depth2=-1.0000 track=1 sf=10 flag=ok
[T2depth] t=49.6920 id=4023 src=stereo u=385.0 v=473.2 depth=1.8829 depth2=-1.0000 track=1 sf=10 flag=ok
[T2depth] t=49.6920 id=4024 src=stereo u=58.3 v=473.9 depth=1.8596 depth2=-1.0000 track=1 sf=10 flag=ok
[T2depth] t=49.6920 id=4025 src=stereo u=223.1 v=413.6 depth=2.4150 depth2=-1.0000 track=1 sf=10 flag=ok
[T2depth] t=49.6920 id=4026 src=stereo u=272.3 v=342.7 depth=3.8832 depth2=-1.0000 track=1 sf=10 flag=ok
[T2depth] t=49.6920 id=4028 src=stereo u=496.0 v=476.0 depth=1.8927 depth2=-1.0000 track=1 sf=10 flag=ok
[T2depth] t=49.6920 id=4029 src=stereo u=167.0 v=449.0 depth=2.0456 depth2=-1.0000 track=1 sf=10 flag=ok
[T2depth] t=49.6920 id=4030 src=stereo u=230.0 v=478.0 depth=1.8578 depth2=-1.0000 track=1 sf=10 flag=ok
[T2depth] t=49.6920 id=4031 src=stereo u=350.0 v=398.0 depth=2.6701 depth2=-1.0000 track=1 sf=10 flag=ok
[T2depth] t=49.6920 id=4032 src=stereo u=269.0 v=380.0 depth=2.9525 depth2=-1.0000 track=1 sf=10 flag=ok
[T2depth] t=49.6920 id=4034 src=stereo u=49.0 v=406.0 depth=2.4896 depth2=-1.0000 track=1 sf=10 flag=ok
[T2depth] t=49.6920 id=4035 src=stereo u=326.0 v=476.0 depth=1.8883 depth2=-1.0000 track=1 sf=10 flag=ok
[T2depth] t=49.6920 id=4036 src=stereo u=110.0 v=478.0 depth=1.8557 depth2=-1.0000 track=1 sf=10 flag=ok
[T2depth] t=49.6920 id=4037 src=stereo u=209.0 v=273.0 depth=8.7145 depth2=-1.0000 track=1 sf=10 flag=ok
[T2depth] t=49.6920 id=4038 src=stereo u=527.0 v=478.0 depth=1.8828 depth2=-1.0000 track=1 sf=10 flag=ok
[T2depth] t=49.6920 id=4040 src=stereo u=95.0 v=353.0 depth=3.4670 depth2=-1.0000 track=1 sf=10 flag=ok
[T2depth] t=49.6920 id=4041 src=stereo u=106.0 v=322.0 depth=4.4595 depth2=-1.0000 track=1 sf=10 flag=ok
[T2gate] t=49.6920 tri=49 rej=0 xrej=0 init_replace=0 gate=0
[T2slv] t=49.6920 phase=1 init_cost=575.698 final_cost=558.998 iters=9 term=1 slv_ms=25.4
[T2diag] t=49.6920 P=[-0.1182 0.3036 0.9548] V=[-0.0737 0.0998 -0.2059] |Bas|=0.374030 |Bgs|=0.0027134 tic0=[0.1200 0.0500 -0.0200] tic1=[0.1200 -0.0500 -0.0200] td=0.00000 track=84
[E2uls] flag=1 sh_t=49.744 new_t=49.744 dP=[-0.0013 0.0009 -0.0123] |dP|=0.0124 first_dt=-1.0000
time: 49.692000, t: -0.118179 0.303593 0.954782 q: 0.999940 -0.010193 -0.003686 -0.001791 
[T2xcross] t=49.7920 id=3506 est=1.5753 svd=1.6202 rel=0.0277 track=2 sf=0
[T2xcross] t=49.7920 id=4019 est=1.9275 svd=1.9687 rel=0.0210 track=2 sf=9
[T2xcross] t=49.7920 id=4020 est=1.9160 svd=1.9102 rel=0.0031 track=2 sf=9
[T2xcross] t=49.7920 id=4022 est=1.9188 svd=1.9118 rel=0.0036 track=2 sf=9
[T2xcross] t=49.7920 id=4023 est=1.8829 svd=1.8952 rel=0.0065 track=2 sf=9
[T2xcross] t=49.7920 id=4024 est=1.8596 svd=1.9091 rel=0.0260 track=2 sf=9
[T2xcross] t=49.7920 id=4025 est=2.4150 svd=2.4955 rel=0.0323 track=2 sf=9
[T2xcross] t=49.7920 id=4026 est=3.8832 svd=4.2388 rel=0.0839 track=2 sf=9
[T2xcross] t=49.7920 id=4028 est=1.8927 svd=1.9189 rel=0.0136 track=2 sf=9
[T2xcross] t=49.7920 id=4029 est=2.0456 svd=2.0693 rel=0.0115 track=2 sf=9
[T2xcross] t=49.7920 id=4030 est=1.8578 svd=1.8593 rel=0.0008 track=2 sf=9
[T2xcross] t=49.7920 id=4031 est=2.6701 svd=2.7434 rel=0.0267 track=2 sf=9
[T2depth] t=49.7920 id=4033 src=motion2 u=2.0 v=390.0 depth=2.8872 depth2=-1.0000 track=2 sf=9 flag=ok
[T2xcross] t=49.7920 id=4034 est=2.4896 svd=2.5863 rel=0.0374 track=2 sf=9
[T2xcross] t=49.7920 id=4036 est=1.8557 svd=1.9056 rel=0.0262 track=2 sf=9
[T2xcross] t=49.7920 id=4038 est=1.8828 svd=1.8937 rel=0.0057 track=2 sf=9
[T2xcross] t=49.7920 id=4041 est=4.4595 svd=4.8885 rel=0.0878 track=2 sf=9
[T2depth] t=49.7920 id=4042 src=stereo u=431.4 v=473.4 depth=1.8475 depth2=-1.0000 track=1 sf=10 flag=ok
[T2depth] t=49.7920 id=4044 src=stereo u=406.6 v=378.1 depth=2.8951 depth2=-1.0000 track=1 sf=10 flag=ok
[T2depth] t=49.7920 id=4046 src=stereo u=272.8 v=374.5 depth=2.9698 depth2=-1.0000 track=1 sf=10 flag=ok
[T2depth] t=49.7920 id=4047 src=stereo u=478.7 v=173.0 depth=3.7945 depth2=-1.0000 track=1 sf=10 flag=ok
[T2depth] t=49.7920 id=4049 src=stereo u=315.0 v=477.0 depth=1.8245 depth2=-1.0000 track=1 sf=10 flag=ok
[T2depth] t=49.7920 id=4050 src=stereo u=191.0 v=468.0 depth=1.8596 depth2=-1.0000 track=1 sf=10 flag=ok
[T2depth] t=49.7920 id=4051 src=stereo u=633.0 v=478.0 depth=1.8394 depth2=-1.0000 track=1 sf=10 flag=ok
[T2depth] t=49.7920 id=4052 src=stereo u=635.0 v=447.0 depth=2.0451 depth2=-1.0000 track=1 sf=10 flag=ok
[T2depth] t=49.7920 id=4053 src=stereo u=503.0 v=404.0 depth=2.5550 depth2=-1.0000 track=1 sf=10 flag=ok
[T2depth] t=49.7920 id=4054 src=stereo u=605.0 v=101.0 depth=2.9236 depth2=-1.0000 track=1 sf=10 flag=ok
[T2depth] t=49.7920 id=4055 src=stereo u=91.0 v=271.0 depth=8.7256 depth2=-1.0000 track=1 sf=10 flag=ok
[T2depth] t=49.7920 id=4056 src=stereo u=329.0 v=372.0 depth=3.0000 depth2=-1.0000 track=1 sf=10 flag=ok
[T2depth] t=49.7920 id=4057 src=stereo u=198.0 v=271.0 depth=8.6960 depth2=-1.0000 track=1 sf=10 flag=ok
[T2depth] t=49.7920 id=4058 src=stereo u=98.0 v=350.0 depth=3.4960 depth2=-1.0000 track=1 sf=10 flag=ok
[T2gate] t=49.7920 tri=33 rej=0 xrej=0 init_replace=0 gate=0
[T2slv] t=49.7920 phase=1 init_cost=575.539 final_cost=546.291 iters=9 term=1 slv_ms=25.0
[T2diag] t=49.7920 P=[-0.1246 0.3121 0.9322] V=[-0.0323 0.1006 -0.2205] |Bas|=0.364780 |Bgs|=0.0025516 tic0=[0.1200 0.0500 -0.0200] tic1=[0.1200 -0.0500 -0.0200] td=0.00000 track=91
[E2uls] flag=1 sh_t=49.848 new_t=49.848 dP=[0.0022 0.0075 -0.0117] |dP|=0.0141 first_dt=-1.0000
time: 49.792000, t: -0.124599 0.312127 0.932160 q: 0.999973 -0.006603 -0.002992 -0.001246 
[T2xcross] t=49.8920 id=4042 est=1.8475 svd=1.8926 rel=0.0238 track=2 sf=9
[T2xcross] t=49.8920 id=4044 est=2.8951 svd=2.9931 rel=0.0327 track=2 sf=9
[T2xcross] t=49.8920 id=4046 est=2.9698 svd=2.9882 rel=0.0062 track=2 sf=9
[T2xcross] t=49.8920 id=4049 est=1.8245 svd=1.8406 rel=0.0087 track=2 sf=9
[T2xcross] t=49.8920 id=4050 est=1.8596 svd=1.8408 rel=0.0101 track=2 sf=9
[T2xcross] t=49.8920 id=4051 est=1.8394 svd=1.9307 rel=0.0473 track=2 sf=9
[T2xcross] t=49.8920 id=4053 est=2.5550 svd=2.7183 rel=0.0601 track=2 sf=9
[T2xcross] t=49.8920 id=4055 est=8.7256 svd=11.8163 rel=0.2616 track=2 sf=9
[T2xcross] t=49.8920 id=4056 est=3.0000 svd=3.0559 rel=0.0183 track=2 sf=9
[T2depth] t=49.8920 id=4059 src=motion2 u=5.0 v=323.0 depth=4.6382 depth2=-1.0000 track=2 sf=9 flag=ok
[T2depth] t=49.8920 id=3749 src=stereo u=477.3 v=230.7 depth=3.9570 depth2=-1.0000 track=1 sf=10 flag=ok
[T2depth] t=49.8920 id=4060 src=stereo u=36.5 v=464.4 depth=1.8571 depth2=-1.0000 track=1 sf=10 flag=ok
[T2depth] t=49.8920 id=4061 src=stereo u=466.3 v=472.3 depth=1.7993 depth2=-1.0000 track=1 sf=10 flag=ok
[T2depth] t=49.8920 id=4062 src=stereo u=96.3 v=447.5 depth=1.9913 depth2=-1.0000 track=1 sf=10 flag=ok
[T2depth] t=49.8920 id=4064 src=stereo u=537.3 v=470.2 depth=1.8247 depth2=-1.0000 track=1 sf=10 flag=ok
[T2depth] t=49.8920 id=4068 src=stereo u=582.3 v=474.0 depth=1.8250 depth2=-1.0000 track=1 sf=10 flag=ok
[T2depth] t=49.8920 id=4069 src=stereo u=394.0 v=473.0 depth=1.8101 depth2=-1.0000 track=1 sf=10 flag=ok
[T2depth] t=49.8920 id=4070 src=stereo u=363.0 v=477.0 depth=1.7905 depth2=-1.0000 track=1 sf=10 flag=ok
[T2depth] t=49.8920 id=4072 src=stereo u=607.0 v=96.0 depth=2.9236 depth2=-1.0000 track=1 sf=10 flag=ok
[T2depth] t=49.8920 id=4074 src=stereo u=558.0 v=414.0 depth=2.3312 depth2=-1.0000 track=1 sf=10 flag=ok
[T2depth] t=49.8920 id=4075 src=stereo u=166.0 v=478.0 depth=1.7862 depth2=-1.0000 track=1 sf=10 flag=ok
[T2gate] t=49.8920 tri=33 rej=0 xrej=0 init_replace=0 gate=0
[T2slv] t=49.8920 phase=1 init_cost=542.468 final_cost=531.717 iters=9 term=1 slv_ms=26.7
[T2diag] t=49.8920 P=[-0.1262 0.3210 0.9097] V=[0.0096 0.0977 -0.2269] |Bas|=0.364817 |Bgs|=0.0025493 tic0=[0.1200 0.0500 -0.0200] tic1=[0.1200 -0.0500 -0.0200] td=0.00000 track=92
[E2uls] flag=1 sh_t=49.952 new_t=49.952 dP=[0.0033 0.0065 -0.0129] |dP|=0.0148 first_dt=-1.0000
time: 49.892000, t: -0.126222 0.320983 0.909736 q: 0.999986 -0.004061 -0.003375 -0.000955 
[T2xcross] t=49.9920 id=3749 est=3.9570 svd=42.1397 rel=0.9061 track=2 sf=9
[T2xcross] t=49.9920 id=4060 est=1.8571 svd=1.9807 rel=0.0624 track=2 sf=9
[T2xcross] t=49.9920 id=4061 est=1.7993 svd=1.9522 rel=0.0783 track=2 sf=9
[T2xcross] t=49.9920 id=4062 est=1.9913 svd=2.1556 rel=0.0762 track=2 sf=9
[T2depth] t=49.9920 id=4063 src=motion2 u=4.5 v=457.5 depth=2.0465 depth2=-1.0000 track=2 sf=9 flag=ok
[T2xcross] t=49.9920 id=4068 est=1.8250 svd=2.0084 rel=0.0913 track=2 sf=9
[T2xcross] t=49.9920 id=4069 est=1.8101 svd=1.9438 rel=0.0688 track=2 sf=9
[T2xcross] t=49.9920 id=4070 est=1.7905 svd=1.9382 rel=0.0762 track=2 sf=9
[T2depth] t=49.9920 id=4073 src=motion2 u=480.0 v=167.0 depth=5.0000 depth2=-1.0000 track=2 sf=9 flag=init_neg
[T2xcross] t=49.9920 id=4075 est=1.7862 svd=1.9057 rel=0.0627 track=2 sf=9
[T2depth] t=49.9920 id=4076 src=motion2 u=3.0 v=354.0 depth=3.9213 depth2=-1.0000 track=2 sf=9 flag=ok
[T2depth] t=49.9920 id=4077 src=motion2 u=2.0 v=274.0 depth=12.5902 depth2=-1.0000 track=2 sf=9 flag=ok
[T2depth] t=49.9920 id=4078 src=stereo u=541.4 v=474.3 depth=1.7732 depth2=-1.0000 track=1 sf=10 flag=ok
[T2depth] t=49.9920 id=4079 src=stereo u=556.9 v=410.9 depth=2.3247 depth2=-1.0000 track=1 sf=10 flag=ok
[T2depth] t=49.9920 id=4081 src=stereo u=205.5 v=274.3 depth=7.8393 depth2=-1.0000 track=1 sf=10 flag=ok
[T2depth] t=49.9920 id=4082 src=stereo u=273.0 v=477.0 depth=1.7599 depth2=-1.0000 track=1 sf=10 flag=ok
[T2depth] t=49.9920 id=4083 src=stereo u=321.0 v=436.0 depth=2.0608 depth2=-1.0000 track=1 sf=10 flag=ok
[T2depth] t=49.9920 id=4084 src=stereo u=291.0 v=450.0 depth=1.9372 depth2=-1.0000 track=1 sf=10 flag=ok
[T2depth] t=49.9920 id=4085 src=stereo u=635.0 v=476.0 depth=1.7647 depth2=-1.0000 track=1 sf=10 flag=ok
[T2depth] t=49.9920 id=4087 src=stereo u=584.0 v=372.0 depth=2.8558 depth2=-1.0000 track=1 sf=10 flag=ok
[T2depth] t=49.9920 id=4088 src=stereo u=228.0 v=296.0 depth=6.2586 depth2=-1.0000 track=1 sf=10 flag=ok
[T2gate] t=49.9920 tri=29 rej=0 xrej=0 init_replace=1 gate=0
[T2slv] t=49.9920 phase=1 init_cost=520.625 final_cost=494.018 iters=9 term=1 slv_ms=17.5
[T2diag] t=49.9920 P=[-0.1247 0.3278 0.8857] V=[0.0428 0.0853 -0.2211] |Bas|=0.390426 |Bgs|=0.0023779 tic0=[0.1200 0.0500 -0.0200] tic1=[0.1200 -0.0500 -0.0200] td=0.00000 track=95
[E2uls] flag=1 sh_t=50.036 new_t=50.036 dP=[0.0045 0.0066 -0.0087] |dP|=0.0118 first_dt=-1.0000
time: 49.992000, t: -0.124665 0.327766 0.885749 q: 0.999980 -0.001763 -0.006036 -0.000693 
[T2xcross] t=50.0920 id=4078 est=1.7732 svd=1.8362 rel=0.0343 track=2 sf=9
[T2xcross] t=50.0920 id=4079 est=2.3247 svd=2.5132 rel=0.0750 track=2 sf=9
[T2xcross] t=50.0920 id=4081 est=7.8393 svd=9.7170 rel=0.1932 track=2 sf=9
[T2xcross] t=50.0920 id=4082 est=1.7599 svd=1.8294 rel=0.0380 track=2 sf=9
[T2xcross] t=50.0920 id=4083 est=2.0608 svd=2.1328 rel=0.0338 track=2 sf=9
[T2xcross] t=50.0920 id=4084 est=1.9372 svd=2.0463 rel=0.0533 track=2 sf=9
[T2xcross] t=50.0920 id=4087 est=2.8558 svd=3.2927 rel=0.1327 track=2 sf=9
[T2xcross] t=50.0920 id=4088 est=6.2586 svd=7.4712 rel=0.1623 track=2 sf=9
[T2depth] t=50.0920 id=0 src=stereo u=479.7 v=271.7 depth=3.9342 depth2=-1.0000 track=1 sf=10 flag=ok
[T2depth] t=50.0920 id=4089 src=stereo u=352.5 v=441.5 depth=2.0012 depth2=-1.0000 track=1 sf=10 flag=ok
[T2depth] t=50.0920 id=4092 src=stereo u=492.2 v=367.2 depth=2.9739 depth2=-1.0000 track=1 sf=10 flag=ok
[T2depth] t=50.0920 id=4093 src=stereo u=382.8 v=274.3 depth=8.1368 depth2=-1.0000 track=1 sf=10 flag=ok
[T2depth] t=50.0920 id=4095 src=stereo u=119.0 v=467.0 depth=1.7809 depth2=-1.0000 track=1 sf=10 flag=ok
[T2depth] t=50.0920 id=4096 src=stereo u=631.0 v=476.0 depth=1.7281 depth2=-1.0000 track=1 sf=10 flag=ok
[T2depth] t=50.0920 id=4097 src=stereo u=508.0 v=110.0 depth=3.8317 depth2=-1.0000 track=1 sf=10 flag=ok
[T2depth] t=50.0920 id=4098 src=stereo u=55.0 v=398.0 depth=2.4901 depth2=-1.0000 track=1 sf=10 flag=ok
[T2gate] t=50.0920 tri=24 rej=0 xrej=0 init_replace=0 gate=0
[T2slv] t=50.0920 phase=1 init_cost=481.674 final_cost=469.346 iters=9 term=1 slv_ms=13.9
[T2diag] t=50.0920 P=[-0.1189 0.3368 0.8666] V=[0.0753 0.0801 -0.2051] |Bas|=0.380228 |Bgs|=0.0023557 tic0=[0.1200 0.0500 -0.0200] tic1=[0.1200 -0.0500 -0.0200] td=0.00000 track=95
[E2uls] flag=1 sh_t=50.136 new_t=50.136 dP=[0.0048 0.0024 -0.0117] |dP|=0.0128 first_dt=-1.0000
time: 50.092000, t: -0.118934 0.336752 0.866558 q: 0.999974 -0.001280 -0.007095 -0.000923 
[T2xcross] t=50.1640 id=0 est=3.9342 svd=7.7830 rel=0.4945 track=2 sf=9
[T2xcross] t=50.1640 id=4097 est=3.8317 svd=6.6632 rel=0.4250 track=2 sf=9
[T2xcross] t=50.1640 id=4098 est=2.4901 svd=2.5289 rel=0.0153 track=2 sf=9
[T2depth] t=50.1640 id=4099 src=stereo u=112.3 v=470.5 depth=1.7475 depth2=-1.0000 track=1 sf=10 flag=ok
[T2depth] t=50.1640 id=4100 src=stereo u=634.4 v=474.3 depth=1.7179 depth2=-1.0000 track=1 sf=10 flag=ok
[T2depth] t=50.1640 id=4102 src=stereo u=142.4 v=477.5 depth=1.7195 depth2=-1.0000 track=1 sf=10 flag=ok
[T2depth] t=50.1640 id=4103 src=stereo u=479.4 v=302.1 depth=3.9404 depth2=-1.0000 track=1 sf=10 flag=ok
[T2depth] t=50.1640 id=4108 src=stereo u=360.0 v=430.0 depth=2.0739 depth2=-1.0000 track=1 sf=10 flag=ok
[T2depth] t=50.1640 id=4109 src=stereo u=65.0 v=274.0 depth=8.6715 depth2=-1.0000 track=1 sf=10 flag=ok
[T2depth] t=50.1640 id=4110 src=stereo u=493.0 v=366.0 depth=2.9857 depth2=-1.0000 track=1 sf=10 flag=ok
[T2depth] t=50.1640 id=4112 src=stereo u=390.0 v=277.0 depth=7.8912 depth2=-1.0000 track=1 sf=10 flag=ok
[T2depth] t=50.1640 id=4113 src=stereo u=105.0 v=343.0 depth=3.5793 depth2=-1.0000 track=1 sf=10 flag=ok
[T2gate] t=50.1640 tri=28 rej=0 xrej=0 init_replace=0 gate=0
[T2slv] t=50.1640 phase=1 init_cost=480.286 final_cost=471.558 iters=9 term=1 slv_ms=12.5
[T2diag] t=50.1640 P=[-0.1135 0.3427 0.8528] V=[0.0956 0.0710 -0.1937] |Bas|=0.372869 |Bgs|=0.0023108 tic0=[0.1200 0.0500 -0.0200] tic1=[0.1200 -0.0500 -0.0200] td=0.00000 track=93
[E2uls] flag=1 sh_t=50.208 new_t=50.208 dP=[0.0057 0.0019 -0.0083] |dP|=0.0102 first_dt=-1.0000
time: 50.164000, t: -0.113454 0.342744 0.852769 q: 0.999964 -0.001386 -0.008274 -0.001057 
[T2xcross] t=50.2920 id=4099 est=1.7475 svd=1.7481 rel=0.0003 track=2 sf=9
[T2depth] t=50.2920 id=4101 src=motion2 u=35.2 v=472.4 depth=1.8444 depth2=-1.0000 track=2 sf=9 flag=ok
[T2xcross] t=50.2920 id=4102 est=1.7195 svd=1.6676 rel=0.0302 track=2 sf=9
[T2xcross] t=50.2920 id=4108 est=2.0739 svd=1.9736 rel=0.0484 track=2 sf=9
[T2xcross] t=50.2920 id=4109 est=8.6715 svd=12.4264 rel=0.3022 track=2 sf=9
[T2depth] t=50.2920 id=4111 src=motion2 u=2.0 v=277.0 depth=15.0055 depth2=-1.0000 track=2 sf=9 flag=ok
[T2xcross] t=50.2920 id=4112 est=7.8912 svd=7.3235 rel=0.0719 track=2 sf=9
[T2xcross] t=50.2920 id=4113 est=3.5793 svd=4.0444 rel=0.1150 track=2 sf=9
[T2depth] t=50.2920 id=4116 src=stereo u=299.9 v=414.0 depth=2.2077 depth2=-1.0000 track=1 sf=10 flag=ok
[T2depth] t=50.2920 id=4119 src=stereo u=480.7 v=303.6 depth=3.9902 depth2=-1.0000 track=1 sf=10 flag=ok
[T2depth] t=50.2920 id=4120 src=stereo u=275.5 v=362.3 depth=3.0369 depth2=-1.0000 track=1 sf=10 flag=ok
[T2depth] t=50.2920 id=4121 src=stereo u=283.2 v=300.8 depth=5.7492 depth2=-1.0000 track=1 sf=10 flag=ok
[T2depth] t=50.2920 id=4128 src=stereo u=625.0 v=477.0 depth=1.6872 depth2=-1.0000 track=1 sf=10 flag=ok
[T2depth] t=50.2920 id=4129 src=stereo u=364.0 v=384.0 depth=2.6494 depth2=-1.0000 track=1 sf=10 flag=ok
[T2depth] t=50.2920 id=4130 src=stereo u=581.0 v=89.0 depth=2.9237 depth2=-1.0000 track=1 sf=10 flag=ok
[T2depth] t=50.2920 id=4131 src=stereo u=494.0 v=362.0 depth=3.0278 depth2=-1.0000 track=1 sf=10 flag=ok
[T2gate] t=50.2920 tri=33 rej=0 xrej=0 init_replace=0 gate=0
[T2slv] t=50.2920 phase=1 init_cost=489.223 final_cost=475.501 iters=9 term=1 slv_ms=15.2
[T2diag] t=50.2920 P=[-0.0997 0.3537 0.8297] V=[0.1286 0.0620 -0.1740] |Bas|=0.361427 |Bgs|=0.0022349 tic0=[0.1200 0.0500 -0.0200] tic1=[0.1200 -0.0500 -0.0200] td=0.00000 track=95
[E2uls] flag=1 sh_t=50.336 new_t=50.336 dP=[0.0072 -0.0015 -0.0078] |dP|=0.0107 first_dt=-1.0000
time: 50.292000, t: -0.099736 0.353667 0.829705 q: 0.999939 -0.001758 -0.010762 -0.001555 
[T2depth] t=50.3920 id=4117 src=motion2 u=511.3 v=108.0 depth=4.5480 depth2=-1.0000 track=2 sf=9 flag=ok
[T2xcross] t=50.3920 id=4120 est=3.0369 svd=2.6123 rel=0.1398 track=2 sf=9
[T2xcross] t=50.3920 id=4121 est=5.7492 svd=5.2585 rel=0.0854 track=2 sf=9
[T2xcross] t=50.3920 id=4129 est=2.6494 svd=2.3739 rel=0.1040 track=2 sf=9
[T2xcross] t=50.3920 id=4131 est=3.0278 svd=2.8907 rel=0.0453 track=2 sf=9
[T2depth] t=50.3920 id=4138 src=stereo u=304.0 v=414.9 depth=2.1909 depth2=-1.0000 track=1 sf=10 flag=ok
[T2depth] t=50.3920 id=4139 src=stereo u=529.7 v=391.7 depth=2.5030 depth2=-1.0000 track=1 sf=10 flag=ok
[T2depth] t=50.3920 id=4140 src=stereo u=572.1 v=406.6 depth=2.2864 depth2=-1.0000 track=1 sf=10 flag=ok
[T2depth] t=50.3920 id=4149 src=stereo u=631.0 v=477.0 depth=1.6717 depth2=-1.0000 track=1 sf=10 flag=ok
[T2depth] t=50.3920 id=4150 src=stereo u=629.0 v=88.0 depth=2.9238 depth2=-1.0000 track=1 sf=10 flag=ok
[T2depth] t=50.3920 id=4151 src=stereo u=638.0 v=412.0 depth=2.1959 depth2=-1.0000 track=1 sf=10 flag=ok
[T2gate] t=50.3920 tri=34 rej=0 xrej=0 init_replace=0 gate=0
[T2slv] t=50.3920 phase=1 init_cost=487.469 final_cost=475.286 iters=9 term=1 slv_ms=13.2
[T2diag] t=50.3920 P=[-0.0876 0.3621 0.8125] V=[0.1474 0.0554 -0.1620] |Bas|=0.358824 |Bgs|=0.0021869 tic0=[0.1200 0.0500 -0.0200] tic1=[0.1200 -0.0500 -0.0200] td=0.00000 track=95
[E2uls] flag=1 sh_t=50.440 new_t=50.440 dP=[0.0101 -0.0009 -0.0065] |dP|=0.0121 first_dt=-1.0000
time: 50.392000, t: -0.087608 0.362097 0.812484 q: 0.999910 -0.001294 -0.013181 -0.001935 
[T2xcross] t=50.4920 id=4138 est=2.1909 svd=2.0770 rel=0.0520 track=2 sf=9
[T2xcross] t=50.4920 id=4139 est=2.5030 svd=2.4375 rel=0.0262 track=2 sf=9
[T2xcross] t=50.4920 id=4140 est=2.2864 svd=2.2353 rel=0.0224 track=2 sf=9
[T2xcross] t=50.4920 id=4149 est=1.6717 svd=1.5693 rel=0.0613 track=2 sf=9
[T2depth] t=50.4920 id=4167 src=stereo u=594.0 v=87.0 depth=3.1178 depth2=-1.0000 track=1 sf=10 flag=ok
[T2gate] t=50.4920 tri=34 rej=0 xrej=0 init_replace=0 gate=0
[T2slv] t=50.4920 phase=1 init_cost=507.711 final_cost=475.871 iters=9 term=1 slv_ms=15.0
[T2diag] t=50.4920 P=[-0.0748 0.3703 0.7957] V=[0.1510 0.0563 -0.1424] |Bas|=0.352843 |Bgs|=0.0019403 tic0=[0.1200 0.0500 -0.0200] tic1=[0.1200 -0.0500 -0.0200] td=0.00000 track=97
[E2uls] flag=1 sh_t=50.536 new_t=50.536 dP=[0.0100 -0.0025 -0.0037] |dP|=0.0109 first_dt=-1.0000
time: 50.492000, t: -0.074825 0.370349 0.795700 q: 0.999876 -0.001621 -0.015505 -0.002279 
[T2depth] t=50.5920 id=4159 src=motion2 u=511.0 v=108.0 depth=4.4161 depth2=-1.0000 track=2 sf=9 flag=ok
[T2depth] t=50.5920 id=3995 src=stereo u=357.1 v=278.8 depth=8.5888 depth2=-1.0000 track=1 sf=10 flag=ok
[T2depth] t=50.5920 id=4182 src=stereo u=425.0 v=374.0 depth=2.7587 depth2=-1.0000 track=1 sf=10 flag=ok
[T2depth] t=50.5920 id=4183 src=stereo u=144.0 v=478.0 depth=1.6507 depth2=-1.0000 track=1 sf=10 flag=ok
[T2depth] t=50.5920 id=4184 src=stereo u=606.0 v=86.0 depth=2.9238 depth2=-1.0000 track=1 sf=10 flag=ok
[T2gate] t=50.5920 tri=43 rej=0 xrej=0 init_replace=0 gate=0
[T2slv] t=50.5920 phase=1 init_cost=479.593 final_cost=464.141 iters=9 term=1 slv_ms=15.3
[T2diag] t=50.5920 P=[-0.0607 0.3781 0.7813] V=[0.1559 0.0515 -0.1293] |Bas|=0.355005 |Bgs|=0.0019162 tic0=[0.1200 0.0500 -0.0200] tic1=[0.1200 -0.0500 -0.0200] td=0.00000 track=95
[E2uls] flag=1 sh_t=50.628 new_t=50.628 dP=[0.0078 -0.0017 -0.0029] |dP|=0.0085 first_dt=-1.0000
time: 50.592000, t: -0.060707 0.378104 0.781301 q: 0.999837 -0.001251 -0.017839 -0.002534 
[T2xcross] t=50.6960 id=3995 est=8.5888 svd=6.1088 rel=0.2887 track=2 sf=9
[T2depth] t=50.6960 id=4176 src=motion2 u=2.0 v=284.0 depth=17.0353 depth2=-1.0000 track=2 sf=9 flag=ok
[T2xcross] t=50.6960 id=4183 est=1.6507 svd=1.5004 rel=0.0910 track=2 sf=9
[T2xcross] t=50.6960 id=4184 est=2.9238 svd=1.3174 rel=0.5494 track=2 sf=9
[T2depth] t=50.6960 id=4197 src=stereo u=334.1 v=432.0 depth=1.9545 depth2=-1.0000 track=1 sf=10 flag=ok
[T2depth] t=50.6960 id=4198 src=stereo u=632.0 v=430.9 depth=1.9493 depth2=-1.0000 track=1 sf=10 flag=ok
[T2depth] t=50.6960 id=4209 src=stereo u=488.0 v=160.0 depth=3.7182 depth2=-1.0000 track=1 sf=10 flag=ok
[T2depth] t=50.6960 id=4210 src=stereo u=488.0 v=213.0 depth=3.8069 depth2=-1.0000 track=1 sf=10 flag=ok
[T2depth] t=50.6960 id=4211 src=stereo u=247.0 v=280.0 depth=7.8619 depth2=-1.0000 track=1 sf=10 flag=ok
[T2depth] t=50.6960 id=4212 src=stereo u=59.0 v=282.0 depth=8.4926 depth2=-1.0000 track=1 sf=10 flag=ok
[T2depth] t=50.6960 id=4213 src=stereo u=395.0 v=281.0 depth=8.5187 depth2=-1.0000 track=1 sf=10 flag=ok
[T2gate] t=50.6960 tri=47 rej=0 xrej=0 init_replace=0 gate=0
[T2slv] t=50.6960 phase=1 init_cost=473.389 final_cost=462.594 iters=9 term=1 slv_ms=15.2
[T2diag] t=50.6960 P=[-0.0461 0.3832 0.7684] V=[0.1559 0.0412 -0.1113] |Bas|=0.356485 |Bgs|=0.0018876 tic0=[0.1200 0.0500 -0.0200] tic1=[0.1200 -0.0500 -0.0200] td=0.00000 track=96
[E2uls] flag=1 sh_t=50.744 new_t=50.744 dP=[0.0100 0.0010 -0.0046] |dP|=0.0110 first_dt=-1.0000
time: 50.696000, t: -0.046065 0.383184 0.768398 q: 0.999807 -0.000792 -0.019475 -0.002263 
[T2xcross] t=50.8280 id=4198 est=1.9493 svd=1.7956 rel=0.0788 track=2 sf=9
[T2xcross] t=50.8280 id=4212 est=8.4926 svd=4.8607 rel=0.4277 track=2 sf=9
[T2xcross] t=50.8280 id=4213 est=8.5187 svd=8.1097 rel=0.0480 track=2 sf=9
[T2depth] t=50.8280 id=4224 src=stereo u=429.0 v=373.9 depth=2.7206 depth2=-1.0000 track=1 sf=10 flag=ok
[T2depth] t=50.8280 id=4226 src=stereo u=602.0 v=83.0 depth=2.9238 depth2=-1.0000 track=1 sf=10 flag=ok
[T2depth] t=50.8280 id=4227 src=stereo u=55.4 v=398.8 depth=2.3775 depth2=-1.0000 track=1 sf=10 flag=ok
[T2depth] t=50.8280 id=4228 src=stereo u=304.6 v=414.9 depth=2.1197 depth2=-1.0000 track=1 sf=10 flag=ok
[T2depth] t=50.8280 id=4229 src=stereo u=248.0 v=281.3 depth=8.5894 depth2=-1.0000 track=1 sf=10 flag=ok
[T2gate] t=50.8280 tri=44 rej=0 xrej=0 init_replace=0 gate=0
[T2slv] t=50.8280 phase=1 init_cost=482.161 final_cost=465.329 iters=9 term=1 slv_ms=14.1
[T2diag] t=50.8280 P=[-0.0272 0.3887 0.7544] V=[0.1531 0.0307 -0.0924] |Bas|=0.358794 |Bgs|=0.0018474 tic0=[0.1200 0.0500 -0.0200] tic1=[0.1200 -0.0500 -0.0200] td=0.00000 track=93
[E2uls] flag=1 sh_t=50.872 new_t=50.872 dP=[0.0085 -0.0013 -0.0026] |dP|=0.0089 first_dt=-1.0000
time: 50.828000, t: -0.027156 0.388671 0.754429 q: 0.999772 -0.000585 -0.021228 -0.002175 
[T2xcross] t=50.9280 id=4227 est=2.3775 svd=3.2925 rel=0.2779 track=2 sf=9
[T2xcross] t=50.9280 id=4228 est=2.1197 svd=2.6350 rel=0.1956 track=2 sf=9
[T2xcross] t=50.9280 id=4229 est=8.5894 svd=45.9695 rel=0.8132 track=2 sf=9
[T2depth] t=50.9280 id=4243 src=motion2 u=516.0 v=105.0 depth=1.5382 depth2=-1.0000 track=2 sf=9 flag=ok
[T2depth] t=50.9280 id=4254 src=stereo u=636.3 v=430.9 depth=1.9003 depth2=-1.0000 track=1 sf=10 flag=ok
[T2depth] t=50.9280 id=4270 src=stereo u=338.0 v=433.0 depth=1.9165 depth2=-1.0000 track=1 sf=10 flag=ok
[T2depth] t=50.9280 id=4273 src=stereo u=141.0 v=478.0 depth=1.6077 depth2=-1.0000 track=1 sf=10 flag=ok
[T2depth] t=50.9280 id=4274 src=stereo u=602.0 v=81.0 depth=2.7517 depth2=-1.0000 track=1 sf=10 flag=ok
[T2gate] t=50.9280 tri=37 rej=0 xrej=0 init_replace=0 gate=0
[T2slv] t=50.9280 phase=1 init_cost=479.087 final_cost=467.158 iters=9 term=1 slv_ms=13.2
[T2diag] t=50.9280 P=[-0.0133 0.3919 0.7470] V=[0.1488 0.0191 -0.0705] |Bas|=0.356465 |Bgs|=0.0018087 tic0=[0.1200 0.0500 -0.0200] tic1=[0.1200 -0.0500 -0.0200] td=0.00000 track=94
[E2uls] flag=1 sh_t=50.968 new_t=50.968 dP=[0.0075 -0.0005 -0.0040] |dP|=0.0085 first_dt=-1.0000
time: 50.928000, t: -0.013263 0.391890 0.746960 q: 0.999763 -0.000883 -0.021679 -0.001908 
[T2depth] t=51.0320 id=4256 src=motion2 u=2.8 v=286.2 depth=5.0000 depth2=-1.0000 track=2 sf=9 flag=init_neg
[T2depth] t=51.0320 id=4269 src=motion2 u=6.0 v=449.0 depth=2.5554 depth2=-1.0000 track=2 sf=9 flag=ok
[T2xcross] t=51.0320 id=4270 est=1.9165 svd=1.1462 rel=0.4019 track=2 sf=9
[T2depth] t=51.0320 id=4277 src=stereo u=620.6 v=79.5 depth=2.9228 depth2=-1.0000 track=1 sf=10 flag=ok
[T2depth] t=51.0320 id=4279 src=stereo u=458.8 v=280.2 depth=7.7923 depth2=-1.0000 track=1 sf=10 flag=ok
[T2depth] t=51.0320 id=4286 src=stereo u=432.0 v=375.0 depth=2.6804 depth2=-1.0000 track=1 sf=10 flag=ok
[T2depth] t=51.0320 id=4289 src=stereo u=142.0 v=477.0 depth=1.6008 depth2=-1.0000 track=1 sf=10 flag=ok
[T2depth] t=51.0320 id=4290 src=stereo u=405.0 v=360.0 depth=3.0485 depth2=-1.0000 track=1 sf=10 flag=ok
[T2gate] t=51.0320 tri=35 rej=0 xrej=0 init_replace=1 gate=0
[T2slv] t=51.0320 phase=1 init_cost=482.18 final_cost=469.48 iters=9 term=1 slv_ms=12.8
[T2diag] t=51.0320 P=[0.0005 0.3945 0.7403] V=[0.1405 0.0157 -0.0571] |Bas|=0.354659 |Bgs|=0.0017626 tic0=[0.1200 0.0500 -0.0200] tic1=[0.1200 -0.0500 -0.0200] td=0.00000 track=97
[E2uls] flag=1 sh_t=51.072 new_t=51.072 dP=[0.0075 -0.0013 -0.0016] |dP|=0.0078 first_dt=-1.0000
time: 51.032000, t: 0.000489 0.394530 0.740252 q: 0.999748 -0.000906 -0.022351 -0.001873 
[T2xcross] t=51.1280 id=4243 est=1.5382 svd=1.9946 rel=0.2288 track=2 sf=9
[T2depth] t=51.1280 id=4287 src=motion2 u=492.0 v=214.0 depth=0.1002 depth2=-1.0000 track=2 sf=9 flag=ok
[T2depth] t=51.1280 id=4298 src=stereo u=182.8 v=439.0 depth=1.8476 depth2=-1.0000 track=1 sf=10 flag=ok
[T2depth] t=51.1280 id=4299 src=stereo u=432.3 v=373.9 depth=2.6777 depth2=-1.0000 track=1 sf=10 flag=ok
[T2depth] t=51.1280 id=4300 src=stereo u=139.7 v=478.1 depth=1.5903 depth2=-1.0000 track=1 sf=10 flag=ok
[T2depth] t=51.1280 id=4301 src=stereo u=629.4 v=78.3 depth=2.9238 depth2=-1.0000 track=1 sf=10 flag=ok
[T2depth] t=51.1280 id=4302 src=stereo u=584.0 v=78.0 depth=2.9224 depth2=-1.0000 track=1 sf=10 flag=ok
[T2gate] t=51.1280 tri=35 rej=0 xrej=0 init_replace=0 gate=0
[T2slv] t=51.1280 phase=1 init_cost=482.069 final_cost=471.567 iters=9 term=1 slv_ms=11.5
[T2diag] t=51.1280 P=[0.0131 0.3961 0.7349] V=[0.1331 0.0062 -0.0441] |Bas|=0.355430 |Bgs|=0.0017614 tic0=[0.1200 0.0500 -0.0200] tic1=[0.1200 -0.0500 -0.0200] td=0.00000 track=98
[E2uls] flag=1 sh_t=51.156 new_t=51.156 dP=[0.0044 -0.0004 -0.0001] |dP|=0.0045 first_dt=-1.0000
time: 51.128000, t: 0.013104 0.396083 0.734853 q: 0.999738 -0.000751 -0.022822 -0.001790 
[T2xcross] t=51.2280 id=4279 est=7.7923 svd=1.7456 rel=0.7760 track=2 sf=9
[T2xcross] t=51.2280 id=4298 est=1.8476 svd=2.3186 rel=0.2032 track=2 sf=9
[T2xcross] t=51.2280 id=4299 est=2.6777 svd=1.9075 rel=0.2876 track=2 sf=9
[T2xcross] t=51.2280 id=4300 est=1.5903 svd=1.9711 rel=0.1932 track=2 sf=9
[T2depth] t=51.2280 id=4310 src=stereo u=59.4 v=283.0 depth=8.6347 depth2=-1.0000 track=1 sf=10 flag=ok
[T2depth] t=51.2280 id=4311 src=stereo u=387.1 v=282.9 depth=8.4080 depth2=-1.0000 track=1 sf=10 flag=ok
[T2depth] t=51.2280 id=4322 src=stereo u=591.0 v=76.0 depth=2.9237 depth2=-1.0000 track=1 sf=10 flag=ok
[T2depth] t=51.2280 id=4323 src=stereo u=631.0 v=76.0 depth=2.7518 depth2=-1.0000 track=1 sf=10 flag=ok
[T2depth] t=51.2280 id=4324 src=stereo u=493.0 v=206.0 depth=3.8141 depth2=-1.0000 track=1 sf=10 flag=ok
[T2gate] t=51.2280 tri=33 rej=0 xrej=0 init_replace=0 gate=0
[T2slv] t=51.2280 phase=1 init_cost=481.123 final_cost=470.565 iters=9 term=1 slv_ms=11.4
[T2diag] t=51.2280 P=[0.0268 0.3982 0.7310] V=[0.1333 -0.0012 -0.0335] |Bas|=0.355346 |Bgs|=0.0017325 tic0=[0.1200 0.0500 -0.0200] tic1=[0.1200 -0.0500 -0.0200] td=0.00000 track=97
[E2uls] flag=1 sh_t=51.260 new_t=51.260 dP=[0.0032 -0.0026 -0.0011] |dP|=0.0043 first_dt=-1.0000
time: 51.228000, t: 0.026781 0.398204 0.731022 q: 0.999746 -0.000491 -0.022442 -0.002119 
[T2xcross] t=51.3280 id=3724 est=6.2340 svd=6.1124 rel=0.0195 track=11 sf=0
[T2depth] t=51.3280 id=4309 src=motion2 u=518.8 v=101.1 depth=1.4496 depth2=-1.0000 track=2 sf=9 flag=ok
[T2xcross] t=51.3280 id=4311 est=8.4080 svd=31.5314 rel=0.7333 track=2 sf=9
[T2depth] t=51.3280 id=4320 src=motion2 u=5.0 v=451.0 depth=1.9764 depth2=-1.0000 track=2 sf=9 flag=ok
[T2depth] t=51.3280 id=4329 src=stereo u=406.0 v=359.2 depth=3.0061 depth2=-1.0000 track=1 sf=10 flag=ok
[T2depth] t=51.3280 id=4338 src=stereo u=637.0 v=432.0 depth=1.8611 depth2=-1.0000 track=1 sf=10 flag=ok
[T2depth] t=51.3280 id=4339 src=stereo u=636.0 v=471.0 depth=1.5551 depth2=-1.0000 track=1 sf=10 flag=ok
[T2depth] t=51.3280 id=4340 src=stereo u=493.0 v=153.0 depth=3.7370 depth2=-1.0000 track=1 sf=10 flag=ok
[T2gate] t=51.3280 tri=30 rej=0 xrej=0 init_replace=0 gate=0
[T2slv] t=51.3280 phase=1 init_cost=542.772 final_cost=482.199 iters=9 term=1 slv_ms=19.6
[T2diag] t=51.3280 P=[0.0391 0.3990 0.7269] V=[0.1281 -0.0043 -0.0194] |Bas|=0.351564 |Bgs|=0.0015825 tic0=[0.1200 0.0500 -0.0200] tic1=[0.1200 -0.0500 -0.0200] td=0.00000 track=100
[E2uls] flag=1 sh_t=51.376 new_t=51.376 dP=[0.0075 -0.0031 0.0002] |dP|=0.0081 first_dt=-1.0000
time: 51.328000, t: 0.039058 0.399022 0.726911 q: 0.999748 -0.001268 -0.022272 -0.002343 
[T2xcross] t=51.4280 id=4324 est=3.8141 svd=1.5131 rel=0.6033 track=2 sf=9
[T2xcross] t=51.4280 id=4329 est=3.0061 svd=2.5290 rel=0.1587 track=2 sf=9
[T2xcross] t=51.4280 id=4339 est=1.5551 svd=1.7072 rel=0.0891 track=2 sf=9
[T2depth] t=51.4280 id=4341 src=motion2 u=3.0 v=388.0 depth=3.5953 depth2=-1.0000 track=2 sf=9 flag=ok
[T2depth] t=51.4280 id=4342 src=motion2 u=6.0 v=358.0 depth=4.1074 depth2=-1.0000 track=2 sf=9 flag=ok
[T2depth] t=51.4280 id=0 src=stereo u=493.3 v=279.4 depth=3.7730 depth2=-1.0000 track=1 sf=10 flag=ok
[T2depth] t=51.4280 id=3749 src=stereo u=492.4 v=245.3 depth=3.7579 depth2=-1.0000 track=1 sf=10 flag=ok
[T2depth] t=51.4280 id=4355 src=stereo u=599.0 v=74.0 depth=2.7517 depth2=-1.0000 track=1 sf=10 flag=ok
[T2gate] t=51.4280 tri=24 rej=0 xrej=0 init_replace=0 gate=0
[T2slv] t=51.4280 phase=1 init_cost=458.499 final_cost=446.752 iters=9 term=1 slv_ms=9.9
[T2diag] t=51.4280 P=[0.0514 0.3978 0.7258] V=[0.1254 -0.0146 -0.0076] |Bas|=0.336575 |Bgs|=0.0015998 tic0=[0.1200 0.0500 -0.0200] tic1=[0.1200 -0.0500 -0.0200] td=0.00000 track=98
[E2uls] flag=1 sh_t=51.464 new_t=51.464 dP=[0.0045 -0.0007 -0.0003] |dP|=0.0046 first_dt=-1.0000
time: 51.428000, t: 0.051431 0.397814 0.725788 q: 0.999761 -0.001829 -0.021679 -0.002258 
[T2xcross] t=51.5280 id=0 est=3.7730 svd=2.8316 rel=0.2495 track=2 sf=9
[T2xcross] t=51.5280 id=3749 est=3.7579 svd=3.4184 rel=0.0903 track=2 sf=9
[T2depth] t=51.5280 id=4354 src=motion2 u=19.0 v=458.0 depth=1.8105 depth2=-1.0000 track=2 sf=9 flag=ok
[T2depth] t=51.5280 id=4356 src=stereo u=289.7 v=475.7 depth=1.5617 depth2=-1.0000 track=1 sf=10 flag=ok
[T2depth] t=51.5280 id=4358 src=stereo u=599.3 v=74.0 depth=2.7517 depth2=-1.0000 track=1 sf=10 flag=ok
[T2depth] t=51.5280 id=4360 src=stereo u=631.0 v=466.0 depth=1.5913 depth2=-1.0000 track=1 sf=10 flag=ok
[T2gate] t=51.5280 tri=31 rej=0 xrej=0 init_replace=0 gate=0
[T2slv] t=51.5280 phase=1 init_cost=466.061 final_cost=452.682 iters=9 term=1 slv_ms=9.9
[T2diag] t=51.5280 P=[0.0631 0.3960 0.7254] V=[0.1213 -0.0170 0.0030] |Bas|=0.330652 |Bgs|=0.0015921 tic0=[0.1200 0.0500 -0.0200] tic1=[0.1200 -0.0500 -0.0200] td=0.00000 track=95
[E2uls] flag=1 sh_t=51.552 new_t=51.552 dP=[0.0038 -0.0006 0.0002] |dP|=0.0038 first_dt=-1.0000
time: 51.528000, t: 0.063103 0.395976 0.725395 q: 0.999759 -0.002429 -0.021723 -0.002049 
[T2xcross] t=51.6280 id=4356 est=1.5617 svd=1.8251 rel=0.1443 track=2 sf=9
[T2depth] t=51.6280 id=4359 src=motion2 u=4.5 v=391.3 depth=2.7480 depth2=-1.0000 track=2 sf=9 flag=ok
[T2xcross] t=51.6280 id=4360 est=1.5913 svd=1.7757 rel=0.1038 track=2 sf=9
[T2depth] t=51.6280 id=4361 src=motion2 u=520.0 v=100.0 depth=5.0000 depth2=-1.0000 track=2 sf=9 flag=init_neg
[T2depth] t=51.6280 id=4369 src=stereo u=116.3 v=462.6 depth=1.6530 depth2=-1.0000 track=1 sf=10 flag=ok
[T2depth] t=51.6280 id=4370 src=stereo u=637.5 v=417.5 depth=2.0195 depth2=-1.0000 track=1 sf=10 flag=ok
[T2depth] t=51.6280 id=4371 src=stereo u=171.5 v=476.6 depth=1.5727 depth2=-1.0000 track=1 sf=10 flag=ok
[T2depth] t=51.6280 id=4373 src=stereo u=395.7 v=283.3 depth=7.6536 depth2=-1.0000 track=1 sf=10 flag=ok
[T2depth] t=51.6280 id=4374 src=stereo u=459.9 v=283.3 depth=7.6039 depth2=-1.0000 track=1 sf=10 flag=ok
[T2depth] t=51.6280 id=4388 src=stereo u=323.0 v=307.0 depth=5.7411 depth2=-1.0000 track=1 sf=10 flag=ok
[T2gate] t=51.6280 tri=49 rej=0 xrej=0 init_replace=1 gate=0
[T2slv] t=51.6280 phase=1 init_cost=473.408 final_cost=462.324 iters=9 term=1 slv_ms=9.9
[T2diag] t=51.6280 P=[0.0743 0.3936 0.7255] V=[0.1128 -0.0205 0.0098] |Bas|=0.329496 |Bgs|=0.0015746 tic0=[0.1200 0.0500 -0.0200] tic1=[0.1200 -0.0500 -0.0200] td=0.00000 track=94
[E2uls] flag=1 sh_t=51.664 new_t=51.664 dP=[0.0049 -0.0004 0.0014] |dP|=0.0051 first_dt=-1.0000
time: 51.628000, t: 0.074252 0.393559 0.725538 q: 0.999747 -0.002804 -0.022253 -0.001701 
[T2xcross] t=51.7280 id=4369 est=1.6530 svd=1.7104 rel=0.0336 track=2 sf=9
[T2xcross] t=51.7280 id=4371 est=1.5727 svd=1.7789 rel=0.1159 track=2 sf=9
[T2xcross] t=51.7280 id=4374 est=7.6039 svd=2.9111 rel=0.6172 track=2 sf=9
[T2depth] t=51.7280 id=4393 src=stereo u=284.6 v=477.6 depth=1.5599 depth2=-1.0000 track=1 sf=10 flag=ok
[T2depth] t=51.7280 id=4394 src=stereo u=636.4 v=421.4 depth=1.9549 depth2=-1.0000 track=1 sf=10 flag=ok
[T2depth] t=51.7280 id=4398 src=stereo u=202.1 v=283.0 depth=8.5122 depth2=-1.0000 track=1 sf=10 flag=ok
[T2depth] t=51.7280 id=4400 src=stereo u=407.0 v=362.2 depth=2.9352 depth2=-1.0000 track=1 sf=10 flag=ok
[T2depth] t=51.7280 id=4411 src=stereo u=384.0 v=472.0 depth=1.5830 depth2=-1.0000 track=1 sf=10 flag=ok
[T2depth] t=51.7280 id=4413 src=stereo u=632.0 v=74.0 depth=2.7516 depth2=-1.0000 track=1 sf=10 flag=ok
[T2depth] t=51.7280 id=4414 src=stereo u=495.0 v=164.0 depth=3.6740 depth2=-1.0000 track=1 sf=10 flag=ok
[T2gate] t=51.7280 tri=44 rej=0 xrej=0 init_replace=0 gate=0
[T2slv] t=51.7280 phase=1 init_cost=484.059 final_cost=467.313 iters=9 term=1 slv_ms=11.6
[T2diag] t=51.7280 P=[0.0843 0.3904 0.7253] V=[0.1047 -0.0327 0.0080] |Bas|=0.330701 |Bgs|=0.0015546 tic0=[0.1200 0.0500 -0.0200] tic1=[0.1200 -0.0500 -0.0200] td=0.00000 track=92
[E2uls] flag=1 sh_t=51.760 new_t=51.760 dP=[0.0044 -0.0002 0.0022] |dP|=0.0049 first_dt=-1.0000
time: 51.728000, t: 0.084334 0.390387 0.725319 q: 0.999733 -0.002772 -0.022900 -0.001236 
[T2xcross] t=51.8280 id=4394 est=1.9549 svd=1.7019 rel=0.1294 track=2 sf=9
[T2depth] t=51.8280 id=4397 src=motion2 u=520.0 v=101.0 depth=6.3832 depth2=-1.0000 track=2 sf=9 flag=ok
[T2xcross] t=51.8280 id=4398 est=8.5122 svd=2.8892 rel=0.6606 track=2 sf=9
[T2xcross] t=51.8280 id=4400 est=2.9352 svd=3.0139 rel=0.0261 track=2 sf=9
[T2xcross] t=51.8280 id=4411 est=1.5830 svd=1.5235 rel=0.0376 track=2 sf=9
[T2depth] t=51.8280 id=4419 src=stereo u=629.0 v=73.0 depth=2.7517 depth2=-1.0000 track=1 sf=10 flag=ok
[T2depth] t=51.8280 id=4429 src=stereo u=601.0 v=478.0 depth=1.5547 depth2=-1.0000 track=1 sf=10 flag=ok
[T2gate] t=51.8280 tri=34 rej=0 xrej=0 init_replace=0 gate=0
[T2slv] t=51.8280 phase=1 init_cost=479.145 final_cost=467.933 iters=9 term=1 slv_ms=9.5
[T2diag] t=51.8280 P=[0.0942 0.3869 0.7262] V=[0.1020 -0.0355 0.0165] |Bas|=0.329805 |Bgs|=0.0015351 tic0=[0.1200 0.0500 -0.0200] tic1=[0.1200 -0.0500 -0.0200] td=0.00000 track=92
[E2uls] flag=1 sh_t=51.860 new_t=51.860 dP=[0.0032 -0.0013 0.0004] |dP|=0.0035 first_dt=-1.0000
time: 51.828000, t: 0.094244 0.386897 0.726157 q: 0.999736 -0.003518 -0.022650 -0.001246 
[T2xcross] t=51.9280 id=4373 est=7.6536 svd=0.8321 rel=0.8913 track=2 sf=9
[T2xcross] t=51.9280 id=4397 est=6.3832 svd=0.1655 rel=0.9741 track=2 sf=9
[T2depth] t=51.9280 id=4418 src=motion2 u=495.0 v=175.0 depth=0.0081 depth2=-1.0000 track=2 sf=9 flag=ok
[T2depth] t=51.9280 id=4420 src=motion2 u=3.2 v=396.2 depth=2.3299 depth2=-1.0000 track=2 sf=9 flag=ok
[T2depth] t=51.9280 id=4422 src=motion2 u=7.6 v=349.1 depth=3.2578 depth2=-1.0000 track=2 sf=9 flag=ok
[T2depth] t=51.9280 id=4443 src=stereo u=164.0 v=477.0 depth=1.5720 depth2=-1.0000 track=1 sf=10 flag=ok
[T2depth] t=51.9280 id=4444 src=stereo u=582.0 v=477.0 depth=1.5532 depth2=-1.0000 track=1 sf=10 flag=ok
[T2depth] t=51.9280 id=4445 src=stereo u=625.0 v=74.0 depth=2.5982 depth2=-1.0000 track=1 sf=10 flag=ok
[T2depth] t=51.9280 id=4446 src=stereo u=495.0 v=158.0 depth=3.7028 depth2=-1.0000 track=1 sf=10 flag=ok
[T2gate] t=51.9280 tri=42 rej=0 xrej=0 init_replace=0 gate=0
[T2slv] t=51.9280 phase=1 init_cost=480.287 final_cost=467.36 iters=9 term=1 slv_ms=9.6
[T2diag] t=51.9280 P=[0.1035 0.3825 0.7266] V=[0.0948 -0.0436 0.0140] |Bas|=0.331148 |Bgs|=0.0014858 tic0=[0.1200 0.0500 -0.0200] tic1=[0.1200 -0.0500 -0.0200] td=0.00000 track=95
[E2uls] flag=1 sh_t=51.968 new_t=51.968 dP=[0.0048 -0.0009 0.0024] |dP|=0.0054 first_dt=-1.0000
time: 51.928000, t: 0.103508 0.382518 0.726553 q: 0.999726 -0.003824 -0.023050 -0.001346 
[T2xcross] t=52.0600 id=4443 est=1.5720 svd=1.9234 rel=0.1827 track=2 sf=9
[T2depth] t=52.0600 id=4456 src=stereo u=431.3 v=470.7 depth=1.5738 depth2=-1.0000 track=1 sf=10 flag=ok
[T2depth] t=52.0600 id=4460 src=stereo u=274.0 v=474.0 depth=1.5816 depth2=-1.0000 track=1 sf=10 flag=ok
[T2depth] t=52.0600 id=4461 src=stereo u=583.0 v=473.0 depth=1.5753 depth2=-1.0000 track=1 sf=10 flag=ok
[T2depth] t=52.0600 id=4463 src=stereo u=511.0 v=448.0 depth=1.7593 depth2=-1.0000 track=1 sf=10 flag=ok
[T2gate] t=52.0600 tri=33 rej=0 xrej=0 init_replace=0 gate=0
[T2slv] t=52.0600 phase=1 init_cost=475.344 final_cost=457.407 iters=9 term=1 slv_ms=13.6
[T2diag] t=52.0600 P=[0.1149 0.3779 0.7264] V=[0.0865 -0.0437 0.0098] |Bas|=0.333455 |Bgs|=0.0014341 tic0=[0.1200 0.0500 -0.0200] tic1=[0.1200 -0.0500 -0.0200] td=0.00000 track=92
[E2uls] flag=1 sh_t=52.104 new_t=52.104 dP=[0.0043 -0.0034 0.0033] |dP|=0.0064 first_dt=-1.0000
time: 52.060000, t: 0.114860 0.377907 0.726448 q: 0.999712 -0.004999 -0.023406 -0.001757 
[T2xcross] t=52.1920 id=4456 est=1.5738 svd=1.3755 rel=0.1260 track=2 sf=9
[T2xcross] t=52.1920 id=4460 est=1.5816 svd=1.5311 rel=0.0319 track=2 sf=9
[T2xcross] t=52.1920 id=4461 est=1.5753 svd=1.3775 rel=0.1256 track=2 sf=9
[T2depth] t=52.1920 id=4464 src=stereo u=507.6 v=458.0 depth=1.6694 depth2=-1.0000 track=1 sf=10 flag=ok
[T2depth] t=52.1920 id=4465 src=stereo u=330.1 v=477.2 depth=1.5682 depth2=-1.0000 track=1 sf=10 flag=ok
[T2depth] t=52.1920 id=4469 src=stereo u=381.0 v=478.0 depth=1.5583 depth2=-1.0000 track=1 sf=10 flag=ok
[T2depth] t=52.1920 id=4472 src=stereo u=55.0 v=284.0 depth=7.7808 depth2=-1.0000 track=1 sf=10 flag=ok
[T2depth] t=52.1920 id=4473 src=stereo u=202.0 v=285.0 depth=7.7359 depth2=-1.0000 track=1 sf=10 flag=ok
[T2gate] t=52.1920 tri=28 rej=0 xrej=0 init_replace=0 gate=0
[T2slv] t=52.1920 phase=1 init_cost=468.624 final_cost=456.92 iters=9 term=1 slv_ms=14.2
[T2diag] t=52.1920 P=[0.1250 0.3722 0.7284] V=[0.0801 -0.0413 0.0207] |Bas|=0.332771 |Bgs|=0.0013989 tic0=[0.1200 0.0500 -0.0200] tic1=[0.1200 -0.0500 -0.0200] td=0.00000 track=89
[E2uls] flag=1 sh_t=52.228 new_t=52.228 dP=[0.0034 -0.0016 -0.0000] |dP|=0.0038 first_dt=-1.0000
time: 52.192000, t: 0.125013 0.372153 0.728356 q: 0.999707 -0.005201 -0.023533 -0.002149 
[T2xcross] t=52.2920 id=4464 est=1.6694 svd=2.0934 rel=0.2025 track=2 sf=9
[T2xcross] t=52.2920 id=4473 est=7.7359 svd=46.1509 rel=0.8324 track=2 sf=9
[T2depth] t=52.2920 id=4474 src=stereo u=371.5 v=475.8 depth=1.5752 depth2=-1.0000 track=1 sf=10 flag=ok
[T2depth] t=52.2920 id=4480 src=stereo u=330.0 v=476.0 depth=1.5767 depth2=-1.0000 track=1 sf=10 flag=ok
[T2depth] t=52.2920 id=4481 src=stereo u=608.0 v=74.0 depth=2.5989 depth2=-1.0000 track=1 sf=10 flag=ok
[T2depth] t=52.2920 id=4484 src=stereo u=462.0 v=284.0 depth=7.8799 depth2=-1.0000 track=1 sf=10 flag=ok
[T2gate] t=52.2920 tri=29 rej=0 xrej=0 init_replace=0 gate=0
[T2slv] t=52.2920 phase=1 init_cost=482.385 final_cost=471.66 iters=9 term=1 slv_ms=10.0
[T2diag] t=52.2920 P=[0.1316 0.3671 0.7295] V=[0.0708 -0.0460 0.0182] |Bas|=0.333634 |Bgs|=0.0013583 tic0=[0.1200 0.0500 -0.0200] tic1=[0.1200 -0.0500 -0.0200] td=0.00000 track=90
[E2uls] flag=1 sh_t=52.336 new_t=52.336 dP=[0.0042 -0.0012 0.0019] |dP|=0.0047 first_dt=-1.0000
time: 52.292000, t: 0.131629 0.367147 0.729494 q: 0.999701 -0.005146 -0.023820 -0.002074 
[T2xcross] t=52.3920 id=3728 est=3.0222 svd=3.0851 rel=0.0204 track=3 sf=0
[T2xcross] t=52.3920 id=4472 est=7.7808 svd=186.2000 rel=0.9582 track=3 sf=8
[T2xcross] t=52.3920 id=4474 est=1.5752 svd=1.9005 rel=0.1712 track=2 sf=9
[T2depth] t=52.3920 id=4479 src=motion2 u=4.0 v=473.0 depth=1.8755 depth2=-1.0000 track=2 sf=9 flag=ok
[T2xcross] t=52.3920 id=4480 est=1.5767 svd=1.7614 rel=0.1049 track=2 sf=9
[T2xcross] t=52.3920 id=4484 est=7.8799 svd=1.6361 rel=0.7924 track=2 sf=9
[T2depth] t=52.3920 id=4490 src=stereo u=612.0 v=74.0 depth=2.9231 depth2=-1.0000 track=1 sf=10 flag=ok
[T2depth] t=52.3920 id=4491 src=stereo u=225.0 v=307.0 depth=5.8622 depth2=-1.0000 track=1 sf=10 flag=ok
[T2depth] t=52.3920 id=4495 src=stereo u=318.0 v=310.0 depth=5.5438 depth2=-1.0000 track=1 sf=10 flag=ok
[T2gate] t=52.3920 tri=33 rej=0 xrej=0 init_replace=0 gate=0
[T2slv] t=52.3920 phase=1 init_cost=532.366 final_cost=497.618 iters=9 term=1 slv_ms=16.0
[T2diag] t=52.3920 P=[0.1368 0.3618 0.7279] V=[0.0590 -0.0455 0.0135] |Bas|=0.344071 |Bgs|=0.0012403 tic0=[0.1200 0.0500 -0.0200] tic1=[0.1200 -0.0500 -0.0200] td=0.00000 track=92
[E2uls] flag=1 sh_t=52.440 new_t=52.440 dP=[0.0050 -0.0015 0.0049] |dP|=0.0071 first_dt=-1.0000
time: 52.392000, t: 0.136791 0.361772 0.727921 q: 0.999673 -0.005116 -0.024986 -0.001936 
[T2xcross] t=52.4920 id=4491 est=5.8622 svd=8.7732 rel=0.3318 track=2 sf=9
[T2xcross] t=52.4920 id=4495 est=5.5438 svd=6.4534 rel=0.1410 track=2 sf=9
[T2depth] t=52.4920 id=4496 src=stereo u=235.0 v=461.5 depth=1.6692 depth2=-1.0000 track=1 sf=10 flag=ok
[T2depth] t=52.4920 id=4497 src=stereo u=398.3 v=468.7 depth=1.6045 depth2=-1.0000 track=1 sf=10 flag=ok
[T2depth] t=52.4920 id=4501 src=stereo u=470.0 v=478.0 depth=1.5629 depth2=-1.0000 track=1 sf=10 flag=ok
[T2depth] t=52.4920 id=4503 src=stereo u=608.0 v=74.0 depth=2.7516 depth2=-1.0000 track=1 sf=10 flag=ok
[T2depth] t=52.4920 id=4504 src=stereo u=582.0 v=478.0 depth=1.5782 depth2=-1.0000 track=1 sf=10 flag=ok
[T2depth] t=52.4920 id=4505 src=stereo u=262.0 v=478.0 depth=1.5697 depth2=-1.0000 track=1 sf=10 flag=ok
[T2gate] t=52.4920 tri=33 rej=0 xrej=0 init_replace=0 gate=0
[T2slv] t=52.4920 phase=1 init_cost=508.983 final_cost=498.811 iters=9 term=1 slv_ms=16.1
[T2diag] t=52.4920 P=[0.1423 0.3579 0.7294] V=[0.0549 -0.0432 0.0161] |Bas|=0.347154 |Bgs|=0.0012323 tic0=[0.1200 0.0500 -0.0200] tic1=[0.1200 -0.0500 -0.0200] td=0.00000 track=90
[E2uls] flag=1 sh_t=52.536 new_t=52.536 dP=[0.0026 -0.0030 0.0007] |dP|=0.0040 first_dt=-1.0000
time: 52.492000, t: 0.142326 0.357930 0.729411 q: 0.999673 -0.005407 -0.024930 -0.002015 
[T2xcross] t=52.5920 id=4496 est=1.6692 svd=1.9068 rel=0.1246 track=2 sf=9
[T2xcross] t=52.5920 id=4497 est=1.6045 svd=1.8050 rel=0.1111 track=2 sf=9
[T2depth] t=52.5920 id=4506 src=stereo u=367.4 v=477.7 depth=1.5683 depth2=-1.0000 track=1 sf=10 flag=ok
[T2depth] t=52.5920 id=4510 src=stereo u=462.0 v=478.0 depth=1.5696 depth2=-1.0000 track=1 sf=10 flag=ok
[T2depth] t=52.5920 id=4511 src=stereo u=581.0 v=478.0 depth=1.5772 depth2=-1.0000 track=1 sf=10 flag=ok
[T2gate] t=52.5920 tri=25 rej=0 xrej=0 init_replace=0 gate=0
[T2slv] t=52.5920 phase=1 init_cost=511.849 final_cost=499.816 iters=9 term=1 slv_ms=17.6
[T2diag] t=52.5920 P=[0.1467 0.3544 0.7312] V=[0.0477 -0.0394 0.0195] |Bas|=0.349294 |Bgs|=0.0012098 tic0=[0.1200 0.0500 -0.0200] tic1=[0.1200 -0.0500 -0.0200] td=0.00000 track=89
[E2uls] flag=1 sh_t=52.640 new_t=52.640 dP=[0.0030 -0.0025 0.0009] |dP|=0.0040 first_dt=-1.0000
time: 52.592000, t: 0.146674 0.354435 0.731193 q: 0.999665 -0.005863 -0.025116 -0.001926 
[T2depth] t=52.6920 id=4513 src=stereo u=583.8 v=472.5 depth=1.5891 depth2=-1.0000 track=1 sf=10 flag=ok
[T2depth] t=52.6920 id=4515 src=stereo u=224.0 v=308.1 depth=5.6530 depth2=-1.0000 track=1 sf=10 flag=ok
[T2depth] t=52.6920 id=4517 src=stereo u=363.0 v=478.0 depth=1.5747 depth2=-1.0000 track=1 sf=10 flag=ok
[T2depth] t=52.6920 id=4518 src=stereo u=474.0 v=474.0 depth=1.5853 depth2=-1.0000 track=1 sf=10 flag=ok
[T2depth] t=52.6920 id=4519 src=stereo u=429.0 v=478.0 depth=1.5691 depth2=-1.0000 track=1 sf=10 flag=ok
[T2depth] t=52.6920 id=4521 src=stereo u=263.0 v=478.0 depth=1.5721 depth2=-1.0000 track=1 sf=10 flag=ok
[T2depth] t=52.6920 id=4522 src=stereo u=87.0 v=285.0 depth=7.8842 depth2=-1.0000 track=1 sf=10 flag=ok
[T2gate] t=52.6920 tri=30 rej=0 xrej=0 init_replace=0 gate=0
[T2slv] t=52.6920 phase=1 init_cost=522.605 final_cost=507.727 iters=9 term=1 slv_ms=15.5
[T2diag] t=52.6920 P=[0.1500 0.3512 0.7323] V=[0.0397 -0.0339 0.0184] |Bas|=0.350797 |Bgs|=0.0012255 tic0=[0.1200 0.0500 -0.0200] tic1=[0.1200 -0.0500 -0.0200] td=0.00000 track=85
[E2uls] flag=1 sh_t=52.736 new_t=52.736 dP=[0.0033 -0.0017 0.0025] |dP|=0.0044 first_dt=-1.0000
time: 52.692000, t: 0.150026 0.351163 0.732316 q: 0.999656 -0.005516 -0.025593 -0.001707 
[T2depth] t=52.7920 id=4512 src=motion2 u=493.0 v=180.0 depth=0.0191 depth2=-1.0000 track=2 sf=9 flag=ok
[T2xcross] t=52.7920 id=4513 est=1.5891 svd=1.7562 rel=0.0951 track=2 sf=9
[T2xcross] t=52.7920 id=4515 est=5.6530 svd=5.0195 rel=0.1121 track=2 sf=9
[T2depth] t=52.7920 id=4516 src=motion2 u=16.0 v=478.0 depth=1.8901 depth2=-1.0000 track=2 sf=9 flag=ok
[T2xcross] t=52.7920 id=4517 est=1.5747 svd=1.6180 rel=0.0268 track=2 sf=9
[T2xcross] t=52.7920 id=4518 est=1.5853 svd=1.6487 rel=0.0384 track=2 sf=9
[T2xcross] t=52.7920 id=4521 est=1.5721 svd=1.7075 rel=0.0793 track=2 sf=9
[T2depth] t=52.7920 id=3724 src=stereo u=26.9 v=298.4 depth=6.4637 depth2=-1.0000 track=1 sf=10 flag=ok
[T2gate] t=52.7920 tri=24 rej=0 xrej=0 init_replace=0 gate=0
[T2slv] t=52.7920 phase=1 init_cost=487.465 final_cost=474.862 iters=9 term=1 slv_ms=16.9
[T2diag] t=52.7920 P=[0.1535 0.3487 0.7332] V=[0.0354 -0.0368 0.0142] |Bas|=0.349219 |Bgs|=0.0012003 tic0=[0.1200 0.0500 -0.0200] tic1=[0.1200 -0.0500 -0.0200] td=0.00000 track=91
[E2uls] flag=1 sh_t=52.840 new_t=52.840 dP=[0.0024 -0.0026 0.0017] |dP|=0.0039 first_dt=-1.0000
time: 52.792000, t: 0.153500 0.348748 0.733192 q: 0.999668 -0.005047 -0.025229 -0.001637 
[T2depth] t=52.8920 id=4524 src=motion2 u=531.0 v=92.0 depth=1.9751 depth2=-1.0000 track=2 sf=9 flag=ok
[T2depth] t=52.8920 id=4526 src=stereo u=364.4 v=478.4 depth=1.5748 depth2=-1.0000 track=1 sf=10 flag=ok
[T2depth] t=52.8920 id=4527 src=stereo u=187.0 v=474.0 depth=1.5847 depth2=-1.0000 track=1 sf=10 flag=ok
[T2depth] t=52.8920 id=4529 src=stereo u=597.0 v=73.0 depth=2.7512 depth2=-1.0000 track=1 sf=10 flag=ok
[T2gate] t=52.8920 tri=25 rej=0 xrej=0 init_replace=0 gate=0
[T2slv] t=52.8920 phase=1 init_cost=485.323 final_cost=474.651 iters=9 term=1 slv_ms=15.6
[T2diag] t=52.8920 P=[0.1556 0.3454 0.7341] V=[0.0308 -0.0306 0.0128] |Bas|=0.349312 |Bgs|=0.0011874 tic0=[0.1200 0.0500 -0.0200] tic1=[0.1200 -0.0500 -0.0200] td=0.00000 track=88
[E2uls] flag=1 sh_t=52.936 new_t=52.936 dP=[0.0029 -0.0015 0.0012] |dP|=0.0035 first_dt=-1.0000
time: 52.892000, t: 0.155592 0.345382 0.734106 q: 0.999666 -0.005096 -0.025292 -0.001504 
[T2xcross] t=52.9920 id=4527 est=1.5847 svd=1.4877 rel=0.0612 track=2 sf=9
[T2depth] t=52.9920 id=4530 src=stereo u=363.5 v=478.5 depth=1.5781 depth2=-1.0000 track=1 sf=10 flag=ok
[T2depth] t=52.9920 id=4532 src=stereo u=635.0 v=73.0 depth=2.7519 depth2=-1.0000 track=1 sf=10 flag=ok
[T2depth] t=52.9920 id=4534 src=stereo u=85.4 v=284.3 depth=7.8298 depth2=-1.0000 track=1 sf=10 flag=ok
[T2gate] t=52.9920 tri=27 rej=0 xrej=0 init_replace=0 gate=0
[T2slv] t=52.9920 phase=1 init_cost=493.358 final_cost=482.117 iters=9 term=1 slv_ms=16.3
[T2diag] t=52.9920 P=[0.1571 0.3421 0.7357] V=[0.0256 -0.0311 0.0173] |Bas|=0.349444 |Bgs|=0.0011433 tic0=[0.1200 0.0500 -0.0200] tic1=[0.1200 -0.0500 -0.0200] td=0.00000 track=88
[E2uls] flag=1 sh_t=53.040 new_t=53.040 dP=[0.0025 -0.0009 0.0000] |dP|=0.0027 first_dt=-1.0000
time: 52.992000, t: 0.157093 0.342116 0.735699 q: 0.999667 -0.005082 -0.025242 -0.001421 
[T2depth] t=53.0920 id=4533 src=motion2 u=528.1 v=94.0 depth=0.1848 depth2=-1.0000 track=2 sf=9 flag=ok
[T2depth] t=53.0920 id=4538 src=stereo u=341.2 v=477.4 depth=1.5838 depth2=-1.0000 track=1 sf=10 flag=ok
[T2depth] t=53.0920 id=4542 src=stereo u=613.0 v=73.0 depth=2.4616 depth2=-1.0000 track=1 sf=10 flag=ok
[T2gate] t=53.0920 tri=29 rej=0 xrej=0 init_replace=0 gate=0
[T2slv] t=53.0920 phase=1 init_cost=503.589 final_cost=491.954 iters=9 term=1 slv_ms=15.7
[T2diag] t=53.0920 P=[0.1578 0.3384 0.7369] V=[0.0158 -0.0357 0.0090] |Bas|=0.349203 |Bgs|=0.0011013 tic0=[0.1200 0.0500 -0.0200] tic1=[0.1200 -0.0500 -0.0200] td=0.00000 track=90
[E2uls] flag=1 sh_t=53.136 new_t=53.136 dP=[0.0022 -0.0004 0.0008] |dP|=0.0024 first_dt=-1.0000
time: 53.092000, t: 0.157785 0.338428 0.736860 q: 0.999663 -0.004630 -0.025481 -0.001519 
[T2xcross] t=53.1920 id=3724 est=6.4637 svd=1.7363 rel=0.7314 track=2 sf=9
[T2depth] t=53.1920 id=4537 src=motion2 u=29.0 v=476.3 depth=2.4083 depth2=-1.0000 track=2 sf=9 flag=ok
[T2xcross] t=53.1920 id=4538 est=1.5838 svd=1.9827 rel=0.2012 track=2 sf=9
[T2depth] t=53.1920 id=4547 src=stereo u=399.4 v=366.1 depth=2.8996 depth2=-1.0000 track=1 sf=10 flag=ok
[T2depth] t=53.1920 id=4549 src=stereo u=595.0 v=74.0 depth=2.5989 depth2=-1.0000 track=1 sf=10 flag=ok
[T2gate] t=53.1920 tri=27 rej=0 xrej=0 init_replace=0 gate=0
[T2slv] t=53.1920 phase=1 init_cost=505.142 final_cost=494.39 iters=9 term=1 slv_ms=16.6
[T2diag] t=53.1920 P=[0.1582 0.3357 0.7378] V=[0.0119 -0.0304 0.0119] |Bas|=0.349050 |Bgs|=0.0010816 tic0=[0.1200 0.0500 -0.0200] tic1=[0.1200 -0.0500 -0.0200] td=0.00000 track=89
[E2uls] flag=1 sh_t=53.240 new_t=53.240 dP=[0.0018 -0.0028 0.0006] |dP|=0.0034 first_dt=-1.0000
time: 53.192000, t: 0.158242 0.335729 0.737849 q: 0.999663 -0.005128 -0.025387 -0.001946 
[T2xcross] t=53.2920 id=4547 est=2.8996 svd=2.5228 rel=0.1299 track=2 sf=9
[T2depth] t=53.2920 id=4550 src=motion2 u=519.0 v=100.0 depth=5.0000 depth2=-1.0000 track=2 sf=9 flag=init_neg
[T2depth] t=53.2920 id=4552 src=stereo u=638.0 v=475.0 depth=1.5837 depth2=-1.0000 track=1 sf=10 flag=ok
[T2depth] t=53.2920 id=4553 src=stereo u=348.0 v=477.0 depth=1.5906 depth2=-1.0000 track=1 sf=10 flag=ok
[T2depth] t=53.2920 id=4554 src=stereo u=592.0 v=74.0 depth=2.7516 depth2=-1.0000 track=1 sf=10 flag=ok
[T2depth] t=53.2920 id=4555 src=stereo u=223.0 v=308.0 depth=5.5956 depth2=-1.0000 track=1 sf=10 flag=ok
[T2gate] t=53.2920 tri=24 rej=0 xrej=0 init_replace=1 gate=0
[T2slv] t=53.2920 phase=1 init_cost=502.071 final_cost=491.27 iters=9 term=1 slv_ms=16.7
[T2diag] t=53.2920 P=[0.1586 0.3322 0.7383] V=[0.0084 -0.0298 0.0085] |Bas|=0.349739 |Bgs|=0.0010791 tic0=[0.1200 0.0500 -0.0200] tic1=[0.1200 -0.0500 -0.0200] td=0.00000 track=89
[E2uls] flag=1 sh_t=53.336 new_t=53.336 dP=[0.0014 -0.0002 0.0014] |dP|=0.0020 first_dt=-1.0000
time: 53.292000, t: 0.158614 0.332193 0.738332 q: 0.999669 -0.005479 -0.025067 -0.001940 
[T2xcross] t=53.3920 id=4552 est=1.5837 svd=1.3154 rel=0.1694 track=2 sf=9
[T2xcross] t=53.3920 id=4553 est=1.5906 svd=1.5854 rel=0.0033 track=2 sf=9
[T2xcross] t=53.3920 id=4555 est=5.5956 svd=5.4054 rel=0.0340 track=2 sf=9
[T2depth] t=53.3920 id=4560 src=stereo u=455.8 v=284.9 depth=7.7793 depth2=-1.0000 track=1 sf=10 flag=ok
[T2depth] t=53.3920 id=4562 src=stereo u=596.0 v=74.0 depth=2.7518 depth2=-1.0000 track=1 sf=10 flag=ok
[T2depth] t=53.3920 id=4563 src=stereo u=83.0 v=283.0 depth=7.8360 depth2=-1.0000 track=1 sf=10 flag=ok
[T2gate] t=53.3920 tri=27 rej=0 xrej=0 init_replace=0 gate=0
[T2slv] t=53.3920 phase=1 init_cost=495.05 final_cost=485.556 iters=9 term=1 slv_ms=16.2
[T2diag] t=53.3920 P=[0.1587 0.3292 0.7391] V=[0.0061 -0.0251 0.0116] |Bas|=0.350506 |Bgs|=0.0010613 tic0=[0.1200 0.0500 -0.0200] tic1=[0.1200 -0.0500 -0.0200] td=0.00000 track=91
[E2uls] flag=1 sh_t=53.432 new_t=53.432 dP=[0.0008 -0.0009 0.0003] |dP|=0.0013 first_dt=-1.0000
time: 53.392000, t: 0.158700 0.329216 0.739083 q: 0.999671 -0.006173 -0.024821 -0.001987 
[T2depth] t=53.4920 id=4570 src=stereo u=637.7 v=398.9 depth=2.3305 depth2=-1.0000 track=1 sf=10 flag=ok
[T2depth] t=53.4920 id=4576 src=stereo u=610.0 v=74.0 depth=2.7518 depth2=-1.0000 track=1 sf=10 flag=ok
[T2depth] t=53.4920 id=4583 src=stereo u=315.0 v=314.0 depth=5.1140 depth2=-1.0000 track=1 sf=10 flag=ok
[T2gate] t=53.4920 tri=33 rej=0 xrej=0 init_replace=0 gate=0
[T2slv] t=53.4920 phase=1 init_cost=492.759 final_cost=481.455 iters=9 term=1 slv_ms=16.7
[T2diag] t=53.4920 P=[0.1584 0.3273 0.7395] V=[0.0004 -0.0180 0.0073] |Bas|=0.350956 |Bgs|=0.0010479 tic0=[0.1200 0.0500 -0.0200] tic1=[0.1200 -0.0500 -0.0200] td=0.00000 track=92
[E2uls] flag=1 sh_t=53.536 new_t=53.536 dP=[0.0010 -0.0017 0.0010] |dP|=0.0022 first_dt=-1.0000
time: 53.492000, t: 0.158383 0.327338 0.739492 q: 0.999672 -0.006255 -0.024736 -0.002049 
[T2xcross] t=53.5960 id=4560 est=7.7793 svd=31.1723 rel=0.7504 track=2 sf=9
[T2depth] t=53.5960 id=4577 src=motion2 u=521.0 v=98.0 depth=5.0000 depth2=-1.0000 track=2 sf=9 flag=init_neg
[T2xcross] t=53.5960 id=4583 est=5.1140 svd=2.5051 rel=0.5101 track=2 sf=9
[T2depth] t=53.5960 id=4590 src=stereo u=593.0 v=74.0 depth=2.7518 depth2=-1.0000 track=1 sf=10 flag=ok
[T2depth] t=53.5960 id=4595 src=stereo u=96.0 v=322.0 depth=4.5007 depth2=-1.0000 track=1 sf=10 flag=ok
[T2gate] t=53.5960 tri=33 rej=0 xrej=0 init_replace=1 gate=0
[T2slv] t=53.5960 phase=1 init_cost=484.864 final_cost=474.427 iters=9 term=1 slv_ms=15.4
[T2diag] t=53.5960 P=[0.1576 0.3247 0.7398] V=[-0.0018 -0.0194 0.0067] |Bas|=0.351746 |Bgs|=0.0010393 tic0=[0.1200 0.0500 -0.0200] tic1=[0.1200 -0.0500 -0.0200] td=0.00000 track=93
[E2uls] flag=1 sh_t=53.640 new_t=53.640 dP=[0.0010 0.0010 0.0012] |dP|=0.0019 first_dt=-1.0000
time: 53.596000, t: 0.157619 0.324747 0.739776 q: 0.999678 -0.005948 -0.024622 -0.001742 
[T2xcross] t=53.6960 id=4595 est=4.5007 svd=2.8540 rel=0.3659 track=2 sf=9
[T2depth] t=53.6960 id=4604 src=stereo u=617.0 v=73.0 depth=2.5988 depth2=-1.0000 track=1 sf=10 flag=ok
[T2depth] t=53.6960 id=4605 src=stereo u=634.0 v=401.0 depth=2.3009 depth2=-1.0000 track=1 sf=10 flag=ok
[T2depth] t=53.6960 id=4606 src=stereo u=222.0 v=307.0 depth=5.6436 depth2=-1.0000 track=1 sf=10 flag=ok
[T2depth] t=53.6960 id=4607 src=stereo u=456.0 v=284.0 depth=8.6991 depth2=-1.0000 track=1 sf=10 flag=ok
[T2depth] t=53.6960 id=4608 src=stereo u=85.0 v=283.0 depth=7.8686 depth2=-1.0000 track=1 sf=10 flag=ok
[T2gate] t=53.6960 tri=34 rej=0 xrej=0 init_replace=0 gate=0
[T2slv] t=53.6960 phase=1 init_cost=477.845 final_cost=466.441 iters=9 term=1 slv_ms=14.3
[T2diag] t=53.6960 P=[0.1569 0.3228 0.7395] V=[-0.0030 -0.0165 0.0032] |Bas|=0.353312 |Bgs|=0.0010398 tic0=[0.1200 0.0500 -0.0200] tic1=[0.1200 -0.0500 -0.0200] td=0.00000 track=92
[E2uls] flag=1 sh_t=53.736 new_t=53.736 dP=[0.0006 -0.0002 0.0016] |dP|=0.0017 first_dt=-1.0000
time: 53.696000, t: 0.156924 0.322772 0.739509 q: 0.999682 -0.005323 -0.024598 -0.001597 
[T2xcross] t=53.8280 id=4606 est=5.6436 svd=1.2627 rel=0.7763 track=2 sf=9
[T2xcross] t=53.8280 id=4608 est=7.8686 svd=0.1350 rel=0.9828 track=2 sf=9
[T2depth] t=53.8280 id=4613 src=stereo u=597.4 v=72.7 depth=2.7516 depth2=-1.0000 track=1 sf=10 flag=ok
[T2depth] t=53.8280 id=4620 src=stereo u=250.0 v=478.0 depth=1.5755 depth2=-1.0000 track=1 sf=10 flag=ok
[T2depth] t=53.8280 id=4621 src=stereo u=637.0 v=402.0 depth=2.2676 depth2=-1.0000 track=1 sf=10 flag=ok
[T2gate] t=53.8280 tri=30 rej=0 xrej=0 init_replace=0 gate=0
[T2slv] t=53.8280 phase=1 init_cost=478.803 final_cost=461.375 iters=9 term=1 slv_ms=15.8
[T2diag] t=53.8280 P=[0.1560 0.3199 0.7395] V=[-0.0060 -0.0180 0.0049] |Bas|=0.354968 |Bgs|=0.0010051 tic0=[0.1200 0.0500 -0.0200] tic1=[0.1200 -0.0500 -0.0200] td=0.00000 track=91
[E2uls] flag=1 sh_t=53.872 new_t=53.872 dP=[-0.0001 0.0016 0.0010] |dP|=0.0019 first_dt=-1.0000
time: 53.828000, t: 0.156042 0.319931 0.739468 q: 0.999695 -0.004707 -0.024208 -0.001532 
[T2depth] t=53.9280 id=4619 src=motion2 u=521.0 v=96.0 depth=5.0000 depth2=-1.0000 track=2 sf=9 flag=init_neg
[T2xcross] t=53.9280 id=4620 est=1.5755 svd=6.8977 rel=0.7716 track=2 sf=9
[T2depth] t=53.9280 id=4625 src=stereo u=396.9 v=366.9 depth=2.8427 depth2=-1.0000 track=1 sf=10 flag=ok
[T2depth] t=53.9280 id=4626 src=stereo u=457.2 v=284.0 depth=7.6007 depth2=-1.0000 track=1 sf=10 flag=ok
[T2depth] t=53.9280 id=4629 src=stereo u=307.8 v=312.9 depth=5.1209 depth2=-1.0000 track=1 sf=10 flag=ok
[T2depth] t=53.9280 id=4630 src=stereo u=601.0 v=73.0 depth=2.7517 depth2=-1.0000 track=1 sf=10 flag=ok
[T2depth] t=53.9280 id=4631 src=stereo u=274.0 v=337.0 depth=3.6818 depth2=-1.0000 track=1 sf=10 flag=ok
[T2gate] t=53.9280 tri=29 rej=0 xrej=0 init_replace=1 gate=0
[T2slv] t=53.9280 phase=1 init_cost=468.8 final_cost=455.739 iters=9 term=1 slv_ms=12.0
[T2diag] t=53.9280 P=[0.1549 0.3200 0.7399] V=[-0.0075 -0.0018 0.0140] |Bas|=0.353860 |Bgs|=0.0009535 tic0=[0.1200 0.0500 -0.0200] tic1=[0.1200 -0.0500 -0.0200] td=0.00000 track=92
[E2uls] flag=1 sh_t=53.956 new_t=53.956 dP=[0.0003 -0.0026 0.0003] |dP|=0.0027 first_dt=-1.0000
time: 53.928000, t: 0.154929 0.319961 0.739929 q: 0.999703 -0.004836 -0.023786 -0.002030 
[T2xcross] t=54.0280 id=4621 est=2.2676 svd=8.3347 rel=0.7279 track=2 sf=9
[T2depth] t=54.0280 id=4634 src=stereo u=417.8 v=477.8 depth=1.5729 depth2=-1.0000 track=1 sf=10 flag=ok
[T2depth] t=54.0280 id=4635 src=stereo u=252.9 v=477.8 depth=1.5748 depth2=-1.0000 track=1 sf=10 flag=ok
[T2depth] t=54.0280 id=4637 src=stereo u=597.0 v=73.0 depth=2.7519 depth2=-1.0000 track=1 sf=10 flag=ok
[T2depth] t=54.0280 id=4639 src=stereo u=49.0 v=284.0 depth=7.6155 depth2=-1.0000 track=1 sf=10 flag=ok
[T2gate] t=54.0280 tri=27 rej=0 xrej=0 init_replace=0 gate=0
[T2slv] t=54.0280 phase=1 init_cost=468.483 final_cost=455.912 iters=9 term=1 slv_ms=13.0
[T2diag] t=54.0280 P=[0.1534 0.3184 0.7397] V=[-0.0109 -0.0049 0.0045] |Bas|=0.356411 |Bgs|=0.0009761 tic0=[0.1200 0.0500 -0.0200] tic1=[0.1200 -0.0500 -0.0200] td=0.00000 track=94
[E2uls] flag=1 sh_t=54.064 new_t=54.064 dP=[0.0008 0.0017 0.0024] |dP|=0.0031 first_dt=-1.0000
time: 54.028000, t: 0.153378 0.318391 0.739701 q: 0.999699 -0.004025 -0.024118 -0.002001 
[T2xcross] t=54.1280 id=4626 est=7.6007 svd=0.4000 rel=0.9474 track=2 sf=9
[T2xcross] t=54.1280 id=4629 est=5.1209 svd=0.4482 rel=0.9125 track=2 sf=9
[T2xcross] t=54.1280 id=4631 est=3.6818 svd=0.2540 rel=0.9310 track=2 sf=9
[T2xcross] t=54.1280 id=4635 est=1.5748 svd=0.1558 rel=0.9011 track=2 sf=9
[T2depth] t=54.1280 id=4642 src=stereo u=417.9 v=477.8 depth=1.5708 depth2=-1.0000 track=1 sf=10 flag=ok
[T2depth] t=54.1280 id=4643 src=stereo u=397.9 v=355.8 depth=3.1110 depth2=-1.0000 track=1 sf=10 flag=ok
[T2gate] t=54.1280 tri=25 rej=0 xrej=0 init_replace=0 gate=0
[T2slv] t=54.1280 phase=1 init_cost=466.814 final_cost=454.251 iters=9 term=1 slv_ms=12.3
[T2diag] t=54.1280 P=[0.1524 0.3168 0.7400] V=[-0.0064 -0.0122 0.0049] |Bas|=0.356281 |Bgs|=0.0009512 tic0=[0.1200 0.0500 -0.0200] tic1=[0.1200 -0.0500 -0.0200] td=0.00000 track=94
[E2uls] flag=1 sh_t=54.168 new_t=54.168 dP=[-0.0002 0.0014 -0.0002] |dP|=0.0014 first_dt=-1.0000
time: 54.128000, t: 0.152365 0.316803 0.739977 q: 0.999714 -0.003848 -0.023549 -0.001856 
[T2xcross] t=54.2280 id=3763 est=2.4042 svd=2.4284 rel=0.0100 track=2 sf=0
[T2xcross] t=54.2280 id=4642 est=1.5708 svd=1.4560 rel=0.0731 track=2 sf=9
[T2xcross] t=54.2280 id=4643 est=3.1110 svd=2.1106 rel=0.3216 track=2 sf=9
[T2depth] t=54.2280 id=4644 src=motion2 u=520.0 v=95.0 depth=5.0000 depth2=-1.0000 track=2 sf=9 flag=init_neg
[T2gate] t=54.2280 tri=23 rej=0 xrej=0 init_replace=1 gate=0
[T2slv] t=54.2280 phase=1 init_cost=493.148 final_cost=460.259 iters=9 term=1 slv_ms=12.8
[T2diag] t=54.2280 P=[0.1513 0.3141 0.7407] V=[-0.0037 -0.0204 0.0055] |Bas|=0.354402 |Bgs|=0.0009526 tic0=[0.1200 0.0500 -0.0200] tic1=[0.1200 -0.0500 -0.0200] td=0.00000 track=96
[E2uls] flag=1 sh_t=54.272 new_t=54.272 dP=[0.0006 0.0006 0.0003] |dP|=0.0009 first_dt=-1.0000
time: 54.228000, t: 0.151318 0.314102 0.740653 q: 0.999724 -0.003855 -0.023094 -0.001675 
[T2depth] t=54.3280 id=4648 src=stereo u=395.9 v=366.0 depth=2.8479 depth2=-1.0000 track=1 sf=10 flag=ok
[T2gate] t=54.3280 tri=25 rej=0 xrej=0 init_replace=0 gate=0
[T2slv] t=54.3280 phase=1 init_cost=473.757 final_cost=461.687 iters=9 term=1 slv_ms=13.2
[T2diag] t=54.3280 P=[0.1504 0.3126 0.7408] V=[-0.0022 -0.0201 0.0033] |Bas|=0.353083 |Bgs|=0.0009642 tic0=[0.1200 0.0500 -0.0200] tic1=[0.1200 -0.0500 -0.0200] td=0.00000 track=94
[E2uls] flag=1 sh_t=54.368 new_t=54.368 dP=[0.0012 -0.0017 0.0008] |dP|=0.0022 first_dt=-1.0000
time: 54.328000, t: 0.150361 0.312587 0.740820 q: 0.999724 -0.003838 -0.023122 -0.001712 
[T2xcross] t=54.4640 id=4648 est=2.8479 svd=10.4292 rel=0.7269 track=2 sf=9
[T2depth] t=54.4640 id=4654 src=stereo u=312.0 v=315.0 depth=4.7791 depth2=-1.0000 track=1 sf=10 flag=ok
[T2gate] t=54.4640 tri=24 rej=0 xrej=0 init_replace=0 gate=0
[T2slv] t=54.4640 phase=1 init_cost=477.11 final_cost=461.786 iters=9 term=1 slv_ms=17.0
[T2diag] t=54.4640 P=[0.1489 0.3116 0.7411] V=[-0.0016 -0.0129 0.0041] |Bas|=0.352971 |Bgs|=0.0009598 tic0=[0.1200 0.0500 -0.0200] tic1=[0.1200 -0.0500 -0.0200] td=0.00000 track=95
[E2uls] flag=1 sh_t=54.508 new_t=54.508 dP=[0.0020 -0.0029 0.0002] |dP|=0.0035 first_dt=-1.0000
time: 54.464000, t: 0.148918 0.311576 0.741118 q: 0.999722 -0.004153 -0.023108 -0.002118 
[T2xcross] t=54.5920 id=4654 est=4.7791 svd=7.1820 rel=0.3346 track=2 sf=9
[T2depth] t=54.5920 id=4655 src=stereo u=518.8 v=96.1 depth=3.5350 depth2=-1.0000 track=1 sf=10 flag=ok
[T2depth] t=54.5920 id=4660 src=stereo u=93.2 v=321.2 depth=4.5413 depth2=-1.0000 track=1 sf=10 flag=ok
[T2depth] t=54.5920 id=4661 src=stereo u=460.0 v=474.0 depth=1.5865 depth2=-1.0000 track=1 sf=10 flag=ok
[T2depth] t=54.5920 id=4662 src=stereo u=587.0 v=73.0 depth=2.7515 depth2=-1.0000 track=1 sf=10 flag=ok
[T2depth] t=54.5920 id=4663 src=stereo u=567.0 v=478.0 depth=1.5884 depth2=-1.0000 track=1 sf=10 flag=ok
[T2gate] t=54.5920 tri=26 rej=0 xrej=0 init_replace=0 gate=0
[T2slv] t=54.5920 phase=1 init_cost=472.855 final_cost=460.033 iters=9 term=1 slv_ms=16.2
[T2diag] t=54.5920 P=[0.1475 0.3105 0.7420] V=[0.0007 -0.0120 0.0089] |Bas|=0.352809 |Bgs|=0.0009262 tic0=[0.1200 0.0500 -0.0200] tic1=[0.1200 -0.0500 -0.0200] td=0.00000 track=92
[E2uls] flag=1 sh_t=54.628 new_t=54.628 dP=[0.0022 -0.0012 -0.0002] |dP|=0.0025 first_dt=-1.0000
time: 54.592000, t: 0.147452 0.310514 0.742010 q: 0.999713 -0.004923 -0.023335 -0.002094 
[T2xcross] t=54.6920 id=4655 est=3.5350 svd=0.1542 rel=0.9564 track=2 sf=9
[T2xcross] t=54.6920 id=4660 est=4.5413 svd=4.4426 rel=0.0217 track=2 sf=9
[T2xcross] t=54.6920 id=4661 est=1.5865 svd=0.9578 rel=0.3963 track=2 sf=9
[T2xcross] t=54.6920 id=4663 est=1.5884 svd=0.7582 rel=0.5227 track=2 sf=9
[T2depth] t=54.6920 id=4665 src=stereo u=272.1 v=337.3 depth=3.6780 depth2=-1.0000 track=1 sf=10 flag=ok
[T2depth] t=54.6920 id=4669 src=stereo u=591.0 v=74.0 depth=2.7510 depth2=-1.0000 track=1 sf=10 flag=ok
[T2depth] t=54.6920 id=4673 src=stereo u=310.0 v=313.0 depth=5.1258 depth2=-1.0000 track=1 sf=10 flag=ok
[T2gate] t=54.6920 tri=27 rej=0 xrej=0 init_replace=0 gate=0
[T2slv] t=54.6920 phase=1 init_cost=472.648 final_cost=461.119 iters=9 term=1 slv_ms=15.9
[T2diag] t=54.6920 P=[0.1458 0.3090 0.7431] V=[-0.0023 -0.0114 0.0089] |Bas|=0.352976 |Bgs|=0.0008963 tic0=[0.1200 0.0500 -0.0200] tic1=[0.1200 -0.0500 -0.0200] td=0.00000 track=95
[E2uls] flag=1 sh_t=54.736 new_t=54.736 dP=[0.0020 0.0003 -0.0000] |dP|=0.0020 first_dt=-1.0000
time: 54.692000, t: 0.145754 0.308990 0.743114 q: 0.999709 -0.005094 -0.023509 -0.001697 
[T2depth] t=54.7960 id=4674 src=stereo u=569.1 v=477.8 depth=1.5901 depth2=-1.0000 track=1 sf=10 flag=ok
[T2gate] t=54.7960 tri=30 rej=0 xrej=0 init_replace=0 gate=0
[T2slv] t=54.7960 phase=1 init_cost=477.842 final_cost=465.142 iters=9 term=1 slv_ms=14.9
[T2diag] t=54.7960 P=[0.1441 0.3081 0.7435] V=[-0.0061 -0.0078 0.0038] |Bas|=0.354974 |Bgs|=0.0009197 tic0=[0.1200 0.0500 -0.0200] tic1=[0.1200 -0.0500 -0.0200] td=0.00000 track=95
[E2uls] flag=1 sh_t=54.840 new_t=54.840 dP=[0.0018 -0.0009 0.0009] |dP|=0.0022 first_dt=-1.0000
time: 54.796000, t: 0.144067 0.308110 0.743527 q: 0.999702 -0.004929 -0.023865 -0.001402 
[T2xcross] t=54.9280 id=4665 est=3.6780 svd=1.3185 rel=0.6415 track=2 sf=9
[T2xcross] t=54.9280 id=4673 est=5.1258 svd=2.2107 rel=0.5687 track=2 sf=9
[T2xcross] t=54.9280 id=4674 est=1.5901 svd=0.5986 rel=0.6235 track=2 sf=9
[T2depth] t=54.9280 id=4679 src=motion2 u=516.0 v=99.0 depth=5.0000 depth2=-1.0000 track=2 sf=9 flag=init_neg
[T2depth] t=54.9280 id=4686 src=stereo u=619.0 v=74.0 depth=2.5988 depth2=-1.0000 track=1 sf=10 flag=ok
[T2gate] t=54.9280 tri=31 rej=0 xrej=0 init_replace=1 gate=0
[T2slv] t=54.9280 phase=1 init_cost=475.092 final_cost=464.762 iters=9 term=1 slv_ms=16.0
[T2diag] t=54.9280 P=[0.1429 0.3066 0.7440] V=[-0.0023 -0.0135 0.0039] |Bas|=0.355644 |Bgs|=0.0009046 tic0=[0.1200 0.0500 -0.0200] tic1=[0.1200 -0.0500 -0.0200] td=0.00000 track=97
[E2uls] flag=1 sh_t=54.968 new_t=54.968 dP=[0.0010 0.0005 -0.0001] |dP|=0.0011 first_dt=-1.0000
time: 54.928000, t: 0.142907 0.306627 0.743986 q: 0.999708 -0.004688 -0.023662 -0.001140 
[T2gate] t=55.0600 tri=26 rej=0 xrej=0 init_replace=0 gate=0
[T2slv] t=55.0600 phase=1 init_cost=480.711 final_cost=465.397 iters=9 term=1 slv_ms=15.1
[T2diag] t=55.0600 P=[0.1416 0.3069 0.7450] V=[0.0019 -0.0018 0.0107] |Bas|=0.354393 |Bgs|=0.0008534 tic0=[0.1200 0.0500 -0.0200] tic1=[0.1200 -0.0500 -0.0200] td=0.00000 track=96
[E2uls] flag=1 sh_t=55.104 new_t=55.104 dP=[0.0019 -0.0025 -0.0001] |dP|=0.0032 first_dt=-1.0000
time: 55.060000, t: 0.141624 0.306947 0.744991 q: 0.999716 -0.004819 -0.023321 -0.001288 
[T2xcross] t=55.1920 id=4679 est=5.0000 svd=0.0952 rel=0.9810 track=2 sf=9
[T2depth] t=55.1920 id=4697 src=stereo u=624.0 v=74.0 depth=2.5984 depth2=-1.0000 track=1 sf=10 flag=ok
[T2gate] t=55.1920 tri=24 rej=0 xrej=0 init_replace=0 gate=0
[T2slv] t=55.1920 phase=1 init_cost=489.618 final_cost=467.817 iters=9 term=1 slv_ms=16.3
[T2diag] t=55.1920 P=[0.1404 0.3067 0.7445] V=[-0.0022 -0.0048 -0.0027] |Bas|=0.357978 |Bgs|=0.0008422 tic0=[0.1200 0.0500 -0.0200] tic1=[0.1200 -0.0500 -0.0200] td=0.00000 track=96
[E2uls] flag=1 sh_t=55.232 new_t=55.232 dP=[0.0021 0.0007 0.0031] |dP|=0.0038 first_dt=-1.0000
time: 55.192000, t: 0.140350 0.306720 0.744506 q: 0.999711 -0.003998 -0.023668 -0.001204 
[T2depth] t=55.2640 id=4701 src=stereo u=221.0 v=306.0 depth=5.6567 depth2=-1.0000 track=1 sf=10 flag=ok
[T2depth] t=55.2640 id=4704 src=stereo u=599.0 v=74.0 depth=2.5989 depth2=-1.0000 track=1 sf=10 flag=ok
[T2gate] t=55.2640 tri=25 rej=0 xrej=0 init_replace=0 gate=0
[T2slv] t=55.2640 phase=1 init_cost=477.17 final_cost=466.448 iters=9 term=1 slv_ms=10.8
[T2diag] t=55.2640 P=[0.1398 0.3070 0.7450] V=[0.0030 -0.0030 0.0083] |Bas|=0.355025 |Bgs|=0.0008232 tic0=[0.1200 0.0500 -0.0200] tic1=[0.1200 -0.0500 -0.0200] td=0.00000 track=94
[E2uls] flag=1 sh_t=55.296 new_t=55.296 dP=[0.0004 -0.0011 -0.0009] |dP|=0.0015 first_dt=-1.0000
time: 55.264000, t: 0.139833 0.307014 0.744973 q: 0.999723 -0.003930 -0.023166 -0.001408 
[T2xcross] t=55.3640 id=4701 est=5.6567 svd=4.7486 rel=0.1605 track=2 sf=9
[T2depth] t=55.3640 id=4703 src=motion2 u=513.0 v=101.0 depth=0.9555 depth2=-1.0000 track=2 sf=9 flag=ok
[T2depth] t=55.3640 id=4705 src=stereo u=248.0 v=476.0 depth=1.5898 depth2=-1.0000 track=1 sf=10 flag=ok
[T2depth] t=55.3640 id=4706 src=stereo u=84.1 v=282.0 depth=7.7399 depth2=-1.0000 track=1 sf=10 flag=ok
[T2gate] t=55.3640 tri=24 rej=0 xrej=0 init_replace=0 gate=0
[T2slv] t=55.3640 phase=1 init_cost=478.723 final_cost=467.861 iters=9 term=1 slv_ms=10.6
[T2diag] t=55.3640 P=[0.1390 0.3071 0.7454] V=[0.0019 -0.0022 0.0071] |Bas|=0.354462 |Bgs|=0.0008066 tic0=[0.1200 0.0500 -0.0200] tic1=[0.1200 -0.0500 -0.0200] td=0.00000 track=96
[E2uls] flag=1 sh_t=55.400 new_t=55.400 dP=[0.0017 -0.0011 0.0007] |dP|=0.0021 first_dt=-1.0000
time: 55.364000, t: 0.139027 0.307091 0.745354 q: 0.999724 -0.004156 -0.023063 -0.001495 
[T2depth] t=55.4920 id=4708 src=stereo u=629.0 v=74.0 depth=2.5984 depth2=-1.0000 track=1 sf=10 flag=ok
[T2depth] t=55.4920 id=4709 src=stereo u=84.0 v=284.0 depth=7.8693 depth2=-1.0000 track=1 sf=10 flag=ok
[T2gate] t=55.4920 tri=23 rej=0 xrej=0 init_replace=0 gate=0
[T2slv] t=55.4920 phase=1 init_cost=483.026 final_cost=471.322 iters=9 term=1 slv_ms=11.0
[T2diag] t=55.4920 P=[0.1375 0.3064 0.7466] V=[-0.0021 -0.0067 0.0106] |Bas|=0.353926 |Bgs|=0.0007878 tic0=[0.1200 0.0500 -0.0200] tic1=[0.1200 -0.0500 -0.0200] td=0.00000 track=94
[E2uls] flag=1 sh_t=55.528 new_t=55.528 dP=[0.0023 0.0002 -0.0003] |dP|=0.0023 first_dt=-1.0000
time: 55.492000, t: 0.137467 0.306382 0.746623 q: 0.999720 -0.004219 -0.023233 -0.001318 
[T2gate] t=55.5920 tri=21 rej=0 xrej=0 init_replace=0 gate=0
[T2slv] t=55.5920 phase=1 init_cost=489.53 final_cost=474.681 iters=9 term=1 slv_ms=16.8
[T2diag] t=55.5920 P=[0.1358 0.3066 0.7475] V=[-0.0049 -0.0013 0.0078] |Bas|=0.356482 |Bgs|=0.0008049 tic0=[0.1200 0.0500 -0.0200] tic1=[0.1200 -0.0500 -0.0200] td=0.00000 track=94
[E2uls] flag=1 sh_t=55.640 new_t=55.640 dP=[0.0015 -0.0020 0.0010] |dP|=0.0027 first_dt=-1.0000
time: 55.592000, t: 0.135765 0.306593 0.747486 q: 0.999714 -0.004297 -0.023502 -0.001326 
[T2depth] t=55.6920 id=4711 src=stereo u=415.0 v=477.0 depth=1.5832 depth2=-1.0000 track=1 sf=10 flag=ok
[T2depth] t=55.6920 id=4712 src=stereo u=83.0 v=284.0 depth=7.8180 depth2=-1.0000 track=1 sf=10 flag=ok
[T2gate] t=55.6920 tri=23 rej=0 xrej=0 init_replace=0 gate=0
[T2slv] t=55.6920 phase=1 init_cost=484.447 final_cost=473.271 iters=9 term=1 slv_ms=16.3
[T2diag] t=55.6920 P=[0.1352 0.3066 0.7480] V=[-0.0007 -0.0010 0.0050] |Bas|=0.357005 |Bgs|=0.0008367 tic0=[0.1200 0.0500 -0.0200] tic1=[0.1200 -0.0500 -0.0200] td=0.00000 track=94
[E2uls] flag=1 sh_t=55.736 new_t=55.736 dP=[0.0003 -0.0001 0.0003] |dP|=0.0004 first_dt=-1.0000
time: 55.692000, t: 0.135167 0.306602 0.747979 q: 0.999721 -0.004006 -0.023233 -0.001291 
[T2depth] t=55.7920 id=4713 src=stereo u=251.0 v=476.0 depth=1.5906 depth2=-1.0000 track=1 sf=10 flag=ok
[T2depth] t=55.7920 id=4714 src=stereo u=221.0 v=304.0 depth=5.8782 depth2=-1.0000 track=1 sf=10 flag=ok
[T2gate] t=55.7920 tri=23 rej=0 xrej=0 init_replace=0 gate=0
[T2slv] t=55.7920 phase=1 init_cost=483.429 final_cost=471.309 iters=9 term=1 slv_ms=15.4
[T2diag] t=55.7920 P=[0.1350 0.3080 0.7478] V=[-0.0010 0.0009 0.0027] |Bas|=0.357967 |Bgs|=0.0008262 tic0=[0.1200 0.0500 -0.0200] tic1=[0.1200 -0.0500 -0.0200] td=0.00000 track=94
[E2uls] flag=1 sh_t=55.832 new_t=55.832 dP=[0.0003 -0.0016 0.0011] |dP|=0.0020 first_dt=-1.0000
time: 55.792000, t: 0.134963 0.307977 0.747823 q: 0.999725 -0.003925 -0.023059 -0.001406 
[T2xcross] t=55.8920 id=4711 est=1.5832 svd=0.4861 rel=0.6930 track=2 sf=9
[T2xcross] t=55.8920 id=4713 est=1.5906 svd=0.5630 rel=0.6460 track=2 sf=9
[T2xcross] t=55.8920 id=4714 est=5.8782 svd=0.6768 rel=0.8849 track=2 sf=9
[T2depth] t=55.8920 id=4716 src=stereo u=308.2 v=476.8 depth=1.5905 depth2=-1.0000 track=1 sf=10 flag=ok
[T2gate] t=55.8920 tri=24 rej=0 xrej=0 init_replace=0 gate=0
[T2slv] t=55.8920 phase=1 init_cost=481.757 final_cost=470.389 iters=9 term=1 slv_ms=11.8
[T2diag] t=55.8920 P=[0.1348 0.3093 0.7482] V=[0.0025 0.0046 0.0089] |Bas|=0.356297 |Bgs|=0.0008136 tic0=[0.1200 0.0500 -0.0200] tic1=[0.1200 -0.0500 -0.0200] td=0.00000 track=96
[E2uls] flag=1 sh_t=55.936 new_t=55.936 dP=[0.0003 -0.0011 -0.0000] |dP|=0.0011 first_dt=-1.0000
time: 55.892000, t: 0.134838 0.309336 0.748171 q: 0.999734 -0.003952 -0.022665 -0.001405 
[T2xcross] t=55.9920 id=4716 est=1.5905 svd=6.3197 rel=0.7483 track=2 sf=9
[T2depth] t=55.9920 id=4720 src=stereo u=221.0 v=305.0 depth=5.7594 depth2=-1.0000 track=1 sf=10 flag=ok
[T2gate] t=55.9920 tri=24 rej=0 xrej=0 init_replace=0 gate=0
[T2slv] t=55.9920 phase=1 init_cost=478.941 final_cost=469.572 iters=9 term=1 slv_ms=17.3
[T2diag] t=55.9920 P=[0.1348 0.3095 0.7480] V=[0.0021 -0.0032 0.0043] |Bas|=0.357122 |Bgs|=0.0008079 tic0=[0.1200 0.0500 -0.0200] tic1=[0.1200 -0.0500 -0.0200] td=0.00000 track=95
[E2uls] flag=1 sh_t=56.036 new_t=56.036 dP=[0.0010 0.0003 0.0016] |dP|=0.0019 first_dt=-1.0000
time: 55.992000, t: 0.134817 0.309455 0.748039 q: 0.999735 -0.003705 -0.022694 -0.001181 
[T2depth] t=56.0920 id=4722 src=stereo u=395.0 v=366.0 depth=2.8674 depth2=-1.0000 track=1 sf=10 flag=ok
[T2gate] t=56.0920 tri=23 rej=0 xrej=0 init_replace=0 gate=0
[T2slv] t=56.0920 phase=1 init_cost=480.629 final_cost=469.8 iters=9 term=1 slv_ms=16.3
[T2diag] t=56.0920 P=[0.1347 0.3101 0.7481] V=[0.0050 0.0014 0.0030] |Bas|=0.357970 |Bgs|=0.0008217 tic0=[0.1200 0.0500 -0.0200] tic1=[0.1200 -0.0500 -0.0200] td=0.00000 track=94
[E2uls] flag=1 sh_t=56.136 new_t=56.136 dP=[0.0011 -0.0016 0.0005] |dP|=0.0020 first_dt=-1.0000
time: 56.092000, t: 0.134688 0.310067 0.748095 q: 0.999733 -0.003731 -0.022773 -0.001207 
[T2depth] t=56.1640 id=4723 src=motion2 u=515.0 v=99.0 depth=5.0000 depth2=-1.0000 track=2 sf=9 flag=init_neg
[T2depth] t=56.1640 id=4724 src=stereo u=418.1 v=477.9 depth=1.5794 depth2=-1.0000 track=1 sf=10 flag=ok
[T2depth] t=56.1640 id=4725 src=stereo u=598.0 v=74.0 depth=2.7511 depth2=-1.0000 track=1 sf=10 flag=ok
[T2depth] t=56.1640 id=4726 src=stereo u=248.0 v=478.0 depth=1.5847 depth2=-1.0000 track=1 sf=10 flag=ok
[T2gate] t=56.1640 tri=25 rej=0 xrej=0 init_replace=1 gate=0
[T2slv] t=56.1640 phase=1 init_cost=479.156 final_cost=469.863 iters=9 term=1 slv_ms=14.9
[T2diag] t=56.1640 P=[0.1348 0.3105 0.7477] V=[0.0075 0.0009 -0.0021] |Bas|=0.359160 |Bgs|=0.0008305 tic0=[0.1200 0.0500 -0.0200] tic1=[0.1200 -0.0500 -0.0200] td=0.00000 track=95
[E2uls] flag=1 sh_t=56.204 new_t=56.204 dP=[0.0008 -0.0000 0.0008] |dP|=0.0011 first_dt=-1.0000
time: 56.164000, t: 0.134821 0.310462 0.747651 q: 0.999732 -0.003708 -0.022831 -0.001173 
[T2xcross] t=56.2920 id=4726 est=1.5847 svd=0.1217 rel=0.9232 track=2 sf=9
[T2gate] t=56.2920 tri=23 rej=0 xrej=0 init_replace=0 gate=0
[T2slv] t=56.2920 phase=1 init_cost=479.857 final_cost=469.758 iters=9 term=1 slv_ms=17.0
[T2diag] t=56.2920 P=[0.1355 0.3102 0.7476] V=[0.0096 -0.0033 0.0011] |Bas|=0.357408 |Bgs|=0.0007998 tic0=[0.1200 0.0500 -0.0200] tic1=[0.1200 -0.0500 -0.0200] td=0.00000 track=95
[E2uls] flag=1 sh_t=56.336 new_t=56.336 dP=[0.0010 0.0005 -0.0008] |dP|=0.0014 first_dt=-1.0000
time: 56.292000, t: 0.135502 0.310243 0.747604 q: 0.999739 -0.003560 -0.022552 -0.001205 
[T2xcross] t=56.3920 id=4720 est=5.7594 svd=2.1577 rel=0.6254 track=2 sf=9
[T2xcross] t=56.3920 id=4722 est=2.8674 svd=0.9344 rel=0.6741 track=2 sf=9
[T2xcross] t=56.3920 id=4724 est=1.5794 svd=1.0137 rel=0.3582 track=2 sf=9
[T2depth] t=56.3920 id=4727 src=motion2 u=515.8 v=98.1 depth=2.9736 depth2=-1.0000 track=2 sf=9 flag=ok
[T2depth] t=56.3920 id=4731 src=stereo u=609.0 v=74.0 depth=2.7517 depth2=-1.0000 track=1 sf=10 flag=ok
[T2gate] t=56.3920 tri=24 rej=0 xrej=0 init_replace=0 gate=0
[T2slv] t=56.3920 phase=1 init_cost=479.991 final_cost=470.839 iters=9 term=1 slv_ms=16.3
[T2diag] t=56.3920 P=[0.1355 0.3097 0.7479] V=[0.0095 -0.0100 0.0051] |Bas|=0.356091 |Bgs|=0.0007628 tic0=[0.1200 0.0500 -0.0200] tic1=[0.1200 -0.0500 -0.0200] td=0.00000 track=96
[E2uls] flag=1 sh_t=56.428 new_t=56.428 dP=[0.0014 -0.0003 0.0000] |dP|=0.0014 first_dt=-1.0000
time: 56.392000, t: 0.135470 0.309727 0.747900 q: 0.999737 -0.003583 -0.022606 -0.001303 
[T2depth] t=56.4960 id=4732 src=stereo u=618.0 v=74.0 depth=2.7516 depth2=-1.0000 track=1 sf=10 flag=ok
[T2gate] t=56.4960 tri=23 rej=0 xrej=0 init_replace=0 gate=0
[T2slv] t=56.4960 phase=1 init_cost=481.341 final_cost=472.229 iters=9 term=1 slv_ms=17.6
[T2diag] t=56.4960 P=[0.1354 0.3092 0.7488] V=[0.0108 -0.0066 0.0074] |Bas|=0.356226 |Bgs|=0.0007494 tic0=[0.1200 0.0500 -0.0200] tic1=[0.1200 -0.0500 -0.0200] td=0.00000 track=95
[E2uls] flag=1 sh_t=56.544 new_t=56.544 dP=[0.0019 -0.0015 0.0002] |dP|=0.0024 first_dt=-1.0000
time: 56.496000, t: 0.135385 0.309230 0.748824 q: 0.999734 -0.003569 -0.022724 -0.001551 
[T2depth] t=56.6280 id=4736 src=stereo u=221.0 v=306.3 depth=5.7199 depth2=-1.0000 track=1 sf=10 flag=ok
[T2depth] t=56.6280 id=4737 src=stereo u=586.0 v=74.0 depth=2.7512 depth2=-1.0000 track=1 sf=10 flag=ok
[T2depth] t=56.6280 id=4738 src=stereo u=83.0 v=284.0 depth=7.9100 depth2=-1.0000 track=1 sf=10 flag=ok
[T2gate] t=56.6280 tri=25 rej=0 xrej=0 init_replace=0 gate=0
[T2slv] t=56.6280 phase=1 init_cost=483.929 final_cost=474.431 iters=9 term=1 slv_ms=15.7
[T2diag] t=56.6280 P=[0.1358 0.3083 0.7496] V=[0.0107 -0.0054 0.0056] |Bas|=0.358026 |Bgs|=0.0007700 tic0=[0.1200 0.0500 -0.0200] tic1=[0.1200 -0.0500 -0.0200] td=0.00000 track=93
[E2uls] flag=1 sh_t=56.672 new_t=56.672 dP=[0.0019 -0.0003 0.0007] |dP|=0.0020 first_dt=-1.0000
time: 56.628000, t: 0.135796 0.308298 0.749640 q: 0.999723 -0.003627 -0.023171 -0.001705 
[T2xcross] t=56.7280 id=4736 est=5.7199 svd=1.9062 rel=0.6667 track=2 sf=9
[T2xcross] t=56.7280 id=4738 est=7.9100 svd=2.8737 rel=0.6367 track=2 sf=9
[T2depth] t=56.7280 id=4739 src=stereo u=248.0 v=477.0 depth=1.5945 depth2=-1.0000 track=1 sf=10 flag=ok
[T2gate] t=56.7280 tri=22 rej=0 xrej=0 init_replace=0 gate=0
[T2slv] t=56.7280 phase=1 init_cost=485.585 final_cost=476.315 iters=9 term=1 slv_ms=15.7
[T2diag] t=56.7280 P=[0.1362 0.3072 0.7501] V=[0.0102 -0.0097 0.0042] |Bas|=0.358668 |Bgs|=0.0007633 tic0=[0.1200 0.0500 -0.0200] tic1=[0.1200 -0.0500 -0.0200] td=0.00000 track=95
[E2uls] flag=1 sh_t=56.776 new_t=56.776 dP=[0.0011 0.0007 0.0005] |dP|=0.0014 first_dt=-1.0000
time: 56.728000, t: 0.136180 0.307158 0.750079 q: 0.999723 -0.003530 -0.023234 -0.001557 
[T2gate] t=56.8640 tri=21 rej=0 xrej=0 init_replace=0 gate=0
[T2slv] t=56.8640 phase=1 init_cost=494.56 final_cost=478.182 iters=9 term=1 slv_ms=15.9
[T2diag] t=56.8640 P=[0.1372 0.3077 0.7494] V=[0.0110 -0.0033 -0.0055] |Bas|=0.364133 |Bgs|=0.0007529 tic0=[0.1200 0.0500 -0.0200] tic1=[0.1200 -0.0500 -0.0200] td=0.00000 track=95
[E2uls] flag=1 sh_t=56.912 new_t=56.912 dP=[0.0015 -0.0034 0.0017] |dP|=0.0041 first_dt=-1.0000
time: 56.864000, t: 0.137224 0.307719 0.749438 q: 0.999711 -0.003434 -0.023736 -0.001680 
[T2depth] t=56.9920 id=4742 src=stereo u=596.0 v=74.0 depth=2.5982 depth2=-1.0000 track=1 sf=10 flag=ok
[T2depth] t=56.9920 id=4743 src=stereo u=220.0 v=306.0 depth=5.7436 depth2=-1.0000 track=1 sf=10 flag=ok
[T2depth] t=56.9920 id=4744 src=stereo u=415.0 v=478.0 depth=1.5849 depth2=-1.0000 track=1 sf=10 flag=ok
[T2gate] t=56.9920 tri=24 rej=0 xrej=0 init_replace=0 gate=0
[T2slv] t=56.9920 phase=1 init_cost=487.879 final_cost=477.046 iters=9 term=1 slv_ms=16.5
[T2diag] t=56.9920 P=[0.1385 0.3082 0.7495] V=[0.0169 0.0010 -0.0015] |Bas|=0.363662 |Bgs|=0.0007729 tic0=[0.1200 0.0500 -0.0200] tic1=[0.1200 -0.0500 -0.0200] td=0.00000 track=94
[E2uls] flag=1 sh_t=57.040 new_t=57.040 dP=[0.0011 -0.0014 -0.0012] |dP|=0.0021 first_dt=-1.0000
time: 56.992000, t: 0.138546 0.308175 0.749499 q: 0.999712 -0.003708 -0.023638 -0.001714 
[T2xcross] t=57.0920 id=4744 est=1.5849 svd=0.7521 rel=0.5254 track=2 sf=9
[T2depth] t=57.0920 id=4745 src=stereo u=616.0 v=74.0 depth=2.7515 depth2=-1.0000 track=1 sf=10 flag=ok
[T2depth] t=57.0920 id=4746 src=stereo u=251.0 v=478.0 depth=1.5892 depth2=-1.0000 track=1 sf=10 flag=ok
[T2depth] t=57.0920 id=4747 src=stereo u=51.0 v=283.0 depth=7.6908 depth2=-1.0000 track=1 sf=10 flag=ok
[T2gate] t=57.0920 tri=24 rej=0 xrej=0 init_replace=0 gate=0
[T2slv] t=57.0920 phase=1 init_cost=489.419 final_cost=478.171 iters=9 term=1 slv_ms=16.8
[T2diag] t=57.0920 P=[0.1394 0.3081 0.7499] V=[0.0198 -0.0027 0.0081] |Bas|=0.359737 |Bgs|=0.0008017 tic0=[0.1200 0.0500 -0.0200] tic1=[0.1200 -0.0500 -0.0200] td=0.00000 track=94
[E2uls] flag=1 sh_t=57.136 new_t=57.136 dP=[0.0019 -0.0001 -0.0007] |dP|=0.0021 first_dt=-1.0000
time: 57.092000, t: 0.139373 0.308082 0.749906 q: 0.999718 -0.003617 -0.023429 -0.001615 
[T2depth] t=57.1920 id=4749 src=stereo u=94.3 v=322.4 depth=4.5155 depth2=-1.0000 track=1 sf=10 flag=ok
[T2depth] t=57.1920 id=4750 src=stereo u=568.0 v=478.0 depth=1.5960 depth2=-1.0000 track=1 sf=10 flag=ok
[T2depth] t=57.1920 id=4751 src=stereo u=457.0 v=284.0 depth=7.8161 depth2=-1.0000 track=1 sf=10 flag=ok
[T2gate] t=57.1920 tri=25 rej=0 xrej=0 init_replace=0 gate=0
[T2slv] t=57.1920 phase=1 init_cost=494.689 final_cost=483.117 iters=9 term=1 slv_ms=16.2
[T2diag] t=57.1920 P=[0.1399 0.3076 0.7504] V=[0.0174 -0.0040 0.0072] |Bas|=0.358977 |Bgs|=0.0008424 tic0=[0.1200 0.0500 -0.0200] tic1=[0.1200 -0.0500 -0.0200] td=0.00000 track=92
[E2uls] flag=1 sh_t=57.240 new_t=57.240 dP=[0.0027 -0.0001 0.0007] |dP|=0.0028 first_dt=-1.0000
time: 57.192000, t: 0.139900 0.307589 0.750357 q: 0.999708 -0.003620 -0.023848 -0.001316 
[T2xcross] t=57.2920 id=4750 est=1.5960 svd=3.9506 rel=0.5960 track=2 sf=9
[T2gate] t=57.2920 tri=23 rej=0 xrej=0 init_replace=0 gate=0
[T2slv] t=57.2920 phase=1 init_cost=501.671 final_cost=489.59 iters=9 term=1 slv_ms=15.3
[T2diag] t=57.2920 P=[0.1402 0.3065 0.7505] V=[0.0128 -0.0074 0.0015] |Bas|=0.360959 |Bgs|=0.0008994 tic0=[0.1200 0.0500 -0.0200] tic1=[0.1200 -0.0500 -0.0200] td=0.00000 track=93
[E2uls] flag=1 sh_t=57.336 new_t=57.336 dP=[0.0022 0.0004 0.0008] |dP|=0.0024 first_dt=-1.0000
time: 57.292000, t: 0.140199 0.306455 0.750502 q: 0.999697 -0.003290 -0.024366 -0.000952 
[T2depth] t=57.3920 id=4757 src=stereo u=572.9 v=477.9 depth=1.5897 depth2=-1.0000 track=1 sf=10 flag=ok
[T2gate] t=57.3920 tri=25 rej=0 xrej=0 init_replace=0 gate=0
[T2slv] t=57.3920 phase=1 init_cost=509.478 final_cost=492.498 iters=9 term=1 slv_ms=16.1
[T2diag] t=57.3920 P=[0.1409 0.3059 0.7495] V=[0.0104 -0.0083 -0.0143] |Bas|=0.368818 |Bgs|=0.0009417 tic0=[0.1200 0.0500 -0.0200] tic1=[0.1200 -0.0500 -0.0200] td=0.00000 track=92
[E2uls] flag=1 sh_t=57.440 new_t=57.440 dP=[0.0010 -0.0003 0.0016] |dP|=0.0020 first_dt=-1.0000
time: 57.392000, t: 0.140923 0.305869 0.749509 q: 0.999683 -0.003120 -0.024952 -0.000771 
[T2depth] t=57.4920 id=4762 src=stereo u=83.6 v=282.8 depth=7.9214 depth2=-1.0000 track=1 sf=10 flag=ok
[T2depth] t=57.4920 id=4763 src=stereo u=221.0 v=307.0 depth=5.5968 depth2=-1.0000 track=1 sf=10 flag=ok
[T2gate] t=57.4920 tri=26 rej=0 xrej=0 init_replace=0 gate=0
[T2slv] t=57.4920 phase=1 init_cost=497.712 final_cost=484.641 iters=9 term=1 slv_ms=15.5
[T2diag] t=57.4920 P=[0.1420 0.3063 0.7496] V=[0.0159 -0.0090 0.0007] |Bas|=0.362782 |Bgs|=0.0009076 tic0=[0.1200 0.0500 -0.0200] tic1=[0.1200 -0.0500 -0.0200] td=0.00000 track=93
[E2uls] flag=1 sh_t=57.532 new_t=57.532 dP=[0.0001 -0.0013 -0.0027] |dP|=0.0030 first_dt=-1.0000
time: 57.492000, t: 0.142018 0.306256 0.749591 q: 0.999700 -0.003692 -0.024184 -0.000851 
[T2xcross] t=57.5920 id=4757 est=1.5897 svd=0.7479 rel=0.5295 track=2 sf=9
[T2xcross] t=57.5920 id=4762 est=7.9214 svd=3.5113 rel=0.5567 track=2 sf=9
[T2xcross] t=57.5920 id=4763 est=5.5968 svd=7.6917 rel=0.2724 track=2 sf=9
[T2depth] t=57.5920 id=4767 src=stereo u=94.0 v=322.1 depth=4.5191 depth2=-1.0000 track=1 sf=10 flag=ok
[T2depth] t=57.5920 id=4770 src=stereo u=627.0 v=75.0 depth=2.7513 depth2=-1.0000 track=1 sf=10 flag=ok
[T2depth] t=57.5920 id=4771 src=stereo u=252.0 v=478.0 depth=1.5911 depth2=-1.0000 track=1 sf=10 flag=ok
[T2gate] t=57.5920 tri=28 rej=0 xrej=0 init_replace=0 gate=0
[T2slv] t=57.5920 phase=1 init_cost=492.785 final_cost=481.393 iters=9 term=1 slv_ms=16.6
[T2diag] t=57.5920 P=[0.1425 0.3070 0.7498] V=[0.0145 -0.0065 0.0114] |Bas|=0.357452 |Bgs|=0.0008711 tic0=[0.1200 0.0500 -0.0200] tic1=[0.1200 -0.0500 -0.0200] td=0.00000 track=95
[E2uls] flag=1 sh_t=57.640 new_t=57.640 dP=[0.0022 -0.0022 -0.0000] |dP|=0.0032 first_dt=-1.0000
time: 57.592000, t: 0.142456 0.306954 0.749783 q: 0.999709 -0.003983 -0.023782 -0.001137 
[T2depth] t=57.6920 id=4779 src=stereo u=636.0 v=75.0 depth=2.7511 depth2=-1.0000 track=1 sf=10 flag=ok
[T2gate] t=57.6920 tri=27 rej=0 xrej=0 init_replace=0 gate=0
[T2slv] t=57.6920 phase=1 init_cost=496.416 final_cost=482.938 iters=9 term=1 slv_ms=16.8
[T2diag] t=57.6920 P=[0.1427 0.3075 0.7496] V=[0.0097 0.0030 0.0024] |Bas|=0.359952 |Bgs|=0.0008939 tic0=[0.1200 0.0500 -0.0200] tic1=[0.1200 -0.0500 -0.0200] td=0.00000 track=96
[E2uls] flag=1 sh_t=57.744 new_t=57.744 dP=[0.0025 -0.0017 0.0023] |dP|=0.0038 first_dt=-1.0000
time: 57.692000, t: 0.142674 0.307456 0.749612 q: 0.999699 -0.004229 -0.024142 -0.001328 
[T2depth] t=57.7920 id=4785 src=stereo u=585.0 v=75.0 depth=2.7510 depth2=-1.0000 track=1 sf=10 flag=ok
[T2gate] t=57.7920 tri=26 rej=0 xrej=0 init_replace=0 gate=0
[T2slv] t=57.7920 phase=1 init_cost=497.06 final_cost=486.919 iters=9 term=1 slv_ms=12.6
[T2diag] t=57.7920 P=[0.1427 0.3067 0.7496] V=[0.0057 -0.0010 -0.0008] |Bas|=0.363075 |Bgs|=0.0009331 tic0=[0.1200 0.0500 -0.0200] tic1=[0.1200 -0.0500 -0.0200] td=0.00000 track=95
[E2uls] flag=1 sh_t=57.832 new_t=57.832 dP=[0.0012 0.0018 0.0004] |dP|=0.0022 first_dt=-1.0000
time: 57.792000, t: 0.142733 0.306660 0.749646 q: 0.999690 -0.003762 -0.024595 -0.001298 
[T2xcross] t=57.8920 id=4767 est=4.5191 svd=1.3360 rel=0.7044 track=2 sf=9
[T2gate] t=57.8920 tri=24 rej=0 xrej=0 init_replace=0 gate=0
[T2slv] t=57.8920 phase=1 init_cost=497.943 final_cost=489.235 iters=9 term=1 slv_ms=15.3
[T2diag] t=57.8920 P=[0.1432 0.3062 0.7494] V=[0.0104 -0.0087 -0.0049] |Bas|=0.364713 |Bgs|=0.0009286 tic0=[0.1200 0.0500 -0.0200] tic1=[0.1200 -0.0500 -0.0200] td=0.00000 track=94
[E2uls] flag=1 sh_t=57.940 new_t=57.940 dP=[0.0006 0.0004 -0.0003] |dP|=0.0007 first_dt=-1.0000
time: 57.892000, t: 0.143193 0.306239 0.749353 q: 0.999690 -0.003568 -0.024608 -0.001201 
[T2depth] t=57.9920 id=4793 src=stereo u=617.0 v=75.0 depth=2.7511 depth2=-1.0000 track=1 sf=10 flag=ok
[T2gate] t=57.9920 tri=24 rej=0 xrej=0 init_replace=0 gate=0
[T2slv] t=57.9920 phase=1 init_cost=498.663 final_cost=488.6 iters=9 term=1 slv_ms=15.1
[T2diag] t=57.9920 P=[0.1437 0.3069 0.7490] V=[0.0121 -0.0034 0.0008] |Bas|=0.362346 |Bgs|=0.0009103 tic0=[0.1200 0.0500 -0.0200] tic1=[0.1200 -0.0500 -0.0200] td=0.00000 track=93
[E2uls] flag=1 sh_t=58.040 new_t=58.040 dP=[0.0015 -0.0022 -0.0007] |dP|=0.0028 first_dt=-1.0000
time: 57.992000, t: 0.143663 0.306853 0.748994 q: 0.999699 -0.003172 -0.024289 -0.001341 
[T2depth] t=58.0920 id=4791 src=motion2 u=520.6 v=96.2 depth=5.0000 depth2=-1.0000 track=2 sf=9 flag=init_neg
[T2depth] t=58.0920 id=4794 src=stereo u=221.0 v=306.8 depth=5.6396 depth2=-1.0000 track=1 sf=10 flag=ok
[T2depth] t=58.0920 id=4795 src=stereo u=629.0 v=75.0 depth=2.5988 depth2=-1.0000 track=1 sf=10 flag=ok
[T2depth] t=58.0920 id=4796 src=stereo u=252.0 v=478.0 depth=1.5888 depth2=-1.0000 track=1 sf=10 flag=ok
[T2gate] t=58.0920 tri=26 rej=0 xrej=0 init_replace=1 gate=0
[T2slv] t=58.0920 phase=1 init_cost=496.346 final_cost=485.024 iters=9 term=1 slv_ms=15.6
[T2diag] t=58.0920 P=[0.1439 0.3085 0.7482] V=[0.0091 0.0040 -0.0036] |Bas|=0.362257 |Bgs|=0.0008942 tic0=[0.1200 0.0500 -0.0200] tic1=[0.1200 -0.0500 -0.0200] td=0.00000 track=94
[E2uls] flag=1 sh_t=58.136 new_t=58.136 dP=[0.0017 -0.0026 0.0007] |dP|=0.0032 first_dt=-1.0000
time: 58.092000, t: 0.143887 0.308536 0.748225 q: 0.999699 -0.003555 -0.024239 -0.001615 
[T2xcross] t=58.1920 id=4794 est=5.6396 svd=3.0630 rel=0.4569 track=2 sf=9
[T2gate] t=58.1920 tri=25 rej=0 xrej=0 init_replace=0 gate=0
[T2slv] t=58.1920 phase=1 init_cost=488.244 final_cost=479.181 iters=9 term=1 slv_ms=16.3
[T2diag] t=58.1920 P=[0.1441 0.3093 0.7476] V=[0.0103 -0.0009 -0.0045] |Bas|=0.362540 |Bgs|=0.0008841 tic0=[0.1200 0.0500 -0.0200] tic1=[0.1200 -0.0500 -0.0200] td=0.00000 track=96
[E2uls] flag=1 sh_t=58.232 new_t=58.232 dP=[0.0014 0.0004 0.0001] |dP|=0.0015 first_dt=-1.0000
time: 58.192000, t: 0.144148 0.309289 0.747636 q: 0.999698 -0.003667 -0.024233 -0.001642 
[T2depth] t=58.2920 id=4806 src=stereo u=83.0 v=284.0 depth=7.9707 depth2=-1.0000 track=1 sf=10 flag=ok
[T2gate] t=58.2920 tri=27 rej=0 xrej=0 init_replace=0 gate=0
[T2slv] t=58.2920 phase=1 init_cost=487.348 final_cost=478.338 iters=9 term=1 slv_ms=16.2
[T2diag] t=58.2920 P=[0.1440 0.3100 0.7478] V=[0.0082 0.0025 0.0017] |Bas|=0.360520 |Bgs|=0.0008855 tic0=[0.1200 0.0500 -0.0200] tic1=[0.1200 -0.0500 -0.0200] td=0.00000 track=96
[E2uls] flag=1 sh_t=58.336 new_t=58.336 dP=[0.0017 -0.0009 -0.0007] |dP|=0.0020 first_dt=-1.0000
time: 58.292000, t: 0.144031 0.309971 0.747822 q: 0.999699 -0.003747 -0.024183 -0.001604 
[T2depth] t=58.3920 id=4803 src=motion2 u=521.1 v=95.9 depth=0.1790 depth2=-1.0000 track=2 sf=9 flag=ok
[T2xcross] t=58.3920 id=4806 est=7.9707 svd=1.5395 rel=0.8069 track=2 sf=9
[T2depth] t=58.3920 id=4810 src=stereo u=588.0 v=75.0 depth=2.5990 depth2=-1.0000 track=1 sf=10 flag=ok
[T2gate] t=58.3920 tri=25 rej=0 xrej=0 init_replace=0 gate=0
[T2slv] t=58.3920 phase=1 init_cost=490.532 final_cost=481.043 iters=9 term=1 slv_ms=16.2
[T2diag] t=58.3920 P=[0.1439 0.3101 0.7482] V=[0.0118 -0.0063 0.0022] |Bas|=0.361029 |Bgs|=0.0008701 tic0=[0.1200 0.0500 -0.0200] tic1=[0.1200 -0.0500 -0.0200] td=0.00000 track=96
[E2uls] flag=1 sh_t=58.440 new_t=58.440 dP=[0.0020 0.0004 0.0002] |dP|=0.0020 first_dt=-1.0000
time: 58.392000, t: 0.143869 0.310073 0.748206 q: 0.999700 -0.003504 -0.024202 -0.001545 
[T2depth] t=58.4920 id=4814 src=stereo u=253.0 v=478.0 depth=1.5890 depth2=-1.0000 track=1 sf=10 flag=ok
[T2depth] t=58.4920 id=4815 src=stereo u=457.0 v=288.0 depth=7.3747 depth2=-1.0000 track=1 sf=10 flag=ok
[T2gate] t=58.4920 tri=24 rej=0 xrej=0 init_replace=0 gate=0
[T2slv] t=58.4920 phase=1 init_cost=500.582 final_cost=483.032 iters=9 term=1 slv_ms=16.0
[T2diag] t=58.4920 P=[0.1437 0.3119 0.7482] V=[0.0076 0.0147 -0.0061] |Bas|=0.364692 |Bgs|=0.0008862 tic0=[0.1200 0.0500 -0.0200] tic1=[0.1200 -0.0500 -0.0200] td=0.00000 track=96
[E2uls] flag=1 sh_t=58.536 new_t=58.536 dP=[0.0021 -0.0036 0.0006] |dP|=0.0042 first_dt=-1.0000
time: 58.492000, t: 0.143653 0.311868 0.748183 q: 0.999696 -0.003416 -0.024375 -0.001740 
[T2xcross] t=58.5920 id=4814 est=1.5890 svd=2.8697 rel=0.4463 track=2 sf=9
[T2gate] t=58.5920 tri=21 rej=0 xrej=0 init_replace=0 gate=0
[T2slv] t=58.5920 phase=1 init_cost=493.359 final_cost=483.648 iters=9 term=1 slv_ms=15.6
[T2diag] t=58.5920 P=[0.1437 0.3118 0.7488] V=[0.0119 0.0061 -0.0013] |Bas|=0.363068 |Bgs|=0.0009193 tic0=[0.1200 0.0500 -0.0200] tic1=[0.1200 -0.0500 -0.0200] td=0.00000 track=96
[E2uls] flag=1 sh_t=58.632 new_t=58.632 dP=[0.0009 0.0021 -0.0017] |dP|=0.0029 first_dt=-1.0000
time: 58.592000, t: 0.143684 0.311831 0.748752 q: 0.999703 -0.002976 -0.024116 -0.001590 
[T2gate] t=58.6920 tri=23 rej=0 xrej=0 init_replace=0 gate=0
[T2slv] t=58.6920 phase=1 init_cost=499.663 final_cost=487.258 iters=9 term=1 slv_ms=15.8
[T2diag] t=58.6920 P=[0.1435 0.3120 0.7486] V=[0.0111 -0.0001 -0.0085] |Bas|=0.368096 |Bgs|=0.0009254 tic0=[0.1200 0.0500 -0.0200] tic1=[0.1200 -0.0500 -0.0200] td=0.00000 track=95
[E2uls] flag=1 sh_t=58.736 new_t=58.736 dP=[0.0020 0.0008 0.0008] |dP|=0.0023 first_dt=-1.0000
time: 58.692000, t: 0.143535 0.312032 0.748618 q: 0.999696 -0.002348 -0.024519 -0.001408 
[T2depth] t=58.7920 id=4821 src=stereo u=457.1 v=347.1 depth=3.4818 depth2=-1.0000 track=1 sf=10 flag=ok
[T2depth] t=58.7920 id=4827 src=stereo u=85.0 v=283.0 depth=7.7859 depth2=-1.0000 track=1 sf=10 flag=ok
[T2gate] t=58.7920 tri=28 rej=0 xrej=0 init_replace=0 gate=0
[T2slv] t=58.7920 phase=1 init_cost=506.56 final_cost=491.531 iters=9 term=1 slv_ms=16.1
[T2diag] t=58.7920 P=[0.1432 0.3133 0.7498] V=[0.0153 0.0126 -0.0006] |Bas|=0.364369 |Bgs|=0.0009535 tic0=[0.1200 0.0500 -0.0200] tic1=[0.1200 -0.0500 -0.0200] td=0.00000 track=95
[E2uls] flag=1 sh_t=58.832 new_t=58.832 dP=[0.0022 -0.0020 -0.0028] |dP|=0.0041 first_dt=-1.0000
time: 58.792000, t: 0.143169 0.313257 0.749763 q: 0.999702 -0.002501 -0.024222 -0.001445 
[T2xcross] t=58.8920 id=4821 est=3.4818 svd=6.6700 rel=0.4780 track=2 sf=9
[T2xcross] t=58.8920 id=4827 est=7.7859 svd=0.3425 rel=0.9560 track=2 sf=9
[T2depth] t=58.8920 id=4834 src=stereo u=83.0 v=354.0 depth=3.2616 depth2=-1.0000 track=1 sf=10 flag=ok
[T2gate] t=58.8920 tri=30 rej=0 xrej=0 init_replace=0 gate=0
[T2slv] t=58.8920 phase=1 init_cost=507.506 final_cost=496.216 iters=9 term=1 slv_ms=15.5
[T2diag] t=58.8920 P=[0.1427 0.3127 0.7506] V=[0.0192 0.0030 -0.0004] |Bas|=0.364223 |Bgs|=0.0009986 tic0=[0.1200 0.0500 -0.0200] tic1=[0.1200 -0.0500 -0.0200] td=0.00000 track=94
[E2uls] flag=1 sh_t=58.936 new_t=58.936 dP=[0.0031 0.0024 -0.0008] |dP|=0.0040 first_dt=-1.0000
time: 58.892000, t: 0.142746 0.312718 0.750577 q: 0.999703 -0.002362 -0.024209 -0.001145 
[T2depth] t=58.9920 id=4833 src=motion2 u=515.0 v=100.0 depth=0.2114 depth2=-1.0000 track=2 sf=9 flag=ok
[T2depth] t=58.9920 id=4843 src=stereo u=618.0 v=74.0 depth=2.3389 depth2=-1.0000 track=1 sf=10 flag=ok
[T2gate] t=58.9920 tri=32 rej=0 xrej=0 init_replace=0 gate=0
[T2slv] t=58.9920 phase=1 init_cost=517.328 final_cost=503.93 iters=9 term=1 slv_ms=17.3
[T2diag] t=58.9920 P=[0.1421 0.3125 0.7518] V=[0.0193 0.0042 0.0043] |Bas|=0.363040 |Bgs|=0.0010547 tic0=[0.1200 0.0500 -0.0200] tic1=[0.1200 -0.0500 -0.0200] td=0.00000 track=93
[E2uls] flag=1 sh_t=59.040 new_t=59.040 dP=[0.0036 -0.0001 -0.0012] |dP|=0.0038 first_dt=-1.0000
time: 58.992000, t: 0.142123 0.312530 0.751777 q: 0.999702 -0.002237 -0.024288 -0.000967 
[T2xcross] t=59.0920 id=4834 est=3.2616 svd=1.9694 rel=0.3962 track=2 sf=9
[T2depth] t=59.0920 id=4852 src=stereo u=97.5 v=323.3 depth=4.5099 depth2=-1.0000 track=1 sf=10 flag=ok
[T2depth] t=59.0920 id=4856 src=stereo u=85.0 v=284.0 depth=7.9342 depth2=-1.0000 track=1 sf=10 flag=ok
[T2gate] t=59.0920 tri=35 rej=0 xrej=0 init_replace=0 gate=0
[T2slv] t=59.0920 phase=1 init_cost=526.896 final_cost=514.034 iters=9 term=1 slv_ms=18.3
[T2diag] t=59.0920 P=[0.1414 0.3109 0.7530] V=[0.0172 -0.0054 0.0031] |Bas|=0.366435 |Bgs|=0.0011104 tic0=[0.1200 0.0500 -0.0200] tic1=[0.1200 -0.0500 -0.0200] td=0.00000 track=93
[E2uls] flag=1 sh_t=59.136 new_t=59.136 dP=[0.0035 0.0021 -0.0008] |dP|=0.0042 first_dt=-1.0000
time: 59.092000, t: 0.141412 0.310865 0.753043 q: 0.999691 -0.002280 -0.024760 -0.000464 
[T2depth] t=59.1920 id=4867 src=stereo u=576.0 v=476.0 depth=1.6025 depth2=-1.0000 track=1 sf=10 flag=ok
[T2depth] t=59.1920 id=4868 src=stereo u=84.0 v=284.0 depth=7.8357 depth2=-1.0000 track=1 sf=10 flag=ok
[T2gate] t=59.1920 tri=37 rej=0 xrej=0 init_replace=0 gate=0
[T2slv] t=59.1920 phase=1 init_cost=542.459 final_cost=526.763 iters=9 term=1 slv_ms=20.7
[T2diag] t=59.1920 P=[0.1406 0.3101 0.7548] V=[0.0164 -0.0055 0.0076] |Bas|=0.366903 |Bgs|=0.0011413 tic0=[0.1200 0.0500 -0.0200] tic1=[0.1200 -0.0500 -0.0200] td=0.00000 track=93
[E2uls] flag=1 sh_t=59.240 new_t=59.240 dP=[0.0031 -0.0009 -0.0018] |dP|=0.0037 first_dt=-1.0000
time: 59.192000, t: 0.140605 0.310122 0.754766 q: 0.999682 -0.002364 -0.025098 -0.000388 
[T2xcross] t=59.2920 id=4852 est=4.5099 svd=4.2921 rel=0.0483 track=2 sf=9
[T2depth] t=59.2920 id=4869 src=motion2 u=3.0 v=285.0 depth=5.0000 depth2=-1.0000 track=2 sf=9 flag=init_neg
[T2depth] t=59.2920 id=4473 src=stereo u=207.2 v=285.7 depth=7.8043 depth2=-1.0000 track=1 sf=10 flag=ok
[T2depth] t=59.2920 id=4875 src=stereo u=87.8 v=453.1 depth=1.7618 depth2=-1.0000 track=1 sf=10 flag=ok
[T2depth] t=59.2920 id=4880 src=stereo u=489.0 v=186.0 depth=1.0729 depth2=-1.0000 track=1 sf=10 flag=ok
[T2depth] t=59.2920 id=4881 src=stereo u=572.0 v=476.0 depth=1.6075 depth2=-1.0000 track=1 sf=10 flag=ok
[T2depth] t=59.2920 id=4882 src=stereo u=457.0 v=285.0 depth=7.7574 depth2=-1.0000 track=1 sf=10 flag=ok
[T2gate] t=59.2920 tri=38 rej=0 xrej=0 init_replace=1 gate=0
[T2slv] t=59.2920 phase=1 init_cost=529.67 final_cost=516.98 iters=9 term=1 slv_ms=17.5
[T2diag] t=59.2920 P=[0.1395 0.3092 0.7558] V=[0.0139 -0.0260 0.0074] |Bas|=0.364143 |Bgs|=0.0010996 tic0=[0.1200 0.0500 -0.0200] tic1=[0.1200 -0.0500 -0.0200] td=0.00000 track=92
[E2uls] flag=1 sh_t=59.344 new_t=59.344 dP=[0.0037 0.0000 0.0007] |dP|=0.0038 first_dt=-1.0000
time: 59.292000, t: 0.139508 0.309222 0.755804 q: 0.999682 -0.002357 -0.025106 -0.000290 
[T2xcross] t=59.3920 id=4473 est=7.8043 svd=4.9024 rel=0.3718 track=2 sf=9
[T2xcross] t=59.3920 id=4875 est=1.7618 svd=5.4207 rel=0.6750 track=2 sf=9
[T2xcross] t=59.3920 id=4881 est=1.6075 svd=2.0620 rel=0.2204 track=2 sf=9
[T2depth] t=59.3920 id=4889 src=stereo u=457.6 v=349.1 depth=3.4825 depth2=-1.0000 track=1 sf=10 flag=ok
[T2depth] t=59.3920 id=4893 src=stereo u=636.0 v=77.0 depth=2.7513 depth2=-1.0000 track=1 sf=10 flag=ok
[T2gate] t=59.3920 tri=32 rej=0 xrej=0 init_replace=0 gate=0
[T2slv] t=59.3920 phase=1 init_cost=527.924 final_cost=513.568 iters=9 term=1 slv_ms=15.7
[T2diag] t=59.3920 P=[0.1386 0.3085 0.7560] V=[0.0084 -0.0252 -0.0031] |Bas|=0.368363 |Bgs|=0.0010760 tic0=[0.1200 0.0500 -0.0200] tic1=[0.1200 -0.0500 -0.0200] td=0.00000 track=93
[E2uls] flag=1 sh_t=59.436 new_t=59.436 dP=[0.0030 -0.0039 0.0012] |dP|=0.0051 first_dt=-1.0000
time: 59.392000, t: 0.138615 0.308525 0.756031 q: 0.999673 -0.002785 -0.025404 -0.000571 
[T2depth] t=59.4920 id=4894 src=motion2 u=518.0 v=100.0 depth=5.0000 depth2=-1.0000 track=2 sf=9 flag=init_neg
[T2depth] t=59.4920 id=4897 src=stereo u=625.0 v=77.0 depth=2.5989 depth2=-1.0000 track=1 sf=10 flag=ok
[T2gate] t=59.4920 tri=30 rej=0 xrej=0 init_replace=1 gate=0
[T2slv] t=59.4920 phase=1 init_cost=529.48 final_cost=510.613 iters=9 term=1 slv_ms=18.8
[T2diag] t=59.4920 P=[0.1378 0.3092 0.7562] V=[0.0086 -0.0086 -0.0041] |Bas|=0.368125 |Bgs|=0.0010733 tic0=[0.1200 0.0500 -0.0200] tic1=[0.1200 -0.0500 -0.0200] td=0.00000 track=95
[E2uls] flag=1 sh_t=59.544 new_t=59.544 dP=[0.0021 -0.0057 -0.0012] |dP|=0.0062 first_dt=-1.0000
time: 59.492000, t: 0.137776 0.309203 0.756244 q: 0.999674 -0.003969 -0.025182 -0.001160 
[T2depth] t=59.5920 id=4908 src=stereo u=614.0 v=77.0 depth=2.5983 depth2=-1.0000 track=1 sf=10 flag=ok
[T2depth] t=59.5920 id=4909 src=stereo u=85.0 v=283.0 depth=7.1072 depth2=-1.0000 track=1 sf=10 flag=ok
[T2gate] t=59.5920 tri=32 rej=0 xrej=0 init_replace=0 gate=0
[T2slv] t=59.5920 phase=1 init_cost=518.676 final_cost=504.759 iters=9 term=1 slv_ms=17.6
[T2diag] t=59.5920 P=[0.1370 0.3091 0.7570] V=[0.0101 -0.0085 0.0099] |Bas|=0.361516 |Bgs|=0.0010648 tic0=[0.1200 0.0500 -0.0200] tic1=[0.1200 -0.0500 -0.0200] td=0.00000 track=95
[E2uls] flag=1 sh_t=59.640 new_t=59.640 dP=[0.0022 -0.0008 -0.0020] |dP|=0.0031 first_dt=-1.0000
time: 59.592000, t: 0.137000 0.309094 0.756978 q: 0.999689 -0.004851 -0.024407 -0.001482 
[T2xcross] t=59.6920 id=4909 est=7.1072 svd=1.0075 rel=0.8582 track=2 sf=9
[T2depth] t=59.6920 id=4923 src=stereo u=610.0 v=77.0 depth=2.7517 depth2=-1.0000 track=1 sf=10 flag=ok
[T2depth] t=59.6920 id=4924 src=stereo u=456.0 v=285.0 depth=7.7490 depth2=-1.0000 track=1 sf=10 flag=ok
[T2gate] t=59.6920 tri=34 rej=0 xrej=0 init_replace=0 gate=0
[T2slv] t=59.6920 phase=1 init_cost=516.474 final_cost=499.478 iters=9 term=1 slv_ms=15.9
[T2diag] t=59.6920 P=[0.1360 0.3093 0.7559] V=[0.0037 -0.0127 -0.0092] |Bas|=0.368254 |Bgs|=0.0010293 tic0=[0.1200 0.0500 -0.0200] tic1=[0.1200 -0.0500 -0.0200] td=0.00000 track=95
[E2uls] flag=1 sh_t=59.724 new_t=59.724 dP=[0.0030 -0.0011 0.0027] |dP|=0.0042 first_dt=-1.0000
time: 59.692000, t: 0.135968 0.309322 0.755876 q: 0.999680 -0.004523 -0.024861 -0.001531 
[T2depth] t=59.7920 id=4932 src=stereo u=520.0 v=98.0 depth=8.8710 depth2=-1.0000 track=1 sf=10 flag=ok
[T2depth] t=59.7920 id=4937 src=stereo u=584.0 v=77.0 depth=2.7512 depth2=-1.0000 track=1 sf=10 flag=ok
[T2gate] t=59.7920 tri=33 rej=0 xrej=0 init_replace=0 gate=0
[T2slv] t=59.7920 phase=1 init_cost=513.323 final_cost=499.857 iters=9 term=1 slv_ms=17.8
[T2diag] t=59.7920 P=[0.1351 0.3098 0.7561] V=[0.0088 -0.0099 0.0016] |Bas|=0.364233 |Bgs|=0.0009958 tic0=[0.1200 0.0500 -0.0200] tic1=[0.1200 -0.0500 -0.0200] td=0.00000 track=94
[E2uls] flag=1 sh_t=59.840 new_t=59.840 dP=[0.0017 -0.0029 -0.0022] |dP|=0.0040 first_dt=-1.0000
time: 59.792000, t: 0.135112 0.309834 0.756117 q: 0.999692 -0.004229 -0.024412 -0.001571 
[T2xcross] t=59.8920 id=4932 est=8.8710 svd=0.0977 rel=0.9890 track=2 sf=9
[T2depth] t=59.8920 id=4945 src=stereo u=605.0 v=76.0 depth=2.5989 depth2=-1.0000 track=1 sf=10 flag=ok
[T2gate] t=59.8920 tri=28 rej=0 xrej=0 init_replace=0 gate=0
[T2slv] t=59.8920 phase=1 init_cost=515.462 final_cost=499.86 iters=9 term=1 slv_ms=15.4
[T2diag] t=59.8920 P=[0.1343 0.3102 0.7552] V=[0.0062 -0.0086 -0.0104] |Bas|=0.368238 |Bgs|=0.0009923 tic0=[0.1200 0.0500 -0.0200] tic1=[0.1200 -0.0500 -0.0200] td=0.00000 track=95
[E2uls] flag=1 sh_t=59.928 new_t=59.928 dP=[0.0023 -0.0019 0.0016] |dP|=0.0034 first_dt=-1.0000
time: 59.892000, t: 0.134345 0.310188 0.755198 q: 0.999690 -0.003790 -0.024537 -0.001621 
[T2xcross] t=59.9920 id=4889 est=3.4825 svd=1.9092 rel=0.4518 track=2 sf=9
[T2depth] t=59.9920 id=4948 src=stereo u=590.4 v=75.7 depth=2.5984 depth2=-1.0000 track=1 sf=10 flag=ok
[T2gate] t=59.9920 tri=26 rej=0 xrej=0 init_replace=0 gate=0
[T2slv] t=59.9920 phase=1 init_cost=505.382 final_cost=494.965 iters=9 term=1 slv_ms=17.0
[T2diag] t=59.9920 P=[0.1338 0.3101 0.7544] V=[0.0077 -0.0155 -0.0127] |Bas|=0.370091 |Bgs|=0.0009679 tic0=[0.1200 0.0500 -0.0200] tic1=[0.1200 -0.0500 -0.0200] td=0.00000 track=95
[E2uls] flag=1 sh_t=60.040 new_t=60.040 dP=[0.0019 -0.0006 -0.0009] |dP|=0.0022 first_dt=-1.0000
time: 59.992000, t: 0.133753 0.310084 0.754381 q: 0.999698 -0.003639 -0.024258 -0.001527 
[T2depth] t=60.0920 id=4952 src=stereo u=629.0 v=76.0 depth=2.7511 depth2=-1.0000 track=1 sf=10 flag=ok
[T2depth] t=60.0920 id=4953 src=stereo u=249.1 v=477.7 depth=1.5979 depth2=-1.0000 track=1 sf=10 flag=ok
[T2depth] t=60.0920 id=4954 src=stereo u=92.0 v=322.8 depth=4.4721 depth2=-1.0000 track=1 sf=10 flag=ok
[T2depth] t=60.0920 id=4957 src=stereo u=415.0 v=478.0 depth=1.5947 depth2=-1.0000 track=1 sf=10 flag=ok
[T2gate] t=60.0920 tri=30 rej=0 xrej=0 init_replace=0 gate=0
[T2slv] t=60.0920 phase=1 init_cost=506.013 final_cost=491.768 iters=9 term=1 slv_ms=11.0
[T2diag] t=60.0920 P=[0.1334 0.3117 0.7542] V=[0.0135 -0.0073 0.0008] |Bas|=0.364627 |Bgs|=0.0009340 tic0=[0.1200 0.0500 -0.0200] tic1=[0.1200 -0.0500 -0.0200] td=0.00000 track=94
[E2uls] flag=1 sh_t=60.128 new_t=60.128 dP=[0.0016 -0.0042 -0.0017] |dP|=0.0048 first_dt=-1.0000
time: 60.092000, t: 0.133450 0.311658 0.754160 q: 0.999713 -0.004009 -0.023556 -0.001797 
[T2depth] t=60.1920 id=4966 src=stereo u=613.0 v=76.0 depth=2.7517 depth2=-1.0000 track=1 sf=10 flag=ok
[T2gate] t=60.1920 tri=28 rej=0 xrej=0 init_replace=0 gate=0
[T2slv] t=60.1920 phase=1 init_cost=504.975 final_cost=491.681 iters=9 term=1 slv_ms=11.6
[T2diag] t=60.1920 P=[0.1328 0.3129 0.7538] V=[0.0117 -0.0031 0.0006] |Bas|=0.360274 |Bgs|=0.0009201 tic0=[0.1200 0.0500 -0.0200] tic1=[0.1200 -0.0500 -0.0200] td=0.00000 track=96
[E2uls] flag=1 sh_t=60.232 new_t=60.232 dP=[0.0034 -0.0030 0.0002] |dP|=0.0045 first_dt=-1.0000
time: 60.192000, t: 0.132809 0.312940 0.753791 q: 0.999719 -0.004143 -0.023263 -0.001903 
[T2xcross] t=60.2920 id=4953 est=1.5979 svd=25.9026 rel=0.9383 track=2 sf=9
[T2xcross] t=60.2920 id=4957 est=1.5947 svd=3.6630 rel=0.5647 track=2 sf=9
[T2depth] t=60.2920 id=4967 src=motion2 u=514.0 v=101.0 depth=0.0559 depth2=-1.0000 track=2 sf=9 flag=ok
[T2depth] t=60.2920 id=4972 src=stereo u=636.0 v=76.0 depth=2.5989 depth2=-1.0000 track=1 sf=10 flag=ok
[T2gate] t=60.2920 tri=26 rej=0 xrej=0 init_replace=0 gate=0
[T2slv] t=60.2920 phase=1 init_cost=503.979 final_cost=493.045 iters=9 term=1 slv_ms=16.0
[T2diag] t=60.2920 P=[0.1318 0.3130 0.7538] V=[0.0101 -0.0060 0.0012] |Bas|=0.358902 |Bgs|=0.0009131 tic0=[0.1200 0.0500 -0.0200] tic1=[0.1200 -0.0500 -0.0200] td=0.00000 track=96
[E2uls] flag=1 sh_t=60.328 new_t=60.328 dP=[0.0032 -0.0004 0.0002] |dP|=0.0033 first_dt=-1.0000
time: 60.292000, t: 0.131815 0.313006 0.753766 q: 0.999717 -0.003988 -0.023374 -0.001795 
[T2depth] t=60.3920 id=4976 src=stereo u=636.0 v=467.0 depth=1.6356 depth2=-1.0000 track=1 sf=10 flag=ok
[T2depth] t=60.3920 id=4977 src=stereo u=254.0 v=478.0 depth=1.5960 depth2=-1.0000 track=1 sf=10 flag=ok
[T2gate] t=60.3920 tri=24 rej=0 xrej=0 init_replace=0 gate=0
[T2slv] t=60.3920 phase=1 init_cost=511.341 final_cost=496.81 iters=9 term=1 slv_ms=10.6
[T2diag] t=60.3920 P=[0.1309 0.3140 0.7542] V=[0.0103 0.0053 0.0060] |Bas|=0.358809 |Bgs|=0.0009270 tic0=[0.1200 0.0500 -0.0200] tic1=[0.1200 -0.0500 -0.0200] td=0.00000 track=94
[E2uls] flag=1 sh_t=60.416 new_t=60.416 dP=[0.0025 -0.0018 0.0001] |dP|=0.0031 first_dt=-1.0000
time: 60.392000, t: 0.130862 0.313977 0.754218 q: 0.999717 -0.003799 -0.023432 -0.001716 
[T2xcross] t=60.4960 id=4976 est=1.6356 svd=1.9999 rel=0.1822 track=2 sf=9
[T2depth] t=60.4960 id=4979 src=stereo u=581.0 v=76.0 depth=2.5984 depth2=-1.0000 track=1 sf=10 flag=ok
[T2gate] t=60.4960 tri=24 rej=0 xrej=0 init_replace=0 gate=0
[T2slv] t=60.4960 phase=1 init_cost=513.942 final_cost=502.073 iters=9 term=1 slv_ms=11.1
[T2diag] t=60.4960 P=[0.1300 0.3141 0.7550] V=[0.0090 0.0031 0.0076] |Bas|=0.357444 |Bgs|=0.0009626 tic0=[0.1200 0.0500 -0.0200] tic1=[0.1200 -0.0500 -0.0200] td=0.00000 track=94
[E2uls] flag=1 sh_t=60.524 new_t=60.524 dP=[0.0026 0.0005 -0.0002] |dP|=0.0026 first_dt=-1.0000
time: 60.496000, t: 0.129960 0.314130 0.755042 q: 0.999715 -0.003424 -0.023570 -0.001452 
[T2depth] t=60.5920 id=4986 src=stereo u=417.0 v=478.0 depth=1.5977 depth2=-1.0000 track=1 sf=10 flag=ok
[T2depth] t=60.5920 id=4987 src=stereo u=84.0 v=283.0 depth=7.0955 depth2=-1.0000 track=1 sf=10 flag=ok
[T2gate] t=60.5920 tri=28 rej=0 xrej=0 init_replace=0 gate=0
[T2slv] t=60.5920 phase=1 init_cost=518.591 final_cost=505.668 iters=9 term=1 slv_ms=11.0
[T2diag] t=60.5920 P=[0.1293 0.3139 0.7544] V=[0.0066 -0.0082 -0.0067] |Bas|=0.364378 |Bgs|=0.0009868 tic0=[0.1200 0.0500 -0.0200] tic1=[0.1200 -0.0500 -0.0200] td=0.00000 track=94
[E2uls] flag=1 sh_t=60.624 new_t=60.624 dP=[0.0019 0.0006 0.0020] |dP|=0.0028 first_dt=-1.0000
time: 60.592000, t: 0.129269 0.313915 0.754380 q: 0.999704 -0.002803 -0.024143 -0.001104 
[T2depth] t=60.6960 id=4984 src=motion2 u=2.8 v=295.1 depth=0.2813 depth2=-1.0000 track=2 sf=9 flag=ok
[T2xcross] t=60.6960 id=4986 est=1.5977 svd=0.9841 rel=0.3841 track=2 sf=9
[T2depth] t=60.6960 id=4993 src=stereo u=255.0 v=478.0 depth=1.5970 depth2=-1.0000 track=1 sf=10 flag=ok
[T2gate] t=60.6960 tri=28 rej=0 xrej=0 init_replace=0 gate=0
[T2slv] t=60.6960 phase=1 init_cost=515.683 final_cost=504.833 iters=9 term=1 slv_ms=11.4
[T2diag] t=60.6960 P=[0.1291 0.3144 0.7533] V=[0.0054 -0.0088 -0.0135] |Bas|=0.369175 |Bgs|=0.0009683 tic0=[0.1200 0.0500 -0.0200] tic1=[0.1200 -0.0500 -0.0200] td=0.00000 track=96
[E2uls] flag=1 sh_t=60.728 new_t=60.728 dP=[0.0009 -0.0015 0.0003] |dP|=0.0017 first_dt=-1.0000
time: 60.696000, t: 0.129110 0.314381 0.753348 q: 0.999705 -0.002550 -0.024150 -0.000874 
[T2xcross] t=60.8280 id=4993 est=1.5970 svd=8.2786 rel=0.8071 track=2 sf=9
[T2depth] t=60.8280 id=4997 src=stereo u=415.1 v=477.5 depth=1.5853 depth2=-1.0000 track=1 sf=10 flag=ok
[T2gate] t=60.8280 tri=31 rej=0 xrej=0 init_replace=0 gate=0
[T2slv] t=60.8280 phase=1 init_cost=509.69 final_cost=497.798 iters=9 term=1 slv_ms=12.0
[T2diag] t=60.8280 P=[0.1291 0.3158 0.7525] V=[0.0104 -0.0051 -0.0088] |Bas|=0.366212 |Bgs|=0.0009238 tic0=[0.1200 0.0500 -0.0200] tic1=[0.1200 -0.0500 -0.0200] td=0.00000 track=94
[E2uls] flag=1 sh_t=60.856 new_t=60.856 dP=[0.0016 -0.0030 -0.0015] |dP|=0.0038 first_dt=-1.0000
time: 60.828000, t: 0.129131 0.315847 0.752496 q: 0.999725 -0.002276 -0.023301 -0.001061 
[T2xcross] t=60.9280 id=4997 est=1.5853 svd=0.1100 rel=0.9306 track=2 sf=9
[T2depth] t=60.9280 id=5011 src=stereo u=223.0 v=306.0 depth=5.6632 depth2=-1.0000 track=1 sf=10 flag=ok
[T2gate] t=60.9280 tri=32 rej=0 xrej=0 init_replace=0 gate=0
[T2slv] t=60.9280 phase=1 init_cost=502.321 final_cost=490.064 iters=9 term=1 slv_ms=15.7
[T2diag] t=60.9280 P=[0.1294 0.3162 0.7522] V=[0.0165 -0.0193 0.0011] |Bas|=0.362772 |Bgs|=0.0008749 tic0=[0.1200 0.0500 -0.0200] tic1=[0.1200 -0.0500 -0.0200] td=0.00000 track=95
[E2uls] flag=1 sh_t=60.968 new_t=60.968 dP=[0.0017 -0.0004 -0.0009] |dP|=0.0019 first_dt=-1.0000
time: 60.928000, t: 0.129432 0.316246 0.752232 q: 0.999734 -0.002435 -0.022914 -0.001341 
[T2xcross] t=61.0280 id=5011 est=5.6632 svd=5.2523 rel=0.0725 track=2 sf=9
[T2depth] t=61.0280 id=5015 src=stereo u=92.9 v=323.1 depth=4.4366 depth2=-1.0000 track=1 sf=10 flag=ok
[T2depth] t=61.0280 id=5018 src=stereo u=582.0 v=75.0 depth=2.5984 depth2=-1.0000 track=1 sf=10 flag=ok
[T2gate] t=61.0280 tri=28 rej=0 xrej=0 init_replace=0 gate=0
[T2slv] t=61.0280 phase=1 init_cost=497.476 final_cost=486.064 iters=9 term=1 slv_ms=10.7
[T2diag] t=61.0280 P=[0.1293 0.3170 0.7523] V=[0.0133 -0.0161 0.0035] |Bas|=0.360107 |Bgs|=0.0008369 tic0=[0.1200 0.0500 -0.0200] tic1=[0.1200 -0.0500 -0.0200] td=0.00000 track=94
[E2uls] flag=1 sh_t=61.064 new_t=61.064 dP=[0.0027 -0.0037 0.0001] |dP|=0.0046 first_dt=-1.0000
time: 61.028000, t: 0.129297 0.317017 0.752267 q: 0.999731 -0.003187 -0.022906 -0.001687 
[T2gate] t=61.1280 tri=23 rej=0 xrej=0 init_replace=0 gate=0
[T2slv] t=61.1280 phase=1 init_cost=505.603 final_cost=490.127 iters=9 term=1 slv_ms=13.2
[T2diag] t=61.1280 P=[0.1292 0.3170 0.7516] V=[0.0110 -0.0089 -0.0090] |Bas|=0.364640 |Bgs|=0.0008102 tic0=[0.1200 0.0500 -0.0200] tic1=[0.1200 -0.0500 -0.0200] td=0.00000 track=94
[E2uls] flag=1 sh_t=61.168 new_t=61.168 dP=[0.0028 -0.0027 0.0016] |dP|=0.0042 first_dt=-1.0000
time: 61.128000, t: 0.129224 0.316997 0.751601 q: 0.999713 -0.003349 -0.023647 -0.001845 
[T2depth] t=61.2320 id=5022 src=stereo u=414.0 v=478.0 depth=1.5858 depth2=-1.0000 track=1 sf=10 flag=ok
[T2depth] t=61.2320 id=5024 src=stereo u=598.0 v=75.0 depth=2.7512 depth2=-1.0000 track=1 sf=10 flag=ok
[T2depth] t=61.2320 id=5027 src=stereo u=95.0 v=322.0 depth=4.5532 depth2=-1.0000 track=1 sf=10 flag=ok
[T2gate] t=61.2320 tri=29 rej=0 xrej=0 init_replace=0 gate=0
[T2slv] t=61.2320 phase=1 init_cost=510.685 final_cost=495.529 iters=9 term=1 slv_ms=10.5
[T2diag] t=61.2320 P=[0.1296 0.3167 0.7515] V=[0.0189 -0.0057 -0.0055] |Bas|=0.363285 |Bgs|=0.0008213 tic0=[0.1200 0.0500 -0.0200] tic1=[0.1200 -0.0500 -0.0200] td=0.00000 track=94
[E2uls] flag=1 sh_t=61.264 new_t=61.264 dP=[0.0017 -0.0018 -0.0012] |dP|=0.0027 first_dt=-1.0000
time: 61.232000, t: 0.129576 0.316730 0.751457 q: 0.999714 -0.003098 -0.023620 -0.002017 
[T2depth] t=61.3280 id=5023 src=motion2 u=513.9 v=100.0 depth=0.0903 depth2=-1.0000 track=2 sf=9 flag=ok
[T2depth] t=61.3280 id=5028 src=motion2 u=1.0 v=283.0 depth=5.0000 depth2=-1.0000 track=2 sf=9 flag=init_neg
[T2gate] t=61.3280 tri=27 rej=0 xrej=0 init_replace=1 gate=0
[T2slv] t=61.3280 phase=1 init_cost=515.292 final_cost=498.558 iters=9 term=1 slv_ms=13.0
[T2diag] t=61.3280 P=[0.1299 0.3165 0.7520] V=[0.0229 -0.0025 0.0038] |Bas|=0.356590 |Bgs|=0.0008734 tic0=[0.1200 0.0500 -0.0200] tic1=[0.1200 -0.0500 -0.0200] td=0.00000 track=98
[E2uls] flag=1 sh_t=61.368 new_t=61.368 dP=[0.0022 -0.0010 -0.0020] |dP|=0.0032 first_dt=-1.0000
time: 61.328000, t: 0.129950 0.316522 0.752006 q: 0.999724 -0.003169 -0.023173 -0.002014 
[T2depth] t=61.4280 id=5033 src=stereo u=417.2 v=477.0 depth=1.5895 depth2=-1.0000 track=1 sf=10 flag=ok
[T2gate] t=61.4280 tri=25 rej=0 xrej=0 init_replace=0 gate=0
[T2slv] t=61.4280 phase=1 init_cost=515.611 final_cost=499.484 iters=9 term=1 slv_ms=13.9
[T2diag] t=61.4280 P=[0.1302 0.3162 0.7513] V=[0.0168 -0.0045 -0.0116] |Bas|=0.362718 |Bgs|=0.0009183 tic0=[0.1200 0.0500 -0.0200] tic1=[0.1200 -0.0500 -0.0200] td=0.00000 track=94
[E2uls] flag=1 sh_t=61.472 new_t=61.472 dP=[0.0032 -0.0002 0.0015] |dP|=0.0036 first_dt=-1.0000
time: 61.428000, t: 0.130231 0.316214 0.751349 q: 0.999711 -0.003185 -0.023780 -0.001563 
[T2depth] t=61.5280 id=5036 src=stereo u=415.3 v=478.0 depth=1.5834 depth2=-1.0000 track=1 sf=10 flag=ok
[T2depth] t=61.5280 id=5039 src=stereo u=95.0 v=323.0 depth=4.4893 depth2=-1.0000 track=1 sf=10 flag=ok
[T2gate] t=61.5280 tri=28 rej=0 xrej=0 init_replace=0 gate=0
[T2slv] t=61.5280 phase=1 init_cost=508.222 final_cost=497.639 iters=9 term=1 slv_ms=14.2
[T2diag] t=61.5280 P=[0.1314 0.3157 0.7515] V=[0.0230 -0.0118 -0.0063] |Bas|=0.362025 |Bgs|=0.0009225 tic0=[0.1200 0.0500 -0.0200] tic1=[0.1200 -0.0500 -0.0200] td=0.00000 track=94
[E2uls] flag=1 sh_t=61.568 new_t=61.568 dP=[0.0011 0.0001 -0.0018] |dP|=0.0021 first_dt=-1.0000
time: 61.528000, t: 0.131371 0.315706 0.751456 q: 0.999721 -0.003080 -0.023405 -0.000897 
[T2xcross] t=61.6280 id=5036 est=1.5834 svd=0.7327 rel=0.5373 track=2 sf=9
[T2depth] t=61.6280 id=5047 src=stereo u=636.0 v=474.0 depth=1.5937 depth2=-1.0000 track=1 sf=10 flag=ok
[T2depth] t=61.6280 id=5048 src=stereo u=627.0 v=74.0 depth=2.3389 depth2=-1.0000 track=1 sf=10 flag=ok
[T2gate] t=61.6280 tri=29 rej=0 xrej=0 init_replace=0 gate=0
[T2slv] t=61.6280 phase=1 init_cost=516.954 final_cost=500.509 iters=9 term=1 slv_ms=13.4
[T2diag] t=61.6280 P=[0.1317 0.3157 0.7522] V=[0.0200 -0.0063 0.0082] |Bas|=0.354371 |Bgs|=0.0009484 tic0=[0.1200 0.0500 -0.0200] tic1=[0.1200 -0.0500 -0.0200] td=0.00000 track=94
[E2uls] flag=1 sh_t=61.664 new_t=61.664 dP=[0.0031 -0.0018 -0.0018] |dP|=0.0040 first_dt=-1.0000
time: 61.628000, t: 0.131655 0.315670 0.752218 q: 0.999728 -0.003007 -0.023113 -0.000533 
[T2xcross] t=61.7280 id=5047 est=1.5937 svd=34.8768 rel=0.9543 track=2 sf=9
[T2depth] t=61.7280 id=5049 src=motion2 u=523.0 v=95.0 depth=0.2350 depth2=-1.0000 track=2 sf=9 flag=ok
[T2depth] t=61.7280 id=5050 src=motion2 u=2.0 v=304.0 depth=5.8640 depth2=-1.0000 track=2 sf=9 flag=ok
[T2depth] t=61.7280 id=5051 src=stereo u=419.0 v=478.2 depth=1.5897 depth2=-1.0000 track=1 sf=10 flag=ok
[T2gate] t=61.7280 tri=28 rej=0 xrej=0 init_replace=0 gate=0
[T2slv] t=61.7280 phase=1 init_cost=514.374 final_cost=503.032 iters=9 term=1 slv_ms=13.4
[T2diag] t=61.7280 P=[0.1320 0.3139 0.7530] V=[0.0218 -0.0211 -0.0005] |Bas|=0.358348 |Bgs|=0.0009674 tic0=[0.1200 0.0500 -0.0200] tic1=[0.1200 -0.0500 -0.0200] td=0.00000 track=95
[E2uls] flag=1 sh_t=61.768 new_t=61.768 dP=[0.0027 0.0014 0.0006] |dP|=0.0031 first_dt=-1.0000
time: 61.728000, t: 0.132025 0.313870 0.753011 q: 0.999723 -0.002935 -0.023361 -0.000029 
[T2depth] t=61.8640 id=5057 src=stereo u=6.0 v=283.1 depth=9.7327 depth2=-1.0000 track=1 sf=10 flag=ok
[T2gate] t=61.8640 tri=30 rej=0 xrej=0 init_replace=0 gate=0
[T2slv] t=61.8640 phase=1 init_cost=520.641 final_cost=508.872 iters=9 term=1 slv_ms=15.2
[T2diag] t=61.8640 P=[0.1330 0.3128 0.7537] V=[0.0172 -0.0205 0.0025] |Bas|=0.360691 |Bgs|=0.0009319 tic0=[0.1200 0.0500 -0.0200] tic1=[0.1200 -0.0500 -0.0200] td=0.00000 track=92
[E2uls] flag=1 sh_t=61.904 new_t=61.904 dP=[0.0033 -0.0027 -0.0007] |dP|=0.0043 first_dt=-1.0000
time: 61.864000, t: 0.133002 0.312796 0.753690 q: 0.999710 -0.003109 -0.023885 -0.000040 
[T2depth] t=61.9920 id=5056 src=motion2 u=521.0 v=97.0 depth=5.0000 depth2=-1.0000 track=2 sf=9 flag=init_neg
[T2depth] t=61.9920 id=5067 src=stereo u=636.0 v=76.0 depth=2.4621 depth2=-1.0000 track=1 sf=10 flag=ok
[T2gate] t=61.9920 tri=27 rej=0 xrej=0 init_replace=1 gate=0
[T2slv] t=61.9920 phase=1 init_cost=528.106 final_cost=513.126 iters=9 term=1 slv_ms=18.6
[T2diag] t=61.9920 P=[0.1338 0.3125 0.7544] V=[0.0183 -0.0148 -0.0043] |Bas|=0.364136 |Bgs|=0.0009104 tic0=[0.1200 0.0500 -0.0200] tic1=[0.1200 -0.0500 -0.0200] td=0.00000 track=93
[E2uls] flag=1 sh_t=62.040 new_t=62.040 dP=[0.0022 -0.0038 -0.0006] |dP|=0.0045 first_dt=-1.0000
time: 61.992000, t: 0.133762 0.312539 0.754434 q: 0.999699 -0.003632 -0.024268 -0.000686 
[T2depth] t=62.0920 id=5068 src=motion2 u=4.0 v=286.0 depth=1.1019 depth2=-1.0000 track=2 sf=9 flag=ok
[T2depth] t=62.0920 id=5070 src=stereo u=601.0 v=76.0 depth=2.7517 depth2=-1.0000 track=1 sf=10 flag=ok
[T2gate] t=62.0920 tri=24 rej=0 xrej=0 init_replace=0 gate=0
[T2slv] t=62.0920 phase=1 init_cost=523.007 final_cost=511.336 iters=9 term=1 slv_ms=18.1
[T2diag] t=62.0920 P=[0.1346 0.3120 0.7548] V=[0.0266 -0.0159 -0.0096] |Bas|=0.366497 |Bgs|=0.0009060 tic0=[0.1200 0.0500 -0.0200] tic1=[0.1200 -0.0500 -0.0200] td=0.00000 track=94
[E2uls] flag=1 sh_t=62.136 new_t=62.136 dP=[0.0018 -0.0016 -0.0012] |dP|=0.0027 first_dt=-1.0000
time: 62.092000, t: 0.134630 0.312030 0.754752 q: 0.999692 -0.004183 -0.024421 -0.001120 
[T2depth] t=62.1920 id=5074 src=stereo u=457.0 v=348.0 depth=3.4886 depth2=-1.0000 track=1 sf=10 flag=ok
[T2gate] t=62.1920 tri=26 rej=0 xrej=0 init_replace=0 gate=0
[T2slv] t=62.1920 phase=1 init_cost=526.718 final_cost=513.387 iters=9 term=1 slv_ms=17.8
[T2diag] t=62.1920 P=[0.1353 0.3108 0.7560] V=[0.0293 -0.0187 0.0032] |Bas|=0.359860 |Bgs|=0.0009077 tic0=[0.1200 0.0500 -0.0200] tic1=[0.1200 -0.0500 -0.0200] td=0.00000 track=93
[E2uls] flag=1 sh_t=62.236 new_t=62.236 dP=[0.0034 -0.0004 -0.0030] |dP|=0.0045 first_dt=-1.0000
time: 62.192000, t: 0.135264 0.310765 0.755958 q: 0.999699 -0.004293 -0.024111 -0.001273 
[T2depth] t=62.2920 id=5081 src=stereo u=627.0 v=77.0 depth=2.5990 depth2=-1.0000 track=1 sf=10 flag=ok
[T2depth] t=62.2920 id=5085 src=stereo u=97.0 v=323.0 depth=4.5497 depth2=-1.0000 track=1 sf=10 flag=ok
[T2gate] t=62.2920 tri=30 rej=0 xrej=0 init_replace=0 gate=0
[T2slv] t=62.2920 phase=1 init_cost=535.508 final_cost=521.264 iters=9 term=1 slv_ms=18.4
[T2diag] t=62.2920 P=[0.1355 0.3099 0.7565] V=[0.0246 -0.0187 -0.0034] |Bas|=0.363400 |Bgs|=0.0009020 tic0=[0.1200 0.0500 -0.0200] tic1=[0.1200 -0.0500 -0.0200] td=0.00000 track=92
[E2uls] flag=1 sh_t=62.332 new_t=62.332 dP=[0.0042 -0.0018 0.0004] |dP|=0.0046 first_dt=-1.0000
time: 62.292000, t: 0.135482 0.309932 0.756510 q: 0.999687 -0.004267 -0.024632 -0.001295 
[T2depth] t=62.3920 id=5079 src=motion2 u=4.0 v=286.3 depth=5.0000 depth2=-1.0000 track=2 sf=9 flag=init_neg
[T2depth] t=62.3920 id=5083 src=motion2 u=513.0 v=103.0 depth=5.0000 depth2=-1.0000 track=2 sf=9 flag=init_neg
[T2depth] t=62.3920 id=5087 src=stereo u=84.8 v=284.1 depth=9.4604 depth2=-1.0000 track=1 sf=10 flag=ok
[T2depth] t=62.3920 id=5088 src=stereo u=456.3 v=289.5 depth=7.2337 depth2=-1.0000 track=1 sf=10 flag=ok
[T2depth] t=62.3920 id=5090 src=stereo u=593.0 v=77.0 depth=2.5988 depth2=-1.0000 track=1 sf=10 flag=ok
[T2gate] t=62.3920 tri=32 rej=0 xrej=0 init_replace=2 gate=0
[T2slv] t=62.3920 phase=1 init_cost=540.78 final_cost=527.067 iters=9 term=1 slv_ms=17.1
[T2diag] t=62.3920 P=[0.1358 0.3092 0.7577] V=[0.0285 -0.0144 0.0013] |Bas|=0.362728 |Bgs|=0.0009077 tic0=[0.1200 0.0500 -0.0200] tic1=[0.1200 -0.0500 -0.0200] td=0.00000 track=93
[E2uls] flag=1 sh_t=62.432 new_t=62.432 dP=[0.0033 -0.0018 -0.0016] |dP|=0.0041 first_dt=-1.0000
time: 62.392000, t: 0.135801 0.309206 0.757664 q: 0.999680 -0.004579 -0.024827 -0.001274 
[T2depth] t=62.4920 id=5100 src=stereo u=637.0 v=471.0 depth=1.6341 depth2=-1.0000 track=1 sf=10 flag=ok
[T2depth] t=62.4920 id=5101 src=stereo u=455.0 v=476.0 depth=1.6142 depth2=-1.0000 track=1 sf=10 flag=ok
[T2depth] t=62.4920 id=5102 src=stereo u=635.0 v=78.0 depth=2.7511 depth2=-1.0000 track=1 sf=10 flag=ok
[T2depth] t=62.4920 id=5103 src=stereo u=583.0 v=77.0 depth=2.7512 depth2=-1.0000 track=1 sf=10 flag=ok
[T2depth] t=62.4920 id=5104 src=stereo u=342.0 v=476.0 depth=1.6263 depth2=-1.0000 track=1 sf=10 flag=ok
[T2gate] t=62.4920 tri=31 rej=0 xrej=0 init_replace=0 gate=0
[T2slv] t=62.4920 phase=1 init_cost=552.437 final_cost=533.849 iters=9 term=1 slv_ms=18.3
[T2diag] t=62.4920 P=[0.1358 0.3093 0.7583] V=[0.0248 -0.0033 -0.0010] |Bas|=0.363745 |Bgs|=0.0009396 tic0=[0.1200 0.0500 -0.0200] tic1=[0.1200 -0.0500 -0.0200] td=0.00000 track=89
[E2uls] flag=1 sh_t=62.544 new_t=62.544 dP=[0.0044 -0.0025 -0.0004] |dP|=0.0051 first_dt=-1.0000
time: 62.492000, t: 0.135837 0.309287 0.758265 q: 0.999673 -0.004752 -0.025082 -0.001265 
[T2depth] t=62.5920 id=5105 src=stereo u=535.2 v=478.2 depth=1.6152 depth2=-1.0000 track=1 sf=10 flag=ok
[T2depth] t=62.5920 id=5106 src=stereo u=607.0 v=78.0 depth=2.5986 depth2=-1.0000 track=1 sf=10 flag=ok
[T2depth] t=62.5920 id=5107 src=stereo u=519.2 v=99.9 depth=3.6469 depth2=-1.0000 track=1 sf=10 flag=ok
[T2depth] t=62.5920 id=5108 src=stereo u=87.3 v=337.1 depth=3.8213 depth2=-1.0000 track=1 sf=10 flag=ok
[T2depth] t=62.5920 id=5109 src=stereo u=86.0 v=285.0 depth=7.8735 depth2=-1.0000 track=1 sf=10 flag=ok
[T2depth] t=62.5920 id=5113 src=stereo u=457.0 v=286.0 depth=8.5523 depth2=-1.0000 track=1 sf=10 flag=ok
[T2gate] t=62.5920 tri=31 rej=0 xrej=0 init_replace=0 gate=0
[T2slv] t=62.5920 phase=1 init_cost=554.8 final_cost=539.27 iters=9 term=1 slv_ms=16.1
[T2diag] t=62.5920 P=[0.1356 0.3070 0.7588] V=[0.0232 -0.0237 -0.0064] |Bas|=0.368830 |Bgs|=0.0009547 tic0=[0.1200 0.0500 -0.0200] tic1=[0.1200 -0.0500 -0.0200] td=0.00000 track=91
[E2uls] flag=1 sh_t=62.640 new_t=62.640 dP=[0.0041 0.0033 -0.0007] |dP|=0.0053 first_dt=-1.0000
time: 62.592000, t: 0.135556 0.307007 0.758837 q: 0.999663 -0.004364 -0.025565 -0.000708 
[T2xcross] t=62.6920 id=5107 est=3.6469 svd=0.0420 rel=0.9885 track=2 sf=9
[T2depth] t=62.6920 id=5118 src=stereo u=585.0 v=77.0 depth=2.7511 depth2=-1.0000 track=1 sf=10 flag=ok
[T2gate] t=62.6920 tri=28 rej=0 xrej=0 init_replace=0 gate=0
[T2slv] t=62.6920 phase=1 init_cost=564.864 final_cost=543.936 iters=9 term=1 slv_ms=16.6
[T2diag] t=62.6920 P=[0.1355 0.3080 0.7595] V=[0.0276 -0.0033 -0.0106] |Bas|=0.369959 |Bgs|=0.0009416 tic0=[0.1200 0.0500 -0.0200] tic1=[0.1200 -0.0500 -0.0200] td=0.00000 track=95
[E2uls] flag=1 sh_t=62.736 new_t=62.736 dP=[0.0031 -0.0052 -0.0018] |dP|=0.0063 first_dt=-1.0000
time: 62.692000, t: 0.135495 0.307976 0.759493 q: 0.999665 -0.004273 -0.025502 -0.000809 
[T2xcross] t=62.7920 id=5100 est=1.6341 svd=3.2010 rel=0.4895 track=2 sf=9
[T2xcross] t=62.7920 id=5101 est=1.6142 svd=1.5849 rel=0.0182 track=2 sf=9
[T2xcross] t=62.7920 id=5105 est=1.6152 svd=2.7806 rel=0.4191 track=2 sf=9
[T2xcross] t=62.7920 id=5109 est=7.8735 svd=7.6089 rel=0.0336 track=2 sf=9
[T2xcross] t=62.7920 id=5118 est=2.7511 svd=0.0931 rel=0.9662 track=2 sf=9
[T2gate] t=62.7920 tri=26 rej=0 xrej=0 init_replace=0 gate=0
[T2slv] t=62.7920 phase=1 init_cost=557.983 final_cost=543.092 iters=9 term=1 slv_ms=16.2
[T2diag] t=62.7920 P=[0.1355 0.3084 0.7595] V=[0.0270 0.0008 -0.0068] |Bas|=0.370767 |Bgs|=0.0009618 tic0=[0.1200 0.0500 -0.0200] tic1=[0.1200 -0.0500 -0.0200] td=0.00000 track=96
[E2uls] flag=1 sh_t=62.840 new_t=62.840 dP=[0.0042 -0.0009 -0.0010] |dP|=0.0044 first_dt=-1.0000
time: 62.792000, t: 0.135547 0.308432 0.759508 q: 0.999665 -0.004345 -0.025504 -0.000902 
[T2xcross] t=62.8920 id=5104 est=1.6263 svd=25.1071 rel=0.9352 track=2 sf=9
[T2depth] t=62.8920 id=5132 src=stereo u=632.0 v=78.0 depth=2.7510 depth2=-1.0000 track=1 sf=10 flag=ok
[T2gate] t=62.8920 tri=27 rej=0 xrej=0 init_replace=0 gate=0
[T2slv] t=62.8920 phase=1 init_cost=553.14 final_cost=540.048 iters=9 term=1 slv_ms=10.6
[T2diag] t=62.8920 P=[0.1354 0.3084 0.7598] V=[0.0236 -0.0034 -0.0062] |Bas|=0.372047 |Bgs|=0.0009822 tic0=[0.1200 0.0500 -0.0200] tic1=[0.1200 -0.0500 -0.0200] td=0.00000 track=94
[E2uls] flag=1 sh_t=62.928 new_t=62.928 dP=[0.0034 0.0004 -0.0008] |dP|=0.0035 first_dt=-1.0000
time: 62.892000, t: 0.135367 0.308387 0.759822 q: 0.999664 -0.004396 -0.025519 -0.000862 
[T2depth] t=62.9920 id=5141 src=stereo u=457.0 v=349.0 depth=3.4931 depth2=-1.0000 track=1 sf=10 flag=ok
[T2gate] t=62.9920 tri=27 rej=0 xrej=0 init_replace=0 gate=0
[T2slv] t=62.9920 phase=1 init_cost=555.259 final_cost=540.108 iters=9 term=1 slv_ms=14.3
[T2diag] t=62.9920 P=[0.1349 0.3089 0.7601] V=[0.0245 -0.0012 -0.0051] |Bas|=0.370823 |Bgs|=0.0009983 tic0=[0.1200 0.0500 -0.0200] tic1=[0.1200 -0.0500 -0.0200] td=0.00000 track=93
[E2uls] flag=1 sh_t=63.032 new_t=63.032 dP=[0.0039 -0.0013 -0.0013] |dP|=0.0043 first_dt=-1.0000
time: 62.992000, t: 0.134893 0.308884 0.760134 q: 0.999670 -0.004062 -0.025356 -0.000790 
[T2xcross] t=63.0920 id=5108 est=3.8213 svd=10.3359 rel=0.6303 track=2 sf=9
[T2depth] t=63.0920 id=5140 src=motion2 u=520.0 v=99.0 depth=5.0000 depth2=-1.0000 track=2 sf=9 flag=init_neg
[T2depth] t=63.0920 id=5144 src=stereo u=633.0 v=77.0 depth=2.5987 depth2=-1.0000 track=1 sf=10 flag=ok
[T2depth] t=63.0920 id=5145 src=stereo u=456.0 v=285.0 depth=7.7688 depth2=-1.0000 track=1 sf=10 flag=ok
[T2gate] t=63.0920 tri=25 rej=0 xrej=0 init_replace=1 gate=0
[T2slv] t=63.0920 phase=1 init_cost=552.787 final_cost=539.366 iters=9 term=1 slv_ms=15.8
[T2diag] t=63.0920 P=[0.1344 0.3081 0.7598] V=[0.0222 -0.0137 -0.0114] |Bas|=0.372701 |Bgs|=0.0010035 tic0=[0.1200 0.0500 -0.0200] tic1=[0.1200 -0.0500 -0.0200] td=0.00000 track=95
[E2uls] flag=1 sh_t=63.136 new_t=63.136 dP=[0.0041 0.0017 -0.0008] |dP|=0.0045 first_dt=-1.0000
time: 63.092000, t: 0.134389 0.308070 0.759847 q: 0.999669 -0.003392 -0.025481 -0.000517 
[T2xcross] t=63.1920 id=5141 est=3.4931 svd=8.2134 rel=0.5747 track=2 sf=9
[T2gate] t=63.1920 tri=22 rej=0 xrej=0 init_replace=0 gate=0
[T2slv] t=63.1920 phase=1 init_cost=553.662 final_cost=538.638 iters=9 term=1 slv_ms=17.2
[T2diag] t=63.1920 P=[0.1339 0.3091 0.7597] V=[0.0246 -0.0060 -0.0134] |Bas|=0.372148 |Bgs|=0.0009842 tic0=[0.1200 0.0500 -0.0200] tic1=[0.1200 -0.0500 -0.0200] td=0.00000 track=96
[E2uls] flag=1 sh_t=63.232 new_t=63.232 dP=[0.0039 -0.0033 -0.0020] |dP|=0.0055 first_dt=-1.0000
time: 63.192000, t: 0.133876 0.309125 0.759673 q: 0.999671 -0.003470 -0.025398 -0.000598 
[T2depth] t=63.2920 id=5148 src=stereo u=611.0 v=77.0 depth=2.7517 depth2=-1.0000 track=1 sf=10 flag=ok
[T2gate] t=63.2920 tri=23 rej=0 xrej=0 init_replace=0 gate=0
[T2slv] t=63.2920 phase=1 init_cost=548.473 final_cost=535.351 iters=9 term=1 slv_ms=15.8
[T2diag] t=63.2920 P=[0.1334 0.3095 0.7598] V=[0.0266 -0.0090 -0.0051] |Bas|=0.368194 |Bgs|=0.0009678 tic0=[0.1200 0.0500 -0.0200] tic1=[0.1200 -0.0500 -0.0200] td=0.00000 track=95
[E2uls] flag=1 sh_t=63.336 new_t=63.336 dP=[0.0043 -0.0015 -0.0022] |dP|=0.0051 first_dt=-1.0000
time: 63.292000, t: 0.133438 0.309533 0.759798 q: 0.999678 -0.003875 -0.025051 -0.000663 
[T2depth] t=63.3920 id=5151 src=stereo u=616.0 v=77.0 depth=2.7517 depth2=-1.0000 track=1 sf=10 flag=ok
[T2gate] t=63.3920 tri=24 rej=0 xrej=0 init_replace=0 gate=0
[T2slv] t=63.3920 phase=1 init_cost=546.844 final_cost=530.357 iters=9 term=1 slv_ms=17.1
[T2diag] t=63.3920 P=[0.1327 0.3106 0.7594] V=[0.0237 -0.0041 -0.0134] |Bas|=0.371327 |Bgs|=0.0009468 tic0=[0.1200 0.0500 -0.0200] tic1=[0.1200 -0.0500 -0.0200] td=0.00000 track=94
[E2uls] flag=1 sh_t=63.440 new_t=63.440 dP=[0.0048 -0.0027 -0.0002] |dP|=0.0055 first_dt=-1.0000
time: 63.392000, t: 0.132706 0.310557 0.759442 q: 0.999677 -0.003958 -0.025104 -0.000976 
[T2xcross] t=63.4920 id=5140 est=5.0000 svd=0.3739 rel=0.9252 track=2 sf=9
[T2depth] t=63.4920 id=5158 src=stereo u=343.0 v=477.0 depth=1.6216 depth2=-1.0000 track=1 sf=10 flag=ok
[T2depth] t=63.4920 id=5159 src=stereo u=83.0 v=354.0 depth=3.2711 depth2=-1.0000 track=1 sf=10 flag=ok
[T2gate] t=63.4920 tri=26 rej=0 xrej=0 init_replace=0 gate=0
[T2slv] t=63.4920 phase=1 init_cost=541.015 final_cost=524.172 iters=9 term=1 slv_ms=16.4
[T2diag] t=63.4920 P=[0.1320 0.3123 0.7593] V=[0.0235 0.0053 -0.0111] |Bas|=0.367240 |Bgs|=0.0009421 tic0=[0.1200 0.0500 -0.0200] tic1=[0.1200 -0.0500 -0.0200] td=0.00000 track=92
[E2uls] flag=1 sh_t=63.536 new_t=63.536 dP=[0.0040 -0.0027 -0.0026] |dP|=0.0055 first_dt=-1.0000
time: 63.492000, t: 0.131969 0.312252 0.759302 q: 0.999697 -0.004277 -0.024208 -0.001346 
[T2xcross] t=63.5920 id=5158 est=1.6216 svd=0.3782 rel=0.7668 track=2 sf=9
[T2xcross] t=63.5920 id=5159 est=3.2711 svd=1.4740 rel=0.5494 track=2 sf=9
[T2depth] t=63.5920 id=5165 src=stereo u=627.0 v=76.0 depth=2.5989 depth2=-1.0000 track=1 sf=10 flag=ok
[T2depth] t=63.5920 id=5168 src=stereo u=84.0 v=282.0 depth=7.9622 depth2=-1.0000 track=1 sf=10 flag=ok
[T2gate] t=63.5920 tri=26 rej=0 xrej=0 init_replace=0 gate=0
[T2slv] t=63.5920 phase=1 init_cost=537.547 final_cost=520.342 iters=9 term=1 slv_ms=17.6
[T2diag] t=63.5920 P=[0.1311 0.3126 0.7581] V=[0.0240 0.0004 -0.0235] |Bas|=0.372632 |Bgs|=0.0009569 tic0=[0.1200 0.0500 -0.0200] tic1=[0.1200 -0.0500 -0.0200] td=0.00000 track=92
[E2uls] flag=1 sh_t=63.640 new_t=63.640 dP=[0.0054 0.0008 -0.0002] |dP|=0.0054 first_dt=-1.0000
time: 63.592000, t: 0.131142 0.312628 0.758099 q: 0.999707 -0.004057 -0.023838 -0.001359 
[T2xcross] t=63.6920 id=5168 est=7.9622 svd=7.2901 rel=0.0844 track=2 sf=9
[T2depth] t=63.6920 id=5172 src=stereo u=86.0 v=346.0 depth=3.4456 depth2=-1.0000 track=1 sf=10 flag=ok
[T2gate] t=63.6920 tri=26 rej=0 xrej=0 init_replace=0 gate=0
[T2slv] t=63.6920 phase=1 init_cost=534.21 final_cost=517.761 iters=9 term=1 slv_ms=16.1
[T2diag] t=63.6920 P=[0.1312 0.3139 0.7579] V=[0.0342 0.0060 -0.0134] |Bas|=0.367757 |Bgs|=0.0009617 tic0=[0.1200 0.0500 -0.0200] tic1=[0.1200 -0.0500 -0.0200] td=0.00000 track=92
[E2uls] flag=1 sh_t=63.736 new_t=63.736 dP=[0.0035 -0.0020 -0.0036] |dP|=0.0054 first_dt=-1.0000
time: 63.692000, t: 0.131178 0.313895 0.757932 q: 0.999722 -0.004052 -0.023198 -0.001387 
[T2depth] t=63.7920 id=5170 src=motion2 u=524.1 v=93.9 depth=5.0000 depth2=-1.0000 track=2 sf=9 flag=init_neg
[T2xcross] t=63.7920 id=5172 est=3.4456 svd=7.3925 rel=0.5339 track=2 sf=9
[T2depth] t=63.7920 id=5176 src=stereo u=251.1 v=477.7 depth=1.5987 depth2=-1.0000 track=1 sf=10 flag=ok
[T2depth] t=63.7920 id=5177 src=stereo u=417.0 v=478.0 depth=1.5918 depth2=-1.0000 track=1 sf=10 flag=ok
[T2gate] t=63.7920 tri=25 rej=0 xrej=0 init_replace=1 gate=0
[T2slv] t=63.7920 phase=1 init_cost=525.288 final_cost=511.824 iters=9 term=1 slv_ms=16.1
[T2diag] t=63.7920 P=[0.1314 0.3144 0.7573] V=[0.0352 -0.0040 -0.0084] |Bas|=0.363827 |Bgs|=0.0009533 tic0=[0.1200 0.0500 -0.0200] tic1=[0.1200 -0.0500 -0.0200] td=0.00000 track=93
[E2uls] flag=1 sh_t=63.832 new_t=63.832 dP=[0.0050 0.0005 -0.0015] |dP|=0.0053 first_dt=-1.0000
time: 63.792000, t: 0.131423 0.314377 0.757303 q: 0.999732 -0.004057 -0.022755 -0.001354 
[T2xcross] t=63.8920 id=5176 est=1.5987 svd=18.0467 rel=0.9114 track=2 sf=9
[T2xcross] t=63.8920 id=5177 est=1.5918 svd=7.7596 rel=0.7949 track=2 sf=9
[T2depth] t=63.8920 id=5179 src=stereo u=623.0 v=75.0 depth=2.9231 depth2=-1.0000 track=1 sf=10 flag=ok
[T2depth] t=63.8920 id=5180 src=stereo u=222.0 v=306.0 depth=5.6713 depth2=-1.0000 track=1 sf=10 flag=ok
[T2depth] t=63.8920 id=5181 src=stereo u=457.0 v=283.0 depth=7.6732 depth2=-1.0000 track=1 sf=10 flag=ok
[T2gate] t=63.8920 tri=24 rej=0 xrej=0 init_replace=0 gate=0
[T2slv] t=63.8920 phase=1 init_cost=524.948 final_cost=510.958 iters=9 term=1 slv_ms=14.9
[T2diag] t=63.8920 P=[0.1311 0.3149 0.7567] V=[0.0315 -0.0103 -0.0065] |Bas|=0.361228 |Bgs|=0.0009324 tic0=[0.1200 0.0500 -0.0200] tic1=[0.1200 -0.0500 -0.0200] td=0.00000 track=95
[E2uls] flag=1 sh_t=63.936 new_t=63.936 dP=[0.0063 -0.0013 -0.0007] |dP|=0.0064 first_dt=-1.0000
time: 63.892000, t: 0.131077 0.314864 0.756707 q: 0.999729 -0.004030 -0.022876 -0.001301 
[T2depth] t=63.9920 id=5184 src=stereo u=85.0 v=352.0 depth=3.2981 depth2=-1.0000 track=1 sf=10 flag=ok
[T2gate] t=63.9920 tri=24 rej=0 xrej=0 init_replace=0 gate=0
[T2slv] t=63.9920 phase=1 init_cost=546.701 final_cost=519.663 iters=9 term=1 slv_ms=15.2
[T2diag] t=63.9920 P=[0.1308 0.3165 0.7556] V=[0.0275 0.0132 -0.0206] |Bas|=0.366391 |Bgs|=0.0009473 tic0=[0.1200 0.0500 -0.0200] tic1=[0.1200 -0.0500 -0.0200] td=0.00000 track=92
[E2uls] flag=1 sh_t=64.028 new_t=64.028 dP=[0.0050 -0.0040 0.0006] |dP|=0.0064 first_dt=-1.0000
time: 63.992000, t: 0.130809 0.316489 0.755645 q: 0.999712 -0.003907 -0.023642 -0.001468 
[T2xcross] t=64.0920 id=5184 est=3.2981 svd=1.8609 rel=0.4358 track=2 sf=9
[T2depth] t=64.0920 id=5185 src=motion2 u=2.0 v=291.0 depth=0.4381 depth2=-1.0000 track=2 sf=9 flag=ok
[T2depth] t=64.0920 id=5188 src=stereo u=254.0 v=477.8 depth=1.5957 depth2=-1.0000 track=1 sf=10 flag=ok
[T2depth] t=64.0920 id=5190 src=stereo u=418.0 v=478.0 depth=1.5920 depth2=-1.0000 track=1 sf=10 flag=ok
[T2gate] t=64.0920 tri=25 rej=0 xrej=0 init_replace=0 gate=0
[T2slv] t=64.0920 phase=1 init_cost=536.699 final_cost=521.15 iters=9 term=1 slv_ms=16.2
[T2diag] t=64.0920 P=[0.1315 0.3153 0.7549] V=[0.0360 -0.0126 -0.0227] |Bas|=0.369620 |Bgs|=0.0009592 tic0=[0.1200 0.0500 -0.0200] tic1=[0.1200 -0.0500 -0.0200] td=0.00000 track=94
[E2uls] flag=1 sh_t=64.136 new_t=64.136 dP=[0.0030 0.0040 -0.0020] |dP|=0.0054 first_dt=-1.0000
time: 64.092000, t: 0.131538 0.315311 0.754870 q: 0.999710 -0.003629 -0.023794 -0.001232 
[T2xcross] t=64.1920 id=5188 est=1.5957 svd=4.5267 rel=0.6475 track=2 sf=9
[T2xcross] t=64.1920 id=5190 est=1.5920 svd=3.4112 rel=0.5333 track=2 sf=9
[T2depth] t=64.1920 id=5192 src=stereo u=598.0 v=75.0 depth=2.7511 depth2=-1.0000 track=1 sf=10 flag=ok
[T2gate] t=64.1920 tri=23 rej=0 xrej=0 init_replace=0 gate=0
[T2slv] t=64.1920 phase=1 init_cost=525.075 final_cost=503.043 iters=9 term=1 slv_ms=16.3
[T2diag] t=64.1920 P=[0.1309 0.3160 0.7568] V=[0.0105 0.0080 -0.0127] |Bas|=0.369620 |Bgs|=0.0066803 tic0=[0.1200 0.0500 -0.0200] tic1=[0.1200 -0.0500 -0.0200] td=0.00000 track=95
[E2uls] flag=1 sh_t=64.228 new_t=64.228 dP=[0.0068 -0.0037 -0.0056] |dP|=0.0096 first_dt=-1.0000
time: 64.192000, t: 0.130872 0.315992 0.756829 q: 0.999740 -0.003981 -0.022404 -0.001418 
[T2depth] t=64.2920 id=5195 src=stereo u=594.0 v=75.0 depth=2.5990 depth2=-1.0000 track=1 sf=10 flag=ok
[T2depth] t=64.2920 id=5197 src=stereo u=457.0 v=347.0 depth=3.4990 depth2=-1.0000 track=1 sf=10 flag=ok
[T2gate] t=64.2920 tri=27 rej=0 xrej=0 init_replace=0 gate=0
[T2slv] t=64.2920 phase=1 init_cost=515.917 final_cost=503.559 iters=9 term=1 slv_ms=11.3
[T2diag] t=64.2920 P=[0.1311 0.3171 0.7558] V=[0.0049 0.0146 -0.0110] |Bas|=0.369620 |Bgs|=0.0040631 tic0=[0.1200 0.0500 -0.0200] tic1=[0.1200 -0.0500 -0.0200] td=0.00000 track=94
[E2uls] flag=1 sh_t=64.332 new_t=64.332 dP=[0.0022 -0.0004 -0.0009] |dP|=0.0024 first_dt=-1.0000
time: 64.292000, t: 0.131125 0.317114 0.755839 q: 0.999731 -0.004429 -0.022688 -0.001695 
[T2depth] t=64.3920 id=5196 src=motion2 u=2.0 v=284.0 depth=0.1618 depth2=-1.0000 track=2 sf=9 flag=ok
[T2xcross] t=64.3920 id=5197 est=3.4990 svd=1.1589 rel=0.6688 track=2 sf=9
[T2gate] t=64.3920 tri=26 rej=0 xrej=0 init_replace=0 gate=0
[T2slv] t=64.3920 phase=1 init_cost=525.518 final_cost=506.96 iters=9 term=1 slv_ms=10.9
[T2diag] t=64.3920 P=[0.1321 0.3167 0.7552] V=[0.0112 0.0011 -0.0094] |Bas|=0.369620 |Bgs|=0.0124331 tic0=[0.1200 0.0500 -0.0200] tic1=[0.1200 -0.0500 -0.0200] td=0.00000 track=95
[E2uls] flag=1 sh_t=64.428 new_t=64.428 dP=[0.0002 0.0031 -0.0011] |dP|=0.0033 first_dt=-1.0000
time: 64.392000, t: 0.132076 0.316681 0.755190 q: 0.999730 -0.004173 -0.022787 -0.001616 
[T2depth] t=64.4920 id=5201 src=motion2 u=523.0 v=95.0 depth=5.0000 depth2=-1.0000 track=2 sf=9 flag=init_neg
[T2depth] t=64.4920 id=5203 src=stereo u=588.1 v=74.7 depth=2.7511 depth2=-1.0000 track=1 sf=10 flag=ok
[T2depth] t=64.4920 id=5206 src=stereo u=636.0 v=477.0 depth=1.5869 depth2=-1.0000 track=1 sf=10 flag=ok
[T2depth] t=64.4920 id=5207 src=stereo u=418.0 v=478.0 depth=1.5885 depth2=-1.0000 track=1 sf=10 flag=ok
[T2gate] t=64.4920 tri=27 rej=0 xrej=0 init_replace=1 gate=0
[T2slv] t=64.4920 phase=1 init_cost=534.218 final_cost=507.63 iters=9 term=1 slv_ms=12.1
[T2diag] t=64.4920 P=[0.1332 0.3163 0.7542] V=[0.0144 0.0008 -0.0097] |Bas|=0.369620 |Bgs|=0.0101331 tic0=[0.1200 0.0500 -0.0200] tic1=[0.1200 -0.0500 -0.0200] td=0.00000 track=94
[E2uls] flag=1 sh_t=64.532 new_t=64.532 dP=[0.0010 0.0006 -0.0001] |dP|=0.0012 first_dt=-1.0000
time: 64.492000, t: 0.133221 0.316290 0.754169 q: 0.999730 -0.004110 -0.022816 -0.001313 
[T2xcross] t=64.5920 id=5206 est=1.5869 svd=2.0455 rel=0.2242 track=2 sf=9
[T2depth] t=64.5920 id=5210 src=stereo u=631.9 v=73.8 depth=2.7515 depth2=-1.0000 track=1 sf=10 flag=ok
[T2gate] t=64.5920 tri=26 rej=0 xrej=0 init_replace=0 gate=0
[T2slv] t=64.5920 phase=1 init_cost=521.139 final_cost=503.067 iters=9 term=1 slv_ms=10.7
[T2diag] t=64.5920 P=[0.1350 0.3171 0.7528] V=[0.0177 0.0053 -0.0125] |Bas|=0.369620 |Bgs|=0.0038896 tic0=[0.1200 0.0500 -0.0200] tic1=[0.1200 -0.0500 -0.0200] td=0.00000 track=95
[E2uls] flag=1 sh_t=64.632 new_t=64.632 dP=[0.0008 -0.0011 0.0003] |dP|=0.0014 first_dt=-1.0000
time: 64.592000, t: 0.134960 0.317119 0.752780 q: 0.999736 -0.004135 -0.022569 -0.001101 
[T2xcross] t=64.6920 id=5207 est=1.5885 svd=2.0514 rel=0.2257 track=2 sf=9
[T2depth] t=64.6920 id=5213 src=motion2 u=2.0 v=283.0 depth=5.0000 depth2=-1.0000 track=2 sf=9 flag=init_neg
[T2depth] t=64.6920 id=5218 src=stereo u=612.0 v=74.0 depth=2.7518 depth2=-1.0000 track=1 sf=10 flag=ok
[T2gate] t=64.6920 tri=27 rej=0 xrej=0 init_replace=1 gate=0
[T2slv] t=64.6920 phase=1 init_cost=510.888 final_cost=501.286 iters=9 term=1 slv_ms=13.3
[T2diag] t=64.6920 P=[0.1357 0.3178 0.7522] V=[0.0088 0.0057 -0.0042] |Bas|=0.369620 |Bgs|=0.0032644 tic0=[0.1200 0.0500 -0.0200] tic1=[0.1200 -0.0500 -0.0200] td=0.00000 track=96
[E2uls] flag=1 sh_t=64.736 new_t=64.736 dP=[0.0027 0.0005 -0.0011] |dP|=0.0030 first_dt=-1.0000
time: 64.692000, t: 0.135667 0.317790 0.752174 q: 0.999731 -0.004062 -0.022828 -0.000981 
[T2depth] t=64.7920 id=5222 src=stereo u=98.3 v=322.2 depth=4.5183 depth2=-1.0000 track=1 sf=10 flag=ok
[T2depth] t=64.7920 id=5226 src=stereo u=85.0 v=283.0 depth=7.9939 depth2=-1.0000 track=1 sf=10 flag=ok
[T2gate] t=64.7920 tri=30 rej=0 xrej=0 init_replace=0 gate=0
[T2slv] t=64.7920 phase=1 init_cost=521.28 final_cost=507.119 iters=9 term=1 slv_ms=15.5
[T2diag] t=64.7920 P=[0.1362 0.3174 0.7521] V=[0.0087 -0.0008 -0.0013] |Bas|=0.369620 |Bgs|=0.0079749 tic0=[0.1200 0.0500 -0.0200] tic1=[0.1200 -0.0500 -0.0200] td=0.00000 track=95
[E2uls] flag=1 sh_t=64.836 new_t=64.836 dP=[0.0015 0.0017 -0.0005] |dP|=0.0024 first_dt=-1.0000
time: 64.792000, t: 0.136165 0.317408 0.752074 q: 0.999724 -0.003815 -0.023148 -0.000780 
[T2depth] t=64.8920 id=5220 src=motion2 u=519.2 v=97.9 depth=0.1083 depth2=-1.0000 track=2 sf=9 flag=ok
[T2depth] t=64.8920 id=5229 src=stereo u=625.4 v=73.7 depth=2.7513 depth2=-1.0000 track=1 sf=10 flag=ok
[T2gate] t=64.8920 tri=30 rej=0 xrej=0 init_replace=0 gate=0
[T2slv] t=64.8920 phase=1 init_cost=525.896 final_cost=508.97 iters=9 term=1 slv_ms=17.2
[T2diag] t=64.8920 P=[0.1377 0.3181 0.7511] V=[0.0176 0.0092 -0.0111] |Bas|=0.369620 |Bgs|=0.0070511 tic0=[0.1200 0.0500 -0.0200] tic1=[0.1200 -0.0500 -0.0200] td=0.00000 track=96
[E2uls] flag=1 sh_t=64.944 new_t=64.944 dP=[0.0008 -0.0012 0.0006] |dP|=0.0015 first_dt=-1.0000
time: 64.892000, t: 0.137667 0.318063 0.751140 q: 0.999728 -0.003979 -0.022979 -0.000852 
[T2depth] t=64.9920 id=5237 src=stereo u=599.0 v=74.0 depth=2.7512 depth2=-1.0000 track=1 sf=10 flag=ok
[T2gate] t=64.9920 tri=26 rej=0 xrej=0 init_replace=0 gate=0
[T2slv] t=64.9920 phase=1 init_cost=522.545 final_cost=508.197 iters=9 term=1 slv_ms=15.8
[T2diag] t=64.9920 P=[0.1387 0.3190 0.7505] V=[0.0119 0.0102 -0.0086] |Bas|=0.369620 |Bgs|=0.0048211 tic0=[0.1200 0.0500 -0.0200] tic1=[0.1200 -0.0500 -0.0200] td=0.00000 track=96
[E2uls] flag=1 sh_t=65.032 new_t=65.032 dP=[0.0023 0.0005 -0.0017] |dP|=0.0029 first_dt=-1.0000
time: 64.992000, t: 0.138722 0.319030 0.750516 q: 0.999724 -0.004236 -0.023064 -0.001119 
[T2depth] t=65.0920 id=5239 src=stereo u=457.0 v=283.0 depth=7.6942 depth2=-1.0000 track=1 sf=10 flag=ok
[T2gate] t=65.0920 tri=25 rej=0 xrej=0 init_replace=0 gate=0
[T2slv] t=65.0920 phase=1 init_cost=521.68 final_cost=511.091 iters=9 term=1 slv_ms=17.6
[T2diag] t=65.0920 P=[0.1392 0.3194 0.7504] V=[0.0072 0.0056 -0.0016] |Bas|=0.369620 |Bgs|=0.0044049 tic0=[0.1200 0.0500 -0.0200] tic1=[0.1200 -0.0500 -0.0200] td=0.00000 track=96
[E2uls] flag=1 sh_t=65.144 new_t=65.144 dP=[0.0021 0.0012 -0.0016] |dP|=0.0029 first_dt=-1.0000
time: 65.092000, t: 0.139161 0.319374 0.750420 q: 0.999719 -0.004137 -0.023296 -0.001323 
[T2xcross] t=65.1920 id=5239 est=7.6942 svd=0.4942 rel=0.9358 track=2 sf=9
[T2depth] t=65.1920 id=5244 src=stereo u=590.0 v=74.0 depth=2.7513 depth2=-1.0000 track=1 sf=10 flag=ok
[T2gate] t=65.1920 tri=26 rej=0 xrej=0 init_replace=0 gate=0
[T2slv] t=65.1920 phase=1 init_cost=528.578 final_cost=512.89 iters=9 term=1 slv_ms=10.7
[T2diag] t=65.1920 P=[0.1406 0.3197 0.7500] V=[0.0186 0.0025 -0.0040] |Bas|=0.369620 |Bgs|=0.0125852 tic0=[0.1200 0.0500 -0.0200] tic1=[0.1200 -0.0500 -0.0200] td=0.00000 track=96
[E2uls] flag=1 sh_t=65.228 new_t=65.228 dP=[-0.0002 0.0003 0.0009] |dP|=0.0010 first_dt=-1.0000
time: 65.192000, t: 0.140634 0.319672 0.749961 q: 0.999725 -0.004310 -0.022990 -0.001532 
[T2depth] t=65.2920 id=5242 src=motion2 u=524.0 v=94.0 depth=5.0000 depth2=-1.0000 track=2 sf=9 flag=init_neg
[T2depth] t=65.2920 id=5250 src=stereo u=589.0 v=74.0 depth=2.7518 depth2=-1.0000 track=1 sf=10 flag=ok
[T2gate] t=65.2920 tri=28 rej=0 xrej=0 init_replace=1 gate=0
[T2slv] t=65.2920 phase=1 init_cost=542.54 final_cost=511.787 iters=9 term=1 slv_ms=17.1
[T2diag] t=65.2920 P=[0.1415 0.3202 0.7497] V=[0.0072 0.0060 -0.0035] |Bas|=0.369620 |Bgs|=0.0086430 tic0=[0.1200 0.0500 -0.0200] tic1=[0.1200 -0.0500 -0.0200] td=0.00000 track=96
[E2uls] flag=1 sh_t=65.336 new_t=65.336 dP=[0.0024 -0.0006 -0.0004] |dP|=0.0025 first_dt=-1.0000
time: 65.292000, t: 0.141503 0.320217 0.749691 q: 0.999720 -0.004734 -0.023103 -0.001766 
[T2depth] t=65.3920 id=5254 src=stereo u=457.1 v=284.0 depth=7.6806 depth2=-1.0000 track=1 sf=10 flag=ok
[T2gate] t=65.3920 tri=27 rej=0 xrej=0 init_replace=0 gate=0
[T2slv] t=65.3920 phase=1 init_cost=531.3 final_cost=514.057 iters=9 term=1 slv_ms=17.1
[T2diag] t=65.3920 P=[0.1419 0.3193 0.7499] V=[0.0038 -0.0067 0.0016] |Bas|=0.369620 |Bgs|=0.0052543 tic0=[0.1200 0.0500 -0.0200] tic1=[0.1200 -0.0500 -0.0200] td=0.00000 track=95
[E2uls] flag=1 sh_t=65.440 new_t=65.440 dP=[0.0012 0.0024 -0.0012] |dP|=0.0029 first_dt=-1.0000
time: 65.392000, t: 0.141852 0.319349 0.749879 q: 0.999717 -0.004431 -0.023310 -0.001626 
[T2depth] t=65.4920 id=5256 src=motion2 u=2.0 v=291.0 depth=5.0000 depth2=-1.0000 track=2 sf=9 flag=init_neg
[T2depth] t=65.4920 id=5257 src=stereo u=609.1 v=73.7 depth=2.7516 depth2=-1.0000 track=1 sf=10 flag=ok
[T2gate] t=65.4920 tri=25 rej=0 xrej=0 init_replace=1 gate=0
[T2slv] t=65.4920 phase=1 init_cost=529.244 final_cost=518.04 iters=9 term=1 slv_ms=18.1
[T2diag] t=65.4920 P=[0.1429 0.3193 0.7498] V=[0.0122 0.0033 -0.0025] |Bas|=0.369620 |Bgs|=0.0024629 tic0=[0.1200 0.0500 -0.0200] tic1=[0.1200 -0.0500 -0.0200] td=0.00000 track=95
[E2uls] flag=1 sh_t=65.532 new_t=65.532 dP=[-0.0002 -0.0012 0.0002] |dP|=0.0012 first_dt=-1.0000
time: 65.492000, t: 0.142867 0.319257 0.749805 q: 0.999720 -0.003969 -0.023263 -0.001593 
[T2depth] t=65.5920 id=5260 src=motion2 u=521.0 v=96.0 depth=5.0000 depth2=-1.0000 track=2 sf=9 flag=init_neg
[T2depth] t=65.5920 id=5262 src=stereo u=636.9 v=476.3 depth=1.5865 depth2=-1.0000 track=1 sf=10 flag=ok
[T2depth] t=65.5920 id=5264 src=stereo u=458.0 v=283.0 depth=7.7288 depth2=-1.0000 track=1 sf=10 flag=ok
[T2depth] t=65.5920 id=5265 src=stereo u=97.0 v=322.0 depth=4.5012 depth2=-1.0000 track=1 sf=10 flag=ok
[T2gate] t=65.5920 tri=26 rej=0 xrej=0 init_replace=1 gate=0
[T2slv] t=65.5920 phase=1 init_cost=530.251 final_cost=518.201 iters=9 term=1 slv_ms=16.9
[T2diag] t=65.5920 P=[0.1436 0.3200 0.7496] V=[0.0098 0.0085 -0.0032] |Bas|=0.369620 |Bgs|=0.0076409 tic0=[0.1200 0.0500 -0.0200] tic1=[0.1200 -0.0500 -0.0200] td=0.00000 track=95
[E2uls] flag=1 sh_t=65.640 new_t=65.640 dP=[0.0020 -0.0004 -0.0003] |dP|=0.0021 first_dt=-1.0000
time: 65.592000, t: 0.143578 0.319960 0.749562 q: 0.999718 -0.004363 -0.023285 -0.001715 
[T2xcross] t=65.6920 id=5265 est=4.5012 svd=0.4904 rel=0.8911 track=2 sf=9
[T2depth] t=65.6920 id=5266 src=stereo u=595.6 v=74.3 depth=2.7516 depth2=-1.0000 track=1 sf=10 flag=ok
[T2gate] t=65.6920 tri=24 rej=0 xrej=0 init_replace=0 gate=0
[T2slv] t=65.6920 phase=1 init_cost=529.748 final_cost=518.623 iters=9 term=1 slv_ms=17.1
[T2diag] t=65.6920 P=[0.1439 0.3195 0.7501] V=[0.0054 -0.0070 0.0070] |Bas|=0.369620 |Bgs|=0.0019728 tic0=[0.1200 0.0500 -0.0200] tic1=[0.1200 -0.0500 -0.0200] td=0.00000 track=95
[E2uls] flag=1 sh_t=65.736 new_t=65.736 dP=[0.0021 0.0024 -0.0010] |dP|=0.0033 first_dt=-1.0000
time: 65.692000, t: 0.143857 0.319474 0.750136 q: 0.999711 -0.004458 -0.023551 -0.001556 
[T2xcross] t=65.7920 id=5264 est=7.7288 svd=4.1561 rel=0.4623 track=2 sf=9
[T2depth] t=65.7920 id=5268 src=motion2 u=2.0 v=288.0 depth=5.0000 depth2=-1.0000 track=2 sf=9 flag=init_neg
[T2depth] t=65.7920 id=5271 src=stereo u=622.0 v=74.0 depth=2.9232 depth2=-1.0000 track=1 sf=10 flag=ok
[T2gate] t=65.7920 tri=25 rej=0 xrej=0 init_replace=1 gate=0
[T2slv] t=65.7920 phase=1 init_cost=536.838 final_cost=524.366 iters=9 term=1 slv_ms=15.5
[T2diag] t=65.7920 P=[0.1438 0.3196 0.7502] V=[0.0009 0.0013 -0.0022] |Bas|=0.369620 |Bgs|=0.0020458 tic0=[0.1200 0.0500 -0.0200] tic1=[0.1200 -0.0500 -0.0200] td=0.00000 track=94
[E2uls] flag=1 sh_t=65.832 new_t=65.832 dP=[0.0016 -0.0012 0.0009] |dP|=0.0022 first_dt=-1.0000
time: 65.792000, t: 0.143787 0.319575 0.750184 q: 0.999706 -0.004434 -0.023773 -0.001479 
[T2depth] t=65.8920 id=5273 src=stereo u=609.4 v=73.7 depth=2.5988 depth2=-1.0000 track=1 sf=10 flag=ok
[T2gate] t=65.8920 tri=25 rej=0 xrej=0 init_replace=0 gate=0
[T2slv] t=65.8920 phase=1 init_cost=537.168 final_cost=525.246 iters=9 term=1 slv_ms=10.6
[T2diag] t=65.8920 P=[0.1449 0.3197 0.7496] V=[0.0135 0.0012 -0.0065] |Bas|=0.369620 |Bgs|=0.0061452 tic0=[0.1200 0.0500 -0.0200] tic1=[0.1200 -0.0500 -0.0200] td=0.00000 track=94
[E2uls] flag=1 sh_t=65.928 new_t=65.928 dP=[-0.0008 0.0001 0.0003] |dP|=0.0009 first_dt=-1.0000
time: 65.892000, t: 0.144858 0.319745 0.749613 q: 0.999712 -0.004230 -0.023595 -0.001413 
[T2depth] t=65.9920 id=5278 src=stereo u=598.0 v=74.0 depth=2.7512 depth2=-1.0000 track=1 sf=10 flag=ok
[T2gate] t=65.9920 tri=26 rej=0 xrej=0 init_replace=0 gate=0
[T2slv] t=65.9920 phase=1 init_cost=530.752 final_cost=521.224 iters=9 term=1 slv_ms=10.7
[T2diag] t=65.9920 P=[0.1453 0.3204 0.7492] V=[0.0064 0.0072 -0.0037] |Bas|=0.369620 |Bgs|=0.0045088 tic0=[0.1200 0.0500 -0.0200] tic1=[0.1200 -0.0500 -0.0200] td=0.00000 track=93
[E2uls] flag=1 sh_t=66.020 new_t=66.020 dP=[0.0017 -0.0003 -0.0001] |dP|=0.0017 first_dt=-1.0000
time: 65.992000, t: 0.145251 0.320429 0.749192 q: 0.999710 -0.004415 -0.023613 -0.001495 
[T2gate] t=66.0920 tri=25 rej=0 xrej=0 init_replace=0 gate=0
[T2slv] t=66.0920 phase=1 init_cost=543.418 final_cost=523.724 iters=9 term=1 slv_ms=18.0
[T2diag] t=66.0920 P=[0.1455 0.3200 0.7490] V=[0.0045 -0.0033 0.0002] |Bas|=0.369620 |Bgs|=0.0116046 tic0=[0.1200 0.0500 -0.0200] tic1=[0.1200 -0.0500 -0.0200] td=0.00000 track=94
[E2uls] flag=1 sh_t=66.140 new_t=66.140 dP=[0.0013 0.0028 0.0002] |dP|=0.0031 first_dt=-1.0000
time: 66.092000, t: 0.145521 0.319958 0.748963 q: 0.999712 -0.004108 -0.023596 -0.001336 
[T2depth] t=66.1640 id=5283 src=stereo u=522.7 v=95.1 depth=3.5126 depth2=-1.0000 track=1 sf=10 flag=ok
[T2depth] t=66.1640 id=5284 src=stereo u=457.3 v=284.0 depth=7.6747 depth2=-1.0000 track=1 sf=10 flag=ok
[T2depth] t=66.1640 id=5287 src=stereo u=605.0 v=73.0 depth=2.7518 depth2=-1.0000 track=1 sf=10 flag=ok
[T2gate] t=66.1640 tri=28 rej=0 xrej=0 init_replace=0 gate=0
[T2slv] t=66.1640 phase=1 init_cost=542.038 final_cost=525.433 iters=9 term=1 slv_ms=15.2
[T2diag] t=66.1640 P=[0.1458 0.3203 0.7485] V=[0.0046 0.0126 -0.0058] |Bas|=0.369620 |Bgs|=0.0074271 tic0=[0.1200 0.0500 -0.0200] tic1=[0.1200 -0.0500 -0.0200] td=0.00000 track=93
[E2uls] flag=1 sh_t=66.208 new_t=66.208 dP=[0.0004 -0.0014 0.0011] |dP|=0.0018 first_dt=-1.0000
time: 66.164000, t: 0.145841 0.320334 0.748521 q: 0.999714 -0.003802 -0.023597 -0.001280 
[T2xcross] t=66.2960 id=5283 est=3.5126 svd=1.2968 rel=0.6308 track=2 sf=9
[T2xcross] t=66.2960 id=5284 est=7.6747 svd=2.2283 rel=0.7097 track=2 sf=9
[T2depth] t=66.2960 id=5290 src=stereo u=633.0 v=474.0 depth=1.5926 depth2=-1.0000 track=1 sf=10 flag=ok
[T2gate] t=66.2960 tri=26 rej=0 xrej=0 init_replace=0 gate=0
[T2slv] t=66.2960 phase=1 init_cost=535.896 final_cost=522.74 iters=9 term=1 slv_ms=15.3
[T2diag] t=66.2960 P=[0.1462 0.3215 0.7479] V=[0.0024 0.0094 -0.0072] |Bas|=0.369620 |Bgs|=0.0050169 tic0=[0.1200 0.0500 -0.0200] tic1=[0.1200 -0.0500 -0.0200] td=0.00000 track=94
[E2uls] flag=1 sh_t=66.344 new_t=66.344 dP=[0.0006 0.0011 -0.0014] |dP|=0.0019 first_dt=-1.0000
time: 66.296000, t: 0.146154 0.321528 0.747885 q: 0.999712 -0.003887 -0.023648 -0.001380 
[T2xcross] t=66.4280 id=5290 est=1.5926 svd=1.3360 rel=0.1611 track=2 sf=9
[T2depth] t=66.4280 id=5298 src=stereo u=459.0 v=346.9 depth=3.4736 depth2=-1.0000 track=1 sf=10 flag=ok
[T2depth] t=66.4280 id=5300 src=stereo u=632.0 v=73.0 depth=2.7518 depth2=-1.0000 track=1 sf=10 flag=ok
[T2depth] t=66.4280 id=5303 src=stereo u=98.0 v=322.0 depth=4.4907 depth2=-1.0000 track=1 sf=10 flag=ok
[T2gate] t=66.4280 tri=28 rej=0 xrej=0 init_replace=0 gate=0
[T2slv] t=66.4280 phase=1 init_cost=532.121 final_cost=520.954 iters=9 term=1 slv_ms=14.8
[T2diag] t=66.4280 P=[0.1462 0.3218 0.7475] V=[0.0019 0.0074 -0.0017] |Bas|=0.369620 |Bgs|=0.0067402 tic0=[0.1200 0.0500 -0.0200] tic1=[0.1200 -0.0500 -0.0200] td=0.00000 track=94
[E2uls] flag=1 sh_t=66.472 new_t=66.472 dP=[0.0011 0.0020 -0.0008] |dP|=0.0024 first_dt=-1.0000
time: 66.428000, t: 0.146163 0.321808 0.747487 q: 0.999711 -0.004011 -0.023672 -0.001457 
[T2depth] t=66.5280 id=5301 src=motion2 u=4.0 v=288.0 depth=0.1190 depth2=-1.0000 track=2 sf=9 flag=ok
[T2depth] t=66.5280 id=5306 src=stereo u=632.0 v=73.0 depth=2.7512 depth2=-1.0000 track=1 sf=10 flag=ok
[T2gate] t=66.5280 tri=25 rej=0 xrej=0 init_replace=0 gate=0
[T2slv] t=66.5280 phase=1 init_cost=546.13 final_cost=520.845 iters=9 term=1 slv_ms=15.1
[T2diag] t=66.5280 P=[0.1462 0.3219 0.7473] V=[0.0024 0.0045 -0.0018] |Bas|=0.369620 |Bgs|=0.0102529 tic0=[0.1200 0.0500 -0.0200] tic1=[0.1200 -0.0500 -0.0200] td=0.00000 track=95
[E2uls] flag=1 sh_t=66.568 new_t=66.568 dP=[0.0009 0.0009 -0.0001] |dP|=0.0013 first_dt=-1.0000
time: 66.528000, t: 0.146182 0.321887 0.747340 q: 0.999715 -0.003986 -0.023493 -0.001415 
[T2depth] t=66.6320 id=5310 src=stereo u=252.0 v=478.2 depth=1.5852 depth2=-1.0000 track=1 sf=10 flag=ok
[T2depth] t=66.6320 id=5314 src=stereo u=457.0 v=283.0 depth=7.6179 depth2=-1.0000 track=1 sf=10 flag=ok
[T2gate] t=66.6320 tri=28 rej=0 xrej=0 init_replace=0 gate=0
[T2slv] t=66.6320 phase=1 init_cost=549.487 final_cost=522.227 iters=9 term=1 slv_ms=13.0
[T2diag] t=66.6320 P=[0.1456 0.3218 0.7476] V=[-0.0038 0.0004 0.0032] |Bas|=0.369620 |Bgs|=0.0115032 tic0=[0.1200 0.0500 -0.0200] tic1=[0.1200 -0.0500 -0.0200] td=0.00000 track=93
[E2uls] flag=1 sh_t=66.672 new_t=66.672 dP=[0.0018 0.0010 -0.0005] |dP|=0.0021 first_dt=-1.0000
time: 66.632000, t: 0.145595 0.321796 0.747615 q: 0.999712 -0.004090 -0.023591 -0.001481 
[T2depth] t=66.7280 id=5309 src=motion2 u=517.5 v=98.7 depth=5.0000 depth2=-1.0000 track=2 sf=9 flag=init_neg
[T2depth] t=66.7280 id=5320 src=stereo u=592.0 v=73.0 depth=2.5989 depth2=-1.0000 track=1 sf=10 flag=ok
[T2depth] t=66.7280 id=5322 src=stereo u=84.0 v=283.0 depth=7.8753 depth2=-1.0000 track=1 sf=10 flag=ok
[T2gate] t=66.7280 tri=30 rej=0 xrej=0 init_replace=1 gate=0
[T2slv] t=66.7280 phase=1 init_cost=552.163 final_cost=522.407 iters=9 term=1 slv_ms=13.6
[T2diag] t=66.7280 P=[0.1456 0.3221 0.7476] V=[0.0029 0.0033 0.0009] |Bas|=0.369620 |Bgs|=0.0059404 tic0=[0.1200 0.0500 -0.0200] tic1=[0.1200 -0.0500 -0.0200] td=0.00000 track=96
[E2uls] flag=1 sh_t=66.760 new_t=66.760 dP=[-0.0001 -0.0001 0.0008] |dP|=0.0008 first_dt=-1.0000
time: 66.728000, t: 0.145640 0.322076 0.747581 q: 0.999715 -0.004007 -0.023461 -0.001773 
[T2depth] t=66.8280 id=5324 src=stereo u=419.8 v=477.7 depth=1.5759 depth2=-1.0000 track=1 sf=10 flag=ok
[T2depth] t=66.8280 id=5327 src=stereo u=316.4 v=281.8 depth=7.8309 depth2=-1.0000 track=1 sf=10 flag=ok
[T2depth] t=66.8280 id=5329 src=stereo u=588.0 v=73.0 depth=2.5988 depth2=-1.0000 track=1 sf=10 flag=ok
[T2depth] t=66.8280 id=5330 src=stereo u=252.0 v=478.0 depth=1.5813 depth2=-1.0000 track=1 sf=10 flag=ok
[T2gate] t=66.8280 tri=32 rej=0 xrej=0 init_replace=0 gate=0
[T2slv] t=66.8280 phase=1 init_cost=521.235 final_cost=511.474 iters=9 term=1 slv_ms=13.6
[T2diag] t=66.8280 P=[0.1459 0.3231 0.7473] V=[0.0056 0.0091 -0.0021] |Bas|=0.369620 |Bgs|=0.0064347 tic0=[0.1200 0.0500 -0.0200] tic1=[0.1200 -0.0500 -0.0200] td=0.00000 track=91
[E2uls] flag=1 sh_t=66.864 new_t=66.864 dP=[0.0008 -0.0008 0.0005] |dP|=0.0012 first_dt=-1.0000
time: 66.828000, t: 0.145912 0.323063 0.747310 q: 0.999725 -0.003993 -0.022984 -0.002288 
[T2xcross] t=66.9600 id=5324 est=1.5759 svd=2.0238 rel=0.2213 track=2 sf=9
[T2depth] t=66.9600 id=5326 src=motion2 u=517.0 v=98.0 depth=0.2466 depth2=-1.0000 track=2 sf=9 flag=ok
[T2xcross] t=66.9600 id=5327 est=7.8309 svd=14.0829 rel=0.4439 track=2 sf=9
[T2xcross] t=66.9600 id=5330 est=1.5813 svd=1.7495 rel=0.0961 track=2 sf=9
[T2depth] t=66.9600 id=5338 src=stereo u=632.0 v=73.0 depth=2.5985 depth2=-1.0000 track=1 sf=10 flag=ok
[T2gate] t=66.9600 tri=29 rej=0 xrej=0 init_replace=0 gate=0
[T2slv] t=66.9600 phase=1 init_cost=509.736 final_cost=498.816 iters=9 term=1 slv_ms=15.5
[T2diag] t=66.9600 P=[0.1459 0.3236 0.7469] V=[0.0011 -0.0002 -0.0025] |Bas|=0.369620 |Bgs|=0.0030558 tic0=[0.1200 0.0500 -0.0200] tic1=[0.1200 -0.0500 -0.0200] td=0.00000 track=95
[E2uls] flag=1 sh_t=67.000 new_t=67.000 dP=[0.0018 0.0015 0.0001] |dP|=0.0023 first_dt=-1.0000
time: 66.960000, t: 0.145903 0.323593 0.746920 q: 0.999728 -0.004116 -0.022831 -0.002544 
[T2depth] t=67.0920 id=5344 src=stereo u=515.0 v=99.0 depth=4.7752 depth2=-1.0000 track=1 sf=10 flag=ok
[T2gate] t=67.0920 tri=26 rej=0 xrej=0 init_replace=0 gate=0
[T2slv] t=67.0920 phase=1 init_cost=510.927 final_cost=499.152 iters=9 term=1 slv_ms=17.8
[T2diag] t=67.0920 P=[0.1453 0.3225 0.7476] V=[0.0013 -0.0082 0.0095] |Bas|=0.369620 |Bgs|=0.0020825 tic0=[0.1200 0.0500 -0.0200] tic1=[0.1200 -0.0500 -0.0200] td=0.00000 track=95
[E2uls] flag=1 sh_t=67.136 new_t=67.136 dP=[0.0023 0.0009 -0.0006] |dP|=0.0025 first_dt=-1.0000
time: 67.092000, t: 0.145294 0.322529 0.747648 q: 0.999728 -0.004038 -0.022872 -0.002119 
[T2depth] t=67.1920 id=5348 src=stereo u=616.0 v=73.0 depth=2.7518 depth2=-1.0000 track=1 sf=10 flag=ok
[T2gate] t=67.1920 tri=24 rej=0 xrej=0 init_replace=0 gate=0
[T2slv] t=67.1920 phase=1 init_cost=511.918 final_cost=502.246 iters=9 term=1 slv_ms=16.1
[T2diag] t=67.1920 P=[0.1447 0.3223 0.7484] V=[-0.0047 0.0000 0.0069] |Bas|=0.369620 |Bgs|=0.0042094 tic0=[0.1200 0.0500 -0.0200] tic1=[0.1200 -0.0500 -0.0200] td=0.00000 track=94
[E2uls] flag=1 sh_t=67.232 new_t=67.232 dP=[0.0016 -0.0011 0.0010] |dP|=0.0022 first_dt=-1.0000
time: 67.192000, t: 0.144658 0.322347 0.748447 q: 0.999723 -0.004379 -0.023051 -0.001900 
[T2depth] t=67.2640 id=5349 src=motion2 u=2.0 v=287.0 depth=5.0000 depth2=-1.0000 track=2 sf=9 flag=init_neg
[T2depth] t=67.2640 id=5350 src=stereo u=633.0 v=73.0 depth=2.5988 depth2=-1.0000 track=1 sf=10 flag=ok
[T2gate] t=67.2640 tri=23 rej=0 xrej=0 init_replace=1 gate=0
[T2slv] t=67.2640 phase=1 init_cost=515.444 final_cost=503.827 iters=9 term=1 slv_ms=13.6
[T2diag] t=67.2640 P=[0.1445 0.3223 0.7485] V=[-0.0003 0.0031 -0.0024] |Bas|=0.369620 |Bgs|=0.0024683 tic0=[0.1200 0.0500 -0.0200] tic1=[0.1200 -0.0500 -0.0200] td=0.00000 track=94
[E2uls] flag=1 sh_t=67.296 new_t=67.296 dP=[0.0000 -0.0002 0.0007] |dP|=0.0008 first_dt=-1.0000
time: 67.264000, t: 0.144470 0.322339 0.748483 q: 0.999720 -0.004637 -0.023142 -0.001861 
[T2depth] t=67.3920 id=5351 src=stereo u=419.9 v=477.6 depth=1.5772 depth2=-1.0000 track=1 sf=10 flag=ok
[T2depth] t=67.3920 id=5352 src=stereo u=623.4 v=72.7 depth=2.9236 depth2=-1.0000 track=1 sf=10 flag=ok
[T2depth] t=67.3920 id=5354 src=stereo u=254.9 v=477.6 depth=1.5786 depth2=-1.0000 track=1 sf=10 flag=ok
[T2gate] t=67.3920 tri=27 rej=0 xrej=0 init_replace=0 gate=0
[T2slv] t=67.3920 phase=1 init_cost=510.105 final_cost=498.426 iters=9 term=1 slv_ms=15.1
[T2diag] t=67.3920 P=[0.1450 0.3221 0.7480] V=[0.0054 -0.0026 -0.0045] |Bas|=0.369620 |Bgs|=0.0049158 tic0=[0.1200 0.0500 -0.0200] tic1=[0.1200 -0.0500 -0.0200] td=0.00000 track=92
[E2uls] flag=1 sh_t=67.428 new_t=67.428 dP=[-0.0002 0.0004 -0.0001] |dP|=0.0004 first_dt=-1.0000
time: 67.392000, t: 0.145027 0.322097 0.747995 q: 0.999729 -0.004800 -0.022728 -0.001818 
[T2depth] t=67.4920 id=5353 src=motion2 u=522.3 v=94.8 depth=5.0000 depth2=-1.0000 track=2 sf=9 flag=init_neg
[T2xcross] t=67.4920 id=5354 est=1.5786 svd=3.8917 rel=0.5944 track=2 sf=9
[T2depth] t=67.4920 id=5359 src=stereo u=612.0 v=73.0 depth=2.7518 depth2=-1.0000 track=1 sf=10 flag=ok
[T2gate] t=67.4920 tri=27 rej=0 xrej=0 init_replace=1 gate=0
[T2slv] t=67.4920 phase=1 init_cost=501.372 final_cost=490.907 iters=9 term=1 slv_ms=16.6
[T2diag] t=67.4920 P=[0.1454 0.3227 0.7475] V=[0.0055 0.0019 -0.0048] |Bas|=0.369620 |Bgs|=0.0035303 tic0=[0.1200 0.0500 -0.0200] tic1=[0.1200 -0.0500 -0.0200] td=0.00000 track=95
[E2uls] flag=1 sh_t=67.536 new_t=67.536 dP=[0.0011 -0.0014 0.0000] |dP|=0.0018 first_dt=-1.0000
time: 67.492000, t: 0.145410 0.322661 0.747480 q: 0.999728 -0.005065 -0.022690 -0.002059 
[T2depth] t=67.5920 id=5365 src=stereo u=584.0 v=73.0 depth=2.5983 depth2=-1.0000 track=1 sf=10 flag=ok
[T2gate] t=67.5920 tri=25 rej=0 xrej=0 init_replace=0 gate=0
[T2slv] t=67.5920 phase=1 init_cost=499.957 final_cost=490.128 iters=9 term=1 slv_ms=16.2
[T2diag] t=67.5920 P=[0.1459 0.3228 0.7474] V=[0.0064 0.0016 0.0014] |Bas|=0.369620 |Bgs|=0.0032818 tic0=[0.1200 0.0500 -0.0200] tic1=[0.1200 -0.0500 -0.0200] td=0.00000 track=94
[E2uls] flag=1 sh_t=67.632 new_t=67.632 dP=[0.0012 0.0004 -0.0009] |dP|=0.0015 first_dt=-1.0000
time: 67.592000, t: 0.145879 0.322782 0.747448 q: 0.999730 -0.004994 -0.022580 -0.002208 
[T2depth] t=67.6920 id=5364 src=motion2 u=489.0 v=212.0 depth=5.0000 depth2=-1.0000 track=2 sf=9 flag=init_neg
[T2depth] t=67.6920 id=5366 src=stereo u=419.0 v=478.0 depth=1.5764 depth2=-1.0000 track=1 sf=10 flag=ok
[T2depth] t=67.6920 id=5367 src=stereo u=584.0 v=73.0 depth=2.5987 depth2=-1.0000 track=1 sf=10 flag=ok
[T2gate] t=67.6920 tri=25 rej=0 xrej=0 init_replace=1 gate=0
[T2slv] t=67.6920 phase=1 init_cost=503.298 final_cost=491.558 iters=9 term=1 slv_ms=17.7
[T2diag] t=67.6920 P=[0.1457 0.3211 0.7484] V=[0.0003 -0.0165 0.0079] |Bas|=0.369620 |Bgs|=0.0080287 tic0=[0.1200 0.0500 -0.0200] tic1=[0.1200 -0.0500 -0.0200] td=0.00000 track=94
[E2uls] flag=1 sh_t=67.744 new_t=67.744 dP=[0.0020 0.0028 -0.0012] |dP|=0.0037 first_dt=-1.0000
time: 67.692000, t: 0.145689 0.321123 0.748381 q: 0.999727 -0.004664 -0.022804 -0.001919 
[T2xcross] t=67.7920 id=5366 est=1.5764 svd=1.3870 rel=0.1201 track=2 sf=9
[T2depth] t=67.7920 id=5370 src=stereo u=609.0 v=73.0 depth=2.7517 depth2=-1.0000 track=1 sf=10 flag=ok
[T2gate] t=67.7920 tri=25 rej=0 xrej=0 init_replace=0 gate=0
[T2slv] t=67.7920 phase=1 init_cost=513.097 final_cost=498.409 iters=9 term=1 slv_ms=16.4
[T2diag] t=67.7920 P=[0.1454 0.3205 0.7490] V=[-0.0001 -0.0032 0.0072] |Bas|=0.369620 |Bgs|=0.0064321 tic0=[0.1200 0.0500 -0.0200] tic1=[0.1200 -0.0500 -0.0200] td=0.00000 track=94
[E2uls] flag=1 sh_t=67.832 new_t=67.832 dP=[0.0006 -0.0021 0.0008] |dP|=0.0023 first_dt=-1.0000
time: 67.792000, t: 0.145447 0.320474 0.749045 q: 0.999724 -0.004536 -0.022984 -0.001712 
[T2depth] t=67.8920 id=5373 src=motion2 u=516.0 v=99.0 depth=0.1844 depth2=-1.0000 track=2 sf=9 flag=ok
[T2depth] t=67.8920 id=5374 src=stereo u=251.0 v=477.9 depth=1.5831 depth2=-1.0000 track=1 sf=10 flag=ok
[T2gate] t=67.8920 tri=25 rej=0 xrej=0 init_replace=0 gate=0
[T2slv] t=67.8920 phase=1 init_cost=517.434 final_cost=502.651 iters=9 term=1 slv_ms=19.3
[T2diag] t=67.8920 P=[0.1463 0.3205 0.7493] V=[0.0083 -0.0005 -0.0016] |Bas|=0.369620 |Bgs|=0.0071390 tic0=[0.1200 0.0500 -0.0200] tic1=[0.1200 -0.0500 -0.0200] td=0.00000 track=94
[E2uls] flag=1 sh_t=67.944 new_t=67.944 dP=[-0.0004 -0.0005 0.0011] |dP|=0.0013 first_dt=-1.0000
time: 67.892000, t: 0.146280 0.320458 0.749286 q: 0.999716 -0.004661 -0.023289 -0.001676 
[T2xcross] t=67.9920 id=5374 est=1.5831 svd=3.2168 rel=0.5079 track=2 sf=9
[T2depth] t=67.9920 id=5378 src=stereo u=618.0 v=73.0 depth=2.7515 depth2=-1.0000 track=1 sf=10 flag=ok
[T2gate] t=67.9920 tri=25 rej=0 xrej=0 init_replace=0 gate=0
[T2slv] t=67.9920 phase=1 init_cost=509.553 final_cost=498.985 iters=9 term=1 slv_ms=16.0
[T2diag] t=67.9920 P=[0.1469 0.3207 0.7490] V=[0.0101 0.0011 -0.0028] |Bas|=0.369620 |Bgs|=0.0097829 tic0=[0.1200 0.0500 -0.0200] tic1=[0.1200 -0.0500 -0.0200] td=0.00000 track=94
[E2uls] flag=1 sh_t=68.032 new_t=68.032 dP=[0.0011 -0.0002 0.0005] |dP|=0.0012 first_dt=-1.0000
time: 67.992000, t: 0.146870 0.320739 0.749016 q: 0.999727 -0.004671 -0.022811 -0.001857 
[T2depth] t=68.0920 id=5385 src=stereo u=596.0 v=73.0 depth=2.5983 depth2=-1.0000 track=1 sf=10 flag=ok
[T2depth] t=68.0920 id=5386 src=stereo u=251.0 v=478.0 depth=1.5818 depth2=-1.0000 track=1 sf=10 flag=ok
[T2gate] t=68.0920 tri=26 rej=0 xrej=0 init_replace=0 gate=0
[T2slv] t=68.0920 phase=1 init_cost=516.842 final_cost=498.576 iters=9 term=1 slv_ms=11.0
[T2diag] t=68.0920 P=[0.1473 0.3205 0.7489] V=[0.0064 -0.0016 -0.0003] |Bas|=0.369620 |Bgs|=0.0043997 tic0=[0.1200 0.0500 -0.0200] tic1=[0.1200 -0.0500 -0.0200] td=0.00000 track=92
[E2uls] flag=1 sh_t=68.128 new_t=68.128 dP=[0.0016 0.0009 -0.0001] |dP|=0.0018 first_dt=-1.0000
time: 68.092000, t: 0.147317 0.320529 0.748865 q: 0.999726 -0.004543 -0.022862 -0.002068 
[T2depth] t=68.1920 id=5384 src=motion2 u=514.0 v=100.0 depth=0.0204 depth2=-1.0000 track=2 sf=9 flag=ok
[T2depth] t=68.1920 id=5389 src=stereo u=630.0 v=73.0 depth=2.7511 depth2=-1.0000 track=1 sf=10 flag=ok
[T2depth] t=68.1920 id=5390 src=stereo u=255.0 v=478.0 depth=1.5848 depth2=-1.0000 track=1 sf=10 flag=ok
[T2depth] t=68.1920 id=5391 src=stereo u=314.0 v=283.0 depth=7.7975 depth2=-1.0000 track=1 sf=10 flag=ok
[T2gate] t=68.1920 tri=27 rej=0 xrej=0 init_replace=0 gate=0
[T2slv] t=68.1920 phase=1 init_cost=517.151 final_cost=504.42 iters=9 term=1 slv_ms=19.5
[T2diag] t=68.1920 P=[0.1472 0.3196 0.7495] V=[0.0003 -0.0059 0.0051] |Bas|=0.369620 |Bgs|=0.0088363 tic0=[0.1200 0.0500 -0.0200] tic1=[0.1200 -0.0500 -0.0200] td=0.00000 track=92
[E2uls] flag=1 sh_t=68.240 new_t=68.240 dP=[0.0019 0.0015 -0.0010] |dP|=0.0026 first_dt=-1.0000
time: 68.192000, t: 0.147201 0.319596 0.749498 q: 0.999714 -0.004441 -0.023420 -0.002068 
[T2xcross] t=68.2920 id=5391 est=7.7975 svd=0.1023 rel=0.9869 track=2 sf=9
[T2depth] t=68.2920 id=5395 src=stereo u=456.5 v=283.0 depth=7.8622 depth2=-1.0000 track=1 sf=10 flag=ok
[T2depth] t=68.2920 id=5397 src=stereo u=600.0 v=74.0 depth=2.5988 depth2=-1.0000 track=1 sf=10 flag=ok
[T2gate] t=68.2920 tri=27 rej=0 xrej=0 init_replace=0 gate=0
[T2slv] t=68.2920 phase=1 init_cost=532.18 final_cost=512.698 iters=9 term=1 slv_ms=15.3
[T2diag] t=68.2920 P=[0.1470 0.3182 0.7503] V=[0.0000 -0.0128 0.0060] |Bas|=0.369620 |Bgs|=0.0025323 tic0=[0.1200 0.0500 -0.0200] tic1=[0.1200 -0.0500 -0.0200] td=0.00000 track=93
[E2uls] flag=1 sh_t=68.332 new_t=68.332 dP=[0.0008 0.0010 -0.0005] |dP|=0.0014 first_dt=-1.0000
time: 68.292000, t: 0.147018 0.318158 0.750324 q: 0.999712 -0.004159 -0.023584 -0.001735 
[T2depth] t=68.3920 id=5394 src=motion2 u=2.8 v=288.0 depth=1.9285 depth2=-1.0000 track=2 sf=9 flag=ok
[T2gate] t=68.3920 tri=24 rej=0 xrej=0 init_replace=0 gate=0
[T2slv] t=68.3920 phase=1 init_cost=525.551 final_cost=514.048 iters=9 term=1 slv_ms=18.5
[T2diag] t=68.3920 P=[0.1481 0.3191 0.7501] V=[0.0071 0.0077 -0.0072] |Bas|=0.369620 |Bgs|=0.0039687 tic0=[0.1200 0.0500 -0.0200] tic1=[0.1200 -0.0500 -0.0200] td=0.00000 track=96
[E2uls] flag=1 sh_t=68.432 new_t=68.432 dP=[-0.0010 -0.0037 0.0007] |dP|=0.0039 first_dt=-1.0000
time: 68.392000, t: 0.148060 0.319080 0.750130 q: 0.999692 -0.004761 -0.024282 -0.001861 
[T2xcross] t=68.4920 id=5395 est=7.8622 svd=4.8787 rel=0.3795 track=2 sf=9
[T2xcross] t=68.4920 id=5397 est=2.5988 svd=0.9539 rel=0.6329 track=2 sf=9
[T2depth] t=68.4920 id=5404 src=stereo u=96.0 v=322.0 depth=4.5131 depth2=-1.0000 track=1 sf=10 flag=ok
[T2gate] t=68.4920 tri=26 rej=0 xrej=0 init_replace=0 gate=0
[T2slv] t=68.4920 phase=1 init_cost=518.646 final_cost=508.871 iters=9 term=1 slv_ms=17.2
[T2diag] t=68.4920 P=[0.1484 0.3189 0.7500] V=[0.0074 0.0006 -0.0022] |Bas|=0.369620 |Bgs|=0.0043992 tic0=[0.1200 0.0500 -0.0200] tic1=[0.1200 -0.0500 -0.0200] td=0.00000 track=95
[E2uls] flag=1 sh_t=68.536 new_t=68.536 dP=[0.0012 0.0021 -0.0016] |dP|=0.0029 first_dt=-1.0000
time: 68.492000, t: 0.148378 0.318934 0.749980 q: 0.999704 -0.004762 -0.023784 -0.001785 
[T2depth] t=68.5920 id=5406 src=stereo u=615.7 v=72.8 depth=2.5985 depth2=-1.0000 track=1 sf=10 flag=ok
[T2gate] t=68.5920 tri=27 rej=0 xrej=0 init_replace=0 gate=0
[T2slv] t=68.5920 phase=1 init_cost=521.877 final_cost=508.819 iters=9 term=1 slv_ms=17.0
[T2diag] t=68.5920 P=[0.1488 0.3191 0.7499] V=[0.0070 0.0022 0.0001] |Bas|=0.369620 |Bgs|=0.0074223 tic0=[0.1200 0.0500 -0.0200] tic1=[0.1200 -0.0500 -0.0200] td=0.00000 track=95
[E2uls] flag=1 sh_t=68.632 new_t=68.632 dP=[0.0015 0.0001 -0.0003] |dP|=0.0015 first_dt=-1.0000
time: 68.592000, t: 0.148802 0.319069 0.749875 q: 0.999718 -0.004164 -0.023325 -0.001859 
[T2depth] t=68.6920 id=5411 src=stereo u=592.0 v=73.0 depth=2.5987 depth2=-1.0000 track=1 sf=10 flag=ok
[T2depth] t=68.6920 id=5412 src=stereo u=255.0 v=478.0 depth=1.5834 depth2=-1.0000 track=1 sf=10 flag=ok
[T2gate] t=68.6920 tri=27 rej=0 xrej=0 init_replace=0 gate=0
[T2slv] t=68.6920 phase=1 init_cost=520.324 final_cost=510.336 iters=9 term=1 slv_ms=16.9
[T2diag] t=68.6920 P=[0.1494 0.3194 0.7496] V=[0.0092 0.0045 -0.0023] |Bas|=0.369620 |Bgs|=0.0063402 tic0=[0.1200 0.0500 -0.0200] tic1=[0.1200 -0.0500 -0.0200] td=0.00000 track=94
[E2uls] flag=1 sh_t=68.736 new_t=68.736 dP=[0.0015 -0.0001 0.0003] |dP|=0.0015 first_dt=-1.0000
time: 68.692000, t: 0.149408 0.319401 0.749636 q: 0.999722 -0.004160 -0.023128 -0.001942 
[T2depth] t=68.7920 id=3995 src=stereo u=347.2 v=282.4 depth=7.8579 depth2=-1.0000 track=1 sf=10 flag=ok
[T2gate] t=68.7920 tri=26 rej=0 xrej=0 init_replace=0 gate=0
[T2slv] t=68.7920 phase=1 init_cost=504.492 final_cost=494.679 iters=9 term=1 slv_ms=18.1
[T2diag] t=68.7920 P=[0.1496 0.3189 0.7499] V=[0.0053 0.0006 0.0026] |Bas|=0.369620 |Bgs|=0.0060487 tic0=[0.1200 0.0500 -0.0200] tic1=[0.1200 -0.0500 -0.0200] td=0.00000 track=92
[E2uls] flag=1 sh_t=68.840 new_t=68.840 dP=[0.0024 0.0015 -0.0007] |dP|=0.0029 first_dt=-1.0000
time: 68.792000, t: 0.149613 0.318893 0.749862 q: 0.999724 -0.004348 -0.023041 -0.001694 
[T2depth] t=68.8920 id=5415 src=motion2 u=518.0 v=98.0 depth=0.1825 depth2=-1.0000 track=2 sf=9 flag=ok
[T2depth] t=68.8920 id=5416 src=motion2 u=2.0 v=304.0 depth=0.1123 depth2=-1.0000 track=2 sf=9 flag=ok
[T2depth] t=68.8920 id=5417 src=stereo u=584.0 v=73.0 depth=2.5988 depth2=-1.0000 track=1 sf=10 flag=ok
[T2gate] t=68.8920 tri=24 rej=0 xrej=0 init_replace=0 gate=0
[T2slv] t=68.8920 phase=1 init_cost=516.004 final_cost=495.745 iters=9 term=1 slv_ms=15.6
[T2diag] t=68.8920 P=[0.1493 0.3182 0.7505] V=[0.0003 -0.0047 0.0061] |Bas|=0.369620 |Bgs|=0.0046347 tic0=[0.1200 0.0500 -0.0200] tic1=[0.1200 -0.0500 -0.0200] td=0.00000 track=95
[E2uls] flag=1 sh_t=68.928 new_t=68.928 dP=[0.0018 0.0013 -0.0005] |dP|=0.0023 first_dt=-1.0000
time: 68.892000, t: 0.149323 0.318199 0.750495 q: 0.999721 -0.004340 -0.023194 -0.001324 
[T2xcross] t=68.9920 id=3995 est=7.8579 svd=4.2564 rel=0.4583 track=2 sf=9
[T2gate] t=68.9920 tri=22 rej=0 xrej=0 init_replace=0 gate=0
[T2slv] t=68.9920 phase=1 init_cost=511.153 final_cost=500.122 iters=9 term=1 slv_ms=18.8
[T2diag] t=68.9920 P=[0.1489 0.3174 0.7512] V=[-0.0002 -0.0103 0.0077] |Bas|=0.369620 |Bgs|=0.0035166 tic0=[0.1200 0.0500 -0.0200] tic1=[0.1200 -0.0500 -0.0200] td=0.00000 track=94
[E2uls] flag=1 sh_t=69.048 new_t=69.048 dP=[0.0015 0.0007 0.0001] |dP|=0.0016 first_dt=-1.0000
time: 68.992000, t: 0.148934 0.317443 0.751207 q: 0.999716 -0.004198 -0.023419 -0.001106 
[T2depth] t=69.0920 id=5420 src=motion2 u=3.0 v=288.0 depth=0.7609 depth2=-1.0000 track=2 sf=9 flag=ok
[T2depth] t=69.0920 id=5421 src=stereo u=621.0 v=74.0 depth=2.9232 depth2=-1.0000 track=1 sf=10 flag=ok
[T2gate] t=69.0920 tri=23 rej=0 xrej=0 init_replace=0 gate=0
[T2slv] t=69.0920 phase=1 init_cost=510.527 final_cost=501.098 iters=9 term=1 slv_ms=15.2
[T2diag] t=69.0920 P=[0.1490 0.3179 0.7511] V=[0.0030 0.0058 -0.0017] |Bas|=0.369620 |Bgs|=0.0047220 tic0=[0.1200 0.0500 -0.0200] tic1=[0.1200 -0.0500 -0.0200] td=0.00000 track=95
[E2uls] flag=1 sh_t=69.124 new_t=69.124 dP=[0.0000 -0.0021 0.0011] |dP|=0.0023 first_dt=-1.0000
time: 69.092000, t: 0.149039 0.317876 0.751118 q: 0.999715 -0.004471 -0.023416 -0.001330 
[T2gate] t=69.1640 tri=21 rej=0 xrej=0 init_replace=0 gate=0
[T2slv] t=69.1640 phase=1 init_cost=510.669 final_cost=499.68 iters=9 term=1 slv_ms=13.8
[T2diag] t=69.1640 P=[0.1491 0.3179 0.7512] V=[0.0026 -0.0013 0.0015] |Bas|=0.369620 |Bgs|=0.0059349 tic0=[0.1200 0.0500 -0.0200] tic1=[0.1200 -0.0500 -0.0200] td=0.00000 track=95
[E2uls] flag=1 sh_t=69.200 new_t=69.200 dP=[0.0006 0.0011 -0.0007] |dP|=0.0015 first_dt=-1.0000
time: 69.164000, t: 0.149117 0.317904 0.751211 q: 0.999713 -0.004613 -0.023447 -0.001526 
[T2gate] t=69.2920 tri=24 rej=0 xrej=0 init_replace=0 gate=0
[T2slv] t=69.2920 phase=1 init_cost=505.886 final_cost=495.514 iters=9 term=1 slv_ms=15.6
[T2diag] t=69.2920 P=[0.1498 0.3188 0.7503] V=[0.0068 0.0102 -0.0087] |Bas|=0.369620 |Bgs|=0.0022050 tic0=[0.1200 0.0500 -0.0200] tic1=[0.1200 -0.0500 -0.0200] td=0.00000 track=93
[E2uls] flag=1 sh_t=69.336 new_t=69.336 dP=[0.0002 -0.0014 0.0013] |dP|=0.0019 first_dt=-1.0000
time: 69.292000, t: 0.149784 0.318834 0.750260 q: 0.999716 -0.004648 -0.023306 -0.001889 
[T2depth] t=69.3920 id=5425 src=motion2 u=1.3 v=291.7 depth=13.4766 depth2=-1.0000 track=2 sf=9 flag=ok
[T2depth] t=69.3920 id=5430 src=stereo u=587.0 v=73.0 depth=2.5989 depth2=-1.0000 track=1 sf=10 flag=ok
[T2depth] t=69.3920 id=5432 src=stereo u=96.0 v=322.0 depth=4.5215 depth2=-1.0000 track=1 sf=10 flag=ok
[T2gate] t=69.3920 tri=27 rej=0 xrej=0 init_replace=0 gate=0
[T2slv] t=69.3920 phase=1 init_cost=502.925 final_cost=493.184 iters=9 term=1 slv_ms=16.6
[T2diag] t=69.3920 P=[0.1501 0.3186 0.7498] V=[0.0041 -0.0009 -0.0039] |Bas|=0.369620 |Bgs|=0.0044037 tic0=[0.1200 0.0500 -0.0200] tic1=[0.1200 -0.0500 -0.0200] td=0.00000 track=94
[E2uls] flag=1 sh_t=69.440 new_t=69.440 dP=[0.0015 0.0027 -0.0011] |dP|=0.0033 first_dt=-1.0000
time: 69.392000, t: 0.150080 0.318551 0.749813 q: 0.999719 -0.004443 -0.023235 -0.001683 
[T2depth] t=69.4720 id=5431 src=motion2 u=514.0 v=101.0 depth=0.0709 depth2=-1.0000 track=2 sf=9 flag=ok
[T2depth] t=69.4720 id=5435 src=stereo u=607.0 v=73.0 depth=2.7518 depth2=-1.0000 track=1 sf=10 flag=ok
[T2gate] t=69.4720 tri=26 rej=0 xrej=0 init_replace=0 gate=0
[T2slv] t=69.4720 phase=1 init_cost=509.962 final_cost=498.109 iters=9 term=1 slv_ms=15.3
[T2diag] t=69.4720 P=[0.1497 0.3185 0.7502] V=[-0.0026 0.0013 0.0033] |Bas|=0.369620 |Bgs|=0.0039897 tic0=[0.1200 0.0500 -0.0200] tic1=[0.1200 -0.0500 -0.0200] td=0.00000 track=95
[E2uls] flag=1 sh_t=69.512 new_t=69.512 dP=[0.0019 -0.0000 -0.0010] |dP|=0.0021 first_dt=-1.0000
time: 69.472000, t: 0.149682 0.318486 0.750156 q: 0.999718 -0.004145 -0.023320 -0.001470 
[T2depth] t=69.6000 id=5441 src=stereo u=619.0 v=73.0 depth=2.7511 depth2=-1.0000 track=1 sf=10 flag=ok
[T2gate] t=69.6000 tri=28 rej=0 xrej=0 init_replace=0 gate=0
[T2slv] t=69.6000 phase=1 init_cost=513.879 final_cost=502.19 iters=9 term=1 slv_ms=10.9
[T2diag] t=69.6000 P=[0.1494 0.3185 0.7505] V=[-0.0018 -0.0005 0.0025] |Bas|=0.369620 |Bgs|=0.0017345 tic0=[0.1200 0.0500 -0.0200] tic1=[0.1200 -0.0500 -0.0200] td=0.00000 track=95
[E2uls] flag=1 sh_t=69.632 new_t=69.632 dP=[0.0002 0.0007 0.0005] |dP|=0.0008 first_dt=-1.0000
time: 69.600000, t: 0.149414 0.318472 0.750484 q: 0.999718 -0.003931 -0.023373 -0.001339 
[T2depth] t=69.7000 id=5439 src=motion2 u=3.9 v=300.0 depth=0.1018 depth2=-1.0000 track=2 sf=9 flag=ok
[T2depth] t=69.7000 id=5446 src=stereo u=622.0 v=73.0 depth=2.5988 depth2=-1.0000 track=1 sf=10 flag=ok
[T2gate] t=69.7000 tri=25 rej=0 xrej=0 init_replace=0 gate=0
[T2slv] t=69.7000 phase=1 init_cost=512.106 final_cost=501.398 iters=9 term=1 slv_ms=17.6
[T2diag] t=69.7000 P=[0.1494 0.3188 0.7502] V=[0.0031 0.0049 -0.0036] |Bas|=0.369620 |Bgs|=0.0054222 tic0=[0.1200 0.0500 -0.0200] tic1=[0.1200 -0.0500 -0.0200] td=0.00000 track=95
[E2uls] flag=1 sh_t=69.752 new_t=69.752 dP=[0.0004 -0.0003 0.0004] |dP|=0.0007 first_dt=-1.0000
time: 69.700000, t: 0.149364 0.318793 0.750248 q: 0.999717 -0.004508 -0.023306 -0.001525 
[T2depth] t=69.8000 id=5449 src=stereo u=635.0 v=74.0 depth=2.7513 depth2=-1.0000 track=1 sf=10 flag=ok
[T2gate] t=69.8000 tri=24 rej=0 xrej=0 init_replace=0 gate=0
[T2slv] t=69.8000 phase=1 init_cost=510.605 final_cost=497.414 iters=9 term=1 slv_ms=15.2
[T2diag] t=69.8000 P=[0.1493 0.3191 0.7499] V=[0.0024 0.0036 -0.0031] |Bas|=0.369620 |Bgs|=0.0049428 tic0=[0.1200 0.0500 -0.0200] tic1=[0.1200 -0.0500 -0.0200] td=0.00000 track=95
[E2uls] flag=1 sh_t=69.840 new_t=69.840 dP=[0.0012 0.0009 -0.0002] |dP|=0.0015 first_dt=-1.0000
time: 69.800000, t: 0.149338 0.319056 0.749893 q: 0.999715 -0.004846 -0.023327 -0.001695 
[T2depth] t=69.9000 id=5454 src=stereo u=603.0 v=74.0 depth=2.7517 depth2=-1.0000 track=1 sf=10 flag=ok
[T2gate] t=69.9000 tri=24 rej=0 xrej=0 init_replace=0 gate=0
[T2slv] t=69.9000 phase=1 init_cost=509.61 final_cost=497.295 iters=9 term=1 slv_ms=15.6
[T2diag] t=69.9000 P=[0.1488 0.3191 0.7500] V=[-0.0033 -0.0008 0.0010] |Bas|=0.369620 |Bgs|=0.0084106 tic0=[0.1200 0.0500 -0.0200] tic1=[0.1200 -0.0500 -0.0200] td=0.00000 track=95
[E2uls] flag=1 sh_t=69.936 new_t=69.936 dP=[0.0018 0.0011 -0.0009] |dP|=0.0023 first_dt=-1.0000
time: 69.900000, t: 0.148782 0.319102 0.750007 q: 0.999711 -0.004637 -0.023509 -0.001699 
[T2depth] t=70.0000 id=5456 src=stereo u=382.0 v=282.0 depth=7.7108 depth2=-1.0000 track=1 sf=10 flag=ok
[T2gate] t=70.0000 tri=23 rej=0 xrej=0 init_replace=0 gate=0
[T2slv] t=70.0000 phase=1 init_cost=523.218 final_cost=498.276 iters=9 term=1 slv_ms=16.5
[T2diag] t=70.0000 P=[0.1486 0.3185 0.7502] V=[-0.0009 0.0003 0.0014] |Bas|=0.369620 |Bgs|=0.0119904 tic0=[0.1200 0.0500 -0.0200] tic1=[0.1200 -0.0500 -0.0200] td=0.00000 track=94
[E2uls] flag=1 sh_t=70.036 new_t=70.036 dP=[-0.0001 0.0011 -0.0002] |dP|=0.0011 first_dt=-1.0000
time: 70.000000, t: 0.148615 0.318459 0.750196 q: 0.999722 -0.003980 -0.023181 -0.001442 
[T2xcross] t=70.1000 id=5456 est=7.7108 svd=0.1410 rel=0.9817 track=2 sf=9
[T2depth] t=70.1000 id=5461 src=stereo u=618.0 v=72.0 depth=2.9232 depth2=-1.0000 track=1 sf=10 flag=ok
[T2depth] t=70.1000 id=5462 src=stereo u=255.0 v=478.0 depth=1.5808 depth2=-1.0000 track=1 sf=10 flag=ok
[T2depth] t=70.1000 id=5463 src=stereo u=37.0 v=284.0 depth=7.6761 depth2=-1.0000 track=1 sf=10 flag=ok
[T2gate] t=70.1000 tri=27 rej=0 xrej=0 init_replace=0 gate=0
[T2slv] t=70.1000 phase=1 init_cost=511.978 final_cost=498.479 iters=9 term=1 slv_ms=16.2
[T2diag] t=70.1000 P=[0.1486 0.3195 0.7497] V=[0.0002 0.0089 -0.0067] |Bas|=0.369620 |Bgs|=0.0101252 tic0=[0.1200 0.0500 -0.0200] tic1=[0.1200 -0.0500 -0.0200] td=0.00000 track=94
[E2uls] flag=1 sh_t=70.144 new_t=70.144 dP=[0.0002 -0.0012 0.0008] |dP|=0.0015 first_dt=-1.0000
time: 70.100000, t: 0.148582 0.319466 0.749652 q: 0.999734 -0.004033 -0.022678 -0.001516 
[T2xcross] t=70.2000 id=5462 est=1.5808 svd=1.1879 rel=0.2486 track=2 sf=9
[T2depth] t=70.2000 id=5468 src=stereo u=617.0 v=72.0 depth=2.5988 depth2=-1.0000 track=1 sf=10 flag=ok
[T2gate] t=70.2000 tri=25 rej=0 xrej=0 init_replace=0 gate=0
[T2slv] t=70.2000 phase=1 init_cost=511.64 final_cost=495.15 iters=9 term=1 slv_ms=15.9
[T2diag] t=70.2000 P=[0.1488 0.3204 0.7493] V=[0.0037 0.0069 -0.0008] |Bas|=0.369620 |Bgs|=0.0014371 tic0=[0.1200 0.0500 -0.0200] tic1=[0.1200 -0.0500 -0.0200] td=0.00000 track=96
[E2uls] flag=1 sh_t=70.240 new_t=70.240 dP=[0.0004 0.0005 -0.0006] |dP|=0.0009 first_dt=-1.0000
time: 70.200000, t: 0.148819 0.320410 0.749334 q: 0.999735 -0.004329 -0.022554 -0.001784 
[T2xcross] t=70.3000 id=5463 est=7.6761 svd=0.0791 rel=0.9897 track=2 sf=9
[T2gate] t=70.3000 tri=23 rej=0 xrej=0 init_replace=0 gate=0
[T2slv] t=70.3000 phase=1 init_cost=504.428 final_cost=494.301 iters=9 term=1 slv_ms=16.7
[T2diag] t=70.3000 P=[0.1482 0.3200 0.7495] V=[-0.0042 -0.0041 0.0007] |Bas|=0.369620 |Bgs|=0.0066435 tic0=[0.1200 0.0500 -0.0200] tic1=[0.1200 -0.0500 -0.0200] td=0.00000 track=96
[E2uls] flag=1 sh_t=70.344 new_t=70.344 dP=[0.0018 0.0015 -0.0004] |dP|=0.0024 first_dt=-1.0000
time: 70.300000, t: 0.148208 0.319979 0.749516 q: 0.999732 -0.004214 -0.022716 -0.001765 
[T2depth] t=70.4000 id=5476 src=stereo u=602.0 v=73.0 depth=2.7518 depth2=-1.0000 track=1 sf=10 flag=ok
[T2depth] t=70.4000 id=5478 src=stereo u=456.0 v=283.0 depth=7.0082 depth2=-1.0000 track=1 sf=10 flag=ok
[T2gate] t=70.4000 tri=27 rej=0 xrej=0 init_replace=0 gate=0
[T2slv] t=70.4000 phase=1 init_cost=513.666 final_cost=500.147 iters=9 term=1 slv_ms=11.6
[T2diag] t=70.4000 P=[0.1478 0.3175 0.7500] V=[-0.0034 -0.0197 0.0041] |Bas|=0.369620 |Bgs|=0.0088482 tic0=[0.1200 0.0500 -0.0200] tic1=[0.1200 -0.0500 -0.0200] td=0.00000 track=94
[E2uls] flag=1 sh_t=70.440 new_t=70.440 dP=[0.0001 0.0024 -0.0007] |dP|=0.0025 first_dt=-1.0000
time: 70.400000, t: 0.147753 0.317537 0.750018 q: 0.999726 -0.004024 -0.023010 -0.001242 
[T2depth] t=70.5040 id=5472 src=motion2 u=518.0 v=98.0 depth=0.1256 depth2=-1.0000 track=2 sf=9 flag=ok
[T2depth] t=70.5040 id=5479 src=stereo u=634.0 v=73.0 depth=2.7510 depth2=-1.0000 track=1 sf=10 flag=ok
[T2gate] t=70.5040 tri=25 rej=0 xrej=0 init_replace=0 gate=0
[T2slv] t=70.5040 phase=1 init_cost=518.393 final_cost=502.993 iters=9 term=1 slv_ms=10.6
[T2diag] t=70.5040 P=[0.1475 0.3169 0.7501] V=[0.0002 -0.0027 -0.0028] |Bas|=0.369620 |Bgs|=0.0068043 tic0=[0.1200 0.0500 -0.0200] tic1=[0.1200 -0.0500 -0.0200] td=0.00000 track=95
[E2uls] flag=1 sh_t=70.544 new_t=70.544 dP=[0.0008 -0.0023 0.0002] |dP|=0.0024 first_dt=-1.0000
time: 70.504000, t: 0.147454 0.316863 0.750097 q: 0.999724 -0.004208 -0.023097 -0.001066 
[T2xcross] t=70.6360 id=5478 est=7.0082 svd=0.1149 rel=0.9836 track=2 sf=9
[T2depth] t=70.6360 id=5481 src=stereo u=254.7 v=477.8 depth=1.5849 depth2=-1.0000 track=1 sf=10 flag=ok
[T2depth] t=70.6360 id=5484 src=stereo u=582.0 v=73.0 depth=2.7519 depth2=-1.0000 track=1 sf=10 flag=ok
[T2depth] t=70.6360 id=5486 src=stereo u=458.0 v=347.0 depth=3.4835 depth2=-1.0000 track=1 sf=10 flag=ok
[T2gate] t=70.6360 tri=26 rej=0 xrej=0 init_replace=0 gate=0
[T2slv] t=70.6360 phase=1 init_cost=519.51 final_cost=499.45 iters=9 term=1 slv_ms=16.9
[T2diag] t=70.6360 P=[0.1476 0.3180 0.7496] V=[0.0039 0.0055 -0.0018] |Bas|=0.369620 |Bgs|=0.0049008 tic0=[0.1200 0.0500 -0.0200] tic1=[0.1200 -0.0500 -0.0200] td=0.00000 track=94
[E2uls] flag=1 sh_t=70.688 new_t=70.688 dP=[0.0007 -0.0018 -0.0000] |dP|=0.0019 first_dt=-1.0000
time: 70.636000, t: 0.147635 0.318022 0.749637 q: 0.999722 -0.004640 -0.023040 -0.001626 
[T2depth] t=70.7360 id=5483 src=motion2 u=519.0 v=97.0 depth=5.0000 depth2=-1.0000 track=2 sf=9 flag=init_neg
[T2xcross] t=70.7360 id=5486 est=3.4835 svd=1.0484 rel=0.6990 track=2 sf=9
[T2gate] t=70.7360 tri=24 rej=0 xrej=0 init_replace=1 gate=0
[T2slv] t=70.7360 phase=1 init_cost=509.344 final_cost=496.493 iters=9 term=1 slv_ms=13.8
[T2diag] t=70.7360 P=[0.1477 0.3180 0.7493] V=[0.0011 0.0005 -0.0026] |Bas|=0.369620 |Bgs|=0.0043981 tic0=[0.1200 0.0500 -0.0200] tic1=[0.1200 -0.0500 -0.0200] td=0.00000 track=96
[E2uls] flag=1 sh_t=70.776 new_t=70.776 dP=[0.0013 0.0015 0.0004] |dP|=0.0020 first_dt=-1.0000
time: 70.736000, t: 0.147737 0.317969 0.749300 q: 0.999722 -0.004670 -0.023057 -0.001853 
[T2depth] t=70.8680 id=5493 src=stereo u=631.0 v=73.0 depth=2.5982 depth2=-1.0000 track=1 sf=10 flag=ok
[T2gate] t=70.8680 tri=24 rej=0 xrej=0 init_replace=0 gate=0
[T2slv] t=70.8680 phase=1 init_cost=516.919 final_cost=496.52 iters=9 term=1 slv_ms=12.2
[T2diag] t=70.8680 P=[0.1478 0.3175 0.7488] V=[0.0032 -0.0024 -0.0051] |Bas|=0.369620 |Bgs|=0.0054118 tic0=[0.1200 0.0500 -0.0200] tic1=[0.1200 -0.0500 -0.0200] td=0.00000 track=96
[E2uls] flag=1 sh_t=70.896 new_t=70.896 dP=[0.0004 0.0012 0.0001] |dP|=0.0013 first_dt=-1.0000
time: 70.868000, t: 0.147756 0.317455 0.748830 q: 0.999723 -0.004444 -0.023071 -0.001695 
[T2depth] t=71.0000 id=5495 src=stereo u=255.2 v=477.8 depth=1.5767 depth2=-1.0000 track=1 sf=10 flag=ok
[T2gate] t=71.0000 tri=24 rej=0 xrej=0 init_replace=0 gate=0
[T2slv] t=71.0000 phase=1 init_cost=504.867 final_cost=494.816 iters=9 term=1 slv_ms=13.0
[T2diag] t=71.0000 P=[0.1483 0.3181 0.7483] V=[0.0060 0.0059 -0.0040] |Bas|=0.369620 |Bgs|=0.0027389 tic0=[0.1200 0.0500 -0.0200] tic1=[0.1200 -0.0500 -0.0200] td=0.00000 track=95
[E2uls] flag=1 sh_t=71.032 new_t=71.032 dP=[0.0005 -0.0013 -0.0004] |dP|=0.0015 first_dt=-1.0000
time: 71.000000, t: 0.148305 0.318071 0.748317 q: 0.999726 -0.004465 -0.022933 -0.001537 
[T2depth] t=71.1000 id=5496 src=motion2 u=522.0 v=95.0 depth=0.2648 depth2=-1.0000 track=2 sf=9 flag=ok
[T2depth] t=71.1000 id=5497 src=stereo u=419.2 v=478.0 depth=1.5757 depth2=-1.0000 track=1 sf=10 flag=ok
[T2depth] t=71.1000 id=5499 src=stereo u=606.0 v=73.0 depth=2.7512 depth2=-1.0000 track=1 sf=10 flag=ok
[T2depth] t=71.1000 id=5500 src=stereo u=251.0 v=478.0 depth=1.5808 depth2=-1.0000 track=1 sf=10 flag=ok
[T2gate] t=71.1000 tri=25 rej=0 xrej=0 init_replace=0 gate=0
[T2slv] t=71.1000 phase=1 init_cost=503.527 final_cost=492.961 iters=9 term=1 slv_ms=12.8
[T2diag] t=71.1000 P=[0.1483 0.3182 0.7481] V=[0.0023 0.0008 -0.0008] |Bas|=0.369620 |Bgs|=0.0056409 tic0=[0.1200 0.0500 -0.0200] tic1=[0.1200 -0.0500 -0.0200] td=0.00000 track=96
[E2uls] flag=1 sh_t=71.144 new_t=71.144 dP=[0.0019 0.0010 -0.0001] |dP|=0.0021 first_dt=-1.0000
time: 71.100000, t: 0.148331 0.318164 0.748145 q: 0.999727 -0.004341 -0.022936 -0.001303 
[T2xcross] t=71.2000 id=5497 est=1.5757 svd=0.5894 rel=0.6259 track=2 sf=9
[T2depth] t=71.2000 id=5502 src=stereo u=626.0 v=72.0 depth=2.7516 depth2=-1.0000 track=1 sf=10 flag=ok
[T2depth] t=71.2000 id=5503 src=stereo u=254.0 v=478.0 depth=1.5769 depth2=-1.0000 track=1 sf=10 flag=ok
[T2gate] t=71.2000 tri=24 rej=0 xrej=0 init_replace=0 gate=0
[T2slv] t=71.2000 phase=1 init_cost=504.799 final_cost=491.949 iters=9 term=1 slv_ms=14.7
[T2diag] t=71.2000 P=[0.1486 0.3187 0.7481] V=[0.0063 0.0079 0.0014] |Bas|=0.369620 |Bgs|=0.0030750 tic0=[0.1200 0.0500 -0.0200] tic1=[0.1200 -0.0500 -0.0200] td=0.00000 track=97
[E2uls] flag=1 sh_t=71.240 new_t=71.240 dP=[0.0011 -0.0001 0.0007] |dP|=0.0012 first_dt=-1.0000
time: 71.200000, t: 0.148625 0.318710 0.748089 q: 0.999731 -0.004227 -0.022761 -0.001263 
[T2gate] t=71.3000 tri=25 rej=0 xrej=0 init_replace=0 gate=0
[T2slv] t=71.3000 phase=1 init_cost=510.309 final_cost=495.471 iters=9 term=1 slv_ms=14.9
[T2diag] t=71.3000 P=[0.1481 0.3170 0.7485] V=[-0.0033 -0.0156 0.0048] |Bas|=0.369620 |Bgs|=0.0042888 tic0=[0.1200 0.0500 -0.0200] tic1=[0.1200 -0.0500 -0.0200] td=0.00000 track=96
[E2uls] flag=1 sh_t=71.336 new_t=71.336 dP=[0.0024 0.0038 -0.0001] |dP|=0.0045 first_dt=-1.0000
time: 71.300000, t: 0.148050 0.317017 0.748516 q: 0.999725 -0.003974 -0.023097 -0.000877 
[T2xcross] t=71.4000 id=5496 est=0.2648 svd=0.6979 rel=0.6206 track=2 sf=9
[T2gate] t=71.4000 tri=25 rej=0 xrej=0 init_replace=0 gate=0
[T2slv] t=71.4000 phase=1 init_cost=513.062 final_cost=503.046 iters=9 term=1 slv_ms=19.5
[T2diag] t=71.4000 P=[0.1475 0.3162 0.7493] V=[-0.0030 -0.0083 0.0048] |Bas|=0.369620 |Bgs|=0.0046161 tic0=[0.1200 0.0500 -0.0200] tic1=[0.1200 -0.0500 -0.0200] td=0.00000 track=95
[E2uls] flag=1 sh_t=71.464 new_t=71.464 dP=[0.0010 -0.0017 -0.0004] |dP|=0.0020 first_dt=-1.0000
time: 71.400000, t: 0.147460 0.316248 0.749292 q: 0.999717 -0.004047 -0.023427 -0.000809 
[T2depth] t=71.5000 id=5514 src=stereo u=616.0 v=73.0 depth=2.5984 depth2=-1.0000 track=1 sf=10 flag=ok
[T2gate] t=71.5000 tri=23 rej=0 xrej=0 init_replace=0 gate=0
[T2slv] t=71.5000 phase=1 init_cost=519.484 final_cost=504.146 iters=9 term=1 slv_ms=10.7
[T2diag] t=71.5000 P=[0.1473 0.3165 0.7490] V=[0.0004 0.0040 -0.0045] |Bas|=0.369620 |Bgs|=0.0073945 tic0=[0.1200 0.0500 -0.0200] tic1=[0.1200 -0.0500 -0.0200] td=0.00000 track=95
[E2uls] flag=1 sh_t=71.536 new_t=71.536 dP=[0.0000 -0.0017 0.0013] |dP|=0.0022 first_dt=-1.0000
time: 71.500000, t: 0.147349 0.316484 0.748956 q: 0.999716 -0.004398 -0.023406 -0.000996 
[T2depth] t=71.6000 id=5516 src=stereo u=254.9 v=477.7 depth=1.5814 depth2=-1.0000 track=1 sf=10 flag=ok
[T2depth] t=71.6000 id=5518 src=stereo u=605.0 v=73.0 depth=2.7517 depth2=-1.0000 track=1 sf=10 flag=ok
[T2gate] t=71.6000 tri=23 rej=0 xrej=0 init_replace=0 gate=0
[T2slv] t=71.6000 phase=1 init_cost=510.555 final_cost=498.94 iters=9 term=1 slv_ms=17.7
[T2diag] t=71.6000 P=[0.1479 0.3172 0.7480] V=[0.0067 0.0034 -0.0110] |Bas|=0.369620 |Bgs|=0.0060848 tic0=[0.1200 0.0500 -0.0200] tic1=[0.1200 -0.0500 -0.0200] td=0.00000 track=95
[E2uls] flag=1 sh_t=71.648 new_t=71.648 dP=[-0.0001 0.0001 -0.0001] |dP|=0.0002 first_dt=-1.0000
time: 71.600000, t: 0.147875 0.317209 0.747966 q: 0.999719 -0.004513 -0.023245 -0.001371 
[T2depth] t=71.7000 id=5520 src=stereo u=614.0 v=73.0 depth=2.5983 depth2=-1.0000 track=1 sf=10 flag=ok
[T2depth] t=71.7000 id=5523 src=stereo u=253.0 v=478.0 depth=1.5781 depth2=-1.0000 track=1 sf=10 flag=ok
[T2gate] t=71.7000 tri=25 rej=0 xrej=0 init_replace=0 gate=0
[T2slv] t=71.7000 phase=1 init_cost=505.424 final_cost=494.544 iters=9 term=1 slv_ms=16.5
[T2diag] t=71.7000 P=[0.1482 0.3180 0.7475] V=[0.0035 0.0069 -0.0020] |Bas|=0.369620 |Bgs|=0.0071718 tic0=[0.1200 0.0500 -0.0200] tic1=[0.1200 -0.0500 -0.0200] td=0.00000 track=94
[E2uls] flag=1 sh_t=71.744 new_t=71.744 dP=[0.0010 -0.0007 -0.0011] |dP|=0.0016 first_dt=-1.0000
time: 71.700000, t: 0.148161 0.317958 0.747499 q: 0.999719 -0.004612 -0.023191 -0.001799 
[T2depth] t=71.8000 id=5522 src=motion2 u=520.0 v=96.0 depth=5.0000 depth2=-1.0000 track=2 sf=9 flag=init_neg
[T2xcross] t=71.8000 id=5523 est=1.5781 svd=0.8475 rel=0.4629 track=2 sf=9
[T2depth] t=71.8000 id=5526 src=stereo u=605.0 v=73.0 depth=2.7518 depth2=-1.0000 track=1 sf=10 flag=ok
[T2gate] t=71.8000 tri=25 rej=0 xrej=0 init_replace=1 gate=0
[T2slv] t=71.8000 phase=1 init_cost=504.649 final_cost=494.222 iters=9 term=1 slv_ms=11.4
[T2diag] t=71.8000 P=[0.1480 0.3179 0.7476] V=[-0.0011 0.0012 0.0023] |Bas|=0.369620 |Bgs|=0.0044220 tic0=[0.1200 0.0500 -0.0200] tic1=[0.1200 -0.0500 -0.0200] td=0.00000 track=96
[E2uls] flag=1 sh_t=71.840 new_t=71.840 dP=[0.0012 0.0013 -0.0000] |dP|=0.0018 first_dt=-1.0000
time: 71.800000, t: 0.147966 0.317902 0.747650 q: 0.999719 -0.004538 -0.023182 -0.001988 
[T2depth] t=71.9000 id=5528 src=stereo u=631.4 v=72.7 depth=2.5987 depth2=-1.0000 track=1 sf=10 flag=ok
[T2depth] t=71.9000 id=5531 src=stereo u=419.0 v=478.0 depth=1.5757 depth2=-1.0000 track=1 sf=10 flag=ok
[T2gate] t=71.9000 tri=25 rej=0 xrej=0 init_replace=0 gate=0
[T2slv] t=71.9000 phase=1 init_cost=504.478 final_cost=494.275 iters=9 term=1 slv_ms=16.4
[T2diag] t=71.9000 P=[0.1480 0.3185 0.7475] V=[0.0025 0.0085 -0.0010] |Bas|=0.369620 |Bgs|=0.0048848 tic0=[0.1200 0.0500 -0.0200] tic1=[0.1200 -0.0500 -0.0200] td=0.00000 track=95
[E2uls] flag=1 sh_t=71.944 new_t=71.944 dP=[0.0005 -0.0003 0.0010] |dP|=0.0012 first_dt=-1.0000
time: 71.900000, t: 0.148033 0.318499 0.747470 q: 0.999723 -0.004328 -0.023029 -0.002102 
[T2depth] t=72.0000 id=5529 src=motion2 u=517.0 v=98.0 depth=0.0970 depth2=-1.0000 track=2 sf=9 flag=ok
[T2depth] t=72.0000 id=5532 src=stereo u=593.0 v=73.0 depth=2.5988 depth2=-1.0000 track=1 sf=10 flag=ok
[T2gate] t=72.0000 tri=23 rej=0 xrej=0 init_replace=0 gate=0
[T2slv] t=72.0000 phase=1 init_cost=505.625 final_cost=494.268 iters=9 term=1 slv_ms=16.1
[T2diag] t=72.0000 P=[0.1478 0.3182 0.7477] V=[0.0005 -0.0042 0.0003] |Bas|=0.369620 |Bgs|=0.0041118 tic0=[0.1200 0.0500 -0.0200] tic1=[0.1200 -0.0500 -0.0200] td=0.00000 track=96
[E2uls] flag=1 sh_t=72.048 new_t=72.048 dP=[0.0014 0.0023 -0.0007] |dP|=0.0027 first_dt=-1.0000
time: 72.000000, t: 0.147828 0.318208 0.747685 q: 0.999723 -0.004348 -0.023064 -0.001917 
[T2depth] t=72.0720 id=5534 src=stereo u=604.0 v=73.0 depth=2.7519 depth2=-1.0000 track=1 sf=10 flag=ok
[T2gate] t=72.0720 tri=23 rej=0 xrej=0 init_replace=0 gate=0
[T2slv] t=72.0720 phase=1 init_cost=506.7 final_cost=494.317 iters=9 term=1 slv_ms=12.0
[T2diag] t=72.0720 P=[0.1479 0.3188 0.7476] V=[0.0023 0.0072 -0.0036] |Bas|=0.369620 |Bgs|=0.0051880 tic0=[0.1200 0.0500 -0.0200] tic1=[0.1200 -0.0500 -0.0200] td=0.00000 track=96
[E2uls] flag=1 sh_t=72.104 new_t=72.104 dP=[0.0001 -0.0015 0.0001] |dP|=0.0016 first_dt=-1.0000
time: 72.072000, t: 0.147895 0.318794 0.747554 q: 0.999723 -0.004426 -0.023039 -0.001913 
[T2depth] t=72.2000 id=5536 src=stereo u=419.2 v=477.8 depth=1.5715 depth2=-1.0000 track=1 sf=10 flag=ok
[T2gate] t=72.2000 tri=26 rej=0 xrej=0 init_replace=0 gate=0
[T2slv] t=72.2000 phase=1 init_cost=499.254 final_cost=489.189 iters=9 term=1 slv_ms=14.4
[T2diag] t=72.2000 P=[0.1483 0.3204 0.7473] V=[0.0086 0.0127 -0.0019] |Bas|=0.369620 |Bgs|=0.0051056 tic0=[0.1200 0.0500 -0.0200] tic1=[0.1200 -0.0500 -0.0200] td=0.00000 track=94
[E2uls] flag=1 sh_t=72.240 new_t=72.240 dP=[0.0012 -0.0007 -0.0009] |dP|=0.0016 first_dt=-1.0000
time: 72.200000, t: 0.148284 0.320422 0.747325 q: 0.999730 -0.004629 -0.022675 -0.001841 
[T2depth] t=72.3000 id=5535 src=motion2 u=518.2 v=96.9 depth=0.1622 depth2=-1.0000 track=2 sf=9 flag=ok
[T2depth] t=72.3000 id=5540 src=stereo u=591.0 v=73.0 depth=2.7516 depth2=-1.0000 track=1 sf=10 flag=ok
[T2gate] t=72.3000 tri=26 rej=0 xrej=0 init_replace=0 gate=0
[T2slv] t=72.3000 phase=1 init_cost=500.772 final_cost=487.26 iters=9 term=1 slv_ms=15.9
[T2diag] t=72.3000 P=[0.1482 0.3201 0.7476] V=[0.0002 -0.0055 0.0036] |Bas|=0.369620 |Bgs|=0.0045492 tic0=[0.1200 0.0500 -0.0200] tic1=[0.1200 -0.0500 -0.0200] td=0.00000 track=94
[E2uls] flag=1 sh_t=72.340 new_t=72.340 dP=[0.0024 0.0029 -0.0007] |dP|=0.0038 first_dt=-1.0000
time: 72.300000, t: 0.148181 0.320060 0.747619 q: 0.999726 -0.004420 -0.022959 -0.001378 
[T2depth] t=72.4000 id=5541 src=motion2 u=2.0 v=305.0 depth=5.0000 depth2=-1.0000 track=2 sf=9 flag=init_neg
[T2depth] t=72.4000 id=5542 src=stereo u=457.3 v=287.2 depth=7.3687 depth2=-1.0000 track=1 sf=10 flag=ok
[T2depth] t=72.4000 id=5543 src=stereo u=609.0 v=73.0 depth=2.7518 depth2=-1.0000 track=1 sf=10 flag=ok
[T2gate] t=72.4000 tri=24 rej=0 xrej=0 init_replace=1 gate=0
[T2slv] t=72.4000 phase=1 init_cost=505.382 final_cost=491.921 iters=9 term=1 slv_ms=17.7
[T2diag] t=72.4000 P=[0.1477 0.3195 0.7484] V=[-0.0035 -0.0040 0.0073] |Bas|=0.369620 |Bgs|=0.0052421 tic0=[0.1200 0.0500 -0.0200] tic1=[0.1200 -0.0500 -0.0200] td=0.00000 track=95
[E2uls] flag=1 sh_t=72.440 new_t=72.440 dP=[0.0011 -0.0001 -0.0005] |dP|=0.0013 first_dt=-1.0000
time: 72.400000, t: 0.147703 0.319486 0.748396 q: 0.999724 -0.004403 -0.023050 -0.001014 
[T2xcross] t=72.5000 id=5542 est=7.3687 svd=0.7895 rel=0.8929 track=2 sf=9
[T2depth] t=72.5000 id=5544 src=stereo u=590.0 v=73.0 depth=2.5988 depth2=-1.0000 track=1 sf=10 flag=ok
[T2gate] t=72.5000 tri=23 rej=0 xrej=0 init_replace=0 gate=0
[T2slv] t=72.5000 phase=1 init_cost=507.057 final_cost=495.122 iters=9 term=1 slv_ms=11.0
[T2diag] t=72.5000 P=[0.1471 0.3194 0.7491] V=[-0.0022 -0.0017 0.0036] |Bas|=0.369620 |Bgs|=0.0066171 tic0=[0.1200 0.0500 -0.0200] tic1=[0.1200 -0.0500 -0.0200] td=0.00000 track=96
[E2uls] flag=1 sh_t=72.536 new_t=72.536 dP=[0.0009 -0.0008 -0.0001] |dP|=0.0012 first_dt=-1.0000
time: 72.500000, t: 0.147100 0.319423 0.749120 q: 0.999720 -0.004532 -0.023188 -0.000901 
[T2depth] t=72.6000 id=5548 src=stereo u=459.0 v=346.9 depth=3.4715 depth2=-1.0000 track=1 sf=10 flag=ok
[T2gate] t=72.6000 tri=24 rej=0 xrej=0 init_replace=0 gate=0
[T2slv] t=72.6000 phase=1 init_cost=505.275 final_cost=495.111 iters=9 term=1 slv_ms=16.6
[T2diag] t=72.6000 P=[0.1476 0.3201 0.7491] V=[0.0062 0.0103 -0.0015] |Bas|=0.369620 |Bgs|=0.0036532 tic0=[0.1200 0.0500 -0.0200] tic1=[0.1200 -0.0500 -0.0200] td=0.00000 track=95
[E2uls] flag=1 sh_t=72.640 new_t=72.640 dP=[-0.0008 -0.0010 0.0003] |dP|=0.0013 first_dt=-1.0000
time: 72.600000, t: 0.147584 0.320094 0.749052 q: 0.999724 -0.004558 -0.023034 -0.001033 
[T2xcross] t=72.7040 id=5548 est=3.4715 svd=9.5438 rel=0.6363 track=2 sf=9
[T2depth] t=72.7040 id=5549 src=motion2 u=524.0 v=94.0 depth=5.0000 depth2=-1.0000 track=2 sf=9 flag=init_neg
[T2gate] t=72.7040 tri=22 rej=0 xrej=0 init_replace=1 gate=0
[T2slv] t=72.7040 phase=1 init_cost=504.42 final_cost=494.326 iters=9 term=1 slv_ms=15.6
[T2diag] t=72.7040 P=[0.1475 0.3200 0.7493] V=[0.0015 -0.0015 0.0021] |Bas|=0.369620 |Bgs|=0.0009442 tic0=[0.1200 0.0500 -0.0200] tic1=[0.1200 -0.0500 -0.0200] td=0.00000 track=97
[E2uls] flag=1 sh_t=72.744 new_t=72.744 dP=[0.0022 0.0025 -0.0008] |dP|=0.0035 first_dt=-1.0000
time: 72.704000, t: 0.147487 0.319982 0.749314 q: 0.999724 -0.004432 -0.023024 -0.001118 
[T2gate] t=72.8360 tri=26 rej=0 xrej=0 init_replace=0 gate=0
[T2slv] t=72.8360 phase=1 init_cost=510.682 final_cost=497.449 iters=9 term=1 slv_ms=16.7
[T2diag] t=72.8360 P=[0.1475 0.3192 0.7499] V=[0.0042 -0.0055 0.0035] |Bas|=0.369620 |Bgs|=0.0084461 tic0=[0.1200 0.0500 -0.0200] tic1=[0.1200 -0.0500 -0.0200] td=0.00000 track=95
[E2uls] flag=1 sh_t=72.888 new_t=72.888 dP=[0.0014 0.0011 -0.0002] |dP|=0.0017 first_dt=-1.0000
time: 72.836000, t: 0.147545 0.319231 0.749943 q: 0.999725 -0.003715 -0.023130 -0.001073 
[T2depth] t=72.9360 id=5551 src=motion2 u=490.0 v=158.0 depth=0.0197 depth2=-1.0000 track=2 sf=9 flag=ok
[T2gate] t=72.9360 tri=30 rej=0 xrej=0 init_replace=0 gate=0
[T2slv] t=72.9360 phase=1 init_cost=511.636 final_cost=501.253 iters=9 term=1 slv_ms=13.4
[T2diag] t=72.9360 P=[0.1471 0.3189 0.7504] V=[-0.0014 -0.0008 0.0037] |Bas|=0.369620 |Bgs|=0.0023134 tic0=[0.1200 0.0500 -0.0200] tic1=[0.1200 -0.0500 -0.0200] td=0.00000 track=95
[E2uls] flag=1 sh_t=72.968 new_t=72.968 dP=[0.0019 -0.0007 0.0001] |dP|=0.0020 first_dt=-1.0000
time: 72.936000, t: 0.147128 0.318867 0.750385 q: 0.999723 -0.003682 -0.023223 -0.001001 
[T2depth] t=73.0680 id=5556 src=motion2 u=520.0 v=97.0 depth=0.0876 depth2=-1.0000 track=2 sf=9 flag=ok
[T2depth] t=73.0680 id=5560 src=motion2 u=4.0 v=288.0 depth=0.6433 depth2=-1.0000 track=2 sf=9 flag=ok
[T2gate] t=73.0680 tri=27 rej=0 xrej=0 init_replace=0 gate=0
[T2slv] t=73.0680 phase=1 init_cost=513.593 final_cost=501.809 iters=9 term=1 slv_ms=15.7
[T2diag] t=73.0680 P=[0.1468 0.3188 0.7506] V=[0.0016 -0.0024 -0.0007] |Bas|=0.369620 |Bgs|=0.0041448 tic0=[0.1200 0.0500 -0.0200] tic1=[0.1200 -0.0500 -0.0200] td=0.00000 track=95
[E2uls] flag=1 sh_t=73.108 new_t=73.108 dP=[0.0014 -0.0001 0.0004] |dP|=0.0015 first_dt=-1.0000
time: 73.068000, t: 0.146771 0.318815 0.750589 q: 0.999718 -0.004111 -0.023352 -0.001089 
[T2depth] t=73.2000 id=5568 src=stereo u=624.0 v=74.0 depth=2.7516 depth2=-1.0000 track=1 sf=10 flag=ok
[T2depth] t=73.2000 id=5569 src=stereo u=457.0 v=284.0 depth=7.7630 depth2=-1.0000 track=1 sf=10 flag=ok
[T2gate] t=73.2000 tri=26 rej=0 xrej=0 init_replace=0 gate=0
[T2slv] t=73.2000 phase=1 init_cost=517.359 final_cost=500.737 iters=9 term=1 slv_ms=17.0
[T2diag] t=73.2000 P=[0.1467 0.3189 0.7504] V=[0.0037 -0.0006 -0.0033] |Bas|=0.369620 |Bgs|=0.0054894 tic0=[0.1200 0.0500 -0.0200] tic1=[0.1200 -0.0500 -0.0200] td=0.00000 track=93
[E2uls] flag=1 sh_t=73.236 new_t=73.236 dP=[0.0013 -0.0008 0.0001] |dP|=0.0015 first_dt=-1.0000
time: 73.200000, t: 0.146717 0.318885 0.750362 q: 0.999717 -0.004189 -0.023372 -0.001308 
[T2xcross] t=73.3000 id=5569 est=7.7630 svd=0.0868 rel=0.9888 track=2 sf=9
[T2depth] t=73.3000 id=5570 src=motion2 u=3.0 v=291.0 depth=0.7357 depth2=-1.0000 track=2 sf=9 flag=ok
[T2gate] t=73.3000 tri=23 rej=0 xrej=0 init_replace=0 gate=0
[T2slv] t=73.3000 phase=1 init_cost=508.043 final_cost=498.517 iters=9 term=1 slv_ms=11.2
[T2diag] t=73.3000 P=[0.1470 0.3191 0.7495] V=[0.0060 0.0034 -0.0076] |Bas|=0.369620 |Bgs|=0.0021467 tic0=[0.1200 0.0500 -0.0200] tic1=[0.1200 -0.0500 -0.0200] td=0.00000 track=95
[E2uls] flag=1 sh_t=73.336 new_t=73.336 dP=[0.0014 -0.0005 0.0009] |dP|=0.0017 first_dt=-1.0000
time: 73.300000, t: 0.146999 0.319115 0.749544 q: 0.999721 -0.004068 -0.023232 -0.001552 
[T2gate] t=73.3720 tri=24 rej=0 xrej=0 init_replace=0 gate=0
[T2slv] t=73.3720 phase=1 init_cost=509.112 final_cost=497.82 iters=9 term=1 slv_ms=13.9
[T2diag] t=73.3720 P=[0.1465 0.3190 0.7496] V=[-0.0054 -0.0021 0.0018] |Bas|=0.369620 |Bgs|=0.0077508 tic0=[0.1200 0.0500 -0.0200] tic1=[0.1200 -0.0500 -0.0200] td=0.00000 track=94
[E2uls] flag=1 sh_t=73.408 new_t=73.408 dP=[0.0018 0.0007 -0.0012] |dP|=0.0023 first_dt=-1.0000
time: 73.372000, t: 0.146524 0.318986 0.749625 q: 0.999717 -0.004194 -0.023371 -0.001650 
[T2depth] t=73.5000 id=5578 src=motion2 u=517.0 v=99.0 depth=0.1508 depth2=-1.0000 track=2 sf=9 flag=ok
[T2depth] t=73.5000 id=5579 src=stereo u=608.0 v=74.0 depth=2.5989 depth2=-1.0000 track=1 sf=10 flag=ok
[T2gate] t=73.5000 tri=25 rej=0 xrej=0 init_replace=0 gate=0
[T2slv] t=73.5000 phase=1 init_cost=523.726 final_cost=499.054 iters=9 term=1 slv_ms=14.9
[T2diag] t=73.5000 P=[0.1460 0.3188 0.7494] V=[-0.0028 0.0001 -0.0006] |Bas|=0.369620 |Bgs|=0.0020425 tic0=[0.1200 0.0500 -0.0200] tic1=[0.1200 -0.0500 -0.0200] td=0.00000 track=95
[E2uls] flag=1 sh_t=73.536 new_t=73.536 dP=[-0.0003 0.0002 0.0010] |dP|=0.0010 first_dt=-1.0000
time: 73.500000, t: 0.146022 0.318804 0.749438 q: 0.999713 -0.004648 -0.023455 -0.001666 
[T2depth] t=73.6000 id=5582 src=stereo u=631.0 v=73.0 depth=2.5984 depth2=-1.0000 track=1 sf=10 flag=ok
[T2depth] t=73.6000 id=5584 src=stereo u=353.0 v=287.0 depth=7.4860 depth2=-1.0000 track=1 sf=10 flag=ok
[T2gate] t=73.6000 tri=25 rej=0 xrej=0 init_replace=0 gate=0
[T2slv] t=73.6000 phase=1 init_cost=508.538 final_cost=497.408 iters=9 term=1 slv_ms=16.3
[T2diag] t=73.6000 P=[0.1461 0.3192 0.7488] V=[0.0033 0.0040 -0.0093] |Bas|=0.369620 |Bgs|=0.0105569 tic0=[0.1200 0.0500 -0.0200] tic1=[0.1200 -0.0500 -0.0200] td=0.00000 track=93
[E2uls] flag=1 sh_t=73.636 new_t=73.636 dP=[0.0002 -0.0001 0.0006] |dP|=0.0006 first_dt=-1.0000
time: 73.600000, t: 0.146076 0.319225 0.748750 q: 0.999720 -0.004321 -0.023220 -0.001655 
[T2depth] t=73.7000 id=5583 src=motion2 u=521.0 v=96.0 depth=5.0000 depth2=-1.0000 track=2 sf=9 flag=init_neg
[T2depth] t=73.7000 id=5588 src=stereo u=597.0 v=73.0 depth=2.5986 depth2=-1.0000 track=1 sf=10 flag=ok
[T2depth] t=73.7000 id=5589 src=stereo u=253.0 v=478.0 depth=1.5811 depth2=-1.0000 track=1 sf=10 flag=ok
[T2gate] t=73.7000 tri=24 rej=0 xrej=0 init_replace=1 gate=0
[T2slv] t=73.7000 phase=1 init_cost=510.894 final_cost=495.984 iters=9 term=1 slv_ms=17.2
[T2diag] t=73.7000 P=[0.1460 0.3194 0.7483] V=[0.0006 0.0007 -0.0027] |Bas|=0.369620 |Bgs|=0.0079496 tic0=[0.1200 0.0500 -0.0200] tic1=[0.1200 -0.0500 -0.0200] td=0.00000 track=94
[E2uls] flag=1 sh_t=73.744 new_t=73.744 dP=[0.0014 0.0006 -0.0008] |dP|=0.0017 first_dt=-1.0000
time: 73.700000, t: 0.145987 0.319425 0.748296 q: 0.999721 -0.004187 -0.023205 -0.001633 
[T2xcross] t=73.8040 id=5584 est=7.4860 svd=0.0828 rel=0.9889 track=2 sf=9
[T2gate] t=73.8040 tri=22 rej=0 xrej=0 init_replace=0 gate=0
[T2slv] t=73.8040 phase=1 init_cost=509.392 final_cost=497.486 iters=9 term=1 slv_ms=16.0
[T2diag] t=73.8040 P=[0.1456 0.3191 0.7484] V=[0.0008 -0.0027 0.0006] |Bas|=0.369620 |Bgs|=0.0081219 tic0=[0.1200 0.0500 -0.0200] tic1=[0.1200 -0.0500 -0.0200] td=0.00000 track=95
[E2uls] flag=1 sh_t=73.848 new_t=73.848 dP=[0.0016 0.0005 -0.0005] |dP|=0.0017 first_dt=-1.0000
time: 73.804000, t: 0.145608 0.319058 0.748443 q: 0.999724 -0.003910 -0.023133 -0.001514 
[T2gate] t=73.9360 tri=24 rej=0 xrej=0 init_replace=0 gate=0
[T2slv] t=73.9360 phase=1 init_cost=510.801 final_cost=498.275 iters=9 term=1 slv_ms=16.1
[T2diag] t=73.9360 P=[0.1450 0.3190 0.7485] V=[-0.0024 0.0007 -0.0008] |Bas|=0.369620 |Bgs|=0.0022687 tic0=[0.1200 0.0500 -0.0200] tic1=[0.1200 -0.0500 -0.0200] td=0.00000 track=94
[E2uls] flag=1 sh_t=73.984 new_t=73.984 dP=[0.0020 -0.0005 -0.0004] |dP|=0.0021 first_dt=-1.0000
time: 73.936000, t: 0.145018 0.319006 0.748470 q: 0.999723 -0.003928 -0.023144 -0.001424 
[T2xcross] t=74.0360 id=5589 est=1.5811 svd=0.6529 rel=0.5871 track=2 sf=9
[T2depth] t=74.0360 id=5592 src=motion2 u=2.5 v=287.7 depth=0.0521 depth2=-1.0000 track=2 sf=9 flag=ok
[T2depth] t=74.0360 id=5596 src=stereo u=613.0 v=73.0 depth=2.5987 depth2=-1.0000 track=1 sf=10 flag=ok
[T2depth] t=74.0360 id=5599 src=stereo u=420.0 v=478.0 depth=1.5787 depth2=-1.0000 track=1 sf=10 flag=ok
[T2gate] t=74.0360 tri=27 rej=0 xrej=0 init_replace=0 gate=0
[T2slv] t=74.0360 phase=1 init_cost=506.177 final_cost=496.815 iters=9 term=1 slv_ms=13.5
[T2diag] t=74.0360 P=[0.1449 0.3192 0.7484] V=[0.0045 0.0008 0.0003] |Bas|=0.369620 |Bgs|=0.0007824 tic0=[0.1200 0.0500 -0.0200] tic1=[0.1200 -0.0500 -0.0200] td=0.00000 track=94
[E2uls] flag=1 sh_t=74.068 new_t=74.068 dP=[0.0005 -0.0005 0.0000] |dP|=0.0007 first_dt=-1.0000
time: 74.036000, t: 0.144882 0.319159 0.748416 q: 0.999723 -0.004122 -0.023115 -0.001465 
[T2depth] t=74.1360 id=5597 src=motion2 u=518.0 v=98.0 depth=0.0321 depth2=-1.0000 track=2 sf=9 flag=ok
[T2depth] t=74.1360 id=5602 src=stereo u=618.0 v=73.0 depth=2.7511 depth2=-1.0000 track=1 sf=10 flag=ok
[T2gate] t=74.1360 tri=25 rej=0 xrej=0 init_replace=0 gate=0
[T2slv] t=74.1360 phase=1 init_cost=511.177 final_cost=494.835 iters=9 term=1 slv_ms=13.2
[T2diag] t=74.1360 P=[0.1446 0.3195 0.7484] V=[0.0025 0.0029 -0.0003] |Bas|=0.369620 |Bgs|=0.0118030 tic0=[0.1200 0.0500 -0.0200] tic1=[0.1200 -0.0500 -0.0200] td=0.00000 track=95
[E2uls] flag=1 sh_t=74.168 new_t=74.168 dP=[0.0018 -0.0004 0.0002] |dP|=0.0019 first_dt=-1.0000
time: 74.136000, t: 0.144600 0.319506 0.748373 q: 0.999721 -0.004511 -0.023108 -0.001646 
[T2depth] t=74.2360 id=5601 src=motion2 u=2.9 v=305.0 depth=5.0000 depth2=-1.0000 track=2 sf=9 flag=init_neg
[T2depth] t=74.2360 id=5603 src=stereo u=608.0 v=74.0 depth=2.5987 depth2=-1.0000 track=1 sf=10 flag=ok
[T2depth] t=74.2360 id=5604 src=stereo u=456.0 v=283.0 depth=7.7386 depth2=-1.0000 track=1 sf=10 flag=ok
[T2gate] t=74.2360 tri=25 rej=0 xrej=0 init_replace=1 gate=0
[T2slv] t=74.2360 phase=1 init_cost=514.837 final_cost=496.444 iters=9 term=1 slv_ms=13.8
[T2diag] t=74.2360 P=[0.1436 0.3184 0.7491] V=[-0.0081 -0.0131 0.0068] |Bas|=0.369620 |Bgs|=0.0052846 tic0=[0.1200 0.0500 -0.0200] tic1=[0.1200 -0.0500 -0.0200] td=0.00000 track=95
[E2uls] flag=1 sh_t=74.272 new_t=74.272 dP=[0.0022 0.0018 -0.0013] |dP|=0.0031 first_dt=-1.0000
time: 74.236000, t: 0.143643 0.318428 0.749081 q: 0.999718 -0.004196 -0.023325 -0.001672 
[T2xcross] t=74.3360 id=5597 est=0.0321 svd=0.4323 rel=0.9258 track=2 sf=9
[T2depth] t=74.3360 id=5608 src=stereo u=251.0 v=478.0 depth=1.5846 depth2=-1.0000 track=1 sf=10 flag=ok
[T2gate] t=74.3360 tri=23 rej=0 xrej=0 init_replace=0 gate=0
[T2slv] t=74.3360 phase=1 init_cost=510.391 final_cost=497.853 iters=9 term=1 slv_ms=13.5
[T2diag] t=74.3360 P=[0.1435 0.3182 0.7489] V=[0.0016 0.0039 -0.0039] |Bas|=0.369620 |Bgs|=0.0051941 tic0=[0.1200 0.0500 -0.0200] tic1=[0.1200 -0.0500 -0.0200] td=0.00000 track=95
[E2uls] flag=1 sh_t=74.376 new_t=74.376 dP=[-0.0009 -0.0023 0.0009] |dP|=0.0026 first_dt=-1.0000
time: 74.336000, t: 0.143548 0.318209 0.748852 q: 0.999720 -0.004223 -0.023186 -0.001880 
[T2depth] t=74.4360 id=5610 src=stereo u=636.8 v=72.7 depth=2.9238 depth2=-1.0000 track=1 sf=10 flag=ok
[T2depth] t=74.4360 id=5611 src=stereo u=253.0 v=477.0 depth=1.5805 depth2=-1.0000 track=1 sf=10 flag=ok
[T2depth] t=74.4360 id=5612 src=stereo u=245.0 v=286.0 depth=7.4836 depth2=-1.0000 track=1 sf=10 flag=ok
[T2gate] t=74.4360 tri=24 rej=0 xrej=0 init_replace=0 gate=0
[T2slv] t=74.4360 phase=1 init_cost=504.986 final_cost=494.15 iters=9 term=1 slv_ms=12.8
[T2diag] t=74.4360 P=[0.1437 0.3189 0.7491] V=[0.0063 0.0018 0.0056] |Bas|=0.369620 |Bgs|=0.0059771 tic0=[0.1200 0.0500 -0.0200] tic1=[0.1200 -0.0500 -0.0200] td=0.00000 track=93
[E2uls] flag=1 sh_t=74.472 new_t=74.472 dP=[0.0010 -0.0001 -0.0011] |dP|=0.0015 first_dt=-1.0000
time: 74.436000, t: 0.143694 0.318898 0.749140 q: 0.999736 -0.004675 -0.022411 -0.002111 
[T2xcross] t=74.5360 id=5611 est=1.5805 svd=0.7210 rel=0.5438 track=2 sf=9
[T2xcross] t=74.5360 id=5612 est=7.4836 svd=0.6535 rel=0.9127 track=2 sf=9
[T2depth] t=74.5360 id=5613 src=stereo u=415.1 v=478.2 depth=1.5732 depth2=-1.0000 track=1 sf=10 flag=ok
[T2depth] t=74.5360 id=5615 src=stereo u=221.0 v=306.0 depth=5.5814 depth2=-1.0000 track=1 sf=10 flag=ok
[T2depth] t=74.5360 id=5616 src=stereo u=457.0 v=287.0 depth=7.3578 depth2=-1.0000 track=1 sf=10 flag=ok
[T2gate] t=74.5360 tri=24 rej=0 xrej=0 init_replace=0 gate=0
[T2slv] t=74.5360 phase=1 init_cost=504.141 final_cost=490.496 iters=9 term=1 slv_ms=12.7
[T2diag] t=74.5360 P=[0.1434 0.3183 0.7497] V=[-0.0002 -0.0040 0.0065] |Bas|=0.369620 |Bgs|=0.0031405 tic0=[0.1200 0.0500 -0.0200] tic1=[0.1200 -0.0500 -0.0200] td=0.00000 track=95
[E2uls] flag=1 sh_t=74.568 new_t=74.568 dP=[0.0021 0.0011 0.0005] |dP|=0.0024 first_dt=-1.0000
time: 74.536000, t: 0.143357 0.318323 0.749651 q: 0.999738 -0.004520 -0.022352 -0.001946 
[T2xcross] t=74.6360 id=5616 est=7.3578 svd=0.1852 rel=0.9748 track=2 sf=9
[T2depth] t=74.6360 id=5618 src=stereo u=298.1 v=283.0 depth=7.6228 depth2=-1.0000 track=1 sf=10 flag=ok
[T2depth] t=74.6360 id=5619 src=stereo u=419.0 v=478.0 depth=1.5776 depth2=-1.0000 track=1 sf=10 flag=ok
[T2gate] t=74.6360 tri=24 rej=0 xrej=0 init_replace=0 gate=0
[T2slv] t=74.6360 phase=1 init_cost=506.65 final_cost=492.463 iters=9 term=1 slv_ms=13.0
[T2diag] t=74.6360 P=[0.1428 0.3175 0.7504] V=[-0.0024 -0.0074 0.0070] |Bas|=0.369620 |Bgs|=0.0045067 tic0=[0.1200 0.0500 -0.0200] tic1=[0.1200 -0.0500 -0.0200] td=0.00000 track=93
[E2uls] flag=1 sh_t=74.668 new_t=74.668 dP=[0.0013 0.0002 0.0000] |dP|=0.0014 first_dt=-1.0000
time: 74.636000, t: 0.142794 0.317530 0.750376 q: 0.999736 -0.004457 -0.022500 -0.001611 
[T2xcross] t=74.7360 id=5619 est=1.5776 svd=1.4265 rel=0.0957 track=2 sf=9
[T2depth] t=74.7360 id=5623 src=stereo u=254.0 v=478.0 depth=1.5816 depth2=-1.0000 track=1 sf=10 flag=ok
[T2depth] t=74.7360 id=5625 src=stereo u=606.0 v=73.0 depth=2.5989 depth2=-1.0000 track=1 sf=10 flag=ok
[T2gate] t=74.7360 tri=26 rej=0 xrej=0 init_replace=0 gate=0
[T2slv] t=74.7360 phase=1 init_cost=504.336 final_cost=494.89 iters=9 term=1 slv_ms=11.8
[T2diag] t=74.7360 P=[0.1424 0.3172 0.7508] V=[0.0016 -0.0013 0.0015] |Bas|=0.369620 |Bgs|=0.0032614 tic0=[0.1200 0.0500 -0.0200] tic1=[0.1200 -0.0500 -0.0200] td=0.00000 track=93
[E2uls] flag=1 sh_t=74.768 new_t=74.768 dP=[0.0010 -0.0003 0.0004] |dP|=0.0011 first_dt=-1.0000
time: 74.736000, t: 0.142443 0.317232 0.750798 q: 0.999734 -0.004530 -0.022572 -0.001402 
[T2xcross] t=74.8400 id=5623 est=1.5816 svd=8.2442 rel=0.8082 track=2 sf=9
[T2depth] t=74.8400 id=5630 src=stereo u=617.0 v=73.0 depth=2.7510 depth2=-1.0000 track=1 sf=10 flag=ok
[T2depth] t=74.8400 id=5632 src=stereo u=222.0 v=306.0 depth=5.6555 depth2=-1.0000 track=1 sf=10 flag=ok
[T2depth] t=74.8400 id=5633 src=stereo u=318.0 v=283.0 depth=7.9878 depth2=-1.0000 track=1 sf=10 flag=ok
[T2gate] t=74.8400 tri=30 rej=0 xrej=0 init_replace=0 gate=0
[T2slv] t=74.8400 phase=1 init_cost=502.978 final_cost=493.641 iters=9 term=1 slv_ms=13.1
[T2diag] t=74.8400 P=[0.1428 0.3176 0.7504] V=[0.0053 0.0052 -0.0054] |Bas|=0.369620 |Bgs|=0.0061108 tic0=[0.1200 0.0500 -0.0200] tic1=[0.1200 -0.0500 -0.0200] td=0.00000 track=93
[E2uls] flag=1 sh_t=74.880 new_t=74.880 dP=[0.0006 -0.0001 0.0004] |dP|=0.0007 first_dt=-1.0000
time: 74.840000, t: 0.142816 0.317579 0.750376 q: 0.999737 -0.004450 -0.022426 -0.001509 
[T2xcross] t=74.9680 id=5632 est=5.6555 svd=1.6107 rel=0.7152 track=2 sf=9
[T2xcross] t=74.9680 id=5633 est=7.9878 svd=2.9725 rel=0.6279 track=2 sf=9
[T2depth] t=74.9680 id=5638 src=stereo u=628.0 v=73.0 depth=2.7515 depth2=-1.0000 track=1 sf=10 flag=ok
[T2depth] t=74.9680 id=5640 src=stereo u=457.0 v=283.0 depth=7.6778 depth2=-1.0000 track=1 sf=10 flag=ok
[T2gate] t=74.9680 tri=29 rej=0 xrej=0 init_replace=0 gate=0
[T2slv] t=74.9680 phase=1 init_cost=501.472 final_cost=490.707 iters=9 term=1 slv_ms=14.5
[T2diag] t=74.9680 P=[0.1434 0.3180 0.7494] V=[0.0072 0.0022 -0.0108] |Bas|=0.369620 |Bgs|=0.0036985 tic0=[0.1200 0.0500 -0.0200] tic1=[0.1200 -0.0500 -0.0200] td=0.00000 track=95
[E2uls] flag=1 sh_t=75.004 new_t=75.004 dP=[0.0013 0.0006 -0.0008] |dP|=0.0016 first_dt=-1.0000
time: 74.968000, t: 0.143394 0.318028 0.749416 q: 0.999739 -0.004321 -0.022328 -0.001951 
[T2depth] t=75.1000 id=5639 src=motion2 u=521.0 v=95.0 depth=5.0000 depth2=-1.0000 track=2 sf=9 flag=init_neg
[T2gate] t=75.1000 tri=25 rej=0 xrej=0 init_replace=1 gate=0
[T2slv] t=75.1000 phase=1 init_cost=498.968 final_cost=489.664 iters=9 term=1 slv_ms=14.9
[T2diag] t=75.1000 P=[0.1443 0.3181 0.7479] V=[0.0097 0.0046 -0.0135] |Bas|=0.369620 |Bgs|=0.0030455 tic0=[0.1200 0.0500 -0.0200] tic1=[0.1200 -0.0500 -0.0200] td=0.00000 track=96
[E2uls] flag=1 sh_t=75.140 new_t=75.140 dP=[0.0017 0.0009 -0.0009] |dP|=0.0021 first_dt=-1.0000
time: 75.100000, t: 0.144270 0.318074 0.747942 q: 0.999740 -0.004165 -0.022281 -0.002351 
[T2depth] t=75.1720 id=5651 src=stereo u=450.0 v=478.0 depth=1.5740 depth2=-1.0000 track=1 sf=10 flag=ok
[T2depth] t=75.1720 id=5653 src=stereo u=81.0 v=478.0 depth=1.5786 depth2=-1.0000 track=1 sf=10 flag=ok
[T2depth] t=75.1720 id=5654 src=stereo u=585.0 v=72.0 depth=2.5988 depth2=-1.0000 track=1 sf=10 flag=ok
[T2gate] t=75.1720 tri=28 rej=0 xrej=0 init_replace=0 gate=0
[T2slv] t=75.1720 phase=1 init_cost=499.126 final_cost=488.243 iters=9 term=1 slv_ms=13.5
[T2diag] t=75.1720 P=[0.1453 0.3182 0.7465] V=[0.0170 0.0023 -0.0214] |Bas|=0.369620 |Bgs|=0.0049837 tic0=[0.1200 0.0500 -0.0200] tic1=[0.1200 -0.0500 -0.0200] td=0.00000 track=94
[E2uls] flag=1 sh_t=75.200 new_t=75.200 dP=[0.0002 0.0005 -0.0002] |dP|=0.0006 first_dt=-1.0000
time: 75.172000, t: 0.145332 0.318210 0.746457 q: 0.999741 -0.004203 -0.022242 -0.002491 
[T2depth] t=75.3000 id=5652 src=motion2 u=512.0 v=100.0 depth=5.0000 depth2=-1.0000 track=2 sf=9 flag=init_neg
[T2depth] t=75.3000 id=5655 src=stereo u=82.0 v=478.0 depth=1.5734 depth2=-1.0000 track=1 sf=10 flag=ok
[T2depth] t=75.3000 id=5656 src=stereo u=603.0 v=72.0 depth=2.7517 depth2=-1.0000 track=1 sf=10 flag=ok
[T2gate] t=75.3000 tri=25 rej=0 xrej=0 init_replace=1 gate=0
[T2slv] t=75.3000 phase=1 init_cost=509.596 final_cost=486.142 iters=9 term=1 slv_ms=10.8
[T2diag] t=75.3000 P=[0.1466 0.3186 0.7440] V=[0.0170 0.0026 -0.0204] |Bas|=0.369620 |Bgs|=0.0051105 tic0=[0.1200 0.0500 -0.0200] tic1=[0.1200 -0.0500 -0.0200] td=0.00000 track=94
[E2uls] flag=1 sh_t=75.340 new_t=75.340 dP=[0.0036 0.0003 -0.0022] |dP|=0.0043 first_dt=-1.0000
time: 75.300000, t: 0.146620 0.318645 0.743995 q: 0.999738 -0.004409 -0.022299 -0.002570 
[T2xcross] t=75.4000 id=5651 est=1.5740 svd=1.0549 rel=0.3298 track=2 sf=9
[T2xcross] t=75.4000 id=5655 est=1.5734 svd=0.7065 rel=0.5509 track=2 sf=9
[T2depth] t=75.4000 id=5658 src=stereo u=417.0 v=477.0 depth=1.5659 depth2=-1.0000 track=1 sf=10 flag=ok
[T2depth] t=75.4000 id=5661 src=stereo u=220.0 v=305.0 depth=5.7385 depth2=-1.0000 track=1 sf=10 flag=ok
[T2gate] t=75.4000 tri=26 rej=0 xrej=0 init_replace=0 gate=0
[T2slv] t=75.4000 phase=1 init_cost=496.621 final_cost=483.189 iters=9 term=1 slv_ms=10.7
[T2diag] t=75.4000 P=[0.1481 0.3192 0.7418] V=[0.0193 0.0041 -0.0254] |Bas|=0.369620 |Bgs|=0.0058799 tic0=[0.1200 0.0500 -0.0200] tic1=[0.1200 -0.0500 -0.0200] td=0.00000 track=94
[E2uls] flag=1 sh_t=75.440 new_t=75.440 dP=[0.0021 -0.0005 -0.0015] |dP|=0.0026 first_dt=-1.0000
time: 75.400000, t: 0.148054 0.319246 0.741790 q: 0.999737 -0.004549 -0.022315 -0.002628 
[T2depth] t=75.5000 id=5657 src=motion2 u=516.9 v=96.1 depth=5.0000 depth2=-1.0000 track=2 sf=9 flag=init_neg
[T2xcross] t=75.5000 id=5658 est=1.5659 svd=3.7394 rel=0.5813 track=2 sf=9
[T2depth] t=75.5000 id=5665 src=stereo u=321.0 v=284.0 depth=7.6937 depth2=-1.0000 track=1 sf=10 flag=ok
[T2gate] t=75.5000 tri=26 rej=0 xrej=0 init_replace=1 gate=0
[T2slv] t=75.5000 phase=1 init_cost=495.038 final_cost=483.336 iters=9 term=1 slv_ms=10.3
[T2diag] t=75.5000 P=[0.1485 0.3191 0.7404] V=[0.0060 -0.0004 -0.0093] |Bas|=0.369620 |Bgs|=0.0031490 tic0=[0.1200 0.0500 -0.0200] tic1=[0.1200 -0.0500 -0.0200] td=0.00000 track=96
[E2uls] flag=1 sh_t=75.532 new_t=75.532 dP=[0.0029 0.0010 -0.0013] |dP|=0.0033 first_dt=-1.0000
time: 75.500000, t: 0.148531 0.319066 0.740362 q: 0.999726 -0.004591 -0.022836 -0.002430 
[T2depth] t=75.6000 id=5667 src=stereo u=630.0 v=72.0 depth=2.7513 depth2=-1.0000 track=1 sf=10 flag=ok
[T2depth] t=75.6000 id=5668 src=stereo u=321.0 v=283.0 depth=7.8900 depth2=-1.0000 track=1 sf=10 flag=ok
[T2gate] t=75.6000 tri=26 rej=0 xrej=0 init_replace=0 gate=0
[T2slv] t=75.6000 phase=1 init_cost=498.242 final_cost=487.111 iters=9 term=1 slv_ms=15.3
[T2diag] t=75.6000 P=[0.1488 0.3174 0.7404] V=[0.0051 -0.0140 0.0028] |Bas|=0.369620 |Bgs|=0.0049557 tic0=[0.1200 0.0500 -0.0200] tic1=[0.1200 -0.0500 -0.0200] td=0.00000 track=95
[E2uls] flag=1 sh_t=75.644 new_t=75.644 dP=[0.0011 0.0026 -0.0008] |dP|=0.0030 first_dt=-1.0000
time: 75.600000, t: 0.148817 0.317368 0.740379 q: 0.999714 -0.004705 -0.023385 -0.001813 
[T2xcross] t=75.7040 id=5668 est=7.8900 svd=1.3931 rel=0.8234 track=2 sf=9
[T2depth] t=75.7040 id=5669 src=motion2 u=2.0 v=305.0 depth=5.0000 depth2=-1.0000 track=2 sf=9 flag=init_neg
[T2depth] t=75.7040 id=5671 src=stereo u=451.3 v=478.1 depth=1.5685 depth2=-1.0000 track=1 sf=10 flag=ok
[T2depth] t=75.7040 id=5672 src=stereo u=81.2 v=478.1 depth=1.5716 depth2=-1.0000 track=1 sf=10 flag=ok
[T2gate] t=75.7040 tri=26 rej=0 xrej=0 init_replace=1 gate=0
[T2slv] t=75.7040 phase=1 init_cost=502.743 final_cost=492.482 iters=9 term=1 slv_ms=10.5
[T2diag] t=75.7040 P=[0.1492 0.3161 0.7405] V=[0.0059 -0.0094 -0.0014] |Bas|=0.369620 |Bgs|=0.0063276 tic0=[0.1200 0.0500 -0.0200] tic1=[0.1200 -0.0500 -0.0200] td=0.00000 track=95
[E2uls] flag=1 sh_t=75.740 new_t=75.740 dP=[0.0007 -0.0007 0.0002] |dP|=0.0010 first_dt=-1.0000
time: 75.704000, t: 0.149198 0.316064 0.740537 q: 0.999712 -0.004439 -0.023561 -0.001289 
[T2xcross] t=75.8360 id=5671 est=1.5685 svd=0.5753 rel=0.6332 track=2 sf=9
[T2xcross] t=75.8360 id=5672 est=1.5716 svd=0.6802 rel=0.5672 track=2 sf=9
[T2depth] t=75.8360 id=5675 src=stereo u=585.0 v=72.0 depth=2.7512 depth2=-1.0000 track=1 sf=10 flag=ok
[T2depth] t=75.8360 id=5676 src=stereo u=222.0 v=306.0 depth=5.6421 depth2=-1.0000 track=1 sf=10 flag=ok
[T2gate] t=75.8360 tri=25 rej=0 xrej=0 init_replace=0 gate=0
[T2slv] t=75.8360 phase=1 init_cost=511.842 final_cost=492.786 iters=9 term=1 slv_ms=15.8
[T2diag] t=75.8360 P=[0.1507 0.3169 0.7399] V=[0.0126 0.0042 -0.0043] |Bas|=0.369620 |Bgs|=0.0064408 tic0=[0.1200 0.0500 -0.0200] tic1=[0.1200 -0.0500 -0.0200] td=0.00000 track=96
[E2uls] flag=1 sh_t=75.876 new_t=75.876 dP=[-0.0004 -0.0031 0.0010] |dP|=0.0033 first_dt=-1.0000
time: 75.836000, t: 0.150741 0.316866 0.739862 q: 0.999716 -0.004681 -0.023342 -0.001400 
[T2xcross] t=75.9400 id=5675 est=2.7512 svd=0.0474 rel=0.9828 track=2 sf=9
[T2xcross] t=75.9400 id=5676 est=5.6421 svd=0.8064 rel=0.8571 track=2 sf=9
[T2depth] t=75.9400 id=5681 src=stereo u=81.0 v=478.0 depth=1.5692 depth2=-1.0000 track=1 sf=10 flag=ok
[T2gate] t=75.9400 tri=27 rej=0 xrej=0 init_replace=0 gate=0
[T2slv] t=75.9400 phase=1 init_cost=497.055 final_cost=487.048 iters=9 term=1 slv_ms=10.3
[T2diag] t=75.9400 P=[0.1516 0.3183 0.7394] V=[0.0107 0.0096 -0.0034] |Bas|=0.369620 |Bgs|=0.0088375 tic0=[0.1200 0.0500 -0.0200] tic1=[0.1200 -0.0500 -0.0200] td=0.00000 track=96
[E2uls] flag=1 sh_t=75.972 new_t=75.972 dP=[0.0016 -0.0009 0.0001] |dP|=0.0019 first_dt=-1.0000
time: 75.940000, t: 0.151588 0.318273 0.739390 q: 0.999716 -0.005118 -0.023204 -0.001888 
[T2depth] t=76.0360 id=5686 src=stereo u=634.0 v=72.0 depth=2.7511 depth2=-1.0000 track=1 sf=10 flag=ok
[T2depth] t=76.0360 id=5689 src=stereo u=80.0 v=478.0 depth=1.5707 depth2=-1.0000 track=1 sf=10 flag=ok
[T2gate] t=76.0360 tri=30 rej=0 xrej=0 init_replace=0 gate=0
[T2slv] t=76.0360 phase=1 init_cost=505.579 final_cost=486.727 iters=9 term=1 slv_ms=14.2
[T2diag] t=76.0360 P=[0.1518 0.3179 0.7402] V=[0.0034 -0.0054 0.0106] |Bas|=0.369620 |Bgs|=0.0081065 tic0=[0.1200 0.0500 -0.0200] tic1=[0.1200 -0.0500 -0.0200] td=0.00000 track=93
[E2uls] flag=1 sh_t=76.076 new_t=76.076 dP=[0.0022 0.0024 -0.0012] |dP|=0.0035 first_dt=-1.0000
time: 76.036000, t: 0.151790 0.317891 0.740189 q: 0.999716 -0.004898 -0.023229 -0.002105 
[T2depth] t=76.1360 id=5690 src=motion2 u=520.0 v=95.0 depth=5.0000 depth2=-1.0000 track=2 sf=9 flag=init_neg
[T2depth] t=76.1360 id=5693 src=stereo u=593.0 v=72.0 depth=2.7512 depth2=-1.0000 track=1 sf=10 flag=ok
[T2depth] t=76.1360 id=5695 src=stereo u=351.0 v=284.0 depth=7.7106 depth2=-1.0000 track=1 sf=10 flag=ok
[T2gate] t=76.1360 tri=27 rej=0 xrej=0 init_replace=1 gate=0
[T2slv] t=76.1360 phase=1 init_cost=497.58 final_cost=487.336 iters=9 term=1 slv_ms=13.6
[T2diag] t=76.1360 P=[0.1520 0.3173 0.7409] V=[0.0045 0.0003 0.0041] |Bas|=0.369620 |Bgs|=0.0032194 tic0=[0.1200 0.0500 -0.0200] tic1=[0.1200 -0.0500 -0.0200] td=0.00000 track=93
[E2uls] flag=1 sh_t=76.172 new_t=76.172 dP=[0.0011 0.0000 0.0007] |dP|=0.0013 first_dt=-1.0000
time: 76.136000, t: 0.151979 0.317284 0.740895 q: 0.999718 -0.004518 -0.023219 -0.002049 
[T2depth] t=76.2360 id=5694 src=motion2 u=2.2 v=305.0 depth=0.0692 depth2=-1.0000 track=2 sf=9 flag=ok
[T2depth] t=76.2360 id=5696 src=stereo u=415.0 v=478.2 depth=1.5625 depth2=-1.0000 track=1 sf=10 flag=ok
[T2depth] t=76.2360 id=5698 src=stereo u=605.0 v=72.0 depth=2.5988 depth2=-1.0000 track=1 sf=10 flag=ok
[T2gate] t=76.2360 tri=25 rej=0 xrej=0 init_replace=0 gate=0
[T2slv] t=76.2360 phase=1 init_cost=503.096 final_cost=486.624 iters=9 term=1 slv_ms=10.2
[T2diag] t=76.2360 P=[0.1519 0.3174 0.7419] V=[0.0012 0.0011 0.0096] |Bas|=0.369620 |Bgs|=0.0088350 tic0=[0.1200 0.0500 -0.0200] tic1=[0.1200 -0.0500 -0.0200] td=0.00000 track=93
[E2uls] flag=1 sh_t=76.268 new_t=76.268 dP=[0.0012 0.0002 -0.0004] |dP|=0.0013 first_dt=-1.0000
time: 76.236000, t: 0.151945 0.317355 0.741854 q: 0.999718 -0.004732 -0.023212 -0.001903 
[T2depth] t=76.3360 id=5699 src=stereo u=464.1 v=473.9 depth=1.5822 depth2=-1.0000 track=1 sf=10 flag=ok
[T2depth] t=76.3360 id=5702 src=stereo u=596.0 v=72.0 depth=2.7510 depth2=-1.0000 track=1 sf=10 flag=ok
[T2gate] t=76.3360 tri=27 rej=0 xrej=0 init_replace=0 gate=0
[T2slv] t=76.3360 phase=1 init_cost=512.873 final_cost=489.884 iters=9 term=1 slv_ms=13.3
[T2diag] t=76.3360 P=[0.1519 0.3174 0.7427] V=[0.0024 -0.0009 0.0081] |Bas|=0.369620 |Bgs|=0.0114346 tic0=[0.1200 0.0500 -0.0200] tic1=[0.1200 -0.0500 -0.0200] td=0.00000 track=92
[E2uls] flag=1 sh_t=76.368 new_t=76.368 dP=[0.0004 0.0006 0.0008] |dP|=0.0010 first_dt=-1.0000
time: 76.336000, t: 0.151950 0.317434 0.742726 q: 0.999719 -0.004777 -0.023147 -0.001738 
[T2xcross] t=76.4360 id=5695 est=7.7106 svd=0.4349 rel=0.9436 track=2 sf=9
[T2xcross] t=76.4360 id=5699 est=1.5822 svd=0.4427 rel=0.7202 track=2 sf=9
[T2depth] t=76.4360 id=5701 src=motion2 u=519.0 v=96.0 depth=0.1330 depth2=-1.0000 track=2 sf=9 flag=ok
[T2gate] t=76.4360 tri=24 rej=0 xrej=0 init_replace=0 gate=0
[T2slv] t=76.4360 phase=1 init_cost=511.287 final_cost=493.2 iters=9 term=1 slv_ms=13.5
[T2diag] t=76.4360 P=[0.1524 0.3173 0.7434] V=[0.0054 0.0003 0.0066] |Bas|=0.369620 |Bgs|=0.0053420 tic0=[0.1200 0.0500 -0.0200] tic1=[0.1200 -0.0500 -0.0200] td=0.00000 track=93
[E2uls] flag=1 sh_t=76.468 new_t=76.468 dP=[-0.0003 -0.0000 0.0006] |dP|=0.0006 first_dt=-1.0000
time: 76.436000, t: 0.152409 0.317272 0.743431 q: 0.999727 -0.004320 -0.022902 -0.001530 
[T2depth] t=76.5360 id=5705 src=stereo u=274.0 v=337.1 depth=3.6811 depth2=-1.0000 track=1 sf=10 flag=ok
[T2depth] t=76.5360 id=5706 src=stereo u=419.0 v=478.0 depth=1.5705 depth2=-1.0000 track=1 sf=10 flag=ok
[T2gate] t=76.5360 tri=23 rej=0 xrej=0 init_replace=0 gate=0
[T2slv] t=76.5360 phase=1 init_cost=510.468 final_cost=497.082 iters=9 term=1 slv_ms=12.2
[T2diag] t=76.5360 P=[0.1522 0.3163 0.7441] V=[-0.0000 -0.0055 0.0054] |Bas|=0.369620 |Bgs|=0.0085207 tic0=[0.1200 0.0500 -0.0200] tic1=[0.1200 -0.0500 -0.0200] td=0.00000 track=92
[E2uls] flag=1 sh_t=76.568 new_t=76.568 dP=[0.0016 0.0016 -0.0002] |dP|=0.0023 first_dt=-1.0000
time: 76.536000, t: 0.152180 0.316305 0.744128 q: 0.999720 -0.004435 -0.023227 -0.001258 
[T2depth] t=76.6360 id=5708 src=stereo u=600.0 v=73.0 depth=2.5990 depth2=-1.0000 track=1 sf=10 flag=ok
[T2depth] t=76.6360 id=5709 src=stereo u=254.1 v=478.1 depth=1.5757 depth2=-1.0000 track=1 sf=10 flag=ok
[T2depth] t=76.6360 id=5710 src=stereo u=353.0 v=284.0 depth=7.8314 depth2=-1.0000 track=1 sf=10 flag=ok
[T2gate] t=76.6360 tri=25 rej=0 xrej=0 init_replace=0 gate=0
[T2slv] t=76.6360 phase=1 init_cost=516.71 final_cost=502.664 iters=9 term=1 slv_ms=14.0
[T2diag] t=76.6360 P=[0.1520 0.3160 0.7450] V=[0.0010 -0.0048 0.0093] |Bas|=0.369620 |Bgs|=0.0061180 tic0=[0.1200 0.0500 -0.0200] tic1=[0.1200 -0.0500 -0.0200] td=0.00000 track=92
[E2uls] flag=1 sh_t=76.664 new_t=76.664 dP=[0.0004 -0.0004 -0.0001] |dP|=0.0006 first_dt=-1.0000
time: 76.636000, t: 0.152043 0.315975 0.744969 q: 0.999714 -0.004497 -0.023472 -0.001107 
[T2xcross] t=76.7360 id=5701 est=0.1330 svd=0.0544 rel=0.5909 track=2 sf=9
[T2xcross] t=76.7360 id=5709 est=1.5757 svd=14.0242 rel=0.8876 track=2 sf=9
[T2xcross] t=76.7360 id=5710 est=7.8314 svd=1.5904 rel=0.7969 track=2 sf=9
[T2depth] t=76.7360 id=5712 src=stereo u=418.9 v=477.9 depth=1.5740 depth2=-1.0000 track=1 sf=10 flag=ok
[T2depth] t=76.7360 id=5714 src=stereo u=590.0 v=72.0 depth=2.5989 depth2=-1.0000 track=1 sf=10 flag=ok
[T2gate] t=76.7360 tri=26 rej=0 xrej=0 init_replace=0 gate=0
[T2slv] t=76.7360 phase=1 init_cost=514.161 final_cost=501.086 iters=9 term=1 slv_ms=10.5
[T2diag] t=76.7360 P=[0.1527 0.3169 0.7450] V=[0.0087 0.0105 -0.0013] |Bas|=0.369620 |Bgs|=0.0106853 tic0=[0.1200 0.0500 -0.0200] tic1=[0.1200 -0.0500 -0.0200] td=0.00000 track=94
[E2uls] flag=1 sh_t=76.772 new_t=76.772 dP=[-0.0004 -0.0024 0.0009] |dP|=0.0026 first_dt=-1.0000
time: 76.736000, t: 0.152741 0.316943 0.745020 q: 0.999720 -0.004818 -0.023139 -0.001295 
[T2xcross] t=76.8360 id=5705 est=3.6811 svd=0.7510 rel=0.7960 track=2 sf=9
[T2depth] t=76.8360 id=5716 src=stereo u=221.1 v=306.2 depth=5.7092 depth2=-1.0000 track=1 sf=10 flag=ok
[T2depth] t=76.8360 id=5720 src=stereo u=637.0 v=73.0 depth=2.5989 depth2=-1.0000 track=1 sf=10 flag=ok
[T2gate] t=76.8360 tri=29 rej=0 xrej=0 init_replace=0 gate=0
[T2slv] t=76.8360 phase=1 init_cost=512.237 final_cost=496.415 iters=9 term=1 slv_ms=13.4
[T2diag] t=76.8360 P=[0.1527 0.3175 0.7456] V=[0.0016 0.0056 0.0055] |Bas|=0.369620 |Bgs|=0.0038692 tic0=[0.1200 0.0500 -0.0200] tic1=[0.1200 -0.0500 -0.0200] td=0.00000 track=93
[E2uls] flag=1 sh_t=76.868 new_t=76.868 dP=[0.0020 0.0013 -0.0010] |dP|=0.0026 first_dt=-1.0000
time: 76.836000, t: 0.152732 0.317464 0.745591 q: 0.999721 -0.005020 -0.023017 -0.001412 
[T2depth] t=76.9360 id=5721 src=motion2 u=522.0 v=95.0 depth=5.0000 depth2=-1.0000 track=2 sf=9 flag=init_neg
[T2depth] t=76.9360 id=5725 src=stereo u=458.9 v=283.0 depth=7.7138 depth2=-1.0000 track=1 sf=10 flag=ok
[T2gate] t=76.9360 tri=27 rej=0 xrej=0 init_replace=1 gate=0
[T2slv] t=76.9360 phase=1 init_cost=510.971 final_cost=497.329 iters=9 term=1 slv_ms=13.5
[T2diag] t=76.9360 P=[0.1524 0.3168 0.7462] V=[-0.0023 -0.0053 0.0048] |Bas|=0.369620 |Bgs|=0.0025041 tic0=[0.1200 0.0500 -0.0200] tic1=[0.1200 -0.0500 -0.0200] td=0.00000 track=95
[E2uls] flag=1 sh_t=76.972 new_t=76.972 dP=[0.0010 0.0022 -0.0001] |dP|=0.0024 first_dt=-1.0000
time: 76.936000, t: 0.152384 0.316785 0.746162 q: 0.999715 -0.004547 -0.023383 -0.001250 
[T2xcross] t=77.0360 id=5716 est=5.7092 svd=65.0134 rel=0.9122 track=2 sf=9
[T2depth] t=77.0360 id=5726 src=motion2 u=2.7 v=304.2 depth=5.0000 depth2=-1.0000 track=2 sf=9 flag=init_neg
[T2depth] t=77.0360 id=5730 src=stereo u=616.0 v=73.0 depth=2.7515 depth2=-1.0000 track=1 sf=10 flag=ok
[T2depth] t=77.0360 id=5732 src=stereo u=255.0 v=478.0 depth=1.5806 depth2=-1.0000 track=1 sf=10 flag=ok
[T2gate] t=77.0360 tri=27 rej=0 xrej=0 init_replace=1 gate=0
[T2slv] t=77.0360 phase=1 init_cost=510.426 final_cost=500.542 iters=9 term=1 slv_ms=13.9
[T2diag] t=77.0360 P=[0.1524 0.3168 0.7467] V=[0.0021 0.0003 0.0044] |Bas|=0.369620 |Bgs|=0.0030702 tic0=[0.1200 0.0500 -0.0200] tic1=[0.1200 -0.0500 -0.0200] td=0.00000 track=94
[E2uls] flag=1 sh_t=77.076 new_t=77.076 dP=[0.0002 -0.0007 -0.0001] |dP|=0.0008 first_dt=-1.0000
time: 77.036000, t: 0.152406 0.316762 0.746687 q: 0.999719 -0.004217 -0.023307 -0.001208 
[T2depth] t=77.1360 id=5731 src=motion2 u=522.0 v=95.0 depth=0.0146 depth2=-1.0000 track=2 sf=9 flag=ok
[T2depth] t=77.1360 id=5734 src=stereo u=615.0 v=72.0 depth=2.7517 depth2=-1.0000 track=1 sf=10 flag=ok
[T2gate] t=77.1360 tri=26 rej=0 xrej=0 init_replace=0 gate=0
[T2slv] t=77.1360 phase=1 init_cost=512.633 final_cost=500.441 iters=9 term=1 slv_ms=14.8
[T2diag] t=77.1360 P=[0.1527 0.3176 0.7467] V=[0.0050 0.0086 -0.0010] |Bas|=0.369620 |Bgs|=0.0076103 tic0=[0.1200 0.0500 -0.0200] tic1=[0.1200 -0.0500 -0.0200] td=0.00000 track=96
[E2uls] flag=1 sh_t=77.180 new_t=77.180 dP=[0.0006 -0.0011 0.0003] |dP|=0.0013 first_dt=-1.0000
time: 77.136000, t: 0.152698 0.317627 0.746714 q: 0.999724 -0.004223 -0.023067 -0.001390 
[T2depth] t=77.2360 id=5738 src=stereo u=601.0 v=72.0 depth=2.7509 depth2=-1.0000 track=1 sf=10 flag=ok
[T2gate] t=77.2360 tri=24 rej=0 xrej=0 init_replace=0 gate=0
[T2slv] t=77.2360 phase=1 init_cost=519.393 final_cost=499.097 iters=9 term=1 slv_ms=13.0
[T2diag] t=77.2360 P=[0.1526 0.3171 0.7473] V=[0.0003 -0.0011 0.0050] |Bas|=0.369620 |Bgs|=0.0085009 tic0=[0.1200 0.0500 -0.0200] tic1=[0.1200 -0.0500 -0.0200] td=0.00000 track=95
[E2uls] flag=1 sh_t=77.268 new_t=77.268 dP=[0.0016 0.0023 -0.0013] |dP|=0.0031 first_dt=-1.0000
time: 77.236000, t: 0.152562 0.317135 0.747348 q: 0.999726 -0.004209 -0.022987 -0.001194 
[T2xcross] t=77.3360 id=5731 est=0.0146 svd=0.6101 rel=0.9760 track=2 sf=9
[T2depth] t=77.3360 id=5741 src=stereo u=590.0 v=72.0 depth=2.5988 depth2=-1.0000 track=1 sf=10 flag=ok
[T2depth] t=77.3360 id=5744 src=stereo u=221.0 v=306.0 depth=5.7603 depth2=-1.0000 track=1 sf=10 flag=ok
[T2gate] t=77.3360 tri=26 rej=0 xrej=0 init_replace=0 gate=0
[T2slv] t=77.3360 phase=1 init_cost=511.862 final_cost=501.62 iters=9 term=1 slv_ms=12.6
[T2diag] t=77.3360 P=[0.1523 0.3167 0.7482] V=[-0.0027 -0.0061 0.0083] |Bas|=0.369620 |Bgs|=0.0044661 tic0=[0.1200 0.0500 -0.0200] tic1=[0.1200 -0.0500 -0.0200] td=0.00000 track=94
[E2uls] flag=1 sh_t=77.368 new_t=77.368 dP=[0.0006 0.0002 -0.0004] |dP|=0.0008 first_dt=-1.0000
time: 77.336000, t: 0.152265 0.316739 0.748199 q: 0.999727 -0.003924 -0.022999 -0.001076 
[T2depth] t=77.4360 id=5753 src=stereo u=606.0 v=72.0 depth=2.7516 depth2=-1.0000 track=1 sf=10 flag=ok
[T2depth] t=77.4360 id=5754 src=stereo u=255.0 v=478.0 depth=1.5821 depth2=-1.0000 track=1 sf=10 flag=ok
[T2gate] t=77.4360 tri=29 rej=0 xrej=0 init_replace=0 gate=0
[T2slv] t=77.4360 phase=1 init_cost=513.77 final_cost=503.163 iters=9 term=1 slv_ms=13.1
[T2diag] t=77.4360 P=[0.1521 0.3169 0.7485] V=[0.0017 0.0037 0.0029] |Bas|=0.369620 |Bgs|=0.0077454 tic0=[0.1200 0.0500 -0.0200] tic1=[0.1200 -0.0500 -0.0200] td=0.00000 track=93
[E2uls] flag=1 sh_t=77.476 new_t=77.476 dP=[0.0004 -0.0016 0.0010] |dP|=0.0019 first_dt=-1.0000
time: 77.436000, t: 0.152149 0.316942 0.748523 q: 0.999729 -0.003915 -0.022920 -0.001227 
[T2depth] t=77.5360 id=5748 src=motion2 u=516.0 v=99.0 depth=0.1066 depth2=-1.0000 track=2 sf=9 flag=ok
[T2depth] t=77.5360 id=5757 src=stereo u=29.1 v=282.1 depth=7.9613 depth2=-1.0000 track=1 sf=10 flag=ok
[T2gate] t=77.5360 tri=28 rej=0 xrej=0 init_replace=0 gate=0
[T2slv] t=77.5360 phase=1 init_cost=519.64 final_cost=501.172 iters=9 term=1 slv_ms=14.4
[T2diag] t=77.5360 P=[0.1520 0.3175 0.7489] V=[-0.0003 0.0072 0.0015] |Bas|=0.369620 |Bgs|=0.0099857 tic0=[0.1200 0.0500 -0.0200] tic1=[0.1200 -0.0500 -0.0200] td=0.00000 track=94
[E2uls] flag=1 sh_t=77.580 new_t=77.580 dP=[0.0010 -0.0001 -0.0003] |dP|=0.0010 first_dt=-1.0000
time: 77.536000, t: 0.152040 0.317475 0.748864 q: 0.999730 -0.004206 -0.022814 -0.001392 
[T2xcross] t=77.6360 id=5744 est=5.7603 svd=0.4541 rel=0.9212 track=2 sf=9
[T2xcross] t=77.6360 id=5757 est=7.9613 svd=0.1796 rel=0.9774 track=2 sf=9
[T2depth] t=77.6360 id=5763 src=stereo u=610.0 v=73.0 depth=2.7518 depth2=-1.0000 track=1 sf=10 flag=ok
[T2gate] t=77.6360 tri=26 rej=0 xrej=0 init_replace=0 gate=0
[T2slv] t=77.6360 phase=1 init_cost=515.806 final_cost=503.221 iters=9 term=1 slv_ms=13.9
[T2diag] t=77.6360 P=[0.1514 0.3165 0.7498] V=[-0.0037 -0.0088 0.0109] |Bas|=0.369620 |Bgs|=0.0050311 tic0=[0.1200 0.0500 -0.0200] tic1=[0.1200 -0.0500 -0.0200] td=0.00000 track=94
[E2uls] flag=1 sh_t=77.676 new_t=77.676 dP=[0.0016 0.0028 -0.0010] |dP|=0.0033 first_dt=-1.0000
time: 77.636000, t: 0.151419 0.316524 0.749849 q: 0.999722 -0.004377 -0.023137 -0.001264 
[T2depth] t=77.7360 id=5768 src=stereo u=625.0 v=73.0 depth=2.5990 depth2=-1.0000 track=1 sf=10 flag=ok
[T2gate] t=77.7360 tri=26 rej=0 xrej=0 init_replace=0 gate=0
[T2slv] t=77.7360 phase=1 init_cost=533.214 final_cost=507.219 iters=9 term=1 slv_ms=12.2
[T2diag] t=77.7360 P=[0.1511 0.3158 0.7505] V=[-0.0016 -0.0016 0.0031] |Bas|=0.369620 |Bgs|=0.0108733 tic0=[0.1200 0.0500 -0.0200] tic1=[0.1200 -0.0500 -0.0200] td=0.00000 track=93
[E2uls] flag=1 sh_t=77.760 new_t=77.760 dP=[-0.0001 -0.0005 0.0007] |dP|=0.0008 first_dt=-1.0000
time: 77.736000, t: 0.151057 0.315821 0.750516 q: 0.999720 -0.004320 -0.023231 -0.001205 
[T2gate] t=77.8400 tri=25 rej=0 xrej=0 init_replace=0 gate=0
[T2slv] t=77.8400 phase=1 init_cost=521.319 final_cost=505.379 iters=9 term=1 slv_ms=14.0
[T2diag] t=77.8400 P=[0.1516 0.3171 0.7498] V=[0.0067 0.0115 -0.0067] |Bas|=0.369620 |Bgs|=0.0053330 tic0=[0.1200 0.0500 -0.0200] tic1=[0.1200 -0.0500 -0.0200] td=0.00000 track=91
[E2uls] flag=1 sh_t=77.876 new_t=77.876 dP=[-0.0004 -0.0019 0.0013] |dP|=0.0023 first_dt=-1.0000
time: 77.840000, t: 0.151575 0.317148 0.749817 q: 0.999730 -0.004456 -0.022760 -0.001495 
[T2depth] t=77.9360 id=5775 src=stereo u=221.0 v=306.0 depth=5.6773 depth2=-1.0000 track=1 sf=10 flag=ok
[T2depth] t=77.9360 id=5778 src=stereo u=606.0 v=73.0 depth=2.7519 depth2=-1.0000 track=1 sf=10 flag=ok
[T2depth] t=77.9360 id=5782 src=stereo u=353.0 v=282.0 depth=8.0278 depth2=-1.0000 track=1 sf=10 flag=ok
[T2gate] t=77.9360 tri=29 rej=0 xrej=0 init_replace=0 gate=0
[T2slv] t=77.9360 phase=1 init_cost=510.242 final_cost=500.702 iters=9 term=1 slv_ms=13.9
[T2diag] t=77.9360 P=[0.1518 0.3184 0.7495] V=[0.0033 0.0107 -0.0026] |Bas|=0.369620 |Bgs|=0.0041544 tic0=[0.1200 0.0500 -0.0200] tic1=[0.1200 -0.0500 -0.0200] td=0.00000 track=91
[E2uls] flag=1 sh_t=77.980 new_t=77.980 dP=[0.0014 0.0008 -0.0013] |dP|=0.0021 first_dt=-1.0000
time: 77.936000, t: 0.151773 0.318376 0.749531 q: 0.999733 -0.004688 -0.022571 -0.001763 
[T2xcross] t=78.0360 id=5775 est=5.6773 svd=1.2060 rel=0.7876 track=2 sf=9
[T2depth] t=78.0360 id=5779 src=motion2 u=516.0 v=99.0 depth=0.1680 depth2=-1.0000 track=2 sf=9 flag=ok
[T2gate] t=78.0360 tri=26 rej=0 xrej=0 init_replace=0 gate=0
[T2slv] t=78.0360 phase=1 init_cost=511.723 final_cost=501.887 iters=9 term=1 slv_ms=12.9
[T2diag] t=78.0360 P=[0.1514 0.3173 0.7497] V=[0.0004 -0.0124 0.0029] |Bas|=0.369620 |Bgs|=0.0082273 tic0=[0.1200 0.0500 -0.0200] tic1=[0.1200 -0.0500 -0.0200] td=0.00000 track=95
[E2uls] flag=1 sh_t=78.076 new_t=78.076 dP=[0.0019 0.0033 -0.0006] |dP|=0.0039 first_dt=-1.0000
time: 78.036000, t: 0.151413 0.317337 0.749734 q: 0.999731 -0.004400 -0.022709 -0.001567 
[T2xcross] t=78.1400 id=5782 est=8.0278 svd=0.4529 rel=0.9436 track=2 sf=9
[T2depth] t=78.1400 id=5784 src=motion2 u=3.9 v=302.1 depth=5.0000 depth2=-1.0000 track=2 sf=9 flag=init_neg
[T2depth] t=78.1400 id=5788 src=stereo u=626.0 v=73.0 depth=2.5990 depth2=-1.0000 track=1 sf=10 flag=ok
[T2gate] t=78.1400 tri=26 rej=0 xrej=0 init_replace=1 gate=0
[T2slv] t=78.1400 phase=1 init_cost=519.316 final_cost=507.635 iters=9 term=1 slv_ms=13.4
[T2diag] t=78.1400 P=[0.1510 0.3158 0.7507] V=[-0.0018 -0.0110 0.0092] |Bas|=0.369620 |Bgs|=0.0028863 tic0=[0.1200 0.0500 -0.0200] tic1=[0.1200 -0.0500 -0.0200] td=0.00000 track=95
[E2uls] flag=1 sh_t=78.172 new_t=78.172 dP=[0.0010 0.0002 -0.0006] |dP|=0.0012 first_dt=-1.0000
time: 78.140000, t: 0.151029 0.315758 0.750713 q: 0.999729 -0.003881 -0.022934 -0.001280 
[T2gate] t=78.2680 tri=24 rej=0 xrej=0 init_replace=0 gate=0
[T2slv] t=78.2680 phase=1 init_cost=522.975 final_cost=509.189 iters=9 term=1 slv_ms=15.7
[T2diag] t=78.2680 P=[0.1509 0.3161 0.7508] V=[0.0017 0.0048 -0.0016] |Bas|=0.369620 |Bgs|=0.0066973 tic0=[0.1200 0.0500 -0.0200] tic1=[0.1200 -0.0500 -0.0200] td=0.00000 track=94
[E2uls] flag=1 sh_t=78.316 new_t=78.316 dP=[0.0009 -0.0028 0.0018] |dP|=0.0035 first_dt=-1.0000
time: 78.268000, t: 0.150921 0.316073 0.750769 q: 0.999725 -0.004594 -0.022963 -0.001434 
[T2depth] t=78.4040 id=5795 src=stereo u=352.9 v=283.0 depth=7.9380 depth2=-1.0000 track=1 sf=10 flag=ok
[T2depth] t=78.4040 id=5797 src=stereo u=637.0 v=74.0 depth=2.5989 depth2=-1.0000 track=1 sf=10 flag=ok
[T2depth] t=78.4040 id=5798 src=stereo u=31.0 v=283.0 depth=8.4557 depth2=-1.0000 track=1 sf=10 flag=ok
[T2gate] t=78.4040 tri=27 rej=0 xrej=0 init_replace=0 gate=0
[T2slv] t=78.4040 phase=1 init_cost=527.318 final_cost=509.105 iters=9 term=1 slv_ms=14.5
[T2diag] t=78.4040 P=[0.1506 0.3158 0.7511] V=[0.0003 -0.0022 0.0018] |Bas|=0.369620 |Bgs|=0.0079291 tic0=[0.1200 0.0500 -0.0200] tic1=[0.1200 -0.0500 -0.0200] td=0.00000 track=92
[E2uls] flag=1 sh_t=78.444 new_t=78.444 dP=[0.0017 0.0020 -0.0007] |dP|=0.0027 first_dt=-1.0000
time: 78.404000, t: 0.150559 0.315756 0.751099 q: 0.999721 -0.004638 -0.023122 -0.001451 
[T2depth] t=78.5360 id=5794 src=motion2 u=517.0 v=99.0 depth=5.0000 depth2=-1.0000 track=2 sf=9 flag=init_neg
[T2depth] t=78.5360 id=5800 src=stereo u=620.6 v=72.8 depth=2.4616 depth2=-1.0000 track=1 sf=10 flag=ok
[T2depth] t=78.5360 id=5801 src=stereo u=353.0 v=283.7 depth=7.7601 depth2=-1.0000 track=1 sf=10 flag=ok
[T2gate] t=78.5360 tri=26 rej=0 xrej=0 init_replace=1 gate=0
[T2slv] t=78.5360 phase=1 init_cost=524.829 final_cost=510.173 iters=9 term=1 slv_ms=15.3
[T2diag] t=78.5360 P=[0.1506 0.3153 0.7508] V=[0.0013 0.0011 -0.0030] |Bas|=0.369620 |Bgs|=0.0014843 tic0=[0.1200 0.0500 -0.0200] tic1=[0.1200 -0.0500 -0.0200] td=0.00000 track=94
[E2uls] flag=1 sh_t=78.580 new_t=78.580 dP=[0.0001 0.0003 0.0006] |dP|=0.0007 first_dt=-1.0000
time: 78.536000, t: 0.150632 0.315316 0.750787 q: 0.999725 -0.004085 -0.023064 -0.001387 
[T2depth] t=78.6360 id=5804 src=stereo u=616.0 v=73.0 depth=2.5984 depth2=-1.0000 track=1 sf=10 flag=ok
[T2depth] t=78.6360 id=5805 src=stereo u=458.0 v=347.0 depth=3.4608 depth2=-1.0000 track=1 sf=10 flag=ok
[T2gate] t=78.6360 tri=24 rej=0 xrej=0 init_replace=0 gate=0
[T2slv] t=78.6360 phase=1 init_cost=527.604 final_cost=508.963 iters=9 term=1 slv_ms=16.0
[T2diag] t=78.6360 P=[0.1509 0.3153 0.7501] V=[0.0057 0.0010 -0.0074] |Bas|=0.369620 |Bgs|=0.0110277 tic0=[0.1200 0.0500 -0.0200] tic1=[0.1200 -0.0500 -0.0200] td=0.00000 track=95
[E2uls] flag=1 sh_t=78.684 new_t=78.684 dP=[0.0005 0.0008 0.0001] |dP|=0.0009 first_dt=-1.0000
time: 78.636000, t: 0.150945 0.315253 0.750116 q: 0.999725 -0.004354 -0.023013 -0.001419 
[T2xcross] t=78.7360 id=5801 est=7.7601 svd=12.6543 rel=0.3868 track=2 sf=9
[T2depth] t=78.7360 id=5809 src=stereo u=588.0 v=74.0 depth=2.7511 depth2=-1.0000 track=1 sf=10 flag=ok
[T2gate] t=78.7360 tri=24 rej=0 xrej=0 init_replace=0 gate=0
[T2slv] t=78.7360 phase=1 init_cost=520.176 final_cost=509.444 iters=9 term=1 slv_ms=13.4
[T2diag] t=78.7360 P=[0.1501 0.3149 0.7508] V=[-0.0066 -0.0025 0.0071] |Bas|=0.369620 |Bgs|=0.0064185 tic0=[0.1200 0.0500 -0.0200] tic1=[0.1200 -0.0500 -0.0200] td=0.00000 track=94
[E2uls] flag=1 sh_t=78.768 new_t=78.768 dP=[0.0027 0.0015 -0.0020] |dP|=0.0036 first_dt=-1.0000
time: 78.736000, t: 0.150112 0.314927 0.750816 q: 0.999717 -0.004499 -0.023329 -0.001430 
[T2depth] t=78.8360 id=5812 src=stereo u=616.0 v=74.0 depth=2.5982 depth2=-1.0000 track=1 sf=10 flag=ok
[T2gate] t=78.8360 tri=26 rej=0 xrej=0 init_replace=0 gate=0
[T2slv] t=78.8360 phase=1 init_cost=539.267 final_cost=514.317 iters=9 term=1 slv_ms=13.9
[T2diag] t=78.8360 P=[0.1498 0.3151 0.7508] V=[-0.0003 0.0025 0.0012] |Bas|=0.369620 |Bgs|=0.0073859 tic0=[0.1200 0.0500 -0.0200] tic1=[0.1200 -0.0500 -0.0200] td=0.00000 track=94
[E2uls] flag=1 sh_t=78.872 new_t=78.872 dP=[0.0002 -0.0005 0.0013] |dP|=0.0014 first_dt=-1.0000
time: 78.836000, t: 0.149810 0.315124 0.750845 q: 0.999716 -0.004185 -0.023406 -0.001530 
[T2xcross] t=78.9360 id=5798 est=8.4557 svd=0.0608 rel=0.9928 track=2 sf=9
[T2gate] t=78.9360 tri=25 rej=0 xrej=0 init_replace=0 gate=0
[T2slv] t=78.9360 phase=1 init_cost=528.821 final_cost=514.982 iters=9 term=1 slv_ms=14.8
[T2diag] t=78.9360 P=[0.1498 0.3147 0.7505] V=[0.0026 0.0003 -0.0048] |Bas|=0.369620 |Bgs|=0.0070833 tic0=[0.1200 0.0500 -0.0200] tic1=[0.1200 -0.0500 -0.0200] td=0.00000 track=94
[E2uls] flag=1 sh_t=78.980 new_t=78.980 dP=[0.0007 0.0009 0.0005] |dP|=0.0012 first_dt=-1.0000
time: 78.936000, t: 0.149794 0.314719 0.750496 q: 0.999723 -0.004275 -0.023112 -0.001414 
[T2depth] t=79.0360 id=5816 src=motion2 u=515.0 v=100.0 depth=0.1379 depth2=-1.0000 track=2 sf=9 flag=ok
[T2gate] t=79.0360 tri=23 rej=0 xrej=0 init_replace=0 gate=0
[T2slv] t=79.0360 phase=1 init_cost=536.444 final_cost=512.459 iters=9 term=1 slv_ms=14.2
[T2diag] t=79.0360 P=[0.1495 0.3144 0.7505] V=[-0.0010 -0.0044 0.0002] |Bas|=0.369620 |Bgs|=0.0081873 tic0=[0.1200 0.0500 -0.0200] tic1=[0.1200 -0.0500 -0.0200] td=0.00000 track=95
[E2uls] flag=1 sh_t=79.076 new_t=79.076 dP=[0.0016 0.0009 -0.0011] |dP|=0.0022 first_dt=-1.0000
time: 79.036000, t: 0.149512 0.314386 0.750467 q: 0.999723 -0.004305 -0.023092 -0.001197 
[T2depth] t=79.1360 id=5819 src=stereo u=458.0 v=347.0 depth=3.4727 depth2=-1.0000 track=1 sf=10 flag=ok
[T2gate] t=79.1360 tri=23 rej=0 xrej=0 init_replace=0 gate=0
[T2slv] t=79.1360 phase=1 init_cost=534.716 final_cost=513.344 iters=9 term=1 slv_ms=13.3
[T2diag] t=79.1360 P=[0.1489 0.3144 0.7508] V=[-0.0068 -0.0001 0.0057] |Bas|=0.369620 |Bgs|=0.0050706 tic0=[0.1200 0.0500 -0.0200] tic1=[0.1200 -0.0500 -0.0200] td=0.00000 track=95
[E2uls] flag=1 sh_t=79.172 new_t=79.172 dP=[0.0008 -0.0003 -0.0002] |dP|=0.0008 first_dt=-1.0000
time: 79.136000, t: 0.148897 0.314384 0.750811 q: 0.999723 -0.004121 -0.023131 -0.001073 
[T2xcross] t=79.2360 id=5819 est=3.4727 svd=0.2482 rel=0.9285 track=2 sf=9
[T2gate] t=79.2360 tri=23 rej=0 xrej=0 init_replace=0 gate=0
[T2slv] t=79.2360 phase=1 init_cost=528.699 final_cost=513.642 iters=9 term=1 slv_ms=13.7
[T2diag] t=79.2360 P=[0.1489 0.3145 0.7507] V=[0.0022 0.0008 -0.0004] |Bas|=0.369620 |Bgs|=0.0060438 tic0=[0.1200 0.0500 -0.0200] tic1=[0.1200 -0.0500 -0.0200] td=0.00000 track=96
[E2uls] flag=1 sh_t=79.268 new_t=79.268 dP=[-0.0007 0.0001 0.0010] |dP|=0.0013 first_dt=-1.0000
time: 79.236000, t: 0.148939 0.314532 0.750749 q: 0.999726 -0.004181 -0.023001 -0.001155 
[T2depth] t=79.3360 id=5823 src=stereo u=581.0 v=73.0 depth=2.7515 depth2=-1.0000 track=1 sf=10 flag=ok
[T2gate] t=79.3360 tri=23 rej=0 xrej=0 init_replace=0 gate=0
[T2slv] t=79.3360 phase=1 init_cost=521.278 final_cost=510.81 iters=9 term=1 slv_ms=11.2
[T2diag] t=79.3360 P=[0.1488 0.3147 0.7503] V=[-0.0003 0.0014 -0.0060] |Bas|=0.369620 |Bgs|=0.0073759 tic0=[0.1200 0.0500 -0.0200] tic1=[0.1200 -0.0500 -0.0200] td=0.00000 track=96
[E2uls] flag=1 sh_t=79.376 new_t=79.376 dP=[0.0011 -0.0005 0.0002] |dP|=0.0012 first_dt=-1.0000
time: 79.336000, t: 0.148753 0.314678 0.750259 q: 0.999726 -0.004292 -0.022969 -0.001232 
[T2depth] t=79.4360 id=5824 src=stereo u=634.9 v=73.0 depth=2.5984 depth2=-1.0000 track=1 sf=10 flag=ok
[T2gate] t=79.4360 tri=24 rej=0 xrej=0 init_replace=0 gate=0
[T2slv] t=79.4360 phase=1 init_cost=521.235 final_cost=511.146 iters=9 term=1 slv_ms=13.9
[T2diag] t=79.4360 P=[0.1483 0.3145 0.7502] V=[-0.0027 -0.0035 0.0006] |Bas|=0.369620 |Bgs|=0.0036577 tic0=[0.1200 0.0500 -0.0200] tic1=[0.1200 -0.0500 -0.0200] td=0.00000 track=96
[E2uls] flag=1 sh_t=79.468 new_t=79.468 dP=[0.0012 0.0005 -0.0014] |dP|=0.0019 first_dt=-1.0000
time: 79.436000, t: 0.148266 0.314508 0.750236 q: 0.999727 -0.003928 -0.023011 -0.001156 
[T2depth] t=79.5360 id=5829 src=stereo u=255.0 v=477.8 depth=1.5841 depth2=-1.0000 track=1 sf=10 flag=ok
[T2depth] t=79.5360 id=5830 src=stereo u=220.8 v=305.9 depth=5.7701 depth2=-1.0000 track=1 sf=10 flag=ok
[T2gate] t=79.5360 tri=27 rej=0 xrej=0 init_replace=0 gate=0
[T2slv] t=79.5360 phase=1 init_cost=521.946 final_cost=511.105 iters=9 term=1 slv_ms=13.6
[T2diag] t=79.5360 P=[0.1482 0.3146 0.7500] V=[-0.0004 0.0021 -0.0013] |Bas|=0.369620 |Bgs|=0.0024264 tic0=[0.1200 0.0500 -0.0200] tic1=[0.1200 -0.0500 -0.0200] td=0.00000 track=93
[E2uls] flag=1 sh_t=79.568 new_t=79.568 dP=[0.0000 -0.0006 0.0005] |dP|=0.0008 first_dt=-1.0000
time: 79.536000, t: 0.148190 0.314616 0.749984 q: 0.999732 -0.003862 -0.022792 -0.001189 
[T2depth] t=79.6400 id=5836 src=stereo u=253.0 v=478.0 depth=1.5802 depth2=-1.0000 track=1 sf=10 flag=ok
[T2depth] t=79.6400 id=5838 src=stereo u=354.0 v=286.0 depth=7.4066 depth2=-1.0000 track=1 sf=10 flag=ok
[T2gate] t=79.6400 tri=26 rej=0 xrej=0 init_replace=0 gate=0
[T2slv] t=79.6400 phase=1 init_cost=516.296 final_cost=505.87 iters=9 term=1 slv_ms=15.5
[T2diag] t=79.6400 P=[0.1480 0.3159 0.7498] V=[0.0011 0.0102 -0.0023] |Bas|=0.369620 |Bgs|=0.0066266 tic0=[0.1200 0.0500 -0.0200] tic1=[0.1200 -0.0500 -0.0200] td=0.00000 track=94
[E2uls] flag=1 sh_t=79.684 new_t=79.684 dP=[0.0009 -0.0013 -0.0001] |dP|=0.0016 first_dt=-1.0000
time: 79.640000, t: 0.148039 0.315898 0.749821 q: 0.999734 -0.004160 -0.022633 -0.001499 
[T2xcross] t=79.7360 id=5830 est=5.7701 svd=0.4806 rel=0.9167 track=2 sf=9
[T2xcross] t=79.7360 id=5836 est=1.5802 svd=0.5493 rel=0.6524 track=2 sf=9
[T2xcross] t=79.7360 id=5838 est=7.4066 svd=0.8751 rel=0.8818 track=2 sf=9
[T2depth] t=79.7360 id=5839 src=stereo u=418.0 v=478.2 depth=1.5804 depth2=-1.0000 track=1 sf=10 flag=ok
[T2gate] t=79.7360 tri=25 rej=0 xrej=0 init_replace=0 gate=0
[T2slv] t=79.7360 phase=1 init_cost=518.825 final_cost=503.978 iters=9 term=1 slv_ms=14.0
[T2diag] t=79.7360 P=[0.1477 0.3156 0.7501] V=[-0.0006 -0.0045 0.0052] |Bas|=0.369620 |Bgs|=0.0068330 tic0=[0.1200 0.0500 -0.0200] tic1=[0.1200 -0.0500 -0.0200] td=0.00000 track=95
[E2uls] flag=1 sh_t=79.772 new_t=79.772 dP=[0.0014 0.0021 -0.0007] |dP|=0.0026 first_dt=-1.0000
time: 79.736000, t: 0.147662 0.315556 0.750121 q: 0.999733 -0.004252 -0.022677 -0.001525 
[T2xcross] t=79.8360 id=5839 est=1.5804 svd=0.5286 rel=0.6655 track=2 sf=9
[T2depth] t=79.8360 id=5842 src=motion2 u=513.0 v=101.0 depth=5.0000 depth2=-1.0000 track=2 sf=9 flag=init_neg
[T2depth] t=79.8360 id=5845 src=stereo u=594.0 v=73.0 depth=2.5988 depth2=-1.0000 track=1 sf=10 flag=ok
[T2gate] t=79.8360 tri=24 rej=0 xrej=0 init_replace=1 gate=0
[T2slv] t=79.8360 phase=1 init_cost=521.524 final_cost=504.555 iters=9 term=1 slv_ms=13.5
[T2diag] t=79.8360 P=[0.1472 0.3151 0.7505] V=[-0.0005 -0.0028 0.0057] |Bas|=0.369620 |Bgs|=0.0039709 tic0=[0.1200 0.0500 -0.0200] tic1=[0.1200 -0.0500 -0.0200] td=0.00000 track=97
[E2uls] flag=1 sh_t=79.876 new_t=79.876 dP=[0.0011 -0.0004 0.0011] |dP|=0.0016 first_dt=-1.0000
time: 79.836000, t: 0.147235 0.315125 0.750526 q: 0.999731 -0.004451 -0.022711 -0.001406 
[T2depth] t=79.9360 id=5846 src=stereo u=592.0 v=73.0 depth=2.7510 depth2=-1.0000 track=1 sf=10 flag=ok
[T2gate] t=79.9360 tri=23 rej=0 xrej=0 init_replace=0 gate=0
[T2slv] t=79.9360 phase=1 init_cost=519.164 final_cost=506.894 iters=9 term=1 slv_ms=14.8
[T2diag] t=79.9360 P=[0.1465 0.3143 0.7510] V=[-0.0055 -0.0080 0.0055] |Bas|=0.369620 |Bgs|=0.0057704 tic0=[0.1200 0.0500 -0.0200] tic1=[0.1200 -0.0500 -0.0200] td=0.00000 track=95
[E2uls] flag=1 sh_t=79.972 new_t=79.972 dP=[0.0015 0.0008 0.0003] |dP|=0.0018 first_dt=-1.0000
time: 79.936000, t: 0.146475 0.314293 0.751024 q: 0.999728 -0.004472 -0.022880 -0.001128 
[T2depth] t=80.0360 id=5847 src=motion2 u=521.0 v=96.0 depth=5.0000 depth2=-1.0000 track=2 sf=9 flag=init_neg
[T2depth] t=80.0360 id=5849 src=stereo u=625.0 v=74.0 depth=2.7512 depth2=-1.0000 track=1 sf=10 flag=ok
[T2gate] t=80.0360 tri=24 rej=0 xrej=0 init_replace=1 gate=0
[T2slv] t=80.0360 phase=1 init_cost=521.332 final_cost=510.623 iters=9 term=1 slv_ms=10.5
[T2diag] t=80.0360 P=[0.1459 0.3133 0.7515] V=[-0.0031 -0.0073 0.0011] |Bas|=0.369620 |Bgs|=0.0031048 tic0=[0.1200 0.0500 -0.0200] tic1=[0.1200 -0.0500 -0.0200] td=0.00000 track=95
[E2uls] flag=1 sh_t=80.068 new_t=80.068 dP=[0.0004 0.0002 -0.0001] |dP|=0.0005 first_dt=-1.0000
time: 80.036000, t: 0.145894 0.313255 0.751483 q: 0.999723 -0.004665 -0.023071 -0.000863 
[T2depth] t=80.1360 id=5853 src=stereo u=620.0 v=73.0 depth=2.7511 depth2=-1.0000 track=1 sf=10 flag=ok
[T2depth] t=80.1360 id=5855 src=stereo u=254.0 v=478.0 depth=1.5840 depth2=-1.0000 track=1 sf=10 flag=ok
[T2gate] t=80.1360 tri=25 rej=0 xrej=0 init_replace=0 gate=0
[T2slv] t=80.1360 phase=1 init_cost=521.603 final_cost=509.91 iters=9 term=1 slv_ms=13.9
[T2diag] t=80.1360 P=[0.1463 0.3138 0.7505] V=[0.0067 0.0052 -0.0087] |Bas|=0.369620 |Bgs|=0.0038226 tic0=[0.1200 0.0500 -0.0200] tic1=[0.1200 -0.0500 -0.0200] td=0.00000 track=94
[E2uls] flag=1 sh_t=80.172 new_t=80.172 dP=[-0.0008 -0.0015 0.0018] |dP|=0.0025 first_dt=-1.0000
time: 80.136000, t: 0.146315 0.313766 0.750522 q: 0.999727 -0.004499 -0.022895 -0.000947 
[T2depth] t=80.2360 id=5854 src=motion2 u=521.0 v=96.0 depth=5.0000 depth2=-1.0000 track=2 sf=9 flag=init_neg
[T2depth] t=80.2360 id=5856 src=stereo u=417.9 v=477.9 depth=1.5802 depth2=-1.0000 track=1 sf=10 flag=ok
[T2depth] t=80.2360 id=5858 src=stereo u=583.0 v=73.0 depth=2.7512 depth2=-1.0000 track=1 sf=10 flag=ok
[T2depth] t=80.2360 id=5859 src=stereo u=253.0 v=478.0 depth=1.5803 depth2=-1.0000 track=1 sf=10 flag=ok
[T2gate] t=80.2360 tri=26 rej=0 xrej=0 init_replace=1 gate=0
[T2slv] t=80.2360 phase=1 init_cost=516.988 final_cost=504.359 iters=9 term=1 slv_ms=13.6
[T2diag] t=80.2360 P=[0.1469 0.3148 0.7497] V=[0.0065 0.0080 -0.0105] |Bas|=0.369620 |Bgs|=0.0057992 tic0=[0.1200 0.0500 -0.0200] tic1=[0.1200 -0.0500 -0.0200] td=0.00000 track=94
[E2uls] flag=1 sh_t=80.276 new_t=80.276 dP=[0.0008 -0.0006 -0.0009] |dP|=0.0014 first_dt=-1.0000
time: 80.236000, t: 0.146855 0.314841 0.749724 q: 0.999734 -0.004554 -0.022595 -0.001269 
[T2xcross] t=80.3360 id=5854 est=5.0000 svd=0.8883 rel=0.8223 track=2 sf=9
[T2xcross] t=80.3360 id=5856 est=1.5802 svd=1.3377 rel=0.1534 track=2 sf=9
[T2depth] t=80.3360 id=5857 src=motion2 u=6.6 v=297.9 depth=0.3294 depth2=-1.0000 track=2 sf=9 flag=ok
[T2xcross] t=80.3360 id=5859 est=1.5803 svd=1.0547 rel=0.3326 track=2 sf=9
[T2depth] t=80.3360 id=5861 src=stereo u=626.0 v=73.0 depth=2.7520 depth2=-1.0000 track=1 sf=10 flag=ok
[T2gate] t=80.3360 tri=25 rej=0 xrej=0 init_replace=0 gate=0
[T2slv] t=80.3360 phase=1 init_cost=511.377 final_cost=500.339 iters=9 term=1 slv_ms=13.5
[T2diag] t=80.3360 P=[0.1466 0.3147 0.7495] V=[-0.0007 -0.0013 -0.0008] |Bas|=0.369620 |Bgs|=0.0038066 tic0=[0.1200 0.0500 -0.0200] tic1=[0.1200 -0.0500 -0.0200] td=0.00000 track=97
[E2uls] flag=1 sh_t=80.372 new_t=80.372 dP=[0.0019 0.0017 -0.0014] |dP|=0.0029 first_dt=-1.0000
time: 80.336000, t: 0.146627 0.314742 0.749512 q: 0.999731 -0.004618 -0.022687 -0.001360 
[T2depth] t=80.4360 id=5863 src=stereo u=624.0 v=73.0 depth=2.7509 depth2=-1.0000 track=1 sf=10 flag=ok
[T2gate] t=80.4360 tri=25 rej=0 xrej=0 init_replace=0 gate=0
[T2slv] t=80.4360 phase=1 init_cost=513.428 final_cost=503.441 iters=9 term=1 slv_ms=13.0
[T2diag] t=80.4360 P=[0.1462 0.3134 0.7498] V=[-0.0025 -0.0110 0.0034] |Bas|=0.369620 |Bgs|=0.0066446 tic0=[0.1200 0.0500 -0.0200] tic1=[0.1200 -0.0500 -0.0200] td=0.00000 track=95
[E2uls] flag=1 sh_t=80.468 new_t=80.468 dP=[0.0010 0.0015 -0.0001] |dP|=0.0018 first_dt=-1.0000
time: 80.436000, t: 0.146188 0.313433 0.749822 q: 0.999730 -0.004278 -0.022801 -0.001104 
[T2depth] t=80.5360 id=5864 src=motion2 u=2.0 v=291.0 depth=0.5532 depth2=-1.0000 track=2 sf=9 flag=ok
[T2gate] t=80.5360 tri=22 rej=0 xrej=0 init_replace=0 gate=0
[T2slv] t=80.5360 phase=1 init_cost=519.186 final_cost=507.095 iters=9 term=1 slv_ms=10.5
[T2diag] t=80.5360 P=[0.1460 0.3130 0.7500] V=[0.0016 -0.0036 0.0006] |Bas|=0.369620 |Bgs|=0.0046570 tic0=[0.1200 0.0500 -0.0200] tic1=[0.1200 -0.0500 -0.0200] td=0.00000 track=96
[E2uls] flag=1 sh_t=80.568 new_t=80.568 dP=[0.0003 -0.0013 0.0003] |dP|=0.0014 first_dt=-1.0000
time: 80.536000, t: 0.146048 0.313028 0.749966 q: 0.999729 -0.004386 -0.022862 -0.000949 
[T2depth] t=80.6680 id=5867 src=stereo u=515.0 v=100.0 depth=4.8341 depth2=-1.0000 track=1 sf=10 flag=ok
[T2depth] t=80.6680 id=5868 src=stereo u=591.0 v=74.0 depth=2.5989 depth2=-1.0000 track=1 sf=10 flag=ok
[T2gate] t=80.6680 tri=25 rej=0 xrej=0 init_replace=0 gate=0
[T2slv] t=80.6680 phase=1 init_cost=518.483 final_cost=507.263 iters=9 term=1 slv_ms=15.5
[T2diag] t=80.6680 P=[0.1455 0.3131 0.7501] V=[-0.0008 0.0016 -0.0001] |Bas|=0.369620 |Bgs|=0.0033379 tic0=[0.1200 0.0500 -0.0200] tic1=[0.1200 -0.0500 -0.0200] td=0.00000 track=93
[E2uls] flag=1 sh_t=80.712 new_t=80.712 dP=[0.0020 -0.0005 -0.0004] |dP|=0.0021 first_dt=-1.0000
time: 80.668000, t: 0.145527 0.313082 0.750098 q: 0.999722 -0.004790 -0.023084 -0.000974 
[T2xcross] t=80.8000 id=5867 est=4.8341 svd=0.1277 rel=0.9736 track=2 sf=9
[T2depth] t=80.8000 id=5873 src=stereo u=354.0 v=285.0 depth=7.6340 depth2=-1.0000 track=1 sf=10 flag=ok
[T2gate] t=80.8000 tri=24 rej=0 xrej=0 init_replace=0 gate=0
[T2slv] t=80.8000 phase=1 init_cost=518.498 final_cost=508.808 iters=9 term=1 slv_ms=14.2
[T2diag] t=80.8000 P=[0.1455 0.3123 0.7503] V=[0.0034 -0.0033 0.0002] |Bas|=0.369620 |Bgs|=0.0055308 tic0=[0.1200 0.0500 -0.0200] tic1=[0.1200 -0.0500 -0.0200] td=0.00000 track=94
[E2uls] flag=1 sh_t=80.836 new_t=80.836 dP=[0.0005 0.0017 -0.0008] |dP|=0.0020 first_dt=-1.0000
time: 80.800000, t: 0.145542 0.312305 0.750270 q: 0.999725 -0.004435 -0.023030 -0.000853 
[T2depth] t=80.9000 id=5878 src=stereo u=250.0 v=478.0 depth=1.5859 depth2=-1.0000 track=1 sf=10 flag=ok
[T2gate] t=80.9000 tri=24 rej=0 xrej=0 init_replace=0 gate=0
[T2slv] t=80.9000 phase=1 init_cost=521.214 final_cost=510.669 iters=9 term=1 slv_ms=17.1
[T2diag] t=80.9000 P=[0.1457 0.3124 0.7499] V=[0.0025 0.0025 -0.0030] |Bas|=0.369620 |Bgs|=0.0053194 tic0=[0.1200 0.0500 -0.0200] tic1=[0.1200 -0.0500 -0.0200] td=0.00000 track=93
[E2uls] flag=1 sh_t=80.940 new_t=80.940 dP=[0.0006 -0.0006 0.0002] |dP|=0.0009 first_dt=-1.0000
time: 80.900000, t: 0.145714 0.312394 0.749936 q: 0.999727 -0.004177 -0.022961 -0.000928 
[T2depth] t=81.0000 id=5877 src=motion2 u=517.0 v=98.0 depth=0.1158 depth2=-1.0000 track=2 sf=9 flag=ok
[T2depth] t=81.0000 id=5881 src=stereo u=608.0 v=73.0 depth=2.7516 depth2=-1.0000 track=1 sf=10 flag=ok
[T2gate] t=81.0000 tri=25 rej=0 xrej=0 init_replace=0 gate=0
[T2slv] t=81.0000 phase=1 init_cost=520.247 final_cost=509.231 iters=9 term=1 slv_ms=15.9
[T2diag] t=81.0000 P=[0.1456 0.3128 0.7498] V=[0.0019 0.0042 -0.0016] |Bas|=0.369620 |Bgs|=0.0031569 tic0=[0.1200 0.0500 -0.0200] tic1=[0.1200 -0.0500 -0.0200] td=0.00000 track=94
[E2uls] flag=1 sh_t=81.044 new_t=81.044 dP=[0.0016 0.0003 -0.0006] |dP|=0.0018 first_dt=-1.0000
time: 81.000000, t: 0.145630 0.312755 0.749803 q: 0.999725 -0.004406 -0.022998 -0.001013 
[T2xcross] t=81.1000 id=5878 est=1.5859 svd=0.2536 rel=0.8401 track=2 sf=9
[T2depth] t=81.1000 id=5882 src=motion2 u=2.0 v=291.0 depth=5.0000 depth2=-1.0000 track=2 sf=9 flag=init_neg
[T2depth] t=81.1000 id=5884 src=stereo u=418.0 v=478.0 depth=1.5793 depth2=-1.0000 track=1 sf=10 flag=ok
[T2depth] t=81.1000 id=5885 src=stereo u=599.0 v=73.0 depth=2.7512 depth2=-1.0000 track=1 sf=10 flag=ok
[T2gate] t=81.1000 tri=24 rej=0 xrej=0 init_replace=1 gate=0
[T2slv] t=81.1000 phase=1 init_cost=516.104 final_cost=505.319 iters=9 term=1 slv_ms=18.0
[T2diag] t=81.1000 P=[0.1462 0.3139 0.7495] V=[0.0089 0.0109 -0.0035] |Bas|=0.369620 |Bgs|=0.0065167 tic0=[0.1200 0.0500 -0.0200] tic1=[0.1200 -0.0500 -0.0200] td=0.00000 track=95
[E2uls] flag=1 sh_t=81.148 new_t=81.148 dP=[0.0003 -0.0004 -0.0001] |dP|=0.0005 first_dt=-1.0000
time: 81.100000, t: 0.146189 0.313872 0.749477 q: 0.999729 -0.004500 -0.022790 -0.001241 
[T2xcross] t=81.2000 id=5884 est=1.5793 svd=1.8914 rel=0.1650 track=2 sf=9
[T2depth] t=81.2000 id=5888 src=stereo u=596.0 v=73.0 depth=2.7516 depth2=-1.0000 track=1 sf=10 flag=ok
[T2gate] t=81.2000 tri=25 rej=0 xrej=0 init_replace=0 gate=0
[T2slv] t=81.2000 phase=1 init_cost=515.177 final_cost=504.933 iters=9 term=1 slv_ms=15.6
[T2diag] t=81.2000 P=[0.1460 0.3132 0.7497] V=[-0.0004 -0.0050 0.0011] |Bas|=0.369620 |Bgs|=0.0081736 tic0=[0.1200 0.0500 -0.0200] tic1=[0.1200 -0.0500 -0.0200] td=0.00000 track=96
[E2uls] flag=1 sh_t=81.244 new_t=81.244 dP=[0.0024 0.0038 -0.0014] |dP|=0.0047 first_dt=-1.0000
time: 81.200000, t: 0.146022 0.313240 0.749740 q: 0.999733 -0.004039 -0.022721 -0.001202 
[T2gate] t=81.3040 tri=29 rej=0 xrej=0 init_replace=0 gate=0
[T2slv] t=81.3040 phase=1 init_cost=523.401 final_cost=510.392 iters=9 term=1 slv_ms=15.0
[T2diag] t=81.3040 P=[0.1456 0.3121 0.7504] V=[-0.0012 -0.0092 0.0075] |Bas|=0.369620 |Bgs|=0.0047986 tic0=[0.1200 0.0500 -0.0200] tic1=[0.1200 -0.0500 -0.0200] td=0.00000 track=95
[E2uls] flag=1 sh_t=81.336 new_t=81.336 dP=[0.0011 0.0007 -0.0005] |dP|=0.0014 first_dt=-1.0000
time: 81.304000, t: 0.145552 0.312109 0.750397 q: 0.999732 -0.003744 -0.022807 -0.001161 
[T2gate] t=81.4360 tri=29 rej=0 xrej=0 init_replace=0 gate=0
[T2slv] t=81.4360 phase=1 init_cost=521.273 final_cost=510.212 iters=9 term=1 slv_ms=15.0
[T2diag] t=81.4360 P=[0.1457 0.3132 0.7504] V=[0.0054 0.0104 -0.0007] |Bas|=0.369620 |Bgs|=0.0079535 tic0=[0.1200 0.0500 -0.0200] tic1=[0.1200 -0.0500 -0.0200] td=0.00000 track=93
[E2uls] flag=1 sh_t=81.476 new_t=81.476 dP=[0.0007 -0.0034 0.0011] |dP|=0.0036 first_dt=-1.0000
time: 81.436000, t: 0.145723 0.313205 0.750410 q: 0.999725 -0.004852 -0.022913 -0.001507 
[T2depth] t=81.5360 id=5910 src=stereo u=602.0 v=74.0 depth=2.5989 depth2=-1.0000 track=1 sf=10 flag=ok
[T2depth] t=81.5360 id=5911 src=stereo u=353.0 v=284.0 depth=7.8586 depth2=-1.0000 track=1 sf=10 flag=ok
[T2gate] t=81.5360 tri=30 rej=0 xrej=0 init_replace=0 gate=0
[T2slv] t=81.5360 phase=1 init_cost=522.91 final_cost=506.786 iters=9 term=1 slv_ms=13.5
[T2diag] t=81.5360 P=[0.1452 0.3131 0.7508] V=[-0.0042 -0.0018 0.0011] |Bas|=0.369620 |Bgs|=0.0106444 tic0=[0.1200 0.0500 -0.0200] tic1=[0.1200 -0.0500 -0.0200] td=0.00000 track=92
[E2uls] flag=1 sh_t=81.572 new_t=81.572 dP=[0.0020 0.0024 -0.0013] |dP|=0.0034 first_dt=-1.0000
time: 81.536000, t: 0.145202 0.313061 0.750765 q: 0.999718 -0.005113 -0.023130 -0.001443 
[T2depth] t=81.6360 id=5907 src=motion2 u=3.0 v=305.1 depth=0.0094 depth2=-1.0000 track=2 sf=9 flag=ok
[T2depth] t=81.6360 id=5909 src=motion2 u=515.0 v=100.0 depth=0.0013 depth2=-1.0000 track=2 sf=9 flag=ok
[T2depth] t=81.6360 id=5916 src=stereo u=612.0 v=74.0 depth=2.5982 depth2=-1.0000 track=1 sf=10 flag=ok
[T2gate] t=81.6360 tri=26 rej=0 xrej=0 init_replace=0 gate=0
[T2slv] t=81.6360 phase=1 init_cost=526.999 final_cost=508.352 iters=9 term=1 slv_ms=14.6
[T2diag] t=81.6360 P=[0.1452 0.3122 0.7515] V=[0.0025 -0.0056 0.0077] |Bas|=0.369620 |Bgs|=0.0073444 tic0=[0.1200 0.0500 -0.0200] tic1=[0.1200 -0.0500 -0.0200] td=0.00000 track=95
[E2uls] flag=1 sh_t=81.676 new_t=81.676 dP=[0.0000 0.0017 -0.0010] |dP|=0.0020 first_dt=-1.0000
time: 81.636000, t: 0.145192 0.312150 0.751473 q: 0.999719 -0.004558 -0.023231 -0.001236 
[T2depth] t=81.7360 id=5919 src=stereo u=618.0 v=74.0 depth=2.7516 depth2=-1.0000 track=1 sf=10 flag=ok
[T2depth] t=81.7360 id=5921 src=stereo u=353.0 v=284.0 depth=7.9407 depth2=-1.0000 track=1 sf=10 flag=ok
[T2gate] t=81.7360 tri=25 rej=0 xrej=0 init_replace=0 gate=0
[T2slv] t=81.7360 phase=1 init_cost=522.518 final_cost=509.521 iters=9 term=1 slv_ms=15.3
[T2diag] t=81.7360 P=[0.1453 0.3119 0.7513] V=[0.0035 0.0026 -0.0038] |Bas|=0.369620 |Bgs|=0.0040991 tic0=[0.1200 0.0500 -0.0200] tic1=[0.1200 -0.0500 -0.0200] td=0.00000 track=93
[E2uls] flag=1 sh_t=81.780 new_t=81.780 dP=[0.0007 0.0001 0.0012] |dP|=0.0014 first_dt=-1.0000
time: 81.736000, t: 0.145336 0.311932 0.751315 q: 0.999723 -0.004320 -0.023116 -0.001201 
[T2depth] t=81.8360 id=5920 src=motion2 u=518.0 v=98.0 depth=0.0783 depth2=-1.0000 track=2 sf=9 flag=ok
[T2depth] t=81.8360 id=5924 src=stereo u=581.0 v=74.0 depth=2.7518 depth2=-1.0000 track=1 sf=10 flag=ok
[T2gate] t=81.8360 tri=24 rej=0 xrej=0 init_replace=0 gate=0
[T2slv] t=81.8360 phase=1 init_cost=524.013 final_cost=508.526 iters=9 term=1 slv_ms=14.9
[T2diag] t=81.8360 P=[0.1454 0.3129 0.7511] V=[0.0031 0.0089 -0.0017] |Bas|=0.369620 |Bgs|=0.0065181 tic0=[0.1200 0.0500 -0.0200] tic1=[0.1200 -0.0500 -0.0200] td=0.00000 track=95
[E2uls] flag=1 sh_t=81.876 new_t=81.876 dP=[0.0009 -0.0005 -0.0007] |dP|=0.0013 first_dt=-1.0000
time: 81.836000, t: 0.145409 0.312945 0.751115 q: 0.999725 -0.004248 -0.023037 -0.001453 
[T2xcross] t=81.9360 id=5921 est=7.9407 svd=2.2453 rel=0.7172 track=2 sf=9
[T2depth] t=81.9360 id=5925 src=stereo u=457.0 v=346.9 depth=3.4801 depth2=-1.0000 track=1 sf=10 flag=ok
[T2depth] t=81.9360 id=5926 src=stereo u=584.0 v=74.0 depth=2.5988 depth2=-1.0000 track=1 sf=10 flag=ok
[T2gate] t=81.9360 tri=23 rej=0 xrej=0 init_replace=0 gate=0
[T2slv] t=81.9360 phase=1 init_cost=520.614 final_cost=507.919 iters=9 term=1 slv_ms=15.6
[T2diag] t=81.9360 P=[0.1453 0.3132 0.7513] V=[0.0011 0.0029 0.0038] |Bas|=0.369620 |Bgs|=0.0019859 tic0=[0.1200 0.0500 -0.0200] tic1=[0.1200 -0.0500 -0.0200] td=0.00000 track=95
[E2uls] flag=1 sh_t=81.980 new_t=81.980 dP=[0.0012 0.0013 -0.0004] |dP|=0.0019 first_dt=-1.0000
time: 81.936000, t: 0.145305 0.313182 0.751271 q: 0.999726 -0.004231 -0.022976 -0.001557 
[T2xcross] t=82.0360 id=5925 est=3.4801 svd=0.8370 rel=0.7595 track=2 sf=9
[T2depth] t=82.0360 id=5927 src=stereo u=254.0 v=478.0 depth=1.5871 depth2=-1.0000 track=1 sf=10 flag=ok
[T2depth] t=82.0360 id=5928 src=stereo u=621.0 v=74.0 depth=2.7510 depth2=-1.0000 track=1 sf=10 flag=ok
[T2gate] t=82.0360 tri=23 rej=0 xrej=0 init_replace=0 gate=0
[T2slv] t=82.0360 phase=1 init_cost=518.707 final_cost=507.246 iters=9 term=1 slv_ms=13.9
[T2diag] t=82.0360 P=[0.1450 0.3136 0.7514] V=[-0.0004 0.0081 -0.0018] |Bas|=0.369620 |Bgs|=0.0063350 tic0=[0.1200 0.0500 -0.0200] tic1=[0.1200 -0.0500 -0.0200] td=0.00000 track=96
[E2uls] flag=1 sh_t=82.076 new_t=82.076 dP=[0.0017 0.0005 0.0002] |dP|=0.0017 first_dt=-1.0000
time: 82.036000, t: 0.145004 0.313618 0.751355 q: 0.999725 -0.004469 -0.022982 -0.001583 
[T2xcross] t=82.1360 id=5927 est=1.5871 svd=1.1604 rel=0.2688 track=2 sf=9
[T2depth] t=82.1360 id=5929 src=stereo u=596.0 v=74.0 depth=2.7517 depth2=-1.0000 track=1 sf=10 flag=ok
[T2gate] t=82.1360 tri=23 rej=0 xrej=0 init_replace=0 gate=0
[T2slv] t=82.1360 phase=1 init_cost=518.021 final_cost=506.643 iters=9 term=1 slv_ms=16.4
[T2diag] t=82.1360 P=[0.1450 0.3141 0.7511] V=[0.0030 0.0035 -0.0058] |Bas|=0.369620 |Bgs|=0.0025287 tic0=[0.1200 0.0500 -0.0200] tic1=[0.1200 -0.0500 -0.0200] td=0.00000 track=96
[E2uls] flag=1 sh_t=82.180 new_t=82.180 dP=[0.0006 0.0011 -0.0005] |dP|=0.0013 first_dt=-1.0000
time: 82.136000, t: 0.145046 0.314071 0.751074 q: 0.999726 -0.004394 -0.022946 -0.001439 
[T2gate] t=82.2360 tri=24 rej=0 xrej=0 init_replace=0 gate=0
[T2slv] t=82.2360 phase=1 init_cost=517.441 final_cost=505.231 iters=9 term=1 slv_ms=12.8
[T2diag] t=82.2360 P=[0.1454 0.3145 0.7508] V=[0.0067 0.0036 -0.0025] |Bas|=0.369620 |Bgs|=0.0063704 tic0=[0.1200 0.0500 -0.0200] tic1=[0.1200 -0.0500 -0.0200] td=0.00000 track=95
[E2uls] flag=1 sh_t=82.268 new_t=82.268 dP=[0.0005 0.0001 -0.0006] |dP|=0.0008 first_dt=-1.0000
time: 82.236000, t: 0.145409 0.314532 0.750764 q: 0.999731 -0.004216 -0.022768 -0.001332 
[T2depth] t=82.3360 id=5934 src=stereo u=254.1 v=478.1 depth=1.5818 depth2=-1.0000 track=1 sf=10 flag=ok
[T2gate] t=82.3360 tri=25 rej=0 xrej=0 init_replace=0 gate=0
[T2slv] t=82.3360 phase=1 init_cost=515.796 final_cost=503.501 iters=9 term=1 slv_ms=14.4
[T2diag] t=82.3360 P=[0.1455 0.3152 0.7506] V=[0.0046 0.0050 -0.0028] |Bas|=0.369620 |Bgs|=0.0015951 tic0=[0.1200 0.0500 -0.0200] tic1=[0.1200 -0.0500 -0.0200] td=0.00000 track=95
[E2uls] flag=1 sh_t=82.372 new_t=82.372 dP=[0.0021 -0.0005 -0.0003] |dP|=0.0021 first_dt=-1.0000
time: 82.336000, t: 0.145496 0.315181 0.750598 q: 0.999732 -0.004231 -0.022708 -0.001377 
[T2depth] t=82.4360 id=5938 src=stereo u=606.0 v=74.0 depth=2.9238 depth2=-1.0000 track=1 sf=10 flag=ok
[T2gate] t=82.4360 tri=25 rej=0 xrej=0 init_replace=0 gate=0
[T2slv] t=82.4360 phase=1 init_cost=516.545 final_cost=505.568 iters=9 term=1 slv_ms=11.9
[T2diag] t=82.4360 P=[0.1448 0.3143 0.7511] V=[-0.0038 -0.0090 0.0065] |Bas|=0.369620 |Bgs|=0.0086113 tic0=[0.1200 0.0500 -0.0200] tic1=[0.1200 -0.0500 -0.0200] td=0.00000 track=95
[E2uls] flag=1 sh_t=82.468 new_t=82.468 dP=[0.0025 0.0018 -0.0007] |dP|=0.0032 first_dt=-1.0000
time: 82.436000, t: 0.144753 0.314337 0.751147 q: 0.999727 -0.004359 -0.022937 -0.001217 
[T2depth] t=82.5360 id=5941 src=stereo u=352.7 v=284.2 depth=7.8732 depth2=-1.0000 track=1 sf=10 flag=ok
[T2depth] t=82.5360 id=5943 src=stereo u=583.0 v=74.0 depth=2.7511 depth2=-1.0000 track=1 sf=10 flag=ok
[T2gate] t=82.5360 tri=27 rej=0 xrej=0 init_replace=0 gate=0
[T2slv] t=82.5360 phase=1 init_cost=518.556 final_cost=507.55 iters=9 term=1 slv_ms=12.6
[T2diag] t=82.5360 P=[0.1444 0.3137 0.7519] V=[0.0001 -0.0046 0.0051] |Bas|=0.369620 |Bgs|=0.0054770 tic0=[0.1200 0.0500 -0.0200] tic1=[0.1200 -0.0500 -0.0200] td=0.00000 track=93
[E2uls] flag=1 sh_t=82.568 new_t=82.568 dP=[0.0003 -0.0005 -0.0002] |dP|=0.0006 first_dt=-1.0000
time: 82.536000, t: 0.144424 0.313668 0.751944 q: 0.999720 -0.004654 -0.023176 -0.001048 
[T2depth] t=82.6680 id=5948 src=stereo u=608.0 v=74.0 depth=2.7518 depth2=-1.0000 track=1 sf=10 flag=ok
[T2gate] t=82.6680 tri=26 rej=0 xrej=0 init_replace=0 gate=0
[T2slv] t=82.6680 phase=1 init_cost=520.199 final_cost=506.548 iters=9 term=1 slv_ms=16.1
[T2diag] t=82.6680 P=[0.1443 0.3137 0.7518] V=[0.0003 0.0021 -0.0036] |Bas|=0.369620 |Bgs|=0.0038180 tic0=[0.1200 0.0500 -0.0200] tic1=[0.1200 -0.0500 -0.0200] td=0.00000 track=94
[E2uls] flag=1 sh_t=82.708 new_t=82.708 dP=[0.0010 -0.0006 0.0008] |dP|=0.0014 first_dt=-1.0000
time: 82.668000, t: 0.144277 0.313671 0.751783 q: 0.999721 -0.004718 -0.023128 -0.000917 
[T2gate] t=82.7720 tri=25 rej=0 xrej=0 init_replace=0 gate=0
[T2slv] t=82.7720 phase=1 init_cost=516.393 final_cost=506.024 iters=9 term=1 slv_ms=14.9
[T2diag] t=82.7720 P=[0.1443 0.3146 0.7509] V=[0.0037 0.0070 -0.0079] |Bas|=0.369620 |Bgs|=0.0050971 tic0=[0.1200 0.0500 -0.0200] tic1=[0.1200 -0.0500 -0.0200] td=0.00000 track=93
[E2uls] flag=1 sh_t=82.808 new_t=82.808 dP=[0.0005 -0.0007 0.0000] |dP|=0.0009 first_dt=-1.0000
time: 82.772000, t: 0.144338 0.314570 0.750924 q: 0.999727 -0.004286 -0.022932 -0.001056 
[T2depth] t=82.9040 id=5951 src=motion2 u=521.0 v=96.0 depth=5.0000 depth2=-1.0000 track=2 sf=9 flag=init_neg
[T2depth] t=82.9040 id=5953 src=stereo u=417.8 v=477.8 depth=1.5803 depth2=-1.0000 track=1 sf=10 flag=ok
[T2depth] t=82.9040 id=5954 src=stereo u=636.6 v=72.9 depth=2.5983 depth2=-1.0000 track=1 sf=10 flag=ok
[T2depth] t=82.9040 id=5955 src=stereo u=253.8 v=477.7 depth=1.5836 depth2=-1.0000 track=1 sf=10 flag=ok
[T2depth] t=82.9040 id=5957 src=stereo u=93.9 v=322.8 depth=4.4338 depth2=-1.0000 track=1 sf=10 flag=ok
[T2depth] t=82.9040 id=5959 src=stereo u=354.0 v=287.0 depth=8.0863 depth2=-1.0000 track=1 sf=10 flag=ok
[T2gate] t=82.9040 tri=29 rej=0 xrej=0 init_replace=1 gate=0
[T2slv] t=82.9040 phase=1 init_cost=524.465 final_cost=502.495 iters=9 term=1 slv_ms=16.0
[T2diag] t=82.9040 P=[0.1449 0.3164 0.7503] V=[0.0068 0.0130 -0.0040] |Bas|=0.369620 |Bgs|=0.0118037 tic0=[0.1200 0.0500 -0.0200] tic1=[0.1200 -0.0500 -0.0200] td=0.00000 track=93
[E2uls] flag=1 sh_t=82.948 new_t=82.948 dP=[0.0009 -0.0011 -0.0008] |dP|=0.0017 first_dt=-1.0000
time: 82.904000, t: 0.144858 0.316406 0.750329 q: 0.999735 -0.004371 -0.022531 -0.001518 
[T2xcross] t=83.0360 id=5953 est=1.5803 svd=0.6749 rel=0.5729 track=2 sf=9
[T2xcross] t=83.0360 id=5955 est=1.5836 svd=0.5157 rel=0.6743 track=2 sf=9
[T2gate] t=83.0360 tri=24 rej=0 xrej=0 init_replace=0 gate=0
[T2slv] t=83.0360 phase=1 init_cost=526.897 final_cost=500.554 iters=9 term=1 slv_ms=11.2
[T2diag] t=83.0360 P=[0.1444 0.3160 0.7505] V=[0.0001 -0.0065 0.0039] |Bas|=0.369620 |Bgs|=0.0062543 tic0=[0.1200 0.0500 -0.0200] tic1=[0.1200 -0.0500 -0.0200] td=0.00000 track=95
[E2uls] flag=1 sh_t=83.072 new_t=83.072 dP=[0.0027 0.0030 -0.0004] |dP|=0.0041 first_dt=-1.0000
time: 83.036000, t: 0.144428 0.316042 0.750455 q: 0.999729 -0.004276 -0.022832 -0.001686 
[T2depth] t=83.1360 id=5965 src=stereo u=352.6 v=287.1 depth=7.5453 depth2=-1.0000 track=1 sf=10 flag=ok
[T2gate] t=83.1360 tri=27 rej=0 xrej=0 init_replace=0 gate=0
[T2slv] t=83.1360 phase=1 init_cost=519.47 final_cost=504.651 iters=9 term=1 slv_ms=14.1
[T2diag] t=83.1360 P=[0.1440 0.3148 0.7511] V=[-0.0015 -0.0089 0.0058] |Bas|=0.369620 |Bgs|=0.0070247 tic0=[0.1200 0.0500 -0.0200] tic1=[0.1200 -0.0500 -0.0200] td=0.00000 track=92
[E2uls] flag=1 sh_t=83.180 new_t=83.180 dP=[0.0014 0.0010 -0.0001] |dP|=0.0018 first_dt=-1.0000
time: 83.136000, t: 0.143989 0.314769 0.751090 q: 0.999725 -0.004154 -0.023012 -0.001499 
[T2depth] t=83.2360 id=5963 src=motion2 u=515.0 v=100.0 depth=5.0000 depth2=-1.0000 track=2 sf=9 flag=init_neg
[T2depth] t=83.2360 id=5970 src=stereo u=636.0 v=74.0 depth=2.5988 depth2=-1.0000 track=1 sf=10 flag=ok
[T2gate] t=83.2360 tri=27 rej=0 xrej=0 init_replace=1 gate=0
[T2slv] t=83.2360 phase=1 init_cost=524.733 final_cost=504.721 iters=9 term=1 slv_ms=12.2
[T2diag] t=83.2360 P=[0.1440 0.3157 0.7507] V=[0.0017 0.0108 -0.0035] |Bas|=0.369620 |Bgs|=0.0155608 tic0=[0.1200 0.0500 -0.0200] tic1=[0.1200 -0.0500 -0.0200] td=0.00000 track=93
[E2uls] flag=1 sh_t=83.268 new_t=83.268 dP=[0.0003 -0.0025 0.0016] |dP|=0.0030 first_dt=-1.0000
time: 83.236000, t: 0.144011 0.315688 0.750709 q: 0.999724 -0.004617 -0.022976 -0.001534 
[T2depth] t=83.3360 id=5977 src=stereo u=628.0 v=74.0 depth=2.5988 depth2=-1.0000 track=1 sf=10 flag=ok
[T2depth] t=83.3360 id=5978 src=stereo u=254.0 v=478.0 depth=1.5827 depth2=-1.0000 track=1 sf=10 flag=ok
[T2gate] t=83.3360 tri=28 rej=0 xrej=0 init_replace=0 gate=0
[T2slv] t=83.3360 phase=1 init_cost=519.069 final_cost=501.398 iters=9 term=1 slv_ms=14.8
[T2diag] t=83.3360 P=[0.1446 0.3169 0.7501] V=[0.0079 0.0111 -0.0071] |Bas|=0.369620 |Bgs|=0.0094774 tic0=[0.1200 0.0500 -0.0200] tic1=[0.1200 -0.0500 -0.0200] td=0.00000 track=92
[E2uls] flag=1 sh_t=83.380 new_t=83.380 dP=[0.0005 0.0011 -0.0001] |dP|=0.0012 first_dt=-1.0000
time: 83.336000, t: 0.144584 0.316860 0.750057 q: 0.999726 -0.004761 -0.022847 -0.001590 
[T2depth] t=83.4360 id=5973 src=motion2 u=517.6 v=97.9 depth=5.0000 depth2=-1.0000 track=2 sf=9 flag=init_neg
[T2depth] t=83.4360 id=5976 src=motion2 u=2.2 v=305.0 depth=0.1404 depth2=-1.0000 track=2 sf=9 flag=ok
[T2depth] t=83.4360 id=5982 src=stereo u=354.0 v=287.0 depth=7.5369 depth2=-1.0000 track=1 sf=10 flag=ok
[T2gate] t=83.4360 tri=26 rej=0 xrej=0 init_replace=1 gate=0
[T2slv] t=83.4360 phase=1 init_cost=515.138 final_cost=501.913 iters=9 term=1 slv_ms=12.4
[T2diag] t=83.4360 P=[0.1443 0.3154 0.7502] V=[-0.0001 -0.0121 0.0020] |Bas|=0.369620 |Bgs|=0.0049273 tic0=[0.1200 0.0500 -0.0200] tic1=[0.1200 -0.0500 -0.0200] td=0.00000 track=95
[E2uls] flag=1 sh_t=83.468 new_t=83.468 dP=[0.0021 0.0039 -0.0013] |dP|=0.0046 first_dt=-1.0000
time: 83.436000, t: 0.144313 0.315380 0.750238 q: 0.999727 -0.004261 -0.022935 -0.001204 
[T2xcross] t=83.5360 id=5978 est=1.5827 svd=1.1604 rel=0.2669 track=2 sf=9
[T2xcross] t=83.5360 id=5982 est=7.5369 svd=1.3696 rel=0.8183 track=2 sf=9
[T2gate] t=83.5360 tri=23 rej=0 xrej=0 init_replace=0 gate=0
[T2slv] t=83.5360 phase=1 init_cost=514.303 final_cost=503.93 iters=9 term=1 slv_ms=16.6
[T2diag] t=83.5360 P=[0.1443 0.3146 0.7504] V=[0.0016 -0.0048 0.0028] |Bas|=0.369620 |Bgs|=0.0047681 tic0=[0.1200 0.0500 -0.0200] tic1=[0.1200 -0.0500 -0.0200] td=0.00000 track=96
[E2uls] flag=1 sh_t=83.580 new_t=83.580 dP=[0.0001 -0.0010 0.0006] |dP|=0.0011 first_dt=-1.0000
time: 83.536000, t: 0.144309 0.314605 0.750376 q: 0.999730 -0.003937 -0.022895 -0.000978 
[T2depth] t=83.6360 id=5986 src=stereo u=591.0 v=73.0 depth=2.7519 depth2=-1.0000 track=1 sf=10 flag=ok
[T2gate] t=83.6360 tri=24 rej=0 xrej=0 init_replace=0 gate=0
[T2slv] t=83.6360 phase=1 init_cost=520.406 final_cost=504.425 iters=9 term=1 slv_ms=15.6
[T2diag] t=83.6360 P=[0.1446 0.3149 0.7500] V=[0.0061 0.0034 -0.0029] |Bas|=0.369620 |Bgs|=0.0086608 tic0=[0.1200 0.0500 -0.0200] tic1=[0.1200 -0.0500 -0.0200] td=0.00000 track=95
[E2uls] flag=1 sh_t=83.676 new_t=83.676 dP=[0.0002 -0.0013 0.0011] |dP|=0.0017 first_dt=-1.0000
time: 83.636000, t: 0.144648 0.314894 0.750018 q: 0.999730 -0.004020 -0.022861 -0.001032 
[T2depth] t=83.7360 id=5988 src=stereo u=417.8 v=478.1 depth=1.5834 depth2=-1.0000 track=1 sf=10 flag=ok
[T2depth] t=83.7360 id=5990 src=stereo u=589.0 v=73.0 depth=2.5988 depth2=-1.0000 track=1 sf=10 flag=ok
[T2gate] t=83.7360 tri=25 rej=0 xrej=0 init_replace=0 gate=0
[T2slv] t=83.7360 phase=1 init_cost=517.121 final_cost=504.204 iters=9 term=1 slv_ms=13.5
[T2diag] t=83.7360 P=[0.1446 0.3147 0.7497] V=[0.0025 -0.0020 -0.0024] |Bas|=0.369620 |Bgs|=0.0078403 tic0=[0.1200 0.0500 -0.0200] tic1=[0.1200 -0.0500 -0.0200] td=0.00000 track=95
[E2uls] flag=1 sh_t=83.768 new_t=83.768 dP=[0.0019 0.0007 -0.0000] |dP|=0.0021 first_dt=-1.0000
time: 83.736000, t: 0.144574 0.314749 0.749697 q: 0.999726 -0.004303 -0.022978 -0.001233 
[T2depth] t=83.8360 id=3678 src=stereo u=430.8 v=284.3 depth=7.8082 depth2=-1.0000 track=1 sf=10 flag=ok
[T2depth] t=83.8360 id=5993 src=stereo u=586.0 v=73.0 depth=2.7523 depth2=-1.0000 track=1 sf=10 flag=ok
[T2gate] t=83.8360 tri=26 rej=0 xrej=0 init_replace=0 gate=0
[T2slv] t=83.8360 phase=1 init_cost=497.928 final_cost=470.42 iters=9 term=1 slv_ms=15.4
[T2diag] t=83.8360 P=[0.1444 0.3161 0.7497] V=[0.0044 0.0011 -0.0007] |Bas|=0.369620 |Bgs|=0.0075035 tic0=[0.1200 0.0500 -0.0200] tic1=[0.1200 -0.0500 -0.0200] td=0.00000 track=93
[E2uls] flag=1 sh_t=83.884 new_t=83.884 dP=[0.0014 -0.0016 -0.0003] |dP|=0.0021 first_dt=-1.0000
time: 83.836000, t: 0.144448 0.316107 0.749713 q: 0.999728 -0.004441 -0.022817 -0.001822 
[T2xcross] t=83.9360 id=3678 est=7.8082 svd=0.4532 rel=0.9420 track=2 sf=9
[T2depth] t=83.9360 id=5994 src=motion2 u=519.0 v=97.0 depth=5.0000 depth2=-1.0000 track=2 sf=9 flag=init_neg
[T2depth] t=83.9360 id=5996 src=stereo u=635.8 v=72.9 depth=2.7517 depth2=-1.0000 track=1 sf=10 flag=ok
[T2depth] t=83.9360 id=5997 src=stereo u=418.0 v=478.0 depth=1.5788 depth2=-1.0000 track=1 sf=10 flag=ok
[T2gate] t=83.9360 tri=25 rej=0 xrej=0 init_replace=1 gate=0
[T2slv] t=83.9360 phase=1 init_cost=480.162 final_cost=467.858 iters=9 term=1 slv_ms=13.6
[T2diag] t=83.9360 P=[0.1449 0.3167 0.7492] V=[0.0089 0.0074 -0.0046] |Bas|=0.369620 |Bgs|=0.0035793 tic0=[0.1200 0.0500 -0.0200] tic1=[0.1200 -0.0500 -0.0200] td=0.00000 track=95
[E2uls] flag=1 sh_t=83.972 new_t=83.972 dP=[0.0011 -0.0002 0.0008] |dP|=0.0014 first_dt=-1.0000
time: 83.936000, t: 0.144923 0.316681 0.749152 q: 0.999730 -0.004615 -0.022658 -0.002149 
[T2depth] t=84.0400 id=5998 src=stereo u=93.2 v=323.1 depth=4.4456 depth2=-1.0000 track=1 sf=10 flag=ok
[T2gate] t=84.0400 tri=23 rej=0 xrej=0 init_replace=0 gate=0
[T2slv] t=84.0400 phase=1 init_cost=479.687 final_cost=465.974 iters=9 term=1 slv_ms=15.1
[T2diag] t=84.0400 P=[0.1450 0.3160 0.7489] V=[0.0036 -0.0051 -0.0043] |Bas|=0.369620 |Bgs|=0.0048939 tic0=[0.1200 0.0500 -0.0200] tic1=[0.1200 -0.0500 -0.0200] td=0.00000 track=95
[E2uls] flag=1 sh_t=84.076 new_t=84.076 dP=[0.0021 0.0024 -0.0007] |dP|=0.0033 first_dt=-1.0000
time: 84.040000, t: 0.145022 0.316007 0.748919 q: 0.999730 -0.004574 -0.022700 -0.001929 
[T2depth] t=84.1360 id=6000 src=motion2 u=513.0 v=101.0 depth=0.0477 depth2=-1.0000 track=2 sf=9 flag=ok
[T2depth] t=84.1360 id=6002 src=stereo u=418.0 v=478.0 depth=1.5782 depth2=-1.0000 track=1 sf=10 flag=ok
[T2depth] t=84.1360 id=6003 src=stereo u=615.0 v=73.0 depth=2.7517 depth2=-1.0000 track=1 sf=10 flag=ok
[T2gate] t=84.1360 tri=25 rej=0 xrej=0 init_replace=0 gate=0
[T2slv] t=84.1360 phase=1 init_cost=483.731 final_cost=467.979 iters=9 term=1 slv_ms=15.2
[T2diag] t=84.1360 P=[0.1451 0.3154 0.7489] V=[0.0034 -0.0071 0.0006] |Bas|=0.369620 |Bgs|=0.0085627 tic0=[0.1200 0.0500 -0.0200] tic1=[0.1200 -0.0500 -0.0200] td=0.00000 track=95
[E2uls] flag=1 sh_t=84.180 new_t=84.180 dP=[0.0017 -0.0001 -0.0004] |dP|=0.0017 first_dt=-1.0000
time: 84.136000, t: 0.145078 0.315413 0.748868 q: 0.999731 -0.004345 -0.022732 -0.001562 
[T2depth] t=84.2360 id=6006 src=stereo u=605.0 v=74.0 depth=2.7519 depth2=-1.0000 track=1 sf=10 flag=ok
[T2depth] t=84.2360 id=6007 src=stereo u=353.0 v=284.0 depth=7.8408 depth2=-1.0000 track=1 sf=10 flag=ok
[T2gate] t=84.2360 tri=24 rej=0 xrej=0 init_replace=0 gate=0
[T2slv] t=84.2360 phase=1 init_cost=485.434 final_cost=471.434 iters=9 term=1 slv_ms=15.3
[T2diag] t=84.2360 P=[0.1446 0.3141 0.7496] V=[-0.0030 -0.0119 0.0057] |Bas|=0.369620 |Bgs|=0.0050375 tic0=[0.1200 0.0500 -0.0200] tic1=[0.1200 -0.0500 -0.0200] td=0.00000 track=95
[E2uls] flag=1 sh_t=84.276 new_t=84.276 dP=[0.0022 0.0003 -0.0007] |dP|=0.0024 first_dt=-1.0000
time: 84.236000, t: 0.144564 0.314059 0.749585 q: 0.999724 -0.004608 -0.023032 -0.000993 
[T2depth] t=84.3360 id=6009 src=stereo u=418.0 v=478.0 depth=1.5811 depth2=-1.0000 track=1 sf=10 flag=ok
[T2depth] t=84.3360 id=6011 src=stereo u=613.0 v=73.0 depth=2.7516 depth2=-1.0000 track=1 sf=10 flag=ok
[T2depth] t=84.3360 id=6012 src=stereo u=421.0 v=312.0 depth=5.2527 depth2=-1.0000 track=1 sf=10 flag=ok
[T2gate] t=84.3360 tri=27 rej=0 xrej=0 init_replace=0 gate=0
[T2slv] t=84.3360 phase=1 init_cost=486.02 final_cost=469.708 iters=9 term=1 slv_ms=13.9
[T2diag] t=84.3360 P=[0.1454 0.3155 0.7491] V=[0.0077 0.0130 -0.0032] |Bas|=0.369620 |Bgs|=0.0092287 tic0=[0.1200 0.0500 -0.0200] tic1=[0.1200 -0.0500 -0.0200] td=0.00000 track=94
[E2uls] flag=1 sh_t=84.368 new_t=84.368 dP=[-0.0013 -0.0039 0.0016] |dP|=0.0044 first_dt=-1.0000
time: 84.336000, t: 0.145354 0.315510 0.749110 q: 0.999728 -0.004958 -0.022775 -0.001069 
[T2xcross] t=84.4360 id=6009 est=1.5811 svd=0.8344 rel=0.4722 track=2 sf=9
[T2xcross] t=84.4360 id=6012 est=5.2527 svd=1.0175 rel=0.8063 track=2 sf=9
[T2depth] t=84.4360 id=6019 src=stereo u=583.0 v=73.0 depth=2.5988 depth2=-1.0000 track=1 sf=10 flag=ok
[T2gate] t=84.4360 tri=26 rej=0 xrej=0 init_replace=0 gate=0
[T2slv] t=84.4360 phase=1 init_cost=483.243 final_cost=463.321 iters=9 term=1 slv_ms=13.5
[T2diag] t=84.4360 P=[0.1459 0.3169 0.7486] V=[0.0099 0.0134 -0.0052] |Bas|=0.369620 |Bgs|=0.0038572 tic0=[0.1200 0.0500 -0.0200] tic1=[0.1200 -0.0500 -0.0200] td=0.00000 track=96
[E2uls] flag=1 sh_t=84.468 new_t=84.468 dP=[0.0014 0.0008 -0.0001] |dP|=0.0016 first_dt=-1.0000
time: 84.436000, t: 0.145916 0.316901 0.748567 q: 0.999734 -0.005024 -0.022472 -0.001344 
[T2depth] t=84.5360 id=6024 src=stereo u=354.0 v=284.0 depth=7.6041 depth2=-1.0000 track=1 sf=10 flag=ok
[T2gate] t=84.5360 tri=25 rej=0 xrej=0 init_replace=0 gate=0
[T2slv] t=84.5360 phase=1 init_cost=480.345 final_cost=463.904 iters=9 term=1 slv_ms=10.2
[T2diag] t=84.5360 P=[0.1458 0.3148 0.7488] V=[0.0019 -0.0187 0.0035] |Bas|=0.369620 |Bgs|=0.0056948 tic0=[0.1200 0.0500 -0.0200] tic1=[0.1200 -0.0500 -0.0200] td=0.00000 track=94
[E2uls] flag=1 sh_t=84.564 new_t=84.564 dP=[0.0023 0.0049 -0.0012] |dP|=0.0055 first_dt=-1.0000
time: 84.536000, t: 0.145810 0.314793 0.748834 q: 0.999733 -0.004534 -0.022636 -0.001100 
[T2depth] t=84.6360 id=6021 src=motion2 u=522.0 v=95.0 depth=5.0000 depth2=-1.0000 track=2 sf=9 flag=init_neg
[T2depth] t=84.6360 id=6023 src=motion2 u=3.6 v=305.1 depth=5.0000 depth2=-1.0000 track=2 sf=9 flag=init_neg
[T2depth] t=84.6360 id=6025 src=stereo u=584.0 v=73.0 depth=2.7518 depth2=-1.0000 track=1 sf=10 flag=ok
[T2gate] t=84.6360 tri=25 rej=0 xrej=0 init_replace=2 gate=0
[T2slv] t=84.6360 phase=1 init_cost=484.992 final_cost=469.3 iters=9 term=1 slv_ms=13.1
[T2diag] t=84.6360 P=[0.1456 0.3138 0.7495] V=[0.0012 -0.0072 0.0069] |Bas|=0.369620 |Bgs|=0.0084088 tic0=[0.1200 0.0500 -0.0200] tic1=[0.1200 -0.0500 -0.0200] td=0.00000 track=96
[E2uls] flag=1 sh_t=84.664 new_t=84.664 dP=[0.0009 -0.0019 0.0002] |dP|=0.0021 first_dt=-1.0000
time: 84.636000, t: 0.145647 0.313849 0.749452 q: 0.999731 -0.004416 -0.022738 -0.001070 
[T2depth] t=84.7360 id=6029 src=stereo u=583.0 v=73.0 depth=2.5982 depth2=-1.0000 track=1 sf=10 flag=ok
[T2depth] t=84.7360 id=6030 src=stereo u=199.0 v=285.0 depth=7.5457 depth2=-1.0000 track=1 sf=10 flag=ok
[T2gate] t=84.7360 tri=24 rej=0 xrej=0 init_replace=0 gate=0
[T2slv] t=84.7360 phase=1 init_cost=489.444 final_cost=470.622 iters=9 term=1 slv_ms=13.8
[T2diag] t=84.7360 P=[0.1460 0.3138 0.7497] V=[0.0038 0.0018 0.0014] |Bas|=0.369620 |Bgs|=0.0050391 tic0=[0.1200 0.0500 -0.0200] tic1=[0.1200 -0.0500 -0.0200] td=0.00000 track=95
[E2uls] flag=1 sh_t=84.772 new_t=84.772 dP=[0.0003 -0.0009 0.0005] |dP|=0.0010 first_dt=-1.0000
time: 84.736000, t: 0.145961 0.313787 0.749688 q: 0.999732 -0.004504 -0.022675 -0.001153 
[T2depth] t=84.8360 id=6031 src=stereo u=620.0 v=73.0 depth=2.5988 depth2=-1.0000 track=1 sf=10 flag=ok
[T2gate] t=84.8360 tri=22 rej=0 xrej=0 init_replace=0 gate=0
[T2slv] t=84.8360 phase=1 init_cost=481.445 final_cost=470.01 iters=9 term=1 slv_ms=12.3
[T2diag] t=84.8360 P=[0.1459 0.3138 0.7496] V=[0.0015 -0.0000 0.0017] |Bas|=0.369620 |Bgs|=0.0032162 tic0=[0.1200 0.0500 -0.0200] tic1=[0.1200 -0.0500 -0.0200] td=0.00000 track=95
[E2uls] flag=1 sh_t=84.868 new_t=84.868 dP=[0.0012 0.0002 0.0006] |dP|=0.0013 first_dt=-1.0000
time: 84.836000, t: 0.145860 0.313797 0.749628 q: 0.999729 -0.004688 -0.022783 -0.001153 
[T2depth] t=84.9360 id=6034 src=stereo u=596.0 v=73.0 depth=2.5984 depth2=-1.0000 track=1 sf=10 flag=ok
[T2gate] t=84.9360 tri=24 rej=0 xrej=0 init_replace=0 gate=0
[T2slv] t=84.9360 phase=1 init_cost=481.465 final_cost=470.911 iters=9 term=1 slv_ms=13.5
[T2diag] t=84.9360 P=[0.1462 0.3133 0.7497] V=[0.0052 -0.0040 0.0005] |Bas|=0.369620 |Bgs|=0.0033226 tic0=[0.1200 0.0500 -0.0200] tic1=[0.1200 -0.0500 -0.0200] td=0.00000 track=94
[E2uls] flag=1 sh_t=84.968 new_t=84.968 dP=[0.0003 0.0002 0.0005] |dP|=0.0006 first_dt=-1.0000
time: 84.936000, t: 0.146231 0.313350 0.749724 q: 0.999732 -0.004508 -0.022694 -0.000995 
[T2xcross] t=85.0680 id=6030 est=7.5457 svd=0.8137 rel=0.8922 track=2 sf=9
[T2depth] t=85.0680 id=6032 src=motion2 u=514.9 v=100.1 depth=0.1477 depth2=-1.0000 track=2 sf=9 flag=ok
[T2depth] t=85.0680 id=6037 src=stereo u=94.0 v=322.9 depth=4.4499 depth2=-1.0000 track=1 sf=10 flag=ok
[T2depth] t=85.0680 id=6038 src=stereo u=462.0 v=351.0 depth=3.3475 depth2=-1.0000 track=1 sf=10 flag=ok
[T2gate] t=85.0680 tri=25 rej=0 xrej=0 init_replace=0 gate=0
[T2slv] t=85.0680 phase=1 init_cost=479.953 final_cost=469.79 iters=9 term=1 slv_ms=16.0
[T2diag] t=85.0680 P=[0.1467 0.3135 0.7493] V=[0.0072 0.0029 -0.0060] |Bas|=0.369620 |Bgs|=0.0041440 tic0=[0.1200 0.0500 -0.0200] tic1=[0.1200 -0.0500 -0.0200] td=0.00000 track=95
[E2uls] flag=1 sh_t=85.108 new_t=85.108 dP=[0.0011 -0.0010 0.0005] |dP|=0.0016 first_dt=-1.0000
time: 85.068000, t: 0.146705 0.313487 0.749294 q: 0.999732 -0.004597 -0.022673 -0.000987 
[T2xcross] t=85.1720 id=6037 est=4.4499 svd=1.1356 rel=0.7448 track=2 sf=9
[T2depth] t=85.1720 id=6040 src=stereo u=592.0 v=73.0 depth=2.7516 depth2=-1.0000 track=1 sf=10 flag=ok
[T2depth] t=85.1720 id=6041 src=stereo u=354.0 v=284.0 depth=7.6724 depth2=-1.0000 track=1 sf=10 flag=ok
[T2gate] t=85.1720 tri=23 rej=0 xrej=0 init_replace=0 gate=0
[T2slv] t=85.1720 phase=1 init_cost=478.616 final_cost=467.657 iters=9 term=1 slv_ms=14.5
[T2diag] t=85.1720 P=[0.1469 0.3136 0.7491] V=[0.0052 0.0020 -0.0019] |Bas|=0.369620 |Bgs|=0.0040303 tic0=[0.1200 0.0500 -0.0200] tic1=[0.1200 -0.0500 -0.0200] td=0.00000 track=96
[E2uls] flag=1 sh_t=85.212 new_t=85.212 dP=[0.0017 0.0007 -0.0009] |dP|=0.0021 first_dt=-1.0000
time: 85.172000, t: 0.146905 0.313639 0.749080 q: 0.999730 -0.004809 -0.022706 -0.001139 
[T2gate] t=85.3040 tri=23 rej=0 xrej=0 init_replace=0 gate=0
[T2slv] t=85.3040 phase=1 init_cost=480.702 final_cost=469.698 iters=9 term=1 slv_ms=16.2
[T2diag] t=85.3040 P=[0.1468 0.3126 0.7495] V=[0.0017 -0.0082 0.0010] |Bas|=0.369620 |Bgs|=0.0041463 tic0=[0.1200 0.0500 -0.0200] tic1=[0.1200 -0.0500 -0.0200] td=0.00000 track=95
[E2uls] flag=1 sh_t=85.348 new_t=85.348 dP=[0.0022 0.0020 -0.0010] |dP|=0.0032 first_dt=-1.0000
time: 85.304000, t: 0.146794 0.312648 0.749466 q: 0.999729 -0.004555 -0.022793 -0.001158 
[T2depth] t=85.4400 id=6042 src=motion2 u=522.0 v=95.0 depth=0.2378 depth2=-1.0000 track=2 sf=9 flag=ok
[T2gate] t=85.4400 tri=23 rej=0 xrej=0 init_replace=0 gate=0
[T2slv] t=85.4400 phase=1 init_cost=489.021 final_cost=473.577 iters=9 term=1 slv_ms=17.0
[T2diag] t=85.4400 P=[0.1466 0.3118 0.7501] V=[0.0012 -0.0058 0.0040] |Bas|=0.369620 |Bgs|=0.0042808 tic0=[0.1200 0.0500 -0.0200] tic1=[0.1200 -0.0500 -0.0200] td=0.00000 track=96
[E2uls] flag=1 sh_t=85.484 new_t=85.484 dP=[0.0013 -0.0005 0.0000] |dP|=0.0014 first_dt=-1.0000
time: 85.440000, t: 0.146603 0.311762 0.750125 q: 0.999729 -0.004430 -0.022813 -0.001205 
[T2depth] t=85.5360 id=6045 src=stereo u=221.0 v=306.0 depth=5.7382 depth2=-1.0000 track=1 sf=10 flag=ok
[T2gate] t=85.5360 tri=24 rej=0 xrej=0 init_replace=0 gate=0
[T2slv] t=85.5360 phase=1 init_cost=482.338 final_cost=471.17 iters=9 term=1 slv_ms=14.4
[T2diag] t=85.5360 P=[0.1476 0.3130 0.7499] V=[0.0138 0.0112 -0.0048] |Bas|=0.369620 |Bgs|=0.0104629 tic0=[0.1200 0.0500 -0.0200] tic1=[0.1200 -0.0500 -0.0200] td=0.00000 track=93
[E2uls] flag=1 sh_t=85.580 new_t=85.580 dP=[-0.0001 -0.0035 0.0009] |dP|=0.0036 first_dt=-1.0000
time: 85.536000, t: 0.147574 0.312952 0.749893 q: 0.999732 -0.004894 -0.022566 -0.001587 
[T2xcross] t=85.6360 id=6045 est=5.7382 svd=0.4890 rel=0.9148 track=2 sf=9
[T2depth] t=85.6360 id=6052 src=stereo u=617.0 v=74.0 depth=2.5983 depth2=-1.0000 track=1 sf=10 flag=ok
[T2gate] t=85.6360 tri=29 rej=0 xrej=0 init_replace=0 gate=0
[T2slv] t=85.6360 phase=1 init_cost=478.604 final_cost=466.171 iters=9 term=1 slv_ms=13.5
[T2diag] t=85.6360 P=[0.1475 0.3135 0.7499] V=[0.0039 0.0024 0.0023] |Bas|=0.369620 |Bgs|=0.0053323 tic0=[0.1200 0.0500 -0.0200] tic1=[0.1200 -0.0500 -0.0200] td=0.00000 track=94
[E2uls] flag=1 sh_t=85.676 new_t=85.676 dP=[0.0035 0.0012 -0.0004] |dP|=0.0037 first_dt=-1.0000
time: 85.636000, t: 0.147524 0.313547 0.749873 q: 0.999727 -0.005325 -0.022668 -0.001752 
[T2depth] t=85.7360 id=6049 src=motion2 u=2.0 v=303.0 depth=5.0000 depth2=-1.0000 track=2 sf=9 flag=init_neg
[T2depth] t=85.7360 id=6060 src=stereo u=600.0 v=74.0 depth=2.5990 depth2=-1.0000 track=1 sf=10 flag=ok
[T2depth] t=85.7360 id=6061 src=stereo u=353.0 v=284.0 depth=7.9384 depth2=-1.0000 track=1 sf=10 flag=ok
[T2gate] t=85.7360 tri=31 rej=0 xrej=0 init_replace=1 gate=0
[T2slv] t=85.7360 phase=1 init_cost=481.286 final_cost=470.032 iters=9 term=1 slv_ms=12.2
[T2diag] t=85.7360 P=[0.1469 0.3122 0.7507] V=[-0.0045 -0.0125 0.0063] |Bas|=0.369620 |Bgs|=0.0071067 tic0=[0.1200 0.0500 -0.0200] tic1=[0.1200 -0.0500 -0.0200] td=0.00000 track=93
[E2uls] flag=1 sh_t=85.768 new_t=85.768 dP=[0.0019 0.0022 -0.0007] |dP|=0.0030 first_dt=-1.0000
time: 85.736000, t: 0.146889 0.312206 0.750731 q: 0.999723 -0.005083 -0.022952 -0.001497 
[T2depth] t=85.8360 id=6057 src=motion2 u=524.0 v=94.0 depth=0.1757 depth2=-1.0000 track=2 sf=9 flag=ok
[T2xcross] t=85.8360 id=6061 est=7.9384 svd=0.5111 rel=0.9356 track=2 sf=9
[T2depth] t=85.8360 id=6064 src=stereo u=629.0 v=74.0 depth=2.5988 depth2=-1.0000 track=1 sf=10 flag=ok
[T2gate] t=85.8360 tri=26 rej=0 xrej=0 init_replace=0 gate=0
[T2slv] t=85.8360 phase=1 init_cost=498.769 final_cost=476.256 iters=9 term=1 slv_ms=13.0
[T2diag] t=85.8360 P=[0.1471 0.3112 0.7511] V=[0.0045 -0.0057 0.0022] |Bas|=0.369620 |Bgs|=0.0060287 tic0=[0.1200 0.0500 -0.0200] tic1=[0.1200 -0.0500 -0.0200] td=0.00000 track=95
[E2uls] flag=1 sh_t=85.868 new_t=85.868 dP=[-0.0005 -0.0006 0.0008] |dP|=0.0011 first_dt=-1.0000
time: 85.836000, t: 0.147068 0.311226 0.751127 q: 0.999724 -0.004724 -0.022999 -0.001230 
[T2depth] t=85.9360 id=6066 src=stereo u=590.0 v=73.0 depth=2.7515 depth2=-1.0000 track=1 sf=10 flag=ok
[T2gate] t=85.9360 tri=23 rej=0 xrej=0 init_replace=0 gate=0
[T2slv] t=85.9360 phase=1 init_cost=489.665 final_cost=475.574 iters=9 term=1 slv_ms=12.2
[T2diag] t=85.9360 P=[0.1476 0.3121 0.7505] V=[0.0085 0.0068 -0.0077] |Bas|=0.369620 |Bgs|=0.0023401 tic0=[0.1200 0.0500 -0.0200] tic1=[0.1200 -0.0500 -0.0200] td=0.00000 track=95
[E2uls] flag=1 sh_t=85.972 new_t=85.972 dP=[0.0009 -0.0027 0.0008] |dP|=0.0029 first_dt=-1.0000
time: 85.936000, t: 0.147605 0.312066 0.750530 q: 0.999728 -0.004594 -0.022844 -0.001299 
[T2depth] t=86.0360 id=6069 src=stereo u=588.0 v=73.0 depth=2.7514 depth2=-1.0000 track=1 sf=10 flag=ok
[T2gate] t=86.0360 tri=22 rej=0 xrej=0 init_replace=0 gate=0
[T2slv] t=86.0360 phase=1 init_cost=482.908 final_cost=471.751 iters=9 term=1 slv_ms=10.9
[T2diag] t=86.0360 P=[0.1482 0.3131 0.7497] V=[0.0075 0.0094 -0.0088] |Bas|=0.369620 |Bgs|=0.0103085 tic0=[0.1200 0.0500 -0.0200] tic1=[0.1200 -0.0500 -0.0200] td=0.00000 track=95
[E2uls] flag=1 sh_t=86.068 new_t=86.068 dP=[0.0010 -0.0001 -0.0000] |dP|=0.0010 first_dt=-1.0000
time: 86.036000, t: 0.148197 0.313118 0.749681 q: 0.999729 -0.004628 -0.022749 -0.001460 
[T2depth] t=86.1360 id=6070 src=stereo u=254.1 v=478.1 depth=1.5822 depth2=-1.0000 track=1 sf=10 flag=ok
[T2depth] t=86.1360 id=6073 src=stereo u=636.0 v=73.0 depth=2.7511 depth2=-1.0000 track=1 sf=10 flag=ok
[T2gate] t=86.1360 tri=26 rej=0 xrej=0 init_replace=0 gate=0
[T2slv] t=86.1360 phase=1 init_cost=481.735 final_cost=470.566 iters=9 term=1 slv_ms=17.5
[T2diag] t=86.1360 P=[0.1483 0.3131 0.7496] V=[0.0046 0.0008 -0.0000] |Bas|=0.369620 |Bgs|=0.0061292 tic0=[0.1200 0.0500 -0.0200] tic1=[0.1200 -0.0500 -0.0200] td=0.00000 track=94
[E2uls] flag=1 sh_t=86.180 new_t=86.180 dP=[0.0021 0.0019 -0.0012] |dP|=0.0031 first_dt=-1.0000
time: 86.136000, t: 0.148294 0.313118 0.749573 q: 0.999733 -0.004162 -0.022683 -0.001402 
[T2gate] t=86.2360 tri=26 rej=0 xrej=0 init_replace=0 gate=0
[T2slv] t=86.2360 phase=1 init_cost=482.657 final_cost=470.891 iters=9 term=1 slv_ms=10.4
[T2diag] t=86.2360 P=[0.1485 0.3132 0.7496] V=[0.0058 -0.0004 0.0010] |Bas|=0.369620 |Bgs|=0.0046066 tic0=[0.1200 0.0500 -0.0200] tic1=[0.1200 -0.0500 -0.0200] td=0.00000 track=95
[E2uls] flag=1 sh_t=86.260 new_t=86.260 dP=[0.0010 -0.0003 0.0001] |dP|=0.0010 first_dt=-1.0000
time: 86.236000, t: 0.148529 0.313246 0.749649 q: 0.999735 -0.004077 -0.022607 -0.001344 
[T2xcross] t=86.3400 id=6070 est=1.5822 svd=0.8691 rel=0.4507 track=2 sf=9
[T2depth] t=86.3400 id=6084 src=stereo u=602.0 v=73.0 depth=2.7519 depth2=-1.0000 track=1 sf=10 flag=ok
[T2gate] t=86.3400 tri=26 rej=0 xrej=0 init_replace=0 gate=0
[T2slv] t=86.3400 phase=1 init_cost=480.215 final_cost=470.088 iters=9 term=1 slv_ms=14.9
[T2diag] t=86.3400 P=[0.1485 0.3134 0.7498] V=[0.0028 0.0033 0.0001] |Bas|=0.369620 |Bgs|=0.0022156 tic0=[0.1200 0.0500 -0.0200] tic1=[0.1200 -0.0500 -0.0200] td=0.00000 track=94
[E2uls] flag=1 sh_t=86.380 new_t=86.380 dP=[0.0018 0.0003 -0.0001] |dP|=0.0018 first_dt=-1.0000
time: 86.340000, t: 0.148540 0.313356 0.749768 q: 0.999733 -0.004334 -0.022652 -0.001293 
[T2depth] t=86.4360 id=6087 src=stereo u=458.0 v=347.0 depth=3.4665 depth2=-1.0000 track=1 sf=10 flag=ok
[T2gate] t=86.4360 tri=24 rej=0 xrej=0 init_replace=0 gate=0
[T2slv] t=86.4360 phase=1 init_cost=480.498 final_cost=470.759 iters=9 term=1 slv_ms=11.8
[T2diag] t=86.4360 P=[0.1483 0.3130 0.7501] V=[-0.0004 -0.0030 0.0018] |Bas|=0.369620 |Bgs|=0.0053835 tic0=[0.1200 0.0500 -0.0200] tic1=[0.1200 -0.0500 -0.0200] td=0.00000 track=94
[E2uls] flag=1 sh_t=86.476 new_t=86.476 dP=[0.0015 0.0010 -0.0011] |dP|=0.0021 first_dt=-1.0000
time: 86.436000, t: 0.148345 0.312993 0.750137 q: 0.999729 -0.004566 -0.022812 -0.001213 
[T2xcross] t=86.5360 id=6087 est=3.4665 svd=0.1824 rel=0.9474 track=2 sf=9
[T2depth] t=86.5360 id=6089 src=stereo u=599.0 v=73.0 depth=2.5988 depth2=-1.0000 track=1 sf=10 flag=ok
[T2gate] t=86.5360 tri=23 rej=0 xrej=0 init_replace=0 gate=0
[T2slv] t=86.5360 phase=1 init_cost=489.592 final_cost=473.106 iters=9 term=1 slv_ms=14.5
[T2diag] t=86.5360 P=[0.1481 0.3121 0.7508] V=[0.0011 -0.0057 0.0075] |Bas|=0.369620 |Bgs|=0.0040396 tic0=[0.1200 0.0500 -0.0200] tic1=[0.1200 -0.0500 -0.0200] td=0.00000 track=93
[E2uls] flag=1 sh_t=86.580 new_t=86.580 dP=[0.0009 0.0008 -0.0004] |dP|=0.0013 first_dt=-1.0000
time: 86.536000, t: 0.148118 0.312117 0.750759 q: 0.999727 -0.004558 -0.022885 -0.001050 
[T2depth] t=86.6360 id=6094 src=stereo u=221.0 v=307.0 depth=5.5755 depth2=-1.0000 track=1 sf=10 flag=ok
[T2gate] t=86.6360 tri=25 rej=0 xrej=0 init_replace=0 gate=0
[T2slv] t=86.6360 phase=1 init_cost=486.982 final_cost=475.179 iters=9 term=1 slv_ms=13.6
[T2diag] t=86.6360 P=[0.1480 0.3122 0.7511] V=[0.0014 0.0016 0.0009] |Bas|=0.369620 |Bgs|=0.0049399 tic0=[0.1200 0.0500 -0.0200] tic1=[0.1200 -0.0500 -0.0200] td=0.00000 track=92
[E2uls] flag=1 sh_t=86.676 new_t=86.676 dP=[0.0012 -0.0008 0.0004] |dP|=0.0015 first_dt=-1.0000
time: 86.636000, t: 0.147961 0.312247 0.751061 q: 0.999723 -0.004815 -0.023012 -0.001170 
[T2depth] t=86.7360 id=6090 src=motion2 u=516.5 v=99.0 depth=0.0617 depth2=-1.0000 track=2 sf=9 flag=ok
[T2depth] t=86.7360 id=6098 src=stereo u=637.0 v=74.0 depth=2.7516 depth2=-1.0000 track=1 sf=10 flag=ok
[T2gate] t=86.7360 tri=24 rej=0 xrej=0 init_replace=0 gate=0
[T2slv] t=86.7360 phase=1 init_cost=493.586 final_cost=477.023 iters=9 term=1 slv_ms=13.0
[T2diag] t=86.7360 P=[0.1478 0.3119 0.7512] V=[0.0012 -0.0022 0.0021] |Bas|=0.369620 |Bgs|=0.0042896 tic0=[0.1200 0.0500 -0.0200] tic1=[0.1200 -0.0500 -0.0200] td=0.00000 track=94
[E2uls] flag=1 sh_t=86.768 new_t=86.768 dP=[0.0010 0.0011 -0.0002] |dP|=0.0015 first_dt=-1.0000
time: 86.736000, t: 0.147843 0.311879 0.751195 q: 0.999722 -0.004726 -0.023073 -0.001149 
[T2xcross] t=86.8360 id=6094 est=5.5755 svd=0.6325 rel=0.8866 track=2 sf=9
[T2depth] t=86.8360 id=6100 src=stereo u=353.0 v=284.0 depth=7.9921 depth2=-1.0000 track=1 sf=10 flag=ok
[T2depth] t=86.8360 id=6102 src=stereo u=616.0 v=74.0 depth=2.5983 depth2=-1.0000 track=1 sf=10 flag=ok
[T2depth] t=86.8360 id=6104 src=stereo u=95.0 v=322.0 depth=4.5163 depth2=-1.0000 track=1 sf=10 flag=ok
[T2gate] t=86.8360 tri=25 rej=0 xrej=0 init_replace=0 gate=0
[T2slv] t=86.8360 phase=1 init_cost=486.666 final_cost=475.868 iters=9 term=1 slv_ms=13.7
[T2diag] t=86.8360 P=[0.1482 0.3124 0.7506] V=[0.0057 0.0066 -0.0079] |Bas|=0.369620 |Bgs|=0.0074107 tic0=[0.1200 0.0500 -0.0200] tic1=[0.1200 -0.0500 -0.0200] td=0.00000 track=94
[E2uls] flag=1 sh_t=86.868 new_t=86.868 dP=[0.0005 -0.0009 0.0011] |dP|=0.0015 first_dt=-1.0000
time: 86.836000, t: 0.148197 0.312419 0.750641 q: 0.999724 -0.004797 -0.022960 -0.001296 
[T2depth] t=86.9360 id=6105 src=stereo u=592.0 v=73.0 depth=2.7517 depth2=-1.0000 track=1 sf=10 flag=ok
[T2depth] t=86.9360 id=6107 src=stereo u=353.9 v=285.0 depth=7.5806 depth2=-1.0000 track=1 sf=10 flag=ok
[T2gate] t=86.9360 tri=25 rej=0 xrej=0 init_replace=0 gate=0
[T2slv] t=86.9360 phase=1 init_cost=483.898 final_cost=471.938 iters=9 term=1 slv_ms=13.5
[T2diag] t=86.9360 P=[0.1484 0.3131 0.7498] V=[0.0042 0.0035 -0.0065] |Bas|=0.369620 |Bgs|=0.0025598 tic0=[0.1200 0.0500 -0.0200] tic1=[0.1200 -0.0500 -0.0200] td=0.00000 track=94
[E2uls] flag=1 sh_t=86.972 new_t=86.972 dP=[0.0012 0.0003 -0.0001] |dP|=0.0012 first_dt=-1.0000
time: 86.936000, t: 0.148390 0.313120 0.749820 q: 0.999725 -0.004801 -0.022907 -0.001566 
[T2depth] t=87.0680 id=6110 src=stereo u=420.1 v=311.9 depth=5.2375 depth2=-1.0000 track=1 sf=10 flag=ok
[T2gate] t=87.0680 tri=25 rej=0 xrej=0 init_replace=0 gate=0
[T2slv] t=87.0680 phase=1 init_cost=485.629 final_cost=470.843 iters=9 term=1 slv_ms=10.5
[T2diag] t=87.0680 P=[0.1485 0.3129 0.7495] V=[0.0054 -0.0002 0.0011] |Bas|=0.369620 |Bgs|=0.0042143 tic0=[0.1200 0.0500 -0.0200] tic1=[0.1200 -0.0500 -0.0200] td=0.00000 track=94
[E2uls] flag=1 sh_t=87.108 new_t=87.108 dP=[0.0017 0.0016 -0.0002] |dP|=0.0023 first_dt=-1.0000
time: 87.068000, t: 0.148542 0.312914 0.749482 q: 0.999728 -0.004516 -0.022840 -0.001683 
[T2xcross] t=87.2000 id=6110 est=5.2375 svd=0.0864 rel=0.9835 track=2 sf=9
[T2depth] t=87.2000 id=6115 src=stereo u=629.0 v=73.0 depth=2.5988 depth2=-1.0000 track=1 sf=10 flag=ok
[T2gate] t=87.2000 tri=24 rej=0 xrej=0 init_replace=0 gate=0
[T2slv] t=87.2000 phase=1 init_cost=484.297 final_cost=472.062 iters=9 term=1 slv_ms=15.2
[T2diag] t=87.2000 P=[0.1482 0.3127 0.7497] V=[0.0005 -0.0005 -0.0002] |Bas|=0.369620 |Bgs|=0.0042880 tic0=[0.1200 0.0500 -0.0200] tic1=[0.1200 -0.0500 -0.0200] td=0.00000 track=95
[E2uls] flag=1 sh_t=87.236 new_t=87.236 dP=[0.0027 0.0001 -0.0002] |dP|=0.0027 first_dt=-1.0000
time: 87.200000, t: 0.148182 0.312723 0.749737 q: 0.999726 -0.004535 -0.022899 -0.001510 
[T2depth] t=87.3000 id=6116 src=stereo u=353.7 v=284.8 depth=7.7408 depth2=-1.0000 track=1 sf=10 flag=ok
[T2gate] t=87.3000 tri=22 rej=0 xrej=0 init_replace=0 gate=0
[T2slv] t=87.3000 phase=1 init_cost=484.658 final_cost=472.246 iters=9 term=1 slv_ms=14.7
[T2diag] t=87.3000 P=[0.1483 0.3130 0.7496] V=[0.0035 0.0015 -0.0014] |Bas|=0.369620 |Bgs|=0.0038727 tic0=[0.1200 0.0500 -0.0200] tic1=[0.1200 -0.0500 -0.0200] td=0.00000 track=95
[E2uls] flag=1 sh_t=87.340 new_t=87.340 dP=[0.0006 -0.0008 0.0004] |dP|=0.0011 first_dt=-1.0000
time: 87.300000, t: 0.148257 0.313005 0.749603 q: 0.999727 -0.004562 -0.022858 -0.001370 
[T2xcross] t=87.4000 id=6116 est=7.7408 svd=0.0218 rel=0.9972 track=2 sf=9
[T2depth] t=87.4000 id=6117 src=stereo u=619.0 v=73.0 depth=2.7513 depth2=-1.0000 track=1 sf=10 flag=ok
[T2depth] t=87.4000 id=6119 src=stereo u=254.0 v=478.0 depth=1.5853 depth2=-1.0000 track=1 sf=10 flag=ok
[T2depth] t=87.4000 id=6120 src=stereo u=458.0 v=347.0 depth=3.4767 depth2=-1.0000 track=1 sf=10 flag=ok
[T2gate] t=87.4000 tri=25 rej=0 xrej=0 init_replace=0 gate=0
[T2slv] t=87.4000 phase=1 init_cost=490.621 final_cost=472.265 iters=9 term=1 slv_ms=16.4
[T2diag] t=87.4000 P=[0.1479 0.3131 0.7498] V=[-0.0009 0.0004 0.0014] |Bas|=0.369620 |Bgs|=0.0073247 tic0=[0.1200 0.0500 -0.0200] tic1=[0.1200 -0.0500 -0.0200] td=0.00000 track=94
[E2uls] flag=1 sh_t=87.448 new_t=87.448 dP=[0.0020 0.0001 -0.0008] |dP|=0.0022 first_dt=-1.0000
time: 87.400000, t: 0.147876 0.313117 0.749838 q: 0.999726 -0.004605 -0.022909 -0.001288 
[T2depth] t=87.5000 id=6122 src=stereo u=594.0 v=73.0 depth=2.7511 depth2=-1.0000 track=1 sf=10 flag=ok
[T2gate] t=87.5000 tri=25 rej=0 xrej=0 init_replace=0 gate=0
[T2slv] t=87.5000 phase=1 init_cost=495.816 final_cost=470.372 iters=9 term=1 slv_ms=15.2
[T2diag] t=87.5000 P=[0.1480 0.3138 0.7494] V=[0.0039 0.0104 -0.0038] |Bas|=0.369620 |Bgs|=0.0097939 tic0=[0.1200 0.0500 -0.0200] tic1=[0.1200 -0.0500 -0.0200] td=0.00000 track=95
[E2uls] flag=1 sh_t=87.536 new_t=87.536 dP=[0.0001 -0.0010 0.0007] |dP|=0.0012 first_dt=-1.0000
time: 87.500000, t: 0.148048 0.313839 0.749445 q: 0.999726 -0.004963 -0.022853 -0.001377 
[T2xcross] t=87.6000 id=6120 est=3.4767 svd=0.7184 rel=0.7934 track=2 sf=9
[T2depth] t=87.6000 id=6123 src=motion2 u=521.0 v=96.0 depth=0.2370 depth2=-1.0000 track=2 sf=9 flag=ok
[T2depth] t=87.6000 id=6126 src=stereo u=254.0 v=478.0 depth=1.5837 depth2=-1.0000 track=1 sf=10 flag=ok
[T2gate] t=87.6000 tri=25 rej=0 xrej=0 init_replace=0 gate=0
[T2slv] t=87.6000 phase=1 init_cost=488.281 final_cost=468.328 iters=9 term=1 slv_ms=17.6
[T2diag] t=87.6000 P=[0.1478 0.3143 0.7493] V=[-0.0008 0.0029 -0.0021] |Bas|=0.369620 |Bgs|=0.0060085 tic0=[0.1200 0.0500 -0.0200] tic1=[0.1200 -0.0500 -0.0200] td=0.00000 track=96
[E2uls] flag=1 sh_t=87.648 new_t=87.648 dP=[0.0016 0.0018 -0.0009] |dP|=0.0026 first_dt=-1.0000
time: 87.600000, t: 0.147756 0.314286 0.749322 q: 0.999724 -0.005019 -0.022894 -0.001413 
[T2xcross] t=87.7000 id=6123 est=0.2370 svd=0.0737 rel=0.6889 track=2 sf=9
[T2depth] t=87.7000 id=6130 src=stereo u=584.0 v=73.0 depth=2.7517 depth2=-1.0000 track=1 sf=10 flag=ok
[T2gate] t=87.7000 tri=24 rej=0 xrej=0 init_replace=0 gate=0
[T2slv] t=87.7000 phase=1 init_cost=481.591 final_cost=468.928 iters=9 term=1 slv_ms=17.2
[T2diag] t=87.7000 P=[0.1477 0.3141 0.7493] V=[-0.0005 0.0006 -0.0006] |Bas|=0.369620 |Bgs|=0.0044278 tic0=[0.1200 0.0500 -0.0200] tic1=[0.1200 -0.0500 -0.0200] td=0.00000 track=97
[E2uls] flag=1 sh_t=87.744 new_t=87.744 dP=[0.0003 0.0012 -0.0006] |dP|=0.0013 first_dt=-1.0000
time: 87.700000, t: 0.147729 0.314099 0.749334 q: 0.999728 -0.004662 -0.022806 -0.001284 
[T2depth] t=87.8000 id=6134 src=stereo u=418.0 v=478.0 depth=1.5767 depth2=-1.0000 track=1 sf=10 flag=ok
[T2depth] t=87.8000 id=6135 src=stereo u=254.0 v=478.0 depth=1.5804 depth2=-1.0000 track=1 sf=10 flag=ok
[T2gate] t=87.8000 tri=26 rej=0 xrej=0 init_replace=0 gate=0
[T2slv] t=87.8000 phase=1 init_cost=476.983 final_cost=467.56 iters=9 term=1 slv_ms=16.0
[T2diag] t=87.8000 P=[0.1482 0.3153 0.7493] V=[0.0083 0.0083 0.0012] |Bas|=0.369620 |Bgs|=0.0040943 tic0=[0.1200 0.0500 -0.0200] tic1=[0.1200 -0.0500 -0.0200] td=0.00000 track=93
[E2uls] flag=1 sh_t=87.840 new_t=87.840 dP=[-0.0000 -0.0019 -0.0003] |dP|=0.0019 first_dt=-1.0000
time: 87.800000, t: 0.148181 0.315287 0.749310 q: 0.999741 -0.004256 -0.022329 -0.001413 
[T2depth] t=87.9000 id=6132 src=motion2 u=521.9 v=95.1 depth=5.0000 depth2=-1.0000 track=2 sf=9 flag=init_neg
[T2xcross] t=87.9000 id=6134 est=1.5767 svd=2.2527 rel=0.3001 track=2 sf=9
[T2xcross] t=87.9000 id=6135 est=1.5804 svd=1.8178 rel=0.1306 track=2 sf=9
[T2depth] t=87.9000 id=6140 src=stereo u=354.7 v=285.3 depth=7.4659 depth2=-1.0000 track=1 sf=10 flag=ok
[T2gate] t=87.9000 tri=25 rej=0 xrej=0 init_replace=1 gate=0
[T2slv] t=87.9000 phase=1 init_cost=476.647 final_cost=466.472 iters=9 term=1 slv_ms=11.5
[T2diag] t=87.9000 P=[0.1477 0.3151 0.7496] V=[-0.0018 -0.0011 0.0035] |Bas|=0.369620 |Bgs|=0.0042942 tic0=[0.1200 0.0500 -0.0200] tic1=[0.1200 -0.0500 -0.0200] td=0.00000 track=96
[E2uls] flag=1 sh_t=87.936 new_t=87.936 dP=[0.0028 0.0018 0.0000] |dP|=0.0033 first_dt=-1.0000
time: 87.900000, t: 0.147715 0.315133 0.749583 q: 0.999737 -0.004405 -0.022480 -0.001341 
[T2gate] t=88.0000 tri=22 rej=0 xrej=0 init_replace=0 gate=0
[T2slv] t=88.0000 phase=1 init_cost=481.818 final_cost=467.738 iters=9 term=1 slv_ms=15.8
[T2diag] t=88.0000 P=[0.1474 0.3149 0.7501] V=[0.0006 -0.0043 0.0036] |Bas|=0.369620 |Bgs|=0.0063795 tic0=[0.1200 0.0500 -0.0200] tic1=[0.1200 -0.0500 -0.0200] td=0.00000 track=96
[E2uls] flag=1 sh_t=88.040 new_t=88.040 dP=[0.0009 -0.0002 -0.0003] |dP|=0.0010 first_dt=-1.0000
time: 88.000000, t: 0.147389 0.314858 0.750075 q: 0.999734 -0.004626 -0.022568 -0.001283 
[T2depth] t=88.1000 id=6146 src=stereo u=92.9 v=322.9 depth=4.4447 depth2=-1.0000 track=1 sf=10 flag=ok
[T2gate] t=88.1000 tri=22 rej=0 xrej=0 init_replace=0 gate=0
[T2slv] t=88.1000 phase=1 init_cost=477.459 final_cost=467.389 iters=9 term=1 slv_ms=16.9
[T2diag] t=88.1000 P=[0.1476 0.3155 0.7502] V=[0.0048 0.0066 0.0010] |Bas|=0.369620 |Bgs|=0.0041275 tic0=[0.1200 0.0500 -0.0200] tic1=[0.1200 -0.0500 -0.0200] td=0.00000 track=96
[E2uls] flag=1 sh_t=88.144 new_t=88.144 dP=[0.0003 -0.0020 0.0001] |dP|=0.0020 first_dt=-1.0000
time: 88.100000, t: 0.147634 0.315546 0.750152 q: 0.999735 -0.004771 -0.022470 -0.001438 
[T2gate] t=88.2000 tri=21 rej=0 xrej=0 init_replace=0 gate=0
[T2slv] t=88.2000 phase=1 init_cost=481.818 final_cost=466.477 iters=9 term=1 slv_ms=16.6
[T2diag] t=88.2000 P=[0.1479 0.3157 0.7501] V=[0.0044 0.0029 -0.0007] |Bas|=0.369620 |Bgs|=0.0067557 tic0=[0.1200 0.0500 -0.0200] tic1=[0.1200 -0.0500 -0.0200] td=0.00000 track=96
[E2uls] flag=1 sh_t=88.244 new_t=88.244 dP=[0.0012 0.0014 0.0001] |dP|=0.0018 first_dt=-1.0000
time: 88.200000, t: 0.147869 0.315684 0.750137 q: 0.999736 -0.004775 -0.022434 -0.001465 
[T2depth] t=88.3040 id=6149 src=stereo u=610.0 v=73.0 depth=2.5988 depth2=-1.0000 track=1 sf=10 flag=ok
[T2depth] t=88.3040 id=6150 src=stereo u=254.0 v=478.0 depth=1.5849 depth2=-1.0000 track=1 sf=10 flag=ok
[T2gate] t=88.3040 tri=23 rej=0 xrej=0 init_replace=0 gate=0
[T2slv] t=88.3040 phase=1 init_cost=483.269 final_cost=468.196 iters=9 term=1 slv_ms=16.1
[T2diag] t=88.3040 P=[0.1475 0.3147 0.7505] V=[-0.0014 -0.0076 0.0045] |Bas|=0.369620 |Bgs|=0.0059454 tic0=[0.1200 0.0500 -0.0200] tic1=[0.1200 -0.0500 -0.0200] td=0.00000 track=94
[E2uls] flag=1 sh_t=88.344 new_t=88.344 dP=[0.0018 0.0022 -0.0004] |dP|=0.0029 first_dt=-1.0000
time: 88.304000, t: 0.147502 0.314732 0.750474 q: 0.999733 -0.004503 -0.022620 -0.001405 
[T2xcross] t=88.4400 id=6140 est=7.4659 svd=1.2503 rel=0.8325 track=2 sf=9
[T2depth] t=88.4400 id=6153 src=stereo u=457.9 v=347.1 depth=3.4759 depth2=-1.0000 track=1 sf=10 flag=ok
[T2depth] t=88.4400 id=6155 src=stereo u=608.0 v=73.0 depth=2.7517 depth2=-1.0000 track=1 sf=10 flag=ok
[T2gate] t=88.4400 tri=23 rej=0 xrej=0 init_replace=0 gate=0
[T2slv] t=88.4400 phase=1 init_cost=484.191 final_cost=471.444 iters=9 term=1 slv_ms=16.5
[T2diag] t=88.4400 P=[0.1474 0.3136 0.7510] V=[0.0034 -0.0054 0.0017] |Bas|=0.369620 |Bgs|=0.0041961 tic0=[0.1200 0.0500 -0.0200] tic1=[0.1200 -0.0500 -0.0200] td=0.00000 track=94
[E2uls] flag=1 sh_t=88.484 new_t=88.484 dP=[0.0007 -0.0000 0.0004] |dP|=0.0008 first_dt=-1.0000
time: 88.440000, t: 0.147394 0.313592 0.750956 q: 0.999730 -0.004458 -0.022775 -0.001329 
[T2depth] t=88.5360 id=6156 src=stereo u=254.0 v=477.9 depth=1.5859 depth2=-1.0000 track=1 sf=10 flag=ok
[T2gate] t=88.5360 tri=23 rej=0 xrej=0 init_replace=0 gate=0
[T2slv] t=88.5360 phase=1 init_cost=482.818 final_cost=471.588 iters=9 term=1 slv_ms=12.5
[T2diag] t=88.5360 P=[0.1478 0.3146 0.7504] V=[0.0063 0.0100 -0.0071] |Bas|=0.369620 |Bgs|=0.0057724 tic0=[0.1200 0.0500 -0.0200] tic1=[0.1200 -0.0500 -0.0200] td=0.00000 track=95
[E2uls] flag=1 sh_t=88.568 new_t=88.568 dP=[0.0005 -0.0018 0.0010] |dP|=0.0021 first_dt=-1.0000
time: 88.536000, t: 0.147822 0.314559 0.750395 q: 0.999731 -0.004557 -0.022715 -0.001450 
[T2xcross] t=88.6360 id=6132 est=5.0000 svd=0.7729 rel=0.8454 track=2 sf=9
[T2xcross] t=88.6360 id=6153 est=3.4759 svd=1.4542 rel=0.5816 track=2 sf=9
[T2xcross] t=88.6360 id=6156 est=1.5859 svd=0.9591 rel=0.3953 track=2 sf=9
[T2depth] t=88.6360 id=6159 src=stereo u=604.0 v=73.0 depth=2.5988 depth2=-1.0000 track=1 sf=10 flag=ok
[T2gate] t=88.6360 tri=24 rej=0 xrej=0 init_replace=0 gate=0
[T2slv] t=88.6360 phase=1 init_cost=478.934 final_cost=468.282 iters=9 term=1 slv_ms=10.2
[T2diag] t=88.6360 P=[0.1484 0.3159 0.7497] V=[0.0088 0.0126 -0.0066] |Bas|=0.369620 |Bgs|=0.0009409 tic0=[0.1200 0.0500 -0.0200] tic1=[0.1200 -0.0500 -0.0200] td=0.00000 track=96
[E2uls] flag=1 sh_t=88.664 new_t=88.664 dP=[0.0007 0.0001 -0.0005] |dP|=0.0009 first_dt=-1.0000
time: 88.636000, t: 0.148426 0.315922 0.749733 q: 0.999731 -0.004858 -0.022626 -0.001673 
[T2depth] t=88.7360 id=6163 src=stereo u=593.0 v=73.0 depth=2.5987 depth2=-1.0000 track=1 sf=10 flag=ok
[T2gate] t=88.7360 tri=23 rej=0 xrej=0 init_replace=0 gate=0
[T2slv] t=88.7360 phase=1 init_cost=486.344 final_cost=468.053 iters=9 term=1 slv_ms=13.2
[T2diag] t=88.7360 P=[0.1482 0.3147 0.7499] V=[0.0013 -0.0116 0.0029] |Bas|=0.369620 |Bgs|=0.0030502 tic0=[0.1200 0.0500 -0.0200] tic1=[0.1200 -0.0500 -0.0200] td=0.00000 track=96
[E2uls] flag=1 sh_t=88.768 new_t=88.768 dP=[0.0024 0.0040 -0.0013] |dP|=0.0048 first_dt=-1.0000
time: 88.736000, t: 0.148213 0.314701 0.749888 q: 0.999729 -0.004664 -0.022750 -0.001293 
[T2gate] t=88.8360 tri=22 rej=0 xrej=0 init_replace=0 gate=0
[T2slv] t=88.8360 phase=1 init_cost=484.54 final_cost=470.374 iters=9 term=1 slv_ms=14.9
[T2diag] t=88.8360 P=[0.1483 0.3145 0.7500] V=[0.0036 0.0002 0.0004] |Bas|=0.369620 |Bgs|=0.0055972 tic0=[0.1200 0.0500 -0.0200] tic1=[0.1200 -0.0500 -0.0200] td=0.00000 track=96
[E2uls] flag=1 sh_t=88.880 new_t=88.880 dP=[0.0010 -0.0013 0.0006] |dP|=0.0017 first_dt=-1.0000
time: 88.836000, t: 0.148299 0.314475 0.749969 q: 0.999730 -0.004520 -0.022746 -0.001131 
[T2depth] t=88.9360 id=6170 src=stereo u=618.0 v=73.0 depth=2.5985 depth2=-1.0000 track=1 sf=10 flag=ok
[T2gate] t=88.9360 tri=26 rej=0 xrej=0 init_replace=0 gate=0
[T2slv] t=88.9360 phase=1 init_cost=483.78 final_cost=471.517 iters=9 term=1 slv_ms=13.8
[T2diag] t=88.9360 P=[0.1484 0.3142 0.7502] V=[0.0033 0.0015 0.0014] |Bas|=0.369620 |Bgs|=0.0055638 tic0=[0.1200 0.0500 -0.0200] tic1=[0.1200 -0.0500 -0.0200] td=0.00000 track=95
[E2uls] flag=1 sh_t=88.976 new_t=88.976 dP=[0.0014 0.0009 -0.0004] |dP|=0.0017 first_dt=-1.0000
time: 88.936000, t: 0.148419 0.314208 0.750175 q: 0.999730 -0.004551 -0.022768 -0.001017 
[T2depth] t=89.0360 id=6168 src=motion2 u=519.0 v=97.0 depth=0.0516 depth2=-1.0000 track=2 sf=9 flag=ok
[T2gate] t=89.0360 tri=26 rej=0 xrej=0 init_replace=0 gate=0
[T2slv] t=89.0360 phase=1 init_cost=487.409 final_cost=475.232 iters=9 term=1 slv_ms=12.6
[T2diag] t=89.0360 P=[0.1482 0.3130 0.7508] V=[0.0005 -0.0107 0.0068] |Bas|=0.369620 |Bgs|=0.0041535 tic0=[0.1200 0.0500 -0.0200] tic1=[0.1200 -0.0500 -0.0200] td=0.00000 track=93
[E2uls] flag=1 sh_t=89.072 new_t=89.072 dP=[0.0014 0.0023 -0.0005] |dP|=0.0027 first_dt=-1.0000
time: 89.036000, t: 0.148249 0.312977 0.750829 q: 0.999722 -0.004477 -0.023123 -0.000705 
[T2gate] t=89.1360 tri=25 rej=0 xrej=0 init_replace=0 gate=0
[T2slv] t=89.1360 phase=1 init_cost=492.747 final_cost=482.414 iters=9 term=1 slv_ms=13.2
[T2diag] t=89.1360 P=[0.1480 0.3124 0.7511] V=[0.0001 -0.0045 0.0018] |Bas|=0.369620 |Bgs|=0.0053951 tic0=[0.1200 0.0500 -0.0200] tic1=[0.1200 -0.0500 -0.0200] td=0.00000 track=93
[E2uls] flag=1 sh_t=89.176 new_t=89.176 dP=[0.0014 -0.0013 0.0006] |dP|=0.0020 first_dt=-1.0000
time: 89.136000, t: 0.147956 0.312428 0.751088 q: 0.999720 -0.004172 -0.023265 -0.000582 
[T2depth] t=89.2360 id=6175 src=motion2 u=1.6 v=291.0 depth=2.4511 depth2=-1.0000 track=2 sf=9 flag=ok
[T2gate] t=89.2360 tri=24 rej=0 xrej=0 init_replace=0 gate=0
[T2slv] t=89.2360 phase=1 init_cost=506.039 final_cost=487.756 iters=9 term=1 slv_ms=13.0
[T2diag] t=89.2360 P=[0.1477 0.3115 0.7510] V=[-0.0005 -0.0080 -0.0018] |Bas|=0.369620 |Bgs|=0.0089571 tic0=[0.1200 0.0500 -0.0200] tic1=[0.1200 -0.0500 -0.0200] td=0.00000 track=94
[E2uls] flag=1 sh_t=89.272 new_t=89.272 dP=[0.0008 0.0002 0.0001] |dP|=0.0008 first_dt=-1.0000
time: 89.236000, t: 0.147749 0.311530 0.751024 q: 0.999718 -0.004227 -0.023378 -0.000639 
[T2depth] t=89.3400 id=6181 src=stereo u=615.1 v=73.7 depth=2.9230 depth2=-1.0000 track=1 sf=10 flag=ok
[T2depth] t=89.3400 id=6183 src=stereo u=95.0 v=322.0 depth=4.5059 depth2=-1.0000 track=1 sf=10 flag=ok
[T2gate] t=89.3400 tri=25 rej=0 xrej=0 init_replace=0 gate=0
[T2slv] t=89.3400 phase=1 init_cost=510.928 final_cost=483.469 iters=9 term=1 slv_ms=14.7
[T2diag] t=89.3400 P=[0.1482 0.3125 0.7502] V=[0.0056 0.0056 -0.0086] |Bas|=0.369620 |Bgs|=0.0085702 tic0=[0.1200 0.0500 -0.0200] tic1=[0.1200 -0.0500 -0.0200] td=0.00000 track=93
[E2uls] flag=1 sh_t=89.372 new_t=89.372 dP=[-0.0004 -0.0025 0.0007] |dP|=0.0027 first_dt=-1.0000
time: 89.340000, t: 0.148218 0.312547 0.750156 q: 0.999722 -0.004650 -0.023078 -0.001344 
[T2depth] t=89.4360 id=6185 src=stereo u=636.0 v=73.0 depth=2.5988 depth2=-1.0000 track=1 sf=10 flag=ok
[T2depth] t=89.4360 id=6186 src=stereo u=253.0 v=478.0 depth=1.5842 depth2=-1.0000 track=1 sf=10 flag=ok
[T2gate] t=89.4360 tri=26 rej=0 xrej=0 init_replace=0 gate=0
[T2slv] t=89.4360 phase=1 init_cost=490.624 final_cost=476.345 iters=9 term=1 slv_ms=13.9
[T2diag] t=89.4360 P=[0.1483 0.3127 0.7494] V=[0.0020 0.0018 -0.0079] |Bas|=0.369620 |Bgs|=0.0077163 tic0=[0.1200 0.0500 -0.0200] tic1=[0.1200 -0.0500 -0.0200] td=0.00000 track=93
[E2uls] flag=1 sh_t=89.468 new_t=89.468 dP=[0.0014 0.0007 -0.0003] |dP|=0.0016 first_dt=-1.0000
time: 89.436000, t: 0.148258 0.312714 0.749387 q: 0.999725 -0.004445 -0.022940 -0.001779 
[T2depth] t=89.5360 id=6184 src=motion2 u=2.0 v=304.0 depth=0.1134 depth2=-1.0000 track=2 sf=9 flag=ok
[T2xcross] t=89.5360 id=6186 est=1.5842 svd=0.0026 rel=0.9984 track=2 sf=9
[T2gate] t=89.5360 tri=23 rej=0 xrej=0 init_replace=0 gate=0
[T2slv] t=89.5360 phase=1 init_cost=498.161 final_cost=474.656 iters=9 term=1 slv_ms=14.3
[T2diag] t=89.5360 P=[0.1484 0.3126 0.7489] V=[0.0045 0.0004 -0.0012] |Bas|=0.369620 |Bgs|=0.0066211 tic0=[0.1200 0.0500 -0.0200] tic1=[0.1200 -0.0500 -0.0200] td=0.00000 track=95
[E2uls] flag=1 sh_t=89.568 new_t=89.568 dP=[0.0008 0.0004 -0.0001] |dP|=0.0009 first_dt=-1.0000
time: 89.536000, t: 0.148365 0.312603 0.748908 q: 0.999726 -0.004479 -0.022897 -0.001879 
[T2depth] t=89.6360 id=6192 src=stereo u=417.0 v=478.0 depth=1.5791 depth2=-1.0000 track=1 sf=10 flag=ok
[T2depth] t=89.6360 id=6193 src=stereo u=249.0 v=478.0 depth=1.5824 depth2=-1.0000 track=1 sf=10 flag=ok
[T2gate] t=89.6360 tri=25 rej=0 xrej=0 init_replace=0 gate=0
[T2slv] t=89.6360 phase=1 init_cost=486.381 final_cost=471.195 iters=9 term=1 slv_ms=15.7
[T2diag] t=89.6360 P=[0.1487 0.3140 0.7483] V=[0.0084 0.0133 -0.0042] |Bas|=0.369620 |Bgs|=0.0077948 tic0=[0.1200 0.0500 -0.0200] tic1=[0.1200 -0.0500 -0.0200] td=0.00000 track=92
[E2uls] flag=1 sh_t=89.680 new_t=89.680 dP=[0.0012 -0.0016 0.0005] |dP|=0.0021 first_dt=-1.0000
time: 89.636000, t: 0.148744 0.313982 0.748330 q: 0.999730 -0.004625 -0.022685 -0.002068 
[T2xcross] t=89.7360 id=6192 est=1.5791 svd=3.5455 rel=0.5546 track=2 sf=9
[T2depth] t=89.7360 id=6194 src=motion2 u=2.0 v=305.0 depth=0.1432 depth2=-1.0000 track=2 sf=9 flag=ok
[T2depth] t=89.7360 id=6198 src=stereo u=598.0 v=73.0 depth=2.5989 depth2=-1.0000 track=1 sf=10 flag=ok
[T2depth] t=89.7360 id=6199 src=stereo u=221.0 v=306.0 depth=5.7153 depth2=-1.0000 track=1 sf=10 flag=ok
[T2gate] t=89.7360 tri=29 rej=0 xrej=0 init_replace=0 gate=0
[T2slv] t=89.7360 phase=1 init_cost=482.911 final_cost=471.754 iters=9 term=1 slv_ms=13.0
[T2diag] t=89.7360 P=[0.1480 0.3122 0.7491] V=[-0.0034 -0.0179 0.0099] |Bas|=0.369620 |Bgs|=0.0111815 tic0=[0.1200 0.0500 -0.0200] tic1=[0.1200 -0.0500 -0.0200] td=0.00000 track=94
[E2uls] flag=1 sh_t=89.772 new_t=89.772 dP=[0.0031 0.0050 -0.0017] |dP|=0.0061 first_dt=-1.0000
time: 89.736000, t: 0.147994 0.312230 0.749145 q: 0.999732 -0.004020 -0.022770 -0.001481 
[T2depth] t=89.8360 id=6208 src=stereo u=221.0 v=307.0 depth=5.6141 depth2=-1.0000 track=1 sf=10 flag=ok
[T2gate] t=89.8360 tri=32 rej=0 xrej=0 init_replace=0 gate=0
[T2slv] t=89.8360 phase=1 init_cost=494.715 final_cost=480.141 iters=9 term=1 slv_ms=17.2
[T2diag] t=89.8360 P=[0.1472 0.3105 0.7499] V=[-0.0059 -0.0123 0.0063] |Bas|=0.369620 |Bgs|=0.0052563 tic0=[0.1200 0.0500 -0.0200] tic1=[0.1200 -0.0500 -0.0200] td=0.00000 track=92
[E2uls] flag=1 sh_t=89.880 new_t=89.880 dP=[0.0012 -0.0008 0.0005] |dP|=0.0015 first_dt=-1.0000
time: 89.836000, t: 0.147221 0.310484 0.749917 q: 0.999729 -0.003548 -0.022974 -0.000810 
[T2depth] t=89.9360 id=6204 src=motion2 u=3.5 v=306.2 depth=5.0000 depth2=-1.0000 track=2 sf=9 flag=init_neg
[T2depth] t=89.9360 id=6207 src=motion2 u=518.0 v=97.0 depth=5.0000 depth2=-1.0000 track=2 sf=9 flag=init_neg
[T2xcross] t=89.9360 id=6208 est=5.6141 svd=7.8773 rel=0.2873 track=2 sf=9
[T2depth] t=89.9360 id=6214 src=stereo u=395.9 v=367.2 depth=2.8535 depth2=-1.0000 track=1 sf=10 flag=ok
[T2depth] t=89.9360 id=6217 src=stereo u=254.0 v=478.0 depth=1.5854 depth2=-1.0000 track=1 sf=10 flag=ok
[T2gate] t=89.9360 tri=30 rej=0 xrej=0 init_replace=2 gate=0
[T2slv] t=89.9360 phase=1 init_cost=492.72 final_cost=481.437 iters=9 term=1 slv_ms=14.7
[T2diag] t=89.9360 P=[0.1467 0.3113 0.7499] V=[-0.0023 0.0037 -0.0023] |Bas|=0.369620 |Bgs|=0.0092355 tic0=[0.1200 0.0500 -0.0200] tic1=[0.1200 -0.0500 -0.0200] td=0.00000 track=94
[E2uls] flag=1 sh_t=89.976 new_t=89.976 dP=[0.0005 -0.0033 0.0008] |dP|=0.0034 first_dt=-1.0000
time: 89.936000, t: 0.146743 0.311254 0.749888 q: 0.999725 -0.004575 -0.022998 -0.000822 
[T2xcross] t=90.0360 id=6214 est=2.8535 svd=0.4408 rel=0.8455 track=2 sf=9
[T2depth] t=90.0360 id=6222 src=stereo u=94.0 v=322.9 depth=4.4331 depth2=-1.0000 track=1 sf=10 flag=ok
[T2depth] t=90.0360 id=6224 src=stereo u=618.0 v=74.0 depth=2.5985 depth2=-1.0000 track=1 sf=10 flag=ok
[T2gate] t=90.0360 tri=27 rej=0 xrej=0 init_replace=0 gate=0
[T2slv] t=90.0360 phase=1 init_cost=492.858 final_cost=476.366 iters=9 term=1 slv_ms=14.2
[T2diag] t=90.0360 P=[0.1469 0.3119 0.7493] V=[0.0041 0.0069 -0.0060] |Bas|=0.369620 |Bgs|=0.0084326 tic0=[0.1200 0.0500 -0.0200] tic1=[0.1200 -0.0500 -0.0200] td=0.00000 track=94
[E2uls] flag=1 sh_t=90.080 new_t=90.080 dP=[0.0000 0.0008 0.0004] |dP|=0.0009 first_dt=-1.0000
time: 90.036000, t: 0.146865 0.311901 0.749340 q: 0.999720 -0.005339 -0.023039 -0.001021 
[T2depth] t=90.1360 id=6226 src=motion2 u=3.0 v=305.0 depth=1.9361 depth2=-1.0000 track=2 sf=9 flag=ok
[T2depth] t=90.1360 id=6229 src=stereo u=253.0 v=478.0 depth=1.5814 depth2=-1.0000 track=1 sf=10 flag=ok
[T2depth] t=90.1360 id=6230 src=stereo u=458.0 v=347.0 depth=3.4780 depth2=-1.0000 track=1 sf=10 flag=ok
[T2gate] t=90.1360 tri=26 rej=0 xrej=0 init_replace=0 gate=0
[T2slv] t=90.1360 phase=1 init_cost=486.87 final_cost=473.975 iters=9 term=1 slv_ms=14.3
[T2diag] t=90.1360 P=[0.1469 0.3120 0.7491] V=[0.0021 0.0004 -0.0026] |Bas|=0.369620 |Bgs|=0.0042922 tic0=[0.1200 0.0500 -0.0200] tic1=[0.1200 -0.0500 -0.0200] td=0.00000 track=96
[E2uls] flag=1 sh_t=90.176 new_t=90.176 dP=[0.0015 0.0014 -0.0008] |dP|=0.0022 first_dt=-1.0000
time: 90.136000, t: 0.146896 0.311953 0.749110 q: 0.999729 -0.004831 -0.022763 -0.001134 
[T2depth] t=90.2360 id=6233 src=stereo u=417.0 v=478.0 depth=1.5813 depth2=-1.0000 track=1 sf=10 flag=ok
[T2depth] t=90.2360 id=6234 src=stereo u=587.0 v=73.0 depth=2.5987 depth2=-1.0000 track=1 sf=10 flag=ok
[T2gate] t=90.2360 tri=23 rej=0 xrej=0 init_replace=0 gate=0
[T2slv] t=90.2360 phase=1 init_cost=484.621 final_cost=474.759 iters=9 term=1 slv_ms=13.4
[T2diag] t=90.2360 P=[0.1467 0.3114 0.7493] V=[-0.0006 -0.0039 0.0038] |Bas|=0.369620 |Bgs|=0.0040991 tic0=[0.1200 0.0500 -0.0200] tic1=[0.1200 -0.0500 -0.0200] td=0.00000 track=97
[E2uls] flag=1 sh_t=90.272 new_t=90.272 dP=[0.0011 0.0009 -0.0008] |dP|=0.0016 first_dt=-1.0000
time: 90.236000, t: 0.146668 0.311416 0.749305 q: 0.999731 -0.004587 -0.022704 -0.001135 
[T2depth] t=90.3360 id=6235 src=stereo u=630.0 v=73.0 depth=2.9230 depth2=-1.0000 track=1 sf=10 flag=ok
[T2gate] t=90.3360 tri=23 rej=0 xrej=0 init_replace=0 gate=0
[T2slv] t=90.3360 phase=1 init_cost=484.065 final_cost=473.442 iters=9 term=1 slv_ms=13.8
[T2diag] t=90.3360 P=[0.1464 0.3121 0.7491] V=[0.0023 0.0080 -0.0026] |Bas|=0.369620 |Bgs|=0.0071621 tic0=[0.1200 0.0500 -0.0200] tic1=[0.1200 -0.0500 -0.0200] td=0.00000 track=97
[E2uls] flag=1 sh_t=90.376 new_t=90.376 dP=[0.0012 -0.0017 0.0007] |dP|=0.0022 first_dt=-1.0000
time: 90.336000, t: 0.146397 0.312105 0.749095 q: 0.999729 -0.004930 -0.022696 -0.001342 
[T2xcross] t=90.4360 id=6229 est=1.5814 svd=0.9269 rel=0.4139 track=2 sf=9
[T2xcross] t=90.4360 id=6230 est=3.4780 svd=0.8870 rel=0.7450 track=2 sf=9
[T2xcross] t=90.4360 id=6233 est=1.5813 svd=0.7815 rel=0.5058 track=2 sf=9
[T2depth] t=90.4360 id=6239 src=stereo u=619.0 v=73.0 depth=2.5985 depth2=-1.0000 track=1 sf=10 flag=ok
[T2depth] t=90.4360 id=6240 src=stereo u=221.0 v=306.0 depth=5.7304 depth2=-1.0000 track=1 sf=10 flag=ok
[T2gate] t=90.4360 tri=26 rej=0 xrej=0 init_replace=0 gate=0
[T2slv] t=90.4360 phase=1 init_cost=483.449 final_cost=470.17 iters=9 term=1 slv_ms=13.3
[T2diag] t=90.4360 P=[0.1464 0.3121 0.7493] V=[0.0012 0.0000 0.0026] |Bas|=0.369620 |Bgs|=0.0118057 tic0=[0.1200 0.0500 -0.0200] tic1=[0.1200 -0.0500 -0.0200] td=0.00000 track=96
[E2uls] flag=1 sh_t=90.472 new_t=90.472 dP=[0.0007 0.0015 -0.0008] |dP|=0.0019 first_dt=-1.0000
time: 90.436000, t: 0.146423 0.312137 0.749335 q: 0.999734 -0.004783 -0.022533 -0.001232 
[T2xcross] t=90.5360 id=6240 est=5.7304 svd=0.9671 rel=0.8312 track=2 sf=9
[T2depth] t=90.5360 id=6242 src=motion2 u=2.0 v=305.0 depth=5.0000 depth2=-1.0000 track=2 sf=9 flag=init_neg
[T2gate] t=90.5360 tri=23 rej=0 xrej=0 init_replace=1 gate=0
[T2slv] t=90.5360 phase=1 init_cost=491.026 final_cost=472.678 iters=9 term=1 slv_ms=16.0
[T2diag] t=90.5360 P=[0.1457 0.3109 0.7497] V=[-0.0032 -0.0125 0.0028] |Bas|=0.369620 |Bgs|=0.0094086 tic0=[0.1200 0.0500 -0.0200] tic1=[0.1200 -0.0500 -0.0200] td=0.00000 track=98
[E2uls] flag=1 sh_t=90.584 new_t=90.584 dP=[0.0020 0.0018 0.0003] |dP|=0.0027 first_dt=-1.0000
time: 90.536000, t: 0.145728 0.310853 0.749714 q: 0.999731 -0.004620 -0.022726 -0.000824 
[T2depth] t=90.6360 id=6244 src=stereo u=616.0 v=73.0 depth=2.7515 depth2=-1.0000 track=1 sf=10 flag=ok
[T2depth] t=90.6360 id=6245 src=stereo u=94.0 v=322.8 depth=4.4628 depth2=-1.0000 track=1 sf=10 flag=ok
[T2gate] t=90.6360 tri=25 rej=0 xrej=0 init_replace=0 gate=0
[T2slv] t=90.6360 phase=1 init_cost=489.205 final_cost=473.411 iters=9 term=1 slv_ms=10.7
[T2diag] t=90.6360 P=[0.1457 0.3115 0.7498] V=[0.0026 0.0068 -0.0030] |Bas|=0.369620 |Bgs|=0.0075854 tic0=[0.1200 0.0500 -0.0200] tic1=[0.1200 -0.0500 -0.0200] td=0.00000 track=98
[E2uls] flag=1 sh_t=90.672 new_t=90.672 dP=[0.0001 -0.0027 -0.0000] |dP|=0.0027 first_dt=-1.0000
time: 90.636000, t: 0.145701 0.311538 0.749771 q: 0.999731 -0.004912 -0.022662 -0.000866 
[T2depth] t=90.7360 id=6250 src=stereo u=601.0 v=73.0 depth=2.7511 depth2=-1.0000 track=1 sf=10 flag=ok
[T2gate] t=90.7360 tri=27 rej=0 xrej=0 init_replace=0 gate=0
[T2slv] t=90.7360 phase=1 init_cost=483.788 final_cost=469.672 iters=9 term=1 slv_ms=10.5
[T2diag] t=90.7360 P=[0.1457 0.3124 0.7499] V=[0.0038 0.0095 0.0006] |Bas|=0.369620 |Bgs|=0.0077498 tic0=[0.1200 0.0500 -0.0200] tic1=[0.1200 -0.0500 -0.0200] td=0.00000 track=98
[E2uls] flag=1 sh_t=90.760 new_t=90.760 dP=[0.0011 0.0003 -0.0011] |dP|=0.0016 first_dt=-1.0000
time: 90.736000, t: 0.145733 0.312401 0.749949 q: 0.999732 -0.005137 -0.022523 -0.001155 
[T2gate] t=90.8360 tri=27 rej=0 xrej=0 init_replace=0 gate=0
[T2slv] t=90.8360 phase=1 init_cost=484.051 final_cost=468.049 iters=9 term=1 slv_ms=10.7
[T2diag] t=90.8360 P=[0.1459 0.3127 0.7499] V=[0.0037 0.0038 0.0009] |Bas|=0.369620 |Bgs|=0.0064038 tic0=[0.1200 0.0500 -0.0200] tic1=[0.1200 -0.0500 -0.0200] td=0.00000 track=96
[E2uls] flag=1 sh_t=90.864 new_t=90.864 dP=[0.0006 0.0015 0.0003] |dP|=0.0017 first_dt=-1.0000
time: 90.836000, t: 0.145870 0.312667 0.749904 q: 0.999735 -0.004996 -0.022420 -0.001474 
[T2gate] t=90.9360 tri=28 rej=0 xrej=0 init_replace=0 gate=0
[T2slv] t=90.9360 phase=1 init_cost=494.605 final_cost=470.028 iters=9 term=1 slv_ms=10.5
[T2diag] t=90.9360 P=[0.1456 0.3118 0.7504] V=[-0.0005 -0.0077 0.0034] |Bas|=0.369620 |Bgs|=0.0154268 tic0=[0.1200 0.0500 -0.0200] tic1=[0.1200 -0.0500 -0.0200] td=0.00000 track=96
[E2uls] flag=1 sh_t=90.968 new_t=90.968 dP=[0.0011 0.0018 -0.0006] |dP|=0.0022 first_dt=-1.0000
time: 90.936000, t: 0.145632 0.311751 0.750400 q: 0.999741 -0.004185 -0.022314 -0.001514 
[T2depth] t=91.0400 id=6260 src=motion2 u=520.8 v=95.0 depth=0.6173 depth2=-1.0000 track=2 sf=9 flag=ok
[T2depth] t=91.0400 id=6262 src=motion2 u=4.0 v=305.2 depth=0.2490 depth2=-1.0000 track=2 sf=9 flag=ok
[T2depth] t=91.0400 id=6268 src=stereo u=421.0 v=316.1 depth=4.8422 depth2=-1.0000 track=1 sf=10 flag=ok
[T2depth] t=91.0400 id=6269 src=stereo u=135.0 v=282.0 depth=7.1470 depth2=-1.0000 track=1 sf=10 flag=ok
[T2gate] t=91.0400 tri=29 rej=0 xrej=0 init_replace=0 gate=0
[T2slv] t=91.0400 phase=1 init_cost=495.622 final_cost=471.616 iters=9 term=1 slv_ms=10.7
[T2diag] t=91.0400 P=[0.1457 0.3113 0.7507] V=[0.0022 -0.0035 0.0038] |Bas|=0.369620 |Bgs|=0.0020992 tic0=[0.1200 0.0500 -0.0200] tic1=[0.1200 -0.0500 -0.0200] td=0.00000 track=98
[E2uls] flag=1 sh_t=91.068 new_t=91.068 dP=[0.0000 -0.0011 0.0003] |dP|=0.0011 first_dt=-1.0000
time: 91.040000, t: 0.145729 0.311314 0.750741 q: 0.999743 -0.004147 -0.022239 -0.001459 
[T2xcross] t=91.1360 id=6268 est=4.8422 svd=23.3489 rel=0.7926 track=2 sf=9
[T2depth] t=91.1360 id=6273 src=stereo u=634.0 v=73.0 depth=2.7512 depth2=-1.0000 track=1 sf=10 flag=ok
[T2gate] t=91.1360 tri=25 rej=0 xrej=0 init_replace=0 gate=0
[T2slv] t=91.1360 phase=1 init_cost=479.035 final_cost=469.441 iters=9 term=1 slv_ms=10.5
[T2diag] t=91.1360 P=[0.1460 0.3123 0.7507] V=[0.0067 0.0107 -0.0001] |Bas|=0.369620 |Bgs|=0.0046120 tic0=[0.1200 0.0500 -0.0200] tic1=[0.1200 -0.0500 -0.0200] td=0.00000 track=98
[E2uls] flag=1 sh_t=91.160 new_t=91.160 dP=[0.0006 -0.0016 0.0009] |dP|=0.0019 first_dt=-1.0000
time: 91.136000, t: 0.146033 0.312332 0.750704 q: 0.999740 -0.004707 -0.022272 -0.001607 
[T2depth] t=91.2360 id=6277 src=stereo u=600.0 v=73.0 depth=2.7512 depth2=-1.0000 track=1 sf=10 flag=ok
[T2gate] t=91.2360 tri=25 rej=0 xrej=0 init_replace=0 gate=0
[T2slv] t=91.2360 phase=1 init_cost=480.215 final_cost=470.112 iters=9 term=1 slv_ms=10.8
[T2diag] t=91.2360 P=[0.1458 0.3115 0.7513] V=[0.0001 -0.0084 0.0063] |Bas|=0.369620 |Bgs|=0.0065149 tic0=[0.1200 0.0500 -0.0200] tic1=[0.1200 -0.0500 -0.0200] td=0.00000 track=97
[E2uls] flag=1 sh_t=91.264 new_t=91.264 dP=[0.0016 0.0029 -0.0006] |dP|=0.0033 first_dt=-1.0000
time: 91.236000, t: 0.145814 0.311460 0.751251 q: 0.999736 -0.004809 -0.022441 -0.001380 
[T2depth] t=91.3680 id=6276 src=motion2 u=524.0 v=93.0 depth=0.3091 depth2=-1.0000 track=2 sf=9 flag=ok
[T2depth] t=91.3680 id=6278 src=motion2 u=2.0 v=305.0 depth=5.0000 depth2=-1.0000 track=2 sf=9 flag=init_neg
[T2depth] t=91.3680 id=6281 src=stereo u=593.0 v=74.0 depth=2.7512 depth2=-1.0000 track=1 sf=10 flag=ok
[T2gate] t=91.3680 tri=25 rej=0 xrej=0 init_replace=1 gate=0
[T2slv] t=91.3680 phase=1 init_cost=486.406 final_cost=475.152 iters=9 term=1 slv_ms=11.3
[T2diag] t=91.3680 P=[0.1458 0.3098 0.7518] V=[0.0031 -0.0082 0.0006] |Bas|=0.369620 |Bgs|=0.0033199 tic0=[0.1200 0.0500 -0.0200] tic1=[0.1200 -0.0500 -0.0200] td=0.00000 track=96
[E2uls] flag=1 sh_t=91.392 new_t=91.392 dP=[0.0003 0.0011 0.0003] |dP|=0.0012 first_dt=-1.0000
time: 91.368000, t: 0.145802 0.309844 0.751842 q: 0.999730 -0.004479 -0.022789 -0.001014 
[T2depth] t=91.5000 id=6283 src=stereo u=614.0 v=73.0 depth=2.7517 depth2=-1.0000 track=1 sf=10 flag=ok
[T2depth] t=91.5000 id=6284 src=stereo u=251.0 v=478.0 depth=1.5816 depth2=-1.0000 track=1 sf=10 flag=ok
[T2gate] t=91.5000 tri=27 rej=0 xrej=0 init_replace=0 gate=0
[T2slv] t=91.5000 phase=1 init_cost=492.527 final_cost=474.627 iters=9 term=1 slv_ms=10.4
[T2diag] t=91.5000 P=[0.1468 0.3111 0.7508] V=[0.0097 0.0107 -0.0087] |Bas|=0.369620 |Bgs|=0.0080982 tic0=[0.1200 0.0500 -0.0200] tic1=[0.1200 -0.0500 -0.0200] td=0.00000 track=95
[E2uls] flag=1 sh_t=91.528 new_t=91.528 dP=[0.0001 -0.0028 0.0014] |dP|=0.0031 first_dt=-1.0000
time: 91.500000, t: 0.146766 0.311105 0.750773 q: 0.999734 -0.005037 -0.022475 -0.001305 
[T2xcross] t=91.6000 id=6284 est=1.5816 svd=1.4686 rel=0.0714 track=2 sf=9
[T2depth] t=91.6000 id=6291 src=stereo u=611.0 v=73.0 depth=2.7516 depth2=-1.0000 track=1 sf=10 flag=ok
[T2gate] t=91.6000 tri=27 rej=0 xrej=0 init_replace=0 gate=0
[T2slv] t=91.6000 phase=1 init_cost=481.254 final_cost=469.739 iters=9 term=1 slv_ms=10.5
[T2diag] t=91.6000 P=[0.1476 0.3126 0.7498] V=[0.0114 0.0162 -0.0078] |Bas|=0.369620 |Bgs|=0.0076418 tic0=[0.1200 0.0500 -0.0200] tic1=[0.1200 -0.0500 -0.0200] td=0.00000 track=96
[E2uls] flag=1 sh_t=91.632 new_t=91.632 dP=[0.0011 0.0002 -0.0001] |dP|=0.0011 first_dt=-1.0000
time: 91.600000, t: 0.147579 0.312624 0.749830 q: 0.999735 -0.005309 -0.022341 -0.001545 
[T2depth] t=91.7000 id=6294 src=stereo u=417.0 v=478.0 depth=1.5798 depth2=-1.0000 track=1 sf=10 flag=ok
[T2depth] t=91.7000 id=6295 src=stereo u=583.0 v=73.0 depth=2.7511 depth2=-1.0000 track=1 sf=10 flag=ok
[T2gate] t=91.7000 tri=27 rej=0 xrej=0 init_replace=0 gate=0
[T2slv] t=91.7000 phase=1 init_cost=481.671 final_cost=469.511 iters=9 term=1 slv_ms=10.4
[T2diag] t=91.7000 P=[0.1482 0.3112 0.7497] V=[0.0090 -0.0138 0.0001] |Bas|=0.369620 |Bgs|=0.0061572 tic0=[0.1200 0.0500 -0.0200] tic1=[0.1200 -0.0500 -0.0200] td=0.00000 track=96
[E2uls] flag=1 sh_t=91.728 new_t=91.728 dP=[0.0015 0.0043 -0.0008] |dP|=0.0046 first_dt=-1.0000
time: 91.700000, t: 0.148217 0.311205 0.749712 q: 0.999740 -0.004604 -0.022323 -0.001108 
[T2xcross] t=91.8000 id=6276 est=0.3091 svd=0.0798 rel=0.7418 track=2 sf=9
[T2depth] t=91.8000 id=6296 src=motion2 u=2.0 v=305.0 depth=5.0000 depth2=-1.0000 track=2 sf=9 flag=init_neg
[T2depth] t=91.8000 id=6303 src=stereo u=199.0 v=284.0 depth=9.4420 depth2=-1.0000 track=1 sf=10 flag=ok
[T2gate] t=91.8000 tri=26 rej=0 xrej=0 init_replace=1 gate=0
[T2slv] t=91.8000 phase=1 init_cost=489.734 final_cost=474.232 iters=9 term=1 slv_ms=10.5
[T2diag] t=91.8000 P=[0.1483 0.3098 0.7500] V=[0.0034 -0.0137 0.0021] |Bas|=0.369620 |Bgs|=0.0074272 tic0=[0.1200 0.0500 -0.0200] tic1=[0.1200 -0.0500 -0.0200] td=0.00000 track=95
[E2uls] flag=1 sh_t=91.832 new_t=91.832 dP=[0.0023 -0.0008 -0.0002] |dP|=0.0025 first_dt=-1.0000
time: 91.800000, t: 0.148285 0.309847 0.749970 q: 0.999734 -0.004323 -0.022662 -0.000787 
[T2depth] t=91.9000 id=6307 src=stereo u=584.0 v=74.0 depth=2.7518 depth2=-1.0000 track=1 sf=10 flag=ok
[T2depth] t=91.9000 id=6310 src=stereo u=354.0 v=283.0 depth=7.9367 depth2=-1.0000 track=1 sf=10 flag=ok
[T2gate] t=91.9000 tri=28 rej=0 xrej=0 init_replace=0 gate=0
[T2slv] t=91.9000 phase=1 init_cost=494.42 final_cost=480.8 iters=9 term=1 slv_ms=10.4
[T2diag] t=91.9000 P=[0.1488 0.3085 0.7506] V=[0.0094 -0.0120 0.0068] |Bas|=0.369620 |Bgs|=0.0064738 tic0=[0.1200 0.0500 -0.0200] tic1=[0.1200 -0.0500 -0.0200] td=0.00000 track=94
[E2uls] flag=1 sh_t=91.928 new_t=91.928 dP=[0.0009 -0.0006 0.0001] |dP|=0.0010 first_dt=-1.0000
time: 91.900000, t: 0.148792 0.308522 0.750583 q: 0.999718 -0.004814 -0.023249 -0.000577 
[T2xcross] t=92.0000 id=6303 est=9.4420 svd=0.9873 rel=0.8954 track=2 sf=9
[T2depth] t=92.0000 id=6308 src=motion2 u=3.0 v=288.0 depth=0.6135 depth2=-1.0000 track=2 sf=9 flag=ok
[T2xcross] t=92.0000 id=6310 est=7.9367 svd=0.6083 rel=0.9234 track=2 sf=9
[T2depth] t=92.0000 id=6314 src=stereo u=611.0 v=74.0 depth=2.7517 depth2=-1.0000 track=1 sf=10 flag=ok
[T2gate] t=92.0000 tri=28 rej=0 xrej=0 init_replace=0 gate=0
[T2slv] t=92.0000 phase=1 init_cost=499.165 final_cost=483.158 iters=9 term=1 slv_ms=10.7
[T2diag] t=92.0000 P=[0.1490 0.3087 0.7506] V=[0.0038 0.0039 -0.0006] |Bas|=0.369620 |Bgs|=0.0076438 tic0=[0.1200 0.0500 -0.0200] tic1=[0.1200 -0.0500 -0.0200] td=0.00000 track=96
[E2uls] flag=1 sh_t=92.032 new_t=92.032 dP=[0.0017 -0.0021 0.0011] |dP|=0.0029 first_dt=-1.0000
time: 92.000000, t: 0.149033 0.308689 0.750566 q: 0.999715 -0.005149 -0.023291 -0.000713 
[T2xcross] t=92.1000 id=6314 est=2.7517 svd=0.0311 rel=0.9887 track=2 sf=9
[T2gate] t=92.1000 tri=29 rej=0 xrej=0 init_replace=0 gate=0
[T2slv] t=92.1000 phase=1 init_cost=496.571 final_cost=480.1 iters=9 term=1 slv_ms=10.5
[T2diag] t=92.1000 P=[0.1496 0.3099 0.7497] V=[0.0068 0.0093 -0.0097] |Bas|=0.369620 |Bgs|=0.0087763 tic0=[0.1200 0.0500 -0.0200] tic1=[0.1200 -0.0500 -0.0200] td=0.00000 track=95
[E2uls] flag=1 sh_t=92.128 new_t=92.128 dP=[0.0003 -0.0009 0.0009] |dP|=0.0013 first_dt=-1.0000
time: 92.100000, t: 0.149603 0.309880 0.749721 q: 0.999714 -0.005447 -0.023255 -0.001129 
[T2depth] t=92.2000 id=6325 src=stereo u=519.7 v=96.9 depth=3.4875 depth2=-1.0000 track=1 sf=10 flag=ok
[T2depth] t=92.2000 id=6330 src=stereo u=353.0 v=284.0 depth=7.8789 depth2=-1.0000 track=1 sf=10 flag=ok
[T2gate] t=92.2000 tri=31 rej=0 xrej=0 init_replace=0 gate=0
[T2slv] t=92.2000 phase=1 init_cost=499.618 final_cost=478.615 iters=9 term=1 slv_ms=10.6
[T2diag] t=92.2000 P=[0.1500 0.3098 0.7492] V=[0.0063 -0.0004 -0.0044] |Bas|=0.369620 |Bgs|=0.0088569 tic0=[0.1200 0.0500 -0.0200] tic1=[0.1200 -0.0500 -0.0200] td=0.00000 track=94
[E2uls] flag=1 sh_t=92.224 new_t=92.224 dP=[0.0012 0.0016 -0.0008] |dP|=0.0021 first_dt=-1.0000
time: 92.200000, t: 0.149961 0.309823 0.749224 q: 0.999716 -0.005116 -0.023245 -0.001306 
[T2xcross] t=92.3040 id=6325 est=3.4875 svd=0.1811 rel=0.9481 track=2 sf=9
[T2depth] t=92.3040 id=6332 src=stereo u=623.0 v=73.0 depth=2.7518 depth2=-1.0000 track=1 sf=10 flag=ok
[T2gate] t=92.3040 tri=26 rej=0 xrej=0 init_replace=0 gate=0
[T2slv] t=92.3040 phase=1 init_cost=499.339 final_cost=480.411 iters=9 term=1 slv_ms=11.0
[T2diag] t=92.3040 P=[0.1503 0.3093 0.7490] V=[0.0061 -0.0013 -0.0022] |Bas|=0.369620 |Bgs|=0.0047640 tic0=[0.1200 0.0500 -0.0200] tic1=[0.1200 -0.0500 -0.0200] td=0.00000 track=95
[E2uls] flag=1 sh_t=92.336 new_t=92.336 dP=[0.0010 0.0011 -0.0005] |dP|=0.0016 first_dt=-1.0000
time: 92.304000, t: 0.150275 0.309262 0.748974 q: 0.999722 -0.004480 -0.023120 -0.001225 
[T2depth] t=92.4360 id=6333 src=motion2 u=2.0 v=288.0 depth=5.0000 depth2=-1.0000 track=2 sf=9 flag=init_neg
[T2gate] t=92.4360 tri=24 rej=0 xrej=0 init_replace=1 gate=0
[T2slv] t=92.4360 phase=1 init_cost=500.299 final_cost=482.455 iters=9 term=1 slv_ms=10.7
[T2diag] t=92.4360 P=[0.1502 0.3095 0.7490] V=[0.0029 0.0009 0.0034] |Bas|=0.369620 |Bgs|=0.0045209 tic0=[0.1200 0.0500 -0.0200] tic1=[0.1200 -0.0500 -0.0200] td=0.00000 track=96
[E2uls] flag=1 sh_t=92.464 new_t=92.464 dP=[0.0020 0.0001 -0.0002] |dP|=0.0020 first_dt=-1.0000
time: 92.436000, t: 0.150247 0.309466 0.749021 q: 0.999722 -0.004292 -0.023133 -0.001241 
[T2xcross] t=92.5360 id=6330 est=7.8789 svd=0.4958 rel=0.9371 track=2 sf=9
[T2depth] t=92.5360 id=6341 src=stereo u=586.0 v=73.0 depth=2.5989 depth2=-1.0000 track=1 sf=10 flag=ok
[T2gate] t=92.5360 tri=25 rej=0 xrej=0 init_replace=0 gate=0
[T2slv] t=92.5360 phase=1 init_cost=491.951 final_cost=481.884 iters=9 term=1 slv_ms=10.6
[T2diag] t=92.5360 P=[0.1503 0.3101 0.7489] V=[0.0011 0.0068 -0.0008] |Bas|=0.369620 |Bgs|=0.0011467 tic0=[0.1200 0.0500 -0.0200] tic1=[0.1200 -0.0500 -0.0200] td=0.00000 track=94
[E2uls] flag=1 sh_t=92.560 new_t=92.560 dP=[0.0005 -0.0005 0.0008] |dP|=0.0011 first_dt=-1.0000
time: 92.536000, t: 0.150320 0.310096 0.748886 q: 0.999721 -0.004604 -0.023120 -0.001449 
[T2depth] t=92.6360 id=6342 src=motion2 u=513.0 v=101.0 depth=0.2107 depth2=-1.0000 track=2 sf=9 flag=ok
[T2depth] t=92.6360 id=6344 src=stereo u=612.0 v=73.0 depth=2.9238 depth2=-1.0000 track=1 sf=10 flag=ok
[T2depth] t=92.6360 id=6345 src=stereo u=253.0 v=478.0 depth=1.5833 depth2=-1.0000 track=1 sf=10 flag=ok
[T2depth] t=92.6360 id=6346 src=stereo u=420.0 v=312.0 depth=5.2538 depth2=-1.0000 track=1 sf=10 flag=ok
[T2gate] t=92.6360 tri=26 rej=0 xrej=0 init_replace=0 gate=0
[T2slv] t=92.6360 phase=1 init_cost=489.34 final_cost=478.6 iters=9 term=1 slv_ms=10.7
[T2diag] t=92.6360 P=[0.1506 0.3108 0.7483] V=[0.0037 0.0063 -0.0058] |Bas|=0.369620 |Bgs|=0.0033622 tic0=[0.1200 0.0500 -0.0200] tic1=[0.1200 -0.0500 -0.0200] td=0.00000 track=94
[E2uls] flag=1 sh_t=92.668 new_t=92.668 dP=[-0.0002 -0.0001 0.0008] |dP|=0.0008 first_dt=-1.0000
time: 92.636000, t: 0.150624 0.310823 0.748269 q: 0.999725 -0.004554 -0.022945 -0.001574 
[T2depth] t=92.7680 id=6351 src=stereo u=417.0 v=478.0 depth=1.5771 depth2=-1.0000 track=1 sf=10 flag=ok
[T2depth] t=92.7680 id=6353 src=stereo u=592.0 v=73.0 depth=2.7511 depth2=-1.0000 track=1 sf=10 flag=ok
[T2depth] t=92.7680 id=6354 src=stereo u=249.0 v=478.0 depth=1.5810 depth2=-1.0000 track=1 sf=10 flag=ok
[T2gate] t=92.7680 tri=28 rej=0 xrej=0 init_replace=0 gate=0
[T2slv] t=92.7680 phase=1 init_cost=490.741 final_cost=473.803 iters=9 term=1 slv_ms=10.6
[T2diag] t=92.7680 P=[0.1511 0.3126 0.7477] V=[0.0046 0.0132 -0.0027] |Bas|=0.369620 |Bgs|=0.0051536 tic0=[0.1200 0.0500 -0.0200] tic1=[0.1200 -0.0500 -0.0200] td=0.00000 track=94
[E2uls] flag=1 sh_t=92.800 new_t=92.800 dP=[0.0001 -0.0011 -0.0003] |dP|=0.0012 first_dt=-1.0000
time: 92.768000, t: 0.151130 0.312556 0.747731 q: 0.999733 -0.004655 -0.022573 -0.001837 
[T2xcross] t=92.9000 id=6346 est=5.2538 svd=48.9231 rel=0.8926 track=2 sf=9
[T2depth] t=92.9000 id=6350 src=motion2 u=2.7 v=298.9 depth=1.6366 depth2=-1.0000 track=2 sf=9 flag=ok
[T2xcross] t=92.9000 id=6354 est=1.5810 svd=27.3703 rel=0.9422 track=2 sf=9
[T2depth] t=92.9000 id=6358 src=stereo u=625.0 v=73.0 depth=2.7511 depth2=-1.0000 track=1 sf=10 flag=ok
[T2gate] t=92.9000 tri=26 rej=0 xrej=0 init_replace=0 gate=0
[T2slv] t=92.9000 phase=1 init_cost=487.588 final_cost=471.655 iters=9 term=1 slv_ms=10.5
[T2diag] t=92.9000 P=[0.1507 0.3126 0.7478] V=[0.0002 0.0019 0.0023] |Bas|=0.369620 |Bgs|=0.0017983 tic0=[0.1200 0.0500 -0.0200] tic1=[0.1200 -0.0500 -0.0200] td=0.00000 track=97
[E2uls] flag=1 sh_t=92.928 new_t=92.928 dP=[0.0018 0.0026 -0.0003] |dP|=0.0032 first_dt=-1.0000
time: 92.900000, t: 0.150704 0.312603 0.747804 q: 0.999730 -0.004746 -0.022683 -0.001600 
[T2depth] t=93.0000 id=6359 src=stereo u=356.2 v=287.0 depth=7.2935 depth2=-1.0000 track=1 sf=10 flag=ok
[T2depth] t=93.0000 id=6361 src=stereo u=199.3 v=284.0 depth=7.7617 depth2=-1.0000 track=1 sf=10 flag=ok
[T2depth] t=93.0000 id=6363 src=stereo u=616.0 v=73.0 depth=2.7517 depth2=-1.0000 track=1 sf=10 flag=ok
[T2depth] t=93.0000 id=6364 src=stereo u=521.0 v=95.0 depth=3.7369 depth2=-1.0000 track=1 sf=10 flag=ok
[T2gate] t=93.0000 tri=29 rej=0 xrej=0 init_replace=0 gate=0
[T2slv] t=93.0000 phase=1 init_cost=487.71 final_cost=474.75 iters=9 term=1 slv_ms=10.9
[T2diag] t=93.0000 P=[0.1507 0.3123 0.7482] V=[0.0020 -0.0041 0.0021] |Bas|=0.369620 |Bgs|=0.0068286 tic0=[0.1200 0.0500 -0.0200] tic1=[0.1200 -0.0500 -0.0200] td=0.00000 track=91
[E2uls] flag=1 sh_t=93.032 new_t=93.032 dP=[0.0001 0.0007 -0.0001] |dP|=0.0007 first_dt=-1.0000
time: 93.000000, t: 0.150723 0.312270 0.748207 q: 0.999734 -0.004392 -0.022626 -0.001307 
[T2xcross] t=93.1000 id=6359 est=7.2935 svd=0.3824 rel=0.9476 track=2 sf=9
[T2xcross] t=93.1000 id=6361 est=7.7617 svd=0.3165 rel=0.9592 track=2 sf=9
[T2depth] t=93.1000 id=6362 src=motion2 u=4.2 v=301.1 depth=0.2244 depth2=-1.0000 track=2 sf=9 flag=ok
[T2xcross] t=93.1000 id=6364 est=3.7369 svd=0.1838 rel=0.9508 track=2 sf=9
[T2depth] t=93.1000 id=6367 src=stereo u=253.0 v=478.0 depth=1.5784 depth2=-1.0000 track=1 sf=10 flag=ok
[T2depth] t=93.1000 id=6369 src=stereo u=93.0 v=323.0 depth=4.4200 depth2=-1.0000 track=1 sf=10 flag=ok
[T2gate] t=93.1000 tri=27 rej=0 xrej=0 init_replace=0 gate=0
[T2slv] t=93.1000 phase=1 init_cost=491.062 final_cost=475.527 iters=9 term=1 slv_ms=10.9
[T2diag] t=93.1000 P=[0.1509 0.3126 0.7481] V=[0.0031 0.0036 0.0008] |Bas|=0.369620 |Bgs|=0.0062297 tic0=[0.1200 0.0500 -0.0200] tic1=[0.1200 -0.0500 -0.0200] td=0.00000 track=95
[E2uls] flag=1 sh_t=93.124 new_t=93.124 dP=[0.0004 -0.0012 0.0006] |dP|=0.0014 first_dt=-1.0000
time: 93.100000, t: 0.150860 0.312597 0.748107 q: 0.999734 -0.004425 -0.022579 -0.001302 
[T2xcross] t=93.2000 id=6367 est=1.5784 svd=0.3259 rel=0.7935 track=2 sf=9
[T2depth] t=93.2000 id=6372 src=stereo u=637.0 v=73.0 depth=2.7517 depth2=-1.0000 track=1 sf=10 flag=ok
[T2gate] t=93.2000 tri=24 rej=0 xrej=0 init_replace=0 gate=0
[T2slv] t=93.2000 phase=1 init_cost=485.848 final_cost=473.774 iters=9 term=1 slv_ms=10.7
[T2diag] t=93.2000 P=[0.1511 0.3129 0.7481] V=[0.0040 0.0023 0.0003] |Bas|=0.369620 |Bgs|=0.0028614 tic0=[0.1200 0.0500 -0.0200] tic1=[0.1200 -0.0500 -0.0200] td=0.00000 track=97
[E2uls] flag=1 sh_t=93.232 new_t=93.232 dP=[0.0007 0.0003 0.0002] |dP|=0.0007 first_dt=-1.0000
time: 93.200000, t: 0.151071 0.312857 0.748090 q: 0.999734 -0.004502 -0.022572 -0.001431 
[T2depth] t=93.3000 id=6375 src=stereo u=612.0 v=73.0 depth=2.5986 depth2=-1.0000 track=1 sf=10 flag=ok
[T2gate] t=93.3000 tri=24 rej=0 xrej=0 init_replace=0 gate=0
[T2slv] t=93.3000 phase=1 init_cost=487.205 final_cost=477.009 iters=9 term=1 slv_ms=10.7
[T2diag] t=93.3000 P=[0.1508 0.3115 0.7487] V=[-0.0005 -0.0102 0.0057] |Bas|=0.369620 |Bgs|=0.0092168 tic0=[0.1200 0.0500 -0.0200] tic1=[0.1200 -0.0500 -0.0200] td=0.00000 track=96
[E2uls] flag=1 sh_t=93.328 new_t=93.328 dP=[0.0017 0.0022 -0.0008] |dP|=0.0029 first_dt=-1.0000
time: 93.300000, t: 0.150753 0.311544 0.748691 q: 0.999730 -0.004380 -0.022771 -0.001294 
[T2depth] t=93.4000 id=6378 src=stereo u=221.0 v=306.1 depth=5.7430 depth2=-1.0000 track=1 sf=10 flag=ok
[T2depth] t=93.4000 id=6381 src=stereo u=598.0 v=73.0 depth=2.7510 depth2=-1.0000 track=1 sf=10 flag=ok
[T2gate] t=93.4000 tri=26 rej=0 xrej=0 init_replace=0 gate=0
[T2slv] t=93.4000 phase=1 init_cost=493.615 final_cost=482.443 iters=9 term=1 slv_ms=10.6
[T2diag] t=93.4000 P=[0.1505 0.3107 0.7494] V=[-0.0012 -0.0055 0.0061] |Bas|=0.369620 |Bgs|=0.0058695 tic0=[0.1200 0.0500 -0.0200] tic1=[0.1200 -0.0500 -0.0200] td=0.00000 track=94
[E2uls] flag=1 sh_t=93.424 new_t=93.424 dP=[0.0005 -0.0003 0.0001] |dP|=0.0006 first_dt=-1.0000
time: 93.400000, t: 0.150494 0.310666 0.749394 q: 0.999727 -0.004450 -0.022905 -0.001126 
[T2depth] t=93.5000 id=6385 src=stereo u=619.0 v=73.0 depth=2.7511 depth2=-1.0000 track=1 sf=10 flag=ok
[T2gate] t=93.5000 tri=26 rej=0 xrej=0 init_replace=0 gate=0
[T2slv] t=93.5000 phase=1 init_cost=497.66 final_cost=482.251 iters=9 term=1 slv_ms=10.6
[T2diag] t=93.5000 P=[0.1508 0.3114 0.7490] V=[0.0058 0.0089 -0.0047] |Bas|=0.369620 |Bgs|=0.0045196 tic0=[0.1200 0.0500 -0.0200] tic1=[0.1200 -0.0500 -0.0200] td=0.00000 track=94
[E2uls] flag=1 sh_t=93.528 new_t=93.528 dP=[-0.0002 -0.0016 0.0017] |dP|=0.0023 first_dt=-1.0000
time: 93.500000, t: 0.150792 0.311432 0.748959 q: 0.999733 -0.004785 -0.022590 -0.001182 
[T2depth] t=93.6000 id=6383 src=motion2 u=516.6 v=98.0 depth=5.0000 depth2=-1.0000 track=2 sf=9 flag=init_neg
[T2depth] t=93.6000 id=6387 src=stereo u=249.0 v=478.0 depth=1.5806 depth2=-1.0000 track=1 sf=10 flag=ok
[T2depth] t=93.6000 id=6388 src=stereo u=221.0 v=306.0 depth=5.6845 depth2=-1.0000 track=1 sf=10 flag=ok
[T2gate] t=93.6000 tri=27 rej=0 xrej=0 init_replace=1 gate=0
[T2slv] t=93.6000 phase=1 init_cost=493.524 final_cost=478.311 iters=9 term=1 slv_ms=10.6
[T2diag] t=93.6000 P=[0.1514 0.3122 0.7486] V=[0.0067 0.0079 -0.0043] |Bas|=0.369620 |Bgs|=0.0060892 tic0=[0.1200 0.0500 -0.0200] tic1=[0.1200 -0.0500 -0.0200] td=0.00000 track=94
[E2uls] flag=1 sh_t=93.628 new_t=93.628 dP=[0.0003 0.0007 -0.0009] |dP|=0.0012 first_dt=-1.0000
time: 93.600000, t: 0.151429 0.312202 0.748630 q: 0.999734 -0.005010 -0.022470 -0.001234 
[T2depth] t=93.7000 id=6389 src=motion2 u=2.0 v=303.0 depth=0.0946 depth2=-1.0000 track=2 sf=9 flag=ok
[T2gate] t=93.7000 tri=25 rej=0 xrej=0 init_replace=0 gate=0
[T2slv] t=93.7000 phase=1 init_cost=492.148 final_cost=481.051 iters=9 term=1 slv_ms=10.5
[T2diag] t=93.7000 P=[0.1511 0.3111 0.7489] V=[-0.0009 -0.0118 0.0044] |Bas|=0.369620 |Bgs|=0.0052142 tic0=[0.1200 0.0500 -0.0200] tic1=[0.1200 -0.0500 -0.0200] td=0.00000 track=94
[E2uls] flag=1 sh_t=93.724 new_t=93.724 dP=[0.0017 0.0028 -0.0010] |dP|=0.0034 first_dt=-1.0000
time: 93.700000, t: 0.151065 0.311107 0.748917 q: 0.999732 -0.004485 -0.022701 -0.000963 
[T2depth] t=93.8000 id=6398 src=stereo u=458.0 v=347.0 depth=3.4695 depth2=-1.0000 track=1 sf=10 flag=ok
[T2depth] t=93.8000 id=6400 src=stereo u=96.0 v=322.0 depth=4.5269 depth2=-1.0000 track=1 sf=10 flag=ok
[T2gate] t=93.8000 tri=27 rej=0 xrej=0 init_replace=0 gate=0
[T2slv] t=93.8000 phase=1 init_cost=500.147 final_cost=489.293 iters=9 term=1 slv_ms=10.8
[T2diag] t=93.8000 P=[0.1510 0.3101 0.7499] V=[0.0040 -0.0065 0.0079] |Bas|=0.369620 |Bgs|=0.0049276 tic0=[0.1200 0.0500 -0.0200] tic1=[0.1200 -0.0500 -0.0200] td=0.00000 track=94
[E2uls] flag=1 sh_t=93.824 new_t=93.824 dP=[0.0004 -0.0005 -0.0003] |dP|=0.0007 first_dt=-1.0000
time: 93.800000, t: 0.151040 0.310112 0.749852 q: 0.999730 -0.004223 -0.022857 -0.000745 
[T2depth] t=93.9000 id=6402 src=stereo u=622.0 v=73.0 depth=2.7510 depth2=-1.0000 track=1 sf=10 flag=ok
[T2gate] t=93.9000 tri=26 rej=0 xrej=0 init_replace=0 gate=0
[T2slv] t=93.9000 phase=1 init_cost=502.496 final_cost=490.406 iters=9 term=1 slv_ms=10.7
[T2diag] t=93.9000 P=[0.1511 0.3106 0.7497] V=[0.0038 0.0043 -0.0036] |Bas|=0.369620 |Bgs|=0.0058729 tic0=[0.1200 0.0500 -0.0200] tic1=[0.1200 -0.0500 -0.0200] td=0.00000 track=94
[E2uls] flag=1 sh_t=93.928 new_t=93.928 dP=[0.0014 -0.0016 0.0013] |dP|=0.0025 first_dt=-1.0000
time: 93.900000, t: 0.151096 0.310604 0.749663 q: 0.999729 -0.004824 -0.022777 -0.000914 
[T2depth] t=93.9720 id=6405 src=stereo u=598.9 v=73.3 depth=2.7516 depth2=-1.0000 track=1 sf=10 flag=ok
[T2depth] t=93.9720 id=6406 src=stereo u=252.8 v=478.1 depth=1.5845 depth2=-1.0000 track=1 sf=10 flag=ok
[T2gate] t=93.9720 tri=29 rej=0 xrej=0 init_replace=0 gate=0
[T2slv] t=93.9720 phase=1 init_cost=499.521 final_cost=485.843 iters=9 term=1 slv_ms=10.8
[T2diag] t=93.9720 P=[0.1511 0.3112 0.7494] V=[0.0030 0.0072 -0.0039] |Bas|=0.369620 |Bgs|=0.0083917 tic0=[0.1200 0.0500 -0.0200] tic1=[0.1200 -0.0500 -0.0200] td=0.00000 track=93
[E2uls] flag=1 sh_t=94.000 new_t=94.000 dP=[0.0008 0.0000 -0.0004] |dP|=0.0009 first_dt=-1.0000
time: 93.972000, t: 0.151135 0.311179 0.749448 q: 0.999724 -0.005362 -0.022853 -0.001104 
[T2depth] t=94.1000 id=6418 src=stereo u=139.0 v=283.0 depth=7.8581 depth2=-1.0000 track=1 sf=10 flag=ok
[T2gate] t=94.1000 tri=28 rej=0 xrej=0 init_replace=0 gate=0
[T2slv] t=94.1000 phase=1 init_cost=504.134 final_cost=488.572 iters=9 term=1 slv_ms=10.9
[T2diag] t=94.1000 P=[0.1513 0.3105 0.7499] V=[0.0037 -0.0035 0.0049] |Bas|=0.369620 |Bgs|=0.0072678 tic0=[0.1200 0.0500 -0.0200] tic1=[0.1200 -0.0500 -0.0200] td=0.00000 track=93
[E2uls] flag=1 sh_t=94.136 new_t=94.136 dP=[0.0011 0.0028 -0.0014] |dP|=0.0034 first_dt=-1.0000
time: 94.100000, t: 0.151267 0.310519 0.749939 q: 0.999722 -0.004923 -0.023031 -0.001022 
[T2depth] t=94.2000 id=6417 src=motion2 u=521.0 v=96.0 depth=5.0000 depth2=-1.0000 track=2 sf=9 flag=init_neg
[T2depth] t=94.2000 id=6422 src=stereo u=138.7 v=283.0 depth=7.8700 depth2=-1.0000 track=1 sf=10 flag=ok
[T2gate] t=94.2000 tri=25 rej=0 xrej=0 init_replace=1 gate=0
[T2slv] t=94.2000 phase=1 init_cost=505.109 final_cost=494.154 iters=9 term=1 slv_ms=10.7
[T2diag] t=94.2000 P=[0.1514 0.3101 0.7502] V=[0.0044 0.0001 0.0034] |Bas|=0.369620 |Bgs|=0.0036968 tic0=[0.1200 0.0500 -0.0200] tic1=[0.1200 -0.0500 -0.0200] td=0.00000 track=94
[E2uls] flag=1 sh_t=94.224 new_t=94.224 dP=[0.0010 0.0001 0.0007] |dP|=0.0012 first_dt=-1.0000
time: 94.200000, t: 0.151450 0.310134 0.750196 q: 0.999729 -0.004267 -0.022875 -0.000959 
[T2depth] t=94.3000 id=6427 src=stereo u=221.0 v=307.0 depth=5.5937 depth2=-1.0000 track=1 sf=10 flag=ok
[T2gate] t=94.3000 tri=27 rej=0 xrej=0 init_replace=0 gate=0
[T2slv] t=94.3000 phase=1 init_cost=508.885 final_cost=496.772 iters=9 term=1 slv_ms=10.6
[T2diag] t=94.3000 P=[0.1511 0.3100 0.7505] V=[-0.0011 -0.0007 0.0001] |Bas|=0.369620 |Bgs|=0.0054830 tic0=[0.1200 0.0500 -0.0200] tic1=[0.1200 -0.0500 -0.0200] td=0.00000 track=93
[E2uls] flag=1 sh_t=94.328 new_t=94.328 dP=[0.0020 0.0002 0.0001] |dP|=0.0020 first_dt=-1.0000
time: 94.300000, t: 0.151071 0.309982 0.750474 q: 0.999724 -0.004378 -0.023043 -0.001008 
[T2depth] t=94.4000 id=6429 src=motion2 u=1.0 v=346.0 depth=0.2880 depth2=-1.0000 track=2 sf=9 flag=ok
[T2depth] t=94.4000 id=6434 src=stereo u=628.0 v=74.0 depth=2.7511 depth2=-1.0000 track=1 sf=10 flag=ok
[T2gate] t=94.4000 tri=28 rej=0 xrej=0 init_replace=0 gate=0
[T2slv] t=94.4000 phase=1 init_cost=510.482 final_cost=500.419 iters=9 term=1 slv_ms=10.7
[T2diag] t=94.4000 P=[0.1506 0.3102 0.7505] V=[-0.0010 0.0013 0.0004] |Bas|=0.369620 |Bgs|=0.0035656 tic0=[0.1200 0.0500 -0.0200] tic1=[0.1200 -0.0500 -0.0200] td=0.00000 track=93
[E2uls] flag=1 sh_t=94.432 new_t=94.432 dP=[0.0011 -0.0003 -0.0002] |dP|=0.0011 first_dt=-1.0000
time: 94.400000, t: 0.150573 0.310180 0.750542 q: 0.999717 -0.004761 -0.023282 -0.001168 
[T2depth] t=94.4720 id=6432 src=motion2 u=3.9 v=292.0 depth=5.0000 depth2=-1.0000 track=2 sf=9 flag=init_neg
[T2depth] t=94.4720 id=6437 src=stereo u=138.7 v=286.0 depth=7.4906 depth2=-1.0000 track=1 sf=10 flag=ok
[T2depth] t=94.4720 id=6438 src=stereo u=630.0 v=74.0 depth=2.5989 depth2=-1.0000 track=1 sf=10 flag=ok
[T2depth] t=94.4720 id=6440 src=stereo u=221.0 v=307.0 depth=5.6441 depth2=-1.0000 track=1 sf=10 flag=ok
[T2gate] t=94.4720 tri=27 rej=0 xrej=0 init_replace=1 gate=0
[T2slv] t=94.4720 phase=1 init_cost=512.099 final_cost=500.122 iters=9 term=1 slv_ms=11.2
[T2diag] t=94.4720 P=[0.1509 0.3104 0.7501] V=[0.0063 0.0038 -0.0065] |Bas|=0.369620 |Bgs|=0.0055672 tic0=[0.1200 0.0500 -0.0200] tic1=[0.1200 -0.0500 -0.0200] td=0.00000 track=93
[E2uls] flag=1 sh_t=94.504 new_t=94.504 dP=[-0.0003 -0.0001 0.0007] |dP|=0.0008 first_dt=-1.0000
time: 94.472000, t: 0.150908 0.310417 0.750146 q: 0.999720 -0.004684 -0.023150 -0.001271 
[T2depth] t=94.6000 id=6439 src=motion2 u=515.0 v=100.0 depth=0.1808 depth2=-1.0000 track=2 sf=9 flag=ok
[T2depth] t=94.6000 id=6442 src=stereo u=253.0 v=478.0 depth=1.5832 depth2=-1.0000 track=1 sf=10 flag=ok
[T2depth] t=94.6000 id=6443 src=stereo u=421.0 v=312.0 depth=5.2477 depth2=-1.0000 track=1 sf=10 flag=ok
[T2gate] t=94.6000 tri=24 rej=0 xrej=0 init_replace=0 gate=0
[T2slv] t=94.6000 phase=1 init_cost=503.853 final_cost=492.958 iters=9 term=1 slv_ms=10.6
[T2diag] t=94.6000 P=[0.1513 0.3107 0.7490] V=[0.0055 0.0036 -0.0078] |Bas|=0.369620 |Bgs|=0.0051688 tic0=[0.1200 0.0500 -0.0200] tic1=[0.1200 -0.0500 -0.0200] td=0.00000 track=95
[E2uls] flag=1 sh_t=94.632 new_t=94.632 dP=[0.0016 0.0006 -0.0000] |dP|=0.0017 first_dt=-1.0000
time: 94.600000, t: 0.151258 0.310718 0.749030 q: 0.999728 -0.004581 -0.022829 -0.001347 
[T2depth] t=94.7000 id=6444 src=stereo u=596.0 v=73.0 depth=2.5990 depth2=-1.0000 track=1 sf=10 flag=ok
[T2gate] t=94.7000 tri=24 rej=0 xrej=0 init_replace=0 gate=0
[T2slv] t=94.7000 phase=1 init_cost=504.886 final_cost=489.676 iters=9 term=1 slv_ms=10.9
[T2diag] t=94.7000 P=[0.1511 0.3103 0.7490] V=[0.0003 -0.0011 0.0010] |Bas|=0.369620 |Bgs|=0.0020502 tic0=[0.1200 0.0500 -0.0200] tic1=[0.1200 -0.0500 -0.0200] td=0.00000 track=95
[E2uls] flag=1 sh_t=94.724 new_t=94.724 dP=[0.0017 0.0015 -0.0007] |dP|=0.0024 first_dt=-1.0000
time: 94.700000, t: 0.151059 0.310318 0.748963 q: 0.999729 -0.004416 -0.022829 -0.001149 
[T2xcross] t=94.8000 id=6440 est=5.6441 svd=5.6725 rel=0.0050 track=2 sf=9
[T2depth] t=94.8000 id=6448 src=stereo u=354.0 v=288.2 depth=7.5600 depth2=-1.0000 track=1 sf=10 flag=ok
[T2depth] t=94.8000 id=6450 src=stereo u=609.0 v=73.0 depth=2.5988 depth2=-1.0000 track=1 sf=10 flag=ok
[T2gate] t=94.8000 tri=29 rej=0 xrej=0 init_replace=0 gate=0
[T2slv] t=94.8000 phase=1 init_cost=504.115 final_cost=494.372 iters=9 term=1 slv_ms=10.7
[T2diag] t=94.8000 P=[0.1505 0.3102 0.7497] V=[-0.0024 -0.0026 0.0047] |Bas|=0.369620 |Bgs|=0.0025151 tic0=[0.1200 0.0500 -0.0200] tic1=[0.1200 -0.0500 -0.0200] td=0.00000 track=92
[E2uls] flag=1 sh_t=94.824 new_t=94.824 dP=[0.0012 -0.0002 -0.0008] |dP|=0.0014 first_dt=-1.0000
time: 94.800000, t: 0.150472 0.310236 0.749651 q: 0.999726 -0.004272 -0.022983 -0.001069 
[T2depth] t=94.9000 id=6451 src=motion2 u=516.0 v=99.0 depth=5.0000 depth2=-1.0000 track=2 sf=9 flag=init_neg
[T2depth] t=94.9000 id=6457 src=stereo u=221.0 v=307.0 depth=5.5585 depth2=-1.0000 track=1 sf=10 flag=ok
[T2gate] t=94.9000 tri=28 rej=0 xrej=0 init_replace=1 gate=0
[T2slv] t=94.9000 phase=1 init_cost=516.826 final_cost=496.777 iters=9 term=1 slv_ms=10.7
[T2diag] t=94.9000 P=[0.1501 0.3103 0.7498] V=[-0.0003 0.0017 0.0004] |Bas|=0.369620 |Bgs|=0.0077973 tic0=[0.1200 0.0500 -0.0200] tic1=[0.1200 -0.0500 -0.0200] td=0.00000 track=93
[E2uls] flag=1 sh_t=94.928 new_t=94.928 dP=[0.0005 -0.0005 0.0003] |dP|=0.0008 first_dt=-1.0000
time: 94.900000, t: 0.150133 0.310283 0.749813 q: 0.999726 -0.004409 -0.022965 -0.001100 
[T2depth] t=95.0000 id=6458 src=motion2 u=6.0 v=299.0 depth=5.0000 depth2=-1.0000 track=2 sf=9 flag=init_neg
[T2depth] t=95.0000 id=6461 src=stereo u=612.2 v=72.7 depth=2.5990 depth2=-1.0000 track=1 sf=10 flag=ok
[T2depth] t=95.0000 id=6466 src=stereo u=251.0 v=478.0 depth=1.5787 depth2=-1.0000 track=1 sf=10 flag=ok
[T2depth] t=95.0000 id=6467 src=stereo u=355.0 v=287.0 depth=7.3985 depth2=-1.0000 track=1 sf=10 flag=ok
[T2gate] t=95.0000 tri=28 rej=0 xrej=0 init_replace=1 gate=0
[T2slv] t=95.0000 phase=1 init_cost=506.058 final_cost=492.558 iters=9 term=1 slv_ms=10.6
[T2diag] t=95.0000 P=[0.1501 0.3108 0.7494] V=[0.0036 0.0061 -0.0050] |Bas|=0.369620 |Bgs|=0.0047641 tic0=[0.1200 0.0500 -0.0200] tic1=[0.1200 -0.0500 -0.0200] td=0.00000 track=92
[E2uls] flag=1 sh_t=95.032 new_t=95.032 dP=[0.0006 -0.0000 0.0006] |dP|=0.0009 first_dt=-1.0000
time: 95.000000, t: 0.150095 0.310765 0.749387 q: 0.999735 -0.004783 -0.022474 -0.001296 
[T2depth] t=95.1040 id=6460 src=motion2 u=520.6 v=95.9 depth=5.0000 depth2=-1.0000 track=2 sf=9 flag=init_neg
[T2xcross] t=95.1040 id=6466 est=1.5787 svd=0.9269 rel=0.4129 track=2 sf=9
[T2xcross] t=95.1040 id=6467 est=7.3985 svd=1.5612 rel=0.7890 track=2 sf=9
[T2gate] t=95.1040 tri=25 rej=0 xrej=0 init_replace=1 gate=0
[T2slv] t=95.1040 phase=1 init_cost=501.425 final_cost=491.287 iters=9 term=1 slv_ms=10.9
[T2diag] t=95.1040 P=[0.1497 0.3106 0.7494] V=[-0.0035 -0.0029 0.0030] |Bas|=0.369620 |Bgs|=0.0032799 tic0=[0.1200 0.0500 -0.0200] tic1=[0.1200 -0.0500 -0.0200] td=0.00000 track=95
[E2uls] flag=1 sh_t=95.136 new_t=95.136 dP=[0.0016 0.0016 -0.0007] |dP|=0.0023 first_dt=-1.0000
time: 95.104000, t: 0.149684 0.310593 0.749424 q: 0.999735 -0.004403 -0.022537 -0.001354 
[T2depth] t=95.2360 id=6474 src=stereo u=353.0 v=287.0 depth=7.5443 depth2=-1.0000 track=1 sf=10 flag=ok
[T2gate] t=95.2360 tri=25 rej=0 xrej=0 init_replace=0 gate=0
[T2slv] t=95.2360 phase=1 init_cost=506.858 final_cost=496.526 iters=9 term=1 slv_ms=10.6
[T2diag] t=95.2360 P=[0.1490 0.3098 0.7501] V=[-0.0024 -0.0042 0.0063] |Bas|=0.369620 |Bgs|=0.0025775 tic0=[0.1200 0.0500 -0.0200] tic1=[0.1200 -0.0500 -0.0200] td=0.00000 track=94
[E2uls] flag=1 sh_t=95.264 new_t=95.264 dP=[0.0007 0.0004 -0.0002] |dP|=0.0008 first_dt=-1.0000
time: 95.236000, t: 0.148996 0.309792 0.750104 q: 0.999734 -0.004360 -0.022607 -0.001329 
[T2xcross] t=95.3360 id=6474 est=7.5443 svd=12.7287 rel=0.4073 track=2 sf=9
[T2depth] t=95.3360 id=6476 src=stereo u=602.8 v=73.0 depth=2.7519 depth2=-1.0000 track=1 sf=10 flag=ok
[T2gate] t=95.3360 tri=24 rej=0 xrej=0 init_replace=0 gate=0
[T2slv] t=95.3360 phase=1 init_cost=508.043 final_cost=496.793 iters=9 term=1 slv_ms=10.8
[T2diag] t=95.3360 P=[0.1489 0.3101 0.7501] V=[0.0011 0.0030 -0.0007] |Bas|=0.369620 |Bgs|=0.0059353 tic0=[0.1200 0.0500 -0.0200] tic1=[0.1200 -0.0500 -0.0200] td=0.00000 track=95
[E2uls] flag=1 sh_t=95.360 new_t=95.360 dP=[0.0004 -0.0008 0.0006] |dP|=0.0010 first_dt=-1.0000
time: 95.336000, t: 0.148927 0.310067 0.750107 q: 0.999734 -0.004661 -0.022549 -0.001436 
[T2xcross] t=95.4400 id=6476 est=2.7519 svd=0.0290 rel=0.9894 track=2 sf=9
[T2gate] t=95.4400 tri=24 rej=0 xrej=0 init_replace=0 gate=0
[T2slv] t=95.4400 phase=1 init_cost=507.279 final_cost=491.256 iters=9 term=1 slv_ms=10.4
[T2diag] t=95.4400 P=[0.1491 0.3108 0.7498] V=[0.0031 0.0043 -0.0027] |Bas|=0.369620 |Bgs|=0.0032400 tic0=[0.1200 0.0500 -0.0200] tic1=[0.1200 -0.0500 -0.0200] td=0.00000 track=95
[E2uls] flag=1 sh_t=95.464 new_t=95.464 dP=[0.0004 -0.0009 0.0001] |dP|=0.0010 first_dt=-1.0000
time: 95.440000, t: 0.149076 0.310834 0.749813 q: 0.999734 -0.004893 -0.022486 -0.001596 
[T2depth] t=95.5360 id=6482 src=motion2 u=3.0 v=306.0 depth=0.1765 depth2=-1.0000 track=2 sf=9 flag=ok
[T2depth] t=95.5360 id=6483 src=stereo u=618.0 v=73.0 depth=2.7517 depth2=-1.0000 track=1 sf=10 flag=ok
[T2depth] t=95.5360 id=6485 src=stereo u=420.0 v=312.0 depth=5.2832 depth2=-1.0000 track=1 sf=10 flag=ok
[T2gate] t=95.5360 tri=27 rej=0 xrej=0 init_replace=0 gate=0
[T2slv] t=95.5360 phase=1 init_cost=502.004 final_cost=490.691 iters=9 term=1 slv_ms=10.4
[T2diag] t=95.5360 P=[0.1483 0.3100 0.7500] V=[-0.0064 -0.0056 0.0020] |Bas|=0.369620 |Bgs|=0.0047463 tic0=[0.1200 0.0500 -0.0200] tic1=[0.1200 -0.0500 -0.0200] td=0.00000 track=94
[E2uls] flag=1 sh_t=95.568 new_t=95.568 dP=[0.0020 0.0021 -0.0009] |dP|=0.0031 first_dt=-1.0000
time: 95.536000, t: 0.148300 0.310035 0.749997 q: 0.999730 -0.004818 -0.022675 -0.001390 
[T2depth] t=95.6360 id=6484 src=motion2 u=520.0 v=96.0 depth=0.2577 depth2=-1.0000 track=2 sf=9 flag=ok
[T2depth] t=95.6360 id=6487 src=stereo u=627.0 v=74.0 depth=2.7518 depth2=-1.0000 track=1 sf=10 flag=ok
[T2gate] t=95.6360 tri=25 rej=0 xrej=0 init_replace=0 gate=0
[T2slv] t=95.6360 phase=1 init_cost=503.997 final_cost=493.949 iters=9 term=1 slv_ms=10.6
[T2diag] t=95.6360 P=[0.1479 0.3101 0.7503] V=[-0.0015 0.0019 0.0029] |Bas|=0.369620 |Bgs|=0.0010692 tic0=[0.1200 0.0500 -0.0200] tic1=[0.1200 -0.0500 -0.0200] td=0.00000 track=95
[E2uls] flag=1 sh_t=95.668 new_t=95.668 dP=[-0.0002 -0.0007 0.0001] |dP|=0.0008 first_dt=-1.0000
time: 95.636000, t: 0.147950 0.310097 0.750296 q: 0.999728 -0.005001 -0.022740 -0.001335 
[T2gate] t=95.7720 tri=24 rej=0 xrej=0 init_replace=0 gate=0
[T2slv] t=95.7720 phase=1 init_cost=504.237 final_cost=493.535 iters=9 term=1 slv_ms=10.8
[T2diag] t=95.7720 P=[0.1482 0.3101 0.7500] V=[0.0052 0.0011 -0.0030] |Bas|=0.369620 |Bgs|=0.0033964 tic0=[0.1200 0.0500 -0.0200] tic1=[0.1200 -0.0500 -0.0200] td=0.00000 track=94
[E2uls] flag=1 sh_t=95.800 new_t=95.800 dP=[-0.0001 0.0008 0.0005] |dP|=0.0010 first_dt=-1.0000
time: 95.772000, t: 0.148225 0.310120 0.750037 q: 0.999732 -0.004775 -0.022612 -0.001161 
[T2depth] t=95.9000 id=6492 src=motion2 u=513.0 v=101.0 depth=2.9222 depth2=-1.0000 track=2 sf=9 flag=ok
[T2depth] t=95.9000 id=6493 src=motion2 u=1.0 v=346.0 depth=5.0000 depth2=-1.0000 track=2 sf=9 flag=init_neg
[T2depth] t=95.9000 id=6494 src=stereo u=582.0 v=73.0 depth=2.5987 depth2=-1.0000 track=1 sf=10 flag=ok
[T2depth] t=95.9000 id=6495 src=stereo u=421.1 v=312.0 depth=5.1758 depth2=-1.0000 track=1 sf=10 flag=ok
[T2gate] t=95.9000 tri=26 rej=0 xrej=0 init_replace=1 gate=0
[T2slv] t=95.9000 phase=1 init_cost=504.618 final_cost=494.354 iters=9 term=1 slv_ms=10.9
[T2diag] t=95.9000 P=[0.1479 0.3101 0.7500] V=[0.0021 0.0023 0.0010] |Bas|=0.369620 |Bgs|=0.0022080 tic0=[0.1200 0.0500 -0.0200] tic1=[0.1200 -0.0500 -0.0200] td=0.00000 track=96
[E2uls] flag=1 sh_t=95.928 new_t=95.928 dP=[0.0021 0.0008 -0.0004] |dP|=0.0023 first_dt=-1.0000
time: 95.900000, t: 0.147857 0.310086 0.750047 q: 0.999732 -0.004569 -0.022680 -0.001051 
[T2gate] t=96.0040 tri=23 rej=0 xrej=0 init_replace=0 gate=0
[T2slv] t=96.0040 phase=1 init_cost=517.725 final_cost=496.31 iters=9 term=1 slv_ms=10.4
[T2diag] t=96.0040 P=[0.1477 0.3099 0.7501] V=[0.0022 -0.0004 0.0014] |Bas|=0.369620 |Bgs|=0.0087889 tic0=[0.1200 0.0500 -0.0200] tic1=[0.1200 -0.0500 -0.0200] td=0.00000 track=95
[E2uls] flag=1 sh_t=96.024 new_t=96.024 dP=[0.0008 0.0008 0.0002] |dP|=0.0011 first_dt=-1.0000
time: 96.004000, t: 0.147731 0.309935 0.750101 q: 0.999732 -0.004574 -0.022683 -0.001047 
[T2depth] t=96.1360 id=6499 src=stereo u=634.0 v=73.0 depth=2.7517 depth2=-1.0000 track=1 sf=10 flag=ok
[T2gate] t=96.1360 tri=26 rej=0 xrej=0 init_replace=0 gate=0
[T2slv] t=96.1360 phase=1 init_cost=510.514 final_cost=492.643 iters=9 term=1 slv_ms=10.7
[T2diag] t=96.1360 P=[0.1481 0.3109 0.7496] V=[0.0049 0.0085 -0.0041] |Bas|=0.369620 |Bgs|=0.0061661 tic0=[0.1200 0.0500 -0.0200] tic1=[0.1200 -0.0500 -0.0200] td=0.00000 track=93
[E2uls] flag=1 sh_t=96.160 new_t=96.160 dP=[0.0010 -0.0007 0.0008] |dP|=0.0014 first_dt=-1.0000
time: 96.136000, t: 0.148070 0.310899 0.749634 q: 0.999732 -0.004899 -0.022603 -0.001417 
[T2depth] t=96.2400 id=6500 src=motion2 u=520.0 v=96.0 depth=5.0000 depth2=-1.0000 track=2 sf=9 flag=init_neg
[T2depth] t=96.2400 id=6502 src=motion2 u=2.0 v=305.0 depth=0.0623 depth2=-1.0000 track=2 sf=9 flag=ok
[T2depth] t=96.2400 id=6503 src=stereo u=618.0 v=73.0 depth=2.7512 depth2=-1.0000 track=1 sf=10 flag=ok
[T2depth] t=96.2400 id=6504 src=stereo u=420.0 v=312.1 depth=5.2536 depth2=-1.0000 track=1 sf=10 flag=ok
[T2gate] t=96.2400 tri=27 rej=0 xrej=0 init_replace=1 gate=0
[T2slv] t=96.2400 phase=1 init_cost=507.272 final_cost=492.946 iters=9 term=1 slv_ms=11.2
[T2diag] t=96.2400 P=[0.1475 0.3109 0.7498] V=[-0.0003 -0.0016 0.0033] |Bas|=0.369620 |Bgs|=0.0057503 tic0=[0.1200 0.0500 -0.0200] tic1=[0.1200 -0.0500 -0.0200] td=0.00000 track=95
[E2uls] flag=1 sh_t=96.264 new_t=96.264 dP=[0.0021 0.0017 -0.0007] |dP|=0.0028 first_dt=-1.0000
time: 96.240000, t: 0.147541 0.310902 0.749786 q: 0.999729 -0.004585 -0.022751 -0.001577 
[T2depth] t=96.3360 id=6505 src=motion2 u=1.3 v=347.2 depth=0.5793 depth2=-1.0000 track=2 sf=9 flag=ok
[T2gate] t=96.3360 tri=26 rej=0 xrej=0 init_replace=0 gate=0
[T2slv] t=96.3360 phase=1 init_cost=510.51 final_cost=498.104 iters=9 term=1 slv_ms=10.9
[T2diag] t=96.3360 P=[0.1470 0.3106 0.7502] V=[-0.0042 0.0035 0.0025] |Bas|=0.369620 |Bgs|=0.0086572 tic0=[0.1200 0.0500 -0.0200] tic1=[0.1200 -0.0500 -0.0200] td=0.00000 track=94
[E2uls] flag=1 sh_t=96.368 new_t=96.368 dP=[0.0011 0.0001 -0.0001] |dP|=0.0011 first_dt=-1.0000
time: 96.336000, t: 0.146988 0.310618 0.750197 q: 0.999720 -0.004099 -0.023261 -0.001550 
[T2depth] t=96.4360 id=6509 src=motion2 u=523.1 v=93.9 depth=5.0000 depth2=-1.0000 track=2 sf=9 flag=init_neg
[T2depth] t=96.4360 id=6515 src=stereo u=588.0 v=74.0 depth=2.5988 depth2=-1.0000 track=1 sf=10 flag=ok
[T2gate] t=96.4360 tri=28 rej=0 xrej=0 init_replace=1 gate=0
[T2slv] t=96.4360 phase=1 init_cost=524.203 final_cost=495.962 iters=9 term=1 slv_ms=11.0
[T2diag] t=96.4360 P=[0.1472 0.3107 0.7500] V=[0.0043 0.0021 -0.0031] |Bas|=0.369620 |Bgs|=0.0069179 tic0=[0.1200 0.0500 -0.0200] tic1=[0.1200 -0.0500 -0.0200] td=0.00000 track=94
[E2uls] flag=1 sh_t=96.472 new_t=96.472 dP=[-0.0005 0.0005 0.0008] |dP|=0.0011 first_dt=-1.0000
time: 96.436000, t: 0.147182 0.310720 0.749961 q: 0.999722 -0.004306 -0.023148 -0.001316 
[T2depth] t=96.5680 id=6517 src=motion2 u=4.0 v=307.0 depth=5.0000 depth2=-1.0000 track=2 sf=9 flag=init_neg
[T2depth] t=96.5680 id=6518 src=stereo u=620.4 v=72.7 depth=2.7512 depth2=-1.0000 track=1 sf=10 flag=ok
[T2depth] t=96.5680 id=6522 src=stereo u=252.0 v=478.0 depth=1.5801 depth2=-1.0000 track=1 sf=10 flag=ok
[T2depth] t=96.5680 id=6523 src=stereo u=356.0 v=287.0 depth=7.4211 depth2=-1.0000 track=1 sf=10 flag=ok
[T2gate] t=96.5680 tri=27 rej=0 xrej=0 init_replace=1 gate=0
[T2slv] t=96.5680 phase=1 init_cost=514.945 final_cost=491.501 iters=9 term=1 slv_ms=11.8
[T2diag] t=96.5680 P=[0.1471 0.3110 0.7494] V=[0.0013 0.0020 -0.0068] |Bas|=0.369620 |Bgs|=0.0047602 tic0=[0.1200 0.0500 -0.0200] tic1=[0.1200 -0.0500 -0.0200] td=0.00000 track=94
[E2uls] flag=1 sh_t=96.596 new_t=96.596 dP=[0.0016 0.0002 -0.0005] |dP|=0.0016 first_dt=-1.0000
time: 96.568000, t: 0.147139 0.310976 0.749397 q: 0.999736 -0.004368 -0.022524 -0.000942 
[T2xcross] t=96.6720 id=6522 est=1.5801 svd=0.3715 rel=0.7649 track=2 sf=9
[T2xcross] t=96.6720 id=6523 est=7.4211 svd=0.3427 rel=0.9538 track=2 sf=9
[T2depth] t=96.6720 id=6525 src=stereo u=417.9 v=478.1 depth=1.5770 depth2=-1.0000 track=1 sf=10 flag=ok
[T2depth] t=96.6720 id=6527 src=stereo u=421.0 v=312.0 depth=5.1663 depth2=-1.0000 track=1 sf=10 flag=ok
[T2gate] t=96.6720 tri=26 rej=0 xrej=0 init_replace=0 gate=0
[T2slv] t=96.6720 phase=1 init_cost=500.345 final_cost=487.991 iters=9 term=1 slv_ms=11.2
[T2diag] t=96.6720 P=[0.1471 0.3119 0.7489] V=[0.0016 0.0074 -0.0020] |Bas|=0.369620 |Bgs|=0.0067267 tic0=[0.1200 0.0500 -0.0200] tic1=[0.1200 -0.0500 -0.0200] td=0.00000 track=94
[E2uls] flag=1 sh_t=96.700 new_t=96.700 dP=[0.0007 -0.0004 -0.0002] |dP|=0.0009 first_dt=-1.0000
time: 96.672000, t: 0.147122 0.311871 0.748928 q: 0.999738 -0.004445 -0.022435 -0.001085 
[T2depth] t=96.8000 id=6530 src=stereo u=416.9 v=478.2 depth=1.5811 depth2=-1.0000 track=1 sf=10 flag=ok
[T2gate] t=96.8000 tri=26 rej=0 xrej=0 init_replace=0 gate=0
[T2slv] t=96.8000 phase=1 init_cost=508.993 final_cost=487.498 iters=9 term=1 slv_ms=12.9
[T2diag] t=96.8000 P=[0.1464 0.3111 0.7493] V=[-0.0035 -0.0033 0.0056] |Bas|=0.369620 |Bgs|=0.0051102 tic0=[0.1200 0.0500 -0.0200] tic1=[0.1200 -0.0500 -0.0200] td=0.00000 track=95
[E2uls] flag=1 sh_t=96.832 new_t=96.832 dP=[0.0015 0.0027 -0.0005] |dP|=0.0031 first_dt=-1.0000
time: 96.800000, t: 0.146416 0.311146 0.749335 q: 0.999731 -0.004799 -0.022659 -0.000975 
[T2xcross] t=96.9000 id=6527 est=5.1663 svd=3.0954 rel=0.4008 track=2 sf=9
[T2xcross] t=96.9000 id=6530 est=1.5811 svd=3.7467 rel=0.5780 track=2 sf=9
[T2depth] t=96.9000 id=6533 src=motion2 u=3.0 v=301.0 depth=0.5312 depth2=-1.0000 track=2 sf=9 flag=ok
[T2depth] t=96.9000 id=6536 src=stereo u=136.7 v=284.0 depth=7.6663 depth2=-1.0000 track=1 sf=10 flag=ok
[T2depth] t=96.9000 id=6537 src=stereo u=628.0 v=73.0 depth=2.5989 depth2=-1.0000 track=1 sf=10 flag=ok
[T2depth] t=96.9000 id=6538 src=stereo u=513.0 v=101.0 depth=2.7512 depth2=-1.0000 track=1 sf=10 flag=ok
[T2gate] t=96.9000 tri=27 rej=0 xrej=0 init_replace=0 gate=0
[T2slv] t=96.9000 phase=1 init_cost=497.696 final_cost=488.112 iters=9 term=1 slv_ms=14.6
[T2diag] t=96.9000 P=[0.1466 0.3116 0.7493] V=[0.0066 0.0026 -0.0011] |Bas|=0.369620 |Bgs|=0.0036698 tic0=[0.1200 0.0500 -0.0200] tic1=[0.1200 -0.0500 -0.0200] td=0.00000 track=96
[E2uls] flag=1 sh_t=96.940 new_t=96.940 dP=[0.0002 -0.0008 0.0006] |dP|=0.0010 first_dt=-1.0000
time: 96.900000, t: 0.146552 0.311583 0.749337 q: 0.999735 -0.004690 -0.022521 -0.001132 
[T2depth] t=97.0000 id=6539 src=motion2 u=1.0 v=346.0 depth=5.0000 depth2=-1.0000 track=2 sf=9 flag=init_neg
[T2depth] t=97.0000 id=6541 src=stereo u=604.0 v=73.0 depth=2.7517 depth2=-1.0000 track=1 sf=10 flag=ok
[T2gate] t=97.0000 tri=24 rej=0 xrej=0 init_replace=1 gate=0
[T2slv] t=97.0000 phase=1 init_cost=504.209 final_cost=487.869 iters=9 term=1 slv_ms=17.0
[T2diag] t=97.0000 P=[0.1463 0.3117 0.7494] V=[0.0017 0.0019 0.0004] |Bas|=0.369620 |Bgs|=0.0064435 tic0=[0.1200 0.0500 -0.0200] tic1=[0.1200 -0.0500 -0.0200] td=0.00000 track=97
[E2uls] flag=1 sh_t=97.048 new_t=97.048 dP=[0.0025 0.0003 -0.0005] |dP|=0.0026 first_dt=-1.0000
time: 97.000000, t: 0.146332 0.311736 0.749388 q: 0.999734 -0.004669 -0.022546 -0.001288 
[T2depth] t=97.1040 id=6542 src=motion2 u=520.0 v=96.0 depth=5.0000 depth2=-1.0000 track=2 sf=9 flag=init_neg
[T2gate] t=97.1040 tri=23 rej=0 xrej=0 init_replace=1 gate=0
[T2slv] t=97.1040 phase=1 init_cost=502.4 final_cost=487.584 iters=9 term=1 slv_ms=16.5
[T2diag] t=97.1040 P=[0.1464 0.3116 0.7494] V=[0.0036 0.0023 -0.0010] |Bas|=0.369620 |Bgs|=0.0041295 tic0=[0.1200 0.0500 -0.0200] tic1=[0.1200 -0.0500 -0.0200] td=0.00000 track=98
[E2uls] flag=1 sh_t=97.152 new_t=97.152 dP=[0.0011 0.0004 0.0001] |dP|=0.0012 first_dt=-1.0000
time: 97.104000, t: 0.146374 0.311631 0.749409 q: 0.999735 -0.004806 -0.022470 -0.001255 
[T2depth] t=97.2360 id=6545 src=stereo u=421.2 v=312.1 depth=5.1649 depth2=-1.0000 track=1 sf=10 flag=ok
[T2gate] t=97.2360 tri=25 rej=0 xrej=0 init_replace=0 gate=0
[T2slv] t=97.2360 phase=1 init_cost=501.74 final_cost=488.393 iters=9 term=1 slv_ms=14.8
[T2diag] t=97.2360 P=[0.1461 0.3113 0.7496] V=[0.0011 -0.0027 -0.0014] |Bas|=0.369620 |Bgs|=0.0040883 tic0=[0.1200 0.0500 -0.0200] tic1=[0.1200 -0.0500 -0.0200] td=0.00000 track=96
[E2uls] flag=1 sh_t=97.280 new_t=97.280 dP=[0.0026 0.0008 -0.0009] |dP|=0.0028 first_dt=-1.0000
time: 97.236000, t: 0.146097 0.311307 0.749559 q: 0.999736 -0.004406 -0.022544 -0.000939 
[T2depth] t=97.3400 id=6544 src=motion2 u=525.3 v=91.8 depth=5.0000 depth2=-1.0000 track=2 sf=9 flag=init_neg
[T2xcross] t=97.3400 id=6545 est=5.1649 svd=0.2094 rel=0.9594 track=2 sf=9
[T2gate] t=97.3400 tri=23 rej=0 xrej=0 init_replace=1 gate=0
[T2slv] t=97.3400 phase=1 init_cost=503.418 final_cost=491.221 iters=9 term=1 slv_ms=13.9
[T2diag] t=97.3400 P=[0.1456 0.3106 0.7499] V=[-0.0031 -0.0030 0.0038] |Bas|=0.369620 |Bgs|=0.0036570 tic0=[0.1200 0.0500 -0.0200] tic1=[0.1200 -0.0500 -0.0200] td=0.00000 track=98
[E2uls] flag=1 sh_t=97.384 new_t=97.384 dP=[0.0018 0.0005 -0.0002] |dP|=0.0019 first_dt=-1.0000
time: 97.340000, t: 0.145621 0.310617 0.749856 q: 0.999731 -0.004569 -0.022710 -0.000652 
[T2depth] t=97.4360 id=6550 src=stereo u=458.0 v=347.0 depth=3.4750 depth2=-1.0000 track=1 sf=10 flag=ok
[T2gate] t=97.4360 tri=22 rej=0 xrej=0 init_replace=0 gate=0
[T2slv] t=97.4360 phase=1 init_cost=503.719 final_cost=492.655 iters=9 term=1 slv_ms=13.1
[T2diag] t=97.4360 P=[0.1453 0.3108 0.7501] V=[-0.0010 0.0003 0.0025] |Bas|=0.369620 |Bgs|=0.0033277 tic0=[0.1200 0.0500 -0.0200] tic1=[0.1200 -0.0500 -0.0200] td=0.00000 track=98
[E2uls] flag=1 sh_t=97.472 new_t=97.472 dP=[0.0004 -0.0008 0.0004] |dP|=0.0010 first_dt=-1.0000
time: 97.436000, t: 0.145265 0.310838 0.750147 q: 0.999729 -0.004748 -0.022799 -0.000647 
[T2depth] t=97.5360 id=6552 src=stereo u=610.0 v=73.0 depth=2.9239 depth2=-1.0000 track=1 sf=10 flag=ok
[T2gate] t=97.5360 tri=24 rej=0 xrej=0 init_replace=0 gate=0
[T2slv] t=97.5360 phase=1 init_cost=500.368 final_cost=489.945 iters=9 term=1 slv_ms=12.4
[T2diag] t=97.5360 P=[0.1458 0.3115 0.7498] V=[0.0086 0.0067 -0.0049] |Bas|=0.369620 |Bgs|=0.0070322 tic0=[0.1200 0.0500 -0.0200] tic1=[0.1200 -0.0500 -0.0200] td=0.00000 track=98
[E2uls] flag=1 sh_t=97.568 new_t=97.568 dP=[-0.0002 -0.0008 0.0007] |dP|=0.0011 first_dt=-1.0000
time: 97.536000, t: 0.145810 0.311464 0.749835 q: 0.999732 -0.004956 -0.022613 -0.000805 
[T2xcross] t=97.6360 id=6550 est=3.4750 svd=4.4597 rel=0.2208 track=2 sf=9
[T2depth] t=97.6360 id=6553 src=motion2 u=518.0 v=98.0 depth=0.4125 depth2=-1.0000 track=2 sf=9 flag=ok
[T2depth] t=97.6360 id=6556 src=stereo u=582.0 v=73.0 depth=2.5988 depth2=-1.0000 track=1 sf=10 flag=ok
[T2gate] t=97.6360 tri=24 rej=0 xrej=0 init_replace=0 gate=0
[T2slv] t=97.6360 phase=1 init_cost=498.705 final_cost=487.638 iters=9 term=1 slv_ms=12.3
[T2diag] t=97.6360 P=[0.1460 0.3115 0.7498] V=[0.0023 -0.0018 0.0002] |Bas|=0.369620 |Bgs|=0.0035367 tic0=[0.1200 0.0500 -0.0200] tic1=[0.1200 -0.0500 -0.0200] td=0.00000 track=99
[E2uls] flag=1 sh_t=97.672 new_t=97.672 dP=[0.0014 0.0011 -0.0008] |dP|=0.0019 first_dt=-1.0000
time: 97.636000, t: 0.145993 0.311477 0.749765 q: 0.999735 -0.004677 -0.022533 -0.001041 
[T2depth] t=97.7360 id=6558 src=stereo u=625.0 v=73.0 depth=2.5989 depth2=-1.0000 track=1 sf=10 flag=ok
[T2gate] t=97.7360 tri=24 rej=0 xrej=0 init_replace=0 gate=0
[T2slv] t=97.7360 phase=1 init_cost=504.236 final_cost=488.664 iters=9 term=1 slv_ms=13.0
[T2diag] t=97.7360 P=[0.1460 0.3117 0.7495] V=[0.0054 0.0039 -0.0039] |Bas|=0.369620 |Bgs|=0.0036534 tic0=[0.1200 0.0500 -0.0200] tic1=[0.1200 -0.0500 -0.0200] td=0.00000 track=97
[E2uls] flag=1 sh_t=97.776 new_t=97.776 dP=[0.0011 -0.0003 0.0005] |dP|=0.0012 first_dt=-1.0000
time: 97.736000, t: 0.146017 0.311696 0.749499 q: 0.999736 -0.004530 -0.022501 -0.001422 
[T2gate] t=97.8360 tri=25 rej=0 xrej=0 init_replace=0 gate=0
[T2slv] t=97.8360 phase=1 init_cost=500.521 final_cost=488.325 iters=9 term=1 slv_ms=15.3
[T2diag] t=97.8360 P=[0.1463 0.3114 0.7495] V=[0.0049 -0.0028 -0.0003] |Bas|=0.369620 |Bgs|=0.0032721 tic0=[0.1200 0.0500 -0.0200] tic1=[0.1200 -0.0500 -0.0200] td=0.00000 track=96
[E2uls] flag=1 sh_t=97.880 new_t=97.880 dP=[0.0014 0.0009 -0.0005] |dP|=0.0017 first_dt=-1.0000
time: 97.836000, t: 0.146270 0.311368 0.749528 q: 0.999738 -0.004382 -0.022416 -0.001540 
[T2gate] t=97.9360 tri=24 rej=0 xrej=0 init_replace=0 gate=0
[T2slv] t=97.9360 phase=1 init_cost=500.91 final_cost=489.171 iters=9 term=1 slv_ms=10.5
[T2diag] t=97.9360 P=[0.1461 0.3114 0.7499] V=[0.0052 -0.0025 0.0039] |Bas|=0.369620 |Bgs|=0.0077043 tic0=[0.1200 0.0500 -0.0200] tic1=[0.1200 -0.0500 -0.0200] td=0.00000 track=96
[E2uls] flag=1 sh_t=97.976 new_t=97.976 dP=[0.0025 -0.0010 -0.0001] |dP|=0.0027 first_dt=-1.0000
time: 97.936000, t: 0.146072 0.311352 0.749875 q: 0.999735 -0.004566 -0.022523 -0.001494 
[T2depth] t=98.0360 id=6571 src=stereo u=606.0 v=74.0 depth=2.7518 depth2=-1.0000 track=1 sf=10 flag=ok
[T2gate] t=98.0360 tri=28 rej=0 xrej=0 init_replace=0 gate=0
[T2slv] t=98.0360 phase=1 init_cost=508.962 final_cost=488.097 iters=9 term=1 slv_ms=13.4
[T2diag] t=98.0360 P=[0.1460 0.3116 0.7498] V=[0.0002 0.0057 -0.0014] |Bas|=0.369620 |Bgs|=0.0122094 tic0=[0.1200 0.0500 -0.0200] tic1=[0.1200 -0.0500 -0.0200] td=0.00000 track=94
[E2uls] flag=1 sh_t=98.068 new_t=98.068 dP=[0.0015 -0.0006 0.0009] |dP|=0.0018 first_dt=-1.0000
time: 98.036000, t: 0.145993 0.311607 0.749844 q: 0.999726 -0.005374 -0.022759 -0.001339 
[T2depth] t=98.1360 id=6569 src=motion2 u=521.0 v=96.0 depth=5.0000 depth2=-1.0000 track=2 sf=9 flag=init_neg
[T2depth] t=98.1360 id=6574 src=motion2 u=2.0 v=305.0 depth=5.0000 depth2=-1.0000 track=2 sf=9 flag=init_neg
[T2depth] t=98.1360 id=6575 src=motion2 u=1.0 v=346.0 depth=5.0000 depth2=-1.0000 track=2 sf=9 flag=init_neg
[T2depth] t=98.1360 id=6579 src=stereo u=137.2 v=284.0 depth=7.6210 depth2=-1.0000 track=1 sf=10 flag=ok
[T2depth] t=98.1360 id=6581 src=stereo u=622.0 v=74.0 depth=2.7510 depth2=-1.0000 track=1 sf=10 flag=ok
[T2gate] t=98.1360 tri=31 rej=0 xrej=0 init_replace=3 gate=0
[T2slv] t=98.1360 phase=1 init_cost=502.096 final_cost=487.329 iters=9 term=1 slv_ms=12.7
[T2diag] t=98.1360 P=[0.1460 0.3119 0.7501] V=[0.0014 -0.0008 0.0025] |Bas|=0.369620 |Bgs|=0.0018464 tic0=[0.1200 0.0500 -0.0200] tic1=[0.1200 -0.0500 -0.0200] td=0.00000 track=96
[E2uls] flag=1 sh_t=98.176 new_t=98.176 dP=[0.0007 0.0004 -0.0004] |dP|=0.0009 first_dt=-1.0000
time: 98.136000, t: 0.145962 0.311887 0.750072 q: 0.999723 -0.005530 -0.022860 -0.001186 
[T2depth] t=98.2360 id=6587 src=stereo u=421.0 v=312.0 depth=5.2964 depth2=-1.0000 track=1 sf=10 flag=ok
[T2gate] t=98.2360 tri=26 rej=0 xrej=0 init_replace=0 gate=0
[T2slv] t=98.2360 phase=1 init_cost=501.496 final_cost=489.184 iters=9 term=1 slv_ms=13.3
[T2diag] t=98.2360 P=[0.1461 0.3119 0.7499] V=[0.0041 0.0025 -0.0000] |Bas|=0.369620 |Bgs|=0.0052876 tic0=[0.1200 0.0500 -0.0200] tic1=[0.1200 -0.0500 -0.0200] td=0.00000 track=97
[E2uls] flag=1 sh_t=98.272 new_t=98.272 dP=[0.0005 -0.0001 0.0008] |dP|=0.0010 first_dt=-1.0000
time: 98.236000, t: 0.146122 0.311888 0.749924 q: 0.999728 -0.004957 -0.022756 -0.001025 
[T2depth] t=98.3400 id=6589 src=stereo u=602.0 v=73.0 depth=2.7516 depth2=-1.0000 track=1 sf=10 flag=ok
[T2gate] t=98.3400 tri=23 rej=0 xrej=0 init_replace=0 gate=0
[T2slv] t=98.3400 phase=1 init_cost=507.238 final_cost=487.84 iters=9 term=1 slv_ms=14.0
[T2diag] t=98.3400 P=[0.1467 0.3123 0.7495] V=[0.0087 0.0044 -0.0048] |Bas|=0.369620 |Bgs|=0.0080138 tic0=[0.1200 0.0500 -0.0200] tic1=[0.1200 -0.0500 -0.0200] td=0.00000 track=96
[E2uls] flag=1 sh_t=98.376 new_t=98.376 dP=[0.0007 -0.0004 0.0005] |dP|=0.0009 first_dt=-1.0000
time: 98.340000, t: 0.146735 0.312277 0.749482 q: 0.999734 -0.004697 -0.022551 -0.000973 
[T2depth] t=98.4360 id=6590 src=stereo u=418.0 v=477.9 depth=1.5771 depth2=-1.0000 track=1 sf=10 flag=ok
[T2depth] t=98.4360 id=6592 src=stereo u=221.0 v=305.9 depth=5.6255 depth2=-1.0000 track=1 sf=10 flag=ok
[T2depth] t=98.4360 id=6594 src=stereo u=136.0 v=283.0 depth=7.8531 depth2=-1.0000 track=1 sf=10 flag=ok
[T2gate] t=98.4360 tri=27 rej=0 xrej=0 init_replace=0 gate=0
[T2slv] t=98.4360 phase=1 init_cost=492.553 final_cost=482.999 iters=9 term=1 slv_ms=13.3
[T2diag] t=98.4360 P=[0.1471 0.3140 0.7490] V=[0.0081 0.0146 -0.0056] |Bas|=0.369620 |Bgs|=0.0102123 tic0=[0.1200 0.0500 -0.0200] tic1=[0.1200 -0.0500 -0.0200] td=0.00000 track=94
[E2uls] flag=1 sh_t=98.472 new_t=98.472 dP=[0.0017 -0.0016 -0.0001] |dP|=0.0023 first_dt=-1.0000
time: 98.436000, t: 0.147109 0.314010 0.749006 q: 0.999738 -0.005090 -0.022302 -0.001256 
[T2xcross] t=98.5360 id=6592 est=5.6255 svd=1.7753 rel=0.6844 track=2 sf=9
[T2depth] t=98.5360 id=6598 src=stereo u=609.0 v=73.0 depth=2.5986 depth2=-1.0000 track=1 sf=10 flag=ok
[T2depth] t=98.5360 id=6599 src=stereo u=421.0 v=312.0 depth=5.1570 depth2=-1.0000 track=1 sf=10 flag=ok
[T2gate] t=98.5360 tri=26 rej=0 xrej=0 init_replace=0 gate=0
[T2slv] t=98.5360 phase=1 init_cost=492.707 final_cost=481.315 iters=9 term=1 slv_ms=12.3
[T2diag] t=98.5360 P=[0.1469 0.3141 0.7492] V=[0.0021 0.0010 0.0016] |Bas|=0.369620 |Bgs|=0.0064439 tic0=[0.1200 0.0500 -0.0200] tic1=[0.1200 -0.0500 -0.0200] td=0.00000 track=95
[E2uls] flag=1 sh_t=98.568 new_t=98.568 dP=[0.0022 0.0026 -0.0009] |dP|=0.0035 first_dt=-1.0000
time: 98.536000, t: 0.146934 0.314063 0.749165 q: 0.999735 -0.005020 -0.022434 -0.001292 
[T2xcross] t=98.6360 id=6599 est=5.1570 svd=0.5117 rel=0.9008 track=2 sf=9
[T2depth] t=98.6360 id=6600 src=stereo u=137.0 v=284.0 depth=7.6518 depth2=-1.0000 track=1 sf=10 flag=ok
[T2gate] t=98.6360 tri=23 rej=0 xrej=0 init_replace=0 gate=0
[T2slv] t=98.6360 phase=1 init_cost=497.104 final_cost=485.537 iters=9 term=1 slv_ms=14.0
[T2diag] t=98.6360 P=[0.1469 0.3133 0.7494] V=[0.0038 -0.0034 0.0013] |Bas|=0.369620 |Bgs|=0.0035315 tic0=[0.1200 0.0500 -0.0200] tic1=[0.1200 -0.0500 -0.0200] td=0.00000 track=95
[E2uls] flag=1 sh_t=98.668 new_t=98.668 dP=[0.0010 0.0015 -0.0000] |dP|=0.0018 first_dt=-1.0000
time: 98.636000, t: 0.146928 0.313334 0.749431 q: 0.999735 -0.004528 -0.022520 -0.001210 
[T2depth] t=98.7360 id=6601 src=motion2 u=2.0 v=307.0 depth=5.0000 depth2=-1.0000 track=2 sf=9 flag=init_neg
[T2depth] t=98.7360 id=6605 src=stereo u=616.0 v=73.0 depth=2.7516 depth2=-1.0000 track=1 sf=10 flag=ok
[T2gate] t=98.7360 tri=25 rej=0 xrej=0 init_replace=1 gate=0
[T2slv] t=98.7360 phase=1 init_cost=502.796 final_cost=491.37 iters=9 term=1 slv_ms=13.4
[T2diag] t=98.7360 P=[0.1467 0.3126 0.7500] V=[0.0007 -0.0070 0.0044] |Bas|=0.369620 |Bgs|=0.0023484 tic0=[0.1200 0.0500 -0.0200] tic1=[0.1200 -0.0500 -0.0200] td=0.00000 track=95
[E2uls] flag=1 sh_t=98.776 new_t=98.776 dP=[0.0017 0.0004 -0.0006] |dP|=0.0018 first_dt=-1.0000
time: 98.736000, t: 0.146698 0.312568 0.749998 q: 0.999735 -0.004270 -0.022592 -0.001124 
[T2depth] t=98.8360 id=6602 src=motion2 u=518.0 v=97.0 depth=5.0000 depth2=-1.0000 track=2 sf=9 flag=init_neg
[T2depth] t=98.8360 id=6607 src=stereo u=253.9 v=478.0 depth=1.5844 depth2=-1.0000 track=1 sf=10 flag=ok
[T2gate] t=98.8360 tri=25 rej=0 xrej=0 init_replace=1 gate=0
[T2slv] t=98.8360 phase=1 init_cost=504.731 final_cost=495.208 iters=9 term=1 slv_ms=15.8
[T2diag] t=98.8360 P=[0.1466 0.3129 0.7503] V=[0.0004 0.0017 0.0012] |Bas|=0.369620 |Bgs|=0.0056169 tic0=[0.1200 0.0500 -0.0200] tic1=[0.1200 -0.0500 -0.0200] td=0.00000 track=95
[E2uls] flag=1 sh_t=98.880 new_t=98.880 dP=[0.0004 -0.0024 0.0001] |dP|=0.0024 first_dt=-1.0000
time: 98.836000, t: 0.146644 0.312900 0.750313 q: 0.999733 -0.004344 -0.022647 -0.001285 
[T2depth] t=98.9360 id=6611 src=stereo u=605.0 v=73.0 depth=2.7518 depth2=-1.0000 track=1 sf=10 flag=ok
[T2depth] t=98.9360 id=6612 src=stereo u=251.9 v=477.9 depth=1.5823 depth2=-1.0000 track=1 sf=10 flag=ok
[T2gate] t=98.9360 tri=25 rej=0 xrej=0 init_replace=0 gate=0
[T2slv] t=98.9360 phase=1 init_cost=505.6 final_cost=493.777 iters=9 term=1 slv_ms=14.2
[T2diag] t=98.9360 P=[0.1470 0.3141 0.7500] V=[0.0054 0.0114 -0.0033] |Bas|=0.369620 |Bgs|=0.0053751 tic0=[0.1200 0.0500 -0.0200] tic1=[0.1200 -0.0500 -0.0200] td=0.00000 track=94
[E2uls] flag=1 sh_t=98.976 new_t=98.976 dP=[0.0002 -0.0013 0.0006] |dP|=0.0015 first_dt=-1.0000
time: 98.936000, t: 0.146996 0.314147 0.750049 q: 0.999732 -0.004714 -0.022595 -0.001730 
[T2xcross] t=99.0360 id=6612 est=1.5823 svd=3.7072 rel=0.5732 track=2 sf=9
[T2depth] t=99.0360 id=6613 src=motion2 u=1.6 v=291.0 depth=0.2654 depth2=-1.0000 track=2 sf=9 flag=ok
[T2gate] t=99.0360 tri=23 rej=0 xrej=0 init_replace=0 gate=0
[T2slv] t=99.0360 phase=1 init_cost=502.386 final_cost=492.544 iters=9 term=1 slv_ms=12.7
[T2diag] t=99.0360 P=[0.1470 0.3140 0.7500] V=[0.0014 -0.0029 -0.0010] |Bas|=0.369620 |Bgs|=0.0013065 tic0=[0.1200 0.0500 -0.0200] tic1=[0.1200 -0.0500 -0.0200] td=0.00000 track=97
[E2uls] flag=1 sh_t=99.064 new_t=99.064 dP=[0.0012 0.0021 -0.0003] |dP|=0.0025 first_dt=-1.0000
time: 99.036000, t: 0.147042 0.314010 0.750017 q: 0.999731 -0.004589 -0.022655 -0.001811 
[T2gate] t=99.1360 tri=24 rej=0 xrej=0 init_replace=0 gate=0
[T2slv] t=99.1360 phase=1 init_cost=506.624 final_cost=496.484 iters=9 term=1 slv_ms=13.4
[T2diag] t=99.1360 P=[0.1473 0.3138 0.7503] V=[0.0062 -0.0010 0.0022] |Bas|=0.369620 |Bgs|=0.0032889 tic0=[0.1200 0.0500 -0.0200] tic1=[0.1200 -0.0500 -0.0200] td=0.00000 track=96
[E2uls] flag=1 sh_t=99.176 new_t=99.176 dP=[0.0005 -0.0001 -0.0006] |dP|=0.0008 first_dt=-1.0000
time: 99.136000, t: 0.147291 0.313836 0.750319 q: 0.999733 -0.004236 -0.022641 -0.001724 
[T2xcross] t=99.2360 id=6602 est=5.0000 svd=0.2399 rel=0.9520 track=2 sf=9
[T2depth] t=99.2360 id=6622 src=stereo u=605.0 v=73.0 depth=2.5988 depth2=-1.0000 track=1 sf=10 flag=ok
[T2gate] t=99.2360 tri=27 rej=0 xrej=0 init_replace=0 gate=0
[T2slv] t=99.2360 phase=1 init_cost=509.815 final_cost=500.562 iters=9 term=1 slv_ms=14.3
[T2diag] t=99.2360 P=[0.1475 0.3136 0.7504] V=[0.0058 0.0019 0.0010] |Bas|=0.369620 |Bgs|=0.0046938 tic0=[0.1200 0.0500 -0.0200] tic1=[0.1200 -0.0500 -0.0200] td=0.00000 track=96
[E2uls] flag=1 sh_t=99.280 new_t=99.280 dP=[0.0015 0.0001 0.0004] |dP|=0.0016 first_dt=-1.0000
time: 99.236000, t: 0.147548 0.313617 0.750406 q: 0.999735 -0.004056 -0.022631 -0.001495 
[T2depth] t=99.3360 id=6620 src=motion2 u=1.1 v=347.0 depth=0.1269 depth2=-1.0000 track=2 sf=9 flag=ok
[T2depth] t=99.3360 id=6626 src=stereo u=609.0 v=73.0 depth=2.9239 depth2=-1.0000 track=1 sf=10 flag=ok
[T2gate] t=99.3360 tri=26 rej=0 xrej=0 init_replace=0 gate=0
[T2slv] t=99.3360 phase=1 init_cost=516.52 final_cost=501.869 iters=9 term=1 slv_ms=15.5
[T2diag] t=99.3360 P=[0.1474 0.3136 0.7504] V=[0.0017 0.0010 -0.0001] |Bas|=0.369620 |Bgs|=0.0070928 tic0=[0.1200 0.0500 -0.0200] tic1=[0.1200 -0.0500 -0.0200] td=0.00000 track=96
[E2uls] flag=1 sh_t=99.376 new_t=99.376 dP=[0.0021 0.0002 0.0006] |dP|=0.0022 first_dt=-1.0000
time: 99.336000, t: 0.147360 0.313635 0.750381 q: 0.999730 -0.004319 -0.022773 -0.001304 
[T2depth] t=99.4360 id=6629 src=stereo u=614.0 v=74.0 depth=2.7516 depth2=-1.0000 track=1 sf=10 flag=ok
[T2gate] t=99.4360 tri=24 rej=0 xrej=0 init_replace=0 gate=0
[T2slv] t=99.4360 phase=1 init_cost=519.483 final_cost=504.111 iters=9 term=1 slv_ms=10.4
[T2diag] t=99.4360 P=[0.1472 0.3140 0.7508] V=[0.0006 0.0020 0.0024] |Bas|=0.369620 |Bgs|=0.0063230 tic0=[0.1200 0.0500 -0.0200] tic1=[0.1200 -0.0500 -0.0200] td=0.00000 track=95
[E2uls] flag=1 sh_t=99.468 new_t=99.468 dP=[0.0010 0.0002 -0.0003] |dP|=0.0011 first_dt=-1.0000
time: 99.436000, t: 0.147165 0.314032 0.750812 q: 0.999723 -0.004582 -0.023037 -0.001322 
[T2depth] t=99.5680 id=6632 src=stereo u=597.0 v=74.0 depth=2.7517 depth2=-1.0000 track=1 sf=10 flag=ok
[T2depth] t=99.5680 id=6633 src=stereo u=139.0 v=283.0 depth=7.8916 depth2=-1.0000 track=1 sf=10 flag=ok
[T2gate] t=99.5680 tri=24 rej=0 xrej=0 init_replace=0 gate=0
[T2slv] t=99.5680 phase=1 init_cost=533.679 final_cost=505.67 iters=9 term=1 slv_ms=19.2
[T2diag] t=99.5680 P=[0.1471 0.3139 0.7505] V=[0.0015 0.0011 -0.0025] |Bas|=0.369620 |Bgs|=0.0044892 tic0=[0.1200 0.0500 -0.0200] tic1=[0.1200 -0.0500 -0.0200] td=0.00000 track=95
[E2uls] flag=1 sh_t=99.616 new_t=99.616 dP=[0.0008 0.0008 0.0011] |dP|=0.0016 first_dt=-1.0000
time: 99.568000, t: 0.147069 0.313933 0.750480 q: 0.999726 -0.004527 -0.022923 -0.001316 
[T2depth] t=99.6680 id=6635 src=stereo u=616.0 v=73.0 depth=2.7510 depth2=-1.0000 track=1 sf=10 flag=ok
[T2depth] t=99.6680 id=6637 src=stereo u=250.0 v=478.0 depth=1.5842 depth2=-1.0000 track=1 sf=10 flag=ok
[T2gate] t=99.6680 tri=26 rej=0 xrej=0 init_replace=0 gate=0
[T2slv] t=99.6680 phase=1 init_cost=517.197 final_cost=502.201 iters=9 term=1 slv_ms=18.4
[T2diag] t=99.6680 P=[0.1474 0.3138 0.7494] V=[0.0048 0.0023 -0.0131] |Bas|=0.369620 |Bgs|=0.0070565 tic0=[0.1200 0.0500 -0.0200] tic1=[0.1200 -0.0500 -0.0200] td=0.00000 track=95
[E2uls] flag=1 sh_t=99.720 new_t=99.720 dP=[0.0008 0.0013 0.0009] |dP|=0.0017 first_dt=-1.0000
time: 99.668000, t: 0.147396 0.313763 0.749359 q: 0.999732 -0.004349 -0.022709 -0.001231 
[T2xcross] t=99.8000 id=6637 est=1.5842 svd=0.7547 rel=0.5236 track=2 sf=9
[T2depth] t=99.8000 id=6640 src=stereo u=418.0 v=478.1 depth=1.5790 depth2=-1.0000 track=1 sf=10 flag=ok
[T2depth] t=99.8000 id=6642 src=stereo u=421.0 v=312.2 depth=5.1847 depth2=-1.0000 track=1 sf=10 flag=ok
[T2gate] t=99.8000 tri=29 rej=0 xrej=0 init_replace=0 gate=0
[T2slv] t=99.8000 phase=1 init_cost=513.902 final_cost=501.222 iters=9 term=1 slv_ms=16.8
[T2diag] t=99.8000 P=[0.1473 0.3143 0.7489] V=[0.0023 0.0017 0.0005] |Bas|=0.369620 |Bgs|=0.0020932 tic0=[0.1200 0.0500 -0.0200] tic1=[0.1200 -0.0500 -0.0200] td=0.00000 track=95
[E2uls] flag=1 sh_t=99.840 new_t=99.840 dP=[0.0023 0.0008 -0.0019] |dP|=0.0031 first_dt=-1.0000
time: 99.800000, t: 0.147252 0.314265 0.748913 q: 0.999731 -0.004113 -0.022771 -0.001332 
[T2depth] t=99.9000 id=6644 src=motion2 u=526.0 v=92.0 depth=5.0000 depth2=-1.0000 track=2 sf=9 flag=init_neg
[T2depth] t=99.9000 id=6650 src=stereo u=619.0 v=73.0 depth=2.7515 depth2=-1.0000 track=1 sf=10 flag=ok
[T2gate] t=99.9000 tri=30 rej=0 xrej=0 init_replace=1 gate=0
[T2slv] t=99.9000 phase=1 init_cost=515.146 final_cost=505.212 iters=9 term=1 slv_ms=17.8
[T2diag] t=99.9000 P=[0.1471 0.3135 0.7492] V=[0.0025 -0.0030 0.0010] |Bas|=0.369620 |Bgs|=0.0034877 tic0=[0.1200 0.0500 -0.0200] tic1=[0.1200 -0.0500 -0.0200] td=0.00000 track=96
[E2uls] flag=1 sh_t=99.952 new_t=99.952 dP=[0.0017 0.0015 -0.0004] |dP|=0.0022 first_dt=-1.0000
time: 99.900000, t: 0.147142 0.313544 0.749160 q: 0.999733 -0.003747 -0.022765 -0.001209 
[T2xcross] t=100.0000 id=6640 est=1.5790 svd=0.3035 rel=0.8078 track=2 sf=9
[T2xcross] t=100.0000 id=6642 est=5.1847 svd=0.4668 rel=0.9100 track=2 sf=9
[T2depth] t=100.0000 id=6657 src=stereo u=249.8 v=477.8 depth=1.5849 depth2=-1.0000 track=1 sf=10 flag=ok
[T2gate] t=100.0000 tri=30 rej=0 xrej=0 init_replace=0 gate=0
[T2slv] t=100.0000 phase=1 init_cost=515.665 final_cost=504.612 iters=9 term=1 slv_ms=11.1
[T2diag] t=100.0000 P=[0.1470 0.3133 0.7489] V=[0.0006 -0.0031 -0.0033] |Bas|=0.369620 |Bgs|=0.0031757 tic0=[0.1200 0.0500 -0.0200] tic1=[0.1200 -0.0500 -0.0200] td=0.00000 track=96
[E2uls] flag=1 sh_t=100.040 new_t=100.040 dP=[0.0011 -0.0003 0.0002] |dP|=0.0012 first_dt=-1.0000
time: 100.000000, t: 0.147042 0.313267 0.748912 q: 0.999733 -0.004095 -0.022689 -0.001249 
[T2depth] t=100.0720 id=6668 src=stereo u=250.0 v=478.0 depth=1.5820 depth2=-1.0000 track=1 sf=10 flag=ok
[T2gate] t=100.0720 tri=26 rej=0 xrej=0 init_replace=0 gate=0
[T2slv] t=100.0720 phase=1 init_cost=508.546 final_cost=498.108 iters=9 term=1 slv_ms=10.2
[T2diag] t=100.0720 P=[0.1471 0.3140 0.7484] V=[0.0030 0.0087 -0.0064] |Bas|=0.369620 |Bgs|=0.0055977 tic0=[0.1200 0.0500 -0.0200] tic1=[0.1200 -0.0500 -0.0200] td=0.00000 track=95
[E2uls] flag=1 sh_t=100.104 new_t=100.104 dP=[0.0005 -0.0010 0.0004] |dP|=0.0012 first_dt=-1.0000
time: 100.072000, t: 0.147103 0.314047 0.748388 q: 0.999729 -0.004651 -0.022738 -0.001555 
[T2xcross] t=100.2000 id=6668 est=1.5820 svd=2.3588 rel=0.3293 track=2 sf=9
[T2depth] t=100.2000 id=6669 src=stereo u=420.0 v=312.0 depth=5.2109 depth2=-1.0000 track=1 sf=10 flag=ok
[T2depth] t=100.2000 id=6670 src=stereo u=601.0 v=73.0 depth=2.5988 depth2=-1.0000 track=1 sf=10 flag=ok
[T2gate] t=100.2000 tri=28 rej=0 xrej=0 init_replace=0 gate=0
[T2slv] t=100.2000 phase=1 init_cost=508.193 final_cost=498.097 iters=9 term=1 slv_ms=15.6
[T2diag] t=100.2000 P=[0.1465 0.3131 0.7488] V=[-0.0008 -0.0047 0.0037] |Bas|=0.369620 |Bgs|=0.0086840 tic0=[0.1200 0.0500 -0.0200] tic1=[0.1200 -0.0500 -0.0200] td=0.00000 track=95
[E2uls] flag=1 sh_t=100.240 new_t=100.240 dP=[0.0024 0.0037 -0.0020] |dP|=0.0049 first_dt=-1.0000
time: 100.200000, t: 0.146498 0.313150 0.748835 q: 0.999730 -0.004149 -0.022811 -0.001501 
[T2xcross] t=100.3000 id=6669 est=5.2109 svd=1.0430 rel=0.7998 track=2 sf=9
[T2depth] t=100.3000 id=6671 src=motion2 u=514.0 v=100.0 depth=0.1529 depth2=-1.0000 track=2 sf=9 flag=ok
[T2gate] t=100.3000 tri=31 rej=0 xrej=0 init_replace=0 gate=0
[T2slv] t=100.3000 phase=1 init_cost=516.911 final_cost=506.497 iters=9 term=1 slv_ms=15.9
[T2diag] t=100.3000 P=[0.1460 0.3122 0.7494] V=[-0.0014 -0.0062 0.0057] |Bas|=0.369620 |Bgs|=0.0037067 tic0=[0.1200 0.0500 -0.0200] tic1=[0.1200 -0.0500 -0.0200] td=0.00000 track=95
[E2uls] flag=1 sh_t=100.344 new_t=100.344 dP=[0.0010 0.0005 -0.0002] |dP|=0.0011 first_dt=-1.0000
time: 100.300000, t: 0.146029 0.312192 0.749369 q: 0.999729 -0.003451 -0.023009 -0.001268 
[T2depth] t=100.4000 id=6692 src=stereo u=615.0 v=73.0 depth=2.7515 depth2=-1.0000 track=1 sf=10 flag=ok
[T2gate] t=100.4000 tri=31 rej=0 xrej=0 init_replace=0 gate=0
[T2slv] t=100.4000 phase=1 init_cost=517.978 final_cost=507.775 iters=9 term=1 slv_ms=11.3
[T2diag] t=100.4000 P=[0.1455 0.3117 0.7494] V=[-0.0048 -0.0040 -0.0010] |Bas|=0.369620 |Bgs|=0.0029345 tic0=[0.1200 0.0500 -0.0200] tic1=[0.1200 -0.0500 -0.0200] td=0.00000 track=94
[E2uls] flag=1 sh_t=100.440 new_t=100.440 dP=[0.0006 0.0001 0.0005] |dP|=0.0008 first_dt=-1.0000
time: 100.400000, t: 0.145477 0.311682 0.749404 q: 0.999729 -0.004206 -0.022888 -0.001153 
[T2depth] t=100.5040 id=6686 src=motion2 u=521.3 v=94.9 depth=5.0000 depth2=-1.0000 track=2 sf=9 flag=init_neg
[T2depth] t=100.5040 id=6695 src=stereo u=251.9 v=477.5 depth=1.5818 depth2=-1.0000 track=1 sf=10 flag=ok
[T2depth] t=100.5040 id=6696 src=stereo u=418.0 v=478.0 depth=1.5771 depth2=-1.0000 track=1 sf=10 flag=ok
[T2depth] t=100.5040 id=6697 src=stereo u=625.0 v=73.0 depth=2.5989 depth2=-1.0000 track=1 sf=10 flag=ok
[T2depth] t=100.5040 id=6698 src=stereo u=357.0 v=284.0 depth=7.6891 depth2=-1.0000 track=1 sf=10 flag=ok
[T2gate] t=100.5040 tri=28 rej=0 xrej=0 init_replace=1 gate=0
[T2slv] t=100.5040 phase=1 init_cost=512.21 final_cost=499.878 iters=9 term=1 slv_ms=14.6
[T2diag] t=100.5040 P=[0.1455 0.3120 0.7489] V=[0.0031 0.0036 -0.0048] |Bas|=0.369620 |Bgs|=0.0063849 tic0=[0.1200 0.0500 -0.0200] tic1=[0.1200 -0.0500 -0.0200] td=0.00000 track=94
[E2uls] flag=1 sh_t=100.544 new_t=100.544 dP=[0.0003 -0.0008 0.0007] |dP|=0.0011 first_dt=-1.0000
time: 100.504000, t: 0.145478 0.311978 0.748867 q: 0.999735 -0.004518 -0.022559 -0.001254 
[T2depth] t=100.6400 id=6704 src=stereo u=628.0 v=73.0 depth=2.7511 depth2=-1.0000 track=1 sf=10 flag=ok
[T2gate] t=100.6400 tri=26 rej=0 xrej=0 init_replace=0 gate=0
[T2slv] t=100.6400 phase=1 init_cost=504.963 final_cost=492.454 iters=9 term=1 slv_ms=16.9
[T2diag] t=100.6400 P=[0.1454 0.3120 0.7483] V=[0.0018 0.0014 -0.0033] |Bas|=0.369620 |Bgs|=0.0012267 tic0=[0.1200 0.0500 -0.0200] tic1=[0.1200 -0.0500 -0.0200] td=0.00000 track=95
[E2uls] flag=1 sh_t=100.684 new_t=100.684 dP=[0.0020 0.0015 -0.0008] |dP|=0.0026 first_dt=-1.0000
time: 100.640000, t: 0.145412 0.312025 0.748320 q: 0.999738 -0.004581 -0.022368 -0.001345 
[T2xcross] t=100.7360 id=6698 est=7.6891 svd=0.2145 rel=0.9721 track=2 sf=9
[T2depth] t=100.7360 id=6702 src=motion2 u=0.9 v=345.9 depth=0.1825 depth2=-1.0000 track=2 sf=9 flag=ok
[T2depth] t=100.7360 id=6707 src=stereo u=413.9 v=477.8 depth=1.5708 depth2=-1.0000 track=1 sf=10 flag=ok
[T2depth] t=100.7360 id=6709 src=stereo u=80.0 v=478.0 depth=1.5846 depth2=-1.0000 track=1 sf=10 flag=ok
[T2depth] t=100.7360 id=6710 src=stereo u=589.0 v=72.0 depth=2.7517 depth2=-1.0000 track=1 sf=10 flag=ok
[T2depth] t=100.7360 id=6712 src=stereo u=421.0 v=311.0 depth=5.2773 depth2=-1.0000 track=1 sf=10 flag=ok
[T2gate] t=100.7360 tri=31 rej=0 xrej=0 init_replace=0 gate=0
[T2slv] t=100.7360 phase=1 init_cost=503.159 final_cost=486.67 iters=9 term=1 slv_ms=14.1
[T2diag] t=100.7360 P=[0.1458 0.3125 0.7475] V=[0.0079 0.0028 -0.0051] |Bas|=0.369620 |Bgs|=0.0089177 tic0=[0.1200 0.0500 -0.0200] tic1=[0.1200 -0.0500 -0.0200] td=0.00000 track=94
[E2uls] flag=1 sh_t=100.776 new_t=100.776 dP=[0.0005 -0.0003 0.0006] |dP|=0.0008 first_dt=-1.0000
time: 100.736000, t: 0.145843 0.312506 0.747528 q: 0.999744 -0.004619 -0.022104 -0.001582 
[T2depth] t=100.8360 id=6711 src=motion2 u=513.0 v=100.0 depth=0.0798 depth2=-1.0000 track=2 sf=9 flag=ok
[T2depth] t=100.8360 id=6713 src=motion2 u=2.0 v=303.0 depth=0.0538 depth2=-1.0000 track=2 sf=9 flag=ok
[T2depth] t=100.8360 id=6716 src=stereo u=602.0 v=72.0 depth=2.5989 depth2=-1.0000 track=1 sf=10 flag=ok
[T2gate] t=100.8360 tri=27 rej=0 xrej=0 init_replace=0 gate=0
[T2slv] t=100.8360 phase=1 init_cost=501.884 final_cost=483.587 iters=9 term=1 slv_ms=13.4
[T2diag] t=100.8360 P=[0.1458 0.3124 0.7475] V=[0.0026 0.0006 0.0016] |Bas|=0.369620 |Bgs|=0.0050531 tic0=[0.1200 0.0500 -0.0200] tic1=[0.1200 -0.0500 -0.0200] td=0.00000 track=97
[E2uls] flag=1 sh_t=100.868 new_t=100.868 dP=[0.0017 0.0009 -0.0008] |dP|=0.0021 first_dt=-1.0000
time: 100.836000, t: 0.145847 0.312409 0.747540 q: 0.999746 -0.004728 -0.021992 -0.001699 
[T2depth] t=100.9360 id=6717 src=motion2 u=1.0 v=345.0 depth=5.0000 depth2=-1.0000 track=2 sf=9 flag=init_neg
[T2depth] t=100.9360 id=6720 src=stereo u=600.0 v=73.0 depth=2.7519 depth2=-1.0000 track=1 sf=10 flag=ok
[T2depth] t=100.9360 id=6721 src=stereo u=252.0 v=477.2 depth=1.5799 depth2=-1.0000 track=1 sf=10 flag=ok
[T2depth] t=100.9360 id=6722 src=stereo u=309.0 v=478.2 depth=1.5822 depth2=-1.0000 track=1 sf=10 flag=ok
[T2gate] t=100.9360 tri=28 rej=0 xrej=0 init_replace=1 gate=0
[T2slv] t=100.9360 phase=1 init_cost=497.104 final_cost=484.165 iters=9 term=1 slv_ms=15.8
[T2diag] t=100.9360 P=[0.1454 0.3116 0.7482] V=[-0.0028 -0.0079 0.0066] |Bas|=0.369620 |Bgs|=0.0070717 tic0=[0.1200 0.0500 -0.0200] tic1=[0.1200 -0.0500 -0.0200] td=0.00000 track=98
[E2uls] flag=1 sh_t=100.976 new_t=100.976 dP=[0.0014 0.0014 -0.0005] |dP|=0.0021 first_dt=-1.0000
time: 100.936000, t: 0.145424 0.311633 0.748153 q: 0.999743 -0.004830 -0.022079 -0.001599 
[T2xcross] t=101.0360 id=6707 est=1.5708 svd=1.0185 rel=0.3516 track=2 sf=9
[T2xcross] t=101.0360 id=6709 est=1.5846 svd=1.2239 rel=0.2277 track=2 sf=9
[T2xcross] t=101.0360 id=6712 est=5.2773 svd=1.7095 rel=0.6761 track=2 sf=9
[T2xcross] t=101.0360 id=6721 est=1.5799 svd=1.1189 rel=0.2918 track=2 sf=9
[T2xcross] t=101.0360 id=6722 est=1.5822 svd=1.0847 rel=0.3144 track=2 sf=9
[T2depth] t=101.0360 id=6723 src=stereo u=457.0 v=346.0 depth=3.4840 depth2=-1.0000 track=1 sf=10 flag=ok
[T2gate] t=101.0360 tri=24 rej=0 xrej=0 init_replace=0 gate=0
[T2slv] t=101.0360 phase=1 init_cost=494.731 final_cost=485.002 iters=9 term=1 slv_ms=12.9
[T2diag] t=101.0360 P=[0.1456 0.3108 0.7484] V=[0.0045 -0.0066 0.0012] |Bas|=0.369620 |Bgs|=0.0019675 tic0=[0.1200 0.0500 -0.0200] tic1=[0.1200 -0.0500 -0.0200] td=0.00000 track=100
[E2uls] flag=1 sh_t=101.072 new_t=101.072 dP=[0.0005 -0.0001 0.0008] |dP|=0.0010 first_dt=-1.0000
time: 101.036000, t: 0.145558 0.310780 0.748441 q: 0.999746 -0.004626 -0.022009 -0.001397 
[T2depth] t=101.1680 id=6727 src=stereo u=136.2 v=283.0 depth=7.8675 depth2=-1.0000 track=1 sf=10 flag=ok
[T2depth] t=101.1680 id=6728 src=stereo u=610.0 v=73.0 depth=2.7516 depth2=-1.0000 track=1 sf=10 flag=ok
[T2depth] t=101.1680 id=6729 src=stereo u=421.0 v=312.0 depth=5.1165 depth2=-1.0000 track=1 sf=10 flag=ok
[T2gate] t=101.1680 tri=27 rej=0 xrej=0 init_replace=0 gate=0
[T2slv] t=101.1680 phase=1 init_cost=498.702 final_cost=485.479 iters=9 term=1 slv_ms=10.7
[T2diag] t=101.1680 P=[0.1454 0.3097 0.7490] V=[0.0014 -0.0056 0.0017] |Bas|=0.369620 |Bgs|=0.0048749 tic0=[0.1200 0.0500 -0.0200] tic1=[0.1200 -0.0500 -0.0200] td=0.00000 track=96
[E2uls] flag=1 sh_t=101.208 new_t=101.208 dP=[0.0027 0.0004 -0.0006] |dP|=0.0028 first_dt=-1.0000
time: 101.168000, t: 0.145374 0.309659 0.748992 q: 0.999741 -0.004946 -0.022171 -0.001168 
[T2depth] t=101.3000 id=6725 src=motion2 u=523.2 v=93.9 depth=0.2493 depth2=-1.0000 track=2 sf=9 flag=ok
[T2depth] t=101.3000 id=6731 src=stereo u=416.0 v=478.0 depth=1.5796 depth2=-1.0000 track=1 sf=10 flag=ok
[T2depth] t=101.3000 id=6732 src=stereo u=614.0 v=73.0 depth=2.5982 depth2=-1.0000 track=1 sf=10 flag=ok
[T2gate] t=101.3000 tri=27 rej=0 xrej=0 init_replace=0 gate=0
[T2slv] t=101.3000 phase=1 init_cost=498.904 final_cost=487.66 iters=9 term=1 slv_ms=15.2
[T2diag] t=101.3000 P=[0.1453 0.3086 0.7496] V=[0.0030 -0.0066 0.0046] |Bas|=0.369620 |Bgs|=0.0027894 tic0=[0.1200 0.0500 -0.0200] tic1=[0.1200 -0.0500 -0.0200] td=0.00000 track=95
[E2uls] flag=1 sh_t=101.340 new_t=101.340 dP=[0.0010 0.0003 -0.0005] |dP|=0.0012 first_dt=-1.0000
time: 101.300000, t: 0.145296 0.308601 0.749569 q: 0.999734 -0.005204 -0.022437 -0.001111 
[T2xcross] t=101.4000 id=6731 est=1.5796 svd=2.4934 rel=0.3665 track=2 sf=9
[T2depth] t=101.4000 id=6733 src=motion2 u=2.0 v=303.0 depth=5.0000 depth2=-1.0000 track=2 sf=9 flag=init_neg
[T2gate] t=101.4000 tri=25 rej=0 xrej=0 init_replace=1 gate=0
[T2slv] t=101.4000 phase=1 init_cost=504.429 final_cost=490.995 iters=9 term=1 slv_ms=16.7
[T2diag] t=101.4000 P=[0.1458 0.3078 0.7496] V=[0.0068 -0.0056 -0.0014] |Bas|=0.369620 |Bgs|=0.0095869 tic0=[0.1200 0.0500 -0.0200] tic1=[0.1200 -0.0500 -0.0200] td=0.00000 track=96
[E2uls] flag=1 sh_t=101.440 new_t=101.440 dP=[0.0003 0.0002 0.0006] |dP|=0.0007 first_dt=-1.0000
time: 101.400000, t: 0.145782 0.307792 0.749568 q: 0.999734 -0.004976 -0.022484 -0.001088 
[T2xcross] t=101.5000 id=6729 est=5.1165 svd=0.2188 rel=0.9572 track=2 sf=9
[T2depth] t=101.5000 id=6735 src=motion2 u=515.5 v=99.0 depth=0.2758 depth2=-1.0000 track=2 sf=9 flag=ok
[T2depth] t=101.5000 id=6738 src=stereo u=607.4 v=72.7 depth=2.7511 depth2=-1.0000 track=1 sf=10 flag=ok
[T2gate] t=101.5000 tri=25 rej=0 xrej=0 init_replace=0 gate=0
[T2slv] t=101.5000 phase=1 init_cost=513.467 final_cost=490.535 iters=9 term=1 slv_ms=16.2
[T2diag] t=101.5000 P=[0.1465 0.3075 0.7493] V=[0.0091 0.0005 -0.0030] |Bas|=0.369620 |Bgs|=0.0076190 tic0=[0.1200 0.0500 -0.0200] tic1=[0.1200 -0.0500 -0.0200] td=0.00000 track=96
[E2uls] flag=1 sh_t=101.544 new_t=101.544 dP=[0.0009 -0.0005 -0.0003] |dP|=0.0011 first_dt=-1.0000
time: 101.500000, t: 0.146501 0.307494 0.749290 q: 0.999740 -0.004844 -0.022265 -0.001026 
[T2xcross] t=101.6000 id=6738 est=2.7511 svd=0.0345 rel=0.9875 track=2 sf=9
[T2depth] t=101.6000 id=6739 src=motion2 u=2.0 v=297.0 depth=5.0000 depth2=-1.0000 track=2 sf=9 flag=init_neg
[T2gate] t=101.6000 tri=23 rej=0 xrej=0 init_replace=1 gate=0
[T2slv] t=101.6000 phase=1 init_cost=509.041 final_cost=490.626 iters=9 term=1 slv_ms=14.8
[T2diag] t=101.6000 P=[0.1468 0.3071 0.7494] V=[0.0055 -0.0052 0.0013] |Bas|=0.369620 |Bgs|=0.0075499 tic0=[0.1200 0.0500 -0.0200] tic1=[0.1200 -0.0500 -0.0200] td=0.00000 track=98
[E2uls] flag=1 sh_t=101.640 new_t=101.640 dP=[0.0023 0.0013 -0.0005] |dP|=0.0027 first_dt=-1.0000
time: 101.600000, t: 0.146783 0.307107 0.749375 q: 0.999735 -0.004816 -0.022475 -0.001052 
[T2depth] t=101.7000 id=6743 src=stereo u=420.0 v=312.0 depth=5.2902 depth2=-1.0000 track=1 sf=10 flag=ok
[T2gate] t=101.7000 tri=24 rej=0 xrej=0 init_replace=0 gate=0
[T2slv] t=101.7000 phase=1 init_cost=509.766 final_cost=496.665 iters=9 term=1 slv_ms=17.1
[T2diag] t=101.7000 P=[0.1466 0.3056 0.7498] V=[0.0013 -0.0131 0.0041] |Bas|=0.369620 |Bgs|=0.0044976 tic0=[0.1200 0.0500 -0.0200] tic1=[0.1200 -0.0500 -0.0200] td=0.00000 track=96
[E2uls] flag=1 sh_t=101.748 new_t=101.748 dP=[0.0023 0.0012 0.0004] |dP|=0.0026 first_dt=-1.0000
time: 101.700000, t: 0.146637 0.305595 0.749753 q: 0.999732 -0.004602 -0.022677 -0.000884 
[T2depth] t=101.8000 id=6742 src=motion2 u=1.2 v=346.2 depth=6.3730 depth2=-1.0000 track=2 sf=9 flag=ok
[T2xcross] t=101.8000 id=6743 est=5.2902 svd=2.1783 rel=0.5882 track=2 sf=9
[T2depth] t=101.8000 id=6744 src=stereo u=636.8 v=465.2 depth=1.6396 depth2=-1.0000 track=1 sf=10 flag=ok
[T2depth] t=101.8000 id=6746 src=stereo u=252.0 v=478.0 depth=1.5839 depth2=-1.0000 track=1 sf=10 flag=ok
[T2depth] t=101.8000 id=6747 src=stereo u=457.0 v=347.0 depth=3.4827 depth2=-1.0000 track=1 sf=10 flag=ok
[T2gate] t=101.8000 tri=26 rej=0 xrej=0 init_replace=0 gate=0
[T2slv] t=101.8000 phase=1 init_cost=512.132 final_cost=501.594 iters=9 term=1 slv_ms=17.2
[T2diag] t=101.8000 P=[0.1467 0.3051 0.7502] V=[0.0030 -0.0033 0.0047] |Bas|=0.369620 |Bgs|=0.0046780 tic0=[0.1200 0.0500 -0.0200] tic1=[0.1200 -0.0500 -0.0200] td=0.00000 track=95
[E2uls] flag=1 sh_t=101.844 new_t=101.844 dP=[0.0008 -0.0012 0.0004] |dP|=0.0015 first_dt=-1.0000
time: 101.800000, t: 0.146692 0.305104 0.750155 q: 0.999729 -0.004739 -0.022778 -0.000965 
[T2depth] t=101.9000 id=6749 src=stereo u=592.0 v=74.0 depth=2.7514 depth2=-1.0000 track=1 sf=10 flag=ok
[T2gate] t=101.9000 tri=25 rej=0 xrej=0 init_replace=0 gate=0
[T2slv] t=101.9000 phase=1 init_cost=511.19 final_cost=501.349 iters=9 term=1 slv_ms=10.5
[T2diag] t=101.9000 P=[0.1469 0.3053 0.7498] V=[0.0039 0.0019 -0.0042] |Bas|=0.369620 |Bgs|=0.0017382 tic0=[0.1200 0.0500 -0.0200] tic1=[0.1200 -0.0500 -0.0200] td=0.00000 track=95
[E2uls] flag=1 sh_t=101.932 new_t=101.932 dP=[0.0008 -0.0007 0.0011] |dP|=0.0015 first_dt=-1.0000
time: 101.900000, t: 0.146949 0.305304 0.749807 q: 0.999725 -0.005059 -0.022866 -0.001142 
[T2xcross] t=102.0000 id=6744 est=1.6396 svd=1.0937 rel=0.3329 track=2 sf=9
[T2depth] t=102.0000 id=6755 src=stereo u=605.0 v=74.0 depth=2.5988 depth2=-1.0000 track=1 sf=10 flag=ok
[T2gate] t=102.0000 tri=26 rej=0 xrej=0 init_replace=0 gate=0
[T2slv] t=102.0000 phase=1 init_cost=508.802 final_cost=499.189 iters=9 term=1 slv_ms=15.8
[T2diag] t=102.0000 P=[0.1475 0.3055 0.7492] V=[0.0067 0.0033 -0.0062] |Bas|=0.369620 |Bgs|=0.0055391 tic0=[0.1200 0.0500 -0.0200] tic1=[0.1200 -0.0500 -0.0200] td=0.00000 track=95
[E2uls] flag=1 sh_t=102.044 new_t=102.044 dP=[0.0009 0.0003 -0.0001] |dP|=0.0010 first_dt=-1.0000
time: 102.000000, t: 0.147458 0.305498 0.749215 q: 0.999724 -0.005137 -0.022900 -0.001206 
[T2depth] t=102.1000 id=6758 src=stereo u=613.0 v=74.0 depth=2.7518 depth2=-1.0000 track=1 sf=10 flag=ok
[T2gate] t=102.1000 tri=25 rej=0 xrej=0 init_replace=0 gate=0
[T2slv] t=102.1000 phase=1 init_cost=511.975 final_cost=499.356 iters=9 term=1 slv_ms=16.2
[T2diag] t=102.1000 P=[0.1475 0.3051 0.7491] V=[0.0029 -0.0051 -0.0015] |Bas|=0.369620 |Bgs|=0.0062434 tic0=[0.1200 0.0500 -0.0200] tic1=[0.1200 -0.0500 -0.0200] td=0.00000 track=94
[E2uls] flag=1 sh_t=102.140 new_t=102.140 dP=[0.0019 0.0010 -0.0009] |dP|=0.0023 first_dt=-1.0000
time: 102.100000, t: 0.147523 0.305052 0.749084 q: 0.999723 -0.005054 -0.022963 -0.001019 
[T2depth] t=102.2000 id=6764 src=stereo u=250.0 v=478.0 depth=1.5808 depth2=-1.0000 track=1 sf=10 flag=ok
[T2gate] t=102.2000 tri=26 rej=0 xrej=0 init_replace=0 gate=0
[T2slv] t=102.2000 phase=1 init_cost=511.354 final_cost=499.159 iters=9 term=1 slv_ms=16.1
[T2diag] t=102.2000 P=[0.1480 0.3056 0.7486] V=[0.0077 0.0055 -0.0029] |Bas|=0.369620 |Bgs|=0.0029152 tic0=[0.1200 0.0500 -0.0200] tic1=[0.1200 -0.0500 -0.0200] td=0.00000 track=94
[E2uls] flag=1 sh_t=102.240 new_t=102.240 dP=[0.0004 -0.0014 0.0004] |dP|=0.0015 first_dt=-1.0000
time: 102.200000, t: 0.148021 0.305573 0.748631 q: 0.999724 -0.005122 -0.022927 -0.000934 
[T2depth] t=102.3000 id=6768 src=stereo u=421.2 v=311.9 depth=5.2902 depth2=-1.0000 track=1 sf=10 flag=ok
[T2depth] t=102.3000 id=6771 src=stereo u=608.0 v=73.0 depth=2.7515 depth2=-1.0000 track=1 sf=10 flag=ok
[T2gate] t=102.3000 tri=29 rej=0 xrej=0 init_replace=0 gate=0
[T2slv] t=102.3000 phase=1 init_cost=505.872 final_cost=494.918 iters=9 term=1 slv_ms=11.1
[T2diag] t=102.3000 P=[0.1484 0.3065 0.7482] V=[0.0054 0.0088 -0.0036] |Bas|=0.369620 |Bgs|=0.0065628 tic0=[0.1200 0.0500 -0.0200] tic1=[0.1200 -0.0500 -0.0200] td=0.00000 track=95
[E2uls] flag=1 sh_t=102.336 new_t=102.336 dP=[0.0011 -0.0001 0.0003] |dP|=0.0012 first_dt=-1.0000
time: 102.300000, t: 0.148446 0.306479 0.748192 q: 0.999725 -0.005365 -0.022807 -0.000962 
[T2xcross] t=102.4000 id=6764 est=1.5808 svd=1.1404 rel=0.2786 track=2 sf=9
[T2xcross] t=102.4000 id=6768 est=5.2902 svd=1.3924 rel=0.7368 track=2 sf=9
[T2depth] t=102.4000 id=6777 src=stereo u=587.4 v=72.7 depth=2.5984 depth2=-1.0000 track=1 sf=10 flag=ok
[T2depth] t=102.4000 id=6780 src=stereo u=416.0 v=478.0 depth=1.5771 depth2=-1.0000 track=1 sf=10 flag=ok
[T2gate] t=102.4000 tri=30 rej=0 xrej=0 init_replace=0 gate=0
[T2slv] t=102.4000 phase=1 init_cost=503.012 final_cost=491.232 iters=9 term=1 slv_ms=15.3
[T2diag] t=102.4000 P=[0.1489 0.3073 0.7478] V=[0.0063 0.0086 -0.0016] |Bas|=0.369620 |Bgs|=0.0038544 tic0=[0.1200 0.0500 -0.0200] tic1=[0.1200 -0.0500 -0.0200] td=0.00000 track=94
[E2uls] flag=1 sh_t=102.440 new_t=102.440 dP=[0.0010 0.0012 0.0003] |dP|=0.0016 first_dt=-1.0000
time: 102.400000, t: 0.148928 0.307254 0.747764 q: 0.999730 -0.005076 -0.022635 -0.001072 
[T2xcross] t=102.5000 id=6780 est=1.5771 svd=1.3599 rel=0.1377 track=2 sf=9
[T2depth] t=102.5000 id=6782 src=motion2 u=1.0 v=346.0 depth=0.1792 depth2=-1.0000 track=2 sf=9 flag=ok
[T2depth] t=102.5000 id=6783 src=motion2 u=2.0 v=305.0 depth=0.0595 depth2=-1.0000 track=2 sf=9 flag=ok
[T2depth] t=102.5000 id=6788 src=stereo u=615.0 v=73.0 depth=2.5984 depth2=-1.0000 track=1 sf=10 flag=ok
[T2gate] t=102.5000 tri=27 rej=0 xrej=0 init_replace=0 gate=0
[T2slv] t=102.5000 phase=1 init_cost=505.651 final_cost=494.14 iters=9 term=1 slv_ms=15.7
[T2diag] t=102.5000 P=[0.1485 0.3067 0.7480] V=[-0.0001 -0.0042 0.0033] |Bas|=0.369620 |Bgs|=0.0081550 tic0=[0.1200 0.0500 -0.0200] tic1=[0.1200 -0.0500 -0.0200] td=0.00000 track=97
[E2uls] flag=1 sh_t=102.540 new_t=102.540 dP=[0.0025 0.0028 -0.0006] |dP|=0.0038 first_dt=-1.0000
time: 102.500000, t: 0.148548 0.306740 0.748014 q: 0.999725 -0.004533 -0.022973 -0.001015 
[T2depth] t=102.6000 id=6787 src=motion2 u=519.0 v=97.0 depth=5.0000 depth2=-1.0000 track=2 sf=9 flag=init_neg
[T2depth] t=102.6000 id=6789 src=stereo u=221.0 v=307.0 depth=5.5509 depth2=-1.0000 track=1 sf=10 flag=ok
[T2depth] t=102.6000 id=6791 src=stereo u=28.0 v=320.0 depth=4.6733 depth2=-1.0000 track=1 sf=10 flag=ok
[T2gate] t=102.6000 tri=26 rej=0 xrej=0 init_replace=1 gate=0
[T2slv] t=102.6000 phase=1 init_cost=504.301 final_cost=489.049 iters=9 term=1 slv_ms=16.0
[T2diag] t=102.6000 P=[0.1486 0.3075 0.7482] V=[0.0018 0.0101 0.0006] |Bas|=0.369620 |Bgs|=0.0056133 tic0=[0.1200 0.0500 -0.0200] tic1=[0.1200 -0.0500 -0.0200] td=0.00000 track=95
[E2uls] flag=1 sh_t=102.636 new_t=102.636 dP=[0.0004 -0.0019 0.0003] |dP|=0.0020 first_dt=-1.0000
time: 102.600000, t: 0.148563 0.307499 0.748216 q: 0.999724 -0.004507 -0.023041 -0.001066 
[T2xcross] t=102.7000 id=6787 est=5.0000 svd=5.0184 rel=0.0037 track=2 sf=9
[T2depth] t=102.7000 id=6796 src=stereo u=416.0 v=478.0 depth=1.5782 depth2=-1.0000 track=1 sf=10 flag=ok
[T2depth] t=102.7000 id=6797 src=stereo u=635.0 v=73.0 depth=2.7512 depth2=-1.0000 track=1 sf=10 flag=ok
[T2depth] t=102.7000 id=6798 src=stereo u=421.0 v=312.0 depth=5.2126 depth2=-1.0000 track=1 sf=10 flag=ok
[T2gate] t=102.7000 tri=28 rej=0 xrej=0 init_replace=0 gate=0
[T2slv] t=102.7000 phase=1 init_cost=490.099 final_cost=477.174 iters=9 term=1 slv_ms=13.2
[T2diag] t=102.7000 P=[0.1490 0.3092 0.7475] V=[0.0065 0.0136 -0.0084] |Bas|=0.369620 |Bgs|=0.0094696 tic0=[0.1200 0.0500 -0.0200] tic1=[0.1200 -0.0500 -0.0200] td=0.00000 track=96
[E2uls] flag=1 sh_t=102.740 new_t=102.740 dP=[0.0005 -0.0003 0.0007] |dP|=0.0009 first_dt=-1.0000
time: 102.700000, t: 0.148964 0.309217 0.747504 q: 0.999727 -0.004990 -0.022789 -0.001278 
[T2xcross] t=102.8000 id=6789 est=5.5509 svd=1.7979 rel=0.6761 track=2 sf=9
[T2xcross] t=102.8000 id=6796 est=1.5782 svd=1.3774 rel=0.1273 track=2 sf=9
[T2xcross] t=102.8000 id=6798 est=5.2126 svd=3.3952 rel=0.3487 track=2 sf=9
[T2depth] t=102.8000 id=6800 src=motion2 u=3.0 v=301.0 depth=0.4517 depth2=-1.0000 track=2 sf=9 flag=ok
[T2depth] t=102.8000 id=6802 src=stereo u=137.3 v=284.0 depth=7.7447 depth2=-1.0000 track=1 sf=10 flag=ok
[T2depth] t=102.8000 id=6805 src=stereo u=590.0 v=73.0 depth=2.7517 depth2=-1.0000 track=1 sf=10 flag=ok
[T2gate] t=102.8000 tri=27 rej=0 xrej=0 init_replace=0 gate=0
[T2slv] t=102.8000 phase=1 init_cost=486.102 final_cost=474.167 iters=9 term=1 slv_ms=10.7
[T2diag] t=102.8000 P=[0.1488 0.3099 0.7475] V=[0.0003 0.0044 0.0041] |Bas|=0.369620 |Bgs|=0.0044391 tic0=[0.1200 0.0500 -0.0200] tic1=[0.1200 -0.0500 -0.0200] td=0.00000 track=98
[E2uls] flag=1 sh_t=102.844 new_t=102.844 dP=[0.0021 0.0020 -0.0012] |dP|=0.0032 first_dt=-1.0000
time: 102.800000, t: 0.148777 0.309910 0.747523 q: 0.999725 -0.005087 -0.022827 -0.001416 
[T2depth] t=102.9000 id=6804 src=motion2 u=518.0 v=97.0 depth=5.0000 depth2=-1.0000 track=2 sf=9 flag=init_neg
[T2xcross] t=102.9000 id=6805 est=2.7517 svd=0.1057 rel=0.9616 track=2 sf=9
[T2depth] t=102.9000 id=6807 src=stereo u=38.4 v=313.2 depth=5.0091 depth2=-1.0000 track=1 sf=10 flag=ok
[T2gate] t=102.9000 tri=26 rej=0 xrej=0 init_replace=1 gate=0
[T2slv] t=102.9000 phase=1 init_cost=488.079 final_cost=477.373 iters=9 term=1 slv_ms=10.5
[T2diag] t=102.9000 P=[0.1483 0.3093 0.7481] V=[-0.0020 -0.0042 0.0051] |Bas|=0.369620 |Bgs|=0.0022309 tic0=[0.1200 0.0500 -0.0200] tic1=[0.1200 -0.0500 -0.0200] td=0.00000 track=99
[E2uls] flag=1 sh_t=102.932 new_t=102.932 dP=[0.0014 0.0021 0.0000] |dP|=0.0025 first_dt=-1.0000
time: 102.900000, t: 0.148263 0.309268 0.748070 q: 0.999727 -0.004685 -0.022861 -0.001341 
[T2depth] t=103.0000 id=6811 src=stereo u=634.5 v=72.7 depth=2.7517 depth2=-1.0000 track=1 sf=10 flag=ok
[T2depth] t=103.0000 id=6812 src=stereo u=36.8 v=313.0 depth=5.0795 depth2=-1.0000 track=1 sf=10 flag=ok
[T2gate] t=103.0000 tri=27 rej=0 xrej=0 init_replace=0 gate=0
[T2slv] t=103.0000 phase=1 init_cost=498.195 final_cost=480.299 iters=9 term=1 slv_ms=10.8
[T2diag] t=103.0000 P=[0.1482 0.3098 0.7482] V=[0.0013 0.0060 -0.0004] |Bas|=0.369620 |Bgs|=0.0069311 tic0=[0.1200 0.0500 -0.0200] tic1=[0.1200 -0.0500 -0.0200] td=0.00000 track=98
[E2uls] flag=1 sh_t=103.036 new_t=103.036 dP=[0.0004 -0.0015 0.0005] |dP|=0.0016 first_dt=-1.0000
time: 103.000000, t: 0.148202 0.309775 0.748176 q: 0.999732 -0.004307 -0.022701 -0.001474 
[T2gate] t=103.0720 tri=25 rej=0 xrej=0 init_replace=0 gate=0
[T2slv] t=103.0720 phase=1 init_cost=490.487 final_cost=476.851 iters=9 term=1 slv_ms=10.5
[T2diag] t=103.0720 P=[0.1484 0.3104 0.7477] V=[0.0043 0.0138 -0.0050] |Bas|=0.369620 |Bgs|=0.0078869 tic0=[0.1200 0.0500 -0.0200] tic1=[0.1200 -0.0500 -0.0200] td=0.00000 track=98
[E2uls] flag=1 sh_t=103.108 new_t=103.108 dP=[0.0005 -0.0001 0.0007] |dP|=0.0009 first_dt=-1.0000
time: 103.072000, t: 0.148368 0.310428 0.747749 q: 0.999733 -0.004553 -0.022598 -0.001600 
[T2xcross] t=103.2000 id=6812 est=5.0795 svd=4.0546 rel=0.2018 track=2 sf=9
[T2depth] t=103.2000 id=6821 src=stereo u=356.0 v=288.0 depth=7.2546 depth2=-1.0000 track=1 sf=10 flag=ok
[T2depth] t=103.2000 id=6825 src=stereo u=252.0 v=478.0 depth=1.5783 depth2=-1.0000 track=1 sf=10 flag=ok
[T2gate] t=103.2000 tri=27 rej=0 xrej=0 init_replace=0 gate=0
[T2slv] t=103.2000 phase=1 init_cost=483.23 final_cost=472.228 iters=9 term=1 slv_ms=15.6
[T2diag] t=103.2000 P=[0.1481 0.3113 0.7476] V=[0.0037 0.0064 -0.0009] |Bas|=0.369620 |Bgs|=0.0048309 tic0=[0.1200 0.0500 -0.0200] tic1=[0.1200 -0.0500 -0.0200] td=0.00000 track=95
[E2uls] flag=1 sh_t=103.244 new_t=103.244 dP=[0.0024 0.0021 -0.0011] |dP|=0.0034 first_dt=-1.0000
time: 103.200000, t: 0.148138 0.311263 0.747607 q: 0.999735 -0.004795 -0.022481 -0.001588 
[T2depth] t=103.3000 id=6823 src=motion2 u=2.9 v=305.1 depth=0.0169 depth2=-1.0000 track=2 sf=9 flag=ok
[T2depth] t=103.3000 id=6824 src=motion2 u=520.0 v=96.0 depth=0.0882 depth2=-1.0000 track=2 sf=9 flag=ok
[T2depth] t=103.3000 id=6828 src=stereo u=616.0 v=73.0 depth=2.7516 depth2=-1.0000 track=1 sf=10 flag=ok
[T2gate] t=103.3000 tri=25 rej=0 xrej=0 init_replace=0 gate=0
[T2slv] t=103.3000 phase=1 init_cost=492.725 final_cost=473.083 iters=9 term=1 slv_ms=16.6
[T2diag] t=103.3000 P=[0.1477 0.3114 0.7482] V=[-0.0011 0.0003 0.0064] |Bas|=0.369620 |Bgs|=0.0100591 tic0=[0.1200 0.0500 -0.0200] tic1=[0.1200 -0.0500 -0.0200] td=0.00000 track=99
[E2uls] flag=1 sh_t=103.340 new_t=103.340 dP=[0.0020 0.0012 -0.0008] |dP|=0.0024 first_dt=-1.0000
time: 103.300000, t: 0.147670 0.311414 0.748233 q: 0.999734 -0.004544 -0.022562 -0.001537 
[T2xcross] t=103.4000 id=6821 est=7.2546 svd=1.7627 rel=0.7570 track=2 sf=9
[T2xcross] t=103.4000 id=6825 est=1.5783 svd=0.4312 rel=0.7268 track=2 sf=9
[T2depth] t=103.4000 id=6831 src=stereo u=625.0 v=73.0 depth=2.5990 depth2=-1.0000 track=1 sf=10 flag=ok
[T2gate] t=103.4000 tri=24 rej=0 xrej=0 init_replace=0 gate=0
[T2slv] t=103.4000 phase=1 init_cost=488.038 final_cost=474.705 iters=9 term=1 slv_ms=18.3
[T2diag] t=103.4000 P=[0.1475 0.3114 0.7484] V=[0.0036 0.0039 0.0002] |Bas|=0.369620 |Bgs|=0.0008320 tic0=[0.1200 0.0500 -0.0200] tic1=[0.1200 -0.0500 -0.0200] td=0.00000 track=99
[E2uls] flag=1 sh_t=103.444 new_t=103.444 dP=[0.0010 0.0000 0.0008] |dP|=0.0013 first_dt=-1.0000
time: 103.400000, t: 0.147537 0.311438 0.748372 q: 0.999735 -0.004557 -0.022519 -0.001452 
[T2depth] t=103.5000 id=6834 src=stereo u=586.0 v=73.0 depth=2.7515 depth2=-1.0000 track=1 sf=10 flag=ok
[T2gate] t=103.5000 tri=24 rej=0 xrej=0 init_replace=0 gate=0
[T2slv] t=103.5000 phase=1 init_cost=485.691 final_cost=474.632 iters=9 term=1 slv_ms=16.3
[T2diag] t=103.5000 P=[0.1474 0.3116 0.7485] V=[0.0016 0.0032 0.0002] |Bas|=0.369620 |Bgs|=0.0070133 tic0=[0.1200 0.0500 -0.0200] tic1=[0.1200 -0.0500 -0.0200] td=0.00000 track=98
[E2uls] flag=1 sh_t=103.540 new_t=103.540 dP=[0.0017 0.0006 -0.0005] |dP|=0.0018 first_dt=-1.0000
time: 103.500000, t: 0.147406 0.311620 0.748526 q: 0.999734 -0.004635 -0.022530 -0.001393 
[T2gate] t=103.6000 tri=22 rej=0 xrej=0 init_replace=0 gate=0
[T2slv] t=103.6000 phase=1 init_cost=488.475 final_cost=474.725 iters=9 term=1 slv_ms=11.3
[T2diag] t=103.6000 P=[0.1473 0.3119 0.7486] V=[0.0007 0.0048 0.0037] |Bas|=0.369620 |Bgs|=0.0039449 tic0=[0.1200 0.0500 -0.0200] tic1=[0.1200 -0.0500 -0.0200] td=0.00000 track=98
[E2uls] flag=1 sh_t=103.636 new_t=103.636 dP=[0.0006 0.0006 0.0002] |dP|=0.0009 first_dt=-1.0000
time: 103.600000, t: 0.147321 0.311913 0.748633 q: 0.999735 -0.004683 -0.022506 -0.001380 
[T2xcross] t=103.7000 id=6824 est=0.0882 svd=1.0285 rel=0.9142 track=2 sf=9
[T2gate] t=103.7000 tri=23 rej=0 xrej=0 init_replace=0 gate=0
[T2slv] t=103.7000 phase=1 init_cost=485.934 final_cost=476.192 iters=9 term=1 slv_ms=17.1
[T2diag] t=103.7000 P=[0.1469 0.3117 0.7489] V=[-0.0011 -0.0022 0.0022] |Bas|=0.369620 |Bgs|=0.0032756 tic0=[0.1200 0.0500 -0.0200] tic1=[0.1200 -0.0500 -0.0200] td=0.00000 track=98
[E2uls] flag=1 sh_t=103.748 new_t=103.748 dP=[0.0015 0.0012 0.0004] |dP|=0.0019 first_dt=-1.0000
time: 103.700000, t: 0.146901 0.311711 0.748906 q: 0.999735 -0.004461 -0.022552 -0.001310 
[T2gate] t=103.8000 tri=24 rej=0 xrej=0 init_replace=0 gate=0
[T2slv] t=103.8000 phase=1 init_cost=487.977 final_cost=478.166 iters=9 term=1 slv_ms=16.6
[T2diag] t=103.8000 P=[0.1468 0.3116 0.7489] V=[-0.0015 0.0017 -0.0000] |Bas|=0.369620 |Bgs|=0.0073496 tic0=[0.1200 0.0500 -0.0200] tic1=[0.1200 -0.0500 -0.0200] td=0.00000 track=98
[E2uls] flag=1 sh_t=103.844 new_t=103.844 dP=[0.0004 -0.0001 0.0002] |dP|=0.0004 first_dt=-1.0000
time: 103.800000, t: 0.146776 0.311613 0.748946 q: 0.999735 -0.004454 -0.022558 -0.001275 
[T2depth] t=103.9000 id=6847 src=stereo u=599.0 v=73.0 depth=2.7517 depth2=-1.0000 track=1 sf=10 flag=ok
[T2depth] t=103.9000 id=6848 src=stereo u=221.0 v=306.0 depth=5.6750 depth2=-1.0000 track=1 sf=10 flag=ok
[T2gate] t=103.9000 tri=26 rej=0 xrej=0 init_replace=0 gate=0
[T2slv] t=103.9000 phase=1 init_cost=487.549 final_cost=474.474 iters=9 term=1 slv_ms=10.7
[T2diag] t=103.9000 P=[0.1468 0.3126 0.7486] V=[0.0038 0.0100 -0.0020] |Bas|=0.369620 |Bgs|=0.0048100 tic0=[0.1200 0.0500 -0.0200] tic1=[0.1200 -0.0500 -0.0200] td=0.00000 track=97
[E2uls] flag=1 sh_t=103.932 new_t=103.932 dP=[0.0005 -0.0011 0.0007] |dP|=0.0014 first_dt=-1.0000
time: 103.900000, t: 0.146812 0.312554 0.748589 q: 0.999737 -0.004939 -0.022352 -0.001398 
[T2gate] t=104.0000 tri=24 rej=0 xrej=0 init_replace=0 gate=0
[T2slv] t=104.0000 phase=1 init_cost=486.836 final_cost=473.371 iters=9 term=1 slv_ms=14.9
[T2diag] t=104.0000 P=[0.1466 0.3121 0.7487] V=[0.0010 -0.0030 0.0008] |Bas|=0.369620 |Bgs|=0.0035214 tic0=[0.1200 0.0500 -0.0200] tic1=[0.1200 -0.0500 -0.0200] td=0.00000 track=97
[E2uls] flag=1 sh_t=104.044 new_t=104.044 dP=[0.0019 0.0029 -0.0005] |dP|=0.0035 first_dt=-1.0000
time: 104.000000, t: 0.146596 0.312080 0.748661 q: 0.999734 -0.004781 -0.022522 -0.001277 
[T2depth] t=104.1000 id=6852 src=motion2 u=3.2 v=305.2 depth=5.0000 depth2=-1.0000 track=2 sf=9 flag=init_neg
[T2depth] t=104.1000 id=6854 src=stereo u=637.0 v=73.0 depth=2.7510 depth2=-1.0000 track=1 sf=10 flag=ok
[T2gate] t=104.1000 tri=24 rej=0 xrej=0 init_replace=1 gate=0
[T2slv] t=104.1000 phase=1 init_cost=491.502 final_cost=478.879 iters=9 term=1 slv_ms=16.3
[T2diag] t=104.1000 P=[0.1463 0.3116 0.7489] V=[0.0013 -0.0027 0.0022] |Bas|=0.369620 |Bgs|=0.0052872 tic0=[0.1200 0.0500 -0.0200] tic1=[0.1200 -0.0500 -0.0200] td=0.00000 track=98
[E2uls] flag=1 sh_t=104.148 new_t=104.148 dP=[0.0021 0.0009 0.0002] |dP|=0.0023 first_dt=-1.0000
time: 104.100000, t: 0.146264 0.311574 0.748872 q: 0.999733 -0.004551 -0.022644 -0.001133 
[T2depth] t=104.2000 id=6858 src=stereo u=588.0 v=73.0 depth=2.7517 depth2=-1.0000 track=1 sf=10 flag=ok
[T2gate] t=104.2000 tri=24 rej=0 xrej=0 init_replace=0 gate=0
[T2slv] t=104.2000 phase=1 init_cost=492.476 final_cost=480.397 iters=9 term=1 slv_ms=17.5
[T2diag] t=104.2000 P=[0.1463 0.3113 0.7488] V=[0.0033 0.0005 0.0005] |Bas|=0.369620 |Bgs|=0.0033044 tic0=[0.1200 0.0500 -0.0200] tic1=[0.1200 -0.0500 -0.0200] td=0.00000 track=97
[E2uls] flag=1 sh_t=104.244 new_t=104.244 dP=[0.0014 -0.0000 0.0009] |dP|=0.0017 first_dt=-1.0000
time: 104.200000, t: 0.146263 0.311324 0.748809 q: 0.999732 -0.004710 -0.022661 -0.001079 
[T2depth] t=104.3000 id=6857 src=motion2 u=514.0 v=100.0 depth=0.1122 depth2=-1.0000 track=2 sf=9 flag=ok
[T2gate] t=104.3000 tri=22 rej=0 xrej=0 init_replace=0 gate=0
[T2slv] t=104.3000 phase=1 init_cost=488.061 final_cost=478.502 iters=9 term=1 slv_ms=10.9
[T2diag] t=104.3000 P=[0.1462 0.3119 0.7486] V=[0.0014 0.0040 -0.0022] |Bas|=0.369620 |Bgs|=0.0034179 tic0=[0.1200 0.0500 -0.0200] tic1=[0.1200 -0.0500 -0.0200] td=0.00000 track=98
[E2uls] flag=1 sh_t=104.332 new_t=104.332 dP=[0.0013 -0.0004 0.0004] |dP|=0.0014 first_dt=-1.0000
time: 104.300000, t: 0.146195 0.311919 0.748594 q: 0.999730 -0.004875 -0.022706 -0.001229 
[T2gate] t=104.4000 tri=21 rej=0 xrej=0 init_replace=0 gate=0
[T2slv] t=104.4000 phase=1 init_cost=491.468 final_cost=479.414 iters=9 term=1 slv_ms=18.4
[T2diag] t=104.4000 P=[0.1462 0.3114 0.7486] V=[0.0022 -0.0019 0.0002] |Bas|=0.369620 |Bgs|=0.0027325 tic0=[0.1200 0.0500 -0.0200] tic1=[0.1200 -0.0500 -0.0200] td=0.00000 track=98
[E2uls] flag=1 sh_t=104.444 new_t=104.444 dP=[0.0012 0.0020 -0.0005] |dP|=0.0024 first_dt=-1.0000
time: 104.400000, t: 0.146172 0.311387 0.748621 q: 0.999730 -0.004674 -0.022717 -0.001212 
[T2gate] t=104.5000 tri=21 rej=0 xrej=0 init_replace=0 gate=0
[T2slv] t=104.5000 phase=1 init_cost=490.095 final_cost=480.729 iters=9 term=1 slv_ms=15.9
[T2diag] t=104.5000 P=[0.1461 0.3116 0.7484] V=[0.0038 0.0041 -0.0015] |Bas|=0.369620 |Bgs|=0.0026830 tic0=[0.1200 0.0500 -0.0200] tic1=[0.1200 -0.0500 -0.0200] td=0.00000 track=98
[E2uls] flag=1 sh_t=104.540 new_t=104.540 dP=[0.0013 -0.0003 0.0007] |dP|=0.0015 first_dt=-1.0000
time: 104.500000, t: 0.146131 0.311609 0.748376 q: 0.999730 -0.004727 -0.022726 -0.001353 
[T2xcross] t=104.6000 id=6857 est=0.1122 svd=0.0712 rel=0.3652 track=2 sf=9
[T2gate] t=104.6000 tri=22 rej=0 xrej=0 init_replace=0 gate=0
[T2slv] t=104.6000 phase=1 init_cost=490.168 final_cost=478.277 iters=9 term=1 slv_ms=15.3
[T2diag] t=104.6000 P=[0.1463 0.3120 0.7479] V=[0.0031 0.0040 -0.0051] |Bas|=0.369620 |Bgs|=0.0042217 tic0=[0.1200 0.0500 -0.0200] tic1=[0.1200 -0.0500 -0.0200] td=0.00000 track=98
[E2uls] flag=1 sh_t=104.644 new_t=104.644 dP=[0.0007 0.0002 0.0003] |dP|=0.0008 first_dt=-1.0000
time: 104.600000, t: 0.146310 0.311987 0.747851 q: 0.999733 -0.004694 -0.022574 -0.001464 
[T2gate] t=104.7000 tri=23 rej=0 xrej=0 init_replace=0 gate=0
[T2slv] t=104.7000 phase=1 init_cost=484.011 final_cost=471.889 iters=9 term=1 slv_ms=17.1
[T2diag] t=104.7000 P=[0.1466 0.3131 0.7471] V=[0.0078 0.0096 -0.0061] |Bas|=0.369620 |Bgs|=0.0060477 tic0=[0.1200 0.0500 -0.0200] tic1=[0.1200 -0.0500 -0.0200] td=0.00000 track=96
[E2uls] flag=1 sh_t=104.748 new_t=104.748 dP=[0.0009 -0.0010 -0.0001] |dP|=0.0013 first_dt=-1.0000
time: 104.700000, t: 0.146634 0.313098 0.747099 q: 0.999739 -0.004731 -0.022287 -0.001592 
[T2depth] t=104.7720 id=6865 src=stereo u=421.0 v=312.1 depth=5.1364 depth2=-1.0000 track=1 sf=10 flag=ok
[T2depth] t=104.7720 id=6868 src=stereo u=622.0 v=73.0 depth=2.5988 depth2=-1.0000 track=1 sf=10 flag=ok
[T2gate] t=104.7720 tri=26 rej=0 xrej=0 init_replace=0 gate=0
[T2slv] t=104.7720 phase=1 init_cost=479.576 final_cost=469.972 iters=9 term=1 slv_ms=14.4
[T2diag] t=104.7720 P=[0.1463 0.3123 0.7473] V=[-0.0028 -0.0130 0.0047] |Bas|=0.369620 |Bgs|=0.0050246 tic0=[0.1200 0.0500 -0.0200] tic1=[0.1200 -0.0500 -0.0200] td=0.00000 track=96
[E2uls] flag=1 sh_t=104.812 new_t=104.812 dP=[0.0019 0.0028 -0.0011] |dP|=0.0035 first_dt=-1.0000
time: 104.772000, t: 0.146344 0.312326 0.747309 q: 0.999738 -0.004531 -0.022393 -0.001396 
[T2xcross] t=104.9040 id=6865 est=5.1364 svd=2.7579 rel=0.4631 track=2 sf=9
[T2depth] t=104.9040 id=6869 src=motion2 u=4.0 v=309.0 depth=5.0000 depth2=-1.0000 track=2 sf=9 flag=init_neg
[T2gate] t=104.9040 tri=25 rej=0 xrej=0 init_replace=1 gate=0
[T2slv] t=104.9040 phase=1 init_cost=486.947 final_cost=476.699 iters=9 term=1 slv_ms=10.7
[T2diag] t=104.9040 P=[0.1458 0.3113 0.7482] V=[0.0014 -0.0060 0.0077] |Bas|=0.369620 |Bgs|=0.0038132 tic0=[0.1200 0.0500 -0.0200] tic1=[0.1200 -0.0500 -0.0200] td=0.00000 track=98
[E2uls] flag=1 sh_t=104.940 new_t=104.940 dP=[0.0012 -0.0014 0.0003] |dP|=0.0018 first_dt=-1.0000
time: 104.904000, t: 0.145805 0.311290 0.748225 q: 0.999737 -0.004191 -0.022524 -0.001226 
[T2gate] t=105.0360 tri=23 rej=0 xrej=0 init_replace=0 gate=0
[T2slv] t=105.0360 phase=1 init_cost=492.791 final_cost=478.338 iters=9 term=1 slv_ms=15.8
[T2diag] t=105.0360 P=[0.1457 0.3117 0.7482] V=[0.0036 0.0014 -0.0038] |Bas|=0.369620 |Bgs|=0.0022715 tic0=[0.1200 0.0500 -0.0200] tic1=[0.1200 -0.0500 -0.0200] td=0.00000 track=98
[E2uls] flag=1 sh_t=105.076 new_t=105.076 dP=[0.0018 -0.0021 0.0009] |dP|=0.0029 first_dt=-1.0000
time: 105.036000, t: 0.145719 0.311688 0.748227 q: 0.999735 -0.004743 -0.022497 -0.001448 
[T2depth] t=105.1360 id=6878 src=stereo u=616.0 v=73.0 depth=2.7515 depth2=-1.0000 track=1 sf=10 flag=ok
[T2gate] t=105.1360 tri=24 rej=0 xrej=0 init_replace=0 gate=0
[T2slv] t=105.1360 phase=1 init_cost=487.623 final_cost=474.163 iters=9 term=1 slv_ms=12.6
[T2diag] t=105.1360 P=[0.1458 0.3117 0.7483] V=[0.0058 0.0026 -0.0003] |Bas|=0.369620 |Bgs|=0.0049700 tic0=[0.1200 0.0500 -0.0200] tic1=[0.1200 -0.0500 -0.0200] td=0.00000 track=97
[E2uls] flag=1 sh_t=105.172 new_t=105.172 dP=[0.0020 0.0004 -0.0013] |dP|=0.0024 first_dt=-1.0000
time: 105.136000, t: 0.145810 0.311714 0.748297 q: 0.999735 -0.005001 -0.022432 -0.001426 
[T2depth] t=105.2360 id=6884 src=stereo u=637.0 v=74.0 depth=2.5988 depth2=-1.0000 track=1 sf=10 flag=ok
[T2gate] t=105.2360 tri=27 rej=0 xrej=0 init_replace=0 gate=0
[T2slv] t=105.2360 phase=1 init_cost=485.795 final_cost=476.199 iters=9 term=1 slv_ms=14.1
[T2diag] t=105.2360 P=[0.1454 0.3110 0.7487] V=[-0.0008 -0.0049 0.0049] |Bas|=0.369620 |Bgs|=0.0043250 tic0=[0.1200 0.0500 -0.0200] tic1=[0.1200 -0.0500 -0.0200] td=0.00000 track=97
[E2uls] flag=1 sh_t=105.276 new_t=105.276 dP=[0.0023 0.0021 -0.0007] |dP|=0.0032 first_dt=-1.0000
time: 105.236000, t: 0.145433 0.311015 0.748722 q: 0.999728 -0.005102 -0.022720 -0.001222 
[T2depth] t=105.3680 id=6885 src=motion2 u=4.0 v=309.0 depth=5.0000 depth2=-1.0000 track=2 sf=9 flag=init_neg
[T2depth] t=105.3680 id=6890 src=stereo u=582.0 v=74.0 depth=2.7511 depth2=-1.0000 track=1 sf=10 flag=ok
[T2depth] t=105.3680 id=6891 src=stereo u=421.0 v=312.0 depth=5.2710 depth2=-1.0000 track=1 sf=10 flag=ok
[T2gate] t=105.3680 tri=26 rej=0 xrej=0 init_replace=1 gate=0
[T2slv] t=105.3680 phase=1 init_cost=497.047 final_cost=480.725 iters=9 term=1 slv_ms=16.8
[T2diag] t=105.3680 P=[0.1452 0.3106 0.7493] V=[0.0020 0.0001 0.0043] |Bas|=0.369620 |Bgs|=0.0033193 tic0=[0.1200 0.0500 -0.0200] tic1=[0.1200 -0.0500 -0.0200] td=0.00000 track=96
[E2uls] flag=1 sh_t=105.408 new_t=105.408 dP=[0.0008 -0.0001 0.0004] |dP|=0.0009 first_dt=-1.0000
time: 105.368000, t: 0.145247 0.310648 0.749288 q: 0.999725 -0.004783 -0.022954 -0.001044 
[T2depth] t=105.5000 id=6894 src=stereo u=608.0 v=73.0 depth=2.7518 depth2=-1.0000 track=1 sf=10 flag=ok
[T2depth] t=105.5000 id=6895 src=stereo u=251.0 v=477.0 depth=1.5811 depth2=-1.0000 track=1 sf=10 flag=ok
[T2depth] t=105.5000 id=6896 src=stereo u=397.0 v=283.0 depth=7.9018 depth2=-1.0000 track=1 sf=10 flag=ok
[T2gate] t=105.5000 tri=26 rej=0 xrej=0 init_replace=0 gate=0
[T2slv] t=105.5000 phase=1 init_cost=498.777 final_cost=479.644 iters=9 term=1 slv_ms=16.9
[T2diag] t=105.5000 P=[0.1452 0.3104 0.7491] V=[0.0024 -0.0009 -0.0029] |Bas|=0.369620 |Bgs|=0.0066837 tic0=[0.1200 0.0500 -0.0200] tic1=[0.1200 -0.0500 -0.0200] td=0.00000 track=93
[E2uls] flag=1 sh_t=105.548 new_t=105.548 dP=[0.0015 0.0005 0.0014] |dP|=0.0021 first_dt=-1.0000
time: 105.500000, t: 0.145167 0.310381 0.749095 q: 0.999741 -0.004832 -0.022211 -0.000972 
[T2depth] t=105.6000 id=6898 src=stereo u=80.0 v=478.2 depth=1.5820 depth2=-1.0000 track=1 sf=10 flag=ok
[T2gate] t=105.6000 tri=26 rej=0 xrej=0 init_replace=0 gate=0
[T2slv] t=105.6000 phase=1 init_cost=490.995 final_cost=476.859 iters=9 term=1 slv_ms=16.4
[T2diag] t=105.6000 P=[0.1454 0.3108 0.7488] V=[0.0062 0.0007 -0.0029] |Bas|=0.369620 |Bgs|=0.0054878 tic0=[0.1200 0.0500 -0.0200] tic1=[0.1200 -0.0500 -0.0200] td=0.00000 track=95
[E2uls] flag=1 sh_t=105.644 new_t=105.644 dP=[0.0009 -0.0001 -0.0002] |dP|=0.0009 first_dt=-1.0000
time: 105.600000, t: 0.145425 0.310777 0.748765 q: 0.999743 -0.004802 -0.022106 -0.001200 
[T2xcross] t=105.7000 id=6896 est=7.9018 svd=0.5571 rel=0.9295 track=2 sf=9
[T2gate] t=105.7000 tri=25 rej=0 xrej=0 init_replace=0 gate=0
[T2slv] t=105.7000 phase=1 init_cost=489.937 final_cost=476.707 iters=9 term=1 slv_ms=16.5
[T2diag] t=105.7000 P=[0.1454 0.3108 0.7486] V=[0.0031 0.0014 -0.0019] |Bas|=0.369620 |Bgs|=0.0038289 tic0=[0.1200 0.0500 -0.0200] tic1=[0.1200 -0.0500 -0.0200] td=0.00000 track=96
[E2uls] flag=1 sh_t=105.736 new_t=105.736 dP=[0.0021 0.0003 -0.0005] |dP|=0.0022 first_dt=-1.0000
time: 105.700000, t: 0.145380 0.310799 0.748644 q: 0.999743 -0.004735 -0.022144 -0.001396 
[T2depth] t=105.8000 id=6909 src=stereo u=603.0 v=73.0 depth=2.7518 depth2=-1.0000 track=1 sf=10 flag=ok
[T2gate] t=105.8000 tri=26 rej=0 xrej=0 init_replace=0 gate=0
[T2slv] t=105.8000 phase=1 init_cost=493.852 final_cost=477.421 iters=9 term=1 slv_ms=16.9
[T2diag] t=105.8000 P=[0.1453 0.3109 0.7488] V=[0.0014 0.0034 0.0007] |Bas|=0.369620 |Bgs|=0.0087173 tic0=[0.1200 0.0500 -0.0200] tic1=[0.1200 -0.0500 -0.0200] td=0.00000 track=96
[E2uls] flag=1 sh_t=105.844 new_t=105.844 dP=[0.0015 0.0002 -0.0009] |dP|=0.0017 first_dt=-1.0000
time: 105.800000, t: 0.145258 0.310918 0.748816 q: 0.999741 -0.004858 -0.022175 -0.001514 
[T2depth] t=105.9000 id=6907 src=motion2 u=512.9 v=100.0 depth=0.0458 depth2=-1.0000 track=2 sf=9 flag=ok
[T2depth] t=105.9000 id=6913 src=stereo u=252.0 v=478.0 depth=1.5804 depth2=-1.0000 track=1 sf=10 flag=ok
[T2gate] t=105.9000 tri=25 rej=0 xrej=0 init_replace=0 gate=0
[T2slv] t=105.9000 phase=1 init_cost=502.252 final_cost=480.646 iters=9 term=1 slv_ms=16.1
[T2diag] t=105.9000 P=[0.1451 0.3102 0.7494] V=[0.0036 -0.0054 0.0076] |Bas|=0.369620 |Bgs|=0.0091595 tic0=[0.1200 0.0500 -0.0200] tic1=[0.1200 -0.0500 -0.0200] td=0.00000 track=95
[E2uls] flag=1 sh_t=105.940 new_t=105.940 dP=[0.0013 0.0018 -0.0005] |dP|=0.0023 first_dt=-1.0000
time: 105.900000, t: 0.145059 0.310170 0.749398 q: 0.999737 -0.004940 -0.022372 -0.001247 
[T2xcross] t=106.0000 id=6913 est=1.5804 svd=0.5100 rel=0.6773 track=2 sf=9
[T2depth] t=106.0000 id=6915 src=stereo u=604.0 v=73.0 depth=2.7520 depth2=-1.0000 track=1 sf=10 flag=ok
[T2depth] t=106.0000 id=6917 src=stereo u=22.0 v=343.0 depth=3.5643 depth2=-1.0000 track=1 sf=10 flag=ok
[T2gate] t=106.0000 tri=25 rej=0 xrej=0 init_replace=0 gate=0
[T2slv] t=106.0000 phase=1 init_cost=501.533 final_cost=485.326 iters=9 term=1 slv_ms=13.4
[T2diag] t=106.0000 P=[0.1451 0.3102 0.7498] V=[0.0022 -0.0003 0.0021] |Bas|=0.369620 |Bgs|=0.0027791 tic0=[0.1200 0.0500 -0.0200] tic1=[0.1200 -0.0500 -0.0200] td=0.00000 track=95
[E2uls] flag=1 sh_t=106.044 new_t=106.044 dP=[0.0015 -0.0005 0.0003] |dP|=0.0016 first_dt=-1.0000
time: 106.000000, t: 0.145134 0.310238 0.749798 q: 0.999738 -0.004721 -0.022369 -0.001059 
[T2depth] t=106.1000 id=6916 src=motion2 u=4.6 v=309.0 depth=5.0000 depth2=-1.0000 track=2 sf=9 flag=init_neg
[T2gate] t=106.1000 tri=22 rej=0 xrej=0 init_replace=1 gate=0
[T2slv] t=106.1000 phase=1 init_cost=497.781 final_cost=488.182 iters=9 term=1 slv_ms=16.6
[T2diag] t=106.1000 P=[0.1449 0.3105 0.7499] V=[0.0019 0.0038 0.0008] |Bas|=0.369620 |Bgs|=0.0058991 tic0=[0.1200 0.0500 -0.0200] tic1=[0.1200 -0.0500 -0.0200] td=0.00000 track=97
[E2uls] flag=1 sh_t=106.164 new_t=106.164 dP=[0.0019 0.0004 -0.0004] |dP|=0.0020 first_dt=-1.0000
time: 106.100000, t: 0.144927 0.310530 0.749945 q: 0.999735 -0.004814 -0.022490 -0.001024 
[T2xcross] t=106.2000 id=6917 est=3.5643 svd=0.2679 rel=0.9249 track=2 sf=9
[T2depth] t=106.2000 id=6919 src=stereo u=249.0 v=478.2 depth=1.5842 depth2=-1.0000 track=1 sf=10 flag=ok
[T2depth] t=106.2000 id=6921 src=stereo u=612.0 v=74.0 depth=2.5987 depth2=-1.0000 track=1 sf=10 flag=ok
[T2gate] t=106.2000 tri=24 rej=0 xrej=0 init_replace=0 gate=0
[T2slv] t=106.2000 phase=1 init_cost=504.641 final_cost=492.634 iters=9 term=1 slv_ms=15.0
[T2diag] t=106.2000 P=[0.1444 0.3104 0.7504] V=[-0.0034 -0.0024 0.0039] |Bas|=0.369620 |Bgs|=0.0049396 tic0=[0.1200 0.0500 -0.0200] tic1=[0.1200 -0.0500 -0.0200] td=0.00000 track=95
[E2uls] flag=1 sh_t=106.244 new_t=106.244 dP=[0.0011 0.0012 -0.0007] |dP|=0.0018 first_dt=-1.0000
time: 106.200000, t: 0.144376 0.310433 0.750436 q: 0.999730 -0.004777 -0.022724 -0.001006 
[T2depth] t=106.3000 id=6918 src=motion2 u=523.4 v=94.1 depth=0.0215 depth2=-1.0000 track=2 sf=9 flag=ok
[T2xcross] t=106.3000 id=6919 est=1.5842 svd=0.0819 rel=0.9483 track=2 sf=9
[T2gate] t=106.3000 tri=23 rej=0 xrej=0 init_replace=0 gate=0
[T2slv] t=106.3000 phase=1 init_cost=511.58 final_cost=492.672 iters=9 term=1 slv_ms=16.4
[T2diag] t=106.3000 P=[0.1447 0.3101 0.7501] V=[0.0072 0.0003 -0.0059] |Bas|=0.369620 |Bgs|=0.0082244 tic0=[0.1200 0.0500 -0.0200] tic1=[0.1200 -0.0500 -0.0200] td=0.00000 track=97
[E2uls] flag=1 sh_t=106.336 new_t=106.336 dP=[-0.0001 0.0000 0.0008] |dP|=0.0008 first_dt=-1.0000
time: 106.300000, t: 0.144652 0.310149 0.750066 q: 0.999730 -0.004810 -0.022694 -0.001017 
[T2depth] t=106.4000 id=6925 src=stereo u=591.0 v=74.0 depth=2.7512 depth2=-1.0000 track=1 sf=10 flag=ok
[T2gate] t=106.4000 tri=26 rej=0 xrej=0 init_replace=0 gate=0
[T2slv] t=106.4000 phase=1 init_cost=499.522 final_cost=487.072 iters=9 term=1 slv_ms=14.9
[T2diag] t=106.4000 P=[0.1450 0.3114 0.7496] V=[0.0062 0.0104 -0.0039] |Bas|=0.369620 |Bgs|=0.0091058 tic0=[0.1200 0.0500 -0.0200] tic1=[0.1200 -0.0500 -0.0200] td=0.00000 track=96
[E2uls] flag=1 sh_t=106.444 new_t=106.444 dP=[0.0017 -0.0015 -0.0007] |dP|=0.0024 first_dt=-1.0000
time: 106.400000, t: 0.145002 0.311422 0.749628 q: 0.999729 -0.005322 -0.022609 -0.001529 
[T2depth] t=106.5000 id=6933 src=stereo u=251.0 v=478.0 depth=1.5802 depth2=-1.0000 track=1 sf=10 flag=ok
[T2gate] t=106.5000 tri=28 rej=0 xrej=0 init_replace=0 gate=0
[T2slv] t=106.5000 phase=1 init_cost=497.758 final_cost=485.439 iters=9 term=1 slv_ms=16.4
[T2diag] t=106.5000 P=[0.1451 0.3116 0.7498] V=[0.0027 0.0021 0.0014] |Bas|=0.369620 |Bgs|=0.0016380 tic0=[0.1200 0.0500 -0.0200] tic1=[0.1200 -0.0500 -0.0200] td=0.00000 track=94
[E2uls] flag=1 sh_t=106.536 new_t=106.536 dP=[0.0015 0.0021 -0.0007] |dP|=0.0027 first_dt=-1.0000
time: 106.500000, t: 0.145072 0.311616 0.749751 q: 0.999729 -0.005224 -0.022604 -0.001858 
[T2depth] t=106.6000 id=6932 src=motion2 u=520.0 v=96.0 depth=0.0337 depth2=-1.0000 track=2 sf=9 flag=ok
[T2depth] t=106.6000 id=6934 src=motion2 u=3.0 v=309.0 depth=0.0159 depth2=-1.0000 track=2 sf=9 flag=ok
[T2depth] t=106.6000 id=6938 src=stereo u=361.0 v=285.0 depth=7.5198 depth2=-1.0000 track=1 sf=10 flag=ok
[T2gate] t=106.6000 tri=25 rej=0 xrej=0 init_replace=0 gate=0
[T2slv] t=106.6000 phase=1 init_cost=499.706 final_cost=488.687 iters=9 term=1 slv_ms=18.1
[T2diag] t=106.6000 P=[0.1449 0.3111 0.7501] V=[0.0015 -0.0009 0.0036] |Bas|=0.369620 |Bgs|=0.0042554 tic0=[0.1200 0.0500 -0.0200] tic1=[0.1200 -0.0500 -0.0200] td=0.00000 track=96
[E2uls] flag=1 sh_t=106.648 new_t=106.648 dP=[0.0015 0.0015 0.0001] |dP|=0.0022 first_dt=-1.0000
time: 106.600000, t: 0.144918 0.311062 0.750062 q: 0.999733 -0.004613 -0.022577 -0.001819 
[T2depth] t=106.7000 id=6940 src=stereo u=612.1 v=74.0 depth=2.7512 depth2=-1.0000 track=1 sf=10 flag=ok
[T2gate] t=106.7000 tri=23 rej=0 xrej=0 init_replace=0 gate=0
[T2slv] t=106.7000 phase=1 init_cost=508.482 final_cost=490.841 iters=9 term=1 slv_ms=17.0
[T2diag] t=106.7000 P=[0.1446 0.3116 0.7502] V=[0.0008 0.0053 0.0010] |Bas|=0.369620 |Bgs|=0.0068033 tic0=[0.1200 0.0500 -0.0200] tic1=[0.1200 -0.0500 -0.0200] td=0.00000 track=96
[E2uls] flag=1 sh_t=106.744 new_t=106.744 dP=[0.0017 -0.0008 0.0003] |dP|=0.0019 first_dt=-1.0000
time: 106.700000, t: 0.144602 0.311598 0.750234 q: 0.999731 -0.004770 -0.022604 -0.001921 
[T2xcross] t=106.8000 id=6933 est=1.5802 svd=0.3617 rel=0.7711 track=2 sf=9
[T2xcross] t=106.8000 id=6938 est=7.5198 svd=0.9877 rel=0.8686 track=2 sf=9
[T2xcross] t=106.8000 id=6940 est=2.7512 svd=0.0732 rel=0.9734 track=2 sf=9
[T2gate] t=106.8000 tri=24 rej=0 xrej=0 init_replace=0 gate=0
[T2slv] t=106.8000 phase=1 init_cost=503.09 final_cost=488.821 iters=9 term=1 slv_ms=11.3
[T2diag] t=106.8000 P=[0.1448 0.3121 0.7499] V=[0.0047 0.0082 -0.0022] |Bas|=0.369620 |Bgs|=0.0034927 tic0=[0.1200 0.0500 -0.0200] tic1=[0.1200 -0.0500 -0.0200] td=0.00000 track=97
[E2uls] flag=1 sh_t=106.840 new_t=106.840 dP=[0.0008 0.0006 0.0007] |dP|=0.0012 first_dt=-1.0000
time: 106.800000, t: 0.144756 0.312138 0.749905 q: 0.999731 -0.004906 -0.022579 -0.001888 
[T2gate] t=106.9000 tri=25 rej=0 xrej=0 init_replace=0 gate=0
[T2slv] t=106.9000 phase=1 init_cost=499.4 final_cost=489.407 iters=9 term=1 slv_ms=10.7
[T2diag] t=106.9000 P=[0.1446 0.3121 0.7502] V=[0.0006 0.0012 0.0046] |Bas|=0.369620 |Bgs|=0.0058081 tic0=[0.1200 0.0500 -0.0200] tic1=[0.1200 -0.0500 -0.0200] td=0.00000 track=96
[E2uls] flag=1 sh_t=106.936 new_t=106.936 dP=[0.0015 0.0017 -0.0003] |dP|=0.0023 first_dt=-1.0000
time: 106.900000, t: 0.144628 0.312142 0.750189 q: 0.999733 -0.004558 -0.022609 -0.001609 
[T2depth] t=107.0000 id=6944 src=motion2 u=517.0 v=98.0 depth=5.0000 depth2=-1.0000 track=2 sf=9 flag=init_neg
[T2gate] t=107.0000 tri=27 rej=0 xrej=0 init_replace=1 gate=0
[T2slv] t=107.0000 phase=1 init_cost=521.696 final_cost=495.345 iters=9 term=1 slv_ms=15.1
[T2diag] t=107.0000 P=[0.1442 0.3124 0.7504] V=[-0.0015 0.0035 0.0029] |Bas|=0.369620 |Bgs|=0.0084506 tic0=[0.1200 0.0500 -0.0200] tic1=[0.1200 -0.0500 -0.0200] td=0.00000 track=95
[E2uls] flag=1 sh_t=107.040 new_t=107.040 dP=[0.0014 0.0001 0.0009] |dP|=0.0017 first_dt=-1.0000
time: 107.000000, t: 0.144162 0.312367 0.750356 q: 0.999729 -0.004153 -0.022858 -0.001377 
[T2depth] t=107.1000 id=6956 src=stereo u=253.0 v=478.0 depth=1.5811 depth2=-1.0000 track=1 sf=10 flag=ok
[T2gate] t=107.1000 tri=30 rej=0 xrej=0 init_replace=0 gate=0
[T2slv] t=107.1000 phase=1 init_cost=512.694 final_cost=497.294 iters=9 term=1 slv_ms=17.3
[T2diag] t=107.1000 P=[0.1439 0.3118 0.7501] V=[0.0019 -0.0022 -0.0036] |Bas|=0.369620 |Bgs|=0.0088489 tic0=[0.1200 0.0500 -0.0200] tic1=[0.1200 -0.0500 -0.0200] td=0.00000 track=95
[E2uls] flag=1 sh_t=107.144 new_t=107.144 dP=[0.0009 0.0014 0.0009] |dP|=0.0019 first_dt=-1.0000
time: 107.100000, t: 0.143882 0.311847 0.750132 q: 0.999739 -0.003990 -0.022463 -0.000971 
[T2depth] t=107.2000 id=6961 src=stereo u=633.9 v=73.0 depth=2.5990 depth2=-1.0000 track=1 sf=10 flag=ok
[T2gate] t=107.2000 tri=30 rej=0 xrej=0 init_replace=0 gate=0
[T2slv] t=107.2000 phase=1 init_cost=521.736 final_cost=491.693 iters=9 term=1 slv_ms=15.1
[T2diag] t=107.2000 P=[0.1443 0.3125 0.7491] V=[0.0053 0.0036 -0.0094] |Bas|=0.369620 |Bgs|=0.0109818 tic0=[0.1200 0.0500 -0.0200] tic1=[0.1200 -0.0500 -0.0200] td=0.00000 track=96
[E2uls] flag=1 sh_t=107.240 new_t=107.240 dP=[0.0006 -0.0014 0.0009] |dP|=0.0017 first_dt=-1.0000
time: 107.200000, t: 0.144302 0.312467 0.749135 q: 0.999744 -0.004191 -0.022231 -0.000944 
[T2xcross] t=107.3040 id=6956 est=1.5811 svd=0.2365 rel=0.8504 track=2 sf=9
[T2depth] t=107.3040 id=6966 src=motion2 u=6.0 v=309.0 depth=0.0166 depth2=-1.0000 track=2 sf=9 flag=ok
[T2gate] t=107.3040 tri=28 rej=0 xrej=0 init_replace=0 gate=0
[T2slv] t=107.3040 phase=1 init_cost=506.878 final_cost=490.228 iters=9 term=1 slv_ms=12.3
[T2diag] t=107.3040 P=[0.1439 0.3127 0.7491] V=[-0.0048 -0.0004 0.0022] |Bas|=0.369620 |Bgs|=0.0014041 tic0=[0.1200 0.0500 -0.0200] tic1=[0.1200 -0.0500 -0.0200] td=0.00000 track=96
[E2uls] flag=1 sh_t=107.336 new_t=107.336 dP=[0.0015 0.0002 -0.0011] |dP|=0.0019 first_dt=-1.0000
time: 107.304000, t: 0.143853 0.312713 0.749061 q: 0.999740 -0.004124 -0.022390 -0.001032 
[T2depth] t=107.4400 id=6969 src=motion2 u=520.5 v=95.0 depth=5.0000 depth2=-1.0000 track=2 sf=9 flag=init_neg
[T2depth] t=107.4400 id=6975 src=stereo u=595.0 v=73.0 depth=2.7518 depth2=-1.0000 track=1 sf=10 flag=ok
[T2gate] t=107.4400 tri=26 rej=0 xrej=0 init_replace=1 gate=0
[T2slv] t=107.4400 phase=1 init_cost=503.029 final_cost=490.906 iters=9 term=1 slv_ms=13.1
[T2diag] t=107.4400 P=[0.1438 0.3123 0.7487] V=[0.0031 -0.0007 -0.0014] |Bas|=0.369620 |Bgs|=0.0031337 tic0=[0.1200 0.0500 -0.0200] tic1=[0.1200 -0.0500 -0.0200] td=0.00000 track=97
[E2uls] flag=1 sh_t=107.488 new_t=107.488 dP=[-0.0002 0.0005 0.0010] |dP|=0.0011 first_dt=-1.0000
time: 107.440000, t: 0.143776 0.312280 0.748725 q: 0.999739 -0.004457 -0.022363 -0.001204 
[T2depth] t=107.5400 id=6978 src=stereo u=81.0 v=478.0 depth=1.5820 depth2=-1.0000 track=1 sf=10 flag=ok
[T2depth] t=107.5400 id=6979 src=stereo u=629.0 v=73.0 depth=2.7519 depth2=-1.0000 track=1 sf=10 flag=ok
[T2gate] t=107.5400 tri=25 rej=0 xrej=0 init_replace=0 gate=0
[T2slv] t=107.5400 phase=1 init_cost=495.175 final_cost=485.357 iters=9 term=1 slv_ms=13.6
[T2diag] t=107.5400 P=[0.1439 0.3124 0.7482] V=[0.0046 0.0026 -0.0053] |Bas|=0.369620 |Bgs|=0.0059717 tic0=[0.1200 0.0500 -0.0200] tic1=[0.1200 -0.0500 -0.0200] td=0.00000 track=96
[E2uls] flag=1 sh_t=107.576 new_t=107.576 dP=[0.0010 -0.0001 0.0004] |dP|=0.0011 first_dt=-1.0000
time: 107.540000, t: 0.143880 0.312440 0.748219 q: 0.999742 -0.004813 -0.022181 -0.001328 
[T2xcross] t=107.6360 id=6979 est=2.7519 svd=0.0803 rel=0.9708 track=2 sf=9
[T2gate] t=107.6360 tri=24 rej=0 xrej=0 init_replace=0 gate=0
[T2slv] t=107.6360 phase=1 init_cost=491.628 final_cost=480.199 iters=9 term=1 slv_ms=12.6
[T2diag] t=107.6360 P=[0.1441 0.3124 0.7478] V=[0.0047 0.0005 -0.0028] |Bas|=0.369620 |Bgs|=0.0073763 tic0=[0.1200 0.0500 -0.0200] tic1=[0.1200 -0.0500 -0.0200] td=0.00000 track=98
[E2uls] flag=1 sh_t=107.664 new_t=107.664 dP=[0.0008 0.0007 -0.0004] |dP|=0.0011 first_dt=-1.0000
time: 107.636000, t: 0.144088 0.312412 0.747818 q: 0.999742 -0.004999 -0.022122 -0.001338 
[T2depth] t=107.7360 id=6986 src=stereo u=613.0 v=73.0 depth=2.7517 depth2=-1.0000 track=1 sf=10 flag=ok
[T2gate] t=107.7360 tri=25 rej=0 xrej=0 init_replace=0 gate=0
[T2slv] t=107.7360 phase=1 init_cost=491.777 final_cost=481.938 iters=9 term=1 slv_ms=11.3
[T2diag] t=107.7360 P=[0.1436 0.3122 0.7482] V=[-0.0043 -0.0070 0.0050] |Bas|=0.369620 |Bgs|=0.0053677 tic0=[0.1200 0.0500 -0.0200] tic1=[0.1200 -0.0500 -0.0200] td=0.00000 track=96
[E2uls] flag=1 sh_t=107.768 new_t=107.768 dP=[0.0018 0.0006 -0.0011] |dP|=0.0022 first_dt=-1.0000
time: 107.736000, t: 0.143566 0.312151 0.748171 q: 0.999735 -0.004623 -0.022525 -0.001368 
[T2gate] t=107.8360 tri=25 rej=0 xrej=0 init_replace=0 gate=0
[T2slv] t=107.8360 phase=1 init_cost=496.974 final_cost=485.99 iters=9 term=1 slv_ms=12.8
[T2diag] t=107.8360 P=[0.1432 0.3118 0.7486] V=[-0.0014 -0.0037 0.0021] |Bas|=0.369620 |Bgs|=0.0025500 tic0=[0.1200 0.0500 -0.0200] tic1=[0.1200 -0.0500 -0.0200] td=0.00000 track=96
[E2uls] flag=1 sh_t=107.880 new_t=107.880 dP=[0.0005 -0.0006 0.0002] |dP|=0.0008 first_dt=-1.0000
time: 107.836000, t: 0.143171 0.311769 0.748574 q: 0.999731 -0.004249 -0.022745 -0.001401 
[T2depth] t=107.9360 id=6994 src=stereo u=398.0 v=355.8 depth=3.1326 depth2=-1.0000 track=1 sf=10 flag=ok
[T2depth] t=107.9360 id=6996 src=stereo u=515.0 v=99.0 depth=3.8258 depth2=-1.0000 track=1 sf=10 flag=ok
[T2gate] t=107.9360 tri=28 rej=0 xrej=0 init_replace=0 gate=0
[T2slv] t=107.9360 phase=1 init_cost=493.849 final_cost=483.092 iters=9 term=1 slv_ms=14.3
[T2diag] t=107.9360 P=[0.1436 0.3122 0.7480] V=[0.0089 0.0056 -0.0049] |Bas|=0.369620 |Bgs|=0.0052551 tic0=[0.1200 0.0500 -0.0200] tic1=[0.1200 -0.0500 -0.0200] td=0.00000 track=94
[E2uls] flag=1 sh_t=107.976 new_t=107.976 dP=[0.0001 -0.0016 0.0008] |dP|=0.0018 first_dt=-1.0000
time: 107.936000, t: 0.143625 0.312219 0.748034 q: 0.999735 -0.004441 -0.022538 -0.001573 
[T2xcross] t=108.0360 id=6996 est=3.8258 svd=0.4157 rel=0.8913 track=2 sf=9
[T2depth] t=108.0360 id=7000 src=stereo u=621.0 v=73.0 depth=2.7511 depth2=-1.0000 track=1 sf=10 flag=ok
[T2gate] t=108.0360 tri=25 rej=0 xrej=0 init_replace=0 gate=0
[T2slv] t=108.0360 phase=1 init_cost=489.257 final_cost=477.305 iters=9 term=1 slv_ms=14.0
[T2diag] t=108.0360 P=[0.1435 0.3121 0.7482] V=[0.0001 -0.0003 0.0024] |Bas|=0.369620 |Bgs|=0.0037101 tic0=[0.1200 0.0500 -0.0200] tic1=[0.1200 -0.0500 -0.0200] td=0.00000 track=96
[E2uls] flag=1 sh_t=108.068 new_t=108.068 dP=[0.0022 0.0012 -0.0012] |dP|=0.0027 first_dt=-1.0000
time: 108.036000, t: 0.143506 0.312127 0.748226 q: 0.999737 -0.004869 -0.022352 -0.001571 
[T2gate] t=108.1360 tri=23 rej=0 xrej=0 init_replace=0 gate=0
[T2slv] t=108.1360 phase=1 init_cost=494.131 final_cost=475.233 iters=9 term=1 slv_ms=13.4
[T2diag] t=108.1360 P=[0.1434 0.3120 0.7483] V=[0.0033 -0.0016 0.0010] |Bas|=0.369620 |Bgs|=0.0062394 tic0=[0.1200 0.0500 -0.0200] tic1=[0.1200 -0.0500 -0.0200] td=0.00000 track=96
[E2uls] flag=1 sh_t=108.168 new_t=108.168 dP=[0.0008 -0.0001 0.0005] |dP|=0.0009 first_dt=-1.0000
time: 108.136000, t: 0.143426 0.312030 0.748267 q: 0.999738 -0.004823 -0.022343 -0.001442 
[T2xcross] t=108.2400 id=6994 est=3.1326 svd=0.2268 rel=0.9276 track=2 sf=9
[T2depth] t=108.2400 id=7009 src=stereo u=603.0 v=73.0 depth=2.7518 depth2=-1.0000 track=1 sf=10 flag=ok
[T2gate] t=108.2400 tri=26 rej=0 xrej=0 init_replace=0 gate=0
[T2slv] t=108.2400 phase=1 init_cost=491.767 final_cost=477.205 iters=9 term=1 slv_ms=12.5
[T2diag] t=108.2400 P=[0.1434 0.3113 0.7485] V=[0.0020 -0.0057 0.0023] |Bas|=0.369620 |Bgs|=0.0046813 tic0=[0.1200 0.0500 -0.0200] tic1=[0.1200 -0.0500 -0.0200] td=0.00000 track=95
[E2uls] flag=1 sh_t=108.272 new_t=108.272 dP=[0.0012 0.0004 -0.0002] |dP|=0.0013 first_dt=-1.0000
time: 108.240000, t: 0.143370 0.311345 0.748548 q: 0.999739 -0.004521 -0.022343 -0.001155 
[T2depth] t=108.3400 id=7005 src=motion2 u=515.9 v=98.1 depth=5.0000 depth2=-1.0000 track=2 sf=9 flag=init_neg
[T2depth] t=108.3400 id=7007 src=motion2 u=5.2 v=309.0 depth=1.3065 depth2=-1.0000 track=2 sf=9 flag=ok
[T2depth] t=108.3400 id=7013 src=stereo u=593.0 v=73.0 depth=2.7513 depth2=-1.0000 track=1 sf=10 flag=ok
[T2gate] t=108.3400 tri=25 rej=0 xrej=0 init_replace=1 gate=0
[T2slv] t=108.3400 phase=1 init_cost=490.504 final_cost=480.14 iters=9 term=1 slv_ms=15.2
[T2diag] t=108.3400 P=[0.1430 0.3108 0.7490] V=[-0.0001 -0.0037 0.0032] |Bas|=0.369620 |Bgs|=0.0036348 tic0=[0.1200 0.0500 -0.0200] tic1=[0.1200 -0.0500 -0.0200] td=0.00000 track=97
[E2uls] flag=1 sh_t=108.384 new_t=108.384 dP=[0.0017 -0.0000 -0.0003] |dP|=0.0017 first_dt=-1.0000
time: 108.340000, t: 0.143007 0.310804 0.748961 q: 0.999737 -0.004730 -0.022438 -0.001001 
[T2depth] t=108.4360 id=7015 src=stereo u=611.0 v=74.0 depth=2.7517 depth2=-1.0000 track=1 sf=10 flag=ok
[T2gate] t=108.4360 tri=23 rej=0 xrej=0 init_replace=0 gate=0
[T2slv] t=108.4360 phase=1 init_cost=496.231 final_cost=482.694 iters=9 term=1 slv_ms=10.5
[T2diag] t=108.4360 P=[0.1425 0.3105 0.7493] V=[-0.0025 -0.0025 0.0039] |Bas|=0.369620 |Bgs|=0.0082810 tic0=[0.1200 0.0500 -0.0200] tic1=[0.1200 -0.0500 -0.0200] td=0.00000 track=97
[E2uls] flag=1 sh_t=108.472 new_t=108.472 dP=[0.0014 0.0001 0.0003] |dP|=0.0014 first_dt=-1.0000
time: 108.436000, t: 0.142484 0.310481 0.749344 q: 0.999729 -0.005000 -0.022697 -0.000950 
[T2depth] t=108.5360 id=7017 src=stereo u=398.0 v=362.0 depth=3.0316 depth2=-1.0000 track=1 sf=10 flag=ok
[T2gate] t=108.5360 tri=24 rej=0 xrej=0 init_replace=0 gate=0
[T2slv] t=108.5360 phase=1 init_cost=502.653 final_cost=484.992 iters=9 term=1 slv_ms=14.4
[T2diag] t=108.5360 P=[0.1424 0.3101 0.7496] V=[-0.0000 -0.0014 0.0019] |Bas|=0.369620 |Bgs|=0.0073889 tic0=[0.1200 0.0500 -0.0200] tic1=[0.1200 -0.0500 -0.0200] td=0.00000 track=96
[E2uls] flag=1 sh_t=108.568 new_t=108.568 dP=[0.0003 0.0005 0.0002] |dP|=0.0006 first_dt=-1.0000
time: 108.536000, t: 0.142361 0.310130 0.749593 q: 0.999728 -0.005098 -0.022723 -0.000969 
[T2depth] t=108.6360 id=7024 src=stereo u=80.0 v=478.0 depth=1.5838 depth2=-1.0000 track=1 sf=10 flag=ok
[T2depth] t=108.6360 id=7025 src=stereo u=584.0 v=73.0 depth=2.7517 depth2=-1.0000 track=1 sf=10 flag=ok
[T2gate] t=108.6360 tri=28 rej=0 xrej=0 init_replace=0 gate=0
[T2slv] t=108.6360 phase=1 init_cost=491.555 final_cost=480.508 iters=9 term=1 slv_ms=13.4
[T2diag] t=108.6360 P=[0.1427 0.3107 0.7492] V=[0.0050 0.0056 -0.0045] |Bas|=0.369620 |Bgs|=0.0045036 tic0=[0.1200 0.0500 -0.0200] tic1=[0.1200 -0.0500 -0.0200] td=0.00000 track=95
[E2uls] flag=1 sh_t=108.668 new_t=108.668 dP=[-0.0002 -0.0005 0.0008] |dP|=0.0010 first_dt=-1.0000
time: 108.636000, t: 0.142702 0.310713 0.749230 q: 0.999734 -0.005234 -0.022406 -0.001250 
[T2depth] t=108.7360 id=7035 src=stereo u=633.0 v=73.0 depth=2.7512 depth2=-1.0000 track=1 sf=10 flag=ok
[T2depth] t=108.7360 id=7036 src=stereo u=309.0 v=478.0 depth=1.5839 depth2=-1.0000 track=1 sf=10 flag=ok
[T2gate] t=108.7360 tri=31 rej=0 xrej=0 init_replace=0 gate=0
[T2slv] t=108.7360 phase=1 init_cost=484.028 final_cost=473.552 iters=9 term=1 slv_ms=14.6
[T2diag] t=108.7360 P=[0.1432 0.3114 0.7487] V=[0.0049 0.0070 -0.0042] |Bas|=0.369620 |Bgs|=0.0054877 tic0=[0.1200 0.0500 -0.0200] tic1=[0.1200 -0.0500 -0.0200] td=0.00000 track=96
[E2uls] flag=1 sh_t=108.776 new_t=108.776 dP=[0.0006 0.0003 -0.0002] |dP|=0.0007 first_dt=-1.0000
time: 108.736000, t: 0.143211 0.311382 0.748734 q: 0.999740 -0.005070 -0.022157 -0.001515 
[T2xcross] t=108.8360 id=7017 est=3.0316 svd=1.9701 rel=0.3501 track=2 sf=9
[T2xcross] t=108.8360 id=7024 est=1.5838 svd=0.2384 rel=0.8495 track=2 sf=9
[T2depth] t=108.8360 id=7033 src=motion2 u=523.0 v=93.0 depth=9.6939 depth2=-1.0000 track=2 sf=9 flag=ok
[T2xcross] t=108.8360 id=7036 est=1.5839 svd=1.8663 rel=0.1513 track=2 sf=9
[T2depth] t=108.8360 id=7041 src=stereo u=637.0 v=73.0 depth=2.7518 depth2=-1.0000 track=1 sf=10 flag=ok
[T2gate] t=108.8360 tri=27 rej=0 xrej=0 init_replace=0 gate=0
[T2slv] t=108.8360 phase=1 init_cost=482.498 final_cost=472.782 iters=9 term=1 slv_ms=12.8
[T2diag] t=108.8360 P=[0.1432 0.3111 0.7486] V=[0.0023 -0.0036 0.0000] |Bas|=0.369620 |Bgs|=0.0042485 tic0=[0.1200 0.0500 -0.0200] tic1=[0.1200 -0.0500 -0.0200] td=0.00000 track=98
[E2uls] flag=1 sh_t=108.872 new_t=108.872 dP=[0.0018 0.0015 -0.0007] |dP|=0.0024 first_dt=-1.0000
time: 108.836000, t: 0.143164 0.311139 0.748638 q: 0.999743 -0.004696 -0.022142 -0.001481 
[T2gate] t=108.9360 tri=24 rej=0 xrej=0 init_replace=0 gate=0
[T2slv] t=108.9360 phase=1 init_cost=485.453 final_cost=474.633 iters=9 term=1 slv_ms=13.6
[T2diag] t=108.9360 P=[0.1430 0.3107 0.7491] V=[0.0038 -0.0024 0.0047] |Bas|=0.369620 |Bgs|=0.0065303 tic0=[0.1200 0.0500 -0.0200] tic1=[0.1200 -0.0500 -0.0200] td=0.00000 track=97
[E2uls] flag=1 sh_t=108.976 new_t=108.976 dP=[0.0014 0.0003 -0.0007] |dP|=0.0016 first_dt=-1.0000
time: 108.936000, t: 0.143033 0.310706 0.749127 q: 0.999742 -0.004779 -0.022164 -0.001389 
[T2depth] t=109.0360 id=7046 src=motion2 u=515.0 v=99.0 depth=1.1363 depth2=-1.0000 track=2 sf=9 flag=ok
[T2depth] t=109.0360 id=7052 src=stereo u=95.0 v=321.0 depth=4.5388 depth2=-1.0000 track=1 sf=10 flag=ok
[T2gate] t=109.0360 tri=26 rej=0 xrej=0 init_replace=0 gate=0
[T2slv] t=109.0360 phase=1 init_cost=487.773 final_cost=474.741 iters=9 term=1 slv_ms=14.3
[T2diag] t=109.0360 P=[0.1430 0.3110 0.7494] V=[0.0034 0.0044 0.0029] |Bas|=0.369620 |Bgs|=0.0039993 tic0=[0.1200 0.0500 -0.0200] tic1=[0.1200 -0.0500 -0.0200] td=0.00000 track=98
[E2uls] flag=1 sh_t=109.076 new_t=109.076 dP=[0.0015 -0.0001 0.0008] |dP|=0.0017 first_dt=-1.0000
time: 109.036000, t: 0.143048 0.310990 0.749415 q: 0.999742 -0.004872 -0.022137 -0.001428 
[T2xcross] t=109.1360 id=7046 est=1.1363 svd=0.0332 rel=0.9708 track=2 sf=9
[T2depth] t=109.1360 id=7057 src=stereo u=593.0 v=73.0 depth=2.5988 depth2=-1.0000 track=1 sf=10 flag=ok
[T2gate] t=109.1360 tri=25 rej=0 xrej=0 init_replace=0 gate=0
[T2slv] t=109.1360 phase=1 init_cost=491.884 final_cost=478.067 iters=9 term=1 slv_ms=16.9
[T2diag] t=109.1360 P=[0.1429 0.3101 0.7499] V=[0.0015 -0.0075 0.0051] |Bas|=0.369620 |Bgs|=0.0036319 tic0=[0.1200 0.0500 -0.0200] tic1=[0.1200 -0.0500 -0.0200] td=0.00000 track=96
[E2uls] flag=1 sh_t=109.184 new_t=109.184 dP=[0.0018 0.0024 0.0001] |dP|=0.0030 first_dt=-1.0000
time: 109.136000, t: 0.142871 0.310094 0.749950 q: 0.999740 -0.004587 -0.022322 -0.001175 
[T2depth] t=109.2360 id=7058 src=motion2 u=5.0 v=309.0 depth=1.1361 depth2=-1.0000 track=2 sf=9 flag=ok
[T2depth] t=109.2360 id=7059 src=stereo u=634.9 v=73.0 depth=2.5985 depth2=-1.0000 track=1 sf=10 flag=ok
[T2gate] t=109.2360 tri=23 rej=0 xrej=0 init_replace=0 gate=0
[T2slv] t=109.2360 phase=1 init_cost=490.061 final_cost=480.7 iters=9 term=1 slv_ms=15.7
[T2diag] t=109.2360 P=[0.1431 0.3103 0.7498] V=[0.0062 0.0068 -0.0025] |Bas|=0.369620 |Bgs|=0.0061103 tic0=[0.1200 0.0500 -0.0200] tic1=[0.1200 -0.0500 -0.0200] td=0.00000 track=97
[E2uls] flag=1 sh_t=109.280 new_t=109.280 dP=[0.0009 -0.0013 0.0014] |dP|=0.0021 first_dt=-1.0000
time: 109.236000, t: 0.143106 0.310334 0.749765 q: 0.999740 -0.004666 -0.022279 -0.001111 
[T2depth] t=109.3360 id=7065 src=stereo u=582.0 v=73.0 depth=2.5987 depth2=-1.0000 track=1 sf=10 flag=ok
[T2gate] t=109.3360 tri=24 rej=0 xrej=0 init_replace=0 gate=0
[T2slv] t=109.3360 phase=1 init_cost=489.45 final_cost=478.93 iters=9 term=1 slv_ms=13.2
[T2diag] t=109.3360 P=[0.1433 0.3103 0.7498] V=[0.0045 -0.0013 0.0008] |Bas|=0.369620 |Bgs|=0.0041493 tic0=[0.1200 0.0500 -0.0200] tic1=[0.1200 -0.0500 -0.0200] td=0.00000 track=95
[E2uls] flag=1 sh_t=109.376 new_t=109.376 dP=[0.0017 0.0015 -0.0004] |dP|=0.0023 first_dt=-1.0000
time: 109.336000, t: 0.143298 0.310283 0.749816 q: 0.999739 -0.004919 -0.022277 -0.001041 
[T2depth] t=109.4360 id=7061 src=motion2 u=515.1 v=98.9 depth=5.0000 depth2=-1.0000 track=2 sf=9 flag=init_neg
[T2gate] t=109.4360 tri=24 rej=0 xrej=0 init_replace=1 gate=0
[T2slv] t=109.4360 phase=1 init_cost=492.129 final_cost=482.739 iters=9 term=1 slv_ms=13.1
[T2diag] t=109.4360 P=[0.1432 0.3099 0.7498] V=[0.0021 -0.0037 -0.0035] |Bas|=0.369620 |Bgs|=0.0034593 tic0=[0.1200 0.0500 -0.0200] tic1=[0.1200 -0.0500 -0.0200] td=0.00000 track=96
[E2uls] flag=1 sh_t=109.472 new_t=109.472 dP=[0.0015 0.0006 -0.0005] |dP|=0.0017 first_dt=-1.0000
time: 109.436000, t: 0.143222 0.309938 0.749785 q: 0.999731 -0.004634 -0.022709 -0.000923 
[T2gate] t=109.5680 tri=24 rej=0 xrej=0 init_replace=0 gate=0
[T2slv] t=109.5680 phase=1 init_cost=510.114 final_cost=487.232 iters=9 term=1 slv_ms=15.7
[T2diag] t=109.5680 P=[0.1436 0.3098 0.7493] V=[0.0062 0.0005 -0.0034] |Bas|=0.369620 |Bgs|=0.0089397 tic0=[0.1200 0.0500 -0.0200] tic1=[0.1200 -0.0500 -0.0200] td=0.00000 track=96
[E2uls] flag=1 sh_t=109.608 new_t=109.608 dP=[0.0002 -0.0007 -0.0001] |dP|=0.0007 first_dt=-1.0000
time: 109.568000, t: 0.143615 0.309778 0.749331 q: 0.999738 -0.004539 -0.022404 -0.000816 
[T2depth] t=109.6680 id=7075 src=stereo u=80.0 v=478.0 depth=1.5839 depth2=-1.0000 track=1 sf=10 flag=ok
[T2depth] t=109.6680 id=7077 src=stereo u=599.0 v=73.0 depth=2.7516 depth2=-1.0000 track=1 sf=10 flag=ok
[T2gate] t=109.6680 tri=28 rej=0 xrej=0 init_replace=0 gate=0
[T2slv] t=109.6680 phase=1 init_cost=505.462 final_cost=482.569 iters=9 term=1 slv_ms=10.7
[T2diag] t=109.6680 P=[0.1440 0.3103 0.7488] V=[0.0064 0.0071 -0.0069] |Bas|=0.369620 |Bgs|=0.0082206 tic0=[0.1200 0.0500 -0.0200] tic1=[0.1200 -0.0500 -0.0200] td=0.00000 track=96
[E2uls] flag=1 sh_t=109.704 new_t=109.704 dP=[0.0013 -0.0004 0.0001] |dP|=0.0014 first_dt=-1.0000
time: 109.668000, t: 0.144018 0.310263 0.748834 q: 0.999741 -0.005044 -0.022189 -0.000911 
[T2xcross] t=109.8000 id=7077 est=2.7516 svd=0.0819 rel=0.9702 track=2 sf=9
[T2depth] t=109.8000 id=7078 src=motion2 u=2.0 v=303.0 depth=0.2881 depth2=-1.0000 track=2 sf=9 flag=ok
[T2gate] t=109.8000 tri=24 rej=0 xrej=0 init_replace=0 gate=0
[T2slv] t=109.8000 phase=1 init_cost=505.874 final_cost=478.2 iters=9 term=1 slv_ms=11.0
[T2diag] t=109.8000 P=[0.1443 0.3104 0.7487] V=[0.0052 0.0008 0.0015] |Bas|=0.369620 |Bgs|=0.0100029 tic0=[0.1200 0.0500 -0.0200] tic1=[0.1200 -0.0500 -0.0200] td=0.00000 track=99
[E2uls] flag=1 sh_t=109.840 new_t=109.840 dP=[0.0019 0.0016 -0.0009] |dP|=0.0026 first_dt=-1.0000
time: 109.800000, t: 0.144306 0.310432 0.748667 q: 0.999741 -0.004997 -0.022177 -0.001223 
[T2depth] t=109.9000 id=7083 src=stereo u=594.0 v=73.0 depth=2.7511 depth2=-1.0000 track=1 sf=10 flag=ok
[T2gate] t=109.9000 tri=23 rej=0 xrej=0 init_replace=0 gate=0
[T2slv] t=109.9000 phase=1 init_cost=496.319 final_cost=479.038 iters=9 term=1 slv_ms=15.7
[T2diag] t=109.9000 P=[0.1447 0.3108 0.7487] V=[0.0055 0.0025 0.0013] |Bas|=0.369620 |Bgs|=0.0068057 tic0=[0.1200 0.0500 -0.0200] tic1=[0.1200 -0.0500 -0.0200] td=0.00000 track=96
[E2uls] flag=1 sh_t=109.944 new_t=109.944 dP=[0.0011 -0.0002 0.0007] |dP|=0.0013 first_dt=-1.0000
time: 109.900000, t: 0.144651 0.310790 0.748700 q: 0.999744 -0.004731 -0.022085 -0.001666 
[T2depth] t=110.0000 id=7088 src=stereo u=581.0 v=73.0 depth=2.7517 depth2=-1.0000 track=1 sf=10 flag=ok
[T2gate] t=110.0000 tri=25 rej=0 xrej=0 init_replace=0 gate=0
[T2slv] t=110.0000 phase=1 init_cost=487.578 final_cost=477.673 iters=9 term=1 slv_ms=14.8
[T2diag] t=110.0000 P=[0.1451 0.3108 0.7487] V=[0.0068 0.0042 0.0001] |Bas|=0.369620 |Bgs|=0.0043136 tic0=[0.1200 0.0500 -0.0200] tic1=[0.1200 -0.0500 -0.0200] td=0.00000 track=96
[E2uls] flag=1 sh_t=110.040 new_t=110.040 dP=[0.0012 0.0003 0.0005] |dP|=0.0013 first_dt=-1.0000
time: 110.000000, t: 0.145128 0.310754 0.748672 q: 0.999744 -0.004932 -0.022017 -0.001825 
[T2gate] t=110.1000 tri=25 rej=0 xrej=0 init_replace=0 gate=0
[T2slv] t=110.1000 phase=1 init_cost=488.887 final_cost=478.774 iters=9 term=1 slv_ms=15.6
[T2diag] t=110.1000 P=[0.1451 0.3104 0.7491] V=[0.0037 -0.0026 0.0040] |Bas|=0.369620 |Bgs|=0.0066005 tic0=[0.1200 0.0500 -0.0200] tic1=[0.1200 -0.0500 -0.0200] td=0.00000 track=95
[E2uls] flag=1 sh_t=110.140 new_t=110.140 dP=[0.0022 0.0016 -0.0004] |dP|=0.0027 first_dt=-1.0000
time: 110.100000, t: 0.145133 0.310382 0.749083 q: 0.999742 -0.004751 -0.022133 -0.001615 
[T2depth] t=110.2000 id=7091 src=motion2 u=521.0 v=94.0 depth=5.0000 depth2=-1.0000 track=2 sf=9 flag=init_neg
[T2depth] t=110.2000 id=7093 src=stereo u=588.6 v=73.3 depth=2.7513 depth2=-1.0000 track=1 sf=10 flag=ok
[T2depth] t=110.2000 id=7097 src=stereo u=420.0 v=312.0 depth=5.2407 depth2=-1.0000 track=1 sf=10 flag=ok
[T2gate] t=110.2000 tri=28 rej=0 xrej=0 init_replace=1 gate=0
[T2slv] t=110.2000 phase=1 init_cost=498.141 final_cost=486.951 iters=9 term=1 slv_ms=16.6
[T2diag] t=110.2000 P=[0.1451 0.3094 0.7499] V=[0.0030 -0.0074 0.0073] |Bas|=0.369620 |Bgs|=0.0041366 tic0=[0.1200 0.0500 -0.0200] tic1=[0.1200 -0.0500 -0.0200] td=0.00000 track=96
[E2uls] flag=1 sh_t=110.248 new_t=110.248 dP=[0.0019 0.0014 -0.0002] |dP|=0.0024 first_dt=-1.0000
time: 110.200000, t: 0.145100 0.309380 0.749897 q: 0.999735 -0.004474 -0.022572 -0.001122 
[T2xcross] t=110.3000 id=7097 est=5.2407 svd=1.0051 rel=0.8082 track=2 sf=9
[T2gate] t=110.3000 tri=26 rej=0 xrej=0 init_replace=0 gate=0
[T2slv] t=110.3000 phase=1 init_cost=507.581 final_cost=495.624 iters=9 term=1 slv_ms=16.1
[T2diag] t=110.3000 P=[0.1449 0.3090 0.7502] V=[0.0015 -0.0017 0.0018] |Bas|=0.369620 |Bgs|=0.0033701 tic0=[0.1200 0.0500 -0.0200] tic1=[0.1200 -0.0500 -0.0200] td=0.00000 track=96
[E2uls] flag=1 sh_t=110.344 new_t=110.344 dP=[0.0017 -0.0007 0.0005] |dP|=0.0019 first_dt=-1.0000
time: 110.300000, t: 0.144885 0.309050 0.750221 q: 0.999730 -0.004370 -0.022826 -0.000712 
[T2depth] t=110.4000 id=7107 src=stereo u=249.0 v=478.0 depth=1.5826 depth2=-1.0000 track=1 sf=10 flag=ok
[T2gate] t=110.4000 tri=27 rej=0 xrej=0 init_replace=0 gate=0
[T2slv] t=110.4000 phase=1 init_cost=511.573 final_cost=496.015 iters=9 term=1 slv_ms=17.2
[T2diag] t=110.4000 P=[0.1453 0.3096 0.7495] V=[0.0089 0.0038 -0.0092] |Bas|=0.369620 |Bgs|=0.0108133 tic0=[0.1200 0.0500 -0.0200] tic1=[0.1200 -0.0500 -0.0200] td=0.00000 track=95
[E2uls] flag=1 sh_t=110.448 new_t=110.448 dP=[0.0005 -0.0012 0.0010] |dP|=0.0017 first_dt=-1.0000
time: 110.400000, t: 0.145337 0.309578 0.749519 q: 0.999730 -0.005009 -0.022659 -0.000702 
[T2depth] t=110.5040 id=7106 src=motion2 u=522.0 v=95.0 depth=5.0000 depth2=-1.0000 track=2 sf=9 flag=init_neg
[T2depth] t=110.5040 id=7112 src=stereo u=632.0 v=73.0 depth=2.7512 depth2=-1.0000 track=1 sf=10 flag=ok
[T2gate] t=110.5040 tri=27 rej=0 xrej=0 init_replace=1 gate=0
[T2slv] t=110.5040 phase=1 init_cost=514.772 final_cost=493.324 iters=9 term=1 slv_ms=16.6
[T2diag] t=110.5040 P=[0.1457 0.3101 0.7492] V=[0.0078 0.0033 -0.0027] |Bas|=0.369620 |Bgs|=0.0058022 tic0=[0.1200 0.0500 -0.0200] tic1=[0.1200 -0.0500 -0.0200] td=0.00000 track=97
[E2uls] flag=1 sh_t=110.552 new_t=110.552 dP=[0.0025 0.0006 -0.0013] |dP|=0.0029 first_dt=-1.0000
time: 110.504000, t: 0.145707 0.310107 0.749172 q: 0.999729 -0.004989 -0.022709 -0.001082 
[T2xcross] t=110.6400 id=7106 est=5.0000 svd=0.2671 rel=0.9466 track=2 sf=9
[T2depth] t=110.6400 id=7115 src=stereo u=621.0 v=74.0 depth=2.5988 depth2=-1.0000 track=1 sf=10 flag=ok
[T2gate] t=110.6400 tri=26 rej=0 xrej=0 init_replace=0 gate=0
[T2slv] t=110.6400 phase=1 init_cost=511.742 final_cost=497.054 iters=9 term=1 slv_ms=15.6
[T2diag] t=110.6400 P=[0.1456 0.3092 0.7495] V=[0.0017 -0.0010 0.0043] |Bas|=0.369620 |Bgs|=0.0017853 tic0=[0.1200 0.0500 -0.0200] tic1=[0.1200 -0.0500 -0.0200] td=0.00000 track=93
[E2uls] flag=1 sh_t=110.680 new_t=110.680 dP=[0.0025 0.0023 -0.0007] |dP|=0.0034 first_dt=-1.0000
time: 110.640000, t: 0.145581 0.309192 0.749468 q: 0.999724 -0.004541 -0.023016 -0.001511 
[T2depth] t=110.7360 id=7119 src=stereo u=251.8 v=477.8 depth=1.5821 depth2=-1.0000 track=1 sf=10 flag=ok
[T2depth] t=110.7360 id=7120 src=stereo u=82.8 v=351.7 depth=3.2652 depth2=-1.0000 track=1 sf=10 flag=ok
[T2gate] t=110.7360 tri=28 rej=0 xrej=0 init_replace=0 gate=0
[T2slv] t=110.7360 phase=1 init_cost=509.659 final_cost=497.331 iters=9 term=1 slv_ms=13.1
[T2diag] t=110.7360 P=[0.1457 0.3094 0.7493] V=[0.0022 0.0040 -0.0013] |Bas|=0.369620 |Bgs|=0.0107060 tic0=[0.1200 0.0500 -0.0200] tic1=[0.1200 -0.0500 -0.0200] td=0.00000 track=93
[E2uls] flag=1 sh_t=110.776 new_t=110.776 dP=[0.0006 -0.0006 0.0012] |dP|=0.0014 first_dt=-1.0000
time: 110.736000, t: 0.145691 0.309442 0.749305 q: 0.999725 -0.004904 -0.022865 -0.001762 
[T2depth] t=110.8360 id=7118 src=motion2 u=519.1 v=95.9 depth=0.0971 depth2=-1.0000 track=2 sf=9 flag=ok
[T2depth] t=110.8360 id=7124 src=stereo u=248.0 v=477.8 depth=1.5815 depth2=-1.0000 track=1 sf=10 flag=ok
[T2depth] t=110.8360 id=7127 src=stereo u=416.0 v=478.0 depth=1.5784 depth2=-1.0000 track=1 sf=10 flag=ok
[T2depth] t=110.8360 id=7128 src=stereo u=613.0 v=74.0 depth=2.7518 depth2=-1.0000 track=1 sf=10 flag=ok
[T2gate] t=110.8360 tri=29 rej=0 xrej=0 init_replace=0 gate=0
[T2slv] t=110.8360 phase=1 init_cost=502.179 final_cost=491.09 iters=9 term=1 slv_ms=14.5
[T2diag] t=110.8360 P=[0.1460 0.3103 0.7485] V=[0.0050 0.0097 -0.0070] |Bas|=0.369620 |Bgs|=0.0021318 tic0=[0.1200 0.0500 -0.0200] tic1=[0.1200 -0.0500 -0.0200] td=0.00000 track=94
[E2uls] flag=1 sh_t=110.880 new_t=110.880 dP=[0.0005 -0.0004 0.0010] |dP|=0.0012 first_dt=-1.0000
time: 110.836000, t: 0.145993 0.310328 0.748506 q: 0.999726 -0.005541 -0.022670 -0.001849 
[T2xcross] t=110.9360 id=7120 est=3.2652 svd=0.9584 rel=0.7065 track=2 sf=9
[T2xcross] t=110.9360 id=7124 est=1.5815 svd=1.2563 rel=0.2057 track=2 sf=9
[T2xcross] t=110.9360 id=7127 est=1.5784 svd=1.5506 rel=0.0176 track=2 sf=9
[T2depth] t=110.9360 id=7131 src=stereo u=636.7 v=72.9 depth=2.7511 depth2=-1.0000 track=1 sf=10 flag=ok
[T2depth] t=110.9360 id=7133 src=stereo u=420.1 v=312.0 depth=5.2056 depth2=-1.0000 track=1 sf=10 flag=ok
[T2gate] t=110.9360 tri=28 rej=0 xrej=0 init_replace=0 gate=0
[T2slv] t=110.9360 phase=1 init_cost=495.927 final_cost=486.126 iters=9 term=1 slv_ms=14.3
[T2diag] t=110.9360 P=[0.1461 0.3111 0.7482] V=[0.0036 0.0077 -0.0032] |Bas|=0.369620 |Bgs|=0.0035802 tic0=[0.1200 0.0500 -0.0200] tic1=[0.1200 -0.0500 -0.0200] td=0.00000 track=96
[E2uls] flag=1 sh_t=110.976 new_t=110.976 dP=[0.0012 0.0012 -0.0009] |dP|=0.0019 first_dt=-1.0000
time: 110.936000, t: 0.146123 0.311061 0.748208 q: 0.999731 -0.005472 -0.022467 -0.001709 
[T2depth] t=111.0360 id=7139 src=motion2 u=2.0 v=304.0 depth=0.2829 depth2=-1.0000 track=2 sf=9 flag=ok
[T2gate] t=111.0360 tri=24 rej=0 xrej=0 init_replace=0 gate=0
[T2slv] t=111.0360 phase=1 init_cost=500.845 final_cost=487.026 iters=9 term=1 slv_ms=14.1
[T2diag] t=111.0360 P=[0.1459 0.3103 0.7481] V=[0.0003 -0.0031 0.0002] |Bas|=0.369620 |Bgs|=0.0032093 tic0=[0.1200 0.0500 -0.0200] tic1=[0.1200 -0.0500 -0.0200] td=0.00000 track=96
[E2uls] flag=1 sh_t=111.080 new_t=111.080 dP=[0.0018 0.0030 -0.0005] |dP|=0.0035 first_dt=-1.0000
time: 111.036000, t: 0.145921 0.310337 0.748128 q: 0.999732 -0.004940 -0.022570 -0.001170 
[T2depth] t=111.1360 id=7141 src=stereo u=417.1 v=478.2 depth=1.5753 depth2=-1.0000 track=1 sf=10 flag=ok
[T2gate] t=111.1360 tri=22 rej=0 xrej=0 init_replace=0 gate=0
[T2slv] t=111.1360 phase=1 init_cost=503.476 final_cost=493.247 iters=9 term=1 slv_ms=13.5
[T2diag] t=111.1360 P=[0.1453 0.3104 0.7486] V=[-0.0030 0.0003 0.0069] |Bas|=0.369620 |Bgs|=0.0085500 tic0=[0.1200 0.0500 -0.0200] tic1=[0.1200 -0.0500 -0.0200] td=0.00000 track=95
[E2uls] flag=1 sh_t=111.176 new_t=111.176 dP=[0.0019 -0.0002 -0.0002] |dP|=0.0019 first_dt=-1.0000
time: 111.136000, t: 0.145329 0.310414 0.748622 q: 0.999731 -0.004577 -0.022714 -0.000865 
[T2depth] t=111.2360 id=7143 src=stereo u=606.0 v=73.0 depth=2.5988 depth2=-1.0000 track=1 sf=10 flag=ok
[T2depth] t=111.2360 id=7144 src=stereo u=252.1 v=478.0 depth=1.5791 depth2=-1.0000 track=1 sf=10 flag=ok
[T2gate] t=111.2360 tri=24 rej=0 xrej=0 init_replace=0 gate=0
[T2slv] t=111.2360 phase=1 init_cost=509.195 final_cost=496.875 iters=9 term=1 slv_ms=13.7
[T2diag] t=111.2360 P=[0.1449 0.3104 0.7489] V=[0.0005 -0.0003 0.0016] |Bas|=0.369620 |Bgs|=0.0023197 tic0=[0.1200 0.0500 -0.0200] tic1=[0.1200 -0.0500 -0.0200] td=0.00000 track=95
[E2uls] flag=1 sh_t=111.272 new_t=111.272 dP=[0.0009 0.0000 0.0008] |dP|=0.0012 first_dt=-1.0000
time: 111.236000, t: 0.144945 0.310428 0.748925 q: 0.999730 -0.004602 -0.022748 -0.000742 
[T2depth] t=111.3360 id=7146 src=stereo u=622.0 v=73.0 depth=2.7512 depth2=-1.0000 track=1 sf=10 flag=ok
[T2gate] t=111.3360 tri=24 rej=0 xrej=0 init_replace=0 gate=0
[T2slv] t=111.3360 phase=1 init_cost=506.22 final_cost=494.61 iters=9 term=1 slv_ms=12.3
[T2diag] t=111.3360 P=[0.1450 0.3112 0.7483] V=[0.0023 0.0086 -0.0070] |Bas|=0.369620 |Bgs|=0.0043268 tic0=[0.1200 0.0500 -0.0200] tic1=[0.1200 -0.0500 -0.0200] td=0.00000 track=95
[E2uls] flag=1 sh_t=111.364 new_t=111.364 dP=[0.0005 -0.0007 0.0012] |dP|=0.0014 first_dt=-1.0000
time: 111.336000, t: 0.145013 0.311214 0.748279 q: 0.999731 -0.004832 -0.022664 -0.000982 
[T2xcross] t=111.4680 id=7141 est=1.5753 svd=2.2263 rel=0.2924 track=2 sf=9
[T2xcross] t=111.4680 id=7144 est=1.5791 svd=1.5870 rel=0.0049 track=2 sf=9
[T2depth] t=111.4680 id=7148 src=stereo u=616.0 v=73.0 depth=2.7516 depth2=-1.0000 track=1 sf=10 flag=ok
[T2gate] t=111.4680 tri=25 rej=0 xrej=0 init_replace=0 gate=0
[T2slv] t=111.4680 phase=1 init_cost=501.636 final_cost=492.109 iters=9 term=1 slv_ms=15.8
[T2diag] t=111.4680 P=[0.1447 0.3115 0.7481] V=[0.0007 -0.0000 0.0016] |Bas|=0.369620 |Bgs|=0.0030132 tic0=[0.1200 0.0500 -0.0200] tic1=[0.1200 -0.0500 -0.0200] td=0.00000 track=95
[E2uls] flag=1 sh_t=111.508 new_t=111.508 dP=[0.0018 0.0014 -0.0008] |dP|=0.0024 first_dt=-1.0000
time: 111.468000, t: 0.144692 0.311517 0.748054 q: 0.999731 -0.004763 -0.022663 -0.001201 
[T2depth] t=111.6000 id=7149 src=motion2 u=517.0 v=98.0 depth=0.0217 depth2=-1.0000 track=2 sf=9 flag=ok
[T2gate] t=111.6000 tri=23 rej=0 xrej=0 init_replace=0 gate=0
[T2slv] t=111.6000 phase=1 init_cost=498.794 final_cost=488.275 iters=9 term=1 slv_ms=17.3
[T2diag] t=111.6000 P=[0.1447 0.3123 0.7478] V=[0.0017 0.0090 -0.0018] |Bas|=0.369620 |Bgs|=0.0047354 tic0=[0.1200 0.0500 -0.0200] tic1=[0.1200 -0.0500 -0.0200] td=0.00000 track=96
[E2uls] flag=1 sh_t=111.648 new_t=111.648 dP=[0.0012 -0.0006 0.0006] |dP|=0.0015 first_dt=-1.0000
time: 111.600000, t: 0.144690 0.312334 0.747825 q: 0.999739 -0.004811 -0.022280 -0.001415 
[T2depth] t=111.7000 id=7153 src=stereo u=588.0 v=72.0 depth=2.7527 depth2=-1.0000 track=1 sf=10 flag=ok
[T2depth] t=111.7000 id=7154 src=stereo u=84.0 v=351.0 depth=3.2499 depth2=-1.0000 track=1 sf=10 flag=ok
[T2gate] t=111.7000 tri=24 rej=0 xrej=0 init_replace=0 gate=0
[T2slv] t=111.7000 phase=1 init_cost=494.39 final_cost=483.328 iters=9 term=1 slv_ms=16.0
[T2diag] t=111.7000 P=[0.1448 0.3131 0.7474] V=[0.0058 0.0080 -0.0019] |Bas|=0.369620 |Bgs|=0.0030023 tic0=[0.1200 0.0500 -0.0200] tic1=[0.1200 -0.0500 -0.0200] td=0.00000 track=96
[E2uls] flag=1 sh_t=111.736 new_t=111.736 dP=[0.0012 0.0011 0.0008] |dP|=0.0018 first_dt=-1.0000
time: 111.700000, t: 0.144794 0.313099 0.747376 q: 0.999743 -0.004599 -0.022150 -0.001549 
[T2xcross] t=111.8000 id=7154 est=3.2499 svd=1.1398 rel=0.6493 track=2 sf=9
[T2depth] t=111.8000 id=7158 src=stereo u=421.0 v=312.0 depth=5.1381 depth2=-1.0000 track=1 sf=10 flag=ok
[T2gate] t=111.8000 tri=26 rej=0 xrej=0 init_replace=0 gate=0
[T2slv] t=111.8000 phase=1 init_cost=495.216 final_cost=484.96 iters=9 term=1 slv_ms=16.4
[T2diag] t=111.8000 P=[0.1442 0.3126 0.7476] V=[-0.0024 -0.0023 0.0052] |Bas|=0.369620 |Bgs|=0.0070551 tic0=[0.1200 0.0500 -0.0200] tic1=[0.1200 -0.0500 -0.0200] td=0.00000 track=96
[E2uls] flag=1 sh_t=111.840 new_t=111.840 dP=[0.0029 0.0024 -0.0002] |dP|=0.0037 first_dt=-1.0000
time: 111.800000, t: 0.144166 0.312568 0.747611 q: 0.999741 -0.004329 -0.022321 -0.001358 
[T2depth] t=111.9000 id=7157 src=motion2 u=514.0 v=99.0 depth=5.0000 depth2=-1.0000 track=2 sf=9 flag=init_neg
[T2depth] t=111.9000 id=7164 src=stereo u=613.0 v=73.0 depth=2.7516 depth2=-1.0000 track=1 sf=10 flag=ok
[T2gate] t=111.9000 tri=27 rej=0 xrej=0 init_replace=1 gate=0
[T2slv] t=111.9000 phase=1 init_cost=503.315 final_cost=490.189 iters=9 term=1 slv_ms=17.2
[T2diag] t=111.9000 P=[0.1435 0.3118 0.7481] V=[-0.0060 -0.0043 0.0035] |Bas|=0.369620 |Bgs|=0.0048733 tic0=[0.1200 0.0500 -0.0200] tic1=[0.1200 -0.0500 -0.0200] td=0.00000 track=97
[E2uls] flag=1 sh_t=111.944 new_t=111.944 dP=[0.0007 0.0009 0.0001] |dP|=0.0012 first_dt=-1.0000
time: 111.900000, t: 0.143547 0.311813 0.748086 q: 0.999737 -0.004433 -0.022491 -0.001094 
[T2depth] t=111.9720 id=7167 src=stereo u=81.0 v=478.0 depth=1.5825 depth2=-1.0000 track=1 sf=10 flag=ok
[T2depth] t=111.9720 id=7168 src=stereo u=586.0 v=73.0 depth=2.7504 depth2=-1.0000 track=1 sf=10 flag=ok
[T2gate] t=111.9720 tri=27 rej=0 xrej=0 init_replace=0 gate=0
[T2slv] t=111.9720 phase=1 init_cost=500.992 final_cost=489.885 iters=9 term=1 slv_ms=14.5
[T2diag] t=111.9720 P=[0.1437 0.3123 0.7479] V=[0.0049 0.0055 -0.0056] |Bas|=0.369620 |Bgs|=0.0090436 tic0=[0.1200 0.0500 -0.0200] tic1=[0.1200 -0.0500 -0.0200] td=0.00000 track=97
[E2uls] flag=1 sh_t=112.016 new_t=112.016 dP=[-0.0005 -0.0010 0.0005] |dP|=0.0012 first_dt=-1.0000
time: 111.972000, t: 0.143694 0.312319 0.747882 q: 0.999740 -0.004552 -0.022317 -0.001085 
[T2depth] t=112.1000 id=7173 src=stereo u=82.0 v=478.0 depth=1.5785 depth2=-1.0000 track=1 sf=10 flag=ok
[T2depth] t=112.1000 id=7174 src=stereo u=602.0 v=72.0 depth=2.5990 depth2=-1.0000 track=1 sf=10 flag=ok
[T2depth] t=112.1000 id=7175 src=stereo u=421.0 v=311.0 depth=5.3624 depth2=-1.0000 track=1 sf=10 flag=ok
[T2gate] t=112.1000 tri=28 rej=0 xrej=0 init_replace=0 gate=0
[T2slv] t=112.1000 phase=1 init_cost=496.938 final_cost=483.754 iters=9 term=1 slv_ms=11.7
[T2diag] t=112.1000 P=[0.1440 0.3137 0.7471] V=[0.0067 0.0114 -0.0026] |Bas|=0.369620 |Bgs|=0.0073405 tic0=[0.1200 0.0500 -0.0200] tic1=[0.1200 -0.0500 -0.0200] td=0.00000 track=96
[E2uls] flag=1 sh_t=112.128 new_t=112.128 dP=[0.0016 0.0001 0.0000] |dP|=0.0016 first_dt=-1.0000
time: 112.100000, t: 0.143995 0.313688 0.747117 q: 0.999744 -0.004800 -0.022084 -0.001348 
[T2depth] t=112.2000 id=7171 src=motion2 u=514.6 v=99.2 depth=1.0632 depth2=-1.0000 track=2 sf=9 flag=ok
[T2xcross] t=112.2000 id=7173 est=1.5785 svd=0.7509 rel=0.5243 track=2 sf=9
[T2depth] t=112.2000 id=7179 src=stereo u=627.0 v=73.0 depth=2.7518 depth2=-1.0000 track=1 sf=10 flag=ok
[T2gate] t=112.2000 tri=28 rej=0 xrej=0 init_replace=0 gate=0
[T2slv] t=112.2000 phase=1 init_cost=492.747 final_cost=482.403 iters=9 term=1 slv_ms=11.0
[T2diag] t=112.2000 P=[0.1436 0.3127 0.7477] V=[-0.0006 -0.0083 0.0055] |Bas|=0.369620 |Bgs|=0.0051644 tic0=[0.1200 0.0500 -0.0200] tic1=[0.1200 -0.0500 -0.0200] td=0.00000 track=97
[E2uls] flag=1 sh_t=112.224 new_t=112.224 dP=[0.0019 0.0031 -0.0009] |dP|=0.0037 first_dt=-1.0000
time: 112.200000, t: 0.143586 0.312677 0.747686 q: 0.999741 -0.004527 -0.022257 -0.001265 
[T2depth] t=112.3000 id=7177 src=motion2 u=2.8 v=303.3 depth=5.0000 depth2=-1.0000 track=2 sf=9 flag=init_neg
[T2xcross] t=112.3000 id=7179 est=2.7518 svd=0.0149 rel=0.9946 track=2 sf=9
[T2depth] t=112.3000 id=7182 src=stereo u=572.9 v=478.0 depth=1.5784 depth2=-1.0000 track=1 sf=10 flag=ok
[T2depth] t=112.3000 id=7183 src=stereo u=420.9 v=312.0 depth=5.1372 depth2=-1.0000 track=1 sf=10 flag=ok
[T2gate] t=112.3000 tri=29 rej=0 xrej=0 init_replace=1 gate=0
[T2slv] t=112.3000 phase=1 init_cost=496.35 final_cost=486.197 iters=9 term=1 slv_ms=11.0
[T2diag] t=112.3000 P=[0.1434 0.3118 0.7482] V=[0.0016 -0.0056 0.0052] |Bas|=0.369620 |Bgs|=0.0058285 tic0=[0.1200 0.0500 -0.0200] tic1=[0.1200 -0.0500 -0.0200] td=0.00000 track=97
[E2uls] flag=1 sh_t=112.328 new_t=112.328 dP=[0.0006 -0.0004 0.0002] |dP|=0.0008 first_dt=-1.0000
time: 112.300000, t: 0.143434 0.311846 0.748166 q: 0.999742 -0.004340 -0.022283 -0.001242 
[T2xcross] t=112.4000 id=7183 est=5.1372 svd=0.4480 rel=0.9128 track=2 sf=9
[T2gate] t=112.4000 tri=24 rej=0 xrej=0 init_replace=0 gate=0
[T2slv] t=112.4000 phase=1 init_cost=508.502 final_cost=491.889 iters=9 term=1 slv_ms=10.6
[T2diag] t=112.4000 P=[0.1429 0.3105 0.7487] V=[-0.0027 -0.0114 0.0041] |Bas|=0.369620 |Bgs|=0.0080278 tic0=[0.1200 0.0500 -0.0200] tic1=[0.1200 -0.0500 -0.0200] td=0.00000 track=96
[E2uls] flag=1 sh_t=112.424 new_t=112.424 dP=[0.0018 0.0008 -0.0002] |dP|=0.0020 first_dt=-1.0000
time: 112.400000, t: 0.142873 0.310467 0.748692 q: 0.999733 -0.004623 -0.022609 -0.001033 
[T2depth] t=112.5000 id=7188 src=motion2 u=522.3 v=94.8 depth=0.0517 depth2=-1.0000 track=2 sf=9 flag=ok
[T2depth] t=112.5000 id=7191 src=stereo u=571.9 v=477.7 depth=1.5854 depth2=-1.0000 track=1 sf=10 flag=ok
[T2depth] t=112.5000 id=7192 src=stereo u=80.0 v=478.0 depth=1.5840 depth2=-1.0000 track=1 sf=10 flag=ok
[T2gate] t=112.5000 tri=27 rej=0 xrej=0 init_replace=0 gate=0
[T2slv] t=112.5000 phase=1 init_cost=519.738 final_cost=493.497 iters=9 term=1 slv_ms=10.9
[T2diag] t=112.5000 P=[0.1429 0.3105 0.7490] V=[0.0032 0.0008 0.0026] |Bas|=0.369620 |Bgs|=0.0097730 tic0=[0.1200 0.0500 -0.0200] tic1=[0.1200 -0.0500 -0.0200] td=0.00000 track=96
[E2uls] flag=1 sh_t=112.528 new_t=112.528 dP=[-0.0001 -0.0012 0.0002] |dP|=0.0012 first_dt=-1.0000
time: 112.500000, t: 0.142935 0.310479 0.749030 q: 0.999738 -0.005169 -0.022258 -0.000989 
[T2xcross] t=112.6000 id=7191 est=1.5854 svd=0.4150 rel=0.7382 track=2 sf=9
[T2xcross] t=112.6000 id=7192 est=1.5840 svd=0.4243 rel=0.7321 track=2 sf=9
[T2depth] t=112.6000 id=7201 src=stereo u=414.0 v=478.0 depth=1.5729 depth2=-1.0000 track=1 sf=10 flag=ok
[T2depth] t=112.6000 id=7202 src=stereo u=588.0 v=73.0 depth=2.7510 depth2=-1.0000 track=1 sf=10 flag=ok
[T2gate] t=112.6000 tri=29 rej=0 xrej=0 init_replace=0 gate=0
[T2slv] t=112.6000 phase=1 init_cost=507.59 final_cost=489.762 iters=9 term=1 slv_ms=10.8
[T2diag] t=112.6000 P=[0.1432 0.3107 0.7485] V=[0.0053 0.0028 -0.0052] |Bas|=0.369620 |Bgs|=0.0052904 tic0=[0.1200 0.0500 -0.0200] tic1=[0.1200 -0.0500 -0.0200] td=0.00000 track=96
[E2uls] flag=1 sh_t=112.624 new_t=112.624 dP=[0.0009 0.0002 0.0011] |dP|=0.0015 first_dt=-1.0000
time: 112.600000, t: 0.143199 0.310670 0.748524 q: 0.999741 -0.005030 -0.022195 -0.000916 
[T2depth] t=112.7000 id=7197 src=motion2 u=519.3 v=96.8 depth=5.0000 depth2=-1.0000 track=2 sf=9 flag=init_neg
[T2depth] t=112.7000 id=7205 src=stereo u=608.0 v=73.0 depth=2.7516 depth2=-1.0000 track=1 sf=10 flag=ok
[T2gate] t=112.7000 tri=26 rej=0 xrej=0 init_replace=1 gate=0
[T2slv] t=112.7000 phase=1 init_cost=503.504 final_cost=492.241 iters=9 term=1 slv_ms=11.1
[T2diag] t=112.7000 P=[0.1428 0.3099 0.7488] V=[-0.0003 -0.0045 0.0022] |Bas|=0.369620 |Bgs|=0.0037532 tic0=[0.1200 0.0500 -0.0200] tic1=[0.1200 -0.0500 -0.0200] td=0.00000 track=96
[E2uls] flag=1 sh_t=112.728 new_t=112.728 dP=[0.0022 0.0018 -0.0015] |dP|=0.0032 first_dt=-1.0000
time: 112.700000, t: 0.142768 0.309891 0.748829 q: 0.999736 -0.004779 -0.022457 -0.000693 
[T2depth] t=112.8000 id=7204 src=motion2 u=3.5 v=303.2 depth=5.0000 depth2=-1.0000 track=2 sf=9 flag=init_neg
[T2depth] t=112.8000 id=7206 src=stereo u=582.0 v=73.0 depth=2.7518 depth2=-1.0000 track=1 sf=10 flag=ok
[T2gate] t=112.8000 tri=23 rej=0 xrej=0 init_replace=1 gate=0
[T2slv] t=112.8000 phase=1 init_cost=510.085 final_cost=496.808 iters=9 term=1 slv_ms=11.3
[T2diag] t=112.8000 P=[0.1428 0.3096 0.7488] V=[0.0020 -0.0040 0.0022] |Bas|=0.369620 |Bgs|=0.0037979 tic0=[0.1200 0.0500 -0.0200] tic1=[0.1200 -0.0500 -0.0200] td=0.00000 track=97
[E2uls] flag=1 sh_t=112.824 new_t=112.824 dP=[0.0002 -0.0003 0.0004] |dP|=0.0006 first_dt=-1.0000
time: 112.800000, t: 0.142769 0.309628 0.748836 q: 0.999735 -0.004781 -0.022512 -0.000635 
[T2xcross] t=112.9000 id=7201 est=1.5729 svd=0.5753 rel=0.6343 track=2 sf=9
[T2depth] t=112.9000 id=7207 src=stereo u=84.0 v=351.0 depth=3.2487 depth2=-1.0000 track=1 sf=10 flag=ok
[T2gate] t=112.9000 tri=23 rej=0 xrej=0 init_replace=0 gate=0
[T2slv] t=112.9000 phase=1 init_cost=505.108 final_cost=494.971 iters=9 term=1 slv_ms=11.3
[T2diag] t=112.9000 P=[0.1429 0.3096 0.7488] V=[0.0033 0.0010 -0.0014] |Bas|=0.369620 |Bgs|=0.0048860 tic0=[0.1200 0.0500 -0.0200] tic1=[0.1200 -0.0500 -0.0200] td=0.00000 track=97
[E2uls] flag=1 sh_t=112.928 new_t=112.928 dP=[0.0005 -0.0003 0.0004] |dP|=0.0007 first_dt=-1.0000
time: 112.900000, t: 0.142887 0.309600 0.748849 q: 0.999736 -0.005082 -0.022382 -0.000707 
[T2depth] t=113.0000 id=7209 src=stereo u=80.0 v=478.0 depth=1.5832 depth2=-1.0000 track=1 sf=10 flag=ok
[T2depth] t=113.0000 id=7214 src=stereo u=600.0 v=73.0 depth=2.7511 depth2=-1.0000 track=1 sf=10 flag=ok
[T2gate] t=113.0000 tri=26 rej=0 xrej=0 init_replace=0 gate=0
[T2slv] t=113.0000 phase=1 init_cost=504.453 final_cost=491.414 iters=9 term=1 slv_ms=10.6
[T2diag] t=113.0000 P=[0.1431 0.3100 0.7488] V=[0.0051 0.0027 -0.0011] |Bas|=0.369620 |Bgs|=0.0053946 tic0=[0.1200 0.0500 -0.0200] tic1=[0.1200 -0.0500 -0.0200] td=0.00000 track=97
[E2uls] flag=1 sh_t=113.024 new_t=113.024 dP=[0.0007 0.0001 -0.0004] |dP|=0.0008 first_dt=-1.0000
time: 113.000000, t: 0.143103 0.309955 0.748750 q: 0.999738 -0.005127 -0.022292 -0.000866 
[T2depth] t=113.1000 id=7218 src=stereo u=309.1 v=477.9 depth=1.5823 depth2=-1.0000 track=1 sf=10 flag=ok
[T2depth] t=113.1000 id=7221 src=stereo u=585.0 v=73.0 depth=2.7513 depth2=-1.0000 track=1 sf=10 flag=ok
[T2gate] t=113.1000 tri=27 rej=0 xrej=0 init_replace=0 gate=0
[T2slv] t=113.1000 phase=1 init_cost=498.407 final_cost=488.641 iters=9 term=1 slv_ms=10.9
[T2diag] t=113.1000 P=[0.1435 0.3099 0.7483] V=[0.0070 0.0034 -0.0040] |Bas|=0.369620 |Bgs|=0.0032349 tic0=[0.1200 0.0500 -0.0200] tic1=[0.1200 -0.0500 -0.0200] td=0.00000 track=98
[E2uls] flag=1 sh_t=113.128 new_t=113.128 dP=[0.0007 0.0007 0.0005] |dP|=0.0011 first_dt=-1.0000
time: 113.100000, t: 0.143501 0.309910 0.748271 q: 0.999740 -0.005064 -0.022227 -0.000805 
[T2gate] t=113.2000 tri=26 rej=0 xrej=0 init_replace=0 gate=0
[T2slv] t=113.2000 phase=1 init_cost=500.818 final_cost=488.559 iters=9 term=1 slv_ms=10.7
[T2diag] t=113.2000 P=[0.1436 0.3094 0.7485] V=[0.0028 -0.0040 0.0017] |Bas|=0.369620 |Bgs|=0.0065123 tic0=[0.1200 0.0500 -0.0200] tic1=[0.1200 -0.0500 -0.0200] td=0.00000 track=95
[E2uls] flag=1 sh_t=113.224 new_t=113.224 dP=[0.0015 0.0013 -0.0010] |dP|=0.0023 first_dt=-1.0000
time: 113.200000, t: 0.143591 0.309427 0.748525 q: 0.999745 -0.004517 -0.022111 -0.000495 
[T2xcross] t=113.3000 id=7209 est=1.5832 svd=0.9450 rel=0.4031 track=2 sf=9
[T2depth] t=113.3000 id=7225 src=motion2 u=27.0 v=466.0 depth=0.9241 depth2=-1.0000 track=2 sf=9 flag=ok
[T2depth] t=113.3000 id=7228 src=stereo u=85.0 v=351.0 depth=3.2504 depth2=-1.0000 track=1 sf=10 flag=ok
[T2gate] t=113.3000 tri=28 rej=0 xrej=0 init_replace=0 gate=0
[T2slv] t=113.3000 phase=1 init_cost=502.084 final_cost=491.642 iters=9 term=1 slv_ms=17.7
[T2diag] t=113.3000 P=[0.1433 0.3094 0.7491] V=[0.0001 0.0013 0.0048] |Bas|=0.369620 |Bgs|=0.0041663 tic0=[0.1200 0.0500 -0.0200] tic1=[0.1200 -0.0500 -0.0200] td=0.00000 track=96
[E2uls] flag=1 sh_t=113.328 new_t=113.328 dP=[0.0013 -0.0002 -0.0006] |dP|=0.0015 first_dt=-1.0000
time: 113.300000, t: 0.143317 0.309418 0.749127 q: 0.999743 -0.004606 -0.022177 -0.000427 
[T2xcross] t=113.4000 id=7228 est=3.2504 svd=0.1035 rel=0.9682 track=2 sf=9
[T2depth] t=113.4000 id=7230 src=motion2 u=5.0 v=309.0 depth=0.0136 depth2=-1.0000 track=2 sf=9 flag=ok
[T2depth] t=113.4000 id=7231 src=motion2 u=514.0 v=100.0 depth=5.0000 depth2=-1.0000 track=2 sf=9 flag=init_neg
[T2gate] t=113.4000 tri=26 rej=0 xrej=0 init_replace=1 gate=0
[T2slv] t=113.4000 phase=1 init_cost=508.373 final_cost=494.296 iters=9 term=1 slv_ms=17.6
[T2diag] t=113.4000 P=[0.1434 0.3094 0.7494] V=[0.0025 -0.0008 0.0000] |Bas|=0.369620 |Bgs|=0.0053795 tic0=[0.1200 0.0500 -0.0200] tic1=[0.1200 -0.0500 -0.0200] td=0.00000 track=98
[E2uls] flag=1 sh_t=113.432 new_t=113.432 dP=[0.0007 0.0002 -0.0001] |dP|=0.0007 first_dt=-1.0000
time: 113.400000, t: 0.143359 0.309429 0.749368 q: 0.999743 -0.004469 -0.022233 -0.000513 
[T2depth] t=113.5000 id=7234 src=motion2 u=8.0 v=477.0 depth=5.0000 depth2=-1.0000 track=2 sf=9 flag=init_neg
[T2depth] t=113.5000 id=7237 src=stereo u=417.0 v=478.0 depth=1.5774 depth2=-1.0000 track=1 sf=10 flag=ok
[T2gate] t=113.5000 tri=24 rej=0 xrej=0 init_replace=1 gate=0
[T2slv] t=113.5000 phase=1 init_cost=511.242 final_cost=497.908 iters=9 term=1 slv_ms=10.9
[T2diag] t=113.5000 P=[0.1431 0.3091 0.7500] V=[0.0026 -0.0038 0.0050] |Bas|=0.369620 |Bgs|=0.0047264 tic0=[0.1200 0.0500 -0.0200] tic1=[0.1200 -0.0500 -0.0200] td=0.00000 track=97
[E2uls] flag=1 sh_t=113.520 new_t=113.520 dP=[0.0012 0.0003 -0.0006] |dP|=0.0014 first_dt=-1.0000
time: 113.500000, t: 0.143132 0.309097 0.749960 q: 0.999738 -0.004668 -0.022411 -0.000717 
[T2depth] t=113.6000 id=7238 src=stereo u=417.0 v=478.0 depth=1.5774 depth2=-1.0000 track=1 sf=10 flag=ok
[T2depth] t=113.6000 id=7239 src=stereo u=581.0 v=73.0 depth=2.7518 depth2=-1.0000 track=1 sf=10 flag=ok
[T2gate] t=113.6000 tri=23 rej=0 xrej=0 init_replace=0 gate=0
[T2slv] t=113.6000 phase=1 init_cost=512.321 final_cost=499.923 iters=9 term=1 slv_ms=11.0
[T2diag] t=113.6000 P=[0.1433 0.3091 0.7504] V=[0.0066 -0.0008 0.0023] |Bas|=0.369620 |Bgs|=0.0072300 tic0=[0.1200 0.0500 -0.0200] tic1=[0.1200 -0.0500 -0.0200] td=0.00000 track=95
[E2uls] flag=1 sh_t=113.624 new_t=113.624 dP=[0.0008 -0.0006 0.0001] |dP|=0.0011 first_dt=-1.0000
time: 113.600000, t: 0.143336 0.309131 0.750395 q: 0.999740 -0.004662 -0.022287 -0.001034 
[T2depth] t=113.7040 id=7242 src=stereo u=626.0 v=73.0 depth=2.5990 depth2=-1.0000 track=1 sf=10 flag=ok
[T2gate] t=113.7040 tri=23 rej=0 xrej=0 init_replace=0 gate=0
[T2slv] t=113.7040 phase=1 init_cost=517.107 final_cost=499.268 iters=9 term=1 slv_ms=11.0
[T2diag] t=113.7040 P=[0.1434 0.3086 0.7505] V=[0.0035 -0.0019 0.0014] |Bas|=0.369620 |Bgs|=0.0064376 tic0=[0.1200 0.0500 -0.0200] tic1=[0.1200 -0.0500 -0.0200] td=0.00000 track=94
[E2uls] flag=1 sh_t=113.736 new_t=113.736 dP=[0.0019 0.0008 0.0004] |dP|=0.0021 first_dt=-1.0000
time: 113.704000, t: 0.143381 0.308642 0.750543 q: 0.999739 -0.004755 -0.022317 -0.001193 
[T2depth] t=113.8360 id=7243 src=stereo u=416.1 v=478.4 depth=1.5799 depth2=-1.0000 track=1 sf=10 flag=ok
[T2depth] t=113.8360 id=7245 src=stereo u=570.0 v=478.0 depth=1.5874 depth2=-1.0000 track=1 sf=10 flag=ok
[T2gate] t=113.8360 tri=29 rej=0 xrej=0 init_replace=0 gate=0
[T2slv] t=113.8360 phase=1 init_cost=512.16 final_cost=500.507 iters=9 term=1 slv_ms=10.9
[T2diag] t=113.8360 P=[0.1433 0.3085 0.7509] V=[0.0014 -0.0006 0.0023] |Bas|=0.369620 |Bgs|=0.0083740 tic0=[0.1200 0.0500 -0.0200] tic1=[0.1200 -0.0500 -0.0200] td=0.00000 track=91
[E2uls] flag=1 sh_t=113.856 new_t=113.856 dP=[0.0013 0.0005 0.0003] |dP|=0.0014 first_dt=-1.0000
time: 113.836000, t: 0.143277 0.308534 0.750858 q: 0.999729 -0.004337 -0.022846 -0.001358 
[T2depth] t=113.9360 id=7247 src=motion2 u=4.0 v=310.0 depth=5.0000 depth2=-1.0000 track=2 sf=9 flag=init_neg
[T2gate] t=113.9360 tri=30 rej=0 xrej=0 init_replace=1 gate=0
[T2slv] t=113.9360 phase=1 init_cost=515.477 final_cost=504.436 iters=9 term=1 slv_ms=10.9
[T2diag] t=113.9360 P=[0.1430 0.3085 0.7512] V=[0.0007 -0.0010 0.0001] |Bas|=0.369620 |Bgs|=0.0069499 tic0=[0.1200 0.0500 -0.0200] tic1=[0.1200 -0.0500 -0.0200] td=0.00000 track=92
[E2uls] flag=1 sh_t=113.960 new_t=113.960 dP=[0.0011 0.0002 -0.0004] |dP|=0.0012 first_dt=-1.0000
time: 113.936000, t: 0.142960 0.308454 0.751186 q: 0.999724 -0.004180 -0.023091 -0.001457 
[T2xcross] t=114.0360 id=7245 est=1.5874 svd=0.2334 rel=0.8530 track=2 sf=9
[T2depth] t=114.0360 id=7250 src=motion2 u=29.0 v=475.0 depth=0.3932 depth2=-1.0000 track=2 sf=9 flag=ok
[T2depth] t=114.0360 id=7251 src=motion2 u=512.7 v=101.1 depth=5.0000 depth2=-1.0000 track=2 sf=9 flag=init_neg
[T2depth] t=114.0360 id=7258 src=stereo u=618.0 v=74.0 depth=2.7511 depth2=-1.0000 track=1 sf=10 flag=ok
[T2gate] t=114.0360 tri=29 rej=0 xrej=0 init_replace=1 gate=0
[T2slv] t=114.0360 phase=1 init_cost=517.682 final_cost=507.061 iters=9 term=1 slv_ms=11.2
[T2diag] t=114.0360 P=[0.1430 0.3082 0.7509] V=[0.0042 -0.0013 -0.0024] |Bas|=0.369620 |Bgs|=0.0062977 tic0=[0.1200 0.0500 -0.0200] tic1=[0.1200 -0.0500 -0.0200] td=0.00000 track=94
[E2uls] flag=1 sh_t=114.064 new_t=114.064 dP=[0.0006 -0.0002 0.0004] |dP|=0.0008 first_dt=-1.0000
time: 114.036000, t: 0.143003 0.308184 0.750867 q: 0.999722 -0.004365 -0.023125 -0.001561 
[T2depth] t=114.1360 id=7263 src=stereo u=610.0 v=74.0 depth=2.5988 depth2=-1.0000 track=1 sf=10 flag=ok
[T2depth] t=114.1360 id=7264 src=stereo u=250.0 v=478.0 depth=1.5819 depth2=-1.0000 track=1 sf=10 flag=ok
[T2depth] t=114.1360 id=7265 src=stereo u=83.0 v=352.0 depth=3.2573 depth2=-1.0000 track=1 sf=10 flag=ok
[T2depth] t=114.1360 id=7266 src=stereo u=420.0 v=312.0 depth=5.2850 depth2=-1.0000 track=1 sf=10 flag=ok
[T2gate] t=114.1360 tri=30 rej=0 xrej=0 init_replace=0 gate=0
[T2slv] t=114.1360 phase=1 init_cost=514.631 final_cost=502.938 iters=9 term=1 slv_ms=10.7
[T2diag] t=114.1360 P=[0.1431 0.3078 0.7502] V=[0.0030 -0.0025 -0.0046] |Bas|=0.369620 |Bgs|=0.0050692 tic0=[0.1200 0.0500 -0.0200] tic1=[0.1200 -0.0500 -0.0200] td=0.00000 track=92
[E2uls] flag=1 sh_t=114.160 new_t=114.160 dP=[0.0012 0.0002 0.0004] |dP|=0.0013 first_dt=-1.0000
time: 114.136000, t: 0.143143 0.307816 0.750218 q: 0.999727 -0.004735 -0.022834 -0.001554 
[T2depth] t=114.2360 id=7261 src=motion2 u=24.9 v=467.7 depth=5.0000 depth2=-1.0000 track=2 sf=9 flag=init_neg
[T2xcross] t=114.2360 id=7263 est=2.5988 svd=0.0038 rel=0.9985 track=2 sf=9
[T2gate] t=114.2360 tri=24 rej=0 xrej=0 init_replace=1 gate=0
[T2slv] t=114.2360 phase=1 init_cost=508.175 final_cost=496.972 iters=9 term=1 slv_ms=10.9
[T2diag] t=114.2360 P=[0.1431 0.3077 0.7496] V=[0.0019 -0.0014 -0.0072] |Bas|=0.369620 |Bgs|=0.0089168 tic0=[0.1200 0.0500 -0.0200] tic1=[0.1200 -0.0500 -0.0200] td=0.00000 track=97
[E2uls] flag=1 sh_t=114.264 new_t=114.264 dP=[0.0013 -0.0004 0.0001] |dP|=0.0013 first_dt=-1.0000
time: 114.236000, t: 0.143079 0.307743 0.749565 q: 0.999726 -0.004877 -0.022827 -0.001516 
[T2depth] t=114.3360 id=7268 src=motion2 u=5.0 v=309.0 depth=0.9389 depth2=-1.0000 track=2 sf=9 flag=ok
[T2depth] t=114.3360 id=7269 src=stereo u=414.4 v=478.1 depth=1.5788 depth2=-1.0000 track=1 sf=10 flag=ok
[T2depth] t=114.3360 id=7273 src=stereo u=78.0 v=478.0 depth=1.5796 depth2=-1.0000 track=1 sf=10 flag=ok
[T2depth] t=114.3360 id=7274 src=stereo u=631.0 v=76.0 depth=2.7511 depth2=-1.0000 track=1 sf=10 flag=ok
[T2depth] t=114.3360 id=7275 src=stereo u=596.0 v=75.0 depth=2.5988 depth2=-1.0000 track=1 sf=10 flag=ok
[T2depth] t=114.3360 id=7277 src=stereo u=566.0 v=478.0 depth=1.5929 depth2=-1.0000 track=1 sf=10 flag=ok
[T2depth] t=114.3360 id=7278 src=stereo u=250.0 v=478.0 depth=1.5785 depth2=-1.0000 track=1 sf=10 flag=ok
[T2gate] t=114.3360 tri=37 rej=0 xrej=0 init_replace=0 gate=0
[T2slv] t=114.3360 phase=1 init_cost=514.462 final_cost=495.625 iters=9 term=1 slv_ms=11.0
[T2diag] t=114.3360 P=[0.1428 0.3068 0.7435] V=[0.0022 -0.0052 -0.1197] |Bas|=0.369620 |Bgs|=0.0146912 tic0=[0.1200 0.0500 -0.0200] tic1=[0.1200 -0.0500 -0.0200] td=0.00000 track=93
[E2uls] flag=1 sh_t=114.360 new_t=114.360 dP=[0.0011 0.0008 -0.0016] |dP|=0.0021 first_dt=-1.0000
time: 114.336000, t: 0.142790 0.306813 0.743523 q: 0.999681 -0.006847 -0.024296 -0.001231 
[T2xcross] t=114.4360 id=7277 est=1.5929 svd=1.3040 rel=0.1814 track=2 sf=9
[T2xcross] t=114.4360 id=7278 est=1.5785 svd=1.3978 rel=0.1144 track=2 sf=9
[T2depth] t=114.4360 id=7287 src=stereo u=410.7 v=474.9 depth=1.5567 depth2=-1.0000 track=1 sf=10 flag=ok
[T2depth] t=114.4360 id=7291 src=stereo u=584.9 v=74.3 depth=2.7511 depth2=-1.0000 track=1 sf=10 flag=ok
[T2depth] t=114.4360 id=7292 src=stereo u=448.0 v=477.0 depth=1.5591 depth2=-1.0000 track=1 sf=10 flag=ok
[T2depth] t=114.4360 id=7293 src=stereo u=309.0 v=476.0 depth=1.5575 depth2=-1.0000 track=1 sf=10 flag=ok
[T2depth] t=114.4360 id=7294 src=stereo u=73.0 v=478.0 depth=1.5408 depth2=-1.0000 track=1 sf=10 flag=ok
[T2depth] t=114.4360 id=7296 src=stereo u=627.0 v=75.0 depth=2.7516 depth2=-1.0000 track=1 sf=10 flag=ok
[T2gate] t=114.4360 tri=39 rej=0 xrej=0 init_replace=0 gate=0
[T2slv] t=114.4360 phase=1 init_cost=519.956 final_cost=494.039 iters=9 term=1 slv_ms=11.1
[T2diag] t=114.4360 P=[0.1424 0.3079 0.7234] V=[-0.0014 0.0085 -0.2657] |Bas|=0.369620 |Bgs|=0.0032848 tic0=[0.1200 0.0500 -0.0200] tic1=[0.1200 -0.0500 -0.0200] td=0.00000 track=91
[E2uls] flag=1 sh_t=114.460 new_t=114.460 dP=[0.0012 -0.0017 -0.0044] |dP|=0.0049 first_dt=-1.0000
time: 114.436000, t: 0.142440 0.307854 0.723394 q: 0.999627 -0.009497 -0.025558 -0.001357 
[T2depth] t=114.5360 id=7289 src=motion2 u=3.8 v=435.7 depth=1.9038 depth2=-1.0000 track=2 sf=9 flag=ok
[T2depth] t=114.5360 id=7290 src=motion2 u=488.0 v=201.0 depth=10.5031 depth2=-1.0000 track=2 sf=9 flag=ok
[T2xcross] t=114.5360 id=7292 est=1.5591 svd=1.6018 rel=0.0266 track=2 sf=9
[T2xcross] t=114.5360 id=7294 est=1.5408 svd=1.5903 rel=0.0311 track=2 sf=9
[T2xcross] t=114.5360 id=7296 est=2.7516 svd=2.2514 rel=0.1818 track=2 sf=9
[T2depth] t=114.5360 id=7297 src=stereo u=410.0 v=466.2 depth=1.5326 depth2=-1.0000 track=1 sf=10 flag=ok
[T2depth] t=114.5360 id=7299 src=stereo u=247.0 v=473.0 depth=1.4936 depth2=-1.0000 track=1 sf=10 flag=ok
[T2depth] t=114.5360 id=7301 src=stereo u=310.0 v=469.1 depth=1.5148 depth2=-1.0000 track=1 sf=10 flag=ok
[T2depth] t=114.5360 id=7304 src=stereo u=393.9 v=359.0 depth=2.9369 depth2=-1.0000 track=1 sf=10 flag=ok
[T2depth] t=114.5360 id=7305 src=stereo u=24.2 v=335.1 depth=3.5486 depth2=-1.0000 track=1 sf=10 flag=ok
[T2depth] t=114.5360 id=7306 src=stereo u=145.0 v=472.0 depth=1.4922 depth2=-1.0000 track=1 sf=10 flag=ok
[T2depth] t=114.5360 id=7309 src=stereo u=83.0 v=435.0 depth=1.7507 depth2=-1.0000 track=1 sf=10 flag=ok
[T2depth] t=114.5360 id=7310 src=stereo u=614.0 v=478.0 depth=1.5085 depth2=-1.0000 track=1 sf=10 flag=ok
[T2depth] t=114.5360 id=7311 src=stereo u=582.0 v=70.0 depth=2.7510 depth2=-1.0000 track=1 sf=10 flag=ok
[T2depth] t=114.5360 id=7312 src=stereo u=202.0 v=478.0 depth=1.4861 depth2=-1.0000 track=1 sf=10 flag=ok
[T2gate] t=114.5360 tri=38 rej=0 xrej=0 init_replace=0 gate=0
[T2slv] t=114.5360 phase=1 init_cost=509.968 final_cost=498.852 iters=9 term=1 slv_ms=11.2
[T2diag] t=114.5360 P=[0.1424 0.3092 0.6917] V=[0.0017 0.0173 -0.3648] |Bas|=0.369620 |Bgs|=0.0060661 tic0=[0.1200 0.0500 -0.0200] tic1=[0.1200 -0.0500 -0.0200] td=0.00000 track=88
[E2uls] flag=1 sh_t=114.568 new_t=114.568 dP=[0.0001 0.0007 -0.0139] |dP|=0.0139 first_dt=-1.0000
time: 114.536000, t: 0.142422 0.309215 0.691669 q: 0.999609 -0.010843 -0.025732 -0.001586 
[T2xcross] t=114.6360 id=7299 est=1.4936 svd=1.4675 rel=0.0175 track=2 sf=9
[T2xcross] t=114.6360 id=7301 est=1.5148 svd=1.4807 rel=0.0225 track=2 sf=9
[T2xcross] t=114.6360 id=7306 est=1.4922 svd=1.4777 rel=0.0097 track=2 sf=9
[T2xcross] t=114.6360 id=7312 est=1.4861 svd=1.4665 rel=0.0131 track=2 sf=9
[T2depth] t=114.6360 id=7314 src=stereo u=403.2 v=471.5 depth=1.4352 depth2=-1.0000 track=1 sf=10 flag=ok
[T2depth] t=114.6360 id=7315 src=stereo u=506.1 v=467.6 depth=1.4575 depth2=-1.0000 track=1 sf=10 flag=ok
[T2depth] t=114.6360 id=7317 src=stereo u=473.2 v=472.5 depth=1.4383 depth2=-1.0000 track=1 sf=10 flag=ok
[T2depth] t=114.6360 id=7318 src=stereo u=285.3 v=472.5 depth=1.4161 depth2=-1.0000 track=1 sf=10 flag=ok
[T2depth] t=114.6360 id=7321 src=stereo u=102.4 v=470.6 depth=1.4190 depth2=-1.0000 track=1 sf=10 flag=ok
[T2depth] t=114.6360 id=7323 src=stereo u=583.0 v=62.0 depth=2.7512 depth2=-1.0000 track=1 sf=10 flag=ok
[T2depth] t=114.6360 id=7324 src=stereo u=353.3 v=279.9 depth=8.3844 depth2=-1.0000 track=1 sf=10 flag=ok
[T2depth] t=114.6360 id=7325 src=stereo u=32.3 v=276.0 depth=8.5979 depth2=-1.0000 track=1 sf=10 flag=ok
[T2depth] t=114.6360 id=7326 src=stereo u=303.4 v=278.9 depth=8.2272 depth2=-1.0000 track=1 sf=10 flag=ok
[T2depth] t=114.6360 id=7330 src=stereo u=174.0 v=447.0 depth=1.5677 depth2=-1.0000 track=1 sf=10 flag=ok
[T2depth] t=114.6360 id=7331 src=stereo u=348.0 v=454.0 depth=1.5465 depth2=-1.0000 track=1 sf=10 flag=ok
[T2depth] t=114.6360 id=7332 src=stereo u=170.0 v=478.0 depth=1.3876 depth2=-1.0000 track=1 sf=10 flag=ok
[T2depth] t=114.6360 id=7333 src=stereo u=604.0 v=478.0 depth=1.4059 depth2=-1.0000 track=1 sf=10 flag=ok
[T2depth] t=114.6360 id=7334 src=stereo u=636.0 v=474.0 depth=1.4314 depth2=-1.0000 track=1 sf=10 flag=ok
[T2depth] t=114.6360 id=7336 src=stereo u=369.0 v=478.0 depth=1.4066 depth2=-1.0000 track=1 sf=10 flag=ok
[T2depth] t=114.6360 id=7338 src=stereo u=190.0 v=310.0 depth=4.7339 depth2=-1.0000 track=1 sf=10 flag=ok
[T2gate] t=114.6360 tri=48 rej=0 xrej=0 init_replace=0 gate=0
[T2slv] t=114.6360 phase=1 init_cost=526.62 final_cost=513.869 iters=9 term=1 slv_ms=11.0
[T2diag] t=114.6360 P=[0.1432 0.3108 0.6510] V=[0.0107 0.0166 -0.4437] |Bas|=0.369620 |Bgs|=0.0045015 tic0=[0.1200 0.0500 -0.0200] tic1=[0.1200 -0.0500 -0.0200] td=0.00000 track=83
[E2uls] flag=1 sh_t=114.672 new_t=114.672 dP=[-0.0003 0.0021 -0.0166] |dP|=0.0167 first_dt=-1.0000
time: 114.636000, t: 0.143187 0.310779 0.651040 q: 0.999622 -0.010960 -0.025170 -0.001731 
[T2xcross] t=114.7360 id=7314 est=1.4352 svd=1.4335 rel=0.0012 track=2 sf=9
[T2xcross] t=114.7360 id=7315 est=1.4575 svd=1.4537 rel=0.0026 track=2 sf=9
[T2depth] t=114.7360 id=7316 src=motion2 u=8.6 v=471.5 depth=1.3976 depth2=-1.0000 track=2 sf=9 flag=ok
[T2xcross] t=114.7360 id=7317 est=1.4383 svd=1.4304 rel=0.0055 track=2 sf=9
[T2xcross] t=114.7360 id=7318 est=1.4161 svd=1.4097 rel=0.0045 track=2 sf=9
[T2depth] t=114.7360 id=7320 src=motion2 u=39.5 v=466.6 depth=1.4431 depth2=-1.0000 track=2 sf=9 flag=ok
[T2xcross] t=114.7360 id=7321 est=1.4190 svd=1.4383 rel=0.0134 track=2 sf=9
[T2depth] t=114.7360 id=7322 src=motion2 u=517.5 v=89.1 depth=3.7884 depth2=-1.0000 track=2 sf=9 flag=ok
[T2xcross] t=114.7360 id=7325 est=8.5979 svd=9.1047 rel=0.0557 track=2 sf=9
[T2xcross] t=114.7360 id=7326 est=8.2272 svd=9.3486 rel=0.1200 track=2 sf=9
[T2xcross] t=114.7360 id=7330 est=1.5677 svd=1.5702 rel=0.0016 track=2 sf=9
[T2xcross] t=114.7360 id=7333 est=1.4059 svd=1.4029 rel=0.0022 track=2 sf=9
[T2xcross] t=114.7360 id=7334 est=1.4314 svd=1.4229 rel=0.0059 track=2 sf=9
[T2depth] t=114.7360 id=7335 src=motion2 u=3.0 v=407.0 depth=1.9399 depth2=-1.0000 track=2 sf=9 flag=ok
[T2xcross] t=114.7360 id=7336 est=1.4066 svd=1.4143 rel=0.0054 track=2 sf=9
[T2depth] t=114.7360 id=7341 src=stereo u=164.7 v=468.4 depth=1.3134 depth2=-1.0000 track=1 sf=10 flag=ok
[T2depth] t=114.7360 id=7343 src=stereo u=570.2 v=466.3 depth=1.3394 depth2=-1.0000 track=1 sf=10 flag=ok
[T2depth] t=114.7360 id=7344 src=stereo u=259.6 v=471.3 depth=1.3109 depth2=-1.0000 track=1 sf=10 flag=ok
[T2depth] t=114.7360 id=7345 src=stereo u=134.5 v=453.7 depth=1.4061 depth2=-1.0000 track=1 sf=10 flag=ok
[T2depth] t=114.7360 id=7346 src=stereo u=539.3 v=464.3 depth=1.3638 depth2=-1.0000 track=1 sf=10 flag=ok
[T2depth] t=114.7360 id=7347 src=stereo u=436.4 v=471.4 depth=1.3264 depth2=-1.0000 track=1 sf=10 flag=ok
[T2depth] t=114.7360 id=7348 src=stereo u=494.2 v=423.5 depth=1.6685 depth2=-1.0000 track=1 sf=10 flag=ok
[T2depth] t=114.7360 id=7350 src=stereo u=395.2 v=402.1 depth=1.9012 depth2=-1.0000 track=1 sf=10 flag=ok
[T2depth] t=114.7360 id=7351 src=stereo u=341.4 v=442.0 depth=1.5095 depth2=-1.0000 track=1 sf=10 flag=ok
[T2depth] t=114.7360 id=7353 src=stereo u=585.2 v=394.4 depth=1.9963 depth2=-1.0000 track=1 sf=10 flag=ok
[T2depth] t=114.7360 id=7354 src=stereo u=327.0 v=469.0 depth=1.3114 depth2=-1.0000 track=1 sf=10 flag=ok
[T2depth] t=114.7360 id=7355 src=stereo u=229.0 v=471.0 depth=1.3236 depth2=-1.0000 track=1 sf=10 flag=ok
[T2depth] t=114.7360 id=7358 src=stereo u=488.0 v=240.0 depth=3.7169 depth2=-1.0000 track=1 sf=10 flag=ok
[T2depth] t=114.7360 id=7359 src=stereo u=363.0 v=276.0 depth=8.4868 depth2=-1.0000 track=1 sf=10 flag=ok
[T2depth] t=114.7360 id=7360 src=stereo u=397.0 v=342.0 depth=3.0687 depth2=-1.0000 track=1 sf=10 flag=ok
[T2gate] t=114.7360 tri=46 rej=0 xrej=0 init_replace=0 gate=0
[T2slv] t=114.7360 phase=1 init_cost=519.068 final_cost=507.824 iters=9 term=1 slv_ms=10.6
[T2diag] t=114.7360 P=[0.1448 0.3129 0.6044] V=[0.0153 0.0256 -0.5093] |Bas|=0.369620 |Bgs|=0.0052895 tic0=[0.1200 0.0500 -0.0200] tic1=[0.1200 -0.0500 -0.0200] td=0.00000 track=85
[E2uls] flag=1 sh_t=114.768 new_t=114.768 dP=[0.0010 0.0007 -0.0194] |dP|=0.0195 first_dt=-1.0000
time: 114.736000, t: 0.144751 0.312877 0.604366 q: 0.999654 -0.010295 -0.024147 -0.001801 
[T2xcross] t=114.8360 id=3792 est=4.1562 svd=4.1967 rel=0.0096 track=8 sf=0
[T2xcross] t=114.8360 id=7341 est=1.3134 svd=1.3296 rel=0.0122 track=2 sf=9
[T2xcross] t=114.8360 id=7343 est=1.3394 svd=1.3508 rel=0.0085 track=2 sf=9
[T2xcross] t=114.8360 id=7345 est=1.4061 svd=1.4292 rel=0.0162 track=2 sf=9
[T2xcross] t=114.8360 id=7347 est=1.3264 svd=1.3400 rel=0.0102 track=2 sf=9
[T2xcross] t=114.8360 id=7351 est=1.5095 svd=1.5134 rel=0.0025 track=2 sf=9
[T2depth] t=114.8360 id=7352 src=motion2 u=489.0 v=145.0 depth=5.0000 depth2=-1.0000 track=2 sf=9 flag=init_neg
[T2xcross] t=114.8360 id=7355 est=1.3236 svd=1.3246 rel=0.0008 track=2 sf=9
[T2xcross] t=114.8360 id=7358 est=3.7169 svd=95.4740 rel=0.9611 track=2 sf=9
[T2xcross] t=114.8360 id=7359 est=8.4868 svd=9.4913 rel=0.1058 track=2 sf=9
[T2depth] t=114.8360 id=0 src=stereo u=486.7 v=273.7 depth=3.7048 depth2=-1.0000 track=1 sf=10 flag=ok
[T2depth] t=114.8360 id=7362 src=stereo u=292.7 v=470.1 depth=1.2021 depth2=-1.0000 track=1 sf=10 flag=ok
[T2depth] t=114.8360 id=7363 src=stereo u=519.5 v=465.2 depth=1.2392 depth2=-1.0000 track=1 sf=10 flag=ok
[T2depth] t=114.8360 id=7364 src=stereo u=335.6 v=458.4 depth=1.2848 depth2=-1.0000 track=1 sf=10 flag=ok
[T2depth] t=114.8360 id=7366 src=stereo u=192.7 v=464.4 depth=1.2394 depth2=-1.0000 track=1 sf=10 flag=ok
[T2depth] t=114.8360 id=7368 src=stereo u=289.6 v=438.1 depth=1.4199 depth2=-1.0000 track=1 sf=10 flag=ok
[T2depth] t=114.8360 id=7370 src=stereo u=469.6 v=469.2 depth=1.2158 depth2=-1.0000 track=1 sf=10 flag=ok
[T2depth] t=114.8360 id=7371 src=stereo u=410.6 v=467.1 depth=1.2092 depth2=-1.0000 track=1 sf=10 flag=ok
[T2depth] t=114.8360 id=7373 src=stereo u=196.6 v=423.7 depth=1.5105 depth2=-1.0000 track=1 sf=10 flag=ok
[T2depth] t=114.8360 id=7377 src=stereo u=628.4 v=470.0 depth=1.2114 depth2=-1.0000 track=1 sf=10 flag=ok
[T2depth] t=114.8360 id=7378 src=stereo u=425.5 v=364.7 depth=2.2281 depth2=-1.0000 track=1 sf=10 flag=ok
[T2depth] t=114.8360 id=7380 src=stereo u=550.5 v=470.1 depth=1.2176 depth2=-1.0000 track=1 sf=10 flag=ok
[T2depth] t=114.8360 id=7383 src=stereo u=535.0 v=418.0 depth=1.5879 depth2=-1.0000 track=1 sf=10 flag=ok
[T2depth] t=114.8360 id=7384 src=stereo u=362.0 v=475.0 depth=1.1905 depth2=-1.0000 track=1 sf=10 flag=ok
[T2depth] t=114.8360 id=7385 src=stereo u=591.0 v=477.0 depth=1.1967 depth2=-1.0000 track=1 sf=10 flag=ok
[T2depth] t=114.8360 id=7386 src=stereo u=258.0 v=476.0 depth=1.1964 depth2=-1.0000 track=1 sf=10 flag=ok
[T2depth] t=114.8360 id=7387 src=stereo u=476.0 v=437.0 depth=1.4338 depth2=-1.0000 track=1 sf=10 flag=ok
[T2depth] t=114.8360 id=7388 src=stereo u=310.0 v=400.0 depth=1.7168 depth2=-1.0000 track=1 sf=10 flag=ok
[T2depth] t=114.8360 id=7390 src=stereo u=222.0 v=376.0 depth=2.0458 depth2=-1.0000 track=1 sf=10 flag=ok
[T2depth] t=114.8360 id=7391 src=stereo u=401.0 v=273.0 depth=8.6503 depth2=-1.0000 track=1 sf=10 flag=ok
[T2depth] t=114.8360 id=7392 src=stereo u=262.0 v=332.0 depth=3.0007 depth2=-1.0000 track=1 sf=10 flag=ok
[T2depth] t=114.8360 id=7393 src=stereo u=313.0 v=277.0 depth=7.1931 depth2=-1.0000 track=1 sf=10 flag=ok
[T2gate] t=114.8360 tri=53 rej=0 xrej=0 init_replace=1 gate=0
[T2slv] t=114.8360 phase=1 init_cost=527.285 final_cost=508.996 iters=9 term=1 slv_ms=10.0
[T2diag] t=114.8360 P=[0.1453 0.3197 0.5531] V=[0.0255 0.0539 -0.5641] |Bas|=0.389117 |Bgs|=0.0087950 tic0=[0.1200 0.0500 -0.0200] tic1=[0.1200 -0.0500 -0.0200] td=0.00000 track=76
[E2uls] flag=1 sh_t=114.872 new_t=114.872 dP=[0.0021 -0.0033 -0.0220] |dP|=0.0224 first_dt=-1.0000
time: 114.836000, t: 0.145343 0.319675 0.553069 q: 0.999673 -0.010454 -0.023190 -0.002760 
[T2xcross] t=114.9360 id=3914 est=2.9077 svd=2.9747 rel=0.0225 track=11 sf=0
[T2xcross] t=114.9360 id=0 est=3.7048 svd=8.1878 rel=0.5475 track=2 sf=9
[T2depth] t=114.9360 id=7361 src=motion2 u=123.8 v=470.3 depth=1.1456 depth2=-1.0000 track=2 sf=9 flag=ok
[T2xcross] t=114.9360 id=7362 est=1.2021 svd=1.1569 rel=0.0376 track=2 sf=9
[T2xcross] t=114.9360 id=7363 est=1.2392 svd=1.2048 rel=0.0278 track=2 sf=9
[T2xcross] t=114.9360 id=7364 est=1.2848 svd=1.2299 rel=0.0427 track=2 sf=9
[T2depth] t=114.9360 id=7365 src=motion2 u=67.8 v=466.3 depth=1.1512 depth2=-1.0000 track=2 sf=9 flag=ok
[T2xcross] t=114.9360 id=7370 est=1.2158 svd=1.1855 rel=0.0249 track=2 sf=9
[T2xcross] t=114.9360 id=7371 est=1.2092 svd=1.1740 rel=0.0291 track=2 sf=9
[T2depth] t=114.9360 id=7372 src=motion2 u=47.8 v=439.3 depth=1.3174 depth2=-1.0000 track=2 sf=9 flag=ok
[T2xcross] t=114.9360 id=7377 est=1.2114 svd=1.1864 rel=0.0206 track=2 sf=9
[T2xcross] t=114.9360 id=7378 est=2.2281 svd=2.1794 rel=0.0218 track=2 sf=9
[T2xcross] t=114.9360 id=7384 est=1.1905 svd=1.1458 rel=0.0375 track=2 sf=9
[T2xcross] t=114.9360 id=7385 est=1.1967 svd=1.1606 rel=0.0301 track=2 sf=9
[T2xcross] t=114.9360 id=7386 est=1.1964 svd=1.1467 rel=0.0415 track=2 sf=9
[T2xcross] t=114.9360 id=7388 est=1.7168 svd=1.6542 rel=0.0365 track=2 sf=9
[T2xcross] t=114.9360 id=7392 est=3.0007 svd=2.7711 rel=0.0765 track=2 sf=9
[T2xcross] t=114.9360 id=7393 est=7.1931 svd=9.1467 rel=0.2136 track=2 sf=9
[T2depth] t=114.9360 id=7394 src=stereo u=36.0 v=468.4 depth=5.0000 depth2=-1.0000 track=1 sf=10 flag=init_neg
[T2depth] t=114.9360 id=7398 src=stereo u=391.7 v=467.4 depth=1.0935 depth2=-1.0000 track=1 sf=10 flag=ok
[T2depth] t=114.9360 id=7399 src=stereo u=540.4 v=399.1 depth=1.5678 depth2=-1.0000 track=1 sf=10 flag=ok
[T2depth] t=114.9360 id=7400 src=stereo u=437.5 v=464.4 depth=1.1139 depth2=-1.0000 track=1 sf=10 flag=ok
[T2depth] t=114.9360 id=7401 src=stereo u=213.9 v=466.4 depth=1.0979 depth2=-1.0000 track=1 sf=10 flag=ok
[T2depth] t=114.9360 id=7404 src=stereo u=495.5 v=465.4 depth=1.1021 depth2=-1.0000 track=1 sf=10 flag=ok
[T2depth] t=114.9360 id=7405 src=stereo u=307.6 v=412.5 depth=1.4453 depth2=-1.0000 track=1 sf=10 flag=ok
[T2depth] t=114.9360 id=7411 src=stereo u=217.4 v=356.1 depth=2.1398 depth2=-1.0000 track=1 sf=10 flag=ok
[T2depth] t=114.9360 id=7412 src=stereo u=235.8 v=268.6 depth=7.3367 depth2=-1.0000 track=1 sf=10 flag=ok
[T2depth] t=114.9360 id=7414 src=stereo u=67.2 v=267.6 depth=7.2228 depth2=-1.0000 track=1 sf=10 flag=ok
[T2depth] t=114.9360 id=7417 src=stereo u=331.0 v=472.0 depth=1.0762 depth2=-1.0000 track=1 sf=10 flag=ok
[T2depth] t=114.9360 id=7418 src=stereo u=550.0 v=468.0 depth=1.1062 depth2=-1.0000 track=1 sf=10 flag=ok
[T2depth] t=114.9360 id=7421 src=stereo u=233.0 v=436.0 depth=1.2610 depth2=-1.0000 track=1 sf=10 flag=ok
[T2depth] t=114.9360 id=7422 src=stereo u=205.0 v=423.0 depth=1.3555 depth2=-1.0000 track=1 sf=10 flag=ok
[T2depth] t=114.9360 id=7423 src=stereo u=470.0 v=408.0 depth=1.5041 depth2=-1.0000 track=1 sf=10 flag=ok
[T2depth] t=114.9360 id=7424 src=stereo u=254.0 v=373.0 depth=1.8946 depth2=-1.0000 track=1 sf=10 flag=ok
[T2depth] t=114.9360 id=7425 src=stereo u=612.0 v=477.0 depth=1.0794 depth2=-1.0000 track=1 sf=10 flag=ok
[T2depth] t=114.9360 id=7426 src=stereo u=415.0 v=408.0 depth=1.4880 depth2=-1.0000 track=1 sf=10 flag=ok
[T2depth] t=114.9360 id=7428 src=stereo u=467.0 v=477.0 depth=1.0784 depth2=-1.0000 track=1 sf=10 flag=ok
[T2depth] t=114.9360 id=7429 src=stereo u=278.0 v=477.0 depth=1.0717 depth2=-1.0000 track=1 sf=10 flag=ok
[T2depth] t=114.9360 id=7430 src=stereo u=386.0 v=425.0 depth=1.3504 depth2=-1.0000 track=1 sf=10 flag=ok
[T2depth] t=114.9360 id=7431 src=stereo u=585.0 v=32.0 depth=2.7511 depth2=-1.0000 track=1 sf=10 flag=ok
[T2depth] t=114.9360 id=7432 src=stereo u=359.0 v=346.0 depth=2.2980 depth2=-1.0000 track=1 sf=10 flag=ok
[T2depth] t=114.9360 id=7433 src=stereo u=120.0 v=268.0 depth=8.4292 depth2=-1.0000 track=1 sf=10 flag=ok
[T2depth] t=114.9360 id=7434 src=stereo u=56.0 v=337.0 depth=2.5013 depth2=-1.0000 track=1 sf=10 flag=ok
[T2gate] t=114.9360 tri=59 rej=0 xrej=0 init_replace=1 gate=0
[T2slv] t=114.9360 phase=1 init_cost=601.714 final_cost=568.552 iters=5 term=0 slv_ms=13.9
[T2diag] t=114.9360 P=[0.1469 0.3252 0.4973] V=[0.0300 0.0520 -0.6203] |Bas|=0.430390 |Bgs|=0.0095417 tic0=[0.1200 0.0500 -0.0200] tic1=[0.1200 -0.0500 -0.0200] td=0.00000 track=77
[E2uls] flag=1 sh_t=114.976 new_t=114.976 dP=[0.0031 0.0038 -0.0275] |dP|=0.0279 first_dt=-1.0000
time: 114.936000, t: 0.146948 0.325228 0.497335 q: 0.999651 -0.010461 -0.024027 -0.003482 
[T2xcross] t=115.0400 id=7394 est=5.0000 svd=1.1026 rel=0.7795 track=2 sf=9
[T2depth] t=115.0400 id=7395 src=motion2 u=180.9 v=468.4 depth=1.1061 depth2=-1.0000 track=2 sf=9 flag=ok
[T2xcross] t=115.0400 id=7398 est=1.0935 svd=1.1159 rel=0.0201 track=2 sf=9
[T2xcross] t=115.0400 id=7400 est=1.1139 svd=1.1301 rel=0.0144 track=2 sf=9
[T2xcross] t=115.0400 id=7401 est=1.0979 svd=1.1132 rel=0.0137 track=2 sf=9
[T2xcross] t=115.0400 id=7412 est=7.3367 svd=10.5143 rel=0.3022 track=2 sf=9
[T2xcross] t=115.0400 id=7417 est=1.0762 svd=1.0924 rel=0.0148 track=2 sf=9
[T2xcross] t=115.0400 id=7418 est=1.1062 svd=1.1165 rel=0.0092 track=2 sf=9
[T2depth] t=115.0400 id=7420 src=motion2 u=3.0 v=466.0 depth=1.1115 depth2=-1.0000 track=2 sf=9 flag=ok
[T2xcross] t=115.0400 id=7421 est=1.2610 svd=1.2798 rel=0.0147 track=2 sf=9
[T2xcross] t=115.0400 id=7422 est=1.3555 svd=1.3791 rel=0.0171 track=2 sf=9
[T2depth] t=115.0400 id=7427 src=motion2 u=65.0 v=478.0 depth=1.0657 depth2=-1.0000 track=2 sf=9 flag=ok
[T2xcross] t=115.0400 id=7431 est=2.7511 svd=2.4900 rel=0.0949 track=2 sf=9
[T2xcross] t=115.0400 id=7433 est=8.4292 svd=11.4929 rel=0.2666 track=2 sf=9
[T2depth] t=115.0400 id=3263 src=stereo u=527.7 v=313.6 depth=2.9319 depth2=-1.0000 track=1 sf=10 flag=ok
[T2depth] t=115.0400 id=7435 src=stereo u=149.2 v=465.6 depth=0.9745 depth2=-1.0000 track=1 sf=10 flag=ok
[T2depth] t=115.0400 id=7436 src=stereo u=112.1 v=465.6 depth=0.9537 depth2=-1.0000 track=1 sf=10 flag=ok
[T2depth] t=115.0400 id=7438 src=stereo u=260.1 v=463.7 depth=0.9703 depth2=-1.0000 track=1 sf=10 flag=ok
[T2depth] t=115.0400 id=7439 src=stereo u=421.9 v=462.5 depth=0.9750 depth2=-1.0000 track=1 sf=10 flag=ok
[T2depth] t=115.0400 id=7440 src=stereo u=584.7 v=456.7 depth=1.0181 depth2=-1.0000 track=1 sf=10 flag=ok
[T2depth] t=115.0400 id=7443 src=stereo u=367.8 v=420.7 depth=1.1939 depth2=-1.0000 track=1 sf=10 flag=ok
[T2depth] t=115.0400 id=7445 src=stereo u=397.7 v=404.8 depth=1.3383 depth2=-1.0000 track=1 sf=10 flag=ok
[T2depth] t=115.0400 id=7447 src=stereo u=635.1 v=379.8 depth=1.5732 depth2=-1.0000 track=1 sf=10 flag=ok
[T2depth] t=115.0400 id=7451 src=stereo u=530.7 v=465.4 depth=0.9698 depth2=-1.0000 track=1 sf=10 flag=ok
[T2depth] t=115.0400 id=7452 src=stereo u=199.1 v=465.7 depth=0.9734 depth2=-1.0000 track=1 sf=10 flag=ok
[T2depth] t=115.0400 id=7453 src=stereo u=539.5 v=383.8 depth=1.5311 depth2=-1.0000 track=1 sf=10 flag=ok
[T2depth] t=115.0400 id=7458 src=stereo u=192.5 v=264.7 depth=7.6257 depth2=-1.0000 track=1 sf=10 flag=ok
[T2depth] t=115.0400 id=7460 src=stereo u=454.0 v=472.0 depth=0.9466 depth2=-1.0000 track=1 sf=10 flag=ok
[T2depth] t=115.0400 id=7461 src=stereo u=369.0 v=469.0 depth=0.9479 depth2=-1.0000 track=1 sf=10 flag=ok
[T2depth] t=115.0400 id=7463 src=stereo u=486.0 v=476.0 depth=0.9384 depth2=-1.0000 track=1 sf=10 flag=ok
[T2depth] t=115.0400 id=7465 src=stereo u=517.0 v=430.0 depth=1.1432 depth2=-1.0000 track=1 sf=10 flag=ok
[T2depth] t=115.0400 id=7467 src=stereo u=563.0 v=478.0 depth=0.9356 depth2=-1.0000 track=1 sf=10 flag=ok
[T2depth] t=115.0400 id=7468 src=stereo u=145.0 v=429.0 depth=1.1421 depth2=-1.0000 track=1 sf=10 flag=ok
[T2depth] t=115.0400 id=7469 src=stereo u=228.0 v=476.0 depth=0.9426 depth2=-1.0000 track=1 sf=10 flag=ok
[T2depth] t=115.0400 id=7470 src=stereo u=637.0 v=466.0 depth=0.9636 depth2=-1.0000 track=1 sf=10 flag=ok
[T2depth] t=115.0400 id=7471 src=stereo u=262.0 v=349.0 depth=1.9445 depth2=-1.0000 track=1 sf=10 flag=ok
[T2depth] t=115.0400 id=7472 src=stereo u=309.0 v=390.0 depth=1.4278 depth2=-1.0000 track=1 sf=10 flag=ok
[T2depth] t=115.0400 id=7476 src=stereo u=628.0 v=20.0 depth=2.7512 depth2=-1.0000 track=1 sf=10 flag=ok
[T2depth] t=115.0400 id=7477 src=stereo u=82.0 v=345.0 depth=2.0468 depth2=-1.0000 track=1 sf=10 flag=ok
[T2depth] t=115.0400 id=7478 src=stereo u=402.0 v=265.0 depth=8.4492 depth2=-1.0000 track=1 sf=10 flag=ok
[T2depth] t=115.0400 id=7479 src=stereo u=57.0 v=264.0 depth=8.4839 depth2=-1.0000 track=1 sf=10 flag=ok
[T2depth] t=115.0400 id=7480 src=stereo u=15.0 v=272.0 depth=6.4681 depth2=-1.0000 track=1 sf=10 flag=ok
[T2gate] t=115.0400 tri=69 rej=0 xrej=0 init_replace=0 gate=0
[T2slv] t=115.0400 phase=1 init_cost=522.993 final_cost=498.573 iters=9 term=1 slv_ms=21.2
[T2diag] t=115.0400 P=[0.1489 0.3272 0.4371] V=[0.0156 0.0382 -0.6348] |Bas|=0.347914 |Bgs|=0.0081133 tic0=[0.1200 0.0500 -0.0200] tic1=[0.1200 -0.0500 -0.0200] td=0.00000 track=68
[E2uls] flag=1 sh_t=115.088 new_t=115.088 dP=[0.0059 0.0076 -0.0407] |dP|=0.0418 first_dt=-1.0000
time: 115.040000, t: 0.148852 0.327217 0.437114 q: 0.999669 -0.011027 -0.023010 -0.003357 
[T2xcross] t=115.1680 id=3263 est=2.9319 svd=2.9073 rel=0.0084 track=2 sf=9
[T2xcross] t=115.1680 id=7435 est=0.9745 svd=0.9532 rel=0.0219 track=2 sf=9
[T2xcross] t=115.1680 id=7436 est=0.9537 svd=0.9434 rel=0.0108 track=2 sf=9
[T2xcross] t=115.1680 id=7438 est=0.9703 svd=0.9599 rel=0.0108 track=2 sf=9
[T2xcross] t=115.1680 id=7439 est=0.9750 svd=0.9495 rel=0.0261 track=2 sf=9
[T2xcross] t=115.1680 id=7440 est=1.0181 svd=0.9828 rel=0.0347 track=2 sf=9
[T2depth] t=115.1680 id=7441 src=motion2 u=302.1 v=457.8 depth=0.9733 depth2=-1.0000 track=2 sf=9 flag=ok
[T2xcross] t=115.1680 id=7451 est=0.9698 svd=0.9362 rel=0.0346 track=2 sf=9
[T2depth] t=115.1680 id=7454 src=motion2 u=635.8 v=347.8 depth=1.9373 depth2=-1.0000 track=2 sf=9 flag=ok
[T2xcross] t=115.1680 id=7460 est=0.9466 svd=0.9295 rel=0.0181 track=2 sf=9
[T2xcross] t=115.1680 id=7461 est=0.9479 svd=0.9303 rel=0.0187 track=2 sf=9
[T2xcross] t=115.1680 id=7463 est=0.9384 svd=0.9065 rel=0.0340 track=2 sf=9
[T2depth] t=115.1680 id=7464 src=motion2 u=54.0 v=478.0 depth=0.9000 depth2=-1.0000 track=2 sf=9 flag=ok
[T2xcross] t=115.1680 id=7465 est=1.1432 svd=1.1099 rel=0.0291 track=2 sf=9
[T2depth] t=115.1680 id=7466 src=motion2 u=334.0 v=473.0 depth=0.9233 depth2=-1.0000 track=2 sf=9 flag=ok
[T2xcross] t=115.1680 id=7468 est=1.1421 svd=1.1236 rel=0.0162 track=2 sf=9
[T2xcross] t=115.1680 id=7469 est=0.9426 svd=0.9088 rel=0.0358 track=2 sf=9
[T2depth] t=115.1680 id=7474 src=motion2 u=47.0 v=387.0 depth=1.4979 depth2=-1.0000 track=2 sf=9 flag=ok
[T2xcross] t=115.1680 id=7480 est=6.4681 svd=12.4807 rel=0.4818 track=2 sf=9
[T2depth] t=115.1680 id=7483 src=stereo u=94.4 v=452.7 depth=0.8354 depth2=-1.0000 track=1 sf=10 flag=ok
[T2depth] t=115.1680 id=7485 src=stereo u=203.3 v=451.4 depth=0.8414 depth2=-1.0000 track=1 sf=10 flag=ok
[T2depth] t=115.1680 id=7487 src=stereo u=561.4 v=437.2 depth=3.4212 depth2=-1.0000 track=1 sf=10 flag=ok
[T2depth] t=115.1680 id=7491 src=stereo u=85.8 v=416.3 depth=0.9972 depth2=-1.0000 track=1 sf=10 flag=ok
[T2depth] t=115.1680 id=7492 src=stereo u=403.8 v=448.2 depth=0.8521 depth2=-1.0000 track=1 sf=10 flag=ok
[T2depth] t=115.1680 id=7495 src=stereo u=111.8 v=392.9 depth=1.1479 depth2=-1.0000 track=1 sf=10 flag=ok
[T2depth] t=115.1680 id=7496 src=stereo u=601.9 v=390.3 depth=1.1846 depth2=-1.0000 track=1 sf=10 flag=ok
[T2depth] t=115.1680 id=7499 src=stereo u=329.1 v=348.0 depth=1.6785 depth2=-1.0000 track=1 sf=10 flag=ok
[T2depth] t=115.1680 id=7501 src=stereo u=258.1 v=330.6 depth=1.8999 depth2=-1.0000 track=1 sf=10 flag=ok
[T2depth] t=115.1680 id=7507 src=stereo u=113.1 v=260.3 depth=6.7903 depth2=-1.0000 track=1 sf=10 flag=ok
[T2depth] t=115.1680 id=7511 src=stereo u=160.0 v=466.0 depth=0.8014 depth2=-1.0000 track=1 sf=10 flag=ok
[T2depth] t=115.1680 id=7513 src=stereo u=373.0 v=460.0 depth=0.8111 depth2=-1.0000 track=1 sf=10 flag=ok
[T2depth] t=115.1680 id=7521 src=stereo u=69.0 v=471.0 depth=0.7798 depth2=-1.0000 track=1 sf=10 flag=ok
[T2depth] t=115.1680 id=7526 src=stereo u=239.0 v=376.0 depth=1.3017 depth2=-1.0000 track=1 sf=10 flag=ok
[T2depth] t=115.1680 id=7527 src=stereo u=407.0 v=370.0 depth=1.3809 depth2=-1.0000 track=1 sf=10 flag=ok
[T2depth] t=115.1680 id=7528 src=stereo u=494.0 v=361.0 depth=1.4484 depth2=-1.0000 track=1 sf=10 flag=ok
[T2depth] t=115.1680 id=7530 src=stereo u=205.0 v=372.0 depth=1.3143 depth2=-1.0000 track=1 sf=10 flag=ok
[T2depth] t=115.1680 id=7531 src=stereo u=149.0 v=346.0 depth=1.6940 depth2=-1.0000 track=1 sf=10 flag=ok
[T2depth] t=115.1680 id=7532 src=stereo u=73.0 v=386.0 depth=1.2152 depth2=-1.0000 track=1 sf=10 flag=ok
[T2depth] t=115.1680 id=7533 src=stereo u=185.0 v=343.0 depth=1.7240 depth2=-1.0000 track=1 sf=10 flag=ok
[T2depth] t=115.1680 id=7534 src=stereo u=619.0 v=5.0 depth=2.7515 depth2=-1.0000 track=1 sf=10 flag=ok
[T2depth] t=115.1680 id=7536 src=stereo u=375.0 v=368.0 depth=1.3696 depth2=-1.0000 track=1 sf=10 flag=ok
[T2depth] t=115.1680 id=7538 src=stereo u=122.0 v=364.0 depth=1.4176 depth2=-1.0000 track=1 sf=10 flag=ok
[T2depth] t=115.1680 id=7539 src=stereo u=362.0 v=305.0 depth=2.6540 depth2=-1.0000 track=1 sf=10 flag=ok
[T2depth] t=115.1680 id=7540 src=stereo u=465.0 v=342.0 depth=1.7661 depth2=-1.0000 track=1 sf=10 flag=ok
[T2depth] t=115.1680 id=7542 src=stereo u=163.0 v=268.0 depth=6.5222 depth2=-1.0000 track=1 sf=10 flag=ok
[T2depth] t=115.1680 id=7543 src=stereo u=424.0 v=311.0 depth=2.4846 depth2=-1.0000 track=1 sf=10 flag=ok
[T2gate] t=115.1680 tri=86 rej=0 xrej=0 init_replace=0 gate=0
[T2slv] t=115.1680 phase=1 init_cost=566.098 final_cost=523.55 iters=9 term=1 slv_ms=22.4
[T2diag] t=115.1680 P=[0.1501 0.3319 0.3548] V=[0.0100 0.0395 -0.6559] |Bas|=0.318271 |Bgs|=0.0084623 tic0=[0.1200 0.0500 -0.0200] tic1=[0.1200 -0.0500 -0.0200] td=0.00000 track=61
[E2uls] flag=1 sh_t=115.216 new_t=115.216 dP=[0.0026 0.0023 -0.0322] |dP|=0.0324 first_dt=-1.0000
time: 115.168000, t: 0.150126 0.331929 0.354822 q: 0.999690 -0.011133 -0.022022 -0.003400 
[T2xcross] t=115.2720 id=7483 est=0.8354 svd=0.8049 rel=0.0365 track=2 sf=9
[T2xcross] t=115.2720 id=7485 est=0.8414 svd=0.8111 rel=0.0361 track=2 sf=9
[T2xcross] t=115.2720 id=7487 est=3.4212 svd=0.8623 rel=0.7480 track=2 sf=9
[T2depth] t=115.2720 id=7488 src=motion2 u=302.2 v=448.5 depth=0.8173 depth2=-1.0000 track=2 sf=9 flag=ok
[T2xcross] t=115.2720 id=7492 est=0.8521 svd=0.8177 rel=0.0403 track=2 sf=9
[T2xcross] t=115.2720 id=7501 est=1.8999 svd=1.8329 rel=0.0352 track=2 sf=9
[T2xcross] t=115.2720 id=7511 est=0.8014 svd=0.7661 rel=0.0441 track=2 sf=9
[T2depth] t=115.2720 id=7514 src=motion2 u=431.0 v=471.0 depth=0.7416 depth2=-1.0000 track=2 sf=9 flag=ok
[T2depth] t=115.2720 id=7515 src=motion2 u=273.0 v=463.0 depth=0.7679 depth2=-1.0000 track=2 sf=9 flag=ok
[T2depth] t=115.2720 id=7516 src=motion2 u=501.0 v=468.0 depth=0.7531 depth2=-1.0000 track=2 sf=9 flag=ok
[T2depth] t=115.2720 id=7517 src=motion2 u=235.0 v=474.0 depth=0.7491 depth2=-1.0000 track=2 sf=9 flag=ok
[T2depth] t=115.2720 id=7518 src=motion2 u=124.0 v=468.0 depth=0.7601 depth2=-1.0000 track=2 sf=9 flag=ok
[T2depth] t=115.2720 id=7519 src=motion2 u=467.0 v=474.0 depth=0.7342 depth2=-1.0000 track=2 sf=9 flag=ok
[T2depth] t=115.2720 id=7522 src=motion2 u=535.0 v=473.0 depth=0.7316 depth2=-1.0000 track=2 sf=9 flag=ok
[T2depth] t=115.2720 id=7523 src=motion2 u=565.0 v=475.0 depth=0.7310 depth2=-1.0000 track=2 sf=9 flag=ok
[T2depth] t=115.2720 id=7529 src=motion2 u=6.0 v=478.0 depth=0.7370 depth2=-1.0000 track=2 sf=9 flag=ok
[T2xcross] t=115.2720 id=7538 est=1.4176 svd=1.4084 rel=0.0065 track=2 sf=9
[T2depth] t=115.2720 id=0 src=stereo u=488.5 v=256.0 depth=3.6711 depth2=-1.0000 track=1 sf=10 flag=ok
[T2depth] t=115.2720 id=7559 src=stereo u=249.3 v=400.5 depth=0.8961 depth2=-1.0000 track=1 sf=10 flag=ok
[T2depth] t=115.2720 id=7562 src=stereo u=226.7 v=459.3 depth=0.6570 depth2=-1.0000 track=1 sf=10 flag=ok
[T2depth] t=115.2720 id=7565 src=stereo u=620.1 v=396.5 depth=0.9137 depth2=-1.0000 track=1 sf=10 flag=ok
[T2depth] t=115.2720 id=7569 src=stereo u=619.5 v=353.2 depth=1.2489 depth2=-1.0000 track=1 sf=10 flag=ok
[T2depth] t=115.2720 id=7572 src=stereo u=407.6 v=333.0 depth=1.5256 depth2=-1.0000 track=1 sf=10 flag=ok
[T2depth] t=115.2720 id=7574 src=stereo u=329.7 v=323.1 depth=1.6853 depth2=-1.0000 track=1 sf=10 flag=ok
[T2depth] t=115.2720 id=7583 src=stereo u=380.0 v=423.0 depth=0.8017 depth2=-1.0000 track=1 sf=10 flag=ok
[T2depth] t=115.2720 id=7593 src=stereo u=596.0 v=416.0 depth=0.8163 depth2=-1.0000 track=1 sf=10 flag=ok
[T2depth] t=115.2720 id=7596 src=stereo u=191.0 v=381.0 depth=1.0167 depth2=-1.0000 track=1 sf=10 flag=ok
[T2depth] t=115.2720 id=7597 src=stereo u=125.0 v=258.0 depth=7.3982 depth2=-1.0000 track=1 sf=10 flag=ok
[T2depth] t=115.2720 id=7598 src=stereo u=185.0 v=257.0 depth=7.4916 depth2=-1.0000 track=1 sf=10 flag=ok
[T2depth] t=115.2720 id=7600 src=stereo u=249.0 v=257.0 depth=8.2075 depth2=-1.0000 track=1 sf=10 flag=ok
[T2depth] t=115.2720 id=7601 src=stereo u=507.0 v=332.0 depth=1.5528 depth2=-1.0000 track=1 sf=10 flag=ok
[T2depth] t=115.2720 id=7602 src=stereo u=308.0 v=257.0 depth=7.7732 depth2=-1.0000 track=1 sf=10 flag=ok
[T2depth] t=115.2720 id=7605 src=stereo u=632.0 v=321.0 depth=1.6560 depth2=-1.0000 track=1 sf=10 flag=ok
[T2depth] t=115.2720 id=7606 src=stereo u=432.0 v=352.0 depth=1.2588 depth2=-1.0000 track=1 sf=10 flag=ok
[T2depth] t=115.2720 id=7607 src=stereo u=471.0 v=326.0 depth=1.6057 depth2=-1.0000 track=1 sf=10 flag=ok
[T2gate] t=115.2720 tri=104 rej=0 xrej=0 init_replace=0 gate=0
[T2slv] t=115.2720 phase=1 init_cost=661.068 final_cost=557.125 iters=9 term=1 slv_ms=19.9
[T2diag] t=115.2720 P=[0.1495 0.3372 0.2841] V=[-0.0038 0.0372 -0.6790] |Bas|=0.279368 |Bgs|=0.0091730 tic0=[0.1200 0.0500 -0.0200] tic1=[0.1200 -0.0500 -0.0200] td=0.00000 track=58
[E2uls] flag=1 sh_t=115.312 new_t=115.312 dP=[0.0023 0.0005 -0.0248] |dP|=0.0249 first_dt=-1.0000
time: 115.272000, t: 0.149528 0.337180 0.284127 q: 0.999733 -0.008781 -0.021085 -0.003517 
[T2xcross] t=115.4000 id=0 est=3.6711 svd=9.0886 rel=0.5961 track=2 sf=9
[T2depth] t=115.4000 id=7547 src=motion2 u=152.6 v=454.5 depth=0.6608 depth2=-1.0000 track=2 sf=9 flag=ok
[T2depth] t=115.4000 id=7548 src=motion2 u=191.5 v=459.4 depth=0.6506 depth2=-1.0000 track=2 sf=9 flag=ok
[T2depth] t=115.4000 id=7552 src=motion2 u=52.8 v=452.8 depth=0.6744 depth2=-1.0000 track=2 sf=9 flag=ok
[T2depth] t=115.4000 id=7555 src=motion2 u=111.7 v=457.5 depth=0.6556 depth2=-1.0000 track=2 sf=9 flag=ok
[T2depth] t=115.4000 id=7556 src=motion2 u=330.5 v=456.2 depth=0.6585 depth2=-1.0000 track=2 sf=9 flag=ok
[T2depth] t=115.4000 id=7557 src=motion2 u=80.8 v=439.9 depth=0.7168 depth2=-1.0000 track=2 sf=9 flag=ok
[T2depth] t=115.4000 id=7587 src=motion2 u=23.0 v=475.0 depth=0.6221 depth2=-1.0000 track=2 sf=9 flag=ok
[T2xcross] t=115.4000 id=7593 est=0.8163 svd=1.2372 rel=0.3402 track=2 sf=9
[T2depth] t=115.4000 id=7599 src=motion2 u=546.0 v=330.0 depth=1.5444 depth2=-1.0000 track=2 sf=9 flag=ok
[T2depth] t=115.4000 id=7651 src=stereo u=432.1 v=250.2 depth=7.3103 depth2=-1.0000 track=1 sf=10 flag=ok
[T2depth] t=115.4000 id=7654 src=stereo u=188.5 v=253.5 depth=6.8376 depth2=-1.0000 track=1 sf=10 flag=ok
[T2depth] t=115.4000 id=7680 src=stereo u=461.0 v=347.0 depth=0.9445 depth2=-1.0000 track=1 sf=10 flag=ok
[T2depth] t=115.4000 id=7683 src=stereo u=287.0 v=334.0 depth=1.0678 depth2=-1.0000 track=1 sf=10 flag=ok
[T2depth] t=115.4000 id=7691 src=stereo u=92.0 v=347.0 depth=0.9375 depth2=-1.0000 track=1 sf=10 flag=ok
[T2depth] t=115.4000 id=7692 src=stereo u=633.0 v=315.0 depth=1.3186 depth2=-1.0000 track=1 sf=10 flag=ok
[T2depth] t=115.4000 id=7693 src=stereo u=262.0 v=314.0 depth=1.3608 depth2=-1.0000 track=1 sf=10 flag=ok
[T2depth] t=115.4000 id=7694 src=stereo u=315.0 v=311.0 depth=1.4288 depth2=-1.0000 track=1 sf=10 flag=ok
[T2depth] t=115.4000 id=7698 src=stereo u=284.0 v=252.0 depth=6.9315 depth2=-1.0000 track=1 sf=10 flag=ok
[T2depth] t=115.4000 id=7699 src=stereo u=315.0 v=251.0 depth=7.2785 depth2=-1.0000 track=1 sf=10 flag=ok
[T2depth] t=115.4000 id=7700 src=stereo u=422.0 v=309.0 depth=1.4309 depth2=-1.0000 track=1 sf=10 flag=ok
[T2depth] t=115.4000 id=7701 src=stereo u=125.0 v=253.0 depth=7.9338 depth2=-1.0000 track=1 sf=10 flag=ok
[T2depth] t=115.4000 id=7702 src=stereo u=221.0 v=252.0 depth=8.0595 depth2=-1.0000 track=1 sf=10 flag=ok
[T2gate] t=115.4000 tri=140 rej=0 xrej=0 init_replace=0 gate=0
[T2slv] t=115.4000 phase=1 init_cost=606.813 final_cost=567.373 iters=9 term=1 slv_ms=11.2
[T2diag] t=115.4000 P=[0.1505 0.3392 0.1916] V=[-0.0031 0.0201 -0.6916] |Bas|=0.272356 |Bgs|=0.0078926 tic0=[0.1200 0.0500 -0.0200] tic1=[0.1200 -0.0500 -0.0200] td=0.00000 track=41
[E2uls] flag=1 sh_t=115.440 new_t=115.440 dP=[-0.0021 0.0036 -0.0223] |dP|=0.0227 first_dt=-1.0000
time: 115.400000, t: 0.150457 0.339159 0.191649 q: 0.999789 -0.005711 -0.019515 -0.003011 
[T2depth] t=115.5000 id=7394 src=motion2 u=50.1 v=335.7 depth=1.0836 depth2=-1.0000 track=2 sf=9 flag=ok
[T2depth] t=115.5000 id=7613 src=motion2 u=472.1 v=432.9 depth=0.9108 depth2=-1.0000 track=2 sf=9 flag=ok
[T2depth] t=115.5000 id=7621 src=motion2 u=237.3 v=422.3 depth=5.0000 depth2=-1.0000 track=2 sf=9 flag=init_neg
[T2depth] t=115.5000 id=7631 src=motion2 u=371.2 v=378.3 depth=0.6931 depth2=-1.0000 track=2 sf=9 flag=ok
[T2depth] t=115.5000 id=7638 src=motion2 u=87.1 v=412.2 depth=0.5622 depth2=-1.0000 track=2 sf=9 flag=ok
[T2depth] t=115.5000 id=7644 src=motion2 u=490.2 v=174.8 depth=5.0000 depth2=-1.0000 track=2 sf=9 flag=init_neg
[T2depth] t=115.5000 id=7656 src=motion2 u=231.0 v=470.0 depth=0.4268 depth2=-1.0000 track=2 sf=9 flag=ok
[T2depth] t=115.5000 id=7657 src=motion2 u=529.0 v=1.0 depth=5.0000 depth2=-1.0000 track=2 sf=9 flag=init_neg
[T2depth] t=115.5000 id=7660 src=motion2 u=92.0 v=456.0 depth=0.4611 depth2=-1.0000 track=2 sf=9 flag=ok
[T2depth] t=115.5000 id=7661 src=motion2 u=183.0 v=470.0 depth=0.4368 depth2=-1.0000 track=2 sf=9 flag=ok
[T2depth] t=115.5000 id=7669 src=motion2 u=410.0 v=477.0 depth=0.4167 depth2=-1.0000 track=2 sf=9 flag=ok
[T2depth] t=115.5000 id=7672 src=motion2 u=528.0 v=445.0 depth=1.2034 depth2=-1.0000 track=2 sf=9 flag=ok
[T2depth] t=115.5000 id=7673 src=motion2 u=28.0 v=470.0 depth=0.4448 depth2=-1.0000 track=2 sf=9 flag=ok
[T2depth] t=115.5000 id=7675 src=motion2 u=300.0 v=399.0 depth=0.3392 depth2=-1.0000 track=2 sf=9 flag=ok
[T2depth] t=115.5000 id=7695 src=motion2 u=352.0 v=476.0 depth=0.7817 depth2=-1.0000 track=2 sf=9 flag=ok
[T2depth] t=115.5000 id=7697 src=motion2 u=62.0 v=253.0 depth=8.3001 depth2=-1.0000 track=2 sf=9 flag=ok
[T2depth] t=115.5000 id=7722 src=stereo u=148.3 v=393.5 depth=2.4614 depth2=-1.0000 track=1 sf=10 flag=ok
[T2depth] t=115.5000 id=7759 src=stereo u=482.0 v=364.0 depth=21.0293 depth2=-1.0000 track=1 sf=10 flag=ok
[T2depth] t=115.5000 id=7794 src=stereo u=120.0 v=249.0 depth=7.1498 depth2=-1.0000 track=1 sf=10 flag=ok
[T2depth] t=115.5000 id=7795 src=stereo u=180.0 v=318.0 depth=1.4822 depth2=-1.0000 track=1 sf=10 flag=ok
[T2depth] t=115.5000 id=7797 src=stereo u=14.0 v=250.0 depth=6.6943 depth2=-1.0000 track=1 sf=10 flag=ok
[T2depth] t=115.5000 id=7800 src=stereo u=137.0 v=303.0 depth=1.0839 depth2=-1.0000 track=1 sf=10 flag=ok
[T2gate] t=115.5000 tri=184 rej=0 xrej=0 init_replace=3 gate=0
[T2slv] t=115.5000 phase=1 init_cost=626.588 final_cost=591.953 iters=9 term=1 slv_ms=11.4
[T2diag] t=115.5000 P=[0.1504 0.3361 0.1204] V=[-0.0047 -0.0066 -0.6932] |Bas|=0.272111 |Bgs|=0.0066178 tic0=[0.1200 0.0500 -0.0200] tic1=[0.1200 -0.0500 -0.0200] td=0.00000 track=32
[E2uls] flag=1 sh_t=115.536 new_t=115.536 dP=[0.0000 0.0054 -0.0225] |dP|=0.0232 first_dt=-1.0000
time: 115.500000, t: 0.150351 0.336149 0.120449 q: 0.999806 -0.003350 -0.019279 -0.002261 
[T2depth] t=115.6000 id=7761 src=motion2 u=373.0 v=386.0 depth=1.0141 depth2=-1.0000 track=2 sf=9 flag=ok
[T2depth] t=115.6000 id=7765 src=motion2 u=382.0 v=424.0 depth=1.6559 depth2=-1.0000 track=2 sf=9 flag=ok
[T2depth] t=115.6000 id=7810 src=stereo u=184.5 v=453.7 depth=5.6577 depth2=-1.0000 track=1 sf=10 flag=ok
[T2depth] t=115.6000 id=7845 src=stereo u=410.8 v=390.8 depth=5.0000 depth2=-1.0000 track=1 sf=10 flag=init_neg
[T2depth] t=115.6000 id=7914 src=stereo u=244.0 v=423.0 depth=5.0000 depth2=-1.0000 track=1 sf=10 flag=init_neg
[T2depth] t=115.6000 id=7948 src=stereo u=397.0 v=423.0 depth=5.0000 depth2=-1.0000 track=1 sf=10 flag=init_neg
[T2depth] t=115.6000 id=7954 src=stereo u=122.0 v=244.0 depth=1.5648 depth2=-1.0000 track=1 sf=10 flag=ok
[T2depth] t=115.6000 id=7955 src=stereo u=454.0 v=241.0 depth=6.2334 depth2=-1.0000 track=1 sf=10 flag=ok
[T2gate] t=115.6000 tri=265 rej=0 xrej=0 init_replace=3 gate=0
[T2slv] t=115.6000 phase=1 init_cost=595.881 final_cost=547.434 iters=9 term=1 slv_ms=16.0
[T2diag] t=115.6000 P=[0.1507 0.3355 0.0490] V=[-0.0004 -0.0155 -0.6831] |Bas|=0.269213 |Bgs|=0.0052824 tic0=[0.1200 0.0500 -0.0200] tic1=[0.1200 -0.0500 -0.0200] td=0.00000 track=7
[E2uls] flag=1 sh_t=115.640 new_t=115.640 dP=[-0.0002 -0.0019 -0.0246] |dP|=0.0247 first_dt=-1.0000
time: 115.600000, t: 0.150710 0.335548 0.049040 q: 0.999826 -0.002917 -0.018279 -0.002157 
[T2depth] t=115.7000 id=7839 src=motion2 u=315.8 v=371.5 depth=5.0000 depth2=-1.0000 track=2 sf=9 flag=init_neg
[T2depth] t=115.7000 id=7873 src=motion2 u=478.0 v=358.0 depth=0.4760 depth2=-1.0000 track=2 sf=9 flag=ok
[T2depth] t=115.7000 id=7880 src=motion2 u=155.0 v=382.0 depth=5.0000 depth2=-1.0000 track=2 sf=9 flag=init_neg
[T2depth] t=115.7000 id=7886 src=motion2 u=421.0 v=329.0 depth=12.1765 depth2=-1.0000 track=2 sf=9 flag=ok
[T2depth] t=115.7000 id=7894 src=motion2 u=490.0 v=438.0 depth=0.2854 depth2=-1.0000 track=2 sf=9 flag=ok
[T2depth] t=115.7000 id=7908 src=motion2 u=67.0 v=400.0 depth=1.8314 depth2=-1.0000 track=2 sf=9 flag=ok
[T2depth] t=115.7000 id=7911 src=motion2 u=491.0 v=401.0 depth=5.0000 depth2=-1.0000 track=2 sf=9 flag=init_neg
[T2depth] t=115.7000 id=7913 src=motion2 u=164.0 v=337.0 depth=5.0000 depth2=-1.0000 track=2 sf=9 flag=init_neg
[T2depth] t=115.7000 id=7927 src=motion2 u=149.0 v=303.0 depth=5.0000 depth2=-1.0000 track=2 sf=9 flag=init_neg
[T2depth] t=115.7000 id=7928 src=motion2 u=389.0 v=301.0 depth=5.0000 depth2=-1.0000 track=2 sf=9 flag=init_neg
[T2depth] t=115.7000 id=7933 src=motion2 u=525.0 v=297.0 depth=5.0000 depth2=-1.0000 track=2 sf=9 flag=init_neg
[T2depth] t=115.7000 id=7947 src=motion2 u=571.0 v=392.0 depth=0.0368 depth2=-1.0000 track=2 sf=9 flag=ok
[T2depth] t=115.7000 id=0 src=stereo u=490.0 v=241.3 depth=3.7442 depth2=-1.0000 track=1 sf=10 flag=ok
[T2depth] t=115.7000 id=7969 src=stereo u=113.9 v=396.9 depth=6.5695 depth2=-1.0000 track=1 sf=10 flag=ok
[T2depth] t=115.7000 id=7980 src=stereo u=280.2 v=327.5 depth=5.0000 depth2=-1.0000 track=1 sf=10 flag=init_neg
[T2depth] t=115.7000 id=7987 src=stereo u=475.5 v=456.6 depth=5.0000 depth2=-1.0000 track=1 sf=10 flag=init_neg
[T2depth] t=115.7000 id=8001 src=stereo u=390.4 v=449.1 depth=5.0000 depth2=-1.0000 track=1 sf=10 flag=init_neg
[T2depth] t=115.7000 id=8004 src=stereo u=453.8 v=305.9 depth=1.2204 depth2=-1.0000 track=1 sf=10 flag=ok
[T2depth] t=115.7000 id=8057 src=stereo u=514.0 v=434.0 depth=5.0000 depth2=-1.0000 track=1 sf=10 flag=init_neg
[T2gate] t=115.7000 tri=287 rej=0 xrej=0 init_replace=11 gate=0
[T2slv] t=115.7000 phase=1 init_cost=457.787 final_cost=448.15 iters=3 term=0 slv_ms=6.0
[T2diag] t=115.7000 P=[0.1480 0.3364 0.0150] V=[-0.0145 -0.0211 0.0622] |Bas|=0.265169 |Bgs|=0.0054730 tic0=[0.1200 0.0500 -0.0200] tic1=[0.1200 -0.0500 -0.0200] td=0.00000 track=13
[E2uls] flag=1 sh_t=115.724 new_t=115.724 dP=[0.0019 -0.0026 0.0003] |dP|=0.0033 first_dt=-1.0000
time: 115.700000, t: 0.148017 0.336383 0.014986 q: 0.999751 -0.008463 -0.020508 -0.002257 
[T2xcross] t=115.8000 id=0 est=3.7442 svd=1.7731 rel=0.5264 track=2 sf=9
[T2depth] t=115.8000 id=7963 src=motion2 u=386.1 v=358.3 depth=5.0000 depth2=-1.0000 track=2 sf=9 flag=init_neg
[T2depth] t=115.8000 id=7964 src=motion2 u=317.9 v=345.2 depth=5.0000 depth2=-1.0000 track=2 sf=9 flag=init_neg
[T2depth] t=115.8000 id=7965 src=motion2 u=558.1 v=383.9 depth=5.0000 depth2=-1.0000 track=2 sf=9 flag=init_neg
[T2depth] t=115.8000 id=7966 src=motion2 u=27.7 v=342.9 depth=5.0000 depth2=-1.0000 track=2 sf=9 flag=init_neg
[T2depth] t=115.8000 id=7967 src=motion2 u=376.1 v=403.8 depth=5.0000 depth2=-1.0000 track=2 sf=9 flag=init_neg
[T2depth] t=115.8000 id=7968 src=motion2 u=223.1 v=350.3 depth=5.0000 depth2=-1.0000 track=2 sf=9 flag=init_neg
[T2depth] t=115.8000 id=7970 src=motion2 u=519.2 v=346.2 depth=5.0000 depth2=-1.0000 track=2 sf=9 flag=init_neg
[T2depth] t=115.8000 id=7971 src=motion2 u=356.2 v=367.9 depth=5.0000 depth2=-1.0000 track=2 sf=9 flag=init_neg
[T2depth] t=115.8000 id=7972 src=motion2 u=412.2 v=373.7 depth=5.0000 depth2=-1.0000 track=2 sf=9 flag=init_neg
[T2depth] t=115.8000 id=7973 src=motion2 u=340.9 v=313.3 depth=5.0000 depth2=-1.0000 track=2 sf=9 flag=init_neg
[T2depth] t=115.8000 id=7974 src=motion2 u=160.9 v=361.5 depth=5.0000 depth2=-1.0000 track=2 sf=9 flag=init_neg
[T2depth] t=115.8000 id=7975 src=motion2 u=602.1 v=368.8 depth=5.0000 depth2=-1.0000 track=2 sf=9 flag=init_neg
[T2depth] t=115.8000 id=7976 src=motion2 u=615.2 v=419.2 depth=5.0000 depth2=-1.0000 track=2 sf=9 flag=init_neg
[T2depth] t=115.8000 id=7977 src=motion2 u=283.0 v=360.4 depth=5.0000 depth2=-1.0000 track=2 sf=9 flag=init_neg
[T2depth] t=115.8000 id=7978 src=motion2 u=555.3 v=347.1 depth=5.0000 depth2=-1.0000 track=2 sf=9 flag=init_neg
[T2depth] t=115.8000 id=7979 src=motion2 u=58.3 v=339.4 depth=5.0000 depth2=-1.0000 track=2 sf=9 flag=init_neg
[T2depth] t=115.8000 id=7981 src=motion2 u=356.4 v=434.7 depth=5.0000 depth2=-1.0000 track=2 sf=9 flag=init_neg
[T2depth] t=115.8000 id=7982 src=motion2 u=636.1 v=357.7 depth=5.0000 depth2=-1.0000 track=2 sf=9 flag=init_neg
[T2depth] t=115.8000 id=7983 src=motion2 u=16.6 v=383.1 depth=5.0000 depth2=-1.0000 track=2 sf=9 flag=init_neg
[T2depth] t=115.8000 id=7984 src=motion2 u=423.4 v=424.7 depth=5.0000 depth2=-1.0000 track=2 sf=9 flag=init_neg
[T2depth] t=115.8000 id=7985 src=motion2 u=209.8 v=411.0 depth=5.0000 depth2=-1.0000 track=2 sf=9 flag=init_neg
[T2depth] t=115.8000 id=7986 src=motion2 u=269.2 v=425.0 depth=5.0000 depth2=-1.0000 track=2 sf=9 flag=init_neg
[T2depth] t=115.8000 id=7988 src=motion2 u=187.8 v=327.5 depth=5.0000 depth2=-1.0000 track=2 sf=9 flag=init_neg
[T2depth] t=115.8000 id=7989 src=motion2 u=291.2 v=450.1 depth=5.0000 depth2=-1.0000 track=2 sf=9 flag=init_neg
[T2depth] t=115.8000 id=7990 src=motion2 u=65.8 v=432.2 depth=5.0000 depth2=-1.0000 track=2 sf=9 flag=init_neg
[T2depth] t=115.8000 id=7991 src=motion2 u=114.9 v=344.8 depth=5.0000 depth2=-1.0000 track=2 sf=9 flag=init_neg
[T2depth] t=115.8000 id=7993 src=motion2 u=83.0 v=373.0 depth=5.0000 depth2=-1.0000 track=2 sf=9 flag=init_neg
[T2depth] t=115.8000 id=7996 src=motion2 u=143.6 v=442.1 depth=5.0000 depth2=-1.0000 track=2 sf=9 flag=init_neg
[T2depth] t=115.8000 id=7997 src=motion2 u=581.9 v=315.2 depth=5.0000 depth2=-1.0000 track=2 sf=9 flag=init_neg
[T2depth] t=115.8000 id=7998 src=motion2 u=90.6 v=312.8 depth=5.0000 depth2=-1.0000 track=2 sf=9 flag=init_neg
[T2depth] t=115.8000 id=7999 src=motion2 u=541.7 v=445.4 depth=5.0000 depth2=-1.0000 track=2 sf=9 flag=init_neg
[T2depth] t=115.8000 id=8000 src=motion2 u=187.1 v=438.7 depth=5.0000 depth2=-1.0000 track=2 sf=9 flag=init_neg
[T2depth] t=115.8000 id=8003 src=motion2 u=418.0 v=304.0 depth=5.0000 depth2=-1.0000 track=2 sf=9 flag=init_neg
[T2depth] t=115.8000 id=8005 src=motion2 u=260.3 v=465.3 depth=5.0000 depth2=-1.0000 track=2 sf=9 flag=init_neg
[T2depth] t=115.8000 id=8007 src=motion2 u=10.3 v=316.6 depth=5.0000 depth2=-1.0000 track=2 sf=9 flag=init_neg
[T2depth] t=115.8000 id=8008 src=motion2 u=28.9 v=462.4 depth=5.0000 depth2=-1.0000 track=2 sf=9 flag=init_neg
[T2depth] t=115.8000 id=8009 src=motion2 u=249.0 v=325.9 depth=5.0000 depth2=-1.0000 track=2 sf=9 flag=init_neg
[T2depth] t=115.8000 id=8010 src=motion2 u=514.4 v=466.0 depth=5.0000 depth2=-1.0000 track=2 sf=9 flag=init_neg
[T2depth] t=115.8000 id=8013 src=motion2 u=585.7 v=459.0 depth=5.0000 depth2=-1.0000 track=2 sf=9 flag=init_neg
[T2depth] t=115.8000 id=8014 src=motion2 u=236.2 v=427.3 depth=5.0000 depth2=-1.0000 track=2 sf=9 flag=init_neg
[T2depth] t=115.8000 id=8015 src=motion2 u=129.2 v=469.7 depth=5.0000 depth2=-1.0000 track=2 sf=9 flag=init_neg
[T2depth] t=115.8000 id=8016 src=motion2 u=481.9 v=294.2 depth=5.0000 depth2=-1.0000 track=2 sf=9 flag=init_neg
[T2depth] t=115.8000 id=8018 src=motion2 u=111.4 v=436.2 depth=5.0000 depth2=-1.0000 track=2 sf=9 flag=init_neg
[T2depth] t=115.8000 id=8019 src=motion2 u=250.7 v=374.3 depth=5.0000 depth2=-1.0000 track=2 sf=9 flag=init_neg
[T2depth] t=115.8000 id=8020 src=motion2 u=151.8 v=314.3 depth=5.0000 depth2=-1.0000 track=2 sf=9 flag=init_neg
[T2depth] t=115.8000 id=8023 src=motion2 u=420.3 v=456.1 depth=5.0000 depth2=-1.0000 track=2 sf=9 flag=init_neg
[T2depth] t=115.8000 id=8024 src=motion2 u=568.4 v=419.0 depth=5.0000 depth2=-1.0000 track=2 sf=9 flag=init_neg
[T2depth] t=115.8000 id=8025 src=motion2 u=550.6 v=312.2 depth=5.0000 depth2=-1.0000 track=2 sf=9 flag=init_neg
[T2depth] t=115.8000 id=8027 src=motion2 u=323.6 v=446.7 depth=5.0000 depth2=-1.0000 track=2 sf=9 flag=init_neg
[T2depth] t=115.8000 id=8029 src=motion2 u=478.3 v=422.8 depth=5.0000 depth2=-1.0000 track=2 sf=9 flag=init_neg
[T2depth] t=115.8000 id=8030 src=motion2 u=437.3 v=395.6 depth=5.0000 depth2=-1.0000 track=2 sf=9 flag=init_neg
[T2depth] t=115.8000 id=8031 src=motion2 u=637.6 v=453.1 depth=5.0000 depth2=-1.0000 track=2 sf=9 flag=init_neg
[T2depth] t=115.8000 id=8032 src=motion2 u=33.4 v=417.8 depth=5.0000 depth2=-1.0000 track=2 sf=9 flag=init_neg
[T2depth] t=115.8000 id=8033 src=motion2 u=614.5 v=334.8 depth=5.0000 depth2=-1.0000 track=2 sf=9 flag=init_neg
[T2depth] t=115.8000 id=8036 src=motion2 u=58.1 v=470.3 depth=5.0000 depth2=-1.0000 track=2 sf=9 flag=init_neg
[T2depth] t=115.8000 id=8042 src=motion2 u=148.0 v=282.5 depth=5.0000 depth2=-1.0000 track=2 sf=9 flag=init_neg
[T2depth] t=115.8000 id=8044 src=motion2 u=275.0 v=292.8 depth=5.0000 depth2=-1.0000 track=2 sf=9 flag=init_neg
[T2depth] t=115.8000 id=8047 src=motion2 u=449.3 v=441.1 depth=5.0000 depth2=-1.0000 track=2 sf=9 flag=init_neg
[T2depth] t=115.8000 id=8048 src=motion2 u=47.1 v=294.1 depth=5.0000 depth2=-1.0000 track=2 sf=9 flag=init_neg
[T2depth] t=115.8000 id=8049 src=motion2 u=614.0 v=292.7 depth=10.0567 depth2=-1.0000 track=2 sf=9 flag=ok
[T2depth] t=115.8000 id=8050 src=motion2 u=194.8 v=293.6 depth=5.0000 depth2=-1.0000 track=2 sf=9 flag=init_neg
[T2depth] t=115.8000 id=8051 src=motion2 u=179.0 v=473.0 depth=5.0000 depth2=-1.0000 track=2 sf=9 flag=init_neg
[T2depth] t=115.8000 id=8056 src=motion2 u=526.0 v=377.0 depth=5.0000 depth2=-1.0000 track=2 sf=9 flag=init_neg
[T2depth] t=115.8000 id=8066 src=motion2 u=365.0 v=334.0 depth=5.0000 depth2=-1.0000 track=2 sf=9 flag=init_neg
[T2depth] t=115.8000 id=8070 src=motion2 u=3.0 v=445.0 depth=5.0000 depth2=-1.0000 track=2 sf=9 flag=init_neg
[T2depth] t=115.8000 id=8071 src=motion2 u=116.0 v=294.0 depth=5.0000 depth2=-1.0000 track=2 sf=9 flag=init_neg
[T2gate] t=115.8000 tri=277 rej=0 xrej=0 init_replace=65 gate=0
[T2slv] t=115.8000 phase=1 init_cost=388.665 final_cost=374.891 iters=8 term=0 slv_ms=7.2
[T2diag] t=115.8000 P=[0.1475 0.3342 0.0165] V=[-0.0214 -0.0021 -0.0254] |Bas|=0.269166 |Bgs|=0.0048612 tic0=[0.1200 0.0500 -0.0200] tic1=[0.1200 -0.0500 -0.0200] td=0.00000 track=86
[E2uls] flag=1 sh_t=115.840 new_t=115.840 dP=[-0.0023 0.0003 0.0025] |dP|=0.0034 first_dt=-1.0000
time: 115.800000, t: 0.147503 0.334216 0.016497 q: 0.999745 -0.008226 -0.020832 -0.002921 
[T2depth] t=115.9000 id=8072 src=motion2 u=306.1 v=310.0 depth=5.0000 depth2=-1.0000 track=2 sf=9 flag=init_neg
[T2depth] t=115.9000 id=8073 src=motion2 u=296.6 v=409.8 depth=5.0000 depth2=-1.0000 track=2 sf=9 flag=init_neg
[T2depth] t=115.9000 id=8074 src=motion2 u=636.8 v=397.3 depth=5.0000 depth2=-1.0000 track=2 sf=9 flag=init_neg
[T2depth] t=115.9000 id=8077 src=motion2 u=159.3 v=243.0 depth=5.0000 depth2=-1.0000 track=2 sf=9 flag=init_neg
[T2depth] t=115.9000 id=8081 src=motion2 u=636.9 v=313.9 depth=5.0000 depth2=-1.0000 track=2 sf=9 flag=init_neg
[T2depth] t=115.9000 id=8086 src=motion2 u=215.5 v=450.1 depth=5.0000 depth2=-1.0000 track=2 sf=9 flag=init_neg
[T2depth] t=115.9000 id=8088 src=motion2 u=358.0 v=472.0 depth=5.0000 depth2=-1.0000 track=2 sf=9 flag=init_neg
[T2depth] t=115.9000 id=8089 src=motion2 u=510.0 v=3.0 depth=5.0000 depth2=-1.0000 track=2 sf=9 flag=init_neg
[T2depth] t=115.9000 id=8090 src=motion2 u=448.0 v=476.0 depth=5.0000 depth2=-1.0000 track=2 sf=9 flag=init_neg
[T2depth] t=115.9000 id=8091 src=motion2 u=2.0 v=408.0 depth=0.4551 depth2=-1.0000 track=2 sf=9 flag=ok
[T2depth] t=115.9000 id=8092 src=motion2 u=559.0 v=478.0 depth=5.0000 depth2=-1.0000 track=2 sf=9 flag=init_neg
[T2gate] t=115.9000 tri=238 rej=0 xrej=0 init_replace=10 gate=0
[T2slv] t=115.9000 phase=1 init_cost=1725.86 final_cost=947.724 iters=9 term=1 slv_ms=11.5
[T2diag] t=115.9000 P=[0.1792 0.3167 0.0237] V=[0.0534 -0.0527 0.0184] |Bas|=0.349897 |Bgs|=0.0052753 tic0=[0.1200 0.0500 -0.0200] tic1=[0.1200 -0.0500 -0.0200] td=0.00000 track=97
[E2uls] flag=1 sh_t=115.940 new_t=115.940 dP=[-0.0386 0.0183 -0.0066] |dP|=0.0433 first_dt=-1.0000
time: 115.900000, t: 0.179237 0.316708 0.023749 q: 0.999748 -0.007333 -0.021076 -0.002497 
[T2depth] t=115.9720 id=8093 src=motion2 u=397.0 v=478.0 depth=15.9532 depth2=-1.0000 track=2 sf=9 flag=ok
[T2depth] t=115.9720 id=8094 src=motion2 u=370.0 v=277.0 depth=5.0000 depth2=-1.0000 track=2 sf=9 flag=init_neg
[T2depth] t=115.9720 id=8095 src=motion2 u=320.0 v=477.0 depth=21.7131 depth2=-1.0000 track=2 sf=9 flag=ok
[T2depth] t=115.9720 id=8096 src=motion2 u=237.0 v=281.0 depth=5.0000 depth2=-1.0000 track=2 sf=9 flag=init_neg
[T2depth] t=115.9720 id=8097 src=motion2 u=610.0 v=477.0 depth=6.2757 depth2=-1.0000 track=2 sf=9 flag=ok
[T2depth] t=115.9720 id=8098 src=motion2 u=576.0 v=278.0 depth=15.4809 depth2=-1.0000 track=2 sf=9 flag=ok
[T2depth] t=115.9720 id=8099 src=motion2 u=110.0 v=245.0 depth=5.0000 depth2=-1.0000 track=2 sf=9 flag=init_neg
[T2depth] t=115.9720 id=8101 src=motion2 u=324.0 v=281.0 depth=5.0000 depth2=-1.0000 track=2 sf=9 flag=init_neg
[T2depth] t=115.9720 id=8102 src=motion2 u=100.0 v=478.0 depth=130.0001 depth2=-1.0000 track=2 sf=9 flag=ok
[T2depth] t=115.9720 id=8103 src=motion2 u=286.0 v=244.0 depth=5.0000 depth2=-1.0000 track=2 sf=9 flag=init_neg
[T2depth] t=115.9720 id=8104 src=motion2 u=53.1 v=248.0 depth=5.0000 depth2=-1.0000 track=2 sf=9 flag=init_neg
[T2depth] t=115.9720 id=8105 src=motion2 u=542.0 v=280.0 depth=20.8687 depth2=-1.0000 track=2 sf=9 flag=ok
[T2depth] t=115.9720 id=8106 src=motion2 u=441.0 v=275.0 depth=211.7663 depth2=-1.0000 track=2 sf=9 flag=ok
[T2depth] t=115.9720 id=8107 src=motion2 u=195.0 v=243.0 depth=5.0000 depth2=-1.0000 track=2 sf=9 flag=init_neg
[T2depth] t=115.9720 id=8109 src=motion2 u=10.0 v=279.0 depth=5.0000 depth2=-1.0000 track=2 sf=9 flag=init_neg
[T2depth] t=115.9720 id=8110 src=motion2 u=459.0 v=243.0 depth=5.0000 depth2=-1.0000 track=2 sf=9 flag=init_neg
[T2depth] t=115.9720 id=8114 src=motion2 u=286.0 v=477.0 depth=23.5526 depth2=-1.0000 track=2 sf=9 flag=ok
[T2depth] t=115.9720 id=8115 src=motion2 u=79.0 v=278.0 depth=5.0000 depth2=-1.0000 track=2 sf=9 flag=init_neg
[T2depth] t=115.9720 id=8117 src=motion2 u=506.0 v=275.0 depth=30.6783 depth2=-1.0000 track=2 sf=9 flag=ok
[T2depth] t=115.9720 id=8121 src=motion2 u=142.0 v=384.0 depth=5.0000 depth2=-1.0000 track=2 sf=9 flag=init_neg
[T2depth] t=115.9720 id=8122 src=motion2 u=522.0 v=248.0 depth=99.1234 depth2=-1.0000 track=2 sf=9 flag=ok
[T2depth] t=115.9720 id=7911 src=stereo u=534.9 v=409.2 depth=5.0000 depth2=-1.0000 track=1 sf=10 flag=init_neg
[T2gate] t=115.9720 tri=244 rej=0 xrej=0 init_replace=12 gate=0
[T2slv] t=115.9720 phase=1 init_cost=1294.72 final_cost=625.87 iters=9 term=1 slv_ms=12.8
[T2diag] t=115.9720 P=[0.1476 0.3396 0.0333] V=[-0.0160 0.0079 0.0274] |Bas|=0.278375 |Bgs|=0.0076443 tic0=[0.1200 0.0500 -0.0200] tic1=[0.1200 -0.0500 -0.0200] td=0.00000 track=106
[E2uls] flag=1 sh_t=116.000 new_t=116.000 dP=[0.0391 -0.0297 -0.0081] |dP|=0.0498 first_dt=-1.0000
time: 115.972000, t: 0.147593 0.339625 0.033308 q: 0.999759 -0.008808 -0.019781 -0.003617 
[T2xcross] t=116.1000 id=8004 est=1.2579 svd=25.9466 rel=0.9515 track=4 sf=7
[T2depth] t=116.1000 id=7839 src=motion2 u=321.2 v=390.0 depth=8.3810 depth2=-1.0000 track=2 sf=9 flag=ok
[T2depth] t=116.1000 id=7873 src=motion2 u=477.4 v=326.8 depth=12.6880 depth2=-1.0000 track=2 sf=9 flag=ok
[T2depth] t=116.1000 id=7880 src=motion2 u=166.8 v=408.7 depth=7.4591 depth2=-1.0000 track=2 sf=9 flag=ok
[T2depth] t=116.1000 id=7886 src=motion2 u=432.1 v=332.1 depth=11.4008 depth2=-1.0000 track=2 sf=9 flag=ok
[T2depth] t=116.1000 id=7894 src=motion2 u=491.1 v=383.2 depth=10.8565 depth2=-1.0000 track=2 sf=9 flag=ok
[T2depth] t=116.1000 id=7908 src=motion2 u=55.4 v=389.3 depth=7.6092 depth2=-1.0000 track=2 sf=9 flag=ok
[T2xcross] t=116.1000 id=7911 est=5.0000 svd=11.0885 rel=0.5491 track=2 sf=9
[T2depth] t=116.1000 id=7913 src=motion2 u=189.7 v=372.3 depth=8.0322 depth2=-1.0000 track=2 sf=9 flag=ok
[T2depth] t=116.1000 id=7927 src=motion2 u=222.4 v=308.8 depth=9.3305 depth2=-1.0000 track=2 sf=9 flag=ok
[T2depth] t=116.1000 id=7928 src=motion2 u=383.4 v=308.8 depth=11.0454 depth2=-1.0000 track=2 sf=9 flag=ok
[T2depth] t=116.1000 id=7933 src=motion2 u=519.1 v=303.9 depth=15.0147 depth2=-1.0000 track=2 sf=9 flag=ok
[T2depth] t=116.1000 id=7947 src=motion2 u=461.3 v=374.7 depth=10.6480 depth2=-1.0000 track=2 sf=9 flag=ok
[T2depth] t=116.1000 id=7969 src=stereo u=112.6 v=393.7 depth=7.2866 depth2=-1.0000 track=1 sf=10 flag=ok
[T2depth] t=116.1000 id=7980 src=stereo u=279.3 v=326.1 depth=5.0000 depth2=-1.0000 track=1 sf=10 flag=init_neg
[T2depth] t=116.1000 id=7990 src=stereo u=64.3 v=428.3 depth=5.0000 depth2=-1.0000 track=1 sf=10 flag=init_neg
[T2depth] t=116.1000 id=8001 src=stereo u=389.3 v=446.1 depth=5.0000 depth2=-1.0000 track=1 sf=10 flag=init_neg
[T2depth] t=116.1000 id=8010 src=stereo u=513.5 v=463.2 depth=5.0000 depth2=-1.0000 track=1 sf=10 flag=init_neg
[T2depth] t=116.1000 id=8032 src=stereo u=31.6 v=414.0 depth=5.0000 depth2=-1.0000 track=1 sf=10 flag=init_neg
[T2depth] t=116.1000 id=8057 src=stereo u=513.1 v=431.8 depth=5.0000 depth2=-1.0000 track=1 sf=10 flag=init_neg
[T2gate] t=116.1000 tri=287 rej=0 xrej=0 init_replace=6 gate=0
[T2slv] t=116.1000 phase=1 init_cost=372.802 final_cost=351.152 iters=9 term=1 slv_ms=9.1
[T2diag] t=116.1000 P=[0.1423 0.3406 0.0152] V=[-0.0288 0.0137 0.0077] |Bas|=0.283923 |Bgs|=0.0047501 tic0=[0.1200 0.0500 -0.0200] tic1=[0.1200 -0.0500 -0.0200] td=0.00000 track=51
[E2uls] flag=1 sh_t=116.124 new_t=116.124 dP=[0.0030 0.0003 0.0238] |dP|=0.0240 first_dt=-1.0000
time: 116.100000, t: 0.142276 0.340577 0.015208 q: 0.999715 -0.009464 -0.021630 -0.003491 
[T2depth] t=116.2000 id=7963 src=motion2 u=385.3 v=356.6 depth=1.7853 depth2=-1.0000 track=2 sf=9 flag=ok
[T2depth] t=116.2000 id=7964 src=motion2 u=317.1 v=343.5 depth=2.7054 depth2=-1.0000 track=2 sf=9 flag=ok
[T2depth] t=116.2000 id=7965 src=motion2 u=557.4 v=382.6 depth=5.0000 depth2=-1.0000 track=2 sf=9 flag=init_neg
[T2depth] t=116.2000 id=7966 src=motion2 u=26.6 v=340.2 depth=5.0387 depth2=-1.0000 track=2 sf=9 flag=ok
[T2depth] t=116.2000 id=7967 src=motion2 u=375.2 v=401.5 depth=1.9359 depth2=-1.0000 track=2 sf=9 flag=ok
[T2depth] t=116.2000 id=7968 src=motion2 u=222.1 v=348.2 depth=3.9266 depth2=-1.0000 track=2 sf=9 flag=ok
[T2xcross] t=116.2000 id=7969 est=7.2866 svd=5.1813 rel=0.2889 track=2 sf=9
[T2depth] t=116.2000 id=7970 src=motion2 u=518.4 v=345.4 depth=0.4505 depth2=-1.0000 track=2 sf=9 flag=ok
[T2depth] t=116.2000 id=7971 src=motion2 u=355.3 v=366.1 depth=2.2122 depth2=-1.0000 track=2 sf=9 flag=ok
[T2depth] t=116.2000 id=7972 src=motion2 u=411.4 v=372.1 depth=1.3849 depth2=-1.0000 track=2 sf=9 flag=ok
[T2depth] t=116.2000 id=7973 src=motion2 u=340.2 v=312.3 depth=2.4689 depth2=-1.0000 track=2 sf=9 flag=ok
[T2depth] t=116.2000 id=7974 src=motion2 u=159.8 v=359.1 depth=4.4611 depth2=-1.0000 track=2 sf=9 flag=ok
[T2depth] t=116.2000 id=7975 src=motion2 u=601.3 v=367.9 depth=5.0000 depth2=-1.0000 track=2 sf=9 flag=init_neg
[T2depth] t=116.2000 id=7976 src=motion2 u=614.3 v=417.5 depth=5.0000 depth2=-1.0000 track=2 sf=9 flag=init_neg
[T2depth] t=116.2000 id=7977 src=motion2 u=282.1 v=358.4 depth=3.1625 depth2=-1.0000 track=2 sf=9 flag=ok
[T2depth] t=116.2000 id=7978 src=motion2 u=554.4 v=346.3 depth=0.1323 depth2=-1.0000 track=2 sf=9 flag=ok
[T2depth] t=116.2000 id=7979 src=motion2 u=57.4 v=336.8 depth=4.9577 depth2=-1.0000 track=2 sf=9 flag=ok
[T2xcross] t=116.2000 id=7980 est=5.0000 svd=3.2807 rel=0.3439 track=2 sf=9
[T2depth] t=116.2000 id=7981 src=motion2 u=355.2 v=431.8 depth=2.4673 depth2=-1.0000 track=2 sf=9 flag=ok
[T2depth] t=116.2000 id=7982 src=motion2 u=635.5 v=357.2 depth=5.0000 depth2=-1.0000 track=2 sf=9 flag=init_neg
[T2depth] t=116.2000 id=7983 src=motion2 u=15.1 v=379.7 depth=5.3402 depth2=-1.0000 track=2 sf=9 flag=ok
[T2depth] t=116.2000 id=7984 src=motion2 u=422.4 v=422.2 depth=1.3289 depth2=-1.0000 track=2 sf=9 flag=ok
[T2depth] t=116.2000 id=7985 src=motion2 u=208.6 v=407.8 depth=4.4240 depth2=-1.0000 track=2 sf=9 flag=ok
[T2depth] t=116.2000 id=7986 src=motion2 u=268.0 v=421.9 depth=3.7734 depth2=-1.0000 track=2 sf=9 flag=ok
[T2depth] t=116.2000 id=7987 src=motion2 u=474.4 v=453.8 depth=0.5110 depth2=-1.0000 track=2 sf=9 flag=ok
[T2depth] t=116.2000 id=7988 src=motion2 u=186.9 v=325.6 depth=4.2045 depth2=-1.0000 track=2 sf=9 flag=ok
[T2depth] t=116.2000 id=7989 src=motion2 u=290.0 v=446.8 depth=3.7315 depth2=-1.0000 track=2 sf=9 flag=ok
[T2xcross] t=116.2000 id=7990 est=5.0000 svd=5.5281 rel=0.0955 track=2 sf=9
[T2depth] t=116.2000 id=7991 src=motion2 u=113.8 v=342.5 depth=4.9146 depth2=-1.0000 track=2 sf=9 flag=ok
[T2depth] t=116.2000 id=7993 src=motion2 u=81.6 v=370.0 depth=5.1282 depth2=-1.0000 track=2 sf=9 flag=ok
[T2depth] t=116.2000 id=7996 src=motion2 u=142.2 v=438.3 depth=5.4024 depth2=-1.0000 track=2 sf=9 flag=ok
[T2depth] t=116.2000 id=7998 src=motion2 u=89.7 v=310.7 depth=5.0565 depth2=-1.0000 track=2 sf=9 flag=ok
[T2depth] t=116.2000 id=7999 src=motion2 u=540.7 v=443.1 depth=5.0000 depth2=-1.0000 track=2 sf=9 flag=init_neg
[T2depth] t=116.2000 id=8000 src=motion2 u=185.7 v=435.1 depth=4.7243 depth2=-1.0000 track=2 sf=9 flag=ok
[T2xcross] t=116.2000 id=8001 est=5.0000 svd=2.2540 rel=0.5492 track=2 sf=9
[T2depth] t=116.2000 id=8005 src=motion2 u=258.9 v=461.6 depth=4.2842 depth2=-1.0000 track=2 sf=9 flag=ok
[T2depth] t=116.2000 id=8007 src=motion2 u=9.0 v=314.4 depth=5.1272 depth2=-1.0000 track=2 sf=9 flag=ok
[T2depth] t=116.2000 id=8008 src=motion2 u=26.9 v=457.8 depth=6.0177 depth2=-1.0000 track=2 sf=9 flag=ok
[T2depth] t=116.2000 id=8009 src=motion2 u=248.2 v=324.3 depth=3.6490 depth2=-1.0000 track=2 sf=9 flag=ok
[T2depth] t=116.2000 id=8013 src=motion2 u=584.8 v=456.5 depth=5.0000 depth2=-1.0000 track=2 sf=9 flag=init_neg
[T2depth] t=116.2000 id=8014 src=motion2 u=234.9 v=424.1 depth=4.2114 depth2=-1.0000 track=2 sf=9 flag=ok
[T2depth] t=116.2000 id=8015 src=motion2 u=128.0 v=465.5 depth=5.7017 depth2=-1.0000 track=2 sf=9 flag=ok
[T2depth] t=116.2000 id=8018 src=motion2 u=110.0 v=432.4 depth=5.5504 depth2=-1.0000 track=2 sf=9 flag=ok
[T2depth] t=116.2000 id=8019 src=motion2 u=249.8 v=372.0 depth=3.7889 depth2=-1.0000 track=2 sf=9 flag=ok
[T2depth] t=116.2000 id=8020 src=motion2 u=150.9 v=312.4 depth=4.5201 depth2=-1.0000 track=2 sf=9 flag=ok
[T2depth] t=116.2000 id=8023 src=motion2 u=419.3 v=453.2 depth=1.6597 depth2=-1.0000 track=2 sf=9 flag=ok
[T2depth] t=116.2000 id=8024 src=motion2 u=567.5 v=417.1 depth=5.0000 depth2=-1.0000 track=2 sf=9 flag=init_neg
[T2depth] t=116.2000 id=8027 src=motion2 u=322.3 v=443.5 depth=3.1375 depth2=-1.0000 track=2 sf=9 flag=ok
[T2depth] t=116.2000 id=8029 src=motion2 u=477.4 v=420.6 depth=0.4632 depth2=-1.0000 track=2 sf=9 flag=ok
[T2depth] t=116.2000 id=8030 src=motion2 u=436.4 v=393.7 depth=1.0451 depth2=-1.0000 track=2 sf=9 flag=ok
[T2depth] t=116.2000 id=8031 src=motion2 u=636.8 v=451.0 depth=5.0000 depth2=-1.0000 track=2 sf=9 flag=init_neg
[T2xcross] t=116.2000 id=8032 est=5.0000 svd=5.5275 rel=0.0954 track=2 sf=9
[T2depth] t=116.2000 id=8033 src=motion2 u=613.6 v=334.5 depth=5.0000 depth2=-1.0000 track=2 sf=9 flag=init_neg
[T2depth] t=116.2000 id=8036 src=motion2 u=56.5 v=466.1 depth=5.8178 depth2=-1.0000 track=2 sf=9 flag=ok
[T2depth] t=116.2000 id=8042 src=motion2 u=147.1 v=281.3 depth=4.4556 depth2=-1.0000 track=2 sf=9 flag=ok
[T2depth] t=116.2000 id=8044 src=motion2 u=274.4 v=291.8 depth=3.3364 depth2=-1.0000 track=2 sf=9 flag=ok
[T2depth] t=116.2000 id=8047 src=motion2 u=448.3 v=438.5 depth=0.9489 depth2=-1.0000 track=2 sf=9 flag=ok
[T2depth] t=116.2000 id=8048 src=motion2 u=46.2 v=292.3 depth=4.9233 depth2=-1.0000 track=2 sf=9 flag=ok
[T2depth] t=116.2000 id=8050 src=motion2 u=194.2 v=292.3 depth=4.1572 depth2=-1.0000 track=2 sf=9 flag=ok
[T2depth] t=116.2000 id=8051 src=motion2 u=177.5 v=469.4 depth=5.3277 depth2=-1.0000 track=2 sf=9 flag=ok
[T2depth] t=116.2000 id=8056 src=motion2 u=525.2 v=375.6 depth=0.2014 depth2=-1.0000 track=2 sf=9 flag=ok
[T2xcross] t=116.2000 id=8057 est=5.0000 svd=0.0084 rel=0.9983 track=2 sf=9
[T2depth] t=116.2000 id=8066 src=motion2 u=364.3 v=332.8 depth=2.1061 depth2=-1.0000 track=2 sf=9 flag=ok
[T2depth] t=116.2000 id=8070 src=motion2 u=1.0 v=440.6 depth=5.8204 depth2=-1.0000 track=2 sf=9 flag=ok
[T2depth] t=116.2000 id=8071 src=motion2 u=115.4 v=292.4 depth=4.6955 depth2=-1.0000 track=2 sf=9 flag=ok
[T2depth] t=116.2000 id=8150 src=motion2 u=403.0 v=269.0 depth=2.1655 depth2=-1.0000 track=2 sf=9 flag=ok
[T2gate] t=116.2000 tri=278 rej=0 xrej=0 init_replace=9 gate=0
[T2slv] t=116.2000 phase=1 init_cost=387.03 final_cost=344.252 iters=9 term=1 slv_ms=8.5
[T2diag] t=116.2000 P=[0.1480 0.3425 0.0141] V=[-0.0174 0.0195 0.0035] |Bas|=0.299011 |Bgs|=0.0043869 tic0=[0.1200 0.0500 -0.0200] tic1=[0.1200 -0.0500 -0.0200] td=0.00000 track=113
[E2uls] flag=1 sh_t=116.232 new_t=116.232 dP=[-0.0104 0.0000 0.0024] |dP|=0.0107 first_dt=-1.0000
time: 116.200000, t: 0.147952 0.342490 0.014098 q: 0.999705 -0.009625 -0.021978 -0.003831 
[T2xcross] t=116.3000 id=7395 est=1.1086 svd=1.0882 rel=0.0184 track=2 sf=0
[T2xcross] t=116.3000 id=8010 est=5.0000 svd=1.5117 rel=0.6977 track=3 sf=8
[T2depth] t=116.3000 id=7997 src=motion2 u=581.1 v=315.0 depth=0.9545 depth2=-1.0000 track=2 sf=9 flag=ok
[T2depth] t=116.3000 id=8003 src=motion2 u=417.4 v=303.5 depth=2.4951 depth2=-1.0000 track=2 sf=9 flag=ok
[T2depth] t=116.3000 id=8016 src=motion2 u=481.3 v=293.9 depth=1.9591 depth2=-1.0000 track=2 sf=9 flag=ok
[T2depth] t=116.3000 id=8025 src=motion2 u=549.7 v=312.0 depth=1.2192 depth2=-1.0000 track=2 sf=9 flag=ok
[T2depth] t=116.3000 id=8049 src=motion2 u=613.2 v=293.1 depth=0.7329 depth2=-1.0000 track=2 sf=9 flag=ok
[T2depth] t=116.3000 id=8073 src=stereo u=296.6 v=409.8 depth=1.4367 depth2=-1.0000 track=1 sf=10 flag=ok
[T2gate] t=116.3000 tri=225 rej=0 xrej=0 init_replace=0 gate=0
[T2slv] t=116.3000 phase=1 init_cost=423.581 final_cost=352.655 iters=5 term=0 slv_ms=5.5
[T2diag] t=116.3000 P=[0.1465 0.3445 0.0140] V=[-0.0186 0.0200 0.0033] |Bas|=0.298966 |Bgs|=0.0039508 tic0=[0.1200 0.0500 -0.0200] tic1=[0.1200 -0.0500 -0.0200] td=0.00000 track=116
[E2uls] flag=1 sh_t=116.328 new_t=116.328 dP=[-0.0015 0.0008 0.0007] |dP|=0.0018 first_dt=-1.0000
time: 116.300000, t: 0.146500 0.344530 0.014021 q: 0.999708 -0.009964 -0.021675 -0.003928 
[T2xcross] t=116.4000 id=8073 est=1.4367 svd=22.1483 rel=0.9351 track=2 sf=9
[T2depth] t=116.4000 id=8089 src=motion2 u=510.0 v=3.0 depth=5.0000 depth2=-1.0000 track=2 sf=9 flag=init_neg
[T2depth] t=116.4000 id=8174 src=motion2 u=2.0 v=475.0 depth=15.6082 depth2=-1.0000 track=2 sf=9 flag=ok
[T2depth] t=116.4000 id=7911 src=stereo u=534.9 v=409.2 depth=5.0000 depth2=-1.0000 track=1 sf=10 flag=init_neg
[T2gate] t=116.4000 tri=222 rej=0 xrej=0 init_replace=2 gate=0
[T2slv] t=116.4000 phase=1 init_cost=327.361 final_cost=317.843 iters=4 term=0 slv_ms=4.4
[T2diag] t=116.4000 P=[0.1451 0.3463 0.0138] V=[-0.0209 0.0224 0.0032] |Bas|=0.300074 |Bgs|=0.0038765 tic0=[0.1200 0.0500 -0.0200] tic1=[0.1200 -0.0500 -0.0200] td=0.00000 track=118
[E2uls] flag=1 sh_t=116.424 new_t=116.424 dP=[-0.0010 0.0009 0.0010] |dP|=0.0017 first_dt=-1.0000
time: 116.400000, t: 0.145111 0.346258 0.013774 q: 0.999704 -0.009977 -0.021823 -0.003967 
[T2xcross] t=116.5000 id=7911 est=5.0000 svd=1.9664 rel=0.6067 track=2 sf=9
[T2gate] t=116.5000 tri=221 rej=0 xrej=0 init_replace=0 gate=0
[T2slv] t=116.5000 phase=1 init_cost=329.858 final_cost=320.179 iters=8 term=0 slv_ms=8.0
[T2diag] t=116.5000 P=[0.1455 0.3469 0.0143] V=[-0.0166 0.0223 0.0019] |Bas|=0.303048 |Bgs|=0.0040152 tic0=[0.1200 0.0500 -0.0200] tic1=[0.1200 -0.0500 -0.0200] td=0.00000 track=118
[E2uls] flag=1 sh_t=116.528 new_t=116.528 dP=[-0.0036 0.0029 0.0001] |dP|=0.0046 first_dt=-1.0000
time: 116.500000, t: 0.145509 0.346899 0.014308 q: 0.999706 -0.009811 -0.021764 -0.004195 
[T2gate] t=116.6000 tri=224 rej=0 xrej=0 init_replace=0 gate=0
[T2slv] t=116.6000 phase=1 init_cost=332.102 final_cost=320.557 iters=5 term=0 slv_ms=5.1
[T2diag] t=116.6000 P=[0.1462 0.3461 0.0142] V=[-0.0134 0.0193 0.0048] |Bas|=0.305992 |Bgs|=0.0036783 tic0=[0.1200 0.0500 -0.0200] tic1=[0.1200 -0.0500 -0.0200] td=0.00000 track=117
[E2uls] flag=1 sh_t=116.624 new_t=116.624 dP=[-0.0029 0.0039 0.0005] |dP|=0.0049 first_dt=-1.0000
time: 116.600000, t: 0.146245 0.346120 0.014231 q: 0.999712 -0.009667 -0.021630 -0.003821 
[T2depth] t=116.7000 id=8240 src=motion2 u=111.0 v=245.0 depth=11.5761 depth2=-1.0000 track=2 sf=9 flag=ok
[T2depth] t=116.7000 id=8241 src=motion2 u=146.0 v=244.0 depth=22.7256 depth2=-1.0000 track=2 sf=9 flag=ok
[T2gate] t=116.7000 tri=223 rej=0 xrej=0 init_replace=0 gate=0
[T2slv] t=116.7000 phase=1 init_cost=332.767 final_cost=321.535 iters=9 term=1 slv_ms=8.1
[T2diag] t=116.7000 P=[0.1492 0.3434 0.0145] V=[-0.0080 0.0078 0.0008] |Bas|=0.311602 |Bgs|=0.0034758 tic0=[0.1200 0.0500 -0.0200] tic1=[0.1200 -0.0500 -0.0200] td=0.00000 track=119
[E2uls] flag=1 sh_t=116.728 new_t=116.728 dP=[-0.0051 0.0058 0.0005] |dP|=0.0077 first_dt=-1.0000
time: 116.700000, t: 0.149218 0.343408 0.014550 q: 0.999714 -0.009093 -0.021807 -0.003681 
[T2gate] t=116.8000 tri=222 rej=0 xrej=0 init_replace=0 gate=0
[T2slv] t=116.8000 phase=1 init_cost=330.104 final_cost=320.572 iters=5 term=0 slv_ms=5.1
[T2diag] t=116.8000 P=[0.1496 0.3433 0.0146] V=[-0.0069 0.0103 0.0021] |Bas|=0.312890 |Bgs|=0.0034700 tic0=[0.1200 0.0500 -0.0200] tic1=[0.1200 -0.0500 -0.0200] td=0.00000 track=119
[E2uls] flag=1 sh_t=116.824 new_t=116.824 dP=[-0.0013 0.0013 0.0002] |dP|=0.0019 first_dt=-1.0000
time: 116.800000, t: 0.149599 0.343336 0.014585 q: 0.999715 -0.009144 -0.021759 -0.003644 
[T2gate] t=116.9000 tri=224 rej=0 xrej=0 init_replace=0 gate=0
[T2slv] t=116.9000 phase=1 init_cost=330.323 final_cost=321.033 iters=7 term=0 slv_ms=7.1
[T2diag] t=116.9000 P=[0.1501 0.3421 0.0145] V=[-0.0042 0.0085 0.0013] |Bas|=0.314150 |Bgs|=0.0031170 tic0=[0.1200 0.0500 -0.0200] tic1=[0.1200 -0.0500 -0.0200] td=0.00000 track=118
[E2uls] flag=1 sh_t=116.928 new_t=116.928 dP=[-0.0012 0.0030 0.0004] |dP|=0.0032 first_dt=-1.0000
time: 116.900000, t: 0.150063 0.342110 0.014455 q: 0.999716 -0.009150 -0.021768 -0.003366 
[T2depth] t=117.0000 id=8298 src=motion2 u=111.0 v=245.0 depth=19.2126 depth2=-1.0000 track=2 sf=9 flag=ok
[T2depth] t=117.0000 id=8299 src=motion2 u=227.0 v=478.0 depth=5.0000 depth2=-1.0000 track=2 sf=9 flag=init_neg
[T2gate] t=117.0000 tri=223 rej=0 xrej=0 init_replace=1 gate=0
[T2slv] t=117.0000 phase=1 init_cost=333.772 final_cost=322.681 iters=9 term=1 slv_ms=3.1
[T2diag] t=117.0000 P=[0.1488 0.3432 0.0142] V=[-0.0066 0.0051 0.0030] |Bas|=0.314966 |Bgs|=0.0028431 tic0=[0.1200 0.0500 -0.0200] tic1=[0.1200 -0.0500 -0.0200] td=0.00000 track=120
[E2uls] flag=1 sh_t=117.024 new_t=117.024 dP=[0.0006 0.0005 0.0005] |dP|=0.0009 first_dt=-1.0000
time: 117.000000, t: 0.148760 0.343203 0.014200 q: 0.999716 -0.008889 -0.021848 -0.003358 
[T2gate] t=117.1000 tri=223 rej=0 xrej=0 init_replace=0 gate=0
[T2slv] t=117.1000 phase=1 init_cost=332.272 final_cost=322.012 iters=6 term=0 slv_ms=5.9
[T2diag] t=117.1000 P=[0.1504 0.3416 0.0141] V=[-0.0051 0.0089 0.0019] |Bas|=0.317185 |Bgs|=0.0026874 tic0=[0.1200 0.0500 -0.0200] tic1=[0.1200 -0.0500 -0.0200] td=0.00000 track=119
[E2uls] flag=1 sh_t=117.120 new_t=117.120 dP=[-0.0026 0.0024 0.0005] |dP|=0.0036 first_dt=-1.0000
time: 117.100000, t: 0.150386 0.341624 0.014130 q: 0.999716 -0.008710 -0.021932 -0.003417 
[T2depth] t=117.2000 id=8333 src=motion2 u=459.0 v=243.0 depth=5.0000 depth2=-1.0000 track=2 sf=9 flag=init_neg
[T2gate] t=117.2000 tri=224 rej=0 xrej=0 init_replace=1 gate=0
[T2slv] t=117.2000 phase=1 init_cost=333.99 final_cost=323.436 iters=9 term=1 slv_ms=4.1
[T2diag] t=117.2000 P=[0.1489 0.3428 0.0142] V=[-0.0055 0.0036 -0.0008] |Bas|=0.317200 |Bgs|=0.0026945 tic0=[0.1200 0.0500 -0.0200] tic1=[0.1200 -0.0500 -0.0200] td=0.00000 track=118
[E2uls] flag=1 sh_t=117.232 new_t=117.232 dP=[0.0009 0.0001 0.0003] |dP|=0.0009 first_dt=-1.0000
time: 117.200000, t: 0.148907 0.342845 0.014181 q: 0.999715 -0.008571 -0.022050 -0.003227 
[T2depth] t=117.3000 id=8357 src=motion2 u=522.0 v=248.0 depth=5.0000 depth2=-1.0000 track=2 sf=9 flag=init_neg
[T2depth] t=117.3000 id=8360 src=motion2 u=377.0 v=245.0 depth=0.1884 depth2=-1.0000 track=2 sf=9 flag=ok
[T2gate] t=117.3000 tri=222 rej=0 xrej=0 init_replace=1 gate=0
[T2slv] t=117.3000 phase=1 init_cost=330.954 final_cost=322.068 iters=6 term=0 slv_ms=6.0
[T2diag] t=117.3000 P=[0.1504 0.3407 0.0142] V=[-0.0047 0.0044 0.0022] |Bas|=0.318014 |Bgs|=0.0026126 tic0=[0.1200 0.0500 -0.0200] tic1=[0.1200 -0.0500 -0.0200] td=0.00000 track=119
[E2uls] flag=1 sh_t=117.320 new_t=117.320 dP=[-0.0022 0.0026 -0.0001] |dP|=0.0034 first_dt=-1.0000
time: 117.300000, t: 0.150378 0.340672 0.014227 q: 0.999719 -0.008555 -0.021870 -0.003086 
[T2gate] t=117.4000 tri=233 rej=0 xrej=0 init_replace=0 gate=0
[T2slv] t=117.4000 phase=1 init_cost=331.964 final_cost=322.381 iters=9 term=1 slv_ms=7.7
[T2diag] t=117.4000 P=[0.1520 0.3410 0.0141] V=[-0.0027 0.0049 -0.0004] |Bas|=0.319972 |Bgs|=0.0024751 tic0=[0.1200 0.0500 -0.0200] tic1=[0.1200 -0.0500 -0.0200] td=0.00000 track=107
[E2uls] flag=1 sh_t=117.420 new_t=117.420 dP=[-0.0020 0.0000 0.0002] |dP|=0.0021 first_dt=-1.0000
time: 117.400000, t: 0.151995 0.341041 0.014109 q: 0.999716 -0.008643 -0.021958 -0.003377 
[T2xcross] t=117.5000 id=7464 est=0.9028 svd=0.8985 rel=0.0048 track=2 sf=0
[T2depth] t=117.5000 id=7839 src=motion2 u=321.2 v=390.0 depth=3.7011 depth2=-1.0000 track=2 sf=9 flag=ok
[T2depth] t=117.5000 id=7873 src=motion2 u=477.4 v=326.8 depth=2.3524 depth2=-1.0000 track=2 sf=9 flag=ok
[T2depth] t=117.5000 id=7894 src=motion2 u=491.0 v=383.2 depth=2.2528 depth2=-1.0000 track=2 sf=9 flag=ok
[T2depth] t=117.5000 id=7947 src=motion2 u=461.3 v=374.7 depth=2.5967 depth2=-1.0000 track=2 sf=9 flag=ok
[T2depth] t=117.5000 id=8093 src=motion2 u=397.0 v=478.1 depth=3.3086 depth2=-1.0000 track=2 sf=9 flag=ok
[T2depth] t=117.5000 id=8094 src=motion2 u=370.0 v=277.0 depth=2.8351 depth2=-1.0000 track=2 sf=9 flag=ok
[T2depth] t=117.5000 id=8097 src=motion2 u=610.0 v=477.0 depth=1.4363 depth2=-1.0000 track=2 sf=9 flag=ok
[T2depth] t=117.5000 id=8098 src=motion2 u=576.0 v=278.0 depth=1.8151 depth2=-1.0000 track=2 sf=9 flag=ok
[T2depth] t=117.5000 id=8105 src=motion2 u=541.9 v=280.0 depth=2.1017 depth2=-1.0000 track=2 sf=9 flag=ok
[T2depth] t=117.5000 id=8106 src=motion2 u=440.9 v=275.0 depth=2.4651 depth2=-1.0000 track=2 sf=9 flag=ok
[T2depth] t=117.5000 id=8114 src=motion2 u=286.0 v=477.1 depth=4.8526 depth2=-1.0000 track=2 sf=9 flag=ok
[T2depth] t=117.5000 id=8392 src=motion2 u=152.0 v=244.0 depth=2.9840 depth2=-1.0000 track=2 sf=9 flag=ok
[T2gate] t=117.5000 tri=238 rej=0 xrej=0 init_replace=0 gate=0
[T2slv] t=117.5000 phase=1 init_cost=1126.61 final_cost=562.099 iters=9 term=1 slv_ms=5.2
[T2diag] t=117.5000 P=[0.1551 0.3384 0.0141] V=[0.0027 0.0001 0.0028] |Bas|=0.322912 |Bgs|=0.0022569 tic0=[0.1200 0.0500 -0.0200] tic1=[0.1200 -0.0500 -0.0200] td=0.00000 track=119
[E2uls] flag=1 sh_t=117.520 new_t=117.520 dP=[-0.0034 0.0035 0.0002] |dP|=0.0049 first_dt=-1.0000
time: 117.500000, t: 0.155129 0.338434 0.014127 q: 0.999718 -0.008351 -0.022032 -0.002816 
[T2depth] t=117.6000 id=7969 src=stereo u=112.6 v=393.7 depth=7.1108 depth2=-1.0000 track=1 sf=10 flag=ok
[T2depth] t=117.6000 id=7980 src=stereo u=279.3 v=326.1 depth=5.0000 depth2=-1.0000 track=1 sf=10 flag=init_neg
[T2depth] t=117.6000 id=7990 src=stereo u=64.3 v=428.4 depth=5.0000 depth2=-1.0000 track=1 sf=10 flag=init_neg
[T2depth] t=117.6000 id=7999 src=stereo u=540.7 v=443.1 depth=5.0000 depth2=-1.0000 track=1 sf=10 flag=init_neg
[T2depth] t=117.6000 id=8001 src=stereo u=389.3 v=446.1 depth=5.0000 depth2=-1.0000 track=1 sf=10 flag=init_neg
[T2depth] t=117.6000 id=8010 src=stereo u=513.5 v=463.3 depth=5.0000 depth2=-1.0000 track=1 sf=10 flag=init_neg
[T2depth] t=117.6000 id=8032 src=stereo u=31.6 v=414.0 depth=5.0000 depth2=-1.0000 track=1 sf=10 flag=init_neg
[T2depth] t=117.6000 id=8057 src=stereo u=513.1 v=431.8 depth=5.0000 depth2=-1.0000 track=1 sf=10 flag=init_neg
[T2gate] t=117.6000 tri=307 rej=0 xrej=0 init_replace=7 gate=0
[T2slv] t=117.6000 phase=1 init_cost=303.721 final_cost=291.876 iters=9 term=1 slv_ms=5.9
[T2diag] t=117.6000 P=[0.1566 0.3365 0.0118] V=[0.0016 0.0029 0.0057] |Bas|=0.336528 |Bgs|=0.0022512 tic0=[0.1200 0.0500 -0.0200] tic1=[0.1200 -0.0500 -0.0200] td=0.00000 track=38
[E2uls] flag=1 sh_t=117.624 new_t=117.624 dP=[-0.0009 0.0017 0.0028] |dP|=0.0034 first_dt=-1.0000
time: 117.600000, t: 0.156582 0.336547 0.011805 q: 0.999698 -0.009026 -0.022667 -0.002834 
[T2xcross] t=117.7000 id=7517 est=0.7519 svd=0.7726 rel=0.0268 track=2 sf=0
[T2depth] t=117.7000 id=7880 src=motion2 u=166.8 v=408.8 depth=1.8278 depth2=-1.0000 track=2 sf=9 flag=ok
[T2depth] t=117.7000 id=7886 src=motion2 u=432.1 v=332.1 depth=5.0739 depth2=-1.0000 track=2 sf=9 flag=ok
[T2depth] t=117.7000 id=7908 src=motion2 u=55.4 v=389.4 depth=1.4712 depth2=-1.0000 track=2 sf=9 flag=ok
[T2depth] t=117.7000 id=7913 src=motion2 u=189.7 v=372.4 depth=2.0006 depth2=-1.0000 track=2 sf=9 flag=ok
[T2depth] t=117.7000 id=7927 src=motion2 u=222.4 v=308.8 depth=2.3977 depth2=-1.0000 track=2 sf=9 flag=ok
[T2depth] t=117.7000 id=7928 src=motion2 u=383.4 v=308.8 depth=3.9778 depth2=-1.0000 track=2 sf=9 flag=ok
[T2depth] t=117.7000 id=7933 src=motion2 u=519.1 v=303.9 depth=18.5527 depth2=-1.0000 track=2 sf=9 flag=ok
[T2depth] t=117.7000 id=7963 src=motion2 u=385.3 v=356.7 depth=3.9016 depth2=-1.0000 track=2 sf=9 flag=ok
[T2depth] t=117.7000 id=7964 src=motion2 u=317.1 v=343.6 depth=2.9765 depth2=-1.0000 track=2 sf=9 flag=ok
[T2depth] t=117.7000 id=7965 src=motion2 u=557.4 v=382.7 depth=19.7387 depth2=-1.0000 track=2 sf=9 flag=ok
[T2depth] t=117.7000 id=7966 src=motion2 u=26.7 v=340.2 depth=1.4822 depth2=-1.0000 track=2 sf=9 flag=ok
[T2depth] t=117.7000 id=7967 src=motion2 u=375.2 v=401.5 depth=3.4974 depth2=-1.0000 track=2 sf=9 flag=ok
[T2depth] t=117.7000 id=7968 src=motion2 u=222.1 v=348.3 depth=2.2416 depth2=-1.0000 track=2 sf=9 flag=ok
[T2xcross] t=117.7000 id=7969 est=7.1108 svd=2.2277 rel=0.6867 track=2 sf=9
[T2depth] t=117.7000 id=7970 src=motion2 u=518.4 v=345.4 depth=13.7296 depth2=-1.0000 track=2 sf=9 flag=ok
[T2depth] t=117.7000 id=7971 src=motion2 u=355.3 v=366.2 depth=3.2902 depth2=-1.0000 track=2 sf=9 flag=ok
[T2depth] t=117.7000 id=7972 src=motion2 u=411.4 v=372.1 depth=4.3169 depth2=-1.0000 track=2 sf=9 flag=ok
[T2depth] t=117.7000 id=7973 src=motion2 u=340.2 v=312.4 depth=3.3108 depth2=-1.0000 track=2 sf=9 flag=ok
[T2depth] t=117.7000 id=7974 src=motion2 u=159.8 v=359.1 depth=1.8963 depth2=-1.0000 track=2 sf=9 flag=ok
[T2depth] t=117.7000 id=7975 src=motion2 u=601.3 v=367.9 depth=5.0000 depth2=-1.0000 track=2 sf=9 flag=init_neg
[T2depth] t=117.7000 id=7976 src=motion2 u=614.3 v=417.6 depth=198.8825 depth2=-1.0000 track=2 sf=9 flag=ok
[T2depth] t=117.7000 id=7977 src=motion2 u=282.1 v=358.4 depth=2.6387 depth2=-1.0000 track=2 sf=9 flag=ok
[T2depth] t=117.7000 id=7978 src=motion2 u=554.4 v=346.3 depth=19.0650 depth2=-1.0000 track=2 sf=9 flag=ok
[T2depth] t=117.7000 id=7979 src=motion2 u=57.4 v=336.8 depth=1.5345 depth2=-1.0000 track=2 sf=9 flag=ok
[T2xcross] t=117.7000 id=7980 est=5.0000 svd=3.8202 rel=0.2360 track=2 sf=9
[T2depth] t=117.7000 id=7981 src=motion2 u=355.2 v=431.8 depth=2.9639 depth2=-1.0000 track=2 sf=9 flag=ok
[T2depth] t=117.7000 id=7982 src=motion2 u=635.5 v=357.2 depth=5.0000 depth2=-1.0000 track=2 sf=9 flag=init_neg
[T2depth] t=117.7000 id=7983 src=motion2 u=15.1 v=379.8 depth=1.3636 depth2=-1.0000 track=2 sf=9 flag=ok
[T2depth] t=117.7000 id=7984 src=motion2 u=422.4 v=422.2 depth=4.0642 depth2=-1.0000 track=2 sf=9 flag=ok
[T2depth] t=117.7000 id=7985 src=motion2 u=208.6 v=407.9 depth=2.0354 depth2=-1.0000 track=2 sf=9 flag=ok
[T2depth] t=117.7000 id=7986 src=motion2 u=268.0 v=422.0 depth=2.3058 depth2=-1.0000 track=2 sf=9 flag=ok
[T2depth] t=117.7000 id=7987 src=motion2 u=474.4 v=453.9 depth=4.7675 depth2=-1.0000 track=2 sf=9 flag=ok
[T2depth] t=117.7000 id=7988 src=motion2 u=186.9 v=325.6 depth=2.1397 depth2=-1.0000 track=2 sf=9 flag=ok
[T2depth] t=117.7000 id=7989 src=motion2 u=290.0 v=446.8 depth=2.3392 depth2=-1.0000 track=2 sf=9 flag=ok
[T2xcross] t=117.7000 id=7990 est=5.0000 svd=1.8351 rel=0.6330 track=2 sf=9
[T2depth] t=117.7000 id=7991 src=motion2 u=113.8 v=342.5 depth=1.7594 depth2=-1.0000 track=2 sf=9 flag=ok
[T2depth] t=117.7000 id=7993 src=motion2 u=81.6 v=370.1 depth=1.5834 depth2=-1.0000 track=2 sf=9 flag=ok
[T2depth] t=117.7000 id=7996 src=motion2 u=142.2 v=438.4 depth=1.6029 depth2=-1.0000 track=2 sf=9 flag=ok
[T2depth] t=117.7000 id=7998 src=motion2 u=89.7 v=310.7 depth=1.7543 depth2=-1.0000 track=2 sf=9 flag=ok
[T2xcross] t=117.7000 id=7999 est=5.0000 svd=8.2490 rel=0.3939 track=2 sf=9
[T2depth] t=117.7000 id=8000 src=motion2 u=185.7 v=435.1 depth=1.8020 depth2=-1.0000 track=2 sf=9 flag=ok
[T2xcross] t=117.7000 id=8001 est=5.0000 svd=4.1720 rel=0.1656 track=2 sf=9
[T2depth] t=117.7000 id=8005 src=motion2 u=258.9 v=461.6 depth=2.1068 depth2=-1.0000 track=2 sf=9 flag=ok
[T2depth] t=117.7000 id=8007 src=motion2 u=9.1 v=314.4 depth=1.4458 depth2=-1.0000 track=2 sf=9 flag=ok
[T2depth] t=117.7000 id=8008 src=motion2 u=26.9 v=457.9 depth=1.2180 depth2=-1.0000 track=2 sf=9 flag=ok
[T2depth] t=117.7000 id=8009 src=motion2 u=248.2 v=324.3 depth=2.5312 depth2=-1.0000 track=2 sf=9 flag=ok
[T2xcross] t=117.7000 id=8010 est=5.0000 svd=6.4615 rel=0.2262 track=2 sf=9
[T2depth] t=117.7000 id=8013 src=motion2 u=584.8 v=456.6 depth=10.7072 depth2=-1.0000 track=2 sf=9 flag=ok
[T2depth] t=117.7000 id=8014 src=motion2 u=234.9 v=424.2 depth=2.0002 depth2=-1.0000 track=2 sf=9 flag=ok
[T2depth] t=117.7000 id=8015 src=motion2 u=128.0 v=465.6 depth=1.4935 depth2=-1.0000 track=2 sf=9 flag=ok
[T2depth] t=117.7000 id=8018 src=motion2 u=110.0 v=432.4 depth=1.5429 depth2=-1.0000 track=2 sf=9 flag=ok
[T2depth] t=117.7000 id=8019 src=motion2 u=249.8 v=372.0 depth=2.3081 depth2=-1.0000 track=2 sf=9 flag=ok
[T2depth] t=117.7000 id=8020 src=motion2 u=150.9 v=312.5 depth=1.9798 depth2=-1.0000 track=2 sf=9 flag=ok
[T2depth] t=117.7000 id=8023 src=motion2 u=419.3 v=453.2 depth=3.6763 depth2=-1.0000 track=2 sf=9 flag=ok
[T2depth] t=117.7000 id=8024 src=motion2 u=567.5 v=417.1 depth=11.7369 depth2=-1.0000 track=2 sf=9 flag=ok
[T2depth] t=117.7000 id=8027 src=motion2 u=322.3 v=443.6 depth=2.6021 depth2=-1.0000 track=2 sf=9 flag=ok
[T2depth] t=117.7000 id=8029 src=motion2 u=477.4 v=420.6 depth=6.1201 depth2=-1.0000 track=2 sf=9 flag=ok
[T2depth] t=117.7000 id=8030 src=motion2 u=436.4 v=393.7 depth=4.8305 depth2=-1.0000 track=2 sf=9 flag=ok
[T2depth] t=117.7000 id=8031 src=motion2 u=636.7 v=451.0 depth=54.3317 depth2=-1.0000 track=2 sf=9 flag=ok
[T2xcross] t=117.7000 id=8032 est=5.0000 svd=1.8072 rel=0.6386 track=2 sf=9
[T2depth] t=117.7000 id=8033 src=motion2 u=613.6 v=334.5 depth=5.0000 depth2=-1.0000 track=2 sf=9 flag=init_neg
[T2depth] t=117.7000 id=8036 src=motion2 u=56.6 v=466.1 depth=1.2983 depth2=-1.0000 track=2 sf=9 flag=ok
[T2depth] t=117.7000 id=8042 src=motion2 u=147.1 v=281.3 depth=2.1181 depth2=-1.0000 track=2 sf=9 flag=ok
[T2depth] t=117.7000 id=8044 src=motion2 u=274.5 v=291.9 depth=2.7531 depth2=-1.0000 track=2 sf=9 flag=ok
[T2depth] t=117.7000 id=8047 src=motion2 u=448.3 v=438.5 depth=4.3123 depth2=-1.0000 track=2 sf=9 flag=ok
[T2depth] t=117.7000 id=8048 src=motion2 u=46.3 v=292.3 depth=1.6352 depth2=-1.0000 track=2 sf=9 flag=ok
[T2depth] t=117.7000 id=8050 src=motion2 u=194.2 v=292.4 depth=2.2570 depth2=-1.0000 track=2 sf=9 flag=ok
[T2depth] t=117.7000 id=8051 src=motion2 u=177.5 v=469.4 depth=1.6886 depth2=-1.0000 track=2 sf=9 flag=ok
[T2depth] t=117.7000 id=8056 src=motion2 u=525.2 v=375.6 depth=10.4202 depth2=-1.0000 track=2 sf=9 flag=ok
[T2xcross] t=117.7000 id=8057 est=5.0000 svd=8.2321 rel=0.3926 track=2 sf=9
[T2depth] t=117.7000 id=8066 src=motion2 u=364.3 v=332.8 depth=3.6110 depth2=-1.0000 track=2 sf=9 flag=ok
[T2depth] t=117.7000 id=8070 src=motion2 u=1.0 v=440.7 depth=1.1577 depth2=-1.0000 track=2 sf=9 flag=ok
[T2depth] t=117.7000 id=8071 src=motion2 u=115.4 v=292.4 depth=1.8984 depth2=-1.0000 track=2 sf=9 flag=ok
[T2depth] t=117.7000 id=8077 src=motion2 u=202.3 v=243.2 depth=0.1052 depth2=-1.0000 track=2 sf=9 flag=ok
[T2depth] t=117.7000 id=8095 src=motion2 u=320.0 v=477.1 depth=2.4779 depth2=-1.0000 track=2 sf=9 flag=ok
[T2depth] t=117.7000 id=8101 src=motion2 u=324.0 v=281.1 depth=3.2176 depth2=-1.0000 track=2 sf=9 flag=ok
[T2depth] t=117.7000 id=8102 src=motion2 u=100.2 v=478.0 depth=1.4481 depth2=-1.0000 track=2 sf=9 flag=ok
[T2depth] t=117.7000 id=8115 src=motion2 u=79.2 v=278.0 depth=1.8852 depth2=-1.0000 track=2 sf=9 flag=ok
[T2depth] t=117.7000 id=8117 src=motion2 u=506.0 v=275.0 depth=11.0816 depth2=-1.0000 track=2 sf=9 flag=ok
[T2depth] t=117.7000 id=8121 src=motion2 u=142.0 v=384.1 depth=1.7730 depth2=-1.0000 track=2 sf=9 flag=ok
[T2gate] t=117.7000 tri=301 rej=0 xrej=0 init_replace=3 gate=0
[T2slv] t=117.7000 phase=1 init_cost=381.887 final_cost=343.429 iters=8 term=0 slv_ms=6.6
[T2diag] t=117.7000 P=[0.1566 0.3369 0.0117] V=[-0.0018 0.0020 0.0056] |Bas|=0.333771 |Bgs|=0.0022373 tic0=[0.1200 0.0500 -0.0200] tic1=[0.1200 -0.0500 -0.0200] td=0.00000 track=115
[E2uls] flag=1 sh_t=117.724 new_t=117.724 dP=[0.0001 0.0003 0.0010] |dP|=0.0010 first_dt=-1.0000
time: 117.700000, t: 0.156636 0.336853 0.011738 q: 0.999704 -0.009035 -0.022416 -0.002706 
[T2depth] t=117.8000 id=8086 src=motion2 u=215.5 v=450.1 depth=3.9472 depth2=-1.0000 track=2 sf=9 flag=ok
[T2depth] t=117.8000 id=8091 src=motion2 u=2.0 v=408.1 depth=2.6055 depth2=-1.0000 track=2 sf=9 flag=ok
[T2depth] t=117.8000 id=8073 src=stereo u=296.6 v=409.9 depth=1.4348 depth2=-1.0000 track=1 sf=10 flag=ok
[T2gate] t=117.8000 tri=218 rej=0 xrej=0 init_replace=0 gate=0
[T2slv] t=117.8000 phase=1 init_cost=292.23 final_cost=282.943 iters=9 term=1 slv_ms=7.6
[T2diag] t=117.8000 P=[0.1563 0.3370 0.0114] V=[-0.0012 0.0028 0.0041] |Bas|=0.330142 |Bgs|=0.0020830 tic0=[0.1200 0.0500 -0.0200] tic1=[0.1200 -0.0500 -0.0200] td=0.00000 track=115
[E2uls] flag=1 sh_t=117.824 new_t=117.824 dP=[0.0002 0.0004 0.0012] |dP|=0.0013 first_dt=-1.0000
time: 117.800000, t: 0.156299 0.336951 0.011400 q: 0.999706 -0.008957 -0.022385 -0.002716 
[T2depth] t=117.9000 id=7911 src=motion2 u=534.9 v=409.2 depth=5.0000 depth2=-1.0000 track=2 sf=9 flag=init_neg
[T2xcross] t=117.9000 id=8073 est=1.4348 svd=25.8364 rel=0.9445 track=2 sf=9
[T2depth] t=117.9000 id=8479 src=motion2 u=304.0 v=241.0 depth=3.6572 depth2=-1.0000 track=2 sf=9 flag=ok
[T2depth] t=117.9000 id=8483 src=motion2 u=459.0 v=243.0 depth=5.0000 depth2=-1.0000 track=2 sf=9 flag=init_neg
[T2depth] t=117.9000 id=8505 src=stereo u=406.0 v=269.0 depth=0.9776 depth2=-1.0000 track=1 sf=10 flag=ok
[T2gate] t=117.9000 tri=185 rej=0 xrej=0 init_replace=2 gate=0
[T2slv] t=117.9000 phase=1 init_cost=948.453 final_cost=526.956 iters=8 term=0 slv_ms=11.9
[T2diag] t=117.9000 P=[0.1561 0.3373 0.0117] V=[-0.0017 0.0025 0.0036] |Bas|=0.330981 |Bgs|=0.0020656 tic0=[0.1200 0.0500 -0.0200] tic1=[0.1200 -0.0500 -0.0200] td=0.00000 track=118
[E2uls] flag=1 sh_t=117.924 new_t=117.924 dP=[-0.0001 0.0003 0.0002] |dP|=0.0004 first_dt=-1.0000
time: 117.900000, t: 0.156096 0.337338 0.011677 q: 0.999705 -0.009008 -0.022388 -0.002834 
[T2depth] t=118.0000 id=8487 src=motion2 u=221.0 v=243.0 depth=0.0673 depth2=-1.0000 track=2 sf=9 flag=ok
[T2depth] t=118.0000 id=7969 src=stereo u=112.6 v=393.7 depth=7.1853 depth2=-1.0000 track=1 sf=10 flag=ok
[T2depth] t=118.0000 id=7980 src=stereo u=279.3 v=326.1 depth=5.0000 depth2=-1.0000 track=1 sf=10 flag=init_neg
[T2depth] t=118.0000 id=7990 src=stereo u=64.3 v=428.4 depth=5.0000 depth2=-1.0000 track=1 sf=10 flag=init_neg
[T2depth] t=118.0000 id=8001 src=stereo u=389.3 v=446.2 depth=5.0000 depth2=-1.0000 track=1 sf=10 flag=init_neg
[T2depth] t=118.0000 id=8010 src=stereo u=513.5 v=463.3 depth=5.0000 depth2=-1.0000 track=1 sf=10 flag=init_neg
[T2depth] t=118.0000 id=8032 src=stereo u=31.6 v=414.0 depth=5.0000 depth2=-1.0000 track=1 sf=10 flag=init_neg
[T2depth] t=118.0000 id=8057 src=stereo u=513.1 v=431.8 depth=5.0000 depth2=-1.0000 track=1 sf=10 flag=init_neg
[T2gate] t=118.0000 tri=189 rej=0 xrej=0 init_replace=6 gate=0
[T2slv] t=118.0000 phase=1 init_cost=298.014 final_cost=285.838 iters=9 term=1 slv_ms=11.2
[T2diag] t=118.0000 P=[0.1561 0.3373 0.0111] V=[-0.0016 0.0032 -0.0002] |Bas|=0.331856 |Bgs|=0.0018783 tic0=[0.1200 0.0500 -0.0200] tic1=[0.1200 -0.0500 -0.0200] td=0.00000 track=111
[E2uls] flag=1 sh_t=118.032 new_t=118.032 dP=[-0.0003 0.0010 0.0011] |dP|=0.0015 first_dt=-1.0000
time: 118.000000, t: 0.156062 0.337251 0.011132 q: 0.999700 -0.008804 -0.022690 -0.002850 
[T2xcross] t=118.0720 id=7980 est=5.0000 svd=0.0472 rel=0.9906 track=2 sf=9
[T2depth] t=118.0720 id=7999 src=motion2 u=540.7 v=443.1 depth=0.6482 depth2=-1.0000 track=2 sf=9 flag=ok
[T2xcross] t=118.0720 id=8001 est=5.0000 svd=0.3749 rel=0.9250 track=2 sf=9
[T2xcross] t=118.0720 id=8010 est=5.0000 svd=0.6517 rel=0.8697 track=2 sf=9
[T2xcross] t=118.0720 id=8057 est=5.0000 svd=0.7069 rel=0.8586 track=2 sf=9
[T2gate] t=118.0720 tri=196 rej=0 xrej=0 init_replace=0 gate=0
[T2slv] t=118.0720 phase=1 init_cost=294.941 final_cost=285.798 iters=9 term=1 slv_ms=10.9
[T2diag] t=118.0720 P=[0.1561 0.3372 0.0111] V=[0.0034 0.0025 0.0017] |Bas|=0.332421 |Bgs|=0.0018173 tic0=[0.1200 0.0500 -0.0200] tic1=[0.1200 -0.0500 -0.0200] td=0.00000 track=105
[E2uls] flag=1 sh_t=118.104 new_t=118.104 dP=[0.0001 0.0007 0.0000] |dP|=0.0007 first_dt=-1.0000
time: 118.072000, t: 0.156099 0.337181 0.011120 q: 0.999702 -0.008764 -0.022598 -0.002811 
[T2xcross] t=118.1720 id=8505 est=0.9776 svd=3.0484 rel=0.6793 track=2 sf=9
[T2xcross] t=118.1720 id=7969 est=7.1853 svd=1.8799 rel=0.7384 track=2 sf=9
[T2xcross] t=118.1720 id=7990 est=5.0000 svd=1.9306 rel=0.6139 track=2 sf=9
[T2xcross] t=118.1720 id=7999 est=0.6482 svd=2.5136 rel=0.7421 track=2 sf=9
[T2xcross] t=118.1720 id=8032 est=5.0000 svd=1.7946 rel=0.6411 track=2 sf=9
[T2depth] t=118.1720 id=7933 src=motion2 u=519.1 v=303.9 depth=2.9264 depth2=-1.0000 track=2 sf=9 flag=ok
[T2depth] t=118.1720 id=7965 src=motion2 u=557.4 v=382.7 depth=2.8095 depth2=-1.0000 track=2 sf=9 flag=ok
[T2depth] t=118.1720 id=7970 src=motion2 u=518.4 v=345.4 depth=2.9497 depth2=-1.0000 track=2 sf=9 flag=ok
[T2depth] t=118.1720 id=7975 src=motion2 u=601.3 v=367.9 depth=2.6372 depth2=-1.0000 track=2 sf=9 flag=ok
[T2depth] t=118.1720 id=7976 src=motion2 u=614.3 v=417.6 depth=2.4886 depth2=-1.0000 track=2 sf=9 flag=ok
[T2depth] t=118.1720 id=7978 src=motion2 u=554.4 v=346.3 depth=2.9189 depth2=-1.0000 track=2 sf=9 flag=ok
[T2depth] t=118.1720 id=7982 src=motion2 u=635.5 v=357.2 depth=3.0707 depth2=-1.0000 track=2 sf=9 flag=ok
[T2depth] t=118.1720 id=8013 src=motion2 u=584.8 v=456.6 depth=2.3890 depth2=-1.0000 track=2 sf=9 flag=ok
[T2depth] t=118.1720 id=8024 src=motion2 u=567.5 v=417.1 depth=2.4301 depth2=-1.0000 track=2 sf=9 flag=ok
[T2depth] t=118.1720 id=8031 src=motion2 u=636.8 v=451.0 depth=2.5381 depth2=-1.0000 track=2 sf=9 flag=ok
[T2depth] t=118.1720 id=8033 src=motion2 u=613.6 v=334.5 depth=2.8874 depth2=-1.0000 track=2 sf=9 flag=ok
[T2depth] t=118.1720 id=8056 src=motion2 u=525.2 v=375.6 depth=2.5437 depth2=-1.0000 track=2 sf=9 flag=ok
[T2depth] t=118.1720 id=8117 src=motion2 u=506.0 v=275.0 depth=2.9005 depth2=-1.0000 track=2 sf=9 flag=ok
[T2depth] t=118.1720 id=8542 src=motion2 u=295.0 v=268.0 depth=1.9430 depth2=-1.0000 track=2 sf=9 flag=ok
[T2gate] t=118.1720 tri=196 rej=0 xrej=0 init_replace=0 gate=0
[T2slv] t=118.1720 phase=1 init_cost=296.796 final_cost=285.805 iters=9 term=1 slv_ms=11.2
[T2diag] t=118.1720 P=[0.1562 0.3372 0.0111] V=[0.0033 0.0021 0.0015] |Bas|=0.332775 |Bgs|=0.0017335 tic0=[0.1200 0.0500 -0.0200] tic1=[0.1200 -0.0500 -0.0200] td=0.00000 track=119
[E2uls] flag=1 sh_t=118.200 new_t=118.200 dP=[0.0005 0.0006 0.0005] |dP|=0.0009 first_dt=-1.0000
time: 118.172000, t: 0.156178 0.337220 0.011110 q: 0.999702 -0.008710 -0.022627 -0.002828 
[T2xcross] t=118.3000 id=7911 est=5.0000 svd=1.1875 rel=0.7625 track=2 sf=9
[T2gate] t=118.3000 tri=182 rej=0 xrej=0 init_replace=0 gate=0
[T2slv] t=118.3000 phase=1 init_cost=319.579 final_cost=286.358 iters=9 term=1 slv_ms=13.3
[T2diag] t=118.3000 P=[0.1562 0.3370 0.0111] V=[0.0006 -0.0017 0.0036] |Bas|=0.333614 |Bgs|=0.0016366 tic0=[0.1200 0.0500 -0.0200] tic1=[0.1200 -0.0500 -0.0200] td=0.00000 track=119
[E2uls] flag=1 sh_t=118.344 new_t=118.344 dP=[0.0006 0.0006 0.0007] |dP|=0.0010 first_dt=-1.0000
time: 118.300000, t: 0.156211 0.337002 0.011122 q: 0.999705 -0.008521 -0.022591 -0.002766 
[T2depth] t=118.4000 id=8570 src=motion2 u=17.0 v=246.0 depth=5.0000 depth2=-1.0000 track=2 sf=9 flag=init_neg
[T2gate] t=118.4000 tri=182 rej=0 xrej=0 init_replace=1 gate=0
[T2slv] t=118.4000 phase=1 init_cost=296.087 final_cost=286.172 iters=9 term=1 slv_ms=17.0
[T2diag] t=118.4000 P=[0.1562 0.3370 0.0110] V=[-0.0011 0.0022 -0.0012] |Bas|=0.333820 |Bgs|=0.0016279 tic0=[0.1200 0.0500 -0.0200] tic1=[0.1200 -0.0500 -0.0200] td=0.00000 track=118
[E2uls] flag=1 sh_t=118.448 new_t=118.448 dP=[-0.0002 -0.0004 0.0006] |dP|=0.0008 first_dt=-1.0000
time: 118.400000, t: 0.156167 0.337037 0.010999 q: 0.999701 -0.008677 -0.022701 -0.002841 
[T2depth] t=118.5000 id=8587 src=motion2 u=377.0 v=244.0 depth=0.2562 depth2=-1.0000 track=2 sf=9 flag=ok
[T2gate] t=118.5000 tri=182 rej=0 xrej=0 init_replace=0 gate=0
[T2slv] t=118.5000 phase=1 init_cost=294.51 final_cost=286.155 iters=9 term=1 slv_ms=10.1
[T2diag] t=118.5000 P=[0.1562 0.3372 0.0111] V=[0.0019 0.0005 0.0039] |Bas|=0.334048 |Bgs|=0.0015946 tic0=[0.1200 0.0500 -0.0200] tic1=[0.1200 -0.0500 -0.0200] td=0.00000 track=118
[E2uls] flag=1 sh_t=118.536 new_t=118.536 dP=[-0.0001 0.0000 -0.0000] |dP|=0.0001 first_dt=-1.0000
time: 118.500000, t: 0.156216 0.337156 0.011086 q: 0.999702 -0.008648 -0.022625 -0.002892 
[T2depth] t=118.6000 id=8605 src=motion2 u=17.0 v=246.0 depth=4.2207 depth2=-1.0000 track=2 sf=9 flag=ok
[T2gate] t=118.6000 tri=182 rej=0 xrej=0 init_replace=0 gate=0
[T2slv] t=118.6000 phase=1 init_cost=299.808 final_cost=286.861 iters=9 term=1 slv_ms=10.3
[T2diag] t=118.6000 P=[0.1562 0.3371 0.0110] V=[0.0002 0.0014 0.0003] |Bas|=0.333058 |Bgs|=0.0015647 tic0=[0.1200 0.0500 -0.0200] tic1=[0.1200 -0.0500 -0.0200] td=0.00000 track=118
[E2uls] flag=1 sh_t=118.640 new_t=118.640 dP=[0.0004 0.0002 0.0009] |dP|=0.0010 first_dt=-1.0000
time: 118.600000, t: 0.156216 0.337066 0.010988 q: 0.999698 -0.008804 -0.022767 -0.002808 
[T2gate] t=118.7040 tri=183 rej=0 xrej=0 init_replace=0 gate=0
[T2slv] t=118.7040 phase=1 init_cost=296.78 final_cost=287.234 iters=9 term=1 slv_ms=12.8
[T2diag] t=118.7040 P=[0.1563 0.3373 0.0112] V=[-0.0002 0.0014 0.0019] |Bas|=0.331651 |Bgs|=0.0015888 tic0=[0.1200 0.0500 -0.0200] tic1=[0.1200 -0.0500 -0.0200] td=0.00000 track=117
[E2uls] flag=1 sh_t=118.744 new_t=118.744 dP=[-0.0004 0.0000 0.0001] |dP|=0.0004 first_dt=-1.0000
time: 118.704000, t: 0.156306 0.337259 0.011172 q: 0.999699 -0.008931 -0.022652 -0.002894 
[T2gate] t=118.8360 tri=186 rej=0 xrej=0 init_replace=0 gate=0
[T2slv] t=118.8360 phase=1 init_cost=297.507 final_cost=287.267 iters=9 term=1 slv_ms=13.2
[T2diag] t=118.8360 P=[0.1564 0.3374 0.0113] V=[0.0005 0.0002 -0.0007] |Bas|=0.331852 |Bgs|=0.0015405 tic0=[0.1200 0.0500 -0.0200] tic1=[0.1200 -0.0500 -0.0200] td=0.00000 track=117
[E2uls] flag=1 sh_t=118.872 new_t=118.872 dP=[-0.0003 0.0003 0.0001] |dP|=0.0005 first_dt=-1.0000
time: 118.836000, t: 0.156411 0.337449 0.011337 q: 0.999703 -0.008795 -0.022533 -0.002947 
[T2depth] t=118.9360 id=8655 src=motion2 u=527.0 v=248.0 depth=0.5565 depth2=-1.0000 track=2 sf=9 flag=ok
[T2depth] t=118.9360 id=8666 src=motion2 u=296.0 v=268.0 depth=0.3477 depth2=-1.0000 track=2 sf=9 flag=ok
[T2gate] t=118.9360 tri=185 rej=0 xrej=0 init_replace=0 gate=0
[T2slv] t=118.9360 phase=1 init_cost=295.992 final_cost=287.524 iters=9 term=1 slv_ms=11.8
[T2diag] t=118.9360 P=[0.1566 0.3375 0.0114] V=[0.0004 0.0017 0.0029] |Bas|=0.332186 |Bgs|=0.0014749 tic0=[0.1200 0.0500 -0.0200] tic1=[0.1200 -0.0500 -0.0200] td=0.00000 track=119
[E2uls] flag=1 sh_t=118.968 new_t=118.968 dP=[0.0000 0.0001 0.0003] |dP|=0.0003 first_dt=-1.0000
time: 118.936000, t: 0.156557 0.337510 0.011353 q: 0.999703 -0.008837 -0.022533 -0.002987 
[T2depth] t=119.0360 id=8707 src=stereo u=521.0 v=248.0 depth=3.1281 depth2=-1.0000 track=1 sf=10 flag=ok
[T2gate] t=119.0360 tri=183 rej=0 xrej=0 init_replace=0 gate=0
[T2slv] t=119.0360 phase=1 init_cost=302.526 final_cost=288.16 iters=9 term=1 slv_ms=12.8
[T2diag] t=119.0360 P=[0.1564 0.3373 0.0114] V=[-0.0000 0.0005 0.0070] |Bas|=0.333427 |Bgs|=0.0013665 tic0=[0.1200 0.0500 -0.0200] tic1=[0.1200 -0.0500 -0.0200] td=0.00000 track=118
[E2uls] flag=1 sh_t=119.080 new_t=119.080 dP=[0.0001 0.0013 0.0012] |dP|=0.0018 first_dt=-1.0000
time: 119.036000, t: 0.156440 0.337333 0.011445 q: 0.999703 -0.008877 -0.022537 -0.002819 
[T2xcross] t=119.1360 id=8707 est=3.1281 svd=2.0065 rel=0.3586 track=2 sf=9
[T2depth] t=119.1360 id=8717 src=motion2 u=461.0 v=250.0 depth=1.6802 depth2=-1.0000 track=2 sf=9 flag=ok
[T2gate] t=119.1360 tri=182 rej=0 xrej=0 init_replace=0 gate=0
[T2slv] t=119.1360 phase=1 init_cost=306.289 final_cost=289.389 iters=9 term=1 slv_ms=9.9
[T2diag] t=119.1360 P=[0.1563 0.3373 0.0115] V=[-0.0007 -0.0021 0.0040] |Bas|=0.334879 |Bgs|=0.0012526 tic0=[0.1200 0.0500 -0.0200] tic1=[0.1200 -0.0500 -0.0200] td=0.00000 track=119
[E2uls] flag=1 sh_t=119.164 new_t=119.164 dP=[0.0001 0.0004 0.0013] |dP|=0.0014 first_dt=-1.0000
time: 119.136000, t: 0.156338 0.337272 0.011480 q: 0.999704 -0.008650 -0.022552 -0.002777 
[T2depth] t=119.2360 id=8728 src=motion2 u=421.0 v=243.0 depth=0.4818 depth2=-1.0000 track=2 sf=9 flag=ok
[T2gate] t=119.2360 tri=181 rej=0 xrej=0 init_replace=0 gate=0
[T2slv] t=119.2360 phase=1 init_cost=298.647 final_cost=289.468 iters=9 term=1 slv_ms=10.6
[T2diag] t=119.2360 P=[0.1564 0.3373 0.0115] V=[-0.0009 -0.0030 0.0016] |Bas|=0.336339 |Bgs|=0.0011606 tic0=[0.1200 0.0500 -0.0200] tic1=[0.1200 -0.0500 -0.0200] td=0.00000 track=119
[E2uls] flag=1 sh_t=119.268 new_t=119.268 dP=[-0.0001 -0.0006 0.0001] |dP|=0.0006 first_dt=-1.0000
time: 119.236000, t: 0.156417 0.337305 0.011450 q: 0.999704 -0.008725 -0.022539 -0.002786 
[T2depth] t=119.3360 id=8747 src=motion2 u=286.0 v=244.0 depth=0.1486 depth2=-1.0000 track=2 sf=9 flag=ok
[T2gate] t=119.3360 tri=180 rej=0 xrej=0 init_replace=0 gate=0
[T2slv] t=119.3360 phase=1 init_cost=301.016 final_cost=290.067 iters=9 term=1 slv_ms=10.4
[T2diag] t=119.3360 P=[0.1566 0.3375 0.0116] V=[0.0000 0.0008 0.0039] |Bas|=0.337959 |Bgs|=0.0010809 tic0=[0.1200 0.0500 -0.0200] tic1=[0.1200 -0.0500 -0.0200] td=0.00000 track=119
[E2uls] flag=1 sh_t=119.376 new_t=119.376 dP=[-0.0004 -0.0007 -0.0001] |dP|=0.0009 first_dt=-1.0000
time: 119.336000, t: 0.156620 0.337518 0.011592 q: 0.999706 -0.008739 -0.022427 -0.002924 
[T2depth] t=119.4360 id=8764 src=motion2 u=521.0 v=248.0 depth=1.4331 depth2=-1.0000 track=2 sf=9 flag=ok
[T2depth] t=119.4360 id=8783 src=stereo u=283.0 v=244.0 depth=4.5862 depth2=-1.0000 track=1 sf=10 flag=ok
[T2gate] t=119.4360 tri=182 rej=0 xrej=0 init_replace=0 gate=0
[T2slv] t=119.4360 phase=1 init_cost=299.957 final_cost=290.241 iters=9 term=1 slv_ms=11.4
[T2diag] t=119.4360 P=[0.1566 0.3375 0.0114] V=[-0.0035 0.0024 -0.0006] |Bas|=0.339688 |Bgs|=0.0009950 tic0=[0.1200 0.0500 -0.0200] tic1=[0.1200 -0.0500 -0.0200] td=0.00000 track=119
[E2uls] flag=1 sh_t=119.468 new_t=119.468 dP=[-0.0002 0.0004 0.0005] |dP|=0.0007 first_dt=-1.0000
time: 119.436000, t: 0.156567 0.337484 0.011388 q: 0.999702 -0.008720 -0.022605 -0.002897 
[T2xcross] t=119.5360 id=8783 est=4.5862 svd=19.4892 rel=0.7647 track=2 sf=9
[T2gate] t=119.5360 tri=183 rej=0 xrej=0 init_replace=0 gate=0
[T2slv] t=119.5360 phase=1 init_cost=301.47 final_cost=290.436 iters=9 term=1 slv_ms=11.7
[T2diag] t=119.5360 P=[0.1565 0.3375 0.0113] V=[0.0005 0.0022 -0.0015] |Bas|=0.340503 |Bgs|=0.0009616 tic0=[0.1200 0.0500 -0.0200] tic1=[0.1200 -0.0500 -0.0200] td=0.00000 track=119
[E2uls] flag=1 sh_t=119.576 new_t=119.576 dP=[-0.0002 0.0007 -0.0002] |dP|=0.0007 first_dt=-1.0000
time: 119.536000, t: 0.156538 0.337547 0.011284 q: 0.999702 -0.008631 -0.022664 -0.002938 
[T2gate] t=119.6360 tri=185 rej=0 xrej=0 init_replace=0 gate=0
[T2slv] t=119.6360 phase=1 init_cost=298.816 final_cost=290.353 iters=9 term=1 slv_ms=11.8
[T2diag] t=119.6360 P=[0.1566 0.3377 0.0113] V=[-0.0001 0.0037 0.0024] |Bas|=0.340775 |Bgs|=0.0009301 tic0=[0.1200 0.0500 -0.0200] tic1=[0.1200 -0.0500 -0.0200] td=0.00000 track=118
[E2uls] flag=1 sh_t=119.680 new_t=119.680 dP=[0.0001 0.0005 0.0003] |dP|=0.0006 first_dt=-1.0000
time: 119.636000, t: 0.156596 0.337662 0.011251 q: 0.999701 -0.008594 -0.022693 -0.003005 
[T2gate] t=119.7400 tri=185 rej=0 xrej=0 init_replace=0 gate=0
[T2slv] t=119.7400 phase=1 init_cost=299.195 final_cost=290.544 iters=9 term=1 slv_ms=11.9
[T2diag] t=119.7400 P=[0.1567 0.3379 0.0114] V=[0.0010 0.0074 0.0035] |Bas|=0.341138 |Bgs|=0.0008973 tic0=[0.1200 0.0500 -0.0200] tic1=[0.1200 -0.0500 -0.0200] td=0.00000 track=117
[E2uls] flag=1 sh_t=119.776 new_t=119.776 dP=[-0.0001 0.0006 0.0004] |dP|=0.0008 first_dt=-1.0000
time: 119.740000, t: 0.156707 0.337890 0.011407 q: 0.999702 -0.008616 -0.022641 -0.003131 
[T2xcross] t=119.8360 id=8487 est=0.0673 svd=0.1390 rel=0.5159 track=2 sf=9
[T2depth] t=119.8360 id=8848 src=motion2 u=18.0 v=246.0 depth=5.0000 depth2=-1.0000 track=2 sf=9 flag=init_neg
[T2gate] t=119.8360 tri=184 rej=0 xrej=0 init_replace=1 gate=0
[T2slv] t=119.8360 phase=1 init_cost=327.745 final_cost=291.944 iters=9 term=1 slv_ms=11.1
[T2diag] t=119.8360 P=[0.1564 0.3374 0.0109] V=[-0.0005 0.0003 -0.0026] |Bas|=0.341542 |Bgs|=0.0008168 tic0=[0.1200 0.0500 -0.0200] tic1=[0.1200 -0.0500 -0.0200] td=0.00000 track=117
[E2uls] flag=1 sh_t=119.872 new_t=119.872 dP=[0.0007 0.0017 0.0016] |dP|=0.0025 first_dt=-1.0000
time: 119.836000, t: 0.156431 0.337429 0.010856 q: 0.999694 -0.008476 -0.023070 -0.002916 
[T2gate] t=119.9360 tri=185 rej=0 xrej=0 init_replace=0 gate=0
[T2slv] t=119.9360 phase=1 init_cost=303.601 final_cost=292.269 iters=9 term=1 slv_ms=11.5
[T2diag] t=119.9360 P=[0.1562 0.3371 0.0106] V=[-0.0013 -0.0013 0.0003] |Bas|=0.340548 |Bgs|=0.0008465 tic0=[0.1200 0.0500 -0.0200] tic1=[0.1200 -0.0500 -0.0200] td=0.00000 track=117
[E2uls] flag=1 sh_t=119.968 new_t=119.968 dP=[0.0002 0.0004 0.0004] |dP|=0.0007 first_dt=-1.0000
time: 119.936000, t: 0.156246 0.337069 0.010628 q: 0.999692 -0.008294 -0.023226 -0.002763 
[T2depth] t=120.0360 id=8887 src=motion2 u=404.0 v=269.0 depth=0.2719 depth2=-1.0000 track=2 sf=9 flag=ok
[T2gate] t=120.0360 tri=185 rej=0 xrej=0 init_replace=0 gate=0
[T2slv] t=120.0360 phase=1 init_cost=301.826 final_cost=292.07 iters=9 term=1 slv_ms=10.9
[T2diag] t=120.0360 P=[0.1562 0.3369 0.0108] V=[0.0013 -0.0056 0.0026] |Bas|=0.340608 |Bgs|=0.0008402 tic0=[0.1200 0.0500 -0.0200] tic1=[0.1200 -0.0500 -0.0200] td=0.00000 track=118
[E2uls] flag=1 sh_t=120.072 new_t=120.072 dP=[0.0002 -0.0003 -0.0002] |dP|=0.0004 first_dt=-1.0000
time: 120.036000, t: 0.156189 0.336915 0.010784 q: 0.999697 -0.008224 -0.023062 -0.002637 
[T2gate] t=120.1680 tri=185 rej=0 xrej=0 init_replace=0 gate=0
[T2slv] t=120.1680 phase=1 init_cost=330.518 final_cost=291.665 iters=9 term=1 slv_ms=10.4
[T2diag] t=120.1680 P=[0.1565 0.3375 0.0108] V=[0.0012 0.0034 -0.0009] |Bas|=0.340796 |Bgs|=0.0008294 tic0=[0.1200 0.0500 -0.0200] tic1=[0.1200 -0.0500 -0.0200] td=0.00000 track=117
[E2uls] flag=1 sh_t=120.208 new_t=120.208 dP=[0.0003 -0.0022 0.0001] |dP|=0.0022 first_dt=-1.0000
time: 120.168000, t: 0.156513 0.337458 0.010780 q: 0.999694 -0.008451 -0.023056 -0.002905 
[T2depth] t=120.3000 id=8923 src=motion2 u=315.1 v=244.0 depth=1.8553 depth2=-1.0000 track=2 sf=9 flag=ok
[T2depth] t=120.3000 id=8945 src=stereo u=520.0 v=248.0 depth=3.1315 depth2=-1.0000 track=1 sf=10 flag=ok
[T2gate] t=120.3000 tri=185 rej=0 xrej=0 init_replace=0 gate=0
[T2slv] t=120.3000 phase=1 init_cost=301.927 final_cost=291.814 iters=9 term=1 slv_ms=10.0
[T2diag] t=120.3000 P=[0.1566 0.3376 0.0108] V=[0.0051 0.0036 -0.0008] |Bas|=0.340446 |Bgs|=0.0007781 tic0=[0.1200 0.0500 -0.0200] tic1=[0.1200 -0.0500 -0.0200] td=0.00000 track=118
[E2uls] flag=1 sh_t=120.344 new_t=120.344 dP=[0.0006 0.0004 -0.0007] |dP|=0.0010 first_dt=-1.0000
time: 120.300000, t: 0.156619 0.337632 0.010800 q: 0.999693 -0.008693 -0.023025 -0.002930 
[T2xcross] t=120.4000 id=8945 est=3.1315 svd=9.9738 rel=0.6860 track=2 sf=9
[T2gate] t=120.4000 tri=183 rej=0 xrej=0 init_replace=0 gate=0
[T2slv] t=120.4000 phase=1 init_cost=301.131 final_cost=291.983 iters=9 term=1 slv_ms=13.7
[T2diag] t=120.4000 P=[0.1565 0.3375 0.0106] V=[0.0019 0.0032 -0.0002] |Bas|=0.340349 |Bgs|=0.0007287 tic0=[0.1200 0.0500 -0.0200] tic1=[0.1200 -0.0500 -0.0200] td=0.00000 track=118
[E2uls] flag=1 sh_t=120.436 new_t=120.436 dP=[0.0007 0.0010 -0.0001] |dP|=0.0013 first_dt=-1.0000
time: 120.400000, t: 0.156538 0.337479 0.010644 q: 0.999693 -0.008455 -0.023092 -0.002885 
[T2depth] t=120.5000 id=8977 src=motion2 u=18.0 v=246.0 depth=3.7433 depth2=-1.0000 track=2 sf=9 flag=ok
[T2gate] t=120.5000 tri=186 rej=0 xrej=0 init_replace=0 gate=0
[T2slv] t=120.5000 phase=1 init_cost=302.389 final_cost=291.976 iters=9 term=1 slv_ms=12.4
[T2diag] t=120.5000 P=[0.1565 0.3375 0.0107] V=[0.0048 0.0020 -0.0006] |Bas|=0.341061 |Bgs|=0.0006969 tic0=[0.1200 0.0500 -0.0200] tic1=[0.1200 -0.0500 -0.0200] td=0.00000 track=119
[E2uls] flag=1 sh_t=120.536 new_t=120.536 dP=[0.0002 0.0008 -0.0002] |dP|=0.0009 first_dt=-1.0000
time: 120.500000, t: 0.156531 0.337471 0.010668 q: 0.999694 -0.008377 -0.023080 -0.002902 
[T2gate] t=120.6000 tri=186 rej=0 xrej=0 init_replace=0 gate=0
[T2slv] t=120.6000 phase=1 init_cost=300.863 final_cost=292.19 iters=9 term=1 slv_ms=14.4
[T2diag] t=120.6000 P=[0.1565 0.3374 0.0106] V=[0.0016 0.0015 0.0008] |Bas|=0.341201 |Bgs|=0.0006642 tic0=[0.1200 0.0500 -0.0200] tic1=[0.1200 -0.0500 -0.0200] td=0.00000 track=119
[E2uls] flag=1 sh_t=120.636 new_t=120.636 dP=[0.0005 0.0005 -0.0001] |dP|=0.0007 first_dt=-1.0000
time: 120.600000, t: 0.156487 0.337366 0.010643 q: 0.999692 -0.008534 -0.023129 -0.002812 
[T2gate] t=120.7000 tri=185 rej=0 xrej=0 init_replace=0 gate=0
[T2slv] t=120.7000 phase=1 init_cost=303.971 final_cost=292.216 iters=9 term=1 slv_ms=12.4
[T2diag] t=120.7000 P=[0.1564 0.3374 0.0105] V=[0.0029 0.0001 -0.0012] |Bas|=0.341294 |Bgs|=0.0006690 tic0=[0.1200 0.0500 -0.0200] tic1=[0.1200 -0.0500 -0.0200] td=0.00000 track=118
[E2uls] flag=1 sh_t=120.740 new_t=120.740 dP=[0.0004 0.0007 0.0006] |dP|=0.0010 first_dt=-1.0000
time: 120.700000, t: 0.156432 0.337377 0.010522 q: 0.999690 -0.008402 -0.023254 -0.002826 
[T2gate] t=120.8000 tri=186 rej=0 xrej=0 init_replace=0 gate=0
[T2slv] t=120.8000 phase=1 init_cost=300.751 final_cost=292.155 iters=9 term=1 slv_ms=13.7
[T2diag] t=120.8000 P=[0.1564 0.3373 0.0106] V=[0.0037 0.0021 -0.0001] |Bas|=0.340973 |Bgs|=0.0006575 tic0=[0.1200 0.0500 -0.0200] tic1=[0.1200 -0.0500 -0.0200] td=0.00000 track=118
[E2uls] flag=1 sh_t=120.836 new_t=120.836 dP=[0.0006 0.0002 -0.0003] |dP|=0.0007 first_dt=-1.0000
time: 120.800000, t: 0.156441 0.337332 0.010582 q: 0.999693 -0.008346 -0.023159 -0.002805 
[T2gate] t=120.9000 tri=186 rej=0 xrej=0 init_replace=0 gate=0
[T2slv] t=120.9000 phase=1 init_cost=300.684 final_cost=292.028 iters=9 term=1 slv_ms=14.8
[T2diag] t=120.9000 P=[0.1565 0.3374 0.0104] V=[0.0036 0.0024 -0.0018] |Bas|=0.341147 |Bgs|=0.0006540 tic0=[0.1200 0.0500 -0.0200] tic1=[0.1200 -0.0500 -0.0200] td=0.00000 track=118
[E2uls] flag=1 sh_t=120.940 new_t=120.940 dP=[0.0004 0.0001 0.0002] |dP|=0.0005 first_dt=-1.0000
time: 120.900000, t: 0.156458 0.337445 0.010443 q: 0.999690 -0.008353 -0.023269 -0.002859 
[T2gate] t=121.0000 tri=186 rej=0 xrej=0 init_replace=0 gate=0
[T2slv] t=121.0000 phase=1 init_cost=301.82 final_cost=291.929 iters=9 term=1 slv_ms=14.4
[T2diag] t=121.0000 P=[0.1563 0.3371 0.0104] V=[0.0027 0.0000 -0.0017] |Bas|=0.340727 |Bgs|=0.0006653 tic0=[0.1200 0.0500 -0.0200] tic1=[0.1200 -0.0500 -0.0200] td=0.00000 track=118
[E2uls] flag=1 sh_t=121.048 new_t=121.048 dP=[0.0010 0.0011 0.0000] |dP|=0.0015 first_dt=-1.0000
time: 121.000000, t: 0.156253 0.337138 0.010354 q: 0.999690 -0.008229 -0.023349 -0.002733 
[T2gate] t=121.1000 tri=186 rej=0 xrej=0 init_replace=0 gate=0
[T2slv] t=121.1000 phase=1 init_cost=301.011 final_cost=291.639 iters=9 term=1 slv_ms=12.6
[T2diag] t=121.1000 P=[0.1564 0.3374 0.0103] V=[0.0042 0.0049 -0.0003] |Bas|=0.340582 |Bgs|=0.0006946 tic0=[0.1200 0.0500 -0.0200] tic1=[0.1200 -0.0500 -0.0200] td=0.00000 track=118
[E2uls] flag=1 sh_t=121.144 new_t=121.144 dP=[0.0004 -0.0001 0.0003] |dP|=0.0005 first_dt=-1.0000
time: 121.100000, t: 0.156414 0.337435 0.010320 q: 0.999689 -0.008181 -0.023382 -0.002850 
[T2gate] t=121.2000 tri=186 rej=0 xrej=0 init_replace=0 gate=0
[T2slv] t=121.2000 phase=1 init_cost=302.592 final_cost=291.841 iters=9 term=1 slv_ms=12.9
[T2diag] t=121.2000 P=[0.1562 0.3371 0.0103] V=[0.0042 0.0020 -0.0030] |Bas|=0.340129 |Bgs|=0.0007127 tic0=[0.1200 0.0500 -0.0200] tic1=[0.1200 -0.0500 -0.0200] td=0.00000 track=118
[E2uls] flag=1 sh_t=121.240 new_t=121.240 dP=[0.0009 0.0012 -0.0001] |dP|=0.0015 first_dt=-1.0000
time: 121.200000, t: 0.156245 0.337142 0.010299 q: 0.999688 -0.008187 -0.023443 -0.002702 
[T2gate] t=121.3000 tri=188 rej=0 xrej=0 init_replace=0 gate=0
[T2slv] t=121.3000 phase=1 init_cost=301.473 final_cost=291.681 iters=9 term=1 slv_ms=7.5
[T2diag] t=121.3000 P=[0.1563 0.3372 0.0105] V=[0.0074 0.0032 0.0019] |Bas|=0.339192 |Bgs|=0.0007087 tic0=[0.1200 0.0500 -0.0200] tic1=[0.1200 -0.0500 -0.0200] td=0.00000 track=116
[E2uls] flag=1 sh_t=121.336 new_t=121.336 dP=[0.0006 0.0001 -0.0006] |dP|=0.0009 first_dt=-1.0000
time: 121.300000, t: 0.156348 0.337188 0.010519 q: 0.999693 -0.008235 -0.023215 -0.002735 
[T2depth] t=121.4040 id=8098 src=motion2 u=575.7 v=278.1 depth=5.0000 depth2=-1.0000 track=2 sf=9 flag=init_neg
[T2depth] t=121.4040 id=8105 src=motion2 u=541.7 v=280.1 depth=5.0000 depth2=-1.0000 track=2 sf=9 flag=init_neg
[T2gate] t=121.4040 tri=188 rej=0 xrej=0 init_replace=2 gate=0
[T2slv] t=121.4040 phase=1 init_cost=301.785 final_cost=292.125 iters=9 term=1 slv_ms=13.1
[T2diag] t=121.4040 P=[0.1563 0.3371 0.0105] V=[0.0045 0.0007 0.0018] |Bas|=0.340523 |Bgs|=0.0006389 tic0=[0.1200 0.0500 -0.0200] tic1=[0.1200 -0.0500 -0.0200] td=0.00000 track=118
[E2uls] flag=1 sh_t=121.448 new_t=121.448 dP=[0.0013 0.0007 0.0004] |dP|=0.0016 first_dt=-1.0000
time: 121.404000, t: 0.156318 0.337104 0.010470 q: 0.999692 -0.008163 -0.023277 -0.002697 
[T2gate] t=121.5360 tri=186 rej=0 xrej=0 init_replace=0 gate=0
[T2slv] t=121.5360 phase=1 init_cost=300.952 final_cost=292.163 iters=9 term=1 slv_ms=12.1
[T2diag] t=121.5360 P=[0.1561 0.3369 0.0103] V=[0.0005 -0.0011 -0.0011] |Bas|=0.341258 |Bgs|=0.0005947 tic0=[0.1200 0.0500 -0.0200] tic1=[0.1200 -0.0500 -0.0200] td=0.00000 track=118
[E2uls] flag=1 sh_t=121.576 new_t=121.576 dP=[0.0007 0.0002 0.0004] |dP|=0.0008 first_dt=-1.0000
time: 121.536000, t: 0.156146 0.336940 0.010348 q: 0.999690 -0.008146 -0.023373 -0.002662 
[T2gate] t=121.6360 tri=186 rej=0 xrej=0 init_replace=0 gate=0
[T2slv] t=121.6360 phase=1 init_cost=302.334 final_cost=292.165 iters=9 term=1 slv_ms=5.6
[T2diag] t=121.6360 P=[0.1564 0.3373 0.0104] V=[0.0031 0.0003 0.0006] |Bas|=0.340737 |Bgs|=0.0005823 tic0=[0.1200 0.0500 -0.0200] tic1=[0.1200 -0.0500 -0.0200] td=0.00000 track=118
[E2uls] flag=1 sh_t=121.664 new_t=121.664 dP=[-0.0003 -0.0008 -0.0002] |dP|=0.0008 first_dt=-1.0000
time: 121.636000, t: 0.156373 0.337314 0.010419 q: 0.999691 -0.008279 -0.023267 -0.002805 
[T2gate] t=121.7360 tri=186 rej=0 xrej=0 init_replace=0 gate=0
[T2slv] t=121.7360 phase=1 init_cost=301.337 final_cost=292.626 iters=9 term=1 slv_ms=10.6
[T2diag] t=121.7360 P=[0.1565 0.3374 0.0106] V=[0.0015 0.0003 0.0036] |Bas|=0.342269 |Bgs|=0.0005316 tic0=[0.1200 0.0500 -0.0200] tic1=[0.1200 -0.0500 -0.0200] td=0.00000 track=118
[E2uls] flag=1 sh_t=121.768 new_t=121.768 dP=[0.0001 0.0000 0.0000] |dP|=0.0001 first_dt=-1.0000
time: 121.736000, t: 0.156485 0.337413 0.010647 q: 0.999694 -0.008199 -0.023149 -0.002878 
[T2gate] t=121.8360 tri=186 rej=0 xrej=0 init_replace=0 gate=0
[T2slv] t=121.8360 phase=1 init_cost=301.323 final_cost=292.593 iters=9 term=1 slv_ms=10.6
[T2diag] t=121.8360 P=[0.1563 0.3372 0.0105] V=[-0.0003 0.0018 -0.0007] |Bas|=0.343542 |Bgs|=0.0004817 tic0=[0.1200 0.0500 -0.0200] tic1=[0.1200 -0.0500 -0.0200] td=0.00000 track=118
[E2uls] flag=1 sh_t=121.872 new_t=121.872 dP=[0.0004 0.0004 0.0005] |dP|=0.0008 first_dt=-1.0000
time: 121.836000, t: 0.156330 0.337219 0.010463 q: 0.999690 -0.008241 -0.023323 -0.002799 
[T2gate] t=121.9400 tri=185 rej=0 xrej=0 init_replace=0 gate=0
[T2slv] t=121.9400 phase=1 init_cost=300.711 final_cost=292.55 iters=9 term=1 slv_ms=13.0
[T2diag] t=121.9400 P=[0.1562 0.3371 0.0104] V=[0.0003 -0.0003 -0.0003] |Bas|=0.343719 |Bgs|=0.0004681 tic0=[0.1200 0.0500 -0.0200] tic1=[0.1200 -0.0500 -0.0200] td=0.00000 track=118
[E2uls] flag=1 sh_t=121.976 new_t=121.976 dP=[0.0003 0.0003 0.0003] |dP|=0.0005 first_dt=-1.0000
time: 121.940000, t: 0.156229 0.337069 0.010365 q: 0.999690 -0.008109 -0.023375 -0.002750 
[T2gate] t=122.0360 tri=185 rej=0 xrej=0 init_replace=0 gate=0
[T2slv] t=122.0360 phase=1 init_cost=300.944 final_cost=292.69 iters=9 term=1 slv_ms=11.1
[T2diag] t=122.0360 P=[0.1564 0.3373 0.0105] V=[0.0026 0.0047 0.0005] |Bas|=0.343742 |Bgs|=0.0004550 tic0=[0.1200 0.0500 -0.0200] tic1=[0.1200 -0.0500 -0.0200] td=0.00000 track=118
[E2uls] flag=1 sh_t=122.068 new_t=122.068 dP=[0.0001 -0.0000 -0.0001] |dP|=0.0001 first_dt=-1.0000
time: 122.036000, t: 0.156379 0.337283 0.010536 q: 0.999690 -0.008311 -0.023282 -0.002812 
[T2gate] t=122.1360 tri=186 rej=0 xrej=0 init_replace=0 gate=0
[T2slv] t=122.1360 phase=1 init_cost=311.148 final_cost=293.867 iters=9 term=1 slv_ms=10.9
[T2diag] t=122.1360 P=[0.1564 0.3373 0.0107] V=[0.0028 0.0018 0.0035] |Bas|=0.344274 |Bgs|=0.0003728 tic0=[0.1200 0.0500 -0.0200] tic1=[0.1200 -0.0500 -0.0200] td=0.00000 track=118
[E2uls] flag=1 sh_t=122.168 new_t=122.168 dP=[0.0006 0.0013 -0.0005] |dP|=0.0015 first_dt=-1.0000
time: 122.136000, t: 0.156432 0.337253 0.010688 q: 0.999696 -0.008191 -0.023093 -0.002833 
[T2gate] t=122.2360 tri=186 rej=0 xrej=0 init_replace=0 gate=0
[T2slv] t=122.2360 phase=1 init_cost=302.619 final_cost=293.966 iters=9 term=1 slv_ms=12.3
[T2diag] t=122.2360 P=[0.1564 0.3372 0.0105] V=[0.0003 -0.0015 -0.0019] |Bas|=0.345762 |Bgs|=0.0003147 tic0=[0.1200 0.0500 -0.0200] tic1=[0.1200 -0.0500 -0.0200] td=0.00000 track=118
[E2uls] flag=1 sh_t=122.272 new_t=122.272 dP=[0.0003 0.0000 0.0005] |dP|=0.0006 first_dt=-1.0000
time: 122.236000, t: 0.156353 0.337168 0.010465 q: 0.999691 -0.008241 -0.023295 -0.002787 
[T2gate] t=122.3360 tri=185 rej=0 xrej=0 init_replace=0 gate=0
[T2slv] t=122.3360 phase=1 init_cost=303.738 final_cost=294.221 iters=9 term=1 slv_ms=10.5
[T2diag] t=122.3360 P=[0.1564 0.3372 0.0105] V=[0.0016 -0.0005 0.0030] |Bas|=0.345440 |Bgs|=0.0002873 tic0=[0.1200 0.0500 -0.0200] tic1=[0.1200 -0.0500 -0.0200] td=0.00000 track=118
[E2uls] flag=1 sh_t=122.364 new_t=122.364 dP=[0.0003 -0.0000 -0.0004] |dP|=0.0004 first_dt=-1.0000
time: 122.336000, t: 0.156394 0.337161 0.010525 q: 0.999693 -0.008326 -0.023187 -0.002780 
[T2gate] t=122.4360 tri=184 rej=0 xrej=0 init_replace=0 gate=0
[T2slv] t=122.4360 phase=1 init_cost=307.594 final_cost=294.338 iters=9 term=1 slv_ms=12.5
[T2diag] t=122.4360 P=[0.1563 0.3369 0.0103] V=[-0.0004 -0.0035 -0.0027] |Bas|=0.345940 |Bgs|=0.0002927 tic0=[0.1200 0.0500 -0.0200] tic1=[0.1200 -0.0500 -0.0200] td=0.00000 track=118
[E2uls] flag=1 sh_t=122.480 new_t=122.480 dP=[0.0007 0.0006 0.0007] |dP|=0.0011 first_dt=-1.0000
time: 122.436000, t: 0.156305 0.336939 0.010250 q: 0.999687 -0.008163 -0.023485 -0.002651 
[T2gate] t=122.5360 tri=185 rej=0 xrej=0 init_replace=0 gate=0
[T2slv] t=122.5360 phase=1 init_cost=302.604 final_cost=293.807 iters=9 term=1 slv_ms=10.9
[T2diag] t=122.5360 P=[0.1563 0.3372 0.0101] V=[-0.0008 0.0013 -0.0043] |Bas|=0.344681 |Bgs|=0.0003681 tic0=[0.1200 0.0500 -0.0200] tic1=[0.1200 -0.0500 -0.0200] td=0.00000 track=118
[E2uls] flag=1 sh_t=122.568 new_t=122.568 dP=[-0.0004 -0.0003 -0.0003] |dP|=0.0006 first_dt=-1.0000
time: 122.536000, t: 0.156300 0.337162 0.010115 q: 0.999685 -0.008157 -0.023564 -0.002745 
[T2gate] t=122.6360 tri=185 rej=0 xrej=0 init_replace=0 gate=0
[T2slv] t=122.6360 phase=1 init_cost=306.394 final_cost=293.547 iters=9 term=1 slv_ms=10.5
[T2diag] t=122.6360 P=[0.1562 0.3371 0.0102] V=[0.0004 -0.0005 -0.0004] |Bas|=0.343189 |Bgs|=0.0004033 tic0=[0.1200 0.0500 -0.0200] tic1=[0.1200 -0.0500 -0.0200] td=0.00000 track=118
[E2uls] flag=1 sh_t=122.668 new_t=122.668 dP=[-0.0003 0.0003 -0.0008] |dP|=0.0009 first_dt=-1.0000
time: 122.636000, t: 0.156239 0.337105 0.010216 q: 0.999688 -0.008303 -0.023400 -0.002681 
[T2gate] t=122.7360 tri=184 rej=0 xrej=0 init_replace=0 gate=0
[T2slv] t=122.7360 phase=1 init_cost=308.558 final_cost=294.554 iters=9 term=1 slv_ms=11.0
[T2diag] t=122.7360 P=[0.1563 0.3370 0.0104] V=[0.0029 -0.0006 0.0030] |Bas|=0.343530 |Bgs|=0.0003694 tic0=[0.1200 0.0500 -0.0200] tic1=[0.1200 -0.0500 -0.0200] td=0.00000 track=118
[E2uls] flag=1 sh_t=122.768 new_t=122.768 dP=[0.0001 0.0004 -0.0003] |dP|=0.0005 first_dt=-1.0000
time: 122.736000, t: 0.156305 0.337011 0.010397 q: 0.999696 -0.008041 -0.023146 -0.002709 
[T2gate] t=122.8360 tri=184 rej=0 xrej=0 init_replace=0 gate=0
[T2slv] t=122.8360 phase=1 init_cost=307.443 final_cost=294.665 iters=9 term=1 slv_ms=12.0
[T2diag] t=122.8360 P=[0.1562 0.3369 0.0101] V=[0.0001 -0.0016 0.0013] |Bas|=0.346079 |Bgs|=0.0003046 tic0=[0.1200 0.0500 -0.0200] tic1=[0.1200 -0.0500 -0.0200] td=0.00000 track=118
[E2uls] flag=1 sh_t=122.872 new_t=122.872 dP=[0.0009 0.0000 0.0011] |dP|=0.0014 first_dt=-1.0000
time: 122.836000, t: 0.156240 0.336906 0.010128 q: 0.999690 -0.007991 -0.023415 -0.002624 
[T2gate] t=122.9400 tri=185 rej=0 xrej=0 init_replace=0 gate=0
[T2slv] t=122.9400 phase=1 init_cost=315.492 final_cost=294.418 iters=9 term=1 slv_ms=6.0
[T2diag] t=122.9400 P=[0.1563 0.3371 0.0100] V=[0.0013 0.0014 -0.0011] |Bas|=0.346505 |Bgs|=0.0003106 tic0=[0.1200 0.0500 -0.0200] tic1=[0.1200 -0.0500 -0.0200] td=0.00000 track=118
[E2uls] flag=1 sh_t=122.976 new_t=122.976 dP=[0.0004 -0.0007 0.0007] |dP|=0.0011 first_dt=-1.0000
time: 122.940000, t: 0.156282 0.337147 0.010038 q: 0.999687 -0.007989 -0.023531 -0.002752 
[T2gate] t=123.0360 tri=186 rej=0 xrej=0 init_replace=0 gate=0
[T2slv] t=123.0360 phase=1 init_cost=305.557 final_cost=294.67 iters=9 term=1 slv_ms=10.8
[T2diag] t=123.0360 P=[0.1562 0.3370 0.0100] V=[0.0002 -0.0012 0.0005] |Bas|=0.347060 |Bgs|=0.0003099 tic0=[0.1200 0.0500 -0.0200] tic1=[0.1200 -0.0500 -0.0200] td=0.00000 track=118
[E2uls] flag=1 sh_t=123.068 new_t=123.068 dP=[0.0004 0.0004 -0.0002] |dP|=0.0006 first_dt=-1.0000
time: 123.036000, t: 0.156241 0.337018 0.010002 q: 0.999687 -0.007935 -0.023558 -0.002666 
[T2gate] t=123.1360 tri=186 rej=0 xrej=0 init_replace=0 gate=0
[T2slv] t=123.1360 phase=1 init_cost=303.865 final_cost=295.103 iters=9 term=1 slv_ms=11.1
[T2diag] t=123.1360 P=[0.1563 0.3370 0.0101] V=[-0.0005 -0.0045 0.0016] |Bas|=0.347469 |Bgs|=0.0003391 tic0=[0.1200 0.0500 -0.0200] tic1=[0.1200 -0.0500 -0.0200] td=0.00000 track=117
[E2uls] flag=1 sh_t=123.164 new_t=123.164 dP=[0.0000 -0.0004 0.0000] |dP|=0.0004 first_dt=-1.0000
time: 123.136000, t: 0.156322 0.337004 0.010073 q: 0.999689 -0.007941 -0.023491 -0.002625 
[T2depth] t=123.2360 id=9597 src=motion2 u=315.0 v=244.0 depth=5.0000 depth2=-1.0000 track=2 sf=9 flag=init_neg
[T2gate] t=123.2360 tri=186 rej=0 xrej=0 init_replace=1 gate=0
[T2slv] t=123.2360 phase=1 init_cost=314.431 final_cost=294.826 iters=9 term=1 slv_ms=11.3
[T2diag] t=123.2360 P=[0.1564 0.3372 0.0101] V=[0.0005 -0.0004 0.0005] |Bas|=0.348356 |Bgs|=0.0003504 tic0=[0.1200 0.0500 -0.0200] tic1=[0.1200 -0.0500 -0.0200] td=0.00000 track=118
[E2uls] flag=1 sh_t=123.280 new_t=123.280 dP=[-0.0004 -0.0014 0.0004] |dP|=0.0015 first_dt=-1.0000
time: 123.236000, t: 0.156398 0.337212 0.010066 q: 0.999687 -0.007993 -0.023555 -0.002759 
[T2gate] t=123.3360 tri=184 rej=0 xrej=0 init_replace=0 gate=0
[T2slv] t=123.3360 phase=1 init_cost=303.792 final_cost=295.028 iters=9 term=1 slv_ms=12.3
[T2diag] t=123.3360 P=[0.1565 0.3374 0.0103] V=[0.0009 0.0026 0.0025] |Bas|=0.349019 |Bgs|=0.0003318 tic0=[0.1200 0.0500 -0.0200] tic1=[0.1200 -0.0500 -0.0200] td=0.00000 track=118
[E2uls] flag=1 sh_t=123.376 new_t=123.376 dP=[-0.0003 -0.0004 0.0003] |dP|=0.0006 first_dt=-1.0000
time: 123.336000, t: 0.156541 0.337418 0.010315 q: 0.999690 -0.008044 -0.023411 -0.002850 
[T2gate] t=123.4360 tri=184 rej=0 xrej=0 init_replace=0 gate=0
[T2slv] t=123.4360 phase=1 init_cost=306.014 final_cost=295.001 iters=9 term=1 slv_ms=11.0
[T2diag] t=123.4360 P=[0.1564 0.3373 0.0100] V=[-0.0002 0.0004 -0.0032] |Bas|=0.350169 |Bgs|=0.0003087 tic0=[0.1200 0.0500 -0.0200] tic1=[0.1200 -0.0500 -0.0200] td=0.00000 track=118
[E2uls] flag=1 sh_t=123.472 new_t=123.472 dP=[0.0004 0.0005 0.0007] |dP|=0.0009 first_dt=-1.0000
time: 123.436000, t: 0.156366 0.337262 0.010040 q: 0.999684 -0.007925 -0.023712 -0.002776 
[T2gate] t=123.5360 tri=185 rej=0 xrej=0 init_replace=0 gate=0
[T2slv] t=123.5360 phase=1 init_cost=307.184 final_cost=295.011 iters=9 term=1 slv_ms=12.9
[T2diag] t=123.5360 P=[0.1565 0.3373 0.0103] V=[0.0012 0.0014 0.0010] |Bas|=0.348961 |Bgs|=0.0002972 tic0=[0.1200 0.0500 -0.0200] tic1=[0.1200 -0.0500 -0.0200] td=0.00000 track=118
[E2uls] flag=1 sh_t=123.576 new_t=123.576 dP=[0.0001 -0.0003 -0.0009] |dP|=0.0009 first_dt=-1.0000
time: 123.536000, t: 0.156456 0.337327 0.010255 q: 0.999689 -0.008033 -0.023435 -0.002818 
[T2gate] t=123.6360 tri=185 rej=0 xrej=0 init_replace=0 gate=0
[T2slv] t=123.6360 phase=1 init_cost=306.178 final_cost=295.683 iters=9 term=1 slv_ms=10.8
[T2diag] t=123.6360 P=[0.1566 0.3374 0.0105] V=[0.0042 0.0028 0.0046] |Bas|=0.348924 |Bgs|=0.0002650 tic0=[0.1200 0.0500 -0.0200] tic1=[0.1200 -0.0500 -0.0200] td=0.00000 track=117
[E2uls] flag=1 sh_t=123.672 new_t=123.672 dP=[0.0007 -0.0001 -0.0002] |dP|=0.0007 first_dt=-1.0000
time: 123.636000, t: 0.156631 0.337447 0.010469 q: 0.999691 -0.008301 -0.023247 -0.002849 
[T2gate] t=123.7360 tri=186 rej=0 xrej=0 init_replace=0 gate=0
[T2slv] t=123.7360 phase=1 init_cost=305.628 final_cost=296.547 iters=9 term=1 slv_ms=14.1
[T2diag] t=123.7360 P=[0.1565 0.3373 0.0104] V=[-0.0009 -0.0033 0.0017] |Bas|=0.350316 |Bgs|=0.0002485 tic0=[0.1200 0.0500 -0.0200] tic1=[0.1200 -0.0500 -0.0200] td=0.00000 track=117
[E2uls] flag=1 sh_t=123.784 new_t=123.784 dP=[0.0006 0.0003 0.0003] |dP|=0.0008 first_dt=-1.0000
time: 123.736000, t: 0.156535 0.337281 0.010423 q: 0.999692 -0.008096 -0.023282 -0.002800 
[T2gate] t=123.8360 tri=186 rej=0 xrej=0 init_replace=0 gate=0
[T2slv] t=123.8360 phase=1 init_cost=372.637 final_cost=297.413 iters=9 term=1 slv_ms=12.0
[T2diag] t=123.8360 P=[0.1565 0.3373 0.0104] V=[0.0010 0.0023 0.0009] |Bas|=0.350756 |Bgs|=0.0002189 tic0=[0.1200 0.0500 -0.0200] tic1=[0.1200 -0.0500 -0.0200] td=0.00000 track=117
[E2uls] flag=1 sh_t=123.872 new_t=123.872 dP=[-0.0000 -0.0011 -0.0002] |dP|=0.0011 first_dt=-1.0000
time: 123.836000, t: 0.156479 0.337308 0.010429 q: 0.999692 -0.008328 -0.023224 -0.002839 
[T2gate] t=123.9400 tri=188 rej=0 xrej=0 init_replace=0 gate=0
[T2slv] t=123.9400 phase=1 init_cost=305.669 final_cost=297.315 iters=9 term=1 slv_ms=10.1
[T2diag] t=123.9400 P=[0.1567 0.3375 0.0105] V=[-0.0012 0.0015 0.0003] |Bas|=0.351278 |Bgs|=0.0002180 tic0=[0.1200 0.0500 -0.0200] tic1=[0.1200 -0.0500 -0.0200] td=0.00000 track=116
[E2uls] flag=1 sh_t=123.976 new_t=123.976 dP=[-0.0002 -0.0000 0.0002] |dP|=0.0003 first_dt=-1.0000
time: 123.940000, t: 0.156654 0.337527 0.010509 q: 0.999689 -0.008481 -0.023280 -0.002878 
[T2depth] t=124.0360 id=7987 src=motion2 u=474.5 v=454.0 depth=5.0000 depth2=-1.0000 track=2 sf=9 flag=init_neg
[T2gate] t=124.0360 tri=188 rej=0 xrej=0 init_replace=1 gate=0
[T2slv] t=124.0360 phase=1 init_cost=308.519 final_cost=297.406 iters=9 term=1 slv_ms=11.8
[T2diag] t=124.0360 P=[0.1566 0.3373 0.0105] V=[-0.0015 -0.0006 0.0009] |Bas|=0.350570 |Bgs|=0.0002328 tic0=[0.1200 0.0500 -0.0200] tic1=[0.1200 -0.0500 -0.0200] td=0.00000 track=117
[E2uls] flag=1 sh_t=124.072 new_t=124.072 dP=[-0.0001 0.0008 -0.0001] |dP|=0.0008 first_dt=-1.0000
time: 124.036000, t: 0.156577 0.337319 0.010529 q: 0.999692 -0.008401 -0.023202 -0.002782 
[T2gate] t=124.1360 tri=185 rej=0 xrej=0 init_replace=0 gate=0
[T2slv] t=124.1360 phase=1 init_cost=308.3 final_cost=298.206 iters=9 term=1 slv_ms=9.9
[T2diag] t=124.1360 P=[0.1567 0.3374 0.0107] V=[0.0011 0.0008 0.0051] |Bas|=0.350686 |Bgs|=0.0002815 tic0=[0.1200 0.0500 -0.0200] tic1=[0.1200 -0.0500 -0.0200] td=0.00000 track=117
[E2uls] flag=1 sh_t=124.168 new_t=124.168 dP=[-0.0002 0.0003 0.0001] |dP|=0.0004 first_dt=-1.0000
time: 124.136000, t: 0.156687 0.337367 0.010743 q: 0.999695 -0.008543 -0.023023 -0.002786 
[T2gate] t=124.2360 tri=185 rej=0 xrej=0 init_replace=0 gate=0
[T2slv] t=124.2360 phase=1 init_cost=310.967 final_cost=298.766 iters=9 term=1 slv_ms=11.1
[T2diag] t=124.2360 P=[0.1566 0.3374 0.0106] V=[-0.0030 -0.0006 0.0017] |Bas|=0.353343 |Bgs|=0.0003245 tic0=[0.1200 0.0500 -0.0200] tic1=[0.1200 -0.0500 -0.0200] td=0.00000 track=117
[E2uls] flag=1 sh_t=124.272 new_t=124.272 dP=[0.0002 0.0003 0.0011] |dP|=0.0011 first_dt=-1.0000
time: 124.236000, t: 0.156584 0.337375 0.010553 q: 0.999692 -0.008153 -0.023264 -0.002831 
[T2depth] t=124.3360 id=9851 src=motion2 u=315.0 v=244.0 depth=5.0000 depth2=-1.0000 track=2 sf=9 flag=init_neg
[T2gate] t=124.3360 tri=186 rej=0 xrej=0 init_replace=1 gate=0
[T2slv] t=124.3360 phase=1 init_cost=307.745 final_cost=298.681 iters=9 term=1 slv_ms=10.5
[T2diag] t=124.3360 P=[0.1567 0.3376 0.0105] V=[0.0010 0.0022 -0.0002] |Bas|=0.353843 |Bgs|=0.0003223 tic0=[0.1200 0.0500 -0.0200] tic1=[0.1200 -0.0500 -0.0200] td=0.00000 track=118
[E2uls] flag=1 sh_t=124.368 new_t=124.368 dP=[-0.0004 -0.0005 0.0000] |dP|=0.0007 first_dt=-1.0000
time: 124.336000, t: 0.156690 0.337642 0.010549 q: 0.999689 -0.008343 -0.023320 -0.002927 
[T2gate] t=124.4400 tri=186 rej=0 xrej=0 init_replace=0 gate=0
[T2slv] t=124.4400 phase=1 init_cost=307.973 final_cost=298.299 iters=9 term=1 slv_ms=13.9
[T2diag] t=124.4400 P=[0.1566 0.3374 0.0104] V=[-0.0016 -0.0025 -0.0010] |Bas|=0.353531 |Bgs|=0.0003213 tic0=[0.1200 0.0500 -0.0200] tic1=[0.1200 -0.0500 -0.0200] td=0.00000 track=117
[E2uls] flag=1 sh_t=124.488 new_t=124.488 dP=[0.0007 0.0009 0.0003] |dP|=0.0012 first_dt=-1.0000
time: 124.440000, t: 0.156589 0.337396 0.010359 q: 0.999687 -0.008257 -0.023465 -0.002800 
[T2gate] t=124.5360 tri=185 rej=0 xrej=0 init_replace=0 gate=0
[T2slv] t=124.5360 phase=1 init_cost=307.194 final_cost=298.15 iters=9 term=1 slv_ms=10.6
[T2diag] t=124.5360 P=[0.1566 0.3373 0.0105] V=[-0.0024 -0.0061 0.0031] |Bas|=0.352275 |Bgs|=0.0003551 tic0=[0.1200 0.0500 -0.0200] tic1=[0.1200 -0.0500 -0.0200] td=0.00000 track=117
[E2uls] flag=1 sh_t=124.568 new_t=124.568 dP=[-0.0001 -0.0003 -0.0002] |dP|=0.0003 first_dt=-1.0000
time: 124.536000, t: 0.156623 0.337275 0.010472 q: 0.999690 -0.008349 -0.023309 -0.002725 
[T2gate] t=124.6360 tri=185 rej=0 xrej=0 init_replace=0 gate=0
[T2slv] t=124.6360 phase=1 init_cost=309.745 final_cost=298.518 iters=9 term=1 slv_ms=10.8
[T2diag] t=124.6360 P=[0.1568 0.3375 0.0106] V=[0.0003 0.0013 0.0040] |Bas|=0.353798 |Bgs|=0.0003823 tic0=[0.1200 0.0500 -0.0200] tic1=[0.1200 -0.0500 -0.0200] td=0.00000 track=117
[E2uls] flag=1 sh_t=124.672 new_t=124.672 dP=[-0.0007 -0.0012 0.0007] |dP|=0.0016 first_dt=-1.0000
time: 124.636000, t: 0.156814 0.337549 0.010636 q: 0.999689 -0.008420 -0.023292 -0.002853 
[T2gate] t=124.7360 tri=186 rej=0 xrej=0 init_replace=0 gate=0
[T2slv] t=124.7360 phase=1 init_cost=312.08 final_cost=298.789 iters=9 term=1 slv_ms=11.7
[T2diag] t=124.7360 P=[0.1567 0.3374 0.0105] V=[-0.0033 -0.0049 -0.0005] |Bas|=0.355991 |Bgs|=0.0004210 tic0=[0.1200 0.0500 -0.0200] tic1=[0.1200 -0.0500 -0.0200] td=0.00000 track=117
[E2uls] flag=1 sh_t=124.776 new_t=124.776 dP=[0.0003 0.0005 0.0011] |dP|=0.0012 first_dt=-1.0000
time: 124.736000, t: 0.156677 0.337410 0.010473 q: 0.999685 -0.008188 -0.023578 -0.002760 
[T2gate] t=124.8360 tri=186 rej=0 xrej=0 init_replace=0 gate=0
[T2slv] t=124.8360 phase=1 init_cost=311.097 final_cost=299.1 iters=9 term=1 slv_ms=11.6
[T2diag] t=124.8360 P=[0.1569 0.3377 0.0107] V=[0.0016 0.0010 0.0016] |Bas|=0.354698 |Bgs|=0.0004402 tic0=[0.1200 0.0500 -0.0200] tic1=[0.1200 -0.0500 -0.0200] td=0.00000 track=117
[E2uls] flag=1 sh_t=124.872 new_t=124.872 dP=[-0.0005 -0.0009 -0.0006] |dP|=0.0012 first_dt=-1.0000
time: 124.836000, t: 0.156921 0.337708 0.010672 q: 0.999687 -0.008514 -0.023350 -0.002886 
[T2gate] t=124.9360 tri=185 rej=0 xrej=0 init_replace=0 gate=0
[T2slv] t=124.9360 phase=1 init_cost=308.553 final_cost=298.978 iters=9 term=1 slv_ms=11.2
[T2diag] t=124.9360 P=[0.1568 0.3376 0.0103] V=[0.0009 -0.0001 -0.0037] |Bas|=0.354729 |Bgs|=0.0004616 tic0=[0.1200 0.0500 -0.0200] tic1=[0.1200 -0.0500 -0.0200] td=0.00000 track=117
[E2uls] flag=1 sh_t=124.976 new_t=124.976 dP=[0.0012 0.0007 0.0001] |dP|=0.0014 first_dt=-1.0000
time: 124.936000, t: 0.156813 0.337587 0.010323 q: 0.999684 -0.008260 -0.023591 -0.002835 
[T2gate] t=125.0360 tri=185 rej=0 xrej=0 init_replace=0 gate=0
[T2slv] t=125.0360 phase=1 init_cost=308.042 final_cost=298.635 iters=9 term=1 slv_ms=10.8
[T2diag] t=125.0360 P=[0.1568 0.3376 0.0101] V=[-0.0012 -0.0010 -0.0027] |Bas|=0.353164 |Bgs|=0.0004707 tic0=[0.1200 0.0500 -0.0200] tic1=[0.1200 -0.0500 -0.0200] td=0.00000 track=117
[E2uls] flag=1 sh_t=125.060 new_t=125.060 dP=[-0.0001 0.0002 -0.0004] |dP|=0.0005 first_dt=-1.0000
time: 125.036000, t: 0.156791 0.337576 0.010146 q: 0.999681 -0.008287 -0.023673 -0.002813 
[T2gate] t=125.1360 tri=186 rej=0 xrej=0 init_replace=0 gate=0
[T2slv] t=125.1360 phase=1 init_cost=307.745 final_cost=298.189 iters=9 term=1 slv_ms=9.8
[T2diag] t=125.1360 P=[0.1567 0.3375 0.0099] V=[0.0007 -0.0041 -0.0065] |Bas|=0.352130 |Bgs|=0.0004902 tic0=[0.1200 0.0500 -0.0200] tic1=[0.1200 -0.0500 -0.0200] td=0.00000 track=117
[E2uls] flag=1 sh_t=125.168 new_t=125.168 dP=[0.0001 -0.0000 -0.0002] |dP|=0.0002 first_dt=-1.0000
time: 125.136000, t: 0.156731 0.337474 0.009947 q: 0.999679 -0.008127 -0.023853 -0.002762 
[T2gate] t=125.2360 tri=185 rej=0 xrej=0 init_replace=0 gate=0
[T2slv] t=125.2360 phase=1 init_cost=311.511 final_cost=297.639 iters=9 term=1 slv_ms=11.2
[T2diag] t=125.2360 P=[0.1568 0.3376 0.0101] V=[0.0027 0.0044 0.0016] |Bas|=0.348731 |Bgs|=0.0004948 tic0=[0.1200 0.0500 -0.0200] tic1=[0.1200 -0.0500 -0.0200] td=0.00000 track=117
[E2uls] flag=1 sh_t=125.272 new_t=125.272 dP=[-0.0000 -0.0003 -0.0010] |dP|=0.0011 first_dt=-1.0000
time: 125.236000, t: 0.156824 0.337610 0.010079 q: 0.999684 -0.008381 -0.023528 -0.002804 
[T2gate] t=125.3360 tri=185 rej=0 xrej=0 init_replace=0 gate=0
[T2slv] t=125.3360 phase=1 init_cost=312.306 final_cost=298.061 iters=9 term=1 slv_ms=12.0
[T2diag] t=125.3360 P=[0.1568 0.3375 0.0102] V=[0.0005 -0.0031 0.0031] |Bas|=0.349072 |Bgs|=0.0005428 tic0=[0.1200 0.0500 -0.0200] tic1=[0.1200 -0.0500 -0.0200] td=0.00000 track=117
[E2uls] flag=1 sh_t=125.376 new_t=125.376 dP=[0.0002 0.0009 0.0003] |dP|=0.0009 first_dt=-1.0000
time: 125.336000, t: 0.156754 0.337511 0.010203 q: 0.999686 -0.008392 -0.023474 -0.002728 
[T2xcross] t=125.4720 id=7987 est=5.0000 svd=7.8498 rel=0.3630 track=2 sf=9
[T2gate] t=125.4720 tri=186 rej=0 xrej=0 init_replace=0 gate=0
[T2slv] t=125.4720 phase=1 init_cost=316.413 final_cost=298.209 iters=5 term=0 slv_ms=8.7
[T2diag] t=125.4720 P=[0.1567 0.3375 0.0101] V=[-0.0010 0.0021 -0.0002] |Bas|=0.351810 |Bgs|=0.0005308 tic0=[0.1200 0.0500 -0.0200] tic1=[0.1200 -0.0500 -0.0200] td=0.00000 track=117
[E2uls] flag=1 sh_t=125.512 new_t=125.512 dP=[-0.0005 -0.0008 0.0011] |dP|=0.0014 first_dt=-1.0000
time: 125.472000, t: 0.156742 0.337509 0.010060 q: 0.999683 -0.008097 -0.023672 -0.002827 
[T2gate] t=125.6000 tri=186 rej=0 xrej=0 init_replace=0 gate=0
[T2slv] t=125.6000 phase=1 init_cost=307.601 final_cost=297.869 iters=9 term=1 slv_ms=12.3
[T2diag] t=125.6000 P=[0.1571 0.3381 0.0101] V=[0.0069 0.0084 0.0005] |Bas|=0.353166 |Bgs|=0.0004933 tic0=[0.1200 0.0500 -0.0200] tic1=[0.1200 -0.0500 -0.0200] td=0.00000 track=117
[E2uls] flag=1 sh_t=125.640 new_t=125.640 dP=[-0.0004 0.0006 0.0001] |dP|=0.0007 first_dt=-1.0000
time: 125.600000, t: 0.157078 0.338062 0.010131 q: 0.999680 -0.008200 -0.023725 -0.003059 
[T2gate] t=125.7040 tri=186 rej=0 xrej=0 init_replace=0 gate=0
[T2slv] t=125.7040 phase=1 init_cost=310.781 final_cost=297.56 iters=9 term=1 slv_ms=12.5
[T2diag] t=125.7040 P=[0.1567 0.3375 0.0099] V=[0.0038 0.0021 -0.0044] |Bas|=0.352838 |Bgs|=0.0004653 tic0=[0.1200 0.0500 -0.0200] tic1=[0.1200 -0.0500 -0.0200] td=0.00000 track=117
[E2uls] flag=1 sh_t=125.744 new_t=125.744 dP=[0.0022 0.0022 0.0001] |dP|=0.0031 first_dt=-1.0000
time: 125.704000, t: 0.156675 0.337479 0.009896 q: 0.999678 -0.008007 -0.023913 -0.002791 
[T2gate] t=125.8360 tri=186 rej=0 xrej=0 init_replace=0 gate=0
[T2slv] t=125.8360 phase=1 init_cost=308.068 final_cost=297.548 iters=9 term=1 slv_ms=13.0
[T2diag] t=125.8360 P=[0.1565 0.3373 0.0098] V=[0.0004 -0.0004 -0.0002] |Bas|=0.350848 |Bgs|=0.0004693 tic0=[0.1200 0.0500 -0.0200] tic1=[0.1200 -0.0500 -0.0200] td=0.00000 track=117
[E2uls] flag=1 sh_t=125.880 new_t=125.880 dP=[0.0011 0.0007 -0.0007] |dP|=0.0015 first_dt=-1.0000
time: 125.836000, t: 0.156548 0.337259 0.009833 q: 0.999682 -0.007845 -0.023804 -0.002731 
[T2gate] t=125.9360 tri=186 rej=0 xrej=0 init_replace=0 gate=0
[T2slv] t=125.9360 phase=1 init_cost=307.725 final_cost=297.398 iters=9 term=1 slv_ms=10.7
[T2diag] t=125.9360 P=[0.1567 0.3374 0.0100] V=[0.0034 0.0014 0.0005] |Bas|=0.351607 |Bgs|=0.0004546 tic0=[0.1200 0.0500 -0.0200] tic1=[0.1200 -0.0500 -0.0200] td=0.00000 track=117
[E2uls] flag=1 sh_t=125.964 new_t=125.964 dP=[-0.0005 -0.0006 -0.0001] |dP|=0.0008 first_dt=-1.0000
time: 125.936000, t: 0.156722 0.337417 0.009973 q: 0.999683 -0.007980 -0.023719 -0.002810 
[T2gate] t=126.0360 tri=186 rej=0 xrej=0 init_replace=0 gate=0
[T2slv] t=126.0360 phase=1 init_cost=306.543 final_cost=297.825 iters=9 term=1 slv_ms=12.4
[T2diag] t=126.0360 P=[0.1568 0.3375 0.0102] V=[0.0018 0.0029 0.0043] |Bas|=0.351816 |Bgs|=0.0004727 tic0=[0.1200 0.0500 -0.0200] tic1=[0.1200 -0.0500 -0.0200] td=0.00000 track=117
[E2uls] flag=1 sh_t=126.080 new_t=126.080 dP=[0.0005 0.0003 0.0001] |dP|=0.0006 first_dt=-1.0000
time: 126.036000, t: 0.156755 0.337464 0.010160 q: 0.999686 -0.008048 -0.023577 -0.002815 
[T2gate] t=126.1360 tri=186 rej=0 xrej=0 init_replace=0 gate=0
[T2slv] t=126.1360 phase=1 init_cost=307.715 final_cost=298.166 iters=9 term=1 slv_ms=11.4
[T2diag] t=126.1360 P=[0.1567 0.3374 0.0101] V=[0.0006 0.0005 0.0007] |Bas|=0.354045 |Bgs|=0.0004996 tic0=[0.1200 0.0500 -0.0200] tic1=[0.1200 -0.0500 -0.0200] td=0.00000 track=117
[E2uls] flag=1 sh_t=126.176 new_t=126.176 dP=[0.0003 0.0005 0.0007] |dP|=0.0009 first_dt=-1.0000
time: 126.136000, t: 0.156694 0.337411 0.010130 q: 0.999684 -0.007961 -0.023691 -0.002793 
[T2gate] t=126.2360 tri=186 rej=0 xrej=0 init_replace=0 gate=0
[T2slv] t=126.2360 phase=1 init_cost=306.956 final_cost=298.262 iters=9 term=1 slv_ms=12.6
[T2diag] t=126.2360 P=[0.1567 0.3374 0.0100] V=[-0.0002 0.0006 -0.0006] |Bas|=0.355629 |Bgs|=0.0005109 tic0=[0.1200 0.0500 -0.0200] tic1=[0.1200 -0.0500 -0.0200] td=0.00000 track=117
[E2uls] flag=1 sh_t=126.272 new_t=126.272 dP=[0.0002 0.0003 0.0006] |dP|=0.0007 first_dt=-1.0000
time: 126.236000, t: 0.156665 0.337399 0.010003 q: 0.999681 -0.007840 -0.023848 -0.002804 
[T2gate] t=126.3360 tri=186 rej=0 xrej=0 init_replace=0 gate=0
[T2slv] t=126.3360 phase=1 init_cost=308.064 final_cost=298.671 iters=9 term=1 slv_ms=11.4
[T2diag] t=126.3360 P=[0.1569 0.3377 0.0103] V=[0.0026 0.0037 0.0038] |Bas|=0.356526 |Bgs|=0.0005011 tic0=[0.1200 0.0500 -0.0200] tic1=[0.1200 -0.0500 -0.0200] td=0.00000 track=117
[E2uls] flag=1 sh_t=126.376 new_t=126.376 dP=[-0.0003 -0.0004 0.0000] |dP|=0.0005 first_dt=-1.0000
time: 126.336000, t: 0.156880 0.337702 0.010274 q: 0.999684 -0.007865 -0.023690 -0.002963 
[T2gate] t=126.4360 tri=186 rej=0 xrej=0 init_replace=0 gate=0
[T2slv] t=126.4360 phase=1 init_cost=308.293 final_cost=299.125 iters=9 term=1 slv_ms=12.4
[T2diag] t=126.4360 P=[0.1567 0.3373 0.0103] V=[0.0034 -0.0006 0.0033] |Bas|=0.357076 |Bgs|=0.0005248 tic0=[0.1200 0.0500 -0.0200] tic1=[0.1200 -0.0500 -0.0200] td=0.00000 track=117
[E2uls] flag=1 sh_t=126.472 new_t=126.472 dP=[0.0012 0.0009 0.0004] |dP|=0.0016 first_dt=-1.0000
time: 126.436000, t: 0.156701 0.337348 0.010292 q: 0.999685 -0.007870 -0.023661 -0.002800 
[T2gate] t=126.5360 tri=186 rej=0 xrej=0 init_replace=0 gate=0
[T2slv] t=126.5360 phase=1 init_cost=313.905 final_cost=299.351 iters=9 term=1 slv_ms=12.3
[T2diag] t=126.5360 P=[0.1565 0.3371 0.0099] V=[-0.0004 -0.0029 -0.0023] |Bas|=0.360520 |Bgs|=0.0005550 tic0=[0.1200 0.0500 -0.0200] tic1=[0.1200 -0.0500 -0.0200] td=0.00000 track=117
[E2uls] flag=1 sh_t=126.576 new_t=126.576 dP=[0.0011 0.0004 0.0011] |dP|=0.0016 first_dt=-1.0000
time: 126.536000, t: 0.156531 0.337145 0.009947 q: 0.999677 -0.007548 -0.024109 -0.002703 
[T2gate] t=126.6360 tri=186 rej=0 xrej=0 init_replace=0 gate=0
[T2slv] t=126.6360 phase=1 init_cost=309.987 final_cost=299.05 iters=9 term=1 slv_ms=11.2
[T2diag] t=126.6360 P=[0.1567 0.3375 0.0100] V=[-0.0009 0.0025 -0.0022] |Bas|=0.359104 |Bgs|=0.0005449 tic0=[0.1200 0.0500 -0.0200] tic1=[0.1200 -0.0500 -0.0200] td=0.00000 track=117
[E2uls] flag=1 sh_t=126.672 new_t=126.672 dP=[-0.0008 -0.0006 -0.0006] |dP|=0.0012 first_dt=-1.0000
time: 126.636000, t: 0.156664 0.337458 0.009977 q: 0.999677 -0.007794 -0.024020 -0.002837 
[T2gate] t=126.7360 tri=185 rej=0 xrej=0 init_replace=0 gate=0
[T2slv] t=126.7360 phase=1 init_cost=320.412 final_cost=299.463 iters=9 term=1 slv_ms=10.6
[T2diag] t=126.7360 P=[0.1566 0.3371 0.0101] V=[-0.0008 -0.0027 0.0007] |Bas|=0.356674 |Bgs|=0.0005738 tic0=[0.1200 0.0500 -0.0200] tic1=[0.1200 -0.0500 -0.0200] td=0.00000 track=117
[E2uls] flag=1 sh_t=126.768 new_t=126.768 dP=[0.0000 0.0013 -0.0006] |dP|=0.0014 first_dt=-1.0000
time: 126.736000, t: 0.156554 0.337104 0.010080 q: 0.999685 -0.007682 -0.023740 -0.002697 
[T2gate] t=126.8680 tri=185 rej=0 xrej=0 init_replace=0 gate=0
[T2slv] t=126.8680 phase=1 init_cost=310.1 final_cost=299.699 iters=9 term=1 slv_ms=12.3
[T2diag] t=126.8680 P=[0.1566 0.3373 0.0101] V=[0.0007 0.0011 0.0005] |Bas|=0.357840 |Bgs|=0.0006049 tic0=[0.1200 0.0500 -0.0200] tic1=[0.1200 -0.0500 -0.0200] td=0.00000 track=117
[E2uls] flag=1 sh_t=126.900 new_t=126.900 dP=[0.0001 -0.0008 0.0002] |dP|=0.0009 first_dt=-1.0000
time: 126.868000, t: 0.156616 0.337266 0.010070 q: 0.999683 -0.007786 -0.023788 -0.002769 
[T2depth] t=127.0000 id=10450 src=motion2 u=84.0 v=451.0 depth=0.0709 depth2=-1.0000 track=2 sf=9 flag=ok
[T2gate] t=127.0000 tri=186 rej=0 xrej=0 init_replace=0 gate=0
[T2slv] t=127.0000 phase=1 init_cost=307.932 final_cost=299.516 iters=9 term=1 slv_ms=12.2
[T2diag] t=127.0000 P=[0.1566 0.3372 0.0099] V=[-0.0022 -0.0017 -0.0005] |Bas|=0.358641 |Bgs|=0.0006173 tic0=[0.1200 0.0500 -0.0200] tic1=[0.1200 -0.0500 -0.0200] td=0.00000 track=118
[E2uls] flag=1 sh_t=127.040 new_t=127.040 dP=[0.0002 -0.0001 0.0003] |dP|=0.0003 first_dt=-1.0000
time: 127.000000, t: 0.156591 0.337249 0.009885 q: 0.999679 -0.007717 -0.023979 -0.002753 
[T2gate] t=127.1000 tri=186 rej=0 xrej=0 init_replace=0 gate=0
[T2slv] t=127.1000 phase=1 init_cost=311.138 final_cost=298.854 iters=9 term=1 slv_ms=12.8
[T2diag] t=127.1000 P=[0.1567 0.3376 0.0097] V=[0.0014 0.0075 -0.0054] |Bas|=0.360407 |Bgs|=0.0005760 tic0=[0.1200 0.0500 -0.0200] tic1=[0.1200 -0.0500 -0.0200] td=0.00000 track=118
[E2uls] flag=1 sh_t=127.136 new_t=127.136 dP=[-0.0006 -0.0006 0.0002] |dP|=0.0009 first_dt=-1.0000
time: 127.100000, t: 0.156745 0.337622 0.009745 q: 0.999672 -0.007669 -0.024242 -0.002930 
[T2gate] t=127.2000 tri=186 rej=0 xrej=0 init_replace=0 gate=0
[T2slv] t=127.2000 phase=1 init_cost=321.239 final_cost=298.725 iters=9 term=1 slv_ms=12.9
[T2diag] t=127.2000 P=[0.1565 0.3371 0.0098] V=[-0.0007 -0.0010 0.0011] |Bas|=0.356629 |Bgs|=0.0005779 tic0=[0.1200 0.0500 -0.0200] tic1=[0.1200 -0.0500 -0.0200] td=0.00000 track=118
[E2uls] flag=1 sh_t=127.240 new_t=127.240 dP=[0.0005 0.0024 -0.0009] |dP|=0.0026 first_dt=-1.0000
time: 127.200000, t: 0.156493 0.337097 0.009762 q: 0.999681 -0.007518 -0.023976 -0.002713 
[T2gate] t=127.3000 tri=186 rej=0 xrej=0 init_replace=0 gate=0
[T2slv] t=127.3000 phase=1 init_cost=308.344 final_cost=298.781 iters=9 term=1 slv_ms=12.1
[T2diag] t=127.3000 P=[0.1566 0.3374 0.0097] V=[0.0030 0.0036 -0.0026] |Bas|=0.358565 |Bgs|=0.0005629 tic0=[0.1200 0.0500 -0.0200] tic1=[0.1200 -0.0500 -0.0200] td=0.00000 track=118
[E2uls] flag=1 sh_t=127.336 new_t=127.336 dP=[-0.0002 -0.0004 0.0002] |dP|=0.0005 first_dt=-1.0000
time: 127.300000, t: 0.156577 0.337371 0.009664 q: 0.999676 -0.007467 -0.024168 -0.002855 
[T2depth] t=127.3720 id=10564 src=stereo u=283.0 v=244.0 depth=4.6527 depth2=-1.0000 track=1 sf=10 flag=ok
[T2gate] t=127.3720 tri=186 rej=0 xrej=0 init_replace=0 gate=0
[T2slv] t=127.3720 phase=1 init_cost=310.113 final_cost=298.723 iters=9 term=1 slv_ms=9.8
[T2diag] t=127.3720 P=[0.1565 0.3370 0.0097] V=[0.0002 -0.0031 0.0013] |Bas|=0.355457 |Bgs|=0.0005753 tic0=[0.1200 0.0500 -0.0200] tic1=[0.1200 -0.0500 -0.0200] td=0.00000 track=117
[E2uls] flag=1 sh_t=127.400 new_t=127.400 dP=[0.0004 0.0008 -0.0005] |dP|=0.0010 first_dt=-1.0000
time: 127.372000, t: 0.156510 0.337028 0.009708 q: 0.999681 -0.007599 -0.023929 -0.002673 
[T2depth] t=127.4720 id=10560 src=motion2 u=247.0 v=243.0 depth=5.0000 depth2=-1.0000 track=2 sf=9 flag=init_neg
[T2depth] t=127.4720 id=10588 src=stereo u=282.0 v=244.0 depth=4.6622 depth2=-1.0000 track=1 sf=10 flag=ok
[T2gate] t=127.4720 tri=184 rej=0 xrej=0 init_replace=1 gate=0
[T2slv] t=127.4720 phase=1 init_cost=315.594 final_cost=298.423 iters=9 term=1 slv_ms=10.8
[T2diag] t=127.4720 P=[0.1566 0.3372 0.0095] V=[-0.0001 -0.0004 -0.0020] |Bas|=0.359004 |Bgs|=0.0005642 tic0=[0.1200 0.0500 -0.0200] tic1=[0.1200 -0.0500 -0.0200] td=0.00000 track=118
[E2uls] flag=1 sh_t=127.504 new_t=127.504 dP=[-0.0001 -0.0009 0.0006] |dP|=0.0011 first_dt=-1.0000
time: 127.472000, t: 0.156573 0.337214 0.009523 q: 0.999672 -0.007431 -0.024335 -0.002778 
[T2gate] t=127.6000 tri=182 rej=0 xrej=0 init_replace=0 gate=0
[T2slv] t=127.6000 phase=1 init_cost=307.534 final_cost=298.253 iters=9 term=1 slv_ms=12.4
[T2diag] t=127.6000 P=[0.1566 0.3371 0.0096] V=[0.0003 0.0003 0.0025] |Bas|=0.357457 |Bgs|=0.0005573 tic0=[0.1200 0.0500 -0.0200] tic1=[0.1200 -0.0500 -0.0200] td=0.00000 track=119
[E2uls] flag=1 sh_t=127.648 new_t=127.648 dP=[0.0002 -0.0001 -0.0005] |dP|=0.0006 first_dt=-1.0000
time: 127.600000, t: 0.156560 0.337116 0.009605 q: 0.999677 -0.007393 -0.024175 -0.002750 
[T2gate] t=127.7000 tri=182 rej=0 xrej=0 init_replace=0 gate=0
[T2slv] t=127.7000 phase=1 init_cost=312.78 final_cost=298.16 iters=9 term=1 slv_ms=10.1
[T2diag] t=127.7000 P=[0.1565 0.3370 0.0094] V=[-0.0002 -0.0010 -0.0026] |Bas|=0.360661 |Bgs|=0.0005492 tic0=[0.1200 0.0500 -0.0200] tic1=[0.1200 -0.0500 -0.0200] td=0.00000 track=119
[E2uls] flag=1 sh_t=127.732 new_t=127.732 dP=[0.0000 0.0002 0.0007] |dP|=0.0008 first_dt=-1.0000
time: 127.700000, t: 0.156518 0.337038 0.009369 q: 0.999669 -0.007064 -0.024611 -0.002694 
[T2gate] t=127.8040 tri=183 rej=0 xrej=0 init_replace=0 gate=0
[T2slv] t=127.8040 phase=1 init_cost=307.684 final_cost=297.714 iters=9 term=1 slv_ms=12.4
[T2diag] t=127.8040 P=[0.1565 0.3370 0.0095] V=[-0.0015 -0.0028 0.0004] |Bas|=0.358793 |Bgs|=0.0005511 tic0=[0.1200 0.0500 -0.0200] tic1=[0.1200 -0.0500 -0.0200] td=0.00000 track=119
[E2uls] flag=1 sh_t=127.848 new_t=127.848 dP=[-0.0002 -0.0005 -0.0004] |dP|=0.0007 first_dt=-1.0000
time: 127.804000, t: 0.156503 0.337026 0.009477 q: 0.999671 -0.007242 -0.024454 -0.002651 
[T2gate] t=127.9360 tri=184 rej=0 xrej=0 init_replace=0 gate=0
[T2slv] t=127.9360 phase=1 init_cost=303.259 final_cost=284.602 iters=9 term=1 slv_ms=9.7
[T2diag] t=127.9360 P=[0.1560 0.3369 0.0104] V=[0.0034 0.0018 0.0008] |Bas|=0.358793 |Bgs|=0.0051949 tic0=[0.1200 0.0500 -0.0200] tic1=[0.1200 -0.0500 -0.0200] td=0.00000 track=119
[E2uls] flag=1 sh_t=127.976 new_t=127.976 dP=[0.0005 -0.0008 -0.0005] |dP|=0.0010 first_dt=-1.0000
time: 127.936000, t: 0.156047 0.336942 0.010404 q: 0.999692 -0.008711 -0.023067 -0.002818 
[T2gate] t=128.0360 tri=183 rej=0 xrej=0 init_replace=0 gate=0
[T2slv] t=128.0360 phase=1 init_cost=298.633 final_cost=284.736 iters=9 term=1 slv_ms=11.0
[T2diag] t=128.0360 P=[0.1560 0.3370 0.0103] V=[0.0007 -0.0019 -0.0018] |Bas|=0.358793 |Bgs|=0.0045443 tic0=[0.1200 0.0500 -0.0200] tic1=[0.1200 -0.0500 -0.0200] td=0.00000 track=119
[E2uls] flag=1 sh_t=128.072 new_t=128.072 dP=[0.0008 0.0003 0.0003] |dP|=0.0009 first_dt=-1.0000
time: 128.036000, t: 0.156049 0.336955 0.010337 q: 0.999692 -0.008741 -0.023071 -0.002822 
[T2depth] t=128.1680 id=10725 src=stereo u=283.0 v=244.0 depth=4.6843 depth2=-1.0000 track=1 sf=10 flag=ok
[T2gate] t=128.1680 tri=183 rej=0 xrej=0 init_replace=0 gate=0
[T2slv] t=128.1680 phase=1 init_cost=294.007 final_cost=284.858 iters=9 term=1 slv_ms=11.7
[T2diag] t=128.1680 P=[0.1561 0.3369 0.0103] V=[0.0014 0.0005 -0.0010] |Bas|=0.358793 |Bgs|=0.0050076 tic0=[0.1200 0.0500 -0.0200] tic1=[0.1200 -0.0500 -0.0200] td=0.00000 track=118
[E2uls] flag=1 sh_t=128.208 new_t=128.208 dP=[0.0007 -0.0006 -0.0002] |dP|=0.0010 first_dt=-1.0000
time: 128.168000, t: 0.156060 0.336949 0.010331 q: 0.999691 -0.008748 -0.023076 -0.002818 
[T2gate] t=128.2720 tri=182 rej=0 xrej=0 init_replace=0 gate=0
[T2slv] t=128.2720 phase=1 init_cost=296.556 final_cost=284.862 iters=9 term=1 slv_ms=10.2
[T2diag] t=128.2720 P=[0.1561 0.3369 0.0103] V=[0.0028 0.0003 -0.0011] |Bas|=0.358793 |Bgs|=0.0066568 tic0=[0.1200 0.0500 -0.0200] tic1=[0.1200 -0.0500 -0.0200] td=0.00000 track=119
[E2uls] flag=1 sh_t=128.300 new_t=128.300 dP=[0.0006 0.0002 -0.0005] |dP|=0.0008 first_dt=-1.0000
time: 128.272000, t: 0.156064 0.336929 0.010321 q: 0.999692 -0.008742 -0.023078 -0.002808 
[T2gate] t=128.4000 tri=182 rej=0 xrej=0 init_replace=0 gate=0
[T2slv] t=128.4000 phase=1 init_cost=311.532 final_cost=284.735 iters=9 term=1 slv_ms=12.4
[T2diag] t=128.4000 P=[0.1561 0.3369 0.0104] V=[-0.0000 0.0059 -0.0023] |Bas|=0.358793 |Bgs|=0.0049172 tic0=[0.1200 0.0500 -0.0200] tic1=[0.1200 -0.0500 -0.0200] td=0.00000 track=119
[E2uls] flag=1 sh_t=128.440 new_t=128.440 dP=[0.0005 0.0015 -0.0005] |dP|=0.0016 first_dt=-1.0000
time: 128.400000, t: 0.156069 0.336921 0.010364 q: 0.999692 -0.008744 -0.023050 -0.002802 
[T2xcross] t=128.5000 id=10725 est=4.6843 svd=1.0548 rel=0.7748 track=2 sf=9
[T2gate] t=128.5000 tri=182 rej=0 xrej=0 init_replace=0 gate=0
[T2slv] t=128.5000 phase=1 init_cost=295.222 final_cost=284.597 iters=9 term=1 slv_ms=13.4
[T2diag] t=128.5000 P=[0.1561 0.3369 0.0104] V=[0.0024 0.0031 -0.0019] |Bas|=0.358793 |Bgs|=0.0069803 tic0=[0.1200 0.0500 -0.0200] tic1=[0.1200 -0.0500 -0.0200] td=0.00000 track=119
[E2uls] flag=1 sh_t=128.544 new_t=128.544 dP=[0.0002 0.0019 -0.0006] |dP|=0.0020 first_dt=-1.0000
time: 128.500000, t: 0.156065 0.336905 0.010363 q: 0.999692 -0.008738 -0.023045 -0.002799 
[T2gate] t=128.6000 tri=182 rej=0 xrej=0 init_replace=0 gate=0
[T2slv] t=128.6000 phase=1 init_cost=299.051 final_cost=284.598 iters=9 term=1 slv_ms=12.0
[T2diag] t=128.6000 P=[0.1560 0.3369 0.0104] V=[0.0004 0.0008 -0.0006] |Bas|=0.358793 |Bgs|=0.0028543 tic0=[0.1200 0.0500 -0.0200] tic1=[0.1200 -0.0500 -0.0200] td=0.00000 track=119
[E2uls] flag=1 sh_t=128.636 new_t=128.636 dP=[0.0006 0.0009 -0.0004] |dP|=0.0011 first_dt=-1.0000
time: 128.600000, t: 0.156047 0.336939 0.010372 q: 0.999692 -0.008745 -0.023046 -0.002814 
[T2gate] t=128.7000 tri=183 rej=0 xrej=0 init_replace=0 gate=0
[T2slv] t=128.7000 phase=1 init_cost=294.744 final_cost=284.596 iters=9 term=1 slv_ms=12.9
[T2diag] t=128.7000 P=[0.1561 0.3369 0.0104] V=[0.0001 -0.0012 0.0010] |Bas|=0.358793 |Bgs|=0.0027511 tic0=[0.1200 0.0500 -0.0200] tic1=[0.1200 -0.0500 -0.0200] td=0.00000 track=119
[E2uls] flag=1 sh_t=128.744 new_t=128.744 dP=[0.0002 0.0003 0.0002] |dP|=0.0004 first_dt=-1.0000
time: 128.700000, t: 0.156055 0.336906 0.010367 q: 0.999692 -0.008738 -0.023046 -0.002800 
[T2gate] t=128.8040 tri=183 rej=0 xrej=0 init_replace=0 gate=0
[T2slv] t=128.8040 phase=1 init_cost=294.075 final_cost=284.597 iters=9 term=1 slv_ms=12.1
[T2diag] t=128.8040 P=[0.1561 0.3369 0.0104] V=[0.0011 0.0035 -0.0015] |Bas|=0.358793 |Bgs|=0.0042543 tic0=[0.1200 0.0500 -0.0200] tic1=[0.1200 -0.0500 -0.0200] td=0.00000 track=119
[E2uls] flag=1 sh_t=128.848 new_t=128.848 dP=[0.0003 0.0003 0.0000] |dP|=0.0004 first_dt=-1.0000
time: 128.804000, t: 0.156061 0.336910 0.010370 q: 0.999692 -0.008743 -0.023044 -0.002805 
[T2gate] t=128.9360 tri=183 rej=0 xrej=0 init_replace=0 gate=0
[T2slv] t=128.9360 phase=1 init_cost=308.341 final_cost=284.599 iters=9 term=1 slv_ms=11.9
[T2diag] t=128.9360 P=[0.1561 0.3369 0.0104] V=[0.0030 0.0048 -0.0016] |Bas|=0.358793 |Bgs|=0.0053355 tic0=[0.1200 0.0500 -0.0200] tic1=[0.1200 -0.0500 -0.0200] td=0.00000 track=119
[E2uls] flag=1 sh_t=128.976 new_t=128.976 dP=[0.0010 0.0020 -0.0008] |dP|=0.0024 first_dt=-1.0000
time: 128.936000, t: 0.156062 0.336902 0.010364 q: 0.999692 -0.008742 -0.023044 -0.002800 
[T2depth] t=129.0360 id=10854 src=motion2 u=589.0 v=396.0 depth=1.4083 depth2=-1.0000 track=2 sf=9 flag=ok
[T2gate] t=129.0360 tri=184 rej=0 xrej=0 init_replace=0 gate=0
[T2slv] t=129.0360 phase=1 init_cost=293.205 final_cost=284.596 iters=9 term=1 slv_ms=10.5
[T2diag] t=129.0360 P=[0.1561 0.3369 0.0104] V=[0.0000 0.0010 0.0001] |Bas|=0.358793 |Bgs|=0.0029283 tic0=[0.1200 0.0500 -0.0200] tic1=[0.1200 -0.0500 -0.0200] td=0.00000 track=120
[E2uls] flag=1 sh_t=129.072 new_t=129.072 dP=[0.0007 0.0014 -0.0003] |dP|=0.0016 first_dt=-1.0000
time: 129.036000, t: 0.156066 0.336887 0.010363 q: 0.999692 -0.008742 -0.023042 -0.002796 
[T2gate] t=129.1360 tri=183 rej=0 xrej=0 init_replace=0 gate=0
[T2slv] t=129.1360 phase=1 init_cost=294.325 final_cost=284.596 iters=9 term=1 slv_ms=11.0
[T2diag] t=129.1360 P=[0.1561 0.3369 0.0104] V=[0.0008 0.0039 0.0005] |Bas|=0.358793 |Bgs|=0.0030164 tic0=[0.1200 0.0500 -0.0200] tic1=[0.1200 -0.0500 -0.0200] td=0.00000 track=120
[E2uls] flag=1 sh_t=129.176 new_t=129.176 dP=[0.0004 0.0010 0.0004] |dP|=0.0011 first_dt=-1.0000
time: 129.136000, t: 0.156055 0.336932 0.010374 q: 0.999692 -0.008746 -0.023043 -0.002812 
[T2gate] t=129.2360 tri=182 rej=0 xrej=0 init_replace=0 gate=0
[T2slv] t=129.2360 phase=1 init_cost=292.982 final_cost=284.595 iters=9 term=1 slv_ms=11.3
[T2diag] t=129.2360 P=[0.1561 0.3369 0.0104] V=[0.0014 0.0006 0.0001] |Bas|=0.358793 |Bgs|=0.0054146 tic0=[0.1200 0.0500 -0.0200] tic1=[0.1200 -0.0500 -0.0200] td=0.00000 track=120
[E2uls] flag=1 sh_t=129.272 new_t=129.272 dP=[0.0005 0.0008 0.0001] |dP|=0.0010 first_dt=-1.0000
time: 129.236000, t: 0.156054 0.336915 0.010370 q: 0.999692 -0.008741 -0.023044 -0.002803 
[T2gate] t=129.3400 tri=182 rej=0 xrej=0 init_replace=0 gate=0
[T2slv] t=129.3400 phase=1 init_cost=301.736 final_cost=284.594 iters=9 term=1 slv_ms=10.8
[T2diag] t=129.3400 P=[0.1561 0.3369 0.0104] V=[0.0039 0.0008 0.0002] |Bas|=0.358793 |Bgs|=0.0052260 tic0=[0.1200 0.0500 -0.0200] tic1=[0.1200 -0.0500 -0.0200] td=0.00000 track=120
[E2uls] flag=1 sh_t=129.368 new_t=129.368 dP=[0.0011 0.0003 -0.0002] |dP|=0.0011 first_dt=-1.0000
time: 129.340000, t: 0.156063 0.336905 0.010365 q: 0.999692 -0.008741 -0.023045 -0.002801 
[T2gate] t=129.4360 tri=183 rej=0 xrej=0 init_replace=0 gate=0
[T2slv] t=129.4360 phase=1 init_cost=300.339 final_cost=284.592 iters=9 term=1 slv_ms=10.8
[T2diag] t=129.4360 P=[0.1561 0.3369 0.0104] V=[0.0012 0.0007 -0.0008] |Bas|=0.358793 |Bgs|=0.0055574 tic0=[0.1200 0.0500 -0.0200] tic1=[0.1200 -0.0500 -0.0200] td=0.00000 track=120
[E2uls] flag=1 sh_t=129.464 new_t=129.464 dP=[0.0009 0.0003 0.0001] |dP|=0.0009 first_dt=-1.0000
time: 129.436000, t: 0.156077 0.336866 0.010361 q: 0.999692 -0.008739 -0.023043 -0.002789 
[T2gate] t=129.5400 tri=184 rej=0 xrej=0 init_replace=0 gate=0
[T2slv] t=129.5400 phase=1 init_cost=295.176 final_cost=284.592 iters=9 term=1 slv_ms=11.8
[T2diag] t=129.5400 P=[0.1561 0.3368 0.0104] V=[0.0013 -0.0009 -0.0014] |Bas|=0.358793 |Bgs|=0.0058325 tic0=[0.1200 0.0500 -0.0200] tic1=[0.1200 -0.0500 -0.0200] td=0.00000 track=120
[E2uls] flag=1 sh_t=129.580 new_t=129.580 dP=[0.0007 0.0003 -0.0000] |dP|=0.0008 first_dt=-1.0000
time: 129.540000, t: 0.156084 0.336839 0.010353 q: 0.999692 -0.008737 -0.023043 -0.002778 
[T2gate] t=129.6360 tri=183 rej=0 xrej=0 init_replace=0 gate=0
[T2slv] t=129.6360 phase=1 init_cost=293.42 final_cost=284.595 iters=9 term=1 slv_ms=11.2
[T2diag] t=129.6360 P=[0.1561 0.3369 0.0104] V=[0.0030 0.0004 0.0001] |Bas|=0.358793 |Bgs|=0.0027126 tic0=[0.1200 0.0500 -0.0200] tic1=[0.1200 -0.0500 -0.0200] td=0.00000 track=120
[E2uls] flag=1 sh_t=129.672 new_t=129.672 dP=[0.0010 -0.0001 -0.0002] |dP|=0.0010 first_dt=-1.0000
time: 129.636000, t: 0.156059 0.336900 0.010364 q: 0.999692 -0.008744 -0.023045 -0.002801 
[T2gate] t=129.7680 tri=182 rej=0 xrej=0 init_replace=0 gate=0
[T2slv] t=129.7680 phase=1 init_cost=304.142 final_cost=284.589 iters=9 term=1 slv_ms=12.1
[T2diag] t=129.7680 P=[0.1560 0.3369 0.0104] V=[0.0017 0.0020 0.0000] |Bas|=0.358793 |Bgs|=0.0052762 tic0=[0.1200 0.0500 -0.0200] tic1=[0.1200 -0.0500 -0.0200] td=0.00000 track=120
[E2uls] flag=1 sh_t=129.808 new_t=129.808 dP=[0.0008 0.0008 -0.0001] |dP|=0.0011 first_dt=-1.0000
time: 129.768000, t: 0.156048 0.336904 0.010367 q: 0.999692 -0.008743 -0.023045 -0.002801 
[T2gate] t=129.9000 tri=182 rej=0 xrej=0 init_replace=0 gate=0
[T2slv] t=129.9000 phase=1 init_cost=295.217 final_cost=284.586 iters=9 term=1 slv_ms=13.9
[T2diag] t=129.9000 P=[0.1560 0.3369 0.0104] V=[0.0015 0.0017 -0.0003] |Bas|=0.358793 |Bgs|=0.0035328 tic0=[0.1200 0.0500 -0.0200] tic1=[0.1200 -0.0500 -0.0200] td=0.00000 track=120
[E2uls] flag=1 sh_t=129.944 new_t=129.944 dP=[0.0005 0.0011 -0.0000] |dP|=0.0013 first_dt=-1.0000
time: 129.900000, t: 0.156046 0.336901 0.010365 q: 0.999692 -0.008744 -0.023046 -0.002800 
[T2depth] t=130.0040 id=11067 src=stereo u=282.9 v=244.0 depth=4.6430 depth2=-1.0000 track=1 sf=10 flag=ok
[T2gate] t=130.0040 tri=184 rej=0 xrej=0 init_replace=0 gate=0
[T2slv] t=130.0040 phase=1 init_cost=296.174 final_cost=284.587 iters=9 term=1 slv_ms=9.8
[T2diag] t=130.0040 P=[0.1561 0.3369 0.0104] V=[0.0031 -0.0007 -0.0004] |Bas|=0.358793 |Bgs|=0.0065389 tic0=[0.1200 0.0500 -0.0200] tic1=[0.1200 -0.0500 -0.0200] td=0.00000 track=119
[E2uls] flag=1 sh_t=130.032 new_t=130.032 dP=[0.0006 0.0001 -0.0001] |dP|=0.0006 first_dt=-1.0000
time: 130.004000, t: 0.156058 0.336888 0.010364 q: 0.999692 -0.008743 -0.023044 -0.002796 
[T2xcross] t=130.1000 id=11067 est=4.6430 svd=0.2633 rel=0.9433 track=2 sf=9
[T2gate] t=130.1000 tri=184 rej=0 xrej=0 init_replace=0 gate=0
[T2slv] t=130.1000 phase=1 init_cost=293.738 final_cost=284.583 iters=9 term=1 slv_ms=11.9
[T2diag] t=130.1000 P=[0.1561 0.3368 0.0104] V=[0.0001 0.0018 -0.0011] |Bas|=0.358793 |Bgs|=0.0044522 tic0=[0.1200 0.0500 -0.0200] tic1=[0.1200 -0.0500 -0.0200] td=0.00000 track=120
[E2uls] flag=1 sh_t=130.132 new_t=130.132 dP=[0.0006 0.0003 -0.0004] |dP|=0.0008 first_dt=-1.0000
time: 130.100000, t: 0.156080 0.336838 0.010352 q: 0.999692 -0.008737 -0.023045 -0.002778 
[T2gate] t=130.2000 tri=184 rej=0 xrej=0 init_replace=0 gate=0
[T2slv] t=130.2000 phase=1 init_cost=294.76 final_cost=284.581 iters=9 term=1 slv_ms=10.3
[T2diag] t=130.2000 P=[0.1561 0.3368 0.0103] V=[0.0026 0.0006 -0.0029] |Bas|=0.358793 |Bgs|=0.0034949 tic0=[0.1200 0.0500 -0.0200] tic1=[0.1200 -0.0500 -0.0200] td=0.00000 track=120
[E2uls] flag=1 sh_t=130.228 new_t=130.228 dP=[0.0004 0.0006 -0.0003] |dP|=0.0008 first_dt=-1.0000
time: 130.200000, t: 0.156091 0.336828 0.010350 q: 0.999692 -0.008743 -0.023042 -0.002777 
[T2gate] t=130.3000 tri=184 rej=0 xrej=0 init_replace=0 gate=0
[T2slv] t=130.3000 phase=1 init_cost=294.271 final_cost=284.584 iters=9 term=1 slv_ms=10.4
[T2diag] t=130.3000 P=[0.1561 0.3368 0.0103] V=[0.0031 -0.0002 0.0014] |Bas|=0.358793 |Bgs|=0.0028648 tic0=[0.1200 0.0500 -0.0200] tic1=[0.1200 -0.0500 -0.0200] td=0.00000 track=120
[E2uls] flag=1 sh_t=130.324 new_t=130.324 dP=[0.0009 0.0004 -0.0005] |dP|=0.0011 first_dt=-1.0000
time: 130.300000, t: 0.156100 0.336814 0.010347 q: 0.999693 -0.008738 -0.023040 -0.002770 
[T2gate] t=130.4000 tri=184 rej=0 xrej=0 init_replace=0 gate=0
[T2slv] t=130.4000 phase=1 init_cost=294.39 final_cost=284.584 iters=9 term=1 slv_ms=17.8
[T2diag] t=130.4000 P=[0.1561 0.3369 0.0104] V=[0.0042 -0.0003 0.0019] |Bas|=0.358793 |Bgs|=0.0028357 tic0=[0.1200 0.0500 -0.0200] tic1=[0.1200 -0.0500 -0.0200] td=0.00000 track=120
[E2uls] flag=1 sh_t=130.436 new_t=130.436 dP=[0.0011 0.0001 0.0002] |dP|=0.0011 first_dt=-1.0000
time: 130.400000, t: 0.156080 0.336857 0.010356 q: 0.999692 -0.008744 -0.023044 -0.002787 
[T2depth] t=130.5000 id=11188 src=stereo u=286.0 v=244.0 depth=4.6930 depth2=-1.0000 track=1 sf=10 flag=ok
[T2gate] t=130.5000 tri=185 rej=0 xrej=0 init_replace=0 gate=0
[T2slv] t=130.5000 phase=1 init_cost=293.978 final_cost=284.579 iters=9 term=1 slv_ms=9.8
[T2diag] t=130.5000 P=[0.1561 0.3368 0.0104] V=[0.0022 0.0012 -0.0007] |Bas|=0.358793 |Bgs|=0.0035522 tic0=[0.1200 0.0500 -0.0200] tic1=[0.1200 -0.0500 -0.0200] td=0.00000 track=119
[E2uls] flag=1 sh_t=130.524 new_t=130.524 dP=[0.0010 0.0004 0.0003] |dP|=0.0011 first_dt=-1.0000
time: 130.500000, t: 0.156080 0.336831 0.010355 q: 0.999692 -0.008740 -0.023043 -0.002776 
[T2gate] t=130.6000 tri=184 rej=0 xrej=0 init_replace=0 gate=0
[T2slv] t=130.6000 phase=1 init_cost=293.099 final_cost=284.58 iters=9 term=1 slv_ms=14.0
[T2diag] t=130.6000 P=[0.1561 0.3368 0.0104] V=[-0.0000 -0.0018 -0.0003] |Bas|=0.358793 |Bgs|=0.0035148 tic0=[0.1200 0.0500 -0.0200] tic1=[0.1200 -0.0500 -0.0200] td=0.00000 track=119
[E2uls] flag=1 sh_t=130.644 new_t=130.644 dP=[0.0005 0.0004 -0.0002] |dP|=0.0007 first_dt=-1.0000
time: 130.600000, t: 0.156088 0.336821 0.010352 q: 0.999692 -0.008742 -0.023040 -0.002774 
[T2gate] t=130.7040 tri=184 rej=0 xrej=0 init_replace=0 gate=0
[T2slv] t=130.7040 phase=1 init_cost=293.623 final_cost=284.584 iters=9 term=1 slv_ms=10.1
[T2diag] t=130.7040 P=[0.1561 0.3368 0.0103] V=[0.0011 0.0012 -0.0000] |Bas|=0.358793 |Bgs|=0.0030935 tic0=[0.1200 0.0500 -0.0200] tic1=[0.1200 -0.0500 -0.0200] td=0.00000 track=119
[E2uls] flag=1 sh_t=130.732 new_t=130.732 dP=[0.0002 -0.0001 -0.0002] |dP|=0.0003 first_dt=-1.0000
time: 130.704000, t: 0.156101 0.336800 0.010348 q: 0.999693 -0.008740 -0.023039 -0.002767 
[T2gate] t=130.8360 tri=185 rej=0 xrej=0 init_replace=0 gate=0
[T2slv] t=130.8360 phase=1 init_cost=295.451 final_cost=284.583 iters=9 term=1 slv_ms=10.1
[T2diag] t=130.8360 P=[0.1561 0.3368 0.0103] V=[0.0017 0.0011 -0.0012] |Bas|=0.358793 |Bgs|=0.0049860 tic0=[0.1200 0.0500 -0.0200] tic1=[0.1200 -0.0500 -0.0200] td=0.00000 track=119
[E2uls] flag=1 sh_t=130.868 new_t=130.868 dP=[0.0006 0.0002 -0.0002] |dP|=0.0007 first_dt=-1.0000
time: 130.836000, t: 0.156107 0.336795 0.010346 q: 0.999693 -0.008740 -0.023039 -0.002766 
[T2depth] t=130.9360 id=11246 src=motion2 u=283.1 v=244.0 depth=5.0000 depth2=-1.0000 track=2 sf=9 flag=init_neg
[T2gate] t=130.9360 tri=186 rej=0 xrej=0 init_replace=1 gate=0
[T2slv] t=130.9360 phase=1 init_cost=294.06 final_cost=284.547 iters=9 term=1 slv_ms=10.0
[T2diag] t=130.9360 P=[0.1561 0.3369 0.0103] V=[0.0019 0.0007 0.0000] |Bas|=0.358793 |Bgs|=0.0039854 tic0=[0.1200 0.0500 -0.0200] tic1=[0.1200 -0.0500 -0.0200] td=0.00000 track=119
[E2uls] flag=1 sh_t=130.960 new_t=130.960 dP=[0.0008 -0.0001 -0.0003] |dP|=0.0008 first_dt=-1.0000
time: 130.936000, t: 0.156097 0.336879 0.010345 q: 0.999692 -0.008752 -0.023047 -0.002797 
[T2depth] t=131.0360 id=11266 src=motion2 u=99.0 v=478.0 depth=5.0000 depth2=-1.0000 track=2 sf=9 flag=init_neg
[T2gate] t=131.0360 tri=185 rej=0 xrej=0 init_replace=1 gate=0
[T2slv] t=131.0360 phase=1 init_cost=304.244 final_cost=284.539 iters=9 term=1 slv_ms=10.2
[T2diag] t=131.0360 P=[0.1561 0.3369 0.0103] V=[0.0005 -0.0005 0.0012] |Bas|=0.358793 |Bgs|=0.0067286 tic0=[0.1200 0.0500 -0.0200] tic1=[0.1200 -0.0500 -0.0200] td=0.00000 track=120
[E2uls] flag=1 sh_t=131.060 new_t=131.060 dP=[0.0006 0.0003 0.0003] |dP|=0.0007 first_dt=-1.0000
[33m[WARN] [1790712044.005388039, 131.060035831]: Shutdown request received.[0m
[33m[WARN] [1790712044.005423888, 131.060035831]: Reason given for shutdown: [[/vins_estimator] Reason: new node registered with same name][0m
terminate called without an active exception
