t_t2slv	phase	init_cost	final_cost	iters	slv_ms
9.704	0	442156.0000	773.6150	9	20.4
9.836	1	5762.9500	767.6130	9	23.6
9.936	1	479.9590	426.8500	9	12.8
10.036	1	485.5900	431.2180	9	18.6
10.136	1	524.1290	491.8580	9	17.2
10.240	1	551.4600	522.6680	9	19.3
10.336	1	602.4000	585.6920	9	14.6
10.436	1	670.6510	661.2170	9	9.0
10.540	1	825.3990	715.2420	9	19.6
10.636	1	769.9300	634.8200	9	28.4
10.736	1	686.0090	669.7090	9	21.1
10.836	1	738.1400	717.6450	9	32.5
10.936	1	752.9050	722.9140	9	17.5
11.036	1	765.7490	748.0620	9	12.7
11.168	1	828.3560	792.1520	9	12.9
11.300	1	843.1900	807.1580	9	28.7
11.400	1	830.4840	798.2290	9	19.8
11.472	1	824.9560	808.2840	9	19.1
11.600	1	877.2890	837.8430	9	35.3
11.704	1	891.3270	866.8310	9	20.2
11.836	1	932.0040	871.4280	9	29.1
11.936	1	883.4390	854.2720	9	24.3
12.068	1	813.5740	748.6610	9	14.5
12.200	1	639.0620	572.5760	9	12.8
12.300	1	532.9760	497.2780	9	18.6
12.400	1	499.5210	458.6270	9	12.1
12.472	1	413.9240	388.0490	9	14.6
12.600	1	420.8930	347.5000	9	14.7
12.704	1	382.2060	337.9310	9	21.3
12.836	1	425.1280	346.4310	9	32.3
12.936	1	391.8200	350.1430	9	13.4
13.068	1	442.2800	356.5920	9	12.3
13.168	1	520.0690	423.0620	9	7.8
13.272	1	425.4280	366.5060	9	30.3
14.500	0	72159.1000	499.6430	9	19.5
14.600	1	921.0970	630.6170	9	18.0
14.700	1	404.3720	264.0190	9	15.5
14.800	1	827.5090	262.1580	9	14.7
14.900	1	792.4450	264.8510	9	20.7
15.000	1	314.2510	227.9750	9	13.0
15.100	1	473.6490	234.7020	9	20.6
15.200	1	287.0210	242.8520	9	11.7
15.300	1	304.2960	266.9260	9	7.9
15.400	1	306.7100	255.7750	9	15.3
15.500	1	268.2980	243.1870	9	20.4
15.600	1	281.8230	253.8340	9	27.1
15.700	1	299.2650	270.1370	9	21.3
15.800	1	310.2450	283.0820	9	25.1
15.872	1	307.7470	289.0240	9	10.3
16.000	1	345.2860	296.5590	9	26.3
16.100	1	358.6830	319.6520	9	25.9
16.200	1	368.4310	333.6720	9	21.5
16.300	1	392.2410	351.8980	9	37.0
16.404	1	422.5710	372.1090	9	14.6
16.536	1	463.0750	396.1550	9	10.9
16.652	1	470.7940	416.6120	9	12.7
16.752	1	490.8930	426.7190	9	29.8
16.852	1	510.4020	438.1330	9	30.7
16.952	1	520.4160	456.4560	9	19.5
17.052	1	561.1410	482.3900	9	32.2
17.124	1	571.9930	486.1570	9	10.4
17.252	1	644.6600	548.9320	9	26.3
17.356	1	660.1170	538.0890	9	16.9
17.492	1	713.2440	590.6810	9	21.1
17.588	1	697.5760	566.8940	9	21.4
17.688	1	716.5950	598.6660	9	15.5
17.788	1	756.3100	624.5470	9	17.8
18.888	0	53955.8000	481.0150	9	13.7
19.020	1	1893.9200	424.0730	9	9.8
19.152	1	216.4590	168.3430	9	25.4
19.252	1	212.2240	172.3120	9	33.0
19.352	1	197.9260	176.4570	9	29.9
19.452	1	190.2020	171.4430	9	11.8
19.524	1	177.7400	169.7740	9	14.9
19.652	1	228.9220	183.5140	9	24.3
19.752	1	201.9460	184.1640	9	10.8
19.852	1	223.2550	192.8400	9	29.0
19.952	1	239.2840	211.9100	9	25.6
20.052	1	254.5730	209.4430	9	13.9
20.152	1	248.8090	207.7600	9	17.9
20.224	1	232.2380	205.0140	9	11.7
20.352	1	292.7250	220.4200	9	34.1
20.456	1	264.4690	226.5850	9	21.2
20.588	1	291.8340	243.2190	9	11.4
20.688	1	298.2910	240.0730	9	16.4
20.788	1	295.1820	249.6150	9	30.7
20.888	1	309.4640	265.0720	9	23.6
20.988	1	332.0840	280.3910	9	13.9
21.088	1	317.0960	260.9550	9	10.2
21.188	1	334.3010	270.2940	9	10.2
21.288	1	326.4790	272.3890	9	10.0
21.388	1	331.1550	275.2830	9	10.1
21.492	1	358.8590	292.4630	9	10.0
21.588	1	364.9610	300.4270	9	10.1
21.720	1	395.7360	317.3290	9	11.3
21.852	1	393.6950	320.7900	9	27.6
21.952	1	387.1120	315.2660	9	19.9
22.052	1	407.2020	327.9090	9	30.1
22.152	1	408.0750	327.5520	9	20.1
22.224	1	381.6320	311.9780	9	27.4
22.352	1	452.9320	346.6320	9	12.6
22.452	1	412.2530	333.5030	9	13.8
22.552	1	422.4550	340.9880	9	16.7
22.652	1	425.9590	343.5940	9	31.3
22.752	1	429.0850	346.8160	9	21.5
22.824	1	411.4730	336.5830	9	11.3
22.952	1	472.3680	371.2270	9	13.7
23.052	1	441.5320	354.8040	9	14.0
23.152	1	447.6800	366.8030	9	26.9
23.256	1	451.1970	371.6770	9	24.0
23.356	1	464.0170	380.3270	9	12.3
23.456	1	475.2220	392.3440	9	12.4
23.588	1	509.9310	410.5220	9	14.3
23.688	1	478.5780	392.8080	9	37.5
23.788	1	469.3190	385.6720	9	9.1
23.888	1	457.9520	383.7960	9	9.5
23.964	1	449.5930	370.8130	9	9.2
24.092	1	511.9400	409.7320	9	9.4
24.196	1	486.4800	400.1470	9	23.2
24.328	1	499.5800	410.0980	9	11.6
24.428	1	469.2770	405.0360	9	13.8
24.528	1	480.6460	403.6600	9	22.4
24.628	1	482.0580	407.5660	9	19.7
24.728	1	483.3120	406.3210	9	20.1
24.828	1	490.1580	409.8240	9	15.6
24.928	1	476.9300	411.7180	9	16.0
25.060	1	512.5020	431.8260	9	14.9
25.192	1	511.7320	431.4960	9	30.8
25.292	1	508.4210	429.7690	9	31.5
25.364	1	483.9650	423.3510	9	13.9
25.492	1	560.7780	452.2710	9	9.4
25.564	1	514.1950	431.1980	9	15.1
25.692	1	560.3650	462.1260	9	15.9
25.792	1	530.6110	446.9460	9	27.0
25.892	1	531.3900	448.6850	9	25.7
27.028	0	7675.3800	442.3270	9	7.3
27.128	1	12624.5000	2788.0000	9	11.8
27.264	1	230.4720	173.9730	9	8.8
27.392	1	223.9370	161.3200	9	6.4
27.492	1	192.3440	163.1140	9	4.3
27.568	1	165.2150	162.0160	9	18.6
27.696	1	199.5250	158.3530	9	17.6
27.776	1	205.1050	164.5800	9	7.2
27.880	1	208.9700	165.7700	9	9.5
27.968	1	166.7620	161.3890	9	16.7
28.080	1	179.5020	160.4760	9	21.4
28.168	1	172.3560	163.7620	9	11.0
28.272	1	176.6870	163.0580	9	13.8
28.384	1	185.5350	164.7190	9	26.4
28.472	1	168.9450	162.1210	9	8.5
28.596	1	172.5180	166.4980	9	20.0
28.676	1	179.1560	169.2060	9	7.6
28.776	1	173.4400	167.8730	9	12.4
28.884	1	169.4510	164.9780	9	19.7
28.996	1	197.6430	164.4320	9	12.3
29.096	1	190.7690	164.1810	9	13.7
29.168	1	181.3980	169.6850	9	12.6
29.280	1	668.0460	208.4720	9	18.8
29.368	1	186.4480	166.3130	9	16.8
29.476	1	193.0380	164.0530	9	8.5
29.596	1	186.4280	162.1870	9	9.0
29.696	1	195.8440	164.4830	9	23.9
29.776	1	174.6890	168.4620	9	16.2
29.884	1	171.6730	165.4760	9	17.0
30.000	1	168.1670	160.5430	9	13.7
30.132	1	204.0280	159.4780	9	28.8
30.236	1	188.1650	160.9920	9	18.3
30.332	1	182.8660	161.1510	9	10.6
30.432	1	162.9420	158.0400	9	21.1
30.532	1	176.5600	154.6020	9	9.1
30.632	1	180.9740	157.5760	9	16.4
30.732	1	173.2670	158.7790	9	15.2
30.832	1	177.0390	155.7790	9	15.6
30.932	1	181.2910	163.0850	9	16.3
31.032	1	187.9360	161.6180	9	10.8
31.132	1	165.6060	156.2160	9	11.4
31.232	1	162.3300	156.4670	9	4.4
31.332	1	187.3350	155.6560	9	10.2
31.476	1	220.3780	154.9600	9	6.8
31.568	1	168.1550	161.1350	9	5.9
31.700	1	197.5130	160.1660	9	17.0
31.832	1	192.4070	162.7880	9	18.3
31.932	1	169.7140	161.0060	9	17.1
32.032	1	157.4820	152.3090	9	13.4
32.132	1	171.7750	156.6310	9	14.1
32.232	1	231.6120	204.7730	9	17.2
32.332	1	200.0820	165.2480	9	19.5
32.432	1	154.4530	147.8010	9	13.9
32.532	1	163.8760	154.7320	9	23.6
32.632	1	1331.7300	217.6250	9	35.0
32.732	1	176.8070	172.1500	9	30.8
32.832	1	184.0670	174.0860	9	23.2
32.932	1	175.1050	168.8270	9	28.8
33.032	1	172.9880	169.1920	9	30.1
33.132	1	174.6110	169.2270	9	20.4
33.236	1	166.6630	165.0970	9	33.0
33.372	1	176.3590	168.2540	9	17.9
33.496	1	281.3450	165.3260	9	24.2
33.572	1	167.7170	164.8170	9	11.7
33.680	1	186.0750	171.3390	9	15.9
33.796	1	172.4210	166.8800	9	19.8
33.896	1	169.1620	165.2170	7	26.0
33.976	1	174.7390	170.7830	9	15.3
34.080	1	177.2030	169.8390	9	12.6
34.176	1	177.7770	165.2140	9	16.3
34.276	1	175.2960	170.0650	9	19.1
34.396	1	186.1470	176.8050	9	32.0
34.468	1	197.5060	171.9430	9	14.3
34.600	1	171.4800	166.8500	8	8.3
34.704	1	176.7480	171.2110	9	9.1
34.836	1	177.4020	169.6580	9	34.6
34.936	1	170.5380	165.3580	9	19.1
35.036	1	179.5560	171.4710	9	35.1
35.136	1	183.4780	177.6530	9	29.1
35.236	1	184.8190	179.8450	8	22.2
35.336	1	184.0160	180.2010	9	28.3
35.408	1	178.9720	174.3040	9	7.6
35.504	1	181.6310	172.9880	9	8.7
35.576	1	174.8870	172.1650	9	9.5
35.648	1	172.8720	170.4560	9	15.2
35.748	1	179.4620	175.2350	9	25.0
35.848	1	184.9590	182.9570	9	6.9
35.948	1	183.0260	175.3480	9	28.5
36.048	1	184.7800	180.6720	9	17.5
36.148	1	189.4180	182.6020	9	31.0
36.248	1	183.4440	177.1300	9	17.0
36.348	1	184.8910	178.9410	9	28.8
36.452	1	187.9170	179.6090	8	28.1
36.548	1	195.5680	184.4920	8	11.4
36.648	1	189.7280	186.6380	9	10.3
36.756	1	191.4330	186.1930	9	9.4
36.864	1	190.6180	186.7970	9	18.9
36.964	1	188.6360	185.4240	9	22.7
37.068	1	191.3940	187.1010	9	30.3
37.160	1	191.8340	187.5210	9	18.9
37.268	1	190.3670	185.5570	9	27.6
37.364	1	185.4970	182.3440	9	12.0
37.476	1	186.1300	179.2260	9	9.0
37.560	1	189.3800	183.6900	9	4.1
37.664	1	194.4910	183.9980	9	25.1
37.776	1	187.5520	181.3310	9	9.8
37.872	1	187.7400	184.8610	9	24.0
37.968	1	187.3070	182.6680	9	14.3
38.060	1	182.7600	178.6110	9	8.5
38.156	1	188.5380	182.3740	9	8.6
38.260	1	187.6250	181.7370	9	9.3
38.368	1	186.6810	180.6860	9	12.2
38.476	1	569.5630	453.4980	9	11.2
38.584	1	569.5520	529.9440	9	16.9
38.688	1	769.4670	748.9960	9	16.3
38.820	1	965.3310	932.8370	9	17.3
38.920	1	1560.8100	1167.6200	9	18.4
39.020	1	1516.8700	1370.9500	9	9.9
39.120	1	1426.8100	1293.5400	9	15.6
39.220	1	1232.5100	1132.7600	9	4.7
39.320	1	1602.8300	1290.7300	9	9.6
39.404	1	1515.5900	1396.1400	9	7.5
39.520	1	1527.5200	1442.5300	9	14.1
39.620	1	1538.8800	1464.4300	9	24.7
39.720	1	1592.4800	1457.9900	9	11.0
39.820	1	1779.7300	1623.4600	9	15.2
39.920	1	1738.1500	1565.0200	9	13.1
40.020	1	2084.0100	1909.1100	9	25.0
40.120	1	2136.8400	1983.3700	8	26.1
40.220	1	2561.3800	2281.0700	9	13.7
40.320	1	2843.7800	2562.9700	9	24.3
40.420	1	3180.9300	2957.6100	5	16.5
40.520	1	2944.6100	2838.7800	9	30.1
40.620	1	3107.0800	2965.3900	9	28.7
40.720	1	3298.5600	3112.4300	7	33.8
40.820	1	3625.0800	3407.8000	7	32.0
40.920	1	3928.8500	3650.6000	7	22.9
41.020	1	4127.2500	3823.9700	9	23.2
41.120	1	4011.0600	3768.2100	5	27.4
41.220	1	4029.8700	3858.2400	9	18.3
41.324	1	4094.8100	3942.0900	9	22.4
41.420	1	4134.9100	3981.0800	9	22.0
41.520	1	4233.1600	4062.5200	9	15.4
41.620	1	4213.3500	4053.4500	9	29.1
41.720	1	4183.1700	4017.4300	9	17.7
41.820	1	4397.1100	4069.7700	9	27.1
41.924	1	4170.1600	4049.6600	8	12.8
42.020	1	4273.7900	4068.2500	8	9.8
42.120	1	4165.0600	4007.3500	9	22.9
42.220	1	4142.8000	4010.5400	9	18.1
42.320	1	4160.2700	4019.2400	3	15.5
42.420	1	4250.9600	4018.6100	5	30.6
42.520	1	4132.9000	3998.6900	4	9.5
42.620	1	4544.2100	3983.6200	9	25.9
42.720	1	4107.0500	3966.5300	5	20.1
42.824	1	4114.2800	3972.9000	5	29.9
42.920	1	4071.5700	3957.3500	5	21.2
43.020	1	4130.2900	3970.3200	8	34.7
43.120	1	4038.6300	3915.2700	7	32.3
43.220	1	4044.6000	3900.3500	6	18.6
43.324	1	4111.5300	3951.4600	6	40.1
43.420	1	3936.3700	3825.8300	5	23.9
43.520	1	4028.3000	3891.2300	7	39.7
43.620	1	4024.5200	3903.9900	5	21.4
43.720	1	4138.8800	3976.2600	7	39.1
43.820	1	4015.5100	3881.5400	8	32.4
43.920	1	4112.6000	3941.3600	6	38.9
44.020	1	3978.2800	3858.7000	5	25.9
44.120	1	4099.0500	3908.0500	6	35.9
44.220	1	3983.5400	3870.9000	5	14.6
44.320	1	3993.6000	3866.0200	5	20.2
44.424	1	4007.3600	3827.5700	6	33.3
44.520	1	3917.3200	3804.8300	6	22.4
44.620	1	3942.7100	3816.6300	6	34.5
44.720	1	3952.9300	3840.0500	5	18.9
44.820	1	3983.0200	3858.9600	6	39.1
44.920	1	3988.9800	3866.3700	5	32.6
45.020	1	4081.6000	3936.8400	6	21.9
45.120	1	4194.8500	3998.2500	8	43.3
45.192	1	3987.4000	3881.0700	5	11.7
45.304	1	4040.4100	3902.3800	5	17.5
45.420	1	4073.7300	3928.1900	5	15.1
45.524	1	4079.9500	3953.7500	5	21.8
45.628	1	4085.8900	3957.8200	5	27.6
45.724	1	4094.1700	3974.7200	5	24.2
45.824	1	4116.6700	3990.0800	5	31.2
45.924	1	4133.6000	4004.4700	5	13.5
46.028	1	4149.5200	4017.4800	5	26.3
46.124	1	4145.6700	4024.5700	5	15.7
46.224	1	4206.7400	4047.3700	5	22.3
46.324	1	4196.8800	4058.3000	5	13.3
46.424	1	4232.9200	4080.5800	5	30.0
46.528	1	4255.6900	4104.2600	5	13.2
46.624	1	4247.4200	4115.5300	5	37.2
46.724	1	4276.6200	4130.1100	5	21.8
46.824	1	4285.7000	4142.1900	5	27.3
46.924	1	4292.6700	4148.3900	5	29.1
47.024	1	4315.7600	4158.9500	5	35.0
47.124	1	4341.3400	4177.0500	5	38.4
47.224	1	4329.4100	4183.9900	5	23.3
47.324	1	4338.6100	4189.1600	5	26.7
47.424	1	4358.7800	4201.8800	5	28.9
47.524	1	4389.0400	4222.2400	5	27.8
47.624	1	4403.9300	4244.9400	5	33.7
47.724	1	4407.9700	4258.6400	5	31.3
47.824	1	4412.1900	4265.3200	5	12.5
47.924	1	4428.4200	4275.8700	5	28.5
48.024	1	4555.7700	4307.3500	6	26.5
48.124	1	4438.6800	4311.5500	5	12.3
48.228	1	4461.4200	4323.6800	4	20.5
48.328	1	4444.7200	4316.7700	5	23.6
48.428	1	4457.1200	4317.8500	5	19.4
48.528	1	4463.0700	4326.4000	5	28.4
48.628	1	4472.7600	4338.4700	5	29.2
48.728	1	4500.9600	4356.1400	5	38.3
48.828	1	4486.3500	4358.4200	5	23.5
48.932	1	4502.3000	4365.0400	5	35.6
49.028	1	4504.8300	4373.7400	5	31.7
49.132	1	4505.7500	4375.7600	5	31.2
49.232	1	4809.2900	4427.2900	8	37.1
49.328	1	4537.1900	4406.1100	5	15.7
49.428	1	4547.8200	4418.5200	5	21.6
49.528	1	4572.5100	4431.0900	5	22.8
49.632	1	4582.3000	4430.7500	5	45.2
49.732	1	4584.9500	4442.9600	5	29.5
49.828	1	4588.9800	4456.0600	5	34.8
49.928	1	4597.3700	4464.6600	5	18.9
50.032	1	4633.1200	4482.6200	5	37.7
50.128	1	4647.0800	4501.3400	5	19.9
50.228	1	4654.1500	4514.6600	5	31.9
50.328	1	4663.7300	4527.1300	5	21.1
50.428	1	4685.6800	4541.0400	5	14.3
50.528	1	4691.0300	4549.8100	5	33.6
50.628	1	4713.0900	4560.5600	5	12.6
50.732	1	4704.9300	4567.5000	5	9.1
50.828	1	4719.1000	4576.9300	5	24.1
50.928	1	4738.4000	4589.3600	5	10.4
51.028	1	4732.0300	4595.5700	5	11.4
51.128	1	4724.7400	4594.1100	5	28.9
51.228	1	4730.4400	4594.8600	5	12.1
51.328	1	4730.3100	4597.8600	5	17.9
51.432	1	4741.4900	4600.2800	5	9.1
51.528	1	4854.4500	4593.8600	9	16.6
51.628	1	4688.3900	4549.0400	5	9.9
51.728	1	4704.9900	4556.6700	4	19.3
51.860	1	4746.0200	4572.4900	9	9.2
51.992	1	4730.3800	4581.3600	9	20.3
52.092	1	4733.4300	4588.3700	9	16.3
52.192	1	4757.5900	4601.2700	4	20.1
52.292	1	4750.0500	4606.0300	9	16.8
52.364	1	4743.6200	4607.5000	4	22.8
52.492	1	4795.9500	4617.0500	9	18.7
52.604	1	4780.7800	4619.8400	9	25.8
52.728	1	4795.3000	4626.8200	9	10.6
52.828	1	4787.5600	4633.7500	9	25.1
52.928	1	4801.1300	4643.2900	9	23.3
53.060	1	4832.3800	4652.7400	9	27.7
53.132	1	4795.8900	4646.1200	9	19.0
53.232	1	4842.9500	4661.7800	4	11.3
53.360	1	4959.9000	4662.3500	9	18.4
53.464	1	5242.4900	4710.4400	6	31.1
53.560	1	5121.6800	4803.7300	4	9.0
53.632	1	4929.4600	4773.0500	9	26.8
53.732	1	4942.0500	4781.1400	9	27.9
53.864	1	5105.5400	4896.9700	9	21.1
53.964	1	5141.7500	4907.4200	6	15.3
54.096	1	5248.1100	4944.0200	6	17.3
54.168	1	4925.6900	4776.4500	3	14.3
54.296	1	4625.9200	4361.1200	7	27.6
54.396	1	4508.8300	4316.8900	7	23.9
54.500	1	4437.8600	4204.2100	7	18.5
54.632	1	4338.5500	4016.4800	8	20.4
54.732	1	4354.2700	4112.0500	7	31.2
54.816	1	4689.6700	4118.3900	9	15.3
54.932	1	4375.9400	4090.7300	9	31.4
55.012	1	4315.9800	4113.2400	9	17.9
55.100	1	4337.0600	4112.7200	9	19.7
55.236	1	4710.5900	4240.0900	9	24.5
55.364	1	4458.1400	4195.0700	6	20.9
55.464	1	4644.2600	4299.7200	5	14.4
55.564	1	4559.7500	4298.2900	4	11.6
55.664	1	4572.8800	4304.3600	4	15.5
55.768	1	4721.7600	4377.0900	4	15.3
55.864	1	4518.3400	4252.8800	4	15.2
56.020	1	4568.7500	4260.2100	4	8.4
56.132	1	4562.6300	4261.3600	4	23.2
56.264	1	4479.4000	4199.8500	4	20.7
56.364	1	4803.4000	4279.2900	9	18.1
56.504	1	4528.4300	4230.7000	4	18.5
56.616	1	4613.3500	4290.1800	5	10.3
56.732	1	4528.9900	4237.9600	4	13.1
56.832	1	4548.7300	4234.3500	7	23.8
56.920	1	4436.2300	4149.8600	5	10.1
57.032	1	4459.0900	4149.7500	5	14.2
57.132	1	4419.6500	4112.3900	9	22.7
57.264	1	4498.0100	4114.1000	5	13.1
57.364	1	4366.5900	4066.9300	5	20.5
57.464	1	4483.5500	4157.1800	6	17.2
57.608	1	4500.2100	4185.9400	5	22.0
57.704	1	4889.3200	4311.5100	8	20.2
57.800	1	4481.1800	4169.1200	5	17.6
57.932	1	4679.5300	4320.0900	6	17.3
58.032	1	4563.7200	4240.5000	6	22.9
58.164	1	4641.7500	4286.7100	5	25.4
58.264	1	4648.2600	4311.7600	5	15.1
58.404	1	5122.6400	4487.1000	5	24.5
58.532	1	4645.4000	4303.5100	9	27.4
58.664	1	4721.7000	4354.0400	5	10.5
58.764	1	4582.6600	4248.0400	6	22.6
58.864	1	4655.2200	4271.2800	5	9.8
58.968	1	4498.0700	4159.4100	5	13.7
59.064	1	4521.2000	4168.1100	6	16.6
59.224	1	4705.3600	4276.1700	5	10.0
59.332	1	4491.1600	4135.0900	5	10.1
59.432	1	4607.7900	4179.4500	5	27.9
59.564	1	4546.9100	4185.3500	5	29.9
59.664	1	5009.4700	4241.4800	6	19.4
59.796	1	4588.5400	4211.6300	5	17.5
59.896	1	4733.0100	4292.2000	7	27.0
59.996	1	4592.7200	4226.4600	5	16.6
60.108	1	4718.2500	4272.3300	5	9.1
60.232	1	4602.1100	4220.8000	6	10.2
60.332	1	4713.5400	4266.8200	5	9.3
60.432	1	4607.7600	4210.2200	5	13.0
60.536	1	4814.5500	4321.5200	6	13.6
60.676	1	4670.2200	4263.7400	5	16.2
60.796	1	4666.8800	4266.2200	5	12.9
60.908	1	4738.0000	4280.4200	5	14.7
61.032	1	4615.1400	4215.7900	5	12.8
61.132	1	4633.2200	4239.7900	6	14.1
61.204	1	4738.5300	4281.5000	5	10.1
61.320	1	4635.5700	4231.5200	5	8.6
61.432	1	4595.4800	4187.3100	5	19.8
61.564	1	4785.8800	4259.3900	9	19.5
61.664	1	4680.9100	4263.3400	6	19.3
61.740	1	4675.3300	4265.1000	5	10.0
61.832	1	4831.2000	4350.3000	6	22.6
61.904	1	4729.5100	4320.3300	5	13.9
62.012	1	4732.0600	4318.8400	5	17.8
62.132	1	4749.7600	4332.5000	5	18.0
62.264	1	4951.5600	4479.4500	6	12.2
62.364	1	4759.4000	4334.3700	5	28.0
62.464	1	4756.1200	4329.3600	5	8.2
62.600	1	4855.4300	4398.8800	6	15.0
62.704	1	4754.7800	4324.6600	5	13.9
62.832	1	4768.6100	4332.7000	6	24.8
62.908	1	4852.4900	4399.0000	5	11.0
63.008	1	4831.9300	4406.5400	5	11.4
63.100	1	4801.6000	4375.7400	5	17.8
63.232	1	4943.7600	4450.3200	5	21.1
63.332	1	4826.6600	4400.5700	9	21.9
63.464	1	4840.9900	4409.7000	6	25.7
63.564	1	4852.8300	4356.6300	5	20.6
63.696	1	4737.0100	4307.2200	5	20.7
63.816	1	4710.1900	4285.4800	5	11.2
63.932	1	4777.6200	4261.2000	6	21.8
64.032	1	4658.8100	4226.0200	6	30.1
64.112	1	4646.5000	4223.4000	5	9.6
64.204	1	4712.7700	4254.1600	5	16.3
64.332	1	4595.0300	4165.5300	5	9.5
64.464	1	4611.6300	4182.3700	7	30.8
64.544	1	4715.0000	4224.3800	6	13.6
64.632	1	4590.3000	4167.7300	5	22.9
64.764	1	4615.3100	4178.6700	5	16.3
64.864	1	4717.5700	4226.9700	8	21.7
64.972	1	4646.7400	4208.0300	5	21.0
65.064	1	4642.6000	4209.4600	6	10.7
65.196	1	4732.3700	4273.6300	9	25.8
65.312	1	4681.5000	4257.3500	7	14.6
65.436	1	5552.1700	4425.2500	7	21.1
65.532	1	4655.4500	4227.8300	6	31.8
65.664	1	4637.8000	4180.4700	6	21.8
65.764	1	5185.7000	4382.2000	7	11.7
65.896	1	4580.2100	4154.2100	5	7.9
65.996	1	4597.8300	4154.0700	5	9.1
66.104	1	4723.6700	4197.9100	5	14.7
66.232	1	4564.5800	4142.7900	7	14.4
66.332	1	4862.0900	4324.0200	5	10.6
66.464	1	4526.8300	4084.2900	5	10.6
66.564	1	5040.3400	4367.9600	9	28.9
66.668	1	4456.0900	4034.6400	5	13.7
66.804	1	4584.0400	4051.9300	9	27.5
66.932	1	4480.2500	4034.0700	6	10.6
67.032	1	4730.3200	4175.9100	6	11.0
67.136	1	4399.9500	3981.4200	5	17.6
67.236	1	4445.8800	4014.9900	5	11.4
67.368	1	6055.0600	4705.9900	8	34.9
67.464	1	4618.1900	4078.0800	9	12.9
67.604	1	4463.0400	3994.2400	9	16.8
67.704	1	4447.0900	3991.2400	4	7.1
67.808	1	4542.4500	4059.2000	9	10.7
67.908	1	5330.6800	3979.3400	8	11.5
68.032	1	4358.9000	3903.7200	6	19.7
68.172	1	4380.6300	3897.3500	9	17.0
68.264	1	4333.2800	3877.1400	6	20.0
68.396	1	5179.0200	4065.8600	7	15.7
68.500	1	4533.3000	3984.0600	9	15.2
68.636	1	4585.1800	3954.5000	8	17.2
68.764	1	4422.9500	3935.4300	9	7.2
68.916	1	4320.4600	3838.0200	9	7.6
69.032	1	4478.7400	3892.7300	9	9.9
69.132	1	4620.3600	4086.0500	9	7.8
69.264	1	4910.4000	3875.9100	9	5.1
69.396	1	4834.4100	4088.5900	9	6.7
69.472	1	4340.7700	3856.7600	6	6.1
69.608	1	4423.3500	3870.3900	5	5.1
69.708	1	5020.9700	3876.0200	9	5.9
69.832	1	4429.6100	3919.0200	9	11.3
69.904	1	4522.2800	3942.5700	9	5.1
70.032	1	5895.3700	4088.7900	9	8.5
70.164	1	4958.5100	3969.9100	9	3.7
70.264	1	4325.2300	3837.4200	9	9.5
70.396	1	6492.0800	3998.7600	9	3.0
70.500	1	4439.0700	3872.2300	9	4.8
70.632	1	4510.6300	3895.0300	9	14.9
70.764	1	4471.8300	3925.6800	9	4.9
70.868	1	4433.0100	3929.3600	9	2.8
70.996	1	4424.4200	3943.0100	9	3.0
71.096	1	4914.2500	4296.5200	9	5.6
71.216	1	4930.4200	4131.0200	9	7.4
71.332	1	4754.4500	3990.4700	9	5.1
71.420	1	5047.3900	4069.6000	9	4.2
71.532	1	4806.2900	3995.8300	9	13.7
71.620	1	4370.5000	3858.3100	9	6.7
71.732	1	4531.5700	4000.9300	9	3.6
71.804	1	5484.1300	5484.1300	9	5.1
71.932	1	4577.4500	3885.4200	9	8.7
72.068	1	4466.7900	3866.9100	9	9.7
72.164	1	4361.8900	3898.9600	9	4.9
72.276	1	4365.1800	3886.8700	9	4.6
72.364	1	4314.7300	3887.1900	9	3.9
72.516	1	4574.9200	3954.6800	7	8.1
72.632	1	4439.3200	3921.2100	9	9.9
72.712	1	4464.8300	3952.0800	9	5.0
72.800	1	4479.9200	3958.4000	9	10.9
72.920	1	4440.4800	3942.3000	9	7.9
73.000	1	4463.2300	3940.3000	7	11.8
73.116	1	4511.4100	3983.2400	9	9.5
73.204	1	5059.2400	5059.2400	9	1.8
73.332	1	5101.7800	4603.3400	9	9.3
73.424	1	4577.0300	3996.0100	9	4.0
73.536	1	5468.2500	5468.2500	9	3.4
73.624	1	4795.5000	4114.0700	9	7.9
73.732	1	4687.2400	4108.9400	9	9.1
73.832	1	4726.4600	4194.9100	9	14.9
73.908	1	5870.6400	5870.6400	9	1.6
74.012	1	4614.1900	4133.8700	9	5.5
74.136	1	5099.1400	4446.8600	9	11.7
74.224	1	5011.2700	4398.9100	9	6.1
74.316	1	5003.2400	4438.2300	9	5.0
74.432	1	5077.1900	4548.0200	9	15.5
74.532	1	5042.1200	4482.3000	9	5.1
74.632	1	5662.8800	4973.6100	9	18.0
74.704	1	4989.7800	4252.5500	9	13.6
74.800	1	6490.2100	5158.4600	9	17.4
74.900	1	5911.3600	4974.6800	9	18.8
74.996	1	6910.9400	4711.2100	9	9.6
75.096	1	4960.7600	4528.4300	9	11.5
75.208	1	6160.5700	4798.0600	9	12.2
75.308	1	5357.9100	4683.4200	9	11.9
75.432	1	5079.3700	4550.4000	9	8.9
75.532	1	4612.7500	4226.3200	9	17.4
75.664	1	4527.1600	4171.3100	9	11.8
75.748	1	4593.6100	4191.4600	9	6.5
75.832	1	6922.2000	4775.9300	5	5.3
75.964	1	5120.4300	4282.2000	9	3.9
76.064	1	4663.2400	4337.0300	9	3.9
76.136	1	4353.8700	4054.8900	6	3.6
76.232	1	4253.7400	3956.2700	3	5.3
76.364	1	5184.3700	4448.1500	7	2.0
76.468	1	15713.6000	6206.1500	9	6.2
76.564	1	71775.2000	20679.6000	9	2.2
76.700	1	34945.9000	11523.0000	9	6.3
76.808	1	174728.0000	8386.2200	9	2.3
76.932	1	8405.8600	5688.5900	9	7.4
77.032	1	40526.4000	6591.2500	9	7.1
77.132	1	12451.4000	6817.3800	9	9.6
77.232	1	6416.8300	4561.9800	9	7.8
77.332	1	9244.2600	5646.3200	9	4.5
77.432	1	15637.5000	7975.0500	9	6.1
77.532	1	9762.1300	6336.8000	9	3.9
77.664	1	8501.8200	5541.9300	9	6.1
77.796	1	12186.5000	5626.6000	9	7.8
77.868	1	15399.3000	7910.9300	9	7.4
77.968	1	114383.0000	15608.0000	9	2.4
78.072	1	8583.2700	7331.7100	9	9.5
78.196	1	9522.7700	5090.5500	9	6.6
78.296	1	18640.6000	6636.1800	9	8.0
78.396	1	12765.1000	5717.4900	9	6.1
78.500	1	6709.4800	5843.8700	9	6.5
78.632	1	6240.4400	4933.5300	9	6.6
78.732	1	6871.2000	4993.8700	9	7.3
78.832	1	6075.5800	5099.6700	8	4.7
78.964	1	6266.3600	5346.6900	9	5.9
79.064	1	6090.5900	4671.4300	9	7.2
79.196	1	7964.4000	5930.4100	9	11.0
79.296	1	8257.5600	6749.7800	9	8.5
79.396	1	10994.2000	10994.2000	9	1.4
79.496	1	15289.2000	10313.8000	9	1.8
79.596	1	19874.8000	6548.1800	9	3.9
79.696	1	11420.2000	6112.2100	9	7.6
79.800	1	4649.1500	4074.1200	7	2.8
79.932	1	4360.5800	3943.8500	3	1.9
80.036	1	4351.5400	3943.8500	3	2.5
80.132	1	4355.6000	3943.8500	3	4.7
80.232	1	4352.3400	3943.8500	3	3.3
80.332	1	4351.8800	3943.8500	3	2.1
80.432	1	4351.5500	3943.8500	3	2.2
80.532	1	4351.4800	3943.8500	3	0.9
80.632	1	4350.7000	3943.8500	4	4.2
80.736	1	20162.4000	4697.6600	9	3.6
80.832	1	22234.3000	10761.5000	9	3.4
80.932	1	6341.1400	4619.7700	9	4.9
81.032	1	4571.9200	4015.7600	6	3.0
81.132	1	16306.0000	5055.1600	9	2.1
81.264	1	4556.4900	3982.3300	7	4.4
81.368	1	4347.4300	3943.8500	4	2.4
81.496	1	7073.0100	5502.4900	9	9.1
81.600	1	9958.4000	5779.5500	9	12.5
81.696	1	9684.8700	6491.5100	9	19.5
81.796	1	5915.5400	4476.2100	9	2.8
81.900	1	6267.5500	4530.0200	9	8.9
82.032	1	9583.0800	4849.0700	9	11.7
82.132	1	8310.0100	4802.7900	9	6.8
82.236	1	7319.4700	4474.4900	8	9.7
82.332	1	7686.4200	4725.0300	7	13.2
82.432	1	4719.5400	4247.3300	9	10.6
82.532	1	12301.5000	4861.6600	9	10.6
82.632	1	12516.3000	5122.8700	9	10.2
82.732	1	5112.6600	4614.9100	9	12.3
82.832	1	9408.6100	4702.6300	9	6.7
82.932	1	10876.1000	4718.5300	9	7.2
83.036	1	4776.4400	4323.6400	9	8.8
83.132	1	12974.7000	4700.2600	9	10.4
83.232	1	10687.9000	4619.2700	7	21.6
83.332	1	8199.4200	4720.7900	8	11.8
83.432	1	7310.0500	5388.0400	9	13.0
83.532	1	6183.7400	4752.6300	9	16.8
83.632	1	5515.5200	4497.2300	8	13.3
83.732	1	7609.9600	4879.7300	6	9.4
83.836	1	9555.7000	5600.3700	9	7.5
83.932	1	8487.7100	5016.1200	9	11.8
84.064	1	6623.1600	4989.7200	9	12.5
84.140	1	14004.6000	5368.7400	9	6.2
84.232	1	7908.6000	4866.4500	6	8.4
84.364	1	7520.9100	5328.2800	9	25.8
84.436	1	5718.4300	4938.8200	8	7.9
84.532	1	5895.6500	5285.0400	9	19.3
84.636	1	7038.3800	5905.9200	9	17.9
84.764	1	5782.7800	5333.5500	9	27.0
84.836	1	5678.2400	5243.9700	7	11.6
84.932	1	5461.5000	4990.4000	7	15.4
85.032	1	5619.6500	5112.1700	9	11.8
85.164	1	5637.6200	5184.4900	9	13.1
85.300	1	5167.9600	4755.8600	8	19.4
85.436	1	5181.9000	4778.1200	9	7.0
85.536	1	4947.1800	4579.4000	7	4.8
85.636	1	4850.7300	4529.4900	7	4.2
85.764	1	4827.0500	4523.9100	5	3.1
85.872	1	4825.3900	4523.9100	6	5.2
85.972	1	4826.2600	4523.9100	6	4.3
86.068	1	4825.3500	4523.9100	6	7.3
86.200	1	4858.9700	4523.9100	6	10.4
86.332	1	4832.1300	4523.9100	6	9.7
86.432	1	4827.7400	4523.9100	6	9.0
86.532	1	4827.2100	4523.9100	6	12.1
86.632	1	4833.0800	4523.9100	6	12.4
86.732	1	4830.2400	4523.9100	6	10.5
86.832	1	4825.2900	4523.9100	6	10.0
86.964	1	4804.9900	4491.3700	6	3.6
87.096	1	67773.9000	31361.5000	9	7.1
87.168	1	4979.4500	4509.3700	5	3.4
87.300	1	23236.8000	11148.5000	9	6.2
87.396	1	4764.9900	4456.4900	5	8.6
87.496	1	4754.9500	4462.6600	5	4.0
87.568	1	4768.2400	4476.2500	5	3.1
87.696	1	4787.3400	4495.0800	5	7.0
87.796	1	4805.1100	4514.2300	5	12.9
87.896	1	4819.7500	4530.4000	5	9.0
87.996	1	4835.6100	4548.8400	5	9.2
88.096	1	4851.2400	4565.8000	5	9.2
88.196	1	4860.1400	4577.2200	5	6.8
88.296	1	4875.0300	4593.0500	5	7.4
88.368	1	4883.3600	4604.2100	6	9.9
88.496	1	4895.0500	4614.8900	5	3.7
88.600	1	4911.2400	4631.6200	6	9.8
88.732	1	4925.8800	4646.9900	5	12.2
88.832	1	4926.7000	4652.1300	6	9.8
88.932	1	4933.1800	4658.7500	5	5.5
89.032	1	4939.1400	4665.5500	6	7.6
89.132	1	4953.5000	4680.7300	6	5.1
89.236	1	4961.7600	4691.1400	6	10.5
89.364	1	4981.0500	4710.4200	6	7.2
89.496	1	4995.3200	4726.3900	6	7.3
89.596	1	5003.2800	4736.7600	6	8.7
89.696	1	5015.2200	4749.8600	6	13.2
89.796	1	5019.1600	4755.2700	6	8.5
89.896	1	5026.8500	4763.7900	6	9.9
89.996	1	5038.4100	4775.7600	6	7.8
90.096	1	5043.2900	4782.6000	6	8.8
90.196	1	5048.5500	4789.2100	6	4.2
90.300	1	5054.6700	4795.7700	6	5.9
90.404	1	5060.0500	4801.7200	6	5.6
90.532	1	5075.8500	4817.7100	6	11.9
90.604	1	5088.8400	4832.6300	7	8.4
90.732	1	5103.6100	4847.3600	7	9.3
90.836	1	5115.4000	4861.3500	7	3.5
90.932	1	5116.6000	4864.2000	7	5.9
91.032	1	7460.7600	7460.7600	9	3.8
91.132	1	5099.1200	4832.9400	7	11.9
91.236	1	42722.2000	42722.2000	9	3.8
91.332	1	5118.0800	4825.4100	7	11.5
91.432	1	6181.4800	4834.8400	7	14.1
91.532	1	5129.6100	4881.4900	6	11.9
91.632	1	5103.9500	4861.4800	6	10.5
91.732	1	5104.2300	4863.6100	6	15.1
91.832	1	5123.2800	4880.6600	6	7.3
91.936	1	5137.4300	4896.6800	6	5.6
92.064	1	5151.8700	4911.6500	6	11.7
92.196	1	5176.3300	4934.1100	6	10.2
92.296	1	5187.8700	4950.2000	7	11.7
92.396	1	5198.4100	4963.1800	7	7.0
92.468	1	5293.4300	5059.3700	8	14.6
92.596	1	5215.4800	4982.1300	6	20.1
92.700	1	5230.7300	4996.8400	7	8.2
92.832	1	5253.6600	5019.8000	7	6.4
92.932	1	5272.0300	5040.0100	7	7.8
93.064	1	5283.6800	5052.4800	6	12.3
93.196	1	5285.2400	5056.1700	6	13.1
93.296	1	5284.7900	5057.0200	7	12.9
93.396	1	5299.8000	5072.2300	8	16.7
93.496	1	5306.7400	5081.4700	8	8.3
93.596	1	5311.0900	5086.1400	8	13.9
93.696	1	5318.7300	5094.8200	9	13.0
93.796	1	5324.3600	5101.4200	8	13.1
93.896	1	5331.3200	5108.9000	9	15.4
94.000	1	5344.7500	5122.3100	8	6.6
94.132	1	5351.6700	5130.0100	7	11.8
94.232	1	5368.4800	5146.5200	9	8.4
94.332	1	5382.7300	5161.9900	8	9.0
94.432	1	5392.0800	5173.1900	9	10.2
94.532	1	5405.5700	5187.5300	9	8.1
94.632	1	5414.3900	5196.4500	9	12.5
94.732	1	5422.0100	5205.1400	9	13.3
94.832	1	5439.7800	5222.9300	9	12.8
94.932	1	5457.2400	5240.9300	9	9.9
95.032	1	5470.7200	5255.9100	9	10.6
95.164	1	5485.6100	5270.7100	8	6.3
95.296	1	5497.1300	5283.3100	9	14.7
95.368	1	5502.4200	5291.7600	9	13.1
95.496	1	5516.8200	5303.0600	9	17.7
95.596	1	5521.3800	5311.0900	9	11.1
95.696	1	5529.1100	5319.0200	9	13.5
95.796	1	5540.9900	5330.8600	9	9.5
95.896	1	5552.0900	5342.0700	9	10.1
95.996	1	5557.7400	5348.8400	9	17.0
96.096	1	5557.4900	5350.1000	9	8.4
96.196	1	5559.4900	5351.4800	9	15.5
96.268	1	5567.2800	5360.9600	9	5.2
96.396	1	5586.6500	5375.2700	9	16.6
96.496	1	5589.1300	5383.3000	9	8.6
96.596	1	5598.0300	5391.6100	9	11.8
96.696	1	5610.8300	5405.4200	9	14.8
96.796	1	5619.5700	5414.5400	9	9.8
96.896	1	5626.3900	5421.8000	9	6.5
96.996	1	5636.3900	5431.5300	9	14.5
97.096	1	5628.8400	5424.7700	9	13.9
97.196	1	5621.7500	5418.3200	9	20.1
97.296	1	5636.3100	5431.5400	9	13.1
97.396	1	5654.0000	5449.0300	9	13.7
97.496	1	5657.2200	5453.9400	9	16.6
97.596	1	5633.8300	5426.6300	9	13.3
97.696	1	5596.8400	5385.6600	9	16.0
97.796	1	7796.2300	7796.2300	9	1.8
97.868	1	27862.1000	27862.1000	9	5.0
97.996	1	5540.8400	5284.8600	9	12.1
98.068	1	7484.0600	7484.0600	9	6.3
98.196	1	5523.4600	5297.2100	9	14.7
98.296	1	9954.6000	9954.6000	9	4.2
98.368	1	5533.5000	5297.5600	9	5.9
98.496	1	5523.2000	5316.6000	9	15.1
98.600	1	5545.4600	5337.9300	9	11.7
98.732	1	5561.9100	5356.0300	9	13.6
98.832	1	5567.7500	5363.6500	9	13.6
98.932	1	5584.4200	5380.2500	9	12.6
99.032	1	5597.3200	5394.4100	9	16.2
99.132	1	5610.4000	5406.7300	9	17.8
99.236	1	5614.2500	5412.1000	9	10.3
99.332	1	5614.2000	5413.2800	9	11.7
99.432	1	5621.3200	5420.3400	9	7.7
99.532	1	5628.8200	5429.4100	9	15.7
99.664	1	5634.0400	5433.2400	9	13.7
99.796	1	5652.6100	5450.8400	9	18.2
99.896	1	5653.8700	5453.8800	9	18.3
99.996	1	5638.8200	5439.6000	9	13.0
100.096	1	25899.8000	25899.8000	9	7.0
100.196	1	5583.1800	5363.5800	9	13.3
100.268	1	14068.3000	14068.3000	9	6.5
100.396	1	5237.3700	5015.1300	9	18.9
100.496	1	5226.7700	5028.6200	9	20.8
100.596	1	5245.5200	5046.2800	9	21.2
100.696	1	5256.1800	5059.2900	9	16.0
100.796	1	5266.2200	5070.5300	9	12.8
100.900	1	5278.1200	5082.6800	9	27.8
100.996	1	5288.4300	5093.3500	9	11.3
101.096	1	5289.6000	5095.1500	9	17.9
101.196	1	5277.8300	5083.6800	9	8.8
101.296	1	5292.5700	5097.4800	9	23.8
101.396	1	5283.0100	5086.8200	9	17.0
101.496	1	5278.7100	5083.3200	9	19.3
101.600	1	5283.9800	5089.1200	9	11.2
101.732	1	5282.8700	5087.7700	9	11.5
101.832	1	5287.7200	5093.6400	9	14.3
101.936	1	5293.3900	5098.5100	9	14.8
102.032	1	5300.7100	5106.1900	9	12.7
102.132	1	5303.3800	5108.8300	9	15.8
102.232	1	5971.5100	5797.9300	9	11.7
102.332	1	5306.6000	5105.3500	9	15.0
102.464	1	24896.2000	24896.2000	9	3.9
102.568	1	5349.9400	5132.5700	9	6.7
102.700	1	5291.2900	5291.2900	9	8.1
102.832	1	4811.1800	4600.7500	9	12.0
102.932	1	4796.7100	4609.1500	9	13.0
103.032	1	4805.1100	4618.2900	9	18.1
103.164	1	4811.4400	4625.0900	9	18.6
103.236	1	4814.7300	4630.4600	9	9.8
103.332	1	4821.8200	4636.2500	9	10.5
103.432	1	4829.7600	4644.3600	9	9.7
103.536	1	4837.9000	4651.8800	9	16.6
103.636	1	4839.4000	4654.7800	9	16.2
103.736	1	4842.4000	4657.7600	9	12.5
103.832	1	4841.5400	4658.4900	9	15.8
103.932	1	4846.8100	4663.3400	9	13.2
104.032	1	4841.7700	4657.8500	9	14.6
104.164	1	4850.1600	4665.6500	9	12.9
104.296	1	4853.6400	4670.3600	9	16.8
104.368	1	7533.1800	7533.1800	9	4.8
104.496	1	4800.3300	4610.9000	9	19.1
104.596	1	21270.8000	21270.8000	9	5.2
104.696	1	4855.2200	4641.4000	9	11.7
104.768	1	6501.5500	6501.5500	9	2.4
104.900	1	4858.4400	4663.6400	7	16.5
105.032	1	4856.0000	4671.9200	7	18.2
105.132	1	4861.6700	4678.6800	8	19.9
105.232	1	4874.3600	4690.9300	8	16.7
105.336	1	4885.3000	4701.9600	8	9.5
105.432	1	4874.3400	4691.6900	8	12.1
105.564	1	4881.0500	4697.3400	7	14.8
105.696	1	4887.3100	4704.9200	8	10.9
105.768	1	4895.4600	4713.4800	9	7.8
105.868	1	4900.0900	4718.7900	9	8.6
106.000	1	4893.0300	4711.7100	8	10.7
106.132	1	4902.3500	4719.5800	8	14.7
106.236	1	4886.9100	4706.0000	9	19.6
106.364	1	6973.6000	6973.6000	9	2.8
106.464	1	4753.1000	4556.7400	9	17.9
106.564	1	19653.8000	19653.8000	9	6.8
106.696	1	4806.4100	4592.9900	7	10.8
106.800	1	4768.3600	4588.9700	8	17.3
106.932	1	4775.5300	4595.3900	8	10.9
107.068	1	4869.6900	4689.6200	8	15.2
107.168	1	4793.8900	4614.3100	9	7.6
107.296	1	4793.5900	4614.6300	8	12.9
107.396	1	6244.5500	6244.5500	9	5.5
107.496	1	4647.8600	4448.3400	9	9.3
107.568	1	18344.8000	18344.8000	9	3.3
107.696	1	4640.8200	4437.4700	7	16.0
107.796	1	5590.5100	5590.5100	9	9.2
107.896	1	4643.0500	4451.6300	6	14.8
107.996	1	6078.9100	5899.0600	9	10.6
108.096	1	4576.0400	4396.2500	6	6.8
108.196	1	15009.0000	13675.9000	9	9.6
108.296	1	4595.1400	4403.7700	5	14.3
108.400	1	5450.2000	5450.2000	9	5.5
108.532	1	4631.0100	4439.0400	5	10.5
108.632	1	4610.0500	4407.2800	5	9.7
108.732	1	4722.7200	4539.3300	5	14.3
108.832	1	14123.2000	10999.2000	9	14.5
108.964	1	5583.8200	4424.3600	7	18.8
109.096	1	5460.4400	5195.4500	7	12.3
109.168	1	4623.0800	4410.5600	5	10.6
109.296	1	4650.5800	4428.2100	6	7.0
109.396	1	4615.1300	4432.3000	6	15.5
109.496	1	14672.7000	14672.7000	9	6.5
109.596	1	4679.6200	4458.8200	5	13.1
109.696	1	5988.8600	5562.6600	9	13.5
109.796	1	4776.6100	4483.2100	5	9.4
109.896	1	4822.8200	4630.0000	8	13.6
109.996	1	4663.4600	4483.4300	6	13.4
110.096	1	14331.2000	11356.4000	9	22.4
111.232	0	31476.9000	501.1450	9	16.8
111.332	1	2686.7700	483.3650	9	11.0
111.432	1	185.3700	178.6720	9	9.3
111.532	1	2418.7700	181.2610	9	16.3
111.632	1	164.0270	156.8450	9	17.9
111.704	1	170.6620	153.8430	9	13.4
111.832	1	197.9410	149.8290	9	15.6
111.932	1	186.5440	152.5850	9	21.6
112.036	1	191.7800	158.3120	9	20.0
112.168	1	208.0770	161.3690	9	13.3
112.296	1	469.8010	174.3550	9	13.6
112.400	1	188.9900	166.3350	9	20.6
112.496	1	198.7320	149.5480	9	16.0
112.568	1	36284.0000	208.7290	9	27.9
112.696	1	6454.1600	156.6940	9	15.7
112.796	1	227.8540	133.8050	9	15.7
112.896	1	158.5270	132.0860	9	23.3
112.996	1	137.1600	130.3870	9	15.4
113.096	1	156.2590	129.9570	9	9.7
113.168	1	147.1120	131.8530	9	13.5
113.296	1	145.9790	130.3390	9	19.0
113.396	1	128.3910	123.8560	9	19.0
113.496	1	127.5190	123.1000	9	18.3
113.568	1	122.8160	104.8920	9	17.3
113.696	1	293.9310	130.8310	9	15.6
113.800	1	150.0490	129.7710	9	22.4
113.896	1	151.2050	127.2820	9	27.1
113.996	1	149.5650	130.3690	9	14.5
114.096	1	142.9030	130.8420	9	12.8
114.196	1	140.6620	129.0070	9	11.7
114.268	1	133.2880	121.1400	9	6.5
114.396	1	155.2700	123.1580	9	16.4
114.500	1	128.7580	122.5020	9	21.8
114.632	1	155.1610	121.8010	9	13.5
114.732	1	127.2020	121.8500	9	19.2
114.832	1	152.9470	120.6230	9	14.9
114.932	1	126.5630	121.3600	9	12.6
115.036	1	132.7040	122.5280	9	7.1
115.132	1	128.2490	123.2660	7	13.5
115.232	1	136.7790	123.9120	9	11.2
115.332	1	137.1170	124.3020	8	22.5
115.432	1	128.6140	123.5430	9	11.0
115.532	1	132.0240	124.6590	9	15.7
115.632	1	188.1980	124.6380	9	22.2
115.732	1	129.7650	123.5830	9	22.2
115.864	1	131.0250	122.8760	9	22.4
115.968	1	127.5240	121.0770	9	13.4
116.064	1	130.6540	122.0380	9	13.8
116.168	1	134.5290	123.0630	9	22.0
116.296	1	130.5780	124.2030	9	25.4
116.396	1	147.5930	125.4350	9	15.3
116.496	1	131.7350	126.0760	9	24.9
116.596	1	130.7760	124.9380	9	25.8
116.696	1	169.8810	125.9340	9	13.3
116.800	1	130.6600	128.1050	9	10.7
116.900	1	131.0460	128.1400	9	27.1
116.996	1	136.7360	127.1650	9	24.7
117.096	1	138.6630	127.4570	9	31.9
117.200	1	131.3670	129.2250	8	28.2
117.296	1	133.9700	130.9430	9	20.6
117.396	1	134.1970	129.5900	6	19.2
117.496	1	134.0690	128.1890	6	13.6
117.596	1	161.9400	128.8470	6	13.1
117.668	1	135.4360	131.7080	9	21.3
117.796	1	154.7220	132.6410	8	25.4
117.896	1	140.4330	133.6770	7	14.6
117.996	1	140.2070	135.5340	9	15.8
118.096	1	137.9050	135.8060	9	19.3
118.200	1	146.3240	136.2900	9	17.9
118.304	1	137.7900	135.3940	9	16.1
118.436	1	143.3610	133.9370	9	8.1
118.564	1	139.8640	133.7010	9	8.9
118.696	1	148.5720	132.3900	9	6.0
118.796	1	144.6350	133.0210	9	15.3
118.896	1	144.5220	134.3740	9	14.2
118.996	1	137.7400	134.3850	8	14.7
119.096	1	147.0330	133.9570	9	17.2
119.200	1	134.9500	133.2020	7	16.0
119.332	1	145.9990	132.4370	9	17.0
119.432	1	136.5600	131.6180	8	17.0
119.532	1	137.6810	131.7380	6	9.0
119.632	1	163.0670	134.9410	8	13.1
119.732	1	145.7960	135.2280	9	17.8
119.832	1	139.6430	134.6280	9	7.7
119.932	1	140.9900	134.6030	9	6.2
120.032	1	140.4240	134.8440	4	10.7
120.132	1	150.4230	134.3520	9	13.4
120.236	1	143.9830	134.6750	5	7.6
120.364	1	176.2330	136.7410	9	14.0
120.496	1	169.7870	138.8310	9	22.6
120.596	1	146.7420	139.0450	9	23.7
120.696	1	156.9130	139.6980	9	30.2
120.796	1	152.7640	140.2550	9	21.4
120.896	1	151.7630	140.6690	9	22.2
121.000	1	167.4270	142.1940	9	18.0
121.132	1	172.2440	143.5470	9	12.4
121.232	1	178.2390	144.4560	9	10.0
121.336	1	150.3450	144.7670	9	18.0
121.432	1	149.4890	145.0790	9	14.1
121.532	1	149.8950	145.0480	9	7.6
121.632	1	167.3180	147.0900	9	17.9
121.732	1	174.5800	149.1620	9	8.8
121.832	1	169.3280	150.0880	9	9.1
121.932	1	198.6480	150.9400	5	13.7
122.064	1	181.3800	151.4800	9	9.8
122.196	1	226.8360	153.6620	9	16.9
122.296	1	180.8990	156.3800	9	28.6
122.396	1	198.7820	159.4600	9	15.1
122.496	1	179.4820	160.9790	9	23.1
122.596	1	207.0200	162.1030	9	10.4
122.696	1	179.3080	158.6770	9	9.4
122.796	1	191.0700	158.9630	9	11.3
122.896	1	192.6800	159.8440	9	13.3
122.996	1	167.1830	160.6420	9	21.4
123.096	1	170.6320	158.6140	9	10.0
123.196	1	174.9650	159.6280	9	10.7
123.268	1	171.9060	162.2560	9	8.4
123.396	1	194.2800	163.1570	7	22.0
123.500	1	187.0120	164.6510	9	14.8
123.596	1	149.8320	116.0000	9	15.5
123.696	1	149.3500	117.4530	9	11.6
123.796	1	215.9980	115.3130	9	19.5
123.868	1	228.9930	114.7540	9	6.2
123.996	1	344.8850	113.6840	9	12.6
124.096	1	316.7930	113.8460	9	15.8
124.168	1	175.0430	116.0080	9	15.2
124.296	1	240.1130	116.0730	9	21.7
124.396	1	248.6740	114.5330	9	14.8
124.496	1	253.2250	113.3060	9	12.2
124.596	1	247.6590	113.2410	9	19.6
124.696	1	224.7590	113.4490	9	25.1
124.796	1	226.8400	113.5920	9	15.1
124.896	1	249.7440	114.7560	9	14.6
124.996	1	233.0890	116.1340	9	13.9
125.096	1	243.9350	117.1990	9	20.9
125.196	1	281.8030	117.4050	9	19.7
125.296	1	310.6200	116.7920	9	10.1
125.396	1	278.2600	116.0970	9	7.2
125.496	1	264.7150	116.8170	9	16.7
125.596	1	256.6280	117.5650	9	7.1
125.668	1	207.8890	118.6690	9	11.9
125.796	1	352.3390	119.5950	9	27.7
125.896	1	290.4530	119.2780	9	17.6
125.972	1	199.8650	119.0610	9	11.7
126.096	1	281.8250	117.6120	9	19.4
126.200	1	311.0740	119.1040	9	16.6
126.332	1	329.5430	121.1530	7	17.5
126.432	1	281.5880	119.7130	9	7.6
126.532	1	244.9960	118.0930	9	15.8
126.632	1	812.5660	123.2490	9	14.2
126.732	1	229.8160	123.0440	9	17.6
126.832	1	217.5920	120.5750	9	14.5
126.936	1	258.7430	121.1490	7	12.0
127.032	1	240.6390	120.0930	7	15.0
127.132	1	219.1680	119.8260	9	14.3
127.232	1	234.3230	122.3180	9	11.5
127.332	1	256.1900	124.0420	9	13.0
127.432	1	251.6530	124.3030	9	13.3
127.564	1	359.7640	124.6090	9	11.8
127.696	1	373.6340	124.8160	7	16.0
127.800	1	295.9950	123.5530	9	9.7
127.932	1	325.8340	122.5160	8	24.2
128.032	1	286.4210	121.7530	7	19.8
128.164	1	276.8700	120.7740	8	15.3
128.296	1	325.4600	120.8550	7	12.6
128.396	1	242.7660	121.0130	7	10.8
128.496	1	234.6550	122.1960	8	23.0
128.596	1	244.1280	121.8610	9	25.8
128.696	1	229.2850	119.9800	9	10.8
128.768	1	188.4830	118.7910	9	10.8
128.896	1	279.5440	118.3070	9	20.8
129.000	1	265.3260	118.7410	9	10.9
129.096	1	216.0780	119.7340	8	15.1
129.168	1	168.2570	119.7520	7	8.2
129.296	1	244.0600	118.6050	9	12.8
129.396	1	226.9220	119.0400	9	18.4
129.496	1	206.5470	119.8930	9	12.3
129.568	1	172.2010	118.2090	9	11.1
129.696	1	249.6230	120.5530	9	20.0
129.796	1	228.1130	121.7510	9	27.4
129.896	1	216.3550	120.5200	9	15.7
129.996	1	209.9970	117.6180	9	21.9
130.096	1	209.9670	117.7600	7	14.7
130.196	1	215.6070	118.5630	9	11.5
130.300	1	197.7540	119.2800	9	12.3
130.396	1	206.1790	119.3470	9	8.3
130.496	1	221.6750	118.4780	9	9.9
130.596	1	223.8770	121.6130	9	14.8
130.696	1	249.0710	123.6970	9	13.7
130.796	1	215.6890	124.1990	9	16.4
130.896	1	223.2730	125.6180	9	16.4
131.000	1	195.8590	121.4220	9	11.1
131.132	1	259.1410	122.7640	9	17.5
131.232	1	521.1050	156.5310	9	34.6
131.332	1	4105.7700	134.4440	9	15.0
131.432	1	168.8440	141.0490	8	8.2
131.532	1	148.0930	124.7170	6	15.0
131.664	1	147.2010	132.7070	9	24.7
131.800	1	142.5770	131.5680	7	20.7
131.932	1	159.6140	130.3690	8	19.0
132.032	1	155.7660	131.0090	6	14.7
132.164	1	147.7820	133.4770	6	14.2
132.268	1	131.7590	124.0890	9	8.0
132.396	1	129.1490	118.4560	5	7.0
132.496	1	133.7290	122.7790	9	26.9
132.596	1	125.4460	121.3380	9	13.4
132.700	1	126.5300	117.1220	5	11.2
132.832	1	124.8720	118.6830	5	12.7
132.932	1	138.1560	119.3110	6	6.3
133.032	1	126.3850	119.7820	6	9.7
133.132	1	130.0980	119.7900	5	8.5
133.232	1	124.9760	119.4950	4	8.6
133.364	1	128.6850	120.3110	5	9.3
133.500	1	134.9130	120.8120	5	5.9
133.632	1	119.3170	117.6740	4	7.0
133.732	1	121.9480	117.9500	5	12.6
133.832	1	127.2300	117.6690	9	18.3
133.936	1	126.4530	119.2240	7	9.6
134.032	1	122.8750	118.9000	4	12.8
134.132	1	124.8330	122.7530	5	13.9
134.232	1	127.5090	122.3140	5	9.3
134.364	1	134.8650	119.9940	6	11.6
134.496	1	137.3890	119.8100	6	21.2
134.596	1	130.0420	120.8750	6	12.4
134.696	1	124.0750	120.8860	5	12.7
134.796	1	133.8910	120.9760	9	23.5
134.896	1	129.4300	121.5600	6	15.2
134.968	1	131.2560	120.3320	9	19.7
135.096	1	125.0100	120.9320	9	24.0
135.196	1	134.1000	120.5670	9	18.3
135.296	1	132.7910	120.9720	9	20.5
135.396	1	137.2560	122.0010	6	20.9
135.496	1	133.1120	121.3860	9	11.7
135.596	1	138.3640	121.4630	9	14.6
135.700	1	127.9430	121.0990	7	17.8
135.832	1	142.4870	119.1270	6	17.7
135.932	1	121.9170	117.2950	9	18.2
136.032	1	124.7280	119.7970	9	13.8
136.132	1	123.9240	120.5210	9	15.5
136.232	1	136.0400	120.9190	9	10.0
136.332	1	130.7570	123.2140	7	7.8
136.468	1	132.9750	124.5210	9	11.2
136.596	1	128.0630	125.5230	5	15.3
136.696	1	119.4590	116.9830	6	11.9
136.796	1	123.3650	118.5560	7	20.5
136.900	1	132.3140	120.4150	9	18.3
137.032	1	130.0220	122.2760	9	12.1
137.132	1	134.7510	122.3020	9	17.1
137.232	1	128.5910	122.8040	9	7.6
137.364	1	125.1730	123.0950	9	20.1
137.468	1	126.3600	123.0850	3	5.1
137.596	1	128.5930	123.3010	4	12.4
137.696	1	127.7800	122.9060	9	15.2
137.768	1	125.9200	122.5900	9	9.8
137.868	1	128.8180	123.8320	9	11.7
137.964	1	128.5060	125.0100	5	11.4
138.096	1	125.4360	124.2950	4	9.4
138.196	1	128.6940	123.5460	5	13.1
138.296	1	130.8260	126.7220	6	21.2
138.396	1	131.2860	127.9040	9	13.0
138.496	1	131.1700	126.5200	6	7.2
138.596	1	130.1830	127.3950	6	10.4
138.696	1	137.2350	127.8750	9	21.5
138.800	1	134.6390	128.4250	6	14.2
138.932	1	134.8260	128.5820	9	18.1
139.032	1	131.8850	128.3170	9	10.8
139.132	1	131.3130	127.8510	9	13.0
139.232	1	131.0250	128.8870	4	7.5
139.332	1	143.6130	128.8650	9	12.9
139.432	1	138.5360	128.4070	9	11.1
139.532	1	132.6520	127.8540	9	9.8
139.632	1	133.7320	127.7720	6	13.3
139.764	1	130.0470	126.6960	8	12.6
139.896	1	137.5090	126.2090	9	26.9
139.996	1	138.0440	127.6400	7	19.8
140.096	1	132.7120	127.9580	9	16.5
140.196	1	140.6160	128.0640	8	12.7
140.296	1	148.4890	126.2550	8	11.8
140.396	1	133.2260	127.0060	8	22.0
140.468	1	129.7020	128.9750	7	11.9
140.568	1	131.7720	129.1490	7	8.6
140.696	1	132.0470	129.9590	9	21.8
140.796	1	133.6940	128.5940	9	10.4
140.896	1	141.1050	126.9620	9	31.2
140.996	1	123.7880	118.6260	9	13.5
141.096	1	824.5450	173.3470	9	17.2
141.196	1	190.1240	147.4240	9	18.6
141.300	1	238.8290	176.2950	9	8.3
141.432	1	208.7160	160.4510	9	9.7
141.532	1	203.5310	160.2530	9	6.6
141.632	1	202.3460	160.0690	9	3.7
141.732	1	218.5530	164.8520	9	4.9
141.832	1	253.0610	173.7520	9	3.5
141.932	1	223.8210	179.6460	9	6.9
142.064	1	262.6280	166.4840	9	5.3
142.168	1	186.3680	155.7150	9	4.4
142.296	1	253.5540	154.9010	9	8.9
142.396	1	156.3630	147.4570	9	12.0
142.496	1	155.7080	151.8200	9	23.0
142.596	1	182.9460	166.5190	8	16.8
142.696	1	182.2460	145.4940	7	11.1
142.796	1	167.4650	142.9360	8	28.8
142.896	1	194.4010	142.8110	9	17.7
142.996	1	304.5250	144.8260	9	21.3
143.096	1	204.1600	145.6540	9	12.1
143.196	1	165.6420	152.3030	9	9.5
143.300	1	178.3690	137.2060	9	8.0
143.432	1	166.3020	138.8310	9	10.8
143.532	1	170.4780	141.1420	9	11.0
143.604	1	149.4710	142.4530	6	12.0
143.732	1	173.6160	145.4790	9	9.4
143.864	1	160.3820	145.7690	9	11.4
143.996	1	168.5380	144.2690	9	18.0
144.096	1	159.4580	144.8180	9	16.0
144.168	1	164.7070	145.0460	9	7.0
144.296	1	169.8090	145.9970	9	14.8
144.396	1	155.2300	146.2030	9	8.5
144.496	1	163.4350	147.2400	9	16.5
144.596	1	181.2030	148.3140	9	20.1
144.696	1	182.7880	150.8650	9	13.6
144.768	1	165.1430	151.8480	9	9.1
144.900	1	174.5720	152.1870	9	13.5
145.032	1	166.1940	153.3770	9	6.5
145.132	1	171.1100	153.5300	9	15.2
145.232	1	195.7620	162.2410	9	12.2
145.332	1	170.0680	161.1740	9	19.0
145.432	1	192.1720	162.4720	9	8.4
145.532	1	219.2290	164.0500	8	7.6
145.664	1	180.6060	166.8870	9	24.8
145.764	1	188.9870	166.9840	8	7.6
145.896	1	223.2660	166.8690	8	16.2
145.996	1	395.9050	247.8050	9	14.2
146.096	1	307.2220	199.2290	9	16.0
146.168	1	243.7170	201.8730	9	7.8
146.300	1	292.8460	205.1580	9	9.8
146.432	1	224.2780	198.1410	9	10.1
146.532	1	569.9120	194.0430	9	9.8
146.636	1	422.4090	198.3180	9	11.0
146.732	1	357.0660	199.8810	9	4.9
146.832	1	557.2850	204.6700	9	7.0
146.932	1	494.5870	208.9670	9	8.3
147.036	1	466.0060	210.8160	9	8.0
147.168	1	487.2990	204.3680	9	6.1
147.296	1	1424.4300	205.7450	9	10.7
147.396	1	4863.7800	215.8080	9	11.7
147.468	1	371.2990	219.2220	9	7.7
147.596	1	473.0690	221.2250	9	10.8
147.696	1	339.6830	215.9520	9	7.4
147.796	1	694.6330	211.1850	9	10.1
147.896	1	651.9000	222.5680	9	11.4
147.996	1	294.9560	217.8020	9	8.0
148.096	1	299.3450	220.4050	9	12.3
148.196	1	312.5060	218.5860	9	9.9
148.296	1	426.6720	218.1270	9	8.0
148.396	1	447.8240	222.2970	9	8.5
148.500	1	294.5860	222.3230	9	14.1
148.600	1	269.8660	222.6920	9	10.2
148.732	1	382.3310	223.5860	9	7.2
148.836	1	323.5580	225.4220	9	9.9
148.964	1	278.0970	228.5210	9	6.0
149.064	1	248.9760	224.6500	9	9.0
149.196	1	288.6420	222.9350	9	24.7
149.300	1	362.4750	223.9040	9	8.6
149.432	1	279.2390	223.9180	9	8.6
149.532	1	325.9320	221.3780	9	9.8
149.632	1	246.6860	222.7830	9	12.2
149.736	1	257.0570	223.5320	9	24.4
149.832	1	229.1870	224.0940	7	8.6
149.932	1	236.3730	226.3960	9	17.5
150.032	1	275.8590	227.2600	9	17.0
150.136	1	266.2500	227.8690	8	11.7
150.264	1	247.7330	228.0140	9	12.4
150.400	1	247.9500	228.7840	9	11.5
150.532	1	280.6170	230.5150	9	25.2
150.632	1	254.9600	232.1720	9	17.6
150.732	1	262.0100	232.7420	9	13.1
150.836	1	270.4090	234.6660	9	13.2
150.932	1	313.2910	235.5750	9	15.8
151.036	1	297.7990	237.7200	9	18.9
151.132	1	341.1700	238.3120	9	11.7
151.232	1	278.8730	240.2510	9	19.5
151.364	1	318.5520	242.7420	9	13.2
151.496	1	274.7120	243.4890	9	22.5
151.568	1	264.8420	244.2440	7	13.2
151.696	1	363.3120	245.8740	8	23.1
151.800	1	263.3680	247.6620	9	14.9
151.932	1	335.5890	248.0030	9	14.0
152.032	1	285.5890	249.0300	9	9.2
152.132	1	362.2990	249.7640	8	15.5
152.236	1	271.6280	250.7670	6	7.1
152.372	1	352.1140	251.3670	9	11.8
152.496	1	319.4530	251.5810	9	16.6
152.596	1	292.3110	251.6060	9	10.5
152.696	1	291.4830	253.8960	9	24.4
152.796	1	293.3600	255.8170	9	15.7
152.868	1	280.4510	256.8730	9	16.8
152.996	1	344.3440	259.2810	9	13.1
153.096	1	281.9590	259.8650	9	13.7
153.196	1	382.4400	263.2450	9	13.2
153.296	1	309.5700	265.8110	9	14.1
153.400	1	319.7070	266.8710	9	12.6
153.532	1	332.6540	268.0930	9	19.2
153.632	1	321.4470	268.6500	9	22.4
153.764	1	317.2020	270.7100	9	20.2
153.868	1	409.6830	273.6010	9	11.1
153.996	1	358.5890	273.2030	9	15.7
154.096	1	412.3830	273.7370	9	10.9
154.196	1	293.5400	273.6810	9	18.8
154.296	1	327.4190	273.7190	9	20.7
154.396	1	344.1780	275.1610	9	25.8
154.496	1	385.8350	276.1480	9	14.4
154.596	1	338.9320	278.8870	9	11.4
154.696	1	334.7740	277.9580	9	10.3
154.796	1	289.4100	275.9440	9	8.3
154.896	1	282.9150	275.2960	7	18.8
154.996	1	284.6120	276.3660	9	15.3
155.096	1	286.6280	277.7060	9	18.6
155.196	1	291.1470	279.7060	9	7.9
155.296	1	287.8490	281.0460	9	12.6
155.396	1	298.2640	282.5550	9	8.3
155.500	1	291.4120	281.2720	9	7.9
155.632	1	296.0170	280.8590	9	14.8
155.732	1	305.0550	283.6210	9	12.0
155.832	1	302.0300	284.4570	9	9.8
155.936	1	239.4840	178.8640	9	12.4
156.032	1	417.3360	178.6830	9	13.8
156.132	1	572.9700	155.1390	9	6.7
156.232	1	161.9560	142.0060	9	8.4
156.332	1	551.7420	218.1210	9	10.8
156.432	1	248.8190	167.9400	9	6.7
156.536	1	532.8300	184.2670	9	4.8
156.632	1	1279.6200	168.5770	9	5.1
156.732	1	647.6400	163.9500	9	9.4
156.832	1	5163.7200	155.4770	9	7.9
156.932	1	3972.4800	181.8090	9	7.7
157.032	1	2334.7600	151.3390	9	4.7
157.164	1	2740.1900	144.8240	9	10.3
157.268	1	1667.6500	418.8330	9	9.9
157.368	1	646.7500	142.8330	9	5.4
157.500	1	13682.7000	202.0660	9	20.8
157.632	1	531.0220	155.4800	9	7.8
157.732	1	6259.2000	232.4740	9	12.0
157.836	1	178.3660	166.1220	9	4.9
157.932	1	5151.6300	170.9190	9	4.4
158.032	1	227.0900	156.8570	9	6.1
158.132	1	190.7730	166.2410	9	7.3
158.232	1	241.3690	150.9340	9	5.1
158.332	1	286.4100	181.5060	9	8.5
158.432	1	232.9810	164.6350	9	9.2
158.532	1	404.3790	167.9930	9	5.7
158.664	1	236.7490	158.1440	9	7.7
158.764	1	424.7130	152.3200	9	6.4
158.868	1	210.6840	151.9730	9	6.5
158.996	1	1246.4400	150.4950	9	12.9
159.068	1	591.3660	148.6290	9	9.0
159.196	1	3241.3300	156.6000	9	12.8
159.268	1	963.4190	230.6290	9	8.7
159.396	1	1591.2700	167.6200	9	9.1
159.496	1	1750.2100	186.3280	9	6.4
159.596	1	1701.6400	169.0990	9	11.6
159.696	1	637.8490	159.1890	9	13.7
159.796	1	809.7930	174.9520	9	11.7
159.896	1	547.5560	160.6740	9	8.4
159.968	1	1113.5500	173.3420	9	4.8
160.096	1	506.7460	164.7770	9	6.4
160.196	1	405.1050	165.1330	9	9.2
160.296	1	589.8180	169.9660	9	10.5
160.396	1	743.2670	166.2500	9	5.6
160.496	1	1049.1200	236.8740	9	8.2
160.596	1	1004.8400	154.4450	9	9.2
160.696	1	859.8070	152.5500	9	11.9
160.796	1	883.8100	175.1390	9	8.7
160.896	1	327.6010	144.7500	9	3.5
160.996	1	837.5430	186.6570	9	8.8
161.096	1	943.1900	184.8860	9	10.3
161.196	1	1619.5900	214.0240	9	8.9
161.296	1	759.8020	170.3780	9	10.9
161.396	1	824.5320	204.0600	9	14.4
161.496	1	1216.7100	140.4770	9	6.2
161.596	1	9541.6200	159.7060	9	11.1
161.696	1	318.2880	135.2920	9	11.7
161.796	1	216.6290	130.4460	9	10.4
161.896	1	385.1070	140.7880	9	7.8
161.996	1	590.5170	136.5190	9	4.4
162.096	1	167.5530	138.3790	9	16.8
162.196	1	160.1790	147.4750	9	10.2
162.296	1	185.5530	127.3900	9	14.4
162.396	1	228.9280	128.7960	9	10.7
162.496	1	161.7220	130.0500	9	10.4
162.600	1	200.7010	129.1610	9	3.3
162.732	1	231.3170	132.6510	9	10.2
162.832	1	200.4380	134.6990	9	9.8
162.932	1	156.6830	132.7660	9	9.2
163.032	1	220.6500	137.5360	9	14.9
163.132	1	433.6170	132.2290	9	12.2
163.264	1	287.7720	131.2830	9	6.2
163.396	1	514.8340	131.3400	9	21.7
163.496	1	642.4040	127.4250	9	14.0
163.596	1	347.0640	129.4870	9	6.1
163.696	1	211.4940	125.6390	9	6.3
163.796	1	251.3710	127.4490	9	15.5
163.868	1	335.1830	128.3270	9	6.0
163.996	1	340.1100	131.1330	9	14.4
164.096	1	652.2660	133.3650	9	12.0
164.196	1	376.7020	134.4670	9	2.9
164.296	1	221.2370	134.6410	9	11.9
164.400	1	599.8780	132.7970	9	23.9
164.532	1	758.0000	135.9000	9	15.1
164.632	1	383.5210	123.2640	9	8.3
164.736	1	243.2560	132.2750	9	11.6
164.832	1	674.0910	133.3880	9	8.8
164.940	1	704.5060	141.9370	9	10.4
165.032	1	537.5460	128.8090	9	5.7
165.136	1	1049.1200	127.6780	9	8.5
165.232	1	1460.3000	132.1130	9	9.6
165.332	1	425.3630	126.2900	9	9.7
165.432	1	292.6870	126.9230	9	5.5
165.532	1	1011.5000	126.1890	9	13.1
165.632	1	635.2920	124.8700	9	7.5
165.732	1	613.4040	123.1620	9	7.4
165.836	1	1035.9200	123.7170	9	6.8
165.932	1	743.5820	125.2490	9	6.2
166.032	1	692.4230	132.6690	9	3.3
166.132	1	880.4270	123.3020	9	16.1
166.232	1	35899.5000	151.6050	9	9.1
166.332	1	122.2650	115.5800	9	8.2
166.432	1	418.3710	128.3280	9	9.2
166.532	1	203.1980	122.7210	9	6.6
166.632	1	374.8460	195.3010	9	8.5
166.732	1	270.1280	142.2680	9	3.7
166.832	1	292.8370	141.3500	9	5.6
166.932	1	885.7320	146.5800	9	9.4
167.032	1	320.9410	144.7140	9	4.8
167.132	1	205.5800	163.7150	9	3.6
167.264	1	697.9490	145.6590	9	17.8
167.368	1	250.1580	139.2700	9	7.7
167.468	1	2011.4500	142.3910	9	13.0
167.596	1	2414.6100	133.6930	9	14.4
167.696	1	1787.3400	136.3190	9	10.3
167.796	1	981.8640	137.8630	9	9.0
167.896	1	1682.3700	140.4490	9	18.6
167.968	1	197.2150	143.7980	9	4.7
168.096	1	1176.1300	144.8820	9	18.9
168.172	1	724.6630	142.6000	9	9.0
168.272	1	1318.6700	142.2320	9	8.5
168.368	1	766.3580	186.8650	9	6.1
168.496	1	418.5120	144.5110	9	8.1
168.600	1	366.2040	143.6930	9	6.8
168.732	1	389.6290	141.7470	9	8.0
168.832	1	928.9240	141.4250	9	18.1
168.932	1	625.4650	143.8330	9	13.7
169.032	1	349.6600	146.8510	9	9.6
169.132	1	427.8410	149.1930	9	7.9
169.232	1	546.2170	145.9650	9	9.3
169.332	1	548.6200	146.0320	9	9.1
169.408	1	330.8770	145.0620	9	7.8
169.504	1	756.5830	157.6670	9	8.9
169.600	1	791.9200	141.6280	9	22.6
169.732	1	644.8180	203.8940	9	4.6
169.832	1	625.0170	140.9660	9	10.1
169.932	1	424.3330	141.6360	9	19.0
170.032	1	659.7360	141.1260	9	11.9
170.136	1	1654.8500	140.6540	9	13.9
170.232	1	718.8980	140.4800	9	13.6
170.364	1	1480.9300	142.2520	9	6.9
170.496	1	1770.3000	179.3610	9	11.5
170.596	1	585.1000	141.2190	9	14.6
170.696	1	757.0280	138.5930	9	22.8
170.768	1	607.9830	137.8690	9	11.6
170.896	1	640.6850	138.5470	8	8.5
171.000	1	647.6000	140.0680	9	10.5
171.132	1	824.2820	140.7020	9	13.2
171.232	1	599.1820	141.8180	9	10.4
171.332	1	653.9180	142.4110	9	17.1
171.432	1	976.0790	144.4570	9	19.1
171.532	1	684.7880	145.1090	9	14.6
171.632	1	483.0890	143.4880	9	10.9
171.732	1	861.1550	143.4320	9	17.5
171.832	1	2202.5100	143.3720	9	9.5
171.932	1	1609.6500	143.1620	9	13.7
172.032	1	795.2210	141.9680	9	13.3
172.136	1	617.7570	141.2850	9	14.2
172.232	1	807.8330	141.8490	9	9.3
172.332	1	687.7460	144.3050	9	7.6
172.436	1	700.0360	144.6740	9	9.6
172.564	1	1000.4400	142.6710	9	9.3
172.696	1	537.4770	142.3400	9	17.0
172.796	1	336.5340	144.1050	8	16.4
172.896	1	289.9490	144.3940	9	12.2
173.000	1	374.5030	144.7760	9	8.0
173.132	1	544.6220	144.1860	9	17.0
173.212	1	231.0200	143.7000	9	6.2
173.332	1	415.1450	145.7710	9	29.5
173.408	1	563.8680	146.7910	9	5.8
173.532	1	439.1520	146.4620	9	12.6
173.632	1	372.9910	147.2660	9	10.2
173.732	1	618.1840	170.1610	9	4.8
173.832	1	278.6460	147.6170	9	19.0
173.932	1	387.6840	147.2540	9	13.6
174.032	1	554.1660	147.3400	9	9.2
174.132	1	283.0290	145.8360	9	12.4
174.232	1	1251.8800	156.6830	9	20.1
174.332	1	512.7020	146.9390	9	18.1
174.432	1	511.6660	146.5060	9	15.9
174.564	1	475.0600	147.7830	9	6.1
174.668	1	552.9090	147.1380	9	13.1
174.800	1	387.2920	147.3440	9	23.7
174.900	1	319.3410	147.6790	9	13.4
175.032	1	458.7830	148.1080	9	17.1
175.168	1	275.9280	148.0790	9	9.4
175.296	1	304.2550	148.0760	9	10.0
175.396	1	244.4350	147.5230	9	11.0
175.496	1	400.2300	148.7020	9	16.6
175.596	1	260.5370	149.7570	9	18.1
175.696	1	315.0920	150.4980	9	16.0
175.796	1	335.7200	150.8430	9	8.3
175.896	1	540.5340	151.8470	9	20.6
175.996	1	492.1710	151.7940	9	19.8
176.096	1	465.2180	151.3110	9	25.1
176.172	1	346.6050	152.8350	9	8.7
176.296	1	366.5310	154.4980	9	7.8
176.396	1	353.4370	154.9610	9	16.5
176.468	1	337.8820	155.4820	9	12.9
176.600	1	264.1360	155.8260	9	18.2
176.732	1	567.4720	157.3390	9	17.0
176.832	1	313.6530	159.1920	9	11.3
176.964	1	493.8040	158.2690	9	15.2
177.096	1	665.9850	160.3770	9	5.1
177.168	1	274.2510	156.7960	9	10.7
177.296	1	430.4950	237.2590	9	10.3
177.396	1	350.5100	171.5210	9	18.6
177.500	1	469.8970	175.0920	9	10.3
177.572	1	443.0210	172.9710	9	3.7
177.696	1	363.7380	169.5020	9	6.4
177.796	1	460.0750	176.2650	9	9.0
177.896	1	419.7900	175.1540	9	9.6
177.996	1	641.0830	171.7720	9	6.4
178.096	1	575.2440	172.3230	9	9.8
178.168	1	381.8700	173.7410	9	15.1
178.296	1	450.1030	161.1170	9	14.5
178.396	1	558.2810	160.4050	9	9.0
178.496	1	1045.2800	167.7820	9	6.9
178.568	1	582.1580	165.0290	9	4.0
178.668	1	577.8380	168.3140	9	9.3
178.796	1	1032.6600	170.9510	9	12.0
178.896	1	418.1580	171.4560	9	17.9
178.996	1	344.0650	170.7830	9	13.6
179.096	1	463.1350	170.6990	9	7.1
179.196	1	365.6060	170.2360	9	9.1
179.296	1	682.5440	169.5130	9	5.6
179.396	1	392.6320	177.7950	9	9.4
179.496	1	1033.8600	173.3570	9	22.8
179.596	1	465.6810	181.7880	9	11.9
179.696	1	340.4920	164.0250	9	15.2
179.796	1	765.1610	193.4760	9	7.8
179.868	1	335.9420	177.1990	9	3.4
180.000	1	586.6000	176.2650	9	17.1
180.132	1	475.9610	174.4490	9	12.7
180.232	1	365.8430	172.6240	9	11.6
180.332	1	480.1800	172.1320	9	11.3
180.432	1	278.1270	173.3460	9	12.7
180.532	1	310.7970	176.0880	9	10.9
180.632	1	443.1210	173.7730	9	17.0
180.732	1	428.6250	172.2640	9	11.8
180.836	1	232.1690	172.0980	9	13.4
180.936	1	443.3520	173.5220	9	11.0
181.032	1	686.6460	173.6520	9	21.7
181.132	1	378.5960	174.4680	9	10.9
181.232	1	349.3970	176.2930	9	10.3
181.332	1	309.3080	175.5250	9	7.0
181.432	1	478.1480	175.0210	9	4.2
181.532	1	371.4930	177.2000	9	9.2
181.632	1	340.6700	176.4380	9	14.7
181.732	1	288.8150	176.2110	9	17.4
181.832	1	287.6650	175.3730	9	9.4
181.932	1	293.2610	177.6190	9	24.2
182.032	1	468.8570	178.3210	9	15.9
182.168	1	502.7910	178.4860	9	21.7
182.296	1	609.1520	178.8450	9	15.6
182.368	1	298.1880	178.1310	9	12.2
182.496	1	630.4260	179.2500	9	10.6
182.596	1	390.7020	181.5070	9	15.4
182.696	1	317.0940	181.7260	9	13.4
182.796	1	547.8830	181.2770	9	7.2
182.896	1	449.7780	180.8500	9	20.7
182.996	1	513.7960	181.7970	9	13.9
183.096	1	612.0260	181.9490	9	21.0
183.196	1	500.0200	181.8550	9	9.1
183.296	1	690.2180	185.2400	9	8.8
183.396	1	427.2690	187.4770	9	8.6
183.496	1	328.6760	188.2730	9	21.2
183.596	1	490.0620	189.3140	9	18.7
183.700	1	389.1470	188.3860	9	8.6
183.832	1	761.3160	188.7950	9	7.9
183.932	1	312.6690	189.4980	9	17.4
184.032	1	493.2400	190.7490	9	5.1
184.164	1	504.3490	191.1800	9	10.0
184.296	1	420.3660	190.6130	9	11.0
184.368	1	253.8080	191.9660	9	3.2
184.500	1	347.1250	192.2400	9	9.2
184.632	1	579.8650	193.8360	9	8.2
184.764	1	578.0020	194.1760	9	16.2
184.896	1	339.8950	196.3180	9	13.3
184.996	1	445.1890	197.0900	9	5.7
185.096	1	783.0980	197.2120	9	14.9
185.196	1	518.5140	198.8810	9	12.9
185.296	1	355.3660	199.6300	9	12.8
185.396	1	454.8820	202.7200	9	19.8
185.496	1	329.4100	204.1350	9	11.5
185.596	1	648.4240	202.9970	9	16.6
185.696	1	270.5760	203.1930	9	16.2
185.796	1	331.4800	203.9870	9	23.5
185.896	1	483.3900	203.9260	9	17.1
185.996	1	502.3150	206.3770	9	18.5
186.068	1	448.9460	207.2940	9	8.5
186.200	1	656.4520	208.2770	9	9.5
186.332	1	499.4230	235.1760	9	15.4
186.432	1	483.5290	221.1930	9	14.0
186.532	1	451.2510	218.7290	9	12.8
186.632	1	290.9210	217.9840	9	21.5
186.732	1	458.5100	218.4420	9	29.1
186.832	1	354.6980	218.5530	9	15.7
186.964	1	347.9660	221.8680	9	26.5
187.096	1	486.4800	224.7830	9	10.9
187.196	1	433.7260	224.8260	9	22.8
187.296	1	435.3580	223.8920	9	11.6
187.396	1	775.3510	226.2380	9	8.2
187.496	1	442.7000	222.7520	9	23.2
187.596	1	334.8890	222.1950	9	20.0
187.668	1	278.5890	224.7120	9	22.4
187.796	1	1239.3700	225.5010	9	14.4
187.896	1	313.8380	223.2810	9	16.2
187.996	1	283.1520	225.1380	9	26.0
188.096	1	276.1690	227.4280	9	20.2
188.168	1	333.3160	226.4450	9	19.2
188.296	1	342.2850	227.7120	9	21.8
188.376	1	372.0270	228.8880	9	7.8
188.496	1	311.9560	228.8900	9	21.2
188.596	1	294.1600	229.4610	9	14.9
188.696	1	295.2760	230.2000	9	15.9
188.796	1	306.8290	232.2960	9	12.5
188.896	1	408.7120	233.5560	9	14.7
188.996	1	369.2270	235.8950	9	18.6
189.096	1	309.1540	236.5450	9	19.3
189.196	1	388.5190	237.6520	9	19.6
189.296	1	329.5130	237.6930	9	19.9
189.396	1	286.5980	238.2980	9	27.2
189.496	1	386.5710	239.3940	9	15.5
189.596	1	350.3870	241.3020	9	14.0
189.696	1	438.0600	244.7050	9	24.9
189.796	1	305.2980	245.2800	9	22.1
189.896	1	431.1740	245.2600	9	23.1
189.996	1	435.7890	244.7120	9	12.7
190.096	1	356.8750	243.9510	9	24.0
190.196	1	393.2390	242.5220	9	18.4
190.296	1	380.8670	245.0690	9	26.5
190.396	1	291.3670	247.5530	8	10.1
190.496	1	306.2820	248.7090	9	18.2
190.568	1	348.1860	248.9810	9	13.3
190.696	1	297.3660	248.1940	9	13.4
190.796	1	354.5040	241.2310	9	18.1
190.896	1	284.2640	241.0500	9	11.7
190.996	1	254.6690	241.3540	9	22.1
191.096	1	267.9250	242.7620	8	13.9
191.196	1	287.3280	243.6590	9	21.0
191.296	1	274.0430	244.3430	9	17.5
191.368	1	285.1200	243.9250	9	7.0
191.496	1	321.3540	245.1260	9	18.3
191.596	1	339.4450	246.1710	9	23.9
191.696	1	298.2400	245.7530	9	10.2
191.800	1	340.7630	243.5690	9	10.7
191.932	1	426.4170	243.3360	9	16.7
192.032	1	375.5150	245.5610	9	12.6
192.132	1	362.6330	245.2780	9	13.9
192.232	1	285.4250	243.0170	9	19.1
192.332	1	313.4610	239.0430	9	14.2
192.464	1	294.7340	240.1000	9	8.6
192.596	1	368.5700	239.5890	9	14.5
192.696	1	309.3020	241.2060	9	12.6
192.768	1	294.1780	243.8430	9	8.1
192.868	1	490.8500	282.2680	9	18.8
192.996	1	373.5080	255.4150	9	16.9
193.096	1	374.1290	257.2490	9	24.6
193.196	1	520.4590	256.4640	9	13.0
193.296	1	420.2060	256.6570	9	17.6
193.396	1	303.7730	256.5510	9	13.9
193.496	1	402.4700	257.9530	9	20.1
193.596	1	317.8620	259.6880	9	14.1
193.696	1	361.0910	260.7630	9	12.9
193.768	1	304.6310	259.8050	9	8.0
193.896	1	408.7400	260.2550	9	6.4
193.996	1	380.5610	261.3250	9	18.3
194.096	1	397.0910	263.2730	9	20.7
194.172	1	339.4810	264.9980	9	7.6
194.268	1	459.7160	265.7300	9	9.5
194.396	1	467.1050	265.3790	9	22.0
194.496	1	322.4650	267.1170	9	18.9
194.568	1	297.5620	266.3510	6	6.2
194.668	1	415.1850	263.1470	9	8.1
194.796	1	522.3380	265.8900	9	9.0
194.896	1	320.5490	262.9490	9	10.3
194.996	1	291.2390	263.3890	9	20.6
195.096	1	358.7530	264.1280	9	26.4
195.200	1	492.2870	348.7690	9	16.3
195.272	1	427.4510	276.9210	9	4.9
195.396	1	827.5670	313.9450	9	11.7
195.496	1	708.2520	297.9140	9	13.8
195.596	1	866.8820	300.7340	9	4.4
195.696	1	726.1000	300.9780	9	9.3
195.796	1	1076.3900	305.7740	9	8.2
195.896	1	642.9120	303.1000	9	13.3
195.968	1	567.9810	296.2210	9	11.4
196.096	1	1931.0800	303.1530	9	12.3
196.196	1	656.1570	288.8020	9	9.9
196.296	1	783.7830	293.7900	9	7.8
196.396	1	752.1550	293.0140	9	11.5
196.468	1	503.7350	285.7170	9	5.0
196.600	1	1250.8700	337.8740	9	9.5
196.732	1	767.5060	282.6460	9	7.2
196.808	1	346.8760	280.3650	9	4.0
196.932	1	902.7130	285.9910	9	8.4
197.032	1	756.6330	280.7750	9	7.8
197.132	1	861.7960	290.5660	9	10.8
197.232	1	6905.5600	326.1190	9	5.1
197.332	1	460.8940	287.2660	9	6.2
197.464	1	393.6990	285.2080	9	11.7
197.596	1	434.3830	284.3290	9	10.5
197.696	1	3075.9500	285.9010	9	4.2
197.800	1	816.6870	286.1730	9	8.1
197.932	1	717.3320	289.8270	9	11.2
198.032	1	532.4700	283.2090	9	9.6
198.132	1	760.7050	288.4810	9	5.8
198.264	1	861.7020	291.7070	9	9.9
198.368	1	443.9440	296.8000	9	5.7
198.464	1	579.2640	292.4070	9	11.5
198.564	1	897.2800	288.9920	9	7.1
198.696	1	751.9360	289.0760	9	11.8
198.796	1	902.8180	290.6600	9	6.7
198.896	1	20483.2000	300.6260	9	8.0
198.996	1	340.5090	282.9010	9	7.6
199.096	1	404.0640	318.4750	9	7.5
199.196	1	502.5920	281.3210	9	9.2
199.268	1	336.5420	277.0000	9	6.5
199.396	1	429.8360	279.2580	9	12.3
199.496	1	612.9210	276.8610	9	7.9
199.596	1	593.7700	277.5130	9	7.2
199.700	1	558.4600	284.1550	9	8.4
199.796	1	430.1870	278.7670	9	12.4
199.896	1	351.6530	278.8160	9	12.2
200.000	1	545.1440	280.3270	9	11.1
200.096	1	348.7400	278.2730	9	9.3
200.196	1	528.4940	283.0600	9	11.3
200.296	1	666.5130	277.0730	9	8.3
200.396	1	414.2620	279.8920	9	11.4
200.496	1	426.5950	275.2190	9	10.0
200.600	1	565.3740	278.3880	9	7.5
200.732	1	564.3450	280.2750	9	8.8
200.836	1	522.7970	279.6380	9	8.4
200.932	1	446.1690	282.0160	9	8.4
201.064	1	542.1210	282.3750	9	12.1
201.164	1	716.2600	280.7100	9	13.9
201.296	1	834.7680	283.9110	9	12.8
201.396	1	405.7350	286.3970	9	5.6
201.500	1	433.7290	334.3560	9	12.0
201.632	1	528.2830	304.1160	9	7.8
201.764	1	650.3120	283.7980	9	14.7
201.864	1	770.1040	290.3050	9	13.4
201.996	1	405.3150	285.3040	9	11.3
202.096	1	647.4200	286.8850	9	9.1
202.196	1	984.7770	288.5960	9	15.3
202.296	1	1087.8500	292.4610	9	14.9
202.396	1	1158.7600	291.9330	9	17.9
202.496	1	716.7720	297.5590	9	8.9
202.600	1	525.7300	293.9640	9	6.5
202.732	1	991.0420	294.4850	9	6.4
202.832	1	498.4900	305.2600	9	5.0
202.932	1	651.4300	307.2520	9	7.7
203.032	1	735.7800	305.1290	9	4.8
203.132	1	763.7570	298.6500	9	6.6
203.236	1	701.5630	296.2460	9	5.2
203.332	1	643.0390	294.5370	9	8.1
203.432	1	544.9420	294.9090	9	8.9
203.532	1	2030.1800	295.7900	9	15.6
203.632	1	1016.0600	294.9120	9	17.3
203.732	1	377.5960	282.1950	9	13.4
203.836	1	1561.8800	282.5580	9	15.1
203.932	1	604.5940	283.8740	9	13.1
204.032	1	1062.5800	283.1690	9	16.1
204.132	1	1072.2400	283.7480	9	7.4
204.232	1	926.3020	285.2130	9	12.1
204.332	1	628.8230	293.1300	9	7.2
204.404	1	437.4870	283.0340	9	11.4
204.532	1	752.4410	287.5190	9	4.2
204.632	1	494.4310	284.5220	9	13.5
204.732	1	747.7760	283.7980	9	8.4
204.832	1	857.8300	283.7580	9	13.8
204.932	1	741.5620	283.2750	9	22.8
205.032	1	755.7410	283.0380	9	13.6
205.132	1	616.8600	284.0110	9	10.6
205.232	1	925.9110	284.6220	9	13.2
205.332	1	731.4010	283.9160	9	10.2
205.432	1	611.1450	285.4710	9	6.1
205.532	1	835.2700	286.2440	9	10.1
205.632	1	575.6840	283.7510	9	16.6
205.732	1	1057.3000	283.9370	9	12.4
205.832	1	805.6740	282.6160	9	11.6
205.932	1	998.6530	283.2120	9	22.3
206.032	1	909.2760	284.2930	9	8.6
206.132	1	451.5940	284.6090	9	5.7
206.232	1	1129.4700	285.9220	9	7.3
206.332	1	631.8840	287.2750	9	13.2
206.432	1	560.7380	285.0270	9	9.5
206.532	1	454.0810	285.2620	9	4.7
206.632	1	703.2010	289.2800	9	7.4
206.732	1	537.6980	285.2140	9	13.0
206.832	1	632.9230	285.0000	9	12.8
206.932	1	570.0740	291.6260	9	4.5
207.032	1	589.8630	287.3370	9	6.4
207.132	1	826.2780	287.1590	9	8.7
207.232	1	562.3930	289.8410	9	7.3
207.332	1	553.0160	295.4760	9	7.1
207.436	1	346.8400	291.5570	9	7.3
207.564	1	969.2260	291.6400	9	10.7
207.696	1	722.3350	365.8150	9	12.1
207.796	1	576.6290	299.5800	9	11.9
207.896	1	912.1910	318.3650	9	10.9
207.968	1	534.6770	305.2990	9	9.4
208.096	1	827.2780	294.1560	9	13.7
208.196	1	534.6780	297.7700	9	10.0
208.296	1	689.6300	300.1640	9	9.0
208.396	1	801.8620	292.5370	9	11.5
208.496	1	1343.5000	297.7500	9	6.9
208.596	1	879.3850	297.0040	9	15.8
208.696	1	500.8610	301.6610	9	8.8
208.796	1	633.2760	296.2990	9	14.2
208.896	1	774.9460	308.4140	9	9.7
208.996	1	814.3440	301.1950	9	10.4
209.100	1	843.9720	304.6160	9	10.1
209.196	1	590.5380	328.1500	9	6.7
209.296	1	497.9120	304.3860	9	7.0
209.396	1	597.5670	307.3040	9	15.9
209.496	1	817.1520	300.5910	9	8.5
209.596	1	795.5410	297.9730	9	16.5
209.672	1	460.7000	301.4420	9	3.4
209.796	1	423.7420	303.1220	9	11.0
209.896	1	893.6570	307.0320	9	15.2
209.996	1	765.6050	306.9150	9	16.1
210.096	1	509.8690	305.2450	9	14.8
210.196	1	690.7290	306.6190	9	17.4
210.296	1	983.6860	323.2070	9	9.2
210.396	1	540.3730	306.6110	9	18.0
210.496	1	759.6590	306.6030	9	12.9
210.596	1	755.6140	305.5350	9	16.2
210.696	1	924.2800	306.0400	9	13.0
210.796	1	708.7030	309.5540	9	10.9
210.896	1	727.6410	307.1990	9	10.4
211.000	1	973.0210	315.3850	9	4.5
211.100	1	425.0300	306.3910	9	19.2
211.232	1	1257.1600	307.5030	9	21.8
211.332	1	1132.4600	307.2820	9	9.0
211.464	1	1934.0900	306.5740	9	19.1
211.596	1	378.2520	307.9190	9	13.1
211.668	1	572.7650	309.1510	9	9.4
211.800	1	597.7070	311.9510	9	11.7
211.932	1	653.9130	307.7520	9	18.4
212.032	1	981.2400	308.4750	9	18.2
212.132	1	1247.4600	311.5270	9	16.0
212.264	1	839.2630	308.8490	9	11.3
212.396	1	1512.5800	321.0550	9	11.7
212.496	1	685.6910	310.2100	9	15.6
212.596	1	741.4490	312.0590	9	9.5
212.696	1	1305.0100	313.1970	9	8.3
212.768	1	517.1730	313.4700	9	10.5
212.896	1	837.5500	312.3450	9	10.8
212.968	1	663.9070	309.1060	9	9.6
213.096	1	756.8800	309.7160	4	15.3
213.196	1	944.6710	309.9420	9	12.7
213.296	1	599.4680	309.0600	9	21.1
213.396	1	630.4240	342.2670	9	19.6
213.468	1	563.9740	272.4710	9	10.9
213.596	1	708.2860	271.0540	9	9.6
213.696	1	437.9430	271.9900	9	20.5
213.796	1	510.2210	272.3490	9	11.0
213.896	1	525.9920	270.2310	9	19.6
213.996	1	724.7280	269.2280	9	16.8
214.100	1	673.7780	271.1540	9	13.9
214.232	1	946.1910	275.0060	9	12.7
214.368	1	1446.7100	267.9360	9	11.7
214.496	1	1014.6200	253.9390	9	18.3
214.596	1	3276.9600	241.4940	9	7.6
214.696	1	1093.1600	290.5010	9	11.8
214.796	1	581.8810	228.6430	9	11.1
214.896	1	913.3640	233.1050	9	12.8
214.996	1	1071.6000	237.2800	9	12.8
215.096	1	528.7240	304.1160	9	13.2
215.196	1	326.4810	222.5940	9	23.2
215.296	1	836.3390	253.0530	9	6.3
215.396	1	384.1410	244.0420	9	6.8
215.496	1	1228.6700	241.0930	9	21.9
215.596	1	1227.1400	245.8630	9	18.3
215.700	1	668.7810	227.6820	9	7.9
215.832	1	1295.6300	221.2210	9	16.3
215.932	1	1151.8600	208.6470	9	15.9
216.032	1	3495.2200	223.7190	9	10.4
216.132	1	1108.8900	196.5380	9	18.4
216.204	1	194.4170	181.6160	9	6.9
216.332	1	500.7940	175.2500	9	12.0
216.432	1	541.0050	178.6900	9	4.7
216.532	1	212.7820	191.4770	9	14.0
216.632	1	195.0940	180.7810	9	4.3
216.732	1	218.7850	194.2520	9	6.3
216.832	1	1539.5100	200.6640	9	14.5
216.932	1	233.2500	205.3160	9	12.4
217.036	1	243.3410	202.8460	9	12.7
217.168	1	278.6310	208.1120	9	15.7
217.296	1	323.5000	219.8380	9	13.0
217.368	1	309.5380	259.5400	9	9.3
217.500	1	759.1170	249.9450	9	10.4
217.632	1	454.2240	256.1130	9	14.3
217.732	1	409.7350	275.7560	9	11.7
217.832	1	365.6420	244.4730	9	16.9
217.964	1	588.7950	228.4900	9	18.6
218.096	1	760.8670	267.6380	9	8.4
218.196	1	361.6550	251.6100	9	23.7
218.296	1	489.3030	267.4680	9	19.9
218.400	1	501.9730	248.8330	9	23.5
218.536	1	631.7930	273.2720	9	7.9
218.664	1	805.5800	258.1640	9	19.5
218.768	1	473.8570	245.5800	9	19.7
218.900	1	453.5650	253.0600	6	13.1
219.032	1	408.0420	260.6400	9	14.4
219.132	1	388.9360	271.0590	9	12.1
219.232	1	353.4400	275.0760	9	13.9
219.332	1	372.7860	275.6150	9	14.2
219.432	1	333.5980	283.3710	7	15.6
219.532	1	1030.2800	299.3910	9	13.8
219.608	1	390.2730	270.0780	9	8.0
219.732	1	576.1050	285.9570	9	12.8
219.832	1	528.4440	279.8970	9	6.0
219.932	1	1151.2300	276.1220	9	9.0
220.032	1	920.4460	289.2730	9	15.0
220.104	1	1809.0700	276.5020	9	4.8
220.200	1	1192.9900	275.7900	9	9.4
220.300	1	7870.3500	273.0380	9	17.6
220.432	1	959.7750	303.3830	9	9.2
220.532	1	659.1300	252.9750	9	8.6
220.632	1	994.9320	256.4920	9	19.7
220.732	1	1218.7900	285.5690	9	8.2
220.832	1	399.6760	256.3020	9	11.5
220.932	1	569.0200	257.0460	9	17.2
221.032	1	454.2260	264.5270	9	8.8
221.132	1	605.2310	263.0180	9	14.4
221.232	1	510.3520	270.7820	9	17.3
221.332	1	373.9850	269.2770	9	13.9
221.432	1	881.6380	287.6260	9	17.6
221.536	1	457.3460	276.4470	9	9.6
221.632	1	658.9920	280.0110	9	8.1
221.732	1	308.9480	276.6400	9	13.0
221.832	1	1373.5400	294.1580	9	9.3
221.932	1	411.3320	283.2950	9	9.8
222.032	1	733.9810	301.4610	9	17.5
222.132	1	455.1820	293.3840	9	12.7
222.264	1	1355.8300	291.6630	9	20.3
222.364	1	1681.2100	287.1260	9	7.7
222.464	1	25513.4000	292.0080	9	10.0
222.596	1	1078.7900	295.7050	9	15.8
222.696	1	1395.4700	295.6990	9	11.2
222.768	1	370.2570	293.9460	9	17.0
222.896	1	613.8430	290.1620	9	6.4
222.996	1	599.5070	287.5110	9	16.4
223.096	1	524.7490	289.4960	9	14.2
223.196	1	1059.1900	307.6580	9	6.6
223.300	1	837.7770	305.0400	9	7.9
223.432	1	1537.3300	345.7460	9	8.3
223.532	1	800.5700	302.7130	9	16.3
223.632	1	1903.2400	296.7410	9	11.5
223.732	1	1623.3700	295.5370	9	11.0
223.832	1	1014.0500	297.2350	9	8.2
223.932	1	2707.5800	296.6350	9	14.9
224.032	1	2150.2500	299.9950	9	17.1
224.132	1	2124.7800	298.9750	9	15.6
224.232	1	4561.2800	298.5190	9	12.1
224.332	1	4509.7000	299.9700	9	12.9
224.432	1	2465.0100	313.1580	9	6.8
224.536	1	1550.0800	300.8710	9	13.3
224.632	1	1901.9600	298.9290	9	17.5
224.764	1	1111.5800	297.2690	9	10.6
224.896	1	3018.2000	298.4920	9	10.2
224.996	1	2884.6300	305.2190	9	12.2
225.096	1	2629.6300	294.9200	9	8.7
225.196	1	643.3350	295.1040	9	11.9
225.296	1	879.6400	315.5600	9	10.0
225.396	1	1312.4700	317.3960	9	16.0
225.496	1	3651.4300	329.7350	9	14.8
225.596	1	4716.2500	336.6280	9	21.0
225.668	1	41763.5000	392.8820	9	12.1
225.796	1	363.5890	340.9220	9	11.1
225.900	1	467.4050	334.2670	9	12.9
225.996	1	348.4740	332.0940	9	15.2
226.096	1	377.0630	329.5170	9	12.8
226.196	1	339.5800	321.4700	6	7.9
226.296	1	492.9590	350.1220	9	19.8
226.400	1	359.3080	330.2520	9	11.7
226.532	1	502.4420	348.1210	9	8.2
226.632	1	358.4780	343.2410	9	9.5
226.732	1	446.4080	351.7310	9	9.6
226.832	1	419.3460	352.7320	9	4.5
226.932	1	585.2680	346.0180	9	12.1
227.032	1	776.0630	340.4450	9	4.1
227.132	1	714.9300	340.3350	9	17.0
227.236	1	856.9350	349.8610	9	10.1
227.332	1	486.8170	353.0540	9	16.2
227.464	1	580.8910	347.9150	9	15.3
227.536	1	579.2020	368.5270	9	21.6
227.632	1	460.0800	340.0240	9	9.3
227.732	1	950.1490	354.1200	9	19.8
227.804	1	519.3530	351.2100	8	21.5
227.932	1	723.0860	344.3320	9	8.5
228.036	1	424.9810	338.8290	9	8.1
228.132	1	481.0550	354.1150	9	10.9
228.232	1	964.2740	343.9820	9	8.4
228.332	1	414.6420	346.1990	9	16.8
228.432	1	394.5880	346.5230	8	11.4
228.532	1	954.6620	365.9620	9	13.1
228.632	1	437.7330	365.8910	9	14.3
228.768	1	549.1410	383.1650	9	15.0
228.896	1	719.4440	364.9690	5	10.9
228.996	1	594.6450	381.7300	9	12.6
229.068	1	433.9080	359.5110	9	24.7
229.196	1	535.9210	360.4880	9	15.6
229.268	1	436.0870	361.1860	9	10.4
229.400	1	1099.8700	371.9080	9	12.7
229.532	1	690.5560	377.9380	9	19.8
229.632	1	4106.9000	396.0450	9	10.2
229.764	1	448.9760	384.7310	9	13.0
229.896	1	455.5140	396.9280	9	31.9
230.000	1	535.5770	381.8660	7	7.8
230.132	1	651.2460	400.0380	9	13.7
230.268	1	720.2330	361.0620	9	8.3
230.396	1	718.3510	362.5300	9	17.8
230.468	1	538.7870	362.5650	9	16.2
230.596	1	588.4840	364.3230	9	20.7
230.696	1	464.6570	366.8610	9	13.8
230.796	1	555.7060	370.4080	9	22.2
230.896	1	610.4700	363.8730	9	24.7
230.996	1	451.6210	363.4670	9	17.4
231.096	1	567.8880	362.6800	9	16.8
231.196	1	549.3700	362.7380	9	27.7
231.296	1	471.8920	363.6650	9	18.5
231.400	1	386.0760	361.1670	9	13.6
231.508	1	935.1920	362.7400	9	14.1
231.632	1	544.5770	362.9510	9	12.5
231.736	1	535.7940	360.9160	9	12.7
231.868	1	466.2810	359.5420	9	13.1
231.996	1	514.4810	358.5340	9	10.2
232.096	1	467.2310	361.4080	9	12.3
232.196	1	463.7210	359.8830	9	13.2
232.296	1	423.1670	358.6830	9	13.1
232.396	1	418.9300	358.3230	9	18.6
232.496	1	413.7690	359.8740	9	25.3
232.596	1	446.8910	360.9120	9	27.6
232.696	1	483.3170	363.5220	9	12.5
232.796	1	571.8480	365.3670	9	30.3
232.896	1	463.2250	366.0420	9	22.5
232.996	1	520.0380	365.4580	9	16.1
233.096	1	400.4600	366.1960	9	11.7
233.196	1	412.9710	365.8290	9	19.4
233.296	1	492.0470	363.4100	9	22.1
233.396	1	439.0510	363.8220	9	38.0
233.496	1	393.9780	364.5410	9	14.8
233.596	1	391.1500	362.2820	9	9.9
233.696	1	441.2540	363.6570	9	29.1
233.796	1	419.5830	363.4570	9	9.7
233.868	1	395.4560	363.1390	9	9.2
233.968	1	482.1590	361.7210	9	16.5
234.096	1	513.2810	360.0470	9	13.5
234.168	1	382.9010	358.6420	9	14.1
234.296	1	450.8510	359.2340	9	20.6
234.396	1	425.8420	361.9410	9	20.5
234.500	1	435.7810	363.1430	9	9.6
234.596	1	391.7910	364.5520	9	19.0
234.696	1	550.1870	365.4740	9	10.2
234.800	1	436.4180	364.8850	9	9.8
234.896	1	433.9950	365.8820	9	18.2
234.996	1	477.6230	366.9540	9	15.2
235.096	1	420.7930	370.7570	9	5.4
235.196	1	408.3230	371.1210	9	12.0
235.296	1	420.5130	369.0720	9	12.8
235.396	1	383.3180	368.0420	9	4.8
235.496	1	422.5830	369.6980	9	14.4
235.600	1	462.3890	371.5100	9	8.7
235.700	1	401.5420	369.1000	9	16.3
235.836	1	425.0620	366.4160	9	8.9
235.932	1	431.3800	366.1800	9	11.0
236.036	1	460.7800	384.6760	9	9.7
236.132	1	443.9360	377.4220	9	15.8
236.232	1	400.4790	380.0650	9	21.0
236.336	1	471.9150	384.5390	9	18.7
236.432	1	445.2390	386.7570	9	19.6
236.532	1	446.5710	388.3850	9	23.5
236.632	1	420.8080	390.4380	9	13.3
236.732	1	435.6470	390.6660	9	20.5
236.832	1	435.6740	390.4830	9	12.0
236.936	1	404.8010	389.4610	9	10.6
237.064	1	446.2300	390.0900	9	22.8
237.196	1	635.9760	410.3890	9	12.2
237.268	1	951.8420	389.9510	9	20.1
237.396	1	758.7360	392.2710	9	19.1
237.496	1	926.5770	390.6910	9	33.6
237.568	1	642.5810	388.9640	9	13.4
237.696	1	724.5770	389.5400	9	22.6
237.796	1	944.2230	390.2380	9	6.9
237.896	1	488.7700	391.3600	9	9.8
237.996	1	538.5170	385.3840	9	13.9
238.100	1	654.1200	387.4330	9	11.1
238.232	1	962.8830	388.4800	9	12.9
238.336	1	846.5340	387.8230	9	18.4
238.464	1	1534.4200	388.3520	9	19.2
238.596	1	1343.9000	388.1220	9	10.8
238.696	1	1227.2700	390.1550	9	17.9
238.796	1	2602.9200	407.6860	9	10.2
238.896	1	2553.9100	396.6230	9	15.3
238.996	1	530.2570	389.5070	9	13.5
239.096	1	502.0740	391.3270	9	17.9
239.196	1	738.4220	389.8850	9	12.9
239.296	1	468.0410	388.4200	9	12.6
239.396	1	490.2200	404.0560	9	4.8
239.496	1	584.0350	393.4190	9	7.3
239.596	1	874.1430	393.2620	9	11.4
239.696	1	518.7390	390.7310	9	11.4
239.796	1	497.9460	391.2820	9	9.0
239.896	1	703.8000	393.7260	9	16.1
239.996	1	761.0550	403.8120	9	4.8
240.096	1	1454.4300	395.6530	9	15.2
240.196	1	1427.8800	398.4540	9	6.4
240.296	1	593.9770	421.0640	9	7.1
240.396	1	420.9720	390.8660	9	15.1
240.500	1	441.0660	399.0590	9	12.1
240.632	1	517.5330	409.1150	9	14.0
240.732	1	519.6220	409.1010	9	16.2
240.832	1	698.3630	411.3520	9	18.8
240.932	1	547.9860	411.0560	9	10.8
241.032	1	936.3960	410.2930	9	7.8
241.132	1	604.6880	419.8580	9	20.8
241.236	1	500.7440	419.1650	9	11.8
241.364	1	938.6610	443.3170	9	14.0
241.496	1	1122.3800	433.8160	9	10.1
241.596	1	980.5230	431.0150	9	7.3
241.696	1	777.5080	429.1160	9	23.2
241.796	1	700.4320	428.0040	9	26.6
241.868	1	633.0590	429.6290	9	23.2
241.968	1	617.7450	429.0550	9	16.9
242.096	1	1058.9900	430.6520	9	10.6
242.196	1	1143.7300	428.8060	9	16.1
242.268	1	696.7240	430.1820	9	23.4
242.368	1	707.0630	430.8520	9	7.6
242.500	1	691.4080	431.2000	9	22.9
242.632	1	734.9200	433.6870	9	26.0
242.732	1	707.0360	434.1250	9	18.7
242.832	1	670.5900	432.3460	9	18.5
242.932	1	545.5780	432.9000	9	9.7
243.032	1	602.6030	431.3900	9	18.9
243.132	1	995.5650	433.3050	9	7.1
243.264	1	565.5890	433.7610	9	12.1
243.396	1	695.9300	433.2970	9	22.4
243.468	1	506.5880	435.5200	9	9.3
243.568	1	633.5260	439.3290	9	6.2
243.700	1	637.6740	437.5080	9	14.2
243.796	1	609.8960	436.4760	9	10.5
243.896	1	864.1860	439.5950	9	8.4
243.968	1	1113.6200	436.1840	9	9.3
244.096	1	794.2210	438.3620	9	17.2
244.196	1	506.3260	439.4770	9	13.5
244.296	1	667.1050	441.2030	9	3.2
244.396	1	605.2100	439.7050	9	25.9
244.496	1	593.4480	438.7120	9	16.0
244.596	1	499.0420	450.7390	9	19.1
244.696	1	873.4130	453.2160	5	23.7
244.796	1	702.6400	455.0270	9	4.8
244.900	1	767.4880	489.1570	9	9.7
245.032	1	758.8400	456.4940	9	18.3
245.136	1	1171.4100	475.3750	9	10.9
245.232	1	1318.6000	464.5650	9	7.7
245.336	1	1336.4800	456.0830	9	10.1
245.464	1	1988.2300	443.7390	9	14.1
245.564	1	1883.9200	473.8920	9	13.2
245.696	1	1589.7800	428.2610	9	7.8
245.800	1	5423.4900	395.7990	9	17.4
245.900	1	5098.1700	394.6590	9	21.7
246.032	1	32229.1000	1210.7200	9	8.2
246.132	1	7904.0400	403.6850	9	16.2
246.232	1	843.9830	397.0870	9	27.9
246.332	1	522.7230	396.1340	9	12.3
246.432	1	1359.5300	426.4730	9	15.4
246.532	1	888.7380	411.0640	9	9.7
246.632	1	1372.4200	403.4230	9	11.2
246.732	1	694.8140	389.7210	9	6.6
246.836	1	1211.0100	381.8390	9	16.8
246.968	1	3765.1800	377.8250	9	9.8
247.096	1	2463.4500	385.2340	9	17.7
247.196	1	34690.9000	1701.4300	9	8.3
247.268	1	564.4460	400.5860	9	16.2
247.400	1	420.8720	410.0500	9	11.2
247.500	1	426.6180	411.1200	9	19.3
247.596	1	442.8660	419.5560	9	14.6
247.696	1	630.8290	432.4980	9	17.2
247.796	1	593.0710	440.3000	9	18.7
247.896	1	466.8800	433.6000	9	18.8
247.968	1	462.2700	425.2330	9	8.9
248.096	1	470.9090	421.0600	9	13.5
248.196	1	455.9840	422.4120	9	24.1
248.300	1	457.6370	421.2290	9	17.9
248.436	1	442.9230	414.8930	9	9.4
248.564	1	464.2910	419.8830	9	10.4
248.696	1	430.6560	417.1320	9	11.9
248.796	1	427.7920	417.4710	9	12.0
248.896	1	664.1090	452.7390	9	8.7
248.996	1	436.9330	418.1360	9	15.4
249.096	1	469.6700	436.5660	9	9.4
249.196	1	444.9440	424.9260	9	6.1
249.296	1	520.8130	439.0520	9	7.4
249.396	1	512.1690	430.2040	9	10.2
249.472	1	518.5750	462.5810	9	5.8
249.600	1	495.6880	436.5320	9	13.7
249.700	1	477.3940	442.5300	9	8.8
249.832	1	508.2820	429.7870	9	14.1
249.932	1	567.7140	431.9020	9	18.4
250.032	1	480.0920	432.4390	9	12.2
250.132	1	798.6460	474.1980	9	13.8
250.264	1	1100.0200	442.6100	9	7.2
250.364	1	683.6960	450.5470	9	8.2
250.496	1	884.8950	449.7600	9	11.9
250.600	1	1165.2800	449.9120	9	12.7
250.732	1	768.5420	446.5560	9	20.6
250.832	1	874.6040	454.6310	9	17.3
250.968	1	720.3680	446.0000	9	9.1
251.096	1	510.6460	440.9180	9	18.0
251.196	1	528.2740	436.5120	9	10.9
251.296	1	1028.3100	472.2550	9	10.9
251.368	1	711.8380	454.3880	9	8.3
251.500	1	2629.5600	473.0880	9	7.2
251.632	1	594.8990	466.6810	9	13.8
251.732	1	689.9220	460.8080	9	22.4
251.832	1	548.8770	483.4930	9	12.7
251.932	1	516.1570	458.5260	9	13.2
252.032	1	756.7450	466.5770	9	7.7
252.132	1	884.7700	450.8800	9	11.6
252.268	1	6541.7200	467.1480	9	12.2
252.396	1	1140.1700	448.6740	9	8.5
252.496	1	604.5890	456.8330	9	5.4
252.596	1	588.1670	451.8330	9	12.9
252.696	1	735.0470	456.7920	9	13.6
252.796	1	179837.0000	4444.5600	9	13.3
252.896	1	1022.4600	432.9450	9	15.0
252.996	1	438.8170	422.6810	9	15.1
253.096	1	530.8730	446.7200	9	12.1
253.196	1	648.4950	440.0130	9	7.9
253.296	1	565.7650	453.3370	9	19.7
253.396	1	18456.1000	487.9600	9	14.8
253.496	1	468.4610	456.6940	9	17.6
253.596	1	470.8110	458.7980	9	12.5
253.696	1	646.0120	442.8060	9	10.3
253.796	1	463.4920	454.0650	9	21.8
253.896	1	491.3520	469.3700	9	14.6
253.968	1	492.3530	468.7700	9	8.7
254.096	1	509.7240	474.4770	9	10.6
254.196	1	549.7600	487.7480	9	17.2
254.300	1	500.3590	476.6590	9	12.9
254.396	1	508.4270	482.3070	9	16.5
254.496	1	496.5250	474.0680	9	19.4
254.596	1	491.4790	472.9530	9	25.4
254.696	1	509.4130	486.9650	9	14.3
254.796	1	562.8360	505.2420	9	13.2
254.896	1	537.6320	495.9780	9	12.7
254.996	1	527.9900	511.7870	9	18.6
255.096	1	552.0730	500.9460	9	10.3
255.200	1	612.1800	490.5350	9	19.4
255.300	1	606.8510	502.8720	9	10.7
255.432	1	839.4080	519.0960	9	15.1
255.532	1	1056.1700	500.2770	9	26.6
255.636	1	529.9520	498.7050	9	10.7
255.736	1	622.1140	523.7360	9	16.5
255.832	1	598.5550	521.0250	9	22.8
255.932	1	560.1570	527.1890	9	21.6
256.032	1	594.1190	535.8940	9	16.7
256.164	1	567.5290	533.7910	9	21.5
256.296	1	583.5020	549.7730	9	15.7
256.396	1	572.7350	526.8010	9	14.3
256.496	1	603.8100	543.9320	9	15.5
256.596	1	542.2020	518.5960	9	14.0
256.696	1	590.1330	527.7090	9	16.5
256.796	1	606.5120	524.2920	9	18.1
256.896	1	628.7760	551.6450	9	13.1
257.000	1	590.0040	539.0190	9	13.0
257.100	1	559.0600	538.7810	9	22.1
257.232	1	575.9130	539.2490	9	20.4
257.332	1	561.9270	537.9840	9	20.4
257.436	1	683.9600	537.8550	9	16.3
257.532	1	634.0410	550.9860	9	8.2
257.636	1	583.4220	553.2140	9	13.3
257.732	1	797.2140	571.4930	9	10.0
257.864	1	612.2850	556.2540	9	18.2
258.000	1	650.8470	553.7060	9	15.4
258.132	1	678.5710	554.6050	9	8.6
258.232	1	711.4390	562.5580	5	16.8
258.332	1	642.1830	558.4070	9	11.5
258.436	1	653.3990	564.9450	9	17.4
258.532	1	733.2500	566.2120	9	9.7
258.664	1	811.4530	569.0910	9	20.4
258.796	1	1009.8900	567.3880	9	15.8
258.896	1	825.1440	560.2830	9	12.4
258.996	1	786.4410	559.3230	9	7.8
259.100	1	1137.9100	574.3810	9	17.9
259.232	1	2076.7000	578.5290	9	15.9
259.332	1	1511.7700	575.9980	9	10.2
259.436	1	1156.6400	576.1350	9	20.6
259.564	1	1734.8400	572.6280	8	15.2
259.664	1	933.1280	579.0260	9	10.7
259.796	1	1715.0300	567.7340	9	21.4
259.896	1	938.2780	567.5100	9	14.2
259.996	1	801.5090	568.2850	9	18.8
260.096	1	965.5090	570.8420	9	8.7
260.196	1	898.9050	568.7590	9	14.1
260.296	1	959.1090	564.4320	9	10.9
260.396	1	1642.0200	564.2600	7	12.1
260.496	1	1614.6600	570.7970	9	9.0
260.572	1	730.4890	579.6880	9	3.5
260.668	1	607.7670	560.0010	7	17.9
260.768	1	1244.9000	560.7290	9	10.1
260.868	1	1537.7900	559.0420	9	14.8
260.996	1	1214.5500	558.3590	9	15.6
261.096	1	814.9290	560.2050	8	24.1
261.196	1	692.7140	561.9300	9	12.9
261.296	1	652.3710	561.0400	9	5.9
261.400	1	1875.7100	561.4690	9	20.6
261.532	1	819.8590	562.4030	9	12.2
261.632	1	1925.6200	561.1690	9	10.8
261.732	1	871.0390	562.1100	9	11.3
261.832	1	909.8280	563.2180	9	20.9
261.932	1	1861.0600	563.6600	9	12.6
262.032	1	913.5460	563.8110	9	11.0
262.132	1	4001.0100	564.0790	9	20.9
262.232	1	720.3680	562.2530	9	11.3
262.332	1	841.4380	559.6020	9	7.9
262.432	1	1062.7200	557.8050	9	9.0
262.532	1	803.5120	555.3020	9	4.1
262.636	1	1742.5400	558.0400	9	17.7
262.732	1	671.1600	557.5470	9	12.9
262.832	1	730.9270	587.9160	9	19.0
262.964	1	1105.9600	606.2660	9	11.8
263.064	1	6524.9500	633.7040	9	5.6
263.196	1	730.6760	588.0560	9	9.9
263.296	1	670.2630	579.1610	9	26.4
263.400	1	1667.7300	580.6350	9	18.5
263.532	1	1375.0200	573.3790	9	14.0
263.632	1	1202.5700	574.0090	9	13.0
263.764	1	835.8720	574.2040	9	12.9
263.896	1	972.1360	574.4710	9	18.3
263.996	1	1323.2400	572.7990	9	20.9
264.096	1	819.0840	572.6810	9	13.9
264.196	1	1398.1300	572.8690	9	18.0
264.296	1	1504.3700	572.9600	9	10.5
264.396	1	1082.6400	583.1750	9	11.7
264.496	1	649.2260	572.7650	9	8.8
264.596	1	3530.1900	572.7910	9	13.1
264.668	1	1089.8300	583.6290	9	16.1
264.796	1	1851.9800	581.3240	9	17.2
264.896	1	1249.8400	581.6750	9	15.6
264.996	1	1294.8800	576.0880	9	11.0
265.096	1	1373.4000	578.2000	9	19.4
265.196	1	3785.0800	583.6440	9	13.8
265.268	1	766.8030	578.1320	9	10.2
265.396	1	1503.8200	579.4280	9	6.6
265.496	1	1024.0100	578.6730	9	7.8
265.568	1	957.1240	578.2890	9	9.8
265.696	1	1484.2800	581.1870	9	13.7
265.796	1	819.0810	581.9390	9	9.6
265.896	1	1254.2100	583.0530	9	8.0
266.000	1	1287.4300	586.3250	9	15.5
266.100	1	829.6210	587.2310	9	9.6
266.232	1	1237.0600	588.4460	9	13.0
266.336	1	616.0910	588.1150	9	11.7
266.432	1	1144.3900	587.0500	9	7.8
266.532	1	1621.3700	587.0730	9	7.1
266.632	1	23365.5000	591.0730	9	18.9
266.732	1	690.8400	593.4210	9	8.9
266.832	1	811.6490	589.9220	9	8.2
266.932	1	959.0480	589.6470	9	8.8
267.032	1	989.2960	590.5980	9	18.1
267.136	1	957.0330	585.5000	9	10.2
267.232	1	1590.6200	586.7610	9	18.0
267.332	1	1358.3000	588.1090	9	8.1
267.432	1	1215.1600	591.6950	8	12.9
267.532	1	1238.9100	590.5610	9	16.8
267.632	1	1134.0100	592.2500	9	18.8
267.736	1	887.4590	590.9850	7	17.4
267.836	1	1465.1800	591.2330	9	13.6
267.932	1	1005.6200	590.3290	6	7.2
268.032	1	1336.6600	629.1590	9	16.3
268.136	1	23958.7000	603.7980	9	8.2
268.232	1	4007.9500	629.4970	9	11.6
268.332	1	4224.3800	605.7030	9	18.6
268.432	1	3181.5100	617.7090	9	18.5
268.532	1	4601.7000	618.5330	9	13.9
268.664	1	4785.4900	685.0480	9	17.9
268.764	1	67329.5000	627.6990	9	15.4
268.896	1	4282.0400	1099.2600	9	25.1
268.968	1	701.8260	628.6350	9	13.8
269.068	1	880.6960	629.7740	9	13.1
269.196	1	3168.2500	637.4870	9	16.9
269.296	1	1052.6800	650.4130	9	29.3
269.396	1	1131.6400	607.3750	9	11.5
269.504	1	1360.4800	614.0480	9	10.3
269.632	1	3509.3300	626.9650	9	9.8
269.736	1	2072.1100	639.6050	9	14.5
269.832	1	1330.6500	632.3870	9	6.5
269.936	1	3972.1400	630.1170	9	15.8
270.032	1	5311.0500	1559.2300	9	5.3
270.132	1	894.7920	613.0370	9	17.1
270.236	1	735.2910	603.5750	9	7.2
270.332	1	595.5570	582.2040	9	10.9
270.432	1	589.3420	576.8800	9	16.6
270.504	1	602.8060	595.3840	9	8.5
270.632	1	593.6100	576.6440	9	14.2
270.732	1	587.6110	575.5610	9	11.6
270.836	1	606.2920	586.4980	9	12.8
270.932	1	747.5210	594.9210	9	13.2
271.032	1	620.2060	613.9770	9	9.4
271.132	1	617.2970	599.2890	9	7.3
271.232	1	640.4550	617.0720	9	13.6
271.332	1	624.3630	601.6860	9	17.9
271.468	1	654.3340	617.0520	9	10.9
271.596	1	640.3310	611.7840	9	11.5
271.696	1	641.3280	626.8620	9	17.0
271.796	1	648.7640	618.9750	9	7.3
271.896	1	704.8160	637.8870	9	8.4
271.996	1	688.9760	628.9990	9	9.8
272.096	1	649.7020	630.1160	9	12.9
272.200	1	633.7910	628.1560	9	10.6
272.332	1	662.2820	628.8730	9	10.7
272.436	1	641.8560	629.9390	9	11.5
272.532	1	638.4300	628.2910	9	10.5
272.632	1	650.4670	623.8670	9	15.9
272.732	1	628.5540	622.3150	9	12.9
272.832	1	645.7820	624.2840	6	13.6
272.932	1	636.4320	624.4980	6	8.3
273.036	1	626.8700	623.0150	6	7.8
273.132	1	638.8320	624.5390	6	13.0
273.236	1	664.9980	625.2440	9	14.5
273.332	1	641.3630	625.4940	9	12.5
273.436	1	688.6160	627.2850	9	10.9
273.536	1	653.0580	627.4570	9	15.6
273.632	1	701.0290	625.1660	9	11.8
273.768	1	753.5840	626.3380	9	18.5
273.896	1	656.0810	627.5920	8	25.9
273.968	1	646.7010	628.8480	7	17.6
274.096	1	663.1610	629.2900	9	24.5
274.200	1	639.3810	628.3340	9	14.9
274.300	1	654.6410	627.6490	7	15.8
274.396	1	650.7190	636.7410	9	28.1
274.496	1	687.1810	654.1710	9	7.9
274.596	1	660.2580	646.6000	9	16.4
274.696	1	729.1550	645.3420	9	23.8
274.796	1	2970.7200	654.1190	9	22.7
274.896	1	735.9820	655.8560	9	17.0
275.000	1	883.0060	652.2970	9	10.3
275.136	1	803.3650	650.0130	6	15.7
275.236	1	725.7930	649.3330	6	7.0
275.332	1	2999.1600	656.8750	9	18.3
275.436	1	686.7760	657.8220	8	17.6
275.536	1	756.8970	651.2100	9	13.6
275.632	1	3397.2600	661.1280	9	13.5
275.736	1	706.1870	660.2300	6	7.0
275.832	1	689.1570	650.6410	9	13.9
275.932	1	720.4670	652.3930	6	15.5
276.032	1	677.5060	652.7150	5	4.7
276.132	1	692.0300	651.1500	8	7.1
276.232	1	693.5660	650.3320	7	8.7
276.332	1	706.4580	649.1930	5	4.6
276.432	1	776.9470	649.8050	9	7.3
276.564	1	768.5620	649.7550	8	18.1
276.700	1	728.3160	649.4130	5	14.2
276.832	1	788.0500	651.8730	6	20.7
276.932	1	673.6890	651.5250	9	11.8
277.036	1	675.5300	649.1130	9	9.4
277.132	1	777.2060	648.6820	7	7.6
277.232	1	852.4800	648.8710	7	18.5
277.304	1	688.5180	647.3010	9	5.3
277.432	1	4211.5500	658.5210	9	17.8
277.504	1	708.2300	658.7380	6	13.6
277.632	1	794.0430	647.9310	9	16.1
277.732	1	2899.0800	657.7670	9	11.5
277.836	1	760.8780	657.6930	7	16.0
277.932	1	676.8080	648.8060	9	5.7
278.032	1	723.3630	648.9300	9	12.7
278.132	1	833.4550	649.5580	9	13.3
278.264	1	724.3410	648.8320	6	10.4
278.364	1	767.9830	647.8480	7	10.7
278.496	1	699.4240	648.7390	6	10.5
278.596	1	712.6230	649.0530	9	9.7
278.696	1	684.3600	647.5110	9	12.5
278.796	1	4466.2000	658.0480	9	10.3
278.896	1	724.1710	657.8020	9	7.8
278.996	1	671.6820	659.3160	6	10.0
279.096	1	701.0680	661.7740	7	14.0
279.196	1	671.5860	651.5480	9	11.3
279.296	1	774.7300	654.8450	9	10.3
279.396	1	2922.9400	693.3920	9	11.0
279.496	1	689.1240	669.4850	9	5.6
279.596	1	728.2100	674.5430	9	16.4
279.696	1	854.9000	680.4790	9	8.5
279.796	1	746.8950	674.9890	9	12.4
279.896	1	812.4740	673.1280	9	8.2
279.996	1	796.5780	677.8290	9	8.3
280.096	1	713.5800	689.4230	9	13.0
280.196	1	722.7580	677.6500	9	12.9
280.296	1	759.2500	690.5290	9	3.5
280.396	1	1223.8600	690.4600	9	14.4
280.496	1	1045.1000	670.0430	9	11.7
280.596	1	994.3770	667.3790	9	10.6
280.696	1	3821.3800	745.0880	9	12.2
280.796	1	726.2250	660.0360	9	10.0
280.896	1	709.4380	659.5400	9	6.5
280.996	1	817.1100	662.1490	9	5.3
281.096	1	730.2700	660.5720	9	18.4
281.168	1	767.3220	660.1470	9	8.7
281.296	1	1010.1000	667.4600	9	10.5
281.400	1	721.3880	666.0660	9	7.9
281.532	1	769.7540	663.3010	7	14.8
281.632	1	692.9710	663.8110	9	9.6
281.732	1	696.2650	671.6980	9	10.5
281.832	1	929.0020	714.2120	9	7.5
281.932	1	783.1960	672.2190	9	13.2
282.032	1	1089.2600	676.5870	9	6.1
282.132	1	705.3980	677.7340	9	17.1
282.232	1	862.7640	683.8390	9	6.0
282.332	1	1011.6500	684.4500	9	9.3
282.432	1	80812.9000	4468.2100	9	6.1
282.532	1	753.6220	716.4130	9	4.3
282.632	1	719.1270	691.2190	9	23.6
282.764	1	807.9960	705.7680	9	5.4
282.896	1	1065.5300	699.6000	9	24.6
282.996	1	764.3530	704.5420	9	26.1
283.096	1	1340.0000	694.6470	9	24.1
283.196	1	1330.3700	709.3400	9	21.3
283.300	1	6615.7100	713.5070	9	12.1
283.432	1	7123.5100	703.0600	9	14.3
283.532	1	1748.6200	699.4490	9	15.3
283.632	1	12609.7000	762.9150	9	5.8
283.736	1	3967.5300	702.9870	9	13.7
283.836	1	1561.4200	699.8440	9	19.1
283.932	1	976.0690	701.0040	9	10.4
284.032	1	915.9580	705.9670	7	16.9
284.132	1	1033.6500	707.2590	9	14.0
284.232	1	1255.7800	695.4750	9	8.6
284.332	1	978.4920	698.4140	9	20.0
284.432	1	921.6110	703.0810	9	9.4
284.536	1	883.7890	696.8290	9	16.4
284.668	1	1298.2600	697.3450	9	4.7
284.796	1	1130.1100	695.9860	9	7.2
284.868	1	948.9490	695.0340	9	7.3
284.968	1	1703.2500	697.6880	9	4.4
285.096	1	1048.5900	745.7400	9	11.1
285.168	1	1311.5300	720.3010	9	9.6
285.300	1	1159.6100	760.8800	9	12.3
285.432	1	2396.9800	722.6470	9	11.4
285.536	1	17947.8000	2322.1500	9	10.2
285.632	1	1147.9400	718.6200	9	20.5
285.732	1	973.1630	727.0250	9	10.0
285.832	1	1518.8700	722.2950	9	11.6
285.932	1	2530.0900	738.3870	9	9.4
286.032	1	1280.2500	728.7180	9	16.4
286.104	1	1485.0000	730.4470	9	5.2
286.236	1	41840.5000	734.9150	9	15.5
286.332	1	2490.3400	717.9620	9	14.6
286.432	1	1222.1600	713.7180	9	10.2
286.532	1	2160.1500	711.0650	9	10.6
286.632	1	1489.5000	721.2680	9	9.0
286.732	1	1228.9100	716.4030	9	8.9
286.832	1	3876.0300	762.9900	9	10.7
286.932	1	1126.6200	728.5080	9	6.2
287.036	1	2766.8800	723.4780	9	6.4
287.164	1	19937.5000	1104.8900	9	5.5
287.296	1	756.3280	736.8590	8	15.5
287.368	1	882.4140	736.4260	9	6.0
287.496	1	748.5140	728.8070	9	14.5
287.596	1	752.0150	737.9600	9	25.3
287.700	1	732.1800	725.8730	5	6.3
287.800	1	749.1070	726.5070	9	13.7
287.932	1	778.2220	743.4750	9	11.1
288.032	1	817.8990	753.8400	9	10.4
288.132	1	800.2070	746.4680	9	5.5
288.232	1	806.9120	755.4150	9	6.3
288.332	1	845.4190	809.7680	9	10.8
288.432	1	780.0440	780.0440	9	6.5
288.532	1	817.4190	732.2360	9	8.0
288.632	1	811.0210	731.7980	9	14.4
288.732	1	791.8940	737.5970	9	7.6
288.832	1	1991.3000	760.2080	9	10.0
288.932	1	751.4220	734.5360	9	9.3
289.032	1	848.8000	727.9110	9	13.2
289.132	1	853.4770	735.9790	9	4.3
289.236	1	929.6350	746.7760	9	7.1
289.332	1	825.7070	752.6190	9	8.1
289.432	1	1384.2500	722.3780	9	7.8
289.532	1	983.4630	749.2670	9	10.1
289.632	1	839.8220	719.9110	9	9.2
289.732	1	1914.4800	800.8520	9	13.6
289.832	1	1450.1500	718.0140	9	7.0
289.932	1	1843.4200	733.9150	7	20.7
290.032	1	1344.0200	763.4170	9	18.0
290.132	1	1387.8500	745.9950	9	14.6
290.232	1	1597.1700	746.1110	9	11.1
290.332	1	1828.2600	726.7770	9	10.9
290.432	1	1203.5900	736.4460	9	23.0
290.532	1	2875.1100	739.5950	9	10.7
290.636	1	753.7310	734.8860	9	6.2
290.736	1	810.9870	738.2490	9	24.3
290.832	1	770.2130	737.1800	9	10.9
290.964	1	1095.3600	754.6830	9	8.4
291.096	1	809.7490	746.0300	9	12.5
291.196	1	2057.7900	780.8240	9	12.4
291.296	1	5041.4600	753.6130	9	14.4
291.396	1	886.3520	757.7180	9	9.7
291.496	1	939.2010	752.1680	9	10.0
291.596	1	896.0280	774.4410	9	8.1
291.696	1	1206.0300	770.1390	9	7.6
291.796	1	1078.3300	787.6760	9	13.1
291.900	1	814.3050	780.2330	9	6.5
292.032	1	1470.3200	775.6230	9	7.0
292.132	1	974.8080	774.4210	9	9.5
292.232	1	1006.2900	773.5860	9	10.7
292.332	1	851.3410	777.3420	9	3.8
292.432	1	1044.6100	782.4700	9	8.0
292.532	1	1118.1600	770.1890	9	14.1
292.632	1	958.3970	770.0630	9	21.6
292.732	1	947.6140	770.3140	9	7.6
292.832	1	835.1720	768.4570	9	22.3
292.932	1	876.7800	764.9910	9	16.4
293.064	1	866.4700	743.6540	5	5.3
293.196	1	924.0300	744.5280	8	6.2
293.296	1	866.7680	745.2000	9	6.5
293.396	1	884.9680	822.4690	9	14.8
293.496	1	872.2660	744.5420	9	18.4
293.596	1	1161.6400	772.5160	9	12.1
293.696	1	891.7570	742.9530	9	11.0
293.796	1	772.5670	750.7830	6	18.6
293.896	1	805.6340	770.6720	9	10.8
293.996	1	842.6240	770.0180	9	6.4
294.100	1	959.3580	771.6290	9	6.4
294.232	1	936.2940	770.8360	9	9.8
294.332	1	5122.0900	798.0670	9	15.6
294.432	1	1208.8700	802.9470	9	10.1
294.532	1	1165.2600	786.8410	9	10.3
294.632	1	1057.6500	773.5020	9	5.0
294.732	1	1002.0200	786.7860	9	7.1
294.832	1	1290.0100	780.5120	9	6.1
294.932	1	1662.2600	790.5590	9	11.0
295.032	1	1912.3300	792.1740	9	12.3
295.132	1	1935.3300	812.6970	9	19.6
295.236	1	1410.6500	806.0550	9	5.9
295.332	1	914.1980	821.4250	9	5.4
295.464	1	1437.7300	790.2610	9	8.6
295.596	1	1732.9000	799.8660	9	13.3
295.668	1	1402.9200	799.3620	9	22.4
295.800	1	1762.1800	808.4280	9	12.1
295.936	1	74991.4000	1537.6500	9	5.2
296.036	1	1103.0900	815.5940	9	7.2
296.132	1	1222.9200	809.8310	9	5.8
296.232	1	3005.6300	826.8870	9	11.0
296.332	1	2335.6500	822.6240	9	14.5
296.464	1	7261.8100	1043.7100	9	6.9
296.596	1	1023.5000	857.0110	9	8.1
296.696	1	933.7180	783.6380	9	9.8
296.768	1	1010.0600	778.8320	9	8.4
296.904	1	1130.7400	782.6500	9	6.2
297.032	1	4149.4100	782.6910	9	11.6
297.136	1	1277.8300	801.0990	9	13.8
297.232	1	25998.2000	775.0470	9	6.1
297.332	1	1111.8200	787.9410	9	4.4
297.432	1	1138.6300	795.1990	9	8.5
297.532	1	810.9660	792.1800	9	5.3
297.632	1	812.1210	782.5890	9	11.9
297.732	1	787.7680	784.1470	9	7.6
297.832	1	796.5200	785.2170	9	7.5
297.932	1	812.1100	777.0960	9	3.6
298.032	1	799.7800	774.0550	9	6.2
298.132	1	790.3910	773.4810	7	17.0
298.232	1	861.8870	774.2420	9	17.3
298.336	1	854.4000	783.3960	9	7.9
298.436	1	787.1470	775.2900	6	12.7
298.532	1	884.0450	849.7950	9	7.9
298.632	1	811.2250	768.4310	7	19.1
298.732	1	798.7970	768.4070	7	13.7
298.832	1	849.2940	769.8700	6	8.6
298.932	1	800.5020	770.7730	6	12.7
299.032	1	775.0840	770.7740	5	11.9
299.132	1	785.2320	771.1170	8	5.8
299.232	1	782.7790	771.1740	9	6.0
299.332	1	776.7800	770.9460	5	10.8
299.432	1	789.6310	770.8680	9	12.6
299.532	1	802.5200	770.3610	6	10.7
299.632	1	812.8420	770.4590	6	13.8
299.732	1	802.7810	771.8250	9	9.5
299.832	1	787.2340	770.8130	6	11.0
299.964	1	788.4570	773.2670	8	5.6
300.096	1	833.3880	774.5900	7	5.0
300.200	1	800.0190	775.3740	7	7.8
300.332	1	788.6320	776.1050	6	8.0
300.432	1	783.6770	776.3860	5	7.6
300.532	1	790.3050	775.3490	7	12.7
300.632	1	783.0360	774.6690	5	8.6
300.732	1	808.4450	774.8880	5	14.1
300.832	1	803.7270	774.5360	9	12.0
300.964	1	801.1090	775.0590	8	19.0
301.068	1	1046.2100	792.2470	9	7.9
301.196	1	803.1350	783.1910	9	7.1
301.300	1	1188.4500	824.3900	9	11.6
301.436	1	1115.3500	798.3510	9	6.9
301.532	1	845.8050	803.7980	9	5.7
301.632	1	934.6990	879.0590	9	13.3
301.732	1	908.7270	816.0870	9	12.4
301.832	1	919.7670	802.3210	9	9.8
301.936	1	834.1160	821.9320	9	2.8
302.036	1	955.6750	809.4380	9	3.4
302.136	1	895.2410	795.7200	9	8.6
302.232	1	898.8650	788.1220	8	19.0
302.364	1	973.0550	800.0720	9	8.5
302.496	1	897.4920	792.4710	9	21.5
302.596	1	1383.9000	796.2870	9	24.1
302.696	1	958.3950	792.9640	6	25.2
302.796	1	1396.3400	797.8680	9	19.1
302.896	1	1176.4800	791.9480	7	20.0
302.996	1	3074.8400	905.0910	9	10.0
303.096	1	1072.2300	916.1180	9	6.5
303.196	1	1019.6100	794.2290	9	7.2
303.296	1	13223.6000	814.3340	9	10.9
303.396	1	919.5420	791.1270	9	10.3
303.496	1	1103.6500	815.7610	9	17.2
303.596	1	930.4490	812.2810	9	19.9
303.696	1	892.3910	846.5800	9	9.4
303.768	1	888.4660	812.3240	9	14.2
303.868	1	925.5590	820.5370	9	13.4
303.996	1	923.9630	830.2170	9	8.5
304.096	1	1147.4300	838.2090	9	8.0
304.168	1	906.5970	840.1620	7	13.1
304.296	1	1154.5100	841.2520	9	12.0
304.400	1	899.6770	838.9640	9	20.8
304.536	1	1147.8300	836.5510	9	16.1
304.664	1	1108.1800	822.0410	9	11.2
304.796	1	1004.2300	820.9080	9	12.1
304.896	1	902.1980	823.0060	7	27.7
304.996	1	1015.5700	831.9810	6	12.1
305.096	1	1110.1700	835.5270	5	10.1
305.168	1	950.8140	835.0840	7	9.4
305.296	1	1004.2900	832.8780	7	22.2
305.396	1	1003.3500	824.0040	9	11.7
305.496	1	958.2490	827.2660	9	4.2
305.596	1	1065.6500	826.0820	9	4.3
305.696	1	1019.8000	823.9910	9	4.2
305.796	1	1037.2100	827.6320	9	6.2
305.896	1	951.8260	824.6070	9	5.6
305.996	1	1106.9500	822.3900	9	4.9
306.100	1	1123.0800	826.1490	9	4.1
306.200	1	974.7220	822.6320	9	14.3
306.332	1	926.7920	818.4080	7	11.5
306.464	1	881.5630	819.5900	8	22.0
306.596	1	1007.4500	820.9320	9	7.6
306.668	1	897.5270	824.6590	9	10.4
306.796	1	907.9410	819.8510	9	12.0
306.896	1	876.4570	823.6670	6	24.0
306.968	1	951.3720	824.1420	6	6.9
307.068	1	1040.9400	820.5080	7	9.6
307.196	1	1084.6700	821.3660	9	5.5
307.296	1	1016.2700	821.2550	9	7.2
307.396	1	1022.8600	821.3570	9	12.1
307.496	1	956.8390	821.7590	9	12.9
307.600	1	1062.0700	823.7740	7	19.0
307.732	1	1631.1500	870.3750	9	20.4
307.832	1	1172.8800	857.3370	9	7.8
307.932	1	10432.5000	916.4790	9	3.8
308.032	1	1047.8400	904.4630	9	7.0
308.132	1	2087.9500	872.9260	9	11.8
308.232	1	907.6640	883.8220	5	9.4
308.336	1	914.6230	894.3200	5	14.5
308.432	1	928.2580	905.1110	5	12.6
308.532	1	944.2880	912.3380	5	16.2
308.636	1	958.3850	921.3990	5	13.6
308.732	1	982.6480	937.3550	5	13.1
308.832	1	1015.3500	960.1920	5	6.5
308.932	1	1036.0900	977.3080	5	7.5
309.032	1	1063.7100	995.4950	6	5.6
309.132	1	1117.1900	1024.3100	7	7.5
309.232	1	1128.6100	1055.9800	8	18.0
309.332	1	1168.5100	1088.4800	8	14.9
309.432	1	1208.2600	1116.7000	8	19.3
309.536	1	1235.7900	1139.7600	9	12.7
309.632	1	1282.4400	1171.0300	9	16.9
309.764	1	1387.9300	1236.7700	9	8.0
309.896	1	1365.3700	1234.3100	9	7.2
309.996	1	1371.1300	1249.1700	9	12.4
310.096	1	1444.6100	1279.2300	9	11.6
310.196	1	1431.8500	1249.4000	9	17.1
310.296	1	1354.8400	1137.4800	9	9.8
310.396	1	1254.4500	1088.1400	9	15.0
310.496	1	1230.8900	1054.6700	9	14.0
310.568	1	1186.3800	1031.2600	9	12.7
310.696	1	2216.6300	1311.6700	9	26.9
310.796	1	1506.9000	1415.4400	9	17.8
310.896	1	4013.6800	1806.9900	9	23.4
310.996	1	2000.8000	1854.4700	9	18.2
311.068	1	1971.5400	1886.3500	9	12.0
311.196	1	2076.5700	1920.3900	9	15.9
311.296	1	2046.1600	1935.1000	8	15.4
311.396	1	2090.4700	1987.2200	8	29.3
311.496	1	2126.9800	2032.0400	8	17.4
311.596	1	2189.5600	2083.6500	9	13.2
311.696	1	2233.3000	2128.4400	9	21.1
311.796	1	2337.9500	2217.8400	9	9.1
311.896	1	2293.8700	2201.5700	9	23.3
311.968	1	2299.9600	2215.7700	9	9.3
312.068	1	2349.5300	2256.3800	9	25.6
312.168	1	2384.9900	2290.2100	9	19.7
312.296	1	2458.1400	2340.8300	9	19.0
312.396	1	2458.3400	2355.6700	9	30.2
312.468	1	2455.9800	2370.2400	9	10.0
312.596	1	2527.0000	2418.1000	9	18.6
312.696	1	2520.7600	2415.2300	9	11.2
312.796	1	2514.1100	2424.6400	9	14.8
312.896	1	2531.6900	2447.6800	9	10.7
312.968	1	2545.4600	2464.8500	9	6.4
313.100	1	2596.6100	2500.5700	9	6.3
313.232	1	2620.7200	2519.4600	9	12.9
313.332	1	2631.2000	2532.6000	9	6.7
313.432	1	2631.6300	2547.0000	9	7.8
313.532	1	2656.8100	2567.8000	9	6.5
313.664	1	2686.8000	2591.2000	9	20.4
313.796	1	2865.6300	2754.5500	9	7.4
313.896	1	3776.2800	3085.5900	9	7.4
313.996	1	3027.4700	2906.0700	9	7.1
314.096	1	2993.2600	2909.8500	6	6.7
314.196	1	3000.8600	2915.2700	7	13.1
314.296	1	2980.2000	2895.3200	7	16.7
314.396	1	2994.2000	2908.5000	5	13.1
314.496	1	3005.7900	2920.6000	5	13.3
314.596	1	3032.1300	2937.7400	8	19.9
314.696	1	3028.7000	2937.1000	5	13.8
314.796	1	3020.8500	2932.8400	5	8.1
314.900	1	3009.3200	2916.5700	5	14.2
315.032	1	3033.2700	2937.6200	5	6.0
315.132	1	3024.0000	2935.4700	5	6.9
315.236	1	3040.8900	2948.1800	5	8.0
315.332	1	3017.8200	2928.6800	5	5.8
315.464	1	3036.0000	2933.4300	7	15.8
315.568	1	3023.4300	2934.6400	6	8.7
315.696	1	3052.3700	2951.4300	6	10.1
315.796	1	3034.4000	2948.2500	5	8.8
315.896	1	3042.6200	2950.3200	7	7.5
315.996	1	3045.2600	2956.1700	6	12.7
316.096	1	3063.4500	2969.5700	7	15.5
316.196	1	3067.1600	2976.3900	7	16.5
316.296	1	3055.7800	2962.5200	7	16.0
316.396	1	3059.2800	2968.4300	7	16.6
316.496	1	3074.8300	2978.7500	7	11.6
316.596	1	3055.6600	2962.4600	8	10.0
316.696	1	3042.5800	2948.3900	7	13.6
316.800	1	3686.4700	3116.0700	6	14.4
316.932	1	3841.1500	3289.6400	8	14.8
317.032	1	3334.8800	3177.5900	9	6.3
317.132	1	3292.4100	3182.6800	9	9.1
317.232	1	3232.7700	3127.4800	7	5.0
317.332	1	3175.0000	3079.4100	4	3.6
317.436	1	3204.1200	3097.7100	5	4.2
317.532	1	3221.5000	3114.5200	5	3.5
317.636	1	3203.2400	3097.9900	5	3.8
317.736	1	3223.6000	3112.8700	9	5.4
317.832	1	3223.7500	3113.9600	6	4.0
317.932	1	3220.2200	3114.6300	9	5.4
318.032	1	3235.4900	3122.0000	8	5.3
318.132	1	3213.6800	3102.6800	9	5.2
318.232	1	3198.1300	3092.9900	9	5.2
318.332	1	3197.5500	3094.9400	5	4.4
318.432	1	3208.6200	3104.5000	6	3.7
318.532	1	3191.7000	3088.3400	6	3.6
318.632	1	3180.5700	3074.6000	6	3.7
318.732	1	3337.2600	3165.9900	6	4.0
318.832	1	4153.9400	3411.5900	9	7.6
318.932	1	3457.4500	3352.1700	9	7.7
319.032	1	3393.6000	3287.7200	8	7.8
319.136	1	3404.6400	3301.5400	7	5.7
319.232	1	3390.6300	3288.3700	6	4.6
319.332	1	3399.1400	3294.6600	6	4.6
319.464	1	3436.1600	3315.4300	7	5.4
319.600	1	3460.7700	3326.5700	7	5.2
319.696	1	3544.3500	3392.0100	9	6.1
319.768	1	3403.6600	3308.3700	6	4.4
319.868	1	3435.3600	3324.1500	6	6.3
319.996	1	3465.4100	3342.8600	7	5.0
320.100	1	3426.8500	3325.8700	6	4.3
320.232	1	3448.2700	3339.5600	6	4.3
320.332	1	3449.3400	3351.4000	6	4.2
320.432	1	3462.2600	3352.2700	6	4.2
320.536	1	3459.0500	3349.0700	7	4.7
320.632	1	3437.6500	3338.3700	6	4.2
320.768	1	3419.9000	3336.5300	5	3.4
320.896	1	3384.9100	3277.0700	6	4.6
320.996	1	3354.0900	3250.9900	5	4.7
321.068	1	3145.5400	3031.5900	6	5.2
321.196	1	3763.5300	2823.1600	9	7.5
321.296	1	2920.8100	2764.9200	9	6.4
321.368	1	2679.0000	2647.9100	8	6.2
321.496	1	2650.4800	2615.2700	5	3.6
321.600	1	2667.6900	2630.9100	7	4.9
321.732	1	2721.0500	2661.1800	9	5.6
321.832	1	2652.9800	2631.5100	5	4.4
321.932	1	2666.6400	2633.9700	9	5.4
322.032	1	2629.7100	2592.1300	6	3.8
322.132	1	2122.0200	1833.2600	9	5.7
322.232	1	1762.6200	1733.8600	5	3.3
322.332	1	3030.5100	2251.7000	9	7.4
322.432	1	1941.3100	1845.4700	9	6.5
322.532	1	1813.4600	1796.1700	6	4.6
322.632	1	1783.1600	1754.8300	5	3.8
322.732	1	1789.9800	1768.5000	4	3.0
322.832	1	1786.5100	1762.9300	8	7.1
322.932	1	1769.3400	1752.9200	6	4.6
323.032	1	1763.3100	1736.7000	6	4.2
323.132	1	1750.3600	1724.8200	7	4.7
323.232	1	1720.7900	1692.7300	6	3.8
323.332	1	1708.3200	1684.6300	6	5.9
323.464	1	2098.6000	1749.8800	9	5.8
323.564	1	1633.0500	1604.1600	5	3.2
323.696	1	1622.9600	1585.1000	5	2.9
323.796	1	2730.9600	2040.9900	9	7.7
323.896	1	1727.6700	1645.4200	8	5.5
323.968	1	1595.8800	1581.8600	7	4.7
324.100	1	1616.0200	1587.5000	6	5.0
324.196	1	1606.1400	1590.4800	6	4.0
324.300	1	1722.0100	1694.1600	9	5.9
324.432	1	1624.7300	1596.0000	5	3.5
324.564	1	1618.6900	1592.4800	5	3.2
324.696	1	1621.5300	1596.8800	7	4.3
324.800	1	1618.1800	1597.9800	6	3.7
324.932	1	1972.7400	1647.1200	8	5.5
325.036	1	1607.9600	1590.9800	5	3.3
325.136	1	2594.1400	1970.0000	9	6.9
325.232	1	1700.2100	1647.6300	9	5.9
325.364	1	1744.8500	1662.0900	9	7.0
325.500	1	1634.0800	1600.5900	6	4.2
325.632	1	1612.7500	1589.6100	5	3.4
325.732	1	1601.2700	1583.4900	6	4.0
325.832	1	1605.1900	1590.1600	4	2.7
325.932	1	1593.8400	1580.0600	4	2.8
326.036	1	1581.6400	1564.6700	5	3.9
326.132	1	1591.6700	1573.8400	5	5.1
326.232	1	1595.2500	1575.6000	4	4.1
326.332	1	1581.1200	1562.5700	4	2.9
326.432	1	1587.7300	1560.0800	5	3.2
326.532	1	1591.2400	1568.4000	9	5.0
326.632	1	1591.0700	1568.3700	4	2.7
326.732	1	1851.1200	1651.5200	8	5.4
326.836	1	1620.6900	1597.2300	5	3.2
326.964	1	1614.3700	1592.3800	5	3.2
327.064	1	1603.5900	1594.7000	5	3.3
327.164	1	1609.4300	1593.4500	6	3.7
327.300	1	2781.9500	1970.1700	9	9.8
327.400	1	1779.9600	1738.4300	8	6.3
327.532	1	1773.4100	1741.2400	9	6.9
327.632	1	1750.8900	1727.4300	5	3.8
327.732	1	1749.8800	1730.4800	5	3.9
327.832	1	1757.2200	1739.7800	5	3.9
327.932	1	1745.4200	1728.7300	6	7.0
328.032	1	1734.7700	1718.2900	6	4.5
328.164	1	1729.1000	1704.4900	7	4.9
328.296	1	1722.6300	1703.8000	6	5.7
328.396	1	1726.7600	1711.8100	6	4.2
328.496	1	1718.8800	1700.7900	6	4.8
328.596	1	1712.6200	1692.7000	7	4.7
328.696	1	1700.1700	1680.6800	7	4.6
328.796	1	1670.0300	1655.1000	6	3.8
328.900	1	1666.8500	1654.5700	6	3.8
329.036	1	1671.1300	1648.9400	6	3.7
329.164	1	1669.3900	1653.4900	6	4.8
329.300	1	1842.4000	1701.1600	5	4.1
329.432	1	1681.3800	1668.0300	4	6.9
329.532	1	2798.2700	1999.1500	9	7.2
329.632	1	1843.4500	1787.3800	8	6.4
