t_t2slv	phase	init_cost	final_cost	iters	slv_ms
10.364	0	13394.5000	382.9680	9	18.7
10.492	1	529.2290	308.5620	9	26.1
10.592	1	263.6120	232.7490	9	37.3
10.696	1	409.0280	233.7880	9	17.9
10.828	1	399.9200	236.5640	9	15.1
10.928	1	273.6110	220.6450	9	11.9
11.028	1	315.1920	237.5770	9	5.8
11.128	1	246.9490	240.3540	9	7.6
11.228	1	272.1340	222.0380	9	23.7
11.328	1	292.1130	225.5530	9	13.9
11.428	1	238.5400	230.0520	9	16.3
11.528	1	273.7910	215.9950	9	23.9
11.628	1	242.4050	219.2900	9	10.6
11.760	1	285.6070	217.4580	9	16.0
11.892	1	236.2560	221.8220	9	11.5
11.992	1	235.6750	198.8890	9	26.9
12.092	1	198.1580	191.8680	9	20.9
12.192	1	205.3040	189.6150	8	31.3
12.292	1	204.2850	191.6050	9	28.3
12.392	1	209.5980	183.6890	8	18.7
12.492	1	195.3020	183.9510	9	14.3
12.592	1	212.8810	185.8390	9	6.3
12.692	1	194.1520	185.5950	8	18.3
12.792	1	195.5650	184.6210	5	11.9
12.896	1	206.2020	184.3290	8	10.8
13.000	1	194.8000	182.0160	8	10.9
13.100	1	188.3240	183.8660	9	10.7
13.200	1	230.1900	185.7760	9	5.4
13.300	1	208.7640	187.8930	9	9.5
13.400	1	225.6760	207.8880	9	10.0
13.500	1	231.8600	193.0630	9	13.2
13.604	1	216.1220	193.8880	9	7.7
13.700	1	207.8140	200.4110	9	10.0
13.800	1	208.2630	208.2630	9	4.0
13.900	1	197.1590	184.3770	9	4.4
14.004	1	189.3600	189.3600	9	12.2
14.104	1	203.6110	188.8860	9	9.2
14.204	1	195.4450	185.0040	9	9.3
14.304	1	198.2230	187.5360	9	28.5
14.404	1	5807.0100	268.4770	9	29.4
14.504	1	227.2880	200.2200	9	11.8
14.604	1	243.2060	187.0130	9	11.5
14.704	1	396.4340	192.1470	9	4.7
14.816	1	226.6560	188.2760	9	5.2
14.916	1	322.3100	188.9300	9	4.6
15.016	1	286.6500	192.3280	9	10.9
15.116	1	234.1040	194.8030	9	15.5
15.216	1	214.9410	189.1230	9	13.9
15.316	1	200.4240	185.5240	9	9.4
15.416	1	222.4910	186.6890	9	10.3
15.516	1	212.8540	189.5620	9	17.4
15.620	1	228.0720	189.1550	9	14.3
15.716	1	214.4870	185.0880	9	11.5
15.816	1	203.1720	184.7780	9	12.9
15.916	1	226.0050	187.1330	9	5.9
16.052	1	311.1900	187.0130	9	12.3
16.180	1	191.0320	181.7840	9	15.6
16.280	1	192.3510	187.4230	9	29.9
16.380	1	187.2330	186.3450	9	22.2
16.480	1	188.4990	183.8750	9	28.2
16.580	1	189.4530	185.5130	9	22.0
16.652	1	192.0680	186.5050	9	9.2
16.780	1	188.7910	186.0600	9	18.1
16.880	1	201.1350	185.9850	9	35.1
16.980	1	192.1610	186.5490	9	15.1
17.080	1	192.8500	184.7200	9	9.0
17.160	1	192.2570	188.4530	9	10.7
17.260	1	191.1380	189.0690	9	9.1
17.360	1	191.1500	186.1120	9	9.1
17.464	1	200.3080	189.2950	9	9.0
17.564	1	196.5760	186.5700	9	32.5
17.664	1	191.6460	184.4950	9	19.3
17.764	1	186.1950	184.3560	9	32.9
17.864	1	192.5750	185.6630	9	19.9
17.964	1	190.1380	188.4720	9	12.0
18.036	1	188.0140	186.1940	9	21.4
18.164	1	191.1200	186.0870	9	16.9
18.264	1	193.3850	187.0710	9	36.3
18.368	1	190.3940	185.0440	9	13.3
18.500	1	191.7360	184.1580	9	22.6
18.600	1	194.9030	186.1080	9	14.9
18.712	1	187.9700	184.4690	9	17.6
18.812	1	189.7000	183.9910	9	16.3
18.912	1	187.1630	184.8400	9	21.0
19.012	1	191.5150	185.8250	9	13.5
19.112	1	194.8800	188.4200	9	23.9
19.244	1	202.1400	188.2210	9	14.3
19.376	1	197.3930	187.5900	9	24.6
19.476	1	191.4490	184.8540	9	11.3
19.548	1	186.1020	183.1520	9	13.9
19.680	1	195.0610	186.0550	9	16.9
19.780	1	190.6540	187.9720	9	9.4
19.912	1	199.4900	188.9720	9	24.5
20.012	1	194.4040	186.4530	9	35.6
20.116	1	193.4290	184.9630	9	23.0
20.216	1	190.6210	188.5970	9	16.3
20.312	1	193.2110	189.8260	9	9.1
20.412	1	200.2840	186.7340	9	11.7
20.516	1	196.8560	186.3880	9	12.0
20.612	1	189.9590	189.1020	9	9.7
20.712	1	194.3620	187.3170	9	9.0
20.812	1	189.9330	187.0550	9	9.2
20.912	1	189.6770	187.8650	9	16.3
21.012	1	198.7100	191.3850	9	16.5
21.144	1	200.1720	192.5860	9	14.3
21.244	1	193.0850	186.9900	9	41.3
21.344	1	196.0730	186.6200	9	16.7
21.444	1	192.1070	189.9980	9	26.2
21.544	1	194.7610	191.1310	9	19.3
21.644	1	202.0130	191.7940	9	37.2
21.744	1	196.3120	191.9530	9	22.4
21.816	1	193.6510	191.5730	9	19.6
21.948	1	199.9000	191.2770	9	28.9
22.044	1	191.8880	189.4650	9	31.2
22.144	1	202.0280	191.1870	9	39.5
22.244	1	197.1860	191.7770	9	21.2
22.348	1	197.5090	192.6230	9	18.0
22.444	1	197.8970	192.2620	9	16.1
22.544	1	201.0000	189.6590	9	27.4
22.644	1	209.6750	189.5270	9	22.3
22.744	1	197.8130	189.4580	9	19.2
22.844	1	195.6450	192.3410	9	25.9
22.948	1	194.8910	193.0840	9	42.1
23.044	1	203.8340	191.5180	9	16.6
23.116	1	200.5640	193.1150	9	13.5
23.244	1	202.8100	195.3170	9	23.9
23.348	1	206.0080	195.2790	9	29.3
23.448	1	198.2950	193.3950	9	27.7
23.544	1	199.2470	192.3510	9	34.1
23.644	1	223.0920	196.3280	9	18.3
23.744	1	211.9430	194.4020	9	28.9
23.844	1	205.4770	191.0920	9	25.6
23.944	1	212.9680	190.4300	9	16.7
24.044	1	218.0310	189.4580	9	30.8
24.144	1	190.0020	189.2430	9	19.5
24.244	1	225.2040	190.5700	9	16.7
24.344	1	192.9400	182.0120	9	24.3
24.444	1	197.9350	182.0180	9	14.5
24.544	1	213.6100	182.5430	9	7.3
24.644	1	208.9820	183.0990	9	4.9
24.796	1	229.1420	186.1100	9	16.2
24.916	1	237.6280	186.5260	9	9.0
25.044	1	263.5800	189.4010	9	28.3
25.144	1	253.8870	195.6970	9	21.2
25.244	1	232.3590	193.9900	9	24.0
25.344	1	243.2790	191.7730	9	28.5
25.444	1	238.5700	191.3680	9	16.0
25.548	1	254.7130	190.6990	9	20.3
25.644	1	250.9360	187.6370	9	39.2
25.744	1	244.5780	191.2080	8	29.7
25.844	1	259.5220	194.8070	8	17.6
25.948	1	263.3500	191.7340	8	24.3
26.044	1	260.5830	191.3160	8	25.9
26.144	1	257.6290	188.3690	9	38.8
26.244	1	259.9170	185.3210	8	22.9
26.344	1	260.8280	186.8710	8	28.2
26.448	1	287.6900	189.5750	7	41.3
26.544	1	287.7880	187.8870	9	16.9
26.648	1	293.4220	186.4460	9	32.4
26.744	1	295.7570	185.7160	9	26.3
26.844	1	319.3390	186.6340	9	30.3
26.944	1	322.1710	189.5720	9	21.1
27.044	1	325.7390	190.4260	9	33.8
27.144	1	331.6730	187.5220	9	14.7
27.244	1	332.7710	184.2330	9	36.1
27.344	1	324.2440	185.2290	8	17.7
27.444	1	302.7840	186.3930	8	12.8
27.544	1	326.9250	186.2700	8	25.8
27.644	1	321.1110	185.9550	8	17.0
27.744	1	325.1150	185.1820	8	16.8
27.844	1	343.1990	184.5840	8	13.7
27.944	1	344.0900	187.6070	6	7.4
28.044	1	324.1520	188.1190	9	5.2
28.180	1	424.0160	185.9220	8	11.6
28.312	1	601.1030	185.9500	8	23.0
28.444	1	529.4370	185.7410	7	23.3
28.544	1	408.5460	187.0160	9	13.7
28.644	1	353.3880	187.3480	6	20.2
28.744	1	369.0460	185.4380	6	23.8
28.844	1	353.1210	186.1780	6	10.4
28.948	1	344.7320	187.0550	6	6.6
29.048	1	335.4830	184.8770	6	34.0
29.148	1	343.3140	185.4190	7	23.2
29.248	1	393.6420	187.2800	5	18.8
29.348	1	362.5910	186.7080	6	16.5
29.448	1	351.7250	186.2400	5	20.1
29.548	1	335.1430	186.3490	6	20.5
29.648	1	344.1400	186.3140	6	13.4
29.748	1	362.7290	186.1410	6	18.4
29.848	1	359.6110	186.1590	6	23.3
29.948	1	367.8240	186.5720	9	16.4
30.048	1	347.2370	186.8270	6	6.8
30.124	1	311.9830	186.6420	6	6.9
30.224	1	364.8620	186.3040	9	21.7
30.328	1	461.9840	186.7110	9	14.1
30.424	1	349.9280	185.5040	9	7.0
30.524	1	381.6950	188.4000	7	16.9
30.656	1	661.9650	189.1800	8	13.1
30.756	1	494.5140	185.6350	6	7.0
30.892	1	595.4590	187.0340	9	12.1
31.004	1	442.7590	193.2170	9	16.7
31.108	1	428.7450	196.1720	9	11.9
31.224	1	421.0750	192.6910	9	12.5
31.356	1	594.6430	190.3330	9	16.2
31.456	1	463.0950	187.8260	6	20.9
31.528	1	376.2400	190.1030	9	12.7
31.624	1	392.5530	189.1660	9	11.4
31.724	1	478.9380	187.1530	9	11.6
31.824	1	472.1700	192.4380	8	19.7
31.956	1	739.8220	194.3240	9	8.2
32.096	1	789.7120	192.1190	9	8.7
32.228	1	551.8010	189.2190	6	13.4
32.356	1	631.7360	186.3070	9	16.7
32.456	1	424.6040	186.8460	9	16.1
32.556	1	356.5560	188.8870	7	24.0
32.660	1	417.2290	188.8000	9	8.0
32.764	1	399.5570	186.6250	9	5.7
32.836	1	283.7070	189.3960	9	4.7
32.940	1	368.2130	192.9140	7	34.1
33.040	1	402.9120	190.1630	9	16.7
33.140	1	400.2490	187.2320	9	15.2
33.240	1	429.3470	190.7060	9	20.3
33.340	1	491.6630	215.3780	9	12.1
33.444	1	423.1120	310.1350	9	8.7
33.544	1	626.6960	526.7710	9	19.1
33.684	1	905.5490	806.6300	9	25.3
33.788	1	1011.2900	818.0610	9	13.3
33.896	1	3190.5700	3190.5700	9	3.1
33.996	1	1028.7800	877.8070	9	16.2
34.084	1	1076.9200	1004.7100	9	8.6
34.180	1	1111.4400	1006.9900	9	11.6
34.296	1	1362.7200	1121.9300	9	12.9
34.384	1	1251.7400	1155.2900	9	14.4
34.488	1	1584.5900	1416.3100	9	11.6
34.596	1	1456.0800	1383.9000	9	21.7
34.680	1	1561.2100	1423.1900	9	13.4
34.812	1	1377.8500	1323.8100	9	29.5
34.944	1	1423.8000	1338.4500	9	16.0
35.044	1	1511.7300	1427.2500	9	33.0
35.116	1	1697.2300	1550.2300	9	15.9
35.212	1	1858.5900	1648.6000	9	17.7
35.312	1	1961.9500	1792.2400	8	17.5
35.444	1	2019.7400	1928.6800	7	18.0
35.544	1	1916.3500	1801.7000	9	19.3
35.676	1	2202.2700	1969.8500	9	23.5
35.776	1	2549.7900	2050.2000	9	25.8
35.876	1	2108.4900	2016.8000	8	35.7
35.980	1	2091.7800	2016.0400	5	32.5
36.076	1	2147.1000	2031.2200	6	15.2
36.216	1	2147.9000	2015.5300	9	22.4
36.312	1	2117.7300	2068.3500	9	21.4
36.444	1	2145.6300	2095.0400	5	24.2
36.544	1	2072.3500	2069.1200	4	20.0
36.644	1	2196.5200	2075.1700	6	21.0
36.776	1	1988.7100	1978.6900	5	21.5
36.876	1	1981.3300	1976.0600	4	16.8
36.976	1	1983.6400	1976.7100	4	22.1
37.076	1	1999.7200	1983.8400	4	30.1
37.180	1	2002.7600	1988.1700	6	19.1
37.308	1	2073.6800	1992.3900	5	30.9
37.408	1	1945.3000	1938.6200	5	15.7
37.508	1	1942.7800	1937.8100	5	16.9
37.580	1	1933.4200	1931.4800	5	26.5
37.652	1	1923.7300	1921.9600	4	15.5
37.780	1	1934.3500	1929.3800	6	27.2
37.880	1	2031.3400	1971.5000	9	22.2
37.980	1	1910.0600	1907.4800	4	18.4
38.080	1	1906.5700	1905.0500	5	19.7
38.180	1	1898.2300	1895.2800	4	22.1
38.280	1	2031.1200	1978.6000	8	38.7
38.352	1	1911.0500	1907.0500	3	6.5
38.480	1	1897.2100	1893.4900	3	20.8
38.580	1	1908.0100	1906.2800	3	15.2
38.680	1	1915.8100	1912.8400	3	17.2
38.780	1	1981.8800	1952.0400	9	21.3
38.884	1	1927.0700	1925.0500	2	18.6
38.980	1	1923.5100	1922.4900	2	7.5
39.080	1	1920.4200	1918.6900	3	25.0
39.180	1	1930.2500	1928.9500	3	10.8
39.252	1	1909.7400	1908.1600	2	8.9
39.380	1	1910.7500	1906.8800	2	22.2
39.480	1	1911.0100	1908.7800	2	9.2
39.580	1	1920.7900	1912.2100	3	22.0
39.680	1	1954.3300	1930.0300	7	26.8
39.780	1	1915.3600	1913.1000	2	17.4
39.880	1	1916.3300	1914.1500	2	4.3
39.980	1	1913.6900	1908.8100	3	9.4
40.080	1	1911.8000	1906.8400	2	6.9
40.180	1	1905.6100	1902.6200	3	26.9
40.284	1	1904.5700	1903.8100	3	15.6
40.416	1	1911.2600	1908.0000	2	11.2
40.516	1	1909.9200	1909.4300	2	6.2
40.620	1	1912.3400	1909.3700	2	10.4
40.716	1	1905.6300	1904.4100	2	10.4
40.816	1	1905.5400	1902.9700	2	14.8
40.920	1	1908.8100	1902.4700	3	14.3
41.020	1	1902.7700	1899.8300	2	9.0
41.128	1	1912.0200	1902.7400	3	7.5
41.216	1	1907.1400	1902.1700	3	18.7
41.332	1	1918.5100	1907.2700	3	6.4
41.452	1	1904.5300	1901.7700	2	18.7
41.580	1	1896.1700	1895.4400	2	12.1
41.684	1	1896.9800	1896.1900	2	17.6
41.780	1	1897.4900	1895.3600	2	21.9
41.880	1	1895.6000	1892.8500	2	17.8
41.980	1	1896.1700	1893.6100	2	15.5
42.084	1	1896.7400	1893.7600	2	6.2
42.216	1	1903.2900	1895.4900	2	13.4
42.320	1	1900.6400	1896.4200	2	7.2
42.416	1	1898.2700	1896.0200	2	15.3
42.516	1	1898.6500	1896.8600	2	7.6
42.648	1	1899.4700	1897.7300	2	14.1
42.780	1	1903.3700	1899.8900	3	21.2
42.880	1	1901.6800	1898.5100	2	13.4
42.980	1	1902.3600	1898.7900	2	17.4
43.080	1	1902.4600	1899.8200	3	12.9
43.180	1	1903.4600	1901.3100	2	15.1
43.280	1	1905.9900	1901.8700	2	14.1
43.352	1	1903.4300	1900.4600	2	7.8
43.452	1	1900.7700	1899.8100	2	15.8
43.580	1	1905.3700	1903.0100	2	18.3
43.680	1	1905.4000	1901.3400	2	8.1
43.780	1	1898.8800	1897.7600	2	15.5
43.880	1	1901.0000	1899.3200	2	4.8
43.980	1	1908.1800	1903.0800	2	6.2
44.052	1	1909.4800	1908.4200	2	13.5
44.180	1	1913.7000	1911.4700	2	20.1
44.280	1	1916.3800	1912.0800	3	11.6
44.380	1	1916.2900	1914.0800	3	15.5
44.484	1	1917.8000	1915.7400	2	10.1
44.620	1	1918.6300	1916.9300	2	5.3
44.728	1	1918.9100	1916.0400	2	7.8
44.824	1	1913.6300	1911.7600	2	9.5
44.948	1	1910.0700	1907.8500	2	19.2
45.080	1	1912.6400	1907.9300	2	16.6
45.184	1	1912.3000	1911.4700	3	14.1
45.284	1	1914.9000	1912.1700	3	20.5
45.380	1	1910.8700	1909.7100	2	14.4
45.480	1	1911.1400	1909.0600	2	12.4
45.580	1	1915.1100	1912.1100	2	5.5
45.680	1	1913.2600	1908.3000	2	12.2
45.780	1	1904.7100	1902.0100	3	23.4
45.880	1	1900.9500	1899.6400	2	4.6
45.980	1	1899.8200	1898.6500	2	6.3
46.080	1	1902.9300	1899.7300	2	4.2
46.184	1	1902.0200	1900.9200	2	4.6
46.256	1	1904.6700	1903.3100	2	4.2
46.356	1	1916.0200	1905.6800	3	5.9
46.436	1	1907.5800	1906.1300	2	4.3
46.564	1	1922.8300	1909.3200	3	6.0
46.664	1	1920.9600	1910.8900	3	6.0
46.768	1	1914.5100	1911.7600	3	6.6
46.912	1	1927.7000	1912.4500	3	7.3
47.000	1	1917.8400	1911.2500	3	6.0
47.116	1	1924.7400	1913.7600	3	22.4
47.204	1	1918.4200	1913.1900	3	11.4
47.320	1	1925.7400	1914.5400	3	23.3
47.412	1	1920.4900	1916.4700	3	18.8
47.504	1	1918.5300	1916.2500	3	11.4
47.612	1	1927.4800	1916.5800	3	14.9
47.708	1	1916.4500	1914.5300	2	8.1
47.808	1	1918.2600	1914.0300	2	9.5
47.912	1	1916.1500	1913.5300	2	7.5
48.024	1	1918.2300	1913.8300	2	19.9
48.100	1	1913.7700	1912.5800	2	6.8
48.220	1	1916.1200	1912.7700	3	21.3
48.300	1	1988.5400	1931.9800	3	16.9
48.400	1	1941.6400	1916.5600	3	7.3
48.512	1	1932.8300	1916.9100	3	14.6
48.612	1	1951.8800	1925.3900	5	13.4
48.712	1	1905.6100	1898.2000	4	24.0
48.804	1	1918.6700	1905.2700	3	15.7
48.916	1	1919.5400	1900.3000	3	17.3
49.000	1	1894.6300	1891.7500	2	15.3
49.108	1	2162.4900	1908.8200	4	24.3
49.200	1	1911.0700	1902.6700	4	17.6
49.316	1	1909.0300	1903.0400	7	27.6
49.404	1	1945.6300	1924.0000	7	29.5
49.504	1	1916.8400	1911.3100	5	19.3
49.616	1	1919.8100	1916.2400	8	32.5
49.732	1	1953.4400	1918.5800	7	30.2
49.804	1	1901.4700	1889.8800	4	8.2
49.920	1	2028.6000	1939.4600	6	22.6
50.000	1	2220.4900	2108.2400	7	27.9
50.104	1	2053.0500	2040.9000	6	16.4
50.208	1	2342.0400	2218.8700	5	24.6
50.312	1	2304.3100	2175.5000	5	17.0
50.404	1	2522.4400	2346.5100	5	15.7
50.516	1	2511.0700	2360.2100	4	16.7
50.604	1	2374.6700	2365.1600	5	16.9
50.708	1	2366.2900	2333.2100	7	20.4
50.804	1	2509.5700	2368.1800	5	20.5
50.912	1	2388.8300	2363.7800	5	19.3
51.012	1	2522.1900	2420.5700	9	24.8
51.116	1	2358.5600	2353.8900	4	20.5
51.236	1	2375.8200	2361.9300	4	13.5
51.364	1	2368.3900	2352.6700	3	22.8
51.444	1	2415.4400	2379.7500	9	22.2
51.564	1	2389.2200	2386.2600	3	14.8
51.664	1	2404.9200	2400.0600	4	23.3
51.768	1	2369.2500	2362.4300	7	27.4
51.900	1	2351.4600	2348.9800	3	28.5
51.988	1	2528.9500	2487.5000	6	20.8
52.100	1	2336.8500	2334.1300	3	9.4
52.200	1	2351.6300	2346.8800	4	11.6
52.304	1	2362.4200	2352.6200	4	11.3
52.400	1	2440.3300	2379.0700	6	19.0
52.504	1	2353.6900	2348.8700	4	25.6
52.600	1	2361.6000	2356.0100	4	14.5
52.700	1	2367.3000	2364.1400	3	11.3
52.800	1	2359.6500	2357.9700	3	21.9
52.916	1	2426.2700	2409.9800	5	17.1
53.000	1	2379.3600	2375.9200	5	14.6
53.100	1	2393.8800	2391.2100	4	10.2
53.204	1	2373.5500	2372.0700	3	17.7
53.304	1	2381.2100	2372.2100	4	13.2
53.404	1	2529.4000	2483.6600	3	9.4
53.500	1	2441.1800	2437.3400	5	11.6
53.644	1	2455.3800	2446.7500	4	22.1
53.764	1	2436.6300	2431.4600	4	9.1
53.864	1	2560.8500	2521.3100	9	24.1
53.936	1	2479.2400	2475.3400	4	12.9
54.064	1	2472.8800	2470.9200	4	19.8
54.136	1	2446.1000	2442.9400	4	13.4
54.248	1	2568.6100	2493.6400	5	9.8
54.336	1	2489.6600	2483.1300	6	14.5
54.464	1	2494.6400	2487.9000	5	21.0
54.564	1	2487.5300	2483.3200	9	25.7
54.640	1	2698.8800	2637.2100	7	14.8
54.748	1	2526.2100	2522.0500	5	14.2
54.864	1	2537.5000	2533.1300	4	10.8
54.964	1	2538.9400	2533.0000	4	8.8
55.064	1	3181.7200	2729.9300	9	30.2
55.140	1	2567.7700	2562.0100	4	14.7
55.248	1	2564.3300	2562.5200	3	6.2
55.336	1	2566.9900	2565.4700	4	6.8
55.464	1	2716.7500	2669.1100	7	11.7
55.568	1	2590.5500	2585.9700	5	27.3
55.700	1	2604.8500	2599.7900	4	18.2
55.800	1	2608.2900	2603.2600	4	10.3
55.900	1	2870.3200	2724.1000	7	16.6
56.000	1	2632.1900	2629.5200	4	20.2
56.100	1	2648.5300	2644.5100	6	26.4
56.200	1	2655.8900	2652.8200	3	8.1
56.300	1	2788.0600	2731.9900	5	18.9
56.404	1	2701.8800	2699.3200	4	8.8
56.500	1	2689.9000	2688.4500	4	9.2
56.600	1	2704.6200	2700.5600	4	9.7
56.700	1	2857.4800	2798.1700	9	15.3
56.800	1	2763.7200	2757.8300	4	12.4
56.900	1	2773.1700	2768.9200	4	10.2
57.000	1	2792.7900	2785.5300	5	30.1
57.092	1	3097.6200	2986.3100	7	13.4
57.200	1	2802.5100	2798.0700	4	10.0
57.300	1	2776.6100	2771.6000	4	8.8
57.400	1	2770.4700	2767.7000	9	25.4
57.480	1	2867.2100	2810.3700	5	9.2
57.568	1	2775.7400	2774.0900	4	6.6
57.664	1	2741.9100	2740.1000	8	12.5
57.764	1	2743.7000	2742.1100	4	12.1
57.864	1	2940.3200	2817.7600	7	20.4
57.964	1	2795.0800	2790.3700	4	10.8
58.064	1	2776.9600	2773.2900	4	13.1
58.136	1	2915.0800	2866.0700	8	19.7
58.240	1	2775.4500	2772.6600	5	16.0
58.364	1	2770.8000	2766.1400	6	16.9
58.436	1	2720.9600	2719.0700	3	6.3
58.548	1	2830.9300	2801.3700	6	13.8
58.640	1	2728.4400	2726.5100	3	6.0
58.764	1	2736.2700	2734.3000	3	15.2
58.864	1	5047.2000	3132.2400	9	22.8
58.964	1	2711.7200	2699.0000	4	8.7
59.068	1	2849.5200	2730.4600	5	17.5
59.200	1	2668.4300	2664.6100	6	18.8
59.300	1	2702.3000	2696.9200	6	13.0
59.400	1	2734.5800	2701.1400	4	6.9
59.500	1	2657.5600	2654.1600	4	8.4
59.600	1	2666.9500	2665.2500	4	15.8
59.700	1	2813.3400	2686.2000	9	14.2
59.804	1	2854.0700	2773.0800	9	20.8
59.900	1	2623.4400	2618.4000	6	23.3
60.000	1	2593.9500	2588.8600	5	8.0
60.104	1	2573.0900	2562.6600	4	10.4
60.208	1	2567.4300	2565.4000	4	8.4
60.328	1	2575.7500	2573.2500	4	8.8
60.416	1	30380.1000	9218.6400	9	18.3
60.512	1	3945.4400	2513.7400	6	13.5
60.616	1	2628.5400	2578.5100	9	15.3
60.740	1	2523.9800	2515.4600	4	16.6
60.872	1	2713.2500	2583.8300	8	23.4
60.972	1	3279.3600	2869.1400	9	21.3
61.072	1	2615.5200	2540.0300	5	17.6
61.172	1	2468.2200	2465.0800	3	11.3
61.272	1	2582.6800	2491.8400	5	14.7
61.372	1	2813.1900	2703.8800	9	21.5
61.472	1	2721.6200	2518.5300	9	20.5
61.572	1	2644.5600	2524.6800	6	12.3
61.672	1	2486.4200	2480.4300	4	12.6
61.772	1	2458.0900	2440.4600	7	10.0
61.872	1	2561.2300	2496.7400	9	23.0
61.972	1	2742.4200	2619.8100	9	20.5
62.072	1	2698.8800	2614.6900	6	9.0
62.172	1	2596.4000	2570.2800	7	19.5
62.272	1	2656.9600	2581.4200	9	23.4
62.372	1	2736.5500	2608.5900	6	8.4
62.472	1	2728.8900	2664.9700	9	19.9
62.572	1	2707.5000	2628.2700	8	20.0
62.672	1	2722.0800	2619.8600	4	12.0
62.756	1	2817.8100	2665.1800	9	15.0
62.872	1	2663.2800	2584.1300	5	8.1
62.972	1	2764.7800	2647.5600	7	9.7
63.072	1	2751.8100	2662.9800	8	9.1
63.176	1	2898.7500	2747.2100	9	15.5
63.276	1	2644.5700	2599.4400	7	19.4
63.372	1	2897.2800	2689.0200	9	15.9
63.472	1	3251.3000	2713.9200	9	12.6
63.572	1	2844.9800	2727.6000	5	8.7
63.672	1	3190.5100	2705.2700	8	10.2
63.744	1	2895.4800	2716.9700	5	8.2
63.876	1	2669.7500	2619.6700	5	6.2
63.980	1	2651.5600	2607.3000	9	7.8
64.112	1	2809.2100	2647.3500	5	16.0
64.216	1	2683.1200	2581.3000	5	12.7
64.308	1	2542.1400	2535.8500	3	4.6
64.384	1	3330.9600	2680.5400	7	6.2
64.508	1	2724.7800	2624.5700	8	9.4
64.632	1	2836.2400	2627.1700	9	14.0
64.720	1	2632.3700	2593.6000	5	6.8
64.812	1	3015.6000	2643.3600	9	7.2
64.908	1	2756.7900	2612.0300	7	3.7
65.020	1	14070.7000	2592.5400	9	15.7
65.120	1	2914.1900	2648.7200	7	4.4
65.212	1	2845.8800	2614.7800	7	6.8
65.320	1	8502.1000	2535.7300	9	4.6
65.424	1	2748.3500	2539.1600	7	7.6
65.524	1	3488.0200	3126.2800	9	5.8
65.616	1	6238.2100	4044.9100	9	6.9
65.728	1	5329.3400	3351.0600	9	16.5
65.816	1	4172.9800	3262.2600	9	7.7
65.920	1	7339.3700	5145.8400	9	1.7
66.012	1	6199.0900	3726.0400	9	3.5
66.108	1	4022.6600	4022.6600	9	0.7
66.212	1	2878.5800	2878.5800	9	1.3
66.312	1	2966.0100	2752.4000	9	2.4
66.428	1	3539.9600	2925.4100	9	5.4
66.512	1	5299.5400	3403.7300	9	5.3
66.616	1	3446.0500	2775.3100	9	3.1
66.720	1	3457.4700	3161.7700	9	4.8
66.812	1	3356.4700	3020.6900	9	3.8
66.916	1	3681.6300	3183.8300	9	8.1
67.020	1	4082.8100	4082.8100	9	1.8
67.128	1	4052.4000	3563.6000	9	2.9
67.220	1	4068.6600	3253.9300	9	3.4
67.308	1	4269.2000	3306.9500	9	2.4
67.412	1	6232.6800	3372.9900	9	6.1
67.508	1	3333.0000	2982.5000	9	4.5
67.608	1	5015.0400	4193.2400	9	9.4
67.708	1	3803.8400	3379.0500	9	7.7
67.808	1	4303.7000	4303.7000	9	1.7
67.908	1	4193.3300	3468.7500	9	3.8
68.008	1	3699.2100	3082.9500	9	7.7
68.108	1	3380.7400	3009.4400	9	8.0
68.208	1	3908.1500	3227.0600	9	5.5
68.312	1	3585.5900	3297.0000	9	10.2
68.384	1	3715.5000	3151.7600	9	3.4
68.512	1	3716.2700	2833.2900	9	3.5
68.640	1	3450.4100	2770.0100	6	9.4
68.772	1	3145.3300	2805.1300	5	7.6
68.872	1	3412.4800	2742.6400	4	4.8
68.972	1	2948.5500	2919.5600	9	12.6
69.044	1	3074.7900	3038.1700	8	5.8
69.176	1	8680.7100	4882.8700	9	7.0
69.280	1	3299.8000	2560.3300	9	5.6
69.376	1	3086.9400	2870.8900	9	10.2
69.508	1	25231.7000	4253.3900	9	12.1
69.612	1	3371.2800	2663.9700	9	12.3
69.712	1	2622.0100	2593.4800	5	5.7
69.812	1	2791.2700	2539.9700	9	3.3
69.908	1	2376.6600	2367.0100	4	6.8
70.008	1	7314.2900	2872.1800	9	5.4
70.108	1	2648.0400	2591.8900	9	4.9
70.208	1	3920.5200	3258.5900	9	5.6
70.308	1	4738.2700	3064.6800	9	5.6
70.412	1	5669.3600	2874.6400	9	6.5
70.508	1	2700.3300	2592.7400	9	7.3
70.608	1	2779.6000	2539.0700	8	4.6
70.708	1	2852.4400	2537.0400	9	3.1
70.808	1	2864.9000	2535.1100	9	7.1
70.908	1	3354.2800	2495.4400	9	11.6
71.008	1	3210.1000	2518.3900	9	16.4
71.108	1	3933.8900	2592.2300	9	11.8
71.208	1	5851.3900	2625.7100	9	15.5
71.308	1	3378.8400	2608.5000	9	12.6
71.440	1	3678.6800	2578.9300	9	12.5
71.572	1	3464.8000	2697.3200	7	10.7
71.644	1	4312.5100	2737.9000	9	11.9
71.772	1	3390.0000	2886.1200	9	11.0
71.872	1	3810.3500	2693.9200	9	7.5
71.972	1	4111.6100	2890.7100	9	13.7
72.072	1	5017.6600	2986.6600	9	5.6
72.172	1	3238.3600	2897.8300	9	13.5
72.272	1	3418.3200	2867.2900	9	10.2
72.372	1	4823.3200	3304.9900	9	9.3
72.472	1	4590.8500	3234.9100	9	12.6
72.572	1	4383.0200	3353.3500	9	5.7
72.672	1	3046.3400	2893.5900	9	7.3
72.772	1	3160.4000	3053.3700	9	9.3
72.872	1	3868.6500	3439.5700	9	4.0
72.972	1	3727.6600	3315.1000	9	6.2
73.072	1	4029.1500	4029.1500	9	2.6
73.144	1	2820.0600	2581.5800	9	3.4
73.272	1	2820.3100	2627.2600	5	6.4
73.372	1	3054.9600	2849.3700	9	7.0
73.472	1	2509.0300	2479.8000	4	4.9
73.572	1	2970.8000	2868.6300	9	12.3
73.644	1	3600.5200	2679.6300	9	7.7
73.772	1	2711.6600	2672.4800	6	4.0
73.844	1	2745.3200	2580.6600	7	4.8
73.944	1	7396.3600	4517.1900	9	12.2
74.072	1	3116.9600	2498.9600	6	8.1
74.172	1	2651.3400	2543.5900	7	20.9
74.272	1	2702.0400	2602.1700	9	21.8
74.372	1	3193.4400	2702.7300	9	28.0
74.472	1	2696.8900	2568.3200	9	17.0
74.572	1	2764.5600	2520.8200	9	20.0
74.672	1	2842.4200	2568.2400	9	12.7
74.776	1	3785.7700	2913.8900	9	19.8
74.908	1	5587.6900	3682.9200	9	17.3
75.008	1	8532.1400	3138.0600	9	9.2
75.112	1	19877.5000	5152.7500	9	8.8
75.208	1	4692.2000	3079.9200	9	5.4
75.308	1	2349.0300	2321.8900	4	1.6
75.408	1	2765.1900	2595.2500	9	1.8
75.508	1	3654.7400	2580.5400	9	5.4
75.608	1	11745.8000	3968.2400	9	5.7
75.708	1	5434.1400	2683.0800	9	3.9
75.808	1	4059.8600	2613.2300	9	4.7
75.908	1	4468.8200	2827.2800	9	8.7
76.040	1	3492.7800	2583.4500	9	3.7
76.176	1	4181.4600	2850.7700	9	2.2
76.308	1	3542.4000	2602.5200	9	1.3
76.408	1	3732.4900	2459.0600	9	5.2
76.508	1	3248.3100	2367.5700	9	3.5
76.608	1	2390.8300	2349.5600	9	3.7
76.708	1	3508.9100	2318.0900	9	7.9
76.812	1	4231.6700	2428.9600	9	6.1
76.908	1	4197.5200	2423.1500	9	6.1
77.016	1	2971.7800	2403.4500	9	2.9
77.108	1	2736.2700	2373.1800	9	7.1
77.208	1	3608.5900	2386.8100	9	4.5
77.340	1	3467.9200	2536.7400	9	7.9
77.412	1	3333.5300	2412.2100	9	12.6
77.508	1	2432.6800	2363.4300	9	8.8
77.612	1	2433.3100	2333.7000	9	7.8
77.684	1	2680.5100	2438.8600	9	5.1
77.808	1	2564.6600	2448.2100	9	9.2
77.908	1	2674.6300	2674.6300	9	5.8
78.008	1	2797.3300	2399.5700	9	6.2
78.108	1	2809.6000	2447.0200	9	8.0
78.212	1	3217.2500	2561.0300	9	10.8
78.344	1	2533.3300	2422.0700	9	12.3
78.472	1	2509.1400	2466.6800	9	7.7
78.572	1	2609.4300	2503.1900	9	13.4
78.672	1	2508.0100	2402.9400	9	9.0
78.772	1	2632.1900	2552.3000	9	4.5
78.872	1	2796.3400	2587.1100	9	6.8
78.972	1	3227.6000	2628.3400	9	10.8
79.072	1	2868.8300	2593.5900	9	11.8
79.172	1	2685.2000	2581.2900	9	9.1
79.272	1	2712.8500	2629.9100	9	8.9
79.372	1	2576.3400	2493.4100	9	9.2
79.472	1	2700.9600	2587.3600	9	8.0
79.572	1	2700.6100	2590.2600	9	6.4
79.644	1	2825.1600	2662.4700	9	7.0
79.772	1	2668.3800	2538.1300	9	7.1
79.848	1	2663.3100	2586.8300	9	3.5
79.972	1	2815.1800	2662.0500	9	7.7
80.072	1	3030.4900	2768.6700	9	11.1
80.172	1	2688.8900	2564.1600	9	5.9
80.272	1	2763.0800	2638.5500	9	8.8
80.376	1	2945.7200	2734.9200	9	4.7
80.472	1	2951.4000	2593.5900	9	2.5
80.572	1	2537.9600	2447.6000	9	2.1
80.672	1	3011.5500	2748.1700	9	4.3
80.772	1	2574.8500	2484.3600	9	2.4
80.872	1	2827.3800	2649.3300	9	2.4
80.972	1	2625.3700	2500.7100	9	6.2
81.072	1	2572.8100	2516.5400	9	7.3
81.172	1	2822.3600	2737.7100	8	10.6
81.276	1	3762.9800	3303.1300	9	5.8
81.408	1	4020.5900	3018.9400	9	7.8
81.540	1	5247.1500	2635.7800	9	7.7
81.672	1	3503.6700	2656.7200	9	12.8
81.772	1	3860.3300	2879.6200	9	8.0
81.844	1	8284.8600	2684.5500	9	4.2
81.972	1	2563.3300	2287.3100	7	7.3
82.072	1	3113.2100	2451.4100	8	5.5
82.172	1	2999.5500	2764.9400	9	10.9
82.276	1	2469.8000	2435.8500	5	7.6
82.408	1	2942.0100	2645.4800	9	13.1
82.508	1	2583.6900	2467.2100	9	18.8
82.608	1	2869.0500	2647.6200	9	10.1
82.708	1	2683.9200	2470.9300	9	24.1
82.784	1	2365.6200	2347.4400	3	3.0
82.908	1	2398.9400	2360.9000	6	21.3
83.044	1	2369.7600	2361.8000	4	13.5
83.172	1	2940.0800	2688.4600	9	23.4
83.244	1	2376.7800	2366.6900	5	12.5
83.344	1	2939.1800	2623.0300	9	5.8
83.472	1	2394.3300	2367.8800	9	28.9
83.572	1	2381.9300	2374.9500	5	11.6
83.672	1	2449.4000	2414.3700	5	9.9
83.772	1	2743.9700	2579.0500	9	25.7
83.872	1	2378.0500	2373.9200	7	15.1
83.944	1	2344.0900	2341.6300	4	14.5
84.072	1	2525.8900	2335.5000	6	9.0
84.176	1	3174.8800	2617.9900	9	22.7
84.308	1	2340.4400	2326.6900	4	15.8
84.408	1	2398.5200	2348.9700	8	13.3
84.508	1	2246.4700	2242.3100	4	8.0
84.608	1	2379.7100	2350.3000	9	12.1
84.708	1	2568.3300	2493.8700	6	12.3
84.780	1	2379.1600	2313.8600	9	22.0
84.908	1	2502.5600	2410.1500	8	13.5
85.012	1	4506.5900	2848.2000	9	14.6
85.140	1	2828.9100	2385.5600	8	23.0
85.212	1	3119.2800	2445.0900	9	9.9
85.308	1	2765.7700	2531.5900	9	9.0
85.408	1	2675.7500	2646.0700	8	14.9
85.512	1	2598.0100	2523.7900	9	14.2
85.608	1	3392.6800	2440.4600	9	17.0
85.712	1	3670.8700	2735.7600	6	24.6
85.808	1	2629.3500	2466.5700	9	12.7
85.912	1	2501.1500	2450.3100	7	14.1
86.012	1	2510.3900	2421.1200	6	11.4
86.108	1	2507.3300	2456.3200	7	14.8
86.208	1	2754.1400	2515.5700	9	11.0
86.308	1	2993.5200	2609.9200	8	24.0
86.408	1	3436.9500	2551.5400	9	16.6
86.540	1	3063.4700	2551.2800	7	13.1
86.672	1	4352.1300	2560.8700	9	18.9
86.772	1	3261.3300	2596.7900	7	24.7
86.844	1	3010.2500	2561.8600	5	7.1
86.976	1	3683.4200	2644.0500	9	23.0
87.112	1	3069.9400	2485.1400	8	22.8
87.240	1	2961.9500	2505.1300	6	6.7
87.340	1	2804.6900	2543.2600	6	16.3
87.444	1	2492.9600	2484.0800	4	8.1
87.572	1	2520.6500	2502.4900	4	8.4
87.672	1	2793.1200	2551.6500	9	11.3
87.772	1	2938.7900	2629.7000	9	15.5
87.872	1	2483.0700	2470.9000	6	9.3
87.972	1	2467.0900	2461.7000	5	12.0
88.072	1	2471.6000	2457.3300	5	10.2
88.172	1	3085.0000	2493.8500	9	9.3
88.272	1	2593.4800	2473.3600	9	21.0
88.344	1	3414.9800	2494.1800	9	10.0
88.472	1	2465.4900	2407.8600	8	7.5
88.572	1	2457.6200	2411.1200	7	11.2
88.672	1	2961.9400	2476.5400	9	18.1
88.744	1	3241.9800	2509.6700	8	10.5
88.872	1	2577.0300	2496.3300	8	19.9
88.972	1	11299.3000	4302.8800	9	6.8
89.072	1	4812.2100	3777.5600	9	2.6
89.172	1	7997.5900	2546.3600	9	8.2
89.272	1	2520.1700	2481.4200	6	7.0
89.372	1	2571.5700	2486.2900	5	9.7
89.472	1	2619.1600	2492.7300	9	14.1
89.572	1	2742.4700	2581.8400	9	7.9
89.676	1	16223.5000	6725.8900	9	4.6
89.808	1	8784.3900	4167.3500	9	8.2
89.912	1	7152.2300	3553.1000	9	4.1
90.008	1	2905.3500	2576.7800	9	1.8
90.108	1	2420.1000	2382.4800	9	7.1
90.208	1	9012.2200	2473.2600	9	8.4
90.308	1	3011.8300	2442.0600	9	2.2
90.408	1	2842.1300	2451.9300	9	8.2
90.508	1	4406.0500	2411.7000	9	7.5
90.612	1	2347.9600	2325.8500	7	5.2
90.740	1	2472.3700	2375.8200	9	3.0
90.876	1	2546.8000	2369.6000	9	8.4
91.008	1	2393.9100	2374.5100	9	2.3
91.112	1	2495.1800	2411.3100	9	7.9
91.208	1	3246.0900	2415.1900	9	5.6
91.312	1	2631.4800	2414.5100	8	3.5
91.408	1	2427.0300	2405.8300	9	7.1
91.540	1	2479.3400	2410.7700	9	3.7
91.672	1	2618.2100	2427.5800	9	15.4
91.772	1	2503.4400	2433.7600	9	6.9
91.872	1	3038.6700	2458.8300	8	7.1
91.972	1	2702.7900	2443.4000	8	7.1
92.076	1	2649.1800	2471.1700	7	7.6
92.212	1	2801.7100	2495.1200	9	6.1
92.308	1	2492.2400	2465.0400	9	6.3
92.412	1	2533.9000	2480.7800	9	8.1
92.508	1	3058.4600	2468.5800	9	5.5
92.612	1	2936.5700	2483.7800	8	6.1
92.708	1	2659.0100	2453.9100	7	6.0
92.812	1	2517.8600	2439.7700	5	3.5
92.908	1	2979.7600	2479.2900	9	5.5
93.008	1	2537.4700	2470.2300	5	5.3
93.108	1	2841.3800	2476.7000	9	7.0
93.208	1	2492.6300	2473.4200	6	11.0
93.308	1	2531.3900	2479.8700	8	6.5
93.408	1	3466.5300	2496.3000	7	8.3
93.508	1	4018.3300	2535.4200	8	9.6
93.608	1	2530.8400	2496.4000	7	9.4
93.708	1	2835.5100	2545.7800	8	13.4
93.808	1	2547.2300	2523.2800	5	4.0
93.908	1	2666.6200	2533.4900	7	12.3
94.008	1	3181.7700	2544.5300	8	8.5
94.108	1	2818.0200	2552.8300	5	9.6
94.208	1	2666.2400	2551.6500	6	3.9
94.308	1	2532.8000	2492.6500	5	5.3
94.408	1	2582.1500	2514.4400	5	4.2
94.508	1	2571.3000	2494.2600	7	4.0
94.608	1	2619.0800	2527.8300	9	3.8
94.708	1	2626.6400	2515.0900	9	4.3
94.808	1	2674.5500	2475.2100	7	6.9
94.908	1	2449.8800	2439.9000	6	5.2
95.008	1	2453.2300	2440.3600	5	6.9
95.108	1	2545.6600	2472.4400	9	6.0
95.208	1	3682.6100	2456.2800	7	5.7
95.308	1	2549.9200	2455.3200	6	2.2
95.412	1	2843.7500	2479.3200	8	2.9
95.508	1	2608.6100	2461.1900	6	2.7
95.608	1	2473.3400	2453.8700	7	7.8
95.712	1	2565.2900	2491.7500	8	9.8
95.808	1	2532.3700	2469.9300	6	5.3
95.912	1	2569.4200	2479.9600	6	3.7
96.008	1	2558.4600	2491.0900	9	8.1
96.108	1	2539.1500	2508.8500	8	11.2
96.208	1	2578.8000	2527.8000	5	2.7
96.308	1	2824.3400	2550.2600	9	11.1
96.440	1	2603.6100	2559.9800	7	6.6
96.576	1	2564.5000	2546.6100	5	7.3
96.708	1	2597.2800	2559.3700	8	6.8
96.812	1	2669.2600	2607.8400	5	4.1
96.908	1	2739.6900	2592.1100	6	6.7
97.040	1	2645.2300	2600.6800	5	9.1
97.144	1	2637.1000	2604.5400	6	3.8
97.240	1	2836.0200	2678.6500	5	8.9
97.372	1	2683.2800	2646.7200	6	10.9
97.476	1	2681.9600	2622.9800	6	4.3
97.608	1	2803.5400	2683.3800	8	12.4
97.708	1	2733.6000	2658.9800	7	8.8
97.808	1	2652.0200	2627.4600	7	8.4
97.940	1	2849.1600	2662.7500	9	13.5
98.040	1	2670.4100	2630.4900	7	13.0
98.172	1	2644.1500	2624.7800	6	10.7
98.244	1	2723.6700	2649.4500	5	10.7
98.372	1	2768.8400	2679.3700	6	12.7
98.472	1	2720.1100	2638.1100	6	10.1
98.572	1	2653.0000	2627.9300	5	6.4
98.672	1	2665.3000	2626.7500	7	15.1
98.776	1	2640.0700	2594.3900	4	7.3
98.880	1	2662.9800	2602.4600	5	3.2
99.008	1	2588.7700	2571.1100	5	4.9
99.108	1	2783.2800	2587.1300	9	6.9
99.212	1	2648.4000	2558.7400	5	2.3
99.308	1	2563.4000	2544.6200	3	2.1
99.408	1	2588.9700	2547.1500	4	6.6
99.508	1	2575.9400	2515.6500	5	3.6
99.608	1	2577.4800	2514.5500	5	1.6
99.708	1	2473.9100	2473.5900	2	2.9
99.808	1	2480.1700	2468.7200	6	2.3
99.908	1	2537.7300	2478.9100	6	4.0
100.008	1	2480.6800	2468.2500	5	6.1
100.108	1	2549.3100	2475.2300	5	1.7
100.208	1	2538.8600	2476.6300	5	4.9
100.308	1	2451.3500	2451.2000	2	1.8
100.408	1	2673.4900	2500.1400	5	3.1
100.508	1	2535.2500	2473.4500	4	2.0
100.608	1	2451.5000	2451.2000	2	1.1
100.708	1	2495.3400	2459.1500	4	2.4
100.808	1	2532.2500	2491.0100	5	5.0
100.908	1	2522.4100	2467.8600	8	8.4
101.040	1	2478.6400	2457.5600	5	9.1
101.144	1	2451.3400	2451.2000	2	1.2
101.276	1	2509.2300	2464.1100	4	3.2
101.408	1	2493.9700	2458.8500	4	2.5
101.508	1	2542.6100	2467.9200	5	2.0
101.608	1	2482.2400	2464.5200	3	3.1
101.708	1	2458.5400	2452.6600	4	1.9
101.812	1	2479.5000	2458.0600	4	1.7
101.908	1	2579.1400	2484.2500	5	4.3
102.008	1	2639.7500	2493.6400	6	4.9
102.108	1	2499.6700	2467.6300	8	10.0
102.212	1	2543.4900	2474.6400	5	3.5
102.308	1	2510.7400	2474.0300	4	1.2
102.408	1	2530.0800	2486.6400	6	3.1
102.508	1	2494.9300	2480.1400	4	5.1
102.608	1	2494.0700	2481.8200	4	1.9
102.712	1	2543.8200	2498.3000	5	5.9
102.808	1	2503.2300	2486.2800	5	4.1
102.908	1	2532.6200	2498.8400	5	1.5
103.008	1	2520.2200	2507.8800	5	4.3
103.108	1	2531.8300	2506.5900	5	8.3
103.208	1	2594.1700	2552.1200	9	8.1
103.312	1	2582.3400	2562.1100	4	3.4
103.412	1	2641.9700	2580.3000	5	6.2
103.508	1	2591.5600	2573.6800	4	6.0
103.608	1	2572.3100	2563.6200	9	8.9
103.712	1	2607.8300	2577.8000	9	5.1
103.812	1	2591.9400	2582.7500	6	8.8
103.908	1	2595.7800	2555.3500	5	7.4
104.008	1	2621.6000	2549.4900	4	3.8
104.108	1	2566.0800	2537.3300	5	4.9
104.212	1	2553.5000	2532.0100	4	4.3
104.308	1	2567.0900	2522.8800	5	2.3
104.412	1	2532.6500	2517.6900	4	3.4
104.540	1	2581.0300	2537.2400	5	7.7
104.612	1	2569.6900	2521.6600	6	3.8
104.708	1	2573.9900	2531.0900	6	4.3
104.808	1	2510.0100	2500.5900	3	4.2
104.908	1	2500.4400	2497.4600	3	1.5
105.008	1	2540.4800	2501.1600	5	5.0
105.108	1	2603.1200	2520.8100	5	2.1
105.240	1	2579.9900	2515.6600	6	5.5
105.348	1	2535.0900	2512.0800	4	1.5
105.444	1	2522.2400	2498.5400	3	2.4
105.544	1	2485.3800	2485.3000	2	2.9
105.672	1	2508.3200	2481.6100	4	7.7
105.772	1	2512.3700	2491.0300	5	4.8
105.876	1	2490.4100	2487.7600	4	3.4
106.008	1	2528.2100	2498.5400	4	3.4
106.140	1	2527.4400	2493.5400	4	3.2
106.272	1	2547.3100	2500.3300	4	2.2
106.372	1	2521.8300	2491.8500	5	4.1
106.472	1	2496.6700	2486.5800	4	2.5
106.572	1	2524.0900	2490.9100	4	3.4
106.672	1	2526.2300	2497.3000	5	6.6
106.772	1	2509.9400	2497.8300	3	3.4
106.844	1	2514.9600	2489.1600	3	0.9
106.972	1	2502.8700	2484.9200	4	6.2
107.072	1	2574.9000	2509.8900	7	10.0
107.172	1	2469.7100	2469.4000	2	2.7
107.272	1	2504.1300	2474.7000	5	2.6
107.372	1	2578.8500	2485.4700	6	7.4
107.476	1	2487.4900	2480.1300	3	1.7
107.608	1	2510.2400	2488.8400	3	3.0
107.708	1	2591.7500	2486.3300	4	3.2
107.812	1	2568.0500	2486.5800	4	4.0
107.908	1	2594.8400	2491.3200	4	5.4
108.008	1	2469.5200	2469.4000	2	1.1
108.108	1	2574.4200	2481.9400	4	3.2
108.208	1	2511.2700	2474.7100	3	1.2
108.312	1	2505.5700	2479.1900	5	2.7
108.408	1	2979.5100	2631.4200	5	6.9
108.508	1	2498.2400	2476.7500	4	3.0
108.608	1	2486.2400	2476.9700	3	2.1
108.708	1	2479.2400	2478.8300	4	2.5
108.808	1	2518.3600	2482.8500	5	2.8
108.908	1	2515.2600	2489.7100	5	2.9
109.008	1	2517.8100	2499.2300	7	8.7
109.112	1	2626.2700	2525.3900	7	5.5
109.208	1	2603.6000	2534.1100	6	7.2
109.312	1	2596.5000	2544.1100	6	5.0
109.440	1	2658.1900	2540.0700	6	3.2
109.572	1	2536.9800	2502.9900	4	3.4
109.672	1	2498.0500	2498.0400	2	1.3
109.772	1	2512.8100	2496.1400	5	3.9
109.872	1	2627.9100	2502.9600	6	8.1
109.972	1	2584.8000	2508.6200	4	4.1
110.072	1	2541.7000	2515.2900	4	3.7
110.172	1	2572.6900	2530.8000	4	3.6
110.272	1	2540.5200	2518.2400	3	1.8
110.344	1	2623.6600	2555.2300	4	4.5
110.472	1	2536.3600	2512.8600	4	2.8
110.544	1	2498.4800	2498.4400	2	1.4
110.680	1	2798.4900	2578.1200	5	5.1
110.812	1	2562.7400	2520.1500	4	3.8
110.908	1	2656.0400	2533.6900	5	1.8
111.008	1	2580.4000	2495.7000	5	3.5
111.108	1	2528.4400	2490.6300	5	3.9
111.208	1	2586.3100	2524.8700	6	3.1
111.308	1	2552.5800	2507.5200	4	2.3
111.380	1	2676.8600	2564.1800	6	2.8
111.508	1	2621.5900	2516.1500	5	3.9
111.608	1	2500.0700	2500.0300	2	1.7
111.708	1	2553.5000	2521.6500	6	5.6
111.808	1	2633.3100	2531.5800	6	3.0
111.908	1	2586.4100	2516.7100	4	5.1
112.008	1	2561.0200	2510.9600	4	1.8
112.108	1	2586.2000	2541.6500	8	7.4
112.208	1	2689.5500	2618.6600	9	7.5
112.308	1	3074.8300	2659.8100	6	1.9
112.408	1	2580.3400	2534.3300	4	2.5
112.508	1	2739.2400	2590.4800	5	4.3
112.612	1	2890.6700	2533.1300	4	5.4
112.740	1	2520.7000	2494.2000	4	1.8
112.872	1	2521.9700	2488.4000	3	3.4
112.972	1	3549.0700	2666.9700	9	10.3
113.072	1	2535.2400	2509.3900	3	1.4
113.172	1	2536.7400	2516.7600	5	6.4
113.272	1	2488.2700	2488.2100	2	1.6
113.372	1	3223.2500	2736.4500	9	3.8
113.476	1	2861.1700	2640.0100	5	6.6
113.576	1	2608.8900	2593.0900	5	5.5
113.708	1	2632.2800	2579.7300	6	4.5
113.812	1	2669.0700	2593.5200	6	4.4
113.908	1	2742.3400	2696.0100	5	6.5
114.008	1	2662.8800	2623.8400	9	4.9
114.108	1	2662.5600	2594.4700	6	3.8
114.208	1	2653.1000	2615.2400	9	9.0
114.308	1	2782.5500	2716.7200	9	8.9
114.440	1	2699.5200	2677.7900	9	7.9
114.572	1	2722.2300	2693.2300	9	16.1
114.672	1	2715.5500	2696.0000	9	10.9
114.772	1	2683.8400	2656.0400	9	8.0
114.872	1	2731.5600	2676.6500	7	6.5
114.972	1	2798.3500	2741.8400	7	7.4
115.076	1	2766.0900	2713.4100	9	9.8
115.208	1	2818.4700	2728.7600	9	8.7
115.308	1	2750.3900	2699.0100	9	7.0
115.408	1	2715.0000	2670.5300	9	4.2
115.508	1	2679.5500	2668.0600	9	11.8
115.608	1	2661.2000	2619.0000	9	5.5
115.708	1	2613.5000	2605.7700	9	11.7
115.808	1	2635.3700	2589.5100	9	7.1
115.908	1	2680.3300	2563.0300	9	9.1
116.008	1	2609.5800	2562.0100	9	7.1
116.108	1	2744.7600	2581.8300	9	6.2
116.208	1	2582.6400	2559.3900	9	8.3
116.308	1	2715.7600	2576.7100	9	8.0
116.440	1	2550.3900	2549.2000	9	5.6
116.544	1	2549.8100	2548.7200	9	2.8
116.672	1	2788.1700	2552.4100	9	6.7
116.776	1	2839.4000	2572.6200	9	10.8
116.908	1	2576.3100	2575.0900	9	3.5
117.008	1	2581.5900	2580.1200	9	3.9
117.108	1	2618.1700	2569.9200	9	8.7
117.240	1	2640.7700	2565.9100	9	4.3
117.376	1	2625.0700	2566.3700	9	6.8
117.508	1	2626.3100	2576.2200	9	6.3
117.608	1	2560.7700	2560.5200	9	6.1
117.712	1	2721.6500	2556.8400	9	3.3
117.840	1	2749.3000	2568.1200	9	2.6
117.944	1	2643.7100	2569.2900	9	10.9
118.072	1	2799.7700	2599.5300	9	9.0
118.172	1	2580.9500	2571.3800	9	5.7
118.272	1	2574.9900	2574.8600	9	5.7
118.372	1	2619.5000	2573.7500	9	8.5
118.472	1	2726.9000	2595.1000	9	9.7
118.572	1	2787.0200	2624.2200	9	7.0
118.644	1	2578.3000	2576.3000	9	8.3
118.748	1	2766.2100	2583.5200	9	4.2
118.872	1	2620.6500	2586.1300	9	6.4
118.972	1	2672.7900	2583.6100	9	6.7
119.072	1	2583.6800	2582.7000	6	2.8
119.144	1	2799.2900	2667.6600	9	7.1
119.276	1	2701.2200	2618.8700	8	6.3
119.408	1	2685.7600	2615.5800	5	6.1
119.508	1	2660.6300	2599.7700	4	5.6
119.608	1	2810.8400	2579.8700	4	4.7
119.708	1	2863.5600	2599.7900	5	4.8
119.840	1	2599.2700	2546.6600	4	1.8
119.972	1	2544.1000	2538.7000	5	5.2
120.072	1	2663.6900	2560.4900	6	6.1
120.176	1	2538.5600	2538.4400	3	2.8
120.308	1	2688.0900	2553.8800	9	7.8
120.408	1	2737.6200	2566.4800	9	8.4
120.508	1	2671.3600	2565.1800	4	2.9
120.608	1	2608.3300	2562.4800	4	5.4
120.708	1	2619.1300	2566.6400	4	1.9
120.808	1	2675.7400	2585.2600	5	4.3
120.908	1	2572.1400	2572.1000	2	1.3
121.008	1	2571.8200	2571.7900	2	2.2
121.108	1	2581.4600	2580.7200	2	1.6
121.208	1	2574.5800	2573.8900	3	1.9
121.312	1	2586.9500	2571.9700	5	2.8
121.408	1	2796.1600	2606.4800	5	4.2
121.512	1	2669.0900	2622.4600	5	3.9
121.608	1	2703.5000	2623.6600	4	4.7
121.708	1	2658.3700	2623.2800	4	3.3
121.808	1	2722.3100	2633.3800	4	6.4
121.912	1	2717.4200	2611.2900	8	12.5
122.040	1	2615.4300	2615.0500	4	2.8
122.172	1	3450.3100	3450.3100	9	2.1
122.272	1	2829.2900	2737.8000	6	5.7
122.344	1	3150.7000	2837.7000	6	3.3
122.476	1	2908.9200	2644.2200	5	8.6
122.608	1	2755.7900	2695.7500	7	5.9
122.712	1	2755.9500	2673.7600	9	3.8
122.808	1	3129.4800	2727.8300	4	4.0
122.908	1	2682.6200	2585.3900	4	2.2
123.040	1	2724.8200	2579.0800	5	2.0
123.148	1	2745.0000	2597.8900	3	1.4
123.272	1	2624.5500	2569.8700	4	5.0
123.348	1	3011.9500	2601.4300	5	2.9
123.472	1	2562.7900	2562.6000	2	2.4
123.572	1	2746.0100	2569.5100	4	3.0
123.644	1	2760.2000	2576.1300	4	4.2
123.772	1	2704.1100	2591.3400	5	3.2
123.872	1	2671.3300	2578.3000	5	7.9
123.976	1	2737.5500	2579.4100	5	5.9
124.112	1	2637.7300	2576.4200	3	1.5
124.208	1	2632.2100	2571.4600	5	4.5
124.308	1	2620.4100	2574.1700	3	3.7
124.408	1	2642.2900	2578.6600	3	2.6
124.508	1	2676.8700	2593.8600	3	5.1
124.608	1	2570.6400	2570.2400	2	0.9
124.740	1	2606.9800	2574.5400	3	1.6
124.872	1	2600.2900	2580.0800	3	2.0
124.972	1	2887.6700	2596.2700	4	4.8
125.072	1	2831.7900	2598.4200	4	2.2
125.172	1	2589.4200	2588.3600	3	2.0
125.272	1	3068.7900	2613.8100	5	4.2
125.372	1	2901.5000	2624.0500	5	4.2
125.472	1	2712.6100	2620.2700	4	2.6
125.572	1	2824.9200	2622.5400	4	5.1
125.672	1	2643.3600	2635.0500	3	2.3
125.772	1	2882.4800	2688.3600	8	8.8
125.872	1	2878.9400	2747.2800	8	14.0
125.972	1	3127.8300	2838.4600	5	4.5
126.076	1	3207.8400	2906.4400	6	9.4
126.172	1	3125.9500	2791.4200	7	6.3
126.272	1	2798.1200	2743.3200	8	8.6
126.344	1	4045.0400	3363.8100	9	4.6
126.472	1	4242.3000	4242.3000	9	1.3
126.572	1	2784.2300	2714.3000	5	5.0
126.676	1	3134.7900	3134.7900	9	1.5
126.808	1	2907.6100	2655.4400	4	2.6
126.908	1	2984.2800	2849.0600	6	8.6
127.040	1	5323.1100	5323.1100	9	1.8
127.140	1	3778.6000	3778.6000	9	3.0
127.276	1	5247.0200	2687.7700	9	8.0
127.408	1	6180.4400	2815.0000	9	9.8
127.512	1	4459.2400	2642.4500	9	4.1
127.612	1	8236.7600	3022.5700	9	8.2
127.708	1	8431.8900	3055.0900	9	8.3
127.808	1	6557.6400	3025.7900	9	10.2
127.940	1	5053.8700	2851.0800	9	7.6
128.072	1	12322.0000	3156.1700	9	3.4
128.176	1	8766.3100	2930.4700	9	10.4
128.308	1	15024.2000	3259.0500	9	13.3
128.408	1	5834.8900	2715.9200	9	4.8
128.508	1	17600.7000	3399.4000	9	5.5
128.608	1	6355.4900	2782.4500	9	6.3
128.708	1	8176.1800	2862.9700	9	7.9
128.840	1	8596.5100	2942.4300	9	5.7
128.976	1	15570.8000	3334.6000	9	7.9
129.076	1	5532.4300	2753.7800	7	2.9
129.208	1	5875.1600	2694.2900	9	4.9
129.312	1	7189.1800	2827.0900	9	3.3
129.408	1	7934.9900	2896.6600	9	3.0
129.508	1	2826.9100	2575.5600	4	5.0
129.640	1	3913.1400	2619.5200	9	6.3
129.772	1	2736.1200	2580.5200	4	2.2
129.872	1	2654.9000	2565.9100	3	1.9
129.972	1	2722.9600	2559.0000	4	1.9
130.076	1	2553.3700	2553.3200	2	2.5
130.208	1	2879.8500	2575.5200	4	4.8
130.308	1	2977.0000	2574.2700	5	2.9
130.412	1	2622.6100	2555.1200	3	1.5
130.508	1	2723.5000	2571.2500	5	5.5
130.608	1	2553.4000	2553.3200	2	1.8
130.708	1	2636.2300	2558.1000	4	1.1
130.808	1	2631.3700	2556.0200	3	1.9
130.908	1	2791.2400	2568.5100	3	2.3
131.012	1	2553.3600	2553.3200	2	2.5
131.108	1	2599.1200	2556.2900	3	2.6
131.208	1	3186.9200	2644.7100	4	4.0
131.308	1	2828.7100	2581.3900	4	3.9
131.412	1	2614.8800	2560.3200	3	2.9
131.508	1	2556.3200	2556.2900	2	1.3
131.608	1	2733.5400	2573.8400	4	3.5
131.740	1	2633.7400	2563.5100	4	2.0
131.844	1	3476.2500	2575.2700	6	5.7
131.948	1	2631.1000	2564.6200	3	1.3
132.076	1	2768.7000	2562.1900	4	3.8
132.208	1	2558.3100	2558.3000	2	3.2
132.308	1	2558.3000	2558.2900	2	1.3
132.412	1	2558.3000	2558.2900	2	2.7
132.508	1	2728.0500	2575.2100	3	2.2
132.608	1	2623.4000	2560.1600	3	1.4
132.708	1	2555.9000	2555.8900	2	0.9
132.840	1	2751.1600	2564.6500	4	4.6
132.944	1	2592.7900	2555.1700	3	1.6
133.048	1	2556.0400	2555.6200	3	0.8
133.172	1	2608.5300	2558.0200	5	4.2
133.272	1	2617.5000	2564.2800	3	3.3
133.372	1	2754.4300	2571.8900	4	3.4
133.472	1	2560.9600	2560.8200	2	2.9
133.544	1	2611.0600	2563.0700	4	3.4
133.644	1	2865.3100	2584.2700	5	1.5
133.776	1	2680.1300	2586.2700	3	1.7
133.912	1	2635.7200	2575.0100	4	2.9
134.040	1	2663.4200	2574.5500	4	5.0
134.140	1	2835.4000	2582.1500	4	7.9
134.272	1	2576.1200	2575.9100	3	2.6
134.372	1	2777.8800	2577.6800	5	3.1
134.472	1	2680.8500	2580.5200	3	2.1
134.572	1	2999.2700	2596.8000	5	3.9
134.672	1	2773.1900	2613.5000	4	2.7
134.772	1	2896.3200	2628.3500	4	3.4
134.872	1	2687.4000	2620.2900	4	5.8
134.944	1	3064.5900	2655.1200	4	4.4
135.048	1	3002.6200	2644.9800	4	1.5
135.144	1	3347.9600	2602.4200	4	2.0
135.244	1	2659.2600	2594.2200	3	2.8
135.372	1	2592.9900	2589.7900	5	6.7
135.476	1	3039.2700	2616.5700	4	4.3
135.608	1	2705.4900	2582.4300	4	2.2
135.708	1	2685.9300	2567.5600	4	3.1
135.812	1	2753.6900	2570.4200	5	3.0
135.908	1	2563.4800	2563.4600	2	2.9
136.008	1	2732.2800	2564.5900	4	2.0
136.108	1	2775.0800	2567.6100	4	2.4
136.208	1	2559.8000	2559.7200	2	1.0
136.308	1	2690.3000	2567.3500	9	5.7
136.408	1	2660.5300	2570.7100	3	1.7
136.512	1	2664.8000	2570.8500	5	2.5
136.608	1	2567.3600	2567.3500	2	2.5
136.708	1	2816.1100	2581.7800	4	1.4
136.808	1	2806.3500	2582.5900	4	1.8
136.940	1	2680.9500	2585.0300	4	2.6
137.072	1	2712.8300	2597.3300	5	3.9
137.172	1	2706.1600	2598.0300	4	4.0
137.272	1	2709.9300	2585.2300	4	3.3
137.372	1	2729.1700	2592.3500	3	1.6
137.444	1	2780.5800	2596.7700	4	2.4
137.544	1	2905.9800	2611.1000	4	2.2
137.672	1	2745.5900	2610.7300	4	4.9
137.744	1	2995.7200	2634.0600	5	4.2
137.844	1	2749.1700	2625.8000	4	3.7
137.972	1	2779.3200	2643.3200	3	2.5
138.044	1	2851.7200	2659.1100	4	5.9
138.172	1	3145.5400	2648.6100	5	2.1
138.276	1	2694.0600	2649.9400	3	6.4
138.408	1	3200.6900	2673.9800	4	3.6
138.508	1	2707.0800	2633.0000	4	6.6
138.608	1	3141.2000	2638.6100	5	6.6
138.740	1	2661.5500	2631.2000	4	3.9
138.844	1	2789.3300	2629.8800	3	4.3
138.972	1	2993.7200	2646.3900	4	1.7
139.072	1	2907.8100	2643.4400	5	3.5
139.172	1	2966.2400	2631.4000	5	6.1
139.276	1	2832.3400	2633.7500	6	7.3
139.408	1	2772.3400	2602.7400	4	4.4
139.480	1	3002.0100	2610.3100	6	7.6
139.608	1	2963.5200	2603.7900	6	2.5
139.708	1	2822.1200	2610.8200	4	2.7
139.812	1	3040.6400	2616.4900	4	1.3
139.908	1	3198.0700	2620.3800	6	3.7
140.012	1	2772.4800	2610.1100	6	2.0
140.140	1	2723.6200	2607.6400	4	2.9
140.272	1	2602.7100	2602.7000	2	1.2
140.348	1	2602.7100	2602.7100	1	0.7
140.472	1	3042.1300	2606.1100	5	6.0
140.572	1	2670.3900	2600.7500	3	2.1
140.676	1	2720.8800	2605.3000	3	1.3
140.808	1	3012.4100	2603.7200	4	4.9
140.908	1	2907.4700	2588.4900	4	4.8
141.008	1	3209.9100	2598.6300	5	1.5
141.108	1	2981.6500	2589.3900	6	4.8
141.208	1	2577.4400	2577.3900	2	1.8
141.308	1	3004.4000	2585.8300	5	2.0
141.408	1	2577.4100	2577.3900	2	2.6
141.508	1	2906.6800	2590.1100	4	3.9
141.608	1	3133.3200	2590.9600	4	3.1
141.708	1	3921.3500	2608.8600	5	3.3
141.808	1	2789.6400	2595.3500	4	1.5
141.908	1	2577.6200	2577.3900	3	1.5
142.012	1	2930.7800	2587.7300	5	2.6
142.108	1	2769.1500	2581.4600	4	3.1
142.208	1	2993.4400	2590.4400	4	5.6
142.340	1	2667.5200	2585.1100	4	4.2
142.472	1	2577.5200	2577.3900	3	4.4
142.572	1	2577.3900	2577.3900	1	1.1
142.644	1	2577.3900	2577.3900	1	0.8
142.744	1	2787.1200	2593.6100	4	4.4
142.872	1	2696.7800	2581.5900	4	2.3
142.948	1	2833.9800	2590.8100	5	3.9
143.072	1	2883.6600	2584.2200	5	2.5
143.172	1	2736.4500	2584.7700	4	2.5
143.272	1	2577.4300	2577.3900	2	1.1
143.372	1	2877.7500	2586.2300	3	1.4
143.480	1	2839.1100	2584.4200	4	1.2
143.612	1	2683.5900	2580.9100	3	3.9
143.708	1	2843.2900	2581.5000	3	1.4
143.808	1	2877.7900	2582.2200	5	5.7
143.940	1	2851.8500	2585.3200	4	2.6
144.072	1	2717.5200	2579.3600	5	6.2
144.172	1	3055.2500	2593.0300	4	3.2
144.272	1	3015.2900	2596.6800	5	2.1
144.372	1	3181.4100	2615.3200	5	3.1
144.472	1	2769.8500	2583.6000	3	2.2
144.572	1	2577.4100	2577.3900	2	2.7
144.672	1	2812.4800	2584.6900	4	2.5
144.772	1	2705.2300	2582.3300	3	1.9
144.872	1	2699.6500	2584.4700	3	1.4
144.972	1	3582.4500	2599.9600	4	1.7
145.072	1	2577.6300	2577.3900	2	2.2
145.176	1	2666.0400	2583.7400	3	2.0
145.308	1	2718.8800	2583.2900	4	3.7
145.408	1	2577.4200	2577.3900	2	0.9
145.508	1	2691.3400	2581.1300	4	2.4
145.612	1	2583.6500	2582.9300	4	1.3
145.708	1	2796.8500	2589.7900	4	3.8
145.808	1	2885.0500	2594.6600	5	4.5
145.908	1	2751.0900	2595.0200	3	3.2
146.008	1	2944.0400	2609.3100	4	4.1
146.108	1	2894.3100	2624.4300	4	2.0
146.208	1	2683.5300	2609.4500	3	4.7
146.308	1	3114.9900	2632.0800	4	3.3
146.412	1	2610.6900	2610.1400	3	3.9
146.508	1	2744.7500	2617.3300	4	3.7
146.608	1	2737.4700	2628.1500	5	3.6
146.708	1	2625.3000	2625.2100	2	1.8
146.808	1	2706.4300	2615.7300	3	1.2
146.908	1	2868.6700	2617.7600	3	2.5
147.008	1	2743.9900	2617.1300	6	2.6
147.108	1	3155.9700	2651.0700	4	4.6
147.240	1	2608.3500	2608.2800	2	3.2
147.372	1	2832.6400	2619.0900	4	1.7
147.472	1	2951.5400	2609.8400	4	3.8
147.572	1	2602.7900	2602.7600	2	3.9
147.644	1	2674.3900	2590.3500	3	2.0
147.772	1	2818.2000	2590.8000	3	1.9
147.872	1	2679.0900	2591.5400	3	1.6
147.952	1	2593.5100	2593.1300	3	1.1
148.044	1	4246.0700	2608.0600	4	3.3
148.172	1	2604.1400	2603.6500	3	1.9
148.244	1	2848.7600	2598.7000	6	3.9
148.372	1	2940.2900	2605.8400	4	2.8
148.472	1	2860.1800	2613.3900	3	3.9
148.572	1	2709.7600	2614.3600	3	1.7
148.672	1	2886.4100	2620.8900	6	6.2
148.744	1	2767.5500	2611.8600	3	3.5
148.872	1	2943.5000	2615.7000	4	5.7
148.976	1	3006.5000	2628.0000	5	3.9
149.072	1	2792.2700	2621.6200	4	1.8
149.172	1	2859.6800	2626.2000	3	1.3
149.272	1	2893.7900	2626.3100	4	4.1
149.372	1	2953.8300	2639.0300	4	2.8
149.472	1	2800.3800	2634.8800	4	2.7
149.544	1	2637.5600	2637.3700	3	1.0
149.648	1	2822.9800	2651.7500	4	3.7
149.744	1	2943.7500	2639.1100	4	3.2
149.844	1	2768.9300	2636.5300	3	3.0
149.972	1	2771.4100	2634.0800	3	7.5
150.072	1	3174.5000	2647.3700	6	6.8
150.172	1	2846.1900	2669.5800	4	3.4
150.244	1	3331.1900	2691.7300	6	4.7
150.372	1	2744.0500	2673.1400	4	6.6
150.476	1	2673.3100	2672.8700	3	3.0
150.608	1	3032.4700	2672.3900	5	10.0
150.708	1	2826.3500	2670.7200	5	6.4
150.808	1	2658.3700	2656.1600	5	5.4
150.940	1	2881.6800	2659.1000	4	5.0
151.040	1	2676.6900	2675.1500	9	3.1
151.172	1	2652.0000	2651.9700	9	4.5
151.272	1	2769.9200	2654.0600	9	8.1
151.348	1	3942.6900	2672.0600	9	3.7
151.444	1	2658.9300	2658.7400	2	3.5
151.540	1	2694.4200	2665.4900	8	5.8
151.640	1	3142.4400	2656.1300	7	7.4
151.772	1	2662.9600	2656.0300	4	7.8
151.872	1	2924.0200	2667.5100	6	5.4
151.972	1	3195.2700	2668.8800	9	8.1
152.076	1	2979.1600	2677.4300	9	7.5
152.176	1	2956.9900	2702.3300	9	9.1
152.308	1	2781.3300	2701.0300	9	7.3
152.408	1	2883.8200	2700.0400	9	5.7
152.508	1	2697.6900	2695.4700	9	8.3
152.608	1	2687.1400	2683.9700	9	4.0
152.708	1	2818.1200	2690.6000	9	13.7
152.812	1	2770.8300	2683.5800	9	13.0
152.940	1	2997.2200	2689.4500	9	7.8
153.076	1	3215.6500	2675.4800	9	5.1
153.208	1	3215.9700	2691.4700	9	6.2
153.308	1	2805.6000	2663.6100	9	6.6
153.408	1	3200.3200	2688.9300	9	10.2
153.508	1	2664.6500	2664.2600	9	8.2
153.608	1	2926.5600	2682.7200	9	3.2
153.708	1	2915.6400	2704.8400	9	9.3
153.808	1	2877.8400	2683.1000	9	5.0
153.908	1	2841.2100	2684.6400	9	9.1
154.008	1	2771.0600	2673.2800	9	10.6
154.108	1	2823.6400	2683.9100	9	10.4
154.208	1	2750.2000	2674.0700	9	10.6
154.308	1	2947.3500	2681.8300	9	7.2
154.408	1	2881.5300	2674.3900	9	7.2
154.508	1	2791.3400	2660.1200	9	7.0
154.608	1	2952.2700	2658.2100	9	5.8
154.708	1	2882.3300	2670.8100	9	10.1
154.808	1	2900.3900	2633.0400	9	10.5
154.908	1	2868.7800	2644.4500	9	8.0
155.008	1	2923.2700	2644.1100	9	4.4
155.108	1	2918.1100	2654.1000	9	8.4
155.240	1	3278.0100	2643.0300	9	9.1
155.372	1	2726.5400	2632.1200	9	4.3
155.472	1	2911.7700	2632.2100	9	4.7
155.572	1	2933.3700	2635.3700	9	4.1
155.672	1	2934.9000	2627.3800	9	4.0
155.772	1	2619.2500	2619.0500	9	5.3
155.876	1	2619.1400	2619.0500	9	10.0
156.008	1	2911.3500	2623.4900	9	8.8
156.108	1	2931.4300	2620.7400	9	8.1
156.208	1	2992.3300	2630.3800	9	3.6
156.308	1	2619.1800	2619.0500	9	7.5
156.440	1	2798.5200	2624.3500	9	6.4
156.572	1	2619.1800	2619.0500	9	5.2
156.672	1	3356.3900	2633.5400	9	6.8
156.772	1	2883.2600	2625.4200	9	4.1
156.872	1	3423.3800	2648.5100	9	2.9
156.976	1	2916.1600	2631.9800	9	6.7
157.108	1	2787.5600	2621.0600	9	3.9
157.212	1	3360.1500	2626.2300	9	4.5
157.308	1	2880.4300	2625.8000	9	4.8
157.408	1	2941.6000	2630.1300	9	7.2
157.508	1	2932.5700	2623.0000	9	6.8
157.608	1	3023.8600	2627.7500	9	7.3
157.708	1	2808.3000	2623.0100	9	9.9
157.808	1	3160.7500	2636.7500	9	4.5
157.908	1	2745.8300	2625.5900	9	6.6
158.008	1	2858.3300	2622.4800	9	4.2
158.108	1	3101.7200	2634.5700	9	5.6
158.244	1	2882.6000	2630.5300	9	6.5
158.348	1	2619.2400	2619.0900	9	3.2
158.440	1	2619.1900	2619.0900	9	5.1
158.512	1	3043.1800	2627.5900	9	2.3
158.608	1	2983.7800	2633.0600	9	3.2
158.708	1	2619.3200	2619.1100	9	4.8
158.808	1	2619.1800	2619.1000	9	8.1
158.908	1	2619.1800	2619.1000	9	3.1
159.008	1	2619.1900	2619.1100	9	4.6
159.108	1	2619.1800	2619.1000	9	5.0
159.208	1	2851.2400	2622.5000	9	3.3
159.340	1	3735.0700	2635.9600	9	4.0
159.444	1	2619.2200	2619.1100	9	3.5
159.572	1	2619.2000	2619.1000	9	4.3
159.676	1	3400.8900	2630.9100	9	12.4
159.808	1	3391.8100	2646.4500	9	11.9
159.908	1	2619.6100	2619.1000	9	7.3
159.984	1	2619.2000	2619.1100	9	2.1
160.112	1	3262.6000	2636.4200	9	8.6
160.192	1	3046.0200	2626.3000	9	6.0
160.308	1	3002.6900	2624.1100	9	6.3
160.408	1	2826.2200	2625.1700	9	4.6
160.508	1	2973.3900	2621.9700	9	5.4
160.608	1	3882.9200	2646.9500	9	6.9
160.708	1	2799.2400	2622.1000	9	5.6
160.808	1	2788.5700	2621.3200	9	6.5
160.908	1	2744.0000	2621.4900	9	6.8
161.040	1	2766.2400	2622.0000	9	6.7
161.140	1	2905.0700	2628.3200	9	5.0
161.276	1	3694.2800	2646.8900	9	7.3
161.408	1	3521.5000	2682.6600	9	2.1
161.508	1	3344.3100	2758.0500	9	3.1
161.608	1	3513.6300	2786.3500	9	6.5
161.740	1	5905.2900	2931.5200	9	7.3
161.872	1	4223.9300	2841.0600	9	4.4
161.976	1	4317.7700	2708.1300	9	4.9
162.108	1	3072.5700	2650.6800	9	3.0
162.208	1	3227.0600	2675.0300	9	5.3
162.308	1	6471.5000	2678.7700	9	6.4
162.440	1	2790.0100	2636.1600	9	5.0
162.544	1	2910.5700	2631.8600	9	5.1
162.644	1	2961.0300	2654.3300	9	5.0
162.772	1	3146.8400	2684.6300	9	5.9
162.872	1	3842.0400	2765.6700	9	7.2
162.976	1	7788.8000	2910.3900	9	6.1
163.112	1	3043.7500	2627.7500	9	5.8
163.208	1	3304.9800	2651.9800	9	2.7
163.308	1	2619.5200	2619.0900	9	4.3
163.408	1	3491.0700	2652.0000	9	6.1
163.512	1	3706.7300	2664.3900	9	5.5
163.608	1	3476.6200	2638.6700	9	7.0
163.708	1	2619.3100	2619.1000	9	2.5
163.812	1	2824.9700	2634.4500	9	5.3
163.908	1	3610.7500	2633.3700	9	8.9
164.008	1	2850.3100	2633.7400	9	8.1
164.112	1	3431.7700	2678.2700	9	5.9
164.212	1	2772.0900	2653.6800	9	3.1
164.308	1	3726.8500	2657.7300	9	7.1
164.408	1	3520.7100	2696.7700	9	5.0
164.508	1	2834.0100	2662.0900	9	9.0
164.608	1	3446.8200	2682.8300	9	9.9
164.708	1	3482.2600	2694.9800	9	4.3
164.808	1	3066.5700	2674.5900	9	7.1
164.908	1	2842.4500	2682.5000	9	6.7
165.008	1	3025.6100	2672.9500	9	3.2
165.108	1	2818.3000	2674.9800	9	3.7
165.208	1	2659.2200	2659.0400	9	9.8
165.280	1	3709.6900	2689.0700	9	6.2
165.376	1	2898.1900	2661.3100	9	6.5
165.476	1	3446.1300	2703.7200	9	6.3
165.608	1	2665.1500	2663.6400	9	8.0
165.708	1	2763.8500	2660.9600	9	3.3
165.808	1	3229.8000	2672.0500	9	3.5
165.908	1	3016.0800	2693.8500	9	6.1
166.008	1	3242.5200	2671.4300	9	9.4
166.108	1	2683.5700	2681.5300	9	5.9
166.208	1	2663.8400	2663.1200	9	8.1
166.344	1	3705.5800	2702.2100	9	8.4
166.472	1	2663.7700	2663.2000	9	12.9
166.572	1	2658.4500	2658.1100	9	7.1
166.672	1	4344.1600	2669.3300	9	7.3
166.772	1	3150.3400	2667.9100	9	7.5
166.848	1	2737.5000	2690.5200	9	5.1
166.976	1	17153.0000	3405.2300	9	9.6
167.112	1	22845.5000	3121.3800	9	9.6
167.208	1	14950.4000	2868.2300	9	8.9
167.308	1	26796.7000	3094.8200	9	5.2
167.408	1	24706.1000	4578.9500	9	2.2
167.508	1	21391.0000	3342.3500	9	5.5
167.608	1	31333.7000	3725.5200	9	7.0
167.708	1	32791.5000	3500.3300	9	5.0
167.812	1	21839.4000	3924.2200	9	14.7
167.908	1	11564.4000	3340.3400	9	12.1
168.008	1	27299.6000	3354.0600	9	8.9
168.112	1	33729.8000	3504.2200	9	4.7
168.208	1	22773.2000	3967.7400	9	9.1
168.308	1	11476.1000	3271.7600	9	10.7
168.408	1	30714.3000	3514.6200	9	17.9
168.508	1	37203.8000	3633.7000	9	6.7
168.612	1	20197.9000	3921.7800	9	9.1
168.712	1	12198.3000	3374.7900	9	15.9
168.812	1	32011.3000	3569.5400	9	9.0
168.912	1	36579.1000	3645.1100	9	5.1
169.008	1	21695.2000	3940.7600	9	7.9
169.108	1	12377.0000	3373.7800	9	7.1
169.208	1	30250.9000	3505.5000	9	13.7
169.340	1	37436.1000	3619.3300	9	12.4
169.472	1	20937.4000	3899.3900	9	9.3
169.572	1	12893.8000	3389.9600	9	6.0
169.676	1	34431.2000	3492.6200	9	16.8
169.808	1	46375.0000	3748.8800	9	13.2
169.908	1	22872.4000	3104.2300	9	14.2
170.008	1	36073.9000	3387.4200	9	12.6
170.108	1	33330.0000	3426.8200	9	16.4
170.208	1	47515.9000	3681.0200	9	13.5
170.308	1	20470.9000	3097.9600	9	4.5
170.408	1	31638.2000	3316.4600	9	8.0
170.508	1	41572.7000	3506.0200	9	8.7
170.640	1	41177.6000	3424.7600	9	9.3
170.772	1	23034.0000	3050.0700	9	9.2
170.872	1	25038.9000	3045.5900	9	6.2
170.944	1	31457.2000	3195.9700	9	9.5
171.072	1	39251.7000	3370.4200	9	6.0
171.172	1	32486.3000	3363.5600	9	7.9
171.244	1	53011.2000	3762.4500	9	8.6
171.344	1	30686.3000	3463.0000	9	7.1
171.472	1	21910.8000	3052.7500	9	9.3
171.544	1	9395.0300	2812.6300	9	7.2
171.644	1	13769.4000	2886.6900	9	4.2
171.748	1	3004.8400	2713.3700	9	2.8
171.872	1	2706.6600	2706.3300	9	6.8
171.972	1	2913.2800	2710.8000	9	2.5
172.072	1	3136.2900	2710.9700	9	7.5
172.172	1	2706.6300	2706.2800	9	6.5
172.272	1	2705.9100	2705.2300	9	8.0
172.348	1	3686.4500	2715.9700	9	3.8
172.448	1	3001.4100	2705.1300	9	7.7
172.540	1	2699.6700	2699.3200	9	6.9
172.672	1	2699.6600	2699.3100	9	4.2
172.772	1	2699.6600	2699.3200	9	7.5
172.844	1	3806.6400	2709.9800	9	2.6
172.972	1	2845.1000	2704.2200	9	11.9
173.072	1	3229.6000	2715.4800	9	4.8
173.172	1	3383.8600	2705.0500	9	7.0
173.272	1	3405.8700	2706.6300	9	5.7
173.344	1	3041.3500	2722.6000	9	3.4
173.476	1	16155.9000	2730.6900	9	2.5
173.580	1	3311.6400	2721.1100	9	7.2
173.656	1	3093.5100	2740.4700	9	4.7
173.772	1	3348.2600	2743.2500	9	7.7
173.872	1	3673.0800	2748.2900	9	8.0
173.972	1	3295.4700	2761.9500	9	4.3
174.072	1	3562.8000	2777.3200	9	6.7
174.172	1	3137.3300	2786.0300	9	7.6
174.272	1	2795.7600	2794.0000	9	10.0
174.372	1	3098.7800	2810.9700	9	8.4
174.444	1	3113.2900	2787.5300	9	5.4
174.572	1	2989.8200	2781.2400	9	10.6
174.672	1	2938.0800	2779.8800	9	9.3
174.772	1	3392.4300	2801.5200	9	2.7
174.876	1	2928.7000	2772.0800	9	14.3
174.972	1	2905.4200	2774.3300	9	5.9
175.072	1	3739.1000	2781.7800	9	6.2
175.172	1	3213.6800	2793.0800	9	6.3
175.272	1	3278.0900	2788.5900	9	11.5
175.344	1	3564.7900	2772.6200	9	4.4
175.476	1	2901.5900	2767.3900	9	3.0
175.608	1	3041.9800	2774.0900	9	8.3
175.708	1	4171.3600	2788.4000	9	5.4
175.808	1	2963.5800	2779.2300	9	5.0
175.908	1	3219.6600	2785.9700	9	10.1
176.008	1	2960.0400	2775.1700	9	2.8
176.108	1	2768.0600	2767.0700	9	7.7
176.208	1	2965.2000	2763.0700	9	5.7
176.308	1	3519.0900	2780.0900	9	2.9
176.408	1	2763.5400	2763.0400	9	7.4
176.512	1	3405.1900	2765.5700	9	7.3
176.608	1	3161.2400	2773.1600	9	7.6
176.708	1	2767.1200	2763.8500	9	7.1
176.788	1	3016.2800	2772.6800	9	5.0
176.908	1	3444.1900	2787.7700	9	7.3
177.008	1	4384.4100	2843.6400	9	6.6
177.108	1	3295.3000	2792.0300	9	9.8
177.208	1	3179.7300	2756.9500	9	7.4
177.308	1	3005.5900	2754.4700	9	10.0
177.408	1	3217.9700	2757.0800	9	7.5
177.508	1	3534.7900	2774.0500	9	7.9
177.612	1	3372.4200	2768.3300	9	7.9
177.708	1	3175.3100	2744.3300	9	7.8
177.812	1	4602.4600	2798.8600	9	4.9
177.940	1	3260.1400	2761.0600	9	4.9
178.040	1	3017.1000	2754.7300	9	5.6
178.140	1	3402.9900	2766.3000	9	4.4
178.244	1	3302.3100	2768.9200	9	3.4
178.372	1	3289.6900	2756.1800	9	5.4
178.472	1	6280.0000	2774.9900	9	11.9
178.572	1	2938.5900	2768.1800	9	10.9
178.672	1	3663.3800	2767.3600	9	9.4
178.772	1	3437.6600	2779.6600	9	8.7
178.844	1	4336.7500	2793.8200	9	7.9
178.944	1	2774.8900	2773.9300	9	5.9
179.072	1	3435.0700	2780.5400	9	5.6
179.144	1	2923.4800	2780.0400	9	3.6
179.272	1	3323.1400	2793.9500	9	5.9
179.372	1	3432.3900	2778.2800	9	9.0
179.472	1	3147.6000	2786.3200	9	7.7
179.572	1	2798.1900	2795.1300	9	3.9
179.672	1	3669.2400	2806.7400	9	4.2
179.776	1	3634.5800	2781.4700	9	2.4
179.876	1	3225.7100	2791.1400	9	5.7
179.972	1	3217.6900	2797.2800	9	3.4
180.072	1	4122.3400	2787.3500	9	10.2
180.172	1	4666.7900	2839.4500	9	6.8
180.272	1	3191.7800	2804.4700	9	10.6
180.376	1	3144.9300	2804.8900	9	3.2
180.508	1	3902.1700	2804.0000	9	9.7
180.608	1	3918.3500	2803.3100	9	3.6
180.716	1	2805.4200	2804.5500	9	6.2
180.808	1	2799.6900	2799.0500	9	10.3
180.912	1	4799.0700	2829.1600	9	3.8
181.040	1	2810.6000	2802.2600	9	10.2
181.140	1	3726.5500	2822.2900	9	8.3
181.240	1	3579.0900	2821.1400	9	9.6
181.372	1	3414.0600	2802.7200	9	8.9
181.472	1	3292.3700	2800.9600	9	10.6
181.572	1	3862.7900	2813.4400	9	6.4
181.672	1	2816.0900	2814.9800	9	7.8
181.772	1	3354.0300	2818.1800	9	9.8
181.872	1	3132.5700	2808.4700	9	8.8
181.972	1	3075.9600	2800.8100	9	4.3
182.072	1	3140.3500	2812.2800	9	8.1
182.172	1	3160.0100	2813.9600	9	4.9
182.248	1	3163.9200	2818.8300	9	5.8
182.372	1	3155.2100	2808.2200	9	4.8
182.472	1	3734.4500	2805.9200	9	5.4
182.572	1	3465.7800	2796.6400	9	6.1
182.672	1	3017.1100	2784.9100	9	9.4
182.744	1	3088.5400	2777.1400	9	6.7
182.844	1	3117.2300	2776.3600	9	7.2
182.976	1	4491.0000	2797.3600	9	12.8
183.108	1	3430.6500	2793.7500	9	4.8
183.180	1	3174.2000	2795.5400	9	5.5
183.308	1	3277.9100	2802.0800	9	2.6
183.408	1	3571.0100	2821.7200	9	8.5
183.512	1	3244.5400	2814.3500	9	7.5
183.608	1	3183.2500	2820.4000	9	12.0
183.708	1	9884.6500	9884.6500	9	2.8
183.812	1	3114.1000	2821.9900	9	5.2
183.908	1	3190.2600	2805.7000	9	9.3
184.008	1	3700.3100	2799.9700	9	9.0
184.108	1	3015.3300	2795.3000	9	4.5
184.208	1	3022.1400	2789.6500	9	6.3
184.308	1	3766.0200	2816.8300	9	4.6
184.408	1	3922.5700	2812.7500	9	7.4
184.512	1	3155.5900	2793.7100	9	5.8
184.608	1	3341.2700	2779.8600	9	8.2
184.708	1	2774.9200	2774.1900	9	7.2
184.808	1	3159.5100	2780.3900	9	2.3
184.940	1	2774.9300	2774.1600	9	5.2
185.044	1	3412.8400	2780.5600	9	5.3
185.172	1	3567.6100	2788.8800	9	8.0
185.272	1	4543.4200	2803.6300	9	8.9
185.372	1	3049.7900	2793.6600	9	7.0
185.472	1	2780.1300	2778.9800	9	9.1
185.576	1	2782.4500	2781.4700	9	4.8
185.708	1	3057.1100	2787.3800	9	5.8
185.808	1	3578.5900	2781.4400	9	4.7
185.908	1	3436.0700	2786.0500	9	5.4
186.008	1	3087.1600	2773.5900	9	10.3
186.108	1	2764.5300	2763.5500	9	2.9
186.208	1	2760.3400	2759.3900	9	5.3
186.308	1	3648.9000	2769.4600	9	2.8
187.408	0	41197.4000	919.9700	9	5.0
187.512	1	3453.8200	896.7310	9	19.7
187.612	1	3925.8400	237.1290	9	7.0
187.708	1	449.7550	202.2120	9	5.2
187.808	1	209.1590	172.5420	9	3.1
187.908	1	970.8000	149.2980	9	9.0
188.040	1	501.2990	208.6260	9	8.1
188.172	1	541.9170	251.9900	9	10.0
188.244	1	666.3170	276.0890	9	7.2
188.344	1	354.8570	232.0600	9	5.9
188.472	1	288.1120	235.6910	9	11.4
188.544	1	261.0240	209.1770	9	12.7
188.672	1	365.6840	262.2610	9	5.2
188.772	1	498.7970	284.5250	9	7.9
188.872	1	457.7700	240.8400	9	13.5
188.972	1	376.3620	226.9780	9	9.4
189.072	1	255.3010	177.6460	9	4.0
189.172	1	649.8860	262.5660	9	9.6
189.272	1	366.0910	215.1850	9	13.4
189.344	1	392.8810	237.1660	9	11.0
189.472	1	357.7630	246.4900	9	9.9
189.544	1	621.6230	285.6790	9	10.1
189.672	1	677.3050	318.8750	9	9.9
189.772	1	464.1840	277.2450	8	3.6
189.872	1	560.4090	303.2410	8	15.3
189.972	1	544.0460	319.0760	9	14.5
190.076	1	697.7370	322.7590	7	11.0
190.208	1	651.2330	357.4990	9	8.9
190.308	1	643.2720	372.9750	9	6.0
190.408	1	908.1760	370.3850	7	10.7
190.508	1	548.9170	341.3570	9	8.5
190.608	1	657.6270	326.9330	9	12.9
190.708	1	549.5360	252.5330	5	9.3
190.844	1	637.9120	250.5700	9	7.4
190.976	1	1001.6700	275.9160	8	11.6
191.072	1	1190.2000	279.2710	7	12.2
191.172	1	708.2090	253.4500	8	4.5
191.272	1	525.0240	228.3000	9	9.0
191.372	1	919.0980	268.9480	9	13.4
191.444	1	639.4210	230.0070	9	5.2
191.572	1	582.8030	251.1380	7	10.7
191.672	1	592.8970	290.7640	7	7.8
191.772	1	1274.9600	300.0390	9	15.0
191.872	1	955.0440	277.5600	6	7.8
191.972	1	1039.7700	279.4610	9	4.6
192.072	1	588.7980	280.9160	9	11.4
192.172	1	1263.4400	293.3280	9	12.2
192.272	1	1482.8300	360.2670	9	15.5
192.344	1	805.1240	359.4800	8	16.6
192.472	1	1145.5800	322.6130	7	10.3
192.576	1	1229.4300	371.6750	9	7.0
192.708	1	1360.6500	385.3730	6	5.6
192.812	1	1757.6700	350.4960	8	8.6
192.912	1	864.9900	331.2930	7	8.0
193.012	1	1078.6400	361.1140	6	8.0
193.140	1	1332.5700	376.5410	9	9.7
193.272	1	1460.9200	345.0450	8	10.7
193.344	1	467.2140	310.9580	9	7.5
193.444	1	863.6460	358.6780	9	6.8
193.572	1	1920.9700	419.6670	9	12.4
193.672	1	1326.8600	431.9780	9	14.2
193.772	1	1762.6200	389.7550	6	13.1
193.872	1	2039.9500	396.5000	9	8.7
193.944	1	957.6780	394.4420	8	9.0
194.072	1	1433.5400	360.1810	8	10.4
194.172	1	3411.1600	430.6820	9	10.3
194.276	1	1399.4400	342.9880	9	5.6
194.408	1	1832.0400	361.9680	9	10.7
194.508	1	3097.7400	415.3950	9	10.4
194.608	1	645.6110	284.2460	9	8.5
194.708	1	1469.9600	302.6910	9	8.6
194.808	1	1030.7800	252.8750	9	6.8
194.908	1	969.1740	317.4940	9	5.4
195.008	1	3279.5400	304.9220	9	4.6
195.108	1	2118.1600	304.8200	9	6.8
195.244	1	3230.6600	299.5530	9	3.4
195.344	1	1671.1200	290.5980	9	5.0
195.472	1	2259.9200	266.8340	9	7.0
195.572	1	1926.1800	281.7780	9	7.1
195.644	1	3913.2100	304.8500	9	8.9
195.772	1	1334.1500	307.7340	9	7.5
195.872	1	1753.8000	310.8840	9	9.4
195.972	1	3515.9300	374.1870	9	12.3
196.072	1	971.0540	364.4230	7	7.0
196.176	1	1883.1500	387.4950	9	13.0
196.276	1	1346.0000	413.8280	6	7.2
196.408	1	1425.3800	449.5120	9	10.6
196.508	1	1582.1500	491.0650	9	15.7
196.608	1	774.2820	511.4410	9	13.8
196.708	1	2155.4900	569.4760	9	15.0
196.808	1	1187.1200	532.1290	9	7.0
196.908	1	2101.1500	581.3090	9	14.8
197.008	1	1450.0500	555.7430	9	12.8
197.108	1	1847.8700	556.3060	9	7.6
197.208	1	1263.8600	576.4300	9	16.7
197.308	1	2588.4600	588.2580	9	10.6
197.444	1	2584.3900	601.8800	9	9.6
197.572	1	2031.3000	605.2080	7	13.0
197.644	1	633.2100	529.2920	9	10.7
197.772	1	2537.1200	524.2520	9	16.9
197.844	1	2853.9400	547.8380	7	10.0
197.972	1	2899.6800	589.2540	9	16.4
198.072	1	2239.1300	570.1790	9	12.8
198.144	1	776.8740	534.3400	7	10.3
198.272	1	2414.8900	559.8610	9	7.7
198.372	1	2368.1900	558.9560	7	10.3
198.472	1	2221.1100	488.8300	9	5.5
198.572	1	1675.0900	463.8750	9	10.3
198.676	1	2378.3800	478.2890	9	9.1
198.808	1	3723.4700	465.7450	9	9.6
198.908	1	2788.9600	422.1270	9	11.7
199.008	1	4604.9500	423.2630	9	7.7
199.108	1	2155.6900	394.9140	9	9.9
199.208	1	4186.4000	429.2700	9	9.6
199.280	1	2153.8400	373.7990	9	6.9
199.408	1	3692.7900	394.1130	9	3.8
199.508	1	4609.5500	394.8360	9	9.2
199.608	1	5927.5000	385.2180	9	6.8
199.708	1	5386.5500	351.0100	9	8.8
199.812	1	6321.3300	387.4180	9	10.1
199.908	1	2649.8800	329.9370	9	3.7
200.012	1	3867.2700	341.5990	9	3.0
200.108	1	4044.9200	359.7880	9	5.5
200.208	1	5875.9200	352.2590	9	3.9
200.308	1	4264.6300	368.2970	9	7.2
200.412	1	7957.4500	370.6890	9	5.4
200.508	1	5604.9500	348.7040	9	5.9
200.608	1	4346.4300	348.9160	9	5.6
200.708	1	6488.3700	350.8700	9	11.6
200.784	1	3911.9900	349.3020	9	3.6
200.908	1	5650.8200	362.8630	9	4.1
201.008	1	6394.3900	402.1960	9	5.4
201.108	1	9755.8400	409.6910	9	9.6
201.208	1	3691.9100	365.5410	9	12.0
201.308	1	338.2430	318.3370	4	4.8
201.408	1	6232.1700	379.9420	7	5.3
201.508	1	5591.7400	381.9670	9	6.5
201.608	1	2165.0200	356.8890	9	6.4
201.708	1	3289.2000	410.4360	7	9.5
201.808	1	3673.5300	388.6910	9	8.2
201.908	1	5537.7100	403.1740	9	11.5
202.008	1	4537.4000	437.3610	8	4.8
202.140	1	5099.8400	443.4350	9	10.2
202.244	1	1358.9900	432.5000	8	10.8
202.372	1	3592.3800	415.9750	9	9.6
202.472	1	8009.3600	420.6040	9	8.2
202.572	1	4809.2500	434.0530	9	10.8
202.672	1	5579.9900	528.2400	9	10.7
202.776	1	4187.0900	453.0860	9	7.7
202.908	1	18230.6000	901.6620	9	7.8
203.008	1	2726.4100	592.5720	9	6.9
203.108	1	851.2350	588.1940	9	7.4
203.208	1	1065.1100	457.6030	9	3.6
203.308	1	1371.6000	452.6850	9	5.7
203.440	1	775.7920	476.8320	9	7.1
203.572	1	12990.5000	609.9740	9	6.0
203.672	1	1631.7600	521.7010	9	5.5
203.772	1	3205.6600	456.3740	9	5.3
203.872	1	2013.0800	443.8630	9	8.3
203.972	1	2656.9600	417.2940	9	8.4
204.072	1	2653.4100	408.2700	9	5.3
204.172	1	4265.8600	459.3980	9	8.8
204.272	1	3182.7700	414.9650	9	7.4
204.344	1	2309.6100	433.8160	9	7.5
204.476	1	1749.6400	410.7960	9	5.7
204.576	1	2288.5600	431.6150	9	7.9
204.712	1	3188.4500	459.8000	9	8.6
204.840	1	2403.7800	449.6970	9	7.6
204.972	1	2144.5700	461.7280	9	9.3
205.072	1	2850.7200	437.8110	9	10.6
205.176	1	1107.5600	460.7940	9	5.9
205.308	1	2298.7300	485.5680	9	9.2
205.408	1	2348.4100	545.9060	9	11.2
205.508	1	2029.9200	488.1990	9	9.0
205.608	1	2749.5000	539.2190	9	9.7
205.708	1	2066.4000	485.2840	9	10.4
205.808	1	1884.9500	490.3240	9	9.1
205.908	1	2397.6600	497.5220	9	3.9
206.008	1	2921.1000	577.3430	9	10.4
206.108	1	1723.3300	517.0380	9	8.5
206.208	1	1987.8300	553.7260	9	9.7
206.308	1	2909.7500	597.3780	9	13.7
206.412	1	1384.5000	584.5350	9	9.0
206.540	1	1367.0600	609.5730	9	16.6
206.640	1	659.8260	605.5220	9	8.1
206.772	1	1255.6900	662.4140	9	11.8
206.872	1	1702.6000	690.8560	8	10.7
206.972	1	1110.2800	665.9890	9	22.1
207.072	1	2271.1400	748.0240	9	16.0
207.172	1	109557.0000	1619.0100	9	12.1
207.272	1	920.3610	659.9510	9	13.3
207.376	1	727.2200	638.2310	9	12.4
207.476	1	844.0030	669.5170	9	19.6
207.572	1	932.4360	657.1190	9	12.6
207.672	1	775.7400	662.1310	9	6.2
207.772	1	961.0480	729.4830	9	11.1
207.872	1	858.9080	700.4560	9	15.8
207.976	1	970.0860	778.4480	9	8.9
208.072	1	1715.3200	773.0080	9	13.3
208.176	1	1033.4200	755.1850	9	15.2
208.276	1	1179.5800	785.9540	9	17.4
208.408	1	998.5520	756.3730	9	18.2
208.508	1	1027.4900	810.4300	9	6.6
208.608	1	1154.9100	869.5010	9	20.5
208.708	1	1022.5700	867.0060	9	16.5
208.808	1	1399.6200	883.7200	9	8.9
208.908	1	1300.9300	893.0440	9	9.3
208.980	1	1193.5300	927.2980	9	7.1
209.108	1	1019.4100	891.5570	7	17.1
209.184	1	1441.5100	920.2500	9	6.8
209.308	1	1357.9700	964.7250	9	12.6
209.408	1	1391.6200	931.8760	9	14.7
209.512	1	1097.4300	909.0660	6	8.9
209.608	1	1008.1900	910.7280	7	12.4
209.708	1	1251.7200	951.8280	9	11.5
209.808	1	2002.9300	980.7920	9	11.1
209.912	1	1607.2500	894.7340	9	13.2
210.008	1	1106.4000	809.5010	9	6.4
210.108	1	1466.2200	782.8430	5	5.5
210.208	1	1356.6100	781.7420	8	11.6
210.308	1	1553.4000	788.5260	7	5.4
210.408	1	1556.7000	810.4470	6	7.1
210.512	1	1254.0300	816.5970	6	9.3
210.608	1	1727.1800	853.7320	8	13.2
210.708	1	1428.1100	815.5790	5	4.1
210.808	1	1078.1200	800.1540	9	5.0
210.908	1	1555.5100	810.4640	9	6.8
211.008	1	1586.0900	843.5920	9	5.7
211.108	1	1052.5100	838.1230	9	14.1
211.240	1	1045.0900	796.9810	9	7.3
211.372	1	1346.7200	821.0180	9	11.4
211.476	1	1852.3500	834.7130	8	10.6
211.608	1	1945.6900	828.8620	8	14.6
211.740	1	1637.8300	856.8170	9	8.4
211.872	1	1487.9300	839.2570	8	12.4
211.972	1	1478.2700	847.2490	9	4.8
212.076	1	1455.4900	835.0210	9	10.7
212.208	1	1237.7400	830.5480	9	9.4
212.308	1	1932.4800	879.7520	9	11.0
212.412	1	1759.9300	844.8220	9	15.4
212.508	1	1612.8800	830.4430	9	6.0
212.608	1	1153.9300	810.3540	9	4.9
212.708	1	1340.5400	811.5190	9	7.5
212.812	1	1535.6300	827.7000	9	7.4
212.940	1	1582.8100	831.4120	9	15.8
213.076	1	1368.1500	833.4230	6	7.9
213.208	1	1810.0000	874.8360	8	11.7
213.308	1	1345.6100	861.0740	9	7.7
213.408	1	1499.1600	846.1060	9	12.2
213.508	1	1261.7900	856.1980	9	5.6
213.608	1	1360.2600	870.1890	7	10.4
213.708	1	1481.6700	870.0750	7	8.9
213.808	1	1567.6400	879.2590	9	4.9
213.908	1	1434.6900	887.1400	6	6.2
214.012	1	1117.7100	849.2340	9	8.0
214.108	1	1065.7000	836.2410	9	6.3
214.212	1	1411.3200	840.1290	8	4.0
214.312	1	2108.5600	915.2990	9	7.6
214.408	1	1568.2400	870.0030	9	10.4
214.512	1	1161.9500	810.2530	9	8.5
214.608	1	1445.9800	842.5510	9	5.2
214.712	1	1095.8100	829.3360	9	7.6
214.812	1	1360.8700	874.5540	9	13.8
214.908	1	1180.0900	862.6730	9	10.2
215.012	1	1424.1900	886.0120	9	11.2
215.108	1	1175.0600	885.4920	9	12.1
215.208	1	1310.1100	946.9180	9	16.5
215.308	1	1469.7900	922.8070	9	5.7
215.408	1	1275.0400	944.3580	9	12.0
215.508	1	1415.3400	974.2690	9	11.3
215.612	1	1521.9400	949.2370	8	10.6
215.740	1	1541.8900	965.1890	9	8.6
215.872	1	1196.7200	929.5050	6	11.1
215.972	1	1570.7400	927.0540	9	11.1
216.072	1	1362.0600	901.7270	7	8.3
216.176	1	1417.9500	908.9440	9	8.8
216.276	1	1607.1300	911.6690	9	12.1
216.372	1	1371.0500	869.1940	9	3.8
216.472	1	1501.8200	925.5950	9	7.7
216.572	1	1478.3900	891.1660	7	10.5
216.672	1	1727.0300	934.0880	9	13.7
216.744	1	1399.9300	965.3470	9	4.1
216.872	1	1860.2500	1001.6900	9	7.5
216.972	1	1838.0700	1035.3800	9	6.0
217.072	1	1646.6600	980.9960	9	8.3
217.172	1	1449.1400	982.4700	9	10.1
217.272	1	1438.5500	878.5200	9	3.0
217.376	1	1372.6100	887.6100	8	6.7
217.476	1	956.4680	836.8160	9	7.8
217.572	1	1215.5200	888.9190	9	15.7
217.644	1	1659.5100	917.8600	9	6.1
217.772	1	1201.6500	823.6310	7	7.3
217.872	1	1063.0300	804.3270	9	10.2
217.972	1	1706.4900	866.7160	9	9.0
218.044	1	1308.2500	833.5480	9	3.2
218.172	1	1262.4900	853.4320	9	9.1
218.276	1	1309.1400	844.1500	9	8.8
218.408	1	1931.6600	835.2370	9	6.6
218.540	1	1312.8500	820.5310	9	4.6
218.644	1	1432.4600	883.2660	9	6.2
218.772	1	1014.7400	868.6750	9	8.1
218.872	1	1239.9400	909.4600	9	12.2
218.944	1	1317.8200	975.4750	9	6.5
219.072	1	1178.1900	979.4290	9	14.8
219.172	1	1484.5200	1013.4900	7	6.0
219.244	1	1503.7900	1036.5200	9	9.0
219.372	1	1740.7800	1066.3100	8	9.6
219.472	1	1679.7800	1064.7200	7	9.4
219.572	1	1530.7300	1097.2300	7	6.8
219.672	1	1622.2000	1089.4100	6	22.0
219.744	1	1470.0900	1069.1100	7	4.1
219.872	1	1633.1600	1126.3000	9	6.0
219.972	1	1483.7300	1124.7100	9	14.3
220.076	1	2158.0100	1152.6500	6	5.6
220.208	1	1358.8300	1127.4900	9	6.9
220.308	1	1947.2300	1094.7200	9	12.9
220.408	1	1455.9100	1094.3100	9	13.9
220.508	1	1695.8200	1103.8300	9	13.1
220.608	1	1587.3200	1101.9000	9	10.6
220.708	1	1864.5400	1083.0100	7	12.8
220.808	1	1594.3000	1118.6200	5	10.0
220.940	1	1439.6800	1116.4600	7	13.3
221.012	1	1815.3500	1134.5600	9	6.6
221.108	1	1452.1900	1137.5600	9	16.2
221.208	1	1552.5600	1124.3800	6	11.0
221.308	1	1364.1700	1124.6800	6	9.2
221.440	1	2008.3300	1125.9100	6	16.2
221.572	1	1770.8200	1146.3800	9	4.9
221.672	1	1594.2700	1171.7200	6	7.9
221.772	1	1532.3600	1135.8700	7	7.0
221.872	1	1181.8200	1103.7800	7	11.6
221.972	1	1777.1400	1106.9700	8	17.3
222.072	1	1497.1400	1232.1200	8	13.7
222.172	1	1788.0300	1229.3100	9	6.2
222.272	1	7489.3300	1921.9300	9	11.6
222.372	1	1535.6700	1094.3700	9	8.7
222.472	1	1244.7500	1050.1400	9	4.3
222.572	1	1502.5800	1110.5900	9	10.3
222.672	1	1403.9900	1138.5600	9	9.7
222.772	1	1317.1600	1147.4000	6	7.9
222.872	1	1332.8800	1137.7900	8	9.1
222.972	1	1423.4800	1140.8500	9	12.7
223.072	1	1315.6300	1139.9100	9	16.0
223.172	1	1255.2800	1135.2800	6	6.0
223.272	1	1899.2200	1233.6100	9	11.7
223.372	1	1752.2700	1403.5200	7	8.3
223.472	1	1426.4300	1249.8000	8	11.0
223.572	1	2566.3500	1346.8900	8	10.3
223.672	1	2853.4100	1160.1600	8	9.5
223.772	1	2255.5300	1218.0100	7	4.9
223.872	1	1970.4700	1357.4800	9	12.3
223.972	1	1836.1600	1220.5900	9	6.6
224.072	1	2032.0600	1230.8900	9	4.2
224.172	1	2306.2200	1521.2000	9	9.0
224.272	1	4705.3600	1465.2200	9	7.1
224.344	1	1639.8400	1419.6400	9	5.2
224.452	1	3064.0400	3064.0400	9	3.4
224.544	1	1468.6900	1182.2400	9	5.4
224.672	1	1390.4100	1230.4000	9	7.3
224.772	1	1258.2300	1189.0200	9	4.1
224.876	1	1727.2900	1400.3700	9	6.3
225.008	1	1373.8800	1208.8500	9	9.4
225.108	1	1627.4100	1124.7000	9	3.9
225.208	1	1328.3500	1242.3900	9	9.6
225.308	1	1606.3200	1126.4600	9	12.4
225.408	1	1275.4900	1204.6400	9	10.3
225.508	1	1207.3900	1153.1000	9	11.2
225.644	1	1406.6000	1213.2600	7	11.3
225.740	1	1229.8100	1173.1100	7	11.3
225.840	1	1230.0300	1191.8700	6	13.6
225.976	1	5681.0700	1250.5400	9	16.4
226.108	1	2098.9700	1290.1500	9	13.1
226.208	1	1547.8300	1297.4900	6	15.5
226.308	1	1995.1800	1289.4400	8	9.8
226.408	1	1494.0500	1185.4100	7	13.3
226.508	1	2180.3500	1240.2800	9	10.4
226.608	1	1244.3300	1178.7200	8	8.8
226.708	1	2082.3800	1204.1500	6	8.5
226.808	1	1356.8500	1235.4300	9	12.2
226.940	1	2123.1100	1277.9000	9	13.4
227.076	1	1379.8100	1239.4400	9	6.9
227.208	1	4725.3800	1223.9000	9	5.9
227.308	1	1675.6700	1158.4400	9	9.2
227.408	1	1371.0500	1148.5500	9	6.8
227.508	1	1525.1200	1119.2700	9	11.2
227.608	1	1247.2000	1102.7700	9	7.1
227.712	1	1149.7900	1055.6900	9	12.0
227.792	1	1279.6800	1084.3600	9	6.0
227.908	1	1179.8500	1068.3800	6	7.8
228.008	1	1520.6200	1106.3100	9	9.5
228.108	1	1172.8300	1062.6000	8	7.8
228.208	1	1837.3300	1113.4200	9	13.6
228.308	1	1387.2600	1143.7800	9	8.0
228.408	1	1264.7100	1148.6700	6	8.4
228.508	1	1742.3900	1190.5200	7	4.0
228.612	1	1229.1700	1154.1200	8	14.4
228.708	1	1383.4400	1160.3300	8	6.1
228.808	1	1289.0200	1188.4400	8	5.5
228.908	1	1327.2200	1187.9400	5	10.1
229.008	1	1301.5900	1194.6000	7	10.7
229.108	1	1728.6300	1223.4000	9	14.5
229.208	1	1253.2100	1140.3100	6	12.5
229.308	1	1200.4300	1139.9400	6	8.3
229.408	1	1222.7900	1129.4400	6	9.6
229.508	1	1374.7400	1167.1900	8	8.6
229.608	1	1410.8200	1186.9200	7	7.3
229.708	1	1286.9100	1157.1000	6	4.2
229.840	1	1362.9300	1190.3500	7	10.0
229.972	1	1458.0200	1201.5200	6	12.4
230.072	1	1354.2800	1206.7600	6	14.7
230.172	1	1251.4800	1195.3800	4	5.3
230.248	1	1479.3100	1244.3200	7	10.4
230.372	1	1601.6700	1217.2300	5	3.3
230.472	1	1667.9800	1250.8500	4	3.9
230.544	1	1522.9300	1339.8000	5	10.1
230.672	1	1547.8500	1305.2700	6	11.0
230.744	1	1380.0500	1229.5200	6	5.4
230.872	1	1356.6100	1227.6200	5	11.8
230.972	1	1288.8900	1221.3200	6	11.4
231.072	1	1577.9300	1225.6900	7	6.2
231.172	1	1502.8000	1218.3400	6	9.5
231.272	1	1356.3900	1223.7900	6	12.1
231.372	1	1511.7000	1257.8000	7	11.8
231.472	1	1470.1000	1258.3400	5	7.8
231.572	1	1490.1200	1239.2400	6	11.0
231.672	1	1493.0900	1254.2700	5	5.1
231.772	1	1533.1200	1230.6500	4	6.6
231.872	1	1542.8500	1279.5200	6	7.3
231.976	1	1667.4900	1295.3900	6	11.2
232.108	1	1633.7100	1330.3400	8	16.7
232.240	1	1619.1200	1268.6400	5	7.8
232.372	1	1823.1800	1316.3400	7	9.2
232.472	1	1677.1200	1328.1200	5	5.2
232.572	1	1865.4300	1354.4900	9	13.9
232.672	1	1677.6800	1341.9400	7	8.3
232.772	1	1552.6600	1351.6100	6	6.8
232.872	1	1565.3500	1301.6700	6	12.3
232.972	1	2148.0500	1347.3400	6	8.6
233.072	1	1612.5500	1310.1300	7	10.7
233.172	1	1603.9900	1335.3800	9	7.0
233.276	1	1673.2200	1357.6500	6	9.3
233.376	1	1487.0900	1380.7800	9	10.4
233.508	1	1557.0000	1333.5500	6	9.2
233.608	1	1345.6200	1277.9900	9	7.0
233.708	1	1345.5300	1287.8200	7	4.6
233.808	1	1508.4200	1324.5900	9	12.9
233.912	1	1456.2300	1354.0900	7	8.0
234.008	1	1469.3000	1370.0100	7	9.1
234.108	1	1465.0700	1368.2700	8	11.8
234.208	1	1444.1700	1395.0600	7	10.4
234.308	1	1473.9400	1391.2900	7	14.1
234.408	1	1544.1300	1449.2300	7	8.8
234.508	1	1661.6800	1520.3800	6	8.3
234.608	1	1702.0000	1497.1000	6	10.6
234.740	1	1565.3300	1522.9700	6	4.8
234.848	1	1650.0800	1556.3900	6	6.1
234.972	1	1635.8000	1506.7300	7	16.6
235.072	1	1572.7700	1446.0300	5	10.2
235.172	1	1605.8400	1464.8600	5	7.2
235.244	1	1576.7000	1446.1300	6	5.6
235.372	1	1684.3200	1520.7100	6	8.2
235.472	1	1755.9500	1503.6800	5	8.3
235.544	1	1514.9300	1482.5500	6	5.3
235.676	1	1666.6900	1526.0900	7	10.7
235.808	1	1872.6100	1573.7700	6	7.7
235.908	1	1634.4100	1591.1000	8	12.1
236.008	1	1892.0000	1566.7500	6	10.7
236.108	1	1901.5700	1628.5700	7	8.3
236.180	1	1960.7000	1641.6700	5	10.3
236.308	1	1764.8000	1683.5900	6	6.7
236.408	1	2068.8500	1715.8100	6	10.0
236.508	1	2012.3500	1700.3500	8	14.3
236.608	1	1979.8600	1679.2300	7	9.3
236.708	1	1888.4700	1640.7500	6	5.3
236.808	1	2482.1600	1684.6900	7	12.6
236.940	1	3376.9600	3376.9600	9	8.3
237.072	1	2352.3600	1637.1500	7	8.3
237.172	1	2831.1100	1635.9500	6	10.8
237.244	1	2625.5700	1609.4600	5	8.7
237.372	1	2415.6400	1559.2200	7	6.5
237.472	1	2321.7200	1535.7600	4	5.6
237.572	1	2042.4100	1504.5000	5	6.5
237.672	1	2047.3300	1523.7600	5	7.7
237.772	1	2519.9200	1518.6800	5	2.5
237.872	1	5386.7700	5386.7700	9	1.5
237.972	1	2468.1200	1525.3000	7	10.3
238.072	1	2090.1500	1480.1700	5	5.7
238.172	1	2317.1500	1504.6600	8	8.7
238.272	1	2148.9700	1499.0100	6	7.2
238.372	1	2999.5800	1505.9900	6	8.5
238.472	1	2717.1300	1488.5300	6	9.6
238.572	1	2764.6700	1483.9500	6	3.6
238.672	1	3113.4700	1452.1600	5	8.8
238.744	1	3241.4300	1490.4200	5	4.2
238.844	1	2815.8900	1455.8400	5	2.6
238.944	1	2906.6900	1440.5800	6	4.3
239.044	1	2132.4400	1424.2900	6	2.4
239.140	1	3362.1300	1416.6700	6	6.5
239.240	1	2921.3100	1419.6500	6	3.5
239.372	1	2897.3200	1417.8100	6	7.5
239.472	1	2748.9200	1435.7400	6	7.3
239.572	1	4604.4200	1428.4800	7	5.8
239.672	1	3834.6100	1420.8600	8	7.9
239.772	1	2946.1100	1418.3000	6	7.5
239.872	1	3153.2400	1406.9800	6	9.2
239.972	1	3855.9400	1434.7500	7	5.6
240.044	1	2999.6700	1413.1600	6	3.0
240.172	1	2740.8300	1411.4800	5	4.6
240.244	1	2459.2600	1427.0000	4	1.2
240.344	1	3009.8600	1389.4400	5	2.6
240.472	1	2725.8100	1414.8900	7	3.8
240.544	1	3903.2700	1412.1900	6	7.2
240.672	1	3378.5900	1430.1700	7	6.1
240.772	1	2909.2400	1429.1000	7	3.1
240.844	1	4719.9000	1407.1100	7	3.4
240.944	1	3132.2600	1417.1900	8	5.6
241.040	1	3193.9200	1410.3100	4	2.0
241.172	1	4147.3200	1443.4700	5	7.4
241.244	1	3945.4900	1405.1800	7	2.3
241.376	1	2773.8500	1416.2500	5	6.7
241.508	1	3262.7500	1398.5700	7	5.8
241.580	1	3514.8900	1389.3700	6	6.6
241.708	1	4048.3700	1475.8600	9	12.0
241.816	1	2804.9700	1454.2800	7	3.1
241.908	1	4580.2200	1490.5200	6	4.9
242.008	1	2475.0500	1434.3600	5	4.6
242.108	1	2539.8100	1442.4700	5	2.2
242.208	1	2803.2600	1478.3700	6	2.4
242.308	1	2589.0200	1475.9200	4	4.2
242.408	1	2058.4000	1511.3700	5	12.1
242.508	1	2854.5100	1575.9500	5	6.1
242.608	1	2268.0100	1559.2600	9	10.0
242.708	1	3680.0600	1577.4500	6	9.6
242.840	1	2114.7700	1615.9800	5	11.1
242.944	1	3873.8900	1661.0600	6	4.1
243.044	1	2666.4600	1630.3700	5	5.7
243.172	1	3118.4300	1608.5300	7	13.1
243.272	1	2210.6400	1575.8500	5	5.0
243.372	1	3502.7100	1586.1100	7	11.7
243.444	1	3854.4500	1572.5100	6	3.1
243.548	1	2445.0400	1659.6000	5	4.0
243.672	1	2708.7400	1776.9300	6	13.2
243.772	1	2704.4800	1695.4400	9	11.4
243.872	1	1732.7200	1685.0300	5	3.1
243.976	1	3536.7200	1800.2900	6	6.9
244.108	1	9339.2600	9339.2600	9	1.1
244.208	1	4330.6600	1556.9900	9	8.7
244.308	1	3500.9200	1504.0100	6	4.0
244.408	1	2920.4600	1436.9400	6	4.0
244.508	1	4940.3900	1501.8300	6	2.7
244.580	1	3667.5800	1488.6600	6	3.6
244.708	1	3380.2700	1429.0600	5	5.5
244.808	1	3922.1700	1455.6900	5	3.6
244.908	1	4001.8800	1453.6700	9	5.1
245.008	1	3645.1900	1445.4300	7	6.7
245.108	1	3853.5800	1438.6600	6	5.7
245.208	1	2946.6100	1472.9300	5	2.8
245.312	1	4290.5800	1451.2000	9	4.4
245.408	1	2737.6200	1465.1400	7	5.4
245.508	1	3456.1700	1485.8600	7	6.8
245.608	1	2601.8300	1491.2500	5	4.2
245.712	1	3872.7800	1506.1600	7	4.4
245.808	1	3315.6000	1475.4300	6	7.3
245.908	1	3607.7100	1498.6900	5	4.8
246.008	1	2635.5700	1471.0500	7	9.0
246.108	1	4652.3300	1488.6500	7	8.9
246.208	1	3209.2300	1471.2200	9	4.6
246.308	1	5216.4100	1497.0200	7	2.8
246.408	1	3776.7900	1489.6500	5	4.7
246.540	1	3329.7400	1591.1400	9	4.1
246.680	1	2500.8800	1484.7900	8	7.5
246.808	1	2997.1500	1680.4000	9	4.6
246.908	1	2130.6800	1471.7600	7	6.7
247.008	1	4106.8400	1548.0100	7	7.3
247.108	1	1682.7800	1526.7500	9	7.4
247.208	1	2774.7700	1536.2900	7	6.1
247.340	1	4632.1400	1515.2500	9	11.2
247.472	1	3032.1000	1483.0100	8	10.4
247.572	1	2581.6800	1515.1900	9	10.9
247.672	1	3000.3800	1624.1500	9	9.6
247.748	1	5449.8100	1590.8500	9	6.8
247.848	1	3467.6900	1588.4500	9	7.4
247.944	1	2561.7700	1598.5300	9	11.5
248.044	1	1605.0400	1587.1600	5	6.8
248.172	1	2083.6900	1600.5600	5	5.1
248.244	1	2776.1700	1729.2200	7	7.7
248.372	1	3076.2900	1704.0600	9	15.6
248.444	1	2089.4400	1712.8000	9	8.1
248.572	1	2453.5200	1707.5800	9	10.6
248.672	1	3547.5400	1698.5000	7	14.4
248.744	1	4171.4100	1647.9700	9	7.0
248.872	1	4817.8400	1590.6700	9	7.4
248.972	1	2400.2300	1613.1100	7	4.9
249.072	1	2516.7000	1597.6800	5	11.6
249.144	1	2604.8900	1617.3100	7	11.5
249.272	1	2035.0100	1615.7200	6	3.7
249.372	1	3286.6900	1646.4600	5	7.7
249.472	1	1934.9800	1659.2300	5	10.9
249.572	1	2717.5500	1746.6900	8	15.2
249.672	1	2527.2200	1734.5700	7	14.7
249.772	1	1801.7000	1722.3200	6	15.7
249.872	1	2846.9300	1750.2700	5	8.8
249.972	1	2774.8100	1738.7500	9	9.6
250.072	1	2472.2200	1761.2300	7	12.5
250.172	1	4089.9100	1733.7400	6	13.1
250.244	1	2971.0600	1714.9000	6	12.3
250.372	1	2747.2400	1724.6200	7	12.5
250.472	1	3542.2500	1703.2200	6	12.8
250.572	1	3260.0300	1722.2500	5	6.4
250.672	1	3512.4100	1740.1200	7	8.2
250.772	1	2866.7100	1729.3200	7	12.0
250.876	1	2535.9700	1713.3100	5	6.1
251.008	1	3279.1700	1723.3900	6	14.9
251.080	1	2953.1300	1723.3600	5	6.4
251.184	1	3481.9100	1735.5000	5	8.0
251.272	1	3527.4000	1752.3500	7	19.7
251.372	1	4337.1200	1761.9700	9	8.4
251.472	1	2818.4500	1742.4700	5	4.9
251.572	1	2841.6300	1757.7400	7	8.7
251.672	1	3031.2000	1737.4500	5	5.0
251.744	1	2351.0300	1711.1900	5	6.9
251.872	1	4055.9700	1732.0200	8	15.0
251.972	1	3626.3300	1750.2800	7	12.3
252.072	1	3227.1500	1749.4400	5	4.9
252.172	1	2234.7700	1762.5200	4	2.6
252.272	1	2174.8100	1734.3400	5	9.9
252.372	1	3595.5900	1788.9000	7	16.0
252.472	1	3965.5600	1787.5900	7	7.9
252.572	1	1983.8400	1797.5600	5	8.4
252.644	1	3579.0700	1843.5300	7	5.7
252.772	1	1866.0800	1803.1600	6	13.0
252.872	1	3408.0600	1886.2400	5	10.1
252.972	1	2488.9800	1891.6200	5	9.8
253.044	1	2926.4900	1917.0600	9	7.2
253.144	1	2257.6700	1887.2000	5	3.2
253.272	1	2202.8400	1891.2700	5	7.7
253.372	1	2730.3900	1849.8200	7	13.4
253.472	1	2749.8600	1896.0700	6	7.5
253.572	1	3665.2200	1924.1100	6	9.9
253.672	1	4050.5000	1944.2700	7	11.4
253.772	1	2731.6800	1917.6700	5	11.6
253.872	1	1983.0300	1926.5200	6	13.3
253.972	1	3260.2300	1964.7400	6	9.0
254.044	1	2229.8900	1965.9600	6	9.8
254.144	1	2446.6100	1937.4800	5	4.9
254.272	1	2272.6000	1947.3400	9	12.3
254.372	1	2078.3100	1939.7800	4	5.4
254.444	1	4535.0000	1948.0100	8	8.3
254.544	1	2983.7000	1937.5400	6	4.2
254.644	1	3507.8100	1963.2000	7	8.6
254.772	1	3082.1700	1981.1600	6	9.9
254.872	1	4557.9300	1989.6200	6	6.2
254.972	1	4013.7800	1971.0300	8	19.1
255.048	1	4195.7600	1937.0700	6	5.4
255.176	1	4856.7100	1926.5900	7	15.6
255.308	1	4534.0700	1913.9000	6	6.2
255.408	1	5729.4100	1867.6600	8	12.8
255.512	1	7463.1300	1851.7200	9	7.9
255.608	1	6334.2700	1851.8300	7	11.7
255.708	1	6008.2800	1819.7900	6	7.2
255.812	1	5226.8700	1768.7400	6	6.4
255.908	1	6034.6400	1790.6300	6	9.1
256.008	1	4185.7400	1750.0300	7	8.7
256.108	1	4271.2000	1734.9300	7	4.1
256.212	1	4977.4500	1740.1500	7	3.7
256.308	1	8837.2100	1760.6600	8	5.8
256.408	1	7970.4300	1770.0500	8	4.5
256.508	1	6588.3200	1750.5300	6	5.9
256.640	1	8851.9500	1755.6200	7	8.3
256.776	1	8921.0500	1760.8900	7	3.8
256.908	1	10000.6000	1755.2900	8	5.5
257.008	1	7516.8200	1742.1400	7	3.6
257.108	1	9661.6300	1736.4200	8	8.5
257.184	1	6834.7000	1726.8700	9	3.5
257.272	1	6730.6100	1720.8700	6	5.8
257.372	1	8356.4200	1773.7100	8	10.3
257.476	1	6354.6300	1724.1500	8	7.6
257.608	1	4680.4000	1719.0800	5	2.9
257.708	1	11388.7000	1738.1800	9	5.9
257.812	1	5558.6600	1702.7700	5	3.2
257.908	1	8495.9200	1739.1700	7	6.6
258.012	1	8382.9200	1741.1400	6	5.1
258.140	1	5837.0900	1721.9200	7	2.7
258.244	1	8140.3100	1737.4700	6	3.3
258.372	1	7592.0300	1727.4300	7	8.0
258.476	1	7061.2000	1742.2600	6	2.8
258.608	1	6779.9200	1723.0000	6	2.9
258.708	1	7068.5100	1715.7500	6	6.9
258.812	1	8044.2900	1724.5200	5	2.8
258.908	1	6771.2100	1727.7000	5	2.8
259.012	1	5848.1600	1704.3000	7	7.4
259.108	1	8382.5700	1746.4800	7	3.0
259.212	1	8879.5700	1737.8900	7	5.9
259.308	1	6033.8600	1728.5200	6	3.1
259.412	1	7539.6700	1770.2200	8	9.0
259.508	1	4872.8900	1776.1300	9	8.2
259.608	1	5746.9400	1778.6700	6	5.7
259.708	1	6790.3800	1798.2700	6	3.1
259.812	1	4852.1800	1778.9700	9	11.1
259.908	1	5571.7100	1807.2800	7	7.8
260.008	1	4484.7700	1858.9500	5	7.9
260.108	1	3002.6000	1847.2000	5	5.2
260.212	1	6503.0500	1858.1000	6	3.6
260.308	1	5052.0200	1845.6700	6	8.5
260.412	1	9308.6100	1876.3500	8	5.6
260.508	1	5503.1000	1884.7200	7	14.5
260.608	1	3685.3800	1895.8000	6	10.9
260.708	1	5821.3300	1913.8800	5	5.8
260.808	1	4329.1500	1945.6600	7	11.5
260.908	1	3320.4600	1867.1100	8	6.3
261.040	1	3277.2100	1867.7600	5	7.7
261.172	1	9037.4800	1869.4700	9	8.5
261.272	1	13876.1000	1875.7100	8	8.6
261.372	1	8433.0200	1815.1200	9	10.7
261.472	1	8324.6700	1828.9500	6	4.5
261.572	1	9978.4200	1838.8900	6	4.7
261.672	1	8213.6500	1858.9500	5	10.8
261.772	1	6258.0000	1888.4000	5	5.1
261.876	1	9650.1800	1989.6400	5	6.4
262.008	1	8183.6800	1998.9500	5	2.3
262.108	1	6783.6300	1883.8500	8	7.2
262.216	1	5640.6200	1788.3900	5	2.3
262.312	1	4540.8500	1803.6900	7	2.1
262.408	1	5889.0500	1871.8200	5	2.7
262.508	1	4446.1500	1838.2800	7	8.4
262.608	1	7319.9300	1861.3200	6	7.8
262.680	1	4533.5600	1807.0800	6	2.2
262.808	1	6315.7400	1855.2900	6	6.5
262.908	1	7594.1900	1867.8000	6	7.4
263.008	1	8343.3400	1872.9900	6	4.8
263.112	1	5423.3300	1846.7400	5	5.5
263.240	1	9871.9900	1872.0100	6	6.4
263.340	1	4764.9100	1871.2800	6	3.9
263.472	1	8925.4100	1911.3300	6	3.5
263.544	1	7561.9900	1912.9000	6	5.0
263.644	1	9702.6200	1973.8300	9	7.2
263.772	1	3745.9200	1946.9900	5	8.7
263.876	1	4326.1900	1996.6500	7	10.2
264.008	1	6455.8300	1995.0700	7	14.0
264.108	1	8094.7800	1979.3500	6	4.4
264.208	1	5244.2600	1972.5400	6	9.2
264.308	1	5749.6600	1944.6900	7	9.7
264.440	1	5473.5200	1968.2500	6	9.8
264.572	1	6958.0100	1995.1500	7	11.4
264.672	1	6185.9900	2013.2800	6	8.7
264.772	1	5580.8900	2019.3400	5	9.7
264.872	1	3998.0300	1994.6900	7	10.2
264.972	1	6694.5000	2018.3900	8	13.2
265.072	1	2162.6300	1998.5000	9	6.8
265.176	1	3144.0400	2066.9000	9	9.1
265.308	1	3026.4600	2009.4200	7	4.9
265.408	1	2265.4900	2032.1700	6	11.3
265.508	1	2923.9000	2036.2200	6	10.1
265.608	1	3008.4400	2074.8200	9	13.4
265.712	1	3852.0300	2101.8000	7	8.5
265.808	1	2868.4100	2117.0300	6	8.8
265.880	1	3900.2100	2145.8100	6	4.1
265.976	1	3271.4600	2093.8900	7	16.3
266.108	1	3262.5400	2099.6000	7	8.8
266.208	1	5870.9900	2099.6600	9	19.0
266.308	1	4216.6800	2150.9700	6	8.5
266.408	1	5449.6500	2157.3700	7	8.2
266.508	1	3301.4900	2152.2400	5	5.2
266.608	1	2144.7800	2125.4000	6	12.7
266.708	1	3035.4600	2158.1100	7	11.4
266.808	1	3972.7600	2170.3200	9	11.8
266.908	1	3156.7400	2155.4600	8	6.4
267.008	1	2462.1100	2125.8600	8	9.9
267.112	1	2957.2100	2148.3500	6	11.5
267.240	1	3964.1600	2175.3700	7	5.7
267.372	1	3814.8900	2125.5700	6	13.4
267.444	1	4796.1500	2193.5100	7	8.3
267.572	1	5243.0500	2199.5500	9	16.9
267.644	1	2718.9400	2140.2200	6	6.7
267.772	1	2354.6300	2142.6900	5	7.4
267.872	1	2502.6700	2135.4600	4	5.7
267.972	1	2099.4700	2092.4800	5	10.5
268.072	1	2087.9000	2077.6000	6	13.7
268.172	1	2062.7700	2049.6000	6	8.7
268.244	1	2151.0300	2030.0900	5	7.2
268.372	1	2383.8000	2004.2500	6	10.2
268.472	1	2305.7400	1989.1800	4	4.0
268.576	1	2157.2400	1968.0200	4	3.2
268.676	1	2701.9200	1984.8800	5	2.1
268.808	1	1967.4900	1965.6500	4	2.9
268.908	1	2278.1200	1964.2800	4	1.4
269.008	1	2143.4400	1966.8600	4	3.3
269.108	1	3246.6000	1967.0000	6	7.5
269.208	1	3389.9900	1992.9600	5	5.8
269.308	1	2118.4000	1978.7500	4	4.0
269.440	1	2274.4100	1980.6200	8	7.1
269.572	1	3110.7900	2012.2400	6	3.4
269.672	1	2885.8700	2001.7500	6	3.4
269.776	1	2249.9000	2015.9800	4	6.2
269.856	1	2186.3600	1995.0000	4	2.1
269.976	1	2228.6000	1999.3400	4	4.2
270.108	1	2204.3400	1990.5500	4	2.4
270.180	1	2590.4300	1995.3000	5	2.5
270.308	1	2140.9600	2002.1800	4	1.7
270.408	1	2803.3500	2009.4000	5	2.9
270.508	1	2119.9400	1981.1100	4	3.9
270.608	1	2331.7400	1982.7700	6	3.6
270.740	1	2428.5900	2000.6800	6	5.3
270.844	1	1994.8800	1992.1800	4	2.3
270.944	1	2776.0200	1987.5100	5	3.6
271.048	1	2570.3900	1964.2600	6	3.5
271.172	1	2118.4900	1952.3600	4	1.2
271.276	1	2116.7500	1960.7000	4	1.2
271.408	1	2626.4400	1980.3800	5	1.6
271.508	1	2729.9300	1981.7000	5	4.3
271.608	1	2407.0500	1998.0100	6	5.8
271.708	1	2352.6900	2014.3000	5	3.8
271.808	1	2165.9900	2012.2000	4	6.0
271.880	1	2261.1500	2020.0700	5	3.0
272.008	1	2119.4500	1993.5500	7	9.7
272.108	1	2159.5300	1998.8400	5	3.6
272.208	1	2694.9500	2009.1700	5	1.9
272.308	1	2679.3200	2018.1900	5	4.4
272.408	1	2959.4300	2005.8700	9	5.8
272.508	1	3423.9900	2009.2900	5	4.8
272.644	1	2626.2800	1992.8200	6	5.3
272.772	1	2256.2500	1992.8500	5	4.7
272.872	1	2935.2800	2008.6700	6	7.9
272.972	1	2279.4700	2028.1900	6	4.2
273.072	1	2219.7100	2012.2200	4	3.2
273.172	1	2870.4400	2066.7200	5	5.1
273.272	1	2023.5600	2019.8800	4	5.9
273.372	1	2231.7600	2017.6300	4	2.5
273.472	1	2463.1100	2023.9900	5	2.7
273.572	1	2278.1900	2026.0600	4	3.8
273.644	1	2775.8500	2049.6200	5	3.0
273.772	1	3131.4900	2036.4500	5	4.0
273.872	1	2308.2700	2014.9800	4	3.9
273.944	1	2676.8900	2016.7100	5	3.8
274.044	1	2386.6100	2004.1500	9	9.0
274.172	1	2190.1700	1986.1900	4	3.9
274.272	1	2321.1500	1979.5600	4	3.0
274.372	1	1970.5500	1969.2600	4	2.9
274.472	1	2443.9700	1995.7900	5	1.9
274.572	1	2187.5900	1990.2700	5	6.5
274.672	1	2899.2100	1987.5200	5	3.6
274.772	1	1969.6000	1968.5300	5	5.6
274.872	1	2260.1400	1972.8700	5	3.7
274.972	1	2096.4200	1978.4000	4	3.1
275.072	1	2729.4900	1983.5100	5	2.5
275.172	1	2722.4000	1989.1300	5	4.6
275.244	1	2499.8700	1978.3900	5	2.6
275.372	1	3464.7600	1994.2900	6	6.0
275.472	1	2179.7100	1960.2100	5	2.2
275.572	1	3080.1600	1974.7400	5	6.5
275.672	1	1952.0600	1950.8200	4	4.7
275.772	1	2211.8300	1954.5200	6	5.5
275.872	1	1952.0700	1950.9100	4	2.1
275.972	1	2908.9400	1962.9200	6	2.7
276.072	1	2543.7500	1961.9400	6	6.4
276.172	1	1951.9800	1950.7600	5	2.7
276.272	1	2391.4100	1957.4100	5	5.1
276.372	1	2404.2800	1962.0000	5	8.2
276.472	1	1951.9400	1950.7900	4	3.6
276.576	1	3308.2500	1971.8800	6	3.8
276.672	1	2329.5500	1964.9600	5	2.8
276.772	1	2330.0800	1955.4600	5	2.8
276.872	1	3117.7600	1970.3900	6	5.0
276.944	1	1951.8400	1950.6500	5	1.6
277.040	1	2211.0600	1954.7600	7	5.7
277.172	1	1951.8100	1950.6700	4	1.8
277.272	1	3293.0300	1974.2400	6	6.1
277.372	1	2740.6000	1964.4400	6	4.0
277.444	1	1951.9600	1950.6400	5	1.4
277.572	1	3304.3500	1984.1700	5	5.5
277.644	1	2940.9400	1961.3400	7	3.1
277.776	1	2191.5600	1953.2600	5	2.1
277.872	1	4385.8000	1974.0600	7	6.2
277.972	1	2631.9300	1965.0500	5	2.9
278.072	1	2192.6200	1954.4200	5	1.5
278.176	1	1951.7100	1950.6300	5	2.0
278.308	1	2200.2100	1954.1900	5	3.0
278.408	1	1951.7100	1950.6600	6	5.8
278.508	1	2727.8800	1956.9600	5	2.1
278.608	1	1951.6300	1950.5900	6	4.9
278.708	1	2723.2500	1962.7500	5	3.8
278.808	1	2320.8300	1954.9700	6	2.3
278.908	1	2623.8500	1961.5000	5	6.1
279.008	1	2479.4500	1963.6400	5	5.6
279.108	1	2310.9600	1953.6000	5	5.6
279.208	1	3222.0700	1959.8300	5	1.5
279.308	1	1951.5400	1950.5300	5	3.0
279.408	1	3292.2700	1977.4800	6	6.0
279.508	1	2398.2600	1985.7800	5	1.4
279.608	1	1951.8900	1950.6400	5	1.2
279.708	1	1951.7100	1950.7000	5	3.3
279.840	1	3007.6800	1968.3200	5	5.0
279.972	1	1951.8900	1950.8200	4	1.8
280.072	1	3491.0900	2110.3600	5	2.0
280.172	1	7452.7400	2188.2900	6	4.2
280.272	1	11161.1000	3233.0800	9	4.4
280.372	1	3529.2000	3529.2000	9	1.0
280.472	1	3174.5200	2040.8800	9	6.6
280.572	1	2414.0000	1965.1800	9	3.9
280.648	1	2442.9700	1971.0400	9	3.1
280.772	1	2668.7800	1961.1400	6	4.2
280.872	1	2124.1700	1954.3900	5	5.8
280.972	1	3380.6100	1967.4900	6	8.7
281.072	1	2913.5000	1975.1000	5	4.4
281.172	1	2732.8700	1996.6900	7	4.6
281.272	1	2683.0600	1992.0200	5	4.3
281.372	1	1998.2700	1996.0400	5	5.6
281.472	1	2640.4400	1994.2600	5	3.4
281.572	1	2162.9800	1998.2200	5	4.2
281.672	1	2936.1100	1994.5000	5	5.5
281.772	1	3114.9100	2009.8900	6	4.9
281.872	1	2745.6800	2004.9100	9	6.1
281.972	1	2680.4700	1999.1100	5	5.4
282.076	1	3025.8900	2010.2500	5	5.9
282.208	1	3794.5300	2033.9800	5	4.8
282.308	1	2046.8100	2044.6000	5	4.0
282.412	1	2933.3800	2027.8900	5	2.4
282.508	1	2548.2400	2035.0800	6	5.9
282.612	1	2212.7100	2025.0600	6	7.0
282.708	1	2375.7900	2022.3400	7	8.0
282.808	1	2844.1900	2037.6400	9	7.1
282.908	1	2260.8100	1988.8900	6	4.0
283.008	1	2494.0500	2008.2900	9	3.1
283.108	1	2489.9800	1993.2000	9	4.5
283.208	1	2885.9600	1994.0900	6	6.6
283.308	1	1983.9400	1981.9700	6	3.5
283.408	1	2852.8700	2002.3500	6	2.8
283.508	1	3833.0400	2016.9200	5	4.8
283.608	1	1969.1000	1967.8600	6	2.7
283.708	1	1964.8100	1964.1300	5	5.8
283.808	1	1964.8100	1964.1300	5	5.2
283.908	1	1964.8200	1964.1400	5	4.9
284.008	1	1958.1200	1957.4400	5	4.5
284.112	1	2711.1200	1961.2000	5	2.9
284.208	1	2760.1800	1959.1600	6	4.1
284.308	1	1953.1600	1952.4400	5	2.8
284.408	1	2553.1600	1956.1300	7	2.8
284.508	1	2343.9000	1954.5700	5	3.3
284.608	1	3403.7100	1970.3600	5	2.0
284.740	1	3009.8000	1965.1800	6	6.4
284.872	1	1953.3100	1952.4500	4	5.3
284.972	1	1953.1100	1952.4500	5	3.0
285.072	1	3045.4200	1974.4800	6	4.5
285.172	1	2563.7600	1958.9600	6	5.9
285.272	1	2391.4800	1956.6200	6	1.9
285.372	1	2342.9600	1958.2100	6	3.8
285.472	1	2241.6100	1955.4900	6	5.4
285.544	1	2342.9500	1958.1400	6	4.8
285.672	1	2259.1600	1960.8100	5	2.1
285.772	1	1958.8000	1958.1400	5	6.2
285.844	1	3241.7600	1966.3500	7	5.1
285.944	1	1958.8500	1958.1500	6	2.6
286.044	1	2787.6700	1969.2300	6	4.0
286.172	1	1965.9300	1965.2400	5	2.8
286.272	1	2516.1500	1973.4800	6	2.7
286.372	1	1955.0400	1954.3300	6	4.5
286.472	1	2184.0000	1954.4200	6	6.3
286.572	1	3100.1200	1972.8100	6	2.6
286.672	1	1958.7800	1957.9900	7	2.7
286.772	1	2664.9400	1960.4200	7	5.7
286.872	1	2586.1100	1968.9500	5	1.9
286.972	1	2651.5200	1979.4500	6	3.4
287.072	1	1963.8700	1962.8800	5	6.3
287.148	1	2229.9500	1953.9900	7	2.3
287.272	1	2464.8800	1955.3700	6	4.4
287.372	1	2246.7000	1955.4600	6	6.1
287.472	1	2566.4900	1955.2700	6	3.1
287.572	1	2459.4000	1953.7500	5	2.7
287.672	1	2338.3500	1954.1700	6	3.4
287.776	1	1951.0900	1950.4600	6	1.5
287.908	1	2262.8700	1956.0800	6	1.9
288.008	1	2896.9000	1968.5400	6	1.7
288.108	1	1953.3200	1952.6200	7	1.8
288.208	1	2381.0500	1956.2800	6	1.7
288.308	1	2502.4600	1959.8200	7	6.0
288.408	1	1960.4600	1959.8300	6	5.8
288.540	1	3705.9100	1980.8900	7	5.8
288.644	1	1975.6100	1973.9600	6	6.6
288.772	1	1975.4000	1974.7700	5	4.3
288.876	1	1975.4900	1974.7700	6	2.9
289.008	1	3078.2700	1983.3300	6	2.0
289.108	1	3190.8400	1995.1200	7	4.9
289.212	1	1985.6200	1984.8000	5	4.6
289.308	1	6486.1700	2051.4400	9	8.1
289.408	1	2555.1100	1990.3200	7	6.5
289.508	1	3417.8900	2006.1300	7	5.0
289.640	1	1994.9800	1994.4100	5	4.0
289.744	1	4311.3600	2015.2900	9	5.1
289.872	1	3113.1200	2011.7500	6	7.7
289.972	1	2247.5100	1986.3800	4	1.8
290.072	1	2251.1000	1990.6700	8	6.5
290.172	1	2000.3400	1997.2200	5	1.5
290.276	1	2397.2900	2009.1400	8	2.3
290.408	1	3625.9700	2019.7100	9	4.3
290.508	1	1996.2400	1995.7500	5	3.5
290.608	1	2609.9000	1997.3600	6	5.1
290.708	1	2004.4500	2002.8200	6	4.9
290.808	1	2303.1000	2021.6600	5	6.7
290.908	1	2029.1400	2026.3200	7	8.1
291.008	1	2048.0100	2046.8100	7	12.5
291.108	1	2069.3200	2068.7300	6	3.9
291.212	1	2075.4600	2074.8900	6	3.0
291.308	1	2509.9100	2128.6700	6	5.0
291.408	1	2915.5700	2139.9200	7	7.4
291.508	1	1995.6800	1992.1900	6	3.4
291.616	1	2686.4500	1999.7900	8	3.7
291.740	1	2378.6600	1980.5800	7	5.2
291.872	1	1979.9900	1979.1400	6	4.4
291.972	1	1983.9200	1982.4000	7	7.9
292.076	1	1984.3100	1983.6500	7	4.1
292.172	1	2470.0400	1984.2700	6	5.1
292.272	1	1987.4600	1986.9500	7	3.8
292.372	1	1988.2700	1987.7400	7	3.4
292.444	1	2339.2000	1983.2900	8	8.0
292.572	1	2464.2400	1998.0900	6	7.7
292.672	1	2499.5300	2007.4400	9	6.1
292.772	1	2007.5900	2003.7100	7	10.7
292.876	1	2450.0300	2008.9700	5	4.7
292.948	1	2000.9500	1999.8700	7	3.1
293.072	1	2002.3500	2001.4600	7	3.3
293.172	1	3213.0200	2042.8400	7	8.1
293.244	1	2159.6700	2012.5800	9	6.7
293.372	1	1995.0900	1992.4600	5	5.7
293.444	1	2737.3800	1994.2700	6	2.3
293.572	1	1980.7900	1980.0100	7	4.1
293.672	1	2406.4500	1987.6000	7	3.7
293.772	1	3978.5700	2066.9800	9	5.7
293.872	1	2304.8200	1995.6300	7	5.6
293.944	1	2614.2800	1984.0800	8	6.7
294.076	1	3700.1400	2045.2400	9	5.1
294.208	1	2435.9100	1985.9200	6	3.6
294.308	1	2688.1900	1980.3000	8	7.6
294.412	1	1969.8700	1969.2300	8	10.1
294.512	1	1969.8400	1969.2500	7	3.1
294.608	1	3650.7200	2022.5300	9	5.3
294.712	1	2637.8100	1990.2800	4	1.7
294.808	1	3039.0700	2016.2100	9	4.6
294.908	1	1969.3900	1968.6400	6	5.2
295.008	1	2446.1700	1991.8700	7	2.5
296.076	0	66679.6000	888.5880	9	5.1
296.172	1	2353.5500	915.0500	9	6.2
296.244	1	612.2500	256.4260	9	11.7
296.372	1	7507.2000	345.7080	9	3.6
296.472	1	1295.5000	223.2410	9	9.5
296.572	1	301.1610	178.0990	9	11.5
296.672	1	553.2520	150.9150	9	9.8
296.772	1	764.7430	325.0380	9	9.4
296.872	1	561.1070	286.3140	9	10.5
296.972	1	307.3760	259.8050	9	8.5
297.072	1	330.5690	299.6640	9	6.4
297.172	1	312.8210	259.2600	9	11.2
297.248	1	388.0460	342.9410	9	11.4
297.344	1	430.1750	331.7320	9	13.8
297.472	1	465.8650	363.9420	9	7.9
297.572	1	445.6200	359.4900	9	17.5
298.708	0	52475.3000	969.3540	9	4.6
298.808	1	2070.5300	848.4860	9	21.5
298.908	1	753.4390	311.1930	9	10.5
299.008	1	352.6950	264.3930	9	18.8
299.108	1	298.4040	256.3750	9	12.7
299.212	1	448.9620	324.4340	9	9.1
299.340	1	345.3020	242.3020	9	11.0
299.440	1	384.8270	270.0250	9	13.1
299.540	1	262.8740	221.2770	9	5.5
299.672	1	317.4750	233.2150	9	8.5
299.772	1	828.9590	259.4230	9	7.4
299.872	1	413.7750	250.1720	9	9.2
299.972	1	227.5930	199.8760	9	9.1
300.072	1	375.9920	230.6410	9	10.5
300.172	1	321.5000	227.4760	9	11.3
300.272	1	361.0130	259.0580	9	10.3
300.344	1	293.7630	221.3580	9	11.8
300.472	1	334.5610	213.1020	9	14.8
300.572	1	454.7050	225.4810	9	4.4
300.672	1	357.3770	258.1600	9	7.5
300.772	1	503.6600	285.3260	9	3.6
300.844	1	343.4100	257.8860	9	3.5
300.976	1	329.9860	237.0730	9	8.4
301.108	1	362.6400	239.1220	9	13.0
301.240	1	492.9200	272.8760	9	5.0
301.344	1	397.9510	284.1640	8	11.0
301.440	1	467.5250	280.8350	9	13.5
301.540	1	320.6840	238.6760	9	10.4
301.672	1	330.2070	244.6610	9	9.1
301.772	1	490.7760	271.5440	9	14.9
301.844	1	450.9030	293.6300	9	5.2
301.944	1	444.2100	275.1020	9	5.8
302.076	1	443.6140	281.9580	9	9.4
302.176	1	408.6920	314.6220	9	7.7
302.276	1	440.2340	357.0060	9	17.1
302.412	1	404.5990	357.5380	9	5.4
302.508	1	543.2080	386.8400	9	10.8
302.608	1	410.7820	325.1120	9	6.0
302.708	1	494.5080	387.8560	9	6.1
302.808	1	562.8670	354.4070	9	12.9
302.908	1	446.8330	340.4210	9	16.9
302.988	1	558.1280	382.0800	9	6.4
303.108	1	425.4530	314.9700	9	12.4
303.208	1	586.6510	364.9320	9	15.5
303.308	1	689.7420	347.6980	9	11.2
303.408	1	571.4290	331.8890	9	7.6
303.484	1	577.9870	347.8710	9	10.1
303.576	1	475.4170	305.1760	8	11.3
303.708	1	452.8320	324.0810	9	14.6
303.808	1	430.0920	363.6940	9	11.1
303.908	1	409.9220	320.5710	9	12.6
304.008	1	969.0320	371.7850	9	9.6
304.108	1	594.4080	361.4910	9	10.1
304.208	1	532.3270	384.3860	9	9.0
304.308	1	636.8110	398.6900	9	10.7
304.408	1	1016.7300	389.5060	9	10.7
304.508	1	685.7910	424.3610	9	15.3
304.640	1	921.1820	418.9810	9	6.7
304.772	1	982.2180	465.9890	9	5.9
304.872	1	859.6380	445.9060	5	8.8
304.972	1	1424.1700	489.1910	6	12.0
305.072	1	853.9120	458.3750	9	7.9
305.172	1	824.0180	502.4760	9	8.6
305.276	1	902.5320	495.2950	9	8.1
305.408	1	692.9070	527.5570	9	7.2
305.508	1	641.4460	470.0940	9	8.8
305.608	1	664.8850	423.9720	9	7.0
305.740	1	971.3190	489.4900	9	8.0
305.844	1	1010.8800	433.5380	9	7.7
305.972	1	952.4580	464.4090	9	9.8
306.072	1	1193.7100	471.0760	9	16.4
306.144	1	1115.9900	515.5310	7	9.6
306.244	1	927.7720	590.9450	8	11.0
306.344	1	936.2510	581.0750	9	5.8
306.476	1	709.0690	582.3090	5	12.5
306.576	1	704.7280	572.0590	9	6.5
306.708	1	938.0440	610.1030	5	3.9
306.808	1	1113.6800	671.2620	9	6.9
306.908	1	814.3180	610.6650	9	10.3
307.008	1	1150.7500	645.9580	9	8.1
307.112	1	1176.6600	644.9320	6	14.6
307.188	1	1101.1100	627.4960	7	9.5
307.308	1	1211.4200	687.6830	7	9.7
307.408	1	1886.3100	690.2590	8	9.5
307.508	1	1338.8900	723.4740	9	16.4
307.608	1	1734.1800	752.9460	7	14.9
307.708	1	1712.3400	757.8540	8	9.6
307.840	1	1293.8200	776.8810	8	11.8
307.972	1	1059.3900	766.4170	6	14.0
308.072	1	1092.9400	720.3680	9	21.2
308.172	1	1952.6700	751.1670	7	13.0
308.272	1	1084.1000	766.5660	7	18.8
308.372	1	933.7870	760.8660	6	9.0
308.476	1	861.9860	728.9350	7	5.1
308.612	1	1297.2600	739.5930	9	7.7
308.740	1	1348.9500	704.0250	7	6.9
308.844	1	2058.3200	765.8200	7	11.6
308.972	1	1156.8600	768.3420	7	8.2
309.072	1	884.9550	747.9860	7	8.8
309.172	1	1251.2700	768.9540	6	9.7
309.272	1	1780.7100	752.5840	8	20.2
309.372	1	1681.0900	780.2150	6	15.7
309.472	1	1106.5800	771.2410	6	19.3
309.572	1	1134.8900	784.6130	7	13.4
309.672	1	1126.7900	824.4160	9	14.1
309.744	1	1298.0600	822.0530	6	4.6
309.872	1	1151.2400	798.5360	7	12.6
309.972	1	1696.7200	852.0450	9	20.1
310.044	1	1551.7600	821.4730	8	6.1
310.172	1	926.8540	794.9750	6	9.4
310.272	1	1441.0200	853.5520	7	5.9
310.372	1	1236.8400	844.1700	9	13.1
310.472	1	1352.9900	851.6860	7	12.2
310.572	1	1359.4200	838.8130	7	14.8
310.672	1	1446.6100	884.1410	9	16.7
310.772	1	1236.8900	841.0590	9	11.1
310.872	1	957.3930	819.2780	9	16.1
310.972	1	1084.0300	820.6300	9	17.2
311.072	1	1193.7100	868.0910	9	11.9
311.172	1	2492.7200	937.6310	9	9.7
311.276	1	1415.9400	922.7270	9	12.6
311.408	1	2107.1200	920.3590	9	8.8
311.508	1	1050.6800	898.3460	9	8.2
311.608	1	1623.1400	919.3300	9	10.3
311.708	1	1993.6900	898.7110	9	13.3
311.812	1	2039.0200	998.1280	9	13.3
311.912	1	2366.0000	920.6580	8	11.0
312.012	1	2281.0300	908.4200	6	15.3
312.108	1	1907.4400	947.8510	9	9.5
312.212	1	2055.4500	901.1620	8	7.0
312.340	1	1660.0500	870.8580	8	11.5
312.472	1	3022.1700	863.4610	9	16.2
312.572	1	2632.8700	898.8930	9	17.7
312.672	1	3395.1400	870.1430	7	13.7
312.772	1	2987.2800	891.9600	9	10.0
312.844	1	2988.7600	906.3580	6	3.8
312.972	1	1274.7000	815.8500	6	6.3
313.076	1	3021.0300	776.8240	6	4.4
313.208	1	4925.3100	806.5390	9	12.5
313.308	1	3683.1800	799.4030	6	4.4
313.408	1	5264.2600	777.7210	9	4.5
313.512	1	2653.1100	789.9140	7	4.5
313.608	1	2572.3400	777.2970	6	10.4
313.708	1	2548.8100	800.1450	9	10.6
313.808	1	5152.7000	868.6200	9	12.5
313.940	1	2418.5400	807.1430	9	12.8
314.072	1	4023.9900	829.5670	9	13.7
314.172	1	3883.3800	823.9220	9	15.1
314.276	1	6731.1100	886.5760	9	12.4
314.372	1	3730.6800	866.8640	9	12.0
314.472	1	5462.1000	924.9330	9	12.4
314.572	1	4812.1800	846.8090	9	15.6
314.672	1	5333.0800	814.7370	9	10.1
314.776	1	4234.5100	790.5110	9	8.7
314.908	1	7276.2000	840.6690	8	13.4
315.008	1	5420.5300	808.1820	6	7.1
315.108	1	3342.5800	827.6460	6	5.5
315.212	1	3306.7100	822.9250	9	9.9
315.308	1	3999.6600	877.0080	8	10.5
315.412	1	3456.2600	912.7860	9	8.1
315.540	1	2372.3900	916.4630	7	9.4
315.672	1	2327.6800	893.9160	6	10.3
315.772	1	4754.6600	930.8210	8	13.9
315.872	1	4336.8000	975.7310	9	14.6
315.976	1	4407.6100	1012.3200	9	9.7
316.108	1	3383.5200	962.8020	7	6.5
316.184	1	2922.5700	977.8790	8	10.8
316.276	1	1807.7700	980.3610	7	11.4
316.408	1	5277.1900	1061.5500	8	13.0
316.508	1	6694.4500	1062.4000	9	8.4
316.608	1	4094.0500	1050.2700	9	12.7
316.708	1	3135.9900	1056.4200	9	10.5
316.808	1	3202.6500	1069.6800	9	18.2
316.940	1	5311.0100	1086.7000	7	7.1
317.072	1	4751.1500	1036.7500	9	15.4
317.172	1	5305.3600	1076.7800	8	11.1
317.272	1	6770.6300	1102.0700	7	14.8
317.372	1	5551.4300	1012.1100	7	13.2
317.452	1	4206.7900	1042.9400	8	5.3
317.576	1	6329.5500	1040.7200	9	19.0
317.672	1	4490.3800	1014.9700	9	15.5
317.772	1	7823.8600	1006.5300	9	14.4
317.872	1	4775.4900	948.5770	9	10.6
317.976	1	8304.7200	952.0940	9	9.7
318.108	1	6547.2800	903.0010	9	3.5
318.208	1	9150.1600	926.1920	9	6.4
318.308	1	8230.8000	914.4800	9	7.0
318.408	1	5233.6900	885.9040	9	10.5
318.512	1	5650.1000	874.9860	9	5.5
318.608	1	3333.2200	840.1140	9	4.4
318.708	1	6583.7700	869.6390	9	14.2
318.808	1	2529.9600	815.5510	7	4.5
318.908	1	4796.9400	828.1900	9	8.6
319.008	1	7606.0800	850.6340	9	7.4
319.108	1	13670.4000	904.8140	9	10.0
319.208	1	6080.1800	823.9980	9	9.6
319.308	1	5561.3500	830.7060	9	3.6
319.408	1	8669.4600	893.3560	9	10.9
319.508	1	8797.8100	855.7200	9	9.5
319.608	1	9462.6500	888.9570	9	7.0
319.708	1	7151.4600	856.1150	9	8.7
319.812	1	12282.9000	877.0460	9	7.0
319.908	1	10396.3000	870.5690	7	5.4
320.008	1	7957.0700	859.6730	9	2.9
320.108	1	4038.8100	822.9610	9	3.4
320.208	1	6983.8500	841.4290	9	5.2
320.312	1	9423.2500	871.9880	9	5.4
320.408	1	10409.1000	858.5050	8	3.3
320.508	1	12079.0000	867.2900	9	5.9
320.608	1	7039.8400	825.4470	9	12.2
320.708	1	14860.4000	890.5870	9	8.8
320.808	1	9627.2100	864.2450	9	2.4
320.908	1	4821.3700	827.8700	9	6.7
321.008	1	11448.8000	883.7470	9	7.0
321.120	1	7819.0600	874.6260	9	2.9
321.208	1	10691.3000	887.7450	9	5.8
321.308	1	4704.6300	827.4830	9	8.4
321.408	1	8414.1200	897.1910	9	10.5
321.508	1	8031.0900	885.4110	9	4.8
321.608	1	4413.2200	873.3790	9	6.1
321.712	1	8268.0400	890.5960	9	11.0
321.808	1	3520.4000	857.4330	9	10.1
321.908	1	5634.5300	884.0450	9	4.5
322.008	1	9199.5400	901.3240	9	7.2
322.088	1	9054.1100	938.3370	9	6.2
322.208	1	5977.9100	966.7690	9	14.0
322.308	1	9242.8000	954.1010	9	14.3
322.408	1	7400.2400	969.5420	9	4.6
322.508	1	2065.1100	950.5120	9	11.0
322.608	1	6288.8600	1010.7600	9	12.9
322.708	1	3221.3000	983.1950	9	4.5
322.812	1	2993.3300	993.0500	9	10.3
322.908	1	5309.1700	1012.2000	9	18.5
323.008	1	4544.7100	1008.4600	9	5.6
323.108	1	7799.7500	1054.0100	9	14.4
323.208	1	2004.2900	1073.4700	8	6.3
323.308	1	7016.8100	1158.1800	8	6.2
323.408	1	2301.1200	1192.7100	9	16.9
323.508	1	1620.3100	1165.5500	9	8.5
323.608	1	1581.7700	1132.5800	8	9.0
323.708	1	6576.1300	1180.3500	9	8.6
323.808	1	2929.4700	1147.4600	9	10.7
323.940	1	3130.2200	1119.9200	8	7.2
324.072	1	1925.2000	1145.0600	8	18.7
324.172	1	1215.3100	1115.8200	9	13.2
324.272	1	6763.3400	1164.3800	9	14.8
324.372	1	5109.1800	1186.4700	9	11.3
324.472	1	4397.8900	1173.0800	9	15.3
324.572	1	2264.0600	1199.6700	8	14.3
324.672	1	2942.9500	1199.7300	8	6.6
324.772	1	3709.2700	1246.2900	8	14.8
324.872	1	4251.3300	1213.1800	7	14.4
324.972	1	2436.1200	1212.5300	9	19.6
325.072	1	4282.4300	1234.3100	8	13.1
325.172	1	6208.7000	1235.7300	8	10.6
325.272	1	2420.4100	1200.6700	8	9.3
325.372	1	6367.9100	1175.8300	8	10.5
325.476	1	4002.0700	1205.4300	8	8.1
325.608	1	1321.6800	1205.7600	8	12.9
325.708	1	6141.5200	1242.0900	9	14.1
325.812	1	3088.9800	1263.5500	9	10.0
325.940	1	2972.5100	1275.5100	8	10.8
326.076	1	6323.8800	1303.6900	8	8.0
326.208	1	4480.5500	1341.4500	9	14.8
326.308	1	2127.8800	1326.5000	9	8.4
326.408	1	3861.8000	1323.4900	9	17.1
326.508	1	3970.1500	1332.6100	9	19.5
326.608	1	6743.6200	1334.4700	8	6.4
326.708	1	1445.7300	1303.3500	9	13.0
326.808	1	6244.8600	1287.8800	8	14.9
326.908	1	7298.2800	1349.9900	9	13.8
327.008	1	4739.7700	1364.8500	8	8.3
327.108	1	4247.3100	1307.9900	9	15.6
327.208	1	4982.5500	1308.5100	9	10.5
327.308	1	5610.2800	1275.6100	9	6.6
327.440	1	6264.9400	1271.8100	9	10.9
327.572	1	15488.2000	1280.1100	8	14.5
327.672	1	9788.0000	1280.8700	9	13.7
327.744	1	15388.1000	1259.6000	9	7.2
327.872	1	11550.1000	1275.9400	9	11.0
327.972	1	9434.0800	1205.8100	9	11.7
328.072	1	9970.4200	1171.9000	9	11.3
328.172	1	5880.9300	1166.7400	9	10.8
328.272	1	11990.7000	1165.8300	9	4.2
328.372	1	10646.6000	1150.9000	9	11.4
328.472	1	8378.3700	1153.9400	9	9.9
328.572	1	9316.4200	1150.0200	9	11.8
328.644	1	11100.3000	1170.5100	9	4.3
328.744	1	5941.0300	1135.5300	9	8.5
328.876	1	11199.1000	1164.7900	9	5.6
329.008	1	19037.0000	1207.7500	9	11.6
329.108	1	19927.5000	1192.8100	9	4.2
329.208	1	16692.9000	1176.4900	9	5.2
329.308	1	10136.2000	1161.6300	9	6.7
329.408	1	15084.3000	1182.7800	9	5.5
329.508	1	14756.6000	1187.2400	9	6.3
329.608	1	13070.9000	1190.7500	9	8.9
329.708	1	11205.7000	1160.1500	9	7.6
329.812	1	10048.9000	1152.3500	8	3.9
329.940	1	19083.0000	1177.4000	8	8.6
330.044	1	13198.8000	1156.2500	9	6.8
330.144	1	17609.6000	1154.6300	9	3.4
330.272	1	12033.7000	1147.3600	9	3.9
330.372	1	10406.4000	1168.2400	9	8.4
330.472	1	16847.4000	1154.3700	9	9.2
330.572	1	6276.9600	1147.6500	9	10.9
330.672	1	11560.9000	1170.9100	9	8.0
330.744	1	6669.9500	1160.0400	9	5.3
330.872	1	9139.4800	1190.7600	9	8.7
330.972	1	10800.0000	1196.9100	9	11.2
331.072	1	8798.5800	1187.7000	9	11.6
331.172	1	8899.4100	1213.3500	9	8.4
331.272	1	8491.4400	1233.3300	9	13.8
331.372	1	9145.9700	1215.4800	9	13.9
331.444	1	8578.0400	1225.7500	9	10.6
331.572	1	7088.0800	1216.9800	9	13.2
331.672	1	3544.7300	1198.4500	9	8.3
331.772	1	5991.0500	1283.4200	9	10.9
331.872	1	17413.0000	1324.4200	9	9.3
331.972	1	15975.0000	1326.0500	9	18.8
332.072	1	3266.3400	1309.4000	9	13.2
332.172	1	13079.0000	1300.5400	9	6.7
332.272	1	11506.4000	1360.8200	9	17.7
332.372	1	6304.7700	1374.9900	9	16.4
332.472	1	3225.3700	1405.4500	9	10.5
332.572	1	9247.8800	1446.1400	9	6.8
332.672	1	4504.8800	1441.5900	9	10.8
332.772	1	6869.6900	1447.0100	9	7.6
332.876	1	2224.5900	1462.9100	9	11.9
333.008	1	4502.2600	1460.3000	9	17.0
333.108	1	4453.8600	1465.4500	8	15.3
333.212	1	1787.5700	1448.4100	9	6.8
333.340	1	2536.6500	1447.5500	9	5.0
333.444	1	2729.7200	1439.4500	9	13.7
333.544	1	5657.3400	1437.0600	9	10.8
333.672	1	3914.9500	1406.5200	9	12.3
333.772	1	1849.2000	1340.5300	9	19.4
333.872	1	3049.7300	1362.7800	9	12.3
333.972	1	5378.2500	1402.0200	9	13.6
334.072	1	4401.0300	1388.4400	9	13.7
334.172	1	3349.1000	1399.5600	9	7.0
334.276	1	1473.0400	1390.6500	9	13.8
334.376	1	4759.9300	1425.1900	9	13.8
334.508	1	3512.9500	1464.8900	9	8.2
334.608	1	6351.9400	1461.7200	9	15.7
334.740	1	3533.5100	1433.7900	9	4.2
334.872	1	2744.2000	1527.1200	9	7.8
334.972	1	5372.9100	1474.5000	9	10.8
335.072	1	4963.3100	1440.6000	9	14.6
335.172	1	3047.3000	1414.1200	9	16.6
335.244	1	3940.3500	1424.7700	9	9.0
335.344	1	2171.7800	1458.4500	9	9.4
335.440	1	6450.0700	1475.3800	9	11.3
335.544	1	2076.4100	1481.1700	9	4.5
335.672	1	4567.5100	1472.2900	8	12.2
335.772	1	2163.0400	1473.2600	9	6.8
335.872	1	6260.0600	1492.0200	9	9.2
335.972	1	1559.5400	1470.4600	9	11.3
336.072	1	5660.3500	1513.3900	9	10.0
336.148	1	2001.6100	1536.2100	9	7.7
336.248	1	5801.1100	1577.9600	9	8.9
336.372	1	5209.7900	1554.0200	9	21.1
336.472	1	3163.1600	1564.5800	9	16.9
336.572	1	12465.8000	1622.7800	9	19.0
336.672	1	9124.9800	1666.7700	9	13.9
336.772	1	7798.4000	1677.2700	9	16.6
336.872	1	4255.1800	1642.1100	9	19.7
336.972	1	7643.9800	1628.0200	9	12.4
337.072	1	4557.1600	1674.0100	9	13.8
337.172	1	13081.9000	1647.2500	9	18.6
337.272	1	4827.6400	1591.6700	9	19.5
337.376	1	9680.9500	1616.2400	9	14.0
337.508	1	6561.6400	1608.2600	9	19.3
337.608	1	9045.6900	1560.2800	9	6.0
337.712	1	7503.0000	1529.3100	9	17.7
337.808	1	9475.2300	1508.4600	9	6.6
337.908	1	3910.4200	1504.5600	9	5.8
338.040	1	6220.8400	1489.5400	9	10.3
338.140	1	7039.3000	1540.5200	9	11.6
338.216	1	6068.6200	1514.4200	9	5.7
338.308	1	7065.2300	1537.6900	9	7.4
338.408	1	8871.6100	1556.2600	9	8.4
338.508	1	9503.1200	1627.9600	9	7.6
338.608	1	6291.8200	1567.9100	9	8.9
338.712	1	10931.2000	1553.8400	9	8.6
338.808	1	13254.1000	1582.8900	9	7.7
338.908	1	12764.7000	1566.4000	9	13.1
339.008	1	11390.0000	1501.0900	9	10.2
339.108	1	24003.3000	1550.3400	9	10.3
339.208	1	12841.2000	1519.6200	9	7.2
339.308	1	17759.8000	1490.0900	9	5.5
339.412	1	17332.5000	1454.1800	9	9.3
339.508	1	10251.4000	1415.5400	9	7.5
339.640	1	23274.2000	1471.6800	9	3.6
339.744	1	17380.6000	1436.4400	9	5.4
339.872	1	15968.1000	1433.4200	9	4.5
339.944	1	21176.4000	1444.7100	9	5.2
340.076	1	23032.4000	1446.5100	9	9.1
340.148	1	14468.4000	1396.6400	9	3.4
340.244	1	18054.0000	1432.2400	9	4.0
340.372	1	17430.2000	1425.8100	9	10.0
340.472	1	16092.1000	1410.1300	9	5.6
340.544	1	22694.4000	1459.0800	9	6.1
340.672	1	21330.1000	1425.7200	9	6.9
340.772	1	14871.5000	1396.2800	9	6.8
340.876	1	16758.1000	1433.6000	9	4.1
341.008	1	13855.7000	1384.6500	9	4.1
341.108	1	41236.7000	1503.5600	9	7.9
341.208	1	22469.7000	1419.7600	9	10.7
341.340	1	26406.3000	1473.0700	9	5.0
341.472	1	16435.8000	1421.3600	9	9.7
341.572	1	21428.1000	1453.8400	9	5.9
341.672	1	27716.7000	1440.0300	9	5.5
341.776	1	23731.9000	1436.9600	9	3.6
341.908	1	28948.9000	1488.8900	9	3.6
342.008	1	23015.7000	1432.0600	9	4.7
342.108	1	36140.5000	1517.9500	9	6.8
342.212	1	30339.4000	1477.3800	9	4.9
342.340	1	19004.0000	1415.0800	9	9.1
342.472	1	36569.2000	1502.4000	9	8.1
342.572	1	28499.1000	1440.1800	9	7.4
342.676	1	43933.9000	1492.4000	9	7.3
342.808	1	42932.2000	1490.5000	9	6.8
342.908	1	23559.2000	1433.8600	9	6.0
343.008	1	41091.9000	1446.6600	9	11.4
343.108	1	30522.2000	1423.7000	9	7.3
343.208	1	50234.1000	1463.3500	9	6.2
343.308	1	36352.5000	1435.3100	9	2.7
343.408	1	40790.4000	1454.7800	9	5.0
343.512	1	47917.2000	1444.0400	9	3.4
343.608	1	54314.2000	1466.5500	9	7.0
343.708	1	36201.7000	1433.7000	9	7.9
343.812	1	16757.7000	1387.8200	9	7.4
343.908	1	36884.4000	1418.5000	9	5.7
344.008	1	43525.1000	1424.0600	9	4.8
344.108	1	62221.8000	1429.1000	9	7.0
344.240	1	41859.4000	1406.1100	9	3.5
344.372	1	28064.6000	1388.4000	9	8.3
344.476	1	36446.8000	1385.7800	9	3.2
344.576	1	31208.7000	1416.0500	9	7.2
344.708	1	46009.9000	1418.1700	9	5.9
344.840	1	35747.2000	1418.4500	9	5.1
344.940	1	19285.3000	1425.4800	9	8.7
345.076	1	76171.5000	1447.2000	9	6.1
345.208	1	29489.4000	1450.5900	9	8.1
345.308	1	44077.3000	1453.7000	9	3.4
345.408	1	43941.5000	1469.1700	9	8.0
345.512	1	13356.3000	1477.0200	9	5.7
345.608	1	18482.4000	1550.7700	9	9.6
345.708	1	10888.9000	1583.8800	9	12.1
345.808	1	35637.0000	1574.6900	9	12.7
345.908	1	13760.7000	1614.2100	9	9.7
347.112	0	159594.0000	714.1860	9	10.9
347.212	1	4076.7800	744.7550	9	10.6
347.312	1	41741.0000	311.6320	9	7.2
347.408	1	799.8370	342.8460	9	7.9
347.508	1	402.9820	267.8830	9	7.3
347.608	1	480.4610	283.5460	9	6.1
347.708	1	477.5510	305.9420	9	13.5
347.808	1	461.4230	342.1680	9	13.8
347.908	1	415.0370	355.0150	9	11.8
348.008	1	414.9370	295.7030	9	9.5
348.144	1	640.5580	339.9570	9	13.9
348.272	1	535.6500	348.4780	9	9.2
348.372	1	570.5150	400.1910	9	8.9
348.472	1	646.0790	403.7770	9	8.5
348.572	1	581.0670	382.0120	9	5.8
348.672	1	765.2270	419.3480	9	9.8
348.772	1	962.0310	416.6710	9	11.8
348.872	1	802.5270	385.3870	9	7.5
348.976	1	959.7920	383.9770	9	11.1
349.052	1	842.6880	407.6510	9	3.9
349.172	1	912.2440	437.1540	9	9.2
349.244	1	847.7370	383.3510	9	9.1
349.372	1	1171.1000	460.3710	9	10.1
349.444	1	1257.8300	448.7650	9	8.9
349.576	1	868.7660	492.5820	9	14.7
349.676	1	1497.3900	527.1890	9	10.1
349.772	1	1647.5000	567.1950	9	16.7
349.876	1	1631.7200	551.9090	9	10.3
349.972	1	1499.6800	545.2330	9	23.8
350.072	1	1210.4100	496.6090	9	10.2
350.172	1	2133.8500	530.8290	9	16.3
350.276	1	1699.3800	473.7580	9	12.5
350.408	1	1880.9200	484.0290	9	13.6
350.508	1	1840.9700	435.5270	9	10.5
350.608	1	2945.1700	413.2940	9	9.2
350.708	1	1871.3600	377.6150	9	5.6
350.808	1	2479.8900	378.7510	9	9.1
350.908	1	2209.9000	326.0280	9	7.4
351.008	1	973.5660	275.7350	9	4.9
352.108	0	186291.0000	711.7430	9	10.4
352.208	1	13166.5000	752.6250	9	14.3
352.312	1	411.2490	270.2210	9	10.1
352.408	1	2267.1100	227.2320	9	5.0
352.508	1	308.5700	264.6170	9	6.1
352.612	1	427.2020	198.6640	9	6.7
352.740	1	293.4340	235.5320	9	4.3
352.872	1	503.4810	219.5400	9	7.5
352.972	1	909.0630	238.7150	9	12.6
353.072	1	490.5310	244.7080	9	9.9
353.176	1	3567.0400	271.1870	9	3.4
353.308	1	391.2120	261.2840	9	15.0
353.408	1	1805.0500	319.7450	9	10.4
353.508	1	835.4980	285.7940	9	6.8
353.612	1	12191.4000	318.7130	9	9.9
353.708	1	10620.7000	279.2490	9	4.7
353.808	1	425.1160	223.4450	9	13.3
353.908	1	379.0520	227.2570	9	10.9
354.040	1	424.1040	220.4890	9	10.6
354.144	1	603.6240	222.6590	9	9.6
354.276	1	1014.3500	339.0850	9	3.5
354.408	1	2320.7700	2320.7700	9	1.3
354.508	1	592.2000	273.2850	9	4.2
354.608	1	297.1810	235.5750	9	7.6
354.708	1	532.1070	263.4030	9	8.4
354.812	1	321.3580	275.8050	9	2.9
354.912	1	451.1260	274.6710	9	6.2
355.008	1	334.5150	235.5890	9	6.7
355.108	1	483.6240	221.1620	9	5.4
355.240	1	395.1740	288.7890	9	5.3
355.340	1	440.9330	277.8610	9	4.6
355.448	1	355.4860	264.9290	9	5.0
355.572	1	384.6790	345.3130	9	3.2
355.672	1	1452.1500	262.5780	9	7.2
355.772	1	402.3000	325.6920	9	11.8
355.872	1	1144.6400	254.0350	9	8.9
355.972	1	6842.6800	293.2770	9	4.1
356.072	1	2068.3100	296.2620	9	8.1
356.144	1	2137.3700	254.9790	9	9.4
356.272	1	3809.8400	337.0240	9	5.1
356.372	1	3066.2100	305.7800	9	6.6
356.472	1	393.7960	272.1430	9	6.6
356.544	1	17850.2000	272.8390	9	7.5
356.676	1	386.7360	279.6330	9	10.1
356.808	1	7740.2600	365.8850	9	11.5
356.912	1	401.7650	304.8270	9	7.3
357.040	1	5002.8100	248.2230	9	12.2
357.172	1	387.1990	274.2860	9	11.2
357.272	1	6198.3300	353.1420	9	9.4
357.372	1	8210.0900	287.1310	9	7.1
357.472	1	2180.2800	237.9220	9	9.2
357.572	1	1544.5000	274.6800	9	4.8
357.672	1	3541.3100	277.7900	9	13.6
357.752	1	2340.2800	306.1810	9	6.4
357.880	1	19679.5000	330.9990	9	14.5
357.976	1	1101.4800	359.2870	9	6.9
358.112	1	454.2150	361.8270	9	3.9
358.208	1	4345.7700	330.1660	9	5.2
358.308	1	2992.9900	377.0780	9	7.7
358.408	1	2513.5900	329.0920	9	2.3
358.508	1	5747.2300	319.0870	9	5.5
358.608	1	10036.3000	334.3090	9	5.3
358.712	1	3644.0400	301.5830	9	6.9
358.808	1	5491.8300	276.7600	9	8.1
358.908	1	1148.4600	249.9730	9	5.0
359.040	1	5068.7900	312.4200	9	10.8
359.172	1	1490.2100	323.9650	9	5.0
359.272	1	4305.3100	357.1330	9	4.4
359.372	1	2708.7100	403.9600	9	5.6
359.476	1	3997.8900	339.1640	9	7.3
359.576	1	1643.6000	258.1620	9	11.7
359.676	1	3320.7700	367.8440	9	5.7
359.808	1	3207.5900	362.4080	9	8.8
359.908	1	4671.3500	404.2510	9	6.6
360.012	1	4879.4900	378.0380	9	6.9
360.112	1	6860.2500	723.4020	9	2.4
360.208	1	2618.1000	265.8060	9	2.4
360.308	1	944.7560	303.7780	9	10.3
360.408	1	1341.6400	214.7920	9	8.5
360.540	1	727.9870	259.9060	9	6.6
360.672	1	3230.5200	326.7470	9	9.3
360.772	1	1369.8000	349.4700	9	7.4
360.872	1	4016.1900	281.4660	9	9.1
360.976	1	629.3000	215.7050	9	6.6
361.108	1	19114.2000	19114.2000	9	2.8
361.208	1	4216.0200	227.8450	9	5.4
361.308	1	2241.8600	332.3820	9	2.0
361.408	1	3725.3800	298.2670	9	10.0
361.540	1	1451.7200	242.2700	9	3.5
361.676	1	4272.7300	344.2680	9	5.0
361.776	1	831.5380	279.6400	9	6.2
361.876	1	2036.1100	242.3840	9	8.5
361.976	1	4103.3300	247.1630	9	2.6
362.108	1	286.7630	216.4690	9	8.6
362.208	1	281.3780	226.2380	9	1.2
362.308	1	8232.9700	263.1690	9	8.8
362.444	1	16625.4000	275.3450	9	6.0
362.544	1	2843.0600	264.9180	9	9.6
362.672	1	9361.8600	239.3220	9	2.6
362.772	1	434.8040	278.6110	9	9.2
362.844	1	690.5610	276.3650	9	9.0
362.972	1	448.4500	322.7890	9	10.6
363.072	1	4019.8500	317.6090	9	11.1
363.172	1	4516.8900	297.3410	9	5.1
363.272	1	1316.6100	314.2540	9	6.9
363.372	1	4605.6000	348.6770	9	11.8
363.472	1	542.6210	333.5060	9	11.0
363.572	1	12012.1000	323.2860	9	10.0
363.672	1	8311.9500	417.2710	9	3.5
363.772	1	763.9140	379.0500	9	2.3
363.876	1	6460.4300	375.9450	9	7.0
363.976	1	358.6320	339.4150	9	3.6
364.076	1	420.6120	367.7870	9	12.0
364.172	1	3987.8100	443.7120	9	3.7
364.272	1	7472.5900	432.9880	9	14.7
364.372	1	10389.4000	471.6140	9	8.1
364.476	1	3949.1500	443.6560	9	9.6
364.608	1	594.7890	432.5870	9	6.4
364.712	1	2753.2100	571.7170	9	2.5
364.808	1	8180.2900	422.7840	9	4.1
364.908	1	7819.7500	431.9660	9	13.8
365.008	1	2366.7000	455.4510	9	6.4
365.108	1	556.7830	401.5920	9	6.1
365.212	1	10975.6000	503.5860	9	7.9
365.308	1	1670.4800	361.2480	9	6.3
365.408	1	2664.3400	300.2260	9	6.3
365.508	1	379.6930	346.6960	9	3.9
365.608	1	40878.5000	407.8270	9	12.0
365.712	1	13757.1000	381.8010	9	8.1
365.808	1	1369.6700	368.8180	9	2.8
365.908	1	1611.6800	442.3180	9	3.2
366.008	1	2691.7700	439.7140	9	3.9
366.108	1	456.8010	388.5690	9	3.6
366.208	1	554.1140	480.2000	9	1.3
366.308	1	1194.7500	486.6200	9	3.8
366.408	1	622.9870	478.4380	8	5.2
366.512	1	648.7910	487.5910	9	4.2
366.608	1	555.7210	437.1100	9	8.2
366.708	1	1426.4500	324.0520	9	5.0
366.808	1	871.6180	389.5920	9	4.7
366.884	1	635.6760	406.9140	9	4.5
367.008	1	1437.5800	365.5140	9	5.1
367.108	1	802.3500	395.4680	9	7.9
367.208	1	551.3960	359.9480	9	6.5
367.312	1	560.4070	377.0310	9	5.0
367.440	1	514.2530	342.6380	9	11.0
367.512	1	1765.0300	388.1720	9	6.1
367.612	1	448.1520	298.5250	9	4.1
367.708	1	500.4270	328.4530	9	9.9
367.808	1	675.1980	348.8780	9	9.9
367.908	1	2339.0200	355.1870	9	5.0
368.012	1	1344.8700	441.8890	9	3.7
368.108	1	532.0310	404.6280	9	6.7
368.208	1	4467.4900	411.5790	9	8.5
368.308	1	691.0670	401.7950	9	5.9
368.408	1	622.0330	498.9520	9	20.3
368.508	1	857.8610	526.3150	9	11.9
368.608	1	579.7200	444.7070	9	6.7
368.708	1	516.2900	445.3060	9	8.5
368.808	1	518.2780	449.3530	9	8.4
368.908	1	419.8350	391.9060	9	9.2
369.008	1	579.5610	446.2990	9	10.7
369.108	1	687.0330	554.6340	9	5.2
369.212	1	582.8660	475.0770	9	5.4
369.308	1	754.7860	554.3940	9	5.8
369.408	1	458.1150	410.2470	9	6.1
369.508	1	614.9820	472.6900	9	10.8
369.580	1	561.5910	402.0370	9	4.6
369.676	1	597.7650	411.8930	9	7.3
369.808	1	505.7600	427.0660	9	10.0
369.908	1	723.4990	481.3690	9	12.1
370.008	1	652.7530	440.1120	9	6.2
370.108	1	594.7650	440.6590	9	6.3
370.208	1	1193.8700	404.0750	9	7.6
370.340	1	1221.4200	495.5680	9	19.7
370.472	1	1822.3000	488.2490	9	8.3
370.544	1	336886.0000	426.7400	9	8.2
370.644	1	1802.5100	428.4660	9	10.0
370.740	1	559.8370	425.8960	8	11.4
370.840	1	29249.2000	1005.6500	9	6.7
370.940	1	37315.1000	424.9380	9	10.4
371.072	1	1478.3300	482.6830	9	13.4
371.144	1	571.2270	483.7790	9	7.1
371.272	1	1762.9000	515.3410	9	12.2
371.352	1	573.2810	476.3430	9	10.6
371.476	1	529.6190	462.3710	9	12.5
371.572	1	1181.8600	453.2320	9	10.7
371.672	1	750.5570	455.5070	9	4.9
371.772	1	2855.7500	497.8000	9	14.2
371.876	1	50494.0000	4780.9800	9	10.0
371.972	1	2670.2200	409.4840	9	7.1
372.044	1	8101.5300	440.7690	9	2.5
372.172	1	432.4740	377.2110	9	1.6
372.272	1	658.4140	412.4220	9	5.7
372.372	1	1001.6800	446.6780	9	10.8
372.472	1	11323.2000	423.8640	9	5.0
372.572	1	410.2280	372.3650	9	7.1
372.672	1	4348.5600	423.8830	9	11.1
372.772	1	1450.0600	457.0910	9	7.3
372.872	1	542.9590	465.5810	9	5.6
372.944	1	500.7670	424.7280	9	5.7
373.072	1	5124.0500	484.4150	9	7.0
373.144	1	4563.6400	532.8010	9	4.5
373.272	1	19628.4000	484.7240	9	14.9
373.372	1	18825.7000	479.5480	9	9.8
373.472	1	6033.2300	508.1120	9	11.3
373.572	1	21473.3000	500.5440	9	7.8
373.676	1	667.7080	534.8220	9	5.0
373.776	1	6369.2300	813.0140	9	4.7
373.908	1	695.9930	467.2290	9	10.4
374.008	1	21037.8000	539.1110	9	7.2
374.108	1	845.9530	619.2470	9	4.1
374.212	1	84635.2000	539.8630	9	9.3
374.340	1	895.6790	445.3600	9	5.5
374.472	1	929.4690	556.9690	9	7.8
374.544	1	15861.9000	639.8760	9	2.7
374.672	1	19393.9000	630.3630	9	3.1
374.772	1	1000.4600	404.2050	9	6.2
374.872	1	580.8790	459.2500	8	7.6
374.976	1	3200.0800	484.7750	9	4.8
375.072	1	7672.2300	506.9680	9	2.9
375.172	1	629.3520	508.5030	9	12.3
375.244	1	6568.0900	491.9810	9	7.8
375.376	1	2588.2300	570.3130	9	4.5
375.472	1	1936.4400	631.8860	9	4.7
375.572	1	18193.3000	2260.8200	9	6.5
375.676	1	3328.3700	478.4320	9	2.1
375.808	1	1892.9700	467.7230	9	10.9
375.912	1	689.8660	468.2570	9	7.3
376.008	1	6218.1300	652.9100	9	8.5
376.108	1	3000.4400	493.3640	9	14.9
376.208	1	903.5200	496.6350	9	6.8
376.308	1	659.4860	535.6430	9	7.7
376.408	1	10285.6000	565.1650	9	4.7
376.540	1	827.3890	534.1160	9	7.2
376.672	1	9400.6400	566.4160	9	10.5
376.772	1	4207.2800	580.8800	9	5.5
376.872	1	953.7590	523.0370	9	9.4
376.972	1	6254.3800	551.3610	9	8.6
377.072	1	90052.7000	590.9780	9	12.0
377.172	1	9807.5900	536.5590	9	5.6
377.272	1	6958.4900	565.0220	9	15.2
377.348	1	621.6630	566.3420	9	5.0
377.472	1	36861.4000	588.5290	9	11.5
377.572	1	4546.2200	602.2550	9	16.6
377.672	1	5254.7600	785.9200	9	3.1
377.772	1	13697.3000	569.1190	9	9.6
377.844	1	1888.9400	585.4120	9	2.5
377.972	1	1240.7100	643.6420	9	15.0
378.072	1	996.2060	718.9930	9	9.4
378.172	1	896.0290	641.1600	9	11.7
378.272	1	795.4460	627.6090	9	5.2
378.372	1	1020.4900	798.3920	9	4.8
378.452	1	924.6130	739.9420	9	7.9
378.572	1	748.6810	671.3180	9	8.5
378.644	1	981.6610	598.0590	9	6.3
378.772	1	865.4780	593.5490	9	6.4
378.872	1	825.1130	636.3610	9	6.9
378.972	1	1940.0400	807.3370	9	9.8
379.072	1	992.9200	561.2790	9	4.7
379.172	1	805.7440	597.9650	9	7.1
379.244	1	702.8520	598.4650	9	7.4
379.372	1	1420.6000	632.1290	9	11.1
379.472	1	669.8600	546.9930	9	10.2
379.572	1	714.1240	588.1870	9	7.4
379.672	1	606.5350	542.1470	9	12.1
379.772	1	722.9730	570.8220	8	7.7
379.844	1	725.4590	573.4420	8	4.1
379.972	1	1375.0800	894.9710	9	11.3
380.072	1	1139.2500	802.8650	9	10.8
380.172	1	1015.7500	747.4350	9	7.3
380.244	1	668.3510	544.2300	9	8.7
380.376	1	565.2270	474.7040	9	4.4
380.508	1	748.2430	540.2110	9	3.3
380.608	1	787.5290	562.1300	9	8.6
380.708	1	707.2670	537.2000	9	5.7
380.808	1	882.1470	586.1240	9	3.9
380.908	1	735.5790	517.3730	9	7.4
381.016	1	751.9330	506.6740	9	5.7
381.108	1	655.6530	509.6930	7	7.1
381.208	1	556.1160	476.4340	9	8.4
381.308	1	623.2190	491.8960	7	5.2
381.408	1	568.7230	504.6610	9	8.0
381.508	1	587.1310	525.6980	8	10.0
381.608	1	694.0950	568.5120	9	8.0
381.708	1	587.7240	562.0760	9	6.9
381.812	1	576.3900	559.6900	9	9.9
381.908	1	658.4530	611.7900	9	7.9
382.008	1	689.5350	630.3800	9	9.6
382.108	1	715.0310	631.3210	9	7.9
382.212	1	686.5240	640.9810	9	10.8
382.308	1	617.9540	600.4830	9	8.2
382.408	1	798.3580	726.3410	9	8.2
382.508	1	703.2260	670.4340	9	12.0
382.608	1	840.3660	749.2680	9	6.9
382.708	1	748.3320	699.7280	9	6.5
382.840	1	835.6590	748.8220	9	7.5
382.976	1	883.0470	731.0610	9	12.7
383.108	1	749.5310	680.3020	9	6.6
383.208	1	815.0360	734.3880	9	6.7
383.308	1	729.2590	675.2390	9	9.3
383.412	1	884.8120	783.5770	9	14.3
383.512	1	723.1720	667.7810	9	6.2
383.608	1	736.8220	676.5010	9	5.9
383.712	1	664.5410	635.0830	9	4.6
383.808	1	814.2190	732.9740	9	7.2
383.944	1	836.3890	718.2950	9	5.1
384.044	1	866.9310	748.9070	9	5.2
384.140	1	754.5450	708.8210	9	8.0
384.244	1	805.3920	751.6960	8	8.5
384.344	1	973.6090	820.7570	9	10.0
384.472	1	872.9540	784.4670	9	15.5
384.576	1	802.5300	754.0540	9	6.6
384.712	1	980.3420	801.0470	9	12.9
384.844	1	942.7970	755.8530	9	8.2
384.972	1	890.6640	760.5470	9	10.8
385.076	1	822.6180	730.0370	9	7.0
385.208	1	988.7420	710.4450	8	9.4
385.308	1	858.3290	701.6230	8	6.7
385.440	1	841.9990	737.3000	9	7.8
385.544	1	858.8880	718.1040	6	5.0
385.644	1	848.6290	757.0990	9	7.0
385.772	1	906.4830	854.4200	9	13.8
385.872	1	825.6900	795.7220	8	8.4
385.972	1	778.2350	756.4910	8	12.9
386.076	1	861.1300	812.7540	9	6.7
386.176	1	982.6370	880.3020	9	9.3
386.308	1	792.4970	764.0960	9	10.7
386.408	1	1206.9300	730.7310	8	12.8
386.508	1	941.5000	730.0070	9	3.6
386.608	1	1311.1100	768.7520	9	6.6
386.708	1	1348.3000	724.9310	9	11.0
386.812	1	1465.3800	710.5960	9	7.2
386.908	1	1384.9900	692.7100	9	5.1
387.008	1	1493.9000	689.1280	9	7.7
387.108	1	1703.4900	729.5950	9	9.4
387.208	1	1614.2100	668.5410	9	8.8
387.308	1	2060.2000	704.4010	9	3.4
387.412	1	1971.7300	701.4310	9	4.3
387.512	1	1960.6200	664.7170	9	8.5
387.640	1	2188.4900	716.4290	9	2.5
387.772	1	1666.8000	697.3430	9	5.4
387.872	1	2158.7900	683.2060	9	10.0
387.944	1	2111.6200	698.4400	9	5.8
388.044	1	1730.8400	655.9930	9	5.9
388.172	1	1449.9400	656.9310	9	8.5
388.272	1	1892.2200	700.0470	9	7.4
388.344	1	2514.0900	699.4220	9	3.0
388.472	1	1975.7200	662.4590	9	9.6
388.576	1	1174.6300	626.8780	9	4.1
388.708	1	2397.6800	678.2080	9	12.5
388.784	1	1279.7600	637.1920	9	4.5
388.908	1	2832.0700	687.8430	9	10.4
389.008	1	1582.8300	664.9600	9	7.1
389.108	1	2809.4900	678.0060	9	3.4
389.208	1	1397.2800	638.2260	9	7.9
389.308	1	1194.7400	636.0450	9	3.8
389.412	1	2777.4400	724.4220	9	7.5
389.508	1	1031.4700	614.4870	6	5.6
389.608	1	1710.1400	658.4170	9	7.2
389.708	1	2056.9600	679.6090	9	6.7
389.808	1	2549.3100	754.1190	9	4.6
389.908	1	2351.9800	807.8470	9	6.6
390.008	1	1730.3000	828.2380	9	4.0
390.112	1	1643.3200	953.8690	9	6.2
390.212	1	2286.7700	862.6860	9	7.3
390.340	1	1255.3000	826.6200	9	8.1
390.472	1	1646.5800	769.8730	9	7.8
390.572	1	817.3160	654.7130	9	7.2
390.676	1	4846.8300	977.3990	9	9.8
390.776	1	977.3640	931.5160	9	4.0
390.908	1	886.0110	829.5760	9	9.3
391.008	1	889.7280	822.5020	9	8.7
391.108	1	922.1950	850.1950	9	3.8
391.208	1	1462.8400	1046.5500	9	10.1
391.340	1	5014.3600	2021.6000	9	5.8
391.472	1	3871.3800	1515.8000	9	5.0
391.572	1	1574.6400	866.5480	9	5.9
391.672	1	2743.9500	710.5610	9	6.0
391.772	1	4045.0400	735.0820	9	6.5
391.872	1	2970.6600	733.9190	9	5.5
391.972	1	3459.0800	764.1860	9	7.8
392.072	1	2684.2800	731.9110	9	6.3
392.172	1	2839.5300	676.4930	9	12.1
392.272	1	2092.2600	672.6430	9	6.0
392.376	1	2789.5600	768.3320	9	5.4
392.508	1	2689.1700	707.0380	9	10.3
392.608	1	2761.1800	694.5050	9	9.2
392.708	1	2749.7700	669.2190	9	5.1
392.808	1	2318.3100	701.2610	9	9.4
392.908	1	1938.5500	652.5170	9	5.1
393.008	1	1344.2400	627.6250	9	3.3
393.112	1	2190.4700	675.0800	9	7.8
393.240	1	1239.4200	639.9970	9	10.5
393.344	1	1440.3100	688.8050	9	3.5
393.472	1	1565.1500	697.5770	9	8.0
393.572	1	1095.2500	724.8440	9	7.8
393.672	1	1104.6900	810.0420	9	7.8
393.772	1	932.5500	793.3710	9	10.1
393.872	1	1076.5200	817.9610	9	4.3
393.972	1	910.7020	846.3870	9	7.1
394.072	1	1169.0800	872.6210	9	13.3
394.144	1	1033.1000	905.4570	9	8.7
394.248	1	1009.6700	943.2030	9	13.9
394.344	1	986.7540	934.9960	9	6.9
394.472	1	1153.3200	1021.6000	9	16.9
394.544	1	1146.4000	1004.6300	9	14.1
394.672	1	1253.3900	1063.3900	9	8.3
394.772	1	1054.0000	955.6960	9	12.4
394.844	1	1209.8700	1032.6100	9	17.3
394.948	1	1017.2700	988.8050	9	13.2
395.072	1	1654.9700	1033.2000	9	10.1
395.172	1	1331.8200	1102.2100	9	11.8
395.272	1	1412.1700	1058.5300	9	17.4
395.372	1	1387.0700	1103.8600	9	14.5
395.472	1	1153.6800	1048.5300	9	6.0
395.572	1	1366.4700	1085.4600	9	14.5
395.672	1	1187.0300	1133.4800	9	12.5
395.772	1	1194.3400	1049.1500	9	13.2
395.872	1	1299.8500	1114.8400	9	6.7
395.972	1	1352.6600	1158.1200	9	18.8
396.072	1	1289.9000	1106.4300	9	8.8
396.172	1	1197.4600	1084.6900	9	20.3
396.244	1	2007.4800	1154.2100	9	4.9
396.376	1	1164.8200	1123.6800	9	11.7
396.508	1	1147.5900	1125.7200	9	13.9
396.608	1	1175.7700	1158.9300	9	18.1
396.708	1	1321.8800	1186.7200	9	8.7
396.812	1	1504.9900	1164.1800	9	10.1
396.908	1	1460.0800	1164.2800	9	17.1
396.980	1	1424.0200	1158.7600	9	7.3
397.108	1	1236.5400	1134.7600	9	9.7
397.208	1	1204.1300	1089.1800	9	13.0
397.308	1	1361.7500	1131.8200	9	11.0
397.408	1	1177.5100	1133.8300	9	13.9
397.508	1	1268.0300	1158.7200	9	13.3
397.580	1	1150.1800	1110.9800	9	11.8
397.708	1	1264.2000	1161.7700	9	9.6
397.808	1	1193.7600	1130.3200	9	9.2
397.912	1	1514.7700	1218.4300	9	12.3
398.012	1	1288.4900	1122.3700	9	13.3
398.108	1	1440.2100	1122.0500	9	12.7
398.212	1	1295.7200	1140.0100	9	9.5
398.308	1	1163.7100	1142.3600	9	5.6
398.408	1	1247.5600	1182.0700	9	14.3
398.508	1	1582.0900	1183.3400	9	13.0
398.608	1	1305.3600	1202.0300	9	5.4
398.708	1	1245.7800	1206.6600	9	16.4
398.808	1	1386.2200	1228.0700	9	14.3
398.908	1	1664.9700	1275.0400	9	8.8
399.012	1	1420.3600	1255.8600	9	7.3
399.108	1	1975.9500	1239.9100	9	14.0
399.208	1	1568.7000	1233.3900	9	14.7
399.308	1	2190.3400	1243.1300	9	8.3
399.408	1	2226.0200	1270.2900	9	14.6
399.508	1	1905.0500	1273.4100	9	11.7
399.608	1	3201.0000	1292.2900	9	5.5
399.708	1	3010.3500	1211.9800	9	6.1
399.808	1	3652.8500	1178.7000	9	13.1
399.884	1	2530.4200	1104.3300	9	5.1
400.012	1	4717.4000	1152.1300	9	7.2
400.140	1	3189.2100	1097.5200	9	9.6
400.244	1	3261.9200	1065.4600	9	6.8
400.344	1	3331.2100	1075.2200	9	3.9
400.472	1	2914.8600	1067.9600	9	3.0
400.572	1	3059.8900	1058.8200	9	3.2
400.672	1	4119.1000	1101.6400	9	7.7
400.748	1	4521.3500	1079.6100	9	2.9
400.872	1	3163.4100	1034.2100	9	4.3
400.976	1	4476.4700	1071.3800	9	8.2
401.076	1	3901.7800	1078.9700	9	2.4
401.208	1	3325.9100	1109.4300	9	8.8
401.308	1	2647.7100	1041.3000	9	3.9
401.408	1	4963.5000	1044.7000	9	3.5
401.512	1	5117.6500	1070.2000	9	10.1
401.608	1	4078.3200	1085.6900	9	4.2
401.708	1	3987.1300	1016.4000	9	3.3
401.808	1	5426.6000	1148.3400	9	7.5
401.908	1	4137.5600	1040.7100	9	6.1
402.008	1	4556.8800	1052.2700	9	7.3
402.108	1	4094.0600	1043.2500	9	11.8
402.208	1	4785.8300	1096.6800	9	6.0
402.308	1	4551.2000	1064.0500	9	9.9
402.408	1	3689.0700	1062.0800	9	10.6
402.508	1	2480.5200	1003.1700	9	7.5
402.608	1	2360.7100	999.0440	9	7.3
402.708	1	6385.4000	1058.5400	9	6.3
402.808	1	4687.5800	1093.7100	9	8.7
402.912	1	985.8370	983.4980	9	2.8
403.008	1	6487.4500	1155.3900	9	7.8
403.108	1	2233.9600	1091.2700	9	4.0
403.240	1	6012.5000	1097.6700	9	6.2
403.372	1	3774.3000	1076.6100	9	6.0
403.444	1	5076.2800	1097.5800	9	4.6
403.544	1	2457.2800	1006.3800	9	2.9
403.648	1	4573.5100	1073.6800	9	2.5
403.772	1	6300.0000	1066.5800	9	8.6
403.872	1	5374.5200	1040.8000	9	7.7
403.972	1	5163.2000	1066.6300	9	5.6
404.044	1	3423.4700	1084.3300	9	5.0
404.172	1	8987.9200	1519.0200	9	6.7
404.272	1	1937.7700	1433.0400	9	5.4
404.372	1	2267.3900	1088.2700	9	5.3
404.472	1	4093.7700	1094.5700	9	6.6
404.572	1	7772.0900	1402.6800	9	5.8
404.672	1	1846.4200	1276.9100	9	3.1
404.772	1	2077.5800	1046.2100	9	4.0
404.872	1	4986.5600	1061.0500	9	6.5
404.972	1	5148.5800	1070.8700	9	3.7
405.072	1	3311.0400	1100.4500	9	7.3
405.172	1	3802.1400	1073.3100	9	4.6
405.272	1	3889.0900	1084.3700	9	7.9
405.372	1	2874.0800	1078.3500	9	7.0
405.472	1	2673.5300	1072.8600	9	13.3
405.572	1	3989.0900	1092.0800	9	4.7
405.644	1	3134.1400	1079.8900	9	7.4
405.772	1	3555.0800	1085.3600	9	8.6
405.844	1	2609.9500	1070.2000	9	8.4
405.972	1	4919.1100	1097.0200	9	14.0
406.072	1	3718.3600	1062.8200	9	12.9
406.176	1	5621.9700	1073.0500	9	10.4
406.308	1	2174.5200	1059.1000	9	9.0
406.408	1	4880.1600	1088.3000	9	10.2
406.540	1	2638.3900	1105.5200	9	9.7
406.672	1	3319.7200	1091.1800	9	9.2
406.772	1	3867.0700	1089.9300	9	11.2
406.872	1	3497.8600	1126.7700	9	10.1
406.972	1	3633.7500	1085.0900	9	4.3
407.072	1	3526.3500	1077.4500	9	9.4
407.172	1	2651.1900	1079.6400	9	9.6
407.248	1	3390.9200	1098.1500	9	4.7
407.372	1	4312.9200	1075.9900	9	7.9
407.444	1	3063.8100	1059.0800	9	7.0
407.576	1	3510.8800	1113.9000	9	9.5
407.712	1	2188.4600	1065.0200	9	4.2
407.808	1	5055.8200	1046.3500	9	5.2
407.908	1	4820.1000	1084.9400	9	7.7
408.040	1	2210.6900	1040.2800	9	9.1
408.144	1	3758.2000	1070.7300	9	3.5
408.244	1	3529.5600	1066.2100	9	6.3
408.372	1	3260.2200	1077.3700	9	7.4
408.472	1	4125.5100	1065.6700	9	7.4
408.572	1	4377.6900	1078.6900	9	8.5
408.644	1	4073.8700	1085.0900	9	9.5
408.772	1	3106.1900	1088.4700	9	8.8
408.872	1	4253.8700	1093.9400	9	3.4
408.976	1	3599.6500	1078.3800	9	8.1
409.108	1	3789.0400	1129.4000	9	5.9
409.208	1	6157.4000	1194.6500	9	9.8
409.308	1	3840.1300	1186.9600	9	3.3
409.408	1	2154.3900	1254.0100	9	3.1
409.508	1	1767.4100	1307.2500	9	9.6
409.608	1	2344.1600	1124.8100	9	6.4
409.708	1	2090.0000	1119.1200	9	4.2
409.808	1	1228.4300	1153.3000	9	4.1
409.908	1	1222.6700	1146.1700	9	6.1
410.008	1	1655.0000	1209.5600	9	7.6
410.108	1	1541.6600	1253.7200	9	13.1
410.208	1	1680.6500	1249.4000	9	5.0
410.308	1	2028.6900	1290.5200	9	5.9
410.408	1	2244.3000	1283.4700	9	8.9
410.508	1	2529.2300	1339.8200	9	15.1
410.608	1	3070.5300	1386.0600	9	12.7
410.708	1	1752.5200	1419.6500	9	15.7
410.812	1	1478.0900	1421.1700	9	9.8
410.912	1	2700.2700	1400.3800	9	8.3
411.008	1	4025.8100	1373.7000	9	9.1
411.108	1	2657.6700	1379.4000	9	14.6
411.208	1	3112.6600	1388.8500	9	8.1
411.308	1	2652.0100	1376.3600	9	19.2
411.408	1	2193.9000	1360.6600	9	14.2
411.508	1	3050.3800	1351.5600	9	16.2
411.612	1	1948.8100	1348.9300	9	6.6
411.712	1	2030.3800	1371.9700	9	12.3
411.812	1	4320.4600	1425.0700	9	9.4
411.908	1	1476.8000	1396.5800	9	13.1
412.008	1	2897.1700	1381.2200	9	10.1
412.112	1	2951.6600	1440.8500	9	12.0
412.208	1	2430.6300	1414.8400	9	8.7
412.308	1	2046.4800	1402.1400	9	5.9
412.440	1	4319.3800	1390.3100	9	6.3
412.572	1	2784.3800	1334.1800	9	15.7
412.672	1	4572.9500	1425.0200	9	9.4
412.772	1	3824.9900	1405.9500	9	7.0
412.844	1	3355.7600	1410.7000	9	6.6
412.972	1	2897.8900	1428.6400	9	17.3
413.072	1	5471.1000	1394.8000	9	14.7
413.172	1	3907.5000	1384.9400	9	15.1
413.276	1	3605.3700	1392.4700	9	7.5
413.408	1	3487.0800	1376.6800	9	11.7
413.480	1	5993.2200	1402.5600	9	9.9
413.608	1	3576.0400	1383.1400	9	13.7
413.708	1	3138.2000	1392.9900	9	14.3
413.840	1	5076.4300	1400.1900	9	15.1
413.972	1	3802.3200	1382.3900	9	16.2
414.072	1	3930.7300	1371.1600	9	7.3
414.172	1	6443.0000	1378.0000	9	16.1
414.272	1	4842.1700	1386.0100	9	11.7
414.372	1	2540.5400	1365.6900	9	20.7
414.444	1	5053.1700	1377.5300	9	4.4
414.572	1	3602.3000	1371.5300	9	16.0
414.676	1	3223.6200	1373.4100	9	14.2
414.772	1	5307.7700	1371.6300	9	13.5
414.872	1	5673.9600	1379.9500	9	7.5
414.972	1	3814.6400	1361.8500	9	10.7
415.076	1	3717.1500	1368.2600	9	11.5
415.208	1	4206.9900	1356.7800	9	8.3
415.340	1	4225.4600	1345.0200	9	4.9
415.444	1	8194.1300	1346.3400	9	6.0
415.572	1	4327.4800	1349.7100	9	10.9
415.676	1	6456.5500	1317.9800	9	9.0
415.808	1	6630.3800	1345.6500	9	10.4
415.908	1	5595.2000	1328.9300	9	9.2
416.008	1	4584.5000	1321.2400	9	7.4
416.140	1	6459.8600	1366.0200	9	13.3
416.272	1	4042.5800	1317.8900	9	11.8
416.372	1	5162.3300	1335.2400	9	10.3
416.472	1	7654.0000	1306.1200	9	11.3
416.572	1	5717.1400	1320.1100	9	11.0
416.672	1	4076.0000	1316.0600	9	10.1
416.772	1	8275.9400	1359.8600	9	10.0
416.872	1	6398.6600	1328.4700	9	5.9
416.972	1	6738.9300	1305.3700	9	12.3
417.044	1	6920.7900	1293.7200	9	5.7
417.172	1	6706.6200	1303.0700	9	6.0
417.272	1	4720.2400	1259.9800	9	9.4
417.372	1	6268.2900	1294.5300	9	5.7
417.472	1	6336.5800	1334.9400	9	12.0
417.576	1	4950.1100	1374.4200	9	2.9
417.676	1	3580.7400	1326.4900	9	4.4
417.808	1	6338.0400	1319.6100	9	10.9
417.908	1	5613.5100	1328.0400	9	9.9
418.040	1	7101.8200	1318.9100	9	8.3
418.140	1	8458.0500	1333.4900	9	9.3
418.240	1	7458.8400	1339.3100	9	10.6
418.340	1	7666.0200	1297.2200	9	8.3
418.420	1	4882.3900	1257.5000	9	2.9
418.508	1	3393.3800	1244.6600	9	3.2
418.608	1	4020.6000	1264.1300	9	5.7
418.708	1	8541.8200	1306.4200	9	8.5
418.808	1	6278.9900	1258.0700	9	10.5
418.908	1	6513.9500	1297.1400	9	5.0
419.008	1	8075.4200	1275.5200	9	3.7
419.108	1	9144.8900	1293.2200	9	5.3
419.208	1	7613.4200	1275.5200	9	6.8
419.308	1	8450.1100	1317.8200	9	10.7
419.408	1	6733.9800	1300.9700	9	7.5
419.508	1	7131.8800	1298.3800	9	7.9
419.608	1	5296.2700	1311.3000	9	7.6
419.708	1	3337.0200	1266.6800	9	4.4
419.812	1	10621.9000	1342.6400	9	6.6
419.908	1	4236.5100	1276.4700	9	3.8
420.008	1	5950.2700	1299.8200	9	9.0
420.108	1	3329.8600	1285.4200	9	8.0
420.208	1	9732.4700	1358.2900	9	8.3
420.308	1	8296.1600	1303.6800	9	8.7
420.412	1	5699.3700	1303.9000	9	9.7
420.508	1	8033.8300	1290.3000	9	8.8
420.612	1	9651.1300	1329.2300	9	4.9
420.708	1	9420.2100	1302.1500	9	5.0
420.812	1	7026.6600	1320.6600	9	9.2
420.908	1	9265.5600	1297.1600	9	2.9
421.012	1	5437.2400	1294.4200	9	5.0
421.112	1	7721.0100	1299.7100	9	4.9
421.240	1	10064.9000	1293.0900	9	6.1
421.372	1	9609.4600	1293.8700	9	4.9
421.472	1	11858.3000	1299.8200	9	7.9
421.544	1	18233.6000	1318.9900	9	5.1
421.672	1	8639.9700	1303.7300	9	10.9
421.772	1	6107.7000	1317.8100	9	10.4
421.876	1	6465.7100	1306.5500	9	8.2
422.008	1	7658.5900	1338.9000	9	8.9
422.108	1	5027.1400	1314.5600	9	7.7
422.208	1	6467.9100	1308.7100	9	5.4
422.340	1	9123.6500	1333.5400	9	8.9
422.472	1	9079.1300	1330.9300	9	10.8
422.572	1	8335.1600	1334.9800	9	10.4
422.672	1	8359.0600	1344.2500	9	12.1
422.748	1	6019.6800	1342.5600	9	5.3
422.872	1	9206.3200	1356.2600	9	4.1
422.972	1	7419.8200	1371.7800	9	10.7
423.072	1	5358.3300	1380.2900	9	9.6
423.144	1	6134.8500	1383.8500	9	9.3
423.272	1	5613.5700	1409.2100	9	9.9
423.372	1	4284.9100	1438.2800	9	8.3
423.472	1	4983.8700	1497.0800	9	7.0
423.572	1	4266.6400	1464.0200	9	15.4
423.672	1	4845.6000	1499.7800	9	12.4
423.772	1	3377.2300	1497.1900	9	12.2
423.872	1	6007.4300	1525.6300	9	12.6
423.972	1	3832.9900	1512.8600	9	6.6
424.072	1	3289.9700	1551.1300	9	9.0
424.172	1	5038.5700	1560.4600	9	15.6
424.272	1	4212.9800	1572.8800	9	16.8
424.372	1	3264.3600	1562.5800	9	17.8
424.472	1	4665.8900	1615.7400	9	10.3
424.572	1	4891.4600	1656.1700	9	20.0
424.648	1	1643.2600	1608.7900	9	5.6
424.744	1	7717.1400	1691.9000	9	8.4
424.872	1	3191.6300	1648.2100	9	6.4
424.972	1	6597.1600	1645.1800	9	13.5
425.072	1	5991.9200	1635.0200	9	13.0
425.144	1	3263.6300	1592.8700	9	15.0
425.272	1	9699.0600	1623.8200	9	11.6
425.344	1	6725.2500	1605.1500	9	13.1
425.444	1	8810.4800	1640.0300	9	5.8
425.572	1	4800.0500	1475.0500	9	3.3
425.672	1	11900.8000	1584.0700	9	13.3
425.772	1	8954.8300	1598.1800	9	10.1
425.872	1	7395.6300	1480.0000	9	6.1
425.972	1	6797.7000	1498.7700	9	12.5
426.072	1	3677.6900	1441.6900	9	5.2
426.176	1	5579.7500	1446.3100	9	6.9
426.308	1	8869.5400	1433.8300	9	7.2
426.384	1	7525.8300	1388.0200	9	3.6
426.508	1	11891.1000	1395.8900	9	7.2
426.608	1	3876.3900	1357.9200	9	6.1
426.712	1	7622.1600	1341.2800	9	6.1
426.808	1	8748.5300	1387.1600	9	12.2
426.908	1	11675.0000	1402.1300	9	11.1
427.012	1	7702.0900	1379.2300	9	3.0
427.108	1	1990.5700	1349.4500	9	6.1
427.208	1	12880.0000	1412.0600	9	5.4
427.308	1	8097.6800	1402.7000	9	7.2
427.408	1	9150.3700	1431.1800	9	7.5
427.512	1	6584.5900	1393.5700	9	5.0
427.608	1	5101.9900	1387.8000	9	6.2
427.708	1	9125.2300	1424.2600	9	8.5
427.812	1	7359.2800	1414.8100	9	5.0
427.908	1	12658.0000	1409.0300	9	8.4
428.008	1	6365.9700	1404.9600	9	7.2
428.108	1	10368.3000	1416.0100	9	8.0
428.208	1	11271.4000	1441.1200	9	7.6
428.308	1	6377.8800	1380.2800	9	7.2
428.408	1	9631.3300	1443.0000	9	9.0
428.508	1	10106.0000	1426.8900	9	9.9
428.608	1	7042.7900	1403.0000	9	4.1
428.712	1	9749.5500	1390.7400	9	5.4
428.808	1	12305.0000	1420.1600	9	6.8
428.908	1	9523.1800	1451.5400	9	11.7
429.008	1	8040.5800	1418.8500	9	9.3
429.112	1	10128.0000	1423.0100	9	7.5
429.240	1	12763.0000	1433.4900	9	3.2
429.372	1	10318.7000	1443.8600	9	7.3
429.472	1	11100.7000	1416.7400	9	16.2
429.572	1	14886.3000	1413.2500	9	2.6
429.672	1	20711.1000	1513.5600	9	6.8
429.772	1	16496.3000	1466.5300	9	8.7
429.872	1	11580.7000	1446.4000	9	7.3
429.972	1	8928.9600	1420.7800	9	9.3
430.072	1	5926.0300	1375.9200	9	6.2
430.172	1	15591.2000	1423.0700	9	11.0
430.272	1	13468.1000	1433.4400	9	4.5
430.372	1	15353.8000	1427.9400	9	6.6
430.472	1	9857.1600	1391.5100	9	6.4
430.544	1	9062.9400	1421.4400	9	3.3
430.644	1	10165.1000	1412.6300	9	6.7
430.772	1	6734.8500	1427.3100	9	7.7
430.872	1	10194.5000	1422.2400	9	10.1
430.972	1	8578.0100	1393.8000	9	6.8
431.072	1	7277.0400	1424.7500	9	9.5
431.176	1	10451.3000	1448.9200	9	6.3
431.272	1	4036.3200	1407.8400	9	6.0
431.376	1	6945.6800	1410.4200	9	4.5
431.512	1	11651.1000	1454.7500	9	5.7
431.644	1	11335.1000	1470.0000	9	6.4
431.772	1	11162.2000	1481.6300	9	12.9
431.844	1	9232.6500	1457.3300	9	4.5
431.972	1	13715.2000	1475.1700	9	5.8
432.072	1	13874.4000	1531.4600	9	9.3
432.172	1	16128.1000	1538.3300	9	15.2
432.276	1	7340.0800	1553.7000	9	7.0
432.376	1	3694.8800	1506.5000	9	6.7
432.508	1	1681.4600	1501.8600	9	8.4
432.612	1	1651.9000	1492.0100	9	7.9
432.708	1	1462.5600	1459.5000	9	5.4
432.808	1	2257.6300	1475.2900	9	12.0
432.908	1	1760.3700	1443.2000	9	11.6
433.008	1	2235.7000	1424.3900	9	4.0
433.108	1	2575.9000	1398.6800	9	11.4
433.208	1	1388.6700	1387.9600	9	4.8
433.312	1	1377.0800	1376.5300	9	12.1
433.440	1	2047.6200	1383.7100	9	5.0
433.572	1	1862.3000	1383.9000	9	6.3
433.672	1	2192.4400	1379.2200	9	7.2
433.772	1	2855.8600	1392.5900	9	5.1
433.872	1	2332.0600	1377.2800	9	3.8
433.972	1	2053.3000	1377.6000	9	4.7
434.072	1	1648.3800	1362.4700	9	7.5
434.172	1	1617.4600	1366.9400	9	6.7
434.272	1	2253.5800	1390.7800	9	7.0
434.372	1	1361.3700	1360.0200	9	6.9
434.472	1	1619.4300	1369.4800	9	7.1
434.572	1	1762.5600	1375.2200	9	7.0
434.672	1	1360.5600	1359.5900	9	4.4
434.744	1	1359.2000	1358.7600	9	2.5
434.872	1	1359.2000	1358.7600	9	6.7
434.972	1	2217.1800	1369.6700	9	5.3
435.072	1	1358.7400	1358.3800	9	5.2
435.176	1	1694.9100	1361.0600	9	3.9
435.308	1	2337.4800	1391.7000	9	8.4
435.408	1	3603.4200	1391.8800	9	7.0
435.508	1	1356.9600	1356.5900	9	4.6
435.608	1	1744.3900	1370.3500	9	7.4
435.708	1	2138.6000	1367.1500	9	8.3
435.808	1	1679.9000	1362.9000	9	3.8
435.908	1	1358.2600	1357.7700	9	6.3
436.008	1	1641.6100	1372.1000	9	3.6
436.108	1	1888.7400	1409.3300	9	4.8
436.208	1	1599.6700	1361.2100	9	3.6
436.340	1	1358.2000	1357.9400	9	4.6
436.476	1	1584.2100	1378.1700	9	3.8
436.608	1	7284.4700	1704.2600	9	2.8
436.708	1	2271.8100	1431.7300	9	9.8
436.808	1	6727.8500	1804.1500	9	3.4
436.940	1	2268.2700	1532.4500	9	6.2
437.072	1	2748.8100	1814.3100	9	9.1
437.144	1	9981.7700	1555.4400	9	2.5
437.244	1	25015.1000	1984.6300	9	4.2
437.340	1	2629.0800	1586.2100	9	5.1
437.472	1	1589.4500	1383.6000	9	5.0
437.572	1	2884.6000	1375.6400	9	5.5
437.672	1	2120.9000	1386.5200	9	7.5
437.772	1	1376.2000	1375.8000	9	7.0
437.872	1	1557.7400	1377.9400	9	5.9
437.972	1	2270.1900	1396.7600	9	6.4
438.072	1	2504.8100	1399.5900	9	8.2
438.172	1	2494.0800	1422.2600	9	7.9
438.272	1	1651.0300	1431.3600	9	8.9
438.372	1	1409.6900	1408.1200	9	7.9
438.444	1	1395.0900	1393.6700	9	9.3
438.572	1	1936.1900	1414.8500	9	10.3
438.672	1	1410.5400	1408.3400	9	8.3
438.772	1	1933.0900	1408.1000	9	6.1
438.876	1	1695.2800	1415.8200	9	8.4
438.976	1	1817.3200	1426.5000	9	3.6
439.108	1	2413.6100	1455.5000	9	9.7
439.208	1	1811.8400	1436.1400	9	3.8
439.308	1	4259.3100	1490.1800	9	13.6
439.412	1	2486.0300	1641.5500	9	4.2
439.508	1	2126.6900	1469.1800	9	3.3
439.608	1	1429.2400	1423.9200	9	6.0
439.712	1	1646.2000	1418.8500	9	8.1
439.812	1	1403.5400	1399.2100	9	7.8
439.912	1	1411.1200	1403.5100	9	8.1
440.040	1	2152.6900	1427.9600	9	5.8
440.172	1	1390.5900	1385.2100	9	6.0
440.272	1	2701.3100	1397.2700	9	5.8
440.344	1	2353.3200	1408.5400	9	2.6
440.476	1	2107.5700	1421.2300	9	9.7
440.572	1	1637.3700	1425.2300	9	9.9
440.672	1	1430.8700	1426.4200	9	7.5
440.772	1	1679.4300	1436.4800	9	6.9
440.872	1	1728.7800	1428.2200	9	5.3
440.976	1	2839.4100	1453.3100	9	10.3
441.108	1	1716.0100	1450.1600	9	4.6
441.212	1	1424.0900	1420.5600	9	8.0
441.308	1	1421.4200	1418.2100	9	3.6
441.408	1	1875.2700	1429.5000	9	6.5
441.508	1	1392.8200	1390.4600	9	3.4
441.608	1	1390.4800	1388.4600	9	2.7
441.708	1	2489.4500	1408.6500	9	7.9
441.808	1	2400.0700	1427.2300	9	5.4
441.912	1	1915.6600	1399.5400	9	7.0
442.008	1	2101.0100	1416.3800	9	2.5
442.108	1	1722.8000	1411.2800	9	4.5
442.240	1	1567.7300	1390.0600	9	3.9
442.344	1	1675.6100	1388.9900	9	5.3
442.472	1	1638.1500	1401.8700	9	5.2
442.544	1	1950.8400	1390.0800	9	6.3
442.672	1	1392.4900	1391.1500	9	4.0
442.772	1	2896.1000	1410.5100	9	7.2
442.872	1	2271.2900	1439.3400	9	10.5
442.972	1	1730.2600	1401.1500	9	5.7
443.072	1	1392.4800	1390.7900	9	8.7
443.144	1	2810.8400	1397.2600	9	4.3
443.272	1	2047.9600	1402.3200	9	8.9
443.372	1	2067.3000	1403.1400	9	7.0
443.472	1	1689.0800	1388.9500	9	3.1
443.572	1	2675.1500	1391.2700	9	8.6
443.672	1	2551.1700	1395.3500	9	4.8
443.772	1	2011.5900	1395.8100	9	6.8
443.872	1	2244.6400	1407.7600	9	3.7
443.972	1	13332.4000	1420.1300	9	5.4
444.072	1	1861.1000	1402.8800	9	5.2
444.172	1	1744.3300	1400.0200	9	3.6
444.272	1	1818.7100	1393.0700	9	6.2
444.372	1	2451.0200	1412.8500	9	3.0
444.472	1	1581.7600	1386.0700	9	4.0
444.572	1	1889.2600	1396.7200	9	4.5
444.672	1	2131.8200	1388.0900	9	5.0
444.772	1	2302.4600	1412.8600	9	5.0
444.872	1	1487.4300	1390.3000	9	4.8
444.972	1	1394.5100	1391.6100	9	4.4
445.072	1	2154.7300	1395.5600	9	5.0
445.172	1	4195.6600	1421.4500	9	5.0
445.272	1	1771.6500	1416.0300	9	5.8
445.376	1	1700.8200	1407.4700	9	3.7
445.508	1	4717.2800	1430.5400	9	5.8
445.608	1	2646.2900	1397.7600	9	6.5
445.708	1	1607.1600	1397.5900	9	7.8
445.808	1	1720.0800	1399.3800	9	6.0
445.908	1	1872.9800	1398.6200	9	9.9
446.012	1	1402.6900	1399.3400	9	5.1
446.108	1	1642.4900	1405.8400	9	8.0
446.212	1	2609.1300	1423.1900	9	11.7
446.312	1	3551.9200	1444.3400	9	10.6
446.408	1	1436.9300	1433.3100	9	9.6
446.508	1	1438.1400	1434.6100	9	4.9
446.612	1	2561.5200	1459.7200	9	5.3
446.740	1	1852.5000	1452.9100	9	8.7
446.872	1	2291.9000	1456.5000	9	9.7
446.944	1	2212.3300	1470.1800	9	8.4
447.072	1	2728.0600	1457.4000	9	6.9
447.172	1	2313.0300	1453.5800	9	7.5
447.244	1	1445.3300	1438.3300	9	4.0
447.344	1	1808.5200	1443.6100	9	9.4
447.472	1	1971.3700	1444.5500	9	5.9
447.572	1	1824.5600	1436.1700	9	3.5
447.672	1	1994.2600	1432.0600	9	5.0
447.744	1	2045.3100	1445.5000	9	7.8
447.844	1	2188.2500	1446.9000	9	4.4
447.972	1	1438.5900	1434.8700	9	3.0
448.080	1	2175.5300	1430.7400	9	7.9
448.208	1	4440.9100	1455.5300	9	5.4
448.312	1	1447.1600	1442.7300	9	3.2
448.448	1	16596.9000	1443.7000	9	9.5
448.544	1	1428.5500	1425.5200	9	3.5
448.672	1	1431.3300	1427.0500	9	5.7
448.772	1	1428.3100	1424.0000	9	5.1
448.844	1	2703.2800	1443.3800	9	5.5
448.972	1	1661.6400	1425.2200	9	6.4
449.072	1	4058.5400	1435.4600	9	3.5
449.176	1	4440.4800	1426.0000	9	8.9
449.272	1	2641.8500	1428.5500	9	5.4
449.372	1	1419.7400	1416.0500	9	3.6
449.472	1	2370.3700	1432.9800	9	8.3
449.572	1	2695.1600	1420.1300	9	6.3
449.676	1	1644.3400	1419.5400	9	4.4
449.776	1	11294.8000	5575.1900	9	1.5
449.908	1	6562.2200	1421.4200	9	6.4
450.008	1	2632.9400	1432.4800	9	3.8
450.108	1	1859.6500	1421.0100	9	5.1
450.208	1	1419.6800	1416.3000	9	5.3
450.308	1	1422.9600	1420.0700	9	6.3
450.408	1	2905.9900	1431.9200	9	5.9
450.508	1	1422.9100	1420.2200	9	7.7
450.608	1	11965.8000	3897.4900	9	10.7
450.708	1	2738.5900	1444.6700	9	6.0
450.808	1	1856.7000	1425.4200	9	5.1
450.908	1	6627.4600	3045.6800	9	5.2
451.040	1	4179.9200	1502.4100	9	2.1
451.140	1	4601.1600	1444.6100	9	7.4
451.240	1	2780.9100	1443.7900	9	3.5
451.344	1	2372.1700	1437.6600	9	6.4
451.476	1	2175.3700	1432.2000	9	7.6
451.608	1	1428.3900	1427.2000	9	3.5
451.708	1	1428.7900	1427.3100	9	8.1
451.808	1	3439.8000	1443.9400	9	4.1
451.908	1	2246.7600	1459.1100	9	5.1
452.008	1	7094.9000	2378.3700	9	6.6
452.108	1	1732.5000	1423.7300	9	3.2
452.208	1	1424.7200	1423.8300	9	4.7
452.340	1	3065.4500	1432.4500	9	6.9
452.472	1	1645.4900	1428.5300	9	5.3
452.572	1	4683.6600	1441.8100	9	3.3
452.672	1	1758.8200	1440.7600	9	4.9
452.772	1	10036.4000	1462.1200	9	4.2
452.872	1	1430.2000	1429.3200	9	8.4
452.976	1	2483.1600	1437.1600	9	6.2
453.080	1	2268.8100	1433.9400	9	7.7
453.152	1	2081.6700	1441.0400	9	4.8
453.272	1	2328.9900	1463.3600	9	2.9
453.372	1	9078.1600	1443.9800	9	7.7
453.472	1	2127.2400	1440.3000	9	3.3
453.572	1	3842.4600	1993.2400	9	7.8
453.672	1	2915.5000	1444.0100	9	7.3
453.772	1	1863.8700	1464.0700	9	12.6
453.872	1	2354.0200	1476.1600	9	7.7
453.972	1	3028.0700	1470.3300	9	3.9
454.072	1	3273.6800	1489.0700	9	3.9
454.172	1	1484.1000	1482.0200	9	9.8
454.272	1	2916.1900	2143.2100	9	12.3
454.372	1	2060.2800	1490.3900	9	11.8
454.472	1	3039.2100	1541.4900	9	12.3
454.572	1	2960.8600	1523.5300	9	7.2
454.672	1	2160.3900	1492.5600	9	4.9
454.772	1	2243.6400	1487.9900	8	3.9
454.872	1	2409.7100	1546.7700	6	6.8
454.944	1	2378.4500	1472.7100	5	5.4
455.072	1	1780.6100	1494.2600	5	7.0
455.172	1	5191.3200	1460.6800	7	8.3
455.244	1	2047.4600	1464.2900	5	5.9
455.372	1	4350.3700	1521.1600	6	3.5
455.472	1	2782.3700	1486.6100	9	7.5
455.544	1	2273.1500	1496.9100	6	6.5
455.672	1	2161.4700	1489.5700	5	4.7
455.772	1	4033.1200	1484.6800	7	8.4
455.844	1	1473.3400	1472.3600	4	5.9
455.976	1	6905.7700	1542.5600	9	13.0
456.108	1	1717.7200	1489.2400	5	3.9
456.208	1	5213.8000	1544.9300	8	4.3
456.308	1	1878.2200	1474.7200	6	5.4
456.412	1	2518.1900	1469.5600	7	4.6
457.508	0	60925.6000	3262.5800	9	11.8
457.612	1	10436.5000	2851.3500	9	17.9
457.708	1	4472.2400	759.8640	9	4.3
457.808	1	1573.2600	733.4290	9	3.5
457.908	1	1611.4600	674.8000	9	3.2
458.008	1	1210.6200	506.9140	9	4.9
458.108	1	1119.1600	487.3760	9	8.8
458.208	1	2368.3800	460.7850	9	7.7
458.308	1	1425.2800	394.9340	9	7.5
458.408	1	1667.8900	329.7450	9	4.1
458.540	1	1890.4300	347.2130	9	3.6
458.672	1	2915.6500	397.6580	9	2.7
458.744	1	1744.6900	337.2080	9	8.6
458.872	1	2205.3200	368.2300	9	8.8
458.972	1	1847.5300	371.0380	8	6.6
459.072	1	3123.7600	371.9290	9	3.4
459.172	1	2667.5900	353.5910	9	11.8
459.272	1	3232.4000	369.5600	9	2.5
459.372	1	2380.5200	325.3340	9	7.1
459.476	1	1795.7900	337.7240	9	5.8
459.608	1	3319.8400	516.7750	9	7.1
459.708	1	4463.0600	1294.3300	9	3.6
459.808	1	5267.7800	2466.3800	9	4.0
459.908	1	5034.6900	1642.4600	9	3.8
460.008	1	3450.8500	902.0750	9	2.2
460.108	1	4851.4900	575.5810	9	2.5
460.208	1	6055.5100	511.2510	9	3.5
460.308	1	3223.2500	438.9340	9	6.2
460.408	1	4136.8800	575.9430	9	4.3
460.508	1	2856.8000	422.2370	9	5.9
460.608	1	7407.9400	432.3150	9	9.6
460.708	1	4118.2800	355.2030	9	6.4
460.808	1	2238.5400	337.7220	9	5.5
460.908	1	8789.9500	446.5300	9	8.8
461.008	1	4809.3200	364.4070	9	3.4
461.108	1	3057.6300	336.8080	9	6.1
461.212	1	5659.2600	396.6320	9	7.3
461.308	1	8263.4100	467.6520	9	10.9
461.408	1	7022.1400	403.7190	9	6.6
461.540	1	3490.7000	366.3660	9	4.7
461.640	1	5663.0100	395.4350	9	4.9
461.772	1	6899.7800	388.2510	9	8.0
461.872	1	6112.1400	376.2360	9	9.0
461.972	1	6626.7600	383.0880	9	11.3
462.072	1	6832.4500	405.8930	9	10.0
462.144	1	10853.9000	419.1670	9	9.3
462.244	1	5745.4500	402.8840	9	8.1
462.372	1	4812.9900	355.4090	9	4.5
462.472	1	4820.2500	334.4730	9	7.9
462.572	1	13332.3000	442.7590	9	8.0
462.672	1	2579.7100	310.8730	9	3.4
462.776	1	7202.4800	372.7230	9	7.7
462.908	1	5023.4900	328.9150	9	6.6
463.008	1	11699.0000	429.5840	9	5.3
463.108	1	5471.6100	340.2550	9	5.9
463.208	1	9803.9700	353.7700	9	6.3
463.308	1	4210.1700	339.9730	9	2.6
463.412	1	8871.4100	367.8980	9	5.4
463.540	1	5104.6700	321.8350	9	3.7
463.672	1	7747.2500	354.5980	9	8.3
463.772	1	5360.9400	5360.9400	9	1.2
463.872	1	13892.7000	1223.6200	9	3.8
463.972	1	8335.5300	395.1500	9	9.5
464.072	1	10019.4000	376.4230	9	6.4
464.144	1	11596.1000	382.1340	9	7.0
464.248	1	7227.6200	379.8140	9	4.3
464.372	1	5800.7500	5800.7500	9	1.3
464.472	1	6925.9700	6925.9700	9	2.3
464.572	1	11620.8000	4776.2600	9	1.9
464.644	1	10145.0000	4241.6300	9	1.0
464.772	1	11263.2000	3344.0400	9	5.7
464.872	1	9591.2000	6314.3500	9	1.9
464.972	1	9269.0300	9246.6300	9	3.2
465.072	1	9299.2700	6614.5400	9	2.2
465.172	1	14246.7000	2363.1700	9	1.5
465.272	1	10504.8000	6385.0900	9	1.1
465.344	1	9622.0000	5800.9400	9	0.9
465.472	1	7480.0400	7480.0400	9	0.9
465.576	1	12105.6000	5023.0200	9	2.0
465.708	1	9908.7500	9908.7500	9	1.9
465.808	1	8125.8100	8125.8100	9	2.8
465.940	1	16845.6000	3490.9900	9	1.2
466.040	1	11847.8000	9286.0500	9	2.2
466.172	1	13300.9000	11047.0000	9	3.8
466.272	1	11382.1000	11382.1000	9	1.6
466.372	1	12798.8000	10930.7000	9	1.9
466.472	1	14621.5000	4560.7600	9	1.8
466.572	1	16997.6000	3020.2400	9	1.9
466.644	1	16145.4000	3624.7300	9	3.3
467.772	0	38510.8000	1211.9100	9	13.7
467.872	1	8286.6400	769.4700	9	20.8
467.972	1	20279.2000	6623.8300	9	14.4
468.072	1	2832.6300	208.8150	9	11.3
468.172	1	937.8250	210.8740	9	8.7
468.272	1	617.7940	224.2950	9	7.4
468.372	1	469.1580	210.5020	9	3.9
468.472	1	574.4390	233.6530	9	15.1
468.572	1	765.0350	228.3930	9	9.8
468.672	1	541.8110	233.0190	9	10.4
468.772	1	592.4640	249.5650	9	8.7
468.872	1	701.2230	277.3920	9	18.7
468.976	1	1316.6000	274.3020	9	8.7
469.108	1	1188.9400	265.5390	9	11.4
469.184	1	1725.7900	295.3530	9	7.8
469.308	1	651.7230	265.0640	9	7.7
469.408	1	1091.4200	293.3640	9	7.9
469.508	1	952.6780	300.9520	9	6.8
469.608	1	1419.3400	303.7550	9	10.8
469.708	1	698.5720	286.3810	9	14.5
469.784	1	794.3630	289.5020	9	4.7
469.908	1	2009.3300	356.3010	9	11.4
470.008	1	1773.9400	366.2700	9	7.8
470.140	1	2025.0200	333.6210	9	7.9
470.212	1	1219.8300	347.0050	9	5.0
470.308	1	1203.2200	345.7360	9	5.1
470.408	1	2372.5900	341.1320	9	4.2
470.508	1	1265.9600	350.8580	9	8.1
470.608	1	759.7180	337.2500	9	10.9
470.712	1	1067.7900	318.3000	9	4.7
470.808	1	2477.1200	377.5860	9	9.9
470.908	1	2494.4100	391.1530	9	14.2
470.980	1	830.0750	432.2340	9	4.8
471.108	1	1501.7500	346.3470	9	8.3
471.208	1	1023.0600	383.6420	9	4.2
471.344	1	1401.3700	343.5030	9	8.9
472.508	0	108507.0000	952.0200	9	10.6
472.608	1	9552.5700	9552.5700	9	4.4
472.708	1	2741.6800	2741.6800	9	1.7
472.808	1	4331.8600	233.9000	9	7.7
472.940	1	301.3250	209.4120	9	4.9
473.072	1	426.4500	271.3010	9	16.3
473.144	1	525.1690	276.6980	9	6.6
473.244	1	404.8950	313.5500	9	4.4
473.384	1	450.4630	250.3460	9	4.8
473.508	1	231.9180	184.2680	9	10.9
473.608	1	467.7740	209.7550	9	4.1
473.708	1	480.8000	256.6870	9	9.5
473.808	1	382.8140	228.6990	9	8.3
473.944	1	508.6670	255.6470	9	4.8
474.072	1	786.4840	335.9130	9	16.5
474.172	1	418.0200	308.3370	9	10.3
474.276	1	408.3870	312.8450	9	8.9
474.412	1	682.9700	309.6060	9	5.6
474.508	1	370.4410	302.3820	9	11.0
474.608	1	627.8610	348.2300	9	7.7
474.708	1	511.9140	354.8540	9	7.3
474.840	1	914.9010	398.7400	9	8.5
474.972	1	695.3220	431.9160	9	12.9
475.044	1	734.8530	456.2850	9	15.6
475.172	1	780.2940	456.2360	9	17.0
475.272	1	689.0460	496.7350	7	12.1
475.372	1	594.5130	481.2100	9	19.0
475.472	1	753.7550	486.3870	9	22.1
475.572	1	986.6740	523.9520	9	13.6
475.672	1	809.7020	500.6200	9	6.6
475.776	1	1190.6900	490.5520	5	11.3
475.908	1	768.5690	529.6460	9	11.0
476.008	1	1124.8800	545.0610	9	13.4
476.108	1	1390.8800	497.5670	9	11.5
476.212	1	1007.2900	433.3090	9	4.4
476.308	1	701.7160	415.2660	9	6.2
476.408	1	668.3070	468.9120	9	12.3
476.508	1	1067.9800	538.3500	9	10.1
476.608	1	1309.2600	543.7320	9	10.1
476.684	1	735.3910	405.8700	9	7.8
476.808	1	1840.5000	454.7060	9	4.5
476.908	1	1307.1400	348.4740	9	7.3
477.012	1	2181.7100	403.4210	9	5.5
477.108	1	1955.3600	338.7300	9	4.6
477.208	1	1345.9400	318.5400	9	7.9
477.308	1	1349.8800	341.8480	9	5.0
477.412	1	1264.0400	319.6290	9	6.4
477.544	1	1065.8900	301.3260	9	7.9
477.672	1	1847.0900	328.2560	9	6.9
477.744	1	1729.7800	308.5980	9	3.8
477.872	1	1771.5500	326.5560	9	9.2
477.976	1	2081.8600	299.9280	9	6.7
478.072	1	2960.6500	319.7130	9	3.2
478.172	1	2791.9400	320.7060	9	10.6
478.276	1	2296.8100	297.7490	9	4.5
478.408	1	2655.6000	282.3610	9	4.8
478.512	1	3360.7500	336.6560	9	9.1
478.608	1	3675.2600	351.2820	9	2.6
478.712	1	2437.3900	275.8600	9	5.1
478.808	1	1576.5100	278.6550	9	6.7
478.912	1	2398.8800	277.6290	9	4.9
479.008	1	1919.0700	281.3130	9	4.2
479.112	1	3041.2700	329.1320	9	5.0
479.208	1	2677.9600	300.8280	9	7.0
479.308	1	1935.2900	270.1320	9	7.1
479.408	1	2512.2400	308.9910	9	9.4
479.508	1	1842.9000	249.5290	9	7.0
479.608	1	2531.2200	279.9130	9	5.0
479.740	1	2196.5600	268.4700	9	4.8
479.872	1	3795.1400	316.5440	9	4.1
479.972	1	1829.9100	278.0170	9	7.4
480.076	1	3370.7400	300.2070	9	3.6
480.176	1	2907.4600	272.4740	9	4.5
480.308	1	3307.6900	280.1570	9	5.8
480.408	1	2426.4300	296.2590	9	3.6
480.512	1	4512.8000	293.8780	9	6.9
480.640	1	4362.6800	331.3710	9	6.4
480.772	1	4301.6900	312.9040	9	13.0
480.872	1	2438.4500	261.5490	8	3.1
480.976	1	2727.8900	265.7330	9	3.7
481.108	1	2790.1000	251.5790	9	4.6
481.208	1	4358.4500	312.7270	9	5.3
481.308	1	3526.7200	275.4030	9	8.2
481.408	1	2151.2600	272.8040	9	3.3
481.508	1	2887.8800	291.4360	9	7.4
481.640	1	5402.9800	320.6010	9	4.2
481.740	1	2967.1400	271.5200	9	2.7
481.872	1	3810.5000	295.1910	9	2.9
481.972	1	2601.4500	314.7000	9	6.8
482.044	1	1872.1500	278.4240	9	7.8
482.172	1	1814.8500	316.5330	9	8.2
482.272	1	1100.7900	348.5190	9	8.0
482.372	1	1548.8400	393.0160	9	13.0
482.472	1	1322.0200	422.7930	9	7.8
482.572	1	551.0150	443.3900	9	11.7
482.672	1	570.7710	447.2110	9	16.4
482.772	1	1366.5600	528.7700	9	6.5
482.872	1	1543.5000	569.1090	9	13.0
482.972	1	1844.4300	567.5440	9	14.8
483.072	1	1063.5800	584.3080	9	8.4
483.144	1	712.5940	547.0420	9	7.4
483.256	1	1724.5300	552.5280	9	5.2
483.372	1	2386.0900	558.2530	9	12.1
483.472	1	2884.9300	577.8150	9	8.2
483.572	1	3888.1200	584.3810	9	15.7
483.672	1	2374.1100	551.1370	9	18.9
483.744	1	3896.3200	510.1890	9	11.4
483.872	1	4557.1900	536.4290	9	10.7
483.972	1	2524.1700	504.2580	9	9.7
484.072	1	4539.1000	476.2710	9	21.6
484.172	1	4498.9300	452.6850	9	6.7
484.272	1	6678.3700	467.6740	9	10.5
484.372	1	2554.4600	367.1290	9	8.6
484.472	1	1389.4600	352.6490	9	4.3
484.572	1	2262.5400	388.0060	9	12.1
484.672	1	1998.1800	383.9450	9	3.7
484.772	1	3720.7800	398.0840	9	6.0
484.884	1	7331.5200	433.3880	9	4.6
485.008	1	4043.3900	412.2030	9	6.5
485.108	1	6748.1800	370.2220	9	7.9
485.212	1	7145.7700	415.2640	9	8.0
486.308	0	120992.0000	1190.7900	9	7.2
486.408	1	2131.5900	1015.1600	9	7.6
486.508	1	15735.1000	519.3600	9	16.2
486.612	1	5141.2900	447.4190	9	14.0
486.740	1	2934.8800	453.6030	9	14.1
486.872	1	1695.7900	431.7870	9	10.2
486.972	1	1236.7000	446.3840	9	12.1
487.044	1	959.7650	427.6730	9	6.4
487.144	1	703.5610	376.6760	9	7.0
487.240	1	933.4340	384.1610	9	5.2
487.372	1	1043.2400	413.6540	9	7.4
487.472	1	1211.3100	399.1780	9	6.6
487.572	1	832.1860	374.1120	9	7.7
487.672	1	965.2050	418.5890	9	10.7
487.772	1	1325.7300	440.5710	9	13.2
487.872	1	1164.3900	414.9760	9	13.3
487.972	1	1834.2400	459.8460	9	12.0
488.072	1	1830.1800	459.9610	9	6.5
488.172	1	1757.6900	486.5520	9	11.9
488.272	1	1857.9700	461.6690	9	12.1
488.344	1	2778.3400	498.4300	9	11.4
488.472	1	3078.6700	549.1420	9	16.9
488.572	1	2331.3900	547.5110	9	14.9
488.672	1	3017.2500	627.4310	9	9.1
488.772	1	3899.3800	577.1800	9	8.8
488.872	1	2633.6200	632.2960	9	6.8
488.944	1	704.0750	591.9320	9	16.3
489.040	1	813.9150	623.1200	9	6.7
489.148	1	848.6070	627.9810	9	9.6
489.272	1	770.2860	617.8320	9	13.9
489.372	1	965.1060	621.6310	9	12.1
490.472	0	95636.8000	818.5930	9	11.2
490.572	1	7714.2400	847.6510	9	20.5
490.672	1	2564.6200	301.9500	9	15.9
490.776	1	299.6910	253.2560	9	6.4
490.876	1	498.6460	297.8740	9	11.7
491.008	1	591.8710	291.1370	9	3.9
491.108	1	593.1080	353.5030	9	3.5
491.208	1	363.3930	280.6530	9	3.3
491.312	1	422.9770	214.3060	9	3.1
491.408	1	235.3240	177.3110	9	4.3
491.512	1	558.0480	265.3690	9	3.0
491.608	1	344.4040	261.4890	9	6.8
491.708	1	256.7960	220.1140	9	6.3
491.812	1	433.7480	295.2090	9	8.1
491.908	1	350.2940	308.0240	9	12.1
492.008	1	382.4660	284.9260	9	7.0
492.108	1	371.6080	280.3180	9	10.0
492.240	1	299.7080	266.9990	9	6.4
492.340	1	353.3180	289.2660	9	10.1
492.472	1	364.6880	303.0330	9	11.9
492.572	1	417.8840	339.4440	9	11.2
492.672	1	365.3050	279.9840	9	7.5
492.772	1	338.4660	291.9790	9	16.6
492.876	1	417.5040	356.2070	9	20.1
492.972	1	442.4750	342.6560	9	11.6
493.072	1	386.5140	328.4920	9	12.3
493.172	1	365.1370	334.8240	9	14.4
493.272	1	379.6130	326.7800	9	14.6
493.344	1	336.5200	311.1120	9	12.5
493.472	1	409.4710	337.6190	9	11.8
493.572	1	402.9830	348.4110	9	6.6
493.672	1	504.9790	378.6640	9	19.1
493.772	1	464.4740	333.9800	9	9.1
493.872	1	447.1500	303.4050	9	9.3
493.972	1	341.3760	287.2620	9	16.9
494.072	1	803.4510	299.4120	9	14.8
494.172	1	4551.3000	319.8530	9	14.7
494.272	1	1343.9100	295.0480	9	20.4
494.376	1	2732.1300	321.5740	9	7.5
494.508	1	1335.2800	302.9830	9	16.2
494.608	1	362.3090	315.7240	9	6.7
494.708	1	1688.0500	319.0000	9	6.8
494.808	1	467.1810	355.3420	9	4.9
494.940	1	1224.2600	325.0920	9	13.6
495.044	1	609.1550	316.5650	9	8.7
495.172	1	747.5970	358.8540	9	7.1
495.244	1	879.5190	342.8430	9	12.8
495.372	1	584.7880	358.3160	9	17.2
495.472	1	405.2270	362.7320	9	16.2
495.572	1	561.0010	406.8540	9	14.3
495.672	1	539.0550	392.6430	9	7.5
495.772	1	1072.2100	426.0200	9	8.8
495.872	1	465.9530	357.6300	9	16.7
495.944	1	589.0010	379.9900	9	5.1
496.048	1	1006.2300	341.5340	9	3.5
496.172	1	427.3620	364.5310	9	4.4
496.272	1	3474.2900	370.3430	9	9.7
496.372	1	1332.6100	345.6320	9	11.6
496.448	1	526.5600	344.3310	9	6.8
496.544	1	4190.1000	4190.1000	9	1.9
496.640	1	797.5010	336.2330	9	8.4
496.772	1	1888.9300	321.1960	9	5.5
496.872	1	413.3280	313.5120	9	7.1
496.976	1	576.1030	403.8610	9	13.9
497.108	1	954.1480	954.1480	9	2.7
497.208	1	530.0480	387.2730	9	12.5
497.308	1	2833.9700	1162.1800	9	3.4
497.408	1	974.7710	974.7710	9	3.8
497.540	1	589.2200	312.9090	9	3.8
497.672	1	681.6400	397.4940	9	9.6
497.772	1	470.7170	393.2790	9	4.2
497.872	1	812.2510	420.8140	9	9.5
497.972	1	453.3010	339.5080	9	6.6
498.072	1	505.4870	372.1080	9	5.2
498.172	1	390.9510	331.2780	9	10.5
498.272	1	451.0000	325.1880	9	7.5
498.372	1	471.6310	363.5520	9	11.4
498.472	1	435.5430	336.1450	9	8.5
498.572	1	452.4560	380.7230	9	8.7
498.672	1	392.3440	348.5990	9	12.9
498.744	1	467.6400	415.0560	9	3.6
498.872	1	494.2820	413.1860	9	12.7
498.972	1	530.9920	438.4280	9	13.3
499.072	1	634.9340	447.8000	9	15.3
499.172	1	537.8570	452.9250	9	14.3
499.272	1	482.2610	434.6820	9	5.8
499.372	1	521.0740	418.3470	9	8.8
499.472	1	611.2840	482.0220	9	11.5
499.572	1	571.5630	457.6990	9	11.1
499.672	1	449.9540	439.1440	9	3.5
499.772	1	565.5760	475.9860	9	3.9
499.872	1	602.3260	467.6770	9	3.8
499.972	1	634.1790	476.1710	9	4.2
500.072	1	574.9220	463.2760	9	11.5
500.172	1	482.6110	443.9120	9	6.6
500.272	1	581.5160	509.6810	9	14.4
500.372	1	710.0830	505.7560	9	11.8
500.472	1	475.0530	443.3710	9	5.9
500.572	1	550.5110	421.0030	9	10.7
500.672	1	507.9070	460.2890	9	7.5
500.772	1	549.1000	454.0710	9	15.7
500.876	1	611.1210	442.2370	9	7.2
500.976	1	592.0240	435.3550	9	5.1
501.080	1	569.3340	465.8770	9	6.3
501.176	1	685.4810	491.8340	9	6.9
501.272	1	690.3380	496.5200	9	12.7
501.372	1	608.4270	453.0670	9	6.5
501.472	1	602.3750	464.9630	9	10.3
501.576	1	604.5930	445.9640	9	4.9
501.708	1	480.3870	419.1180	9	7.0
501.808	1	821.7530	821.7530	9	3.4
501.908	1	645.0030	475.9260	9	10.6
502.008	1	693.9150	488.8260	9	3.7
502.108	1	620.7890	462.3950	9	12.5
502.212	1	585.0510	450.0370	9	13.1
502.340	1	741.2120	514.0080	9	12.2
502.472	1	647.7710	490.0730	7	7.6
502.576	1	793.5100	508.8510	9	8.0
502.708	1	818.7650	514.5260	8	11.8
502.808	1	705.7430	485.6250	9	5.8
502.908	1	772.7600	499.4560	9	16.2
503.012	1	887.1100	537.3530	6	4.4
503.108	1	730.4220	530.9900	9	5.3
503.208	1	876.3440	541.3900	9	5.7
503.312	1	763.6460	503.2830	9	8.6
503.408	1	817.7840	504.5610	7	9.4
503.508	1	842.1350	481.7500	9	8.6
503.644	1	939.9620	496.0490	9	6.1
503.772	1	944.1600	563.4690	9	6.9
503.872	1	1222.3300	580.0880	9	6.4
503.972	1	870.0400	466.2900	9	5.4
504.072	1	927.2260	485.3350	9	6.9
504.172	1	697.8510	440.4780	9	9.4
504.272	1	1086.3600	550.6320	9	10.3
504.372	1	959.9380	517.1990	9	9.0
504.472	1	896.8990	467.1290	9	6.3
504.572	1	858.6410	455.2190	9	5.8
504.672	1	1246.7900	539.2700	9	9.3
504.772	1	806.6380	468.2520	9	7.5
504.872	1	773.7730	433.6490	9	9.5
504.972	1	486.7720	422.3470	9	7.5
505.072	1	727.1650	465.7660	9	6.8
505.172	1	774.4530	499.3610	9	9.7
505.272	1	906.6830	445.2510	7	7.7
505.376	1	976.4810	488.4680	9	11.9
505.508	1	724.9410	462.6100	9	3.0
505.608	1	861.4430	482.4520	9	6.3
505.708	1	772.1050	450.3300	9	5.3
505.808	1	600.7610	414.4220	8	11.1
505.908	1	995.2420	471.4230	9	10.0
506.008	1	674.4540	442.5780	9	8.0
506.108	1	765.4240	441.6790	9	8.2
506.240	1	1138.4000	470.8890	7	9.4
506.376	1	1211.7300	468.8820	9	9.1
506.508	1	987.4330	441.3380	9	10.7
506.608	1	1382.1000	489.9810	9	9.2
506.708	1	779.8740	446.6640	6	5.2
506.812	1	884.2930	495.3210	8	8.1
506.908	1	750.2550	489.0820	9	7.3
507.008	1	851.6840	506.3380	8	5.9
507.108	1	1016.8300	524.1520	9	9.9
507.208	1	830.2690	541.1110	9	12.5
507.340	1	855.0550	571.7050	9	6.7
507.444	1	987.0330	575.1030	6	6.5
507.572	1	1022.7500	590.5030	9	15.7
507.676	1	870.5540	600.5820	9	10.2
507.808	1	802.5320	608.8590	7	9.4
507.908	1	916.5510	657.6610	9	11.1
508.008	1	1316.5200	683.5860	9	7.3
508.144	1	1084.6400	704.9810	9	3.5
508.276	1	1784.3800	865.5910	9	12.5
508.408	1	884.2900	550.3250	9	12.1
508.508	1	2021.0300	1218.7600	9	7.6
508.608	1	2067.6700	859.3020	9	3.0
508.708	1	1341.1500	861.5900	9	7.6
508.808	1	1367.8600	725.0850	9	6.9
508.908	1	1151.3200	637.5910	9	1.9
509.012	1	1060.5200	547.4540	9	2.6
509.140	1	932.7590	932.7590	9	2.8
509.212	1	1420.1000	1420.1000	9	3.7
509.308	1	1649.9400	610.5230	9	9.3
509.408	1	816.0350	509.9470	9	10.1
509.508	1	746.4510	475.7860	9	4.0
509.608	1	1266.5800	550.3280	9	7.0
509.740	1	1316.1900	542.1050	9	10.4
509.872	1	1506.9300	650.1420	9	5.8
509.972	1	1077.5300	543.6610	9	8.5
510.072	1	1250.7700	606.5610	9	3.3
510.172	1	1141.7400	537.4850	9	3.2
510.272	1	974.7890	495.6310	9	8.6
510.372	1	1562.9700	566.6670	9	9.9
510.444	1	1189.4000	545.8350	8	3.0
510.544	1	950.9560	548.5490	7	6.8
510.672	1	920.1550	545.3610	7	9.1
510.772	1	1984.7800	616.0790	9	3.4
510.844	1	952.2130	548.2130	8	3.0
510.972	1	1022.4200	527.0260	7	12.6
511.076	1	1755.7700	612.6340	9	4.6
511.208	1	1383.4500	596.8420	9	4.8
511.308	1	1185.3800	578.6510	8	10.5
511.408	1	1178.3800	594.1080	6	5.2
511.508	1	1285.9000	622.3750	8	8.8
511.608	1	1039.4700	624.8160	9	10.9
511.708	1	1343.8900	680.5890	9	17.4
511.844	1	1562.1200	697.4080	7	5.5
511.972	1	1827.8900	729.1180	8	4.7
512.076	1	1800.2600	721.0520	7	5.9
512.212	1	958.4010	672.1820	7	9.2
512.308	1	1670.4200	748.9870	7	9.7
512.440	1	1076.0600	679.6110	9	8.8
512.576	1	1601.6900	1601.6900	9	2.5
512.708	1	1176.8200	658.5410	6	7.3
512.808	1	1675.0400	678.7510	8	3.4
512.944	1	1484.9100	639.8990	8	3.7
513.072	1	1896.4100	697.5870	8	7.6
513.144	1	1965.0000	682.3210	9	9.6
513.244	1	1153.6100	652.4790	5	4.3
513.376	1	1386.4800	674.5470	8	14.9
513.472	1	1206.2900	661.9880	9	14.2
513.572	1	1014.0900	667.8020	9	11.2
513.672	1	1429.8000	712.6160	9	14.2
513.772	1	1084.0900	666.0460	6	7.7
513.872	1	1808.2400	725.5150	9	9.3
513.972	1	1213.7400	682.8470	7	3.8
514.072	1	1954.7800	707.6760	8	3.5
514.144	1	1806.1400	697.9160	9	3.7
514.244	1	1423.2100	720.1740	9	11.7
514.372	1	1666.8800	648.9390	9	9.8
514.472	1	2149.4100	674.9660	9	12.0
514.572	1	1615.8700	692.3750	9	9.7
514.672	1	969.0440	655.4580	7	10.7
514.772	1	1768.3100	678.5550	7	3.3
514.876	1	2503.9300	675.6210	8	3.2
514.976	1	1359.1900	623.8690	9	3.2
515.072	1	1419.6300	669.3140	7	7.3
515.172	1	1496.3100	650.4170	6	7.0
515.272	1	2916.4100	697.7500	7	3.0
515.372	1	1609.4100	641.4060	7	5.4
515.472	1	2961.5700	999.2070	9	10.6
515.572	1	2657.4900	1210.9200	9	5.4
515.672	1	2358.4700	708.2410	9	8.7
515.772	1	1595.8900	643.4710	8	10.0
515.872	1	2260.0300	633.3020	8	8.4
515.972	1	2168.0300	650.4650	9	13.3
516.072	1	2046.0700	660.9610	9	3.4
516.144	1	1295.1200	1295.1200	9	0.9
516.244	1	3181.2900	710.8190	9	11.0
516.372	1	1839.8800	707.6030	9	4.1
516.472	1	2835.3800	723.6170	8	11.8
516.552	1	1368.2400	672.2720	8	8.0
516.672	1	2401.3500	794.6120	9	11.7
516.772	1	1840.0300	714.8590	7	7.5
516.872	1	2523.1500	698.4300	9	3.0
516.972	1	1276.8300	657.7410	7	2.8
517.072	1	2545.3300	704.7300	8	7.6
517.172	1	2031.8300	662.7980	7	6.9
517.272	1	2343.8700	672.5210	8	5.8
517.372	1	1689.7000	638.3770	7	8.0
517.476	1	3012.2000	684.6170	6	12.1
517.612	1	1638.4400	668.0480	8	10.4
517.708	1	2285.5900	2285.5900	9	2.8
517.808	1	2373.1200	678.7350	7	5.4
517.912	1	1699.9400	684.7480	7	8.3
518.008	1	1640.5500	707.4410	9	4.0
518.108	1	2421.6600	783.7620	9	3.7
518.208	1	1521.8300	736.1700	9	9.3
518.312	1	1473.3100	750.4640	7	3.4
518.412	1	1924.8200	767.8810	7	5.5
518.508	1	2924.9600	826.9200	8	4.4
518.640	1	1879.9400	800.7980	7	9.7
518.744	1	1325.0700	786.8230	9	8.7
518.848	1	1470.8700	834.5510	9	4.6
518.972	1	2484.9600	829.1430	8	3.8
519.076	1	2234.9000	850.4420	9	8.7
519.172	1	1568.4100	841.3150	9	7.8
519.272	1	1794.6300	802.2940	7	9.7
519.348	1	1905.7300	1905.7300	9	2.0
519.472	1	2005.3300	798.6170	7	14.3
519.576	1	1699.9700	755.4860	6	4.8
519.708	1	1283.5600	769.1900	9	6.9
519.808	1	1695.9300	833.9440	7	9.8
519.908	1	2850.1000	781.7110	8	10.4
520.008	1	1856.1900	779.2020	8	6.5
520.108	1	1830.8800	1830.8800	9	1.1
520.208	1	1969.7400	813.4350	8	9.5
520.308	1	2394.2700	873.0140	9	8.4
520.408	1	1906.2400	839.5670	8	12.1
520.508	1	1955.9100	849.8500	9	4.6
520.608	1	1238.5800	805.2830	6	3.0
520.712	1	2646.6200	850.8310	9	4.3
520.808	1	1009.4300	840.5870	7	13.5
520.908	1	1530.1200	1530.1200	9	1.6
521.012	1	2424.7800	900.3790	8	3.5
521.108	1	2133.4800	878.4040	9	6.2
521.212	1	1878.3100	870.5180	9	7.3
521.308	1	1855.4200	862.5740	8	8.8
521.408	1	1743.5300	846.7950	9	5.0
521.508	1	1704.3900	912.3520	8	13.8
521.608	1	2256.1500	2256.1500	9	3.8
521.740	1	2261.7200	2261.7200	9	4.2
521.872	1	1625.2400	1625.2400	9	4.0
521.972	1	2144.6900	2144.6900	9	2.3
522.072	1	2523.2200	2523.2200	9	0.9
522.176	1	1393.9300	849.2190	9	3.6
522.272	1	1217.8000	817.3530	8	8.3
522.372	1	1924.6900	1924.6900	9	2.1
522.472	1	1866.6900	863.6740	8	10.8
522.572	1	2088.5100	2088.5100	9	3.7
522.644	1	1332.0600	1332.0600	9	2.2
522.744	1	3005.0300	972.3580	9	7.2
522.876	1	2660.5000	2660.5000	9	1.1
523.008	1	1989.7200	1989.7200	9	0.9
523.112	1	1836.0500	1836.0500	9	1.5
523.208	1	2964.2900	2964.2900	9	1.2
523.308	1	2078.5400	2078.5400	9	1.4
523.408	1	2788.1400	2788.1400	9	3.4
523.508	1	1344.4300	1344.4300	9	2.1
523.608	1	1872.9700	1872.9700	9	1.6
523.708	1	1745.2300	1745.2300	9	2.4
523.808	1	2169.6300	2169.6300	9	3.1
523.908	1	1682.0900	1682.0900	9	1.0
524.008	1	1724.7100	1724.7100	9	3.4
524.140	1	2808.3300	2808.3300	9	0.9
524.240	1	3067.4600	3067.4600	9	3.4
524.372	1	1582.9000	1582.9000	9	1.4
524.472	1	2306.2800	2306.2800	9	2.6
524.572	1	3232.1800	3232.1800	9	3.0
524.672	1	2197.0800	2197.0800	9	1.4
524.744	1	1955.2100	1955.2100	9	1.6
524.872	1	2688.4300	2688.4300	9	0.9
524.972	1	2763.5100	2763.5100	9	0.8
525.072	1	2725.8400	2725.8400	9	1.9
525.172	1	1113.6200	1113.6200	9	1.8
525.272	1	2013.6400	2013.6400	9	1.5
525.344	1	2210.9600	2210.9600	9	2.8
525.444	1	1992.3800	1992.3800	9	1.8
525.572	1	1986.5000	1986.5000	9	2.1
525.644	1	2252.5300	2252.5300	9	2.1
525.772	1	2401.2400	2401.2400	9	2.6
525.872	1	1889.6300	1889.6300	9	2.2
525.972	1	3518.4100	3518.4100	9	2.1
526.072	1	2248.8800	2248.8800	9	0.8
526.172	1	2795.1300	2795.1300	9	0.9
526.272	1	2220.8000	2220.8000	9	5.4
526.372	1	2565.6800	2565.6800	9	1.5
526.472	1	1906.2100	1906.2100	9	3.9
526.572	1	2789.5100	2789.5100	9	3.8
526.672	1	1876.1900	1876.1900	9	2.5
526.772	1	2964.5900	2964.5900	9	4.4
526.872	1	2754.9600	2754.9600	9	0.8
526.972	1	2813.7900	2813.7900	9	0.9
527.072	1	1284.3100	1284.3100	9	0.9
527.144	1	2880.1600	2880.1600	9	3.0
527.240	1	2256.7000	2256.7000	9	3.6
527.372	1	1854.2400	1854.2400	9	3.6
527.472	1	3107.6800	3107.6800	9	1.4
527.572	1	2177.5500	2177.5500	9	3.5
527.672	1	2917.8400	2917.8400	9	2.0
527.744	1	1565.5700	1565.5700	9	2.2
527.872	1	2086.5300	2086.5300	9	2.0
527.972	1	2068.2200	2068.2200	9	2.5
528.072	1	2159.9400	2159.9400	9	0.8
528.172	1	2880.1400	2880.1400	9	0.9
528.272	1	2862.2500	2862.2500	9	1.6
528.372	1	1963.1800	1963.1800	9	1.7
528.472	1	1949.3100	1949.3100	9	3.5
528.572	1	3207.8700	3207.8700	9	1.5
528.644	1	3690.2000	3690.2000	9	3.9
528.772	1	2923.1700	2923.1700	9	1.2
528.872	1	2720.2800	2720.2800	9	0.8
528.972	1	6063.0500	6063.0500	9	0.8
529.072	1	1988.2300	1988.2300	9	0.8
529.172	1	2409.6800	2409.6800	9	3.6
529.276	1	3516.2800	3516.2800	9	2.2
529.376	1	4370.5500	4370.5500	9	0.9
529.512	1	2221.7300	2221.7300	9	1.1
529.608	1	3957.3500	3957.3500	9	0.8
529.708	1	1709.9400	1709.9400	9	2.1
529.808	1	3161.1400	3161.1400	9	2.4
529.908	1	3057.2500	3057.2500	9	1.9
530.008	1	2232.0700	2232.0700	9	2.8
530.108	1	2700.3100	2700.3100	9	0.7
530.208	1	3580.6300	3580.6300	9	0.9
530.312	1	2832.7400	2832.7400	9	2.0
530.408	1	1672.9200	1672.9200	9	1.2
530.508	1	2875.3800	2875.3800	9	2.4
530.612	1	1749.0700	1749.0700	9	0.9
530.708	1	2926.0300	2926.0300	9	2.4
530.808	1	2747.2000	2747.2000	9	1.6
530.908	1	1367.9500	1367.9500	9	1.1
531.008	1	3088.6400	3088.6400	9	1.2
531.108	1	1988.5300	1988.5300	9	3.1
531.208	1	3821.2800	3821.2800	9	1.2
531.308	1	1763.3500	1763.3500	9	0.9
531.412	1	4017.9000	4017.9000	9	3.3
531.508	1	4021.7400	4021.7400	9	2.9
531.608	1	3404.0600	3404.0600	9	1.3
531.708	1	2528.1100	2528.1100	9	2.8
531.808	1	4476.3600	4476.3600	9	5.4
531.908	1	4014.2500	4014.2500	9	2.0
532.012	1	3357.4900	3357.4900	9	1.9
532.108	1	3127.8200	3127.8200	9	0.9
532.212	1	4117.3200	4117.3200	9	0.7
532.312	1	4570.0800	4570.0800	9	2.3
532.440	1	2120.2100	2120.2100	9	2.3
532.544	1	4049.5800	4049.5800	9	1.5
532.672	1	5026.3500	5026.3500	9	3.2
532.772	1	2076.4900	2076.4900	9	2.3
532.872	1	2294.7400	2294.7400	9	1.2
532.972	1	3869.9100	3869.9100	9	0.7
533.072	1	3845.3500	3845.3500	9	1.2
533.172	1	2759.1400	2759.1400	9	3.6
533.272	1	4101.1100	4101.1100	9	1.1
533.376	1	5341.5100	5341.5100	9	3.8
533.508	1	3885.7000	3885.7000	9	1.5
533.580	1	4635.9700	4635.9700	9	1.0
533.708	1	5148.0900	5148.0900	9	1.3
533.808	1	4557.0500	4557.0500	9	2.6
533.908	1	3046.6300	3046.6300	9	1.8
534.008	1	2249.9500	2249.9500	9	1.8
534.108	1	4185.9500	4185.9500	9	2.7
534.208	1	3388.0400	3388.0400	9	1.2
534.308	1	4106.2400	4106.2400	9	4.4
534.408	1	1834.2700	1834.2700	9	3.5
534.512	1	3931.9100	3931.9100	9	1.4
534.608	1	2753.3400	2753.3400	9	1.8
534.708	1	4398.6300	4398.6300	9	1.2
534.808	1	5125.3600	5125.3600	9	4.0
534.940	1	3464.1900	3464.1900	9	1.8
535.072	1	3009.0300	3009.0300	9	0.7
535.172	1	3392.9400	3392.9400	9	1.4
535.272	1	5625.7400	5625.7400	9	1.3
535.372	1	3905.3900	3905.3900	9	1.7
535.472	1	2500.9300	2500.9300	9	1.8
535.572	1	2177.7300	2177.7300	9	1.1
535.676	1	3287.8300	3287.8300	9	2.1
535.808	1	5041.1000	5041.1000	9	1.4
535.912	1	3460.6900	3460.6900	9	1.8
536.040	1	4145.9000	4145.9000	9	3.4
536.112	1	4959.4800	4959.4800	9	1.4
536.208	1	5299.4300	5299.4300	9	0.7
536.312	1	3449.8700	3449.8700	9	2.9
536.408	1	2863.8000	2863.8000	9	1.1
536.508	1	4936.6600	4936.6600	9	3.2
536.608	1	2024.5600	2024.5600	9	2.5
536.708	1	6815.1200	6815.1200	9	2.3
536.808	1	3508.7200	3508.7200	9	3.4
536.908	1	4591.6000	4591.6000	9	0.8
537.008	1	4702.3800	4702.3800	9	1.1
537.108	1	4610.0400	4610.0400	9	1.1
537.208	1	3160.0800	3160.0800	9	1.3
537.308	1	3100.9700	3100.9700	9	1.6
537.408	1	4518.7400	4518.7400	9	3.4
537.508	1	4150.3800	4150.3800	9	1.4
537.608	1	5060.6500	5060.6500	9	1.8
537.712	1	2902.1800	2902.1800	9	1.0
537.808	1	2070.1300	2070.1300	9	2.0
537.908	1	3054.7300	3054.7300	9	1.3
538.008	1	3158.7700	3158.7700	9	2.6
538.108	1	1880.8400	1880.8400	9	2.7
538.208	1	2498.6400	2498.6400	9	0.7
538.308	1	1958.5200	1958.5200	9	1.5
538.408	1	2730.8700	2730.8700	9	2.6
538.508	1	2940.6400	2940.6400	9	3.8
538.608	1	2580.7600	2580.7600	9	1.5
538.708	1	1999.0600	1999.0600	9	2.1
538.808	1	4215.8300	4215.8300	9	1.2
538.908	1	4021.0500	4021.0500	9	1.3
539.008	1	3464.5200	3464.5200	9	0.8
539.112	1	2310.7800	2310.7800	9	3.4
539.208	1	3456.4900	3456.4900	9	3.3
539.308	1	3571.4200	3571.4200	9	2.6
539.408	1	1194.4900	1194.4900	9	1.4
539.508	1	3120.0200	3120.0200	9	1.4
539.608	1	1749.4100	1749.4100	9	1.4
539.708	1	5709.9400	5709.9400	9	1.3
539.808	1	4243.9100	4243.9100	9	3.5
539.908	1	4278.9000	4278.9000	9	2.8
540.008	1	2645.9500	2645.9500	9	0.7
540.108	1	2797.0700	2797.0700	9	0.7
540.208	1	3285.6300	3285.6300	9	2.7
540.308	1	3497.4400	3497.4400	9	1.2
540.408	1	1611.1200	1611.1200	9	1.7
540.508	1	4727.1200	4727.1200	9	1.5
540.608	1	3543.6900	3543.6900	9	1.5
540.708	1	4945.8800	4945.8800	9	3.7
540.808	1	3919.1300	3919.1300	9	0.9
540.908	1	3254.6900	3254.6900	9	0.8
541.040	1	2939.5000	2939.5000	9	1.3
541.172	1	5221.3900	5221.3900	9	2.5
541.272	1	5326.5100	5326.5100	9	1.4
541.372	1	4862.1900	4862.1900	9	4.1
541.472	1	2881.8700	2881.8700	9	1.9
541.572	1	6281.3100	6281.3100	9	3.2
541.672	1	3171.2400	3171.2400	9	2.3
541.744	1	4820.0000	4820.0000	9	4.1
541.872	1	3538.8700	3538.8700	9	6.8
541.972	1	5032.6300	5032.6300	9	4.3
542.072	1	4210.7200	4210.7200	9	0.9
542.172	1	2423.2800	2423.2800	9	0.8
542.276	1	3759.9000	3759.9000	9	4.1
542.372	1	5029.2100	5029.2100	9	1.1
542.444	1	3132.2800	3132.2800	9	1.7
542.544	1	3300.0200	3300.0200	9	3.5
542.644	1	4044.0100	4044.0100	9	1.4
542.776	1	4779.5300	4779.5300	9	1.7
542.876	1	4361.5300	4361.5300	9	1.2
543.008	1	1787.3400	1787.3400	9	0.8
543.108	1	4057.0300	4057.0300	9	2.1
543.244	1	5086.2800	5086.2800	9	2.7
543.372	1	3430.7900	3430.7900	9	1.4
543.452	1	2740.6700	2740.6700	9	0.8
543.572	1	2696.1200	2696.1200	9	2.7
543.672	1	2782.0000	2782.0000	9	3.0
543.772	1	5033.4000	5033.4000	9	1.1
543.872	1	3010.1100	3010.1100	9	1.3
543.972	1	2919.8600	2919.8600	9	1.5
544.072	1	3749.6400	3749.6400	9	1.0
544.176	1	2643.1800	2643.1800	9	0.8
544.308	1	4707.7700	4707.7700	9	4.8
544.408	1	7123.4600	7123.4600	9	0.8
544.508	1	3505.9400	3505.9400	9	1.2
544.608	1	3445.3800	3445.3800	9	1.2
544.712	1	3853.6200	3853.6200	9	3.4
544.808	1	4157.6200	4157.6200	9	1.0
544.908	1	3029.6300	3029.6300	9	0.9
545.008	1	2924.4100	2924.4100	9	0.9
545.144	1	3703.9200	3703.9200	9	1.5
545.240	1	2647.6100	2647.6100	9	2.6
545.372	1	3527.4900	3527.4900	9	4.7
545.472	1	4229.6000	4229.6000	9	2.3
545.572	1	2598.1400	2598.1400	9	2.0
545.672	1	3267.8500	3267.8500	9	1.9
545.772	1	1659.5800	1659.5800	9	0.7
545.876	1	2854.4300	2854.4300	9	5.4
545.972	1	2395.9600	2395.9600	9	1.4
546.072	1	2660.1000	2660.1000	9	4.8
546.172	1	3392.0500	3392.0500	9	0.8
546.272	1	3681.1400	3681.1400	9	0.8
546.372	1	4278.4500	4278.4500	9	1.6
546.472	1	2593.3800	2593.3800	9	5.1
546.576	1	3823.5100	3823.5100	9	1.6
546.708	1	4141.6400	4141.6400	9	1.6
546.812	1	3074.8800	3074.8800	9	0.7
546.908	1	3503.0900	3503.0900	9	0.7
547.008	1	2125.0500	2125.0500	9	1.1
547.140	1	3193.3700	3193.3700	9	0.8
547.244	1	4236.9500	4236.9500	9	2.7
547.376	1	7173.3100	7173.3100	9	3.1
547.512	1	2687.6700	2687.6700	9	1.6
547.608	1	6408.6800	6408.6800	9	3.2
547.708	1	3348.4600	3348.4600	9	1.0
547.808	1	2720.8600	2720.8600	9	1.0
547.908	1	3445.1800	3445.1800	9	2.8
548.008	1	5001.1400	5001.1400	9	2.6
548.108	1	3995.9800	3995.9800	9	1.8
548.208	1	4902.1800	4902.1800	9	0.7
548.308	1	2964.3000	2964.3000	9	2.4
548.412	1	3642.9100	3642.9100	9	1.1
548.508	1	3405.1100	3405.1100	9	3.4
548.608	1	5481.1500	5481.1500	9	1.6
548.708	1	6663.7100	6663.7100	9	2.5
548.808	1	2592.8900	2592.8900	9	2.6
548.908	1	3968.4600	3968.4600	9	0.8
549.008	1	5921.4700	5921.4700	9	0.9
549.140	1	2487.7000	2487.7000	9	1.2
549.272	1	3673.4400	3673.4400	9	3.7
549.372	1	3218.2900	3218.2900	9	1.5
549.472	1	5629.0000	5629.0000	9	1.2
549.548	1	3523.9100	3523.9100	9	0.8
549.676	1	3773.4000	3773.4000	9	2.1
549.776	1	3295.4600	3295.4600	9	2.9
549.876	1	2782.1400	2782.1400	9	1.9
550.008	1	2119.3400	2119.3400	9	1.3
550.108	1	4229.5300	4229.5300	9	2.5
550.208	1	2282.7500	2282.7500	9	1.4
550.340	1	6259.1000	6259.1000	9	3.6
550.440	1	2467.8200	2467.8200	9	3.2
550.540	1	3422.4300	3422.4300	9	3.4
550.640	1	1946.2900	1946.2900	9	2.2
550.772	1	2098.8600	2098.8600	9	3.6
550.872	1	3533.1500	3533.1500	9	1.9
550.972	1	2213.7200	2213.7200	9	1.4
551.072	1	4872.4500	4872.4500	9	0.9
551.172	1	3255.7200	3255.7200	9	0.8
551.276	1	5471.6800	5471.6800	9	3.8
551.408	1	4162.5500	4162.5500	9	4.5
551.508	1	3445.2700	3445.2700	9	1.3
551.612	1	3252.0600	3252.0600	9	1.3
551.708	1	1837.6100	1837.6100	9	2.5
551.808	1	2869.6700	2869.6700	9	1.5
551.908	1	3892.1100	3892.1100	9	2.7
552.008	1	3790.5300	3790.5300	9	5.1
552.108	1	3905.2800	3905.2800	9	1.1
552.208	1	5320.6200	5320.6200	9	0.8
552.308	1	3080.4800	3080.4800	9	0.7
552.408	1	3844.4600	3844.4600	9	2.3
552.480	1	3164.3800	3164.3800	9	0.8
552.608	1	6161.6400	6161.6400	9	2.1
552.708	1	4274.0200	4274.0200	9	1.3
552.808	1	3538.0900	3538.0900	9	1.0
552.908	1	3335.9300	3335.9300	9	2.7
554.044	0	528968.0000	4125.7900	9	6.9
554.172	1	5599.3400	1830.1700	9	20.1
554.272	1	1014.3700	267.3250	9	4.1
554.372	1	649.1040	208.5300	9	3.5
554.472	1	499.4710	235.5480	9	8.1
554.576	1	472.2870	263.3280	9	11.9
554.672	1	586.4040	305.3820	9	15.7
554.772	1	545.2390	321.1850	9	17.2
554.872	1	691.2370	332.8990	9	8.3
554.972	1	387.9760	300.8000	9	4.5
555.072	1	427.0080	306.4220	9	4.0
555.172	1	622.3360	322.5060	9	4.1
555.272	1	648.9930	353.9000	9	15.0
555.372	1	615.8210	432.8390	9	9.7
555.472	1	773.9980	441.0130	9	5.9
555.572	1	763.5880	459.3520	9	10.5
555.672	1	887.6800	449.9460	9	15.2
555.772	1	639.1070	352.7730	9	7.2
555.872	1	488.4410	308.3120	9	10.7
555.972	1	708.3360	350.6270	9	8.5
556.076	1	492.4320	305.7910	9	8.0
556.172	1	364.3370	240.0390	9	4.5
558.408	0	81579.0000	1135.3200	9	5.3
558.508	1	6115.7000	1430.9900	9	15.4
558.608	1	4348.2300	568.3520	9	6.4
558.708	1	744.6340	377.9570	9	8.3
558.808	1	1654.3300	609.9910	9	2.3
558.908	1	1658.7400	395.9110	9	5.5
559.008	1	839.3300	332.3830	9	4.7
559.112	1	859.8970	266.1900	9	3.8
559.208	1	859.1960	259.2650	9	4.2
559.308	1	841.1590	293.8120	9	4.2
559.412	1	373.0440	185.9170	9	4.9
559.508	1	2561.2500	663.8390	9	5.2
559.612	1	2913.5600	588.9070	9	5.6
559.708	1	1198.6400	364.8040	9	3.0
559.808	1	393.7540	202.3210	9	2.2
559.908	1	1110.4700	595.1940	9	10.0
560.040	1	704.3100	367.4650	9	6.6
560.144	1	802.8830	499.0470	9	3.1
560.272	1	668.5340	399.0510	9	3.5
560.372	1	908.0480	690.1250	9	10.3
560.472	1	997.9540	662.7100	9	14.9
560.572	1	743.7050	606.1090	9	9.2
560.672	1	955.9440	629.6530	9	16.7
560.744	1	769.3170	581.5720	9	12.0
560.872	1	1215.4300	850.7560	9	17.1
560.976	1	1106.3500	742.5810	9	5.9
561.108	1	1234.7700	833.5820	9	5.8
561.208	1	868.9270	737.5640	9	15.5
561.308	1	1456.8100	969.8440	9	13.3
561.408	1	1634.1600	1274.2200	9	15.5
561.540	1	1501.1300	1012.0900	9	12.4
561.672	1	986.2020	794.3540	9	12.9
561.776	1	2147.6100	974.3210	9	22.0
561.876	1	2119.5100	1280.8800	9	10.5
561.976	1	978.7700	678.6760	9	9.2
562.108	1	572.6260	451.5450	7	10.3
562.212	1	2422.9000	935.6300	9	3.7
562.312	1	4118.4600	1548.2600	9	13.8
562.408	1	5945.9000	2390.4600	9	9.8
562.508	1	2008.8800	777.5750	9	5.4
562.608	1	1585.8400	611.5960	9	5.3
562.740	1	920.8910	536.6360	9	8.0
562.872	1	4942.3900	1036.8400	9	8.6
562.972	1	1460.2500	980.2740	9	2.5
563.072	1	1253.6100	644.9200	9	3.5
563.172	1	1168.4000	648.2590	9	2.6
563.272	1	1285.0300	702.2590	9	9.0
563.372	1	2170.1100	585.9630	9	8.1
563.444	1	5726.4100	1370.9700	9	7.7
563.544	1	2023.8200	1109.2600	9	5.2
563.672	1	1594.3700	629.8720	9	6.6
563.772	1	1410.6200	535.0150	9	3.2
563.872	1	1233.8500	596.5410	9	4.2
563.972	1	4584.1800	1028.4200	9	3.0
564.072	1	1199.2300	626.2150	9	2.8
564.172	1	822.9170	515.5340	9	1.7
564.272	1	1892.1300	630.1140	9	2.3
564.376	1	2628.9500	682.8760	9	4.7
564.508	1	1557.0600	658.5360	9	2.3
564.612	1	958.0600	447.8190	9	4.2
564.708	1	1431.6300	745.6550	9	2.4
564.808	1	1627.9400	525.4090	9	5.0
564.908	1	1401.7400	502.8290	9	2.5
565.008	1	1450.7300	442.6010	9	1.6
565.108	1	1376.1600	494.7510	9	6.5
565.240	1	1938.8500	532.5960	9	9.2
565.372	1	2072.1500	473.0450	9	6.2
565.472	1	1767.8800	491.2620	9	7.4
565.572	1	1431.2200	449.0940	9	9.1
565.672	1	1938.3000	521.1890	9	3.2
565.772	1	1519.8200	475.9360	9	3.5
565.872	1	1079.5600	431.9230	9	9.8
565.972	1	2011.3700	470.6000	9	11.8
566.076	1	3144.0400	573.9440	9	3.9
566.212	1	1763.0700	439.5050	9	2.5
566.312	1	1261.9500	409.9040	9	2.9
566.408	1	1352.0800	425.4390	9	6.6
566.484	1	1377.5900	429.1590	9	2.5
566.576	1	1041.8200	408.2210	9	3.0
566.708	1	2325.2000	525.6290	9	9.5
566.808	1	2222.8600	469.2540	9	2.9
566.908	1	1666.4300	425.6750	9	3.8
567.008	1	1456.1700	436.1610	9	2.9
567.108	1	1439.8300	440.7410	9	5.7
567.208	1	1989.5700	479.5840	9	8.8
567.312	1	2026.9200	483.9760	9	11.7
567.408	1	1711.3700	432.9910	9	8.0
567.508	1	1716.2600	431.5030	9	8.2
567.608	1	911.1930	404.7550	9	3.9
567.708	1	1343.8700	422.9020	9	5.1
567.808	1	2318.2400	503.0710	9	8.2
567.908	1	2503.2600	518.3830	9	2.8
568.008	1	1778.4300	469.9330	9	6.0
568.108	1	1650.4600	437.2630	9	1.9
568.208	1	2379.8300	507.9730	9	2.5
568.308	1	2125.1500	451.6670	9	4.8
568.408	1	1359.1600	428.5210	9	3.1
568.508	1	2124.4300	468.7310	9	5.9
568.612	1	2784.2100	479.9510	9	3.7
568.744	1	1738.8200	457.9430	9	2.2
568.844	1	1729.0300	454.4880	9	3.5
568.944	1	2725.0900	444.8610	9	3.6
569.072	1	2373.3400	444.2260	9	2.4
569.172	1	1714.6400	435.1430	9	4.3
569.272	1	2077.2200	428.1170	9	4.0
569.372	1	1987.3600	461.7490	9	4.5
569.472	1	2015.7500	453.9780	9	4.3
569.572	1	1635.4800	465.2500	9	9.4
569.672	1	1559.2000	430.7740	9	5.1
569.772	1	1927.0800	443.2890	9	6.6
569.872	1	2661.5600	488.4800	9	6.6
569.972	1	1518.2600	413.9390	9	8.5
570.072	1	1260.5300	398.8070	9	7.7
570.172	1	2885.3800	516.9980	9	4.0
570.244	1	1338.7600	413.9930	9	3.0
570.372	1	1947.3100	468.2880	9	7.8
570.444	1	2131.8700	435.7090	9	3.5
570.572	1	3471.8800	507.0620	9	5.4
570.672	1	2759.1100	437.5040	9	5.3
570.772	1	3494.2300	493.2160	9	9.5
570.872	1	3090.4100	471.4510	9	9.8
570.944	1	971.4490	382.5750	9	1.9
571.072	1	1349.7800	468.8280	9	1.6
571.172	1	1676.5300	432.3750	9	6.0
571.272	1	2708.7300	480.1530	9	10.7
571.372	1	2385.5400	450.6800	9	10.0
571.472	1	2023.8500	418.1710	9	3.4
571.572	1	1994.5600	438.4870	9	3.8
571.672	1	1999.9700	436.0550	9	8.4
571.772	1	2529.1700	475.4760	9	6.7
571.872	1	2360.4400	445.8930	9	5.2
571.972	1	2702.3800	477.6020	9	8.2
572.072	1	1703.4600	415.1600	9	7.5
572.176	1	2365.6200	433.9100	9	2.3
572.276	1	2848.0900	450.7430	9	3.3
572.408	1	3672.6900	469.7510	9	5.8
572.508	1	3491.1600	519.3190	9	6.8
572.608	1	1844.6700	404.6270	9	6.4
572.708	1	2010.9200	438.9860	9	4.0
572.808	1	3009.8000	483.1970	9	5.3
572.908	1	2906.0800	454.8570	9	8.0
573.012	1	2850.8800	455.4510	9	2.3
573.108	1	4109.7000	486.2340	9	2.5
573.208	1	2800.4800	519.4510	9	6.6
573.308	1	3316.3200	572.6250	9	7.1
573.408	1	4706.0800	593.8080	9	5.9
573.508	1	3681.6500	524.9890	9	5.6
573.608	1	3564.2200	493.3890	9	4.8
573.712	1	3224.6600	467.5330	9	6.4
573.808	1	2871.6400	448.4190	9	4.6
573.908	1	2099.5800	426.0900	9	9.2
574.040	1	2215.1700	652.9200	9	3.7
574.172	1	1913.9200	713.2840	9	2.5
574.272	1	6418.5400	2143.0100	9	2.3
574.372	1	2600.6000	705.1140	9	7.1
574.472	1	4018.5300	951.8600	9	5.3
574.572	1	5246.4600	1023.8700	9	8.7
574.672	1	4472.8800	834.7770	9	6.1
574.772	1	2400.2900	615.3580	9	8.4
574.852	1	1811.3300	644.5360	9	2.0
574.972	1	662.4640	421.9980	9	2.1
575.072	1	2291.6300	507.4020	9	2.5
575.172	1	2879.8900	531.2580	9	2.6
575.272	1	1328.8100	585.5600	9	6.1
575.372	1	707.9230	596.4570	7	9.7
575.472	1	824.6610	719.7440	9	11.3
575.544	1	947.8510	638.9170	7	6.4
575.648	1	784.8460	669.3730	7	4.1
575.772	1	959.8070	677.8060	8	13.1
575.872	1	920.7310	643.4120	7	8.1
575.972	1	1692.4600	642.3830	6	8.5
576.072	1	661.0960	570.1880	6	8.9
576.172	1	1395.7000	707.3540	8	4.9
576.272	1	752.1400	656.5130	6	3.3
576.372	1	932.8440	706.4690	9	11.6
576.472	1	1088.8600	774.9240	9	7.0
576.572	1	902.6610	723.6900	7	8.6
576.672	1	989.9170	694.6480	9	12.3
576.772	1	797.8430	664.4220	8	9.1
576.872	1	1014.7400	642.6100	9	13.0
576.972	1	1338.4500	682.2950	8	3.9
577.072	1	743.1800	628.2480	9	3.6
577.172	1	1142.5200	695.8620	6	2.9
577.272	1	1045.5900	656.9670	9	13.7
577.372	1	1251.9400	682.6950	8	9.8
577.472	1	1046.0800	750.2030	8	15.9
577.572	1	1065.0400	806.6530	6	11.5
577.672	1	916.2140	844.3190	6	8.1
577.776	1	964.4280	755.2410	6	16.0
577.872	1	862.7770	788.7930	8	9.8
577.972	1	1039.8900	843.1700	8	15.2
578.044	1	1386.9500	769.0760	8	12.7
578.172	1	1151.5800	744.4530	9	6.5
578.272	1	1049.4400	698.9310	5	2.6
578.344	1	1567.2300	767.5790	6	3.0
578.480	1	848.3550	752.0650	6	6.4
578.576	1	1071.3900	772.9490	6	4.9
578.672	1	1541.4900	655.6900	7	11.8
578.772	1	1204.2000	697.3890	6	7.8
578.872	1	801.9230	715.2660	6	9.1
578.972	1	1518.3300	760.4080	6	9.1
579.072	1	1405.6000	716.7100	9	6.7
579.172	1	1127.8500	751.5890	9	5.2
579.272	1	1210.9600	725.2270	7	15.6
579.344	1	2070.5700	766.4340	7	10.8
579.472	1	1773.0400	763.7060	6	7.2
579.576	1	1540.2600	809.8590	6	8.9
579.708	1	2499.2700	809.7090	9	10.7
579.808	1	877.0450	762.1700	5	7.8
579.880	1	2142.6800	769.1350	7	11.0
580.008	1	1185.2100	814.7720	6	10.0
580.140	1	1067.8800	760.4910	6	6.5
580.244	1	1919.8900	816.8940	8	5.3
580.376	1	1264.7200	810.7220	6	3.9
580.480	1	935.8120	798.5360	5	11.7
580.612	1	2096.9300	821.8390	6	8.3
580.708	1	1848.1500	775.6260	6	11.1
580.808	1	1620.5200	862.7990	6	5.8
580.908	1	1089.8800	838.6750	9	14.6
581.008	1	1291.9300	792.4760	7	3.5
581.108	1	1287.0900	806.4930	6	7.1
581.212	1	1407.4800	801.8860	8	11.8
581.308	1	992.9160	890.1020	6	9.9
581.408	1	1363.1300	835.4070	6	8.5
581.508	1	1855.8900	849.3260	6	10.1
581.608	1	1390.3900	801.5260	7	9.4
581.708	1	2213.3300	794.0670	9	13.0
581.808	1	1358.0600	800.7960	6	3.1
581.912	1	1494.5500	836.2380	7	4.4
582.008	1	963.5450	809.3180	7	11.0
582.108	1	1191.4100	805.8230	9	4.1
582.208	1	1108.6700	813.4170	7	3.5
582.308	1	2009.3500	923.0870	7	6.6
582.444	1	1227.0500	870.8780	6	5.5
582.548	1	1703.0600	871.1760	7	8.7
582.672	1	931.8690	817.4400	6	8.0
582.772	1	1746.4300	914.7390	7	7.4
582.872	1	1774.9700	983.8040	7	9.0
582.972	1	2091.3900	892.3600	6	2.9
583.076	1	2056.3600	860.3610	7	3.2
583.208	1	1795.0300	895.9170	6	3.8
583.308	1	2472.0200	2472.0200	9	1.5
583.408	1	1800.1600	1800.1600	9	2.7
583.508	1	1293.4500	795.8610	6	7.1
583.608	1	2329.2500	893.9810	8	6.2
583.708	1	2029.4300	988.3790	7	8.1
583.840	1	1559.0100	844.9670	6	12.2
583.972	1	2139.5300	2139.5300	9	2.5
584.072	1	2746.2500	2746.2500	9	4.5
584.172	1	1282.2900	841.2190	8	3.4
584.244	1	1366.4700	801.1110	6	2.4
584.344	1	1481.0000	785.8830	7	3.7
584.472	1	851.3560	798.4470	6	6.4
584.572	1	2326.7500	2326.7500	9	3.3
584.672	1	2503.6200	1228.3800	7	8.4
584.744	1	2532.2700	826.2840	9	7.0
584.848	1	1741.1900	883.8200	7	2.9
584.976	1	1458.5000	968.6990	8	3.6
585.072	1	1626.9900	1017.3300	8	3.5
585.172	1	1772.6500	1284.7600	8	8.7
585.272	1	1748.5500	1748.5500	9	1.9
585.372	1	2296.8300	2296.8300	9	2.8
585.472	1	1634.0800	1634.0800	9	1.4
585.572	1	1054.8600	1054.8600	9	4.0
585.672	1	1953.5100	1953.5100	9	2.5
585.772	1	2187.4100	2187.4100	9	2.9
585.872	1	1255.2000	1255.2000	9	1.8
585.972	1	1807.0100	1807.0100	9	3.8
586.072	1	1601.0200	1601.0200	9	1.5
586.144	1	1093.5500	1093.5500	9	0.8
586.276	1	1866.8600	1866.8600	9	2.7
586.408	1	1955.7400	1955.7400	9	5.2
586.508	1	2064.9200	2064.9200	9	1.5
586.608	1	1571.7700	1571.7700	9	3.0
586.708	1	1905.2000	1905.2000	9	5.3
586.808	1	1952.9000	1952.9000	9	0.8
586.908	1	2037.8300	2037.8300	9	1.0
587.008	1	1892.2200	1892.2200	9	1.1
587.108	1	2442.9300	2442.9300	9	1.2
587.208	1	2664.0500	2664.0500	9	5.4
587.308	1	2504.2500	2504.2500	9	4.7
587.408	1	2190.7500	2190.7500	9	2.7
587.508	1	2337.1300	2337.1300	9	3.8
587.608	1	2490.3100	2490.3100	9	3.4
587.708	1	1946.3600	1946.3600	9	2.3
587.784	1	1546.6100	1546.6100	9	1.7
587.908	1	2582.3900	2582.3900	9	2.8
588.008	1	3104.0000	3104.0000	9	2.3
588.108	1	3321.7800	3321.7800	9	1.9
588.212	1	3106.0000	3106.0000	9	1.1
588.308	1	1121.4800	1121.4800	9	1.0
588.408	1	2206.8400	2206.8400	9	1.2
588.540	1	2914.7200	2914.7200	9	1.2
588.672	1	3621.7200	3621.7200	9	1.9
588.772	1	3484.5200	3484.5200	9	1.7
588.872	1	3000.8800	3000.8800	9	3.4
588.972	1	3238.5800	3238.5800	9	0.7
589.072	1	2330.3800	2330.3800	9	0.7
589.172	1	2507.3000	2507.3000	9	1.4
589.244	1	1468.9200	1468.9200	9	1.7
589.344	1	2410.2100	2410.2100	9	1.7
589.472	1	3315.1300	3315.1300	9	2.5
589.572	1	3716.6200	3716.6200	9	4.4
589.672	1	2507.4400	2507.4400	9	3.5
589.772	1	2885.0600	2885.0600	9	1.9
589.872	1	3056.5400	3056.5400	9	3.5
589.972	1	2845.6300	2845.6300	9	3.1
590.072	1	2850.8600	2850.8600	9	1.9
590.172	1	3640.5900	3640.5900	9	1.2
590.272	1	3811.1200	3811.1200	9	1.1
590.344	1	2431.4300	2431.4300	9	2.2
590.476	1	2938.9900	2938.9900	9	3.4
590.608	1	3007.6900	3007.6900	9	1.3
590.708	1	5490.0100	5490.0100	9	0.9
590.808	1	2767.8800	2767.8800	9	0.9
590.912	1	3061.5300	3061.5300	9	2.6
591.012	1	3491.3200	3491.3200	9	0.8
591.108	1	3132.6200	3132.6200	9	1.1
591.212	1	1928.6100	1928.6100	9	2.1
591.308	1	4533.8800	4533.8800	9	3.0
591.408	1	3181.1800	3181.1800	9	1.7
591.512	1	2961.5200	2961.5200	9	2.1
591.608	1	6026.6400	6026.6400	9	2.1
591.708	1	3517.5800	3517.5800	9	2.9
591.808	1	6866.0600	6866.0600	9	1.6
591.908	1	4464.4900	4464.4900	9	2.9
592.008	1	5419.8300	5419.8300	9	2.4
592.108	1	4591.4100	4591.4100	9	3.3
592.208	1	4197.2200	4197.2200	9	0.8
592.308	1	5916.3200	5916.3200	9	0.8
592.412	1	5439.4400	5439.4400	9	2.9
592.508	1	2342.5700	2342.5700	9	0.7
592.608	1	5028.6700	5028.6700	9	0.7
592.708	1	4103.3300	4103.3300	9	1.1
592.812	1	2840.4600	2840.4600	9	1.0
592.908	1	6676.6500	6676.6500	9	2.2
593.008	1	5134.0900	5134.0900	9	0.8
593.108	1	5077.3400	5077.3400	9	0.8
593.208	1	3849.7200	3849.7200	9	3.3
593.308	1	4198.6400	4198.6400	9	3.7
593.408	1	5888.9800	5888.9800	9	4.9
593.508	1	5446.6200	5446.6200	9	2.7
593.608	1	4330.0600	4330.0600	9	3.8
593.740	1	5012.8400	5012.8400	9	1.3
593.844	1	3877.4500	3877.4500	9	2.9
593.972	1	5800.1800	5800.1800	9	1.3
594.072	1	5469.9500	5469.9500	9	1.2
594.172	1	7862.1600	7862.1600	9	3.0
594.244	1	6489.5600	6489.5600	9	0.7
594.372	1	4973.6800	4973.6800	9	1.9
594.444	1	5050.5700	5050.5700	9	4.4
594.572	1	5871.6600	5871.6600	9	1.1
594.672	1	5005.5200	5005.5200	9	1.5
594.744	1	3483.6200	3483.6200	9	2.2
594.848	1	5332.1100	5332.1100	9	1.0
594.976	1	6764.2200	6764.2200	9	1.4
595.112	1	6632.1400	6632.1400	9	0.7
595.208	1	6134.1700	6134.1700	9	1.1
595.308	1	8226.0200	8226.0200	9	1.9
595.408	1	7582.8300	7582.8300	9	0.7
595.508	1	3904.9300	3904.9300	9	1.2
595.608	1	6349.3300	6349.3300	9	1.0
595.708	1	4271.8100	4271.8100	9	1.7
595.808	1	7221.9000	7221.9000	9	1.3
595.908	1	7823.0400	7823.0400	9	1.6
596.008	1	2792.9600	2792.9600	9	2.1
596.108	1	8326.4800	8326.4800	9	0.9
596.208	1	4599.4300	4599.4300	9	1.1
596.308	1	4907.7100	4907.7100	9	0.8
596.408	1	6250.6800	6250.6800	9	1.3
596.508	1	7314.6800	7314.6800	9	4.6
596.608	1	8788.6800	8788.6800	9	1.0
596.708	1	5520.5800	5520.5800	9	1.9
596.808	1	4221.2800	4221.2800	9	0.9
596.908	1	4530.5200	4530.5200	9	2.4
597.008	1	5026.8800	5026.8800	9	0.9
597.112	1	7030.7500	7030.7500	9	1.2
597.240	1	4928.6900	4928.6900	9	0.7
597.344	1	7594.3800	7594.3800	9	0.8
597.440	1	5911.1800	5911.1800	9	1.2
597.576	1	9136.3000	9136.3000	9	2.1
597.708	1	9316.5700	9316.5700	9	2.4
597.808	1	9240.9500	9240.9500	9	3.3
597.908	1	6885.8700	6885.8700	9	0.9
598.008	1	9848.4200	9848.4200	9	4.1
598.108	1	7014.4300	7014.4300	9	1.7
598.240	1	8730.1800	8730.1800	9	1.3
598.372	1	7085.5100	7085.5100	9	0.7
598.472	1	7713.3700	7713.3700	9	1.8
598.572	1	9861.8800	9861.8800	9	1.8
598.676	1	7465.9400	7465.9400	9	1.6
598.808	1	12583.7000	9921.9600	9	4.7
598.908	1	7148.2200	7148.2200	9	1.3
599.008	1	10977.1000	10977.1000	9	3.0
599.108	1	7489.8900	7489.8900	9	0.7
599.208	1	8632.5500	8632.5500	9	0.7
599.308	1	10298.2000	9238.7400	9	3.0
599.408	1	9204.0200	9204.0200	9	1.8
599.508	1	10822.9000	7842.8300	9	4.2
599.640	1	11534.8000	7521.7200	9	4.2
599.772	1	10855.0000	10855.0000	9	0.7
599.872	1	9627.0500	9627.0500	9	0.8
599.972	1	6228.4500	6228.4500	9	2.2
600.072	1	5551.9400	5551.9400	9	0.8
600.172	1	11719.6000	743.5530	9	12.2
600.272	1	11154.5000	801.1360	9	2.9
600.372	1	11355.3000	721.3960	9	3.8
600.472	1	7996.9000	749.6870	9	5.5
600.576	1	13029.1000	751.1120	9	9.2
600.680	1	13953.7000	785.6830	9	3.6
600.812	1	7238.4100	689.3240	9	3.2
600.908	1	8030.6800	8030.6800	9	1.1
601.008	1	9111.4000	736.8910	9	2.8
601.108	1	16839.6000	780.0700	9	3.9
601.244	1	11515.3000	781.8530	9	2.4
601.372	1	18755.7000	758.6810	9	5.4
601.444	1	9719.4000	695.8480	9	6.4
601.572	1	9469.2800	701.7820	7	2.4
601.672	1	13852.6000	748.7980	9	6.6
601.772	1	8971.5600	727.5400	9	8.2
601.876	1	14916.8000	719.1840	9	3.8
602.008	1	14850.4000	760.7930	9	6.8
602.140	1	15206.6000	755.8200	9	7.0
602.272	1	10804.7000	711.6040	9	3.7
602.372	1	16068.2000	732.4550	9	2.3
602.472	1	15616.7000	724.2730	9	6.3
602.572	1	12810.5000	712.2980	9	6.8
602.676	1	7397.4700	687.5640	9	5.0
602.812	1	10656.6000	708.9450	9	6.2
602.908	1	15657.6000	723.1780	9	5.3
603.008	1	15937.8000	727.1140	8	5.5
603.108	1	10319.9000	709.4460	9	2.3
603.208	1	10084.0000	716.3240	8	2.2
603.308	1	14425.0000	714.4620	9	9.7
603.440	1	8142.9600	681.3840	9	8.4
603.544	1	18365.3000	731.2090	9	3.7
603.672	1	21209.5000	750.3000	9	9.0
603.772	1	12169.0000	735.3830	9	3.4
603.872	1	14667.1000	731.6520	9	7.5
603.972	1	8224.3900	707.2170	9	6.4
604.048	1	7812.0700	704.1830	9	4.8
604.172	1	10051.9000	776.4620	8	7.8
604.244	1	13172.2000	744.2490	9	2.9
604.376	1	13452.1000	754.8530	9	2.5
604.508	1	14980.5000	727.5000	9	7.5
604.608	1	20176.2000	755.6380	9	6.3
604.708	1	13652.1000	748.0850	8	6.4
604.808	1	12966.4000	761.8050	9	8.9
604.912	1	8434.8900	740.7110	9	5.7
605.008	1	10708.0000	749.0100	9	10.2
605.108	1	8860.7400	752.9320	9	2.8
605.208	1	8989.9500	741.1410	9	3.4
605.308	1	6771.0900	767.3000	9	6.7
605.408	1	8573.5500	787.5530	8	12.1
605.512	1	10819.1000	807.6730	9	8.7
605.644	1	10867.0000	862.2770	9	4.9
605.772	1	7513.6300	830.0380	9	12.2
605.844	1	13887.8000	829.1100	9	14.0
605.944	1	11017.4000	800.9420	9	7.3
606.072	1	4465.4300	798.6330	9	8.6
606.172	1	7130.2800	835.6240	9	12.2
606.272	1	14181.4000	833.5110	9	4.4
606.376	1	12373.3000	785.1520	9	2.8
606.508	1	9897.2100	750.5520	9	3.1
606.608	1	11383.2000	812.5470	9	8.0
606.708	1	13192.9000	825.6120	9	3.7
606.808	1	8811.3600	808.5620	9	9.3
606.908	1	9213.7000	784.0450	9	6.1
607.008	1	9816.5900	836.9850	9	6.9
607.108	1	4345.0500	989.9710	9	2.4
607.208	1	15801.6000	1988.7000	9	3.3
607.340	1	15839.8000	2395.4400	9	9.0
607.472	1	6820.4600	6820.4600	9	4.4
607.544	1	5521.4200	5521.4200	9	0.8
607.672	1	5730.3500	1142.0000	9	7.5
607.772	1	5078.2200	1218.6200	9	10.7
607.872	1	9507.5800	1331.9300	9	8.1
607.952	1	21071.6000	1728.3500	9	7.3
608.072	1	46105.7000	1718.2500	9	10.2
608.172	1	2606.8100	742.9030	9	6.1
608.272	1	11364.8000	1015.0900	9	3.3
608.372	1	25047.3000	1064.1300	9	2.5
608.472	1	23483.0000	896.3170	9	4.0
608.572	1	17893.4000	811.0100	9	3.6
608.672	1	36748.6000	940.8540	9	10.4
608.772	1	23957.5000	874.7740	9	10.4
608.844	1	24344.3000	866.6730	9	8.2
608.972	1	27923.0000	878.2470	9	5.1
609.044	1	28846.4000	933.1890	9	2.5
609.172	1	20327.5000	891.8390	9	2.4
609.244	1	15697.0000	893.8070	9	9.6
609.348	1	21793.3000	967.6540	9	4.6
609.472	1	26494.8000	1015.5300	9	5.2
609.572	1	18831.5000	904.0070	9	6.3
609.644	1	9090.9100	824.2240	9	7.2
609.772	1	16553.3000	897.4810	9	7.4
609.872	1	6310.3900	767.7870	9	7.4
609.972	1	20554.9000	976.2970	9	5.7
610.072	1	19166.4000	951.0200	9	7.1
610.172	1	14163.4000	893.6530	9	6.2
610.272	1	15158.3000	937.6390	9	2.4
610.372	1	16496.0000	830.7720	9	6.0
610.444	1	12179.6000	856.6380	9	8.7
610.544	1	19440.7000	956.9210	9	5.0
610.672	1	13896.3000	852.4290	9	3.0
610.772	1	19713.6000	818.1940	9	5.1
610.872	1	26613.8000	836.9430	9	7.0
610.972	1	12760.9000	792.1310	9	4.1
611.072	1	21226.6000	829.9880	8	2.4
611.172	1	15968.6000	1050.1700	9	2.8
611.280	1	32583.4000	1431.7600	9	4.8
611.408	1	29983.5000	1284.6500	9	6.7
611.508	1	22248.6000	1164.6700	9	6.1
611.640	1	602091.0000	2382.8100	9	4.9
611.772	1	26300.0000	13780.8000	9	7.5
611.872	1	39468.4000	19364.2000	9	9.7
611.972	1	19614.8000	15204.4000	9	5.7
612.072	1	4718.0300	1396.9900	9	6.7
612.172	1	1541.1000	1094.3500	9	6.8
612.272	1	1345.2400	1068.8800	9	2.6
612.372	1	1437.3800	1180.5000	9	5.2
612.444	1	1438.6200	1141.2800	9	4.2
612.576	1	2750.6200	2750.6200	9	1.9
612.708	1	1679.3600	1066.3700	9	7.5
612.812	1	2691.5200	1050.4700	9	5.6
612.908	1	3267.0700	1103.4900	9	11.6
613.008	1	1278.8600	1163.4500	9	3.1
613.140	1	1386.6100	1130.1100	9	3.8
613.272	1	1374.0800	1160.9400	9	13.4
613.376	1	1302.3300	1178.2900	8	8.6
613.476	1	1529.5100	1255.8400	9	5.2
613.572	1	1360.0500	1251.5600	9	14.9
613.644	1	1636.8100	1209.0400	8	10.3
613.772	1	1456.2700	1126.4200	6	10.0
613.872	1	1396.2400	1141.4500	9	8.0
613.972	1	1271.2800	1174.6600	9	11.8
614.072	1	1492.3700	1146.5800	6	11.5
614.144	1	1375.9500	1130.9700	6	3.7
614.272	1	1285.4300	1145.2800	6	3.2
614.372	1	1614.6800	1188.3800	5	6.4
614.472	1	1577.8900	1235.0200	6	6.5
614.572	1	1627.2000	1193.7400	6	16.7
614.672	1	1445.8100	1250.5200	5	8.7
614.776	1	1460.6800	1230.7900	8	12.9
614.872	1	1792.4300	1263.2800	9	7.6
614.944	1	1383.0800	1140.8300	5	10.3
615.072	1	2087.5200	1304.8900	8	5.5
615.172	1	1704.5100	1239.9400	9	4.6
615.272	1	1781.3700	1264.3100	7	11.5
615.372	1	1556.5500	1207.9700	7	6.2
615.444	1	1527.1900	1239.8700	7	3.8
615.576	1	1582.8200	1256.8300	6	17.6
615.708	1	1796.7900	1331.8000	6	10.1
615.808	1	1601.6800	1332.0200	6	7.4
615.908	1	1391.8900	1258.1700	5	6.5
616.008	1	1429.5200	1257.0900	5	4.7
616.108	1	1817.3700	1343.2600	7	12.4
616.240	1	2016.9500	1333.8900	7	4.0
616.312	1	1607.7400	1300.8200	8	4.1
616.408	1	1445.0700	1202.8100	6	5.4
616.508	1	1485.1400	1266.4000	7	9.3
616.608	1	1348.2400	1209.3900	6	2.6
616.712	1	1642.8500	1202.0100	8	3.2
616.840	1	1346.3900	1215.3100	8	3.0
616.944	1	2205.8400	1231.2800	8	12.5
617.040	1	1444.2400	1169.0200	5	2.0
617.140	1	1596.8100	1467.1400	9	3.5
617.272	1	1384.8900	1147.3600	6	7.8
617.376	1	2223.3800	1276.1900	9	11.7
617.508	1	2242.6000	1210.8600	8	9.3
617.640	1	2123.2100	1242.9800	9	14.3
617.772	1	2026.3700	1258.3600	8	7.9
617.872	1	2330.6500	1606.2800	8	10.0
617.972	1	1477.8800	1171.9800	8	11.6
618.072	1	1961.4200	1220.4800	6	6.7
618.172	1	2232.9300	1252.4000	7	5.1
618.244	1	2083.6900	1267.3600	7	5.5
618.372	1	1866.4400	1299.2000	8	15.9
618.472	1	1989.6100	1304.6100	7	7.4
618.572	1	1775.8000	1328.1200	7	7.5
618.672	1	1837.5000	1263.5100	6	9.9
618.772	1	1795.1300	1286.6600	8	14.4
618.876	1	1981.9000	1260.7300	6	4.5
618.972	1	1674.4400	1274.5100	6	4.6
619.072	1	2224.2300	1261.5500	6	4.3
619.172	1	1735.0100	1264.7700	9	4.3
619.272	1	1819.7200	1225.9500	6	8.5
619.344	1	1965.5500	1229.1300	7	8.7
619.472	1	2382.8400	1274.6400	6	11.2
619.572	1	2557.0400	1320.3800	8	16.4
619.672	1	2800.2100	1348.1300	7	14.5
619.772	1	1743.2600	1313.3000	6	7.7
619.876	1	1659.1200	1304.6200	6	10.8
620.008	1	2315.2300	2315.2300	9	6.1
620.108	1	1878.9500	1317.3800	6	5.2
620.208	1	2789.3800	1406.1300	9	3.7
620.308	1	2061.9200	1306.1500	7	2.9
620.408	1	2230.7700	1374.3100	7	4.5
620.508	1	2108.6800	1372.1800	8	10.4
620.608	1	2387.2000	1332.5000	7	14.4
620.708	1	2142.8500	1293.7200	7	7.0
620.808	1	1946.6300	1259.8100	7	5.3
620.908	1	2324.2800	1295.7400	8	3.9
621.012	1	2095.2000	1283.6300	7	2.5
621.140	1	2573.2100	1372.9300	8	3.2
621.276	1	2889.4700	2889.4700	9	2.6
621.408	1	2788.1300	2788.1300	9	4.5
621.508	1	2892.1900	2892.1900	9	3.3
621.608	1	2579.1900	2579.1900	9	2.0
621.708	1	2071.9300	2071.9300	9	3.6
621.844	1	3065.8700	1821.5300	9	6.5
621.972	1	2072.8500	1330.9500	9	7.4
622.072	1	2692.2000	2692.2000	9	2.2
622.172	1	2556.5500	2556.5500	9	2.5
622.272	1	2643.1100	2643.1100	9	0.8
622.372	1	1808.3400	1252.8200	9	2.2
622.472	1	2502.5600	1392.6100	8	4.0
622.572	1	2268.0500	2268.0500	9	2.0
622.644	1	2253.5800	1222.1600	7	3.7
622.772	1	2521.9900	1354.2300	9	8.9
622.872	1	2171.0000	1354.6800	9	5.0
622.972	1	2382.2700	2382.2700	9	1.3
623.072	1	1687.6300	1199.3600	6	2.1
623.172	1	2781.8800	2781.8800	9	0.8
623.272	1	2478.4600	2478.4600	9	1.8
623.372	1	2185.1000	1868.1100	6	5.8
623.476	1	2841.0000	2841.0000	9	3.6
623.608	1	3935.6800	3935.6800	9	6.0
623.708	1	2333.9900	2333.9900	9	1.6
623.808	1	2510.2300	2510.2300	9	1.1
623.908	1	2697.8000	2697.8000	9	1.4
624.008	1	2005.8400	1405.9900	9	4.4
624.108	1	1703.2600	1703.2600	9	1.2
624.208	1	2591.6500	2591.6500	9	1.2
624.308	1	2370.6600	1317.5900	9	2.4
624.408	1	2769.5300	2769.5300	9	0.8
624.540	1	3029.7900	3029.7900	9	1.3
624.672	1	4014.9000	4014.9000	9	1.4
624.772	1	3893.9500	3893.9500	9	2.1
624.872	1	2360.0800	2360.0800	9	1.8
624.972	1	3466.0300	3466.0300	9	0.9
625.072	1	3826.9900	1423.8500	9	2.8
625.144	1	2949.8700	2949.8700	9	0.8
625.244	1	2420.5100	1589.9600	7	2.0
625.372	1	3245.8400	1372.5800	9	12.3
625.472	1	4097.8100	4097.8100	9	2.3
625.576	1	3262.6900	3262.6900	9	3.3
625.708	1	3427.7800	3427.7800	9	3.2
625.808	1	3130.9500	1360.5300	8	5.9
625.940	1	3445.4600	3445.4600	9	2.9
626.072	1	3782.7200	3782.7200	9	1.2
626.172	1	3581.9000	3581.9000	9	0.9
626.244	1	4077.7000	4077.7000	9	3.4
626.372	1	3429.2800	1290.4700	9	2.4
626.472	1	2533.7400	1383.5200	9	7.4
626.572	1	4064.5600	4064.5600	9	3.2
626.676	1	2870.9900	1431.4600	9	8.9
626.808	1	2781.7600	2781.7600	9	1.8
626.908	1	3365.7700	3365.7700	9	2.5
627.008	1	4238.8400	4238.8400	9	1.4
627.112	1	3564.7900	3564.7900	9	1.8
627.208	1	4589.6400	4589.6400	9	0.7
627.312	1	3520.6000	1292.2700	8	3.0
627.408	1	4710.4500	1493.3800	9	4.7
627.508	1	3442.0800	3442.0800	9	1.2
627.608	1	5534.8000	5534.8000	9	2.8
627.708	1	4263.0800	1348.5000	9	6.7
627.812	1	3497.2900	1411.9400	9	4.3
627.908	1	4951.7800	4951.7800	9	1.4
628.008	1	4324.0200	4324.0200	9	2.0
628.108	1	5480.5800	1385.3300	9	2.6
628.208	1	3344.0400	3344.0400	9	1.9
628.308	1	5484.4300	5484.4300	9	0.8
628.408	1	4270.5700	4270.5700	9	1.1
628.512	1	5792.0200	5792.0200	9	1.9
628.612	1	5031.3400	5031.3400	9	3.0
628.708	1	4302.5400	4302.5400	9	1.1
628.808	1	2458.6700	2458.6700	9	1.3
628.908	1	6182.1600	1363.5900	9	10.3
629.008	1	4446.5600	1280.4900	9	4.9
629.108	1	5793.7300	1409.2600	9	5.5
629.208	1	6184.3100	1351.0800	9	7.4
629.308	1	4750.5500	1279.1600	9	5.3
629.408	1	4570.6700	1296.1200	8	5.7
629.508	1	4916.0700	1201.2100	7	4.1
629.608	1	7284.0200	1304.6600	8	7.6
629.708	1	4549.3700	1257.8600	8	2.3
629.808	1	5445.7200	1266.1900	8	2.6
629.908	1	7207.9600	1295.3000	8	7.1
630.008	1	6972.3100	1294.3100	9	8.0
630.140	1	6469.7700	1258.8400	8	6.2
630.272	1	7339.2200	1323.3600	9	5.6
630.344	1	8085.9000	1306.6000	7	6.2
630.472	1	7209.3000	1220.6000	8	11.0
630.572	1	6751.6900	1292.7100	7	2.7
630.644	1	6523.2300	1308.2100	9	6.4
630.772	1	6797.9300	1217.9600	8	6.5
630.844	1	7718.5500	1288.7400	8	4.7
630.972	1	7943.5300	1251.8600	9	11.1
631.072	1	6408.9700	1262.8300	8	6.0
631.172	1	6276.6300	1227.0200	6	4.1
631.272	1	4220.1400	1198.0100	8	2.6
631.372	1	6762.5200	1206.3600	7	2.7
631.444	1	4269.7100	1157.6100	8	2.6
631.572	1	6816.3600	1236.8500	9	5.5
631.672	1	9571.3100	1260.3800	8	5.2
631.772	1	5623.5700	1188.9200	9	2.5
631.872	1	5727.1500	1182.6200	9	8.4
631.972	1	8336.4200	1251.8700	9	10.3
632.072	1	3061.2000	1155.1800	7	7.6
632.172	1	6546.2300	1207.2900	8	2.2
632.272	1	7361.3500	1256.8100	8	2.3
632.372	1	7804.3700	1201.2600	8	2.2
632.472	1	7549.8100	1187.1100	7	2.1
632.572	1	10487.6000	1281.8400	8	2.5
632.672	1	9042.4400	1191.6000	8	6.3
632.772	1	8187.1000	1271.3700	9	4.4
632.872	1	6894.7800	1247.5900	6	3.6
632.972	1	6720.0900	1215.7900	8	4.3
633.076	1	4807.2100	1194.6500	8	7.2
633.208	1	10613.0000	1224.8500	8	7.5
633.308	1	7765.2300	1198.6200	9	4.7
633.408	1	4566.3200	1149.3400	8	4.9
633.508	1	5826.1400	1178.8600	8	4.1
633.640	1	11679.9000	1216.9800	8	6.5
633.772	1	12393.4000	1262.4800	8	12.0
633.872	1	12183.1000	1211.0200	7	5.6
633.972	1	8806.1900	1245.2500	8	6.0
634.072	1	10351.1000	1216.1800	9	8.4
634.176	1	9457.0700	1185.2000	8	4.2
634.308	1	10562.3000	1195.9500	8	5.6
634.408	1	10842.8000	1222.6200	8	8.9
634.508	1	13619.8000	1275.8700	8	6.2
634.612	1	10532.6000	1261.8700	8	9.0
634.708	1	12670.3000	1209.2800	8	7.2
634.808	1	5573.2500	1166.8500	8	2.2
634.908	1	8946.4200	1195.4800	9	2.4
635.040	1	14261.1000	1204.5200	7	6.2
635.172	1	12903.4000	1258.9500	8	7.7
635.272	1	6218.1500	1158.5200	7	8.7
635.372	1	15290.8000	1233.7100	8	5.1
635.472	1	8729.8700	1177.4700	7	1.9
635.572	1	6259.6200	1196.9400	7	1.9
635.672	1	11096.5000	1223.6400	9	2.5
635.776	1	9908.2700	1297.0000	9	2.4
635.908	1	11274.5000	1251.7800	9	2.3
636.008	1	8585.1800	1175.7400	9	2.3
636.108	1	7418.0500	1156.1300	6	1.6
636.208	1	11737.5000	1205.3300	8	2.6
636.308	1	14364.5000	1270.7100	9	2.5
636.408	1	14963.6000	1212.7100	9	4.0
636.508	1	8436.8400	1199.9000	8	2.5
636.608	1	9399.2400	1221.2800	7	2.0
636.708	1	7741.2700	1217.4300	6	2.6
636.812	1	8863.7800	1192.7600	6	2.6
636.912	1	6621.9800	1190.8700	8	2.1
637.012	1	20719.3000	1306.4100	9	2.7
637.108	1	10545.8000	1176.5700	8	2.2
637.240	1	13923.4000	1206.0900	8	2.4
637.372	1	8335.4000	1173.4300	8	2.1
637.472	1	16230.5000	1278.6000	9	2.6
637.572	1	12530.8000	1190.2300	9	2.3
637.644	1	10934.3000	1190.9600	9	2.6
637.744	1	6750.9400	1189.0600	9	2.2
637.876	1	11575.1000	1218.0600	9	2.4
638.008	1	11510.8000	1177.9400	8	2.7
638.112	1	10676.8000	1158.1000	8	3.0
638.240	1	12689.6000	1228.7800	9	2.3
638.372	1	17759.7000	1234.7200	9	2.4
638.444	1	12980.9000	1193.7400	9	2.4
638.572	1	14010.0000	1197.8300	9	2.4
638.672	1	3859.4700	1149.2000	9	2.2
638.772	1	1844.1700	1132.4800	8	1.9
638.872	1	1200.3900	1122.8200	7	1.7
638.972	1	1811.7400	1139.3500	7	1.8
639.072	1	1569.7400	1132.7800	7	2.4
639.176	1	1188.7200	1122.8700	7	2.3
639.308	1	2084.4700	1151.9000	8	2.0
639.440	1	1909.6000	1132.1900	8	2.5
639.572	1	1195.4500	1122.9200	6	1.4
639.672	1	3014.6800	1173.5700	9	2.1
639.772	1	2511.5200	1146.0800	9	2.1
639.872	1	1202.3900	1123.1300	8	1.8
639.976	1	1190.8100	1123.1400	8	1.9
640.108	1	1626.0900	1130.6500	8	2.0
640.208	1	1201.9200	1123.2300	7	1.6
640.308	1	1190.3900	1123.2500	7	1.7
640.412	1	1503.1300	1134.6200	7	1.7
640.508	1	1612.5200	1131.3000	7	2.6
640.608	1	1199.2900	1123.3700	8	2.3
640.708	1	1189.4800	1123.4100	8	1.8
640.808	1	1342.5600	1129.5200	8	1.9
640.908	1	1612.2500	1137.2700	8	2.8
641.008	1	1190.5800	1123.4700	7	1.6
641.108	1	1517.0100	1128.3400	8	1.9
641.208	1	1768.3400	1139.9600	8	1.9
641.340	1	1888.2200	1163.8800	8	2.0
641.472	1	2407.9000	1142.6200	8	2.0
641.572	1	1511.0700	1126.9900	8	2.6
641.644	1	1625.5300	1130.1800	9	2.0
641.772	1	1344.6300	1136.3200	8	2.7
641.872	1	1195.6900	1123.5200	9	1.9
641.976	1	1482.8200	1130.2800	8	2.1
642.112	1	1401.8700	1133.7500	8	2.1
642.208	1	1410.7300	1131.6700	8	1.9
642.308	1	1351.0300	1129.6100	8	2.6
642.408	1	1382.0200	1130.3800	9	2.5
642.540	1	1363.1400	1146.1700	8	2.6
642.672	1	1192.1300	1123.7600	8	1.9
642.744	1	1469.3400	1126.8600	8	2.0
642.872	1	1179.3300	1123.6200	8	1.8
642.972	1	1602.8600	1172.5400	9	2.0
643.076	1	2252.6300	1162.3000	9	2.0
643.208	1	1189.3900	1123.7500	7	1.7
643.308	1	1483.8500	1129.4700	9	1.9
643.408	1	1539.6200	1153.0400	9	2.0
643.508	1	1848.2200	1157.1000	9	2.1
643.608	1	1490.2600	1130.4200	9	2.0
643.708	1	1177.3200	1123.7700	8	1.9
643.812	1	3164.8100	1840.3400	9	2.2
643.908	1	1218.9000	1123.8800	9	1.9
644.008	1	1184.2500	1123.9800	7	2.3
644.108	1	1592.0600	1153.5100	8	1.9
644.208	1	2000.5600	1201.6700	9	2.1
644.308	1	1717.1200	1185.7000	9	2.1
644.408	1	1567.2600	1165.1100	8	2.0
644.512	1	2218.1400	1432.0000	9	2.0
644.640	1	4058.0500	1572.5300	9	2.1
644.772	1	4337.0800	1212.0400	9	3.3
644.872	1	1457.4200	1180.7200	9	2.1
644.972	1	2970.1900	1862.6100	9	3.0
645.076	1	2375.7000	1404.4700	9	2.2
645.172	1	15590.6000	5764.4700	9	2.2
645.272	1	2159.0700	1191.3400	9	2.0
645.372	1	1553.1800	1159.8400	9	2.1
645.472	1	1612.2500	1159.4100	9	2.0
645.572	1	2709.5000	1231.0500	9	1.4
645.672	1	1821.2700	1140.6100	9	2.7
645.772	1	1266.1900	1133.6300	8	2.8
645.872	1	31634.2000	5480.6900	9	1.9
645.972	1	4348.5700	1370.1600	9	2.2
646.072	1	2726.2400	1883.0400	9	2.1
646.172	1	4666.7800	2295.3300	8	2.0
646.272	1	1905.9400	1166.7000	9	3.1
646.372	1	2499.4100	1226.4200	9	1.8
646.444	1	32399.6000	3597.8100	9	2.1
646.572	1	4433.7700	1318.2500	9	2.0
646.672	1	3074.4100	2139.2500	9	1.4
646.772	1	1618.5800	1138.6700	9	2.0
646.876	1	1232.2400	1131.0600	9	2.0
646.976	1	1495.3200	1187.4700	9	2.0
647.076	1	6180.1000	3497.7700	9	2.9
647.208	1	5007.9600	1264.1200	9	2.2
647.340	1	3126.5900	1342.9200	9	1.6
647.412	1	1678.5000	1158.7200	9	2.0
647.508	1	1310.1000	1156.4900	9	3.1
647.608	1	1383.8300	1159.5100	9	2.5
647.708	1	2225.3500	1179.8300	9	2.1
647.812	1	1700.9400	1186.2400	9	2.2
647.940	1	1407.9900	1183.6800	9	2.0
648.072	1	1240.6900	1184.3900	7	1.7
648.176	1	7769.9100	1488.7000	9	2.4
648.312	1	18305.4000	4916.9800	9	2.1
648.408	1	6283.0400	1707.7200	9	2.6
648.508	1	1935.5500	1205.5800	9	1.5
648.612	1	1644.3700	1184.2600	9	2.1
648.708	1	4014.9800	1219.1900	9	2.1
648.808	1	2766.0100	1195.7000	9	2.1
648.908	1	1414.3200	1197.8600	9	2.1
649.044	1	5756.2100	2449.4000	9	3.4
649.172	1	12518.7000	4439.9200	9	2.2
649.272	1	3361.4400	1192.4000	9	2.1
649.344	1	13626.5000	1209.9500	9	1.8
649.444	1	1332.5400	1166.9100	9	1.2
649.544	1	1208.7800	1150.8000	9	2.0
649.672	1	3775.9100	1690.2200	9	2.1
649.772	1	1656.0600	1172.7200	9	2.1
649.844	1	1323.2000	1164.4400	8	1.9
649.972	1	1643.7500	1204.3900	9	2.2
650.072	1	1790.9600	1213.0700	9	2.3
650.172	1	1189.2600	1176.5300	9	2.1
650.272	1	1166.1800	1145.2000	9	2.0
650.372	1	1296.0200	1170.6500	6	2.0
650.472	1	1292.5400	1140.2700	5	1.3
650.576	1	1249.4600	1142.1700	8	3.5
650.708	1	1651.0600	1297.7600	9	3.4
650.808	1	2709.7900	1292.2500	9	3.0
650.908	1	2253.8900	1243.2600	9	2.1
651.008	1	1471.2300	1135.7600	9	2.1
651.112	1	1370.6600	1168.2600	9	2.0
651.208	1	1276.9300	1175.7100	7	1.8
651.308	1	1329.6900	1171.3000	9	2.2
651.412	1	1386.3000	1164.3700	9	2.1
651.508	1	1427.1700	1137.4000	9	2.1
651.608	1	1330.2200	1166.3900	9	2.0
651.712	1	1144.0500	1123.7400	8	1.9
651.812	1	1417.0300	1158.9300	9	2.1
651.908	1	1216.3300	1133.4800	9	2.1
652.040	1	1327.8000	1161.9500	9	2.1
652.172	1	1256.1000	1142.7100	7	1.7
652.272	1	1148.2400	1131.0500	7	2.2
652.372	1	1489.7900	1153.1500	8	1.9
652.472	1	1282.3100	1152.9500	8	3.1
652.576	1	1348.8200	1163.2100	9	2.1
652.708	1	1504.8800	1150.1200	9	2.0
652.840	1	1275.8900	1144.4700	7	1.7
652.972	1	1270.4800	1132.0000	7	1.7
653.072	1	1181.4700	1134.3600	7	1.7
653.176	1	1186.2300	1138.7300	8	2.0
653.308	1	1830.3700	1166.2300	9	2.1
653.412	1	1914.8200	1166.4800	7	2.0
653.508	1	1864.9200	1143.3900	9	2.2
653.608	1	1391.8400	1141.1900	9	2.2
653.708	1	1552.9000	1164.8100	8	2.2
653.840	1	1454.6300	1153.9600	8	3.4
653.972	1	1627.6100	1152.0200	7	1.9
654.072	1	1777.1200	1144.6200	9	2.3
654.172	1	1667.2500	1132.4700	8	2.2
654.276	1	1175.2300	1126.0500	8	3.1
654.372	1	1698.5000	1140.3900	9	2.2
654.472	1	1278.0700	1126.1600	9	2.1
654.572	1	2311.5400	1141.5600	9	2.6
654.676	1	1164.5600	1119.8200	9	2.2
654.776	1	1173.6800	1123.0000	8	2.4
654.872	1	1771.7100	1138.2600	9	2.5
654.972	1	1342.9200	1123.7700	8	3.5
655.072	1	1854.6300	1134.4100	9	2.2
655.172	1	1163.5100	1118.5000	9	2.0
655.276	1	1330.2200	1120.6500	8	2.1
655.408	1	1474.8700	1127.3900	9	2.0
655.512	1	1353.1300	1120.5600	8	2.0
655.608	1	1461.1900	1119.4400	8	3.0
655.708	1	2572.1500	1119.4500	9	3.3
655.812	1	1346.9500	1111.5900	9	2.4
655.908	1	1736.4400	1118.1500	9	2.6
656.008	1	1739.1200	1118.1300	9	2.2
656.108	1	1518.9700	1109.5100	9	3.1
656.212	1	1153.0500	1104.4300	9	1.9
656.312	1	1332.9000	1108.4900	9	2.0
656.412	1	1471.3200	1125.8000	9	2.1
656.508	1	1173.3400	1115.2300	9	2.8
656.608	1	1959.1000	1126.1800	9	2.0
656.708	1	1163.9300	1115.3100	9	3.6
656.808	1	1166.2400	1115.3400	9	2.0
656.908	1	1442.6800	1125.0300	9	3.2
657.008	1	1324.8600	1131.8000	9	2.6
657.108	1	1598.5700	1147.0200	9	2.5
657.208	1	1176.8400	1137.6900	9	2.2
657.340	1	1333.0500	1139.1400	9	2.2
657.440	1	1166.8400	1131.0800	9	2.0
657.540	1	1167.3500	1122.7700	9	3.1
657.672	1	1518.9900	1132.2300	9	2.1
657.772	1	1793.2700	1133.9100	9	2.1
657.872	1	1485.5300	1141.4000	9	2.2
657.972	1	1589.5900	1126.1900	9	3.3
658.072	1	1648.6800	1133.1500	9	2.3
658.172	1	1145.6400	1123.9700	9	2.2
658.272	1	1157.3800	1127.1000	9	2.3
658.372	1	1360.8600	1133.5400	9	2.2
658.476	1	1351.3000	1136.1900	9	2.4
658.608	1	1869.3400	1153.1700	9	2.5
658.708	1	1162.3700	1133.3800	9	3.7
658.844	1	1130.1400	1123.6900	9	2.3
658.972	1	1496.1200	1120.2800	9	2.8
659.072	1	1906.1000	1122.4300	9	2.7
659.172	1	1326.8600	1130.4700	9	2.5
659.272	1	1537.1000	1140.8600	9	2.4
659.372	1	1136.6700	1132.9200	5	1.5
659.472	1	1348.6100	1144.7800	7	2.0
659.572	1	1118.9000	1117.9600	8	2.1
659.672	1	1452.5500	1113.8900	7	1.9
659.776	1	1618.3700	1133.4100	7	2.7
659.908	1	1165.9900	1156.4400	7	4.4
660.008	1	1145.6300	1144.9600	5	3.1
660.108	1	1438.0300	1140.7300	7	2.5
660.208	1	1144.9500	1137.7900	5	1.7
660.308	1	1496.9600	1152.5900	5	2.5
660.408	1	1611.2800	1133.2700	6	1.9
660.508	1	1114.2400	1113.2300	7	2.7
660.608	1	1365.3500	1116.6200	5	1.8
660.708	1	2104.9700	1139.0700	7	2.5
660.808	1	2205.6400	1131.9600	7	3.2
660.908	1	1270.1800	1127.0400	5	1.5
661.012	1	1342.7800	1127.5200	4	1.5
661.108	1	1795.1600	1133.4400	6	1.8
