t_t2slv	phase	init_cost	final_cost	iters	slv_ms
9.740	0	1235360.0000	700.5700	9	18.2
9.840	1	1734.7800	808.8760	9	11.1
9.940	1	206.2300	168.3080	9	18.0
10.040	1	209.6560	159.3810	9	9.7
10.172	1	134.0930	117.4550	9	13.6
10.304	1	163.9280	113.3940	9	34.8
10.404	1	120.0590	113.0920	9	23.3
10.476	1	113.9550	112.1760	9	21.7
10.604	1	144.0080	111.8520	9	11.2
10.704	1	142.2320	111.5230	9	22.0
10.804	1	114.1530	113.0120	9	22.4
10.908	1	127.7620	114.9270	9	19.0
11.040	1	131.5560	113.6910	9	16.9
11.140	1	123.9110	110.3130	9	18.2
11.240	1	191.7460	120.4120	9	7.2
11.340	1	106.0340	102.2860	9	7.9
11.440	1	4335.1100	215.8410	9	9.4
11.540	1	139.2880	124.0900	9	6.2
11.644	1	2856.3500	294.1510	9	16.6
11.740	1	169.9190	118.5430	9	15.5
11.840	1	184.1100	97.5707	9	20.8
11.940	1	369.0960	99.9622	9	16.5
12.044	1	405.0390	103.6050	9	28.1
12.140	1	831.2760	125.1630	9	17.2
12.272	1	529.6750	121.5520	9	14.9
12.404	1	833.5250	121.6480	9	10.1
12.504	1	317.8010	128.8030	9	17.6
12.604	1	772.6170	210.3620	9	14.5
12.676	1	958.3350	125.6860	9	16.3
12.804	1	4147.2000	120.9430	9	10.9
12.904	1	12440.8000	126.7380	9	14.9
13.004	1	1392.3000	139.5860	9	10.4
13.076	1	471.3900	119.5730	9	18.8
13.180	1	389.6250	113.4600	9	7.1
13.280	1	247.3850	109.3200	9	4.9
13.380	1	461.8860	110.5090	9	14.7
13.480	1	1056.0200	115.3100	9	10.6
13.580	1	298.3430	110.3970	9	10.9
13.680	1	430.3420	110.0570	9	8.6
13.780	1	280.3710	110.5830	9	11.3
13.880	1	673.4370	109.6720	9	19.3
13.980	1	230.0060	110.9190	9	3.1
14.080	1	409.1200	114.0320	9	3.8
14.180	1	604.7580	114.8470	9	4.4
14.280	1	626.0760	115.8550	9	13.3
14.380	1	437.1960	113.9810	9	8.1
14.480	1	190.2620	106.9040	9	7.8
14.580	1	170.6000	115.1380	9	8.5
14.680	1	6993.3400	248.7820	9	9.1
14.784	1	4912.3200	170.6600	9	11.4
14.880	1	570.0890	151.4720	9	11.7
14.980	1	491.9750	155.0840	9	15.4
15.080	1	432.3990	144.6100	9	8.6
15.180	1	568.9090	152.1760	9	3.3
15.280	1	553.8920	134.6360	9	9.3
15.380	1	872.5920	134.2540	9	6.6
15.480	1	509.9640	129.7440	9	14.7
15.580	1	580.1690	127.3720	9	11.4
15.680	1	1488.9000	129.4720	9	10.4
15.780	1	254.5470	128.3700	9	13.4
15.884	1	869.3470	155.6170	9	8.4
15.980	1	327.7040	144.5000	9	9.3
16.112	1	1166.7000	226.4580	9	9.8
16.244	1	1078.3600	168.1030	9	8.6
16.348	1	1803.0400	161.0780	9	5.3
16.456	1	1039.2000	157.3050	9	2.9
16.560	1	2144.3200	168.1790	9	3.3
16.688	1	3890.4800	267.4600	9	3.4
16.788	1	1951.4800	159.9640	9	10.2
16.888	1	1086.4400	166.4240	9	15.1
16.988	1	539.8560	163.8990	9	7.7
17.088	1	3471.1000	164.5150	9	5.2
17.188	1	3095.4900	158.9850	9	12.8
17.288	1	1001.5900	160.1870	9	4.5
17.388	1	1572.4500	166.7850	9	8.0
17.488	1	5885.5500	163.1400	9	9.0
17.588	1	6826.3300	170.6470	9	10.8
17.688	1	8485.6500	166.8810	9	12.2
17.792	1	4172.3400	182.4680	9	8.4
17.924	1	528.9520	149.5910	9	12.4
18.056	1	396.4100	152.9060	9	11.4
18.188	1	956.2070	224.4280	9	15.6
18.288	1	5202.6400	169.8710	9	20.2
18.388	1	971.1690	166.4160	9	16.4
18.488	1	1733.1000	166.4320	9	21.2
18.588	1	1431.5200	166.6210	9	19.7
18.688	1	1085.6700	169.2350	9	30.4
18.788	1	913.8540	148.4190	9	8.6
18.888	1	1117.9000	149.9760	9	18.6
18.960	1	365.3240	152.7840	9	10.3
19.088	1	515.8440	152.6050	9	12.5
19.188	1	839.2390	152.8130	9	14.9
19.288	1	752.4860	152.7220	9	9.0
19.388	1	8225.9100	152.5810	9	17.0
19.488	1	383.1370	152.9710	9	6.1
19.560	1	615.4350	151.3780	9	8.9
19.688	1	944.4460	149.3990	9	9.2
19.792	1	487.6000	148.7010	9	6.0
19.924	1	535.9040	149.0550	9	6.1
20.024	1	200.0680	160.4810	9	6.8
20.104	1	733.1150	159.3940	9	12.6
20.204	1	2049.8700	160.2800	9	16.0
20.336	1	15635.9000	162.6540	9	21.5
20.436	1	727.1900	163.3980	9	9.6
20.536	1	1134.8800	165.3260	9	6.3
20.636	1	12796.9000	190.7620	9	14.7
20.784	1	374.7850	164.2720	9	13.1
20.884	1	1877.7700	165.7300	9	10.9
21.000	1	917.8380	227.5530	9	25.9
21.104	1	4669.1500	176.9550	9	17.3
21.236	1	20625.9000	175.4440	9	15.5
21.380	1	2559.1300	174.8270	9	16.7
21.480	1	3242.1400	177.0520	9	23.8
21.576	1	26398.5000	206.8410	9	10.9
21.688	1	1101.3100	183.2910	9	19.0
21.772	1	1928.6500	180.6050	9	22.7
21.876	1	17119.7000	271.8650	9	11.5
21.980	1	753.7320	181.1760	9	17.4
22.080	1	574.6830	179.4950	9	11.0
22.204	1	20382.3000	193.8310	9	20.3
22.304	1	734.3440	180.7690	9	15.4
22.436	1	29556.7000	178.9470	9	10.3
22.536	1	994.8380	212.7830	9	8.9
22.636	1	626.0860	186.2830	9	18.8
22.736	1	3426.1600	359.4950	9	14.2
22.836	1	1982.5900	185.3940	9	12.6
22.936	1	3722.6100	262.1400	9	16.9
23.036	1	1226.3500	219.7720	9	16.2
23.136	1	1653.1100	206.6470	9	10.2
23.284	1	11318.0000	188.8270	9	15.1
23.376	1	2311.4900	193.5770	9	12.3
23.488	1	18914.6000	2553.6100	9	15.1
23.576	1	341.7390	190.6790	9	12.0
23.680	1	531.5500	199.4930	9	9.5
23.772	1	626.7930	186.6560	9	5.1
23.904	1	1956.3500	241.1080	9	18.4
24.036	1	52682.3000	197.2270	9	7.0
24.172	1	29045.9000	3752.6000	9	14.0
24.280	1	462.2390	210.7560	9	6.1
24.376	1	544.3980	247.8130	9	13.2
24.484	1	370.9000	194.3870	9	7.2
24.584	1	1545.9900	274.3800	9	6.6
24.704	1	1210.8000	200.0640	9	10.3
24.840	1	1384.9900	202.7080	9	7.2
24.936	1	3057.4300	202.7870	9	7.8
25.036	1	1371.8900	201.8390	9	12.3
25.168	1	2211.8000	197.0180	9	19.1
25.280	1	688.7580	195.4790	9	6.1
25.380	1	1464.1800	216.8320	9	10.4
25.476	1	1195.5700	197.3410	9	8.8
25.576	1	1473.1300	200.9030	9	9.6
25.688	1	2145.2200	202.6290	9	20.3
25.780	1	2026.2800	201.4120	9	18.1
25.880	1	1788.4800	203.6590	9	23.7
25.980	1	2437.3400	205.8000	9	17.2
26.080	1	1604.9900	205.1690	9	10.4
26.176	1	2040.3700	204.7350	9	17.6
26.284	1	2137.3800	203.1820	9	8.7
26.404	1	25799.0000	202.7520	9	21.9
26.480	1	1748.4900	202.6270	9	8.5
26.580	1	2592.7000	202.1440	9	17.1
26.680	1	1741.0400	206.2420	9	6.1
26.780	1	1250.6600	207.0180	9	9.3
26.876	1	2778.9800	206.2420	9	13.0
26.988	1	512.1680	208.6370	9	16.0
27.076	1	1281.2100	199.4260	9	6.8
27.204	1	1513.1500	234.4080	9	3.3
27.304	1	977.0010	223.6270	9	20.5
27.440	1	37679.2000	2710.5000	9	20.8
27.592	1	1014.6200	196.9180	9	22.7
27.672	1	872.0390	279.9610	9	5.2
27.788	1	1631.4600	213.0950	9	13.4
27.880	1	1130.3500	213.5520	9	12.5
27.980	1	528.8390	210.1300	9	6.0
28.104	1	1314.0200	208.6600	9	4.1
28.208	1	1370.8600	205.9360	9	15.5
28.308	1	2750.8400	203.3230	9	10.9
28.416	1	12000.8000	206.2690	9	6.3
28.540	1	1333.8300	207.0550	9	10.4
28.640	1	1443.1600	276.8580	9	12.9
28.740	1	2064.9700	231.3630	9	3.9
28.840	1	1858.9100	230.6040	9	11.4
28.940	1	1404.6500	224.1300	9	23.5
29.040	1	2702.2000	216.4570	9	18.1
29.140	1	2657.8500	241.1580	9	7.8
29.276	1	6469.7100	330.2490	9	6.7
29.408	1	9227.7000	226.5100	9	7.9
29.516	1	10022.3000	231.8400	9	7.9
29.612	1	10118.5000	223.3890	9	8.6
29.744	1	14266.7000	267.0530	9	14.4
29.840	1	3833.8900	484.7470	9	14.9
29.940	1	1489.9500	237.5970	9	5.8
30.040	1	1331.3600	290.0140	9	4.3
30.112	1	1309.0600	234.4480	9	10.0
30.184	1	876.8350	273.1030	9	8.3
30.292	1	25568.1000	2100.9100	9	7.4
30.388	1	6414.3200	299.9140	9	6.8
30.516	1	5455.2400	249.5270	9	6.4
30.620	1	26389.6000	794.3280	9	4.5
30.724	1	698.2530	273.2540	9	4.0
30.856	1	1344.9400	277.7520	9	32.2
30.956	1	4656.0300	273.0350	9	26.2
31.056	1	359532.0000	4998.7700	9	14.2
31.156	1	1816.5000	429.1500	9	18.4
31.260	1	2466.8400	1052.7700	9	23.8
31.356	1	796.9810	763.1010	9	10.8
31.456	1	834.0180	709.4250	9	14.2
31.556	1	871.2350	762.1980	9	20.9
31.656	1	684.4290	644.6860	9	11.7
31.760	1	822.5820	720.6400	9	10.8
31.856	1	896.4220	806.9020	9	27.2
31.956	1	1099.3200	929.4950	9	22.5
32.056	1	985.8890	887.6810	6	15.3
32.156	1	879.6260	862.4580	9	32.1
32.256	1	1003.6200	908.1520	8	24.1
32.356	1	845.8180	789.7320	7	35.3
32.456	1	1096.3300	958.6220	6	34.4
32.556	1	863.4090	805.1450	5	21.9
32.656	1	882.2010	824.3520	8	41.2
32.756	1	726.2050	719.5380	6	27.1
32.856	1	852.7770	771.1180	9	20.7
32.956	1	707.3910	696.8720	8	35.9
33.056	1	699.0370	674.9220	7	33.7
33.156	1	761.2130	713.7080	9	19.5
33.256	1	705.8830	694.1180	9	33.0
33.356	1	703.8670	698.5100	9	39.8
33.456	1	707.2470	701.7260	9	27.1
33.556	1	705.9730	699.8600	9	37.6
33.660	1	708.3980	697.7000	4	18.2
33.756	1	698.7750	688.8960	4	25.3
33.860	1	692.7060	686.6080	3	13.8
33.956	1	690.1240	683.5080	4	19.7
34.056	1	688.0290	680.4290	4	31.3
34.156	1	682.9710	677.3670	3	9.9
34.256	1	683.0490	675.3960	4	21.2
34.356	1	680.3330	671.3860	4	15.2
34.456	1	674.0750	667.0230	4	21.7
34.556	1	669.8250	665.1090	4	14.6
34.656	1	667.7120	663.2970	3	29.6
34.760	1	666.7020	662.7200	3	24.2
34.856	1	803.5180	716.8420	6	30.6
34.956	1	648.3300	640.6490	5	23.4
35.056	1	647.5810	644.3080	4	18.6
35.160	1	651.3080	647.9190	4	24.7
35.256	1	658.6670	653.4050	4	14.2
35.396	1	660.0440	656.2180	4	18.8
35.500	1	647.2800	643.9600	3	6.0
35.592	1	645.0860	641.3330	4	17.5
35.692	1	648.1460	642.0420	5	14.1
35.820	1	646.9560	642.2760	4	15.6
35.920	1	652.3870	645.2310	4	20.8
35.992	1	648.5900	644.5020	4	16.3
36.104	1	646.2070	643.2430	4	25.2
36.220	1	646.9130	642.5080	3	23.8
36.296	1	646.8850	643.7680	3	8.1
36.420	1	650.3710	646.2240	4	16.6
36.492	1	651.9960	648.6580	4	7.4
36.600	1	656.9530	653.2430	5	11.1
36.720	1	661.8730	656.4510	4	18.9
36.796	1	658.6010	654.8340	4	14.7
36.900	1	656.7850	653.8720	3	10.1
36.992	1	657.1790	654.0550	4	19.6
37.100	1	660.8140	654.3860	6	11.7
37.220	1	657.5880	653.1370	4	25.8
37.296	1	656.3810	653.0350	3	13.3
37.400	1	657.4990	653.6260	4	11.2
37.520	1	657.8110	654.0360	4	17.1
37.592	1	660.7000	655.7980	4	15.1
37.708	1	661.9990	657.4080	4	15.0
37.820	1	663.0030	657.0360	7	16.2
37.920	1	634.8230	628.5540	5	23.9
37.992	1	630.7720	627.1020	4	10.7
38.096	1	630.4700	626.5260	4	11.0
38.220	1	630.3270	625.9180	4	14.7
38.320	1	629.2230	625.5520	4	16.3
38.392	1	628.8520	625.5490	4	18.8
38.496	1	631.6460	625.7900	4	11.6
38.592	1	629.8640	626.3370	4	11.8
38.720	1	630.0470	626.3200	4	20.5
38.820	1	633.6380	626.2560	9	9.5
38.924	1	632.1230	626.6060	4	19.8
39.056	1	631.2470	626.3670	4	29.6
39.156	1	633.7220	627.0590	9	26.4
39.256	1	636.4520	627.4040	9	21.7
39.356	1	630.2260	626.8500	3	14.1
39.456	1	629.3570	625.6700	3	22.1
39.556	1	627.0980	623.4230	3	9.0
39.656	1	629.4910	623.9840	9	24.9
39.756	1	635.1910	625.4010	9	32.5
39.856	1	642.9920	627.2220	9	27.3
39.956	1	636.9690	629.0950	7	32.0
40.056	1	635.0260	630.2980	6	17.5
40.156	1	636.5890	617.4360	9	31.7
40.256	1	617.2530	613.2130	9	22.6
40.356	1	619.4460	613.1590	8	18.7
40.456	1	620.4950	614.3310	8	16.4
40.556	1	620.2770	615.5260	9	17.1
40.656	1	624.1410	617.7870	9	11.4
40.756	1	619.9880	615.6690	9	22.7
40.860	1	620.9660	614.9600	9	21.8
40.956	1	615.9200	612.7220	9	16.4
41.056	1	619.7270	614.7470	9	18.6
41.156	1	619.9540	615.6410	9	20.3
41.256	1	621.0880	614.9330	8	10.5
41.356	1	618.7660	614.7320	9	26.0
41.456	1	620.3340	616.1760	9	34.4
41.556	1	621.2960	615.9760	9	16.6
41.656	1	621.8880	617.3260	9	23.3
41.756	1	625.9170	618.6320	4	26.4
41.856	1	622.3160	617.4310	2	12.1
41.956	1	626.3080	618.9460	8	19.0
42.056	1	629.0550	619.5200	8	14.4
42.156	1	626.4310	619.8750	9	19.2
42.260	1	625.7490	619.3920	9	34.0
42.356	1	620.2150	616.4790	7	11.6
42.456	1	622.8540	615.9260	9	11.9
42.556	1	622.7980	616.1010	9	22.1
42.656	1	622.5760	618.5640	9	19.5
42.756	1	627.7110	622.6880	9	26.0
42.856	1	630.0510	625.0000	9	13.2
42.956	1	630.0060	627.2940	9	22.8
43.056	1	628.0020	624.9910	9	12.5
43.156	1	623.9310	621.0560	2	6.7
43.256	1	622.5170	619.3860	9	6.1
43.356	1	621.9090	619.0140	9	17.6
43.460	1	623.0260	618.2620	3	11.4
43.556	1	622.2480	618.1050	3	5.0
43.656	1	622.4580	619.1980	9	9.5
43.756	1	630.8250	621.2220	9	6.0
43.860	1	624.0490	620.6420	9	5.9
43.960	1	628.9800	621.5730	9	6.3
44.060	1	627.1800	622.2050	9	6.5
44.132	1	629.0520	626.3780	2	3.6
44.260	1	638.0780	628.9460	9	19.6
44.364	1	634.3070	629.4230	9	6.9
44.500	1	647.0730	632.3310	9	21.1
44.596	1	634.7700	631.3010	9	13.9
44.696	1	636.2400	631.0890	9	14.9
44.796	1	636.4170	630.8030	9	13.1
44.900	1	639.7130	629.0300	9	13.0
44.996	1	630.4860	625.3420	3	8.9
45.100	1	632.0630	625.6630	3	14.1
45.196	1	635.1320	627.8910	9	21.8
45.300	1	634.7360	629.0830	9	10.9
45.396	1	632.0840	628.7240	9	8.4
45.496	1	629.9360	626.6200	9	18.1
45.596	1	634.2110	626.2970	9	12.8
45.696	1	638.4040	628.2640	9	20.0
45.796	1	640.4300	628.0580	9	22.6
45.896	1	631.1470	626.2590	9	17.6
45.996	1	632.0920	626.5220	9	24.9
46.096	1	652.6380	614.4160	7	25.3
46.196	1	617.8700	614.0830	9	7.7
46.296	1	623.9300	618.5680	9	18.0
46.396	1	624.1620	620.1010	9	21.0
46.496	1	623.3850	619.5310	9	27.0
46.596	1	626.1680	623.2310	4	17.9
46.696	1	632.2240	629.2710	4	10.1
46.796	1	616.6200	609.7840	9	19.9
46.896	1	615.0330	611.5780	9	16.8
46.996	1	618.0620	614.7110	9	7.0
47.096	1	623.6080	620.3760	7	12.2
47.244	1	711.9850	622.4080	9	18.9
47.364	1	801.5160	684.0120	6	21.5
47.496	1	954.0650	801.5250	8	20.7
47.596	1	1141.8000	984.1300	9	14.0
47.696	1	2012.8500	1561.0200	9	16.6
47.796	1	1878.5500	1392.2400	9	32.5
47.900	1	3473.6300	3012.3600	9	14.4
47.996	1	3832.6200	2208.0600	9	25.7
48.096	1	2405.9400	2117.9300	9	23.6
48.196	1	3060.1800	2709.5500	9	26.6
48.296	1	3204.7100	2986.4200	9	26.9
48.396	1	4615.9300	3541.4700	9	12.0
48.496	1	5241.0800	4990.5300	9	26.7
48.596	1	5310.6100	4024.9500	9	19.4
48.696	1	6705.6700	4791.4100	9	14.9
48.796	1	4283.3900	3726.8000	9	9.6
48.896	1	4205.7500	3881.3400	9	15.7
48.996	1	4260.5300	3962.4600	9	11.6
49.096	1	11695.4000	6018.0500	9	7.8
49.200	1	3457.7100	2951.5700	9	9.3
49.296	1	3538.5700	3419.2700	9	6.8
49.396	1	11143.5000	5621.7200	9	11.9
49.496	1	5262.1300	3062.7200	9	17.6
49.600	1	3925.4100	3568.0000	9	11.7
49.696	1	3021.1500	2776.2100	7	5.0
49.796	1	3266.6300	3056.1500	9	6.5
49.896	1	3393.9300	3211.6800	9	27.9
49.996	1	3222.7300	3132.7200	6	8.6
50.128	1	3456.9900	3328.8500	8	17.0
50.260	1	3394.0200	3303.5300	7	17.5
50.360	1	3900.6400	3633.4700	6	19.8
50.460	1	3700.7000	3577.2900	6	21.7
50.560	1	3901.4000	3761.1200	7	11.8
50.660	1	3990.9300	3906.1000	6	13.8
50.760	1	4142.4900	4083.1000	6	10.5
50.860	1	4248.5300	4074.7000	9	28.7
50.960	1	4000.9000	3996.0800	4	15.3
51.060	1	4132.0400	4051.9000	5	20.2
51.160	1	3978.8100	3975.6200	4	21.1
51.260	1	3939.7400	3932.0200	5	11.9
51.360	1	3928.2100	3921.0900	5	14.6
51.460	1	3918.7200	3911.3300	4	12.8
51.560	1	3973.5200	3964.1800	3	12.4
51.660	1	3955.7200	3926.0800	5	20.7
51.760	1	3879.3800	3874.0800	3	12.7
51.860	1	4082.9600	3977.7100	6	16.5
51.960	1	3942.4500	3934.6200	4	19.4
52.060	1	4102.0000	3977.3600	4	21.8
52.160	1	3963.7700	3959.9000	5	12.1
52.260	1	4005.8500	3946.5800	9	28.3
52.360	1	3877.3000	3870.8800	4	17.2
52.460	1	3814.4100	3767.9300	5	16.1
52.560	1	3776.6400	3767.9400	3	16.1
52.660	1	3733.9700	3729.8800	3	10.2
52.760	1	3729.2800	3707.9800	4	6.5
52.860	1	3717.0700	3715.2700	3	4.8
52.932	1	3723.2200	3721.4000	3	5.0
53.064	1	3845.9800	3790.3600	6	11.4
53.164	1	3705.7500	3700.9000	5	13.1
53.296	1	3718.4100	3706.1600	5	12.8
53.396	1	3704.6000	3702.0800	4	9.8
53.496	1	3894.5400	3873.6800	4	13.8
53.596	1	3840.1300	3835.0400	4	14.2
53.696	1	3833.3600	3832.1600	3	12.8
53.796	1	3834.9900	3830.6300	4	12.4
53.896	1	3839.8500	3834.8400	4	15.5
53.996	1	3892.0900	3850.5700	5	9.2
54.096	1	3784.7300	3778.0700	4	12.0
54.196	1	3784.7900	3779.3800	4	10.2
54.296	1	3782.5600	3778.0000	4	9.1
54.396	1	3793.4500	3784.2900	5	17.0
54.496	1	3788.9200	3785.3400	4	20.1
54.596	1	3794.9900	3789.8500	4	17.9
54.696	1	3862.6100	3800.9100	7	16.4
54.796	1	3702.6700	3691.8800	4	16.0
54.896	1	3698.0000	3694.4500	4	7.6
54.996	1	3701.0200	3696.8800	3	5.6
55.096	1	3708.6600	3702.7900	4	6.9
55.228	1	3700.6100	3697.1900	4	7.7
55.328	1	3706.0500	3702.1900	4	14.7
55.460	1	3724.8900	3708.7600	4	16.2
55.564	1	3718.7400	3712.5600	4	12.0
55.696	1	3724.4300	3719.4000	4	13.0
55.796	1	3724.5200	3722.3400	4	15.6
55.896	1	3760.8900	3718.2100	5	12.2
56.028	1	3674.1300	3670.9700	3	10.5
56.160	1	3674.2200	3672.5200	4	16.5
56.260	1	3660.2900	3658.4500	4	22.2
56.360	1	3659.2700	3657.7600	3	18.6
56.460	1	3662.4100	3659.2800	4	15.0
56.532	1	3661.6700	3660.7700	3	13.4
56.660	1	3670.1500	3664.3300	4	16.6
56.760	1	3652.2800	3647.2900	4	12.6
56.864	1	3654.9000	3648.7700	4	9.7
56.960	1	3657.7200	3653.7500	4	8.0
57.060	1	3668.9000	3660.1700	4	21.6
57.132	1	3650.7700	3646.5800	4	12.8
57.232	1	3655.7400	3648.9100	4	11.2
57.360	1	3652.4100	3647.7300	4	12.7
57.460	1	3651.4700	3649.3500	4	20.1
57.560	1	3652.7500	3651.4200	4	12.4
57.632	1	3654.7000	3652.7400	4	16.8
57.732	1	3699.4100	3686.8200	6	11.3
57.864	1	3570.9700	3567.2500	4	6.9
57.996	1	3576.0800	3572.7200	4	18.3
58.096	1	3577.2300	3576.0300	4	20.7
58.196	1	3578.0000	3576.3200	4	8.6
58.296	1	3576.5300	3573.1200	4	15.1
58.396	1	3575.1600	3573.1700	4	8.9
58.500	1	3576.9100	3574.1600	4	6.6
58.596	1	3580.3400	3574.7300	4	12.2
58.696	1	3576.5500	3571.4400	4	14.1
58.796	1	3577.8600	3572.4400	4	12.9
58.900	1	3579.1600	3573.8300	4	8.0
58.996	1	3577.9000	3572.9800	4	10.0
59.100	1	3572.7600	3570.6000	4	11.5
59.196	1	3574.0800	3571.6200	3	11.2
59.296	1	3583.9900	3574.8000	4	17.1
59.396	1	3580.5200	3574.6300	4	16.2
59.496	1	3573.6900	3569.6800	4	12.2
59.596	1	3575.4500	3571.8200	4	15.8
59.696	1	3583.1800	3576.1700	4	16.1
59.800	1	3574.7100	3568.5700	4	8.5
59.896	1	3574.7400	3570.4600	4	12.0
60.032	1	3576.9400	3570.8400	4	8.2
60.160	1	3600.1900	3582.6000	4	19.0
60.260	1	3588.2600	3585.0400	4	11.3
60.360	1	3591.8100	3588.6700	4	11.9
60.460	1	3600.2400	3593.4900	5	22.9
60.532	1	3600.5100	3597.0900	4	10.4
60.660	1	3608.0000	3605.5800	4	18.3
60.732	1	3616.8100	3614.6600	4	18.9
60.860	1	3607.7400	3604.6700	4	19.1
60.964	1	3614.4800	3610.0100	5	9.4
61.096	1	3614.7600	3612.1400	5	17.9
61.200	1	3616.7500	3613.5500	5	17.7
61.296	1	3625.9500	3615.5700	5	18.0
61.396	1	3615.3500	3610.5600	4	9.8
61.496	1	3613.2100	3608.8500	4	9.6
61.628	1	3607.5500	3605.0000	4	8.3
61.760	1	3603.6000	3601.8600	4	21.4
61.860	1	3601.8000	3600.0000	4	21.4
61.932	1	3600.9100	3599.4800	4	13.5
62.032	1	3601.9600	3599.7900	4	11.0
62.168	1	3604.2600	3601.7500	4	13.7
62.296	1	3608.5000	3606.5700	5	12.8
62.396	1	3616.4900	3611.2200	4	9.8
62.496	1	3613.5900	3611.1500	4	16.7
62.628	1	3617.9800	3615.3200	5	14.9
62.760	1	3630.1600	3620.3000	5	13.7
62.860	1	3621.8000	3617.5500	4	12.0
62.960	1	3617.9700	3615.9800	4	16.4
63.060	1	3624.7000	3620.6600	4	17.5
63.160	1	3627.1700	3624.3300	4	21.5
63.260	1	3626.3000	3624.7600	4	21.5
63.360	1	3631.3800	3625.5400	4	6.7
63.460	1	3626.3800	3623.8600	4	6.6
63.560	1	3627.8100	3623.6600	4	6.6
63.660	1	3627.0000	3624.8000	4	18.1
63.760	1	3629.7100	3628.1800	4	19.7
63.860	1	3634.8600	3633.1600	4	15.5
63.960	1	3640.5600	3638.4400	4	22.1
64.060	1	3635.0800	3633.0500	4	16.6
64.160	1	3637.0300	3630.6200	5	28.7
64.260	1	3641.4800	3639.6200	5	13.6
64.360	1	3779.3400	3670.7200	5	18.6
64.432	1	3678.5300	3676.8900	4	15.7
64.564	1	3692.5800	3690.3200	4	16.7
64.696	1	3683.2800	3679.5000	4	9.3
64.796	1	3693.4600	3692.1800	4	20.3
64.896	1	3695.4300	3693.7700	4	10.0
65.000	1	3677.4100	3672.8600	4	20.2
65.096	1	3672.8100	3670.6300	4	9.8
65.196	1	3671.7300	3670.2600	4	9.1
65.296	1	3674.0000	3670.4000	4	11.7
65.396	1	3672.4700	3668.7700	5	11.6
65.496	1	3675.5800	3671.4400	5	17.6
65.596	1	3680.0800	3676.9400	5	9.1
65.700	1	3689.1700	3686.6600	5	11.7
65.796	1	3700.4000	3697.2300	5	14.1
65.896	1	3707.3600	3698.9100	6	17.7
65.996	1	3941.8200	3838.5600	9	26.3
66.096	1	3679.8800	3676.1100	4	9.1
66.196	1	3688.5000	3683.4800	5	15.0
66.296	1	3686.0700	3685.3400	4	8.6
66.396	1	3689.2900	3686.3100	4	10.7
66.496	1	3690.8000	3688.6300	4	14.6
66.628	1	3704.1900	3696.3600	4	10.0
66.760	1	3712.8900	3702.9100	4	18.9
66.860	1	3707.1700	3703.7900	4	30.0
66.960	1	3702.0500	3700.6400	4	16.3
67.060	1	3706.1800	3702.4800	5	11.2
67.132	1	3708.9900	3703.1100	4	10.0
67.260	1	3708.3400	3698.8100	4	20.0
67.360	1	3700.8900	3693.3100	4	18.6
67.460	1	3693.3400	3688.7900	4	28.0
67.560	1	3690.8100	3686.9900	5	24.4
67.660	1	3688.7700	3686.0500	4	27.1
67.760	1	3688.9200	3684.4200	4	13.0
67.860	1	3687.8900	3680.6900	4	17.1
67.960	1	3681.1900	3676.2700	4	21.8
68.060	1	3679.1900	3675.6500	5	24.1
68.160	1	3681.7000	3677.3700	4	22.3
68.260	1	3680.2900	3679.0000	4	18.1
68.360	1	3687.3300	3680.4900	5	14.1
68.460	1	3685.4300	3679.2300	5	12.8
68.560	1	3687.5800	3678.0400	5	14.8
68.660	1	3678.3700	3675.1700	5	19.2
68.760	1	3678.5700	3676.1000	4	14.0
68.860	1	3678.7100	3677.2900	4	11.5
68.960	1	3687.3200	3682.9900	5	16.2
69.060	1	3691.4500	3685.8800	5	25.9
69.160	1	3688.4400	3684.9600	5	16.7
69.260	1	3683.6800	3680.7500	4	19.1
69.360	1	3683.7900	3679.6800	5	15.3
69.460	1	3683.4100	3681.9600	4	21.1
69.560	1	3685.7700	3682.6500	5	16.1
69.664	1	3688.0800	3684.8300	5	15.7
69.760	1	3693.5700	3689.9600	4	16.7
69.860	1	3695.6400	3693.5500	4	19.2
69.960	1	3692.2900	3690.4100	4	15.1
70.060	1	3690.8700	3687.6700	5	15.2
70.132	1	3693.1200	3689.7000	5	12.2
70.264	1	3694.2900	3687.7700	4	9.9
70.396	1	3685.5100	3683.4500	4	12.2
70.496	1	3691.7500	3688.0100	5	23.2
70.568	1	3695.3800	3694.0600	4	22.5
70.664	1	3703.4700	3700.1400	5	23.2
70.796	1	3712.2900	3708.1800	5	22.4
70.896	1	3715.5100	3714.2600	4	14.2
70.996	1	3806.8900	3786.4900	5	21.8
71.068	1	3752.7800	3750.6800	4	12.7
71.196	1	3760.0300	3757.9300	4	17.8
71.296	1	3763.5800	3761.9300	4	14.4
71.396	1	3765.9900	3764.5700	4	7.6
71.496	1	3765.7800	3764.6300	4	13.7
71.596	1	3762.6000	3761.5700	4	12.0
71.696	1	3762.6500	3760.2500	4	20.6
71.796	1	3761.4800	3760.2400	4	8.1
71.896	1	3773.4400	3767.4800	4	17.4
71.996	1	3761.0900	3752.1400	5	17.3
72.096	1	3755.4500	3751.5500	5	16.7
72.196	1	3757.3300	3753.3900	4	27.7
72.268	1	3758.0700	3754.0700	5	14.3
72.396	1	3758.7400	3753.9400	5	14.9
72.496	1	3760.3100	3757.8500	5	16.4
72.628	1	3774.8700	3765.6700	5	16.4
72.760	1	3776.6600	3769.9700	5	16.3
72.832	1	3772.7500	3769.1900	4	13.2
72.932	1	3774.1400	3768.9500	5	20.2
73.028	1	3777.9000	3771.6600	5	18.5
73.160	1	3779.1400	3771.4100	5	25.4
73.260	1	3775.5000	3771.8900	4	21.1
73.360	1	3778.8500	3773.8100	5	23.8
73.460	1	3776.7400	3773.9000	4	10.7
73.560	1	3787.9800	3779.8900	5	9.3
73.660	1	3789.5800	3779.4000	6	9.9
73.732	1	3777.1400	3772.9300	5	9.0
73.860	1	3778.6800	3770.7700	5	11.9
73.960	1	3771.7600	3769.5300	4	19.0
74.060	1	3783.7100	3776.1400	4	30.6
74.160	1	3781.8000	3778.0800	4	24.6
74.260	1	3780.8800	3775.2500	4	7.8
74.360	1	3775.2900	3771.2700	4	13.9
74.460	1	3773.7000	3770.6900	4	22.2
74.532	1	3773.2100	3770.6700	4	14.5
74.632	1	3775.5900	3770.8200	4	18.0
74.760	1	3779.7600	3770.0100	4	22.5
74.860	1	3771.3400	3767.2700	4	22.9
74.964	1	3774.4400	3765.4000	4	11.7
75.096	1	3765.9000	3760.7900	4	13.1
75.196	1	3770.7600	3762.4400	4	19.1
75.296	1	3770.8800	3765.4700	5	14.8
75.396	1	3769.6100	3766.6500	4	20.3
75.528	1	3771.9600	3765.5300	4	8.6
75.664	1	3765.6700	3761.5700	4	15.7
75.796	1	3762.8500	3755.2800	4	7.4
75.896	1	3755.0500	3749.3300	4	9.8
75.996	1	3746.4800	3743.8800	4	20.2
76.096	1	3744.5800	3740.1800	4	13.2
76.196	1	3744.8600	3738.7400	4	23.4
76.268	1	3740.3200	3735.2100	4	11.9
76.400	1	3741.1600	3733.1500	4	8.1
76.496	1	3737.1600	3731.9200	4	17.7
76.596	1	3734.5800	3730.2600	4	8.2
76.696	1	3733.7000	3730.6600	4	24.2
76.796	1	3733.6500	3731.5300	5	22.5
76.896	1	3739.7600	3735.3600	4	15.5
77.000	1	3740.7800	3738.6000	5	12.0
77.096	1	3744.6300	3740.9400	5	16.3
77.196	1	3752.1900	3744.1000	4	10.4
77.296	1	3747.0600	3745.6400	5	17.7
77.396	1	3753.1900	3748.4100	5	17.4
77.496	1	3758.3800	3753.0500	5	24.9
77.596	1	3758.4800	3756.0000	4	17.2
77.696	1	3759.3000	3755.2800	5	10.7
77.796	1	3753.5700	3752.3700	5	29.3
77.896	1	3754.1800	3750.9900	4	11.8
77.996	1	3756.9400	3754.0000	4	6.8
78.128	1	3765.1600	3761.1800	5	10.7
78.260	1	3765.3100	3763.7000	4	6.9
78.364	1	3764.8900	3762.6100	4	12.9
78.496	1	3773.2500	3764.8200	4	11.7
78.600	1	3770.3100	3767.5600	4	12.5
78.696	1	3779.4400	3772.4000	5	18.1
78.796	1	3776.8800	3774.2800	5	18.2
78.896	1	3768.7300	3766.9900	5	30.0
78.996	1	3748.2500	3746.3700	5	11.7
79.096	1	3752.0000	3746.9500	5	18.8
79.196	1	3750.3100	3748.3000	4	8.5
79.296	1	3750.3200	3748.5600	4	23.6
79.396	1	3751.2400	3748.6200	4	18.3
79.496	1	3988.3400	3919.3400	6	10.4
79.628	1	3777.9700	3772.0900	4	15.5
79.760	1	3773.6400	3769.5500	4	16.6
79.860	1	3771.0600	3769.5900	4	13.5
79.960	1	3774.4400	3771.5100	4	22.2
80.032	1	3771.4700	3770.1300	3	11.5
80.160	1	3769.5500	3766.9500	4	14.1
80.260	1	3765.2300	3763.0700	4	14.4
80.360	1	3763.9300	3762.4600	4	25.8
80.460	1	3763.6900	3762.9000	4	23.7
80.560	1	3765.5400	3764.7700	4	18.5
80.660	1	3771.5300	3768.9700	4	10.0
80.760	1	3774.8800	3771.9300	5	19.7
80.860	1	3777.3200	3774.0500	4	17.9
80.960	1	3773.1100	3771.1800	4	20.2
81.032	1	3768.9900	3767.5300	4	9.1
81.160	1	3767.0700	3765.2600	4	16.3
81.232	1	3764.8900	3763.7800	3	13.0
81.332	1	3765.0200	3763.1600	4	13.0
81.460	1	3765.7800	3764.0800	4	20.2
81.560	1	3764.8000	3763.7700	4	9.6
81.664	1	3763.0400	3761.8500	4	16.2
81.796	1	3763.9800	3759.7600	5	24.9
81.896	1	3760.2700	3758.6800	4	9.8
81.996	1	3761.5100	3760.5800	4	13.8
82.096	1	3761.2900	3759.7300	4	12.8
82.196	1	3737.9600	3735.4100	5	14.7
82.296	1	3715.5700	3712.8900	4	15.7
82.396	1	3716.0800	3713.8400	4	14.8
82.496	1	3714.8600	3712.9200	4	8.2
82.628	1	3715.1000	3711.2300	4	9.1
82.760	1	3711.8100	3708.5000	4	19.9
82.860	1	3709.7900	3706.2600	4	16.3
82.960	1	3705.8100	3703.8300	4	19.5
83.032	1	3698.7900	3697.3000	3	8.1
83.132	1	4175.8000	3762.6800	5	14.1
83.260	1	3764.5200	3762.4400	4	20.8
83.360	1	3765.0900	3763.1500	4	19.6
83.460	1	3765.5900	3763.6000	4	17.0
83.560	1	3761.6300	3759.7700	4	24.0
83.660	1	3765.9400	3759.4400	4	25.8
83.760	1	3769.3800	3758.1400	4	24.1
83.864	1	3759.3700	3756.1400	4	8.1
83.996	1	3760.3000	3756.5100	4	10.0
84.096	1	3763.0600	3756.6200	4	8.4
84.196	1	3757.1100	3753.4100	4	16.0
84.296	1	3757.2100	3754.0800	4	8.1
84.396	1	3731.7800	3728.8000	4	11.0
84.500	1	3736.1300	3730.6800	4	14.0
84.600	1	3736.8300	3732.8600	4	18.9
84.728	1	3736.9900	3732.7300	4	11.6
84.860	1	3734.8800	3731.0700	4	18.1
84.960	1	3733.4600	3732.2000	4	21.8
85.060	1	3739.7800	3736.3500	4	19.2
85.160	1	3737.2600	3736.2700	4	24.9
85.260	1	3736.5800	3731.9000	4	23.7
85.336	1	3735.3400	3732.6200	4	6.9
85.460	1	3727.6200	3720.7300	4	16.7
85.560	1	3724.3400	3720.0500	4	15.5
85.660	1	3726.7700	3721.5400	4	13.6
85.732	1	3730.7800	3724.4800	4	13.5
85.860	1	3751.4000	3730.5100	4	21.6
85.960	1	3740.3600	3730.3400	4	21.1
86.060	1	3734.4600	3722.9900	4	27.2
86.132	1	3731.3600	3723.8500	4	10.0
86.236	1	3742.2300	3727.0200	4	14.2
86.328	1	3729.6900	3724.5100	4	16.7
86.460	1	3733.7800	3724.1300	4	14.8
86.560	1	3726.6400	3721.7300	4	24.8
86.660	1	3727.0100	3724.8400	4	17.3
86.760	1	3732.6900	3727.9100	4	25.8
86.860	1	3733.0300	3727.4400	4	19.0
86.960	1	3732.0600	3727.7200	4	26.4
87.060	1	3738.2400	3730.2100	4	15.9
87.160	1	3735.7900	3730.4800	4	9.2
87.260	1	3734.9600	3730.0100	4	19.9
87.364	1	3731.9400	3728.0300	4	13.6
87.496	1	3710.1900	3704.0600	4	13.0
87.596	1	3709.3500	3704.7500	4	14.9
87.728	1	3707.4400	3703.7200	4	11.2
87.860	1	3709.7800	3703.8500	4	20.4
87.964	1	3704.6300	3701.7500	4	7.8
88.096	1	3702.9800	3699.9900	4	9.8
88.228	1	3700.7300	3698.8200	4	16.4
88.360	1	3705.5400	3699.2500	4	18.0
88.460	1	3708.2500	3702.7200	4	12.5
88.560	1	3705.1900	3702.5500	4	9.4
88.660	1	3707.9600	3703.1400	4	23.5
88.732	1	3703.8400	3702.4200	4	16.8
88.860	1	3704.5400	3702.4200	4	21.0
88.932	1	3703.5300	3702.2800	3	7.3
89.060	1	3705.6100	3701.6900	4	19.7
89.160	1	3710.4700	3702.2000	4	9.7
89.260	1	3708.9800	3705.2400	4	11.4
89.360	1	3707.6200	3705.1700	4	10.6
89.460	1	3714.5100	3707.4800	4	15.6
89.560	1	3684.5800	3680.3300	4	14.9
89.632	1	3681.1800	3679.0100	3	5.8
89.760	1	3690.9900	3678.6000	4	12.7
89.860	1	3682.2000	3677.3700	4	10.4
89.960	1	3682.2800	3678.3400	4	18.7
90.064	1	3681.4300	3677.8400	4	12.3
90.160	1	3683.5500	3678.3800	4	19.1
90.260	1	3680.9500	3678.5200	4	24.6
90.364	1	3680.6600	3676.5400	4	9.3
90.500	1	3676.3700	3674.5100	4	12.2
90.596	1	3676.3900	3673.8000	4	15.2
90.696	1	3678.0400	3675.2300	4	13.3
90.800	1	3681.5500	3678.7500	4	14.2
90.900	1	3683.2100	3680.6000	4	15.5
90.996	1	3683.9500	3680.8200	4	19.0
91.096	1	3682.9300	3680.2100	4	14.3
91.196	1	3680.3100	3678.2200	4	14.6
91.296	1	3681.3800	3677.1900	4	13.1
91.396	1	3681.7200	3677.9500	4	8.1
91.528	1	3684.5900	3680.3200	4	11.3
91.632	1	3692.5900	3681.4900	4	25.0
91.732	1	3679.1800	3676.4000	4	11.7
91.832	1	3675.7700	3674.4900	4	12.7
91.960	1	3673.7500	3672.0600	4	9.9
92.060	1	3673.6700	3669.7400	4	17.8
92.160	1	3671.3500	3667.8500	4	13.1
92.260	1	3673.4800	3668.4200	4	16.1
92.360	1	3668.0000	3666.3700	4	9.1
92.460	1	3704.4100	3641.4300	5	13.7
92.560	1	3653.3900	3648.6500	4	8.1
92.660	1	3668.2200	3663.3400	5	21.0
92.760	1	3658.0600	3656.9400	5	14.1
92.864	1	3664.3300	3663.2400	4	18.6
93.000	1	3661.8700	3659.4200	4	11.5
93.096	1	3664.3500	3661.1500	4	20.0
93.196	1	3660.0800	3658.5400	4	20.2
93.296	1	3665.9200	3660.7000	4	12.5
93.396	1	3662.2800	3660.5700	4	20.2
93.496	1	3663.1000	3662.5900	4	24.4
93.596	1	3664.4300	3663.0100	4	15.3
93.696	1	3663.5900	3661.6700	4	22.1
93.796	1	3655.1800	3653.0600	4	20.1
93.896	1	3643.1300	3642.1100	4	15.4
93.996	1	3642.3700	3641.3100	4	10.1
94.096	1	3642.2000	3639.5600	4	10.1
94.196	1	3636.5400	3634.9700	4	7.2
94.328	1	3643.4900	3637.5100	4	19.5
94.460	1	3639.4100	3637.6500	4	17.0
94.560	1	3639.3900	3638.6900	4	15.9
94.660	1	3638.4100	3637.4200	4	22.7
94.760	1	3637.5000	3635.5200	4	20.7
94.860	1	3637.7600	3636.2200	4	12.2
94.960	1	3638.3000	3636.9600	4	9.9
95.064	1	3640.3200	3639.1600	4	11.6
95.196	1	3650.0200	3646.8900	4	18.4
95.296	1	3655.3200	3653.1200	4	17.6
95.396	1	3654.3200	3653.1100	4	14.5
95.496	1	3656.8600	3655.3900	4	15.0
95.596	1	3660.2200	3659.0000	4	7.7
95.696	1	3701.6400	3612.2900	7	21.9
95.796	1	3618.4100	3615.5300	5	13.7
95.896	1	3618.6300	3615.7500	4	9.7
95.996	1	3611.0200	3609.5100	4	18.4
96.096	1	3614.2600	3607.8700	6	13.6
96.196	1	3614.4100	3608.1000	4	12.7
96.296	1	3616.1400	3610.3900	4	23.0
96.396	1	3615.1300	3612.1700	4	18.5
96.496	1	3619.6800	3617.8300	4	15.1
96.596	1	3612.7500	3608.6300	4	18.6
96.728	1	3614.4000	3612.5800	4	13.6
96.832	1	3615.0800	3611.0700	4	13.0
96.960	1	3606.2800	3604.6100	3	14.0
97.060	1	3601.8700	3600.7700	4	22.3
97.160	1	3598.0600	3596.4600	4	18.5
97.260	1	3597.3600	3595.3400	4	22.3
97.360	1	3603.7500	3601.3100	4	17.4
97.460	1	3606.3400	3604.2800	4	24.9
97.560	1	3613.1500	3607.8500	4	13.7
97.632	1	3611.0100	3609.4200	3	11.0
97.732	1	3617.2900	3610.0700	4	15.0
97.860	1	3612.5100	3608.3900	4	8.4
97.960	1	3614.2600	3608.8400	4	12.4
98.060	1	3614.2100	3609.4300	4	11.6
98.160	1	3613.6100	3608.8900	4	21.5
98.264	1	3615.3800	3612.9300	4	13.4
98.396	1	3627.3100	3622.7100	4	10.8
98.500	1	3629.3100	3626.7000	4	16.4
98.596	1	3615.1500	3611.5200	4	22.4
98.668	1	3620.0400	3616.8300	3	11.8
98.796	1	3629.7200	3623.3600	4	13.9
98.932	1	3620.8100	3612.1000	4	8.7
99.060	1	3624.3800	3618.1200	4	18.0
99.160	1	3624.4100	3620.8300	5	12.8
99.260	1	3638.9900	3628.0100	5	22.4
99.360	1	3630.4900	3615.8700	5	18.7
99.460	1	3613.1900	3607.8700	4	14.0
99.560	1	3671.8900	3623.5200	8	27.8
99.660	1	3578.1500	3572.9800	4	12.7
99.760	1	3579.2100	3576.8600	4	14.9
99.864	1	3579.4300	3578.2100	4	17.8
99.964	1	3580.3400	3578.3300	5	16.4
100.060	1	3550.6800	3545.0400	4	24.4
100.160	1	3546.6800	3544.0600	4	24.0
100.260	1	3563.0000	3529.1500	5	21.5
100.360	1	3532.2200	3530.6900	4	15.9
100.464	1	3538.4900	3533.7300	4	15.8
100.596	1	3548.3000	3539.6500	6	25.8
100.696	1	3520.3700	3516.5300	4	14.2
100.828	1	3496.0500	3492.1700	5	13.6
100.960	1	3481.1200	3479.1800	4	16.0
101.060	1	3478.6300	3478.0900	4	20.5
101.160	1	3486.0300	3481.7700	4	26.9
101.260	1	3489.3800	3485.6200	4	17.0
101.332	1	3492.5900	3490.7400	4	15.6
101.460	1	3493.7400	3492.9600	4	15.8
101.560	1	3490.9200	3490.2100	4	15.4
101.660	1	3488.0000	3485.8800	4	10.4
101.760	1	3485.1200	3483.9900	4	27.4
101.860	1	3486.0200	3484.8500	4	15.1
101.960	1	3485.2600	3484.0000	4	16.9
102.060	1	3488.9000	3485.9200	4	17.8
102.160	1	3494.1200	3488.2900	4	12.3
102.232	1	3488.1700	3486.7300	3	9.9
102.360	1	3490.5800	3487.4100	3	18.2
102.464	1	3497.1700	3490.7900	4	11.0
102.596	1	3497.0400	3493.3200	4	15.7
102.696	1	3497.5700	3494.5700	4	16.3
102.796	1	3500.8000	3494.1500	4	20.7
102.900	1	3494.5900	3493.0000	4	13.3
102.996	1	3497.4800	3494.6100	4	21.5
103.096	1	3500.5000	3494.9000	4	9.5
103.232	1	3496.0200	3493.1400	3	9.8
103.332	1	3493.1900	3491.3400	4	10.7
103.460	1	3491.8700	3491.3800	3	19.9
103.560	1	3495.4200	3494.9600	4	15.6
103.660	1	3503.1200	3500.7300	4	28.9
103.732	1	3508.7400	3505.6500	5	8.8
103.860	1	3509.0900	3507.2400	4	22.8
103.960	1	3508.6700	3507.3200	4	16.1
104.060	1	3510.3300	3506.8200	4	19.2
104.160	1	3504.1500	3503.0600	4	14.2
104.260	1	3503.8700	3500.7700	4	12.3
104.360	1	3500.3100	3498.5000	4	30.4
104.460	1	3506.8400	3500.4200	4	18.5
104.560	1	3507.7700	3504.2000	6	22.1
104.660	1	3510.1300	3506.9900	5	15.3
104.760	1	3508.6100	3506.4800	4	26.1
104.860	1	3509.6700	3507.3200	4	28.8
104.960	1	3498.3200	3494.6600	4	17.9
105.060	1	3497.8200	3494.8100	4	26.6
105.160	1	3498.4800	3491.8800	4	26.3
105.232	1	3493.9600	3491.1700	3	13.1
105.364	1	3497.3700	3495.5700	4	15.7
105.496	1	3501.0900	3499.5400	4	18.3
105.596	1	3507.7600	3505.8200	4	20.7
105.728	1	3494.2700	3491.6400	4	17.6
105.860	1	3496.3500	3494.4500	4	17.3
105.960	1	3493.5000	3491.2400	4	22.0
106.060	1	3490.7800	3486.5600	4	20.0
106.160	1	3494.4800	3491.0100	5	18.1
106.260	1	3500.8200	3497.8500	4	20.5
106.360	1	3503.9000	3502.3600	4	20.9
106.460	1	3504.1700	3503.4300	4	20.0
106.560	1	3505.6200	3505.0500	4	14.9
106.660	1	3508.5600	3506.4500	4	28.1
106.760	1	3506.0100	3501.6300	4	18.4
106.860	1	3502.1400	3497.7100	4	12.5
106.960	1	3498.1600	3497.1400	4	18.5
107.060	1	3491.4500	3490.1500	4	8.6
107.160	1	3489.4400	3487.1000	4	23.6
107.260	1	3498.1000	3492.8500	4	23.5
107.360	1	3499.4600	3497.5400	5	30.3
107.460	1	3499.5800	3497.2400	4	15.2
107.560	1	3489.2600	3487.8800	4	21.7
107.660	1	3482.7800	3480.6600	4	12.0
107.760	1	3554.6000	3527.3900	8	31.5
107.860	1	3517.1300	3515.3300	4	11.1
107.960	1	3522.0900	3518.9100	4	25.9
108.060	1	3523.9300	3521.2500	4	22.8
108.160	1	3520.9700	3519.9700	4	18.4
108.260	1	3514.8300	3512.8600	4	18.3
108.360	1	3519.1900	3515.1300	4	13.6
108.432	1	3518.5300	3516.0900	3	11.4
108.560	1	3518.6300	3516.7600	4	8.7
108.660	1	3516.9200	3514.8700	4	13.0
108.732	1	3515.4700	3514.1400	3	10.6
108.860	1	3520.0000	3516.0100	4	17.8
108.960	1	3517.1700	3515.3100	4	20.7
109.060	1	3516.8800	3514.9300	4	13.5
109.160	1	3522.3500	3517.9300	4	12.0
109.260	1	3528.1700	3524.3000	5	18.6
109.360	1	3540.6700	3531.7700	5	14.9
109.460	1	3529.9100	3526.3500	4	18.6
109.560	1	3527.6400	3523.6700	4	13.6
109.660	1	3710.3600	3612.8900	9	37.6
109.760	1	3491.6000	3483.4700	5	23.3
109.860	1	3496.0600	3491.8700	5	15.6
109.960	1	3505.7300	3495.2600	4	11.1
110.064	1	3499.8400	3491.1200	4	9.8
110.196	1	3507.6600	3493.0300	4	12.5
110.296	1	3491.2400	3487.2800	4	11.5
110.396	1	3485.7100	3483.6200	4	14.6
110.496	1	3488.7300	3486.1600	4	11.7
110.628	1	3495.5700	3492.0300	4	9.3
110.760	1	3501.6300	3495.3700	4	19.2
110.860	1	3501.0000	3499.0800	4	18.1
110.960	1	3504.1200	3502.0900	4	19.5
111.060	1	3500.9200	3499.5800	4	21.3
111.160	1	3501.4800	3499.6900	4	19.6
111.232	1	3503.8800	3502.9000	4	18.6
111.332	1	3513.8400	3511.2500	4	9.9
111.464	1	3514.4300	3510.6200	4	15.4
111.596	1	3515.8400	3513.4500	4	10.2
111.732	1	3522.7900	3517.0100	4	9.8
111.860	1	3519.8700	3518.0800	4	22.9
111.936	1	3638.9500	3610.6100	6	10.6
112.060	1	3551.1100	3548.2100	4	27.8
112.160	1	3552.2700	3548.7000	4	15.2
112.260	1	3548.2900	3546.3700	4	26.0
112.360	1	3548.8200	3547.4800	4	28.8
112.432	1	3551.2900	3549.6900	3	8.7
112.560	1	3548.6900	3546.9000	4	23.7
112.660	1	3546.0600	3543.9900	4	15.2
112.760	1	3544.5700	3542.9500	4	22.6
112.860	1	3550.5800	3546.6400	4	17.8
112.960	1	3554.8800	3550.8700	4	16.5
113.060	1	3556.1800	3554.3500	4	15.4
113.160	1	3557.0400	3555.4900	4	22.4
113.260	1	3599.3100	3520.1900	5	15.7
113.360	1	3510.6500	3507.2500	4	10.7
113.460	1	3504.7700	3502.2100	4	25.1
113.532	1	3504.4900	3502.1300	4	11.9
113.660	1	3508.8800	3505.1600	4	9.6
113.760	1	3501.5400	3497.0500	4	13.5
113.832	1	3503.5600	3501.8100	5	9.8
113.960	1	3505.1300	3501.7600	7	14.1
114.060	1	3510.5900	3507.3800	6	15.5
114.160	1	3521.7300	3518.2300	4	20.7
114.232	1	3529.1000	3526.6000	6	19.5
114.360	1	3499.8300	3496.4000	4	26.3
114.460	1	3496.6900	3494.4400	4	20.4
114.560	1	3497.2700	3493.1800	4	28.0
114.632	1	3493.9600	3492.2700	4	10.3
114.760	1	3504.9600	3493.5500	4	14.1
114.860	1	3496.4400	3490.4300	4	24.8
114.960	1	3496.2800	3494.3500	5	24.4
115.060	1	3505.1100	3499.8200	4	16.7
115.160	1	3502.2400	3500.2000	5	32.7
115.232	1	3500.6200	3499.4700	3	9.7
115.332	1	3506.7800	3499.4700	5	10.3
115.472	1	3499.4800	3496.0400	5	28.8
115.568	1	3502.1500	3496.9100	4	7.6
115.696	1	3484.9600	3483.1300	4	14.6
115.796	1	3485.5400	3484.0700	4	19.1
115.896	1	3491.2700	3486.3400	4	10.6
116.000	1	3487.3100	3485.4100	4	17.0
116.096	1	3491.0900	3485.1200	4	9.7
116.196	1	3492.2300	3486.2100	4	12.6
116.296	1	3497.4100	3490.9700	4	23.2
116.396	1	3501.8800	3492.2100	4	24.9
116.496	1	3509.8700	3497.0600	4	10.6
116.596	1	3502.0800	3499.5600	4	19.6
116.696	1	3508.6500	3504.8600	4	10.1
116.796	1	3459.6700	3430.7100	4	9.5
116.896	1	3403.2300	3400.6000	4	11.1
117.000	1	3410.3300	3403.9700	4	18.8
117.096	1	3405.9800	3404.4100	4	12.9
117.196	1	3404.1800	3402.8700	4	18.2
117.300	1	3404.4200	3402.8000	4	15.1
117.432	1	3402.7300	3401.1000	4	11.4
117.560	1	3410.0900	3403.6200	4	28.3
117.660	1	3406.8600	3404.0100	4	11.3
117.764	1	3443.7700	3382.2200	6	21.0
117.864	1	3391.7000	3388.3300	5	22.2
117.960	1	3390.8100	3389.1600	5	32.3
118.060	1	3389.3300	3385.1800	4	11.8
118.160	1	3391.5100	3386.9200	5	28.0
118.260	1	3390.9200	3388.0300	4	25.8
118.364	1	3393.9400	3391.5500	5	14.3
118.496	1	3396.0800	3385.4900	4	14.8
118.596	1	3385.9500	3382.3400	4	15.9
118.696	1	3385.0500	3383.0000	4	19.4
118.796	1	3385.9600	3384.0500	4	18.3
118.896	1	3391.1300	3387.5100	5	16.0
118.996	1	3389.5600	3386.2200	5	25.2
119.096	1	3389.3000	3386.9600	4	17.7
119.228	1	3377.1600	3374.9100	4	18.3
119.360	1	3375.9400	3374.0300	3	8.9
119.460	1	3374.7800	3373.1700	4	19.6
119.560	1	3376.2300	3373.6000	4	20.9
119.660	1	3379.9700	3375.2300	4	20.7
119.760	1	3390.5200	3379.1600	4	17.0
119.832	1	3381.2200	3376.7000	3	18.2
119.960	1	3377.8000	3375.6500	4	19.8
120.060	1	3382.3500	3378.3200	4	16.7
120.160	1	3380.4500	3378.7200	4	15.1
120.260	1	3379.7800	3378.6300	4	18.6
120.364	1	3384.1300	3380.2600	4	14.4
120.496	1	3385.9700	3381.9700	4	8.3
120.596	1	3383.3100	3381.5400	4	26.7
120.696	1	3415.3700	3400.3300	5	12.9
120.796	1	3405.3900	3403.8100	4	22.1
120.896	1	3408.1000	3405.6200	5	16.3
120.996	1	3408.7000	3406.3700	4	20.2
121.096	1	3411.8300	3410.8900	4	14.6
121.200	1	3416.9400	3414.5100	4	10.2
121.296	1	3412.5100	3411.5000	4	11.7
121.396	1	3416.2700	3415.0300	4	18.0
121.496	1	3424.6700	3421.4300	5	20.8
121.596	1	3430.4000	3426.7800	6	22.2
121.696	1	3442.0000	3439.0200	6	15.2
121.828	1	3457.4900	3450.0000	6	23.2
121.960	1	3455.0600	3448.8700	4	11.8
122.060	1	3445.9900	3443.8900	4	12.0
122.132	1	3449.6300	3448.1400	3	16.7
122.260	1	3457.8000	3453.3600	4	11.3
122.364	1	3461.3400	3458.4900	4	9.7
122.496	1	3476.5400	3468.2300	4	18.0
122.596	1	3699.1800	3605.8900	5	11.8
122.700	1	3509.6000	3505.9800	4	10.5
122.800	1	3504.2300	3500.2100	4	10.0
122.896	1	3495.6700	3491.4900	4	11.2
122.996	1	3488.7500	3485.4500	4	8.2
123.096	1	3487.6800	3485.1200	4	13.9
123.168	1	3488.4500	3484.4300	4	13.3
123.296	1	3494.1900	3488.8000	4	24.9
123.396	1	3496.3000	3491.7100	4	17.1
123.496	1	3502.7300	3491.0500	5	22.0
123.596	1	3489.9700	3485.3000	4	9.9
123.696	1	3490.0700	3485.7600	4	9.4
123.796	1	3496.7900	3490.1400	4	16.6
123.896	1	3499.8300	3494.0400	4	12.1
123.996	1	3496.5100	3494.8000	4	14.7
124.096	1	3492.3600	3489.6500	4	22.0
124.196	1	3489.8300	3485.2800	4	11.0
124.296	1	3484.2800	3481.2400	4	9.2
124.400	1	3492.9800	3428.9300	5	13.2
124.496	1	3435.3400	3433.2900	4	9.9
124.628	1	3441.2000	3436.7200	4	17.1
124.760	1	3439.5900	3438.3800	4	26.9
124.860	1	3444.9800	3441.5300	4	18.8
124.960	1	3447.4400	3442.6600	4	20.9
125.060	1	3446.2000	3443.7200	4	19.0
125.160	1	3451.2700	3448.6500	5	18.3
125.260	1	3453.1800	3451.3700	9	41.0
125.332	1	3451.7500	3450.1000	5	9.8
125.460	1	3457.7100	3450.6200	5	35.4
125.560	1	3457.8600	3448.7800	4	12.8
125.660	1	3449.2900	3446.9600	4	17.7
125.760	1	3447.9800	3445.6500	4	12.0
125.860	1	3444.9200	3443.0400	4	16.5
125.960	1	3441.8100	3438.1700	5	27.7
126.060	1	3436.2600	3431.8100	4	22.4
126.160	1	3434.1700	3430.0600	4	12.7
126.264	1	3433.3600	3430.1200	4	12.6
126.360	1	3438.1600	3431.7700	4	19.1
126.460	1	3434.8300	3431.9100	4	11.2
126.532	1	3442.6300	3434.7100	4	9.3
126.632	1	3438.2600	3434.9600	4	17.5
126.732	1	3444.2600	3438.7000	5	20.4
126.860	1	3444.9300	3442.2200	4	21.7
126.960	1	3431.5600	3428.5000	6	19.9
127.064	1	3435.5900	3431.2500	5	14.2
127.164	1	3446.2400	3438.4700	5	18.9
127.296	1	3446.3000	3442.4600	6	14.1
127.396	1	3445.4400	3442.9500	6	19.3
127.496	1	3450.5300	3444.5600	4	15.1
127.596	1	3450.6900	3447.2600	4	9.3
127.728	1	3464.5700	3455.3000	4	12.9
127.860	1	3423.7900	3418.1900	4	17.5
127.960	1	3473.8500	3426.7000	8	20.4
128.060	1	3417.1900	3413.2400	4	21.8
128.160	1	3414.3900	3412.2900	4	15.2
128.260	1	3416.3500	3413.3800	4	25.1
128.332	1	3415.3600	3413.9500	3	19.8
128.460	1	3424.3400	3417.4900	4	21.6
128.560	1	3422.6200	3418.5600	4	18.2
128.660	1	3422.6500	3419.8900	4	24.8
128.764	1	3437.7200	3426.6000	4	19.9
128.896	1	3427.4200	3423.4200	4	16.0
128.996	1	3428.0000	3424.2900	4	15.7
129.096	1	3421.7400	3419.6500	4	21.5
129.196	1	3419.6200	3417.5100	4	8.1
129.296	1	3418.0500	3416.5500	4	23.2
129.396	1	3417.4800	3415.2600	4	15.0
129.496	1	3418.4200	3415.1400	4	16.1
129.596	1	3422.2300	3417.3100	5	18.6
129.696	1	3418.2900	3416.5800	4	10.4
129.796	1	3419.1000	3415.7900	4	14.3
129.896	1	3417.5200	3415.8100	4	19.6
129.996	1	3418.4800	3416.9500	4	15.7
130.132	1	3418.7500	3417.2000	3	7.4
130.260	1	3419.5300	3416.9300	3	16.7
130.360	1	3419.3500	3417.1400	4	16.8
130.460	1	3421.3300	3417.9700	4	29.2
130.560	1	3418.1500	3416.7700	3	17.6
130.664	1	3421.2200	3417.5100	4	10.7
130.796	1	3421.7600	3418.2500	3	13.6
130.896	1	3535.4400	3367.4200	7	28.0
130.996	1	3367.5300	3364.2900	4	17.9
131.128	1	3373.9000	3365.6500	4	18.9
131.260	1	3378.8400	3369.0900	4	18.3
131.360	1	3373.0900	3369.0700	4	12.8
131.460	1	3371.6000	3370.1200	4	14.2
131.544	1	3377.5300	3374.8000	3	10.0
131.664	1	3378.7400	3374.1400	4	19.6
131.796	1	3384.9400	3374.1000	4	15.8
131.896	1	3385.4400	3377.9500	4	16.6
131.996	1	3390.1300	3381.1100	4	21.4
132.100	1	3384.0700	3379.6300	4	10.2
132.196	1	3372.9500	3371.4700	4	9.7
132.296	1	3449.3700	3419.3700	6	18.6
132.396	1	3388.1100	3381.3400	4	13.6
132.496	1	3388.7800	3387.6400	4	13.3
132.596	1	3396.3200	3393.4600	3	21.1
132.696	1	3397.3800	3396.4500	4	14.7
132.796	1	3403.9100	3402.8000	3	17.0
132.932	1	3412.2300	3411.0300	4	19.3
133.064	1	3421.1800	3419.6500	4	8.8
133.196	1	3436.7800	3427.3900	4	14.6
133.296	1	3432.5700	3425.0400	4	13.1
133.396	1	3415.8600	3413.9600	4	12.8
133.496	1	3412.6800	3410.2800	4	20.9
133.596	1	3422.4500	3421.3800	4	11.0
133.696	1	3435.2400	3434.6000	4	11.9
133.796	1	3445.0200	3442.0200	4	18.7
133.896	1	3449.6200	3445.8600	4	26.7
133.996	1	3447.3900	3443.6100	4	11.1
134.096	1	3443.8100	3441.9800	4	12.5
134.196	1	3452.1600	3450.6600	4	9.3
134.300	1	3458.8500	3454.5800	4	20.8
134.400	1	3450.7000	3447.8600	4	10.3
134.528	1	3445.2100	3441.1100	4	16.7
134.660	1	3438.5200	3436.6600	4	11.4
134.732	1	3438.9800	3435.6600	4	8.9
134.860	1	3442.1600	3438.9600	4	12.6
134.960	1	3451.1300	3449.4800	4	13.2
135.064	1	3460.9600	3459.9200	4	21.5
135.196	1	3474.9600	3466.4200	4	9.7
135.328	1	3468.0800	3466.3700	3	13.5
135.460	1	3521.6600	3501.6600	6	28.3
135.532	1	3491.5400	3487.5700	3	6.2
135.660	1	3487.2700	3485.6800	4	21.4
135.760	1	3488.2200	3485.8900	4	16.2
135.860	1	3492.0700	3487.5100	4	19.7
135.960	1	3488.8800	3487.9000	4	14.3
136.060	1	3498.0200	3495.2500	4	17.1
136.160	1	3484.9200	3483.4000	4	10.2
136.260	1	3489.8500	3484.7100	4	26.4
136.360	1	3484.4800	3478.4700	4	19.6
136.460	1	3459.3800	3452.2700	4	12.2
136.560	1	3443.8300	3441.7200	4	21.2
136.660	1	3435.4800	3433.2800	4	22.2
136.760	1	3793.2800	3448.8100	6	20.9
136.860	1	3453.5300	3447.6300	4	23.8
136.932	1	3445.9000	3443.0700	4	10.3
137.060	1	3447.8700	3441.3000	4	21.0
137.164	1	3445.0300	3441.3400	5	21.8
137.260	1	3450.4200	3443.7900	5	32.3
137.360	1	3451.1700	3446.5700	5	28.1
137.460	1	3451.9500	3449.8700	4	21.8
137.560	1	3440.6000	3439.1300	4	11.9
137.660	1	3441.5100	3437.6400	4	23.9
137.760	1	3442.6400	3436.8600	4	22.0
137.860	1	3439.3900	3436.3800	4	12.4
137.964	1	3438.8100	3437.3500	4	23.6
138.060	1	3441.0100	3439.3300	5	14.4
138.160	1	3443.5100	3441.6500	4	39.1
138.260	1	3448.9300	3447.4200	5	15.3
138.360	1	3429.1200	3424.8300	4	20.4
138.460	1	3426.7200	3425.1400	4	13.9
138.560	1	3416.4000	3415.0000	4	16.0
138.660	1	3416.3900	3410.0100	4	15.1
138.736	1	3413.5300	3409.1100	3	6.9
138.860	1	3419.2300	3410.3800	4	18.8
138.960	1	3410.7400	3408.7100	4	22.6
139.060	1	3410.4700	3409.7300	3	19.6
139.164	1	3414.1000	3411.7300	4	9.0
139.296	1	3423.7300	3415.0100	4	19.3
139.396	1	3418.4000	3414.1800	4	19.7
139.496	1	3417.4700	3415.4500	4	9.0
139.596	1	3418.3800	3416.6100	4	11.5
139.696	1	3418.4200	3417.5400	4	21.5
139.796	1	3421.4300	3420.2800	4	28.9
139.896	1	3423.1300	3422.1200	4	23.5
139.996	1	3429.6300	3422.4200	4	12.9
140.096	1	3423.6100	3418.2000	4	17.6
140.200	1	3422.6000	3418.0900	5	28.4
140.300	1	3420.0600	3417.0900	4	10.1
140.396	1	3416.4000	3414.7400	4	8.8
140.528	1	3417.1400	3414.8500	3	13.4
140.660	1	3419.7500	3416.7300	3	22.3
140.760	1	3418.7900	3416.3600	4	12.6
140.860	1	3419.0900	3416.8600	4	11.8
140.932	1	3420.7500	3418.5900	3	16.9
141.064	1	3433.4400	3422.7400	4	21.8
141.160	1	3426.5400	3423.6800	4	18.3
141.232	1	3424.1600	3423.1000	3	7.6
141.332	1	3424.3200	3422.7200	4	11.7
141.428	1	3427.0900	3423.0100	4	29.5
141.528	1	3457.4400	3437.9900	5	27.5
141.660	1	3449.0000	3440.1300	4	22.9
141.760	1	3441.3400	3437.1800	4	24.5
141.864	1	3443.1800	3438.3900	4	14.4
141.996	1	3441.3200	3440.0900	4	8.6
142.128	1	3445.2700	3442.2400	4	9.5
142.260	1	3448.6400	3442.6500	4	20.9
142.360	1	3448.1100	3444.6700	4	19.5
142.460	1	3447.5600	3445.5300	4	26.9
142.560	1	3448.4600	3442.9000	4	15.1
142.660	1	3441.7500	3438.3000	4	16.7
142.760	1	3440.2900	3439.2200	4	13.4
142.860	1	3440.1900	3439.3700	4	20.4
142.960	1	3441.9100	3440.8300	4	11.6
143.060	1	3449.2800	3442.0200	4	21.4
143.160	1	3439.8500	3437.0900	4	18.6
143.260	1	3442.4600	3439.3000	4	20.8
143.332	1	3445.1800	3441.5800	3	18.1
143.460	1	3446.1700	3443.0900	4	17.8
143.560	1	3445.9600	3444.3300	4	26.9
143.660	1	3444.4300	3443.5200	4	17.6
143.760	1	3453.3100	3445.7900	4	19.6
143.860	1	3447.8500	3446.0300	4	13.5
143.960	1	3448.8200	3448.0700	4	16.4
144.060	1	3453.6000	3451.7000	4	22.8
144.160	1	3453.3100	3451.9600	4	27.7
144.260	1	3451.6900	3450.5600	4	21.2
144.360	1	3456.8200	3455.2300	4	27.4
144.460	1	3464.9900	3461.2900	4	17.5
144.560	1	3464.4000	3462.7900	4	24.8
144.660	1	3468.8200	3467.9800	4	8.9
144.760	1	3722.7100	3634.2800	7	41.1
144.860	1	3609.8100	3605.7900	4	20.6
144.932	1	3576.1100	3574.0400	3	10.9
145.060	1	3577.2000	3575.1900	4	10.6
145.160	1	3581.6300	3577.6100	4	27.0
145.260	1	3576.4400	3574.6600	4	28.7
145.360	1	3581.8900	3580.4200	4	25.0
145.460	1	3589.0600	3587.8500	4	22.8
145.560	1	3596.4900	3595.4200	3	10.3
145.660	1	3604.0400	3602.4700	3	18.8
145.764	1	3610.9000	3609.6100	4	11.3
145.900	1	3631.2600	3616.3700	3	8.7
145.996	1	3573.9500	3570.0400	4	23.7
146.100	1	3572.5400	3571.5500	4	17.4
146.196	1	3576.7600	3575.6400	3	6.8
146.328	1	3583.3300	3581.2800	3	12.8
146.460	1	3594.4200	3585.3400	4	24.2
146.560	1	3576.0800	3571.0100	4	21.7
146.660	1	3569.0200	3566.5300	3	15.6
146.760	1	3568.5700	3564.8700	3	17.4
146.860	1	3565.0200	3563.3400	4	15.9
146.960	1	3563.4400	3562.2800	4	26.1
147.032	1	3564.6600	3562.2000	3	9.6
147.160	1	3562.4600	3558.9400	3	10.8
147.260	1	3555.9900	3554.6600	3	17.2
147.360	1	3554.6900	3553.3900	4	8.9
147.460	1	3562.2000	3554.8800	4	13.4
147.560	1	3555.8700	3553.0300	4	17.8
147.660	1	3559.0700	3553.7800	4	16.8
147.760	1	3559.1000	3554.1600	3	8.8
147.860	1	3557.1000	3555.3400	4	24.4
147.960	1	3561.4700	3557.6500	4	8.4
148.060	1	3555.6300	3553.4400	3	16.8
148.160	1	3554.7500	3549.6200	4	13.6
148.260	1	3550.8000	3546.1200	4	19.9
148.360	1	3552.7700	3543.4400	4	25.6
148.460	1	3536.4300	3533.6700	4	13.4
148.560	1	3527.1100	3525.8400	4	15.2
148.660	1	3528.7100	3521.5800	3	13.0
148.760	1	3520.5800	3517.1300	4	16.1
148.860	1	3513.3900	3511.4800	4	15.3
148.960	1	3510.5100	3507.9700	4	23.7
149.032	1	3509.2600	3507.7100	3	14.5
149.136	1	3515.4000	3510.0100	3	8.6
149.264	1	3513.3200	3511.1800	3	8.7
149.396	1	3517.1800	3515.5000	3	11.1
149.496	1	3521.0700	3519.9000	4	10.5
149.596	1	3525.7700	3522.7200	4	9.4
149.696	1	3527.6200	3524.2900	4	21.0
149.796	1	3530.3000	3527.3700	4	26.5
149.896	1	3542.6700	3535.6000	4	9.1
150.028	1	3545.6200	3537.6900	4	16.8
150.160	1	3535.6900	3532.7700	4	19.0
150.260	1	3533.5900	3530.1100	4	19.1
150.360	1	3527.3500	3523.8700	3	11.0
150.460	1	3523.6300	3519.8100	4	19.7
150.560	1	3523.9100	3516.1900	4	10.8
150.664	1	3514.4100	3511.2000	4	18.0
150.796	1	3510.7200	3508.1100	4	18.5
150.896	1	3507.0000	3505.5200	4	15.5
151.000	1	3466.8100	3421.6200	5	18.4
151.096	1	3422.0300	3419.8400	4	15.3
151.196	1	3427.8800	3422.7600	4	10.2
151.296	1	3429.4800	3423.9200	4	26.3
151.396	1	3430.6900	3423.0800	4	20.3
151.496	1	3427.9700	3420.7800	4	14.7
151.596	1	3421.4600	3420.0000	4	12.3
151.728	1	3424.0200	3423.0100	3	19.1
151.864	1	3432.1200	3426.9700	3	17.8
151.996	1	3430.9500	3429.5800	3	16.7
152.128	1	3433.9200	3431.3500	3	21.6
152.232	1	3430.7100	3429.3500	4	8.9
152.360	1	3432.7500	3431.3400	4	19.4
152.460	1	3434.1400	3433.0800	4	10.3
152.560	1	3435.7100	3433.6300	4	22.3
152.664	1	3433.8000	3432.7800	4	18.0
152.796	1	3435.2000	3433.6900	3	8.0
152.896	1	3441.4500	3436.5600	4	15.3
152.996	1	3439.8100	3437.3100	4	15.1
153.096	1	3443.3800	3440.7600	4	26.8
153.196	1	3448.4000	3446.6700	4	13.4
153.296	1	3451.8800	3449.8400	4	17.8
153.428	1	3456.3300	3452.8000	4	9.3
153.560	1	3845.9500	3597.4400	6	22.8
153.660	1	3556.8500	3552.4800	4	18.9
153.760	1	3558.0400	3554.9500	4	22.3
153.860	1	3562.2400	3558.0900	4	18.4
153.960	1	3548.1900	3546.9200	4	24.6
154.064	1	3547.3200	3546.1900	3	8.8
154.196	1	3545.4400	3544.2900	3	8.8
154.300	1	3550.5700	3544.9600	4	11.2
154.400	1	3545.7800	3542.7900	4	23.9
154.500	1	3541.1200	3540.3600	4	10.4
154.596	1	3543.1400	3541.5700	4	12.0
154.700	1	3544.1600	3542.0300	4	10.3
154.796	1	3540.6800	3539.2200	3	10.4
154.900	1	3538.8200	3537.3900	4	20.1
155.000	1	3539.0700	3536.7100	4	10.9
155.096	1	3539.4300	3537.4300	4	10.4
155.196	1	3539.4600	3537.6100	4	23.7
155.296	1	3537.9900	3537.1300	4	13.9
155.400	1	3540.2900	3537.8300	4	25.3
155.496	1	3539.4300	3536.9600	4	16.4
155.596	1	3538.8000	3537.7500	4	18.9
155.696	1	3547.3200	3542.3600	4	15.4
155.796	1	3544.7400	3542.8700	4	10.5
155.896	1	3545.1700	3543.7600	4	11.3
156.028	1	3548.4400	3543.4400	4	29.9
156.160	1	3551.3000	3542.8900	3	17.7
156.232	1	3541.8900	3539.8700	3	13.0
156.332	1	3539.0100	3538.0800	4	23.5
156.464	1	3551.0000	3538.8600	3	6.3
156.596	1	3542.5500	3538.0900	4	19.8
156.700	1	3540.9400	3539.0000	4	28.8
156.796	1	3542.3900	3539.3000	4	13.8
156.896	1	3546.5200	3539.7700	4	16.2
156.996	1	3546.1000	3539.6900	4	17.2
157.096	1	3552.4400	3542.8100	4	13.2
157.196	1	3557.9000	3544.5400	4	9.3
157.328	1	3547.0300	3544.3700	4	20.2
157.460	1	3523.9000	3461.6700	4	11.3
157.560	1	3450.1300	3447.4700	4	19.0
157.660	1	3460.1700	3455.4400	4	16.4
157.760	1	3466.2200	3460.9700	5	17.7
157.832	1	3464.3400	3460.5900	3	12.1
157.960	1	3463.9700	3462.3500	4	25.3
158.064	1	3470.6800	3466.1200	4	19.9
158.160	1	3468.3500	3465.7900	4	13.0
158.260	1	3469.5600	3467.6800	4	26.6
158.360	1	3470.4800	3468.1100	4	10.1
158.460	1	3469.7700	3468.7100	5	27.6
158.560	1	3460.1600	3459.4400	4	24.4
158.660	1	3463.5400	3461.9600	4	18.8
158.732	1	3464.4800	3463.4200	3	7.7
158.864	1	3529.1400	3460.3400	7	15.7
158.964	1	3446.3300	3441.4900	4	20.9
159.060	1	3454.3600	3453.1100	4	19.5
159.164	1	3442.1000	3440.1600	4	26.1
159.260	1	3455.8100	3449.9400	4	23.8
159.360	1	3450.4000	3445.3300	4	17.2
159.432	1	3456.9700	3451.7600	4	19.3
159.560	1	3461.3200	3454.5500	4	26.1
159.660	1	3445.8200	3444.8100	5	26.8
159.760	1	3450.1100	3447.5000	5	17.1
159.860	1	3448.5200	3447.3900	4	20.3
159.964	1	3449.6200	3448.5700	4	18.4
160.096	1	3451.9100	3449.8200	4	14.6
160.196	1	3457.1100	3452.2300	4	24.0
160.296	1	3456.2200	3453.3800	4	8.8
160.396	1	3463.2300	3460.5500	4	22.3
160.496	1	3472.8300	3470.0400	4	31.6
160.596	1	3475.2800	3471.0100	4	18.4
160.696	1	3465.5700	3464.1300	4	11.8
160.796	1	3465.3500	3464.6500	4	13.9
160.896	1	3465.6500	3463.4100	4	18.9
160.996	1	3466.4400	3463.8600	4	12.1
161.096	1	3465.5100	3463.4300	4	20.4
161.196	1	3463.3700	3462.2400	4	18.6
161.300	1	3467.7200	3463.9700	4	21.8
161.428	1	3466.0200	3463.1800	4	15.3
161.560	1	3472.2400	3462.1600	4	24.2
161.660	1	3461.7800	3459.3500	4	16.7
161.760	1	3466.9100	3462.2800	4	17.1
161.860	1	3461.7400	3458.9800	4	15.6
161.960	1	3460.4300	3456.9800	4	29.6
162.060	1	3469.5900	3463.2600	4	12.6
162.160	1	3470.9900	3469.4600	4	12.3
162.232	1	3471.9500	3469.2900	3	13.6
162.360	1	3469.4400	3463.4600	4	16.1
162.460	1	3455.6500	3454.0000	4	14.3
162.560	1	3453.2100	3449.1800	4	17.0
162.660	1	3447.7800	3445.7000	4	12.3
162.732	1	3441.4900	3440.3900	3	25.3
162.860	1	3438.7200	3435.0000	4	24.0
162.960	1	3438.7500	3433.4000	4	27.6
163.060	1	3448.8600	3436.5800	4	29.0
163.164	1	3445.0300	3440.0300	4	22.8
163.260	1	3447.2900	3444.2400	4	16.8
163.360	1	3451.6300	3448.6400	4	21.9
163.460	1	3453.8400	3450.8800	4	28.2
163.560	1	3452.9600	3449.0500	4	20.0
163.664	1	3447.3400	3443.6000	4	18.0
163.764	1	3440.6600	3438.2800	4	13.6
163.896	1	3451.6400	3438.5400	4	14.1
163.996	1	3438.1800	3435.5000	4	16.5
164.100	1	3440.5500	3436.0900	4	13.9
164.228	1	3442.1700	3435.7500	3	14.7
164.328	1	3435.2200	3431.8900	4	21.0
164.400	1	3433.5700	3429.7200	3	6.7
164.496	1	3437.4800	3431.4200	4	23.1
164.600	1	3437.3200	3432.0100	4	10.7
164.696	1	3432.3000	3431.1400	4	17.6
164.796	1	3435.4100	3431.1600	4	21.1
164.896	1	3436.8500	3432.6200	4	14.5
164.996	1	3433.2800	3432.2500	4	21.0
165.096	1	3438.2300	3432.5400	4	11.1
165.196	1	3437.5400	3435.0200	4	12.2
165.296	1	3443.9800	3439.3900	4	16.7
165.396	1	3443.4000	3442.6700	4	18.5
165.500	1	3452.7800	3447.8200	4	22.4
165.576	1	3449.6400	3448.1600	3	6.2
165.696	1	3443.3100	3442.4600	4	22.6
165.800	1	3441.8700	3440.1300	4	9.2
165.896	1	3445.0400	3439.5400	4	8.3
165.996	1	3437.7600	3435.8000	4	16.0
166.096	1	3438.8000	3434.4800	4	20.3
166.228	1	3438.3700	3435.2000	4	12.8
166.364	1	3445.7000	3435.9800	3	19.1
166.496	1	3443.8700	3436.9500	3	16.0
166.596	1	3577.5600	3537.7000	5	12.6
166.696	1	3536.6600	3534.0200	4	20.0
166.796	1	3541.2600	3535.9200	4	24.8
166.896	1	3545.7800	3539.9200	4	25.8
166.996	1	3546.3700	3545.4300	4	12.6
167.096	1	3553.7000	3550.2200	4	11.8
167.196	1	3560.2700	3555.8400	4	10.5
167.296	1	3559.1600	3558.1300	4	16.5
167.396	1	3559.6900	3558.9000	4	19.7
167.496	1	3564.0300	3563.0000	4	9.9
167.596	1	3572.0600	3570.0500	4	18.5
167.696	1	3573.9400	3572.6800	4	17.4
167.796	1	3578.3300	3577.5400	4	24.1
167.896	1	3574.4900	3572.9800	4	12.3
167.996	1	3577.4200	3575.7500	4	12.4
168.100	1	3576.8600	3575.6700	4	9.2
168.228	1	3581.5700	3580.3800	4	14.2
168.360	1	3586.1100	3585.2800	4	17.5
168.460	1	3589.7600	3586.4100	4	12.3
168.560	1	3581.7700	3580.3500	4	17.6
168.632	1	3573.0900	3571.5800	3	9.1
168.732	1	3572.3200	3570.9300	4	14.9
168.864	1	3581.2300	3579.2100	3	16.0
168.996	1	3586.6000	3585.1500	4	14.1
169.096	1	3559.4000	3556.3600	5	14.2
169.196	1	3562.2700	3560.9900	4	9.8
169.296	1	3565.3000	3564.3700	4	14.3
169.368	1	3568.1800	3564.9800	3	5.9
169.496	1	3562.2500	3559.5800	4	8.7
169.596	1	3555.9000	3554.8900	4	18.2
169.696	1	3557.1300	3555.8800	4	12.8
169.796	1	3557.2900	3555.6800	4	17.9
169.896	1	3560.5600	3557.0300	4	18.0
169.996	1	3557.1500	3555.7200	4	16.9
170.096	1	3551.6800	3550.1500	4	11.8
170.196	1	3543.6900	3542.8300	4	8.4
170.296	1	3543.6400	3539.1900	4	23.4
170.400	1	3543.3700	3540.9900	4	17.2
170.496	1	3543.6400	3542.2300	4	18.9
170.596	1	3550.1700	3545.3300	4	15.6
170.696	1	3547.8800	3546.2800	4	19.3
170.796	1	3546.4500	3544.3300	4	9.4
170.896	1	3540.1500	3539.1000	4	27.9
170.996	1	3535.8400	3533.5200	4	12.0
171.096	1	3528.4300	3526.5800	4	11.2
171.196	1	3521.1400	3518.7400	4	12.9
171.296	1	3517.7500	3514.4100	4	14.0
171.396	1	3515.9300	3513.6000	4	11.1
171.500	1	3516.2600	3515.1200	4	20.9
171.632	1	3520.1600	3515.0900	3	6.5
171.760	1	3510.8200	3509.3900	4	19.5
171.860	1	3509.4000	3505.9300	4	17.2
171.960	1	3505.7600	3502.3900	4	14.0
172.060	1	3501.3600	3499.5900	4	11.5
172.160	1	3500.6300	3498.8200	4	20.0
172.260	1	3500.4800	3498.7900	3	15.2
172.360	1	3507.3000	3502.3600	4	24.7
172.464	1	3511.2500	3504.7000	4	12.6
172.596	1	3506.4000	3504.3500	4	16.3
172.696	1	3631.7300	3531.6300	5	17.3
172.796	1	3534.3900	3532.6600	4	15.4
172.896	1	3537.5000	3535.6500	3	15.6
172.996	1	3541.7300	3540.8600	4	10.1
173.096	1	3546.1100	3542.7300	4	17.7
173.196	1	3544.1000	3541.2400	4	9.1
173.296	1	3542.9900	3541.3600	3	13.5
173.396	1	3552.8200	3545.3300	4	9.0
173.496	1	3551.8200	3546.0100	4	14.7
173.628	1	3552.9600	3547.5500	4	18.1
173.760	1	3553.9000	3551.5500	4	26.1
173.860	1	3561.9900	3558.2200	4	16.5
173.936	1	3558.5900	3557.1100	4	9.5
174.036	1	3569.4000	3556.7000	4	8.0
174.160	1	3556.0500	3547.2400	4	17.4
174.260	1	3543.4300	3539.6200	4	27.5
174.360	1	3538.0800	3533.3200	4	12.3
174.432	1	3529.3100	3528.0800	3	11.1
174.560	1	3527.3100	3525.5900	3	17.6
174.660	1	3529.6100	3527.5600	4	21.7
174.760	1	3483.6800	3424.0900	9	21.9
174.860	1	3394.3400	3390.8400	4	26.0
174.932	1	3397.5400	3395.0900	4	12.2
175.060	1	3405.8000	3398.7800	3	14.4
175.160	1	3404.0200	3398.3900	4	18.4
175.260	1	3400.5600	3396.2000	4	20.7
175.364	1	3396.3300	3392.6700	4	14.8
175.496	1	3393.6000	3391.7800	3	12.9
175.628	1	3397.4900	3393.6200	3	17.0
175.760	1	3400.3200	3396.8500	4	16.4
175.860	1	3402.3100	3399.2300	4	16.6
175.960	1	3406.7200	3404.2200	4	24.6
176.064	1	3412.3900	3408.9200	4	19.1
176.196	1	3415.3400	3410.4700	4	17.4
176.296	1	3411.6100	3408.0300	4	18.9
176.396	1	3412.2700	3410.4100	4	19.1
176.496	1	3418.2900	3416.0200	6	25.7
176.596	1	3423.4800	3421.1900	5	12.4
176.696	1	3424.9500	3422.3700	4	21.1
176.796	1	3412.6000	3408.0200	4	18.9
176.896	1	3409.4000	3404.5400	4	17.3
177.000	1	3405.6200	3400.8600	4	18.6
177.096	1	3402.7500	3401.3100	4	18.1
177.196	1	3409.8100	3407.5100	4	18.5
177.328	1	3412.2700	3407.6200	3	7.5
177.464	1	3406.7600	3402.9900	4	11.0
177.596	1	3403.3900	3401.1400	4	27.0
177.696	1	3404.1200	3400.7500	4	17.5
177.796	1	3403.5800	3401.2100	4	16.7
177.896	1	3469.0400	3436.1800	5	21.1
177.996	1	3439.2900	3437.8400	4	13.3
178.096	1	3438.4800	3438.0700	4	23.4
178.196	1	3453.2000	3447.2000	4	9.0
178.296	1	3458.9000	3456.4700	4	21.3
178.396	1	3466.9600	3462.3700	4	12.5
178.496	1	3464.7500	3460.2400	4	13.3
178.596	1	3456.5200	3454.2000	4	14.0
178.728	1	3458.7800	3456.5500	3	9.7
178.832	1	3463.0100	3461.6700	4	12.1
178.960	1	3471.1800	3469.6300	4	14.7
179.060	1	3475.3700	3474.1500	4	26.9
179.160	1	3479.4400	3477.1800	4	17.3
179.260	1	3478.5000	3477.6200	4	17.5
179.332	1	3474.3800	3472.8200	3	6.9
179.432	1	3468.3400	3466.0000	4	13.8
179.564	1	3462.7600	3460.7100	3	10.9
179.696	1	3461.4800	3459.0400	3	7.6
179.828	1	3474.1000	3458.3200	3	15.4
179.960	1	3453.7300	3450.5500	3	7.8
180.060	1	3454.7600	3452.4600	3	18.4
180.160	1	3457.8000	3454.5800	4	24.6
180.260	1	3459.3000	3455.6300	4	13.5
180.360	1	3456.5400	3455.6200	4	16.9
180.460	1	3458.6500	3456.3500	4	22.3
180.560	1	3469.2900	3458.3300	3	16.4
180.664	1	3456.6500	3454.0500	4	18.5
180.764	1	3455.9100	3450.7900	4	24.5
180.900	1	3452.6700	3445.0700	3	7.2
180.996	1	3453.5000	3448.0000	4	21.0
181.100	1	3451.3500	3449.8300	4	16.9
181.196	1	3452.4500	3450.8100	3	13.1
181.296	1	3451.4100	3448.6700	4	16.5
181.396	1	3448.4000	3446.4900	4	11.6
181.496	1	3450.3400	3449.2700	4	17.6
181.596	1	3455.6900	3452.7600	4	15.0
181.696	1	3461.0600	3456.7800	4	14.7
181.796	1	3467.1600	3462.0000	4	12.5
181.896	1	3473.8400	3469.0300	4	10.2
181.996	1	3473.7200	3471.2600	4	14.9
182.096	1	3473.3600	3469.4200	4	27.6
182.196	1	3466.9300	3464.7200	4	20.2
182.296	1	3464.8000	3463.3600	4	20.2
182.396	1	3469.3400	3466.5700	4	12.9
182.532	1	3476.4800	3472.5100	4	14.6
182.660	1	3488.5200	3479.5200	4	21.8
182.732	1	3468.6400	3462.0500	4	10.3
182.860	1	3466.9600	3464.2400	4	20.6
182.960	1	3467.8100	3465.6000	4	24.5
183.060	1	3466.3500	3464.8700	4	10.7
183.132	1	3470.1000	3469.0100	3	24.7
183.232	1	3475.1800	3473.0100	4	14.6
183.332	1	3476.8700	3471.9800	4	12.0
183.460	1	3475.2100	3468.8900	4	12.2
183.564	1	3470.8100	3462.8300	4	12.4
183.696	1	3461.8900	3458.0900	4	20.4
183.796	1	3459.9400	3457.0800	4	16.0
183.896	1	3461.0600	3457.9200	4	15.3
183.996	1	3458.4800	3455.1300	4	23.7
184.068	1	3452.3400	3451.1700	3	8.8
184.164	1	3456.3000	3450.7000	4	9.5
184.296	1	3451.2100	3444.1500	3	15.2
184.400	1	3441.0700	3439.5700	4	26.2
184.496	1	3442.5500	3440.2100	4	16.9
184.596	1	3451.6100	3442.1700	4	8.0
184.696	1	3450.7500	3444.2500	4	18.5
184.796	1	3450.9900	3447.2200	4	11.6
184.896	1	3456.7800	3453.8500	4	13.1
184.996	1	3464.7500	3459.5800	4	18.5
185.096	1	3471.6600	3463.1000	4	24.5
185.196	1	3467.1500	3465.8000	4	10.6
185.296	1	3470.0400	3467.9400	7	23.7
185.396	1	3471.4300	3467.9700	9	27.8
185.500	1	3469.3200	3467.2600	5	24.6
185.596	1	3470.2900	3467.4500	6	24.3
185.696	1	3475.3600	3468.1600	4	26.9
185.796	1	3483.1300	3464.8800	8	25.2
185.896	1	3460.6400	3455.0600	4	17.3
185.996	1	3452.3600	3409.7900	4	22.6
186.096	1	3417.9100	3411.1900	4	20.4
186.196	1	3416.2600	3413.0900	5	14.2
186.296	1	3418.5200	3417.0300	4	16.8
186.428	1	3432.1200	3424.7700	4	27.5
186.560	1	3428.4400	3425.6900	4	14.0
186.632	1	3424.0200	3422.2100	3	6.2
186.740	1	3432.8800	3420.9800	4	12.2
186.860	1	3417.7200	3411.3100	4	26.1
186.960	1	3406.5500	3404.0900	4	22.3
187.060	1	3405.7200	3403.8700	4	18.7
187.160	1	3408.6700	3406.7600	4	11.8
187.232	1	3412.3300	3409.3100	4	12.1
187.332	1	3409.2100	3407.7300	4	12.9
187.460	1	3407.5800	3405.6900	4	22.8
187.564	1	3410.7600	3404.8700	4	15.4
187.696	1	3411.7000	3406.2600	3	17.7
187.796	1	3415.0400	3410.3600	4	20.2
187.896	1	3416.9900	3414.3000	4	14.8
187.996	1	3418.3900	3416.7500	4	14.7
188.100	1	3420.2100	3417.7000	4	16.0
188.196	1	3418.5200	3416.9000	4	11.3
188.296	1	3417.4000	3416.3200	4	9.0
188.396	1	3417.6600	3417.0300	4	25.8
188.496	1	3414.9700	3411.7200	4	14.1
188.596	1	3412.5700	3410.7600	4	16.3
188.700	1	3413.6800	3412.7200	4	10.1
188.796	1	3413.8500	3413.1100	4	19.4
188.896	1	3414.4500	3413.0800	4	13.5
188.996	1	3413.9900	3412.8400	4	8.6
189.096	1	3412.9600	3411.0400	4	23.5
189.196	1	3411.2600	3409.0700	4	14.4
189.336	1	3412.2700	3410.3100	3	13.1
189.460	1	3414.2100	3411.2500	4	17.7
189.560	1	3412.6000	3411.5400	4	21.2
189.660	1	3415.2500	3412.9500	4	21.3
189.760	1	3417.7900	3416.3200	4	13.5
189.864	1	3419.7700	3418.7400	4	21.6
189.996	1	3417.9300	3416.2000	4	14.2
190.100	1	3416.4900	3412.3800	4	26.8
190.228	1	3414.7700	3410.6400	4	14.9
190.332	1	3414.8100	3413.3400	4	13.5
190.460	1	3419.9700	3417.9400	4	23.7
190.560	1	3427.2000	3421.3600	4	9.9
190.660	1	3425.8300	3421.7500	4	15.7
190.760	1	3421.9500	3420.4900	4	21.3
190.860	1	3421.9500	3418.1400	4	22.5
190.960	1	3416.8700	3414.2700	4	24.4
191.060	1	3413.0900	3412.0200	4	26.2
191.164	1	3417.4000	3413.9200	4	9.9
191.296	1	3418.2900	3415.5500	3	15.6
191.396	1	3416.8000	3415.7600	4	15.7
191.496	1	3419.4800	3415.5500	4	18.0
191.596	1	3415.8400	3413.0900	4	13.5
191.696	1	3413.8400	3411.3100	4	11.7
191.796	1	3416.4400	3413.1500	4	17.0
191.896	1	3419.8300	3414.8200	4	10.7
191.996	1	3420.0700	3418.4700	4	19.2
192.096	1	3425.5000	3422.8400	4	32.1
192.196	1	3431.2800	3426.5600	4	19.5
192.296	1	3429.9300	3428.8200	4	20.8
192.428	1	3599.8900	3482.0000	7	23.4
192.532	1	3483.1400	3479.0800	7	35.5
192.628	1	3478.2500	3477.1600	5	10.0
192.736	1	3476.7500	3475.6500	5	17.4
192.864	1	3482.8400	3475.9200	5	16.5
192.964	1	3480.1500	3476.6400	4	19.1
193.100	1	3483.9800	3475.7000	5	11.6
193.200	1	3467.2600	3460.7700	4	19.2
193.296	1	3467.4100	3463.3000	4	15.0
193.428	1	3470.6700	3468.1400	4	14.4
193.564	1	3471.4100	3467.7800	4	15.1
193.664	1	3468.0100	3466.4100	4	13.4
193.796	1	3475.3700	3469.4000	4	9.2
193.896	1	3474.7100	3472.2800	4	17.0
193.996	1	3482.8800	3478.6600	4	22.3
194.096	1	3487.2200	3485.5500	4	17.8
194.196	1	3489.8800	3488.5300	4	10.3
194.300	1	3510.1300	3500.3700	4	21.5
194.428	1	3511.3300	3508.5800	4	17.5
194.560	1	3527.4900	3520.5700	4	14.8
194.660	1	3519.6600	3517.0000	4	9.6
194.760	1	3529.9900	3528.6900	4	11.2
194.860	1	3537.8300	3536.6800	4	31.9
194.932	1	3538.3100	3536.9500	3	11.2
195.060	1	3539.5900	3535.8300	4	19.8
195.164	1	3545.3400	3536.4100	4	15.1
195.296	1	3544.7700	3541.5900	4	21.2
195.396	1	3553.5700	3549.5100	4	14.3
195.496	1	3574.8200	3545.6800	7	23.5
195.596	1	3536.7500	3533.0000	4	17.5
195.696	1	3533.6200	3531.9000	4	16.7
195.796	1	3537.7800	3535.7100	4	24.4
195.896	1	3545.6300	3544.1200	4	24.0
196.000	1	3551.7100	3550.9900	4	10.9
196.096	1	3556.5600	3553.2300	3	9.5
196.196	1	3556.1400	3554.3400	4	11.8
196.296	1	3559.4400	3556.8100	4	17.1
196.396	1	3555.9000	3553.6700	4	18.3
196.496	1	3553.4200	3551.9600	4	9.1
196.596	1	3560.4800	3556.6200	4	12.3
196.696	1	3560.1000	3555.4800	4	15.5
196.796	1	3555.3000	3550.4600	4	13.1
196.896	1	3547.6200	3544.9200	4	18.6
197.000	1	3540.2100	3538.9300	4	19.8
197.096	1	3536.9400	3534.1800	4	20.7
197.200	1	3530.7700	3527.7200	4	19.6
197.296	1	3524.3800	3522.6900	4	18.3
197.400	1	3523.0600	3522.1100	4	12.3
197.528	1	3525.4200	3524.3800	4	9.7
197.664	1	3531.8100	3529.7900	4	19.0
197.796	1	3540.7300	3536.3800	4	10.5
197.896	1	3549.6800	3543.9700	4	11.3
197.996	1	3544.1000	3541.2700	4	13.1
198.096	1	3541.8500	3536.0200	4	16.8
198.200	1	3534.4100	3532.1300	4	22.4
198.296	1	3535.6100	3530.0900	4	23.7
198.396	1	3533.6600	3529.1200	4	15.3
198.500	1	3534.3200	3531.9900	4	11.1
198.596	1	3542.2100	3538.4400	4	17.1
198.696	1	3548.3300	3545.3400	4	10.0
198.796	1	3560.5600	3554.5600	4	11.8
198.896	1	3602.3300	3577.5600	6	20.4
199.000	1	3567.9400	3564.0800	4	22.1
199.096	1	3571.0700	3570.1700	4	12.8
199.196	1	3573.7400	3571.8600	4	19.8
199.296	1	3543.7000	3540.7200	4	20.7
199.396	1	3542.2200	3540.5100	4	24.3
199.496	1	3542.1200	3540.0400	4	8.6
199.596	1	3539.2400	3535.3400	4	13.4
199.696	1	3535.2600	3530.6000	4	20.0
199.800	1	3530.4800	3528.1500	4	10.8
199.896	1	3527.6000	3525.5300	4	25.8
199.996	1	3522.5100	3519.9600	4	11.7
200.100	1	3515.5200	3514.1200	4	12.4
200.196	1	3513.0200	3512.2900	4	18.5
200.296	1	3518.2400	3513.7800	4	11.3
200.400	1	3515.7400	3511.3000	4	9.7
200.496	1	3512.4000	3506.9700	4	13.2
200.596	1	3503.7600	3501.2600	4	13.5
200.696	1	3501.8000	3500.5000	3	20.0
200.796	1	3504.6200	3501.1200	4	18.1
200.900	1	3502.7400	3500.9000	4	25.7
200.996	1	3500.7100	3499.1900	4	11.1
201.096	1	3501.4400	3497.1300	5	12.3
201.196	1	3491.7000	3487.5500	4	11.3
201.296	1	3487.8900	3485.9800	4	15.6
201.400	1	3487.0500	3485.4600	4	10.9
201.528	1	3489.1800	3486.8500	4	13.6
201.628	1	3491.6200	3488.7000	4	25.0
201.760	1	3607.2000	3544.5500	5	12.3
201.860	1	3501.5300	3498.8000	4	21.7
201.960	1	3504.1600	3500.4800	4	14.8
202.060	1	3494.4600	3487.3200	4	11.0
202.160	1	3482.0800	3477.9000	4	23.3
202.260	1	3482.0100	3479.2000	4	13.7
202.360	1	3484.7000	3481.1600	3	11.6
202.460	1	3487.5800	3484.0800	4	11.2
202.560	1	3487.9600	3486.0800	4	15.3
202.660	1	3490.6700	3488.5300	4	23.7
202.760	1	3491.5000	3489.4500	4	31.1
202.860	1	3490.3600	3488.6800	4	10.9
202.960	1	3491.9200	3488.1700	4	12.5
203.060	1	3492.3600	3489.2400	4	23.2
203.160	1	3493.3600	3489.8900	4	19.7
203.260	1	3493.1600	3490.8600	4	15.9
203.360	1	3503.7600	3497.7200	4	29.5
203.460	1	3492.7700	3489.3300	4	23.9
203.564	1	3503.5900	3494.3200	4	14.1
203.660	1	3499.9300	3496.3800	4	13.2
203.760	1	3508.9900	3503.2700	4	20.1
203.860	1	3505.7100	3500.1800	4	24.1
203.960	1	3498.7200	3494.2400	4	20.4
204.060	1	3495.0200	3490.0000	4	10.3
204.132	1	3490.8000	3488.2500	3	6.1
204.232	1	3497.7400	3493.9600	4	20.7
204.328	1	3500.3000	3499.2000	4	15.6
204.428	1	3506.7000	3503.1100	4	25.3
204.560	1	3512.1500	3509.3700	4	16.0
204.664	1	3564.2100	3548.6700	4	21.7
204.796	1	3553.8800	3552.1100	3	13.3
204.896	1	3557.0500	3555.7600	4	13.4
204.996	1	3565.2700	3563.4200	4	8.2
205.100	1	3560.2000	3556.7900	4	10.8
205.232	1	3572.0400	3567.1500	4	12.4
205.360	1	3568.9000	3565.7800	3	12.7
205.460	1	3564.0100	3562.9500	4	20.0
205.560	1	3568.0900	3566.7900	4	11.9
205.660	1	3571.4400	3569.6900	4	23.3
205.760	1	3574.6800	3571.1400	3	20.2
205.860	1	3568.4000	3567.2700	4	16.2
205.960	1	3568.2700	3563.6200	4	11.8
206.060	1	3563.8800	3561.5000	4	22.8
206.164	1	3570.2900	3567.4600	4	13.4
206.296	1	3579.2900	3577.4700	4	26.1
206.396	1	3590.5300	3589.8300	4	15.9
206.496	1	3602.7500	3599.8900	4	21.2
206.596	1	3609.1600	3604.9900	4	17.1
206.696	1	3608.4400	3604.8600	4	12.3
206.828	1	3802.2600	3694.9300	6	17.6
206.960	1	3696.8900	3694.0200	4	13.6
207.064	1	3693.8300	3692.7800	4	20.1
207.196	1	3684.9700	3682.8900	4	21.6
207.268	1	3686.8100	3685.7700	3	7.1
207.396	1	3698.6800	3697.1100	3	8.6
207.496	1	3676.4900	3671.7900	4	18.1
207.596	1	3668.7900	3664.2700	4	23.5
207.696	1	3660.6700	3653.3300	5	20.4
207.800	1	3738.1500	3697.5200	5	15.7
207.896	1	3702.4800	3697.8700	4	11.7
207.996	1	3696.8000	3692.6100	4	12.0
208.128	1	3691.8100	3686.9100	4	21.9
208.228	1	3682.8000	3681.2200	4	13.1
208.360	1	3684.2800	3679.6700	5	14.3
208.464	1	3681.1900	3678.1300	4	16.6
208.596	1	3676.8500	3674.3000	4	20.2
208.696	1	3673.0300	3670.7700	4	15.1
208.800	1	3668.5600	3666.6800	4	20.5
208.928	1	3665.6800	3663.3500	4	16.6
209.060	1	3664.7400	3663.3200	4	24.7
209.164	1	3662.8300	3660.7500	4	16.3
209.296	1	3659.6000	3658.4900	3	8.7
209.396	1	3658.6700	3656.2800	4	12.6
209.496	1	3663.3400	3657.8700	4	13.7
209.596	1	3662.2700	3659.7800	4	20.0
209.696	1	3658.8100	3657.1200	4	9.8
209.800	1	3664.6600	3658.0800	4	13.6
209.896	1	3659.1000	3657.1700	4	13.3
209.996	1	3665.6100	3661.9200	4	15.2
210.096	1	3667.8700	3665.9100	4	14.8
210.196	1	3678.4900	3671.2700	4	20.0
210.296	1	3679.0900	3677.1800	4	17.5
210.396	1	3683.7100	3682.3400	3	9.2
210.496	1	3685.2100	3683.6400	4	11.4
210.628	1	3684.0100	3680.8000	4	10.0
210.760	1	3679.5400	3677.3200	4	12.3
210.860	1	3680.3100	3678.8000	4	15.5
210.960	1	3680.7500	3677.7000	4	14.3
211.032	1	3677.1900	3675.2100	3	7.0
211.160	1	3690.9800	3682.7500	4	27.3
211.260	1	3689.0200	3686.1200	4	22.4
211.360	1	3686.0100	3684.3700	4	12.4
211.460	1	3679.2900	3678.0400	4	21.1
211.564	1	3673.2600	3671.3500	4	9.9
211.696	1	3671.3100	3666.7200	4	9.5
211.828	1	3664.8600	3663.4900	4	16.6
211.960	1	3752.1100	3658.6100	5	20.9
212.060	1	3655.3500	3649.3700	4	20.3
212.164	1	3650.9600	3647.8100	4	9.3
212.296	1	3658.0100	3648.8200	4	16.4
212.396	1	3651.2000	3645.9600	4	17.4
212.496	1	3649.0900	3646.9100	4	26.1
212.596	1	3650.6100	3648.7800	4	16.3
212.696	1	3652.2500	3648.9800	4	9.9
212.796	1	3650.3900	3646.8300	4	19.1
212.896	1	3647.9700	3646.1500	4	19.3
212.996	1	3649.1500	3647.2500	4	18.7
213.096	1	3648.2800	3647.2100	4	15.8
213.196	1	3648.5700	3647.4000	4	17.5
213.296	1	3657.5600	3650.1300	4	24.0
213.396	1	3649.9300	3647.7200	4	19.1
213.496	1	3649.6400	3647.7200	4	11.3
213.596	1	3653.1200	3649.7700	4	17.1
213.696	1	3652.8300	3650.6100	4	23.2
213.796	1	3650.4600	3648.7500	4	10.2
213.900	1	3649.2300	3644.8600	4	13.4
214.028	1	3646.4500	3642.7000	4	22.2
214.160	1	3646.8800	3643.7800	4	22.0
214.260	1	3649.0300	3647.5500	4	25.7
214.360	1	3650.4300	3649.3600	4	23.7
214.464	1	3651.4500	3650.7500	4	25.9
214.596	1	3655.8200	3653.2500	4	10.1
214.696	1	3654.5900	3653.3400	4	14.0
214.800	1	3656.5800	3654.5800	4	9.7
214.896	1	3659.5000	3657.6800	4	21.0
214.996	1	3659.4000	3657.6900	4	19.4
215.132	1	3660.6500	3657.5400	4	15.6
215.260	1	3661.3300	3659.2600	4	12.6
215.360	1	3665.3100	3664.1100	4	21.7
215.460	1	3785.0400	3772.5300	5	26.4
215.560	1	3701.9100	3699.0400	4	17.9
215.660	1	3702.1700	3700.6100	4	18.7
215.732	1	3701.4000	3699.2400	3	6.9
215.832	1	3702.3400	3700.8200	4	11.3
215.960	1	3707.7300	3703.7500	3	13.5
216.060	1	3704.9800	3703.9100	3	19.2
216.160	1	3702.4900	3701.6600	3	20.7
216.260	1	3706.3500	3703.6000	3	20.2
216.360	1	3707.7400	3705.4500	4	12.8
216.460	1	3738.1400	3735.9100	3	8.9
216.532	1	3705.9500	3704.8500	3	7.2
216.660	1	3705.3500	3704.5100	3	13.4
216.760	1	3713.9400	3706.8500	4	13.9
216.832	1	3708.9200	3706.8400	3	10.4
216.936	1	3713.3400	3710.4800	4	13.8
217.060	1	3669.1900	3666.5400	4	21.9
217.160	1	3667.7900	3667.2900	3	17.8
217.260	1	3669.6900	3668.1800	4	9.9
217.360	1	3668.2300	3667.5600	3	20.7
217.460	1	3672.4600	3669.2300	4	19.0
217.564	1	3670.9900	3669.0400	3	9.2
217.696	1	3676.4800	3671.6000	3	18.9
217.768	1	3656.0600	3653.2400	3	9.8
217.896	1	3654.6500	3652.3300	3	10.9
217.996	1	3654.6700	3652.1900	3	14.7
218.096	1	3656.0700	3652.8700	3	13.1
218.196	1	3662.9400	3656.6500	4	10.1
218.328	1	3668.6900	3661.1400	4	13.3
218.460	1	3815.0900	3776.0100	5	23.1
218.560	1	3673.3900	3668.1200	4	12.4
218.660	1	3673.9900	3673.2200	3	14.1
218.760	1	3684.4600	3681.2900	4	21.1
218.860	1	3692.5300	3689.0200	4	13.1
218.960	1	3705.0200	3699.5100	4	12.4
219.060	1	3681.0800	3678.1300	4	20.5
219.160	1	3666.3100	3664.7200	4	20.5
219.260	1	3663.9100	3662.5800	4	13.8
219.360	1	3662.6200	3661.4900	4	15.2
219.460	1	3659.7400	3658.9700	4	15.8
219.560	1	3660.7800	3658.5200	4	18.1
219.632	1	3775.4800	3689.7500	5	20.7
219.760	1	3633.3700	3632.1200	4	17.4
219.860	1	3634.2500	3632.8700	4	32.5
219.960	1	3639.7800	3637.0900	4	23.2
220.060	1	3651.6000	3644.4200	4	16.7
220.132	1	3652.4200	3647.1000	4	8.3
220.232	1	3653.4900	3651.7200	5	17.0
220.332	1	3657.5900	3656.2600	4	10.6
220.460	1	3659.6900	3658.5400	4	10.9
220.560	1	3648.3700	3643.0500	4	15.9
220.660	1	3641.8800	3638.5500	4	12.5
220.760	1	3642.3900	3637.5500	4	14.1
220.860	1	3644.3200	3636.2700	4	19.3
220.960	1	3603.7300	3598.6700	4	10.3
221.060	1	3601.7000	3597.1400	4	22.3
221.132	1	3598.6100	3595.4700	3	7.2
221.264	1	3596.8400	3594.0300	3	7.6
221.360	1	3602.6100	3598.4500	4	17.0
221.432	1	3601.2000	3599.6300	3	6.6
221.564	1	3601.2700	3598.8600	3	18.0
221.696	1	3598.5700	3596.6200	4	15.5
221.828	1	3595.2000	3594.3100	3	10.0
221.964	1	3594.3400	3591.9700	4	19.2
222.064	1	3593.2500	3590.5800	4	9.4
222.196	1	3597.1000	3592.1400	4	18.7
222.296	1	3598.0100	3592.7800	4	10.5
222.396	1	3598.4400	3595.7800	4	14.6
222.496	1	3600.7400	3598.1200	4	13.5
222.596	1	3604.9900	3600.6200	4	9.3
222.696	1	3606.1100	3603.3700	4	19.1
222.796	1	3609.9200	3605.8600	4	15.9
222.896	1	3610.3600	3607.6300	4	11.7
222.996	1	3609.9700	3606.3900	4	9.4
223.096	1	3602.4700	3600.3600	4	14.3
223.200	1	3600.5200	3598.7200	4	8.0
223.328	1	3565.3100	3526.2700	9	19.8
223.432	1	3537.3600	3529.5900	4	15.0
223.560	1	3534.0200	3532.4400	4	12.8
223.660	1	3537.8200	3535.2000	4	26.4
223.760	1	3537.4700	3535.7000	4	15.8
223.860	1	3543.5800	3535.7800	5	12.3
223.960	1	3534.9400	3532.1300	5	13.2
224.060	1	3535.2200	3533.2800	4	24.9
224.160	1	3534.7500	3533.1600	4	19.4
224.260	1	3534.2100	3532.1600	4	19.7
224.360	1	3541.7400	3532.9400	4	20.3
224.460	1	3535.6200	3532.4300	4	19.8
224.532	1	3525.0900	3522.8200	3	10.1
224.660	1	3528.2400	3525.5600	4	18.3
224.760	1	3529.7600	3527.5200	4	23.2
224.832	1	3528.7900	3527.4100	3	13.9
224.960	1	3535.9900	3531.1100	4	9.6
225.060	1	3537.3900	3532.7100	4	26.4
225.136	1	3532.9300	3531.5200	3	11.2
225.232	1	3538.4300	3534.5600	4	12.5
225.360	1	3540.1100	3533.8400	4	27.7
225.460	1	3532.4000	3530.7700	4	10.3
225.560	1	3531.8700	3530.4600	4	10.8
225.660	1	3536.4800	3531.4500	4	21.0
225.760	1	3537.0200	3530.0300	4	23.6
225.860	1	3530.7800	3526.0800	4	16.0
225.960	1	3534.1000	3526.4100	4	16.8
226.060	1	3528.2400	3525.8700	4	18.6
226.132	1	3530.1000	3528.1900	4	21.0
226.260	1	3529.4100	3526.2300	4	14.0
226.360	1	3527.8000	3525.6500	4	18.3
226.460	1	3529.5000	3527.6800	4	28.0
226.564	1	3531.2100	3528.8400	4	25.0
226.696	1	3535.9800	3530.5600	4	9.7
226.796	1	3536.1200	3534.3600	5	20.6
226.900	1	3526.6200	3524.3900	4	13.2
226.996	1	3530.6900	3527.2200	5	20.9
227.096	1	3533.8000	3531.6200	4	15.2
227.196	1	3539.0600	3536.1700	4	19.6
227.296	1	3547.9100	3542.6500	6	20.2
227.396	1	3802.4900	3563.8400	5	22.0
227.496	1	3554.5000	3551.7200	4	16.9
227.596	1	3550.6100	3545.4300	4	22.0
227.696	1	3549.2200	3547.1000	4	12.0
227.796	1	3549.7300	3547.5800	4	12.1
227.896	1	3547.5500	3546.6000	4	25.2
228.000	1	3550.3200	3548.6700	4	10.4
228.096	1	3549.8100	3549.1300	4	20.3
228.196	1	3548.5200	3547.7100	4	9.0
228.296	1	3548.9100	3546.2700	4	20.2
228.396	1	3552.4800	3550.3800	4	18.0
228.496	1	3557.9400	3556.0500	4	11.3
228.568	1	3545.0100	3544.3000	3	14.8
228.696	1	3543.5800	3542.4400	4	22.8
228.796	1	3542.9100	3539.3800	4	20.0
228.896	1	3537.1700	3535.7100	4	11.2
228.996	1	3536.0800	3533.6000	4	24.6
229.096	1	3534.1400	3529.3900	4	18.5
229.196	1	3531.0800	3525.1400	4	15.5
229.296	1	3523.8500	3521.1500	4	21.4
229.396	1	3520.7400	3518.6800	4	10.4
229.496	1	3519.7000	3515.4600	4	16.0
229.596	1	3516.8600	3514.0200	4	8.2
229.696	1	3517.6000	3515.9800	4	24.4
229.796	1	3525.4200	3521.0000	4	9.6
229.900	1	3530.3100	3524.4100	4	11.0
229.996	1	3530.1300	3527.6100	4	11.2
230.096	1	3532.0600	3529.7200	4	17.4
230.196	1	3526.2000	3524.8600	4	11.3
230.296	1	3521.9900	3520.8100	4	18.8
230.400	1	3527.7400	3521.1500	5	13.4
230.500	1	3520.8800	3517.7600	4	13.9
230.596	1	3517.5200	3514.4000	4	9.5
230.696	1	3516.9300	3514.8800	4	26.8
230.768	1	3518.3400	3516.7900	4	9.6
230.896	1	3531.8700	3521.5500	4	17.2
230.996	1	3529.3800	3524.3800	6	25.0
231.096	1	3529.2500	3525.7900	6	25.6
231.196	1	3528.3100	3526.1500	4	10.3
231.296	1	3726.0400	3604.8700	5	10.9
231.396	1	3575.0600	3572.6300	4	19.6
231.496	1	3577.6600	3575.0100	4	12.6
231.600	1	3580.4900	3576.7100	4	24.7
231.672	1	3573.4100	3571.8900	3	8.1
231.796	1	3578.8000	3570.2800	4	18.0
231.896	1	3569.2900	3565.2800	4	20.4
231.972	1	3588.3600	3587.0500	3	10.5
232.100	1	3566.7100	3559.9600	3	14.0
232.200	1	3560.4600	3557.9000	4	13.4
232.296	1	3559.2600	3557.8100	4	21.4
232.396	1	3564.5600	3560.6800	4	10.5
232.496	1	3562.1200	3560.7800	4	15.3
232.632	1	3566.1100	3564.1900	3	6.3
232.732	1	3569.9700	3568.4400	4	14.8
232.868	1	3576.4100	3568.5900	4	9.2
232.996	1	3569.1200	3566.4300	4	18.5
233.096	1	3573.8400	3570.8000	4	12.0
233.196	1	3574.9800	3573.3400	4	17.0
233.296	1	3580.1600	3577.6900	4	22.1
233.396	1	3584.7000	3580.9400	4	11.3
233.496	1	3582.3900	3580.1800	4	16.2
233.596	1	3592.0300	3581.6000	4	13.7
233.696	1	3671.1100	3644.9600	4	11.6
233.796	1	3607.5700	3603.4400	4	14.7
233.928	1	3624.9400	3613.2800	4	14.7
234.064	1	3622.6200	3619.2700	4	18.7
234.196	1	3624.7900	3622.5000	4	18.6
234.296	1	3629.8200	3628.8300	4	10.8
234.396	1	3643.8600	3636.6300	4	15.1
234.496	1	3635.8000	3634.1400	4	9.7
234.596	1	3632.5200	3631.8600	4	11.5
234.728	1	3640.0800	3634.9300	4	16.0
234.864	1	3653.4200	3643.2200	5	23.6
234.996	1	3658.2900	3648.6100	6	13.7
235.096	1	3657.9300	3654.9300	5	15.4
235.196	1	3655.9800	3652.8000	5	12.5
235.296	1	3648.1100	3645.5600	4	12.6
235.396	1	3641.9000	3635.0300	4	7.9
235.496	1	3686.0700	3640.1500	6	19.5
235.596	1	3646.7000	3637.7500	4	12.5
235.696	1	3641.1900	3635.3700	4	11.9
235.796	1	3636.6000	3635.9500	4	17.9
235.896	1	3644.2200	3640.1200	4	14.1
235.996	1	3648.4800	3645.1100	4	11.4
236.096	1	3651.7000	3649.8800	5	23.4
236.200	1	3655.9100	3652.8200	4	21.9
236.296	1	3649.7300	3646.9300	4	16.7
236.396	1	3659.7700	3656.3000	4	10.3
236.528	1	3663.4400	3661.2100	4	23.0
236.660	1	3667.2600	3663.3800	4	19.6
236.760	1	3665.6200	3663.9400	4	18.3
236.860	1	3674.7000	3670.9300	4	16.3
236.960	1	3674.9100	3672.1800	4	17.5
237.060	1	3666.8900	3665.5700	4	22.8
237.160	1	3657.7700	3656.4800	4	19.2
237.260	1	3651.2900	3650.7900	4	21.6
237.360	1	3649.8400	3648.8600	4	18.3
237.460	1	3648.4800	3647.6500	5	18.7
237.564	1	3651.0400	3650.1100	4	13.6
237.696	1	3656.6500	3655.5400	4	11.5
237.796	1	3657.7200	3656.2700	4	8.3
237.896	1	3659.0800	3655.5700	4	17.9
237.996	1	3659.0200	3657.5000	4	14.3
238.096	1	3660.7500	3658.4400	4	14.5
238.196	1	3654.9200	3652.1800	4	23.4
238.296	1	3606.4400	3556.3600	5	17.5
238.396	1	3558.9400	3556.7400	4	11.0
238.500	1	3574.6900	3566.8400	4	19.1
238.596	1	3575.7200	3571.8700	4	21.5
238.696	1	3582.9800	3578.6500	4	12.8
238.796	1	3587.1900	3585.9400	4	16.3
238.896	1	3597.2600	3592.5500	4	13.2
239.000	1	3597.5500	3592.0700	4	15.5
239.096	1	3592.3800	3586.8300	4	17.1
239.228	1	3587.8400	3584.7700	4	9.4
239.360	1	3561.6900	3558.0800	4	19.0
239.460	1	3569.7800	3566.8600	4	12.6
239.560	1	3581.0300	3576.4800	4	21.6
239.664	1	3571.3800	3509.4100	5	19.1
239.796	1	3509.9500	3505.5000	4	19.2
239.896	1	3508.4600	3505.0500	4	16.7
239.996	1	3508.4300	3505.3600	4	14.3
240.096	1	3505.9600	3504.0100	4	13.6
240.196	1	3502.7800	3500.4900	4	13.4
240.296	1	3508.9600	3502.6500	4	17.7
240.396	1	3506.8700	3502.9900	5	13.7
240.496	1	3504.5800	3503.7700	4	20.7
240.572	1	3504.4000	3502.4500	3	12.5
240.696	1	3503.2700	3501.7900	4	15.4
240.796	1	3503.6800	3501.6400	4	12.4
240.896	1	3504.8000	3501.6900	4	15.6
241.000	1	3504.3300	3501.9300	4	17.4
241.096	1	3502.4000	3501.5500	4	21.6
241.196	1	3501.6000	3500.2000	4	22.4
241.296	1	3503.9600	3498.2900	4	20.4
241.396	1	3500.6700	3493.9100	4	21.6
241.500	1	3504.0800	3492.1000	4	17.4
241.596	1	3493.6200	3487.6500	4	18.0
241.696	1	3488.8800	3486.9700	4	19.8
241.796	1	3497.8700	3490.9300	4	15.4
241.928	1	3498.1300	3492.5100	4	12.4
242.060	1	3495.1000	3492.6500	3	19.5
242.160	1	3493.2900	3491.1300	4	25.7
242.264	1	3497.5300	3490.2700	4	18.3
242.396	1	3489.2500	3486.5500	4	11.7
242.496	1	3488.4400	3486.1400	4	19.0
242.600	1	3529.8000	3493.1300	6	23.4
242.696	1	3479.3200	3478.1200	4	13.2
242.796	1	3482.8000	3481.5600	4	9.0
242.896	1	3489.1600	3485.6400	4	22.2
242.996	1	3486.0300	3484.7100	4	12.4
243.096	1	3485.8800	3483.6200	4	14.8
243.196	1	3492.1700	3486.3500	4	16.1
243.296	1	3491.1700	3489.4900	4	30.9
243.396	1	3494.8600	3493.1000	4	17.1
243.496	1	3496.2700	3495.0500	4	21.2
243.600	1	3497.8200	3497.2300	4	14.6
243.696	1	3501.6700	3500.8300	4	12.6
243.796	1	3508.2400	3507.2300	4	18.0
243.928	1	3507.0400	3505.9900	3	10.5
244.028	1	3502.2200	3501.4900	4	13.1
244.160	1	3504.8500	3504.1200	4	23.6
244.260	1	3516.3800	3514.1000	4	14.7
244.364	1	3528.3200	3522.6600	4	13.0
244.500	1	3524.5300	3521.5700	4	13.1
244.596	1	3726.9300	3583.2100	6	35.1
244.696	1	3580.6900	3578.6600	4	10.1
244.796	1	3584.1300	3581.6500	4	9.3
244.896	1	3585.4800	3583.8700	4	27.5
244.996	1	3592.6300	3587.7900	4	23.7
245.096	1	3588.7000	3587.1600	4	18.6
245.196	1	3592.4200	3591.5500	4	22.7
245.296	1	3602.9100	3596.3200	4	27.0
245.396	1	3597.0300	3592.0200	4	16.3
245.496	1	3590.6300	3589.2900	4	20.5
245.596	1	3598.2300	3596.7900	4	13.3
245.700	1	3609.8500	3606.7900	4	29.7
245.800	1	3619.7900	3618.7000	4	22.0
245.896	1	3627.8500	3625.8500	4	11.7
246.028	1	3627.6400	3624.3700	4	14.7
246.160	1	3619.8300	3618.2100	4	27.1
246.260	1	3615.9700	3614.7700	3	20.3
246.360	1	3627.6400	3626.6700	3	13.3
246.432	1	3647.4200	3645.8100	4	17.6
246.564	1	3641.6200	3638.3700	4	20.0
246.696	1	3648.0100	3645.0400	3	16.6
246.796	1	3653.5800	3650.5900	4	15.5
246.896	1	3660.9100	3659.5600	3	9.0
246.996	1	3666.7800	3665.8500	3	9.1
247.096	1	3670.7800	3669.8600	4	28.0
247.196	1	3674.8300	3674.1100	4	19.4
247.296	1	3676.6200	3667.4500	4	12.4
247.396	1	3646.6300	3641.3300	4	10.3
247.496	1	3627.2800	3625.1400	4	18.1
247.628	1	3622.2800	3619.2700	4	14.0
247.760	1	3623.0200	3616.9200	4	22.0
247.860	1	3629.3500	3623.4900	4	14.6
247.960	1	3633.6700	3631.0800	4	12.2
248.064	1	3638.0700	3634.7300	4	9.6
248.196	1	3642.1700	3632.4900	4	19.1
248.296	1	3624.7400	3621.1900	4	16.4
248.396	1	3634.9400	3628.5000	4	10.9
248.528	1	3653.5800	3643.8400	4	24.2
248.660	1	3660.2100	3657.6500	4	20.0
248.732	1	3660.7800	3657.5400	3	11.3
248.864	1	3651.2900	3646.7700	4	8.9
248.996	1	3649.8700	3640.0300	4	19.8
249.096	1	3643.6700	3640.9600	4	11.6
249.196	1	3644.5300	3641.3700	4	14.4
249.296	1	3639.6500	3636.6300	4	12.4
249.396	1	3638.9600	3635.0400	4	14.0
249.500	1	3642.1900	3639.8100	4	18.5
249.596	1	3642.5500	3639.9000	4	21.7
249.696	1	3640.4300	3638.1100	4	10.7
249.796	1	3640.9300	3638.7400	4	23.0
249.900	1	3649.7400	3642.5200	4	9.4
249.996	1	3752.9400	3619.1700	9	29.2
250.096	1	3587.2600	3584.8700	4	21.1
250.200	1	3594.2300	3588.9400	5	17.7
250.296	1	3588.9300	3586.1900	5	19.8
250.428	1	3588.2700	3583.5400	4	12.0
250.564	1	3584.8700	3581.2100	4	13.6
250.696	1	3584.8600	3583.5600	4	20.0
250.796	1	3590.6600	3588.1300	4	16.1
250.896	1	3598.7900	3594.2600	4	24.6
250.968	1	3607.2100	3605.6500	4	9.1
251.096	1	3620.4000	3617.5300	4	21.1
251.196	1	3626.9000	3625.0300	4	20.2
251.296	1	3638.8200	3636.9600	4	24.1
251.396	1	3628.3100	3625.1700	4	18.2
251.496	1	3585.5200	3578.1400	4	27.3
251.596	1	3575.4400	3572.0800	4	24.6
251.700	1	3569.4700	3567.3200	4	16.3
251.796	1	3571.4700	3565.4000	4	15.7
251.896	1	3572.3200	3565.4000	4	23.0
251.996	1	3564.4100	3562.6700	4	12.7
252.096	1	3559.3500	3558.0600	4	11.8
252.196	1	3616.1400	3603.1700	6	23.1
252.300	1	3601.4100	3600.9500	4	24.6
252.372	1	3602.6900	3600.8900	3	6.6
252.500	1	3617.1700	3605.5800	4	22.4
252.596	1	3611.0300	3609.1100	4	13.0
252.696	1	3618.3900	3616.8400	5	24.2
252.796	1	3625.0800	3622.8800	5	23.2
252.900	1	3623.6200	3619.6900	4	13.3
253.000	1	3613.2000	3611.4300	4	20.0
253.096	1	3609.2400	3607.4400	4	13.4
253.196	1	3615.1200	3607.8300	4	14.3
253.328	1	3613.8100	3607.8400	3	11.6
253.460	1	3609.9800	3608.3800	3	14.7
253.560	1	3616.7300	3613.7600	4	24.1
253.660	1	3620.8700	3616.9400	4	28.8
253.732	1	3620.3300	3615.3100	4	30.4
253.860	1	3622.1400	3614.6400	4	25.4
253.960	1	3616.4100	3611.6900	4	10.7
254.032	1	3613.8800	3610.3000	4	12.7
254.164	1	3616.6400	3611.6200	4	14.2
254.296	1	3612.5500	3611.2200	4	15.0
254.396	1	3610.2100	3609.0800	4	26.3
254.496	1	3614.1800	3609.9500	4	20.8
254.596	1	3616.4500	3613.3500	4	9.0
254.728	1	3627.2700	3621.3800	4	10.2
254.832	1	3631.9700	3628.8000	5	13.4
254.960	1	3638.3800	3635.9600	4	12.9
255.060	1	3647.5200	3645.1100	4	18.0
255.160	1	3646.9600	3645.6900	4	14.8
255.260	1	3644.5000	3643.7800	4	20.5
255.360	1	3651.2900	3649.6000	4	10.6
255.460	1	3661.0600	3653.9900	5	29.7
255.560	1	3656.2100	3653.2300	4	10.8
255.660	1	3669.3600	3659.3200	5	29.2
255.760	1	3658.0300	3655.5000	4	16.1
255.860	1	3653.6800	3648.4000	4	25.2
255.960	1	3641.3900	3637.7800	4	21.4
256.060	1	3635.6100	3629.2900	4	20.6
256.160	1	3622.1600	3619.4600	4	15.4
256.260	1	3615.2200	3612.7600	4	18.4
256.332	1	3613.1300	3610.7100	4	13.8
256.464	1	3623.9800	3609.2800	4	21.3
256.596	1	3616.5800	3604.3900	4	13.1
256.696	1	3605.7300	3601.5600	3	11.6
256.828	1	3612.5300	3602.9100	4	22.9
256.960	1	3607.2700	3604.6200	4	16.9
257.060	1	3608.9700	3606.8600	4	14.4
257.160	1	3612.9500	3610.9400	4	22.2
257.260	1	3617.5900	3615.0900	4	20.2
257.360	1	3621.8800	3618.1100	4	16.9
257.460	1	3620.5900	3618.5200	4	19.0
257.560	1	3617.7600	3615.9000	4	20.8
257.660	1	3619.5700	3615.7300	4	31.1
257.736	1	3622.5300	3616.2700	3	9.2
257.836	1	3640.4200	3590.9100	7	20.8
257.932	1	3589.6800	3588.8900	3	16.8
258.064	1	3592.7300	3587.6300	4	12.7
258.160	1	3585.1600	3583.9100	4	11.7
258.260	1	3584.8900	3583.9200	4	13.3
258.332	1	3584.7700	3584.0900	3	14.3
258.460	1	3588.4200	3586.1600	4	9.5
258.560	1	3590.5600	3588.1300	4	24.0
258.660	1	3587.3400	3585.2300	4	9.6
258.760	1	3583.9500	3580.1700	4	15.3
258.860	1	3583.7100	3579.2700	4	19.6
258.960	1	3585.3500	3580.1600	4	21.4
259.060	1	3581.0000	3578.5000	4	11.5
259.160	1	3578.1700	3577.3300	4	12.2
259.260	1	3580.5000	3577.2000	4	15.4
259.360	1	3579.3400	3577.6700	4	13.2
259.460	1	3584.7400	3581.4400	4	20.8
259.560	1	3577.2700	3572.6800	5	13.3
259.660	1	3561.1500	3558.7600	5	18.6
259.760	1	3563.8600	3560.6100	4	18.4
259.860	1	3561.8400	3560.2400	4	20.5
259.932	1	3562.9000	3560.1800	4	10.1
260.060	1	3563.3000	3560.0200	4	17.8
260.160	1	3563.8900	3560.3300	4	16.6
260.260	1	3561.7000	3560.2600	4	38.9
260.360	1	3562.6800	3560.6200	4	20.5
260.464	1	3563.6000	3560.9300	4	9.2
260.564	1	3565.0100	3563.6000	4	16.5
260.696	1	3572.5500	3565.8900	4	10.4
260.796	1	3565.4100	3563.7000	4	12.7
260.896	1	3576.0000	3568.1900	4	24.4
260.968	1	3574.3700	3570.0600	4	9.5
261.096	1	3574.6600	3572.0800	4	12.1
261.196	1	3575.3400	3570.8800	4	15.3
261.296	1	3571.2700	3569.1500	4	17.4
261.396	1	3568.7400	3565.8800	4	19.0
261.496	1	3564.7900	3560.9100	4	17.9
261.596	1	3564.5500	3559.5900	4	17.2
261.696	1	3561.7700	3557.8700	4	24.0
261.796	1	3559.9600	3557.2200	4	12.0
261.896	1	3564.7200	3559.6700	4	18.5
261.996	1	3564.6600	3562.3400	4	28.3
262.096	1	3564.6000	3561.2700	4	17.3
262.228	1	3567.5400	3562.0700	4	13.6
262.360	1	3566.2000	3563.5100	4	11.1
262.460	1	3565.6400	3563.9800	4	14.4
262.560	1	3574.3700	3566.5700	4	25.4
262.660	1	3567.8500	3565.1000	4	18.6
262.764	1	3572.7400	3566.4500	4	18.7
262.896	1	3570.9700	3566.4300	4	8.5
262.996	1	3574.4400	3566.8100	4	11.4
263.096	1	3576.5800	3569.8100	4	13.3
263.196	1	3574.0000	3571.2100	4	15.4
263.328	1	3582.2900	3573.3600	4	13.8
263.460	1	3577.6100	3573.9800	4	19.2
263.532	1	3575.2800	3573.8100	3	6.8
263.660	1	3580.5300	3572.8600	4	15.0
263.760	1	3571.3000	3569.8500	4	18.2
263.860	1	3574.0500	3570.3000	4	13.8
263.960	1	3571.9800	3569.5500	4	19.8
264.060	1	3572.6700	3571.5800	5	16.8
264.132	1	3573.5900	3571.6600	4	10.4
264.260	1	3573.3000	3570.4100	4	16.4
264.360	1	3573.3300	3571.9100	5	16.0
264.460	1	3578.7600	3574.3100	5	25.2
264.560	1	3575.1500	3574.0400	4	20.2
264.660	1	3563.1500	3561.6200	4	21.5
264.760	1	3563.3800	3562.1000	4	19.8
264.860	1	3563.3900	3561.1400	4	22.3
264.960	1	3562.4700	3561.4700	4	16.5
265.060	1	3564.2800	3560.9800	4	21.7
265.160	1	3564.4300	3559.7100	4	17.3
265.264	1	3562.6800	3560.2600	4	10.9
265.396	1	3558.9800	3557.7700	4	16.1
265.496	1	3557.6800	3554.4100	4	11.2
265.596	1	3826.2400	3607.2400	6	28.0
265.696	1	3592.2000	3586.9400	4	19.7
265.800	1	3589.1500	3585.3500	4	15.3
265.896	1	3585.8400	3585.2000	4	11.7
265.996	1	3586.8400	3586.4700	4	11.3
266.096	1	3588.5400	3587.7300	3	18.6
266.196	1	3591.9200	3588.8600	4	17.4
266.296	1	3587.7800	3586.4800	4	22.8
266.396	1	3588.4800	3586.1600	4	21.4
266.496	1	3593.5200	3588.0600	4	15.5
266.596	1	3589.2500	3587.0500	4	14.5
266.696	1	3590.5100	3587.6300	4	21.1
266.796	1	3589.1800	3586.9600	3	15.3
266.896	1	3588.9500	3586.7800	4	11.1
266.996	1	3589.6400	3588.0900	4	26.7
267.096	1	3590.4400	3589.1900	4	20.4
267.196	1	3592.5600	3591.6200	4	16.7
267.296	1	3594.9300	3592.2600	4	11.2
267.396	1	3590.4200	3588.8200	4	18.7
267.496	1	3595.0400	3590.8800	4	13.6
267.596	1	3594.7600	3590.2000	4	10.7
267.700	1	3594.3400	3589.5800	4	10.1
267.796	1	3592.7400	3587.9800	4	10.0
267.900	1	3589.7800	3586.8100	4	8.2
267.996	1	3588.1900	3586.3300	4	20.1
268.068	1	3593.6900	3589.0100	3	7.1
268.196	1	3597.0100	3589.4200	4	10.3
268.296	1	3591.0500	3588.7700	4	14.4
268.428	1	3596.7800	3590.6800	4	17.9
268.560	1	3595.0400	3592.3000	4	8.2
268.660	1	3598.3100	3595.6800	4	8.7
268.760	1	3974.4100	3724.0900	8	17.5
268.832	1	3712.3400	3710.9000	3	6.6
268.960	1	3715.5700	3713.2500	4	11.3
269.060	1	3707.5900	3705.7100	4	8.5
269.160	1	3707.9500	3705.1500	3	13.8
269.260	1	3704.9500	3701.3900	3	14.1
269.332	1	3705.3500	3701.9900	4	12.7
269.460	1	3707.6200	3702.9800	4	15.7
269.532	1	3702.1000	3700.4600	3	12.3
269.660	1	3703.9300	3699.5500	3	18.4
269.760	1	3696.1000	3691.0500	3	17.8
269.860	1	3689.7200	3686.9200	3	15.1
269.964	1	3701.1900	3690.4100	4	12.4
270.096	1	3705.7900	3695.4800	4	12.7
270.196	1	3704.6600	3700.6100	4	10.0
270.328	1	3708.0800	3702.3700	4	18.2
270.460	1	3717.5200	3709.8700	4	20.1
270.560	1	3721.5700	3716.7000	4	23.3
270.660	1	3734.9400	3725.1500	4	17.0
270.760	1	3735.9900	3732.6700	4	20.0
270.860	1	3889.4600	3839.2000	5	13.8
270.960	1	3778.2700	3774.8700	4	15.0
271.060	1	3780.0200	3776.2200	4	25.0
271.160	1	3775.0400	3773.9700	3	13.5
271.260	1	3768.9400	3767.3900	3	21.2
271.360	1	3764.7600	3764.1300	3	10.2
271.460	1	3769.9300	3766.8200	4	30.1
271.560	1	3769.4000	3767.9200	4	23.3
271.660	1	3771.5500	3769.8200	4	22.6
271.760	1	3784.4900	3773.4600	4	12.9
271.860	1	3774.4200	3770.0400	3	11.7
271.960	1	3771.5100	3769.6000	4	27.3
272.060	1	3773.9200	3772.4500	4	15.7
272.160	1	3727.2500	3645.1200	5	29.1
272.264	1	3648.3300	3647.3600	3	17.9
272.360	1	3642.0600	3640.7800	3	14.1
272.460	1	3645.5800	3644.6900	3	18.7
272.532	1	3643.9500	3643.3800	3	11.4
272.660	1	3660.7500	3649.1900	4	20.7
272.764	1	3650.2400	3648.4100	4	21.6
272.896	1	3643.8100	3643.0200	3	17.0
272.996	1	3641.4100	3640.5200	4	21.1
273.096	1	3639.5600	3638.8600	3	9.3
273.196	1	3637.1500	3636.1200	4	10.4
273.296	1	3633.8300	3631.9300	4	14.8
273.428	1	3631.1800	3629.3900	3	20.0
273.560	1	3642.0600	3634.2000	3	9.5
273.660	1	3641.9200	3638.2200	3	24.8
273.740	1	3642.9500	3641.6800	3	7.1
273.860	1	3651.4700	3646.9800	4	22.7
273.960	1	3657.2800	3652.1900	4	20.7
274.060	1	3638.9800	3634.2900	4	27.8
274.132	1	3634.8100	3630.0200	3	14.2
274.260	1	3627.6700	3625.1900	4	13.0
274.360	1	3624.7200	3623.3200	4	23.2
274.432	1	3623.0200	3622.0300	3	7.6
274.532	1	3625.6600	3623.4200	3	10.1
274.660	1	3632.1300	3629.4800	3	14.2
274.760	1	3641.3600	3635.7500	4	22.1
274.864	1	3641.8000	3636.3800	4	17.0
274.996	1	3642.2600	3640.2000	3	25.8
275.096	1	3652.2400	3647.5500	4	20.3
275.196	1	3656.0100	3652.7500	4	18.8
275.296	1	3666.9800	3661.1600	4	16.2
275.396	1	3805.4000	3757.1900	6	19.5
275.496	1	3694.0000	3690.3400	5	21.5
275.596	1	3671.3400	3669.1100	4	9.4
275.696	1	3664.3100	3663.7800	4	23.8
275.796	1	3656.7600	3655.0600	4	13.5
275.900	1	3656.6900	3652.1900	4	13.3
275.996	1	3657.0300	3652.8800	4	21.5
276.096	1	3657.6900	3654.3900	4	23.9
276.196	1	3659.1900	3656.2400	4	14.5
276.296	1	3658.7000	3657.7900	4	11.9
276.396	1	3660.5800	3659.5800	4	22.9
276.496	1	3663.6600	3662.1700	4	9.3
276.600	1	3663.5200	3661.8100	4	20.6
276.696	1	3661.1700	3660.0800	4	20.5
276.828	1	3659.2100	3656.8900	4	29.9
276.928	1	3654.9300	3650.5100	4	11.7
277.060	1	3647.3900	3641.5600	4	17.9
277.160	1	3638.1300	3634.9400	4	27.8
277.264	1	3632.6200	3627.0600	4	11.7
277.400	1	3624.3100	3622.0400	4	8.0
277.496	1	3622.8500	3622.0800	4	8.0
277.596	1	3626.8300	3624.0800	4	24.2
277.696	1	3625.2400	3622.8100	4	22.5
277.796	1	3624.5400	3619.5200	4	26.0
277.896	1	3619.6700	3615.6400	4	14.8
278.028	1	3784.6200	3744.0300	6	13.1
278.132	1	3630.7300	3627.8700	4	18.9
278.260	1	3630.0400	3629.0300	4	22.9
278.360	1	3636.7800	3630.8800	4	15.9
278.464	1	3635.6100	3629.7100	4	21.0
278.560	1	3632.4200	3630.7000	4	18.4
278.664	1	3631.5100	3630.5100	4	15.5
278.796	1	3636.1100	3631.3200	4	10.8
278.896	1	3634.7600	3632.5200	4	18.3
278.996	1	3645.5700	3637.8400	4	19.1
279.096	1	3641.6300	3637.1800	4	20.0
279.196	1	3639.5800	3638.2500	4	23.4
279.328	1	3643.5200	3641.9100	3	6.9
279.460	1	3646.0500	3642.8500	4	19.9
279.560	1	3643.4000	3640.2400	4	9.6
279.660	1	3638.1000	3636.1500	4	14.2
279.760	1	3635.8600	3634.6200	4	12.2
279.864	1	3641.5800	3638.2200	4	17.1
279.996	1	3644.8100	3639.5500	4	15.4
280.096	1	3646.4900	3642.2400	4	10.8
280.196	1	3647.3800	3643.6900	4	9.1
280.296	1	3644.9000	3638.4300	4	13.4
280.396	1	3632.5600	3629.8200	4	11.3
280.496	1	3630.6200	3629.4600	4	20.6
280.628	1	3661.0900	3635.1700	4	20.8
280.760	1	3643.0200	3632.2100	5	36.7
280.864	1	3629.6000	3624.9400	4	25.3
280.996	1	3641.0200	3622.5700	4	17.2
281.100	1	3624.0900	3619.6600	4	10.7
281.228	1	3699.1000	3650.0600	5	27.1
281.328	1	3619.1900	3617.6000	4	15.2
281.460	1	3625.0400	3621.5900	4	19.6
281.560	1	3623.3300	3621.0000	3	12.9
281.660	1	3617.9800	3615.8000	4	32.7
281.760	1	3614.8100	3612.2200	4	11.2
281.864	1	3611.9200	3609.9100	4	22.4
282.000	1	3611.8000	3608.2800	3	10.3
282.096	1	3608.1400	3604.4900	4	9.5
282.196	1	3608.4600	3604.1600	3	15.5
282.328	1	3608.2900	3602.5400	3	14.6
282.428	1	3601.6900	3599.5500	4	14.8
282.560	1	3612.0500	3603.4800	4	10.8
282.632	1	3603.7500	3602.0700	3	16.3
282.732	1	3607.5200	3603.6300	4	15.5
282.828	1	3606.4900	3604.3100	3	11.0
282.960	1	3606.2500	3604.3900	3	11.7
283.032	1	3609.7400	3608.3700	3	9.2
283.160	1	3623.1900	3618.3000	4	28.5
283.260	1	3632.4300	3625.1800	6	14.5
283.360	1	3625.9000	3624.1200	4	22.8
283.460	1	3623.9300	3621.6600	4	20.5
283.536	1	3623.2100	3620.8000	3	8.3
283.660	1	3621.5200	3620.4100	4	15.8
283.760	1	3623.1500	3616.5800	4	12.0
283.832	1	3614.9600	3611.2200	3	7.0
283.960	1	3620.7300	3613.9100	4	13.2
284.060	1	3619.5300	3614.8700	4	14.5
284.160	1	3614.1800	3612.7800	4	15.9
284.260	1	3726.5100	3676.5500	4	16.3
284.360	1	3649.6800	3646.5100	4	15.2
284.460	1	3650.0200	3648.3300	4	16.6
284.560	1	3615.9200	3612.5100	4	16.5
284.660	1	3585.4800	3580.0500	4	23.1
284.760	1	3586.1300	3580.9300	4	21.6
284.860	1	3614.7500	3611.4100	4	23.5
284.960	1	3597.2400	3591.0200	5	27.7
285.032	1	3598.7500	3595.2900	6	13.5
285.160	1	3599.2100	3595.0200	4	15.3
285.260	1	3596.0100	3594.4500	4	19.7
285.360	1	3605.0100	3601.0300	4	11.2
285.460	1	3606.7600	3603.9600	6	29.5
285.564	1	3608.1600	3605.5000	5	25.1
285.696	1	3613.9800	3611.2300	5	10.1
285.796	1	3615.2900	3613.8600	5	9.6
285.896	1	3600.1800	3518.4600	7	18.1
285.996	1	3519.4100	3516.1800	4	17.9
286.096	1	3522.5000	3519.1300	4	18.8
286.196	1	3521.8200	3519.9200	4	9.1
286.328	1	3529.9600	3523.7100	4	13.6
286.432	1	3529.5600	3526.8700	5	22.5
286.560	1	3538.0300	3532.5200	4	8.0
286.632	1	3540.3800	3537.6800	4	8.0
286.760	1	3545.4200	3543.0800	5	14.2
286.860	1	3555.0400	3551.7100	5	17.1
286.960	1	3563.0000	3560.0400	4	23.6
287.064	1	3533.7800	3528.5100	5	21.5
287.164	1	3531.8800	3528.1900	4	25.0
287.260	1	3532.2200	3528.9500	5	21.2
287.360	1	3530.3900	3528.9500	5	26.2
287.460	1	3532.3400	3528.9100	4	25.2
287.560	1	3538.3100	3534.6700	4	24.8
287.660	1	3545.7700	3542.6800	5	11.1
287.760	1	3533.8900	3530.1600	4	8.3
287.860	1	3534.3000	3529.4700	4	12.1
287.960	1	3505.2300	3500.4900	4	30.7
288.060	1	3503.6200	3499.5600	4	9.5
288.164	1	3514.1400	3504.0300	4	18.4
288.296	1	3508.7700	3503.9400	4	8.9
288.396	1	3511.7100	3509.0700	4	15.7
288.528	1	3533.8900	3486.9500	4	7.7
288.628	1	3582.2300	3536.0700	5	9.6
288.760	1	3572.0800	3555.9100	4	20.5
288.864	1	3690.5500	3657.1200	4	14.5
288.996	1	3743.8900	3718.6700	6	13.7
289.096	1	3798.6900	3783.8000	4	14.8
289.196	1	3859.2100	3812.4500	6	17.7
289.300	1	4042.6900	4028.8200	5	10.2
289.396	1	3889.9700	3866.3800	7	13.1
289.528	1	3928.5500	3919.6600	4	9.1
289.660	1	3865.7800	3814.7900	5	4.6
289.732	1	4155.4700	3783.5200	9	6.4
289.832	1	7648.9400	4577.5100	9	14.0
289.960	1	3571.7200	3557.1500	5	8.6
290.060	1	3487.3200	3483.1300	3	5.0
290.160	1	5235.4100	4146.6800	9	7.5
290.260	1	9578.6700	6358.4200	9	11.6
290.360	1	6819.7900	5076.9800	9	3.7
290.464	1	6771.7600	5195.1200	9	3.3
290.560	1	7533.7500	5617.6300	9	7.4
290.660	1	7264.2200	5736.5700	9	5.1
290.732	1	5715.8400	5172.0500	9	9.7
290.860	1	5447.1400	5220.7500	9	8.2
290.960	1	5070.5200	5041.2500	5	6.3
291.060	1	5424.8300	5374.1700	9	11.6
291.160	1	5431.3900	5260.3600	7	7.7
291.260	1	5029.7900	4736.2700	9	12.1
291.360	1	5243.4900	4295.0000	9	6.0
291.460	1	5342.1500	4153.0900	9	8.8
291.560	1	5025.3000	3951.0000	9	3.2
291.660	1	4659.0200	3753.9000	8	3.1
291.760	1	4521.0900	3674.0100	7	8.1
291.860	1	5069.9000	3790.1400	7	8.2
291.960	1	4652.2300	3684.1100	9	12.1
292.060	1	4165.1700	3572.6100	5	6.8
292.160	1	4571.4300	3655.9400	8	9.9
292.260	1	5098.2000	3777.3500	5	7.2
292.360	1	5995.9000	3982.2800	6	5.7
292.460	1	5705.2600	4046.1800	9	6.2
292.560	1	6392.7200	4217.2800	7	11.9
292.664	1	5917.7300	4141.7900	7	8.2
292.796	1	6303.0000	4359.4500	8	20.1
292.900	1	6513.7400	4529.7600	8	11.2
292.996	1	8120.2000	4931.1200	9	19.5
293.096	1	5607.2300	4518.3700	8	13.9
293.196	1	6398.7800	5360.0400	9	6.7
293.296	1	5883.9500	4927.0100	9	12.5
293.400	1	6136.3100	4509.6100	7	11.3
293.496	1	5070.5200	4263.0100	7	11.8
293.596	1	5021.2200	4217.8400	7	5.6
293.696	1	5173.1100	4281.3300	5	3.8
293.800	1	5006.7500	4304.2900	5	8.7
293.896	1	4812.0000	4297.2600	5	16.6
294.000	1	4637.7700	4288.7600	6	16.5
294.096	1	4839.6900	4327.4800	9	22.6
294.196	1	4605.2100	4270.5300	4	18.7
294.296	1	4522.4100	4240.5900	4	18.1
294.396	1	4441.8000	4125.9100	4	7.2
294.528	1	4317.4800	4035.9200	4	6.8
294.664	1	4419.5600	4025.6000	5	11.0
294.796	1	4533.4700	4016.6100	5	10.7
294.896	1	4611.2000	4036.9500	5	24.1
294.996	1	4688.6800	4055.2800	5	22.6
295.096	1	4716.9900	4050.5300	5	13.0
295.196	1	4777.0400	4074.1000	5	16.7
295.300	1	4819.7300	4076.0300	5	9.9
295.396	1	4879.3200	4088.5300	5	17.6
295.500	1	4967.5600	4099.7800	5	15.3
295.600	1	5026.5600	4126.9600	5	8.1
295.700	1	5084.5800	4150.4500	5	8.0
295.796	1	5150.8000	4174.5800	5	15.7
295.900	1	5235.1200	4206.5200	5	11.2
295.996	1	5267.0100	4218.6900	5	10.0
296.096	1	5295.8700	4225.6700	5	17.2
296.196	1	5341.4100	4242.3600	5	12.2
296.296	1	5394.9900	4263.2700	5	16.0
296.396	1	5439.9400	4280.4800	5	8.4
296.496	1	5466.0300	4288.5900	5	8.1
296.596	1	5493.7000	4292.6700	5	12.1
296.700	1	5525.7300	4304.0600	5	11.0
296.796	1	5541.1800	4313.7500	5	17.7
296.896	1	5551.4100	4316.9900	5	11.2
297.028	1	5559.2500	4317.5300	5	19.7
297.160	1	5573.3300	4322.7600	5	11.6
297.260	1	5545.6300	4305.9600	5	21.6
297.332	1	5545.9000	4309.9000	5	8.6
297.460	1	5561.8200	4320.9400	5	14.4
297.560	1	5570.6100	4323.6700	5	10.5
297.660	1	5573.6400	4326.6800	5	8.4
297.760	1	5577.3000	4329.2300	5	24.1
297.864	1	5508.8600	4283.6500	5	11.9
297.996	1	5499.1500	4282.3000	5	8.5
298.096	1	5500.4600	4285.3000	5	8.8
298.196	1	5505.3500	4290.4200	5	8.3
298.296	1	5506.5600	4289.7000	5	25.6
298.396	1	5463.9300	4245.7200	5	8.6
298.496	1	5421.7700	4244.5700	5	8.4
298.596	1	5419.3900	4244.4200	5	23.1
298.696	1	5421.1000	4246.2200	5	12.7
298.796	1	5422.7100	4248.2100	5	13.4
298.900	1	5427.4800	4252.7800	5	20.8
298.996	1	5407.1400	4253.6200	5	17.5
299.096	1	5409.9200	4256.0500	5	13.5
299.196	1	5409.4300	4255.6900	5	15.6
299.296	1	5412.1100	4254.1400	5	8.5
299.396	1	5422.6600	4261.9200	5	18.6
299.496	1	5405.0200	4263.2500	5	24.3
299.568	1	5413.2900	4272.4200	5	9.0
299.696	1	5421.5200	4280.6100	5	11.4
299.800	1	5403.0300	4261.0200	5	12.7
299.896	1	5400.7500	4258.2800	5	9.7
299.996	1	5401.3500	4257.5900	5	30.9
300.096	1	5400.0700	4259.0800	5	20.2
300.196	1	5401.5000	4259.9100	5	23.2
300.296	1	5429.5200	4272.4400	5	15.1
300.396	1	5401.0000	4274.5200	5	10.1
300.468	1	5404.2900	4278.1000	5	8.3
300.568	1	5416.8800	4289.1000	5	8.6
300.668	1	5384.5100	4284.3300	5	12.9
300.772	1	5381.6700	4286.1200	5	20.9
300.904	1	5383.5900	4287.9200	4	13.8
301.004	1	5121.6400	4048.8100	5	19.6
301.104	1	5067.7900	3998.9000	5	14.4
301.204	1	5065.9400	3999.1000	5	10.7
301.304	1	5069.0300	4001.1300	5	14.5
301.404	1	5052.0200	3977.9700	5	19.3
301.504	1	5042.9600	3978.9900	5	14.9
301.608	1	5051.4100	3982.3000	5	8.7
301.704	1	5047.5800	3982.0400	5	9.0
301.804	1	5052.9200	3988.5600	5	27.4
301.904	1	5057.2100	3992.3400	5	15.8
302.004	1	5101.0800	3994.2500	5	14.0
302.104	1	5060.1000	3996.0700	5	21.9
302.204	1	5073.7800	4007.7500	5	11.5
302.336	1	5083.4500	4019.2400	4	7.0
302.468	1	5090.9700	4026.1400	4	15.7
302.572	1	5090.9700	4025.6100	5	18.9
302.672	1	5163.5800	4055.9300	5	21.3
302.804	1	5085.1400	4018.6700	4	24.9
302.908	1	5078.7400	4013.0000	5	17.0
303.008	1	5081.3700	4015.4500	5	12.6
303.104	1	5082.0900	4017.1100	5	20.3
303.204	1	5258.7700	4071.0300	5	13.1
303.304	1	5085.3000	4015.8600	5	13.1
303.404	1	5117.1900	4034.6000	6	20.8
303.504	1	5099.2300	4031.1000	5	8.5
303.604	1	5102.8200	4036.3300	5	10.7
303.708	1	5106.7900	4039.7500	5	10.4
303.804	1	5099.8200	4008.0900	5	11.7
303.936	1	5069.1200	4001.9100	5	21.2
304.068	1	5072.0200	4006.4800	5	23.3
304.168	1	5074.5100	4009.8000	5	12.7
304.268	1	5141.4100	4053.5500	5	9.1
304.368	1	5104.8500	4038.5800	5	8.5
304.468	1	5101.7600	4036.7800	5	8.4
304.568	1	5098.0300	4034.7300	5	23.1
304.672	1	5169.6700	4054.0900	5	23.5
304.768	1	5115.5100	4054.5900	5	18.1
304.868	1	5123.7800	4060.0400	5	18.3
304.968	1	5120.4100	4059.5900	5	16.4
305.068	1	5240.7000	4127.3200	5	17.0
305.168	1	5140.7600	4082.1800	5	22.3
305.268	1	5133.1300	4076.0600	5	25.4
305.368	1	5190.5400	4095.7600	5	17.1
305.440	1	5151.5800	4098.8800	5	8.9
305.568	1	5135.9200	4082.3500	5	8.5
305.668	1	5160.8000	4090.7700	5	27.9
305.768	1	5143.6000	4096.6500	5	26.8
305.868	1	5142.5100	4095.4800	5	13.3
305.968	1	5161.6000	4073.8000	6	32.9
306.040	1	5108.6500	4069.3800	5	8.8
306.168	1	5114.8200	4074.6100	5	11.3
306.268	1	5166.5500	4098.8100	5	17.8
306.340	1	5142.5600	4106.8400	5	8.2
306.472	1	5153.3900	4117.1000	4	6.9
306.568	1	5156.4800	4098.9600	5	13.9
306.668	1	5105.0400	4074.5500	5	23.6
306.768	1	5149.9400	4098.8400	6	30.7
306.868	1	5121.2100	4096.1400	5	12.7
306.968	1	5123.6700	4099.2000	5	19.0
307.068	1	5211.3700	4162.0100	5	27.7
307.168	1	5142.1200	4121.7600	5	20.3
307.268	1	5247.5800	4210.7400	5	32.3
307.368	1	5111.9100	4096.7000	5	15.5
307.440	1	5106.1900	4092.6200	5	13.4
307.568	1	5263.8500	4198.7700	5	8.0
307.668	1	5150.1100	4141.9000	5	23.4
307.768	1	5216.3300	4197.5700	5	23.6
307.872	1	5229.2700	4207.2100	7	23.8
308.004	1	5203.3100	4204.6900	5	10.6
308.104	1	5283.9800	4274.8100	6	11.8
308.204	1	5401.2900	4345.8500	5	24.4
308.304	1	5222.8900	4234.1300	5	9.1
308.408	1	5271.4200	4265.2700	5	7.5
308.536	1	5364.5600	4355.8600	5	10.1
308.672	1	5293.9300	4303.7700	5	12.5
308.808	1	5384.5600	4369.9200	6	11.2
308.904	1	5425.6500	4427.5300	6	12.8
309.004	1	5448.8500	4456.9600	9	26.1
309.104	1	5424.2200	4428.9300	7	12.4
309.204	1	5641.4500	4640.9100	9	12.3
309.304	1	5231.3100	4237.8500	7	12.6
309.404	1	5273.8300	4256.5800	7	10.7
309.508	1	5284.5000	4242.4500	9	4.9
309.604	1	5250.8100	4233.0300	9	4.8
309.704	1	5378.9400	4192.9600	9	6.9
309.804	1	5100.6000	4118.0500	9	7.5
309.904	1	5111.0000	4111.9200	9	9.1
310.004	1	5089.5800	4099.0300	9	12.8
310.104	1	5066.4800	4086.9500	8	13.6
310.204	1	5345.2100	4108.3800	9	10.6
310.304	1	5085.6600	4105.0200	9	7.3
310.404	1	5206.2500	4104.4600	8	5.6
310.504	1	5181.7000	4100.8800	8	17.4
310.604	1	5078.4000	4091.2600	7	14.4
310.704	1	5076.7100	4065.3600	9	9.9
310.804	1	5033.7000	4041.6200	9	17.0
310.904	1	5176.2400	4594.1300	9	7.5
311.004	1	5113.5000	4880.5000	9	15.3
311.104	1	5116.7600	4880.2300	9	25.2
311.176	1	5912.1100	4946.9900	9	7.4
311.304	1	5214.5200	4653.9200	9	10.8
311.408	1	6344.7200	4827.9100	9	11.8
311.504	1	6298.8000	4972.3700	9	7.3
311.608	1	8175.8400	5016.0100	9	9.1
311.704	1	7549.6100	5006.1800	9	10.6
311.804	1	7083.9800	5034.2700	9	9.8
311.904	1	7210.7100	5059.3100	9	12.2
312.008	1	8393.5400	6979.3800	9	8.1
312.104	1	10032.6000	5740.1500	9	6.2
312.204	1	5534.4600	5499.2200	9	9.9
312.304	1	5556.5100	5503.7500	9	8.1
312.404	1	5580.6400	5457.3200	9	5.0
312.504	1	5534.7800	5455.2200	9	8.1
312.604	1	5675.8600	5431.3400	9	18.9
312.704	1	5466.2500	5439.3500	9	17.1
312.804	1	5458.1700	5446.5100	9	13.4
312.904	1	5656.4100	5475.6600	9	15.5
313.004	1	8145.9100	5460.1000	9	9.0
313.104	1	5539.5100	5457.9400	9	25.2
313.204	1	5533.9600	5428.9600	9	14.8
313.304	1	5516.4800	5381.9900	9	29.1
313.404	1	5494.1800	5372.4600	9	10.6
313.504	1	5528.9700	4140.9100	9	9.0
313.604	1	5538.6200	4138.1400	9	11.0
313.704	1	5520.6600	4148.4700	9	18.2
313.804	1	5509.9500	4138.7100	9	27.0
313.904	1	5643.5900	4197.6100	9	18.1
314.004	1	5547.7900	4215.7500	9	15.2
314.104	1	5612.7500	4413.9700	9	16.9
314.204	1	5533.6100	4131.8800	9	11.2
314.304	1	5541.0800	4091.5600	9	7.6
314.404	1	5522.2900	4085.1100	9	29.9
314.504	1	5529.7600	4090.2900	9	13.5
314.636	1	5526.9900	4078.2400	9	14.4
314.736	1	5515.9600	4078.2600	9	24.8
314.868	1	5512.7100	4079.9300	9	17.0
314.968	1	5505.1300	4084.6300	9	13.9
315.068	1	5508.5000	4086.3300	9	13.5
315.168	1	5512.4500	4090.9400	9	21.8
315.268	1	5501.5300	4090.0800	9	24.2
315.368	1	5508.5300	4083.4400	9	7.5
315.468	1	5509.5600	4080.7300	9	7.1
315.568	1	5523.6000	4112.7000	9	22.6
315.668	1	5504.0800	4111.9600	9	20.1
315.768	1	5518.3000	4110.3900	9	23.7
315.840	1	5500.9600	4115.5100	9	10.0
315.972	1	5523.5600	4115.2100	9	10.4
316.104	1	5556.6200	4179.1400	9	16.2
316.204	1	5529.2000	4167.6100	9	7.9
316.304	1	5563.4400	4247.7600	9	6.6
316.408	1	5627.9800	4410.5800	9	19.6
316.536	1	5676.3700	4563.7700	9	9.3
316.668	1	5815.6800	4445.1200	9	21.2
316.768	1	8840.7600	4321.0400	9	21.0
316.868	1	5606.3200	4401.5700	9	25.0
316.972	1	5594.4300	4408.9000	9	20.7
317.104	1	5755.3200	4364.9700	9	22.4
317.204	1	5612.6000	4442.8000	9	21.4
317.304	1	5723.4300	4358.1500	9	19.3
317.404	1	5635.6100	4289.4400	9	6.7
317.504	1	5585.5100	4334.0700	9	6.8
317.604	1	5526.9500	4460.2100	9	12.3
317.704	1	5649.7300	4362.4300	9	10.0
317.804	1	5922.1200	4320.9400	9	16.1
317.904	1	5641.8200	4336.5900	9	9.1
318.004	1	14871.2000	4192.5700	9	24.7
318.076	1	5521.9700	4270.6800	9	11.6
318.204	1	5665.3800	4236.6600	9	6.7
318.304	1	5524.4300	4252.5000	9	6.6
318.404	1	5550.5800	4270.6100	9	14.2
318.504	1	5522.3700	4295.6300	9	15.8
318.604	1	5619.8500	4246.1100	9	12.1
318.708	1	5541.1200	4281.5500	9	12.0
318.804	1	5507.7100	4298.5700	9	14.3
318.904	1	5579.5600	4300.1300	9	26.0
319.004	1	5531.6400	4340.6900	9	10.2
319.104	1	5652.6100	4293.8100	9	20.1
319.204	1	5580.1400	4256.7200	9	10.7
319.304	1	5524.2700	4326.8000	9	17.9
319.404	1	5567.9800	4366.0100	9	6.6
319.536	1	5715.3500	4396.2600	9	20.8
319.640	1	5601.7400	4404.8800	9	12.1
319.768	1	5600.6300	4525.8600	9	23.4
319.868	1	5683.6700	4584.0600	9	21.5
319.968	1	5630.3000	4628.6700	9	19.9
320.068	1	5675.6400	4554.6500	9	23.3
320.168	1	5597.8600	4581.1700	9	6.6
320.268	1	9154.1000	4467.9600	9	7.9
320.368	1	5668.0000	4586.5900	9	10.3
320.468	1	5679.5400	4569.4000	9	18.2
320.568	1	5563.9300	4645.1600	9	23.8
320.668	1	5584.3900	4655.1900	9	17.7
320.768	1	5685.2900	4593.1700	9	19.5
320.868	1	5670.2000	4682.8100	9	19.9
320.968	1	5701.0600	4567.4100	9	12.3
321.068	1	5677.8000	4545.0400	9	21.7
321.168	1	5769.7400	4450.8100	9	21.6
321.268	1	5526.8600	4489.7200	9	10.2
321.368	1	5528.9100	4429.6700	9	11.6
321.440	1	5589.5200	4366.0900	9	6.8
321.568	1	5592.0100	4356.0800	9	16.9
321.668	1	5595.5500	4384.8900	9	8.4
321.768	1	5560.3700	4391.1400	9	19.3
321.840	1	5551.1900	4383.7000	9	6.8
321.968	1	5752.7700	4357.7500	9	7.2
322.068	1	5579.4200	4381.2900	9	6.7
322.168	1	5564.8700	4411.3500	9	21.0
322.268	1	5645.7000	4396.5500	9	6.7
322.368	1	5606.6600	4376.9700	9	7.0
322.468	1	5577.2200	4362.2800	9	11.4
322.568	1	5608.9700	4366.8300	9	23.4
322.668	1	5589.9100	4415.5200	9	12.7
322.768	1	6375.2800	5009.7400	9	14.2
322.868	1	6438.7700	5355.9700	9	24.0
322.968	1	7374.4000	5510.6200	9	19.2
323.068	1	7212.6700	5471.8800	9	12.7
323.168	1	11455.5000	5526.8300	9	20.1
323.268	1	8515.1000	5495.9300	9	19.6
323.372	1	39202.2000	4893.0200	9	13.4
323.504	1	6694.9400	5440.6000	9	27.2
323.604	1	5994.2200	5481.2100	9	10.1
323.708	1	3531050.0000	38217.0000	9	12.2
323.804	1	5671.9300	4796.3100	9	16.0
323.908	1	5923.5300	5145.9900	9	18.8
324.004	1	5834.0200	5145.2300	9	18.8
324.104	1	5871.9600	5121.9900	9	15.8
324.204	1	5972.5300	5008.0400	9	9.9
324.304	1	6056.5100	4964.6000	9	13.4
324.404	1	5774.8200	5002.5400	9	17.9
324.536	1	6793.2400	4997.1300	9	21.3
324.668	1	6490.7700	4983.6100	9	19.6
324.768	1	5796.9400	5019.7700	9	26.5
324.868	1	6177.7600	5026.1000	9	33.9
324.968	1	6144.0000	5159.6800	9	17.1
325.068	1	8572.7000	4987.8400	9	22.4
325.168	1	5979.1900	5328.0400	9	20.3
325.268	1	6101.9500	5071.7400	9	11.5
325.340	1	5815.6800	5185.2400	9	16.4
325.440	1	6055.1700	5209.1900	9	7.2
325.568	1	5760.1000	5075.6000	9	6.9
325.668	1	6017.2600	4983.1200	9	15.5
325.740	1	5951.9700	4973.9200	9	7.3
325.868	1	5663.1600	4960.9400	9	24.7
325.968	1	5718.8800	4969.7400	9	9.2
326.072	1	8294.9200	4847.3600	9	15.4
326.204	1	5753.8000	4903.8700	9	12.1
326.304	1	5627.8600	4983.1800	9	7.0
326.404	1	5808.7100	5017.3100	9	7.0
326.504	1	5717.5200	4990.6500	9	11.0
326.636	1	6319.9600	4910.2900	9	6.9
326.768	1	5816.0900	4915.0300	9	26.2
326.868	1	5815.2900	4828.1700	9	12.7
326.968	1	5621.7000	4813.9900	9	28.2
327.068	1	5562.6000	4802.1800	9	9.2
327.168	1	5639.6800	4779.6000	9	14.9
327.268	1	5855.7100	4756.0300	9	12.5
327.368	1	5651.8700	4705.2600	9	28.1
327.468	1	5804.1300	4921.7300	9	25.5
327.568	1	5788.6700	4763.3800	9	11.4
327.668	1	5858.9600	4864.5400	9	26.1
327.768	1	5636.3700	4802.5100	9	12.5
327.868	1	5704.8500	4876.4900	9	14.0
327.940	1	5620.5200	4823.6400	9	11.8
328.068	1	5636.0000	5081.7500	9	15.6
328.168	1	5613.7800	5030.9200	9	19.3
328.268	1	5668.8400	5208.0900	9	14.8
328.368	1	6663.5600	5368.6700	9	14.7
328.472	1	6003.1300	5504.3400	9	16.8
328.604	1	7687.6100	5521.2500	9	21.1
328.704	1	5810.5900	5313.5300	9	28.7
328.804	1	6340.7500	5290.8200	9	23.7
328.936	1	6002.9600	5361.7500	9	19.6
329.068	1	6590.4800	5353.5600	9	22.9
329.168	1	6626.4300	5412.8900	9	20.7
329.268	1	6074.9000	5385.4300	9	23.5
329.372	1	6501.0300	5442.7900	9	24.2
329.504	1	6352.4500	5465.1600	9	10.5
329.604	1	5854.4200	5487.6900	9	7.8
329.704	1	6798.8700	5491.4300	9	7.4
329.804	1	18532.4000	5545.7800	9	7.5
329.904	1	6380.8600	5543.7800	9	5.9
330.004	1	8066.8500	5629.2100	9	4.6
330.104	1	5939.9700	5506.2100	9	7.3
330.204	1	6248.4200	5548.2700	9	7.6
330.336	1	6262.2800	5558.1800	9	7.1
330.468	1	6039.5700	5482.5900	9	7.6
330.568	1	6396.8800	5434.5900	9	10.7
330.668	1	5622.0900	5452.4000	9	7.2
330.768	1	5796.6400	5453.4800	9	6.6
330.868	1	6144.5900	5454.4800	9	7.3
330.968	1	6054.7100	5441.1100	9	7.0
331.068	1	7132.2100	5474.3000	9	7.1
331.168	1	6336.2300	5429.8700	9	6.6
331.268	1	7012.6700	5436.8500	9	6.6
331.368	1	5839.1000	5453.0100	9	4.8
331.468	1	6160.3000	5446.1300	9	6.8
331.568	1	167699.0000	5433.7800	9	8.7
331.672	1	6756.8900	5468.6900	9	6.2
331.804	1	7613.9200	5458.9500	9	5.1
331.904	1	6436.8200	5505.4000	9	6.3
332.036	1	6692.2400	5474.8400	9	4.8
332.168	1	8071.5900	5472.6500	9	6.2
332.268	1	11000.3000	5465.1600	9	5.2
332.368	1	11957.9000	5474.1800	9	7.2
332.468	1	20547.0000	7204.8000	9	4.8
332.572	1	6413.4800	5483.6600	9	5.1
332.668	1	6094.1500	5447.3100	9	6.3
332.768	1	7518.2400	5479.5100	9	5.8
332.868	1	7310.0800	5484.6100	9	6.5
332.968	1	228502.0000	5551.5800	9	4.5
333.068	1	6124.4800	5503.6100	9	6.5
333.168	1	6971.5700	5484.3200	9	6.0
333.268	1	6936.4800	5524.3000	9	4.8
333.372	1	6470.5100	5511.9800	9	5.5
333.504	1	7876.8200	5540.6800	9	7.1
333.604	1	7698.7500	5520.7000	9	4.4
333.704	1	9895.5900	5625.9600	9	7.0
333.808	1	14638.1000	5634.8600	9	6.5
333.904	1	17352.2000	5824.0600	9	5.2
334.036	1	10331.5000	5843.3500	9	3.9
334.172	1	18850.5000	10861.8000	9	3.8
334.304	1	94648.4000	91514.5000	9	5.9
334.404	1	93655.4000	91513.6000	9	7.6
334.504	1	92250.8000	91512.7000	9	7.6
334.604	1	102203.0000	91523.2000	9	7.1
334.704	1	7512.5300	5089.9700	9	7.0
334.804	1	6178.7000	5473.9600	9	6.6
334.904	1	16135.5000	4527.7700	9	7.0
335.004	1	8355.7700	5018.0800	9	4.4
335.108	1	8567.5100	4851.2300	9	7.0
335.204	1	11294.0000	4845.8600	9	7.7
335.308	1	8407.6200	4485.1100	9	7.6
335.404	1	10604.7000	4953.7700	9	7.6
335.508	1	12387.5000	4778.5100	9	6.1
335.604	1	6927.2400	4713.0200	9	7.3
335.704	1	7930.8100	4717.1700	9	7.3
335.804	1	16090.4000	4719.8000	9	7.6
335.904	1	8230.6700	4720.0400	9	7.1
336.004	1	9242.6400	4722.8800	9	8.1
336.108	1	8720.8000	4722.7300	9	7.3
336.204	1	7714.8500	4723.2400	9	7.8
336.304	1	7357.7200	4726.8900	9	7.1
336.404	1	5291.9400	4721.4000	9	7.2
336.504	1	7849.9200	4723.0600	9	6.9
336.604	1	5984.6900	4721.7800	9	6.9
336.704	1	9129.1200	4720.1900	9	6.9
336.804	1	7036.1100	4725.0200	9	7.2
336.908	1	7130.8100	4727.8200	9	7.6
337.004	1	6946.5000	4193.1600	9	7.1
337.104	1	4852.7400	4197.5000	9	7.0
337.204	1	7235.9700	4222.6500	9	5.8
337.304	1	11948.0000	4191.7900	9	6.2
337.404	1	10571.4000	4187.6300	9	5.3
337.504	1	21066.8000	4475.9600	9	5.1
337.608	1	1241690.0000	4257.3200	9	8.0
337.704	1	4182.3700	4175.1300	9	5.7
337.804	1	4206.1200	4182.0200	9	5.8
337.904	1	4210.3400	4198.3200	9	6.0
338.004	1	4429.2900	4225.9900	9	6.1
338.104	1	4187.3400	4148.6000	9	6.4
338.204	1	4153.1600	4134.1500	9	6.6
338.304	1	4159.9600	4133.3900	9	8.3
338.404	1	4202.1500	4162.0000	9	6.8
338.504	1	4155.1900	4127.3200	9	6.7
338.608	1	4189.5800	3947.8800	8	7.4
338.704	1	4170.3400	3938.2300	6	5.1
338.804	1	4196.8100	3945.0400	9	6.2
338.904	1	4181.7300	3947.2700	9	7.0
339.004	1	4242.1900	3990.0100	9	5.5
339.104	1	4166.0100	3927.3600	9	4.2
339.204	1	4186.6400	3943.9900	9	4.5
339.304	1	4209.2000	3966.6700	9	5.7
339.440	1	4289.7500	3999.8800	9	7.2
339.568	1	4252.6000	3967.0500	9	4.7
339.672	1	4238.0500	3964.8900	9	6.1
339.808	1	4212.5600	3967.8700	9	5.3
339.904	1	4221.5400	3968.0500	9	3.9
340.040	1	4233.9600	3964.2700	9	8.0
340.168	1	4223.4900	3966.2900	9	4.7
340.240	1	4208.3200	3968.9700	9	4.6
