[0m[INFO] [1790601155.517045945]: init begins[0m
vins stack guard: RLIMIT_STACK soft -> 512 MB
config_file: /home/uav/catkin_ws/src/VINS-Fusion/config/sim_stereo/sim_stereo_imu_config.yaml
USE_IMU: 1
IMU_TOPIC: /mavros/imu/data_raw
result path /home/uav/vins_output//vio.csv
[33m[WARN] [1790601155.521104976]:  Optimize extrinsic param around initial guess![0m
camera number 2
[0m[INFO] [1790601155.521581021]: Synchronized sensors, fix time offset: 0[0m
[0m[INFO] [1790601155.521591640]: ROW: 480 COL: 640 [0m
 exitrinsic cam 0
 0  0  1
-1  0  0
 0 -1  0
0.12 0.05 0.03
 exitrinsic cam 1
 0  0  1
-1  0  0
 0 -1  0
 0.12 -0.05  0.03
set g    0    0 9.81
[33m[WARN] [1790601155.521892933]: waiting for image and imu...[0m
[0m[INFO] [1790601155.521698962]: reading paramerter of camera /home/uav/catkin_ws/src/VINS-Fusion/config/sim_stereo/left.yaml[0m
[0m[INFO] [1790601155.521817367]: reading paramerter of camera /home/uav/catkin_ws/src/VINS-Fusion/config/sim_stereo/right.yaml[0m
MULTIPLE_THREAD is 1
init first imu pose
averge acc 0.097397 -0.072899 9.812714
init R0 
   0.999951 7.37298e-05 -0.00992455
          0    0.999972  0.00742883
 0.00992483 -0.00742846    0.999923
[31m[ERROR] [1790601155.839400014, 78.320000000]: dt clamp: dt=79.24 imu_t=78.2440 prev=-1.0000 (domain split or IMU disorder?)[0m
[33m[WARN] [1790601156.881219213, 79.356000000]: T2SNAP pre AIF=11 fc=10 Vs: 0 0.00578 0.0104 0.0136 0.0187 0.0248 0.0299 0.0376 0.0463 0.0508 0.0537 Ps: 0 0.000193 0.000414 0.00026 0.000353 0.000359 0.0111 0.00891 0.000636 0.00215 0.000308[0m
[33m[WARN] [1790601156.881310928, 79.356000000]: gyroscope bias initial calibration -0.000449056 -0.000893148  0.000857522[0m
[33m[WARN] [1790601156.906048430, 79.380000000]: T2OPT post-solve vmax=0.004213 @i=0 init_cost=4.721e+04 final_cost=58.61 iters=9 term=1[0m
feature tracking not enough, please slowly move you device! 
[0m[INFO] [1790601156.906598049, 79.384000000]: Initialization finish![0m
time: 79.336000, t: 0.000368 -0.000643 0.000325 q: 0.999977 -0.002075 -0.006445 0.000373 
[0m[INFO] [1790601157.005005341, 79.480000000]:  big delta_angle [0m
time: 79.436000, t: 0.000945 -0.000737 0.000668 q: 0.999979 -0.001958 -0.006232 0.000277 
time: 79.536000, t: 0.000513 -0.000418 0.001170 q: 0.999981 -0.001836 -0.005838 0.000230 
time: 79.636000, t: 0.000514 -0.000452 0.001167 q: 0.999981 -0.001887 -0.005928 0.000140 
time: 79.736000, t: 0.000379 -0.000385 0.000868 q: 0.999979 -0.001731 -0.006177 0.000140 
time: 79.836000, t: 0.000490 -0.000519 0.000935 q: 0.999980 -0.001849 -0.006011 0.000224 
time: 79.936000, t: 0.000383 -0.000375 0.000480 q: 0.999979 -0.001901 -0.006244 0.000196 
time: 80.036000, t: 0.000311 -0.000384 0.000879 q: 0.999980 -0.001958 -0.006034 0.000131 
time: 80.136000, t: 0.000217 -0.000350 0.000485 q: 0.999979 -0.002119 -0.006059 0.000206 
time: 80.236000, t: 0.000201 -0.000449 0.000600 q: 0.999980 -0.002126 -0.006016 0.000244 
time: 80.336000, t: -0.000183 0.000247 -0.000002 q: 0.999977 -0.002367 -0.006294 -0.000156 
time: 80.408000, t: -0.000113 0.000111 -0.000025 q: 0.999978 -0.002433 -0.006203 -0.000023 
time: 80.536000, t: -0.000142 0.000285 -0.000190 q: 0.999977 -0.002444 -0.006348 -0.000233 
time: 80.636000, t: -0.000043 0.000085 -0.000051 q: 0.999976 -0.002376 -0.006460 -0.000029 
time: 80.736000, t: 0.000073 0.000071 0.000034 q: 0.999975 -0.002495 -0.006634 -0.000061 
time: 80.836000, t: 0.000024 0.000093 0.000071 q: 0.999973 -0.002532 -0.006959 -0.000094 
time: 80.940000, t: -0.000054 0.000058 -0.000060 q: 0.999966 -0.002894 -0.007754 -0.000065 
time: 81.040000, t: -0.000012 0.000026 -0.000047 q: 0.999961 -0.002847 -0.008410 -0.000007 
time: 81.140000, t: -0.000063 0.000045 -0.000039 q: 0.999958 -0.002977 -0.008646 -0.000040 
time: 81.244000, t: -0.000021 0.000029 -0.000074 q: 0.999956 -0.002951 -0.008868 -0.000053 
time: 81.340000, t: -0.000015 -0.000029 -0.000075 q: 0.999956 -0.002944 -0.008921 0.000026 
time: 81.472000, t: 0.000034 0.000004 -0.000070 q: 0.999955 -0.002985 -0.009053 -0.000016 
time: 81.604000, t: 0.000031 -0.000025 0.000020 q: 0.999952 -0.003203 -0.009226 -0.000004 
time: 81.704000, t: 0.000002 -0.000019 -0.000028 q: 0.999949 -0.003229 -0.009528 -0.000016 
time: 81.804000, t: -0.000010 -0.000036 -0.000021 q: 0.999945 -0.003407 -0.009960 0.000032 
time: 81.904000, t: -0.000059 -0.000043 -0.000130 q: 0.999941 -0.003668 -0.010228 0.000057 
time: 82.004000, t: -0.000077 -0.000021 -0.000134 q: 0.999938 -0.004121 -0.010311 0.000068 
time: 82.104000, t: -0.000040 0.000010 -0.000099 q: 0.999940 -0.004295 -0.010045 -0.000026 
time: 82.204000, t: -0.000011 0.000009 -0.000173 q: 0.999941 -0.004519 -0.009911 -0.000030 
time: 82.304000, t: 0.000081 -0.000028 -0.000129 q: 0.999940 -0.005262 -0.009599 0.000040 
time: 82.404000, t: 0.000033 0.000007 0.000021 q: 0.999941 -0.005649 -0.009241 -0.000026 
time: 82.504000, t: 0.000064 -0.000011 0.000025 q: 0.999944 -0.006054 -0.008710 -0.000003 
time: 82.604000, t: -0.000072 0.000031 -0.000028 q: 0.999942 -0.006841 -0.008350 -0.000025 
time: 82.704000, t: -0.000078 0.000053 0.000022 q: 0.999943 -0.007045 -0.008033 -0.000065 
time: 82.776000, t: -0.000033 0.000265 -0.000035 q: 0.999944 -0.007102 -0.007867 -0.000280 
time: 82.904000, t: -0.000131 0.000074 0.000029 q: 0.999942 -0.007424 -0.007841 -0.000046 
time: 83.004000, t: -0.000209 0.000097 -0.000021 q: 0.999939 -0.007769 -0.007872 -0.000074 
time: 83.108000, t: -0.000195 0.000070 -0.000236 q: 0.999936 -0.008189 -0.007845 -0.000054 
time: 83.240000, t: -0.000017 0.000025 -0.000247 q: 0.999937 -0.008258 -0.007590 -0.000080 
time: 83.344000, t: 0.000028 0.000005 -0.000297 q: 0.999935 -0.008832 -0.007185 -0.000121 
time: 83.440000, t: 0.000016 -0.000036 -0.000333 q: 0.999933 -0.009260 -0.006943 0.000037 
time: 83.540000, t: -0.000020 -0.000015 -0.000330 q: 0.999929 -0.010703 -0.005257 -0.000012 
time: 83.640000, t: -0.000170 0.000044 -0.000261 q: 0.999926 -0.011154 -0.004833 -0.000035 
time: 83.740000, t: -0.000060 0.000004 -0.000396 q: 0.999922 -0.011722 -0.004225 0.000039 
time: 83.840000, t: 0.000078 -0.000015 -0.000232 q: 0.999923 -0.011895 -0.003671 -0.000018 
time: 83.940000, t: -0.000029 0.000018 -0.000176 q: 0.999912 -0.013042 -0.002572 -0.000075 
time: 84.040000, t: 0.000108 -0.000085 -0.000291 q: 0.999916 -0.012677 -0.002556 0.000044 
time: 84.140000, t: -0.000012 -0.000004 -0.000088 q: 0.999902 -0.013749 -0.002610 0.000004 
time: 84.240000, t: -0.000069 0.000035 -0.000145 q: 0.999892 -0.014432 -0.002894 -0.000055 
time: 84.340000, t: 0.000007 0.000013 -0.000021 q: 0.999881 -0.015077 -0.003385 -0.000039 
time: 84.440000, t: 0.000027 -0.000024 0.000043 q: 0.999867 -0.015719 -0.004411 0.000050 
time: 84.540000, t: 0.000117 -0.000006 0.000101 q: 0.999857 -0.015921 -0.005748 -0.000069 
time: 84.640000, t: -0.000151 0.000067 -0.000127 q: 0.999828 -0.016696 -0.008095 -0.000134 
time: 84.740000, t: -0.000104 0.000073 -0.000194 q: 0.999786 -0.017641 -0.010809 -0.000287 
time: 84.840000, t: 0.000098 -0.000005 -0.000007 q: 0.999746 -0.018399 -0.013020 -0.000217 
time: 84.940000, t: -0.000138 0.000067 -0.000193 q: 0.999696 -0.019585 -0.014949 -0.000381 
time: 85.040000, t: -0.000017 0.000022 -0.000150 q: 0.999654 -0.020601 -0.016342 -0.000350 
time: 85.140000, t: -0.000088 0.000021 -0.000201 q: 0.999607 -0.021887 -0.017493 -0.000344 
time: 85.244000, t: -0.000025 0.000147 -0.000183 q: 0.999602 -0.022113 -0.017533 -0.000525 
time: 85.340000, t: 0.000117 -0.000400 -0.000254 q: 0.999569 -0.022797 -0.018509 -0.000182 
time: 85.440000, t: 0.000015 -0.000032 -0.000432 q: 0.999503 -0.024068 -0.020358 -0.000472 
time: 85.540000, t: 0.000034 0.000087 -0.000137 q: 0.999474 -0.025405 -0.020130 -0.000554 
time: 85.640000, t: -0.000393 0.000194 -0.000841 q: 0.999437 -0.025949 -0.021278 -0.000563 
time: 85.740000, t: -0.000699 0.001116 -0.001533 q: 0.999332 -0.026997 -0.024606 -0.000849 
time: 85.840000, t: -0.000585 0.000737 -0.000995 q: 0.999228 -0.027836 -0.027721 -0.000889 
time: 85.940000, t: -0.000313 0.000436 -0.000554 q: 0.999067 -0.028543 -0.032391 -0.001088 
time: 86.040000, t: -0.000293 0.000528 -0.000520 q: 0.998934 -0.029160 -0.035759 -0.001265 
time: 86.140000, t: -0.000193 0.000254 -0.000472 q: 0.998838 -0.029673 -0.037953 -0.001174 
time: 86.272000, t: -0.000276 0.000539 -0.000483 q: 0.998715 -0.030078 -0.040762 -0.001484 
time: 86.404000, t: -0.000166 0.000226 -0.000658 q: 0.998577 -0.030587 -0.043664 -0.001395 
time: 86.504000, t: -0.000276 0.000571 -0.000636 q: 0.998459 -0.031668 -0.045542 -0.001689 
time: 86.604000, t: -0.000209 0.000356 -0.000631 q: 0.998360 -0.032331 -0.047221 -0.001632 
time: 86.704000, t: -0.000238 0.000444 -0.000625 q: 0.998276 -0.033175 -0.048380 -0.001747 
time: 86.804000, t: -0.000319 0.000624 -0.000733 q: 0.998225 -0.034083 -0.048807 -0.001928 
time: 86.904000, t: -0.000354 0.000655 -0.000832 q: 0.998218 -0.034869 -0.048396 -0.001924 
time: 87.004000, t: -0.000378 0.000672 -0.000935 q: 0.998200 -0.035628 -0.048196 -0.001982 
time: 87.104000, t: -0.000363 0.000590 -0.001068 q: 0.998190 -0.036548 -0.047726 -0.001892 
time: 87.204000, t: -0.000501 0.000923 -0.000861 q: 0.998198 -0.036821 -0.047322 -0.002142 
time: 87.304000, t: -0.000325 0.000544 -0.000893 q: 0.998245 -0.036826 -0.046344 -0.001841 
time: 87.404000, t: -0.000315 0.000650 -0.000619 q: 0.998342 -0.037081 -0.043995 -0.001915 
time: 87.504000, t: -0.000257 0.000566 -0.000545 q: 0.998408 -0.037544 -0.042063 -0.001813 
time: 87.608000, t: -0.000171 0.000303 -0.000543 q: 0.998428 -0.037776 -0.041363 -0.001671 
time: 87.740000, t: -0.000153 0.000291 -0.000464 q: 0.998451 -0.038409 -0.040224 -0.001621 
time: 87.840000, t: -0.000250 0.000535 -0.000571 q: 0.998444 -0.038906 -0.039916 -0.001818 
time: 87.940000, t: -0.000212 0.000390 -0.000528 q: 0.998419 -0.039474 -0.039987 -0.001735 
time: 88.040000, t: -0.000221 0.000416 -0.000648 q: 0.998356 -0.040370 -0.040641 -0.001818 
time: 88.140000, t: -0.000174 0.000351 -0.000437 q: 0.998369 -0.041093 -0.039587 -0.001743 
time: 88.240000, t: -0.000272 0.000600 -0.000516 q: 0.998379 -0.041774 -0.038605 -0.001921 
time: 88.340000, t: -0.000161 0.000288 -0.000269 q: 0.998443 -0.041875 -0.036803 -0.001658 
time: 88.440000, t: -0.000218 0.000518 -0.000302 q: 0.998485 -0.042077 -0.035418 -0.001776 
time: 88.540000, t: -0.000169 0.000265 -0.000357 q: 0.998509 -0.042282 -0.034500 -0.001544 
time: 88.640000, t: -0.000207 0.000492 -0.000284 q: 0.998585 -0.042342 -0.032119 -0.001625 
time: 88.740000, t: -0.000160 0.000251 -0.000313 q: 0.998621 -0.042368 -0.030963 -0.001416 
time: 88.840000, t: -0.000174 0.000328 -0.000344 q: 0.998649 -0.042720 -0.029551 -0.001409 
time: 88.940000, t: -0.000175 0.000311 -0.000479 q: 0.998666 -0.043178 -0.028276 -0.001349 
time: 89.040000, t: -0.000084 -0.000071 -0.000240 q: 0.998697 -0.043403 -0.026816 -0.001073 
time: 89.140000, t: -0.000187 0.000411 -0.000208 q: 0.998718 -0.043705 -0.025507 -0.001331 
time: 89.240000, t: -0.000135 0.000149 -0.000121 q: 0.998724 -0.043742 -0.025211 -0.001143 
time: 89.340000, t: -0.000131 0.000146 -0.000112 q: 0.998718 -0.043838 -0.025293 -0.001147 
time: 89.440000, t: -0.000130 0.000138 -0.000105 q: 0.998711 -0.043934 -0.025375 -0.001149 
time: 89.540000, t: -0.000132 0.000134 -0.000112 q: 0.998705 -0.044037 -0.025468 -0.001155 
time: 89.640000, t: -0.000131 0.000133 -0.000104 q: 0.998698 -0.044134 -0.025550 -0.001161 
time: 89.740000, t: -0.000133 0.000124 -0.000095 q: 0.998692 -0.044230 -0.025632 -0.001164 
time: 89.840000, t: -0.000131 0.000123 -0.000101 q: 0.998685 -0.044330 -0.025724 -0.001168 
time: 89.940000, t: -0.000126 0.000115 -0.000095 q: 0.998679 -0.044425 -0.025807 -0.001171 
time: 90.040000, t: -0.000124 0.000103 -0.000094 q: 0.998672 -0.044522 -0.025894 -0.001172 
time: 90.140000, t: -0.000125 0.000105 -0.000090 q: 0.998665 -0.044621 -0.025980 -0.001180 
time: 90.240000, t: -0.000123 0.000094 -0.000082 q: 0.998659 -0.044717 -0.026062 -0.001180 
time: 90.340000, t: -0.000121 0.000081 -0.000074 q: 0.998653 -0.044811 -0.026145 -0.001180 
time: 90.440000, t: -0.000114 0.000067 -0.000068 q: 0.998646 -0.044906 -0.026228 -0.001179 
time: 90.540000, t: -0.000109 0.000058 -0.000060 q: 0.998640 -0.045000 -0.026310 -0.001179 
time: 90.640000, t: -0.000107 0.000045 -0.000044 q: 0.998634 -0.045091 -0.026387 -0.001180 
time: 90.772000, t: -0.000098 0.000036 -0.000031 q: 0.998627 -0.045183 -0.026467 -0.001183 
time: 90.904000, t: -0.000097 0.000021 -0.000022 q: 0.998621 -0.045276 -0.026551 -0.001180 
time: 91.004000, t: -0.000094 0.000009 -0.000011 q: 0.998615 -0.045369 -0.026631 -0.001182 
time: 91.104000, t: -0.000087 -0.000003 -0.000004 q: 0.998608 -0.045463 -0.026715 -0.001182 
time: 91.176000, t: -0.000084 -0.000015 0.000001 q: 0.998601 -0.045560 -0.026797 -0.001183 
time: 91.304000, t: -0.000079 -0.000029 0.000013 q: 0.998595 -0.045652 -0.026878 -0.001183 
time: 91.404000, t: -0.000074 -0.000038 0.000016 q: 0.998588 -0.045747 -0.026964 -0.001184 
time: 91.504000, t: -0.000071 -0.000051 0.000026 q: 0.998582 -0.045840 -0.027045 -0.001186 
time: 91.604000, t: -0.000068 -0.000058 0.000039 q: 0.998576 -0.045932 -0.027126 -0.001185 
time: 91.708000, t: -0.000063 -0.000072 0.000050 q: 0.998569 -0.046026 -0.027207 -0.001187 
time: 91.840000, t: -0.000063 -0.000083 0.000063 q: 0.998563 -0.046115 -0.027289 -0.001185 
time: 91.940000, t: -0.000055 -0.000102 0.000066 q: 0.998556 -0.046212 -0.027374 -0.001185 
time: 92.040000, t: -0.000045 -0.000112 0.000084 q: 0.998550 -0.046301 -0.027449 -0.001188 
time: 92.140000, t: -0.000049 -0.000104 0.000090 q: 0.998543 -0.046405 -0.027527 -0.001197 
time: 92.244000, t: -0.000045 -0.000115 0.000092 q: 0.998536 -0.046504 -0.027616 -0.001200 
time: 92.340000, t: -0.000241 0.000305 -0.000365 q: 0.998502 -0.047136 -0.027750 -0.001396 
time: 92.440000, t: -0.000252 0.000332 -0.000333 q: 0.998496 -0.047230 -0.027818 -0.001419 
time: 92.540000, t: -0.000247 0.000320 -0.000326 q: 0.998489 -0.047325 -0.027900 -0.001420 
time: 92.640000, t: -0.000245 0.000315 -0.000314 q: 0.998482 -0.047419 -0.027977 -0.001425 
time: 92.740000, t: -0.000238 0.000303 -0.000303 q: 0.998476 -0.047512 -0.028057 -0.001426 
time: 92.840000, t: -0.000232 0.000291 -0.000298 q: 0.998469 -0.047608 -0.028140 -0.001427 
time: 92.940000, t: -0.000229 0.000286 -0.000293 q: 0.998462 -0.047706 -0.028223 -0.001431 
time: 93.040000, t: -0.000227 0.000280 -0.000289 q: 0.998454 -0.047805 -0.028309 -0.001435 
time: 93.140000, t: -0.000231 0.000277 -0.000284 q: 0.998447 -0.047904 -0.028393 -0.001441 
time: 93.240000, t: -0.000232 0.000278 -0.000282 q: 0.998440 -0.048004 -0.028480 -0.001449 
time: 93.340000, t: -0.000225 0.000271 -0.000279 q: 0.998433 -0.048103 -0.028565 -0.001454 
time: 93.440000, t: -0.000221 0.000267 -0.000279 q: 0.998425 -0.048203 -0.028651 -0.001459 
time: 93.540000, t: -0.000223 0.000262 -0.000274 q: 0.998418 -0.048302 -0.028736 -0.001463 
time: 93.640000, t: -0.000220 0.000260 -0.000268 q: 0.998411 -0.048400 -0.028820 -0.001469 
time: 93.740000, t: -0.000220 0.000256 -0.000265 q: 0.998404 -0.048500 -0.028905 -0.001475 
time: 93.840000, t: -0.000221 0.000253 -0.000258 q: 0.998397 -0.048598 -0.028988 -0.001481 
time: 93.944000, t: -0.000217 0.000251 -0.000250 q: 0.998389 -0.048695 -0.029070 -0.001486 
time: 94.040000, t: -0.000219 0.000250 -0.000246 q: 0.998382 -0.048794 -0.029154 -0.001494 
time: 94.140000, t: -0.000216 0.000247 -0.000242 q: 0.998375 -0.048894 -0.029238 -0.001500 
time: 94.240000, t: -0.000215 0.000256 -0.000231 q: 0.998368 -0.048990 -0.029318 -0.001510 
time: 94.340000, t: -0.000212 0.000243 -0.000226 q: 0.998360 -0.049088 -0.029402 -0.001513 
time: 94.440000, t: -0.000209 0.000235 -0.000223 q: 0.998353 -0.049185 -0.029487 -0.001516 
time: 94.540000, t: -0.000212 0.000236 -0.000212 q: 0.998346 -0.049279 -0.029566 -0.001521 
time: 94.640000, t: -0.000209 0.000224 -0.000208 q: 0.998339 -0.049378 -0.029650 -0.001526 
time: 94.740000, t: -0.000205 0.000213 -0.000203 q: 0.998332 -0.049474 -0.029733 -0.001527 
time: 94.840000, t: -0.000204 0.000214 -0.000198 q: 0.998324 -0.049570 -0.029816 -0.001532 
time: 94.940000, t: -0.000203 0.000206 -0.000192 q: 0.998317 -0.049668 -0.029899 -0.001538 
time: 95.040000, t: -0.000202 0.000204 -0.000182 q: 0.998310 -0.049764 -0.029979 -0.001544 
time: 95.140000, t: -0.000198 0.000195 -0.000176 q: 0.998303 -0.049859 -0.030061 -0.001546 
time: 95.240000, t: -0.000193 0.000181 -0.000165 q: 0.998296 -0.049953 -0.030139 -0.001547 
time: 95.340000, t: -0.000189 0.000171 -0.000159 q: 0.998288 -0.050047 -0.030221 -0.001547 
time: 95.440000, t: -0.000185 0.000160 -0.000153 q: 0.998281 -0.050142 -0.030304 -0.001549 
time: 95.540000, t: -0.000185 0.000145 -0.000147 q: 0.998274 -0.050239 -0.030386 -0.001549 
time: 95.640000, t: -0.000176 0.000130 -0.000138 q: 0.998267 -0.050332 -0.030466 -0.001548 
time: 95.772000, t: -0.000179 0.000127 -0.000130 q: 0.998259 -0.050427 -0.030550 -0.001553 
time: 95.904000, t: -0.000171 0.000123 -0.000123 q: 0.998252 -0.050520 -0.030633 -0.001558 
time: 96.004000, t: -0.000173 0.000127 -0.000119 q: 0.998244 -0.050618 -0.030719 -0.001565 
time: 96.104000, t: -0.000174 0.000123 -0.000112 q: 0.998237 -0.050714 -0.030801 -0.001571 
time: 96.204000, t: -0.000168 0.000104 -0.000108 q: 0.998230 -0.050809 -0.030884 -0.001572 
time: 96.304000, t: -0.000168 0.000113 -0.000111 q: 0.998222 -0.050909 -0.030974 -0.001582 
time: 96.404000, t: -0.000168 0.000106 -0.000103 q: 0.998214 -0.051006 -0.031057 -0.001589 
time: 96.504000, t: -0.000174 0.000106 -0.000106 q: 0.998206 -0.051104 -0.031147 -0.001594 
time: 96.604000, t: -0.000167 0.000099 -0.000100 q: 0.998199 -0.051199 -0.031230 -0.001598 
time: 96.704000, t: -0.000155 0.000076 -0.000091 q: 0.998192 -0.051289 -0.031309 -0.001596 
time: 96.804000, t: -0.000165 0.000082 -0.000097 q: 0.998184 -0.051390 -0.031401 -0.001605 
time: 96.904000, t: -0.000166 0.000079 -0.000089 q: 0.998176 -0.051487 -0.031484 -0.001610 
time: 97.004000, t: -0.000159 0.000058 -0.000082 q: 0.998169 -0.051580 -0.031566 -0.001608 
time: 97.104000, t: -0.000159 0.000050 -0.000077 q: 0.998161 -0.051675 -0.031649 -0.001610 
time: 97.208000, t: -0.000145 0.000017 -0.000070 q: 0.998154 -0.051767 -0.031732 -0.001601 
time: 97.340000, t: -0.000137 -0.000005 -0.000049 q: 0.998147 -0.051851 -0.031806 -0.001598 
time: 97.444000, t: -0.000126 -0.000008 -0.000044 q: 0.998139 -0.051946 -0.031890 -0.001604 
time: 97.540000, t: -0.000130 -0.000023 -0.000030 q: 0.998132 -0.052038 -0.031969 -0.001604 
time: 97.640000, t: -0.000125 -0.000035 -0.000019 q: 0.998125 -0.052130 -0.032050 -0.001605 
time: 97.740000, t: -0.000118 -0.000054 -0.000013 q: 0.998117 -0.052223 -0.032132 -0.001602 
time: 97.840000, t: -0.000109 -0.000073 -0.000003 q: 0.998110 -0.052314 -0.032213 -0.001602 
time: 97.940000, t: -0.000102 -0.000092 0.000005 q: 0.998102 -0.052407 -0.032296 -0.001599 
time: 98.040000, t: -0.000096 -0.000107 0.000010 q: 0.998095 -0.052501 -0.032380 -0.001599 
time: 98.140000, t: -0.000089 -0.000127 0.000018 q: 0.998087 -0.052592 -0.032462 -0.001597 
time: 98.240000, t: -0.000084 -0.000143 0.000030 q: 0.998080 -0.052683 -0.032542 -0.001597 
time: 98.372000, t: -0.000076 -0.000164 0.000046 q: 0.998072 -0.052771 -0.032621 -0.001594 
time: 98.504000, t: -0.000071 -0.000178 0.000059 q: 0.998065 -0.052860 -0.032702 -0.001594 
time: 98.604000, t: -0.000066 -0.000196 0.000065 q: 0.998057 -0.052954 -0.032786 -0.001593 
time: 98.704000, t: -0.000055 -0.000205 0.000082 q: 0.998050 -0.053044 -0.032862 -0.001597 
time: 98.804000, t: -0.000051 -0.000216 0.000091 q: 0.998042 -0.053137 -0.032944 -0.001600 
time: 98.904000, t: -0.000051 -0.000210 0.000093 q: 0.998034 -0.053242 -0.033024 -0.001610 
time: 99.004000, t: -0.000272 0.000266 -0.000377 q: 0.997994 -0.053888 -0.033167 -0.001842 
time: 99.104000, t: -0.000330 0.000390 -0.000341 q: 0.997985 -0.054006 -0.033243 -0.001918 
time: 99.204000, t: -0.000331 0.000387 -0.000336 q: 0.997977 -0.054105 -0.033326 -0.001925 
time: 99.304000, t: -0.000330 0.000383 -0.000325 q: 0.997969 -0.054198 -0.033404 -0.001931 
time: 99.404000, t: -0.000326 0.000374 -0.000313 q: 0.997962 -0.054290 -0.033480 -0.001933 
time: 99.476000, t: -0.000323 0.000368 -0.000307 q: 0.997954 -0.054387 -0.033560 -0.001939 
time: 99.604000, t: -0.000317 0.000360 -0.000297 q: 0.997946 -0.054478 -0.033639 -0.001943 
time: 99.704000, t: -0.000315 0.000351 -0.000290 q: 0.997938 -0.054573 -0.033719 -0.001945 
time: 99.804000, t: -0.000310 0.000337 -0.000283 q: 0.997930 -0.054668 -0.033799 -0.001948 
time: 99.904000, t: -0.000313 0.000338 -0.000279 q: 0.997922 -0.054766 -0.033883 -0.001956 
time: 100.004000, t: -0.000300 0.000322 -0.000276 q: 0.997914 -0.054859 -0.033964 -0.001958 
time: 100.108000, t: -0.000291 0.000304 -0.000274 q: 0.997906 -0.054953 -0.034045 -0.001957 
time: 100.204000, t: -0.000286 0.000297 -0.000269 q: 0.997898 -0.055049 -0.034128 -0.001961 
time: 100.308000, t: -0.000286 0.000288 -0.000263 q: 0.997890 -0.055146 -0.034210 -0.001965 
time: 100.440000, t: -0.000284 0.000278 -0.000259 q: 0.997882 -0.055241 -0.034294 -0.001967 
time: 100.540000, t: -0.000281 0.000277 -0.000252 q: 0.997874 -0.055338 -0.034376 -0.001975 
time: 100.640000, t: -0.000280 0.000279 -0.000243 q: 0.997866 -0.055435 -0.034457 -0.001983 
time: 100.740000, t: -0.000114 -0.000063 -0.000413 q: 0.997860 -0.055449 -0.034593 -0.001915 
time: 100.840000, t: -0.000270 0.000282 -0.000234 q: 0.997855 -0.055561 -0.034563 -0.002001 
time: 100.940000, t: -0.000273 0.000279 -0.000227 q: 0.997847 -0.055657 -0.034642 -0.002007 
time: 101.040000, t: -0.000271 0.000277 -0.000221 q: 0.997839 -0.055753 -0.034724 -0.002013 
time: 101.140000, t: -0.000269 0.000266 -0.000218 q: 0.997830 -0.055850 -0.034807 -0.002017 
time: 101.240000, t: -0.000270 0.000262 -0.000207 q: 0.997822 -0.055945 -0.034887 -0.002023 
time: 101.340000, t: -0.000269 0.000254 -0.000204 q: 0.997814 -0.056043 -0.034970 -0.002027 
time: 101.440000, t: -0.000263 0.000244 -0.000200 q: 0.997806 -0.056137 -0.035052 -0.002030 
time: 101.540000, t: -0.000262 0.000238 -0.000196 q: 0.997797 -0.056234 -0.035135 -0.002035 
time: 101.640000, t: -0.000264 0.000238 -0.000190 q: 0.997789 -0.056332 -0.035217 -0.002043 
time: 101.740000, t: -0.000266 0.000237 -0.000179 q: 0.997780 -0.056427 -0.035296 -0.002051 
time: 101.840000, t: -0.000259 0.000230 -0.000173 q: 0.997772 -0.056522 -0.035377 -0.002055 
time: 101.940000, t: -0.000255 0.000217 -0.000162 q: 0.997764 -0.056615 -0.035454 -0.002056 
time: 102.044000, t: -0.000251 0.000204 -0.000157 q: 0.997756 -0.056708 -0.035536 -0.002057 
time: 102.172000, t: -0.000246 0.000181 -0.000152 q: 0.997748 -0.056801 -0.035618 -0.002054 
time: 102.308000, t: -0.000238 0.000171 -0.000139 q: 0.997740 -0.056889 -0.035696 -0.002054 
time: 102.408000, t: -0.000241 0.000174 -0.000135 q: 0.997731 -0.056987 -0.035781 -0.002063 
time: 102.540000, t: -0.000233 0.000162 -0.000131 q: 0.997723 -0.057083 -0.035864 -0.002068 
time: 102.644000, t: -0.000239 0.000168 -0.000127 q: 0.997714 -0.057179 -0.035949 -0.002077 
time: 102.744000, t: -0.000239 0.000161 -0.000120 q: 0.997706 -0.057274 -0.036030 -0.002082 
time: 102.844000, t: -0.000231 0.000155 -0.000114 q: 0.997698 -0.057368 -0.036111 -0.002087 
time: 102.944000, t: -0.000233 0.000157 -0.000121 q: 0.997689 -0.057468 -0.036202 -0.002097 
time: 103.044000, t: -0.000232 0.000146 -0.000114 q: 0.997680 -0.057563 -0.036284 -0.002100 
time: 103.144000, t: -0.000229 0.000136 -0.000104 q: 0.997672 -0.057655 -0.036362 -0.002103 
time: 103.244000, t: -0.000226 0.000125 -0.000110 q: 0.997663 -0.057752 -0.036453 -0.002106 
time: 103.344000, t: -0.000225 0.000117 -0.000105 q: 0.997655 -0.057845 -0.036535 -0.002111 
time: 103.444000, t: -0.000215 0.000098 -0.000106 q: 0.997646 -0.057940 -0.036622 -0.002111 
time: 103.548000, t: -0.000214 0.000079 -0.000103 q: 0.997637 -0.058033 -0.036705 -0.002110 
time: 103.648000, t: -0.000212 0.000065 -0.000094 q: 0.997629 -0.058125 -0.036785 -0.002110 
time: 103.748000, t: -0.000209 0.000055 -0.000086 q: 0.997621 -0.058216 -0.036867 -0.002112 
time: 103.848000, t: -0.000193 0.000017 -0.000079 q: 0.997613 -0.058307 -0.036948 -0.002102 
time: 103.948000, t: -0.000177 -0.000018 -0.000069 q: 0.997605 -0.058392 -0.037028 -0.002090 
time: 104.048000, t: -0.000167 -0.000046 -0.000050 q: 0.997597 -0.058477 -0.037100 -0.002086 
time: 104.148000, t: -0.000155 -0.000059 -0.000038 q: 0.997589 -0.058567 -0.037179 -0.002087 
time: 104.248000, t: -0.000153 -0.000086 -0.000030 q: 0.997580 -0.058658 -0.037262 -0.002081 
time: 104.348000, t: -0.000141 -0.000111 -0.000018 q: 0.997572 -0.058746 -0.037341 -0.002078 
time: 104.448000, t: -0.000131 -0.000136 -0.000008 q: 0.997564 -0.058835 -0.037422 -0.002072 
time: 104.548000, t: -0.000116 -0.000166 0.000002 q: 0.997556 -0.058924 -0.037503 -0.002067 
time: 104.648000, t: -0.000104 -0.000196 0.000010 q: 0.997547 -0.059013 -0.037584 -0.002061 
time: 104.748000, t: -0.000071 -0.000203 0.000017 q: 0.997539 -0.059106 -0.037664 -0.002065 
time: 104.848000, t: -0.000061 -0.000213 0.000027 q: 0.997530 -0.059197 -0.037745 -0.002068 
time: 104.948000, t: -0.000048 -0.000245 0.000040 q: 0.997522 -0.059286 -0.037824 -0.002062 
time: 105.048000, t: -0.000040 -0.000262 0.000055 q: 0.997514 -0.059375 -0.037902 -0.002061 
time: 105.148000, t: -0.000034 -0.000274 0.000065 q: 0.997505 -0.059468 -0.037983 -0.002064 
time: 105.248000, t: -0.000031 -0.000292 0.000073 q: 0.997497 -0.059560 -0.038065 -0.002064 
time: 105.348000, t: -0.000017 -0.000311 0.000087 q: 0.997488 -0.059650 -0.038142 -0.002064 
time: 105.448000, t: -0.000012 -0.000317 0.000101 q: 0.997480 -0.059741 -0.038220 -0.002071 
time: 105.548000, t: -0.000014 -0.000309 0.000106 q: 0.997471 -0.059843 -0.038297 -0.002082 
time: 105.648000, t: -0.000290 0.000225 -0.000400 q: 0.997423 -0.060517 -0.038456 -0.002354 
time: 105.748000, t: -0.000410 0.000502 -0.000347 q: 0.997411 -0.060661 -0.038531 -0.002512 
time: 105.848000, t: -0.000448 0.000568 -0.000320 q: 0.997402 -0.060766 -0.038605 -0.002555 
time: 105.948000, t: -0.000455 0.000581 -0.000312 q: 0.997393 -0.060862 -0.038683 -0.002569 
time: 106.048000, t: -0.000452 0.000576 -0.000302 q: 0.997384 -0.060954 -0.038758 -0.002577 
time: 106.148000, t: -0.000453 0.000577 -0.000293 q: 0.997376 -0.061047 -0.038833 -0.002587 
time: 106.248000, t: -0.000455 0.000582 -0.000285 q: 0.997367 -0.061142 -0.038910 -0.002598 
time: 106.348000, t: -0.000457 0.000590 -0.000279 q: 0.997358 -0.061237 -0.038987 -0.002611 
time: 106.448000, t: -0.000457 0.000586 -0.000275 q: 0.997349 -0.061331 -0.039065 -0.002617 
time: 106.548000, t: -0.000452 0.000573 -0.000272 q: 0.997340 -0.061424 -0.039143 -0.002620 
time: 106.648000, t: -0.000449 0.000573 -0.000273 q: 0.997331 -0.061519 -0.039224 -0.002628 
time: 106.748000, t: -0.000440 0.000554 -0.000273 q: 0.997323 -0.061611 -0.039303 -0.002629 
time: 106.848000, t: -0.000429 0.000534 -0.000273 q: 0.997314 -0.061703 -0.039382 -0.002627 
time: 106.948000, t: -0.000422 0.000525 -0.000265 q: 0.997305 -0.061793 -0.039457 -0.002630 
time: 107.048000, t: -0.000416 0.000506 -0.000261 q: 0.997296 -0.061886 -0.039535 -0.002630 
time: 107.148000, t: -0.000418 0.000508 -0.000256 q: 0.997288 -0.061980 -0.039612 -0.002638 
time: 107.248000, t: -0.000422 0.000512 -0.000249 q: 0.997279 -0.062075 -0.039689 -0.002650 
time: 107.348000, t: -0.000419 0.000507 -0.000242 q: 0.997270 -0.062167 -0.039765 -0.002656 
time: 107.448000, t: -0.000413 0.000501 -0.000235 q: 0.997261 -0.062259 -0.039841 -0.002662 
time: 107.548000, t: -0.000399 0.000488 -0.000229 q: 0.997252 -0.062349 -0.039916 -0.002664 
time: 107.648000, t: -0.000384 0.000452 -0.000216 q: 0.997244 -0.062433 -0.039984 -0.002656 
time: 107.748000, t: -0.000357 0.000399 -0.000210 q: 0.997236 -0.062513 -0.040057 -0.002637 
time: 107.848000, t: -0.000339 0.000355 -0.000209 q: 0.997228 -0.062599 -0.040135 -0.002622 
time: 107.948000, t: -0.000332 0.000338 -0.000201 q: 0.997219 -0.062688 -0.040211 -0.002620 
time: 108.048000, t: -0.000324 0.000319 -0.000199 q: 0.997210 -0.062784 -0.040293 -0.002621 
time: 108.148000, t: -0.000316 0.000303 -0.000198 q: 0.997201 -0.062878 -0.040376 -0.002621 
time: 108.248000, t: -0.000313 0.000289 -0.000197 q: 0.997191 -0.062973 -0.040457 -0.002623 
time: 108.348000, t: -0.000312 0.000287 -0.000191 q: 0.997182 -0.063068 -0.040538 -0.002631 
time: 108.448000, t: -0.000311 0.000292 -0.000182 q: 0.997173 -0.063162 -0.040616 -0.002639 
time: 108.548000, t: -0.000311 0.000281 -0.000178 q: 0.997164 -0.063258 -0.040697 -0.002645 
time: 108.648000, t: -0.000304 0.000267 -0.000168 q: 0.997155 -0.063349 -0.040774 -0.002646 
time: 108.748000, t: -0.000299 0.000254 -0.000164 q: 0.997145 -0.063443 -0.040855 -0.002649 
time: 108.848000, t: -0.000293 0.000230 -0.000162 q: 0.997136 -0.063536 -0.040936 -0.002644 
time: 108.948000, t: -0.000292 0.000220 -0.000153 q: 0.997127 -0.063629 -0.041015 -0.002649 
time: 109.048000, t: -0.000288 0.000216 -0.000148 q: 0.997117 -0.063726 -0.041097 -0.002656 
time: 109.148000, t: -0.000290 0.000221 -0.000146 q: 0.997108 -0.063823 -0.041181 -0.002666 
time: 109.248000, t: -0.000290 0.000222 -0.000143 q: 0.997098 -0.063920 -0.041263 -0.002677 
time: 109.348000, t: -0.000291 0.000225 -0.000142 q: 0.997088 -0.064016 -0.041348 -0.002687 
time: 109.448000, t: -0.000290 0.000221 -0.000135 q: 0.997079 -0.064110 -0.041428 -0.002694 
time: 109.548000, t: -0.000283 0.000206 -0.000131 q: 0.997070 -0.064202 -0.041508 -0.002695 
time: 109.648000, t: -0.000286 0.000208 -0.000138 q: 0.997060 -0.064301 -0.041598 -0.002707 
time: 109.748000, t: -0.000286 0.000212 -0.000132 q: 0.997050 -0.064396 -0.041678 -0.002717 
time: 109.848000, t: -0.000283 0.000199 -0.000123 q: 0.997041 -0.064488 -0.041757 -0.002722 
time: 109.948000, t: -0.000286 0.000200 -0.000131 q: 0.997031 -0.064587 -0.041847 -0.002730 
time: 110.048000, t: -0.000283 0.000192 -0.000128 q: 0.997021 -0.064680 -0.041930 -0.002737 
time: 110.148000, t: -0.000276 0.000175 -0.000129 q: 0.997011 -0.064773 -0.042014 -0.002738 
time: 110.252000, t: -0.000279 0.000179 -0.000124 q: 0.997002 -0.064867 -0.042096 -0.002747 
time: 110.348000, t: -0.000280 0.000171 -0.000118 q: 0.996992 -0.064962 -0.042177 -0.002754 
time: 110.448000, t: -0.000278 0.000156 -0.000112 q: 0.996983 -0.065052 -0.042257 -0.002753 
time: 110.548000, t: -0.000258 0.000112 -0.000104 q: 0.996974 -0.065139 -0.042335 -0.002740 
time: 110.648000, t: -0.000239 0.000071 -0.000093 q: 0.996965 -0.065221 -0.042412 -0.002726 
time: 110.748000, t: -0.000211 0.000001 -0.000068 q: 0.996958 -0.065292 -0.042478 -0.002699 
time: 110.848000, t: -0.000181 -0.000069 -0.000057 q: 0.996950 -0.065366 -0.042554 -0.002669 
time: 110.952000, t: -0.000132 -0.000173 -0.000031 q: 0.996943 -0.065431 -0.042624 -0.002626 
time: 111.048000, t: -0.000099 -0.000236 -0.000010 q: 0.996936 -0.065492 -0.042686 -0.002602 
time: 111.148000, t: -0.000069 -0.000295 0.000008 q: 0.996928 -0.065571 -0.042763 -0.002581 
time: 111.248000, t: -0.000048 -0.000334 0.000022 q: 0.996919 -0.065656 -0.042841 -0.002574 
time: 111.380000, t: -0.000031 -0.000370 0.000041 q: 0.996910 -0.065738 -0.042917 -0.002561 
time: 111.512000, t: -0.000009 -0.000410 0.000055 q: 0.996901 -0.065822 -0.042996 -0.002555 
time: 111.612000, t: -0.000001 -0.000428 0.000069 q: 0.996892 -0.065912 -0.043075 -0.002557 
time: 111.684000, t: -0.000002 -0.000425 0.000072 q: 0.996882 -0.066014 -0.043158 -0.002569 
time: 111.812000, t: -0.000083 -0.000215 0.000054 q: 0.996869 -0.066144 -0.043250 -0.002696 
time: 111.884000, t: -0.000104 -0.000167 0.000057 q: 0.996858 -0.066253 -0.043332 -0.002730 
time: 112.016000, t: -0.000092 -0.000208 0.000068 q: 0.996849 -0.066338 -0.043412 -0.002719 
time: 112.148000, t: -0.000067 -0.000250 0.000091 q: 0.996841 -0.066414 -0.043484 -0.002708 
time: 112.252000, t: -0.000063 -0.000246 0.000101 q: 0.996831 -0.066512 -0.043557 -0.002718 
time: 112.348000, t: -0.000375 0.000422 -0.000376 q: 0.996777 -0.067207 -0.043700 -0.003076 
time: 112.448000, t: -0.000548 0.000804 -0.000290 q: 0.996764 -0.067357 -0.043757 -0.003287 
time: 112.548000, t: -0.000555 0.000823 -0.000281 q: 0.996754 -0.067450 -0.043828 -0.003308 
time: 112.648000, t: -0.000549 0.000809 -0.000280 q: 0.996744 -0.067542 -0.043905 -0.003309 
time: 112.748000, t: -0.000543 0.000796 -0.000276 q: 0.996735 -0.067633 -0.043979 -0.003312 
time: 112.848000, t: -0.000538 0.000791 -0.000267 q: 0.996726 -0.067723 -0.044051 -0.003321 
time: 112.948000, t: -0.000535 0.000794 -0.000262 q: 0.996716 -0.067815 -0.044125 -0.003331 
time: 113.048000, t: -0.000531 0.000785 -0.000259 q: 0.996706 -0.067907 -0.044201 -0.003337 
time: 113.148000, t: -0.000529 0.000781 -0.000255 q: 0.996697 -0.067999 -0.044276 -0.003344 
time: 113.248000, t: -0.000526 0.000776 -0.000252 q: 0.996687 -0.068091 -0.044351 -0.003351 
time: 113.348000, t: -0.000523 0.000772 -0.000254 q: 0.996677 -0.068185 -0.044430 -0.003360 
time: 113.448000, t: -0.000518 0.000766 -0.000252 q: 0.996667 -0.068279 -0.044505 -0.003368 
time: 113.548000, t: -0.000512 0.000762 -0.000248 q: 0.996658 -0.068370 -0.044580 -0.003375 
time: 113.648000, t: -0.000511 0.000756 -0.000243 q: 0.996648 -0.068462 -0.044654 -0.003381 
time: 113.748000, t: -0.000507 0.000744 -0.000240 q: 0.996638 -0.068554 -0.044729 -0.003385 
time: 113.848000, t: -0.000503 0.000737 -0.000237 q: 0.996629 -0.068646 -0.044804 -0.003391 
time: 113.948000, t: -0.000501 0.000729 -0.000234 q: 0.996619 -0.068738 -0.044879 -0.003397 
time: 114.048000, t: -0.000496 0.000721 -0.000229 q: 0.996609 -0.068829 -0.044953 -0.003403 
time: 114.148000, t: -0.000490 0.000720 -0.000226 q: 0.996600 -0.068922 -0.045027 -0.003413 
time: 114.248000, t: -0.000486 0.000727 -0.000209 q: 0.996591 -0.069008 -0.045092 -0.003423 
time: 114.348000, t: -0.000480 0.000715 -0.000205 q: 0.996581 -0.069101 -0.045167 -0.003431 
time: 114.448000, t: -0.000478 0.000705 -0.000200 q: 0.996571 -0.069192 -0.045241 -0.003435 
time: 114.552000, t: -0.000477 0.000706 -0.000195 q: 0.996561 -0.069283 -0.045314 -0.003445 
time: 114.648000, t: -0.000478 0.000718 -0.000184 q: 0.996552 -0.069374 -0.045385 -0.003459 
time: 114.748000, t: -0.000477 0.000704 -0.000182 q: 0.996542 -0.069469 -0.045461 -0.003464 
time: 114.848000, t: -0.000474 0.000699 -0.000180 q: 0.996532 -0.069561 -0.045537 -0.003471 
time: 114.948000, t: -0.000470 0.000699 -0.000176 q: 0.996522 -0.069654 -0.045612 -0.003482 
time: 115.052000, t: -0.000472 0.000708 -0.000167 q: 0.996512 -0.069745 -0.045683 -0.003495 
time: 115.148000, t: -0.000468 0.000694 -0.000161 q: 0.996503 -0.069835 -0.045755 -0.003499 
time: 115.248000, t: -0.000454 0.000678 -0.000157 q: 0.996493 -0.069924 -0.045829 -0.003500 
time: 115.348000, t: -0.000449 0.000658 -0.000146 q: 0.996484 -0.070011 -0.045898 -0.003499 
time: 115.448000, t: -0.000443 0.000630 -0.000141 q: 0.996474 -0.070100 -0.045972 -0.003494 
time: 115.548000, t: -0.000435 0.000619 -0.000136 q: 0.996464 -0.070191 -0.046047 -0.003497 
time: 115.648000, t: -0.000433 0.000611 -0.000124 q: 0.996455 -0.070281 -0.046116 -0.003505 
time: 115.752000, t: -0.000416 0.000584 -0.000117 q: 0.996445 -0.070368 -0.046189 -0.003498 
time: 115.848000, t: -0.000419 0.000589 -0.000118 q: 0.996434 -0.070464 -0.046269 -0.003511 
time: 115.948000, t: -0.000419 0.000587 -0.000115 q: 0.996424 -0.070558 -0.046346 -0.003521 
time: 116.080000, t: -0.000404 0.000547 -0.000115 q: 0.996415 -0.070643 -0.046426 -0.003508 
time: 116.212000, t: -0.000382 0.000483 -0.000112 q: 0.996405 -0.070723 -0.046502 -0.003482 
time: 116.312000, t: -0.000356 0.000434 -0.000111 q: 0.996397 -0.070792 -0.046574 -0.003470 
time: 116.412000, t: -0.000429 0.000625 -0.000113 q: 0.996383 -0.070929 -0.046663 -0.003582 
time: 116.512000, t: -0.000440 0.000647 -0.000108 q: 0.996372 -0.071028 -0.046738 -0.003605 
time: 116.612000, t: -0.000442 0.000655 -0.000119 q: 0.996361 -0.071125 -0.046823 -0.003620 
time: 116.712000, t: -0.000439 0.000653 -0.000115 q: 0.996351 -0.071217 -0.046898 -0.003629 
time: 116.812000, t: -0.000448 0.000679 -0.000119 q: 0.996340 -0.071316 -0.046980 -0.003653 
time: 116.912000, t: -0.000460 0.000712 -0.000118 q: 0.996329 -0.071412 -0.047057 -0.003680 
time: 117.012000, t: -0.000460 0.000716 -0.000114 q: 0.996319 -0.071508 -0.047133 -0.003694 
time: 117.112000, t: -0.000462 0.000714 -0.000107 q: 0.996309 -0.071597 -0.047204 -0.003701 
time: 117.216000, t: -0.000451 0.000696 -0.000098 q: 0.996299 -0.071685 -0.047275 -0.003702 
time: 117.348000, t: -0.000329 0.000419 -0.000081 q: 0.996302 -0.071644 -0.047287 -0.003559 
time: 117.448000, t: -0.000261 0.000147 -0.000126 q: 0.996293 -0.071716 -0.047385 -0.003401 
time: 117.548000, t: -0.000210 0.000051 -0.000097 q: 0.996286 -0.071775 -0.047441 -0.003358 
time: 117.648000, t: -0.000201 0.000013 -0.000080 q: 0.996277 -0.071856 -0.047513 -0.003345 
time: 117.752000, t: -0.000183 -0.000022 -0.000064 q: 0.996268 -0.071938 -0.047586 -0.003339 
time: 117.848000, t: -0.000163 -0.000062 -0.000050 q: 0.996258 -0.072019 -0.047661 -0.003329 
time: 117.948000, t: -0.000139 -0.000106 -0.000033 q: 0.996249 -0.072098 -0.047733 -0.003316 
time: 118.048000, t: -0.000119 -0.000130 -0.000019 q: 0.996240 -0.072177 -0.047807 -0.003316 
time: 118.148000, t: -0.000101 -0.000166 -0.000008 q: 0.996230 -0.072262 -0.047885 -0.003309 
time: 118.248000, t: -0.000087 -0.000192 0.000012 q: 0.996221 -0.072343 -0.047957 -0.003305 
time: 118.348000, t: -0.000068 -0.000234 0.000025 q: 0.996211 -0.072427 -0.048034 -0.003295 
time: 118.448000, t: -0.000052 -0.000270 0.000045 q: 0.996201 -0.072509 -0.048107 -0.003288 
time: 118.548000, t: -0.000041 -0.000295 0.000059 q: 0.996191 -0.072595 -0.048183 -0.003287 
time: 118.648000, t: -0.000033 -0.000311 0.000069 q: 0.996181 -0.072685 -0.048262 -0.003289 
time: 118.748000, t: -0.000020 -0.000330 0.000085 q: 0.996171 -0.072771 -0.048336 -0.003291 
time: 118.848000, t: -0.000011 -0.000348 0.000100 q: 0.996161 -0.072858 -0.048410 -0.003293 
time: 118.952000, t: -0.000061 -0.000225 0.000069 q: 0.996147 -0.072988 -0.048502 -0.003372 
time: 119.048000, t: -0.000069 -0.000213 0.000067 q: 0.996135 -0.073094 -0.048582 -0.003389 
time: 119.148000, t: -0.000308 0.000257 -0.000432 q: 0.996079 -0.073749 -0.048734 -0.003638 
time: 119.248000, t: -0.000416 0.000479 -0.000414 q: 0.996063 -0.073891 -0.048822 -0.003763 
time: 119.348000, t: -0.000422 0.000497 -0.000406 q: 0.996053 -0.073985 -0.048900 -0.003783 
time: 119.448000, t: -0.000423 0.000489 -0.000403 q: 0.996042 -0.074080 -0.048978 -0.003792 
time: 119.552000, t: -0.000423 0.000488 -0.000393 q: 0.996031 -0.074170 -0.049051 -0.003803 
time: 119.648000, t: -0.000417 0.000489 -0.000382 q: 0.996021 -0.074259 -0.049125 -0.003814 
time: 119.748000, t: -0.000419 0.000485 -0.000378 q: 0.996010 -0.074352 -0.049203 -0.003822 
time: 119.848000, t: -0.000416 0.000480 -0.000375 q: 0.996000 -0.074443 -0.049280 -0.003830 
time: 119.948000, t: -0.000411 0.000477 -0.000369 q: 0.995989 -0.074534 -0.049357 -0.003839 
time: 120.048000, t: -0.000409 0.000462 -0.000368 q: 0.995978 -0.074626 -0.049435 -0.003843 
time: 120.180000, t: -0.000406 0.000461 -0.000368 q: 0.995967 -0.074715 -0.049516 -0.003852 
time: 120.312000, t: -0.000399 0.000459 -0.000362 q: 0.995957 -0.074805 -0.049594 -0.003862 
time: 120.412000, t: -0.000404 0.000472 -0.000353 q: 0.995946 -0.074897 -0.049669 -0.003880 
time: 120.512000, t: -0.000405 0.000474 -0.000343 q: 0.995935 -0.074988 -0.049743 -0.003892 
time: 120.612000, t: -0.000402 0.000454 -0.000342 q: 0.995924 -0.075081 -0.049821 -0.003895 
time: 120.712000, t: -0.000398 0.000450 -0.000337 q: 0.995914 -0.075172 -0.049898 -0.003904 
time: 120.812000, t: -0.000397 0.000449 -0.000330 q: 0.995903 -0.075263 -0.049973 -0.003913 
time: 120.912000, t: -0.000392 0.000444 -0.000324 q: 0.995892 -0.075353 -0.050049 -0.003922 
time: 121.012000, t: -0.000383 0.000439 -0.000319 q: 0.995882 -0.075443 -0.050124 -0.003930 
time: 121.112000, t: -0.000374 0.000427 -0.000300 q: 0.995872 -0.075527 -0.050190 -0.003934 
time: 121.212000, t: -0.000372 0.000423 -0.000290 q: 0.995862 -0.075615 -0.050262 -0.003941 
time: 121.312000, t: -0.000368 0.000408 -0.000286 q: 0.995851 -0.075707 -0.050340 -0.003947 
time: 121.412000, t: -0.000364 0.000400 -0.000273 q: 0.995840 -0.075795 -0.050411 -0.003953 
time: 121.512000, t: -0.000355 0.000377 -0.000264 q: 0.995830 -0.075883 -0.050484 -0.003952 
time: 121.612000, t: -0.000341 0.000347 -0.000255 q: 0.995820 -0.075968 -0.050557 -0.003946 
time: 121.712000, t: -0.000326 0.000312 -0.000247 q: 0.995810 -0.076052 -0.050631 -0.003938 
time: 121.812000, t: -0.000316 0.000290 -0.000239 q: 0.995799 -0.076137 -0.050706 -0.003934 
time: 121.912000, t: -0.000312 0.000279 -0.000230 q: 0.995789 -0.076228 -0.050782 -0.003941 
time: 122.016000, t: -0.000305 0.000255 -0.000226 q: 0.995778 -0.076318 -0.050861 -0.003940 
time: 122.148000, t: -0.000295 0.000236 -0.000217 q: 0.995767 -0.076406 -0.050938 -0.003940 
time: 122.248000, t: -0.000294 0.000226 -0.000211 q: 0.995756 -0.076498 -0.051017 -0.003946 
time: 122.380000, t: -0.000288 0.000212 -0.000206 q: 0.995745 -0.076589 -0.051098 -0.003949 
time: 122.512000, t: -0.000283 0.000205 -0.000199 q: 0.995734 -0.076680 -0.051177 -0.003956 
time: 122.612000, t: -0.000287 0.000209 -0.000196 q: 0.995722 -0.076775 -0.051259 -0.003970 
time: 122.684000, t: -0.000290 0.000214 -0.000193 q: 0.995710 -0.076873 -0.051339 -0.003985 
time: 122.812000, t: -0.000289 0.000216 -0.000187 q: 0.995699 -0.076966 -0.051420 -0.003996 
time: 122.884000, t: -0.000292 0.000220 -0.000188 q: 0.995687 -0.077063 -0.051503 -0.004010 
time: 122.984000, t: -0.000289 0.000210 -0.000184 q: 0.995676 -0.077155 -0.051583 -0.004016 
time: 123.112000, t: -0.000293 0.000213 -0.000193 q: 0.995663 -0.077253 -0.051673 -0.004029 
time: 123.212000, t: -0.000292 0.000210 -0.000190 q: 0.995652 -0.077346 -0.051753 -0.004040 
time: 123.312000, t: -0.000291 0.000201 -0.000181 q: 0.995641 -0.077438 -0.051831 -0.004047 
time: 123.412000, t: -0.000294 0.000204 -0.000188 q: 0.995629 -0.077535 -0.051919 -0.004060 
time: 123.512000, t: -0.000291 0.000204 -0.000185 q: 0.995617 -0.077628 -0.052000 -0.004071 
time: 123.616000, t: -0.000291 0.000208 -0.000186 q: 0.995605 -0.077722 -0.052085 -0.004084 
time: 123.748000, t: -0.000295 0.000210 -0.000186 q: 0.995593 -0.077817 -0.052169 -0.004097 
time: 123.848000, t: -0.000295 0.000201 -0.000179 q: 0.995582 -0.077909 -0.052248 -0.004104 
time: 123.948000, t: -0.000293 0.000196 -0.000175 q: 0.995570 -0.078002 -0.052328 -0.004112 
time: 124.048000, t: -0.000291 0.000192 -0.000168 q: 0.995559 -0.078095 -0.052407 -0.004121 
time: 124.148000, t: -0.000289 0.000183 -0.000161 q: 0.995548 -0.078186 -0.052485 -0.004127 
time: 124.252000, t: -0.000285 0.000177 -0.000143 q: 0.995537 -0.078272 -0.052554 -0.004136 
time: 124.348000, t: -0.000283 0.000177 -0.000133 q: 0.995526 -0.078363 -0.052629 -0.004147 
time: 124.452000, t: -0.000293 0.000178 -0.000123 q: 0.995515 -0.078455 -0.052706 -0.004156 
time: 124.548000, t: -0.000285 0.000177 -0.000112 q: 0.995504 -0.078546 -0.052782 -0.004168 
time: 124.648000, t: -0.000278 0.000165 -0.000104 q: 0.995492 -0.078635 -0.052858 -0.004174 
time: 124.748000, t: -0.000272 0.000146 -0.000095 q: 0.995482 -0.078722 -0.052933 -0.004176 
time: 124.848000, t: -0.000262 0.000125 -0.000084 q: 0.995471 -0.078809 -0.053008 -0.004175 
time: 124.980000, t: -0.000245 0.000077 -0.000068 q: 0.995461 -0.078885 -0.053078 -0.004160 
time: 125.112000, t: -0.000200 -0.000018 -0.000036 q: 0.995453 -0.078942 -0.053140 -0.004119 
time: 125.212000, t: -0.000150 -0.000123 -0.000007 q: 0.995445 -0.079000 -0.053204 -0.004074 
time: 125.312000, t: -0.000127 -0.000171 0.000016 q: 0.995436 -0.079075 -0.053273 -0.004060 
time: 125.416000, t: -0.000104 -0.000212 0.000036 q: 0.995426 -0.079151 -0.053346 -0.004049 
time: 125.548000, t: -0.000068 -0.000278 0.000060 q: 0.995417 -0.079221 -0.053416 -0.004029 
time: 125.648000, t: -0.000045 -0.000319 0.000081 q: 0.995407 -0.079299 -0.053486 -0.004019 
time: 125.748000, t: -0.000037 -0.000328 0.000087 q: 0.995395 -0.079396 -0.053561 -0.004028 
time: 125.848000, t: -0.000042 -0.000320 0.000089 q: 0.995383 -0.079496 -0.053637 -0.004040 
time: 125.948000, t: -0.000348 0.000290 -0.000441 q: 0.995317 -0.080187 -0.053802 -0.004374 
time: 126.048000, t: -0.000521 0.000650 -0.000400 q: 0.995299 -0.080349 -0.053880 -0.004574 
time: 126.148000, t: -0.000533 0.000675 -0.000390 q: 0.995287 -0.080443 -0.053952 -0.004599 
time: 126.248000, t: -0.000538 0.000681 -0.000386 q: 0.995276 -0.080534 -0.054027 -0.004613 
time: 126.348000, t: -0.000535 0.000678 -0.000378 q: 0.995265 -0.080624 -0.054099 -0.004625 
time: 126.448000, t: -0.000535 0.000689 -0.000367 q: 0.995254 -0.080710 -0.054168 -0.004640 
time: 126.580000, t: -0.000533 0.000672 -0.000365 q: 0.995242 -0.080801 -0.054245 -0.004645 
time: 126.712000, t: -0.000528 0.000663 -0.000362 q: 0.995231 -0.080889 -0.054321 -0.004650 
time: 126.812000, t: -0.000529 0.000664 -0.000356 q: 0.995220 -0.080979 -0.054395 -0.004663 
time: 126.912000, t: -0.000532 0.000669 -0.000356 q: 0.995208 -0.081071 -0.054472 -0.004677 
time: 127.012000, t: -0.000525 0.000656 -0.000354 q: 0.995196 -0.081160 -0.054547 -0.004685 
time: 127.084000, t: -0.000521 0.000671 -0.000350 q: 0.995185 -0.081251 -0.054619 -0.004702 
time: 127.212000, t: -0.000527 0.000669 -0.000346 q: 0.995173 -0.081342 -0.054693 -0.004715 
time: 127.312000, t: -0.000529 0.000676 -0.000336 q: 0.995162 -0.081429 -0.054763 -0.004728 
time: 127.412000, t: -0.000528 0.000672 -0.000330 q: 0.995151 -0.081516 -0.054834 -0.004735 
time: 127.512000, t: -0.000520 0.000666 -0.000327 q: 0.995140 -0.081605 -0.054907 -0.004745 
time: 127.612000, t: -0.000514 0.000664 -0.000321 q: 0.995129 -0.081692 -0.054979 -0.004755 
time: 127.712000, t: -0.000504 0.000650 -0.000318 q: 0.995117 -0.081780 -0.055052 -0.004759 
time: 127.784000, t: -0.000503 0.000645 -0.000315 q: 0.995106 -0.081870 -0.055124 -0.004769 
time: 127.912000, t: -0.000498 0.000633 -0.000303 q: 0.995095 -0.081954 -0.055191 -0.004774 
time: 128.012000, t: -0.000496 0.000632 -0.000297 q: 0.995084 -0.082043 -0.055263 -0.004784 
time: 128.112000, t: -0.000497 0.000636 -0.000292 q: 0.995072 -0.082133 -0.055336 -0.004797 
time: 128.212000, t: -0.000500 0.000636 -0.000283 q: 0.995061 -0.082219 -0.055405 -0.004808 
time: 128.312000, t: -0.000497 0.000634 -0.000280 q: 0.995050 -0.082310 -0.055480 -0.004819 
time: 128.384000, t: -0.000498 0.000643 -0.000273 q: 0.995038 -0.082401 -0.055551 -0.004835 
time: 128.512000, t: -0.000497 0.000625 -0.000273 q: 0.995027 -0.082490 -0.055626 -0.004838 
time: 128.612000, t: -0.000495 0.000626 -0.000267 q: 0.995015 -0.082576 -0.055697 -0.004848 
time: 128.712000, t: -0.000495 0.000630 -0.000259 q: 0.995004 -0.082665 -0.055768 -0.004862 
time: 128.816000, t: -0.000489 0.000616 -0.000258 q: 0.994992 -0.082755 -0.055843 -0.004868 
time: 128.948000, t: -0.000475 0.000586 -0.000244 q: 0.994982 -0.082835 -0.055908 -0.004861 
time: 129.048000, t: -0.000472 0.000574 -0.000237 q: 0.994971 -0.082922 -0.055980 -0.004867 
time: 129.148000, t: -0.000469 0.000572 -0.000233 q: 0.994959 -0.083012 -0.056054 -0.004877 
time: 129.248000, t: -0.000357 0.000354 -0.000196 q: 0.994962 -0.082980 -0.056053 -0.004772 
time: 129.348000, t: -0.000479 0.000607 -0.000218 q: 0.994943 -0.083134 -0.056155 -0.004914 
time: 129.448000, t: -0.000492 0.000627 -0.000220 q: 0.994931 -0.083230 -0.056230 -0.004935 
time: 129.548000, t: -0.000371 0.000402 -0.000196 q: 0.994933 -0.083201 -0.056237 -0.004825 
time: 129.648000, t: -0.000495 0.000656 -0.000218 q: 0.994914 -0.083350 -0.056336 -0.004968 
time: 129.748000, t: -0.000498 0.000657 -0.000215 q: 0.994903 -0.083441 -0.056407 -0.004979 
time: 129.880000, t: -0.000331 0.000315 -0.000190 q: 0.994908 -0.083386 -0.056409 -0.004806 
time: 130.012000, t: -0.000490 0.000647 -0.000224 q: 0.994886 -0.083556 -0.056522 -0.004993 
time: 130.112000, t: -0.000504 0.000660 -0.000224 q: 0.994874 -0.083651 -0.056594 -0.005009 
time: 130.216000, t: -0.000385 0.000438 -0.000215 q: 0.994876 -0.083627 -0.056613 -0.004901 
time: 130.352000, t: -0.000494 0.000677 -0.000232 q: 0.994858 -0.083766 -0.056707 -0.005035 
time: 130.448000, t: -0.000510 0.000702 -0.000237 q: 0.994845 -0.083863 -0.056782 -0.005061 
time: 130.548000, t: -0.000507 0.000697 -0.000236 q: 0.994834 -0.083951 -0.056854 -0.005069 
time: 130.648000, t: -0.000380 0.000430 -0.000209 q: 0.994837 -0.083915 -0.056859 -0.004937 
time: 130.748000, t: -0.000511 0.000704 -0.000232 q: 0.994818 -0.084066 -0.056958 -0.005090 
time: 130.880000, t: -0.000398 0.000473 -0.000216 q: 0.994820 -0.084044 -0.056973 -0.004975 
time: 130.984000, t: -0.000514 0.000722 -0.000221 q: 0.994803 -0.084182 -0.057054 -0.005115 
time: 131.112000, t: -0.000365 0.000414 -0.000184 q: 0.994807 -0.084136 -0.057053 -0.004960 
time: 131.212000, t: -0.000510 0.000727 -0.000187 q: 0.994789 -0.084288 -0.057133 -0.005133 
time: 131.312000, t: -0.000401 0.000509 -0.000160 q: 0.994791 -0.084264 -0.057138 -0.005022 
time: 131.412000, t: -0.000509 0.000738 -0.000169 q: 0.994774 -0.084401 -0.057219 -0.005153 
time: 131.512000, t: -0.000378 0.000457 -0.000134 q: 0.994778 -0.084363 -0.057218 -0.005013 
time: 131.612000, t: -0.000506 0.000739 -0.000157 q: 0.994759 -0.084515 -0.057311 -0.005169 
time: 131.712000, t: -0.000377 0.000463 -0.000120 q: 0.994763 -0.084477 -0.057308 -0.005031 
time: 131.784000, t: -0.000447 0.000630 -0.000144 q: 0.994754 -0.084548 -0.057357 -0.005120 
time: 131.912000, t: -0.000405 0.000531 -0.000126 q: 0.994753 -0.084553 -0.057374 -0.005075 
time: 132.012000, t: -0.000443 0.000619 -0.000130 q: 0.994747 -0.084601 -0.057408 -0.005123 
time: 132.112000, t: -0.000415 0.000559 -0.000114 q: 0.994745 -0.084614 -0.057426 -0.005097 
time: 132.212000, t: -0.000437 0.000612 -0.000112 q: 0.994740 -0.084650 -0.057453 -0.005125 
time: 132.312000, t: -0.000412 0.000554 -0.000101 q: 0.994737 -0.084669 -0.057474 -0.005103 
time: 132.412000, t: -0.000421 0.000588 -0.000090 q: 0.994733 -0.084700 -0.057496 -0.005124 
time: 132.512000, t: -0.000409 0.000566 -0.000077 q: 0.994730 -0.084724 -0.057509 -0.005113 
time: 132.612000, t: -0.000417 0.000586 -0.000083 q: 0.994725 -0.084762 -0.057543 -0.005129 
time: 132.712000, t: -0.000410 0.000561 -0.000084 q: 0.994721 -0.084794 -0.057566 -0.005122 
time: 132.812000, t: -0.000632 0.000901 -0.000387 q: 0.994677 -0.085301 -0.057564 -0.005294 
time: 132.912000, t: -0.000646 0.000859 -0.000386 q: 0.994664 -0.085397 -0.057641 -0.005276 
time: 133.012000, t: -0.000648 0.000860 -0.000383 q: 0.994653 -0.085484 -0.057712 -0.005288 
time: 133.112000, t: -0.000641 0.000853 -0.000377 q: 0.994641 -0.085570 -0.057781 -0.005297 
time: 133.212000, t: -0.000618 0.000814 -0.000373 q: 0.994635 -0.085615 -0.057825 -0.005286 
time: 133.316000, t: -0.000629 0.000843 -0.000363 q: 0.994625 -0.085692 -0.057884 -0.005308 
time: 133.448000, t: -0.000633 0.000852 -0.000362 q: 0.994612 -0.085782 -0.057957 -0.005325 
time: 133.548000, t: -0.000630 0.000850 -0.000357 q: 0.994601 -0.085866 -0.058027 -0.005333 
time: 133.648000, t: -0.000625 0.000834 -0.000357 q: 0.994589 -0.085956 -0.058100 -0.005340 
time: 133.748000, t: -0.000622 0.000832 -0.000360 q: 0.994577 -0.086046 -0.058175 -0.005351 
time: 133.848000, t: -0.000618 0.000835 -0.000358 q: 0.994565 -0.086132 -0.058246 -0.005363 
time: 133.948000, t: -0.000618 0.000840 -0.000355 q: 0.994553 -0.086220 -0.058316 -0.005378 
time: 134.048000, t: -0.000619 0.000840 -0.000349 q: 0.994542 -0.086308 -0.058385 -0.005391 
time: 134.148000, t: -0.000617 0.000836 -0.000344 q: 0.994530 -0.086392 -0.058453 -0.005399 
time: 134.280000, t: -0.000610 0.000827 -0.000342 q: 0.994518 -0.086479 -0.058525 -0.005407 
time: 134.412000, t: -0.000612 0.000821 -0.000337 q: 0.994507 -0.086565 -0.058596 -0.005415 
time: 134.512000, t: -0.000597 0.000814 -0.000333 q: 0.994495 -0.086648 -0.058665 -0.005423 
time: 134.612000, t: -0.000593 0.000805 -0.000330 q: 0.994484 -0.086735 -0.058735 -0.005432 
time: 134.684000, t: -0.000591 0.000815 -0.000315 q: 0.994473 -0.086817 -0.058795 -0.005446 
time: 134.812000, t: -0.000592 0.000801 -0.000313 q: 0.994461 -0.086905 -0.058866 -0.005453 
time: 134.912000, t: -0.000592 0.000807 -0.000308 q: 0.994449 -0.086991 -0.058935 -0.005466 
time: 135.012000, t: -0.000595 0.000812 -0.000298 q: 0.994438 -0.087075 -0.058999 -0.005479 
time: 135.116000, t: -0.000588 0.000808 -0.000296 q: 0.994426 -0.087164 -0.059071 -0.005490 
time: 135.212000, t: -0.000592 0.000813 -0.000291 q: 0.994414 -0.087250 -0.059139 -0.005504 
time: 135.312000, t: -0.000592 0.000806 -0.000291 q: 0.994402 -0.087338 -0.059210 -0.005513 
time: 135.412000, t: -0.000591 0.000808 -0.000287 q: 0.994391 -0.087422 -0.059278 -0.005524 
time: 135.512000, t: -0.000587 0.000806 -0.000281 q: 0.994379 -0.087508 -0.059346 -0.005535 
time: 135.612000, t: -0.000583 0.000800 -0.000280 q: 0.994367 -0.087595 -0.059416 -0.005544 
time: 135.712000, t: -0.000583 0.000796 -0.000271 q: 0.994356 -0.087680 -0.059481 -0.005555 
time: 135.812000, t: -0.000586 0.000794 -0.000268 q: 0.994344 -0.087766 -0.059551 -0.005564 
time: 135.884000, t: -0.000580 0.000796 -0.000265 q: 0.994332 -0.087852 -0.059618 -0.005577 
time: 136.012000, t: -0.000583 0.000780 -0.000264 q: 0.994320 -0.087939 -0.059689 -0.005579 
time: 136.116000, t: -0.000579 0.000792 -0.000254 q: 0.994309 -0.088023 -0.059754 -0.005594 
time: 136.252000, t: -0.000385 0.000395 -0.000253 q: 0.994313 -0.087975 -0.059780 -0.005397 
time: 136.348000, t: -0.000571 0.000808 -0.000245 q: 0.994293 -0.088134 -0.059852 -0.005624 
time: 136.448000, t: -0.000588 0.000834 -0.000246 q: 0.994280 -0.088227 -0.059920 -0.005647 
time: 136.548000, t: -0.000587 0.000833 -0.000254 q: 0.994268 -0.088314 -0.059995 -0.005659 
time: 136.648000, t: -0.000583 0.000835 -0.000250 q: 0.994257 -0.088398 -0.060062 -0.005668 
time: 136.748000, t: -0.000587 0.000848 -0.000269 q: 0.994243 -0.088492 -0.060145 -0.005690 
time: 136.848000, t: -0.000587 0.000840 -0.000268 q: 0.994231 -0.088579 -0.060216 -0.005699 
time: 136.948000, t: -0.000588 0.000836 -0.000264 q: 0.994219 -0.088663 -0.060283 -0.005708 
time: 137.048000, t: -0.000587 0.000851 -0.000275 q: 0.994207 -0.088752 -0.060360 -0.005728 
time: 137.148000, t: -0.000587 0.000853 -0.000276 q: 0.994195 -0.088837 -0.060430 -0.005742 
time: 137.248000, t: -0.000593 0.000874 -0.000285 q: 0.994182 -0.088927 -0.060506 -0.005765 
time: 137.348000, t: -0.000592 0.000880 -0.000286 q: 0.994170 -0.089012 -0.060575 -0.005779 
time: 137.448000, t: -0.000599 0.000884 -0.000286 q: 0.994158 -0.089100 -0.060644 -0.005793 
time: 137.548000, t: -0.000600 0.000885 -0.000283 q: 0.994146 -0.089184 -0.060712 -0.005805 
time: 137.648000, t: -0.000600 0.000890 -0.000278 q: 0.994134 -0.089270 -0.060776 -0.005819 
time: 137.748000, t: -0.000597 0.000881 -0.000277 q: 0.994123 -0.089355 -0.060845 -0.005826 
time: 137.848000, t: -0.000420 0.000517 -0.000238 q: 0.994128 -0.089302 -0.060847 -0.005647 
time: 137.948000, t: -0.000570 0.000880 -0.000246 q: 0.994110 -0.089446 -0.060919 -0.005840 
time: 138.048000, t: -0.000599 0.000909 -0.000249 q: 0.994096 -0.089545 -0.060989 -0.005868 
time: 138.148000, t: -0.000422 0.000529 -0.000217 q: 0.994102 -0.089496 -0.060994 -0.005680 
time: 138.252000, t: -0.000570 0.000875 -0.000237 q: 0.994082 -0.089642 -0.061076 -0.005867 
time: 138.348000, t: -0.000457 0.000628 -0.000215 q: 0.994084 -0.089622 -0.061089 -0.005747 
time: 138.448000, t: -0.000584 0.000909 -0.000233 q: 0.994066 -0.089759 -0.061166 -0.005900 
time: 138.580000, t: -0.000405 0.000505 -0.000199 q: 0.994072 -0.089706 -0.061171 -0.005698 
time: 138.712000, t: -0.000558 0.000872 -0.000218 q: 0.994055 -0.089834 -0.061237 -0.005894 
time: 138.812000, t: -0.000441 0.000615 -0.000192 q: 0.994057 -0.089810 -0.061247 -0.005766 
time: 138.912000, t: -0.000512 0.000783 -0.000198 q: 0.994050 -0.089868 -0.061277 -0.005854 
time: 139.012000, t: -0.000459 0.000656 -0.000185 q: 0.994048 -0.089872 -0.061297 -0.005796 
time: 139.112000, t: -0.000502 0.000768 -0.000190 q: 0.994042 -0.089919 -0.061326 -0.005855 
time: 139.212000, t: -0.000451 0.000665 -0.000165 q: 0.994041 -0.089922 -0.061336 -0.005809 
time: 139.316000, t: -0.000492 0.000767 -0.000167 q: 0.994035 -0.089970 -0.061358 -0.005860 
time: 139.448000, t: -0.000451 0.000673 -0.000155 q: 0.994033 -0.089984 -0.061372 -0.005817 
time: 139.552000, t: -0.000714 0.001067 -0.000392 q: 0.993991 -0.090478 -0.061317 -0.006023 
time: 139.648000, t: -0.000740 0.001023 -0.000395 q: 0.993977 -0.090575 -0.061394 -0.005997 
time: 139.748000, t: -0.000735 0.001011 -0.000394 q: 0.993965 -0.090659 -0.061463 -0.006004 
time: 139.848000, t: -0.000733 0.001010 -0.000392 q: 0.993953 -0.090745 -0.061531 -0.006014 
time: 139.948000, t: -0.000725 0.001007 -0.000385 q: 0.993942 -0.090826 -0.061596 -0.006023 
time: 140.052000, t: -0.000722 0.000999 -0.000379 q: 0.993930 -0.090909 -0.061662 -0.006032 
time: 140.148000, t: -0.000722 0.000995 -0.000375 q: 0.993918 -0.090997 -0.061730 -0.006044 
time: 140.280000, t: -0.000719 0.000992 -0.000373 q: 0.993906 -0.091081 -0.061800 -0.006054 
time: 140.412000, t: -0.000713 0.000982 -0.000371 q: 0.993894 -0.091165 -0.061870 -0.006060 
time: 140.512000, t: -0.000714 0.000987 -0.000375 q: 0.993881 -0.091252 -0.061942 -0.006076 
time: 140.612000, t: -0.000709 0.000983 -0.000371 q: 0.993869 -0.091336 -0.062009 -0.006087 
time: 140.716000, t: -0.000701 0.000992 -0.000368 q: 0.993857 -0.091421 -0.062075 -0.006103 
time: 140.848000, t: -0.000707 0.000994 -0.000362 q: 0.993845 -0.091505 -0.062142 -0.006116 
time: 140.948000, t: -0.000701 0.000991 -0.000357 q: 0.993833 -0.091587 -0.062207 -0.006126 
time: 141.048000, t: -0.000697 0.000984 -0.000358 q: 0.993821 -0.091674 -0.062276 -0.006135 
time: 141.148000, t: -0.000696 0.000983 -0.000354 q: 0.993809 -0.091759 -0.062342 -0.006147 
time: 141.248000, t: -0.000687 0.000981 -0.000349 q: 0.993797 -0.091839 -0.062407 -0.006154 
time: 141.348000, t: -0.000683 0.000970 -0.000349 q: 0.993785 -0.091926 -0.062475 -0.006164 
time: 141.448000, t: -0.000677 0.000971 -0.000346 q: 0.993773 -0.092008 -0.062541 -0.006173 
time: 141.548000, t: -0.000678 0.000966 -0.000332 q: 0.993762 -0.092091 -0.062600 -0.006186 
time: 141.648000, t: -0.000677 0.000962 -0.000329 q: 0.993750 -0.092175 -0.062666 -0.006195 
time: 141.748000, t: -0.000674 0.000964 -0.000329 q: 0.993738 -0.092259 -0.062734 -0.006208 
time: 141.848000, t: -0.000676 0.000963 -0.000321 q: 0.993726 -0.092342 -0.062797 -0.006219 
time: 141.948000, t: -0.000674 0.000961 -0.000319 q: 0.993714 -0.092427 -0.062864 -0.006230 
time: 142.048000, t: -0.000672 0.000964 -0.000316 q: 0.993701 -0.092510 -0.062930 -0.006243 
time: 142.148000, t: -0.000672 0.000962 -0.000315 q: 0.993689 -0.092595 -0.062996 -0.006254 
time: 142.248000, t: -0.000672 0.000960 -0.000314 q: 0.993677 -0.092679 -0.063063 -0.006264 
time: 142.348000, t: -0.000667 0.000960 -0.000308 q: 0.993666 -0.092760 -0.063126 -0.006276 
time: 142.448000, t: -0.000666 0.000957 -0.000306 q: 0.993653 -0.092846 -0.063192 -0.006286 
time: 142.548000, t: -0.000665 0.000958 -0.000298 q: 0.993642 -0.092927 -0.063254 -0.006297 
time: 142.648000, t: -0.000663 0.000952 -0.000294 q: 0.993630 -0.093010 -0.063319 -0.006306 
time: 142.748000, t: -0.000663 0.000955 -0.000294 q: 0.993617 -0.093095 -0.063386 -0.006319 
time: 142.880000, t: -0.000664 0.000957 -0.000288 q: 0.993605 -0.093179 -0.063451 -0.006333 
time: 142.984000, t: -0.000663 0.000959 -0.000283 q: 0.993593 -0.093262 -0.063516 -0.006345 
time: 143.112000, t: -0.000667 0.000979 -0.000287 q: 0.993580 -0.093349 -0.063586 -0.006368 
time: 143.212000, t: -0.000665 0.000985 -0.000284 q: 0.993569 -0.093431 -0.063651 -0.006383 
time: 143.312000, t: -0.000664 0.000986 -0.000291 q: 0.993556 -0.093515 -0.063722 -0.006396 
time: 143.416000, t: -0.000662 0.000984 -0.000292 q: 0.993544 -0.093598 -0.063789 -0.006407 
time: 143.548000, t: -0.000666 0.000993 -0.000311 q: 0.993530 -0.093688 -0.063870 -0.006425 
time: 143.648000, t: -0.000661 0.000990 -0.000310 q: 0.993518 -0.093769 -0.063936 -0.006436 
time: 143.752000, t: -0.000657 0.000980 -0.000306 q: 0.993506 -0.093849 -0.064000 -0.006443 
time: 143.848000, t: -0.000659 0.000992 -0.000319 q: 0.993493 -0.093936 -0.064073 -0.006462 
time: 143.952000, t: -0.000650 0.000999 -0.000319 q: 0.993481 -0.094016 -0.064139 -0.006476 
time: 144.048000, t: -0.000654 0.001015 -0.000326 q: 0.993469 -0.094102 -0.064208 -0.006498 
time: 144.148000, t: -0.000656 0.001016 -0.000328 q: 0.993456 -0.094185 -0.064275 -0.006510 
time: 144.248000, t: -0.000660 0.001022 -0.000329 q: 0.993444 -0.094269 -0.064340 -0.006524 
time: 144.348000, t: -0.000663 0.001024 -0.000328 q: 0.993432 -0.094351 -0.064405 -0.006536 
time: 144.452000, t: -0.000659 0.001031 -0.000325 q: 0.993420 -0.094434 -0.064468 -0.006552 
time: 144.552000, t: -0.000656 0.001035 -0.000321 q: 0.993408 -0.094514 -0.064531 -0.006564 
time: 144.648000, t: -0.000655 0.001028 -0.000310 q: 0.993397 -0.094594 -0.064587 -0.006574 
time: 144.748000, t: -0.000655 0.001036 -0.000309 q: 0.993385 -0.094677 -0.064651 -0.006588 
time: 144.852000, t: -0.000661 0.001043 -0.000302 q: 0.993373 -0.094762 -0.064712 -0.006605 
time: 144.948000, t: -0.000662 0.001051 -0.000295 q: 0.993361 -0.094843 -0.064772 -0.006621 
time: 145.048000, t: -0.000657 0.001040 -0.000291 q: 0.993349 -0.094924 -0.064834 -0.006627 
time: 145.148000, t: -0.000656 0.001042 -0.000284 q: 0.993337 -0.095007 -0.064896 -0.006641 
time: 145.280000, t: -0.000415 0.000498 -0.000244 q: 0.993345 -0.094933 -0.064905 -0.006369 
time: 145.412000, t: -0.000589 0.000952 -0.000272 q: 0.993324 -0.095083 -0.064983 -0.006611 
time: 145.512000, t: -0.000642 0.001064 -0.000280 q: 0.993309 -0.095187 -0.065049 -0.006678 
time: 145.616000, t: -0.000458 0.000635 -0.000235 q: 0.993315 -0.095135 -0.065052 -0.006469 
time: 145.748000, t: -0.000599 0.000984 -0.000260 q: 0.993296 -0.095271 -0.065127 -0.006652 
time: 145.848000, t: -0.000498 0.000764 -0.000237 q: 0.993297 -0.095257 -0.065142 -0.006546 
time: 145.948000, t: -0.000545 0.000891 -0.000239 q: 0.993291 -0.095303 -0.065166 -0.006612 
time: 146.048000, t: -0.000506 0.000796 -0.000223 q: 0.993289 -0.095313 -0.065182 -0.006571 
time: 146.148000, t: -0.000539 0.000885 -0.000232 q: 0.993283 -0.095359 -0.065206 -0.006617 
time: 146.248000, t: -0.000507 0.000818 -0.000224 q: 0.993280 -0.095378 -0.065222 -0.006587 
time: 146.348000, t: -0.000533 0.000871 -0.000230 q: 0.993274 -0.095417 -0.065251 -0.006618 
time: 146.480000, t: -0.000757 0.001189 -0.000408 q: 0.993237 -0.095866 -0.065152 -0.006784 
time: 146.612000, t: -0.000807 0.001146 -0.000412 q: 0.993222 -0.095967 -0.065229 -0.006757 
time: 146.712000, t: -0.000795 0.001136 -0.000406 q: 0.993210 -0.096049 -0.065293 -0.006767 
time: 146.812000, t: -0.000793 0.001131 -0.000399 q: 0.993198 -0.096132 -0.065355 -0.006777 
time: 146.912000, t: -0.000792 0.001132 -0.000395 q: 0.993185 -0.096215 -0.065421 -0.006790 
time: 147.012000, t: -0.000786 0.001134 -0.000394 q: 0.993173 -0.096299 -0.065487 -0.006802 
time: 147.112000, t: -0.000784 0.001125 -0.000392 q: 0.993160 -0.096382 -0.065553 -0.006810 
time: 147.212000, t: -0.000781 0.001126 -0.000389 q: 0.993148 -0.096464 -0.065617 -0.006821 
time: 147.312000, t: -0.000779 0.001127 -0.000395 q: 0.993135 -0.096550 -0.065689 -0.006836 
time: 147.412000, t: -0.000773 0.001116 -0.000395 q: 0.993122 -0.096633 -0.065755 -0.006845 
time: 147.512000, t: -0.000771 0.001121 -0.000392 q: 0.993109 -0.096718 -0.065819 -0.006860 
time: 147.612000, t: -0.000773 0.001127 -0.000388 q: 0.993097 -0.096801 -0.065883 -0.006875 
time: 147.712000, t: -0.000769 0.001126 -0.000383 q: 0.993085 -0.096881 -0.065945 -0.006885 
time: 147.812000, t: -0.000766 0.001117 -0.000381 q: 0.993072 -0.096965 -0.066010 -0.006895 
time: 147.916000, t: -0.000767 0.001121 -0.000379 q: 0.993060 -0.097047 -0.066074 -0.006907 
time: 148.048000, t: -0.000758 0.001110 -0.000376 q: 0.993048 -0.097128 -0.066140 -0.006915 
time: 148.148000, t: -0.000750 0.001101 -0.000374 q: 0.993035 -0.097210 -0.066205 -0.006923 
time: 148.248000, t: -0.000743 0.001097 -0.000373 q: 0.993023 -0.097290 -0.066269 -0.006930 
time: 148.348000, t: -0.000739 0.001093 -0.000360 q: 0.993011 -0.097371 -0.066327 -0.006944 
time: 148.448000, t: -0.000735 0.001087 -0.000354 q: 0.992999 -0.097451 -0.066389 -0.006952 
time: 148.580000, t: -0.000738 0.001093 -0.000355 q: 0.992986 -0.097535 -0.066456 -0.006968 
time: 148.684000, t: -0.000735 0.001092 -0.000347 q: 0.992974 -0.097614 -0.066517 -0.006979 
time: 148.812000, t: -0.000731 0.001090 -0.000344 q: 0.992962 -0.097696 -0.066582 -0.006989 
time: 148.912000, t: -0.000732 0.001089 -0.000344 q: 0.992949 -0.097780 -0.066647 -0.007002 
time: 149.012000, t: -0.000730 0.001089 -0.000341 q: 0.992937 -0.097860 -0.066710 -0.007014 
time: 149.112000, t: -0.000727 0.001088 -0.000336 q: 0.992925 -0.097941 -0.066771 -0.007025 
time: 149.212000, t: -0.000722 0.001079 -0.000337 q: 0.992912 -0.098023 -0.066837 -0.007032 
time: 149.312000, t: -0.000719 0.001078 -0.000339 q: 0.992900 -0.098107 -0.066903 -0.007043 
time: 149.412000, t: -0.000720 0.001077 -0.000328 q: 0.992888 -0.098184 -0.066960 -0.007054 
time: 149.512000, t: -0.000717 0.001070 -0.000326 q: 0.992876 -0.098266 -0.067023 -0.007063 
time: 149.612000, t: -0.000715 0.001069 -0.000322 q: 0.992863 -0.098347 -0.067085 -0.007074 
time: 149.712000, t: -0.000718 0.001082 -0.000316 q: 0.992851 -0.098430 -0.067145 -0.007093 
time: 149.812000, t: -0.000718 0.001082 -0.000314 q: 0.992838 -0.098511 -0.067207 -0.007104 
time: 149.888000, t: -0.000716 0.001094 -0.000318 q: 0.992826 -0.098592 -0.067271 -0.007121 
time: 149.988000, t: -0.000717 0.001101 -0.000318 q: 0.992813 -0.098676 -0.067334 -0.007138 
time: 150.092000, t: -0.000715 0.001105 -0.000325 q: 0.992800 -0.098759 -0.067404 -0.007153 
time: 150.192000, t: -0.000713 0.001102 -0.000326 q: 0.992788 -0.098839 -0.067468 -0.007164 
time: 150.324000, t: -0.000592 0.000845 -0.000312 q: 0.992785 -0.098848 -0.067509 -0.007049 
time: 150.424000, t: -0.000689 0.001084 -0.000336 q: 0.992768 -0.098963 -0.067581 -0.007176 
time: 150.524000, t: -0.000705 0.001096 -0.000340 q: 0.992754 -0.099050 -0.067646 -0.007194 
time: 150.624000, t: -0.000702 0.001109 -0.000353 q: 0.992741 -0.099134 -0.067717 -0.007213 
time: 150.724000, t: -0.000698 0.001113 -0.000354 q: 0.992729 -0.099214 -0.067780 -0.007227 
time: 150.856000, t: -0.000705 0.001131 -0.000367 q: 0.992715 -0.099299 -0.067852 -0.007250 
time: 150.988000, t: -0.000714 0.001129 -0.000372 q: 0.992702 -0.099383 -0.067921 -0.007262 
time: 151.088000, t: -0.000708 0.001132 -0.000371 q: 0.992690 -0.099461 -0.067983 -0.007274 
time: 151.188000, t: -0.000702 0.001136 -0.000370 q: 0.992678 -0.099539 -0.068045 -0.007287 
time: 151.288000, t: -0.000705 0.001135 -0.000370 q: 0.992665 -0.099621 -0.068106 -0.007299 
time: 151.388000, t: -0.000705 0.001141 -0.000370 q: 0.992653 -0.099701 -0.068169 -0.007314 
time: 151.488000, t: -0.000700 0.001136 -0.000363 q: 0.992641 -0.099778 -0.068227 -0.007323 
time: 151.560000, t: -0.000700 0.001147 -0.000356 q: 0.992629 -0.099858 -0.068280 -0.007341 
time: 151.688000, t: -0.000710 0.001159 -0.000354 q: 0.992616 -0.099943 -0.068343 -0.007358 
time: 151.788000, t: -0.000708 0.001168 -0.000350 q: 0.992604 -0.100022 -0.068401 -0.007375 
time: 151.888000, t: -0.000702 0.001169 -0.000348 q: 0.992592 -0.100102 -0.068462 -0.007388 
time: 151.988000, t: -0.000703 0.001181 -0.000346 q: 0.992579 -0.100183 -0.068522 -0.007406 
time: 152.088000, t: -0.000705 0.001182 -0.000347 q: 0.992567 -0.100263 -0.068584 -0.007418 
time: 152.188000, t: -0.000705 0.001183 -0.000347 q: 0.992554 -0.100344 -0.068645 -0.007431 
time: 152.288000, t: -0.000699 0.001188 -0.000338 q: 0.992542 -0.100422 -0.068700 -0.007446 
time: 152.388000, t: -0.000705 0.001193 -0.000337 q: 0.992530 -0.100505 -0.068761 -0.007460 
time: 152.488000, t: -0.000706 0.001189 -0.000335 q: 0.992517 -0.100588 -0.068824 -0.007473 
time: 152.588000, t: -0.000705 0.001186 -0.000330 q: 0.992505 -0.100667 -0.068884 -0.007483 
time: 152.688000, t: -0.000452 0.000601 -0.000267 q: 0.992515 -0.100586 -0.068884 -0.007193 
time: 152.788000, t: -0.000622 0.001069 -0.000308 q: 0.992494 -0.100729 -0.068955 -0.007434 
time: 152.860000, t: -0.000539 0.000893 -0.000286 q: 0.992494 -0.100726 -0.068970 -0.007352 
time: 152.988000, t: -0.000661 0.001171 -0.000321 q: 0.992474 -0.100858 -0.069039 -0.007499 
time: 153.088000, t: -0.000482 0.000744 -0.000273 q: 0.992479 -0.100819 -0.069042 -0.007297 
time: 153.188000, t: -0.000804 0.001287 -0.000428 q: 0.992439 -0.101284 -0.068911 -0.007569 
time: 153.288000, t: -0.000875 0.001271 -0.000434 q: 0.992423 -0.101394 -0.068986 -0.007557 
time: 153.388000, t: -0.000870 0.001262 -0.000433 q: 0.992410 -0.101475 -0.069051 -0.007566 
time: 153.488000, t: -0.000866 0.001259 -0.000430 q: 0.992397 -0.101558 -0.069114 -0.007577 
time: 153.588000, t: -0.000862 0.001255 -0.000425 q: 0.992384 -0.101638 -0.069175 -0.007589 
time: 153.688000, t: -0.000858 0.001255 -0.000417 q: 0.992372 -0.101718 -0.069235 -0.007601 
time: 153.788000, t: -0.000853 0.001251 -0.000416 q: 0.992359 -0.101800 -0.069300 -0.007611 
time: 153.892000, t: -0.000847 0.001244 -0.000414 q: 0.992346 -0.101880 -0.069364 -0.007619 
time: 154.024000, t: -0.000846 0.001239 -0.000411 q: 0.992334 -0.101960 -0.069427 -0.007628 
time: 154.124000, t: -0.000842 0.001237 -0.000419 q: 0.992320 -0.102045 -0.069497 -0.007643 
time: 154.224000, t: -0.000835 0.001232 -0.000417 q: 0.992307 -0.102126 -0.069560 -0.007654 
time: 154.324000, t: -0.000832 0.001234 -0.000416 q: 0.992294 -0.102209 -0.069623 -0.007668 
time: 154.424000, t: -0.000831 0.001236 -0.000413 q: 0.992281 -0.102289 -0.069685 -0.007681 
time: 154.524000, t: -0.000827 0.001232 -0.000408 q: 0.992269 -0.102368 -0.069746 -0.007691 
time: 154.624000, t: -0.000821 0.001225 -0.000407 q: 0.992256 -0.102449 -0.069809 -0.007700 
time: 154.724000, t: -0.000817 0.001219 -0.000405 q: 0.992243 -0.102530 -0.069871 -0.007708 
time: 154.824000, t: -0.000813 0.001213 -0.000404 q: 0.992230 -0.102612 -0.069934 -0.007720 
time: 154.924000, t: -0.000804 0.001202 -0.000401 q: 0.992218 -0.102690 -0.069996 -0.007725 
time: 155.024000, t: -0.000797 0.001198 -0.000401 q: 0.992204 -0.102773 -0.070060 -0.007738 
time: 155.124000, t: -0.000794 0.001199 -0.000388 q: 0.992192 -0.102850 -0.070114 -0.007750 
time: 155.224000, t: -0.000795 0.001196 -0.000384 q: 0.992180 -0.102930 -0.070174 -0.007762 
time: 155.356000, t: -0.000793 0.001202 -0.000383 q: 0.992167 -0.103010 -0.070238 -0.007776 
time: 155.488000, t: -0.000791 0.001203 -0.000377 q: 0.992154 -0.103088 -0.070299 -0.007789 
time: 155.588000, t: -0.000787 0.001196 -0.000375 q: 0.992142 -0.103169 -0.070361 -0.007799 
time: 155.688000, t: -0.000785 0.001194 -0.000373 q: 0.992129 -0.103249 -0.070423 -0.007810 
time: 155.788000, t: -0.000780 0.001192 -0.000371 q: 0.992116 -0.103328 -0.070483 -0.007821 
time: 155.888000, t: -0.000777 0.001188 -0.000369 q: 0.992103 -0.103408 -0.070544 -0.007831 
time: 155.988000, t: -0.000773 0.001183 -0.000367 q: 0.992091 -0.103487 -0.070606 -0.007841 
time: 156.088000, t: -0.000771 0.001177 -0.000367 q: 0.992078 -0.103568 -0.070668 -0.007850 
time: 156.188000, t: -0.000772 0.001181 -0.000359 q: 0.992065 -0.103646 -0.070725 -0.007863 
time: 156.288000, t: -0.000766 0.001171 -0.000356 q: 0.992053 -0.103724 -0.070785 -0.007870 
time: 156.388000, t: -0.000770 0.001172 -0.000356 q: 0.992040 -0.103806 -0.070847 -0.007884 
time: 156.488000, t: -0.000769 0.001178 -0.000348 q: 0.992027 -0.103884 -0.070903 -0.007899 
time: 156.592000, t: -0.000764 0.001183 -0.000346 q: 0.992015 -0.103964 -0.070964 -0.007913 
time: 156.724000, t: -0.000769 0.001207 -0.000354 q: 0.992001 -0.104048 -0.071031 -0.007939 
time: 156.824000, t: -0.000764 0.001206 -0.000351 q: 0.991988 -0.104125 -0.071091 -0.007950 
time: 156.924000, t: -0.000758 0.001201 -0.000357 q: 0.991975 -0.104203 -0.071156 -0.007959 
time: 157.024000, t: -0.000755 0.001199 -0.000360 q: 0.991962 -0.104283 -0.071218 -0.007973 
time: 157.156000, t: -0.000757 0.001218 -0.000379 q: 0.991948 -0.104368 -0.071294 -0.007995 
time: 157.288000, t: -0.000755 0.001206 -0.000381 q: 0.991935 -0.104448 -0.071359 -0.008003 
time: 157.388000, t: -0.000749 0.001198 -0.000376 q: 0.991923 -0.104522 -0.071416 -0.008011 
time: 157.488000, t: -0.000743 0.001206 -0.000388 q: 0.991909 -0.104602 -0.071484 -0.008029 
time: 157.588000, t: -0.000739 0.001214 -0.000388 q: 0.991897 -0.104678 -0.071543 -0.008042 
time: 157.688000, t: -0.000738 0.001223 -0.000397 q: 0.991883 -0.104761 -0.071609 -0.008063 
time: 157.788000, t: -0.000737 0.001223 -0.000401 q: 0.991871 -0.104837 -0.071671 -0.008072 
time: 157.860000, t: -0.000735 0.001226 -0.000402 q: 0.991857 -0.104920 -0.071731 -0.008087 
time: 157.992000, t: -0.000744 0.001233 -0.000406 q: 0.991844 -0.105000 -0.071795 -0.008103 
time: 158.124000, t: -0.000746 0.001244 -0.000407 q: 0.991831 -0.105080 -0.071858 -0.008119 
time: 158.224000, t: -0.000737 0.001238 -0.000393 q: 0.991819 -0.105153 -0.071908 -0.008131 
time: 158.324000, t: -0.000732 0.001237 -0.000397 q: 0.991807 -0.105231 -0.071972 -0.008141 
time: 158.424000, t: -0.000733 0.001248 -0.000389 q: 0.991794 -0.105309 -0.072025 -0.008158 
time: 158.524000, t: -0.000734 0.001257 -0.000390 q: 0.991781 -0.105390 -0.072084 -0.008174 
time: 158.624000, t: -0.000729 0.001260 -0.000385 q: 0.991769 -0.105467 -0.072140 -0.008189 
time: 158.724000, t: -0.000728 0.001267 -0.000382 q: 0.991756 -0.105545 -0.072198 -0.008205 
time: 158.856000, t: -0.000735 0.001282 -0.000387 q: 0.991742 -0.105630 -0.072263 -0.008227 
time: 158.992000, t: -0.000738 0.001280 -0.000388 q: 0.991729 -0.105711 -0.072326 -0.008240 
time: 159.124000, t: -0.000738 0.001284 -0.000383 q: 0.991716 -0.105790 -0.072385 -0.008255 
time: 159.224000, t: -0.000730 0.001295 -0.000377 q: 0.991704 -0.105861 -0.072439 -0.008266 
time: 159.324000, t: -0.000727 0.001301 -0.000373 q: 0.991692 -0.105941 -0.072496 -0.008285 
time: 159.424000, t: -0.000730 0.001303 -0.000374 q: 0.991679 -0.106020 -0.072557 -0.008298 
time: 159.556000, t: -0.000732 0.001298 -0.000372 q: 0.991665 -0.106105 -0.072619 -0.008313 
time: 159.688000, t: -0.000449 0.000656 -0.000262 q: 0.991676 -0.106028 -0.072612 -0.008007 
time: 159.788000, t: -0.000615 0.001115 -0.000337 q: 0.991653 -0.106176 -0.072691 -0.008235 
time: 159.888000, t: -0.000690 0.001284 -0.000358 q: 0.991636 -0.106287 -0.072750 -0.008323 
time: 159.988000, t: -0.000851 0.001396 -0.000454 q: 0.991605 -0.106676 -0.072594 -0.008391 
time: 160.088000, t: -0.000924 0.001367 -0.000458 q: 0.991588 -0.106784 -0.072669 -0.008375 
time: 160.188000, t: -0.000922 0.001359 -0.000456 q: 0.991574 -0.106864 -0.072731 -0.008384 
time: 160.292000, t: -0.000916 0.001358 -0.000455 q: 0.991561 -0.106945 -0.072793 -0.008395 
time: 160.424000, t: -0.000908 0.001350 -0.000444 q: 0.991549 -0.107020 -0.072851 -0.008405 
time: 160.524000, t: -0.000906 0.001352 -0.000442 q: 0.991535 -0.107101 -0.072912 -0.008419 
time: 160.628000, t: -0.000901 0.001349 -0.000442 q: 0.991522 -0.107181 -0.072975 -0.008429 
time: 160.756000, t: -0.000893 0.001339 -0.000440 q: 0.991509 -0.107260 -0.073038 -0.008438 
time: 160.888000, t: -0.000892 0.001332 -0.000439 q: 0.991495 -0.107339 -0.073102 -0.008449 
time: 160.992000, t: -0.000884 0.001332 -0.000444 q: 0.991482 -0.107420 -0.073167 -0.008461 
time: 161.124000, t: -0.000879 0.001334 -0.000444 q: 0.991468 -0.107500 -0.073230 -0.008477 
time: 161.224000, t: -0.000882 0.001338 -0.000442 q: 0.991455 -0.107580 -0.073290 -0.008491 
time: 161.324000, t: -0.000875 0.001334 -0.000439 q: 0.991442 -0.107658 -0.073351 -0.008502 
time: 161.424000, t: -0.000870 0.001323 -0.000437 q: 0.991429 -0.107738 -0.073411 -0.008509 
time: 161.524000, t: -0.000867 0.001320 -0.000436 q: 0.991416 -0.107817 -0.073472 -0.008520 
time: 161.624000, t: -0.000863 0.001313 -0.000433 q: 0.991402 -0.107896 -0.073532 -0.008531 
time: 161.724000, t: -0.000851 0.001305 -0.000431 q: 0.991390 -0.107972 -0.073593 -0.008537 
time: 161.828000, t: -0.000846 0.001298 -0.000431 q: 0.991376 -0.108055 -0.073655 -0.008550 
time: 161.924000, t: -0.000839 0.001300 -0.000419 q: 0.991364 -0.108131 -0.073707 -0.008563 
time: 162.024000, t: -0.000836 0.001296 -0.000415 q: 0.991351 -0.108208 -0.073766 -0.008573 
time: 162.124000, t: -0.000835 0.001298 -0.000413 q: 0.991337 -0.108288 -0.073826 -0.008588 
time: 162.224000, t: -0.000834 0.001298 -0.000413 q: 0.991324 -0.108367 -0.073887 -0.008600 
time: 162.324000, t: -0.000830 0.001298 -0.000408 q: 0.991311 -0.108445 -0.073945 -0.008612 
time: 162.424000, t: -0.000828 0.001294 -0.000405 q: 0.991298 -0.108523 -0.074004 -0.008623 
time: 162.524000, t: -0.000826 0.001295 -0.000406 q: 0.991285 -0.108604 -0.074065 -0.008636 
time: 162.656000, t: -0.000824 0.001296 -0.000404 q: 0.991271 -0.108681 -0.074126 -0.008649 
time: 162.788000, t: -0.000818 0.001298 -0.000402 q: 0.991258 -0.108758 -0.074187 -0.008662 
time: 162.888000, t: -0.000811 0.001283 -0.000402 q: 0.991245 -0.108836 -0.074248 -0.008668 
time: 162.988000, t: -0.000813 0.001282 -0.000394 q: 0.991233 -0.108912 -0.074303 -0.008679 
time: 163.088000, t: -0.000807 0.001273 -0.000390 q: 0.991220 -0.108989 -0.074361 -0.008688 
time: 163.160000, t: -0.000806 0.001275 -0.000392 q: 0.991206 -0.109070 -0.074421 -0.008701 
time: 163.288000, t: -0.000808 0.001286 -0.000385 q: 0.991193 -0.109147 -0.074477 -0.008719 
time: 163.388000, t: -0.000807 0.001287 -0.000384 q: 0.991180 -0.109225 -0.074536 -0.008731 
time: 163.488000, t: -0.000807 0.001297 -0.000390 q: 0.991167 -0.109304 -0.074599 -0.008749 
time: 163.588000, t: -0.000800 0.001306 -0.000390 q: 0.991153 -0.109383 -0.074658 -0.008766 
time: 163.692000, t: -0.000796 0.001310 -0.000397 q: 0.991140 -0.109460 -0.074721 -0.008781 
time: 163.828000, t: -0.000797 0.001315 -0.000400 q: 0.991126 -0.109538 -0.074784 -0.008795 
time: 163.924000, t: -0.000790 0.001308 -0.000402 q: 0.991113 -0.109617 -0.074844 -0.008807 
time: 164.024000, t: -0.000785 0.001306 -0.000415 q: 0.991099 -0.109694 -0.074912 -0.008816 
time: 164.124000, t: -0.000784 0.001303 -0.000419 q: 0.991085 -0.109775 -0.074974 -0.008832 
time: 164.224000, t: -0.000780 0.001304 -0.000431 q: 0.991072 -0.109853 -0.075041 -0.008846 
time: 164.324000, t: -0.000777 0.001308 -0.000436 q: 0.991058 -0.109933 -0.075103 -0.008863 
time: 164.424000, t: -0.000773 0.001316 -0.000428 q: 0.991046 -0.110006 -0.075155 -0.008877 
time: 164.524000, t: -0.000772 0.001325 -0.000444 q: 0.991032 -0.110086 -0.075223 -0.008895 
time: 164.624000, t: -0.000771 0.001329 -0.000445 q: 0.991019 -0.110161 -0.075281 -0.008906 
time: 164.756000, t: -0.000780 0.001342 -0.000451 q: 0.991004 -0.110243 -0.075344 -0.008928 
time: 164.888000, t: -0.000777 0.001352 -0.000454 q: 0.990991 -0.110322 -0.075408 -0.008944 
time: 164.988000, t: -0.000769 0.001344 -0.000451 q: 0.990978 -0.110395 -0.075463 -0.008954 
time: 165.088000, t: -0.000765 0.001341 -0.000442 q: 0.990966 -0.110467 -0.075515 -0.008964 
time: 165.188000, t: -0.000759 0.001349 -0.000438 q: 0.990953 -0.110545 -0.075569 -0.008981 
time: 165.288000, t: -0.000766 0.001355 -0.000440 q: 0.990940 -0.110624 -0.075629 -0.008995 
time: 165.388000, t: -0.000760 0.001364 -0.000438 q: 0.990927 -0.110700 -0.075684 -0.009012 
time: 165.488000, t: -0.000757 0.001365 -0.000439 q: 0.990914 -0.110777 -0.075742 -0.009025 
time: 165.588000, t: -0.000756 0.001383 -0.000439 q: 0.990900 -0.110856 -0.075799 -0.009046 
time: 165.688000, t: -0.000755 0.001384 -0.000441 q: 0.990887 -0.110933 -0.075856 -0.009059 
time: 165.788000, t: -0.000754 0.001381 -0.000442 q: 0.990874 -0.111009 -0.075915 -0.009069 
time: 165.888000, t: -0.000747 0.001386 -0.000435 q: 0.990862 -0.111083 -0.075967 -0.009082 
time: 165.988000, t: -0.000752 0.001393 -0.000439 q: 0.990848 -0.111164 -0.076026 -0.009100 
time: 166.088000, t: -0.000751 0.001393 -0.000438 q: 0.990835 -0.111240 -0.076084 -0.009113 
time: 166.188000, t: -0.000752 0.001402 -0.000436 q: 0.990822 -0.111317 -0.076140 -0.009130 
time: 166.288000, t: -0.000755 0.001415 -0.000438 q: 0.990808 -0.111397 -0.076198 -0.009150 
time: 166.360000, t: -0.000748 0.001413 -0.000441 q: 0.990795 -0.111472 -0.076255 -0.009160 
time: 166.488000, t: -0.000753 0.001425 -0.000437 q: 0.990781 -0.111554 -0.076312 -0.009181 
time: 166.588000, t: -0.000752 0.001424 -0.000432 q: 0.990768 -0.111636 -0.076361 -0.009194 
time: 166.688000, t: -0.000884 0.001491 -0.000491 q: 0.990742 -0.111992 -0.076176 -0.009231 
time: 166.788000, t: -0.000973 0.001474 -0.000494 q: 0.990724 -0.112101 -0.076248 -0.009217 
time: 166.888000, t: -0.000967 0.001465 -0.000492 q: 0.990711 -0.112180 -0.076309 -0.009228 
time: 166.988000, t: -0.000964 0.001462 -0.000492 q: 0.990697 -0.112260 -0.076370 -0.009239 
time: 167.088000, t: -0.000959 0.001456 -0.000489 q: 0.990683 -0.112337 -0.076429 -0.009249 
time: 167.188000, t: -0.000953 0.001456 -0.000483 q: 0.990670 -0.112416 -0.076486 -0.009263 
time: 167.288000, t: -0.000947 0.001454 -0.000480 q: 0.990656 -0.112494 -0.076546 -0.009275 
time: 167.388000, t: -0.000943 0.001444 -0.000479 q: 0.990642 -0.112573 -0.076607 -0.009284 
time: 167.488000, t: -0.000939 0.001443 -0.000478 q: 0.990629 -0.112652 -0.076667 -0.009296 
time: 167.588000, t: -0.000936 0.001435 -0.000479 q: 0.990615 -0.112730 -0.076728 -0.009306 
time: 167.688000, t: -0.000930 0.001434 -0.000484 q: 0.990601 -0.112810 -0.076792 -0.009320 
time: 167.788000, t: -0.000924 0.001437 -0.000485 q: 0.990587 -0.112891 -0.076852 -0.009337 
time: 167.888000, t: -0.000925 0.001440 -0.000484 q: 0.990573 -0.112970 -0.076911 -0.009351 
time: 167.988000, t: -0.000919 0.001439 -0.000480 q: 0.990560 -0.113046 -0.076970 -0.009362 
time: 168.088000, t: -0.000916 0.001428 -0.000478 q: 0.990546 -0.113125 -0.077028 -0.009371 
time: 168.188000, t: -0.000914 0.001433 -0.000478 q: 0.990532 -0.113204 -0.077087 -0.009384 
time: 168.288000, t: -0.000909 0.001425 -0.000477 q: 0.990519 -0.113282 -0.077147 -0.009396 
time: 168.388000, t: -0.000902 0.001416 -0.000475 q: 0.990505 -0.113359 -0.077206 -0.009404 
time: 168.488000, t: -0.000895 0.001409 -0.000475 q: 0.990491 -0.113438 -0.077266 -0.009414 
time: 168.588000, t: -0.000889 0.001408 -0.000475 q: 0.990478 -0.113516 -0.077325 -0.009427 
time: 168.688000, t: -0.000882 0.001405 -0.000461 q: 0.990465 -0.113589 -0.077375 -0.009438 
time: 168.788000, t: -0.000879 0.001403 -0.000456 q: 0.990452 -0.113666 -0.077432 -0.009450 
time: 168.888000, t: -0.000876 0.001404 -0.000457 q: 0.990438 -0.113742 -0.077491 -0.009463 
time: 168.988000, t: -0.000873 0.001403 -0.000452 q: 0.990425 -0.113819 -0.077547 -0.009476 
time: 169.088000, t: -0.000869 0.001399 -0.000450 q: 0.990412 -0.113895 -0.077605 -0.009484 
time: 169.188000, t: -0.000865 0.001396 -0.000450 q: 0.990398 -0.113975 -0.077664 -0.009498 
time: 169.296000, t: -0.000864 0.001398 -0.000449 q: 0.990384 -0.114052 -0.077723 -0.009512 
time: 169.396000, t: -0.000859 0.001393 -0.000448 q: 0.990371 -0.114129 -0.077781 -0.009522 
time: 169.496000, t: -0.000854 0.001388 -0.000446 q: 0.990357 -0.114204 -0.077838 -0.009532 
time: 169.596000, t: -0.000848 0.001384 -0.000449 q: 0.990343 -0.114283 -0.077898 -0.009543 
time: 169.696000, t: -0.000851 0.001382 -0.000439 q: 0.990331 -0.114357 -0.077951 -0.009554 
time: 169.796000, t: -0.000849 0.001375 -0.000435 q: 0.990317 -0.114433 -0.078007 -0.009564 
time: 169.896000, t: -0.000845 0.001378 -0.000436 q: 0.990304 -0.114511 -0.078066 -0.009577 
time: 169.996000, t: -0.000846 0.001380 -0.000430 q: 0.990290 -0.114587 -0.078120 -0.009592 
time: 170.096000, t: -0.000842 0.001385 -0.000431 q: 0.990277 -0.114665 -0.078178 -0.009606 
time: 170.168000, t: -0.000839 0.001392 -0.000437 q: 0.990263 -0.114742 -0.078238 -0.009623 
time: 170.268000, t: -0.000835 0.001398 -0.000438 q: 0.990249 -0.114820 -0.078295 -0.009639 
time: 170.396000, t: -0.000834 0.001413 -0.000447 q: 0.990235 -0.114897 -0.078360 -0.009658 
time: 170.496000, t: -0.000823 0.001398 -0.000449 q: 0.990221 -0.114972 -0.078418 -0.009667 
time: 170.596000, t: -0.000821 0.001403 -0.000450 q: 0.990208 -0.115048 -0.078476 -0.009681 
time: 170.696000, t: -0.000819 0.001410 -0.000467 q: 0.990193 -0.115129 -0.078544 -0.009699 
time: 170.796000, t: -0.000824 0.001413 -0.000472 q: 0.990182 -0.115188 -0.078592 -0.009712 
time: 170.896000, t: -0.000813 0.001398 -0.000465 q: 0.990170 -0.115257 -0.078644 -0.009714 
time: 170.996000, t: -0.000758 0.001297 -0.000470 q: 0.990159 -0.115311 -0.078704 -0.009684 
time: 171.096000, t: -0.000811 0.001436 -0.000485 q: 0.990153 -0.115347 -0.078726 -0.009750 
time: 171.196000, t: -0.000761 0.001335 -0.000487 q: 0.990143 -0.115397 -0.078779 -0.009718 
time: 171.296000, t: -0.000794 0.001411 -0.000498 q: 0.990128 -0.115482 -0.078838 -0.009763 
time: 171.396000, t: -0.000720 0.001227 -0.000497 q: 0.990125 -0.115487 -0.078872 -0.009680 
time: 171.500000, t: -0.000744 0.001298 -0.000498 q: 0.990120 -0.115519 -0.078891 -0.009716 
time: 171.600000, t: -0.000742 0.001311 -0.000493 q: 0.990111 -0.115565 -0.078925 -0.009733 
time: 171.736000, t: -0.000795 0.001436 -0.000496 q: 0.990096 -0.115655 -0.078977 -0.009805 
time: 171.832000, t: -0.000723 0.001278 -0.000479 q: 0.990088 -0.115697 -0.079026 -0.009745 
time: 171.932000, t: -0.000773 0.001423 -0.000487 q: 0.990072 -0.115789 -0.079077 -0.009820 
time: 172.032000, t: -0.000787 0.001456 -0.000493 q: 0.990058 -0.115872 -0.079134 -0.009849 
time: 172.132000, t: -0.000781 0.001467 -0.000491 q: 0.990044 -0.115947 -0.079189 -0.009867 
time: 172.232000, t: -0.000790 0.001491 -0.000496 q: 0.990033 -0.116010 -0.079235 -0.009893 
time: 172.332000, t: -0.000683 0.001267 -0.000463 q: 0.990028 -0.116034 -0.079275 -0.009798 
time: 172.432000, t: -0.000747 0.001438 -0.000481 q: 0.990012 -0.116131 -0.079328 -0.009885 
time: 172.532000, t: -0.000685 0.001291 -0.000466 q: 0.990003 -0.116175 -0.079377 -0.009830 
time: 172.632000, t: -0.000745 0.001450 -0.000485 q: 0.989986 -0.116271 -0.079433 -0.009913 
time: 172.732000, t: -0.000762 0.001493 -0.000494 q: 0.989971 -0.116356 -0.079493 -0.009946 
time: 172.832000, t: -0.000767 0.001509 -0.000496 q: 0.989957 -0.116434 -0.079549 -0.009967 
time: 172.932000, t: -0.000770 0.001522 -0.000497 q: 0.989944 -0.116511 -0.079605 -0.009986 
time: 173.032000, t: -0.000772 0.001526 -0.000499 q: 0.989930 -0.116588 -0.079661 -0.010001 
time: 173.132000, t: -0.000605 0.001141 -0.000429 q: 0.989929 -0.116587 -0.079689 -0.009839 
time: 173.232000, t: -0.000694 0.001415 -0.000467 q: 0.989911 -0.116697 -0.079740 -0.009964 
time: 173.332000, t: -0.000744 0.001521 -0.000491 q: 0.989893 -0.116798 -0.079806 -0.010031 
time: 173.432000, t: -0.000907 0.001592 -0.000531 q: 0.989869 -0.117141 -0.079600 -0.010078 
time: 173.564000, t: -0.001007 0.001554 -0.000531 q: 0.989852 -0.117240 -0.079665 -0.010056 
time: 173.664000, t: -0.001019 0.001579 -0.000530 q: 0.989841 -0.117300 -0.079709 -0.010078 
time: 173.796000, t: -0.001020 0.001593 -0.000530 q: 0.989834 -0.117339 -0.079742 -0.010095 
time: 173.896000, t: -0.000994 0.001553 -0.000519 q: 0.989823 -0.117397 -0.079789 -0.010084 
time: 173.996000, t: -0.000994 0.001562 -0.000518 q: 0.989809 -0.117475 -0.079847 -0.010101 
time: 174.096000, t: -0.000993 0.001562 -0.000518 q: 0.989798 -0.117534 -0.079893 -0.010113 
time: 174.196000, t: -0.000974 0.001526 -0.000518 q: 0.989790 -0.117576 -0.079932 -0.010101 
time: 174.300000, t: -0.000981 0.001547 -0.000516 q: 0.989776 -0.117656 -0.079990 -0.010126 
time: 174.432000, t: -0.000978 0.001545 -0.000523 q: 0.989761 -0.117735 -0.080055 -0.010141 
time: 174.532000, t: -0.000970 0.001545 -0.000523 q: 0.989747 -0.117813 -0.080113 -0.010156 
time: 174.632000, t: -0.000969 0.001550 -0.000521 q: 0.989733 -0.117890 -0.080170 -0.010171 
time: 174.732000, t: -0.000964 0.001546 -0.000518 q: 0.989719 -0.117966 -0.080227 -0.010182 
time: 174.832000, t: -0.000958 0.001537 -0.000515 q: 0.989705 -0.118042 -0.080284 -0.010192 
time: 174.932000, t: -0.000947 0.001520 -0.000516 q: 0.989693 -0.118108 -0.080336 -0.010195 
time: 175.032000, t: -0.000948 0.001529 -0.000514 q: 0.989679 -0.118186 -0.080393 -0.010213 
time: 175.132000, t: -0.000939 0.001521 -0.000512 q: 0.989665 -0.118262 -0.080450 -0.010223 
time: 175.232000, t: -0.000930 0.001515 -0.000512 q: 0.989651 -0.118340 -0.080509 -0.010233 
time: 175.332000, t: -0.000921 0.001514 -0.000500 q: 0.989638 -0.118413 -0.080559 -0.010246 
time: 175.432000, t: -0.000917 0.001510 -0.000496 q: 0.989624 -0.118488 -0.080615 -0.010257 
time: 175.532000, t: -0.000914 0.001512 -0.000495 q: 0.989610 -0.118566 -0.080672 -0.010272 
time: 175.632000, t: -0.000912 0.001508 -0.000495 q: 0.989597 -0.118641 -0.080730 -0.010283 
time: 175.732000, t: -0.000911 0.001505 -0.000490 q: 0.989583 -0.118717 -0.080784 -0.010295 
time: 175.832000, t: -0.000905 0.001501 -0.000490 q: 0.989569 -0.118793 -0.080842 -0.010306 
time: 175.932000, t: -0.000880 0.001456 -0.000488 q: 0.989557 -0.118855 -0.080894 -0.010297 
time: 176.032000, t: -0.000895 0.001497 -0.000488 q: 0.989543 -0.118934 -0.080949 -0.010328 
time: 176.132000, t: -0.000893 0.001500 -0.000487 q: 0.989529 -0.119012 -0.081005 -0.010343 
time: 176.232000, t: -0.000895 0.001506 -0.000490 q: 0.989518 -0.119072 -0.081052 -0.010357 
time: 176.332000, t: -0.000845 0.001401 -0.000487 q: 0.989511 -0.119105 -0.081093 -0.010314 
time: 176.432000, t: -0.000861 0.001435 -0.000477 q: 0.989499 -0.119172 -0.081134 -0.010341 
time: 176.532000, t: -0.000849 0.001419 -0.000474 q: 0.989487 -0.119234 -0.081184 -0.010345 
time: 176.632000, t: -0.000874 0.001471 -0.000477 q: 0.989472 -0.119317 -0.081240 -0.010382 
time: 176.732000, t: -0.000875 0.001487 -0.000475 q: 0.989458 -0.119395 -0.081294 -0.010403 
time: 176.864000, t: -0.000824 0.001379 -0.000471 q: 0.989448 -0.119445 -0.081350 -0.010366 
time: 176.996000, t: -0.000827 0.001411 -0.000475 q: 0.989436 -0.119512 -0.081400 -0.010392 
time: 177.096000, t: -0.000864 0.001501 -0.000485 q: 0.989423 -0.119581 -0.081444 -0.010443 
time: 177.196000, t: -0.000857 0.001495 -0.000494 q: 0.989409 -0.119655 -0.081506 -0.010453 
time: 177.268000, t: -0.000852 0.001499 -0.000498 q: 0.989395 -0.119733 -0.081562 -0.010469 
time: 177.396000, t: -0.000808 0.001411 -0.000504 q: 0.989384 -0.119786 -0.081623 -0.010443 
time: 177.496000, t: -0.000845 0.001497 -0.000516 q: 0.989371 -0.119855 -0.081668 -0.010493 
time: 177.600000, t: -0.000802 0.001400 -0.000504 q: 0.989361 -0.119905 -0.081716 -0.010459 
time: 177.700000, t: -0.000832 0.001494 -0.000527 q: 0.989345 -0.119993 -0.081780 -0.010517 
time: 177.832000, t: -0.000830 0.001520 -0.000526 q: 0.989331 -0.120067 -0.081834 -0.010540 
time: 177.932000, t: -0.000824 0.001521 -0.000546 q: 0.989316 -0.120145 -0.081902 -0.010557 
time: 178.032000, t: -0.000826 0.001519 -0.000551 q: 0.989302 -0.120220 -0.081961 -0.010568 
time: 178.132000, t: -0.000776 0.001419 -0.000541 q: 0.989292 -0.120270 -0.082010 -0.010534 
time: 178.232000, t: -0.000811 0.001509 -0.000550 q: 0.989276 -0.120356 -0.082064 -0.010587 
time: 178.332000, t: -0.000817 0.001526 -0.000556 q: 0.989262 -0.120435 -0.082122 -0.010607 
time: 178.432000, t: -0.000813 0.001526 -0.000554 q: 0.989248 -0.120507 -0.082176 -0.010621 
time: 178.532000, t: -0.000810 0.001529 -0.000550 q: 0.989235 -0.120581 -0.082228 -0.010635 
time: 178.632000, t: -0.000750 0.001404 -0.000527 q: 0.989227 -0.120624 -0.082270 -0.010590 
time: 178.732000, t: -0.000790 0.001529 -0.000541 q: 0.989210 -0.120715 -0.082324 -0.010656 
time: 178.832000, t: -0.000793 0.001554 -0.000543 q: 0.989196 -0.120793 -0.082378 -0.010682 
time: 178.932000, t: -0.000791 0.001559 -0.000543 q: 0.989182 -0.120867 -0.082432 -0.010697 
time: 179.032000, t: -0.000792 0.001576 -0.000549 q: 0.989168 -0.120944 -0.082489 -0.010718 
time: 179.132000, t: -0.000788 0.001578 -0.000548 q: 0.989154 -0.121017 -0.082541 -0.010731 
time: 179.232000, t: -0.000784 0.001577 -0.000552 q: 0.989141 -0.121091 -0.082598 -0.010743 
time: 179.332000, t: -0.000781 0.001585 -0.000552 q: 0.989127 -0.121165 -0.082651 -0.010759 
time: 179.432000, t: -0.000784 0.001597 -0.000555 q: 0.989113 -0.121242 -0.082707 -0.010777 
time: 179.532000, t: -0.000782 0.001601 -0.000555 q: 0.989099 -0.121315 -0.082760 -0.010792 
time: 179.632000, t: -0.000646 0.001266 -0.000506 q: 0.989099 -0.121309 -0.082789 -0.010650 
time: 179.732000, t: -0.000731 0.001525 -0.000539 q: 0.989081 -0.121413 -0.082840 -0.010773 
time: 179.832000, t: -0.000757 0.001597 -0.000551 q: 0.989065 -0.121499 -0.082897 -0.010820 
time: 179.932000, t: -0.000770 0.001622 -0.000561 q: 0.989049 -0.121581 -0.082957 -0.010846 
time: 180.032000, t: -0.000773 0.001627 -0.000563 q: 0.989035 -0.121662 -0.083006 -0.010862 
time: 180.132000, t: -0.000926 0.001663 -0.000573 q: 0.989009 -0.122011 -0.082796 -0.010898 
time: 180.232000, t: -0.001055 0.001671 -0.000575 q: 0.988989 -0.122126 -0.082865 -0.010897 
time: 180.364000, t: -0.001043 0.001646 -0.000573 q: 0.988977 -0.122190 -0.082917 -0.010897 
time: 180.464000, t: -0.001046 0.001656 -0.000572 q: 0.988962 -0.122270 -0.082974 -0.010917 
time: 180.596000, t: -0.001034 0.001651 -0.000566 q: 0.988948 -0.122341 -0.083031 -0.010928 
time: 180.696000, t: -0.001029 0.001649 -0.000565 q: 0.988934 -0.122419 -0.083089 -0.010940 
time: 180.796000, t: -0.001023 0.001639 -0.000564 q: 0.988919 -0.122495 -0.083147 -0.010950 
time: 180.896000, t: -0.001017 0.001638 -0.000562 q: 0.988905 -0.122571 -0.083203 -0.010963 
time: 180.996000, t: -0.001006 0.001616 -0.000561 q: 0.988893 -0.122634 -0.083255 -0.010964 
time: 181.096000, t: -0.001006 0.001631 -0.000569 q: 0.988878 -0.122715 -0.083316 -0.010988 
time: 181.196000, t: -0.001005 0.001635 -0.000570 q: 0.988863 -0.122794 -0.083374 -0.011005 
time: 181.296000, t: -0.001001 0.001636 -0.000568 q: 0.988848 -0.122870 -0.083430 -0.011019 
time: 181.368000, t: -0.000987 0.001620 -0.000565 q: 0.988836 -0.122933 -0.083478 -0.011021 
time: 181.496000, t: -0.000993 0.001628 -0.000561 q: 0.988822 -0.123010 -0.083533 -0.011040 
time: 181.596000, t: -0.000988 0.001628 -0.000560 q: 0.988808 -0.123085 -0.083589 -0.011054 
time: 181.696000, t: -0.000981 0.001617 -0.000559 q: 0.988793 -0.123161 -0.083646 -0.011062 
time: 181.796000, t: -0.000970 0.001607 -0.000558 q: 0.988779 -0.123235 -0.083704 -0.011070 
time: 181.896000, t: -0.000964 0.001603 -0.000560 q: 0.988764 -0.123314 -0.083762 -0.011084 
time: 181.996000, t: -0.000957 0.001601 -0.000548 q: 0.988751 -0.123386 -0.083812 -0.011097 
time: 182.096000, t: -0.000950 0.001595 -0.000546 q: 0.988737 -0.123461 -0.083868 -0.011108 
time: 182.196000, t: -0.000949 0.001593 -0.000544 q: 0.988722 -0.123536 -0.083923 -0.011120 
time: 182.296000, t: -0.000943 0.001593 -0.000546 q: 0.988708 -0.123611 -0.083981 -0.011133 
time: 182.396000, t: -0.000939 0.001590 -0.000542 q: 0.988694 -0.123686 -0.084035 -0.011145 
time: 182.496000, t: -0.000935 0.001589 -0.000540 q: 0.988680 -0.123761 -0.084090 -0.011158 
time: 182.596000, t: -0.000933 0.001585 -0.000539 q: 0.988666 -0.123836 -0.084145 -0.011169 
time: 182.696000, t: -0.000925 0.001587 -0.000539 q: 0.988651 -0.123910 -0.084201 -0.011183 
time: 182.796000, t: -0.000922 0.001588 -0.000537 q: 0.988637 -0.123986 -0.084255 -0.011198 
time: 182.868000, t: -0.000921 0.001579 -0.000536 q: 0.988623 -0.124061 -0.084310 -0.011207 
time: 183.000000, t: -0.000918 0.001583 -0.000539 q: 0.988608 -0.124138 -0.084369 -0.011222 
time: 183.132000, t: -0.000919 0.001591 -0.000533 q: 0.988594 -0.124210 -0.084422 -0.011238 
time: 183.232000, t: -0.000910 0.001574 -0.000529 q: 0.988581 -0.124282 -0.084475 -0.011244 
time: 183.332000, t: -0.000906 0.001561 -0.000527 q: 0.988566 -0.124356 -0.084531 -0.011251 
time: 183.432000, t: -0.000904 0.001580 -0.000526 q: 0.988552 -0.124432 -0.084584 -0.011273 
time: 183.532000, t: -0.000894 0.001574 -0.000523 q: 0.988538 -0.124503 -0.084637 -0.011281 
time: 183.632000, t: -0.000893 0.001589 -0.000531 q: 0.988523 -0.124580 -0.084696 -0.011303 
time: 183.732000, t: -0.000891 0.001592 -0.000533 q: 0.988509 -0.124655 -0.084752 -0.011318 
time: 183.836000, t: -0.000881 0.001585 -0.000540 q: 0.988495 -0.124728 -0.084811 -0.011329 
time: 183.932000, t: -0.000877 0.001586 -0.000545 q: 0.988480 -0.124804 -0.084868 -0.011344 
time: 184.032000, t: -0.000873 0.001588 -0.000546 q: 0.988466 -0.124878 -0.084924 -0.011358 
time: 184.132000, t: -0.000868 0.001586 -0.000561 q: 0.988450 -0.124953 -0.084988 -0.011372 
time: 184.232000, t: -0.000868 0.001587 -0.000564 q: 0.988436 -0.125029 -0.085044 -0.011387 
time: 184.332000, t: -0.000861 0.001587 -0.000578 q: 0.988421 -0.125103 -0.085107 -0.011402 
time: 184.432000, t: -0.000854 0.001598 -0.000581 q: 0.988407 -0.125178 -0.085163 -0.011421 
time: 184.532000, t: -0.000851 0.001605 -0.000575 q: 0.988393 -0.125249 -0.085212 -0.011436 
time: 184.632000, t: -0.000847 0.001609 -0.000595 q: 0.988378 -0.125325 -0.085278 -0.011453 
time: 184.736000, t: -0.000843 0.001609 -0.000600 q: 0.988363 -0.125400 -0.085335 -0.011466 
time: 184.832000, t: -0.000846 0.001622 -0.000605 q: 0.988348 -0.125475 -0.085391 -0.011485 
time: 184.932000, t: -0.000838 0.001617 -0.000605 q: 0.988334 -0.125548 -0.085445 -0.011495 
time: 185.032000, t: -0.000831 0.001617 -0.000607 q: 0.988320 -0.125620 -0.085500 -0.011507 
time: 185.132000, t: -0.000828 0.001616 -0.000597 q: 0.988307 -0.125692 -0.085547 -0.011521 
time: 185.232000, t: -0.000826 0.001618 -0.000602 q: 0.988292 -0.125765 -0.085604 -0.011536 
time: 185.332000, t: -0.000826 0.001635 -0.000597 q: 0.988279 -0.125840 -0.085653 -0.011555 
time: 185.432000, t: -0.000818 0.001640 -0.000595 q: 0.988265 -0.125912 -0.085703 -0.011570 
time: 185.532000, t: -0.000812 0.001648 -0.000596 q: 0.988251 -0.125985 -0.085756 -0.011586 
time: 185.664000, t: -0.000818 0.001680 -0.000605 q: 0.988235 -0.126064 -0.085815 -0.011617 
time: 185.796000, t: -0.000822 0.001696 -0.000608 q: 0.988221 -0.126139 -0.085870 -0.011635 
time: 185.896000, t: -0.000804 0.001681 -0.000608 q: 0.988207 -0.126207 -0.085923 -0.011642 
time: 185.996000, t: -0.000794 0.001671 -0.000604 q: 0.988194 -0.126276 -0.085973 -0.011649 
time: 186.096000, t: -0.000797 0.001684 -0.000607 q: 0.988180 -0.126350 -0.086026 -0.011666 
time: 186.196000, t: -0.000788 0.001685 -0.000606 q: 0.988166 -0.126422 -0.086078 -0.011679 
time: 186.296000, t: -0.000786 0.001700 -0.000606 q: 0.988152 -0.126496 -0.086129 -0.011699 
time: 186.396000, t: -0.000787 0.001708 -0.000607 q: 0.988138 -0.126569 -0.086181 -0.011715 
time: 186.496000, t: -0.000780 0.001709 -0.000607 q: 0.988124 -0.126641 -0.086233 -0.011729 
time: 186.596000, t: -0.000783 0.001722 -0.000610 q: 0.988109 -0.126717 -0.086286 -0.011749 
time: 186.696000, t: -0.000780 0.001726 -0.000614 q: 0.988094 -0.126796 -0.086335 -0.011764 
time: 186.796000, t: -0.000951 0.001744 -0.000613 q: 0.988069 -0.127141 -0.086119 -0.011794 
time: 186.896000, t: -0.001093 0.001758 -0.000614 q: 0.988047 -0.127259 -0.086187 -0.011798 
time: 186.996000, t: -0.001091 0.001753 -0.000612 q: 0.988033 -0.127335 -0.086243 -0.011811 
time: 187.096000, t: -0.001081 0.001745 -0.000611 q: 0.988018 -0.127411 -0.086300 -0.011820 
time: 187.196000, t: -0.001075 0.001739 -0.000609 q: 0.988003 -0.127487 -0.086357 -0.011832 
time: 187.296000, t: -0.001071 0.001738 -0.000602 q: 0.987988 -0.127561 -0.086409 -0.011847 
time: 187.396000, t: -0.001063 0.001736 -0.000603 q: 0.987973 -0.127637 -0.086467 -0.011858 
time: 187.496000, t: -0.001057 0.001729 -0.000604 q: 0.987959 -0.127713 -0.086525 -0.011869 
time: 187.600000, t: -0.001051 0.001724 -0.000602 q: 0.987944 -0.127788 -0.086581 -0.011881 
time: 187.736000, t: -0.001048 0.001725 -0.000610 q: 0.987928 -0.127864 -0.086644 -0.011897 
time: 187.836000, t: -0.001042 0.001716 -0.000612 q: 0.987913 -0.127942 -0.086703 -0.011911 
time: 187.932000, t: -0.001038 0.001723 -0.000612 q: 0.987898 -0.128017 -0.086757 -0.011927 
time: 188.032000, t: -0.001025 0.001701 -0.000612 q: 0.987889 -0.128059 -0.086794 -0.011922 
time: 188.132000, t: -0.001025 0.001720 -0.000609 q: 0.987875 -0.128136 -0.086848 -0.011947 
time: 188.232000, t: -0.001023 0.001708 -0.000607 q: 0.987860 -0.128211 -0.086903 -0.011956 
time: 188.332000, t: -0.001017 0.001706 -0.000607 q: 0.987845 -0.128286 -0.086959 -0.011970 
time: 188.432000, t: -0.001010 0.001695 -0.000605 q: 0.987830 -0.128360 -0.087015 -0.011978 
time: 188.532000, t: -0.001000 0.001687 -0.000605 q: 0.987815 -0.128436 -0.087071 -0.011989 
time: 188.632000, t: -0.000992 0.001685 -0.000605 q: 0.987801 -0.128511 -0.087127 -0.012002 
time: 188.732000, t: -0.000984 0.001682 -0.000593 q: 0.987787 -0.128583 -0.087174 -0.012014 
time: 188.832000, t: -0.000984 0.001680 -0.000591 q: 0.987772 -0.128657 -0.087229 -0.012027 
time: 188.932000, t: -0.000977 0.001677 -0.000590 q: 0.987757 -0.128731 -0.087284 -0.012040 
time: 189.032000, t: -0.000972 0.001678 -0.000594 q: 0.987743 -0.128806 -0.087341 -0.012052 
time: 189.132000, t: -0.000970 0.001673 -0.000588 q: 0.987728 -0.128880 -0.087392 -0.012064 
time: 189.232000, t: -0.000968 0.001673 -0.000587 q: 0.987714 -0.128954 -0.087447 -0.012078 
time: 189.332000, t: -0.000962 0.001669 -0.000589 q: 0.987699 -0.129029 -0.087503 -0.012090 
time: 189.432000, t: -0.000955 0.001666 -0.000588 q: 0.987684 -0.129101 -0.087557 -0.012100 
time: 189.532000, t: -0.000952 0.001672 -0.000587 q: 0.987669 -0.129177 -0.087611 -0.012118 
time: 189.632000, t: -0.000947 0.001663 -0.000588 q: 0.987655 -0.129251 -0.087667 -0.012127 
time: 189.732000, t: -0.000942 0.001663 -0.000592 q: 0.987640 -0.129326 -0.087724 -0.012141 
time: 189.832000, t: -0.000942 0.001658 -0.000583 q: 0.987626 -0.129397 -0.087773 -0.012151 
time: 189.932000, t: -0.000934 0.001649 -0.000581 q: 0.987611 -0.129470 -0.087827 -0.012161 
time: 190.032000, t: -0.000935 0.001651 -0.000583 q: 0.987596 -0.129546 -0.087882 -0.012178 
time: 190.132000, t: -0.000927 0.001661 -0.000577 q: 0.987582 -0.129617 -0.087931 -0.012193 
time: 190.232000, t: -0.000919 0.001660 -0.000575 q: 0.987568 -0.129689 -0.087983 -0.012204 
time: 190.336000, t: -0.000920 0.001677 -0.000584 q: 0.987553 -0.129765 -0.088040 -0.012228 
time: 190.432000, t: -0.000913 0.001673 -0.000585 q: 0.987538 -0.129837 -0.088095 -0.012239 
time: 190.532000, t: -0.000903 0.001663 -0.000593 q: 0.987523 -0.129910 -0.088153 -0.012249 
time: 190.632000, t: -0.000903 0.001674 -0.000599 q: 0.987508 -0.129985 -0.088210 -0.012269 
time: 190.736000, t: -0.000896 0.001671 -0.000600 q: 0.987494 -0.130058 -0.088264 -0.012281 
time: 190.836000, t: -0.000893 0.001673 -0.000617 q: 0.987478 -0.130133 -0.088328 -0.012297 
time: 190.932000, t: -0.000889 0.001666 -0.000618 q: 0.987463 -0.130207 -0.088383 -0.012310 
time: 191.032000, t: -0.000884 0.001669 -0.000634 q: 0.987448 -0.130279 -0.088445 -0.012325 
time: 191.136000, t: -0.000876 0.001681 -0.000636 q: 0.987433 -0.130352 -0.088499 -0.012345 
time: 191.232000, t: -0.000872 0.001694 -0.000632 q: 0.987419 -0.130425 -0.088547 -0.012364 
time: 191.336000, t: -0.000866 0.001693 -0.000652 q: 0.987403 -0.130498 -0.088612 -0.012378 
time: 191.464000, t: -0.000872 0.001711 -0.000661 q: 0.987388 -0.130574 -0.088670 -0.012399 
time: 191.596000, t: -0.000867 0.001718 -0.000668 q: 0.987373 -0.130647 -0.088728 -0.012416 
time: 191.696000, t: -0.000859 0.001709 -0.000667 q: 0.987359 -0.130717 -0.088780 -0.012425 
time: 191.796000, t: -0.000852 0.001707 -0.000665 q: 0.987344 -0.130787 -0.088831 -0.012437 
time: 191.896000, t: -0.000846 0.001702 -0.000660 q: 0.987331 -0.130857 -0.088881 -0.012448 
time: 191.996000, t: -0.000838 0.001705 -0.000655 q: 0.987317 -0.130928 -0.088929 -0.012462 
time: 192.096000, t: -0.000840 0.001718 -0.000659 q: 0.987302 -0.131003 -0.088982 -0.012480 
time: 192.196000, t: -0.000828 0.001731 -0.000657 q: 0.987288 -0.131074 -0.089031 -0.012500 
time: 192.296000, t: -0.000820 0.001736 -0.000659 q: 0.987273 -0.131146 -0.089084 -0.012515 
time: 192.396000, t: -0.000813 0.001740 -0.000660 q: 0.987259 -0.131217 -0.089135 -0.012529 
time: 192.496000, t: -0.000808 0.001742 -0.000659 q: 0.987245 -0.131288 -0.089184 -0.012542 
time: 192.596000, t: -0.000807 0.001749 -0.000664 q: 0.987230 -0.131361 -0.089238 -0.012559 
time: 192.696000, t: -0.000804 0.001753 -0.000663 q: 0.987216 -0.131433 -0.089288 -0.012574 
time: 192.796000, t: -0.000800 0.001754 -0.000663 q: 0.987202 -0.131504 -0.089339 -0.012586 
time: 192.896000, t: -0.000808 0.001783 -0.000671 q: 0.987186 -0.131582 -0.089393 -0.012613 
time: 192.996000, t: -0.000790 0.001777 -0.000666 q: 0.987173 -0.131648 -0.089441 -0.012622 
time: 193.096000, t: -0.000789 0.001784 -0.000669 q: 0.987158 -0.131720 -0.089492 -0.012637 
time: 193.196000, t: -0.000788 0.001795 -0.000673 q: 0.987143 -0.131794 -0.089545 -0.012656 
time: 193.296000, t: -0.000782 0.001805 -0.000674 q: 0.987129 -0.131866 -0.089596 -0.012673 
time: 193.400000, t: -0.000784 0.001809 -0.000678 q: 0.987114 -0.131944 -0.089643 -0.012690 
time: 193.532000, t: -0.000971 0.001824 -0.000663 q: 0.987087 -0.132288 -0.089423 -0.012724 
time: 193.636000, t: -0.001127 0.001839 -0.000662 q: 0.987066 -0.132407 -0.089487 -0.012729 
time: 193.732000, t: -0.001121 0.001832 -0.000661 q: 0.987050 -0.132482 -0.089543 -0.012740 
time: 193.832000, t: -0.001115 0.001824 -0.000659 q: 0.987035 -0.132557 -0.089598 -0.012751 
time: 193.932000, t: -0.001104 0.001823 -0.000655 q: 0.987020 -0.132630 -0.089652 -0.012765 
time: 194.032000, t: -0.001099 0.001821 -0.000655 q: 0.987005 -0.132705 -0.089708 -0.012778 
time: 194.132000, t: -0.001092 0.001814 -0.000656 q: 0.986990 -0.132779 -0.089764 -0.012789 
time: 194.236000, t: -0.001085 0.001806 -0.000655 q: 0.986974 -0.132854 -0.089820 -0.012800 
time: 194.332000, t: -0.001083 0.001801 -0.000655 q: 0.986959 -0.132930 -0.089875 -0.012813 
time: 194.464000, t: -0.001081 0.001806 -0.000662 q: 0.986943 -0.133006 -0.089936 -0.012832 
time: 194.596000, t: -0.001072 0.001810 -0.000664 q: 0.986927 -0.133080 -0.089993 -0.012849 
time: 194.668000, t: -0.001062 0.001812 -0.000663 q: 0.986913 -0.133153 -0.090045 -0.012861 
time: 194.796000, t: -0.001062 0.001803 -0.000661 q: 0.986898 -0.133227 -0.090100 -0.012874 
time: 194.900000, t: -0.001053 0.001797 -0.000660 q: 0.986882 -0.133300 -0.090155 -0.012884 
time: 195.032000, t: -0.001047 0.001794 -0.000660 q: 0.986867 -0.133374 -0.090211 -0.012899 
time: 195.132000, t: -0.001040 0.001782 -0.000658 q: 0.986852 -0.133447 -0.090265 -0.012907 
time: 195.232000, t: -0.001028 0.001772 -0.000656 q: 0.986837 -0.133521 -0.090319 -0.012917 
time: 195.332000, t: -0.001018 0.001771 -0.000655 q: 0.986822 -0.133595 -0.090374 -0.012932 
time: 195.468000, t: -0.001020 0.001779 -0.000645 q: 0.986808 -0.133666 -0.090423 -0.012949 
time: 195.596000, t: -0.001014 0.001778 -0.000641 q: 0.986793 -0.133737 -0.090475 -0.012962 
time: 195.696000, t: -0.001005 0.001768 -0.000642 q: 0.986778 -0.133809 -0.090530 -0.012972 
time: 195.800000, t: -0.001000 0.001764 -0.000638 q: 0.986763 -0.133882 -0.090582 -0.012984 
time: 195.932000, t: -0.000996 0.001771 -0.000638 q: 0.986748 -0.133954 -0.090638 -0.012999 
time: 196.032000, t: -0.000990 0.001762 -0.000639 q: 0.986733 -0.134027 -0.090692 -0.013010 
time: 196.132000, t: -0.000985 0.001760 -0.000639 q: 0.986718 -0.134099 -0.090745 -0.013023 
time: 196.268000, t: -0.000983 0.001764 -0.000639 q: 0.986703 -0.134172 -0.090800 -0.013039 
time: 196.396000, t: -0.000972 0.001760 -0.000640 q: 0.986688 -0.134245 -0.090855 -0.013051 
time: 196.496000, t: -0.000971 0.001751 -0.000631 q: 0.986674 -0.134317 -0.090904 -0.013062 
time: 196.596000, t: -0.000966 0.001741 -0.000628 q: 0.986659 -0.134385 -0.090956 -0.013069 
time: 196.696000, t: -0.000961 0.001738 -0.000630 q: 0.986644 -0.134461 -0.091010 -0.013084 
time: 196.768000, t: -0.000956 0.001744 -0.000624 q: 0.986630 -0.134532 -0.091057 -0.013098 
time: 196.896000, t: -0.000953 0.001758 -0.000628 q: 0.986614 -0.134606 -0.091112 -0.013117 
time: 196.996000, t: -0.000943 0.001761 -0.000635 q: 0.986599 -0.134678 -0.091169 -0.013133 
time: 197.068000, t: -0.000945 0.001778 -0.000640 q: 0.986587 -0.134736 -0.091210 -0.013152 
time: 197.200000, t: -0.000933 0.001770 -0.000648 q: 0.986572 -0.134806 -0.091268 -0.013162 
time: 197.336000, t: -0.000934 0.001785 -0.000656 q: 0.986556 -0.134880 -0.091326 -0.013184 
time: 197.432000, t: -0.000919 0.001771 -0.000654 q: 0.986542 -0.134949 -0.091377 -0.013191 
time: 197.532000, t: -0.000908 0.001761 -0.000666 q: 0.986527 -0.135020 -0.091437 -0.013199 
time: 197.632000, t: -0.000909 0.001764 -0.000672 q: 0.986511 -0.135096 -0.091493 -0.013218 
time: 197.732000, t: -0.000898 0.001765 -0.000686 q: 0.986495 -0.135166 -0.091553 -0.013232 
time: 197.832000, t: -0.000892 0.001779 -0.000691 q: 0.986480 -0.135240 -0.091607 -0.013255 
time: 197.932000, t: -0.000887 0.001787 -0.000688 q: 0.986465 -0.135311 -0.091656 -0.013271 
time: 198.032000, t: -0.000880 0.001787 -0.000708 q: 0.986449 -0.135384 -0.091719 -0.013286 
time: 198.132000, t: -0.000879 0.001792 -0.000715 q: 0.986434 -0.135458 -0.091774 -0.013302 
time: 198.232000, t: -0.000879 0.001799 -0.000721 q: 0.986419 -0.135531 -0.091829 -0.013318 
time: 198.332000, t: -0.000868 0.001790 -0.000722 q: 0.986404 -0.135600 -0.091881 -0.013328 
time: 198.432000, t: -0.000870 0.001801 -0.000726 q: 0.986389 -0.135674 -0.091934 -0.013346 
time: 198.532000, t: -0.000860 0.001801 -0.000716 q: 0.986375 -0.135742 -0.091979 -0.013360 
time: 198.632000, t: -0.000854 0.001803 -0.000720 q: 0.986360 -0.135814 -0.092032 -0.013374 
time: 198.732000, t: -0.000851 0.001811 -0.000718 q: 0.986345 -0.135885 -0.092080 -0.013390 
time: 198.832000, t: -0.000840 0.001822 -0.000714 q: 0.986331 -0.135956 -0.092127 -0.013408 
time: 198.932000, t: -0.000833 0.001824 -0.000715 q: 0.986316 -0.136027 -0.092178 -0.013422 
time: 199.032000, t: -0.000831 0.001829 -0.000716 q: 0.986302 -0.136097 -0.092228 -0.013438 
time: 199.164000, t: -0.000842 0.001869 -0.000730 q: 0.986285 -0.136176 -0.092286 -0.013470 
time: 199.296000, t: -0.000828 0.001871 -0.000734 q: 0.986270 -0.136245 -0.092340 -0.013484 
time: 199.396000, t: -0.000821 0.001870 -0.000731 q: 0.986256 -0.136313 -0.092387 -0.013495 
time: 199.496000, t: -0.000810 0.001873 -0.000733 q: 0.986241 -0.136384 -0.092438 -0.013508 
time: 199.596000, t: -0.000802 0.001871 -0.000731 q: 0.986227 -0.136452 -0.092487 -0.013519 
time: 199.668000, t: -0.000798 0.001871 -0.000730 q: 0.986213 -0.136523 -0.092534 -0.013532 
time: 199.800000, t: -0.000803 0.001896 -0.000739 q: 0.986197 -0.136598 -0.092589 -0.013558 
time: 199.896000, t: -0.000793 0.001905 -0.000741 q: 0.986182 -0.136669 -0.092640 -0.013576 
time: 199.996000, t: -0.000789 0.001908 -0.000741 q: 0.986168 -0.136739 -0.092688 -0.013588 
time: 200.096000, t: -0.000780 0.001896 -0.000740 q: 0.986153 -0.136812 -0.092732 -0.013596 
time: 200.196000, t: -0.000782 0.001907 -0.000740 q: 0.986138 -0.136890 -0.092776 -0.013617 
time: 200.296000, t: -0.000986 0.001902 -0.000713 q: 0.986111 -0.137232 -0.092550 -0.013646 
time: 200.396000, t: -0.001160 0.001926 -0.000713 q: 0.986088 -0.137355 -0.092615 -0.013658 
time: 200.496000, t: -0.001155 0.001919 -0.000711 q: 0.986073 -0.137427 -0.092669 -0.013667 
time: 200.596000, t: -0.001147 0.001915 -0.000711 q: 0.986057 -0.137502 -0.092724 -0.013681 
time: 200.696000, t: -0.001139 0.001906 -0.000709 q: 0.986041 -0.137576 -0.092777 -0.013692 
time: 200.768000, t: -0.001133 0.001914 -0.000706 q: 0.986026 -0.137650 -0.092828 -0.013709 
time: 200.900000, t: -0.001128 0.001905 -0.000705 q: 0.986010 -0.137723 -0.092884 -0.013720 
time: 201.036000, t: -0.001119 0.001897 -0.000705 q: 0.985995 -0.137796 -0.092941 -0.013731 
time: 201.132000, t: -0.001112 0.001890 -0.000703 q: 0.985979 -0.137868 -0.092995 -0.013743 
time: 201.232000, t: -0.001110 0.001889 -0.000713 q: 0.985963 -0.137945 -0.093055 -0.013759 
time: 201.332000, t: -0.001101 0.001887 -0.000714 q: 0.985947 -0.138019 -0.093110 -0.013774 
time: 201.440000, t: -0.001095 0.001891 -0.000713 q: 0.985931 -0.138093 -0.093163 -0.013790 
time: 201.544000, t: -0.001090 0.001892 -0.000712 q: 0.985916 -0.138165 -0.093215 -0.013804 
time: 201.640000, t: -0.001078 0.001888 -0.000710 q: 0.985901 -0.138236 -0.093268 -0.013815 
time: 201.740000, t: -0.001076 0.001880 -0.000711 q: 0.985885 -0.138313 -0.093322 -0.013829 
time: 201.840000, t: -0.001070 0.001877 -0.000711 q: 0.985869 -0.138386 -0.093376 -0.013842 
time: 201.940000, t: -0.001063 0.001866 -0.000710 q: 0.985854 -0.138459 -0.093430 -0.013851 
time: 202.040000, t: -0.001054 0.001859 -0.000709 q: 0.985838 -0.138532 -0.093484 -0.013863 
time: 202.140000, t: -0.001044 0.001859 -0.000708 q: 0.985823 -0.138605 -0.093537 -0.013878 
time: 202.240000, t: -0.001039 0.001857 -0.000697 q: 0.985808 -0.138676 -0.093583 -0.013892 
time: 202.340000, t: -0.001033 0.001845 -0.000695 q: 0.985793 -0.138747 -0.093636 -0.013900 
time: 202.412000, t: -0.001031 0.001848 -0.000697 q: 0.985777 -0.138824 -0.093688 -0.013917 
time: 202.540000, t: -0.001028 0.001851 -0.000694 q: 0.985763 -0.138892 -0.093740 -0.013929 
time: 202.640000, t: -0.001001 0.001790 -0.000691 q: 0.985754 -0.138932 -0.093777 -0.013911 
time: 202.740000, t: -0.001012 0.001842 -0.000695 q: 0.985738 -0.139007 -0.093828 -0.013947 
time: 202.840000, t: -0.001007 0.001832 -0.000694 q: 0.985722 -0.139082 -0.093881 -0.013960 
time: 202.940000, t: -0.001006 0.001836 -0.000697 q: 0.985706 -0.139154 -0.093935 -0.013976 
time: 203.040000, t: -0.000997 0.001830 -0.000695 q: 0.985691 -0.139226 -0.093986 -0.013987 
time: 203.144000, t: -0.000993 0.001829 -0.000697 q: 0.985675 -0.139300 -0.094040 -0.014000 
time: 203.276000, t: -0.000995 0.001839 -0.000695 q: 0.985660 -0.139372 -0.094092 -0.014019 
time: 203.376000, t: -0.000984 0.001819 -0.000689 q: 0.985646 -0.139440 -0.094142 -0.014024 
time: 203.476000, t: -0.000979 0.001814 -0.000691 q: 0.985630 -0.139512 -0.094196 -0.014035 
time: 203.576000, t: -0.000976 0.001824 -0.000686 q: 0.985615 -0.139583 -0.094243 -0.014054 
time: 203.676000, t: -0.000965 0.001821 -0.000686 q: 0.985600 -0.139654 -0.094294 -0.014065 
time: 203.780000, t: -0.000962 0.001834 -0.000696 q: 0.985584 -0.139727 -0.094350 -0.014087 
time: 203.876000, t: -0.000954 0.001837 -0.000699 q: 0.985568 -0.139800 -0.094403 -0.014104 
time: 203.976000, t: -0.000949 0.001837 -0.000699 q: 0.985553 -0.139870 -0.094454 -0.014115 
time: 204.076000, t: -0.000938 0.001828 -0.000707 q: 0.985538 -0.139940 -0.094510 -0.014127 
time: 204.176000, t: -0.000936 0.001843 -0.000713 q: 0.985522 -0.140014 -0.094564 -0.014149 
time: 204.276000, t: -0.000930 0.001849 -0.000731 q: 0.985505 -0.140087 -0.094625 -0.014167 
time: 204.376000, t: -0.000923 0.001840 -0.000731 q: 0.985490 -0.140158 -0.094677 -0.014178 
time: 204.476000, t: -0.000919 0.001835 -0.000732 q: 0.985475 -0.140229 -0.094729 -0.014191 
time: 204.576000, t: -0.000890 0.001798 -0.000739 q: 0.985462 -0.140285 -0.094781 -0.014188 
time: 204.676000, t: -0.000903 0.001856 -0.000753 q: 0.985445 -0.140364 -0.094835 -0.014228 
time: 204.776000, t: -0.000895 0.001863 -0.000765 q: 0.985429 -0.140435 -0.094891 -0.014246 
time: 204.876000, t: -0.000890 0.001861 -0.000772 q: 0.985414 -0.140506 -0.094946 -0.014259 
time: 204.976000, t: -0.000890 0.001871 -0.000778 q: 0.985398 -0.140579 -0.094999 -0.014277 
time: 205.076000, t: -0.000885 0.001876 -0.000782 q: 0.985383 -0.140649 -0.095051 -0.014293 
time: 205.176000, t: -0.000883 0.001882 -0.000786 q: 0.985367 -0.140722 -0.095103 -0.014309 
time: 205.276000, t: -0.000874 0.001878 -0.000786 q: 0.985352 -0.140791 -0.095154 -0.014322 
time: 205.376000, t: -0.000864 0.001866 -0.000779 q: 0.985338 -0.140859 -0.095201 -0.014330 
time: 205.476000, t: -0.000859 0.001882 -0.000779 q: 0.985323 -0.140930 -0.095249 -0.014350 
time: 205.576000, t: -0.000856 0.001889 -0.000781 q: 0.985307 -0.141001 -0.095299 -0.014366 
time: 205.676000, t: -0.000846 0.001906 -0.000782 q: 0.985292 -0.141072 -0.095346 -0.014386 
time: 205.780000, t: -0.000843 0.001907 -0.000784 q: 0.985277 -0.141143 -0.095396 -0.014400 
time: 205.876000, t: -0.000831 0.001917 -0.000786 q: 0.985262 -0.141212 -0.095446 -0.014418 
time: 205.976000, t: -0.000827 0.001929 -0.000793 q: 0.985247 -0.141284 -0.095497 -0.014435 
time: 206.076000, t: -0.000821 0.001931 -0.000796 q: 0.985232 -0.141354 -0.095547 -0.014449 
time: 206.176000, t: -0.000808 0.001919 -0.000789 q: 0.985218 -0.141419 -0.095592 -0.014457 
time: 206.308000, t: -0.000821 0.001963 -0.000804 q: 0.985200 -0.141497 -0.095648 -0.014490 
time: 206.444000, t: -0.000824 0.001984 -0.000810 q: 0.985184 -0.141570 -0.095702 -0.014514 
time: 206.576000, t: -0.000825 0.002003 -0.000819 q: 0.985168 -0.141644 -0.095757 -0.014539 
time: 206.680000, t: -0.000804 0.001996 -0.000815 q: 0.985155 -0.141708 -0.095802 -0.014545 
time: 206.776000, t: -0.000783 0.001980 -0.000808 q: 0.985141 -0.141770 -0.095845 -0.014547 
time: 206.880000, t: -0.000780 0.001978 -0.000809 q: 0.985126 -0.141844 -0.095889 -0.014559 
time: 206.976000, t: -0.000776 0.001982 -0.000809 q: 0.985111 -0.141920 -0.095932 -0.014576 
time: 207.108000, t: -0.001006 0.001982 -0.000773 q: 0.985083 -0.142264 -0.095702 -0.014613 
time: 207.212000, t: -0.001188 0.002006 -0.000773 q: 0.985059 -0.142387 -0.095766 -0.014625 
time: 207.340000, t: -0.001180 0.002004 -0.000771 q: 0.985043 -0.142458 -0.095821 -0.014638 
time: 207.440000, t: -0.001174 0.001992 -0.000768 q: 0.985027 -0.142532 -0.095873 -0.014649 
time: 207.540000, t: -0.001164 0.001985 -0.000765 q: 0.985012 -0.142603 -0.095925 -0.014661 
time: 207.612000, t: -0.001160 0.001987 -0.000765 q: 0.984995 -0.142678 -0.095978 -0.014677 
time: 207.744000, t: -0.001149 0.001969 -0.000765 q: 0.984981 -0.142741 -0.096028 -0.014682 
time: 207.844000, t: -0.001145 0.001977 -0.000766 q: 0.984965 -0.142813 -0.096081 -0.014699 
time: 207.940000, t: -0.001135 0.001970 -0.000766 q: 0.984950 -0.142885 -0.096134 -0.014711 
time: 208.012000, t: -0.001135 0.001968 -0.000767 q: 0.984933 -0.142961 -0.096186 -0.014726 
time: 208.140000, t: -0.001123 0.001973 -0.000776 q: 0.984917 -0.143033 -0.096245 -0.014742 
time: 208.212000, t: -0.001120 0.001969 -0.000777 q: 0.984900 -0.143110 -0.096298 -0.014759 
time: 208.344000, t: -0.001116 0.001970 -0.000776 q: 0.984885 -0.143181 -0.096351 -0.014773 
time: 208.476000, t: -0.001110 0.001970 -0.000775 q: 0.984868 -0.143254 -0.096404 -0.014790 
time: 208.580000, t: -0.001103 0.001963 -0.000774 q: 0.984853 -0.143324 -0.096456 -0.014800 
time: 208.676000, t: -0.001094 0.001952 -0.000775 q: 0.984837 -0.143396 -0.096510 -0.014810 
time: 208.776000, t: -0.001084 0.001940 -0.000771 q: 0.984822 -0.143467 -0.096561 -0.014819 
time: 208.876000, t: -0.001073 0.001933 -0.000771 q: 0.984806 -0.143540 -0.096614 -0.014831 
time: 208.980000, t: -0.001066 0.001937 -0.000772 q: 0.984790 -0.143613 -0.096666 -0.014848 
time: 209.076000, t: -0.001060 0.001934 -0.000762 q: 0.984775 -0.143683 -0.096712 -0.014861 
time: 209.208000, t: -0.001057 0.001938 -0.000760 q: 0.984759 -0.143754 -0.096764 -0.014877 
time: 209.340000, t: -0.001054 0.001941 -0.000758 q: 0.984744 -0.143823 -0.096815 -0.014893 
time: 209.440000, t: -0.001038 0.001928 -0.000757 q: 0.984728 -0.143892 -0.096867 -0.014898 
time: 209.512000, t: -0.001033 0.001929 -0.000758 q: 0.984713 -0.143965 -0.096917 -0.014913 
time: 209.640000, t: -0.001033 0.001924 -0.000759 q: 0.984696 -0.144039 -0.096972 -0.014929 
time: 209.740000, t: -0.001030 0.001923 -0.000760 q: 0.984680 -0.144110 -0.097024 -0.014943 
time: 209.840000, t: -0.001006 0.001880 -0.000756 q: 0.984672 -0.144147 -0.097057 -0.014929 
time: 209.940000, t: -0.001012 0.001911 -0.000759 q: 0.984655 -0.144223 -0.097108 -0.014959 
time: 210.040000, t: -0.001008 0.001912 -0.000756 q: 0.984640 -0.144294 -0.097157 -0.014974 
time: 210.140000, t: -0.001006 0.001904 -0.000757 q: 0.984624 -0.144366 -0.097209 -0.014986 
time: 210.240000, t: -0.000998 0.001894 -0.000757 q: 0.984609 -0.144435 -0.097261 -0.014994 
time: 210.340000, t: -0.000992 0.001888 -0.000754 q: 0.984593 -0.144505 -0.097311 -0.015006 
time: 210.440000, t: -0.000987 0.001911 -0.000755 q: 0.984577 -0.144578 -0.097359 -0.015030 
time: 210.512000, t: -0.000980 0.001902 -0.000754 q: 0.984562 -0.144649 -0.097408 -0.015041 
time: 210.640000, t: -0.000977 0.001921 -0.000764 q: 0.984546 -0.144720 -0.097463 -0.015063 
time: 210.740000, t: -0.000969 0.001924 -0.000766 q: 0.984530 -0.144791 -0.097514 -0.015079 
time: 210.812000, t: -0.000957 0.001913 -0.000773 q: 0.984514 -0.144861 -0.097568 -0.015089 
time: 210.940000, t: -0.000955 0.001921 -0.000780 q: 0.984498 -0.144932 -0.097623 -0.015108 
time: 211.040000, t: -0.000948 0.001924 -0.000783 q: 0.984482 -0.145003 -0.097674 -0.015124 
time: 211.140000, t: -0.000935 0.001913 -0.000794 q: 0.984466 -0.145072 -0.097731 -0.015133 
time: 211.240000, t: -0.000937 0.001920 -0.000802 q: 0.984450 -0.145146 -0.097785 -0.015154 
time: 211.340000, t: -0.000923 0.001916 -0.000815 q: 0.984434 -0.145214 -0.097842 -0.015166 
time: 211.440000, t: -0.000915 0.001924 -0.000821 q: 0.984417 -0.145287 -0.097895 -0.015187 
time: 211.540000, t: -0.000882 0.001856 -0.000808 q: 0.984410 -0.145318 -0.097925 -0.015164 
time: 211.640000, t: -0.000896 0.001916 -0.000835 q: 0.984394 -0.145386 -0.097978 -0.015204 
time: 211.740000, t: -0.000898 0.001935 -0.000842 q: 0.984378 -0.145461 -0.098030 -0.015227 
time: 211.840000, t: -0.000897 0.001949 -0.000850 q: 0.984362 -0.145532 -0.098083 -0.015247 
time: 211.944000, t: -0.000890 0.001950 -0.000853 q: 0.984346 -0.145602 -0.098133 -0.015261 
time: 212.076000, t: -0.000893 0.001965 -0.000860 q: 0.984329 -0.145675 -0.098188 -0.015284 
time: 212.176000, t: -0.000878 0.001958 -0.000851 q: 0.984316 -0.145738 -0.098231 -0.015292 
time: 212.276000, t: -0.000864 0.001950 -0.000848 q: 0.984301 -0.145807 -0.098278 -0.015304 
time: 212.376000, t: -0.000862 0.001963 -0.000852 q: 0.984285 -0.145877 -0.098327 -0.015320 
time: 212.476000, t: -0.000852 0.001986 -0.000854 q: 0.984270 -0.145948 -0.098373 -0.015343 
time: 212.608000, t: -0.000848 0.002006 -0.000857 q: 0.984254 -0.146018 -0.098423 -0.015366 
time: 212.740000, t: -0.000846 0.002032 -0.000870 q: 0.984237 -0.146090 -0.098477 -0.015392 
time: 212.840000, t: -0.000782 0.001869 -0.000838 q: 0.984233 -0.146108 -0.098504 -0.015328 
time: 212.940000, t: -0.000807 0.001978 -0.000858 q: 0.984215 -0.146190 -0.098552 -0.015387 
time: 213.040000, t: -0.000814 0.002014 -0.000869 q: 0.984199 -0.146263 -0.098602 -0.015415 
time: 213.140000, t: -0.000798 0.002005 -0.000865 q: 0.984184 -0.146329 -0.098648 -0.015423 
time: 213.240000, t: -0.000795 0.002020 -0.000871 q: 0.984168 -0.146400 -0.098697 -0.015443 
time: 213.312000, t: -0.000792 0.002034 -0.000878 q: 0.984153 -0.146471 -0.098746 -0.015462 
time: 213.440000, t: -0.000788 0.002041 -0.000882 q: 0.984137 -0.146539 -0.098795 -0.015478 
time: 213.540000, t: -0.000780 0.002058 -0.000884 q: 0.984122 -0.146609 -0.098842 -0.015498 
time: 213.640000, t: -0.000774 0.002061 -0.000883 q: 0.984107 -0.146682 -0.098882 -0.015513 
time: 213.744000, t: -0.000768 0.002056 -0.000885 q: 0.984091 -0.146751 -0.098931 -0.015523 
time: 213.876000, t: -0.001015 0.002066 -0.000839 q: 0.984062 -0.147102 -0.098690 -0.015572 
time: 213.976000, t: -0.001215 0.002097 -0.000837 q: 0.984037 -0.147227 -0.098751 -0.015586 
time: 214.076000, t: -0.001207 0.002086 -0.000836 q: 0.984021 -0.147300 -0.098804 -0.015597 
time: 214.176000, t: -0.001203 0.002086 -0.000836 q: 0.984004 -0.147373 -0.098857 -0.015612 
time: 214.276000, t: -0.001196 0.002082 -0.000834 q: 0.983988 -0.147445 -0.098908 -0.015626 
time: 214.408000, t: -0.001186 0.002081 -0.000831 q: 0.983972 -0.147515 -0.098960 -0.015640 
time: 214.540000, t: -0.001178 0.002079 -0.000833 q: 0.983956 -0.147586 -0.099015 -0.015654 
time: 214.640000, t: -0.001166 0.002066 -0.000831 q: 0.983940 -0.147657 -0.099067 -0.015664 
time: 214.740000, t: -0.001161 0.002067 -0.000830 q: 0.983924 -0.147729 -0.099119 -0.015679 
time: 214.840000, t: -0.001156 0.002067 -0.000840 q: 0.983906 -0.147803 -0.099176 -0.015696 
time: 214.940000, t: -0.001148 0.002068 -0.000842 q: 0.983894 -0.147857 -0.099217 -0.015710 
time: 215.040000, t: -0.001139 0.002065 -0.000841 q: 0.983878 -0.147930 -0.099269 -0.015723 
time: 215.144000, t: -0.001136 0.002069 -0.000842 q: 0.983861 -0.148001 -0.099320 -0.015739 
time: 215.276000, t: -0.001128 0.002060 -0.000839 q: 0.983846 -0.148071 -0.099371 -0.015750 
time: 215.376000, t: -0.001121 0.002058 -0.000840 q: 0.983829 -0.148143 -0.099423 -0.015765 
time: 215.476000, t: -0.001112 0.002045 -0.000840 q: 0.983813 -0.148214 -0.099476 -0.015774 
time: 215.576000, t: -0.001104 0.002041 -0.000839 q: 0.983797 -0.148286 -0.099527 -0.015787 
time: 215.676000, t: -0.001094 0.002033 -0.000838 q: 0.983781 -0.148358 -0.099579 -0.015799 
time: 215.776000, t: -0.001083 0.002034 -0.000839 q: 0.983764 -0.148430 -0.099630 -0.015815 
time: 215.876000, t: -0.001078 0.002030 -0.000829 q: 0.983749 -0.148499 -0.099675 -0.015828 
time: 215.976000, t: -0.001072 0.002025 -0.000827 q: 0.983733 -0.148570 -0.099725 -0.015840 
time: 216.108000, t: -0.001071 0.002037 -0.000832 q: 0.983717 -0.148641 -0.099778 -0.015860 
time: 216.240000, t: -0.001062 0.002032 -0.000828 q: 0.983701 -0.148709 -0.099828 -0.015871 
time: 216.340000, t: -0.001055 0.002024 -0.000825 q: 0.983686 -0.148778 -0.099878 -0.015882 
time: 216.440000, t: -0.001047 0.002018 -0.000826 q: 0.983669 -0.148849 -0.099929 -0.015894 
time: 216.540000, t: -0.001039 0.002010 -0.000826 q: 0.983654 -0.148919 -0.099979 -0.015905 
time: 216.640000, t: -0.001033 0.002012 -0.000825 q: 0.983638 -0.148990 -0.100029 -0.015920 
time: 216.740000, t: -0.001027 0.002008 -0.000826 q: 0.983621 -0.149061 -0.100080 -0.015933 
time: 216.840000, t: -0.001024 0.002007 -0.000829 q: 0.983605 -0.149132 -0.100131 -0.015947 
time: 216.940000, t: -0.001021 0.002008 -0.000824 q: 0.983590 -0.149201 -0.100178 -0.015961 
time: 217.040000, t: -0.001010 0.001997 -0.000822 q: 0.983574 -0.149271 -0.100228 -0.015971 
time: 217.140000, t: -0.001011 0.001994 -0.000822 q: 0.983558 -0.149341 -0.100277 -0.015984 
time: 217.240000, t: -0.001001 0.002011 -0.000821 q: 0.983542 -0.149410 -0.100324 -0.016004 
time: 217.340000, t: -0.000986 0.001994 -0.000816 q: 0.983527 -0.149478 -0.100371 -0.016010 
time: 217.440000, t: -0.000985 0.002020 -0.000828 q: 0.983510 -0.149551 -0.100425 -0.016039 
time: 217.540000, t: -0.000964 0.001980 -0.000823 q: 0.983497 -0.149606 -0.100469 -0.016033 
time: 217.640000, t: -0.000962 0.002011 -0.000839 q: 0.983480 -0.149680 -0.100525 -0.016062 
time: 217.740000, t: -0.000958 0.002020 -0.000846 q: 0.983463 -0.149751 -0.100577 -0.016082 
time: 217.840000, t: -0.000954 0.002029 -0.000850 q: 0.983447 -0.149822 -0.100627 -0.016099 
time: 217.944000, t: -0.000943 0.002017 -0.000863 q: 0.983431 -0.149892 -0.100684 -0.016111 
time: 218.076000, t: -0.000950 0.002039 -0.000872 q: 0.983414 -0.149964 -0.100738 -0.016135 
time: 218.176000, t: -0.000929 0.002032 -0.000882 q: 0.983398 -0.150031 -0.100792 -0.016149 
time: 218.280000, t: -0.000921 0.002045 -0.000888 q: 0.983381 -0.150101 -0.100843 -0.016169 
time: 218.376000, t: -0.000910 0.002047 -0.000900 q: 0.983365 -0.150169 -0.100897 -0.016186 
time: 218.476000, t: -0.000902 0.002043 -0.000908 q: 0.983349 -0.150239 -0.100950 -0.016198 
time: 218.576000, t: -0.000906 0.002061 -0.000916 q: 0.983332 -0.150312 -0.101001 -0.016220 
time: 218.680000, t: -0.000897 0.002060 -0.000920 q: 0.983316 -0.150380 -0.101052 -0.016234 
time: 218.776000, t: -0.000891 0.002064 -0.000924 q: 0.983300 -0.150451 -0.101101 -0.016249 
time: 218.876000, t: -0.000884 0.002060 -0.000926 q: 0.983284 -0.150519 -0.101151 -0.016261 
time: 218.976000, t: -0.000877 0.002062 -0.000921 q: 0.983269 -0.150587 -0.101195 -0.016277 
time: 219.108000, t: -0.000869 0.002081 -0.000923 q: 0.983253 -0.150655 -0.101242 -0.016296 
time: 219.240000, t: -0.000862 0.002106 -0.000928 q: 0.983237 -0.150726 -0.101291 -0.016320 
time: 219.340000, t: -0.000847 0.002102 -0.000927 q: 0.983222 -0.150792 -0.101338 -0.016332 
time: 219.412000, t: -0.000837 0.002104 -0.000927 q: 0.983207 -0.150861 -0.101383 -0.016347 
time: 219.540000, t: -0.000833 0.002122 -0.000935 q: 0.983190 -0.150931 -0.101434 -0.016368 
time: 219.644000, t: -0.000823 0.002121 -0.000938 q: 0.983175 -0.150998 -0.101482 -0.016380 
time: 219.776000, t: -0.000817 0.002135 -0.000940 q: 0.983159 -0.151065 -0.101529 -0.016400 
time: 219.876000, t: -0.000803 0.002132 -0.000943 q: 0.983144 -0.151133 -0.101576 -0.016409 
time: 219.976000, t: -0.000789 0.002130 -0.000941 q: 0.983129 -0.151200 -0.101622 -0.016423 
time: 220.076000, t: -0.000782 0.002127 -0.000940 q: 0.983114 -0.151265 -0.101667 -0.016432 
time: 220.176000, t: -0.000779 0.002157 -0.000948 q: 0.983097 -0.151337 -0.101715 -0.016460 
time: 220.276000, t: -0.000761 0.002145 -0.000947 q: 0.983082 -0.151402 -0.101761 -0.016465 
time: 220.376000, t: -0.000761 0.002167 -0.000950 q: 0.983067 -0.151472 -0.101805 -0.016488 
time: 220.480000, t: -0.000755 0.002171 -0.000951 q: 0.983051 -0.151545 -0.101846 -0.016504 
time: 220.580000, t: -0.000742 0.002157 -0.000948 q: 0.983036 -0.151616 -0.101888 -0.016513 
time: 220.708000, t: -0.001025 0.002158 -0.000901 q: 0.983005 -0.151965 -0.101653 -0.016561 
time: 220.840000, t: -0.001239 0.002195 -0.000900 q: 0.982979 -0.152091 -0.101716 -0.016581 
time: 220.940000, t: -0.001229 0.002185 -0.000899 q: 0.982962 -0.152162 -0.101768 -0.016592 
time: 221.040000, t: -0.001224 0.002177 -0.000895 q: 0.982946 -0.152234 -0.101818 -0.016604 
time: 221.140000, t: -0.001212 0.002174 -0.000893 q: 0.982929 -0.152305 -0.101869 -0.016619 
time: 221.240000, t: -0.001206 0.002177 -0.000894 q: 0.982912 -0.152377 -0.101921 -0.016635 
time: 221.340000, t: -0.001200 0.002169 -0.000893 q: 0.982896 -0.152449 -0.101972 -0.016648 
time: 221.440000, t: -0.001188 0.002163 -0.000894 q: 0.982879 -0.152521 -0.102024 -0.016660 
time: 221.540000, t: -0.001181 0.002150 -0.000897 q: 0.982869 -0.152562 -0.102059 -0.016661 
time: 221.640000, t: -0.001180 0.002150 -0.000895 q: 0.982852 -0.152635 -0.102110 -0.016680 
time: 221.740000, t: -0.001173 0.002147 -0.000905 q: 0.982834 -0.152709 -0.102168 -0.016696 
time: 221.840000, t: -0.001163 0.002158 -0.000909 q: 0.982817 -0.152782 -0.102220 -0.016717 
time: 221.940000, t: -0.001159 0.002151 -0.000908 q: 0.982801 -0.152853 -0.102270 -0.016729 
time: 222.040000, t: -0.001152 0.002149 -0.000908 q: 0.982784 -0.152925 -0.102320 -0.016744 
time: 222.140000, t: -0.001148 0.002142 -0.000907 q: 0.982767 -0.152996 -0.102371 -0.016756 
time: 222.240000, t: -0.001139 0.002139 -0.000908 q: 0.982751 -0.153068 -0.102422 -0.016770 
time: 222.340000, t: -0.001130 0.002125 -0.000906 q: 0.982734 -0.153138 -0.102473 -0.016779 
time: 222.440000, t: -0.001120 0.002119 -0.000906 q: 0.982717 -0.153210 -0.102524 -0.016792 
time: 222.544000, t: -0.001106 0.002118 -0.000908 q: 0.982701 -0.153281 -0.102576 -0.016808 
time: 222.676000, t: -0.001102 0.002121 -0.000897 q: 0.982685 -0.153348 -0.102620 -0.016824 
time: 222.776000, t: -0.001092 0.002109 -0.000892 q: 0.982669 -0.153417 -0.102668 -0.016833 
time: 222.876000, t: -0.001085 0.002107 -0.000893 q: 0.982653 -0.153487 -0.102719 -0.016847 
time: 222.976000, t: -0.001081 0.002109 -0.000889 q: 0.982637 -0.153557 -0.102766 -0.016863 
time: 223.076000, t: -0.001076 0.002101 -0.000889 q: 0.982620 -0.153627 -0.102816 -0.016874 
time: 223.176000, t: -0.001069 0.002095 -0.000889 q: 0.982604 -0.153697 -0.102866 -0.016886 
time: 223.276000, t: -0.001062 0.002092 -0.000889 q: 0.982588 -0.153767 -0.102916 -0.016900 
time: 223.376000, t: -0.001055 0.002092 -0.000891 q: 0.982571 -0.153838 -0.102966 -0.016915 
time: 223.476000, t: -0.001047 0.002090 -0.000891 q: 0.982555 -0.153907 -0.103015 -0.016926 
time: 223.576000, t: -0.001037 0.002080 -0.000892 q: 0.982538 -0.153978 -0.103066 -0.016940 
time: 223.676000, t: -0.001037 0.002078 -0.000888 q: 0.982522 -0.154048 -0.103113 -0.016952 
time: 223.776000, t: -0.001035 0.002079 -0.000888 q: 0.982506 -0.154117 -0.103162 -0.016967 
time: 223.880000, t: -0.001025 0.002065 -0.000888 q: 0.982490 -0.154186 -0.103212 -0.016976 
time: 223.976000, t: -0.001020 0.002072 -0.000891 q: 0.982473 -0.154255 -0.103261 -0.016992 
time: 224.108000, t: -0.001016 0.002086 -0.000889 q: 0.982457 -0.154326 -0.103307 -0.017013 
time: 224.240000, t: -0.001005 0.002105 -0.000898 q: 0.982440 -0.154394 -0.103361 -0.017037 
time: 224.340000, t: -0.000989 0.002092 -0.000896 q: 0.982425 -0.154461 -0.103408 -0.017045 
time: 224.440000, t: -0.000979 0.002094 -0.000906 q: 0.982408 -0.154530 -0.103462 -0.017062 
time: 224.540000, t: -0.000972 0.002096 -0.000912 q: 0.982391 -0.154600 -0.103513 -0.017078 
time: 224.640000, t: -0.000956 0.002070 -0.000909 q: 0.982378 -0.154656 -0.103556 -0.017079 
time: 224.740000, t: -0.000959 0.002096 -0.000930 q: 0.982360 -0.154730 -0.103614 -0.017108 
time: 224.840000, t: -0.000956 0.002095 -0.000934 q: 0.982343 -0.154800 -0.103664 -0.017123 
time: 224.940000, t: -0.000944 0.002095 -0.000947 q: 0.982326 -0.154868 -0.103720 -0.017140 
time: 225.040000, t: -0.000933 0.002103 -0.000953 q: 0.982309 -0.154938 -0.103770 -0.017159 
time: 225.144000, t: -0.000926 0.002117 -0.000953 q: 0.982293 -0.155006 -0.103815 -0.017178 
time: 225.276000, t: -0.000923 0.002132 -0.000978 q: 0.982275 -0.155077 -0.103876 -0.017200 
time: 225.376000, t: -0.000917 0.002130 -0.000985 q: 0.982259 -0.155146 -0.103928 -0.017214 
time: 225.476000, t: -0.000907 0.002129 -0.000990 q: 0.982243 -0.155213 -0.103978 -0.017228 
time: 225.576000, t: -0.000899 0.002128 -0.000992 q: 0.982227 -0.155282 -0.104026 -0.017241 
time: 225.676000, t: -0.000896 0.002141 -0.000998 q: 0.982210 -0.155352 -0.104075 -0.017261 
time: 225.808000, t: -0.000892 0.002147 -0.000993 q: 0.982194 -0.155418 -0.104119 -0.017277 
time: 225.940000, t: -0.000880 0.002169 -0.000994 q: 0.982178 -0.155486 -0.104165 -0.017300 
time: 226.040000, t: -0.000868 0.002166 -0.000993 q: 0.982163 -0.155552 -0.104210 -0.017311 
time: 226.140000, t: -0.000839 0.002130 -0.000990 q: 0.982154 -0.155587 -0.104241 -0.017302 
time: 226.240000, t: -0.000837 0.002162 -0.000994 q: 0.982138 -0.155658 -0.104287 -0.017333 
time: 226.340000, t: -0.000835 0.002189 -0.001005 q: 0.982121 -0.155729 -0.104336 -0.017357 
time: 226.440000, t: -0.000820 0.002172 -0.001003 q: 0.982105 -0.155796 -0.104382 -0.017365 
time: 226.540000, t: -0.000813 0.002165 -0.001005 q: 0.982090 -0.155861 -0.104429 -0.017373 
time: 226.612000, t: -0.000813 0.002191 -0.001013 q: 0.982073 -0.155933 -0.104475 -0.017398 
time: 226.740000, t: -0.000803 0.002192 -0.001014 q: 0.982057 -0.155999 -0.104522 -0.017410 
time: 226.840000, t: -0.000800 0.002210 -0.001020 q: 0.982041 -0.156067 -0.104568 -0.017430 
time: 226.940000, t: -0.000785 0.002222 -0.001021 q: 0.982026 -0.156134 -0.104612 -0.017447 
time: 227.040000, t: -0.000766 0.002210 -0.001019 q: 0.982010 -0.156199 -0.104656 -0.017455 
time: 227.140000, t: -0.000761 0.002240 -0.001025 q: 0.981994 -0.156269 -0.104702 -0.017483 
time: 227.240000, t: -0.000748 0.002217 -0.001019 q: 0.981979 -0.156336 -0.104739 -0.017485 
time: 227.340000, t: -0.000743 0.002224 -0.001026 q: 0.981962 -0.156406 -0.104788 -0.017502 
time: 227.412000, t: -0.001032 0.002231 -0.000969 q: 0.981931 -0.156758 -0.104545 -0.017558 
time: 227.540000, t: -0.001262 0.002270 -0.000969 q: 0.981904 -0.156887 -0.104607 -0.017579 
time: 227.644000, t: -0.001254 0.002262 -0.000967 q: 0.981887 -0.156957 -0.104658 -0.017591 
time: 227.776000, t: -0.001246 0.002258 -0.000966 q: 0.981870 -0.157028 -0.104709 -0.017606 
time: 227.876000, t: -0.001232 0.002250 -0.000964 q: 0.981853 -0.157098 -0.104759 -0.017618 
time: 227.980000, t: -0.001225 0.002249 -0.000963 q: 0.981836 -0.157169 -0.104810 -0.017633 
time: 228.080000, t: -0.001216 0.002238 -0.000963 q: 0.981819 -0.157240 -0.104861 -0.017645 
time: 228.176000, t: -0.001207 0.002232 -0.000960 q: 0.981802 -0.157309 -0.104910 -0.017656 
time: 228.276000, t: -0.001203 0.002232 -0.000962 q: 0.981785 -0.157383 -0.104962 -0.017674 
time: 228.376000, t: -0.001196 0.002227 -0.000971 q: 0.981767 -0.157455 -0.105017 -0.017689 
time: 228.476000, t: -0.001191 0.002228 -0.000975 q: 0.981749 -0.157528 -0.105069 -0.017706 
time: 228.576000, t: -0.001180 0.002229 -0.000975 q: 0.981732 -0.157599 -0.105119 -0.017722 
time: 228.676000, t: -0.001175 0.002231 -0.000975 q: 0.981716 -0.157669 -0.105168 -0.017737 
time: 228.776000, t: -0.001169 0.002219 -0.000971 q: 0.981699 -0.157740 -0.105217 -0.017748 
time: 228.876000, t: -0.001160 0.002218 -0.000973 q: 0.981682 -0.157811 -0.105267 -0.017764 
time: 228.976000, t: -0.001152 0.002212 -0.000973 q: 0.981665 -0.157881 -0.105318 -0.017776 
time: 229.076000, t: -0.001147 0.002200 -0.000970 q: 0.981648 -0.157951 -0.105367 -0.017787 
time: 229.208000, t: -0.001138 0.002206 -0.000974 q: 0.981631 -0.158023 -0.105419 -0.017805 
time: 229.340000, t: -0.001120 0.002200 -0.000965 q: 0.981615 -0.158090 -0.105465 -0.017818 
time: 229.440000, t: -0.001111 0.002186 -0.000959 q: 0.981599 -0.158157 -0.105512 -0.017827 
time: 229.540000, t: -0.001106 0.002193 -0.000961 q: 0.981582 -0.158228 -0.105561 -0.017845 
time: 229.640000, t: -0.001099 0.002188 -0.000962 q: 0.981565 -0.158297 -0.105611 -0.017857 
time: 229.740000, t: -0.001094 0.002188 -0.000958 q: 0.981548 -0.158367 -0.105657 -0.017872 
time: 229.840000, t: -0.001087 0.002182 -0.000958 q: 0.981532 -0.158436 -0.105706 -0.017884 
time: 229.940000, t: -0.001080 0.002179 -0.000959 q: 0.981515 -0.158506 -0.105756 -0.017898 
time: 230.040000, t: -0.001073 0.002182 -0.000960 q: 0.981498 -0.158575 -0.105804 -0.017914 
time: 230.140000, t: -0.001063 0.002177 -0.000957 q: 0.981482 -0.158644 -0.105851 -0.017926 
time: 230.240000, t: -0.001057 0.002177 -0.000960 q: 0.981465 -0.158714 -0.105901 -0.017942 
time: 230.340000, t: -0.001050 0.002171 -0.000963 q: 0.981452 -0.158766 -0.105941 -0.017952 
time: 230.440000, t: -0.001050 0.002171 -0.000957 q: 0.981440 -0.158816 -0.105974 -0.017962 
time: 230.540000, t: -0.001038 0.002157 -0.000955 q: 0.981424 -0.158883 -0.106022 -0.017970 
time: 230.640000, t: -0.001034 0.002151 -0.000956 q: 0.981407 -0.158953 -0.106071 -0.017983 
time: 230.740000, t: -0.001023 0.002165 -0.000954 q: 0.981391 -0.159021 -0.106116 -0.018004 
time: 230.840000, t: -0.001017 0.002163 -0.000953 q: 0.981374 -0.159089 -0.106163 -0.018015 
time: 230.940000, t: -0.001006 0.002174 -0.000962 q: 0.981357 -0.159158 -0.106213 -0.018037 
time: 231.040000, t: -0.000997 0.002176 -0.000963 q: 0.981341 -0.159226 -0.106261 -0.018052 
time: 231.140000, t: -0.000987 0.002174 -0.000973 q: 0.981324 -0.159295 -0.106315 -0.018067 
time: 231.240000, t: -0.000979 0.002173 -0.000980 q: 0.981306 -0.159364 -0.106366 -0.018083 
time: 231.340000, t: -0.000975 0.002181 -0.000985 q: 0.981290 -0.159434 -0.106415 -0.018101 
time: 231.440000, t: -0.000964 0.002172 -0.000999 q: 0.981272 -0.159503 -0.106471 -0.018114 
time: 231.516000, t: -0.000966 0.002176 -0.001005 q: 0.981255 -0.159574 -0.106519 -0.018131 
time: 231.620000, t: -0.000959 0.002182 -0.001007 q: 0.981238 -0.159642 -0.106567 -0.018149 
time: 231.752000, t: -0.000942 0.002189 -0.001025 q: 0.981221 -0.159709 -0.106624 -0.018169 
time: 231.856000, t: -0.000934 0.002211 -0.001031 q: 0.981204 -0.159778 -0.106671 -0.018192 
time: 231.952000, t: -0.000923 0.002198 -0.001050 q: 0.981186 -0.159846 -0.106729 -0.018203 
time: 232.052000, t: -0.000921 0.002207 -0.001060 q: 0.981169 -0.159917 -0.106780 -0.018221 
time: 232.184000, t: -0.000919 0.002219 -0.001070 q: 0.981152 -0.159984 -0.106832 -0.018241 
time: 232.316000, t: -0.000918 0.002237 -0.001081 q: 0.981135 -0.160054 -0.106883 -0.018262 
time: 232.416000, t: -0.000898 0.002209 -0.001072 q: 0.981120 -0.160116 -0.106927 -0.018265 
time: 232.516000, t: -0.000890 0.002217 -0.001071 q: 0.981103 -0.160184 -0.106972 -0.018283 
time: 232.588000, t: -0.000877 0.002225 -0.001069 q: 0.981087 -0.160252 -0.107014 -0.018300 
time: 232.716000, t: -0.000876 0.002242 -0.001077 q: 0.981070 -0.160321 -0.107062 -0.018320 
time: 232.820000, t: -0.000849 0.002237 -0.001073 q: 0.981055 -0.160385 -0.107106 -0.018332 
time: 232.952000, t: -0.000843 0.002274 -0.001084 q: 0.981038 -0.160454 -0.107154 -0.018361 
time: 233.056000, t: -0.000824 0.002263 -0.001083 q: 0.981022 -0.160518 -0.107199 -0.018369 
time: 233.152000, t: -0.000821 0.002266 -0.001084 q: 0.981006 -0.160586 -0.107243 -0.018385 
time: 233.252000, t: -0.000814 0.002281 -0.001092 q: 0.980990 -0.160654 -0.107290 -0.018403 
time: 233.352000, t: -0.000804 0.002278 -0.001090 q: 0.980974 -0.160719 -0.107332 -0.018415 
time: 233.452000, t: -0.000797 0.002287 -0.001092 q: 0.980958 -0.160786 -0.107377 -0.018431 
time: 233.552000, t: -0.000782 0.002275 -0.001091 q: 0.980942 -0.160851 -0.107422 -0.018439 
time: 233.652000, t: -0.000780 0.002310 -0.001101 q: 0.980925 -0.160922 -0.107468 -0.018468 
time: 233.784000, t: -0.000758 0.002304 -0.001104 q: 0.980909 -0.160984 -0.107515 -0.018476 
time: 233.916000, t: -0.000758 0.002350 -0.001117 q: 0.980892 -0.161056 -0.107563 -0.018510 
time: 234.020000, t: -0.000746 0.002337 -0.001115 q: 0.980876 -0.161124 -0.107601 -0.018518 
time: 234.152000, t: -0.001038 0.002311 -0.001041 q: 0.980845 -0.161470 -0.107355 -0.018564 
time: 234.252000, t: -0.001280 0.002356 -0.001041 q: 0.980817 -0.161601 -0.107413 -0.018588 
time: 234.352000, t: -0.001274 0.002351 -0.001041 q: 0.980799 -0.161673 -0.107464 -0.018603 
time: 234.452000, t: -0.001265 0.002341 -0.001037 q: 0.980782 -0.161743 -0.107513 -0.018614 
time: 234.552000, t: -0.001256 0.002342 -0.001034 q: 0.980765 -0.161813 -0.107561 -0.018630 
time: 234.652000, t: -0.001248 0.002340 -0.001033 q: 0.980748 -0.161884 -0.107610 -0.018646 
time: 234.752000, t: -0.001240 0.002330 -0.001036 q: 0.980730 -0.161955 -0.107662 -0.018657 
time: 234.852000, t: -0.001231 0.002324 -0.001035 q: 0.980713 -0.162025 -0.107712 -0.018670 
time: 234.952000, t: -0.001225 0.002319 -0.001036 q: 0.980695 -0.162096 -0.107763 -0.018685 
time: 235.052000, t: -0.001220 0.002323 -0.001046 q: 0.980677 -0.162168 -0.107817 -0.018704 
time: 235.184000, t: -0.001208 0.002323 -0.001047 q: 0.980659 -0.162238 -0.107868 -0.018720 
time: 235.316000, t: -0.001202 0.002329 -0.001048 q: 0.980642 -0.162307 -0.107918 -0.018739 
time: 235.416000, t: -0.001191 0.002319 -0.001045 q: 0.980625 -0.162375 -0.107966 -0.018749 
time: 235.516000, t: -0.001186 0.002308 -0.001043 q: 0.980608 -0.162445 -0.108013 -0.018760 
time: 235.616000, t: -0.001179 0.002309 -0.001044 q: 0.980591 -0.162516 -0.108063 -0.018777 
time: 235.716000, t: -0.001172 0.002298 -0.001044 q: 0.980574 -0.162585 -0.108112 -0.018788 
time: 235.816000, t: -0.001160 0.002286 -0.001041 q: 0.980557 -0.162655 -0.108161 -0.018799 
time: 235.916000, t: -0.001153 0.002290 -0.001044 q: 0.980543 -0.162708 -0.108200 -0.018814 
time: 236.016000, t: -0.001136 0.002277 -0.001041 q: 0.980527 -0.162774 -0.108248 -0.018822 
time: 236.088000, t: -0.001134 0.002284 -0.001032 q: 0.980510 -0.162847 -0.108289 -0.018842 
time: 236.216000, t: -0.001127 0.002282 -0.001032 q: 0.980493 -0.162914 -0.108338 -0.018856 
time: 236.316000, t: -0.001117 0.002275 -0.001033 q: 0.980476 -0.162982 -0.108387 -0.018868 
time: 236.416000, t: -0.001113 0.002277 -0.001030 q: 0.980459 -0.163051 -0.108433 -0.018883 
time: 236.520000, t: -0.001110 0.002266 -0.001030 q: 0.980442 -0.163120 -0.108482 -0.018894 
time: 236.652000, t: -0.001100 0.002273 -0.001035 q: 0.980425 -0.163189 -0.108533 -0.018912 
time: 236.752000, t: -0.001088 0.002263 -0.001032 q: 0.980408 -0.163256 -0.108580 -0.018923 
time: 236.852000, t: -0.001080 0.002262 -0.001031 q: 0.980391 -0.163324 -0.108626 -0.018937 
time: 236.952000, t: -0.001075 0.002253 -0.001036 q: 0.980381 -0.163366 -0.108660 -0.018940 
time: 237.052000, t: -0.001066 0.002257 -0.001037 q: 0.980363 -0.163436 -0.108709 -0.018959 
time: 237.156000, t: -0.001067 0.002251 -0.001031 q: 0.980347 -0.163503 -0.108752 -0.018971 
time: 237.252000, t: -0.001054 0.002246 -0.001030 q: 0.980330 -0.163571 -0.108800 -0.018985 
time: 237.352000, t: -0.001048 0.002238 -0.001029 q: 0.980313 -0.163639 -0.108847 -0.018996 
time: 237.456000, t: -0.001041 0.002257 -0.001030 q: 0.980296 -0.163707 -0.108891 -0.019019 
time: 237.584000, t: -0.001025 0.002264 -0.001037 q: 0.980280 -0.163772 -0.108942 -0.019034 
time: 237.716000, t: -0.001020 0.002289 -0.001043 q: 0.980262 -0.163843 -0.108990 -0.019062 
time: 237.820000, t: -0.001002 0.002263 -0.001041 q: 0.980246 -0.163908 -0.109037 -0.019065 
time: 237.952000, t: -0.000999 0.002277 -0.001058 q: 0.980227 -0.163977 -0.109094 -0.019088 
time: 238.052000, t: -0.000983 0.002269 -0.001060 q: 0.980211 -0.164043 -0.109142 -0.019100 
time: 238.152000, t: -0.000971 0.002256 -0.001074 q: 0.980193 -0.164111 -0.109197 -0.019112 
time: 238.252000, t: -0.000973 0.002270 -0.001081 q: 0.980176 -0.164180 -0.109245 -0.019134 
time: 238.352000, t: -0.000959 0.002276 -0.001095 q: 0.980158 -0.164248 -0.109299 -0.019154 
time: 238.456000, t: -0.000948 0.002276 -0.001099 q: 0.980141 -0.164315 -0.109346 -0.019169 
time: 238.552000, t: -0.000936 0.002293 -0.001101 q: 0.980124 -0.164383 -0.109391 -0.019190 
time: 238.652000, t: -0.000926 0.002290 -0.001123 q: 0.980106 -0.164451 -0.109448 -0.019205 
time: 238.752000, t: -0.000931 0.002310 -0.001136 q: 0.980088 -0.164522 -0.109498 -0.019228 
time: 238.856000, t: -0.000923 0.002313 -0.001144 q: 0.980071 -0.164589 -0.109548 -0.019244 
time: 238.952000, t: -0.000907 0.002308 -0.001145 q: 0.980054 -0.164656 -0.109595 -0.019257 
time: 239.052000, t: -0.000906 0.002315 -0.001150 q: 0.980037 -0.164725 -0.109641 -0.019273 
time: 239.152000, t: -0.000896 0.002323 -0.001144 q: 0.980021 -0.164790 -0.109682 -0.019291 
time: 239.252000, t: -0.000878 0.002314 -0.001146 q: 0.980005 -0.164855 -0.109729 -0.019302 
time: 239.352000, t: -0.000871 0.002338 -0.001150 q: 0.979988 -0.164924 -0.109772 -0.019324 
time: 239.452000, t: -0.000853 0.002324 -0.001145 q: 0.979972 -0.164990 -0.109816 -0.019335 
time: 239.552000, t: -0.000848 0.002356 -0.001156 q: 0.979955 -0.165057 -0.109861 -0.019359 
time: 239.652000, t: -0.000834 0.002359 -0.001156 q: 0.979938 -0.165125 -0.109906 -0.019377 
time: 239.752000, t: -0.000822 0.002360 -0.001161 q: 0.979922 -0.165190 -0.109951 -0.019389 
time: 239.852000, t: -0.000817 0.002372 -0.001167 q: 0.979905 -0.165258 -0.109996 -0.019407 
time: 239.952000, t: -0.000810 0.002376 -0.001171 q: 0.979888 -0.165325 -0.110042 -0.019422 
time: 240.052000, t: -0.000795 0.002361 -0.001167 q: 0.979873 -0.165388 -0.110085 -0.019429 
time: 240.156000, t: -0.000779 0.002367 -0.001165 q: 0.979857 -0.165452 -0.110126 -0.019442 
time: 240.252000, t: -0.000772 0.002386 -0.001172 q: 0.979840 -0.165521 -0.110171 -0.019465 
time: 240.384000, t: -0.000771 0.002415 -0.001184 q: 0.979823 -0.165589 -0.110218 -0.019490 
time: 240.516000, t: -0.000761 0.002447 -0.001195 q: 0.979806 -0.165656 -0.110264 -0.019514 
time: 240.616000, t: -0.000739 0.002434 -0.001192 q: 0.979790 -0.165719 -0.110306 -0.019521 
time: 240.716000, t: -0.000728 0.002423 -0.001191 q: 0.979774 -0.165789 -0.110344 -0.019534 
time: 240.788000, t: -0.001057 0.002410 -0.001115 q: 0.979741 -0.166140 -0.110094 -0.019592 
time: 240.888000, t: -0.001304 0.002451 -0.001113 q: 0.979712 -0.166271 -0.110151 -0.019612 
time: 241.020000, t: -0.001300 0.002446 -0.001112 q: 0.979694 -0.166341 -0.110202 -0.019628 
time: 241.152000, t: -0.001285 0.002437 -0.001112 q: 0.979676 -0.166411 -0.110253 -0.019641 
time: 241.252000, t: -0.001273 0.002430 -0.001105 q: 0.979660 -0.166479 -0.110299 -0.019654 
time: 241.352000, t: -0.001269 0.002429 -0.001104 q: 0.979642 -0.166549 -0.110346 -0.019670 
time: 241.452000, t: -0.001257 0.002422 -0.001106 q: 0.979624 -0.166619 -0.110398 -0.019683 
time: 241.552000, t: -0.001246 0.002409 -0.001104 q: 0.979607 -0.166688 -0.110446 -0.019693 
time: 241.652000, t: -0.001245 0.002413 -0.001104 q: 0.979589 -0.166759 -0.110494 -0.019712 
time: 241.752000, t: -0.001234 0.002405 -0.001104 q: 0.979571 -0.166829 -0.110544 -0.019725 
time: 241.852000, t: -0.001225 0.002406 -0.001112 q: 0.979553 -0.166899 -0.110596 -0.019742 
time: 241.952000, t: -0.001221 0.002411 -0.001115 q: 0.979534 -0.166971 -0.110645 -0.019761 
time: 242.052000, t: -0.001215 0.002409 -0.001116 q: 0.979517 -0.167040 -0.110693 -0.019775 
time: 242.152000, t: -0.001203 0.002405 -0.001115 q: 0.979500 -0.167109 -0.110741 -0.019790 
time: 242.252000, t: -0.001200 0.002394 -0.001114 q: 0.979482 -0.167179 -0.110789 -0.019801 
time: 242.352000, t: -0.001192 0.002393 -0.001116 q: 0.979464 -0.167249 -0.110837 -0.019817 
time: 242.452000, t: -0.001184 0.002383 -0.001114 q: 0.979447 -0.167318 -0.110885 -0.019829 
time: 242.552000, t: -0.001171 0.002373 -0.001113 q: 0.979429 -0.167387 -0.110934 -0.019841 
time: 242.684000, t: -0.001162 0.002385 -0.001116 q: 0.979411 -0.167457 -0.110983 -0.019863 
time: 242.816000, t: -0.001146 0.002377 -0.001104 q: 0.979395 -0.167521 -0.111026 -0.019874 
time: 242.916000, t: -0.001137 0.002367 -0.001100 q: 0.979378 -0.167589 -0.111072 -0.019885 
time: 243.016000, t: -0.001130 0.002366 -0.001103 q: 0.979361 -0.167657 -0.111120 -0.019899 
time: 243.116000, t: -0.001125 0.002365 -0.001100 q: 0.979344 -0.167725 -0.111165 -0.019915 
time: 243.216000, t: -0.001115 0.002349 -0.001099 q: 0.979326 -0.167793 -0.111213 -0.019923 
time: 243.316000, t: -0.001111 0.002356 -0.001101 q: 0.979309 -0.167862 -0.111260 -0.019942 
time: 243.416000, t: -0.001102 0.002354 -0.001101 q: 0.979292 -0.167930 -0.111307 -0.019956 
time: 243.516000, t: -0.001096 0.002353 -0.001101 q: 0.979274 -0.167999 -0.111353 -0.019970 
time: 243.616000, t: -0.001086 0.002346 -0.001101 q: 0.979257 -0.168067 -0.111400 -0.019983 
time: 243.716000, t: -0.001077 0.002338 -0.001105 q: 0.979239 -0.168136 -0.111449 -0.019995 
time: 243.816000, t: -0.001076 0.002342 -0.001101 q: 0.979222 -0.168203 -0.111493 -0.020011 
time: 243.916000, t: -0.001065 0.002329 -0.001098 q: 0.979206 -0.168269 -0.111538 -0.020021 
time: 244.016000, t: -0.001063 0.002328 -0.001100 q: 0.979188 -0.168338 -0.111586 -0.020036 
time: 244.116000, t: -0.001052 0.002340 -0.001099 q: 0.979172 -0.168404 -0.111629 -0.020053 
time: 244.216000, t: -0.001039 0.002334 -0.001098 q: 0.979154 -0.168472 -0.111674 -0.020066 
time: 244.316000, t: -0.001029 0.002341 -0.001108 q: 0.979137 -0.168539 -0.111724 -0.020085 
time: 244.416000, t: -0.001024 0.002357 -0.001114 q: 0.979119 -0.168608 -0.111771 -0.020107 
time: 244.516000, t: -0.001011 0.002346 -0.001113 q: 0.979102 -0.168675 -0.111817 -0.020117 
time: 244.616000, t: -0.001003 0.002345 -0.001125 q: 0.979084 -0.168742 -0.111869 -0.020134 
time: 244.720000, t: -0.001000 0.002353 -0.001132 q: 0.979067 -0.168810 -0.111916 -0.020154 
time: 244.852000, t: -0.000993 0.002361 -0.001151 q: 0.979048 -0.168878 -0.111973 -0.020174 
time: 244.984000, t: -0.000990 0.002373 -0.001159 q: 0.979030 -0.168946 -0.112023 -0.020195 
time: 245.116000, t: -0.000967 0.002376 -0.001173 q: 0.979013 -0.169010 -0.112076 -0.020213 
time: 245.216000, t: -0.000950 0.002375 -0.001177 q: 0.978996 -0.169076 -0.112122 -0.020228 
time: 245.316000, t: -0.000943 0.002394 -0.001196 q: 0.978978 -0.169144 -0.112175 -0.020251 
time: 245.416000, t: -0.000942 0.002402 -0.001210 q: 0.978962 -0.169204 -0.112219 -0.020266 
time: 245.516000, t: -0.000928 0.002396 -0.001212 q: 0.978945 -0.169271 -0.112267 -0.020279 
time: 245.616000, t: -0.000920 0.002407 -0.001220 q: 0.978927 -0.169338 -0.112314 -0.020298 
time: 245.716000, t: -0.000914 0.002397 -0.001222 q: 0.978910 -0.169404 -0.112359 -0.020309 
time: 245.816000, t: -0.000907 0.002408 -0.001225 q: 0.978893 -0.169471 -0.112404 -0.020329 
time: 245.916000, t: -0.000893 0.002413 -0.001224 q: 0.978876 -0.169537 -0.112448 -0.020345 
time: 246.016000, t: -0.000874 0.002406 -0.001219 q: 0.978860 -0.169601 -0.112489 -0.020356 
time: 246.120000, t: -0.000877 0.002434 -0.001231 q: 0.978842 -0.169670 -0.112534 -0.020380 
time: 246.252000, t: -0.000857 0.002457 -0.001235 q: 0.978825 -0.169736 -0.112579 -0.020403 
time: 246.352000, t: -0.000831 0.002436 -0.001227 q: 0.978810 -0.169798 -0.112620 -0.020411 
time: 246.452000, t: -0.000826 0.002466 -0.001241 q: 0.978792 -0.169866 -0.112665 -0.020433 
time: 246.552000, t: -0.000815 0.002464 -0.001242 q: 0.978776 -0.169931 -0.112708 -0.020445 
time: 246.652000, t: -0.000811 0.002479 -0.001250 q: 0.978759 -0.169999 -0.112753 -0.020465 
time: 246.784000, t: -0.000799 0.002489 -0.001254 q: 0.978742 -0.170063 -0.112798 -0.020481 
time: 246.884000, t: -0.000784 0.002493 -0.001254 q: 0.978725 -0.170129 -0.112839 -0.020498 
time: 247.016000, t: -0.000771 0.002506 -0.001261 q: 0.978709 -0.170191 -0.112884 -0.020512 
time: 247.116000, t: -0.000754 0.002489 -0.001256 q: 0.978693 -0.170254 -0.112924 -0.020519 
time: 247.188000, t: -0.000744 0.002513 -0.001267 q: 0.978676 -0.170323 -0.112969 -0.020542 
time: 247.316000, t: -0.000736 0.002533 -0.001274 q: 0.978659 -0.170389 -0.113012 -0.020563 
time: 247.416000, t: -0.000725 0.002527 -0.001271 q: 0.978642 -0.170459 -0.113048 -0.020577 
time: 247.516000, t: -0.001062 0.002492 -0.001187 q: 0.978612 -0.170797 -0.112792 -0.020625 
time: 247.616000, t: -0.001329 0.002539 -0.001187 q: 0.978581 -0.170931 -0.112850 -0.020654 
time: 247.716000, t: -0.001322 0.002531 -0.001185 q: 0.978563 -0.171001 -0.112899 -0.020668 
time: 247.820000, t: -0.001312 0.002527 -0.001184 q: 0.978545 -0.171071 -0.112946 -0.020683 
time: 247.952000, t: -0.001302 0.002521 -0.001180 q: 0.978527 -0.171139 -0.112994 -0.020697 
time: 248.052000, t: -0.001287 0.002520 -0.001179 q: 0.978509 -0.171208 -0.113042 -0.020713 
time: 248.152000, t: -0.001277 0.002510 -0.001181 q: 0.978491 -0.171277 -0.113091 -0.020725 
time: 248.252000, t: -0.001264 0.002499 -0.001180 q: 0.978473 -0.171347 -0.113139 -0.020737 
time: 248.352000, t: -0.001260 0.002498 -0.001181 q: 0.978455 -0.171416 -0.113187 -0.020753 
time: 248.456000, t: -0.001258 0.002501 -0.001190 q: 0.978436 -0.171487 -0.113239 -0.020772 
time: 248.552000, t: -0.001242 0.002499 -0.001191 q: 0.978418 -0.171556 -0.113288 -0.020788 
time: 248.652000, t: -0.001234 0.002505 -0.001192 q: 0.978400 -0.171626 -0.113334 -0.020806 
time: 248.752000, t: -0.001227 0.002502 -0.001192 q: 0.978382 -0.171695 -0.113381 -0.020821 
time: 248.852000, t: -0.001221 0.002498 -0.001189 q: 0.978365 -0.171763 -0.113426 -0.020835 
time: 248.952000, t: -0.001218 0.002499 -0.001191 q: 0.978349 -0.171824 -0.113467 -0.020849 
time: 249.052000, t: -0.001205 0.002491 -0.001191 q: 0.978331 -0.171893 -0.113516 -0.020863 
time: 249.152000, t: -0.001197 0.002478 -0.001188 q: 0.978314 -0.171961 -0.113563 -0.020873 
time: 249.252000, t: -0.001184 0.002475 -0.001189 q: 0.978295 -0.172030 -0.113610 -0.020889 
time: 249.352000, t: -0.001172 0.002474 -0.001189 q: 0.978278 -0.172098 -0.113657 -0.020905 
time: 249.452000, t: -0.001159 0.002476 -0.001179 q: 0.978261 -0.172166 -0.113698 -0.020921 
time: 249.552000, t: -0.001151 0.002463 -0.001175 q: 0.978244 -0.172233 -0.113743 -0.020931 
time: 249.652000, t: -0.001146 0.002463 -0.001176 q: 0.978226 -0.172301 -0.113789 -0.020947 
time: 249.784000, t: -0.001140 0.002475 -0.001178 q: 0.978208 -0.172368 -0.113836 -0.020966 
time: 249.920000, t: -0.001137 0.002470 -0.001178 q: 0.978191 -0.172434 -0.113883 -0.020979 
time: 250.052000, t: -0.001120 0.002467 -0.001179 q: 0.978173 -0.172501 -0.113932 -0.020994 
time: 250.152000, t: -0.001107 0.002453 -0.001177 q: 0.978156 -0.172566 -0.113977 -0.021003 
time: 250.252000, t: -0.001102 0.002453 -0.001175 q: 0.978139 -0.172634 -0.114021 -0.021018 
time: 250.352000, t: -0.001092 0.002448 -0.001177 q: 0.978121 -0.172703 -0.114068 -0.021031 
time: 250.452000, t: -0.001083 0.002449 -0.001177 q: 0.978103 -0.172769 -0.114114 -0.021047 
time: 250.584000, t: -0.001077 0.002442 -0.001175 q: 0.978086 -0.172834 -0.114160 -0.021058 
time: 250.716000, t: -0.001077 0.002449 -0.001182 q: 0.978068 -0.172902 -0.114208 -0.021076 
time: 250.816000, t: -0.001055 0.002450 -0.001176 q: 0.978051 -0.172967 -0.114250 -0.021092 
time: 250.916000, t: -0.001045 0.002438 -0.001174 q: 0.978037 -0.173022 -0.114288 -0.021097 
time: 251.016000, t: -0.001036 0.002451 -0.001184 q: 0.978021 -0.173081 -0.114332 -0.021118 
time: 251.116000, t: -0.001023 0.002461 -0.001188 q: 0.978003 -0.173149 -0.114378 -0.021138 
time: 251.216000, t: -0.001015 0.002455 -0.001189 q: 0.977988 -0.173206 -0.114417 -0.021146 
time: 251.316000, t: -0.001005 0.002464 -0.001203 q: 0.977970 -0.173274 -0.114469 -0.021169 
time: 251.416000, t: -0.001002 0.002474 -0.001212 q: 0.977954 -0.173334 -0.114511 -0.021188 
time: 251.516000, t: -0.000992 0.002477 -0.001231 q: 0.977938 -0.173392 -0.114560 -0.021202 
time: 251.616000, t: -0.000986 0.002466 -0.001232 q: 0.977920 -0.173459 -0.114607 -0.021215 
time: 251.716000, t: -0.000974 0.002465 -0.001231 q: 0.977903 -0.173523 -0.114650 -0.021228 
time: 251.820000, t: -0.000954 0.002481 -0.001250 q: 0.977884 -0.173592 -0.114703 -0.021254 
time: 251.952000, t: -0.000944 0.002506 -0.001259 q: 0.977866 -0.173658 -0.114749 -0.021278 
time: 252.056000, t: -0.000938 0.002499 -0.001281 q: 0.977848 -0.173723 -0.114805 -0.021292 
time: 252.152000, t: -0.000928 0.002501 -0.001289 q: 0.977830 -0.173792 -0.114853 -0.021308 
time: 252.252000, t: -0.000925 0.002523 -0.001303 q: 0.977812 -0.173859 -0.114901 -0.021331 
time: 252.356000, t: -0.000914 0.002513 -0.001303 q: 0.977795 -0.173924 -0.114945 -0.021342 
time: 252.452000, t: -0.000908 0.002516 -0.001308 q: 0.977777 -0.173991 -0.114991 -0.021358 
time: 252.552000, t: -0.000888 0.002518 -0.001301 q: 0.977761 -0.174055 -0.115030 -0.021374 
time: 252.652000, t: -0.000876 0.002523 -0.001306 q: 0.977743 -0.174121 -0.115075 -0.021390 
time: 252.752000, t: -0.000876 0.002551 -0.001312 q: 0.977726 -0.174189 -0.115116 -0.021413 
time: 252.852000, t: -0.000849 0.002540 -0.001305 q: 0.977709 -0.174253 -0.115156 -0.021425 
time: 252.952000, t: -0.000838 0.002560 -0.001313 q: 0.977692 -0.174318 -0.115200 -0.021444 
time: 253.052000, t: -0.000836 0.002604 -0.001328 q: 0.977676 -0.174381 -0.115240 -0.021475 
time: 253.156000, t: -0.000820 0.002580 -0.001324 q: 0.977660 -0.174441 -0.115282 -0.021478 
time: 253.252000, t: -0.000805 0.002581 -0.001326 q: 0.977643 -0.174507 -0.115325 -0.021494 
time: 253.352000, t: -0.000794 0.002576 -0.001328 q: 0.977626 -0.174570 -0.115367 -0.021503 
time: 253.452000, t: -0.000784 0.002591 -0.001332 q: 0.977609 -0.174636 -0.115409 -0.021522 
time: 253.552000, t: -0.000763 0.002584 -0.001326 q: 0.977593 -0.174699 -0.115448 -0.021533 
time: 253.652000, t: -0.000755 0.002619 -0.001338 q: 0.977575 -0.174768 -0.115491 -0.021560 
time: 253.752000, t: -0.000741 0.002624 -0.001341 q: 0.977559 -0.174830 -0.115531 -0.021572 
time: 253.852000, t: -0.000725 0.002612 -0.001342 q: 0.977542 -0.174894 -0.115574 -0.021581 
time: 253.952000, t: -0.000710 0.002626 -0.001345 q: 0.977525 -0.174959 -0.115615 -0.021600 
time: 254.052000, t: -0.000703 0.002660 -0.001356 q: 0.977507 -0.175032 -0.115652 -0.021628 
time: 254.152000, t: -0.000697 0.002643 -0.001353 q: 0.977491 -0.175099 -0.115688 -0.021634 
time: 254.252000, t: -0.000702 0.002660 -0.001361 q: 0.977472 -0.175170 -0.115732 -0.021657 
time: 254.352000, t: -0.001051 0.002582 -0.001262 q: 0.977439 -0.175514 -0.115481 -0.021701 
time: 254.452000, t: -0.001335 0.002627 -0.001261 q: 0.977408 -0.175650 -0.115538 -0.021731 
time: 254.552000, t: -0.001330 0.002627 -0.001262 q: 0.977389 -0.175720 -0.115586 -0.021748 
time: 254.652000, t: -0.001317 0.002612 -0.001259 q: 0.977371 -0.175789 -0.115633 -0.021758 
time: 254.752000, t: -0.001309 0.002614 -0.001254 q: 0.977353 -0.175857 -0.115678 -0.021776 
time: 254.852000, t: -0.001299 0.002614 -0.001253 q: 0.977335 -0.175925 -0.115724 -0.021793 
time: 254.952000, t: -0.001289 0.002608 -0.001254 q: 0.977316 -0.175995 -0.115772 -0.021806 
time: 255.056000, t: -0.001278 0.002601 -0.001254 q: 0.977298 -0.176064 -0.115819 -0.021820 
time: 255.152000, t: -0.001274 0.002600 -0.001255 q: 0.977279 -0.176134 -0.115867 -0.021838 
time: 255.252000, t: -0.001266 0.002599 -0.001262 q: 0.977261 -0.176203 -0.115917 -0.021854 
time: 255.352000, t: -0.001256 0.002601 -0.001263 q: 0.977242 -0.176273 -0.115964 -0.021873 
time: 255.452000, t: -0.001246 0.002609 -0.001264 q: 0.977224 -0.176341 -0.116009 -0.021891 
time: 255.552000, t: -0.001239 0.002608 -0.001263 q: 0.977206 -0.176409 -0.116054 -0.021905 
time: 255.652000, t: -0.001228 0.002605 -0.001262 q: 0.977188 -0.176477 -0.116100 -0.021921 
time: 255.752000, t: -0.001220 0.002601 -0.001263 q: 0.977169 -0.176546 -0.116147 -0.021936 
time: 255.852000, t: -0.001212 0.002599 -0.001262 q: 0.977152 -0.176614 -0.116192 -0.021951 
time: 255.952000, t: -0.001204 0.002585 -0.001260 q: 0.977134 -0.176681 -0.116239 -0.021961 
time: 256.056000, t: -0.001192 0.002584 -0.001261 q: 0.977115 -0.176751 -0.116286 -0.021977 
time: 256.152000, t: -0.001179 0.002580 -0.001262 q: 0.977097 -0.176820 -0.116332 -0.021993 
time: 256.256000, t: -0.001168 0.002577 -0.001251 q: 0.977080 -0.176886 -0.116372 -0.022007 
time: 256.352000, t: -0.001163 0.002575 -0.001249 q: 0.977062 -0.176954 -0.116416 -0.022022 
time: 256.452000, t: -0.001153 0.002578 -0.001251 q: 0.977044 -0.177021 -0.116462 -0.022038 
time: 256.552000, t: -0.001147 0.002577 -0.001254 q: 0.977026 -0.177088 -0.116508 -0.022053 
time: 256.652000, t: -0.001140 0.002574 -0.001249 q: 0.977008 -0.177155 -0.116551 -0.022067 
time: 256.752000, t: -0.001131 0.002567 -0.001248 q: 0.976990 -0.177222 -0.116596 -0.022080 
time: 256.852000, t: -0.001121 0.002561 -0.001248 q: 0.976973 -0.177289 -0.116641 -0.022093 
time: 256.952000, t: -0.001115 0.002566 -0.001249 q: 0.976955 -0.177356 -0.116686 -0.022111 
time: 257.052000, t: -0.001104 0.002563 -0.001248 q: 0.976937 -0.177423 -0.116730 -0.022125 
time: 257.152000, t: -0.001096 0.002564 -0.001251 q: 0.976919 -0.177490 -0.116777 -0.022140 
time: 257.252000, t: -0.001089 0.002568 -0.001257 q: 0.976900 -0.177559 -0.116824 -0.022158 
time: 257.352000, t: -0.001083 0.002554 -0.001250 q: 0.976883 -0.177624 -0.116866 -0.022167 
time: 257.484000, t: -0.001080 0.002558 -0.001254 q: 0.976865 -0.177692 -0.116913 -0.022186 
time: 257.616000, t: -0.001070 0.002580 -0.001254 q: 0.976848 -0.177756 -0.116955 -0.022208 
time: 257.716000, t: -0.001045 0.002558 -0.001250 q: 0.976831 -0.177819 -0.116999 -0.022212 
time: 257.816000, t: -0.001035 0.002570 -0.001261 q: 0.976812 -0.177886 -0.117047 -0.022234 
time: 257.916000, t: -0.001022 0.002576 -0.001263 q: 0.976794 -0.177953 -0.117091 -0.022251 
time: 258.016000, t: -0.001011 0.002572 -0.001265 q: 0.976777 -0.178019 -0.117135 -0.022264 
time: 258.116000, t: -0.001001 0.002576 -0.001279 q: 0.976758 -0.178085 -0.117186 -0.022283 
time: 258.216000, t: -0.000992 0.002581 -0.001285 q: 0.976740 -0.178152 -0.117232 -0.022302 
time: 258.316000, t: -0.000985 0.002594 -0.001306 q: 0.976721 -0.178220 -0.117285 -0.022324 
time: 258.416000, t: -0.000988 0.002613 -0.001317 q: 0.976709 -0.178262 -0.117317 -0.022340 
time: 258.520000, t: -0.000969 0.002585 -0.001309 q: 0.976693 -0.178323 -0.117359 -0.022343 
time: 258.652000, t: -0.000955 0.002620 -0.001334 q: 0.976673 -0.178392 -0.117413 -0.022376 
time: 258.752000, t: -0.000937 0.002614 -0.001334 q: 0.976656 -0.178456 -0.117456 -0.022391 
time: 258.852000, t: -0.000930 0.002624 -0.001360 q: 0.976637 -0.178522 -0.117511 -0.022409 
time: 258.984000, t: -0.000921 0.002635 -0.001368 q: 0.976618 -0.178589 -0.117558 -0.022428 
time: 259.116000, t: -0.000916 0.002673 -0.001387 q: 0.976599 -0.178656 -0.117607 -0.022458 
time: 259.216000, t: -0.000900 0.002654 -0.001388 q: 0.976582 -0.178720 -0.117652 -0.022465 
time: 259.316000, t: -0.000886 0.002638 -0.001384 q: 0.976565 -0.178784 -0.117695 -0.022475 
time: 259.416000, t: -0.000876 0.002641 -0.001383 q: 0.976548 -0.178847 -0.117736 -0.022489 
time: 259.516000, t: -0.000864 0.002659 -0.001387 q: 0.976530 -0.178914 -0.117777 -0.022510 
time: 259.616000, t: -0.000852 0.002665 -0.001390 q: 0.976513 -0.178980 -0.117819 -0.022526 
time: 259.716000, t: -0.000830 0.002683 -0.001392 q: 0.976496 -0.179045 -0.117858 -0.022546 
time: 259.816000, t: -0.000813 0.002694 -0.001393 q: 0.976479 -0.179109 -0.117898 -0.022561 
time: 259.888000, t: -0.000802 0.002707 -0.001399 q: 0.976461 -0.179176 -0.117940 -0.022583 
time: 260.016000, t: -0.000797 0.002733 -0.001410 q: 0.976443 -0.179243 -0.117984 -0.022607 
time: 260.116000, t: -0.000780 0.002713 -0.001411 q: 0.976426 -0.179304 -0.118026 -0.022610 
time: 260.216000, t: -0.000768 0.002713 -0.001410 q: 0.976409 -0.179368 -0.118067 -0.022625 
time: 260.316000, t: -0.000758 0.002743 -0.001420 q: 0.976392 -0.179435 -0.118108 -0.022648 
time: 260.416000, t: -0.000738 0.002727 -0.001416 q: 0.976375 -0.179497 -0.118149 -0.022655 
time: 260.516000, t: -0.000724 0.002748 -0.001428 q: 0.976357 -0.179562 -0.118192 -0.022675 
time: 260.616000, t: -0.000716 0.002792 -0.001442 q: 0.976342 -0.179622 -0.118228 -0.022700 
time: 260.716000, t: -0.000691 0.002759 -0.001431 q: 0.976326 -0.179682 -0.118267 -0.022703 
time: 260.816000, t: -0.000683 0.002787 -0.001444 q: 0.976308 -0.179748 -0.118309 -0.022726 
time: 260.916000, t: -0.000669 0.002781 -0.001442 q: 0.976291 -0.179816 -0.118343 -0.022738 
time: 261.016000, t: -0.000668 0.002787 -0.001441 q: 0.976273 -0.179889 -0.118378 -0.022759 
time: 261.116000, t: -0.001059 0.002702 -0.001340 q: 0.976238 -0.180234 -0.118128 -0.022805 
time: 261.216000, t: -0.001358 0.002744 -0.001338 q: 0.976208 -0.180360 -0.118179 -0.022834 
time: 261.316000, t: -0.001351 0.002739 -0.001337 q: 0.976192 -0.180419 -0.118221 -0.022848 
time: 261.416000, t: -0.001340 0.002726 -0.001336 q: 0.976173 -0.180489 -0.118268 -0.022859 
time: 261.520000, t: -0.001329 0.002719 -0.001334 q: 0.976154 -0.180557 -0.118314 -0.022874 
time: 261.652000, t: -0.001321 0.002730 -0.001334 q: 0.976136 -0.180625 -0.118360 -0.022895 
time: 261.752000, t: -0.001303 0.002716 -0.001333 q: 0.976118 -0.180692 -0.118407 -0.022905 
time: 261.852000, t: -0.001297 0.002714 -0.001335 q: 0.976101 -0.180753 -0.118448 -0.022918 
time: 261.952000, t: -0.001290 0.002703 -0.001334 q: 0.976082 -0.180820 -0.118495 -0.022932 
time: 262.052000, t: -0.001279 0.002702 -0.001335 q: 0.976064 -0.180889 -0.118542 -0.022948 
time: 262.156000, t: -0.001271 0.002693 -0.001340 q: 0.976045 -0.180958 -0.118591 -0.022963 
time: 262.252000, t: -0.001263 0.002708 -0.001343 q: 0.976026 -0.181027 -0.118636 -0.022985 
time: 262.352000, t: -0.001251 0.002709 -0.001343 q: 0.976007 -0.181094 -0.118681 -0.023001 
time: 262.452000, t: -0.001241 0.002706 -0.001341 q: 0.975989 -0.181162 -0.118725 -0.023016 
time: 262.552000, t: -0.001237 0.002696 -0.001341 q: 0.975971 -0.181231 -0.118771 -0.023028 
time: 262.652000, t: -0.001228 0.002694 -0.001342 q: 0.975952 -0.181298 -0.118817 -0.023045 
time: 262.752000, t: -0.001219 0.002689 -0.001341 q: 0.975934 -0.181366 -0.118862 -0.023059 
time: 262.852000, t: -0.001205 0.002684 -0.001340 q: 0.975915 -0.181434 -0.118908 -0.023074 
time: 262.952000, t: -0.001195 0.002684 -0.001342 q: 0.975896 -0.181502 -0.118953 -0.023091 
time: 263.052000, t: -0.001182 0.002679 -0.001331 q: 0.975879 -0.181568 -0.118992 -0.023104 
time: 263.152000, t: -0.001177 0.002672 -0.001327 q: 0.975861 -0.181635 -0.119036 -0.023117 
time: 263.256000, t: -0.001167 0.002673 -0.001330 q: 0.975843 -0.181702 -0.119081 -0.023133 
time: 263.352000, t: -0.001161 0.002666 -0.001332 q: 0.975824 -0.181768 -0.119127 -0.023146 
time: 263.452000, t: -0.001153 0.002662 -0.001326 q: 0.975807 -0.181835 -0.119169 -0.023161 
time: 263.552000, t: -0.001149 0.002672 -0.001331 q: 0.975788 -0.181903 -0.119214 -0.023180 
time: 263.656000, t: -0.001134 0.002651 -0.001327 q: 0.975770 -0.181968 -0.119259 -0.023187 
time: 263.752000, t: -0.001129 0.002662 -0.001331 q: 0.975752 -0.182035 -0.119303 -0.023208 
time: 263.852000, t: -0.001115 0.002653 -0.001327 q: 0.975734 -0.182101 -0.119346 -0.023219 
time: 263.952000, t: -0.001108 0.002664 -0.001332 q: 0.975715 -0.182169 -0.119391 -0.023239 
time: 264.052000, t: -0.001096 0.002655 -0.001335 q: 0.975697 -0.182235 -0.119437 -0.023251 
time: 264.152000, t: -0.001096 0.002652 -0.001334 q: 0.975679 -0.182302 -0.119479 -0.023265 
time: 264.252000, t: -0.001082 0.002640 -0.001333 q: 0.975661 -0.182366 -0.119524 -0.023276 
time: 264.356000, t: -0.001078 0.002646 -0.001336 q: 0.975643 -0.182433 -0.119568 -0.023293 
time: 264.452000, t: -0.001059 0.002642 -0.001331 q: 0.975626 -0.182498 -0.119608 -0.023308 
time: 264.552000, t: -0.001051 0.002646 -0.001333 q: 0.975608 -0.182564 -0.119651 -0.023323 
time: 264.652000, t: -0.001037 0.002658 -0.001343 q: 0.975589 -0.182630 -0.119698 -0.023344 
time: 264.752000, t: -0.001026 0.002665 -0.001347 q: 0.975571 -0.182697 -0.119741 -0.023363 
time: 264.852000, t: -0.001014 0.002668 -0.001359 q: 0.975552 -0.182762 -0.119790 -0.023381 
time: 264.956000, t: -0.001001 0.002665 -0.001365 q: 0.975534 -0.182828 -0.119836 -0.023397 
time: 265.052000, t: -0.000994 0.002671 -0.001370 q: 0.975515 -0.182894 -0.119880 -0.023414 
time: 265.188000, t: -0.000987 0.002688 -0.001390 q: 0.975496 -0.182961 -0.119933 -0.023438 
time: 265.316000, t: -0.000979 0.002696 -0.001398 q: 0.975478 -0.183025 -0.119979 -0.023457 
time: 265.416000, t: -0.000955 0.002698 -0.001413 q: 0.975459 -0.183089 -0.120028 -0.023475 
time: 265.520000, t: -0.000940 0.002708 -0.001421 q: 0.975441 -0.183154 -0.120073 -0.023494 
time: 265.656000, t: -0.000932 0.002736 -0.001452 q: 0.975421 -0.183221 -0.120128 -0.023521 
time: 265.784000, t: -0.000923 0.002748 -0.001461 q: 0.975403 -0.183286 -0.120174 -0.023539 
time: 265.916000, t: -0.000909 0.002769 -0.001473 q: 0.975384 -0.183350 -0.120220 -0.023562 
time: 266.016000, t: -0.000892 0.002736 -0.001471 q: 0.975367 -0.183413 -0.120264 -0.023564 
time: 266.116000, t: -0.000887 0.002758 -0.001477 q: 0.975349 -0.183479 -0.120306 -0.023588 
time: 266.216000, t: -0.000867 0.002740 -0.001469 q: 0.975337 -0.183524 -0.120336 -0.023592 
time: 266.316000, t: -0.000850 0.002770 -0.001475 q: 0.975319 -0.183590 -0.120376 -0.023616 
time: 266.416000, t: -0.000838 0.002784 -0.001481 q: 0.975301 -0.183655 -0.120417 -0.023632 
time: 266.516000, t: -0.000817 0.002796 -0.001482 q: 0.975284 -0.183720 -0.120456 -0.023653 
time: 266.616000, t: -0.000802 0.002797 -0.001485 q: 0.975266 -0.183784 -0.120497 -0.023666 
time: 266.716000, t: -0.000795 0.002847 -0.001502 q: 0.975249 -0.183843 -0.120534 -0.023696 
time: 266.816000, t: -0.000776 0.002829 -0.001496 q: 0.975233 -0.183905 -0.120573 -0.023701 
time: 266.916000, t: -0.000764 0.002819 -0.001499 q: 0.975215 -0.183968 -0.120616 -0.023713 
time: 267.016000, t: -0.000756 0.002830 -0.001502 q: 0.975198 -0.184033 -0.120656 -0.023731 
time: 267.116000, t: -0.000741 0.002841 -0.001507 q: 0.975180 -0.184098 -0.120696 -0.023747 
time: 267.216000, t: -0.000724 0.002851 -0.001510 q: 0.975163 -0.184161 -0.120736 -0.023763 
time: 267.316000, t: -0.000709 0.002865 -0.001517 q: 0.975146 -0.184225 -0.120777 -0.023781 
time: 267.416000, t: -0.000696 0.002891 -0.001526 q: 0.975128 -0.184290 -0.120816 -0.023802 
time: 267.516000, t: -0.000672 0.002870 -0.001519 q: 0.975111 -0.184351 -0.120855 -0.023809 
time: 267.616000, t: -0.000664 0.002910 -0.001535 q: 0.975093 -0.184418 -0.120896 -0.023835 
time: 267.716000, t: -0.000675 0.002995 -0.001568 q: 0.975079 -0.184470 -0.120921 -0.023872 
time: 267.816000, t: -0.000659 0.002930 -0.001541 q: 0.975063 -0.184533 -0.120952 -0.023869 
time: 267.916000, t: -0.001056 0.002790 -0.001418 q: 0.975029 -0.184877 -0.120699 -0.023905 
time: 268.016000, t: -0.001373 0.002846 -0.001423 q: 0.974996 -0.185011 -0.120754 -0.023937 
time: 268.116000, t: -0.001361 0.002837 -0.001421 q: 0.974977 -0.185078 -0.120800 -0.023951 
time: 268.216000, t: -0.001351 0.002831 -0.001420 q: 0.974958 -0.185148 -0.120846 -0.023966 
time: 268.316000, t: -0.001342 0.002824 -0.001419 q: 0.974939 -0.185216 -0.120891 -0.023981 
time: 268.416000, t: -0.001332 0.002828 -0.001416 q: 0.974920 -0.185283 -0.120934 -0.023998 
time: 268.516000, t: -0.001319 0.002826 -0.001415 q: 0.974901 -0.185352 -0.120980 -0.024015 
time: 268.616000, t: -0.001311 0.002815 -0.001415 q: 0.974882 -0.185419 -0.121026 -0.024026 
time: 268.716000, t: -0.001302 0.002817 -0.001416 q: 0.974863 -0.185488 -0.121071 -0.024044 
time: 268.816000, t: -0.001293 0.002816 -0.001419 q: 0.974844 -0.185556 -0.121117 -0.024061 
time: 268.888000, t: -0.001284 0.002814 -0.001423 q: 0.974824 -0.185626 -0.121164 -0.024078 
time: 269.016000, t: -0.001273 0.002825 -0.001430 q: 0.974805 -0.185695 -0.121212 -0.024100 
time: 269.120000, t: -0.001263 0.002826 -0.001430 q: 0.974786 -0.185762 -0.121256 -0.024116 
time: 269.216000, t: -0.001251 0.002821 -0.001429 q: 0.974768 -0.185828 -0.121300 -0.024130 
time: 269.316000, t: -0.001243 0.002813 -0.001427 q: 0.974749 -0.185897 -0.121344 -0.024143 
time: 269.416000, t: -0.001232 0.002819 -0.001430 q: 0.974730 -0.185965 -0.121388 -0.024163 
time: 269.516000, t: -0.001222 0.002811 -0.001429 q: 0.974711 -0.186032 -0.121433 -0.024175 
time: 269.616000, t: -0.001208 0.002797 -0.001427 q: 0.974692 -0.186100 -0.121479 -0.024187 
time: 269.716000, t: -0.001199 0.002797 -0.001430 q: 0.974673 -0.186168 -0.121524 -0.024205 
time: 269.816000, t: -0.001185 0.002792 -0.001427 q: 0.974655 -0.186234 -0.121567 -0.024219 
time: 269.916000, t: -0.001175 0.002796 -0.001421 q: 0.974637 -0.186300 -0.121606 -0.024234 
time: 270.016000, t: -0.001168 0.002788 -0.001416 q: 0.974618 -0.186369 -0.121650 -0.024251 
time: 270.116000, t: -0.001161 0.002789 -0.001421 q: 0.974600 -0.186433 -0.121694 -0.024264 
time: 270.216000, t: -0.001150 0.002787 -0.001416 q: 0.974586 -0.186481 -0.121726 -0.024276 
time: 270.316000, t: -0.001146 0.002792 -0.001421 q: 0.974570 -0.186540 -0.121765 -0.024290 
time: 270.416000, t: -0.001131 0.002775 -0.001416 q: 0.974552 -0.186604 -0.121809 -0.024300 
time: 270.516000, t: -0.001123 0.002787 -0.001421 q: 0.974533 -0.186672 -0.121853 -0.024321 
time: 270.616000, t: -0.001113 0.002785 -0.001421 q: 0.974514 -0.186739 -0.121895 -0.024335 
time: 270.716000, t: -0.001102 0.002777 -0.001420 q: 0.974496 -0.186804 -0.121939 -0.024348 
time: 270.816000, t: -0.001093 0.002782 -0.001426 q: 0.974477 -0.186871 -0.121984 -0.024366 
time: 270.916000, t: -0.001092 0.002789 -0.001429 q: 0.974461 -0.186929 -0.122022 -0.024381 
time: 271.016000, t: -0.001079 0.002767 -0.001423 q: 0.974443 -0.186991 -0.122064 -0.024386 
time: 271.116000, t: -0.001075 0.002773 -0.001428 q: 0.974424 -0.187061 -0.122109 -0.024409 
time: 271.216000, t: -0.001056 0.002783 -0.001426 q: 0.974409 -0.187115 -0.122143 -0.024422 
time: 271.316000, t: -0.001041 0.002770 -0.001423 q: 0.974391 -0.187179 -0.122184 -0.024431 
time: 271.420000, t: -0.001033 0.002786 -0.001435 q: 0.974372 -0.187246 -0.122231 -0.024455 
time: 271.552000, t: -0.001022 0.002803 -0.001442 q: 0.974353 -0.187311 -0.122276 -0.024477 
time: 271.652000, t: -0.001002 0.002784 -0.001449 q: 0.974335 -0.187374 -0.122323 -0.024486 
time: 271.752000, t: -0.000996 0.002804 -0.001464 q: 0.974318 -0.187433 -0.122366 -0.024509 
time: 271.852000, t: -0.000986 0.002805 -0.001468 q: 0.974302 -0.187490 -0.122404 -0.024522 
time: 271.952000, t: -0.000971 0.002803 -0.001480 q: 0.974283 -0.187554 -0.122452 -0.024539 
time: 272.052000, t: -0.000961 0.002799 -0.001481 q: 0.974264 -0.187620 -0.122495 -0.024555 
time: 272.152000, t: -0.000951 0.002816 -0.001488 q: 0.974246 -0.187685 -0.122537 -0.024576 
time: 272.252000, t: -0.000930 0.002829 -0.001507 q: 0.974227 -0.187750 -0.122586 -0.024598 
time: 272.384000, t: -0.000916 0.002866 -0.001520 q: 0.974208 -0.187816 -0.122630 -0.024626 
time: 272.516000, t: -0.000909 0.002876 -0.001546 q: 0.974188 -0.187880 -0.122683 -0.024645 
time: 272.616000, t: -0.000894 0.002864 -0.001550 q: 0.974170 -0.187944 -0.122728 -0.024656 
time: 272.716000, t: -0.000882 0.002879 -0.001562 q: 0.974151 -0.188009 -0.122773 -0.024678 
time: 272.816000, t: -0.000884 0.002915 -0.001582 q: 0.974133 -0.188070 -0.122814 -0.024703 
time: 272.916000, t: -0.000863 0.002891 -0.001574 q: 0.974116 -0.188132 -0.122856 -0.024711 
time: 273.016000, t: -0.000849 0.002876 -0.001567 q: 0.974099 -0.188194 -0.122894 -0.024719 
time: 273.116000, t: -0.000834 0.002893 -0.001571 q: 0.974081 -0.188259 -0.122933 -0.024740 
time: 273.216000, t: -0.000817 0.002907 -0.001576 q: 0.974063 -0.188324 -0.122973 -0.024758 
time: 273.316000, t: -0.000795 0.002925 -0.001580 q: 0.974046 -0.188387 -0.123011 -0.024778 
time: 273.416000, t: -0.000776 0.002928 -0.001583 q: 0.974028 -0.188451 -0.123051 -0.024792 
time: 273.516000, t: -0.000765 0.002965 -0.001597 q: 0.974009 -0.188517 -0.123092 -0.024818 
time: 273.616000, t: -0.000750 0.002970 -0.001601 q: 0.973991 -0.188581 -0.123132 -0.024832 
time: 273.716000, t: -0.000735 0.002941 -0.001598 q: 0.973979 -0.188624 -0.123164 -0.024833 
time: 273.816000, t: -0.000725 0.002957 -0.001603 q: 0.973961 -0.188689 -0.123204 -0.024852 
time: 273.920000, t: -0.000709 0.002979 -0.001610 q: 0.973943 -0.188754 -0.123243 -0.024872 
time: 274.052000, t: -0.000694 0.003008 -0.001621 q: 0.973925 -0.188817 -0.123284 -0.024894 
time: 274.156000, t: -0.000667 0.003012 -0.001623 q: 0.973908 -0.188879 -0.123322 -0.024908 
time: 274.252000, t: -0.000648 0.003041 -0.001636 q: 0.973890 -0.188943 -0.123361 -0.024928 
time: 274.352000, t: -0.000638 0.003099 -0.001656 q: 0.973873 -0.189002 -0.123397 -0.024960 
time: 274.452000, t: -0.000617 0.003072 -0.001646 q: 0.973856 -0.189067 -0.123429 -0.024967 
time: 274.552000, t: -0.000609 0.003061 -0.001646 q: 0.973838 -0.189131 -0.123469 -0.024977 
time: 274.684000, t: -0.001050 0.002914 -0.001511 q: 0.973802 -0.189479 -0.123209 -0.025020 
time: 274.816000, t: -0.001383 0.002943 -0.001505 q: 0.973771 -0.189603 -0.123262 -0.025047 
time: 274.916000, t: -0.001372 0.002935 -0.001503 q: 0.973752 -0.189671 -0.123307 -0.025063 
time: 275.020000, t: -0.001363 0.002931 -0.001505 q: 0.973732 -0.189739 -0.123353 -0.025078 
time: 275.152000, t: -0.001353 0.002930 -0.001505 q: 0.973713 -0.189806 -0.123399 -0.025095 
time: 275.252000, t: -0.001339 0.002924 -0.001499 q: 0.973694 -0.189872 -0.123441 -0.025109 
time: 275.352000, t: -0.001327 0.002916 -0.001499 q: 0.973675 -0.189940 -0.123486 -0.025123 
time: 275.452000, t: -0.001316 0.002908 -0.001499 q: 0.973656 -0.190008 -0.123532 -0.025137 
time: 275.552000, t: -0.001310 0.002908 -0.001500 q: 0.973636 -0.190075 -0.123576 -0.025154 
time: 275.652000, t: -0.001300 0.002900 -0.001500 q: 0.973617 -0.190142 -0.123621 -0.025168 
time: 275.752000, t: -0.001290 0.002902 -0.001506 q: 0.973597 -0.190210 -0.123668 -0.025187 
time: 275.852000, t: -0.001279 0.002910 -0.001509 q: 0.973578 -0.190279 -0.123712 -0.025208 
time: 275.952000, t: -0.001270 0.002911 -0.001509 q: 0.973559 -0.190346 -0.123755 -0.025223 
time: 276.052000, t: -0.001258 0.002913 -0.001510 q: 0.973540 -0.190412 -0.123798 -0.025241 
time: 276.152000, t: -0.001249 0.002908 -0.001511 q: 0.973521 -0.190480 -0.123842 -0.025254 
time: 276.252000, t: -0.001239 0.002909 -0.001513 q: 0.973502 -0.190547 -0.123887 -0.025272 
time: 276.352000, t: -0.001222 0.002890 -0.001510 q: 0.973483 -0.190613 -0.123931 -0.025282 
time: 276.452000, t: -0.001211 0.002888 -0.001508 q: 0.973464 -0.190680 -0.123974 -0.025298 
time: 276.552000, t: -0.001199 0.002889 -0.001511 q: 0.973444 -0.190747 -0.124018 -0.025315 
time: 276.652000, t: -0.001188 0.002892 -0.001511 q: 0.973425 -0.190814 -0.124060 -0.025333 
time: 276.756000, t: -0.001180 0.002882 -0.001498 q: 0.973408 -0.190878 -0.124098 -0.025344 
time: 276.852000, t: -0.001168 0.002878 -0.001497 q: 0.973389 -0.190944 -0.124140 -0.025359 
time: 276.952000, t: -0.001162 0.002885 -0.001501 q: 0.973370 -0.191011 -0.124184 -0.025377 
time: 277.052000, t: -0.001155 0.002885 -0.001498 q: 0.973352 -0.191077 -0.124224 -0.025393 
time: 277.152000, t: -0.001146 0.002876 -0.001498 q: 0.973333 -0.191142 -0.124267 -0.025406 
time: 277.256000, t: -0.001135 0.002872 -0.001499 q: 0.973314 -0.191207 -0.124311 -0.025420 
time: 277.352000, t: -0.001125 0.002874 -0.001499 q: 0.973295 -0.191274 -0.124353 -0.025439 
time: 277.452000, t: -0.001112 0.002875 -0.001501 q: 0.973277 -0.191339 -0.124395 -0.025451 
time: 277.552000, t: -0.001102 0.002881 -0.001504 q: 0.973257 -0.191407 -0.124438 -0.025472 
time: 277.652000, t: -0.001092 0.002875 -0.001508 q: 0.973239 -0.191470 -0.124482 -0.025483 
time: 277.752000, t: -0.001088 0.002870 -0.001505 q: 0.973220 -0.191536 -0.124523 -0.025497 
time: 277.852000, t: -0.001073 0.002858 -0.001502 q: 0.973202 -0.191599 -0.124565 -0.025509 
time: 277.952000, t: -0.001069 0.002862 -0.001506 q: 0.973183 -0.191666 -0.124607 -0.025526 
time: 278.084000, t: -0.001052 0.002887 -0.001508 q: 0.973164 -0.191732 -0.124647 -0.025552 
time: 278.216000, t: -0.001037 0.002900 -0.001520 q: 0.973146 -0.191794 -0.124693 -0.025569 
time: 278.316000, t: -0.001014 0.002889 -0.001519 q: 0.973133 -0.191840 -0.124725 -0.025577 
time: 278.416000, t: -0.000999 0.002871 -0.001515 q: 0.973120 -0.191885 -0.124757 -0.025579 
time: 278.516000, t: -0.000991 0.002907 -0.001542 q: 0.973101 -0.191945 -0.124802 -0.025611 
time: 278.616000, t: -0.000978 0.002894 -0.001543 q: 0.973082 -0.192009 -0.124846 -0.025623 
time: 278.716000, t: -0.000969 0.002913 -0.001567 q: 0.973062 -0.192076 -0.124896 -0.025648 
time: 278.816000, t: -0.000961 0.002909 -0.001568 q: 0.973044 -0.192141 -0.124938 -0.025663 
time: 278.916000, t: -0.000948 0.002900 -0.001566 q: 0.973026 -0.192204 -0.124979 -0.025675 
time: 279.016000, t: -0.000930 0.002921 -0.001587 q: 0.973006 -0.192269 -0.125027 -0.025700 
time: 279.116000, t: -0.000917 0.002947 -0.001600 q: 0.972987 -0.192335 -0.125070 -0.025725 
time: 279.216000, t: -0.000912 0.002995 -0.001632 q: 0.972968 -0.192394 -0.125115 -0.025756 
time: 279.316000, t: -0.000895 0.002961 -0.001630 q: 0.972950 -0.192456 -0.125158 -0.025759 
time: 279.416000, t: -0.000888 0.002977 -0.001640 q: 0.972931 -0.192522 -0.125201 -0.025780 
time: 279.516000, t: -0.000880 0.002989 -0.001655 q: 0.972912 -0.192588 -0.125246 -0.025800 
time: 279.616000, t: -0.000880 0.003061 -0.001682 q: 0.972899 -0.192631 -0.125275 -0.025829 
time: 279.716000, t: -0.000852 0.003003 -0.001661 q: 0.972882 -0.192690 -0.125314 -0.025828 
time: 279.816000, t: -0.000837 0.002989 -0.001654 q: 0.972865 -0.192753 -0.125352 -0.025839 
time: 279.916000, t: -0.000819 0.003004 -0.001657 q: 0.972847 -0.192816 -0.125390 -0.025857 
time: 280.016000, t: -0.000805 0.003028 -0.001666 q: 0.972828 -0.192882 -0.125430 -0.025878 
time: 280.116000, t: -0.000778 0.003040 -0.001669 q: 0.972810 -0.192945 -0.125467 -0.025896 
time: 280.216000, t: -0.000762 0.003066 -0.001680 q: 0.972791 -0.193011 -0.125507 -0.025919 
time: 280.316000, t: -0.000742 0.003067 -0.001680 q: 0.972774 -0.193072 -0.125545 -0.025932 
time: 280.416000, t: -0.000728 0.003087 -0.001690 q: 0.972755 -0.193137 -0.125585 -0.025951 
time: 280.488000, t: -0.000718 0.003092 -0.001697 q: 0.972737 -0.193202 -0.125624 -0.025967 
time: 280.588000, t: -0.000707 0.003092 -0.001696 q: 0.972719 -0.193265 -0.125662 -0.025982 
time: 280.716000, t: -0.000691 0.003115 -0.001709 q: 0.972701 -0.193329 -0.125704 -0.026001 
time: 280.816000, t: -0.000666 0.003122 -0.001710 q: 0.972683 -0.193390 -0.125740 -0.026015 
time: 280.920000, t: -0.000644 0.003145 -0.001720 q: 0.972670 -0.193436 -0.125770 -0.026031 
time: 281.052000, t: -0.000626 0.003174 -0.001733 q: 0.972652 -0.193499 -0.125810 -0.026052 
time: 281.152000, t: -0.000598 0.003168 -0.001732 q: 0.972634 -0.193561 -0.125848 -0.026065 
time: 281.252000, t: -0.000586 0.003189 -0.001740 q: 0.972616 -0.193628 -0.125880 -0.026084 
time: 281.352000, t: -0.000582 0.003194 -0.001746 q: 0.972597 -0.193694 -0.125920 -0.026101 
time: 281.452000, t: -0.000574 0.003189 -0.001744 q: 0.972579 -0.193762 -0.125952 -0.026115 
time: 281.552000, t: -0.001036 0.003014 -0.001597 q: 0.972543 -0.194104 -0.125696 -0.026154 
time: 281.652000, t: -0.001386 0.003042 -0.001588 q: 0.972508 -0.194239 -0.125750 -0.026188 
time: 281.752000, t: -0.001378 0.003036 -0.001588 q: 0.972489 -0.194307 -0.125795 -0.026203 
time: 281.852000, t: -0.001366 0.003032 -0.001588 q: 0.972471 -0.194366 -0.125834 -0.026216 
time: 281.952000, t: -0.001354 0.003028 -0.001587 q: 0.972452 -0.194434 -0.125878 -0.026233 
time: 282.052000, t: -0.001344 0.003031 -0.001585 q: 0.972435 -0.194491 -0.125915 -0.026248 
time: 282.152000, t: -0.001329 0.003020 -0.001583 q: 0.972416 -0.194558 -0.125958 -0.026261 
time: 282.252000, t: -0.001320 0.003013 -0.001583 q: 0.972396 -0.194625 -0.126003 -0.026275 
time: 282.352000, t: -0.001317 0.003022 -0.001587 q: 0.972379 -0.194685 -0.126042 -0.026295 
time: 282.452000, t: -0.001306 0.003015 -0.001586 q: 0.972360 -0.194750 -0.126085 -0.026307 
time: 282.552000, t: -0.001291 0.003016 -0.001592 q: 0.972339 -0.194818 -0.126131 -0.026326 
time: 282.652000, t: -0.001279 0.003023 -0.001596 q: 0.972319 -0.194887 -0.126175 -0.026346 
time: 282.752000, t: -0.001271 0.003024 -0.001596 q: 0.972300 -0.194952 -0.126216 -0.026362 
time: 282.856000, t: -0.001259 0.003030 -0.001598 q: 0.972281 -0.195019 -0.126259 -0.026381 
time: 282.952000, t: -0.001250 0.003020 -0.001598 q: 0.972262 -0.195086 -0.126302 -0.026393 
time: 283.052000, t: -0.001238 0.003019 -0.001601 q: 0.972242 -0.195153 -0.126346 -0.026410 
time: 283.152000, t: -0.001225 0.003006 -0.001598 q: 0.972223 -0.195219 -0.126389 -0.026422 
time: 283.252000, t: -0.001211 0.002996 -0.001598 q: 0.972203 -0.195286 -0.126433 -0.026436 
time: 283.352000, t: -0.001199 0.002997 -0.001601 q: 0.972184 -0.195353 -0.126477 -0.026454 
time: 283.452000, t: -0.001187 0.002993 -0.001597 q: 0.972165 -0.195418 -0.126518 -0.026468 
time: 283.552000, t: -0.001176 0.002991 -0.001587 q: 0.972146 -0.195483 -0.126554 -0.026484 
time: 283.684000, t: -0.001169 0.003001 -0.001591 q: 0.972127 -0.195549 -0.126598 -0.026503 
time: 283.816000, t: -0.001162 0.002999 -0.001587 q: 0.972109 -0.195612 -0.126638 -0.026518 
time: 283.916000, t: -0.001147 0.002986 -0.001587 q: 0.972092 -0.195668 -0.126677 -0.026526 
time: 284.016000, t: -0.001141 0.002985 -0.001589 q: 0.972076 -0.195724 -0.126714 -0.026539 
time: 284.116000, t: -0.001127 0.002973 -0.001588 q: 0.972057 -0.195789 -0.126757 -0.026552 
time: 284.216000, t: -0.001118 0.002971 -0.001589 q: 0.972038 -0.195854 -0.126798 -0.026567 
time: 284.316000, t: -0.001107 0.002971 -0.001589 q: 0.972019 -0.195919 -0.126840 -0.026583 
time: 284.416000, t: -0.001092 0.002972 -0.001597 q: 0.971999 -0.195985 -0.126885 -0.026599 
time: 284.516000, t: -0.001089 0.002975 -0.001596 q: 0.971985 -0.196033 -0.126915 -0.026612 
time: 284.616000, t: -0.001075 0.002961 -0.001592 q: 0.971967 -0.196094 -0.126956 -0.026620 
time: 284.716000, t: -0.001067 0.002970 -0.001597 q: 0.971948 -0.196161 -0.126998 -0.026640 
time: 284.788000, t: -0.001059 0.002971 -0.001598 q: 0.971929 -0.196226 -0.127037 -0.026656 
time: 284.916000, t: -0.001043 0.002991 -0.001600 q: 0.971913 -0.196281 -0.127072 -0.026675 
time: 285.016000, t: -0.001026 0.003000 -0.001608 q: 0.971899 -0.196328 -0.127106 -0.026692 
time: 285.088000, t: -0.001004 0.002997 -0.001610 q: 0.971880 -0.196392 -0.127146 -0.026705 
time: 285.188000, t: -0.001006 0.003012 -0.001616 q: 0.971864 -0.196449 -0.127180 -0.026721 
time: 285.316000, t: -0.000990 0.003005 -0.001625 q: 0.971844 -0.196513 -0.127229 -0.026740 
time: 285.416000, t: -0.000987 0.003039 -0.001647 q: 0.971831 -0.196553 -0.127260 -0.026760 
time: 285.516000, t: -0.000967 0.003015 -0.001640 q: 0.971815 -0.196607 -0.127296 -0.026766 
time: 285.616000, t: -0.000952 0.003012 -0.001651 q: 0.971796 -0.196671 -0.127343 -0.026782 
time: 285.716000, t: -0.000945 0.003009 -0.001656 q: 0.971777 -0.196735 -0.127385 -0.026799 
time: 285.816000, t: -0.000924 0.003035 -0.001679 q: 0.971757 -0.196800 -0.127433 -0.026825 
time: 285.916000, t: -0.000904 0.003047 -0.001688 q: 0.971738 -0.196864 -0.127475 -0.026846 
time: 286.016000, t: -0.000894 0.003068 -0.001696 q: 0.971719 -0.196928 -0.127513 -0.026866 
time: 286.116000, t: -0.000887 0.003073 -0.001721 q: 0.971699 -0.196993 -0.127564 -0.026885 
time: 286.216000, t: -0.000874 0.003089 -0.001735 q: 0.971679 -0.197059 -0.127608 -0.026906 
time: 286.320000, t: -0.000871 0.003142 -0.001764 q: 0.971661 -0.197118 -0.127649 -0.026937 
time: 286.452000, t: -0.000855 0.003121 -0.001763 q: 0.971642 -0.197180 -0.127692 -0.026945 
time: 286.552000, t: -0.000830 0.003102 -0.001746 q: 0.971626 -0.197239 -0.127726 -0.026954 
time: 286.652000, t: -0.000815 0.003106 -0.001752 q: 0.971607 -0.197303 -0.127767 -0.026970 
time: 286.752000, t: -0.000797 0.003120 -0.001756 q: 0.971589 -0.197366 -0.127804 -0.026988 
time: 286.852000, t: -0.000779 0.003153 -0.001764 q: 0.971570 -0.197431 -0.127840 -0.027012 
time: 286.952000, t: -0.000751 0.003170 -0.001771 q: 0.971552 -0.197494 -0.127878 -0.027032 
time: 287.084000, t: -0.000735 0.003220 -0.001790 q: 0.971535 -0.197550 -0.127914 -0.027058 
time: 287.156000, t: -0.000708 0.003191 -0.001783 q: 0.971518 -0.197610 -0.127951 -0.027061 
time: 287.252000, t: -0.000704 0.003222 -0.001800 q: 0.971498 -0.197677 -0.127991 -0.027085 
time: 287.388000, t: -0.000686 0.003215 -0.001800 q: 0.971480 -0.197737 -0.128030 -0.027097 
time: 287.516000, t: -0.000668 0.003239 -0.001814 q: 0.971462 -0.197799 -0.128071 -0.027116 
time: 287.616000, t: -0.000641 0.003251 -0.001817 q: 0.971444 -0.197861 -0.128107 -0.027132 
time: 287.720000, t: -0.000612 0.003251 -0.001819 q: 0.971432 -0.197903 -0.128135 -0.027139 
time: 287.852000, t: -0.000602 0.003306 -0.001840 q: 0.971412 -0.197969 -0.128174 -0.027168 
time: 287.952000, t: -0.000568 0.003308 -0.001843 q: 0.971394 -0.198030 -0.128212 -0.027183 
time: 288.052000, t: -0.000554 0.003333 -0.001853 q: 0.971376 -0.198097 -0.128243 -0.027204 
time: 288.184000, t: -0.001041 0.003134 -0.001688 q: 0.971337 -0.198449 -0.127985 -0.027242 
time: 288.316000, t: -0.001409 0.003181 -0.001683 q: 0.971310 -0.198556 -0.128023 -0.027268 
time: 288.416000, t: -0.001391 0.003159 -0.001673 q: 0.971289 -0.198624 -0.128067 -0.027285 
time: 288.520000, t: -0.001386 0.003156 -0.001672 q: 0.971270 -0.198691 -0.128109 -0.027300 
time: 288.652000, t: -0.001376 0.003152 -0.001672 q: 0.971250 -0.198756 -0.128153 -0.027314 
time: 288.752000, t: -0.001360 0.003140 -0.001667 q: 0.971231 -0.198821 -0.128195 -0.027327 
time: 288.852000, t: -0.001343 0.003144 -0.001668 q: 0.971213 -0.198879 -0.128233 -0.027343 
time: 288.952000, t: -0.001335 0.003131 -0.001667 q: 0.971194 -0.198946 -0.128276 -0.027356 
time: 289.052000, t: -0.001326 0.003129 -0.001668 q: 0.971173 -0.199014 -0.128320 -0.027375 
time: 289.152000, t: -0.001318 0.003132 -0.001672 q: 0.971157 -0.199070 -0.128359 -0.027388 
time: 289.252000, t: -0.001301 0.003130 -0.001675 q: 0.971136 -0.199137 -0.128403 -0.027405 
time: 289.352000, t: -0.001289 0.003135 -0.001679 q: 0.971116 -0.199206 -0.128446 -0.027425 
time: 289.452000, t: -0.001282 0.003140 -0.001682 q: 0.971096 -0.199273 -0.128488 -0.027445 
time: 289.552000, t: -0.001272 0.003140 -0.001682 q: 0.971077 -0.199337 -0.128529 -0.027458 
time: 289.684000, t: -0.001260 0.003138 -0.001683 q: 0.971057 -0.199403 -0.128572 -0.027474 
time: 289.816000, t: -0.001244 0.003131 -0.001685 q: 0.971038 -0.199467 -0.128618 -0.027489 
time: 289.916000, t: -0.001224 0.003104 -0.001678 q: 0.971024 -0.199514 -0.128650 -0.027490 
time: 290.016000, t: -0.001212 0.003113 -0.001681 q: 0.971004 -0.199582 -0.128692 -0.027512 
time: 290.116000, t: -0.001198 0.003114 -0.001681 q: 0.970984 -0.199648 -0.128733 -0.027530 
time: 290.216000, t: -0.001188 0.003114 -0.001673 q: 0.970966 -0.199713 -0.128770 -0.027545 
time: 290.316000, t: -0.001179 0.003108 -0.001670 q: 0.970947 -0.199778 -0.128810 -0.027560 
time: 290.416000, t: -0.001167 0.003106 -0.001673 q: 0.970927 -0.199842 -0.128853 -0.027574 
time: 290.516000, t: -0.001155 0.003104 -0.001669 q: 0.970914 -0.199888 -0.128882 -0.027585 
time: 290.616000, t: -0.001147 0.003103 -0.001669 q: 0.970894 -0.199955 -0.128923 -0.027601 
time: 290.688000, t: -0.001139 0.003101 -0.001671 q: 0.970875 -0.200021 -0.128963 -0.027618 
time: 290.816000, t: -0.001128 0.003101 -0.001675 q: 0.970856 -0.200084 -0.129006 -0.027630 
time: 290.916000, t: -0.001113 0.003099 -0.001678 q: 0.970836 -0.200150 -0.129048 -0.027648 
time: 291.016000, t: -0.001104 0.003108 -0.001683 q: 0.970819 -0.200206 -0.129085 -0.027662 
time: 291.088000, t: -0.001096 0.003096 -0.001680 q: 0.970800 -0.200273 -0.129124 -0.027677 
time: 291.188000, t: -0.001090 0.003104 -0.001687 q: 0.970780 -0.200338 -0.129166 -0.027695 
time: 291.316000, t: -0.001077 0.003099 -0.001686 q: 0.970764 -0.200391 -0.129203 -0.027705 
time: 291.416000, t: -0.001063 0.003090 -0.001687 q: 0.970745 -0.200455 -0.129244 -0.027718 
time: 291.516000, t: -0.001049 0.003095 -0.001689 q: 0.970726 -0.200519 -0.129284 -0.027736 
time: 291.616000, t: -0.001033 0.003110 -0.001690 q: 0.970707 -0.200583 -0.129321 -0.027755 
time: 291.716000, t: -0.001017 0.003117 -0.001701 q: 0.970688 -0.200647 -0.129365 -0.027774 
time: 291.816000, t: -0.001001 0.003123 -0.001706 q: 0.970668 -0.200711 -0.129405 -0.027792 
time: 291.916000, t: -0.000990 0.003121 -0.001706 q: 0.970649 -0.200776 -0.129445 -0.027807 
time: 292.016000, t: -0.000975 0.003124 -0.001721 q: 0.970629 -0.200839 -0.129491 -0.027826 
time: 292.116000, t: -0.000963 0.003120 -0.001726 q: 0.970610 -0.200902 -0.129533 -0.027842 
time: 292.216000, t: -0.000952 0.003132 -0.001735 q: 0.970591 -0.200967 -0.129574 -0.027861 
time: 292.316000, t: -0.000942 0.003126 -0.001747 q: 0.970571 -0.201031 -0.129620 -0.027876 
time: 292.416000, t: -0.000936 0.003131 -0.001753 q: 0.970551 -0.201095 -0.129662 -0.027896 
time: 292.516000, t: -0.000916 0.003156 -0.001776 q: 0.970531 -0.201159 -0.129708 -0.027922 
time: 292.616000, t: -0.000898 0.003173 -0.001788 q: 0.970512 -0.201223 -0.129750 -0.027943 
time: 292.716000, t: -0.000883 0.003186 -0.001793 q: 0.970493 -0.201286 -0.129789 -0.027961 
time: 292.816000, t: -0.000874 0.003192 -0.001817 q: 0.970473 -0.201350 -0.129837 -0.027980 
time: 292.916000, t: -0.000866 0.003206 -0.001829 q: 0.970453 -0.201415 -0.129879 -0.028000 
time: 293.020000, t: -0.000860 0.003224 -0.001845 q: 0.970433 -0.201479 -0.129922 -0.028022 
time: 293.156000, t: -0.000841 0.003234 -0.001853 q: 0.970414 -0.201542 -0.129965 -0.028038 
time: 293.252000, t: -0.000818 0.003231 -0.001844 q: 0.970396 -0.201604 -0.129999 -0.028055 
time: 293.352000, t: -0.000804 0.003239 -0.001850 q: 0.970378 -0.201666 -0.130037 -0.028070 
time: 293.452000, t: -0.000783 0.003250 -0.001854 q: 0.970359 -0.201730 -0.130075 -0.028088 
time: 293.584000, t: -0.000764 0.003284 -0.001864 q: 0.970340 -0.201794 -0.130113 -0.028112 
time: 293.716000, t: -0.000735 0.003307 -0.001876 q: 0.970321 -0.201855 -0.130154 -0.028133 
time: 293.816000, t: -0.000709 0.003316 -0.001880 q: 0.970303 -0.201915 -0.130190 -0.028148 
time: 293.916000, t: -0.000690 0.003334 -0.001891 q: 0.970284 -0.201979 -0.130228 -0.028167 
time: 294.016000, t: -0.000676 0.003333 -0.001898 q: 0.970266 -0.202041 -0.130267 -0.028180 
time: 294.088000, t: -0.000663 0.003333 -0.001901 q: 0.970247 -0.202105 -0.130304 -0.028194 
time: 294.216000, t: -0.000647 0.003366 -0.001913 q: 0.970228 -0.202168 -0.130342 -0.028218 
time: 294.316000, t: -0.000620 0.003384 -0.001920 q: 0.970210 -0.202229 -0.130378 -0.028234 
time: 294.416000, t: -0.000603 0.003384 -0.001925 q: 0.970192 -0.202290 -0.130415 -0.028247 
time: 294.516000, t: -0.000583 0.003423 -0.001942 q: 0.970173 -0.202354 -0.130453 -0.028271 
time: 294.616000, t: -0.000559 0.003422 -0.001944 q: 0.970155 -0.202415 -0.130489 -0.028284 
time: 294.716000, t: -0.000546 0.003440 -0.001953 q: 0.970136 -0.202479 -0.130526 -0.028303 
time: 294.816000, t: -0.000529 0.003435 -0.001954 q: 0.970118 -0.202545 -0.130558 -0.028318 
time: 294.916000, t: -0.001045 0.003227 -0.001784 q: 0.970080 -0.202887 -0.130295 -0.028358 
time: 295.016000, t: -0.001415 0.003244 -0.001766 q: 0.970044 -0.203024 -0.130347 -0.028394 
time: 295.116000, t: -0.001405 0.003240 -0.001766 q: 0.970026 -0.203082 -0.130385 -0.028408 
time: 295.216000, t: -0.001393 0.003228 -0.001762 q: 0.970006 -0.203148 -0.130427 -0.028421 
time: 295.316000, t: -0.001385 0.003227 -0.001764 q: 0.969988 -0.203206 -0.130465 -0.028435 
time: 295.416000, t: -0.001368 0.003219 -0.001758 q: 0.969969 -0.203272 -0.130505 -0.028450 
time: 295.516000, t: -0.001356 0.003216 -0.001758 q: 0.969949 -0.203338 -0.130548 -0.028466 
time: 295.616000, t: -0.001346 0.003213 -0.001760 q: 0.969931 -0.203395 -0.130586 -0.028480 
time: 295.716000, t: -0.001332 0.003206 -0.001758 q: 0.969911 -0.203461 -0.130627 -0.028495 
time: 295.816000, t: -0.001326 0.003214 -0.001765 q: 0.969893 -0.203520 -0.130666 -0.028512 
time: 295.888000, t: -0.001314 0.003203 -0.001764 q: 0.969874 -0.203585 -0.130706 -0.028524 
time: 296.016000, t: -0.001306 0.003220 -0.001776 q: 0.969860 -0.203628 -0.130739 -0.028543 
time: 296.116000, t: -0.001289 0.003215 -0.001774 q: 0.969840 -0.203693 -0.130780 -0.028559 
time: 296.188000, t: -0.001285 0.003215 -0.001775 q: 0.969821 -0.203759 -0.130819 -0.028574 
time: 296.316000, t: -0.001270 0.003221 -0.001778 q: 0.969806 -0.203807 -0.130852 -0.028589 
time: 296.416000, t: -0.001257 0.003232 -0.001782 q: 0.969788 -0.203864 -0.130888 -0.028607 
time: 296.516000, t: -0.001243 0.003215 -0.001779 q: 0.969769 -0.203929 -0.130930 -0.028618 
time: 296.616000, t: -0.001229 0.003206 -0.001778 q: 0.969749 -0.203994 -0.130972 -0.028630 
time: 296.688000, t: -0.001218 0.003199 -0.001778 q: 0.969729 -0.204061 -0.131013 -0.028647 
time: 296.816000, t: -0.001203 0.003197 -0.001780 q: 0.969709 -0.204126 -0.131056 -0.028664 
time: 296.920000, t: -0.001192 0.003187 -0.001765 q: 0.969691 -0.204189 -0.131090 -0.028676 
time: 297.052000, t: -0.001182 0.003204 -0.001770 q: 0.969671 -0.204253 -0.131131 -0.028697 
time: 297.152000, t: -0.001163 0.003199 -0.001772 q: 0.969652 -0.204317 -0.131172 -0.028711 
time: 297.252000, t: -0.001153 0.003189 -0.001766 q: 0.969633 -0.204380 -0.131211 -0.028724 
time: 297.352000, t: -0.001146 0.003186 -0.001768 q: 0.969613 -0.204445 -0.131252 -0.028738 
time: 297.452000, t: -0.001137 0.003192 -0.001776 q: 0.969596 -0.204502 -0.131289 -0.028754 
time: 297.552000, t: -0.001124 0.003179 -0.001775 q: 0.969576 -0.204565 -0.131330 -0.028766 
time: 297.652000, t: -0.001113 0.003184 -0.001775 q: 0.969557 -0.204631 -0.131369 -0.028784 
time: 297.752000, t: -0.001104 0.003213 -0.001788 q: 0.969539 -0.204688 -0.131406 -0.028807 
time: 297.852000, t: -0.001089 0.003198 -0.001787 q: 0.969525 -0.204733 -0.131437 -0.028813 
time: 297.952000, t: -0.001078 0.003185 -0.001784 q: 0.969506 -0.204796 -0.131477 -0.028823 
time: 298.052000, t: -0.001068 0.003192 -0.001789 q: 0.969489 -0.204851 -0.131512 -0.028839 
time: 298.152000, t: -0.001062 0.003178 -0.001785 q: 0.969470 -0.204915 -0.131551 -0.028850 
time: 298.256000, t: -0.001032 0.003199 -0.001788 q: 0.969451 -0.204978 -0.131589 -0.028873 
time: 298.352000, t: -0.001021 0.003201 -0.001790 q: 0.969432 -0.205040 -0.131626 -0.028886 
time: 298.452000, t: -0.001003 0.003204 -0.001799 q: 0.969413 -0.205103 -0.131669 -0.028904 
time: 298.552000, t: -0.000985 0.003221 -0.001808 q: 0.969392 -0.205170 -0.131710 -0.028930 
time: 298.656000, t: -0.000976 0.003218 -0.001810 q: 0.969374 -0.205231 -0.131748 -0.028939 
time: 298.752000, t: -0.000958 0.003216 -0.001824 q: 0.969354 -0.205293 -0.131794 -0.028959 
time: 298.852000, t: -0.000947 0.003234 -0.001835 q: 0.969333 -0.205359 -0.131835 -0.028982 
time: 298.952000, t: -0.000934 0.003240 -0.001854 q: 0.969313 -0.205422 -0.131881 -0.029001 
time: 299.052000, t: -0.000927 0.003235 -0.001857 q: 0.969293 -0.205487 -0.131922 -0.029017 
time: 299.152000, t: -0.000914 0.003245 -0.001862 q: 0.969275 -0.205548 -0.131960 -0.029036 
time: 299.252000, t: -0.000891 0.003264 -0.001883 q: 0.969254 -0.205612 -0.132006 -0.029059 
time: 299.356000, t: -0.000875 0.003290 -0.001897 q: 0.969234 -0.205676 -0.132046 -0.029083 
time: 299.452000, t: -0.000859 0.003297 -0.001917 q: 0.969214 -0.205738 -0.132092 -0.029101 
time: 299.552000, t: -0.000858 0.003319 -0.001935 q: 0.969194 -0.205805 -0.132134 -0.029125 
time: 299.652000, t: -0.000844 0.003326 -0.001943 q: 0.969175 -0.205868 -0.132174 -0.029141 
time: 299.752000, t: -0.000824 0.003350 -0.001958 q: 0.969155 -0.205931 -0.132215 -0.029165 
time: 299.852000, t: -0.000813 0.003343 -0.001963 q: 0.969135 -0.205995 -0.132255 -0.029177 
time: 299.952000, t: -0.000800 0.003353 -0.001959 q: 0.969117 -0.206056 -0.132289 -0.029197 
time: 300.052000, t: -0.000785 0.003348 -0.001962 q: 0.969098 -0.206119 -0.132328 -0.029210 
time: 300.152000, t: -0.000758 0.003368 -0.001969 q: 0.969079 -0.206181 -0.132365 -0.029230 
time: 300.252000, t: -0.000745 0.003396 -0.001981 q: 0.969060 -0.206245 -0.132401 -0.029251 
time: 300.356000, t: -0.000711 0.003417 -0.001984 q: 0.969041 -0.206307 -0.132436 -0.029271 
time: 300.452000, t: -0.000690 0.003427 -0.001991 q: 0.969023 -0.206370 -0.132473 -0.029289 
time: 300.552000, t: -0.000678 0.003500 -0.002023 q: 0.969004 -0.206427 -0.132508 -0.029321 
time: 300.652000, t: -0.000652 0.003463 -0.002011 q: 0.968987 -0.206486 -0.132543 -0.029323 
time: 300.752000, t: -0.000638 0.003465 -0.002018 q: 0.968968 -0.206548 -0.132581 -0.029338 
time: 300.852000, t: -0.000622 0.003477 -0.002025 q: 0.968950 -0.206609 -0.132617 -0.029354 
time: 300.956000, t: -0.000603 0.003489 -0.002031 q: 0.968931 -0.206671 -0.132654 -0.029370 
time: 301.052000, t: -0.000581 0.003519 -0.002045 q: 0.968912 -0.206735 -0.132690 -0.029392 
time: 301.152000, t: -0.000554 0.003534 -0.002051 q: 0.968894 -0.206795 -0.132725 -0.029409 
time: 301.252000, t: -0.000535 0.003560 -0.002065 q: 0.968875 -0.206858 -0.132761 -0.029429 
time: 301.352000, t: -0.000520 0.003630 -0.002095 q: 0.968856 -0.206916 -0.132796 -0.029463 
time: 301.452000, t: -0.000507 0.003625 -0.002094 q: 0.968841 -0.206971 -0.132821 -0.029472 
time: 301.552000, t: -0.000490 0.003599 -0.002088 q: 0.968823 -0.207033 -0.132857 -0.029479 
time: 301.652000, t: -0.001021 0.003330 -0.001887 q: 0.968786 -0.207371 -0.132591 -0.029508 
time: 301.752000, t: -0.001411 0.003340 -0.001863 q: 0.968748 -0.207509 -0.132641 -0.029545 
time: 301.852000, t: -0.001402 0.003340 -0.001863 q: 0.968728 -0.207574 -0.132682 -0.029562 
time: 301.952000, t: -0.001392 0.003342 -0.001864 q: 0.968710 -0.207634 -0.132718 -0.029577 
time: 302.052000, t: -0.001377 0.003329 -0.001861 q: 0.968693 -0.207690 -0.132755 -0.029589 
time: 302.152000, t: -0.001365 0.003326 -0.001856 q: 0.968673 -0.207755 -0.132795 -0.029604 
time: 302.252000, t: -0.001349 0.003323 -0.001858 q: 0.968653 -0.207820 -0.132836 -0.029619 
time: 302.352000, t: -0.001336 0.003317 -0.001858 q: 0.968632 -0.207887 -0.132879 -0.029636 
time: 302.452000, t: -0.001331 0.003314 -0.001859 q: 0.968612 -0.207952 -0.132920 -0.029652 
time: 302.556000, t: -0.001320 0.003307 -0.001861 q: 0.968592 -0.208017 -0.132962 -0.029667 
time: 302.652000, t: -0.001307 0.003313 -0.001867 q: 0.968571 -0.208083 -0.133005 -0.029687 
time: 302.784000, t: -0.001293 0.003332 -0.001877 q: 0.968550 -0.208149 -0.133049 -0.029710 
time: 302.916000, t: -0.001278 0.003326 -0.001878 q: 0.968530 -0.208213 -0.133091 -0.029726 
time: 303.016000, t: -0.001264 0.003315 -0.001875 q: 0.968510 -0.208277 -0.133131 -0.029737 
time: 303.116000, t: -0.001247 0.003316 -0.001876 q: 0.968490 -0.208342 -0.133171 -0.029755 
time: 303.216000, t: -0.001238 0.003313 -0.001876 q: 0.968470 -0.208407 -0.133212 -0.029771 
time: 303.316000, t: -0.001228 0.003309 -0.001874 q: 0.968451 -0.208471 -0.133251 -0.029786 
time: 303.416000, t: -0.001211 0.003322 -0.001882 q: 0.968432 -0.208530 -0.133289 -0.029805 
time: 303.516000, t: -0.001195 0.003307 -0.001874 q: 0.968413 -0.208593 -0.133327 -0.029817 
time: 303.616000, t: -0.001185 0.003308 -0.001866 q: 0.968394 -0.208658 -0.133361 -0.029834 
time: 303.716000, t: -0.001169 0.003301 -0.001864 q: 0.968374 -0.208720 -0.133401 -0.029847 
time: 303.788000, t: -0.001162 0.003302 -0.001867 q: 0.968354 -0.208786 -0.133440 -0.029864 
time: 303.916000, t: -0.001156 0.003307 -0.001865 q: 0.968337 -0.208841 -0.133474 -0.029879 
time: 304.016000, t: -0.001149 0.003314 -0.001874 q: 0.968325 -0.208880 -0.133501 -0.029889 
time: 304.120000, t: -0.001127 0.003288 -0.001866 q: 0.968306 -0.208941 -0.133542 -0.029898 
time: 304.252000, t: -0.001119 0.003299 -0.001872 q: 0.968291 -0.208987 -0.133574 -0.029914 
time: 304.356000, t: -0.001108 0.003302 -0.001875 q: 0.968274 -0.209042 -0.133609 -0.029926 
time: 304.452000, t: -0.001093 0.003292 -0.001873 q: 0.968254 -0.209106 -0.133648 -0.029940 
time: 304.552000, t: -0.001076 0.003296 -0.001881 q: 0.968234 -0.209170 -0.133690 -0.029957 
time: 304.656000, t: -0.001076 0.003287 -0.001876 q: 0.968215 -0.209232 -0.133726 -0.029969 
time: 304.752000, t: -0.001062 0.003279 -0.001875 q: 0.968196 -0.209295 -0.133765 -0.029982 
time: 304.852000, t: -0.001047 0.003286 -0.001880 q: 0.968176 -0.209359 -0.133805 -0.030000 
time: 304.952000, t: -0.001030 0.003310 -0.001885 q: 0.968162 -0.209406 -0.133832 -0.030019 
time: 305.052000, t: -0.001014 0.003299 -0.001883 q: 0.968143 -0.209467 -0.133869 -0.030029 
time: 305.152000, t: -0.000994 0.003321 -0.001898 q: 0.968122 -0.209532 -0.133912 -0.030055 
time: 305.252000, t: -0.000985 0.003328 -0.001904 q: 0.968103 -0.209594 -0.133950 -0.030071 
time: 305.352000, t: -0.000964 0.003319 -0.001905 q: 0.968084 -0.209656 -0.133990 -0.030083 
time: 305.452000, t: -0.000951 0.003332 -0.001922 q: 0.968063 -0.209719 -0.134034 -0.030107 
time: 305.552000, t: -0.000934 0.003334 -0.001928 q: 0.968043 -0.209782 -0.134074 -0.030124 
time: 305.652000, t: -0.000928 0.003353 -0.001950 q: 0.968023 -0.209846 -0.134119 -0.030148 
time: 305.752000, t: -0.000911 0.003341 -0.001949 q: 0.968009 -0.209891 -0.134149 -0.030155 
time: 305.856000, t: -0.000903 0.003367 -0.001961 q: 0.967988 -0.209955 -0.134188 -0.030181 
time: 305.984000, t: -0.000878 0.003427 -0.002002 q: 0.967969 -0.210011 -0.134233 -0.030214 
time: 306.116000, t: -0.000852 0.003437 -0.002009 q: 0.967950 -0.210071 -0.134272 -0.030232 
time: 306.188000, t: -0.000839 0.003419 -0.002024 q: 0.967930 -0.210133 -0.134317 -0.030243 
time: 306.288000, t: -0.000837 0.003435 -0.002038 q: 0.967910 -0.210198 -0.134358 -0.030264 
time: 306.388000, t: -0.000821 0.003457 -0.002057 q: 0.967889 -0.210261 -0.134400 -0.030286 
time: 306.488000, t: -0.000803 0.003448 -0.002058 q: 0.967875 -0.210305 -0.134429 -0.030293 
time: 306.588000, t: -0.000794 0.003466 -0.002070 q: 0.967855 -0.210371 -0.134469 -0.030315 
time: 306.688000, t: -0.000774 0.003465 -0.002062 q: 0.967837 -0.210430 -0.134502 -0.030330 
time: 306.792000, t: -0.000749 0.003481 -0.002068 q: 0.967818 -0.210493 -0.134538 -0.030350 
time: 306.924000, t: -0.000728 0.003510 -0.002085 q: 0.967798 -0.210556 -0.134577 -0.030370 
time: 307.028000, t: -0.000693 0.003538 -0.002092 q: 0.967780 -0.210616 -0.134610 -0.030391 
time: 307.124000, t: -0.000674 0.003538 -0.002096 q: 0.967761 -0.210677 -0.134646 -0.030404 
time: 307.224000, t: -0.000655 0.003566 -0.002108 q: 0.967741 -0.210740 -0.134683 -0.030428 
time: 307.324000, t: -0.000633 0.003574 -0.002115 q: 0.967722 -0.210802 -0.134719 -0.030444 
time: 307.456000, t: -0.000621 0.003594 -0.002131 q: 0.967703 -0.210862 -0.134759 -0.030462 
time: 307.592000, t: -0.000596 0.003626 -0.002146 q: 0.967686 -0.210916 -0.134793 -0.030482 
time: 307.724000, t: -0.000561 0.003636 -0.002149 q: 0.967668 -0.210975 -0.134828 -0.030497 
time: 307.824000, t: -0.000530 0.003665 -0.002167 q: 0.967650 -0.211033 -0.134864 -0.030514 
time: 307.924000, t: -0.000504 0.003679 -0.002174 q: 0.967636 -0.211077 -0.134889 -0.030524 
time: 308.024000, t: -0.000487 0.003688 -0.002176 q: 0.967617 -0.211140 -0.134923 -0.030543 
time: 308.124000, t: -0.000466 0.003725 -0.002199 q: 0.967597 -0.211203 -0.134962 -0.030565 
time: 308.224000, t: -0.000449 0.003716 -0.002196 q: 0.967579 -0.211268 -0.134990 -0.030580 
time: 308.328000, t: -0.001012 0.003440 -0.001987 q: 0.967541 -0.211606 -0.134723 -0.030613 
time: 308.424000, t: -0.001415 0.003441 -0.001961 q: 0.967502 -0.211747 -0.134773 -0.030651 
time: 308.524000, t: -0.001408 0.003434 -0.001960 q: 0.967485 -0.211802 -0.134809 -0.030662 
time: 308.624000, t: -0.001395 0.003422 -0.001956 q: 0.967464 -0.211868 -0.134849 -0.030676 
time: 308.724000, t: -0.001381 0.003417 -0.001956 q: 0.967443 -0.211935 -0.134891 -0.030693 
time: 308.824000, t: -0.001368 0.003413 -0.001951 q: 0.967423 -0.211999 -0.134930 -0.030708 
time: 308.924000, t: -0.001359 0.003409 -0.001953 q: 0.967405 -0.212056 -0.134966 -0.030723 
time: 309.024000, t: -0.001346 0.003394 -0.001950 q: 0.967385 -0.212120 -0.135008 -0.030734 
time: 309.124000, t: -0.001336 0.003402 -0.001953 q: 0.967367 -0.212178 -0.135044 -0.030753 
time: 309.224000, t: -0.001325 0.003390 -0.001954 q: 0.967346 -0.212242 -0.135085 -0.030766 
time: 309.324000, t: -0.001308 0.003395 -0.001963 q: 0.967325 -0.212307 -0.135130 -0.030786 
time: 309.424000, t: -0.001300 0.003401 -0.001969 q: 0.967304 -0.212374 -0.135171 -0.030806 
time: 309.524000, t: -0.001286 0.003407 -0.001970 q: 0.967284 -0.212439 -0.135209 -0.030824 
time: 309.624000, t: -0.001270 0.003410 -0.001971 q: 0.967264 -0.212502 -0.135249 -0.030841 
time: 309.724000, t: -0.001263 0.003405 -0.001970 q: 0.967244 -0.212568 -0.135287 -0.030856 
time: 309.824000, t: -0.001243 0.003417 -0.001975 q: 0.967223 -0.212633 -0.135327 -0.030878 
time: 309.924000, t: -0.001233 0.003405 -0.001975 q: 0.967203 -0.212697 -0.135367 -0.030890 
time: 310.024000, t: -0.001214 0.003395 -0.001971 q: 0.967183 -0.212762 -0.135407 -0.030904 
time: 310.124000, t: -0.001200 0.003390 -0.001972 q: 0.967162 -0.212827 -0.135447 -0.030921 
time: 310.224000, t: -0.001192 0.003393 -0.001973 q: 0.967142 -0.212892 -0.135485 -0.030937 
time: 310.324000, t: -0.001179 0.003391 -0.001965 q: 0.967123 -0.212955 -0.135520 -0.030953 
time: 310.424000, t: -0.001161 0.003385 -0.001963 q: 0.967103 -0.213018 -0.135559 -0.030968 
time: 310.556000, t: -0.001153 0.003397 -0.001972 q: 0.967085 -0.213073 -0.135596 -0.030985 
time: 310.692000, t: -0.001139 0.003400 -0.001970 q: 0.967066 -0.213135 -0.135634 -0.031002 
time: 310.824000, t: -0.001124 0.003390 -0.001969 q: 0.967046 -0.213195 -0.135674 -0.031013 
time: 310.924000, t: -0.001102 0.003388 -0.001969 q: 0.967027 -0.213257 -0.135713 -0.031029 
time: 311.024000, t: -0.001093 0.003391 -0.001972 q: 0.967007 -0.213320 -0.135750 -0.031044 
time: 311.124000, t: -0.001078 0.003394 -0.001974 q: 0.966987 -0.213383 -0.135788 -0.031061 
time: 311.224000, t: -0.001061 0.003397 -0.001982 q: 0.966967 -0.213448 -0.135829 -0.031079 
time: 311.324000, t: -0.001054 0.003396 -0.001982 q: 0.966947 -0.213510 -0.135867 -0.031093 
time: 311.424000, t: -0.001045 0.003389 -0.001981 q: 0.966928 -0.213571 -0.135904 -0.031105 
time: 311.524000, t: -0.001031 0.003396 -0.001985 q: 0.966908 -0.213636 -0.135942 -0.031125 
time: 311.624000, t: -0.001016 0.003414 -0.001985 q: 0.966889 -0.213698 -0.135976 -0.031145 
time: 311.728000, t: -0.000996 0.003418 -0.001989 q: 0.966869 -0.213760 -0.136013 -0.031161 
time: 311.824000, t: -0.000974 0.003430 -0.002001 q: 0.966849 -0.213822 -0.136054 -0.031180 
time: 311.928000, t: -0.000955 0.003445 -0.002007 q: 0.966829 -0.213885 -0.136092 -0.031201 
time: 312.024000, t: -0.000944 0.003441 -0.002009 q: 0.966810 -0.213947 -0.136128 -0.031215 
time: 312.124000, t: -0.000930 0.003461 -0.002031 q: 0.966794 -0.213994 -0.136165 -0.031235 
time: 312.256000, t: -0.000912 0.003468 -0.002040 q: 0.966773 -0.214056 -0.136208 -0.031256 
time: 312.356000, t: -0.000901 0.003471 -0.002058 q: 0.966753 -0.214116 -0.136250 -0.031272 
time: 312.488000, t: -0.000886 0.003480 -0.002065 q: 0.966733 -0.214179 -0.136291 -0.031293 
time: 312.588000, t: -0.000858 0.003495 -0.002085 q: 0.966713 -0.214241 -0.136335 -0.031315 
time: 312.688000, t: -0.000842 0.003519 -0.002101 q: 0.966692 -0.214304 -0.136374 -0.031338 
time: 312.788000, t: -0.000817 0.003549 -0.002114 q: 0.966673 -0.214365 -0.136411 -0.031360 
time: 312.888000, t: -0.000809 0.003553 -0.002135 q: 0.966652 -0.214427 -0.136455 -0.031378 
time: 312.988000, t: -0.000805 0.003603 -0.002164 q: 0.966633 -0.214487 -0.136493 -0.031408 
time: 313.088000, t: -0.000780 0.003591 -0.002170 q: 0.966613 -0.214546 -0.136534 -0.031419 
time: 313.188000, t: -0.000769 0.003611 -0.002180 q: 0.966594 -0.214610 -0.136569 -0.031440 
time: 313.292000, t: -0.000747 0.003610 -0.002186 q: 0.966574 -0.214672 -0.136608 -0.031455 
time: 313.424000, t: -0.000726 0.003621 -0.002185 q: 0.966555 -0.214732 -0.136643 -0.031473 
time: 313.524000, t: -0.000704 0.003625 -0.002186 q: 0.966537 -0.214791 -0.136677 -0.031488 
time: 313.624000, t: -0.000683 0.003651 -0.002199 q: 0.966516 -0.214855 -0.136713 -0.031508 
time: 313.756000, t: -0.000649 0.003679 -0.002207 q: 0.966498 -0.214914 -0.136747 -0.031530 
time: 313.888000, t: -0.000612 0.003712 -0.002220 q: 0.966479 -0.214974 -0.136784 -0.031552 
time: 313.960000, t: -0.000593 0.003728 -0.002229 q: 0.966460 -0.215036 -0.136817 -0.031569 
time: 314.088000, t: -0.000574 0.003745 -0.002242 q: 0.966440 -0.215097 -0.136856 -0.031588 
time: 314.188000, t: -0.000552 0.003747 -0.002243 q: 0.966421 -0.215157 -0.136889 -0.031601 
time: 314.288000, t: -0.000534 0.003760 -0.002254 q: 0.966402 -0.215218 -0.136925 -0.031617 
time: 314.388000, t: -0.000507 0.003780 -0.002261 q: 0.966383 -0.215279 -0.136958 -0.031635 
time: 314.488000, t: -0.000491 0.003802 -0.002276 q: 0.966364 -0.215341 -0.136994 -0.031654 
time: 314.588000, t: -0.000468 0.003845 -0.002295 q: 0.966344 -0.215403 -0.137028 -0.031678 
time: 314.688000, t: -0.000433 0.003848 -0.002301 q: 0.966326 -0.215461 -0.137063 -0.031690 
time: 314.788000, t: -0.000408 0.003870 -0.002312 q: 0.966306 -0.215524 -0.137098 -0.031712 
time: 314.888000, t: -0.000399 0.003875 -0.002313 q: 0.966288 -0.215589 -0.137124 -0.031728 
time: 314.988000, t: -0.000993 0.003564 -0.002090 q: 0.966249 -0.215927 -0.136857 -0.031759 
time: 315.088000, t: -0.001413 0.003552 -0.002056 q: 0.966211 -0.216063 -0.136905 -0.031792 
time: 315.188000, t: -0.001399 0.003545 -0.002053 q: 0.966190 -0.216129 -0.136945 -0.031809 
time: 315.288000, t: -0.001390 0.003552 -0.002056 q: 0.966171 -0.216186 -0.136980 -0.031825 
time: 315.388000, t: -0.001379 0.003539 -0.002053 q: 0.966153 -0.216243 -0.137016 -0.031837 
time: 315.488000, t: -0.001364 0.003535 -0.002047 q: 0.966136 -0.216298 -0.137049 -0.031851 
time: 315.588000, t: -0.001348 0.003523 -0.002044 q: 0.966115 -0.216362 -0.137089 -0.031864 
time: 315.688000, t: -0.001338 0.003528 -0.002049 q: 0.966097 -0.216419 -0.137126 -0.031881 
time: 315.788000, t: -0.001323 0.003518 -0.002047 q: 0.966077 -0.216482 -0.137165 -0.031893 
time: 315.888000, t: -0.001314 0.003536 -0.002055 q: 0.966058 -0.216541 -0.137200 -0.031916 
time: 315.988000, t: -0.001304 [31mWARNING: disk usage in log directory [/home/uav/.ros/log] is over 1GB.
It's recommended that you use the 'rosclean' command.[0m
[31m[vins_estimator-1] process has died [pid 68822, exit code -15, cmd /home/uav/catkin_ws/devel/lib/vins/vins_node /home/uav/catkin_ws/src/VINS-Fusion/config/sim_stereo/sim_stereo_imu_config.yaml __name:=vins_estimator __log:=/home/uav/.ros/log/130e0eca-bb3e-11f1-8813-8f8ef68ad52e/vins_estimator-1.log].
log file: /home/uav/.ros/log/130e0eca-bb3e-11f1-8813-8f8ef68ad52e/vins_estimator-1*.log[0m
[31m[vins_to_mavros-2] process has died [pid 68823, exit code -15, cmd /home/uav/catkin_ws/devel/lib/vins_to_mavros/vins_to_mavros_node __name:=vins_to_mavros __log:=/home/uav/.ros/log/130e0eca-bb3e-11f1-8813-8f8ef68ad52e/vins_to_mavros-2.log].
log file: /home/uav/.ros/log/130e0eca-bb3e-11f1-8813-8f8ef68ad52e/vins_to_mavros-2*.log[0m
... logging to /home/uav/.ros/log/130e0eca-bb3e-11f1-8813-8f8ef68ad52e/roslaunch-uav4-68807.log
Checking log directory for disk usage. This may take a while.
Press Ctrl-C to interrupt
]2;/home/uav/catkin_ws/src/launch/sim_vins.launch
[1mstarted roslaunch server http://uav4:38703/[0m

SUMMARY
========

PARAMETERS
 * /rosdistro: noetic
 * /rosversion: 1.17.4
 * /use_sim_time: True

NODES
  /
    vins_estimator (vins/vins_node)
    vins_to_mavros (vins_to_mavros/vins_to_mavros_node)

[1mROS_MASTER_URI=http://localhost:11311[0m
]2;/home/uav/catkin_ws/src/launch/sim_vins.launch http://localhost:11311
[1mprocess[vins_estimator-1]: started with pid [68822][0m
[1mprocess[vins_to_mavros-2]: started with pid [68823][0m
all processes on machine have died, roslaunch will exit
shutting down processing monitor...
... shutting down processing monitor complete
[1mdone[0m
