t,x,y,z
0.0000,-0.00060,0.00454,-0.00155
0.0000,-0.00047,0.00453,-0.00160
0.0040,-0.00035,0.00451,-0.00165
0.0080,-0.00022,0.00450,-0.00169
0.0120,-0.00009,0.00448,-0.00174
0.0120,0.00003,0.00447,-0.00180
0.0200,0.00016,0.00446,-0.00185
0.0240,0.00028,0.00444,-0.00190
0.0280,0.00040,0.00443,-0.00196
0.0320,0.00053,0.00438,-0.00196
0.0360,0.00064,0.00440,-0.00206
0.0400,0.00075,0.00439,-0.00211
0.0400,0.00075,0.00439,-0.00211
0.0480,0.00073,0.00442,-0.00216
0.0480,0.00072,0.00445,-0.00220
0.0560,0.00068,0.00452,-0.00229
0.0640,0.00066,0.00458,-0.00238
0.0680,0.00064,0.00461,-0.00242
0.0720,0.00063,0.00464,-0.00246
0.0720,0.00061,0.00467,-0.00250
0.0800,0.00061,0.00467,-0.00250
0.0840,0.00059,0.00473,-0.00258
0.0880,0.00057,0.00476,-0.00262
0.0880,0.00057,0.00476,-0.00262
0.0960,0.00055,0.00482,-0.00271
0.1000,0.00054,0.00485,-0.00275
0.1040,0.00045,0.00506,-0.00315
0.1080,0.00051,0.00497,-0.00308
0.1120,0.00057,0.00488,-0.00298
0.1160,0.00062,0.00479,-0.00294
0.1200,0.00068,0.00470,-0.00287
0.1240,0.00073,0.00461,-0.00280
0.1280,0.00079,0.00451,-0.00272
0.1320,0.00084,0.00442,-0.00265
0.1400,0.00089,0.00433,-0.00260
0.1440,0.00094,0.00424,-0.00252
0.1480,0.00099,0.00414,-0.00245
0.1520,0.00105,0.00405,-0.00237
0.1560,0.00110,0.00395,-0.00227
0.1600,0.00115,0.00386,-0.00222
0.1680,0.00120,0.00377,-0.00217
0.1680,0.00125,0.00368,-0.00209
0.1760,0.00125,0.00368,-0.00209
0.1800,0.00125,0.00369,-0.00212
0.1880,0.00124,0.00370,-0.00216
0.1920,0.00124,0.00370,-0.00217
0.1960,0.00124,0.00371,-0.00219
0.2000,0.00124,0.00371,-0.00219
0.2040,0.00127,0.00375,-0.00226
0.2080,0.00133,0.00379,-0.00217
0.2160,0.00139,0.00383,-0.00208
0.2240,0.00145,0.00387,-0.00198
0.2280,0.00150,0.00390,-0.00189
0.2360,0.00156,0.00394,-0.00179
0.2360,0.00161,0.00398,-0.00170
0.2400,0.00166,0.00401,-0.00161
0.2480,0.00171,0.00405,-0.00152
0.2560,0.00177,0.00410,-0.00143
0.2600,0.00182,0.00414,-0.00134
0.2640,0.00186,0.00418,-0.00125
0.2680,0.00191,0.00422,-0.00116
0.2720,0.00196,0.00426,-0.00107
0.2760,0.00201,0.00430,-0.00098
0.2800,0.00206,0.00434,-0.00090
0.2840,0.00207,0.00435,-0.00089
0.2880,0.00209,0.00436,-0.00089
0.2920,0.00210,0.00438,-0.00088
0.3000,0.00223,0.00446,-0.00085
0.3040,0.00229,0.00444,-0.00086
0.3120,0.00237,0.00443,-0.00086
0.3160,0.00242,0.00440,-0.00087
0.3240,0.00249,0.00438,-0.00087
0.3280,0.00254,0.00435,-0.00088
0.3360,0.00259,0.00433,-0.00089
0.3400,0.00265,0.00430,-0.00090
0.3440,0.00270,0.00427,-0.00092
0.3480,0.00275,0.00424,-0.00093
0.3520,0.00279,0.00420,-0.00095
0.3560,0.00283,0.00417,-0.00096
0.3600,0.00288,0.00414,-0.00098
0.3680,0.00293,0.00410,-0.00101
0.3720,0.00297,0.00407,-0.00104
0.3760,0.00301,0.00404,-0.00106
0.3800,0.00301,0.00404,-0.00108
0.3840,0.00301,0.00404,-0.00109
0.3880,0.00301,0.00404,-0.00111
0.3880,0.00301,0.00404,-0.00111
0.3960,0.00302,0.00404,-0.00114
0.4000,0.00303,0.00404,-0.00116
0.4040,0.00309,0.00403,-0.00133
0.4080,0.00346,0.00411,-0.00141
0.4080,0.00378,0.00419,-0.00146
0.4160,0.00418,0.00426,-0.00156
0.4200,0.00455,0.00434,-0.00163
0.4240,0.00491,0.00441,-0.00171
0.4280,0.00527,0.00449,-0.00178
0.4320,0.00563,0.00457,-0.00185
0.4360,0.00599,0.00464,-0.00193
0.4400,0.00636,0.00472,-0.00200
0.4440,0.00672,0.00480,-0.00208
0.4480,0.00708,0.00487,-0.00216
0.4520,0.00744,0.00495,-0.00223
0.4560,0.00780,0.00502,-0.00231
0.4600,0.00817,0.00510,-0.00239
0.4680,0.00857,0.00516,-0.00249
0.4720,0.00860,0.00515,-0.00251
0.4760,0.00864,0.00514,-0.00254
0.4800,0.00868,0.00513,-0.00256
0.4840,0.00872,0.00512,-0.00259
0.4880,0.00876,0.00511,-0.00261
0.4920,0.00880,0.00510,-0.00263
0.4960,0.00885,0.00509,-0.00266
0.5000,0.00889,0.00508,-0.00268
0.5080,0.00893,0.00507,-0.00270
0.5120,0.00948,0.00494,-0.00288
0.5160,0.00988,0.00463,-0.00289
0.5200,0.01029,0.00433,-0.00291
0.5240,0.01070,0.00402,-0.00292
0.5320,0.01118,0.00368,-0.00297
0.5360,0.01158,0.00337,-0.00299
0.5400,0.01199,0.00306,-0.00302
0.5440,0.01239,0.00275,-0.00304
0.5440,0.01280,0.00244,-0.00307
0.5520,0.01320,0.00213,-0.00310
0.5560,0.01361,0.00182,-0.00312
0.5600,0.01401,0.00151,-0.00314
0.5680,0.01450,0.00115,-0.00319
0.5720,0.01491,0.00084,-0.00321
0.5760,0.01532,0.00052,-0.00324
0.5800,0.01572,0.00021,-0.00326
0.5840,0.01580,0.00017,-0.00329
0.5880,0.01588,0.00013,-0.00331
0.5920,0.01596,0.00009,-0.00334
0.5960,0.01596,0.00009,-0.00334
0.6000,0.01612,0.00000,-0.00340
0.6040,0.01612,0.00000,-0.00340
0.6080,0.01628,-0.00008,-0.00346
0.6120,0.01636,-0.00012,-0.00348
0.6160,0.01644,-0.00016,-0.00351
0.6200,0.01652,-0.00021,-0.00354
0.6240,0.01660,-0.00025,-0.00357
0.6320,0.01676,-0.00034,-0.00362
0.6360,0.01683,-0.00039,-0.00365
0.6400,0.01691,-0.00043,-0.00368
0.6400,0.01760,-0.00088,-0.00390
0.6440,0.01736,-0.00093,-0.00380
0.6520,0.01726,-0.00110,-0.00373
0.6560,0.01701,-0.00115,-0.00363
0.6600,0.01692,-0.00131,-0.00355
0.6680,0.01682,-0.00147,-0.00347
0.6720,0.01665,-0.00157,-0.00338
0.6720,0.01641,-0.00162,-0.00328
0.6800,0.01632,-0.00178,-0.00320
0.6840,0.01615,-0.00188,-0.00311
0.6880,0.01599,-0.00199,-0.00302
0.6920,0.01582,-0.00209,-0.00293
0.6960,0.01566,-0.00220,-0.00284
0.7000,0.01549,-0.00230,-0.00275
0.7040,0.01533,-0.00240,-0.00266
0.7080,0.01509,-0.00246,-0.00256
0.7120,0.01525,-0.00256,-0.00258
0.7200,0.01540,-0.00265,-0.00260
0.7240,0.01547,-0.00270,-0.00261
0.7240,0.01547,-0.00270,-0.00261
0.7320,0.01562,-0.00279,-0.00262
0.7400,0.01569,-0.00284,-0.00263
0.7440,0.01637,-0.00328,-0.00273
0.7480,0.01637,-0.00316,-0.00272
0.7520,0.01649,-0.00313,-0.00275
0.7560,0.01654,-0.00305,-0.00276
0.7600,0.01660,-0.00297,-0.00278
0.7640,0.01665,-0.00290,-0.00280
0.7640,0.01664,-0.00278,-0.00279
0.7720,0.01676,-0.00274,-0.00283
0.7760,0.01682,-0.00266,-0.00285
0.7800,0.01687,-0.00259,-0.00288
0.7840,0.01693,-0.00251,-0.00290
0.7880,0.01698,-0.00243,-0.00292
0.7920,0.01703,-0.00235,-0.00294
0.7960,0.01708,-0.00228,-0.00296
0.7960,0.01707,-0.00216,-0.00295
0.8040,0.01719,-0.00212,-0.00300
0.8080,0.01725,-0.00216,-0.00302
0.8160,0.01737,-0.00223,-0.00308
0.8200,0.01749,-0.00230,-0.00313
0.8200,0.01755,-0.00234,-0.00316
0.8320,0.01762,-0.00237,-0.00319
0.8400,0.01774,-0.00244,-0.00324
0.8440,0.01780,-0.00247,-0.00327
0.8480,0.01786,-0.00251,-0.00330
0.8520,0.01853,-0.00287,-0.00368
0.8560,0.01768,-0.00260,-0.00358
0.8600,0.01681,-0.00232,-0.00345
0.8640,0.01597,-0.00205,-0.00337
0.8680,0.01511,-0.00178,-0.00327
0.8720,0.01426,-0.00151,-0.00316
0.8760,0.01341,-0.00124,-0.00306
0.8760,0.01255,-0.00096,-0.00293
0.8840,0.01171,-0.00069,-0.00284
0.8880,0.01085,-0.00042,-0.00274
0.8960,0.01001,-0.00016,-0.00266
0.9040,0.00916,0.00011,-0.00255
0.9080,0.00832,0.00037,-0.00247
0.9120,0.00746,0.00064,-0.00235
0.9160,0.00661,0.00091,-0.00225
0.9200,0.00577,0.00117,-0.00217
0.9240,0.00577,0.00117,-0.00217
0.9240,0.00578,0.00116,-0.00220
0.9320,0.00579,0.00116,-0.00222
0.9360,0.00582,0.00114,-0.00229
0.9400,0.00590,0.00111,-0.00261
0.9480,0.00594,0.00129,-0.00268
0.9520,0.00599,0.00147,-0.00276
0.9520,0.00604,0.00165,-0.00283
0.9600,0.00608,0.00182,-0.00290
0.9680,0.00613,0.00200,-0.00297
0.9720,0.00617,0.00218,-0.00308
0.9720,0.00622,0.00235,-0.00315
0.9800,0.00627,0.00253,-0.00323
0.9840,0.00632,0.00270,-0.00330
0.9880,0.00637,0.00288,-0.00338
0.9920,0.00642,0.00305,-0.00345
0.9960,0.00647,0.00323,-0.00353
1.0000,0.00652,0.00341,-0.00357
1.0040,0.00657,0.00358,-0.00369
1.0120,0.00662,0.00374,-0.00380
1.0160,0.00662,0.00374,-0.00380
1.0200,0.00662,0.00372,-0.00388
1.0280,0.00662,0.00371,-0.00396
1.0320,0.00662,0.00370,-0.00400
1.0360,0.00662,0.00370,-0.00403
1.0440,0.00668,0.00362,-0.00437
1.0480,0.00687,0.00350,-0.00429
1.0520,0.00706,0.00337,-0.00422
1.0560,0.00725,0.00324,-0.00414
1.0600,0.00744,0.00312,-0.00407
1.0640,0.00763,0.00299,-0.00400
1.0680,0.00781,0.00287,-0.00393
1.0720,0.00800,0.00275,-0.00385
1.0720,0.00818,0.00263,-0.00376
1.0760,0.00837,0.00250,-0.00369
1.0840,0.00856,0.00238,-0.00362
1.0880,0.00876,0.00224,-0.00357
1.0960,0.00895,0.00212,-0.00350
1.1040,0.00916,0.00198,-0.00347
1.1040,0.00934,0.00185,-0.00339
1.1120,0.00953,0.00173,-0.00331
1.1160,0.00954,0.00172,-0.00333
1.1200,0.00955,0.00171,-0.00335
1.1240,0.00956,0.00170,-0.00337
1.1280,0.00958,0.00169,-0.00339
1.1360,0.00960,0.00166,-0.00342
1.1360,0.00962,0.00165,-0.00345
1.1440,0.00963,0.00164,-0.00347
1.1480,0.00963,0.00164,-0.00347
1.1520,0.00966,0.00161,-0.00351
1.1560,0.00968,0.00160,-0.00352
1.1640,0.00970,0.00159,-0.00354
1.1640,0.00971,0.00158,-0.00356
1.1680,0.00973,0.00157,-0.00359
1.1720,0.00974,0.00157,-0.00361
1.1760,0.00976,0.00156,-0.00363
1.1840,0.00997,0.00151,-0.00390
1.1880,0.01033,0.00147,-0.00383
1.1920,0.01068,0.00143,-0.00375
1.1920,0.01100,0.00139,-0.00367
1.1960,0.01135,0.00135,-0.00360
1.2040,0.01173,0.00130,-0.00354
1.2080,0.01208,0.00126,-0.00348
1.2120,0.01243,0.00121,-0.00341
1.2200,0.01282,0.00116,-0.00337
1.2240,0.01318,0.00111,-0.00330
1.2280,0.01353,0.00106,-0.00324
1.2320,0.01389,0.00102,-0.00317
1.2400,0.01428,0.00095,-0.00313
1.2400,0.01460,0.00092,-0.00304
1.2480,0.01496,0.00087,-0.00298
1.2520,0.01536,0.00080,-0.00293
1.2560,0.01536,0.00080,-0.00293
1.2600,0.01544,0.00077,-0.00298
1.2640,0.01548,0.00076,-0.00300
1.2720,0.01557,0.00073,-0.00304
1.2760,0.01561,0.00071,-0.00306
1.2800,0.01566,0.00070,-0.00309
1.2880,0.01575,0.00066,-0.00314
1.2960,0.01585,0.00062,-0.00318
1.3000,0.01590,0.00059,-0.00320
1.3040,0.01594,0.00057,-0.00322
1.3040,0.01599,0.00054,-0.00324
1.3120,0.01651,0.00024,-0.00343
1.3160,0.01694,0.00013,-0.00338
1.3200,0.01737,0.00003,-0.00333
1.3240,0.01779,-0.00007,-0.00327
1.3280,0.01822,-0.00017,-0.00322
1.3320,0.01865,-0.00027,-0.00317
1.3360,0.01907,-0.00037,-0.00311
1.3360,0.01943,-0.00045,-0.00304
1.3440,0.01985,-0.00055,-0.00299
1.3480,0.02028,-0.00065,-0.00294
1.3520,0.02077,-0.00078,-0.00291
1.3560,0.02120,-0.00088,-0.00286
1.3560,0.02162,-0.00098,-0.00281
1.3640,0.02205,-0.00109,-0.00275
1.3680,0.02247,-0.00119,-0.00270
1.3720,0.02297,-0.00132,-0.00266
1.3840,0.02311,-0.00138,-0.00269
1.3880,0.02317,-0.00141,-0.00271
1.3920,0.02317,-0.00141,-0.00271
1.3960,0.02331,-0.00146,-0.00275
1.4000,0.02337,-0.00149,-0.00277
1.4040,0.02344,-0.00151,-0.00278
1.4120,0.02417,-0.00172,-0.00298
1.4160,0.02406,-0.00165,-0.00297
1.4200,0.02389,-0.00156,-0.00296
1.4240,0.02385,-0.00150,-0.00297
1.4240,0.02375,-0.00143,-0.00296
1.4360,0.02372,-0.00138,-0.00298
1.4400,0.02362,-0.00130,-0.00298
1.4480,0.02360,-0.00125,-0.00299
1.4520,0.02350,-0.00117,-0.00300
1.4560,0.02341,-0.00109,-0.00300
1.4600,0.02332,-0.00102,-0.00300
1.4640,0.02315,-0.00093,-0.00298
1.4680,0.02313,-0.00088,-0.00300
1.4760,0.02312,-0.00083,-0.00301
1.4800,0.02302,-0.00077,-0.00300
1.4840,0.02292,-0.00070,-0.00300
1.4880,0.02299,-0.00073,-0.00302
1.4920,0.02306,-0.00075,-0.00303
1.4960,0.02313,-0.00078,-0.00304
1.5000,0.02320,-0.00080,-0.00305
1.5080,0.02334,-0.00086,-0.00308
1.5120,0.02406,-0.00119,-0.00321
1.5160,0.02395,-0.00109,-0.00315
1.5200,0.02385,-0.00099,-0.00310
1.5240,0.02374,-0.00089,-0.00304
1.5280,0.02364,-0.00079,-0.00298
1.5320,0.02354,-0.00070,-0.00293
1.5400,0.02350,-0.00061,-0.00288
1.5440,0.02340,-0.00051,-0.00282
1.5480,0.02331,-0.00040,-0.00277
1.5560,0.02328,-0.00031,-0.00272
1.5600,0.02318,-0.00020,-0.00267
1.5680,0.02308,-0.00010,-0.00261
1.5720,0.02305,-0.00000,-0.00256
1.5760,0.02288,0.00011,-0.00250
1.5800,0.02278,0.00022,-0.00244
1.5840,0.02275,0.00031,-0.00239
1.5880,0.02283,0.00030,-0.00239
1.5920,0.02297,0.00029,-0.00241
1.6000,0.02305,0.00028,-0.00242
1.6040,0.02312,0.00028,-0.00242
1.6040,0.02320,0.00027,-0.00243
1.6080,0.02392,0.00024,-0.00256
1.6160,0.02386,0.00027,-0.00255
1.6200,0.02374,0.00031,-0.00254
1.6240,0.02362,0.00034,-0.00253
1.6240,0.02344,0.00038,-0.00251
1.6320,0.02338,0.00042,-0.00251
1.6360,0.02325,0.00045,-0.00249
1.6400,0.02313,0.00049,-0.00248
1.6440,0.02300,0.00053,-0.00247
1.6480,0.02287,0.00056,-0.00246
1.6520,0.02275,0.00060,-0.00245
1.6560,0.02262,0.00063,-0.00243
1.6600,0.02249,0.00067,-0.00242
1.6640,0.02237,0.00070,-0.00241
1.6680,0.02218,0.00074,-0.00238
1.6720,0.02206,0.00077,-0.00237
1.6760,0.02219,0.00077,-0.00239
1.6840,0.02231,0.00076,-0.00241
1.6880,0.02238,0.00076,-0.00242
1.6960,0.02251,0.00075,-0.00244
1.7000,0.02258,0.00075,-0.00245
1.7080,0.02303,0.00069,-0.00252
1.7120,0.02302,0.00059,-0.00250
1.7120,0.02291,0.00053,-0.00247
1.7200,0.02290,0.00043,-0.00246
1.7240,0.02284,0.00034,-0.00245
1.7320,0.02283,0.00024,-0.00244
1.7360,0.02276,0.00015,-0.00242
1.7400,0.02270,0.00006,-0.00240
1.7440,0.02263,-0.00003,-0.00238
1.7440,0.02252,-0.00009,-0.00235
1.7520,0.02250,-0.00021,-0.00234
1.7560,0.02243,-0.00030,-0.00233
1.7600,0.02236,-0.00039,-0.00231
1.7640,0.02230,-0.00049,-0.00228
1.7680,0.02229,-0.00062,-0.00226
1.7760,0.02223,-0.00072,-0.00224
1.7800,0.02228,-0.00075,-0.00225
1.7840,0.02233,-0.00078,-0.00226
1.7880,0.02238,-0.00082,-0.00226
1.7920,0.02243,-0.00085,-0.00227
1.7960,0.02243,-0.00085,-0.00227
1.8000,0.02254,-0.00093,-0.00228
1.8040,0.02260,-0.00096,-0.00229
1.8080,0.02265,-0.00100,-0.00230
1.8120,0.02271,-0.00104,-0.00231
1.8160,0.02276,-0.00107,-0.00232
1.8200,0.02282,-0.00111,-0.00234
1.8240,0.02287,-0.00115,-0.00235
1.8280,0.02293,-0.00119,-0.00236
1.8320,0.02299,-0.00123,-0.00237
1.8360,0.02305,-0.00127,-0.00238
1.8400,0.02360,-0.00167,-0.00247
1.8480,0.02359,-0.00181,-0.00246
1.8520,0.02354,-0.00192,-0.00245
1.8600,0.02353,-0.00207,-0.00245
1.8680,0.02353,-0.00222,-0.00245
1.8720,0.02348,-0.00233,-0.00244
1.8760,0.02342,-0.00244,-0.00243
1.8840,0.02342,-0.00259,-0.00241
1.8880,0.02336,-0.00269,-0.00240
1.8880,0.02325,-0.00276,-0.00238
1.8960,0.02325,-0.00291,-0.00236
1.9000,0.02319,-0.00301,-0.00233
1.9040,0.02313,-0.00312,-0.00231
1.9080,0.02307,-0.00322,-0.00228
1.9120,0.02296,-0.00329,-0.00226
1.9160,0.02295,-0.00343,-0.00223
1.9200,0.02300,-0.00348,-0.00222
1.9280,0.02309,-0.00356,-0.00221
1.9320,0.02314,-0.00360,-0.00221
1.9400,0.02352,-0.00397,-0.00213
1.9440,0.02358,-0.00396,-0.00212
1.9440,0.02368,-0.00400,-0.00209
1.9520,0.02383,-0.00407,-0.00204
1.9560,0.02393,-0.00411,-0.00202
1.9600,0.02403,-0.00415,-0.00199
1.9680,0.02414,-0.00419,-0.00196
1.9720,0.02424,-0.00422,-0.00193
1.9760,0.02440,-0.00430,-0.00188
1.9800,0.02451,-0.00433,-0.00185
1.9840,0.02462,-0.00437,-0.00182
1.9880,0.02472,-0.00440,-0.00179
1.9920,0.02483,-0.00444,-0.00175
1.9960,0.02494,-0.00447,-0.00172
1.9960,0.02499,-0.00447,-0.00171
2.0040,0.02515,-0.00455,-0.00166
2.0080,0.02520,-0.00459,-0.00163
2.0120,0.02525,-0.00463,-0.00160
2.0160,0.02530,-0.00467,-0.00158
2.0200,0.02535,-0.00470,-0.00155
2.0240,0.02539,-0.00474,-0.00152
2.0280,0.02539,-0.00474,-0.00152
2.0320,0.02544,-0.00478,-0.00150
2.0360,0.02554,-0.00486,-0.00145
2.0400,0.02559,-0.00490,-0.00142
2.0400,0.02564,-0.00494,-0.00140
2.0480,0.02570,-0.00499,-0.00137
2.0520,0.02575,-0.00503,-0.00135
2.0560,0.02580,-0.00508,-0.00132
2.0600,0.02586,-0.00513,-0.00129
2.0640,0.02586,-0.00513,-0.00129
2.0680,0.02591,-0.00518,-0.00127
2.0720,0.02601,-0.00528,-0.00122
2.0760,0.02606,-0.00533,-0.00119
2.0800,0.02666,-0.00596,-0.00088
2.0880,0.02692,-0.00602,-0.00087
2.0920,0.02713,-0.00603,-0.00089
2.0960,0.02734,-0.00604,-0.00091
2.0960,0.02750,-0.00600,-0.00095
2.1040,0.02771,-0.00601,-0.00097
2.1080,0.02792,-0.00602,-0.00098
2.1080,0.02818,-0.00609,-0.00097
2.1160,0.02839,-0.00611,-0.00098
2.1200,0.02860,-0.00612,-0.00100
2.1240,0.02881,-0.00614,-0.00101
2.1280,0.02902,-0.00615,-0.00103
2.1320,0.02923,-0.00617,-0.00104
2.1360,0.02944,-0.00618,-0.00106
2.1360,0.02961,-0.00614,-0.00110
2.1400,0.02981,-0.00616,-0.00112
2.1480,0.02991,-0.00626,-0.00106
2.1520,0.02995,-0.00632,-0.00104
2.1520,0.02995,-0.00632,-0.00104
2.1600,0.03004,-0.00643,-0.00098
2.1680,0.03013,-0.00654,-0.00093
2.1760,0.03021,-0.00665,-0.00087
2.1760,0.03026,-0.00670,-0.00084
2.1840,0.03031,-0.00675,-0.00081
2.1880,0.03036,-0.00681,-0.00077
2.1920,0.03041,-0.00686,-0.00074
2.2000,0.03050,-0.00697,-0.00067
2.2040,0.03055,-0.00703,-0.00064
2.2080,0.03055,-0.00703,-0.00064
2.2120,0.03094,-0.00742,-0.00034
2.2160,0.03038,-0.00691,-0.00036
2.2200,0.02984,-0.00640,-0.00034
2.2200,0.02926,-0.00587,-0.00038
2.2280,0.02873,-0.00537,-0.00036
2.2320,0.02817,-0.00486,-0.00037
2.2400,0.02765,-0.00436,-0.00035
2.2480,0.02712,-0.00387,-0.00034
2.2520,0.02656,-0.00335,-0.00035
2.2600,0.02602,-0.00286,-0.00034
2.2640,0.02546,-0.00234,-0.00036
2.2680,0.02490,-0.00183,-0.00038
2.2720,0.02434,-0.00132,-0.00040
2.2760,0.02378,-0.00080,-0.00042
2.2800,0.02322,-0.00029,-0.00044
2.2840,0.02266,0.00023,-0.00047
2.2880,0.02268,0.00021,-0.00044
2.2920,0.02271,0.00020,-0.00042
2.2960,0.02271,0.00020,-0.00042
2.3000,0.02275,0.00016,-0.00037
2.3040,0.02275,0.00016,-0.00037
2.3080,0.02277,0.00015,-0.00034
2.3080,0.02279,0.00013,-0.00032
2.3160,0.02284,0.00009,-0.00027
2.3200,0.02286,0.00008,-0.00024
2.3240,0.02288,0.00006,-0.00022
2.3280,0.02288,0.00006,-0.00022
2.3360,0.02294,0.00002,-0.00014
2.3440,0.02298,-0.00001,-0.00009
2.3480,0.02321,-0.00011,0.00013
2.3520,0.02299,0.00009,0.00007
2.3560,0.02276,0.00028,0.00001
2.3600,0.02254,0.00048,-0.00006
2.3640,0.02231,0.00067,-0.00012
2.3680,0.02209,0.00087,-0.00019
2.3720,0.02186,0.00107,-0.00025
2.3760,0.02163,0.00126,-0.00032
2.3800,0.02141,0.00146,-0.00039
2.3880,0.02119,0.00166,-0.00044
2.3920,0.02097,0.00185,-0.00050
2.3960,0.02074,0.00205,-0.00057
2.4000,0.02052,0.00224,-0.00063
2.4080,0.02029,0.00244,-0.00069
2.4120,0.02008,0.00263,-0.00074
2.4200,0.01986,0.00283,-0.00080
2.4240,0.01987,0.00283,-0.00079
2.4320,0.01990,0.00282,-0.00077
2.4400,0.01993,0.00283,-0.00076
2.4440,0.01994,0.00282,-0.00076
2.4480,0.02011,0.00284,-0.00078
2.4520,0.01998,0.00276,-0.00081
2.4560,0.01984,0.00269,-0.00085
2.4640,0.01971,0.00262,-0.00088
2.4680,0.01960,0.00254,-0.00091
2.4720,0.01948,0.00247,-0.00094
2.4760,0.01935,0.00241,-0.00098
2.4800,0.01923,0.00234,-0.00101
2.4840,0.01911,0.00227,-0.00105
2.4880,0.01898,0.00220,-0.00108
2.4880,0.01884,0.00213,-0.00111
2.5000,0.01876,0.00207,-0.00116
2.5040,0.01864,0.00200,-0.00120
2.5080,0.01852,0.00193,-0.00124
2.5120,0.01839,0.00187,-0.00128
2.5120,0.01825,0.00180,-0.00131
2.5200,0.01829,0.00180,-0.00133
2.5280,0.01831,0.00179,-0.00134
2.5320,0.01836,0.00180,-0.00135
2.5360,0.01838,0.00180,-0.00136
2.5400,0.01841,0.00180,-0.00136
2.5440,0.01843,0.00181,-0.00136
2.5480,0.01873,0.00181,-0.00137
2.5520,0.01946,0.00134,-0.00144
2.5560,0.02018,0.00087,-0.00151
2.5600,0.02091,0.00040,-0.00158
2.5640,0.02164,-0.00006,-0.00165
2.5680,0.02237,-0.00053,-0.00172
2.5720,0.02309,-0.00100,-0.00179
2.5760,0.02382,-0.00147,-0.00186
2.5800,0.02455,-0.00193,-0.00192
2.5840,0.02523,-0.00238,-0.00199
2.5880,0.02600,-0.00286,-0.00206
2.5920,0.02673,-0.00333,-0.00213
2.5960,0.02746,-0.00379,-0.00221
2.6000,0.02814,-0.00424,-0.00228
2.6040,0.02891,-0.00472,-0.00235
2.6080,0.02964,-0.00518,-0.00242
2.6160,0.02972,-0.00520,-0.00243
2.6200,0.02976,-0.00521,-0.00244
2.6280,0.02984,-0.00522,-0.00244
2.6320,0.02989,-0.00523,-0.00244
2.6360,0.02993,-0.00524,-0.00245
2.6440,0.03002,-0.00525,-0.00245
2.6440,0.03051,-0.00528,-0.00249
2.6520,0.03059,-0.00533,-0.00249
2.6560,0.03067,-0.00538,-0.00250
2.6600,0.03075,-0.00544,-0.00251
2.6680,0.03087,-0.00549,-0.00251
2.6720,0.03095,-0.00554,-0.00251
2.6720,0.03098,-0.00559,-0.00252
2.6800,0.03111,-0.00564,-0.00251
2.6840,0.03119,-0.00569,-0.00251
2.6880,0.03127,-0.00574,-0.00251
2.6960,0.03140,-0.00580,-0.00250
2.7000,0.03148,-0.00586,-0.00250
2.7040,0.03152,-0.00591,-0.00250
2.7080,0.03165,-0.00597,-0.00249
2.7120,0.03174,-0.00603,-0.00249
2.7120,0.03182,-0.00609,-0.00248
2.7160,0.03182,-0.00609,-0.00248
2.7240,0.03191,-0.00610,-0.00247
2.7280,0.03196,-0.00611,-0.00246
2.7280,0.03196,-0.00611,-0.00246
2.7360,0.03205,-0.00613,-0.00245
2.7400,0.03209,-0.00614,-0.00245
2.7400,0.03209,-0.00614,-0.00245
2.7440,0.03245,-0.00626,-0.00245
2.7520,0.03232,-0.00627,-0.00245
2.7560,0.03213,-0.00624,-0.00246
2.7600,0.03200,-0.00625,-0.00246
2.7640,0.03184,-0.00625,-0.00247
2.7680,0.03167,-0.00624,-0.00248
2.7720,0.03150,-0.00624,-0.00248
2.7800,0.03134,-0.00624,-0.00248
2.7840,0.03119,-0.00626,-0.00249
2.7880,0.03102,-0.00626,-0.00249
2.7920,0.03084,-0.00625,-0.00249
2.8000,0.03069,-0.00627,-0.00249
2.8040,0.03050,-0.00625,-0.00250
2.8080,0.03033,-0.00625,-0.00250
2.8120,0.03016,-0.00625,-0.00250
2.8120,0.02998,-0.00624,-0.00251
2.8200,0.03002,-0.00629,-0.00251
2.8280,0.03006,-0.00633,-0.00251
2.8320,0.03007,-0.00635,-0.00251
2.8360,0.03007,-0.00635,-0.00251
2.8400,0.03011,-0.00640,-0.00252
2.8440,0.03021,-0.00659,-0.00253
2.8480,0.02979,-0.00647,-0.00250
2.8520,0.02939,-0.00636,-0.00246
2.8560,0.02897,-0.00624,-0.00242
2.8600,0.02855,-0.00612,-0.00239
2.8640,0.02813,-0.00601,-0.00236
2.8720,0.02772,-0.00589,-0.00232
2.8720,0.02729,-0.00577,-0.00229
2.8840,0.02690,-0.00567,-0.00224
2.8880,0.02648,-0.00555,-0.00221
2.8880,0.02605,-0.00543,-0.00218
2.9000,0.02566,-0.00533,-0.00213
2.9040,0.02525,-0.00521,-0.00210
2.9080,0.02483,-0.00510,-0.00207
2.9080,0.02441,-0.00498,-0.00204
2.9160,0.02399,-0.00487,-0.00201
2.9200,0.02400,-0.00488,-0.00200
2.9240,0.02401,-0.00488,-0.00200
2.9320,0.02404,-0.00489,-0.00200
2.9360,0.02404,-0.00489,-0.00200
2.9360,0.02406,-0.00490,-0.00200
2.9440,0.02407,-0.00490,-0.00200
2.9480,0.02419,-0.00486,-0.00207
2.9520,0.02449,-0.00491,-0.00211
2.9600,0.02479,-0.00497,-0.00215
2.9680,0.02508,-0.00502,-0.00220
2.9720,0.02538,-0.00507,-0.00224
2.9760,0.02567,-0.00512,-0.00228
2.9800,0.02596,-0.00518,-0.00231
2.9840,0.02625,-0.00523,-0.00235
2.9880,0.02654,-0.00528,-0.00239
2.9920,0.02683,-0.00533,-0.00243
3.0000,0.02713,-0.00539,-0.00247
3.0040,0.02742,-0.00543,-0.00250
3.0080,0.02771,-0.00549,-0.00253
3.0120,0.02800,-0.00554,-0.00257
3.0160,0.02829,-0.00559,-0.00260
3.0200,0.02858,-0.00564,-0.00262
3.0240,0.02859,-0.00565,-0.00262
3.0280,0.02859,-0.00565,-0.00262
3.0320,0.02859,-0.00566,-0.00262
3.0360,0.02859,-0.00566,-0.00262
3.0440,0.02864,-0.00572,-0.00261
3.0480,0.02874,-0.00572,-0.00263
3.0520,0.02884,-0.00572,-0.00264
3.0560,0.02895,-0.00572,-0.00266
3.0600,0.02905,-0.00572,-0.00267
3.0640,0.02915,-0.00572,-0.00269
3.0680,0.02926,-0.00572,-0.00270
3.0720,0.02936,-0.00572,-0.00272
3.0760,0.02946,-0.00572,-0.00273
3.0800,0.02956,-0.00572,-0.00275
3.0840,0.02966,-0.00571,-0.00276
3.0880,0.02976,-0.00571,-0.00278
3.0920,0.02986,-0.00570,-0.00280
3.0960,0.02995,-0.00570,-0.00281
3.1000,0.03005,-0.00569,-0.00283
3.1040,0.03015,-0.00569,-0.00285
3.1080,0.03015,-0.00568,-0.00286
3.1120,0.03016,-0.00568,-0.00287
3.1160,0.03017,-0.00568,-0.00288
3.1200,0.03017,-0.00568,-0.00288
3.1240,0.03017,-0.00568,-0.00289
3.1280,0.03018,-0.00569,-0.00290
3.1320,0.03018,-0.00569,-0.00290
3.1360,0.03018,-0.00569,-0.00291
3.1400,0.03019,-0.00570,-0.00291
3.1440,0.03019,-0.00570,-0.00291
3.1440,0.03019,-0.00576,-0.00288
3.1520,0.02958,-0.00540,-0.00287
3.1560,0.02897,-0.00505,-0.00285
3.1600,0.02837,-0.00469,-0.00284
3.1640,0.02776,-0.00434,-0.00283
3.1720,0.02715,-0.00397,-0.00282
3.1760,0.02654,-0.00362,-0.00281
3.1840,0.02594,-0.00326,-0.00280
3.1880,0.02534,-0.00290,-0.00279
3.1920,0.02473,-0.00254,-0.00278
3.1960,0.02412,-0.00219,-0.00277
3.2000,0.02352,-0.00183,-0.00276
3.2080,0.02291,-0.00146,-0.00276
3.2120,0.02230,-0.00111,-0.00274
3.2160,0.02169,-0.00074,-0.00274
3.2200,0.02108,-0.00037,-0.00273
3.2240,0.02108,-0.00036,-0.00274
3.2280,0.02107,-0.00034,-0.00275
3.2360,0.02106,-0.00031,-0.00276
3.2440,0.02105,-0.00030,-0.00277
3.2480,0.02094,-0.00018,-0.00280
3.2520,0.02071,-0.00004,-0.00274
3.2560,0.02049,0.00010,-0.00267
3.2600,0.02026,0.00024,-0.00261
3.2680,0.02003,0.00038,-0.00255
3.2720,0.01979,0.00052,-0.00249
3.2800,0.01954,0.00065,-0.00244
3.2840,0.01930,0.00079,-0.00238
3.2880,0.01907,0.00093,-0.00231
3.2920,0.01883,0.00107,-0.00225
3.2960,0.01859,0.00121,-0.00219
3.3000,0.01834,0.00135,-0.00213
3.3040,0.01813,0.00149,-0.00207
3.3080,0.01786,0.00164,-0.00201
3.3120,0.01761,0.00178,-0.00195
3.3200,0.01733,0.00192,-0.00190
3.3240,0.01730,0.00192,-0.00191
3.3280,0.01727,0.00192,-0.00191
3.3320,0.01723,0.00192,-0.00192
3.3360,0.01720,0.00191,-0.00193
3.3360,0.01720,0.00191,-0.00193
3.3440,0.01713,0.00191,-0.00195
3.3480,0.01710,0.00190,-0.00195
3.3520,0.01706,0.00189,-0.00195
3.3560,0.01702,0.00188,-0.00196
3.3600,0.01698,0.00188,-0.00196
3.3680,0.01689,0.00186,-0.00197
3.3720,0.01685,0.00185,-0.00197
3.3760,0.01680,0.00184,-0.00197
3.3800,0.01675,0.00183,-0.00196
3.3840,0.01608,0.00165,-0.00186
3.3880,0.01583,0.00145,-0.00188
3.3920,0.01558,0.00125,-0.00191
3.3960,0.01534,0.00106,-0.00193
3.4000,0.01509,0.00086,-0.00196
3.4040,0.01484,0.00067,-0.00199
3.4080,0.01459,0.00047,-0.00201
3.4120,0.01434,0.00027,-0.00204
3.4160,0.01409,0.00008,-0.00207
3.4200,0.01384,-0.00012,-0.00210
3.4240,0.01359,-0.00032,-0.00213
3.4320,0.01326,-0.00056,-0.00216
3.4360,0.01301,-0.00076,-0.00219
3.4440,0.01268,-0.00100,-0.00221
3.4480,0.01243,-0.00120,-0.00223
3.4520,0.01227,-0.00136,-0.00227
3.4560,0.01218,-0.00140,-0.00225
3.4600,0.01201,-0.00148,-0.00222
3.4640,0.01193,-0.00152,-0.00220
3.4720,0.01176,-0.00162,-0.00217
3.4720,0.01168,-0.00166,-0.00216
3.4800,0.01159,-0.00171,-0.00214
3.4840,0.01159,-0.00171,-0.00214
3.4880,0.01142,-0.00181,-0.00212
3.4920,0.01142,-0.00181,-0.00212
3.4960,0.01126,-0.00191,-0.00210
3.5040,0.01058,-0.00230,-0.00202
3.5080,0.01061,-0.00228,-0.00203
3.5080,0.01056,-0.00231,-0.00202
3.5160,0.01041,-0.00239,-0.00201
3.5200,0.01036,-0.00242,-0.00201
3.5240,0.01030,-0.00245,-0.00201
3.5280,0.01024,-0.00248,-0.00200
3.5320,0.01019,-0.00251,-0.00200
3.5400,0.01004,-0.00259,-0.00199
3.5480,0.00990,-0.00267,-0.00198
3.5520,0.00984,-0.00270,-0.00197
3.5560,0.00978,-0.00273,-0.00197
3.5600,0.00973,-0.00276,-0.00197
3.5640,0.00967,-0.00279,-0.00196
3.5720,0.00961,-0.00282,-0.00196
3.5720,0.00955,-0.00286,-0.00196
3.5760,0.00946,-0.00291,-0.00195
3.5880,0.00919,-0.00308,-0.00192
3.5880,0.00919,-0.00308,-0.00192
3.5960,0.00900,-0.00320,-0.00190
3.6000,0.00890,-0.00326,-0.00189
3.6040,0.00806,-0.00382,-0.00180
3.6080,0.00838,-0.00367,-0.00180
3.6120,0.00876,-0.00346,-0.00180
3.6160,0.00902,-0.00335,-0.00179
3.6200,0.00934,-0.00320,-0.00178
3.6240,0.00966,-0.00305,-0.00178
3.6280,0.00997,-0.00289,-0.00177
3.6320,0.01029,-0.00274,-0.00177
3.6360,0.01061,-0.00259,-0.00177
3.6440,0.01085,-0.00249,-0.00176
3.6480,0.01117,-0.00234,-0.00176
3.6520,0.01148,-0.00218,-0.00175
3.6560,0.01179,-0.00203,-0.00175
3.6600,0.01211,-0.00188,-0.00174
3.6640,0.01242,-0.00173,-0.00173
3.6680,0.01274,-0.00158,-0.00172
3.6720,0.01267,-0.00163,-0.00172
3.6800,0.01255,-0.00174,-0.00170
3.6840,0.01249,-0.00179,-0.00170
3.6880,0.01242,-0.00184,-0.00169
3.6920,0.01236,-0.00189,-0.00169
3.7000,0.01189,-0.00228,-0.00165
3.7040,0.01186,-0.00231,-0.00164
3.7120,0.01176,-0.00239,-0.00163
3.7160,0.01172,-0.00242,-0.00162
3.7200,0.01168,-0.00245,-0.00162
3.7240,0.01165,-0.00248,-0.00161
3.7280,0.01161,-0.00251,-0.00161
3.7360,0.01151,-0.00258,-0.00159
3.7400,0.01148,-0.00261,-0.00159
3.7440,0.01145,-0.00263,-0.00158
3.7480,0.01147,-0.00262,-0.00159
3.7520,0.01138,-0.00269,-0.00157
3.7560,0.01135,-0.00271,-0.00156
3.7600,0.01131,-0.00273,-0.00155
3.7640,0.01134,-0.00271,-0.00155
3.7680,0.01125,-0.00277,-0.00153
3.7720,0.01119,-0.00281,-0.00152
3.7760,0.01119,-0.00281,-0.00152
3.7800,0.01108,-0.00289,-0.00150
3.7840,0.01102,-0.00292,-0.00148
3.7920,0.01090,-0.00299,-0.00146
3.7960,0.01084,-0.00303,-0.00144
3.8040,0.01072,-0.00311,-0.00140
3.8080,0.01007,-0.00350,-0.00114
3.8080,0.01041,-0.00337,-0.00115
3.8120,0.01080,-0.00320,-0.00118
3.8160,0.01110,-0.00311,-0.00116
3.8240,0.01144,-0.00298,-0.00116
3.8240,0.01183,-0.00281,-0.00120
3.8360,0.01208,-0.00276,-0.00114
3.8400,0.01242,-0.00263,-0.00115
3.8440,0.01276,-0.00251,-0.00115
3.8480,0.01310,-0.00239,-0.00115
3.8520,0.01345,-0.00227,-0.00115
3.8560,0.01379,-0.00215,-0.00115
3.8600,0.01414,-0.00203,-0.00115
3.8640,0.01448,-0.00191,-0.00115
3.8680,0.01482,-0.00180,-0.00115
3.8760,0.01511,-0.00173,-0.00112
3.8760,0.01511,-0.00173,-0.00112
3.8840,0.01501,-0.00183,-0.00106
3.8880,0.01496,-0.00187,-0.00102
3.8920,0.01491,-0.00193,-0.00099
3.9000,0.01480,-0.00203,-0.00092
3.9080,0.01431,-0.00251,-0.00057
3.9120,0.01440,-0.00243,-0.00053
3.9160,0.01450,-0.00236,-0.00050
3.9200,0.01459,-0.00229,-0.00046
3.9240,0.01468,-0.00222,-0.00042
3.9280,0.01477,-0.00214,-0.00039
3.9320,0.01487,-0.00207,-0.00035
3.9360,0.01496,-0.00199,-0.00031
3.9440,0.01502,-0.00195,-0.00024
3.9480,0.01512,-0.00188,-0.00021
3.9520,0.01521,-0.00180,-0.00017
3.9560,0.01531,-0.00173,-0.00013
3.9600,0.01541,-0.00166,-0.00009
3.9640,0.01553,-0.00154,-0.00009
3.9640,0.01563,-0.00147,-0.00005
3.9760,0.01570,-0.00144,0.00002
3.9800,0.01566,-0.00152,0.00009
3.9840,0.01566,-0.00152,0.00009
3.9880,0.01561,-0.00161,0.00017
3.9920,0.01561,-0.00161,0.00017
3.9960,0.01556,-0.00169,0.00025
4.0000,0.01554,-0.00174,0.00029
4.0040,0.01554,-0.00174,0.00029
4.0080,0.01548,-0.00182,0.00036
4.0080,0.01517,-0.00229,0.00071
4.0160,0.01506,-0.00220,0.00062
4.0200,0.01490,-0.00221,0.00058
4.0240,0.01477,-0.00217,0.00052
4.0280,0.01463,-0.00213,0.00046
4.0320,0.01449,-0.00209,0.00040
4.0360,0.01435,-0.00205,0.00033
4.0400,0.01421,-0.00201,0.00027
4.0400,0.01407,-0.00197,0.00021
4.0480,0.01393,-0.00193,0.00014
4.0520,0.01379,-0.00189,0.00008
4.0560,0.01365,-0.00185,0.00001
4.0640,0.01347,-0.00187,-0.00004
4.0680,0.01333,-0.00183,-0.00011
4.0720,0.01323,-0.00174,-0.00019
4.0760,0.01305,-0.00176,-0.00024
4.0800,0.01301,-0.00182,-0.00022
4.0840,0.01298,-0.00187,-0.00021
4.0880,0.01298,-0.00187,-0.00021
4.0920,0.01291,-0.00199,-0.00017
4.0960,0.01287,-0.00204,-0.00016
4.1000,0.01284,-0.00210,-0.00014
4.1040,0.01281,-0.00216,-0.00012
4.1120,0.01277,-0.00221,-0.00010
4.1160,0.01248,-0.00271,0.00005
4.1200,0.01243,-0.00266,-0.00000
4.1240,0.01242,-0.00258,-0.00007
4.1280,0.01241,-0.00249,-0.00013
4.1360,0.01236,-0.00244,-0.00019
4.1440,0.01230,-0.00239,-0.00025
4.1480,0.01229,-0.00230,-0.00031
4.1520,0.01227,-0.00221,-0.00038
4.1600,0.01222,-0.00216,-0.00043
4.1640,0.01220,-0.00207,-0.00050
4.1680,0.01219,-0.00198,-0.00056
4.1720,0.01218,-0.00190,-0.00062
4.1760,0.01220,-0.00177,-0.00070
4.1800,0.01215,-0.00172,-0.00075
4.1880,0.01211,-0.00167,-0.00080
4.1920,0.01210,-0.00158,-0.00086
4.1960,0.01206,-0.00161,-0.00084
4.2040,0.01199,-0.00169,-0.00081
4.2080,0.01196,-0.00173,-0.00079
4.2120,0.01192,-0.00178,-0.00077
4.2200,0.01185,-0.00186,-0.00074
4.2240,0.01182,-0.00190,-0.00072
4.2280,0.01178,-0.00194,-0.00070
4.2320,0.01174,-0.00198,-0.00068
4.2360,0.01170,-0.00202,-0.00067
4.2400,0.01167,-0.00207,-0.00065
4.2440,0.01127,-0.00246,-0.00046
4.2480,0.01131,-0.00216,-0.00048
4.2520,0.01132,-0.00188,-0.00050
4.2560,0.01131,-0.00161,-0.00049
4.2600,0.01132,-0.00132,-0.00050
4.2640,0.01133,-0.00104,-0.00052
4.2680,0.01135,-0.00076,-0.00053
4.2720,0.01136,-0.00048,-0.00055
4.2760,0.01137,-0.00020,-0.00056
4.2800,0.01138,0.00008,-0.00057
4.2840,0.01139,0.00036,-0.00059
4.2880,0.01140,0.00064,-0.00060
4.2920,0.01141,0.00092,-0.00061
4.2960,0.01142,0.00121,-0.00062
4.3040,0.01139,0.00147,-0.00062
4.3120,0.01137,0.00174,-0.00062
4.3160,0.01134,0.00173,-0.00061
4.3200,0.01134,0.00173,-0.00061
4.3240,0.01129,0.00170,-0.00058
4.3280,0.01126,0.00169,-0.00056
4.3360,0.01121,0.00167,-0.00052
4.3400,0.01119,0.00166,-0.00049
4.3400,0.01116,0.00166,-0.00047
4.3480,0.01114,0.00165,-0.00045
4.3520,0.01111,0.00164,-0.00043
4.3600,0.01089,0.00157,-0.00009
4.3640,0.01092,0.00157,-0.00011
4.3680,0.01095,0.00158,-0.00012
4.3720,0.01098,0.00158,-0.00013
4.3760,0.01101,0.00159,-0.00014
4.3760,0.01105,0.00161,-0.00018
4.3840,0.01107,0.00161,-0.00016
4.3880,0.01110,0.00161,-0.00018
4.3920,0.01113,0.00162,-0.00019
4.3960,0.01116,0.00162,-0.00021
4.4000,0.01119,0.00163,-0.00022
4.4040,0.01122,0.00163,-0.00024
4.4080,0.01125,0.00164,-0.00026
4.4120,0.01127,0.00164,-0.00028
4.4160,0.01130,0.00164,-0.00030
4.4200,0.01133,0.00165,-0.00032
4.4280,0.01132,0.00164,-0.00030
4.4360,0.01127,0.00160,-0.00026
4.4400,0.01125,0.00159,-0.00025
4.4480,0.01106,0.00152,-0.00017
4.4520,0.01109,0.00151,-0.00021
4.4560,0.01114,0.00150,-0.00025
4.4600,0.01119,0.00149,-0.00029
4.4640,0.01124,0.00148,-0.00034
4.4680,0.01129,0.00147,-0.00038
4.4720,0.01134,0.00146,-0.00042
4.4760,0.01139,0.00145,-0.00046
4.4800,0.01144,0.00144,-0.00051
4.4880,0.01150,0.00143,-0.00055
4.4920,0.01153,0.00142,-0.00058
4.5000,0.01157,0.00140,-0.00062
4.5040,0.01161,0.00139,-0.00066
4.5040,0.01166,0.00138,-0.00071
4.5120,0.01171,0.00137,-0.00075
4.5160,0.01177,0.00137,-0.00080
4.5200,0.01173,0.00135,-0.00078
4.5240,0.01173,0.00135,-0.00078
4.5280,0.01170,0.00133,-0.00076
4.5320,0.01168,0.00131,-0.00074
4.5360,0.01166,0.00130,-0.00073
4.5400,0.01165,0.00129,-0.00071
4.5440,0.01165,0.00129,-0.00071
4.5480,0.01151,0.00115,-0.00053
4.5520,0.01152,0.00119,-0.00057
4.5560,0.01154,0.00125,-0.00062
4.5600,0.01156,0.00130,-0.00067
4.5680,0.01156,0.00134,-0.00072
4.5720,0.01157,0.00139,-0.00077
4.5760,0.01158,0.00144,-0.00082
4.5840,0.01157,0.00147,-0.00087
4.5880,0.01158,0.00152,-0.00091
4.5920,0.01160,0.00157,-0.00096
4.6000,0.01159,0.00161,-0.00100
4.6040,0.01160,0.00165,-0.00105
4.6080,0.01162,0.00170,-0.00110
4.6160,0.01161,0.00174,-0.00113
4.6200,0.01162,0.00179,-0.00117
4.6240,0.01164,0.00184,-0.00121
4.6240,0.01164,0.00184,-0.00121
4.6320,0.01159,0.00181,-0.00117
4.6360,0.01159,0.00181,-0.00117
4.6400,0.01155,0.00179,-0.00114
4.6440,0.01152,0.00179,-0.00113
4.6480,0.01117,0.00175,-0.00088
4.6520,0.01118,0.00171,-0.00090
4.6560,0.01118,0.00166,-0.00092
4.6600,0.01119,0.00162,-0.00094
4.6680,0.01116,0.00157,-0.00096
4.6720,0.01116,0.00152,-0.00098
4.6760,0.01117,0.00148,-0.00101
4.6760,0.01117,0.00144,-0.00104
4.6840,0.01117,0.00140,-0.00107
4.6880,0.01117,0.00136,-0.00110
4.6920,0.01118,0.00131,-0.00113
4.6960,0.01118,0.00127,-0.00116
4.7000,0.01118,0.00123,-0.00118
4.7040,0.01119,0.00119,-0.00121
4.7080,0.01119,0.00115,-0.00124
4.7120,0.01120,0.00110,-0.00127
4.7160,0.01116,0.00109,-0.00126
4.7200,0.01113,0.00108,-0.00126
4.7240,0.01109,0.00107,-0.00126
4.7280,0.01106,0.00106,-0.00125
4.7320,0.01102,0.00105,-0.00125
4.7360,0.01099,0.00104,-0.00125
4.7400,0.01099,0.00104,-0.00125
4.7440,0.01095,0.00103,-0.00125
4.7480,0.01091,0.00102,-0.00125
4.7520,0.01043,0.00093,-0.00128
4.7560,0.01044,0.00090,-0.00132
4.7600,0.01045,0.00087,-0.00137
4.7640,0.01046,0.00083,-0.00142
4.7680,0.01046,0.00080,-0.00146
4.7760,0.01043,0.00075,-0.00150
4.7800,0.01044,0.00071,-0.00154
4.7840,0.01045,0.00068,-0.00158
4.7880,0.01046,0.00064,-0.00162
4.7920,0.01048,0.00061,-0.00166
4.8000,0.01045,0.00056,-0.00169
4.8040,0.01046,0.00052,-0.00173
4.8080,0.01047,0.00048,-0.00177
4.8120,0.01048,0.00044,-0.00181
4.8160,0.01049,0.00041,-0.00186
4.8200,0.01050,0.00037,-0.00190
4.8240,0.01046,0.00035,-0.00189
4.8280,0.01041,0.00033,-0.00189
4.8320,0.01037,0.00031,-0.00189
4.8360,0.01033,0.00029,-0.00189
4.8400,0.01029,0.00028,-0.00188
4.8440,0.01025,0.00026,-0.00188
4.8480,0.00976,0.00007,-0.00181
4.8520,0.00984,0.00005,-0.00177
4.8520,0.00994,0.00004,-0.00176
4.8600,0.00999,0.00000,-0.00169
4.8680,0.01004,-0.00004,-0.00163
4.8760,0.01008,-0.00008,-0.00157
4.8800,0.01015,-0.00010,-0.00153
4.8840,0.01023,-0.00012,-0.00149
4.8880,0.01034,-0.00013,-0.00148
4.8920,0.01037,-0.00016,-0.00142
4.8960,0.01045,-0.00019,-0.00138
4.9000,0.01052,-0.00021,-0.00135
4.9080,0.01056,-0.00024,-0.00129
4.9160,0.01059,-0.00028,-0.00123
4.9200,0.01067,-0.00031,-0.00120
4.9240,0.01074,-0.00033,-0.00116
4.9280,0.01070,-0.00035,-0.00114
4.9320,0.01067,-0.00037,-0.00112
4.9360,0.01063,-0.00039,-0.00110
4.9400,0.01060,-0.00041,-0.00108
4.9480,0.01026,-0.00060,-0.00086
4.9520,0.01029,-0.00049,-0.00087
4.9560,0.01032,-0.00038,-0.00087
4.9600,0.01035,-0.00026,-0.00087
4.9640,0.01041,-0.00015,-0.00089
4.9680,0.01041,-0.00004,-0.00088
4.9720,0.01044,0.00008,-0.00088
4.9760,0.01047,0.00019,-0.00088
4.9800,0.01050,0.00031,-0.00089
4.9840,0.01053,0.00042,-0.00089
4.9880,0.01055,0.00054,-0.00090
4.9920,0.01058,0.00065,-0.00091
5.0000,0.01056,0.00077,-0.00091
5.0040,0.01062,0.00088,-0.00093
5.0080,0.01060,0.00100,-0.00093
5.0120,0.01062,0.00111,-0.00095
5.0160,0.01058,0.00111,-0.00094
5.0200,0.01053,0.00112,-0.00093
5.0240,0.01049,0.00112,-0.00092
5.0280,0.01045,0.00113,-0.00091
5.0360,0.01036,0.00114,-0.00089
5.0440,0.01026,0.00116,-0.00087
5.0480,0.01022,0.00117,-0.00086
5.0520,0.00969,0.00129,-0.00073
5.0560,0.00975,0.00135,-0.00077
5.0600,0.00981,0.00140,-0.00080
5.0680,0.00983,0.00147,-0.00083
5.0720,0.00989,0.00153,-0.00087
5.0800,0.00991,0.00159,-0.00090
5.0880,0.00992,0.00166,-0.00093
5.0920,0.00998,0.00171,-0.00096
5.0960,0.01004,0.00177,-0.00100
5.1000,0.01010,0.00182,-0.00103
5.1040,0.01016,0.00187,-0.00106
5.1080,0.01026,0.00192,-0.00110
5.1120,0.01032,0.00198,-0.00114
5.1160,0.01034,0.00204,-0.00116
5.1200,0.01040,0.00209,-0.00119
5.1240,0.01046,0.00215,-0.00122
5.1240,0.01042,0.00215,-0.00121
5.1360,0.01033,0.00217,-0.00119
5.1360,0.01029,0.00218,-0.00118
5.1440,0.01025,0.00218,-0.00117
5.1520,0.00975,0.00225,-0.00095
5.1560,0.00984,0.00227,-0.00089
5.1600,0.00994,0.00228,-0.00082
5.1680,0.01001,0.00229,-0.00072
5.1720,0.01014,0.00231,-0.00069
5.1760,0.01024,0.00232,-0.00063
5.1800,0.01034,0.00234,-0.00057
5.1840,0.01041,0.00235,-0.00047
5.1880,0.01051,0.00236,-0.00040
5.1880,0.01061,0.00237,-0.00034
5.1960,0.01070,0.00238,-0.00028
5.2000,0.01080,0.00240,-0.00022
5.2080,0.01086,0.00240,-0.00013
5.2120,0.01099,0.00242,-0.00010
5.2160,0.01105,0.00243,-0.00001
5.2200,0.01114,0.00244,0.00004
5.2240,0.01111,0.00243,0.00006
5.2280,0.01111,0.00243,0.00006
5.2360,0.01103,0.00239,0.00013
5.2400,0.01103,0.00239,0.00013
5.2440,0.01098,0.00237,0.00018
5.2480,0.01073,0.00222,0.00036
5.2520,0.01074,0.00219,0.00027
5.2560,0.01075,0.00217,0.00017
5.2600,0.01076,0.00214,0.00007
5.2640,0.01081,0.00213,-0.00002
5.2680,0.01078,0.00209,-0.00014
5.2720,0.01078,0.00206,-0.00024
5.2720,0.01083,0.00205,-0.00033
5.2800,0.01080,0.00201,-0.00044
5.2880,0.01076,0.00198,-0.00055
5.2960,0.01073,0.00195,-0.00065
5.3000,0.01073,0.00193,-0.00075
5.3040,0.01073,0.00191,-0.00084
5.3080,0.01073,0.00189,-0.00094
5.3160,0.01069,0.00187,-0.00104
5.3200,0.01069,0.00185,-0.00114
5.3280,0.01059,0.00183,-0.00115
5.3280,0.01059,0.00183,-0.00115
5.3320,0.01059,0.00183,-0.00115
5.3360,0.01050,0.00182,-0.00116
5.3440,0.01000,0.00172,-0.00123
5.3480,0.01003,0.00171,-0.00128
5.3520,0.01006,0.00169,-0.00133
5.3560,0.01009,0.00168,-0.00137
5.3600,0.01012,0.00166,-0.00142
5.3680,0.01014,0.00165,-0.00147
5.3720,0.01013,0.00163,-0.00153
5.3760,0.01016,0.00161,-0.00158
5.3840,0.01015,0.00159,-0.00164
5.3880,0.01018,0.00158,-0.00169
5.3920,0.01021,0.00157,-0.00173
5.3960,0.01028,0.00156,-0.00176
5.4000,0.01031,0.00155,-0.00180
5.4040,0.01034,0.00154,-0.00184
5.4080,0.01037,0.00153,-0.00188
5.4120,0.01035,0.00152,-0.00193
5.4120,0.01030,0.00151,-0.00194
5.4160,0.01030,0.00151,-0.00194
5.4240,0.01021,0.00151,-0.00196
5.4280,0.01016,0.00150,-0.00197
5.4320,0.01011,0.00150,-0.00198
5.4320,0.01011,0.00150,-0.00198
5.4400,0.01000,0.00149,-0.00201
5.4440,0.00995,0.00149,-0.00202
5.4480,0.00989,0.00149,-0.00203
5.4520,0.00984,0.00149,-0.00205
5.4560,0.00924,0.00152,-0.00219
5.4640,0.00927,0.00169,-0.00220
5.4720,0.00932,0.00184,-0.00219
5.4720,0.00941,0.00196,-0.00217
5.4800,0.00950,0.00209,-0.00215
5.4880,0.00955,0.00223,-0.00214
5.4920,0.00963,0.00235,-0.00212
5.5000,0.00969,0.00251,-0.00211
5.5040,0.00978,0.00263,-0.00209
5.5040,0.00990,0.00273,-0.00205
5.5120,0.00999,0.00286,-0.00204
5.5120,0.01009,0.00298,-0.00202
5.5200,0.01015,0.00314,-0.00202
5.5280,0.01022,0.00331,-0.00202
5.5360,0.01028,0.00346,-0.00203
5.5440,0.01034,0.00362,-0.00203
5.5440,0.01002,0.00392,-0.00227
5.5520,0.01004,0.00383,-0.00215
5.5560,0.01008,0.00374,-0.00205
5.5600,0.01012,0.00364,-0.00195
5.5680,0.01014,0.00355,-0.00182
5.5760,0.01016,0.00345,-0.00170
5.5800,0.01020,0.00335,-0.00160
5.5840,0.01024,0.00325,-0.00149
5.5880,0.01028,0.00315,-0.00138
5.5920,0.01035,0.00305,-0.00129
5.5960,0.01037,0.00295,-0.00117
5.6000,0.01041,0.00284,-0.00106
5.6040,0.01045,0.00274,-0.00095
5.6080,0.01052,0.00264,-0.00087
5.6120,0.01054,0.00254,-0.00074
5.6160,0.01058,0.00243,-0.00063
5.6200,0.01055,0.00242,-0.00060
5.6240,0.01053,0.00241,-0.00058
5.6280,0.01050,0.00241,-0.00056
5.6360,0.01045,0.00239,-0.00051
5.6440,0.01020,0.00227,-0.00026
5.6480,0.01021,0.00225,-0.00029
5.6520,0.01022,0.00224,-0.00032
5.6600,0.01020,0.00221,-0.00033
5.6680,0.01018,0.00218,-0.00035
5.6720,0.01019,0.00217,-0.00038
5.6760,0.01019,0.00215,-0.00041
5.6800,0.01020,0.00214,-0.00044
5.6840,0.01023,0.00215,-0.00049
5.6880,0.01020,0.00211,-0.00051
5.6920,0.01021,0.00210,-0.00055
5.6960,0.01021,0.00209,-0.00058
5.7040,0.01018,0.00205,-0.00061
5.7080,0.01018,0.00204,-0.00064
5.7120,0.01018,0.00202,-0.00068
5.7200,0.01015,0.00198,-0.00071
5.7240,0.01013,0.00196,-0.00070
5.7280,0.01009,0.00193,-0.00069
5.7360,0.01003,0.00188,-0.00067
5.7400,0.01000,0.00186,-0.00066
5.7440,0.00997,0.00184,-0.00065
5.7480,0.00963,0.00158,-0.00057
5.7520,0.00969,0.00170,-0.00059
5.7560,0.00978,0.00183,-0.00061
5.7600,0.00981,0.00195,-0.00063
5.7640,0.00987,0.00207,-0.00065
5.7680,0.00994,0.00219,-0.00067
5.7720,0.01000,0.00231,-0.00069
5.7760,0.01007,0.00243,-0.00072
5.7800,0.01013,0.00255,-0.00074
5.7840,0.01019,0.00267,-0.00076
5.7880,0.01026,0.00279,-0.00078
5.7880,0.01032,0.00291,-0.00080
5.7960,0.01039,0.00303,-0.00082
5.8000,0.01046,0.00316,-0.00084
5.8040,0.01052,0.00328,-0.00086
5.8080,0.01059,0.00341,-0.00088
5.8160,0.01054,0.00342,-0.00089
5.8200,0.01052,0.00342,-0.00089
5.8240,0.01050,0.00342,-0.00089
5.8280,0.01047,0.00342,-0.00090
5.8320,0.01045,0.00343,-0.00090
5.8360,0.01042,0.00343,-0.00090
5.8440,0.01020,0.00347,-0.00094
5.8480,0.01030,0.00354,-0.00090
5.8480,0.01041,0.00360,-0.00087
5.8560,0.01051,0.00368,-0.00081
5.8600,0.01061,0.00375,-0.00076
5.8640,0.01071,0.00382,-0.00071
5.8680,0.01082,0.00388,-0.00068
5.8720,0.01092,0.00395,-0.00063
5.8720,0.01103,0.00402,-0.00059
5.8800,0.01113,0.00409,-0.00054
5.8840,0.01121,0.00417,-0.00047
5.8880,0.01131,0.00424,-0.00042
5.8960,0.01140,0.00432,-0.00035
5.9000,0.01150,0.00439,-0.00029
5.9040,0.01159,0.00448,-0.00021
5.9120,0.01170,0.00453,-0.00018
5.9160,0.01168,0.00457,-0.00014
5.9200,0.01167,0.00458,-0.00012
5.9240,0.01166,0.00460,-0.00010
5.9280,0.01165,0.00461,-0.00007
5.9320,0.01164,0.00463,-0.00005
5.9360,0.01163,0.00465,-0.00003
5.9360,0.01163,0.00465,-0.00003
5.9440,0.01160,0.00469,0.00001
5.9480,0.01160,0.00471,0.00004
5.9520,0.01149,0.00497,0.00030
5.9560,0.01153,0.00489,0.00029
5.9600,0.01154,0.00479,0.00035
5.9640,0.01156,0.00469,0.00038
5.9640,0.01160,0.00461,0.00037
5.9680,0.01162,0.00452,0.00040
5.9720,0.01165,0.00442,0.00043
5.9760,0.01168,0.00433,0.00046
5.9840,0.01169,0.00424,0.00053
5.9920,0.01171,0.00415,0.00060
6.0000,0.01173,0.00406,0.00068
6.0040,0.01176,0.00397,0.00071
6.0080,0.01179,0.00389,0.00075
6.0120,0.01181,0.00380,0.00078
6.0160,0.01184,0.00372,0.00082
6.0200,0.01186,0.00364,0.00085
6.0240,0.01185,0.00364,0.00090
6.0280,0.01184,0.00364,0.00094
6.0320,0.01184,0.00364,0.00094
6.0360,0.01181,0.00364,0.00102
6.0400,0.01179,0.00365,0.00106
6.0440,0.01178,0.00365,0.00110
6.0440,0.01176,0.00365,0.00114
6.0520,0.01175,0.00365,0.00119
6.0560,0.01154,0.00367,0.00172
6.0640,0.01152,0.00361,0.00163
6.0680,0.01154,0.00356,0.00152
6.0720,0.01155,0.00352,0.00141
6.0800,0.01154,0.00347,0.00132
6.0880,0.01153,0.00341,0.00124
6.0920,0.01154,0.00337,0.00113
6.0960,0.01156,0.00333,0.00103
6.1000,0.01157,0.00328,0.00093
6.1040,0.01159,0.00324,0.00083
6.1040,0.01162,0.00321,0.00071
6.1120,0.01164,0.00316,0.00061
6.1160,0.01164,0.00310,0.00053
6.1240,0.01165,0.00305,0.00043
6.1240,0.01167,0.00300,0.00033
6.1320,0.01167,0.00294,0.00025
6.1360,0.01165,0.00293,0.00027
6.1360,0.01163,0.00291,0.00030
6.1440,0.01163,0.00291,0.00030
6.1440,0.01146,0.00275,0.00053
6.1520,0.01144,0.00288,0.00059
6.1600,0.01142,0.00301,0.00065
6.1640,0.01141,0.00314,0.00068
6.1680,0.01141,0.00326,0.00071
6.1760,0.01139,0.00340,0.00076
6.1760,0.01139,0.00353,0.00076
6.1840,0.01137,0.00366,0.00081
6.1880,0.01136,0.00379,0.00083
6.1920,0.01135,0.00393,0.00085
6.1920,0.01135,0.00405,0.00084
6.2000,0.01132,0.00419,0.00090
6.2040,0.01132,0.00432,0.00089
6.2080,0.01131,0.00445,0.00091
6.2120,0.01129,0.00459,0.00094
6.2160,0.01125,0.00473,0.00100
6.2160,0.01125,0.00473,0.00100
6.2240,0.01120,0.00475,0.00107
6.2280,0.01118,0.00476,0.00110
6.2320,0.01116,0.00477,0.00114
6.2360,0.01114,0.00477,0.00118
6.2440,0.01110,0.00479,0.00125
6.2480,0.01086,0.00485,0.00165
6.2520,0.01090,0.00485,0.00157
6.2600,0.01094,0.00484,0.00148
6.2640,0.01098,0.00483,0.00140
6.2680,0.01099,0.00482,0.00133
6.2760,0.01103,0.00482,0.00124
6.2800,0.01104,0.00480,0.00117
6.2840,0.01108,0.00480,0.00109
6.2880,0.01111,0.00479,0.00100
6.2920,0.01115,0.00478,0.00092
6.2960,0.01119,0.00478,0.00084
6.3000,0.01123,0.00477,0.00075
6.3040,0.01127,0.00476,0.00067
6.3080,0.01134,0.00477,0.00057
6.3120,0.01136,0.00475,0.00050
6.3160,0.01142,0.00475,0.00040
6.3200,0.01137,0.00473,0.00043
6.3240,0.01135,0.00472,0.00044
6.3280,0.01133,0.00471,0.00045
6.3360,0.01128,0.00468,0.00047
6.3400,0.01125,0.00467,0.00048
6.3440,0.01122,0.00466,0.00049
6.3520,0.01087,0.00455,0.00056
6.3560,0.01099,0.00461,0.00052
6.3600,0.01111,0.00466,0.00048
6.3680,0.01120,0.00474,0.00044
6.3760,0.01132,0.00480,0.00040
6.3800,0.01141,0.00488,0.00037
6.3840,0.01153,0.00494,0.00033
6.3880,0.01164,0.00500,0.00028
6.3920,0.01176,0.00506,0.00024
6.3960,0.01191,0.00509,0.00020
6.4000,0.01200,0.00518,0.00016
6.4040,0.01212,0.00524,0.00012
6.4080,0.01224,0.00531,0.00008
6.4120,0.01239,0.00534,0.00003
6.4160,0.01247,0.00544,-0.00001
6.4200,0.01262,0.00547,-0.00005
6.4240,0.01255,0.00554,-0.00006
6.4280,0.01252,0.00558,-0.00006
6.4320,0.01249,0.00561,-0.00005
6.4360,0.01245,0.00565,-0.00005
6.4440,0.01242,0.00569,-0.00005
6.4480,0.01239,0.00573,-0.00005
6.4520,0.01232,0.00580,-0.00005
6.4560,0.01228,0.00584,-0.00004
6.4600,0.01179,0.00635,0.00003
6.4640,0.01182,0.00632,0.00004
6.4720,0.01181,0.00630,0.00005
6.4760,0.01188,0.00627,0.00005
6.4800,0.01187,0.00626,0.00007
6.4840,0.01190,0.00623,0.00007
6.4920,0.01190,0.00622,0.00009
6.4960,0.01193,0.00620,0.00010
6.5040,0.01194,0.00620,0.00012
6.5080,0.01198,0.00618,0.00012
6.5120,0.01202,0.00616,0.00013
6.5120,0.01205,0.00614,0.00014
6.5200,0.01209,0.00612,0.00014
6.5280,0.01211,0.00611,0.00015
6.5360,0.01213,0.00611,0.00016
6.5400,0.01217,0.00609,0.00017
6.5440,0.01215,0.00610,0.00018
6.5480,0.01213,0.00610,0.00018
6.5560,0.01193,0.00620,0.00024
6.5560,0.01200,0.00621,0.00022
6.5680,0.01202,0.00624,0.00022
6.5720,0.01209,0.00624,0.00019
6.5760,0.01214,0.00626,0.00018
6.5800,0.01220,0.00627,0.00016
6.5840,0.01223,0.00629,0.00016
6.5880,0.01228,0.00631,0.00015
6.5920,0.01233,0.00633,0.00013
6.6000,0.01236,0.00635,0.00012
6.6040,0.01239,0.00638,0.00011
6.6120,0.01244,0.00639,0.00009
6.6160,0.01249,0.00641,0.00007
6.6200,0.01254,0.00642,0.00006
6.6240,0.01259,0.00644,0.00004
6.6320,0.01262,0.00646,0.00004
6.6360,0.01260,0.00647,0.00005
6.6400,0.01260,0.00647,0.00005
6.6440,0.01255,0.00649,0.00006
6.6480,0.01230,0.00658,0.00013
6.6520,0.01235,0.00649,0.00009
6.6560,0.01240,0.00640,0.00005
6.6600,0.01244,0.00631,0.00000
6.6640,0.01249,0.00622,-0.00004
6.6680,0.01253,0.00613,-0.00008
6.6720,0.01258,0.00604,-0.00013
6.6760,0.01266,0.00595,-0.00017
6.6800,0.01267,0.00586,-0.00021
6.6840,0.01271,0.00578,-0.00026
6.6920,0.01272,0.00568,-0.00029
6.7000,0.01273,0.00559,-0.00034
6.7040,0.01278,0.00550,-0.00038
6.7080,0.01283,0.00541,-0.00043
6.7120,0.01288,0.00532,-0.00048
6.7160,0.01292,0.00524,-0.00053
6.7200,0.01289,0.00524,-0.00053
6.7280,0.01282,0.00523,-0.00054
6.7320,0.01278,0.00523,-0.00054
6.7360,0.01274,0.00523,-0.00055
6.7400,0.01271,0.00523,-0.00055
6.7440,0.01271,0.00523,-0.00055
6.7440,0.01263,0.00522,-0.00056
6.7560,0.01209,0.00516,-0.00066
6.7640,0.01208,0.00509,-0.00070
6.7680,0.01210,0.00503,-0.00074
6.7720,0.01217,0.00500,-0.00076
6.7760,0.01220,0.00494,-0.00079
6.7800,0.01218,0.00486,-0.00084
6.7800,0.01221,0.00481,-0.00088
6.7880,0.01223,0.00475,-0.00092
6.7960,0.01226,0.00470,-0.00096
6.8000,0.01224,0.00462,-0.00101
6.8080,0.01223,0.00454,-0.00106
6.8160,0.01222,0.00447,-0.00111
6.8200,0.01224,0.00442,-0.00115
6.8240,0.01227,0.00436,-0.00118
6.8240,0.01229,0.00431,-0.00122
6.8360,0.01227,0.00425,-0.00127
6.8400,0.01196,0.00424,-0.00135
6.8440,0.01205,0.00431,-0.00131
6.8520,0.01213,0.00441,-0.00126
6.8520,0.01224,0.00445,-0.00121
6.8600,0.01233,0.00455,-0.00116
6.8680,0.01242,0.00464,-0.00110
6.8720,0.01251,0.00471,-0.00105
6.8720,0.01262,0.00474,-0.00100
6.8800,0.01271,0.00483,-0.00095
6.8840,0.01281,0.00489,-0.00090
6.8920,0.01290,0.00498,-0.00085
6.8960,0.01300,0.00504,-0.00080
6.9000,0.01310,0.00510,-0.00076
6.9040,0.01320,0.00516,-0.00071
6.9080,0.01330,0.00522,-0.00066
6.9120,0.01340,0.00529,-0.00061
6.9120,0.01339,0.00531,-0.00061
6.9200,0.01338,0.00534,-0.00061
6.9240,0.01337,0.00537,-0.00061
6.9240,0.01337,0.00537,-0.00061
6.9320,0.01336,0.00543,-0.00061
6.9400,0.01334,0.00549,-0.00062
6.9440,0.01328,0.00578,-0.00066
6.9480,0.01323,0.00561,-0.00075
6.9560,0.01314,0.00542,-0.00086
6.9600,0.01309,0.00524,-0.00095
6.9640,0.01303,0.00506,-0.00104
6.9720,0.01294,0.00487,-0.00116
6.9760,0.01289,0.00469,-0.00125
6.9800,0.01283,0.00452,-0.00135
6.9840,0.01278,0.00434,-0.00144
6.9880,0.01273,0.00417,-0.00153
6.9920,0.01267,0.00400,-0.00162
6.9960,0.01262,0.00383,-0.00171
7.0000,0.01256,0.00366,-0.00180
7.0040,0.01250,0.00349,-0.00189
7.0120,0.01241,0.00331,-0.00201
7.0160,0.01236,0.00314,-0.00210
7.0200,0.01232,0.00313,-0.00213
7.0280,0.01224,0.00312,-0.00219
7.0320,0.01221,0.00311,-0.00222
7.0360,0.01217,0.00310,-0.00226
7.0400,0.01183,0.00308,-0.00256
7.0480,0.01193,0.00321,-0.00253
7.0520,0.01205,0.00332,-0.00248
7.0560,0.01216,0.00344,-0.00243
7.0600,0.01227,0.00355,-0.00238
7.0640,0.01238,0.00366,-0.00233
7.0680,0.01250,0.00378,-0.00228
7.0720,0.01261,0.00390,-0.00223
7.0720,0.01274,0.00398,-0.00216
7.0840,0.01283,0.00416,-0.00216
7.0880,0.01294,0.00428,-0.00211
7.0920,0.01305,0.00439,-0.00206
7.0960,0.01317,0.00450,-0.00201
7.1000,0.01328,0.00461,-0.00197
7.1040,0.01340,0.00472,-0.00192
7.1120,0.01351,0.00483,-0.00187
7.1160,0.01349,0.00489,-0.00191
7.1200,0.01348,0.00492,-0.00193
7.1200,0.01348,0.00492,-0.00193
7.1280,0.01346,0.00498,-0.00197
7.1360,0.01345,0.00503,-0.00200
7.1400,0.01344,0.00506,-0.00202
7.1400,0.01344,0.00509,-0.00204
7.1480,0.01344,0.00509,-0.00204
7.1520,0.01344,0.00516,-0.00208
7.1560,0.01346,0.00556,-0.00228
7.1600,0.01354,0.00559,-0.00218
7.1640,0.01360,0.00559,-0.00209
7.1680,0.01364,0.00556,-0.00200
7.1720,0.01372,0.00559,-0.00191
7.1720,0.01377,0.00559,-0.00182
7.1800,0.01382,0.00556,-0.00173
7.1880,0.01390,0.00562,-0.00164
7.1920,0.01396,0.00563,-0.00155
7.2000,0.01404,0.00566,-0.00146
7.2040,0.01411,0.00566,-0.00137
7.2080,0.01417,0.00566,-0.00128
7.2160,0.01425,0.00569,-0.00120
7.2200,0.01432,0.00569,-0.00111
7.2280,0.01438,0.00570,-0.00102
7.2320,0.01446,0.00574,-0.00094
7.2360,0.01448,0.00577,-0.00094
7.2440,0.01451,0.00585,-0.00095
7.2440,0.01451,0.00585,-0.00095
7.2520,0.01454,0.00592,-0.00096
7.2560,0.01455,0.00595,-0.00096
7.2600,0.01455,0.00595,-0.00096
7.2680,0.01459,0.00607,-0.00098
7.2720,0.01461,0.00611,-0.00098
7.2720,0.01462,0.00615,-0.00099
7.2800,0.01469,0.00656,-0.00114
7.2840,0.01461,0.00644,-0.00122
7.2880,0.01454,0.00631,-0.00126
7.2920,0.01446,0.00618,-0.00137
7.2960,0.01438,0.00606,-0.00144
7.3040,0.01429,0.00593,-0.00155
7.3080,0.01420,0.00581,-0.00163
7.3120,0.01412,0.00568,-0.00171
7.3160,0.01404,0.00556,-0.00179
7.3200,0.01396,0.00543,-0.00187
7.3240,0.01387,0.00531,-0.00194
7.3280,0.01379,0.00518,-0.00202
7.3360,0.01369,0.00505,-0.00214
7.3400,0.01360,0.00492,-0.00222
7.3440,0.01352,0.00479,-0.00230
7.3480,0.01344,0.00466,-0.00238
7.3520,0.01342,0.00467,-0.00241
7.3560,0.01341,0.00467,-0.00245
7.3600,0.01339,0.00468,-0.00248
7.3680,0.01336,0.00468,-0.00255
7.3720,0.01336,0.00468,-0.00255
7.3760,0.01333,0.00468,-0.00262
7.3760,0.01333,0.00468,-0.00262
7.3840,0.01331,0.00469,-0.00268
7.3920,0.01330,0.00470,-0.00273
7.4000,0.01328,0.00471,-0.00278
7.4040,0.01328,0.00471,-0.00281
7.4080,0.01328,0.00482,-0.00295
7.4080,0.01336,0.00487,-0.00282
7.4160,0.01344,0.00491,-0.00269
7.4200,0.01352,0.00495,-0.00256
7.4240,0.01360,0.00499,-0.00242
7.4320,0.01370,0.00505,-0.00227
7.4360,0.01378,0.00509,-0.00214
7.4400,0.01387,0.00513,-0.00200
7.4440,0.01395,0.00517,-0.00187
7.4480,0.01403,0.00521,-0.00173
7.4520,0.01411,0.00525,-0.00160
7.4600,0.01421,0.00530,-0.00144
7.4640,0.01429,0.00534,-0.00131
7.4680,0.01437,0.00537,-0.00118
7.4720,0.01446,0.00541,-0.00104
7.4760,0.01454,0.00545,-0.00091
7.4800,0.01456,0.00546,-0.00090
7.4840,0.01458,0.00547,-0.00089
7.4880,0.01461,0.00548,-0.00088
7.4920,0.01463,0.00550,-0.00087
7.5000,0.01466,0.00553,-0.00085
7.5040,0.01468,0.00554,-0.00084
7.5120,0.01485,0.00569,-0.00085
7.5160,0.01476,0.00562,-0.00094
7.5160,0.01468,0.00556,-0.00100
7.5240,0.01459,0.00549,-0.00111
7.5320,0.01451,0.00543,-0.00122
7.5360,0.01443,0.00536,-0.00131
7.5400,0.01434,0.00530,-0.00140
7.5440,0.01425,0.00523,-0.00150
7.5520,0.01416,0.00516,-0.00161
7.5560,0.01407,0.00509,-0.00170
7.5600,0.01398,0.00502,-0.00179
7.5640,0.01389,0.00495,-0.00188
7.5720,0.01379,0.00488,-0.00199
7.5760,0.01370,0.00481,-0.00208
7.5800,0.01360,0.00475,-0.00217
7.5840,0.01351,0.00468,-0.00226
7.5880,0.01350,0.00468,-0.00228
7.5920,0.01350,0.00467,-0.00231
7.5960,0.01349,0.00467,-0.00233
7.6000,0.01348,0.00467,-0.00236
7.6040,0.01347,0.00467,-0.00239
7.6040,0.01346,0.00467,-0.00241
7.6080,0.01345,0.00466,-0.00244
7.6160,0.01345,0.00466,-0.00244
7.6160,0.01335,0.00464,-0.00277
7.6240,0.01330,0.00474,-0.00270
7.6280,0.01325,0.00483,-0.00263
7.6360,0.01320,0.00494,-0.00257
7.6400,0.01315,0.00503,-0.00250
7.6440,0.01310,0.00511,-0.00241
7.6480,0.01305,0.00521,-0.00235
7.6520,0.01300,0.00531,-0.00228
7.6560,0.01295,0.00540,-0.00221
7.6600,0.01290,0.00550,-0.00214
7.6640,0.01285,0.00559,-0.00207
7.6680,0.01279,0.00569,-0.00200
7.6760,0.01274,0.00580,-0.00195
7.6800,0.01268,0.00590,-0.00188
7.6840,0.01263,0.00599,-0.00182
7.6880,0.01257,0.00609,-0.00175
7.6920,0.01256,0.00610,-0.00176
7.6960,0.01256,0.00611,-0.00178
7.7000,0.01255,0.00612,-0.00180
7.7080,0.01255,0.00614,-0.00182
7.7120,0.01254,0.00615,-0.00183
7.7160,0.01252,0.00616,-0.00186
7.7200,0.01252,0.00617,-0.00187
7.7240,0.01251,0.00617,-0.00189
7.7320,0.01249,0.00619,-0.00192
7.7360,0.01249,0.00619,-0.00193
7.7400,0.01248,0.00620,-0.00195
7.7440,0.01241,0.00621,-0.00206
7.7520,0.01232,0.00615,-0.00196
7.7560,0.01224,0.00609,-0.00187
7.7600,0.01216,0.00602,-0.00178
7.7680,0.01207,0.00596,-0.00169
7.7720,0.01198,0.00590,-0.00159
7.7760,0.01189,0.00583,-0.00150
7.7800,0.01181,0.00577,-0.00141
7.7840,0.01172,0.00571,-0.00131
7.7880,0.01163,0.00564,-0.00122
7.7920,0.01155,0.00558,-0.00113
7.7960,0.01146,0.00552,-0.00104
7.8000,0.01138,0.00545,-0.00096
7.8040,0.01129,0.00539,-0.00087
7.8080,0.01120,0.00533,-0.00077
7.8160,0.01111,0.00528,-0.00067
7.8200,0.01111,0.00529,-0.00065
7.8240,0.01111,0.00529,-0.00065
7.8280,0.01111,0.00530,-0.00062
7.8360,0.01111,0.00537,-0.00057
7.8400,0.01105,0.00527,-0.00066
7.8440,0.01099,0.00518,-0.00075
7.8480,0.01092,0.00508,-0.00083
7.8520,0.01086,0.00499,-0.00092
7.8560,0.01080,0.00489,-0.00099
7.8600,0.01073,0.00479,-0.00109
7.8640,0.01068,0.00469,-0.00116
7.8680,0.01060,0.00460,-0.00125
7.8760,0.01054,0.00451,-0.00133
7.8800,0.01046,0.00441,-0.00142
7.8840,0.01039,0.00432,-0.00150
7.8880,0.01033,0.00421,-0.00158
7.8920,0.01026,0.00412,-0.00166
7.9000,0.01018,0.00403,-0.00175
7.9040,0.01011,0.00394,-0.00183
7.9120,0.01009,0.00396,-0.00184
7.9160,0.01008,0.00396,-0.00184
7.9240,0.01006,0.00398,-0.00185
7.9280,0.01005,0.00399,-0.00185
7.9320,0.01004,0.00400,-0.00186
7.9360,0.01003,0.00402,-0.00186
7.9400,0.01002,0.00403,-0.00187
7.9440,0.00990,0.00415,-0.00192
7.9480,0.00994,0.00414,-0.00190
7.9520,0.00994,0.00414,-0.00191
7.9560,0.00996,0.00413,-0.00190
7.9600,0.00998,0.00413,-0.00189
7.9680,0.00999,0.00413,-0.00188
7.9720,0.01000,0.00413,-0.00188
7.9760,0.01001,0.00412,-0.00187
7.9800,0.01003,0.00412,-0.00187
7.9840,0.01005,0.00411,-0.00186
7.9880,0.01008,0.00410,-0.00186
7.9960,0.01009,0.00409,-0.00187
8.0040,0.01011,0.00407,-0.00187
8.0080,0.01014,0.00406,-0.00187
8.0120,0.01016,0.00405,-0.00187
8.0120,0.01019,0.00404,-0.00187
8.0160,0.01018,0.00404,-0.00188
8.0240,0.01017,0.00404,-0.00192
8.0320,0.01015,0.00404,-0.00196
8.0400,0.01013,0.00403,-0.00199
8.0440,0.01012,0.00403,-0.00201
8.0480,0.01011,0.00402,-0.00203
8.0520,0.01010,0.00401,-0.00205
8.0600,0.00998,0.00393,-0.00224
8.0640,0.01005,0.00398,-0.00217
8.0680,0.01011,0.00403,-0.00209
8.0720,0.01018,0.00408,-0.00202
8.0760,0.01025,0.00412,-0.00195
8.0800,0.01032,0.00417,-0.00188
8.0840,0.01037,0.00422,-0.00180
8.0880,0.01045,0.00426,-0.00173
8.0920,0.01052,0.00431,-0.00166
8.1000,0.01060,0.00435,-0.00158
8.1040,0.01067,0.00440,-0.00150
8.1080,0.01075,0.00445,-0.00143
8.1120,0.01083,0.00450,-0.00136
8.1160,0.01090,0.00455,-0.00128
8.1200,0.01098,0.00460,-0.00121
8.1240,0.01106,0.00465,-0.00113
8.1280,0.01108,0.00465,-0.00113
8.1320,0.01110,0.00465,-0.00112
8.1360,0.01112,0.00466,-0.00112
8.1400,0.01134,0.00469,-0.00103
8.1440,0.01130,0.00464,-0.00102
8.1480,0.01125,0.00459,-0.00101
8.1520,0.01120,0.00454,-0.00101
8.1560,0.01115,0.00449,-0.00100
8.1600,0.01110,0.00444,-0.00099
8.1640,0.01105,0.00438,-0.00099
8.1720,0.01101,0.00432,-0.00098
8.1760,0.01097,0.00426,-0.00097
8.1800,0.01092,0.00421,-0.00097
8.1840,0.01087,0.00415,-0.00097
8.1880,0.01082,0.00410,-0.00097
8.1880,0.01077,0.00405,-0.00098
8.1960,0.01073,0.00399,-0.00098
8.2000,0.01068,0.00394,-0.00098
8.2040,0.01063,0.00389,-0.00098
8.2120,0.01065,0.00389,-0.00097
8.2160,0.01066,0.00388,-0.00097
8.2200,0.01067,0.00388,-0.00097
8.2240,0.01068,0.00388,-0.00097
8.2280,0.01069,0.00387,-0.00096
8.2360,0.01070,0.00386,-0.00095
8.2360,0.01070,0.00386,-0.00095
8.2400,0.01072,0.00384,-0.00094
8.2480,0.01079,0.00374,-0.00092
8.2520,0.01066,0.00376,-0.00096
8.2560,0.01053,0.00378,-0.00100
8.2600,0.01040,0.00381,-0.00104
8.2640,0.01027,0.00383,-0.00107
8.2680,0.01014,0.00386,-0.00111
8.2720,0.01001,0.00389,-0.00114
8.2760,0.00988,0.00391,-0.00117
8.2800,0.00973,0.00393,-0.00121
8.2840,0.00960,0.00395,-0.00125
8.2880,0.00947,0.00398,-0.00127
8.2960,0.00932,0.00399,-0.00132
8.3000,0.00919,0.00402,-0.00136
8.3080,0.00905,0.00404,-0.00141
8.3120,0.00891,0.00407,-0.00145
8.3160,0.00878,0.00409,-0.00149
8.3200,0.00877,0.00409,-0.00150
8.3240,0.00876,0.00409,-0.00151
8.3320,0.00875,0.00408,-0.00152
8.3360,0.00874,0.00408,-0.00153
8.3400,0.00864,0.00406,-0.00160
8.3480,0.00866,0.00407,-0.00159
8.3520,0.00868,0.00407,-0.00159
8.3560,0.00871,0.00407,-0.00158
8.3600,0.00873,0.00408,-0.00157
8.3640,0.00876,0.00408,-0.00155
8.3680,0.00879,0.00409,-0.00154
8.3760,0.00882,0.00410,-0.00153
8.3800,0.00885,0.00410,-0.00151
8.3840,0.00888,0.00411,-0.00149
8.3880,0.00891,0.00411,-0.00147
8.3920,0.00894,0.00412,-0.00145
8.3960,0.00897,0.00412,-0.00143
8.4040,0.00900,0.00413,-0.00141
8.4120,0.00903,0.00413,-0.00138
8.4160,0.00905,0.00413,-0.00135
8.4200,0.00905,0.00413,-0.00134
8.4240,0.00905,0.00413,-0.00133
8.4280,0.00905,0.00414,-0.00132
8.4360,0.00906,0.00414,-0.00129
8.4400,0.00906,0.00414,-0.00128
8.4440,0.00906,0.00414,-0.00127
8.4480,0.00906,0.00415,-0.00125
8.4520,0.00907,0.00419,-0.00101
8.4600,0.00915,0.00419,-0.00108
8.4680,0.00923,0.00420,-0.00116
8.4760,0.00931,0.00421,-0.00122
8.4760,0.00940,0.00422,-0.00129
8.4840,0.00947,0.00422,-0.00137
8.4880,0.00956,0.00423,-0.00144
8.4920,0.00964,0.00424,-0.00151
8.4960,0.00972,0.00424,-0.00158
8.5040,0.00980,0.00425,-0.00167
8.5080,0.00988,0.00426,-0.00174
8.5120,0.00997,0.00426,-0.00180
8.5200,0.01004,0.00427,-0.00189
8.5240,0.01012,0.00428,-0.00196
8.5240,0.01021,0.00429,-0.00202
8.5320,0.01028,0.00429,-0.00209
8.5360,0.01027,0.00430,-0.00209
8.5400,0.01025,0.00430,-0.00210
8.5440,0.01015,0.00431,-0.00205
8.5480,0.01033,0.00438,-0.00197
8.5520,0.01050,0.00444,-0.00190
8.5560,0.01071,0.00453,-0.00180
8.5600,0.01089,0.00461,-0.00172
8.5640,0.01107,0.00469,-0.00164
8.5680,0.01126,0.00476,-0.00156
8.5720,0.01145,0.00484,-0.00148
8.5800,0.01163,0.00492,-0.00140
8.5840,0.01183,0.00501,-0.00130
8.5880,0.01201,0.00509,-0.00122
8.5920,0.01219,0.00516,-0.00114
8.5960,0.01237,0.00524,-0.00106
8.6040,0.01255,0.00532,-0.00096
8.6080,0.01273,0.00539,-0.00088
8.6080,0.01289,0.00546,-0.00082
8.6120,0.01291,0.00547,-0.00079
8.6200,0.01292,0.00547,-0.00077
8.6240,0.01293,0.00548,-0.00075
8.6280,0.01294,0.00548,-0.00073
8.6320,0.01295,0.00549,-0.00072
8.6360,0.01295,0.00550,-0.00070
8.6400,0.01296,0.00550,-0.00068
8.6440,0.01297,0.00551,-0.00066
8.6480,0.01298,0.00552,-0.00065
8.6560,0.01299,0.00554,-0.00062
8.6600,0.01299,0.00554,-0.00062
8.6640,0.01301,0.00556,-0.00058
8.6720,0.01305,0.00575,-0.00051
8.6760,0.01308,0.00583,-0.00060
8.6800,0.01309,0.00590,-0.00070
8.6840,0.01311,0.00597,-0.00079
8.6880,0.01313,0.00604,-0.00088
8.6920,0.01315,0.00612,-0.00098
8.7000,0.01317,0.00623,-0.00107
8.7040,0.01319,0.00630,-0.00117
8.7080,0.01321,0.00637,-0.00126
8.7160,0.01323,0.00645,-0.00135
8.7200,0.01325,0.00656,-0.00145
8.7240,0.01327,0.00663,-0.00154
8.7280,0.01329,0.00671,-0.00162
8.7320,0.01331,0.00678,-0.00171
8.7360,0.01333,0.00686,-0.00180
8.7440,0.01335,0.00697,-0.00188
8.7480,0.01335,0.00697,-0.00188
8.7520,0.01334,0.00704,-0.00188
8.7560,0.01333,0.00708,-0.00188
8.7600,0.01333,0.00712,-0.00188
8.7680,0.01332,0.00719,-0.00188
8.7720,0.01332,0.00719,-0.00188
8.7720,0.01331,0.00723,-0.00189
8.7800,0.01329,0.00731,-0.00190
8.7840,0.01328,0.00735,-0.00190
8.7880,0.01328,0.00739,-0.00191
8.7920,0.01328,0.00739,-0.00191
8.7960,0.01325,0.00747,-0.00192
8.8000,0.01315,0.00778,-0.00199
8.8040,0.01312,0.00751,-0.00196
8.8080,0.01308,0.00725,-0.00194
8.8160,0.01304,0.00699,-0.00191
8.8200,0.01299,0.00674,-0.00188
8.8240,0.01295,0.00648,-0.00185
8.8280,0.01292,0.00622,-0.00182
8.8320,0.01288,0.00595,-0.00180
8.8360,0.01284,0.00569,-0.00177
8.8440,0.01279,0.00544,-0.00174
8.8480,0.01276,0.00517,-0.00171
8.8520,0.01271,0.00492,-0.00168
8.8560,0.01267,0.00466,-0.00166
8.8600,0.01263,0.00440,-0.00164
8.8680,0.01259,0.00415,-0.00161
8.8680,0.01255,0.00388,-0.00158
8.8760,0.01254,0.00388,-0.00158
8.8800,0.01253,0.00388,-0.00158
8.8840,0.01252,0.00389,-0.00157
8.8880,0.01251,0.00389,-0.00157
8.8960,0.01249,0.00390,-0.00156
8.9000,0.01241,0.00393,-0.00151
8.9040,0.01248,0.00401,-0.00152
8.9080,0.01254,0.00408,-0.00153
8.9080,0.01260,0.00416,-0.00154
8.9160,0.01266,0.00424,-0.00155
8.9200,0.01271,0.00435,-0.00156
8.9240,0.01277,0.00444,-0.00157
8.9320,0.01282,0.00455,-0.00159
8.9360,0.01288,0.00463,-0.00161
8.9440,0.01294,0.00472,-0.00163
8.9480,0.01299,0.00484,-0.00165
8.9520,0.01305,0.00493,-0.00167
8.9600,0.01310,0.00505,-0.00169
8.9680,0.01315,0.00518,-0.00171
8.9720,0.01321,0.00528,-0.00173
8.9760,0.01328,0.00534,-0.00174
8.9800,0.01327,0.00540,-0.00175
8.9880,0.01326,0.00547,-0.00177
8.9920,0.01325,0.00550,-0.00178
8.9960,0.01325,0.00553,-0.00179
9.0000,0.01324,0.00557,-0.00180
9.0040,0.01322,0.00593,-0.00191
9.0120,0.01325,0.00608,-0.00191
9.0160,0.01329,0.00623,-0.00190
9.0200,0.01332,0.00637,-0.00189
9.0240,0.01336,0.00652,-0.00188
9.0280,0.01340,0.00666,-0.00187
9.0360,0.01344,0.00685,-0.00187
9.0400,0.01348,0.00700,-0.00186
9.0480,0.01353,0.00718,-0.00185
9.0560,0.01357,0.00733,-0.00184
9.0600,0.01361,0.00751,-0.00182
9.0680,0.01365,0.00769,-0.00181
9.0720,0.01368,0.00782,-0.00179
9.0760,0.01371,0.00796,-0.00178
9.0800,0.01374,0.00809,-0.00176
9.0840,0.01378,0.00823,-0.00174
9.0880,0.01378,0.00826,-0.00174
9.0960,0.01379,0.00833,-0.00174
9.1000,0.01380,0.00836,-0.00174
9.1040,0.01381,0.00839,-0.00174
9.1080,0.01381,0.00842,-0.00174
9.1120,0.01390,0.00871,-0.00173
9.1160,0.01388,0.00857,-0.00175
9.1200,0.01386,0.00842,-0.00176
9.1240,0.01384,0.00827,-0.00177
9.1280,0.01382,0.00813,-0.00178
9.1320,0.01380,0.00799,-0.00179
9.1360,0.01379,0.00783,-0.00180
9.1400,0.01377,0.00769,-0.00181
9.1400,0.01374,0.00756,-0.00183
9.1480,0.01372,0.00741,-0.00185
9.1520,0.01370,0.00727,-0.00186
9.1560,0.01368,0.00713,-0.00187
9.1600,0.01365,0.00698,-0.00189
9.1640,0.01363,0.00684,-0.00190
9.1720,0.01361,0.00672,-0.00192
9.1760,0.01359,0.00658,-0.00193
9.1840,0.01357,0.00661,-0.00194
9.1880,0.01357,0.00663,-0.00194
9.1920,0.01356,0.00664,-0.00194
9.1960,0.01356,0.00666,-0.00195
9.2040,0.01354,0.00681,-0.00198
9.2080,0.01355,0.00671,-0.00193
9.2120,0.01355,0.00661,-0.00188
9.2120,0.01355,0.00651,-0.00182
9.2200,0.01356,0.00641,-0.00177
9.2240,0.01356,0.00631,-0.00171
9.2280,0.01356,0.00621,-0.00166
9.2360,0.01357,0.00614,-0.00159
9.2400,0.01356,0.00604,-0.00153
9.2440,0.01356,0.00591,-0.00149
9.2440,0.01356,0.00581,-0.00143
9.2520,0.01356,0.00574,-0.00136
9.2560,0.01356,0.00565,-0.00131
9.2560,0.01356,0.00556,-0.00125
9.2640,0.01356,0.00546,-0.00119
9.2680,0.01355,0.00534,-0.00115
9.2720,0.01356,0.00540,-0.00112
9.2760,0.01356,0.00544,-0.00111
9.2840,0.01356,0.00550,-0.00107
9.2880,0.01357,0.00554,-0.00105
9.2920,0.01357,0.00557,-0.00103
9.2960,0.01357,0.00561,-0.00102
9.3040,0.01359,0.00587,-0.00087
9.3080,0.01356,0.00590,-0.00090
9.3120,0.01354,0.00590,-0.00094
9.3160,0.01352,0.00589,-0.00098
9.3240,0.01349,0.00592,-0.00102
9.3240,0.01347,0.00592,-0.00106
9.3360,0.01344,0.00595,-0.00109
9.3400,0.01342,0.00594,-0.00113
9.3440,0.01341,0.00594,-0.00117
9.3480,0.01339,0.00594,-0.00122
9.3520,0.01337,0.00593,-0.00126
9.3560,0.01335,0.00593,-0.00130
9.3600,0.01333,0.00593,-0.00134
9.3640,0.01332,0.00589,-0.00139
9.3680,0.01329,0.00592,-0.00143
9.3720,0.01327,0.00592,-0.00147
9.3760,0.01327,0.00595,-0.00147
9.3800,0.01327,0.00595,-0.00147
9.3840,0.01326,0.00602,-0.00146
9.3880,0.01326,0.00606,-0.00145
9.3920,0.01326,0.00609,-0.00145
9.3960,0.01326,0.00612,-0.00144
9.4000,0.01326,0.00615,-0.00143
9.4040,0.01326,0.00618,-0.00142
9.4080,0.01329,0.00648,-0.00131
9.4120,0.01329,0.00643,-0.00133
9.4120,0.01330,0.00637,-0.00136
9.4200,0.01331,0.00635,-0.00138
9.4240,0.01331,0.00631,-0.00140
9.4240,0.01332,0.00625,-0.00142
9.4320,0.01332,0.00623,-0.00144
9.4360,0.01333,0.00619,-0.00146
9.4440,0.01335,0.00617,-0.00148
9.4480,0.01336,0.00613,-0.00151
9.4520,0.01337,0.00609,-0.00154
9.4560,0.01338,0.00605,-0.00157
9.4600,0.01339,0.00602,-0.00160
9.4640,0.01340,0.00598,-0.00163
9.4680,0.01341,0.00594,-0.00166
9.4760,0.01342,0.00590,-0.00169
9.4800,0.01343,0.00594,-0.00170
9.4840,0.01344,0.00597,-0.00170
9.4880,0.01344,0.00599,-0.00170
9.4960,0.01345,0.00603,-0.00171
9.5000,0.01346,0.00605,-0.00172
9.5080,0.01355,0.00621,-0.00169
9.5120,0.01353,0.00607,-0.00164
9.5160,0.01351,0.00593,-0.00155
9.5280,0.01348,0.00578,-0.00150
9.5320,0.01346,0.00564,-0.00142
9.5360,0.01344,0.00550,-0.00136
9.5400,0.01341,0.00536,-0.00130
9.5440,0.01338,0.00522,-0.00124
9.5480,0.01335,0.00508,-0.00118
9.5560,0.01332,0.00494,-0.00111
9.5600,0.01328,0.00479,-0.00106
9.5640,0.01325,0.00465,-0.00100
9.5720,0.01322,0.00451,-0.00092
9.5760,0.01319,0.00437,-0.00086
9.5800,0.01316,0.00423,-0.00080
9.5840,0.01312,0.00408,-0.00074
9.5880,0.01312,0.00408,-0.00072
9.5920,0.01312,0.00409,-0.00070
9.5960,0.01312,0.00409,-0.00068
9.6000,0.01312,0.00409,-0.00065
9.6040,0.01308,0.00411,-0.00045
9.6080,0.01307,0.00419,-0.00050
9.6120,0.01305,0.00428,-0.00055
9.6120,0.01304,0.00434,-0.00060
9.6240,0.01300,0.00446,-0.00063
9.6320,0.01298,0.00457,-0.00066
9.6400,0.01295,0.00467,-0.00070
9.6400,0.01293,0.00475,-0.00075
9.6480,0.01292,0.00484,-0.00080
9.6520,0.01290,0.00492,-0.00085
9.6560,0.01289,0.00500,-0.00090
9.6600,0.01287,0.00509,-0.00095
9.6680,0.01285,0.00519,-0.00099
9.6720,0.01284,0.00527,-0.00103
9.6760,0.01283,0.00536,-0.00108
9.6800,0.01282,0.00544,-0.00113
9.6840,0.01282,0.00546,-0.00112
9.6880,0.01281,0.00548,-0.00111
9.6880,0.01281,0.00548,-0.00111
9.6960,0.01281,0.00552,-0.00109
9.7000,0.01281,0.00555,-0.00107
9.7040,0.01280,0.00557,-0.00106
9.7080,0.01279,0.00559,-0.00105
9.7080,0.01279,0.00559,-0.00105
9.7160,0.01278,0.00561,-0.00103
9.7200,0.01274,0.00590,-0.00083
9.7240,0.01277,0.00599,-0.00078
9.7280,0.01280,0.00609,-0.00073
9.7320,0.01283,0.00618,-0.00068
9.7400,0.01286,0.00631,-0.00061
9.7440,0.01289,0.00641,-0.00056
9.7480,0.01293,0.00651,-0.00051
9.7560,0.01297,0.00665,-0.00043
9.7600,0.01300,0.00675,-0.00038
9.7680,0.01305,0.00689,-0.00029
9.7720,0.01309,0.00698,-0.00023
9.7760,0.01312,0.00708,-0.00017
9.7800,0.01315,0.00717,-0.00011
9.7840,0.01319,0.00727,-0.00005
9.7920,0.01322,0.00740,0.00005
9.7960,0.01325,0.00750,0.00011
9.8040,0.01327,0.00783,0.00044
9.8080,0.01325,0.00785,0.00044
9.8120,0.01323,0.00787,0.00044
9.8160,0.01321,0.00789,0.00044
9.8200,0.01319,0.00791,0.00043
9.8240,0.01317,0.00793,0.00043
9.8280,0.01316,0.00790,0.00040
9.8360,0.01313,0.00801,0.00047
9.8400,0.01311,0.00803,0.00046
9.8440,0.01309,0.00805,0.00046
9.8480,0.01307,0.00807,0.00046
9.8520,0.01305,0.00809,0.00045
9.8560,0.01303,0.00811,0.00045
9.8600,0.01301,0.00812,0.00044
9.8680,0.01300,0.00814,0.00044
9.8680,0.01298,0.00816,0.00044
9.8760,0.01297,0.00825,0.00050
9.8800,0.01296,0.00829,0.00054
9.8840,0.01296,0.00834,0.00058
9.8880,0.01295,0.00838,0.00061
9.8960,0.01295,0.00847,0.00068
9.9000,0.01295,0.00852,0.00071
9.9040,0.01295,0.00857,0.00074
9.9040,0.01293,0.00903,0.00104
9.9120,0.01288,0.00883,0.00093
9.9160,0.01284,0.00863,0.00082
9.9200,0.01279,0.00843,0.00071
9.9240,0.01274,0.00823,0.00060
9.9280,0.01270,0.00803,0.00049
9.9360,0.01261,0.00785,0.00038
9.9360,0.01260,0.00764,0.00027
9.9440,0.01255,0.00744,0.00015
9.9480,0.01246,0.00725,0.00005
9.9520,0.01241,0.00706,-0.00007
9.9560,0.01236,0.00686,-0.00018
9.9600,0.01231,0.00666,-0.00029
9.9640,0.01226,0.00646,-0.00039
9.9680,0.01224,0.00625,-0.00051
9.9720,0.01214,0.00607,-0.00062
9.9760,0.01210,0.00608,-0.00061
9.9800,0.01206,0.00610,-0.00061
9.9840,0.01202,0.00612,-0.00061
9.9920,0.01193,0.00616,-0.00060
9.9960,0.01188,0.00617,-0.00060
10.0000,0.01184,0.00619,-0.00060
10.0040,0.01145,0.00632,-0.00062
10.0040,0.01151,0.00630,-0.00063
10.0120,0.01152,0.00630,-0.00065
10.0160,0.01150,0.00631,-0.00066
10.0200,0.01152,0.00630,-0.00067
10.0240,0.01154,0.00630,-0.00068
10.0280,0.01155,0.00629,-0.00070
10.0320,0.01157,0.00628,-0.00071
10.0360,0.01159,0.00627,-0.00072
10.0360,0.01160,0.00626,-0.00073
10.0440,0.01162,0.00624,-0.00074
10.0480,0.01164,0.00623,-0.00076
10.0520,0.01165,0.00622,-0.00077
10.0560,0.01167,0.00620,-0.00077
10.0600,0.01169,0.00618,-0.00078
10.0640,0.01171,0.00617,-0.00078
10.0680,0.01167,0.00617,-0.00078
10.0680,0.01163,0.00617,-0.00077
10.0760,0.01159,0.00618,-0.00076
10.0800,0.01155,0.00619,-0.00075
10.0840,0.01151,0.00620,-0.00074
10.0880,0.01147,0.00621,-0.00073
10.0920,0.01143,0.00621,-0.00072
10.0960,0.01139,0.00622,-0.00070
10.1000,0.01135,0.00623,-0.00069
10.1040,0.01097,0.00633,-0.00050
10.1120,0.01105,0.00641,-0.00043
10.1160,0.01110,0.00650,-0.00034
10.1200,0.01118,0.00657,-0.00027
10.1280,0.01123,0.00667,-0.00017
10.1320,0.01130,0.00675,-0.00010
10.1360,0.01138,0.00682,-0.00004
10.1440,0.01143,0.00692,0.00007
10.1480,0.01151,0.00699,0.00013
10.1520,0.01159,0.00707,0.00020
10.1560,0.01167,0.00715,0.00026
10.1640,0.01175,0.00723,0.00033
10.1680,0.01180,0.00733,0.00044
10.1680,0.01188,0.00741,0.00051
10.1760,0.01199,0.00747,0.00054
10.1800,0.01205,0.00757,0.00064
10.1840,0.01205,0.00757,0.00064
10.1920,0.01197,0.00764,0.00074
10.1960,0.01194,0.00767,0.00077
10.2000,0.01191,0.00770,0.00080
10.2040,0.01189,0.00772,0.00083
10.2040,0.01186,0.00775,0.00086
10.2080,0.01183,0.00777,0.00089
10.2160,0.01149,0.00809,0.00115
10.2240,0.01150,0.00816,0.00112
10.2280,0.01154,0.00820,0.00107
10.2320,0.01158,0.00823,0.00102
10.2360,0.01162,0.00827,0.00098
10.2400,0.01169,0.00827,0.00091
10.2400,0.01169,0.00834,0.00088
10.2480,0.01173,0.00837,0.00084
10.2520,0.01176,0.00841,0.00079
10.2560,0.01180,0.00844,0.00074
10.2600,0.01183,0.00848,0.00069
10.2640,0.01186,0.00852,0.00065
10.2680,0.01193,0.00852,0.00058
10.2680,0.01197,0.00856,0.00053
10.2720,0.01200,0.00860,0.00049
10.2800,0.01203,0.00864,0.00044
10.2840,0.01196,0.00872,0.00049
10.2880,0.01193,0.00876,0.00051
10.2920,0.01189,0.00880,0.00053
10.2960,0.01186,0.00883,0.00056
10.3040,0.01182,0.00887,0.00058
10.3080,0.01170,0.00896,0.00065
10.3120,0.01122,0.00920,0.00100
10.3200,0.01124,0.00899,0.00096
10.3240,0.01126,0.00878,0.00092
10.3240,0.01127,0.00857,0.00089
10.3360,0.01124,0.00834,0.00088
10.3400,0.01125,0.00812,0.00084
10.3480,0.01127,0.00791,0.00081
10.3520,0.01123,0.00767,0.00080
10.3560,0.01124,0.00746,0.00077
10.3600,0.01125,0.00725,0.00073
10.3640,0.01126,0.00703,0.00069
10.3680,0.01128,0.00682,0.00065
10.3680,0.01135,0.00664,0.00058
10.3760,0.01130,0.00640,0.00057
10.3800,0.01132,0.00618,0.00053
10.3880,0.01133,0.00596,0.00049
10.3880,0.01127,0.00593,0.00051
10.3920,0.01121,0.00589,0.00054
10.4000,0.01115,0.00585,0.00057
10.4040,0.01103,0.00577,0.00062
10.4120,0.01034,0.00530,0.00083
10.4200,0.01040,0.00534,0.00070
10.4240,0.01038,0.00534,0.00057
10.4320,0.01036,0.00535,0.00044
10.4360,0.01041,0.00539,0.00032
10.4360,0.01046,0.00543,0.00019
10.4440,0.01050,0.00547,0.00006
10.4480,0.01055,0.00550,-0.00006
10.4520,0.01059,0.00553,-0.00019
10.4560,0.01063,0.00556,-0.00031
10.4600,0.01068,0.00559,-0.00044
10.4680,0.01064,0.00559,-0.00058
10.4680,0.01069,0.00563,-0.00071
10.4760,0.01074,0.00566,-0.00083
10.4800,0.01086,0.00572,-0.00095
10.4840,0.01084,0.00573,-0.00110
10.4880,0.01077,0.00570,-0.00111
10.4960,0.01063,0.00565,-0.00114
10.5000,0.01018,0.00549,-0.00125
10.5000,0.01035,0.00549,-0.00117
10.5080,0.01049,0.00550,-0.00106
10.5120,0.01066,0.00549,-0.00098
10.5160,0.01084,0.00549,-0.00090
10.5200,0.01101,0.00548,-0.00082
10.5240,0.01118,0.00547,-0.00074
10.5280,0.01136,0.00546,-0.00067
10.5320,0.01154,0.00545,-0.00059
10.5400,0.01169,0.00545,-0.00048
10.5400,0.01186,0.00543,-0.00040
10.5440,0.01207,0.00542,-0.00035
10.5520,0.01222,0.00541,-0.00024
10.5560,0.01239,0.00540,-0.00016
10.5600,0.01256,0.00538,-0.00007
10.5640,0.01273,0.00537,0.00001
10.5680,0.01270,0.00537,0.00004
10.5720,0.01267,0.00537,0.00007
10.5800,0.01263,0.00537,0.00010
10.5840,0.01257,0.00538,0.00017
10.5880,0.01254,0.00538,0.00020
10.5920,0.01250,0.00538,0.00023
10.6000,0.01225,0.00539,0.00045
10.6040,0.01228,0.00548,0.00041
10.6080,0.01227,0.00558,0.00038
10.6120,0.01230,0.00566,0.00034
10.6200,0.01229,0.00576,0.00030
10.6240,0.01232,0.00585,0.00025
10.6280,0.01235,0.00594,0.00020
10.6280,0.01242,0.00602,0.00015
10.6360,0.01241,0.00613,0.00011
10.6400,0.01244,0.00622,0.00007
10.6440,0.01248,0.00632,0.00003
10.6480,0.01251,0.00642,-0.00002
10.6560,0.01251,0.00653,-0.00005
10.6600,0.01254,0.00663,-0.00010
10.6640,0.01257,0.00672,-0.00014
10.6680,0.01261,0.00682,-0.00019
10.6720,0.01257,0.00684,-0.00018
10.6800,0.01250,0.00686,-0.00016
10.6840,0.01247,0.00688,-0.00016
10.6880,0.01243,0.00689,-0.00015
10.6920,0.01240,0.00691,-0.00014
10.6960,0.01236,0.00693,-0.00013
10.7000,0.01207,0.00706,-0.00006
10.7080,0.01209,0.00697,-0.00009
10.7120,0.01207,0.00688,-0.00012
10.7160,0.01213,0.00679,-0.00016
10.7200,0.01211,0.00670,-0.00019
10.7240,0.01213,0.00661,-0.00023
10.7320,0.01212,0.00653,-0.00025
10.7360,0.01214,0.00644,-0.00029
10.7440,0.01216,0.00635,-0.00032
10.7480,0.01215,0.00627,-0.00036
10.7520,0.01218,0.00618,-0.00039
10.7560,0.01220,0.00610,-0.00044
10.7600,0.01223,0.00601,-0.00048
10.7640,0.01225,0.00593,-0.00052
10.7680,0.01227,0.00584,-0.00056
10.7760,0.01229,0.00575,-0.00060
10.7800,0.01226,0.00576,-0.00060
10.7840,0.01219,0.00578,-0.00060
10.7920,0.01212,0.00580,-0.00060
10.8000,0.01205,0.00582,-0.00060
10.8080,0.01174,0.00591,-0.00061
10.8120,0.01180,0.00589,-0.00062
10.8160,0.01183,0.00587,-0.00061
10.8200,0.01189,0.00584,-0.00062
10.8240,0.01194,0.00582,-0.00062
10.8240,0.01202,0.00580,-0.00063
10.8320,0.01205,0.00577,-0.00063
10.8360,0.01210,0.00575,-0.00064
10.8400,0.01215,0.00573,-0.00065
10.8440,0.01220,0.00571,-0.00066
10.8480,0.01225,0.00569,-0.00066
10.8520,0.01229,0.00568,-0.00067
10.8520,0.01234,0.00566,-0.00068
10.8600,0.01238,0.00564,-0.00069
10.8640,0.01243,0.00562,-0.00069
10.8720,0.01244,0.00561,-0.00069
10.8760,0.01240,0.00562,-0.00069
10.8800,0.01236,0.00562,-0.00068
10.8840,0.01233,0.00562,-0.00068
10.8920,0.01225,0.00563,-0.00066
10.8960,0.01221,0.00563,-0.00066
10.9000,0.01217,0.00564,-0.00065
10.9040,0.01214,0.00564,-0.00064
10.9080,0.01214,0.00564,-0.00064
10.9120,0.01206,0.00565,-0.00063
10.9160,0.01163,0.00571,-0.00056
10.9200,0.01169,0.00584,-0.00055
10.9240,0.01175,0.00597,-0.00054
10.9280,0.01181,0.00610,-0.00053
10.9320,0.01187,0.00623,-0.00052
10.9400,0.01189,0.00638,-0.00050
10.9440,0.01195,0.00651,-0.00049
10.9520,0.01197,0.00667,-0.00047
10.9600,0.01202,0.00679,-0.00046
10.9640,0.01205,0.00695,-0.00044
10.9680,0.01210,0.00708,-0.00043
10.9680,0.01216,0.00721,-0.00042
10.9800,0.01219,0.00736,-0.00040
10.9840,0.01225,0.00749,-0.00039
10.9920,0.01229,0.00765,-0.00036
10.9920,0.01235,0.00778,-0.00035
11.0000,0.01233,0.00781,-0.00034
11.0040,0.01231,0.00784,-0.00033
11.0120,0.01210,0.00806,-0.00021
11.0200,0.01207,0.00787,-0.00024
11.0240,0.01209,0.00769,-0.00027
11.0280,0.01210,0.00752,-0.00031
11.0360,0.01207,0.00733,-0.00035
11.0440,0.01204,0.00714,-0.00038
11.0520,0.01206,0.00696,-0.00043
11.0560,0.01203,0.00677,-0.00047
11.0600,0.01204,0.00659,-0.00051
11.0720,0.01197,0.00638,-0.00056
11.0720,0.01171,0.00610,-0.00062
11.0760,0.01174,0.00608,-0.00071
11.0840,0.01173,0.00607,-0.00081
11.0880,0.01176,0.00606,-0.00089
11.0920,0.01180,0.00604,-0.00097
11.0960,0.01183,0.00603,-0.00106
11.1000,0.01187,0.00602,-0.00114
11.1040,0.01195,0.00601,-0.00120
11.1080,0.01195,0.00600,-0.00130
11.1080,0.01198,0.00598,-0.00139
11.1160,0.01206,0.00597,-0.00144
11.1200,0.01205,0.00596,-0.00155
11.1240,0.01208,0.00595,-0.00163
11.1320,0.01207,0.00594,-0.00174
11.1360,0.01210,0.00593,-0.00182
11.1400,0.01213,0.00591,-0.00190
11.1440,0.01208,0.00591,-0.00192
11.1480,0.01203,0.00592,-0.00194
11.1520,0.01198,0.00592,-0.00195
11.1560,0.01192,0.00592,-0.00197
11.1600,0.01187,0.00592,-0.00198
11.1680,0.01176,0.00592,-0.00201
11.1760,0.01170,0.00593,-0.00202
11.1800,0.01159,0.00593,-0.00204
11.1840,0.01153,0.00593,-0.00205
11.1880,0.01148,0.00593,-0.00207
11.1960,0.01137,0.00593,-0.00210
11.2000,0.01131,0.00593,-0.00211
11.2040,0.01087,0.00595,-0.00225
11.2080,0.01107,0.00587,-0.00213
11.2120,0.01127,0.00579,-0.00203
11.2120,0.01147,0.00571,-0.00191
11.2200,0.01167,0.00565,-0.00176
11.2240,0.01187,0.00558,-0.00164
11.2280,0.01206,0.00550,-0.00152
11.2360,0.01226,0.00544,-0.00139
11.2440,0.01246,0.00538,-0.00125
11.2480,0.01266,0.00530,-0.00113
11.2520,0.01285,0.00522,-0.00102
11.2560,0.01305,0.00514,-0.00092
11.2600,0.01325,0.00507,-0.00078
11.2640,0.01345,0.00498,-0.00068
11.2640,0.01364,0.00491,-0.00056
11.2720,0.01384,0.00485,-0.00043
11.2720,0.01383,0.00486,-0.00041
11.2800,0.01383,0.00488,-0.00040
11.2840,0.01383,0.00489,-0.00038
11.2880,0.01382,0.00491,-0.00037
11.2920,0.01382,0.00491,-0.00037
11.3000,0.01375,0.00501,-0.00030
11.3080,0.01373,0.00514,-0.00030
11.3120,0.01373,0.00526,-0.00030
11.3160,0.01375,0.00535,-0.00032
11.3200,0.01373,0.00549,-0.00032
11.3240,0.01372,0.00561,-0.00032
11.3320,0.01370,0.00575,-0.00032
11.3360,0.01370,0.00586,-0.00033
11.3440,0.01369,0.00598,-0.00033
11.3480,0.01367,0.00611,-0.00033
11.3520,0.01366,0.00622,-0.00034
11.3560,0.01368,0.00632,-0.00035
11.3600,0.01365,0.00645,-0.00035
11.3640,0.01365,0.00656,-0.00036
11.3720,0.01362,0.00668,-0.00035
11.3800,0.01359,0.00680,-0.00035
11.3840,0.01356,0.00681,-0.00034
11.3880,0.01354,0.00682,-0.00033
11.4000,0.01348,0.00686,-0.00030
11.4040,0.01333,0.00697,-0.00025
11.4080,0.01332,0.00692,-0.00024
11.4120,0.01332,0.00686,-0.00023
11.4200,0.01331,0.00682,-0.00022
11.4240,0.01331,0.00677,-0.00021
11.4280,0.01331,0.00671,-0.00021
11.4320,0.01330,0.00666,-0.00020
11.4360,0.01330,0.00660,-0.00019
11.4440,0.01329,0.00655,-0.00019
11.4480,0.01328,0.00651,-0.00017
11.4520,0.01327,0.00645,-0.00017
11.4560,0.01327,0.00640,-0.00017
11.4600,0.01327,0.00634,-0.00017
11.4640,0.01327,0.00629,-0.00018
11.4680,0.01326,0.00624,-0.00018
11.4760,0.01325,0.00621,-0.00019
11.4800,0.01324,0.00623,-0.00019
11.4840,0.01322,0.00624,-0.00019
11.4880,0.01321,0.00626,-0.00019
11.4920,0.01320,0.00628,-0.00020
11.5000,0.01308,0.00640,-0.00022
11.5040,0.01305,0.00635,-0.00025
11.5080,0.01302,0.00630,-0.00027
11.5120,0.01298,0.00625,-0.00030
11.5160,0.01295,0.00621,-0.00033
11.5200,0.01291,0.00616,-0.00036
11.5240,0.01288,0.00612,-0.00038
11.5280,0.01285,0.00608,-0.00041
11.5320,0.01282,0.00604,-0.00043
11.5360,0.01279,0.00600,-0.00045
11.5360,0.01277,0.00593,-0.00048
11.5440,0.01274,0.00590,-0.00050
11.5480,0.01271,0.00588,-0.00052
11.5520,0.01268,0.00584,-0.00054
11.5560,0.01265,0.00579,-0.00056
11.5640,0.01262,0.00577,-0.00057
11.5680,0.01262,0.00579,-0.00056
11.5720,0.01262,0.00582,-0.00055
11.5760,0.01262,0.00582,-0.00055
11.5840,0.01263,0.00588,-0.00051
11.5920,0.01264,0.00592,-0.00048
11.5960,0.01265,0.00594,-0.00047
11.6000,0.01273,0.00608,-0.00033
11.6040,0.01275,0.00607,-0.00032
11.6080,0.01278,0.00607,-0.00030
11.6160,0.01279,0.00604,-0.00027
11.6200,0.01281,0.00603,-0.00025
11.6280,0.01282,0.00600,-0.00021
11.6360,0.01284,0.00597,-0.00017
11.6400,0.01285,0.00596,-0.00015
11.6440,0.01287,0.00594,-0.00014
11.6480,0.01289,0.00592,-0.00012
11.6520,0.01291,0.00591,-0.00011
11.6560,0.01292,0.00589,-0.00009
11.6600,0.01294,0.00587,-0.00007
11.6680,0.01295,0.00584,-0.00003
11.6680,0.01298,0.00584,-0.00004
11.6720,0.01299,0.00582,-0.00002
11.6800,0.01297,0.00579,0.00003
11.6840,0.01296,0.00578,0.00006
11.6880,0.01294,0.00577,0.00009
11.6920,0.01293,0.00575,0.00011
11.7000,0.01290,0.00573,0.00017
11.7040,0.01288,0.00572,0.00019
11.7120,0.01259,0.00561,0.00046
11.7160,0.01258,0.00557,0.00039
11.7200,0.01258,0.00553,0.00032
11.7280,0.01257,0.00549,0.00025
11.7320,0.01257,0.00545,0.00018
11.7360,0.01252,0.00539,0.00013
11.7400,0.01255,0.00536,0.00004
11.7400,0.01254,0.00532,-0.00003
11.7440,0.01253,0.00528,-0.00009
11.7520,0.01247,0.00522,-0.00015
11.7560,0.01246,0.00517,-0.00021
11.7600,0.01245,0.00513,-0.00028
11.7640,0.01244,0.00508,-0.00035
11.7680,0.01247,0.00506,-0.00043
11.7720,0.01241,0.00499,-0.00049
11.7760,0.01240,0.00494,-0.00056
11.7800,0.01235,0.00492,-0.00054
11.7840,0.01230,0.00489,-0.00053
11.7880,0.01225,0.00487,-0.00051
11.7920,0.01220,0.00484,-0.00050
11.7960,0.01220,0.00484,-0.00050
11.8000,0.01211,0.00479,-0.00047
11.8040,0.01206,0.00477,-0.00045
11.8120,0.01163,0.00460,-0.00033
11.8160,0.01168,0.00471,-0.00038
11.8200,0.01176,0.00481,-0.00042
11.8240,0.01184,0.00492,-0.00047
11.8280,0.01193,0.00502,-0.00051
11.8320,0.01201,0.00512,-0.00056
11.8360,0.01212,0.00523,-0.00060
11.8400,0.01221,0.00533,-0.00065
11.8440,0.01227,0.00545,-0.00070
11.8440,0.01235,0.00556,-0.00074
11.8560,0.01244,0.00567,-0.00079
11.8600,0.01252,0.00579,-0.00084
11.8640,0.01260,0.00590,-0.00089
11.8720,0.01262,0.00603,-0.00096
11.8760,0.01270,0.00614,-0.00101
11.8800,0.01278,0.00624,-0.00106
11.8840,0.01275,0.00625,-0.00106
11.8880,0.01272,0.00625,-0.00107
11.8920,0.01270,0.00625,-0.00107
11.8960,0.01267,0.00626,-0.00108
11.9000,0.01264,0.00626,-0.00108
11.9040,0.01239,0.00627,-0.00112
11.9040,0.01243,0.00622,-0.00110
11.9120,0.01240,0.00614,-0.00106
11.9120,0.01240,0.00608,-0.00103
11.9200,0.01241,0.00601,-0.00100
11.9240,0.01241,0.00595,-0.00098
11.9240,0.01245,0.00590,-0.00096
11.9320,0.01245,0.00584,-0.00093
11.9360,0.01245,0.00577,-0.00091
11.9400,0.01242,0.00570,-0.00089
11.9440,0.01242,0.00564,-0.00086
11.9480,0.01242,0.00558,-0.00084
11.9520,0.01241,0.00551,-0.00083
11.9560,0.01241,0.00545,-0.00081
11.9600,0.01241,0.00539,-0.00079
11.9640,0.01241,0.00533,-0.00077
11.9680,0.01237,0.00531,-0.00077
11.9760,0.01229,0.00528,-0.00077
11.9800,0.01225,0.00527,-0.00078
11.9840,0.01222,0.00525,-0.00078
11.9920,0.01214,0.00522,-0.00079
11.9960,0.01210,0.00520,-0.00080
12.0040,0.01181,0.00512,-0.00085
12.0080,0.01185,0.00511,-0.00087
12.0120,0.01189,0.00510,-0.00088
12.0160,0.01193,0.00509,-0.00089
12.0200,0.01198,0.00508,-0.00090
12.0240,0.01202,0.00508,-0.00092
12.0280,0.01206,0.00507,-0.00093
12.0320,0.01210,0.00507,-0.00095
12.0400,0.01213,0.00508,-0.00097
12.0400,0.01219,0.00506,-0.00098
12.0480,0.01221,0.00506,-0.00101
12.0520,0.01225,0.00505,-0.00103
12.0560,0.01230,0.00504,-0.00105
12.0600,0.01234,0.00503,-0.00107
12.0680,0.01236,0.00504,-0.00110
12.0720,0.01241,0.00503,-0.00112
12.0760,0.01239,0.00505,-0.00113
12.0800,0.01236,0.00506,-0.00115
12.0840,0.01234,0.00508,-0.00116
12.0880,0.01232,0.00510,-0.00117
12.0920,0.01230,0.00512,-0.00118
12.0960,0.01227,0.00514,-0.00119
12.1000,0.01225,0.00516,-0.00120
12.1080,0.01220,0.00519,-0.00121
12.1120,0.01191,0.00542,-0.00129
12.1200,0.01200,0.00552,-0.00117
12.1240,0.01210,0.00559,-0.00105
12.1280,0.01220,0.00567,-0.00094
12.1360,0.01228,0.00577,-0.00082
12.1400,0.01239,0.00581,-0.00071
12.1480,0.01246,0.00594,-0.00059
12.1520,0.01256,0.00602,-0.00047
12.1560,0.01265,0.00609,-0.00035
12.1640,0.01274,0.00620,-0.00023
12.1720,0.01284,0.00627,-0.00011
12.1760,0.01293,0.00638,0.00001
12.1800,0.01303,0.00645,0.00013
12.1840,0.01314,0.00649,0.00024
12.1880,0.01323,0.00660,0.00037
12.1920,0.01333,0.00668,0.00049
12.1920,0.01333,0.00668,0.00049
12.2000,0.01331,0.00675,0.00050
12.2040,0.01331,0.00678,0.00051
12.2120,0.01319,0.00721,0.00058
12.2160,0.01317,0.00724,0.00054
12.2200,0.01317,0.00723,0.00050
12.2240,0.01313,0.00731,0.00046
12.2280,0.01313,0.00730,0.00043
12.2360,0.01308,0.00742,0.00039
12.2400,0.01306,0.00745,0.00035
12.2440,0.01303,0.00748,0.00031
12.2480,0.01301,0.00751,0.00028
12.2520,0.01299,0.00755,0.00024
12.2560,0.01297,0.00758,0.00020
12.2600,0.01295,0.00761,0.00017
12.2680,0.01291,0.00768,0.00013
12.2720,0.01288,0.00771,0.00010
12.2800,0.01284,0.00779,0.00008
12.2840,0.01282,0.00782,0.00005
12.2880,0.01280,0.00786,0.00006
12.2920,0.01277,0.00791,0.00006
12.3000,0.01273,0.00800,0.00008
12.3040,0.01256,0.00837,0.00021
12.3040,0.01254,0.00806,0.00020
12.3120,0.01252,0.00776,0.00019
12.3160,0.01251,0.00746,0.00018
12.3200,0.01249,0.00716,0.00017
12.3240,0.01247,0.00687,0.00016
12.3240,0.01245,0.00657,0.00015
12.3360,0.01242,0.00626,0.00016
12.3360,0.01241,0.00597,0.00014
12.3440,0.01238,0.00566,0.00015
12.3480,0.01235,0.00536,0.00015
12.3520,0.01233,0.00506,0.00014
12.3560,0.01230,0.00476,0.00014
12.3600,0.01228,0.00446,0.00014
12.3680,0.01224,0.00416,0.00016
12.3680,0.01223,0.00387,0.00013
12.3720,0.01221,0.00386,0.00015
12.3800,0.01218,0.00386,0.00019
12.3840,0.01216,0.00386,0.00021
12.3880,0.01214,0.00386,0.00023
12.3920,0.01212,0.00386,0.00025
12.3960,0.01211,0.00386,0.00027
12.4000,0.01197,0.00386,0.00043
12.4040,0.01202,0.00397,0.00044
12.4120,0.01205,0.00410,0.00046
12.4160,0.01211,0.00422,0.00047
12.4200,0.01216,0.00433,0.00048
12.4240,0.01221,0.00445,0.00049
12.4240,0.01227,0.00456,0.00048
12.4320,0.01231,0.00469,0.00050
12.4400,0.01235,0.00483,0.00053
12.4440,0.01241,0.00495,0.00054
12.4480,0.01247,0.00507,0.00056
12.4520,0.01252,0.00519,0.00057
12.4560,0.01258,0.00531,0.00058
12.4600,0.01264,0.00543,0.00060
12.4680,0.01269,0.00556,0.00064
12.4680,0.01274,0.00568,0.00065
12.4760,0.01274,0.00568,0.00065
12.4800,0.01273,0.00570,0.00070
12.4840,0.01272,0.00571,0.00072
12.4880,0.01272,0.00572,0.00074
12.4960,0.01271,0.00575,0.00079
12.5000,0.01271,0.00576,0.00082
12.5040,0.01271,0.00576,0.00082
12.5080,0.01267,0.00588,0.00097
12.5120,0.01271,0.00596,0.00078
12.5160,0.01274,0.00604,0.00060
12.5200,0.01278,0.00612,0.00041
12.5240,0.01282,0.00620,0.00023
12.5280,0.01285,0.00628,0.00004
12.5320,0.01289,0.00637,-0.00015
12.5360,0.01293,0.00645,-0.00034
12.5400,0.01296,0.00653,-0.00053
12.5440,0.01300,0.00661,-0.00072
12.5520,0.01302,0.00671,-0.00093
12.5560,0.01306,0.00678,-0.00111
12.5600,0.01309,0.00686,-0.00130
12.5680,0.01312,0.00696,-0.00150
12.5720,0.01315,0.00703,-0.00168
12.5760,0.01308,0.00726,-0.00194
12.5840,0.01309,0.00718,-0.00187
12.5880,0.01310,0.00709,-0.00181
12.5920,0.01312,0.00699,-0.00176
12.5960,0.01314,0.00690,-0.00170
12.6000,0.01317,0.00678,-0.00166
12.6040,0.01318,0.00671,-0.00159
12.6120,0.01320,0.00664,-0.00152
12.6160,0.01323,0.00654,-0.00145
12.6200,0.01325,0.00645,-0.00139
12.6240,0.01328,0.00638,-0.00131
12.6320,0.01330,0.00629,-0.00125
12.6360,0.01333,0.00620,-0.00119
12.6440,0.01335,0.00613,-0.00111
12.6480,0.01338,0.00604,-0.00105
12.6520,0.01340,0.00594,-0.00099
12.6560,0.01340,0.00597,-0.00098
12.6600,0.01339,0.00599,-0.00096
12.6680,0.01337,0.00603,-0.00092
12.6680,0.01337,0.00605,-0.00091
12.6720,0.01337,0.00605,-0.00091
12.6800,0.01335,0.00609,-0.00087
12.6840,0.01335,0.00612,-0.00086
12.6880,0.01334,0.00614,-0.00085
12.6920,0.01333,0.00616,-0.00084
12.7000,0.01331,0.00620,-0.00081
12.7040,0.01330,0.00623,-0.00080
12.7080,0.01318,0.00643,-0.00069
12.7120,0.01317,0.00625,-0.00067
12.7200,0.01314,0.00605,-0.00062
12.7280,0.01311,0.00585,-0.00057
12.7360,0.01308,0.00565,-0.00052
12.7400,0.01307,0.00547,-0.00050
12.7400,0.01307,0.00529,-0.00048
12.7480,0.01308,0.00514,-0.00049
12.7520,0.01305,0.00494,-0.00043
12.7600,0.01302,0.00474,-0.00038
12.7640,0.01301,0.00456,-0.00035
12.7680,0.01300,0.00439,-0.00033
12.7720,0.01299,0.00421,-0.00031
12.7760,0.01297,0.00404,-0.00029
12.7800,0.01296,0.00387,-0.00026
12.7840,0.01295,0.00370,-0.00024
12.7880,0.01293,0.00367,-0.00020
12.7880,0.01293,0.00367,-0.00020
12.7960,0.01287,0.00363,-0.00013
12.8000,0.01284,0.00361,-0.00009
12.8080,0.01254,0.00350,0.00026
12.8120,0.01255,0.00363,0.00016
12.8160,0.01255,0.00375,0.00006
12.8200,0.01256,0.00388,-0.00004
12.8280,0.01252,0.00402,-0.00013
12.8360,0.01248,0.00416,-0.00023
12.8440,0.01244,0.00430,-0.00032
12.8480,0.01244,0.00442,-0.00042
12.8520,0.01244,0.00454,-0.00051
12.8560,0.01244,0.00467,-0.00061
12.8600,0.01244,0.00479,-0.00070
12.8600,0.01248,0.00490,-0.00081
12.8680,0.01247,0.00502,-0.00090
12.8680,0.01243,0.00516,-0.00097
12.8800,0.01239,0.00529,-0.00104
12.8840,0.01239,0.00541,-0.00112
12.8920,0.01231,0.00544,-0.00108
12.8960,0.01227,0.00545,-0.00106
12.9040,0.01199,0.00552,-0.00086
12.9040,0.01207,0.00547,-0.00084
12.9080,0.01214,0.00542,-0.00079
12.9120,0.01221,0.00536,-0.00074
12.9200,0.01225,0.00530,-0.00066
12.9240,0.01232,0.00524,-0.00062
12.9280,0.01239,0.00519,-0.00057
12.9320,0.01245,0.00513,-0.00053
12.9360,0.01252,0.00508,-0.00048
12.9440,0.01259,0.00502,-0.00044
12.9520,0.01261,0.00495,-0.00034
12.9560,0.01268,0.00489,-0.00030
12.9600,0.01275,0.00483,-0.00025
12.9680,0.01281,0.00477,-0.00021
12.9720,0.01286,0.00469,-0.00014
12.9720,0.01295,0.00464,-0.00013
12.9800,0.01293,0.00463,-0.00010
12.9840,0.01290,0.00460,-0.00005
12.9880,0.01288,0.00459,-0.00002
12.9920,0.01287,0.00458,0.00001
13.0000,0.01280,0.00459,0.00018
13.0080,0.01282,0.00466,0.00015
13.0120,0.01284,0.00470,0.00010
13.0160,0.01286,0.00475,0.00006
13.0200,0.01288,0.00479,0.00002
13.0240,0.01290,0.00483,-0.00003
13.0280,0.01292,0.00487,-0.00007
13.0360,0.01293,0.00494,-0.00011
13.0360,0.01296,0.00496,-0.00017
13.0440,0.01296,0.00503,-0.00021
13.0480,0.01300,0.00504,-0.00026
13.0520,0.01299,0.00510,-0.00030
13.0560,0.01300,0.00514,-0.00034
13.0600,0.01302,0.00518,-0.00039
13.0640,0.01303,0.00522,-0.00044
13.0720,0.01301,0.00527,-0.00047
13.0760,0.01301,0.00527,-0.00047
13.0800,0.01295,0.00532,-0.00046
13.0840,0.01292,0.00534,-0.00045
13.0880,0.01292,0.00534,-0.00045
13.0920,0.01289,0.00536,-0.00044
13.0960,0.01284,0.00540,-0.00042
13.1000,0.01281,0.00543,-0.00041
13.1040,0.01278,0.00545,-0.00040
13.1080,0.01278,0.00545,-0.00040
13.1120,0.01272,0.00550,-0.00037
13.1160,0.01268,0.00553,-0.00036
13.1240,0.01261,0.00558,-0.00034
13.1320,0.01258,0.00561,-0.00033
13.1360,0.01251,0.00567,-0.00031
13.1400,0.01247,0.00570,-0.00030
13.1440,0.01216,0.00596,-0.00024
13.1520,0.01218,0.00589,-0.00030
13.1600,0.01211,0.00583,-0.00038
13.1680,0.01209,0.00577,-0.00046
13.1720,0.01211,0.00569,-0.00053
13.1800,0.01213,0.00562,-0.00059
13.1840,0.01210,0.00554,-0.00066
13.1880,0.01216,0.00546,-0.00073
13.1920,0.01213,0.00539,-0.00079
13.1960,0.01220,0.00531,-0.00086
13.2000,0.01216,0.00523,-0.00093
13.2080,0.01213,0.00516,-0.00101
13.2080,0.01214,0.00509,-0.00109
13.2120,0.01215,0.00502,-0.00117
13.2200,0.01217,0.00496,-0.00125
13.2240,0.01218,0.00489,-0.00133
13.2280,0.01213,0.00491,-0.00135
13.2320,0.01209,0.00493,-0.00136
13.2400,0.01200,0.00496,-0.00139
13.2440,0.01168,0.00519,-0.00157
13.2440,0.01178,0.00501,-0.00172
13.2520,0.01188,0.00483,-0.00186
13.2560,0.01199,0.00466,-0.00201
13.2600,0.01209,0.00448,-0.00216
13.2680,0.01220,0.00432,-0.00231
13.2720,0.01230,0.00415,-0.00246
13.2720,0.01240,0.00395,-0.00259
13.2800,0.01250,0.00378,-0.00274
13.2880,0.01261,0.00364,-0.00291
13.2960,0.01271,0.00348,-0.00307
13.3000,0.01281,0.00330,-0.00323
13.3040,0.01291,0.00311,-0.00338
13.3120,0.01301,0.00295,-0.00357
13.3160,0.01311,0.00276,-0.00373
13.3200,0.01321,0.00258,-0.00389
13.3240,0.01321,0.00259,-0.00392
13.3280,0.01321,0.00261,-0.00395
13.3320,0.01321,0.00262,-0.00398
13.3400,0.01324,0.00273,-0.00427
13.3440,0.01328,0.00276,-0.00425
13.3480,0.01332,0.00279,-0.00424
13.3560,0.01337,0.00282,-0.00424
13.3600,0.01340,0.00285,-0.00422
13.3640,0.01344,0.00288,-0.00421
13.3720,0.01349,0.00292,-0.00420
13.3800,0.01353,0.00296,-0.00419
13.3880,0.01359,0.00299,-0.00418
13.3920,0.01363,0.00302,-0.00417
13.4000,0.01369,0.00306,-0.00416
13.4040,0.01372,0.00308,-0.00413
13.4040,0.01376,0.00311,-0.00412
13.4120,0.01381,0.00315,-0.00412
13.4160,0.01385,0.00319,-0.00411
13.4200,0.01389,0.00322,-0.00409
13.4240,0.01390,0.00322,-0.00412
13.4360,0.01392,0.00323,-0.00414
13.4400,0.01393,0.00323,-0.00415
13.4440,0.01394,0.00323,-0.00417
13.4440,0.01408,0.00322,-0.00424
13.4560,0.01408,0.00319,-0.00424
13.4600,0.01407,0.00315,-0.00424
13.4640,0.01405,0.00311,-0.00424
13.4720,0.01406,0.00308,-0.00423
13.4720,0.01404,0.00303,-0.00423
13.4800,0.01403,0.00299,-0.00423
13.4840,0.01401,0.00294,-0.00423
13.4880,0.01400,0.00290,-0.00422
13.4920,0.01399,0.00286,-0.00422
13.4960,0.01397,0.00282,-0.00422
13.5000,0.01396,0.00278,-0.00421
13.5080,0.01395,0.00274,-0.00421
13.5080,0.01395,0.00271,-0.00420
13.5160,0.01398,0.00269,-0.00418
13.5200,0.01397,0.00266,-0.00417
13.5240,0.01402,0.00268,-0.00416
13.5280,0.01405,0.00270,-0.00414
13.5320,0.01409,0.00272,-0.00412
13.5400,0.01417,0.00276,-0.00409
13.5440,0.01421,0.00279,-0.00407
13.5480,0.01424,0.00281,-0.00405
13.5520,0.01473,0.00320,-0.00379
13.5600,0.01485,0.00359,-0.00370
13.5640,0.01486,0.00381,-0.00366
13.5680,0.01498,0.00420,-0.00357
13.5720,0.01504,0.00451,-0.00350
13.5760,0.01511,0.00482,-0.00344
13.5760,0.01512,0.00504,-0.00340
13.5840,0.01525,0.00544,-0.00330
13.5880,0.01532,0.00575,-0.00324
13.5880,0.01533,0.00597,-0.00319
13.6000,0.01546,0.00639,-0.00310
13.6040,0.01553,0.00672,-0.00303
13.6080,0.01567,0.00715,-0.00294
13.6120,0.01574,0.00749,-0.00287
13.6200,0.01587,0.00794,-0.00278
13.6280,0.01600,0.00840,-0.00268
13.6360,0.01613,0.00864,-0.00263
13.6440,0.01657,0.00961,-0.00245
13.6440,0.01633,0.00926,-0.00249
13.6520,0.01610,0.00892,-0.00254
13.6560,0.01586,0.00858,-0.00258
13.6600,0.01563,0.00824,-0.00262
13.6640,0.01539,0.00791,-0.00266
13.6680,0.01516,0.00757,-0.00271
13.6760,0.01493,0.00727,-0.00275
13.6800,0.01470,0.00695,-0.00279
13.6880,0.01448,0.00662,-0.00283
13.6920,0.01426,0.00635,-0.00287
13.7000,0.01404,0.00603,-0.00291
13.7040,0.01383,0.00576,-0.00296
13.7080,0.01362,0.00544,-0.00300
13.7120,0.01341,0.00513,-0.00305
13.7160,0.01320,0.00482,-0.00310
13.7200,0.01322,0.00487,-0.00310
13.7240,0.01324,0.00492,-0.00310
13.7280,0.01325,0.00498,-0.00310
13.7320,0.01327,0.00503,-0.00310
13.7400,0.01350,0.00556,-0.00317
13.7440,0.01356,0.00553,-0.00321
13.7480,0.01363,0.00549,-0.00326
13.7520,0.01369,0.00546,-0.00330
13.7560,0.01376,0.00543,-0.00335
13.7640,0.01386,0.00546,-0.00341
13.7680,0.01392,0.00543,-0.00346
13.7720,0.01398,0.00541,-0.00351
13.7800,0.01408,0.00544,-0.00357
13.7840,0.01415,0.00542,-0.00362
13.7880,0.01422,0.00540,-0.00366
13.7920,0.01428,0.00538,-0.00370
13.7920,0.01431,0.00530,-0.00373
13.8000,0.01442,0.00534,-0.00379
13.8040,0.01449,0.00532,-0.00383
13.8080,0.01457,0.00530,-0.00387
13.8160,0.01466,0.00541,-0.00389
13.8200,0.01470,0.00547,-0.00390
13.8240,0.01475,0.00552,-0.00392
13.8320,0.01485,0.00564,-0.00394
13.8400,0.01495,0.00575,-0.00397
13.8440,0.01500,0.00581,-0.00398
13.8480,0.01500,0.00581,-0.00398
13.8520,0.01510,0.00594,-0.00401
13.8560,0.01516,0.00600,-0.00402
13.8560,0.01516,0.00600,-0.00402
13.8640,0.01527,0.00613,-0.00404
13.8680,0.01565,0.00656,-0.00410
13.8720,0.01550,0.00634,-0.00404
13.8720,0.01535,0.00611,-0.00399
13.8800,0.01520,0.00589,-0.00393
13.8840,0.01505,0.00567,-0.00387
13.8880,0.01491,0.00545,-0.00380
13.8920,0.01476,0.00524,-0.00374
13.8960,0.01462,0.00503,-0.00368
13.9040,0.01449,0.00483,-0.00361
13.9040,0.01435,0.00463,-0.00354
13.9120,0.01421,0.00442,-0.00348
13.9200,0.01410,0.00424,-0.00340
13.9240,0.01396,0.00405,-0.00333
13.9280,0.01383,0.00385,-0.00327
13.9320,0.01369,0.00365,-0.00320
13.9360,0.01353,0.00343,-0.00315
13.9400,0.01359,0.00349,-0.00313
13.9440,0.01362,0.00353,-0.00312
13.9480,0.01365,0.00357,-0.00311
13.9520,0.01368,0.00361,-0.00309
13.9560,0.01368,0.00361,-0.00309
13.9600,0.01374,0.00369,-0.00307
13.9640,0.01377,0.00374,-0.00306
13.9680,0.01380,0.00378,-0.00304
13.9760,0.01386,0.00388,-0.00301
13.9800,0.01389,0.00393,-0.00300
13.9840,0.01392,0.00399,-0.00298
13.9880,0.01395,0.00404,-0.00297
13.9920,0.01399,0.00410,-0.00296
13.9960,0.01402,0.00416,-0.00294
14.0000,0.01406,0.00422,-0.00293
14.0040,0.01440,0.00482,-0.00281
14.0080,0.01435,0.00474,-0.00285
14.0120,0.01432,0.00471,-0.00288
14.0200,0.01434,0.00479,-0.00289
14.0280,0.01435,0.00483,-0.00291
14.0360,0.01435,0.00487,-0.00292
14.0440,0.01433,0.00486,-0.00295
14.0480,0.01433,0.00492,-0.00296
14.0560,0.01431,0.00491,-0.00299
14.0600,0.01430,0.00499,-0.00300
14.0640,0.01428,0.00499,-0.00303
14.0680,0.01425,0.00500,-0.00305
14.0720,0.01423,0.00500,-0.00308
14.0760,0.01421,0.00500,-0.00310
14.0800,0.01419,0.00501,-0.00312
14.0840,0.01417,0.00502,-0.00315
14.0880,0.01420,0.00510,-0.00313
14.0920,0.01423,0.00519,-0.00312
14.0960,0.01427,0.00529,-0.00310
14.1000,0.01455,0.00603,-0.00299
14.1040,0.01447,0.00586,-0.00303
14.1080,0.01438,0.00565,-0.00308
14.1080,0.01430,0.00548,-0.00312
14.1160,0.01423,0.00536,-0.00318
14.1200,0.01415,0.00520,-0.00322
14.1240,0.01408,0.00504,-0.00327
14.1280,0.01399,0.00483,-0.00331
14.1320,0.01393,0.00472,-0.00337
14.1360,0.01386,0.00456,-0.00342
14.1440,0.01378,0.00440,-0.00347
14.1480,0.01373,0.00430,-0.00352
14.1520,0.01366,0.00415,-0.00356
14.1560,0.01359,0.00400,-0.00360
14.1600,0.01352,0.00385,-0.00364
14.1680,0.01347,0.00375,-0.00368
14.1720,0.01349,0.00381,-0.00369
14.1760,0.01351,0.00388,-0.00369
14.1800,0.01353,0.00394,-0.00369
14.1840,0.01354,0.00401,-0.00369
14.1880,0.01356,0.00408,-0.00368
14.1920,0.01356,0.00408,-0.00368
14.1960,0.01359,0.00422,-0.00368
14.2000,0.01361,0.00429,-0.00367
14.2040,0.01371,0.00498,-0.00361
14.2080,0.01366,0.00483,-0.00361
14.2120,0.01361,0.00467,-0.00361
14.2160,0.01356,0.00452,-0.00361
14.2200,0.01352,0.00437,-0.00360
14.2240,0.01347,0.00422,-0.00360
14.2280,0.01342,0.00408,-0.00360
14.2360,0.01338,0.00396,-0.00359
14.2400,0.01333,0.00381,-0.00359
14.2400,0.01329,0.00366,-0.00359
14.2480,0.01325,0.00352,-0.00360
14.2520,0.01321,0.00338,-0.00360
14.2560,0.01317,0.00323,-0.00361
14.2640,0.01313,0.00309,-0.00361
14.2680,0.01309,0.00299,-0.00361
14.2720,0.01305,0.00285,-0.00362
14.2800,0.01307,0.00293,-0.00362
14.2880,0.01308,0.00301,-0.00361
14.2920,0.01308,0.00305,-0.00360
14.2960,0.01309,0.00310,-0.00360
14.3000,0.01309,0.00314,-0.00359
14.3040,0.01310,0.00355,-0.00348
14.3080,0.01312,0.00351,-0.00354
14.3120,0.01314,0.00346,-0.00359
14.3160,0.01317,0.00343,-0.00365
14.3200,0.01319,0.00339,-0.00370
14.3240,0.01322,0.00336,-0.00375
14.3280,0.01325,0.00332,-0.00381
14.3360,0.01329,0.00333,-0.00386
14.3400,0.01331,0.00325,-0.00391
14.3440,0.01335,0.00327,-0.00396
14.3480,0.01338,0.00324,-0.00402
14.3520,0.01341,0.00322,-0.00408
14.3560,0.01344,0.00320,-0.00413
14.3600,0.01348,0.00319,-0.00419
14.3680,0.01353,0.00323,-0.00426
14.3760,0.01359,0.00328,-0.00432
14.3800,0.01362,0.00334,-0.00433
14.3840,0.01364,0.00341,-0.00434
14.3920,0.01369,0.00354,-0.00435
14.3960,0.01372,0.00361,-0.00436
14.4000,0.01374,0.00368,-0.00437
14.4080,0.01401,0.00438,-0.00446
14.4120,0.01408,0.00450,-0.00440
14.4160,0.01408,0.00447,-0.00434
14.4200,0.01416,0.00460,-0.00428
14.4240,0.01420,0.00465,-0.00422
14.4280,0.01424,0.00471,-0.00416
14.4320,0.01428,0.00476,-0.00410
14.4360,0.01433,0.00482,-0.00404
14.4400,0.01437,0.00489,-0.00397
14.4400,0.01436,0.00486,-0.00391
14.4480,0.01441,0.00492,-0.00385
14.4520,0.01452,0.00508,-0.00377
14.4560,0.01457,0.00515,-0.00370
14.4600,0.01462,0.00523,-0.00363
14.4680,0.01473,0.00540,-0.00356
14.4720,0.01479,0.00549,-0.00349
14.4720,0.01485,0.00560,-0.00348
14.4800,0.01492,0.00571,-0.00347
14.4840,0.01499,0.00583,-0.00346
14.4880,0.01506,0.00594,-0.00345
14.4920,0.01513,0.00606,-0.00344
14.5000,0.01527,0.00631,-0.00342
14.5040,0.01534,0.00643,-0.00341
14.5080,0.01606,0.00769,-0.00332
14.5080,0.01585,0.00737,-0.00330
14.5160,0.01565,0.00704,-0.00328
14.5200,0.01546,0.00673,-0.00326
14.5240,0.01526,0.00641,-0.00325
14.5240,0.01506,0.00609,-0.00323
14.5360,0.01488,0.00579,-0.00320
14.5440,0.01469,0.00550,-0.00317
14.5520,0.01451,0.00522,-0.00314
14.5560,0.01432,0.00493,-0.00312
14.5600,0.01413,0.00463,-0.00309
14.5680,0.01396,0.00437,-0.00306
14.5720,0.01377,0.00408,-0.00304
14.5760,0.01358,0.00379,-0.00302
14.5800,0.01340,0.00350,-0.00299
14.5840,0.01321,0.00322,-0.00298
14.5880,0.01322,0.00327,-0.00299
14.5920,0.01324,0.00332,-0.00302
14.5960,0.01326,0.00338,-0.00304
14.6000,0.01327,0.00344,-0.00305
14.6080,0.01343,0.00410,-0.00332
14.6120,0.01339,0.00402,-0.00339
14.6160,0.01336,0.00394,-0.00345
14.6200,0.01332,0.00386,-0.00352
14.6240,0.01328,0.00379,-0.00359
14.6280,0.01325,0.00371,-0.00365
14.6360,0.01322,0.00369,-0.00375
14.6400,0.01318,0.00362,-0.00382
14.6440,0.01316,0.00361,-0.00391
14.6520,0.01312,0.00350,-0.00395
14.6560,0.01310,0.00349,-0.00404
14.6600,0.01308,0.00344,-0.00410
14.6680,0.01308,0.00344,-0.00419
14.6720,0.01304,0.00333,-0.00423
14.6720,0.01305,0.00334,-0.00431
14.6800,0.01303,0.00329,-0.00437
14.6800,0.01303,0.00329,-0.00437
14.6880,0.01309,0.00344,-0.00442
14.6920,0.01312,0.00351,-0.00445
14.7000,0.01319,0.00366,-0.00450
14.7080,0.01352,0.00422,-0.00464
14.7120,0.01341,0.00362,-0.00455
14.7160,0.01330,0.00302,-0.00446
14.7200,0.01318,0.00243,-0.00437
14.7240,0.01307,0.00184,-0.00428
14.7280,0.01296,0.00125,-0.00419
14.7320,0.01285,0.00066,-0.00410
14.7360,0.01274,0.00008,-0.00401
14.7440,0.01265,-0.00054,-0.00389
14.7480,0.01254,-0.00112,-0.00380
14.7520,0.01243,-0.00169,-0.00371
14.7560,0.01233,-0.00226,-0.00362
14.7640,0.01224,-0.00285,-0.00350
14.7680,0.01213,-0.00342,-0.00341
14.7720,0.01203,-0.00398,-0.00332
14.7800,0.01194,-0.00456,-0.00320
14.7840,0.01196,-0.00457,-0.00316
14.7920,0.01199,-0.00458,-0.00309
14.8000,0.01203,-0.00459,-0.00301
14.8040,0.01205,-0.00459,-0.00298
14.8080,0.01224,-0.00446,-0.00264
14.8120,0.01227,-0.00502,-0.00261
14.8160,0.01231,-0.00557,-0.00258
14.8200,0.01235,-0.00612,-0.00254
14.8240,0.01239,-0.00667,-0.00251
14.8240,0.01242,-0.00729,-0.00248
14.8360,0.01247,-0.00768,-0.00246
14.8360,0.01250,-0.00830,-0.00243
14.8440,0.01256,-0.00875,-0.00241
14.8480,0.01259,-0.00937,-0.00238
14.8520,0.01265,-0.00982,-0.00236
14.8560,0.01270,-0.01035,-0.00233
14.8600,0.01274,-0.01088,-0.00231
14.8640,0.01280,-0.01140,-0.00228
14.8680,0.01285,-0.01193,-0.00225
14.8760,0.01293,-0.01235,-0.00224
14.8800,0.01295,-0.01224,-0.00225
14.8840,0.01298,-0.01214,-0.00226
14.8880,0.01300,-0.01203,-0.00227
14.8920,0.01303,-0.01192,-0.00227
14.8960,0.01306,-0.01181,-0.00228
14.9000,0.01309,-0.01170,-0.00229
14.9040,0.01312,-0.01158,-0.00230
14.9080,0.01341,-0.01011,-0.00239
14.9160,0.01325,-0.00997,-0.00239
14.9200,0.01309,-0.00983,-0.00238
14.9240,0.01294,-0.00968,-0.00238
14.9280,0.01278,-0.00953,-0.00237
14.9360,0.01261,-0.00920,-0.00238
14.9440,0.01246,-0.00905,-0.00238
14.9480,0.01229,-0.00872,-0.00239
14.9520,0.01214,-0.00856,-0.00238
14.9560,0.01198,-0.00840,-0.00238
14.9640,0.01182,-0.00805,-0.00239
14.9680,0.01167,-0.00788,-0.00239
14.9720,0.01152,-0.00771,-0.00239
14.9760,0.01137,-0.00754,-0.00240
14.9800,0.01122,-0.00737,-0.00240
14.9840,0.01107,-0.00719,-0.00241
14.9880,0.01107,-0.00699,-0.00243
14.9880,0.01107,-0.00699,-0.00243
15.0000,0.01107,-0.00637,-0.00249
15.0040,0.01108,-0.00595,-0.00253
15.0080,0.01109,-0.00573,-0.00255
15.0160,0.01124,-0.00319,-0.00282
15.0200,0.01137,-0.00392,-0.00279
15.0240,0.01150,-0.00466,-0.00277
15.0320,0.01168,-0.00539,-0.00276
15.0360,0.01181,-0.00612,-0.00273
15.0400,0.01195,-0.00685,-0.00271
15.0440,0.01208,-0.00757,-0.00269
15.0440,0.01222,-0.00829,-0.00266
15.0520,0.01236,-0.00901,-0.00264
15.0560,0.01250,-0.00973,-0.00261
15.0600,0.01264,-0.01044,-0.00258
15.0720,0.01288,-0.01112,-0.00258
15.0800,0.01302,-0.01182,-0.00256
15.0800,0.01316,-0.01253,-0.00253
15.0840,0.01330,-0.01322,-0.00250
15.0880,0.01397,-0.01339,-0.00252
15.0920,0.01384,-0.01326,-0.00249
15.1000,0.01371,-0.01305,-0.00247
15.1040,0.01358,-0.01291,-0.00244
15.1080,0.01345,-0.01276,-0.00242
15.1120,0.01332,-0.01271,-0.00239
15.1120,0.01319,-0.01257,-0.00237
15.1200,0.01307,-0.01232,-0.00234
15.1240,0.01295,-0.01218,-0.00231
15.1320,0.01285,-0.01193,-0.00228
15.1360,0.01273,-0.01178,-0.00225
15.1400,0.01262,-0.01162,-0.00222
15.1480,0.01252,-0.01136,-0.00218
15.1560,0.01243,-0.01108,-0.00215
15.1600,0.01232,-0.01091,-0.00212
15.1680,0.01223,-0.01061,-0.00208
15.1720,0.01225,-0.01049,-0.00207
15.1760,0.01227,-0.01036,-0.00206
15.1800,0.01229,-0.01023,-0.00205
15.1840,0.01231,-0.01010,-0.00204
15.1880,0.01233,-0.00996,-0.00203
15.1920,0.01236,-0.00983,-0.00202
15.1960,0.01238,-0.00969,-0.00201
15.2000,0.01241,-0.00955,-0.00200
15.2040,0.01244,-0.00941,-0.00199
15.2080,0.01246,-0.00927,-0.00198
15.2120,0.01279,-0.00773,-0.00185
15.2200,0.01292,-0.00821,-0.00184
15.2240,0.01297,-0.00871,-0.00185
15.2280,0.01303,-0.00920,-0.00186
15.2320,0.01308,-0.00969,-0.00188
15.2360,0.01314,-0.01018,-0.00189
15.2440,0.01325,-0.01064,-0.00190
15.2480,0.01331,-0.01112,-0.00191
15.2520,0.01338,-0.01159,-0.00192
15.2560,0.01344,-0.01207,-0.00193
15.2600,0.01351,-0.01254,-0.00195
15.2680,0.01357,-0.01300,-0.00196
15.2720,0.01370,-0.01342,-0.00197
15.2760,0.01377,-0.01387,-0.00198
15.2800,0.01385,-0.01433,-0.00199
15.2840,0.01392,-0.01478,-0.00200
15.2880,0.01399,-0.01472,-0.00199
15.2920,0.01406,-0.01466,-0.00199
15.3000,0.01419,-0.01452,-0.00197
15.3040,0.01433,-0.01437,-0.00196
15.3120,0.01503,-0.01341,-0.00189
15.3200,0.01493,-0.01311,-0.00190
15.3240,0.01479,-0.01294,-0.00191
15.3280,0.01466,-0.01276,-0.00191
15.3280,0.01449,-0.01272,-0.00192
15.3360,0.01439,-0.01239,-0.00192
15.3400,0.01426,-0.01221,-0.00193
15.3400,0.01409,-0.01217,-0.00194
15.3480,0.01399,-0.01182,-0.00194
15.3520,0.01386,-0.01163,-0.00195
15.3560,0.01373,-0.01143,-0.00196
15.3600,0.01360,-0.01124,-0.00197
15.3640,0.01348,-0.01103,-0.00198
15.3720,0.01339,-0.01066,-0.00198
15.3760,0.01327,-0.01045,-0.00199
15.3800,0.01315,-0.01024,-0.00200
15.3840,0.01319,-0.01007,-0.00200
15.3880,0.01324,-0.00989,-0.00200
15.3920,0.01329,-0.00970,-0.00199
15.3960,0.01333,-0.00952,-0.00199
15.4000,0.01338,-0.00933,-0.00199
15.4040,0.01343,-0.00913,-0.00199
15.4080,0.01348,-0.00894,-0.00199
15.4120,0.01353,-0.00874,-0.00199
15.4160,0.01404,-0.00652,-0.00198
15.4200,0.01397,-0.00705,-0.00198
15.4200,0.01389,-0.00761,-0.00199
15.4280,0.01383,-0.00809,-0.00200
15.4360,0.01377,-0.00861,-0.00201
15.4440,0.01374,-0.00902,-0.00202
15.4480,0.01369,-0.00953,-0.00203
15.4520,0.01361,-0.01009,-0.00204
15.4560,0.01358,-0.01053,-0.00205
15.4600,0.01353,-0.01103,-0.00206
15.4640,0.01344,-0.01159,-0.00207
15.4720,0.01346,-0.01194,-0.00210
15.4760,0.01341,-0.01243,-0.00211
15.4800,0.01336,-0.01291,-0.00212
15.4880,0.01335,-0.01330,-0.00214
15.4960,0.01333,-0.01369,-0.00216
15.5000,0.01336,-0.01360,-0.00216
15.5040,0.01339,-0.01350,-0.00217
15.5080,0.01367,-0.01265,-0.00222
15.5120,0.01366,-0.01260,-0.00221
15.5160,0.01365,-0.01255,-0.00220
15.5200,0.01366,-0.01239,-0.00220
15.5240,0.01368,-0.01222,-0.00221
15.5360,0.01370,-0.01203,-0.00221
15.5400,0.01369,-0.01197,-0.00220
15.5440,0.01368,-0.01190,-0.00220
15.5480,0.01367,-0.01182,-0.00219
15.5520,0.01366,-0.01174,-0.00219
15.5560,0.01365,-0.01166,-0.00219
15.5640,0.01367,-0.01143,-0.00219
15.5720,0.01370,-0.01119,-0.00220
15.5760,0.01369,-0.01109,-0.00219
15.5760,0.01365,-0.01114,-0.00218
15.5840,0.01367,-0.01087,-0.00219
15.5880,0.01370,-0.01070,-0.00219
15.5920,0.01370,-0.01070,-0.00219
15.6000,0.01379,-0.01019,-0.00222
15.6040,0.01382,-0.01001,-0.00223
15.6080,0.01407,-0.00843,-0.00233
15.6080,0.01398,-0.00877,-0.00232
15.6160,0.01389,-0.00910,-0.00231
15.6200,0.01380,-0.00943,-0.00230
15.6240,0.01371,-0.00975,-0.00229
15.6280,0.01361,-0.01008,-0.00228
15.6320,0.01352,-0.01039,-0.00228
15.6360,0.01342,-0.01079,-0.00226
15.6400,0.01334,-0.01102,-0.00227
15.6440,0.01325,-0.01133,-0.00227
15.6480,0.01315,-0.01173,-0.00225
15.6520,0.01306,-0.01194,-0.00226
15.6560,0.01297,-0.01234,-0.00225
15.6600,0.01288,-0.01254,-0.00226
15.6640,0.01279,-0.01284,-0.00226
15.6680,0.01272,-0.01301,-0.00227
15.6760,0.01272,-0.01301,-0.00227
15.6800,0.01274,-0.01278,-0.00229
15.6840,0.01275,-0.01265,-0.00230
15.6880,0.01276,-0.01252,-0.00232
15.6880,0.01276,-0.01252,-0.00232
15.6960,0.01279,-0.01225,-0.00235
15.7000,0.01280,-0.01211,-0.00237
15.7040,0.01281,-0.01197,-0.00239
15.7080,0.01288,-0.01040,-0.00256
15.7080,0.01274,-0.01028,-0.00253
15.7160,0.01258,-0.00964,-0.00251
15.7240,0.01242,-0.00898,-0.00249
15.7280,0.01227,-0.00859,-0.00246
15.7320,0.01213,-0.00819,-0.00243
15.7360,0.01199,-0.00779,-0.00240
15.7400,0.01186,-0.00766,-0.00236
15.7400,0.01171,-0.00726,-0.00233
15.7480,0.01156,-0.00655,-0.00230
15.7520,0.01142,-0.00614,-0.00227
15.7560,0.01128,-0.00571,-0.00224
15.7600,0.01114,-0.00529,-0.00220
15.7680,0.01098,-0.00455,-0.00217
15.7760,0.01082,-0.00380,-0.00214
15.7800,0.01068,-0.00335,-0.00211
15.7840,0.01066,-0.00303,-0.00211
15.7920,0.01064,-0.00237,-0.00212
15.7960,0.01063,-0.00203,-0.00212
15.8040,0.01061,-0.00136,-0.00212
15.8120,0.01057,0.00177,-0.00216
15.8160,0.01070,0.00063,-0.00216
15.8200,0.01084,-0.00050,-0.00217
15.8240,0.01098,-0.00163,-0.00217
15.8280,0.01112,-0.00275,-0.00217
15.8360,0.01129,-0.00390,-0.00218
15.8440,0.01146,-0.00504,-0.00219
15.8440,0.01160,-0.00615,-0.00219
15.8520,0.01174,-0.00726,-0.00219
15.8560,0.01189,-0.00836,-0.00218
15.8600,0.01203,-0.00946,-0.00218
15.8640,0.01217,-0.01055,-0.00219
15.8720,0.01234,-0.01164,-0.00219
15.8720,0.01248,-0.01273,-0.00220
15.8800,0.01263,-0.01381,-0.00220
15.8840,0.01277,-0.01489,-0.00220
15.8880,0.01280,-0.01488,-0.00221
15.8920,0.01283,-0.01486,-0.00221
15.9000,0.01290,-0.01480,-0.00222
15.9080,0.01317,-0.01439,-0.00223
15.9120,0.01314,-0.01429,-0.00223
15.9160,0.01311,-0.01418,-0.00223
15.9200,0.01309,-0.01407,-0.00223
15.9240,0.01306,-0.01396,-0.00223
15.9280,0.01302,-0.01392,-0.00222
15.9320,0.01299,-0.01381,-0.00222
15.9360,0.01297,-0.01369,-0.00223
15.9400,0.01295,-0.01357,-0.00223
15.9440,0.01294,-0.01335,-0.00224
15.9480,0.01292,-0.01322,-0.00224
15.9520,0.01290,-0.01309,-0.00225
15.9600,0.01290,-0.01285,-0.00226
15.9680,0.01290,-0.01260,-0.00228
15.9720,0.01288,-0.01245,-0.00228
15.9760,0.01284,-0.01241,-0.00228
15.9800,0.01286,-0.01230,-0.00229
15.9840,0.01292,-0.01207,-0.00231
15.9880,0.01321,-0.01048,-0.00241
15.9920,0.01308,-0.01007,-0.00239
16.0000,0.01295,-0.00939,-0.00236
16.0000,0.01282,-0.00924,-0.00233
16.0040,0.01270,-0.00882,-0.00231
16.0080,0.01257,-0.00839,-0.00228
16.0160,0.01244,-0.00768,-0.00225
16.0240,0.01231,-0.00694,-0.00223
16.0280,0.01219,-0.00649,-0.00220
16.0320,0.01206,-0.00604,-0.00218
16.0360,0.01194,-0.00558,-0.00216
16.0400,0.01182,-0.00512,-0.00214
16.0440,0.01170,-0.00465,-0.00212
16.0480,0.01158,-0.00419,-0.00209
16.0520,0.01145,-0.00404,-0.00207
16.0560,0.01134,-0.00357,-0.00205
16.0600,0.01135,-0.00291,-0.00205
16.0640,0.01136,-0.00258,-0.00205
16.0720,0.01138,-0.00190,-0.00206
16.0760,0.01139,-0.00156,-0.00206
16.0800,0.01140,-0.00120,-0.00207
16.0840,0.01140,-0.00085,-0.00207
16.0880,0.01141,-0.00049,-0.00207
16.0920,0.01142,-0.00012,-0.00208
16.0960,0.01143,0.00025,-0.00208
16.1040,0.01145,0.00099,-0.00209
16.1080,0.01146,0.00137,-0.00209
16.1160,0.01178,0.00469,-0.00204
16.1200,0.01217,0.00343,-0.00187
16.1280,0.01268,0.00205,-0.00165
16.1320,0.01307,0.00080,-0.00148
16.1360,0.01347,-0.00044,-0.00131
16.1400,0.01387,-0.00168,-0.00113
16.1440,0.01415,-0.00281,-0.00100
16.1480,0.01467,-0.00415,-0.00078
16.1560,0.01520,-0.00548,-0.00057
16.1640,0.01574,-0.00679,-0.00035
16.1680,0.01615,-0.00800,-0.00018
16.1720,0.01656,-0.00920,-0.00000
16.1760,0.01697,-0.01040,0.00017
16.1840,0.01751,-0.01166,0.00038
16.1880,0.01792,-0.01285,0.00056
16.1880,0.01834,-0.01404,0.00073
16.1960,0.01847,-0.01410,0.00077
16.2040,0.01873,-0.01420,0.00086
16.2080,0.01886,-0.01425,0.00090
16.2120,0.02022,-0.01442,0.00131
16.2160,0.01973,-0.01441,0.00108
16.2240,0.01932,-0.01419,0.00086
16.2280,0.01883,-0.01419,0.00064
16.2320,0.01840,-0.01402,0.00041
16.2360,0.01797,-0.01383,0.00019
16.2400,0.01748,-0.01383,-0.00004
16.2480,0.01705,-0.01363,-0.00026
16.2560,0.01662,-0.01342,-0.00049
16.2600,0.01616,-0.01331,-0.00071
16.2640,0.01570,-0.01319,-0.00093
16.2720,0.01526,-0.01294,-0.00115
16.2760,0.01479,-0.01280,-0.00137
16.2800,0.01433,-0.01267,-0.00159
16.2840,0.01386,-0.01252,-0.00181
16.2880,0.01340,-0.01237,-0.00203
16.2920,0.01342,-0.01223,-0.00203
16.2960,0.01345,-0.01207,-0.00203
16.3000,0.01348,-0.01192,-0.00203
16.3040,0.01350,-0.01176,-0.00203
16.3080,0.01376,-0.01027,-0.00202
16.3160,0.01371,-0.01060,-0.00202
16.3200,0.01368,-0.01087,-0.00202
16.3280,0.01365,-0.01113,-0.00202
16.3320,0.01360,-0.01150,-0.00202
16.3360,0.01357,-0.01175,-0.00202
16.3440,0.01354,-0.01198,-0.00202
16.3480,0.01350,-0.01228,-0.00202
16.3520,0.01344,-0.01265,-0.00202
16.3560,0.01342,-0.01285,-0.00202
16.3600,0.01338,-0.01313,-0.00202
16.3680,0.01334,-0.01341,-0.00202
16.3760,0.01333,-0.01348,-0.00203
16.3800,0.01328,-0.01385,-0.00203
16.3880,0.01326,-0.01389,-0.00202
16.3920,0.01322,-0.01414,-0.00202
16.4000,0.01325,-0.01390,-0.00202
16.4040,0.01335,-0.01304,-0.00201
16.4040,0.01335,-0.01317,-0.00201
16.4080,0.01334,-0.01337,-0.00201
16.4160,0.01336,-0.01342,-0.00200
16.4200,0.01336,-0.01354,-0.00200
16.4240,0.01337,-0.01366,-0.00200
16.4280,0.01338,-0.01377,-0.00200
16.4320,0.01339,-0.01388,-0.00200
16.4360,0.01340,-0.01399,-0.00200
16.4400,0.01341,-0.01409,-0.00200
16.4480,0.01345,-0.01409,-0.00200
16.4520,0.01346,-0.01418,-0.00200
16.4560,0.01347,-0.01427,-0.00200
16.4600,0.01348,-0.01436,-0.00200
16.4640,0.01349,-0.01444,-0.00200
16.4680,0.01351,-0.01453,-0.00200
16.4760,0.01356,-0.01429,-0.00201
16.4760,0.01358,-0.01417,-0.00201
16.4840,0.01360,-0.01404,-0.00201
16.4880,0.01360,-0.01404,-0.00201
16.4920,0.01365,-0.01378,-0.00201
16.5000,0.01370,-0.01350,-0.00202
16.5040,0.01372,-0.01335,-0.00202
16.5080,0.01372,-0.01335,-0.00202
16.5120,0.01392,-0.01171,-0.00207
16.5160,0.01385,-0.01183,-0.00207
16.5200,0.01378,-0.01195,-0.00208
16.5240,0.01371,-0.01206,-0.00208
16.5280,0.01364,-0.01217,-0.00209
16.5360,0.01357,-0.01215,-0.00210
16.5440,0.01350,-0.01212,-0.00211
16.5480,0.01343,-0.01221,-0.00211
16.5560,0.01337,-0.01215,-0.00212
16.5600,0.01330,-0.01223,-0.00212
16.5680,0.01325,-0.01214,-0.00213
16.5720,0.01319,-0.01221,-0.00213
16.5720,0.01312,-0.01243,-0.00213
16.5800,0.01308,-0.01232,-0.00213
16.5840,0.01302,-0.01236,-0.00213
16.5880,0.01297,-0.01241,-0.00214
16.5960,0.01300,-0.01204,-0.00214
16.6000,0.01302,-0.01185,-0.00215
16.6080,0.01320,-0.00986,-0.00220
16.6120,0.01322,-0.00993,-0.00220
16.6160,0.01323,-0.00999,-0.00219
16.6200,0.01325,-0.01004,-0.00219
16.6280,0.01329,-0.00992,-0.00219
16.6320,0.01331,-0.00996,-0.00218
16.6360,0.01331,-0.01018,-0.00217
16.6440,0.01337,-0.00984,-0.00218
16.6440,0.01340,-0.00986,-0.00218
16.6520,0.01342,-0.00988,-0.00218
16.6560,0.01344,-0.00990,-0.00218
16.6600,0.01346,-0.00991,-0.00218
16.6680,0.01349,-0.00991,-0.00219
16.6720,0.01353,-0.00969,-0.00221
16.6720,0.01355,-0.00968,-0.00221
16.6800,0.01357,-0.00966,-0.00222
16.6840,0.01359,-0.00942,-0.00224
16.6880,0.01362,-0.00917,-0.00226
16.6960,0.01364,-0.00893,-0.00228
16.7000,0.01369,-0.00841,-0.00232
16.7040,0.01372,-0.00814,-0.00234
16.7120,0.01401,-0.00573,-0.00252
16.7160,0.01398,-0.00632,-0.00250
16.7200,0.01394,-0.00691,-0.00248
16.7280,0.01393,-0.00742,-0.00246
16.7320,0.01390,-0.00799,-0.00244
16.7360,0.01386,-0.00856,-0.00241
16.7400,0.01383,-0.00912,-0.00238
16.7440,0.01380,-0.00968,-0.00236
16.7480,0.01377,-0.01023,-0.00233
16.7560,0.01378,-0.01068,-0.00231
16.7600,0.01375,-0.01123,-0.00229
16.7640,0.01372,-0.01176,-0.00226
16.7720,0.01373,-0.01218,-0.00225
16.7720,0.01370,-0.01271,-0.00222
16.7840,0.01370,-0.01310,-0.00221
16.7880,0.01367,-0.01362,-0.00218
16.7960,0.01372,-0.01333,-0.00219
16.8000,0.01375,-0.01318,-0.00220
16.8040,0.01395,-0.01193,-0.00225
16.8080,0.01388,-0.01209,-0.00223
16.8120,0.01380,-0.01234,-0.00222
16.8200,0.01374,-0.01231,-0.00222
16.8240,0.01368,-0.01246,-0.00221
16.8280,0.01361,-0.01260,-0.00220
16.8400,0.01355,-0.01262,-0.00221
16.8440,0.01349,-0.01276,-0.00220
16.8520,0.01344,-0.01263,-0.00221
16.8600,0.01339,-0.01261,-0.00221
16.8680,0.01332,-0.01272,-0.00221
16.8720,0.01328,-0.01268,-0.00222
16.8760,0.01322,-0.01278,-0.00222
16.8840,0.01319,-0.01271,-0.00223
16.8880,0.01314,-0.01280,-0.00222
16.8920,0.01309,-0.01288,-0.00222
16.8960,0.01312,-0.01272,-0.00223
16.9000,0.01315,-0.01254,-0.00224
16.9080,0.01344,-0.01116,-0.00232
16.9080,0.01348,-0.01150,-0.00231
16.9160,0.01349,-0.01190,-0.00229
16.9200,0.01353,-0.01224,-0.00227
16.9240,0.01359,-0.01251,-0.00225
16.9280,0.01364,-0.01283,-0.00223
16.9360,0.01371,-0.01308,-0.00222
16.9400,0.01376,-0.01339,-0.00220
16.9440,0.01377,-0.01378,-0.00218
16.9480,0.01385,-0.01400,-0.00217
16.9520,0.01390,-0.01430,-0.00215
16.9560,0.01394,-0.01459,-0.00213
16.9600,0.01399,-0.01488,-0.00211
16.9640,0.01400,-0.01527,-0.00209
16.9640,0.01405,-0.01556,-0.00207
16.9720,0.01413,-0.01574,-0.00205
16.9760,0.01413,-0.01574,-0.00205
16.9800,0.01420,-0.01550,-0.00206
16.9840,0.01424,-0.01538,-0.00206
16.9920,0.01431,-0.01512,-0.00207
16.9960,0.01435,-0.01498,-0.00207
17.0000,0.01440,-0.01484,-0.00207
17.0040,0.01444,-0.01470,-0.00208
17.0080,0.01480,-0.01339,-0.00212
17.0120,0.01467,-0.01322,-0.00212
17.0160,0.01454,-0.01319,-0.00211
17.0200,0.01441,-0.01316,-0.00211
17.0280,0.01429,-0.01296,-0.00210
17.0320,0.01416,-0.01292,-0.00210
17.0360,0.01403,-0.01287,-0.00209
17.0400,0.01391,-0.01282,-0.00209
17.0400,0.01378,-0.01276,-0.00208
17.0480,0.01365,-0.01270,-0.00208
17.0520,0.01353,-0.01264,-0.00207
17.0560,0.01340,-0.01257,-0.00207
17.0600,0.01328,-0.01250,-0.00207
17.0640,0.01316,-0.01243,-0.00206
17.0640,0.01302,-0.01254,-0.00206
17.0760,0.01293,-0.01208,-0.00207
17.0800,0.01294,-0.01188,-0.00207
17.0840,0.01295,-0.01168,-0.00208
17.0920,0.01297,-0.01126,-0.00209
17.1000,0.01299,-0.01081,-0.00210
17.1040,0.01301,-0.01058,-0.00210
17.1080,0.01309,-0.00875,-0.00214
17.1080,0.01309,-0.00920,-0.00213
17.1160,0.01311,-0.00947,-0.00213
17.1200,0.01311,-0.00983,-0.00212
17.1240,0.01313,-0.01018,-0.00212
17.1280,0.01314,-0.01053,-0.00212
17.1320,0.01315,-0.01088,-0.00212
17.1400,0.01318,-0.01111,-0.00212
17.1440,0.01320,-0.01144,-0.00212
17.1480,0.01321,-0.01177,-0.00212
17.1520,0.01323,-0.01210,-0.00212
17.1560,0.01326,-0.01241,-0.00211
17.1600,0.01328,-0.01273,-0.00211
17.1640,0.01328,-0.01318,-0.00210
17.1680,0.01334,-0.01334,-0.00211
17.1720,0.01336,-0.01364,-0.00211
17.1800,0.01343,-0.01333,-0.00213
17.1840,0.01346,-0.01316,-0.00214
17.1880,0.01350,-0.01299,-0.00215
17.1920,0.01353,-0.01282,-0.00216
17.1960,0.01357,-0.01264,-0.00217
17.2000,0.01361,-0.01246,-0.00219
17.2040,0.01394,-0.01078,-0.00232
17.2120,0.01393,-0.01103,-0.00231
17.2120,0.01392,-0.01128,-0.00230
17.2200,0.01393,-0.01143,-0.00230
17.2240,0.01392,-0.01167,-0.00228
17.2320,0.01394,-0.01179,-0.00229
17.2360,0.01390,-0.01213,-0.00226
17.2400,0.01393,-0.01223,-0.00227
17.2480,0.01393,-0.01244,-0.00226
17.2520,0.01396,-0.01252,-0.00227
17.2600,0.01398,-0.01258,-0.00230
17.2680,0.01401,-0.01263,-0.00233
17.2720,0.01401,-0.01282,-0.00233
17.2760,0.01400,-0.01300,-0.00233
17.2760,0.01397,-0.01334,-0.00231
17.2840,0.01399,-0.01335,-0.00234
17.2920,0.01405,-0.01300,-0.00240
17.3000,0.01411,-0.01264,-0.00245
17.3040,0.01438,-0.01088,-0.00271
17.3080,0.01429,-0.01102,-0.00268
17.3120,0.01421,-0.01116,-0.00266
17.3160,0.01413,-0.01128,-0.00264
17.3240,0.01404,-0.01126,-0.00263
17.3280,0.01396,-0.01137,-0.00261
17.3360,0.01387,-0.01132,-0.00260
17.3400,0.01379,-0.01141,-0.00258
17.3440,0.01370,-0.01151,-0.00256
17.3480,0.01361,-0.01159,-0.00254
17.3520,0.01353,-0.01168,-0.00252
17.3600,0.01345,-0.01158,-0.00251
17.3680,0.01336,-0.01165,-0.00248
17.3720,0.01329,-0.01153,-0.00247
17.3760,0.01320,-0.01179,-0.00243
17.3800,0.01312,-0.01165,-0.00240
17.3840,0.01313,-0.01144,-0.00241
17.3880,0.01313,-0.01144,-0.00241
17.3920,0.01315,-0.01100,-0.00243
17.3960,0.01316,-0.01078,-0.00244
17.4000,0.01317,-0.01055,-0.00245
17.4040,0.01326,-0.00875,-0.00251
17.4080,0.01327,-0.00911,-0.00247
17.4120,0.01328,-0.00946,-0.00242
17.4160,0.01327,-0.00990,-0.00238
17.4200,0.01330,-0.01014,-0.00233
17.4240,0.01330,-0.01059,-0.00229
17.4280,0.01332,-0.01082,-0.00223
17.4320,0.01333,-0.01115,-0.00218
17.4360,0.01335,-0.01147,-0.00214
17.4440,0.01337,-0.01167,-0.00208
17.4480,0.01339,-0.01198,-0.00203
17.4520,0.01340,-0.01229,-0.00198
17.4560,0.01341,-0.01260,-0.00193
17.4600,0.01342,-0.01290,-0.00189
17.4640,0.01343,-0.01319,-0.00184
17.4680,0.01343,-0.01364,-0.00180
17.4720,0.01346,-0.01333,-0.00179
17.4760,0.01348,-0.01318,-0.00179
17.4800,0.01349,-0.01302,-0.00179
17.4840,0.01351,-0.01286,-0.00178
17.4880,0.01352,-0.01269,-0.00178
17.4960,0.01356,-0.01235,-0.00177
17.5000,0.01357,-0.01218,-0.00177
17.5040,0.01357,-0.01218,-0.00177
17.5080,0.01372,-0.01081,-0.00175
17.5120,0.01375,-0.01108,-0.00178
17.5160,0.01377,-0.01140,-0.00180
17.5200,0.01379,-0.01172,-0.00182
17.5240,0.01380,-0.01204,-0.00184
17.5320,0.01382,-0.01227,-0.00187
17.5360,0.01383,-0.01258,-0.00189
17.5400,0.01384,-0.01288,-0.00192
17.5440,0.01385,-0.01317,-0.00194
17.5480,0.01387,-0.01346,-0.00197
17.5520,0.01387,-0.01375,-0.00200
17.5560,0.01388,-0.01403,-0.00202
17.5600,0.01389,-0.01430,-0.00205
17.5680,0.01390,-0.01446,-0.00207
17.5720,0.01391,-0.01472,-0.00209
17.5800,0.01393,-0.01485,-0.00211
17.5840,0.01393,-0.01471,-0.00210
17.5920,0.01393,-0.01444,-0.00209
17.5960,0.01394,-0.01430,-0.00209
17.6040,0.01395,-0.01402,-0.00207
17.6080,0.01395,-0.01402,-0.00207
17.6120,0.01396,-0.01356,-0.00206
17.6240,0.01400,-0.01106,-0.00195
17.6280,0.01383,-0.01100,-0.00195
17.6320,0.01367,-0.01093,-0.00195
17.6360,0.01350,-0.01086,-0.00195
17.6440,0.01331,-0.01058,-0.00194
17.6480,0.01315,-0.01050,-0.00194
17.6560,0.01296,-0.01019,-0.00194
17.6600,0.01279,-0.01010,-0.00194
17.6680,0.01260,-0.00977,-0.00193
17.6720,0.01243,-0.00966,-0.00193
17.6760,0.01226,-0.00954,-0.00193
17.6800,0.01209,-0.00942,-0.00193
17.6840,0.01192,-0.00929,-0.00193
17.6880,0.01175,-0.00916,-0.00193
17.6960,0.01156,-0.00876,-0.00193
17.7000,0.01139,-0.00861,-0.00193
17.7080,0.01134,-0.00805,-0.00192
17.7120,0.01115,-0.00498,-0.00188
17.7160,0.01133,-0.00590,-0.00189
17.7200,0.01158,-0.00686,-0.00189
17.7240,0.01180,-0.00780,-0.00189
17.7280,0.01201,-0.00872,-0.00190
17.7320,0.01218,-0.00965,-0.00190
17.7360,0.01244,-0.01056,-0.00190
17.7400,0.01265,-0.01148,-0.00191
17.7440,0.01287,-0.01238,-0.00191
17.7480,0.01308,-0.01329,-0.00191
17.7520,0.01330,-0.01419,-0.00191
17.7560,0.01352,-0.01508,-0.00191
17.7640,0.01379,-0.01593,-0.00190
17.7680,0.01401,-0.01681,-0.00189
17.7720,0.01423,-0.01768,-0.00189
17.7720,0.01445,-0.01855,-0.00188
17.7840,0.01456,-0.01842,-0.00187
17.7880,0.01462,-0.01835,-0.00186
17.7920,0.01467,-0.01827,-0.00185
17.8000,0.01479,-0.01811,-0.00184
17.8080,0.01524,-0.01686,-0.00182
17.8160,0.01501,-0.01617,-0.00183
17.8200,0.01480,-0.01570,-0.00184
17.8280,0.01459,-0.01523,-0.00185
17.8280,0.01439,-0.01475,-0.00186
17.8320,0.01418,-0.01427,-0.00187
17.8360,0.01398,-0.01378,-0.00188
17.8400,0.01377,-0.01329,-0.00189
17.8440,0.01357,-0.01279,-0.00190
17.8480,0.01337,-0.01229,-0.00191
17.8520,0.01317,-0.01179,-0.00193
17.8560,0.01296,-0.01128,-0.00194
17.8640,0.01275,-0.01048,-0.00195
17.8680,0.01255,-0.00995,-0.00196
17.8720,0.01235,-0.00942,-0.00196
17.8760,0.01215,-0.00889,-0.00197
17.8800,0.01214,-0.00859,-0.00196
17.8840,0.01213,-0.00828,-0.00196
17.8920,0.01212,-0.00798,-0.00195
17.8960,0.01211,-0.00735,-0.00192
17.9000,0.01210,-0.00703,-0.00191
17.9040,0.01210,-0.00672,-0.00189
17.9040,0.01215,-0.00377,-0.00169
17.9080,0.01236,-0.00497,-0.00168
17.9160,0.01257,-0.00616,-0.00168
17.9160,0.01278,-0.00735,-0.00168
17.9240,0.01300,-0.00853,-0.00168
17.9240,0.01321,-0.00971,-0.00168
17.9360,0.01342,-0.01089,-0.00168
17.9400,0.01369,-0.01210,-0.00166
17.9440,0.01384,-0.01322,-0.00167
17.9480,0.01411,-0.01443,-0.00165
17.9560,0.01438,-0.01562,-0.00163
17.9600,0.01459,-0.01677,-0.00163
17.9640,0.01474,-0.01789,-0.00164
17.9680,0.01501,-0.01906,-0.00162
17.9720,0.01522,-0.02020,-0.00162
17.9760,0.01543,-0.02132,-0.00161
17.9800,0.01543,-0.02132,-0.00161
17.9840,0.01555,-0.02133,-0.00157
17.9880,0.01562,-0.02133,-0.00155
17.9880,0.01562,-0.02133,-0.00155
18.0000,0.01581,-0.02130,-0.00149
18.0080,0.01631,-0.02073,-0.00131
18.0120,0.01615,-0.02033,-0.00136
18.0160,0.01598,-0.01992,-0.00140
18.0200,0.01582,-0.01951,-0.00145
18.0240,0.01565,-0.01909,-0.00150
18.0280,0.01549,-0.01867,-0.00155
18.0320,0.01533,-0.01825,-0.00160
18.0360,0.01517,-0.01782,-0.00165
18.0400,0.01501,-0.01757,-0.00169
18.0440,0.01485,-0.01695,-0.00175
18.0480,0.01468,-0.01650,-0.00180
18.0520,0.01452,-0.01606,-0.00186
18.0560,0.01436,-0.01580,-0.00190
18.0600,0.01420,-0.01515,-0.00196
18.0640,0.01403,-0.01469,-0.00202
18.0680,0.01387,-0.01423,-0.00208
18.0720,0.01387,-0.01402,-0.00209
18.0760,0.01386,-0.01380,-0.00210
18.0800,0.01386,-0.01357,-0.00211
18.0840,0.01386,-0.01334,-0.00212
18.0880,0.01386,-0.01311,-0.00214
18.0920,0.01385,-0.01287,-0.00215
18.1000,0.01384,-0.01238,-0.00217
18.1040,0.01383,-0.01213,-0.00218
18.1080,0.01382,-0.01187,-0.00219
18.1160,0.01375,-0.00877,-0.00232
18.1200,0.01374,-0.00913,-0.00232
18.1240,0.01373,-0.00948,-0.00232
18.1280,0.01372,-0.00983,-0.00232
18.1280,0.01373,-0.01032,-0.00231
18.1360,0.01371,-0.01051,-0.00233
18.1400,0.01370,-0.01085,-0.00234
18.1440,0.01370,-0.01135,-0.00233
18.1480,0.01370,-0.01168,-0.00234
18.1520,0.01368,-0.01184,-0.00236
18.1600,0.01365,-0.01197,-0.00239
18.1680,0.01363,-0.01208,-0.00242
18.1720,0.01364,-0.01258,-0.00241
18.1760,0.01362,-0.01268,-0.00243
18.1800,0.01361,-0.01297,-0.00244
18.1840,0.01361,-0.01326,-0.00245
18.1880,0.01360,-0.01305,-0.00247
18.1920,0.01359,-0.01283,-0.00248
18.2000,0.01357,-0.01238,-0.00252
18.2040,0.01357,-0.01215,-0.00253
18.2080,0.01357,-0.00982,-0.00266
18.2120,0.01366,-0.01033,-0.00263
18.2200,0.01377,-0.01078,-0.00260
18.2240,0.01387,-0.01128,-0.00257
18.2320,0.01398,-0.01170,-0.00255
18.2360,0.01408,-0.01220,-0.00252
18.2440,0.01417,-0.01269,-0.00249
18.2480,0.01430,-0.01309,-0.00247
18.2560,0.01442,-0.01348,-0.00244
18.2600,0.01452,-0.01395,-0.00241
18.2640,0.01461,-0.01441,-0.00238
18.2680,0.01471,-0.01488,-0.00235
18.2720,0.01481,-0.01533,-0.00232
18.2760,0.01490,-0.01578,-0.00229
18.2800,0.01497,-0.01635,-0.00225
18.2840,0.01509,-0.01667,-0.00223
18.2920,0.01513,-0.01640,-0.00224
18.2960,0.01516,-0.01627,-0.00225
18.3000,0.01518,-0.01612,-0.00226
18.3040,0.01521,-0.01597,-0.00226
18.3080,0.01524,-0.01582,-0.00227
18.3160,0.01550,-0.01411,-0.00232
18.3200,0.01542,-0.01440,-0.00231
18.3240,0.01534,-0.01469,-0.00230
18.3280,0.01527,-0.01498,-0.00229
18.3320,0.01519,-0.01526,-0.00228
18.3360,0.01511,-0.01554,-0.00226
18.3440,0.01505,-0.01572,-0.00225
18.3480,0.01497,-0.01599,-0.00223
18.3520,0.01490,-0.01625,-0.00222
18.3560,0.01483,-0.01650,-0.00220
18.3600,0.01475,-0.01675,-0.00219
18.3640,0.01468,-0.01700,-0.00217
18.3720,0.01463,-0.01713,-0.00216
18.3760,0.01456,-0.01736,-0.00214
18.3800,0.01449,-0.01758,-0.00213
18.3840,0.01442,-0.01781,-0.00211
18.3880,0.01444,-0.01767,-0.00211
18.3920,0.01446,-0.01752,-0.00210
18.3960,0.01446,-0.01752,-0.00210
18.4000,0.01450,-0.01722,-0.00210
18.4080,0.01454,-0.01690,-0.00210
18.4120,0.01456,-0.01674,-0.00210
18.4200,0.01461,-0.01639,-0.00211
18.4240,0.01461,-0.01639,-0.00211
18.4240,0.01466,-0.01604,-0.00212
18.4320,0.01468,-0.01585,-0.00212
18.4360,0.01471,-0.01566,-0.00213
18.4440,0.01473,-0.01547,-0.00213
18.4480,0.01478,-0.01507,-0.00213
18.4520,0.01480,-0.01486,-0.00213
18.4600,0.01502,-0.01193,-0.00216
18.4640,0.01481,-0.01196,-0.00216
18.4680,0.01460,-0.01199,-0.00217
18.4720,0.01441,-0.01223,-0.00217
18.4760,0.01418,-0.01204,-0.00218
18.4800,0.01397,-0.01205,-0.00218
18.4840,0.01376,-0.01206,-0.00218
18.4880,0.01355,-0.01207,-0.00219
18.4920,0.01335,-0.01207,-0.00219
18.4960,0.01314,-0.01207,-0.00219
18.5000,0.01293,-0.01206,-0.00219
18.5080,0.01273,-0.01205,-0.00219
18.5120,0.01251,-0.01177,-0.00219
18.5120,0.01230,-0.01174,-0.00218
18.5200,0.01210,-0.01171,-0.00218
18.5240,0.01187,-0.01139,-0.00218
18.5320,0.01186,-0.01111,-0.00217
18.5400,0.01170,-0.00916,-0.00213
18.5400,0.01180,-0.00962,-0.00269
18.5480,0.01190,-0.01009,-0.00324
18.5520,0.01187,-0.00983,-0.00376
18.5600,0.01188,-0.00979,-0.00429
18.5680,0.01188,-0.00973,-0.00483
18.5760,0.01187,-0.00965,-0.00536
18.5840,0.01187,-0.00955,-0.00590
18.5880,0.01191,-0.00973,-0.00645
18.5920,0.01196,-0.00991,-0.00699
18.5960,0.01200,-0.01008,-0.00754
18.6000,0.01205,-0.01024,-0.00808
18.6040,0.01209,-0.01041,-0.00862
18.6080,0.01219,-0.01087,-0.00918
18.6120,0.01218,-0.01072,-0.00970
18.6160,0.01222,-0.01087,-0.01024
18.6240,0.01211,-0.01023,-0.01021
18.6280,0.01206,-0.00991,-0.01020
18.6320,0.01200,-0.00958,-0.01019
18.6360,0.01194,-0.00925,-0.01018
18.6400,0.01188,-0.00891,-0.01017
18.6440,0.01134,-0.00556,-0.01013
18.6520,0.01145,-0.00665,-0.01030
18.6560,0.01156,-0.00774,-0.01047
18.6600,0.01167,-0.00883,-0.01064
18.6640,0.01178,-0.00991,-0.01081
18.6680,0.01189,-0.01099,-0.01098
18.6720,0.01200,-0.01206,-0.01115
18.6760,0.01211,-0.01313,-0.01131
18.6800,0.01222,-0.01420,-0.01148
18.6880,0.01231,-0.01515,-0.01166
18.6920,0.01242,-0.01620,-0.01182
18.6960,0.01252,-0.01725,-0.01199
18.7000,0.01263,-0.01830,-0.01215
18.7040,0.01274,-0.01934,-0.01232
18.7040,0.01286,-0.02050,-0.01247
18.7080,0.01296,-0.02153,-0.01263
18.7160,0.01295,-0.02140,-0.01265
18.7200,0.01292,-0.02111,-0.01267
18.7280,0.01289,-0.02081,-0.01269
18.7320,0.01288,-0.02065,-0.01270
18.7360,0.01286,-0.02049,-0.01271
18.7400,0.01285,-0.02033,-0.01271
18.7440,0.01284,-0.02016,-0.01272
18.7480,0.01268,-0.01787,-0.01271
18.7520,0.01261,-0.01754,-0.01253
18.7560,0.01254,-0.01721,-0.01236
18.7640,0.01242,-0.01654,-0.01213
18.7680,0.01235,-0.01619,-0.01195
18.7720,0.01227,-0.01583,-0.01177
18.7800,0.01215,-0.01512,-0.01155
18.7840,0.01212,-0.01510,-0.01142
18.7880,0.01199,-0.01437,-0.01120
18.7960,0.01186,-0.01362,-0.01098
18.8000,0.01178,-0.01323,-0.01081
18.8040,0.01170,-0.01283,-0.01063
18.8080,0.01161,-0.01243,-0.01046
18.8120,0.01153,-0.01202,-0.01029
18.8160,0.01144,-0.01161,-0.01011
18.8200,0.01135,-0.01119,-0.00994
18.8240,0.01129,-0.01079,-0.00989
18.8280,0.01122,-0.01039,-0.00984
18.8320,0.01115,-0.00998,-0.00979
18.8360,0.01108,-0.00957,-0.00973
18.8440,0.01101,-0.00915,-0.00968
18.8440,0.01030,-0.00504,-0.00913
18.8520,0.01043,-0.00564,-0.00913
18.8560,0.01057,-0.00638,-0.00916
18.8600,0.01071,-0.00711,-0.00920
18.8640,0.01086,-0.00784,-0.00924
18.8720,0.01098,-0.00840,-0.00925
18.8760,0.01112,-0.00912,-0.00928
18.8800,0.01126,-0.00984,-0.00932
18.8840,0.01140,-0.01055,-0.00936
18.8880,0.01154,-0.01126,-0.00940
18.8960,0.01165,-0.01178,-0.00942
18.9040,0.01175,-0.01227,-0.00943
18.9040,0.01188,-0.01296,-0.00947
18.9080,0.01205,-0.01385,-0.00954
18.9160,0.01218,-0.01453,-0.00958
18.9200,0.01228,-0.01499,-0.00959
18.9240,0.01225,-0.01476,-0.00956
18.9280,0.01225,-0.01476,-0.00956
18.9320,0.01217,-0.01428,-0.00949
18.9360,0.01214,-0.01404,-0.00946
18.9400,0.01214,-0.01404,-0.00946
18.9480,0.01202,-0.01328,-0.00937
18.9520,0.01153,-0.00998,-0.00903
18.9560,0.01160,-0.01041,-0.00918
18.9600,0.01166,-0.01083,-0.00932
18.9680,0.01170,-0.01107,-0.00948
18.9720,0.01176,-0.01148,-0.00962
18.9760,0.01182,-0.01188,-0.00977
18.9800,0.01188,-0.01228,-0.00992
18.9840,0.01194,-0.01268,-0.01007
18.9880,0.01200,-0.01307,-0.01022
18.9920,0.01206,-0.01345,-0.01037
18.9960,0.01212,-0.01384,-0.01052
19.0000,0.01217,-0.01421,-0.01067
19.0040,0.01223,-0.01458,-0.01082
19.0080,0.01228,-0.01494,-0.01098
19.0120,0.01233,-0.01530,-0.01113
19.0200,0.01233,-0.01541,-0.01129
19.0240,0.01228,-0.01516,-0.01130
19.0280,0.01223,-0.01490,-0.01131
19.0280,0.01223,-0.01490,-0.01131
19.0360,0.01214,-0.01437,-0.01133
19.0360,0.01209,-0.01411,-0.01134
19.0400,0.01204,-0.01383,-0.01135
19.0440,0.01153,-0.01103,-0.01143
19.0520,0.01163,-0.01154,-0.01141
19.0600,0.01170,-0.01192,-0.01138
19.0640,0.01180,-0.01241,-0.01137
19.0680,0.01192,-0.01303,-0.01136
19.0720,0.01198,-0.01339,-0.01133
19.0760,0.01207,-0.01387,-0.01132
19.0800,0.01216,-0.01435,-0.01130
19.0840,0.01225,-0.01482,-0.01129
19.0880,0.01233,-0.01529,-0.01127
19.0920,0.01242,-0.01575,-0.01125
19.0960,0.01250,-0.01620,-0.01123
19.1000,0.01258,-0.01665,-0.01121
19.1040,0.01267,-0.01710,-0.01119
19.1080,0.01275,-0.01753,-0.01117
19.1160,0.01279,-0.01778,-0.01113
19.1240,0.01269,-0.01738,-0.01110
19.1280,0.01264,-0.01717,-0.01109
19.1360,0.01226,-0.01561,-0.01105
19.1400,0.01227,-0.01576,-0.01112
19.1440,0.01228,-0.01592,-0.01120
19.1440,0.01229,-0.01607,-0.01127
19.1520,0.01230,-0.01622,-0.01134
19.1560,0.01235,-0.01649,-0.01140
19.1600,0.01231,-0.01649,-0.01149
19.1680,0.01231,-0.01663,-0.01156
19.1720,0.01227,-0.01660,-0.01165
19.1720,0.01228,-0.01671,-0.01172
19.1800,0.01228,-0.01683,-0.01179
19.1840,0.01228,-0.01693,-0.01186
19.1920,0.01225,-0.01686,-0.01195
19.2000,0.01221,-0.01676,-0.01203
19.2080,0.01217,-0.01664,-0.01212
19.2160,0.01212,-0.01650,-0.01220
19.2200,0.01206,-0.01629,-0.01221
19.2200,0.01206,-0.01629,-0.01221
19.2280,0.01195,-0.01585,-0.01223
19.2320,0.01190,-0.01562,-0.01224
19.2360,0.01184,-0.01539,-0.01225
19.2440,0.01133,-0.01337,-0.01227
19.2520,0.01135,-0.01343,-0.01218
19.2600,0.01137,-0.01348,-0.01209
19.2640,0.01141,-0.01367,-0.01202
19.2720,0.01142,-0.01368,-0.01194
19.2720,0.01146,-0.01385,-0.01187
19.2800,0.01155,-0.01420,-0.01179
19.2840,0.01156,-0.01418,-0.01172
19.2880,0.01160,-0.01434,-0.01165
19.2920,0.01164,-0.01450,-0.01158
19.3000,0.01164,-0.01444,-0.01151
19.3080,0.01164,-0.01438,-0.01144
19.3080,0.01173,-0.01472,-0.01137
19.3160,0.01177,-0.01485,-0.01130
19.3200,0.01176,-0.01476,-0.01123
19.3240,0.01179,-0.01488,-0.01115
19.3280,0.01174,-0.01465,-0.01116
19.3320,0.01169,-0.01441,-0.01116
19.3360,0.01159,-0.01393,-0.01116
19.3440,0.01113,-0.01181,-0.01117
19.3480,0.01126,-0.01214,-0.01113
19.3520,0.01137,-0.01237,-0.01109
19.3560,0.01150,-0.01269,-0.01105
19.3600,0.01162,-0.01300,-0.01101
19.3680,0.01172,-0.01319,-0.01097
19.3720,0.01185,-0.01349,-0.01093
19.3760,0.01199,-0.01391,-0.01090
19.3800,0.01212,-0.01420,-0.01087
19.3840,0.01221,-0.01435,-0.01083
19.3880,0.01233,-0.01462,-0.01079
19.3920,0.01244,-0.01489,-0.01076
19.3960,0.01256,-0.01516,-0.01072
19.4000,0.01268,-0.01542,-0.01069
19.4040,0.01279,-0.01567,-0.01066
19.4120,0.01288,-0.01575,-0.01062
19.4160,0.01288,-0.01575,-0.01062
19.4200,0.01281,-0.01537,-0.01061
19.4280,0.01274,-0.01498,-0.01060
19.4320,0.01271,-0.01477,-0.01060
19.4360,0.01267,-0.01456,-0.01060
19.4400,0.01234,-0.01254,-0.01059
19.4440,0.01238,-0.01290,-0.01066
19.4480,0.01243,-0.01326,-0.01074
19.4520,0.01247,-0.01361,-0.01081
19.4560,0.01250,-0.01396,-0.01088
19.4600,0.01254,-0.01431,-0.01095
19.4680,0.01255,-0.01448,-0.01102
19.4720,0.01258,-0.01480,-0.01110
19.4800,0.01261,-0.01512,-0.01117
19.4840,0.01260,-0.01524,-0.01125
19.4880,0.01263,-0.01554,-0.01133
19.4960,0.01261,-0.01563,-0.01142
19.5000,0.01264,-0.01591,-0.01150
19.5080,0.01261,-0.01596,-0.01159
19.5120,0.01263,-0.01622,-0.01167
19.5160,0.01265,-0.01648,-0.01175
19.5200,0.01260,-0.01623,-0.01176
19.5240,0.01255,-0.01598,-0.01178
19.5280,0.01250,-0.01572,-0.01180
19.5320,0.01245,-0.01545,-0.01181
19.5360,0.01240,-0.01518,-0.01183
19.5400,0.01240,-0.01518,-0.01183
19.5400,0.01234,-0.01491,-0.01184
19.5480,0.01223,-0.01433,-0.01187
19.5520,0.01217,-0.01404,-0.01188
19.5560,0.01211,-0.01374,-0.01189
19.5600,0.01205,-0.01344,-0.01190
19.5640,0.01198,-0.01313,-0.01190
19.5720,0.01192,-0.01282,-0.01191
19.5760,0.01133,-0.01002,-0.01190
19.5800,0.01144,-0.01071,-0.01192
19.5800,0.01152,-0.01126,-0.01194
19.5880,0.01162,-0.01193,-0.01197
19.5920,0.01173,-0.01259,-0.01199
19.5960,0.01183,-0.01326,-0.01201
19.6040,0.01188,-0.01375,-0.01203
19.6080,0.01198,-0.01440,-0.01205
19.6120,0.01207,-0.01505,-0.01208
19.6160,0.01222,-0.01586,-0.01210
19.6200,0.01226,-0.01632,-0.01213
19.6240,0.01235,-0.01695,-0.01216
19.6280,0.01244,-0.01758,-0.01218
19.6320,0.01258,-0.01839,-0.01221
19.6360,0.01261,-0.01881,-0.01224
19.6440,0.01262,-0.01920,-0.01227
19.6520,0.01189,-0.01674,-0.01236
19.6560,0.01191,-0.01675,-0.01229
19.6600,0.01194,-0.01676,-0.01222
19.6680,0.01190,-0.01658,-0.01216
19.6760,0.01185,-0.01639,-0.01210
19.6800,0.01187,-0.01636,-0.01204
19.6840,0.01188,-0.01633,-0.01199
19.6880,0.01189,-0.01630,-0.01193
19.6880,0.01197,-0.01646,-0.01186
19.7000,0.01183,-0.01598,-0.01182
19.7040,0.01183,-0.01592,-0.01177
19.7080,0.01183,-0.01586,-0.01171
19.7120,0.01183,-0.01579,-0.01166
19.7160,0.01191,-0.01595,-0.01160
19.7200,0.01183,-0.01563,-0.01155
19.7240,0.01182,-0.01554,-0.01150
19.7280,0.01174,-0.01528,-0.01152
19.7320,0.01165,-0.01502,-0.01153
19.7360,0.01156,-0.01474,-0.01154
19.7400,0.01146,-0.01447,-0.01155
19.7440,0.01055,-0.01166,-0.01170
19.7480,0.01068,-0.01209,-0.01173
19.7520,0.01082,-0.01251,-0.01177
19.7560,0.01096,-0.01293,-0.01180
19.7600,0.01109,-0.01334,-0.01184
19.7680,0.01118,-0.01364,-0.01192
19.7760,0.01126,-0.01391,-0.01200
19.7800,0.01139,-0.01430,-0.01204
19.7880,0.01147,-0.01454,-0.01213
19.7920,0.01159,-0.01491,-0.01218
19.7960,0.01172,-0.01528,-0.01222
19.8000,0.01185,-0.01564,-0.01226
19.8040,0.01197,-0.01600,-0.01230
19.8040,0.01210,-0.01635,-0.01234
19.8080,0.01222,-0.01670,-0.01238
19.8160,0.01235,-0.01704,-0.01242
19.8200,0.01230,-0.01686,-0.01247
19.8240,0.01225,-0.01667,-0.01251
19.8280,0.01219,-0.01648,-0.01256
19.8320,0.01214,-0.01628,-0.01260
19.8360,0.01202,-0.01586,-0.01268
19.8440,0.01196,-0.01564,-0.01273
19.8480,0.01130,-0.01308,-0.01314
19.8520,0.01144,-0.01355,-0.01306
19.8560,0.01157,-0.01402,-0.01298
19.8600,0.01170,-0.01448,-0.01289
19.8680,0.01180,-0.01483,-0.01281
19.8680,0.01193,-0.01528,-0.01273
19.8760,0.01205,-0.01571,-0.01265
19.8800,0.01221,-0.01628,-0.01256
19.8840,0.01230,-0.01658,-0.01248
19.8880,0.01242,-0.01700,-0.01240
19.8920,0.01254,-0.01743,-0.01231
19.9000,0.01266,-0.01784,-0.01223
19.9040,0.01277,-0.01825,-0.01216
19.9080,0.01284,-0.01848,-0.01210
19.9120,0.01296,-0.01887,-0.01202
19.9160,0.01307,-0.01925,-0.01195
19.9200,0.01302,-0.01906,-0.01197
19.9240,0.01297,-0.01886,-0.01198
19.9280,0.01293,-0.01866,-0.01200
19.9320,0.01288,-0.01845,-0.01201
19.9360,0.01283,-0.01824,-0.01202
19.9400,0.01241,-0.01641,-0.01210
19.9480,0.01243,-0.01636,-0.01205
19.9560,0.01244,-0.01628,-0.01199
19.9600,0.01249,-0.01638,-0.01195
19.9680,0.01249,-0.01626,-0.01190
19.9680,0.01253,-0.01633,-0.01186
19.9720,0.01257,-0.01640,-0.01183
19.9800,0.01260,-0.01645,-0.01179
19.9840,0.01264,-0.01651,-0.01176
19.9880,0.01267,-0.01656,-0.01172
19.9920,0.01270,-0.01660,-0.01169
19.9960,0.01274,-0.01664,-0.01166
20.0000,0.01277,-0.01667,-0.01163
20.0040,0.01285,-0.01696,-0.01161
20.0040,0.01288,-0.01698,-0.01158
20.0080,0.01291,-0.01701,-0.01155
20.0160,0.01284,-0.01674,-0.01154
20.0200,0.01271,-0.01619,-0.01152
20.0240,0.01264,-0.01591,-0.01151
20.0280,0.01256,-0.01562,-0.01150
20.0320,0.01248,-0.01532,-0.01150
20.0360,0.01248,-0.01532,-0.01150
20.0400,0.01180,-0.01290,-0.01147
20.0440,0.01188,-0.01332,-0.01151
20.0480,0.01195,-0.01375,-0.01155
20.0520,0.01202,-0.01417,-0.01160
20.0600,0.01203,-0.01444,-0.01165
20.0680,0.01204,-0.01469,-0.01169
20.0680,0.01216,-0.01524,-0.01173
20.0800,0.01209,-0.01530,-0.01178
20.0840,0.01214,-0.01567,-0.01182
20.0880,0.01219,-0.01603,-0.01187
20.0880,0.01231,-0.01658,-0.01191
20.0960,0.01228,-0.01675,-0.01196
20.1040,0.01225,-0.01689,-0.01201
20.1080,0.01229,-0.01723,-0.01206
20.1120,0.01233,-0.01757,-0.01211
20.1160,0.01237,-0.01789,-0.01216
20.1160,0.01237,-0.01789,-0.01216
20.1240,0.01220,-0.01744,-0.01218
20.1280,0.01220,-0.01744,-0.01218
20.1320,0.01202,-0.01695,-0.01220
20.1360,0.01193,-0.01670,-0.01221
20.1440,0.01118,-0.01453,-0.01230
20.1480,0.01136,-0.01503,-0.01230
20.1520,0.01146,-0.01527,-0.01232
20.1560,0.01161,-0.01564,-0.01233
20.1600,0.01175,-0.01599,-0.01233
20.1680,0.01185,-0.01619,-0.01235
20.1720,0.01199,-0.01653,-0.01236
20.1760,0.01212,-0.01686,-0.01236
20.1840,0.01220,-0.01700,-0.01238
20.1880,0.01233,-0.01732,-0.01239
20.1920,0.01246,-0.01762,-0.01239
20.1920,0.01264,-0.01811,-0.01239
20.2000,0.01271,-0.01821,-0.01241
20.2040,0.01283,-0.01850,-0.01242
20.2080,0.01295,-0.01878,-0.01242
20.2080,0.01307,-0.01905,-0.01243
20.2160,0.01301,-0.01882,-0.01244
20.2200,0.01295,-0.01859,-0.01246
20.2240,0.01289,-0.01835,-0.01247
20.2280,0.01283,-0.01810,-0.01248
20.2320,0.01283,-0.01810,-0.01248
20.2360,0.01276,-0.01785,-0.01250
20.2440,0.01257,-0.01707,-0.01255
20.2480,0.01250,-0.01679,-0.01257
20.2520,0.01243,-0.01650,-0.01259
20.2600,0.01229,-0.01592,-0.01264
20.2680,0.01214,-0.01530,-0.01268
20.2720,0.01160,-0.01320,-0.01284
20.2760,0.01173,-0.01391,-0.01290
20.2800,0.01186,-0.01461,-0.01295
20.2840,0.01199,-0.01532,-0.01300
20.2880,0.01211,-0.01601,-0.01305
20.2920,0.01223,-0.01670,-0.01311
20.2960,0.01235,-0.01739,-0.01316
20.3000,0.01246,-0.01807,-0.01321
20.3040,0.01257,-0.01874,-0.01326
20.3080,0.01267,-0.01941,-0.01332
20.3120,0.01278,-0.02006,-0.01337
20.3160,0.01293,-0.02089,-0.01340
20.3200,0.01298,-0.02136,-0.01347
20.3240,0.01308,-0.02200,-0.01353
20.3280,0.01317,-0.02263,-0.01359
20.3320,0.01327,-0.02325,-0.01365
20.3360,0.01320,-0.02304,-0.01367
20.3400,0.01314,-0.02283,-0.01370
20.3480,0.01300,-0.02238,-0.01375
20.3520,0.01300,-0.02238,-0.01375
20.3560,0.01285,-0.02191,-0.01379
20.3640,0.01270,-0.02140,-0.01383
20.3680,0.01262,-0.02114,-0.01385
20.3760,0.01245,-0.02059,-0.01389
20.3800,0.01236,-0.02031,-0.01391
20.3840,0.01227,-0.02002,-0.01393
20.3880,0.01218,-0.01973,-0.01395
20.3880,0.01208,-0.01942,-0.01398
20.3960,0.01208,-0.01942,-0.01398
20.4000,0.01188,-0.01880,-0.01403
20.4040,0.01092,-0.01585,-0.01430
20.4080,0.01102,-0.01596,-0.01422
20.4120,0.01111,-0.01607,-0.01413
20.4160,0.01121,-0.01617,-0.01404
20.4200,0.01130,-0.01626,-0.01396
20.4240,0.01139,-0.01634,-0.01387
20.4240,0.01155,-0.01666,-0.01377
20.4360,0.01148,-0.01623,-0.01371
20.4440,0.01147,-0.01601,-0.01364
20.4480,0.01155,-0.01605,-0.01355
20.4520,0.01163,-0.01608,-0.01347
20.4560,0.01179,-0.01640,-0.01337
20.4600,0.01177,-0.01613,-0.01330
20.4640,0.01184,-0.01614,-0.01321
20.4640,0.01201,-0.01646,-0.01311
20.4720,0.01208,-0.01646,-0.01303
20.4760,0.01198,-0.01614,-0.01304
20.4800,0.01188,-0.01581,-0.01305
20.4840,0.01167,-0.01513,-0.01307
20.4920,0.01156,-0.01478,-0.01308
20.4960,0.01134,-0.01406,-0.01310
20.5040,0.01043,-0.01107,-0.01325
20.5080,0.01060,-0.01162,-0.01327
20.5120,0.01076,-0.01216,-0.01328
20.5200,0.01087,-0.01254,-0.01333
20.5240,0.01103,-0.01307,-0.01335
20.5280,0.01118,-0.01359,-0.01337
20.5360,0.01126,-0.01391,-0.01341
20.5360,0.01147,-0.01461,-0.01340
20.5440,0.01161,-0.01511,-0.01341
20.5480,0.01175,-0.01561,-0.01343
20.5520,0.01180,-0.01589,-0.01346
20.5600,0.01184,-0.01614,-0.01350
20.5640,0.01197,-0.01661,-0.01351
20.5680,0.01209,-0.01707,-0.01352
20.5720,0.01221,-0.01753,-0.01353
20.5760,0.01232,-0.01797,-0.01355
20.5800,0.01223,-0.01772,-0.01357
20.5840,0.01212,-0.01747,-0.01359
20.5880,0.01202,-0.01720,-0.01361
20.5880,0.01202,-0.01720,-0.01361
20.5960,0.01180,-0.01666,-0.01366
20.6000,0.01169,-0.01638,-0.01368
20.6040,0.01062,-0.01378,-0.01389
20.6120,0.01068,-0.01404,-0.01383
20.6120,0.01086,-0.01456,-0.01374
20.6200,0.01091,-0.01480,-0.01368
20.6240,0.01103,-0.01517,-0.01361
20.6320,0.01106,-0.01538,-0.01355
20.6360,0.01125,-0.01589,-0.01346
20.6400,0.01135,-0.01625,-0.01339
20.6440,0.01137,-0.01643,-0.01334
20.6480,0.01147,-0.01677,-0.01326
20.6560,0.01147,-0.01692,-0.01320
20.6640,0.01147,-0.01704,-0.01314
20.6680,0.01155,-0.01735,-0.01307
20.6720,0.01164,-0.01765,-0.01299
20.6760,0.01172,-0.01794,-0.01292
20.6800,0.01098,-0.01648,-0.01298
20.6840,0.01110,-0.01673,-0.01309
20.6880,0.01130,-0.01711,-0.01310
20.6920,0.01141,-0.01733,-0.01320
20.6960,0.01156,-0.01762,-0.01326
20.7040,0.01165,-0.01780,-0.01336
20.7120,0.01173,-0.01796,-0.01347
20.7120,0.01194,-0.01833,-0.01348
20.7240,0.01201,-0.01846,-0.01359
20.7240,0.01215,-0.01871,-0.01364
20.7280,0.01228,-0.01895,-0.01370
20.7360,0.01234,-0.01902,-0.01381
20.7400,0.01247,-0.01924,-0.01386
20.7520,0.01243,-0.01911,-0.01401
20.7560,0.01256,-0.01931,-0.01407
20.7600,0.01268,-0.01950,-0.01413
20.7680,0.01249,-0.01912,-0.01422
20.7760,0.01230,-0.01870,-0.01432
20.7800,0.01220,-0.01849,-0.01436
20.7880,0.01200,-0.01803,-0.01446
20.7960,0.01180,-0.01755,-0.01456
20.8000,0.01169,-0.01730,-0.01461
20.8040,0.01074,-0.01486,-0.01503
20.8080,0.01090,-0.01503,-0.01484
20.8120,0.01106,-0.01518,-0.01465
20.8160,0.01122,-0.01533,-0.01446
20.8200,0.01137,-0.01548,-0.01427
20.8200,0.01159,-0.01583,-0.01409
20.8280,0.01167,-0.01576,-0.01389
20.8320,0.01189,-0.01610,-0.01372
20.8360,0.01197,-0.01601,-0.01351
20.8400,0.01211,-0.01612,-0.01333
20.8440,0.01225,-0.01623,-0.01314
20.8480,0.01239,-0.01634,-0.01295
20.8520,0.01252,-0.01644,-0.01276
20.8560,0.01265,-0.01653,-0.01257
20.8600,0.01278,-0.01661,-0.01238
20.8640,0.01290,-0.01669,-0.01219
20.8680,0.01271,-0.01614,-0.01216
20.8720,0.01271,-0.01614,-0.01216
20.8800,0.01261,-0.01585,-0.01215
20.8840,0.01240,-0.01526,-0.01213
20.8880,0.01229,-0.01496,-0.01212
20.8920,0.01218,-0.01465,-0.01210
20.9000,0.01146,-0.01267,-0.01195
20.9040,0.01150,-0.01294,-0.01189
20.9080,0.01154,-0.01321,-0.01183
20.9080,0.01158,-0.01348,-0.01176
20.9160,0.01162,-0.01374,-0.01170
20.9200,0.01166,-0.01399,-0.01163
20.9240,0.01170,-0.01423,-0.01157
20.9280,0.01173,-0.01446,-0.01151
20.9360,0.01168,-0.01444,-0.01141
20.9400,0.01171,-0.01465,-0.01134
20.9440,0.01174,-0.01486,-0.01128
20.9520,0.01167,-0.01479,-0.01118
20.9600,0.01159,-0.01469,-0.01108
20.9680,0.01150,-0.01457,-0.01098
20.9680,0.01162,-0.01504,-0.01095
20.9760,0.01152,-0.01490,-0.01085
20.9800,0.01152,-0.01490,-0.01085
20.9840,0.01131,-0.01424,-0.01078
20.9880,0.01120,-0.01391,-0.01075
20.9960,0.01097,-0.01321,-0.01068
21.0000,0.01011,-0.01046,-0.01042
21.0040,0.01036,-0.01122,-0.01054
21.0080,0.01061,-0.01198,-0.01067
21.0160,0.01086,-0.01273,-0.01079
21.0200,0.01106,-0.01333,-0.01091
21.0240,0.01129,-0.01406,-0.01104
21.0280,0.01153,-0.01478,-0.01117
21.0320,0.01176,-0.01550,-0.01130
21.0360,0.01199,-0.01621,-0.01143
21.0400,0.01222,-0.01691,-0.01156
21.0440,0.01244,-0.01761,-0.01168
21.0520,0.01260,-0.01812,-0.01180
21.0600,0.01276,-0.01860,-0.01192
21.0640,0.01297,-0.01926,-0.01205
21.0720,0.01310,-0.01971,-0.01217
21.0720,0.01338,-0.02058,-0.01231
21.0760,0.01330,-0.02035,-0.01230
21.0840,0.01314,-0.01988,-0.01227
21.0880,0.01305,-0.01964,-0.01226
21.0920,0.01296,-0.01939,-0.01225
21.0960,0.01287,-0.01914,-0.01223
21.1000,0.01278,-0.01888,-0.01222
21.1040,0.01269,-0.01861,-0.01220
21.1080,0.01182,-0.01614,-0.01205
21.1080,0.01194,-0.01661,-0.01213
21.1120,0.01211,-0.01720,-0.01221
21.1200,0.01218,-0.01754,-0.01229
21.1240,0.01230,-0.01800,-0.01237
21.1280,0.01242,-0.01845,-0.01245
21.1280,0.01253,-0.01889,-0.01253
21.1360,0.01257,-0.01918,-0.01261
21.1440,0.01268,-0.01960,-0.01269
21.1480,0.01278,-0.02002,-0.01278
21.1520,0.01289,-0.02043,-0.01286
21.1600,0.01291,-0.02065,-0.01294
21.1640,0.01300,-0.02104,-0.01302
21.1720,0.01300,-0.02121,-0.01311
21.1760,0.01309,-0.02158,-0.01320
21.1840,0.01308,-0.02172,-0.01328
21.1880,0.01298,-0.02149,-0.01328
21.1920,0.01288,-0.02125,-0.01328
21.1960,0.01278,-0.02100,-0.01328
21.2000,0.01267,-0.02075,-0.01328
21.2040,0.01176,-0.01867,-0.01328
21.2120,0.01177,-0.01856,-0.01330
21.2160,0.01193,-0.01874,-0.01330
21.2200,0.01193,-0.01861,-0.01332
21.2280,0.01192,-0.01845,-0.01334
21.2360,0.01191,-0.01826,-0.01337
21.2400,0.01206,-0.01845,-0.01337
21.2440,0.01204,-0.01823,-0.01339
21.2480,0.01219,-0.01842,-0.01339
21.2520,0.01216,-0.01818,-0.01342
21.2560,0.01221,-0.01815,-0.01343
21.2600,0.01226,-0.01811,-0.01344
21.2680,0.01221,-0.01782,-0.01350
21.2720,0.01226,-0.01775,-0.01356
21.2760,0.01230,-0.01767,-0.01363
21.2840,0.01223,-0.01732,-0.01372
21.2880,0.01212,-0.01706,-0.01373
21.2960,0.01188,-0.01652,-0.01374
21.3000,0.01098,-0.01444,-0.01371
21.3040,0.01088,-0.01403,-0.01344
21.3080,0.01085,-0.01386,-0.01319
21.3120,0.01083,-0.01369,-0.01296
21.3200,0.01071,-0.01322,-0.01268
21.3240,0.01068,-0.01302,-0.01244
21.3280,0.01065,-0.01281,-0.01220
21.3320,0.01062,-0.01260,-0.01196
21.3400,0.01049,-0.01205,-0.01168
21.3440,0.01055,-0.01216,-0.01148
21.3480,0.01051,-0.01193,-0.01123
21.3520,0.01037,-0.01134,-0.01095
21.3560,0.01031,-0.01109,-0.01071
21.3600,0.01026,-0.01084,-0.01047
21.3680,0.01008,-0.01020,-0.01018
21.3720,0.01002,-0.00993,-0.00994
21.3720,0.01002,-0.00993,-0.00994
21.3760,0.00989,-0.00954,-0.00990
21.3840,0.00963,-0.00874,-0.00982
21.3920,0.00935,-0.00791,-0.00975
21.4000,0.00906,-0.00706,-0.00967
21.4080,0.00761,-0.00291,-0.00925
21.4120,0.00774,-0.00352,-0.00914
21.4160,0.00794,-0.00437,-0.00909
21.4200,0.00799,-0.00474,-0.00893
21.4240,0.00811,-0.00533,-0.00883
21.4280,0.00823,-0.00592,-0.00873
21.4320,0.00842,-0.00677,-0.00868
21.4360,0.00854,-0.00736,-0.00858
21.4400,0.00858,-0.00766,-0.00842
21.4440,0.00870,-0.00823,-0.00831
21.4480,0.00881,-0.00879,-0.00820
21.4520,0.00893,-0.00934,-0.00809
21.4560,0.00904,-0.00989,-0.00798
21.4600,0.00915,-0.01043,-0.00787
21.4640,0.00934,-0.01127,-0.00782
21.4680,0.00936,-0.01149,-0.00766
21.4720,0.00926,-0.01116,-0.00760
21.4800,0.00906,-0.01049,-0.00749
21.4840,0.00896,-0.01014,-0.00743
21.4920,0.00875,-0.00942,-0.00733
21.4960,0.00864,-0.00905,-0.00727
21.5000,0.00853,-0.00868,-0.00722
21.5040,0.00841,-0.00830,-0.00716
21.5080,0.00731,-0.00458,-0.00672
21.5160,0.00745,-0.00514,-0.00686
21.5200,0.00760,-0.00569,-0.00700
21.5240,0.00774,-0.00624,-0.00714
21.5280,0.00794,-0.00702,-0.00729
21.5320,0.00802,-0.00733,-0.00742
21.5360,0.00822,-0.00811,-0.00757
21.5440,0.00821,-0.00814,-0.00770
21.5520,0.00826,-0.00838,-0.00784
21.5560,0.00838,-0.00888,-0.00798
21.5600,0.00850,-0.00937,-0.00813
21.5640,0.00862,-0.00985,-0.00827
21.5680,0.00873,-0.01033,-0.00842
21.5760,0.00875,-0.01049,-0.00856
21.5760,0.00886,-0.01095,-0.00871
21.5840,0.00897,-0.01140,-0.00885
21.5920,0.00877,-0.01073,-0.00884
21.5960,0.00867,-0.01039,-0.00883
21.6000,0.00856,-0.01004,-0.00882
21.6040,0.00846,-0.00969,-0.00881
21.6080,0.00846,-0.00969,-0.00881
21.6080,0.00834,-0.00933,-0.00880
21.6120,0.00823,-0.00896,-0.00878
21.6200,0.00799,-0.00820,-0.00876
21.6240,0.00799,-0.00820,-0.00876
21.6320,0.00761,-0.00701,-0.00872
21.6360,0.00748,-0.00660,-0.00871
21.6400,0.00735,-0.00619,-0.00870
21.6440,0.00721,-0.00577,-0.00868
21.6480,0.00707,-0.00534,-0.00867
21.6520,0.00526,-0.00005,-0.00852
21.6560,0.00554,-0.00104,-0.00858
21.6600,0.00583,-0.00202,-0.00863
21.6680,0.00603,-0.00282,-0.00867
21.6720,0.00632,-0.00378,-0.00872
21.6760,0.00660,-0.00474,-0.00877
21.6800,0.00688,-0.00569,-0.00882
21.6840,0.00715,-0.00663,-0.00887
21.6880,0.00743,-0.00756,-0.00891
21.6920,0.00770,-0.00849,-0.00896
21.6960,0.00797,-0.00941,-0.00900
21.7000,0.00824,-0.01033,-0.00905
21.7040,0.00860,-0.01147,-0.00910
21.7120,0.00866,-0.01188,-0.00913
21.7160,0.00893,-0.01277,-0.00917
21.7200,0.00929,-0.01391,-0.00923
21.7240,0.00909,-0.01338,-0.00921
21.7280,0.00899,-0.01311,-0.00920
21.7320,0.00888,-0.01283,-0.00920
21.7360,0.00888,-0.01283,-0.00920
21.7400,0.00833,-0.01125,-0.00916
21.7400,0.00847,-0.01165,-0.00919
21.7440,0.00861,-0.01204,-0.00922
21.7520,0.00872,-0.01228,-0.00925
21.7600,0.00881,-0.01250,-0.00928
21.7640,0.00894,-0.01286,-0.00930
21.7720,0.00901,-0.01305,-0.00932
21.7760,0.00913,-0.01339,-0.00934
21.7800,0.00925,-0.01372,-0.00937
21.7840,0.00937,-0.01405,-0.00939
21.7880,0.00948,-0.01437,-0.00941
21.7920,0.00959,-0.01468,-0.00943
21.7960,0.00970,-0.01499,-0.00945
21.8040,0.00973,-0.01508,-0.00948
21.8120,0.00976,-0.01513,-0.00951
21.8160,0.00985,-0.01541,-0.00954
21.8200,0.00977,-0.01517,-0.00955
21.8240,0.00968,-0.01492,-0.00956
21.8280,0.00959,-0.01466,-0.00957
21.8320,0.00950,-0.01440,-0.00958
21.8360,0.00941,-0.01413,-0.00959
21.8400,0.00931,-0.01385,-0.00960
21.8440,0.00827,-0.01091,-0.00979
21.8480,0.00836,-0.01097,-0.00979
21.8520,0.00846,-0.01102,-0.00980
21.8560,0.00855,-0.01107,-0.00980
21.8600,0.00864,-0.01111,-0.00980
21.8640,0.00873,-0.01114,-0.00980
21.8680,0.00881,-0.01117,-0.00980
21.8760,0.00881,-0.01096,-0.00985
21.8840,0.00881,-0.01072,-0.00989
21.8920,0.00879,-0.01045,-0.00994
21.8960,0.00886,-0.01042,-0.00995
21.9040,0.00883,-0.01011,-0.01001
21.9120,0.00879,-0.00976,-0.01007
21.9160,0.00895,-0.01001,-0.01004
21.9200,0.00890,-0.00963,-0.01010
21.9280,0.00895,-0.00956,-0.01011
21.9320,0.00873,-0.00890,-0.01021
21.9360,0.00861,-0.00856,-0.01025
21.9400,0.00754,-0.00541,-0.01066
21.9440,0.00771,-0.00571,-0.01052
21.9480,0.00789,-0.00599,-0.01038
21.9520,0.00806,-0.00628,-0.01024
21.9560,0.00829,-0.00674,-0.01009
21.9600,0.00839,-0.00682,-0.00996
21.9640,0.00855,-0.00708,-0.00982
21.9720,0.00864,-0.00712,-0.00969
21.9760,0.00879,-0.00737,-0.00955
21.9800,0.00894,-0.00761,-0.00941
21.9840,0.00909,-0.00785,-0.00927
21.9880,0.00923,-0.00807,-0.00914
21.9920,0.00947,-0.00854,-0.00899
21.9960,0.00952,-0.00851,-0.00886
22.0000,0.00966,-0.00871,-0.00872
22.0040,0.00979,-0.00891,-0.00858
22.0080,0.00969,-0.00864,-0.00859
22.0120,0.00959,-0.00836,-0.00860
22.0200,0.00938,-0.00779,-0.00862
22.0240,0.00927,-0.00749,-0.00863
22.0280,0.00917,-0.00719,-0.00864
22.0320,0.00906,-0.00688,-0.00865
22.0360,0.00894,-0.00656,-0.00866
22.0400,0.00871,-0.00590,-0.00868
22.0480,0.00740,-0.00205,-0.00874
22.0520,0.00761,-0.00266,-0.00868
22.0560,0.00782,-0.00326,-0.00861
22.0600,0.00808,-0.00403,-0.00857
22.0640,0.00823,-0.00444,-0.00847
22.0680,0.00843,-0.00502,-0.00840
22.0720,0.00863,-0.00559,-0.00833
22.0800,0.00883,-0.00616,-0.00826
22.0840,0.00896,-0.00651,-0.00817
22.0880,0.00915,-0.00706,-0.00810
22.0960,0.00927,-0.00738,-0.00802
22.1000,0.00945,-0.00791,-0.00795
22.1040,0.00963,-0.00844,-0.00788
22.1080,0.00981,-0.00895,-0.00782
22.1160,0.00989,-0.00921,-0.00774
22.1200,0.01006,-0.00970,-0.00768
22.1240,0.00996,-0.00942,-0.00767
22.1240,0.00986,-0.00914,-0.00765
22.1320,0.00976,-0.00885,-0.00764
22.1360,0.00966,-0.00855,-0.00763
22.1440,0.00863,-0.00569,-0.00763
22.1480,0.00872,-0.00601,-0.00774
22.1560,0.00865,-0.00589,-0.00791
22.1600,0.00873,-0.00618,-0.00802
22.1640,0.00880,-0.00646,-0.00814
22.1680,0.00896,-0.00697,-0.00823
22.1720,0.00895,-0.00700,-0.00837
22.1760,0.00902,-0.00725,-0.00849
22.1800,0.00908,-0.00750,-0.00861
22.1880,0.00906,-0.00747,-0.00875
22.1960,0.00903,-0.00740,-0.00889
22.2000,0.00909,-0.00762,-0.00900
22.2040,0.00915,-0.00782,-0.00912
22.2080,0.00920,-0.00802,-0.00923
22.2160,0.00925,-0.00822,-0.00935
22.2200,0.00919,-0.00807,-0.00949
22.2240,0.00908,-0.00773,-0.00951
22.2280,0.00897,-0.00739,-0.00954
22.2320,0.00885,-0.00704,-0.00956
22.2400,0.00862,-0.00633,-0.00961
22.2440,0.00850,-0.00596,-0.00964
22.2480,0.00712,-0.00181,-0.00987
22.2560,0.00729,-0.00244,-0.00976
22.2600,0.00751,-0.00322,-0.00967
22.2640,0.00772,-0.00400,-0.00959
22.2680,0.00792,-0.00477,-0.00950
22.2720,0.00813,-0.00553,-0.00941
22.2800,0.00833,-0.00629,-0.00933
22.2840,0.00846,-0.00683,-0.00922
22.2880,0.00866,-0.00757,-0.00913
22.2880,0.00893,-0.00854,-0.00906
22.2960,0.00905,-0.00903,-0.00895
22.3040,0.00915,-0.00950,-0.00883
22.3080,0.00934,-0.01021,-0.00874
22.3160,0.00942,-0.01063,-0.00863
22.3160,0.00960,-0.01132,-0.00853
22.3240,0.00977,-0.01200,-0.00844
22.3240,0.00977,-0.01200,-0.00844
22.3320,0.00956,-0.01141,-0.00839
22.3360,0.00946,-0.01110,-0.00837
22.3400,0.00840,-0.00822,-0.00818
22.3520,0.00850,-0.00870,-0.00825
22.3560,0.00865,-0.00928,-0.00834
22.3600,0.00880,-0.00986,-0.00842
22.3640,0.00895,-0.01044,-0.00851
22.3720,0.00902,-0.01086,-0.00859
22.3760,0.00916,-0.01141,-0.00867
22.3800,0.00929,-0.01196,-0.00876
22.3840,0.00943,-0.01251,-0.00884
22.3880,0.00957,-0.01305,-0.00893
22.3920,0.00970,-0.01358,-0.00902
22.3960,0.00983,-0.01411,-0.00910
22.4040,0.00987,-0.01442,-0.00919
22.4080,0.00999,-0.01493,-0.00928
22.4160,0.01011,-0.01542,-0.00937
22.4200,0.01014,-0.01568,-0.00946
22.4240,0.01004,-0.01545,-0.00946
22.4240,0.01004,-0.01545,-0.00946
22.4320,0.00984,-0.01496,-0.00946
22.4360,0.00973,-0.01471,-0.00946
22.4400,0.00962,-0.01445,-0.00947
22.4440,0.00852,-0.01166,-0.00960
22.4480,0.00864,-0.01207,-0.00970
22.4520,0.00876,-0.01247,-0.00980
22.4560,0.00887,-0.01286,-0.00990
22.4600,0.00899,-0.01324,-0.01000
22.4640,0.00910,-0.01362,-0.01010
22.4680,0.00920,-0.01399,-0.01021
22.4720,0.00931,-0.01436,-0.01031
22.4760,0.00942,-0.01472,-0.01041
22.4840,0.00945,-0.01488,-0.01056
22.4880,0.00955,-0.01522,-0.01067
22.4920,0.00964,-0.01555,-0.01077
22.4960,0.00974,-0.01587,-0.01088
22.5040,0.00975,-0.01597,-0.01103
22.5080,0.00984,-0.01627,-0.01114
22.5160,0.00983,-0.01632,-0.01130
22.5200,0.00974,-0.01607,-0.01135
22.5280,0.00954,-0.01555,-0.01145
22.5320,0.00944,-0.01528,-0.01150
22.5360,0.00934,-0.01501,-0.01156
22.5440,0.00831,-0.01225,-0.01196
22.5520,0.00839,-0.01211,-0.01175
22.5560,0.00852,-0.01214,-0.01155
22.5600,0.00865,-0.01217,-0.01134
22.5680,0.00871,-0.01197,-0.01113
22.5760,0.00876,-0.01175,-0.01091
22.5800,0.00888,-0.01174,-0.01071
22.5840,0.00900,-0.01172,-0.01050
22.5880,0.00912,-0.01169,-0.01030
22.5960,0.00915,-0.01140,-0.01008
22.6000,0.00926,-0.01135,-0.00987
22.6040,0.00946,-0.01158,-0.00968
22.6080,0.00947,-0.01124,-0.00946
22.6120,0.00957,-0.01117,-0.00925
22.6160,0.00977,-0.01140,-0.00906
22.6200,0.00987,-0.01133,-0.00885
22.6240,0.00966,-0.01071,-0.00881
22.6280,0.00956,-0.01039,-0.00880
22.6360,0.00934,-0.00973,-0.00876
22.6400,0.00923,-0.00939,-0.00874
22.6480,0.00818,-0.00627,-0.00860
22.6520,0.00837,-0.00708,-0.00873
22.6560,0.00855,-0.00788,-0.00885
22.6600,0.00873,-0.00868,-0.00898
22.6640,0.00891,-0.00947,-0.00911
22.6680,0.00909,-0.01025,-0.00923
22.6720,0.00921,-0.01089,-0.00939
22.6760,0.00944,-0.01180,-0.00949
22.6840,0.00955,-0.01241,-0.00965
22.6880,0.00971,-0.01316,-0.00979
22.6920,0.00987,-0.01391,-0.00992
22.6960,0.01010,-0.01481,-0.01003
22.7000,0.01026,-0.01555,-0.01016
22.7040,0.01035,-0.01609,-0.01032
22.7080,0.01050,-0.01680,-0.01045
22.7080,0.01066,-0.01751,-0.01059
22.7160,0.01058,-0.01731,-0.01061
22.7200,0.01050,-0.01709,-0.01064
22.7240,0.01043,-0.01687,-0.01066
22.7280,0.01035,-0.01665,-0.01069
22.7360,0.01018,-0.01617,-0.01073
22.7400,0.01009,-0.01592,-0.01076
22.7480,0.00912,-0.01281,-0.01090
22.7520,0.00918,-0.01274,-0.01078
22.7600,0.00914,-0.01236,-0.01064
22.7640,0.00918,-0.01227,-0.01051
22.7720,0.00913,-0.01185,-0.01037
22.7760,0.00916,-0.01173,-0.01025
22.7760,0.00929,-0.01194,-0.01013
22.7840,0.00932,-0.01182,-0.01001
22.7880,0.00935,-0.01169,-0.00988
22.7920,0.00937,-0.01156,-0.00975
22.7960,0.00939,-0.01142,-0.00963
22.8000,0.00941,-0.01127,-0.00950
22.8040,0.00943,-0.01112,-0.00938
22.8080,0.00933,-0.01058,-0.00924
22.8120,0.00933,-0.01041,-0.00912
22.8200,0.00922,-0.00984,-0.00899
22.8240,0.00909,-0.00943,-0.00898
22.8280,0.00896,-0.00902,-0.00897
22.8320,0.00883,-0.00860,-0.00896
22.8400,0.00855,-0.00775,-0.00894
22.8440,0.00736,-0.00404,-0.00885
22.8480,0.00749,-0.00438,-0.00885
22.8520,0.00768,-0.00493,-0.00886
22.8600,0.00787,-0.00547,-0.00886
22.8680,0.00791,-0.00550,-0.00886
22.8720,0.00810,-0.00601,-0.00886
22.8760,0.00828,-0.00651,-0.00887
22.8800,0.00846,-0.00700,-0.00888
22.8840,0.00864,-0.00749,-0.00888
22.8920,0.00873,-0.00768,-0.00889
22.8920,0.00890,-0.00815,-0.00890
22.9000,0.00907,-0.00861,-0.00891
22.9040,0.00924,-0.00907,-0.00892
22.9120,0.00931,-0.00920,-0.00893
22.9200,0.00937,-0.00929,-0.00894
22.9240,0.00963,-0.01006,-0.00895
22.9280,0.00941,-0.00935,-0.00894
22.9320,0.00929,-0.00899,-0.00894
22.9360,0.00916,-0.00862,-0.00893
22.9400,0.00916,-0.00862,-0.00893
22.9400,0.00891,-0.00786,-0.00893
22.9480,0.00878,-0.00747,-0.00892
22.9520,0.00864,-0.00706,-0.00892
22.9560,0.00850,-0.00665,-0.00892
22.9600,0.00836,-0.00624,-0.00892
22.9600,0.00836,-0.00624,-0.00892
22.9680,0.00806,-0.00539,-0.00890
22.9720,0.00663,-0.00149,-0.00885
22.9760,0.00699,-0.00231,-0.00888
22.9800,0.00719,-0.00271,-0.00889
22.9880,0.00738,-0.00309,-0.00890
22.9920,0.00765,-0.00367,-0.00892
22.9960,0.00792,-0.00425,-0.00894
23.0000,0.00818,-0.00482,-0.00896
23.0040,0.00845,-0.00538,-0.00898
23.0120,0.00861,-0.00567,-0.00899
23.0160,0.00887,-0.00621,-0.00901
23.0200,0.00913,-0.00675,-0.00902
23.0240,0.00938,-0.00728,-0.00904
23.0320,0.00951,-0.00750,-0.00904
23.0360,0.00976,-0.00800,-0.00905
23.0440,0.00988,-0.00818,-0.00905
23.0480,0.01011,-0.00866,-0.00907
23.0520,0.00999,-0.00832,-0.00905
23.0600,0.00973,-0.00761,-0.00902
23.0680,0.00946,-0.00687,-0.00898
23.0720,0.00932,-0.00649,-0.00897
23.0760,0.00917,-0.00610,-0.00895
23.0840,0.00888,-0.00530,-0.00890
23.0880,0.00873,-0.00490,-0.00888
23.0920,0.00858,-0.00449,-0.00885
23.1000,0.00827,-0.00364,-0.00880
23.1040,0.00827,-0.00364,-0.00880
23.1080,0.00680,0.00034,-0.00854
23.1080,0.00705,-0.00069,-0.00862
23.1160,0.00729,-0.00171,-0.00870
23.1200,0.00753,-0.00273,-0.00877
23.1240,0.00776,-0.00373,-0.00885
23.1320,0.00791,-0.00451,-0.00892
23.1360,0.00813,-0.00549,-0.00900
23.1400,0.00836,-0.00647,-0.00908
23.1440,0.00859,-0.00744,-0.00916
23.1480,0.00881,-0.00841,-0.00925
23.1520,0.00903,-0.00936,-0.00933
23.1600,0.00916,-0.01005,-0.00942
23.1600,0.00947,-0.01126,-0.00950
23.1680,0.00959,-0.01192,-0.00959
23.1760,0.00971,-0.01255,-0.00967
23.1800,0.00992,-0.01346,-0.00976
23.1840,0.00981,-0.01315,-0.00976
23.1920,0.00959,-0.01251,-0.00976
23.1960,0.00948,-0.01218,-0.00977
23.2040,0.00848,-0.00927,-0.00977
23.2080,0.00863,-0.00950,-0.00971
23.2120,0.00877,-0.00972,-0.00965
23.2200,0.00884,-0.00970,-0.00957
23.2240,0.00898,-0.00990,-0.00952
23.2280,0.00911,-0.01009,-0.00946
23.2320,0.00931,-0.01053,-0.00941
23.2360,0.00936,-0.01045,-0.00933
23.2360,0.00957,-0.01090,-0.00929
23.2440,0.00969,-0.01107,-0.00923
23.2440,0.00981,-0.01123,-0.00917
23.2520,0.00984,-0.01109,-0.00909
23.2560,0.00995,-0.01123,-0.00902
23.2600,0.01006,-0.01137,-0.00896
23.2680,0.01017,-0.01149,-0.00889
23.2720,0.01017,-0.01128,-0.00881
23.2760,0.01006,-0.01094,-0.00879
23.2800,0.00995,-0.01060,-0.00877
23.2840,0.00984,-0.01025,-0.00875
23.2880,0.00973,-0.00989,-0.00873
23.2920,0.00962,-0.00953,-0.00871
23.2960,0.00950,-0.00916,-0.00869
23.3040,0.00869,-0.00661,-0.00861
23.3080,0.00887,-0.00729,-0.00867
23.3160,0.00904,-0.00795,-0.00874
23.3160,0.00921,-0.00861,-0.00881
23.3240,0.00933,-0.00913,-0.00889
23.3360,0.00937,-0.00947,-0.00899
23.3360,0.00953,-0.01009,-0.00906
23.3440,0.00969,-0.01071,-0.00914
23.3480,0.00985,-0.01132,-0.00921
23.3520,0.01000,-0.01192,-0.00929
23.3600,0.01007,-0.01232,-0.00938
23.3680,0.01013,-0.01269,-0.00949
23.3720,0.01027,-0.01326,-0.00957
23.3720,0.01049,-0.01404,-0.00963
23.3800,0.01054,-0.01437,-0.00973
23.3840,0.01068,-0.01491,-0.00981
23.3960,0.01049,-0.01442,-0.00986
23.4000,0.01029,-0.01390,-0.00992
23.4040,0.00938,-0.01139,-0.01021
23.4080,0.00949,-0.01180,-0.01027
23.4120,0.00960,-0.01220,-0.01034
23.4160,0.00971,-0.01259,-0.01041
23.4200,0.00982,-0.01298,-0.01047
23.4240,0.00992,-0.01336,-0.01054
23.4280,0.01002,-0.01374,-0.01060
23.4320,0.01012,-0.01411,-0.01067
23.4400,0.01014,-0.01426,-0.01079
23.4440,0.01023,-0.01461,-0.01086
23.4480,0.01039,-0.01517,-0.01088
23.4520,0.01039,-0.01529,-0.01101
23.4560,0.01046,-0.01562,-0.01107
23.4640,0.01045,-0.01569,-0.01119
23.4680,0.01052,-0.01600,-0.01126
23.4720,0.01059,-0.01629,-0.01133
23.4760,0.01049,-0.01602,-0.01138
23.4840,0.01029,-0.01546,-0.01149
23.4920,0.01009,-0.01487,-0.01159
23.4960,0.00998,-0.01456,-0.01164
23.5040,0.00976,-0.01394,-0.01174
23.5080,0.00965,-0.01361,-0.01179
23.5120,0.00954,-0.01328,-0.01184
23.5120,0.00818,-0.00903,-0.01239
23.5200,0.00843,-0.00969,-0.01220
23.5240,0.00867,-0.01035,-0.01200
23.5280,0.00892,-0.01101,-0.01181
23.5360,0.00910,-0.01151,-0.01161
23.5400,0.00934,-0.01214,-0.01142
23.5480,0.00957,-0.01276,-0.01123
23.5520,0.00974,-0.01320,-0.01104
23.5600,0.00990,-0.01362,-0.01084
23.5680,0.01004,-0.01400,-0.01064
23.5760,0.01017,-0.01436,-0.01044
23.5800,0.00953,-0.01278,-0.01015
23.5880,0.00961,-0.01312,-0.01008
23.5960,0.00975,-0.01357,-0.01002
23.6000,0.00988,-0.01402,-0.00997
23.6040,0.00996,-0.01431,-0.00990
23.6080,0.01008,-0.01474,-0.00985
23.6120,0.01021,-0.01517,-0.00979
23.6200,0.01027,-0.01540,-0.00973
23.6240,0.01040,-0.01581,-0.00968
23.6280,0.01052,-0.01621,-0.00963
23.6360,0.01058,-0.01640,-0.00957
23.6400,0.01070,-0.01678,-0.00952
23.6440,0.01082,-0.01716,-0.00946
23.6520,0.01086,-0.01730,-0.00940
23.6560,0.01097,-0.01766,-0.00934
23.6600,0.01108,-0.01802,-0.00929
23.6680,0.01091,-0.01751,-0.00926
23.6720,0.01091,-0.01751,-0.00926
23.6760,0.01074,-0.01697,-0.00922
23.6840,0.01055,-0.01640,-0.00919
23.6880,0.01046,-0.01611,-0.00917
23.6920,0.01036,-0.01580,-0.00915
23.7000,0.00959,-0.01351,-0.00901
23.7080,0.00965,-0.01352,-0.00900
23.7120,0.00983,-0.01389,-0.00903
23.7120,0.00994,-0.01407,-0.00904
23.7240,0.00991,-0.01383,-0.00902
23.7280,0.01001,-0.01399,-0.00902
23.7320,0.01011,-0.01413,-0.00903
23.7400,0.01012,-0.01403,-0.00902
23.7400,0.01021,-0.01415,-0.00902
23.7520,0.01020,-0.01400,-0.00900
23.7560,0.01028,-0.01410,-0.00900
23.7600,0.01036,-0.01419,-0.00899
23.7640,0.01043,-0.01428,-0.00899
23.7680,0.01061,-0.01465,-0.00902
23.7680,0.01068,-0.01473,-0.00902
23.7720,0.01075,-0.01480,-0.00902
23.7800,0.01064,-0.01450,-0.00899
23.7840,0.01040,-0.01387,-0.00895
23.7880,0.01028,-0.01354,-0.00893
23.7920,0.01016,-0.01321,-0.00890
23.7960,0.01003,-0.01288,-0.00889
23.8040,0.00892,-0.01016,-0.00879
23.8080,0.00907,-0.01079,-0.00889
23.8120,0.00920,-0.01140,-0.00900
23.8160,0.00934,-0.01201,-0.00910
23.8200,0.00947,-0.01262,-0.00920
23.8240,0.00960,-0.01321,-0.00930
23.8320,0.00964,-0.01365,-0.00942
23.8360,0.00976,-0.01423,-0.00952
23.8400,0.00988,-0.01480,-0.00961
23.8440,0.01000,-0.01536,-0.00971
23.8480,0.01020,-0.01610,-0.00979
23.8520,0.01021,-0.01647,-0.00990
23.8600,0.01021,-0.01681,-0.01000
23.8640,0.01031,-0.01734,-0.01009
23.8680,0.01040,-0.01787,-0.01018
23.8720,0.01049,-0.01839,-0.01028
23.8760,0.01036,-0.01816,-0.01029
23.8760,0.01036,-0.01816,-0.01029
23.8840,0.01010,-0.01770,-0.01031
23.8880,0.00996,-0.01745,-0.01031
23.8920,0.00982,-0.01720,-0.01032
23.8960,0.00968,-0.01695,-0.01033
23.9000,0.00953,-0.01668,-0.01033
23.9040,0.00816,-0.01428,-0.01041
23.9080,0.00834,-0.01474,-0.01050
23.9160,0.00843,-0.01508,-0.01062
23.9200,0.00860,-0.01552,-0.01071
23.9240,0.00877,-0.01595,-0.01080
23.9280,0.00893,-0.01638,-0.01088
23.9320,0.00909,-0.01679,-0.01097
23.9360,0.00925,-0.01720,-0.01105
23.9400,0.00940,-0.01761,-0.01114
23.9440,0.00956,-0.01801,-0.01123
23.9440,0.00981,-0.01856,-0.01128
23.9520,0.00986,-0.01879,-0.01141
23.9560,0.01012,-0.01934,-0.01145
23.9600,0.01016,-0.01955,-0.01159
23.9680,0.01020,-0.01972,-0.01172
23.9720,0.01034,-0.02006,-0.01182
23.9760,0.01022,-0.01985,-0.01186
23.9800,0.01009,-0.01964,-0.01191
23.9840,0.00997,-0.01941,-0.01196
23.9880,0.00997,-0.01941,-0.01196
23.9920,0.00971,-0.01895,-0.01206
23.9960,0.00958,-0.01871,-0.01211
24.0040,0.00848,-0.01659,-0.01246
24.0120,0.00865,-0.01647,-0.01220
24.0160,0.00887,-0.01646,-0.01195
24.0200,0.00909,-0.01646,-0.01169
24.0240,0.00931,-0.01644,-0.01144
24.0280,0.00953,-0.01642,-0.01119
24.0320,0.00974,-0.01639,-0.01094
24.0360,0.00995,-0.01635,-0.01069
24.0400,0.01016,-0.01631,-0.01044
24.0400,0.01044,-0.01645,-0.01019
24.0480,0.01058,-0.01620,-0.00993
24.0560,0.01071,-0.01592,-0.00967
24.0600,0.01091,-0.01585,-0.00942
24.0640,0.01111,-0.01577,-0.00916
24.0680,0.01131,-0.01568,-0.00891
24.0720,0.01150,-0.01559,-0.00865
24.0800,0.01133,-0.01508,-0.00864
24.0880,0.01115,-0.01456,-0.00863
24.0920,0.01106,-0.01429,-0.00862
24.0920,0.01096,-0.01401,-0.00861
24.1000,0.01086,-0.01372,-0.00861
24.1040,0.01076,-0.01343,-0.00860
24.1080,0.00968,-0.01038,-0.00855
24.1160,0.00974,-0.01053,-0.00874
24.1200,0.00986,-0.01082,-0.00887
24.1240,0.00998,-0.01110,-0.00901
24.1280,0.01009,-0.01137,-0.00914
24.1360,0.01013,-0.01144,-0.00934
24.1400,0.01023,-0.01169,-0.00948
24.1480,0.01026,-0.01173,-0.00968
24.1520,0.01036,-0.01197,-0.00982
24.1560,0.01046,-0.01219,-0.00996
24.1600,0.01056,-0.01241,-0.01010
24.1640,0.01066,-0.01263,-0.01025
24.1680,0.01076,-0.01283,-0.01039
24.1760,0.01028,-0.01135,-0.01083
24.1800,0.01048,-0.01198,-0.01064
24.1840,0.01067,-0.01260,-0.01045
24.1880,0.01086,-0.01322,-0.01026
24.1920,0.01107,-0.01390,-0.01012
24.1960,0.01124,-0.01443,-0.00988
24.2000,0.01142,-0.01503,-0.00969
24.2080,0.01160,-0.01562,-0.00950
24.2120,0.01175,-0.01609,-0.00926
24.2120,0.01192,-0.01665,-0.00907
24.2200,0.01208,-0.01721,-0.00888
24.2240,0.01225,-0.01776,-0.00868
24.2280,0.01241,-0.01831,-0.00849
24.2320,0.01258,-0.01885,-0.00830
24.2400,0.01270,-0.01923,-0.00806
24.2440,0.01285,-0.01974,-0.00787
24.2480,0.01280,-0.01957,-0.00783
24.2560,0.01269,-0.01920,-0.00774
24.2600,0.01263,-0.01901,-0.00770
24.2680,0.01251,-0.01861,-0.00761
24.2720,0.01251,-0.01861,-0.00761
24.2760,0.01237,-0.01818,-0.00752
24.2800,0.01230,-0.01795,-0.00747
24.2840,0.01135,-0.01519,-0.00703
24.2880,0.01137,-0.01540,-0.00721
24.2920,0.01146,-0.01580,-0.00739
24.2960,0.01141,-0.01581,-0.00756
24.3000,0.01143,-0.01600,-0.00773
24.3040,0.01151,-0.01640,-0.00791
24.3080,0.01146,-0.01638,-0.00809
24.3120,0.01147,-0.01656,-0.00827
24.3200,0.01140,-0.01651,-0.00844
24.3240,0.01141,-0.01667,-0.00862
24.3320,0.01132,-0.01658,-0.00879
24.3360,0.01132,-0.01672,-0.00897
24.3400,0.01131,-0.01686,-0.00915
24.3480,0.01131,-0.01699,-0.00933
24.3560,0.01110,-0.01655,-0.00952
24.3600,0.01108,-0.01666,-0.00970
24.3600,0.01097,-0.01636,-0.00971
24.3680,0.01087,-0.01606,-0.00971
24.3760,0.01076,-0.01575,-0.00971
24.3800,0.01065,-0.01543,-0.00972
24.3840,0.01041,-0.01477,-0.00972
24.3880,0.01029,-0.01443,-0.00972
24.3960,0.01004,-0.01373,-0.00973
24.4000,0.00992,-0.01337,-0.00973
24.4040,0.00979,-0.01301,-0.00973
24.4080,0.00844,-0.00922,-0.00970
24.4120,0.00866,-0.00976,-0.00969
24.4160,0.00888,-0.01030,-0.00968
24.4200,0.00910,-0.01083,-0.00967
24.4280,0.00923,-0.01113,-0.00965
24.4360,0.00935,-0.01141,-0.00963
24.4400,0.00955,-0.01191,-0.00962
24.4440,0.00974,-0.01240,-0.00960
24.4480,0.00994,-0.01289,-0.00958
24.4520,0.01014,-0.01336,-0.00956
24.4560,0.01033,-0.01383,-0.00955
24.4600,0.01052,-0.01429,-0.00953
24.4640,0.01071,-0.01475,-0.00951
24.4680,0.01090,-0.01519,-0.00949
24.4760,0.01097,-0.01532,-0.00946
24.4840,0.01115,-0.01574,-0.00944
24.4880,0.01092,-0.01510,-0.00941
24.4920,0.01080,-0.01476,-0.00940
24.4960,0.01068,-0.01442,-0.00938
24.5000,0.00973,-0.01174,-0.00932
24.5080,0.00989,-0.01235,-0.00942
24.5120,0.01005,-0.01295,-0.00953
24.5160,0.01015,-0.01341,-0.00966
24.5200,0.01030,-0.01399,-0.00977
24.5240,0.01045,-0.01456,-0.00988
24.5280,0.01060,-0.01513,-0.00998
24.5360,0.01068,-0.01553,-0.01011
24.5440,0.01082,-0.01608,-0.01021
24.5480,0.01089,-0.01644,-0.01034
24.5520,0.01103,-0.01698,-0.01044
24.5600,0.01108,-0.01729,-0.01057
24.5680,0.01111,-0.01758,-0.01070
24.5760,0.01112,-0.01785,-0.01083
24.5760,0.01134,-0.01858,-0.01091
24.5840,0.01134,-0.01881,-0.01104
24.5880,0.01123,-0.01856,-0.01107
24.5920,0.01111,-0.01829,-0.01109
24.6000,0.01088,-0.01774,-0.01114
24.6040,0.01076,-0.01746,-0.01116
24.6080,0.00949,-0.01454,-0.01135
24.6120,0.00969,-0.01530,-0.01131
24.6160,0.00983,-0.01596,-0.01127
24.6240,0.01002,-0.01671,-0.01123
24.6280,0.01021,-0.01745,-0.01120
24.6360,0.01033,-0.01806,-0.01116
24.6400,0.01050,-0.01878,-0.01113
24.6440,0.01068,-0.01949,-0.01110
24.6480,0.01085,-0.02020,-0.01106
24.6520,0.01101,-0.02090,-0.01103
24.6560,0.01118,-0.02159,-0.01099
24.6600,0.01134,-0.02227,-0.01096
24.6640,0.01159,-0.02312,-0.01092
24.6720,0.01158,-0.02343,-0.01090
24.6760,0.01174,-0.02409,-0.01087
24.6760,0.01198,-0.02494,-0.01083
24.6840,0.01180,-0.02453,-0.01084
24.6880,0.01170,-0.02431,-0.01085
24.6960,0.01151,-0.02386,-0.01086
24.7040,0.01130,-0.02338,-0.01086
24.7080,0.01037,-0.02108,-0.01090
24.7160,0.01051,-0.02127,-0.01099
24.7200,0.01069,-0.02157,-0.01106
24.7280,0.01082,-0.02173,-0.01116
24.7320,0.01099,-0.02200,-0.01124
24.7360,0.01120,-0.02241,-0.01128
24.7400,0.01132,-0.02253,-0.01138
24.7480,0.01143,-0.02262,-0.01148
24.7520,0.01158,-0.02286,-0.01155
24.7560,0.01174,-0.02308,-0.01162
24.7600,0.01189,-0.02331,-0.01169
24.7640,0.01204,-0.02352,-0.01176
24.7680,0.01218,-0.02373,-0.01183
24.7720,0.01233,-0.02393,-0.01190
24.7760,0.01254,-0.02434,-0.01195
24.7800,0.01261,-0.02430,-0.01204
24.7840,0.01253,-0.02407,-0.01207
24.7880,0.01246,-0.02383,-0.01210
24.7920,0.01238,-0.02358,-0.01212
24.7960,0.01229,-0.02333,-0.01215
24.7960,0.01229,-0.02333,-0.01215
24.8040,0.01212,-0.02280,-0.01220
24.8080,0.01203,-0.02252,-0.01223
24.8160,0.01184,-0.02195,-0.01229
24.8160,0.01174,-0.02165,-0.01232
24.8240,0.01165,-0.02134,-0.01235
24.8280,0.01155,-0.02102,-0.01238
24.8320,0.01145,-0.02070,-0.01241
24.8360,0.01135,-0.02038,-0.01244
24.8400,0.01124,-0.02004,-0.01248
24.8440,0.01031,-0.01697,-0.01281
24.8480,0.01048,-0.01737,-0.01269
24.8520,0.01065,-0.01777,-0.01257
24.8560,0.01082,-0.01816,-0.01245
24.8600,0.01104,-0.01871,-0.01233
24.8640,0.01113,-0.01891,-0.01221
24.8640,0.01129,-0.01928,-0.01209
24.8720,0.01144,-0.01964,-0.01197
24.8800,0.01151,-0.01978,-0.01186
24.8880,0.01157,-0.01989,-0.01175
24.8960,0.01162,-0.01997,-0.01164
24.9040,0.01166,-0.02003,-0.01153
24.9080,0.01178,-0.02033,-0.01142
24.9120,0.01191,-0.02062,-0.01131
24.9160,0.01203,-0.02091,-0.01119
24.9240,0.01204,-0.02089,-0.01109
24.9280,0.01193,-0.02059,-0.01110
24.9360,0.01171,-0.01997,-0.01112
24.9400,0.01159,-0.01966,-0.01114
24.9440,0.01147,-0.01933,-0.01115
24.9480,0.01135,-0.01900,-0.01116
24.9480,0.01123,-0.01866,-0.01118
24.9560,0.00968,-0.01427,-0.01139
24.9600,0.00982,-0.01476,-0.01142
24.9640,0.00997,-0.01525,-0.01145
24.9680,0.01011,-0.01573,-0.01149
24.9720,0.01025,-0.01620,-0.01153
24.9760,0.01039,-0.01666,-0.01156
24.9840,0.01044,-0.01689,-0.01165
24.9880,0.01066,-0.01757,-0.01165
24.9920,0.01070,-0.01777,-0.01174
24.9960,0.01083,-0.01820,-0.01178
25.0000,0.01095,-0.01862,-0.01183
25.0040,0.01107,-0.01903,-0.01187
25.0080,0.01129,-0.01971,-0.01187
25.0080,0.01141,-0.02012,-0.01191
25.0160,0.01142,-0.02024,-0.01201
25.0160,0.01153,-0.02063,-0.01206
25.0240,0.01142,-0.02033,-0.01212
25.0280,0.01131,-0.02003,-0.01217
25.0320,0.01120,-0.01972,-0.01223
25.0360,0.01109,-0.01941,-0.01229
25.0400,0.01109,-0.01941,-0.01229
25.0480,0.00998,-0.01627,-0.01279
25.0560,0.01012,-0.01645,-0.01265
25.0600,0.01031,-0.01677,-0.01250
25.0640,0.01050,-0.01708,-0.01235
25.0680,0.01069,-0.01739,-0.01220
25.0760,0.01083,-0.01752,-0.01206
25.0800,0.01101,-0.01781,-0.01191
25.0840,0.01120,-0.01810,-0.01176
25.0880,0.01137,-0.01838,-0.01162
25.0920,0.01155,-0.01865,-0.01147
25.1000,0.01172,-0.01891,-0.01133
25.1040,0.01182,-0.01895,-0.01118
25.1120,0.01190,-0.01895,-0.01104
25.1120,0.01214,-0.01943,-0.01089
25.1200,0.01221,-0.01940,-0.01074
25.1240,0.01236,-0.01962,-0.01059
25.1280,0.01227,-0.01935,-0.01060
25.1320,0.01217,-0.01908,-0.01060
25.1400,0.01207,-0.01880,-0.01061
25.1400,0.01198,-0.01851,-0.01061
25.1440,0.01187,-0.01822,-0.01062
25.1520,0.01166,-0.01760,-0.01062
25.1560,0.01155,-0.01728,-0.01063
25.1600,0.01143,-0.01696,-0.01063
25.1680,0.01119,-0.01629,-0.01064
25.1680,0.01119,-0.01629,-0.01064
25.1760,0.00999,-0.01302,-0.01068
25.1800,0.01026,-0.01373,-0.01069
25.1840,0.01040,-0.01411,-0.01069
25.1880,0.01060,-0.01465,-0.01070
25.1960,0.01072,-0.01498,-0.01071
25.2000,0.01091,-0.01550,-0.01072
25.2040,0.01110,-0.01601,-0.01072
25.2080,0.01128,-0.01651,-0.01073
25.2120,0.01137,-0.01679,-0.01073
25.2200,0.01154,-0.01727,-0.01074
25.2280,0.01161,-0.01751,-0.01073
25.2360,0.01167,-0.01773,-0.01073
25.2400,0.01183,-0.01818,-0.01073
25.2440,0.01198,-0.01863,-0.01074
25.2480,0.01213,-0.01907,-0.01075
25.2520,0.01216,-0.01923,-0.01075
25.2600,0.01204,-0.01894,-0.01074
25.2680,0.01177,-0.01835,-0.01073
25.2680,0.01177,-0.01835,-0.01073
25.2760,0.01149,-0.01774,-0.01071
25.2800,0.01134,-0.01742,-0.01070
25.2880,0.01103,-0.01677,-0.01068
25.2960,0.01071,-0.01608,-0.01067
25.3040,0.00927,-0.01309,-0.01067
25.3080,0.00947,-0.01349,-0.01074
25.3120,0.00967,-0.01389,-0.01080
25.3200,0.00976,-0.01408,-0.01088
25.3240,0.00995,-0.01447,-0.01095
25.3320,0.01001,-0.01462,-0.01103
25.3360,0.01019,-0.01498,-0.01110
25.3400,0.01036,-0.01533,-0.01117
25.3440,0.01053,-0.01567,-0.01123
25.3520,0.01057,-0.01575,-0.01131
25.3560,0.01074,-0.01607,-0.01138
25.3600,0.01090,-0.01638,-0.01144
25.3680,0.01106,-0.01669,-0.01151
25.3720,0.01107,-0.01669,-0.01159
25.3800,0.01107,-0.01666,-0.01167
25.3800,0.01137,-0.01725,-0.01173
25.3880,0.01107,-0.01660,-0.01176
25.3920,0.01092,-0.01626,-0.01177
25.4000,0.01060,-0.01556,-0.01180
25.4040,0.01044,-0.01519,-0.01182
25.4080,0.00903,-0.01182,-0.01191
25.4120,0.00933,-0.01269,-0.01186
25.4160,0.00952,-0.01318,-0.01177
25.4200,0.00975,-0.01386,-0.01170
25.4240,0.00999,-0.01452,-0.01163
25.4320,0.01022,-0.01518,-0.01155
25.4360,0.01037,-0.01560,-0.01146
25.4440,0.01052,-0.01599,-0.01137
25.4480,0.01074,-0.01661,-0.01129
25.4520,0.01096,-0.01723,-0.01122
25.4560,0.01117,-0.01785,-0.01115
25.4600,0.01139,-0.01845,-0.01108
25.4680,0.01151,-0.01877,-0.01099
25.4720,0.01181,-0.01964,-0.01094
25.4760,0.01191,-0.01993,-0.01085
25.4760,0.01211,-0.02050,-0.01078
25.4840,0.01201,-0.02019,-0.01076
25.4840,0.01190,-0.01987,-0.01074
25.4840,0.01180,-0.01955,-0.01073
25.5000,0.01157,-0.01888,-0.01069
25.5040,0.01146,-0.01854,-0.01067
25.5080,0.01024,-0.01503,-0.01058
25.5120,0.01036,-0.01566,-0.01074
25.5200,0.01041,-0.01610,-0.01094
25.5240,0.01052,-0.01670,-0.01111
25.5320,0.01063,-0.01730,-0.01127
25.5360,0.01067,-0.01768,-0.01149
25.5400,0.01085,-0.01847,-0.01161
25.5480,0.01078,-0.01859,-0.01187
25.5520,0.01087,-0.01915,-0.01204
25.5560,0.01096,-0.01969,-0.01221
25.5600,0.01105,-0.02023,-0.01239
25.5640,0.01113,-0.02077,-0.01256
25.5720,0.01110,-0.02103,-0.01279
25.5760,0.01117,-0.02154,-0.01296
25.5800,0.01124,-0.02205,-0.01314
25.5880,0.01118,-0.02227,-0.01338
25.5920,0.01118,-0.02227,-0.01338
25.6000,0.01080,-0.02134,-0.01356
25.6040,0.01067,-0.02102,-0.01362
25.6080,0.01053,-0.02069,-0.01368
25.6120,0.00924,-0.01741,-0.01429
25.6160,0.00936,-0.01762,-0.01415
25.6240,0.00947,-0.01781,-0.01401
25.6280,0.00966,-0.01817,-0.01386
25.6320,0.00984,-0.01854,-0.01371
25.6360,0.01001,-0.01889,-0.01356
25.6440,0.01019,-0.01924,-0.01341
25.6440,0.01036,-0.01958,-0.01327
25.6480,0.01044,-0.01968,-0.01314
25.6560,0.01060,-0.02000,-0.01299
25.6600,0.01077,-0.02032,-0.01284
25.6640,0.01093,-0.02064,-0.01269
25.6680,0.01109,-0.02095,-0.01255
25.6680,0.01125,-0.02125,-0.01240
25.6800,0.01129,-0.02125,-0.01228
25.6840,0.01144,-0.02153,-0.01213
25.6920,0.01120,-0.02092,-0.01217
25.6960,0.01108,-0.02060,-0.01219
25.7000,0.01012,-0.01818,-0.01236
25.7080,0.01020,-0.01821,-0.01232
25.7120,0.01039,-0.01856,-0.01228
25.7120,0.01064,-0.01908,-0.01225
25.7160,0.01082,-0.01942,-0.01222
25.7240,0.01093,-0.01955,-0.01217
25.7280,0.01110,-0.01987,-0.01214
25.7360,0.01120,-0.01997,-0.01209
25.7400,0.01137,-0.02027,-0.01206
25.7440,0.01153,-0.02056,-0.01202
25.7480,0.01170,-0.02085,-0.01199
25.7560,0.01178,-0.02087,-0.01195
25.7600,0.01194,-0.02113,-0.01191
25.7680,0.01210,-0.02139,-0.01188
25.7720,0.01225,-0.02163,-0.01185
25.7760,0.01241,-0.02187,-0.01182
25.7800,0.01231,-0.02158,-0.01182
25.7840,0.01211,-0.02098,-0.01181
25.7880,0.01200,-0.02067,-0.01181
25.7920,0.01190,-0.02035,-0.01181
25.8000,0.01168,-0.01970,-0.01180
25.8040,0.01062,-0.01662,-0.01179
25.8080,0.01070,-0.01708,-0.01185
25.8120,0.01077,-0.01754,-0.01192
25.8160,0.01084,-0.01799,-0.01198
25.8200,0.01092,-0.01844,-0.01205
25.8240,0.01098,-0.01887,-0.01211
25.8280,0.01105,-0.01931,-0.01218
25.8320,0.01112,-0.01973,-0.01225
25.8360,0.01118,-0.02015,-0.01231
25.8360,0.01133,-0.02081,-0.01236
25.8400,0.01139,-0.02123,-0.01242
25.8480,0.01144,-0.02163,-0.01249
25.8520,0.01140,-0.02177,-0.01258
25.8560,0.01145,-0.02215,-0.01266
25.8600,0.01149,-0.02253,-0.01273
25.8640,0.01153,-0.02290,-0.01281
25.8640,0.01153,-0.02290,-0.01281
25.8680,0.01130,-0.02230,-0.01287
25.8760,0.01130,-0.02230,-0.01287
25.8800,0.01107,-0.02167,-0.01293
25.8840,0.01095,-0.02134,-0.01296
25.8880,0.01082,-0.02101,-0.01299
25.8960,0.01070,-0.02067,-0.01302
25.9000,0.00995,-0.01878,-0.01327
25.9040,0.01021,-0.01941,-0.01327
25.9080,0.01038,-0.01993,-0.01337
25.9120,0.01059,-0.02050,-0.01342
25.9160,0.01085,-0.02113,-0.01343
25.9200,0.01099,-0.02161,-0.01353
25.9240,0.01119,-0.02215,-0.01358
25.9280,0.01139,-0.02269,-0.01364
25.9320,0.01158,-0.02323,-0.01369
25.9400,0.01177,-0.02375,-0.01375
25.9440,0.01187,-0.02415,-0.01385
25.9480,0.01205,-0.02466,-0.01390
25.9560,0.01213,-0.02502,-0.01401
25.9600,0.01230,-0.02551,-0.01406
25.9600,0.01256,-0.02615,-0.01407
25.9680,0.01263,-0.02648,-0.01417
25.9720,0.01193,-0.02539,-0.01445
25.9760,0.01202,-0.02559,-0.01426
25.9760,0.01215,-0.02586,-0.01410
25.9880,0.01220,-0.02596,-0.01387
25.9920,0.01223,-0.02604,-0.01364
26.0000,0.01226,-0.02609,-0.01341
26.0080,0.01227,-0.02611,-0.01317
26.0120,0.01234,-0.02625,-0.01298
26.0160,0.01241,-0.02638,-0.01278
26.0200,0.01248,-0.02650,-0.01259
26.0240,0.01254,-0.02662,-0.01240
26.0280,0.01260,-0.02673,-0.01220
26.0320,0.01266,-0.02684,-0.01201
26.0360,0.01271,-0.02694,-0.01181
26.0400,0.01275,-0.02703,-0.01162
26.0480,0.01271,-0.02691,-0.01139
26.0520,0.01262,-0.02671,-0.01135
26.0560,0.01252,-0.02651,-0.01131
26.0600,0.01242,-0.02629,-0.01127
26.0640,0.01232,-0.02607,-0.01123
26.0640,0.01232,-0.02607,-0.01123
26.0680,0.01210,-0.02561,-0.01115
26.0800,0.01199,-0.02537,-0.01111
26.0840,0.01177,-0.02486,-0.01103
26.0880,0.01165,-0.02460,-0.01099
26.0920,0.01153,-0.02433,-0.01096
26.0960,0.01141,-0.02405,-0.01092
26.1000,0.01058,-0.02207,-0.01069
26.1040,0.01072,-0.02234,-0.01078
26.1080,0.01085,-0.02260,-0.01087
26.1120,0.01098,-0.02286,-0.01096
26.1160,0.01112,-0.02311,-0.01105
26.1200,0.01125,-0.02336,-0.01114
26.1240,0.01138,-0.02359,-0.01123
26.1280,0.01150,-0.02382,-0.01133
26.1320,0.01171,-0.02426,-0.01143
26.1400,0.01167,-0.02403,-0.01149
26.1440,0.01187,-0.02446,-0.01160
26.1480,0.01198,-0.02467,-0.01169
26.1520,0.01200,-0.02461,-0.01176
26.1560,0.01220,-0.02505,-0.01187
26.1600,0.01221,-0.02497,-0.01194
26.1640,0.01241,-0.02540,-0.01205
26.1680,0.01220,-0.02485,-0.01202
26.1760,0.01210,-0.02456,-0.01201
26.1800,0.01187,-0.02396,-0.01198
26.1840,0.01176,-0.02365,-0.01196
26.1880,0.01164,-0.02333,-0.01194
26.1920,0.01151,-0.02300,-0.01192
26.2000,0.01126,-0.02232,-0.01188
26.2040,0.01113,-0.02198,-0.01186
26.2080,0.01113,-0.02198,-0.01186
26.2120,0.00955,-0.01767,-0.01164
26.2200,0.00965,-0.01773,-0.01167
26.2280,0.00964,-0.01747,-0.01169
26.2360,0.00973,-0.01751,-0.01172
26.2360,0.00982,-0.01754,-0.01174
26.2440,0.00979,-0.01723,-0.01176
26.2480,0.00999,-0.01758,-0.01179
26.2520,0.00995,-0.01724,-0.01180
26.2560,0.01003,-0.01723,-0.01183
26.2600,0.01011,-0.01722,-0.01185
26.2680,0.01018,-0.01720,-0.01188
26.2720,0.01011,-0.01679,-0.01190
26.2760,0.01017,-0.01675,-0.01193
26.2800,0.01023,-0.01670,-0.01196
26.2840,0.01029,-0.01665,-0.01198
26.2920,0.01019,-0.01616,-0.01200
26.2960,0.01004,-0.01573,-0.01199
26.3040,0.00972,-0.01486,-0.01197
26.3080,0.00831,-0.01094,-0.01189
26.3120,0.00858,-0.01188,-0.01198
26.3160,0.00885,-0.01280,-0.01206
26.3200,0.00912,-0.01372,-0.01214
26.3280,0.00931,-0.01447,-0.01224
26.3360,0.00949,-0.01520,-0.01234
26.3400,0.00975,-0.01608,-0.01243
26.3440,0.00999,-0.01696,-0.01251
26.3520,0.01015,-0.01764,-0.01260
26.3560,0.01039,-0.01850,-0.01267
26.3600,0.01063,-0.01935,-0.01275
26.3680,0.01076,-0.01996,-0.01283
26.3720,0.01099,-0.02080,-0.01291
26.3760,0.01122,-0.02162,-0.01299
26.3840,0.01133,-0.02218,-0.01309
26.3880,0.01155,-0.02298,-0.01317
26.3920,0.01155,-0.02298,-0.01317
26.4000,0.01120,-0.02213,-0.01323
26.4040,0.01108,-0.02183,-0.01325
26.4120,0.00976,-0.01833,-0.01343
26.4160,0.01001,-0.01855,-0.01332
26.4160,0.01020,-0.01852,-0.01319
26.4240,0.01030,-0.01823,-0.01304
26.4320,0.01039,-0.01791,-0.01288
26.4360,0.01057,-0.01785,-0.01275
26.4440,0.01064,-0.01749,-0.01259
26.4480,0.01080,-0.01741,-0.01245
26.4520,0.01096,-0.01732,-0.01231
26.4560,0.01112,-0.01723,-0.01217
26.4600,0.01127,-0.01713,-0.01203
26.4680,0.01131,-0.01668,-0.01187
26.4720,0.01145,-0.01656,-0.01173
26.4720,0.01170,-0.01678,-0.01162
26.4800,0.01173,-0.01630,-0.01145
26.4840,0.01186,-0.01616,-0.01132
26.4920,0.01161,-0.01541,-0.01127
26.4920,0.01149,-0.01503,-0.01125
26.5040,0.01122,-0.01424,-0.01121
26.5080,0.01108,-0.01384,-0.01118
26.5120,0.01094,-0.01342,-0.01116
26.5160,0.00913,-0.00823,-0.01092
26.5200,0.00940,-0.00842,-0.01068
26.5240,0.00967,-0.00861,-0.01044
26.5280,0.00993,-0.00878,-0.01020
26.5320,0.01020,-0.00896,-0.00996
26.5360,0.01046,-0.00912,-0.00972
26.5400,0.01071,-0.00928,-0.00948
26.5480,0.01088,-0.00918,-0.00922
26.5520,0.01113,-0.00932,-0.00897
26.5560,0.01138,-0.00945,-0.00873
26.5600,0.01162,-0.00958,-0.00849
26.5680,0.01176,-0.00942,-0.00823
26.5720,0.01200,-0.00952,-0.00799
26.5720,0.01223,-0.00962,-0.00775
26.5800,0.01247,-0.00971,-0.00751
26.5840,0.01270,-0.00979,-0.00727
26.5880,0.01258,-0.00947,-0.00725
26.5960,0.01234,-0.00881,-0.00721
26.6040,0.01210,-0.00812,-0.00717
26.6080,0.01197,-0.00776,-0.00716
26.6120,0.01060,-0.00363,-0.00704
26.6160,0.01087,-0.00441,-0.00716
26.6240,0.01108,-0.00505,-0.00731
26.6280,0.01134,-0.00581,-0.00744
26.6280,0.01165,-0.00669,-0.00753
26.6360,0.01184,-0.00729,-0.00768
26.6400,0.01209,-0.00802,-0.00781
26.6480,0.01233,-0.00875,-0.00793
26.6520,0.01250,-0.00930,-0.00808
26.6560,0.01274,-0.01001,-0.00821
26.6600,0.01297,-0.01070,-0.00833
26.6640,0.01328,-0.01159,-0.00843
26.6680,0.01343,-0.01208,-0.00857
26.6760,0.01357,-0.01255,-0.00871
26.6800,0.01379,-0.01322,-0.00882
26.6840,0.01401,-0.01388,-0.00894
26.6880,0.01392,-0.01365,-0.00895
26.6920,0.01383,-0.01341,-0.00897
26.7000,0.01363,-0.01292,-0.00901
26.7040,0.01353,-0.01266,-0.00902
26.7080,0.01242,-0.00976,-0.00915
26.7200,0.01216,-0.00966,-0.00924
26.7240,0.01208,-0.01009,-0.00932
26.7280,0.01200,-0.01052,-0.00940
26.7320,0.01192,-0.01093,-0.00948
26.7400,0.01172,-0.01103,-0.00956
26.7440,0.01163,-0.01142,-0.00964
26.7480,0.01153,-0.01181,-0.00972
26.7520,0.01144,-0.01219,-0.00980
26.7560,0.01133,-0.01256,-0.00988
26.7600,0.01123,-0.01293,-0.00996
26.7680,0.01098,-0.01294,-0.01005
26.7720,0.01087,-0.01329,-0.01013
26.7760,0.01075,-0.01363,-0.01022
26.7800,0.01063,-0.01397,-0.01030
26.7880,0.01036,-0.01391,-0.01040
26.7920,0.01021,-0.01351,-0.01040
26.7960,0.01005,-0.01310,-0.01041
26.8000,0.00888,-0.01005,-0.01048
26.8040,0.00909,-0.01057,-0.01068
26.8080,0.00936,-0.01119,-0.01083
26.8120,0.00962,-0.01180,-0.01098
26.8160,0.00996,-0.01254,-0.01108
26.8240,0.01006,-0.01285,-0.01133
26.8320,0.01030,-0.01344,-0.01147
26.8360,0.01045,-0.01384,-0.01166
26.8440,0.01058,-0.01422,-0.01184
26.8480,0.01081,-0.01478,-0.01198
26.8560,0.01092,-0.01512,-0.01215
26.8600,0.01114,-0.01565,-0.01229
26.8680,0.01122,-0.01596,-0.01247
26.8680,0.01156,-0.01670,-0.01256
26.8760,0.01177,-0.01721,-0.01270
26.8800,0.01197,-0.01772,-0.01284
26.8840,0.01170,-0.01724,-0.01293
26.8880,0.01156,-0.01698,-0.01297
26.8920,0.01141,-0.01672,-0.01302
26.9000,0.01112,-0.01618,-0.01310
26.9040,0.00976,-0.01369,-0.01345
26.9080,0.01003,-0.01435,-0.01335
26.9120,0.01029,-0.01501,-0.01326
26.9160,0.01055,-0.01566,-0.01317
26.9200,0.01081,-0.01630,-0.01307
26.9240,0.01107,-0.01693,-0.01297
26.9280,0.01132,-0.01757,-0.01288
26.9320,0.01157,-0.01819,-0.01278
26.9360,0.01181,-0.01881,-0.01269
26.9400,0.01206,-0.01942,-0.01259
26.9440,0.01230,-0.02003,-0.01250
26.9480,0.01253,-0.02062,-0.01241
26.9520,0.01277,-0.02122,-0.01231
26.9600,0.01290,-0.02166,-0.01221
26.9680,0.01313,-0.02224,-0.01212
26.9720,0.01325,-0.02264,-0.01201
26.9760,0.01315,-0.02248,-0.01200
26.9800,0.01315,-0.02248,-0.01200
26.9800,0.01304,-0.02230,-0.01199
26.9880,0.01281,-0.02193,-0.01197
26.9960,0.01257,-0.02152,-0.01194
27.0040,0.01232,-0.02109,-0.01191
27.0080,0.01111,-0.01893,-0.01177
27.0160,0.01112,-0.01902,-0.01186
27.0200,0.01121,-0.01927,-0.01193
27.0280,0.01129,-0.01952,-0.01201
27.0320,0.01128,-0.01955,-0.01210
27.0360,0.01135,-0.01977,-0.01218
27.0400,0.01151,-0.02021,-0.01224
27.0480,0.01139,-0.01996,-0.01235
27.0560,0.01135,-0.01990,-0.01245
27.0600,0.01141,-0.02007,-0.01253
27.0640,0.01146,-0.02025,-0.01261
27.0680,0.01151,-0.02041,-0.01268
27.0720,0.01156,-0.02057,-0.01276
27.0720,0.01160,-0.02072,-0.01283
27.0800,0.01164,-0.02086,-0.01290
27.0840,0.01168,-0.02100,-0.01298
27.0880,0.01155,-0.02069,-0.01299
27.0880,0.01155,-0.02069,-0.01299
27.0960,0.01130,-0.02006,-0.01302
27.1000,0.01117,-0.01973,-0.01303
27.1080,0.00994,-0.01657,-0.01307
27.1120,0.01017,-0.01682,-0.01295
27.1160,0.01040,-0.01707,-0.01282
27.1240,0.01056,-0.01713,-0.01268
27.1240,0.01084,-0.01756,-0.01258
27.1280,0.01105,-0.01779,-0.01245
27.1320,0.01126,-0.01801,-0.01233
27.1400,0.01140,-0.01802,-0.01219
27.1480,0.01152,-0.01799,-0.01206
27.1520,0.01171,-0.01818,-0.01194
27.1560,0.01191,-0.01836,-0.01182
27.1600,0.01219,-0.01878,-0.01172
27.1640,0.01229,-0.01871,-0.01158
27.1720,0.01238,-0.01860,-0.01144
27.1720,0.01256,-0.01876,-0.01132
27.1800,0.01274,-0.01890,-0.01120
27.1840,0.01263,-0.01862,-0.01118
27.1880,0.01252,-0.01834,-0.01116
27.1920,0.01241,-0.01804,-0.01114
27.1960,0.01229,-0.01774,-0.01112
27.2040,0.01145,-0.01572,-0.01100
27.2080,0.01155,-0.01621,-0.01116
27.2120,0.01158,-0.01656,-0.01133
27.2160,0.01167,-0.01704,-0.01148
27.2240,0.01169,-0.01735,-0.01166
27.2280,0.01178,-0.01780,-0.01180
27.2320,0.01186,-0.01825,-0.01195
27.2400,0.01194,-0.01868,-0.01209
27.2440,0.01192,-0.01894,-0.01227
27.2520,0.01188,-0.01916,-0.01245
27.2560,0.01194,-0.01957,-0.01261
27.2640,0.01200,-0.01997,-0.01276
27.2680,0.01206,-0.02036,-0.01292
27.2720,0.01200,-0.02051,-0.01311
27.2760,0.01205,-0.02088,-0.01327
27.2800,0.01210,-0.02124,-0.01343
27.2840,0.01198,-0.02099,-0.01346
27.2840,0.01198,-0.02099,-0.01346
27.2960,0.01159,-0.02020,-0.01355
27.3000,0.01145,-0.01992,-0.01358
27.3040,0.01038,-0.01777,-0.01380
27.3080,0.01064,-0.01855,-0.01382
27.3120,0.01089,-0.01932,-0.01383
27.3160,0.01114,-0.02008,-0.01384
27.3200,0.01139,-0.02084,-0.01385
27.3240,0.01163,-0.02159,-0.01386
27.3280,0.01187,-0.02233,-0.01388
27.3320,0.01212,-0.02306,-0.01389
27.3360,0.01235,-0.02379,-0.01390
27.3360,0.01259,-0.02451,-0.01391
27.3480,0.01276,-0.02513,-0.01394
27.3520,0.01300,-0.02583,-0.01396
27.3560,0.01323,-0.02652,-0.01397
27.3600,0.01346,-0.02721,-0.01398
27.3680,0.01362,-0.02777,-0.01403
27.3720,0.01385,-0.02843,-0.01404
27.3760,0.01377,-0.02830,-0.01407
27.3800,0.01370,-0.02816,-0.01410
27.3840,0.01363,-0.02801,-0.01413
27.3880,0.01355,-0.02786,-0.01417
27.3960,0.01337,-0.02754,-0.01424
27.4000,0.01328,-0.02736,-0.01427
27.4040,0.01319,-0.02719,-0.01431
27.4160,0.01203,-0.02483,-0.01469
27.4200,0.01211,-0.02478,-0.01462
27.4240,0.01218,-0.02472,-0.01455
27.4280,0.01233,-0.02485,-0.01446
27.4360,0.01224,-0.02437,-0.01442
27.4400,0.01230,-0.02427,-0.01435
27.4480,0.01227,-0.02394,-0.01430
27.4520,0.01232,-0.02382,-0.01423
27.4560,0.01237,-0.02370,-0.01416
27.4600,0.01241,-0.02357,-0.01409
27.4680,0.01235,-0.02317,-0.01403
27.4720,0.01239,-0.02302,-0.01396
27.4720,0.01243,-0.02286,-0.01389
27.4760,0.01246,-0.02270,-0.01382
27.4800,0.01260,-0.02283,-0.01374
27.4880,0.01252,-0.02235,-0.01369
27.4920,0.01239,-0.02204,-0.01371
27.4960,0.01227,-0.02172,-0.01373
27.5000,0.01214,-0.02139,-0.01375
27.5040,0.01201,-0.02106,-0.01378
27.5040,0.01201,-0.02106,-0.01378
27.5120,0.01173,-0.02037,-0.01382
27.5120,0.01005,-0.01606,-0.01413
27.5200,0.01015,-0.01551,-0.01380
27.5280,0.01025,-0.01493,-0.01346
27.5320,0.01044,-0.01461,-0.01314
27.5360,0.01062,-0.01428,-0.01281
27.5400,0.01081,-0.01395,-0.01248
27.5480,0.01088,-0.01330,-0.01215
27.5520,0.01106,-0.01294,-0.01182
27.5560,0.01123,-0.01258,-0.01149
27.5600,0.01140,-0.01221,-0.01116
27.5640,0.01157,-0.01183,-0.01083
27.5680,0.01174,-0.01144,-0.01050
27.5760,0.01176,-0.01069,-0.01016
27.5800,0.01192,-0.01028,-0.00984
27.5840,0.01221,-0.01025,-0.00951
27.5880,0.01223,-0.00944,-0.00918
27.5920,0.01209,-0.00905,-0.00918
27.5960,0.01195,-0.00865,-0.00918
27.6000,0.01180,-0.00824,-0.00918
27.6040,0.01165,-0.00782,-0.00918
27.6080,0.01019,-0.00367,-0.00922
27.6120,0.01058,-0.00464,-0.00930
27.6160,0.01097,-0.00561,-0.00937
27.6200,0.01135,-0.00657,-0.00945
27.6240,0.01174,-0.00752,-0.00953
27.6320,0.01207,-0.00836,-0.00962
27.6360,0.01244,-0.00930,-0.00969
27.6400,0.01281,-0.01023,-0.00977
27.6480,0.01313,-0.01102,-0.00985
27.6520,0.01349,-0.01193,-0.00992
27.6560,0.01385,-0.01284,-0.00999
27.6600,0.01421,-0.01375,-0.01006
27.6640,0.01456,-0.01465,-0.01013
27.6680,0.01491,-0.01554,-0.01020
27.6720,0.01526,-0.01643,-0.01027
27.6760,0.01491,-0.01572,-0.01043
27.6840,0.01480,-0.01616,-0.01054
27.6880,0.01469,-0.01659,-0.01065
27.6920,0.01457,-0.01702,-0.01076
27.6960,0.01445,-0.01744,-0.01087
27.7000,0.01432,-0.01784,-0.01097
27.7080,0.01411,-0.01805,-0.01108
27.7120,0.01398,-0.01843,-0.01119
27.7160,0.01394,-0.01902,-0.01130
27.7200,0.01372,-0.01917,-0.01141
27.7280,0.01349,-0.01930,-0.01151
27.7320,0.01335,-0.01964,-0.01162
27.7360,0.01330,-0.02023,-0.01173
27.7360,0.01316,-0.02057,-0.01184
27.7440,0.01292,-0.02064,-0.01194
27.7480,0.01277,-0.02096,-0.01205
27.7520,0.01267,-0.02067,-0.01204
27.7560,0.01256,-0.02039,-0.01204
27.7600,0.01246,-0.02009,-0.01204
27.7640,0.01246,-0.02009,-0.01204
27.7680,0.01234,-0.01978,-0.01204
27.7720,0.01223,-0.01947,-0.01204
27.7720,0.01211,-0.01915,-0.01204
27.7760,0.01200,-0.01882,-0.01204
27.7840,0.01188,-0.01849,-0.01204
27.7880,0.01175,-0.01815,-0.01204
27.7880,0.01162,-0.01780,-0.01204
27.7960,0.01136,-0.01709,-0.01205
27.8040,0.01108,-0.01635,-0.01205
27.8080,0.00984,-0.01294,-0.01209
27.8160,0.01006,-0.01329,-0.01208
27.8200,0.01033,-0.01381,-0.01208
27.8280,0.01054,-0.01412,-0.01208
27.8320,0.01087,-0.01482,-0.01208
27.8360,0.01107,-0.01512,-0.01209
27.8400,0.01132,-0.01561,-0.01209
27.8440,0.01158,-0.01609,-0.01209
27.8440,0.01183,-0.01657,-0.01209
27.8520,0.01208,-0.01704,-0.01209
27.8560,0.01233,-0.01750,-0.01209
27.8600,0.01257,-0.01795,-0.01210
27.8640,0.01281,-0.01840,-0.01210
27.8680,0.01305,-0.01884,-0.01210
27.8720,0.01328,-0.01928,-0.01210
27.8800,0.01352,-0.01971,-0.01211
27.8840,0.01333,-0.01915,-0.01211
27.8880,0.01323,-0.01886,-0.01212
27.8960,0.01313,-0.01856,-0.01212
27.9000,0.01293,-0.01795,-0.01213
27.9000,0.01293,-0.01795,-0.01213
27.9080,0.01271,-0.01731,-0.01214
27.9160,0.01249,-0.01663,-0.01216
27.9200,0.01237,-0.01629,-0.01217
27.9240,0.01225,-0.01593,-0.01218
27.9320,0.01213,-0.01558,-0.01219
27.9320,0.01200,-0.01521,-0.01220
27.9400,0.01174,-0.01445,-0.01222
27.9480,0.01052,-0.01098,-0.01232
27.9520,0.01062,-0.01148,-0.01237
27.9560,0.01079,-0.01214,-0.01241
27.9600,0.01096,-0.01280,-0.01245
27.9680,0.01104,-0.01325,-0.01250
27.9720,0.01120,-0.01389,-0.01254
27.9760,0.01135,-0.01452,-0.01257
27.9760,0.01160,-0.01537,-0.01260
27.9840,0.01165,-0.01576,-0.01265
27.9880,0.01179,-0.01637,-0.01269
27.9960,0.01193,-0.01697,-0.01272
28.0000,0.01195,-0.01731,-0.01278
28.0080,0.01196,-0.01761,-0.01284
28.0120,0.01208,-0.01818,-0.01288
28.0160,0.01221,-0.01874,-0.01292
28.0200,0.01232,-0.01929,-0.01296
28.0280,0.01219,-0.01898,-0.01297
28.0320,0.01190,-0.01835,-0.01300
28.0360,0.01176,-0.01802,-0.01301
28.0440,0.01161,-0.01768,-0.01303
28.0480,0.01130,-0.01698,-0.01306
28.0520,0.01114,-0.01662,-0.01307
28.0600,0.01080,-0.01588,-0.01310
28.0640,0.01063,-0.01550,-0.01312
28.0680,0.00925,-0.01244,-0.01328
28.0720,0.00952,-0.01306,-0.01325
28.0800,0.00979,-0.01369,-0.01322
28.0840,0.00997,-0.01412,-0.01319
28.0840,0.01032,-0.01491,-0.01315
28.0920,0.01048,-0.01532,-0.01311
28.0960,0.01073,-0.01592,-0.01307
28.1040,0.01087,-0.01629,-0.01304
28.1080,0.01111,-0.01686,-0.01300
28.1120,0.01146,-0.01765,-0.01296
28.1160,0.01170,-0.01822,-0.01292
28.1200,0.01182,-0.01854,-0.01290
28.1240,0.01205,-0.01909,-0.01286
28.1280,0.01227,-0.01963,-0.01282
28.1320,0.01250,-0.02017,-0.01279
28.1400,0.01258,-0.02042,-0.01276
28.1480,0.01231,-0.01986,-0.01277
28.1560,0.01202,-0.01927,-0.01279
28.1600,0.01187,-0.01897,-0.01280
28.1680,0.01156,-0.01835,-0.01282
28.1720,0.01124,-0.01770,-0.01284
28.1800,0.01107,-0.01737,-0.01285
28.1880,0.01073,-0.01669,-0.01286
28.1920,0.01055,-0.01633,-0.01287
28.1920,0.01055,-0.01633,-0.01287
28.2000,0.01020,-0.01561,-0.01289
28.2040,0.00856,-0.01226,-0.01295
28.2080,0.00884,-0.01271,-0.01293
28.2160,0.00903,-0.01294,-0.01289
28.2160,0.00930,-0.01337,-0.01286
28.2280,0.00947,-0.01354,-0.01283
28.2320,0.00973,-0.01395,-0.01280
28.2360,0.00999,-0.01435,-0.01278
28.2400,0.01025,-0.01475,-0.01275
28.2480,0.01038,-0.01486,-0.01272
28.2560,0.01051,-0.01495,-0.01269
28.2600,0.01075,-0.01531,-0.01267
28.2680,0.01086,-0.01536,-0.01264
28.2760,0.01096,-0.01539,-0.01262
28.2800,0.01120,-0.01573,-0.01261
28.2840,0.01142,-0.01606,-0.01259
28.2920,0.01149,-0.01604,-0.01258
28.2960,0.01149,-0.01604,-0.01258
28.3000,0.01117,-0.01534,-0.01259
28.3040,0.01101,-0.01499,-0.01259
28.3080,0.00929,-0.01132,-0.01267
28.3120,0.00953,-0.01169,-0.01260
28.3160,0.00976,-0.01206,-0.01254
28.3200,0.01008,-0.01264,-0.01248
28.3280,0.01013,-0.01256,-0.01240
28.3320,0.01035,-0.01291,-0.01234
28.3360,0.01056,-0.01325,-0.01227
28.3400,0.01078,-0.01359,-0.01221
28.3480,0.01088,-0.01366,-0.01213
28.3520,0.01109,-0.01398,-0.01206
28.3600,0.01117,-0.01402,-0.01198
28.3640,0.01136,-0.01432,-0.01191
28.3680,0.01155,-0.01461,-0.01185
28.3760,0.01160,-0.01459,-0.01177
28.3800,0.01178,-0.01486,-0.01171
28.3840,0.01196,-0.01513,-0.01164
28.3880,0.01181,-0.01481,-0.01164
28.3920,0.01166,-0.01448,-0.01164
28.3960,0.01151,-0.01414,-0.01163
28.4040,0.01024,-0.01145,-0.01168
28.4080,0.01046,-0.01211,-0.01176
28.4080,0.01075,-0.01286,-0.01181
28.4160,0.01091,-0.01342,-0.01191
28.4200,0.01113,-0.01407,-0.01198
28.4240,0.01135,-0.01471,-0.01206
28.4280,0.01157,-0.01535,-0.01214
28.4360,0.01178,-0.01598,-0.01221
28.4440,0.01182,-0.01633,-0.01233
28.4480,0.01202,-0.01693,-0.01241
28.4520,0.01230,-0.01768,-0.01247
28.4560,0.01240,-0.01811,-0.01257
28.4600,0.01258,-0.01869,-0.01265
28.4640,0.01277,-0.01927,-0.01273
28.4720,0.01283,-0.01965,-0.01284
28.4800,0.01289,-0.02001,-0.01295
28.4840,0.01277,-0.01981,-0.01297
28.4880,0.01265,-0.01959,-0.01300
28.4960,0.01239,-0.01915,-0.01305
28.5000,0.01147,-0.01746,-0.01319
28.5040,0.01157,-0.01748,-0.01313
28.5120,0.01167,-0.01750,-0.01307
28.5160,0.01167,-0.01730,-0.01301
28.5200,0.01176,-0.01730,-0.01296
28.5240,0.01174,-0.01705,-0.01291
28.5360,0.01170,-0.01679,-0.01287
28.5440,0.01166,-0.01650,-0.01282
28.5480,0.01183,-0.01672,-0.01276
28.5560,0.01165,-0.01613,-0.01270
28.5600,0.01171,-0.01606,-0.01263
28.5680,0.01162,-0.01568,-0.01256
28.5760,0.01153,-0.01528,-0.01249
28.5840,0.01157,-0.01518,-0.01242
28.5880,0.01175,-0.01539,-0.01236
28.5920,0.01148,-0.01461,-0.01228
28.5960,0.01132,-0.01426,-0.01227
28.6000,0.01117,-0.01390,-0.01227
28.6080,0.00974,-0.01071,-0.01221
28.6120,0.01008,-0.01145,-0.01224
28.6120,0.01045,-0.01225,-0.01227
28.6200,0.01075,-0.01290,-0.01230
28.6240,0.01108,-0.01361,-0.01233
28.6280,0.01141,-0.01432,-0.01235
28.6320,0.01173,-0.01502,-0.01238
28.6400,0.01200,-0.01560,-0.01241
28.6440,0.01231,-0.01628,-0.01244
28.6480,0.01261,-0.01695,-0.01247
28.6520,0.01292,-0.01762,-0.01250
28.6600,0.01315,-0.01813,-0.01252
28.6640,0.01345,-0.01878,-0.01255
28.6720,0.01367,-0.01925,-0.01257
28.6760,0.01396,-0.01987,-0.01259
28.6800,0.01424,-0.02049,-0.01262
28.6840,0.01416,-0.02029,-0.01262
28.6880,0.01407,-0.02009,-0.01262
28.6920,0.01398,-0.01988,-0.01262
28.6960,0.01388,-0.01967,-0.01262
28.7040,0.01307,-0.01784,-0.01265
28.7080,0.01307,-0.01781,-0.01266
28.7120,0.01306,-0.01778,-0.01267
28.7160,0.01304,-0.01773,-0.01269
28.7200,0.01303,-0.01768,-0.01270
28.7280,0.01301,-0.01763,-0.01271
28.7280,0.01298,-0.01756,-0.01273
28.7360,0.01295,-0.01749,-0.01274
28.7400,0.01281,-0.01715,-0.01277
28.7440,0.01277,-0.01706,-0.01279
28.7480,0.01285,-0.01723,-0.01279
28.7520,0.01269,-0.01685,-0.01282
28.7560,0.01265,-0.01673,-0.01284
28.7600,0.01261,-0.01661,-0.01286
28.7680,0.01244,-0.01618,-0.01290
28.7720,0.01239,-0.01604,-0.01292
28.7800,0.01226,-0.01572,-0.01294
28.7840,0.01200,-0.01507,-0.01299
28.7920,0.01173,-0.01438,-0.01304
28.8000,0.01158,-0.01402,-0.01306
28.8040,0.01037,-0.01095,-0.01329
28.8080,0.01053,-0.01132,-0.01322
28.8120,0.01069,-0.01169,-0.01316
28.8160,0.01084,-0.01205,-0.01309
28.8240,0.01090,-0.01219,-0.01304
28.8280,0.01105,-0.01253,-0.01298
28.8320,0.01119,-0.01286,-0.01292
28.8360,0.01133,-0.01318,-0.01286
28.8400,0.01147,-0.01350,-0.01280
28.8440,0.01161,-0.01381,-0.01273
28.8480,0.01174,-0.01411,-0.01267
28.8520,0.01187,-0.01441,-0.01260
28.8560,0.01200,-0.01470,-0.01253
28.8600,0.01212,-0.01499,-0.01246
28.8640,0.01236,-0.01555,-0.01239
28.8680,0.01237,-0.01553,-0.01232
28.8720,0.01225,-0.01523,-0.01233
28.8800,0.01201,-0.01460,-0.01234
28.8840,0.01189,-0.01428,-0.01235
28.8920,0.01176,-0.01394,-0.01236
28.9000,0.01137,-0.01290,-0.01237
28.9080,0.01011,-0.00963,-0.01239
28.9080,0.01033,-0.01008,-0.01234
28.9200,0.01039,-0.01015,-0.01229
28.9240,0.01059,-0.01058,-0.01224
28.9280,0.01078,-0.01101,-0.01220
28.9360,0.01096,-0.01143,-0.01215
28.9400,0.01105,-0.01162,-0.01210
28.9440,0.01123,-0.01201,-0.01206
28.9480,0.01140,-0.01240,-0.01201
28.9520,0.01157,-0.01278,-0.01197
28.9560,0.01174,-0.01316,-0.01192
28.9600,0.01191,-0.01352,-0.01188
28.9640,0.01207,-0.01388,-0.01183
28.9680,0.01223,-0.01424,-0.01178
28.9760,0.01226,-0.01429,-0.01173
28.9800,0.01242,-0.01463,-0.01168
28.9840,0.01229,-0.01432,-0.01167
28.9840,0.01216,-0.01401,-0.01167
28.9920,0.01203,-0.01370,-0.01167
29.0000,0.01176,-0.01304,-0.01166
29.0080,0.01042,-0.00972,-0.01157
29.0160,0.01047,-0.00995,-0.01147
29.0200,0.01060,-0.01039,-0.01140
29.0240,0.01072,-0.01082,-0.01133
29.0280,0.01084,-0.01124,-0.01126
29.0320,0.01095,-0.01166,-0.01119
29.0360,0.01107,-0.01206,-0.01113
29.0360,0.01128,-0.01273,-0.01109
29.0440,0.01128,-0.01286,-0.01099
29.0480,0.01139,-0.01325,-0.01093
29.0520,0.01149,-0.01364,-0.01086
29.0560,0.01159,-0.01401,-0.01079
29.0600,0.01169,-0.01438,-0.01072
29.0680,0.01178,-0.01475,-0.01066
29.0680,0.01174,-0.01479,-0.01056
29.0760,0.01183,-0.01513,-0.01049
29.0800,0.01169,-0.01481,-0.01046
29.0840,0.01156,-0.01448,-0.01043
29.0920,0.01128,-0.01380,-0.01037
29.0960,0.01114,-0.01345,-0.01034
29.1000,0.01099,-0.01310,-0.01032
29.1040,0.01085,-0.01274,-0.01029
29.1080,0.00954,-0.00952,-0.01007
29.1120,0.00979,-0.01007,-0.01013
29.1160,0.01004,-0.01062,-0.01019
29.1200,0.01028,-0.01116,-0.01025
29.1240,0.01052,-0.01170,-0.01031
29.1280,0.01075,-0.01222,-0.01037
29.1320,0.01098,-0.01274,-0.01043
29.1360,0.01121,-0.01326,-0.01048
29.1400,0.01152,-0.01396,-0.01056
29.1480,0.01158,-0.01405,-0.01058
29.1560,0.01171,-0.01430,-0.01063
29.1600,0.01192,-0.01476,-0.01068
29.1680,0.01203,-0.01497,-0.01073
29.1760,0.01212,-0.01516,-0.01077
29.1800,0.01231,-0.01559,-0.01083
29.1840,0.01250,-0.01602,-0.01089
29.1880,0.01238,-0.01573,-0.01088
29.1920,0.01225,-0.01545,-0.01087
29.2000,0.01198,-0.01485,-0.01085
29.2080,0.01171,-0.01423,-0.01083
29.2160,0.01029,-0.01100,-0.01082
29.2200,0.01038,-0.01102,-0.01082
29.2240,0.01046,-0.01103,-0.01082
29.2320,0.01044,-0.01075,-0.01083
29.2360,0.01052,-0.01074,-0.01083
29.2400,0.01059,-0.01072,-0.01083
29.2480,0.01066,-0.01069,-0.01082
29.2520,0.01061,-0.01035,-0.01083
29.2560,0.01067,-0.01031,-0.01083
29.2600,0.01073,-0.01026,-0.01083
29.2680,0.01064,-0.00986,-0.01084
29.2760,0.01069,-0.00979,-0.01085
29.2800,0.01059,-0.00935,-0.01086
29.2840,0.01063,-0.00926,-0.01086
29.2880,0.01066,-0.00916,-0.01086
29.2920,0.01069,-0.00905,-0.01086
29.2960,0.01053,-0.00866,-0.01087
29.3000,0.01037,-0.00827,-0.01088
29.3040,0.01005,-0.00747,-0.01090
29.3080,0.00988,-0.00706,-0.01091
29.3160,0.00972,-0.00664,-0.01093
29.3200,0.00955,-0.00622,-0.01094
29.3240,0.00938,-0.00579,-0.01096
29.3240,0.00938,-0.00579,-0.01096
29.3320,0.00903,-0.00492,-0.01100
29.3360,0.00885,-0.00447,-0.01101
29.3360,0.00755,-0.00118,-0.01119
29.3480,0.00774,-0.00159,-0.01108
29.3520,0.00807,-0.00234,-0.01099
29.3560,0.00840,-0.00309,-0.01089
29.3600,0.00873,-0.00383,-0.01079
29.3640,0.00905,-0.00456,-0.01070
29.3680,0.00946,-0.00550,-0.01061
29.3720,0.00969,-0.00601,-0.01051
29.3760,0.01000,-0.00672,-0.01042
29.3800,0.01032,-0.00743,-0.01033
29.3840,0.01063,-0.00814,-0.01024
29.3880,0.01093,-0.00883,-0.01015
29.3920,0.01124,-0.00952,-0.01006
29.3960,0.01154,-0.01021,-0.00997
29.4000,0.01183,-0.01088,-0.00987
29.4040,0.01213,-0.01155,-0.00978
29.4080,0.01201,-0.01127,-0.00978
29.4160,0.01178,-0.01069,-0.00977
29.4200,0.01166,-0.01038,-0.00977
29.4240,0.01153,-0.01008,-0.00977
29.4280,0.01141,-0.00976,-0.00977
29.4320,0.01128,-0.00944,-0.00976
29.4400,0.01102,-0.00877,-0.00975
29.4440,0.00966,-0.00524,-0.00965
29.4480,0.00988,-0.00567,-0.00963
29.4560,0.01003,-0.00589,-0.00960
29.4600,0.01025,-0.00629,-0.00958
29.4640,0.01053,-0.00692,-0.00957
29.4680,0.01074,-0.00732,-0.00955
29.4760,0.01080,-0.00722,-0.00950
29.4800,0.01108,-0.00784,-0.00950
29.4840,0.01120,-0.00794,-0.00947
29.4880,0.01139,-0.00829,-0.00945
29.4920,0.01158,-0.00863,-0.00943
29.5000,0.01167,-0.00868,-0.00940
29.5040,0.01185,-0.00900,-0.00938
29.5160,0.01182,-0.00869,-0.00934
29.5160,0.01210,-0.00931,-0.00934
29.5240,0.01216,-0.00928,-0.00932
29.5280,0.01205,-0.00894,-0.00931
29.5360,0.01181,-0.00824,-0.00930
29.5400,0.01074,-0.00506,-0.00933
29.5440,0.01094,-0.00588,-0.00940
29.5480,0.01103,-0.00639,-0.00954
29.5520,0.01118,-0.00704,-0.00964
29.5600,0.01125,-0.00751,-0.00978
29.5640,0.01146,-0.00834,-0.00985
29.5680,0.01160,-0.00897,-0.00996
29.5720,0.01166,-0.00940,-0.01010
29.5760,0.01179,-0.01002,-0.01021
29.5800,0.01192,-0.01063,-0.01031
29.5840,0.01204,-0.01124,-0.01042
29.5880,0.01217,-0.01184,-0.01052
29.5920,0.01229,-0.01243,-0.01063
29.5960,0.01241,-0.01302,-0.01074
29.6040,0.01244,-0.01334,-0.01089
29.6040,0.01255,-0.01390,-0.01099
29.6080,0.01245,-0.01364,-0.01103
29.6160,0.01245,-0.01364,-0.01103
29.6200,0.01226,-0.01308,-0.01110
29.6240,0.01216,-0.01279,-0.01113
29.6240,0.01216,-0.01279,-0.01113
29.6320,0.01195,-0.01220,-0.01121
29.6360,0.01195,-0.01220,-0.01121
29.6400,0.01106,-0.00963,-0.01148
29.6440,0.01120,-0.01012,-0.01141
29.6480,0.01135,-0.01060,-0.01134
29.6520,0.01149,-0.01108,-0.01128
29.6560,0.01163,-0.01154,-0.01121
29.6600,0.01177,-0.01200,-0.01114
29.6680,0.01184,-0.01226,-0.01110
29.6760,0.01190,-0.01250,-0.01105
29.6800,0.01203,-0.01293,-0.01100
29.6840,0.01215,-0.01334,-0.01094
29.6920,0.01218,-0.01353,-0.01091
29.6960,0.01229,-0.01393,-0.01085
29.7040,0.01231,-0.01407,-0.01082
29.7120,0.01232,-0.01418,-0.01079
29.7160,0.01241,-0.01455,-0.01073
29.7200,0.01251,-0.01491,-0.01068
29.7240,0.01240,-0.01463,-0.01070
29.7280,0.01230,-0.01434,-0.01072
29.7280,0.01219,-0.01405,-0.01075
29.7400,0.01196,-0.01345,-0.01080
29.7440,0.01104,-0.01103,-0.01100
29.7480,0.01118,-0.01129,-0.01092
29.7520,0.01131,-0.01153,-0.01084
29.7560,0.01145,-0.01178,-0.01077
29.7600,0.01158,-0.01201,-0.01069
29.7640,0.01171,-0.01223,-0.01061
29.7680,0.01183,-0.01245,-0.01053
29.7760,0.01187,-0.01247,-0.01046
29.7760,0.01207,-0.01287,-0.01038
29.7840,0.01209,-0.01286,-0.01031
29.7920,0.01210,-0.01283,-0.01024
29.7960,0.01219,-0.01300,-0.01016
29.8000,0.01228,-0.01316,-0.01008
29.8080,0.01226,-0.01306,-0.01001
29.8160,0.01222,-0.01294,-0.00994
29.8200,0.01230,-0.01307,-0.00987
29.8240,0.01217,-0.01279,-0.00988
29.8280,0.01205,-0.01251,-0.00988
29.8320,0.01192,-0.01222,-0.00989
29.8400,0.01165,-0.01162,-0.00991
29.8440,0.01037,-0.00878,-0.01004
29.8480,0.01048,-0.00914,-0.01011
29.8560,0.01049,-0.00929,-0.01023
29.8600,0.01059,-0.00963,-0.01030
29.8680,0.01059,-0.00974,-0.01042
29.8720,0.01069,-0.01005,-0.01050
29.8760,0.01078,-0.01035,-0.01059
29.8760,0.01087,-0.01065,-0.01067
29.8840,0.01095,-0.01094,-0.01076
29.8920,0.01104,-0.01122,-0.01084
29.9000,0.01087,-0.01095,-0.01101
29.9040,0.01094,-0.01120,-0.01109
29.9120,0.01088,-0.01115,-0.01122
29.9160,0.01094,-0.01139,-0.01130
29.9240,0.01085,-0.01129,-0.01143
29.9280,0.01090,-0.01151,-0.01152
29.9320,0.01075,-0.01117,-0.01156
29.9400,0.00946,-0.00817,-0.01184
29.9400,0.00970,-0.00857,-0.01170
29.9440,0.00986,-0.00873,-0.01155
29.9520,0.00992,-0.00863,-0.01139
29.9600,0.00996,-0.00850,-0.01123
29.9640,0.01010,-0.00862,-0.01107
29.9720,0.01012,-0.00844,-0.01092
29.9760,0.01025,-0.00854,-0.01077
29.9800,0.01037,-0.00863,-0.01062
29.9880,0.01037,-0.00840,-0.01047
29.9920,0.01049,-0.00847,-0.01032
29.9920,0.01073,-0.00887,-0.01018
30.0000,0.01071,-0.00860,-0.01003
30.0040,0.01096,-0.00899,-0.00989
30.0040,0.01107,-0.00905,-0.00974
30.0080,0.01117,-0.00909,-0.00959
30.0200,0.01074,-0.00799,-0.00958
30.0240,0.01059,-0.00761,-0.00957
30.0280,0.01044,-0.00722,-0.00956
30.0320,0.01028,-0.00682,-0.00955
30.0360,0.00905,-0.00382,-0.00960
30.0440,0.00913,-0.00371,-0.00991
30.0480,0.00915,-0.00355,-0.01036
30.0520,0.00922,-0.00343,-0.01067
30.0560,0.00929,-0.00330,-0.01099
30.0600,0.00935,-0.00316,-0.01130
30.0640,0.00948,-0.00308,-0.01148
30.0680,0.00948,-0.00286,-0.01192
30.0760,0.00948,-0.00260,-0.01236
30.0800,0.00954,-0.00243,-0.01267
30.0880,0.00951,-0.00213,-0.01311
30.0960,0.00948,-0.00181,-0.01355
30.1000,0.00952,-0.00160,-0.01385
30.1040,0.00956,-0.00139,-0.01416
30.1080,0.00960,-0.00117,-0.01447
30.1120,0.00973,-0.00109,-0.01465
30.1200,0.00943,-0.00060,-0.01503
30.1240,0.00932,-0.00042,-0.01516
30.1280,0.00921,-0.00024,-0.01528
30.1360,0.00897,0.00015,-0.01554
30.1400,0.00884,0.00035,-0.01567
30.1440,0.00745,0.00264,-0.01692
30.1480,0.00779,0.00168,-0.01683
30.1520,0.00797,0.00100,-0.01687
30.1560,0.00823,0.00020,-0.01684
30.1600,0.00849,-0.00060,-0.01681
30.1680,0.00874,-0.00139,-0.01679
30.1720,0.00889,-0.00198,-0.01682
30.1760,0.00913,-0.00275,-0.01680
30.1840,0.00926,-0.00331,-0.01683
30.1880,0.00949,-0.00405,-0.01680
30.1920,0.00972,-0.00479,-0.01678
30.1960,0.01006,-0.00575,-0.01669
30.2000,0.01017,-0.00625,-0.01672
30.2080,0.01028,-0.00671,-0.01677
30.2160,0.01038,-0.00715,-0.01681
30.2200,0.01072,-0.00811,-0.01672
30.2240,0.01046,-0.00755,-0.01687
30.2280,0.01033,-0.00726,-0.01694
30.2320,0.01020,-0.00697,-0.01702
30.2400,0.01007,-0.00667,-0.01709
30.2440,0.00896,-0.00410,-0.01778
30.2480,0.00916,-0.00479,-0.01758
30.2520,0.00923,-0.00518,-0.01750
30.2560,0.00936,-0.00570,-0.01736
30.2600,0.00948,-0.00622,-0.01722
30.2680,0.00953,-0.00655,-0.01713
30.2760,0.00964,-0.00705,-0.01699
30.2800,0.00967,-0.00733,-0.01690
30.2840,0.00978,-0.00781,-0.01675
30.2880,0.00989,-0.00828,-0.01661
30.2960,0.00990,-0.00851,-0.01653
30.3000,0.01000,-0.00896,-0.01639
30.3040,0.01010,-0.00940,-0.01625
30.3080,0.01019,-0.00984,-0.01610
30.3120,0.01028,-0.01026,-0.01596
30.3160,0.01047,-0.01095,-0.01576
30.3200,0.01025,-0.01040,-0.01587
30.3280,0.01002,-0.00982,-0.01598
30.3320,0.00990,-0.00952,-0.01604
30.3360,0.00895,-0.00702,-0.01641
30.3400,0.00916,-0.00754,-0.01613
30.3440,0.00932,-0.00788,-0.01583
30.3480,0.00942,-0.00801,-0.01552
30.3520,0.00957,-0.00833,-0.01523
30.3560,0.00973,-0.00864,-0.01493
30.3600,0.00988,-0.00894,-0.01463
30.3640,0.01002,-0.00924,-0.01434
30.3720,0.01009,-0.00929,-0.01403
30.3760,0.01030,-0.00981,-0.01375
30.3800,0.01044,-0.01008,-0.01345
30.3840,0.01057,-0.01034,-0.01316
30.3880,0.01062,-0.01033,-0.01285
30.3920,0.01074,-0.01057,-0.01255
30.3960,0.01087,-0.01080,-0.01226
30.4000,0.01099,-0.01103,-0.01196
30.4040,0.01090,-0.01072,-0.01195
30.4120,0.01070,-0.01010,-0.01192
30.4120,0.01070,-0.01010,-0.01192
30.4200,0.01049,-0.00945,-0.01190
30.4240,0.01039,-0.00911,-0.01188
30.4320,0.01017,-0.00842,-0.01185
30.4360,0.01005,-0.00806,-0.01184
30.4400,0.00905,-0.00497,-0.01169
30.4440,0.00935,-0.00513,-0.01159
30.4480,0.00965,-0.00527,-0.01149
30.4560,0.00985,-0.00511,-0.01137
30.4600,0.01014,-0.00524,-0.01124
30.4680,0.01037,-0.00519,-0.01105
30.4720,0.01072,-0.00547,-0.01094
30.4760,0.01094,-0.00542,-0.01065
30.4800,0.01122,-0.00553,-0.01041
30.4840,0.01149,-0.00566,-0.01013
30.4880,0.01177,-0.00578,-0.00981
30.4960,0.01196,-0.00577,-0.00916
30.5000,0.01222,-0.00590,-0.00872
30.5040,0.01249,-0.00604,-0.00824
30.5080,0.01274,-0.00618,-0.00772
30.5120,0.01300,-0.00633,-0.00715
30.5200,0.01282,-0.00608,-0.00614
30.5240,0.01272,-0.00597,-0.00558
30.5320,0.01253,-0.00576,-0.00436
30.5360,0.01243,-0.00566,-0.00370
30.5400,0.01233,-0.00557,-0.00300
30.5440,0.01222,-0.00549,-0.00228
30.5480,0.01212,-0.00541,-0.00154
30.5520,0.01202,-0.00533,-0.00076
30.5600,0.01173,-0.00727,0.01732
30.5640,0.01323,-0.00996,0.02835
30.5680,0.01473,-0.01266,0.03941
30.5720,0.01575,-0.01429,0.04674
30.5800,0.01823,-0.01917,0.06535
30.5880,0.02023,-0.02301,0.08028
30.5920,0.02173,-0.02576,0.09144
30.5920,0.02275,-0.02740,0.09878
30.6000,0.02475,-0.03130,0.11380
30.6080,0.02675,-0.03525,0.12888
30.6120,0.02826,-0.03807,0.14011
30.6160,0.02978,-0.04090,0.15135
30.6200,0.03129,-0.04375,0.16260
30.6240,0.03281,-0.04661,0.17387
30.6280,0.03432,-0.04949,0.18514
30.6360,0.03634,-0.05368,0.20039
30.6400,0.03684,-0.05498,0.20437
30.6440,0.03735,-0.05631,0.20835
30.6480,0.03785,-0.05766,0.21234
30.6560,0.04359,-0.07471,0.25946
30.6600,0.04196,-0.07294,0.25398
30.6640,0.04003,-0.07006,0.24518
30.6680,0.03871,-0.06947,0.24304
30.6720,0.03709,-0.06777,0.23759
30.6800,0.03579,-0.06733,0.23550
30.6880,0.03449,-0.06697,0.23341
30.6960,0.03319,-0.06671,0.23128
30.7040,0.03189,-0.06653,0.22909
30.7080,0.03028,-0.06504,0.22357
30.7120,0.02866,-0.06357,0.21803
30.7160,0.02673,-0.06069,0.20923
30.7200,0.02544,-0.06069,0.20689
30.7240,0.02383,-0.05928,0.20128
30.7280,0.02222,-0.05790,0.19565
30.7360,0.02093,-0.05808,0.19312
30.7400,0.02093,-0.05808,0.19312
30.7400,0.02126,-0.05964,0.19621
30.7480,0.02511,-0.08232,0.22985
30.7560,0.02605,-0.09275,0.23499
30.7600,0.02654,-0.09943,0.23674
30.7640,0.02702,-0.10617,0.23847
30.7720,0.02799,-0.11712,0.24350
30.7760,0.02848,-0.12406,0.24519
30.7800,0.02898,-0.13106,0.24687
30.7840,0.02948,-0.13813,0.24853
30.7880,0.02998,-0.14527,0.25018
30.7920,0.03049,-0.15246,0.25182
30.8040,0.03200,-0.16900,0.25986
30.8120,0.03303,-0.18127,0.26463
30.8160,0.03356,-0.18886,0.26619
30.8200,0.03409,-0.19651,0.26775
30.8240,0.03462,-0.20424,0.26929
30.8280,0.03515,-0.21202,0.27083
30.8320,0.03568,-0.21715,0.27395
30.8400,0.03673,-0.22758,0.28018
30.8440,0.03673,-0.22758,0.28018
30.8480,0.03778,-0.23826,0.28637
30.8520,0.03831,-0.24370,0.28946
30.8560,0.03884,-0.24920,0.29253
30.8600,0.03937,-0.25476,0.29560
30.8640,0.03991,-0.26038,0.29866
30.8680,0.04044,-0.26606,0.30171
30.8760,0.04152,-0.27762,0.30778
30.8800,0.04206,-0.28348,0.31081
30.8840,0.04640,-0.34978,0.34308
30.8880,0.03993,-0.34457,0.33933
30.8920,0.03344,-0.33941,0.33556
30.8960,0.02693,-0.33430,0.33179
30.9040,0.01923,-0.33384,0.33038
30.9120,0.01145,-0.33356,0.32895
30.9160,0.00486,-0.32865,0.32514
30.9200,-0.00176,-0.32379,0.32132
30.9240,-0.00838,-0.31897,0.31749
30.9280,-0.01503,-0.31419,0.31365
30.9360,-0.02302,-0.31439,0.31212
30.9440,-0.03109,-0.31474,0.31057
30.9480,-0.03783,-0.31015,0.30670
30.9520,-0.04458,-0.30559,0.30282
30.9560,-0.05136,-0.30107,0.29894
30.9600,-0.05814,-0.29659,0.29506
30.9680,-0.06106,-0.30701,0.29963
30.9720,-0.06255,-0.31227,0.30190
30.9760,-0.06255,-0.31227,0.30190
30.9880,-0.06712,-0.32824,0.30873
30.9920,-0.07026,-0.33905,0.31329
30.9960,-0.07186,-0.34450,0.31556
31.0040,-0.07511,-0.35549,0.32013
31.0080,-0.07676,-0.36102,0.32241
31.0120,-0.09627,-0.42120,0.34727
31.0160,-0.09850,-0.41197,0.34364
31.0200,-0.10076,-0.40274,0.34001
31.0280,-0.10510,-0.39699,0.33835
31.0320,-0.10741,-0.38778,0.33474
31.0360,-0.11187,-0.38206,0.33311
31.0480,-0.11642,-0.37635,0.33150
31.0520,-0.11883,-0.36715,0.32792
31.0600,-0.12348,-0.36145,0.32636
31.0680,-0.12819,-0.35575,0.32482
31.0720,-0.13069,-0.34654,0.32128
31.0800,-0.13550,-0.34082,0.31979
31.0840,-0.13804,-0.33161,0.31627
31.0920,-0.14295,-0.32589,0.31482
31.0960,-0.14553,-0.31667,0.31132
31.1000,-0.14813,-0.30745,0.30783
31.1040,-0.15053,-0.31092,0.30992
31.1080,-0.15294,-0.31439,0.31202
31.1160,-0.18002,-0.35364,0.33293
31.1200,-0.17329,-0.34827,0.31657
31.1280,-0.16776,-0.34529,0.29995
31.1320,-0.16105,-0.33988,0.28359
31.1360,-0.15435,-0.33447,0.26722
31.1440,-0.14885,-0.33141,0.25058
31.1480,-0.14216,-0.32596,0.23420
31.1560,-0.13669,-0.32283,0.21754
31.1600,-0.13002,-0.31735,0.20116
31.1680,-0.12457,-0.31415,0.18450
31.1680,-0.11790,-0.30864,0.16811
31.1760,-0.11124,-0.30311,0.15172
31.1800,-0.10457,-0.29756,0.13534
31.1880,-0.09915,-0.29425,0.11867
31.1920,-0.09250,-0.28867,0.10228
31.1960,-0.08584,-0.28308,0.08590
31.1960,-0.08709,-0.28528,0.08562
31.2080,-0.09886,-0.30652,0.08274
31.2120,-0.09760,-0.30672,0.08209
31.2160,-0.09543,-0.30491,0.08177
31.2200,-0.09507,-0.30708,0.08082
31.2200,-0.09380,-0.30723,0.08021
31.2280,-0.09253,-0.30737,0.07962
31.2320,-0.09126,-0.30751,0.07905
31.2360,-0.08909,-0.30569,0.07873
31.2400,-0.08870,-0.30773,0.07797
31.2440,-0.08741,-0.30782,0.07747
31.2480,-0.08612,-0.30790,0.07700
31.2520,-0.08395,-0.30608,0.07668
31.2560,-0.08352,-0.30801,0.07614
31.2600,-0.08222,-0.30805,0.07577
31.2640,-0.08091,-0.30807,0.07542
31.2640,-0.07874,-0.30626,0.07510
31.2720,-0.08044,-0.30990,0.07516
31.2760,-0.08212,-0.31348,0.07535
31.2840,-0.08295,-0.31526,0.07550
31.2880,-0.08377,-0.31703,0.07569
31.2920,-0.08458,-0.31878,0.07591
31.3000,-0.08619,-0.32225,0.07646
31.3040,-0.08699,-0.32397,0.07678
31.3080,-0.08699,-0.32397,0.07678
31.3120,-0.08855,-0.32737,0.07753
31.3160,-0.09683,-0.34543,0.08390
31.3200,-0.09808,-0.34528,0.08452
31.3240,-0.09931,-0.34511,0.08518
31.3280,-0.10054,-0.34493,0.08588
31.3320,-0.10177,-0.34475,0.08660
31.3400,-0.10384,-0.34610,0.08810
31.3440,-0.10505,-0.34589,0.08892
31.3480,-0.10624,-0.34567,0.08978
31.3520,-0.10744,-0.34545,0.09067
31.3560,-0.10862,-0.34521,0.09160
31.3600,-0.10981,-0.34497,0.09255
31.3680,-0.11180,-0.34620,0.09451
31.3760,-0.11376,-0.34740,0.09659
31.3800,-0.11492,-0.34712,0.09770
31.3840,-0.11607,-0.34684,0.09884
31.3880,-0.11721,-0.34655,0.10000
31.3920,-0.11799,-0.34799,0.10114
31.3960,-0.11799,-0.34799,0.10114
31.4000,-0.11953,-0.35087,0.10348
31.4040,-0.12029,-0.35230,0.10468
31.4120,-0.12105,-0.35373,0.10591
31.4160,-0.12181,-0.35515,0.10717
31.4200,-0.12330,-0.35797,0.10973
31.4240,-0.12403,-0.35938,0.11105
31.4280,-0.12477,-0.36078,0.11239
31.4320,-0.12550,-0.36217,0.11376
31.4360,-0.12622,-0.36357,0.11515
31.4400,-0.12622,-0.36357,0.11515
31.4440,-0.13441,-0.37725,0.13032
31.4520,-0.14049,-0.37837,0.13409
31.4560,-0.14528,-0.37816,0.13622
31.4600,-0.15008,-0.37793,0.13837
31.4680,-0.15487,-0.37771,0.14055
31.4720,-0.16093,-0.37881,0.14454
31.4760,-0.16573,-0.37857,0.14678
31.4800,-0.17052,-0.37834,0.14904
31.4840,-0.17531,-0.37811,0.15132
31.4920,-0.18135,-0.37918,0.15552
31.4960,-0.18614,-0.37894,0.15785
31.5040,-0.19217,-0.38000,0.16215
31.5080,-0.19695,-0.37975,0.16454
31.5120,-0.20173,-0.37950,0.16694
31.5160,-0.20651,-0.37924,0.16936
31.5200,-0.21128,-0.37898,0.17180
31.5240,-0.21253,-0.38028,0.17383
31.5280,-0.21253,-0.38028,0.17383
31.5320,-0.21501,-0.38286,0.17794
31.5400,-0.21749,-0.38543,0.18212
31.5440,-0.21995,-0.38800,0.18635
31.5520,-0.22118,-0.38929,0.18848
31.5560,-0.23525,-0.40483,0.21549
31.5600,-0.23194,-0.40829,0.21956
31.5680,-0.22935,-0.41330,0.22613
31.5720,-0.22602,-0.41676,0.23026
31.5760,-0.22196,-0.41868,0.23188
31.5800,-0.21862,-0.42214,0.23602
31.5840,-0.21598,-0.42713,0.24270
31.5880,-0.21262,-0.43059,0.24687
31.5920,-0.20926,-0.43404,0.25105
31.5960,-0.20589,-0.43749,0.25524
31.6040,-0.20318,-0.44248,0.26203
31.6080,-0.19979,-0.44593,0.26625
31.6120,-0.19640,-0.44938,0.27048
31.6160,-0.19299,-0.45284,0.27472
31.6200,-0.18958,-0.45629,0.27897
31.6280,-0.18680,-0.46126,0.28586
31.6360,-0.18805,-0.46431,0.29116
31.6400,-0.18866,-0.46583,0.29382
