t,x,y,z
0.0000,-0.00934,-0.02634,-0.00313
0.0000,-0.00934,-0.02638,-0.00321
0.0000,-0.00935,-0.02641,-0.00329
0.0000,-0.00936,-0.02645,-0.00337
0.0080,-0.00937,-0.02649,-0.00345
0.0160,-0.00940,-0.02650,-0.00359
0.0200,-0.00942,-0.02654,-0.00368
0.0280,-0.00946,-0.02655,-0.00384
0.0320,-0.00948,-0.02659,-0.00392
0.0400,-0.00953,-0.02661,-0.00409
0.0440,-0.00956,-0.02665,-0.00418
0.0440,-0.00958,-0.02670,-0.00427
0.0520,-0.00961,-0.02674,-0.00436
0.0560,-0.00965,-0.02678,-0.00445
0.0600,-0.00968,-0.02676,-0.00452
0.0640,-0.00972,-0.02673,-0.00460
0.0680,-0.00976,-0.02671,-0.00467
0.0800,-0.00984,-0.02666,-0.00481
0.0800,-0.00988,-0.02664,-0.00488
0.0880,-0.00996,-0.02659,-0.00502
0.0920,-0.00996,-0.02659,-0.00502
0.0960,-0.01003,-0.02655,-0.00516
0.1000,-0.01007,-0.02653,-0.00523
0.1040,-0.01011,-0.02651,-0.00530
0.1040,-0.01099,-0.02622,-0.00655
0.1120,-0.01088,-0.02626,-0.00638
0.1160,-0.01074,-0.02632,-0.00611
0.1200,-0.01063,-0.02636,-0.00593
0.1240,-0.01050,-0.02642,-0.00571
0.1280,-0.01038,-0.02647,-0.00549
0.1360,-0.01027,-0.02652,-0.00531
0.1400,-0.01015,-0.02658,-0.00508
0.1440,-0.01003,-0.02663,-0.00486
0.1480,-0.00989,-0.02670,-0.00459
0.1520,-0.00976,-0.02675,-0.00436
0.1560,-0.00966,-0.02680,-0.00417
0.1600,-0.00952,-0.02687,-0.00390
0.1680,-0.00941,-0.02692,-0.00367
0.1720,-0.00931,-0.02698,-0.00349
0.1720,-0.00919,-0.02704,-0.00326
0.1760,-0.00922,-0.02704,-0.00330
0.1840,-0.00955,-0.02697,-0.00387
0.1920,-0.00955,-0.02689,-0.00392
0.2000,-0.00955,-0.02685,-0.00392
0.2080,-0.00955,-0.02673,-0.00401
0.2120,-0.00954,-0.02668,-0.00400
0.2160,-0.00954,-0.02664,-0.00400
0.2240,-0.00952,-0.02656,-0.00403
0.2280,-0.00950,-0.02652,-0.00402
0.2320,-0.00949,-0.02647,-0.00400
0.2360,-0.00947,-0.02643,-0.00399
0.2400,-0.00945,-0.02638,-0.00397
0.2440,-0.00944,-0.02634,-0.00396
0.2480,-0.00942,-0.02629,-0.00394
0.2520,-0.00941,-0.02625,-0.00392
0.2560,-0.00939,-0.02620,-0.00390
0.2640,-0.00937,-0.02611,-0.00392
0.2680,-0.00936,-0.02607,-0.00395
0.2760,-0.00935,-0.02598,-0.00402
0.2840,-0.00934,-0.02589,-0.00409
0.2880,-0.00933,-0.02585,-0.00412
0.2920,-0.00932,-0.02581,-0.00415
0.2960,-0.00919,-0.02506,-0.00468
0.3000,-0.00919,-0.02521,-0.00454
0.3000,-0.00919,-0.02535,-0.00441
0.3080,-0.00919,-0.02550,-0.00428
0.3120,-0.00919,-0.02565,-0.00415
0.3160,-0.00919,-0.02579,-0.00401
0.3200,-0.00919,-0.02594,-0.00388
0.3280,-0.00918,-0.02605,-0.00376
0.3320,-0.00918,-0.02620,-0.00363
0.3320,-0.00918,-0.02635,-0.00349
0.3400,-0.00919,-0.02650,-0.00335
0.3440,-0.00920,-0.02665,-0.00322
0.3480,-0.00920,-0.02680,-0.00309
0.3560,-0.00921,-0.02692,-0.00297
0.3600,-0.00922,-0.02708,-0.00284
0.3640,-0.00923,-0.02723,-0.00272
0.3680,-0.00923,-0.02720,-0.00274
0.3760,-0.00923,-0.02715,-0.00279
0.3800,-0.00923,-0.02712,-0.00281
0.3840,-0.00923,-0.02710,-0.00284
0.3880,-0.00937,-0.02679,-0.00333
0.3920,-0.00939,-0.02692,-0.00329
0.3960,-0.00942,-0.02703,-0.00335
0.4000,-0.00945,-0.02714,-0.00336
0.4040,-0.00948,-0.02728,-0.00332
0.4040,-0.00951,-0.02740,-0.00333
0.4120,-0.00954,-0.02751,-0.00339
0.4120,-0.00956,-0.02764,-0.00335
0.4200,-0.00959,-0.02775,-0.00341
0.4240,-0.00962,-0.02788,-0.00342
0.4280,-0.00965,-0.02800,-0.00343
0.4320,-0.00968,-0.02813,-0.00344
0.4360,-0.00971,-0.02826,-0.00345
0.4400,-0.00974,-0.02838,-0.00345
0.4440,-0.00976,-0.02852,-0.00341
0.4480,-0.00979,-0.02864,-0.00347
0.4520,-0.00980,-0.02863,-0.00352
0.4560,-0.00980,-0.02863,-0.00352
0.4600,-0.00981,-0.02862,-0.00357
0.4640,-0.00983,-0.02859,-0.00367
0.4640,-0.00983,-0.02859,-0.00367
0.4720,-0.00984,-0.02858,-0.00378
0.4760,-0.00985,-0.02857,-0.00383
0.4800,-0.00986,-0.02856,-0.00388
0.4880,-0.00987,-0.02855,-0.00398
0.4920,-0.00987,-0.02855,-0.00404
0.4960,-0.00988,-0.02855,-0.00409
0.5040,-0.00988,-0.02854,-0.00419
0.5080,-0.00988,-0.02854,-0.00424
0.5120,-0.00989,-0.02853,-0.00428
0.5160,-0.00989,-0.02853,-0.00428
0.5200,-0.00985,-0.02858,-0.00496
0.5240,-0.00987,-0.02878,-0.00494
0.5280,-0.00988,-0.02897,-0.00493
0.5360,-0.00990,-0.02920,-0.00496
0.5400,-0.00992,-0.02940,-0.00495
0.5440,-0.00994,-0.02960,-0.00494
0.5480,-0.00996,-0.02980,-0.00493
0.5560,-0.00999,-0.03003,-0.00498
0.5640,-0.01001,-0.03023,-0.00497
0.5680,-0.01003,-0.03046,-0.00503
0.5720,-0.01005,-0.03067,-0.00502
0.5760,-0.01007,-0.03087,-0.00501
0.5800,-0.01009,-0.03108,-0.00499
0.5840,-0.01011,-0.03128,-0.00498
0.5880,-0.01013,-0.03149,-0.00496
0.5920,-0.01015,-0.03170,-0.00495
0.5960,-0.01015,-0.03170,-0.00495
0.6000,-0.01015,-0.03177,-0.00507
0.6040,-0.01015,-0.03177,-0.00507
0.6080,-0.01015,-0.03184,-0.00518
0.6120,-0.01014,-0.03187,-0.00524
0.6200,-0.01014,-0.03194,-0.00535
0.6280,-0.01014,-0.03201,-0.00547
0.6360,-0.01014,-0.03209,-0.00558
0.6400,-0.01014,-0.03213,-0.00563
0.6480,-0.01015,-0.03221,-0.00575
0.6520,-0.01015,-0.03225,-0.00581
0.6560,-0.01015,-0.03229,-0.00587
0.6600,-0.01015,-0.03233,-0.00592
0.6640,-0.01015,-0.03233,-0.00592
0.6720,-0.01015,-0.03244,-0.00610
0.6720,-0.01015,-0.03248,-0.00615
0.6800,-0.01014,-0.03251,-0.00621
0.6880,-0.00999,-0.03330,-0.00754
0.6920,-0.00989,-0.03312,-0.00733
0.6960,-0.00983,-0.03293,-0.00709
0.7000,-0.00970,-0.03277,-0.00691
0.7040,-0.00964,-0.03257,-0.00667
0.7120,-0.00948,-0.03244,-0.00653
0.7160,-0.00938,-0.03226,-0.00632
0.7200,-0.00928,-0.03208,-0.00611
0.7240,-0.00922,-0.03189,-0.00586
0.7280,-0.00912,-0.03171,-0.00565
0.7320,-0.00900,-0.03154,-0.00547
0.7400,-0.00859,-0.03161,-0.00558
0.7480,-0.00862,-0.03189,-0.00547
0.7520,-0.00868,-0.03211,-0.00534
0.7600,-0.00872,-0.03239,-0.00524
0.7640,-0.00878,-0.03260,-0.00511
0.7680,-0.00884,-0.03282,-0.00498
0.7720,-0.00890,-0.03304,-0.00486
0.7760,-0.00897,-0.03325,-0.00474
0.7800,-0.00903,-0.03347,-0.00461
0.7880,-0.00908,-0.03375,-0.00453
0.7960,-0.00914,-0.03402,-0.00446
0.8000,-0.00921,-0.03418,-0.00430
0.8080,-0.00926,-0.03451,-0.00426
0.8120,-0.00933,-0.03473,-0.00414
0.8160,-0.00939,-0.03495,-0.00402
0.8200,-0.00946,-0.03516,-0.00390
0.8240,-0.00946,-0.03516,-0.00390
0.8280,-0.00946,-0.03522,-0.00395
0.8320,-0.00945,-0.03528,-0.00399
0.8360,-0.00940,-0.03573,-0.00444
0.8400,-0.00950,-0.03552,-0.00439
0.8440,-0.00957,-0.03530,-0.00439
0.8480,-0.00963,-0.03508,-0.00438
0.8520,-0.00968,-0.03484,-0.00443
0.8560,-0.00977,-0.03464,-0.00438
0.8600,-0.00982,-0.03440,-0.00443
0.8640,-0.00991,-0.03420,-0.00438
0.8680,-0.00998,-0.03398,-0.00439
0.8720,-0.01003,-0.03375,-0.00444
0.8760,-0.01010,-0.03353,-0.00445
0.8840,-0.01015,-0.03330,-0.00451
0.8880,-0.01022,-0.03308,-0.00451
0.8920,-0.01029,-0.03287,-0.00452
0.8960,-0.01036,-0.03265,-0.00452
0.9040,-0.01040,-0.03242,-0.00458
0.9080,-0.01038,-0.03241,-0.00463
0.9080,-0.01038,-0.03241,-0.00463
0.9160,-0.01034,-0.03240,-0.00474
0.9200,-0.01031,-0.03240,-0.00480
0.9240,-0.01029,-0.03239,-0.00486
0.9280,-0.01027,-0.03239,-0.00491
0.9320,-0.01025,-0.03239,-0.00497
0.9360,-0.01023,-0.03238,-0.00503
0.9440,-0.01019,-0.03238,-0.00515
0.9480,-0.01017,-0.03237,-0.00521
0.9560,-0.01013,-0.03236,-0.00534
0.9640,-0.01009,-0.03236,-0.00547
0.9680,-0.00974,-0.03246,-0.00681
0.9720,-0.00975,-0.03257,-0.00670
0.9760,-0.00976,-0.03269,-0.00659
0.9800,-0.00977,-0.03281,-0.00648
0.9840,-0.00978,-0.03293,-0.00637
0.9920,-0.00977,-0.03309,-0.00633
0.9960,-0.00980,-0.03317,-0.00615
1.0040,-0.00977,-0.03337,-0.00620
1.0040,-0.00980,-0.03345,-0.00601
1.0120,-0.00981,-0.03357,-0.00591
1.0160,-0.00980,-0.03374,-0.00588
1.0200,-0.00981,-0.03386,-0.00577
1.0280,-0.00980,-0.03403,-0.00575
1.0360,-0.00980,-0.03420,-0.00572
1.0400,-0.00981,-0.03432,-0.00561
1.0440,-0.00967,-0.03488,-0.00616
1.0480,-0.00961,-0.03493,-0.00590
1.0520,-0.00955,-0.03499,-0.00565
1.0600,-0.00945,-0.03509,-0.00543
1.0680,-0.00939,-0.03514,-0.00517
1.0720,-0.00930,-0.03525,-0.00495
1.0760,-0.00924,-0.03530,-0.00471
1.0760,-0.00919,-0.03535,-0.00446
1.0840,-0.00914,-0.03539,-0.00422
1.0880,-0.00908,-0.03544,-0.00397
1.0920,-0.00903,-0.03549,-0.00373
1.0960,-0.00894,-0.03559,-0.00352
1.1000,-0.00888,-0.03564,-0.00327
1.1080,-0.00883,-0.03570,-0.00302
1.1160,-0.00878,-0.03575,-0.00277
1.1240,-0.00869,-0.03585,-0.00255
1.1280,-0.00862,-0.03595,-0.00261
1.1360,-0.00855,-0.03605,-0.00267
1.1400,-0.00855,-0.03605,-0.00267
1.1440,-0.00847,-0.03615,-0.00273
1.1480,-0.00843,-0.03621,-0.00276
1.1520,-0.00839,-0.03626,-0.00279
1.1560,-0.00835,-0.03632,-0.00282
1.1640,-0.00827,-0.03643,-0.00288
1.1720,-0.00819,-0.03653,-0.00294
1.1760,-0.00815,-0.03658,-0.00297
1.1840,-0.00769,-0.03716,-0.00339
1.1920,-0.00777,-0.03704,-0.00347
1.1960,-0.00788,-0.03691,-0.00351
1.2000,-0.00798,-0.03677,-0.00356
1.2040,-0.00808,-0.03664,-0.00360
1.2080,-0.00819,-0.03650,-0.00364
1.2160,-0.00828,-0.03638,-0.00374
1.2240,-0.00838,-0.03627,-0.00384
1.2320,-0.00848,-0.03614,-0.00389
1.2320,-0.00859,-0.03600,-0.00394
1.2440,-0.00867,-0.03591,-0.00410
1.2480,-0.00877,-0.03578,-0.00415
1.2520,-0.00887,-0.03565,-0.00421
1.2560,-0.00898,-0.03553,-0.00426
1.2640,-0.00907,-0.03542,-0.00437
1.2640,-0.00917,-0.03529,-0.00442
1.2720,-0.00915,-0.03532,-0.00447
1.2760,-0.00913,-0.03534,-0.00453
1.2800,-0.00911,-0.03536,-0.00458
1.2840,-0.00909,-0.03538,-0.00464
1.2920,-0.00875,-0.03579,-0.00553
1.2960,-0.00888,-0.03585,-0.00546
1.3000,-0.00901,-0.03592,-0.00539
1.3040,-0.00915,-0.03595,-0.00527
1.3080,-0.00928,-0.03601,-0.00520
1.3120,-0.00940,-0.03611,-0.00518
1.3160,-0.00953,-0.03617,-0.00511
1.3240,-0.00965,-0.03628,-0.00509
1.3280,-0.00978,-0.03635,-0.00502
1.3320,-0.00992,-0.03638,-0.00489
1.3360,-0.01005,-0.03648,-0.00487
1.3360,-0.01019,-0.03652,-0.00475
1.3440,-0.01032,-0.03659,-0.00467
1.3480,-0.01045,-0.03668,-0.00465
1.3560,-0.01058,-0.03678,-0.00464
1.3600,-0.01072,-0.03685,-0.00457
1.3640,-0.01072,-0.03688,-0.00463
1.3720,-0.01071,-0.03695,-0.00476
1.3800,-0.01071,-0.03702,-0.00488
1.3840,-0.01070,-0.03705,-0.00493
1.3920,-0.01070,-0.03712,-0.00505
1.3920,-0.01074,-0.03762,-0.00604
1.4000,-0.01082,-0.03755,-0.00599
1.4040,-0.01090,-0.03748,-0.00593
1.4080,-0.01098,-0.03740,-0.00595
1.4120,-0.01107,-0.03732,-0.00589
1.4160,-0.01116,-0.03724,-0.00584
1.4160,-0.01125,-0.03717,-0.00571
1.4240,-0.01133,-0.03709,-0.00573
1.4320,-0.01141,-0.03700,-0.00575
1.4360,-0.01149,-0.03693,-0.00570
1.4360,-0.01157,-0.03685,-0.00565
1.4440,-0.01165,-0.03677,-0.00560
1.4520,-0.01172,-0.03669,-0.00562
1.4600,-0.01178,-0.03661,-0.00565
1.4640,-0.01186,-0.03653,-0.00561
1.4680,-0.01195,-0.03646,-0.00548
1.4760,-0.01191,-0.03644,-0.00572
1.4840,-0.01188,-0.03644,-0.00587
1.4880,-0.01186,-0.03644,-0.00594
1.4920,-0.01185,-0.03645,-0.00602
1.4920,-0.01155,-0.03660,-0.00723
1.4960,-0.01165,-0.03676,-0.00705
1.5040,-0.01175,-0.03702,-0.00702
1.5080,-0.01185,-0.03723,-0.00691
1.5120,-0.01195,-0.03745,-0.00680
1.5160,-0.01205,-0.03766,-0.00669
1.5200,-0.01215,-0.03787,-0.00659
1.5280,-0.01225,-0.03808,-0.00648
1.5320,-0.01235,-0.03830,-0.00637
1.5360,-0.01246,-0.03856,-0.00633
1.5400,-0.01256,-0.03877,-0.00622
1.5440,-0.01266,-0.03898,-0.00611
1.5480,-0.01276,-0.03919,-0.00599
1.5520,-0.01286,-0.03940,-0.00588
1.5560,-0.01296,-0.03961,-0.00577
1.5640,-0.01305,-0.03986,-0.00573
1.5680,-0.01305,-0.03986,-0.00573
1.5720,-0.01305,-0.03994,-0.00588
1.5760,-0.01304,-0.03998,-0.00595
1.5840,-0.01304,-0.04005,-0.00608
1.5880,-0.01300,-0.04055,-0.00704
1.5920,-0.01293,-0.04045,-0.00687
1.6000,-0.01286,-0.04034,-0.00671
1.6040,-0.01279,-0.04023,-0.00655
1.6080,-0.01270,-0.04015,-0.00644
1.6120,-0.01263,-0.04004,-0.00628
1.6160,-0.01255,-0.03993,-0.00612
1.6200,-0.01248,-0.03983,-0.00595
1.6280,-0.01238,-0.03974,-0.00585
1.6320,-0.01231,-0.03963,-0.00569
1.6360,-0.01223,-0.03952,-0.00554
1.6400,-0.01216,-0.03941,-0.00538
1.6440,-0.01209,-0.03930,-0.00522
1.6480,-0.01202,-0.03918,-0.00507
1.6520,-0.01194,-0.03907,-0.00491
1.6560,-0.01187,-0.03896,-0.00475
1.6600,-0.01186,-0.03897,-0.00482
1.6640,-0.01185,-0.03899,-0.00488
1.6720,-0.01183,-0.03901,-0.00494
1.6720,-0.01182,-0.03902,-0.00500
1.6840,-0.01177,-0.03908,-0.00517
1.6880,-0.01175,-0.03910,-0.00523
1.6920,-0.01173,-0.03912,-0.00529
1.6960,-0.01171,-0.03915,-0.00535
1.7000,-0.01169,-0.03917,-0.00541
1.7040,-0.01167,-0.03919,-0.00547
1.7120,-0.01138,-0.03965,-0.00661
1.7160,-0.01134,-0.03977,-0.00644
1.7240,-0.01130,-0.03989,-0.00628
1.7280,-0.01126,-0.04008,-0.00616
1.7320,-0.01122,-0.04021,-0.00600
1.7360,-0.01119,-0.04034,-0.00584
1.7400,-0.01116,-0.04046,-0.00569
1.7480,-0.01112,-0.04066,-0.00558
1.7560,-0.01109,-0.04086,-0.00547
1.7600,-0.01107,-0.04099,-0.00532
1.7640,-0.01104,-0.04112,-0.00516
1.7680,-0.01101,-0.04125,-0.00501
1.7760,-0.01098,-0.04147,-0.00490
1.7800,-0.01101,-0.04258,-0.00535
1.7880,-0.01117,-0.04241,-0.00545
1.7920,-0.01131,-0.04220,-0.00548
1.8000,-0.01147,-0.04204,-0.00558
1.8000,-0.01161,-0.04179,-0.00555
1.8080,-0.01176,-0.04159,-0.00558
1.8120,-0.01192,-0.04142,-0.00568
1.8200,-0.01207,-0.04126,-0.00578
1.8240,-0.01222,-0.04105,-0.00582
1.8280,-0.01237,-0.04085,-0.00585
1.8320,-0.01251,-0.04064,-0.00589
1.8360,-0.01266,-0.04044,-0.00592
1.8400,-0.01279,-0.04019,-0.00589
1.8440,-0.01295,-0.04003,-0.00600
1.8480,-0.01309,-0.03983,-0.00603
1.8520,-0.01323,-0.03963,-0.00606
1.8560,-0.01324,-0.03968,-0.00614
1.8600,-0.01325,-0.03972,-0.00621
1.8680,-0.01326,-0.03981,-0.00636
1.8720,-0.01327,-0.03986,-0.00644
1.8760,-0.01328,-0.03991,-0.00651
1.8840,-0.01335,-0.04065,-0.00753
1.8880,-0.01330,-0.04069,-0.00737
1.8960,-0.01325,-0.04072,-0.00721
1.9000,-0.01320,-0.04081,-0.00710
1.9080,-0.01315,-0.04091,-0.00698
1.9120,-0.01310,-0.04094,-0.00681
1.9160,-0.01306,-0.04097,-0.00664
1.9240,-0.01301,-0.04106,-0.00651
1.9280,-0.01297,-0.04109,-0.00634
1.9320,-0.01293,-0.04111,-0.00617
1.9360,-0.01289,-0.04108,-0.00595
1.9400,-0.01286,-0.04117,-0.00582
1.9440,-0.01281,-0.04114,-0.00560
1.9480,-0.01278,-0.04123,-0.00547
1.9560,-0.01276,-0.04132,-0.00533
1.9600,-0.01273,-0.04135,-0.00515
1.9640,-0.01274,-0.04142,-0.00518
1.9680,-0.01274,-0.04142,-0.00518
1.9720,-0.01275,-0.04148,-0.00521
1.9760,-0.01278,-0.04162,-0.00528
1.9800,-0.01279,-0.04169,-0.00532
1.9880,-0.01303,-0.04276,-0.00573
1.9920,-0.01302,-0.04259,-0.00553
1.9960,-0.01302,-0.04242,-0.00532
2.0000,-0.01300,-0.04219,-0.00512
2.0040,-0.01301,-0.04207,-0.00492
2.0120,-0.01302,-0.04196,-0.00473
2.0160,-0.01302,-0.04179,-0.00453
2.0200,-0.01302,-0.04162,-0.00432
2.0240,-0.01302,-0.04145,-0.00412
2.0320,-0.01303,-0.04133,-0.00392
2.0360,-0.01304,-0.04116,-0.00372
2.0440,-0.01304,-0.04098,-0.00352
2.0480,-0.01304,-0.04081,-0.00332
2.0520,-0.01306,-0.04070,-0.00313
2.0560,-0.01306,-0.04053,-0.00293
2.0600,-0.01305,-0.04037,-0.00273
2.0640,-0.01307,-0.04043,-0.00274
2.0680,-0.01310,-0.04056,-0.00276
2.0760,-0.01312,-0.04063,-0.00277
2.0800,-0.01314,-0.04069,-0.00277
2.0840,-0.01314,-0.04069,-0.00277
2.0880,-0.01318,-0.04083,-0.00279
2.0920,-0.01320,-0.04090,-0.00280
2.0960,-0.01322,-0.04097,-0.00281
2.1000,-0.01324,-0.04104,-0.00282
2.1040,-0.01327,-0.04111,-0.00283
2.1120,-0.01383,-0.04278,-0.00311
2.1160,-0.01384,-0.04313,-0.00305
2.1200,-0.01384,-0.04348,-0.00298
2.1280,-0.01385,-0.04383,-0.00291
2.1320,-0.01391,-0.04431,-0.00287
2.1320,-0.01387,-0.04453,-0.00278
2.1400,-0.01393,-0.04501,-0.00273
2.1440,-0.01393,-0.04536,-0.00267
2.1520,-0.01394,-0.04571,-0.00260
2.1600,-0.01405,-0.04633,-0.00258
2.1640,-0.01406,-0.04667,-0.00251
2.1680,-0.01407,-0.04702,-0.00244
2.1720,-0.01408,-0.04737,-0.00238
2.1760,-0.01405,-0.04759,-0.00229
2.1840,-0.01417,-0.04820,-0.00226
2.1840,-0.01418,-0.04855,-0.00219
2.1920,-0.01504,-0.05043,-0.00251
2.1960,-0.01496,-0.05003,-0.00250
2.2000,-0.01489,-0.04963,-0.00249
2.2040,-0.01481,-0.04923,-0.00248
2.2080,-0.01474,-0.04883,-0.00247
2.2120,-0.01466,-0.04842,-0.00245
2.2160,-0.01459,-0.04802,-0.00244
2.2160,-0.01447,-0.04756,-0.00241
2.2240,-0.01444,-0.04722,-0.00242
2.2280,-0.01432,-0.04676,-0.00239
2.2320,-0.01429,-0.04642,-0.00239
2.2360,-0.01422,-0.04602,-0.00238
2.2440,-0.01418,-0.04568,-0.00238
2.2520,-0.01414,-0.04535,-0.00239
2.2600,-0.01411,-0.04501,-0.00239
2.2640,-0.01403,-0.04462,-0.00238
2.2720,-0.01412,-0.04474,-0.00243
2.2760,-0.01417,-0.04480,-0.00245
2.2840,-0.01426,-0.04493,-0.00250
2.2880,-0.01490,-0.04579,-0.00294
2.2920,-0.01486,-0.04536,-0.00301
2.2960,-0.01482,-0.04493,-0.00308
2.3000,-0.01478,-0.04451,-0.00315
2.3040,-0.01474,-0.04408,-0.00322
2.3080,-0.01469,-0.04365,-0.00328
2.3120,-0.01465,-0.04322,-0.00335
2.3160,-0.01462,-0.04280,-0.00342
2.3240,-0.01463,-0.04238,-0.00353
2.3280,-0.01459,-0.04195,-0.00360
2.3320,-0.01455,-0.04153,-0.00366
2.3400,-0.01457,-0.04111,-0.00378
2.3440,-0.01453,-0.04068,-0.00385
2.3480,-0.01450,-0.04025,-0.00392
2.3520,-0.01447,-0.03982,-0.00399
2.3560,-0.01444,-0.03939,-0.00406
2.3600,-0.01449,-0.03939,-0.00411
2.3640,-0.01454,-0.03939,-0.00416
2.3680,-0.01454,-0.03939,-0.00416
2.3720,-0.01465,-0.03940,-0.00427
2.3760,-0.01471,-0.03940,-0.00432
2.3840,-0.01482,-0.03940,-0.00443
2.3880,-0.01488,-0.03940,-0.00449
2.3920,-0.01494,-0.03939,-0.00455
2.4000,-0.01500,-0.03939,-0.00460
2.4040,-0.01511,-0.03938,-0.00471
2.4080,-0.01628,-0.03923,-0.00577
2.4120,-0.01614,-0.03933,-0.00566
2.4160,-0.01601,-0.03943,-0.00555
2.4200,-0.01587,-0.03953,-0.00544
2.4280,-0.01578,-0.03963,-0.00538
2.4320,-0.01565,-0.03973,-0.00527
2.4320,-0.01547,-0.03983,-0.00510
2.4400,-0.01534,-0.03993,-0.00499
2.4440,-0.01521,-0.04003,-0.00488
2.4480,-0.01512,-0.04013,-0.00483
2.4480,-0.01499,-0.04022,-0.00472
2.4560,-0.01485,-0.04032,-0.00461
2.4640,-0.01475,-0.04041,-0.00456
2.4680,-0.01461,-0.04051,-0.00446
2.4720,-0.01447,-0.04060,-0.00436
2.4760,-0.01433,-0.04070,-0.00426
2.4840,-0.01473,-0.04068,-0.00508
2.4880,-0.01433,-0.04135,-0.00491
2.4920,-0.01393,-0.04190,-0.00464
2.4960,-0.01353,-0.04257,-0.00447
2.5040,-0.01311,-0.04324,-0.00429
2.5080,-0.01271,-0.04384,-0.00407
2.5160,-0.01230,-0.04445,-0.00386
2.5200,-0.01189,-0.04512,-0.00369
2.5240,-0.01148,-0.04572,-0.00348
2.5280,-0.01108,-0.04633,-0.00326
2.5360,-0.01068,-0.04694,-0.00305
2.5400,-0.01027,-0.04761,-0.00289
2.5440,-0.00987,-0.04822,-0.00267
2.5520,-0.00945,-0.04889,-0.00250
2.5560,-0.00906,-0.04943,-0.00223
2.5600,-0.00865,-0.05009,-0.00206
2.5640,-0.00864,-0.05015,-0.00211
2.5680,-0.00863,-0.05021,-0.00215
2.5720,-0.00862,-0.05027,-0.00220
2.5760,-0.00862,-0.05032,-0.00224
2.5840,-0.00861,-0.05043,-0.00234
2.5880,-0.00855,-0.05117,-0.00295
2.5920,-0.00863,-0.05063,-0.00294
2.5960,-0.00871,-0.05009,-0.00292
2.6000,-0.00878,-0.04953,-0.00288
2.6040,-0.00888,-0.04900,-0.00291
2.6080,-0.00896,-0.04846,-0.00290
2.6120,-0.00904,-0.04791,-0.00289
2.6160,-0.00912,-0.04737,-0.00288
2.6240,-0.00920,-0.04682,-0.00288
2.6280,-0.00930,-0.04629,-0.00291
2.6320,-0.00938,-0.04574,-0.00291
2.6360,-0.00947,-0.04519,-0.00290
2.6400,-0.00955,-0.04464,-0.00290
2.6480,-0.00965,-0.04409,-0.00293
2.6520,-0.00973,-0.04353,-0.00292
2.6600,-0.00983,-0.04298,-0.00295
2.6680,-0.00985,-0.04299,-0.00303
2.6720,-0.00986,-0.04299,-0.00307
2.6760,-0.00988,-0.04299,-0.00311
2.6840,-0.00991,-0.04299,-0.00319
2.6880,-0.00992,-0.04298,-0.00322
2.6920,-0.01014,-0.04290,-0.00372
2.6960,-0.01024,-0.04309,-0.00375
2.7000,-0.01033,-0.04329,-0.00379
2.7040,-0.01043,-0.04348,-0.00381
2.7080,-0.01053,-0.04368,-0.00384
2.7160,-0.01065,-0.04391,-0.00392
2.7200,-0.01072,-0.04407,-0.00389
2.7280,-0.01087,-0.04435,-0.00402
2.7320,-0.01096,-0.04455,-0.00405
2.7360,-0.01106,-0.04475,-0.00408
2.7400,-0.01115,-0.04495,-0.00410
2.7480,-0.01128,-0.04519,-0.00419
2.7560,-0.01141,-0.04543,-0.00427
2.7600,-0.01148,-0.04559,-0.00425
2.7640,-0.01162,-0.04584,-0.00434
2.7720,-0.01176,-0.04609,-0.00444
2.7760,-0.01179,-0.04614,-0.00450
2.7840,-0.01187,-0.04624,-0.00462
2.7920,-0.01254,-0.04716,-0.00565
2.7920,-0.01246,-0.04754,-0.00545
2.8000,-0.01238,-0.04791,-0.00526
2.8040,-0.01231,-0.04829,-0.00506
2.8080,-0.01224,-0.04867,-0.00487
2.8160,-0.01220,-0.04914,-0.00471
2.8240,-0.01216,-0.04962,-0.00454
2.8280,-0.01208,-0.04999,-0.00435
2.8320,-0.01201,-0.05037,-0.00416
2.8360,-0.01194,-0.05075,-0.00397
2.8400,-0.01187,-0.05113,-0.00378
2.8400,-0.01176,-0.05141,-0.00355
2.8480,-0.01173,-0.05188,-0.00340
2.8520,-0.01166,-0.05226,-0.00321
2.8560,-0.01159,-0.05264,-0.00301
2.8640,-0.01156,-0.05312,-0.00286
2.8680,-0.01160,-0.05321,-0.00289
2.8720,-0.01164,-0.05331,-0.00292
2.8760,-0.01164,-0.05331,-0.00292
2.8840,-0.01178,-0.05361,-0.00303
2.8880,-0.01182,-0.05371,-0.00306
2.8920,-0.01187,-0.05381,-0.00310
2.8960,-0.01192,-0.05391,-0.00313
2.9000,-0.01288,-0.05566,-0.00377
2.9040,-0.01275,-0.05536,-0.00363
2.9080,-0.01262,-0.05506,-0.00349
2.9160,-0.01254,-0.05482,-0.00337
2.9200,-0.01241,-0.05451,-0.00323
2.9240,-0.01228,-0.05421,-0.00310
2.9320,-0.01220,-0.05397,-0.00298
2.9320,-0.01203,-0.05360,-0.00283
2.9360,-0.01195,-0.05337,-0.00271
2.9440,-0.01183,-0.05306,-0.00258
2.9480,-0.01165,-0.05270,-0.00243
2.9520,-0.01158,-0.05245,-0.00232
2.9560,-0.01145,-0.05214,-0.00219
2.9600,-0.01133,-0.05183,-0.00207
2.9640,-0.01120,-0.05152,-0.00194
2.9680,-0.01107,-0.05121,-0.00181
2.9760,-0.01116,-0.05132,-0.00185
2.9800,-0.01120,-0.05138,-0.00187
2.9840,-0.01124,-0.05143,-0.00190
2.9880,-0.01129,-0.05149,-0.00192
2.9920,-0.01133,-0.05154,-0.00194
2.9960,-0.01203,-0.05223,-0.00241
3.0000,-0.01199,-0.05175,-0.00247
3.0040,-0.01200,-0.05123,-0.00259
3.0080,-0.01201,-0.05071,-0.00270
3.0120,-0.01207,-0.05015,-0.00287
3.0160,-0.01208,-0.04963,-0.00299
3.0240,-0.01214,-0.04906,-0.00315
3.0320,-0.01221,-0.04849,-0.00331
3.0360,-0.01217,-0.04801,-0.00337
3.0360,-0.01224,-0.04745,-0.00353
3.0480,-0.01230,-0.04688,-0.00368
3.0560,-0.01237,-0.04631,-0.00384
3.0600,-0.01238,-0.04579,-0.00395
3.0640,-0.01239,-0.04526,-0.00406
3.0680,-0.01240,-0.04474,-0.00418
3.0720,-0.01241,-0.04422,-0.00429
3.0760,-0.01246,-0.04418,-0.00434
3.0840,-0.01256,-0.04409,-0.00445
3.0880,-0.01260,-0.04404,-0.00450
3.0920,-0.01333,-0.04345,-0.00537
3.0960,-0.01326,-0.04391,-0.00528
3.1000,-0.01319,-0.04437,-0.00520
3.1040,-0.01312,-0.04482,-0.00511
3.1120,-0.01310,-0.04531,-0.00509
3.1160,-0.01303,-0.04576,-0.00501
3.1240,-0.01302,-0.04624,-0.00499
3.1280,-0.01296,-0.04669,-0.00491
3.1360,-0.01295,-0.04717,-0.00489
3.1440,-0.01295,-0.04765,-0.00487
3.1520,-0.01294,-0.04813,-0.00484
3.1560,-0.01288,-0.04859,-0.00476
3.1600,-0.01287,-0.04908,-0.00472
3.1720,-0.01287,-0.04957,-0.00469
3.1720,-0.01275,-0.05000,-0.00455
3.1800,-0.01275,-0.05049,-0.00452
3.1840,-0.01280,-0.05051,-0.00458
3.1880,-0.01286,-0.05054,-0.00463
3.1960,-0.01297,-0.05060,-0.00474
3.2000,-0.01302,-0.05063,-0.00480
3.2080,-0.01314,-0.05068,-0.00492
3.2120,-0.01320,-0.05071,-0.00498
3.2160,-0.01326,-0.05074,-0.00504
3.2240,-0.01410,-0.05101,-0.00595
3.2280,-0.01397,-0.05072,-0.00581
3.2320,-0.01385,-0.05043,-0.00568
3.2360,-0.01372,-0.05015,-0.00554
3.2400,-0.01360,-0.04986,-0.00541
3.2400,-0.01344,-0.04961,-0.00523
3.2480,-0.01335,-0.04928,-0.00514
3.2560,-0.01327,-0.04896,-0.00505
3.2560,-0.01311,-0.04871,-0.00487
3.2680,-0.01303,-0.04838,-0.00478
3.2720,-0.01296,-0.04806,-0.00469
3.2760,-0.01285,-0.04777,-0.00456
3.2840,-0.01279,-0.04745,-0.00448
3.2880,-0.01268,-0.04716,-0.00435
3.2920,-0.01258,-0.04688,-0.00422
3.2960,-0.01248,-0.04659,-0.00409
3.3040,-0.01259,-0.04652,-0.00419
3.3120,-0.01271,-0.04644,-0.00429
3.3160,-0.01277,-0.04640,-0.00434
3.3200,-0.01283,-0.04635,-0.00439
3.3240,-0.01289,-0.04631,-0.00443
3.3280,-0.01296,-0.04627,-0.00448
3.3320,-0.01302,-0.04623,-0.00453
3.3400,-0.01315,-0.04615,-0.00464
3.3440,-0.01322,-0.04611,-0.00469
3.3520,-0.01336,-0.04604,-0.00479
3.3600,-0.01465,-0.04547,-0.00562
3.3680,-0.01463,-0.04560,-0.00549
3.3720,-0.01454,-0.04572,-0.00533
3.3760,-0.01438,-0.04582,-0.00513
3.3840,-0.01445,-0.04597,-0.00503
3.3880,-0.01436,-0.04609,-0.00486
3.3920,-0.01428,-0.04621,-0.00469
3.3960,-0.01420,-0.04633,-0.00452
3.4000,-0.01404,-0.04643,-0.00432
3.4040,-0.01404,-0.04657,-0.00418
3.4080,-0.01396,-0.04669,-0.00401
3.4120,-0.01388,-0.04681,-0.00384
3.4120,-0.01371,-0.04692,-0.00364
3.4200,-0.01372,-0.04705,-0.00350
3.4280,-0.01372,-0.04719,-0.00336
3.4280,-0.01364,-0.04732,-0.00319
3.4360,-0.01372,-0.04734,-0.00323
3.4360,-0.01381,-0.04736,-0.00326
3.4480,-0.01498,-0.04785,-0.00374
3.4520,-0.01490,-0.04813,-0.00365
3.4560,-0.01472,-0.04831,-0.00352
3.4600,-0.01474,-0.04870,-0.00346
3.4640,-0.01456,-0.04888,-0.00333
3.4680,-0.01448,-0.04916,-0.00324
3.4720,-0.01440,-0.04945,-0.00314
3.4760,-0.01442,-0.04986,-0.00305
3.4800,-0.01435,-0.05015,-0.00295
3.4880,-0.01427,-0.05045,-0.00284
3.4920,-0.01420,-0.05075,-0.00274
3.4960,-0.01422,-0.05117,-0.00266
3.5000,-0.01414,-0.05147,-0.00256
3.5040,-0.01407,-0.05177,-0.00245
3.5080,-0.01389,-0.05194,-0.00233
3.5120,-0.01392,-0.05236,-0.00225
3.5160,-0.01401,-0.05248,-0.00228
3.5240,-0.01411,-0.05261,-0.00230
3.5280,-0.01431,-0.05285,-0.00236
3.5320,-0.01441,-0.05297,-0.00238
3.5440,-0.01471,-0.05334,-0.00247
3.5440,-0.01471,-0.05334,-0.00247
3.5480,-0.01481,-0.05347,-0.00250
3.5520,-0.01622,-0.05510,-0.00293
3.5560,-0.01608,-0.05482,-0.00290
3.5600,-0.01594,-0.05453,-0.00287
3.5640,-0.01581,-0.05425,-0.00283
3.5680,-0.01567,-0.05397,-0.00280
3.5760,-0.01562,-0.05372,-0.00278
3.5840,-0.01557,-0.05349,-0.00277
3.5880,-0.01544,-0.05321,-0.00274
3.5920,-0.01530,-0.05293,-0.00271
3.5960,-0.01508,-0.05261,-0.00265
3.6000,-0.01504,-0.05238,-0.00264
3.6080,-0.01491,-0.05210,-0.00261
3.6120,-0.01487,-0.05188,-0.00259
3.6160,-0.01474,-0.05160,-0.00256
3.6240,-0.01471,-0.05138,-0.00255
3.6320,-0.01469,-0.05115,-0.00254
3.6320,-0.01480,-0.05120,-0.00256
3.6440,-0.01500,-0.05131,-0.00261
3.6480,-0.01511,-0.05136,-0.00263
3.6560,-0.01693,-0.05230,-0.00309
3.6600,-0.01687,-0.05249,-0.00321
3.6640,-0.01681,-0.05269,-0.00333
3.6680,-0.01674,-0.05288,-0.00345
3.6720,-0.01668,-0.05308,-0.00357
3.6800,-0.01673,-0.05336,-0.00375
3.6840,-0.01666,-0.05356,-0.00386
3.6880,-0.01659,-0.05375,-0.00398
3.6920,-0.01652,-0.05395,-0.00409
3.7000,-0.01656,-0.05423,-0.00427
3.7040,-0.01649,-0.05443,-0.00439
3.7080,-0.01642,-0.05462,-0.00450
3.7120,-0.01634,-0.05481,-0.00462
3.7200,-0.01638,-0.05508,-0.00480
3.7240,-0.01631,-0.05527,-0.00491
3.7280,-0.01635,-0.05554,-0.00509
3.7360,-0.01646,-0.05561,-0.00516
3.7360,-0.01646,-0.05561,-0.00516
3.7440,-0.01669,-0.05577,-0.00528
3.7480,-0.01680,-0.05585,-0.00535
3.7520,-0.01692,-0.05593,-0.00541
3.7560,-0.01703,-0.05601,-0.00547
3.7640,-0.01896,-0.05738,-0.00659
3.7680,-0.01858,-0.05725,-0.00639
3.7720,-0.01828,-0.05722,-0.00622
3.7760,-0.01806,-0.05728,-0.00608
3.7840,-0.01784,-0.05734,-0.00595
3.7880,-0.01754,-0.05730,-0.00578
3.7920,-0.01723,-0.05726,-0.00562
3.7960,-0.01693,-0.05722,-0.00545
3.8000,-0.01662,-0.05718,-0.00528
3.8000,-0.01632,-0.05714,-0.00511
3.8080,-0.01602,-0.05710,-0.00494
3.8120,-0.01572,-0.05706,-0.00477
3.8160,-0.01542,-0.05702,-0.00460
3.8240,-0.01521,-0.05707,-0.00446
3.8280,-0.01491,-0.05704,-0.00429
3.8320,-0.01462,-0.05700,-0.00411
3.8360,-0.01470,-0.05710,-0.00415
3.8400,-0.01479,-0.05720,-0.00418
3.8480,-0.01487,-0.05729,-0.00421
3.8520,-0.01505,-0.05749,-0.00427
3.8600,-0.01522,-0.05770,-0.00433
3.8640,-0.01522,-0.05770,-0.00433
3.8720,-0.01548,-0.05802,-0.00442
3.8760,-0.01732,-0.06031,-0.00491
3.8840,-0.01719,-0.06019,-0.00473
3.8920,-0.01706,-0.06007,-0.00456
3.8960,-0.01685,-0.05984,-0.00438
3.8960,-0.01664,-0.05962,-0.00421
3.9040,-0.01643,-0.05940,-0.00403
3.9080,-0.01623,-0.05918,-0.00385
3.9120,-0.01602,-0.05896,-0.00368
3.9160,-0.01582,-0.05873,-0.00350
3.9200,-0.01552,-0.05841,-0.00332
3.9240,-0.01532,-0.05819,-0.00315
3.9280,-0.01520,-0.05807,-0.00297
3.9320,-0.01499,-0.05784,-0.00279
3.9400,-0.01487,-0.05771,-0.00260
3.9440,-0.01467,-0.05748,-0.00242
3.9520,-0.01456,-0.05735,-0.00224
3.9600,-0.01474,-0.05753,-0.00223
3.9680,-0.01483,-0.05762,-0.00223
3.9720,-0.01491,-0.05772,-0.00222
3.9760,-0.01508,-0.05791,-0.00221
3.9800,-0.01619,-0.05903,-0.00211
3.9880,-0.01604,-0.05860,-0.00206
3.9920,-0.01582,-0.05815,-0.00201
3.9960,-0.01555,-0.05770,-0.00198
4.0000,-0.01534,-0.05725,-0.00193
4.0040,-0.01519,-0.05682,-0.00187
4.0120,-0.01504,-0.05639,-0.00181
4.0160,-0.01484,-0.05595,-0.00177
4.0200,-0.01463,-0.05551,-0.00172
4.0240,-0.01443,-0.05506,-0.00168
4.0280,-0.01422,-0.05462,-0.00164
4.0360,-0.01409,-0.05420,-0.00159
4.0400,-0.01381,-0.05374,-0.00156
4.0440,-0.01369,-0.05332,-0.00151
4.0480,-0.01349,-0.05288,-0.00147
4.0520,-0.01330,-0.05244,-0.00143
4.0560,-0.01338,-0.05246,-0.00143
4.0600,-0.01346,-0.05248,-0.00143
4.0680,-0.01354,-0.05249,-0.00143
4.0720,-0.01455,-0.05271,-0.00154
4.0760,-0.01452,-0.05269,-0.00169
4.0800,-0.01449,-0.05267,-0.00184
4.0880,-0.01458,-0.05268,-0.00203
4.0920,-0.01466,-0.05268,-0.00223
4.1000,-0.01452,-0.05264,-0.00234
4.1040,-0.01461,-0.05265,-0.00253
4.1080,-0.01458,-0.05263,-0.00268
4.1120,-0.01455,-0.05261,-0.00284
4.1160,-0.01452,-0.05259,-0.00299
4.1200,-0.01449,-0.05257,-0.00314
4.1280,-0.01457,-0.05257,-0.00333
4.1360,-0.01455,-0.05255,-0.00348
4.1400,-0.01463,-0.05256,-0.00368
4.1440,-0.01460,-0.05254,-0.00383
4.1480,-0.01447,-0.05249,-0.00394
4.1560,-0.01481,-0.05257,-0.00408
4.1600,-0.01492,-0.05259,-0.00413
4.1680,-0.01503,-0.05261,-0.00418
4.1720,-0.01526,-0.05267,-0.00428
4.1800,-0.01549,-0.05272,-0.00437
4.1840,-0.01560,-0.05275,-0.00441
4.1880,-0.01571,-0.05278,-0.00446
4.1960,-0.01763,-0.05323,-0.00524
4.2000,-0.01742,-0.05320,-0.00512
4.2040,-0.01711,-0.05315,-0.00499
4.2120,-0.01710,-0.05316,-0.00491
4.2200,-0.01699,-0.05315,-0.00482
4.2280,-0.01687,-0.05314,-0.00472
4.2320,-0.01666,-0.05312,-0.00461
4.2400,-0.01655,-0.05311,-0.00450
4.2440,-0.01634,-0.05308,-0.00439
4.2480,-0.01613,-0.05305,-0.00427
4.2520,-0.01593,-0.05302,-0.00415
4.2520,-0.01562,-0.05297,-0.00402
4.2600,-0.01552,-0.05296,-0.00392
4.2640,-0.01532,-0.05293,-0.00380
4.2680,-0.01511,-0.05290,-0.00368
4.2720,-0.01491,-0.05287,-0.00357
4.2800,-0.01513,-0.05291,-0.00360
4.2840,-0.01524,-0.05294,-0.00362
4.2880,-0.01698,-0.05325,-0.00390
4.2920,-0.01681,-0.05308,-0.00393
4.3000,-0.01675,-0.05289,-0.00400
4.3000,-0.01649,-0.05272,-0.00400
4.3080,-0.01643,-0.05253,-0.00407
4.3160,-0.01638,-0.05234,-0.00414
4.3200,-0.01623,-0.05216,-0.00417
4.3240,-0.01607,-0.05198,-0.00421
4.3280,-0.01591,-0.05180,-0.00425
4.3320,-0.01575,-0.05162,-0.00429
4.3360,-0.01559,-0.05144,-0.00432
4.3400,-0.01532,-0.05127,-0.00432
4.3440,-0.01527,-0.05107,-0.00439
4.3520,-0.01521,-0.05087,-0.00445
4.3560,-0.01504,-0.05068,-0.00448
4.3640,-0.01488,-0.05049,-0.00451
4.3680,-0.01498,-0.05047,-0.00454
4.3720,-0.01518,-0.05043,-0.00460
4.3760,-0.01528,-0.05041,-0.00462
4.3840,-0.01548,-0.05037,-0.00468
4.3880,-0.01558,-0.05035,-0.00471
4.3960,-0.01714,-0.04998,-0.00502
4.4000,-0.01684,-0.05009,-0.00485
4.4040,-0.01671,-0.05023,-0.00468
4.4080,-0.01649,-0.05035,-0.00452
4.4120,-0.01628,-0.05048,-0.00435
4.4160,-0.01606,-0.05061,-0.00419
4.4240,-0.01593,-0.05075,-0.00403
4.4280,-0.01572,-0.05088,-0.00387
4.4280,-0.01551,-0.05101,-0.00371
4.4360,-0.01530,-0.05113,-0.00355
4.4400,-0.01508,-0.05126,-0.00338
4.4440,-0.01487,-0.05138,-0.00322
4.4480,-0.01466,-0.05151,-0.00306
4.4520,-0.01445,-0.05163,-0.00290
4.4560,-0.01425,-0.05175,-0.00274
4.4600,-0.01404,-0.05187,-0.00258
4.4680,-0.01413,-0.05188,-0.00259
4.4720,-0.01431,-0.05191,-0.00261
4.4760,-0.01440,-0.05192,-0.00262
4.4800,-0.01564,-0.05202,-0.00278
4.4840,-0.01556,-0.05178,-0.00285
4.4920,-0.01557,-0.05151,-0.00295
4.5000,-0.01559,-0.05123,-0.00305
4.5040,-0.01550,-0.05099,-0.00312
4.5080,-0.01543,-0.05075,-0.00319
4.5120,-0.01535,-0.05052,-0.00326
4.5160,-0.01517,-0.05032,-0.00331
4.5240,-0.01519,-0.05004,-0.00341
4.5280,-0.01522,-0.04976,-0.00350
4.5360,-0.01514,-0.04952,-0.00357
4.5360,-0.01507,-0.04928,-0.00363
4.5440,-0.01510,-0.04900,-0.00372
4.5480,-0.01502,-0.04876,-0.00379
4.5520,-0.01494,-0.04853,-0.00385
4.5560,-0.01486,-0.04829,-0.00391
4.5600,-0.01496,-0.04825,-0.00393
4.5640,-0.01506,-0.04821,-0.00394
4.5680,-0.01515,-0.04816,-0.00396
4.5720,-0.01525,-0.04812,-0.00398
4.5720,-0.01535,-0.04808,-0.00399
4.5800,-0.01545,-0.04804,-0.00401
4.5840,-0.01681,-0.04761,-0.00420
4.5880,-0.01668,-0.04802,-0.00410
4.5960,-0.01656,-0.04842,-0.00399
4.6000,-0.01644,-0.04883,-0.00389
4.6040,-0.01642,-0.04929,-0.00379
4.6120,-0.01640,-0.04975,-0.00369
4.6160,-0.01628,-0.05016,-0.00358
4.6240,-0.01626,-0.05062,-0.00348
4.6280,-0.01603,-0.05097,-0.00337
4.6320,-0.01601,-0.05143,-0.00326
4.6360,-0.01588,-0.05184,-0.00315
4.6400,-0.01575,-0.05224,-0.00304
4.6440,-0.01563,-0.05265,-0.00292
4.6520,-0.01561,-0.05310,-0.00281
4.6600,-0.01561,-0.05355,-0.00270
4.6680,-0.01561,-0.05399,-0.00259
4.6720,-0.01668,-0.05442,-0.00263
4.6760,-0.01606,-0.05502,-0.00241
4.6840,-0.01545,-0.05561,-0.00220
4.6880,-0.01480,-0.05627,-0.00199
4.6920,-0.01419,-0.05687,-0.00178
4.7000,-0.01357,-0.05747,-0.00157
4.7040,-0.01292,-0.05813,-0.00138
4.7080,-0.01231,-0.05873,-0.00117
4.7120,-0.01169,-0.05933,-0.00097
4.7160,-0.01111,-0.05987,-0.00074
4.7200,-0.01046,-0.06053,-0.00055
4.7240,-0.00984,-0.06113,-0.00034
4.7280,-0.00922,-0.06173,-0.00014
4.7360,-0.00857,-0.06239,0.00005
4.7400,-0.00795,-0.06299,0.00025
4.7440,-0.00733,-0.06359,0.00045
4.7480,-0.00733,-0.06359,0.00045
4.7520,-0.00727,-0.06372,0.00040
4.7560,-0.00724,-0.06378,0.00038
4.7600,-0.00721,-0.06385,0.00035
4.7680,-0.00697,-0.06446,0.00004
4.7760,-0.00708,-0.06446,0.00001
4.7800,-0.00719,-0.06450,-0.00004
4.7840,-0.00730,-0.06450,-0.00006
4.7880,-0.00741,-0.06449,-0.00008
4.7920,-0.00751,-0.06449,-0.00010
4.7960,-0.00762,-0.06444,-0.00010
4.8000,-0.00772,-0.06444,-0.00011
4.8040,-0.00783,-0.06449,-0.00015
4.8080,-0.00793,-0.06450,-0.00017
4.8120,-0.00804,-0.06450,-0.00019
4.8160,-0.00814,-0.06450,-0.00020
4.8200,-0.00825,-0.06451,-0.00022
4.8280,-0.00835,-0.06457,-0.00026
4.8320,-0.00845,-0.06458,-0.00028
4.8360,-0.00856,-0.06459,-0.00030
4.8440,-0.00856,-0.06465,-0.00032
4.8480,-0.00856,-0.06478,-0.00037
4.8560,-0.00856,-0.06491,-0.00042
4.8600,-0.00856,-0.06497,-0.00045
4.8640,-0.00856,-0.06509,-0.00049
4.8760,-0.00857,-0.06577,-0.00069
4.8800,-0.00859,-0.06570,-0.00059
4.8880,-0.00862,-0.06567,-0.00049
4.8920,-0.00865,-0.06561,-0.00040
4.8960,-0.00867,-0.06554,-0.00031
4.9040,-0.00870,-0.06548,-0.00022
4.9080,-0.00873,-0.06545,-0.00013
4.9120,-0.00876,-0.06538,-0.00004
4.9160,-0.00879,-0.06532,0.00005
4.9200,-0.00882,-0.06526,0.00014
4.9240,-0.00885,-0.06519,0.00022
4.9280,-0.00888,-0.06513,0.00031
4.9320,-0.00891,-0.06507,0.00040
4.9360,-0.00894,-0.06501,0.00049
4.9400,-0.00897,-0.06495,0.00058
4.9440,-0.00901,-0.06489,0.00067
4.9520,-0.00901,-0.06498,0.00069
4.9560,-0.00901,-0.06502,0.00070
4.9600,-0.00901,-0.06507,0.00071
4.9640,-0.00902,-0.06511,0.00072
4.9720,-0.00902,-0.06520,0.00074
4.9760,-0.00902,-0.06525,0.00074
4.9840,-0.00903,-0.06534,0.00076
4.9880,-0.00908,-0.06604,0.00092
4.9920,-0.00924,-0.06597,0.00099
4.9960,-0.00940,-0.06590,0.00106
5.0000,-0.00956,-0.06583,0.00113
5.0040,-0.00972,-0.06576,0.00120
5.0080,-0.00989,-0.06569,0.00126
5.0160,-0.01009,-0.06564,0.00134
5.0160,-0.01021,-0.06556,0.00139
5.0240,-0.01042,-0.06551,0.00146
5.0280,-0.01059,-0.06545,0.00152
5.0320,-0.01071,-0.06537,0.00157
5.0360,-0.01093,-0.06532,0.00164
5.0400,-0.01105,-0.06524,0.00169
5.0480,-0.01131,-0.06521,0.00176
5.0520,-0.01148,-0.06514,0.00181
5.0560,-0.01165,-0.06507,0.00187
5.0640,-0.01174,-0.06510,0.00188
5.0680,-0.01179,-0.06512,0.00188
5.0720,-0.01183,-0.06514,0.00188
5.0760,-0.01188,-0.06516,0.00189
5.0800,-0.01242,-0.06543,0.00183
5.0840,-0.01224,-0.06570,0.00173
5.0880,-0.01206,-0.06597,0.00164
5.0960,-0.01187,-0.06631,0.00151
5.0960,-0.01171,-0.06652,0.00144
5.1080,-0.01151,-0.06692,0.00129
5.1120,-0.01133,-0.06720,0.00119
5.1160,-0.01116,-0.06748,0.00110
5.1200,-0.01098,-0.06776,0.00100
5.1280,-0.01079,-0.06812,0.00088
5.1360,-0.01061,-0.06847,0.00076
5.1440,-0.01042,-0.06883,0.00064
5.1520,-0.01024,-0.06919,0.00052
5.1560,-0.01007,-0.06948,0.00043
5.1600,-0.00990,-0.06976,0.00034
5.1640,-0.00973,-0.07005,0.00024
5.1680,-0.00972,-0.07013,0.00022
5.1720,-0.00971,-0.07021,0.00020
5.1760,-0.00970,-0.07030,0.00018
5.1800,-0.00961,-0.07133,0.00000
5.1880,-0.00957,-0.07106,0.00023
5.1920,-0.00956,-0.07079,0.00041
5.2000,-0.00952,-0.07052,0.00063
5.2040,-0.00951,-0.07025,0.00082
5.2080,-0.00949,-0.06998,0.00100
5.2120,-0.00948,-0.06972,0.00118
5.2160,-0.00947,-0.06945,0.00136
5.2240,-0.00946,-0.06919,0.00154
5.2280,-0.00944,-0.06893,0.00175
5.2320,-0.00943,-0.06867,0.00193
5.2360,-0.00942,-0.06841,0.00210
5.2400,-0.00941,-0.06815,0.00227
5.2440,-0.00941,-0.06788,0.00242
5.2480,-0.00938,-0.06763,0.00262
5.2560,-0.00935,-0.06740,0.00282
5.2640,-0.00932,-0.06743,0.00288
5.2720,-0.00928,-0.06746,0.00293
5.2760,-0.00927,-0.06748,0.00296
5.2800,-0.00925,-0.06750,0.00298
5.2840,-0.00924,-0.06752,0.00300
5.2920,-0.00907,-0.06822,0.00307
5.2960,-0.00921,-0.06865,0.00276
5.3000,-0.00936,-0.06908,0.00245
5.3080,-0.00954,-0.06967,0.00207
5.3120,-0.00968,-0.07011,0.00176
5.3160,-0.00983,-0.07054,0.00145
5.3200,-0.00998,-0.07097,0.00114
5.3200,-0.01011,-0.07125,0.00089
5.3280,-0.01029,-0.07184,0.00052
5.3320,-0.01044,-0.07228,0.00021
5.3360,-0.01060,-0.07271,-0.00010
5.3360,-0.01072,-0.07299,-0.00035
5.3440,-0.01091,-0.07359,-0.00072
5.3480,-0.01107,-0.07403,-0.00103
5.3520,-0.01122,-0.07447,-0.00134
5.3560,-0.01138,-0.07491,-0.00165
5.3600,-0.01138,-0.07491,-0.00165
5.3680,-0.01148,-0.07540,-0.00185
5.3720,-0.01148,-0.07540,-0.00185
5.3760,-0.01151,-0.07557,-0.00191
5.3840,-0.01204,-0.07764,-0.00285
5.3880,-0.01207,-0.07739,-0.00275
5.3920,-0.01210,-0.07714,-0.00266
5.3960,-0.01213,-0.07689,-0.00256
5.4000,-0.01216,-0.07665,-0.00247
5.4040,-0.01219,-0.07640,-0.00237
5.4080,-0.01222,-0.07615,-0.00228
5.4120,-0.01221,-0.07583,-0.00213
5.4160,-0.01228,-0.07566,-0.00208
5.4200,-0.01232,-0.07542,-0.00198
5.4280,-0.01240,-0.07525,-0.00193
5.4320,-0.01238,-0.07493,-0.00178
5.4400,-0.01252,-0.07485,-0.00178
5.4480,-0.01261,-0.07469,-0.00173
5.4520,-0.01264,-0.07446,-0.00163
5.4600,-0.01274,-0.07430,-0.00159
5.4640,-0.01279,-0.07438,-0.00165
5.4680,-0.01285,-0.07447,-0.00170
5.4720,-0.01290,-0.07455,-0.00176
5.4720,-0.01290,-0.07455,-0.00176
5.4840,-0.01307,-0.07479,-0.00192
5.4880,-0.01400,-0.07609,-0.00274
5.4920,-0.01400,-0.07609,-0.00274
5.4960,-0.01401,-0.07610,-0.00274
5.5000,-0.01401,-0.07610,-0.00274
5.5080,-0.01407,-0.07619,-0.00280
5.5120,-0.01401,-0.07611,-0.00275
5.5120,-0.01401,-0.07612,-0.00275
5.5200,-0.01407,-0.07621,-0.00280
5.5280,-0.01413,-0.07630,-0.00287
5.5360,-0.01418,-0.07639,-0.00293
5.5440,-0.01422,-0.07649,-0.00300
5.5480,-0.01422,-0.07650,-0.00301
5.5520,-0.01422,-0.07651,-0.00302
5.5560,-0.01422,-0.07653,-0.00303
5.5640,-0.01422,-0.07654,-0.00304
5.5720,-0.01433,-0.07676,-0.00316
5.5800,-0.01444,-0.07696,-0.00328
5.5880,-0.01456,-0.07717,-0.00339
5.5920,-0.01462,-0.07728,-0.00345
5.6000,-0.01474,-0.07749,-0.00355
5.6040,-0.01538,-0.07873,-0.00405
5.6080,-0.01523,-0.07848,-0.00383
5.6080,-0.01513,-0.07830,-0.00360
5.6160,-0.01506,-0.07818,-0.00338
5.6200,-0.01496,-0.07800,-0.00315
5.6240,-0.01485,-0.07782,-0.00293
5.6280,-0.01475,-0.07764,-0.00270
5.6320,-0.01464,-0.07746,-0.00247
5.6400,-0.01454,-0.07729,-0.00224
5.6480,-0.01452,-0.07727,-0.00202
5.6560,-0.01446,-0.07717,-0.00179
5.6600,-0.01435,-0.07700,-0.00156
5.6680,-0.01425,-0.07683,-0.00134
5.6720,-0.01420,-0.07674,-0.00110
5.6760,-0.01410,-0.07658,-0.00087
5.6840,-0.01404,-0.07650,-0.00063
5.6920,-0.01414,-0.07667,-0.00063
5.7000,-0.01425,-0.07685,-0.00062
5.7040,-0.01430,-0.07694,-0.00062
5.7080,-0.01436,-0.07703,-0.00063
5.7120,-0.01441,-0.07712,-0.00063
5.7200,-0.01447,-0.07721,-0.00063
5.7280,-0.01463,-0.07749,-0.00065
5.7320,-0.01514,-0.07844,-0.00078
5.7400,-0.01484,-0.07818,-0.00079
5.7440,-0.01455,-0.07786,-0.00077
5.7480,-0.01425,-0.07754,-0.00076
5.7520,-0.01396,-0.07722,-0.00074
5.7560,-0.01366,-0.07690,-0.00072
5.7600,-0.01336,-0.07651,-0.00067
5.7640,-0.01308,-0.07626,-0.00069
5.7640,-0.01278,-0.07594,-0.00067
5.7720,-0.01248,-0.07555,-0.00062
5.7760,-0.01219,-0.07523,-0.00060
5.7800,-0.01190,-0.07499,-0.00061
5.7880,-0.01160,-0.07476,-0.00062
5.7920,-0.01131,-0.07453,-0.00063
5.8000,-0.01101,-0.07422,-0.00061
5.8120,-0.01067,-0.07485,-0.00078
5.8160,-0.01063,-0.07474,-0.00068
5.8200,-0.01055,-0.07480,-0.00056
5.8200,-0.01051,-0.07468,-0.00046
5.8280,-0.01045,-0.07465,-0.00035
5.8320,-0.01037,-0.07471,-0.00023
5.8360,-0.01032,-0.07469,-0.00012
5.8440,-0.01025,-0.07476,-0.00001
5.8520,-0.01017,-0.07483,0.00010
5.8600,-0.01010,-0.07490,0.00021
5.8640,-0.01003,-0.07488,0.00032
5.8720,-0.00995,-0.07496,0.00043
5.8760,-0.00989,-0.07494,0.00054
5.8840,-0.00981,-0.07502,0.00067
5.8880,-0.00975,-0.07500,0.00078
5.8920,-0.00969,-0.07498,0.00089
5.8960,-0.00967,-0.07507,0.00090
5.9040,-0.00964,-0.07527,0.00093
5.9080,-0.00963,-0.07538,0.00095
5.9120,-0.00950,-0.07653,0.00122
5.9160,-0.00952,-0.07602,0.00133
5.9160,-0.00954,-0.07552,0.00138
5.9240,-0.00956,-0.07501,0.00149
5.9280,-0.00958,-0.07447,0.00165
5.9280,-0.00959,-0.07397,0.00170
5.9360,-0.00961,-0.07344,0.00186
5.9400,-0.00964,-0.07293,0.00196
5.9440,-0.00966,-0.07241,0.00207
5.9480,-0.00968,-0.07190,0.00217
5.9520,-0.00970,-0.07139,0.00228
5.9600,-0.00973,-0.07086,0.00244
5.9680,-0.00975,-0.07034,0.00254
5.9720,-0.00977,-0.06983,0.00265
5.9760,-0.00980,-0.06930,0.00281
5.9840,-0.00982,-0.06878,0.00297
5.9920,-0.00983,-0.06875,0.00308
5.9960,-0.00983,-0.06874,0.00314
6.0000,-0.00984,-0.06872,0.00320
6.0040,-0.00984,-0.06871,0.00326
6.0120,-0.00984,-0.06869,0.00338
6.0160,-0.00985,-0.06868,0.00344
6.0200,-0.00985,-0.06866,0.00350
6.0240,-0.00985,-0.06865,0.00356
6.0280,-0.00986,-0.06864,0.00362
6.0320,-0.00989,-0.06855,0.00412
6.0360,-0.00983,-0.06849,0.00412
6.0400,-0.00978,-0.06843,0.00403
6.0440,-0.00973,-0.06836,0.00402
6.0480,-0.00968,-0.06830,0.00397
6.0520,-0.00963,-0.06824,0.00392
6.0560,-0.00958,-0.06818,0.00387
6.0640,-0.00953,-0.06813,0.00387
6.0680,-0.00948,-0.06807,0.00382
6.0720,-0.00943,-0.06801,0.00377
6.0760,-0.00938,-0.06796,0.00372
6.0800,-0.00933,-0.06790,0.00367
6.0880,-0.00926,-0.06786,0.00365
6.0920,-0.00921,-0.06780,0.00360
6.1000,-0.00915,-0.06777,0.00359
6.1040,-0.00910,-0.06772,0.00354
6.1080,-0.00909,-0.06773,0.00358
6.1160,-0.00907,-0.06776,0.00367
6.1200,-0.00906,-0.06778,0.00371
6.1280,-0.00904,-0.06782,0.00379
6.1360,-0.00903,-0.06787,0.00388
6.1400,-0.00902,-0.06790,0.00392
6.1440,-0.00901,-0.06793,0.00396
6.1480,-0.00901,-0.06795,0.00401
6.1520,-0.00900,-0.06798,0.00405
6.1600,-0.00899,-0.06804,0.00414
6.1640,-0.00899,-0.06807,0.00418
6.1680,-0.00899,-0.06838,0.00458
6.1720,-0.00899,-0.06809,0.00443
6.1760,-0.00898,-0.06781,0.00427
6.1840,-0.00898,-0.06753,0.00412
6.1880,-0.00897,-0.06725,0.00396
6.1920,-0.00895,-0.06697,0.00379
6.1960,-0.00894,-0.06670,0.00362
6.2000,-0.00894,-0.06642,0.00346
6.2080,-0.00894,-0.06614,0.00330
6.2120,-0.00894,-0.06587,0.00313
6.2120,-0.00892,-0.06560,0.00295
6.2200,-0.00893,-0.06532,0.00280
6.2240,-0.00893,-0.06505,0.00264
6.2280,-0.00893,-0.06478,0.00247
6.2320,-0.00893,-0.06451,0.00231
6.2400,-0.00896,-0.06423,0.00217
6.2480,-0.00900,-0.06422,0.00221
6.2520,-0.00903,-0.06422,0.00223
6.2560,-0.00905,-0.06422,0.00225
6.2600,-0.00907,-0.06423,0.00227
6.2640,-0.00927,-0.06433,0.00242
6.2680,-0.00918,-0.06420,0.00227
6.2720,-0.00911,-0.06413,0.00209
6.2760,-0.00903,-0.06404,0.00192
6.2800,-0.00895,-0.06394,0.00176
6.2880,-0.00888,-0.06388,0.00157
6.2920,-0.00880,-0.06379,0.00140
6.3000,-0.00873,-0.06374,0.00122
6.3040,-0.00866,-0.06365,0.00105
6.3040,-0.00857,-0.06352,0.00090
6.3120,-0.00850,-0.06348,0.00072
6.3160,-0.00842,-0.06340,0.00055
6.3240,-0.00834,-0.06331,0.00039
6.3280,-0.00828,-0.06328,0.00020
6.3320,-0.00820,-0.06320,0.00003
6.3360,-0.00812,-0.06312,-0.00015
6.3400,-0.00813,-0.06318,-0.00017
6.3440,-0.00814,-0.06323,-0.00019
6.3520,-0.00815,-0.06329,-0.00021
6.3560,-0.00818,-0.06340,-0.00026
6.3640,-0.00822,-0.06353,-0.00031
6.3640,-0.00843,-0.06414,-0.00053
6.3720,-0.00842,-0.06414,-0.00054
6.3760,-0.00843,-0.06420,-0.00057
6.3840,-0.00843,-0.06426,-0.00061
6.3880,-0.00843,-0.06426,-0.00062
6.3960,-0.00842,-0.06427,-0.00063
6.4000,-0.00843,-0.06433,-0.00067
6.4080,-0.00845,-0.06440,-0.00071
6.4160,-0.00846,-0.06447,-0.00076
6.4240,-0.00848,-0.06454,-0.00080
6.4320,-0.00851,-0.06461,-0.00085
6.4360,-0.00851,-0.06462,-0.00087
6.4400,-0.00852,-0.06463,-0.00088
6.4480,-0.00855,-0.06470,-0.00093
6.4520,-0.00855,-0.06471,-0.00094
6.4560,-0.00856,-0.06471,-0.00096
6.4600,-0.00880,-0.06514,-0.00115
6.4640,-0.00879,-0.06509,-0.00111
6.4680,-0.00889,-0.06513,-0.00111
6.4720,-0.00893,-0.06513,-0.00109
6.4760,-0.00897,-0.06513,-0.00107
6.4840,-0.00907,-0.06518,-0.00108
6.4880,-0.00906,-0.06514,-0.00104
6.4920,-0.00916,-0.06519,-0.00105
6.4960,-0.00921,-0.06519,-0.00104
6.4960,-0.00920,-0.06515,-0.00100
6.5040,-0.00930,-0.06520,-0.00100
6.5080,-0.00934,-0.06521,-0.00099
6.5120,-0.00939,-0.06521,-0.00097
6.5160,-0.00943,-0.06521,-0.00096
6.5240,-0.00951,-0.06526,-0.00096
6.5320,-0.00960,-0.06532,-0.00098
6.5360,-0.00960,-0.06532,-0.00098
6.5400,-0.00969,-0.06542,-0.00103
6.5440,-0.00974,-0.06547,-0.00105
6.5480,-0.00979,-0.06553,-0.00108
6.5520,-0.00983,-0.06558,-0.00111
6.5600,-0.01015,-0.06598,-0.00130
6.5600,-0.01013,-0.06596,-0.00128
6.5680,-0.01019,-0.06607,-0.00132
6.5720,-0.01021,-0.06612,-0.00134
6.5760,-0.01024,-0.06617,-0.00135
6.5840,-0.01031,-0.06628,-0.00139
6.5880,-0.01033,-0.06633,-0.00140
6.5920,-0.01041,-0.06645,-0.00143
6.5960,-0.01039,-0.06643,-0.00142
6.6040,-0.01047,-0.06655,-0.00146
6.6080,-0.01050,-0.06660,-0.00147
6.6160,-0.01053,-0.06665,-0.00148
6.6200,-0.01062,-0.06678,-0.00153
6.6240,-0.01065,-0.06684,-0.00154
6.6280,-0.01069,-0.06689,-0.00156
6.6320,-0.01072,-0.06695,-0.00158
6.6360,-0.01078,-0.06703,-0.00160
6.6400,-0.01078,-0.06703,-0.00160
6.6440,-0.01089,-0.06718,-0.00166
6.6480,-0.01095,-0.06726,-0.00169
6.6520,-0.01095,-0.06726,-0.00169
6.6560,-0.01107,-0.06742,-0.00175
6.6640,-0.01166,-0.06817,-0.00204
6.6720,-0.01176,-0.06829,-0.00208
6.6760,-0.01178,-0.06832,-0.00209
6.6800,-0.01181,-0.06836,-0.00209
6.6840,-0.01184,-0.06839,-0.00210
6.6920,-0.01194,-0.06851,-0.00214
6.6960,-0.01197,-0.06855,-0.00215
6.7040,-0.01207,-0.06868,-0.00218
6.7080,-0.01210,-0.06873,-0.00219
6.7120,-0.01213,-0.06878,-0.00219
6.7200,-0.01216,-0.06883,-0.00220
6.7240,-0.01226,-0.06897,-0.00224
6.7280,-0.01222,-0.06892,-0.00221
6.7280,-0.01233,-0.06906,-0.00226
6.7400,-0.01244,-0.06920,-0.00231
6.7440,-0.01247,-0.06926,-0.00232
6.7520,-0.01263,-0.06946,-0.00239
6.7560,-0.01270,-0.06956,-0.00243
6.7600,-0.01278,-0.06966,-0.00247
6.7640,-0.01333,-0.07043,-0.00276
6.7680,-0.01298,-0.07006,-0.00254
6.7720,-0.01260,-0.06973,-0.00235
6.7760,-0.01224,-0.06938,-0.00215
6.7840,-0.01185,-0.06905,-0.00196
6.7880,-0.01148,-0.06871,-0.00176
6.7920,-0.01111,-0.06837,-0.00156
6.7960,-0.01074,-0.06802,-0.00136
6.8040,-0.01037,-0.06768,-0.00116
6.8080,-0.01000,-0.06734,-0.00096
6.8120,-0.00962,-0.06703,-0.00077
6.8200,-0.00923,-0.06673,-0.00058
6.8280,-0.00885,-0.06643,-0.00038
6.8320,-0.00848,-0.06609,-0.00018
6.8360,-0.00811,-0.06575,0.00003
6.8440,-0.00774,-0.06545,0.00022
6.8480,-0.00773,-0.06549,0.00022
6.8520,-0.00772,-0.06552,0.00021
6.8600,-0.00770,-0.06559,0.00021
6.8640,-0.00770,-0.06559,0.00021
6.8680,-0.00767,-0.06567,0.00020
6.8720,-0.00766,-0.06571,0.00020
6.8760,-0.00764,-0.06575,0.00020
6.8840,-0.00761,-0.06584,0.00020
6.8880,-0.00760,-0.06589,0.00020
6.8920,-0.00758,-0.06594,0.00021
6.9000,-0.00756,-0.06605,0.00021
6.9080,-0.00753,-0.06615,0.00020
6.9080,-0.00753,-0.06615,0.00020
6.9080,-0.00751,-0.06621,0.00020
6.9160,-0.00750,-0.06626,0.00020
6.9200,-0.00726,-0.06728,0.00021
6.9200,-0.00729,-0.06721,0.00023
6.9280,-0.00731,-0.06725,0.00025
6.9360,-0.00733,-0.06729,0.00028
6.9400,-0.00735,-0.06728,0.00030
6.9440,-0.00737,-0.06726,0.00031
6.9520,-0.00738,-0.06731,0.00033
6.9560,-0.00740,-0.06729,0.00034
6.9600,-0.00742,-0.06728,0.00036
6.9600,-0.00745,-0.06726,0.00037
6.9680,-0.00748,-0.06719,0.00039
6.9720,-0.00750,-0.06724,0.00040
6.9760,-0.00753,-0.06722,0.00041
6.9800,-0.00755,-0.06722,0.00042
6.9840,-0.00759,-0.06714,0.00043
6.9880,-0.00761,-0.06720,0.00043
6.9920,-0.00761,-0.06720,0.00043
7.0000,-0.00763,-0.06783,0.00031
7.0000,-0.00766,-0.06779,0.00031
7.0040,-0.00773,-0.06783,0.00027
7.0120,-0.00776,-0.06779,0.00027
7.0160,-0.00783,-0.06784,0.00024
7.0200,-0.00789,-0.06785,0.00022
7.0240,-0.00794,-0.06785,0.00020
7.0280,-0.00799,-0.06786,0.00018
7.0320,-0.00805,-0.06787,0.00016
7.0320,-0.00810,-0.06788,0.00015
7.0400,-0.00815,-0.06788,0.00013
7.0440,-0.00823,-0.06795,0.00009
7.0520,-0.00829,-0.06796,0.00006
7.0560,-0.00835,-0.06797,0.00004
7.0600,-0.00838,-0.06793,0.00003
7.0640,-0.00847,-0.06799,-0.00002
7.0680,-0.00849,-0.06804,-0.00004
7.0720,-0.00851,-0.06809,-0.00006
7.0760,-0.00854,-0.06814,-0.00009
7.0760,-0.00854,-0.06814,-0.00009
7.0880,-0.00859,-0.06824,-0.00013
7.0920,-0.00863,-0.06834,-0.00017
7.0960,-0.00866,-0.06840,-0.00019
7.1000,-0.00869,-0.06845,-0.00021
7.1080,-0.00874,-0.06857,-0.00025
7.1160,-0.00879,-0.06869,-0.00029
7.1200,-0.00913,-0.06961,-0.00056
7.1240,-0.00912,-0.06961,-0.00056
7.1280,-0.00911,-0.06961,-0.00055
7.1320,-0.00910,-0.06961,-0.00055
7.1360,-0.00909,-0.06961,-0.00054
7.1400,-0.00908,-0.06961,-0.00053
7.1440,-0.00907,-0.06961,-0.00052
7.1480,-0.00906,-0.06961,-0.00051
7.1520,-0.00905,-0.06961,-0.00050
7.1600,-0.00905,-0.06968,-0.00050
7.1640,-0.00904,-0.06968,-0.00049
7.1720,-0.00904,-0.06975,-0.00050
7.1720,-0.00902,-0.06975,-0.00049
7.1800,-0.00901,-0.06976,-0.00048
7.1880,-0.00899,-0.06976,-0.00048
7.1920,-0.00900,-0.06984,-0.00049
7.1920,-0.00900,-0.06984,-0.00049
7.2000,-0.00904,-0.06998,-0.00052
7.2080,-0.00908,-0.07013,-0.00056
7.2120,-0.00909,-0.07021,-0.00057
7.2160,-0.00911,-0.07029,-0.00059
7.2200,-0.00912,-0.07037,-0.00061
7.2240,-0.00914,-0.07044,-0.00063
7.2320,-0.00921,-0.07113,-0.00079
7.2400,-0.00912,-0.07085,-0.00071
7.2440,-0.00904,-0.07055,-0.00061
7.2480,-0.00896,-0.07026,-0.00052
7.2520,-0.00888,-0.06997,-0.00042
7.2560,-0.00880,-0.06967,-0.00033
7.2600,-0.00872,-0.06938,-0.00024
7.2640,-0.00865,-0.06908,-0.00014
7.2720,-0.00856,-0.06882,-0.00006
7.2760,-0.00848,-0.06853,0.00003
7.2840,-0.00840,-0.06825,0.00013
7.2880,-0.00832,-0.06797,0.00021
7.2920,-0.00825,-0.06769,0.00030
7.3000,-0.00817,-0.06742,0.00038
7.3040,-0.00810,-0.06714,0.00047
7.3080,-0.00803,-0.06686,0.00056
7.3120,-0.00803,-0.06689,0.00055
7.3160,-0.00803,-0.06692,0.00054
7.3240,-0.00804,-0.06697,0.00052
7.3280,-0.00804,-0.06700,0.00051
7.3320,-0.00805,-0.06703,0.00050
7.3360,-0.00816,-0.06741,0.00034
7.3400,-0.00820,-0.06736,0.00034
7.3400,-0.00827,-0.06732,0.00032
7.3520,-0.00840,-0.06733,0.00023
7.3560,-0.00847,-0.06730,0.00020
7.3600,-0.00854,-0.06727,0.00017
7.3640,-0.00862,-0.06724,0.00014
7.3720,-0.00869,-0.06721,0.00011
7.3800,-0.00879,-0.06720,0.00004
7.3840,-0.00889,-0.06720,-0.00002
7.3880,-0.00896,-0.06718,-0.00005
7.3960,-0.00906,-0.06719,-0.00011
7.4000,-0.00912,-0.06717,-0.00013
7.4040,-0.00919,-0.06715,-0.00016
7.4080,-0.00925,-0.06713,-0.00018
7.4120,-0.00932,-0.06711,-0.00020
7.4200,-0.00936,-0.06717,-0.00024
7.4240,-0.00938,-0.06721,-0.00026
7.4280,-0.00941,-0.06724,-0.00028
7.4320,-0.00943,-0.06728,-0.00030
7.4400,-0.00947,-0.06735,-0.00033
7.4440,-0.00947,-0.06735,-0.00033
7.4480,-0.00951,-0.06743,-0.00036
7.4520,-0.00963,-0.06793,-0.00044
7.4560,-0.00922,-0.06734,-0.00030
7.4600,-0.00880,-0.06674,-0.00015
7.4640,-0.00848,-0.06625,-0.00003
7.4680,-0.00798,-0.06556,0.00013
7.4720,-0.00756,-0.06497,0.00028
7.4760,-0.00715,-0.06438,0.00042
7.4840,-0.00664,-0.06370,0.00058
7.4880,-0.00623,-0.06311,0.00072
7.4920,-0.00572,-0.06243,0.00088
7.5000,-0.00539,-0.06194,0.00100
7.5040,-0.00489,-0.06126,0.00116
7.5080,-0.00447,-0.06067,0.00130
7.5120,-0.00406,-0.06009,0.00144
7.5200,-0.00355,-0.05941,0.00160
7.5280,-0.00263,-0.05817,0.00182
7.5320,-0.00270,-0.05806,0.00179
7.5400,-0.00273,-0.05785,0.00177
7.5480,-0.00276,-0.05765,0.00174
7.5520,-0.00283,-0.05755,0.00171
7.5560,-0.00290,-0.05744,0.00167
7.5600,-0.00297,-0.05733,0.00164
7.5640,-0.00304,-0.05723,0.00161
7.5720,-0.00308,-0.05705,0.00158
7.5760,-0.00316,-0.05695,0.00155
7.5800,-0.00324,-0.05685,0.00151
7.5880,-0.00329,-0.05668,0.00149
7.5920,-0.00337,-0.05658,0.00145
7.5960,-0.00345,-0.05649,0.00142
7.6000,-0.00353,-0.05639,0.00139
7.6080,-0.00361,-0.05630,0.00135
7.6120,-0.00358,-0.05623,0.00136
7.6200,-0.00350,-0.05603,0.00137
7.6240,-0.00348,-0.05596,0.00137
7.6280,-0.00346,-0.05590,0.00137
7.6280,-0.00343,-0.05584,0.00137
7.6360,-0.00341,-0.05578,0.00137
7.6400,-0.00339,-0.05572,0.00137
7.6440,-0.00319,-0.05509,0.00133
7.6480,-0.00319,-0.05507,0.00131
7.6520,-0.00320,-0.05506,0.00129
7.6560,-0.00321,-0.05505,0.00127
7.6600,-0.00321,-0.05504,0.00125
7.6640,-0.00321,-0.05499,0.00122
7.6720,-0.00321,-0.05498,0.00120
7.6760,-0.00322,-0.05497,0.00118
7.6840,-0.00321,-0.05492,0.00114
7.6880,-0.00323,-0.05491,0.00111
7.6920,-0.00324,-0.05490,0.00109
7.6960,-0.00325,-0.05490,0.00106
7.6960,-0.00327,-0.05494,0.00105
7.7000,-0.00329,-0.05493,0.00102
7.7080,-0.00329,-0.05490,0.00098
7.7080,-0.00331,-0.05493,0.00097
7.7120,-0.00330,-0.05490,0.00096
7.7200,-0.00329,-0.05483,0.00094
7.7240,-0.00328,-0.05480,0.00094
7.7280,-0.00327,-0.05477,0.00093
7.7360,-0.00326,-0.05471,0.00092
7.7400,-0.00325,-0.05469,0.00091
7.7480,-0.00324,-0.05466,0.00090
7.7520,-0.00324,-0.05463,0.00089
7.7560,-0.00322,-0.05458,0.00088
7.7640,-0.00321,-0.05454,0.00087
7.7680,-0.00320,-0.05452,0.00086
7.7720,-0.00320,-0.05452,0.00086
7.7760,-0.00322,-0.05412,0.00088
7.7800,-0.00333,-0.05360,0.00092
7.7840,-0.00344,-0.05308,0.00095
7.7920,-0.00358,-0.05242,0.00101
7.7960,-0.00369,-0.05190,0.00105
7.8000,-0.00381,-0.05139,0.00109
7.8040,-0.00392,-0.05087,0.00113
7.8080,-0.00403,-0.05036,0.00117
7.8120,-0.00415,-0.04984,0.00120
7.8120,-0.00426,-0.04933,0.00124
7.8200,-0.00435,-0.04895,0.00125
7.8240,-0.00449,-0.04831,0.00130
7.8280,-0.00461,-0.04780,0.00134
7.8360,-0.00496,-0.04637,0.00150
7.8360,-0.00500,-0.04668,0.00140
7.8440,-0.00507,-0.04697,0.00128
7.8480,-0.00507,-0.04730,0.00120
7.8520,-0.00514,-0.04759,0.00108
7.8560,-0.00517,-0.04790,0.00098
7.8640,-0.00525,-0.04820,0.00087
7.8680,-0.00524,-0.04853,0.00079
7.8720,-0.00532,-0.04883,0.00067
7.8760,-0.00536,-0.04915,0.00058
7.8840,-0.00544,-0.04946,0.00047
7.8920,-0.00552,-0.04978,0.00036
7.8960,-0.00556,-0.05011,0.00027
7.9040,-0.00566,-0.05044,0.00016
7.9080,-0.00570,-0.05076,0.00007
7.9120,-0.00575,-0.05109,-0.00002
7.9160,-0.00580,-0.05110,-0.00003
7.9200,-0.00586,-0.05110,-0.00005
7.9280,-0.00627,-0.05118,-0.00014
7.9320,-0.00618,-0.05145,-0.00010
7.9360,-0.00612,-0.05175,-0.00008
7.9400,-0.00609,-0.05207,-0.00007
7.9440,-0.00600,-0.05234,-0.00003
7.9480,-0.00597,-0.05267,-0.00002
7.9520,-0.00591,-0.05297,0.00001
7.9560,-0.00585,-0.05327,0.00003
7.9640,-0.00583,-0.05360,0.00004
7.9680,-0.00577,-0.05390,0.00007
7.9720,-0.00572,-0.05420,0.00010
7.9760,-0.00567,-0.05451,0.00013
7.9800,-0.00561,-0.05481,0.00016
7.9840,-0.00556,-0.05511,0.00018
7.9880,-0.00551,-0.05542,0.00021
7.9920,-0.00546,-0.05573,0.00024
7.9960,-0.00550,-0.05576,0.00022
8.0000,-0.00553,-0.05580,0.00020
8.0040,-0.00557,-0.05584,0.00017
8.0080,-0.00560,-0.05588,0.00015
8.0160,-0.00564,-0.05593,0.00013
8.0240,-0.00574,-0.05607,0.00006
8.0280,-0.00577,-0.05611,0.00004
8.0360,-0.00581,-0.05616,0.00002
8.0400,-0.00587,-0.05626,-0.00003
8.0480,-0.00594,-0.05637,-0.00008
8.0520,-0.00597,-0.05643,-0.00011
8.0600,-0.00604,-0.05655,-0.00016
8.0640,-0.00632,-0.05703,-0.00036
8.0680,-0.00615,-0.05674,-0.00025
8.0720,-0.00596,-0.05634,-0.00014
8.0760,-0.00578,-0.05600,-0.00003
8.0800,-0.00560,-0.05566,0.00007
8.0840,-0.00542,-0.05532,0.00018
8.0880,-0.00524,-0.05498,0.00029
8.0920,-0.00506,-0.05465,0.00040
8.1000,-0.00488,-0.05431,0.00050
8.1040,-0.00470,-0.05394,0.00061
8.1080,-0.00453,-0.05361,0.00072
8.1120,-0.00435,-0.05329,0.00083
8.1160,-0.00417,-0.05296,0.00094
8.1240,-0.00399,-0.05260,0.00106
8.1320,-0.00379,-0.05224,0.00118
8.1320,-0.00361,-0.05192,0.00129
8.1400,-0.00360,-0.05189,0.00130
8.1440,-0.00359,-0.05185,0.00131
8.1480,-0.00358,-0.05182,0.00132
8.1520,-0.00357,-0.05178,0.00133
8.1560,-0.00355,-0.05175,0.00134
8.1600,-0.00354,-0.05172,0.00135
8.1640,-0.00353,-0.05169,0.00137
8.1680,-0.00345,-0.05145,0.00150
8.1760,-0.00358,-0.05152,0.00154
8.1800,-0.00366,-0.05161,0.00154
8.1840,-0.00379,-0.05169,0.00157
8.1880,-0.00389,-0.05178,0.00158
8.1920,-0.00400,-0.05187,0.00160
8.1960,-0.00410,-0.05197,0.00161
8.2000,-0.00421,-0.05206,0.00162
8.2040,-0.00431,-0.05215,0.00163
8.2080,-0.00442,-0.05224,0.00165
8.2120,-0.00452,-0.05233,0.00166
8.2160,-0.00463,-0.05243,0.00166
8.2240,-0.00475,-0.05252,0.00168
8.2280,-0.00486,-0.05261,0.00169
8.2320,-0.00496,-0.05271,0.00169
8.2360,-0.00506,-0.05281,0.00170
8.2400,-0.00509,-0.05281,0.00170
8.2480,-0.00513,-0.05282,0.00172
8.2520,-0.00515,-0.05283,0.00172
8.2600,-0.00519,-0.05286,0.00174
8.2640,-0.00524,-0.05290,0.00176
8.2720,-0.00526,-0.05292,0.00177
8.2720,-0.00526,-0.05292,0.00177
8.2800,-0.00528,-0.05294,0.00178
8.2880,-0.00536,-0.05302,0.00182
8.2920,-0.00538,-0.05305,0.00184
8.2960,-0.00583,-0.05375,0.00219
8.3000,-0.00560,-0.05370,0.00211
8.3040,-0.00538,-0.05366,0.00202
8.3080,-0.00519,-0.05360,0.00195
8.3120,-0.00493,-0.05357,0.00185
8.3160,-0.00470,-0.05352,0.00176
8.3200,-0.00448,-0.05347,0.00168
8.3240,-0.00425,-0.05343,0.00159
8.3280,-0.00403,-0.05339,0.00150
8.3360,-0.00378,-0.05336,0.00140
8.3360,-0.00359,-0.05330,0.00133
8.3440,-0.00334,-0.05328,0.00123
8.3480,-0.00312,-0.05324,0.00114
8.3520,-0.00290,-0.05320,0.00105
8.3600,-0.00265,-0.05319,0.00095
8.3680,-0.00223,-0.05330,0.00074
8.3760,-0.00219,-0.05308,0.00070
8.3840,-0.00215,-0.05286,0.00067
8.3880,-0.00213,-0.05266,0.00065
8.3960,-0.00209,-0.05245,0.00062
8.4040,-0.00205,-0.05225,0.00059
8.4120,-0.00201,-0.05204,0.00056
8.4160,-0.00199,-0.05185,0.00055
8.4200,-0.00198,-0.05166,0.00053
8.4240,-0.00197,-0.05147,0.00052
8.4320,-0.00194,-0.05127,0.00050
8.4360,-0.00193,-0.05108,0.00049
8.4360,-0.00193,-0.05090,0.00048
8.4440,-0.00192,-0.05071,0.00047
8.4480,-0.00189,-0.05052,0.00046
8.4520,-0.00188,-0.05033,0.00045
8.4560,-0.00186,-0.05033,0.00045
8.4600,-0.00184,-0.05033,0.00045
8.4640,-0.00182,-0.05032,0.00045
8.4680,-0.00181,-0.05032,0.00046
8.4720,-0.00179,-0.05031,0.00046
8.4760,-0.00178,-0.05031,0.00046
8.4800,-0.00176,-0.05031,0.00046
8.4880,-0.00173,-0.05030,0.00046
8.4920,-0.00172,-0.05030,0.00046
8.4960,-0.00171,-0.05030,0.00046
8.5000,-0.00154,-0.05035,0.00047
8.5040,-0.00180,-0.05037,0.00042
8.5080,-0.00206,-0.05040,0.00036
8.5120,-0.00232,-0.05043,0.00031
8.5160,-0.00259,-0.05045,0.00026
8.5200,-0.00285,-0.05048,0.00020
8.5280,-0.00317,-0.05052,0.00011
8.5280,-0.00344,-0.05055,0.00006
8.5360,-0.00370,-0.05058,0.00000
8.5400,-0.00397,-0.05061,-0.00005
8.5480,-0.00430,-0.05066,-0.00012
8.5560,-0.00464,-0.05072,-0.00020
8.5600,-0.00490,-0.05075,-0.00024
8.5640,-0.00517,-0.05078,-0.00029
8.5720,-0.00551,-0.05085,-0.00036
8.5760,-0.00578,-0.05088,-0.00041
8.5840,-0.00661,-0.05134,-0.00057
8.5880,-0.00634,-0.05141,-0.00038
8.5920,-0.00602,-0.05154,-0.00013
8.5960,-0.00572,-0.05165,0.00009
8.6000,-0.00542,-0.05175,0.00032
8.6040,-0.00513,-0.05186,0.00054
8.6080,-0.00484,-0.05196,0.00076
8.6120,-0.00455,-0.05207,0.00099
8.6200,-0.00425,-0.05222,0.00124
8.6280,-0.00394,-0.05238,0.00149
8.6320,-0.00366,-0.05245,0.00168
8.6360,-0.00337,-0.05257,0.00190
8.6400,-0.00307,-0.05274,0.00216
8.6440,-0.00278,-0.05287,0.00238
8.6480,-0.00249,-0.05299,0.00259
8.6520,-0.00221,-0.05311,0.00281
8.6560,-0.00220,-0.05317,0.00285
8.6600,-0.00219,-0.05322,0.00288
8.6640,-0.00218,-0.05368,0.00310
8.6720,-0.00242,-0.05354,0.00298
8.6760,-0.00260,-0.05341,0.00286
8.6840,-0.00284,-0.05327,0.00274
8.6880,-0.00303,-0.05313,0.00262
8.6960,-0.00327,-0.05299,0.00250
8.6960,-0.00340,-0.05286,0.00239
8.7040,-0.00359,-0.05272,0.00228
8.7040,-0.00378,-0.05258,0.00217
8.7120,-0.00403,-0.05245,0.00205
8.7160,-0.00422,-0.05231,0.00194
8.7240,-0.00441,-0.05218,0.00183
8.7280,-0.00466,-0.05205,0.00171
8.7360,-0.00491,-0.05192,0.00160
8.7400,-0.00510,-0.05180,0.00149
8.7480,-0.00535,-0.05168,0.00138
8.7520,-0.00535,-0.05168,0.00138
8.7600,-0.00553,-0.05172,0.00139
8.7640,-0.00559,-0.05173,0.00139
8.7720,-0.00565,-0.05175,0.00139
8.7760,-0.00577,-0.05179,0.00140
8.7840,-0.00589,-0.05183,0.00140
8.7880,-0.00596,-0.05185,0.00140
8.7920,-0.00695,-0.05239,0.00144
8.7960,-0.00674,-0.05247,0.00148
8.8000,-0.00650,-0.05246,0.00152
8.8040,-0.00632,-0.05261,0.00157
8.8080,-0.00611,-0.05269,0.00162
8.8120,-0.00591,-0.05276,0.00166
8.8160,-0.00570,-0.05283,0.00171
8.8200,-0.00549,-0.05291,0.00175
8.8280,-0.00532,-0.05306,0.00180
8.8320,-0.00511,-0.05313,0.00185
8.8400,-0.00495,-0.05329,0.00190
8.8440,-0.00470,-0.05328,0.00194
8.8520,-0.00458,-0.05354,0.00200
8.8560,-0.00437,-0.05362,0.00205
8.8600,-0.00417,-0.05369,0.00209
8.8680,-0.00426,-0.05457,0.00216
8.8720,-0.00416,-0.05440,0.00213
8.8760,-0.00406,-0.05423,0.00210
8.8800,-0.00395,-0.05406,0.00207
8.8880,-0.00386,-0.05397,0.00203
8.8920,-0.00375,-0.05381,0.00200
8.8960,-0.00366,-0.05372,0.00197
8.9040,-0.00356,-0.05356,0.00194
8.9080,-0.00345,-0.05339,0.00192
8.9120,-0.00335,-0.05322,0.00189
8.9200,-0.00325,-0.05314,0.00187
8.9240,-0.00315,-0.05298,0.00184
8.9320,-0.00306,-0.05289,0.00181
8.9360,-0.00295,-0.05265,0.00179
8.9400,-0.00286,-0.05257,0.00176
8.9440,-0.00277,-0.05241,0.00172
8.9480,-0.00278,-0.05249,0.00171
8.9480,-0.00278,-0.05249,0.00171
8.9560,-0.00281,-0.05266,0.00169
8.9600,-0.00282,-0.05274,0.00168
8.9680,-0.00285,-0.05291,0.00166
8.9720,-0.00287,-0.05299,0.00165
8.9720,-0.00289,-0.05307,0.00164
8.9800,-0.00289,-0.05307,0.00164
8.9880,-0.00293,-0.05332,0.00160
8.9960,-0.00319,-0.05453,0.00128
9.0000,-0.00314,-0.05409,0.00115
9.0040,-0.00310,-0.05366,0.00099
9.0080,-0.00304,-0.05322,0.00087
9.0160,-0.00300,-0.05280,0.00070
9.0200,-0.00295,-0.05236,0.00058
9.0240,-0.00290,-0.05193,0.00045
9.0280,-0.00285,-0.05150,0.00033
9.0320,-0.00280,-0.05107,0.00021
9.0360,-0.00274,-0.05064,0.00008
9.0440,-0.00270,-0.05023,-0.00008
9.0480,-0.00265,-0.04980,-0.00020
9.0520,-0.00260,-0.04938,-0.00032
9.0600,-0.00256,-0.04898,-0.00047
9.0600,-0.00251,-0.04855,-0.00059
9.0680,-0.00258,-0.04839,-0.00097
9.0720,-0.00258,-0.04841,-0.00098
9.0760,-0.00258,-0.04844,-0.00099
9.0800,-0.00257,-0.04847,-0.00100
9.0840,-0.00257,-0.04849,-0.00101
9.0880,-0.00258,-0.04853,-0.00102
9.0920,-0.00258,-0.04856,-0.00102
9.0960,-0.00258,-0.04859,-0.00103
9.0960,-0.00257,-0.04859,-0.00101
9.1040,-0.00258,-0.04867,-0.00104
9.1080,-0.00258,-0.04871,-0.00105
9.1120,-0.00258,-0.04874,-0.00106
9.1200,-0.00259,-0.04883,-0.00110
9.1280,-0.00260,-0.04892,-0.00114
9.1320,-0.00261,-0.04897,-0.00115
9.1400,-0.00261,-0.04901,-0.00116
9.1440,-0.00264,-0.04911,-0.00123
9.1520,-0.00266,-0.04916,-0.00126
9.1560,-0.00270,-0.04926,-0.00132
9.1600,-0.00272,-0.04932,-0.00136
9.1680,-0.00275,-0.04937,-0.00139
9.1680,-0.00277,-0.04942,-0.00142
9.1760,-0.00301,-0.04995,-0.00175
9.1800,-0.00301,-0.04986,-0.00169
9.1840,-0.00304,-0.04977,-0.00165
9.1880,-0.00305,-0.04968,-0.00159
9.1920,-0.00305,-0.04958,-0.00153
9.1960,-0.00306,-0.04949,-0.00146
9.2000,-0.00306,-0.04940,-0.00140
9.2040,-0.00307,-0.04931,-0.00134
9.2080,-0.00307,-0.04922,-0.00127
9.2120,-0.00308,-0.04913,-0.00121
9.2160,-0.00308,-0.04904,-0.00116
9.2200,-0.00308,-0.04896,-0.00110
9.2280,-0.00311,-0.04888,-0.00107
9.2320,-0.00311,-0.04879,-0.00101
9.2360,-0.00312,-0.04871,-0.00094
9.2400,-0.00309,-0.04861,-0.00086
9.2480,-0.00318,-0.04865,-0.00093
9.2520,-0.00321,-0.04866,-0.00095
9.2560,-0.00324,-0.04868,-0.00097
9.2640,-0.00344,-0.04882,-0.00111
9.2680,-0.00321,-0.04885,-0.00105
9.2720,-0.00302,-0.04886,-0.00097
9.2760,-0.00283,-0.04887,-0.00090
9.2800,-0.00264,-0.04889,-0.00083
9.2840,-0.00248,-0.04888,-0.00074
9.2880,-0.00226,-0.04891,-0.00068
9.2920,-0.00210,-0.04891,-0.00060
9.3000,-0.00185,-0.04896,-0.00055
9.3080,-0.00162,-0.04900,-0.00048
9.3120,-0.00143,-0.04902,-0.00040
9.3160,-0.00128,-0.04902,-0.00031
9.3200,-0.00106,-0.04905,-0.00025
9.3200,-0.00091,-0.04905,-0.00016
9.3280,-0.00072,-0.04907,-0.00008
9.3360,-0.00047,-0.04914,-0.00003
9.3400,-0.00047,-0.04914,-0.00003
9.3440,-0.00041,-0.04919,-0.00005
9.3480,-0.00038,-0.04922,-0.00005
9.3520,-0.00036,-0.04925,-0.00006
9.3560,-0.00033,-0.04927,-0.00007
9.3600,-0.00030,-0.04930,-0.00009
9.3640,-0.00010,-0.04952,-0.00016
9.3720,-0.00005,-0.04957,-0.00018
9.3760,-0.00004,-0.04959,-0.00018
9.3840,0.00001,-0.04964,-0.00020
9.3880,0.00002,-0.04967,-0.00021
9.3920,0.00004,-0.04969,-0.00021
9.3960,0.00006,-0.04971,-0.00022
9.4000,0.00007,-0.04974,-0.00022
9.4040,0.00009,-0.04976,-0.00022
9.4080,0.00008,-0.04975,-0.00022
9.4120,0.00013,-0.04982,-0.00022
9.4160,0.00015,-0.04986,-0.00022
9.4200,0.00017,-0.04989,-0.00023
9.4240,0.00019,-0.04992,-0.00023
9.4280,0.00020,-0.04996,-0.00023
9.4360,0.00024,-0.05004,-0.00024
9.4360,0.00024,-0.05004,-0.00024
9.4440,0.00029,-0.05013,-0.00026
9.4480,0.00032,-0.05018,-0.00027
9.4520,0.00035,-0.05023,-0.00028
9.4560,0.00038,-0.05027,-0.00029
9.4600,0.00041,-0.05032,-0.00030
9.4680,0.00063,-0.05067,-0.00041
9.4720,0.00067,-0.05074,-0.00043
9.4760,0.00068,-0.05076,-0.00043
9.4840,0.00072,-0.05083,-0.00046
9.4880,0.00073,-0.05085,-0.00046
9.4920,0.00074,-0.05088,-0.00047
9.5000,0.00078,-0.05096,-0.00048
9.5040,0.00079,-0.05099,-0.00049
9.5080,0.00081,-0.05102,-0.00049
9.5120,0.00082,-0.05105,-0.00049
9.5160,0.00084,-0.05108,-0.00050
9.5240,0.00088,-0.05118,-0.00052
9.5280,0.00090,-0.05121,-0.00052
9.5320,0.00091,-0.05124,-0.00052
9.5360,0.00092,-0.05128,-0.00053
9.5400,0.00094,-0.05131,-0.00053
9.5440,0.00097,-0.05137,-0.00055
9.5520,0.00103,-0.05151,-0.00058
9.5600,0.00119,-0.05198,-0.00067
9.5640,0.00110,-0.05180,-0.00063
9.5720,0.00101,-0.05165,-0.00058
9.5760,0.00092,-0.05147,-0.00054
9.5800,0.00083,-0.05129,-0.00049
9.5880,0.00074,-0.05115,-0.00045
9.5920,0.00065,-0.05097,-0.00040
9.6000,0.00055,-0.05084,-0.00035
9.6080,0.00045,-0.05071,-0.00030
9.6120,0.00036,-0.05054,-0.00025
9.6160,0.00026,-0.05037,-0.00020
9.6240,0.00016,-0.05025,-0.00014
9.6280,0.00007,-0.05008,-0.00008
9.6320,-0.00003,-0.04991,-0.00003
9.6360,-0.00013,-0.04975,0.00003
9.6400,-0.00023,-0.04958,0.00009
9.6440,-0.00023,-0.04964,0.00009
9.6520,-0.00024,-0.04974,0.00010
9.6560,-0.00025,-0.04980,0.00010
9.6640,-0.00026,-0.04991,0.00010
9.6680,-0.00025,-0.05051,0.00008
9.6720,-0.00020,-0.05046,0.00008
9.6760,-0.00016,-0.05041,0.00008
9.6840,-0.00009,-0.05044,0.00008
9.6880,-0.00005,-0.05040,0.00008
9.6920,-0.00000,-0.05035,0.00007
9.6960,0.00005,-0.05031,0.00007
9.7000,0.00010,-0.05027,0.00007
9.7080,0.00017,-0.05031,0.00007
9.7160,0.00024,-0.05035,0.00008
9.7200,0.00029,-0.05031,0.00008
9.7240,0.00033,-0.05028,0.00008
9.7320,0.00037,-0.05024,0.00008
9.7320,0.00043,-0.05030,0.00009
9.7400,0.00046,-0.05018,0.00009
9.7440,0.00052,-0.05025,0.00009
9.7480,0.00053,-0.05034,0.00009
9.7520,0.00055,-0.05044,0.00010
9.7560,0.00057,-0.05053,0.00010
9.7600,0.00057,-0.05053,0.00010
9.7640,0.00059,-0.05063,0.00010
9.7640,0.00063,-0.05082,0.00011
9.7720,0.00065,-0.05092,0.00011
9.7760,0.00067,-0.05102,0.00012
9.7840,0.00095,-0.05245,0.00028
9.7880,0.00093,-0.05239,0.00029
9.7920,0.00091,-0.05233,0.00030
9.8000,0.00090,-0.05236,0.00033
9.8040,0.00088,-0.05231,0.00034
9.8080,0.00085,-0.05225,0.00036
9.8160,0.00083,-0.05228,0.00039
9.8240,0.00081,-0.05232,0.00042
9.8280,0.00078,-0.05217,0.00041
9.8360,0.00075,-0.05230,0.00047
9.8400,0.00072,-0.05225,0.00048
9.8440,0.00070,-0.05221,0.00050
9.8480,0.00067,-0.05216,0.00052
9.8520,0.00064,-0.05212,0.00054
9.8560,0.00062,-0.05207,0.00055
9.8600,0.00059,-0.05203,0.00057
9.8640,0.00059,-0.05213,0.00059
9.8680,0.00064,-0.05298,0.00076
9.8680,0.00064,-0.05290,0.00075
9.8760,0.00066,-0.05303,0.00077
9.8800,0.00067,-0.05306,0.00078
9.8840,0.00068,-0.05308,0.00078
9.8880,0.00070,-0.05311,0.00079
9.8920,0.00070,-0.05314,0.00079
9.8960,0.00071,-0.05317,0.00080
9.9000,0.00074,-0.05332,0.00083
9.9080,0.00075,-0.05335,0.00084
9.9120,0.00076,-0.05339,0.00084
9.9160,0.00077,-0.05342,0.00084
9.9240,0.00080,-0.05357,0.00087
9.9320,0.00083,-0.05372,0.00089
9.9400,0.00085,-0.05387,0.00092
9.9480,0.00087,-0.05402,0.00094
9.9520,0.00088,-0.05414,0.00096
9.9560,0.00088,-0.05425,0.00097
9.9640,0.00090,-0.05450,0.00101
9.9680,0.00090,-0.05462,0.00102
9.9720,0.00091,-0.05474,0.00104
9.9760,0.00091,-0.05487,0.00107
9.9800,0.00091,-0.05499,0.00109
9.9840,0.00091,-0.05512,0.00111
9.9880,0.00091,-0.05524,0.00112
9.9920,0.00091,-0.05537,0.00114
9.9960,0.00083,-0.05635,0.00123
10.0000,0.00078,-0.05613,0.00108
10.0080,0.00072,-0.05599,0.00090
10.0160,0.00065,-0.05586,0.00073
10.0240,0.00058,-0.05573,0.00055
10.0280,0.00053,-0.05551,0.00040
10.0360,0.00046,-0.05540,0.00023
10.0400,0.00041,-0.05519,0.00008
10.0440,0.00036,-0.05499,-0.00007
10.0480,0.00030,-0.05479,-0.00022
10.0520,0.00025,-0.05459,-0.00037
10.0560,0.00020,-0.05439,-0.00053
10.0600,0.00014,-0.05420,-0.00068
10.0640,0.00011,-0.05390,-0.00081
10.0680,0.00003,-0.05382,-0.00098
10.0680,-0.00002,-0.05363,-0.00113
10.0760,-0.00004,-0.05374,-0.00114
10.0800,-0.00006,-0.05385,-0.00115
10.0880,-0.00008,-0.05396,-0.00116
10.0920,-0.00012,-0.05418,-0.00119
10.0960,-0.00012,-0.05418,-0.00119
10.1040,-0.00018,-0.05451,-0.00121
10.1080,-0.00020,-0.05463,-0.00122
10.1120,-0.00023,-0.05475,-0.00122
10.1160,-0.00025,-0.05487,-0.00122
10.1200,-0.00028,-0.05499,-0.00122
10.1280,-0.00034,-0.05523,-0.00122
10.1320,-0.00061,-0.05603,-0.00118
10.1360,-0.00062,-0.05563,-0.00112
10.1400,-0.00059,-0.05517,-0.00108
10.1440,-0.00063,-0.05483,-0.00100
10.1480,-0.00064,-0.05443,-0.00093
10.1520,-0.00061,-0.05397,-0.00089
10.1560,-0.00065,-0.05363,-0.00081
10.1600,-0.00066,-0.05324,-0.00075
10.1600,-0.00067,-0.05284,-0.00068
10.1720,-0.00067,-0.05245,-0.00062
10.1760,-0.00071,-0.05212,-0.00053
10.1800,-0.00072,-0.05173,-0.00046
10.1840,-0.00073,-0.05134,-0.00039
10.1880,-0.00074,-0.05095,-0.00033
10.1920,-0.00075,-0.05056,-0.00026
10.2000,-0.00079,-0.05024,-0.00018
10.2040,-0.00083,-0.05031,-0.00016
10.2080,-0.00086,-0.05038,-0.00014
10.2120,-0.00090,-0.05045,-0.00012
10.2200,-0.00094,-0.05052,-0.00010
10.2240,-0.00101,-0.05067,-0.00007
10.2280,-0.00105,-0.05075,-0.00006
10.2320,-0.00109,-0.05083,-0.00005
10.2360,-0.00113,-0.05091,-0.00003
10.2400,-0.00117,-0.05099,-0.00002
10.2440,-0.00121,-0.05107,-0.00000
10.2520,-0.00130,-0.05124,0.00003
10.2600,-0.00139,-0.05142,0.00006
10.2640,-0.00144,-0.05151,0.00007
10.2680,-0.00144,-0.05151,0.00007
10.2680,-0.00199,-0.05252,0.00020
10.2760,-0.00193,-0.05238,0.00016
10.2840,-0.00201,-0.05246,0.00010
10.2880,-0.00199,-0.05239,0.00005
10.2920,-0.00198,-0.05233,0.00001
10.2960,-0.00193,-0.05219,-0.00003
10.3000,-0.00196,-0.05221,-0.00007
10.3040,-0.00190,-0.05207,-0.00011
10.3080,-0.00189,-0.05201,-0.00015
10.3080,-0.00188,-0.05196,-0.00020
10.3200,-0.00196,-0.05208,-0.00025
10.3280,-0.00200,-0.05212,-0.00029
10.3360,-0.00204,-0.05218,-0.00034
10.3360,-0.00199,-0.05204,-0.00038
10.3440,-0.00199,-0.05200,-0.00042
10.3440,-0.00198,-0.05197,-0.00046
10.3520,-0.00203,-0.05207,-0.00046
10.3560,-0.00213,-0.05227,-0.00046
10.3640,-0.00223,-0.05249,-0.00046
10.3680,-0.00229,-0.05260,-0.00046
10.3720,-0.00234,-0.05271,-0.00047
10.3760,-0.00234,-0.05271,-0.00047
10.3840,-0.00250,-0.05305,-0.00048
10.3880,-0.00337,-0.05490,-0.00055
10.3920,-0.00328,-0.05477,-0.00059
10.3960,-0.00316,-0.05455,-0.00061
10.4000,-0.00307,-0.05442,-0.00065
10.4040,-0.00299,-0.05430,-0.00069
10.4120,-0.00297,-0.05439,-0.00079
10.4200,-0.00293,-0.05438,-0.00087
10.4240,-0.00281,-0.05416,-0.00089
10.4280,-0.00277,-0.05416,-0.00096
10.4320,-0.00269,-0.05405,-0.00100
10.4360,-0.00261,-0.05393,-0.00105
10.4400,-0.00249,-0.05371,-0.00106
10.4440,-0.00246,-0.05371,-0.00113
10.4520,-0.00244,-0.05372,-0.00120
10.4560,-0.00237,-0.05362,-0.00125
10.4600,-0.00230,-0.05351,-0.00129
10.4680,-0.00241,-0.05377,-0.00135
10.4720,-0.00306,-0.05511,-0.00163
10.4760,-0.00294,-0.05474,-0.00148
10.4800,-0.00278,-0.05430,-0.00133
10.4840,-0.00262,-0.05387,-0.00118
10.4920,-0.00249,-0.05350,-0.00103
10.5000,-0.00236,-0.05314,-0.00088
10.5040,-0.00220,-0.05270,-0.00073
10.5080,-0.00204,-0.05227,-0.00059
10.5120,-0.00187,-0.05183,-0.00044
10.5120,-0.00169,-0.05133,-0.00029
10.5200,-0.00155,-0.05097,-0.00015
10.5280,-0.00142,-0.05062,0.00000
10.5320,-0.00126,-0.05019,0.00015
10.5360,-0.00110,-0.04977,0.00030
10.5440,-0.00096,-0.04944,0.00043
10.5480,-0.00077,-0.04893,0.00058
10.5520,-0.00081,-0.04911,0.00057
10.5560,-0.00083,-0.04920,0.00057
10.5600,-0.00085,-0.04930,0.00056
10.5640,-0.00099,-0.05016,0.00048
10.5680,-0.00088,-0.04993,0.00045
10.5720,-0.00078,-0.04971,0.00042
10.5760,-0.00067,-0.04949,0.00040
10.5800,-0.00057,-0.04927,0.00037
10.5880,-0.00045,-0.04909,0.00033
10.5920,-0.00034,-0.04887,0.00031
10.5960,-0.00023,-0.04869,0.00028
10.6040,-0.00012,-0.04847,0.00026
10.6080,-0.00002,-0.04826,0.00024
10.6120,0.00008,-0.04805,0.00022
10.6160,0.00018,-0.04784,0.00019
10.6200,0.00029,-0.04763,0.00017
10.6240,0.00039,-0.04742,0.00015
10.6280,0.00049,-0.04721,0.00013
10.6360,0.00060,-0.04705,0.00009
10.6400,0.00061,-0.04710,0.00008
10.6440,0.00061,-0.04714,0.00007
10.6520,0.00063,-0.04723,0.00005
10.6560,0.00064,-0.04727,0.00004
10.6600,0.00069,-0.04757,-0.00003
10.6680,0.00059,-0.04743,0.00003
10.6720,0.00050,-0.04729,0.00009
10.6760,0.00042,-0.04716,0.00015
10.6840,0.00031,-0.04702,0.00021
10.6920,0.00020,-0.04689,0.00028
10.6960,0.00012,-0.04676,0.00034
10.7000,0.00003,-0.04663,0.00040
10.7040,-0.00006,-0.04651,0.00046
10.7120,-0.00017,-0.04638,0.00053
10.7160,-0.00023,-0.04626,0.00058
10.7200,-0.00034,-0.04613,0.00065
10.7240,-0.00041,-0.04601,0.00071
10.7280,-0.00053,-0.04588,0.00078
10.7360,-0.00064,-0.04576,0.00085
10.7400,-0.00073,-0.04565,0.00091
10.7440,-0.00075,-0.04565,0.00092
10.7480,-0.00077,-0.04566,0.00093
10.7560,-0.00081,-0.04567,0.00095
10.7600,-0.00084,-0.04568,0.00096
10.7640,-0.00084,-0.04568,0.00096
10.7680,-0.00088,-0.04570,0.00098
10.7760,-0.00107,-0.04604,0.00107
10.7840,-0.00098,-0.04648,0.00104
10.7880,-0.00091,-0.04680,0.00102
10.7920,-0.00084,-0.04713,0.00100
10.7960,-0.00077,-0.04746,0.00098
10.8040,-0.00070,-0.04791,0.00095
10.8040,-0.00063,-0.04812,0.00093
10.8080,-0.00056,-0.04846,0.00091
10.8160,-0.00048,-0.04890,0.00088
10.8200,-0.00041,-0.04923,0.00085
10.8240,-0.00034,-0.04957,0.00083
10.8320,-0.00026,-0.05002,0.00080
10.8400,-0.00019,-0.05036,0.00078
10.8440,-0.00012,-0.05082,0.00074
10.8480,-0.00006,-0.05104,0.00072
10.8520,0.00000,-0.05151,0.00069
10.8560,0.00000,-0.05163,0.00068
10.8600,-0.00000,-0.05176,0.00067
10.8640,-0.00001,-0.05189,0.00066
10.8720,-0.00002,-0.05214,0.00064
10.8760,-0.00003,-0.05227,0.00063
10.8800,-0.00004,-0.05240,0.00063
10.8840,-0.00025,-0.05410,0.00052
10.8880,-0.00034,-0.05394,0.00056
10.8920,-0.00043,-0.05378,0.00061
10.8960,-0.00048,-0.05357,0.00064
10.9000,-0.00057,-0.05341,0.00068
10.9000,-0.00066,-0.05326,0.00072
10.9080,-0.00079,-0.05317,0.00078
10.9120,-0.00088,-0.05302,0.00083
10.9160,-0.00097,-0.05287,0.00088
10.9200,-0.00103,-0.05265,0.00091
10.9280,-0.00116,-0.05257,0.00097
10.9320,-0.00125,-0.05242,0.00101
10.9360,-0.00135,-0.05228,0.00106
10.9400,-0.00149,-0.05220,0.00113
10.9440,-0.00159,-0.05206,0.00118
10.9480,-0.00169,-0.05191,0.00123
10.9520,-0.00173,-0.05199,0.00125
10.9560,-0.00178,-0.05207,0.00127
10.9600,-0.00183,-0.05214,0.00129
10.9640,-0.00188,-0.05222,0.00131
10.9640,-0.00188,-0.05222,0.00131
10.9720,-0.00193,-0.05230,0.00133
10.9760,-0.00198,-0.05239,0.00135
10.9840,-0.00212,-0.05264,0.00141
10.9920,-0.00222,-0.05281,0.00146
10.9960,-0.00262,-0.05356,0.00166
11.0000,-0.00248,-0.05311,0.00165
11.0080,-0.00235,-0.05264,0.00166
11.0120,-0.00221,-0.05219,0.00165
11.0160,-0.00207,-0.05173,0.00164
11.0200,-0.00193,-0.05128,0.00162
11.0240,-0.00178,-0.05084,0.00160
11.0280,-0.00165,-0.05038,0.00160
11.0320,-0.00151,-0.04994,0.00158
11.0400,-0.00138,-0.04948,0.00158
11.0440,-0.00124,-0.04904,0.00155
11.0480,-0.00111,-0.04859,0.00154
11.0520,-0.00097,-0.04815,0.00152
11.0560,-0.00084,-0.04771,0.00151
11.0600,-0.00070,-0.04727,0.00149
11.0640,-0.00056,-0.04683,0.00147
11.0680,-0.00057,-0.04683,0.00147
11.0720,-0.00058,-0.04683,0.00147
11.0760,-0.00058,-0.04684,0.00147
11.0760,-0.00058,-0.04684,0.00147
11.0840,-0.00060,-0.04685,0.00148
11.0920,-0.00062,-0.04687,0.00149
11.1000,-0.00064,-0.04688,0.00149
11.1040,-0.00065,-0.04689,0.00150
11.1080,-0.00065,-0.04690,0.00150
11.1120,-0.00066,-0.04691,0.00151
11.1160,-0.00066,-0.04692,0.00151
11.1200,-0.00067,-0.04693,0.00152
11.1240,-0.00067,-0.04695,0.00152
11.1320,-0.00074,-0.04709,0.00154
11.1360,-0.00075,-0.04700,0.00149
11.1400,-0.00076,-0.04691,0.00145
11.1440,-0.00077,-0.04682,0.00141
11.1480,-0.00078,-0.04673,0.00137
11.1520,-0.00079,-0.04664,0.00133
11.1560,-0.00081,-0.04655,0.00128
11.1600,-0.00082,-0.04647,0.00124
11.1640,-0.00083,-0.04638,0.00120
11.1680,-0.00085,-0.04630,0.00117
11.1720,-0.00087,-0.04622,0.00113
11.1760,-0.00089,-0.04614,0.00110
11.1760,-0.00088,-0.04604,0.00107
11.1840,-0.00092,-0.04598,0.00103
11.1880,-0.00095,-0.04590,0.00100
11.1960,-0.00099,-0.04585,0.00097
11.2000,-0.00102,-0.04587,0.00096
11.2040,-0.00104,-0.04590,0.00096
11.2080,-0.00106,-0.04593,0.00096
11.2160,-0.00110,-0.04598,0.00095
11.2200,-0.00113,-0.04601,0.00094
11.2240,-0.00115,-0.04604,0.00094
11.2280,-0.00130,-0.04623,0.00093
11.2360,-0.00128,-0.04603,0.00106
11.2400,-0.00126,-0.04586,0.00116
11.2440,-0.00123,-0.04570,0.00126
11.2480,-0.00120,-0.04554,0.00136
11.2480,-0.00117,-0.04539,0.00144
11.2560,-0.00115,-0.04521,0.00156
11.2600,-0.00113,-0.04505,0.00166
11.2640,-0.00110,-0.04489,0.00176
11.2680,-0.00106,-0.04475,0.00183
11.2720,-0.00105,-0.04458,0.00195
11.2760,-0.00102,-0.04443,0.00205
11.2800,-0.00100,-0.04428,0.00215
11.2840,-0.00098,-0.04412,0.00225
11.2880,-0.00094,-0.04398,0.00233
11.2920,-0.00093,-0.04382,0.00245
11.2960,-0.00094,-0.04381,0.00247
11.3000,-0.00096,-0.04380,0.00249
11.3040,-0.00098,-0.04380,0.00251
11.3040,-0.00100,-0.04379,0.00253
11.3120,-0.00101,-0.04379,0.00255
11.3160,-0.00103,-0.04379,0.00258
11.3240,-0.00107,-0.04378,0.00263
11.3320,-0.00111,-0.04378,0.00269
11.3400,-0.00115,-0.04378,0.00275
11.3480,-0.00119,-0.04378,0.00281
11.3480,-0.00119,-0.04378,0.00281
11.3480,-0.00121,-0.04378,0.00284
11.3520,-0.00123,-0.04378,0.00287
11.3600,-0.00165,-0.04394,0.00347
11.3640,-0.00163,-0.04397,0.00343
11.3640,-0.00160,-0.04398,0.00337
11.3680,-0.00158,-0.04401,0.00333
11.3760,-0.00159,-0.04406,0.00332
11.3840,-0.00158,-0.04409,0.00328
11.3880,-0.00158,-0.04414,0.00326
11.3920,-0.00157,-0.04418,0.00322
11.3920,-0.00153,-0.04420,0.00316
11.4000,-0.00154,-0.04426,0.00314
11.4080,-0.00155,-0.04433,0.00312
11.4120,-0.00171,-0.04472,0.00328
11.4160,-0.00159,-0.04478,0.00309
11.4200,-0.00146,-0.04485,0.00289
11.4240,-0.00133,-0.04491,0.00269
11.4320,-0.00120,-0.04498,0.00246
11.4320,-0.00107,-0.04505,0.00226
11.4400,-0.00095,-0.04512,0.00205
11.4400,-0.00082,-0.04519,0.00185
11.4440,-0.00071,-0.04526,0.00169
11.4520,-0.00058,-0.04534,0.00145
11.4560,-0.00046,-0.04542,0.00125
11.4600,-0.00034,-0.04550,0.00105
11.4600,-0.00022,-0.04557,0.00089
11.4680,-0.00009,-0.04566,0.00065
11.4720,0.00004,-0.04574,0.00044
11.4760,0.00016,-0.04583,0.00023
11.4840,0.00019,-0.04585,0.00014
11.4880,0.00020,-0.04586,0.00010
11.4920,0.00021,-0.04587,0.00005
11.4960,0.00022,-0.04588,0.00000
11.5000,0.00023,-0.04589,-0.00004
11.5040,0.00023,-0.04589,-0.00004
11.5040,0.00023,-0.04590,-0.00009
11.5120,0.00026,-0.04594,-0.00019
11.5160,0.00027,-0.04595,-0.00024
11.5160,0.00027,-0.04595,-0.00024
11.5240,0.00030,-0.04598,-0.00034
11.5280,0.00031,-0.04600,-0.00039
11.5360,0.00033,-0.04602,-0.00044
11.5400,0.00036,-0.04606,-0.00054
11.5440,0.00038,-0.04608,-0.00059
11.5480,0.00040,-0.04610,-0.00063
11.5520,0.00042,-0.04612,-0.00068
11.5560,0.00044,-0.04614,-0.00073
11.5600,0.00087,-0.04658,-0.00151
11.5640,0.00084,-0.04655,-0.00146
11.5640,0.00084,-0.04654,-0.00146
11.5720,0.00086,-0.04657,-0.00150
11.5760,0.00086,-0.04657,-0.00149
11.5840,0.00088,-0.04660,-0.00153
11.5880,0.00089,-0.04660,-0.00152
11.5920,0.00089,-0.04660,-0.00151
11.5960,0.00089,-0.04661,-0.00150
11.6000,0.00087,-0.04658,-0.00145
11.6040,0.00090,-0.04662,-0.00148
11.6080,0.00091,-0.04663,-0.00146
11.6160,0.00095,-0.04668,-0.00149
11.6240,0.00099,-0.04673,-0.00151
11.6240,0.00100,-0.04675,-0.00150
11.6360,0.00104,-0.04682,-0.00152
11.6400,0.00107,-0.04687,-0.00155
11.6440,0.00149,-0.04771,-0.00193
11.6520,0.00153,-0.04780,-0.00192
11.6560,0.00154,-0.04783,-0.00190
11.6640,0.00157,-0.04793,-0.00190
11.6720,0.00160,-0.04805,-0.00189
11.6760,0.00161,-0.04809,-0.00186
11.6800,0.00161,-0.04814,-0.00184
11.6840,0.00162,-0.04818,-0.00181
11.6880,0.00162,-0.04823,-0.00178
11.6920,0.00162,-0.04828,-0.00175
11.7000,0.00165,-0.04841,-0.00174
11.7040,0.00165,-0.04847,-0.00171
11.7080,0.00165,-0.04852,-0.00168
11.7120,0.00164,-0.04857,-0.00165
11.7200,0.00166,-0.04871,-0.00164
11.7240,0.00175,-0.04942,-0.00179
11.7280,0.00173,-0.04947,-0.00177
11.7320,0.00171,-0.04942,-0.00173
11.7400,0.00171,-0.04964,-0.00174
11.7440,0.00169,-0.04969,-0.00172
11.7520,0.00168,-0.04984,-0.00171
11.7600,0.00166,-0.04990,-0.00168
11.7640,0.00164,-0.05005,-0.00167
11.7680,0.00161,-0.05011,-0.00165
11.7720,0.00158,-0.05018,-0.00163
11.7760,0.00156,-0.05024,-0.00160
11.7840,0.00153,-0.05031,-0.00158
11.7880,0.00151,-0.05049,-0.00157
11.7920,0.00148,-0.05044,-0.00153
11.7960,0.00145,-0.05063,-0.00153
11.8000,0.00142,-0.05059,-0.00149
11.8040,0.00141,-0.05083,-0.00153
11.8080,0.00141,-0.05094,-0.00154
11.8120,0.00141,-0.05107,-0.00156
11.8160,0.00140,-0.05119,-0.00158
11.8200,0.00140,-0.05131,-0.00159
11.8240,0.00140,-0.05143,-0.00161
11.8280,0.00139,-0.05238,-0.00173
11.8320,0.00125,-0.05239,-0.00160
11.8400,0.00110,-0.05249,-0.00147
11.8440,0.00097,-0.05251,-0.00134
11.8480,0.00084,-0.05253,-0.00121
11.8560,0.00070,-0.05263,-0.00108
11.8640,0.00056,-0.05273,-0.00096
11.8640,0.00043,-0.05267,-0.00082
11.8720,0.00028,-0.05277,-0.00070
11.8760,0.00015,-0.05279,-0.00058
11.8840,-0.00001,-0.05290,-0.00046
11.8920,-0.00017,-0.05302,-0.00034
11.9000,-0.00032,-0.05314,-0.00022
11.9000,-0.00044,-0.05308,-0.00009
11.9080,-0.00060,-0.05320,0.00003
11.9120,-0.00072,-0.05314,0.00017
11.9200,-0.00078,-0.05344,0.00014
11.9240,-0.00080,-0.05354,0.00014
11.9280,-0.00080,-0.05354,0.00014
11.9360,-0.00085,-0.05375,0.00012
11.9400,-0.00091,-0.05396,0.00009
11.9440,-0.00093,-0.05407,0.00008
11.9480,-0.00135,-0.05567,-0.00012
11.9480,-0.00134,-0.05566,-0.00006
11.9560,-0.00135,-0.05585,0.00001
11.9600,-0.00136,-0.05594,0.00007
11.9640,-0.00136,-0.05604,0.00013
11.9720,-0.00137,-0.05613,0.00020
11.9760,-0.00139,-0.05633,0.00026
11.9800,-0.00140,-0.05643,0.00032
11.9840,-0.00140,-0.05653,0.00038
11.9880,-0.00141,-0.05662,0.00044
11.9960,-0.00143,-0.05684,0.00049
12.0000,-0.00144,-0.05694,0.00055
12.0080,-0.00146,-0.05716,0.00059
12.0120,-0.00147,-0.05727,0.00065
12.0160,-0.00148,-0.05738,0.00070
12.0200,-0.00149,-0.05749,0.00076
12.0240,-0.00149,-0.05749,0.00076
12.0280,-0.00153,-0.05772,0.00074
12.0320,-0.00153,-0.05772,0.00074
12.0400,-0.00176,-0.05893,0.00059
12.0440,-0.00180,-0.05907,0.00056
12.0480,-0.00182,-0.05910,0.00054
12.0520,-0.00184,-0.05914,0.00052
12.0600,-0.00188,-0.05929,0.00048
12.0600,-0.00190,-0.05934,0.00046
12.0680,-0.00192,-0.05938,0.00044
12.0760,-0.00197,-0.05955,0.00039
12.0800,-0.00199,-0.05960,0.00037
12.0840,-0.00201,-0.05965,0.00035
12.0880,-0.00203,-0.05970,0.00032
12.0920,-0.00205,-0.05975,0.00030
12.0960,-0.00208,-0.05980,0.00028
12.1040,-0.00210,-0.05986,0.00025
12.1040,-0.00213,-0.05991,0.00023
12.1120,-0.00218,-0.06009,0.00018
12.1160,-0.00221,-0.06023,0.00016
12.1200,-0.00224,-0.06036,0.00014
12.1240,-0.00227,-0.06050,0.00011
12.1280,-0.00230,-0.06064,0.00009
12.1360,-0.00237,-0.06092,0.00004
12.1400,-0.00237,-0.06092,0.00004
12.1440,-0.00280,-0.06266,-0.00019
12.1480,-0.00282,-0.06249,-0.00008
12.1520,-0.00284,-0.06232,0.00002
12.1560,-0.00286,-0.06216,0.00012
12.1600,-0.00291,-0.06207,0.00023
12.1680,-0.00293,-0.06191,0.00033
12.1720,-0.00294,-0.06174,0.00044
12.1760,-0.00296,-0.06158,0.00054
12.1840,-0.00301,-0.06151,0.00066
12.1880,-0.00303,-0.06135,0.00076
12.1920,-0.00305,-0.06119,0.00086
12.1960,-0.00307,-0.06104,0.00097
12.2040,-0.00312,-0.06098,0.00108
12.2080,-0.00314,-0.06082,0.00119
12.2120,-0.00316,-0.06067,0.00129
12.2160,-0.00315,-0.06043,0.00138
12.2200,-0.00321,-0.06062,0.00141
12.2240,-0.00321,-0.06062,0.00141
12.2280,-0.00324,-0.06071,0.00142
12.2320,-0.00348,-0.06170,0.00153
12.2360,-0.00348,-0.06179,0.00154
12.2400,-0.00347,-0.06188,0.00155
12.2440,-0.00347,-0.06198,0.00156
12.2480,-0.00346,-0.06208,0.00157
12.2520,-0.00346,-0.06218,0.00158
12.2560,-0.00346,-0.06218,0.00159
12.2600,-0.00346,-0.06229,0.00160
12.2600,-0.00345,-0.06249,0.00160
12.2680,-0.00345,-0.06250,0.00161
12.2720,-0.00344,-0.06271,0.00162
12.2760,-0.00344,-0.06282,0.00163
12.2840,-0.00343,-0.06305,0.00165
12.2880,-0.00343,-0.06305,0.00166
12.2920,-0.00343,-0.06329,0.00168
12.2960,-0.00343,-0.06341,0.00169
12.3000,-0.00343,-0.06352,0.00170
12.3040,-0.00343,-0.06364,0.00170
12.3080,-0.00343,-0.06376,0.00171
12.3120,-0.00343,-0.06388,0.00172
12.3160,-0.00343,-0.06401,0.00172
12.3240,-0.00342,-0.06426,0.00174
12.3280,-0.00342,-0.06426,0.00174
12.3320,-0.00342,-0.06451,0.00175
12.3320,-0.00343,-0.06585,0.00185
12.3400,-0.00354,-0.06606,0.00189
12.3440,-0.00362,-0.06612,0.00191
12.3480,-0.00370,-0.06618,0.00193
12.3520,-0.00378,-0.06624,0.00195
12.3600,-0.00390,-0.06647,0.00200
12.3640,-0.00398,-0.06654,0.00202
12.3680,-0.00407,-0.06661,0.00205
12.3720,-0.00416,-0.06668,0.00208
12.3760,-0.00425,-0.06675,0.00210
12.3800,-0.00433,-0.06682,0.00213
12.3880,-0.00446,-0.06707,0.00217
12.3920,-0.00455,-0.06715,0.00220
12.3960,-0.00460,-0.06705,0.00220
12.3960,-0.00473,-0.06730,0.00224
12.4040,-0.00478,-0.06721,0.00224
12.4080,-0.00486,-0.06756,0.00229
12.4120,-0.00489,-0.06775,0.00231
12.4160,-0.00493,-0.06793,0.00233
12.4240,-0.00500,-0.06830,0.00238
12.4280,-0.00503,-0.06849,0.00240
12.4320,-0.00507,-0.06868,0.00242
12.4320,-0.00507,-0.06868,0.00242
12.4400,-0.00514,-0.06906,0.00246
12.4400,-0.00514,-0.06906,0.00246
12.4480,-0.00517,-0.06926,0.00248
12.4520,-0.00524,-0.06965,0.00252
12.4560,-0.00572,-0.07279,0.00284
12.4640,-0.00563,-0.07216,0.00275
12.4720,-0.00554,-0.07154,0.00267
12.4760,-0.00544,-0.07089,0.00258
12.4840,-0.00535,-0.07028,0.00250
12.4880,-0.00525,-0.06964,0.00242
12.4920,-0.00515,-0.06900,0.00233
12.4960,-0.00505,-0.06836,0.00224
12.5000,-0.00495,-0.06773,0.00216
12.5040,-0.00484,-0.06705,0.00206
12.5080,-0.00475,-0.06646,0.00199
12.5120,-0.00464,-0.06578,0.00189
12.5120,-0.00454,-0.06592,0.00192
12.5200,-0.00441,-0.06635,0.00173
12.5240,-0.00430,-0.06659,0.00158
12.5280,-0.00420,-0.06683,0.00142
12.5280,-0.00413,-0.06689,0.00130
12.5320,-0.00402,-0.06713,0.00114
12.5400,-0.00387,-0.06757,0.00095
12.5440,-0.00376,-0.06782,0.00079
12.5480,-0.00366,-0.06807,0.00063
12.5560,-0.00351,-0.06853,0.00043
12.5600,-0.00340,-0.06879,0.00027
12.5600,-0.00333,-0.06884,0.00015
12.5680,-0.00323,-0.06910,-0.00001
12.5720,-0.00309,-0.06958,-0.00021
12.5760,-0.00298,-0.06984,-0.00037
12.5800,-0.00288,-0.07011,-0.00053
12.5840,-0.00284,-0.07033,-0.00057
12.5880,-0.00280,-0.07054,-0.00060
12.5920,-0.00277,-0.07076,-0.00064
12.5960,-0.00273,-0.07098,-0.00067
12.6000,-0.00273,-0.07098,-0.00067
12.6000,-0.00270,-0.07120,-0.00070
12.6080,-0.00263,-0.07165,-0.00077
12.6120,-0.00259,-0.07187,-0.00081
12.6200,-0.00251,-0.07232,-0.00088
12.6240,-0.00247,-0.07255,-0.00092
12.6280,-0.00243,-0.07278,-0.00095
12.6320,-0.00243,-0.07278,-0.00095
12.6360,-0.00235,-0.07325,-0.00101
12.6440,-0.00226,-0.07371,-0.00107
12.6480,-0.00221,-0.07395,-0.00111
12.6520,-0.00217,-0.07419,-0.00114
12.6560,-0.00212,-0.07443,-0.00117
12.6600,-0.00208,-0.07467,-0.00121
12.6680,-0.00130,-0.07889,-0.00176
12.6680,-0.00148,-0.07868,-0.00159
12.6760,-0.00167,-0.07832,-0.00142
12.6800,-0.00186,-0.07795,-0.00125
12.6880,-0.00205,-0.07776,-0.00108
12.6960,-0.00223,-0.07740,-0.00092
12.7040,-0.00242,-0.07738,-0.00075
12.7080,-0.00261,-0.07703,-0.00059
12.7120,-0.00280,-0.07667,-0.00043
12.7200,-0.00298,-0.07649,-0.00027
12.7240,-0.00317,-0.07614,-0.00011
12.7280,-0.00336,-0.07579,0.00005
12.7320,-0.00356,-0.07543,0.00022
12.7360,-0.00374,-0.07490,0.00038
12.7400,-0.00394,-0.07473,0.00054
12.7440,-0.00414,-0.07438,0.00070
12.7480,-0.00415,-0.07457,0.00070
12.7520,-0.00415,-0.07476,0.00070
12.7600,-0.00417,-0.07513,0.00071
12.7680,-0.00420,-0.07551,0.00072
12.7720,-0.00421,-0.07570,0.00072
12.7760,-0.00421,-0.07570,0.00072
12.7840,-0.00427,-0.07628,0.00073
12.7880,-0.00427,-0.07628,0.00073
12.7920,-0.00468,-0.07944,0.00086
12.7960,-0.00476,-0.07924,0.00085
12.7960,-0.00480,-0.07889,0.00082
12.8000,-0.00487,-0.07870,0.00080
12.8080,-0.00497,-0.07867,0.00079
12.8120,-0.00501,-0.07831,0.00077
12.8200,-0.00515,-0.07845,0.00078
12.8280,-0.00526,-0.07844,0.00079
12.8320,-0.00534,-0.07825,0.00078
12.8360,-0.00542,-0.07808,0.00078
12.8400,-0.00550,-0.07790,0.00077
12.8440,-0.00559,-0.07773,0.00076
12.8440,-0.00563,-0.07737,0.00074
12.8520,-0.00575,-0.07738,0.00075
12.8560,-0.00583,-0.07721,0.00074
12.8640,-0.00596,-0.07724,0.00075
12.8680,-0.00601,-0.07743,0.00077
12.8680,-0.00605,-0.07762,0.00079
12.8760,-0.00610,-0.07781,0.00081
12.8840,-0.00619,-0.07821,0.00087
12.8880,-0.00624,-0.07841,0.00090
12.8920,-0.00628,-0.07861,0.00093
12.8920,-0.00628,-0.07861,0.00093
12.9000,-0.00638,-0.07902,0.00099
12.9040,-0.00642,-0.07922,0.00102
12.9080,-0.00647,-0.07943,0.00106
12.9120,-0.00652,-0.07964,0.00109
12.9160,-0.00656,-0.07985,0.00112
12.9200,-0.00661,-0.08006,0.00115
12.9240,-0.00665,-0.08027,0.00118
12.9280,-0.00670,-0.08049,0.00121
12.9320,-0.00675,-0.08071,0.00124
12.9360,-0.00679,-0.08093,0.00126
12.9400,-0.00684,-0.08115,0.00129
12.9440,-0.00689,-0.08137,0.00131
12.9480,-0.00790,-0.08634,0.00199
12.9520,-0.00780,-0.08575,0.00196
12.9600,-0.00770,-0.08517,0.00192
12.9640,-0.00763,-0.08472,0.00190
12.9680,-0.00751,-0.08401,0.00184
12.9720,-0.00743,-0.08357,0.00182
12.9760,-0.00733,-0.08300,0.00179
12.9800,-0.00723,-0.08243,0.00175
12.9840,-0.00713,-0.08186,0.00171
12.9920,-0.00705,-0.08144,0.00169
12.9960,-0.00695,-0.08087,0.00165
13.0000,-0.00685,-0.08031,0.00161
13.0000,-0.00675,-0.07975,0.00157
13.0080,-0.00664,-0.07919,0.00154
13.0120,-0.00653,-0.07863,0.00150
13.0120,-0.00641,-0.07792,0.00144
13.0200,-0.00645,-0.07821,0.00149
13.0240,-0.00647,-0.07836,0.00151
13.0280,-0.00649,-0.07851,0.00153
13.0360,-0.00653,-0.07881,0.00157
13.0400,-0.00655,-0.07896,0.00159
13.0440,-0.00658,-0.07912,0.00161
13.0520,-0.00662,-0.07943,0.00165
13.0560,-0.00662,-0.07943,0.00165
13.0600,-0.00667,-0.07976,0.00168
13.0680,-0.00673,-0.08009,0.00172
13.0760,-0.00727,-0.08364,0.00210
13.0760,-0.00715,-0.08315,0.00199
13.0800,-0.00703,-0.08267,0.00188
13.0880,-0.00692,-0.08228,0.00177
13.0920,-0.00681,-0.08180,0.00166
13.0960,-0.00668,-0.08124,0.00155
13.1000,-0.00656,-0.08076,0.00144
13.1040,-0.00645,-0.08029,0.00133
13.1080,-0.00634,-0.07981,0.00123
13.1120,-0.00624,-0.07944,0.00111
13.1200,-0.00614,-0.07906,0.00101
13.1240,-0.00603,-0.07860,0.00090
13.1280,-0.00595,-0.07823,0.00079
13.1360,-0.00584,-0.07777,0.00068
13.1400,-0.00574,-0.07731,0.00057
13.1440,-0.00563,-0.07685,0.00046
13.1440,-0.00563,-0.07685,0.00046
13.1520,-0.00607,-0.07857,0.00041
13.1560,-0.00610,-0.07865,0.00041
13.1600,-0.00614,-0.07873,0.00041
13.1680,-0.00620,-0.07895,0.00040
13.1720,-0.00624,-0.07904,0.00040
13.1760,-0.00627,-0.07913,0.00040
13.1800,-0.00627,-0.07908,0.00040
13.1880,-0.00637,-0.07946,0.00039
13.1920,-0.00641,-0.07956,0.00039
13.1960,-0.00641,-0.07951,0.00039
13.1960,-0.00645,-0.07961,0.00039
13.2040,-0.00649,-0.07971,0.00039
13.2080,-0.00657,-0.07998,0.00039
13.2120,-0.00661,-0.08009,0.00039
13.2160,-0.00665,-0.08020,0.00039
13.2200,-0.00720,-0.08240,0.00035
13.2240,-0.00713,-0.08219,0.00037
13.2280,-0.00709,-0.08228,0.00040
13.2320,-0.00704,-0.08222,0.00043
13.2400,-0.00700,-0.08230,0.00046
13.2440,-0.00695,-0.08224,0.00048
13.2520,-0.00691,-0.08233,0.00051
13.2600,-0.00686,-0.08242,0.00053
13.2600,-0.00679,-0.08222,0.00055
13.2720,-0.00675,-0.08247,0.00059
13.2760,-0.00669,-0.08241,0.00061
13.2800,-0.00662,-0.08236,0.00064
13.2840,-0.00656,-0.08231,0.00067
13.2880,-0.00650,-0.08226,0.00070
13.2920,-0.00644,-0.08221,0.00072
13.2920,-0.00637,-0.08216,0.00075
13.3000,-0.00639,-0.08232,0.00076
13.3000,-0.00640,-0.08248,0.00077
13.3040,-0.00641,-0.08265,0.00077
13.3080,-0.00642,-0.08282,0.00078
13.3160,-0.00644,-0.08299,0.00078
13.3240,-0.00647,-0.08333,0.00078
13.3320,-0.00649,-0.08369,0.00078
13.3360,-0.00650,-0.08387,0.00077
13.3400,-0.00651,-0.08405,0.00077
13.3440,-0.00652,-0.08423,0.00076
13.3480,-0.00653,-0.08441,0.00076
13.3520,-0.00654,-0.08460,0.00075
13.3560,-0.00655,-0.08478,0.00074
13.3600,-0.00656,-0.08497,0.00074
13.3640,-0.00657,-0.08516,0.00073
13.3680,-0.00674,-0.08903,0.00043
13.3720,-0.00673,-0.08863,0.00039
13.3760,-0.00673,-0.08823,0.00035
13.3840,-0.00672,-0.08783,0.00032
13.3880,-0.00672,-0.08756,0.00027
13.3920,-0.00671,-0.08704,0.00025
13.3960,-0.00671,-0.08678,0.00020
13.4000,-0.00670,-0.08639,0.00017
13.4040,-0.00669,-0.08587,0.00015
13.4080,-0.00668,-0.08562,0.00010
13.4120,-0.00667,-0.08524,0.00006
13.4160,-0.00666,-0.08486,0.00003
13.4240,-0.00666,-0.08462,-0.00003
13.4280,-0.00665,-0.08425,-0.00007
13.4360,-0.00668,-0.08501,-0.00026
13.4360,-0.00663,-0.08463,-0.00023
13.4440,-0.00657,-0.08434,-0.00019
13.4480,-0.00651,-0.08400,-0.00015
13.4520,-0.00645,-0.08367,-0.00011
13.4560,-0.00639,-0.08334,-0.00007
13.4600,-0.00634,-0.08302,-0.00003
13.4640,-0.00628,-0.08269,0.00001
13.4680,-0.00622,-0.08237,0.00005
13.4720,-0.00615,-0.08205,0.00009
13.4760,-0.00609,-0.08173,0.00013
13.4800,-0.00603,-0.08141,0.00017
13.4880,-0.00594,-0.08117,0.00021
13.4920,-0.00588,-0.08087,0.00025
13.4960,-0.00581,-0.08057,0.00029
13.5040,-0.00573,-0.08035,0.00034
13.5040,-0.00573,-0.08035,0.00034
13.5120,-0.00569,-0.08052,0.00035
13.5200,-0.00567,-0.08060,0.00035
13.5240,-0.00532,-0.08204,0.00044
13.5320,-0.00536,-0.08197,0.00040
13.5360,-0.00540,-0.08185,0.00036
13.5400,-0.00546,-0.08168,0.00033
13.5440,-0.00550,-0.08162,0.00030
13.5480,-0.00555,-0.08151,0.00027
13.5520,-0.00560,-0.08140,0.00023
13.5560,-0.00565,-0.08129,0.00020
13.5640,-0.00571,-0.08124,0.00017
13.5640,-0.00576,-0.08107,0.00014
13.5720,-0.00582,-0.08097,0.00011
13.5760,-0.00588,-0.08087,0.00008
13.5840,-0.00594,-0.08085,0.00005
13.5880,-0.00599,-0.08076,0.00002
13.5920,-0.00605,-0.08074,-0.00001
13.5920,-0.00611,-0.08058,-0.00004
13.6000,-0.00611,-0.08074,-0.00004
13.6040,-0.00611,-0.08082,-0.00004
13.6080,-0.00610,-0.08090,-0.00004
13.6120,-0.00610,-0.08098,-0.00004
13.6160,-0.00610,-0.08098,-0.00004
13.6200,-0.00611,-0.08115,-0.00005
13.6240,-0.00611,-0.08123,-0.00005
13.6280,-0.00612,-0.08131,-0.00005
13.6320,-0.00612,-0.08140,-0.00005
13.6360,-0.00613,-0.08148,-0.00006
13.6400,-0.00613,-0.08156,-0.00006
13.6440,-0.00614,-0.08165,-0.00006
13.6480,-0.00614,-0.08174,-0.00006
13.6520,-0.00615,-0.08183,-0.00007
13.6560,-0.00616,-0.08192,-0.00007
13.6600,-0.00616,-0.08201,-0.00007
13.6640,-0.00617,-0.08210,-0.00007
13.6680,-0.00618,-0.08219,-0.00007
13.6720,-0.00618,-0.08228,-0.00007
13.6760,-0.00641,-0.08440,-0.00009
13.6800,-0.00646,-0.08436,-0.00005
13.6840,-0.00651,-0.08433,-0.00000
13.6880,-0.00656,-0.08430,0.00004
13.6920,-0.00660,-0.08417,0.00008
13.6960,-0.00667,-0.08423,0.00013
13.6960,-0.00670,-0.08410,0.00017
13.7040,-0.00677,-0.08416,0.00022
13.7080,-0.00682,-0.08413,0.00026
13.7120,-0.00686,-0.08410,0.00031
13.7160,-0.00691,-0.08407,0.00035
13.7240,-0.00696,-0.08414,0.00040
13.7280,-0.00700,-0.08412,0.00044
13.7320,-0.00704,-0.08410,0.00048
13.7400,-0.00709,-0.08418,0.00052
13.7440,-0.00711,-0.08541,0.00056
13.7480,-0.00708,-0.08544,0.00054
13.7520,-0.00706,-0.08548,0.00052
13.7560,-0.00704,-0.08552,0.00050
13.7600,-0.00701,-0.08556,0.00047
13.7680,-0.00699,-0.08560,0.00045
13.7720,-0.00696,-0.08578,0.00041
13.7760,-0.00695,-0.08570,0.00039
13.7800,-0.00692,-0.08588,0.00035
13.7880,-0.00690,-0.08608,0.00031
13.7960,-0.00688,-0.08628,0.00027
13.8000,-0.00686,-0.08635,0.00024
13.8080,-0.00684,-0.08641,0.00022
13.8120,-0.00683,-0.08648,0.00019
13.8160,-0.00680,-0.08671,0.00016
13.8200,-0.00678,-0.08679,0.00013
13.8200,-0.00678,-0.08679,0.00013
13.8280,-0.00678,-0.08712,0.00012
13.8320,-0.00677,-0.08730,0.00012
13.8360,-0.00677,-0.08747,0.00011
13.8440,-0.00677,-0.08765,0.00010
13.8480,-0.00676,-0.08802,0.00009
13.8520,-0.00676,-0.08821,0.00008
13.8560,-0.00676,-0.08840,0.00007
13.8600,-0.00676,-0.08860,0.00006
13.8640,-0.00676,-0.08879,0.00005
13.8680,-0.00675,-0.08899,0.00004
13.8720,-0.00669,-0.09321,-0.00005
13.8760,-0.00677,-0.09290,-0.00001
13.8840,-0.00685,-0.09276,0.00003
13.8880,-0.00692,-0.09246,0.00007
13.8920,-0.00699,-0.09217,0.00011
13.9000,-0.00706,-0.09204,0.00016
13.9040,-0.00713,-0.09175,0.00020
13.9120,-0.00720,-0.09146,0.00024
13.9120,-0.00727,-0.09118,0.00028
13.9160,-0.00734,-0.09089,0.00033
13.9200,-0.00741,-0.09061,0.00037
13.9280,-0.00748,-0.09049,0.00042
13.9320,-0.00755,-0.09021,0.00046
13.9360,-0.00761,-0.08993,0.00051
13.9400,-0.00768,-0.09154,0.00068
13.9400,-0.00770,-0.09152,0.00067
13.9480,-0.00772,-0.09133,0.00066
13.9520,-0.00775,-0.09148,0.00065
13.9560,-0.00778,-0.09146,0.00064
13.9560,-0.00779,-0.09127,0.00062
13.9640,-0.00783,-0.09142,0.00062
13.9720,-0.00786,-0.09141,0.00060
13.9760,-0.00791,-0.09156,0.00060
13.9800,-0.00794,-0.09155,0.00059
13.9840,-0.00796,-0.09137,0.00058
13.9880,-0.00802,-0.09153,0.00058
13.9920,-0.00805,-0.09152,0.00057
14.0000,-0.00809,-0.09152,0.00057
14.0040,-0.00814,-0.09170,0.00057
14.0080,-0.00817,-0.09170,0.00056
14.0120,-0.00819,-0.09188,0.00056
14.0200,-0.00822,-0.09226,0.00058
14.0280,-0.00825,-0.09264,0.00059
14.0320,-0.00827,-0.09283,0.00060
14.0360,-0.00827,-0.09283,0.00060
14.0360,-0.00828,-0.09303,0.00061
14.0440,-0.00829,-0.09322,0.00062
14.0480,-0.00832,-0.09362,0.00065
14.0520,-0.00849,-0.09667,0.00081
14.0560,-0.00849,-0.09635,0.00076
14.0600,-0.00848,-0.09592,0.00072
14.0640,-0.00848,-0.09560,0.00067
14.0680,-0.00849,-0.09528,0.00063
14.0720,-0.00852,-0.09507,0.00058
14.0760,-0.00851,-0.09463,0.00053
14.0800,-0.00854,-0.09443,0.00048
14.0840,-0.00853,-0.09400,0.00044
14.0880,-0.00857,-0.09381,0.00039
14.0920,-0.00858,-0.09350,0.00034
14.0960,-0.00859,-0.09319,0.00030
14.1000,-0.00858,-0.09276,0.00026
14.1040,-0.00860,-0.09258,0.00021
14.1080,-0.00861,-0.09227,0.00017
14.1080,-0.00862,-0.09197,0.00012
14.1160,-0.00864,-0.09210,0.00012
14.1160,-0.00864,-0.09210,0.00012
14.1240,-0.00868,-0.09236,0.00012
14.1280,-0.00870,-0.09249,0.00011
14.1320,-0.00872,-0.09263,0.00011
14.1400,-0.00874,-0.09277,0.00010
14.1400,-0.00876,-0.09291,0.00010
14.1440,-0.00878,-0.09305,0.00009
14.1480,-0.00880,-0.09319,0.00008
14.1520,-0.00882,-0.09334,0.00007
14.1560,-0.00884,-0.09349,0.00006
14.1600,-0.00886,-0.09365,0.00006
14.1640,-0.00889,-0.09380,0.00005
14.1680,-0.00933,-0.09684,-0.00011
14.1720,-0.00938,-0.09687,-0.00005
14.1760,-0.00943,-0.09691,0.00001
14.1800,-0.00948,-0.09696,0.00007
14.1840,-0.00953,-0.09701,0.00012
14.1920,-0.00962,-0.09724,0.00019
14.1960,-0.00964,-0.09710,0.00024
14.2000,-0.00974,-0.09734,0.00030
14.2040,-0.00979,-0.09739,0.00037
14.2080,-0.00985,-0.09744,0.00043
14.2120,-0.00992,-0.09750,0.00049
14.2200,-0.01003,-0.09776,0.00057
14.2240,-0.01010,-0.09782,0.00063
14.2280,-0.01016,-0.09788,0.00069
14.2320,-0.01022,-0.09794,0.00076
14.2360,-0.01029,-0.09801,0.00082
14.2400,-0.01034,-0.09821,0.00083
14.2440,-0.01039,-0.09842,0.00085
14.2480,-0.01044,-0.09864,0.00086
14.2520,-0.01049,-0.09886,0.00087
14.2560,-0.01055,-0.09908,0.00088
14.2640,-0.01065,-0.09952,0.00089
14.2680,-0.01070,-0.09974,0.00090
14.2720,-0.01075,-0.09997,0.00091
14.2760,-0.01075,-0.09997,0.00091
14.2760,-0.01080,-0.10020,0.00092
14.2840,-0.01091,-0.10067,0.00093
14.2880,-0.01096,-0.10091,0.00093
14.2920,-0.01178,-0.10495,0.00093
14.2920,-0.01165,-0.10443,0.00089
14.3000,-0.01153,-0.10390,0.00085
14.3040,-0.01138,-0.10325,0.00082
14.3040,-0.01126,-0.10273,0.00078
14.3120,-0.01116,-0.10235,0.00074
14.3200,-0.01108,-0.10198,0.00071
14.3240,-0.01097,-0.10147,0.00067
14.3280,-0.01082,-0.10082,0.00064
14.3280,-0.01074,-0.10046,0.00061
14.3360,-0.01062,-0.09996,0.00058
14.3400,-0.01051,-0.09945,0.00055
14.3440,-0.01039,-0.09896,0.00052
14.3480,-0.01028,-0.09846,0.00049
14.3520,-0.01017,-0.09797,0.00046
14.3560,-0.01006,-0.09748,0.00043
14.3640,-0.01013,-0.09781,0.00043
14.3680,-0.01016,-0.09798,0.00043
14.3680,-0.01016,-0.09798,0.00043
14.3760,-0.01020,-0.09814,0.00043
14.3840,-0.01030,-0.09866,0.00042
14.3880,-0.01083,-0.10151,0.00034
14.3920,-0.01090,-0.10205,0.00034
14.3960,-0.01097,-0.10259,0.00035
14.4000,-0.01105,-0.10313,0.00035
14.4040,-0.01112,-0.10367,0.00036
14.4080,-0.01114,-0.10387,0.00037
14.4120,-0.01126,-0.10475,0.00037
14.4200,-0.01139,-0.10565,0.00037
14.4240,-0.01146,-0.10621,0.00037
14.4280,-0.01154,-0.10677,0.00037
14.4320,-0.01156,-0.10697,0.00039
14.4360,-0.01169,-0.10790,0.00038
14.4440,-0.01181,-0.10884,0.00039
14.4480,-0.01188,-0.10940,0.00040
14.4520,-0.01195,-0.10998,0.00041
14.4560,-0.01202,-0.11055,0.00042
14.4600,-0.01207,-0.11092,0.00043
14.4680,-0.01212,-0.11130,0.00043
14.4680,-0.01216,-0.11168,0.00043
14.4760,-0.01225,-0.11243,0.00044
14.4840,-0.01234,-0.11320,0.00045
14.4880,-0.01291,-0.11873,0.00060
14.4920,-0.01262,-0.11750,0.00055
14.4920,-0.01236,-0.11624,0.00051
14.4960,-0.01213,-0.11493,0.00047
14.5040,-0.01184,-0.11371,0.00043
14.5120,-0.01155,-0.11250,0.00039
14.5160,-0.01129,-0.11124,0.00035
14.5200,-0.01104,-0.10998,0.00032
14.5240,-0.01078,-0.10873,0.00028
14.5280,-0.01052,-0.10748,0.00023
14.5360,-0.01023,-0.10629,0.00019
14.5400,-0.00997,-0.10504,0.00015
14.5440,-0.00971,-0.10380,0.00011
14.5520,-0.00942,-0.10262,0.00007
14.5520,-0.00919,-0.10132,0.00002
14.5600,-0.00890,-0.10014,-0.00001
14.5680,-0.00884,-0.10028,-0.00000
14.5720,-0.00881,-0.10035,0.00000
14.5760,-0.00849,-0.10128,0.00011
14.5840,-0.00870,-0.10119,0.00015
14.5880,-0.00888,-0.10107,0.00018
14.5920,-0.00907,-0.10095,0.00020
14.6000,-0.00926,-0.10082,0.00022
14.6040,-0.00948,-0.10073,0.00017
14.6080,-0.00967,-0.10060,0.00013
14.6120,-0.00986,-0.10047,0.00010
14.6160,-0.01005,-0.10034,0.00009
14.6200,-0.01021,-0.10018,0.00010
14.6240,-0.01043,-0.10011,0.00009
14.6320,-0.01065,-0.10004,0.00008
14.6360,-0.01084,-0.09993,0.00008
14.6400,-0.01103,-0.09982,0.00007
14.6480,-0.01125,-0.09977,0.00006
14.6520,-0.01141,-0.09961,0.00007
14.6560,-0.01148,-0.09973,0.00004
14.6600,-0.01151,-0.09979,0.00003
14.6640,-0.01155,-0.09985,0.00002
14.6680,-0.01158,-0.09992,0.00001
14.6720,-0.01161,-0.09999,-0.00000
14.6800,-0.01167,-0.10014,-0.00003
14.6840,-0.01170,-0.10021,-0.00004
14.6880,-0.01173,-0.10029,-0.00004
14.6920,-0.01175,-0.10037,-0.00005
14.6960,-0.01178,-0.10045,-0.00006
14.7000,-0.01180,-0.10053,-0.00007
14.7040,-0.01223,-0.10225,-0.00019
14.7080,-0.01247,-0.10174,-0.00009
14.7120,-0.01271,-0.10122,0.00001
14.7160,-0.01295,-0.10071,0.00010
14.7200,-0.01319,-0.10021,0.00020
14.7240,-0.01343,-0.09970,0.00030
14.7280,-0.01367,-0.09920,0.00040
14.7320,-0.01391,-0.09870,0.00049
14.7320,-0.01416,-0.09820,0.00059
14.7400,-0.01440,-0.09771,0.00069
14.7440,-0.01465,-0.09721,0.00079
14.7520,-0.01496,-0.09673,0.00090
14.7560,-0.01520,-0.09624,0.00099
14.7600,-0.01544,-0.09576,0.00109
14.7640,-0.01561,-0.09526,0.00117
14.7680,-0.01586,-0.09478,0.00126
14.7720,-0.01593,-0.09479,0.00127
14.7760,-0.01607,-0.09482,0.00130
14.7840,-0.01691,-0.09539,0.00144
14.7920,-0.01675,-0.09567,0.00144
14.7960,-0.01658,-0.09587,0.00143
14.8000,-0.01642,-0.09607,0.00142
14.8040,-0.01625,-0.09626,0.00141
14.8080,-0.01609,-0.09646,0.00140
14.8120,-0.01593,-0.09667,0.00138
14.8160,-0.01576,-0.09687,0.00137
14.8240,-0.01561,-0.09720,0.00138
14.8280,-0.01546,-0.09741,0.00137
14.8280,-0.01529,-0.09751,0.00134
14.8360,-0.01515,-0.09783,0.00134
14.8400,-0.01499,-0.09805,0.00133
14.8440,-0.01484,-0.09826,0.00132
14.8480,-0.01469,-0.09848,0.00130
14.8520,-0.01454,-0.09869,0.00129
14.8560,-0.01455,-0.09882,0.00130
14.8600,-0.01457,-0.09894,0.00131
14.8640,-0.01458,-0.09906,0.00132
14.8680,-0.01460,-0.09919,0.00133
14.8720,-0.01460,-0.09919,0.00133
14.8760,-0.01462,-0.09945,0.00135
14.8840,-0.01465,-0.09972,0.00136
14.8880,-0.01466,-0.09986,0.00137
14.8920,-0.01467,-0.09999,0.00138
14.8960,-0.01469,-0.10014,0.00138
14.9000,-0.01470,-0.10028,0.00139
14.9040,-0.01472,-0.10043,0.00139
14.9080,-0.01473,-0.10057,0.00140
14.9120,-0.01475,-0.10072,0.00141
14.9160,-0.01476,-0.10087,0.00142
14.9200,-0.01498,-0.10300,0.00149
14.9240,-0.01502,-0.10243,0.00146
14.9280,-0.01506,-0.10186,0.00143
14.9320,-0.01510,-0.10130,0.00140
14.9360,-0.01514,-0.10074,0.00136
14.9400,-0.01518,-0.10017,0.00133
14.9440,-0.01519,-0.09959,0.00130
14.9480,-0.01523,-0.09903,0.00127
14.9520,-0.01531,-0.09850,0.00123
14.9600,-0.01539,-0.09798,0.00119
14.9640,-0.01544,-0.09743,0.00116
14.9720,-0.01548,-0.09689,0.00112
14.9720,-0.01553,-0.09635,0.00109
14.9760,-0.01557,-0.09582,0.00105
14.9760,-0.01562,-0.09528,0.00101
14.9840,-0.01567,-0.09475,0.00098
14.9880,-0.01570,-0.09480,0.00097
14.9920,-0.01574,-0.09485,0.00096
14.9960,-0.01578,-0.09490,0.00095
15.0000,-0.01581,-0.09496,0.00094
15.0040,-0.01585,-0.09502,0.00093
15.0080,-0.01588,-0.09508,0.00091
15.0120,-0.01592,-0.09514,0.00090
15.0160,-0.01595,-0.09521,0.00089
15.0200,-0.01599,-0.09527,0.00087
15.0240,-0.01602,-0.09534,0.00086
15.0280,-0.01606,-0.09541,0.00084
15.0320,-0.01609,-0.09549,0.00083
15.0360,-0.01613,-0.09556,0.00082
15.0400,-0.01617,-0.09564,0.00080
15.0440,-0.01620,-0.09572,0.00079
15.0480,-0.01624,-0.09580,0.00078
15.0520,-0.01678,-0.09719,0.00050
15.0600,-0.01654,-0.09654,0.00048
15.0640,-0.01632,-0.09601,0.00049
15.0680,-0.01611,-0.09548,0.00050
15.0720,-0.01588,-0.09495,0.00052
15.0760,-0.01566,-0.09443,0.00053
15.0800,-0.01545,-0.09391,0.00055
15.0840,-0.01524,-0.09343,0.00058
15.0880,-0.01501,-0.09288,0.00058
15.0920,-0.01480,-0.09236,0.00060
15.1000,-0.01458,-0.09185,0.00062
15.1040,-0.01437,-0.09134,0.00063
15.1080,-0.01414,-0.09080,0.00064
15.1120,-0.01393,-0.09030,0.00066
15.1160,-0.01372,-0.08981,0.00069
15.1200,-0.01350,-0.08929,0.00070
15.1240,-0.01349,-0.08926,0.00070
15.1280,-0.01348,-0.08924,0.00069
15.1320,-0.01348,-0.08924,0.00069
15.1360,-0.01343,-0.08927,0.00067
15.1400,-0.01346,-0.08948,0.00071
15.1440,-0.01348,-0.08985,0.00076
15.1480,-0.01350,-0.09014,0.00081
15.1520,-0.01352,-0.09044,0.00086
15.1600,-0.01354,-0.09083,0.00092
15.1640,-0.01357,-0.09105,0.00096
15.1680,-0.01359,-0.09145,0.00102
15.1720,-0.01361,-0.09176,0.00107
15.1760,-0.01363,-0.09207,0.00112
15.1800,-0.01365,-0.09238,0.00117
15.1840,-0.01368,-0.09260,0.00121
15.1880,-0.01370,-0.09302,0.00127
15.1920,-0.01372,-0.09334,0.00132
15.1920,-0.01375,-0.09356,0.00136
15.2000,-0.01377,-0.09388,0.00141
15.2040,-0.01377,-0.09410,0.00144
15.2080,-0.01377,-0.09422,0.00146
15.2120,-0.01377,-0.09433,0.00147
15.2200,-0.01377,-0.09458,0.00150
15.2280,-0.01377,-0.09471,0.00151
15.2320,-0.01377,-0.09497,0.00154
15.2360,-0.01377,-0.09511,0.00155
15.2360,-0.01377,-0.09511,0.00155
15.2440,-0.01377,-0.09538,0.00157
15.2480,-0.01377,-0.09553,0.00158
15.2520,-0.01376,-0.09567,0.00158
15.2560,-0.01376,-0.09582,0.00159
15.2600,-0.01369,-0.09871,0.00168
15.2640,-0.01368,-0.09844,0.00165
15.2680,-0.01364,-0.09842,0.00163
15.2720,-0.01362,-0.09827,0.00160
15.2760,-0.01360,-0.09813,0.00157
15.2800,-0.01357,-0.09799,0.00155
15.2840,-0.01355,-0.09785,0.00152
15.2920,-0.01352,-0.09785,0.00150
15.2920,-0.01350,-0.09758,0.00147
15.3000,-0.01348,-0.09745,0.00145
15.3040,-0.01344,-0.09747,0.00143
15.3080,-0.01342,-0.09734,0.00141
15.3120,-0.01340,-0.09722,0.00139
15.3160,-0.01338,-0.09710,0.00137
15.3240,-0.01336,-0.09698,0.00134
15.3280,-0.01333,-0.09702,0.00133
15.3320,-0.01332,-0.09718,0.00133
15.3360,-0.01322,-0.09890,0.00138
15.3400,-0.01333,-0.09881,0.00137
15.3440,-0.01347,-0.09886,0.00137
15.3520,-0.01360,-0.09890,0.00137
15.3520,-0.01369,-0.09869,0.00136
15.3640,-0.01382,-0.09875,0.00136
15.3680,-0.01396,-0.09882,0.00135
15.3760,-0.01409,-0.09890,0.00135
15.3840,-0.01422,-0.09900,0.00134
15.3920,-0.01435,-0.09910,0.00134
15.3960,-0.01446,-0.09906,0.00133
15.4040,-0.01457,-0.09901,0.00133
15.4080,-0.01471,-0.09913,0.00132
15.4120,-0.01483,-0.09909,0.00131
15.4160,-0.01494,-0.09905,0.00130
15.4240,-0.01508,-0.09919,0.00129
15.4280,-0.01508,-0.09919,0.00129
15.4320,-0.01514,-0.09955,0.00130
15.4360,-0.01517,-0.09973,0.00130
15.4400,-0.01555,-0.10199,0.00130
15.4440,-0.01550,-0.10173,0.00129
15.4480,-0.01548,-0.10172,0.00126
15.4520,-0.01544,-0.10159,0.00124
15.4560,-0.01540,-0.10146,0.00122
15.4600,-0.01536,-0.10133,0.00119
15.4680,-0.01532,-0.10135,0.00116
15.4720,-0.01528,-0.10123,0.00113
15.4760,-0.01523,-0.10112,0.00110
15.4840,-0.01519,-0.10116,0.00105
15.4880,-0.01514,-0.10105,0.00102
15.4920,-0.01510,-0.10079,0.00101
15.4960,-0.01505,-0.10084,0.00097
15.5000,-0.01501,-0.10058,0.00096
15.5040,-0.01496,-0.10064,0.00091
15.5080,-0.01492,-0.10055,0.00088
15.5120,-0.01493,-0.10073,0.00086
15.5160,-0.01493,-0.10091,0.00084
15.5200,-0.01494,-0.10109,0.00082
15.5240,-0.01495,-0.10127,0.00080
15.5320,-0.01496,-0.10165,0.00076
15.5360,-0.01496,-0.10184,0.00074
15.5400,-0.01497,-0.10204,0.00071
15.5440,-0.01497,-0.10224,0.00069
15.5480,-0.01497,-0.10245,0.00067
15.5520,-0.01501,-0.10543,0.00030
15.5560,-0.01488,-0.10475,0.00035
15.5600,-0.01478,-0.10404,0.00040
15.5600,-0.01465,-0.10336,0.00045
15.5680,-0.01449,-0.10271,0.00049
15.5720,-0.01436,-0.10204,0.00053
15.5760,-0.01423,-0.10136,0.00057
15.5840,-0.01408,-0.10073,0.00061
15.5840,-0.01398,-0.10002,0.00066
15.5920,-0.01383,-0.09939,0.00070
15.5960,-0.01371,-0.09873,0.00074
15.6040,-0.01356,-0.09811,0.00078
15.6080,-0.01344,-0.09745,0.00082
15.6120,-0.01332,-0.09679,0.00086
15.6200,-0.01318,-0.09620,0.00089
15.6240,-0.01306,-0.09555,0.00093
15.6280,-0.01305,-0.09561,0.00092
15.6320,-0.01303,-0.09567,0.00090
15.6320,-0.01301,-0.09573,0.00088
15.6360,-0.01299,-0.09580,0.00086
15.6440,-0.01297,-0.09586,0.00084
15.6480,-0.01296,-0.09593,0.00082
15.6520,-0.01294,-0.09601,0.00080
15.6560,-0.01277,-0.09744,0.00034
15.6640,-0.01295,-0.09744,0.00029
15.6680,-0.01310,-0.09735,0.00025
15.6720,-0.01325,-0.09727,0.00022
15.6760,-0.01341,-0.09719,0.00019
15.6800,-0.01353,-0.09701,0.00018
15.6840,-0.01372,-0.09703,0.00013
15.6920,-0.01390,-0.09706,0.00008
15.6960,-0.01405,-0.09698,0.00005
15.7000,-0.01420,-0.09691,0.00002
15.7040,-0.01433,-0.09673,0.00001
15.7080,-0.01452,-0.09677,-0.00005
15.7120,-0.01470,-0.09681,-0.00010
15.7200,-0.01483,-0.09664,-0.00011
15.7240,-0.01502,-0.09669,-0.00017
15.7280,-0.01518,-0.09663,-0.00020
15.7320,-0.01521,-0.09675,-0.00023
15.7360,-0.01524,-0.09687,-0.00026
15.7400,-0.01524,-0.09687,-0.00026
15.7440,-0.01530,-0.09712,-0.00030
15.7480,-0.01533,-0.09725,-0.00033
15.7520,-0.01533,-0.09725,-0.00033
15.7560,-0.01539,-0.09751,-0.00037
15.7600,-0.01541,-0.09764,-0.00039
15.7640,-0.01591,-0.09998,-0.00075
15.7680,-0.01572,-0.09941,-0.00063
15.7720,-0.01554,-0.09885,-0.00051
15.7760,-0.01535,-0.09828,-0.00039
15.7840,-0.01516,-0.09770,-0.00027
15.7880,-0.01499,-0.09716,-0.00015
15.7920,-0.01480,-0.09658,-0.00004
15.7920,-0.01463,-0.09603,0.00008
15.8000,-0.01445,-0.09548,0.00020
15.8040,-0.01428,-0.09494,0.00032
15.8080,-0.01410,-0.09439,0.00044
15.8120,-0.01392,-0.09384,0.00056
15.8160,-0.01375,-0.09330,0.00068
15.8200,-0.01357,-0.09276,0.00079
15.8240,-0.01340,-0.09222,0.00091
15.8280,-0.01322,-0.09169,0.00102
15.8320,-0.01322,-0.09169,0.00102
15.8360,-0.01321,-0.09170,0.00102
15.8400,-0.01320,-0.09173,0.00100
15.8440,-0.01319,-0.09175,0.00100
15.8480,-0.01318,-0.09177,0.00099
15.8560,-0.01316,-0.09181,0.00097
15.8640,-0.01315,-0.09187,0.00096
15.8680,-0.01314,-0.09190,0.00095
15.8720,-0.01314,-0.09190,0.00095
15.8760,-0.01302,-0.09219,0.00088
15.8800,-0.01292,-0.09177,0.00088
15.8840,-0.01283,-0.09135,0.00087
15.8880,-0.01273,-0.09094,0.00086
15.8960,-0.01261,-0.09046,0.00085
15.9000,-0.01252,-0.09005,0.00085
15.9040,-0.01242,-0.08964,0.00084
15.9080,-0.01232,-0.08924,0.00084
15.9160,-0.01220,-0.08878,0.00083
15.9240,-0.01208,-0.08832,0.00082
15.9320,-0.01195,-0.08788,0.00080
15.9480,-0.01177,-0.08737,0.00076
15.9560,-0.01167,-0.08699,0.00075
15.9600,-0.01154,-0.08659,0.00072
15.9680,-0.01144,-0.08622,0.00071
15.9720,-0.01135,-0.08585,0.00070
15.9760,-0.01129,-0.08581,0.00067
15.9800,-0.01127,-0.08580,0.00065
15.9880,-0.01122,-0.08578,0.00062
15.9920,-0.01120,-0.08577,0.00061
15.9960,-0.01118,-0.08577,0.00059
15.9960,-0.01115,-0.08577,0.00058
16.0040,-0.01113,-0.08577,0.00057
16.0080,-0.01110,-0.08577,0.00055
16.0120,-0.01084,-0.08607,0.00040
16.0200,-0.01094,-0.08637,0.00041
16.0240,-0.01104,-0.08653,0.00043
16.0280,-0.01114,-0.08683,0.00044
16.0280,-0.01123,-0.08700,0.00046
16.0360,-0.01133,-0.08730,0.00047
16.0400,-0.01143,-0.08754,0.00049
16.0400,-0.01153,-0.08778,0.00050
16.0480,-0.01163,-0.08802,0.00051
16.0520,-0.01172,-0.08818,0.00053
16.0560,-0.01182,-0.08850,0.00053
16.0600,-0.01192,-0.08875,0.00054
16.0640,-0.01201,-0.08900,0.00055
16.0680,-0.01211,-0.08925,0.00057
16.0720,-0.01220,-0.08951,0.00058
16.0760,-0.01230,-0.08976,0.00059
16.0840,-0.01230,-0.08996,0.00057
16.0880,-0.01230,-0.08996,0.00057
16.0920,-0.01231,-0.09016,0.00055
16.1000,-0.01232,-0.09036,0.00053
16.1040,-0.01233,-0.09047,0.00052
16.1080,-0.01233,-0.09057,0.00051
16.1120,-0.01234,-0.09068,0.00050
16.1120,-0.01234,-0.09068,0.00050
16.1200,-0.01236,-0.09091,0.00047
16.1240,-0.01236,-0.09103,0.00046
16.1280,-0.01237,-0.09115,0.00045
16.1320,-0.01237,-0.09115,0.00045
16.1360,-0.01239,-0.09140,0.00043
16.1360,-0.01239,-0.09140,0.00043
16.1400,-0.01239,-0.09153,0.00042
16.1480,-0.01240,-0.09180,0.00039
16.1520,-0.01241,-0.09194,0.00038
16.1560,-0.01241,-0.09208,0.00037
16.1600,-0.01249,-0.09472,0.00014
16.1640,-0.01247,-0.09452,0.00018
16.1680,-0.01245,-0.09432,0.00022
16.1720,-0.01244,-0.09413,0.00026
16.1760,-0.01242,-0.09394,0.00030
16.1800,-0.01240,-0.09375,0.00033
16.1880,-0.01237,-0.09366,0.00036
16.1920,-0.01236,-0.09347,0.00040
16.1920,-0.01234,-0.09317,0.00044
16.1960,-0.01233,-0.09299,0.00048
16.2040,-0.01231,-0.09280,0.00052
16.2080,-0.01229,-0.09274,0.00055
16.2120,-0.01227,-0.09257,0.00059
16.2200,-0.01225,-0.09252,0.00062
16.2240,-0.01223,-0.09235,0.00066
16.2320,-0.01221,-0.09218,0.00069
16.2360,-0.01221,-0.09232,0.00069
16.2360,-0.01220,-0.09245,0.00068
16.2440,-0.01219,-0.09272,0.00067
16.2480,-0.01219,-0.09272,0.00067
16.2520,-0.01218,-0.09300,0.00065
16.2600,-0.01198,-0.09531,0.00057
16.2640,-0.01170,-0.09435,0.00051
16.2640,-0.01155,-0.09355,0.00048
16.2720,-0.01134,-0.09267,0.00044
16.2760,-0.01106,-0.09172,0.00039
16.2800,-0.01085,-0.09085,0.00035
16.2880,-0.01059,-0.08992,0.00031
16.2920,-0.01038,-0.08905,0.00027
16.2920,-0.01023,-0.08825,0.00024
16.3000,-0.00997,-0.08732,0.00020
16.3040,-0.00977,-0.08646,0.00016
16.3080,-0.00956,-0.08560,0.00013
16.3120,-0.00935,-0.08474,0.00009
16.3160,-0.00915,-0.08389,0.00005
16.3200,-0.00894,-0.08303,0.00001
16.3240,-0.00873,-0.08218,-0.00003
16.3280,-0.00867,-0.08213,-0.00004
16.3280,-0.00867,-0.08213,-0.00004
16.3360,-0.00821,-0.08192,-0.00012
16.3400,-0.00862,-0.08266,-0.00003
16.3440,-0.00898,-0.08327,0.00006
16.3480,-0.00933,-0.08388,0.00014
16.3520,-0.00968,-0.08449,0.00022
16.3560,-0.01003,-0.08510,0.00030
16.3640,-0.01044,-0.08588,0.00040
16.3640,-0.01079,-0.08650,0.00048
16.3760,-0.01121,-0.08728,0.00057
16.3800,-0.01156,-0.08791,0.00065
16.3840,-0.01191,-0.08853,0.00073
16.3880,-0.01226,-0.08916,0.00081
16.3920,-0.01261,-0.08979,0.00089
16.3960,-0.01296,-0.09042,0.00097
16.3960,-0.01325,-0.09087,0.00104
16.4040,-0.01360,-0.09151,0.00112
16.4080,-0.01367,-0.09170,0.00113
16.4120,-0.01381,-0.09208,0.00116
16.4160,-0.01388,-0.09227,0.00118
16.4200,-0.01395,-0.09247,0.00120
16.4240,-0.01402,-0.09267,0.00121
16.4280,-0.01409,-0.09287,0.00123
16.4360,-0.01423,-0.09328,0.00126
16.4360,-0.01423,-0.09328,0.00126
16.4440,-0.01436,-0.09370,0.00129
16.4480,-0.01443,-0.09392,0.00131
16.4520,-0.01450,-0.09414,0.00132
16.4560,-0.01542,-0.09761,0.00153
16.4640,-0.01517,-0.09729,0.00146
16.4680,-0.01493,-0.09688,0.00140
16.4720,-0.01469,-0.09647,0.00133
16.4760,-0.01445,-0.09607,0.00127
16.4800,-0.01421,-0.09566,0.00121
16.4840,-0.01397,-0.09526,0.00114
16.4880,-0.01373,-0.09487,0.00108
16.4920,-0.01348,-0.09448,0.00102
16.4960,-0.01324,-0.09409,0.00095
16.5040,-0.01301,-0.09384,0.00087
16.5040,-0.01277,-0.09332,0.00082
16.5120,-0.01253,-0.09308,0.00073
16.5160,-0.01229,-0.09270,0.00066
16.5240,-0.01206,-0.09248,0.00058
16.5280,-0.01182,-0.09211,0.00051
16.5320,-0.01183,-0.09226,0.00049
16.5360,-0.01184,-0.09242,0.00047
16.5440,-0.01185,-0.09274,0.00043
16.5480,-0.01185,-0.09290,0.00041
16.5520,-0.01186,-0.09307,0.00039
16.5560,-0.01187,-0.09323,0.00036
16.5600,-0.01188,-0.09340,0.00034
16.5640,-0.01189,-0.09358,0.00032
16.5680,-0.01190,-0.09375,0.00030
16.5680,-0.01190,-0.09375,0.00030
16.5760,-0.01191,-0.09411,0.00027
16.5800,-0.01192,-0.09429,0.00025
16.5840,-0.01192,-0.09447,0.00024
16.5840,-0.01192,-0.09447,0.00024
16.5920,-0.01192,-0.09484,0.00020
16.5960,-0.01192,-0.09503,0.00018
16.6000,-0.01192,-0.09522,0.00016
16.6080,-0.01192,-0.09917,-0.00022
16.6120,-0.01194,-0.09912,-0.00016
16.6160,-0.01195,-0.09891,-0.00009
16.6200,-0.01196,-0.09870,-0.00003
16.6280,-0.01197,-0.09849,0.00003
16.6320,-0.01198,-0.09845,0.00009
16.6320,-0.01199,-0.09807,0.00015
16.6360,-0.01200,-0.09803,0.00021
16.6440,-0.01201,-0.09783,0.00027
16.6480,-0.01202,-0.09762,0.00034
16.6520,-0.01202,-0.09742,0.00040
16.6600,-0.01203,-0.09722,0.00046
16.6600,-0.01204,-0.09702,0.00052
16.6640,-0.01204,-0.09701,0.00057
16.6720,-0.01205,-0.09681,0.00062
16.6760,-0.01206,-0.09662,0.00068
16.6800,-0.01206,-0.09681,0.00066
16.6840,-0.01207,-0.09700,0.00065
16.6880,-0.01207,-0.09720,0.00064
16.6960,-0.01214,-0.10022,0.00036
16.7000,-0.01219,-0.09983,0.00037
16.7040,-0.01224,-0.09945,0.00038
16.7080,-0.01229,-0.09906,0.00039
16.7120,-0.01234,-0.09868,0.00040
16.7160,-0.01239,-0.09830,0.00041
16.7240,-0.01246,-0.09802,0.00041
16.7280,-0.01250,-0.09765,0.00042
16.7320,-0.01255,-0.09728,0.00044
16.7360,-0.01260,-0.09691,0.00045
16.7400,-0.01265,-0.09655,0.00047
16.7440,-0.01270,-0.09618,0.00048
16.7480,-0.01274,-0.09582,0.00050
16.7520,-0.01279,-0.09546,0.00052
16.7560,-0.01284,-0.09510,0.00054
16.7600,-0.01288,-0.09475,0.00056
16.7640,-0.01289,-0.09487,0.00055
16.7680,-0.01290,-0.09500,0.00054
16.7720,-0.01291,-0.09514,0.00053
16.7760,-0.01292,-0.09527,0.00052
16.7840,-0.01298,-0.09691,0.00044
16.7880,-0.01287,-0.09650,0.00046
16.7920,-0.01277,-0.09609,0.00048
16.7960,-0.01268,-0.09567,0.00050
16.8000,-0.01258,-0.09526,0.00052
16.8040,-0.01247,-0.09488,0.00054
16.8080,-0.01237,-0.09448,0.00056
16.8120,-0.01227,-0.09408,0.00058
16.8160,-0.01218,-0.09366,0.00060
16.8200,-0.01207,-0.09328,0.00062
16.8240,-0.01197,-0.09289,0.00064
16.8280,-0.01188,-0.09250,0.00067
16.8320,-0.01179,-0.09208,0.00069
16.8320,-0.01170,-0.09169,0.00071
16.8400,-0.01159,-0.09134,0.00073
16.8440,-0.01149,-0.09096,0.00075
16.8480,-0.01148,-0.09100,0.00074
16.8520,-0.01147,-0.09104,0.00073
16.8520,-0.01147,-0.09104,0.00073
16.8600,-0.01144,-0.09113,0.00072
16.8680,-0.01142,-0.09124,0.00071
16.8720,-0.01141,-0.09130,0.00070
16.8720,-0.01140,-0.09136,0.00069
16.8800,-0.01138,-0.09142,0.00069
16.8840,-0.01137,-0.09148,0.00068
16.8880,-0.01136,-0.09155,0.00067
16.8920,-0.01110,-0.09281,0.00046
16.8960,-0.01104,-0.09244,0.00049
16.8960,-0.01097,-0.09207,0.00052
16.9040,-0.01093,-0.09173,0.00055
16.9080,-0.01082,-0.09135,0.00058
16.9120,-0.01075,-0.09100,0.00061
16.9160,-0.01068,-0.09064,0.00064
16.9200,-0.01061,-0.09029,0.00067
16.9240,-0.01054,-0.08994,0.00070
16.9280,-0.01047,-0.08959,0.00073
16.9320,-0.01040,-0.08924,0.00076
16.9360,-0.01037,-0.08890,0.00079
16.9360,-0.01029,-0.08855,0.00082
16.9440,-0.01022,-0.08820,0.00086
16.9480,-0.01011,-0.08787,0.00089
16.9520,-0.01003,-0.08753,0.00092
16.9600,-0.00995,-0.08755,0.00092
16.9680,-0.00987,-0.08757,0.00093
16.9720,-0.00987,-0.08757,0.00093
16.9760,-0.00983,-0.08759,0.00093
16.9760,-0.00979,-0.08761,0.00093
16.9840,-0.00972,-0.08766,0.00094
16.9880,-0.00968,-0.08769,0.00094
16.9920,-0.00965,-0.08772,0.00094
16.9960,-0.00906,-0.08864,0.00096
17.0040,-0.00925,-0.08908,0.00092
17.0080,-0.00942,-0.08939,0.00088
17.0120,-0.00959,-0.08971,0.00084
17.0160,-0.00976,-0.09003,0.00080
17.0200,-0.00993,-0.09035,0.00077
17.0240,-0.01010,-0.09068,0.00073
17.0280,-0.01027,-0.09101,0.00069
17.0320,-0.01044,-0.09135,0.00066
17.0400,-0.01061,-0.09184,0.00062
17.0440,-0.01078,-0.09219,0.00058
17.0480,-0.01095,-0.09254,0.00055
17.0520,-0.01112,-0.09289,0.00051
17.0560,-0.01129,-0.09325,0.00048
17.0640,-0.01146,-0.09378,0.00043
17.0640,-0.01163,-0.09397,0.00040
17.0720,-0.01164,-0.09433,0.00039
17.0760,-0.01164,-0.09451,0.00038
17.0800,-0.01167,-0.09673,0.00027
17.0880,-0.01155,-0.09601,0.00029
17.0920,-0.01147,-0.09535,0.00032
17.0920,-0.01138,-0.09467,0.00034
17.0960,-0.01128,-0.09399,0.00036
17.1040,-0.01116,-0.09329,0.00037
17.1080,-0.01107,-0.09261,0.00039
17.1120,-0.01098,-0.09193,0.00041
17.1160,-0.01088,-0.09126,0.00043
17.1240,-0.01079,-0.09058,0.00045
17.1280,-0.01070,-0.08991,0.00047
17.1280,-0.01059,-0.08924,0.00048
17.1400,-0.01047,-0.08857,0.00048
17.1440,-0.01037,-0.08791,0.00049
17.1480,-0.01027,-0.08726,0.00051
17.1520,-0.01018,-0.08661,0.00052
17.1560,-0.01015,-0.08662,0.00051
17.1600,-0.01013,-0.08663,0.00050
17.1640,-0.01011,-0.08665,0.00049
17.1680,-0.01008,-0.08667,0.00048
17.1720,-0.01008,-0.08667,0.00048
17.1760,-0.01002,-0.08671,0.00045
17.1800,-0.00999,-0.08673,0.00044
17.1840,-0.00995,-0.08675,0.00043
17.1880,-0.00939,-0.08719,0.00026
17.1920,-0.00936,-0.08699,0.00027
17.1960,-0.00933,-0.08679,0.00029
17.2000,-0.00929,-0.08659,0.00030
17.2040,-0.00930,-0.08642,0.00032
17.2080,-0.00923,-0.08620,0.00032
17.2120,-0.00920,-0.08601,0.00034
17.2160,-0.00917,-0.08582,0.00035
17.2200,-0.00914,-0.08563,0.00035
17.2240,-0.00911,-0.08544,0.00036
17.2320,-0.00904,-0.08525,0.00036
17.2360,-0.00901,-0.08507,0.00036
17.2400,-0.00899,-0.08489,0.00037
17.2440,-0.00900,-0.08472,0.00039
17.2520,-0.00893,-0.08454,0.00038
17.2560,-0.00885,-0.08437,0.00038
17.2600,-0.00881,-0.08437,0.00036
17.2640,-0.00877,-0.08437,0.00035
17.2680,-0.00873,-0.08437,0.00034
17.2720,-0.00869,-0.08437,0.00032
17.2760,-0.00825,-0.08451,0.00012
17.2800,-0.00837,-0.08443,0.00010
17.2880,-0.00848,-0.08435,0.00005
17.2920,-0.00860,-0.08428,0.00003
17.2960,-0.00872,-0.08421,0.00001
17.3040,-0.00885,-0.08413,-0.00004
17.3080,-0.00897,-0.08407,-0.00006
17.3120,-0.00909,-0.08401,-0.00009
17.3160,-0.00921,-0.08395,-0.00011
17.3240,-0.00933,-0.08390,-0.00016
17.3280,-0.00944,-0.08383,-0.00016
17.3320,-0.00957,-0.08379,-0.00021
17.3320,-0.00968,-0.08373,-0.00020
17.3400,-0.00981,-0.08369,-0.00025
17.3440,-0.00994,-0.08364,-0.00027
17.3480,-0.01006,-0.08359,-0.00029
17.3520,-0.01007,-0.08361,-0.00031
17.3600,-0.01009,-0.08364,-0.00036
17.3640,-0.01011,-0.08367,-0.00039
17.3680,-0.01012,-0.08369,-0.00042
17.3720,-0.01013,-0.08372,-0.00044
17.3800,-0.01031,-0.08439,-0.00067
17.3840,-0.01031,-0.08477,-0.00056
17.3880,-0.01031,-0.08515,-0.00045
17.3960,-0.01031,-0.08568,-0.00033
17.4000,-0.01031,-0.08607,-0.00022
17.4040,-0.01030,-0.08646,-0.00011
17.4080,-0.01030,-0.08685,-0.00001
17.4120,-0.01030,-0.08724,0.00010
17.4160,-0.01029,-0.08764,0.00021
17.4240,-0.01029,-0.08804,0.00031
17.4280,-0.01028,-0.08844,0.00042
17.4320,-0.01029,-0.08901,0.00054
17.4360,-0.01027,-0.08924,0.00063
17.4400,-0.01027,-0.08982,0.00075
17.4440,-0.01027,-0.09024,0.00086
17.4480,-0.01026,-0.09065,0.00097
17.4520,-0.01027,-0.09083,0.00098
17.4560,-0.01028,-0.09101,0.00099
17.4640,-0.01030,-0.09138,0.00101
17.4680,-0.01030,-0.09157,0.00102
17.4680,-0.01031,-0.09176,0.00103
17.4760,-0.01042,-0.09387,0.00112
17.4840,-0.01038,-0.09352,0.00107
17.4920,-0.01033,-0.09319,0.00101
17.4960,-0.01029,-0.09280,0.00095
17.5040,-0.01025,-0.09249,0.00090
17.5080,-0.01021,-0.09201,0.00085
17.5120,-0.01017,-0.09171,0.00079
17.5160,-0.01013,-0.09133,0.00075
17.5200,-0.01009,-0.09095,0.00070
17.5280,-0.01005,-0.09067,0.00064
17.5320,-0.01001,-0.09030,0.00059
17.5360,-0.00998,-0.08993,0.00054
17.5400,-0.00995,-0.08956,0.00049
17.5480,-0.00992,-0.08931,0.00043
17.5560,-0.00989,-0.08895,0.00038
17.5600,-0.00988,-0.08871,0.00031
17.5640,-0.00989,-0.08883,0.00030
17.5680,-0.00990,-0.08895,0.00029
17.5720,-0.00992,-0.08907,0.00028
17.5760,-0.00993,-0.08920,0.00027
17.5800,-0.00995,-0.08932,0.00026
17.5840,-0.00996,-0.08945,0.00025
17.5880,-0.01031,-0.09148,0.00014
17.5920,-0.01028,-0.09100,0.00016
17.5960,-0.01025,-0.09052,0.00019
17.6000,-0.01021,-0.09005,0.00021
17.6040,-0.01018,-0.08958,0.00025
17.6080,-0.01015,-0.08911,0.00028
17.6120,-0.01012,-0.08865,0.00031
17.6160,-0.01009,-0.08819,0.00034
17.6240,-0.01007,-0.08776,0.00039
17.6320,-0.01004,-0.08734,0.00042
17.6320,-0.01000,-0.08686,0.00045
17.6400,-0.00998,-0.08645,0.00048
17.6440,-0.00994,-0.08600,0.00050
17.6480,-0.00990,-0.08556,0.00053
17.6520,-0.00987,-0.08513,0.00056
17.6560,-0.00983,-0.08469,0.00059
17.6600,-0.00983,-0.08469,0.00059
17.6640,-0.00984,-0.08478,0.00060
17.6680,-0.00984,-0.08482,0.00060
17.6720,-0.00985,-0.08487,0.00061
17.6760,-0.00985,-0.08492,0.00061
17.6800,-0.00986,-0.08498,0.00061
17.6840,-0.00987,-0.08503,0.00062
17.6880,-0.00988,-0.08509,0.00062
17.6920,-0.00989,-0.08521,0.00063
17.7000,-0.00990,-0.08527,0.00064
17.7040,-0.00991,-0.08533,0.00065
17.7040,-0.00991,-0.08533,0.00065
17.7120,-0.00993,-0.08546,0.00066
17.7160,-0.00994,-0.08553,0.00067
17.7200,-0.00995,-0.08560,0.00068
17.7240,-0.01012,-0.08697,0.00082
17.7280,-0.01018,-0.08738,0.00082
17.7320,-0.01023,-0.08779,0.00081
17.7360,-0.01026,-0.08803,0.00080
17.7400,-0.01033,-0.08862,0.00080
17.7440,-0.01039,-0.08903,0.00080
17.7480,-0.01044,-0.08945,0.00079
17.7520,-0.01050,-0.08987,0.00079
17.7600,-0.01058,-0.09047,0.00079
17.7640,-0.01061,-0.09071,0.00078
17.7720,-0.01068,-0.09132,0.00079
17.7760,-0.01076,-0.09194,0.00080
17.7840,-0.01084,-0.09257,0.00081
17.7880,-0.01089,-0.09301,0.00082
17.7920,-0.01094,-0.09344,0.00082
17.7960,-0.01100,-0.09388,0.00083
17.8000,-0.01102,-0.09409,0.00084
17.8040,-0.01104,-0.09430,0.00086
17.8040,-0.01106,-0.09451,0.00087
17.8120,-0.01106,-0.09451,0.00087
17.8160,-0.01111,-0.09494,0.00090
17.8200,-0.01112,-0.09516,0.00091
17.8240,-0.01114,-0.09538,0.00092
17.8320,-0.01116,-0.09561,0.00093
17.8360,-0.01119,-0.09607,0.00095
17.8400,-0.01121,-0.09630,0.00097
17.8440,-0.01122,-0.09654,0.00098
17.8480,-0.01123,-0.09678,0.00100
17.8560,-0.01125,-0.09702,0.00101
17.8600,-0.01127,-0.09751,0.00104
17.8640,-0.01128,-0.09775,0.00105
17.8680,-0.01137,-0.10273,0.00115
17.8720,-0.01128,-0.10201,0.00113
17.8760,-0.01120,-0.10117,0.00110
17.8840,-0.01108,-0.10068,0.00109
17.8880,-0.01099,-0.09997,0.00107
17.8920,-0.01090,-0.09926,0.00106
17.9000,-0.01080,-0.09868,0.00105
17.9040,-0.01071,-0.09784,0.00102
17.9080,-0.01062,-0.09714,0.00101
17.9080,-0.01053,-0.09644,0.00100
17.9160,-0.01044,-0.09575,0.00098
17.9200,-0.01033,-0.09520,0.00099
17.9240,-0.01025,-0.09437,0.00097
17.9280,-0.01016,-0.09369,0.00096
17.9320,-0.01006,-0.09316,0.00096
17.9360,-0.00989,-0.09410,0.00116
17.9360,-0.00993,-0.09377,0.00112
17.9440,-0.00998,-0.09357,0.00109
17.9480,-0.01002,-0.09330,0.00106
17.9560,-0.01007,-0.09311,0.00104
17.9600,-0.01012,-0.09286,0.00101
17.9640,-0.01016,-0.09253,0.00097
17.9680,-0.01022,-0.09235,0.00095
17.9680,-0.01026,-0.09203,0.00091
17.9760,-0.01032,-0.09187,0.00089
17.9800,-0.01037,-0.09163,0.00086
17.9840,-0.01042,-0.09138,0.00083
17.9880,-0.01047,-0.09114,0.00080
17.9960,-0.01053,-0.09100,0.00078
17.9960,-0.01057,-0.09067,0.00074
18.0040,-0.01064,-0.09055,0.00072
18.0080,-0.01065,-0.09065,0.00073
18.0120,-0.01066,-0.09076,0.00074
18.0160,-0.01067,-0.09086,0.00075
18.0200,-0.01068,-0.09097,0.00076
18.0240,-0.01069,-0.09108,0.00077
18.0280,-0.01071,-0.09119,0.00078
18.0320,-0.01072,-0.09130,0.00079
18.0400,-0.01075,-0.09154,0.00080
18.0480,-0.01078,-0.09177,0.00081
18.0520,-0.01079,-0.09190,0.00082
18.0560,-0.01080,-0.09202,0.00082
18.0600,-0.01081,-0.09215,0.00083
18.0640,-0.01102,-0.09440,0.00088
18.0640,-0.01097,-0.09400,0.00088
18.0680,-0.01094,-0.09366,0.00088
18.0760,-0.01090,-0.09330,0.00088
18.0800,-0.01086,-0.09294,0.00087
18.0840,-0.01082,-0.09258,0.00087
18.0880,-0.01078,-0.09222,0.00087
18.0920,-0.01073,-0.09182,0.00087
18.0960,-0.01070,-0.09150,0.00086
18.0960,-0.01065,-0.09110,0.00086
18.1040,-0.01062,-0.09080,0.00085
18.1120,-0.01060,-0.09051,0.00084
18.1160,-0.01057,-0.09016,0.00084
18.1240,-0.01056,-0.08988,0.00084
18.1320,-0.01054,-0.08961,0.00083
18.1360,-0.01051,-0.08927,0.00082
18.1400,-0.01051,-0.08927,0.00082
18.1440,-0.01075,-0.08996,0.00074
18.1480,-0.01060,-0.08955,0.00070
18.1520,-0.01046,-0.08914,0.00066
18.1560,-0.01033,-0.08877,0.00064
18.1600,-0.01017,-0.08833,0.00057
18.1680,-0.01002,-0.08789,0.00051
18.1720,-0.00988,-0.08749,0.00047
18.1760,-0.00974,-0.08709,0.00042
18.1800,-0.00960,-0.08669,0.00038
18.1840,-0.00947,-0.08630,0.00033
18.1880,-0.00933,-0.08590,0.00028
18.1920,-0.00920,-0.08554,0.00026
18.1960,-0.00905,-0.08512,0.00019
18.2040,-0.00890,-0.08472,0.00013
18.2080,-0.00877,-0.08435,0.00011
18.2120,-0.00862,-0.08396,0.00004
18.2160,-0.00861,-0.08395,0.00002
18.2240,-0.00858,-0.08394,-0.00001
18.2280,-0.00857,-0.08393,-0.00003
18.2320,-0.00855,-0.08394,-0.00004
18.2360,-0.00853,-0.08394,-0.00006
18.2400,-0.00851,-0.08395,-0.00008
18.2440,-0.00850,-0.08396,-0.00010
18.2480,-0.00824,-0.08449,-0.00039
18.2520,-0.00827,-0.08497,-0.00038
18.2560,-0.00830,-0.08546,-0.00038
18.2600,-0.00833,-0.08595,-0.00038
18.2640,-0.00837,-0.08626,-0.00036
18.2640,-0.00840,-0.08676,-0.00036
18.2720,-0.00842,-0.08744,-0.00037
18.2760,-0.00846,-0.08794,-0.00036
18.2840,-0.00849,-0.08845,-0.00036
18.2880,-0.00851,-0.08915,-0.00037
18.2920,-0.00855,-0.08965,-0.00037
18.2960,-0.00858,-0.09016,-0.00037
18.3040,-0.00862,-0.09067,-0.00037
18.3080,-0.00865,-0.09138,-0.00038
18.3120,-0.00869,-0.09190,-0.00038
18.3200,-0.00872,-0.09262,-0.00039
18.3240,-0.00871,-0.09283,-0.00040
18.3280,-0.00870,-0.09303,-0.00041
18.3320,-0.00870,-0.09324,-0.00043
18.3320,-0.00870,-0.09346,-0.00044
18.3400,-0.00869,-0.09367,-0.00046
18.3440,-0.00869,-0.09389,-0.00047
18.3480,-0.00869,-0.09411,-0.00049
18.3520,-0.00869,-0.09434,-0.00050
18.3560,-0.00865,-0.09754,-0.00067
18.3600,-0.00862,-0.09626,-0.00060
18.3640,-0.00859,-0.09499,-0.00054
18.3680,-0.00856,-0.09371,-0.00048
18.3720,-0.00853,-0.09244,-0.00042
18.3760,-0.00851,-0.09128,-0.00036
18.3840,-0.00846,-0.08979,-0.00029
18.3920,-0.00842,-0.08841,-0.00022
18.3960,-0.00839,-0.08714,-0.00016
18.4040,-0.00835,-0.08577,-0.00009
18.4120,-0.00831,-0.08441,-0.00002
18.4160,-0.00827,-0.08315,0.00004
18.4200,-0.00824,-0.08190,0.00010
18.4240,-0.00821,-0.08065,0.00016
18.4280,-0.00817,-0.07940,0.00022
18.4320,-0.00814,-0.07816,0.00028
18.4320,-0.00814,-0.07816,0.00028
18.4400,-0.00811,-0.07799,0.00028
18.4440,-0.00810,-0.07790,0.00028
18.4440,-0.00808,-0.07782,0.00028
18.4520,-0.00807,-0.07774,0.00027
18.4560,-0.00806,-0.07767,0.00028
18.4600,-0.00804,-0.07759,0.00028
18.4640,-0.00803,-0.07752,0.00028
18.4720,-0.00801,-0.07738,0.00028
18.4760,-0.00800,-0.07731,0.00028
18.4840,-0.00786,-0.07689,0.00026
18.4880,-0.00779,-0.07752,0.00021
18.4920,-0.00772,-0.07815,0.00016
18.4920,-0.00768,-0.07868,0.00012
18.5040,-0.00757,-0.07952,0.00006
18.5080,-0.00750,-0.08016,0.00001
18.5160,-0.00740,-0.08091,-0.00004
18.5200,-0.00736,-0.08143,-0.00007
18.5240,-0.00726,-0.08219,-0.00012
18.5320,-0.00717,-0.08296,-0.00017
18.5360,-0.00711,-0.08361,-0.00021
18.5400,-0.00704,-0.08426,-0.00025
18.5440,-0.00700,-0.08478,-0.00029
18.5440,-0.00693,-0.08544,-0.00033
18.5520,-0.00684,-0.08623,-0.00038
18.5560,-0.00678,-0.08689,-0.00042
18.5600,-0.00675,-0.08702,-0.00042
18.5640,-0.00673,-0.08716,-0.00042
18.5680,-0.00671,-0.08730,-0.00042
18.5720,-0.00669,-0.08744,-0.00042
18.5720,-0.00667,-0.08758,-0.00043
18.5840,-0.00660,-0.08940,-0.00039
18.5920,-0.00690,-0.08917,-0.00034
18.5960,-0.00715,-0.08888,-0.00029
18.5960,-0.00734,-0.08853,-0.00026
18.6040,-0.00765,-0.08831,-0.00021
18.6080,-0.00790,-0.08804,-0.00016
18.6120,-0.00815,-0.08776,-0.00011
18.6200,-0.00840,-0.08749,-0.00007
18.6240,-0.00871,-0.08730,-0.00000
18.6280,-0.00896,-0.08703,0.00005
18.6320,-0.00921,-0.08677,0.00010
18.6360,-0.00940,-0.08642,0.00013
18.6400,-0.00965,-0.08616,0.00018
18.6400,-0.00990,-0.08590,0.00023
18.6480,-0.01015,-0.08565,0.00028
18.6480,-0.01040,-0.08539,0.00032
18.6560,-0.01046,-0.08549,0.00033
18.6600,-0.01058,-0.08569,0.00035
18.6640,-0.01064,-0.08579,0.00037
18.6640,-0.01070,-0.08590,0.00038
18.6720,-0.01070,-0.08590,0.00038
18.6760,-0.01082,-0.08612,0.00040
18.6840,-0.01094,-0.08635,0.00043
18.6880,-0.01099,-0.08648,0.00044
18.6920,-0.01105,-0.08660,0.00046
18.6960,-0.01111,-0.08673,0.00047
18.7000,-0.01117,-0.08686,0.00049
18.7040,-0.01122,-0.08699,0.00050
18.7080,-0.01231,-0.08997,0.00078
18.7120,-0.01199,-0.08942,0.00076
18.7120,-0.01168,-0.08886,0.00072
18.7240,-0.01131,-0.08831,0.00071
18.7320,-0.01096,-0.08777,0.00069
18.7360,-0.01063,-0.08722,0.00067
18.7400,-0.01030,-0.08668,0.00065
18.7440,-0.00997,-0.08614,0.00062
18.7480,-0.00964,-0.08560,0.00060
18.7520,-0.00931,-0.08506,0.00058
18.7600,-0.00895,-0.08455,0.00058
18.7640,-0.00862,-0.08402,0.00055
18.7680,-0.00828,-0.08348,0.00053
18.7680,-0.00797,-0.08293,0.00050
18.7760,-0.00737,-0.08283,0.00064
18.7840,-0.00732,-0.08295,0.00064
18.7880,-0.00729,-0.08301,0.00063
18.7920,-0.00727,-0.08307,0.00063
18.8000,-0.00724,-0.08313,0.00062
18.8040,-0.00719,-0.08327,0.00062
18.8080,-0.00717,-0.08333,0.00060
18.8120,-0.00714,-0.08340,0.00059
18.8160,-0.00712,-0.08347,0.00058
18.8240,-0.00709,-0.08355,0.00056
18.8280,-0.00704,-0.08371,0.00056
18.8280,-0.00702,-0.08379,0.00055
18.8360,-0.00700,-0.08387,0.00054
18.8400,-0.00698,-0.08396,0.00053
18.8440,-0.00697,-0.08405,0.00051
18.8480,-0.00695,-0.08414,0.00050
18.8520,-0.00694,-0.08424,0.00052
18.8560,-0.00692,-0.08434,0.00053
18.8600,-0.00690,-0.08445,0.00055
18.8640,-0.00690,-0.08445,0.00055
18.8640,-0.00688,-0.08455,0.00057
18.8720,-0.00686,-0.08466,0.00059
18.8760,-0.00683,-0.08477,0.00060
18.8840,-0.00665,-0.08633,0.00080
18.8880,-0.00677,-0.08617,0.00075
18.8960,-0.00691,-0.08609,0.00070
18.8960,-0.00701,-0.08586,0.00064
18.9040,-0.00713,-0.08572,0.00059
18.9080,-0.00727,-0.08566,0.00053
18.9160,-0.00742,-0.08561,0.00048
18.9200,-0.00754,-0.08548,0.00042
18.9240,-0.00767,-0.08535,0.00037
18.9280,-0.00779,-0.08522,0.00032
18.9320,-0.00791,-0.08509,0.00026
18.9360,-0.00804,-0.08496,0.00021
18.9400,-0.00816,-0.08484,0.00016
18.9440,-0.00828,-0.08472,0.00011
18.9520,-0.00843,-0.08471,0.00005
18.9560,-0.00855,-0.08460,-0.00000
18.9600,-0.00857,-0.08471,-0.00000
18.9640,-0.00859,-0.08483,-0.00001
18.9680,-0.00861,-0.08495,-0.00001
18.9720,-0.00862,-0.08508,-0.00002
18.9800,-0.00882,-0.08664,-0.00007
18.9840,-0.00871,-0.08630,-0.00008
18.9880,-0.00861,-0.08595,-0.00008
18.9880,-0.00852,-0.08558,-0.00008
19.0000,-0.00839,-0.08531,-0.00009
19.0040,-0.00829,-0.08498,-0.00010
19.0080,-0.00818,-0.08465,-0.00011
19.0120,-0.00808,-0.08432,-0.00011
19.0160,-0.00797,-0.08399,-0.00012
19.0200,-0.00787,-0.08367,-0.00012
19.0240,-0.00777,-0.08334,-0.00013
19.0280,-0.00768,-0.08297,-0.00013
19.0280,-0.00758,-0.08265,-0.00014
19.0360,-0.00748,-0.08238,-0.00015
19.0400,-0.00738,-0.08206,-0.00016
19.0440,-0.00728,-0.08174,-0.00017
19.0480,-0.00727,-0.08180,-0.00018
19.0520,-0.00726,-0.08186,-0.00019
19.0560,-0.00725,-0.08192,-0.00020
19.0640,-0.00723,-0.08205,-0.00022
19.0640,-0.00722,-0.08212,-0.00023
19.0680,-0.00710,-0.08302,-0.00036
19.0760,-0.00722,-0.08315,-0.00035
19.0800,-0.00733,-0.08328,-0.00033
19.0840,-0.00745,-0.08342,-0.00032
19.0880,-0.00756,-0.08355,-0.00031
19.0920,-0.00767,-0.08369,-0.00030
19.0920,-0.00779,-0.08384,-0.00029
19.1000,-0.00791,-0.08398,-0.00028
19.1040,-0.00802,-0.08413,-0.00027
19.1120,-0.00816,-0.08441,-0.00026
19.1160,-0.00828,-0.08456,-0.00025
19.1240,-0.00842,-0.08485,-0.00024
19.1320,-0.00856,-0.08514,-0.00023
19.1360,-0.00867,-0.08531,-0.00021
19.1400,-0.00878,-0.08547,-0.00020
19.1440,-0.00889,-0.08564,-0.00019
19.1480,-0.00892,-0.08579,-0.00019
19.1520,-0.00894,-0.08594,-0.00020
19.1560,-0.00897,-0.08609,-0.00020
19.1600,-0.00899,-0.08625,-0.00021
19.1640,-0.00902,-0.08641,-0.00021
19.1680,-0.00904,-0.08657,-0.00021
19.1720,-0.00907,-0.08673,-0.00022
19.1760,-0.00909,-0.08690,-0.00022
19.1800,-0.00938,-0.08875,-0.00023
19.1840,-0.00915,-0.08770,-0.00022
19.1880,-0.00892,-0.08665,-0.00022
19.1960,-0.00864,-0.08546,-0.00021
19.2000,-0.00841,-0.08441,-0.00021
19.2040,-0.00817,-0.08337,-0.00020
19.2080,-0.00794,-0.08233,-0.00020
19.2120,-0.00770,-0.08130,-0.00019
19.2160,-0.00746,-0.08027,-0.00019
19.2200,-0.00722,-0.07923,-0.00018
19.2240,-0.00703,-0.07832,-0.00018
19.2280,-0.00674,-0.07718,-0.00017
19.2320,-0.00650,-0.07615,-0.00017
19.2360,-0.00627,-0.07513,-0.00016
19.2400,-0.00603,-0.07411,-0.00015
19.2440,-0.00580,-0.07310,-0.00014
19.2480,-0.00576,-0.07299,-0.00013
19.2520,-0.00576,-0.07299,-0.00013
19.2560,-0.00567,-0.07279,-0.00012
19.2640,-0.00558,-0.07260,-0.00010
19.2680,-0.00553,-0.07251,-0.00009
19.2680,-0.00553,-0.07251,-0.00009
19.2760,-0.00506,-0.07185,0.00002
19.2800,-0.00507,-0.07229,-0.00003
19.2840,-0.00511,-0.07267,-0.00008
19.2880,-0.00508,-0.07318,-0.00015
19.2920,-0.00513,-0.07356,-0.00020
19.2960,-0.00510,-0.07408,-0.00027
19.3040,-0.00507,-0.07461,-0.00034
19.3080,-0.00508,-0.07507,-0.00039
19.3120,-0.00509,-0.07554,-0.00045
19.3160,-0.00510,-0.07600,-0.00051
19.3200,-0.00510,-0.07647,-0.00057
19.3240,-0.00511,-0.07695,-0.00063
19.3280,-0.00511,-0.07742,-0.00069
19.3280,-0.00512,-0.07790,-0.00074
19.3360,-0.00512,-0.07838,-0.00080
19.3400,-0.00513,-0.07887,-0.00086
19.3440,-0.00513,-0.07887,-0.00086
19.3480,-0.00506,-0.07909,-0.00088
19.3520,-0.00506,-0.07909,-0.00088
19.3560,-0.00498,-0.07932,-0.00089
19.3600,-0.00494,-0.07944,-0.00090
19.3640,-0.00490,-0.07957,-0.00091
19.3680,-0.00486,-0.07969,-0.00091
19.3720,-0.00483,-0.07982,-0.00092
19.3760,-0.00479,-0.07995,-0.00093
19.3840,-0.00471,-0.08022,-0.00095
19.3880,-0.00467,-0.08036,-0.00096
19.3920,-0.00405,-0.08278,-0.00105
19.3960,-0.00449,-0.08367,-0.00099
19.4000,-0.00486,-0.08426,-0.00093
19.4080,-0.00529,-0.08516,-0.00087
19.4120,-0.00567,-0.08575,-0.00082
19.4160,-0.00604,-0.08635,-0.00076
19.4200,-0.00641,-0.08695,-0.00071
19.4240,-0.00678,-0.08755,-0.00065
19.4320,-0.00721,-0.08848,-0.00059
19.4360,-0.00752,-0.08875,-0.00054
19.4400,-0.00794,-0.08970,-0.00048
19.4440,-0.00826,-0.08997,-0.00043
19.4480,-0.00868,-0.09092,-0.00037
19.4520,-0.00905,-0.09153,-0.00032
19.4560,-0.00942,-0.09215,-0.00027
19.4600,-0.00973,-0.09242,-0.00022
19.4640,-0.00984,-0.09311,-0.00022
19.4680,-0.00989,-0.09346,-0.00022
19.4760,-0.01025,-0.09653,-0.00025
19.4800,-0.00998,-0.09526,-0.00023
19.4840,-0.00970,-0.09399,-0.00022
19.4880,-0.00943,-0.09272,-0.00021
19.4920,-0.00916,-0.09146,-0.00020
19.4920,-0.00893,-0.09026,-0.00019
19.5000,-0.00861,-0.08893,-0.00018
19.5040,-0.00834,-0.08767,-0.00017
19.5080,-0.00807,-0.08641,-0.00016
19.5120,-0.00779,-0.08516,-0.00015
19.5160,-0.00752,-0.08390,-0.00015
19.5200,-0.00725,-0.08265,-0.00014
19.5240,-0.00698,-0.08139,-0.00013
19.5280,-0.00670,-0.08014,-0.00012
19.5320,-0.00643,-0.07889,-0.00011
19.5320,-0.00620,-0.07770,-0.00010
19.5400,-0.00611,-0.07760,-0.00011
19.5440,-0.00607,-0.07755,-0.00011
19.5480,-0.00603,-0.07751,-0.00011
19.5520,-0.00598,-0.07746,-0.00011
19.5600,-0.00590,-0.07738,-0.00011
19.5640,-0.00586,-0.07734,-0.00011
19.5680,-0.00586,-0.07734,-0.00011
19.5680,-0.00582,-0.07731,-0.00011
19.5760,-0.00574,-0.07724,-0.00010
19.5840,-0.00566,-0.07719,-0.00009
19.5880,-0.00561,-0.07717,-0.00008
19.5920,-0.00557,-0.07714,-0.00007
19.5960,-0.00489,-0.07706,0.00016
19.6040,-0.00504,-0.07708,0.00016
19.6120,-0.00519,-0.07711,0.00016
19.6160,-0.00534,-0.07714,0.00015
19.6200,-0.00549,-0.07718,0.00014
19.6280,-0.00563,-0.07722,0.00013
19.6360,-0.00579,-0.07730,0.00013
19.6400,-0.00594,-0.07736,0.00012
19.6440,-0.00608,-0.07741,0.00011
19.6480,-0.00623,-0.07747,0.00010
19.6520,-0.00638,-0.07752,0.00008
19.6560,-0.00653,-0.07758,0.00007
19.6600,-0.00668,-0.07765,0.00005
19.6640,-0.00682,-0.07768,0.00003
19.6680,-0.00698,-0.07778,0.00001
19.6720,-0.00713,-0.07786,-0.00001
19.6760,-0.00714,-0.07790,-0.00001
19.6840,-0.00716,-0.07800,-0.00001
19.6880,-0.00717,-0.07805,-0.00001
19.6920,-0.00720,-0.07816,-0.00002
19.7000,-0.00740,-0.07915,-0.00020
19.7080,-0.00719,-0.07854,-0.00021
19.7120,-0.00694,-0.07783,-0.00023
19.7160,-0.00673,-0.07722,-0.00024
19.7200,-0.00652,-0.07661,-0.00025
19.7280,-0.00631,-0.07601,-0.00027
19.7320,-0.00606,-0.07532,-0.00030
19.7360,-0.00589,-0.07481,-0.00030
19.7400,-0.00567,-0.07422,-0.00032
19.7440,-0.00546,-0.07362,-0.00033
19.7480,-0.00522,-0.07295,-0.00036
19.7520,-0.00501,-0.07236,-0.00037
19.7560,-0.00479,-0.07177,-0.00039
19.7600,-0.00458,-0.07119,-0.00040
19.7680,-0.00434,-0.07054,-0.00042
19.7760,-0.00409,-0.06990,-0.00044
19.7840,-0.00403,-0.06978,-0.00047
19.7880,-0.00360,-0.06937,-0.00062
19.7920,-0.00369,-0.07003,-0.00068
19.8000,-0.00378,-0.07069,-0.00075
19.8040,-0.00387,-0.07135,-0.00082
19.8080,-0.00395,-0.07216,-0.00092
19.8120,-0.00404,-0.07283,-0.00098
19.8160,-0.00412,-0.07351,-0.00105
19.8200,-0.00420,-0.07418,-0.00112
19.8240,-0.00429,-0.07486,-0.00118
19.8320,-0.00435,-0.07571,-0.00127
19.8360,-0.00445,-0.07623,-0.00131
19.8360,-0.00453,-0.07691,-0.00138
19.8440,-0.00459,-0.07777,-0.00147
19.8480,-0.00468,-0.07846,-0.00153
19.8520,-0.00476,-0.07915,-0.00160
19.8560,-0.00484,-0.07985,-0.00166
19.8600,-0.00482,-0.08002,-0.00168
19.8640,-0.00482,-0.08002,-0.00168
19.8640,-0.00480,-0.08021,-0.00170
19.8720,-0.00477,-0.08058,-0.00174
19.8760,-0.00476,-0.08077,-0.00177
19.8840,-0.00469,-0.08329,-0.00193
19.8880,-0.00480,-0.08303,-0.00183
19.8920,-0.00495,-0.08306,-0.00170
19.9000,-0.00511,-0.08311,-0.00157
19.9040,-0.00524,-0.08301,-0.00145
19.9080,-0.00537,-0.08291,-0.00133
19.9160,-0.00552,-0.08298,-0.00121
19.9200,-0.00565,-0.08289,-0.00110
19.9280,-0.00580,-0.08296,-0.00099
19.9320,-0.00591,-0.08270,-0.00089
19.9360,-0.00606,-0.08278,-0.00077
19.9400,-0.00618,-0.08270,-0.00066
19.9440,-0.00631,-0.08261,-0.00055
19.9440,-0.00643,-0.08253,-0.00044
19.9480,-0.00654,-0.08226,-0.00034
19.9560,-0.00668,-0.08237,-0.00022
19.9600,-0.00670,-0.08255,-0.00022
19.9640,-0.00672,-0.08274,-0.00021
19.9680,-0.00674,-0.08293,-0.00021
19.9760,-0.00678,-0.08331,-0.00019
19.9800,-0.00680,-0.08350,-0.00019
19.9880,-0.00684,-0.08389,-0.00018
19.9920,-0.00686,-0.08409,-0.00017
19.9960,-0.00686,-0.08409,-0.00017
20.0000,-0.00688,-0.08429,-0.00017
20.0040,-0.00692,-0.08469,-0.00016
20.0080,-0.00692,-0.08469,-0.00016
20.0120,-0.00694,-0.08490,-0.00016
20.0160,-0.00720,-0.08954,-0.00013
20.0240,-0.00693,-0.08888,-0.00023
20.0280,-0.00674,-0.08810,-0.00030
20.0320,-0.00648,-0.08745,-0.00041
20.0360,-0.00626,-0.08674,-0.00050
20.0440,-0.00601,-0.08611,-0.00061
20.0480,-0.00579,-0.08541,-0.00070
20.0560,-0.00557,-0.08471,-0.00079
20.0600,-0.00532,-0.08410,-0.00090
20.0640,-0.00510,-0.08341,-0.00099
20.0720,-0.00486,-0.08281,-0.00110
20.0760,-0.00465,-0.08213,-0.00118
20.0800,-0.00443,-0.08145,-0.00127
20.0840,-0.00422,-0.08077,-0.00136
20.0880,-0.00388,-0.08149,-0.00163
20.0920,-0.00403,-0.08099,-0.00156
20.0960,-0.00418,-0.08049,-0.00149
20.1000,-0.00436,-0.07997,-0.00141
20.1080,-0.00448,-0.07949,-0.00135
20.1120,-0.00467,-0.07898,-0.00128
20.1160,-0.00482,-0.07849,-0.00121
20.1200,-0.00497,-0.07801,-0.00114
20.1280,-0.00516,-0.07752,-0.00108
20.1280,-0.00528,-0.07704,-0.00101
20.1360,-0.00543,-0.07656,-0.00095
20.1400,-0.00558,-0.07608,-0.00089
20.1440,-0.00573,-0.07560,-0.00082
20.1480,-0.00591,-0.07513,-0.00076
20.1520,-0.00606,-0.07465,-0.00069
20.1560,-0.00621,-0.07418,-0.00062
20.1600,-0.00624,-0.07418,-0.00062
20.1680,-0.00630,-0.07420,-0.00062
20.1680,-0.00630,-0.07420,-0.00062
20.1760,-0.00635,-0.07423,-0.00062
20.1800,-0.00637,-0.07425,-0.00061
20.1840,-0.00639,-0.07426,-0.00061
20.1880,-0.00670,-0.07485,-0.00053
20.1920,-0.00666,-0.07528,-0.00054
20.1960,-0.00662,-0.07570,-0.00055
20.2000,-0.00658,-0.07614,-0.00056
20.2040,-0.00654,-0.07657,-0.00056
20.2120,-0.00651,-0.07715,-0.00057
20.2160,-0.00647,-0.07760,-0.00058
20.2200,-0.00643,-0.07804,-0.00059
20.2240,-0.00638,-0.07848,-0.00060
20.2280,-0.00634,-0.07893,-0.00061
20.2320,-0.00629,-0.07938,-0.00062
20.2320,-0.00624,-0.07983,-0.00063
20.2440,-0.00619,-0.08029,-0.00064
20.2440,-0.00614,-0.08074,-0.00066
20.2520,-0.00610,-0.08138,-0.00068
20.2560,-0.00605,-0.08184,-0.00070
20.2640,-0.00605,-0.08219,-0.00073
20.2640,-0.00605,-0.08219,-0.00073
20.2720,-0.00606,-0.08255,-0.00076
20.2760,-0.00606,-0.08274,-0.00078
20.2800,-0.00606,-0.08292,-0.00080
20.2840,-0.00606,-0.08311,-0.00081
20.2880,-0.00606,-0.08329,-0.00083
20.2920,-0.00606,-0.08349,-0.00085
20.2960,-0.00606,-0.08368,-0.00087
20.3000,-0.00596,-0.08753,-0.00131
20.3040,-0.00592,-0.08723,-0.00124
20.3080,-0.00589,-0.08693,-0.00117
20.3120,-0.00585,-0.08663,-0.00110
20.3160,-0.00582,-0.08633,-0.00103
20.3240,-0.00579,-0.08619,-0.00096
20.3320,-0.00576,-0.08604,-0.00089
20.3320,-0.00574,-0.08560,-0.00081
20.3400,-0.00570,-0.08547,-0.00075
20.3440,-0.00567,-0.08518,-0.00068
20.3440,-0.00564,-0.08490,-0.00062
20.3520,-0.00562,-0.08446,-0.00055
20.3560,-0.00558,-0.08433,-0.00049
20.3600,-0.00555,-0.08406,-0.00042
20.3640,-0.00553,-0.08362,-0.00035
20.3680,-0.00550,-0.08351,-0.00028
20.3680,-0.00549,-0.08367,-0.00028
20.3800,-0.00548,-0.08400,-0.00028
20.3840,-0.00548,-0.08417,-0.00027
20.3880,-0.00542,-0.08670,-0.00024
20.3920,-0.00554,-0.08669,-0.00026
20.3960,-0.00567,-0.08669,-0.00029
20.4000,-0.00580,-0.08668,-0.00032
20.4040,-0.00593,-0.08668,-0.00034
20.4080,-0.00605,-0.08668,-0.00037
20.4120,-0.00618,-0.08669,-0.00040
20.4200,-0.00634,-0.08688,-0.00045
20.4240,-0.00646,-0.08690,-0.00048
20.4320,-0.00662,-0.08711,-0.00052
20.4400,-0.00675,-0.08712,-0.00056
20.4440,-0.00690,-0.08734,-0.00060
20.4440,-0.00700,-0.08716,-0.00062
20.4520,-0.00715,-0.08739,-0.00066
20.4560,-0.00727,-0.08741,-0.00069
20.4640,-0.00742,-0.08764,-0.00074
20.4640,-0.00742,-0.08764,-0.00074
20.4720,-0.00744,-0.08785,-0.00075
20.4760,-0.00749,-0.08827,-0.00077
20.4760,-0.00749,-0.08827,-0.00077
20.4840,-0.00754,-0.08870,-0.00078
20.4880,-0.00756,-0.08891,-0.00079
20.4920,-0.00758,-0.08913,-0.00080
20.4960,-0.00760,-0.08935,-0.00081
20.5000,-0.00791,-0.09307,-0.00090
20.5040,-0.00780,-0.09237,-0.00087
20.5080,-0.00770,-0.09167,-0.00084
20.5120,-0.00759,-0.09098,-0.00082
20.5160,-0.00748,-0.09028,-0.00079
20.5240,-0.00737,-0.08965,-0.00077
20.5280,-0.00726,-0.08896,-0.00075
20.5320,-0.00716,-0.08827,-0.00073
20.5320,-0.00705,-0.08759,-0.00070
20.5360,-0.00695,-0.08690,-0.00068
20.5440,-0.00684,-0.08622,-0.00066
20.5480,-0.00674,-0.08554,-0.00063
20.5520,-0.00665,-0.08487,-0.00061
20.5600,-0.00655,-0.08419,-0.00058
20.5640,-0.00645,-0.08352,-0.00056
20.5680,-0.00637,-0.08293,-0.00053
20.5720,-0.00638,-0.08301,-0.00053
20.5760,-0.00639,-0.08309,-0.00052
20.5800,-0.00639,-0.08318,-0.00052
20.5840,-0.00640,-0.08327,-0.00052
20.5880,-0.00641,-0.08336,-0.00051
20.5920,-0.00671,-0.08498,-0.00044
20.6000,-0.00669,-0.08466,-0.00044
20.6040,-0.00668,-0.08435,-0.00044
20.6080,-0.00668,-0.08405,-0.00043
20.6120,-0.00666,-0.08374,-0.00043
20.6120,-0.00664,-0.08341,-0.00044
20.6200,-0.00663,-0.08313,-0.00043
20.6240,-0.00662,-0.08282,-0.00044
20.6280,-0.00660,-0.08252,-0.00044
20.6280,-0.00657,-0.08219,-0.00044
20.6360,-0.00656,-0.08192,-0.00045
20.6400,-0.00654,-0.08163,-0.00045
20.6480,-0.00654,-0.08138,-0.00046
20.6520,-0.00653,-0.08109,-0.00047
20.6600,-0.00653,-0.08086,-0.00047
20.6640,-0.00651,-0.08059,-0.00048
20.6680,-0.00653,-0.08065,-0.00048
20.6720,-0.00654,-0.08071,-0.00048
20.6760,-0.00679,-0.08184,-0.00050
20.6840,-0.00682,-0.08259,-0.00052
20.6880,-0.00683,-0.08312,-0.00054
20.6920,-0.00684,-0.08365,-0.00056
20.7000,-0.00686,-0.08442,-0.00059
20.7040,-0.00688,-0.08496,-0.00061
20.7080,-0.00689,-0.08550,-0.00062
20.7120,-0.00690,-0.08604,-0.00064
20.7160,-0.00692,-0.08658,-0.00065
20.7200,-0.00693,-0.08713,-0.00067
20.7240,-0.00695,-0.08768,-0.00069
20.7280,-0.00696,-0.08823,-0.00071
20.7280,-0.00695,-0.08853,-0.00072
20.7360,-0.00697,-0.08908,-0.00073
20.7400,-0.00700,-0.08989,-0.00076
20.7440,-0.00701,-0.09045,-0.00078
20.7440,-0.00701,-0.09045,-0.00078
20.7520,-0.00706,-0.09098,-0.00079
20.7600,-0.00710,-0.09152,-0.00081
20.7600,-0.00712,-0.09179,-0.00081
20.7680,-0.00714,-0.09207,-0.00082
20.7720,-0.00716,-0.09235,-0.00083
20.7760,-0.00719,-0.09263,-0.00083
20.7800,-0.00721,-0.09292,-0.00084
20.7880,-0.00748,-0.09707,-0.00089
20.7920,-0.00749,-0.09654,-0.00086
20.7920,-0.00752,-0.09615,-0.00082
20.8040,-0.00754,-0.09576,-0.00078
20.8080,-0.00755,-0.09523,-0.00074
20.8120,-0.00756,-0.09471,-0.00071
20.8160,-0.00756,-0.09419,-0.00067
20.8200,-0.00756,-0.09351,-0.00065
20.8240,-0.00758,-0.09314,-0.00061
20.8280,-0.00758,-0.09263,-0.00057
20.8280,-0.00759,-0.09212,-0.00054
20.8360,-0.00758,-0.09145,-0.00051
20.8400,-0.00761,-0.09110,-0.00047
20.8440,-0.00761,-0.09060,-0.00043
20.8480,-0.00762,-0.09009,-0.00040
20.8520,-0.00763,-0.08959,-0.00036
20.8560,-0.00764,-0.08977,-0.00035
20.8600,-0.00765,-0.08994,-0.00035
20.8680,-0.00768,-0.09030,-0.00033
20.8720,-0.00782,-0.09222,-0.00020
20.8760,-0.00766,-0.09148,-0.00021
20.8800,-0.00750,-0.09076,-0.00022
20.8840,-0.00737,-0.09007,-0.00024
20.8880,-0.00719,-0.08931,-0.00025
20.8920,-0.00703,-0.08858,-0.00026
20.8960,-0.00687,-0.08787,-0.00027
20.8960,-0.00672,-0.08715,-0.00028
20.9040,-0.00656,-0.08644,-0.00029
20.9080,-0.00641,-0.08574,-0.00030
20.9120,-0.00625,-0.08503,-0.00031
20.9120,-0.00612,-0.08435,-0.00033
20.9200,-0.00595,-0.08363,-0.00032
20.9240,-0.00579,-0.08293,-0.00033
20.9280,-0.00566,-0.08224,-0.00035
20.9320,-0.00548,-0.08153,-0.00034
20.9360,-0.00548,-0.08153,-0.00034
20.9360,-0.00545,-0.08152,-0.00032
20.9440,-0.00540,-0.08151,-0.00029
20.9480,-0.00538,-0.08150,-0.00028
20.9480,-0.00538,-0.08150,-0.00028
20.9560,-0.00533,-0.08149,-0.00025
20.9600,-0.00530,-0.08149,-0.00024
20.9640,-0.00527,-0.08149,-0.00022
20.9680,-0.00525,-0.08150,-0.00020
20.9760,-0.00520,-0.08152,-0.00017
20.9800,-0.00518,-0.08153,-0.00016
20.9840,-0.00515,-0.08155,-0.00014
20.9920,-0.00510,-0.08159,-0.00011
20.9960,-0.00508,-0.08161,-0.00009
21.0000,-0.00505,-0.08163,-0.00007
21.0040,-0.00502,-0.08165,-0.00006
21.0080,-0.00499,-0.08168,-0.00004
21.0120,-0.00449,-0.08273,0.00025
21.0160,-0.00457,-0.08329,0.00013
21.0200,-0.00465,-0.08385,0.00001
21.0280,-0.00473,-0.08459,-0.00011
21.0320,-0.00481,-0.08516,-0.00023
21.0360,-0.00491,-0.08553,-0.00034
21.0400,-0.00498,-0.08629,-0.00046
21.0440,-0.00507,-0.08686,-0.00058
21.0480,-0.00516,-0.08743,-0.00070
21.0520,-0.00525,-0.08780,-0.00082
21.0560,-0.00533,-0.08858,-0.00095
21.0600,-0.00542,-0.08917,-0.00107
21.0600,-0.00551,-0.08953,-0.00118
21.0640,-0.00559,-0.09034,-0.00130
21.0720,-0.00567,-0.09093,-0.00142
21.0760,-0.00576,-0.09152,-0.00154
21.0800,-0.00576,-0.09152,-0.00154
21.0840,-0.00572,-0.09456,-0.00161
21.0880,-0.00585,-0.09406,-0.00153
21.0920,-0.00595,-0.09349,-0.00147
21.0960,-0.00612,-0.09307,-0.00137
21.1040,-0.00628,-0.09267,-0.00127
21.1080,-0.00638,-0.09210,-0.00121
21.1120,-0.00655,-0.09170,-0.00111
21.1160,-0.00668,-0.09123,-0.00103
21.1200,-0.00681,-0.09075,-0.00094
21.1280,-0.00698,-0.09038,-0.00084
21.1320,-0.00711,-0.08991,-0.00076
21.1360,-0.00725,-0.08945,-0.00067
21.1400,-0.00735,-0.08888,-0.00061
21.1440,-0.00752,-0.08853,-0.00051
21.1480,-0.00762,-0.08796,-0.00044
21.1520,-0.00775,-0.08750,-0.00036
21.1560,-0.00782,-0.08774,-0.00033
21.1640,-0.00789,-0.08799,-0.00029
21.1680,-0.00789,-0.08799,-0.00029
21.1720,-0.00796,-0.08825,-0.00025
21.1800,-0.00800,-0.08838,-0.00023
21.1840,-0.00807,-0.08864,-0.00020
21.1840,-0.00811,-0.08878,-0.00019
21.1920,-0.00811,-0.08878,-0.00019
21.1960,-0.00819,-0.08905,-0.00016
21.2000,-0.00819,-0.08905,-0.00016
21.2080,-0.00832,-0.08949,-0.00011
21.2120,-0.00837,-0.08964,-0.00010
21.2160,-0.00947,-0.09332,0.00018
21.2200,-0.00926,-0.09271,0.00011
21.2240,-0.00906,-0.09209,0.00005
21.2280,-0.00885,-0.09148,-0.00002
21.2320,-0.00864,-0.09085,-0.00008
21.2360,-0.00844,-0.09024,-0.00014
21.2360,-0.00824,-0.08966,-0.00020
21.2440,-0.00804,-0.08905,-0.00027
21.2480,-0.00783,-0.08845,-0.00033
21.2520,-0.00763,-0.08785,-0.00040
21.2560,-0.00742,-0.08725,-0.00046
21.2600,-0.00723,-0.08670,-0.00053
21.2640,-0.00702,-0.08611,-0.00060
21.2720,-0.00682,-0.08552,-0.00066
21.2720,-0.00661,-0.08489,-0.00072
21.2800,-0.00641,-0.08436,-0.00079
21.2840,-0.00642,-0.08441,-0.00081
21.2880,-0.00643,-0.08446,-0.00084
21.2960,-0.00644,-0.08455,-0.00093
21.3000,-0.00645,-0.08461,-0.00097
21.3040,-0.00645,-0.08467,-0.00098
21.3080,-0.00646,-0.08474,-0.00098
21.3160,-0.00647,-0.08489,-0.00100
21.3200,-0.00648,-0.08497,-0.00100
21.3240,-0.00648,-0.08497,-0.00100
21.3280,-0.00650,-0.08512,-0.00101
21.3320,-0.00650,-0.08520,-0.00102
21.3360,-0.00651,-0.08528,-0.00103
21.3360,-0.00656,-0.08728,-0.00140
21.3480,-0.00661,-0.08765,-0.00138
21.3520,-0.00665,-0.08787,-0.00136
21.3560,-0.00669,-0.08809,-0.00134
21.3600,-0.00673,-0.08832,-0.00132
21.3680,-0.00678,-0.08871,-0.00130
21.3720,-0.00683,-0.08895,-0.00128
21.3800,-0.00689,-0.08936,-0.00126
21.3840,-0.00693,-0.08961,-0.00123
21.3880,-0.00698,-0.08985,-0.00121
21.3920,-0.00703,-0.09010,-0.00119
21.4000,-0.00709,-0.09054,-0.00117
21.4040,-0.00715,-0.09080,-0.00114
21.4080,-0.00717,-0.09087,-0.00111
21.4120,-0.00726,-0.09131,-0.00109
21.4120,-0.00729,-0.09139,-0.00107
21.4200,-0.00734,-0.09177,-0.00108
21.4240,-0.00737,-0.09196,-0.00108
21.4280,-0.00740,-0.09216,-0.00109
21.4320,-0.00743,-0.09236,-0.00110
21.4360,-0.00789,-0.09447,-0.00117
21.4400,-0.00823,-0.09374,-0.00100
21.4440,-0.00858,-0.09302,-0.00083
21.4480,-0.00883,-0.09229,-0.00070
21.4480,-0.00917,-0.09157,-0.00053
21.4560,-0.00960,-0.09088,-0.00033
21.4600,-0.00985,-0.09014,-0.00020
21.4640,-0.01019,-0.08943,-0.00003
21.4640,-0.01053,-0.08872,0.00015
21.4720,-0.01096,-0.08804,0.00036
21.4760,-0.01130,-0.08734,0.00053
21.4840,-0.01173,-0.08668,0.00074
21.4880,-0.01207,-0.08599,0.00092
21.4920,-0.01241,-0.08529,0.00109
21.4960,-0.01275,-0.08460,0.00126
21.5000,-0.01309,-0.08391,0.00143
21.5040,-0.01318,-0.08395,0.00147
21.5080,-0.01327,-0.08400,0.00151
21.5120,-0.01336,-0.08405,0.00154
21.5160,-0.01346,-0.08411,0.00158
21.5240,-0.01355,-0.08416,0.00162
21.5280,-0.01373,-0.08427,0.00170
21.5320,-0.01383,-0.08433,0.00174
21.5400,-0.01479,-0.08501,0.00213
21.5440,-0.01456,-0.08470,0.00202
21.5480,-0.01433,-0.08440,0.00191
21.5520,-0.01410,-0.08408,0.00181
21.5600,-0.01386,-0.08377,0.00170
21.5640,-0.01363,-0.08347,0.00159
21.5680,-0.01340,-0.08317,0.00148
21.5720,-0.01317,-0.08288,0.00137
21.5760,-0.01295,-0.08258,0.00126
21.5800,-0.01272,-0.08229,0.00115
21.5840,-0.01249,-0.08200,0.00104
21.5880,-0.01226,-0.08171,0.00094
21.5920,-0.01203,-0.08142,0.00083
21.5920,-0.01180,-0.08113,0.00072
21.6000,-0.01157,-0.08086,0.00061
21.6040,-0.01134,-0.08058,0.00051
21.6120,-0.01134,-0.08062,0.00052
21.6160,-0.01134,-0.08064,0.00053
21.6200,-0.01134,-0.08067,0.00054
21.6240,-0.01134,-0.08067,0.00054
21.6280,-0.01134,-0.08073,0.00056
21.6320,-0.01135,-0.08076,0.00058
21.6320,-0.01135,-0.08076,0.00058
21.6400,-0.01136,-0.08083,0.00061
21.6440,-0.01137,-0.08087,0.00062
21.6520,-0.01137,-0.08091,0.00063
21.6560,-0.01138,-0.08095,0.00065
21.6600,-0.01140,-0.08104,0.00068
21.6640,-0.01141,-0.08110,0.00069
21.6680,-0.01142,-0.08115,0.00070
21.6760,-0.01152,-0.08240,0.00116
21.6840,-0.01113,-0.08156,0.00105
21.6880,-0.01065,-0.08059,0.00094
21.6920,-0.01026,-0.07975,0.00084
21.6960,-0.00986,-0.07891,0.00073
21.7000,-0.00947,-0.07808,0.00063
21.7080,-0.00907,-0.07724,0.00053
21.7120,-0.00868,-0.07641,0.00043
21.7120,-0.00820,-0.07546,0.00033
21.7200,-0.00781,-0.07463,0.00023
21.7240,-0.00742,-0.07380,0.00013
21.7320,-0.00684,-0.07275,0.00004
21.7320,-0.00654,-0.07204,-0.00006
21.7400,-0.00605,-0.07112,-0.00016
21.7520,-0.00555,-0.07021,-0.00025
21.7560,-0.00388,-0.06822,-0.00019
21.7600,-0.00424,-0.06847,-0.00014
21.7680,-0.00460,-0.06869,-0.00006
21.7720,-0.00495,-0.06894,-0.00001
21.7760,-0.00531,-0.06922,0.00001
21.7840,-0.00567,-0.06946,0.00009
21.7880,-0.00604,-0.06970,0.00017
21.7920,-0.00640,-0.06997,0.00023
21.7960,-0.00676,-0.07024,0.00029
21.8000,-0.00713,-0.07051,0.00037
21.8080,-0.00749,-0.07079,0.00043
21.8120,-0.00785,-0.07107,0.00049
21.8200,-0.00821,-0.07136,0.00057
21.8240,-0.00857,-0.07164,0.00062
21.8280,-0.00893,-0.07193,0.00068
21.8320,-0.00930,-0.07222,0.00072
21.8360,-0.00930,-0.07224,0.00075
21.8400,-0.00931,-0.07226,0.00077
21.8440,-0.00931,-0.07226,0.00077
21.8480,-0.00932,-0.07231,0.00081
21.8520,-0.00933,-0.07233,0.00083
21.8600,-0.00934,-0.07239,0.00087
21.8640,-0.00935,-0.07243,0.00089
21.8680,-0.00936,-0.07247,0.00091
21.8720,-0.00937,-0.07251,0.00093
21.8760,-0.00944,-0.07322,0.00110
21.8800,-0.00930,-0.07336,0.00099
21.8880,-0.00919,-0.07342,0.00089
21.8960,-0.00899,-0.07373,0.00076
21.9000,-0.00881,-0.07397,0.00063
21.9040,-0.00867,-0.07412,0.00051
21.9080,-0.00852,-0.07427,0.00040
21.9120,-0.00838,-0.07442,0.00028
21.9160,-0.00823,-0.07457,0.00016
21.9200,-0.00809,-0.07473,0.00004
21.9280,-0.00791,-0.07498,-0.00010
21.9320,-0.00777,-0.07514,-0.00022
21.9360,-0.00762,-0.07530,-0.00034
21.9400,-0.00748,-0.07547,-0.00046
21.9440,-0.00734,-0.07563,-0.00058
21.9480,-0.00719,-0.07580,-0.00070
21.9560,-0.00713,-0.07602,-0.00074
21.9640,-0.00708,-0.07625,-0.00079
21.9640,-0.00705,-0.07637,-0.00082
21.9720,-0.00702,-0.07649,-0.00084
21.9760,-0.00699,-0.07661,-0.00086
21.9840,-0.00668,-0.07817,-0.00113
21.9880,-0.00676,-0.07738,-0.00105
21.9920,-0.00685,-0.07668,-0.00097
21.9960,-0.00693,-0.07598,-0.00090
22.0040,-0.00702,-0.07528,-0.00082
22.0080,-0.00710,-0.07453,-0.00073
22.0120,-0.00719,-0.07384,-0.00065
22.0160,-0.00728,-0.07315,-0.00057
22.0200,-0.00737,-0.07246,-0.00049
22.0240,-0.00745,-0.07178,-0.00040
22.0280,-0.00754,-0.07110,-0.00032
22.0360,-0.00763,-0.07037,-0.00023
22.0400,-0.00771,-0.06974,-0.00015
22.0440,-0.00780,-0.06906,-0.00007
22.0480,-0.00789,-0.06835,0.00002
22.0520,-0.00797,-0.06772,0.00009
22.0560,-0.00797,-0.06764,0.00011
22.0600,-0.00797,-0.06760,0.00011
22.0640,-0.00797,-0.06756,0.00012
22.0720,-0.00797,-0.06749,0.00014
22.0760,-0.00797,-0.06745,0.00015
22.0800,-0.00797,-0.06745,0.00015
22.0840,-0.00797,-0.06742,0.00016
22.0880,-0.00797,-0.06739,0.00018
22.0920,-0.00797,-0.06733,0.00020
22.1000,-0.00778,-0.06728,0.00041
22.1040,-0.00765,-0.06768,0.00035
22.1080,-0.00752,-0.06808,0.00028
22.1120,-0.00739,-0.06848,0.00022
22.1160,-0.00729,-0.06879,0.00017
22.1240,-0.00709,-0.06939,0.00009
22.1320,-0.00694,-0.06991,0.00001
22.1360,-0.00684,-0.07022,-0.00004
22.1400,-0.00669,-0.07074,-0.00012
22.1440,-0.00656,-0.07115,-0.00019
22.1520,-0.00641,-0.07169,-0.00028
22.1600,-0.00626,-0.07223,-0.00037
22.1680,-0.00611,-0.07278,-0.00045
22.1680,-0.00599,-0.07322,-0.00053
22.1760,-0.00587,-0.07365,-0.00060
22.1800,-0.00575,-0.07409,-0.00067
22.1840,-0.00548,-0.07578,-0.00091
22.1880,-0.00560,-0.07505,-0.00089
22.1920,-0.00573,-0.07423,-0.00088
22.1960,-0.00585,-0.07350,-0.00086
22.2040,-0.00597,-0.07269,-0.00085
22.2080,-0.00608,-0.07196,-0.00082
22.2120,-0.00619,-0.07123,-0.00079
22.2160,-0.00630,-0.07051,-0.00077
22.2160,-0.00641,-0.06986,-0.00074
22.2240,-0.00653,-0.06907,-0.00072
22.2280,-0.00664,-0.06835,-0.00069
22.2320,-0.00675,-0.06764,-0.00067
22.2360,-0.00686,-0.06693,-0.00064
22.2400,-0.00698,-0.06622,-0.00061
22.2440,-0.00709,-0.06551,-0.00058
22.2520,-0.00720,-0.06475,-0.00056
22.2560,-0.00720,-0.06475,-0.00056
22.2600,-0.00719,-0.06466,-0.00057
22.2640,-0.00719,-0.06461,-0.00058
22.2680,-0.00715,-0.06442,-0.00064
22.2720,-0.00711,-0.06484,-0.00058
22.2720,-0.00708,-0.06517,-0.00053
22.2840,-0.00702,-0.06577,-0.00047
22.2880,-0.00698,-0.06619,-0.00042
22.2960,-0.00693,-0.06672,-0.00035
22.3040,-0.00688,-0.06727,-0.00028
22.3120,-0.00682,-0.06783,-0.00022
22.3160,-0.00678,-0.06827,-0.00016
22.3240,-0.00673,-0.06884,-0.00008
22.3280,-0.00669,-0.06929,-0.00002
22.3320,-0.00666,-0.06962,0.00003
22.3320,-0.00662,-0.07020,0.00011
22.3400,-0.00658,-0.07066,0.00017
22.3480,-0.00654,-0.07125,0.00025
22.3520,-0.00650,-0.07172,0.00031
22.3560,-0.00649,-0.07186,0.00033
22.3640,-0.00648,-0.07215,0.00035
22.3680,-0.00647,-0.07229,0.00037
22.3760,-0.00647,-0.07260,0.00039
22.3800,-0.00647,-0.07462,0.00055
22.3880,-0.00651,-0.07384,0.00056
22.3920,-0.00654,-0.07311,0.00055
22.3960,-0.00658,-0.07240,0.00055
22.4040,-0.00661,-0.07168,0.00055
22.4040,-0.00664,-0.07097,0.00054
22.4120,-0.00668,-0.07022,0.00055
22.4240,-0.00672,-0.06947,0.00056
22.4240,-0.00675,-0.06876,0.00056
22.4320,-0.00678,-0.06806,0.00055
22.4360,-0.00681,-0.06732,0.00056
22.4400,-0.00683,-0.06662,0.00056
22.4400,-0.00686,-0.06595,0.00054
22.4480,-0.00688,-0.06523,0.00054
22.4520,-0.00691,-0.06453,0.00053
22.4560,-0.00694,-0.06384,0.00052
22.4600,-0.00694,-0.06382,0.00053
22.4640,-0.00695,-0.06380,0.00054
22.4680,-0.00695,-0.06378,0.00054
22.4760,-0.00696,-0.06376,0.00056
22.4800,-0.00697,-0.06375,0.00056
22.4840,-0.00697,-0.06375,0.00056
22.4880,-0.00698,-0.06373,0.00057
22.4920,-0.00702,-0.06386,0.00056
22.4920,-0.00690,-0.06421,0.00048
22.4960,-0.00678,-0.06457,0.00039
22.5040,-0.00663,-0.06502,0.00029
22.5040,-0.00654,-0.06527,0.00022
22.5120,-0.00639,-0.06573,0.00012
22.5160,-0.00626,-0.06609,0.00003
22.5200,-0.00617,-0.06634,-0.00003
22.5240,-0.00601,-0.06681,-0.00014
22.5280,-0.00589,-0.06718,-0.00023
22.5360,-0.00574,-0.06766,-0.00034
22.5400,-0.00564,-0.06791,-0.00041
22.5400,-0.00549,-0.06841,-0.00052
22.5480,-0.00537,-0.06879,-0.00061
22.5600,-0.00519,-0.06943,-0.00074
22.5640,-0.00506,-0.06982,-0.00083
22.5680,-0.00504,-0.06996,-0.00084
22.5760,-0.00498,-0.07024,-0.00088
22.5800,-0.00495,-0.07038,-0.00090
22.5840,-0.00492,-0.07053,-0.00091
22.5880,-0.00489,-0.07068,-0.00093
22.5920,-0.00444,-0.07318,-0.00108
22.5960,-0.00452,-0.07257,-0.00100
22.6000,-0.00459,-0.07196,-0.00093
22.6040,-0.00466,-0.07135,-0.00085
22.6080,-0.00474,-0.07075,-0.00078
22.6120,-0.00481,-0.07015,-0.00070
22.6200,-0.00487,-0.06954,-0.00061
22.6280,-0.00493,-0.06895,-0.00051
22.6320,-0.00500,-0.06835,-0.00043
22.6400,-0.00507,-0.06777,-0.00034
22.6440,-0.00516,-0.06717,-0.00027
22.6440,-0.00522,-0.06659,-0.00018
22.6520,-0.00530,-0.06601,-0.00009
22.6560,-0.00537,-0.06543,-0.00001
22.6600,-0.00544,-0.06486,0.00007
22.6640,-0.00551,-0.06428,0.00016
22.6680,-0.00549,-0.06431,0.00018
22.6760,-0.00546,-0.06436,0.00022
22.6800,-0.00520,-0.06497,0.00048
22.6840,-0.00525,-0.06505,0.00045
22.6880,-0.00530,-0.06521,0.00043
22.6920,-0.00534,-0.06538,0.00041
22.6960,-0.00539,-0.06563,0.00040
22.7040,-0.00543,-0.06588,0.00038
22.7080,-0.00548,-0.06605,0.00036
22.7120,-0.00553,-0.06622,0.00034
22.7160,-0.00557,-0.06640,0.00032
22.7200,-0.00562,-0.06657,0.00029
22.7240,-0.00567,-0.06675,0.00027
22.7320,-0.00571,-0.06703,0.00026
22.7360,-0.00575,-0.06711,0.00023
22.7400,-0.00580,-0.06730,0.00021
22.7440,-0.00582,-0.06759,0.00020
22.7480,-0.00586,-0.06777,0.00019
22.7520,-0.00585,-0.06788,0.00020
22.7560,-0.00584,-0.06799,0.00022
22.7640,-0.00583,-0.06810,0.00024
22.7640,-0.00582,-0.06821,0.00025
22.7720,-0.00581,-0.06832,0.00027
22.7760,-0.00581,-0.06843,0.00029
22.7800,-0.00580,-0.06866,0.00032
22.7840,-0.00579,-0.06877,0.00034
22.7880,-0.00579,-0.06889,0.00036
22.7920,-0.00569,-0.07066,0.00069
22.8000,-0.00560,-0.07015,0.00065
22.8040,-0.00553,-0.06965,0.00061
22.8080,-0.00545,-0.06916,0.00057
22.8120,-0.00538,-0.06867,0.00052
22.8160,-0.00531,-0.06818,0.00048
22.8200,-0.00523,-0.06770,0.00044
22.8280,-0.00514,-0.06722,0.00040
22.8360,-0.00507,-0.06674,0.00036
22.8400,-0.00498,-0.06627,0.00032
22.8480,-0.00489,-0.06580,0.00028
22.8520,-0.00481,-0.06533,0.00024
22.8520,-0.00474,-0.06487,0.00020
22.8600,-0.00467,-0.06440,0.00015
22.8640,-0.00460,-0.06394,0.00011
22.8680,-0.00452,-0.06348,0.00007
22.8720,-0.00450,-0.06350,0.00008
22.8760,-0.00448,-0.06352,0.00009
22.8840,-0.00416,-0.06368,0.00020
22.8880,-0.00413,-0.06316,0.00017
22.8920,-0.00407,-0.06252,0.00014
22.9000,-0.00404,-0.06200,0.00011
22.9040,-0.00400,-0.06148,0.00008
22.9040,-0.00397,-0.06096,0.00005
22.9160,-0.00393,-0.06045,0.00002
22.9200,-0.00386,-0.05983,-0.00001
22.9240,-0.00382,-0.05933,-0.00004
22.9280,-0.00378,-0.05882,-0.00006
22.9320,-0.00374,-0.05832,-0.00009
22.9360,-0.00369,-0.05782,-0.00011
22.9400,-0.00365,-0.05731,-0.00014
22.9480,-0.00358,-0.05671,-0.00015
22.9520,-0.00354,-0.05621,-0.00018
22.9560,-0.00351,-0.05572,-0.00020
22.9640,-0.00345,-0.05552,-0.00019
22.9680,-0.00342,-0.05542,-0.00018
22.9720,-0.00339,-0.05532,-0.00018
22.9760,-0.00336,-0.05523,-0.00017
22.9800,-0.00334,-0.05514,-0.00016
22.9840,-0.00332,-0.05505,-0.00015
22.9920,-0.00306,-0.05404,-0.00001
22.9920,-0.00303,-0.05449,-0.00008
23.0000,-0.00294,-0.05508,-0.00017
23.0040,-0.00288,-0.05560,-0.00025
23.0080,-0.00282,-0.05613,-0.00034
23.0120,-0.00276,-0.05665,-0.00042
23.0160,-0.00274,-0.05710,-0.00049
23.0240,-0.00261,-0.05779,-0.00059
23.0280,-0.00255,-0.05832,-0.00067
23.0280,-0.00252,-0.05877,-0.00074
23.0360,-0.00243,-0.05939,-0.00082
23.0400,-0.00237,-0.05993,-0.00089
23.0440,-0.00231,-0.06047,-0.00096
23.0480,-0.00225,-0.06102,-0.00104
23.0520,-0.00220,-0.06156,-0.00111
23.0560,-0.00214,-0.06210,-0.00118
23.0600,-0.00211,-0.06220,-0.00119
23.0640,-0.00207,-0.06229,-0.00119
23.0680,-0.00204,-0.06239,-0.00119
23.0760,-0.00197,-0.06259,-0.00118
23.0800,-0.00165,-0.06383,-0.00111
23.0880,-0.00185,-0.06334,-0.00105
23.0920,-0.00209,-0.06280,-0.00096
23.0960,-0.00227,-0.06236,-0.00092
23.0960,-0.00248,-0.06187,-0.00086
23.1040,-0.00268,-0.06139,-0.00079
23.1080,-0.00292,-0.06088,-0.00069
23.1120,-0.00313,-0.06040,-0.00062
23.1160,-0.00333,-0.05993,-0.00055
23.1200,-0.00354,-0.05945,-0.00048
23.1240,-0.00374,-0.05898,-0.00041
23.1280,-0.00394,-0.05851,-0.00034
23.1320,-0.00415,-0.05804,-0.00027
23.1360,-0.00435,-0.05758,-0.00019
23.1400,-0.00456,-0.05711,-0.00012
23.1440,-0.00477,-0.05664,-0.00004
23.1520,-0.00483,-0.05660,0.00003
23.1560,-0.00486,-0.05659,0.00006
23.1680,-0.00494,-0.05655,0.00016
23.1760,-0.00500,-0.05654,0.00022
23.1840,-0.00502,-0.05653,0.00025
23.1880,-0.00532,-0.05643,0.00070
23.1920,-0.00512,-0.05616,0.00067
23.2000,-0.00489,-0.05582,0.00065
23.2080,-0.00466,-0.05548,0.00063
23.2120,-0.00445,-0.05523,0.00059
23.2120,-0.00425,-0.05498,0.00055
23.2240,-0.00402,-0.05465,0.00053
23.2280,-0.00381,-0.05441,0.00049
23.2320,-0.00360,-0.05416,0.00045
23.2360,-0.00339,-0.05392,0.00041
23.2440,-0.00316,-0.05361,0.00039
23.2480,-0.00295,-0.05338,0.00036
23.2520,-0.00274,-0.05314,0.00033
23.2560,-0.00254,-0.05290,0.00030
23.2600,-0.00233,-0.05267,0.00027
23.2640,-0.00212,-0.05243,0.00024
23.2640,-0.00212,-0.05243,0.00024
23.2720,-0.00207,-0.05233,0.00028
23.2800,-0.00204,-0.05228,0.00030
23.2840,-0.00199,-0.05219,0.00034
23.2880,-0.00196,-0.05214,0.00037
23.2920,-0.00193,-0.05210,0.00039
23.2960,-0.00191,-0.05206,0.00042
23.3000,-0.00145,-0.05177,0.00093
23.3040,-0.00167,-0.05261,0.00086
23.3120,-0.00192,-0.05363,0.00080
23.3160,-0.00213,-0.05447,0.00074
23.3240,-0.00239,-0.05551,0.00067
23.3280,-0.00261,-0.05635,0.00060
23.3320,-0.00282,-0.05720,0.00053
23.3360,-0.00304,-0.05805,0.00046
23.3440,-0.00330,-0.05911,0.00040
23.3480,-0.00351,-0.05996,0.00033
23.3560,-0.00376,-0.06103,0.00026
23.3600,-0.00398,-0.06190,0.00019
23.3600,-0.00420,-0.06277,0.00011
23.3640,-0.00442,-0.06363,0.00004
23.3720,-0.00460,-0.06428,-0.00003
23.3760,-0.00501,-0.06709,-0.00015
23.3840,-0.00476,-0.06614,-0.00017
23.3880,-0.00451,-0.06520,-0.00020
23.3920,-0.00426,-0.06426,-0.00022
23.4000,-0.00391,-0.06318,-0.00027
23.4040,-0.00366,-0.06225,-0.00030
23.4080,-0.00340,-0.06132,-0.00033
23.4160,-0.00310,-0.06032,-0.00038
23.4200,-0.00284,-0.05940,-0.00041
23.4240,-0.00258,-0.05847,-0.00044
23.4280,-0.00233,-0.05755,-0.00046
23.4320,-0.00207,-0.05662,-0.00049
23.4360,-0.00187,-0.05576,-0.00050
23.4400,-0.00156,-0.05478,-0.00054
23.4440,-0.00131,-0.05386,-0.00057
23.4480,-0.00105,-0.05295,-0.00059
23.4520,-0.00100,-0.05290,-0.00061
23.4560,-0.00095,-0.05286,-0.00063
23.4600,-0.00090,-0.05281,-0.00065
23.4640,-0.00085,-0.05277,-0.00066
23.4680,-0.00085,-0.05277,-0.00066
23.4720,-0.00076,-0.05269,-0.00070
23.4760,-0.00071,-0.05265,-0.00072
23.4800,-0.00066,-0.05262,-0.00073
23.4880,-0.00004,-0.05271,-0.00099
23.4920,-0.00019,-0.05344,-0.00102
23.5000,-0.00033,-0.05437,-0.00106
23.5040,-0.00048,-0.05510,-0.00109
23.5080,-0.00063,-0.05584,-0.00111
23.5120,-0.00077,-0.05658,-0.00113
23.5160,-0.00092,-0.05733,-0.00115
23.5240,-0.00105,-0.05828,-0.00119
23.5280,-0.00119,-0.05903,-0.00122
23.5320,-0.00133,-0.05978,-0.00124
23.5360,-0.00148,-0.06053,-0.00126
23.5400,-0.00162,-0.06128,-0.00128
23.5480,-0.00175,-0.06225,-0.00132
23.5480,-0.00190,-0.06280,-0.00132
23.5560,-0.00203,-0.06377,-0.00136
23.5600,-0.00217,-0.06453,-0.00138
23.5680,-0.00215,-0.06475,-0.00139
23.5720,-0.00211,-0.06519,-0.00142
23.5800,-0.00208,-0.06563,-0.00145
23.5840,-0.00207,-0.06586,-0.00147
23.5880,-0.00206,-0.06609,-0.00148
23.5920,-0.00204,-0.06632,-0.00149
23.5960,-0.00186,-0.07027,-0.00162
23.6000,-0.00199,-0.06946,-0.00149
23.6040,-0.00211,-0.06866,-0.00137
23.6080,-0.00224,-0.06785,-0.00124
23.6080,-0.00234,-0.06702,-0.00114
23.6160,-0.00248,-0.06626,-0.00099
23.6200,-0.00261,-0.06546,-0.00087
23.6240,-0.00273,-0.06467,-0.00075
23.6280,-0.00285,-0.06388,-0.00063
23.6320,-0.00297,-0.06309,-0.00051
23.6400,-0.00309,-0.06230,-0.00038
23.6440,-0.00322,-0.06157,-0.00024
23.6480,-0.00332,-0.06074,-0.00014
23.6520,-0.00345,-0.06003,-0.00000
23.6560,-0.00356,-0.05926,0.00012
23.6600,-0.00367,-0.05849,0.00024
23.6680,-0.00369,-0.05864,0.00029
23.6720,-0.00370,-0.05871,0.00031
23.6760,-0.00370,-0.05879,0.00034
23.6800,-0.00371,-0.05887,0.00036
23.6880,-0.00372,-0.05903,0.00041
23.6920,-0.00373,-0.05911,0.00044
23.6960,-0.00375,-0.06077,0.00089
23.7000,-0.00368,-0.06073,0.00082
23.7040,-0.00361,-0.06070,0.00074
23.7120,-0.00353,-0.06075,0.00067
23.7160,-0.00347,-0.06073,0.00060
23.7200,-0.00340,-0.06070,0.00053
23.7240,-0.00334,-0.06059,0.00045
23.7280,-0.00327,-0.06066,0.00038
23.7320,-0.00321,-0.06064,0.00031
23.7320,-0.00315,-0.06063,0.00024
23.7400,-0.00309,-0.06061,0.00017
23.7440,-0.00303,-0.06060,0.00010
23.7480,-0.00297,-0.06059,0.00003
23.7520,-0.00291,-0.06058,-0.00004
23.7600,-0.00285,-0.06057,-0.00011
23.7640,-0.00279,-0.06067,-0.00016
23.7680,-0.00280,-0.06077,-0.00014
23.7720,-0.00280,-0.06088,-0.00013
23.7800,-0.00281,-0.06110,-0.00009
23.7840,-0.00281,-0.06121,-0.00008
23.7880,-0.00282,-0.06132,-0.00006
23.7960,-0.00282,-0.06144,-0.00004
23.8000,-0.00283,-0.06156,-0.00003
23.8040,-0.00284,-0.06181,0.00001
23.8080,-0.00285,-0.06194,0.00002
23.8120,-0.00285,-0.06208,0.00003
23.8200,-0.00286,-0.06401,0.00020
23.8240,-0.00276,-0.06361,0.00013
23.8280,-0.00262,-0.06335,0.00007
23.8320,-0.00250,-0.06302,0.00000
23.8360,-0.00239,-0.06270,-0.00006
23.8400,-0.00227,-0.06237,-0.00013
23.8440,-0.00218,-0.06198,-0.00019
23.8480,-0.00204,-0.06174,-0.00026
23.8520,-0.00192,-0.06142,-0.00032
23.8560,-0.00181,-0.06111,-0.00038
23.8640,-0.00167,-0.06088,-0.00044
23.8680,-0.00156,-0.06058,-0.00050
23.8760,-0.00143,-0.06036,-0.00055
23.8800,-0.00132,-0.06006,-0.00060
23.8840,-0.00122,-0.05976,-0.00066
23.8880,-0.00112,-0.05937,-0.00072
23.8960,-0.00109,-0.05968,-0.00069
23.9000,-0.00109,-0.05978,-0.00068
23.9040,-0.00108,-0.05990,-0.00066
23.9080,-0.00108,-0.06001,-0.00065
23.9160,-0.00107,-0.06012,-0.00064
23.9200,-0.00106,-0.06036,-0.00060
23.9240,-0.00105,-0.06049,-0.00059
23.9280,-0.00105,-0.06061,-0.00057
23.9440,-0.00102,-0.06115,-0.00050
23.9520,-0.00101,-0.06144,-0.00046
23.9560,-0.00092,-0.06364,-0.00014
23.9600,-0.00109,-0.06326,-0.00013
23.9680,-0.00128,-0.06295,-0.00011
23.9720,-0.00143,-0.06258,-0.00011
23.9760,-0.00159,-0.06222,-0.00010
23.9840,-0.00177,-0.06192,-0.00009
23.9880,-0.00192,-0.06155,-0.00009
23.9920,-0.00208,-0.06119,-0.00009
24.0000,-0.00224,-0.06083,-0.00009
24.0040,-0.00242,-0.06054,-0.00009
24.0080,-0.00258,-0.06019,-0.00010
24.0160,-0.00275,-0.05993,-0.00009
24.0240,-0.00293,-0.05968,-0.00010
24.0280,-0.00308,-0.05934,-0.00011
24.0320,-0.00322,-0.05900,-0.00013
24.0400,-0.00338,-0.05876,-0.00014
24.0440,-0.00339,-0.05886,-0.00014
24.0480,-0.00340,-0.05896,-0.00014
24.0520,-0.00340,-0.05907,-0.00014
24.0600,-0.00342,-0.05929,-0.00013
24.0640,-0.00342,-0.05940,-0.00013
24.0680,-0.00343,-0.05951,-0.00012
24.0720,-0.00343,-0.05963,-0.00012
24.0760,-0.00344,-0.05975,-0.00011
24.0800,-0.00337,-0.06132,-0.00004
24.0840,-0.00323,-0.06082,-0.00007
24.0880,-0.00300,-0.06026,-0.00013
24.0920,-0.00282,-0.05973,-0.00017
24.1000,-0.00260,-0.05920,-0.00022
24.1040,-0.00241,-0.05868,-0.00027
24.1080,-0.00227,-0.05817,-0.00030
24.1120,-0.00205,-0.05765,-0.00035
24.1160,-0.00186,-0.05714,-0.00039
24.1200,-0.00167,-0.05663,-0.00043
24.1280,-0.00144,-0.05612,-0.00047
24.1280,-0.00126,-0.05562,-0.00051
24.1360,-0.00108,-0.05512,-0.00055
24.1400,-0.00090,-0.05462,-0.00059
24.1400,-0.00075,-0.05411,-0.00063
24.1480,-0.00053,-0.05363,-0.00068
24.1520,-0.00053,-0.05363,-0.00068
24.1560,-0.00045,-0.05366,-0.00070
24.1600,-0.00041,-0.05368,-0.00072
24.1680,-0.00032,-0.05373,-0.00074
24.1720,-0.00028,-0.05376,-0.00075
24.1760,-0.00023,-0.05379,-0.00077
24.1840,-0.00013,-0.05386,-0.00080
24.1920,0.00056,-0.05479,-0.00113
24.2000,0.00041,-0.05515,-0.00112
24.2040,0.00025,-0.05541,-0.00110
24.2080,0.00009,-0.05555,-0.00106
24.2120,-0.00007,-0.05592,-0.00106
24.2160,-0.00022,-0.05619,-0.00103
24.2240,-0.00038,-0.05657,-0.00103
24.2280,-0.00054,-0.05671,-0.00099
24.2320,-0.00070,-0.05711,-0.00098
24.2360,-0.00086,-0.05724,-0.00095
24.2400,-0.00102,-0.05765,-0.00094
24.2440,-0.00118,-0.05792,-0.00092
24.2520,-0.00133,-0.05834,-0.00090
24.2520,-0.00149,-0.05848,-0.00087
24.2640,-0.00165,-0.05905,-0.00088
24.2640,-0.00181,-0.05934,-0.00087
24.2680,-0.00181,-0.05934,-0.00087
24.2760,-0.00181,-0.05949,-0.00089
24.2800,-0.00181,-0.05979,-0.00092
24.2840,-0.00182,-0.05995,-0.00094
24.2880,-0.00180,-0.06223,-0.00121
24.2920,-0.00178,-0.06166,-0.00115
24.2960,-0.00176,-0.06109,-0.00109
24.2960,-0.00174,-0.06053,-0.00104
24.3040,-0.00171,-0.05997,-0.00098
24.3120,-0.00168,-0.05941,-0.00092
24.3160,-0.00165,-0.05886,-0.00087
24.3200,-0.00162,-0.05830,-0.00081
24.3240,-0.00159,-0.05775,-0.00076
24.3280,-0.00155,-0.05720,-0.00070
24.3320,-0.00152,-0.05666,-0.00065
24.3320,-0.00150,-0.05609,-0.00059
24.3400,-0.00145,-0.05558,-0.00054
24.3440,-0.00142,-0.05504,-0.00048
24.3520,-0.00137,-0.05454,-0.00043
24.3560,-0.00134,-0.05401,-0.00037
24.3600,-0.00133,-0.05405,-0.00038
24.3640,-0.00132,-0.05410,-0.00038
24.3680,-0.00130,-0.05414,-0.00039
24.3720,-0.00129,-0.05419,-0.00039
24.3760,-0.00128,-0.05424,-0.00040
24.3800,-0.00126,-0.05430,-0.00041
24.3840,-0.00125,-0.05435,-0.00042
24.3880,-0.00123,-0.05441,-0.00042
24.3920,-0.00122,-0.05447,-0.00043
24.3960,-0.00120,-0.05453,-0.00044
24.4040,-0.00118,-0.05466,-0.00045
24.4120,-0.00114,-0.05480,-0.00045
24.4120,-0.00113,-0.05487,-0.00046
24.4200,-0.00111,-0.05494,-0.00046
24.4240,-0.00109,-0.05501,-0.00046
24.4280,-0.00108,-0.05509,-0.00047
24.4320,-0.00106,-0.05517,-0.00047
24.4360,-0.00106,-0.05517,-0.00047
24.4400,-0.00068,-0.05701,-0.00055
24.4440,-0.00063,-0.05673,-0.00058
24.4480,-0.00059,-0.05645,-0.00061
24.4560,-0.00053,-0.05621,-0.00065
24.4600,-0.00048,-0.05594,-0.00068
24.4640,-0.00043,-0.05568,-0.00070
24.4720,-0.00037,-0.05545,-0.00074
24.4760,-0.00032,-0.05519,-0.00076
24.4840,-0.00025,-0.05497,-0.00079
24.4880,-0.00020,-0.05470,-0.00081
24.4920,-0.00015,-0.05444,-0.00084
24.4960,-0.00010,-0.05418,-0.00086
24.5000,-0.00005,-0.05392,-0.00088
24.5040,0.00000,-0.05366,-0.00091
24.5080,0.00003,-0.05336,-0.00093
24.5120,0.00011,-0.05315,-0.00095
24.5160,0.00011,-0.05315,-0.00095
24.5200,0.00015,-0.05327,-0.00096
24.5280,0.00020,-0.05340,-0.00096
24.5280,0.00020,-0.05340,-0.00096
24.5320,0.00022,-0.05347,-0.00096
24.5360,0.00025,-0.05354,-0.00096
24.5400,0.00027,-0.05362,-0.00097
24.5440,0.00029,-0.05370,-0.00097
24.5480,0.00032,-0.05378,-0.00097
24.5520,0.00034,-0.05386,-0.00097
24.5560,0.00040,-0.05404,-0.00096
24.5640,0.00043,-0.05413,-0.00096
24.5680,0.00043,-0.05413,-0.00096
24.5720,0.00049,-0.05432,-0.00095
24.5760,0.00051,-0.05442,-0.00095
24.5840,0.00113,-0.05742,-0.00089
24.5880,0.00108,-0.05767,-0.00090
24.5920,0.00104,-0.05793,-0.00091
24.5920,0.00098,-0.05801,-0.00092
24.6000,0.00093,-0.05827,-0.00093
24.6040,0.00089,-0.05853,-0.00094
24.6080,0.00084,-0.05880,-0.00095
24.6120,0.00081,-0.05926,-0.00096
24.6160,0.00077,-0.05954,-0.00096
24.6200,0.00074,-0.06002,-0.00097
24.6320,0.00071,-0.06051,-0.00097
24.6360,0.00067,-0.06080,-0.00098
24.6440,0.00065,-0.06131,-0.00099
24.6480,0.00060,-0.06160,-0.00100
24.6560,0.00077,-0.06526,-0.00102
24.6600,0.00067,-0.06490,-0.00104
24.6640,0.00056,-0.06454,-0.00106
24.6680,0.00046,-0.06405,-0.00108
24.6720,0.00036,-0.06383,-0.00111
24.6760,0.00025,-0.06347,-0.00113
24.6840,0.00015,-0.06326,-0.00116
24.6880,0.00005,-0.06291,-0.00119
24.6920,-0.00005,-0.06270,-0.00123
24.7000,-0.00015,-0.06221,-0.00125
24.7040,-0.00026,-0.06200,-0.00128
24.7080,-0.00036,-0.06166,-0.00131
24.7120,-0.00046,-0.06132,-0.00133
24.7200,-0.00056,-0.06113,-0.00136
24.7200,-0.00066,-0.06080,-0.00138
24.7280,-0.00076,-0.06046,-0.00140
24.7320,-0.00076,-0.06062,-0.00140
24.7360,-0.00075,-0.06078,-0.00141
24.7400,-0.00075,-0.06094,-0.00141
24.7440,-0.00075,-0.06094,-0.00141
24.7480,-0.00074,-0.06127,-0.00142
24.7520,-0.00073,-0.06144,-0.00142
24.7560,-0.00073,-0.06161,-0.00142
24.7600,-0.00063,-0.06439,-0.00135
24.7680,-0.00072,-0.06368,-0.00128
24.7720,-0.00081,-0.06298,-0.00121
24.7760,-0.00090,-0.06227,-0.00115
24.7800,-0.00099,-0.06157,-0.00108
24.7840,-0.00108,-0.06086,-0.00101
24.7920,-0.00119,-0.06015,-0.00092
24.8000,-0.00129,-0.05944,-0.00084
24.8040,-0.00137,-0.05875,-0.00078
24.8080,-0.00146,-0.05806,-0.00071
24.8120,-0.00154,-0.05736,-0.00064
24.8160,-0.00163,-0.05667,-0.00057
24.8240,-0.00172,-0.05599,-0.00049
24.8280,-0.00181,-0.05530,-0.00042
24.8320,-0.00188,-0.05461,-0.00037
24.8360,-0.00200,-0.05388,-0.00020
24.8440,-0.00190,-0.05362,-0.00020
24.8520,-0.00180,-0.05338,-0.00020
24.8560,-0.00171,-0.05320,-0.00021
24.8600,-0.00162,-0.05302,-0.00021
24.8680,-0.00153,-0.05285,-0.00022
24.8720,-0.00144,-0.05268,-0.00023
24.8760,-0.00134,-0.05247,-0.00024
24.8840,-0.00125,-0.05231,-0.00025
24.8880,-0.00116,-0.05212,-0.00025
24.8920,-0.00108,-0.05196,-0.00026
24.8960,-0.00099,-0.05180,-0.00027
24.9000,-0.00091,-0.05164,-0.00028
24.9040,-0.00083,-0.05149,-0.00029
24.9080,-0.00075,-0.05136,-0.00030
24.9160,-0.00066,-0.05116,-0.00032
24.9200,-0.00066,-0.05114,-0.00033
24.9280,-0.00065,-0.05110,-0.00034
24.9320,-0.00065,-0.05109,-0.00035
24.9360,-0.00055,-0.05092,-0.00046
24.9400,-0.00029,-0.05064,-0.00055
24.9440,-0.00003,-0.05035,-0.00064
24.9520,0.00030,-0.04999,-0.00075
24.9560,0.00056,-0.04971,-0.00084
24.9600,0.00074,-0.04951,-0.00090
24.9640,0.00108,-0.04916,-0.00102
24.9680,0.00126,-0.04896,-0.00108
24.9720,0.00160,-0.04862,-0.00120
24.9760,0.00186,-0.04835,-0.00129
24.9800,0.00212,-0.04808,-0.00138
24.9840,0.00239,-0.04782,-0.00148
24.9880,0.00265,-0.04756,-0.00158
24.9920,0.00291,-0.04730,-0.00168
24.9960,0.00326,-0.04697,-0.00181
25.0040,0.00344,-0.04678,-0.00187
25.0080,0.00361,-0.04665,-0.00195
25.0120,0.00369,-0.04659,-0.00199
25.0200,0.00385,-0.04648,-0.00208
25.0280,0.00401,-0.04637,-0.00216
25.0360,0.00410,-0.04632,-0.00221
25.0360,0.00418,-0.04627,-0.00225
25.0440,0.00507,-0.04577,-0.00279
25.0480,0.00471,-0.04560,-0.00271
25.0520,0.00437,-0.04551,-0.00262
25.0560,0.00404,-0.04542,-0.00253
25.0600,0.00370,-0.04533,-0.00244
25.0600,0.00337,-0.04524,-0.00235
25.0680,0.00304,-0.04516,-0.00226
25.0720,0.00271,-0.04508,-0.00217
25.0760,0.00239,-0.04500,-0.00208
25.0800,0.00206,-0.04492,-0.00199
25.0840,0.00175,-0.04490,-0.00188
25.0880,0.00142,-0.04478,-0.00180
25.0920,0.00110,-0.04472,-0.00171
25.0960,0.00079,-0.04469,-0.00160
25.1040,0.00045,-0.04456,-0.00154
25.1080,0.00013,-0.04450,-0.00145
25.1120,0.00012,-0.04446,-0.00147
25.1160,0.00012,-0.04443,-0.00148
25.1200,0.00011,-0.04440,-0.00150
25.1280,0.00009,-0.04434,-0.00152
25.1280,0.00008,-0.04431,-0.00153
25.1360,0.00007,-0.04429,-0.00154
25.1440,0.00004,-0.04424,-0.00157
25.1480,-0.00010,-0.04401,-0.00173
25.1520,0.00004,-0.04409,-0.00167
25.1560,0.00018,-0.04417,-0.00160
25.1600,0.00032,-0.04426,-0.00154
25.1640,0.00046,-0.04434,-0.00147
25.1680,0.00060,-0.04443,-0.00141
25.1720,0.00074,-0.04452,-0.00134
25.1760,0.00088,-0.04461,-0.00128
25.1800,0.00101,-0.04470,-0.00121
25.1840,0.00115,-0.04479,-0.00115
25.1920,0.00131,-0.04489,-0.00108
25.1960,0.00145,-0.04498,-0.00102
25.2040,0.00160,-0.04508,-0.00096
25.2080,0.00174,-0.04518,-0.00089
25.2120,0.00189,-0.04528,-0.00084
25.2160,0.00201,-0.04537,-0.00077
25.2160,0.00203,-0.04538,-0.00077
25.2240,0.00205,-0.04540,-0.00078
25.2280,0.00207,-0.04541,-0.00078
25.2320,0.00209,-0.04543,-0.00078
25.2360,0.00210,-0.04545,-0.00078
25.2440,0.00225,-0.04581,-0.00079
25.2440,0.00218,-0.04579,-0.00076
25.2520,0.00208,-0.04585,-0.00072
25.2560,0.00199,-0.04588,-0.00068
25.2600,0.00191,-0.04591,-0.00065
25.2640,0.00182,-0.04593,-0.00061
25.2640,0.00174,-0.04597,-0.00058
25.2720,0.00165,-0.04600,-0.00055
25.2760,0.00156,-0.04604,-0.00051
25.2800,0.00148,-0.04608,-0.00048
25.2840,0.00139,-0.04613,-0.00044
25.2880,0.00129,-0.04617,-0.00041
25.2920,0.00120,-0.04622,-0.00037
25.2920,0.00113,-0.04621,-0.00034
25.3000,0.00100,-0.04633,-0.00029
25.3040,0.00093,-0.04632,-0.00027
25.3080,0.00088,-0.04645,-0.00025
25.3120,0.00085,-0.04651,-0.00024
25.3160,0.00082,-0.04658,-0.00024
25.3240,0.00076,-0.04672,-0.00022
25.3280,0.00074,-0.04679,-0.00022
25.3280,0.00074,-0.04679,-0.00022
25.3360,0.00046,-0.04769,-0.00017
25.3400,0.00048,-0.04781,-0.00019
25.3440,0.00050,-0.04794,-0.00022
25.3480,0.00051,-0.04807,-0.00024
25.3520,0.00052,-0.04820,-0.00027
25.3560,0.00053,-0.04833,-0.00030
25.3600,0.00055,-0.04846,-0.00032
25.3640,0.00056,-0.04859,-0.00035
25.3680,0.00057,-0.04872,-0.00037
25.3720,0.00058,-0.04886,-0.00040
25.3760,0.00062,-0.04887,-0.00042
25.3840,0.00059,-0.04925,-0.00045
25.3880,0.00060,-0.04939,-0.00047
25.3920,0.00062,-0.04954,-0.00050
25.3960,0.00063,-0.04968,-0.00053
25.4000,0.00064,-0.04983,-0.00056
25.4000,0.00062,-0.04996,-0.00056
25.4080,0.00061,-0.05009,-0.00057
25.4120,0.00059,-0.05022,-0.00057
25.4160,0.00057,-0.05035,-0.00058
25.4200,0.00056,-0.05048,-0.00058
25.4240,0.00054,-0.05061,-0.00058
25.4280,0.00053,-0.05075,-0.00059
25.4320,0.00051,-0.05089,-0.00059
25.4360,0.00050,-0.05102,-0.00059
25.4440,0.00047,-0.05130,-0.00060
25.4480,0.00045,-0.05144,-0.00060
25.4520,0.00029,-0.05370,-0.00063
25.4600,0.00040,-0.05411,-0.00069
25.4640,0.00051,-0.05432,-0.00075
25.4680,0.00061,-0.05453,-0.00081
25.4760,0.00074,-0.05496,-0.00088
25.4800,0.00084,-0.05518,-0.00094
25.4880,0.00097,-0.05562,-0.00101
25.4920,0.00107,-0.05584,-0.00108
25.4960,0.00117,-0.05606,-0.00114
25.5000,0.00127,-0.05628,-0.00120
25.5040,0.00137,-0.05651,-0.00126
25.5120,0.00149,-0.05697,-0.00133
25.5160,0.00160,-0.05721,-0.00140
25.5200,0.00170,-0.05744,-0.00146
25.5280,0.00182,-0.05793,-0.00154
25.5280,0.00191,-0.05792,-0.00159
25.5320,0.00193,-0.05817,-0.00160
25.5400,0.00199,-0.05893,-0.00167
25.5480,0.00202,-0.05919,-0.00169
25.5520,0.00202,-0.05919,-0.00169
25.5560,0.00206,-0.05971,-0.00174
25.5600,0.00209,-0.05997,-0.00177
25.5640,0.00211,-0.06024,-0.00179
25.5640,0.00257,-0.06541,-0.00239
25.5720,0.00230,-0.06480,-0.00230
25.5760,0.00199,-0.06432,-0.00223
25.5840,0.00167,-0.06386,-0.00216
25.5880,0.00139,-0.06327,-0.00208
25.5960,0.00108,-0.06282,-0.00201
25.6000,0.00080,-0.06223,-0.00193
25.6000,0.00057,-0.06149,-0.00184
25.6080,0.00029,-0.06090,-0.00176
25.6120,-0.00003,-0.06047,-0.00171
25.6160,-0.00030,-0.05989,-0.00163
25.6200,-0.00058,-0.05931,-0.00156
25.6280,-0.00089,-0.05889,-0.00151
25.6320,-0.00117,-0.05832,-0.00144
25.6360,-0.00145,-0.05775,-0.00136
25.6440,-0.00177,-0.05736,-0.00131
25.6480,-0.00181,-0.05754,-0.00133
25.6520,-0.00186,-0.05772,-0.00135
25.6520,-0.00252,-0.06052,-0.00168
25.6640,-0.00237,-0.06013,-0.00166
25.6680,-0.00222,-0.05969,-0.00163
25.6720,-0.00207,-0.05925,-0.00160
25.6760,-0.00192,-0.05881,-0.00156
25.6840,-0.00177,-0.05845,-0.00154
25.6880,-0.00162,-0.05802,-0.00151
25.6960,-0.00147,-0.05759,-0.00148
25.7000,-0.00131,-0.05724,-0.00146
25.7040,-0.00116,-0.05682,-0.00143
25.7080,-0.00101,-0.05640,-0.00140
25.7120,-0.00086,-0.05597,-0.00136
25.7160,-0.00071,-0.05555,-0.00133
25.7200,-0.00056,-0.05514,-0.00130
25.7240,-0.00041,-0.05472,-0.00127
25.7280,-0.00026,-0.05430,-0.00123
25.7360,-0.00027,-0.05449,-0.00126
25.7400,-0.00027,-0.05459,-0.00127
25.7440,-0.00031,-0.05614,-0.00140
25.7520,-0.00022,-0.05682,-0.00140
25.7560,-0.00014,-0.05726,-0.00139
25.7600,-0.00009,-0.05747,-0.00137
25.7600,-0.00002,-0.05791,-0.00136
25.7680,0.00008,-0.05860,-0.00136
25.7720,0.00016,-0.05905,-0.00135
25.7760,0.00024,-0.05950,-0.00134
25.7840,0.00035,-0.06020,-0.00134
25.7880,0.00043,-0.06066,-0.00133
25.7920,0.00051,-0.06111,-0.00132
25.7960,0.00059,-0.06157,-0.00131
25.8040,0.00071,-0.06229,-0.00131
25.8080,0.00079,-0.06275,-0.00130
25.8160,0.00091,-0.06348,-0.00130
25.8200,0.00099,-0.06395,-0.00129
25.8240,0.00103,-0.06422,-0.00129
25.8280,0.00106,-0.06449,-0.00130
25.8320,0.00110,-0.06476,-0.00130
25.8360,0.00113,-0.06504,-0.00130
25.8440,0.00117,-0.06532,-0.00131
25.8480,0.00125,-0.06588,-0.00132
25.8520,0.00129,-0.06616,-0.00132
25.8560,0.00133,-0.06645,-0.00133
25.8640,0.00140,-0.06703,-0.00134
25.8680,0.00212,-0.07275,-0.00141
25.8680,0.00188,-0.07188,-0.00140
25.8760,0.00163,-0.07101,-0.00139
25.8800,0.00138,-0.07015,-0.00138
25.8880,0.00112,-0.06938,-0.00137
25.8920,0.00087,-0.06852,-0.00136
25.8920,0.00062,-0.06765,-0.00135
25.9000,0.00037,-0.06679,-0.00134
25.9000,0.00014,-0.06583,-0.00132
25.9040,-0.00011,-0.06497,-0.00131
25.9120,-0.00036,-0.06411,-0.00129
25.9200,-0.00063,-0.06348,-0.00128
25.9240,-0.00088,-0.06262,-0.00126
25.9280,-0.00113,-0.06177,-0.00124
25.9360,-0.00138,-0.06092,-0.00123
25.9400,-0.00165,-0.06019,-0.00122
25.9440,-0.00167,-0.06031,-0.00122
25.9480,-0.00169,-0.06044,-0.00122
25.9520,-0.00171,-0.06057,-0.00122
25.9560,-0.00205,-0.06268,-0.00117
25.9640,-0.00201,-0.06232,-0.00114
25.9680,-0.00195,-0.06191,-0.00112
25.9720,-0.00190,-0.06156,-0.00109
25.9760,-0.00185,-0.06119,-0.00107
25.9800,-0.00180,-0.06081,-0.00105
25.9840,-0.00175,-0.06045,-0.00102
25.9880,-0.00170,-0.06008,-0.00100
25.9920,-0.00165,-0.05972,-0.00098
25.9960,-0.00160,-0.05936,-0.00096
26.0040,-0.00157,-0.05906,-0.00093
26.0120,-0.00152,-0.05871,-0.00091
26.0120,-0.00147,-0.05836,-0.00089
26.0120,-0.00141,-0.05795,-0.00087
26.0200,-0.00138,-0.05767,-0.00084
26.0280,-0.00134,-0.05740,-0.00081
26.0320,-0.00135,-0.05748,-0.00080
26.0360,-0.00137,-0.05756,-0.00080
26.0400,-0.00138,-0.05764,-0.00080
26.0400,-0.00139,-0.05772,-0.00080
26.0480,-0.00141,-0.05780,-0.00080
26.0520,-0.00165,-0.05935,-0.00072
26.0560,-0.00168,-0.05942,-0.00071
26.0600,-0.00170,-0.05951,-0.00071
26.0640,-0.00176,-0.05971,-0.00069
26.0720,-0.00175,-0.05968,-0.00069
26.0760,-0.00181,-0.05989,-0.00068
26.0840,-0.00184,-0.05999,-0.00067
26.0880,-0.00187,-0.06008,-0.00066
26.0920,-0.00192,-0.06031,-0.00065
26.0960,-0.00195,-0.06041,-0.00064
26.1040,-0.00200,-0.06065,-0.00063
26.1040,-0.00200,-0.06062,-0.00063
26.1120,-0.00205,-0.06086,-0.00062
26.1160,-0.00207,-0.06097,-0.00061
26.1200,-0.00210,-0.06108,-0.00061
26.1240,-0.00212,-0.06120,-0.00060
26.1280,-0.00214,-0.06135,-0.00059
26.1320,-0.00217,-0.06151,-0.00059
26.1360,-0.00219,-0.06166,-0.00058
26.1400,-0.00221,-0.06182,-0.00058
26.1480,-0.00226,-0.06214,-0.00057
26.1560,-0.00253,-0.06481,-0.00051
26.1640,-0.00247,-0.06469,-0.00056
26.1680,-0.00241,-0.06446,-0.00061
26.1720,-0.00235,-0.06423,-0.00066
26.1800,-0.00229,-0.06412,-0.00072
26.1880,-0.00223,-0.06402,-0.00078
26.1920,-0.00217,-0.06380,-0.00083
26.2000,-0.00211,-0.06370,-0.00088
26.2040,-0.00205,-0.06348,-0.00092
26.2080,-0.00199,-0.06327,-0.00096
26.2120,-0.00193,-0.06305,-0.00100
26.2160,-0.00188,-0.06285,-0.00104
26.2240,-0.00182,-0.06277,-0.00108
26.2280,-0.00176,-0.06257,-0.00113
26.2280,-0.00175,-0.06382,-0.00112
26.2360,-0.00176,-0.06435,-0.00114
26.2360,-0.00178,-0.06487,-0.00115
26.2440,-0.00180,-0.06540,-0.00117
26.2480,-0.00181,-0.06593,-0.00119
26.2520,-0.00183,-0.06646,-0.00120
26.2560,-0.00185,-0.06699,-0.00121
26.2600,-0.00187,-0.06783,-0.00122
26.2680,-0.00189,-0.06837,-0.00124
26.2760,-0.00190,-0.06891,-0.00125
26.2840,-0.00193,-0.07009,-0.00126
26.2880,-0.00195,-0.07064,-0.00128
26.2920,-0.00196,-0.07119,-0.00130
26.3000,-0.00199,-0.07206,-0.00132
26.3040,-0.00200,-0.07260,-0.00133
26.3080,-0.00202,-0.07315,-0.00135
26.3120,-0.00203,-0.07348,-0.00135
26.3160,-0.00203,-0.07348,-0.00135
26.3200,-0.00204,-0.07414,-0.00134
26.3280,-0.00205,-0.07482,-0.00134
26.3320,-0.00206,-0.07516,-0.00133
26.3400,-0.00208,-0.07585,-0.00132
26.3440,-0.00209,-0.07620,-0.00132
26.3480,-0.00209,-0.07620,-0.00132
26.3480,-0.00209,-0.07656,-0.00132
26.3560,-0.00210,-0.07691,-0.00131
26.3600,-0.00213,-0.07799,-0.00129
26.3680,-0.00215,-0.07836,-0.00128
26.3760,-0.00242,-0.08562,-0.00094
26.3840,-0.00246,-0.08399,-0.00090
26.3880,-0.00249,-0.08236,-0.00087
26.3920,-0.00252,-0.08074,-0.00084
26.3960,-0.00255,-0.07912,-0.00082
26.4000,-0.00258,-0.07751,-0.00079
26.4080,-0.00262,-0.07588,-0.00075
26.4120,-0.00264,-0.07427,-0.00072
26.4160,-0.00266,-0.07266,-0.00071
26.4200,-0.00269,-0.07104,-0.00067
26.4240,-0.00272,-0.06943,-0.00065
26.4280,-0.00273,-0.06782,-0.00063
26.4320,-0.00276,-0.06622,-0.00060
26.4400,-0.00279,-0.06463,-0.00056
26.4480,-0.00273,-0.06312,-0.00042
26.4520,-0.00261,-0.06282,-0.00047
26.4560,-0.00249,-0.06252,-0.00052
26.4640,-0.00237,-0.06222,-0.00057
26.4720,-0.00220,-0.06184,-0.00063
26.4760,-0.00209,-0.06155,-0.00069
26.4840,-0.00195,-0.06122,-0.00074
26.4880,-0.00185,-0.06097,-0.00078
26.4920,-0.00172,-0.06065,-0.00084
26.4960,-0.00160,-0.06037,-0.00089
26.5000,-0.00149,-0.06009,-0.00094
26.5040,-0.00137,-0.05981,-0.00099
26.5080,-0.00126,-0.05954,-0.00104
26.5120,-0.00114,-0.05927,-0.00109
26.5120,-0.00104,-0.05901,-0.00114
26.5200,-0.00091,-0.05873,-0.00120
26.5240,-0.00089,-0.05871,-0.00120
26.5280,-0.00087,-0.05870,-0.00120
26.5360,-0.00084,-0.05868,-0.00121
26.5400,-0.00082,-0.05867,-0.00122
26.5440,-0.00080,-0.05867,-0.00123
26.5480,-0.00079,-0.05867,-0.00123
26.5520,-0.00059,-0.05885,-0.00134
26.5560,-0.00070,-0.05945,-0.00133
26.5600,-0.00078,-0.05978,-0.00132
26.5640,-0.00088,-0.06024,-0.00131
26.5680,-0.00099,-0.06085,-0.00129
26.5760,-0.00110,-0.06147,-0.00128
26.5840,-0.00121,-0.06210,-0.00127
26.5880,-0.00131,-0.06258,-0.00126
26.5960,-0.00142,-0.06321,-0.00125
26.6000,-0.00151,-0.06354,-0.00123
26.6040,-0.00162,-0.06419,-0.00122
26.6080,-0.00171,-0.06467,-0.00121
26.6120,-0.00180,-0.06500,-0.00120
26.6160,-0.00191,-0.06565,-0.00119
26.6200,-0.00200,-0.06615,-0.00119
26.6240,-0.00209,-0.06664,-0.00118
26.6280,-0.00209,-0.06680,-0.00118
26.6320,-0.00210,-0.06697,-0.00119
26.6360,-0.00210,-0.06697,-0.00119
26.6400,-0.00211,-0.06730,-0.00121
26.6400,-0.00211,-0.06730,-0.00121
26.6480,-0.00212,-0.06747,-0.00121
26.6520,-0.00213,-0.06782,-0.00123
26.6560,-0.00219,-0.07049,-0.00138
26.6600,-0.00214,-0.07003,-0.00135
26.6640,-0.00208,-0.06957,-0.00132
26.6680,-0.00203,-0.06905,-0.00129
26.6720,-0.00197,-0.06860,-0.00126
26.6800,-0.00190,-0.06826,-0.00123
26.6840,-0.00184,-0.06781,-0.00120
26.6880,-0.00178,-0.06736,-0.00116
26.6920,-0.00172,-0.06691,-0.00113
26.7000,-0.00165,-0.06654,-0.00108
26.7040,-0.00161,-0.06603,-0.00106
26.7120,-0.00152,-0.06574,-0.00100
26.7160,-0.00146,-0.06530,-0.00097
26.7240,-0.00140,-0.06495,-0.00092
26.7280,-0.00134,-0.06451,-0.00089
26.7320,-0.00129,-0.06400,-0.00086
26.7360,-0.00128,-0.06417,-0.00084
26.7360,-0.00128,-0.06426,-0.00083
26.7440,-0.00126,-0.06546,-0.00068
26.7480,-0.00135,-0.06547,-0.00070
26.7480,-0.00140,-0.06535,-0.00073
26.7560,-0.00149,-0.06537,-0.00075
26.7560,-0.00154,-0.06524,-0.00078
26.7640,-0.00161,-0.06519,-0.00081
26.7680,-0.00171,-0.06523,-0.00082
26.7720,-0.00178,-0.06518,-0.00085
26.7760,-0.00185,-0.06514,-0.00087
26.7840,-0.00195,-0.06520,-0.00089
26.7880,-0.00203,-0.06517,-0.00092
26.7920,-0.00211,-0.06514,-0.00095
26.8000,-0.00221,-0.06522,-0.00098
26.8040,-0.00228,-0.06520,-0.00101
26.8080,-0.00236,-0.06518,-0.00104
26.8120,-0.00243,-0.06517,-0.00107
26.8160,-0.00246,-0.06528,-0.00107
26.8200,-0.00248,-0.06539,-0.00106
26.8240,-0.00251,-0.06550,-0.00106
26.8320,-0.00253,-0.06562,-0.00105
26.8360,-0.00256,-0.06573,-0.00104
26.8400,-0.00258,-0.06585,-0.00103
26.8440,-0.00264,-0.06610,-0.00101
26.8480,-0.00267,-0.06622,-0.00099
26.8520,-0.00267,-0.06622,-0.00099
26.8560,-0.00274,-0.06648,-0.00096
26.8600,-0.00277,-0.06661,-0.00095
26.8640,-0.00281,-0.06675,-0.00093
26.8720,-0.00289,-0.06702,-0.00089
26.8760,-0.00293,-0.06717,-0.00087
26.8840,-0.00396,-0.07052,-0.00023
26.8920,-0.00394,-0.07055,-0.00026
26.8920,-0.00392,-0.07058,-0.00029
26.9040,-0.00399,-0.07097,-0.00030
26.9080,-0.00397,-0.07100,-0.00033
26.9120,-0.00395,-0.07104,-0.00036
26.9200,-0.00398,-0.07127,-0.00038
26.9240,-0.00397,-0.07132,-0.00041
26.9280,-0.00396,-0.07137,-0.00045
26.9320,-0.00390,-0.07122,-0.00049
26.9360,-0.00394,-0.07147,-0.00051
26.9360,-0.00388,-0.07133,-0.00056
26.9440,-0.00392,-0.07159,-0.00057
26.9440,-0.00386,-0.07145,-0.00062
26.9520,-0.00385,-0.07151,-0.00065
26.9560,-0.00389,-0.07179,-0.00067
26.9600,-0.00395,-0.07200,-0.00066
26.9640,-0.00400,-0.07221,-0.00064
26.9680,-0.00405,-0.07243,-0.00063
26.9760,-0.00415,-0.07288,-0.00061
26.9800,-0.00420,-0.07310,-0.00059
26.9840,-0.00425,-0.07333,-0.00058
26.9920,-0.00429,-0.07356,-0.00056
26.9960,-0.00439,-0.07403,-0.00053
27.0000,-0.00445,-0.07427,-0.00052
27.0040,-0.00450,-0.07451,-0.00050
27.0080,-0.00455,-0.07475,-0.00048
27.0120,-0.00461,-0.07499,-0.00046
27.0160,-0.00587,-0.08089,-0.00001
27.0200,-0.00573,-0.08044,-0.00008
27.0240,-0.00567,-0.08046,-0.00014
27.0240,-0.00557,-0.08025,-0.00021
27.0320,-0.00547,-0.08005,-0.00028
27.0400,-0.00540,-0.08008,-0.00035
27.0480,-0.00534,-0.08013,-0.00041
27.0560,-0.00527,-0.08018,-0.00049
27.0600,-0.00517,-0.07998,-0.00056
27.0640,-0.00504,-0.07954,-0.00063
27.0720,-0.00497,-0.07959,-0.00070
27.0760,-0.00487,-0.07940,-0.00077
27.0800,-0.00481,-0.07947,-0.00084
27.0840,-0.00471,-0.07929,-0.00090
27.0880,-0.00462,-0.07910,-0.00097
27.0920,-0.00452,-0.07893,-0.00104
27.0960,-0.00456,-0.07919,-0.00103
27.1040,-0.00463,-0.07974,-0.00101
27.1080,-0.00466,-0.08001,-0.00100
27.1120,-0.00469,-0.08029,-0.00100
27.1160,-0.00505,-0.08356,-0.00090
27.1200,-0.00495,-0.08272,-0.00092
27.1240,-0.00485,-0.08188,-0.00094
27.1320,-0.00476,-0.08105,-0.00096
27.1360,-0.00466,-0.08022,-0.00098
27.1400,-0.00457,-0.07946,-0.00100
27.1520,-0.00447,-0.07880,-0.00103
27.1560,-0.00437,-0.07799,-0.00106
27.1600,-0.00428,-0.07717,-0.00108
27.1680,-0.00418,-0.07636,-0.00110
27.1720,-0.00407,-0.07564,-0.00113
27.1800,-0.00397,-0.07494,-0.00115
27.1800,-0.00387,-0.07404,-0.00117
27.1840,-0.00376,-0.07324,-0.00119
27.1920,-0.00366,-0.07255,-0.00121
27.1960,-0.00356,-0.07176,-0.00123
27.2000,-0.00355,-0.07187,-0.00123
27.2040,-0.00355,-0.07199,-0.00123
27.2080,-0.00355,-0.07211,-0.00122
27.2160,-0.00355,-0.07236,-0.00121
27.2240,-0.00355,-0.07262,-0.00120
27.2320,-0.00354,-0.07289,-0.00119
27.2360,-0.00354,-0.07303,-0.00118
27.2400,-0.00354,-0.07317,-0.00117
27.2440,-0.00354,-0.07332,-0.00116
27.2480,-0.00353,-0.07346,-0.00114
27.2560,-0.00352,-0.07604,-0.00090
27.2600,-0.00346,-0.07653,-0.00093
27.2640,-0.00341,-0.07678,-0.00096
27.2720,-0.00335,-0.07728,-0.00099
27.2760,-0.00330,-0.07754,-0.00102
27.2800,-0.00326,-0.07780,-0.00106
27.2840,-0.00321,-0.07806,-0.00109
27.2920,-0.00314,-0.07857,-0.00112
27.3000,-0.00308,-0.07909,-0.00115
27.3080,-0.00300,-0.07961,-0.00118
27.3120,-0.00295,-0.07989,-0.00121
27.3160,-0.00289,-0.08016,-0.00124
27.3240,-0.00282,-0.08071,-0.00126
27.3280,-0.00277,-0.08099,-0.00129
27.3280,-0.00273,-0.08100,-0.00133
27.3360,-0.00266,-0.08156,-0.00136
27.3360,-0.00264,-0.08183,-0.00135
27.3440,-0.00262,-0.08210,-0.00135
27.3520,-0.00258,-0.08265,-0.00133
27.3560,-0.00256,-0.08293,-0.00132
27.3600,-0.00254,-0.08321,-0.00132
27.3640,-0.00252,-0.08349,-0.00131
27.3680,-0.00250,-0.08377,-0.00130
27.3760,-0.00245,-0.08434,-0.00128
27.3800,-0.00188,-0.09094,-0.00107
27.3880,-0.00231,-0.09060,-0.00105
27.3920,-0.00268,-0.09007,-0.00103
27.3960,-0.00300,-0.08934,-0.00103
27.4000,-0.00337,-0.08881,-0.00102
27.4040,-0.00380,-0.08849,-0.00100
27.4120,-0.00423,-0.08819,-0.00099
27.4160,-0.00461,-0.08767,-0.00098
27.4200,-0.00498,-0.08716,-0.00097
27.4240,-0.00536,-0.08665,-0.00097
27.4280,-0.00573,-0.08614,-0.00096
27.4360,-0.00617,-0.08587,-0.00096
27.4400,-0.00718,-0.08786,-0.00104
27.4400,-0.00704,-0.08710,-0.00105
27.4480,-0.00690,-0.08641,-0.00109
27.4520,-0.00676,-0.08568,-0.00111
27.4560,-0.00662,-0.08492,-0.00112
27.4600,-0.00649,-0.08423,-0.00116
27.4640,-0.00635,-0.08350,-0.00119
27.4720,-0.00621,-0.08282,-0.00123
27.4760,-0.00608,-0.08210,-0.00125
27.4840,-0.00594,-0.08144,-0.00129
27.4880,-0.00581,-0.08072,-0.00132
27.4920,-0.00567,-0.08007,-0.00135
27.5000,-0.00553,-0.07936,-0.00137
27.5000,-0.00540,-0.07860,-0.00138
27.5080,-0.00526,-0.07789,-0.00140
27.5120,-0.00512,-0.07725,-0.00144
27.5160,-0.00512,-0.07731,-0.00146
27.5240,-0.00513,-0.07745,-0.00149
27.5320,-0.00513,-0.07752,-0.00150
27.5320,-0.00513,-0.07759,-0.00152
27.5400,-0.00513,-0.07774,-0.00155
27.5440,-0.00516,-0.07889,-0.00173
27.5480,-0.00523,-0.07931,-0.00167
27.5520,-0.00530,-0.07972,-0.00161
27.5560,-0.00535,-0.07994,-0.00156
27.5600,-0.00544,-0.08055,-0.00150
27.5680,-0.00552,-0.08117,-0.00143
27.5720,-0.00559,-0.08160,-0.00137
27.5760,-0.00565,-0.08202,-0.00130
27.5840,-0.00572,-0.08244,-0.00124
27.5880,-0.00581,-0.08308,-0.00118
27.5960,-0.00588,-0.08351,-0.00112
27.6000,-0.00597,-0.08416,-0.00106
27.6040,-0.00604,-0.08459,-0.00100
27.6080,-0.00610,-0.08503,-0.00094
27.6160,-0.00619,-0.08569,-0.00088
27.6200,-0.00626,-0.08613,-0.00083
27.6240,-0.00628,-0.08635,-0.00083
27.6280,-0.00630,-0.08658,-0.00083
27.6320,-0.00632,-0.08681,-0.00083
27.6360,-0.00648,-0.08920,-0.00087
27.6400,-0.00642,-0.08857,-0.00090
27.6440,-0.00636,-0.08795,-0.00092
27.6480,-0.00630,-0.08730,-0.00093
27.6520,-0.00623,-0.08671,-0.00096
27.6600,-0.00616,-0.08614,-0.00099
27.6640,-0.00609,-0.08553,-0.00100
27.6680,-0.00602,-0.08492,-0.00102
27.6720,-0.00595,-0.08432,-0.00104
27.6760,-0.00589,-0.08373,-0.00106
27.6840,-0.00582,-0.08314,-0.00107
27.6880,-0.00574,-0.08262,-0.00109
27.6920,-0.00568,-0.08203,-0.00111
27.6960,-0.00561,-0.08145,-0.00113
27.7000,-0.00554,-0.08087,-0.00115
27.7040,-0.00548,-0.08029,-0.00117
27.7080,-0.00547,-0.08037,-0.00117
27.7160,-0.00545,-0.08053,-0.00118
27.7200,-0.00545,-0.08061,-0.00118
27.7240,-0.00544,-0.08069,-0.00118
27.7280,-0.00543,-0.08078,-0.00119
27.7360,-0.00542,-0.08086,-0.00119
27.7360,-0.00541,-0.08095,-0.00119
27.7440,-0.00539,-0.08113,-0.00119
27.7520,-0.00515,-0.08274,-0.00115
27.7560,-0.00508,-0.08287,-0.00118
27.7560,-0.00500,-0.08301,-0.00121
27.7680,-0.00488,-0.08329,-0.00123
27.7720,-0.00480,-0.08343,-0.00126
27.7760,-0.00472,-0.08356,-0.00129
27.7840,-0.00461,-0.08386,-0.00133
27.7880,-0.00453,-0.08400,-0.00136
27.7920,-0.00445,-0.08415,-0.00139
27.7960,-0.00437,-0.08429,-0.00143
27.8000,-0.00429,-0.08444,-0.00146
27.8080,-0.00417,-0.08476,-0.00150
27.8120,-0.00409,-0.08492,-0.00153
27.8200,-0.00398,-0.08525,-0.00157
27.8280,-0.00385,-0.08559,-0.00161
27.8360,-0.00371,-0.08594,-0.00165
27.8400,-0.00367,-0.08612,-0.00166
27.8440,-0.00362,-0.08630,-0.00167
27.8480,-0.00357,-0.08649,-0.00167
27.8520,-0.00352,-0.08669,-0.00168
27.8560,-0.00348,-0.08688,-0.00169
27.8600,-0.00343,-0.08708,-0.00170
27.8680,-0.00333,-0.08749,-0.00171
27.8720,-0.00233,-0.09187,-0.00195
27.8760,-0.00267,-0.09145,-0.00190
27.8840,-0.00305,-0.09115,-0.00185
27.8920,-0.00342,-0.09087,-0.00180
27.8960,-0.00376,-0.09046,-0.00175
27.8960,-0.00410,-0.09006,-0.00170
27.9080,-0.00443,-0.08967,-0.00165
27.9120,-0.00480,-0.08942,-0.00160
27.9160,-0.00513,-0.08903,-0.00155
27.9200,-0.00547,-0.08864,-0.00150
27.9280,-0.00583,-0.08841,-0.00145
27.9320,-0.00617,-0.08802,-0.00140
27.9360,-0.00650,-0.08764,-0.00135
27.9400,-0.00684,-0.08726,-0.00131
27.9440,-0.00742,-0.08885,-0.00132
27.9480,-0.00711,-0.08858,-0.00136
27.9520,-0.00684,-0.08825,-0.00140
27.9560,-0.00658,-0.08791,-0.00143
27.9640,-0.00632,-0.08758,-0.00146
27.9680,-0.00601,-0.08733,-0.00150
27.9720,-0.00575,-0.08700,-0.00153
27.9760,-0.00550,-0.08668,-0.00157
27.9800,-0.00525,-0.08636,-0.00160
27.9840,-0.00499,-0.08604,-0.00163
27.9880,-0.00479,-0.08563,-0.00165
27.9920,-0.00449,-0.08541,-0.00170
28.0000,-0.00419,-0.08520,-0.00174
28.0040,-0.00399,-0.08479,-0.00176
28.0080,-0.00373,-0.08448,-0.00180
28.0120,-0.00344,-0.08428,-0.00184
28.0160,-0.00334,-0.08450,-0.00187
28.0280,-0.00325,-0.08473,-0.00190
28.0320,-0.00321,-0.08485,-0.00191
28.0360,-0.00316,-0.08497,-0.00192
28.0400,-0.00312,-0.08509,-0.00192
28.0480,-0.00302,-0.08533,-0.00194
28.0520,-0.00298,-0.08546,-0.00194
28.0600,-0.00288,-0.08571,-0.00196
28.0640,-0.00288,-0.08571,-0.00196
28.0680,-0.00279,-0.08597,-0.00197
28.0720,-0.00275,-0.08611,-0.00198
28.0760,-0.00271,-0.08624,-0.00199
28.0840,-0.00211,-0.08962,-0.00211
28.0880,-0.00258,-0.08972,-0.00205
28.0960,-0.00331,-0.09056,-0.00198
28.0960,-0.00378,-0.09067,-0.00193
28.1040,-0.00442,-0.09127,-0.00185
28.1120,-0.00507,-0.09189,-0.00178
28.1160,-0.00563,-0.09226,-0.00171
28.1200,-0.00619,-0.09263,-0.00165
28.1280,-0.00684,-0.09327,-0.00157
28.1320,-0.00740,-0.09365,-0.00151
28.1360,-0.00796,-0.09403,-0.00145
28.1400,-0.00852,-0.09441,-0.00139
28.1440,-0.00908,-0.09479,-0.00132
28.1480,-0.00964,-0.09518,-0.00126
28.1560,-0.01030,-0.09585,-0.00118
28.1600,-0.01086,-0.09624,-0.00112
28.1640,-0.01096,-0.09653,-0.00110
28.1680,-0.01105,-0.09682,-0.00109
28.1720,-0.01115,-0.09712,-0.00108
28.1760,-0.01125,-0.09742,-0.00107
28.1800,-0.01135,-0.09772,-0.00106
28.1840,-0.01145,-0.09802,-0.00105
28.1880,-0.01154,-0.09833,-0.00104
28.1920,-0.01164,-0.09864,-0.00103
28.1960,-0.01184,-0.09927,-0.00101
28.2040,-0.01194,-0.09959,-0.00100
28.2080,-0.01204,-0.09991,-0.00099
28.2120,-0.01408,-0.10677,-0.00073
28.2160,-0.01343,-0.10457,-0.00075
28.2240,-0.01274,-0.10224,-0.00077
28.2320,-0.01204,-0.09992,-0.00078
28.2360,-0.01139,-0.09773,-0.00080
28.2400,-0.01078,-0.09568,-0.00083
28.2440,-0.01009,-0.09336,-0.00084
28.2480,-0.00948,-0.09131,-0.00086
28.2520,-0.00879,-0.08900,-0.00088
28.2560,-0.00813,-0.08682,-0.00090
28.2640,-0.00744,-0.08453,-0.00091
28.2720,-0.00675,-0.08225,-0.00092
28.2760,-0.00609,-0.08008,-0.00094
28.2840,-0.00539,-0.07782,-0.00096
28.2880,-0.00474,-0.07566,-0.00099
28.2920,-0.00347,-0.07247,-0.00103
28.3000,-0.00354,-0.07289,-0.00105
28.3040,-0.00361,-0.07334,-0.00108
28.3080,-0.00370,-0.07377,-0.00110
28.3160,-0.00377,-0.07424,-0.00113
28.3200,-0.00385,-0.07468,-0.00115
28.3240,-0.00394,-0.07512,-0.00117
28.3320,-0.00401,-0.07561,-0.00121
28.3360,-0.00410,-0.07606,-0.00123
28.3400,-0.00419,-0.07647,-0.00125
28.3440,-0.00427,-0.07697,-0.00128
28.3520,-0.00435,-0.07750,-0.00132
28.3560,-0.00443,-0.07797,-0.00134
28.3600,-0.00452,-0.07844,-0.00136
28.3680,-0.00460,-0.07899,-0.00140
28.3720,-0.00470,-0.07939,-0.00141
28.3760,-0.00469,-0.07947,-0.00142
28.3760,-0.00468,-0.07955,-0.00143
28.3840,-0.00468,-0.07963,-0.00144
28.3880,-0.00468,-0.07980,-0.00146
28.3920,-0.00468,-0.07989,-0.00147
28.3960,-0.00468,-0.07998,-0.00148
28.4040,-0.00478,-0.08212,-0.00173
28.4080,-0.00483,-0.08223,-0.00170
28.4160,-0.00489,-0.08246,-0.00167
28.4200,-0.00494,-0.08257,-0.00164
28.4280,-0.00499,-0.08268,-0.00161
28.4320,-0.00505,-0.08295,-0.00158
28.4360,-0.00510,-0.08307,-0.00155
28.4400,-0.00515,-0.08320,-0.00152
28.4480,-0.00521,-0.08348,-0.00150
28.4520,-0.00526,-0.08362,-0.00147
28.4560,-0.00531,-0.08375,-0.00144
28.4640,-0.00539,-0.08405,-0.00142
28.4680,-0.00544,-0.08419,-0.00139
28.4720,-0.00549,-0.08433,-0.00136
28.4800,-0.00557,-0.08465,-0.00134
28.4840,-0.00563,-0.08480,-0.00131
28.4880,-0.00601,-0.08739,-0.00152
28.4920,-0.00601,-0.08709,-0.00151
28.4920,-0.00598,-0.08670,-0.00149
28.4960,-0.00598,-0.08641,-0.00147
28.5040,-0.00598,-0.08612,-0.00146
28.5080,-0.00600,-0.08594,-0.00146
28.5120,-0.00600,-0.08565,-0.00144
28.5160,-0.00600,-0.08537,-0.00143
28.5240,-0.00602,-0.08520,-0.00142
28.5280,-0.00602,-0.08492,-0.00140
28.5320,-0.00606,-0.08477,-0.00141
28.5400,-0.00606,-0.08450,-0.00140
28.5440,-0.00607,-0.08423,-0.00139
28.5480,-0.00607,-0.08396,-0.00138
28.5560,-0.00611,-0.08384,-0.00139
28.5640,-0.00612,-0.08358,-0.00138
28.5680,-0.00620,-0.08386,-0.00140
28.5680,-0.00624,-0.08400,-0.00140
28.5760,-0.00627,-0.08415,-0.00141
28.5800,-0.00631,-0.08429,-0.00141
28.5880,-0.00690,-0.08640,-0.00145
28.5960,-0.00679,-0.08592,-0.00143
28.6000,-0.00667,-0.08543,-0.00142
28.6000,-0.00655,-0.08494,-0.00141
28.6080,-0.00643,-0.08445,-0.00140
28.6120,-0.00632,-0.08397,-0.00139
28.6160,-0.00620,-0.08349,-0.00138
28.6200,-0.00608,-0.08301,-0.00137
28.6240,-0.00596,-0.08253,-0.00136
28.6320,-0.00584,-0.08209,-0.00135
28.6360,-0.00572,-0.08162,-0.00134
28.6440,-0.00560,-0.08120,-0.00133
28.6480,-0.00548,-0.08073,-0.00132
28.6520,-0.00536,-0.08028,-0.00131
28.6560,-0.00524,-0.07982,-0.00130
28.6600,-0.00512,-0.07931,-0.00129
28.6640,-0.00513,-0.07936,-0.00129
28.6720,-0.00515,-0.07953,-0.00128
28.6760,-0.00515,-0.07960,-0.00128
28.6840,-0.00516,-0.07972,-0.00127
28.6880,-0.00528,-0.08082,-0.00120
28.6960,-0.00528,-0.08069,-0.00118
28.7000,-0.00528,-0.08054,-0.00116
28.7040,-0.00528,-0.08040,-0.00115
28.7120,-0.00528,-0.08029,-0.00113
28.7160,-0.00528,-0.08015,-0.00112
28.7240,-0.00529,-0.08006,-0.00111
28.7280,-0.00530,-0.07993,-0.00110
28.7320,-0.00530,-0.07980,-0.00109
28.7360,-0.00530,-0.07967,-0.00108
28.7400,-0.00530,-0.07954,-0.00107
28.7480,-0.00531,-0.07947,-0.00106
28.7520,-0.00532,-0.07934,-0.00105
28.7560,-0.00533,-0.07922,-0.00105
28.7600,-0.00533,-0.07910,-0.00104
28.7640,-0.00532,-0.07893,-0.00104
28.7680,-0.00535,-0.07905,-0.00103
28.7720,-0.00536,-0.07911,-0.00103
28.7720,-0.00537,-0.07918,-0.00103
28.7760,-0.00538,-0.07925,-0.00103
28.7840,-0.00539,-0.07932,-0.00103
28.7880,-0.00544,-0.08046,-0.00111
28.7920,-0.00514,-0.07982,-0.00119
28.7960,-0.00483,-0.07918,-0.00126
28.8000,-0.00453,-0.07855,-0.00134
28.8040,-0.00422,-0.07791,-0.00141
28.8120,-0.00384,-0.07719,-0.00151
28.8160,-0.00354,-0.07656,-0.00159
28.8240,-0.00316,-0.07586,-0.00169
28.8280,-0.00286,-0.07524,-0.00177
28.8320,-0.00255,-0.07463,-0.00184
28.8360,-0.00232,-0.07408,-0.00190
28.8360,-0.00202,-0.07347,-0.00198
28.8440,-0.00165,-0.07280,-0.00208
28.8480,-0.00134,-0.07219,-0.00216
28.8520,-0.00104,-0.07159,-0.00224
28.8600,-0.00066,-0.07093,-0.00234
28.8640,-0.00058,-0.07088,-0.00235
28.8680,-0.00051,-0.07083,-0.00237
28.8760,-0.00036,-0.07074,-0.00240
28.8800,-0.00036,-0.07074,-0.00240
28.8840,-0.00021,-0.07066,-0.00242
28.8920,-0.00006,-0.07057,-0.00244
28.8920,0.00001,-0.07053,-0.00245
28.9000,0.00009,-0.07049,-0.00246
28.9040,0.00017,-0.07045,-0.00247
28.9080,0.00159,-0.07001,-0.00251
28.9120,0.00120,-0.07011,-0.00242
28.9160,0.00084,-0.07023,-0.00235
28.9240,0.00041,-0.07032,-0.00223
28.9280,0.00002,-0.07043,-0.00214
28.9320,-0.00035,-0.07055,-0.00207
28.9400,-0.00078,-0.07067,-0.00195
28.9440,-0.00118,-0.07080,-0.00186
28.9480,-0.00158,-0.07092,-0.00177
28.9560,-0.00200,-0.07107,-0.00166
28.9640,-0.00244,-0.07121,-0.00156
28.9680,-0.00284,-0.07135,-0.00147
28.9720,-0.00324,-0.07148,-0.00138
28.9760,-0.00363,-0.07162,-0.00129
28.9840,-0.00440,-0.07224,-0.00097
28.9880,-0.00423,-0.07226,-0.00100
28.9960,-0.00403,-0.07232,-0.00102
29.0000,-0.00385,-0.07235,-0.00105
29.0040,-0.00370,-0.07234,-0.00109
29.0040,-0.00350,-0.07241,-0.00112
29.0120,-0.00332,-0.07244,-0.00115
29.0200,-0.00311,-0.07252,-0.00117
29.0240,-0.00293,-0.07255,-0.00119
29.0280,-0.00275,-0.07259,-0.00122
29.0320,-0.00257,-0.07263,-0.00126
29.0360,-0.00240,-0.07267,-0.00129
29.0440,-0.00220,-0.07277,-0.00131
29.0480,-0.00205,-0.07276,-0.00135
29.0520,-0.00185,-0.07286,-0.00137
29.0560,-0.00167,-0.07292,-0.00140
29.0600,-0.00165,-0.07298,-0.00140
29.0640,-0.00162,-0.07305,-0.00139
29.0680,-0.00160,-0.07311,-0.00138
29.0720,-0.00157,-0.07318,-0.00138
29.0760,-0.00155,-0.07326,-0.00137
29.0840,-0.00150,-0.07341,-0.00135
29.0880,-0.00147,-0.07349,-0.00134
29.0920,-0.00122,-0.07508,-0.00119
29.0960,-0.00157,-0.07562,-0.00120
29.1000,-0.00193,-0.07616,-0.00122
29.1040,-0.00228,-0.07671,-0.00123
29.1120,-0.00269,-0.07751,-0.00124
29.1200,-0.00311,-0.07832,-0.00125
29.1240,-0.00345,-0.07888,-0.00127
29.1280,-0.00380,-0.07945,-0.00129
29.1320,-0.00414,-0.08001,-0.00130
29.1360,-0.00449,-0.08057,-0.00132
29.1400,-0.00484,-0.08114,-0.00133
29.1480,-0.00525,-0.08198,-0.00134
29.1560,-0.00566,-0.08282,-0.00134
29.1600,-0.00601,-0.08340,-0.00135
29.1640,-0.00635,-0.08397,-0.00137
29.1680,-0.00670,-0.08455,-0.00138
29.1720,-0.00676,-0.08482,-0.00137
29.1760,-0.00683,-0.08510,-0.00136
29.1840,-0.00696,-0.08566,-0.00134
29.1920,-0.00709,-0.08623,-0.00133
29.1960,-0.00709,-0.08623,-0.00133
29.2000,-0.00724,-0.08681,-0.00132
29.2080,-0.00738,-0.08740,-0.00131
29.2160,-0.00753,-0.08800,-0.00130
29.2200,-0.00760,-0.08830,-0.00130
29.2240,-0.00767,-0.08861,-0.00129
29.2320,-0.00781,-0.08923,-0.00129
29.2360,-0.00788,-0.08954,-0.00128
29.2400,-0.00927,-0.09585,-0.00126
29.2480,-0.00869,-0.09427,-0.00130
29.2520,-0.00804,-0.09267,-0.00135
29.2600,-0.00740,-0.09109,-0.00138
29.2680,-0.00676,-0.08952,-0.00143
29.2720,-0.00618,-0.08795,-0.00147
29.2760,-0.00561,-0.08639,-0.00151
29.2840,-0.00498,-0.08484,-0.00156
29.2880,-0.00446,-0.08328,-0.00160
29.2920,-0.00383,-0.08174,-0.00164
29.3000,-0.00320,-0.08021,-0.00169
29.3080,-0.00263,-0.07866,-0.00173
29.3120,-0.00200,-0.07714,-0.00178
29.3160,-0.00143,-0.07560,-0.00182
29.3200,-0.00086,-0.07406,-0.00186
29.3280,-0.00024,-0.07256,-0.00191
29.3320,-0.00018,-0.07260,-0.00191
29.3400,-0.00013,-0.07264,-0.00192
29.3440,-0.00007,-0.07268,-0.00193
29.3440,0.00004,-0.07277,-0.00195
29.3520,0.00004,-0.07277,-0.00195
29.3560,0.00015,-0.07287,-0.00197
29.3600,0.00020,-0.07292,-0.00197
29.3680,0.00108,-0.07415,-0.00214
29.3720,0.00074,-0.07379,-0.00210
29.3760,0.00040,-0.07343,-0.00206
29.3760,0.00006,-0.07308,-0.00202
29.3880,-0.00030,-0.07271,-0.00199
29.3920,-0.00065,-0.07237,-0.00196
29.3960,-0.00099,-0.07202,-0.00193
29.4040,-0.00135,-0.07168,-0.00190
29.4080,-0.00169,-0.07134,-0.00186
29.4160,-0.00205,-0.07101,-0.00182
29.4200,-0.00240,-0.07068,-0.00178
29.4240,-0.00274,-0.07035,-0.00174
29.4280,-0.00308,-0.07002,-0.00169
29.4360,-0.00342,-0.06970,-0.00165
29.4440,-0.00378,-0.06939,-0.00160
29.4480,-0.00413,-0.06909,-0.00154
29.4520,-0.00414,-0.06912,-0.00152
29.4560,-0.00435,-0.06990,-0.00118
29.4600,-0.00432,-0.07039,-0.00119
29.4640,-0.00430,-0.07128,-0.00119
29.4640,-0.00426,-0.07176,-0.00120
29.4720,-0.00423,-0.07245,-0.00120
29.4760,-0.00420,-0.07334,-0.00118
29.4840,-0.00417,-0.07403,-0.00117
29.4880,-0.00414,-0.07471,-0.00114
29.4920,-0.00411,-0.07558,-0.00101
29.5000,-0.00409,-0.07644,-0.00082
29.5040,-0.00406,-0.07710,-0.00069
29.5040,-0.00404,-0.07776,-0.00055
29.5120,-0.00401,-0.07842,-0.00039
29.5160,-0.00398,-0.07907,-0.00020
29.5200,-0.00395,-0.07972,0.00000
29.5240,-0.00391,-0.08037,0.00023
29.5280,-0.00391,-0.08070,0.00078
29.5360,-0.00391,-0.08087,0.00109
29.5400,-0.00390,-0.08119,0.00176
29.5440,-0.00390,-0.08119,0.00176
29.5520,-0.00388,-0.08151,0.00251
29.5560,-0.00388,-0.08151,0.00251
29.5600,-0.00386,-0.08182,0.00335
29.5680,-0.00384,-0.08214,0.00426
29.5720,-0.00382,-0.08229,0.00475
29.5760,-0.00380,-0.08245,0.00526
29.5840,-0.00251,-0.08566,0.02137
29.5880,-0.00095,-0.08748,0.02011
29.5960,0.00097,-0.09000,0.01930
29.6000,0.00253,-0.09181,0.01810
29.6000,0.00372,-0.09293,0.01644
29.6080,0.00565,-0.09543,0.01574
29.6120,0.00721,-0.09723,0.01459
29.6200,0.00914,-0.09971,0.01399
29.6240,0.01070,-0.10150,0.01288
29.6320,0.01263,-0.10394,0.01239
29.6360,0.01420,-0.10571,0.01134
29.6400,0.01576,-0.10748,0.01029
29.6440,0.01733,-0.10924,0.00927
29.6480,0.01889,-0.11099,0.00825
29.6520,0.02046,-0.11274,0.00725
29.6560,0.02885,-0.12241,0.01951
29.6600,0.03408,-0.12337,0.02646
29.6680,0.03934,-0.12430,0.03347
29.6720,0.04646,-0.12570,0.04368
29.6760,0.05177,-0.12658,0.05083
29.6800,0.05709,-0.12745,0.05803
29.6880,0.06436,-0.12871,0.06863
29.6920,0.06974,-0.12952,0.07598
29.6960,0.07513,-0.13031,0.08337
29.7040,0.08254,-0.13142,0.09437
29.7120,0.09002,-0.13245,0.10556
29.7160,0.09345,-0.13288,0.10950
29.7160,0.09894,-0.13357,0.11715
29.7240,0.10652,-0.13449,0.12865
29.7280,0.11206,-0.13512,0.13645
29.7320,0.11761,-0.13574,0.14430
29.7320,0.11761,-0.13574,0.14430
29.7360,0.11975,-0.13592,0.14826
29.7480,0.12628,-0.13633,0.16045
29.7520,0.12850,-0.13643,0.16461
29.7560,0.13073,-0.13651,0.16882
29.7560,0.13073,-0.13651,0.16882
29.7680,0.13754,-0.13662,0.18178
29.7720,0.13985,-0.13661,0.18620
29.7760,0.14218,-0.13658,0.19067
29.7840,0.14452,-0.13652,0.19519
29.7880,0.14688,-0.13645,0.19976
29.7960,0.15405,-0.13610,0.21367
29.8040,0.15891,-0.13576,0.22311
29.8080,0.16137,-0.13556,0.22786
29.8120,0.16383,-0.13534,0.23264
29.8200,0.16631,-0.13510,0.23744
29.8240,0.17131,-0.13456,0.24708
29.8320,0.17637,-0.13395,0.25677
29.8360,0.17637,-0.13395,0.25677
29.8400,0.18148,-0.13325,0.26652
29.8440,0.18406,-0.13287,0.27140
29.8440,0.18406,-0.13287,0.27140
29.8520,0.18926,-0.13206,0.28121
29.8560,0.19188,-0.13163,0.28612
29.8640,0.19716,-0.13070,0.29597
