t,x,y,z
0.0000,-0.00020,0.00085,0.00018
0.0000,-0.00022,0.00081,0.00012
0.0000,-0.00025,0.00077,0.00007
0.0080,-0.00030,0.00074,-0.00001
0.0080,-0.00032,0.00070,-0.00007
0.0160,-0.00035,0.00066,-0.00012
0.0200,-0.00035,0.00061,-0.00016
0.0200,-0.00038,0.00057,-0.00021
0.0280,-0.00040,0.00053,-0.00026
0.0320,-0.00044,0.00053,-0.00031
0.0360,-0.00047,0.00054,-0.00033
0.0400,-0.00049,0.00054,-0.00035
0.0480,-0.00051,0.00055,-0.00037
0.0480,-0.00053,0.00055,-0.00040
0.0520,-0.00083,0.00056,-0.00068
0.0560,-0.00080,0.00054,-0.00068
0.0640,-0.00078,0.00052,-0.00068
0.0720,-0.00076,0.00049,-0.00071
0.0760,-0.00074,0.00047,-0.00075
0.0800,-0.00071,0.00044,-0.00075
0.0840,-0.00068,0.00042,-0.00075
0.0920,-0.00066,0.00039,-0.00079
0.0960,-0.00063,0.00036,-0.00079
0.1000,-0.00060,0.00033,-0.00081
0.1040,-0.00056,0.00031,-0.00079
0.1080,-0.00052,0.00029,-0.00079
0.1160,-0.00049,0.00026,-0.00081
0.1200,-0.00046,0.00023,-0.00080
0.1240,-0.00042,0.00021,-0.00080
0.1280,-0.00039,0.00018,-0.00079
0.1360,-0.00040,0.00017,-0.00084
0.1360,-0.00041,0.00016,-0.00086
0.1440,-0.00042,0.00016,-0.00089
0.1480,-0.00042,0.00016,-0.00089
0.1480,-0.00050,0.00008,-0.00119
0.1600,-0.00047,0.00012,-0.00118
0.1600,-0.00043,0.00015,-0.00116
0.1640,-0.00040,0.00019,-0.00114
0.1680,-0.00037,0.00023,-0.00112
0.1720,-0.00034,0.00026,-0.00108
0.1760,-0.00030,0.00029,-0.00108
0.1840,-0.00027,0.00033,-0.00109
0.1840,-0.00024,0.00036,-0.00107
0.1920,-0.00022,0.00040,-0.00105
0.1960,-0.00019,0.00043,-0.00104
0.2000,-0.00016,0.00047,-0.00102
0.2040,-0.00013,0.00051,-0.00100
0.2080,-0.00010,0.00054,-0.00099
0.2160,-0.00007,0.00058,-0.00100
0.2240,-0.00004,0.00062,-0.00100
0.2240,-0.00004,0.00062,-0.00100
0.2360,-0.00006,0.00062,-0.00108
0.2440,-0.00006,0.00062,-0.00114
0.2480,-0.00007,0.00062,-0.00116
0.2520,-0.00015,0.00057,-0.00147
0.2600,-0.00013,0.00055,-0.00137
0.2680,-0.00010,0.00052,-0.00128
0.2720,-0.00008,0.00050,-0.00119
0.2800,-0.00005,0.00047,-0.00110
0.2880,-0.00002,0.00046,-0.00101
0.2920,0.00001,0.00044,-0.00092
0.2960,0.00003,0.00041,-0.00082
0.3000,0.00006,0.00039,-0.00073
0.3040,0.00009,0.00037,-0.00063
0.3040,0.00011,0.00034,-0.00053
0.3080,0.00013,0.00032,-0.00044
0.3160,0.00017,0.00030,-0.00035
0.3200,0.00020,0.00028,-0.00025
0.3240,0.00023,0.00026,-0.00015
0.3280,0.00026,0.00024,-0.00006
0.3320,0.00027,0.00024,-0.00006
0.3360,0.00029,0.00026,-0.00006
0.3440,0.00029,0.00026,-0.00006
0.3480,0.00037,0.00036,-0.00007
0.3520,0.00037,0.00030,-0.00005
0.3560,0.00037,0.00025,-0.00003
0.3600,0.00037,0.00020,-0.00001
0.3640,0.00037,0.00015,0.00000
0.3720,0.00038,0.00009,0.00001
0.3800,0.00038,0.00004,0.00002
0.3840,0.00038,-0.00002,0.00003
0.3920,0.00039,-0.00008,0.00003
0.3960,0.00039,-0.00013,0.00004
0.4040,0.00039,-0.00019,0.00004
0.4040,0.00038,-0.00023,0.00006
0.4080,0.00038,-0.00028,0.00007
0.4160,0.00038,-0.00034,0.00007
0.4200,0.00037,-0.00038,0.00008
0.4240,0.00037,-0.00043,0.00009
0.4320,0.00038,-0.00043,0.00006
0.4360,0.00038,-0.00043,0.00005
0.4400,0.00038,-0.00043,0.00005
0.4440,0.00038,-0.00044,0.00004
0.4440,0.00039,-0.00038,-0.00012
0.4520,0.00035,-0.00031,-0.00016
0.4560,0.00031,-0.00023,-0.00023
0.4600,0.00027,-0.00017,-0.00027
0.4680,0.00023,-0.00009,-0.00035
0.4760,0.00019,-0.00001,-0.00043
0.4800,0.00015,0.00005,-0.00047
0.4840,0.00012,0.00012,-0.00052
0.4880,0.00008,0.00018,-0.00056
0.4920,0.00005,0.00025,-0.00060
0.5000,0.00001,0.00032,-0.00068
0.5000,-0.00002,0.00037,-0.00069
0.5080,-0.00006,0.00044,-0.00077
0.5080,-0.00009,0.00049,-0.00078
0.5160,-0.00013,0.00056,-0.00087
0.5240,-0.00016,0.00062,-0.00095
0.5240,-0.00016,0.00063,-0.00098
0.5360,-0.00017,0.00065,-0.00106
0.5440,-0.00017,0.00066,-0.00115
0.5480,-0.00017,0.00067,-0.00119
0.5520,-0.00017,0.00068,-0.00124
0.5600,-0.00016,0.00075,-0.00196
0.5640,-0.00012,0.00071,-0.00187
0.5680,-0.00008,0.00067,-0.00178
0.5760,-0.00004,0.00063,-0.00172
0.5840,0.00001,0.00059,-0.00166
0.5880,0.00005,0.00055,-0.00157
0.5920,0.00009,0.00051,-0.00148
0.6000,0.00014,0.00047,-0.00143
0.6000,0.00018,0.00042,-0.00134
0.6080,0.00022,0.00038,-0.00126
0.6160,0.00027,0.00034,-0.00121
0.6200,0.00030,0.00030,-0.00110
0.6240,0.00034,0.00025,-0.00105
0.6280,0.00038,0.00021,-0.00097
0.6320,0.00042,0.00016,-0.00088
0.6400,0.00046,0.00012,-0.00083
0.6440,0.00047,0.00011,-0.00085
0.6480,0.00056,0.00006,-0.00115
0.6520,0.00056,0.00004,-0.00105
0.6560,0.00056,0.00001,-0.00095
0.6600,0.00055,-0.00001,-0.00085
0.6640,0.00055,-0.00003,-0.00075
0.6680,0.00054,-0.00005,-0.00065
0.6720,0.00053,-0.00007,-0.00056
0.6800,0.00053,-0.00010,-0.00046
0.6840,0.00053,-0.00012,-0.00037
0.6880,0.00052,-0.00015,-0.00027
0.6920,0.00052,-0.00017,-0.00017
0.7000,0.00052,-0.00021,-0.00008
0.7040,0.00051,-0.00023,0.00002
0.7080,0.00050,-0.00025,0.00011
0.7080,0.00049,-0.00027,0.00021
0.7120,0.00049,-0.00030,0.00031
0.7200,0.00049,-0.00030,0.00031
0.7240,0.00049,-0.00031,0.00032
0.7320,0.00050,-0.00033,0.00033
0.7360,0.00051,-0.00033,0.00033
0.7400,0.00052,-0.00035,0.00034
0.7480,0.00053,-0.00037,0.00034
0.7480,0.00054,-0.00038,0.00035
0.7560,0.00065,-0.00056,0.00043
0.7600,0.00061,-0.00050,0.00042
0.7640,0.00057,-0.00045,0.00042
0.7680,0.00053,-0.00038,0.00042
0.7800,0.00049,-0.00031,0.00042
0.7840,0.00044,-0.00025,0.00041
0.7880,0.00039,-0.00019,0.00041
0.7920,0.00035,-0.00012,0.00040
0.7960,0.00030,-0.00006,0.00039
0.8040,0.00025,0.00001,0.00038
0.8080,0.00020,0.00007,0.00037
0.8080,0.00015,0.00013,0.00036
0.8120,0.00010,0.00019,0.00035
0.8200,0.00006,0.00025,0.00034
0.8240,0.00000,0.00031,0.00033
0.8320,-0.00005,0.00038,0.00031
0.8360,-0.00005,0.00038,0.00031
0.8440,-0.00005,0.00039,0.00023
0.8480,-0.00005,0.00038,0.00023
0.8520,-0.00005,0.00037,0.00022
0.8560,-0.00005,0.00035,0.00021
0.8600,-0.00006,0.00034,0.00020
0.8640,-0.00005,0.00033,0.00019
0.8680,-0.00005,0.00032,0.00018
0.8720,-0.00005,0.00031,0.00018
0.8800,-0.00005,0.00030,0.00017
0.8840,-0.00005,0.00029,0.00016
0.8880,-0.00004,0.00028,0.00014
0.8960,-0.00002,0.00026,0.00013
0.9000,-0.00001,0.00024,0.00012
0.9040,-0.00001,0.00023,0.00011
0.9040,0.00000,0.00021,0.00010
0.9080,0.00001,0.00019,0.00010
0.9120,0.00002,0.00017,0.00009
0.9200,0.00002,0.00016,0.00009
0.9240,0.00003,0.00014,0.00009
0.9280,0.00004,0.00013,0.00009
0.9360,0.00004,0.00010,0.00008
0.9400,0.00005,0.00009,0.00008
0.9440,0.00005,0.00008,0.00008
0.9440,0.00005,0.00008,0.00008
0.9520,0.00005,0.00006,0.00007
0.9560,0.00005,0.00004,0.00006
0.9600,0.00006,0.00003,0.00005
0.9640,0.00006,0.00002,0.00004
0.9680,0.00006,0.00000,0.00004
0.9720,0.00006,-0.00001,0.00003
0.9800,0.00005,-0.00013,-0.00004
0.9840,0.00005,-0.00008,-0.00002
0.9880,0.00004,-0.00002,-0.00001
0.9920,0.00004,0.00003,0.00001
0.9960,0.00003,0.00008,0.00002
1.0040,0.00002,0.00015,0.00003
1.0040,0.00001,0.00020,0.00005
1.0120,0.00000,0.00025,0.00006
1.0160,-0.00001,0.00032,0.00007
1.0160,-0.00001,0.00037,0.00009
1.0240,-0.00002,0.00044,0.00010
1.0280,-0.00003,0.00050,0.00011
1.0320,-0.00003,0.00056,0.00013
1.0360,-0.00003,0.00061,0.00014
1.0400,-0.00003,0.00068,0.00015
1.0440,-0.00003,0.00074,0.00016
1.0520,-0.00002,0.00075,0.00015
1.0560,-0.00001,0.00076,0.00014
1.0600,-0.00001,0.00078,0.00013
1.0600,-0.00001,0.00078,0.00013
1.0680,0.00001,0.00081,0.00011
1.0720,0.00002,0.00082,0.00010
1.0800,0.00004,0.00083,0.00009
1.0880,0.00021,0.00088,-0.00002
1.0920,0.00021,0.00084,-0.00001
1.0960,0.00021,0.00081,-0.00000
1.1000,0.00020,0.00077,0.00001
1.1040,0.00020,0.00074,0.00002
1.1080,0.00020,0.00070,0.00002
1.1120,0.00019,0.00067,0.00003
1.1160,0.00019,0.00063,0.00004
1.1240,0.00019,0.00059,0.00005
1.1280,0.00018,0.00055,0.00006
1.1320,0.00018,0.00051,0.00007
1.1400,0.00018,0.00047,0.00008
1.1480,0.00019,0.00043,0.00008
1.1520,0.00019,0.00040,0.00009
1.1560,0.00019,0.00036,0.00010
1.1640,0.00020,0.00033,0.00010
1.1680,0.00021,0.00033,0.00010
1.1720,0.00021,0.00033,0.00010
1.1800,0.00023,0.00033,0.00009
1.1840,0.00024,0.00033,0.00009
1.1880,0.00024,0.00033,0.00009
1.1960,0.00037,0.00036,0.00011
1.2000,0.00035,0.00036,0.00012
1.2040,0.00033,0.00037,0.00014
1.2080,0.00031,0.00037,0.00015
1.2160,0.00030,0.00038,0.00016
1.2200,0.00028,0.00038,0.00018
1.2240,0.00027,0.00040,0.00019
1.2240,0.00025,0.00040,0.00020
1.2320,0.00023,0.00041,0.00021
1.2360,0.00021,0.00042,0.00022
1.2400,0.00020,0.00043,0.00023
1.2440,0.00017,0.00044,0.00024
1.2480,0.00015,0.00045,0.00024
1.2520,0.00013,0.00045,0.00026
1.2560,0.00011,0.00047,0.00026
1.2600,0.00009,0.00048,0.00027
1.2640,0.00008,0.00049,0.00027
1.2680,0.00008,0.00050,0.00027
1.2720,0.00008,0.00051,0.00027
1.2760,0.00009,0.00052,0.00027
1.2840,0.00009,0.00054,0.00028
1.2880,0.00009,0.00055,0.00028
1.2960,0.00008,0.00066,0.00035
1.3000,0.00010,0.00060,0.00035
1.3000,0.00011,0.00055,0.00035
1.3120,0.00012,0.00049,0.00036
1.3160,0.00013,0.00042,0.00036
1.3200,0.00013,0.00036,0.00036
1.3240,0.00014,0.00029,0.00036
1.3280,0.00015,0.00023,0.00036
1.3320,0.00016,0.00016,0.00035
1.3360,0.00016,0.00010,0.00035
1.3400,0.00017,0.00004,0.00035
1.3400,0.00017,-0.00003,0.00035
1.3480,0.00017,-0.00010,0.00034
1.3560,0.00017,-0.00018,0.00033
1.3600,0.00017,-0.00025,0.00033
1.3640,0.00017,-0.00032,0.00032
1.3680,0.00016,-0.00034,0.00032
1.3760,0.00016,-0.00036,0.00033
1.3800,0.00008,-0.00059,0.00035
1.3840,0.00007,-0.00060,0.00034
1.3880,0.00007,-0.00059,0.00032
1.3960,0.00007,-0.00061,0.00031
1.4000,0.00007,-0.00061,0.00030
1.4000,0.00007,-0.00061,0.00029
1.4080,0.00007,-0.00060,0.00028
1.4160,0.00007,-0.00062,0.00026
1.4200,0.00007,-0.00062,0.00025
1.4280,0.00007,-0.00065,0.00023
1.4320,0.00007,-0.00065,0.00022
1.4400,0.00008,-0.00068,0.00021
1.4440,0.00008,-0.00066,0.00020
1.4520,0.00009,-0.00071,0.00018
1.4560,0.00010,-0.00072,0.00016
1.4600,0.00011,-0.00072,0.00014
1.4600,0.00011,-0.00072,0.00014
1.4680,0.00011,-0.00072,0.00014
1.4720,0.00012,-0.00080,0.00012
1.4800,0.00019,-0.00104,0.00004
1.4800,0.00021,-0.00100,0.00007
1.4880,0.00022,-0.00096,0.00010
1.4920,0.00023,-0.00092,0.00013
1.4960,0.00025,-0.00087,0.00017
1.5000,0.00026,-0.00083,0.00020
1.5040,0.00027,-0.00079,0.00024
1.5040,0.00029,-0.00075,0.00028
1.5080,0.00029,-0.00070,0.00031
1.5160,0.00031,-0.00066,0.00036
1.5200,0.00031,-0.00062,0.00040
1.5240,0.00032,-0.00058,0.00044
1.5280,0.00032,-0.00054,0.00048
1.5320,0.00032,-0.00049,0.00053
1.5360,0.00032,-0.00045,0.00057
1.5400,0.00032,-0.00040,0.00061
1.5480,0.00032,-0.00041,0.00065
1.5560,0.00031,-0.00042,0.00069
1.5600,0.00030,-0.00043,0.00072
1.5640,0.00029,-0.00043,0.00074
1.5680,0.00029,-0.00044,0.00077
1.5720,0.00029,-0.00045,0.00079
1.5800,0.00024,-0.00058,0.00107
1.5840,0.00021,-0.00062,0.00101
1.5880,0.00017,-0.00065,0.00095
1.5920,0.00014,-0.00068,0.00090
1.5960,0.00010,-0.00072,0.00085
1.6000,0.00007,-0.00075,0.00079
1.6040,0.00003,-0.00078,0.00074
1.6080,-0.00001,-0.00081,0.00068
1.6160,-0.00005,-0.00086,0.00064
1.6200,-0.00009,-0.00090,0.00059
1.6240,-0.00013,-0.00093,0.00054
1.6320,-0.00018,-0.00097,0.00051
1.6360,-0.00021,-0.00100,0.00046
1.6360,-0.00024,-0.00102,0.00039
1.6440,-0.00028,-0.00105,0.00034
1.6480,-0.00031,-0.00108,0.00029
1.6520,-0.00033,-0.00112,0.00032
1.6600,-0.00035,-0.00117,0.00035
1.6640,-0.00035,-0.00117,0.00035
1.6680,-0.00037,-0.00122,0.00038
1.6720,-0.00038,-0.00124,0.00039
1.6760,-0.00039,-0.00127,0.00041
1.6800,-0.00040,-0.00130,0.00042
1.6880,-0.00049,-0.00169,0.00061
1.6920,-0.00045,-0.00168,0.00061
1.6960,-0.00041,-0.00165,0.00061
1.7000,-0.00038,-0.00162,0.00060
1.7040,-0.00034,-0.00159,0.00059
1.7080,-0.00031,-0.00156,0.00059
1.7120,-0.00027,-0.00154,0.00058
1.7200,-0.00025,-0.00153,0.00058
1.7240,-0.00021,-0.00151,0.00058
1.7280,-0.00018,-0.00148,0.00057
1.7320,-0.00014,-0.00145,0.00057
1.7360,-0.00011,-0.00143,0.00056
1.7400,-0.00007,-0.00140,0.00056
1.7440,-0.00004,-0.00137,0.00055
1.7520,-0.00001,-0.00136,0.00055
1.7560,0.00002,-0.00134,0.00055
1.7560,0.00001,-0.00135,0.00056
1.7640,0.00000,-0.00137,0.00057
1.7720,-0.00002,-0.00140,0.00059
1.7760,-0.00003,-0.00142,0.00060
1.7840,-0.00006,-0.00145,0.00063
1.7920,-0.00026,-0.00164,0.00086
1.7960,-0.00027,-0.00160,0.00085
1.8000,-0.00028,-0.00155,0.00085
1.8000,-0.00027,-0.00150,0.00082
1.8040,-0.00028,-0.00146,0.00082
1.8120,-0.00031,-0.00143,0.00083
1.8160,-0.00032,-0.00139,0.00083
1.8240,-0.00034,-0.00135,0.00084
1.8280,-0.00035,-0.00131,0.00083
1.8360,-0.00037,-0.00128,0.00085
1.8360,-0.00036,-0.00124,0.00083
1.8440,-0.00038,-0.00123,0.00086
1.8520,-0.00039,-0.00119,0.00085
1.8560,-0.00038,-0.00114,0.00083
1.8600,-0.00040,-0.00111,0.00084
1.8640,-0.00041,-0.00108,0.00083
1.8680,-0.00042,-0.00109,0.00084
1.8720,-0.00044,-0.00110,0.00085
1.8760,-0.00045,-0.00111,0.00086
1.8840,-0.00048,-0.00114,0.00089
1.8920,-0.00066,-0.00122,0.00092
1.8960,-0.00063,-0.00114,0.00085
1.9000,-0.00061,-0.00105,0.00078
1.9040,-0.00059,-0.00096,0.00072
1.9120,-0.00056,-0.00087,0.00065
1.9160,-0.00055,-0.00078,0.00057
1.9200,-0.00053,-0.00069,0.00051
1.9280,-0.00052,-0.00059,0.00043
1.9360,-0.00052,-0.00049,0.00035
1.9400,-0.00051,-0.00041,0.00028
1.9400,-0.00049,-0.00032,0.00022
1.9480,-0.00048,-0.00023,0.00015
1.9520,-0.00046,-0.00014,0.00008
1.9520,-0.00043,-0.00006,0.00002
1.9600,-0.00043,0.00005,-0.00005
1.9640,-0.00041,0.00014,-0.00012
1.9720,-0.00044,0.00017,-0.00015
1.9760,-0.00046,0.00019,-0.00016
1.9800,-0.00048,0.00021,-0.00018
1.9800,-0.00048,0.00021,-0.00018
1.9840,-0.00068,0.00049,-0.00039
1.9920,-0.00068,0.00048,-0.00039
1.9960,-0.00066,0.00046,-0.00037
2.0000,-0.00064,0.00044,-0.00035
2.0040,-0.00063,0.00042,-0.00033
2.0080,-0.00061,0.00040,-0.00031
2.0120,-0.00059,0.00037,-0.00030
2.0160,-0.00057,0.00035,-0.00028
2.0200,-0.00055,0.00033,-0.00025
2.0240,-0.00053,0.00031,-0.00023
2.0280,-0.00052,0.00028,-0.00021
2.0280,-0.00049,0.00025,-0.00019
2.0360,-0.00049,0.00024,-0.00017
2.0360,-0.00046,0.00021,-0.00015
2.0440,-0.00045,0.00020,-0.00014
2.0480,-0.00043,0.00019,-0.00013
2.0520,-0.00043,0.00019,-0.00013
2.0560,-0.00045,0.00022,-0.00016
2.0600,-0.00046,0.00023,-0.00017
2.0640,-0.00046,0.00025,-0.00019
2.0680,-0.00047,0.00026,-0.00021
2.0720,-0.00048,0.00028,-0.00023
2.0760,-0.00049,0.00029,-0.00025
2.0800,-0.00049,0.00031,-0.00027
2.0840,-0.00050,0.00033,-0.00029
2.0880,-0.00050,0.00035,-0.00031
2.0920,-0.00041,0.00063,-0.00069
2.0960,-0.00037,0.00058,-0.00061
2.1000,-0.00033,0.00053,-0.00052
2.1040,-0.00029,0.00048,-0.00044
2.1080,-0.00027,0.00042,-0.00036
2.1120,-0.00023,0.00037,-0.00027
2.1160,-0.00017,0.00032,-0.00019
2.1200,-0.00013,0.00026,-0.00012
2.1240,-0.00009,0.00021,-0.00004
2.1280,-0.00005,0.00015,0.00004
2.1320,-0.00002,0.00010,0.00012
2.1360,0.00002,0.00004,0.00020
2.1440,0.00006,-0.00001,0.00028
2.1480,0.00011,-0.00006,0.00037
2.1560,0.00017,-0.00010,0.00046
2.1600,0.00021,-0.00015,0.00054
2.1600,0.00022,-0.00015,0.00055
2.1720,0.00025,-0.00013,0.00055
2.1760,0.00026,-0.00012,0.00056
2.1760,0.00039,0.00002,0.00063
2.1840,0.00035,0.00002,0.00062
2.1880,0.00031,0.00001,0.00060
2.1920,0.00027,0.00000,0.00058
2.1960,0.00023,-0.00000,0.00057
2.2000,0.00019,-0.00001,0.00055
2.2080,0.00015,-0.00001,0.00053
2.2120,0.00012,-0.00000,0.00051
2.2160,0.00008,-0.00000,0.00049
2.2240,0.00004,0.00001,0.00046
2.2240,-0.00000,-0.00000,0.00044
2.2360,-0.00004,0.00004,0.00042
2.2400,-0.00008,0.00004,0.00040
2.2440,-0.00012,0.00005,0.00038
2.2480,-0.00015,0.00006,0.00037
2.2520,-0.00019,0.00006,0.00035
2.2560,-0.00019,0.00006,0.00035
2.2640,-0.00019,0.00012,0.00035
2.2640,-0.00019,0.00012,0.00035
2.2680,-0.00018,0.00014,0.00035
2.2680,-0.00018,0.00014,0.00035
2.2840,-0.00018,0.00020,0.00036
2.2880,-0.00011,0.00044,0.00042
2.2920,-0.00011,0.00047,0.00041
2.2960,-0.00012,0.00050,0.00040
2.3000,-0.00012,0.00052,0.00039
2.3080,-0.00012,0.00057,0.00039
2.3120,-0.00012,0.00059,0.00039
2.3160,-0.00012,0.00061,0.00039
2.3200,-0.00013,0.00063,0.00038
2.3280,-0.00013,0.00067,0.00039
2.3320,-0.00013,0.00070,0.00038
2.3400,-0.00013,0.00073,0.00038
2.3400,-0.00014,0.00075,0.00038
2.3440,-0.00014,0.00077,0.00037
2.3520,-0.00015,0.00077,0.00036
2.3600,-0.00015,0.00082,0.00035
2.3640,-0.00016,0.00082,0.00034
2.3680,-0.00016,0.00085,0.00033
2.3760,-0.00016,0.00086,0.00033
2.3800,-0.00016,0.00088,0.00032
2.3840,-0.00017,0.00089,0.00032
2.3880,-0.00026,0.00089,0.00024
2.3920,-0.00026,0.00075,0.00022
2.3960,-0.00026,0.00061,0.00020
2.4000,-0.00026,0.00050,0.00020
2.4000,-0.00027,0.00036,0.00018
2.4080,-0.00027,0.00021,0.00016
2.4120,-0.00028,0.00004,0.00015
2.4200,-0.00030,-0.00013,0.00012
2.4240,-0.00031,-0.00028,0.00011
2.4280,-0.00031,-0.00042,0.00009
2.4320,-0.00031,-0.00053,0.00008
2.4360,-0.00033,-0.00070,0.00005
2.4400,-0.00034,-0.00084,0.00003
2.4440,-0.00035,-0.00098,0.00001
2.4480,-0.00036,-0.00112,-0.00000
2.4520,-0.00037,-0.00126,-0.00002
2.4600,-0.00041,-0.00133,-0.00003
2.4640,-0.00041,-0.00133,-0.00003
2.4680,-0.00044,-0.00139,-0.00005
2.4720,-0.00046,-0.00143,-0.00005
2.4800,-0.00049,-0.00149,-0.00007
2.4800,-0.00051,-0.00153,-0.00008
2.4880,-0.00051,-0.00153,-0.00008
2.4960,-0.00082,-0.00192,-0.00015
2.5000,-0.00078,-0.00186,-0.00011
2.5000,-0.00073,-0.00180,-0.00007
2.5080,-0.00069,-0.00174,-0.00002
2.5120,-0.00064,-0.00168,0.00003
2.5160,-0.00060,-0.00162,0.00007
2.5200,-0.00058,-0.00157,0.00012
2.5240,-0.00054,-0.00151,0.00016
2.5280,-0.00050,-0.00146,0.00020
2.5360,-0.00048,-0.00141,0.00024
2.5400,-0.00044,-0.00135,0.00028
2.5440,-0.00041,-0.00128,0.00032
2.5480,-0.00037,-0.00122,0.00036
2.5520,-0.00033,-0.00115,0.00040
2.5560,-0.00029,-0.00108,0.00043
2.5640,-0.00026,-0.00101,0.00047
2.5640,-0.00026,-0.00101,0.00047
2.5760,-0.00030,-0.00100,0.00045
2.5800,-0.00031,-0.00100,0.00045
2.5840,-0.00033,-0.00100,0.00044
2.5880,-0.00033,-0.00100,0.00044
2.5920,-0.00051,-0.00083,0.00030
2.5960,-0.00047,-0.00080,0.00028
2.6040,-0.00044,-0.00074,0.00024
2.6080,-0.00040,-0.00072,0.00022
2.6120,-0.00037,-0.00069,0.00019
2.6160,-0.00033,-0.00066,0.00017
2.6200,-0.00029,-0.00064,0.00015
2.6240,-0.00025,-0.00061,0.00013
2.6320,-0.00023,-0.00056,0.00011
2.6400,-0.00020,-0.00050,0.00008
2.6440,-0.00017,-0.00047,0.00006
2.6520,-0.00014,-0.00042,0.00003
2.6600,-0.00010,-0.00039,0.00001
2.6640,-0.00006,-0.00036,-0.00001
2.6680,-0.00003,-0.00031,-0.00004
2.6720,0.00000,-0.00028,-0.00006
2.6800,-0.00010,-0.00006,-0.00013
2.6880,-0.00007,-0.00011,-0.00008
2.6920,-0.00004,-0.00017,-0.00004
2.6960,-0.00000,-0.00023,0.00000
2.7000,0.00003,-0.00029,0.00004
2.7040,0.00007,-0.00035,0.00008
2.7080,0.00010,-0.00041,0.00012
2.7080,0.00014,-0.00047,0.00016
2.7160,0.00016,-0.00052,0.00020
2.7200,0.00019,-0.00057,0.00024
2.7240,0.00022,-0.00063,0.00028
2.7240,0.00025,-0.00068,0.00032
2.7360,0.00026,-0.00072,0.00036
2.7440,0.00027,-0.00077,0.00041
2.7480,0.00031,-0.00084,0.00045
2.7520,0.00034,-0.00090,0.00049
2.7520,0.00033,-0.00089,0.00050
2.7600,0.00029,-0.00088,0.00051
2.7600,0.00029,-0.00088,0.00051
2.7680,0.00026,-0.00086,0.00052
2.7720,0.00025,-0.00085,0.00053
2.7760,0.00024,-0.00084,0.00053
2.7840,0.00010,-0.00077,0.00061
2.7920,0.00010,-0.00075,0.00060
2.7960,0.00010,-0.00074,0.00059
2.8000,0.00011,-0.00073,0.00058
2.8040,0.00011,-0.00071,0.00056
2.8040,0.00012,-0.00070,0.00055
2.8160,0.00011,-0.00067,0.00053
2.8200,0.00012,-0.00065,0.00052
2.8240,0.00012,-0.00064,0.00050
2.8280,0.00013,-0.00062,0.00049
2.8320,0.00013,-0.00060,0.00047
2.8360,0.00013,-0.00058,0.00046
2.8400,0.00015,-0.00058,0.00045
2.8480,0.00011,-0.00053,0.00042
2.8520,0.00011,-0.00051,0.00041
2.8600,0.00008,-0.00048,0.00039
2.8640,0.00006,-0.00046,0.00038
2.8640,0.00006,-0.00046,0.00038
2.8760,-0.00001,-0.00041,0.00035
2.8800,-0.00004,-0.00039,0.00034
2.8880,-0.00011,-0.00035,0.00032
2.8960,-0.00071,-0.00014,0.00015
2.9000,-0.00071,-0.00016,0.00018
2.9080,-0.00074,-0.00017,0.00021
2.9120,-0.00070,-0.00020,0.00025
2.9160,-0.00074,-0.00021,0.00028
2.9200,-0.00074,-0.00023,0.00032
2.9280,-0.00079,-0.00024,0.00035
2.9320,-0.00079,-0.00026,0.00038
2.9360,-0.00080,-0.00028,0.00041
2.9440,-0.00084,-0.00030,0.00043
2.9480,-0.00085,-0.00033,0.00046
2.9480,-0.00086,-0.00035,0.00049
2.9560,-0.00087,-0.00038,0.00053
2.9600,-0.00084,-0.00041,0.00056
2.9680,-0.00094,-0.00044,0.00059
2.9680,-0.00091,-0.00046,0.00062
2.9760,-0.00100,-0.00047,0.00061
2.9800,-0.00105,-0.00048,0.00061
2.9800,-0.00110,-0.00048,0.00061
2.9880,-0.00178,-0.00061,0.00063
2.9920,-0.00176,-0.00071,0.00062
2.9960,-0.00170,-0.00079,0.00061
3.0000,-0.00164,-0.00086,0.00059
3.0080,-0.00161,-0.00096,0.00058
3.0160,-0.00159,-0.00106,0.00055
3.0160,-0.00150,-0.00111,0.00055
3.0240,-0.00147,-0.00122,0.00052
3.0280,-0.00142,-0.00129,0.00051
3.0360,-0.00139,-0.00140,0.00048
3.0440,-0.00136,-0.00151,0.00046
3.0440,-0.00130,-0.00159,0.00044
3.0520,-0.00124,-0.00167,0.00042
3.0600,-0.00121,-0.00178,0.00041
3.0640,-0.00112,-0.00183,0.00040
3.0680,-0.00110,-0.00195,0.00039
3.0720,-0.00113,-0.00199,0.00039
3.0760,-0.00117,-0.00203,0.00040
3.0800,-0.00120,-0.00207,0.00040
3.0880,-0.00161,-0.00259,0.00049
3.0920,-0.00150,-0.00257,0.00053
3.0960,-0.00139,-0.00255,0.00057
3.1000,-0.00128,-0.00253,0.00060
3.1080,-0.00118,-0.00252,0.00065
3.1120,-0.00107,-0.00250,0.00069
3.1200,-0.00098,-0.00249,0.00073
3.1240,-0.00087,-0.00247,0.00077
3.1280,-0.00076,-0.00245,0.00080
3.1360,-0.00067,-0.00244,0.00084
3.1400,-0.00056,-0.00242,0.00088
3.1440,-0.00046,-0.00239,0.00091
3.1440,-0.00035,-0.00236,0.00095
3.1520,-0.00024,-0.00233,0.00098
3.1560,-0.00014,-0.00231,0.00102
3.1600,-0.00003,-0.00228,0.00105
3.1640,-0.00004,-0.00229,0.00106
3.1680,-0.00006,-0.00231,0.00107
3.1720,-0.00008,-0.00233,0.00108
3.1800,-0.00009,-0.00235,0.00109
3.1840,-0.00013,-0.00239,0.00111
3.1880,-0.00015,-0.00241,0.00112
3.1920,-0.00016,-0.00243,0.00113
3.1960,-0.00018,-0.00246,0.00114
3.2040,-0.00023,-0.00251,0.00116
3.2080,-0.00025,-0.00254,0.00116
3.2120,-0.00027,-0.00256,0.00117
3.2160,-0.00029,-0.00259,0.00118
3.2200,-0.00061,-0.00300,0.00125
3.2240,-0.00059,-0.00292,0.00120
3.2240,-0.00055,-0.00283,0.00116
3.2320,-0.00056,-0.00277,0.00111
3.2360,-0.00054,-0.00270,0.00106
3.2440,-0.00054,-0.00265,0.00101
3.2480,-0.00053,-0.00258,0.00096
3.2560,-0.00054,-0.00253,0.00090
3.2600,-0.00052,-0.00245,0.00086
3.2640,-0.00051,-0.00238,0.00081
3.2680,-0.00049,-0.00231,0.00077
3.2720,-0.00048,-0.00223,0.00072
3.2800,-0.00048,-0.00218,0.00068
3.2840,-0.00046,-0.00211,0.00064
3.2880,-0.00044,-0.00204,0.00060
3.2920,-0.00042,-0.00196,0.00055
3.2960,-0.00043,-0.00198,0.00055
3.3000,-0.00044,-0.00200,0.00055
3.3040,-0.00046,-0.00201,0.00055
3.3120,-0.00048,-0.00204,0.00055
3.3120,-0.00048,-0.00204,0.00055
3.3160,-0.00049,-0.00206,0.00054
3.3240,-0.00051,-0.00209,0.00054
3.3280,-0.00052,-0.00210,0.00054
3.3320,-0.00052,-0.00210,0.00054
3.3360,-0.00055,-0.00212,0.00054
3.3400,-0.00056,-0.00214,0.00054
3.3440,-0.00057,-0.00215,0.00054
3.3440,-0.00057,-0.00215,0.00054
3.3520,-0.00059,-0.00217,0.00054
3.3560,-0.00071,-0.00231,0.00057
3.3640,-0.00068,-0.00222,0.00060
3.3680,-0.00066,-0.00212,0.00062
3.3720,-0.00063,-0.00202,0.00064
3.3800,-0.00060,-0.00193,0.00068
3.3880,-0.00056,-0.00182,0.00071
3.3920,-0.00053,-0.00172,0.00073
3.3960,-0.00051,-0.00162,0.00076
3.4040,-0.00048,-0.00151,0.00079
3.4040,-0.00045,-0.00141,0.00082
3.4080,-0.00043,-0.00131,0.00085
3.4120,-0.00040,-0.00121,0.00089
3.4200,-0.00038,-0.00111,0.00092
3.4240,-0.00036,-0.00102,0.00096
3.4320,-0.00033,-0.00092,0.00101
3.4360,-0.00031,-0.00083,0.00104
3.4440,-0.00031,-0.00084,0.00109
3.4440,-0.00031,-0.00084,0.00109
3.4520,-0.00036,-0.00098,0.00143
3.4560,-0.00036,-0.00095,0.00144
3.4560,-0.00037,-0.00089,0.00142
3.4640,-0.00039,-0.00089,0.00149
3.4720,-0.00039,-0.00084,0.00147
3.4760,-0.00041,-0.00082,0.00151
3.4800,-0.00042,-0.00078,0.00153
3.4880,-0.00043,-0.00075,0.00154
3.4920,-0.00045,-0.00072,0.00158
3.4960,-0.00047,-0.00068,0.00159
3.4960,-0.00048,-0.00064,0.00161
3.5040,-0.00050,-0.00060,0.00162
3.5120,-0.00051,-0.00057,0.00164
3.5160,-0.00054,-0.00054,0.00168
3.5200,-0.00055,-0.00050,0.00170
3.5240,-0.00056,-0.00046,0.00171
3.5280,-0.00057,-0.00048,0.00174
3.5360,-0.00060,-0.00050,0.00181
3.5400,-0.00060,-0.00050,0.00181
3.5440,-0.00062,-0.00052,0.00188
3.5480,-0.00063,-0.00052,0.00191
3.5520,-0.00063,-0.00052,0.00191
3.5520,-0.00076,-0.00059,0.00230
3.5600,-0.00075,-0.00058,0.00224
3.5680,-0.00073,-0.00058,0.00218
3.5720,-0.00071,-0.00057,0.00211
3.5800,-0.00069,-0.00057,0.00206
3.5800,-0.00067,-0.00057,0.00199
3.5880,-0.00064,-0.00056,0.00190
3.5920,-0.00063,-0.00056,0.00185
3.5960,-0.00061,-0.00056,0.00179
3.6000,-0.00059,-0.00055,0.00172
3.6040,-0.00057,-0.00055,0.00166
3.6120,-0.00056,-0.00056,0.00161
3.6160,-0.00054,-0.00056,0.00154
3.6200,-0.00051,-0.00055,0.00145
3.6280,-0.00069,-0.00072,0.00153
3.6320,-0.00070,-0.00072,0.00149
3.6360,-0.00071,-0.00072,0.00145
3.6440,-0.00074,-0.00073,0.00140
3.6480,-0.00075,-0.00073,0.00136
3.6520,-0.00075,-0.00073,0.00132
3.6560,-0.00074,-0.00072,0.00128
3.6600,-0.00077,-0.00073,0.00123
3.6640,-0.00078,-0.00074,0.00118
3.6680,-0.00080,-0.00074,0.00113
3.6720,-0.00081,-0.00074,0.00109
3.6760,-0.00082,-0.00075,0.00104
3.6840,-0.00086,-0.00076,0.00098
3.6880,-0.00087,-0.00076,0.00094
3.6920,-0.00088,-0.00077,0.00089
3.6960,-0.00089,-0.00077,0.00084
3.7040,-0.00094,-0.00079,0.00082
3.7080,-0.00096,-0.00080,0.00082
3.7120,-0.00098,-0.00081,0.00081
3.7120,-0.00098,-0.00081,0.00081
3.7200,-0.00103,-0.00083,0.00080
3.7280,-0.00108,-0.00085,0.00078
3.7320,-0.00110,-0.00086,0.00078
3.7360,-0.00113,-0.00086,0.00077
3.7400,-0.00113,-0.00086,0.00077
3.7480,-0.00138,-0.00091,0.00070
3.7520,-0.00132,-0.00087,0.00072
3.7600,-0.00127,-0.00084,0.00075
3.7640,-0.00121,-0.00080,0.00078
3.7680,-0.00114,-0.00077,0.00080
3.7720,-0.00109,-0.00073,0.00083
3.7800,-0.00103,-0.00070,0.00086
3.7880,-0.00096,-0.00066,0.00089
3.7920,-0.00089,-0.00061,0.00092
3.7960,-0.00083,-0.00057,0.00095
3.8000,-0.00075,-0.00053,0.00098
3.8040,-0.00068,-0.00049,0.00101
3.8120,-0.00061,-0.00044,0.00105
3.8160,-0.00054,-0.00040,0.00108
3.8200,-0.00047,-0.00036,0.00111
3.8240,-0.00040,-0.00032,0.00114
3.8280,-0.00040,-0.00032,0.00115
3.8320,-0.00040,-0.00032,0.00115
3.8360,-0.00040,-0.00031,0.00116
3.8480,-0.00041,-0.00030,0.00117
3.8480,-0.00041,-0.00030,0.00117
3.8520,-0.00041,-0.00029,0.00118
3.8600,-0.00049,-0.00025,0.00125
3.8640,-0.00046,-0.00020,0.00125
3.8680,-0.00043,-0.00016,0.00125
3.8720,-0.00040,-0.00012,0.00124
3.8800,-0.00038,-0.00009,0.00123
3.8800,-0.00035,-0.00005,0.00123
3.8880,-0.00032,-0.00000,0.00122
3.8880,-0.00029,0.00002,0.00121
3.8960,-0.00027,0.00007,0.00121
3.8960,-0.00024,0.00010,0.00120
3.9040,-0.00022,0.00015,0.00120
3.9080,-0.00020,0.00020,0.00120
3.9160,-0.00017,0.00024,0.00119
3.9200,-0.00015,0.00028,0.00118
3.9240,-0.00012,0.00031,0.00117
3.9280,-0.00009,0.00036,0.00117
3.9320,-0.00009,0.00038,0.00118
3.9400,-0.00009,0.00042,0.00120
3.9440,-0.00009,0.00044,0.00121
3.9480,-0.00009,0.00046,0.00123
3.9520,-0.00009,0.00048,0.00124
3.9560,-0.00009,0.00050,0.00126
3.9600,-0.00009,0.00053,0.00127
3.9640,-0.00008,0.00055,0.00129
3.9640,-0.00008,0.00057,0.00130
3.9760,-0.00008,0.00057,0.00130
3.9800,-0.00006,0.00063,0.00135
3.9840,-0.00006,0.00066,0.00136
3.9880,0.00005,0.00097,0.00158
3.9920,0.00004,0.00094,0.00155
3.9960,0.00003,0.00092,0.00152
4.0000,0.00002,0.00089,0.00149
4.0040,0.00001,0.00087,0.00146
4.0080,0.00000,0.00084,0.00143
4.0080,-0.00001,0.00081,0.00139
4.0160,-0.00002,0.00078,0.00136
4.0200,-0.00003,0.00076,0.00132
4.0240,-0.00004,0.00073,0.00129
4.0280,-0.00005,0.00070,0.00125
4.0320,-0.00006,0.00068,0.00122
4.0400,-0.00007,0.00068,0.00118
4.0440,-0.00008,0.00066,0.00114
4.0440,-0.00010,0.00064,0.00110
4.0480,-0.00011,0.00059,0.00106
4.0600,-0.00011,0.00067,0.00105
4.0680,-0.00011,0.00069,0.00105
4.0720,-0.00014,0.00085,0.00102
4.0800,-0.00017,0.00080,0.00099
4.0840,-0.00018,0.00074,0.00097
4.0880,-0.00020,0.00069,0.00095
4.0920,-0.00021,0.00063,0.00093
4.0960,-0.00023,0.00058,0.00092
4.1000,-0.00024,0.00053,0.00090
4.1040,-0.00025,0.00046,0.00089
4.1080,-0.00028,0.00042,0.00086
4.1120,-0.00029,0.00037,0.00084
4.1200,-0.00032,0.00033,0.00082
4.1240,-0.00034,0.00027,0.00081
4.1280,-0.00036,0.00022,0.00079
4.1320,-0.00038,0.00017,0.00078
4.1360,-0.00040,0.00012,0.00077
4.1400,-0.00042,0.00006,0.00076
4.1440,-0.00043,0.00007,0.00076
4.1480,-0.00043,0.00007,0.00076
4.1520,-0.00044,0.00009,0.00076
4.1560,-0.00044,0.00010,0.00076
4.1600,-0.00045,0.00011,0.00076
4.1600,-0.00045,0.00011,0.00077
4.1720,-0.00046,0.00013,0.00076
4.1760,-0.00047,0.00013,0.00076
4.1800,-0.00048,0.00013,0.00076
4.1840,-0.00048,0.00013,0.00076
4.1880,-0.00050,0.00014,0.00075
4.1920,-0.00067,0.00015,0.00073
4.1960,-0.00064,0.00011,0.00074
4.2000,-0.00062,0.00007,0.00074
4.2040,-0.00060,0.00003,0.00075
4.2040,-0.00057,-0.00001,0.00075
4.2160,-0.00055,-0.00005,0.00076
4.2200,-0.00053,-0.00009,0.00077
4.2240,-0.00050,-0.00013,0.00077
4.2280,-0.00048,-0.00016,0.00078
4.2320,-0.00045,-0.00020,0.00080
4.2400,-0.00043,-0.00024,0.00082
4.2440,-0.00040,-0.00028,0.00083
4.2520,-0.00039,-0.00031,0.00085
4.2560,-0.00038,-0.00034,0.00086
4.2600,-0.00036,-0.00037,0.00087
4.2640,-0.00035,-0.00039,0.00088
4.2680,-0.00035,-0.00039,0.00088
4.2720,-0.00038,-0.00039,0.00089
4.2800,-0.00043,-0.00038,0.00089
4.2840,-0.00078,-0.00028,0.00087
4.2880,-0.00077,-0.00028,0.00086
4.2920,-0.00076,-0.00027,0.00085
4.2960,-0.00076,-0.00027,0.00084
4.3040,-0.00077,-0.00027,0.00083
4.3040,-0.00074,-0.00027,0.00083
4.3120,-0.00075,-0.00027,0.00082
4.3200,-0.00076,-0.00026,0.00081
4.3240,-0.00075,-0.00025,0.00080
4.3280,-0.00075,-0.00025,0.00079
4.3320,-0.00074,-0.00024,0.00078
4.3400,-0.00076,-0.00023,0.00076
4.3440,-0.00075,-0.00022,0.00074
4.3480,-0.00074,-0.00021,0.00073
4.3520,-0.00074,-0.00021,0.00071
4.3560,-0.00074,-0.00020,0.00070
4.3640,-0.00077,-0.00019,0.00069
4.3680,-0.00084,-0.00018,0.00068
4.3720,-0.00087,-0.00017,0.00067
4.3760,-0.00090,-0.00017,0.00067
4.3800,-0.00093,-0.00017,0.00067
4.3880,-0.00099,-0.00016,0.00067
4.3920,-0.00143,-0.00015,0.00070
4.3960,-0.00137,-0.00016,0.00067
4.4040,-0.00134,-0.00016,0.00063
4.4080,-0.00128,-0.00016,0.00061
4.4080,-0.00122,-0.00017,0.00059
4.4200,-0.00120,-0.00017,0.00054
4.4240,-0.00115,-0.00018,0.00052
4.4280,-0.00110,-0.00019,0.00049
4.4360,-0.00106,-0.00019,0.00045
4.4400,-0.00101,-0.00020,0.00042
4.4440,-0.00096,-0.00020,0.00039
4.4520,-0.00093,-0.00021,0.00036
4.4560,-0.00088,-0.00021,0.00033
4.4640,-0.00085,-0.00020,0.00031
4.4680,-0.00078,-0.00021,0.00029
4.4760,-0.00075,-0.00019,0.00025
4.4800,-0.00077,-0.00018,0.00025
4.4840,-0.00079,-0.00018,0.00024
4.4880,-0.00080,-0.00017,0.00023
4.4920,-0.00102,0.00000,0.00019
4.4960,-0.00097,-0.00004,0.00027
4.5000,-0.00091,-0.00008,0.00036
4.5040,-0.00086,-0.00012,0.00045
4.5080,-0.00081,-0.00017,0.00053
4.5120,-0.00076,-0.00021,0.00061
4.5160,-0.00071,-0.00025,0.00070
4.5240,-0.00066,-0.00029,0.00081
4.5240,-0.00061,-0.00034,0.00089
4.5360,-0.00057,-0.00038,0.00100
4.5400,-0.00052,-0.00042,0.00109
4.5440,-0.00047,-0.00047,0.00117
4.5480,-0.00041,-0.00052,0.00126
4.5480,-0.00036,-0.00056,0.00135
4.5560,-0.00031,-0.00061,0.00144
4.5640,-0.00026,-0.00066,0.00155
4.5720,-0.00027,-0.00066,0.00160
4.5760,-0.00028,-0.00066,0.00162
4.5800,-0.00030,-0.00065,0.00166
4.5880,-0.00030,-0.00065,0.00168
4.5920,-0.00041,-0.00057,0.00197
4.5960,-0.00041,-0.00055,0.00191
4.6000,-0.00041,-0.00052,0.00184
4.6040,-0.00041,-0.00050,0.00177
4.6080,-0.00041,-0.00048,0.00170
4.6160,-0.00043,-0.00044,0.00162
4.6200,-0.00043,-0.00042,0.00155
4.6240,-0.00044,-0.00039,0.00147
4.6280,-0.00044,-0.00037,0.00140
4.6360,-0.00046,-0.00032,0.00132
4.6400,-0.00047,-0.00029,0.00124
4.6480,-0.00049,-0.00023,0.00116
4.6560,-0.00051,-0.00018,0.00108
4.6640,-0.00053,-0.00013,0.00100
4.6680,-0.00054,-0.00009,0.00092
4.6720,-0.00052,-0.00008,0.00086
4.6760,-0.00054,-0.00006,0.00085
4.6760,-0.00056,-0.00004,0.00084
4.6840,-0.00060,0.00001,0.00082
4.6880,-0.00085,0.00033,0.00069
4.6960,-0.00084,0.00029,0.00072
4.7040,-0.00083,0.00025,0.00076
4.7080,-0.00080,0.00019,0.00078
4.7120,-0.00077,0.00013,0.00081
4.7160,-0.00074,0.00008,0.00084
4.7200,-0.00071,0.00002,0.00088
4.7240,-0.00068,-0.00004,0.00091
4.7280,-0.00065,-0.00009,0.00094
4.7360,-0.00064,-0.00013,0.00098
4.7360,-0.00062,-0.00018,0.00101
4.7440,-0.00059,-0.00024,0.00104
4.7480,-0.00057,-0.00029,0.00107
4.7520,-0.00052,-0.00036,0.00109
4.7600,-0.00054,-0.00039,0.00113
4.7640,-0.00051,-0.00044,0.00117
4.7680,-0.00053,-0.00042,0.00117
4.7720,-0.00055,-0.00041,0.00118
4.7760,-0.00057,-0.00039,0.00118
4.7800,-0.00076,-0.00024,0.00125
4.7880,-0.00074,-0.00030,0.00129
4.7960,-0.00072,-0.00037,0.00133
4.8040,-0.00071,-0.00044,0.00136
4.8080,-0.00067,-0.00049,0.00137
4.8120,-0.00065,-0.00055,0.00139
4.8160,-0.00064,-0.00062,0.00141
4.8200,-0.00062,-0.00068,0.00143
4.8240,-0.00059,-0.00074,0.00144
4.8320,-0.00055,-0.00080,0.00145
4.8360,-0.00055,-0.00088,0.00146
4.8360,-0.00052,-0.00094,0.00147
4.8440,-0.00049,-0.00100,0.00148
4.8480,-0.00045,-0.00107,0.00149
4.8520,-0.00041,-0.00112,0.00150
4.8560,-0.00039,-0.00120,0.00151
4.8600,-0.00039,-0.00120,0.00151
4.8640,-0.00039,-0.00120,0.00151
4.8720,-0.00040,-0.00123,0.00150
4.8760,-0.00040,-0.00123,0.00150
4.8840,-0.00042,-0.00125,0.00150
4.8920,-0.00047,-0.00131,0.00139
4.9000,-0.00047,-0.00126,0.00131
4.9040,-0.00046,-0.00121,0.00126
4.9080,-0.00046,-0.00115,0.00117
4.9080,-0.00045,-0.00110,0.00112
4.9120,-0.00045,-0.00104,0.00105
4.9200,-0.00046,-0.00099,0.00096
4.9240,-0.00046,-0.00093,0.00089
4.9280,-0.00046,-0.00088,0.00083
4.9360,-0.00047,-0.00083,0.00074
4.9400,-0.00047,-0.00077,0.00068
4.9440,-0.00047,-0.00072,0.00061
4.9480,-0.00048,-0.00066,0.00054
4.9520,-0.00048,-0.00061,0.00047
4.9520,-0.00047,-0.00055,0.00042
4.9600,-0.00048,-0.00050,0.00033
4.9640,-0.00049,-0.00050,0.00031
4.9760,-0.00051,-0.00049,0.00024
4.9840,-0.00052,-0.00049,0.00020
4.9920,-0.00056,-0.00043,-0.00009
5.0000,-0.00056,-0.00037,-0.00003
5.0040,-0.00056,-0.00031,0.00003
5.0120,-0.00055,-0.00027,0.00009
5.0160,-0.00054,-0.00022,0.00016
5.0240,-0.00055,-0.00017,0.00022
5.0280,-0.00055,-0.00012,0.00029
5.0320,-0.00055,-0.00008,0.00035
5.0360,-0.00055,-0.00003,0.00041
5.0400,-0.00055,0.00001,0.00048
5.0440,-0.00055,0.00006,0.00054
5.0480,-0.00055,0.00010,0.00060
5.0520,-0.00055,0.00015,0.00067
5.0560,-0.00055,0.00020,0.00073
5.0640,-0.00057,0.00026,0.00079
5.0680,-0.00056,0.00030,0.00085
5.0720,-0.00060,0.00033,0.00085
5.0760,-0.00060,0.00033,0.00085
5.0840,-0.00066,0.00038,0.00086
5.0880,-0.00069,0.00040,0.00086
5.0960,-0.00108,0.00068,0.00083
5.1000,-0.00105,0.00065,0.00082
5.1040,-0.00101,0.00062,0.00080
5.1080,-0.00098,0.00060,0.00079
5.1120,-0.00094,0.00057,0.00078
5.1160,-0.00090,0.00055,0.00076
5.1200,-0.00086,0.00052,0.00074
5.1240,-0.00082,0.00050,0.00072
5.1320,-0.00079,0.00049,0.00069
5.1360,-0.00075,0.00047,0.00067
5.1400,-0.00071,0.00044,0.00066
5.1480,-0.00068,0.00043,0.00062
5.1520,-0.00064,0.00041,0.00060
5.1520,-0.00059,0.00037,0.00059
5.1600,-0.00057,0.00036,0.00056
5.1640,-0.00054,0.00033,0.00054
5.1680,-0.00055,0.00034,0.00053
5.1720,-0.00057,0.00036,0.00052
5.1760,-0.00058,0.00037,0.00050
5.1800,-0.00060,0.00038,0.00049
5.1880,-0.00064,0.00041,0.00047
5.1920,-0.00093,0.00049,0.00036
5.1960,-0.00087,0.00046,0.00043
5.2000,-0.00082,0.00043,0.00051
5.2080,-0.00077,0.00040,0.00060
5.2080,-0.00070,0.00037,0.00066
5.2160,-0.00065,0.00034,0.00075
5.2200,-0.00059,0.00031,0.00083
5.2280,-0.00054,0.00028,0.00092
5.2280,-0.00048,0.00025,0.00098
5.2360,-0.00042,0.00022,0.00108
5.2400,-0.00036,0.00019,0.00115
5.2440,-0.00031,0.00015,0.00123
5.2480,-0.00025,0.00012,0.00133
5.2560,-0.00019,0.00009,0.00139
5.2600,-0.00013,0.00006,0.00149
5.2680,-0.00008,0.00002,0.00159
5.2720,-0.00008,0.00002,0.00161
5.2800,-0.00008,0.00001,0.00165
5.2840,-0.00008,0.00000,0.00167
5.2920,-0.00012,-0.00007,0.00195
5.3000,-0.00013,-0.00011,0.00190
5.3040,-0.00013,-0.00015,0.00185
5.3080,-0.00014,-0.00018,0.00179
5.3120,-0.00014,-0.00021,0.00174
5.3160,-0.00015,-0.00024,0.00169
5.3200,-0.00015,-0.00028,0.00164
5.3240,-0.00015,-0.00031,0.00159
5.3280,-0.00015,-0.00035,0.00153
5.3320,-0.00015,-0.00038,0.00148
5.3360,-0.00016,-0.00042,0.00143
5.3440,-0.00016,-0.00047,0.00137
5.3440,-0.00016,-0.00049,0.00132
5.3560,-0.00017,-0.00054,0.00127
5.3640,-0.00018,-0.00061,0.00122
5.3680,-0.00018,-0.00065,0.00117
5.3680,-0.00018,-0.00066,0.00117
5.3800,-0.00019,-0.00070,0.00117
5.3840,-0.00019,-0.00072,0.00117
5.3920,-0.00019,-0.00074,0.00117
5.3960,-0.00017,-0.00105,0.00122
5.4040,-0.00013,-0.00101,0.00125
5.4120,-0.00009,-0.00096,0.00128
5.4160,-0.00005,-0.00091,0.00129
5.4160,-0.00001,-0.00085,0.00130
5.4240,0.00003,-0.00081,0.00131
5.4280,0.00007,-0.00075,0.00132
5.4320,0.00011,-0.00070,0.00133
5.4360,0.00015,-0.00065,0.00134
5.4440,0.00019,-0.00060,0.00135
5.4480,0.00022,-0.00054,0.00136
5.4520,0.00026,-0.00049,0.00136
5.4560,0.00031,-0.00044,0.00137
5.4600,0.00035,-0.00038,0.00138
5.4680,0.00040,-0.00033,0.00140
5.4760,0.00044,-0.00026,0.00142
5.4800,0.00045,-0.00026,0.00142
5.4840,0.00046,-0.00025,0.00143
5.4880,0.00055,-0.00012,0.00153
5.4920,0.00055,-0.00009,0.00154
5.4960,0.00054,-0.00006,0.00155
5.5000,0.00054,-0.00003,0.00157
5.5040,0.00053,-0.00001,0.00158
5.5080,0.00053,0.00002,0.00160
5.5120,0.00052,0.00004,0.00161
5.5160,0.00052,0.00007,0.00163
5.5200,0.00051,0.00010,0.00165
5.5320,0.00050,0.00015,0.00168
5.5320,0.00050,0.00018,0.00170
5.5360,0.00049,0.00021,0.00171
5.5440,0.00048,0.00026,0.00175
5.5520,0.00047,0.00032,0.00179
5.5560,0.00047,0.00035,0.00181
5.5600,0.00047,0.00039,0.00183
5.5640,0.00047,0.00042,0.00185
5.5680,0.00047,0.00044,0.00187
5.5720,0.00047,0.00046,0.00189
5.5800,0.00047,0.00051,0.00194
5.5800,0.00047,0.00053,0.00196
5.5880,0.00047,0.00053,0.00196
5.5960,0.00054,0.00096,0.00238
5.6000,0.00053,0.00092,0.00238
5.6040,0.00053,0.00088,0.00238
5.6080,0.00053,0.00084,0.00238
5.6080,0.00052,0.00081,0.00239
5.6160,0.00052,0.00077,0.00239
5.6160,0.00052,0.00072,0.00236
5.6240,0.00051,0.00070,0.00239
5.6240,0.00051,0.00065,0.00236
5.6320,0.00050,0.00063,0.00240
5.6400,0.00048,0.00062,0.00243
5.6480,0.00047,0.00058,0.00243
5.6520,0.00045,0.00057,0.00247
5.6560,0.00045,0.00054,0.00247
5.6600,0.00044,0.00050,0.00248
5.6680,0.00043,0.00049,0.00252
5.6720,0.00043,0.00051,0.00255
5.6800,0.00043,0.00054,0.00262
5.6880,0.00043,0.00058,0.00269
5.6920,0.00047,0.00077,0.00318
5.6960,0.00045,0.00069,0.00312
5.7000,0.00043,0.00061,0.00306
5.7080,0.00039,0.00052,0.00302
5.7120,0.00037,0.00043,0.00296
5.7160,0.00035,0.00035,0.00290
5.7240,0.00032,0.00026,0.00287
5.7280,0.00030,0.00017,0.00281
5.7360,0.00027,0.00008,0.00278
5.7400,0.00025,-0.00001,0.00272
5.7400,0.00023,-0.00008,0.00264
5.7480,0.00021,-0.00016,0.00258
5.7560,0.00017,-0.00026,0.00257
5.7600,0.00015,-0.00034,0.00251
5.7640,0.00012,-0.00042,0.00246
5.7720,0.00009,-0.00052,0.00243
5.7760,0.00008,-0.00053,0.00246
5.7800,0.00008,-0.00053,0.00246
5.7840,0.00006,-0.00055,0.00251
5.7880,0.00005,-0.00056,0.00253
5.7920,0.00003,-0.00057,0.00255
5.7960,-0.00020,-0.00069,0.00283
5.8000,-0.00018,-0.00066,0.00275
5.8040,-0.00019,-0.00065,0.00267
5.8080,-0.00018,-0.00062,0.00260
5.8120,-0.00018,-0.00060,0.00252
5.8160,-0.00016,-0.00058,0.00244
5.8240,-0.00020,-0.00056,0.00238
5.8280,-0.00019,-0.00054,0.00231
5.8360,-0.00022,-0.00051,0.00225
5.8400,-0.00019,-0.00049,0.00217
5.8440,-0.00020,-0.00046,0.00211
5.8480,-0.00022,-0.00045,0.00205
5.8520,-0.00022,-0.00043,0.00198
5.8560,-0.00022,-0.00040,0.00191
5.8600,-0.00021,-0.00038,0.00184
5.8680,-0.00023,-0.00037,0.00177
5.8760,-0.00028,-0.00038,0.00179
5.8800,-0.00030,-0.00038,0.00179
5.8840,-0.00033,-0.00038,0.00180
5.8840,-0.00035,-0.00039,0.00180
5.8920,-0.00063,-0.00048,0.00186
5.8960,-0.00061,-0.00045,0.00186
5.9000,-0.00059,-0.00042,0.00187
5.9080,-0.00057,-0.00039,0.00188
5.9160,-0.00058,-0.00037,0.00191
5.9200,-0.00056,-0.00034,0.00191
5.9280,-0.00055,-0.00031,0.00192
5.9320,-0.00053,-0.00028,0.00192
5.9400,-0.00052,-0.00026,0.00193
5.9480,-0.00053,-0.00023,0.00194
5.9520,-0.00051,-0.00021,0.00194
5.9560,-0.00050,-0.00018,0.00194
5.9600,-0.00049,-0.00015,0.00195
5.9680,-0.00050,-0.00012,0.00195
5.9720,-0.00049,-0.00010,0.00196
5.9800,-0.00050,-0.00007,0.00196
5.9800,-0.00053,-0.00007,0.00197
5.9880,-0.00056,-0.00007,0.00197
5.9960,-0.00061,-0.00007,0.00198
6.0000,-0.00064,-0.00007,0.00198
6.0080,-0.00067,-0.00008,0.00199
6.0120,-0.00072,-0.00007,0.00199
6.0160,-0.00075,-0.00007,0.00199
6.0200,-0.00148,0.00005,0.00202
6.0280,-0.00143,0.00011,0.00199
6.0320,-0.00136,0.00015,0.00196
6.0400,-0.00128,0.00020,0.00193
6.0440,-0.00123,0.00026,0.00190
6.0480,-0.00115,0.00031,0.00187
6.0520,-0.00110,0.00038,0.00184
6.0600,-0.00103,0.00043,0.00182
6.0680,-0.00097,0.00049,0.00178
6.0720,-0.00090,0.00054,0.00175
6.0800,-0.00085,0.00061,0.00172
6.0800,-0.00075,0.00064,0.00169
6.0880,-0.00070,0.00071,0.00166
6.0920,-0.00062,0.00076,0.00163
6.0960,-0.00055,0.00081,0.00160
6.1000,-0.00047,0.00087,0.00157
6.1080,-0.00049,0.00090,0.00157
6.1120,-0.00085,0.00143,0.00150
6.1160,-0.00081,0.00131,0.00151
6.1240,-0.00079,0.00120,0.00151
6.1280,-0.00076,0.00108,0.00152
6.1280,-0.00071,0.00096,0.00152
6.1360,-0.00069,0.00085,0.00153
6.1360,-0.00064,0.00073,0.00153
6.1400,-0.00062,0.00062,0.00153
6.1520,-0.00059,0.00050,0.00154
6.1560,-0.00054,0.00038,0.00154
6.1640,-0.00052,0.00027,0.00155
6.1720,-0.00050,0.00016,0.00155
6.1760,-0.00046,0.00004,0.00156
6.1800,-0.00043,-0.00008,0.00157
6.1840,-0.00039,-0.00019,0.00158
6.1960,-0.00038,-0.00030,0.00159
6.1960,-0.00039,-0.00030,0.00159
6.2040,-0.00042,-0.00028,0.00160
6.2080,-0.00044,-0.00028,0.00160
6.2120,-0.00046,-0.00027,0.00159
6.2160,-0.00085,-0.00019,0.00159
6.2200,-0.00080,-0.00021,0.00160
6.2240,-0.00073,-0.00022,0.00160
6.2280,-0.00068,-0.00023,0.00161
6.2360,-0.00064,-0.00024,0.00162
6.2440,-0.00060,-0.00025,0.00163
6.2480,-0.00053,-0.00026,0.00164
6.2520,-0.00050,-0.00027,0.00164
6.2560,-0.00045,-0.00028,0.00164
6.2600,-0.00040,-0.00030,0.00164
6.2640,-0.00036,-0.00031,0.00164
6.2680,-0.00031,-0.00032,0.00164
6.2720,-0.00024,-0.00033,0.00165
6.2800,-0.00025,-0.00034,0.00164
6.2840,-0.00020,-0.00035,0.00164
6.2840,-0.00016,-0.00036,0.00164
6.2960,-0.00020,-0.00035,0.00164
6.3000,-0.00023,-0.00035,0.00163
6.3080,-0.00026,-0.00035,0.00162
6.3080,-0.00028,-0.00034,0.00162
6.3200,-0.00032,-0.00033,0.00160
6.3280,-0.00057,-0.00029,0.00148
6.3320,-0.00056,-0.00034,0.00149
6.3360,-0.00054,-0.00040,0.00149
6.3400,-0.00052,-0.00046,0.00150
6.3440,-0.00053,-0.00053,0.00149
6.3520,-0.00051,-0.00058,0.00149
6.3560,-0.00050,-0.00064,0.00150
6.3640,-0.00050,-0.00070,0.00149
6.3720,-0.00051,-0.00078,0.00149
6.3760,-0.00049,-0.00084,0.00149
6.3800,-0.00047,-0.00090,0.00149
6.3880,-0.00047,-0.00098,0.00147
6.3920,-0.00045,-0.00104,0.00147
6.3960,-0.00044,-0.00110,0.00146
6.4000,-0.00042,-0.00116,0.00146
6.4000,-0.00040,-0.00122,0.00146
6.4080,-0.00042,-0.00124,0.00145
6.4120,-0.00043,-0.00125,0.00143
6.4160,-0.00045,-0.00127,0.00142
6.4240,-0.00048,-0.00130,0.00140
6.4280,-0.00050,-0.00131,0.00139
6.4320,-0.00051,-0.00132,0.00138
6.4360,-0.00053,-0.00134,0.00137
6.4440,-0.00057,-0.00135,0.00135
6.4480,-0.00057,-0.00135,0.00135
6.4520,-0.00060,-0.00137,0.00134
6.4600,-0.00079,-0.00140,0.00131
6.4640,-0.00073,-0.00132,0.00134
6.4680,-0.00066,-0.00123,0.00137
6.4760,-0.00059,-0.00115,0.00141
6.4840,-0.00052,-0.00105,0.00146
6.4880,-0.00046,-0.00097,0.00149
6.4960,-0.00039,-0.00088,0.00153
6.5040,-0.00032,-0.00079,0.00157
6.5080,-0.00025,-0.00071,0.00160
6.5080,-0.00018,-0.00063,0.00163
6.5160,-0.00012,-0.00055,0.00166
6.5200,-0.00005,-0.00046,0.00169
6.5240,0.00002,-0.00038,0.00173
6.5320,0.00010,-0.00029,0.00176
6.5360,0.00017,-0.00020,0.00179
6.5400,0.00024,-0.00012,0.00181
6.5440,0.00025,-0.00011,0.00182
6.5480,0.00027,-0.00009,0.00182
6.5520,0.00038,0.00014,0.00184
6.5600,0.00048,0.00012,0.00181
6.5640,0.00057,0.00008,0.00176
6.5680,0.00066,0.00007,0.00172
6.5720,0.00075,-0.00001,0.00166
6.5800,0.00084,-0.00002,0.00162
6.5840,0.00093,-0.00006,0.00156
6.5880,0.00103,-0.00013,0.00150
6.5920,0.00112,-0.00013,0.00146
6.6000,0.00121,-0.00012,0.00142
6.6040,0.00130,-0.00020,0.00136
6.6080,0.00139,-0.00023,0.00131
6.6080,0.00148,-0.00022,0.00127
6.6200,0.00156,-0.00020,0.00123
6.6240,0.00165,-0.00023,0.00118
6.6360,0.00173,-0.00016,0.00113
6.6400,0.00172,-0.00011,0.00114
6.6480,0.00161,0.00053,0.00112
6.6520,0.00154,0.00044,0.00106
6.6560,0.00147,0.00034,0.00099
6.6600,0.00140,0.00025,0.00093
6.6680,0.00131,0.00022,0.00085
6.6720,0.00124,0.00013,0.00079
6.6760,0.00117,0.00005,0.00072
6.6840,0.00108,0.00003,0.00066
6.6880,0.00101,-0.00005,0.00059
6.6920,0.00093,-0.00013,0.00053
6.6960,0.00086,-0.00021,0.00047
6.7000,0.00079,-0.00030,0.00041
6.7080,0.00069,-0.00031,0.00034
6.7120,0.00062,-0.00039,0.00027
6.7160,0.00054,-0.00047,0.00021
6.7200,0.00047,-0.00055,0.00015
6.7280,0.00042,-0.00041,0.00014
6.7280,0.00042,-0.00041,0.00014
6.7320,0.00039,-0.00034,0.00014
6.7400,0.00037,-0.00026,0.00014
6.7440,0.00032,-0.00011,0.00013
6.7480,0.00007,0.00080,0.00012
6.7520,0.00005,0.00085,0.00015
6.7560,0.00003,0.00086,0.00018
6.7600,0.00002,0.00088,0.00021
6.7640,0.00001,0.00089,0.00024
6.7720,-0.00001,0.00096,0.00028
6.7800,-0.00004,0.00103,0.00031
6.7840,-0.00006,0.00105,0.00034
6.7880,-0.00009,0.00108,0.00037
6.7920,-0.00011,0.00110,0.00039
6.7960,-0.00013,0.00113,0.00042
6.8040,-0.00017,0.00121,0.00045
6.8120,-0.00020,0.00130,0.00048
6.8200,-0.00024,0.00140,0.00051
6.8240,-0.00026,0.00143,0.00053
6.8280,-0.00027,0.00140,0.00056
6.8320,-0.00030,0.00154,0.00056
6.8360,-0.00032,0.00161,0.00056
6.8400,-0.00034,0.00168,0.00056
6.8440,-0.00036,0.00175,0.00056
6.8440,-0.00036,0.00175,0.00056
6.8560,-0.00065,0.00277,0.00054
6.8600,-0.00060,0.00259,0.00051
6.8640,-0.00055,0.00242,0.00047
6.8680,-0.00050,0.00225,0.00043
6.8720,-0.00045,0.00208,0.00040
6.8760,-0.00041,0.00191,0.00036
6.8800,-0.00036,0.00175,0.00032
6.8880,-0.00035,0.00166,0.00027
6.8920,-0.00035,0.00159,0.00022
6.9040,-0.00036,0.00151,0.00018
6.9080,-0.00033,0.00136,0.00014
6.9120,-0.00030,0.00121,0.00009
6.9160,-0.00028,0.00106,0.00005
6.9200,-0.00025,0.00092,0.00001
6.9320,-0.00028,0.00087,-0.00005
6.9320,-0.00026,0.00072,-0.00009
6.9360,-0.00031,0.00082,-0.00010
6.9400,-0.00037,0.00092,-0.00011
6.9480,-0.00100,0.00194,-0.00028
6.9520,-0.00095,0.00174,-0.00030
6.9560,-0.00089,0.00155,-0.00031
6.9640,-0.00088,0.00141,-0.00034
6.9680,-0.00083,0.00123,-0.00036
6.9720,-0.00078,0.00105,-0.00038
6.9800,-0.00078,0.00093,-0.00041
6.9800,-0.00073,0.00075,-0.00042
6.9880,-0.00068,0.00058,-0.00043
6.9920,-0.00064,0.00041,-0.00044
6.9960,-0.00059,0.00024,-0.00045
7.0000,-0.00054,0.00008,-0.00045
7.0040,-0.00049,-0.00008,-0.00046
7.0040,-0.00045,-0.00024,-0.00046
7.0120,-0.00035,-0.00046,-0.00046
7.0160,-0.00035,-0.00054,-0.00047
7.0200,-0.00040,-0.00047,-0.00047
7.0240,-0.00045,-0.00039,-0.00047
7.0280,-0.00050,-0.00032,-0.00047
7.0360,-0.00059,-0.00016,-0.00046
7.0400,-0.00065,-0.00007,-0.00046
7.0440,-0.00070,0.00001,-0.00045
7.0480,-0.00136,0.00116,-0.00029
7.0560,-0.00129,0.00111,-0.00021
7.0600,-0.00125,0.00115,-0.00011
7.0640,-0.00119,0.00110,-0.00003
7.0680,-0.00113,0.00106,0.00005
7.0720,-0.00106,0.00102,0.00012
7.0800,-0.00104,0.00108,0.00022
7.0840,-0.00098,0.00105,0.00029
7.0880,-0.00092,0.00102,0.00036
7.0920,-0.00086,0.00100,0.00044
7.1000,-0.00085,0.00109,0.00053
7.1040,-0.00080,0.00108,0.00060
7.1080,-0.00075,0.00107,0.00067
7.1120,-0.00070,0.00106,0.00074
7.1200,-0.00071,0.00118,0.00082
7.1240,-0.00066,0.00117,0.00089
7.1280,-0.00072,0.00130,0.00091
7.1360,-0.00084,0.00156,0.00095
7.1400,-0.00090,0.00169,0.00097
7.1440,-0.00096,0.00183,0.00098
7.1440,-0.00096,0.00183,0.00098
7.1560,-0.00189,0.00368,0.00111
7.1640,-0.00187,0.00360,0.00102
7.1680,-0.00181,0.00343,0.00094
7.1760,-0.00182,0.00336,0.00086
7.1840,-0.00183,0.00330,0.00077
7.1880,-0.00178,0.00315,0.00069
7.1920,-0.00173,0.00300,0.00061
7.1960,-0.00168,0.00286,0.00052
7.2000,-0.00163,0.00271,0.00044
7.2040,-0.00158,0.00257,0.00036
7.2040,-0.00154,0.00244,0.00027
7.2080,-0.00150,0.00231,0.00019
7.2200,-0.00154,0.00230,0.00009
7.2240,-0.00151,0.00217,0.00000
7.2280,-0.00148,0.00205,-0.00009
7.2360,-0.00154,0.00206,-0.00019
7.2400,-0.00162,0.00220,-0.00020
7.2480,-0.00272,0.00381,-0.00036
7.2520,-0.00252,0.00350,-0.00034
7.2560,-0.00243,0.00331,-0.00033
7.2600,-0.00229,0.00307,-0.00032
7.2640,-0.00209,0.00276,-0.00030
7.2680,-0.00201,0.00259,-0.00030
7.2680,-0.00188,0.00236,-0.00030
7.2760,-0.00175,0.00213,-0.00029
7.2800,-0.00169,0.00199,-0.00030
7.2880,-0.00156,0.00177,-0.00029
7.2920,-0.00144,0.00156,-0.00028
7.2960,-0.00132,0.00134,-0.00028
7.3000,-0.00120,0.00113,-0.00027
7.3000,-0.00101,0.00082,-0.00025
7.3080,-0.00098,0.00071,-0.00025
7.3120,-0.00087,0.00050,-0.00024
7.3120,-0.00087,0.00050,-0.00024
7.3200,-0.00104,0.00072,-0.00025
7.3240,-0.00114,0.00083,-0.00026
7.3280,-0.00123,0.00094,-0.00027
7.3320,-0.00123,0.00094,-0.00027
7.3400,-0.00153,0.00130,-0.00029
7.3440,-0.00163,0.00142,-0.00030
7.3440,-0.00173,0.00154,-0.00031
7.3560,-0.00326,0.00336,-0.00033
7.3600,-0.00310,0.00311,-0.00030
7.3640,-0.00294,0.00287,-0.00027
7.3680,-0.00278,0.00262,-0.00024
7.3720,-0.00256,0.00231,-0.00021
7.3800,-0.00248,0.00215,-0.00017
7.3840,-0.00233,0.00191,-0.00014
7.3880,-0.00226,0.00177,-0.00010
7.3920,-0.00212,0.00154,-0.00007
7.4000,-0.00206,0.00142,-0.00003
7.4080,-0.00192,0.00120,-0.00000
7.4120,-0.00179,0.00099,0.00002
7.4160,-0.00166,0.00078,0.00005
7.4200,-0.00162,0.00069,0.00008
7.4280,-0.00159,0.00060,0.00012
7.4320,-0.00146,0.00041,0.00015
7.4400,-0.00166,0.00066,0.00015
7.4440,-0.00176,0.00079,0.00015
7.4480,-0.00186,0.00093,0.00016
7.4520,-0.00196,0.00106,0.00016
7.4600,-0.00358,0.00333,0.00022
7.4640,-0.00343,0.00320,0.00021
7.4680,-0.00327,0.00307,0.00020
7.4720,-0.00313,0.00294,0.00018
7.4800,-0.00306,0.00293,0.00018
7.4840,-0.00284,0.00270,0.00016
7.4880,-0.00278,0.00270,0.00016
7.4920,-0.00265,0.00259,0.00015
7.4960,-0.00252,0.00248,0.00014
7.5000,-0.00239,0.00238,0.00013
7.5040,-0.00226,0.00228,0.00012
7.5040,-0.00214,0.00218,0.00011
7.5080,-0.00202,0.00209,0.00010
7.5160,-0.00191,0.00200,0.00010
7.5200,-0.00179,0.00192,0.00009
7.5240,-0.00168,0.00184,0.00008
7.5280,-0.00178,0.00199,0.00009
7.5320,-0.00188,0.00215,0.00010
7.5360,-0.00199,0.00232,0.00011
7.5400,-0.00210,0.00249,0.00012
7.5440,-0.00338,0.00449,0.00022
7.5480,-0.00323,0.00425,0.00022
7.5560,-0.00314,0.00411,0.00023
7.5640,-0.00307,0.00398,0.00024
7.5720,-0.00301,0.00386,0.00024
7.5760,-0.00289,0.00366,0.00024
7.5840,-0.00284,0.00356,0.00025
7.5880,-0.00271,0.00336,0.00025
7.5920,-0.00259,0.00316,0.00024
7.5960,-0.00247,0.00297,0.00024
7.6000,-0.00235,0.00277,0.00023
7.6080,-0.00231,0.00270,0.00022
7.6080,-0.00211,0.00239,0.00022
7.6160,-0.00208,0.00233,0.00021
7.6200,-0.00197,0.00215,0.00020
7.6240,-0.00185,0.00197,0.00020
7.6280,-0.00195,0.00211,0.00020
7.6320,-0.00204,0.00224,0.00019
7.6360,-0.00214,0.00239,0.00019
7.6400,-0.00223,0.00253,0.00019
7.6440,-0.00335,0.00421,0.00014
7.6520,-0.00329,0.00413,0.00011
7.6560,-0.00317,0.00397,0.00008
7.6640,-0.00312,0.00390,0.00005
7.6680,-0.00300,0.00375,0.00002
7.6720,-0.00290,0.00360,-0.00001
7.6800,-0.00279,0.00345,-0.00004
7.6840,-0.00268,0.00330,-0.00007
7.6880,-0.00266,0.00328,-0.00011
7.6920,-0.00257,0.00314,-0.00014
7.6960,-0.00247,0.00301,-0.00016
7.7000,-0.00238,0.00288,-0.00019
7.7040,-0.00229,0.00275,-0.00022
7.7080,-0.00220,0.00263,-0.00025
7.7120,-0.00202,0.00237,-0.00026
7.7160,-0.00203,0.00239,-0.00030
7.7240,-0.00223,0.00268,-0.00031
7.7280,-0.00233,0.00283,-0.00031
7.7320,-0.00244,0.00298,-0.00032
7.7360,-0.00254,0.00314,-0.00032
7.7400,-0.00254,0.00314,-0.00032
7.7400,-0.00364,0.00481,-0.00032
7.7480,-0.00351,0.00461,-0.00027
7.7520,-0.00334,0.00434,-0.00023
7.7600,-0.00323,0.00416,-0.00019
7.7640,-0.00306,0.00390,-0.00015
7.7680,-0.00290,0.00365,-0.00012
7.7720,-0.00267,0.00330,-0.00009
7.7760,-0.00266,0.00324,-0.00005
7.7840,-0.00250,0.00300,-0.00002
7.7880,-0.00235,0.00276,0.00001
7.7920,-0.00220,0.00252,0.00004
7.8000,-0.00214,0.00241,0.00007
7.8040,-0.00200,0.00219,0.00010
7.8080,-0.00186,0.00197,0.00012
7.8160,-0.00182,0.00190,0.00014
7.8240,-0.00159,0.00155,0.00017
7.8240,-0.00178,0.00184,0.00016
7.8280,-0.00178,0.00184,0.00016
7.8320,-0.00199,0.00215,0.00016
7.8360,-0.00209,0.00231,0.00015
7.8440,-0.00231,0.00263,0.00015
7.8480,-0.00242,0.00279,0.00015
7.8520,-0.00254,0.00296,0.00015
7.8560,-0.00431,0.00554,0.00012
7.8640,-0.00408,0.00523,0.00012
7.8640,-0.00401,0.00517,0.00011
7.8680,-0.00386,0.00499,0.00011
7.8760,-0.00363,0.00468,0.00010
7.8760,-0.00349,0.00450,0.00010
7.8800,-0.00335,0.00433,0.00010
7.8840,-0.00321,0.00416,0.00010
7.8880,-0.00308,0.00399,0.00010
7.8880,-0.00305,0.00398,0.00011
7.8920,-0.00282,0.00367,0.00011
7.9000,-0.00281,0.00368,0.00011
7.9000,-0.00269,0.00353,0.00010
7.9040,-0.00257,0.00339,0.00010
7.9080,-0.00246,0.00326,0.00009
7.9160,-0.00234,0.00313,0.00008
7.9200,-0.00258,0.00350,0.00007
7.9320,-0.00271,0.00370,0.00007
7.9400,-0.00311,0.00430,0.00005
7.9400,-0.00311,0.00430,0.00005
7.9440,-0.00325,0.00451,0.00004
7.9520,-0.00339,0.00473,0.00004
7.9600,-0.00551,0.00791,-0.00008
7.9680,-0.00534,0.00757,-0.00008
7.9720,-0.00510,0.00714,-0.00007
7.9760,-0.00487,0.00671,-0.00005
7.9840,-0.00471,0.00640,-0.00004
7.9880,-0.00448,0.00598,-0.00002
7.9920,-0.00425,0.00557,-0.00001
7.9960,-0.00403,0.00516,0.00001
8.0040,-0.00391,0.00489,0.00003
8.0040,-0.00369,0.00449,0.00005
8.0120,-0.00348,0.00410,0.00006
8.0160,-0.00328,0.00372,0.00008
8.0240,-0.00319,0.00348,0.00011
8.0280,-0.00299,0.00311,0.00013
8.0320,-0.00280,0.00274,0.00016
8.0400,-0.00260,0.00237,0.00018
8.0440,-0.00285,0.00271,0.00020
8.0480,-0.00285,0.00271,0.00020
8.0520,-0.00311,0.00307,0.00023
8.0560,-0.00324,0.00326,0.00024
8.0600,-0.00533,0.00621,0.00052
8.0680,-0.00523,0.00620,0.00054
8.0760,-0.00514,0.00620,0.00057
8.0800,-0.00497,0.00606,0.00058
8.0840,-0.00480,0.00592,0.00059
8.0880,-0.00463,0.00578,0.00059
8.0920,-0.00446,0.00565,0.00060
8.0960,-0.00430,0.00552,0.00061
8.1040,-0.00413,0.00540,0.00061
8.1080,-0.00409,0.00547,0.00063
8.1120,-0.00393,0.00536,0.00063
8.1160,-0.00378,0.00526,0.00063
8.1200,-0.00363,0.00516,0.00063
8.1280,-0.00348,0.00506,0.00063
8.1320,-0.00347,0.00519,0.00065
8.1360,-0.00333,0.00511,0.00066
8.1360,-0.00333,0.00511,0.00066
8.1440,-0.00347,0.00534,0.00068
8.1440,-0.00374,0.00580,0.00071
8.1520,-0.00559,0.00898,0.00095
8.1560,-0.00542,0.00865,0.00091
8.1600,-0.00519,0.00823,0.00087
8.1640,-0.00496,0.00781,0.00082
8.1720,-0.00482,0.00753,0.00079
8.1760,-0.00459,0.00712,0.00074
8.1800,-0.00437,0.00672,0.00070
8.1840,-0.00415,0.00633,0.00065
8.1880,-0.00394,0.00593,0.00061
8.1960,-0.00383,0.00570,0.00057
8.2000,-0.00363,0.00531,0.00053
8.2040,-0.00332,0.00478,0.00048
8.2080,-0.00323,0.00456,0.00044
8.2120,-0.00304,0.00419,0.00039
8.2240,-0.00310,0.00416,0.00036
8.2280,-0.00292,0.00380,0.00031
8.2280,-0.00305,0.00398,0.00031
8.2360,-0.00318,0.00417,0.00032
8.2440,-0.00346,0.00455,0.00032
8.2480,-0.00361,0.00475,0.00033
8.2520,-0.00556,0.00740,0.00039
8.2560,-0.00541,0.00711,0.00036
8.2600,-0.00518,0.00673,0.00034
8.2640,-0.00495,0.00635,0.00031
8.2680,-0.00473,0.00598,0.00029
8.2720,-0.00451,0.00561,0.00027
8.2760,-0.00429,0.00525,0.00025
8.2840,-0.00418,0.00503,0.00022
8.2920,-0.00409,0.00483,0.00020
8.2960,-0.00389,0.00449,0.00018
8.3000,-0.00369,0.00416,0.00017
8.3040,-0.00350,0.00383,0.00015
8.3080,-0.00331,0.00351,0.00014
8.3120,-0.00312,0.00319,0.00012
8.3160,-0.00294,0.00288,0.00010
8.3240,-0.00289,0.00274,0.00009
8.3280,-0.00302,0.00292,0.00009
8.3360,-0.00330,0.00330,0.00009
8.3400,-0.00478,0.00530,0.00013
8.3440,-0.00463,0.00515,0.00012
8.3520,-0.00459,0.00514,0.00013
8.3560,-0.00445,0.00500,0.00012
8.3600,-0.00431,0.00486,0.00011
8.3640,-0.00417,0.00473,0.00011
8.3720,-0.00416,0.00476,0.00011
8.3760,-0.00403,0.00464,0.00010
8.3800,-0.00391,0.00453,0.00009
8.3880,-0.00392,0.00459,0.00008
8.3920,-0.00381,0.00449,0.00007
8.3960,-0.00369,0.00440,0.00005
8.4000,-0.00358,0.00431,0.00004
8.4040,-0.00348,0.00423,0.00002
8.4120,-0.00354,0.00436,0.00001
8.4160,-0.00328,0.00409,-0.00001
8.4200,-0.00361,0.00451,-0.00001
8.4240,-0.00379,0.00473,-0.00001
8.4240,-0.00396,0.00495,-0.00001
8.4280,-0.00396,0.00495,-0.00001
8.4400,-0.00452,0.00565,-0.00000
8.4440,-0.00452,0.00565,-0.00000
8.4440,-0.00665,0.00846,0.00003
8.4520,-0.00643,0.00822,0.00004
8.4560,-0.00613,0.00785,0.00005
8.4600,-0.00583,0.00749,0.00005
8.4640,-0.00553,0.00714,0.00005
8.4680,-0.00523,0.00679,0.00006
8.4720,-0.00493,0.00644,0.00006
8.4800,-0.00474,0.00626,0.00006
8.4840,-0.00446,0.00593,0.00006
8.4880,-0.00417,0.00559,0.00007
8.4920,-0.00389,0.00527,0.00007
8.4960,-0.00362,0.00495,0.00008
8.5000,-0.00334,0.00463,0.00009
8.5040,-0.00307,0.00432,0.00009
8.5080,-0.00280,0.00401,0.00010
8.5120,-0.00253,0.00371,0.00011
8.5160,-0.00266,0.00391,0.00011
8.5200,-0.00279,0.00412,0.00011
8.5240,-0.00293,0.00434,0.00011
8.5280,-0.00307,0.00456,0.00010
8.5320,-0.00321,0.00478,0.00010
8.5400,-0.00350,0.00525,0.00008
8.5440,-0.00365,0.00549,0.00008
8.5480,-0.00380,0.00574,0.00007
8.5560,-0.00599,0.00924,-0.00010
8.5600,-0.00573,0.00879,-0.00009
8.5640,-0.00547,0.00834,-0.00008
8.5680,-0.00521,0.00789,-0.00007
8.5720,-0.00496,0.00746,-0.00006
8.5800,-0.00471,0.00702,-0.00006
8.5840,-0.00455,0.00673,-0.00006
8.5880,-0.00431,0.00631,-0.00005
8.5920,-0.00407,0.00589,-0.00005
8.6000,-0.00393,0.00564,-0.00006
8.6000,-0.00360,0.00507,-0.00004
8.6080,-0.00347,0.00484,-0.00006
8.6160,-0.00335,0.00461,-0.00007
8.6200,-0.00313,0.00423,-0.00006
8.6240,-0.00291,0.00384,-0.00005
8.6280,-0.00269,0.00346,-0.00004
8.6320,-0.00281,0.00365,-0.00006
8.6400,-0.00305,0.00404,-0.00008
8.6440,-0.00318,0.00424,-0.00009
8.6480,-0.00318,0.00424,-0.00009
8.6520,-0.00486,0.00691,-0.00020
8.6560,-0.00467,0.00661,-0.00018
8.6640,-0.00455,0.00643,-0.00016
8.6720,-0.00445,0.00626,-0.00014
8.6800,-0.00436,0.00610,-0.00011
8.6840,-0.00419,0.00582,-0.00009
8.6920,-0.00412,0.00568,-0.00007
8.6960,-0.00395,0.00541,-0.00005
8.7000,-0.00379,0.00514,-0.00003
8.7080,-0.00373,0.00504,-0.00001
8.7120,-0.00357,0.00478,0.00001
8.7160,-0.00342,0.00453,0.00003
8.7240,-0.00338,0.00446,0.00004
8.7280,-0.00324,0.00423,0.00005
8.7360,-0.00322,0.00419,0.00007
8.7360,-0.00296,0.00377,0.00009
8.7440,-0.00322,0.00417,0.00008
8.7480,-0.00335,0.00438,0.00008
8.7520,-0.00522,0.00731,-0.00003
8.7560,-0.00500,0.00694,0.00000
8.7640,-0.00486,0.00670,0.00004
8.7640,-0.00456,0.00622,0.00006
8.7720,-0.00443,0.00599,0.00010
8.7760,-0.00422,0.00565,0.00013
8.7840,-0.00411,0.00546,0.00017
8.7840,-0.00390,0.00513,0.00021
8.7920,-0.00370,0.00480,0.00024
8.8000,-0.00360,0.00464,0.00028
8.8040,-0.00341,0.00433,0.00031
8.8080,-0.00322,0.00402,0.00034
8.8120,-0.00303,0.00372,0.00036
8.8200,-0.00295,0.00361,0.00039
8.8240,-0.00277,0.00332,0.00042
8.8280,-0.00259,0.00304,0.00045
8.8360,-0.00283,0.00345,0.00046
8.8400,-0.00283,0.00345,0.00046
8.8440,-0.00308,0.00387,0.00047
8.8440,-0.00321,0.00409,0.00047
8.8520,-0.00505,0.00717,0.00051
8.8560,-0.00484,0.00682,0.00048
8.8600,-0.00463,0.00648,0.00045
8.8640,-0.00443,0.00614,0.00042
8.8640,-0.00422,0.00581,0.00039
8.8760,-0.00402,0.00548,0.00036
8.8800,-0.00392,0.00531,0.00032
8.8800,-0.00363,0.00484,0.00030
8.8880,-0.00355,0.00468,0.00026
8.8920,-0.00337,0.00438,0.00024
8.8960,-0.00319,0.00408,0.00021
8.9000,-0.00301,0.00379,0.00019
8.9040,-0.00284,0.00350,0.00016
8.9160,-0.00291,0.00359,0.00013
8.9200,-0.00288,0.00351,0.00010
8.9280,-0.00273,0.00325,0.00007
8.9320,-0.00286,0.00346,0.00007
8.9400,-0.00314,0.00388,0.00007
8.9440,-0.00328,0.00410,0.00006
8.9480,-0.00505,0.00683,0.00002
8.9560,-0.00502,0.00675,0.00004
8.9600,-0.00483,0.00642,0.00005
8.9640,-0.00474,0.00624,0.00007
8.9720,-0.00446,0.00579,0.00008
8.9800,-0.00449,0.00578,0.00009
8.9800,-0.00421,0.00533,0.00011
8.9840,-0.00404,0.00504,0.00012
8.9920,-0.00398,0.00491,0.00014
8.9960,-0.00381,0.00463,0.00016
9.0000,-0.00364,0.00434,0.00018
9.0040,-0.00348,0.00407,0.00020
9.0080,-0.00332,0.00379,0.00022
9.0120,-0.00317,0.00353,0.00024
9.0200,-0.00314,0.00346,0.00026
9.0240,-0.00300,0.00320,0.00028
9.0280,-0.00313,0.00340,0.00028
9.0360,-0.00341,0.00383,0.00029
9.0440,-0.00370,0.00426,0.00030
9.0440,-0.00384,0.00449,0.00030
9.0480,-0.00582,0.00754,0.00028
9.0560,-0.00557,0.00712,0.00027
9.0640,-0.00527,0.00663,0.00026
9.0640,-0.00503,0.00624,0.00024
9.0720,-0.00467,0.00566,0.00023
9.0800,-0.00452,0.00539,0.00021
9.0840,-0.00423,0.00492,0.00020
9.0880,-0.00395,0.00446,0.00019
9.0960,-0.00375,0.00412,0.00017
9.1000,-0.00348,0.00367,0.00016
9.1040,-0.00320,0.00322,0.00015
9.1120,-0.00302,0.00291,0.00013
9.1160,-0.00276,0.00247,0.00012
9.1240,-0.00249,0.00203,0.00011
9.1280,-0.00234,0.00176,0.00009
9.1320,-0.00208,0.00134,0.00008
9.1360,-0.00219,0.00151,0.00008
9.1400,-0.00231,0.00168,0.00007
9.1440,-0.00243,0.00185,0.00007
9.1520,-0.00409,0.00428,0.00001
9.1560,-0.00397,0.00417,0.00001
9.1600,-0.00385,0.00407,0.00001
9.1640,-0.00374,0.00397,0.00000
9.1680,-0.00363,0.00387,0.00000
9.1720,-0.00352,0.00378,-0.00000
9.1760,-0.00342,0.00370,-0.00000
9.1800,-0.00331,0.00362,-0.00001
9.1800,-0.00311,0.00338,0.00000
9.1880,-0.00312,0.00346,-0.00001
9.1920,-0.00303,0.00340,-0.00001
9.1960,-0.00295,0.00333,-0.00001
9.2040,-0.00299,0.00345,-0.00001
9.2080,-0.00291,0.00340,-0.00001
9.2120,-0.00283,0.00336,-0.00000
9.2240,-0.00302,0.00372,-0.00001
9.2320,-0.00330,0.00414,-0.00001
9.2360,-0.00344,0.00436,-0.00001
9.2400,-0.00358,0.00458,-0.00002
9.2480,-0.00388,0.00504,-0.00002
9.2520,-0.00403,0.00528,-0.00003
9.2560,-0.00614,0.00863,-0.00011
9.2600,-0.00584,0.00822,-0.00007
9.2640,-0.00569,0.00808,-0.00003
9.2680,-0.00547,0.00781,0.00002
9.2720,-0.00526,0.00754,0.00006
9.2760,-0.00505,0.00728,0.00010
9.2840,-0.00483,0.00702,0.00015
9.2880,-0.00471,0.00693,0.00019
9.2920,-0.00451,0.00669,0.00023
9.2960,-0.00430,0.00645,0.00028
9.3000,-0.00410,0.00622,0.00032
9.3040,-0.00390,0.00599,0.00037
9.3120,-0.00381,0.00596,0.00042
9.3160,-0.00351,0.00554,0.00046
9.3240,-0.00356,0.00573,0.00051
9.3240,-0.00326,0.00532,0.00055
9.3280,-0.00351,0.00574,0.00056
9.3360,-0.00364,0.00596,0.00056
9.3400,-0.00377,0.00618,0.00056
9.3440,-0.00391,0.00640,0.00056
9.3440,-0.00405,0.00664,0.00056
9.3520,-0.00579,0.00945,0.00054
9.3560,-0.00563,0.00920,0.00056
9.3600,-0.00540,0.00883,0.00057
9.3640,-0.00518,0.00848,0.00059
9.3680,-0.00495,0.00812,0.00061
9.3720,-0.00466,0.00764,0.00062
9.3760,-0.00444,0.00729,0.00065
9.3800,-0.00430,0.00709,0.00068
9.3840,-0.00409,0.00675,0.00070
9.3880,-0.00388,0.00642,0.00072
9.3920,-0.00368,0.00609,0.00075
9.3960,-0.00348,0.00576,0.00077
9.4000,-0.00329,0.00545,0.00080
9.4080,-0.00321,0.00530,0.00083
9.4120,-0.00302,0.00500,0.00085
9.4200,-0.00296,0.00488,0.00089
9.4240,-0.00308,0.00507,0.00090
9.4280,-0.00321,0.00527,0.00091
9.4320,-0.00334,0.00547,0.00092
9.4360,-0.00347,0.00567,0.00093
9.4440,-0.00373,0.00609,0.00096
9.4480,-0.00373,0.00609,0.00096
9.4520,-0.00400,0.00653,0.00098
9.4560,-0.00415,0.00676,0.00099
9.4600,-0.00429,0.00699,0.00100
9.4600,-0.00429,0.00699,0.00100
9.4720,-0.00474,0.00771,0.00102
9.4800,-0.00639,0.01032,0.00109
9.4840,-0.00612,0.00989,0.00109
9.4880,-0.00585,0.00946,0.00110
9.4960,-0.00566,0.00917,0.00111
9.5000,-0.00540,0.00876,0.00111
9.5040,-0.00522,0.00850,0.00112
9.5120,-0.00497,0.00811,0.00112
9.5160,-0.00472,0.00772,0.00112
9.5200,-0.00446,0.00733,0.00112
9.5240,-0.00422,0.00695,0.00113
9.5320,-0.00408,0.00676,0.00113
9.5360,-0.00384,0.00640,0.00113
9.5400,-0.00360,0.00604,0.00113
9.5440,-0.00326,0.00549,0.00114
9.5440,-0.00302,0.00514,0.00114
9.5520,-0.00292,0.00500,0.00113
9.5560,-0.00304,0.00522,0.00112
9.5600,-0.00317,0.00544,0.00111
9.5640,-0.00330,0.00566,0.00111
9.5680,-0.00343,0.00589,0.00111
9.5720,-0.00357,0.00612,0.00110
9.5760,-0.00372,0.00636,0.00110
9.5840,-0.00402,0.00686,0.00108
9.5920,-0.00630,0.01051,0.00092
9.5960,-0.00607,0.01012,0.00089
9.6000,-0.00585,0.00973,0.00087
9.6080,-0.00573,0.00949,0.00083
9.6160,-0.00552,0.00912,0.00080
9.6200,-0.00541,0.00891,0.00077
9.6240,-0.00521,0.00855,0.00074
9.6280,-0.00501,0.00819,0.00072
9.6360,-0.00481,0.00783,0.00069
9.6360,-0.00461,0.00748,0.00067
9.6440,-0.00454,0.00731,0.00063
9.6480,-0.00436,0.00697,0.00061
9.6520,-0.00417,0.00663,0.00058
9.6560,-0.00399,0.00630,0.00056
9.6600,-0.00381,0.00597,0.00054
9.6680,-0.00377,0.00585,0.00051
9.6720,-0.00391,0.00605,0.00051
9.6800,-0.00540,0.00832,0.00051
9.6840,-0.00521,0.00802,0.00055
9.6880,-0.00501,0.00773,0.00059
9.6920,-0.00482,0.00744,0.00062
9.6960,-0.00464,0.00716,0.00066
9.7000,-0.00445,0.00688,0.00071
9.7040,-0.00427,0.00660,0.00075
9.7080,-0.00401,0.00619,0.00078
9.7120,-0.00383,0.00592,0.00082
9.7160,-0.00376,0.00580,0.00088
9.7200,-0.00360,0.00555,0.00093
9.7280,-0.00356,0.00546,0.00098
9.7320,-0.00341,0.00522,0.00103
9.7360,-0.00327,0.00498,0.00108
9.7360,-0.00300,0.00457,0.00111
9.7400,-0.00298,0.00452,0.00117
9.7440,-0.00311,0.00471,0.00119
9.7520,-0.00324,0.00489,0.00120
9.7560,-0.00336,0.00509,0.00121
9.7600,-0.00349,0.00528,0.00122
9.7640,-0.00363,0.00548,0.00124
9.7680,-0.00376,0.00569,0.00126
9.7720,-0.00390,0.00590,0.00127
9.7800,-0.00419,0.00634,0.00130
9.7840,-0.00591,0.00910,0.00143
9.7920,-0.00581,0.00895,0.00143
9.7960,-0.00557,0.00859,0.00141
9.8000,-0.00525,0.00810,0.00139
9.8040,-0.00510,0.00787,0.00137
9.8080,-0.00486,0.00752,0.00135
9.8120,-0.00464,0.00717,0.00133
9.8160,-0.00441,0.00683,0.00131
9.8200,-0.00409,0.00634,0.00128
9.8240,-0.00397,0.00616,0.00126
9.8240,-0.00375,0.00583,0.00124
9.8360,-0.00364,0.00567,0.00122
9.8360,-0.00332,0.00518,0.00119
9.8440,-0.00322,0.00504,0.00118
9.8480,-0.00302,0.00473,0.00115
9.8520,-0.00283,0.00443,0.00113
9.8520,-0.00295,0.00461,0.00113
9.8600,-0.00308,0.00480,0.00113
9.8640,-0.00321,0.00500,0.00113
9.8640,-0.00334,0.00520,0.00114
9.8720,-0.00348,0.00541,0.00114
9.8760,-0.00361,0.00563,0.00114
9.8840,-0.00376,0.00584,0.00114
9.8880,-0.00571,0.00878,0.00114
9.8920,-0.00550,0.00847,0.00111
9.8960,-0.00529,0.00816,0.00108
9.9000,-0.00509,0.00785,0.00105
9.9040,-0.00489,0.00754,0.00102
9.9080,-0.00469,0.00724,0.00099
9.9120,-0.00450,0.00694,0.00096
9.9200,-0.00442,0.00679,0.00093
9.9240,-0.00423,0.00650,0.00090
9.9280,-0.00406,0.00621,0.00087
9.9320,-0.00388,0.00592,0.00085
9.9360,-0.00371,0.00564,0.00082
9.9440,-0.00366,0.00554,0.00080
9.9440,-0.00349,0.00527,0.00077
9.9480,-0.00321,0.00483,0.00075
9.9560,-0.00318,0.00474,0.00072
9.9640,-0.00345,0.00511,0.00072
9.9680,-0.00359,0.00531,0.00072
9.9720,-0.00373,0.00551,0.00071
9.9800,-0.00403,0.00591,0.00070
9.9840,-0.00418,0.00612,0.00070
9.9880,-0.00434,0.00634,0.00070
9.9960,-0.00678,0.00966,0.00064
10.0000,-0.00651,0.00929,0.00066
10.0080,-0.00634,0.00903,0.00068
10.0120,-0.00608,0.00866,0.00070
10.0160,-0.00583,0.00830,0.00072
10.0200,-0.00558,0.00795,0.00074
10.0280,-0.00544,0.00774,0.00076
10.0320,-0.00520,0.00740,0.00079
10.0360,-0.00497,0.00706,0.00081
10.0400,-0.00474,0.00673,0.00084
10.0480,-0.00451,0.00640,0.00086
10.0520,-0.00429,0.00608,0.00089
10.0560,-0.00420,0.00593,0.00091
10.0600,-0.00399,0.00561,0.00093
10.0680,-0.00392,0.00548,0.00095
10.0720,-0.00371,0.00518,0.00098
10.0800,-0.00400,0.00557,0.00098
10.0880,-0.00594,0.00816,0.00093
10.0960,-0.00579,0.00796,0.00090
10.1000,-0.00556,0.00766,0.00088
10.1040,-0.00526,0.00724,0.00087
10.1080,-0.00512,0.00707,0.00084
10.1120,-0.00490,0.00678,0.00082
10.1160,-0.00459,0.00636,0.00081
10.1240,-0.00456,0.00636,0.00078
10.1280,-0.00434,0.00608,0.00076
10.1360,-0.00423,0.00597,0.00072
10.1400,-0.00403,0.00571,0.00070
10.1400,-0.00372,0.00529,0.00069
10.1480,-0.00362,0.00520,0.00065
10.1520,-0.00343,0.00494,0.00062
10.1560,-0.00323,0.00470,0.00060
10.1600,-0.00304,0.00446,0.00058
10.1600,-0.00304,0.00446,0.00058
10.1720,-0.00341,0.00501,0.00054
10.1800,-0.00367,0.00541,0.00052
10.1840,-0.00380,0.00561,0.00052
10.1920,-0.00574,0.00859,0.00048
10.1960,-0.00551,0.00828,0.00051
10.2000,-0.00527,0.00797,0.00053
10.2040,-0.00504,0.00766,0.00056
10.2080,-0.00481,0.00736,0.00059
10.2160,-0.00467,0.00720,0.00062
10.2200,-0.00444,0.00692,0.00064
10.2240,-0.00422,0.00663,0.00067
10.2280,-0.00401,0.00635,0.00069
10.2360,-0.00388,0.00624,0.00072
10.2440,-0.00376,0.00615,0.00074
10.2480,-0.00355,0.00590,0.00077
10.2520,-0.00335,0.00566,0.00080
10.2560,-0.00314,0.00542,0.00083
10.2600,-0.00294,0.00518,0.00085
10.2640,-0.00274,0.00495,0.00088
10.2680,-0.00274,0.00495,0.00088
10.2680,-0.00296,0.00536,0.00089
10.2800,-0.00318,0.00580,0.00089
10.2840,-0.00330,0.00603,0.00090
10.2880,-0.00342,0.00626,0.00090
10.2920,-0.00354,0.00649,0.00091
10.3000,-0.00562,0.01061,0.00102
10.3040,-0.00534,0.01008,0.00102
10.3080,-0.00521,0.00984,0.00103
10.3160,-0.00509,0.00963,0.00105
10.3200,-0.00490,0.00926,0.00105
10.3240,-0.00471,0.00891,0.00105
10.3280,-0.00452,0.00855,0.00106
10.3320,-0.00433,0.00820,0.00106
10.3400,-0.00424,0.00805,0.00107
10.3400,-0.00406,0.00772,0.00107
10.3440,-0.00378,0.00719,0.00107
10.3560,-0.00380,0.00728,0.00107
10.3640,-0.00374,0.00719,0.00107
10.3680,-0.00357,0.00688,0.00107
10.3680,-0.00329,0.00636,0.00107
10.3760,-0.00324,0.00629,0.00106
10.3840,-0.00337,0.00653,0.00106
10.3840,-0.00349,0.00677,0.00106
10.3880,-0.00511,0.00982,0.00102
10.3960,-0.00499,0.00955,0.00101
10.4000,-0.00479,0.00917,0.00100
10.4040,-0.00460,0.00879,0.00098
10.4120,-0.00449,0.00856,0.00096
10.4160,-0.00431,0.00820,0.00095
10.4240,-0.00422,0.00800,0.00093
10.4240,-0.00395,0.00748,0.00092
10.4360,-0.00397,0.00747,0.00089
10.4400,-0.00381,0.00712,0.00088
10.4480,-0.00376,0.00698,0.00085
10.4520,-0.00350,0.00646,0.00084
10.4560,-0.00346,0.00633,0.00081
10.4600,-0.00332,0.00602,0.00079
10.4680,-0.00330,0.00592,0.00076
10.4720,-0.00317,0.00562,0.00075
10.4800,-0.00343,0.00607,0.00073
10.4800,-0.00343,0.00607,0.00073
10.4880,-0.00370,0.00652,0.00071
10.4920,-0.00384,0.00676,0.00070
10.4960,-0.00623,0.01069,0.00051
10.5000,-0.00599,0.01026,0.00052
10.5040,-0.00576,0.00984,0.00053
10.5040,-0.00544,0.00929,0.00054
10.5120,-0.00531,0.00901,0.00054
10.5160,-0.00508,0.00860,0.00055
10.5240,-0.00497,0.00835,0.00056
10.5280,-0.00476,0.00796,0.00057
10.5360,-0.00466,0.00773,0.00058
10.5400,-0.00446,0.00735,0.00059
10.5440,-0.00426,0.00697,0.00061
10.5480,-0.00407,0.00660,0.00062
10.5520,-0.00388,0.00623,0.00064
10.5560,-0.00369,0.00587,0.00065
10.5600,-0.00350,0.00551,0.00066
10.5640,-0.00332,0.00515,0.00067
10.5680,-0.00346,0.00535,0.00066
10.5720,-0.00360,0.00556,0.00066
10.5800,-0.00390,0.00599,0.00065
10.5800,-0.00390,0.00599,0.00065
10.5840,-0.00580,0.00873,0.00059
10.5880,-0.00557,0.00839,0.00061
10.5920,-0.00541,0.00818,0.00064
10.6000,-0.00518,0.00785,0.00067
10.6040,-0.00488,0.00741,0.00069
10.6080,-0.00473,0.00722,0.00072
10.6120,-0.00451,0.00692,0.00074
10.6160,-0.00429,0.00661,0.00077
10.6200,-0.00408,0.00631,0.00079
10.6240,-0.00396,0.00617,0.00081
10.6320,-0.00375,0.00589,0.00083
10.6360,-0.00355,0.00561,0.00085
10.6400,-0.00335,0.00534,0.00087
10.6440,-0.00315,0.00507,0.00089
10.6480,-0.00295,0.00480,0.00090
10.6520,-0.00276,0.00454,0.00092
10.6600,-0.00298,0.00492,0.00091
10.6640,-0.00309,0.00512,0.00090
10.6680,-0.00321,0.00532,0.00089
10.6720,-0.00333,0.00553,0.00088
10.6800,-0.00346,0.00574,0.00088
10.6840,-0.00358,0.00595,0.00087
10.6880,-0.00371,0.00618,0.00086
10.6920,-0.00552,0.00929,0.00071
10.6960,-0.00536,0.00905,0.00071
10.6960,-0.00508,0.00857,0.00071
10.7000,-0.00486,0.00822,0.00072
10.7040,-0.00464,0.00787,0.00072
10.7080,-0.00450,0.00767,0.00071
10.7160,-0.00430,0.00733,0.00072
10.7200,-0.00409,0.00700,0.00072
10.7280,-0.00398,0.00683,0.00071
10.7320,-0.00379,0.00651,0.00072
10.7360,-0.00360,0.00620,0.00072
10.7400,-0.00341,0.00589,0.00073
10.7440,-0.00322,0.00559,0.00073
10.7480,-0.00304,0.00529,0.00073
10.7520,-0.00286,0.00500,0.00074
10.7560,-0.00268,0.00470,0.00074
10.7640,-0.00291,0.00509,0.00074
10.7640,-0.00302,0.00529,0.00075
10.7720,-0.00302,0.00529,0.00075
10.7760,-0.00327,0.00570,0.00075
10.7800,-0.00339,0.00591,0.00076
10.7880,-0.00366,0.00635,0.00076
10.7920,-0.00379,0.00657,0.00076
10.7960,-0.00605,0.01026,0.00088
10.8040,-0.00592,0.01002,0.00089
10.8080,-0.00571,0.00965,0.00090
10.8120,-0.00550,0.00929,0.00090
10.8160,-0.00530,0.00893,0.00091
10.8200,-0.00509,0.00858,0.00091
10.8240,-0.00489,0.00824,0.00092
10.8280,-0.00469,0.00789,0.00092
10.8360,-0.00460,0.00772,0.00093
10.8440,-0.00441,0.00739,0.00093
10.8480,-0.00433,0.00725,0.00094
10.8520,-0.00415,0.00693,0.00094
10.8560,-0.00397,0.00662,0.00094
10.8600,-0.00379,0.00631,0.00094
10.8600,-0.00362,0.00600,0.00095
10.8720,-0.00358,0.00591,0.00095
10.8800,-0.00371,0.00612,0.00095
10.8840,-0.00398,0.00657,0.00094
10.8880,-0.00589,0.00974,0.00086
10.8920,-0.00565,0.00934,0.00086
10.8960,-0.00541,0.00894,0.00085
10.9000,-0.00518,0.00855,0.00085
10.9040,-0.00487,0.00804,0.00085
10.9080,-0.00471,0.00778,0.00085
10.9120,-0.00449,0.00741,0.00085
10.9160,-0.00426,0.00704,0.00086
10.9200,-0.00404,0.00667,0.00086
10.9240,-0.00382,0.00631,0.00086
10.9280,-0.00361,0.00596,0.00087
10.9320,-0.00339,0.00561,0.00087
10.9400,-0.00329,0.00544,0.00088
10.9440,-0.00308,0.00510,0.00088
10.9520,-0.00299,0.00495,0.00089
10.9560,-0.00279,0.00462,0.00089
10.9600,-0.00290,0.00481,0.00089
10.9640,-0.00302,0.00500,0.00089
10.9680,-0.00314,0.00519,0.00089
10.9720,-0.00327,0.00539,0.00090
10.9800,-0.00352,0.00580,0.00090
10.9840,-0.00365,0.00601,0.00090
10.9880,-0.00535,0.00865,0.00092
10.9920,-0.00516,0.00833,0.00092
10.9960,-0.00497,0.00802,0.00091
11.0000,-0.00478,0.00771,0.00090
11.0040,-0.00459,0.00740,0.00090
11.0080,-0.00441,0.00710,0.00089
11.0120,-0.00423,0.00680,0.00088
11.0160,-0.00405,0.00651,0.00087
11.0200,-0.00387,0.00623,0.00086
11.0240,-0.00370,0.00594,0.00086
11.0280,-0.00353,0.00567,0.00085
11.0360,-0.00346,0.00556,0.00083
11.0360,-0.00320,0.00513,0.00083
11.0440,-0.00315,0.00504,0.00082
11.0480,-0.00299,0.00478,0.00081
11.0560,-0.00296,0.00472,0.00080
11.0600,-0.00307,0.00490,0.00080
11.0640,-0.00319,0.00510,0.00080
11.0680,-0.00332,0.00530,0.00079
11.0720,-0.00332,0.00530,0.00079
11.0760,-0.00344,0.00550,0.00078
11.0800,-0.00370,0.00593,0.00076
11.0840,-0.00537,0.00872,0.00061
11.0880,-0.00517,0.00840,0.00061
11.0920,-0.00497,0.00808,0.00061
11.1000,-0.00484,0.00790,0.00060
11.1000,-0.00457,0.00747,0.00061
11.1080,-0.00445,0.00730,0.00060
11.1160,-0.00434,0.00717,0.00059
11.1200,-0.00416,0.00689,0.00059
11.1240,-0.00398,0.00662,0.00059
11.1280,-0.00379,0.00635,0.00060
11.1320,-0.00361,0.00609,0.00060
11.1360,-0.00344,0.00583,0.00060
11.1400,-0.00326,0.00558,0.00061
11.1440,-0.00299,0.00515,0.00062
11.1440,-0.00281,0.00490,0.00063
11.1520,-0.00274,0.00486,0.00063
11.1560,-0.00285,0.00506,0.00063
11.1600,-0.00295,0.00527,0.00063
11.1720,-0.00328,0.00592,0.00064
11.1760,-0.00452,0.00841,0.00078
11.1840,-0.00443,0.00821,0.00087
11.1880,-0.00435,0.00801,0.00096
11.1920,-0.00427,0.00782,0.00105
11.1960,-0.00419,0.00763,0.00115
11.2040,-0.00420,0.00762,0.00126
11.2080,-0.00412,0.00745,0.00135
11.2120,-0.00405,0.00728,0.00145
11.2120,-0.00388,0.00692,0.00152
11.2200,-0.00381,0.00676,0.00161
11.2240,-0.00385,0.00679,0.00173
11.2240,-0.00368,0.00644,0.00180
11.2320,-0.00373,0.00649,0.00192
11.2360,-0.00368,0.00634,0.00201
11.2400,-0.00363,0.00619,0.00211
11.2440,-0.00358,0.00606,0.00221
11.2480,-0.00370,0.00628,0.00224
11.2520,-0.00383,0.00650,0.00226
11.2560,-0.00396,0.00673,0.00229
11.2600,-0.00409,0.00696,0.00231
11.2640,-0.00422,0.00720,0.00234
11.2720,-0.00449,0.00769,0.00239
11.2800,-0.00477,0.00820,0.00245
11.2800,-0.00477,0.00820,0.00245
11.2840,-0.00492,0.00847,0.00247
11.2880,-0.00693,0.01210,0.00282
11.2920,-0.00662,0.01156,0.00270
11.2960,-0.00632,0.01102,0.00257
11.3000,-0.00603,0.01049,0.00245
11.3080,-0.00581,0.01009,0.00234
11.3120,-0.00553,0.00958,0.00221
11.3120,-0.00516,0.00892,0.00208
11.3200,-0.00497,0.00856,0.00196
11.3240,-0.00469,0.00805,0.00183
11.3280,-0.00442,0.00755,0.00170
11.3360,-0.00415,0.00706,0.00158
11.3400,-0.00399,0.00674,0.00147
11.3440,-0.00373,0.00625,0.00134
11.3480,-0.00336,0.00560,0.00121
11.3520,-0.00322,0.00530,0.00110
11.3560,-0.00297,0.00483,0.00097
11.3640,-0.00323,0.00521,0.00099
11.3680,-0.00336,0.00540,0.00101
11.3720,-0.00349,0.00560,0.00102
11.3800,-0.00363,0.00581,0.00103
11.3800,-0.00391,0.00623,0.00104
11.3880,-0.00406,0.00644,0.00105
11.3920,-0.00615,0.00946,0.00110
11.4000,-0.00593,0.00911,0.00107
11.4000,-0.00570,0.00877,0.00104
11.4080,-0.00557,0.00857,0.00100
11.4120,-0.00535,0.00824,0.00097
11.4160,-0.00504,0.00778,0.00094
11.4200,-0.00492,0.00760,0.00090
11.4240,-0.00470,0.00729,0.00087
11.4360,-0.00468,0.00731,0.00082
11.4440,-0.00457,0.00720,0.00078
11.4440,-0.00436,0.00692,0.00074
11.4520,-0.00416,0.00664,0.00071
11.4520,-0.00385,0.00618,0.00068
11.4600,-0.00376,0.00611,0.00063
11.4600,-0.00356,0.00586,0.00059
11.4720,-0.00337,0.00560,0.00055
11.4760,-0.00349,0.00582,0.00054
11.4840,-0.00362,0.00604,0.00052
11.4880,-0.00402,0.00671,0.00048
11.4920,-0.00610,0.01027,0.00025
11.4960,-0.00583,0.00988,0.00027
11.5000,-0.00557,0.00949,0.00030
11.5040,-0.00531,0.00912,0.00032
11.5080,-0.00505,0.00874,0.00035
11.5120,-0.00480,0.00837,0.00037
11.5200,-0.00463,0.00816,0.00039
11.5240,-0.00439,0.00780,0.00041
11.5280,-0.00416,0.00744,0.00043
11.5360,-0.00401,0.00727,0.00044
11.5400,-0.00378,0.00693,0.00046
11.5480,-0.00365,0.00679,0.00047
11.5520,-0.00343,0.00647,0.00048
11.5560,-0.00321,0.00615,0.00050
11.5600,-0.00300,0.00583,0.00051
11.5640,-0.00267,0.00532,0.00054
11.5680,-0.00290,0.00573,0.00050
11.5720,-0.00302,0.00595,0.00049
11.5800,-0.00326,0.00639,0.00044
11.5800,-0.00326,0.00639,0.00044
11.5880,-0.00351,0.00685,0.00040
11.5920,-0.00545,0.01041,-0.00002
11.5960,-0.00526,0.01000,0.00001
11.6000,-0.00499,0.00947,0.00006
11.6000,-0.00480,0.00907,0.00008
11.6080,-0.00470,0.00881,0.00009
11.6120,-0.00452,0.00842,0.00011
11.6160,-0.00434,0.00803,0.00014
11.6200,-0.00417,0.00766,0.00016
11.6240,-0.00400,0.00728,0.00019
11.6280,-0.00383,0.00691,0.00021
11.6320,-0.00366,0.00655,0.00023
11.6360,-0.00349,0.00620,0.00025
11.6400,-0.00333,0.00584,0.00027
11.6440,-0.00317,0.00549,0.00029
11.6480,-0.00302,0.00515,0.00031
11.6560,-0.00298,0.00499,0.00030
11.6600,-0.00310,0.00519,0.00027
11.6680,-0.00334,0.00559,0.00021
11.6760,-0.00334,0.00559,0.00021
11.6760,-0.00372,0.00623,0.00012
11.6800,-0.00385,0.00645,0.00009
11.6880,-0.00385,0.00645,0.00009
11.6920,-0.00577,0.00962,-0.00041
11.6960,-0.00555,0.00926,-0.00037
11.7000,-0.00533,0.00890,-0.00033
11.7040,-0.00511,0.00854,-0.00029
11.7080,-0.00490,0.00819,-0.00025
11.7120,-0.00469,0.00785,-0.00021
11.7200,-0.00457,0.00765,-0.00019
11.7240,-0.00436,0.00732,-0.00015
11.7280,-0.00417,0.00699,-0.00012
11.7320,-0.00397,0.00667,-0.00008
11.7400,-0.00388,0.00652,-0.00007
11.7440,-0.00369,0.00622,-0.00004
11.7480,-0.00351,0.00591,-0.00001
11.7520,-0.00333,0.00561,0.00002
11.7600,-0.00327,0.00552,0.00003
11.7640,-0.00310,0.00523,0.00007
11.7680,-0.00322,0.00544,0.00004
11.7720,-0.00335,0.00565,0.00002
11.7720,-0.00335,0.00565,0.00002
11.7760,-0.00347,0.00587,-0.00000
11.7840,-0.00374,0.00631,-0.00005
11.7880,-0.00374,0.00631,-0.00005
11.7920,-0.00561,0.00940,-0.00035
11.7960,-0.00593,0.00948,-0.00045
11.8000,-0.00625,0.00957,-0.00055
11.8040,-0.00657,0.00966,-0.00065
11.8080,-0.00690,0.00975,-0.00075
11.8160,-0.00737,0.01004,-0.00087
11.8200,-0.00770,0.01015,-0.00097
11.8280,-0.00819,0.01046,-0.00108
11.8360,-0.00869,0.01079,-0.00120
11.8400,-0.00903,0.01092,-0.00130
11.8440,-0.00938,0.01105,-0.00140
11.8480,-0.00974,0.01118,-0.00149
11.8520,-0.01009,0.01132,-0.00159
11.8520,-0.01029,0.01123,-0.00168
11.8600,-0.01082,0.01161,-0.00179
11.8600,-0.01118,0.01176,-0.00189
11.8680,-0.01136,0.01200,-0.00190
11.8720,-0.01154,0.01225,-0.00192
11.8800,-0.01190,0.01275,-0.00194
11.8840,-0.01439,0.01601,-0.00203
11.8880,-0.01473,0.01587,-0.00186
11.8920,-0.01508,0.01572,-0.00169
11.8960,-0.01542,0.01559,-0.00152
11.9000,-0.01577,0.01545,-0.00135
11.9040,-0.01612,0.01532,-0.00118
11.9080,-0.01648,0.01520,-0.00101
11.9120,-0.01684,0.01508,-0.00084
11.9160,-0.01720,0.01496,-0.00066
11.9200,-0.01756,0.01485,-0.00049
11.9240,-0.01792,0.01475,-0.00032
11.9280,-0.01829,0.01465,-0.00015
11.9280,-0.01838,0.01429,0.00000
11.9400,-0.01931,0.01472,0.00022
11.9400,-0.01969,0.01464,0.00039
11.9440,-0.02007,0.01456,0.00057
11.9520,-0.02036,0.01483,0.00059
11.9600,-0.02095,0.01539,0.00064
11.9640,-0.02125,0.01568,0.00067
11.9720,-0.02155,0.01597,0.00070
11.9760,-0.02186,0.01627,0.00072
11.9760,-0.02248,0.01687,0.00077
11.9840,-0.02248,0.01687,0.00077
11.9880,-0.02311,0.01750,0.00082
11.9920,-0.02343,0.01782,0.00084
11.9960,-0.02375,0.01814,0.00086
12.0000,-0.02407,0.01847,0.00088
12.0080,-0.02472,0.01913,0.00093
12.0120,-0.02505,0.01947,0.00095
12.0160,-0.02907,0.02345,0.00122
12.0200,-0.02864,0.02248,0.00139
12.0240,-0.02821,0.02151,0.00155
12.0280,-0.02778,0.02054,0.00171
12.0320,-0.02735,0.01957,0.00188
12.0360,-0.02693,0.01860,0.00204
12.0400,-0.02651,0.01763,0.00221
12.0400,-0.02586,0.01669,0.00232
12.0480,-0.02544,0.01571,0.00248
12.0520,-0.02525,0.01471,0.00272
12.0560,-0.02483,0.01373,0.00290
12.0600,-0.02442,0.01275,0.00308
12.0640,-0.02377,0.01181,0.00318
12.0680,-0.02360,0.01078,0.00343
12.0720,-0.02319,0.00979,0.00361
12.0800,-0.02303,0.00875,0.00387
12.0840,-0.02328,0.00870,0.00395
12.0880,-0.02353,0.00864,0.00403
12.0920,-0.02378,0.00859,0.00412
12.0960,-0.02403,0.00853,0.00420
12.1000,-0.02429,0.00847,0.00429
12.1040,-0.02454,0.00841,0.00437
12.1080,-0.02454,0.00841,0.00437
12.1080,-0.02506,0.00828,0.00455
12.1160,-0.02532,0.00822,0.00463
12.1200,-0.02558,0.00815,0.00472
12.1240,-0.02584,0.00808,0.00481
12.1280,-0.02584,0.00808,0.00481
12.1320,-0.02636,0.00793,0.00499
12.1360,-0.02663,0.00786,0.00507
12.1400,-0.02717,0.00770,0.00525
12.1440,-0.03024,0.00670,0.00624
12.1520,-0.02910,0.00674,0.00592
12.1560,-0.02797,0.00680,0.00561
12.1600,-0.02683,0.00686,0.00530
12.1640,-0.02570,0.00692,0.00499
12.1680,-0.02456,0.00697,0.00467
12.1720,-0.02343,0.00706,0.00437
12.1760,-0.02230,0.00709,0.00406
12.1800,-0.02117,0.00712,0.00374
12.1880,-0.02004,0.00718,0.00344
12.1920,-0.01890,0.00724,0.00313
12.2000,-0.01777,0.00727,0.00282
12.2080,-0.01664,0.00731,0.00251
12.2120,-0.01550,0.00737,0.00220
12.2200,-0.01436,0.00741,0.00190
12.2240,-0.01322,0.00746,0.00160
12.2280,-0.01322,0.00744,0.00160
12.2320,-0.01322,0.00742,0.00160
12.2400,-0.01321,0.00737,0.00160
12.2400,-0.01320,0.00735,0.00160
12.2480,-0.01306,0.00701,0.00166
12.2520,-0.01325,0.00707,0.00168
12.2560,-0.01345,0.00713,0.00171
12.2640,-0.01359,0.00710,0.00174
12.2680,-0.01378,0.00715,0.00177
12.2720,-0.01397,0.00719,0.00179
12.2800,-0.01410,0.00715,0.00183
12.2840,-0.01428,0.00719,0.00185
12.2880,-0.01446,0.00724,0.00188
12.2880,-0.01464,0.00728,0.00190
12.2960,-0.01482,0.00732,0.00192
12.3000,-0.01500,0.00736,0.00194
12.3040,-0.01518,0.00739,0.00196
12.3120,-0.01529,0.00733,0.00198
12.3160,-0.01546,0.00737,0.00200
12.3200,-0.01564,0.00741,0.00202
12.3240,-0.01557,0.00730,0.00202
12.3280,-0.01550,0.00720,0.00202
12.3320,-0.01543,0.00710,0.00202
12.3360,-0.01536,0.00699,0.00203
12.3400,-0.01529,0.00688,0.00203
12.3440,-0.01521,0.00677,0.00203
12.3480,-0.01514,0.00666,0.00204
12.3560,-0.01411,0.00517,0.00209
12.3600,-0.01441,0.00549,0.00208
12.3640,-0.01472,0.00580,0.00208
12.3680,-0.01506,0.00616,0.00207
12.3680,-0.01537,0.00648,0.00207
12.3800,-0.01565,0.00674,0.00206
12.3840,-0.01591,0.00701,0.00205
12.3880,-0.01621,0.00732,0.00205
12.3920,-0.01651,0.00763,0.00205
12.3960,-0.01681,0.00795,0.00204
12.4000,-0.01710,0.00826,0.00204
12.4040,-0.01740,0.00857,0.00204
12.4040,-0.01770,0.00888,0.00204
12.4120,-0.01799,0.00918,0.00204
12.4160,-0.01829,0.00949,0.00204
12.4240,-0.01854,0.00974,0.00206
12.4240,-0.01849,0.00968,0.00206
12.4320,-0.01845,0.00962,0.00207
12.4360,-0.01840,0.00956,0.00208
12.4440,-0.01831,0.00943,0.00208
12.4520,-0.01796,0.00871,0.00218
12.4520,-0.01855,0.00907,0.00217
12.4600,-0.01915,0.00943,0.00216
12.4640,-0.01974,0.00979,0.00216
12.4720,-0.02034,0.01014,0.00215
12.4760,-0.02093,0.01050,0.00214
12.4800,-0.02162,0.01087,0.00215
12.4840,-0.02221,0.01123,0.00215
12.4880,-0.02281,0.01159,0.00215
12.4920,-0.02340,0.01194,0.00216
12.5000,-0.02408,0.01232,0.00217
12.5040,-0.02467,0.01267,0.00217
12.5080,-0.02527,0.01303,0.00217
12.5120,-0.02586,0.01338,0.00217
12.5160,-0.02645,0.01374,0.00217
12.5200,-0.02704,0.01409,0.00217
12.5240,-0.02704,0.01409,0.00217
12.5280,-0.02721,0.01412,0.00219
12.5360,-0.02738,0.01415,0.00221
12.5440,-0.02755,0.01417,0.00223
12.5440,-0.02845,0.01428,0.00229
12.5520,-0.02799,0.01410,0.00229
12.5560,-0.02752,0.01393,0.00229
12.5600,-0.02704,0.01376,0.00228
12.5640,-0.02656,0.01359,0.00228
12.5680,-0.02609,0.01341,0.00227
12.5720,-0.02561,0.01324,0.00227
12.5800,-0.02513,0.01304,0.00226
12.5840,-0.02465,0.01287,0.00226
12.5880,-0.02416,0.01269,0.00225
12.5920,-0.02367,0.01249,0.00225
12.6000,-0.02318,0.01231,0.00224
12.6040,-0.02270,0.01216,0.00223
12.6040,-0.02219,0.01196,0.00223
12.6120,-0.02171,0.01180,0.00222
12.6160,-0.02121,0.01160,0.00222
12.6200,-0.02120,0.01158,0.00223
12.6320,-0.02116,0.01152,0.00224
12.6360,-0.02115,0.01150,0.00224
12.6400,-0.02114,0.01147,0.00224
12.6440,-0.02094,0.01117,0.00219
12.6480,-0.02062,0.01104,0.00222
12.6520,-0.02031,0.01091,0.00225
12.6520,-0.02003,0.01081,0.00228
12.6600,-0.01967,0.01064,0.00231
12.6600,-0.01940,0.01054,0.00234
12.6720,-0.01900,0.01033,0.00237
12.6760,-0.01869,0.01019,0.00239
12.6840,-0.01833,0.01002,0.00242
12.6880,-0.01802,0.00988,0.00244
12.6920,-0.01771,0.00974,0.00247
12.6960,-0.01740,0.00960,0.00249
12.7000,-0.01708,0.00947,0.00252
12.7000,-0.01681,0.00937,0.00255
12.7080,-0.01645,0.00919,0.00257
12.7120,-0.01613,0.00905,0.00260
12.7160,-0.01609,0.00901,0.00260
12.7240,-0.01601,0.00894,0.00259
12.7280,-0.01582,0.00874,0.00257
12.7320,-0.01627,0.00901,0.00259
12.7400,-0.01677,0.00930,0.00262
12.7440,-0.01722,0.00957,0.00264
12.7480,-0.01767,0.00984,0.00266
12.7520,-0.01811,0.01011,0.00268
12.7560,-0.01856,0.01039,0.00270
12.7640,-0.01906,0.01068,0.00272
12.7640,-0.01945,0.01093,0.00273
12.7720,-0.01995,0.01122,0.00275
12.7760,-0.02039,0.01149,0.00276
12.7800,-0.02084,0.01176,0.00278
12.7840,-0.02128,0.01203,0.00280
12.7880,-0.02173,0.01230,0.00282
12.7960,-0.02223,0.01258,0.00283
12.8000,-0.02267,0.01285,0.00285
12.8040,-0.02273,0.01286,0.00285
12.8120,-0.02283,0.01290,0.00285
12.8160,-0.02283,0.01290,0.00285
12.8160,-0.02294,0.01294,0.00283
12.8240,-0.02299,0.01296,0.00282
12.8280,-0.02304,0.01299,0.00281
12.8320,-0.02309,0.01301,0.00280
12.8360,-0.02314,0.01304,0.00278
12.8400,-0.02318,0.01307,0.00277
12.8440,-0.02368,0.01346,0.00255
12.8440,-0.02360,0.01342,0.00259
12.8520,-0.02357,0.01341,0.00260
12.8560,-0.02352,0.01339,0.00263
12.8600,-0.02347,0.01337,0.00265
12.8640,-0.02341,0.01334,0.00267
12.8680,-0.02335,0.01332,0.00270
12.8720,-0.02330,0.01330,0.00272
12.8760,-0.02322,0.01326,0.00275
12.8840,-0.02318,0.01326,0.00277
12.8880,-0.02314,0.01327,0.00280
12.8920,-0.02307,0.01323,0.00283
12.8960,-0.02303,0.01323,0.00285
12.9000,-0.02297,0.01321,0.00287
12.9080,-0.02293,0.01321,0.00288
12.9120,-0.02287,0.01318,0.00290
12.9160,-0.02289,0.01320,0.00289
12.9200,-0.02291,0.01322,0.00287
12.9240,-0.02293,0.01325,0.00285
12.9280,-0.02294,0.01327,0.00283
12.9320,-0.02296,0.01329,0.00281
12.9360,-0.02297,0.01331,0.00279
12.9440,-0.02299,0.01333,0.00277
12.9440,-0.02300,0.01335,0.00275
12.9480,-0.02301,0.01337,0.00272
12.9520,-0.02310,0.01361,0.00231
12.9520,-0.02253,0.01335,0.00223
12.9600,-0.02199,0.01311,0.00219
12.9600,-0.02146,0.01286,0.00215
12.9680,-0.02093,0.01262,0.00210
12.9760,-0.02035,0.01237,0.00204
12.9800,-0.01981,0.01213,0.00200
12.9840,-0.01928,0.01188,0.00196
12.9880,-0.01874,0.01164,0.00191
12.9960,-0.01815,0.01138,0.00185
13.0040,-0.01755,0.01112,0.00178
13.0080,-0.01701,0.01088,0.00173
13.0120,-0.01646,0.01063,0.00169
13.0160,-0.01592,0.01038,0.00164
13.0200,-0.01537,0.01013,0.00159
13.0240,-0.01483,0.00988,0.00154
13.0280,-0.01478,0.00987,0.00151
13.0320,-0.01478,0.00987,0.00151
13.0400,-0.01462,0.00983,0.00142
13.0440,-0.01451,0.00980,0.00135
13.0480,-0.01451,0.00980,0.00135
13.0560,-0.01382,0.00955,0.00093
13.0640,-0.01350,0.00931,0.00092
13.0680,-0.01320,0.00907,0.00092
13.0720,-0.01291,0.00884,0.00092
13.0720,-0.01264,0.00862,0.00094
13.0840,-0.01228,0.00834,0.00090
13.0920,-0.01195,0.00808,0.00088
13.0960,-0.01166,0.00784,0.00089
13.1040,-0.01133,0.00758,0.00087
13.1080,-0.01103,0.00734,0.00087
13.1120,-0.01073,0.00710,0.00087
13.1160,-0.01043,0.00687,0.00088
13.1200,-0.01013,0.00663,0.00088
13.1240,-0.00982,0.00639,0.00089
13.1280,-0.00956,0.00617,0.00091
13.1320,-0.00922,0.00592,0.00090
13.1360,-0.00918,0.00591,0.00089
13.1400,-0.00914,0.00589,0.00088
13.1440,-0.00911,0.00587,0.00087
13.1440,-0.00869,0.00573,0.00080
13.1520,-0.00871,0.00570,0.00081
13.1600,-0.00871,0.00566,0.00081
13.1680,-0.00871,0.00561,0.00081
13.1720,-0.00874,0.00558,0.00082
13.1760,-0.00877,0.00556,0.00083
13.1880,-0.00874,0.00549,0.00082
13.1920,-0.00876,0.00546,0.00083
13.1960,-0.00878,0.00544,0.00084
13.2040,-0.00878,0.00540,0.00084
13.2080,-0.00881,0.00538,0.00084
13.2120,-0.00883,0.00536,0.00085
13.2160,-0.00886,0.00535,0.00086
13.2240,-0.00886,0.00532,0.00085
13.2320,-0.00889,0.00531,0.00085
13.2360,-0.00889,0.00528,0.00084
13.2400,-0.00887,0.00527,0.00083
13.2400,-0.00887,0.00527,0.00083
13.2520,-0.00880,0.00525,0.00080
13.2560,-0.00854,0.00519,0.00066
13.2600,-0.00856,0.00516,0.00070
13.2720,-0.00858,0.00513,0.00073
13.2800,-0.00859,0.00510,0.00077
13.2840,-0.00862,0.00508,0.00080
13.2880,-0.00865,0.00506,0.00084
13.2920,-0.00867,0.00504,0.00088
13.2960,-0.00870,0.00503,0.00091
13.3000,-0.00872,0.00501,0.00095
13.3080,-0.00872,0.00500,0.00098
13.3160,-0.00871,0.00498,0.00101
13.3240,-0.00869,0.00497,0.00104
13.3280,-0.00874,0.00496,0.00108
13.3320,-0.00872,0.00494,0.00111
13.3360,-0.00874,0.00493,0.00114
13.3400,-0.00878,0.00492,0.00118
13.3440,-0.00872,0.00493,0.00116
13.3480,-0.00869,0.00493,0.00115
13.3480,-0.00824,0.00495,0.00096
13.3560,-0.00828,0.00501,0.00097
13.3600,-0.00833,0.00505,0.00098
13.3680,-0.00839,0.00510,0.00099
13.3720,-0.00842,0.00515,0.00098
13.3800,-0.00846,0.00520,0.00097
13.3840,-0.00852,0.00525,0.00098
13.3880,-0.00860,0.00529,0.00100
13.3920,-0.00864,0.00533,0.00099
13.3960,-0.00870,0.00538,0.00100
13.4040,-0.00874,0.00542,0.00099
13.4080,-0.00880,0.00546,0.00100
13.4120,-0.00886,0.00550,0.00101
13.4160,-0.00891,0.00553,0.00102
13.4240,-0.00895,0.00556,0.00102
13.4280,-0.00901,0.00559,0.00103
13.4360,-0.00896,0.00557,0.00100
13.4400,-0.00894,0.00556,0.00098
13.4480,-0.00892,0.00555,0.00097
13.4520,-0.00865,0.00529,0.00080
13.4600,-0.00867,0.00522,0.00077
13.4680,-0.00872,0.00520,0.00078
13.4720,-0.00875,0.00516,0.00077
13.4760,-0.00880,0.00514,0.00078
13.4800,-0.00885,0.00512,0.00079
13.4880,-0.00887,0.00507,0.00078
13.4880,-0.00891,0.00505,0.00080
13.5000,-0.00893,0.00500,0.00080
13.5040,-0.00898,0.00499,0.00081
13.5080,-0.00902,0.00497,0.00082
13.5160,-0.00904,0.00493,0.00083
13.5200,-0.00908,0.00491,0.00085
13.5240,-0.00912,0.00490,0.00086
13.5280,-0.00916,0.00488,0.00088
13.5320,-0.00920,0.00486,0.00089
13.5400,-0.00916,0.00484,0.00089
13.5440,-0.00909,0.00479,0.00087
13.5520,-0.00906,0.00477,0.00086
13.5560,-0.00902,0.00474,0.00085
13.5600,-0.00847,0.00444,0.00078
13.5680,-0.00848,0.00449,0.00083
13.5680,-0.00849,0.00454,0.00087
13.5720,-0.00849,0.00460,0.00092
13.5760,-0.00853,0.00465,0.00096
13.5800,-0.00851,0.00471,0.00102
13.5840,-0.00852,0.00476,0.00107
13.5920,-0.00850,0.00481,0.00112
13.5960,-0.00851,0.00487,0.00117
13.6000,-0.00852,0.00492,0.00122
13.6080,-0.00850,0.00498,0.00127
13.6080,-0.00853,0.00504,0.00131
13.6160,-0.00852,0.00510,0.00137
13.6240,-0.00849,0.00516,0.00143
13.6280,-0.00850,0.00522,0.00148
13.6320,-0.00853,0.00528,0.00152
13.6360,-0.00847,0.00528,0.00154
13.6400,-0.00844,0.00529,0.00155
13.6440,-0.00841,0.00529,0.00156
13.6480,-0.00838,0.00530,0.00157
13.6520,-0.00798,0.00542,0.00174
13.6560,-0.00802,0.00536,0.00172
13.6640,-0.00804,0.00530,0.00171
13.6640,-0.00810,0.00524,0.00169
13.6720,-0.00812,0.00519,0.00168
13.6800,-0.00814,0.00513,0.00167
13.6840,-0.00820,0.00507,0.00165
13.6880,-0.00823,0.00501,0.00164
13.6920,-0.00825,0.00496,0.00163
13.6960,-0.00829,0.00490,0.00162
13.7040,-0.00831,0.00485,0.00161
13.7080,-0.00836,0.00479,0.00159
13.7120,-0.00840,0.00473,0.00158
13.7160,-0.00842,0.00468,0.00157
13.7200,-0.00845,0.00463,0.00155
13.7240,-0.00849,0.00457,0.00153
13.7240,-0.00847,0.00458,0.00153
13.7360,-0.00843,0.00460,0.00153
13.7400,-0.00828,0.00466,0.00149
13.7400,-0.00832,0.00462,0.00148
13.7480,-0.00834,0.00456,0.00147
13.7600,-0.00836,0.00450,0.00146
13.7640,-0.00839,0.00445,0.00145
13.7680,-0.00843,0.00440,0.00145
13.7720,-0.00849,0.00436,0.00145
13.7760,-0.00852,0.00430,0.00144
13.7840,-0.00856,0.00425,0.00144
13.7880,-0.00860,0.00419,0.00143
13.7920,-0.00865,0.00415,0.00143
13.8000,-0.00869,0.00409,0.00142
13.8040,-0.00874,0.00404,0.00142
13.8080,-0.00879,0.00400,0.00142
13.8120,-0.00885,0.00395,0.00142
13.8160,-0.00890,0.00390,0.00142
13.8200,-0.00890,0.00389,0.00142
13.8240,-0.00890,0.00389,0.00143
13.8280,-0.00891,0.00388,0.00143
13.8320,-0.00891,0.00387,0.00143
13.8360,-0.00891,0.00386,0.00143
13.8400,-0.00891,0.00385,0.00143
13.8440,-0.00893,0.00372,0.00142
13.8480,-0.00893,0.00375,0.00142
13.8520,-0.00893,0.00378,0.00142
13.8560,-0.00894,0.00380,0.00143
13.8600,-0.00894,0.00383,0.00143
13.8640,-0.00894,0.00385,0.00143
13.8680,-0.00894,0.00387,0.00143
13.8720,-0.00894,0.00390,0.00144
13.8760,-0.00894,0.00392,0.00144
13.8840,-0.00895,0.00393,0.00144
13.8880,-0.00895,0.00395,0.00144
13.8920,-0.00896,0.00397,0.00145
13.8960,-0.00897,0.00398,0.00145
13.9000,-0.00897,0.00401,0.00146
13.9000,-0.00899,0.00401,0.00147
13.9040,-0.00899,0.00404,0.00147
13.9080,-0.00900,0.00403,0.00148
13.9120,-0.00901,0.00401,0.00148
13.9200,-0.00904,0.00398,0.00149
13.9200,-0.00905,0.00397,0.00150
13.9280,-0.00906,0.00395,0.00151
13.9320,-0.00907,0.00394,0.00152
13.9360,-0.00908,0.00393,0.00153
13.9400,-0.00909,0.00391,0.00154
13.9400,-0.00909,0.00391,0.00154
13.9480,-0.00910,0.00389,0.00155
13.9520,-0.00926,0.00373,0.00171
13.9560,-0.00928,0.00379,0.00170
13.9600,-0.00930,0.00384,0.00169
13.9640,-0.00931,0.00390,0.00168
13.9680,-0.00933,0.00396,0.00167
13.9720,-0.00934,0.00401,0.00165
13.9800,-0.00938,0.00407,0.00164
13.9800,-0.00939,0.00412,0.00162
13.9840,-0.00942,0.00418,0.00160
13.9920,-0.00943,0.00424,0.00158
13.9920,-0.00944,0.00429,0.00157
14.0000,-0.00947,0.00435,0.00155
14.0040,-0.00949,0.00440,0.00153
14.0080,-0.00951,0.00446,0.00151
14.0080,-0.00953,0.00451,0.00149
14.0160,-0.00955,0.00457,0.00147
14.0200,-0.00956,0.00457,0.00146
14.0240,-0.00957,0.00457,0.00146
14.0240,-0.00958,0.00456,0.00146
14.0360,-0.00960,0.00456,0.00146
14.0400,-0.00961,0.00456,0.00146
14.0440,-0.00962,0.00457,0.00146
14.0440,-0.00963,0.00457,0.00146
14.0480,-0.00972,0.00454,0.00152
14.0560,-0.00973,0.00461,0.00149
14.0560,-0.00974,0.00466,0.00146
14.0640,-0.00975,0.00473,0.00144
14.0680,-0.00976,0.00480,0.00141
14.0720,-0.00977,0.00485,0.00139
14.0760,-0.00978,0.00492,0.00136
14.0800,-0.00978,0.00498,0.00133
14.0840,-0.00980,0.00506,0.00131
14.0880,-0.00980,0.00513,0.00128
14.0920,-0.00981,0.00520,0.00126
14.1000,-0.00981,0.00528,0.00123
14.1040,-0.00982,0.00535,0.00121
14.1080,-0.00983,0.00542,0.00119
14.1120,-0.00984,0.00549,0.00116
14.1160,-0.00984,0.00556,0.00114
14.1200,-0.00984,0.00558,0.00113
14.1240,-0.00984,0.00559,0.00113
14.1280,-0.00984,0.00560,0.00113
14.1360,-0.00984,0.00563,0.00112
14.1400,-0.00983,0.00564,0.00112
14.1480,-0.00980,0.00578,0.00108
14.1520,-0.00981,0.00571,0.00110
14.1560,-0.00983,0.00563,0.00112
14.1600,-0.00984,0.00556,0.00114
14.1640,-0.00986,0.00548,0.00117
14.1680,-0.00987,0.00541,0.00119
14.1760,-0.00989,0.00533,0.00122
14.1800,-0.00990,0.00525,0.00124
14.1840,-0.00992,0.00517,0.00126
14.1880,-0.00993,0.00510,0.00128
14.1920,-0.00995,0.00502,0.00130
14.2000,-0.00997,0.00496,0.00129
14.2000,-0.00998,0.00488,0.00131
14.2040,-0.01000,0.00481,0.00133
14.2080,-0.01002,0.00474,0.00135
14.2160,-0.01003,0.00467,0.00138
14.2200,-0.01003,0.00467,0.00139
14.2240,-0.01003,0.00467,0.00139
14.2280,-0.01002,0.00467,0.00140
14.2320,-0.01002,0.00467,0.00140
14.2360,-0.01002,0.00468,0.00141
14.2440,-0.01001,0.00468,0.00141
14.2480,-0.00994,0.00473,0.00158
14.2520,-0.00992,0.00476,0.00152
14.2560,-0.00989,0.00479,0.00146
14.2600,-0.00986,0.00482,0.00140
14.2640,-0.00984,0.00485,0.00135
14.2680,-0.00981,0.00488,0.00129
14.2760,-0.00977,0.00491,0.00122
14.2840,-0.00973,0.00495,0.00116
14.2880,-0.00969,0.00498,0.00111
14.2920,-0.00966,0.00501,0.00105
14.2960,-0.00962,0.00503,0.00099
14.3000,-0.00958,0.00506,0.00093
14.3040,-0.00956,0.00508,0.00088
14.3080,-0.00952,0.00511,0.00082
14.3120,-0.00948,0.00513,0.00077
14.3160,-0.00943,0.00516,0.00070
14.3200,-0.00942,0.00516,0.00069
14.3240,-0.00941,0.00517,0.00067
14.3320,-0.00940,0.00517,0.00067
14.3360,-0.00940,0.00518,0.00066
14.3440,-0.00935,0.00521,0.00060
14.3480,-0.00932,0.00521,0.00070
14.3520,-0.00931,0.00519,0.00079
14.3600,-0.00928,0.00519,0.00088
14.3640,-0.00928,0.00517,0.00096
14.3720,-0.00924,0.00518,0.00107
14.3800,-0.00923,0.00516,0.00115
14.3800,-0.00922,0.00515,0.00124
14.3880,-0.00920,0.00515,0.00133
14.3920,-0.00920,0.00514,0.00142
14.3960,-0.00919,0.00512,0.00150
14.4000,-0.00918,0.00511,0.00159
14.4040,-0.00917,0.00511,0.00169
14.4120,-0.00916,0.00509,0.00178
14.4160,-0.00916,0.00508,0.00186
14.4200,-0.00916,0.00506,0.00195
14.4280,-0.00915,0.00509,0.00197
14.4320,-0.00915,0.00510,0.00198
14.4360,-0.00917,0.00523,0.00205
14.4400,-0.00925,0.00518,0.00197
14.4400,-0.00932,0.00513,0.00191
14.4480,-0.00940,0.00508,0.00181
14.4520,-0.00948,0.00503,0.00172
14.4560,-0.00955,0.00498,0.00164
14.4640,-0.00964,0.00493,0.00153
14.4680,-0.00971,0.00489,0.00144
14.4760,-0.00979,0.00484,0.00134
14.4800,-0.00986,0.00479,0.00125
14.4840,-0.00993,0.00474,0.00116
14.4840,-0.01000,0.00469,0.00110
14.4920,-0.01008,0.00464,0.00098
14.4960,-0.01016,0.00459,0.00090
14.5000,-0.01023,0.00455,0.00081
14.5000,-0.01031,0.00450,0.00072
14.5080,-0.01031,0.00450,0.00070
14.5120,-0.01032,0.00450,0.00067
14.5200,-0.01033,0.00451,0.00062
14.5240,-0.01034,0.00451,0.00060
14.5280,-0.01035,0.00451,0.00057
14.5320,-0.01036,0.00452,0.00055
14.5360,-0.01038,0.00452,0.00052
14.5440,-0.01054,0.00461,0.00027
14.5480,-0.01047,0.00471,0.00038
14.5520,-0.01040,0.00478,0.00048
14.5560,-0.01032,0.00485,0.00057
14.5640,-0.01026,0.00493,0.00068
14.5720,-0.01020,0.00502,0.00078
14.5800,-0.01013,0.00511,0.00088
14.5840,-0.01006,0.00518,0.00097
14.5880,-0.00999,0.00525,0.00106
14.5920,-0.00992,0.00531,0.00115
14.5960,-0.00984,0.00538,0.00124
14.6000,-0.00977,0.00545,0.00133
14.6040,-0.00970,0.00551,0.00141
14.6080,-0.00962,0.00558,0.00150
14.6160,-0.00956,0.00567,0.00158
14.6200,-0.00948,0.00574,0.00167
14.6240,-0.00950,0.00577,0.00167
14.6320,-0.00951,0.00579,0.00166
14.6360,-0.00951,0.00580,0.00166
14.6400,-0.00952,0.00581,0.00166
14.6440,-0.00963,0.00595,0.00158
14.6480,-0.00965,0.00587,0.00150
14.6520,-0.00968,0.00579,0.00143
14.6520,-0.00969,0.00570,0.00138
14.6640,-0.00975,0.00562,0.00124
14.6720,-0.00980,0.00553,0.00113
14.6800,-0.00986,0.00544,0.00103
14.6840,-0.00989,0.00536,0.00095
14.6880,-0.00993,0.00527,0.00087
14.6920,-0.00996,0.00519,0.00080
14.6960,-0.00999,0.00510,0.00072
14.7000,-0.01003,0.00502,0.00065
14.7040,-0.01006,0.00494,0.00058
14.7080,-0.01010,0.00485,0.00050
14.7080,-0.01013,0.00477,0.00043
14.7160,-0.01016,0.00469,0.00036
14.7200,-0.01019,0.00469,0.00034
14.7240,-0.01021,0.00469,0.00031
14.7280,-0.01024,0.00469,0.00029
14.7360,-0.01028,0.00468,0.00024
14.7360,-0.01046,0.00462,0.00006
14.7440,-0.01043,0.00447,0.00013
14.7520,-0.01042,0.00424,0.00018
14.7560,-0.01038,0.00409,0.00025
14.7600,-0.01034,0.00394,0.00032
14.7640,-0.01030,0.00378,0.00038
14.7680,-0.01026,0.00363,0.00045
14.7720,-0.01021,0.00351,0.00052
14.7800,-0.01021,0.00329,0.00058
14.7840,-0.01017,0.00314,0.00065
14.7880,-0.01013,0.00299,0.00072
14.7960,-0.01009,0.00283,0.00079
14.8000,-0.01007,0.00264,0.00087
14.8000,-0.01001,0.00252,0.00094
14.8080,-0.00997,0.00236,0.00101
14.8120,-0.00995,0.00216,0.00108
14.8200,-0.00998,0.00207,0.00108
14.8240,-0.01002,0.00198,0.00107
14.8360,-0.01005,0.00189,0.00106
14.8400,-0.01022,0.00143,0.00100
14.8440,-0.01016,0.00164,0.00105
14.8480,-0.01009,0.00186,0.00110
14.8520,-0.01003,0.00207,0.00115
14.8560,-0.00997,0.00228,0.00120
14.8600,-0.00990,0.00250,0.00125
14.8680,-0.00984,0.00270,0.00132
14.8720,-0.00977,0.00292,0.00137
14.8800,-0.00971,0.00312,0.00144
14.8840,-0.00964,0.00334,0.00149
14.8880,-0.00958,0.00355,0.00154
14.8880,-0.00952,0.00377,0.00158
14.8960,-0.00945,0.00398,0.00165
14.9000,-0.00938,0.00419,0.00171
14.9080,-0.00932,0.00440,0.00177
14.9080,-0.00925,0.00461,0.00182
14.9160,-0.00925,0.00460,0.00186
14.9200,-0.00925,0.00460,0.00187
14.9240,-0.00925,0.00459,0.00189
14.9280,-0.00924,0.00458,0.00190
14.9320,-0.00924,0.00458,0.00192
14.9360,-0.00924,0.00457,0.00194
14.9400,-0.00922,0.00457,0.00210
14.9400,-0.00926,0.00463,0.00201
14.9440,-0.00928,0.00469,0.00193
14.9520,-0.00930,0.00473,0.00186
14.9560,-0.00933,0.00479,0.00178
14.9600,-0.00936,0.00483,0.00169
14.9680,-0.00939,0.00488,0.00161
14.9720,-0.00941,0.00493,0.00153
14.9800,-0.00944,0.00498,0.00144
14.9840,-0.00946,0.00502,0.00136
14.9880,-0.00948,0.00506,0.00128
14.9920,-0.00951,0.00511,0.00120
14.9960,-0.00953,0.00515,0.00112
15.0000,-0.00956,0.00519,0.00104
15.0040,-0.00958,0.00524,0.00095
15.0080,-0.00961,0.00528,0.00087
15.0080,-0.00961,0.00528,0.00086
15.0160,-0.00962,0.00528,0.00085
15.0200,-0.00963,0.00529,0.00085
15.0240,-0.00964,0.00529,0.00084
15.0280,-0.00964,0.00529,0.00083
15.0320,-0.00965,0.00530,0.00082
15.0360,-0.00966,0.00530,0.00082
15.0440,-0.00967,0.00530,0.00080
15.0480,-0.00967,0.00530,0.00079
15.0520,-0.00967,0.00530,0.00077
15.0600,-0.00966,0.00532,0.00062
15.0640,-0.00972,0.00537,0.00064
15.0680,-0.00977,0.00542,0.00067
15.0720,-0.00982,0.00548,0.00069
15.0760,-0.00986,0.00552,0.00069
15.0840,-0.00991,0.00557,0.00071
15.0840,-0.00997,0.00563,0.00075
15.0920,-0.01001,0.00568,0.00076
15.0960,-0.01006,0.00573,0.00078
15.1000,-0.01012,0.00578,0.00080
15.1040,-0.01017,0.00583,0.00082
15.1040,-0.01024,0.00589,0.00086
15.1080,-0.01029,0.00594,0.00088
15.1160,-0.01033,0.00597,0.00088
15.1200,-0.01039,0.00602,0.00090
15.1240,-0.01044,0.00607,0.00092
15.1280,-0.01042,0.00606,0.00090
15.1320,-0.01041,0.00605,0.00087
15.1360,-0.01040,0.00603,0.00085
15.1440,-0.01037,0.00600,0.00080
15.1480,-0.01036,0.00598,0.00078
15.1520,-0.01035,0.00596,0.00075
15.1560,-0.01034,0.00594,0.00073
15.1600,-0.01033,0.00593,0.00070
15.1640,-0.01033,0.00593,0.00070
15.1680,-0.01031,0.00589,0.00065
15.1720,-0.01030,0.00588,0.00063
15.1800,-0.01025,0.00566,0.00036
15.1840,-0.01028,0.00557,0.00043
15.1880,-0.01030,0.00547,0.00049
15.1920,-0.01032,0.00538,0.00056
15.1960,-0.01035,0.00529,0.00062
15.2000,-0.01038,0.00520,0.00069
15.2000,-0.01041,0.00510,0.00075
15.2080,-0.01043,0.00501,0.00081
15.2120,-0.01046,0.00491,0.00088
15.2160,-0.01049,0.00482,0.00094
15.2200,-0.01052,0.00472,0.00100
15.2240,-0.01055,0.00463,0.00106
15.2280,-0.01058,0.00454,0.00112
15.2360,-0.01061,0.00442,0.00116
15.2400,-0.01064,0.00433,0.00122
15.2400,-0.01067,0.00426,0.00129
15.2440,-0.01068,0.00424,0.00127
15.2520,-0.01069,0.00418,0.00123
15.2560,-0.01070,0.00416,0.00121
15.2600,-0.01071,0.00413,0.00118
15.2640,-0.01072,0.00410,0.00116
15.2720,-0.01074,0.00405,0.00112
15.2720,-0.01075,0.00402,0.00110
15.2800,-0.01085,0.00374,0.00086
15.2880,-0.01085,0.00375,0.00087
15.2920,-0.01084,0.00378,0.00088
15.2960,-0.01083,0.00382,0.00090
15.3000,-0.01082,0.00385,0.00091
15.3040,-0.01081,0.00389,0.00092
15.3080,-0.01080,0.00393,0.00094
15.3120,-0.01079,0.00396,0.00095
15.3160,-0.01079,0.00400,0.00096
15.3200,-0.01078,0.00404,0.00097
15.3280,-0.01078,0.00406,0.00097
15.3360,-0.01077,0.00408,0.00096
15.3400,-0.01076,0.00412,0.00098
15.3480,-0.01075,0.00415,0.00098
15.3560,-0.01075,0.00418,0.00098
15.3640,-0.01074,0.00421,0.00099
15.3720,-0.01076,0.00419,0.00096
15.3760,-0.01077,0.00418,0.00094
15.3800,-0.01078,0.00417,0.00093
15.3840,-0.01079,0.00415,0.00091
15.3880,-0.01101,0.00402,0.00070
15.3920,-0.01098,0.00411,0.00068
15.3920,-0.01095,0.00420,0.00066
15.4000,-0.01091,0.00429,0.00064
15.4040,-0.01088,0.00438,0.00061
15.4040,-0.01083,0.00449,0.00061
15.4120,-0.01082,0.00456,0.00057
15.4160,-0.01078,0.00465,0.00054
15.4200,-0.01075,0.00473,0.00052
15.4240,-0.01072,0.00482,0.00049
15.4240,-0.01067,0.00492,0.00049
15.4360,-0.01066,0.00496,0.00041
15.4400,-0.01063,0.00505,0.00038
15.4440,-0.01058,0.00515,0.00037
15.4480,-0.01057,0.00521,0.00032
15.4480,-0.01052,0.00531,0.00031
15.4560,-0.01055,0.00527,0.00026
15.4640,-0.01059,0.00522,0.00021
15.4680,-0.01061,0.00520,0.00018
15.4720,-0.01063,0.00518,0.00016
15.4760,-0.01065,0.00516,0.00013
15.4800,-0.01068,0.00514,0.00010
15.4840,-0.01099,0.00488,-0.00025
15.4880,-0.01096,0.00479,-0.00018
15.4920,-0.01094,0.00471,-0.00010
15.5000,-0.01093,0.00460,-0.00004
15.5040,-0.01091,0.00452,0.00004
15.5080,-0.01087,0.00445,0.00014
15.5080,-0.01085,0.00437,0.00022
15.5160,-0.01084,0.00427,0.00028
15.5200,-0.01081,0.00418,0.00036
15.5280,-0.01080,0.00408,0.00042
15.5320,-0.01077,0.00400,0.00050
15.5400,-0.01075,0.00389,0.00055
15.5440,-0.01072,0.00380,0.00062
15.5480,-0.01069,0.00369,0.00067
15.5560,-0.01066,0.00360,0.00075
15.5600,-0.01064,0.00351,0.00082
15.5640,-0.01064,0.00349,0.00079
15.5800,-0.01072,0.00325,0.00055
15.5800,-0.01063,0.00329,0.00055
15.5840,-0.01054,0.00333,0.00054
15.5880,-0.01045,0.00336,0.00053
15.5920,-0.01036,0.00340,0.00053
15.5960,-0.01027,0.00343,0.00053
15.6000,-0.01017,0.00347,0.00052
15.6040,-0.01008,0.00350,0.00052
15.6080,-0.00999,0.00354,0.00052
15.6120,-0.00989,0.00358,0.00052
15.6160,-0.00980,0.00361,0.00052
15.6200,-0.00971,0.00365,0.00052
15.6280,-0.00962,0.00366,0.00050
15.6320,-0.00953,0.00370,0.00050
15.6360,-0.00944,0.00374,0.00050
15.6440,-0.00935,0.00376,0.00047
15.6480,-0.00936,0.00373,0.00044
15.6520,-0.00936,0.00371,0.00041
15.6560,-0.00937,0.00368,0.00039
15.6600,-0.00937,0.00366,0.00036
15.6640,-0.00937,0.00363,0.00034
15.6680,-0.00938,0.00360,0.00031
15.6720,-0.00938,0.00357,0.00029
15.6800,-0.00939,0.00355,0.00026
15.6840,-0.00940,0.00350,0.00021
15.6880,-0.00945,0.00319,-0.00009
15.6880,-0.00949,0.00342,-0.00007
15.6960,-0.00955,0.00362,-0.00007
15.7000,-0.00960,0.00385,-0.00005
15.7040,-0.00966,0.00405,-0.00005
15.7080,-0.00971,0.00427,-0.00003
15.7160,-0.00975,0.00449,-0.00001
15.7240,-0.00981,0.00468,-0.00002
15.7240,-0.00985,0.00493,0.00002
15.7280,-0.00990,0.00515,0.00004
15.7360,-0.00996,0.00534,0.00003
15.7400,-0.01001,0.00556,0.00005
15.7440,-0.01005,0.00577,0.00007
15.7480,-0.01010,0.00599,0.00008
15.7520,-0.01014,0.00621,0.00010
15.7560,-0.01019,0.00643,0.00011
15.7600,-0.01019,0.00640,0.00008
15.7640,-0.01019,0.00637,0.00005
15.7720,-0.01019,0.00631,-0.00001
15.7760,-0.01013,0.00607,-0.00031
15.7800,-0.01010,0.00594,-0.00024
15.7840,-0.01009,0.00585,-0.00015
15.7920,-0.01006,0.00572,-0.00008
15.7960,-0.01004,0.00564,0.00001
15.8000,-0.01003,0.00554,0.00010
15.8040,-0.01001,0.00545,0.00019
15.8080,-0.01000,0.00536,0.00028
15.8120,-0.01000,0.00531,0.00040
15.8160,-0.00997,0.00518,0.00046
15.8200,-0.00995,0.00508,0.00055
15.8240,-0.00994,0.00499,0.00064
15.8280,-0.00994,0.00494,0.00075
15.8320,-0.00990,0.00481,0.00082
15.8360,-0.00989,0.00473,0.00091
15.8400,-0.00987,0.00464,0.00100
15.8400,-0.00985,0.00460,0.00098
15.8440,-0.00984,0.00457,0.00096
15.8520,-0.00984,0.00457,0.00096
15.8560,-0.00980,0.00449,0.00092
15.8600,-0.00979,0.00445,0.00089
15.8640,-0.00977,0.00442,0.00087
15.8680,-0.00976,0.00438,0.00085
15.8720,-0.00975,0.00434,0.00083
15.8760,-0.00974,0.00430,0.00081
15.8840,-0.00967,0.00394,0.00056
15.8880,-0.00948,0.00397,0.00052
15.8920,-0.00930,0.00400,0.00049
15.8960,-0.00911,0.00404,0.00045
15.9000,-0.00893,0.00407,0.00042
15.9040,-0.00874,0.00411,0.00038
15.9040,-0.00856,0.00415,0.00034
15.9080,-0.00837,0.00418,0.00031
15.9120,-0.00819,0.00422,0.00027
15.9200,-0.00800,0.00425,0.00023
15.9240,-0.00781,0.00428,0.00019
15.9280,-0.00762,0.00431,0.00015
15.9320,-0.00745,0.00434,0.00015
15.9360,-0.00725,0.00437,0.00007
15.9400,-0.00706,0.00440,0.00003
15.9440,-0.00688,0.00443,-0.00001
15.9520,-0.00685,0.00444,-0.00008
15.9560,-0.00683,0.00445,-0.00011
15.9600,-0.00682,0.00445,-0.00015
15.9640,-0.00680,0.00446,-0.00019
15.9680,-0.00678,0.00447,-0.00022
15.9720,-0.00677,0.00447,-0.00026
15.9760,-0.00675,0.00448,-0.00029
15.9800,-0.00673,0.00449,-0.00033
15.9840,-0.00673,0.00449,-0.00033
15.9880,-0.00671,0.00449,-0.00040
15.9960,-0.00668,0.00449,-0.00047
16.0000,-0.00668,0.00449,-0.00047
16.0040,-0.00666,0.00449,-0.00054
16.0080,-0.00665,0.00449,-0.00058
16.0120,-0.00664,0.00449,-0.00061
16.0200,-0.00662,0.00448,-0.00068
16.0240,-0.00654,0.00439,-0.00111
16.0280,-0.00665,0.00460,-0.00097
16.0320,-0.00676,0.00481,-0.00083
16.0360,-0.00686,0.00502,-0.00069
16.0400,-0.00698,0.00524,-0.00054
16.0400,-0.00708,0.00544,-0.00040
16.0480,-0.00719,0.00565,-0.00026
16.0520,-0.00730,0.00586,-0.00011
16.0560,-0.00741,0.00607,0.00003
16.0600,-0.00752,0.00628,0.00017
16.0680,-0.00763,0.00649,0.00032
16.0760,-0.00774,0.00669,0.00046
16.0840,-0.00786,0.00689,0.00061
16.0880,-0.00797,0.00709,0.00076
16.0920,-0.00808,0.00729,0.00090
16.0960,-0.00820,0.00749,0.00104
16.1040,-0.00821,0.00748,0.00103
16.1080,-0.00822,0.00747,0.00103
16.1160,-0.00824,0.00747,0.00103
16.1200,-0.00825,0.00746,0.00103
16.1240,-0.00826,0.00746,0.00102
16.1280,-0.00827,0.00745,0.00102
16.1320,-0.00828,0.00744,0.00101
16.1360,-0.00829,0.00744,0.00101
16.1400,-0.00831,0.00743,0.00100
16.1440,-0.00847,0.00736,0.00091
16.1520,-0.00857,0.00738,0.00089
16.1560,-0.00865,0.00740,0.00087
16.1600,-0.00873,0.00741,0.00086
16.1640,-0.00881,0.00743,0.00085
16.1680,-0.00889,0.00745,0.00084
16.1760,-0.00897,0.00747,0.00083
16.1800,-0.00906,0.00749,0.00082
16.1840,-0.00913,0.00751,0.00080
16.1880,-0.00921,0.00753,0.00079
16.1920,-0.00928,0.00755,0.00078
16.1960,-0.00936,0.00757,0.00077
16.2040,-0.00944,0.00759,0.00076
16.2080,-0.00952,0.00761,0.00074
16.2160,-0.00959,0.00763,0.00073
16.2200,-0.00966,0.00766,0.00072
16.2240,-0.00966,0.00766,0.00071
16.2280,-0.00966,0.00766,0.00071
16.2320,-0.00966,0.00766,0.00071
16.2400,-0.00967,0.00767,0.00070
16.2440,-0.00968,0.00767,0.00069
16.2480,-0.00968,0.00767,0.00069
16.2520,-0.00963,0.00774,0.00060
16.2560,-0.00964,0.00769,0.00058
16.2600,-0.00964,0.00766,0.00057
16.2640,-0.00964,0.00762,0.00056
16.2680,-0.00964,0.00759,0.00055
16.2760,-0.00966,0.00755,0.00052
16.2800,-0.00967,0.00752,0.00051
16.2840,-0.00967,0.00749,0.00050
16.2880,-0.00968,0.00746,0.00049
16.2920,-0.00968,0.00743,0.00047
16.3000,-0.00970,0.00740,0.00044
16.3040,-0.00971,0.00737,0.00042
16.3040,-0.00971,0.00734,0.00041
16.3120,-0.00972,0.00732,0.00040
16.3160,-0.00972,0.00729,0.00038
16.3240,-0.00974,0.00726,0.00035
16.3280,-0.00974,0.00726,0.00035
16.3320,-0.00976,0.00726,0.00032
16.3360,-0.00989,0.00724,0.00016
16.3440,-0.00995,0.00728,0.00005
16.3480,-0.00999,0.00732,-0.00001
16.3520,-0.01000,0.00737,-0.00003
16.3560,-0.01007,0.00741,-0.00014
16.3600,-0.01011,0.00745,-0.00020
16.3640,-0.01015,0.00750,-0.00027
16.3680,-0.01019,0.00754,-0.00033
16.3720,-0.01022,0.00758,-0.00039
16.3760,-0.01024,0.00762,-0.00041
16.3800,-0.01030,0.00766,-0.00052
16.3840,-0.01034,0.00771,-0.00059
16.3880,-0.01039,0.00775,-0.00066
16.3960,-0.01046,0.00779,-0.00077
16.4000,-0.01051,0.00784,-0.00084
16.4000,-0.01052,0.00788,-0.00086
16.4080,-0.01055,0.00789,-0.00090
16.4080,-0.01062,0.00790,-0.00100
16.4160,-0.01105,0.00797,-0.00150
16.4200,-0.01098,0.00797,-0.00144
16.4280,-0.01094,0.00797,-0.00142
16.4320,-0.01089,0.00797,-0.00140
16.4400,-0.01079,0.00797,-0.00130
16.4400,-0.01075,0.00798,-0.00129
16.4480,-0.01068,0.00798,-0.00123
16.4520,-0.01061,0.00798,-0.00117
16.4560,-0.01054,0.00798,-0.00111
16.4640,-0.01050,0.00797,-0.00110
16.4680,-0.01043,0.00797,-0.00104
16.4720,-0.01036,0.00797,-0.00099
16.4800,-0.01028,0.00797,-0.00093
16.4800,-0.01024,0.00797,-0.00092
16.4880,-0.01016,0.00796,-0.00087
16.4920,-0.01008,0.00796,-0.00082
16.4960,-0.01010,0.00796,-0.00086
16.5000,-0.01012,0.00795,-0.00091
16.5000,-0.01014,0.00795,-0.00095
16.5080,-0.01014,0.00795,-0.00095
16.5120,-0.01015,0.00794,-0.00100
16.5120,-0.01017,0.00793,-0.00104
16.5160,-0.01019,0.00793,-0.00109
16.5160,-0.01021,0.00793,-0.00113
16.5160,-0.01021,0.00793,-0.00113
16.5160,-0.01021,0.00793,-0.00113
16.5400,-0.01028,0.00790,-0.00136
16.5440,-0.01029,0.00789,-0.00141
16.5480,-0.01029,0.00789,-0.00141
16.5520,-0.01031,0.00787,-0.00151
16.5600,-0.01039,0.00779,-0.00220
16.5640,-0.01029,0.00778,-0.00206
16.5680,-0.01020,0.00777,-0.00192
16.5720,-0.01010,0.00776,-0.00178
16.5760,-0.01001,0.00775,-0.00165
16.5760,-0.00992,0.00774,-0.00151
16.5880,-0.00983,0.00772,-0.00140
16.5920,-0.00973,0.00771,-0.00126
16.5960,-0.00964,0.00769,-0.00113
16.6000,-0.00955,0.00768,-0.00100
16.6080,-0.00946,0.00766,-0.00089
16.6120,-0.00937,0.00765,-0.00075
16.6200,-0.00928,0.00763,-0.00064
16.6280,-0.00918,0.00760,-0.00053
16.6320,-0.00909,0.00758,-0.00039
16.6360,-0.00899,0.00756,-0.00025
16.6400,-0.00899,0.00754,-0.00028
16.6440,-0.00899,0.00753,-0.00030
16.6480,-0.00899,0.00753,-0.00030
16.6480,-0.00898,0.00736,-0.00050
16.6520,-0.00898,0.00745,-0.00050
16.6600,-0.00897,0.00755,-0.00052
16.6640,-0.00897,0.00765,-0.00052
16.6680,-0.00897,0.00773,-0.00052
16.6720,-0.00896,0.00782,-0.00052
16.6760,-0.00896,0.00791,-0.00052
16.6800,-0.00896,0.00801,-0.00052
16.6840,-0.00895,0.00810,-0.00052
16.6880,-0.00895,0.00819,-0.00052
16.6920,-0.00895,0.00828,-0.00053
16.6960,-0.00895,0.00837,-0.00053
16.7000,-0.00895,0.00846,-0.00054
16.7040,-0.00895,0.00855,-0.00054
16.7040,-0.00895,0.00863,-0.00051
16.7080,-0.00895,0.00872,-0.00052
16.7120,-0.00895,0.00874,-0.00055
16.7200,-0.00894,0.00877,-0.00062
16.7240,-0.00894,0.00877,-0.00062
16.7320,-0.00891,0.00881,-0.00073
16.7320,-0.00890,0.00882,-0.00077
16.7400,-0.00889,0.00883,-0.00081
16.7440,-0.00889,0.00884,-0.00085
16.7440,-0.00888,0.00885,-0.00089
16.7520,-0.00887,0.00886,-0.00092
16.7600,-0.00886,0.00887,-0.00096
16.7680,-0.00881,0.00891,-0.00108
16.7760,-0.00877,0.00895,-0.00116
16.7760,-0.00877,0.00895,-0.00116
16.7840,-0.00873,0.00899,-0.00124
16.7920,-0.00871,0.00901,-0.00128
16.7960,-0.00867,0.00904,-0.00136
16.8040,-0.00862,0.00908,-0.00145
16.8080,-0.00860,0.00910,-0.00150
16.8160,-0.00797,0.00957,-0.00241
16.8240,-0.00776,0.00926,-0.00219
16.8280,-0.00753,0.00897,-0.00198
16.8280,-0.00735,0.00863,-0.00174
16.8360,-0.00711,0.00835,-0.00154
16.8480,-0.00683,0.00811,-0.00134
16.8560,-0.00659,0.00783,-0.00114
16.8600,-0.00638,0.00752,-0.00092
16.8680,-0.00614,0.00725,-0.00073
16.8720,-0.00593,0.00694,-0.00053
16.8800,-0.00569,0.00666,-0.00034
16.8840,-0.00549,0.00635,-0.00013
16.8920,-0.00526,0.00608,0.00005
16.8960,-0.00505,0.00577,0.00026
16.9040,-0.00482,0.00550,0.00044
16.9080,-0.00462,0.00519,0.00064
16.9120,-0.00438,0.00552,0.00031
16.9160,-0.00454,0.00536,0.00026
16.9200,-0.00471,0.00521,0.00021
16.9240,-0.00487,0.00505,0.00016
16.9280,-0.00504,0.00489,0.00012
16.9320,-0.00520,0.00473,0.00007
16.9360,-0.00537,0.00458,0.00002
16.9480,-0.00556,0.00441,-0.00007
16.9480,-0.00573,0.00426,-0.00012
16.9560,-0.00591,0.00409,-0.00022
16.9560,-0.00607,0.00395,-0.00021
16.9640,-0.00625,0.00377,-0.00031
16.9680,-0.00642,0.00362,-0.00036
16.9680,-0.00657,0.00348,-0.00035
16.9760,-0.00676,0.00330,-0.00044
16.9840,-0.00694,0.00312,-0.00052
16.9920,-0.00697,0.00309,-0.00061
17.0000,-0.00700,0.00305,-0.00070
17.0000,-0.00700,0.00305,-0.00070
17.0040,-0.00701,0.00303,-0.00075
17.0080,-0.00701,0.00303,-0.00075
17.0120,-0.00704,0.00299,-0.00085
17.0160,-0.00705,0.00297,-0.00089
17.0200,-0.00705,0.00297,-0.00089
17.0240,-0.00706,0.00295,-0.00094
17.0280,-0.00709,0.00291,-0.00103
17.0280,-0.00709,0.00291,-0.00103
17.0400,-0.00711,0.00287,-0.00113
17.0400,-0.00713,0.00285,-0.00117
17.0400,-0.00713,0.00285,-0.00117
17.0480,-0.00715,0.00280,-0.00126
17.0520,-0.00717,0.00278,-0.00131
17.0560,-0.00718,0.00276,-0.00135
17.0600,-0.00718,0.00276,-0.00135
17.0640,-0.00720,0.00274,-0.00140
17.0680,-0.00723,0.00269,-0.00149
17.0720,-0.00750,0.00235,-0.00230
17.0800,-0.00732,0.00243,-0.00222
17.0840,-0.00714,0.00249,-0.00209
17.0880,-0.00697,0.00255,-0.00197
17.0920,-0.00679,0.00260,-0.00185
17.0960,-0.00661,0.00266,-0.00173
17.0960,-0.00644,0.00272,-0.00161
17.1040,-0.00626,0.00278,-0.00148
17.1080,-0.00609,0.00283,-0.00136
17.1080,-0.00591,0.00289,-0.00123
17.1160,-0.00574,0.00295,-0.00111
17.1200,-0.00556,0.00300,-0.00098
17.1240,-0.00539,0.00306,-0.00086
17.1280,-0.00521,0.00311,-0.00069
17.1280,-0.00504,0.00317,-0.00057
17.1360,-0.00488,0.00323,-0.00048
17.1400,-0.00488,0.00323,-0.00048
17.1440,-0.00490,0.00324,-0.00057
17.1520,-0.00493,0.00324,-0.00066
17.1560,-0.00523,0.00332,-0.00123
17.1640,-0.00579,0.00378,-0.00121
17.1680,-0.00630,0.00421,-0.00116
17.1720,-0.00685,0.00466,-0.00113
17.1760,-0.00745,0.00513,-0.00114
17.1840,-0.00805,0.00561,-0.00114
17.1880,-0.00861,0.00606,-0.00111
17.1920,-0.00916,0.00651,-0.00107
17.1960,-0.00972,0.00697,-0.00104
17.2000,-0.01028,0.00742,-0.00101
17.2040,-0.01084,0.00787,-0.00097
17.2080,-0.01139,0.00831,-0.00093
17.2080,-0.01191,0.00875,-0.00088
17.2160,-0.01251,0.00920,-0.00086
17.2200,-0.01307,0.00965,-0.00082
17.2240,-0.01363,0.01009,-0.00079
17.2280,-0.01367,0.01010,-0.00081
17.2320,-0.01372,0.01011,-0.00084
17.2360,-0.01376,0.01012,-0.00086
17.2400,-0.01380,0.01014,-0.00089
17.2400,-0.01384,0.01015,-0.00091
17.2480,-0.01388,0.01016,-0.00093
17.2520,-0.01392,0.01017,-0.00095
17.2560,-0.01397,0.01019,-0.00098
17.2560,-0.01401,0.01020,-0.00100
17.2640,-0.01405,0.01021,-0.00102
17.2680,-0.01410,0.01022,-0.00105
17.2800,-0.01419,0.01025,-0.00109
17.2840,-0.01424,0.01027,-0.00112
17.2880,-0.01491,0.01045,-0.00144
17.2920,-0.01437,0.00993,-0.00135
17.2960,-0.01383,0.00940,-0.00126
17.3000,-0.01329,0.00887,-0.00117
17.3040,-0.01275,0.00835,-0.00108
17.3040,-0.01221,0.00782,-0.00098
17.3080,-0.01167,0.00730,-0.00089
17.3160,-0.01113,0.00678,-0.00080
17.3240,-0.01063,0.00624,-0.00074
17.3280,-0.01009,0.00572,-0.00065
17.3360,-0.00959,0.00519,-0.00058
17.3400,-0.00910,0.00467,-0.00052
17.3480,-0.00856,0.00415,-0.00043
17.3480,-0.00798,0.00364,-0.00031
17.3560,-0.00749,0.00312,-0.00024
17.3600,-0.00695,0.00260,-0.00014
17.3640,-0.00699,0.00259,-0.00017
17.3680,-0.00702,0.00259,-0.00020
17.3760,-0.00710,0.00258,-0.00024
17.3800,-0.00710,0.00258,-0.00024
17.3840,-0.00718,0.00257,-0.00028
17.3880,-0.00721,0.00257,-0.00030
17.3920,-0.00761,0.00246,-0.00047
17.3960,-0.00738,0.00231,-0.00041
17.4000,-0.00716,0.00216,-0.00036
17.4040,-0.00693,0.00201,-0.00030
17.4080,-0.00670,0.00186,-0.00025
17.4120,-0.00647,0.00170,-0.00019
17.4160,-0.00624,0.00155,-0.00014
17.4200,-0.00601,0.00139,-0.00009
17.4240,-0.00578,0.00124,-0.00004
17.4280,-0.00555,0.00109,0.00001
17.4320,-0.00532,0.00093,0.00007
17.4360,-0.00509,0.00078,0.00012
17.4400,-0.00485,0.00062,0.00018
17.4480,-0.00462,0.00047,0.00023
17.4520,-0.00442,0.00029,0.00025
17.4560,-0.00421,0.00031,0.00026
17.4600,-0.00401,0.00034,0.00026
17.4640,-0.00380,0.00035,0.00027
17.4680,-0.00359,0.00037,0.00028
17.4720,-0.00337,0.00039,0.00030
17.4760,-0.00318,0.00042,0.00030
17.4840,-0.00297,0.00044,0.00032
17.4880,-0.00276,0.00045,0.00034
17.4960,-0.00256,0.00048,0.00035
17.5000,-0.00237,0.00050,0.00037
17.5080,-0.00213,0.00050,0.00040
17.5120,-0.00194,0.00052,0.00042
17.5200,-0.00174,0.00053,0.00044
17.5240,-0.00153,0.00054,0.00047
17.5280,-0.00131,0.00055,0.00050
17.5320,-0.00133,0.00056,0.00049
17.5360,-0.00135,0.00056,0.00049
17.5440,-0.00139,0.00057,0.00048
17.5480,-0.00141,0.00057,0.00048
17.5520,-0.00144,0.00058,0.00048
17.5560,-0.00146,0.00058,0.00047
17.5640,-0.00151,0.00058,0.00047
17.5680,-0.00153,0.00057,0.00047
17.5680,-0.00153,0.00057,0.00047
17.5800,-0.00161,0.00056,0.00046
17.5880,-0.00203,0.00049,0.00046
17.5920,-0.00215,0.00056,0.00045
17.5960,-0.00226,0.00063,0.00044
17.6000,-0.00237,0.00070,0.00043
17.6040,-0.00249,0.00077,0.00042
17.6080,-0.00260,0.00084,0.00041
17.6120,-0.00272,0.00091,0.00041
17.6160,-0.00283,0.00098,0.00039
17.6200,-0.00295,0.00105,0.00038
17.6240,-0.00307,0.00113,0.00037
17.6280,-0.00315,0.00119,0.00038
17.6320,-0.00330,0.00128,0.00035
17.6360,-0.00342,0.00135,0.00034
17.6360,-0.00350,0.00142,0.00034
17.6400,-0.00366,0.00150,0.00031
17.6440,-0.00377,0.00158,0.00030
17.6520,-0.00381,0.00159,0.00028
17.6600,-0.00389,0.00161,0.00024
17.6640,-0.00393,0.00162,0.00022
17.6720,-0.00397,0.00163,0.00021
17.6800,-0.00409,0.00166,0.00014
17.6800,-0.00412,0.00167,0.00012
17.6880,-0.00416,0.00168,0.00009
17.6920,-0.00463,0.00189,-0.00025
17.6960,-0.00450,0.00184,-0.00016
17.7000,-0.00437,0.00179,-0.00006
17.7080,-0.00427,0.00173,0.00004
17.7120,-0.00414,0.00168,0.00014
17.7160,-0.00401,0.00162,0.00023
17.7200,-0.00388,0.00157,0.00033
17.7240,-0.00375,0.00152,0.00042
17.7280,-0.00363,0.00147,0.00052
17.7320,-0.00350,0.00141,0.00061
17.7360,-0.00337,0.00136,0.00070
17.7400,-0.00324,0.00131,0.00080
17.7480,-0.00315,0.00126,0.00088
17.7520,-0.00302,0.00120,0.00097
17.7560,-0.00290,0.00115,0.00106
17.7640,-0.00281,0.00110,0.00114
17.7720,-0.00288,0.00110,0.00112
17.7800,-0.00332,0.00116,0.00099
17.7840,-0.00338,0.00125,0.00098
17.7880,-0.00345,0.00133,0.00096
17.7920,-0.00351,0.00142,0.00094
17.8000,-0.00362,0.00152,0.00092
17.8000,-0.00364,0.00158,0.00091
17.8080,-0.00375,0.00169,0.00089
17.8120,-0.00381,0.00177,0.00087
17.8160,-0.00387,0.00185,0.00086
17.8200,-0.00393,0.00193,0.00084
17.8240,-0.00399,0.00202,0.00083
17.8280,-0.00405,0.00210,0.00081
17.8320,-0.00410,0.00217,0.00079
17.8360,-0.00416,0.00225,0.00078
17.8400,-0.00422,0.00233,0.00076
17.8440,-0.00427,0.00240,0.00074
17.8520,-0.00435,0.00242,0.00072
17.8600,-0.00443,0.00243,0.00071
17.8640,-0.00447,0.00244,0.00071
17.8680,-0.00447,0.00244,0.00071
17.8720,-0.00456,0.00245,0.00070
17.8760,-0.00456,0.00245,0.00070
17.8800,-0.00460,0.00246,0.00070
17.8800,-0.00464,0.00247,0.00069
17.8880,-0.00473,0.00249,0.00068
17.8960,-0.00544,0.00260,0.00066
17.9040,-0.00545,0.00264,0.00065
17.9080,-0.00549,0.00269,0.00062
17.9120,-0.00546,0.00272,0.00061
17.9160,-0.00551,0.00278,0.00059
17.9200,-0.00551,0.00282,0.00058
17.9240,-0.00552,0.00287,0.00056
17.9320,-0.00557,0.00292,0.00054
17.9360,-0.00558,0.00296,0.00052
17.9400,-0.00559,0.00300,0.00051
17.9480,-0.00564,0.00306,0.00049
17.9560,-0.00570,0.00312,0.00048
17.9600,-0.00570,0.00316,0.00046
17.9640,-0.00567,0.00319,0.00045
17.9680,-0.00572,0.00324,0.00044
17.9720,-0.00573,0.00329,0.00043
17.9760,-0.00577,0.00330,0.00042
17.9840,-0.00623,0.00347,0.00037
17.9880,-0.00616,0.00347,0.00037
17.9960,-0.00609,0.00347,0.00038
18.0000,-0.00605,0.00348,0.00038
18.0080,-0.00601,0.00350,0.00039
18.0120,-0.00594,0.00350,0.00039
18.0160,-0.00587,0.00350,0.00040
18.0240,-0.00580,0.00349,0.00040
18.0280,-0.00576,0.00351,0.00039
18.0360,-0.00572,0.00352,0.00038
18.0400,-0.00565,0.00352,0.00038
18.0440,-0.00554,0.00350,0.00039
18.0480,-0.00547,0.00349,0.00039
18.0520,-0.00544,0.00350,0.00039
18.0560,-0.00537,0.00350,0.00039
18.0640,-0.00534,0.00351,0.00039
18.0680,-0.00538,0.00353,0.00039
18.0720,-0.00538,0.00353,0.00039
18.0760,-0.00576,0.00367,0.00039
18.0760,-0.00553,0.00354,0.00047
18.0880,-0.00535,0.00343,0.00056
18.0920,-0.00515,0.00331,0.00064
18.0960,-0.00494,0.00319,0.00072
18.1000,-0.00472,0.00306,0.00080
18.1040,-0.00451,0.00294,0.00089
18.1040,-0.00430,0.00283,0.00097
18.1120,-0.00409,0.00271,0.00105
18.1120,-0.00388,0.00259,0.00114
18.1240,-0.00369,0.00248,0.00124
18.1280,-0.00348,0.00236,0.00132
18.1320,-0.00327,0.00224,0.00141
18.1400,-0.00308,0.00213,0.00150
18.1480,-0.00288,0.00202,0.00160
18.1520,-0.00266,0.00189,0.00167
18.1560,-0.00269,0.00191,0.00170
18.1600,-0.00270,0.00192,0.00171
18.1640,-0.00272,0.00194,0.00173
18.1680,-0.00274,0.00195,0.00175
18.1720,-0.00276,0.00196,0.00176
18.1760,-0.00281,0.00199,0.00179
18.1840,-0.00283,0.00200,0.00180
18.1880,-0.00285,0.00202,0.00181
18.1920,-0.00322,0.00224,0.00199
18.1960,-0.00323,0.00227,0.00193
18.2000,-0.00324,0.00230,0.00188
18.2000,-0.00322,0.00232,0.00182
18.2080,-0.00326,0.00237,0.00178
18.2120,-0.00327,0.00240,0.00173
18.2160,-0.00328,0.00243,0.00168
18.2200,-0.00329,0.00247,0.00163
18.2240,-0.00330,0.00250,0.00158
18.2280,-0.00328,0.00251,0.00153
18.2360,-0.00335,0.00258,0.00149
18.2400,-0.00337,0.00261,0.00144
18.2440,-0.00338,0.00264,0.00138
18.2480,-0.00340,0.00267,0.00133
18.2520,-0.00338,0.00269,0.00127
18.2560,-0.00343,0.00273,0.00122
18.2560,-0.00346,0.00274,0.00122
18.2640,-0.00349,0.00276,0.00122
18.2680,-0.00353,0.00277,0.00123
18.2720,-0.00356,0.00278,0.00124
18.2800,-0.00362,0.00280,0.00125
18.2840,-0.00401,0.00287,0.00133
18.2880,-0.00378,0.00275,0.00130
18.2880,-0.00356,0.00262,0.00128
18.2960,-0.00336,0.00250,0.00126
18.3000,-0.00313,0.00237,0.00123
18.3040,-0.00292,0.00224,0.00122
18.3040,-0.00271,0.00212,0.00119
18.3120,-0.00249,0.00199,0.00117
18.3200,-0.00228,0.00187,0.00115
18.3240,-0.00206,0.00175,0.00114
18.3320,-0.00185,0.00162,0.00113
18.3360,-0.00163,0.00149,0.00111
18.3440,-0.00141,0.00137,0.00110
18.3480,-0.00120,0.00124,0.00110
18.3520,-0.00097,0.00112,0.00109
18.3560,-0.00075,0.00100,0.00107
18.3600,-0.00075,0.00100,0.00109
18.3640,-0.00075,0.00100,0.00109
18.3680,-0.00076,0.00101,0.00111
18.3720,-0.00076,0.00101,0.00113
18.3760,-0.00076,0.00102,0.00114
18.3840,-0.00073,0.00114,0.00134
18.3880,-0.00082,0.00124,0.00129
18.3880,-0.00090,0.00132,0.00122
18.3960,-0.00099,0.00142,0.00117
18.4000,-0.00109,0.00153,0.00112
18.4040,-0.00117,0.00161,0.00106
18.4080,-0.00127,0.00172,0.00101
18.4160,-0.00136,0.00183,0.00097
18.4200,-0.00145,0.00193,0.00092
18.4240,-0.00155,0.00202,0.00086
18.4280,-0.00164,0.00212,0.00081
18.4320,-0.00174,0.00221,0.00076
18.4400,-0.00185,0.00232,0.00072
18.4440,-0.00193,0.00241,0.00065
18.4440,-0.00203,0.00250,0.00061
18.4520,-0.00213,0.00261,0.00058
18.4560,-0.00213,0.00261,0.00058
18.4600,-0.00215,0.00264,0.00062
18.4640,-0.00215,0.00265,0.00063
18.4680,-0.00215,0.00267,0.00064
18.4760,-0.00216,0.00280,0.00077
18.4800,-0.00226,0.00286,0.00078
18.4880,-0.00238,0.00293,0.00081
18.4960,-0.00250,0.00299,0.00083
18.5000,-0.00262,0.00305,0.00084
18.5040,-0.00273,0.00310,0.00084
18.5080,-0.00284,0.00315,0.00085
18.5120,-0.00296,0.00321,0.00086
18.5160,-0.00307,0.00326,0.00087
18.5200,-0.00319,0.00332,0.00088
18.5240,-0.00330,0.00337,0.00089
18.5280,-0.00341,0.00343,0.00090
18.5320,-0.00352,0.00348,0.00091
18.5400,-0.00365,0.00354,0.00093
18.5440,-0.00376,0.00359,0.00094
18.5480,-0.00388,0.00364,0.00095
18.5520,-0.00389,0.00365,0.00097
18.5560,-0.00391,0.00365,0.00098
18.5600,-0.00392,0.00366,0.00099
18.5640,-0.00394,0.00366,0.00100
18.5680,-0.00394,0.00366,0.00100
18.5720,-0.00397,0.00366,0.00102
18.5760,-0.00413,0.00368,0.00111
18.5800,-0.00417,0.00373,0.00110
18.5840,-0.00422,0.00378,0.00108
18.5880,-0.00425,0.00382,0.00105
18.5920,-0.00432,0.00387,0.00104
18.5960,-0.00434,0.00392,0.00101
18.6000,-0.00441,0.00397,0.00099
18.6080,-0.00448,0.00403,0.00098
18.6120,-0.00453,0.00408,0.00096
18.6160,-0.00458,0.00413,0.00093
18.6200,-0.00464,0.00419,0.00091
18.6200,-0.00466,0.00423,0.00089
18.6280,-0.00475,0.00430,0.00087
18.6320,-0.00480,0.00435,0.00084
18.6360,-0.00486,0.00441,0.00082
18.6400,-0.00494,0.00448,0.00080
18.6480,-0.00497,0.00449,0.00080
18.6520,-0.00497,0.00449,0.00080
18.6560,-0.00503,0.00452,0.00081
18.6600,-0.00506,0.00453,0.00081
18.6680,-0.00511,0.00455,0.00082
18.6720,-0.00514,0.00456,0.00082
18.6760,-0.00517,0.00457,0.00082
18.6760,-0.00517,0.00457,0.00082
18.6840,-0.00550,0.00465,0.00081
18.6880,-0.00552,0.00469,0.00076
18.6920,-0.00551,0.00471,0.00073
18.6960,-0.00550,0.00473,0.00069
18.7040,-0.00551,0.00476,0.00066
18.7080,-0.00550,0.00478,0.00062
18.7120,-0.00549,0.00481,0.00059
18.7200,-0.00550,0.00484,0.00056
18.7240,-0.00549,0.00487,0.00053
18.7320,-0.00550,0.00490,0.00050
18.7360,-0.00549,0.00492,0.00046
18.7400,-0.00548,0.00495,0.00043
18.7440,-0.00547,0.00497,0.00040
18.7480,-0.00546,0.00499,0.00037
18.7520,-0.00545,0.00500,0.00034
18.7560,-0.00544,0.00502,0.00031
18.7600,-0.00547,0.00503,0.00031
18.7640,-0.00551,0.00504,0.00031
18.7680,-0.00554,0.00504,0.00032
18.7720,-0.00558,0.00505,0.00032
18.7800,-0.00564,0.00506,0.00033
18.7840,-0.00604,0.00508,0.00042
18.7880,-0.00584,0.00492,0.00039
18.7920,-0.00563,0.00475,0.00037
18.7960,-0.00543,0.00458,0.00034
18.8000,-0.00522,0.00442,0.00032
18.8040,-0.00501,0.00425,0.00030
18.8080,-0.00480,0.00408,0.00028
18.8160,-0.00460,0.00391,0.00026
18.8240,-0.00441,0.00373,0.00024
18.8280,-0.00419,0.00357,0.00021
18.8320,-0.00401,0.00339,0.00020
18.8360,-0.00381,0.00322,0.00018
18.8400,-0.00360,0.00305,0.00017
18.8400,-0.00338,0.00289,0.00014
18.8440,-0.00320,0.00270,0.00014
18.8520,-0.00299,0.00253,0.00012
18.8560,-0.00301,0.00252,0.00013
18.8600,-0.00302,0.00250,0.00014
18.8640,-0.00304,0.00249,0.00015
18.8680,-0.00306,0.00247,0.00016
18.8720,-0.00308,0.00246,0.00016
18.8800,-0.00329,0.00230,0.00022
18.8840,-0.00371,0.00259,0.00025
18.8880,-0.00410,0.00288,0.00028
18.8920,-0.00449,0.00317,0.00031
18.8960,-0.00487,0.00345,0.00034
18.9000,-0.00526,0.00374,0.00037
18.9000,-0.00565,0.00402,0.00041
18.9120,-0.00607,0.00430,0.00044
18.9160,-0.00646,0.00459,0.00047
18.9240,-0.00687,0.00486,0.00050
18.9280,-0.00723,0.00515,0.00053
18.9320,-0.00765,0.00542,0.00056
18.9360,-0.00804,0.00570,0.00059
18.9440,-0.00845,0.00596,0.00063
18.9480,-0.00884,0.00624,0.00066
18.9520,-0.00922,0.00651,0.00069
18.9560,-0.00925,0.00650,0.00070
18.9600,-0.00928,0.00649,0.00070
18.9640,-0.00931,0.00647,0.00071
18.9680,-0.00934,0.00646,0.00071
18.9720,-0.00937,0.00645,0.00071
18.9760,-0.00962,0.00629,0.00074
18.9840,-0.00951,0.00619,0.00073
18.9880,-0.00938,0.00612,0.00071
18.9920,-0.00926,0.00605,0.00069
18.9960,-0.00913,0.00597,0.00068
19.0000,-0.00900,0.00590,0.00066
19.0080,-0.00889,0.00581,0.00064
19.0120,-0.00876,0.00574,0.00062
19.0160,-0.00863,0.00567,0.00060
19.0240,-0.00852,0.00557,0.00059
19.0320,-0.00840,0.00548,0.00057
19.0360,-0.00827,0.00541,0.00056
19.0400,-0.00814,0.00534,0.00054
19.0400,-0.00799,0.00529,0.00052
19.0480,-0.00787,0.00520,0.00050
19.0480,-0.00772,0.00515,0.00049
19.0560,-0.00775,0.00512,0.00048
19.0600,-0.00777,0.00510,0.00047
19.0640,-0.00778,0.00508,0.00047
19.0680,-0.00779,0.00506,0.00047
19.0720,-0.00781,0.00504,0.00046
19.0760,-0.00782,0.00503,0.00046
19.0840,-0.00798,0.00484,0.00039
19.0880,-0.00778,0.00479,0.00038
19.0920,-0.00759,0.00474,0.00036
19.0960,-0.00740,0.00469,0.00034
19.1000,-0.00720,0.00464,0.00032
19.1040,-0.00701,0.00459,0.00031
19.1080,-0.00681,0.00455,0.00030
19.1080,-0.00661,0.00450,0.00028
19.1160,-0.00643,0.00445,0.00026
19.1200,-0.00623,0.00440,0.00024
19.1240,-0.00604,0.00435,0.00022
19.1280,-0.00584,0.00431,0.00022
19.1360,-0.00566,0.00426,0.00019
19.1360,-0.00546,0.00422,0.00017
19.1400,-0.00527,0.00418,0.00016
19.1480,-0.00508,0.00414,0.00015
19.1520,-0.00508,0.00414,0.00014
19.1600,-0.00510,0.00415,0.00013
19.1640,-0.00511,0.00415,0.00014
19.1680,-0.00512,0.00415,0.00014
19.1760,-0.00523,0.00417,0.00020
19.1840,-0.00540,0.00430,0.00022
19.1880,-0.00554,0.00443,0.00023
19.1920,-0.00568,0.00456,0.00025
19.1960,-0.00583,0.00469,0.00027
19.2000,-0.00597,0.00482,0.00028
19.2000,-0.00612,0.00494,0.00030
19.2080,-0.00626,0.00507,0.00032
19.2120,-0.00641,0.00520,0.00034
19.2200,-0.00658,0.00532,0.00036
19.2200,-0.00670,0.00544,0.00037
19.2280,-0.00687,0.00556,0.00039
19.2320,-0.00702,0.00569,0.00040
19.2360,-0.00717,0.00581,0.00041
19.2400,-0.00732,0.00593,0.00043
19.2400,-0.00744,0.00606,0.00044
19.2480,-0.00747,0.00606,0.00044
19.2520,-0.00751,0.00605,0.00044
19.2560,-0.00754,0.00605,0.00044
19.2600,-0.00756,0.00605,0.00044
19.2600,-0.00759,0.00604,0.00044
19.2640,-0.00759,0.00604,0.00044
19.2720,-0.00765,0.00603,0.00043
19.2800,-0.00771,0.00602,0.00042
19.2840,-0.00809,0.00596,0.00027
19.2880,-0.00782,0.00578,0.00028
19.2920,-0.00755,0.00559,0.00030
19.2960,-0.00728,0.00541,0.00031
19.3000,-0.00700,0.00523,0.00034
19.3040,-0.00675,0.00504,0.00034
19.3080,-0.00648,0.00486,0.00035
19.3120,-0.00622,0.00468,0.00036
19.3200,-0.00597,0.00449,0.00035
19.3240,-0.00570,0.00431,0.00036
19.3280,-0.00544,0.00413,0.00037
19.3320,-0.00517,0.00395,0.00037
19.3400,-0.00491,0.00377,0.00038
19.3480,-0.00468,0.00357,0.00036
19.3520,-0.00441,0.00338,0.00037
19.3520,-0.00413,0.00321,0.00040
19.3600,-0.00416,0.00318,0.00037
19.3640,-0.00418,0.00317,0.00035
19.3680,-0.00420,0.00316,0.00034
19.3720,-0.00420,0.00316,0.00034
19.3760,-0.00439,0.00300,0.00019
19.3840,-0.00444,0.00301,0.00018
19.3880,-0.00445,0.00305,0.00021
19.3920,-0.00448,0.00308,0.00021
19.3960,-0.00452,0.00308,0.00020
19.4000,-0.00455,0.00311,0.00021
19.4080,-0.00457,0.00313,0.00022
19.4120,-0.00461,0.00313,0.00021
19.4160,-0.00463,0.00316,0.00022
19.4200,-0.00466,0.00318,0.00023
19.4200,-0.00466,0.00322,0.00025
19.4280,-0.00470,0.00323,0.00025
19.4320,-0.00472,0.00325,0.00026
19.4360,-0.00474,0.00327,0.00027
19.4400,-0.00478,0.00328,0.00027
19.4480,-0.00480,0.00331,0.00028
19.4520,-0.00481,0.00330,0.00027
19.4560,-0.00482,0.00328,0.00027
19.4600,-0.00484,0.00327,0.00026
19.4640,-0.00485,0.00325,0.00025
19.4680,-0.00487,0.00323,0.00024
19.4800,-0.00500,0.00308,0.00016
19.4840,-0.00495,0.00307,0.00020
19.4880,-0.00490,0.00308,0.00024
19.4920,-0.00486,0.00308,0.00028
19.5000,-0.00481,0.00306,0.00032
19.5080,-0.00478,0.00302,0.00033
19.5120,-0.00473,0.00302,0.00036
19.5160,-0.00469,0.00302,0.00039
19.5200,-0.00464,0.00302,0.00041
19.5240,-0.00460,0.00302,0.00044
19.5320,-0.00455,0.00301,0.00045
19.5360,-0.00451,0.00302,0.00049
19.5400,-0.00446,0.00302,0.00051
19.5440,-0.00441,0.00302,0.00054
19.5480,-0.00436,0.00302,0.00057
19.5520,-0.00432,0.00303,0.00059
19.5560,-0.00432,0.00302,0.00058
19.5600,-0.00432,0.00302,0.00056
19.5640,-0.00432,0.00301,0.00054
19.5680,-0.00432,0.00301,0.00053
19.5720,-0.00433,0.00301,0.00051
19.5800,-0.00438,0.00306,0.00035
19.5840,-0.00439,0.00313,0.00036
19.5880,-0.00441,0.00320,0.00038
19.5920,-0.00443,0.00328,0.00039
19.5960,-0.00444,0.00336,0.00040
19.6000,-0.00446,0.00343,0.00041
19.6040,-0.00447,0.00350,0.00042
19.6080,-0.00449,0.00357,0.00043
19.6120,-0.00450,0.00364,0.00044
19.6160,-0.00451,0.00372,0.00045
19.6200,-0.00453,0.00379,0.00046
19.6280,-0.00455,0.00388,0.00045
19.6320,-0.00456,0.00395,0.00046
19.6360,-0.00457,0.00400,0.00049
19.6440,-0.00460,0.00410,0.00045
19.6480,-0.00462,0.00417,0.00046
19.6560,-0.00464,0.00421,0.00042
19.6600,-0.00465,0.00423,0.00041
19.6640,-0.00467,0.00424,0.00039
19.6640,-0.00468,0.00426,0.00037
19.6680,-0.00469,0.00428,0.00035
19.6800,-0.00472,0.00431,0.00032
19.6840,-0.00474,0.00433,0.00031
19.6880,-0.00501,0.00452,0.00016
19.6920,-0.00578,0.00492,0.00018
19.7000,-0.00661,0.00535,0.00019
19.7040,-0.00738,0.00575,0.00020
19.7040,-0.00816,0.00616,0.00022
19.7120,-0.00893,0.00656,0.00024
19.7160,-0.00971,0.00696,0.00026
19.7200,-0.01048,0.00736,0.00027
19.7240,-0.01125,0.00776,0.00029
19.7280,-0.01198,0.00814,0.00033
19.7360,-0.01285,0.00859,0.00030
19.7440,-0.01368,0.00902,0.00030
19.7480,-0.01440,0.00940,0.00034
19.7520,-0.01522,0.00983,0.00033
19.7560,-0.01599,0.01024,0.00035
19.7600,-0.01676,0.01064,0.00037
19.7640,-0.01681,0.01067,0.00035
19.7680,-0.01685,0.01069,0.00032
19.7720,-0.01690,0.01072,0.00030
19.7760,-0.01690,0.01072,0.00030
19.7800,-0.01735,0.01099,0.00008
19.7880,-0.01728,0.01095,0.00011
19.7920,-0.01716,0.01087,0.00016
19.8000,-0.01705,0.01080,0.00021
19.8040,-0.01698,0.01075,0.00024
19.8040,-0.01683,0.01065,0.00030
19.8120,-0.01675,0.01060,0.00033
19.8160,-0.01663,0.01053,0.00037
19.8160,-0.01651,0.01046,0.00042
19.8240,-0.01640,0.01039,0.00046
19.8280,-0.01628,0.01032,0.00051
19.8320,-0.01615,0.01024,0.00055
19.8400,-0.01606,0.01019,0.00057
19.8440,-0.01594,0.01012,0.00061
19.8440,-0.01579,0.01002,0.00067
19.8520,-0.01570,0.00997,0.00068
19.8560,-0.01573,0.00999,0.00065
19.8600,-0.01576,0.01002,0.00062
19.8680,-0.01581,0.01007,0.00057
19.8720,-0.01601,0.01029,0.00031
19.8760,-0.01542,0.00996,0.00027
19.8840,-0.01483,0.00963,0.00026
19.8880,-0.01423,0.00929,0.00025
19.8960,-0.01365,0.00895,0.00022
19.9000,-0.01306,0.00861,0.00021
19.9040,-0.01247,0.00827,0.00020
19.9120,-0.01190,0.00793,0.00017
19.9160,-0.01132,0.00759,0.00016
19.9200,-0.01073,0.00725,0.00015
19.9240,-0.01015,0.00692,0.00014
19.9320,-0.00958,0.00659,0.00010
19.9360,-0.00900,0.00625,0.00009
19.9400,-0.00841,0.00592,0.00007
19.9440,-0.00782,0.00558,0.00006
19.9480,-0.00724,0.00524,0.00004
19.9520,-0.00726,0.00526,0.00002
19.9560,-0.00726,0.00526,0.00002
19.9600,-0.00730,0.00529,-0.00004
19.9680,-0.00733,0.00532,-0.00008
19.9720,-0.00735,0.00534,-0.00010
19.9800,-0.00739,0.00538,-0.00014
19.9840,-0.00741,0.00540,-0.00016
19.9880,-0.00767,0.00569,-0.00032
19.9960,-0.00747,0.00555,-0.00027
20.0000,-0.00724,0.00539,-0.00020
20.0040,-0.00704,0.00526,-0.00016
20.0080,-0.00682,0.00511,-0.00010
20.0120,-0.00661,0.00496,-0.00005
20.0160,-0.00639,0.00481,0.00001
20.0200,-0.00618,0.00466,0.00006
20.0240,-0.00596,0.00451,0.00012
20.0320,-0.00574,0.00436,0.00017
20.0360,-0.00553,0.00421,0.00023
20.0400,-0.00532,0.00407,0.00027
20.0440,-0.00510,0.00392,0.00032
20.0480,-0.00488,0.00377,0.00038
20.0520,-0.00466,0.00363,0.00043
20.0600,-0.00444,0.00348,0.00049
20.0640,-0.00445,0.00350,0.00047
20.0680,-0.00447,0.00353,0.00044
20.0720,-0.00447,0.00354,0.00043
20.0800,-0.00449,0.00358,0.00040
20.0840,-0.00454,0.00384,0.00026
20.0880,-0.00452,0.00390,0.00027
20.0920,-0.00450,0.00396,0.00028
20.0960,-0.00448,0.00401,0.00029
20.1000,-0.00446,0.00407,0.00030
20.1040,-0.00444,0.00413,0.00031
20.1120,-0.00442,0.00423,0.00031
20.1160,-0.00440,0.00429,0.00032
20.1200,-0.00439,0.00435,0.00032
20.1240,-0.00437,0.00441,0.00033
20.1280,-0.00435,0.00448,0.00034
20.1360,-0.00435,0.00458,0.00033
20.1440,-0.00435,0.00468,0.00033
20.1480,-0.00434,0.00474,0.00034
20.1520,-0.00434,0.00480,0.00035
20.1560,-0.00434,0.00486,0.00037
20.1600,-0.00436,0.00490,0.00036
20.1680,-0.00440,0.00498,0.00034
20.1720,-0.00440,0.00498,0.00034
20.1800,-0.00446,0.00510,0.00032
20.1840,-0.00449,0.00514,0.00031
20.1880,-0.00451,0.00518,0.00030
20.1960,-0.00457,0.00527,0.00029
20.2000,-0.00457,0.00527,0.00029
20.2040,-0.00463,0.00535,0.00027
20.2080,-0.00466,0.00539,0.00026
20.2120,-0.00469,0.00543,0.00026
20.2160,-0.00508,0.00593,0.00017
20.2200,-0.00494,0.00568,0.00021
20.2240,-0.00486,0.00544,0.00023
20.2240,-0.00472,0.00520,0.00027
20.2320,-0.00464,0.00495,0.00029
20.2360,-0.00453,0.00471,0.00032
20.2400,-0.00440,0.00446,0.00036
20.2400,-0.00432,0.00422,0.00037
20.2480,-0.00421,0.00397,0.00040
20.2520,-0.00410,0.00372,0.00043
20.2560,-0.00400,0.00347,0.00046
20.2640,-0.00389,0.00321,0.00049
20.2680,-0.00382,0.00295,0.00052
20.2720,-0.00369,0.00271,0.00056
20.2720,-0.00359,0.00245,0.00059
20.2760,-0.00349,0.00220,0.00063
20.2840,-0.00355,0.00219,0.00062
20.2880,-0.00359,0.00219,0.00061
20.2920,-0.00362,0.00218,0.00060
20.2960,-0.00366,0.00218,0.00059
20.3000,-0.00369,0.00217,0.00059
20.3040,-0.00373,0.00217,0.00058
20.3080,-0.00373,0.00217,0.00058
20.3160,-0.00385,0.00216,0.00056
20.3200,-0.00388,0.00216,0.00055
20.3240,-0.00392,0.00216,0.00054
20.3280,-0.00396,0.00216,0.00053
20.3320,-0.00400,0.00216,0.00052
20.3360,-0.00400,0.00216,0.00052
20.3400,-0.00407,0.00216,0.00051
20.3480,-0.00449,0.00217,0.00039
20.3520,-0.00445,0.00216,0.00041
20.3600,-0.00448,0.00212,0.00039
20.3640,-0.00446,0.00209,0.00040
20.3680,-0.00444,0.00207,0.00040
20.3720,-0.00441,0.00204,0.00041
20.3800,-0.00442,0.00200,0.00040
20.3840,-0.00440,0.00198,0.00041
20.3880,-0.00437,0.00195,0.00042
20.3960,-0.00437,0.00192,0.00042
20.4000,-0.00435,0.00190,0.00043
20.4040,-0.00432,0.00188,0.00044
20.4080,-0.00427,0.00186,0.00046
20.4160,-0.00429,0.00183,0.00045
20.4160,-0.00427,0.00180,0.00046
20.4240,-0.00425,0.00178,0.00047
20.4320,-0.00430,0.00176,0.00046
20.4360,-0.00452,0.00165,0.00039
20.4440,-0.00458,0.00169,0.00038
20.4480,-0.00462,0.00174,0.00038
20.4520,-0.00466,0.00178,0.00038
20.4600,-0.00473,0.00181,0.00037
20.4680,-0.00480,0.00184,0.00036
20.4720,-0.00485,0.00188,0.00036
20.4800,-0.00493,0.00191,0.00035
20.4840,-0.00498,0.00195,0.00035
20.4920,-0.00503,0.00198,0.00035
20.4960,-0.00508,0.00202,0.00035
20.5000,-0.00516,0.00204,0.00034
20.5040,-0.00518,0.00209,0.00035
20.5080,-0.00527,0.00211,0.00035
20.5080,-0.00529,0.00216,0.00035
20.5160,-0.00538,0.00217,0.00035
20.5200,-0.00542,0.00216,0.00036
20.5240,-0.00545,0.00214,0.00036
20.5240,-0.00545,0.00214,0.00036
20.5320,-0.00552,0.00211,0.00036
20.5400,-0.00558,0.00209,0.00037
20.5480,-0.00598,0.00204,0.00043
20.5520,-0.00611,0.00230,0.00046
20.5600,-0.00628,0.00259,0.00049
20.5640,-0.00642,0.00285,0.00051
20.5680,-0.00656,0.00310,0.00054
20.5720,-0.00670,0.00336,0.00056
20.5800,-0.00687,0.00365,0.00059
20.5840,-0.00701,0.00391,0.00062
20.5920,-0.00715,0.00417,0.00064
20.5960,-0.00729,0.00443,0.00067
20.6000,-0.00746,0.00472,0.00070
20.6040,-0.00760,0.00499,0.00072
20.6040,-0.00774,0.00525,0.00075
20.6080,-0.00787,0.00551,0.00078
20.6160,-0.00801,0.00578,0.00081
20.6200,-0.00815,0.00604,0.00084
20.6280,-0.00819,0.00607,0.00084
20.6320,-0.00826,0.00613,0.00085
20.6400,-0.00865,0.00640,0.00089
20.6440,-0.00867,0.00640,0.00088
20.6480,-0.00874,0.00642,0.00087
20.6520,-0.00884,0.00644,0.00086
20.6560,-0.00890,0.00645,0.00085
20.6600,-0.00896,0.00646,0.00084
20.6640,-0.00902,0.00647,0.00084
20.6680,-0.00908,0.00648,0.00083
20.6720,-0.00914,0.00649,0.00082
20.6800,-0.00925,0.00652,0.00081
20.6880,-0.00935,0.00654,0.00081
20.6920,-0.00942,0.00655,0.00081
20.6960,-0.00949,0.00656,0.00080
20.7000,-0.00955,0.00657,0.00080
20.7040,-0.00966,0.00658,0.00081
20.7120,-0.00972,0.00659,0.00081
20.7160,-0.00977,0.00660,0.00082
20.7200,-0.00981,0.00661,0.00082
20.7240,-0.00981,0.00661,0.00082
20.7280,-0.00990,0.00663,0.00084
20.7320,-0.00994,0.00663,0.00085
20.7360,-0.01034,0.00668,0.00095
20.7440,-0.01026,0.00653,0.00099
20.7480,-0.01013,0.00639,0.00102
20.7520,-0.01001,0.00625,0.00105
20.7560,-0.00988,0.00611,0.00107
20.7600,-0.00976,0.00598,0.00110
20.7640,-0.00964,0.00584,0.00113
20.7680,-0.00951,0.00570,0.00116
20.7720,-0.00939,0.00557,0.00118
20.7800,-0.00931,0.00542,0.00122
20.7840,-0.00919,0.00529,0.00124
20.7880,-0.00908,0.00516,0.00126
20.7960,-0.00900,0.00501,0.00129
20.8040,-0.00894,0.00487,0.00132
20.8080,-0.00883,0.00474,0.00135
20.8120,-0.00872,0.00460,0.00137
20.8200,-0.00883,0.00459,0.00139
20.8240,-0.00883,0.00459,0.00139
20.8320,-0.00900,0.00457,0.00142
20.8360,-0.00946,0.00454,0.00149
20.8400,-0.00939,0.00454,0.00145
20.8480,-0.00933,0.00453,0.00142
20.8520,-0.00931,0.00452,0.00138
20.8560,-0.00924,0.00452,0.00135
20.8600,-0.00918,0.00451,0.00131
20.8640,-0.00912,0.00450,0.00128
20.8680,-0.00905,0.00449,0.00125
20.8720,-0.00899,0.00448,0.00121
20.8760,-0.00893,0.00448,0.00117
20.8840,-0.00891,0.00449,0.00105
20.8880,-0.00885,0.00450,0.00094
20.8960,-0.00883,0.00452,0.00079
20.9000,-0.00876,0.00453,0.00072
20.9040,-0.00870,0.00453,0.00064
20.9080,-0.00864,0.00453,0.00056
20.9160,-0.00874,0.00455,0.00047
20.9200,-0.00879,0.00456,0.00042
20.9240,-0.00884,0.00457,0.00038
20.9280,-0.00889,0.00459,0.00033
20.9360,-0.00898,0.00462,0.00024
20.9440,-0.00907,0.00465,0.00015
20.9480,-0.00912,0.00467,0.00011
20.9520,-0.00964,0.00496,-0.00039
20.9560,-0.00945,0.00496,-0.00046
20.9600,-0.00927,0.00497,-0.00052
20.9640,-0.00904,0.00495,-0.00055
20.9680,-0.00890,0.00497,-0.00065
20.9720,-0.00872,0.00498,-0.00072
20.9800,-0.00854,0.00498,-0.00078
20.9840,-0.00841,0.00501,-0.00088
20.9880,-0.00823,0.00501,-0.00095
20.9960,-0.00810,0.00504,-0.00104
21.0000,-0.00793,0.00505,-0.00111
21.0040,-0.00776,0.00506,-0.00117
21.0080,-0.00759,0.00507,-0.00123
21.0120,-0.00743,0.00508,-0.00129
21.0160,-0.00726,0.00509,-0.00135
21.0200,-0.00709,0.00510,-0.00141
21.0240,-0.00715,0.00513,-0.00145
21.0320,-0.00726,0.00519,-0.00153
21.0360,-0.00726,0.00519,-0.00153
21.0360,-0.00737,0.00524,-0.00161
21.0480,-0.00747,0.00530,-0.00168
21.0520,-0.00752,0.00533,-0.00171
21.0560,-0.00757,0.00535,-0.00175
21.0600,-0.00762,0.00538,-0.00178
21.0640,-0.00762,0.00538,-0.00178
21.0720,-0.00772,0.00544,-0.00184
21.0760,-0.00782,0.00549,-0.00190
21.0880,-0.00840,0.00580,-0.00213
21.0920,-0.00830,0.00573,-0.00199
21.0960,-0.00820,0.00566,-0.00185
21.1000,-0.00811,0.00558,-0.00171
21.1040,-0.00801,0.00551,-0.00158
21.1080,-0.00791,0.00544,-0.00144
21.1120,-0.00781,0.00537,-0.00130
21.1160,-0.00771,0.00530,-0.00116
21.1240,-0.00767,0.00525,-0.00102
21.1320,-0.00764,0.00520,-0.00087
21.1360,-0.00754,0.00512,-0.00073
21.1400,-0.00745,0.00504,-0.00059
21.1440,-0.00735,0.00497,-0.00045
21.1520,-0.00732,0.00490,-0.00031
21.1560,-0.00722,0.00483,-0.00017
21.1600,-0.00713,0.00475,-0.00003
21.1640,-0.00719,0.00477,-0.00003
21.1720,-0.00732,0.00480,-0.00004
21.1720,-0.00738,0.00482,-0.00004
21.1760,-0.00806,0.00499,-0.00007
21.1840,-0.00795,0.00495,-0.00006
21.1880,-0.00784,0.00491,-0.00005
21.1920,-0.00773,0.00486,-0.00004
21.1960,-0.00762,0.00482,-0.00003
21.2000,-0.00752,0.00478,-0.00002
21.2080,-0.00746,0.00474,-0.00001
21.2160,-0.00741,0.00470,0.00000
21.2200,-0.00730,0.00465,0.00002
21.2240,-0.00720,0.00461,0.00004
21.2320,-0.00716,0.00457,0.00007
21.2360,-0.00706,0.00453,0.00009
21.2400,-0.00696,0.00449,0.00011
21.2440,-0.00686,0.00445,0.00013
21.2520,-0.00683,0.00441,0.00015
21.2560,-0.00673,0.00436,0.00017
21.2600,-0.00680,0.00436,0.00017
21.2680,-0.00692,0.00435,0.00017
21.2720,-0.00692,0.00435,0.00017
21.2720,-0.00704,0.00434,0.00018
21.2800,-0.00710,0.00433,0.00018
21.2840,-0.00715,0.00433,0.00019
21.2880,-0.00794,0.00426,0.00027
21.2960,-0.00794,0.00434,0.00035
21.3000,-0.00789,0.00439,0.00041
21.3000,-0.00778,0.00443,0.00046
21.3040,-0.00773,0.00449,0.00052
21.3120,-0.00775,0.00457,0.00061
21.3160,-0.00770,0.00463,0.00067
21.3240,-0.00772,0.00471,0.00075
21.3320,-0.00773,0.00478,0.00084
21.3400,-0.00773,0.00486,0.00092
21.3480,-0.00773,0.00493,0.00101
21.3520,-0.00767,0.00499,0.00108
21.3560,-0.00760,0.00505,0.00114
21.3600,-0.00754,0.00511,0.00121
21.3680,-0.00753,0.00518,0.00131
21.3720,-0.00742,0.00522,0.00135
21.3760,-0.00781,0.00536,0.00155
21.3800,-0.00774,0.00533,0.00155
21.3840,-0.00767,0.00530,0.00155
21.3880,-0.00760,0.00527,0.00155
21.3920,-0.00753,0.00524,0.00155
21.3960,-0.00746,0.00520,0.00155
21.4000,-0.00734,0.00516,0.00154
21.4000,-0.00732,0.00514,0.00155
21.4080,-0.00720,0.00509,0.00154
21.4120,-0.00718,0.00507,0.00155
21.4160,-0.00706,0.00502,0.00154
21.4200,-0.00704,0.00500,0.00155
21.4240,-0.00697,0.00496,0.00154
21.4280,-0.00690,0.00493,0.00153
21.4320,-0.00683,0.00489,0.00152
21.4360,-0.00676,0.00486,0.00151
21.4400,-0.00681,0.00487,0.00152
21.4400,-0.00681,0.00487,0.00152
21.4440,-0.00685,0.00487,0.00152
21.4520,-0.00695,0.00489,0.00153
21.4600,-0.00704,0.00490,0.00154
21.4640,-0.00708,0.00490,0.00154
21.4680,-0.00713,0.00491,0.00155
21.4720,-0.00718,0.00491,0.00155
21.4760,-0.00727,0.00492,0.00155
21.4840,-0.00784,0.00493,0.00154
21.4880,-0.00773,0.00491,0.00149
21.4920,-0.00763,0.00489,0.00143
21.4960,-0.00752,0.00488,0.00137
21.5000,-0.00739,0.00485,0.00134
21.5000,-0.00729,0.00484,0.00128
21.5080,-0.00718,0.00482,0.00123
21.5160,-0.00714,0.00483,0.00112
21.5240,-0.00706,0.00483,0.00103
21.5280,-0.00696,0.00482,0.00097
21.5320,-0.00686,0.00481,0.00091
21.5360,-0.00676,0.00480,0.00085
21.5360,-0.00662,0.00477,0.00082
21.5440,-0.00655,0.00478,0.00074
21.5480,-0.00642,0.00476,0.00070
21.5520,-0.00635,0.00476,0.00061
21.5560,-0.00638,0.00477,0.00058
21.5600,-0.00642,0.00478,0.00055
21.5600,-0.00642,0.00478,0.00055
21.5680,-0.00649,0.00479,0.00050
21.5720,-0.00652,0.00480,0.00047
21.5800,-0.00659,0.00481,0.00041
21.5840,-0.00706,0.00480,0.00003
21.5880,-0.00703,0.00485,0.00011
21.5920,-0.00700,0.00490,0.00019
21.5960,-0.00693,0.00493,0.00028
21.6000,-0.00691,0.00497,0.00036
21.6000,-0.00692,0.00504,0.00044
21.6080,-0.00690,0.00509,0.00053
21.6120,-0.00687,0.00514,0.00061
21.6160,-0.00685,0.00519,0.00070
21.6240,-0.00686,0.00526,0.00078
21.6320,-0.00688,0.00533,0.00086
21.6360,-0.00685,0.00537,0.00095
21.6400,-0.00683,0.00542,0.00103
21.6400,-0.00680,0.00547,0.00112
21.6480,-0.00677,0.00552,0.00120
21.6520,-0.00674,0.00557,0.00129
21.6560,-0.00678,0.00560,0.00128
21.6600,-0.00682,0.00562,0.00128
21.6640,-0.00686,0.00565,0.00128
21.6680,-0.00690,0.00567,0.00128
21.6720,-0.00694,0.00570,0.00128
21.6800,-0.00733,0.00602,0.00133
21.6880,-0.00727,0.00601,0.00136
21.6920,-0.00719,0.00598,0.00139
21.6960,-0.00711,0.00595,0.00141
21.7000,-0.00703,0.00591,0.00143
21.7040,-0.00695,0.00588,0.00146
21.7080,-0.00687,0.00585,0.00148
21.7120,-0.00680,0.00581,0.00150
21.7200,-0.00675,0.00579,0.00152
21.7240,-0.00667,0.00575,0.00154
21.7320,-0.00663,0.00574,0.00156
21.7360,-0.00656,0.00571,0.00157
21.7360,-0.00646,0.00566,0.00159
21.7480,-0.00645,0.00568,0.00159
21.7520,-0.00639,0.00565,0.00160
21.7560,-0.00632,0.00562,0.00161
21.7600,-0.00635,0.00564,0.00160
21.7640,-0.00639,0.00567,0.00159
21.7720,-0.00647,0.00571,0.00157
21.7760,-0.00686,0.00591,0.00142
21.7840,-0.00687,0.00589,0.00138
21.7880,-0.00683,0.00585,0.00136
21.7920,-0.00677,0.00579,0.00135
21.7960,-0.00673,0.00575,0.00132
21.8000,-0.00673,0.00573,0.00128
21.8080,-0.00672,0.00572,0.00125
21.8120,-0.00668,0.00568,0.00122
21.8160,-0.00664,0.00564,0.00120
21.8200,-0.00660,0.00560,0.00118
21.8280,-0.00660,0.00559,0.00115
21.8320,-0.00656,0.00555,0.00113
21.8360,-0.00652,0.00551,0.00111
21.8400,-0.00648,0.00547,0.00109
21.8440,-0.00644,0.00543,0.00107
21.8480,-0.00640,0.00539,0.00105
21.8600,-0.00648,0.00546,0.00102
21.8640,-0.00651,0.00549,0.00100
21.8720,-0.00656,0.00554,0.00098
21.8760,-0.00659,0.00557,0.00096
21.8840,-0.00692,0.00590,0.00080
21.8880,-0.00689,0.00584,0.00084
21.8960,-0.00689,0.00578,0.00089
21.9040,-0.00690,0.00573,0.00093
21.9080,-0.00687,0.00566,0.00098
21.9120,-0.00681,0.00559,0.00102
21.9160,-0.00681,0.00553,0.00107
21.9200,-0.00679,0.00547,0.00111
21.9240,-0.00676,0.00541,0.00116
21.9280,-0.00674,0.00535,0.00121
21.9360,-0.00675,0.00530,0.00127
21.9400,-0.00673,0.00523,0.00132
21.9440,-0.00670,0.00516,0.00137
21.9520,-0.00672,0.00511,0.00142
21.9560,-0.00670,0.00504,0.00147
21.9600,-0.00668,0.00497,0.00151
21.9640,-0.00672,0.00498,0.00152
21.9680,-0.00677,0.00499,0.00152
21.9720,-0.00720,0.00504,0.00157
21.9760,-0.00715,0.00502,0.00159
21.9800,-0.00707,0.00500,0.00160
21.9840,-0.00706,0.00498,0.00163
21.9880,-0.00701,0.00495,0.00165
21.9920,-0.00696,0.00493,0.00167
21.9920,-0.00691,0.00490,0.00168
22.0000,-0.00686,0.00487,0.00170
22.0040,-0.00681,0.00484,0.00172
22.0080,-0.00676,0.00482,0.00173
22.0080,-0.00671,0.00479,0.00175
22.0160,-0.00666,0.00477,0.00177
22.0200,-0.00661,0.00474,0.00179
22.0240,-0.00656,0.00472,0.00180
22.0320,-0.00650,0.00470,0.00182
22.0360,-0.00648,0.00467,0.00184
22.0400,-0.00650,0.00467,0.00185
22.0400,-0.00653,0.00467,0.00185
22.0440,-0.00653,0.00467,0.00185
22.0520,-0.00659,0.00467,0.00186
22.0560,-0.00662,0.00467,0.00187
22.0600,-0.00665,0.00467,0.00188
22.0680,-0.00670,0.00466,0.00189
22.0720,-0.00673,0.00466,0.00190
22.0800,-0.00679,0.00465,0.00191
22.0880,-0.00684,0.00464,0.00192
22.0920,-0.00687,0.00464,0.00192
22.0960,-0.00689,0.00464,0.00193
22.1000,-0.00692,0.00463,0.00193
22.1040,-0.00694,0.00463,0.00194
22.1080,-0.00696,0.00463,0.00194
22.1120,-0.00719,0.00461,0.00197
22.1160,-0.00710,0.00463,0.00195
22.1200,-0.00702,0.00465,0.00193
22.1240,-0.00694,0.00467,0.00192
22.1280,-0.00684,0.00467,0.00190
22.1320,-0.00678,0.00470,0.00188
22.1360,-0.00670,0.00471,0.00187
22.1400,-0.00662,0.00473,0.00185
22.1440,-0.00654,0.00474,0.00183
22.1480,-0.00646,0.00475,0.00181
22.1560,-0.00639,0.00477,0.00179
22.1600,-0.00631,0.00478,0.00177
22.1680,-0.00623,0.00479,0.00176
22.1720,-0.00616,0.00480,0.00174
22.1760,-0.00608,0.00481,0.00173
22.1840,-0.00600,0.00482,0.00172
22.1880,-0.00604,0.00484,0.00173
22.1960,-0.00607,0.00485,0.00174
22.1960,-0.00609,0.00485,0.00174
22.2040,-0.00610,0.00486,0.00175
22.2080,-0.00610,0.00486,0.00175
22.2080,-0.00612,0.00486,0.00176
22.2160,-0.00615,0.00487,0.00178
22.2200,-0.00617,0.00488,0.00179
22.2240,-0.00619,0.00489,0.00181
22.2280,-0.00621,0.00490,0.00182
22.2280,-0.00621,0.00490,0.00182
22.2360,-0.00625,0.00491,0.00184
22.2360,-0.00627,0.00491,0.00185
22.2440,-0.00629,0.00491,0.00187
22.2440,-0.00630,0.00491,0.00188
22.2520,-0.00655,0.00495,0.00213
22.2560,-0.00651,0.00498,0.00209
22.2600,-0.00650,0.00502,0.00208
22.2640,-0.00648,0.00505,0.00205
22.2680,-0.00646,0.00508,0.00203
22.2760,-0.00645,0.00512,0.00201
22.2800,-0.00643,0.00515,0.00199
22.2840,-0.00640,0.00518,0.00196
22.2880,-0.00638,0.00521,0.00194
22.2960,-0.00637,0.00525,0.00191
22.3000,-0.00633,0.00527,0.00188
22.3040,-0.00633,0.00531,0.00186
22.3080,-0.00631,0.00534,0.00183
22.3120,-0.00629,0.00537,0.00181
22.3160,-0.00626,0.00540,0.00178
22.3200,-0.00624,0.00543,0.00175
22.3280,-0.00626,0.00545,0.00177
22.3320,-0.00627,0.00546,0.00178
22.3400,-0.00629,0.00548,0.00181
22.3440,-0.00630,0.00549,0.00182
22.3440,-0.00632,0.00551,0.00184
22.3560,-0.00641,0.00570,0.00207
22.3640,-0.00641,0.00571,0.00207
22.3720,-0.00639,0.00570,0.00206
22.3760,-0.00639,0.00572,0.00206
22.3800,-0.00637,0.00572,0.00205
22.3840,-0.00636,0.00571,0.00204
22.3880,-0.00634,0.00570,0.00204
22.3920,-0.00632,0.00570,0.00203
22.3960,-0.00631,0.00569,0.00202
22.4000,-0.00629,0.00568,0.00201
22.4040,-0.00628,0.00567,0.00200
22.4120,-0.00629,0.00568,0.00200
22.4160,-0.00627,0.00567,0.00200
22.4240,-0.00629,0.00567,0.00200
22.4280,-0.00627,0.00566,0.00199
22.4280,-0.00623,0.00564,0.00197
22.4360,-0.00629,0.00567,0.00199
22.4440,-0.00634,0.00570,0.00201
22.4480,-0.00663,0.00581,0.00214
22.4520,-0.00652,0.00574,0.00213
22.4600,-0.00642,0.00568,0.00213
22.4640,-0.00630,0.00561,0.00213
22.4680,-0.00619,0.00554,0.00212
22.4760,-0.00608,0.00548,0.00212
22.4800,-0.00596,0.00540,0.00211
22.4840,-0.00584,0.00533,0.00211
22.4880,-0.00573,0.00527,0.00210
22.4920,-0.00561,0.00520,0.00209
22.5000,-0.00549,0.00513,0.00209
22.5040,-0.00537,0.00506,0.00208
22.5120,-0.00525,0.00499,0.00208
22.5160,-0.00513,0.00492,0.00207
22.5240,-0.00500,0.00485,0.00208
22.5320,-0.00488,0.00479,0.00209
22.5360,-0.00488,0.00479,0.00210
22.5400,-0.00490,0.00481,0.00213
22.5480,-0.00490,0.00482,0.00214
22.5520,-0.00491,0.00483,0.00216
22.5560,-0.00491,0.00484,0.00217
22.5600,-0.00492,0.00486,0.00218
22.5680,-0.00501,0.00499,0.00228
22.5680,-0.00504,0.00497,0.00227
22.5720,-0.00506,0.00495,0.00225
22.5800,-0.00509,0.00493,0.00224
22.5840,-0.00512,0.00491,0.00223
22.5880,-0.00515,0.00488,0.00222
22.5960,-0.00520,0.00488,0.00222
22.6000,-0.00522,0.00486,0.00220
22.6040,-0.00525,0.00484,0.00219
22.6080,-0.00528,0.00482,0.00218
22.6120,-0.00530,0.00480,0.00216
22.6160,-0.00533,0.00478,0.00215
22.6200,-0.00535,0.00477,0.00214
22.6280,-0.00541,0.00476,0.00214
22.6320,-0.00543,0.00475,0.00213
22.6360,-0.00546,0.00473,0.00212
22.6400,-0.00549,0.00475,0.00214
22.6480,-0.00555,0.00478,0.00218
22.6480,-0.00555,0.00478,0.00218
22.6560,-0.00560,0.00481,0.00221
22.6640,-0.00566,0.00484,0.00225
22.6680,-0.00569,0.00486,0.00227
22.6720,-0.00572,0.00488,0.00229
22.6800,-0.00606,0.00507,0.00251
22.6840,-0.00607,0.00507,0.00246
22.6880,-0.00609,0.00507,0.00240
22.6920,-0.00611,0.00507,0.00235
22.6960,-0.00612,0.00507,0.00230
22.7000,-0.00614,0.00506,0.00225
22.7040,-0.00616,0.00506,0.00220
22.7080,-0.00617,0.00506,0.00215
22.7120,-0.00615,0.00505,0.00209
22.7160,-0.00621,0.00505,0.00206
22.7200,-0.00622,0.00505,0.00201
22.7240,-0.00628,0.00505,0.00198
22.7360,-0.00634,0.00506,0.00195
22.7360,-0.00632,0.00505,0.00189
22.7480,-0.00637,0.00507,0.00185
22.7520,-0.00642,0.00508,0.00181
22.7560,-0.00646,0.00508,0.00182
22.7600,-0.00649,0.00509,0.00183
22.7640,-0.00652,0.00510,0.00184
22.7680,-0.00656,0.00510,0.00184
22.7720,-0.00656,0.00510,0.00184
22.7800,-0.00665,0.00512,0.00187
22.7840,-0.00668,0.00513,0.00188
22.7880,-0.00671,0.00514,0.00189
22.7920,-0.00675,0.00514,0.00190
22.7960,-0.00678,0.00515,0.00191
22.8000,-0.00682,0.00516,0.00192
22.8040,-0.00685,0.00516,0.00193
22.8080,-0.00716,0.00526,0.00202
22.8120,-0.00704,0.00529,0.00202
22.8160,-0.00691,0.00533,0.00202
22.8240,-0.00679,0.00539,0.00202
22.8280,-0.00666,0.00542,0.00202
22.8360,-0.00654,0.00548,0.00204
22.8400,-0.00642,0.00551,0.00204
22.8440,-0.00630,0.00555,0.00205
22.8480,-0.00618,0.00559,0.00206
22.8520,-0.00605,0.00562,0.00206
22.8560,-0.00593,0.00566,0.00207
22.8640,-0.00581,0.00573,0.00209
22.8720,-0.00569,0.00579,0.00212
22.8760,-0.00557,0.00584,0.00214
22.8840,-0.00545,0.00591,0.00217
22.8880,-0.00533,0.00595,0.00218
22.8960,-0.00533,0.00600,0.00221
22.9000,-0.00533,0.00602,0.00222
22.9040,-0.00532,0.00605,0.00224
22.9080,-0.00532,0.00607,0.00225
22.9200,-0.00532,0.00615,0.00229
22.9200,-0.00532,0.00615,0.00229
22.9240,-0.00532,0.00617,0.00230
22.9280,-0.00532,0.00620,0.00231
22.9320,-0.00533,0.00623,0.00231
22.9360,-0.00533,0.00625,0.00233
22.9360,-0.00533,0.00628,0.00234
22.9400,-0.00535,0.00654,0.00241
22.9480,-0.00536,0.00640,0.00237
22.9520,-0.00539,0.00626,0.00233
22.9560,-0.00541,0.00612,0.00229
22.9600,-0.00541,0.00599,0.00225
22.9640,-0.00542,0.00586,0.00222
22.9720,-0.00546,0.00572,0.00217
22.9760,-0.00548,0.00558,0.00213
22.9760,-0.00549,0.00545,0.00209
22.9840,-0.00553,0.00531,0.00204
22.9880,-0.00554,0.00518,0.00200
22.9920,-0.00554,0.00505,0.00196
23.0000,-0.00559,0.00490,0.00190
23.0040,-0.00560,0.00477,0.00185
23.0120,-0.00563,0.00463,0.00180
23.0200,-0.00566,0.00450,0.00175
23.0240,-0.00568,0.00450,0.00174
23.0280,-0.00570,0.00449,0.00173
23.0320,-0.00571,0.00449,0.00173
23.0360,-0.00573,0.00449,0.00172
23.0440,-0.00593,0.00449,0.00163
23.0520,-0.00598,0.00457,0.00159
23.0560,-0.00601,0.00464,0.00156
23.0560,-0.00602,0.00470,0.00155
23.0600,-0.00608,0.00478,0.00151
23.0680,-0.00611,0.00484,0.00149
23.0760,-0.00617,0.00492,0.00144
23.0800,-0.00620,0.00500,0.00142
23.0840,-0.00623,0.00507,0.00139
23.0880,-0.00626,0.00515,0.00137
23.0960,-0.00631,0.00524,0.00133
23.1000,-0.00631,0.00530,0.00132
23.1040,-0.00636,0.00539,0.00128
23.1080,-0.00639,0.00546,0.00126
23.1120,-0.00641,0.00554,0.00124
23.1160,-0.00644,0.00561,0.00121
23.1200,-0.00645,0.00563,0.00120
23.1240,-0.00647,0.00565,0.00119
23.1320,-0.00650,0.00568,0.00116
23.1360,-0.00652,0.00570,0.00115
23.1400,-0.00653,0.00572,0.00113
23.1440,-0.00666,0.00590,0.00103
23.1480,-0.00661,0.00586,0.00112
23.1560,-0.00656,0.00582,0.00122
23.1640,-0.00652,0.00579,0.00132
23.1680,-0.00648,0.00575,0.00141
23.1720,-0.00643,0.00572,0.00150
23.1760,-0.00639,0.00568,0.00158
23.1800,-0.00635,0.00564,0.00167
23.1840,-0.00631,0.00560,0.00176
23.1880,-0.00627,0.00556,0.00185
23.1880,-0.00623,0.00551,0.00192
23.1960,-0.00619,0.00547,0.00201
23.2040,-0.00616,0.00545,0.00214
23.2040,-0.00612,0.00541,0.00223
23.2080,-0.00607,0.00536,0.00230
23.2160,-0.00603,0.00533,0.00240
23.2240,-0.00604,0.00535,0.00243
23.2280,-0.00604,0.00536,0.00244
23.2320,-0.00603,0.00537,0.00246
23.2360,-0.00603,0.00537,0.00246
23.2360,-0.00597,0.00542,0.00254
23.2440,-0.00592,0.00539,0.00251
23.2480,-0.00588,0.00535,0.00248
23.2560,-0.00582,0.00530,0.00245
23.2600,-0.00578,0.00526,0.00243
23.2640,-0.00574,0.00522,0.00240
23.2680,-0.00569,0.00517,0.00238
23.2720,-0.00564,0.00513,0.00235
23.2760,-0.00559,0.00509,0.00233
23.2800,-0.00554,0.00505,0.00231
23.2880,-0.00549,0.00500,0.00229
23.2960,-0.00543,0.00496,0.00228
23.3040,-0.00538,0.00492,0.00228
23.3080,-0.00534,0.00488,0.00224
23.3120,-0.00529,0.00484,0.00224
23.3200,-0.00525,0.00479,0.00224
23.3240,-0.00525,0.00479,0.00224
23.3280,-0.00524,0.00478,0.00227
23.3320,-0.00524,0.00477,0.00228
23.3360,-0.00523,0.00477,0.00230
23.3440,-0.00523,0.00476,0.00233
23.3480,-0.00523,0.00476,0.00233
23.3520,-0.00523,0.00476,0.00238
23.3560,-0.00523,0.00476,0.00242
23.3640,-0.00523,0.00476,0.00245
23.3680,-0.00523,0.00476,0.00247
23.3720,-0.00528,0.00480,0.00273
23.3760,-0.00531,0.00479,0.00271
23.3840,-0.00535,0.00478,0.00271
23.3880,-0.00537,0.00476,0.00268
23.3920,-0.00541,0.00475,0.00267
23.4000,-0.00545,0.00473,0.00267
23.4040,-0.00548,0.00471,0.00265
23.4080,-0.00550,0.00469,0.00263
23.4120,-0.00553,0.00467,0.00261
23.4160,-0.00556,0.00465,0.00258
23.4200,-0.00559,0.00462,0.00256
23.4240,-0.00561,0.00460,0.00254
23.4280,-0.00564,0.00457,0.00252
23.4320,-0.00566,0.00456,0.00248
23.4360,-0.00570,0.00453,0.00247
23.4440,-0.00574,0.00449,0.00247
23.4480,-0.00575,0.00448,0.00249
23.4520,-0.00577,0.00447,0.00251
23.4560,-0.00578,0.00447,0.00253
23.4600,-0.00580,0.00446,0.00256
23.4640,-0.00581,0.00445,0.00258
23.4680,-0.00581,0.00445,0.00258
23.4720,-0.00585,0.00443,0.00263
23.4800,-0.00606,0.00435,0.00283
23.4840,-0.00609,0.00437,0.00279
23.4920,-0.00614,0.00437,0.00275
23.4960,-0.00617,0.00438,0.00271
23.5000,-0.00620,0.00439,0.00267
23.5040,-0.00623,0.00440,0.00263
23.5080,-0.00628,0.00440,0.00261
23.5160,-0.00628,0.00442,0.00256
23.5200,-0.00634,0.00441,0.00253
23.5240,-0.00637,0.00441,0.00249
23.5280,-0.00640,0.00442,0.00246
23.5320,-0.00643,0.00442,0.00242
23.5400,-0.00646,0.00442,0.00238
23.5440,-0.00652,0.00440,0.00236
23.5480,-0.00655,0.00440,0.00232
23.5520,-0.00657,0.00440,0.00228
23.5560,-0.00660,0.00437,0.00229
23.5600,-0.00662,0.00435,0.00230
23.5640,-0.00664,0.00432,0.00231
23.5720,-0.00668,0.00428,0.00233
23.5760,-0.00673,0.00423,0.00235
23.5840,-0.00698,0.00396,0.00241
23.5880,-0.00696,0.00397,0.00239
23.5920,-0.00693,0.00397,0.00237
23.5960,-0.00691,0.00398,0.00235
23.6040,-0.00691,0.00397,0.00233
23.6120,-0.00690,0.00394,0.00230
23.6160,-0.00687,0.00395,0.00227
23.6240,-0.00685,0.00393,0.00224
23.6280,-0.00682,0.00393,0.00221
23.6320,-0.00678,0.00394,0.00218
23.6360,-0.00675,0.00394,0.00215
23.6400,-0.00671,0.00395,0.00212
23.6480,-0.00668,0.00393,0.00209
23.6520,-0.00664,0.00393,0.00206
23.6560,-0.00661,0.00394,0.00204
23.6640,-0.00658,0.00391,0.00201
23.6680,-0.00659,0.00388,0.00201
23.6760,-0.00663,0.00361,0.00201
23.6800,-0.00659,0.00366,0.00201
23.6840,-0.00656,0.00371,0.00200
23.6880,-0.00652,0.00374,0.00199
23.6920,-0.00648,0.00379,0.00199
23.7000,-0.00645,0.00382,0.00199
23.7000,-0.00641,0.00386,0.00199
23.7080,-0.00637,0.00390,0.00199
23.7080,-0.00633,0.00394,0.00199
23.7200,-0.00629,0.00397,0.00199
23.7240,-0.00625,0.00399,0.00199
23.7360,-0.00622,0.00402,0.00199
23.7440,-0.00619,0.00404,0.00198
23.7480,-0.00615,0.00408,0.00197
23.7560,-0.00612,0.00411,0.00196
23.7600,-0.00608,0.00414,0.00195
23.7680,-0.00610,0.00400,0.00191
23.7720,-0.00608,0.00401,0.00192
23.7800,-0.00608,0.00401,0.00192
23.7840,-0.00606,0.00402,0.00193
23.7880,-0.00604,0.00403,0.00194
23.7960,-0.00603,0.00403,0.00195
23.8000,-0.00601,0.00404,0.00195
23.8040,-0.00600,0.00405,0.00196
23.8160,-0.00600,0.00404,0.00196
23.8200,-0.00599,0.00406,0.00197
23.8200,-0.00598,0.00408,0.00198
23.8280,-0.00596,0.00409,0.00199
23.8360,-0.00596,0.00410,0.00199
23.8400,-0.00594,0.00411,0.00200
23.8400,-0.00592,0.00413,0.00201
23.8480,-0.00591,0.00414,0.00202
23.8520,-0.00592,0.00413,0.00202
23.8560,-0.00592,0.00412,0.00201
23.8640,-0.00594,0.00410,0.00200
23.8680,-0.00595,0.00409,0.00200
23.8720,-0.00596,0.00408,0.00200
23.8800,-0.00606,0.00397,0.00194
23.8840,-0.00609,0.00395,0.00195
23.8880,-0.00611,0.00394,0.00196
23.8920,-0.00613,0.00392,0.00197
23.8960,-0.00616,0.00391,0.00198
23.9040,-0.00618,0.00388,0.00199
23.9080,-0.00620,0.00387,0.00200
23.9120,-0.00622,0.00385,0.00200
23.9160,-0.00623,0.00383,0.00201
23.9200,-0.00625,0.00382,0.00202
23.9280,-0.00626,0.00380,0.00202
23.9320,-0.00628,0.00376,0.00203
23.9360,-0.00629,0.00375,0.00204
23.9360,-0.00631,0.00372,0.00204
23.9440,-0.00633,0.00370,0.00205
23.9480,-0.00635,0.00368,0.00206
23.9520,-0.00635,0.00366,0.00206
23.9560,-0.00636,0.00365,0.00205
23.9600,-0.00637,0.00363,0.00205
23.9640,-0.00638,0.00362,0.00205
23.9720,-0.00644,0.00349,0.00201
23.9760,-0.00640,0.00351,0.00201
23.9800,-0.00635,0.00353,0.00202
23.9840,-0.00631,0.00356,0.00203
23.9880,-0.00627,0.00358,0.00203
23.9960,-0.00623,0.00359,0.00204
24.0000,-0.00619,0.00361,0.00205
24.0000,-0.00615,0.00363,0.00206
24.0080,-0.00611,0.00364,0.00207
24.0120,-0.00606,0.00366,0.00208
24.0160,-0.00602,0.00368,0.00209
24.0240,-0.00599,0.00369,0.00210
24.0280,-0.00594,0.00371,0.00211
24.0320,-0.00590,0.00373,0.00212
24.0360,-0.00587,0.00375,0.00213
24.0440,-0.00584,0.00375,0.00214
24.0480,-0.00585,0.00373,0.00215
24.0480,-0.00585,0.00373,0.00215
24.0560,-0.00588,0.00370,0.00217
24.0600,-0.00589,0.00368,0.00218
24.0640,-0.00590,0.00367,0.00219
24.0680,-0.00590,0.00367,0.00219
24.0720,-0.00592,0.00364,0.00221
24.0760,-0.00602,0.00352,0.00239
24.0840,-0.00608,0.00350,0.00241
24.0880,-0.00612,0.00349,0.00241
24.0920,-0.00616,0.00348,0.00241
24.0960,-0.00619,0.00347,0.00241
24.1000,-0.00622,0.00346,0.00241
24.1080,-0.00626,0.00345,0.00242
24.1120,-0.00631,0.00343,0.00243
24.1160,-0.00632,0.00343,0.00242
24.1200,-0.00638,0.00340,0.00244
24.1280,-0.00643,0.00336,0.00245
24.1360,-0.00649,0.00333,0.00247
24.1400,-0.00652,0.00331,0.00248
24.1440,-0.00655,0.00329,0.00248
24.1480,-0.00657,0.00327,0.00249
24.1520,-0.00660,0.00325,0.00250
24.1560,-0.00661,0.00323,0.00252
24.1600,-0.00663,0.00320,0.00254
24.1600,-0.00663,0.00320,0.00254
24.1680,-0.00666,0.00315,0.00258
24.1720,-0.00677,0.00294,0.00277
24.1800,-0.00667,0.00304,0.00274
24.1840,-0.00659,0.00314,0.00270
24.1840,-0.00650,0.00323,0.00266
24.1920,-0.00642,0.00333,0.00262
24.1920,-0.00634,0.00343,0.00258
24.2000,-0.00625,0.00353,0.00254
24.2040,-0.00617,0.00363,0.00251
24.2080,-0.00608,0.00372,0.00248
24.2120,-0.00600,0.00382,0.00244
24.2160,-0.00592,0.00391,0.00241
24.2200,-0.00583,0.00401,0.00237
24.2280,-0.00574,0.00409,0.00234
24.2320,-0.00566,0.00418,0.00231
24.2360,-0.00557,0.00427,0.00227
24.2400,-0.00549,0.00436,0.00223
24.2440,-0.00549,0.00435,0.00224
24.2480,-0.00549,0.00434,0.00224
24.2520,-0.00549,0.00433,0.00225
24.2560,-0.00549,0.00432,0.00225
24.2600,-0.00549,0.00431,0.00226
24.2640,-0.00549,0.00430,0.00227
24.2720,-0.00553,0.00423,0.00231
24.2760,-0.00557,0.00424,0.00230
24.2800,-0.00561,0.00426,0.00229
24.2840,-0.00565,0.00427,0.00228
24.2880,-0.00569,0.00429,0.00226
24.2920,-0.00572,0.00431,0.00225
24.2960,-0.00577,0.00433,0.00224
24.3000,-0.00581,0.00434,0.00223
24.3000,-0.00585,0.00436,0.00222
24.3080,-0.00588,0.00438,0.00221
24.3120,-0.00592,0.00439,0.00220
24.3160,-0.00596,0.00441,0.00219
24.3240,-0.00599,0.00443,0.00219
24.3320,-0.00603,0.00445,0.00218
24.3360,-0.00606,0.00446,0.00217
24.3400,-0.00609,0.00448,0.00217
24.3440,-0.00609,0.00448,0.00217
24.3480,-0.00609,0.00448,0.00217
24.3520,-0.00609,0.00448,0.00218
24.3560,-0.00609,0.00448,0.00218
24.3600,-0.00609,0.00449,0.00219
24.3640,-0.00609,0.00449,0.00219
24.3680,-0.00609,0.00449,0.00220
24.3720,-0.00609,0.00450,0.00220
24.3760,-0.00609,0.00451,0.00221
24.3840,-0.00608,0.00463,0.00228
24.3880,-0.00609,0.00468,0.00227
24.3920,-0.00609,0.00477,0.00226
24.3960,-0.00610,0.00482,0.00224
24.4000,-0.00609,0.00492,0.00223
24.4040,-0.00609,0.00499,0.00222
24.4080,-0.00609,0.00506,0.00221
24.4160,-0.00608,0.00516,0.00219
24.4200,-0.00609,0.00524,0.00218
24.4240,-0.00608,0.00531,0.00217
24.4280,-0.00608,0.00539,0.00215
24.4320,-0.00608,0.00547,0.00214
24.4400,-0.00608,0.00555,0.00212
24.4440,-0.00607,0.00563,0.00210
24.4480,-0.00605,0.00573,0.00208
24.4520,-0.00605,0.00580,0.00206
24.4560,-0.00603,0.00582,0.00205
24.4600,-0.00602,0.00584,0.00204
24.4640,-0.00600,0.00586,0.00203
24.4720,-0.00597,0.00590,0.00202
24.4760,-0.00596,0.00592,0.00201
24.4760,-0.00595,0.00594,0.00200
24.4840,-0.00585,0.00609,0.00188
24.4880,-0.00585,0.00601,0.00187
24.4920,-0.00585,0.00592,0.00186
24.5000,-0.00585,0.00583,0.00184
24.5040,-0.00584,0.00575,0.00183
24.5080,-0.00584,0.00567,0.00182
24.5120,-0.00583,0.00558,0.00182
24.5160,-0.00583,0.00550,0.00180
24.5200,-0.00583,0.00541,0.00180
24.5280,-0.00582,0.00533,0.00179
24.5320,-0.00582,0.00525,0.00177
24.5360,-0.00582,0.00517,0.00176
24.5400,-0.00581,0.00510,0.00174
24.5440,-0.00581,0.00502,0.00173
24.5520,-0.00580,0.00494,0.00172
24.5560,-0.00579,0.00486,0.00171
24.5600,-0.00579,0.00486,0.00170
24.5640,-0.00579,0.00486,0.00170
24.5680,-0.00579,0.00486,0.00167
24.5720,-0.00579,0.00486,0.00165
24.5760,-0.00579,0.00487,0.00163
24.5840,-0.00579,0.00489,0.00136
24.5880,-0.00579,0.00489,0.00140
24.5920,-0.00579,0.00489,0.00144
24.5960,-0.00580,0.00490,0.00147
24.6000,-0.00580,0.00490,0.00149
24.6040,-0.00581,0.00490,0.00151
24.6080,-0.00581,0.00490,0.00154
24.6080,-0.00582,0.00490,0.00157
24.6120,-0.00582,0.00490,0.00159
24.6200,-0.00583,0.00490,0.00162
24.6240,-0.00583,0.00491,0.00165
24.6320,-0.00584,0.00490,0.00166
24.6360,-0.00584,0.00490,0.00169
24.6400,-0.00584,0.00490,0.00172
24.6440,-0.00584,0.00489,0.00174
24.6480,-0.00584,0.00489,0.00177
24.6520,-0.00583,0.00488,0.00175
24.6560,-0.00583,0.00488,0.00174
24.6600,-0.00582,0.00487,0.00172
24.6680,-0.00580,0.00486,0.00169
24.6760,-0.00577,0.00484,0.00166
24.6800,-0.00577,0.00484,0.00166
24.6800,-0.00575,0.00482,0.00165
24.6880,-0.00571,0.00479,0.00162
24.6920,-0.00569,0.00478,0.00161
24.7000,-0.00566,0.00475,0.00157
24.7040,-0.00566,0.00475,0.00157
24.7040,-0.00564,0.00473,0.00156
24.7080,-0.00562,0.00472,0.00155
24.7160,-0.00560,0.00470,0.00153
24.7200,-0.00557,0.00467,0.00151
24.7240,-0.00541,0.00446,0.00139
24.7280,-0.00540,0.00442,0.00141
24.7320,-0.00540,0.00438,0.00144
24.7360,-0.00539,0.00433,0.00147
24.7400,-0.00538,0.00429,0.00149
24.7440,-0.00537,0.00425,0.00152
24.7480,-0.00536,0.00421,0.00155
24.7520,-0.00535,0.00417,0.00158
24.7600,-0.00534,0.00411,0.00160
24.7680,-0.00534,0.00405,0.00163
24.7720,-0.00533,0.00401,0.00166
24.7760,-0.00533,0.00399,0.00169
24.7800,-0.00532,0.00395,0.00172
24.7840,-0.00531,0.00389,0.00174
24.7880,-0.00531,0.00385,0.00177
24.7920,-0.00530,0.00381,0.00181
24.7960,-0.00530,0.00380,0.00181
24.8000,-0.00530,0.00379,0.00180
24.8080,-0.00530,0.00378,0.00180
24.8120,-0.00529,0.00375,0.00180
24.8160,-0.00529,0.00374,0.00180
24.8200,-0.00529,0.00372,0.00180
24.8240,-0.00529,0.00371,0.00180
24.8320,-0.00530,0.00367,0.00181
24.8360,-0.00530,0.00365,0.00181
24.8400,-0.00530,0.00365,0.00181
24.8440,-0.00536,0.00344,0.00189
24.8480,-0.00538,0.00355,0.00192
24.8520,-0.00540,0.00365,0.00196
24.8640,-0.00543,0.00375,0.00199
24.8720,-0.00545,0.00385,0.00202
24.8760,-0.00547,0.00395,0.00205
24.8840,-0.00553,0.00404,0.00211
24.8880,-0.00556,0.00414,0.00214
24.8960,-0.00561,0.00424,0.00218
24.9000,-0.00564,0.00434,0.00220
24.9080,-0.00567,0.00444,0.00223
24.9080,-0.00570,0.00455,0.00225
24.9160,-0.00576,0.00465,0.00229
24.9200,-0.00579,0.00476,0.00231
24.9240,-0.00582,0.00486,0.00234
24.9280,-0.00585,0.00496,0.00237
24.9360,-0.00589,0.00496,0.00239
24.9400,-0.00610,0.00492,0.00247
24.9440,-0.00610,0.00491,0.00244
24.9480,-0.00611,0.00489,0.00240
24.9520,-0.00611,0.00488,0.00237
24.9600,-0.00613,0.00487,0.00234
24.9640,-0.00614,0.00486,0.00231
24.9680,-0.00614,0.00485,0.00228
24.9720,-0.00614,0.00484,0.00224
24.9800,-0.00614,0.00483,0.00221
24.9840,-0.00616,0.00481,0.00217
24.9880,-0.00617,0.00480,0.00214
24.9960,-0.00619,0.00479,0.00210
25.0000,-0.00619,0.00479,0.00206
25.0040,-0.00617,0.00478,0.00203
25.0080,-0.00619,0.00477,0.00199
25.0120,-0.00619,0.00477,0.00196
25.0200,-0.00622,0.00477,0.00195
25.0240,-0.00623,0.00478,0.00195
25.0280,-0.00625,0.00478,0.00195
25.0320,-0.00627,0.00478,0.00195
25.0400,-0.00630,0.00480,0.00195
25.0440,-0.00632,0.00480,0.00195
25.0520,-0.00651,0.00494,0.00201
25.0560,-0.00644,0.00495,0.00202
25.0640,-0.00637,0.00496,0.00203
25.0640,-0.00630,0.00496,0.00203
25.0760,-0.00624,0.00498,0.00205
25.0800,-0.00617,0.00499,0.00205
25.0840,-0.00610,0.00500,0.00206
25.0960,-0.00605,0.00501,0.00207
25.1000,-0.00599,0.00503,0.00208
25.1040,-0.00592,0.00503,0.00208
25.1040,-0.00585,0.00504,0.00209
25.1120,-0.00579,0.00505,0.00210
25.1160,-0.00572,0.00506,0.00210
25.1200,-0.00571,0.00510,0.00210
25.1240,-0.00574,0.00505,0.00207
25.1280,-0.00577,0.00499,0.00204
25.1320,-0.00580,0.00494,0.00201
25.1360,-0.00582,0.00489,0.00198
25.1400,-0.00585,0.00483,0.00195
25.1440,-0.00587,0.00478,0.00192
25.1520,-0.00589,0.00473,0.00189
25.1560,-0.00594,0.00466,0.00184
25.1600,-0.00597,0.00461,0.00180
25.1640,-0.00600,0.00456,0.00177
25.1680,-0.00603,0.00450,0.00173
25.1720,-0.00606,0.00445,0.00169
25.1760,-0.00609,0.00440,0.00166
25.1800,-0.00613,0.00434,0.00162
25.1840,-0.00616,0.00429,0.00158
25.1920,-0.00621,0.00426,0.00153
25.1960,-0.00624,0.00424,0.00151
25.2000,-0.00627,0.00423,0.00148
25.2080,-0.00632,0.00420,0.00143
25.2160,-0.00637,0.00416,0.00137
25.2200,-0.00640,0.00415,0.00134
25.2200,-0.00640,0.00415,0.00134
25.2320,-0.00645,0.00411,0.00128
25.2360,-0.00650,0.00408,0.00122
25.2400,-0.00673,0.00391,0.00095
25.2440,-0.00668,0.00397,0.00099
25.2480,-0.00661,0.00402,0.00105
25.2560,-0.00656,0.00407,0.00109
25.2600,-0.00649,0.00413,0.00114
25.2640,-0.00642,0.00417,0.00120
25.2680,-0.00636,0.00422,0.00125
25.2720,-0.00629,0.00427,0.00131
25.2760,-0.00622,0.00432,0.00136
25.2800,-0.00615,0.00437,0.00141
25.2880,-0.00608,0.00441,0.00145
25.2920,-0.00601,0.00446,0.00150
25.2960,-0.00594,0.00451,0.00156
25.3000,-0.00587,0.00456,0.00161
25.3080,-0.00580,0.00461,0.00166
25.3120,-0.00573,0.00466,0.00170
25.3160,-0.00573,0.00466,0.00169
25.3240,-0.00574,0.00466,0.00167
25.3280,-0.00574,0.00465,0.00166
25.3360,-0.00575,0.00465,0.00164
25.3440,-0.00577,0.00464,0.00158
25.3480,-0.00573,0.00464,0.00161
25.3560,-0.00567,0.00466,0.00166
25.3600,-0.00563,0.00466,0.00170
25.3640,-0.00558,0.00466,0.00173
25.3680,-0.00554,0.00467,0.00177
25.3720,-0.00549,0.00467,0.00181
25.3760,-0.00545,0.00468,0.00184
25.3800,-0.00540,0.00468,0.00188
25.3840,-0.00535,0.00469,0.00191
25.3880,-0.00530,0.00469,0.00195
25.3960,-0.00523,0.00471,0.00199
25.4000,-0.00518,0.00472,0.00202
25.4080,-0.00511,0.00473,0.00206
25.4160,-0.00489,0.00484,0.00213
25.4200,-0.00492,0.00482,0.00211
25.4240,-0.00495,0.00480,0.00210
25.4280,-0.00498,0.00478,0.00208
25.4360,-0.00501,0.00476,0.00207
25.4440,-0.00504,0.00474,0.00205
25.4480,-0.00507,0.00471,0.00204
25.4560,-0.00510,0.00469,0.00202
25.4600,-0.00512,0.00466,0.00200
25.4680,-0.00515,0.00464,0.00199
25.4720,-0.00519,0.00461,0.00197
25.4800,-0.00522,0.00459,0.00195
25.4840,-0.00525,0.00458,0.00193
25.4880,-0.00528,0.00456,0.00191
25.4920,-0.00531,0.00454,0.00189
25.5000,-0.00533,0.00452,0.00187
25.5040,-0.00533,0.00453,0.00187
25.5040,-0.00533,0.00454,0.00187
25.5120,-0.00532,0.00455,0.00187
25.5160,-0.00532,0.00456,0.00187
25.5200,-0.00531,0.00456,0.00187
25.5240,-0.00531,0.00457,0.00187
25.5280,-0.00530,0.00458,0.00187
25.5360,-0.00530,0.00460,0.00187
25.5400,-0.00530,0.00461,0.00188
25.5440,-0.00530,0.00461,0.00188
25.5480,-0.00529,0.00468,0.00197
25.5560,-0.00538,0.00464,0.00197
25.5640,-0.00548,0.00458,0.00197
25.5680,-0.00555,0.00454,0.00197
25.5720,-0.00563,0.00450,0.00196
25.5760,-0.00568,0.00448,0.00196
25.5800,-0.00578,0.00441,0.00195
25.5840,-0.00584,0.00439,0.00194
25.5880,-0.00594,0.00432,0.00194
25.5920,-0.00602,0.00427,0.00193
25.5960,-0.00610,0.00423,0.00193
25.6040,-0.00619,0.00418,0.00192
25.6080,-0.00629,0.00410,0.00192
25.6160,-0.00639,0.00403,0.00192
25.6200,-0.00647,0.00398,0.00192
25.6240,-0.00655,0.00393,0.00192
25.6280,-0.00657,0.00391,0.00192
25.6320,-0.00660,0.00388,0.00192
25.6360,-0.00677,0.00367,0.00197
25.6440,-0.00678,0.00367,0.00200
25.6480,-0.00679,0.00369,0.00202
25.6520,-0.00679,0.00370,0.00204
25.6560,-0.00679,0.00372,0.00206
25.6560,-0.00677,0.00375,0.00207
25.6680,-0.00682,0.00373,0.00212
25.6720,-0.00680,0.00376,0.00213
25.6800,-0.00685,0.00374,0.00218
25.6840,-0.00685,0.00376,0.00220
25.6880,-0.00685,0.00377,0.00222
25.6960,-0.00687,0.00378,0.00226
25.7000,-0.00686,0.00379,0.00228
25.7040,-0.00686,0.00381,0.00230
25.7080,-0.00686,0.00383,0.00233
25.7120,-0.00686,0.00384,0.00235
25.7200,-0.00688,0.00382,0.00238
25.7240,-0.00690,0.00380,0.00240
25.7280,-0.00690,0.00380,0.00240
25.7360,-0.00692,0.00377,0.00244
25.7400,-0.00697,0.00365,0.00258
25.7440,-0.00701,0.00363,0.00253
25.7440,-0.00704,0.00361,0.00249
25.7520,-0.00711,0.00357,0.00245
25.7560,-0.00712,0.00356,0.00240
25.7600,-0.00716,0.00353,0.00236
25.7640,-0.00722,0.00349,0.00232
25.7680,-0.00726,0.00347,0.00228
25.7680,-0.00727,0.00346,0.00223
25.7800,-0.00734,0.00342,0.00219
25.7840,-0.00741,0.00339,0.00215
25.7880,-0.00745,0.00337,0.00211
25.7920,-0.00749,0.00336,0.00207
25.7960,-0.00753,0.00334,0.00204
25.8000,-0.00758,0.00332,0.00200
25.8040,-0.00762,0.00331,0.00197
25.8080,-0.00765,0.00330,0.00199
25.8160,-0.00771,0.00328,0.00202
25.8200,-0.00771,0.00328,0.00202
25.8240,-0.00774,0.00327,0.00203
25.8280,-0.00780,0.00325,0.00206
25.8320,-0.00783,0.00324,0.00207
25.8360,-0.00786,0.00324,0.00208
25.8400,-0.00789,0.00323,0.00210
25.8440,-0.00793,0.00323,0.00211
25.8480,-0.00796,0.00322,0.00213
25.8520,-0.00799,0.00322,0.00215
25.8600,-0.00805,0.00321,0.00219
25.8640,-0.00808,0.00321,0.00220
25.8720,-0.00831,0.00320,0.00237
25.8760,-0.00830,0.00323,0.00235
25.8840,-0.00831,0.00326,0.00233
25.8880,-0.00830,0.00329,0.00230
25.8920,-0.00829,0.00333,0.00228
25.8960,-0.00828,0.00337,0.00225
25.9000,-0.00827,0.00341,0.00223
25.9040,-0.00825,0.00345,0.00220
25.9080,-0.00824,0.00348,0.00218
25.9160,-0.00825,0.00353,0.00217
25.9200,-0.00824,0.00356,0.00215
25.9280,-0.00824,0.00360,0.00214
25.9360,-0.00825,0.00363,0.00214
25.9400,-0.00823,0.00367,0.00212
25.9400,-0.00822,0.00370,0.00210
25.9480,-0.00820,0.00373,0.00208
25.9520,-0.00822,0.00373,0.00210
25.9560,-0.00824,0.00373,0.00211
25.9600,-0.00826,0.00373,0.00213
25.9640,-0.00828,0.00373,0.00215
25.9680,-0.00830,0.00373,0.00217
25.9680,-0.00853,0.00367,0.00238
25.9760,-0.00867,0.00365,0.00235
25.9840,-0.00886,0.00359,0.00232
25.9880,-0.00901,0.00356,0.00229
25.9920,-0.00915,0.00354,0.00225
25.9960,-0.00930,0.00351,0.00222
26.0000,-0.00944,0.00349,0.00219
26.0040,-0.00962,0.00344,0.00216
26.0080,-0.00972,0.00345,0.00212
26.0160,-0.00986,0.00343,0.00208
26.0200,-0.01004,0.00337,0.00205
26.0240,-0.01018,0.00335,0.00202
26.0280,-0.01028,0.00336,0.00197
26.0360,-0.01050,0.00327,0.00196
26.0400,-0.01064,0.00324,0.00193
26.0480,-0.01082,0.00318,0.00191
26.0520,-0.01087,0.00315,0.00193
26.0560,-0.01091,0.00311,0.00194
26.0640,-0.01100,0.00305,0.00197
26.0680,-0.01104,0.00301,0.00199
26.0720,-0.01144,0.00274,0.00213
26.0720,-0.01144,0.00286,0.00212
26.0800,-0.01145,0.00299,0.00211
26.0840,-0.01146,0.00312,0.00210
26.0880,-0.01146,0.00324,0.00209
26.0920,-0.01147,0.00336,0.00207
26.1000,-0.01147,0.00349,0.00206
26.1040,-0.01151,0.00360,0.00206
26.1080,-0.01148,0.00373,0.00203
26.1160,-0.01155,0.00383,0.00205
26.1200,-0.01156,0.00395,0.00204
26.1280,-0.01160,0.00406,0.00204
26.1320,-0.01161,0.00419,0.00203
26.1360,-0.01161,0.00431,0.00202
26.1400,-0.01162,0.00443,0.00200
26.1440,-0.01163,0.00455,0.00199
26.1480,-0.01167,0.00453,0.00201
26.1520,-0.01170,0.00452,0.00202
26.1560,-0.01174,0.00451,0.00204
26.1600,-0.01177,0.00449,0.00206
26.1640,-0.01180,0.00448,0.00208
26.1680,-0.01184,0.00447,0.00209
26.1720,-0.01187,0.00445,0.00211
26.1800,-0.01194,0.00443,0.00215
26.1840,-0.01236,0.00421,0.00241
26.1880,-0.01252,0.00427,0.00242
26.1920,-0.01261,0.00438,0.00241
26.1960,-0.01284,0.00440,0.00245
26.2000,-0.01300,0.00446,0.00247
26.2080,-0.01323,0.00449,0.00250
26.2120,-0.01338,0.00456,0.00251
26.2160,-0.01353,0.00463,0.00253
26.2240,-0.01374,0.00466,0.00256
26.2280,-0.01389,0.00473,0.00257
26.2320,-0.01403,0.00481,0.00258
26.2360,-0.01418,0.00488,0.00260
26.2400,-0.01433,0.00495,0.00261
26.2400,-0.01448,0.00503,0.00262
26.2480,-0.01464,0.00510,0.00263
26.2520,-0.01479,0.00517,0.00264
26.2600,-0.01490,0.00510,0.00269
26.2640,-0.01496,0.00506,0.00271
26.2680,-0.01496,0.00506,0.00271
26.2720,-0.01508,0.00499,0.00276
26.2760,-0.01514,0.00495,0.00279
26.2800,-0.01514,0.00495,0.00279
26.2840,-0.01525,0.00488,0.00284
26.2880,-0.01531,0.00484,0.00287
26.2960,-0.01542,0.00477,0.00293
26.3000,-0.01547,0.00473,0.00297
26.3040,-0.01590,0.00455,0.00323
26.3160,-0.01527,0.00447,0.00312
26.3200,-0.01460,0.00435,0.00301
26.3240,-0.01394,0.00423,0.00289
26.3320,-0.01332,0.00415,0.00278
26.3360,-0.01265,0.00403,0.00267
26.3400,-0.01195,0.00387,0.00255
26.3480,-0.01133,0.00379,0.00245
26.3520,-0.01071,0.00372,0.00235
26.3560,-0.01005,0.00360,0.00224
26.3600,-0.00934,0.00344,0.00211
26.3640,-0.00872,0.00337,0.00202
26.3680,-0.00806,0.00325,0.00190
26.3720,-0.00740,0.00313,0.00179
26.3800,-0.00678,0.00304,0.00169
26.3840,-0.00612,0.00292,0.00157
26.3880,-0.00617,0.00295,0.00158
26.3920,-0.00621,0.00299,0.00158
26.3960,-0.00626,0.00302,0.00159
26.4000,-0.00630,0.00305,0.00159
26.4080,-0.00639,0.00312,0.00161
26.4120,-0.00644,0.00316,0.00162
26.4160,-0.00698,0.00355,0.00167
26.4200,-0.00807,0.00421,0.00187
26.4240,-0.00916,0.00488,0.00207
26.4280,-0.01026,0.00554,0.00228
26.4320,-0.01135,0.00620,0.00248
26.4400,-0.01244,0.00686,0.00269
26.4400,-0.01354,0.00753,0.00290
26.4480,-0.01474,0.00824,0.00315
26.4520,-0.01584,0.00890,0.00336
26.4560,-0.01694,0.00956,0.00357
26.4600,-0.01804,0.01022,0.00378
26.4600,-0.01904,0.01083,0.00395
26.4680,-0.02025,0.01154,0.00421
26.4720,-0.02135,0.01219,0.00442
26.4720,-0.02235,0.01281,0.00459
26.4840,-0.02367,0.01355,0.00489
26.4880,-0.02377,0.01359,0.00493
26.4920,-0.02387,0.01363,0.00497
26.4960,-0.02397,0.01367,0.00501
26.5000,-0.02408,0.01371,0.00505
26.5000,-0.02408,0.01371,0.00505
26.5080,-0.02418,0.01376,0.00509
26.5120,-0.02428,0.01380,0.00513
26.5160,-0.02449,0.01388,0.00522
26.5240,-0.02470,0.01395,0.00530
26.5280,-0.02481,0.01399,0.00534
26.5320,-0.02491,0.01402,0.00538
26.5360,-0.02502,0.01406,0.00543
26.5400,-0.02513,0.01409,0.00547
26.5400,-0.02523,0.01412,0.00551
26.5480,-0.02534,0.01416,0.00556
26.5520,-0.02679,0.01452,0.00611
26.5600,-0.02694,0.01467,0.00614
26.5640,-0.02696,0.01478,0.00613
26.5680,-0.02699,0.01488,0.00613
26.5800,-0.02724,0.01506,0.00621
26.5840,-0.02726,0.01516,0.00620
26.5880,-0.02718,0.01522,0.00615
26.5920,-0.02732,0.01536,0.00619
26.5960,-0.02734,0.01547,0.00619
26.6000,-0.02737,0.01557,0.00619
26.6040,-0.02740,0.01567,0.00619
26.6120,-0.02754,0.01581,0.00624
26.6160,-0.02757,0.01591,0.00623
26.6200,-0.02760,0.01601,0.00623
26.6280,-0.02773,0.01614,0.00627
26.6320,-0.02775,0.01624,0.00626
26.6360,-0.02786,0.01628,0.00631
26.6400,-0.02877,0.01658,0.00667
26.6440,-0.02857,0.01653,0.00662
26.6520,-0.02836,0.01649,0.00657
26.6560,-0.02810,0.01643,0.00650
26.6600,-0.02784,0.01637,0.00643
26.6640,-0.02758,0.01631,0.00636
26.6680,-0.02732,0.01625,0.00629
26.6720,-0.02700,0.01617,0.00620
26.6760,-0.02674,0.01611,0.00613
26.6840,-0.02659,0.01609,0.00613
26.6880,-0.02633,0.01603,0.00607
26.6920,-0.02607,0.01597,0.00601
26.6960,-0.02581,0.01591,0.00595
26.7000,-0.02549,0.01583,0.00585
26.7040,-0.02528,0.01579,0.00582
26.7080,-0.02501,0.01572,0.00576
26.7160,-0.02511,0.01576,0.00582
26.7200,-0.02515,0.01578,0.00585
26.7240,-0.02520,0.01580,0.00588
26.7280,-0.02525,0.01581,0.00591
26.7320,-0.02530,0.01583,0.00594
26.7360,-0.02572,0.01592,0.00614
26.7400,-0.02575,0.01582,0.00602
26.7440,-0.02573,0.01571,0.00589
26.7520,-0.02587,0.01562,0.00579
26.7600,-0.02596,0.01553,0.00568
26.7640,-0.02598,0.01542,0.00555
26.7680,-0.02601,0.01532,0.00543
26.7720,-0.02604,0.01521,0.00531
26.7800,-0.02612,0.01511,0.00521
26.7840,-0.02615,0.01500,0.00509
26.7880,-0.02618,0.01489,0.00497
26.7880,-0.02615,0.01478,0.00484
26.7920,-0.02618,0.01466,0.00472
26.8000,-0.02627,0.01455,0.00462
26.8040,-0.02630,0.01443,0.00450
26.8080,-0.02632,0.01432,0.00439
26.8120,-0.02638,0.01431,0.00441
26.8160,-0.02644,0.01430,0.00442
26.8200,-0.02650,0.01429,0.00444
26.8280,-0.02661,0.01427,0.00448
26.8360,-0.02672,0.01424,0.00452
26.8400,-0.02729,0.01408,0.00475
26.8480,-0.02720,0.01408,0.00477
26.8560,-0.02713,0.01407,0.00478
26.8640,-0.02699,0.01407,0.00477
26.8680,-0.02691,0.01407,0.00477
26.8720,-0.02677,0.01407,0.00476
26.8760,-0.02663,0.01407,0.00475
26.8840,-0.02654,0.01407,0.00475
26.8880,-0.02639,0.01406,0.00474
26.8920,-0.02620,0.01407,0.00472
26.8960,-0.02610,0.01406,0.00472
26.9000,-0.02595,0.01406,0.00471
26.9040,-0.02581,0.01406,0.00471
26.9040,-0.02566,0.01406,0.00470
26.9120,-0.02551,0.01405,0.00470
26.9160,-0.02532,0.01406,0.00468
26.9200,-0.02542,0.01405,0.00470
26.9280,-0.02552,0.01404,0.00473
26.9320,-0.02557,0.01403,0.00474
26.9360,-0.02562,0.01402,0.00475
26.9400,-0.02566,0.01402,0.00477
26.9440,-0.02566,0.01402,0.00477
26.9480,-0.02611,0.01387,0.00490
26.9520,-0.02574,0.01366,0.00486
26.9560,-0.02538,0.01345,0.00483
26.9600,-0.02502,0.01327,0.00479
26.9640,-0.02465,0.01303,0.00477
26.9680,-0.02429,0.01282,0.00473
26.9720,-0.02392,0.01260,0.00470
26.9800,-0.02354,0.01235,0.00466
26.9840,-0.02317,0.01214,0.00463
26.9880,-0.02280,0.01192,0.00459
26.9920,-0.02242,0.01170,0.00455
26.9920,-0.02206,0.01152,0.00451
27.0000,-0.02168,0.01125,0.00447
27.0040,-0.02131,0.01103,0.00443
27.0040,-0.02095,0.01085,0.00439
27.0120,-0.02058,0.01063,0.00435
27.0160,-0.02057,0.01054,0.00435
27.0240,-0.02055,0.01044,0.00435
27.0240,-0.02055,0.01044,0.00435
27.0240,-0.02055,0.01039,0.00434
27.0360,-0.02054,0.01030,0.00434
27.0400,-0.02054,0.01030,0.00434
27.0440,-0.02049,0.00985,0.00432
27.0520,-0.02057,0.01005,0.00429
27.0560,-0.02065,0.01028,0.00426
27.0600,-0.02072,0.01051,0.00423
27.0680,-0.02079,0.01071,0.00421
27.0720,-0.02087,0.01094,0.00418
27.0800,-0.02094,0.01115,0.00415
27.0840,-0.02102,0.01137,0.00412
27.0880,-0.02110,0.01160,0.00409
27.0880,-0.02118,0.01185,0.00406
27.0960,-0.02125,0.01206,0.00403
27.1000,-0.02132,0.01228,0.00400
27.1080,-0.02139,0.01249,0.00397
27.1120,-0.02147,0.01272,0.00394
27.1160,-0.02155,0.01295,0.00390
27.1200,-0.02162,0.01318,0.00387
27.1280,-0.02161,0.01314,0.00388
27.1320,-0.02160,0.01312,0.00388
27.1360,-0.02159,0.01311,0.00388
27.1360,-0.02159,0.01311,0.00388
27.1440,-0.02158,0.01309,0.00388
27.1520,-0.02155,0.01303,0.00389
27.1560,-0.02154,0.01301,0.00390
27.1640,-0.02152,0.01297,0.00391
27.1680,-0.02150,0.01295,0.00391
27.1680,-0.02150,0.01295,0.00391
27.1800,-0.02147,0.01290,0.00393
27.1880,-0.02130,0.01268,0.00398
27.1920,-0.02136,0.01270,0.00394
27.1960,-0.02142,0.01273,0.00391
27.2000,-0.02149,0.01276,0.00388
27.2040,-0.02155,0.01279,0.00385
27.2120,-0.02160,0.01282,0.00381
27.2160,-0.02166,0.01285,0.00378
27.2240,-0.02171,0.01287,0.00373
27.2280,-0.02177,0.01290,0.00370
27.2320,-0.02183,0.01293,0.00366
27.2360,-0.02189,0.01296,0.00363
27.2440,-0.02194,0.01297,0.00359
27.2480,-0.02200,0.01300,0.00356
27.2560,-0.02204,0.01300,0.00352
27.2640,-0.02208,0.01299,0.00349
27.2680,-0.02214,0.01301,0.00346
27.2720,-0.02213,0.01298,0.00345
27.2800,-0.02211,0.01295,0.00345
27.2840,-0.02208,0.01289,0.00343
27.2880,-0.02184,0.01239,0.00339
27.2920,-0.02160,0.01235,0.00343
27.2960,-0.02137,0.01232,0.00347
27.3000,-0.02113,0.01228,0.00351
27.3080,-0.02088,0.01223,0.00356
27.3120,-0.02064,0.01219,0.00360
27.3160,-0.02041,0.01216,0.00364
27.3200,-0.02017,0.01212,0.00368
27.3240,-0.01993,0.01209,0.00372
27.3280,-0.01969,0.01206,0.00377
27.3320,-0.01945,0.01202,0.00381
27.3360,-0.01923,0.01199,0.00384
27.3400,-0.01896,0.01196,0.00390
27.3480,-0.01869,0.01192,0.00395
27.3520,-0.01844,0.01188,0.00400
27.3560,-0.01819,0.01185,0.00405
27.3640,-0.01812,0.01184,0.00407
27.3680,-0.01809,0.01184,0.00409
27.3760,-0.01802,0.01184,0.00411
27.3800,-0.01798,0.01183,0.00412
27.3840,-0.01794,0.01183,0.00413
27.3880,-0.01744,0.01182,0.00423
27.3920,-0.01749,0.01185,0.00424
27.3960,-0.01754,0.01187,0.00425
27.4000,-0.01763,0.01190,0.00425
27.4040,-0.01765,0.01192,0.00427
27.4120,-0.01767,0.01195,0.00429
27.4160,-0.01771,0.01197,0.00430
27.4200,-0.01776,0.01200,0.00431
27.4240,-0.01780,0.01202,0.00431
27.4280,-0.01784,0.01205,0.00432
27.4280,-0.01788,0.01207,0.00433
27.4360,-0.01791,0.01210,0.00434
27.4400,-0.01795,0.01212,0.00434
27.4440,-0.01798,0.01213,0.00435
27.4440,-0.01807,0.01216,0.00435
27.4520,-0.01810,0.01218,0.00436
27.4600,-0.01796,0.01215,0.00437
27.4640,-0.01791,0.01215,0.00437
27.4720,-0.01781,0.01213,0.00438
27.4760,-0.01781,0.01213,0.00438
27.4800,-0.01776,0.01212,0.00438
27.4880,-0.01709,0.01198,0.00447
27.4920,-0.01711,0.01203,0.00452
27.4960,-0.01713,0.01208,0.00458
27.5000,-0.01716,0.01213,0.00464
27.5040,-0.01723,0.01218,0.00468
27.5040,-0.01725,0.01222,0.00474
27.5120,-0.01727,0.01227,0.00479
27.5160,-0.01724,0.01231,0.00486
27.5240,-0.01726,0.01235,0.00491
27.5320,-0.01716,0.01238,0.00498
27.5360,-0.01717,0.01242,0.00503
27.5400,-0.01719,0.01246,0.00508
27.5480,-0.01715,0.01249,0.00514
27.5560,-0.01711,0.01252,0.00520
27.5600,-0.01713,0.01257,0.00525
27.5640,-0.01715,0.01261,0.00530
27.5680,-0.01709,0.01260,0.00531
27.5720,-0.01703,0.01258,0.00531
27.5760,-0.01698,0.01257,0.00532
27.5840,-0.01687,0.01254,0.00533
27.5880,-0.01623,0.01238,0.00540
27.5920,-0.01627,0.01232,0.00535
27.5960,-0.01630,0.01227,0.00530
27.6000,-0.01634,0.01221,0.00526
27.6040,-0.01641,0.01217,0.00522
27.6120,-0.01637,0.01207,0.00516
27.6160,-0.01640,0.01201,0.00511
27.6200,-0.01644,0.01196,0.00506
27.6240,-0.01647,0.01190,0.00501
27.6320,-0.01647,0.01182,0.00497
27.6360,-0.01650,0.01177,0.00493
27.6360,-0.01653,0.01171,0.00488
27.6400,-0.01656,0.01165,0.00484
27.6480,-0.01659,0.01160,0.00480
27.6520,-0.01662,0.01154,0.00476
27.6560,-0.01665,0.01149,0.00472
27.6600,-0.01661,0.01147,0.00472
27.6640,-0.01661,0.01147,0.00472
27.6720,-0.01649,0.01144,0.00472
27.6760,-0.01644,0.01142,0.00472
27.6800,-0.01640,0.01141,0.00472
27.6840,-0.01636,0.01140,0.00471
27.6880,-0.01582,0.01127,0.00472
27.6920,-0.01583,0.01126,0.00471
27.6960,-0.01584,0.01124,0.00470
27.7040,-0.01582,0.01122,0.00470
27.7120,-0.01580,0.01119,0.00470
27.7200,-0.01578,0.01116,0.00469
27.7240,-0.01579,0.01114,0.00468
27.7280,-0.01580,0.01112,0.00467
27.7320,-0.01581,0.01110,0.00466
27.7360,-0.01582,0.01108,0.00464
27.7440,-0.01580,0.01105,0.00464
27.7480,-0.01584,0.01105,0.00462
27.7520,-0.01582,0.01102,0.00463
27.7560,-0.01584,0.01100,0.00462
27.7600,-0.01585,0.01098,0.00461
27.7680,-0.01586,0.01096,0.00460
27.7720,-0.01580,0.01093,0.00462
27.7720,-0.01577,0.01091,0.00463
27.7800,-0.01574,0.01090,0.00464
27.7840,-0.01571,0.01088,0.00464
27.7920,-0.01565,0.01084,0.00466
27.8000,-0.01559,0.01080,0.00469
27.8040,-0.01556,0.01078,0.00470
27.8080,-0.01553,0.01076,0.00471
27.8120,-0.01550,0.01074,0.00472
27.8160,-0.01516,0.01047,0.00486
27.8200,-0.01530,0.01056,0.00481
27.8240,-0.01544,0.01066,0.00477
27.8280,-0.01558,0.01075,0.00473
27.8320,-0.01572,0.01085,0.00469
27.8400,-0.01585,0.01094,0.00465
27.8440,-0.01599,0.01104,0.00460
27.8480,-0.01613,0.01113,0.00456
27.8520,-0.01626,0.01123,0.00452
27.8560,-0.01640,0.01132,0.00447
27.8600,-0.01654,0.01141,0.00443
27.8680,-0.01665,0.01150,0.00438
27.8720,-0.01679,0.01159,0.00434
27.8760,-0.01695,0.01169,0.00429
27.8840,-0.01703,0.01175,0.00423
27.8920,-0.01715,0.01182,0.00418
27.8960,-0.01713,0.01180,0.00417
27.9000,-0.01711,0.01178,0.00417
27.9040,-0.01707,0.01174,0.00415
27.9120,-0.01705,0.01172,0.00415
27.9160,-0.01703,0.01170,0.00414
27.9200,-0.01701,0.01167,0.00413
27.9240,-0.01700,0.01165,0.00412
27.9280,-0.01698,0.01162,0.00411
27.9360,-0.01694,0.01156,0.00410
27.9400,-0.01692,0.01153,0.00409
27.9480,-0.01689,0.01147,0.00407
27.9480,-0.01665,0.01099,0.00397
27.9600,-0.01666,0.01096,0.00403
27.9640,-0.01673,0.01103,0.00409
27.9680,-0.01677,0.01103,0.00414
27.9760,-0.01680,0.01103,0.00420
27.9800,-0.01686,0.01107,0.00426
27.9840,-0.01692,0.01111,0.00432
27.9880,-0.01699,0.01118,0.00438
27.9920,-0.01703,0.01118,0.00443
27.9920,-0.01709,0.01122,0.00448
27.9960,-0.01715,0.01125,0.00454
28.0040,-0.01720,0.01129,0.00459
28.0120,-0.01726,0.01133,0.00464
28.0120,-0.01732,0.01136,0.00469
28.0200,-0.01737,0.01140,0.00474
28.0240,-0.01741,0.01139,0.00479
28.0280,-0.01739,0.01134,0.00478
28.0320,-0.01713,0.01067,0.00459
28.0360,-0.01713,0.01068,0.00462
28.0400,-0.01712,0.01065,0.00464
28.0440,-0.01712,0.01066,0.00467
28.0480,-0.01712,0.01068,0.00470
28.0560,-0.01712,0.01069,0.00473
28.0600,-0.01713,0.01070,0.00475
28.0640,-0.01711,0.01067,0.00478
28.0680,-0.01713,0.01073,0.00481
28.0800,-0.01711,0.01065,0.00482
28.0840,-0.01712,0.01066,0.00484
28.0920,-0.01711,0.01061,0.00486
28.0960,-0.01713,0.01067,0.00489
28.1000,-0.01712,0.01063,0.00491
28.1040,-0.01713,0.01064,0.00493
28.1080,-0.01713,0.01065,0.00496
28.1120,-0.01712,0.01060,0.00496
28.1160,-0.01711,0.01055,0.00495
28.1200,-0.01710,0.01050,0.00495
28.1200,-0.01709,0.01046,0.00494
28.1280,-0.01708,0.01041,0.00493
28.1280,-0.01708,0.01041,0.00493
28.1360,-0.01706,0.01031,0.00491
28.1400,-0.01706,0.01031,0.00491
28.1440,-0.01704,0.01021,0.00489
28.1480,-0.01703,0.01015,0.00489
28.1520,-0.01702,0.00942,0.00477
28.1560,-0.01705,0.00957,0.00479
28.1600,-0.01709,0.00969,0.00481
28.1680,-0.01712,0.00984,0.00483
28.1720,-0.01716,0.00999,0.00486
28.1800,-0.01719,0.01011,0.00489
28.1880,-0.01722,0.01023,0.00492
28.1920,-0.01726,0.01039,0.00495
28.1960,-0.01729,0.01054,0.00497
28.2000,-0.01733,0.01069,0.00500
28.2040,-0.01737,0.01084,0.00503
28.2120,-0.01740,0.01095,0.00506
28.2120,-0.01744,0.01114,0.00508
28.2240,-0.01745,0.01121,0.00512
28.2280,-0.01748,0.01136,0.00515
28.2320,-0.01751,0.01151,0.00517
28.2400,-0.01749,0.01143,0.00519
28.2440,-0.01748,0.01139,0.00519
28.2480,-0.01747,0.01136,0.00520
28.2520,-0.01746,0.01132,0.00521
28.2560,-0.01746,0.01132,0.00521
28.2560,-0.01727,0.01071,0.00530
28.2600,-0.01734,0.01061,0.00531
28.2720,-0.01740,0.01051,0.00532
28.2720,-0.01746,0.01047,0.00532
28.2800,-0.01753,0.01043,0.00532
28.2840,-0.01759,0.01039,0.00532
28.2920,-0.01766,0.01035,0.00533
28.2960,-0.01771,0.01025,0.00534
28.2960,-0.01779,0.01028,0.00533
28.3040,-0.01784,0.01017,0.00534
28.3080,-0.01790,0.01013,0.00534
28.3120,-0.01797,0.01008,0.00534
28.3160,-0.01805,0.01011,0.00533
28.3200,-0.01810,0.01000,0.00533
28.3280,-0.01815,0.00989,0.00534
28.3320,-0.01822,0.00985,0.00534
28.3360,-0.01821,0.00978,0.00534
28.3400,-0.01810,0.00921,0.00538
28.3440,-0.01815,0.00942,0.00536
28.3480,-0.01819,0.00958,0.00534
28.3520,-0.01823,0.00977,0.00532
28.3600,-0.01826,0.00992,0.00530
28.3640,-0.01829,0.01010,0.00528
28.3680,-0.01835,0.01031,0.00525
28.3680,-0.01838,0.01049,0.00523
28.3800,-0.01837,0.01062,0.00521
28.3840,-0.01840,0.01080,0.00518
28.3880,-0.01843,0.01098,0.00516
28.3920,-0.01846,0.01116,0.00514
28.4000,-0.01846,0.01132,0.00511
28.4080,-0.01847,0.01148,0.00508
28.4080,-0.01852,0.01169,0.00506
28.4160,-0.01853,0.01185,0.00503
28.4200,-0.01851,0.01182,0.00503
28.4240,-0.01849,0.01179,0.00502
28.4280,-0.01846,0.01175,0.00501
28.4320,-0.01844,0.01172,0.00501
28.4400,-0.01839,0.01166,0.00499
28.4400,-0.01839,0.01166,0.00499
28.4520,-0.01807,0.01119,0.00487
28.4600,-0.01816,0.01118,0.00485
28.4640,-0.01828,0.01126,0.00483
28.4680,-0.01837,0.01125,0.00482
28.4720,-0.01847,0.01128,0.00480
28.4800,-0.01855,0.01127,0.00479
28.4840,-0.01866,0.01131,0.00477
28.4880,-0.01878,0.01139,0.00476
28.4920,-0.01886,0.01139,0.00474
28.4960,-0.01896,0.01143,0.00473
28.5000,-0.01909,0.01151,0.00471
28.5040,-0.01919,0.01155,0.00470
28.5080,-0.01926,0.01155,0.00469
28.5120,-0.01937,0.01158,0.00468
28.5160,-0.01947,0.01162,0.00467
28.5240,-0.01955,0.01162,0.00467
28.5320,-0.01950,0.01153,0.00468
28.5360,-0.01948,0.01149,0.00469
28.5440,-0.01930,0.01105,0.00478
28.5480,-0.01907,0.01090,0.00476
28.5520,-0.01887,0.01077,0.00474
28.5520,-0.01868,0.01068,0.00472
28.5600,-0.01847,0.01056,0.00469
28.5640,-0.01825,0.01041,0.00467
28.5680,-0.01804,0.01029,0.00465
28.5760,-0.01781,0.01014,0.00464
28.5800,-0.01762,0.01005,0.00461
28.5840,-0.01739,0.00990,0.00461
28.5880,-0.01718,0.00977,0.00459
28.5920,-0.01697,0.00965,0.00457
28.6000,-0.01673,0.00949,0.00457
28.6040,-0.01652,0.00937,0.00455
28.6080,-0.01630,0.00924,0.00454
28.6120,-0.01608,0.00912,0.00452
28.6200,-0.01602,0.00907,0.00454
28.6240,-0.01599,0.00904,0.00455
28.6280,-0.01599,0.00904,0.00455
28.6360,-0.01590,0.00895,0.00458
28.6360,-0.01587,0.00892,0.00458
28.6400,-0.01584,0.00889,0.00459
28.6480,-0.01543,0.00852,0.00469
28.6520,-0.01538,0.00852,0.00473
28.6600,-0.01529,0.00849,0.00480
28.6640,-0.01524,0.00849,0.00484
28.6720,-0.01515,0.00845,0.00491
28.6800,-0.01510,0.00845,0.00496
28.6840,-0.01501,0.00841,0.00503
28.6880,-0.01499,0.00843,0.00505
28.6920,-0.01490,0.00839,0.00512
28.6960,-0.01487,0.00841,0.00514
28.7000,-0.01478,0.00836,0.00521
28.7040,-0.01472,0.00834,0.00526
28.7080,-0.01466,0.00833,0.00530
28.7120,-0.01460,0.00831,0.00535
28.7160,-0.01454,0.00829,0.00539
28.7200,-0.01447,0.00827,0.00544
28.7200,-0.01447,0.00827,0.00544
28.7280,-0.01439,0.00819,0.00549
28.7320,-0.01436,0.00815,0.00552
28.7400,-0.01400,0.00775,0.00575
28.7440,-0.01426,0.00796,0.00578
28.7480,-0.01455,0.00821,0.00579
28.7520,-0.01484,0.00846,0.00581
28.7560,-0.01513,0.00871,0.00583
28.7600,-0.01542,0.00897,0.00585
28.7640,-0.01571,0.00922,0.00586
28.7680,-0.01600,0.00948,0.00588
28.7720,-0.01628,0.00973,0.00590
28.7800,-0.01657,0.00999,0.00592
28.7840,-0.01683,0.01020,0.00594
28.7880,-0.01713,0.01046,0.00596
28.7920,-0.01739,0.01067,0.00598
28.8000,-0.01772,0.01096,0.00599
28.8000,-0.01801,0.01121,0.00600
28.8080,-0.01827,0.01142,0.00602
28.8120,-0.01824,0.01138,0.00602
28.8160,-0.01821,0.01134,0.00603
28.8200,-0.01818,0.01129,0.00603
28.8280,-0.01810,0.01121,0.00605
28.8320,-0.01807,0.01116,0.00605
28.8360,-0.01803,0.01112,0.00606
28.8400,-0.01799,0.01108,0.00607
28.8440,-0.01750,0.01063,0.00620
28.8480,-0.01762,0.01078,0.00614
28.8520,-0.01771,0.01090,0.00609
28.8560,-0.01776,0.01100,0.00604
28.8600,-0.01785,0.01112,0.00599
28.8640,-0.01794,0.01124,0.00593
28.8680,-0.01807,0.01138,0.00588
28.8720,-0.01813,0.01147,0.00583
28.8800,-0.01822,0.01159,0.00577
28.8840,-0.01828,0.01168,0.00571
28.8920,-0.01838,0.01180,0.00566
28.8960,-0.01847,0.01192,0.00561
28.9000,-0.01856,0.01204,0.00555
28.9040,-0.01863,0.01213,0.00550
28.9080,-0.01875,0.01227,0.00544
28.9120,-0.01881,0.01236,0.00539
28.9160,-0.01878,0.01233,0.00539
28.9240,-0.01871,0.01226,0.00539
28.9240,-0.01871,0.01226,0.00539
28.9320,-0.01864,0.01218,0.00537
28.9360,-0.01860,0.01214,0.00536
28.9400,-0.01824,0.01175,0.00525
28.9440,-0.01834,0.01181,0.00526
28.9440,-0.01844,0.01187,0.00526
28.9520,-0.01855,0.01193,0.00527
28.9560,-0.01865,0.01200,0.00528
28.9600,-0.01875,0.01206,0.00529
28.9640,-0.01885,0.01212,0.00530
28.9680,-0.01899,0.01222,0.00531
28.9720,-0.01905,0.01224,0.00531
28.9800,-0.01911,0.01225,0.00531
28.9840,-0.01921,0.01230,0.00532
28.9880,-0.01931,0.01235,0.00532
28.9920,-0.01941,0.01241,0.00532
29.0000,-0.01947,0.01240,0.00532
29.0040,-0.01961,0.01251,0.00533
29.0080,-0.01967,0.01250,0.00534
29.0080,-0.01967,0.01250,0.00534
29.0160,-0.01959,0.01239,0.00533
29.0200,-0.01954,0.01234,0.00533
29.0200,-0.01950,0.01228,0.00533
29.0280,-0.01946,0.01223,0.00533
29.0320,-0.01941,0.01217,0.00534
29.0360,-0.01937,0.01211,0.00534
29.0400,-0.01932,0.01205,0.00534
29.0440,-0.01928,0.01200,0.00535
29.0480,-0.01866,0.01131,0.00549
29.0520,-0.01873,0.01142,0.00552
29.0560,-0.01880,0.01153,0.00556
29.0600,-0.01886,0.01165,0.00559
29.0640,-0.01892,0.01176,0.00563
29.0640,-0.01898,0.01188,0.00566
29.0720,-0.01904,0.01199,0.00570
29.0800,-0.01910,0.01211,0.00574
29.0840,-0.01910,0.01220,0.00580
29.0880,-0.01916,0.01232,0.00583
29.0960,-0.01923,0.01244,0.00587
29.1000,-0.01923,0.01253,0.00593
29.1040,-0.01929,0.01266,0.00597
29.1120,-0.01930,0.01274,0.00602
29.1160,-0.01936,0.01286,0.00606
29.1240,-0.01937,0.01295,0.00612
29.1280,-0.01931,0.01291,0.00614
29.1320,-0.01925,0.01287,0.00616
29.1360,-0.01874,0.01248,0.00629
29.1400,-0.01880,0.01246,0.00617
29.1440,-0.01885,0.01243,0.00605
29.1480,-0.01890,0.01241,0.00593
29.1520,-0.01896,0.01239,0.00580
29.1560,-0.01901,0.01236,0.00568
29.1600,-0.01906,0.01234,0.00555
29.1640,-0.01911,0.01231,0.00543
29.1720,-0.01916,0.01228,0.00531
29.1800,-0.01910,0.01216,0.00517
29.1840,-0.01915,0.01213,0.00504
29.1920,-0.01913,0.01204,0.00491
29.1960,-0.01917,0.01201,0.00478
29.2040,-0.01915,0.01192,0.00465
29.2080,-0.01926,0.01194,0.00453
29.2120,-0.01924,0.01184,0.00438
29.2200,-0.01911,0.01173,0.00436
29.2240,-0.01904,0.01167,0.00435
29.2280,-0.01897,0.01162,0.00434
29.2360,-0.01883,0.01150,0.00433
29.2440,-0.01876,0.01145,0.00434
29.2480,-0.01794,0.01091,0.00459
29.2560,-0.01781,0.01095,0.00470
29.2600,-0.01774,0.01103,0.00478
29.2640,-0.01768,0.01111,0.00488
29.2680,-0.01761,0.01120,0.00501
29.2720,-0.01755,0.01129,0.00517
29.2800,-0.01741,0.01141,0.00558
29.2840,-0.01734,0.01153,0.00581
29.2880,-0.01728,0.01165,0.00606
29.2960,-0.01714,0.01183,0.00667
29.3000,-0.01707,0.01196,0.00700
29.3040,-0.01645,0.01271,0.01061
29.3080,-0.01623,0.01261,0.01103
29.3120,-0.01601,0.01251,0.01148
29.3160,-0.01579,0.01242,0.01195
29.3200,-0.01556,0.01233,0.01243
29.3240,-0.01534,0.01225,0.01294
29.3320,-0.01511,0.01217,0.01347
29.3320,-0.01489,0.01209,0.01402
29.3400,-0.01466,0.01201,0.01458
29.3440,-0.01435,0.01204,0.01586
29.3480,-0.01412,0.01197,0.01647
29.3520,-0.01389,0.01191,0.01711
29.3600,-0.01358,0.01197,0.01853
29.3640,-0.01335,0.01192,0.01922
29.3680,-0.01312,0.01188,0.01992
29.3720,-0.01298,0.01170,0.01983
29.3760,-0.01271,0.01216,0.02232
29.3840,-0.01262,0.01232,0.02317
29.3880,-0.01254,0.01249,0.02405
29.3920,-0.01245,0.01267,0.02493
29.3960,-0.01237,0.01286,0.02583
29.4000,-0.01229,0.01305,0.02675
29.4080,-0.01220,0.01326,0.02768
29.4080,-0.01212,0.01348,0.02862
29.4120,-0.01205,0.01371,0.02957
29.4160,-0.01197,0.01394,0.03054
29.4200,-0.01189,0.01419,0.03152
29.4240,-0.01113,0.01733,0.04209
29.4280,-0.01095,0.01743,0.04291
29.4280,-0.01074,0.01693,0.04186
29.4360,-0.01055,0.01675,0.04176
29.4400,-0.01037,0.01692,0.04265
29.4400,-0.01018,0.01677,0.04258
29.4560,-0.01001,0.01740,0.04456
29.4600,-0.00982,0.01731,0.04455
29.4680,-0.00963,0.01766,0.04560
29.4720,-0.00943,0.01761,0.04561
29.4720,-0.00922,0.01758,0.04563
29.4800,-0.00902,0.01756,0.04565
29.4840,-0.00882,0.01756,0.04569
29.4880,-0.00862,0.01757,0.04574
29.4960,-0.00843,0.01813,0.04692
29.5000,-0.00823,0.01819,0.04699
29.5080,-0.00825,0.01935,0.04928
29.5120,-0.00826,0.01995,0.05043
29.5160,-0.00827,0.02056,0.05159
29.5200,-0.00828,0.02119,0.05276
29.5240,-0.00829,0.02184,0.05394
29.5280,-0.00829,0.02184,0.05394
29.5320,-0.00831,0.02319,0.05633
29.5360,-0.00832,0.02388,0.05754
29.5400,-0.00839,0.03170,0.07006
29.5480,-0.00832,0.03300,0.07201
29.5520,-0.00825,0.03351,0.07271
29.5560,-0.00817,0.03405,0.07342
29.5600,-0.00810,0.03460,0.07413
29.5680,-0.00803,0.03606,0.07618
29.5720,-0.00796,0.03667,0.07692
29.5760,-0.00789,0.03729,0.07767
29.5840,-0.00782,0.03890,0.07978
29.5880,-0.00775,0.03958,0.08056
29.5920,-0.00769,0.04028,0.08134
29.6000,-0.00761,0.04203,0.08352
29.6000,-0.00754,0.04171,0.08294
29.6080,-0.00747,0.04246,0.08374
29.6120,-0.00739,0.04431,0.08597
29.6160,-0.00732,0.04511,0.08680
29.6160,-0.00732,0.04624,0.08823
29.6240,-0.00732,0.04624,0.08823
29.6320,-0.00730,0.04973,0.09255
29.6360,-0.00730,0.05092,0.09401
29.6400,-0.00729,0.05214,0.09548
29.6440,-0.00729,0.05337,0.09696
29.6480,-0.00721,0.06937,0.11522
29.6520,-0.00709,0.07002,0.11588
29.6560,-0.00697,0.07069,0.11655
29.6600,-0.00684,0.07138,0.11722
29.6600,-0.00676,0.07069,0.11635
29.6680,-0.00659,0.07280,0.11860
29.6720,-0.00651,0.07211,0.11772
29.6800,-0.00632,0.07428,0.12000
29.6840,-0.00614,0.07651,0.12231
29.6880,-0.00600,0.07731,0.12303
29.6920,-0.00587,0.07812,0.12376
29.6960,-0.00573,0.07895,0.12450
29.7000,-0.00565,0.07827,0.12363
29.7040,-0.00546,0.08066,0.12599
29.7040,-0.00538,0.07997,0.12512
29.7080,-0.00519,0.08242,0.12751
29.7160,-0.00514,0.08401,0.12915
29.7200,-0.00509,0.08562,0.13079
29.7240,-0.00503,0.08724,0.13244
29.7240,-0.00498,0.08887,0.13409
29.7360,-0.00488,0.09218,0.13741
29.7400,-0.00484,0.09386,0.13907
29.7400,-0.00480,0.09555,0.14074
29.7480,-0.00436,0.11485,0.15926
29.7520,-0.00439,0.11516,0.15935
29.7560,-0.00441,0.11550,0.15944
29.7600,-0.00444,0.11584,0.15954
29.7640,-0.00447,0.11620,0.15964
29.7680,-0.00450,0.11657,0.15974
29.7720,-0.00456,0.11520,0.15822
29.7760,-0.00459,0.11559,0.15832
29.7840,-0.00454,0.11955,0.16173
29.7880,-0.00457,0.11998,0.16186
29.7920,-0.00460,0.12042,0.16199
29.8000,-0.00459,0.12271,0.16379
29.8000,-0.00461,0.12319,0.16393
29.8080,-0.00468,0.12183,0.16241
29.8120,-0.00466,0.12418,0.16423
29.8200,-0.00464,0.12659,0.16606
29.8240,-0.00459,0.12849,0.16774
29.8280,-0.00455,0.13040,0.16943
29.8360,-0.00445,0.13424,0.17281
29.8400,-0.00441,0.13618,0.17450
29.8440,-0.00385,0.15797,0.19336
29.8480,-0.00381,0.15862,0.19399
29.8520,-0.00376,0.15928,0.19463
29.8560,-0.00371,0.15995,0.19527
29.8600,-0.00366,0.16063,0.19592
29.8640,-0.00361,0.16132,0.19657
29.8680,-0.00356,0.16202,0.19723
29.8720,-0.00352,0.16273,0.19790
29.8800,-0.00344,0.16547,0.20032
29.8880,-0.00335,0.16824,0.20277
29.8920,-0.00331,0.16898,0.20346
29.8960,-0.00326,0.16972,0.20415
29.9000,-0.00322,0.17047,0.20485
29.9040,-0.00317,0.17122,0.20555
29.9080,-0.00313,0.17199,0.20626
29.9120,-0.00309,0.17275,0.20697
29.9120,-0.00305,0.17483,0.20876
29.9200,-0.00302,0.17692,0.21057
29.9240,-0.00298,0.17900,0.21237
29.9320,-0.00292,0.18319,0.21599
29.9360,-0.00289,0.18529,0.21781
29.9400,-0.00289,0.18529,0.21781
29.9440,-0.00283,0.18950,0.22145
29.9480,-0.00255,0.21295,0.24183
29.9520,-0.00240,0.21578,0.24422
29.9560,-0.00230,0.21649,0.24477
29.9600,-0.00220,0.21720,0.24532
29.9640,-0.00209,0.21791,0.24588
29.9680,-0.00199,0.21862,0.24644
29.9720,-0.00189,0.21934,0.24701
29.9760,-0.00179,0.22006,0.24757
29.9800,-0.00169,0.22078,0.24815
29.9880,-0.00155,0.22367,0.25060
29.9960,-0.00142,0.22656,0.25307
30.0000,-0.00132,0.22729,0.25366
30.0040,-0.00123,0.22803,0.25426
30.0080,-0.00114,0.22876,0.25486
30.0120,-0.00104,0.22950,0.25546
30.0200,-0.00092,0.23241,0.25796
30.0240,-0.00088,0.23458,0.25987
30.0280,-0.00084,0.23675,0.26178
30.0320,-0.00081,0.23891,0.26370
30.0360,-0.00077,0.24108,0.26562
30.0440,-0.00073,0.24325,0.26754
30.0480,-0.00038,0.26915,0.29081
30.0520,-0.00041,0.26995,0.29155
30.0560,-0.00043,0.27075,0.29231
30.0600,-0.00045,0.27155,0.29307
30.0640,-0.00048,0.27235,0.29383
30.0680,-0.00051,0.27315,0.29459
30.0720,-0.00054,0.27395,0.29536
30.0760,-0.00057,0.27475,0.29613
30.0800,-0.00060,0.27554,0.29691
30.0840,-0.00064,0.27633,0.29769
30.0880,-0.00067,0.27712,0.29847
