t,x,y,z
0.0000,-0.00054,0.00032,-0.00036
0.0000,-0.00056,0.00033,-0.00038
0.0080,-0.00058,0.00034,-0.00040
0.0120,-0.00063,0.00036,-0.00044
0.0160,-0.00066,0.00037,-0.00046
0.0240,-0.00071,0.00038,-0.00049
0.0280,-0.00075,0.00039,-0.00050
0.0360,-0.00081,0.00039,-0.00053
0.0400,-0.00081,0.00039,-0.00053
0.0440,-0.00084,0.00040,-0.00055
0.0520,-0.00134,0.00040,-0.00070
0.0560,-0.00135,0.00040,-0.00068
0.0600,-0.00136,0.00039,-0.00066
0.0640,-0.00137,0.00037,-0.00065
0.0680,-0.00138,0.00036,-0.00063
0.0720,-0.00136,0.00035,-0.00060
0.0760,-0.00140,0.00034,-0.00060
0.0840,-0.00144,0.00032,-0.00059
0.0880,-0.00145,0.00031,-0.00058
0.0920,-0.00146,0.00029,-0.00057
0.0960,-0.00148,0.00027,-0.00055
0.1040,-0.00152,0.00025,-0.00055
0.1080,-0.00153,0.00023,-0.00054
0.1120,-0.00155,0.00021,-0.00052
0.1160,-0.00156,0.00019,-0.00050
0.1200,-0.00157,0.00017,-0.00048
0.1240,-0.00161,0.00016,-0.00049
0.1280,-0.00165,0.00015,-0.00050
0.1320,-0.00168,0.00014,-0.00050
0.1360,-0.00168,0.00014,-0.00050
0.1400,-0.00176,0.00012,-0.00052
0.1440,-0.00214,-0.00001,-0.00055
0.1480,-0.00205,0.00000,-0.00052
0.1520,-0.00196,0.00001,-0.00049
0.1560,-0.00187,0.00002,-0.00047
0.1600,-0.00177,0.00004,-0.00044
0.1640,-0.00168,0.00005,-0.00041
0.1680,-0.00159,0.00006,-0.00037
0.1720,-0.00150,0.00007,-0.00034
0.1760,-0.00140,0.00009,-0.00031
0.1800,-0.00131,0.00010,-0.00027
0.1840,-0.00121,0.00011,-0.00024
0.1880,-0.00111,0.00012,-0.00021
0.1920,-0.00101,0.00013,-0.00016
0.1960,-0.00090,0.00014,-0.00012
0.2000,-0.00080,0.00015,-0.00007
0.2080,-0.00069,0.00016,-0.00001
0.2120,-0.00069,0.00016,-0.00001
0.2160,-0.00067,0.00015,0.00003
0.2200,-0.00067,0.00015,0.00005
0.2240,-0.00066,0.00015,0.00007
0.2280,-0.00065,0.00015,0.00009
0.2360,-0.00064,0.00015,0.00011
0.2400,-0.00063,0.00016,0.00015
0.2440,-0.00062,0.00016,0.00017
0.2520,-0.00056,0.00022,0.00038
0.2560,-0.00054,0.00022,0.00037
0.2600,-0.00051,0.00023,0.00037
0.2640,-0.00049,0.00023,0.00035
0.2680,-0.00048,0.00024,0.00034
0.2680,-0.00046,0.00024,0.00032
0.2760,-0.00044,0.00024,0.00031
0.2800,-0.00044,0.00024,0.00028
0.2840,-0.00041,0.00025,0.00028
0.2880,-0.00040,0.00025,0.00026
0.2920,-0.00038,0.00025,0.00025
0.3000,-0.00036,0.00025,0.00025
0.3000,-0.00036,0.00025,0.00022
0.3040,-0.00034,0.00025,0.00022
0.3120,-0.00033,0.00024,0.00021
0.3160,-0.00032,0.00024,0.00020
0.3200,-0.00032,0.00023,0.00021
0.3240,-0.00032,0.00023,0.00021
0.3320,-0.00032,0.00021,0.00022
0.3400,-0.00033,0.00019,0.00023
0.3440,-0.00033,0.00018,0.00024
0.3480,-0.00033,0.00017,0.00024
0.3520,-0.00033,0.00016,0.00024
0.3560,-0.00034,0.00014,0.00024
0.3640,-0.00035,0.00012,0.00024
0.3720,-0.00035,0.00011,0.00024
0.3760,-0.00041,-0.00002,0.00018
0.3800,-0.00046,-0.00002,0.00013
0.3840,-0.00049,-0.00002,0.00008
0.3880,-0.00053,-0.00002,0.00004
0.3920,-0.00057,-0.00001,-0.00000
0.3960,-0.00060,-0.00001,-0.00005
0.4000,-0.00064,-0.00001,-0.00009
0.4080,-0.00067,-0.00002,-0.00013
0.4080,-0.00071,-0.00002,-0.00017
0.4160,-0.00076,-0.00003,-0.00023
0.4200,-0.00079,-0.00003,-0.00027
0.4240,-0.00083,-0.00003,-0.00031
0.4280,-0.00087,-0.00003,-0.00036
0.4360,-0.00092,-0.00005,-0.00042
0.4400,-0.00096,-0.00005,-0.00046
0.4440,-0.00099,-0.00006,-0.00051
0.4520,-0.00101,-0.00010,-0.00054
0.4560,-0.00102,-0.00012,-0.00056
0.4640,-0.00103,-0.00016,-0.00059
0.4680,-0.00104,-0.00018,-0.00060
0.4760,-0.00104,-0.00023,-0.00063
0.4800,-0.00105,-0.00025,-0.00064
0.4880,-0.00105,-0.00029,-0.00067
0.4960,-0.00105,-0.00033,-0.00069
0.5040,-0.00103,-0.00054,-0.00072
0.5080,-0.00099,-0.00052,-0.00069
0.5120,-0.00095,-0.00050,-0.00066
0.5200,-0.00091,-0.00050,-0.00064
0.5280,-0.00087,-0.00048,-0.00062
0.5320,-0.00083,-0.00048,-0.00060
0.5360,-0.00079,-0.00047,-0.00058
0.5400,-0.00075,-0.00043,-0.00055
0.5440,-0.00071,-0.00044,-0.00053
0.5480,-0.00066,-0.00042,-0.00051
0.5520,-0.00062,-0.00041,-0.00048
0.5560,-0.00058,-0.00040,-0.00045
0.5640,-0.00053,-0.00041,-0.00043
0.5680,-0.00048,-0.00040,-0.00041
0.5720,-0.00044,-0.00039,-0.00039
0.5720,-0.00040,-0.00037,-0.00036
0.5800,-0.00039,-0.00040,-0.00037
0.5840,-0.00038,-0.00042,-0.00037
0.5920,-0.00036,-0.00046,-0.00038
0.5960,-0.00035,-0.00048,-0.00039
0.6000,-0.00035,-0.00051,-0.00039
0.6040,-0.00034,-0.00053,-0.00040
0.6080,-0.00034,-0.00053,-0.00040
0.6120,-0.00028,-0.00077,-0.00042
0.6160,-0.00028,-0.00073,-0.00041
0.6200,-0.00029,-0.00069,-0.00039
0.6240,-0.00030,-0.00065,-0.00038
0.6280,-0.00031,-0.00061,-0.00036
0.6320,-0.00032,-0.00056,-0.00035
0.6360,-0.00033,-0.00052,-0.00033
0.6400,-0.00032,-0.00049,-0.00031
0.6440,-0.00034,-0.00044,-0.00030
0.6520,-0.00032,-0.00041,-0.00027
0.6560,-0.00032,-0.00037,-0.00025
0.6600,-0.00032,-0.00032,-0.00023
0.6680,-0.00031,-0.00028,-0.00021
0.6680,-0.00032,-0.00023,-0.00020
0.6760,-0.00031,-0.00019,-0.00017
0.6800,-0.00031,-0.00015,-0.00015
0.6840,-0.00029,-0.00016,-0.00015
0.6880,-0.00029,-0.00016,-0.00015
0.6920,-0.00026,-0.00017,-0.00014
0.7000,-0.00023,-0.00018,-0.00012
0.7040,-0.00022,-0.00018,-0.00012
0.7120,-0.00019,-0.00019,-0.00010
0.7160,-0.00019,-0.00019,-0.00010
0.7200,-0.00017,-0.00019,-0.00009
0.7240,-0.00016,-0.00020,-0.00008
0.7280,-0.00016,-0.00020,-0.00008
0.7320,-0.00015,-0.00020,-0.00008
0.7360,-0.00013,-0.00024,-0.00007
0.7400,-0.00013,-0.00023,-0.00008
0.7480,-0.00013,-0.00023,-0.00009
0.7560,-0.00013,-0.00022,-0.00011
0.7600,-0.00013,-0.00022,-0.00012
0.7640,-0.00014,-0.00021,-0.00013
0.7720,-0.00014,-0.00021,-0.00015
0.7760,-0.00015,-0.00020,-0.00016
0.7800,-0.00015,-0.00020,-0.00017
0.7880,-0.00016,-0.00019,-0.00019
0.7920,-0.00016,-0.00018,-0.00020
0.8000,-0.00017,-0.00017,-0.00023
0.8080,-0.00017,-0.00015,-0.00026
0.8120,-0.00018,-0.00014,-0.00027
0.8200,-0.00018,-0.00012,-0.00030
0.8240,-0.00019,-0.00011,-0.00032
0.8280,-0.00019,-0.00011,-0.00032
0.8320,-0.00019,-0.00010,-0.00035
0.8360,-0.00019,-0.00010,-0.00039
0.8440,-0.00019,-0.00009,-0.00041
0.8520,-0.00018,-0.00008,-0.00065
0.8600,-0.00019,-0.00007,-0.00066
0.8640,-0.00020,-0.00006,-0.00067
0.8680,-0.00021,-0.00005,-0.00067
0.8720,-0.00022,-0.00004,-0.00067
0.8760,-0.00023,-0.00003,-0.00067
0.8800,-0.00025,-0.00003,-0.00067
0.8880,-0.00025,-0.00003,-0.00070
0.8960,-0.00026,-0.00003,-0.00072
0.9040,-0.00027,-0.00003,-0.00073
0.9080,-0.00027,-0.00003,-0.00076
0.9120,-0.00029,-0.00002,-0.00077
0.9200,-0.00029,-0.00002,-0.00081
0.9240,-0.00030,-0.00002,-0.00083
0.9280,-0.00031,-0.00001,-0.00085
0.9320,-0.00032,-0.00001,-0.00087
0.9360,-0.00031,-0.00001,-0.00090
0.9400,-0.00025,-0.00007,-0.00128
0.9440,-0.00026,-0.00007,-0.00126
0.9520,-0.00027,-0.00007,-0.00124
0.9560,-0.00029,-0.00006,-0.00120
0.9600,-0.00030,-0.00005,-0.00116
0.9680,-0.00030,-0.00006,-0.00115
0.9720,-0.00031,-0.00005,-0.00111
0.9760,-0.00032,-0.00005,-0.00107
0.9840,-0.00032,-0.00005,-0.00106
0.9880,-0.00033,-0.00005,-0.00102
0.9920,-0.00034,-0.00004,-0.00098
0.9960,-0.00036,-0.00004,-0.00094
1.0000,-0.00037,-0.00004,-0.00090
1.0080,-0.00038,-0.00004,-0.00089
1.0120,-0.00040,-0.00004,-0.00085
1.0160,-0.00041,-0.00003,-0.00082
1.0240,-0.00040,-0.00005,-0.00086
1.0280,-0.00039,-0.00006,-0.00089
1.0320,-0.00038,-0.00007,-0.00091
1.0400,-0.00037,-0.00008,-0.00096
1.0440,-0.00031,-0.00013,-0.00124
1.0520,-0.00033,-0.00012,-0.00118
1.0600,-0.00034,-0.00011,-0.00112
1.0640,-0.00035,-0.00010,-0.00106
1.0680,-0.00037,-0.00009,-0.00099
1.0680,-0.00038,-0.00007,-0.00092
1.0760,-0.00040,-0.00007,-0.00086
1.0800,-0.00041,-0.00006,-0.00079
1.0840,-0.00043,-0.00005,-0.00073
1.0880,-0.00045,-0.00004,-0.00066
1.0920,-0.00046,-0.00003,-0.00059
1.0960,-0.00048,-0.00002,-0.00052
1.1000,-0.00049,-0.00001,-0.00046
1.1040,-0.00051,-0.00000,-0.00039
1.1120,-0.00052,0.00000,-0.00032
1.1160,-0.00053,0.00001,-0.00025
1.1200,-0.00052,0.00000,-0.00026
1.1200,-0.00052,0.00000,-0.00026
1.1280,-0.00051,-0.00002,-0.00027
1.1320,-0.00051,-0.00002,-0.00027
1.1360,-0.00050,-0.00003,-0.00027
1.1400,-0.00041,-0.00011,-0.00029
1.1480,-0.00040,-0.00011,-0.00028
1.1520,-0.00039,-0.00011,-0.00027
1.1560,-0.00039,-0.00011,-0.00026
1.1640,-0.00038,-0.00010,-0.00026
1.1720,-0.00037,-0.00009,-0.00025
1.1760,-0.00037,-0.00009,-0.00025
1.1800,-0.00037,-0.00009,-0.00024
1.1840,-0.00037,-0.00009,-0.00024
1.1920,-0.00036,-0.00008,-0.00024
1.2000,-0.00035,-0.00008,-0.00025
1.2040,-0.00035,-0.00009,-0.00026
1.2120,-0.00034,-0.00009,-0.00026
1.2160,-0.00033,-0.00009,-0.00026
1.2200,-0.00033,-0.00009,-0.00026
1.2280,-0.00032,-0.00010,-0.00027
1.2320,-0.00031,-0.00011,-0.00028
1.2360,-0.00031,-0.00011,-0.00028
1.2400,-0.00024,-0.00020,-0.00037
1.2440,-0.00025,-0.00020,-0.00037
1.2520,-0.00024,-0.00020,-0.00039
1.2560,-0.00025,-0.00020,-0.00039
1.2640,-0.00025,-0.00019,-0.00039
1.2680,-0.00024,-0.00020,-0.00041
1.2720,-0.00024,-0.00020,-0.00042
1.2760,-0.00023,-0.00020,-0.00043
1.2800,-0.00023,-0.00020,-0.00043
1.2840,-0.00023,-0.00021,-0.00044
1.2880,-0.00023,-0.00021,-0.00044
1.2960,-0.00022,-0.00023,-0.00045
1.3000,-0.00022,-0.00024,-0.00046
1.3040,-0.00021,-0.00026,-0.00046
1.3120,-0.00022,-0.00025,-0.00046
1.3160,-0.00022,-0.00026,-0.00047
1.3240,-0.00021,-0.00028,-0.00049
1.3240,-0.00021,-0.00028,-0.00049
1.3320,-0.00020,-0.00030,-0.00051
1.3360,-0.00019,-0.00031,-0.00053
1.3400,-0.00018,-0.00032,-0.00054
1.3440,-0.00018,-0.00034,-0.00055
1.3480,-0.00015,-0.00042,-0.00071
1.3560,-0.00018,-0.00038,-0.00068
1.3600,-0.00022,-0.00034,-0.00065
1.3640,-0.00025,-0.00030,-0.00061
1.3680,-0.00029,-0.00025,-0.00058
1.3760,-0.00033,-0.00021,-0.00056
1.3840,-0.00037,-0.00016,-0.00054
1.3880,-0.00041,-0.00011,-0.00051
1.3920,-0.00045,-0.00007,-0.00048
1.3960,-0.00049,-0.00002,-0.00045
1.4000,-0.00052,0.00003,-0.00042
1.4040,-0.00056,0.00007,-0.00039
1.4120,-0.00059,0.00012,-0.00036
1.4160,-0.00063,0.00017,-0.00034
1.4240,-0.00066,0.00023,-0.00032
1.4280,-0.00069,0.00027,-0.00029
1.4360,-0.00068,0.00030,-0.00031
1.4400,-0.00067,0.00031,-0.00032
1.4440,-0.00052,0.00044,-0.00047
1.4520,-0.00047,0.00043,-0.00047
1.4600,-0.00043,0.00040,-0.00047
1.4640,-0.00041,0.00038,-0.00047
1.4680,-0.00038,0.00035,-0.00046
1.4680,-0.00037,0.00032,-0.00045
1.4720,-0.00035,0.00030,-0.00044
1.4800,-0.00032,0.00026,-0.00044
1.4840,-0.00030,0.00023,-0.00043
1.4920,-0.00027,0.00019,-0.00043
1.5000,-0.00025,0.00016,-0.00042
1.5080,-0.00022,0.00012,-0.00042
1.5120,-0.00021,0.00010,-0.00040
1.5160,-0.00018,0.00007,-0.00040
1.5200,-0.00016,0.00004,-0.00039
1.5240,-0.00013,0.00001,-0.00038
1.5320,-0.00012,0.00001,-0.00038
1.5320,0.00001,0.00002,-0.00040
1.5400,-0.00003,0.00004,-0.00039
1.5440,-0.00006,0.00004,-0.00037
1.5520,-0.00009,0.00007,-0.00034
1.5560,-0.00012,0.00008,-0.00032
1.5640,-0.00015,0.00010,-0.00029
1.5680,-0.00019,0.00012,-0.00026
1.5720,-0.00022,0.00013,-0.00024
1.5760,-0.00025,0.00015,-0.00022
1.5840,-0.00027,0.00017,-0.00020
1.5880,-0.00030,0.00019,-0.00018
1.5960,-0.00031,0.00021,-0.00016
1.6000,-0.00035,0.00022,-0.00014
1.6080,-0.00036,0.00026,-0.00012
1.6120,-0.00039,0.00028,-0.00011
1.6160,-0.00043,0.00030,-0.00009
1.6200,-0.00042,0.00032,-0.00009
1.6240,-0.00042,0.00033,-0.00009
1.6280,-0.00041,0.00035,-0.00009
1.6320,-0.00041,0.00036,-0.00009
1.6400,-0.00040,0.00048,-0.00008
1.6440,-0.00040,0.00047,-0.00009
1.6480,-0.00040,0.00046,-0.00009
1.6520,-0.00039,0.00044,-0.00009
1.6560,-0.00039,0.00043,-0.00010
1.6600,-0.00039,0.00042,-0.00010
1.6640,-0.00038,0.00041,-0.00010
1.6720,-0.00037,0.00040,-0.00010
1.6760,-0.00036,0.00039,-0.00010
1.6800,-0.00036,0.00038,-0.00011
1.6880,-0.00035,0.00037,-0.00010
1.6920,-0.00035,0.00036,-0.00011
1.7000,-0.00034,0.00034,-0.00011
1.7040,-0.00034,0.00032,-0.00012
1.7120,-0.00034,0.00031,-0.00013
1.7160,-0.00034,0.00029,-0.00014
1.7200,-0.00034,0.00029,-0.00014
1.7240,-0.00034,0.00029,-0.00015
1.7320,-0.00035,0.00029,-0.00016
1.7400,-0.00036,0.00028,-0.00016
1.7440,-0.00043,0.00019,-0.00018
1.7520,-0.00037,0.00011,-0.00021
1.7560,-0.00034,0.00009,-0.00023
1.7600,-0.00028,0.00002,-0.00027
1.7640,-0.00023,-0.00003,-0.00030
1.7680,-0.00018,-0.00008,-0.00033
1.7680,-0.00014,-0.00013,-0.00036
1.7760,-0.00009,-0.00018,-0.00039
1.7800,-0.00004,-0.00024,-0.00041
1.7840,0.00001,-0.00029,-0.00044
1.7880,0.00006,-0.00034,-0.00048
1.7920,0.00011,-0.00039,-0.00051
1.7960,0.00016,-0.00045,-0.00054
1.8000,0.00021,-0.00050,-0.00057
1.8040,0.00026,-0.00056,-0.00060
1.8120,0.00031,-0.00061,-0.00064
1.8160,0.00035,-0.00068,-0.00066
1.8240,0.00039,-0.00074,-0.00069
1.8280,0.00041,-0.00077,-0.00070
1.8320,0.00043,-0.00080,-0.00072
1.8400,0.00046,-0.00086,-0.00074
1.8440,0.00067,-0.00124,-0.00089
1.8520,0.00061,-0.00118,-0.00084
1.8560,0.00053,-0.00110,-0.00078
1.8600,0.00047,-0.00104,-0.00073
1.8640,0.00041,-0.00097,-0.00067
1.8680,0.00034,-0.00089,-0.00061
1.8720,0.00027,-0.00081,-0.00056
1.8760,0.00020,-0.00074,-0.00050
1.8800,0.00014,-0.00068,-0.00043
1.8840,0.00007,-0.00060,-0.00036
1.8880,0.00000,-0.00053,-0.00030
1.8920,-0.00007,-0.00045,-0.00023
1.8960,-0.00014,-0.00038,-0.00016
1.9000,-0.00022,-0.00029,-0.00011
1.9040,-0.00029,-0.00023,-0.00002
1.9080,-0.00037,-0.00015,0.00005
1.9120,-0.00037,-0.00016,0.00007
1.9160,-0.00037,-0.00017,0.00009
1.9240,-0.00037,-0.00020,0.00013
1.9280,-0.00038,-0.00021,0.00015
1.9320,-0.00038,-0.00024,0.00021
1.9400,-0.00038,-0.00024,0.00021
1.9440,-0.00039,-0.00026,0.00023
1.9480,-0.00045,-0.00046,0.00057
1.9520,-0.00046,-0.00044,0.00055
1.9560,-0.00047,-0.00042,0.00053
1.9640,-0.00048,-0.00041,0.00054
1.9680,-0.00049,-0.00039,0.00052
1.9760,-0.00050,-0.00037,0.00053
1.9800,-0.00051,-0.00036,0.00051
1.9840,-0.00052,-0.00034,0.00050
1.9880,-0.00053,-0.00032,0.00048
1.9920,-0.00054,-0.00030,0.00047
2.0000,-0.00056,-0.00028,0.00046
2.0040,-0.00057,-0.00025,0.00047
2.0080,-0.00058,-0.00023,0.00043
2.0120,-0.00060,-0.00021,0.00044
2.0160,-0.00062,-0.00018,0.00043
2.0200,-0.00063,-0.00016,0.00041
2.0240,-0.00064,-0.00017,0.00043
2.0280,-0.00065,-0.00018,0.00045
2.0360,-0.00066,-0.00019,0.00049
2.0440,-0.00067,-0.00022,0.00053
2.0520,-0.00074,-0.00042,0.00069
2.0560,-0.00072,-0.00042,0.00063
2.0600,-0.00070,-0.00041,0.00057
2.0640,-0.00069,-0.00040,0.00051
2.0720,-0.00068,-0.00040,0.00046
2.0760,-0.00067,-0.00039,0.00040
2.0800,-0.00066,-0.00038,0.00034
2.0840,-0.00065,-0.00038,0.00028
2.0880,-0.00064,-0.00037,0.00022
2.0920,-0.00063,-0.00036,0.00017
2.0960,-0.00062,-0.00036,0.00011
2.1000,-0.00061,-0.00036,0.00005
2.1040,-0.00060,-0.00036,-0.00000
2.1080,-0.00059,-0.00035,-0.00006
2.1120,-0.00058,-0.00035,-0.00011
2.1160,-0.00058,-0.00034,-0.00017
2.1200,-0.00059,-0.00036,-0.00017
2.1240,-0.00060,-0.00037,-0.00017
2.1280,-0.00061,-0.00039,-0.00017
2.1320,-0.00062,-0.00041,-0.00017
2.1400,-0.00074,-0.00052,-0.00017
2.1440,-0.00074,-0.00050,-0.00017
2.1520,-0.00074,-0.00047,-0.00016
2.1560,-0.00074,-0.00045,-0.00015
2.1600,-0.00074,-0.00043,-0.00015
2.1640,-0.00074,-0.00040,-0.00014
2.1640,-0.00073,-0.00038,-0.00013
2.1720,-0.00073,-0.00035,-0.00012
2.1760,-0.00072,-0.00032,-0.00011
2.1800,-0.00072,-0.00030,-0.00009
2.1840,-0.00073,-0.00028,-0.00007
2.1960,-0.00072,-0.00025,-0.00006
2.2000,-0.00073,-0.00023,-0.00004
2.2080,-0.00073,-0.00021,-0.00002
2.2120,-0.00072,-0.00019,-0.00001
2.2160,-0.00071,-0.00017,0.00000
2.2200,-0.00072,-0.00019,0.00002
2.2240,-0.00072,-0.00019,0.00003
2.2280,-0.00073,-0.00020,0.00004
2.2360,-0.00074,-0.00022,0.00005
2.2400,-0.00075,-0.00023,0.00005
2.2440,-0.00083,-0.00035,0.00006
2.2480,-0.00082,-0.00032,0.00003
2.2520,-0.00080,-0.00030,0.00000
2.2560,-0.00079,-0.00027,-0.00003
2.2640,-0.00077,-0.00024,-0.00006
2.2680,-0.00075,-0.00022,-0.00008
2.2720,-0.00073,-0.00019,-0.00011
2.2760,-0.00072,-0.00016,-0.00014
2.2800,-0.00070,-0.00013,-0.00016
2.2840,-0.00068,-0.00010,-0.00019
2.2920,-0.00067,-0.00008,-0.00021
2.3000,-0.00067,-0.00005,-0.00024
2.3040,-0.00065,-0.00002,-0.00026
2.3080,-0.00064,0.00001,-0.00028
2.3120,-0.00063,0.00004,-0.00030
2.3200,-0.00062,0.00007,-0.00033
2.3240,-0.00063,0.00008,-0.00033
2.3320,-0.00064,0.00008,-0.00033
2.3360,-0.00072,0.00015,-0.00036
2.3400,-0.00072,0.00015,-0.00035
2.3480,-0.00071,0.00015,-0.00034
2.3520,-0.00071,0.00014,-0.00033
2.3560,-0.00070,0.00015,-0.00033
2.3600,-0.00070,0.00015,-0.00032
2.3640,-0.00069,0.00015,-0.00031
2.3720,-0.00070,0.00016,-0.00030
2.3720,-0.00069,0.00015,-0.00029
2.3800,-0.00069,0.00016,-0.00028
2.3840,-0.00069,0.00016,-0.00027
2.3920,-0.00068,0.00016,-0.00026
2.3960,-0.00069,0.00017,-0.00025
2.4000,-0.00069,0.00018,-0.00024
2.4080,-0.00070,0.00019,-0.00023
2.4120,-0.00070,0.00020,-0.00022
2.4160,-0.00070,0.00021,-0.00022
2.4200,-0.00071,0.00022,-0.00023
2.4240,-0.00072,0.00023,-0.00023
2.4320,-0.00073,0.00026,-0.00025
2.4360,-0.00073,0.00027,-0.00026
2.4400,-0.00072,0.00038,-0.00039
2.4440,-0.00070,0.00036,-0.00039
2.4520,-0.00067,0.00035,-0.00039
2.4560,-0.00064,0.00034,-0.00038
2.4600,-0.00062,0.00032,-0.00038
2.4680,-0.00058,0.00032,-0.00038
2.4720,-0.00055,0.00030,-0.00038
2.4760,-0.00052,0.00029,-0.00037
2.4800,-0.00048,0.00027,-0.00037
2.4840,-0.00046,0.00026,-0.00037
2.4920,-0.00041,0.00025,-0.00038
2.4960,-0.00038,0.00024,-0.00038
2.5040,-0.00034,0.00023,-0.00040
2.5080,-0.00031,0.00021,-0.00040
2.5120,-0.00029,0.00019,-0.00040
2.5160,-0.00026,0.00017,-0.00040
2.5200,-0.00025,0.00018,-0.00041
2.5240,-0.00023,0.00019,-0.00042
2.5320,-0.00021,0.00021,-0.00044
2.5400,-0.00018,0.00023,-0.00046
2.5400,-0.00008,0.00036,-0.00053
2.5520,-0.00009,0.00034,-0.00051
2.5560,-0.00010,0.00032,-0.00049
2.5600,-0.00011,0.00029,-0.00047
2.5640,-0.00013,0.00027,-0.00044
2.5640,-0.00015,0.00025,-0.00042
2.5720,-0.00016,0.00023,-0.00040
2.5760,-0.00017,0.00021,-0.00038
2.5800,-0.00018,0.00019,-0.00036
2.5840,-0.00020,0.00018,-0.00034
2.5880,-0.00021,0.00016,-0.00032
2.5920,-0.00022,0.00014,-0.00030
2.5960,-0.00024,0.00012,-0.00028
2.6040,-0.00025,0.00012,-0.00027
2.6080,-0.00026,0.00011,-0.00025
2.6160,-0.00027,0.00012,-0.00023
2.6200,-0.00026,0.00013,-0.00023
2.6240,-0.00026,0.00015,-0.00023
2.6280,-0.00025,0.00017,-0.00023
2.6320,-0.00024,0.00018,-0.00023
2.6400,-0.00023,0.00022,-0.00024
2.6440,-0.00022,0.00024,-0.00024
2.6520,-0.00014,0.00049,-0.00018
2.6560,-0.00016,0.00050,-0.00017
2.6640,-0.00018,0.00053,-0.00015
2.6680,-0.00021,0.00052,-0.00016
2.6720,-0.00022,0.00055,-0.00014
2.6760,-0.00024,0.00056,-0.00013
2.6800,-0.00026,0.00057,-0.00012
2.6800,-0.00028,0.00058,-0.00011
2.6920,-0.00029,0.00060,-0.00008
2.6960,-0.00031,0.00061,-0.00007
2.7040,-0.00032,0.00063,-0.00004
2.7080,-0.00034,0.00063,-0.00003
2.7160,-0.00035,0.00066,-0.00001
2.7200,-0.00037,0.00066,-0.00001
2.7240,-0.00039,0.00066,0.00000
2.7280,-0.00041,0.00067,0.00001
2.7360,-0.00040,0.00069,0.00002
2.7400,-0.00040,0.00070,0.00002
2.7440,-0.00039,0.00071,0.00003
2.7520,-0.00038,0.00074,-0.00000
2.7560,-0.00039,0.00066,-0.00002
2.7600,-0.00039,0.00061,-0.00003
2.7680,-0.00040,0.00051,-0.00005
2.7720,-0.00041,0.00042,-0.00006
2.7800,-0.00043,0.00033,-0.00008
2.7840,-0.00043,0.00025,-0.00009
2.7880,-0.00044,0.00017,-0.00011
2.7880,-0.00045,0.00009,-0.00012
2.7960,-0.00045,0.00004,-0.00013
2.8000,-0.00046,-0.00006,-0.00015
2.8040,-0.00047,-0.00013,-0.00016
2.8080,-0.00048,-0.00021,-0.00018
2.8120,-0.00049,-0.00029,-0.00020
2.8160,-0.00050,-0.00036,-0.00021
2.8200,-0.00052,-0.00044,-0.00023
2.8240,-0.00052,-0.00044,-0.00023
2.8280,-0.00054,-0.00048,-0.00024
2.8360,-0.00056,-0.00052,-0.00025
2.8400,-0.00057,-0.00054,-0.00025
2.8440,-0.00058,-0.00056,-0.00026
2.8520,-0.00061,-0.00061,-0.00026
2.8560,-0.00062,-0.00063,-0.00027
2.8600,-0.00063,-0.00065,-0.00027
2.8640,-0.00065,-0.00067,-0.00028
2.8680,-0.00066,-0.00069,-0.00028
2.8680,-0.00067,-0.00072,-0.00028
2.8800,-0.00080,-0.00094,-0.00031
2.8840,-0.00080,-0.00088,-0.00029
2.8920,-0.00082,-0.00082,-0.00027
2.8960,-0.00083,-0.00075,-0.00025
2.9040,-0.00084,-0.00069,-0.00024
2.9080,-0.00086,-0.00063,-0.00023
2.9160,-0.00088,-0.00056,-0.00022
2.9200,-0.00089,-0.00049,-0.00020
2.9240,-0.00090,-0.00042,-0.00019
2.9320,-0.00092,-0.00034,-0.00018
2.9360,-0.00091,-0.00027,-0.00016
2.9400,-0.00093,-0.00019,-0.00016
2.9440,-0.00094,-0.00012,-0.00014
2.9520,-0.00095,-0.00004,-0.00014
2.9600,-0.00096,0.00004,-0.00013
2.9640,-0.00097,0.00011,-0.00012
2.9640,-0.00099,0.00012,-0.00013
2.9720,-0.00099,0.00012,-0.00013
2.9760,-0.00100,0.00012,-0.00013
2.9800,-0.00102,0.00013,-0.00014
2.9840,-0.00103,0.00014,-0.00014
2.9840,-0.00103,0.00014,-0.00014
2.9920,-0.00106,0.00015,-0.00014
2.9960,-0.00107,0.00015,-0.00014
3.0040,-0.00118,0.00022,-0.00011
3.0120,-0.00114,0.00023,-0.00011
3.0160,-0.00111,0.00023,-0.00011
3.0200,-0.00107,0.00025,-0.00011
3.0240,-0.00103,0.00025,-0.00011
3.0320,-0.00099,0.00026,-0.00011
3.0360,-0.00095,0.00027,-0.00012
3.0400,-0.00090,0.00027,-0.00012
3.0440,-0.00086,0.00027,-0.00013
3.0520,-0.00082,0.00029,-0.00013
3.0600,-0.00078,0.00030,-0.00014
3.0640,-0.00073,0.00031,-0.00015
3.0680,-0.00069,0.00032,-0.00015
3.0680,-0.00065,0.00031,-0.00016
3.0760,-0.00061,0.00032,-0.00016
3.0800,-0.00057,0.00035,-0.00017
3.0840,-0.00058,0.00037,-0.00018
3.0880,-0.00058,0.00039,-0.00018
3.0920,-0.00059,0.00041,-0.00019
3.0960,-0.00059,0.00043,-0.00019
3.1040,-0.00068,0.00065,-0.00024
3.1080,-0.00068,0.00064,-0.00024
3.1160,-0.00070,0.00065,-0.00025
3.1240,-0.00070,0.00064,-0.00025
3.1320,-0.00071,0.00065,-0.00025
3.1400,-0.00072,0.00064,-0.00025
3.1440,-0.00072,0.00061,-0.00026
3.1480,-0.00073,0.00061,-0.00026
3.1520,-0.00072,0.00059,-0.00026
3.1560,-0.00072,0.00058,-0.00026
3.1600,-0.00072,0.00056,-0.00026
3.1640,-0.00072,0.00054,-0.00026
3.1680,-0.00071,0.00052,-0.00026
3.1720,-0.00071,0.00049,-0.00026
3.1760,-0.00071,0.00049,-0.00027
3.1800,-0.00071,0.00047,-0.00027
3.1840,-0.00072,0.00049,-0.00028
3.1880,-0.00073,0.00050,-0.00028
3.1920,-0.00074,0.00052,-0.00029
3.1960,-0.00081,0.00067,-0.00034
3.2040,-0.00080,0.00066,-0.00032
3.2080,-0.00079,0.00065,-0.00030
3.2120,-0.00079,0.00064,-0.00028
3.2160,-0.00078,0.00062,-0.00027
3.2200,-0.00078,0.00061,-0.00025
3.2200,-0.00078,0.00060,-0.00023
3.2320,-0.00079,0.00059,-0.00021
3.2360,-0.00079,0.00058,-0.00019
3.2400,-0.00079,0.00056,-0.00017
3.2440,-0.00078,0.00054,-0.00015
3.2520,-0.00082,0.00054,-0.00014
3.2560,-0.00083,0.00053,-0.00013
3.2600,-0.00084,0.00052,-0.00012
3.2640,-0.00086,0.00050,-0.00010
3.2720,-0.00087,0.00049,-0.00009
3.2760,-0.00090,0.00050,-0.00009
3.2800,-0.00096,0.00052,-0.00011
3.2840,-0.00099,0.00054,-0.00011
3.2920,-0.00106,0.00057,-0.00013
3.3000,-0.00113,0.00060,-0.00014
3.3040,-0.00117,0.00061,-0.00015
3.3040,-0.00162,0.00081,-0.00027
3.3160,-0.00162,0.00078,-0.00026
3.3200,-0.00160,0.00075,-0.00026
3.3240,-0.00157,0.00072,-0.00025
3.3280,-0.00155,0.00069,-0.00024
3.3360,-0.00157,0.00065,-0.00024
3.3400,-0.00155,0.00062,-0.00023
3.3440,-0.00154,0.00058,-0.00022
3.3480,-0.00152,0.00055,-0.00021
3.3560,-0.00155,0.00051,-0.00020
3.3640,-0.00154,0.00047,-0.00018
3.3680,-0.00157,0.00043,-0.00017
3.3680,-0.00152,0.00040,-0.00015
3.3760,-0.00155,0.00036,-0.00014
3.3800,-0.00154,0.00032,-0.00013
3.3880,-0.00156,0.00029,-0.00011
3.3960,-0.00165,0.00028,-0.00012
3.4000,-0.00195,0.00023,-0.00014
3.4040,-0.00189,0.00018,-0.00013
3.4080,-0.00182,0.00014,-0.00011
3.4160,-0.00177,0.00008,-0.00010
3.4200,-0.00170,0.00004,-0.00008
3.4240,-0.00163,-0.00001,-0.00007
3.4320,-0.00157,-0.00005,-0.00005
3.4360,-0.00151,-0.00011,-0.00001
3.4360,-0.00145,-0.00015,0.00001
3.4440,-0.00139,-0.00020,0.00004
3.4480,-0.00132,-0.00025,0.00006
3.4520,-0.00126,-0.00029,0.00009
3.4600,-0.00121,-0.00037,0.00013
3.4640,-0.00114,-0.00042,0.00015
3.4680,-0.00108,-0.00047,0.00017
3.4720,-0.00102,-0.00052,0.00019
3.4760,-0.00116,-0.00087,0.00031
3.4800,-0.00125,-0.00105,0.00033
3.4840,-0.00133,-0.00123,0.00036
3.4880,-0.00142,-0.00142,0.00038
3.4920,-0.00150,-0.00160,0.00041
3.4960,-0.00159,-0.00178,0.00043
3.5000,-0.00168,-0.00197,0.00045
3.5040,-0.00176,-0.00215,0.00047
3.5120,-0.00189,-0.00239,0.00050
3.5160,-0.00198,-0.00257,0.00053
3.5200,-0.00207,-0.00275,0.00055
3.5240,-0.00215,-0.00293,0.00057
3.5240,-0.00224,-0.00311,0.00059
3.5360,-0.00233,-0.00329,0.00062
3.5360,-0.00242,-0.00347,0.00064
3.5440,-0.00255,-0.00370,0.00067
3.5520,-0.00264,-0.00381,0.00069
3.5560,-0.00269,-0.00386,0.00070
3.5640,-0.00278,-0.00398,0.00071
3.5720,-0.00288,-0.00410,0.00073
3.5760,-0.00293,-0.00416,0.00074
3.5800,-0.00298,-0.00422,0.00075
3.5880,-0.00309,-0.00434,0.00077
3.5960,-0.00320,-0.00446,0.00079
3.6000,-0.00326,-0.00452,0.00080
3.6080,-0.00402,-0.00512,0.00079
3.6160,-0.00390,-0.00554,0.00045
3.6200,-0.00369,-0.00594,0.00015
3.6280,-0.00357,-0.00636,-0.00020
3.6320,-0.00337,-0.00675,-0.00050
3.6360,-0.00306,-0.00713,-0.00075
3.6360,-0.00285,-0.00752,-0.00105
3.6440,-0.00264,-0.00792,-0.00134
3.6520,-0.00262,-0.00836,-0.00173
3.6560,-0.00240,-0.00875,-0.00203
3.6600,-0.00219,-0.00915,-0.00232
3.6640,-0.00197,-0.00955,-0.00262
3.6680,-0.00175,-0.00994,-0.00291
3.6720,-0.00153,-0.01033,-0.00321
3.6760,-0.00123,-0.01071,-0.00346
3.6800,-0.00101,-0.01110,-0.00375
3.6880,-0.00127,-0.01115,-0.00389
3.6920,-0.00135,-0.01117,-0.00394
3.6960,-0.00144,-0.01118,-0.00398
3.7040,-0.00222,-0.01128,-0.00444
3.7080,-0.00189,-0.01124,-0.00443
3.7160,-0.00160,-0.01121,-0.00446
3.7240,-0.00132,-0.01118,-0.00449
3.7280,-0.00099,-0.01114,-0.00448
3.7360,-0.00070,-0.01110,-0.00450
3.7400,-0.00037,-0.01106,-0.00448
3.7440,-0.00003,-0.01102,-0.00446
3.7480,0.00030,-0.01097,-0.00444
3.7560,0.00059,-0.01092,-0.00445
3.7600,0.00093,-0.01087,-0.00443
3.7680,0.00122,-0.01082,-0.00445
3.7720,0.00155,-0.01076,-0.00443
3.7760,0.00188,-0.01071,-0.00441
3.7800,0.00221,-0.01066,-0.00439
3.7840,0.00199,-0.01040,-0.00472
3.7880,0.00203,-0.01016,-0.00454
3.7920,0.00210,-0.00994,-0.00435
3.7960,0.00211,-0.00967,-0.00417
3.8000,0.00215,-0.00943,-0.00398
3.8080,0.00215,-0.00916,-0.00380
3.8080,0.00222,-0.00895,-0.00361
3.8160,0.00223,-0.00868,-0.00343
3.8200,0.00227,-0.00844,-0.00324
3.8280,0.00227,-0.00819,-0.00304
3.8360,0.00231,-0.00795,-0.00285
3.8400,0.00232,-0.00770,-0.00266
3.8400,0.00236,-0.00747,-0.00247
3.8520,0.00236,-0.00722,-0.00228
3.8600,0.00239,-0.00698,-0.00209
3.8680,0.00234,-0.00671,-0.00190
3.8720,0.00230,-0.00669,-0.00189
3.8760,0.00188,-0.00656,-0.00183
3.8800,0.00209,-0.00701,-0.00182
3.8840,0.00229,-0.00745,-0.00180
3.8880,0.00249,-0.00790,-0.00179
3.8920,0.00273,-0.00831,-0.00178
3.8960,0.00291,-0.00879,-0.00176
3.9000,0.00314,-0.00920,-0.00175
3.9040,0.00332,-0.00968,-0.00173
3.9040,0.00355,-0.01009,-0.00172
3.9120,0.00373,-0.01057,-0.00170
3.9160,0.00396,-0.01097,-0.00169
3.9200,0.00413,-0.01145,-0.00167
3.9240,0.00434,-0.01189,-0.00165
3.9320,0.00451,-0.01236,-0.00163
3.9360,0.00472,-0.01280,-0.00161
3.9400,0.00493,-0.01324,-0.00160
3.9440,0.00490,-0.01328,-0.00159
3.9480,0.00488,-0.01331,-0.00158
3.9520,0.00485,-0.01335,-0.00158
3.9600,0.00480,-0.01342,-0.00156
3.9640,0.00480,-0.01342,-0.00156
3.9680,0.00478,-0.01346,-0.00155
3.9720,0.00472,-0.01353,-0.00153
3.9760,0.00469,-0.01357,-0.00151
3.9800,0.00466,-0.01361,-0.00150
3.9840,0.00463,-0.01365,-0.00149
3.9880,0.00460,-0.01368,-0.00148
3.9920,0.00456,-0.01372,-0.00147
3.9960,0.00453,-0.01376,-0.00147
4.0000,0.00449,-0.01380,-0.00146
4.0080,0.00442,-0.01388,-0.00145
4.0120,0.00438,-0.01392,-0.00144
4.0160,0.00434,-0.01396,-0.00144
4.0240,0.00375,-0.01447,-0.00147
4.0280,0.00387,-0.01419,-0.00159
4.0360,0.00390,-0.01399,-0.00179
4.0400,0.00398,-0.01373,-0.00194
4.0440,0.00407,-0.01347,-0.00209
4.0480,0.00415,-0.01322,-0.00224
4.0520,0.00423,-0.01296,-0.00239
4.0560,0.00432,-0.01271,-0.00254
4.0600,0.00443,-0.01242,-0.00266
4.0640,0.00449,-0.01219,-0.00284
4.0680,0.00457,-0.01194,-0.00299
4.0720,0.00465,-0.01168,-0.00314
4.0760,0.00477,-0.01140,-0.00326
4.0800,0.00482,-0.01117,-0.00345
4.0840,0.00490,-0.01092,-0.00360
4.0880,0.00499,-0.01066,-0.00375
4.0920,0.00496,-0.01069,-0.00377
4.0960,0.00496,-0.01069,-0.00377
4.1000,0.00491,-0.01075,-0.00383
4.1040,0.00487,-0.01079,-0.00386
4.1080,0.00484,-0.01082,-0.00389
4.1120,0.00481,-0.01085,-0.00392
4.1160,0.00478,-0.01088,-0.00395
4.1240,0.00471,-0.01094,-0.00401
4.1320,0.00464,-0.01100,-0.00407
4.1360,0.00457,-0.01106,-0.00413
4.1440,0.00454,-0.01109,-0.00416
4.1520,0.00410,-0.01147,-0.00453
4.1600,0.00415,-0.01141,-0.00435
4.1640,0.00422,-0.01133,-0.00417
4.1720,0.00429,-0.01126,-0.00399
4.1760,0.00436,-0.01118,-0.00380
4.1800,0.00441,-0.01112,-0.00362
4.1840,0.00448,-0.01104,-0.00343
4.1880,0.00456,-0.01097,-0.00324
4.1960,0.00461,-0.01090,-0.00305
4.2000,0.00470,-0.01081,-0.00287
4.2040,0.00476,-0.01075,-0.00267
4.2080,0.00483,-0.01067,-0.00248
4.2120,0.00492,-0.01059,-0.00229
4.2160,0.00497,-0.01052,-0.00210
4.2200,0.00504,-0.01045,-0.00191
4.2240,0.00513,-0.01036,-0.00172
4.2320,0.00506,-0.01039,-0.00171
4.2360,0.00504,-0.01041,-0.00171
4.2400,0.00479,-0.01050,-0.00170
4.2480,0.00488,-0.01037,-0.00173
4.2520,0.00498,-0.01024,-0.00177
4.2600,0.00507,-0.01012,-0.00180
4.2640,0.00514,-0.00999,-0.00184
4.2680,0.00523,-0.00986,-0.00187
4.2720,0.00533,-0.00973,-0.00191
4.2760,0.00542,-0.00960,-0.00194
4.2800,0.00550,-0.00948,-0.00197
4.2840,0.00559,-0.00935,-0.00200
4.2880,0.00568,-0.00922,-0.00204
4.2960,0.00577,-0.00909,-0.00207
4.3000,0.00586,-0.00896,-0.00211
4.3040,0.00593,-0.00882,-0.00214
4.3120,0.00600,-0.00868,-0.00217
4.3160,0.00610,-0.00854,-0.00219
4.3240,0.00606,-0.00852,-0.00218
4.3280,0.00604,-0.00851,-0.00217
4.3320,0.00602,-0.00849,-0.00216
4.3400,0.00598,-0.00847,-0.00215
4.3440,0.00597,-0.00846,-0.00214
4.3480,0.00582,-0.00826,-0.00200
4.3520,0.00588,-0.00814,-0.00194
4.3560,0.00595,-0.00805,-0.00190
4.3600,0.00601,-0.00790,-0.00183
4.3640,0.00608,-0.00777,-0.00177
4.3640,0.00615,-0.00768,-0.00173
4.3720,0.00621,-0.00755,-0.00167
4.3760,0.00628,-0.00743,-0.00161
4.3800,0.00634,-0.00728,-0.00154
4.3840,0.00640,-0.00716,-0.00149
4.3880,0.00647,-0.00704,-0.00144
4.3880,0.00654,-0.00694,-0.00139
4.3960,0.00660,-0.00680,-0.00134
4.4000,0.00666,-0.00667,-0.00129
4.4040,0.00671,-0.00652,-0.00123
4.4080,0.00677,-0.00639,-0.00118
4.4160,0.00676,-0.00636,-0.00117
4.4240,0.00674,-0.00628,-0.00115
4.4280,0.00674,-0.00628,-0.00115
4.4320,0.00671,-0.00621,-0.00114
4.4360,0.00670,-0.00618,-0.00113
4.4400,0.00669,-0.00614,-0.00112
4.4480,0.00650,-0.00569,-0.00098
4.4520,0.00649,-0.00567,-0.00102
4.4560,0.00647,-0.00564,-0.00105
4.4600,0.00646,-0.00562,-0.00108
4.4640,0.00646,-0.00562,-0.00111
4.4680,0.00644,-0.00556,-0.00114
4.4720,0.00643,-0.00553,-0.00117
4.4720,0.00642,-0.00550,-0.00120
4.4760,0.00642,-0.00551,-0.00123
4.4840,0.00639,-0.00544,-0.00126
4.4880,0.00638,-0.00542,-0.00129
4.4960,0.00634,-0.00535,-0.00131
4.5000,0.00633,-0.00532,-0.00134
4.5040,0.00631,-0.00529,-0.00137
4.5080,0.00629,-0.00526,-0.00139
4.5120,0.00628,-0.00523,-0.00142
4.5160,0.00626,-0.00520,-0.00140
4.5200,0.00624,-0.00517,-0.00139
4.5240,0.00623,-0.00513,-0.00138
4.5280,0.00621,-0.00510,-0.00137
4.5320,0.00620,-0.00507,-0.00136
4.5360,0.00617,-0.00500,-0.00133
4.5440,0.00604,-0.00464,-0.00118
4.5480,0.00607,-0.00447,-0.00121
4.5520,0.00611,-0.00431,-0.00124
4.5560,0.00614,-0.00414,-0.00128
4.5640,0.00616,-0.00394,-0.00130
4.5680,0.00621,-0.00382,-0.00134
4.5720,0.00623,-0.00361,-0.00136
4.5760,0.00626,-0.00345,-0.00139
4.5800,0.00630,-0.00328,-0.00141
4.5840,0.00633,-0.00312,-0.00144
4.5880,0.00637,-0.00296,-0.00147
4.5920,0.00640,-0.00279,-0.00150
4.5960,0.00644,-0.00267,-0.00154
4.6000,0.00647,-0.00246,-0.00155
4.6080,0.00649,-0.00225,-0.00156
4.6120,0.00653,-0.00208,-0.00158
4.6200,0.00651,-0.00199,-0.00154
4.6200,0.00649,-0.00194,-0.00152
4.6320,0.00646,-0.00183,-0.00148
4.6320,0.00643,-0.00178,-0.00146
4.6400,0.00641,-0.00172,-0.00144
4.6440,0.00613,-0.00107,-0.00121
4.6480,0.00622,-0.00117,-0.00121
4.6560,0.00629,-0.00123,-0.00121
4.6600,0.00637,-0.00134,-0.00121
4.6640,0.00646,-0.00144,-0.00123
4.6680,0.00656,-0.00159,-0.00124
4.6760,0.00661,-0.00161,-0.00124
4.6800,0.00670,-0.00171,-0.00125
4.6880,0.00677,-0.00177,-0.00125
4.6920,0.00686,-0.00187,-0.00126
4.6960,0.00696,-0.00202,-0.00128
4.7000,0.00704,-0.00207,-0.00128
4.7040,0.00712,-0.00217,-0.00130
4.7080,0.00723,-0.00232,-0.00131
4.7120,0.00730,-0.00237,-0.00133
4.7200,0.00737,-0.00241,-0.00134
4.7280,0.00733,-0.00230,-0.00134
4.7320,0.00731,-0.00225,-0.00134
4.7360,0.00708,-0.00176,-0.00136
4.7400,0.00702,-0.00185,-0.00142
4.7440,0.00696,-0.00194,-0.00148
4.7480,0.00689,-0.00203,-0.00154
4.7520,0.00683,-0.00212,-0.00160
4.7560,0.00676,-0.00220,-0.00166
4.7640,0.00667,-0.00225,-0.00172
4.7720,0.00658,-0.00229,-0.00179
4.7760,0.00652,-0.00238,-0.00184
4.7800,0.00646,-0.00247,-0.00190
4.7840,0.00639,-0.00256,-0.00195
4.7920,0.00630,-0.00261,-0.00202
4.8000,0.00621,-0.00265,-0.00208
4.8040,0.00614,-0.00275,-0.00214
4.8120,0.00608,-0.00284,-0.00220
4.8160,0.00598,-0.00288,-0.00226
4.8200,0.00595,-0.00284,-0.00227
4.8240,0.00592,-0.00279,-0.00227
4.8280,0.00589,-0.00275,-0.00228
4.8320,0.00586,-0.00270,-0.00228
4.8360,0.00583,-0.00265,-0.00228
4.8400,0.00580,-0.00260,-0.00228
4.8440,0.00551,-0.00203,-0.00225
4.8480,0.00559,-0.00206,-0.00217
4.8520,0.00566,-0.00210,-0.00210
4.8600,0.00573,-0.00208,-0.00200
4.8640,0.00580,-0.00211,-0.00193
4.8680,0.00588,-0.00214,-0.00185
4.8720,0.00595,-0.00217,-0.00178
4.8800,0.00600,-0.00215,-0.00169
4.8880,0.00606,-0.00213,-0.00160
4.8920,0.00613,-0.00215,-0.00153
4.8960,0.00620,-0.00218,-0.00145
4.9040,0.00625,-0.00216,-0.00136
4.9080,0.00632,-0.00219,-0.00129
4.9160,0.00638,-0.00217,-0.00120
4.9240,0.00643,-0.00215,-0.00110
4.9280,0.00650,-0.00218,-0.00103
4.9360,0.00649,-0.00213,-0.00101
4.9440,0.00632,-0.00170,-0.00085
4.9520,0.00637,-0.00161,-0.00084
4.9560,0.00646,-0.00162,-0.00086
4.9600,0.00655,-0.00164,-0.00088
4.9640,0.00663,-0.00165,-0.00089
4.9720,0.00670,-0.00161,-0.00090
4.9760,0.00678,-0.00163,-0.00093
4.9800,0.00686,-0.00164,-0.00095
4.9840,0.00694,-0.00166,-0.00098
4.9880,0.00699,-0.00162,-0.00101
5.0000,0.00704,-0.00158,-0.00104
5.0040,0.00712,-0.00159,-0.00107
5.0080,0.00723,-0.00167,-0.00110
5.0120,0.00728,-0.00162,-0.00113
5.0160,0.00736,-0.00163,-0.00116
5.0200,0.00744,-0.00164,-0.00119
5.0240,0.00741,-0.00157,-0.00119
5.0320,0.00735,-0.00143,-0.00120
5.0360,0.00732,-0.00136,-0.00121
5.0400,0.00729,-0.00129,-0.00121
5.0440,0.00726,-0.00122,-0.00122
5.0480,0.00723,-0.00115,-0.00123
5.0560,0.00718,-0.00101,-0.00124
5.0600,0.00715,-0.00093,-0.00125
5.0640,0.00712,-0.00086,-0.00125
5.0680,0.00688,-0.00020,-0.00132
5.0720,0.00693,-0.00025,-0.00130
5.0800,0.00695,-0.00024,-0.00129
5.0840,0.00700,-0.00030,-0.00128
5.0880,0.00705,-0.00035,-0.00126
5.0920,0.00710,-0.00041,-0.00125
5.1000,0.00713,-0.00040,-0.00123
5.1040,0.00718,-0.00046,-0.00122
5.1080,0.00723,-0.00051,-0.00120
5.1080,0.00727,-0.00056,-0.00118
5.1160,0.00732,-0.00061,-0.00116
5.1200,0.00737,-0.00066,-0.00115
5.1240,0.00742,-0.00071,-0.00113
5.1280,0.00746,-0.00077,-0.00112
5.1320,0.00751,-0.00082,-0.00110
5.1400,0.00753,-0.00081,-0.00107
5.1440,0.00750,-0.00075,-0.00106
5.1480,0.00747,-0.00069,-0.00105
5.1480,0.00747,-0.00069,-0.00105
5.1560,0.00742,-0.00056,-0.00104
5.1600,0.00742,-0.00056,-0.00104
5.1640,0.00736,-0.00044,-0.00102
5.1720,0.00731,-0.00031,-0.00101
5.1760,0.00727,-0.00025,-0.00100
5.1800,0.00724,-0.00019,-0.00100
5.1880,0.00718,-0.00007,-0.00099
5.1920,0.00714,-0.00000,-0.00099
5.1960,0.00711,0.00006,-0.00100
5.2000,0.00707,0.00012,-0.00100
5.2040,0.00669,0.00073,-0.00108
5.2120,0.00667,0.00048,-0.00105
5.2160,0.00661,0.00027,-0.00102
5.2240,0.00656,0.00006,-0.00098
5.2320,0.00651,-0.00015,-0.00095
5.2360,0.00650,-0.00039,-0.00093
5.2400,0.00649,-0.00064,-0.00090
5.2440,0.00647,-0.00089,-0.00088
5.2480,0.00646,-0.00114,-0.00086
5.2520,0.00648,-0.00143,-0.00083
5.2560,0.00646,-0.00168,-0.00081
5.2600,0.00641,-0.00188,-0.00080
5.2640,0.00640,-0.00213,-0.00078
5.2680,0.00638,-0.00237,-0.00076
5.2760,0.00633,-0.00257,-0.00074
5.2800,0.00632,-0.00282,-0.00072
5.2840,0.00628,-0.00277,-0.00072
5.2880,0.00625,-0.00272,-0.00073
5.2920,0.00621,-0.00267,-0.00074
5.2960,0.00617,-0.00263,-0.00074
5.3000,0.00614,-0.00258,-0.00075
5.3080,0.00569,-0.00207,-0.00084
5.3120,0.00568,-0.00226,-0.00090
5.3160,0.00567,-0.00245,-0.00096
5.3240,0.00561,-0.00260,-0.00104
5.3320,0.00555,-0.00276,-0.00114
5.3360,0.00554,-0.00295,-0.00121
5.3440,0.00553,-0.00314,-0.00127
5.3520,0.00543,-0.00325,-0.00140
5.3560,0.00547,-0.00347,-0.00143
5.3600,0.00541,-0.00362,-0.00153
5.3640,0.00540,-0.00381,-0.00159
5.3680,0.00539,-0.00399,-0.00166
5.3720,0.00538,-0.00417,-0.00172
5.3760,0.00537,-0.00436,-0.00178
5.3800,0.00536,-0.00454,-0.00184
5.3840,0.00535,-0.00473,-0.00190
5.3840,0.00530,-0.00469,-0.00192
5.3960,0.00521,-0.00461,-0.00196
5.4000,0.00516,-0.00457,-0.00198
5.4040,0.00469,-0.00420,-0.00212
5.4040,0.00477,-0.00411,-0.00215
5.4120,0.00488,-0.00408,-0.00217
5.4160,0.00499,-0.00405,-0.00218
5.4200,0.00509,-0.00402,-0.00220
5.4240,0.00520,-0.00399,-0.00221
5.4320,0.00527,-0.00389,-0.00225
5.4360,0.00541,-0.00392,-0.00225
5.4400,0.00547,-0.00381,-0.00229
5.4440,0.00558,-0.00377,-0.00231
5.4480,0.00568,-0.00374,-0.00233
5.4520,0.00578,-0.00370,-0.00235
5.4600,0.00584,-0.00359,-0.00239
5.4640,0.00593,-0.00355,-0.00241
5.4640,0.00603,-0.00351,-0.00243
5.4720,0.00613,-0.00347,-0.00245
5.4760,0.00608,-0.00341,-0.00247
5.4840,0.00599,-0.00327,-0.00252
5.4880,0.00595,-0.00320,-0.00254
5.4920,0.00591,-0.00312,-0.00257
5.5000,0.00583,-0.00298,-0.00262
5.5040,0.00579,-0.00290,-0.00265
5.5040,0.00543,-0.00203,-0.00294
5.5120,0.00551,-0.00214,-0.00283
5.5160,0.00555,-0.00210,-0.00273
5.5200,0.00561,-0.00213,-0.00263
5.5240,0.00567,-0.00217,-0.00253
5.5320,0.00570,-0.00213,-0.00243
5.5400,0.00575,-0.00216,-0.00233
5.5440,0.00578,-0.00213,-0.00223
5.5520,0.00582,-0.00209,-0.00213
5.5560,0.00587,-0.00213,-0.00202
5.5600,0.00593,-0.00216,-0.00191
5.5640,0.00598,-0.00220,-0.00180
5.5720,0.00604,-0.00223,-0.00170
5.5760,0.00607,-0.00220,-0.00158
5.5800,0.00613,-0.00223,-0.00147
5.5840,0.00619,-0.00226,-0.00136
5.5880,0.00616,-0.00219,-0.00136
5.5960,0.00611,-0.00205,-0.00135
5.5960,0.00609,-0.00198,-0.00135
5.6080,0.00582,-0.00127,-0.00125
5.6120,0.00581,-0.00138,-0.00120
5.6160,0.00580,-0.00148,-0.00115
5.6200,0.00579,-0.00159,-0.00109
5.6240,0.00579,-0.00169,-0.00104
5.6320,0.00574,-0.00176,-0.00098
5.6360,0.00573,-0.00186,-0.00093
5.6400,0.00572,-0.00197,-0.00087
5.6440,0.00574,-0.00211,-0.00082
5.6520,0.00566,-0.00214,-0.00076
5.6560,0.00564,-0.00225,-0.00070
5.6600,0.00563,-0.00235,-0.00065
5.6680,0.00557,-0.00242,-0.00059
5.6720,0.00555,-0.00252,-0.00054
5.6760,0.00553,-0.00262,-0.00050
5.6800,0.00551,-0.00273,-0.00045
5.6840,0.00546,-0.00269,-0.00045
5.6920,0.00537,-0.00261,-0.00045
5.6960,0.00533,-0.00257,-0.00046
5.6960,0.00529,-0.00253,-0.00046
5.7040,0.00492,-0.00217,-0.00050
5.7080,0.00499,-0.00221,-0.00059
5.7160,0.00502,-0.00221,-0.00070
5.7200,0.00509,-0.00225,-0.00079
5.7240,0.00515,-0.00229,-0.00088
5.7320,0.00517,-0.00229,-0.00099
5.7400,0.00520,-0.00228,-0.00110
5.7440,0.00531,-0.00237,-0.00117
5.7520,0.00529,-0.00233,-0.00130
5.7560,0.00536,-0.00238,-0.00139
5.7640,0.00540,-0.00238,-0.00150
5.7680,0.00547,-0.00242,-0.00159
5.7760,0.00550,-0.00242,-0.00170
5.7800,0.00557,-0.00246,-0.00178
5.7840,0.00564,-0.00250,-0.00187
5.7840,0.00572,-0.00254,-0.00195
5.7920,0.00568,-0.00249,-0.00198
5.7960,0.00564,-0.00243,-0.00201
5.8000,0.00560,-0.00238,-0.00204
5.8040,0.00556,-0.00232,-0.00207
5.8120,0.00512,-0.00168,-0.00241
5.8160,0.00522,-0.00160,-0.00234
5.8200,0.00534,-0.00157,-0.00226
5.8240,0.00547,-0.00153,-0.00218
5.8240,0.00562,-0.00155,-0.00209
5.8320,0.00572,-0.00146,-0.00202
5.8360,0.00584,-0.00142,-0.00194
5.8400,0.00597,-0.00139,-0.00186
5.8440,0.00610,-0.00135,-0.00177
5.8480,0.00622,-0.00131,-0.00169
5.8520,0.00635,-0.00127,-0.00160
5.8560,0.00648,-0.00123,-0.00151
5.8600,0.00660,-0.00119,-0.00142
5.8640,0.00673,-0.00114,-0.00134
5.8680,0.00685,-0.00110,-0.00125
5.8720,0.00700,-0.00112,-0.00116
5.8760,0.00695,-0.00101,-0.00116
5.8840,0.00690,-0.00090,-0.00115
5.8880,0.00690,-0.00090,-0.00115
5.8920,0.00685,-0.00079,-0.00114
5.9000,0.00680,-0.00067,-0.00114
5.9040,0.00658,-0.00010,-0.00109
5.9080,0.00659,-0.00037,-0.00100
5.9120,0.00656,-0.00060,-0.00089
5.9160,0.00657,-0.00086,-0.00080
5.9200,0.00657,-0.00112,-0.00071
5.9280,0.00655,-0.00134,-0.00059
5.9320,0.00655,-0.00160,-0.00050
5.9360,0.00656,-0.00185,-0.00040
5.9400,0.00660,-0.00214,-0.00032
5.9440,0.00658,-0.00235,-0.00021
5.9520,0.00657,-0.00257,-0.00009
5.9600,0.00656,-0.00277,0.00003
5.9640,0.00657,-0.00302,0.00013
5.9680,0.00659,-0.00327,0.00023
5.9720,0.00662,-0.00356,0.00031
5.9760,0.00661,-0.00376,0.00044
5.9800,0.00659,-0.00372,0.00046
5.9840,0.00657,-0.00367,0.00048
5.9880,0.00655,-0.00362,0.00051
5.9920,0.00652,-0.00358,0.00053
5.9960,0.00650,-0.00353,0.00056
6.0040,0.00648,-0.00348,0.00058
6.0080,0.00623,-0.00295,0.00084
6.0160,0.00622,-0.00284,0.00091
6.0200,0.00626,-0.00286,0.00093
6.0280,0.00627,-0.00281,0.00097
6.0320,0.00631,-0.00282,0.00099
6.0400,0.00636,-0.00284,0.00102
6.0440,0.00638,-0.00279,0.00106
6.0480,0.00642,-0.00281,0.00108
6.0520,0.00647,-0.00282,0.00110
6.0600,0.00652,-0.00283,0.00112
6.0640,0.00654,-0.00278,0.00117
6.0680,0.00659,-0.00280,0.00119
6.0720,0.00663,-0.00281,0.00122
6.0800,0.00666,-0.00276,0.00127
6.0840,0.00671,-0.00277,0.00130
6.0880,0.00674,-0.00273,0.00135
6.0960,0.00673,-0.00267,0.00138
6.1040,0.00669,-0.00254,0.00143
6.1080,0.00650,-0.00189,0.00177
6.1120,0.00659,-0.00177,0.00181
6.1160,0.00668,-0.00165,0.00186
6.1240,0.00676,-0.00147,0.00193
6.1320,0.00683,-0.00129,0.00200
6.1360,0.00692,-0.00117,0.00204
6.1400,0.00701,-0.00105,0.00209
6.1440,0.00710,-0.00093,0.00213
6.1480,0.00719,-0.00081,0.00218
6.1560,0.00728,-0.00069,0.00223
6.1600,0.00734,-0.00051,0.00230
6.1640,0.00743,-0.00039,0.00235
6.1680,0.00755,-0.00033,0.00237
6.1680,0.00760,-0.00014,0.00243
6.1760,0.00769,-0.00002,0.00247
6.1840,0.00774,0.00017,0.00254
6.1880,0.00770,0.00024,0.00256
6.1960,0.00763,0.00038,0.00261
6.2000,0.00760,0.00045,0.00264
6.2040,0.00721,0.00111,0.00291
6.2080,0.00694,0.00152,0.00299
6.2120,0.00669,0.00187,0.00306
6.2160,0.00644,0.00222,0.00313
6.2200,0.00619,0.00257,0.00320
6.2280,0.00594,0.00292,0.00327
6.2320,0.00569,0.00327,0.00335
6.2360,0.00541,0.00367,0.00343
6.2400,0.00516,0.00402,0.00350
6.2440,0.00491,0.00437,0.00357
6.2480,0.00467,0.00472,0.00363
6.2560,0.00442,0.00507,0.00370
6.2560,0.00416,0.00542,0.00377
6.2680,0.00387,0.00588,0.00386
6.2680,0.00362,0.00623,0.00393
6.2760,0.00337,0.00658,0.00400
6.2800,0.00335,0.00664,0.00401
6.2840,0.00332,0.00669,0.00403
6.2880,0.00330,0.00674,0.00404
6.2920,0.00328,0.00680,0.00405
6.3000,0.00324,0.00691,0.00407
6.3040,0.00322,0.00696,0.00408
6.3120,0.00305,0.00758,0.00420
6.3160,0.00305,0.00750,0.00424
6.3200,0.00304,0.00743,0.00427
6.3240,0.00303,0.00735,0.00430
6.3280,0.00302,0.00728,0.00434
6.3320,0.00301,0.00720,0.00437
6.3360,0.00300,0.00712,0.00440
6.3440,0.00298,0.00711,0.00445
6.3520,0.00295,0.00709,0.00450
6.3560,0.00294,0.00702,0.00453
6.3600,0.00293,0.00694,0.00456
6.3640,0.00292,0.00687,0.00459
6.3680,0.00291,0.00680,0.00463
6.3720,0.00290,0.00673,0.00466
6.3800,0.00287,0.00672,0.00470
6.3880,0.00285,0.00672,0.00474
6.3920,0.00283,0.00680,0.00475
6.3960,0.00281,0.00687,0.00476
6.4000,0.00280,0.00694,0.00476
6.4000,0.00278,0.00701,0.00477
6.4040,0.00258,0.00779,0.00483
6.4120,0.00252,0.00761,0.00478
6.4160,0.00244,0.00747,0.00474
6.4200,0.00238,0.00729,0.00470
6.4240,0.00232,0.00711,0.00465
6.4280,0.00229,0.00688,0.00461
6.4320,0.00221,0.00675,0.00457
6.4400,0.00215,0.00657,0.00452
6.4440,0.00207,0.00644,0.00448
6.4480,0.00202,0.00626,0.00444
6.4520,0.00196,0.00608,0.00439
6.4560,0.00191,0.00590,0.00434
6.4600,0.00185,0.00572,0.00429
6.4640,0.00179,0.00554,0.00424
6.4680,0.00174,0.00536,0.00419
6.4760,0.00167,0.00524,0.00414
6.4840,0.00164,0.00536,0.00414
6.4880,0.00162,0.00541,0.00413
6.4880,0.00162,0.00541,0.00413
6.4960,0.00160,0.00553,0.00413
6.5000,0.00159,0.00559,0.00412
6.5040,0.00158,0.00565,0.00412
6.5080,0.00156,0.00623,0.00407
6.5120,0.00157,0.00614,0.00406
6.5160,0.00158,0.00605,0.00405
6.5240,0.00158,0.00600,0.00404
6.5280,0.00159,0.00591,0.00403
6.5320,0.00161,0.00581,0.00402
6.5360,0.00162,0.00571,0.00401
6.5360,0.00163,0.00557,0.00401
6.5440,0.00165,0.00547,0.00400
6.5480,0.00166,0.00543,0.00399
6.5520,0.00167,0.00533,0.00399
6.5560,0.00168,0.00524,0.00398
6.5640,0.00169,0.00520,0.00398
6.5680,0.00170,0.00510,0.00397
6.5720,0.00171,0.00496,0.00397
6.5720,0.00172,0.00487,0.00396
6.5800,0.00171,0.00497,0.00396
6.5840,0.00170,0.00503,0.00396
6.5880,0.00169,0.00508,0.00396
6.5920,0.00168,0.00513,0.00396
6.6000,0.00167,0.00523,0.00395
6.6000,0.00167,0.00528,0.00395
6.6080,0.00166,0.00533,0.00395
6.6120,0.00165,0.00538,0.00395
6.6160,0.00165,0.00543,0.00395
6.6240,0.00163,0.00554,0.00395
6.6320,0.00161,0.00564,0.00395
6.6360,0.00159,0.00569,0.00394
6.6400,0.00141,0.00618,0.00389
6.6440,0.00139,0.00601,0.00390
6.6480,0.00136,0.00584,0.00391
6.6560,0.00131,0.00569,0.00392
6.6640,0.00126,0.00555,0.00393
6.6680,0.00124,0.00537,0.00394
6.6720,0.00121,0.00520,0.00395
6.6760,0.00119,0.00503,0.00397
6.6800,0.00117,0.00485,0.00398
6.6840,0.00114,0.00468,0.00399
6.6920,0.00110,0.00453,0.00399
6.6960,0.00108,0.00437,0.00400
6.7000,0.00105,0.00420,0.00401
6.7040,0.00103,0.00403,0.00401
6.7120,0.00098,0.00389,0.00401
6.7160,0.00095,0.00372,0.00401
6.7200,0.00093,0.00374,0.00400
6.7240,0.00090,0.00377,0.00399
6.7280,0.00088,0.00379,0.00398
6.7320,0.00085,0.00382,0.00397
6.7400,0.00080,0.00386,0.00395
6.7440,0.00078,0.00389,0.00394
6.7520,0.00048,0.00418,0.00375
6.7600,0.00048,0.00418,0.00377
6.7680,0.00048,0.00418,0.00379
6.7720,0.00049,0.00414,0.00382
6.7760,0.00050,0.00411,0.00385
6.7800,0.00052,0.00408,0.00388
6.7880,0.00052,0.00408,0.00390
6.7880,0.00054,0.00401,0.00395
6.7960,0.00054,0.00401,0.00397
6.8000,0.00056,0.00398,0.00400
6.8040,0.00057,0.00395,0.00403
6.8120,0.00057,0.00395,0.00405
6.8160,0.00058,0.00392,0.00408
6.8240,0.00058,0.00394,0.00411
6.8320,0.00058,0.00395,0.00414
6.8360,0.00059,0.00392,0.00417
6.8400,0.00059,0.00396,0.00417
6.8480,0.00050,0.00447,0.00417
6.8520,0.00052,0.00444,0.00415
6.8560,0.00054,0.00441,0.00413
6.8600,0.00056,0.00438,0.00411
6.8640,0.00058,0.00434,0.00410
6.8720,0.00060,0.00436,0.00408
6.8760,0.00062,0.00433,0.00406
6.8800,0.00065,0.00430,0.00404
6.8840,0.00067,0.00427,0.00402
6.8880,0.00069,0.00424,0.00400
6.8920,0.00071,0.00421,0.00398
6.9000,0.00074,0.00422,0.00396
6.9040,0.00076,0.00419,0.00394
6.9120,0.00080,0.00422,0.00391
6.9160,0.00083,0.00419,0.00389
6.9200,0.00086,0.00417,0.00386
6.9240,0.00087,0.00422,0.00386
6.9320,0.00089,0.00433,0.00384
6.9360,0.00089,0.00439,0.00384
6.9360,0.00090,0.00445,0.00383
6.9440,0.00100,0.00506,0.00365
6.9520,0.00091,0.00486,0.00352
6.9560,0.00083,0.00464,0.00347
6.9600,0.00075,0.00443,0.00337
6.9640,0.00066,0.00424,0.00325
6.9680,0.00059,0.00402,0.00319
6.9760,0.00050,0.00385,0.00303
6.9800,0.00042,0.00364,0.00294
6.9840,0.00034,0.00344,0.00285
6.9920,0.00025,0.00326,0.00273
7.0000,0.00016,0.00307,0.00262
7.0040,0.00009,0.00285,0.00256
7.0080,0.00000,0.00267,0.00244
7.0120,-0.00008,0.00247,0.00235
7.0160,-0.00015,0.00225,0.00229
7.0200,-0.00024,0.00207,0.00217
7.0240,-0.00024,0.00209,0.00213
7.0280,-0.00025,0.00211,0.00210
7.0320,-0.00025,0.00214,0.00207
7.0400,-0.00026,0.00220,0.00199
7.0400,-0.00027,0.00261,0.00157
7.0480,-0.00019,0.00267,0.00170
7.0520,-0.00012,0.00273,0.00182
7.0600,-0.00002,0.00285,0.00194
7.0640,0.00005,0.00291,0.00207
7.0680,0.00013,0.00297,0.00220
7.0760,0.00023,0.00309,0.00231
7.0840,0.00032,0.00320,0.00243
7.0920,0.00042,0.00331,0.00254
7.1000,0.00052,0.00342,0.00266
7.1040,0.00060,0.00348,0.00280
7.1080,0.00068,0.00354,0.00293
7.1120,0.00076,0.00359,0.00306
7.1160,0.00085,0.00365,0.00320
7.1200,0.00093,0.00371,0.00333
7.1240,0.00099,0.00372,0.00347
7.1320,0.00108,0.00389,0.00345
7.1360,0.00108,0.00389,0.00345
7.1400,0.00114,0.00401,0.00345
7.1440,0.00118,0.00408,0.00344
7.1480,0.00121,0.00414,0.00344
7.1520,0.00125,0.00420,0.00343
7.1560,0.00128,0.00426,0.00343
7.1600,0.00131,0.00432,0.00342
7.1680,0.00138,0.00444,0.00341
7.1720,0.00174,0.00506,0.00333
7.1800,0.00179,0.00502,0.00332
7.1840,0.00181,0.00494,0.00333
7.1880,0.00183,0.00486,0.00333
7.1960,0.00189,0.00483,0.00332
7.2000,0.00191,0.00475,0.00332
7.2040,0.00193,0.00467,0.00332
7.2080,0.00195,0.00459,0.00332
7.2160,0.00200,0.00457,0.00331
7.2200,0.00203,0.00449,0.00331
7.2280,0.00205,0.00442,0.00331
7.2320,0.00210,0.00439,0.00329
7.2320,0.00212,0.00432,0.00329
7.2400,0.00211,0.00419,0.00331
7.2440,0.00217,0.00417,0.00329
7.2480,0.00219,0.00409,0.00329
7.2560,0.00225,0.00420,0.00326
7.2600,0.00225,0.00420,0.00326
7.2640,0.00231,0.00430,0.00322
7.2680,0.00234,0.00435,0.00320
7.2680,0.00234,0.00435,0.00320
7.2760,0.00240,0.00446,0.00317
7.2800,0.00242,0.00451,0.00315
7.2840,0.00245,0.00456,0.00313
7.2880,0.00247,0.00461,0.00311
7.2920,0.00250,0.00467,0.00309
7.3000,0.00254,0.00477,0.00306
7.3040,0.00257,0.00483,0.00304
7.3080,0.00277,0.00535,0.00285
7.3120,0.00265,0.00512,0.00285
7.3160,0.00254,0.00491,0.00281
7.3200,0.00243,0.00470,0.00279
7.3280,0.00232,0.00449,0.00275
7.3320,0.00220,0.00427,0.00273
7.3400,0.00210,0.00406,0.00269
7.3440,0.00198,0.00385,0.00267
7.3520,0.00188,0.00364,0.00263
7.3600,0.00177,0.00344,0.00260
7.3640,0.00166,0.00322,0.00259
7.3680,0.00156,0.00300,0.00258
7.3720,0.00145,0.00279,0.00257
7.3760,0.00135,0.00257,0.00256
7.3800,0.00125,0.00235,0.00255
7.3840,0.00115,0.00214,0.00254
7.3920,0.00118,0.00217,0.00253
7.3960,0.00120,0.00219,0.00252
7.4000,0.00122,0.00220,0.00252
7.4040,0.00150,0.00239,0.00255
7.4120,0.00152,0.00244,0.00268
7.4160,0.00150,0.00245,0.00277
7.4200,0.00148,0.00246,0.00287
7.4240,0.00145,0.00247,0.00297
7.4280,0.00143,0.00248,0.00307
7.4320,0.00141,0.00249,0.00317
7.4360,0.00134,0.00246,0.00324
7.4360,0.00137,0.00250,0.00337
7.4440,0.00135,0.00251,0.00347
7.4480,0.00133,0.00252,0.00357
7.4560,0.00137,0.00256,0.00369
7.4600,0.00135,0.00257,0.00379
7.4640,0.00134,0.00258,0.00388
7.4720,0.00138,0.00263,0.00400
7.4760,0.00136,0.00265,0.00409
7.4800,0.00136,0.00265,0.00409
7.4880,0.00153,0.00277,0.00417
7.4920,0.00158,0.00280,0.00419
7.5000,0.00169,0.00288,0.00424
7.5000,0.00216,0.00323,0.00446
7.5120,0.00202,0.00310,0.00428
7.5160,0.00185,0.00295,0.00413
7.5240,0.00169,0.00282,0.00397
7.5280,0.00151,0.00267,0.00382
7.5320,0.00134,0.00253,0.00367
7.5360,0.00116,0.00238,0.00353
7.5440,0.00099,0.00223,0.00336
7.5520,0.00082,0.00209,0.00319
7.5560,0.00064,0.00194,0.00305
7.5600,0.00046,0.00180,0.00290
7.5680,0.00029,0.00165,0.00273
7.5680,0.00011,0.00151,0.00258
7.5760,-0.00007,0.00136,0.00243
7.5840,-0.00023,0.00122,0.00225
7.5880,-0.00041,0.00107,0.00210
7.5920,-0.00040,0.00107,0.00207
7.6000,-0.00037,0.00107,0.00201
7.6000,-0.00029,0.00107,0.00175
7.6040,-0.00030,0.00107,0.00182
7.6120,-0.00030,0.00106,0.00187
7.6160,-0.00033,0.00106,0.00196
7.6200,-0.00033,0.00105,0.00202
7.6240,-0.00034,0.00105,0.00209
7.6280,-0.00036,0.00104,0.00216
7.6320,-0.00037,0.00104,0.00223
7.6400,-0.00037,0.00104,0.00228
7.6440,-0.00038,0.00104,0.00234
7.6520,-0.00038,0.00104,0.00239
7.6600,-0.00037,0.00104,0.00243
7.6680,-0.00037,0.00105,0.00247
7.6760,-0.00037,0.00104,0.00251
7.6800,-0.00039,0.00104,0.00258
7.6840,-0.00040,0.00103,0.00265
7.6880,-0.00038,0.00103,0.00263
7.6920,-0.00036,0.00103,0.00261
7.6960,-0.00035,0.00103,0.00259
7.7040,-0.00016,0.00102,0.00249
7.7080,-0.00022,0.00102,0.00256
7.7120,-0.00023,0.00104,0.00263
7.7160,-0.00026,0.00105,0.00270
7.7240,-0.00026,0.00106,0.00277
7.7240,-0.00029,0.00107,0.00285
7.7320,-0.00032,0.00108,0.00292
7.7400,-0.00032,0.00109,0.00299
7.7440,-0.00035,0.00110,0.00307
7.7480,-0.00038,0.00111,0.00314
7.7520,-0.00042,0.00112,0.00322
7.7600,-0.00042,0.00114,0.00330
7.7640,-0.00046,0.00114,0.00338
7.7720,-0.00046,0.00116,0.00346
7.7800,-0.00047,0.00118,0.00354
7.7840,-0.00050,0.00119,0.00361
7.7840,-0.00047,0.00120,0.00361
7.7920,-0.00044,0.00121,0.00362
7.8000,-0.00022,0.00129,0.00355
7.8040,-0.00028,0.00129,0.00345
7.8120,-0.00033,0.00128,0.00336
7.8200,-0.00033,0.00130,0.00322
7.8240,-0.00038,0.00129,0.00313
7.8320,-0.00041,0.00130,0.00302
7.8360,-0.00045,0.00129,0.00292
7.8440,-0.00048,0.00130,0.00282
7.8480,-0.00053,0.00129,0.00273
7.8520,-0.00058,0.00129,0.00264
7.8560,-0.00063,0.00128,0.00255
7.8560,-0.00070,0.00127,0.00248
7.8680,-0.00072,0.00127,0.00237
7.8720,-0.00077,0.00126,0.00228
7.8760,-0.00082,0.00125,0.00219
7.8800,-0.00088,0.00125,0.00210
7.8840,-0.00086,0.00125,0.00209
7.8880,-0.00084,0.00125,0.00208
7.8960,-0.00076,0.00125,0.00198
7.9000,-0.00080,0.00122,0.00199
7.9080,-0.00083,0.00117,0.00198
7.9120,-0.00087,0.00114,0.00198
7.9160,-0.00091,0.00111,0.00199
7.9240,-0.00095,0.00107,0.00197
7.9320,-0.00098,0.00104,0.00197
7.9400,-0.00102,0.00100,0.00196
7.9440,-0.00106,0.00098,0.00197
7.9480,-0.00111,0.00095,0.00198
7.9520,-0.00115,0.00092,0.00198
7.9600,-0.00119,0.00089,0.00197
7.9640,-0.00123,0.00086,0.00198
7.9680,-0.00128,0.00084,0.00199
7.9720,-0.00131,0.00080,0.00198
7.9760,-0.00135,0.00076,0.00198
7.9800,-0.00134,0.00075,0.00196
7.9840,-0.00133,0.00074,0.00195
7.9920,-0.00131,0.00072,0.00193
7.9960,-0.00128,0.00070,0.00190
8.0040,-0.00107,0.00051,0.00173
8.0080,-0.00108,0.00052,0.00176
8.0120,-0.00109,0.00052,0.00178
8.0160,-0.00109,0.00053,0.00181
8.0200,-0.00110,0.00053,0.00183
8.0240,-0.00111,0.00054,0.00185
8.0280,-0.00113,0.00054,0.00188
8.0320,-0.00114,0.00054,0.00190
8.0360,-0.00115,0.00054,0.00193
8.0400,-0.00116,0.00055,0.00195
8.0440,-0.00117,0.00055,0.00198
8.0480,-0.00119,0.00055,0.00200
8.0520,-0.00120,0.00055,0.00202
8.0600,-0.00119,0.00054,0.00204
8.0680,-0.00117,0.00052,0.00205
8.0720,-0.00119,0.00052,0.00208
8.0760,-0.00117,0.00050,0.00207
8.0800,-0.00114,0.00048,0.00206
8.0840,-0.00112,0.00046,0.00205
8.0880,-0.00109,0.00044,0.00205
8.0960,-0.00103,0.00041,0.00203
8.1000,-0.00100,0.00039,0.00203
8.1040,-0.00076,0.00027,0.00199
8.1040,-0.00118,0.00015,0.00172
8.1120,-0.00162,0.00006,0.00142
8.1200,-0.00208,0.00002,0.00110
8.1240,-0.00252,-0.00007,0.00080
8.1320,-0.00298,-0.00013,0.00050
8.1360,-0.00342,-0.00022,0.00020
8.1400,-0.00386,-0.00031,-0.00009
8.1440,-0.00428,-0.00043,-0.00036
8.1480,-0.00473,-0.00050,-0.00068
8.1520,-0.00517,-0.00059,-0.00097
8.1560,-0.00561,-0.00069,-0.00126
8.1600,-0.00605,-0.00078,-0.00156
8.1640,-0.00648,-0.00088,-0.00186
8.1640,-0.00690,-0.00100,-0.00213
8.1720,-0.00734,-0.00109,-0.00243
8.1760,-0.00737,-0.00104,-0.00248
8.1800,-0.00739,-0.00101,-0.00251
8.1840,-0.00740,-0.00098,-0.00253
8.1880,-0.00741,-0.00095,-0.00256
8.1960,-0.00744,-0.00090,-0.00262
8.2000,-0.00750,-0.00056,-0.00289
8.2000,-0.00720,-0.00105,-0.00258
8.2080,-0.00690,-0.00154,-0.00227
8.2160,-0.00658,-0.00196,-0.00196
8.2200,-0.00628,-0.00245,-0.00165
8.2240,-0.00598,-0.00295,-0.00134
8.2320,-0.00566,-0.00337,-0.00103
8.2400,-0.00535,-0.00380,-0.00072
8.2440,-0.00505,-0.00430,-0.00041
8.2480,-0.00475,-0.00479,-0.00009
8.2520,-0.00446,-0.00536,0.00022
8.2560,-0.00415,-0.00578,0.00054
8.2640,-0.00384,-0.00621,0.00086
8.2680,-0.00354,-0.00671,0.00117
8.2760,-0.00324,-0.00720,0.00149
8.2800,-0.00294,-0.00762,0.00180
8.2880,-0.00292,-0.00747,0.00179
8.2960,-0.00291,-0.00732,0.00178
8.3000,-0.00286,-0.00667,0.00168
8.3040,-0.00276,-0.00703,0.00161
8.3080,-0.00271,-0.00738,0.00152
8.3120,-0.00264,-0.00773,0.00143
8.3200,-0.00260,-0.00807,0.00134
8.3280,-0.00256,-0.00840,0.00125
8.3320,-0.00249,-0.00875,0.00117
8.3400,-0.00244,-0.00908,0.00108
8.3440,-0.00236,-0.00942,0.00100
8.3480,-0.00229,-0.00977,0.00092
8.3520,-0.00219,-0.01013,0.00085
8.3560,-0.00214,-0.01045,0.00077
8.3600,-0.00206,-0.01080,0.00069
8.3640,-0.00198,-0.01114,0.00062
8.3680,-0.00190,-0.01149,0.00054
8.3720,-0.00182,-0.01183,0.00047
8.3760,-0.00184,-0.01181,0.00048
8.3800,-0.00186,-0.01179,0.00048
8.3880,-0.00190,-0.01175,0.00048
8.3920,-0.00190,-0.01175,0.00048
8.4000,-0.00198,-0.01169,0.00050
8.4040,-0.00200,-0.01166,0.00051
8.4080,-0.00203,-0.01164,0.00053
8.4160,-0.00241,-0.01129,0.00074
8.4200,-0.00240,-0.01145,0.00072
8.4240,-0.00239,-0.01160,0.00070
8.4280,-0.00237,-0.01176,0.00068
8.4360,-0.00241,-0.01188,0.00068
8.4440,-0.00244,-0.01200,0.00068
8.4480,-0.00243,-0.01215,0.00066
8.4520,-0.00238,-0.01234,0.00062
8.4600,-0.00246,-0.01242,0.00063
8.4640,-0.00241,-0.01261,0.00059
8.4680,-0.00245,-0.01273,0.00058
8.4720,-0.00244,-0.01288,0.00056
8.4760,-0.00244,-0.01303,0.00053
8.4840,-0.00248,-0.01314,0.00052
8.4880,-0.00247,-0.01329,0.00049
8.4960,-0.00252,-0.01340,0.00047
8.5000,-0.00257,-0.01337,0.00049
8.5080,-0.00320,-0.01302,0.00059
8.5120,-0.00348,-0.01306,0.00051
8.5160,-0.00377,-0.01309,0.00043
8.5200,-0.00406,-0.01313,0.00036
8.5240,-0.00434,-0.01316,0.00029
8.5280,-0.00463,-0.01320,0.00022
8.5360,-0.00503,-0.01321,0.00016
8.5400,-0.00532,-0.01324,0.00009
8.5440,-0.00561,-0.01327,0.00001
8.5480,-0.00590,-0.01330,-0.00006
8.5560,-0.00630,-0.01330,-0.00012
8.5600,-0.00659,-0.01333,-0.00019
8.5640,-0.00689,-0.01336,-0.00026
8.5720,-0.00718,-0.01339,-0.00033
8.5760,-0.00748,-0.01342,-0.00041
8.5800,-0.00789,-0.01343,-0.00047
8.5880,-0.00812,-0.01338,-0.00044
8.5920,-0.00823,-0.01336,-0.00043
8.6000,-0.00846,-0.01331,-0.00041
8.6040,-0.00858,-0.01329,-0.00040
8.6080,-0.00869,-0.01327,-0.00039
8.6120,-0.00881,-0.01325,-0.00038
8.6160,-0.01041,-0.01303,-0.00027
8.6200,-0.01029,-0.01347,-0.00033
8.6240,-0.01018,-0.01392,-0.00040
8.6280,-0.01006,-0.01436,-0.00046
8.6320,-0.00995,-0.01480,-0.00052
8.6360,-0.00983,-0.01524,-0.00059
8.6440,-0.00984,-0.01566,-0.00065
8.6520,-0.00986,-0.01608,-0.00071
8.6560,-0.00975,-0.01651,-0.00077
8.6600,-0.00964,-0.01694,-0.00083
8.6640,-0.00953,-0.01737,-0.00090
8.6680,-0.00928,-0.01782,-0.00096
8.6720,-0.00931,-0.01822,-0.00101
8.6760,-0.00920,-0.01865,-0.00107
8.6840,-0.00922,-0.01905,-0.00112
8.6880,-0.00911,-0.01948,-0.00118
8.6920,-0.00924,-0.01945,-0.00117
8.6960,-0.00938,-0.01942,-0.00116
8.7040,-0.01077,-0.01906,-0.00106
8.7080,-0.01119,-0.01873,-0.00110
8.7120,-0.01161,-0.01840,-0.00114
8.7160,-0.01203,-0.01806,-0.00117
8.7200,-0.01245,-0.01773,-0.00121
8.7240,-0.01287,-0.01740,-0.00125
8.7280,-0.01329,-0.01707,-0.00128
8.7320,-0.01371,-0.01674,-0.00132
8.7360,-0.01413,-0.01641,-0.00135
8.7400,-0.01456,-0.01608,-0.00139
8.7480,-0.01516,-0.01569,-0.00141
8.7560,-0.01576,-0.01529,-0.00144
8.7600,-0.01618,-0.01496,-0.00148
8.7640,-0.01661,-0.01462,-0.00152
8.7720,-0.01722,-0.01422,-0.00156
8.7720,-0.01748,-0.01395,-0.00160
8.7800,-0.01784,-0.01381,-0.00160
8.7840,-0.01802,-0.01373,-0.00159
8.7880,-0.01820,-0.01366,-0.00159
8.7920,-0.01820,-0.01366,-0.00159
8.7960,-0.01856,-0.01350,-0.00158
8.8000,-0.01874,-0.01343,-0.00158
8.8120,-0.01911,-0.01327,-0.00157
8.8200,-0.02172,-0.01211,-0.00149
8.8240,-0.02173,-0.01214,-0.00149
8.8280,-0.02174,-0.01216,-0.00149
8.8320,-0.02175,-0.01218,-0.00149
8.8400,-0.02175,-0.01221,-0.00149
8.8440,-0.02194,-0.01215,-0.00148
8.8520,-0.02213,-0.01210,-0.00148
8.8560,-0.02195,-0.01220,-0.00149
8.8640,-0.02232,-0.01206,-0.00147
8.8720,-0.02233,-0.01208,-0.00147
8.8760,-0.02251,-0.01202,-0.00145
8.8800,-0.02252,-0.01203,-0.00144
8.8840,-0.02252,-0.01205,-0.00144
8.8920,-0.02271,-0.01198,-0.00142
8.8960,-0.02272,-0.01200,-0.00141
8.9040,-0.02273,-0.01202,-0.00140
8.9080,-0.02481,-0.01103,-0.00126
8.9120,-0.02486,-0.01103,-0.00125
8.9160,-0.02491,-0.01104,-0.00123
8.9200,-0.02496,-0.01104,-0.00121
8.9240,-0.02501,-0.01104,-0.00119
8.9280,-0.02506,-0.01105,-0.00118
8.9320,-0.02511,-0.01105,-0.00116
8.9400,-0.02535,-0.01096,-0.00114
8.9440,-0.02541,-0.01095,-0.00113
8.9480,-0.02546,-0.01095,-0.00111
8.9520,-0.02551,-0.01094,-0.00110
8.9600,-0.02575,-0.01084,-0.00108
8.9640,-0.02580,-0.01084,-0.00107
8.9680,-0.02585,-0.01083,-0.00106
8.9720,-0.02590,-0.01082,-0.00104
8.9760,-0.02595,-0.01082,-0.00103
8.9840,-0.02633,-0.01062,-0.00104
8.9880,-0.02652,-0.01052,-0.00105
8.9920,-0.02671,-0.01042,-0.00106
9.0000,-0.02708,-0.01022,-0.00106
9.0040,-0.02901,-0.00925,-0.00114
9.0080,-0.02930,-0.00939,-0.00109
9.0120,-0.02937,-0.00962,-0.00104
9.0160,-0.02987,-0.00968,-0.00099
9.0200,-0.03016,-0.00982,-0.00094
9.0280,-0.03065,-0.00988,-0.00088
9.0320,-0.03094,-0.01003,-0.00083
9.0360,-0.03122,-0.01017,-0.00077
9.0400,-0.03151,-0.01032,-0.00071
9.0440,-0.03180,-0.01046,-0.00065
9.0480,-0.03208,-0.01061,-0.00059
9.0520,-0.03237,-0.01076,-0.00053
9.0600,-0.03266,-0.01091,-0.00047
9.0640,-0.03316,-0.01097,-0.00040
9.0680,-0.03344,-0.01112,-0.00034
9.0760,-0.03394,-0.01119,-0.00027
9.0800,-0.03414,-0.01111,-0.00026
9.0840,-0.03435,-0.01103,-0.00025
9.0920,-0.03476,-0.01086,-0.00023
9.0960,-0.03497,-0.01078,-0.00022
9.1000,-0.03518,-0.01070,-0.00021
9.1080,-0.03735,-0.00983,-0.00014
9.1120,-0.03661,-0.01028,-0.00015
9.1160,-0.03587,-0.01073,-0.00017
9.1200,-0.03514,-0.01118,-0.00018
9.1280,-0.03456,-0.01158,-0.00020
9.1320,-0.03367,-0.01207,-0.00022
9.1320,-0.03293,-0.01252,-0.00023
9.1360,-0.03220,-0.01296,-0.00025
9.1440,-0.03146,-0.01341,-0.00027
9.1520,-0.03104,-0.01375,-0.00027
9.1600,-0.03046,-0.01414,-0.00028
9.1680,-0.02973,-0.01458,-0.00029
9.1720,-0.02899,-0.01502,-0.00031
9.1760,-0.02841,-0.01541,-0.00032
9.1800,-0.02768,-0.01585,-0.00033
9.1840,-0.02694,-0.01629,-0.00035
9.1880,-0.02710,-0.01623,-0.00036
9.1920,-0.02725,-0.01618,-0.00036
9.2000,-0.02860,-0.01567,-0.00038
9.2080,-0.02831,-0.01579,-0.00037
9.2120,-0.02816,-0.01585,-0.00035
9.2160,-0.02787,-0.01597,-0.00034
9.2240,-0.02772,-0.01604,-0.00032
9.2240,-0.02730,-0.01620,-0.00031
9.2360,-0.02714,-0.01627,-0.00029
9.2400,-0.02699,-0.01632,-0.00028
9.2440,-0.02656,-0.01649,-0.00027
9.2520,-0.02655,-0.01649,-0.00025
9.2560,-0.02626,-0.01660,-0.00023
9.2600,-0.02598,-0.01671,-0.00022
9.2640,-0.02570,-0.01682,-0.00020
9.2640,-0.02528,-0.01699,-0.00020
9.2720,-0.02514,-0.01704,-0.00017
9.2720,-0.02472,-0.01720,-0.00016
9.2800,-0.02500,-0.01708,-0.00015
9.2840,-0.02514,-0.01702,-0.00014
9.2920,-0.02543,-0.01690,-0.00012
9.2960,-0.02557,-0.01683,-0.00011
9.3040,-0.02585,-0.01671,-0.00009
9.3080,-0.02742,-0.01598,0.00001
9.3120,-0.02738,-0.01592,0.00005
9.3160,-0.02734,-0.01586,0.00008
9.3200,-0.02729,-0.01579,0.00012
9.3280,-0.02739,-0.01567,0.00016
9.3360,-0.02734,-0.01560,0.00020
9.3400,-0.02744,-0.01547,0.00024
9.3440,-0.02740,-0.01541,0.00027
9.3480,-0.02736,-0.01534,0.00031
9.3520,-0.02731,-0.01527,0.00035
9.3600,-0.02741,-0.01514,0.00039
9.3640,-0.02736,-0.01507,0.00043
9.3680,-0.02732,-0.01500,0.00047
9.3720,-0.02727,-0.01493,0.00051
9.3760,-0.02722,-0.01486,0.00055
9.3800,-0.02718,-0.01480,0.00059
9.3840,-0.02731,-0.01473,0.00061
9.3880,-0.02744,-0.01467,0.00062
9.3960,-0.02771,-0.01453,0.00065
9.4000,-0.02785,-0.01446,0.00066
9.4040,-0.02798,-0.01439,0.00067
9.4080,-0.02947,-0.01365,0.00082
9.4120,-0.02942,-0.01372,0.00080
9.4160,-0.02937,-0.01380,0.00078
9.4200,-0.02932,-0.01387,0.00077
9.4280,-0.02940,-0.01388,0.00075
9.4320,-0.02934,-0.01395,0.00073
9.4360,-0.02929,-0.01403,0.00071
9.4400,-0.02911,-0.01416,0.00068
9.4440,-0.02918,-0.01417,0.00065
9.4520,-0.02925,-0.01418,0.00063
9.4600,-0.02932,-0.01419,0.00061
9.4640,-0.02927,-0.01426,0.00058
9.4640,-0.02908,-0.01440,0.00056
9.4760,-0.02928,-0.01435,0.00054
9.4800,-0.02922,-0.01443,0.00051
9.4840,-0.02915,-0.01450,0.00049
9.4920,-0.02940,-0.01438,0.00049
9.4960,-0.02952,-0.01431,0.00049
9.5000,-0.03059,-0.01373,0.00048
9.5080,-0.03050,-0.01386,0.00051
9.5080,-0.03042,-0.01400,0.00053
9.5160,-0.03046,-0.01408,0.00056
9.5200,-0.03037,-0.01421,0.00059
9.5240,-0.03029,-0.01435,0.00061
9.5280,-0.03021,-0.01448,0.00064
9.5320,-0.03000,-0.01468,0.00066
9.5360,-0.03004,-0.01475,0.00068
9.5400,-0.02996,-0.01489,0.00070
9.5440,-0.02988,-0.01502,0.00072
9.5480,-0.02980,-0.01516,0.00075
9.5520,-0.02972,-0.01529,0.00077
9.5600,-0.02964,-0.01543,0.00079
9.5640,-0.02969,-0.01551,0.00082
9.5680,-0.02974,-0.01559,0.00085
9.5760,-0.02987,-0.01553,0.00086
9.5800,-0.02999,-0.01547,0.00086
9.5840,-0.03012,-0.01542,0.00087
9.5920,-0.03038,-0.01530,0.00089
9.5960,-0.03050,-0.01525,0.00090
9.6000,-0.03063,-0.01519,0.00091
9.6080,-0.03089,-0.01507,0.00093
9.6120,-0.03206,-0.01454,0.00105
9.6160,-0.03071,-0.01498,0.00106
9.6200,-0.02936,-0.01541,0.00106
9.6240,-0.02801,-0.01585,0.00106
9.6280,-0.02666,-0.01628,0.00107
9.6320,-0.02535,-0.01672,0.00107
9.6400,-0.02400,-0.01715,0.00107
9.6440,-0.02265,-0.01759,0.00107
9.6480,-0.02130,-0.01802,0.00108
9.6520,-0.01995,-0.01846,0.00108
9.6600,-0.01859,-0.01889,0.00108
9.6640,-0.01727,-0.01932,0.00109
9.6680,-0.01591,-0.01976,0.00110
9.6720,-0.01452,-0.02020,0.00109
9.6720,-0.01316,-0.02063,0.00110
9.6800,-0.01184,-0.02106,0.00111
9.6880,-0.01191,-0.02106,0.00113
9.6960,-0.01198,-0.02105,0.00114
9.7000,-0.01202,-0.02106,0.00114
9.7000,-0.01206,-0.02106,0.00114
9.7080,-0.01210,-0.02106,0.00115
9.7120,-0.01214,-0.02106,0.00115
9.7160,-0.01218,-0.02107,0.00115
9.7200,-0.01222,-0.02107,0.00116
9.7240,-0.01226,-0.02107,0.00116
9.7280,-0.01230,-0.02107,0.00116
9.7320,-0.01233,-0.02107,0.00117
9.7400,-0.01268,-0.02105,0.00123
9.7440,-0.01302,-0.02121,0.00126
9.7480,-0.01342,-0.02135,0.00131
9.7560,-0.01382,-0.02151,0.00136
9.7600,-0.01416,-0.02167,0.00140
9.7640,-0.01450,-0.02183,0.00143
9.7720,-0.01491,-0.02198,0.00149
9.7760,-0.01525,-0.02214,0.00153
9.7800,-0.01560,-0.02230,0.00157
9.7840,-0.01595,-0.02246,0.00160
9.7880,-0.01623,-0.02263,0.00162
9.7920,-0.01665,-0.02278,0.00168
9.7960,-0.01700,-0.02294,0.00171
9.8000,-0.01735,-0.02310,0.00175
9.8080,-0.01770,-0.02326,0.00179
9.8120,-0.01810,-0.02341,0.00186
9.8160,-0.01817,-0.02339,0.00189
9.8240,-0.01829,-0.02337,0.00195
9.8280,-0.01835,-0.02336,0.00198
9.8320,-0.01841,-0.02335,0.00201
9.8400,-0.01853,-0.02333,0.00206
9.8440,-0.01859,-0.02333,0.00209
9.8520,-0.01941,-0.02320,0.00247
9.8560,-0.01980,-0.02360,0.00239
9.8600,-0.02010,-0.02402,0.00228
9.8640,-0.02049,-0.02442,0.00220
9.8720,-0.02108,-0.02478,0.00217
9.8720,-0.02146,-0.02518,0.00209
9.8800,-0.02185,-0.02557,0.00200
9.8840,-0.02224,-0.02597,0.00192
9.8920,-0.02271,-0.02634,0.00185
9.8960,-0.02310,-0.02674,0.00176
9.9040,-0.02358,-0.02710,0.00170
9.9040,-0.02387,-0.02752,0.00159
9.9120,-0.02426,-0.02791,0.00151
9.9160,-0.02474,-0.02827,0.00144
9.9200,-0.02513,-0.02866,0.00136
9.9240,-0.02552,-0.02906,0.00127
9.9280,-0.02562,-0.02902,0.00128
9.9320,-0.02572,-0.02899,0.00130
9.9400,-0.02592,-0.02893,0.00133
9.9440,-0.02692,-0.02863,0.00151
9.9480,-0.02672,-0.02845,0.00171
9.9520,-0.02652,-0.02826,0.00192
9.9600,-0.02639,-0.02804,0.00215
9.9640,-0.02613,-0.02788,0.00231
9.9720,-0.02607,-0.02762,0.00258
9.9760,-0.02587,-0.02743,0.00278
9.9800,-0.02568,-0.02725,0.00298
9.9840,-0.02549,-0.02706,0.00317
9.9880,-0.02529,-0.02687,0.00336
9.9960,-0.02517,-0.02665,0.00359
10.0000,-0.02497,-0.02647,0.00379
10.0000,-0.02478,-0.02628,0.00398
10.0080,-0.02458,-0.02610,0.00418
10.0120,-0.02438,-0.02592,0.00438
10.0160,-0.02419,-0.02574,0.00457
10.0200,-0.02426,-0.02572,0.00461
10.0240,-0.02433,-0.02569,0.00464
10.0280,-0.02440,-0.02567,0.00468
10.0320,-0.02447,-0.02564,0.00471
10.0360,-0.02454,-0.02562,0.00475
10.0440,-0.02467,-0.02558,0.00483
10.0480,-0.02549,-0.02539,0.00537
10.0520,-0.02576,-0.02549,0.00528
10.0600,-0.02612,-0.02558,0.00522
10.0640,-0.02631,-0.02570,0.00510
10.0680,-0.02666,-0.02578,0.00505
10.0720,-0.02694,-0.02588,0.00496
10.0760,-0.02721,-0.02599,0.00488
10.0800,-0.02740,-0.02611,0.00476
10.0840,-0.02776,-0.02619,0.00472
10.0880,-0.02804,-0.02630,0.00464
10.0920,-0.02832,-0.02640,0.00456
10.0960,-0.02861,-0.02650,0.00448
10.1000,-0.02889,-0.02660,0.00440
10.1080,-0.02928,-0.02668,0.00437
10.1120,-0.02956,-0.02678,0.00430
10.1160,-0.02985,-0.02688,0.00422
10.1200,-0.02995,-0.02686,0.00427
10.1280,-0.03014,-0.02681,0.00437
10.1320,-0.03024,-0.02679,0.00442
10.1360,-0.03034,-0.02677,0.00446
10.1400,-0.03034,-0.02677,0.00446
10.1440,-0.03043,-0.02674,0.00451
10.1480,-0.03062,-0.02670,0.00461
10.1560,-0.03072,-0.02667,0.00466
10.1600,-0.03091,-0.02662,0.00476
10.1640,-0.03100,-0.02659,0.00480
10.1680,-0.03109,-0.02657,0.00485
10.1720,-0.03119,-0.02654,0.00489
10.1760,-0.03212,-0.02624,0.00535
10.1800,-0.03068,-0.02601,0.00532
10.1840,-0.02925,-0.02579,0.00529
10.1880,-0.02781,-0.02556,0.00526
10.1920,-0.02637,-0.02533,0.00523
10.1960,-0.02494,-0.02511,0.00520
10.2000,-0.02350,-0.02490,0.00513
10.2040,-0.02207,-0.02465,0.00513
10.2040,-0.02063,-0.02443,0.00510
10.2120,-0.01920,-0.02422,0.00504
10.2200,-0.01777,-0.02395,0.00507
10.2200,-0.01634,-0.02373,0.00504
10.2280,-0.01491,-0.02350,0.00501
10.2320,-0.01348,-0.02328,0.00497
10.2360,-0.01205,-0.02305,0.00494
10.2400,-0.01062,-0.02282,0.00491
10.2440,-0.01063,-0.02280,0.00494
10.2520,-0.01064,-0.02275,0.00500
10.2560,-0.01064,-0.02275,0.00500
10.2640,-0.01066,-0.02268,0.00510
10.2680,-0.01066,-0.02266,0.00513
10.2680,-0.01066,-0.02263,0.00517
10.2760,-0.01067,-0.02261,0.00520
10.2800,-0.01067,-0.02259,0.00524
10.2880,-0.01068,-0.02255,0.00531
10.2920,-0.01069,-0.02253,0.00534
10.2960,-0.01070,-0.02251,0.00537
10.3000,-0.01070,-0.02249,0.00541
10.3040,-0.01070,-0.02249,0.00541
10.3080,-0.01076,-0.02237,0.00577
10.3120,-0.01060,-0.02228,0.00563
10.3160,-0.01042,-0.02216,0.00553
10.3200,-0.01024,-0.02206,0.00541
10.3240,-0.01007,-0.02196,0.00529
10.3280,-0.00990,-0.02185,0.00517
10.3360,-0.00972,-0.02174,0.00507
10.3360,-0.00955,-0.02164,0.00495
10.3440,-0.00938,-0.02154,0.00483
10.3480,-0.00921,-0.02143,0.00471
10.3520,-0.00904,-0.02133,0.00459
10.3560,-0.00887,-0.02123,0.00446
10.3640,-0.00869,-0.02112,0.00436
10.3680,-0.00851,-0.02102,0.00423
10.3720,-0.00834,-0.02092,0.00410
10.3760,-0.00808,-0.02078,0.00404
10.3840,-0.00799,-0.02082,0.00394
10.3880,-0.00791,-0.02087,0.00384
10.3920,-0.00784,-0.02093,0.00374
10.3960,-0.00776,-0.02098,0.00363
10.4040,-0.00769,-0.02102,0.00354
10.4080,-0.00761,-0.02107,0.00344
10.4080,-0.00754,-0.02112,0.00334
10.4160,-0.00747,-0.02117,0.00325
10.4200,-0.00740,-0.02122,0.00315
10.4240,-0.00734,-0.02127,0.00306
10.4280,-0.00727,-0.02132,0.00296
10.4360,-0.00720,-0.02137,0.00286
10.4360,-0.00714,-0.02143,0.00276
10.4440,-0.00707,-0.02148,0.00267
10.4480,-0.00701,-0.02152,0.00258
10.4520,-0.00701,-0.02151,0.00258
10.4560,-0.00700,-0.02150,0.00259
10.4600,-0.00700,-0.02149,0.00259
10.4640,-0.00699,-0.02148,0.00259
10.4720,-0.00696,-0.02144,0.00260
10.4800,-0.00695,-0.02143,0.00260
10.4840,-0.00694,-0.02141,0.00261
10.4880,-0.00692,-0.02140,0.00261
10.4920,-0.00691,-0.02138,0.00261
10.5000,-0.00688,-0.02135,0.00262
10.5080,-0.00665,-0.02118,0.00265
10.5120,-0.00663,-0.02121,0.00262
10.5160,-0.00661,-0.02124,0.00259
10.5200,-0.00659,-0.02128,0.00256
10.5240,-0.00656,-0.02132,0.00253
10.5280,-0.00654,-0.02135,0.00250
10.5360,-0.00649,-0.02138,0.00247
10.5360,-0.00647,-0.02142,0.00245
10.5440,-0.00645,-0.02146,0.00242
10.5480,-0.00643,-0.02150,0.00239
10.5520,-0.00641,-0.02154,0.00237
10.5560,-0.00639,-0.02157,0.00234
10.5600,-0.00637,-0.02161,0.00232
10.5640,-0.00635,-0.02165,0.00230
10.5680,-0.00633,-0.02169,0.00228
10.5760,-0.00629,-0.02172,0.00227
10.5840,-0.00626,-0.02170,0.00228
10.5880,-0.00626,-0.02170,0.00228
10.5920,-0.00623,-0.02168,0.00230
10.6000,-0.00619,-0.02167,0.00231
10.6040,-0.00602,-0.02156,0.00237
10.6120,-0.00597,-0.02151,0.00232
10.6160,-0.00593,-0.02147,0.00227
10.6160,-0.00589,-0.02144,0.00222
10.6280,-0.00583,-0.02137,0.00217
10.6320,-0.00579,-0.02134,0.00212
10.6360,-0.00575,-0.02130,0.00207
10.6400,-0.00571,-0.02126,0.00202
10.6440,-0.00567,-0.02122,0.00197
10.6480,-0.00563,-0.02118,0.00192
10.6520,-0.00559,-0.02114,0.00187
10.6600,-0.00553,-0.02107,0.00183
10.6640,-0.00549,-0.02103,0.00178
10.6720,-0.00542,-0.02096,0.00173
10.6760,-0.00538,-0.02091,0.00169
10.6800,-0.00534,-0.02087,0.00164
10.6840,-0.00531,-0.02083,0.00164
10.6880,-0.00529,-0.02080,0.00164
10.6920,-0.00527,-0.02076,0.00165
10.7000,-0.00522,-0.02069,0.00166
10.7040,-0.00519,-0.02065,0.00166
10.7080,-0.00517,-0.02061,0.00167
10.7120,-0.00514,-0.02057,0.00167
10.7160,-0.00511,-0.02053,0.00168
10.7200,-0.00475,-0.02001,0.00175
10.7240,-0.00477,-0.02003,0.00177
10.7280,-0.00479,-0.02005,0.00180
10.7320,-0.00481,-0.02006,0.00182
10.7360,-0.00483,-0.02008,0.00184
10.7400,-0.00485,-0.02010,0.00187
10.7440,-0.00487,-0.02011,0.00189
10.7520,-0.00485,-0.02010,0.00191
10.7600,-0.00484,-0.02009,0.00194
10.7640,-0.00486,-0.02011,0.00196
10.7720,-0.00484,-0.02009,0.00199
10.7760,-0.00486,-0.02011,0.00200
10.7800,-0.00487,-0.02012,0.00202
10.7880,-0.00485,-0.02010,0.00204
10.7920,-0.00487,-0.02011,0.00206
10.8000,-0.00485,-0.02009,0.00208
10.8040,-0.00481,-0.02006,0.00209
10.8080,-0.00477,-0.02003,0.00209
10.8160,-0.00470,-0.01996,0.00209
10.8200,-0.00466,-0.01993,0.00209
10.8240,-0.00463,-0.01989,0.00209
10.8280,-0.00463,-0.01989,0.00209
10.8320,-0.00456,-0.01982,0.00209
10.8360,-0.00453,-0.01978,0.00209
10.8400,-0.00426,-0.01940,0.00205
10.8480,-0.00422,-0.01944,0.00203
10.8560,-0.00417,-0.01947,0.00201
10.8600,-0.00415,-0.01954,0.00199
10.8640,-0.00414,-0.01960,0.00197
10.8720,-0.00410,-0.01964,0.00195
10.8760,-0.00411,-0.01973,0.00193
10.8800,-0.00407,-0.01977,0.00191
10.8840,-0.00406,-0.01983,0.00189
10.8840,-0.00407,-0.01993,0.00188
10.8960,-0.00400,-0.01993,0.00186
10.9000,-0.00399,-0.01999,0.00184
10.9040,-0.00398,-0.02005,0.00183
10.9120,-0.00394,-0.02008,0.00182
10.9160,-0.00394,-0.02014,0.00181
10.9200,-0.00393,-0.02020,0.00180
10.9240,-0.00390,-0.02017,0.00180
10.9280,-0.00388,-0.02014,0.00181
10.9320,-0.00386,-0.02011,0.00182
10.9360,-0.00384,-0.02007,0.00182
10.9400,-0.00366,-0.01978,0.00186
10.9440,-0.00368,-0.01980,0.00183
10.9520,-0.00368,-0.01979,0.00180
10.9560,-0.00370,-0.01982,0.00177
10.9600,-0.00374,-0.01989,0.00174
10.9640,-0.00373,-0.01989,0.00171
10.9680,-0.00375,-0.01992,0.00168
10.9760,-0.00377,-0.01995,0.00165
10.9800,-0.00375,-0.01994,0.00162
10.9840,-0.00376,-0.01997,0.00159
10.9880,-0.00377,-0.02001,0.00156
10.9960,-0.00376,-0.02000,0.00153
11.0000,-0.00377,-0.02003,0.00150
11.0080,-0.00376,-0.02002,0.00146
11.0120,-0.00377,-0.02005,0.00142
11.0160,-0.00379,-0.02008,0.00138
11.0200,-0.00376,-0.02004,0.00138
11.0240,-0.00373,-0.02000,0.00137
11.0280,-0.00370,-0.01996,0.00136
11.0320,-0.00368,-0.01993,0.00135
11.0360,-0.00368,-0.01993,0.00135
11.0400,-0.00365,-0.01989,0.00134
11.0440,-0.00359,-0.01981,0.00132
11.0520,-0.00326,-0.01936,0.00115
11.0560,-0.00326,-0.01955,0.00113
11.0600,-0.00333,-0.01975,0.00113
11.0640,-0.00333,-0.01995,0.00111
11.0720,-0.00333,-0.02013,0.00109
11.0760,-0.00336,-0.02033,0.00108
11.0800,-0.00339,-0.02052,0.00107
11.0880,-0.00339,-0.02071,0.00105
11.0920,-0.00342,-0.02090,0.00104
11.1000,-0.00342,-0.02109,0.00101
11.1080,-0.00342,-0.02128,0.00099
11.1120,-0.00345,-0.02147,0.00098
11.1160,-0.00348,-0.02166,0.00097
11.1200,-0.00352,-0.02186,0.00096
11.1240,-0.00355,-0.02205,0.00095
11.1320,-0.00356,-0.02223,0.00094
11.1360,-0.00356,-0.02223,0.00094
11.1400,-0.00353,-0.02222,0.00094
11.1440,-0.00325,-0.02205,0.00093
11.1520,-0.00328,-0.02200,0.00093
11.1560,-0.00334,-0.02197,0.00093
11.1640,-0.00337,-0.02191,0.00094
11.1680,-0.00345,-0.02191,0.00094
11.1720,-0.00348,-0.02186,0.00094
11.1760,-0.00353,-0.02183,0.00095
11.1800,-0.00358,-0.02180,0.00095
11.1840,-0.00363,-0.02178,0.00095
11.1880,-0.00369,-0.02175,0.00095
11.1960,-0.00371,-0.02169,0.00095
11.2000,-0.00376,-0.02166,0.00095
11.2040,-0.00381,-0.02164,0.00095
11.2080,-0.00389,-0.02163,0.00096
11.2120,-0.00391,-0.02158,0.00096
11.2160,-0.00395,-0.02155,0.00096
11.2200,-0.00393,-0.02153,0.00095
11.2240,-0.00390,-0.02150,0.00094
11.2320,-0.00384,-0.02146,0.00093
11.2360,-0.00384,-0.02146,0.00093
11.2400,-0.00378,-0.02141,0.00092
11.2440,-0.00378,-0.02141,0.00092
11.2520,-0.00338,-0.02111,0.00079
11.2560,-0.00338,-0.02108,0.00081
11.2640,-0.00334,-0.02101,0.00082
11.2680,-0.00334,-0.02097,0.00083
11.2720,-0.00334,-0.02094,0.00085
11.2800,-0.00330,-0.02087,0.00086
11.2880,-0.00327,-0.02080,0.00088
11.2920,-0.00326,-0.02076,0.00090
11.3000,-0.00323,-0.02068,0.00092
11.3000,-0.00326,-0.02067,0.00094
11.3080,-0.00323,-0.02059,0.00096
11.3120,-0.00322,-0.02055,0.00098
11.3160,-0.00322,-0.02050,0.00101
11.3200,-0.00322,-0.02045,0.00103
11.3240,-0.00322,-0.02041,0.00105
11.3320,-0.00318,-0.02033,0.00107
11.3400,-0.00312,-0.02026,0.00107
11.3440,-0.00281,-0.01988,0.00109
11.3480,-0.00281,-0.01990,0.00110
11.3520,-0.00285,-0.01995,0.00110
11.3600,-0.00286,-0.01998,0.00111
11.3640,-0.00290,-0.02003,0.00111
11.3720,-0.00290,-0.02005,0.00112
11.3760,-0.00294,-0.02010,0.00113
11.3840,-0.00294,-0.02013,0.00114
11.3880,-0.00298,-0.02017,0.00115
11.3920,-0.00301,-0.02022,0.00115
11.3960,-0.00305,-0.02027,0.00116
11.4000,-0.00309,-0.02031,0.00116
11.4040,-0.00312,-0.02036,0.00117
11.4080,-0.00319,-0.02043,0.00117
11.4120,-0.00323,-0.02048,0.00118
11.4160,-0.00324,-0.02049,0.00118
11.4200,-0.00320,-0.02046,0.00118
11.4280,-0.00314,-0.02039,0.00117
11.4320,-0.00310,-0.02036,0.00117
11.4400,-0.00303,-0.02029,0.00116
11.4440,-0.00300,-0.02026,0.00114
11.4480,-0.00260,-0.01985,0.00101
11.4520,-0.00261,-0.01990,0.00102
11.4560,-0.00262,-0.01995,0.00103
11.4600,-0.00264,-0.02000,0.00103
11.4640,-0.00265,-0.02005,0.00104
11.4680,-0.00266,-0.02010,0.00104
11.4720,-0.00268,-0.02015,0.00105
11.4800,-0.00265,-0.02017,0.00104
11.4840,-0.00265,-0.02021,0.00104
11.4880,-0.00271,-0.02029,0.00106
11.4920,-0.00267,-0.02030,0.00104
11.4960,-0.00268,-0.02034,0.00105
11.5000,-0.00269,-0.02038,0.00105
11.5040,-0.00269,-0.02042,0.00106
11.5080,-0.00270,-0.02046,0.00106
11.5120,-0.00270,-0.02050,0.00107
11.5160,-0.00265,-0.02045,0.00106
11.5240,-0.00254,-0.02036,0.00104
11.5280,-0.00249,-0.02032,0.00103
11.5320,-0.00244,-0.02027,0.00102
11.5360,-0.00192,-0.01984,0.00095
11.5440,-0.00191,-0.01986,0.00093
11.5480,-0.00195,-0.01992,0.00092
11.5520,-0.00198,-0.01998,0.00090
11.5560,-0.00201,-0.02004,0.00090
11.5600,-0.00204,-0.02010,0.00089
11.5640,-0.00207,-0.02016,0.00088
11.5680,-0.00209,-0.02022,0.00087
11.5720,-0.00212,-0.02028,0.00087
11.5760,-0.00214,-0.02034,0.00086
11.5800,-0.00217,-0.02040,0.00085
11.5840,-0.00219,-0.02046,0.00085
11.5880,-0.00227,-0.02057,0.00084
11.5920,-0.00230,-0.02063,0.00084
11.5960,-0.00232,-0.02069,0.00083
11.6000,-0.00228,-0.02071,0.00083
11.6040,-0.00223,-0.02066,0.00083
11.6080,-0.00217,-0.02062,0.00083
11.6120,-0.00211,-0.02058,0.00083
11.6200,-0.00200,-0.02049,0.00083
11.6240,-0.00195,-0.02045,0.00083
11.6320,-0.00185,-0.02036,0.00083
11.6360,-0.00174,-0.02027,0.00083
11.6440,-0.00169,-0.02024,0.00084
11.6520,-0.00104,-0.01980,0.00090
11.6560,-0.00117,-0.01997,0.00092
11.6600,-0.00120,-0.02009,0.00095
11.6680,-0.00128,-0.02024,0.00097
11.6720,-0.00136,-0.02038,0.00099
11.6760,-0.00139,-0.02050,0.00102
11.6800,-0.00147,-0.02065,0.00104
11.6880,-0.00151,-0.02077,0.00107
11.6920,-0.00159,-0.02091,0.00109
11.6960,-0.00168,-0.02105,0.00110
11.7000,-0.00177,-0.02119,0.00112
11.7040,-0.00186,-0.02133,0.00114
11.7080,-0.00194,-0.02147,0.00116
11.7120,-0.00203,-0.02162,0.00118
11.7160,-0.00212,-0.02176,0.00120
11.7200,-0.00221,-0.02190,0.00122
11.7280,-0.00212,-0.02185,0.00123
11.7320,-0.00203,-0.02181,0.00124
11.7400,-0.00199,-0.02179,0.00125
11.7440,-0.00199,-0.02179,0.00125
11.7480,-0.00151,-0.02155,0.00133
11.7560,-0.00165,-0.02163,0.00130
11.7600,-0.00180,-0.02171,0.00127
11.7640,-0.00191,-0.02178,0.00123
11.7680,-0.00206,-0.02186,0.00120
11.7800,-0.00215,-0.02191,0.00118
11.7840,-0.00230,-0.02199,0.00115
11.7880,-0.00244,-0.02206,0.00112
11.7920,-0.00259,-0.02214,0.00110
11.7960,-0.00273,-0.02222,0.00107
11.8000,-0.00286,-0.02230,0.00103
11.8080,-0.00296,-0.02235,0.00100
11.8120,-0.00310,-0.02243,0.00097
11.8160,-0.00323,-0.02251,0.00094
11.8240,-0.00332,-0.02256,0.00090
11.8280,-0.00345,-0.02263,0.00087
11.8320,-0.00341,-0.02260,0.00086
11.8360,-0.00333,-0.02254,0.00085
11.8440,-0.00289,-0.02214,0.00074
11.8520,-0.00301,-0.02217,0.00073
11.8560,-0.00316,-0.02222,0.00073
11.8640,-0.00329,-0.02225,0.00072
11.8680,-0.00344,-0.02231,0.00072
11.8760,-0.00357,-0.02234,0.00072
11.8800,-0.00372,-0.02240,0.00072
11.8880,-0.00385,-0.02243,0.00071
11.8920,-0.00401,-0.02249,0.00071
11.8960,-0.00417,-0.02255,0.00071
11.9000,-0.00433,-0.02261,0.00071
11.9040,-0.00450,-0.02266,0.00071
11.9120,-0.00464,-0.02270,0.00069
11.9160,-0.00482,-0.02278,0.00070
11.9240,-0.00496,-0.02281,0.00068
11.9280,-0.00510,-0.02284,0.00066
11.9320,-0.00508,-0.02282,0.00064
11.9360,-0.00487,-0.02262,0.00046
11.9440,-0.00488,-0.02268,0.00047
11.9520,-0.00489,-0.02272,0.00047
11.9560,-0.00492,-0.02278,0.00048
11.9600,-0.00495,-0.02284,0.00049
11.9680,-0.00498,-0.02291,0.00051
11.9720,-0.00501,-0.02297,0.00052
11.9760,-0.00501,-0.02302,0.00051
11.9800,-0.00505,-0.02308,0.00052
11.9840,-0.00508,-0.02315,0.00053
11.9920,-0.00508,-0.02320,0.00052
12.0000,-0.00509,-0.02324,0.00051
12.0080,-0.00510,-0.02329,0.00050
12.0120,-0.00513,-0.02334,0.00050
12.0160,-0.00516,-0.02340,0.00051
12.0200,-0.00519,-0.02345,0.00051
12.0240,-0.00517,-0.02344,0.00049
12.0280,-0.00514,-0.02343,0.00046
12.0320,-0.00512,-0.02342,0.00044
12.0400,-0.00507,-0.02340,0.00038
12.0480,-0.00479,-0.02327,0.00002
12.0520,-0.00520,-0.02337,0.00005
12.0600,-0.00562,-0.02347,0.00008
12.0640,-0.00603,-0.02356,0.00008
12.0680,-0.00645,-0.02366,0.00011
12.0720,-0.00687,-0.02376,0.00014
12.0760,-0.00729,-0.02388,0.00019
12.0840,-0.00771,-0.02394,0.00017
12.0880,-0.00813,-0.02404,0.00020
12.0960,-0.00856,-0.02412,0.00021
12.1000,-0.00898,-0.02422,0.00024
12.1080,-0.00940,-0.02430,0.00025
12.1120,-0.00982,-0.02439,0.00027
12.1200,-0.01025,-0.02447,0.00027
12.1200,-0.01067,-0.02459,0.00032
12.1280,-0.01110,-0.02466,0.00031
12.1320,-0.01111,-0.02464,0.00029
12.1400,-0.01115,-0.02439,0.00001
12.1440,-0.01095,-0.02442,0.00006
12.1480,-0.01074,-0.02440,0.00008
12.1520,-0.01053,-0.02441,0.00011
12.1560,-0.01032,-0.02441,0.00015
12.1600,-0.01012,-0.02442,0.00018
12.1640,-0.00991,-0.02443,0.00021
12.1720,-0.00970,-0.02443,0.00025
12.1760,-0.00950,-0.02444,0.00028
12.1800,-0.00928,-0.02441,0.00030
12.1840,-0.00907,-0.02442,0.00033
12.1880,-0.00887,-0.02442,0.00036
12.1960,-0.00866,-0.02440,0.00039
12.2000,-0.00845,-0.02440,0.00042
12.2000,-0.00825,-0.02444,0.00047
12.2040,-0.00804,-0.02444,0.00051
12.2120,-0.00803,-0.02441,0.00049
12.2160,-0.00800,-0.02436,0.00047
12.2200,-0.00799,-0.02433,0.00045
12.2280,-0.00796,-0.02428,0.00043
12.2360,-0.00795,-0.02426,0.00041
12.2400,-0.00780,-0.02406,0.00031
12.2440,-0.00705,-0.02414,0.00032
12.2480,-0.00632,-0.02423,0.00033
12.2560,-0.00556,-0.02431,0.00035
12.2600,-0.00483,-0.02441,0.00037
12.2640,-0.00411,-0.02450,0.00039
12.2720,-0.00336,-0.02458,0.00041
12.2760,-0.00263,-0.02467,0.00044
12.2800,-0.00190,-0.02476,0.00046
12.2880,-0.00115,-0.02484,0.00049
12.2920,-0.00042,-0.02493,0.00051
12.2960,0.00031,-0.02502,0.00054
12.3000,0.00104,-0.02511,0.00056
12.3080,0.00179,-0.02518,0.00060
12.3120,0.00249,-0.02529,0.00061
12.3160,0.00324,-0.02536,0.00065
12.3200,0.00326,-0.02534,0.00066
12.3240,0.00328,-0.02533,0.00067
12.3280,0.00331,-0.02531,0.00069
12.3320,0.00333,-0.02529,0.00070
12.3360,0.00349,-0.02516,0.00086
12.3440,0.00344,-0.02521,0.00089
12.3520,0.00338,-0.02525,0.00092
12.3560,0.00331,-0.02530,0.00092
12.3600,0.00324,-0.02534,0.00093
12.3640,0.00316,-0.02540,0.00093
12.3640,0.00308,-0.02545,0.00094
12.3680,0.00301,-0.02550,0.00095
12.3720,0.00295,-0.02555,0.00096
12.3800,0.00289,-0.02558,0.00098
12.3840,0.00282,-0.02563,0.00099
12.3920,0.00277,-0.02567,0.00102
12.4000,0.00272,-0.02571,0.00104
12.4040,0.00266,-0.02575,0.00104
12.4040,0.00259,-0.02580,0.00105
12.4120,0.00252,-0.02584,0.00106
12.4160,0.00254,-0.02583,0.00107
12.4200,0.00256,-0.02581,0.00108
12.4240,0.00258,-0.02580,0.00110
12.4280,0.00261,-0.02578,0.00111
12.4360,0.00265,-0.02575,0.00114
12.4440,0.00291,-0.02559,0.00132
12.4480,0.00282,-0.02563,0.00130
12.4520,0.00273,-0.02566,0.00128
12.4600,0.00267,-0.02568,0.00128
12.4640,0.00259,-0.02571,0.00127
12.4680,0.00250,-0.02574,0.00125
12.4720,0.00242,-0.02577,0.00124
12.4760,0.00233,-0.02580,0.00122
12.4840,0.00228,-0.02583,0.00123
12.4880,0.00220,-0.02586,0.00121
12.4920,0.00212,-0.02590,0.00119
12.4960,0.00205,-0.02593,0.00118
12.5000,0.00197,-0.02596,0.00116
12.5080,0.00194,-0.02599,0.00115
12.5120,0.00187,-0.02602,0.00114
12.5200,0.00183,-0.02605,0.00112
12.5240,0.00187,-0.02604,0.00113
12.5280,0.00191,-0.02604,0.00114
12.5320,0.00194,-0.02604,0.00115
12.5400,0.00201,-0.02603,0.00117
12.5440,0.00241,-0.02600,0.00124
12.5520,0.00254,-0.02593,0.00123
12.5560,0.00262,-0.02586,0.00122
12.5600,0.00270,-0.02580,0.00120
12.5640,0.00278,-0.02573,0.00119
12.5720,0.00291,-0.02565,0.00119
12.5760,0.00299,-0.02558,0.00118
12.5800,0.00307,-0.02552,0.00116
12.5880,0.00321,-0.02543,0.00116
12.5880,0.00329,-0.02536,0.00115
12.6000,0.00343,-0.02528,0.00115
12.6040,0.00352,-0.02521,0.00114
12.6080,0.00361,-0.02514,0.00113
12.6120,0.00369,-0.02506,0.00112
12.6160,0.00378,-0.02499,0.00110
12.6240,0.00393,-0.02490,0.00110
12.6280,0.00398,-0.02488,0.00112
12.6320,0.00398,-0.02488,0.00112
12.6320,0.00443,-0.02472,0.00120
12.6400,0.00434,-0.02477,0.00119
12.6400,0.00426,-0.02482,0.00118
12.6480,0.00422,-0.02486,0.00119
12.6520,0.00414,-0.02491,0.00118
12.6600,0.00411,-0.02495,0.00119
12.6680,0.00402,-0.02500,0.00118
12.6720,0.00399,-0.02503,0.00118
12.6800,0.00395,-0.02507,0.00117
12.6840,0.00391,-0.02509,0.00117
12.6920,0.00382,-0.02514,0.00116
12.6960,0.00374,-0.02518,0.00115
12.7000,0.00366,-0.02522,0.00114
12.7080,0.00361,-0.02525,0.00113
12.7120,0.00352,-0.02529,0.00112
12.7160,0.00343,-0.02533,0.00111
12.7200,0.00347,-0.02531,0.00113
12.7240,0.00351,-0.02529,0.00114
12.7320,0.00376,-0.02516,0.00125
12.7400,0.00369,-0.02517,0.00125
12.7400,0.00356,-0.02522,0.00124
12.7480,0.00343,-0.02526,0.00122
12.7560,0.00332,-0.02529,0.00122
12.7600,0.00319,-0.02533,0.00120
12.7680,0.00308,-0.02536,0.00120
12.7720,0.00296,-0.02540,0.00119
12.7760,0.00283,-0.02545,0.00118
12.7840,0.00272,-0.02547,0.00119
12.7880,0.00259,-0.02551,0.00119
12.7920,0.00246,-0.02556,0.00119
12.8000,0.00235,-0.02557,0.00121
12.8080,0.00221,-0.02562,0.00121
12.8120,0.00209,-0.02564,0.00123
12.8160,0.00196,-0.02569,0.00123
12.8240,0.00198,-0.02564,0.00128
12.8280,0.00199,-0.02561,0.00130
12.8320,0.00201,-0.02559,0.00133
12.8320,0.00208,-0.02538,0.00154
12.8400,0.00207,-0.02539,0.00153
12.8440,0.00205,-0.02542,0.00149
12.8480,0.00205,-0.02543,0.00151
12.8520,0.00204,-0.02544,0.00150
12.8560,0.00203,-0.02546,0.00149
12.8600,0.00202,-0.02548,0.00149
12.8640,0.00201,-0.02549,0.00149
12.8680,0.00201,-0.02551,0.00149
12.8720,0.00199,-0.02554,0.00145
12.8760,0.00199,-0.02554,0.00148
12.8800,0.00198,-0.02556,0.00148
12.8880,0.00199,-0.02556,0.00151
12.8920,0.00198,-0.02558,0.00151
12.8960,0.00196,-0.02561,0.00147
12.9000,0.00197,-0.02562,0.00149
12.9000,0.00197,-0.02562,0.00149
12.9080,0.00200,-0.02559,0.00155
12.9080,0.00200,-0.02559,0.00155
12.9160,0.00203,-0.02557,0.00160
12.9240,0.00206,-0.02555,0.00165
12.9280,0.00208,-0.02554,0.00167
12.9360,0.00220,-0.02544,0.00187
12.9360,0.00213,-0.02546,0.00182
12.9400,0.00208,-0.02546,0.00179
12.9520,0.00204,-0.02547,0.00176
12.9560,0.00198,-0.02548,0.00172
12.9600,0.00192,-0.02549,0.00167
12.9640,0.00186,-0.02551,0.00163
12.9680,0.00181,-0.02552,0.00159
12.9760,0.00178,-0.02552,0.00156
12.9840,0.00175,-0.02553,0.00154
12.9920,0.00171,-0.02553,0.00151
12.9960,0.00166,-0.02554,0.00147
13.0000,0.00160,-0.02555,0.00143
13.0080,0.00157,-0.02555,0.00140
13.0160,0.00153,-0.02555,0.00137
13.0200,0.00148,-0.02556,0.00132
13.0280,0.00151,-0.02555,0.00134
13.0360,0.00164,-0.02552,0.00140
13.0400,0.00166,-0.02551,0.00138
13.0440,0.00168,-0.02549,0.00135
13.0520,0.00170,-0.02547,0.00133
13.0560,0.00172,-0.02546,0.00131
13.0600,0.00173,-0.02545,0.00128
13.0640,0.00174,-0.02543,0.00125
13.0720,0.00176,-0.02541,0.00124
13.0760,0.00177,-0.02539,0.00121
13.0800,0.00179,-0.02538,0.00119
13.0840,0.00180,-0.02537,0.00117
13.0920,0.00181,-0.02534,0.00115
13.0960,0.00182,-0.02532,0.00113
13.1000,0.00182,-0.02530,0.00111
13.1080,0.00183,-0.02528,0.00108
13.1080,0.00183,-0.02524,0.00107
13.1160,0.00182,-0.02523,0.00108
13.1200,0.00182,-0.02521,0.00109
13.1280,0.00180,-0.02517,0.00110
13.1360,0.00172,-0.02497,0.00115
13.1400,0.00166,-0.02503,0.00113
13.1440,0.00160,-0.02510,0.00111
13.1480,0.00154,-0.02517,0.00108
13.1560,0.00145,-0.02521,0.00107
13.1600,0.00138,-0.02528,0.00106
13.1640,0.00131,-0.02534,0.00104
13.1680,0.00124,-0.02541,0.00102
13.1720,0.00117,-0.02547,0.00100
13.1800,0.00108,-0.02554,0.00099
13.1880,0.00098,-0.02559,0.00097
13.1920,0.00091,-0.02566,0.00095
13.1960,0.00084,-0.02572,0.00092
13.2000,0.00078,-0.02579,0.00090
13.2040,0.00069,-0.02583,0.00087
13.2080,0.00062,-0.02588,0.00084
13.2120,0.00062,-0.02588,0.00084
13.2200,0.00057,-0.02582,0.00082
13.2240,0.00056,-0.02580,0.00082
13.2280,0.00055,-0.02577,0.00081
13.2320,0.00054,-0.02575,0.00081
13.2360,0.00054,-0.02575,0.00081
13.2400,0.00051,-0.02552,0.00078
13.2440,0.00050,-0.02558,0.00078
13.2480,0.00049,-0.02563,0.00079
13.2520,0.00048,-0.02569,0.00080
13.2560,0.00047,-0.02574,0.00080
13.2640,0.00046,-0.02577,0.00082
13.2680,0.00045,-0.02582,0.00083
13.2720,0.00045,-0.02587,0.00084
13.2800,0.00043,-0.02590,0.00084
13.2840,0.00042,-0.02596,0.00084
13.2880,0.00041,-0.02602,0.00084
13.2960,0.00040,-0.02605,0.00083
13.3000,0.00039,-0.02613,0.00083
13.3040,0.00038,-0.02617,0.00082
13.3040,0.00038,-0.02622,0.00081
13.3120,0.00037,-0.02630,0.00081
13.3160,0.00037,-0.02626,0.00079
13.3200,0.00037,-0.02624,0.00077
13.3280,0.00037,-0.02619,0.00075
13.3320,0.00037,-0.02617,0.00073
13.3360,0.00038,-0.02601,0.00062
13.3400,0.00033,-0.02609,0.00060
13.3440,0.00028,-0.02616,0.00059
13.3520,0.00022,-0.02624,0.00056
13.3560,0.00017,-0.02632,0.00055
13.3600,0.00012,-0.02640,0.00054
13.3640,0.00008,-0.02648,0.00053
13.3680,0.00003,-0.02656,0.00051
13.3760,-0.00002,-0.02664,0.00050
13.3800,-0.00006,-0.02672,0.00048
13.3840,-0.00010,-0.02680,0.00046
13.3880,-0.00015,-0.02688,0.00044
13.3960,-0.00020,-0.02695,0.00041
13.4000,-0.00025,-0.02703,0.00039
13.4000,-0.00030,-0.02712,0.00038
13.4080,-0.00035,-0.02720,0.00036
13.4120,-0.00035,-0.02720,0.00036
13.4200,-0.00035,-0.02721,0.00034
13.4280,-0.00035,-0.02722,0.00033
13.4320,-0.00034,-0.02723,0.00033
13.4360,-0.00030,-0.02732,0.00033
13.4400,-0.00031,-0.02740,0.00035
13.4400,-0.00032,-0.02748,0.00038
13.4520,-0.00032,-0.02758,0.00042
13.4560,-0.00033,-0.02767,0.00045
13.4600,-0.00033,-0.02776,0.00047
13.4640,-0.00034,-0.02785,0.00050
13.4720,-0.00035,-0.02795,0.00054
13.4760,-0.00035,-0.02804,0.00057
13.4800,-0.00036,-0.02813,0.00060
13.4840,-0.00036,-0.02822,0.00063
13.4920,-0.00035,-0.02831,0.00067
13.4960,-0.00036,-0.02840,0.00071
13.5000,-0.00036,-0.02849,0.00074
13.5040,-0.00036,-0.02857,0.00078
13.5080,-0.00036,-0.02865,0.00082
13.5120,-0.00035,-0.02866,0.00084
13.5160,-0.00033,-0.02866,0.00085
13.5240,-0.00031,-0.02867,0.00089
13.5280,-0.00030,-0.02868,0.00091
13.5360,-0.00024,-0.02871,0.00109
13.5360,-0.00026,-0.02865,0.00108
13.5440,-0.00028,-0.02859,0.00107
13.5480,-0.00030,-0.02853,0.00106
13.5560,-0.00031,-0.02847,0.00106
13.5600,-0.00033,-0.02841,0.00105
13.5640,-0.00035,-0.02835,0.00104
13.5720,-0.00036,-0.02829,0.00104
13.5760,-0.00038,-0.02823,0.00102
13.5800,-0.00039,-0.02816,0.00102
13.5880,-0.00041,-0.02809,0.00102
13.5920,-0.00043,-0.02802,0.00101
13.6000,-0.00045,-0.02794,0.00101
13.6080,-0.00047,-0.02786,0.00102
13.6120,-0.00049,-0.02779,0.00101
13.6160,-0.00051,-0.02772,0.00100
13.6200,-0.00050,-0.02770,0.00101
13.6240,-0.00050,-0.02769,0.00103
13.6280,-0.00050,-0.02768,0.00104
13.6360,-0.00048,-0.02758,0.00117
13.6400,-0.00057,-0.02768,0.00115
13.6440,-0.00066,-0.02778,0.00114
13.6480,-0.00075,-0.02788,0.00112
13.6520,-0.00084,-0.02798,0.00110
13.6560,-0.00093,-0.02808,0.00108
13.6600,-0.00102,-0.02818,0.00105
13.6680,-0.00110,-0.02826,0.00106
13.6760,-0.00117,-0.02834,0.00105
13.6800,-0.00125,-0.02843,0.00103
13.6840,-0.00133,-0.02852,0.00101
13.6920,-0.00139,-0.02860,0.00100
13.6960,-0.00147,-0.02869,0.00098
13.7000,-0.00154,-0.02878,0.00096
13.7000,-0.00161,-0.02887,0.00094
13.7080,-0.00170,-0.02897,0.00091
13.7120,-0.00167,-0.02894,0.00092
13.7160,-0.00165,-0.02892,0.00092
13.7200,-0.00164,-0.02891,0.00092
13.7200,-0.00162,-0.02889,0.00092
13.7320,-0.00158,-0.02886,0.00092
13.7360,-0.00158,-0.02886,0.00092
13.7400,-0.00137,-0.02869,0.00082
13.7440,-0.00166,-0.02874,0.00082
13.7520,-0.00193,-0.02878,0.00081
13.7600,-0.00221,-0.02882,0.00080
13.7640,-0.00250,-0.02887,0.00080
13.7680,-0.00279,-0.02892,0.00080
13.7760,-0.00307,-0.02897,0.00080
13.7800,-0.00336,-0.02902,0.00080
13.7840,-0.00365,-0.02908,0.00080
13.7880,-0.00394,-0.02913,0.00081
13.7920,-0.00422,-0.02919,0.00081
13.7920,-0.00453,-0.02925,0.00082
13.8000,-0.00480,-0.02931,0.00083
13.8040,-0.00509,-0.02937,0.00083
13.8080,-0.00537,-0.02944,0.00084
13.8120,-0.00566,-0.02950,0.00085
13.8160,-0.00564,-0.02951,0.00084
13.8240,-0.00561,-0.02952,0.00083
13.8280,-0.00559,-0.02953,0.00083
13.8320,-0.00557,-0.02954,0.00082
13.8360,-0.00556,-0.02955,0.00082
13.8440,-0.00538,-0.02967,0.00077
13.8520,-0.00518,-0.03000,0.00072
13.8600,-0.00499,-0.03031,0.00068
13.8640,-0.00481,-0.03061,0.00065
13.8680,-0.00462,-0.03090,0.00061
13.8720,-0.00445,-0.03117,0.00058
13.8800,-0.00425,-0.03149,0.00054
13.8840,-0.00406,-0.03178,0.00051
13.8920,-0.00387,-0.03208,0.00047
13.9000,-0.00366,-0.03238,0.00044
13.9080,-0.00346,-0.03268,0.00041
13.9120,-0.00327,-0.03297,0.00038
13.9160,-0.00310,-0.03324,0.00034
13.9200,-0.00290,-0.03354,0.00031
13.9240,-0.00271,-0.03382,0.00028
13.9280,-0.00253,-0.03411,0.00024
13.9320,-0.00252,-0.03411,0.00024
13.9360,-0.00251,-0.03412,0.00024
13.9440,-0.00248,-0.03417,0.00024
13.9520,-0.00291,-0.03433,0.00029
13.9560,-0.00332,-0.03449,0.00032
13.9600,-0.00376,-0.03466,0.00037
13.9640,-0.00418,-0.03482,0.00041
13.9680,-0.00460,-0.03498,0.00045
13.9760,-0.00502,-0.03514,0.00049
13.9760,-0.00545,-0.03530,0.00054
13.9840,-0.00588,-0.03545,0.00058
13.9920,-0.00631,-0.03561,0.00063
13.9960,-0.00673,-0.03577,0.00068
14.0040,-0.00716,-0.03592,0.00073
14.0080,-0.00758,-0.03608,0.00078
14.0120,-0.00799,-0.03623,0.00082
14.0160,-0.00841,-0.03639,0.00087
14.0240,-0.00884,-0.03653,0.00093
14.0240,-0.00886,-0.03652,0.00094
14.0320,-0.00887,-0.03651,0.00095
14.0360,-0.00889,-0.03650,0.00096
14.0480,-0.00911,-0.03634,0.00110
14.0520,-0.00924,-0.03642,0.00109
14.0600,-0.00939,-0.03649,0.00109
14.0680,-0.00951,-0.03657,0.00109
14.0680,-0.00963,-0.03664,0.00108
14.0760,-0.00978,-0.03671,0.00108
14.0800,-0.00991,-0.03678,0.00108
14.0840,-0.01003,-0.03686,0.00107
14.0920,-0.01018,-0.03691,0.00107
14.0960,-0.01030,-0.03699,0.00106
14.1000,-0.01043,-0.03706,0.00105
14.1040,-0.01055,-0.03713,0.00103
14.1080,-0.01067,-0.03721,0.00102
14.1160,-0.01082,-0.03726,0.00101
14.1200,-0.01094,-0.03734,0.00100
14.1240,-0.01107,-0.03742,0.00098
14.1280,-0.01109,-0.03740,0.00098
14.1360,-0.01129,-0.03731,0.00102
14.1400,-0.01125,-0.03730,0.00101
14.1440,-0.01127,-0.03727,0.00103
14.1480,-0.01126,-0.03725,0.00103
14.1520,-0.01124,-0.03723,0.00103
14.1560,-0.01124,-0.03721,0.00103
14.1600,-0.01123,-0.03720,0.00104
14.1680,-0.01125,-0.03717,0.00105
14.1720,-0.01125,-0.03715,0.00105
14.1760,-0.01124,-0.03713,0.00106
14.1800,-0.01124,-0.03711,0.00107
14.1880,-0.01127,-0.03707,0.00109
14.1920,-0.01127,-0.03705,0.00110
14.1960,-0.01127,-0.03703,0.00110
14.2040,-0.01131,-0.03700,0.00112
14.2080,-0.01127,-0.03698,0.00112
14.2120,-0.01134,-0.03697,0.00114
14.2160,-0.01134,-0.03697,0.00114
14.2200,-0.01140,-0.03695,0.00115
14.2240,-0.01144,-0.03695,0.00116
14.2280,-0.01147,-0.03694,0.00116
14.2320,-0.01170,-0.03696,0.00117
14.2360,-0.01154,-0.03695,0.00115
14.2440,-0.01139,-0.03694,0.00113
14.2520,-0.01129,-0.03696,0.00111
14.2560,-0.01113,-0.03695,0.00109
14.2600,-0.01097,-0.03695,0.00107
14.2640,-0.01082,-0.03695,0.00104
14.2680,-0.01063,-0.03693,0.00102
14.2720,-0.01048,-0.03693,0.00100
14.2720,-0.01036,-0.03695,0.00099
14.2800,-0.01021,-0.03695,0.00097
14.2840,-0.01006,-0.03695,0.00096
14.2920,-0.00991,-0.03695,0.00094
14.2960,-0.00980,-0.03697,0.00093
14.3000,-0.00966,-0.03697,0.00092
14.3040,-0.00951,-0.03697,0.00091
14.3080,-0.00954,-0.03699,0.00092
14.3120,-0.00958,-0.03700,0.00093
14.3160,-0.00962,-0.03702,0.00094
14.3240,-0.00970,-0.03706,0.00096
14.3280,-0.00974,-0.03707,0.00097
14.3320,-0.00978,-0.03709,0.00098
14.3320,-0.01008,-0.03721,0.00105
14.3360,-0.01000,-0.03719,0.00104
14.3440,-0.00993,-0.03716,0.00103
14.3480,-0.00990,-0.03713,0.00103
14.3520,-0.00983,-0.03710,0.00101
14.3560,-0.00976,-0.03708,0.00100
14.3640,-0.00973,-0.03706,0.00098
14.3680,-0.00966,-0.03703,0.00097
14.3760,-0.00962,-0.03701,0.00095
14.3800,-0.00955,-0.03698,0.00094
14.3840,-0.00948,-0.03695,0.00092
14.3840,-0.00942,-0.03692,0.00090
14.3960,-0.00938,-0.03690,0.00089
14.4000,-0.00932,-0.03688,0.00087
14.4040,-0.00928,-0.03687,0.00085
14.4120,-0.00921,-0.03684,0.00084
14.4160,-0.00921,-0.03684,0.00084
14.4240,-0.00931,-0.03687,0.00086
14.4280,-0.00934,-0.03687,0.00086
14.4320,-0.00937,-0.03688,0.00087
14.4400,-0.00966,-0.03691,0.00099
14.4440,-0.00968,-0.03697,0.00098
14.4520,-0.00972,-0.03703,0.00098
14.4520,-0.00971,-0.03707,0.00097
14.4600,-0.00975,-0.03713,0.00097
14.4640,-0.00977,-0.03718,0.00096
14.4680,-0.00978,-0.03723,0.00096
14.4720,-0.00979,-0.03728,0.00095
14.4760,-0.00980,-0.03733,0.00094
14.4800,-0.00982,-0.03738,0.00094
14.4880,-0.00985,-0.03743,0.00094
14.4960,-0.00988,-0.03748,0.00093
14.5000,-0.00989,-0.03753,0.00092
14.5080,-0.00991,-0.03759,0.00091
14.5120,-0.00991,-0.03764,0.00090
14.5160,-0.00992,-0.03769,0.00089
14.5200,-0.00993,-0.03769,0.00090
14.5240,-0.00995,-0.03769,0.00090
14.5280,-0.01005,-0.03768,0.00094
14.5320,-0.01009,-0.03772,0.00094
14.5360,-0.01016,-0.03776,0.00094
14.5440,-0.01020,-0.03780,0.00094
14.5520,-0.01026,-0.03784,0.00095
14.5560,-0.01031,-0.03788,0.00095
14.5600,-0.01036,-0.03791,0.00094
14.5640,-0.01041,-0.03795,0.00093
14.5720,-0.01048,-0.03796,0.00085
14.5760,-0.01053,-0.03798,0.00078
14.5800,-0.01058,-0.03799,0.00072
14.5880,-0.01065,-0.03799,0.00062
14.5960,-0.01071,-0.03798,0.00052
14.6000,-0.01076,-0.03800,0.00046
14.6040,-0.01081,-0.03802,0.00041
14.6120,-0.01088,-0.03801,0.00030
14.6160,-0.01090,-0.03799,0.00025
14.6200,-0.01091,-0.03796,0.00020
14.6240,-0.01093,-0.03794,0.00016
14.6320,-0.01102,-0.03775,-0.00022
14.6400,-0.01067,-0.03781,-0.00026
14.6440,-0.01030,-0.03789,-0.00026
14.6520,-0.00993,-0.03795,-0.00030
14.6600,-0.00956,-0.03802,-0.00034
14.6640,-0.00919,-0.03809,-0.00034
14.6680,-0.00882,-0.03817,-0.00034
14.6720,-0.00844,-0.03825,-0.00035
14.6800,-0.00807,-0.03832,-0.00038
14.6880,-0.00769,-0.03839,-0.00042
14.6920,-0.00731,-0.03847,-0.00043
14.6960,-0.00694,-0.03855,-0.00043
14.7000,-0.00656,-0.03863,-0.00043
14.7000,-0.00620,-0.03872,-0.00040
14.7040,-0.00582,-0.03881,-0.00040
14.7120,-0.00545,-0.03888,-0.00044
14.7200,-0.00544,-0.03885,-0.00051
14.7240,-0.00544,-0.03884,-0.00055
14.7280,-0.00543,-0.03882,-0.00059
14.7320,-0.00543,-0.03881,-0.00063
14.7400,-0.00537,-0.03864,-0.00102
14.7440,-0.00545,-0.03866,-0.00097
14.7480,-0.00552,-0.03864,-0.00100
14.7520,-0.00560,-0.03865,-0.00098
14.7560,-0.00567,-0.03865,-0.00097
14.7640,-0.00575,-0.03863,-0.00099
14.7680,-0.00582,-0.03863,-0.00098
14.7720,-0.00590,-0.03863,-0.00096
14.7760,-0.00598,-0.03863,-0.00095
14.7840,-0.00606,-0.03862,-0.00096
14.7880,-0.00614,-0.03862,-0.00095
14.7880,-0.00622,-0.03864,-0.00090
14.7960,-0.00630,-0.03862,-0.00092
14.8000,-0.00638,-0.03862,-0.00091
14.8080,-0.00647,-0.03860,-0.00092
14.8120,-0.00656,-0.03859,-0.00091
14.8200,-0.00657,-0.03855,-0.00098
14.8240,-0.00657,-0.03852,-0.00102
14.8280,-0.00658,-0.03850,-0.00105
14.8320,-0.00662,-0.03827,-0.00137
14.8400,-0.00656,-0.03830,-0.00126
14.8440,-0.00650,-0.03834,-0.00113
14.8520,-0.00645,-0.03838,-0.00101
14.8560,-0.00638,-0.03840,-0.00091
14.8600,-0.00632,-0.03844,-0.00078
14.8640,-0.00626,-0.03848,-0.00066
14.8640,-0.00621,-0.03852,-0.00054
14.8720,-0.00615,-0.03856,-0.00042
14.8760,-0.00609,-0.03860,-0.00030
14.8800,-0.00604,-0.03864,-0.00017
14.8840,-0.00598,-0.03868,-0.00005
14.8880,-0.00592,-0.03871,0.00007
14.8920,-0.00587,-0.03875,0.00019
14.9000,-0.00581,-0.03879,0.00032
14.9000,-0.00575,-0.03880,0.00042
14.9080,-0.00575,-0.03877,0.00039
14.9120,-0.00575,-0.03875,0.00037
14.9120,-0.00575,-0.03875,0.00037
14.9200,-0.00575,-0.03870,0.00032
14.9200,-0.00575,-0.03870,0.00032
14.9320,-0.00575,-0.03863,0.00025
14.9360,-0.00577,-0.03842,0.00006
14.9440,-0.00579,-0.03839,0.00010
14.9520,-0.00581,-0.03834,0.00012
14.9600,-0.00583,-0.03828,0.00014
14.9640,-0.00585,-0.03825,0.00018
14.9680,-0.00587,-0.03822,0.00021
14.9720,-0.00589,-0.03819,0.00024
14.9760,-0.00591,-0.03816,0.00027
14.9800,-0.00592,-0.03813,0.00030
14.9880,-0.00594,-0.03808,0.00031
14.9920,-0.00596,-0.03805,0.00034
15.0000,-0.00598,-0.03799,0.00035
15.0000,-0.00600,-0.03798,0.00040
15.0080,-0.00602,-0.03795,0.00043
15.0120,-0.00604,-0.03793,0.00046
15.0160,-0.00606,-0.03787,0.00047
15.0200,-0.00606,-0.03784,0.00045
15.0240,-0.00606,-0.03782,0.00043
15.0280,-0.00606,-0.03779,0.00041
15.0360,-0.00606,-0.03777,0.00039
15.0400,-0.00610,-0.03759,0.00020
15.0440,-0.00625,-0.03768,0.00022
15.0520,-0.00643,-0.03778,0.00023
15.0560,-0.00658,-0.03788,0.00025
15.0600,-0.00674,-0.03798,0.00028
15.0640,-0.00690,-0.03808,0.00030
15.0640,-0.00706,-0.03818,0.00033
15.0760,-0.00725,-0.03827,0.00034
15.0800,-0.00740,-0.03837,0.00037
15.0840,-0.00756,-0.03846,0.00040
15.0880,-0.00772,-0.03855,0.00043
15.0920,-0.00788,-0.03865,0.00046
15.0960,-0.00804,-0.03874,0.00049
15.1000,-0.00820,-0.03883,0.00052
15.1080,-0.00838,-0.03893,0.00054
15.1160,-0.00855,-0.03903,0.00056
15.1200,-0.00857,-0.03903,0.00056
15.1200,-0.00859,-0.03904,0.00055
15.1320,-0.00862,-0.03905,0.00054
15.1360,-0.00877,-0.03915,0.00052
15.1400,-0.00814,-0.03903,0.00051
15.1440,-0.00752,-0.03891,0.00051
15.1480,-0.00689,-0.03879,0.00051
15.1520,-0.00627,-0.03867,0.00051
15.1560,-0.00564,-0.03855,0.00051
15.1640,-0.00505,-0.03846,0.00052
15.1680,-0.00442,-0.03834,0.00052
15.1720,-0.00379,-0.03823,0.00053
15.1760,-0.00317,-0.03811,0.00053
15.1800,-0.00254,-0.03800,0.00053
15.1800,-0.00191,-0.03789,0.00054
15.1920,-0.00131,-0.03781,0.00055
15.1960,-0.00069,-0.03770,0.00055
15.2000,-0.00006,-0.03759,0.00055
15.2040,0.00057,-0.03748,0.00055
15.2120,0.00054,-0.03751,0.00055
15.2160,0.00048,-0.03757,0.00056
15.2240,0.00043,-0.03763,0.00057
15.2280,0.00041,-0.03766,0.00057
15.2320,0.00039,-0.03769,0.00057
15.2360,0.00036,-0.03772,0.00058
15.2400,0.00015,-0.03802,0.00057
15.2520,0.00008,-0.03803,0.00060
15.2560,0.00006,-0.03801,0.00063
15.2640,0.00002,-0.03800,0.00066
15.2680,0.00002,-0.03795,0.00068
15.2720,0.00001,-0.03792,0.00070
15.2760,-0.00001,-0.03789,0.00073
15.2800,-0.00005,-0.03789,0.00076
15.2840,-0.00007,-0.03786,0.00079
15.2880,-0.00009,-0.03783,0.00082
15.2960,-0.00011,-0.03780,0.00084
15.3000,-0.00015,-0.03778,0.00088
15.3080,-0.00018,-0.03777,0.00092
15.3120,-0.00020,-0.03773,0.00095
15.3160,-0.00020,-0.03769,0.00097
15.3200,-0.00024,-0.03766,0.00101
15.3240,-0.00026,-0.03767,0.00103
15.3320,-0.00030,-0.03769,0.00105
15.3400,-0.00047,-0.03778,0.00120
15.3440,-0.00044,-0.03771,0.00118
15.3520,-0.00045,-0.03767,0.00118
15.3600,-0.00044,-0.03762,0.00118
15.3640,-0.00041,-0.03756,0.00116
15.3720,-0.00041,-0.03751,0.00115
15.3760,-0.00036,-0.03744,0.00113
15.3800,-0.00035,-0.03739,0.00112
15.3840,-0.00032,-0.03732,0.00111
15.3880,-0.00030,-0.03726,0.00109
15.3960,-0.00029,-0.03720,0.00108
15.4040,-0.00029,-0.03714,0.00108
15.4080,-0.00024,-0.03707,0.00105
15.4080,-0.00021,-0.03700,0.00104
15.4160,-0.00020,-0.03694,0.00102
15.4200,-0.00017,-0.03688,0.00100
15.4240,-0.00019,-0.03689,0.00100
15.4280,-0.00020,-0.03690,0.00101
15.4320,-0.00022,-0.03690,0.00101
15.4360,-0.00023,-0.03691,0.00102
15.4400,-0.00024,-0.03693,0.00102
15.4400,-0.00025,-0.03694,0.00101
15.4520,-0.00032,-0.03706,0.00091
15.4520,-0.00006,-0.03700,0.00088
15.4600,0.00017,-0.03695,0.00082
15.4680,0.00040,-0.03690,0.00077
15.4720,0.00064,-0.03685,0.00073
15.4760,0.00088,-0.03680,0.00069
15.4840,0.00110,-0.03675,0.00063
15.4880,0.00134,-0.03670,0.00059
15.4920,0.00158,-0.03666,0.00055
15.4960,0.00181,-0.03661,0.00050
15.5000,0.00205,-0.03656,0.00045
15.5040,0.00229,-0.03651,0.00041
15.5120,0.00251,-0.03647,0.00034
15.5160,0.00274,-0.03643,0.00030
15.5240,0.00296,-0.03639,0.00023
15.5280,0.00319,-0.03635,0.00018
15.5320,0.00317,-0.03636,0.00017
15.5400,0.00294,-0.03648,0.00002
15.5440,0.00284,-0.03651,0.00004
15.5480,0.00274,-0.03654,0.00007
15.5520,0.00264,-0.03658,0.00009
15.5560,0.00254,-0.03661,0.00012
15.5600,0.00243,-0.03664,0.00015
15.5640,0.00233,-0.03667,0.00017
15.5680,0.00222,-0.03670,0.00020
15.5760,0.00211,-0.03673,0.00022
15.5800,0.00197,-0.03676,0.00024
15.5840,0.00186,-0.03679,0.00027
15.5880,0.00175,-0.03682,0.00029
15.5920,0.00164,-0.03686,0.00032
15.5960,0.00154,-0.03689,0.00034
15.6040,0.00139,-0.03692,0.00035
15.6080,0.00128,-0.03695,0.00037
15.6120,0.00123,-0.03696,0.00035
15.6200,0.00115,-0.03697,0.00032
15.6240,0.00110,-0.03697,0.00030
15.6240,0.00110,-0.03697,0.00030
15.6320,0.00101,-0.03698,0.00026
15.6360,0.00097,-0.03698,0.00024
15.6360,0.00055,-0.03704,0.00001
15.6400,0.00081,-0.03698,0.00002
15.6480,0.00106,-0.03691,0.00003
15.6520,0.00132,-0.03685,0.00004
15.6560,0.00161,-0.03678,0.00006
15.6600,0.00183,-0.03673,0.00006
15.6640,0.00208,-0.03666,0.00007
15.6720,0.00234,-0.03659,0.00008
15.6760,0.00255,-0.03653,0.00008
15.6800,0.00281,-0.03646,0.00008
15.6840,0.00310,-0.03639,0.00010
15.6880,0.00331,-0.03632,0.00009
15.6920,0.00356,-0.03625,0.00010
15.6960,0.00381,-0.03618,0.00011
15.7000,0.00410,-0.03611,0.00012
15.7080,0.00428,-0.03604,0.00011
15.7160,0.00421,-0.03604,0.00009
15.7200,0.00418,-0.03603,0.00008
15.7240,0.00414,-0.03603,0.00007
15.7320,0.00407,-0.03602,0.00005
15.7360,0.00380,-0.03597,0.00002
15.7360,0.00373,-0.03598,0.00005
15.7440,0.00366,-0.03598,0.00007
15.7480,0.00359,-0.03599,0.00010
15.7520,0.00352,-0.03599,0.00012
15.7600,0.00340,-0.03599,0.00015
15.7640,0.00332,-0.03600,0.00017
15.7680,0.00324,-0.03600,0.00020
15.7680,0.00321,-0.03601,0.00022
15.7720,0.00314,-0.03601,0.00025
15.7800,0.00302,-0.03601,0.00028
15.7840,0.00294,-0.03602,0.00030
15.7920,0.00282,-0.03602,0.00032
15.7960,0.00274,-0.03603,0.00035
15.8000,0.00267,-0.03604,0.00037
15.8040,0.00259,-0.03605,0.00039
15.8080,0.00255,-0.03605,0.00039
15.8120,0.00251,-0.03605,0.00038
15.8200,0.00242,-0.03606,0.00038
15.8280,0.00233,-0.03607,0.00038
15.8320,0.00229,-0.03607,0.00038
15.8320,0.00193,-0.03609,0.00039
15.8360,0.00176,-0.03618,0.00040
15.8440,0.00170,-0.03623,0.00041
15.8480,0.00153,-0.03632,0.00043
15.8520,0.00141,-0.03639,0.00044
15.8560,0.00129,-0.03646,0.00045
15.8600,0.00117,-0.03653,0.00045
15.8640,0.00105,-0.03660,0.00046
15.8680,0.00093,-0.03667,0.00047
15.8720,0.00081,-0.03674,0.00048
15.8800,0.00063,-0.03682,0.00050
15.8880,0.00046,-0.03690,0.00051
15.8920,0.00034,-0.03696,0.00052
15.8960,0.00022,-0.03703,0.00053
15.9000,0.00010,-0.03709,0.00053
15.9040,-0.00002,-0.03716,0.00054
15.9120,-0.00012,-0.03718,0.00053
15.9160,-0.00018,-0.03720,0.00053
15.9200,-0.00023,-0.03721,0.00052
15.9240,-0.00028,-0.03723,0.00051
15.9280,-0.00028,-0.03723,0.00051
15.9320,-0.00038,-0.03726,0.00050
15.9360,-0.00082,-0.03742,0.00041
15.9400,-0.00084,-0.03744,0.00041
15.9400,-0.00080,-0.03744,0.00041
15.9480,-0.00086,-0.03747,0.00040
15.9560,-0.00093,-0.03751,0.00039
15.9600,-0.00095,-0.03752,0.00039
15.9640,-0.00096,-0.03754,0.00039
15.9720,-0.00103,-0.03758,0.00038
15.9720,-0.00099,-0.03758,0.00039
15.9800,-0.00106,-0.03761,0.00039
15.9880,-0.00112,-0.03765,0.00039
15.9920,-0.00114,-0.03767,0.00040
15.9960,-0.00115,-0.03768,0.00041
16.0000,-0.00116,-0.03769,0.00041
16.0000,-0.00118,-0.03771,0.00042
16.0120,-0.00124,-0.03773,0.00042
16.0200,-0.00134,-0.03776,0.00041
16.0240,-0.00139,-0.03777,0.00041
16.0280,-0.00144,-0.03779,0.00040
16.0320,-0.00148,-0.03780,0.00040
16.0400,-0.00153,-0.03782,0.00040
16.0400,-0.00201,-0.03796,0.00033
16.0520,-0.00196,-0.03796,0.00034
16.0560,-0.00196,-0.03796,0.00035
16.0600,-0.00192,-0.03796,0.00036
16.0640,-0.00187,-0.03795,0.00037
16.0680,-0.00178,-0.03793,0.00038
16.0720,-0.00173,-0.03792,0.00040
16.0800,-0.00178,-0.03793,0.00040
16.0840,-0.00174,-0.03792,0.00041
16.0920,-0.00174,-0.03792,0.00042
16.0960,-0.00170,-0.03791,0.00043
16.1000,-0.00165,-0.03791,0.00044
16.1040,-0.00161,-0.03790,0.00045
16.1040,-0.00156,-0.03789,0.00046
16.1120,-0.00151,-0.03789,0.00047
16.1160,-0.00147,-0.03789,0.00048
16.1200,-0.00152,-0.03790,0.00048
16.1280,-0.00161,-0.03793,0.00047
16.1360,-0.00169,-0.03795,0.00046
16.1400,-0.00208,-0.03810,0.00040
16.1440,-0.00200,-0.03809,0.00041
16.1520,-0.00204,-0.03811,0.00040
16.1560,-0.00201,-0.03811,0.00040
16.1600,-0.00197,-0.03810,0.00040
16.1640,-0.00194,-0.03809,0.00041
16.1680,-0.00191,-0.03808,0.00041
16.1720,-0.00187,-0.03808,0.00041
16.1760,-0.00184,-0.03807,0.00041
16.1800,-0.00180,-0.03806,0.00041
16.1840,-0.00177,-0.03806,0.00041
16.1880,-0.00173,-0.03805,0.00041
16.1920,-0.00170,-0.03805,0.00041
16.1960,-0.00166,-0.03804,0.00041
16.2000,-0.00163,-0.03803,0.00041
16.2080,-0.00163,-0.03802,0.00041
16.2160,-0.00170,-0.03803,0.00040
16.2200,-0.00174,-0.03803,0.00039
16.2240,-0.00177,-0.03803,0.00038
16.2320,-0.00207,-0.03802,0.00035
16.2400,-0.00210,-0.03801,0.00036
16.2440,-0.00210,-0.03800,0.00038
16.2480,-0.00209,-0.03799,0.00039
16.2520,-0.00209,-0.03798,0.00040
16.2600,-0.00213,-0.03796,0.00042
16.2640,-0.00213,-0.03794,0.00043
16.2640,-0.00213,-0.03793,0.00045
16.2720,-0.00213,-0.03791,0.00047
16.2760,-0.00212,-0.03789,0.00048
16.2800,-0.00212,-0.03787,0.00049
16.2840,-0.00212,-0.03785,0.00051
16.2880,-0.00211,-0.03783,0.00052
16.2960,-0.00216,-0.03781,0.00054
16.3000,-0.00215,-0.03779,0.00055
16.3040,-0.00215,-0.03778,0.00056
16.3080,-0.00215,-0.03778,0.00056
16.3120,-0.00224,-0.03777,0.00055
16.3160,-0.00229,-0.03777,0.00055
16.3200,-0.00234,-0.03777,0.00055
16.3240,-0.00239,-0.03777,0.00055
16.3280,-0.00244,-0.03776,0.00054
16.3320,-0.00249,-0.03776,0.00054
16.3360,-0.00295,-0.03777,0.00051
16.3360,-0.00296,-0.03780,0.00053
16.3440,-0.00296,-0.03783,0.00054
16.3520,-0.00302,-0.03787,0.00056
16.3560,-0.00297,-0.03789,0.00057
16.3600,-0.00298,-0.03792,0.00058
16.3640,-0.00304,-0.03796,0.00060
16.3680,-0.00300,-0.03799,0.00061
16.3720,-0.00306,-0.03803,0.00063
16.3800,-0.00313,-0.03808,0.00065
16.3840,-0.00314,-0.03812,0.00067
16.3880,-0.00315,-0.03815,0.00069
16.3920,-0.00317,-0.03819,0.00070
16.4000,-0.00323,-0.03823,0.00072
16.4040,-0.00324,-0.03827,0.00074
16.4120,-0.00325,-0.03831,0.00076
16.4200,-0.00340,-0.03834,0.00077
16.4240,-0.00345,-0.03836,0.00077
16.4280,-0.00345,-0.03836,0.00077
16.4320,-0.00384,-0.03848,0.00079
16.4360,-0.00385,-0.03851,0.00079
16.4440,-0.00385,-0.03854,0.00079
16.4480,-0.00390,-0.03859,0.00079
16.4560,-0.00395,-0.03866,0.00080
16.4600,-0.00396,-0.03870,0.00080
16.4640,-0.00396,-0.03874,0.00080
16.4720,-0.00402,-0.03881,0.00080
16.4760,-0.00402,-0.03885,0.00079
16.4800,-0.00403,-0.03889,0.00079
16.4840,-0.00404,-0.03893,0.00078
16.4880,-0.00404,-0.03897,0.00078
16.4920,-0.00405,-0.03901,0.00077
16.4960,-0.00406,-0.03905,0.00077
16.5000,-0.00407,-0.03909,0.00076
16.5080,-0.00413,-0.03916,0.00075
16.5120,-0.00418,-0.03919,0.00074
16.5160,-0.00423,-0.03922,0.00073
16.5200,-0.00429,-0.03925,0.00072
16.5240,-0.00434,-0.03928,0.00072
16.5280,-0.00439,-0.03931,0.00071
16.5360,-0.00487,-0.03954,0.00067
16.5400,-0.00476,-0.03946,0.00068
16.5440,-0.00465,-0.03939,0.00069
16.5520,-0.00458,-0.03933,0.00070
16.5560,-0.00446,-0.03925,0.00071
16.5600,-0.00434,-0.03917,0.00071
16.5640,-0.00423,-0.03909,0.00072
16.5720,-0.00415,-0.03902,0.00073
16.5760,-0.00403,-0.03895,0.00074
16.5760,-0.00387,-0.03886,0.00074
16.5840,-0.00379,-0.03879,0.00076
16.5880,-0.00367,-0.03871,0.00076
16.5960,-0.00354,-0.03863,0.00077
16.6000,-0.00345,-0.03855,0.00078
16.6040,-0.00333,-0.03846,0.00079
16.6080,-0.00320,-0.03838,0.00080
16.6160,-0.00327,-0.03837,0.00081
16.6240,-0.00333,-0.03837,0.00081
16.6280,-0.00336,-0.03837,0.00081
16.6360,-0.00343,-0.03836,0.00082
16.6400,-0.00346,-0.03836,0.00081
16.6440,-0.00350,-0.03835,0.00081
16.6480,-0.00354,-0.03835,0.00081
16.6560,-0.00361,-0.03833,0.00080
16.6640,-0.00368,-0.03832,0.00078
16.6680,-0.00372,-0.03831,0.00077
16.6680,-0.00403,-0.03820,0.00067
16.6720,-0.00401,-0.03819,0.00065
16.6800,-0.00394,-0.03817,0.00065
16.6840,-0.00388,-0.03816,0.00064
16.6880,-0.00381,-0.03815,0.00064
16.6920,-0.00375,-0.03813,0.00063
16.7000,-0.00371,-0.03811,0.00062
16.7000,-0.00365,-0.03809,0.00062
16.7080,-0.00358,-0.03808,0.00062
16.7120,-0.00351,-0.03806,0.00062
16.7160,-0.00344,-0.03804,0.00062
16.7200,-0.00337,-0.03803,0.00062
16.7200,-0.00327,-0.03802,0.00062
16.7280,-0.00323,-0.03799,0.00062
16.7360,-0.00318,-0.03796,0.00062
16.7400,-0.00311,-0.03794,0.00062
16.7440,-0.00314,-0.03792,0.00062
16.7480,-0.00316,-0.03791,0.00062
16.7520,-0.00319,-0.03790,0.00062
16.7600,-0.00324,-0.03787,0.00061
16.7640,-0.00327,-0.03786,0.00061
16.7680,-0.00331,-0.03784,0.00061
16.7720,-0.00334,-0.03783,0.00060
16.7760,-0.00334,-0.03783,0.00060
16.7800,-0.00340,-0.03779,0.00060
16.7920,-0.00347,-0.03775,0.00059
16.7920,-0.00351,-0.03774,0.00059
16.7960,-0.00383,-0.03759,0.00059
16.8000,-0.00387,-0.03765,0.00060
16.8040,-0.00391,-0.03772,0.00061
16.8120,-0.00399,-0.03779,0.00062
16.8160,-0.00403,-0.03785,0.00063
16.8200,-0.00407,-0.03792,0.00064
16.8240,-0.00412,-0.03798,0.00065
16.8280,-0.00416,-0.03805,0.00066
16.8320,-0.00420,-0.03812,0.00067
16.8400,-0.00425,-0.03818,0.00068
16.8440,-0.00429,-0.03825,0.00069
16.8520,-0.00436,-0.03832,0.00069
16.8600,-0.00446,-0.03838,0.00069
16.8680,-0.00452,-0.03845,0.00069
16.8720,-0.00456,-0.03852,0.00070
16.8760,-0.00459,-0.03859,0.00071
16.8800,-0.00461,-0.03860,0.00071
16.8880,-0.00465,-0.03861,0.00070
16.8880,-0.00465,-0.03861,0.00070
16.9000,-0.00482,-0.03864,0.00067
16.9040,-0.00492,-0.03867,0.00069
16.9080,-0.00501,-0.03870,0.00071
16.9120,-0.00510,-0.03873,0.00073
16.9160,-0.00520,-0.03876,0.00075
16.9200,-0.00529,-0.03879,0.00076
16.9240,-0.00537,-0.03882,0.00078
16.9320,-0.00548,-0.03885,0.00080
16.9400,-0.00558,-0.03888,0.00082
16.9440,-0.00567,-0.03891,0.00084
16.9480,-0.00576,-0.03894,0.00085
16.9520,-0.00586,-0.03897,0.00087
16.9600,-0.00597,-0.03900,0.00089
16.9680,-0.00609,-0.03904,0.00090
16.9680,-0.00618,-0.03907,0.00092
16.9760,-0.00625,-0.03910,0.00093
16.9800,-0.00630,-0.03910,0.00093
16.9880,-0.00634,-0.03910,0.00094
16.9920,-0.00636,-0.03911,0.00094
16.9960,-0.00649,-0.03914,0.00096
17.0000,-0.00656,-0.03917,0.00096
17.0040,-0.00668,-0.03921,0.00095
17.0120,-0.00678,-0.03924,0.00095
17.0160,-0.00690,-0.03929,0.00094
17.0200,-0.00700,-0.03932,0.00094
17.0240,-0.00710,-0.03936,0.00094
17.0280,-0.00717,-0.03939,0.00093
17.0320,-0.00730,-0.03944,0.00093
17.0400,-0.00743,-0.03949,0.00092
17.0440,-0.00753,-0.03953,0.00091
17.0480,-0.00765,-0.03958,0.00089
17.0560,-0.00775,-0.03962,0.00088
17.0600,-0.00783,-0.03964,0.00087
17.0640,-0.00795,-0.03969,0.00085
17.0680,-0.00802,-0.03972,0.00085
17.0720,-0.00808,-0.03974,0.00083
17.0760,-0.00811,-0.03975,0.00082
17.0840,-0.00817,-0.03977,0.00080
17.0840,-0.00817,-0.03977,0.00080
17.0920,-0.00824,-0.03978,0.00079
17.0960,-0.00827,-0.03978,0.00078
17.1000,-0.00857,-0.03979,0.00069
17.1040,-0.00858,-0.03980,0.00069
17.1080,-0.00859,-0.03981,0.00069
17.1120,-0.00857,-0.03981,0.00070
17.1160,-0.00861,-0.03982,0.00069
17.1200,-0.00862,-0.03983,0.00069
17.1240,-0.00863,-0.03984,0.00068
17.1280,-0.00864,-0.03985,0.00068
17.1320,-0.00865,-0.03986,0.00068
17.1360,-0.00863,-0.03986,0.00069
17.1400,-0.00864,-0.03987,0.00069
17.1440,-0.00866,-0.03988,0.00068
17.1520,-0.00868,-0.03989,0.00066
17.1560,-0.00868,-0.03989,0.00066
17.1600,-0.00866,-0.03989,0.00067
17.1640,-0.00867,-0.03989,0.00065
17.1680,-0.00869,-0.03989,0.00064
17.1720,-0.00871,-0.03989,0.00062
17.1760,-0.00872,-0.03989,0.00061
17.1800,-0.00873,-0.03989,0.00059
17.1880,-0.00876,-0.03988,0.00056
17.1920,-0.00878,-0.03988,0.00054
17.1960,-0.00880,-0.03988,0.00052
17.2000,-0.00895,-0.03982,0.00033
17.2040,-0.00889,-0.03979,0.00037
17.2080,-0.00883,-0.03976,0.00040
17.2160,-0.00878,-0.03973,0.00042
17.2200,-0.00872,-0.03970,0.00045
17.2240,-0.00865,-0.03967,0.00048
17.2280,-0.00859,-0.03964,0.00051
17.2320,-0.00852,-0.03960,0.00054
17.2360,-0.00845,-0.03957,0.00057
17.2360,-0.00838,-0.03955,0.00061
17.2440,-0.00833,-0.03951,0.00062
17.2480,-0.00826,-0.03947,0.00065
17.2560,-0.00821,-0.03943,0.00065
17.2600,-0.00815,-0.03940,0.00067
17.2640,-0.00809,-0.03936,0.00070
17.2680,-0.00803,-0.03932,0.00072
17.2720,-0.00805,-0.03931,0.00070
17.2760,-0.00807,-0.03929,0.00068
17.2800,-0.00809,-0.03928,0.00066
17.2840,-0.00811,-0.03927,0.00064
17.2880,-0.00812,-0.03925,0.00062
17.2920,-0.00814,-0.03923,0.00060
17.3000,-0.00828,-0.03907,0.00042
17.3000,-0.00834,-0.03908,0.00043
17.3080,-0.00838,-0.03909,0.00044
17.3120,-0.00846,-0.03907,0.00044
17.3160,-0.00852,-0.03907,0.00044
17.3200,-0.00859,-0.03906,0.00044
17.3240,-0.00865,-0.03906,0.00045
17.3320,-0.00871,-0.03905,0.00045
17.3360,-0.00880,-0.03903,0.00044
17.3360,-0.00886,-0.03902,0.00044
17.3440,-0.00892,-0.03902,0.00045
17.3480,-0.00898,-0.03902,0.00046
17.3520,-0.00904,-0.03902,0.00047
17.3560,-0.00908,-0.03903,0.00048
17.3600,-0.00916,-0.03901,0.00049
17.3640,-0.00922,-0.03901,0.00050
17.3640,-0.00925,-0.03898,0.00050
17.3720,-0.00927,-0.03896,0.00049
17.3760,-0.00927,-0.03896,0.00049
17.3800,-0.00929,-0.03894,0.00049
17.3880,-0.00935,-0.03887,0.00047
17.3920,-0.00937,-0.03885,0.00047
17.3960,-0.00939,-0.03882,0.00046
17.4000,-0.00955,-0.03861,0.00041
17.4040,-0.00972,-0.03866,0.00044
17.4080,-0.00992,-0.03870,0.00046
17.4120,-0.01013,-0.03873,0.00048
17.4160,-0.01032,-0.03877,0.00051
17.4240,-0.01053,-0.03880,0.00053
17.4320,-0.01075,-0.03883,0.00055
17.4360,-0.01094,-0.03887,0.00058
17.4400,-0.01113,-0.03891,0.00060
17.4440,-0.01133,-0.03895,0.00062
17.4480,-0.01152,-0.03899,0.00064
17.4560,-0.01174,-0.03902,0.00066
17.4640,-0.01195,-0.03905,0.00067
17.4680,-0.01215,-0.03909,0.00069
17.4720,-0.01234,-0.03913,0.00071
17.4760,-0.01254,-0.03918,0.00073
17.4800,-0.01256,-0.03917,0.00072
17.4840,-0.01259,-0.03916,0.00072
17.4880,-0.01262,-0.03914,0.00071
17.4920,-0.01264,-0.03913,0.00070
17.5000,-0.01289,-0.03904,0.00067
17.5040,-0.01293,-0.03909,0.00069
17.5080,-0.01298,-0.03915,0.00070
17.5160,-0.01302,-0.03920,0.00072
17.5200,-0.01310,-0.03925,0.00073
17.5240,-0.01314,-0.03930,0.00075
17.5320,-0.01322,-0.03935,0.00075
17.5400,-0.01331,-0.03939,0.00076
17.5440,-0.01336,-0.03944,0.00078
17.5520,-0.01344,-0.03948,0.00080
17.5560,-0.01349,-0.03953,0.00083
17.5640,-0.01357,-0.03957,0.00086
17.5680,-0.01362,-0.03961,0.00089
17.5720,-0.01367,-0.03966,0.00092
17.5800,-0.01375,-0.03970,0.00097
17.5840,-0.01379,-0.03975,0.00101
17.5880,-0.01383,-0.03975,0.00102
17.5920,-0.01386,-0.03974,0.00103
17.6000,-0.01411,-0.03977,0.00113
17.6040,-0.01404,-0.03980,0.00114
17.6080,-0.01396,-0.03984,0.00116
17.6120,-0.01388,-0.03988,0.00117
17.6160,-0.01380,-0.03991,0.00119
17.6240,-0.01374,-0.03995,0.00121
17.6280,-0.01366,-0.03998,0.00122
17.6320,-0.01358,-0.04001,0.00124
17.6400,-0.01350,-0.04005,0.00126
17.6440,-0.01345,-0.04008,0.00128
17.6480,-0.01337,-0.04012,0.00130
17.6520,-0.01329,-0.04015,0.00131
17.6560,-0.01322,-0.04018,0.00133
17.6640,-0.01317,-0.04021,0.00135
17.6680,-0.01310,-0.04024,0.00137
17.6720,-0.01302,-0.04027,0.00139
17.6760,-0.01305,-0.04026,0.00140
17.6800,-0.01308,-0.04026,0.00141
17.6840,-0.01310,-0.04025,0.00142
17.6880,-0.01313,-0.04025,0.00144
17.6960,-0.01318,-0.04023,0.00146
17.7000,-0.01321,-0.04023,0.00147
17.7040,-0.01323,-0.04022,0.00148
17.7080,-0.01326,-0.04021,0.00149
17.7120,-0.01329,-0.04020,0.00150
17.7200,-0.01334,-0.04017,0.00153
17.7200,-0.01334,-0.04017,0.00153
17.7320,-0.01358,-0.04007,0.00161
17.7360,-0.01358,-0.04014,0.00159
17.7400,-0.01360,-0.04020,0.00159
17.7440,-0.01366,-0.04026,0.00159
17.7480,-0.01369,-0.04032,0.00159
17.7560,-0.01374,-0.04037,0.00160
17.7640,-0.01380,-0.04042,0.00161
17.7720,-0.01385,-0.04047,0.00162
17.7760,-0.01388,-0.04053,0.00162
17.7800,-0.01390,-0.04059,0.00162
17.7840,-0.01392,-0.04064,0.00161
17.7880,-0.01394,-0.04070,0.00161
17.7920,-0.01396,-0.04076,0.00160
17.8000,-0.01401,-0.04081,0.00160
17.8080,-0.01405,-0.04086,0.00161
17.8120,-0.01406,-0.04092,0.00161
17.8160,-0.01408,-0.04091,0.00162
17.8200,-0.01410,-0.04091,0.00163
17.8280,-0.01414,-0.04089,0.00165
17.8360,-0.01424,-0.04081,0.00175
17.8400,-0.01346,-0.04059,0.00170
17.8480,-0.01268,-0.04036,0.00166
17.8560,-0.01190,-0.04014,0.00161
17.8600,-0.01112,-0.03991,0.00157
17.8680,-0.01034,-0.03969,0.00154
17.8720,-0.00955,-0.03947,0.00149
17.8720,-0.00877,-0.03925,0.00144
17.8800,-0.00798,-0.03903,0.00142
17.8840,-0.00719,-0.03881,0.00139
17.8880,-0.00641,-0.03859,0.00135
17.8960,-0.00562,-0.03838,0.00134
17.9000,-0.00483,-0.03816,0.00128
17.9040,-0.00405,-0.03794,0.00126
17.9120,-0.00326,-0.03773,0.00125
17.9160,-0.00248,-0.03751,0.00121
17.9200,-0.00248,-0.03751,0.00124
17.9240,-0.00249,-0.03751,0.00126
17.9280,-0.00249,-0.03751,0.00128
17.9320,-0.00250,-0.03751,0.00131
17.9400,-0.00250,-0.03751,0.00133
17.9480,-0.00258,-0.03753,0.00156
17.9480,-0.00223,-0.03743,0.00150
17.9560,-0.00187,-0.03733,0.00145
17.9600,-0.00152,-0.03723,0.00139
17.9640,-0.00117,-0.03713,0.00134
17.9720,-0.00082,-0.03704,0.00129
17.9800,-0.00048,-0.03692,0.00126
17.9840,-0.00012,-0.03682,0.00120
17.9880,0.00023,-0.03672,0.00115
17.9920,0.00058,-0.03661,0.00109
18.0000,0.00092,-0.03649,0.00105
18.0040,0.00127,-0.03639,0.00099
18.0120,0.00161,-0.03627,0.00094
18.0160,0.00196,-0.03616,0.00089
18.0240,0.00230,-0.03604,0.00083
18.0320,0.00264,-0.03592,0.00078
18.0360,0.00263,-0.03590,0.00078
18.0400,0.00262,-0.03589,0.00078
18.0480,0.00251,-0.03570,0.00074
18.0520,0.00297,-0.03558,0.00069
18.0560,0.00343,-0.03544,0.00062
18.0600,0.00389,-0.03531,0.00056
18.0680,0.00434,-0.03516,0.00049
18.0720,0.00480,-0.03502,0.00044
18.0760,0.00525,-0.03489,0.00038
18.0800,0.00570,-0.03475,0.00033
18.0840,0.00617,-0.03463,0.00028
18.0880,0.00660,-0.03448,0.00022
18.0920,0.00705,-0.03435,0.00016
18.0960,0.00751,-0.03421,0.00011
18.1000,0.00797,-0.03409,0.00006
18.1040,0.00841,-0.03393,-0.00001
18.1080,0.00886,-0.03379,-0.00007
18.1120,0.00931,-0.03365,-0.00012
18.1200,0.00928,-0.03362,-0.00016
18.1280,0.00925,-0.03359,-0.00019
18.1320,0.00913,-0.03348,-0.00032
18.1360,0.00913,-0.03347,-0.00032
18.1400,0.00914,-0.03345,-0.00032
18.1440,0.00914,-0.03344,-0.00033
18.1520,0.00912,-0.03341,-0.00035
18.1560,0.00913,-0.03340,-0.00035
18.1600,0.00913,-0.03338,-0.00035
18.1640,0.00914,-0.03337,-0.00035
18.1680,0.00914,-0.03336,-0.00035
18.1720,0.00914,-0.03334,-0.00036
18.1760,0.00915,-0.03333,-0.00036
18.1800,0.00915,-0.03332,-0.00036
18.1840,0.00916,-0.03330,-0.00036
18.1920,0.00915,-0.03327,-0.00037
18.1960,0.00916,-0.03326,-0.00037
18.2040,0.00917,-0.03325,-0.00037
18.2080,0.00915,-0.03324,-0.00039
18.2120,0.00913,-0.03321,-0.00043
18.2160,0.00912,-0.03320,-0.00045
18.2200,0.00911,-0.03320,-0.00047
18.2240,0.00909,-0.03319,-0.00049
18.2320,0.00907,-0.03318,-0.00053
18.2400,0.00906,-0.03317,-0.00055
18.2400,0.00905,-0.03316,-0.00056
18.2440,0.00894,-0.03317,-0.00077
18.2520,0.00926,-0.03322,-0.00073
18.2560,0.00957,-0.03324,-0.00069
18.2600,0.00987,-0.03326,-0.00064
18.2640,0.01018,-0.03330,-0.00060
18.2720,0.01049,-0.03333,-0.00056
18.2760,0.01079,-0.03335,-0.00052
18.2800,0.01110,-0.03337,-0.00048
18.2880,0.01142,-0.03340,-0.00044
18.2920,0.01173,-0.03342,-0.00040
18.2960,0.01204,-0.03344,-0.00035
18.3000,0.01235,-0.03346,-0.00031
18.3040,0.01265,-0.03348,-0.00027
18.3080,0.01296,-0.03350,-0.00023
18.3120,0.01327,-0.03353,-0.00018
18.3160,0.01357,-0.03355,-0.00014
18.3200,0.01358,-0.03355,-0.00014
18.3240,0.01358,-0.03355,-0.00013
18.3320,0.01358,-0.03355,-0.00013
18.3400,0.01359,-0.03357,-0.00006
18.3440,0.01360,-0.03353,-0.00007
18.3520,0.01359,-0.03348,-0.00006
18.3560,0.01359,-0.03343,-0.00006
18.3640,0.01359,-0.03337,-0.00005
18.3680,0.01360,-0.03332,-0.00005
18.3720,0.01360,-0.03327,-0.00004
18.3760,0.01360,-0.03322,-0.00004
18.3840,0.01360,-0.03316,-0.00003
18.3880,0.01361,-0.03311,-0.00003
18.3960,0.01361,-0.03306,-0.00003
18.4000,0.01362,-0.03301,-0.00003
18.4040,0.01362,-0.03295,-0.00004
18.4080,0.01363,-0.03290,-0.00004
18.4120,0.01363,-0.03285,-0.00005
18.4160,0.01364,-0.03280,-0.00005
18.4200,0.01364,-0.03279,-0.00005
18.4200,0.01363,-0.03279,-0.00005
18.4280,0.01363,-0.03278,-0.00005
18.4320,0.01360,-0.03272,-0.00004
18.4360,0.01346,-0.03276,-0.00005
18.4400,0.01333,-0.03281,-0.00005
18.4440,0.01319,-0.03286,-0.00005
18.4520,0.01306,-0.03289,-0.00006
18.4560,0.01293,-0.03294,-0.00007
18.4640,0.01279,-0.03298,-0.00007
18.4680,0.01266,-0.03303,-0.00007
18.4680,0.01253,-0.03306,-0.00007
18.4760,0.01240,-0.03311,-0.00006
18.4800,0.01227,-0.03315,-0.00006
18.4840,0.01214,-0.03319,-0.00006
18.4920,0.01201,-0.03322,-0.00004
18.5000,0.01188,-0.03325,-0.00003
18.5040,0.01175,-0.03329,-0.00002
18.5120,0.01162,-0.03332,-0.00001
18.5160,0.01163,-0.03330,-0.00000
18.5200,0.01163,-0.03329,0.00000
18.5240,0.01164,-0.03328,0.00001
18.5320,0.01165,-0.03326,0.00002
18.5400,0.01170,-0.03314,0.00006
18.5440,0.01182,-0.03311,0.00006
18.5520,0.01194,-0.03307,0.00006
18.5560,0.01205,-0.03304,0.00005
18.5640,0.01216,-0.03300,0.00004
18.5680,0.01228,-0.03298,0.00003
18.5720,0.01239,-0.03295,0.00002
18.5760,0.01251,-0.03292,0.00001
18.5800,0.01262,-0.03290,0.00000
18.5840,0.01272,-0.03286,0.00000
18.5960,0.01283,-0.03283,0.00000
18.6000,0.01294,-0.03281,-0.00000
18.6040,0.01305,-0.03278,-0.00001
18.6120,0.01316,-0.03275,-0.00001
18.6160,0.01327,-0.03273,-0.00002
18.6240,0.01337,-0.03270,-0.00002
18.6280,0.01336,-0.03269,-0.00002
18.6320,0.01336,-0.03268,-0.00001
18.6360,0.01335,-0.03268,-0.00001
18.6400,0.01327,-0.03262,-0.00000
18.6440,0.01323,-0.03265,-0.00001
18.6520,0.01319,-0.03269,-0.00002
18.6560,0.01315,-0.03272,-0.00003
18.6560,0.01311,-0.03276,-0.00004
18.6640,0.01307,-0.03279,-0.00005
18.6680,0.01303,-0.03283,-0.00005
18.6720,0.01298,-0.03286,-0.00006
18.6760,0.01294,-0.03290,-0.00006
18.6840,0.01289,-0.03293,-0.00006
18.6880,0.01285,-0.03297,-0.00007
18.6920,0.01281,-0.03300,-0.00007
18.7000,0.01277,-0.03303,-0.00007
18.7040,0.01273,-0.03306,-0.00008
18.7080,0.01269,-0.03309,-0.00007
18.7120,0.01265,-0.03312,-0.00008
18.7160,0.01265,-0.03312,-0.00007
18.7240,0.01265,-0.03311,-0.00004
18.7280,0.01265,-0.03310,-0.00004
18.7320,0.01266,-0.03309,-0.00003
18.7360,0.01266,-0.03309,-0.00003
18.7400,0.01273,-0.03298,0.00008
18.7440,0.01281,-0.03296,0.00008
18.7520,0.01289,-0.03292,0.00009
18.7560,0.01296,-0.03290,0.00008
18.7600,0.01304,-0.03288,0.00008
18.7640,0.01311,-0.03286,0.00008
18.7680,0.01317,-0.03285,0.00007
18.7720,0.01326,-0.03281,0.00008
18.7760,0.01333,-0.03279,0.00007
18.7760,0.01340,-0.03276,0.00007
18.7840,0.01348,-0.03274,0.00006
18.7880,0.01355,-0.03271,0.00005
18.7920,0.01361,-0.03270,0.00004
18.7960,0.01369,-0.03266,0.00005
18.8000,0.01376,-0.03264,0.00004
18.8080,0.01383,-0.03260,0.00004
18.8120,0.01383,-0.03258,0.00005
18.8160,0.01382,-0.03256,0.00006
18.8200,0.01382,-0.03255,0.00007
18.8200,0.01382,-0.03255,0.00007
18.8320,0.01383,-0.03249,0.00010
18.8400,0.01388,-0.03232,0.00018
18.8440,0.01388,-0.03234,0.00016
18.8480,0.01387,-0.03237,0.00014
18.8520,0.01387,-0.03239,0.00013
18.8600,0.01387,-0.03242,0.00011
18.8640,0.01386,-0.03244,0.00009
18.8720,0.01387,-0.03247,0.00006
18.8800,0.01388,-0.03250,0.00003
18.8840,0.01387,-0.03253,0.00001
18.8880,0.01386,-0.03257,-0.00001
18.8960,0.01386,-0.03260,-0.00004
18.9000,0.01385,-0.03263,-0.00006
18.9040,0.01385,-0.03267,-0.00008
18.9080,0.01384,-0.03270,-0.00010
18.9080,0.01382,-0.03273,-0.00012
18.9160,0.01383,-0.03277,-0.00015
18.9200,0.01384,-0.03277,-0.00015
18.9200,0.01385,-0.03277,-0.00016
18.9240,0.01385,-0.03277,-0.00016
18.9320,0.01387,-0.03277,-0.00017
18.9400,0.01389,-0.03278,-0.00018
18.9440,0.01401,-0.03281,-0.00025
18.9520,0.01405,-0.03282,-0.00026
18.9560,0.01409,-0.03283,-0.00026
18.9600,0.01412,-0.03284,-0.00026
18.9640,0.01416,-0.03285,-0.00026
18.9680,0.01420,-0.03286,-0.00027
18.9720,0.01424,-0.03287,-0.00027
18.9800,0.01428,-0.03289,-0.00028
18.9840,0.01432,-0.03290,-0.00028
18.9880,0.01435,-0.03291,-0.00029
19.0000,0.01439,-0.03292,-0.00031
19.0040,0.01442,-0.03293,-0.00031
19.0080,0.01445,-0.03293,-0.00032
19.0120,0.01448,-0.03294,-0.00032
19.0160,0.01451,-0.03294,-0.00033
19.0200,0.01455,-0.03294,-0.00034
19.0240,0.01455,-0.03295,-0.00034
19.0280,0.01455,-0.03296,-0.00035
19.0320,0.01455,-0.03296,-0.00036
19.0360,0.01455,-0.03296,-0.00036
19.0400,0.01459,-0.03300,-0.00043
19.0440,0.01456,-0.03298,-0.00042
19.0520,0.01452,-0.03295,-0.00042
19.0560,0.01449,-0.03294,-0.00042
19.0600,0.01447,-0.03292,-0.00041
19.0640,0.01445,-0.03290,-0.00039
19.0680,0.01442,-0.03288,-0.00038
19.0720,0.01439,-0.03286,-0.00037
19.0760,0.01437,-0.03284,-0.00036
19.0800,0.01433,-0.03282,-0.00035
19.0840,0.01430,-0.03280,-0.00034
19.0920,0.01427,-0.03278,-0.00032
19.1000,0.01424,-0.03276,-0.00031
19.1040,0.01422,-0.03274,-0.00029
19.1120,0.01418,-0.03271,-0.00027
19.1200,0.01415,-0.03269,-0.00026
19.1240,0.01414,-0.03269,-0.00025
19.1280,0.01414,-0.03269,-0.00025
19.1360,0.01413,-0.03270,-0.00025
19.1360,0.01413,-0.03270,-0.00025
19.1440,0.01405,-0.03273,-0.00017
19.1480,0.01410,-0.03273,-0.00015
19.1520,0.01415,-0.03274,-0.00014
19.1600,0.01422,-0.03275,-0.00011
19.1640,0.01427,-0.03275,-0.00010
19.1680,0.01433,-0.03276,-0.00008
19.1720,0.01440,-0.03276,-0.00006
19.1760,0.01446,-0.03277,-0.00005
19.1800,0.01452,-0.03278,-0.00003
19.1880,0.01460,-0.03279,-0.00000
19.1920,0.01467,-0.03279,0.00001
19.2000,0.01474,-0.03280,0.00004
19.2000,0.01479,-0.03280,0.00005
19.2040,0.01485,-0.03281,0.00007
19.2120,0.01492,-0.03282,0.00010
19.2160,0.01499,-0.03283,0.00013
19.2200,0.01500,-0.03284,0.00014
19.2240,0.01501,-0.03285,0.00016
19.2280,0.01501,-0.03285,0.00016
19.2360,0.01505,-0.03288,0.00022
19.2400,0.01516,-0.03301,0.00044
19.2440,0.01512,-0.03300,0.00040
19.2520,0.01509,-0.03302,0.00039
19.2520,0.01505,-0.03301,0.00035
19.2600,0.01502,-0.03302,0.00033
19.2680,0.01499,-0.03304,0.00030
19.2760,0.01497,-0.03306,0.00027
19.2840,0.01494,-0.03308,0.00024
19.2880,0.01491,-0.03308,0.00020
19.2920,0.01488,-0.03309,0.00017
19.2960,0.01484,-0.03307,0.00014
19.3000,0.01482,-0.03310,0.00010
19.3080,0.01480,-0.03313,0.00007
19.3120,0.01477,-0.03314,0.00004
19.3200,0.01475,-0.03318,0.00001
19.3280,0.01474,-0.03322,-0.00002
19.3320,0.01475,-0.03324,-0.00001
19.3360,0.01478,-0.03329,-0.00001
19.3440,0.01494,-0.03359,0.00001
19.3520,0.01492,-0.03358,-0.00001
19.3600,0.01491,-0.03356,-0.00003
19.3640,0.01488,-0.03353,-0.00005
19.3680,0.01486,-0.03350,-0.00006
19.3760,0.01485,-0.03348,-0.00008
19.3800,0.01482,-0.03344,-0.00009
19.3840,0.01481,-0.03342,-0.00011
19.3840,0.01479,-0.03338,-0.00013
19.3960,0.01478,-0.03336,-0.00015
19.4000,0.01476,-0.03333,-0.00016
19.4040,0.01473,-0.03329,-0.00017
19.4080,0.01473,-0.03327,-0.00019
19.4120,0.01472,-0.03324,-0.00021
19.4160,0.01470,-0.03321,-0.00022
19.4240,0.01471,-0.03318,-0.00024
19.4320,0.01472,-0.03319,-0.00025
19.4360,0.01475,-0.03320,-0.00026
19.4400,0.01477,-0.03321,-0.00027
19.4480,0.01496,-0.03326,-0.00034
19.4520,0.01494,-0.03321,-0.00033
19.4560,0.01490,-0.03317,-0.00031
19.4640,0.01488,-0.03310,-0.00031
19.4680,0.01485,-0.03304,-0.00030
19.4720,0.01482,-0.03300,-0.00028
19.4760,0.01480,-0.03294,-0.00028
19.4800,0.01477,-0.03288,-0.00027
19.4840,0.01474,-0.03283,-0.00026
19.4840,0.01470,-0.03279,-0.00025
19.4920,0.01468,-0.03272,-0.00025
19.4960,0.01465,-0.03266,-0.00024
19.5000,0.01462,-0.03260,-0.00023
19.5040,0.01459,-0.03254,-0.00022
19.5080,0.01457,-0.03248,-0.00021
19.5120,0.01454,-0.03242,-0.00020
19.5160,0.01455,-0.03240,-0.00021
19.5200,0.01456,-0.03238,-0.00021
19.5240,0.01456,-0.03235,-0.00022
19.5320,0.01462,-0.03217,-0.00024
19.5360,0.01465,-0.03218,-0.00023
19.5360,0.01467,-0.03220,-0.00022
19.5440,0.01470,-0.03221,-0.00021
19.5520,0.01474,-0.03222,-0.00018
19.5560,0.01477,-0.03223,-0.00017
19.5600,0.01479,-0.03224,-0.00015
19.5640,0.01482,-0.03226,-0.00013
19.5680,0.01484,-0.03229,-0.00012
19.5720,0.01488,-0.03229,-0.00009
19.5760,0.01490,-0.03230,-0.00006
19.5800,0.01493,-0.03231,-0.00004
19.5840,0.01495,-0.03233,-0.00002
19.5880,0.01498,-0.03235,0.00000
19.5960,0.01501,-0.03236,0.00004
19.6000,0.01504,-0.03238,0.00005
19.6040,0.01505,-0.03237,0.00006
19.6080,0.01505,-0.03236,0.00008
19.6120,0.01506,-0.03235,0.00009
19.6160,0.01507,-0.03234,0.00010
19.6200,0.01507,-0.03233,0.00011
19.6240,0.01508,-0.03232,0.00011
19.6280,0.01508,-0.03231,0.00012
19.6320,0.01509,-0.03231,0.00013
19.6360,0.01510,-0.03230,0.00013
19.6400,0.01510,-0.03230,0.00013
19.6440,0.01510,-0.03229,0.00013
19.6520,0.01511,-0.03227,0.00014
19.6560,0.01511,-0.03226,0.00014
19.6600,0.01511,-0.03225,0.00014
19.6680,0.01511,-0.03223,0.00013
19.6720,0.01511,-0.03221,0.00012
19.6760,0.01511,-0.03220,0.00012
19.6800,0.01510,-0.03219,0.00011
19.6840,0.01502,-0.03199,-0.00005
19.6920,0.01497,-0.03204,-0.00010
19.6960,0.01494,-0.03208,-0.00014
19.7000,0.01491,-0.03213,-0.00018
19.7040,0.01488,-0.03218,-0.00021
19.7080,0.01484,-0.03222,-0.00025
19.7160,0.01480,-0.03227,-0.00031
19.7200,0.01477,-0.03231,-0.00034
19.7240,0.01474,-0.03235,-0.00037
19.7280,0.01471,-0.03240,-0.00041
19.7320,0.01468,-0.03245,-0.00044
19.7400,0.01463,-0.03249,-0.00049
19.7440,0.01460,-0.03254,-0.00052
19.7480,0.01456,-0.03259,-0.00056
19.7560,0.01452,-0.03264,-0.00061
19.7600,0.01449,-0.03269,-0.00065
19.7680,0.01448,-0.03269,-0.00069
19.7720,0.01447,-0.03270,-0.00071
19.7760,0.01446,-0.03270,-0.00073
19.7800,0.01446,-0.03271,-0.00075
19.7840,0.01446,-0.03271,-0.00077
19.7880,0.01446,-0.03272,-0.00079
19.7920,0.01446,-0.03273,-0.00081
19.8000,0.01451,-0.03278,-0.00092
19.8080,0.01455,-0.03278,-0.00087
19.8120,0.01458,-0.03278,-0.00081
19.8160,0.01461,-0.03277,-0.00076
19.8200,0.01464,-0.03276,-0.00070
19.8240,0.01467,-0.03275,-0.00065
19.8280,0.01470,-0.03275,-0.00059
19.8320,0.01473,-0.03274,-0.00053
19.8320,0.01476,-0.03273,-0.00047
19.8400,0.01479,-0.03272,-0.00042
19.8440,0.01482,-0.03272,-0.00036
19.8520,0.01485,-0.03271,-0.00030
19.8600,0.01489,-0.03270,-0.00023
19.8680,0.01494,-0.03270,-0.00017
19.8720,0.01497,-0.03270,-0.00011
19.8760,0.01500,-0.03270,-0.00006
19.8840,0.01502,-0.03271,-0.00006
19.8920,0.01505,-0.03271,-0.00006
19.8960,0.01507,-0.03271,-0.00007
19.9000,0.01519,-0.03270,-0.00013
19.9040,0.01516,-0.03269,-0.00014
19.9040,0.01514,-0.03268,-0.00014
19.9120,0.01512,-0.03267,-0.00014
19.9160,0.01510,-0.03265,-0.00015
19.9200,0.01507,-0.03264,-0.00015
19.9240,0.01505,-0.03262,-0.00015
19.9280,0.01503,-0.03261,-0.00016
19.9320,0.01501,-0.03259,-0.00016
19.9320,0.01499,-0.03258,-0.00017
19.9400,0.01496,-0.03256,-0.00017
19.9440,0.01494,-0.03254,-0.00017
19.9480,0.01492,-0.03252,-0.00018
19.9520,0.01489,-0.03250,-0.00018
19.9560,0.01487,-0.03247,-0.00019
19.9600,0.01484,-0.03245,-0.00019
19.9640,0.01485,-0.03243,-0.00019
19.9720,0.01486,-0.03240,-0.00020
19.9760,0.01487,-0.03238,-0.00021
19.9800,0.01488,-0.03237,-0.00021
19.9880,0.01490,-0.03234,-0.00023
19.9960,0.01491,-0.03231,-0.00024
20.0040,0.01499,-0.03221,-0.00030
20.0080,0.01498,-0.03222,-0.00029
20.0160,0.01496,-0.03223,-0.00029
20.0200,0.01495,-0.03225,-0.00028
20.0240,0.01493,-0.03226,-0.00027
20.0320,0.01492,-0.03227,-0.00027
20.0400,0.01489,-0.03228,-0.00026
20.0440,0.01488,-0.03230,-0.00025
20.0480,0.01486,-0.03231,-0.00024
20.0520,0.01484,-0.03233,-0.00023
20.0560,0.01481,-0.03234,-0.00022
20.0600,0.01479,-0.03236,-0.00020
20.0640,0.01478,-0.03238,-0.00019
20.0680,0.01474,-0.03239,-0.00018
20.0680,0.01472,-0.03240,-0.00017
20.0720,0.01470,-0.03242,-0.00016
20.0800,0.01469,-0.03241,-0.00016
20.0880,0.01468,-0.03240,-0.00016
20.0960,0.01461,-0.03238,-0.00017
20.1000,0.01461,-0.03239,-0.00017
20.1080,0.01460,-0.03239,-0.00017
20.1160,0.01458,-0.03238,-0.00016
20.1200,0.01458,-0.03239,-0.00016
20.1280,0.01457,-0.03238,-0.00015
20.1320,0.01457,-0.03238,-0.00015
20.1360,0.01457,-0.03238,-0.00014
20.1400,0.01457,-0.03238,-0.00014
20.1400,0.01457,-0.03239,-0.00014
20.1480,0.01458,-0.03238,-0.00013
20.1480,0.01458,-0.03238,-0.00013
20.1560,0.01458,-0.03238,-0.00012
20.1600,0.01459,-0.03238,-0.00011
20.1600,0.01459,-0.03239,-0.00011
20.1680,0.01459,-0.03238,-0.00009
20.1760,0.01463,-0.03228,-0.00000
20.1800,0.01465,-0.03228,0.00001
20.1840,0.01467,-0.03229,0.00001
20.1880,0.01469,-0.03229,0.00002
20.1920,0.01471,-0.03230,0.00002
20.1960,0.01474,-0.03230,0.00003
20.2000,0.01476,-0.03231,0.00003
20.2040,0.01479,-0.03231,0.00004
20.2120,0.01484,-0.03231,0.00005
20.2160,0.01487,-0.03232,0.00005
20.2200,0.01490,-0.03233,0.00004
20.2280,0.01495,-0.03233,0.00004
20.2320,0.01496,-0.03234,0.00004
20.2360,0.01502,-0.03234,0.00003
20.2400,0.01502,-0.03235,0.00003
20.2440,0.01508,-0.03234,0.00002
20.2480,0.01511,-0.03233,0.00001
20.2560,0.01516,-0.03231,0.00001
20.2600,0.01519,-0.03230,0.00000
20.2640,0.01522,-0.03230,-0.00000
20.2680,0.01524,-0.03229,-0.00000
20.2720,0.01524,-0.03229,-0.00000
20.2760,0.01529,-0.03229,-0.00001
20.2800,0.01532,-0.03228,-0.00001
20.2840,0.01534,-0.03228,-0.00001
20.2880,0.01536,-0.03228,-0.00002
20.2920,0.01537,-0.03227,-0.00002
20.2960,0.01539,-0.03227,-0.00002
20.3000,0.01547,-0.03221,-0.00003
20.3040,0.01543,-0.03223,-0.00006
20.3080,0.01538,-0.03225,-0.00007
20.3120,0.01534,-0.03227,-0.00011
20.3160,0.01530,-0.03228,-0.00014
20.3200,0.01525,-0.03230,-0.00016
20.3280,0.01521,-0.03230,-0.00020
20.3320,0.01516,-0.03232,-0.00022
20.3360,0.01512,-0.03233,-0.00024
20.3360,0.01507,-0.03235,-0.00026
20.3400,0.01503,-0.03236,-0.00028
20.3480,0.01499,-0.03237,-0.00030
20.3520,0.01495,-0.03237,-0.00032
20.3560,0.01490,-0.03239,-0.00033
20.3600,0.01486,-0.03239,-0.00035
20.3640,0.01481,-0.03239,-0.00038
20.3720,0.01481,-0.03237,-0.00038
20.3800,0.01481,-0.03235,-0.00039
20.3840,0.01481,-0.03234,-0.00040
20.3920,0.01481,-0.03232,-0.00042
20.3960,0.01481,-0.03231,-0.00043
20.4040,0.01481,-0.03224,-0.00051
20.4120,0.01479,-0.03223,-0.00049
20.4200,0.01478,-0.03222,-0.00047
20.4240,0.01476,-0.03223,-0.00045
20.4320,0.01475,-0.03221,-0.00043
20.4360,0.01473,-0.03221,-0.00040
20.4400,0.01472,-0.03221,-0.00038
20.4440,0.01470,-0.03221,-0.00035
20.4480,0.01469,-0.03221,-0.00033
20.4520,0.01467,-0.03221,-0.00031
20.4560,0.01466,-0.03220,-0.00028
20.4600,0.01465,-0.03220,-0.00025
20.4640,0.01463,-0.03219,-0.00023
20.4720,0.01462,-0.03216,-0.00020
20.4760,0.01460,-0.03215,-0.00017
20.4800,0.01459,-0.03214,-0.00015
20.4840,0.01459,-0.03212,-0.00015
20.4880,0.01460,-0.03209,-0.00015
20.4920,0.01460,-0.03207,-0.00015
20.4960,0.01460,-0.03204,-0.00015
20.5000,0.01461,-0.03201,-0.00015
20.5040,0.01463,-0.03172,-0.00018
20.5080,0.01470,-0.03171,-0.00018
20.5120,0.01477,-0.03170,-0.00018
20.5120,0.01483,-0.03171,-0.00019
20.5200,0.01489,-0.03169,-0.00019
20.5240,0.01496,-0.03169,-0.00019
20.5280,0.01502,-0.03168,-0.00019
20.5320,0.01507,-0.03168,-0.00019
20.5400,0.01513,-0.03166,-0.00018
20.5440,0.01518,-0.03165,-0.00017
20.5520,0.01523,-0.03164,-0.00016
20.5560,0.01529,-0.03163,-0.00016
20.5600,0.01535,-0.03163,-0.00015
20.5640,0.01540,-0.03162,-0.00015
20.5680,0.01545,-0.03162,-0.00015
20.5720,0.01550,-0.03161,-0.00014
20.5760,0.01549,-0.03160,-0.00014
20.5800,0.01548,-0.03159,-0.00013
20.5840,0.01546,-0.03158,-0.00012
20.5880,0.01546,-0.03158,-0.00012
20.5960,0.01534,-0.03152,-0.00008
20.6040,0.01531,-0.03157,-0.00009
20.6080,0.01528,-0.03162,-0.00010
20.6120,0.01526,-0.03166,-0.00011
20.6160,0.01523,-0.03171,-0.00012
20.6200,0.01521,-0.03175,-0.00012
20.6240,0.01518,-0.03180,-0.00013
20.6280,0.01515,-0.03185,-0.00014
20.6320,0.01512,-0.03190,-0.00015
20.6360,0.01510,-0.03195,-0.00016
20.6440,0.01505,-0.03202,-0.00016
20.6480,0.01502,-0.03207,-0.00017
20.6560,0.01496,-0.03213,-0.00017
20.6600,0.01493,-0.03218,-0.00018
20.6640,0.01490,-0.03224,-0.00020
20.6680,0.01487,-0.03229,-0.00021
20.6760,0.01482,-0.03230,-0.00021
20.6800,0.01480,-0.03231,-0.00021
20.6840,0.01477,-0.03232,-0.00021
20.6920,0.01472,-0.03233,-0.00022
20.6960,0.01470,-0.03234,-0.00023
20.7000,0.01448,-0.03236,-0.00028
20.7040,0.01448,-0.03238,-0.00029
20.7120,0.01447,-0.03240,-0.00030
20.7200,0.01446,-0.03242,-0.00031
20.7240,0.01446,-0.03243,-0.00032
20.7320,0.01445,-0.03245,-0.00033
20.7400,0.01445,-0.03246,-0.00033
20.7440,0.01444,-0.03248,-0.00034
20.7480,0.01445,-0.03250,-0.00035
20.7520,0.01445,-0.03251,-0.00035
20.7600,0.01444,-0.03253,-0.00036
20.7640,0.01446,-0.03254,-0.00036
20.7640,0.01445,-0.03256,-0.00036
20.7720,0.01445,-0.03257,-0.00036
20.7800,0.01444,-0.03259,-0.00037
20.7840,0.01445,-0.03260,-0.00038
20.7880,0.01444,-0.03260,-0.00038
20.7920,0.01443,-0.03260,-0.00039
20.7960,0.01442,-0.03261,-0.00040
20.8000,0.01441,-0.03261,-0.00040
20.8040,0.01435,-0.03263,-0.00048
20.8080,0.01441,-0.03260,-0.00046
20.8080,0.01447,-0.03257,-0.00044
20.8160,0.01454,-0.03253,-0.00041
20.8200,0.01461,-0.03250,-0.00039
20.8240,0.01468,-0.03247,-0.00037
20.8280,0.01474,-0.03244,-0.00034
20.8320,0.01481,-0.03241,-0.00032
20.8360,0.01487,-0.03238,-0.00029
20.8400,0.01493,-0.03235,-0.00027
20.8440,0.01499,-0.03232,-0.00024
20.8480,0.01505,-0.03229,-0.00021
20.8560,0.01511,-0.03226,-0.00018
20.8600,0.01517,-0.03224,-0.00015
20.8640,0.01523,-0.03221,-0.00012
20.8680,0.01529,-0.03219,-0.00010
20.8720,0.01529,-0.03220,-0.00009
20.8760,0.01529,-0.03221,-0.00008
20.8840,0.01528,-0.03223,-0.00006
20.8840,0.01528,-0.03223,-0.00006
20.8880,0.01527,-0.03224,-0.00004
20.8920,0.01527,-0.03224,-0.00003
20.9000,0.01527,-0.03226,0.00000
20.9040,0.01523,-0.03232,0.00019
20.9080,0.01521,-0.03232,0.00017
20.9080,0.01518,-0.03233,0.00016
20.9160,0.01514,-0.03233,0.00017
20.9200,0.01511,-0.03233,0.00016
20.9240,0.01508,-0.03233,0.00015
20.9280,0.01505,-0.03233,0.00014
20.9320,0.01502,-0.03233,0.00013
20.9400,0.01498,-0.03233,0.00014
20.9440,0.01495,-0.03233,0.00013
20.9520,0.01491,-0.03234,0.00014
20.9560,0.01488,-0.03234,0.00013
20.9640,0.01484,-0.03234,0.00014
20.9680,0.01481,-0.03234,0.00013
20.9720,0.01478,-0.03233,0.00013
20.9760,0.01476,-0.03234,0.00011
20.9800,0.01475,-0.03233,0.00013
20.9840,0.01474,-0.03232,0.00015
20.9880,0.01474,-0.03232,0.00017
20.9920,0.01473,-0.03231,0.00019
20.9960,0.01473,-0.03231,0.00021
21.0000,0.01472,-0.03230,0.00022
21.0040,0.01472,-0.03229,0.00024
21.0120,0.01466,-0.03218,0.00043
21.0160,0.01469,-0.03218,0.00040
21.0240,0.01471,-0.03217,0.00037
21.0320,0.01473,-0.03216,0.00034
21.0360,0.01476,-0.03215,0.00031
21.0360,0.01478,-0.03215,0.00029
21.0440,0.01480,-0.03215,0.00026
21.0520,0.01483,-0.03214,0.00023
21.0560,0.01485,-0.03214,0.00020
21.0640,0.01487,-0.03211,0.00019
21.0680,0.01489,-0.03211,0.00017
21.0720,0.01491,-0.03211,0.00014
21.0720,0.01493,-0.03210,0.00013
21.0800,0.01496,-0.03210,0.00011
21.0840,0.01498,-0.03210,0.00009
21.0920,0.01500,-0.03208,0.00008
21.0960,0.01500,-0.03207,0.00009
21.1000,0.01500,-0.03206,0.00011
21.1080,0.01498,-0.03201,0.00029
21.1120,0.01497,-0.03205,0.00027
21.1160,0.01496,-0.03207,0.00024
21.1200,0.01495,-0.03211,0.00023
21.1240,0.01494,-0.03215,0.00021
21.1240,0.01493,-0.03218,0.00019
21.1320,0.01492,-0.03222,0.00017
21.1360,0.01490,-0.03225,0.00016
21.1440,0.01489,-0.03229,0.00014
21.1480,0.01488,-0.03232,0.00012
21.1560,0.01485,-0.03235,0.00010
21.1600,0.01484,-0.03238,0.00007
21.1640,0.01482,-0.03241,0.00005
21.1680,0.01482,-0.03243,0.00002
21.1720,0.01479,-0.03246,0.00000
21.1760,0.01478,-0.03249,-0.00002
21.1800,0.01476,-0.03250,-0.00002
21.1840,0.01474,-0.03250,-0.00002
21.1880,0.01472,-0.03250,-0.00001
21.1920,0.01471,-0.03250,-0.00001
21.2000,0.01467,-0.03250,-0.00000
21.2080,0.01443,-0.03251,0.00006
21.2120,0.01443,-0.03250,0.00004
21.2160,0.01445,-0.03249,0.00001
21.2200,0.01446,-0.03249,-0.00001
21.2200,0.01448,-0.03248,-0.00003
21.2320,0.01448,-0.03248,-0.00006
21.2360,0.01450,-0.03247,-0.00008
21.2400,0.01451,-0.03247,-0.00010
21.2400,0.01454,-0.03246,-0.00012
21.2480,0.01455,-0.03246,-0.00015
21.2560,0.01455,-0.03245,-0.00020
21.2600,0.01456,-0.03244,-0.00025
21.2680,0.01457,-0.03242,-0.00031
21.2760,0.01458,-0.03242,-0.00034
21.2800,0.01459,-0.03242,-0.00036
21.2840,0.01461,-0.03241,-0.00038
21.2920,0.01458,-0.03241,-0.00040
21.2960,0.01457,-0.03241,-0.00040
21.3000,0.01446,-0.03238,-0.00047
21.3040,0.01449,-0.03236,-0.00047
21.3120,0.01453,-0.03234,-0.00047
21.3160,0.01457,-0.03231,-0.00048
21.3200,0.01460,-0.03229,-0.00049
21.3240,0.01464,-0.03226,-0.00049
21.3240,0.01468,-0.03224,-0.00049
21.3360,0.01472,-0.03221,-0.00050
21.3400,0.01475,-0.03219,-0.00049
21.3440,0.01478,-0.03217,-0.00049
21.3520,0.01481,-0.03214,-0.00050
21.3560,0.01483,-0.03212,-0.00050
21.3600,0.01486,-0.03210,-0.00050
21.3680,0.01488,-0.03207,-0.00050
21.3680,0.01491,-0.03206,-0.00049
21.3760,0.01492,-0.03203,-0.00049
21.3760,0.01492,-0.03203,-0.00049
21.3840,0.01489,-0.03199,-0.00051
21.3880,0.01487,-0.03197,-0.00052
21.3920,0.01485,-0.03195,-0.00053
21.4000,0.01467,-0.03181,-0.00057
21.4040,0.01465,-0.03183,-0.00056
21.4080,0.01463,-0.03184,-0.00054
21.4120,0.01461,-0.03186,-0.00052
21.4200,0.01458,-0.03187,-0.00050
21.4200,0.01458,-0.03189,-0.00048
21.4280,0.01456,-0.03190,-0.00046
21.4320,0.01454,-0.03191,-0.00044
21.4360,0.01453,-0.03193,-0.00041
21.4440,0.01452,-0.03195,-0.00038
21.4480,0.01450,-0.03195,-0.00035
21.4520,0.01448,-0.03197,-0.00033
21.4560,0.01447,-0.03199,-0.00030
21.4640,0.01444,-0.03199,-0.00027
21.4640,0.01443,-0.03200,-0.00025
21.4720,0.01442,-0.03201,-0.00023
21.4760,0.01440,-0.03200,-0.00022
21.4800,0.01439,-0.03198,-0.00022
21.4840,0.01437,-0.03197,-0.00022
21.4880,0.01436,-0.03196,-0.00022
21.4960,0.01433,-0.03192,-0.00021
21.5000,0.01418,-0.03175,-0.00016
21.5000,0.01421,-0.03180,-0.00016
21.5080,0.01423,-0.03185,-0.00016
21.5120,0.01426,-0.03189,-0.00015
21.5200,0.01429,-0.03194,-0.00015
21.5240,0.01432,-0.03199,-0.00015
21.5280,0.01434,-0.03204,-0.00015
21.5360,0.01437,-0.03209,-0.00015
21.5400,0.01440,-0.03214,-0.00015
21.5440,0.01442,-0.03218,-0.00015
21.5480,0.01444,-0.03223,-0.00016
21.5520,0.01447,-0.03227,-0.00016
21.5600,0.01449,-0.03231,-0.00016
21.5680,0.01452,-0.03235,-0.00016
21.5720,0.01455,-0.03240,-0.00015
21.5760,0.01458,-0.03245,-0.00015
21.5760,0.01458,-0.03244,-0.00014
21.5880,0.01459,-0.03243,-0.00013
21.5920,0.01459,-0.03243,-0.00012
21.5960,0.01459,-0.03243,-0.00011
21.6040,0.01456,-0.03241,0.00002
21.6120,0.01455,-0.03242,0.00004
21.6200,0.01453,-0.03244,0.00005
21.6240,0.01451,-0.03245,0.00005
21.6280,0.01451,-0.03246,0.00004
21.6320,0.01449,-0.03248,0.00006
21.6360,0.01447,-0.03249,0.00006
21.6400,0.01446,-0.03251,0.00007
21.6440,0.01444,-0.03253,0.00007
21.6520,0.01443,-0.03255,0.00008
21.6560,0.01440,-0.03257,0.00010
21.6600,0.01439,-0.03259,0.00011
21.6640,0.01438,-0.03260,0.00012
21.6680,0.01437,-0.03262,0.00014
21.6720,0.01437,-0.03264,0.00015
21.6800,0.01435,-0.03265,0.00018
21.6840,0.01434,-0.03265,0.00021
21.6880,0.01433,-0.03264,0.00023
21.6920,0.01431,-0.03264,0.00025
21.7000,0.01422,-0.03258,0.00045
21.7080,0.01424,-0.03258,0.00044
21.7080,0.01426,-0.03258,0.00043
21.7120,0.01428,-0.03258,0.00039
21.7200,0.01431,-0.03258,0.00039
21.7240,0.01434,-0.03258,0.00038
21.7280,0.01437,-0.03258,0.00036
21.7320,0.01439,-0.03258,0.00033
21.7320,0.01442,-0.03258,0.00031
21.7400,0.01446,-0.03258,0.00032
21.7440,0.01449,-0.03259,0.00031
21.7520,0.01453,-0.03260,0.00032
21.7560,0.01455,-0.03260,0.00031
21.7600,0.01458,-0.03260,0.00030
21.7680,0.01461,-0.03262,0.00032
21.7720,0.01464,-0.03262,0.00032
21.7760,0.01464,-0.03263,0.00034
21.7800,0.01465,-0.03264,0.00036
21.7880,0.01466,-0.03265,0.00041
21.7920,0.01466,-0.03266,0.00043
21.7960,0.01470,-0.03272,0.00055
21.8000,0.01468,-0.03272,0.00050
21.8000,0.01466,-0.03271,0.00045
21.8080,0.01465,-0.03271,0.00040
21.8120,0.01463,-0.03270,0.00035
21.8160,0.01461,-0.03270,0.00030
21.8200,0.01459,-0.03270,0.00025
21.8240,0.01457,-0.03270,0.00020
21.8280,0.01456,-0.03269,0.00015
21.8320,0.01454,-0.03269,0.00010
21.8360,0.01452,-0.03269,0.00005
21.8400,0.01450,-0.03269,-0.00000
21.8440,0.01448,-0.03269,-0.00005
21.8520,0.01446,-0.03270,-0.00011
21.8560,0.01444,-0.03270,-0.00016
21.8600,0.01442,-0.03270,-0.00022
21.8600,0.01441,-0.03271,-0.00022
21.8680,0.01440,-0.03273,-0.00024
21.8760,0.01440,-0.03273,-0.00025
21.8800,0.01434,-0.03277,-0.00038
21.8840,0.01434,-0.03277,-0.00039
21.8880,0.01434,-0.03276,-0.00040
21.8920,0.01434,-0.03276,-0.00041
21.8960,0.01434,-0.03276,-0.00042
21.9040,0.01433,-0.03275,-0.00045
21.9080,0.01433,-0.03274,-0.00046
21.9120,0.01433,-0.03274,-0.00047
21.9160,0.01432,-0.03273,-0.00047
21.9200,0.01432,-0.03273,-0.00048
21.9280,0.01432,-0.03272,-0.00049
21.9320,0.01430,-0.03271,-0.00052
21.9360,0.01430,-0.03271,-0.00053
21.9400,0.01429,-0.03270,-0.00054
21.9440,0.01429,-0.03270,-0.00055
21.9520,0.01428,-0.03269,-0.00056
21.9520,0.01427,-0.03269,-0.00057
21.9600,0.01424,-0.03269,-0.00060
21.9640,0.01423,-0.03269,-0.00062
21.9720,0.01420,-0.03270,-0.00065
21.9720,0.01420,-0.03270,-0.00065
21.9800,0.01416,-0.03270,-0.00068
21.9840,0.01415,-0.03270,-0.00069
21.9880,0.01413,-0.03270,-0.00070
21.9920,0.01411,-0.03270,-0.00071
22.0000,0.01408,-0.03270,-0.00074
22.0040,0.01389,-0.03273,-0.00082
22.0080,0.01391,-0.03273,-0.00078
22.0120,0.01393,-0.03274,-0.00074
22.0160,0.01395,-0.03274,-0.00070
22.0200,0.01397,-0.03274,-0.00066
22.0280,0.01399,-0.03274,-0.00062
22.0360,0.01400,-0.03274,-0.00058
22.0400,0.01402,-0.03274,-0.00053
22.0440,0.01404,-0.03274,-0.00049
22.0520,0.01405,-0.03273,-0.00043
22.0560,0.01407,-0.03273,-0.00038
22.0600,0.01409,-0.03272,-0.00034
22.0640,0.01411,-0.03272,-0.00029
22.0680,0.01414,-0.03272,-0.00025
22.0720,0.01416,-0.03271,-0.00020
22.0720,0.01418,-0.03272,-0.00015
22.0800,0.01417,-0.03272,-0.00015
22.0840,0.01416,-0.03272,-0.00015
22.0880,0.01415,-0.03272,-0.00014
22.0920,0.01414,-0.03272,-0.00014
22.1000,0.01407,-0.03275,-0.00012
22.1040,0.01409,-0.03275,-0.00013
22.1080,0.01410,-0.03275,-0.00013
22.1080,0.01412,-0.03275,-0.00013
22.1160,0.01413,-0.03275,-0.00014
22.1200,0.01415,-0.03274,-0.00015
22.1240,0.01416,-0.03274,-0.00016
22.1320,0.01417,-0.03274,-0.00017
22.1320,0.01418,-0.03275,-0.00018
22.1360,0.01419,-0.03275,-0.00019
22.1440,0.01420,-0.03275,-0.00020
22.1520,0.01421,-0.03275,-0.00022
22.1560,0.01422,-0.03275,-0.00022
22.1600,0.01423,-0.03275,-0.00023
22.1640,0.01425,-0.03275,-0.00023
22.1680,0.01426,-0.03274,-0.00025
22.1720,0.01425,-0.03274,-0.00025
22.1760,0.01425,-0.03274,-0.00025
22.1800,0.01425,-0.03273,-0.00025
22.1840,0.01425,-0.03272,-0.00025
22.1880,0.01425,-0.03272,-0.00025
22.1920,0.01425,-0.03271,-0.00025
22.2000,0.01427,-0.03266,-0.00024
22.2040,0.01429,-0.03265,-0.00023
22.2120,0.01430,-0.03264,-0.00022
22.2160,0.01433,-0.03263,-0.00021
22.2240,0.01436,-0.03262,-0.00021
22.2280,0.01436,-0.03262,-0.00020
22.2320,0.01438,-0.03262,-0.00020
22.2360,0.01441,-0.03261,-0.00019
22.2400,0.01443,-0.03261,-0.00019
22.2440,0.01445,-0.03260,-0.00019
22.2520,0.01447,-0.03259,-0.00018
22.2560,0.01448,-0.03258,-0.00018
22.2600,0.01450,-0.03258,-0.00018
22.2640,0.01452,-0.03258,-0.00018
22.2720,0.01454,-0.03257,-0.00017
22.2760,0.01455,-0.03257,-0.00016
22.2800,0.01456,-0.03257,-0.00015
22.2840,0.01457,-0.03257,-0.00015
22.2920,0.01458,-0.03257,-0.00013
22.2960,0.01458,-0.03257,-0.00012
22.3000,0.01458,-0.03256,0.00001
22.3040,0.01456,-0.03259,0.00000
22.3120,0.01453,-0.03262,0.00001
22.3200,0.01450,-0.03267,0.00001
22.3240,0.01448,-0.03270,-0.00000
22.3280,0.01446,-0.03273,-0.00001
22.3320,0.01443,-0.03277,-0.00002
22.3400,0.01439,-0.03282,-0.00002
22.3440,0.01438,-0.03284,-0.00004
22.3480,0.01433,-0.03289,-0.00004
22.3520,0.01430,-0.03293,-0.00005
22.3560,0.01427,-0.03297,-0.00006
22.3640,0.01423,-0.03303,-0.00006
22.3680,0.01420,-0.03307,-0.00007
22.3720,0.01417,-0.03311,-0.00007
22.3800,0.01413,-0.03318,-0.00008
22.3840,0.01412,-0.03320,-0.00007
22.3880,0.01411,-0.03322,-0.00007
22.3920,0.01410,-0.03324,-0.00006
22.4000,0.01408,-0.03327,-0.00005
22.4040,0.01401,-0.03346,-0.00003
22.4080,0.01401,-0.03342,-0.00006
22.4160,0.01402,-0.03338,-0.00009
22.4200,0.01402,-0.03334,-0.00011
22.4280,0.01402,-0.03330,-0.00014
22.4320,0.01403,-0.03326,-0.00016
22.4320,0.01403,-0.03322,-0.00018
22.4360,0.01403,-0.03318,-0.00020
22.4440,0.01404,-0.03314,-0.00023
22.4520,0.01404,-0.03311,-0.00025
22.4600,0.01404,-0.03308,-0.00028
22.4640,0.01404,-0.03304,-0.00030
22.4680,0.01405,-0.03301,-0.00033
22.4800,0.01406,-0.03298,-0.00036
22.4840,0.01407,-0.03295,-0.00038
22.4880,0.01407,-0.03291,-0.00041
22.4960,0.01408,-0.03292,-0.00042
22.5000,0.01408,-0.03293,-0.00043
22.5040,0.01408,-0.03294,-0.00043
22.5080,0.01410,-0.03299,-0.00048
22.5120,0.01411,-0.03298,-0.00047
22.5160,0.01412,-0.03296,-0.00045
22.5200,0.01414,-0.03295,-0.00043
22.5200,0.01415,-0.03294,-0.00042
22.5280,0.01416,-0.03293,-0.00040
22.5320,0.01417,-0.03292,-0.00038
22.5360,0.01418,-0.03291,-0.00036
22.5400,0.01419,-0.03290,-0.00034
22.5440,0.01420,-0.03289,-0.00032
22.5440,0.01421,-0.03288,-0.00030
22.5520,0.01422,-0.03287,-0.00027
22.5560,0.01423,-0.03286,-0.00025
22.5560,0.01425,-0.03285,-0.00023
22.5640,0.01426,-0.03284,-0.00020
22.5720,0.01427,-0.03283,-0.00018
22.5760,0.01428,-0.03284,-0.00016
22.5800,0.01428,-0.03285,-0.00015
22.5840,0.01429,-0.03286,-0.00014
22.5880,0.01429,-0.03287,-0.00013
22.5960,0.01430,-0.03288,-0.00010
22.6000,0.01431,-0.03289,-0.00009
22.6040,0.01431,-0.03289,-0.00007
22.6120,0.01432,-0.03291,-0.00005
22.6160,0.01432,-0.03293,-0.00003
22.6200,0.01432,-0.03294,-0.00002
22.6240,0.01433,-0.03295,-0.00001
22.6320,0.01435,-0.03298,0.00002
22.6360,0.01435,-0.03299,0.00004
22.6400,0.01446,-0.03315,0.00017
22.6400,0.01444,-0.03316,0.00017
22.6440,0.01441,-0.03315,0.00017
22.6480,0.01439,-0.03315,0.00016
22.6600,0.01437,-0.03317,0.00016
22.6640,0.01434,-0.03315,0.00014
22.6720,0.01432,-0.03317,0.00014
22.6760,0.01429,-0.03317,0.00013
22.6800,0.01426,-0.03316,0.00012
22.6800,0.01423,-0.03315,0.00010
22.6880,0.01421,-0.03315,0.00010
22.6920,0.01418,-0.03314,0.00008
22.6960,0.01416,-0.03314,0.00009
22.7000,0.01414,-0.03314,0.00008
22.7040,0.01412,-0.03313,0.00007
22.7040,0.01410,-0.03313,0.00006
22.7120,0.01412,-0.03314,0.00007
22.7160,0.01413,-0.03315,0.00009
22.7200,0.01415,-0.03316,0.00011
22.7240,0.01416,-0.03317,0.00012
22.7320,0.01418,-0.03319,0.00016
22.7400,0.01429,-0.03324,0.00036
22.7440,0.01426,-0.03318,0.00033
22.7520,0.01425,-0.03309,0.00031
22.7600,0.01423,-0.03302,0.00029
22.7640,0.01420,-0.03296,0.00026
22.7720,0.01418,-0.03290,0.00023
22.7800,0.01415,-0.03283,0.00021
22.7840,0.01412,-0.03277,0.00018
22.7880,0.01409,-0.03272,0.00015
22.7920,0.01406,-0.03266,0.00012
22.8000,0.01403,-0.03261,0.00009
22.8040,0.01400,-0.03255,0.00006
22.8080,0.01397,-0.03250,0.00002
22.8120,0.01394,-0.03245,-0.00001
22.8200,0.01391,-0.03239,-0.00003
22.8240,0.01388,-0.03234,-0.00007
22.8280,0.01388,-0.03234,-0.00007
22.8320,0.01387,-0.03234,-0.00005
22.8400,0.01386,-0.03233,-0.00003
22.8440,0.01382,-0.03230,0.00010
22.8520,0.01382,-0.03235,0.00008
22.8560,0.01384,-0.03238,0.00006
22.8600,0.01384,-0.03243,0.00005
22.8640,0.01385,-0.03246,0.00003
22.8680,0.01386,-0.03250,0.00001
22.8760,0.01387,-0.03254,-0.00001
22.8800,0.01388,-0.03258,-0.00003
22.8800,0.01389,-0.03262,-0.00005
22.8840,0.01390,-0.03267,-0.00007
22.8920,0.01392,-0.03271,-0.00009
22.9000,0.01393,-0.03276,-0.00011
22.9040,0.01395,-0.03279,-0.00012
22.9120,0.01395,-0.03284,-0.00013
22.9160,0.01396,-0.03288,-0.00015
22.9200,0.01396,-0.03292,-0.00016
22.9240,0.01395,-0.03292,-0.00015
22.9320,0.01393,-0.03293,-0.00013
22.9360,0.01376,-0.03295,-0.00002
22.9440,0.01377,-0.03293,-0.00002
22.9520,0.01376,-0.03290,0.00001
22.9560,0.01378,-0.03288,0.00000
22.9600,0.01378,-0.03286,0.00001
22.9640,0.01378,-0.03284,0.00002
22.9680,0.01378,-0.03282,0.00003
22.9720,0.01379,-0.03279,0.00003
22.9760,0.01381,-0.03277,0.00003
22.9760,0.01383,-0.03275,0.00002
22.9840,0.01383,-0.03272,0.00003
22.9880,0.01384,-0.03269,0.00003
22.9920,0.01386,-0.03267,0.00002
23.0000,0.01386,-0.03264,0.00004
23.0040,0.01386,-0.03261,0.00006
23.0080,0.01387,-0.03259,0.00006
23.0120,0.01385,-0.03258,0.00008
23.0160,0.01384,-0.03257,0.00010
23.0200,0.01382,-0.03257,0.00011
23.0240,0.01380,-0.03256,0.00013
23.0280,0.01379,-0.03255,0.00014
23.0320,0.01379,-0.03255,0.00014
23.0360,0.01377,-0.03254,0.00016
23.0360,0.01376,-0.03253,0.00018
23.0440,0.01359,-0.03245,0.00033
23.0480,0.01358,-0.03247,0.00029
23.0520,0.01357,-0.03248,0.00025
23.0560,0.01356,-0.03250,0.00022
23.0600,0.01355,-0.03252,0.00018
23.0680,0.01352,-0.03253,0.00016
23.0680,0.01351,-0.03255,0.00013
23.0760,0.01350,-0.03258,0.00010
23.0800,0.01349,-0.03260,0.00007
23.0840,0.01348,-0.03262,0.00004
23.0880,0.01347,-0.03264,0.00002
23.0960,0.01344,-0.03266,0.00001
23.1000,0.01345,-0.03268,-0.00003
23.1040,0.01343,-0.03270,-0.00006
23.1080,0.01340,-0.03272,-0.00006
23.1120,0.01339,-0.03274,-0.00008
23.1200,0.01335,-0.03273,-0.00005
23.1240,0.01333,-0.03272,-0.00003
23.1320,0.01330,-0.03272,-0.00001
23.1400,0.01316,-0.03265,0.00010
23.1440,0.01321,-0.03265,0.00009
23.1480,0.01326,-0.03265,0.00008
23.1520,0.01330,-0.03265,0.00006
23.1560,0.01335,-0.03265,0.00005
23.1600,0.01340,-0.03264,0.00004
23.1680,0.01344,-0.03264,0.00004
23.1720,0.01349,-0.03264,0.00003
23.1800,0.01353,-0.03264,0.00001
23.1840,0.01357,-0.03264,0.00001
23.1880,0.01362,-0.03264,-0.00001
23.1920,0.01367,-0.03264,-0.00002
23.1960,0.01371,-0.03264,-0.00003
23.2000,0.01376,-0.03264,-0.00004
23.2040,0.01381,-0.03264,-0.00006
23.2080,0.01386,-0.03263,-0.00007
23.2080,0.01386,-0.03263,-0.00006
23.2120,0.01386,-0.03263,-0.00005
23.2160,0.01386,-0.03263,-0.00005
23.2240,0.01385,-0.03262,-0.00003
23.2280,0.01385,-0.03262,-0.00002
23.2320,0.01385,-0.03261,-0.00002
23.2360,0.01385,-0.03261,-0.00001
23.2440,0.01381,-0.03252,0.00011
23.2520,0.01380,-0.03250,0.00011
23.2560,0.01380,-0.03250,0.00010
23.2600,0.01379,-0.03249,0.00009
23.2640,0.01379,-0.03249,0.00008
23.2720,0.01378,-0.03248,0.00007
23.2760,0.01378,-0.03248,0.00006
23.2800,0.01378,-0.03247,0.00005
23.2840,0.01378,-0.03247,0.00004
23.2920,0.01377,-0.03246,0.00003
23.2960,0.01376,-0.03246,0.00001
23.3000,0.01376,-0.03245,-0.00001
23.3040,0.01375,-0.03245,-0.00002
23.3120,0.01374,-0.03244,-0.00004
23.3160,0.01374,-0.03244,-0.00005
23.3240,0.01373,-0.03244,-0.00007
23.3320,0.01373,-0.03243,-0.00007
23.3360,0.01373,-0.03243,-0.00007
23.3440,0.01371,-0.03242,-0.00012
23.3520,0.01372,-0.03244,-0.00016
23.3560,0.01372,-0.03246,-0.00018
23.3640,0.01373,-0.03249,-0.00022
23.3640,0.01374,-0.03251,-0.00025
23.3680,0.01375,-0.03253,-0.00028
23.3760,0.01376,-0.03255,-0.00031
23.3800,0.01377,-0.03257,-0.00034
23.3840,0.01378,-0.03259,-0.00037
23.3880,0.01379,-0.03261,-0.00040
23.3920,0.01380,-0.03263,-0.00043
23.3960,0.01381,-0.03265,-0.00046
23.4000,0.01383,-0.03267,-0.00049
23.4040,0.01384,-0.03269,-0.00050
23.4080,0.01385,-0.03270,-0.00054
23.4120,0.01386,-0.03272,-0.00057
23.4160,0.01385,-0.03272,-0.00058
23.4200,0.01385,-0.03272,-0.00060
23.4240,0.01385,-0.03271,-0.00062
23.4320,0.01381,-0.03270,-0.00073
23.4360,0.01383,-0.03271,-0.00071
23.4400,0.01385,-0.03272,-0.00069
23.4440,0.01386,-0.03273,-0.00067
23.4520,0.01388,-0.03274,-0.00065
23.4600,0.01390,-0.03274,-0.00064
23.4680,0.01392,-0.03274,-0.00062
23.4760,0.01394,-0.03273,-0.00060
23.4840,0.01396,-0.03274,-0.00058
23.4880,0.01399,-0.03274,-0.00056
23.4920,0.01401,-0.03275,-0.00053
23.4960,0.01404,-0.03275,-0.00051
23.5040,0.01406,-0.03275,-0.00048
23.5040,0.01408,-0.03276,-0.00045
23.5120,0.01410,-0.03276,-0.00042
23.5160,0.01412,-0.03276,-0.00039
23.5200,0.01411,-0.03276,-0.00039
23.5240,0.01411,-0.03275,-0.00039
23.5280,0.01411,-0.03274,-0.00039
23.5360,0.01411,-0.03274,-0.00039
23.5400,0.01409,-0.03267,-0.00037
23.5440,0.01410,-0.03267,-0.00035
23.5480,0.01410,-0.03266,-0.00032
23.5520,0.01411,-0.03266,-0.00030
23.5560,0.01411,-0.03266,-0.00028
23.5600,0.01412,-0.03266,-0.00026
23.5640,0.01413,-0.03267,-0.00023
23.5720,0.01412,-0.03266,-0.00020
23.5760,0.01413,-0.03266,-0.00017
23.5800,0.01414,-0.03266,-0.00015
23.5840,0.01415,-0.03267,-0.00012
23.5920,0.01415,-0.03266,-0.00009
23.5960,0.01416,-0.03266,-0.00007
23.6040,0.01417,-0.03266,-0.00004
23.6080,0.01419,-0.03267,-0.00002
23.6120,0.01420,-0.03267,0.00001
23.6160,0.01421,-0.03267,0.00002
23.6200,0.01422,-0.03267,0.00002
23.6240,0.01422,-0.03268,0.00003
23.6240,0.01422,-0.03268,0.00003
23.6360,0.01424,-0.03269,0.00007
23.6400,0.01436,-0.03281,0.00019
23.6440,0.01436,-0.03282,0.00015
23.6480,0.01436,-0.03283,0.00011
23.6520,0.01436,-0.03285,0.00008
23.6600,0.01437,-0.03287,0.00004
23.6640,0.01436,-0.03287,0.00000
23.6720,0.01439,-0.03289,-0.00003
23.6720,0.01437,-0.03289,-0.00006
23.6800,0.01438,-0.03291,-0.00009
23.6840,0.01438,-0.03292,-0.00012
23.6880,0.01438,-0.03293,-0.00015
23.6920,0.01437,-0.03294,-0.00019
23.7000,0.01436,-0.03295,-0.00022
23.7040,0.01436,-0.03297,-0.00024
23.7080,0.01435,-0.03298,-0.00027
23.7120,0.01434,-0.03299,-0.00030
23.7160,0.01435,-0.03300,-0.00029
23.7200,0.01435,-0.03301,-0.00028
23.7280,0.01435,-0.03303,-0.00025
23.7320,0.01435,-0.03304,-0.00024
23.7400,0.01431,-0.03309,-0.00005
23.7440,0.01430,-0.03309,-0.00005
23.7520,0.01428,-0.03309,-0.00002
23.7560,0.01426,-0.03309,-0.00001
23.7600,0.01425,-0.03309,-0.00000
23.7640,0.01423,-0.03309,0.00001
23.7720,0.01421,-0.03311,0.00003
23.7760,0.01419,-0.03310,0.00002
23.7800,0.01417,-0.03310,0.00003
23.7840,0.01415,-0.03312,0.00005
23.7840,0.01414,-0.03311,0.00004
23.7960,0.01411,-0.03316,0.00008
23.8040,0.01409,-0.03318,0.00010
23.8040,0.01408,-0.03317,0.00009
23.8120,0.01405,-0.03319,0.00011
23.8160,0.01403,-0.03320,0.00011
23.8200,0.01403,-0.03322,0.00013
23.8240,0.01402,-0.03324,0.00015
23.8280,0.01402,-0.03326,0.00016
23.8320,0.01401,-0.03328,0.00018
23.8360,0.01400,-0.03329,0.00021
23.8400,0.01389,-0.03347,0.00042
23.8440,0.01382,-0.03345,0.00042
23.8520,0.01374,-0.03345,0.00044
23.8560,0.01366,-0.03344,0.00044
23.8600,0.01359,-0.03343,0.00044
23.8640,0.01351,-0.03341,0.00044
23.8680,0.01343,-0.03340,0.00044
23.8720,0.01335,-0.03339,0.00044
23.8760,0.01327,-0.03338,0.00044
23.8800,0.01319,-0.03338,0.00045
23.8840,0.01312,-0.03337,0.00045
23.8880,0.01304,-0.03336,0.00045
23.8920,0.01299,-0.03333,0.00043
23.8960,0.01288,-0.03335,0.00046
23.9000,0.01280,-0.03335,0.00047
23.9000,0.01272,-0.03335,0.00047
23.9040,0.01272,-0.03335,0.00047
23.9120,0.01265,-0.03342,0.00052
23.9160,0.01262,-0.03345,0.00055
23.9240,0.01255,-0.03353,0.00060
23.9280,0.01252,-0.03357,0.00063
23.9320,0.01249,-0.03361,0.00065
23.9360,0.01218,-0.03396,0.00085
23.9360,0.01153,-0.03396,0.00083
23.9440,0.01088,-0.03396,0.00081
23.9480,0.01028,-0.03394,0.00077
23.9520,0.00958,-0.03396,0.00076
23.9560,0.00893,-0.03395,0.00073
23.9600,0.00827,-0.03395,0.00070
23.9600,0.00762,-0.03395,0.00068
23.9720,0.00691,-0.03396,0.00066
23.9720,0.00625,-0.03396,0.00063
23.9840,0.00554,-0.03399,0.00061
23.9880,0.00489,-0.03399,0.00057
23.9920,0.00424,-0.03400,0.00054
24.0000,0.00355,-0.03403,0.00050
24.0000,0.00290,-0.03403,0.00046
24.0040,0.00230,-0.03400,0.00042
24.0120,0.00221,-0.03406,0.00042
24.0200,0.00212,-0.03411,0.00043
24.0240,0.00207,-0.03413,0.00043
24.0280,0.00203,-0.03416,0.00043
24.0360,0.00198,-0.03419,0.00044
24.0400,0.00194,-0.03422,0.00045
24.0440,0.00185,-0.03428,0.00046
24.0520,0.00136,-0.03465,0.00055
24.0560,0.00147,-0.03461,0.00052
24.0600,0.00159,-0.03456,0.00049
24.0640,0.00169,-0.03454,0.00046
24.0680,0.00181,-0.03449,0.00043
24.0680,0.00193,-0.03445,0.00040
24.0760,0.00202,-0.03443,0.00037
24.0800,0.00215,-0.03438,0.00034
24.0880,0.00223,-0.03438,0.00031
24.0880,0.00235,-0.03433,0.00029
24.0960,0.00245,-0.03431,0.00026
24.1000,0.00258,-0.03426,0.00024
24.1040,0.00267,-0.03424,0.00021
24.1080,0.00278,-0.03421,0.00018
24.1120,0.00288,-0.03418,0.00015
24.1200,0.00297,-0.03416,0.00011
24.1200,0.00295,-0.03418,0.00010
24.1320,0.00293,-0.03419,0.00009
24.1320,0.00291,-0.03421,0.00008
24.1360,0.00290,-0.03423,0.00007
24.1440,0.00271,-0.03441,-0.00004
24.1520,0.00270,-0.03440,-0.00005
24.1600,0.00270,-0.03440,-0.00006
24.1640,0.00275,-0.03436,-0.00006
24.1680,0.00274,-0.03435,-0.00006
24.1760,0.00277,-0.03433,-0.00007
24.1800,0.00276,-0.03432,-0.00007
24.1840,0.00278,-0.03430,-0.00007
24.1920,0.00278,-0.03428,-0.00008
24.2000,0.00279,-0.03426,-0.00008
24.2040,0.00279,-0.03425,-0.00009
24.2120,0.00279,-0.03424,-0.00009
24.2160,0.00281,-0.03421,-0.00009
24.2200,0.00281,-0.03421,-0.00010
24.2320,0.00281,-0.03420,-0.00011
24.2320,0.00286,-0.03416,-0.00010
24.2400,0.00281,-0.03419,-0.00013
24.2440,0.00281,-0.03419,-0.00013
24.2480,0.00275,-0.03422,-0.00015
24.2520,0.00273,-0.03423,-0.00016
24.2560,0.00235,-0.03445,-0.00033
24.2640,0.00198,-0.03445,-0.00030
24.2680,0.00169,-0.03445,-0.00027
24.2720,0.00139,-0.03444,-0.00024
24.2760,0.00110,-0.03444,-0.00021
24.2800,0.00081,-0.03443,-0.00018
24.2840,0.00052,-0.03443,-0.00015
24.2920,0.00016,-0.03443,-0.00013
24.3000,-0.00012,-0.03443,-0.00010
24.3040,-0.00047,-0.03445,-0.00008
24.3080,-0.00076,-0.03446,-0.00006
24.3120,-0.00105,-0.03446,-0.00003
24.3160,-0.00134,-0.03446,0.00000
24.3200,-0.00162,-0.03447,0.00003
24.3280,-0.00198,-0.03449,0.00005
24.3320,-0.00227,-0.03450,0.00008
24.3320,-0.00227,-0.03450,0.00008
24.3400,-0.00241,-0.03455,0.00006
24.3440,-0.00248,-0.03457,0.00005
24.3480,-0.00255,-0.03459,0.00004
24.3560,-0.00268,-0.03464,0.00002
24.3600,-0.00275,-0.03466,0.00001
24.3640,-0.00282,-0.03468,-0.00000
24.3680,-0.00289,-0.03470,-0.00001
24.3720,-0.00296,-0.03472,-0.00001
24.3760,-0.00303,-0.03474,-0.00002
24.3840,-0.00393,-0.03500,-0.00009
24.3880,-0.00396,-0.03500,-0.00005
24.3920,-0.00398,-0.03499,0.00000
24.3960,-0.00400,-0.03498,0.00005
24.4040,-0.00409,-0.03499,0.00010
24.4080,-0.00412,-0.03498,0.00014
24.4120,-0.00414,-0.03497,0.00019
24.4200,-0.00424,-0.03498,0.00024
24.4280,-0.00427,-0.03497,0.00029
24.4320,-0.00437,-0.03498,0.00035
24.4400,-0.00446,-0.03499,0.00042
24.4440,-0.00448,-0.03497,0.00047
24.4480,-0.00451,-0.03496,0.00052
24.4560,-0.00460,-0.03495,0.00059
24.4600,-0.00462,-0.03493,0.00064
24.4640,-0.00464,-0.03492,0.00070
24.4680,-0.00471,-0.03493,0.00071
24.4680,-0.00478,-0.03493,0.00073
24.4760,-0.00478,-0.03493,0.00073
24.4800,-0.00485,-0.03494,0.00075
24.4840,-0.00498,-0.03496,0.00078
24.4880,-0.00505,-0.03497,0.00079
24.4920,-0.00505,-0.03497,0.00079
24.4960,-0.00519,-0.03499,0.00082
24.5000,-0.00526,-0.03501,0.00084
24.5080,-0.00586,-0.03512,0.00096
24.5120,-0.00577,-0.03508,0.00096
24.5160,-0.00563,-0.03504,0.00095
24.5200,-0.00549,-0.03500,0.00094
24.5240,-0.00534,-0.03496,0.00093
24.5320,-0.00524,-0.03493,0.00094
24.5360,-0.00510,-0.03489,0.00093
24.5400,-0.00495,-0.03485,0.00092
24.5440,-0.00481,-0.03481,0.00091
24.5480,-0.00466,-0.03477,0.00090
24.5520,-0.00452,-0.03473,0.00089
24.5520,-0.00433,-0.03469,0.00087
24.5600,-0.00424,-0.03465,0.00087
24.5640,-0.00411,-0.03461,0.00086
24.5720,-0.00402,-0.03458,0.00086
24.5760,-0.00389,-0.03454,0.00085
24.5800,-0.00394,-0.03454,0.00087
24.5840,-0.00400,-0.03455,0.00088
24.5880,-0.00400,-0.03455,0.00088
24.5920,-0.00411,-0.03457,0.00092
24.6000,-0.00422,-0.03459,0.00095
24.6080,-0.00432,-0.03461,0.00098
24.6120,-0.00438,-0.03462,0.00099
24.6160,-0.00443,-0.03463,0.00101
24.6200,-0.00449,-0.03464,0.00102
24.6240,-0.00455,-0.03465,0.00103
24.6320,-0.00466,-0.03468,0.00106
24.6360,-0.00472,-0.03469,0.00107
24.6400,-0.00529,-0.03482,0.00120
24.6440,-0.00515,-0.03480,0.00115
24.6440,-0.00501,-0.03479,0.00111
24.6520,-0.00487,-0.03477,0.00106
24.6560,-0.00473,-0.03475,0.00101
24.6600,-0.00458,-0.03473,0.00097
24.6640,-0.00440,-0.03471,0.00092
24.6640,-0.00425,-0.03469,0.00087
24.6760,-0.00418,-0.03468,0.00083
24.6800,-0.00403,-0.03466,0.00079
24.6880,-0.00392,-0.03465,0.00076
24.6920,-0.00376,-0.03463,0.00072
24.7000,-0.00364,-0.03462,0.00068
24.7040,-0.00348,-0.03460,0.00064
24.7120,-0.00333,-0.03458,0.00060
24.7120,-0.00320,-0.03457,0.00056
24.7200,-0.00322,-0.03457,0.00056
24.7240,-0.00325,-0.03458,0.00057
24.7280,-0.00328,-0.03459,0.00057
24.7320,-0.00330,-0.03459,0.00058
24.7360,-0.00333,-0.03460,0.00059
24.7400,-0.00335,-0.03460,0.00059
24.7440,-0.00338,-0.03461,0.00060
24.7520,-0.00368,-0.03464,0.00069
24.7560,-0.00364,-0.03463,0.00069
24.7600,-0.00361,-0.03461,0.00068
24.7640,-0.00358,-0.03460,0.00068
24.7680,-0.00354,-0.03459,0.00068
24.7720,-0.00349,-0.03458,0.00067
24.7760,-0.00346,-0.03456,0.00068
24.7880,-0.00345,-0.03453,0.00070
24.7920,-0.00342,-0.03451,0.00070
24.8000,-0.00339,-0.03448,0.00071
24.8040,-0.00334,-0.03446,0.00071
24.8120,-0.00331,-0.03443,0.00071
24.8200,-0.00327,-0.03439,0.00071
24.8240,-0.00322,-0.03438,0.00070
24.8280,-0.00318,-0.03436,0.00069
24.8320,-0.00313,-0.03434,0.00068
24.8360,-0.00314,-0.03434,0.00067
24.8440,-0.00322,-0.03433,0.00059
24.8480,-0.00339,-0.03436,0.00058
24.8560,-0.00354,-0.03439,0.00057
24.8600,-0.00369,-0.03441,0.00056
24.8640,-0.00385,-0.03444,0.00055
24.8640,-0.00397,-0.03447,0.00055
24.8720,-0.00415,-0.03449,0.00053
24.8760,-0.00430,-0.03451,0.00051
24.8800,-0.00445,-0.03453,0.00050
24.8840,-0.00460,-0.03455,0.00049
24.8880,-0.00475,-0.03457,0.00048
24.8960,-0.00492,-0.03459,0.00046
24.9040,-0.00510,-0.03461,0.00044
24.9040,-0.00525,-0.03463,0.00043
24.9120,-0.00537,-0.03465,0.00042
24.9160,-0.00555,-0.03466,0.00040
24.9200,-0.00557,-0.03465,0.00039
24.9240,-0.00560,-0.03465,0.00038
24.9280,-0.00562,-0.03464,0.00037
24.9320,-0.00565,-0.03463,0.00036
24.9360,-0.00567,-0.03462,0.00035
24.9440,-0.00571,-0.03461,0.00032
24.9520,-0.00592,-0.03453,0.00013
24.9560,-0.00582,-0.03452,0.00013
24.9640,-0.00573,-0.03452,0.00012
24.9680,-0.00562,-0.03452,0.00013
24.9720,-0.00550,-0.03452,0.00013
24.9760,-0.00538,-0.03452,0.00015
24.9800,-0.00527,-0.03451,0.00014
24.9840,-0.00516,-0.03451,0.00014
24.9920,-0.00506,-0.03450,0.00013
24.9960,-0.00495,-0.03450,0.00013
25.0000,-0.00484,-0.03450,0.00013
25.0000,-0.00472,-0.03450,0.00014
25.0080,-0.00461,-0.03450,0.00014
25.0120,-0.00449,-0.03450,0.00014
25.0200,-0.00438,-0.03450,0.00013
25.0280,-0.00426,-0.03450,0.00011
25.0320,-0.00426,-0.03450,0.00009
25.0400,-0.00426,-0.03450,0.00005
25.0440,-0.00426,-0.03450,0.00004
25.0480,-0.00414,-0.03458,-0.00013
25.0560,-0.00450,-0.03466,-0.00009
25.0600,-0.00485,-0.03473,-0.00006
25.0640,-0.00519,-0.03480,-0.00002
25.0680,-0.00554,-0.03487,0.00002
25.0720,-0.00588,-0.03495,0.00005
25.0760,-0.00623,-0.03502,0.00009
25.0800,-0.00658,-0.03509,0.00013
25.0880,-0.00693,-0.03518,0.00016
25.0920,-0.00728,-0.03525,0.00021
25.1000,-0.00764,-0.03535,0.00024
25.1040,-0.00798,-0.03542,0.00029
25.1080,-0.00834,-0.03551,0.00032
25.1160,-0.00869,-0.03558,0.00036
25.1200,-0.00904,-0.03564,0.00040
25.1240,-0.00939,-0.03571,0.00044
25.1320,-0.00941,-0.03575,0.00044
25.1360,-0.00942,-0.03576,0.00043
25.1440,-0.00945,-0.03579,0.00043
25.1520,-0.00957,-0.03592,0.00039
25.1560,-0.00918,-0.03584,0.00040
25.1600,-0.00878,-0.03576,0.00040
25.1680,-0.00838,-0.03567,0.00041
25.1720,-0.00799,-0.03559,0.00042
25.1760,-0.00760,-0.03550,0.00042
25.1760,-0.00721,-0.03541,0.00042
25.1840,-0.00683,-0.03533,0.00043
25.1880,-0.00643,-0.03524,0.00043
25.1960,-0.00603,-0.03514,0.00044
25.2000,-0.00565,-0.03506,0.00045
25.2040,-0.00526,-0.03497,0.00046
25.2080,-0.00487,-0.03489,0.00047
25.2160,-0.00449,-0.03480,0.00048
25.2200,-0.00411,-0.03472,0.00049
25.2240,-0.00372,-0.03464,0.00050
25.2280,-0.00372,-0.03464,0.00050
25.2360,-0.00372,-0.03464,0.00051
25.2400,-0.00372,-0.03464,0.00051
25.2400,-0.00376,-0.03470,0.00057
25.2440,-0.00389,-0.03473,0.00057
25.2520,-0.00402,-0.03476,0.00057
25.2600,-0.00415,-0.03479,0.00058
25.2640,-0.00430,-0.03482,0.00059
25.2680,-0.00442,-0.03484,0.00058
25.2720,-0.00455,-0.03486,0.00059
25.2760,-0.00471,-0.03489,0.00059
25.2800,-0.00484,-0.03491,0.00059
25.2840,-0.00498,-0.03493,0.00059
25.2920,-0.00513,-0.03496,0.00060
25.2960,-0.00527,-0.03498,0.00060
25.3000,-0.00540,-0.03500,0.00060
25.3040,-0.00553,-0.03501,0.00060
25.3040,-0.00565,-0.03503,0.00060
25.3120,-0.00580,-0.03505,0.00061
25.3160,-0.00581,-0.03506,0.00061
25.3240,-0.00585,-0.03506,0.00062
25.3320,-0.00588,-0.03506,0.00063
25.3360,-0.00590,-0.03505,0.00064
25.3400,-0.00591,-0.03505,0.00065
25.3480,-0.00617,-0.03499,0.00076
25.3520,-0.00663,-0.03502,0.00077
25.3560,-0.00710,-0.03504,0.00078
25.3600,-0.00757,-0.03506,0.00078
25.3640,-0.00803,-0.03508,0.00079
25.3720,-0.00854,-0.03509,0.00080
25.3760,-0.00900,-0.03511,0.00081
25.3840,-0.00950,-0.03511,0.00082
25.3880,-0.00997,-0.03512,0.00083
25.3960,-0.01046,-0.03512,0.00084
25.4000,-0.01092,-0.03513,0.00085
25.4080,-0.01142,-0.03512,0.00086
25.4120,-0.01188,-0.03513,0.00087
25.4160,-0.01234,-0.03514,0.00089
25.4200,-0.01281,-0.03515,0.00090
25.4200,-0.01327,-0.03516,0.00091
25.4280,-0.01330,-0.03514,0.00092
25.4320,-0.01333,-0.03512,0.00092
25.4360,-0.01364,-0.03488,0.00100
25.4400,-0.01368,-0.03487,0.00101
25.4480,-0.01372,-0.03487,0.00101
25.4520,-0.01376,-0.03486,0.00101
25.4560,-0.01381,-0.03485,0.00102
25.4600,-0.01385,-0.03485,0.00102
25.4640,-0.01390,-0.03484,0.00103
25.4680,-0.01394,-0.03483,0.00103
25.4720,-0.01398,-0.03482,0.00103
25.4760,-0.01403,-0.03482,0.00104
25.4840,-0.01410,-0.03478,0.00104
25.4880,-0.01414,-0.03478,0.00105
25.4920,-0.01418,-0.03478,0.00105
25.4960,-0.01422,-0.03477,0.00105
25.5000,-0.01426,-0.03477,0.00105
25.5040,-0.01430,-0.03476,0.00104
25.5120,-0.01435,-0.03472,0.00104
25.5120,-0.01435,-0.03472,0.00104
25.5200,-0.01440,-0.03468,0.00103
25.5240,-0.01442,-0.03465,0.00102
25.5280,-0.01445,-0.03463,0.00101
25.5320,-0.01464,-0.03443,0.00090
25.5360,-0.01477,-0.03437,0.00089
25.5480,-0.01495,-0.03428,0.00086
25.5520,-0.01509,-0.03422,0.00085
25.5560,-0.01523,-0.03415,0.00084
25.5640,-0.01540,-0.03408,0.00081
25.5680,-0.01554,-0.03401,0.00079
25.5760,-0.01568,-0.03395,0.00077
25.5840,-0.01589,-0.03385,0.00071
25.5880,-0.01602,-0.03378,0.00069
25.5960,-0.01620,-0.03370,0.00064
25.6000,-0.01634,-0.03364,0.00062
25.6040,-0.01648,-0.03357,0.00060
25.6080,-0.01662,-0.03351,0.00058
25.6120,-0.01676,-0.03345,0.00056
25.6160,-0.01690,-0.03338,0.00054
25.6200,-0.01694,-0.03337,0.00051
25.6240,-0.01698,-0.03336,0.00049
25.6280,-0.01702,-0.03334,0.00047
25.6360,-0.01705,-0.03333,0.00044
25.6360,-0.01708,-0.03332,0.00042
25.6440,-0.01745,-0.03325,0.00021
25.6480,-0.01741,-0.03325,0.00021
25.6520,-0.01734,-0.03326,0.00022
25.6560,-0.01727,-0.03327,0.00024
25.6640,-0.01723,-0.03326,0.00024
25.6680,-0.01716,-0.03327,0.00025
25.6680,-0.01708,-0.03328,0.00027
25.6760,-0.01701,-0.03329,0.00028
25.6800,-0.01695,-0.03330,0.00030
25.6840,-0.01688,-0.03331,0.00031
25.6920,-0.01684,-0.03330,0.00031
25.6960,-0.01677,-0.03330,0.00033
25.7040,-0.01674,-0.03329,0.00033
25.7080,-0.01667,-0.03329,0.00035
25.7120,-0.01661,-0.03330,0.00037
25.7160,-0.01654,-0.03331,0.00039
25.7200,-0.01657,-0.03329,0.00038
25.7280,-0.01662,-0.03326,0.00035
25.7320,-0.01662,-0.03326,0.00035
25.7320,-0.01667,-0.03322,0.00032
25.7360,-0.01685,-0.03304,0.00021
25.7400,-0.01679,-0.03306,0.00024
25.7520,-0.01681,-0.03301,0.00023
25.7560,-0.01677,-0.03301,0.00025
25.7600,-0.01673,-0.03300,0.00027
25.7640,-0.01669,-0.03300,0.00029
25.7640,-0.01665,-0.03299,0.00031
25.7720,-0.01661,-0.03299,0.00033
25.7800,-0.01659,-0.03296,0.00033
25.7840,-0.01655,-0.03296,0.00036
25.7840,-0.01649,-0.03297,0.00039
25.7920,-0.01647,-0.03295,0.00040
25.8000,-0.01645,-0.03294,0.00040
25.8040,-0.01639,-0.03296,0.00044
25.8080,-0.01637,-0.03294,0.00044
25.8120,-0.01633,-0.03294,0.00046
25.8200,-0.01636,-0.03291,0.00044
25.8240,-0.01638,-0.03290,0.00043
25.8280,-0.01640,-0.03289,0.00041
25.8320,-0.01655,-0.03277,0.00031
25.8360,-0.01662,-0.03277,0.00032
25.8440,-0.01669,-0.03278,0.00033
25.8520,-0.01678,-0.03276,0.00032
25.8600,-0.01687,-0.03274,0.00031
25.8640,-0.01694,-0.03274,0.00032
25.8680,-0.01701,-0.03274,0.00033
25.8720,-0.01707,-0.03274,0.00034
25.8760,-0.01714,-0.03273,0.00035
25.8800,-0.01721,-0.03273,0.00036
25.8840,-0.01727,-0.03273,0.00037
25.8920,-0.01736,-0.03270,0.00037
25.9000,-0.01745,-0.03267,0.00037
25.9040,-0.01752,-0.03266,0.00038
25.9080,-0.01759,-0.03265,0.00039
25.9080,-0.01763,-0.03267,0.00041
25.9120,-0.01766,-0.03265,0.00040
25.9200,-0.01771,-0.03260,0.00037
25.9280,-0.01777,-0.03255,0.00034
25.9320,-0.01780,-0.03253,0.00033
25.9360,-0.01784,-0.03251,0.00031
25.9400,-0.01787,-0.03249,0.00030
25.9440,-0.01790,-0.03247,0.00028
25.9480,-0.01830,-0.03232,0.00015
25.9560,-0.01852,-0.03231,0.00017
25.9600,-0.01878,-0.03229,0.00017
25.9680,-0.01904,-0.03228,0.00018
25.9720,-0.01926,-0.03227,0.00020
25.9760,-0.01949,-0.03227,0.00022
25.9800,-0.01971,-0.03227,0.00024
25.9880,-0.01997,-0.03226,0.00025
25.9920,-0.02019,-0.03226,0.00027
25.9960,-0.02041,-0.03225,0.00029
26.0000,-0.02059,-0.03226,0.00033
26.0040,-0.02085,-0.03225,0.00034
26.0120,-0.02111,-0.03224,0.00035
26.0160,-0.02133,-0.03224,0.00037
26.0200,-0.02156,-0.03224,0.00040
26.0240,-0.02178,-0.03223,0.00042
26.0320,-0.02187,-0.03222,0.00041
26.0360,-0.02191,-0.03222,0.00040
26.0400,-0.02196,-0.03222,0.00039
26.0440,-0.02201,-0.03221,0.00039
26.0480,-0.02205,-0.03221,0.00038
26.0520,-0.02210,-0.03221,0.00038
26.0560,-0.02215,-0.03221,0.00037
26.0600,-0.02220,-0.03221,0.00037
26.0640,-0.02224,-0.03220,0.00036
26.0680,-0.02229,-0.03220,0.00036
26.0720,-0.02276,-0.03215,0.00033
26.0760,-0.02296,-0.03211,0.00039
26.0840,-0.02320,-0.03205,0.00046
26.0880,-0.02339,-0.03200,0.00053
26.0920,-0.02359,-0.03195,0.00059
26.1000,-0.02382,-0.03189,0.00066
26.1000,-0.02401,-0.03185,0.00073
26.1080,-0.02420,-0.03180,0.00079
26.1120,-0.02439,-0.03175,0.00086
26.1160,-0.02458,-0.03170,0.00092
26.1200,-0.02477,-0.03165,0.00098
26.1240,-0.02496,-0.03160,0.00105
26.1280,-0.02511,-0.03157,0.00110
26.1320,-0.02533,-0.03150,0.00118
26.1360,-0.02552,-0.03146,0.00124
26.1360,-0.02571,-0.03141,0.00130
26.1440,-0.02575,-0.03139,0.00131
26.1480,-0.02579,-0.03138,0.00131
26.1560,-0.02587,-0.03135,0.00132
26.1640,-0.02595,-0.03131,0.00134
26.1680,-0.02599,-0.03129,0.00135
26.1680,-0.02603,-0.03127,0.00136
26.1760,-0.02607,-0.03125,0.00137
26.1800,-0.02611,-0.03123,0.00139
26.1840,-0.02615,-0.03122,0.00140
26.1920,-0.02623,-0.03118,0.00143
26.1960,-0.02627,-0.03116,0.00145
26.2000,-0.02631,-0.03114,0.00146
26.2040,-0.02672,-0.03097,0.00163
26.2120,-0.02671,-0.03097,0.00166
26.2160,-0.02665,-0.03098,0.00167
26.2240,-0.02664,-0.03097,0.00171
26.2320,-0.02662,-0.03096,0.00174
26.2400,-0.02661,-0.03094,0.00178
26.2440,-0.02654,-0.03095,0.00179
26.2520,-0.02652,-0.03094,0.00182
26.2560,-0.02646,-0.03095,0.00183
26.2600,-0.02639,-0.03096,0.00184
26.2640,-0.02633,-0.03097,0.00186
26.2720,-0.02631,-0.03095,0.00188
26.2760,-0.02625,-0.03096,0.00190
26.2840,-0.02623,-0.03094,0.00193
26.2880,-0.02617,-0.03095,0.00195
26.2960,-0.02615,-0.03094,0.00199
26.3000,-0.02619,-0.03092,0.00200
26.3040,-0.02664,-0.03077,0.00222
26.3120,-0.02656,-0.03098,0.00218
26.3160,-0.02643,-0.03119,0.00212
26.3200,-0.02630,-0.03140,0.00207
26.3240,-0.02612,-0.03162,0.00201
26.3320,-0.02608,-0.03182,0.00198
26.3360,-0.02595,-0.03204,0.00193
26.3400,-0.02582,-0.03225,0.00188
26.3440,-0.02569,-0.03246,0.00184
26.3520,-0.02560,-0.03267,0.00180
26.3600,-0.02551,-0.03288,0.00176
26.3640,-0.02538,-0.03309,0.00171
26.3720,-0.02530,-0.03329,0.00168
26.3800,-0.02520,-0.03349,0.00164
26.3840,-0.02507,-0.03370,0.00159
26.3880,-0.02493,-0.03390,0.00153
26.3960,-0.02501,-0.03389,0.00156
26.4040,-0.02509,-0.03388,0.00158
26.4120,-0.02550,-0.03376,0.00172
26.4200,-0.02514,-0.03393,0.00171
26.4240,-0.02470,-0.03410,0.00169
26.4320,-0.02427,-0.03428,0.00166
26.4400,-0.02384,-0.03445,0.00164
26.4440,-0.02345,-0.03462,0.00163
26.4520,-0.02305,-0.03478,0.00162
26.4600,-0.02266,-0.03495,0.00161
26.4640,-0.02219,-0.03513,0.00157
26.4720,-0.02203,-0.03531,0.00165
26.4720,-0.02165,-0.03545,0.00162
26.4760,-0.02126,-0.03559,0.00159
26.4840,-0.02091,-0.03574,0.00157
26.4880,-0.02053,-0.03588,0.00154
26.4960,-0.02018,-0.03604,0.00153
26.5000,-0.01977,-0.03616,0.00149
26.5000,-0.01942,-0.03632,0.00147
26.5080,-0.01904,-0.03646,0.00144
26.5120,-0.01866,-0.03660,0.00141
26.5160,-0.01828,-0.03674,0.00138
26.5240,-0.01794,-0.03689,0.00136
26.5320,-0.01759,-0.03705,0.00134
26.5360,-0.01721,-0.03720,0.00131
26.5360,-0.01679,-0.03732,0.00128
26.5400,-0.01641,-0.03747,0.00125
26.5480,-0.01645,-0.03749,0.00126
26.5520,-0.01652,-0.03752,0.00128
26.5600,-0.01659,-0.03755,0.00131
26.5680,-0.01665,-0.03757,0.00133
26.5720,-0.01696,-0.03767,0.00141
26.5760,-0.01697,-0.03768,0.00141
26.5800,-0.01699,-0.03768,0.00142
26.5800,-0.01697,-0.03768,0.00141
26.5880,-0.01701,-0.03769,0.00142
26.5920,-0.01699,-0.03769,0.00141
26.5960,-0.01703,-0.03769,0.00142
26.6000,-0.01701,-0.03769,0.00142
26.6040,-0.01704,-0.03769,0.00142
26.6040,-0.01702,-0.03769,0.00142
26.6120,-0.01706,-0.03768,0.00143
26.6160,-0.01707,-0.03768,0.00143
26.6200,-0.01708,-0.03768,0.00143
26.6320,-0.01714,-0.03768,0.00144
26.6360,-0.01715,-0.03768,0.00144
26.6400,-0.01715,-0.03768,0.00144
26.6440,-0.01718,-0.03768,0.00145
26.6480,-0.01721,-0.03769,0.00145
26.6560,-0.01726,-0.03769,0.00147
26.6600,-0.01728,-0.03770,0.00149
26.6640,-0.01730,-0.03770,0.00150
26.6720,-0.01735,-0.03771,0.00153
26.6760,-0.01737,-0.03771,0.00154
26.6800,-0.01737,-0.03771,0.00154
26.6880,-0.01743,-0.03771,0.00159
26.6960,-0.01748,-0.03772,0.00162
26.7000,-0.01750,-0.03772,0.00163
26.7080,-0.01782,-0.03768,0.00181
26.7120,-0.01796,-0.03750,0.00180
26.7200,-0.01814,-0.03731,0.00181
26.7240,-0.01828,-0.03713,0.00180
26.7280,-0.01842,-0.03694,0.00179
26.7360,-0.01860,-0.03674,0.00180
26.7400,-0.01875,-0.03656,0.00180
26.7400,-0.01889,-0.03638,0.00179
26.7480,-0.01903,-0.03619,0.00178
26.7520,-0.01918,-0.03601,0.00177
26.7560,-0.01932,-0.03583,0.00176
26.7640,-0.01951,-0.03565,0.00176
26.7720,-0.01966,-0.03547,0.00175
26.7760,-0.01984,-0.03529,0.00175
26.7840,-0.02003,-0.03510,0.00175
26.7880,-0.02018,-0.03492,0.00174
26.7960,-0.02027,-0.03490,0.00178
26.8040,-0.02074,-0.03479,0.00201
26.8080,-0.02071,-0.03477,0.00198
26.8120,-0.02069,-0.03476,0.00195
26.8200,-0.02071,-0.03473,0.00195
26.8240,-0.02069,-0.03472,0.00192
26.8280,-0.02067,-0.03470,0.00190
26.8320,-0.02066,-0.03469,0.00188
26.8360,-0.02058,-0.03468,0.00184
26.8400,-0.02056,-0.03466,0.00181
26.8480,-0.02066,-0.03464,0.00184
26.8520,-0.02065,-0.03463,0.00182
26.8560,-0.02064,-0.03462,0.00179
26.8640,-0.02068,-0.03461,0.00179
26.8680,-0.02061,-0.03460,0.00174
26.8680,-0.02060,-0.03459,0.00172
26.8760,-0.02058,-0.03459,0.00169
26.8760,-0.02070,-0.03458,0.00173
26.8760,-0.02077,-0.03458,0.00175
26.8880,-0.02083,-0.03458,0.00177
26.8920,-0.02090,-0.03458,0.00179
26.8960,-0.02096,-0.03458,0.00181
26.9000,-0.02103,-0.03458,0.00184
26.9040,-0.02172,-0.03462,0.00203
26.9080,-0.02137,-0.03486,0.00197
26.9120,-0.02103,-0.03511,0.00190
26.9160,-0.02069,-0.03536,0.00184
26.9200,-0.02034,-0.03561,0.00177
26.9240,-0.02000,-0.03585,0.00171
26.9320,-0.01972,-0.03613,0.00165
26.9360,-0.01938,-0.03638,0.00159
26.9400,-0.01904,-0.03664,0.00152
26.9440,-0.01869,-0.03689,0.00145
26.9480,-0.01835,-0.03715,0.00139
26.9520,-0.01800,-0.03740,0.00133
26.9560,-0.01766,-0.03766,0.00126
26.9600,-0.01731,-0.03792,0.00120
26.9640,-0.01697,-0.03817,0.00114
26.9720,-0.01669,-0.03846,0.00109
26.9760,-0.01675,-0.03849,0.00111
26.9840,-0.01689,-0.03855,0.00114
26.9880,-0.01695,-0.03858,0.00115
26.9920,-0.01702,-0.03861,0.00117
27.0000,-0.01761,-0.03887,0.00130
27.0040,-0.01759,-0.03880,0.00127
27.0040,-0.01763,-0.03876,0.00125
27.0080,-0.01766,-0.03872,0.00123
27.0160,-0.01776,-0.03869,0.00121
27.0200,-0.01780,-0.03865,0.00119
27.0240,-0.01784,-0.03860,0.00117
27.0280,-0.01788,-0.03856,0.00114
27.0320,-0.01793,-0.03851,0.00112
27.0360,-0.01797,-0.03846,0.00110
27.0440,-0.01801,-0.03842,0.00108
27.0560,-0.01824,-0.03841,0.00107
27.0600,-0.01829,-0.03837,0.00106
27.0640,-0.01833,-0.03832,0.00105
27.0640,-0.01831,-0.03826,0.00102
27.0720,-0.01889,-0.03835,0.00115
27.0760,-0.01892,-0.03836,0.00115
27.0800,-0.01894,-0.03837,0.00115
27.0840,-0.01891,-0.03836,0.00114
27.0880,-0.01900,-0.03839,0.00115
27.0960,-0.01909,-0.03841,0.00115
27.1040,-0.01918,-0.03844,0.00116
27.1080,-0.01922,-0.03846,0.00116
27.1120,-0.01925,-0.03847,0.00115
27.1160,-0.01928,-0.03848,0.00115
27.1200,-0.01932,-0.03850,0.00115
27.1240,-0.01935,-0.03851,0.00114
27.1280,-0.01938,-0.03853,0.00114
27.1320,-0.01941,-0.03854,0.00113
27.1400,-0.01951,-0.03858,0.00113
27.1440,-0.01953,-0.03859,0.00113
27.1480,-0.01959,-0.03862,0.00114
27.1560,-0.01971,-0.03867,0.00115
27.1600,-0.01978,-0.03870,0.00116
27.1640,-0.01984,-0.03874,0.00117
27.1640,-0.01984,-0.03874,0.00117
27.1680,-0.01990,-0.03877,0.00118
27.1760,-0.02003,-0.03884,0.00120
27.1800,-0.02003,-0.03884,0.00120
27.1840,-0.02016,-0.03890,0.00122
27.1880,-0.02016,-0.03890,0.00122
27.1920,-0.02028,-0.03898,0.00125
27.2000,-0.02087,-0.03934,0.00137
27.2040,-0.02084,-0.03932,0.00136
27.2040,-0.02093,-0.03938,0.00139
27.2120,-0.02097,-0.03941,0.00140
27.2160,-0.02100,-0.03943,0.00141
27.2200,-0.02103,-0.03945,0.00142
27.2240,-0.02107,-0.03947,0.00143
27.2240,-0.02104,-0.03945,0.00142
27.2320,-0.02115,-0.03952,0.00144
27.2400,-0.02126,-0.03959,0.00146
27.2400,-0.02123,-0.03957,0.00146
27.2520,-0.02141,-0.03968,0.00148
27.2560,-0.02145,-0.03970,0.00149
27.2600,-0.02148,-0.03972,0.00149
27.2640,-0.02152,-0.03974,0.00150
27.2720,-0.02161,-0.03980,0.00151
27.2760,-0.02161,-0.03980,0.00151
27.2800,-0.02174,-0.03988,0.00154
27.2840,-0.02181,-0.03992,0.00155
27.2880,-0.02187,-0.03996,0.00156
27.2960,-0.02239,-0.04029,0.00167
27.3000,-0.02250,-0.04036,0.00169
27.3080,-0.02254,-0.04039,0.00170
27.3080,-0.02252,-0.04038,0.00169
27.3160,-0.02262,-0.04045,0.00171
27.3200,-0.02266,-0.04047,0.00172
27.3240,-0.02270,-0.04050,0.00173
27.3320,-0.02280,-0.04057,0.00175
27.3360,-0.02277,-0.04055,0.00174
27.3400,-0.02286,-0.04062,0.00177
27.3440,-0.02289,-0.04065,0.00177
27.3520,-0.02292,-0.04068,0.00178
27.3560,-0.02295,-0.04071,0.00178
27.3600,-0.02298,-0.04074,0.00179
27.3640,-0.02301,-0.04077,0.00179
27.3680,-0.02303,-0.04081,0.00179
27.3720,-0.02309,-0.04086,0.00180
27.3760,-0.02320,-0.04096,0.00181
27.3800,-0.02325,-0.04101,0.00181
27.3880,-0.02337,-0.04112,0.00182
27.3920,-0.02342,-0.04117,0.00183
27.3960,-0.02348,-0.04123,0.00183
27.4000,-0.02354,-0.04129,0.00183
27.4040,-0.02419,-0.04191,0.00182
27.4080,-0.02399,-0.04172,0.00176
27.4200,-0.02385,-0.04157,0.00170
27.4240,-0.02366,-0.04137,0.00163
27.4280,-0.02348,-0.04118,0.00157
27.4320,-0.02328,-0.04099,0.00151
27.4360,-0.02309,-0.04079,0.00145
27.4440,-0.02296,-0.04063,0.00139
27.4520,-0.02283,-0.04046,0.00133
27.4560,-0.02264,-0.04027,0.00128
27.4640,-0.02250,-0.04011,0.00122
27.4680,-0.02270,-0.04009,0.00119
27.4760,-0.02278,-0.04001,0.00118
27.4800,-0.02280,-0.03991,0.00117
27.4840,-0.02283,-0.03981,0.00116
27.4920,-0.02291,-0.03973,0.00115
27.5000,-0.02299,-0.03965,0.00114
27.5040,-0.02295,-0.03953,0.00113
27.5080,-0.02302,-0.03944,0.00112
27.5120,-0.02298,-0.03932,0.00111
27.5160,-0.02306,-0.03924,0.00110
27.5200,-0.02308,-0.03914,0.00109
27.5240,-0.02310,-0.03904,0.00107
27.5280,-0.02311,-0.03894,0.00106
27.5320,-0.02313,-0.03884,0.00105
27.5360,-0.02314,-0.03874,0.00104
27.5360,-0.02316,-0.03863,0.00103
27.5440,-0.02316,-0.03863,0.00103
27.5520,-0.02328,-0.03867,0.00104
27.5560,-0.02340,-0.03870,0.00104
27.5600,-0.02340,-0.03870,0.00104
27.5640,-0.02347,-0.03871,0.00104
27.5680,-0.02359,-0.03874,0.00104
27.5720,-0.02365,-0.03875,0.00104
27.5760,-0.02371,-0.03877,0.00104
27.5840,-0.02383,-0.03879,0.00104
27.5880,-0.02389,-0.03880,0.00104
27.5920,-0.02395,-0.03881,0.00104
27.6000,-0.02408,-0.03883,0.00103
27.6000,-0.02455,-0.03891,0.00097
27.6080,-0.02449,-0.03887,0.00096
27.6120,-0.02443,-0.03883,0.00096
27.6200,-0.02443,-0.03881,0.00095
27.6280,-0.02448,-0.03881,0.00094
27.6320,-0.02442,-0.03878,0.00094
27.6360,-0.02436,-0.03875,0.00094
27.6360,-0.02424,-0.03870,0.00093
27.6440,-0.02418,-0.03868,0.00093
27.6480,-0.02417,-0.03868,0.00093
27.6520,-0.02411,-0.03866,0.00093
27.6560,-0.02405,-0.03864,0.00093
27.6600,-0.02399,-0.03862,0.00093
27.6640,-0.02393,-0.03860,0.00093
27.6720,-0.02392,-0.03861,0.00093
27.6760,-0.02386,-0.03859,0.00093
27.6800,-0.02391,-0.03862,0.00093
27.6800,-0.02391,-0.03862,0.00093
27.6880,-0.02402,-0.03867,0.00094
27.6920,-0.02442,-0.03884,0.00097
27.7000,-0.02445,-0.03886,0.00097
27.7040,-0.02448,-0.03887,0.00097
27.7040,-0.02451,-0.03889,0.00097
27.7120,-0.02453,-0.03890,0.00097
27.7160,-0.02456,-0.03891,0.00098
27.7200,-0.02463,-0.03896,0.00099
27.7240,-0.02466,-0.03897,0.00099
27.7280,-0.02468,-0.03899,0.00100
27.7320,-0.02470,-0.03901,0.00101
27.7360,-0.02473,-0.03902,0.00102
27.7400,-0.02470,-0.03901,0.00102
27.7440,-0.02477,-0.03905,0.00103
27.7520,-0.02483,-0.03909,0.00104
27.7560,-0.02485,-0.03910,0.00105
27.7640,-0.02487,-0.03911,0.00105
27.7640,-0.02495,-0.03916,0.00106
27.7680,-0.02500,-0.03918,0.00107
27.7760,-0.02504,-0.03921,0.00107
27.7800,-0.02508,-0.03924,0.00108
27.7840,-0.02513,-0.03926,0.00108
27.7880,-0.02517,-0.03929,0.00109
27.7960,-0.02525,-0.03934,0.00109
27.8000,-0.02529,-0.03937,0.00110
27.8000,-0.02556,-0.03960,0.00111
27.8040,-0.02559,-0.03945,0.00111
27.8120,-0.02565,-0.03934,0.00111
27.8160,-0.02568,-0.03920,0.00111
27.8200,-0.02570,-0.03906,0.00110
27.8240,-0.02573,-0.03893,0.00110
27.8280,-0.02576,-0.03879,0.00110
27.8360,-0.02581,-0.03869,0.00109
27.8360,-0.02584,-0.03855,0.00109
27.8440,-0.02583,-0.03838,0.00108
27.8480,-0.02589,-0.03828,0.00108
27.8520,-0.02592,-0.03814,0.00107
27.8560,-0.02591,-0.03797,0.00107
27.8600,-0.02597,-0.03787,0.00107
27.8640,-0.02599,-0.03774,0.00107
27.8720,-0.02604,-0.03764,0.00107
27.8760,-0.02607,-0.03768,0.00107
27.8800,-0.02610,-0.03772,0.00107
27.8840,-0.02612,-0.03775,0.00107
27.8880,-0.02612,-0.03775,0.00107
27.8920,-0.02618,-0.03783,0.00107
27.8960,-0.02641,-0.03812,0.00107
27.9040,-0.02795,-0.03717,0.00121
27.9120,-0.02949,-0.03623,0.00134
27.9160,-0.03096,-0.03527,0.00147
27.9200,-0.03244,-0.03431,0.00160
27.9240,-0.03391,-0.03335,0.00173
27.9240,-0.03532,-0.03237,0.00186
27.9320,-0.03686,-0.03143,0.00200
27.9400,-0.03840,-0.03049,0.00214
27.9440,-0.03988,-0.02953,0.00227
27.9480,-0.04136,-0.02857,0.00240
27.9520,-0.04284,-0.02761,0.00253
27.9600,-0.04439,-0.02668,0.00266
27.9640,-0.04581,-0.02570,0.00279
27.9680,-0.04736,-0.02476,0.00292
27.9760,-0.04891,-0.02382,0.00306
27.9800,-0.04899,-0.02385,0.00306
27.9840,-0.04906,-0.02387,0.00307
27.9840,-0.04906,-0.02387,0.00307
27.9920,-0.04920,-0.02391,0.00307
28.0000,-0.04979,-0.02408,0.00312
28.0040,-0.04972,-0.02424,0.00316
28.0040,-0.04958,-0.02437,0.00320
28.0120,-0.04958,-0.02455,0.00326
28.0240,-0.04957,-0.02473,0.00332
28.0240,-0.04950,-0.02489,0.00337
28.0320,-0.04950,-0.02507,0.00343
28.0360,-0.04943,-0.02522,0.00348
28.0400,-0.04936,-0.02538,0.00353
28.0440,-0.04929,-0.02553,0.00358
28.0520,-0.04929,-0.02570,0.00363
28.0560,-0.04922,-0.02585,0.00368
28.0600,-0.04908,-0.02598,0.00371
28.0640,-0.04908,-0.02615,0.00377
28.0720,-0.04909,-0.02632,0.00384
28.0760,-0.04902,-0.02648,0.00390
28.0800,-0.04910,-0.02650,0.00392
28.0840,-0.04918,-0.02652,0.00394
28.0920,-0.04934,-0.02657,0.00398
28.0960,-0.04941,-0.02659,0.00400
28.1040,-0.05007,-0.02682,0.00420
28.1080,-0.04898,-0.02726,0.00427
28.1120,-0.04790,-0.02772,0.00436
28.1160,-0.04681,-0.02817,0.00443
28.1200,-0.04572,-0.02861,0.00451
28.1240,-0.04464,-0.02905,0.00459
28.1280,-0.04353,-0.02948,0.00464
28.1320,-0.04246,-0.02994,0.00474
28.1400,-0.04137,-0.03038,0.00481
28.1440,-0.04030,-0.03085,0.00491
28.1480,-0.03921,-0.03130,0.00498
28.1520,-0.03812,-0.03175,0.00506
28.1600,-0.03705,-0.03222,0.00515
28.1640,-0.03595,-0.03265,0.00521
28.1680,-0.03487,-0.03312,0.00530
28.1720,-0.03378,-0.03358,0.00537
28.1760,-0.03380,-0.03360,0.00539
28.1800,-0.03381,-0.03362,0.00541
28.1840,-0.03382,-0.03365,0.00543
28.1880,-0.03384,-0.03367,0.00545
28.1920,-0.03385,-0.03370,0.00547
28.1960,-0.03386,-0.03373,0.00548
28.2000,-0.03387,-0.03375,0.00551
28.2000,-0.03394,-0.03399,0.00572
28.2080,-0.03410,-0.03385,0.00581
28.2120,-0.03425,-0.03370,0.00589
28.2160,-0.03441,-0.03356,0.00598
28.2200,-0.03456,-0.03341,0.00606
28.2240,-0.03471,-0.03327,0.00614
28.2280,-0.03486,-0.03313,0.00622
28.2360,-0.03501,-0.03298,0.00631
28.2400,-0.03517,-0.03286,0.00641
28.2440,-0.03533,-0.03272,0.00650
28.2520,-0.03548,-0.03261,0.00660
28.2560,-0.03563,-0.03247,0.00668
28.2640,-0.03578,-0.03236,0.00677
28.2680,-0.03592,-0.03220,0.00683
28.2720,-0.03608,-0.03209,0.00693
28.2760,-0.03623,-0.03196,0.00700
28.2800,-0.03624,-0.03199,0.00702
28.2840,-0.03625,-0.03203,0.00703
28.2880,-0.03626,-0.03206,0.00705
28.2920,-0.03627,-0.03210,0.00706
28.3000,-0.03628,-0.03214,0.00708
28.3040,-0.03631,-0.03221,0.00711
28.3080,-0.03646,-0.03268,0.00722
28.3120,-0.03601,-0.03295,0.00712
28.3160,-0.03559,-0.03325,0.00703
28.3200,-0.03515,-0.03353,0.00693
28.3280,-0.03472,-0.03384,0.00684
28.3360,-0.03430,-0.03416,0.00675
28.3400,-0.03386,-0.03445,0.00665
28.3440,-0.03339,-0.03469,0.00655
28.3480,-0.03298,-0.03502,0.00646
28.3520,-0.03251,-0.03526,0.00636
28.3560,-0.03210,-0.03559,0.00627
28.3600,-0.03163,-0.03583,0.00617
28.3680,-0.03125,-0.03620,0.00607
28.3720,-0.03081,-0.03648,0.00596
28.3760,-0.03036,-0.03677,0.00585
28.3800,-0.02992,-0.03705,0.00575
28.3840,-0.02995,-0.03709,0.00574
28.3880,-0.02998,-0.03713,0.00574
28.3920,-0.03000,-0.03718,0.00574
28.3960,-0.03000,-0.03718,0.00574
28.4000,-0.03005,-0.03727,0.00573
28.4040,-0.03005,-0.03727,0.00573
28.4080,-0.03010,-0.03737,0.00572
28.4120,-0.03012,-0.03741,0.00571
28.4160,-0.03041,-0.03800,0.00563
28.4200,-0.03012,-0.03808,0.00555
28.4240,-0.02983,-0.03815,0.00547
28.4280,-0.02954,-0.03823,0.00540
28.4320,-0.02926,-0.03830,0.00532
28.4320,-0.02891,-0.03835,0.00526
28.4440,-0.02873,-0.03848,0.00515
28.4520,-0.02850,-0.03859,0.00505
28.4600,-0.02828,-0.03870,0.00495
28.4640,-0.02799,-0.03878,0.00487
28.4720,-0.02777,-0.03889,0.00477
28.4720,-0.02742,-0.03893,0.00470
28.4800,-0.02720,-0.03904,0.00461
28.4840,-0.02691,-0.03912,0.00453
28.4920,-0.02669,-0.03923,0.00443
28.4960,-0.02641,-0.03930,0.00435
28.4960,-0.02646,-0.03934,0.00434
28.5040,-0.02652,-0.03937,0.00432
28.5080,-0.02658,-0.03940,0.00430
28.5080,-0.02729,-0.03975,0.00405
28.5160,-0.02707,-0.03971,0.00408
28.5200,-0.02685,-0.03966,0.00411
28.5240,-0.02662,-0.03962,0.00413
28.5320,-0.02645,-0.03961,0.00415
28.5360,-0.02623,-0.03957,0.00418
28.5440,-0.02605,-0.03955,0.00421
28.5520,-0.02587,-0.03953,0.00424
28.5600,-0.02569,-0.03952,0.00427
28.5640,-0.02543,-0.03945,0.00431
28.5680,-0.02525,-0.03944,0.00434
28.5720,-0.02503,-0.03940,0.00438
28.5760,-0.02477,-0.03934,0.00443
28.5800,-0.02459,-0.03932,0.00446
28.5880,-0.02441,-0.03931,0.00449
28.5960,-0.02423,-0.03931,0.00452
28.6000,-0.02452,-0.03955,0.00444
28.6040,-0.02444,-0.03954,0.00447
28.6120,-0.02438,-0.03957,0.00449
28.6160,-0.02430,-0.03956,0.00452
28.6200,-0.02421,-0.03956,0.00454
28.6240,-0.02413,-0.03956,0.00457
28.6280,-0.02405,-0.03956,0.00459
28.6320,-0.02397,-0.03956,0.00462
28.6360,-0.02385,-0.03953,0.00465
28.6400,-0.02377,-0.03953,0.00468
28.6440,-0.02369,-0.03953,0.00471
28.6520,-0.02364,-0.03956,0.00473
28.6560,-0.02358,-0.03959,0.00476
28.6600,-0.02350,-0.03959,0.00479
28.6640,-0.02341,-0.03958,0.00482
28.6640,-0.02333,-0.03958,0.00485
28.6680,-0.02336,-0.03960,0.00485
28.6800,-0.02342,-0.03966,0.00485
28.6840,-0.02348,-0.03971,0.00484
28.6960,-0.02355,-0.03976,0.00483
28.7000,-0.02380,-0.04005,0.00479
28.7040,-0.02339,-0.04025,0.00485
28.7080,-0.02298,-0.04045,0.00491
28.7160,-0.02256,-0.04070,0.00497
28.7240,-0.02214,-0.04096,0.00502
28.7320,-0.02171,-0.04121,0.00508
28.7400,-0.02128,-0.04147,0.00513
28.7440,-0.02086,-0.04167,0.00519
28.7520,-0.02042,-0.04193,0.00524
28.7560,-0.02000,-0.04214,0.00529
28.7600,-0.01958,-0.04235,0.00535
28.7640,-0.01916,-0.04255,0.00540
28.7680,-0.01873,-0.04276,0.00546
28.7680,-0.01831,-0.04297,0.00551
28.7760,-0.01791,-0.04312,0.00558
28.7800,-0.01746,-0.04338,0.00562
28.7840,-0.01743,-0.04344,0.00561
28.7920,-0.01737,-0.04356,0.00559
28.7960,-0.01734,-0.04362,0.00558
28.8000,-0.01734,-0.04362,0.00558
28.8040,-0.01729,-0.04375,0.00555
28.8080,-0.01726,-0.04381,0.00553
28.8120,-0.01723,-0.04388,0.00552
28.8160,-0.01685,-0.04475,0.00527
28.8200,-0.01690,-0.04447,0.00522
28.8240,-0.01695,-0.04419,0.00517
28.8280,-0.01700,-0.04391,0.00512
28.8320,-0.01707,-0.04359,0.00509
28.8360,-0.01709,-0.04334,0.00504
28.8400,-0.01714,-0.04306,0.00499
28.8440,-0.01719,-0.04278,0.00495
28.8520,-0.01722,-0.04253,0.00491
28.8600,-0.01724,-0.04228,0.00487
28.8640,-0.01728,-0.04199,0.00483
28.8680,-0.01733,-0.04170,0.00479
28.8720,-0.01737,-0.04141,0.00475
28.8720,-0.01743,-0.04109,0.00472
28.8800,-0.01745,-0.04083,0.00468
28.8840,-0.01749,-0.04054,0.00464
28.8920,-0.01745,-0.04060,0.00464
28.8960,-0.01743,-0.04063,0.00464
28.9000,-0.01741,-0.04066,0.00464
28.9040,-0.01720,-0.04096,0.00463
28.9120,-0.01695,-0.04102,0.00454
28.9160,-0.01671,-0.04108,0.00446
28.9200,-0.01648,-0.04113,0.00438
28.9280,-0.01624,-0.04120,0.00429
28.9320,-0.01600,-0.04126,0.00421
28.9400,-0.01576,-0.04132,0.00412
28.9440,-0.01552,-0.04137,0.00405
28.9520,-0.01528,-0.04144,0.00396
28.9560,-0.01504,-0.04150,0.00389
28.9600,-0.01480,-0.04156,0.00382
28.9640,-0.01456,-0.04161,0.00374
28.9680,-0.01432,-0.04167,0.00367
28.9720,-0.01409,-0.04172,0.00360
28.9760,-0.01384,-0.04179,0.00353
28.9800,-0.01360,-0.04184,0.00345
28.9840,-0.01359,-0.04185,0.00346
28.9920,-0.01357,-0.04187,0.00346
28.9960,-0.01349,-0.04192,0.00349
29.0000,-0.01353,-0.04189,0.00357
29.0000,-0.01359,-0.04185,0.00363
29.0040,-0.01364,-0.04182,0.00370
29.0120,-0.01368,-0.04179,0.00379
29.0160,-0.01373,-0.04176,0.00387
29.0200,-0.01377,-0.04172,0.00394
29.0280,-0.01382,-0.04169,0.00402
29.0320,-0.01386,-0.04167,0.00411
29.0360,-0.01390,-0.04164,0.00418
29.0400,-0.01395,-0.04161,0.00426
29.0440,-0.01399,-0.04158,0.00433
29.0520,-0.01402,-0.04156,0.00443
29.0600,-0.01405,-0.04155,0.00452
29.0640,-0.01410,-0.04152,0.00460
29.0720,-0.01414,-0.04150,0.00468
29.0760,-0.01411,-0.04153,0.00471
29.0840,-0.01408,-0.04157,0.00475
29.0880,-0.01406,-0.04159,0.00477
29.0920,-0.01403,-0.04161,0.00478
29.1000,-0.01381,-0.04180,0.00494
29.1040,-0.01380,-0.04181,0.00495
29.1080,-0.01380,-0.04182,0.00497
29.1120,-0.01379,-0.04182,0.00498
29.1160,-0.01378,-0.04183,0.00500
29.1200,-0.01377,-0.04184,0.00501
29.1240,-0.01377,-0.04185,0.00503
29.1280,-0.01376,-0.04185,0.00505
29.1320,-0.01375,-0.04186,0.00506
29.1360,-0.01373,-0.04186,0.00508
29.1440,-0.01370,-0.04188,0.00512
29.1480,-0.01371,-0.04187,0.00511
29.1520,-0.01368,-0.04189,0.00516
29.1600,-0.01365,-0.04191,0.00520
29.1640,-0.01365,-0.04191,0.00521
29.1720,-0.01354,-0.04207,0.00540
29.1760,-0.01353,-0.04208,0.00541
29.1800,-0.01352,-0.04209,0.00542
29.1840,-0.01352,-0.04210,0.00543
29.1920,-0.01349,-0.04213,0.00546
29.2000,-0.01346,-0.04216,0.00549
29.2040,-0.01345,-0.04218,0.00550
29.2080,-0.01345,-0.04217,0.00549
29.2120,-0.01342,-0.04220,0.00552
29.2160,-0.01340,-0.04221,0.00553
29.2200,-0.01338,-0.04222,0.00555
29.2240,-0.01337,-0.04223,0.00556
29.2280,-0.01335,-0.04224,0.00558
29.2360,-0.01331,-0.04227,0.00563
29.2400,-0.01329,-0.04228,0.00564
29.2440,-0.01328,-0.04230,0.00566
29.2480,-0.01326,-0.04232,0.00568
29.2520,-0.01324,-0.04234,0.00571
29.2560,-0.01322,-0.04237,0.00574
29.2640,-0.01319,-0.04241,0.00579
29.2720,-0.01315,-0.04246,0.00584
29.2760,-0.01313,-0.04248,0.00586
29.2800,-0.01312,-0.04250,0.00589
29.2840,-0.01310,-0.04253,0.00591
29.2920,-0.01307,-0.04257,0.00597
29.2960,-0.01305,-0.04260,0.00599
29.3040,-0.01286,-0.04285,0.00621
29.3080,-0.01283,-0.04289,0.00623
29.3080,-0.01284,-0.04287,0.00622
29.3160,-0.01280,-0.04292,0.00624
29.3240,-0.01277,-0.04296,0.00627
29.3280,-0.01275,-0.04297,0.00627
29.3280,-0.01276,-0.04296,0.00626
29.3360,-0.01275,-0.04298,0.00627
29.3400,-0.01274,-0.04299,0.00627
29.3440,-0.01269,-0.04304,0.00630
29.3520,-0.01265,-0.04310,0.00632
29.3600,-0.01261,-0.04316,0.00637
29.3640,-0.01260,-0.04318,0.00640
29.3680,-0.01261,-0.04317,0.00639
29.3720,-0.01259,-0.04322,0.00652
29.3760,-0.01260,-0.04321,0.00651
29.3800,-0.01257,-0.04327,0.00675
29.3840,-0.01257,-0.04330,0.00691
29.3920,-0.01257,-0.04332,0.00709
29.3960,-0.01257,-0.04336,0.00753
29.4000,-0.01276,-0.04340,0.01049
29.4040,-0.01278,-0.04326,0.01021
29.4080,-0.01285,-0.04309,0.01055
29.4120,-0.01290,-0.04294,0.01061
29.4160,-0.01295,-0.04278,0.01071
29.4200,-0.01301,-0.04261,0.01083
29.4240,-0.01307,-0.04245,0.01097
29.4240,-0.01309,-0.04231,0.01069
29.4320,-0.01319,-0.04210,0.01133
29.4360,-0.01325,-0.04192,0.01155
29.4400,-0.01332,-0.04173,0.01179
29.4440,-0.01335,-0.04160,0.01151
29.4520,-0.01351,-0.04129,0.01291
29.4560,-0.01360,-0.04109,0.01323
29.4600,-0.01362,-0.04096,0.01295
29.4640,-0.01371,-0.04076,0.01329
29.4680,-0.01384,-0.04061,0.01458
29.4720,-0.01392,-0.04053,0.01525
29.4760,-0.01400,-0.04045,0.01594
29.4800,-0.01408,-0.04036,0.01664
29.4840,-0.01417,-0.04028,0.01736
29.4880,-0.01427,-0.04019,0.01809
29.4920,-0.01436,-0.04010,0.01884
29.5000,-0.01457,-0.03991,0.02039
29.5040,-0.01468,-0.03981,0.02118
29.5080,-0.01614,-0.03862,0.02983
29.5120,-0.01635,-0.03864,0.02999
29.5200,-0.01673,-0.03853,0.03099
29.5240,-0.01697,-0.03854,0.03119
29.5280,-0.01721,-0.03853,0.03141
29.5360,-0.01763,-0.03840,0.03252
29.5400,-0.01789,-0.03838,0.03278
29.5440,-0.01816,-0.03837,0.03305
29.5480,-0.01823,-0.03849,0.03242
29.5520,-0.01871,-0.03831,0.03364
29.5560,-0.01878,-0.03844,0.03300
29.5600,-0.01930,-0.03824,0.03428
29.5640,-0.01960,-0.03820,0.03462
29.5680,-0.02017,-0.03798,0.03596
29.5760,-0.02050,-0.03792,0.03633
29.5800,-0.02084,-0.03786,0.03671
29.5880,-0.02141,-0.03746,0.03878
29.5960,-0.02202,-0.03703,0.04089
29.6040,-0.02266,-0.03658,0.04305
29.6080,-0.02300,-0.03634,0.04414
29.6120,-0.02787,-0.03295,0.05808
29.6160,-0.02741,-0.03350,0.05885
29.6200,-0.02695,-0.03405,0.05963
29.6240,-0.02650,-0.03459,0.06041
29.6320,-0.02651,-0.03482,0.06248
29.6360,-0.02563,-0.03565,0.06202
29.6400,-0.02569,-0.03584,0.06412
29.6440,-0.02530,-0.03634,0.06496
29.6480,-0.02492,-0.03683,0.06580
29.6560,-0.02455,-0.03732,0.06665
29.6600,-0.02473,-0.03743,0.06884
29.6640,-0.02440,-0.03789,0.06972
29.6680,-0.02408,-0.03834,0.07061
29.6720,-0.02378,-0.03879,0.07150
29.6800,-0.02408,-0.03882,0.07377
29.6840,-0.02381,-0.03924,0.07469
29.6880,-0.02444,-0.03882,0.07608
29.6920,-0.02507,-0.03840,0.07747
29.6960,-0.02572,-0.03796,0.07888
29.7000,-0.02638,-0.03752,0.08029
29.7080,-0.02774,-0.03662,0.08313
29.7120,-0.03617,-0.03110,0.09934
29.7160,-0.03717,-0.03057,0.10077
29.7240,-0.03822,-0.03000,0.10223
29.7320,-0.03932,-0.02940,0.10372
29.7360,-0.03966,-0.02927,0.10382
29.7400,-0.04002,-0.02913,0.10392
29.7440,-0.04039,-0.02898,0.10403
29.7480,-0.04078,-0.02882,0.10415
29.7560,-0.04203,-0.02812,0.10572
29.7600,-0.04245,-0.02794,0.10586
29.7640,-0.04289,-0.02775,0.10600
29.7680,-0.04334,-0.02756,0.10615
29.7720,-0.04290,-0.02792,0.10483
29.7760,-0.04429,-0.02714,0.10646
29.7800,-0.04478,-0.02691,0.10662
29.7880,-0.04625,-0.02608,0.10828
29.7920,-0.04625,-0.02608,0.10828
29.7960,-0.04820,-0.02485,0.11129
29.8000,-0.04920,-0.02422,0.11280
29.8040,-0.05021,-0.02359,0.11431
29.8080,-0.05021,-0.02359,0.11431
29.8080,-0.05226,-0.02229,0.11736
29.8160,-0.06665,-0.01319,0.13758
29.8200,-0.06715,-0.01305,0.13775
29.8240,-0.06766,-0.01289,0.13793
29.8320,-0.06929,-0.01205,0.13965
29.8400,-0.07095,-0.01117,0.14139
29.8400,-0.07151,-0.01097,0.14160
29.8520,-0.07323,-0.01004,0.14338
29.8560,-0.07381,-0.00981,0.14360
29.8600,-0.07441,-0.00958,0.14383
29.8640,-0.07501,-0.00934,0.14406
29.8720,-0.07684,-0.00832,0.14588
29.8760,-0.07748,-0.00806,0.14613
29.8800,-0.07690,-0.00857,0.14478
29.8840,-0.09014,-0.00008,0.16118
29.8880,-0.09053,0.00037,0.16168
29.8920,-0.09094,0.00082,0.16217
29.8960,-0.09136,0.00128,0.16268
29.9000,-0.09179,0.00175,0.16319
29.9040,-0.09222,0.00223,0.16370
29.9080,-0.09267,0.00272,0.16422
29.9120,-0.09313,0.00321,0.16474
29.9160,-0.09359,0.00371,0.16527
29.9240,-0.09539,0.00511,0.16746
29.9320,-0.09723,0.00654,0.16967
29.9360,-0.09773,0.00707,0.17022
29.9360,-0.09689,0.00668,0.16910
29.9440,-0.09740,0.00722,0.16966
29.9480,-0.09931,0.00870,0.17190
29.9520,-0.09846,0.00831,0.17079
29.9560,-0.09985,0.00926,0.17247
29.9600,-0.10265,0.01118,0.17586
29.9640,-0.10406,0.01215,0.17755
29.9640,-0.10406,0.01215,0.17755
29.9720,-0.10691,0.01410,0.18096
29.9760,-0.10834,0.01509,0.18267
29.9800,-0.10978,0.01608,0.18438
29.9880,-0.11267,0.01809,0.18783
29.9920,-0.11413,0.01910,0.18956
29.9960,-0.11560,0.02012,0.19129
30.0000,-0.11707,0.02115,0.19303
30.0080,-0.12004,0.02321,0.19653
30.0120,-0.13820,0.03604,0.21788
30.0200,-0.13972,0.03730,0.21967
30.0280,-0.14126,0.03858,0.22148
30.0320,-0.14134,0.03881,0.22154
30.0360,-0.13995,0.03798,0.21984
30.0400,-0.14004,0.03821,0.21991
30.0440,-0.14161,0.03953,0.22176
30.0480,-0.14171,0.03978,0.22184
30.0480,-0.14033,0.03895,0.22014
30.0560,-0.14192,0.04030,0.22203
30.0640,-0.14353,0.04168,0.22393
30.0680,-0.14365,0.04195,0.22403
30.0760,-0.14529,0.04336,0.22596
30.0800,-0.14541,0.04365,0.22608
30.0880,-0.14555,0.04395,0.22620
30.0960,-0.14874,0.04654,0.22999
30.1000,-0.15027,0.04769,0.23182
30.1040,-0.15181,0.04884,0.23366
30.1080,-0.15336,0.05000,0.23550
30.1120,-0.15490,0.05116,0.23735
30.1160,-0.17522,0.06659,0.26164
30.1200,-0.17543,0.06695,0.26211
30.1240,-0.17564,0.06733,0.26259
30.1280,-0.17585,0.06770,0.26306
30.1320,-0.17606,0.06808,0.26355
30.1360,-0.17627,0.06847,0.26403
30.1400,-0.17649,0.06885,0.26452
30.1440,-0.17516,0.06804,0.26312
30.1520,-0.17848,0.07086,0.26742
30.1560,-0.17871,0.07127,0.26792
30.1600,-0.17893,0.07168,0.26843
30.1640,-0.17916,0.07209,0.26895
30.1640,-0.17939,0.07250,0.26946
30.1720,-0.17805,0.07169,0.26806
30.1760,-0.17984,0.07334,0.27051
30.1800,-0.18007,0.07377,0.27103
30.1840,-0.18319,0.07627,0.27489
30.1920,-0.18474,0.07752,0.27682
30.1960,-0.18630,0.07878,0.27876
30.2000,-0.18785,0.08004,0.28070
30.2040,-0.18941,0.08131,0.28264
30.2080,-0.18941,0.08131,0.28264
